t_s,frame,key,value
0.1835,A,mrac.pitch.e,-0.07363341
0.1835,A,mrac.pitch.u_ad,0.00049479865
0.1835,A,mrac.roll.e,0.26582646
0.1835,A,mrac.roll.u_ad,-0.0064619491
0.1835,A,mrac.yaw.e,0.12825657
0.1835,A,mrac.yaw.u_ad,-0.0054614749
0.1835,A,mrac.z.e,0.2586076
0.1835,A,mrac.z.u_ad,-0.14396396
0.1835,A,status.arm,1
0.1835,A,status.flymode,1
0.1835,A,status.rc_authority,0
0.1835,A,status.sbus_lost,0
0.1835,A,status.twc_arrived,0
0.1835,A,status.twc_execute,1
0.3836,A,mrac.pitch.e,-0.07363341
0.3836,A,mrac.pitch.u_ad,0.00049479865
0.3836,A,mrac.roll.e,0.26582646
0.3836,A,mrac.roll.u_ad,-0.0064619491
0.3836,A,mrac.yaw.e,0.12825657
0.3836,A,mrac.yaw.u_ad,-0.0054614749
0.3836,A,mrac.z.e,0.2586076
0.3836,A,mrac.z.u_ad,-0.14396396
0.3836,A,status.arm,1
0.3836,A,status.flymode,1
0.3836,A,status.rc_authority,0
0.3836,A,status.sbus_lost,0
0.3836,A,status.twc_arrived,0
0.3836,A,status.twc_execute,1
0.5852,A,mrac.pitch.e,-0.07363341
0.5852,A,mrac.pitch.u_ad,0.00049479865
0.5852,A,mrac.roll.e,0.26582646
0.5852,A,mrac.roll.u_ad,-0.0064619491
0.5852,A,mrac.yaw.e,0.12825657
0.5852,A,mrac.yaw.u_ad,-0.0054614749
0.5852,A,mrac.z.e,0.2586076
0.5852,A,mrac.z.u_ad,-0.14396396
0.5852,A,status.arm,1
0.5852,A,status.flymode,1
0.5852,A,status.rc_authority,0
0.5852,A,status.sbus_lost,0
0.5852,A,status.twc_arrived,0
0.5852,A,status.twc_execute,1
0.7985,A,mrac.pitch.e,0.12526457
0.7985,A,mrac.pitch.u_ad,-0.0071129547
0.7985,A,mrac.roll.e,-0.9987464
0.7985,A,mrac.roll.u_ad,0.029434048
0.7985,A,mrac.yaw.e,-0.030613879
0.7985,A,mrac.yaw.u_ad,0.0021789677
0.7985,A,mrac.z.e,0.046664305
0.7985,A,mrac.z.u_ad,0.01322698
0.7985,A,status.arm,1
0.7985,A,status.flymode,1
0.7985,A,status.rc_authority,0
0.7985,A,status.sbus_lost,0
0.7985,A,status.twc_arrived,0
0.7985,A,status.twc_execute,0
0.9993,A,mrac.pitch.e,0.12526457
0.9993,A,mrac.pitch.u_ad,-0.0071129547
0.9993,A,mrac.roll.e,-0.9987464
0.9993,A,mrac.roll.u_ad,0.029434048
0.9993,A,mrac.yaw.e,-0.030613879
0.9993,A,mrac.yaw.u_ad,0.0021789677
0.9993,A,mrac.z.e,0.046664305
0.9993,A,mrac.z.u_ad,0.01322698
0.9993,A,status.arm,1
0.9993,A,status.flymode,1
0.9993,A,status.rc_authority,0
0.9993,A,status.sbus_lost,0
0.9993,A,status.twc_arrived,0
0.9993,A,status.twc_execute,0
1.1993,A,mrac.pitch.e,0.12526457
1.1993,A,mrac.pitch.u_ad,-0.0071129547
1.1993,A,mrac.roll.e,-0.9987464
1.1993,A,mrac.roll.u_ad,0.029434048
1.1993,A,mrac.yaw.e,-0.030613879
1.1993,A,mrac.yaw.u_ad,0.0021789677
1.1993,A,mrac.z.e,0.046664305
1.1993,A,mrac.z.u_ad,0.01322698
1.1993,A,status.arm,1
1.1993,A,status.flymode,1
1.1993,A,status.rc_authority,0
1.1993,A,status.sbus_lost,0
1.1993,A,status.twc_arrived,0
1.1993,A,status.twc_execute,0
1.4171,A,mrac.pitch.e,0.12526457
1.4171,A,mrac.pitch.u_ad,-0.0071129547
1.4171,A,mrac.roll.e,-0.9987464
1.4171,A,mrac.roll.u_ad,0.029434048
1.4171,A,mrac.yaw.e,-0.030613879
1.4171,A,mrac.yaw.u_ad,0.0021789677
1.4171,A,mrac.z.e,0.046664305
1.4171,A,mrac.z.u_ad,0.01322698
1.4171,A,status.arm,1
1.4171,A,status.flymode,1
1.4171,A,status.rc_authority,0
1.4171,A,status.sbus_lost,0
1.4171,A,status.twc_arrived,0
1.4171,A,status.twc_execute,0
1.6175,A,mrac.pitch.e,0.12526457
1.6175,A,mrac.pitch.u_ad,-0.0071129547
1.6175,A,mrac.roll.e,-0.9987464
1.6175,A,mrac.roll.u_ad,0.029434048
1.6175,A,mrac.yaw.e,-0.030613879
1.6175,A,mrac.yaw.u_ad,0.0021789677
1.6175,A,mrac.z.e,0.046664305
1.6175,A,mrac.z.u_ad,0.01322698
1.6175,A,status.arm,1
1.6175,A,status.flymode,1
1.6175,A,status.rc_authority,0
1.6175,A,status.sbus_lost,0
1.6175,A,status.twc_arrived,0
1.6175,A,status.twc_execute,0
1.8176,A,mrac.pitch.e,0.12526457
1.8176,A,mrac.pitch.u_ad,-0.0071129547
1.8176,A,mrac.roll.e,-0.9987464
1.8176,A,mrac.roll.u_ad,0.029434048
1.8176,A,mrac.yaw.e,-0.030613879
1.8176,A,mrac.yaw.u_ad,0.0021789677
1.8176,A,mrac.z.e,0.046664305
1.8176,A,mrac.z.u_ad,0.01322698
1.8176,A,status.arm,1
1.8176,A,status.flymode,1
1.8176,A,status.rc_authority,0
1.8176,A,status.sbus_lost,0
1.8176,A,status.twc_arrived,0
1.8176,A,status.twc_execute,0
2.0176,A,mrac.pitch.e,0.12526457
2.0176,A,mrac.pitch.u_ad,-0.0071129547
2.0176,A,mrac.roll.e,-0.9987464
2.0176,A,mrac.roll.u_ad,0.029434048
2.0176,A,mrac.yaw.e,-0.030613879
2.0176,A,mrac.yaw.u_ad,0.0021789677
2.0176,A,mrac.z.e,0.046664305
2.0176,A,mrac.z.u_ad,0.01322698
2.0176,A,status.arm,1
2.0176,A,status.flymode,1
2.0176,A,status.rc_authority,0
2.0176,A,status.sbus_lost,0
2.0176,A,status.twc_arrived,0
2.0176,A,status.twc_execute,0
2.2333,A,mrac.pitch.e,0.12526457
2.2333,A,mrac.pitch.u_ad,-0.0071129547
2.2333,A,mrac.roll.e,-0.9987464
2.2333,A,mrac.roll.u_ad,0.029434048
2.2333,A,mrac.yaw.e,-0.030613879
2.2333,A,mrac.yaw.u_ad,0.0021789677
2.2333,A,mrac.z.e,0.046664305
2.2333,A,mrac.z.u_ad,0.01322698
2.2333,A,status.arm,1
2.2333,A,status.flymode,1
2.2333,A,status.rc_authority,0
2.2333,A,status.sbus_lost,0
2.2333,A,status.twc_arrived,0
2.2333,A,status.twc_execute,0
2.4335,A,mrac.pitch.e,0.12526457
2.4335,A,mrac.pitch.u_ad,-0.0071129547
2.4335,A,mrac.roll.e,-0.9987464
2.4335,A,mrac.roll.u_ad,0.029434048
2.4335,A,mrac.yaw.e,-0.030613879
2.4335,A,mrac.yaw.u_ad,0.0021789677
2.4335,A,mrac.z.e,0.046664305
2.4335,A,mrac.z.u_ad,0.01322698
2.4335,A,status.arm,1
2.4335,A,status.flymode,1
2.4335,A,status.rc_authority,0
2.4335,A,status.sbus_lost,0
2.4335,A,status.twc_arrived,0
2.4335,A,status.twc_execute,0
2.6335,A,mrac.pitch.e,0.12526457
2.6335,A,mrac.pitch.u_ad,-0.0071129547
2.6335,A,mrac.roll.e,-0.9987464
2.6335,A,mrac.roll.u_ad,0.029434048
2.6335,A,mrac.yaw.e,-0.030613879
2.6335,A,mrac.yaw.u_ad,0.0021789677
2.6335,A,mrac.z.e,0.046664305
2.6335,A,mrac.z.u_ad,0.01322698
2.6335,A,status.arm,1
2.6335,A,status.flymode,1
2.6335,A,status.rc_authority,0
2.6335,A,status.sbus_lost,0
2.6335,A,status.twc_arrived,0
2.6335,A,status.twc_execute,0
2.8336,A,mrac.pitch.e,0.12526457
2.8336,A,mrac.pitch.u_ad,-0.0071129547
2.8336,A,mrac.roll.e,-0.9987464
2.8336,A,mrac.roll.u_ad,0.029434048
2.8336,A,mrac.yaw.e,-0.030613879
2.8336,A,mrac.yaw.u_ad,0.0021789677
2.8336,A,mrac.z.e,0.046664305
2.8336,A,mrac.z.u_ad,0.01322698
2.8336,A,status.arm,1
2.8336,A,status.flymode,1
2.8336,A,status.rc_authority,0
2.8336,A,status.sbus_lost,0
2.8336,A,status.twc_arrived,0
2.8336,A,status.twc_execute,0
3.0516,A,mrac.pitch.e,0.12526457
3.0516,A,mrac.pitch.u_ad,-0.0071129547
3.0516,A,mrac.roll.e,-0.9987464
3.0516,A,mrac.roll.u_ad,0.029434048
3.0516,A,mrac.yaw.e,-0.030613879
3.0516,A,mrac.yaw.u_ad,0.0021789677
3.0516,A,mrac.z.e,0.046664305
3.0516,A,mrac.z.u_ad,0.01322698
3.0516,A,status.arm,1
3.0516,A,status.flymode,1
3.0516,A,status.rc_authority,0
3.0516,A,status.sbus_lost,0
3.0516,A,status.twc_arrived,0
3.0516,A,status.twc_execute,0
3.2517,A,mrac.pitch.e,0.12526457
3.2517,A,mrac.pitch.u_ad,-0.0071129547
3.2517,A,mrac.roll.e,-0.9987464
3.2517,A,mrac.roll.u_ad,0.029434048
3.2517,A,mrac.yaw.e,-0.030613879
3.2517,A,mrac.yaw.u_ad,0.0021789677
3.2517,A,mrac.z.e,0.046664305
3.2517,A,mrac.z.u_ad,0.01322698
3.2517,A,status.arm,1
3.2517,A,status.flymode,1
3.2517,A,status.rc_authority,0
3.2517,A,status.sbus_lost,0
3.2517,A,status.twc_arrived,0
3.2517,A,status.twc_execute,0
3.4672,A,mrac.pitch.e,0.12526457
3.4672,A,mrac.pitch.u_ad,-0.0071129547
3.4672,A,mrac.roll.e,-0.9987464
3.4672,A,mrac.roll.u_ad,0.029434048
3.4672,A,mrac.yaw.e,-0.030613879
3.4672,A,mrac.yaw.u_ad,0.0021789677
3.4672,A,mrac.z.e,0.046664305
3.4672,A,mrac.z.u_ad,0.01322698
3.4672,A,status.arm,1
3.4672,A,status.flymode,1
3.4672,A,status.rc_authority,0
3.4672,A,status.sbus_lost,0
3.4672,A,status.twc_arrived,0
3.4672,A,status.twc_execute,0
3.6684,A,mrac.pitch.e,0.060827442
3.6684,A,mrac.pitch.u_ad,-0.002664756
3.6684,A,mrac.roll.e,0.40894604
3.6684,A,mrac.roll.u_ad,-0.01694452
3.6684,A,mrac.yaw.e,0.19942884
3.6684,A,mrac.yaw.u_ad,-0.0030620487
3.6684,A,mrac.z.e,0.26934889
3.6684,A,mrac.z.u_ad,-0.13938786
3.6684,A,status.arm,1
3.6684,A,status.flymode,1
3.6684,A,status.rc_authority,0
3.6684,A,status.sbus_lost,0
3.6684,A,status.twc_arrived,0
3.6684,A,status.twc_execute,0
3.8675,A,mrac.pitch.e,0.051503886
3.8675,A,mrac.pitch.u_ad,-0.010407235
3.8675,A,mrac.roll.e,-0.48262411
3.8675,A,mrac.roll.u_ad,0.081573501
3.8675,A,mrac.yaw.e,0.042729925
3.8675,A,mrac.yaw.u_ad,0.00052786293
3.8675,A,mrac.z.e,0.22505267
3.8675,A,mrac.z.u_ad,-0.12372114
3.8675,A,status.arm,1
3.8675,A,status.flymode,1
3.8675,A,status.rc_authority,0
3.8675,A,status.sbus_lost,0
3.8675,A,status.twc_arrived,0
3.8675,A,status.twc_execute,0
4.0855,A,mrac.pitch.e,0.051503886
4.0855,A,mrac.pitch.u_ad,-0.010407235
4.0855,A,mrac.roll.e,-0.48262411
4.0855,A,mrac.roll.u_ad,0.081573501
4.0855,A,mrac.yaw.e,0.042729925
4.0855,A,mrac.yaw.u_ad,0.00052786293
4.0855,A,mrac.z.e,0.22505267
4.0855,A,mrac.z.u_ad,-0.12372114
4.0855,A,status.arm,1
4.0855,A,status.flymode,1
4.0855,A,status.rc_authority,0
4.0855,A,status.sbus_lost,0
4.0855,A,status.twc_arrived,0
4.0855,A,status.twc_execute,0
4.2854,A,mrac.pitch.e,0.051503886
4.2854,A,mrac.pitch.u_ad,-0.010407235
4.2854,A,mrac.roll.e,-0.48262411
4.2854,A,mrac.roll.u_ad,0.081573501
4.2854,A,mrac.yaw.e,0.042729925
4.2854,A,mrac.yaw.u_ad,0.00052786293
4.2854,A,mrac.z.e,0.22505267
4.2854,A,mrac.z.u_ad,-0.12372114
4.2854,A,status.arm,1
4.2854,A,status.flymode,1
4.2854,A,status.rc_authority,0
4.2854,A,status.sbus_lost,0
4.2854,A,status.twc_arrived,0
4.2854,A,status.twc_execute,0
4.4858,A,mrac.pitch.e,0.051503886
4.4858,A,mrac.pitch.u_ad,-0.010407235
4.4858,A,mrac.roll.e,-0.48262411
4.4858,A,mrac.roll.u_ad,0.081573501
4.4858,A,mrac.yaw.e,0.042729925
4.4858,A,mrac.yaw.u_ad,0.00052786293
4.4858,A,mrac.z.e,0.22505267
4.4858,A,mrac.z.u_ad,-0.12372114
4.4858,A,status.arm,1
4.4858,A,status.flymode,1
4.4858,A,status.rc_authority,0
4.4858,A,status.sbus_lost,0
4.4858,A,status.twc_arrived,0
4.4858,A,status.twc_execute,0
4.7015,A,mrac.pitch.e,0.051503886
4.7015,A,mrac.pitch.u_ad,-0.010407235
4.7015,A,mrac.roll.e,-0.48262411
4.7015,A,mrac.roll.u_ad,0.081573501
4.7015,A,mrac.yaw.e,0.042729925
4.7015,A,mrac.yaw.u_ad,0.00052786293
4.7015,A,mrac.z.e,0.22505267
4.7015,A,mrac.z.u_ad,-0.12372114
4.7015,A,status.arm,1
4.7015,A,status.flymode,1
4.7015,A,status.rc_authority,0
4.7015,A,status.sbus_lost,0
4.7015,A,status.twc_arrived,0
4.7015,A,status.twc_execute,0
4.9013,A,mrac.pitch.e,0.051503886
4.9013,A,mrac.pitch.u_ad,-0.010407235
4.9013,A,mrac.roll.e,-0.48262411
4.9013,A,mrac.roll.u_ad,0.081573501
4.9013,A,mrac.yaw.e,0.042729925
4.9013,A,mrac.yaw.u_ad,0.00052786293
4.9013,A,mrac.z.e,0.22505267
4.9013,A,mrac.z.u_ad,-0.12372114
4.9013,A,status.arm,1
4.9013,A,status.flymode,1
4.9013,A,status.rc_authority,0
4.9013,A,status.sbus_lost,0
4.9013,A,status.twc_arrived,0
4.9013,A,status.twc_execute,0
5.1016,A,mrac.pitch.e,0.051503886
5.1016,A,mrac.pitch.u_ad,-0.010407235
5.1016,A,mrac.roll.e,-0.48262411
5.1016,A,mrac.roll.u_ad,0.081573501
5.1016,A,mrac.yaw.e,0.042729925
5.1016,A,mrac.yaw.u_ad,0.00052786293
5.1016,A,mrac.z.e,0.22505267
5.1016,A,mrac.z.u_ad,-0.12372114
5.1016,A,status.arm,1
5.1016,A,status.flymode,1
5.1016,A,status.rc_authority,0
5.1016,A,status.sbus_lost,0
5.1016,A,status.twc_arrived,0
5.1016,A,status.twc_execute,0
5.3016,A,mrac.pitch.e,0.051503886
5.3016,A,mrac.pitch.u_ad,-0.010407235
5.3016,A,mrac.roll.e,-0.48262411
5.3016,A,mrac.roll.u_ad,0.081573501
5.3016,A,mrac.yaw.e,0.042729925
5.3016,A,mrac.yaw.u_ad,0.00052786293
5.3016,A,mrac.z.e,0.22505267
5.3016,A,mrac.z.u_ad,-0.12372114
5.3016,A,status.arm,1
5.3016,A,status.flymode,1
5.3016,A,status.rc_authority,0
5.3016,A,status.sbus_lost,0
5.3016,A,status.twc_arrived,0
5.3016,A,status.twc_execute,0
5.5023,A,mrac.pitch.e,0.051503886
5.5023,A,mrac.pitch.u_ad,-0.010407235
5.5023,A,mrac.roll.e,-0.48262411
5.5023,A,mrac.roll.u_ad,0.081573501
5.5023,A,mrac.yaw.e,0.042729925
5.5023,A,mrac.yaw.u_ad,0.00052786293
5.5023,A,mrac.z.e,0.22505267
5.5023,A,mrac.z.u_ad,-0.12372114
5.5023,A,status.arm,1
5.5023,A,status.flymode,1
5.5023,A,status.rc_authority,0
5.5023,A,status.sbus_lost,0
5.5023,A,status.twc_arrived,0
5.5023,A,status.twc_execute,0
5.7194,A,mrac.pitch.e,0.051503886
5.7194,A,mrac.pitch.u_ad,-0.010407235
5.7194,A,mrac.roll.e,-0.48262411
5.7194,A,mrac.roll.u_ad,0.081573501
5.7194,A,mrac.yaw.e,0.042729925
5.7194,A,mrac.yaw.u_ad,0.00052786293
5.7194,A,mrac.z.e,0.22505267
5.7194,A,mrac.z.u_ad,-0.12372114
5.7194,A,status.arm,1
5.7194,A,status.flymode,1
5.7194,A,status.rc_authority,0
5.7194,A,status.sbus_lost,0
5.7194,A,status.twc_arrived,0
5.7194,A,status.twc_execute,0
5.9228,A,mrac.pitch.e,0.051503886
5.9228,A,mrac.pitch.u_ad,-0.010407235
5.9228,A,mrac.roll.e,-0.48262411
5.9228,A,mrac.roll.u_ad,0.081573501
5.9228,A,mrac.yaw.e,0.042729925
5.9228,A,mrac.yaw.u_ad,0.00052786293
5.9228,A,mrac.z.e,0.22505267
5.9228,A,mrac.z.u_ad,-0.12372114
5.9228,A,status.arm,1
5.9228,A,status.flymode,1
5.9228,A,status.rc_authority,0
5.9228,A,status.sbus_lost,0
5.9228,A,status.twc_arrived,0
5.9228,A,status.twc_execute,0
6.1347,A,mrac.pitch.e,0.051503886
6.1347,A,mrac.pitch.u_ad,-0.010407235
6.1347,A,mrac.roll.e,-0.48262411
6.1347,A,mrac.roll.u_ad,0.081573501
6.1347,A,mrac.yaw.e,0.042729925
6.1347,A,mrac.yaw.u_ad,0.00052786293
6.1347,A,mrac.z.e,0.22505267
6.1347,A,mrac.z.u_ad,-0.12372114
6.1347,A,status.arm,1
6.1347,A,status.flymode,1
6.1347,A,status.rc_authority,0
6.1347,A,status.sbus_lost,0
6.1347,A,status.twc_arrived,0
6.1347,A,status.twc_execute,0
6.3501,A,mrac.pitch.e,0.051503886
6.3501,A,mrac.pitch.u_ad,-0.010407235
6.3501,A,mrac.roll.e,-0.48262411
6.3501,A,mrac.roll.u_ad,0.081573501
6.3501,A,mrac.yaw.e,0.042729925
6.3501,A,mrac.yaw.u_ad,0.00052786293
6.3501,A,mrac.z.e,0.22505267
6.3501,A,mrac.z.u_ad,-0.12372114
6.3501,A,status.arm,1
6.3501,A,status.flymode,1
6.3501,A,status.rc_authority,0
6.3501,A,status.sbus_lost,0
6.3501,A,status.twc_arrived,0
6.3501,A,status.twc_execute,0
6.5512,A,mrac.pitch.e,0.051503886
6.5512,A,mrac.pitch.u_ad,-0.010407235
6.5512,A,mrac.roll.e,-0.48262411
6.5512,A,mrac.roll.u_ad,0.081573501
6.5512,A,mrac.yaw.e,0.042729925
6.5512,A,mrac.yaw.u_ad,0.00052786293
6.5512,A,mrac.z.e,0.22505267
6.5512,A,mrac.z.u_ad,-0.12372114
6.5512,A,status.arm,1
6.5512,A,status.flymode,1
6.5512,A,status.rc_authority,0
6.5512,A,status.sbus_lost,0
6.5512,A,status.twc_arrived,0
6.5512,A,status.twc_execute,0
6.7533,A,mrac.pitch.e,0.051503886
6.7533,A,mrac.pitch.u_ad,-0.010407235
6.7533,A,mrac.roll.e,-0.48262411
6.7533,A,mrac.roll.u_ad,0.081573501
6.7533,A,mrac.yaw.e,0.042729925
6.7533,A,mrac.yaw.u_ad,0.00052786293
6.7533,A,mrac.z.e,0.22505267
6.7533,A,mrac.z.u_ad,-0.12372114
6.7533,A,status.arm,1
6.7533,A,status.flymode,1
6.7533,A,status.rc_authority,0
6.7533,A,status.sbus_lost,0
6.7533,A,status.twc_arrived,0
6.7533,A,status.twc_execute,0
6.9688,A,mrac.pitch.e,0.051503886
6.9688,A,mrac.pitch.u_ad,-0.010407235
6.9688,A,mrac.roll.e,-0.48262411
6.9688,A,mrac.roll.u_ad,0.081573501
6.9688,A,mrac.yaw.e,0.042729925
6.9688,A,mrac.yaw.u_ad,0.00052786293
6.9688,A,mrac.z.e,0.22505267
6.9688,A,mrac.z.u_ad,-0.12372114
6.9688,A,status.arm,1
6.9688,A,status.flymode,1
6.9688,A,status.rc_authority,0
6.9688,A,status.sbus_lost,0
6.9688,A,status.twc_arrived,0
6.9688,A,status.twc_execute,0
7.1858,A,mrac.pitch.e,0.051503886
7.1858,A,mrac.pitch.u_ad,-0.010407235
7.1858,A,mrac.roll.e,-0.48262411
7.1858,A,mrac.roll.u_ad,0.081573501
7.1858,A,mrac.yaw.e,0.042729925
7.1858,A,mrac.yaw.u_ad,0.00052786293
7.1858,A,mrac.z.e,0.22505267
7.1858,A,mrac.z.u_ad,-0.12372114
7.1858,A,status.arm,1
7.1858,A,status.flymode,1
7.1858,A,status.rc_authority,0
7.1858,A,status.sbus_lost,0
7.1858,A,status.twc_arrived,0
7.1858,A,status.twc_execute,0
7.4006,A,mrac.pitch.e,0.051503886
7.4006,A,mrac.pitch.u_ad,-0.010407235
7.4006,A,mrac.roll.e,-0.48262411
7.4006,A,mrac.roll.u_ad,0.081573501
7.4006,A,mrac.yaw.e,0.042729925
7.4006,A,mrac.yaw.u_ad,0.00052786293
7.4006,A,mrac.z.e,0.22505267
7.4006,A,mrac.z.u_ad,-0.12372114
7.4006,A,status.arm,1
7.4006,A,status.flymode,1
7.4006,A,status.rc_authority,0
7.4006,A,status.sbus_lost,0
7.4006,A,status.twc_arrived,0
7.4006,A,status.twc_execute,0
7.6022,A,mrac.pitch.e,0.051503886
7.6022,A,mrac.pitch.u_ad,-0.010407235
7.6022,A,mrac.roll.e,-0.48262411
7.6022,A,mrac.roll.u_ad,0.081573501
7.6022,A,mrac.yaw.e,0.042729925
7.6022,A,mrac.yaw.u_ad,0.00052786293
7.6022,A,mrac.z.e,0.22505267
7.6022,A,mrac.z.u_ad,-0.12372114
7.6022,A,status.arm,1
7.6022,A,status.flymode,1
7.6022,A,status.rc_authority,0
7.6022,A,status.sbus_lost,0
7.6022,A,status.twc_arrived,0
7.6022,A,status.twc_execute,0
7.8024,A,mrac.pitch.e,0.051503886
7.8024,A,mrac.pitch.u_ad,-0.010407235
7.8024,A,mrac.roll.e,-0.48262411
7.8024,A,mrac.roll.u_ad,0.081573501
7.8024,A,mrac.yaw.e,0.042729925
7.8024,A,mrac.yaw.u_ad,0.00052786293
7.8024,A,mrac.z.e,0.22505267
7.8024,A,mrac.z.u_ad,-0.12372114
7.8024,A,status.arm,1
7.8024,A,status.flymode,1
7.8024,A,status.rc_authority,0
7.8024,A,status.sbus_lost,0
7.8024,A,status.twc_arrived,0
7.8024,A,status.twc_execute,0
8.0202,A,mrac.pitch.e,0.051503886
8.0202,A,mrac.pitch.u_ad,-0.010407235
8.0202,A,mrac.roll.e,-0.48262411
8.0202,A,mrac.roll.u_ad,0.081573501
8.0202,A,mrac.yaw.e,0.042729925
8.0202,A,mrac.yaw.u_ad,0.00052786293
8.0202,A,mrac.z.e,0.22505267
8.0202,A,mrac.z.u_ad,-0.12372114
8.0202,A,status.arm,1
8.0202,A,status.flymode,1
8.0202,A,status.rc_authority,0
8.0202,A,status.sbus_lost,0
8.0202,A,status.twc_arrived,0
8.0202,A,status.twc_execute,0
8.2204,A,mrac.pitch.e,0.051503886
8.2204,A,mrac.pitch.u_ad,-0.010407235
8.2204,A,mrac.roll.e,-0.48262411
8.2204,A,mrac.roll.u_ad,0.081573501
8.2204,A,mrac.yaw.e,0.042729925
8.2204,A,mrac.yaw.u_ad,0.00052786293
8.2204,A,mrac.z.e,0.22505267
8.2204,A,mrac.z.u_ad,-0.12372114
8.2204,A,status.arm,1
8.2204,A,status.flymode,1
8.2204,A,status.rc_authority,0
8.2204,A,status.sbus_lost,0
8.2204,A,status.twc_arrived,0
8.2204,A,status.twc_execute,0
8.4205,A,mrac.pitch.e,0.051503886
8.4205,A,mrac.pitch.u_ad,-0.010407235
8.4205,A,mrac.roll.e,-0.48262411
8.4205,A,mrac.roll.u_ad,0.081573501
8.4205,A,mrac.yaw.e,0.042729925
8.4205,A,mrac.yaw.u_ad,0.00052786293
8.4205,A,mrac.z.e,0.22505267
8.4205,A,mrac.z.u_ad,-0.12372114
8.4205,A,status.arm,1
8.4205,A,status.flymode,1
8.4205,A,status.rc_authority,0
8.4205,A,status.sbus_lost,0
8.4205,A,status.twc_arrived,0
8.4205,A,status.twc_execute,0
8.6212,A,mrac.pitch.e,0.051503886
8.6212,A,mrac.pitch.u_ad,-0.010407235
8.6212,A,mrac.roll.e,-0.48262411
8.6212,A,mrac.roll.u_ad,0.081573501
8.6212,A,mrac.yaw.e,0.042729925
8.6212,A,mrac.yaw.u_ad,0.00052786293
8.6212,A,mrac.z.e,0.22505267
8.6212,A,mrac.z.u_ad,-0.12372114
8.6212,A,status.arm,1
8.6212,A,status.flymode,1
8.6212,A,status.rc_authority,0
8.6212,A,status.sbus_lost,0
8.6212,A,status.twc_arrived,0
8.6212,A,status.twc_execute,0
8.8209,A,mrac.pitch.e,0.051503886
8.8209,A,mrac.pitch.u_ad,-0.010407235
8.8209,A,mrac.roll.e,-0.48262411
8.8209,A,mrac.roll.u_ad,0.081573501
8.8209,A,mrac.yaw.e,0.042729925
8.8209,A,mrac.yaw.u_ad,0.00052786293
8.8209,A,mrac.z.e,0.22505267
8.8209,A,mrac.z.u_ad,-0.12372114
8.8209,A,status.arm,1
8.8209,A,status.flymode,1
8.8209,A,status.rc_authority,0
8.8209,A,status.sbus_lost,0
8.8209,A,status.twc_arrived,0
8.8209,A,status.twc_execute,0
9.0209,A,mrac.pitch.e,0.051503886
9.0209,A,mrac.pitch.u_ad,-0.010407235
9.0209,A,mrac.roll.e,-0.48262411
9.0209,A,mrac.roll.u_ad,0.081573501
9.0209,A,mrac.yaw.e,0.042729925
9.0209,A,mrac.yaw.u_ad,0.00052786293
9.0209,A,mrac.z.e,0.22505267
9.0209,A,mrac.z.u_ad,-0.12372114
9.0209,A,status.arm,1
9.0209,A,status.flymode,1
9.0209,A,status.rc_authority,0
9.0209,A,status.sbus_lost,0
9.0209,A,status.twc_arrived,0
9.0209,A,status.twc_execute,0
9.2215,A,mrac.pitch.e,0.051503886
9.2215,A,mrac.pitch.u_ad,-0.010407235
9.2215,A,mrac.roll.e,-0.48262411
9.2215,A,mrac.roll.u_ad,0.081573501
9.2215,A,mrac.yaw.e,0.042729925
9.2215,A,mrac.yaw.u_ad,0.00052786293
9.2215,A,mrac.z.e,0.22505267
9.2215,A,mrac.z.u_ad,-0.12372114
9.2215,A,status.arm,1
9.2215,A,status.flymode,1
9.2215,A,status.rc_authority,0
9.2215,A,status.sbus_lost,0
9.2215,A,status.twc_arrived,0
9.2215,A,status.twc_execute,0
9.4216,A,mrac.pitch.e,0.051503886
9.4216,A,mrac.pitch.u_ad,-0.010407235
9.4216,A,mrac.roll.e,-0.48262411
9.4216,A,mrac.roll.u_ad,0.081573501
9.4216,A,mrac.yaw.e,0.042729925
9.4216,A,mrac.yaw.u_ad,0.00052786293
9.4216,A,mrac.z.e,0.22505267
9.4216,A,mrac.z.u_ad,-0.12372114
9.4216,A,status.arm,1
9.4216,A,status.flymode,1
9.4216,A,status.rc_authority,0
9.4216,A,status.sbus_lost,0
9.4216,A,status.twc_arrived,0
9.4216,A,status.twc_execute,0
9.6367,A,mrac.pitch.e,0.051503886
9.6367,A,mrac.pitch.u_ad,-0.010407235
9.6367,A,mrac.roll.e,-0.48262411
9.6367,A,mrac.roll.u_ad,0.081573501
9.6367,A,mrac.yaw.e,0.042729925
9.6367,A,mrac.yaw.u_ad,0.00052786293
9.6367,A,mrac.z.e,0.22505267
9.6367,A,mrac.z.u_ad,-0.12372114
9.6367,A,status.arm,1
9.6367,A,status.flymode,1
9.6367,A,status.rc_authority,0
9.6367,A,status.sbus_lost,0
9.6367,A,status.twc_arrived,0
9.6367,A,status.twc_execute,0
9.8544,A,mrac.pitch.e,0.051503886
9.8544,A,mrac.pitch.u_ad,-0.010407235
9.8544,A,mrac.roll.e,-0.48262411
9.8544,A,mrac.roll.u_ad,0.081573501
9.8544,A,mrac.yaw.e,0.042729925
9.8544,A,mrac.yaw.u_ad,0.00052786293
9.8544,A,mrac.z.e,0.22505267
9.8544,A,mrac.z.u_ad,-0.12372114
9.8544,A,status.arm,1
9.8544,A,status.flymode,1
9.8544,A,status.rc_authority,0
9.8544,A,status.sbus_lost,0
9.8544,A,status.twc_arrived,0
9.8544,A,status.twc_execute,0
10.0546,A,mrac.pitch.e,0.051503886
10.0546,A,mrac.pitch.u_ad,-0.010407235
10.0546,A,mrac.roll.e,-0.48262411
10.0546,A,mrac.roll.u_ad,0.081573501
10.0546,A,mrac.yaw.e,0.042729925
10.0546,A,mrac.yaw.u_ad,0.00052786293
10.0546,A,mrac.z.e,0.22505267
10.0546,A,mrac.z.u_ad,-0.12372114
10.0546,A,status.arm,1
10.0546,A,status.flymode,1
10.0546,A,status.rc_authority,0
10.0546,A,status.sbus_lost,0
10.0546,A,status.twc_arrived,0
10.0546,A,status.twc_execute,0
10.2700,A,mrac.pitch.e,0.22892359
10.2700,A,mrac.pitch.u_ad,-0.043985657
10.2700,A,mrac.roll.e,-0.22037968
10.2700,A,mrac.roll.u_ad,0.04286005
10.2700,A,mrac.yaw.e,0.017198484
10.2700,A,mrac.yaw.u_ad,6.2679523e-05
10.2700,A,mrac.z.e,0.23586744
10.2700,A,mrac.z.u_ad,-0.12655461
10.2700,A,status.arm,1
10.2700,A,status.flymode,1
10.2700,A,status.rc_authority,0
10.2700,A,status.sbus_lost,0
10.2700,A,status.twc_arrived,0
10.2700,A,status.twc_execute,0
10.4703,A,mrac.pitch.e,0.22892359
10.4703,A,mrac.pitch.u_ad,-0.043985657
10.4703,A,mrac.roll.e,-0.22037968
10.4703,A,mrac.roll.u_ad,0.04286005
10.4703,A,mrac.yaw.e,0.017198484
10.4703,A,mrac.yaw.u_ad,6.2679523e-05
10.4703,A,mrac.z.e,0.23586744
10.4703,A,mrac.z.u_ad,-0.12655461
10.4703,A,status.arm,1
10.4703,A,status.flymode,1
10.4703,A,status.rc_authority,0
10.4703,A,status.sbus_lost,0
10.4703,A,status.twc_arrived,0
10.4703,A,status.twc_execute,0
10.6706,A,mrac.pitch.e,0.22892359
10.6706,A,mrac.pitch.u_ad,-0.043985657
10.6706,A,mrac.roll.e,-0.22037968
10.6706,A,mrac.roll.u_ad,0.04286005
10.6706,A,mrac.yaw.e,0.017198484
10.6706,A,mrac.yaw.u_ad,6.2679523e-05
10.6706,A,mrac.z.e,0.23586744
10.6706,A,mrac.z.u_ad,-0.12655461
10.6706,A,status.arm,1
10.6706,A,status.flymode,1
10.6706,A,status.rc_authority,0
10.6706,A,status.sbus_lost,0
10.6706,A,status.twc_arrived,0
10.6706,A,status.twc_execute,0
10.8708,A,mrac.pitch.e,0.22892359
10.8708,A,mrac.pitch.u_ad,-0.043985657
10.8708,A,mrac.roll.e,-0.22037968
10.8708,A,mrac.roll.u_ad,0.04286005
10.8708,A,mrac.yaw.e,0.017198484
10.8708,A,mrac.yaw.u_ad,6.2679523e-05
10.8708,A,mrac.z.e,0.23586744
10.8708,A,mrac.z.u_ad,-0.12655461
10.8708,A,status.arm,1
10.8708,A,status.flymode,1
10.8708,A,status.rc_authority,0
10.8708,A,status.sbus_lost,0
10.8708,A,status.twc_arrived,0
10.8708,A,status.twc_execute,0
11.0878,A,mrac.pitch.e,0.22892359
11.0878,A,mrac.pitch.u_ad,-0.043985657
11.0878,A,mrac.roll.e,-0.22037968
11.0878,A,mrac.roll.u_ad,0.04286005
11.0878,A,mrac.yaw.e,0.017198484
11.0878,A,mrac.yaw.u_ad,6.2679523e-05
11.0878,A,mrac.z.e,0.23586744
11.0878,A,mrac.z.u_ad,-0.12655461
11.0878,A,status.arm,1
11.0878,A,status.flymode,1
11.0878,A,status.rc_authority,0
11.0878,A,status.sbus_lost,0
11.0878,A,status.twc_arrived,0
11.0878,A,status.twc_execute,0
11.2886,A,mrac.pitch.e,0.22892359
11.2886,A,mrac.pitch.u_ad,-0.043985657
11.2886,A,mrac.roll.e,-0.22037968
11.2886,A,mrac.roll.u_ad,0.04286005
11.2886,A,mrac.yaw.e,0.017198484
11.2886,A,mrac.yaw.u_ad,6.2679523e-05
11.2886,A,mrac.z.e,0.23586744
11.2886,A,mrac.z.u_ad,-0.12655461
11.2886,A,status.arm,1
11.2886,A,status.flymode,1
11.2886,A,status.rc_authority,0
11.2886,A,status.sbus_lost,0
11.2886,A,status.twc_arrived,0
11.2886,A,status.twc_execute,0
11.4887,A,mrac.pitch.e,0.16284552
11.4887,A,mrac.pitch.u_ad,-0.040930338
11.4887,A,mrac.roll.e,0.026042717
11.4887,A,mrac.roll.u_ad,0.012154173
11.4887,A,mrac.yaw.e,0.13897312
11.4887,A,mrac.yaw.u_ad,-0.002097938
11.4887,A,mrac.z.e,0.18624322
11.4887,A,mrac.z.u_ad,-0.10785735
11.4887,A,status.arm,1
11.4887,A,status.flymode,1
11.4887,A,status.rc_authority,0
11.4887,A,status.sbus_lost,0
11.4887,A,status.twc_arrived,0
11.4887,A,status.twc_execute,0
11.6893,A,mrac.pitch.e,0.16284552
11.6893,A,mrac.pitch.u_ad,-0.040930338
11.6893,A,mrac.roll.e,0.026042717
11.6893,A,mrac.roll.u_ad,0.012154173
11.6893,A,mrac.yaw.e,0.13897312
11.6893,A,mrac.yaw.u_ad,-0.002097938
11.6893,A,mrac.z.e,0.18624322
11.6893,A,mrac.z.u_ad,-0.10785735
11.6893,A,status.arm,1
11.6893,A,status.flymode,1
11.6893,A,status.rc_authority,0
11.6893,A,status.sbus_lost,0
11.6893,A,status.twc_arrived,0
11.6893,A,status.twc_execute,0
11.9046,A,mrac.pitch.e,0.16284552
11.9046,A,mrac.pitch.u_ad,-0.040930338
11.9046,A,mrac.roll.e,0.026042717
11.9046,A,mrac.roll.u_ad,0.012154173
11.9046,A,mrac.yaw.e,0.13897312
11.9046,A,mrac.yaw.u_ad,-0.002097938
11.9046,A,mrac.z.e,0.18624322
11.9046,A,mrac.z.u_ad,-0.10785735
11.9046,A,status.arm,1
11.9046,A,status.flymode,1
11.9046,A,status.rc_authority,0
11.9046,A,status.sbus_lost,0
11.9046,A,status.twc_arrived,0
11.9046,A,status.twc_execute,0
12.1219,A,mrac.pitch.e,0.16284552
12.1219,A,mrac.pitch.u_ad,-0.040930338
12.1219,A,mrac.roll.e,0.026042717
12.1219,A,mrac.roll.u_ad,0.012154173
12.1219,A,mrac.yaw.e,0.13897312
12.1219,A,mrac.yaw.u_ad,-0.002097938
12.1219,A,mrac.z.e,0.18624322
12.1219,A,mrac.z.u_ad,-0.10785735
12.1219,A,status.arm,1
12.1219,A,status.flymode,1
12.1219,A,status.rc_authority,0
12.1219,A,status.sbus_lost,0
12.1219,A,status.twc_arrived,0
12.1219,A,status.twc_execute,0
12.3223,A,mrac.pitch.e,0.16284552
12.3223,A,mrac.pitch.u_ad,-0.040930338
12.3223,A,mrac.roll.e,0.026042717
12.3223,A,mrac.roll.u_ad,0.012154173
12.3223,A,mrac.yaw.e,0.13897312
12.3223,A,mrac.yaw.u_ad,-0.002097938
12.3223,A,mrac.z.e,0.18624322
12.3223,A,mrac.z.u_ad,-0.10785735
12.3223,A,status.arm,1
12.3223,A,status.flymode,1
12.3223,A,status.rc_authority,0
12.3223,A,status.sbus_lost,0
12.3223,A,status.twc_arrived,0
12.3223,A,status.twc_execute,0
12.5225,A,mrac.pitch.e,0.16284552
12.5225,A,mrac.pitch.u_ad,-0.040930338
12.5225,A,mrac.roll.e,0.026042717
12.5225,A,mrac.roll.u_ad,0.012154173
12.5225,A,mrac.yaw.e,0.13897312
12.5225,A,mrac.yaw.u_ad,-0.002097938
12.5225,A,mrac.z.e,0.18624322
12.5225,A,mrac.z.u_ad,-0.10785735
12.5225,A,status.arm,1
12.5225,A,status.flymode,1
12.5225,A,status.rc_authority,0
12.5225,A,status.sbus_lost,0
12.5225,A,status.twc_arrived,0
12.5225,A,status.twc_execute,0
12.7380,A,mrac.pitch.e,0.16284552
12.7380,A,mrac.pitch.u_ad,-0.040930338
12.7380,A,mrac.roll.e,0.026042717
12.7380,A,mrac.roll.u_ad,0.012154173
12.7380,A,mrac.yaw.e,0.13897312
12.7380,A,mrac.yaw.u_ad,-0.002097938
12.7380,A,mrac.z.e,0.18624322
12.7380,A,mrac.z.u_ad,-0.10785735
12.7380,A,status.arm,1
12.7380,A,status.flymode,1
12.7380,A,status.rc_authority,0
12.7380,A,status.sbus_lost,0
12.7380,A,status.twc_arrived,0
12.7380,A,status.twc_execute,0
12.9382,A,mrac.pitch.e,0.16284552
12.9382,A,mrac.pitch.u_ad,-0.040930338
12.9382,A,mrac.roll.e,0.026042717
12.9382,A,mrac.roll.u_ad,0.012154173
12.9382,A,mrac.yaw.e,0.13897312
12.9382,A,mrac.yaw.u_ad,-0.002097938
12.9382,A,mrac.z.e,0.18624322
12.9382,A,mrac.z.u_ad,-0.10785735
12.9382,A,status.arm,1
12.9382,A,status.flymode,1
12.9382,A,status.rc_authority,0
12.9382,A,status.sbus_lost,0
12.9382,A,status.twc_arrived,0
12.9382,A,status.twc_execute,0
13.1384,A,mrac.pitch.e,0.16284552
13.1384,A,mrac.pitch.u_ad,-0.040930338
13.1384,A,mrac.roll.e,0.026042717
13.1384,A,mrac.roll.u_ad,0.012154173
13.1384,A,mrac.yaw.e,0.13897312
13.1384,A,mrac.yaw.u_ad,-0.002097938
13.1384,A,mrac.z.e,0.18624322
13.1384,A,mrac.z.u_ad,-0.10785735
13.1384,A,status.arm,1
13.1384,A,status.flymode,1
13.1384,A,status.rc_authority,0
13.1384,A,status.sbus_lost,0
13.1384,A,status.twc_arrived,0
13.1384,A,status.twc_execute,0
13.3558,A,mrac.pitch.e,0.20711663
13.3558,A,mrac.pitch.u_ad,-0.03555977
13.3558,A,mrac.roll.e,-0.17342725
13.3558,A,mrac.roll.u_ad,0.02549902
13.3558,A,mrac.yaw.e,-0.13413486
13.3558,A,mrac.yaw.u_ad,0.018397141
13.3558,A,mrac.z.e,0.11364987
13.3558,A,mrac.z.u_ad,-0.081281543
13.3558,A,status.arm,1
13.3558,A,status.flymode,1
13.3558,A,status.rc_authority,0
13.3558,A,status.sbus_lost,0
13.3558,A,status.twc_arrived,0
13.3558,A,status.twc_execute,0
13.5733,A,mrac.pitch.e,0.1065957
13.5733,A,mrac.pitch.u_ad,-0.02282121
13.5733,A,mrac.roll.e,-0.095521182
13.5733,A,mrac.roll.u_ad,0.0062648924
13.5733,A,mrac.yaw.e,0.13879503
13.5733,A,mrac.yaw.u_ad,0.0069018989
13.5733,A,mrac.z.e,0.18917766
13.5733,A,mrac.z.u_ad,-0.10804415
13.5733,A,status.arm,1
13.5733,A,status.flymode,1
13.5733,A,status.rc_authority,0
13.5733,A,status.sbus_lost,0
13.5733,A,status.twc_arrived,0
13.5733,A,status.twc_execute,0
13.7894,A,mrac.pitch.e,0.36394268
13.7894,A,mrac.pitch.u_ad,-0.047026053
13.7894,A,mrac.roll.e,-0.30109447
13.7894,A,mrac.roll.u_ad,0.040646568
13.7894,A,mrac.yaw.e,0.12638234
13.7894,A,mrac.yaw.u_ad,0.0034788838
13.7894,A,mrac.z.e,0.28675929
13.7894,A,mrac.z.u_ad,-0.14412722
13.7894,A,status.arm,1
13.7894,A,status.flymode,1
13.7894,A,status.rc_authority,0
13.7894,A,status.sbus_lost,0
13.7894,A,status.twc_arrived,0
13.7894,A,status.twc_execute,0
13.9895,A,mrac.pitch.e,0.16559792
13.9895,A,mrac.pitch.u_ad,-0.028046284
13.9895,A,mrac.roll.e,0.11360691
13.9895,A,mrac.roll.u_ad,0.0045715771
13.9895,A,mrac.yaw.e,0.029203342
13.9895,A,mrac.yaw.u_ad,0.0041710883
13.9895,A,mrac.z.e,0.19918913
13.9895,A,mrac.z.u_ad,-0.11315647
13.9895,A,status.arm,1
13.9895,A,status.flymode,1
13.9895,A,status.rc_authority,0
13.9895,A,status.sbus_lost,0
13.9895,A,status.twc_arrived,0
13.9895,A,status.twc_execute,0
14.1920,A,mrac.pitch.e,0.18132001
14.1920,A,mrac.pitch.u_ad,-0.038600199
14.1920,A,mrac.roll.e,0.074178018
14.1920,A,mrac.roll.u_ad,0.027212664
14.1920,A,mrac.yaw.e,0.017771371
14.1920,A,mrac.yaw.u_ad,0.0011290414
14.1920,A,mrac.z.e,0.18215808
14.1920,A,mrac.z.u_ad,-0.10589282
14.1920,A,status.arm,1
14.1920,A,status.flymode,1
14.1920,A,status.rc_authority,0
14.1920,A,status.sbus_lost,0
14.1920,A,status.twc_arrived,0
14.1920,A,status.twc_execute,0
14.4057,A,mrac.pitch.e,0.18081093
14.4057,A,mrac.pitch.u_ad,-0.022084212
14.4057,A,mrac.roll.e,0.045532137
14.4057,A,mrac.roll.u_ad,0.0081806583
14.4057,A,mrac.yaw.e,0.015788715
14.4057,A,mrac.yaw.u_ad,0.0013360186
14.4057,A,mrac.z.e,0.18942039
14.4057,A,mrac.z.u_ad,-0.10846483
14.4057,A,status.arm,1
14.4057,A,status.flymode,1
14.4057,A,status.rc_authority,0
14.4057,A,status.sbus_lost,0
14.4057,A,status.twc_arrived,0
14.4057,A,status.twc_execute,0
14.6238,A,mrac.pitch.e,0.18081093
14.6238,A,mrac.pitch.u_ad,-0.022084212
14.6238,A,mrac.roll.e,0.045532137
14.6238,A,mrac.roll.u_ad,0.0081806583
14.6238,A,mrac.yaw.e,0.015788715
14.6238,A,mrac.yaw.u_ad,0.0013360186
14.6238,A,mrac.z.e,0.18942039
14.6238,A,mrac.z.u_ad,-0.10846483
14.6238,A,status.arm,1
14.6238,A,status.flymode,1
14.6238,A,status.rc_authority,0
14.6238,A,status.sbus_lost,0
14.6238,A,status.twc_arrived,0
14.6238,A,status.twc_execute,0
14.8417,A,mrac.pitch.e,0.21608028
14.8417,A,mrac.pitch.u_ad,-0.022163775
14.8417,A,mrac.roll.e,0.15914126
14.8417,A,mrac.roll.u_ad,0.0060923235
14.8417,A,mrac.yaw.e,0.028878333
14.8417,A,mrac.yaw.u_ad,0.0025890004
14.8417,A,mrac.z.e,0.19271503
14.8417,A,mrac.z.u_ad,-0.10961132
14.8417,A,status.arm,1
14.8417,A,status.flymode,1
14.8417,A,status.rc_authority,0
14.8417,A,status.sbus_lost,0
14.8417,A,status.twc_arrived,0
14.8417,A,status.twc_execute,0
15.0545,A,mrac.pitch.e,0.15871108
15.0545,A,mrac.pitch.u_ad,-0.034402303
15.0545,A,mrac.roll.e,-0.033651814
15.0545,A,mrac.roll.u_ad,0.03935612
15.0545,A,mrac.yaw.e,0.045303907
15.0545,A,mrac.yaw.u_ad,0.0064262603
15.0545,A,mrac.z.e,0.099290609
15.0545,A,mrac.z.u_ad,-0.075309411
15.0545,A,status.arm,1
15.0545,A,status.flymode,1
15.0545,A,status.rc_authority,0
15.0545,A,status.sbus_lost,0
15.0545,A,status.twc_arrived,0
15.0545,A,status.twc_execute,0
15.2570,A,mrac.pitch.e,0.15871108
15.2570,A,mrac.pitch.u_ad,-0.034402303
15.2570,A,mrac.roll.e,-0.033651814
15.2570,A,mrac.roll.u_ad,0.03935612
15.2570,A,mrac.yaw.e,0.045303907
15.2570,A,mrac.yaw.u_ad,0.0064262603
15.2570,A,mrac.z.e,0.099290609
15.2570,A,mrac.z.u_ad,-0.075309411
15.2570,A,status.arm,1
15.2570,A,status.flymode,1
15.2570,A,status.rc_authority,0
15.2570,A,status.sbus_lost,0
15.2570,A,status.twc_arrived,0
15.2570,A,status.twc_execute,0
15.4571,A,mrac.pitch.e,0.15871108
15.4571,A,mrac.pitch.u_ad,-0.034402303
15.4571,A,mrac.roll.e,-0.033651814
15.4571,A,mrac.roll.u_ad,0.03935612
15.4571,A,mrac.yaw.e,0.045303907
15.4571,A,mrac.yaw.u_ad,0.0064262603
15.4571,A,mrac.z.e,0.099290609
15.4571,A,mrac.z.u_ad,-0.075309411
15.4571,A,status.arm,1
15.4571,A,status.flymode,1
15.4571,A,status.rc_authority,0
15.4571,A,status.sbus_lost,0
15.4571,A,status.twc_arrived,0
15.4571,A,status.twc_execute,0
15.6726,A,mrac.pitch.e,0.15871108
15.6726,A,mrac.pitch.u_ad,-0.034402303
15.6726,A,mrac.roll.e,-0.033651814
15.6726,A,mrac.roll.u_ad,0.03935612
15.6726,A,mrac.yaw.e,0.045303907
15.6726,A,mrac.yaw.u_ad,0.0064262603
15.6726,A,mrac.z.e,0.099290609
15.6726,A,mrac.z.u_ad,-0.075309411
15.6726,A,status.arm,1
15.6726,A,status.flymode,1
15.6726,A,status.rc_authority,0
15.6726,A,status.sbus_lost,0
15.6726,A,status.twc_arrived,0
15.6726,A,status.twc_execute,0
15.8899,A,mrac.pitch.e,0.18353572
15.8899,A,mrac.pitch.u_ad,-0.028781358
15.8899,A,mrac.roll.e,0.13515578
15.8899,A,mrac.roll.u_ad,0.0070446543
15.8899,A,mrac.yaw.e,0.18142025
15.8899,A,mrac.yaw.u_ad,-0.0019422171
15.8899,A,mrac.z.e,0.33135575
15.8899,A,mrac.z.u_ad,-0.15778795
15.8899,A,status.arm,1
15.8899,A,status.flymode,1
15.8899,A,status.rc_authority,0
15.8899,A,status.sbus_lost,0
15.8899,A,status.twc_arrived,0
15.8899,A,status.twc_execute,0
16.0904,A,mrac.pitch.e,0.056021072
16.0904,A,mrac.pitch.u_ad,-0.012394043
16.0904,A,mrac.roll.e,-0.056987099
16.0904,A,mrac.roll.u_ad,0.036088385
16.0904,A,mrac.yaw.e,0.059863567
16.0904,A,mrac.yaw.u_ad,0.0023078625
16.0904,A,mrac.z.e,0.19410309
16.0904,A,mrac.z.u_ad,-0.11073005
16.0904,A,status.arm,1
16.0904,A,status.flymode,1
16.0904,A,status.rc_authority,0
16.0904,A,status.sbus_lost,0
16.0904,A,status.twc_arrived,0
16.0904,A,status.twc_execute,0
16.2932,A,mrac.pitch.e,0.22544315
16.2932,A,mrac.pitch.u_ad,-0.037947398
16.2932,A,mrac.roll.e,0.071610741
16.2932,A,mrac.roll.u_ad,0.0094109848
16.2932,A,mrac.yaw.e,0.055173434
16.2932,A,mrac.yaw.u_ad,-0.00099311955
16.2932,A,mrac.z.e,0.23413891
16.2932,A,mrac.z.u_ad,-0.12636989
16.2932,A,status.arm,1
16.2932,A,status.flymode,1
16.2932,A,status.rc_authority,0
16.2932,A,status.sbus_lost,0
16.2932,A,status.twc_arrived,0
16.2932,A,status.twc_execute,0
16.4912,A,mrac.pitch.e,0.03591767
16.4912,A,mrac.pitch.u_ad,-0.01602965
16.4912,A,mrac.roll.e,-0.029000809
16.4912,A,mrac.roll.u_ad,0.027769385
16.4912,A,mrac.yaw.e,0.042511478
16.4912,A,mrac.yaw.u_ad,-0.0033128553
16.4912,A,mrac.z.e,0.16779782
16.4912,A,mrac.z.u_ad,-0.10162126
16.4912,A,status.arm,1
16.4912,A,status.flymode,1
16.4912,A,status.rc_authority,0
16.4912,A,status.sbus_lost,0
16.4912,A,status.twc_arrived,0
16.4912,A,status.twc_execute,0
16.7040,A,mrac.pitch.e,0.049185507
16.7040,A,mrac.pitch.u_ad,-0.024048209
16.7040,A,mrac.roll.e,0.077539034
16.7040,A,mrac.roll.u_ad,0.0087779434
16.7040,A,mrac.yaw.e,0.076396249
16.7040,A,mrac.yaw.u_ad,-0.0082144039
16.7040,A,mrac.z.e,-0.0080418885
16.7040,A,mrac.z.u_ad,-0.039327633
16.7040,A,status.arm,1
16.7040,A,status.flymode,1
16.7040,A,status.rc_authority,0
16.7040,A,status.sbus_lost,0
16.7040,A,status.twc_arrived,0
16.7040,A,status.twc_execute,0
16.9064,A,mrac.pitch.e,-0.021308258
16.9064,A,mrac.pitch.u_ad,-0.00575973
16.9064,A,mrac.roll.e,0.13927954
16.9064,A,mrac.roll.u_ad,-0.0051539326
16.9064,A,mrac.yaw.e,0.0014585443
16.9064,A,mrac.yaw.u_ad,-0.0040745623
16.9064,A,mrac.z.e,0.18288192
16.9064,A,mrac.z.u_ad,-0.10571995
16.9064,A,status.arm,1
16.9064,A,status.flymode,1
16.9064,A,status.rc_authority,0
16.9064,A,status.sbus_lost,0
16.9064,A,status.twc_arrived,0
16.9064,A,status.twc_execute,0
17.1080,A,mrac.pitch.e,-0.04751873
17.1080,A,mrac.pitch.u_ad,0.0012441128
17.1080,A,mrac.roll.e,0.078984484
17.1080,A,mrac.roll.u_ad,0.013707486
17.1080,A,mrac.yaw.e,0.022453461
17.1080,A,mrac.yaw.u_ad,-0.0057066637
17.1080,A,mrac.z.e,0.27704924
17.1080,A,mrac.z.u_ad,-0.14050877
17.1080,A,status.arm,1
17.1080,A,status.flymode,1
17.1080,A,status.rc_authority,0
17.1080,A,status.sbus_lost,0
17.1080,A,status.twc_arrived,0
17.1080,A,status.twc_execute,0
17.3247,A,mrac.pitch.e,0.12732203
17.3247,A,mrac.pitch.u_ad,-0.040282361
17.3247,A,mrac.roll.e,0.12719312
17.3247,A,mrac.roll.u_ad,0.021610657
17.3247,A,mrac.yaw.e,0.015300211
17.3247,A,mrac.yaw.u_ad,-0.0056766244
17.3247,A,mrac.z.e,0.18300225
17.3247,A,mrac.z.u_ad,-0.10600358
17.3247,A,status.arm,1
17.3247,A,status.flymode,1
17.3247,A,status.rc_authority,0
17.3247,A,status.sbus_lost,0
17.3247,A,status.twc_arrived,0
17.3247,A,status.twc_execute,0
17.5395,A,mrac.pitch.e,0.11984701
17.5395,A,mrac.pitch.u_ad,-0.031508118
17.5395,A,mrac.roll.e,0.046163268
17.5395,A,mrac.roll.u_ad,0.028957486
17.5395,A,mrac.yaw.e,0.064291328
17.5395,A,mrac.yaw.u_ad,-0.0062896535
17.5395,A,mrac.z.e,0.1871393
17.5395,A,mrac.z.u_ad,-0.10744262
17.5395,A,status.arm,1
17.5395,A,status.flymode,1
17.5395,A,status.rc_authority,0
17.5395,A,status.sbus_lost,0
17.5395,A,status.twc_arrived,0
17.5395,A,status.twc_execute,0
17.7404,A,mrac.pitch.e,0.11984701
17.7404,A,mrac.pitch.u_ad,-0.031508118
17.7404,A,mrac.roll.e,0.046163268
17.7404,A,mrac.roll.u_ad,0.028957486
17.7404,A,mrac.yaw.e,0.064291328
17.7404,A,mrac.yaw.u_ad,-0.0062896535
17.7404,A,mrac.z.e,0.1871393
17.7404,A,mrac.z.u_ad,-0.10744262
17.7404,A,status.arm,1
17.7404,A,status.flymode,1
17.7404,A,status.rc_authority,0
17.7404,A,status.sbus_lost,0
17.7404,A,status.twc_arrived,0
17.7404,A,status.twc_execute,0
17.9403,A,mrac.pitch.e,0.11984701
17.9403,A,mrac.pitch.u_ad,-0.031508118
17.9403,A,mrac.roll.e,0.046163268
17.9403,A,mrac.roll.u_ad,0.028957486
17.9403,A,mrac.yaw.e,0.064291328
17.9403,A,mrac.yaw.u_ad,-0.0062896535
17.9403,A,mrac.z.e,0.1871393
17.9403,A,mrac.z.u_ad,-0.10744262
17.9403,A,status.arm,1
17.9403,A,status.flymode,1
17.9403,A,status.rc_authority,0
17.9403,A,status.sbus_lost,0
17.9403,A,status.twc_arrived,0
17.9403,A,status.twc_execute,0
18.1407,A,mrac.pitch.e,0.11984701
18.1407,A,mrac.pitch.u_ad,-0.031508118
18.1407,A,mrac.roll.e,0.046163268
18.1407,A,mrac.roll.u_ad,0.028957486
18.1407,A,mrac.yaw.e,0.064291328
18.1407,A,mrac.yaw.u_ad,-0.0062896535
18.1407,A,mrac.z.e,0.1871393
18.1407,A,mrac.z.u_ad,-0.10744262
18.1407,A,status.arm,1
18.1407,A,status.flymode,1
18.1407,A,status.rc_authority,0
18.1407,A,status.sbus_lost,0
18.1407,A,status.twc_arrived,0
18.1407,A,status.twc_execute,0
18.3585,A,mrac.pitch.e,0.11984701
18.3585,A,mrac.pitch.u_ad,-0.031508118
18.3585,A,mrac.roll.e,0.046163268
18.3585,A,mrac.roll.u_ad,0.028957486
18.3585,A,mrac.yaw.e,0.064291328
18.3585,A,mrac.yaw.u_ad,-0.0062896535
18.3585,A,mrac.z.e,0.1871393
18.3585,A,mrac.z.u_ad,-0.10744262
18.3585,A,status.arm,1
18.3585,A,status.flymode,1
18.3585,A,status.rc_authority,0
18.3585,A,status.sbus_lost,0
18.3585,A,status.twc_arrived,0
18.3585,A,status.twc_execute,0
18.5738,A,mrac.pitch.e,0.077313185
18.5738,A,mrac.pitch.u_ad,-0.024409002
18.5738,A,mrac.roll.e,0.29740983
18.5738,A,mrac.roll.u_ad,-0.008175049
18.5738,A,mrac.yaw.e,0.029945264
18.5738,A,mrac.yaw.u_ad,-0.0046688579
18.5738,A,mrac.z.e,0.18543746
18.5738,A,mrac.z.u_ad,-0.10705251
18.5738,A,status.arm,1
18.5738,A,status.flymode,1
18.5738,A,status.rc_authority,0
18.5738,A,status.sbus_lost,0
18.5738,A,status.twc_arrived,0
18.5738,A,status.twc_execute,0
18.7757,A,mrac.pitch.e,-0.0035733581
18.7757,A,mrac.pitch.u_ad,-0.013344904
18.7757,A,mrac.roll.e,0.23689115
18.7757,A,mrac.roll.u_ad,-0.0017830052
18.7757,A,mrac.yaw.e,0.066302635
18.7757,A,mrac.yaw.u_ad,-0.0041667628
18.7757,A,mrac.z.e,0.14687984
18.7757,A,mrac.z.u_ad,-0.092181534
18.7757,A,status.arm,1
18.7757,A,status.flymode,1
18.7757,A,status.rc_authority,0
18.7757,A,status.sbus_lost,0
18.7757,A,status.twc_arrived,0
18.7757,A,status.twc_execute,0
18.9741,A,mrac.pitch.e,0.17975838
18.9741,A,mrac.pitch.u_ad,-0.035589956
18.9741,A,mrac.roll.e,-0.15543833
18.9741,A,mrac.roll.u_ad,0.026850689
18.9741,A,mrac.yaw.e,-0.016788352
18.9741,A,mrac.yaw.u_ad,-0.0024075122
18.9741,A,mrac.z.e,0.36015898
18.9741,A,mrac.z.u_ad,-0.16906512
18.9741,A,status.arm,1
18.9741,A,status.flymode,1
18.9741,A,status.rc_authority,0
18.9741,A,status.sbus_lost,0
18.9741,A,status.twc_arrived,0
18.9741,A,status.twc_execute,0
19.1942,A,mrac.pitch.e,0.19744363
19.1942,A,mrac.pitch.u_ad,-0.034864139
19.1942,A,mrac.roll.e,0.080987096
19.1942,A,mrac.roll.u_ad,0.017815243
19.1942,A,mrac.yaw.e,0.074255191
19.1942,A,mrac.yaw.u_ad,-0.0075167497
19.1942,A,mrac.z.e,0.21291208
19.1942,A,mrac.z.u_ad,-0.11836158
19.1942,A,status.arm,1
19.1942,A,status.flymode,1
19.1942,A,status.rc_authority,0
19.1942,A,status.sbus_lost,0
19.1942,A,status.twc_arrived,0
19.1942,A,status.twc_execute,0
19.3922,A,mrac.pitch.e,0.041005522
19.3922,A,mrac.pitch.u_ad,-0.021075232
19.3922,A,mrac.roll.e,0.072479218
19.3922,A,mrac.roll.u_ad,0.0089917062
19.3922,A,mrac.yaw.e,0.019865967
19.3922,A,mrac.yaw.u_ad,-0.0062540998
19.3922,A,mrac.z.e,0.15436026
19.3922,A,mrac.z.u_ad,-0.096387684
19.3922,A,status.arm,1
19.3922,A,status.flymode,1
19.3922,A,status.rc_authority,0
19.3922,A,status.sbus_lost,0
19.3922,A,status.twc_arrived,0
19.3922,A,status.twc_execute,0
19.5928,A,mrac.pitch.e,0.041005522
19.5928,A,mrac.pitch.u_ad,-0.021075232
19.5928,A,mrac.roll.e,0.072479218
19.5928,A,mrac.roll.u_ad,0.0089917062
19.5928,A,mrac.yaw.e,0.019865967
19.5928,A,mrac.yaw.u_ad,-0.0062540998
19.5928,A,mrac.z.e,0.15436026
19.5928,A,mrac.z.u_ad,-0.096387684
19.5928,A,status.arm,1
19.5928,A,status.flymode,1
19.5928,A,status.rc_authority,0
19.5928,A,status.sbus_lost,0
19.5928,A,status.twc_arrived,0
19.5928,A,status.twc_execute,0
19.7929,A,mrac.pitch.e,0.041005522
19.7929,A,mrac.pitch.u_ad,-0.021075232
19.7929,A,mrac.roll.e,0.072479218
19.7929,A,mrac.roll.u_ad,0.0089917062
19.7929,A,mrac.yaw.e,0.019865967
19.7929,A,mrac.yaw.u_ad,-0.0062540998
19.7929,A,mrac.z.e,0.15436026
19.7929,A,mrac.z.u_ad,-0.096387684
19.7929,A,status.arm,1
19.7929,A,status.flymode,1
19.7929,A,status.rc_authority,0
19.7929,A,status.sbus_lost,0
19.7929,A,status.twc_arrived,0
19.7929,A,status.twc_execute,0
20.0080,A,mrac.pitch.e,0.22573762
20.0080,A,mrac.pitch.u_ad,-0.035571251
20.0080,A,mrac.roll.e,-0.17771862
20.0080,A,mrac.roll.u_ad,0.040323865
20.0080,A,mrac.yaw.e,0.21762913
20.0080,A,mrac.yaw.u_ad,-0.011731633
20.0080,A,mrac.z.e,0.18640558
20.0080,A,mrac.z.u_ad,-0.10804811
20.0080,A,status.arm,1
20.0080,A,status.flymode,1
20.0080,A,status.rc_authority,0
20.0080,A,status.sbus_lost,0
20.0080,A,status.twc_arrived,0
20.0080,A,status.twc_execute,0
20.2097,A,mrac.pitch.e,0.077904657
20.2097,A,mrac.pitch.u_ad,-0.032587375
20.2097,A,mrac.roll.e,0.17196931
20.2097,A,mrac.roll.u_ad,0.032155272
20.2097,A,mrac.yaw.e,0.052305423
20.2097,A,mrac.yaw.u_ad,-0.0089313276
20.2097,A,mrac.z.e,0.18771297
20.2097,A,mrac.z.u_ad,-0.10850327
20.2097,A,status.arm,1
20.2097,A,status.flymode,1
20.2097,A,status.rc_authority,0
20.2097,A,status.sbus_lost,0
20.2097,A,status.twc_arrived,0
20.2097,A,status.twc_execute,0
20.4261,A,mrac.pitch.e,0.20039421
20.4261,A,mrac.pitch.u_ad,-0.034618914
20.4261,A,mrac.roll.e,0.086276382
20.4261,A,mrac.roll.u_ad,0.009061968
20.4261,A,mrac.yaw.e,0.034020476
20.4261,A,mrac.yaw.u_ad,-0.0059831399
20.4261,A,mrac.z.e,0.11605224
20.4261,A,mrac.z.u_ad,-0.081957102
20.4261,A,status.arm,1
20.4261,A,status.flymode,1
20.4261,A,status.rc_authority,0
20.4261,A,status.sbus_lost,0
20.4261,A,status.twc_arrived,0
20.4261,A,status.twc_execute,0
20.6262,A,mrac.pitch.e,0.12831989
20.6262,A,mrac.pitch.u_ad,-0.030744283
20.6262,A,mrac.roll.e,0.078974716
20.6262,A,mrac.roll.u_ad,0.018984118
20.6262,A,mrac.yaw.e,-0.0027475022
20.6262,A,mrac.yaw.u_ad,-0.0028492426
20.6262,A,mrac.z.e,0.038349405
20.6262,A,mrac.z.u_ad,-0.052772831
20.6262,A,status.arm,1
20.6262,A,status.flymode,1
20.6262,A,status.rc_authority,0
20.6262,A,status.sbus_lost,0
20.6262,A,status.twc_arrived,0
20.6262,A,status.twc_execute,0
20.8417,A,mrac.pitch.e,0.076976597
20.8417,A,mrac.pitch.u_ad,-0.0049498314
20.8417,A,mrac.roll.e,-0.046849832
20.8417,A,mrac.roll.u_ad,0.04909952
20.8417,A,mrac.yaw.e,0.019278899
20.8417,A,mrac.yaw.u_ad,-0.0063562114
20.8417,A,mrac.z.e,0.29538292
20.8417,A,mrac.z.u_ad,-0.14519136
20.8417,A,status.arm,1
20.8417,A,status.flymode,1
20.8417,A,status.rc_authority,0
20.8417,A,status.sbus_lost,0
20.8417,A,status.twc_arrived,0
20.8417,A,status.twc_execute,0
21.0429,A,mrac.pitch.e,0.076976597
21.0429,A,mrac.pitch.u_ad,-0.0049498314
21.0429,A,mrac.roll.e,-0.046849832
21.0429,A,mrac.roll.u_ad,0.04909952
21.0429,A,mrac.yaw.e,0.019278899
21.0429,A,mrac.yaw.u_ad,-0.0063562114
21.0429,A,mrac.z.e,0.29538292
21.0429,A,mrac.z.u_ad,-0.14519136
21.0429,A,status.arm,1
21.0429,A,status.flymode,1
21.0429,A,status.rc_authority,0
21.0429,A,status.sbus_lost,0
21.0429,A,status.twc_arrived,0
21.0429,A,status.twc_execute,0
21.2597,A,mrac.pitch.e,0.16430032
21.2597,A,mrac.pitch.u_ad,-0.025744945
21.2597,A,mrac.roll.e,-0.01506146
21.2597,A,mrac.roll.u_ad,0.036844492
21.2597,A,mrac.yaw.e,0.012441762
21.2597,A,mrac.yaw.u_ad,-0.0036417802
21.2597,A,mrac.z.e,-0.010863975
21.2597,A,mrac.z.u_ad,-0.035379805
21.2597,A,status.arm,1
21.2597,A,status.flymode,1
21.2597,A,status.rc_authority,0
21.2597,A,status.sbus_lost,0
21.2597,A,status.twc_arrived,0
21.2597,A,status.twc_execute,0
21.4598,A,mrac.pitch.e,0.058548767
21.4598,A,mrac.pitch.u_ad,-0.00022308715
21.4598,A,mrac.roll.e,-0.017431762
21.4598,A,mrac.roll.u_ad,0.018462369
21.4598,A,mrac.yaw.e,0.049493667
21.4598,A,mrac.yaw.u_ad,-0.0031816135
21.4598,A,mrac.z.e,0.16152634
21.4598,A,mrac.z.u_ad,-0.096723892
21.4598,A,status.arm,1
21.4598,A,status.flymode,1
21.4598,A,status.rc_authority,0
21.4598,A,status.sbus_lost,0
21.4598,A,status.twc_arrived,0
21.4598,A,status.twc_execute,0
21.6620,A,mrac.pitch.e,0.06649147
21.6620,A,mrac.pitch.u_ad,-0.012220348
21.6620,A,mrac.roll.e,-0.014082205
21.6620,A,mrac.roll.u_ad,0.014910338
21.6620,A,mrac.yaw.e,0.0033071989
21.6620,A,mrac.yaw.u_ad,0.00025708217
21.6620,A,mrac.z.e,0.16955312
21.6620,A,mrac.z.u_ad,-0.099554285
21.6620,A,status.arm,1
21.6620,A,status.flymode,1
21.6620,A,status.rc_authority,0
21.6620,A,status.sbus_lost,0
21.6620,A,status.twc_arrived,0
21.6620,A,status.twc_execute,0
21.8620,A,mrac.pitch.e,0.25560659
21.8620,A,mrac.pitch.u_ad,-0.032020986
21.8620,A,mrac.roll.e,-0.037559338
21.8620,A,mrac.roll.u_ad,0.033995669
21.8620,A,mrac.yaw.e,-0.040367965
21.8620,A,mrac.yaw.u_ad,0.00082514598
21.8620,A,mrac.z.e,0.24594815
21.8620,A,mrac.z.u_ad,-0.12792999
21.8620,A,status.arm,1
21.8620,A,status.flymode,1
21.8620,A,status.rc_authority,0
21.8620,A,status.sbus_lost,0
21.8620,A,status.twc_arrived,0
21.8620,A,status.twc_execute,0
22.0752,A,mrac.pitch.e,0.20707282
22.0752,A,mrac.pitch.u_ad,-0.020800183
22.0752,A,mrac.roll.e,-0.088070691
22.0752,A,mrac.roll.u_ad,0.041543365
22.0752,A,mrac.yaw.e,-0.087271206
22.0752,A,mrac.yaw.u_ad,0.0056442451
22.0752,A,mrac.z.e,0.12891281
22.0752,A,mrac.z.u_ad,-0.085381389
22.0752,A,status.arm,1
22.0752,A,status.flymode,1
22.0752,A,status.rc_authority,0
22.0752,A,status.sbus_lost,0
22.0752,A,status.twc_arrived,0
22.0752,A,status.twc_execute,0
22.2926,A,mrac.pitch.e,0.15039173
22.2926,A,mrac.pitch.u_ad,-0.035539821
22.2926,A,mrac.roll.e,0.067102179
22.2926,A,mrac.roll.u_ad,0.028044583
22.2926,A,mrac.yaw.e,-0.079861894
22.2926,A,mrac.yaw.u_ad,0.011404091
22.2926,A,mrac.z.e,0.29539391
22.2926,A,mrac.z.u_ad,-0.14558202
22.2926,A,status.arm,1
22.2926,A,status.flymode,1
22.2926,A,status.rc_authority,0
22.2926,A,status.sbus_lost,0
22.2926,A,status.twc_arrived,0
22.2926,A,status.twc_execute,0
22.4934,A,mrac.pitch.e,0.17614399
22.4934,A,mrac.pitch.u_ad,-0.052683659
22.4934,A,mrac.roll.e,0.0697897
22.4934,A,mrac.roll.u_ad,0.013417283
22.4934,A,mrac.yaw.e,-0.0059459182
22.4934,A,mrac.yaw.u_ad,0.0086650681
22.4934,A,mrac.z.e,0.22692104
22.4934,A,mrac.z.u_ad,-0.12289795
22.4934,A,status.arm,1
22.4934,A,status.flymode,1
22.4934,A,status.rc_authority,0
22.4934,A,status.sbus_lost,0
22.4934,A,status.twc_arrived,0
22.4934,A,status.twc_execute,0
22.7106,A,mrac.pitch.e,0.040537201
22.7106,A,mrac.pitch.u_ad,-0.0032905433
22.7106,A,mrac.roll.e,0.097390428
22.7106,A,mrac.roll.u_ad,-0.0047796108
22.7106,A,mrac.yaw.e,0.068219647
22.7106,A,mrac.yaw.u_ad,0.011062562
22.7106,A,mrac.z.e,0.092826203
22.7106,A,mrac.z.u_ad,-0.074263975
22.7106,A,status.arm,1
22.7106,A,status.flymode,1
22.7106,A,status.rc_authority,0
22.7106,A,status.sbus_lost,0
22.7106,A,status.twc_arrived,0
22.7106,A,status.twc_execute,0
22.9265,A,mrac.pitch.e,-0.13420692
22.9265,A,mrac.pitch.u_ad,0.020476513
22.9265,A,mrac.roll.e,0.19828317
22.9265,A,mrac.roll.u_ad,-0.007869415
22.9265,A,mrac.yaw.e,0.073782489
22.9265,A,mrac.yaw.u_ad,0.007309461
22.9265,A,mrac.z.e,0.17709334
22.9265,A,mrac.z.u_ad,-0.10403298
22.9265,A,status.arm,1
22.9265,A,status.flymode,1
22.9265,A,status.rc_authority,0
22.9265,A,status.sbus_lost,0
22.9265,A,status.twc_arrived,0
22.9265,A,status.twc_execute,0
23.1273,A,mrac.pitch.e,0.19412898
23.1273,A,mrac.pitch.u_ad,-0.039216757
23.1273,A,mrac.roll.e,0.054948129
23.1273,A,mrac.roll.u_ad,0.031593505
23.1273,A,mrac.yaw.e,-0.034330018
23.1273,A,mrac.yaw.u_ad,0.0081425821
23.1273,A,mrac.z.e,0.1793112
23.1273,A,mrac.z.u_ad,-0.10481531
23.1273,A,status.arm,1
23.1273,A,status.flymode,1
23.1273,A,status.rc_authority,0
23.1273,A,status.sbus_lost,0
23.1273,A,status.twc_arrived,0
23.1273,A,status.twc_execute,0
23.3424,A,mrac.pitch.e,-0.07638368
23.3424,A,mrac.pitch.u_ad,0.0019836277
23.3424,A,mrac.roll.e,0.28092492
23.3424,A,mrac.roll.u_ad,-0.0084033655
23.3424,A,mrac.yaw.e,0.0058221151
23.3424,A,mrac.yaw.u_ad,0.007761735
23.3424,A,mrac.z.e,0.1938531
23.3424,A,mrac.z.u_ad,-0.11137706
23.3424,A,status.arm,1
23.3424,A,status.flymode,1
23.3424,A,status.rc_authority,0
23.3424,A,status.sbus_lost,0
23.3424,A,status.twc_arrived,0
23.3424,A,status.twc_execute,0
23.5616,A,mrac.pitch.e,-0.024652958
23.5616,A,mrac.pitch.u_ad,-0.011907141
23.5616,A,mrac.roll.e,0.07710854
23.5616,A,mrac.roll.u_ad,0.01034748
23.5616,A,mrac.yaw.e,0.015843533
23.5616,A,mrac.yaw.u_ad,0.0035899496
23.5616,A,mrac.z.e,0.18407463
23.5616,A,mrac.z.u_ad,-0.10792186
23.5616,A,status.arm,1
23.5616,A,status.flymode,1
23.5616,A,status.rc_authority,0
23.5616,A,status.sbus_lost,0
23.5616,A,status.twc_arrived,0
23.5616,A,status.twc_execute,0
23.7607,A,mrac.pitch.e,0.085905515
23.7607,A,mrac.pitch.u_ad,-0.026231363
23.7607,A,mrac.roll.e,-0.029370418
23.7607,A,mrac.roll.u_ad,0.021793963
23.7607,A,mrac.yaw.e,-0.080255643
23.7607,A,mrac.yaw.u_ad,0.0038039535
23.7607,A,mrac.z.e,0.15617776
23.7607,A,mrac.z.u_ad,-0.096841127
23.7607,A,status.arm,1
23.7607,A,status.flymode,1
23.7607,A,status.rc_authority,0
23.7607,A,status.sbus_lost,0
23.7607,A,status.twc_arrived,0
23.7607,A,status.twc_execute,0
23.9617,A,mrac.pitch.e,0.13722201
23.9617,A,mrac.pitch.u_ad,-0.010149414
23.9617,A,mrac.roll.e,0.029731868
23.9617,A,mrac.roll.u_ad,0.0066793058
23.9617,A,mrac.yaw.e,0.045956016
23.9617,A,mrac.yaw.u_ad,0.0026630377
23.9617,A,mrac.z.e,0.1784177
23.9617,A,mrac.z.u_ad,-0.10472501
23.9617,A,status.arm,1
23.9617,A,status.flymode,1
23.9617,A,status.rc_authority,0
23.9617,A,status.sbus_lost,0
23.9617,A,status.twc_arrived,0
23.9617,A,status.twc_execute,0
24.1766,A,mrac.pitch.e,0.016610593
24.1766,A,mrac.pitch.u_ad,0.001846794
24.1766,A,mrac.roll.e,0.28246653
24.1766,A,mrac.roll.u_ad,-0.014558114
24.1766,A,mrac.yaw.e,0.040709872
24.1766,A,mrac.yaw.u_ad,0.0081674261
24.1766,A,mrac.z.e,0.17912219
24.1766,A,mrac.z.u_ad,-0.10498732
24.1766,A,status.arm,1
24.1766,A,status.flymode,1
24.1766,A,status.rc_authority,0
24.1766,A,status.sbus_lost,0
24.1766,A,status.twc_arrived,0
24.1766,A,status.twc_execute,0
24.3786,A,mrac.pitch.e,0.090466253
24.3786,A,mrac.pitch.u_ad,-0.008152917
24.3786,A,mrac.roll.e,0.032470435
24.3786,A,mrac.roll.u_ad,0.032980293
24.3786,A,mrac.yaw.e,-0.0086461846
24.3786,A,mrac.yaw.u_ad,0.0051358081
24.3786,A,mrac.z.e,0.26341391
24.3786,A,mrac.z.u_ad,-0.13616142
24.3786,A,status.arm,1
24.3786,A,status.flymode,1
24.3786,A,status.rc_authority,0
24.3786,A,status.sbus_lost,0
24.3786,A,status.twc_arrived,0
24.3786,A,status.twc_execute,0
24.5939,A,mrac.pitch.e,0.047701173
24.5939,A,mrac.pitch.u_ad,-0.001660157
24.5939,A,mrac.roll.e,-0.034257401
24.5939,A,mrac.roll.u_ad,0.01042471
24.5939,A,mrac.yaw.e,0.093518421
24.5939,A,mrac.yaw.u_ad,0.00028514536
24.5939,A,mrac.z.e,0.17599933
24.5939,A,mrac.z.u_ad,-0.10400355
24.5939,A,status.arm,1
24.5939,A,status.flymode,1
24.5939,A,status.rc_authority,0
24.5939,A,status.sbus_lost,0
24.5939,A,status.twc_arrived,0
24.5939,A,status.twc_execute,0
24.7959,A,mrac.pitch.e,0.094217643
24.7959,A,mrac.pitch.u_ad,-0.023638893
24.7959,A,mrac.roll.e,-0.029084101
24.7959,A,mrac.roll.u_ad,0.036638718
24.7959,A,mrac.yaw.e,0.021697465
24.7959,A,mrac.yaw.u_ad,-0.0039573228
24.7959,A,mrac.z.e,0.17793666
24.7959,A,mrac.z.u_ad,-0.10467901
24.7959,A,status.arm,1
24.7959,A,status.flymode,1
24.7959,A,status.rc_authority,0
24.7959,A,status.sbus_lost,0
24.7959,A,status.twc_arrived,0
24.7959,A,status.twc_execute,0
24.9943,A,mrac.pitch.e,0.24005444
24.9943,A,mrac.pitch.u_ad,-0.043170251
24.9943,A,mrac.roll.e,0.034542095
24.9943,A,mrac.roll.u_ad,0.024769625
24.9943,A,mrac.yaw.e,0.1038792
24.9943,A,mrac.yaw.u_ad,-0.0063083898
24.9943,A,mrac.z.e,0.16434318
24.9943,A,mrac.z.u_ad,-0.098584801
24.9943,A,status.arm,1
24.9943,A,status.flymode,1
24.9943,A,status.rc_authority,0
24.9943,A,status.sbus_lost,0
24.9943,A,status.twc_arrived,0
24.9943,A,status.twc_execute,0
25.2108,A,mrac.pitch.e,0.13946827
25.2108,A,mrac.pitch.u_ad,-0.033001356
25.2108,A,mrac.roll.e,-0.21589005
25.2108,A,mrac.roll.u_ad,0.053565659
25.2108,A,mrac.yaw.e,0.028934121
25.2108,A,mrac.yaw.u_ad,-0.0010614805
25.2108,A,mrac.z.e,0.1693816
25.2108,A,mrac.z.u_ad,-0.10036281
25.2108,A,status.arm,1
25.2108,A,status.flymode,1
25.2108,A,status.rc_authority,0
25.2108,A,status.sbus_lost,0
25.2108,A,status.twc_arrived,0
25.2108,A,status.twc_execute,0
25.4105,A,mrac.pitch.e,0.25416496
25.4105,A,mrac.pitch.u_ad,-0.043794535
25.4105,A,mrac.roll.e,0.029211398
25.4105,A,mrac.roll.u_ad,0.026799586
25.4105,A,mrac.yaw.e,-0.016775813
25.4105,A,mrac.yaw.u_ad,-0.0013605019
25.4105,A,mrac.z.e,-0.015049547
25.4105,A,mrac.z.u_ad,-0.033588041
25.4105,A,status.arm,1
25.4105,A,status.flymode,1
25.4105,A,status.rc_authority,0
25.4105,A,status.sbus_lost,0
25.4105,A,status.twc_arrived,0
25.4105,A,status.twc_execute,0
25.6276,A,mrac.pitch.e,0.061080314
25.6276,A,mrac.pitch.u_ad,-0.0032059681
25.6276,A,mrac.roll.e,0.097314142
25.6276,A,mrac.roll.u_ad,0.0036134073
25.6276,A,mrac.yaw.e,0.063445583
25.6276,A,mrac.yaw.u_ad,-0.0026560822
25.6276,A,mrac.z.e,0.16282754
25.6276,A,mrac.z.u_ad,-0.096796952
25.6276,A,status.arm,1
25.6276,A,status.flymode,1
25.6276,A,status.rc_authority,0
25.6276,A,status.sbus_lost,0
25.6276,A,status.twc_arrived,0
25.6276,A,status.twc_execute,0
25.8285,A,mrac.pitch.e,0.061080314
25.8285,A,mrac.pitch.u_ad,-0.0032059681
25.8285,A,mrac.roll.e,0.097314142
25.8285,A,mrac.roll.u_ad,0.0036134073
25.8285,A,mrac.yaw.e,0.063445583
25.8285,A,mrac.yaw.u_ad,-0.0026560822
25.8285,A,mrac.z.e,0.16282754
25.8285,A,mrac.z.u_ad,-0.096796952
25.8285,A,status.arm,1
25.8285,A,status.flymode,1
25.8285,A,status.rc_authority,0
25.8285,A,status.sbus_lost,0
25.8285,A,status.twc_arrived,0
25.8285,A,status.twc_execute,0
26.0442,A,mrac.pitch.e,0.061080314
26.0442,A,mrac.pitch.u_ad,-0.0032059681
26.0442,A,mrac.roll.e,0.097314142
26.0442,A,mrac.roll.u_ad,0.0036134073
26.0442,A,mrac.yaw.e,0.063445583
26.0442,A,mrac.yaw.u_ad,-0.0026560822
26.0442,A,mrac.z.e,0.16282754
26.0442,A,mrac.z.u_ad,-0.096796952
26.0442,A,status.arm,1
26.0442,A,status.flymode,1
26.0442,A,status.rc_authority,0
26.0442,A,status.sbus_lost,0
26.0442,A,status.twc_arrived,0
26.0442,A,status.twc_execute,0
26.2443,A,mrac.pitch.e,0.061080314
26.2443,A,mrac.pitch.u_ad,-0.0032059681
26.2443,A,mrac.roll.e,0.097314142
26.2443,A,mrac.roll.u_ad,0.0036134073
26.2443,A,mrac.yaw.e,0.063445583
26.2443,A,mrac.yaw.u_ad,-0.0026560822
26.2443,A,mrac.z.e,0.16282754
26.2443,A,mrac.z.u_ad,-0.096796952
26.2443,A,status.arm,1
26.2443,A,status.flymode,1
26.2443,A,status.rc_authority,0
26.2443,A,status.sbus_lost,0
26.2443,A,status.twc_arrived,0
26.2443,A,status.twc_execute,0
26.4615,A,mrac.pitch.e,0.1062783
26.4615,A,mrac.pitch.u_ad,-0.019130753
26.4615,A,mrac.roll.e,0.009923378
26.4615,A,mrac.roll.u_ad,0.039812393
26.4615,A,mrac.yaw.e,0.0026210845
26.4615,A,mrac.yaw.u_ad,-0.0044336612
26.4615,A,mrac.z.e,-0.0019019246
26.4615,A,mrac.z.u_ad,-0.037345707
26.4615,A,status.arm,1
26.4615,A,status.flymode,1
26.4615,A,status.rc_authority,0
26.4615,A,status.sbus_lost,0
26.4615,A,status.twc_arrived,0
26.4615,A,status.twc_execute,0
26.6659,A,mrac.pitch.e,0.2270333
26.6659,A,mrac.pitch.u_ad,-0.044833783
26.6659,A,mrac.roll.e,-0.054476734
26.6659,A,mrac.roll.u_ad,0.037773594
26.6659,A,mrac.yaw.e,-0.0048476458
26.6659,A,mrac.yaw.u_ad,-0.0010411341
26.6659,A,mrac.z.e,0.15542851
26.6659,A,mrac.z.u_ad,-0.093131356
26.6659,A,status.arm,1
26.6659,A,status.flymode,1
26.6659,A,status.rc_authority,0
26.6659,A,status.sbus_lost,0
26.6659,A,status.twc_arrived,0
26.6659,A,status.twc_execute,0
26.8779,A,mrac.pitch.e,0.201675
26.8779,A,mrac.pitch.u_ad,-0.029420581
26.8779,A,mrac.roll.e,-0.11938408
26.8779,A,mrac.roll.u_ad,0.036946829
26.8779,A,mrac.yaw.e,0.042824127
26.8779,A,mrac.yaw.u_ad,-0.00088043243
26.8779,A,mrac.z.e,0.15917958
26.8779,A,mrac.z.u_ad,-0.094459251
26.8779,A,status.arm,1
26.8779,A,status.flymode,1
26.8779,A,status.rc_authority,0
26.8779,A,status.sbus_lost,0
26.8779,A,status.twc_arrived,0
26.8779,A,status.twc_execute,0
27.0791,A,mrac.pitch.e,0.1599997
27.0791,A,mrac.pitch.u_ad,-0.04524041
27.0791,A,mrac.roll.e,0.093025416
27.0791,A,mrac.roll.u_ad,0.014103645
27.0791,A,mrac.yaw.e,-0.035275746
27.0791,A,mrac.yaw.u_ad,-0.00080881245
27.0791,A,mrac.z.e,0.092765942
27.0791,A,mrac.z.u_ad,-0.069487005
27.0791,A,status.arm,1
27.0791,A,status.flymode,1
27.0791,A,status.rc_authority,0
27.0791,A,status.sbus_lost,0
27.0791,A,status.twc_arrived,0
27.0791,A,status.twc_execute,0
27.2777,A,mrac.pitch.e,0.12461031
27.2777,A,mrac.pitch.u_ad,-0.015434932
27.2777,A,mrac.roll.e,0.040035605
27.2777,A,mrac.roll.u_ad,0.0063513569
27.2777,A,mrac.yaw.e,0.04936552
27.2777,A,mrac.yaw.u_ad,-0.003746016
27.2777,A,mrac.z.e,0.19177203
27.2777,A,mrac.z.u_ad,-0.10588747
27.2777,A,status.arm,1
27.2777,A,status.flymode,1
27.2777,A,status.rc_authority,0
27.2777,A,status.sbus_lost,0
27.2777,A,status.twc_arrived,0
27.2777,A,status.twc_execute,0
27.4801,A,mrac.pitch.e,0.20346139
27.4801,A,mrac.pitch.u_ad,-0.030679874
27.4801,A,mrac.roll.e,-0.12337149
27.4801,A,mrac.roll.u_ad,0.031709734
27.4801,A,mrac.yaw.e,0.042409495
27.4801,A,mrac.yaw.u_ad,-0.0060481564
27.4801,A,mrac.z.e,0.18046506
27.4801,A,mrac.z.u_ad,-0.10337465
27.4801,A,status.arm,1
27.4801,A,status.flymode,1
27.4801,A,status.rc_authority,0
27.4801,A,status.sbus_lost,0
27.4801,A,status.twc_arrived,0
27.4801,A,status.twc_execute,0
27.6782,A,mrac.pitch.e,0.099433869
27.6782,A,mrac.pitch.u_ad,-0.019961523
27.6782,A,mrac.roll.e,-0.10095404
27.6782,A,mrac.roll.u_ad,0.028510649
27.6782,A,mrac.yaw.e,0.018001772
27.6782,A,mrac.yaw.u_ad,-0.0064268964
27.6782,A,mrac.z.e,0.12030316
27.6782,A,mrac.z.u_ad,-0.080929279
27.6782,A,status.arm,1
27.6782,A,status.flymode,1
27.6782,A,status.rc_authority,0
27.6782,A,status.sbus_lost,0
27.6782,A,status.twc_arrived,0
27.6782,A,status.twc_execute,0
27.8788,A,mrac.pitch.e,0.099433869
27.8788,A,mrac.pitch.u_ad,-0.019961523
27.8788,A,mrac.roll.e,-0.10095404
27.8788,A,mrac.roll.u_ad,0.028510649
27.8788,A,mrac.yaw.e,0.018001772
27.8788,A,mrac.yaw.u_ad,-0.0064268964
27.8788,A,mrac.z.e,0.12030316
27.8788,A,mrac.z.u_ad,-0.080929279
27.8788,A,status.arm,1
27.8788,A,status.flymode,1
27.8788,A,status.rc_authority,0
27.8788,A,status.sbus_lost,0
27.8788,A,status.twc_arrived,0
27.8788,A,status.twc_execute,0
28.0961,A,mrac.pitch.e,0.25237745
28.0961,A,mrac.pitch.u_ad,-0.039488673
28.0961,A,mrac.roll.e,-0.20610316
28.0961,A,mrac.roll.u_ad,0.044470321
28.0961,A,mrac.yaw.e,0.043856598
28.0961,A,mrac.yaw.u_ad,-0.0024716686
28.0961,A,mrac.z.e,0.2069625
28.0961,A,mrac.z.u_ad,-0.1143301
28.0961,A,status.arm,1
28.0961,A,status.flymode,1
28.0961,A,status.rc_authority,0
28.0961,A,status.sbus_lost,0
28.0961,A,status.twc_arrived,0
28.0961,A,status.twc_execute,0
28.2967,A,mrac.pitch.e,0.17215537
28.2967,A,mrac.pitch.u_ad,-0.025091309
28.2967,A,mrac.roll.e,-0.076588474
28.2967,A,mrac.roll.u_ad,-0.0019213101
28.2967,A,mrac.yaw.e,0.032764241
28.2967,A,mrac.yaw.u_ad,-0.00127647
28.2967,A,mrac.z.e,0.16746387
28.2967,A,mrac.z.u_ad,-0.10043068
28.2967,A,status.arm,1
28.2967,A,status.flymode,1
28.2967,A,status.rc_authority,0
28.2967,A,status.sbus_lost,0
28.2967,A,status.twc_arrived,0
28.2967,A,status.twc_execute,0
28.5117,A,mrac.pitch.e,0.26268095
28.5117,A,mrac.pitch.u_ad,-0.045001756
28.5117,A,mrac.roll.e,-0.019565925
28.5117,A,mrac.roll.u_ad,0.026753074
28.5117,A,mrac.yaw.e,0.12423748
28.5117,A,mrac.yaw.u_ad,-0.0051469817
28.5117,A,mrac.z.e,0.17035727
28.5117,A,mrac.z.u_ad,-0.10153346
28.5117,A,status.arm,1
28.5117,A,status.flymode,1
28.5117,A,status.rc_authority,0
28.5117,A,status.sbus_lost,0
28.5117,A,status.twc_arrived,0
28.5117,A,status.twc_execute,0
28.7120,A,mrac.pitch.e,0.057957757
28.7120,A,mrac.pitch.u_ad,-0.015091874
28.7120,A,mrac.roll.e,-0.051534802
28.7120,A,mrac.roll.u_ad,0.018081171
28.7120,A,mrac.yaw.e,-0.0059249215
28.7120,A,mrac.yaw.u_ad,-0.0043627266
28.7120,A,mrac.z.e,0.17063202
28.7120,A,mrac.z.u_ad,-0.10166755
28.7120,A,status.arm,1
28.7120,A,status.flymode,1
28.7120,A,status.rc_authority,0
28.7120,A,status.sbus_lost,0
28.7120,A,status.twc_arrived,0
28.7120,A,status.twc_execute,0
28.9142,A,mrac.pitch.e,0.36363822
28.9142,A,mrac.pitch.u_ad,-0.065007001
28.9142,A,mrac.roll.e,0.1700016
28.9142,A,mrac.roll.u_ad,-0.0031443546
28.9142,A,mrac.yaw.e,0.026961185
28.9142,A,mrac.yaw.u_ad,-0.0039311564
28.9142,A,mrac.z.e,0.1939044
28.9142,A,mrac.z.u_ad,-0.1113354
28.9142,A,status.arm,1
28.9142,A,status.flymode,1
28.9142,A,status.rc_authority,0
28.9142,A,status.sbus_lost,0
28.9142,A,status.twc_arrived,0
28.9142,A,status.twc_execute,0
29.1300,A,mrac.pitch.e,0.1563555
29.1300,A,mrac.pitch.u_ad,-0.045596078
29.1300,A,mrac.roll.e,0.13361828
29.1300,A,mrac.roll.u_ad,0.012885461
29.1300,A,mrac.yaw.e,-0.020167181
29.1300,A,mrac.yaw.u_ad,0.0083126137
29.1300,A,mrac.z.e,0.17943652
29.1300,A,mrac.z.u_ad,-0.10623662
29.1300,A,status.arm,1
29.1300,A,status.flymode,1
29.1300,A,status.rc_authority,0
29.1300,A,status.sbus_lost,0
29.1300,A,status.twc_arrived,0
29.1300,A,status.twc_execute,0
29.3321,A,mrac.pitch.e,0.12075663
29.3321,A,mrac.pitch.u_ad,-0.032072969
29.3321,A,mrac.roll.e,0.053246677
29.3321,A,mrac.roll.u_ad,0.016462093
29.3321,A,mrac.yaw.e,0.074288949
29.3321,A,mrac.yaw.u_ad,0.001227809
29.3321,A,mrac.z.e,0.17761455
29.3321,A,mrac.z.u_ad,-0.10558183
29.3321,A,status.arm,1
29.3321,A,status.flymode,1
29.3321,A,status.rc_authority,0
29.3321,A,status.sbus_lost,0
29.3321,A,status.twc_arrived,0
29.3321,A,status.twc_execute,0
29.5458,A,mrac.pitch.e,-0.011614829
29.5458,A,mrac.pitch.u_ad,-0.020444725
29.5458,A,mrac.roll.e,0.082334779
29.5458,A,mrac.roll.u_ad,-0.00068584853
29.5458,A,mrac.yaw.e,-0.080063045
29.5458,A,mrac.yaw.u_ad,0.0024656162
29.5458,A,mrac.z.e,0.18421718
29.5458,A,mrac.z.u_ad,-0.10932128
29.5458,A,status.arm,1
29.5458,A,status.flymode,1
29.5458,A,status.rc_authority,0
29.5458,A,status.sbus_lost,0
29.5458,A,status.twc_arrived,0
29.5458,A,status.twc_execute,0
29.7628,A,mrac.pitch.e,0.16575029
29.7628,A,mrac.pitch.u_ad,-0.039434038
29.7628,A,mrac.roll.e,0.071738034
29.7628,A,mrac.roll.u_ad,0.012995824
29.7628,A,mrac.yaw.e,-0.042431779
29.7628,A,mrac.yaw.u_ad,-0.002911834
29.7628,A,mrac.z.e,0.15130171
29.7628,A,mrac.z.u_ad,-0.096432991
29.7628,A,status.arm,1
29.7628,A,status.flymode,1
29.7628,A,status.rc_authority,0
29.7628,A,status.sbus_lost,0
29.7628,A,status.twc_arrived,0
29.7628,A,status.twc_execute,0
29.9648,A,mrac.pitch.e,0.20018706
29.9648,A,mrac.pitch.u_ad,-0.039410517
29.9648,A,mrac.roll.e,-0.049835708
29.9648,A,mrac.roll.u_ad,0.018103054
29.9648,A,mrac.yaw.e,0.058573663
29.9648,A,mrac.yaw.u_ad,-0.0043727355
29.9648,A,mrac.z.e,0.17624187
29.9648,A,mrac.z.u_ad,-0.10528383
29.9648,A,status.arm,1
29.9648,A,status.flymode,1
29.9648,A,status.rc_authority,0
29.9648,A,status.sbus_lost,0
29.9648,A,status.twc_arrived,0
29.9648,A,status.twc_execute,0
30.1770,A,mrac.pitch.e,0.20425174
30.1770,A,mrac.pitch.u_ad,-0.016558331
30.1770,A,mrac.roll.e,-0.046293065
30.1770,A,mrac.roll.u_ad,0.035609595
30.1770,A,mrac.yaw.e,0.098941997
30.1770,A,mrac.yaw.u_ad,-0.0061302138
30.1770,A,mrac.z.e,0.20422581
30.1770,A,mrac.z.u_ad,-0.11659837
30.1770,A,status.arm,1
30.1770,A,status.flymode,1
30.1770,A,status.rc_authority,0
30.1770,A,status.sbus_lost,0
30.1770,A,status.twc_arrived,0
30.1770,A,status.twc_execute,0
30.3792,A,mrac.pitch.e,0.25496125
30.3792,A,mrac.pitch.u_ad,-0.022904754
30.3792,A,mrac.roll.e,-0.12364492
30.3792,A,mrac.roll.u_ad,0.044576939
30.3792,A,mrac.yaw.e,0.10694087
30.3792,A,mrac.yaw.u_ad,-0.0076668826
30.3792,A,mrac.z.e,0.17067872
30.3792,A,mrac.z.u_ad,-0.10351558
30.3792,A,status.arm,1
30.3792,A,status.flymode,1
30.3792,A,status.rc_authority,0
30.3792,A,status.sbus_lost,0
30.3792,A,status.twc_arrived,0
30.3792,A,status.twc_execute,0
30.5810,A,mrac.pitch.e,0.15517318
30.5810,A,mrac.pitch.u_ad,-0.037086464
30.5810,A,mrac.roll.e,-0.14094774
30.5810,A,mrac.roll.u_ad,0.047206394
30.5810,A,mrac.yaw.e,0.043255351
30.5810,A,mrac.yaw.u_ad,-0.0041816304
30.5810,A,mrac.z.e,0.17878905
30.5810,A,mrac.z.u_ad,-0.10640568
30.5810,A,status.arm,1
30.5810,A,status.flymode,1
30.5810,A,status.rc_authority,0
30.5810,A,status.sbus_lost,0
30.5810,A,status.twc_arrived,0
30.5810,A,status.twc_execute,0
30.7969,A,mrac.pitch.e,0.078112692
30.7969,A,mrac.pitch.u_ad,-0.021755842
30.7969,A,mrac.roll.e,-0.087407157
30.7969,A,mrac.roll.u_ad,0.010406595
30.7969,A,mrac.yaw.e,0.016898723
30.7969,A,mrac.yaw.u_ad,-0.00045821653
30.7969,A,mrac.z.e,0.15454224
30.7969,A,mrac.z.u_ad,-0.096565135
30.7969,A,status.arm,1
30.7969,A,status.flymode,1
30.7969,A,status.rc_authority,0
30.7969,A,status.sbus_lost,0
30.7969,A,status.twc_arrived,0
30.7969,A,status.twc_execute,0
30.9990,A,mrac.pitch.e,0.16061354
30.9990,A,mrac.pitch.u_ad,-0.036246084
30.9990,A,mrac.roll.e,0.11358157
30.9990,A,mrac.roll.u_ad,0.012964324
30.9990,A,mrac.yaw.e,0.078520924
30.9990,A,mrac.yaw.u_ad,-0.0027872398
30.9990,A,mrac.z.e,0.20598373
30.9990,A,mrac.z.u_ad,-0.11615671
30.9990,A,status.arm,1
30.9990,A,status.flymode,1
30.9990,A,status.rc_authority,0
30.9990,A,status.sbus_lost,0
30.9990,A,status.twc_arrived,0
30.9990,A,status.twc_execute,0
31.1977,A,mrac.pitch.e,0.047900289
31.1977,A,mrac.pitch.u_ad,-0.0076383213
31.1977,A,mrac.roll.e,0.14152053
31.1977,A,mrac.roll.u_ad,0.017349649
31.1977,A,mrac.yaw.e,0.074617334
31.1977,A,mrac.yaw.u_ad,-0.0020398302
31.1977,A,mrac.z.e,0.19150124
31.1977,A,mrac.z.u_ad,-0.11243352
31.1977,A,status.arm,1
31.1977,A,status.flymode,1
31.1977,A,status.rc_authority,0
31.1977,A,status.sbus_lost,0
31.1977,A,status.twc_arrived,0
31.1977,A,status.twc_execute,0
31.3976,A,mrac.pitch.e,0.17405032
31.3976,A,mrac.pitch.u_ad,-0.041947715
31.3976,A,mrac.roll.e,0.12039225
31.3976,A,mrac.roll.u_ad,0.0062604668
31.3976,A,mrac.yaw.e,0.03097444
31.3976,A,mrac.yaw.u_ad,-0.0023549057
31.3976,A,mrac.z.e,0.1155329
31.3976,A,mrac.z.u_ad,-0.083025157
31.3976,A,status.arm,1
31.3976,A,status.flymode,1
31.3976,A,status.rc_authority,0
31.3976,A,status.sbus_lost,0
31.3976,A,status.twc_arrived,0
31.3976,A,status.twc_execute,0
31.5978,A,mrac.pitch.e,0.2197426
31.5978,A,mrac.pitch.u_ad,-0.038901836
31.5978,A,mrac.roll.e,0.13937557
31.5978,A,mrac.roll.u_ad,0.019421386
31.5978,A,mrac.yaw.e,0.071777366
31.5978,A,mrac.yaw.u_ad,-0.0019625027
31.5978,A,mrac.z.e,0.17039771
31.5978,A,mrac.z.u_ad,-0.1023709
31.5978,A,status.arm,1
31.5978,A,status.flymode,1
31.5978,A,status.rc_authority,0
31.5978,A,status.sbus_lost,0
31.5978,A,status.twc_arrived,0
31.5978,A,status.twc_execute,0
31.8135,A,mrac.pitch.e,0.1971634
31.8135,A,mrac.pitch.u_ad,-0.035966884
31.8135,A,mrac.roll.e,-0.10431943
31.8135,A,mrac.roll.u_ad,0.030386847
31.8135,A,mrac.yaw.e,0.072936229
31.8135,A,mrac.yaw.u_ad,-0.0021427581
31.8135,A,mrac.z.e,0.17300655
31.8135,A,mrac.z.u_ad,-0.10333592
31.8135,A,status.arm,1
31.8135,A,status.flymode,1
31.8135,A,status.rc_authority,0
31.8135,A,status.sbus_lost,0
31.8135,A,status.twc_arrived,0
31.8135,A,status.twc_execute,0
32.0135,A,mrac.pitch.e,0.1971634
32.0135,A,mrac.pitch.u_ad,-0.035966884
32.0135,A,mrac.roll.e,-0.10431943
32.0135,A,mrac.roll.u_ad,0.030386847
32.0135,A,mrac.yaw.e,0.072936229
32.0135,A,mrac.yaw.u_ad,-0.0021427581
32.0135,A,mrac.z.e,0.17300655
32.0135,A,mrac.z.u_ad,-0.10333592
32.0135,A,status.arm,1
32.0135,A,status.flymode,1
32.0135,A,status.rc_authority,0
32.0135,A,status.sbus_lost,0
32.0135,A,status.twc_arrived,0
32.0135,A,status.twc_execute,0
32.2136,A,mrac.pitch.e,0.25356513
32.2136,A,mrac.pitch.u_ad,-0.046533778
32.2136,A,mrac.roll.e,-0.032754622
32.2136,A,mrac.roll.u_ad,0.0071419748
32.2136,A,mrac.yaw.e,0.011940011
32.2136,A,mrac.yaw.u_ad,-0.00070692075
32.2136,A,mrac.z.e,0.16382165
32.2136,A,mrac.z.u_ad,-0.10018831
32.2136,A,status.arm,1
32.2136,A,status.flymode,1
32.2136,A,status.rc_authority,0
32.2136,A,status.sbus_lost,0
32.2136,A,status.twc_arrived,0
32.2136,A,status.twc_execute,0
32.4137,A,mrac.pitch.e,0.25356513
32.4137,A,mrac.pitch.u_ad,-0.046533778
32.4137,A,mrac.roll.e,-0.032754622
32.4137,A,mrac.roll.u_ad,0.0071419748
32.4137,A,mrac.yaw.e,0.011940011
32.4137,A,mrac.yaw.u_ad,-0.00070692075
32.4137,A,mrac.z.e,0.16382165
32.4137,A,mrac.z.u_ad,-0.10018831
32.4137,A,status.arm,1
32.4137,A,status.flymode,1
32.4137,A,status.rc_authority,0
32.4137,A,status.sbus_lost,0
32.4137,A,status.twc_arrived,0
32.4137,A,status.twc_execute,0
32.6319,A,mrac.pitch.e,0.25356513
32.6319,A,mrac.pitch.u_ad,-0.046533778
32.6319,A,mrac.roll.e,-0.032754622
32.6319,A,mrac.roll.u_ad,0.0071419748
32.6319,A,mrac.yaw.e,0.011940011
32.6319,A,mrac.yaw.u_ad,-0.00070692075
32.6319,A,mrac.z.e,0.16382165
32.6319,A,mrac.z.u_ad,-0.10018831
32.6319,A,status.arm,1
32.6319,A,status.flymode,1
32.6319,A,status.rc_authority,0
32.6319,A,status.sbus_lost,0
32.6319,A,status.twc_arrived,0
32.6319,A,status.twc_execute,0
32.8472,A,mrac.pitch.e,0.25356513
32.8472,A,mrac.pitch.u_ad,-0.046533778
32.8472,A,mrac.roll.e,-0.032754622
32.8472,A,mrac.roll.u_ad,0.0071419748
32.8472,A,mrac.yaw.e,0.011940011
32.8472,A,mrac.yaw.u_ad,-0.00070692075
32.8472,A,mrac.z.e,0.16382165
32.8472,A,mrac.z.u_ad,-0.10018831
32.8472,A,status.arm,1
32.8472,A,status.flymode,1
32.8472,A,status.rc_authority,0
32.8472,A,status.sbus_lost,0
32.8472,A,status.twc_arrived,0
32.8472,A,status.twc_execute,0
33.0651,A,mrac.pitch.e,0.25356513
33.0651,A,mrac.pitch.u_ad,-0.046533778
33.0651,A,mrac.roll.e,-0.032754622
33.0651,A,mrac.roll.u_ad,0.0071419748
33.0651,A,mrac.yaw.e,0.011940011
33.0651,A,mrac.yaw.u_ad,-0.00070692075
33.0651,A,mrac.z.e,0.16382165
33.0651,A,mrac.z.u_ad,-0.10018831
33.0651,A,status.arm,1
33.0651,A,status.flymode,1
33.0651,A,status.rc_authority,0
33.0651,A,status.sbus_lost,0
33.0651,A,status.twc_arrived,0
33.0651,A,status.twc_execute,0
33.2654,A,mrac.pitch.e,0.25356513
33.2654,A,mrac.pitch.u_ad,-0.046533778
33.2654,A,mrac.roll.e,-0.032754622
33.2654,A,mrac.roll.u_ad,0.0071419748
33.2654,A,mrac.yaw.e,0.011940011
33.2654,A,mrac.yaw.u_ad,-0.00070692075
33.2654,A,mrac.z.e,0.16382165
33.2654,A,mrac.z.u_ad,-0.10018831
33.2654,A,status.arm,1
33.2654,A,status.flymode,1
33.2654,A,status.rc_authority,0
33.2654,A,status.sbus_lost,0
33.2654,A,status.twc_arrived,0
33.2654,A,status.twc_execute,0
33.4652,A,mrac.pitch.e,0.25356513
33.4652,A,mrac.pitch.u_ad,-0.046533778
33.4652,A,mrac.roll.e,-0.032754622
33.4652,A,mrac.roll.u_ad,0.0071419748
33.4652,A,mrac.yaw.e,0.011940011
33.4652,A,mrac.yaw.u_ad,-0.00070692075
33.4652,A,mrac.z.e,0.16382165
33.4652,A,mrac.z.u_ad,-0.10018831
33.4652,A,status.arm,1
33.4652,A,status.flymode,1
33.4652,A,status.rc_authority,0
33.4652,A,status.sbus_lost,0
33.4652,A,status.twc_arrived,0
33.4652,A,status.twc_execute,0
33.6653,A,mrac.pitch.e,0.25356513
33.6653,A,mrac.pitch.u_ad,-0.046533778
33.6653,A,mrac.roll.e,-0.032754622
33.6653,A,mrac.roll.u_ad,0.0071419748
33.6653,A,mrac.yaw.e,0.011940011
33.6653,A,mrac.yaw.u_ad,-0.00070692075
33.6653,A,mrac.z.e,0.16382165
33.6653,A,mrac.z.u_ad,-0.10018831
33.6653,A,status.arm,1
33.6653,A,status.flymode,1
33.6653,A,status.rc_authority,0
33.6653,A,status.sbus_lost,0
33.6653,A,status.twc_arrived,0
33.6653,A,status.twc_execute,0
33.8653,A,mrac.pitch.e,0.25356513
33.8653,A,mrac.pitch.u_ad,-0.046533778
33.8653,A,mrac.roll.e,-0.032754622
33.8653,A,mrac.roll.u_ad,0.0071419748
33.8653,A,mrac.yaw.e,0.011940011
33.8653,A,mrac.yaw.u_ad,-0.00070692075
33.8653,A,mrac.z.e,0.16382165
33.8653,A,mrac.z.u_ad,-0.10018831
33.8653,A,status.arm,1
33.8653,A,status.flymode,1
33.8653,A,status.rc_authority,0
33.8653,A,status.sbus_lost,0
33.8653,A,status.twc_arrived,0
33.8653,A,status.twc_execute,0
34.0654,A,mrac.pitch.e,0.25356513
34.0654,A,mrac.pitch.u_ad,-0.046533778
34.0654,A,mrac.roll.e,-0.032754622
34.0654,A,mrac.roll.u_ad,0.0071419748
34.0654,A,mrac.yaw.e,0.011940011
34.0654,A,mrac.yaw.u_ad,-0.00070692075
34.0654,A,mrac.z.e,0.16382165
34.0654,A,mrac.z.u_ad,-0.10018831
34.0654,A,status.arm,1
34.0654,A,status.flymode,1
34.0654,A,status.rc_authority,0
34.0654,A,status.sbus_lost,0
34.0654,A,status.twc_arrived,0
34.0654,A,status.twc_execute,0
34.2656,A,mrac.pitch.e,0.25356513
34.2656,A,mrac.pitch.u_ad,-0.046533778
34.2656,A,mrac.roll.e,-0.032754622
34.2656,A,mrac.roll.u_ad,0.0071419748
34.2656,A,mrac.yaw.e,0.011940011
34.2656,A,mrac.yaw.u_ad,-0.00070692075
34.2656,A,mrac.z.e,0.16382165
34.2656,A,mrac.z.u_ad,-0.10018831
34.2656,A,status.arm,1
34.2656,A,status.flymode,1
34.2656,A,status.rc_authority,0
34.2656,A,status.sbus_lost,0
34.2656,A,status.twc_arrived,0
34.2656,A,status.twc_execute,0
34.4813,A,mrac.pitch.e,0.25356513
34.4813,A,mrac.pitch.u_ad,-0.046533778
34.4813,A,mrac.roll.e,-0.032754622
34.4813,A,mrac.roll.u_ad,0.0071419748
34.4813,A,mrac.yaw.e,0.011940011
34.4813,A,mrac.yaw.u_ad,-0.00070692075
34.4813,A,mrac.z.e,0.16382165
34.4813,A,mrac.z.u_ad,-0.10018831
34.4813,A,status.arm,1
34.4813,A,status.flymode,1
34.4813,A,status.rc_authority,0
34.4813,A,status.sbus_lost,0
34.4813,A,status.twc_arrived,0
34.4813,A,status.twc_execute,0
34.6814,A,mrac.pitch.e,0.25356513
34.6814,A,mrac.pitch.u_ad,-0.046533778
34.6814,A,mrac.roll.e,-0.032754622
34.6814,A,mrac.roll.u_ad,0.0071419748
34.6814,A,mrac.yaw.e,0.011940011
34.6814,A,mrac.yaw.u_ad,-0.00070692075
34.6814,A,mrac.z.e,0.16382165
34.6814,A,mrac.z.u_ad,-0.10018831
34.6814,A,status.arm,1
34.6814,A,status.flymode,1
34.6814,A,status.rc_authority,0
34.6814,A,status.sbus_lost,0
34.6814,A,status.twc_arrived,0
34.6814,A,status.twc_execute,0
34.8815,A,mrac.pitch.e,0.25356513
34.8815,A,mrac.pitch.u_ad,-0.046533778
34.8815,A,mrac.roll.e,-0.032754622
34.8815,A,mrac.roll.u_ad,0.0071419748
34.8815,A,mrac.yaw.e,0.011940011
34.8815,A,mrac.yaw.u_ad,-0.00070692075
34.8815,A,mrac.z.e,0.16382165
34.8815,A,mrac.z.u_ad,-0.10018831
34.8815,A,status.arm,1
34.8815,A,status.flymode,1
34.8815,A,status.rc_authority,0
34.8815,A,status.sbus_lost,0
34.8815,A,status.twc_arrived,0
34.8815,A,status.twc_execute,0
35.0998,A,mrac.pitch.e,0.25356513
35.0998,A,mrac.pitch.u_ad,-0.046533778
35.0998,A,mrac.roll.e,-0.032754622
35.0998,A,mrac.roll.u_ad,0.0071419748
35.0998,A,mrac.yaw.e,0.011940011
35.0998,A,mrac.yaw.u_ad,-0.00070692075
35.0998,A,mrac.z.e,0.16382165
35.0998,A,mrac.z.u_ad,-0.10018831
35.0998,A,status.arm,1
35.0998,A,status.flymode,1
35.0998,A,status.rc_authority,0
35.0998,A,status.sbus_lost,0
35.0998,A,status.twc_arrived,0
35.0998,A,status.twc_execute,0
35.3147,A,mrac.pitch.e,0.25356513
35.3147,A,mrac.pitch.u_ad,-0.046533778
35.3147,A,mrac.roll.e,-0.032754622
35.3147,A,mrac.roll.u_ad,0.0071419748
35.3147,A,mrac.yaw.e,0.011940011
35.3147,A,mrac.yaw.u_ad,-0.00070692075
35.3147,A,mrac.z.e,0.16382165
35.3147,A,mrac.z.u_ad,-0.10018831
35.3147,A,status.arm,1
35.3147,A,status.flymode,1
35.3147,A,status.rc_authority,0
35.3147,A,status.sbus_lost,0
35.3147,A,status.twc_arrived,0
35.3147,A,status.twc_execute,0
35.5149,A,mrac.pitch.e,0.25356513
35.5149,A,mrac.pitch.u_ad,-0.046533778
35.5149,A,mrac.roll.e,-0.032754622
35.5149,A,mrac.roll.u_ad,0.0071419748
35.5149,A,mrac.yaw.e,0.011940011
35.5149,A,mrac.yaw.u_ad,-0.00070692075
35.5149,A,mrac.z.e,0.16382165
35.5149,A,mrac.z.u_ad,-0.10018831
35.5149,A,status.arm,1
35.5149,A,status.flymode,1
35.5149,A,status.rc_authority,0
35.5149,A,status.sbus_lost,0
35.5149,A,status.twc_arrived,0
35.5149,A,status.twc_execute,0
35.7154,A,mrac.pitch.e,0.25356513
35.7154,A,mrac.pitch.u_ad,-0.046533778
35.7154,A,mrac.roll.e,-0.032754622
35.7154,A,mrac.roll.u_ad,0.0071419748
35.7154,A,mrac.yaw.e,0.011940011
35.7154,A,mrac.yaw.u_ad,-0.00070692075
35.7154,A,mrac.z.e,0.16382165
35.7154,A,mrac.z.u_ad,-0.10018831
35.7154,A,status.arm,1
35.7154,A,status.flymode,1
35.7154,A,status.rc_authority,0
35.7154,A,status.sbus_lost,0
35.7154,A,status.twc_arrived,0
35.7154,A,status.twc_execute,0
35.9336,A,mrac.pitch.e,0.25356513
35.9336,A,mrac.pitch.u_ad,-0.046533778
35.9336,A,mrac.roll.e,-0.032754622
35.9336,A,mrac.roll.u_ad,0.0071419748
35.9336,A,mrac.yaw.e,0.011940011
35.9336,A,mrac.yaw.u_ad,-0.00070692075
35.9336,A,mrac.z.e,0.16382165
35.9336,A,mrac.z.u_ad,-0.10018831
35.9336,A,status.arm,1
35.9336,A,status.flymode,1
35.9336,A,status.rc_authority,0
35.9336,A,status.sbus_lost,0
35.9336,A,status.twc_arrived,0
35.9336,A,status.twc_execute,0
36.1486,A,mrac.pitch.e,0.25356513
36.1486,A,mrac.pitch.u_ad,-0.046533778
36.1486,A,mrac.roll.e,-0.032754622
36.1486,A,mrac.roll.u_ad,0.0071419748
36.1486,A,mrac.yaw.e,0.011940011
36.1486,A,mrac.yaw.u_ad,-0.00070692075
36.1486,A,mrac.z.e,0.16382165
36.1486,A,mrac.z.u_ad,-0.10018831
36.1486,A,status.arm,1
36.1486,A,status.flymode,1
36.1486,A,status.rc_authority,0
36.1486,A,status.sbus_lost,0
36.1486,A,status.twc_arrived,0
36.1486,A,status.twc_execute,0
36.3493,A,mrac.pitch.e,0.25356513
36.3493,A,mrac.pitch.u_ad,-0.046533778
36.3493,A,mrac.roll.e,-0.032754622
36.3493,A,mrac.roll.u_ad,0.0071419748
36.3493,A,mrac.yaw.e,0.011940011
36.3493,A,mrac.yaw.u_ad,-0.00070692075
36.3493,A,mrac.z.e,0.16382165
36.3493,A,mrac.z.u_ad,-0.10018831
36.3493,A,status.arm,1
36.3493,A,status.flymode,1
36.3493,A,status.rc_authority,0
36.3493,A,status.sbus_lost,0
36.3493,A,status.twc_arrived,0
36.3493,A,status.twc_execute,0
36.5663,A,mrac.pitch.e,0.25356513
36.5663,A,mrac.pitch.u_ad,-0.046533778
36.5663,A,mrac.roll.e,-0.032754622
36.5663,A,mrac.roll.u_ad,0.0071419748
36.5663,A,mrac.yaw.e,0.011940011
36.5663,A,mrac.yaw.u_ad,-0.00070692075
36.5663,A,mrac.z.e,0.16382165
36.5663,A,mrac.z.u_ad,-0.10018831
36.5663,A,status.arm,1
36.5663,A,status.flymode,1
36.5663,A,status.rc_authority,0
36.5663,A,status.sbus_lost,0
36.5663,A,status.twc_arrived,0
36.5663,A,status.twc_execute,0
36.7804,A,mrac.pitch.e,0.25356513
36.7804,A,mrac.pitch.u_ad,-0.046533778
36.7804,A,mrac.roll.e,-0.032754622
36.7804,A,mrac.roll.u_ad,0.0071419748
36.7804,A,mrac.yaw.e,0.011940011
36.7804,A,mrac.yaw.u_ad,-0.00070692075
36.7804,A,mrac.z.e,0.16382165
36.7804,A,mrac.z.u_ad,-0.10018831
36.7804,A,status.arm,1
36.7804,A,status.flymode,1
36.7804,A,status.rc_authority,0
36.7804,A,status.sbus_lost,0
36.7804,A,status.twc_arrived,0
36.7804,A,status.twc_execute,0
36.9811,A,mrac.pitch.e,0.25356513
36.9811,A,mrac.pitch.u_ad,-0.046533778
36.9811,A,mrac.roll.e,-0.032754622
36.9811,A,mrac.roll.u_ad,0.0071419748
36.9811,A,mrac.yaw.e,0.011940011
36.9811,A,mrac.yaw.u_ad,-0.00070692075
36.9811,A,mrac.z.e,0.16382165
36.9811,A,mrac.z.u_ad,-0.10018831
36.9811,A,status.arm,1
36.9811,A,status.flymode,1
36.9811,A,status.rc_authority,0
36.9811,A,status.sbus_lost,0
36.9811,A,status.twc_arrived,0
36.9811,A,status.twc_execute,0
37.1975,A,mrac.pitch.e,0.25356513
37.1975,A,mrac.pitch.u_ad,-0.046533778
37.1975,A,mrac.roll.e,-0.032754622
37.1975,A,mrac.roll.u_ad,0.0071419748
37.1975,A,mrac.yaw.e,0.011940011
37.1975,A,mrac.yaw.u_ad,-0.00070692075
37.1975,A,mrac.z.e,0.16382165
37.1975,A,mrac.z.u_ad,-0.10018831
37.1975,A,status.arm,1
37.1975,A,status.flymode,1
37.1975,A,status.rc_authority,0
37.1975,A,status.sbus_lost,0
37.1975,A,status.twc_arrived,0
37.1975,A,status.twc_execute,0
37.4001,A,mrac.pitch.e,0.25356513
37.4001,A,mrac.pitch.u_ad,-0.046533778
37.4001,A,mrac.roll.e,-0.032754622
37.4001,A,mrac.roll.u_ad,0.0071419748
37.4001,A,mrac.yaw.e,0.011940011
37.4001,A,mrac.yaw.u_ad,-0.00070692075
37.4001,A,mrac.z.e,0.16382165
37.4001,A,mrac.z.u_ad,-0.10018831
37.4001,A,status.arm,1
37.4001,A,status.flymode,1
37.4001,A,status.rc_authority,0
37.4001,A,status.sbus_lost,0
37.4001,A,status.twc_arrived,0
37.4001,A,status.twc_execute,0
37.6005,A,mrac.pitch.e,0.25356513
37.6005,A,mrac.pitch.u_ad,-0.046533778
37.6005,A,mrac.roll.e,-0.032754622
37.6005,A,mrac.roll.u_ad,0.0071419748
37.6005,A,mrac.yaw.e,0.011940011
37.6005,A,mrac.yaw.u_ad,-0.00070692075
37.6005,A,mrac.z.e,0.16382165
37.6005,A,mrac.z.u_ad,-0.10018831
37.6005,A,status.arm,1
37.6005,A,status.flymode,1
37.6005,A,status.rc_authority,0
37.6005,A,status.sbus_lost,0
37.6005,A,status.twc_arrived,0
37.6005,A,status.twc_execute,0
37.8006,A,mrac.pitch.e,0.25356513
37.8006,A,mrac.pitch.u_ad,-0.046533778
37.8006,A,mrac.roll.e,-0.032754622
37.8006,A,mrac.roll.u_ad,0.0071419748
37.8006,A,mrac.yaw.e,0.011940011
37.8006,A,mrac.yaw.u_ad,-0.00070692075
37.8006,A,mrac.z.e,0.16382165
37.8006,A,mrac.z.u_ad,-0.10018831
37.8006,A,status.arm,1
37.8006,A,status.flymode,1
37.8006,A,status.rc_authority,0
37.8006,A,status.sbus_lost,0
37.8006,A,status.twc_arrived,0
37.8006,A,status.twc_execute,0
38.0161,A,mrac.pitch.e,0.25356513
38.0161,A,mrac.pitch.u_ad,-0.046533778
38.0161,A,mrac.roll.e,-0.032754622
38.0161,A,mrac.roll.u_ad,0.0071419748
38.0161,A,mrac.yaw.e,0.011940011
38.0161,A,mrac.yaw.u_ad,-0.00070692075
38.0161,A,mrac.z.e,0.16382165
38.0161,A,mrac.z.u_ad,-0.10018831
38.0161,A,status.arm,1
38.0161,A,status.flymode,1
38.0161,A,status.rc_authority,0
38.0161,A,status.sbus_lost,0
38.0161,A,status.twc_arrived,0
38.0161,A,status.twc_execute,0
38.2318,A,mrac.pitch.e,0.25356513
38.2318,A,mrac.pitch.u_ad,-0.046533778
38.2318,A,mrac.roll.e,-0.032754622
38.2318,A,mrac.roll.u_ad,0.0071419748
38.2318,A,mrac.yaw.e,0.011940011
38.2318,A,mrac.yaw.u_ad,-0.00070692075
38.2318,A,mrac.z.e,0.16382165
38.2318,A,mrac.z.u_ad,-0.10018831
38.2318,A,status.arm,1
38.2318,A,status.flymode,1
38.2318,A,status.rc_authority,0
38.2318,A,status.sbus_lost,0
38.2318,A,status.twc_arrived,0
38.2318,A,status.twc_execute,0
38.4335,A,mrac.pitch.e,0.25356513
38.4335,A,mrac.pitch.u_ad,-0.046533778
38.4335,A,mrac.roll.e,-0.032754622
38.4335,A,mrac.roll.u_ad,0.0071419748
38.4335,A,mrac.yaw.e,0.011940011
38.4335,A,mrac.yaw.u_ad,-0.00070692075
38.4335,A,mrac.z.e,0.16382165
38.4335,A,mrac.z.u_ad,-0.10018831
38.4335,A,status.arm,1
38.4335,A,status.flymode,1
38.4335,A,status.rc_authority,0
38.4335,A,status.sbus_lost,0
38.4335,A,status.twc_arrived,0
38.4335,A,status.twc_execute,0
38.6342,A,mrac.pitch.e,0.25356513
38.6342,A,mrac.pitch.u_ad,-0.046533778
38.6342,A,mrac.roll.e,-0.032754622
38.6342,A,mrac.roll.u_ad,0.0071419748
38.6342,A,mrac.yaw.e,0.011940011
38.6342,A,mrac.yaw.u_ad,-0.00070692075
38.6342,A,mrac.z.e,0.16382165
38.6342,A,mrac.z.u_ad,-0.10018831
38.6342,A,status.arm,1
38.6342,A,status.flymode,1
38.6342,A,status.rc_authority,0
38.6342,A,status.sbus_lost,0
38.6342,A,status.twc_arrived,0
38.6342,A,status.twc_execute,0
38.8344,A,mrac.pitch.e,0.25356513
38.8344,A,mrac.pitch.u_ad,-0.046533778
38.8344,A,mrac.roll.e,-0.032754622
38.8344,A,mrac.roll.u_ad,0.0071419748
38.8344,A,mrac.yaw.e,0.011940011
38.8344,A,mrac.yaw.u_ad,-0.00070692075
38.8344,A,mrac.z.e,0.16382165
38.8344,A,mrac.z.u_ad,-0.10018831
38.8344,A,status.arm,1
38.8344,A,status.flymode,1
38.8344,A,status.rc_authority,0
38.8344,A,status.sbus_lost,0
38.8344,A,status.twc_arrived,0
38.8344,A,status.twc_execute,0
39.0494,A,mrac.pitch.e,0.25356513
39.0494,A,mrac.pitch.u_ad,-0.046533778
39.0494,A,mrac.roll.e,-0.032754622
39.0494,A,mrac.roll.u_ad,0.0071419748
39.0494,A,mrac.yaw.e,0.011940011
39.0494,A,mrac.yaw.u_ad,-0.00070692075
39.0494,A,mrac.z.e,0.16382165
39.0494,A,mrac.z.u_ad,-0.10018831
39.0494,A,status.arm,1
39.0494,A,status.flymode,1
39.0494,A,status.rc_authority,0
39.0494,A,status.sbus_lost,0
39.0494,A,status.twc_arrived,0
39.0494,A,status.twc_execute,0
39.2496,A,mrac.pitch.e,0.25356513
39.2496,A,mrac.pitch.u_ad,-0.046533778
39.2496,A,mrac.roll.e,-0.032754622
39.2496,A,mrac.roll.u_ad,0.0071419748
39.2496,A,mrac.yaw.e,0.011940011
39.2496,A,mrac.yaw.u_ad,-0.00070692075
39.2496,A,mrac.z.e,0.16382165
39.2496,A,mrac.z.u_ad,-0.10018831
39.2496,A,status.arm,1
39.2496,A,status.flymode,1
39.2496,A,status.rc_authority,0
39.2496,A,status.sbus_lost,0
39.2496,A,status.twc_arrived,0
39.2496,A,status.twc_execute,0
39.4498,A,mrac.pitch.e,0.25356513
39.4498,A,mrac.pitch.u_ad,-0.046533778
39.4498,A,mrac.roll.e,-0.032754622
39.4498,A,mrac.roll.u_ad,0.0071419748
39.4498,A,mrac.yaw.e,0.011940011
39.4498,A,mrac.yaw.u_ad,-0.00070692075
39.4498,A,mrac.z.e,0.16382165
39.4498,A,mrac.z.u_ad,-0.10018831
39.4498,A,status.arm,1
39.4498,A,status.flymode,1
39.4498,A,status.rc_authority,0
39.4498,A,status.sbus_lost,0
39.4498,A,status.twc_arrived,0
39.4498,A,status.twc_execute,0
39.6502,A,mrac.pitch.e,0.25356513
39.6502,A,mrac.pitch.u_ad,-0.046533778
39.6502,A,mrac.roll.e,-0.032754622
39.6502,A,mrac.roll.u_ad,0.0071419748
39.6502,A,mrac.yaw.e,0.011940011
39.6502,A,mrac.yaw.u_ad,-0.00070692075
39.6502,A,mrac.z.e,0.16382165
39.6502,A,mrac.z.u_ad,-0.10018831
39.6502,A,status.arm,1
39.6502,A,status.flymode,1
39.6502,A,status.rc_authority,0
39.6502,A,status.sbus_lost,0
39.6502,A,status.twc_arrived,0
39.6502,A,status.twc_execute,0
39.8681,A,mrac.pitch.e,0.25356513
39.8681,A,mrac.pitch.u_ad,-0.046533778
39.8681,A,mrac.roll.e,-0.032754622
39.8681,A,mrac.roll.u_ad,0.0071419748
39.8681,A,mrac.yaw.e,0.011940011
39.8681,A,mrac.yaw.u_ad,-0.00070692075
39.8681,A,mrac.z.e,0.16382165
39.8681,A,mrac.z.u_ad,-0.10018831
39.8681,A,status.arm,1
39.8681,A,status.flymode,1
39.8681,A,status.rc_authority,0
39.8681,A,status.sbus_lost,0
39.8681,A,status.twc_arrived,0
39.8681,A,status.twc_execute,0
40.0686,A,mrac.pitch.e,0.25356513
40.0686,A,mrac.pitch.u_ad,-0.046533778
40.0686,A,mrac.roll.e,-0.032754622
40.0686,A,mrac.roll.u_ad,0.0071419748
40.0686,A,mrac.yaw.e,0.011940011
40.0686,A,mrac.yaw.u_ad,-0.00070692075
40.0686,A,mrac.z.e,0.16382165
40.0686,A,mrac.z.u_ad,-0.10018831
40.0686,A,status.arm,1
40.0686,A,status.flymode,1
40.0686,A,status.rc_authority,0
40.0686,A,status.sbus_lost,0
40.0686,A,status.twc_arrived,0
40.0686,A,status.twc_execute,0
40.2832,A,mrac.pitch.e,0.25356513
40.2832,A,mrac.pitch.u_ad,-0.046533778
40.2832,A,mrac.roll.e,-0.032754622
40.2832,A,mrac.roll.u_ad,0.0071419748
40.2832,A,mrac.yaw.e,0.011940011
40.2832,A,mrac.yaw.u_ad,-0.00070692075
40.2832,A,mrac.z.e,0.16382165
40.2832,A,mrac.z.u_ad,-0.10018831
40.2832,A,status.arm,1
40.2832,A,status.flymode,1
40.2832,A,status.rc_authority,0
40.2832,A,status.sbus_lost,0
40.2832,A,status.twc_arrived,0
40.2832,A,status.twc_execute,0
40.4844,A,mrac.pitch.e,0.25356513
40.4844,A,mrac.pitch.u_ad,-0.046533778
40.4844,A,mrac.roll.e,-0.032754622
40.4844,A,mrac.roll.u_ad,0.0071419748
40.4844,A,mrac.yaw.e,0.011940011
40.4844,A,mrac.yaw.u_ad,-0.00070692075
40.4844,A,mrac.z.e,0.16382165
40.4844,A,mrac.z.u_ad,-0.10018831
40.4844,A,status.arm,1
40.4844,A,status.flymode,1
40.4844,A,status.rc_authority,0
40.4844,A,status.sbus_lost,0
40.4844,A,status.twc_arrived,0
40.4844,A,status.twc_execute,0
40.7016,A,mrac.pitch.e,0.25356513
40.7016,A,mrac.pitch.u_ad,-0.046533778
40.7016,A,mrac.roll.e,-0.032754622
40.7016,A,mrac.roll.u_ad,0.0071419748
40.7016,A,mrac.yaw.e,0.011940011
40.7016,A,mrac.yaw.u_ad,-0.00070692075
40.7016,A,mrac.z.e,0.16382165
40.7016,A,mrac.z.u_ad,-0.10018831
40.7016,A,status.arm,1
40.7016,A,status.flymode,1
40.7016,A,status.rc_authority,0
40.7016,A,status.sbus_lost,0
40.7016,A,status.twc_arrived,0
40.7016,A,status.twc_execute,0
40.9021,A,mrac.pitch.e,0.25356513
40.9021,A,mrac.pitch.u_ad,-0.046533778
40.9021,A,mrac.roll.e,-0.032754622
40.9021,A,mrac.roll.u_ad,0.0071419748
40.9021,A,mrac.yaw.e,0.011940011
40.9021,A,mrac.yaw.u_ad,-0.00070692075
40.9021,A,mrac.z.e,0.16382165
40.9021,A,mrac.z.u_ad,-0.10018831
40.9021,A,status.arm,1
40.9021,A,status.flymode,1
40.9021,A,status.rc_authority,0
40.9021,A,status.sbus_lost,0
40.9021,A,status.twc_arrived,0
40.9021,A,status.twc_execute,0
41.1179,A,mrac.pitch.e,0.25356513
41.1179,A,mrac.pitch.u_ad,-0.046533778
41.1179,A,mrac.roll.e,-0.032754622
41.1179,A,mrac.roll.u_ad,0.0071419748
41.1179,A,mrac.yaw.e,0.011940011
41.1179,A,mrac.yaw.u_ad,-0.00070692075
41.1179,A,mrac.z.e,0.16382165
41.1179,A,mrac.z.u_ad,-0.10018831
41.1179,A,status.arm,1
41.1179,A,status.flymode,1
41.1179,A,status.rc_authority,0
41.1179,A,status.sbus_lost,0
41.1179,A,status.twc_arrived,0
41.1179,A,status.twc_execute,0
41.3355,A,mrac.pitch.e,0.25356513
41.3355,A,mrac.pitch.u_ad,-0.046533778
41.3355,A,mrac.roll.e,-0.032754622
41.3355,A,mrac.roll.u_ad,0.0071419748
41.3355,A,mrac.yaw.e,0.011940011
41.3355,A,mrac.yaw.u_ad,-0.00070692075
41.3355,A,mrac.z.e,0.16382165
41.3355,A,mrac.z.u_ad,-0.10018831
41.3355,A,status.arm,1
41.3355,A,status.flymode,1
41.3355,A,status.rc_authority,0
41.3355,A,status.sbus_lost,0
41.3355,A,status.twc_arrived,0
41.3355,A,status.twc_execute,0
41.5510,A,mrac.pitch.e,0.25356513
41.5510,A,mrac.pitch.u_ad,-0.046533778
41.5510,A,mrac.roll.e,-0.032754622
41.5510,A,mrac.roll.u_ad,0.0071419748
41.5510,A,mrac.yaw.e,0.011940011
41.5510,A,mrac.yaw.u_ad,-0.00070692075
41.5510,A,mrac.z.e,0.16382165
41.5510,A,mrac.z.u_ad,-0.10018831
41.5510,A,status.arm,1
41.5510,A,status.flymode,1
41.5510,A,status.rc_authority,0
41.5510,A,status.sbus_lost,0
41.5510,A,status.twc_arrived,0
41.5510,A,status.twc_execute,0
41.7513,A,mrac.pitch.e,0.25356513
41.7513,A,mrac.pitch.u_ad,-0.046533778
41.7513,A,mrac.roll.e,-0.032754622
41.7513,A,mrac.roll.u_ad,0.0071419748
41.7513,A,mrac.yaw.e,0.011940011
41.7513,A,mrac.yaw.u_ad,-0.00070692075
41.7513,A,mrac.z.e,0.16382165
41.7513,A,mrac.z.u_ad,-0.10018831
41.7513,A,status.arm,1
41.7513,A,status.flymode,1
41.7513,A,status.rc_authority,0
41.7513,A,status.sbus_lost,0
41.7513,A,status.twc_arrived,0
41.7513,A,status.twc_execute,0
41.9667,A,mrac.pitch.e,0.25356513
41.9667,A,mrac.pitch.u_ad,-0.046533778
41.9667,A,mrac.roll.e,-0.032754622
41.9667,A,mrac.roll.u_ad,0.0071419748
41.9667,A,mrac.yaw.e,0.011940011
41.9667,A,mrac.yaw.u_ad,-0.00070692075
41.9667,A,mrac.z.e,0.16382165
41.9667,A,mrac.z.u_ad,-0.10018831
41.9667,A,status.arm,1
41.9667,A,status.flymode,1
41.9667,A,status.rc_authority,0
41.9667,A,status.sbus_lost,0
41.9667,A,status.twc_arrived,0
41.9667,A,status.twc_execute,0
42.1690,A,mrac.pitch.e,0.25356513
42.1690,A,mrac.pitch.u_ad,-0.046533778
42.1690,A,mrac.roll.e,-0.032754622
42.1690,A,mrac.roll.u_ad,0.0071419748
42.1690,A,mrac.yaw.e,0.011940011
42.1690,A,mrac.yaw.u_ad,-0.00070692075
42.1690,A,mrac.z.e,0.16382165
42.1690,A,mrac.z.u_ad,-0.10018831
42.1690,A,status.arm,1
42.1690,A,status.flymode,1
42.1690,A,status.rc_authority,0
42.1690,A,status.sbus_lost,0
42.1690,A,status.twc_arrived,0
42.1690,A,status.twc_execute,0
42.3692,A,mrac.pitch.e,0.25356513
42.3692,A,mrac.pitch.u_ad,-0.046533778
42.3692,A,mrac.roll.e,-0.032754622
42.3692,A,mrac.roll.u_ad,0.0071419748
42.3692,A,mrac.yaw.e,0.011940011
42.3692,A,mrac.yaw.u_ad,-0.00070692075
42.3692,A,mrac.z.e,0.16382165
42.3692,A,mrac.z.u_ad,-0.10018831
42.3692,A,status.arm,1
42.3692,A,status.flymode,1
42.3692,A,status.rc_authority,0
42.3692,A,status.sbus_lost,0
42.3692,A,status.twc_arrived,0
42.3692,A,status.twc_execute,0
42.5827,A,mrac.pitch.e,0.086496353
42.5827,A,mrac.pitch.u_ad,-0.020882964
42.5827,A,mrac.roll.e,-0.036423367
42.5827,A,mrac.roll.u_ad,0.040864557
42.5827,A,mrac.yaw.e,0.043817721
42.5827,A,mrac.yaw.u_ad,0.00077733392
42.5827,A,mrac.z.e,0.10232684
42.5827,A,mrac.z.u_ad,-0.071739472
42.5827,A,status.arm,1
42.5827,A,status.flymode,1
42.5827,A,status.rc_authority,0
42.5827,A,status.sbus_lost,0
42.5827,A,status.twc_arrived,0
42.5827,A,status.twc_execute,0
42.7874,A,mrac.pitch.e,0.055049486
42.7874,A,mrac.pitch.u_ad,-0.028882211
42.7874,A,mrac.roll.e,-0.011921684
42.7874,A,mrac.roll.u_ad,0.021991534
42.7874,A,mrac.yaw.e,-0.027524501
42.7874,A,mrac.yaw.u_ad,0.0057367659
42.7874,A,mrac.z.e,0.10040488
42.7874,A,mrac.z.u_ad,-0.071076393
42.7874,A,status.arm,1
42.7874,A,status.flymode,1
42.7874,A,status.rc_authority,0
42.7874,A,status.sbus_lost,0
42.7874,A,status.twc_arrived,0
42.7874,A,status.twc_execute,0
43.0002,A,mrac.pitch.e,0.046474539
43.0002,A,mrac.pitch.u_ad,-0.020409832
43.0002,A,mrac.roll.e,-0.10464428
43.0002,A,mrac.roll.u_ad,0.047228165
43.0002,A,mrac.yaw.e,-0.031892404
43.0002,A,mrac.yaw.u_ad,0.007253821
43.0002,A,mrac.z.e,0.19169676
43.0002,A,mrac.z.u_ad,-0.10646391
43.0002,A,status.arm,1
43.0002,A,status.flymode,1
43.0002,A,status.rc_authority,0
43.0002,A,status.sbus_lost,0
43.0002,A,status.twc_arrived,0
43.0002,A,status.twc_execute,0
43.2033,A,mrac.pitch.e,0.17030278
43.2033,A,mrac.pitch.u_ad,-0.020823197
43.2033,A,mrac.roll.e,-0.081927493
43.2033,A,mrac.roll.u_ad,0.04217495
43.2033,A,mrac.yaw.e,0.057356041
43.2033,A,mrac.yaw.u_ad,0.0021130214
43.2033,A,mrac.z.e,0.12486119
43.2033,A,mrac.z.u_ad,-0.08155182
43.2033,A,status.arm,1
43.2033,A,status.flymode,1
43.2033,A,status.rc_authority,0
43.2033,A,status.sbus_lost,0
43.2033,A,status.twc_arrived,0
43.2033,A,status.twc_execute,0
43.4032,A,mrac.pitch.e,0.14595643
43.4032,A,mrac.pitch.u_ad,-0.015301086
43.4032,A,mrac.roll.e,-0.12843123
43.4032,A,mrac.roll.u_ad,0.047101714
43.4032,A,mrac.yaw.e,-0.002007911
43.4032,A,mrac.yaw.u_ad,0.0032281086
43.4032,A,mrac.z.e,-0.068092808
43.4032,A,mrac.z.u_ad,-0.012952949
43.4032,A,status.arm,1
43.4032,A,status.flymode,1
43.4032,A,status.rc_authority,0
43.4032,A,status.sbus_lost,0
43.4032,A,status.twc_arrived,0
43.4032,A,status.twc_execute,0
43.6183,A,mrac.pitch.e,0.14595643
43.6183,A,mrac.pitch.u_ad,-0.015301086
43.6183,A,mrac.roll.e,-0.12843123
43.6183,A,mrac.roll.u_ad,0.047101714
43.6183,A,mrac.yaw.e,-0.002007911
43.6183,A,mrac.yaw.u_ad,0.0032281086
43.6183,A,mrac.z.e,-0.068092808
43.6183,A,mrac.z.u_ad,-0.012952949
43.6183,A,status.arm,1
43.6183,A,status.flymode,1
43.6183,A,status.rc_authority,0
43.6183,A,status.sbus_lost,0
43.6183,A,status.twc_arrived,0
43.6183,A,status.twc_execute,0
43.8187,A,mrac.pitch.e,0.14595643
43.8187,A,mrac.pitch.u_ad,-0.015301086
43.8187,A,mrac.roll.e,-0.12843123
43.8187,A,mrac.roll.u_ad,0.047101714
43.8187,A,mrac.yaw.e,-0.002007911
43.8187,A,mrac.yaw.u_ad,0.0032281086
43.8187,A,mrac.z.e,-0.068092808
43.8187,A,mrac.z.u_ad,-0.012952949
43.8187,A,status.arm,1
43.8187,A,status.flymode,1
43.8187,A,status.rc_authority,0
43.8187,A,status.sbus_lost,0
43.8187,A,status.twc_arrived,0
43.8187,A,status.twc_execute,0
44.0188,A,mrac.pitch.e,0.14595643
44.0188,A,mrac.pitch.u_ad,-0.015301086
44.0188,A,mrac.roll.e,-0.12843123
44.0188,A,mrac.roll.u_ad,0.047101714
44.0188,A,mrac.yaw.e,-0.002007911
44.0188,A,mrac.yaw.u_ad,0.0032281086
44.0188,A,mrac.z.e,-0.068092808
44.0188,A,mrac.z.u_ad,-0.012952949
44.0188,A,status.arm,1
44.0188,A,status.flymode,1
44.0188,A,status.rc_authority,0
44.0188,A,status.sbus_lost,0
44.0188,A,status.twc_arrived,0
44.0188,A,status.twc_execute,0
44.2364,A,mrac.pitch.e,0.14595643
44.2364,A,mrac.pitch.u_ad,-0.015301086
44.2364,A,mrac.roll.e,-0.12843123
44.2364,A,mrac.roll.u_ad,0.047101714
44.2364,A,mrac.yaw.e,-0.002007911
44.2364,A,mrac.yaw.u_ad,0.0032281086
44.2364,A,mrac.z.e,-0.068092808
44.2364,A,mrac.z.u_ad,-0.012952949
44.2364,A,status.arm,1
44.2364,A,status.flymode,1
44.2364,A,status.rc_authority,0
44.2364,A,status.sbus_lost,0
44.2364,A,status.twc_arrived,0
44.2364,A,status.twc_execute,0
44.4372,A,mrac.pitch.e,0.14595643
44.4372,A,mrac.pitch.u_ad,-0.015301086
44.4372,A,mrac.roll.e,-0.12843123
44.4372,A,mrac.roll.u_ad,0.047101714
44.4372,A,mrac.yaw.e,-0.002007911
44.4372,A,mrac.yaw.u_ad,0.0032281086
44.4372,A,mrac.z.e,-0.068092808
44.4372,A,mrac.z.u_ad,-0.012952949
44.4372,A,status.arm,1
44.4372,A,status.flymode,1
44.4372,A,status.rc_authority,0
44.4372,A,status.sbus_lost,0
44.4372,A,status.twc_arrived,0
44.4372,A,status.twc_execute,0
44.6526,A,mrac.pitch.e,0.14595643
44.6526,A,mrac.pitch.u_ad,-0.015301086
44.6526,A,mrac.roll.e,-0.12843123
44.6526,A,mrac.roll.u_ad,0.047101714
44.6526,A,mrac.yaw.e,-0.002007911
44.6526,A,mrac.yaw.u_ad,0.0032281086
44.6526,A,mrac.z.e,-0.068092808
44.6526,A,mrac.z.u_ad,-0.012952949
44.6526,A,status.arm,1
44.6526,A,status.flymode,1
44.6526,A,status.rc_authority,0
44.6526,A,status.sbus_lost,0
44.6526,A,status.twc_arrived,0
44.6526,A,status.twc_execute,0
44.8703,A,mrac.pitch.e,0.14595643
44.8703,A,mrac.pitch.u_ad,-0.015301086
44.8703,A,mrac.roll.e,-0.12843123
44.8703,A,mrac.roll.u_ad,0.047101714
44.8703,A,mrac.yaw.e,-0.002007911
44.8703,A,mrac.yaw.u_ad,0.0032281086
44.8703,A,mrac.z.e,-0.068092808
44.8703,A,mrac.z.u_ad,-0.012952949
44.8703,A,status.arm,1
44.8703,A,status.flymode,1
44.8703,A,status.rc_authority,0
44.8703,A,status.sbus_lost,0
44.8703,A,status.twc_arrived,0
44.8703,A,status.twc_execute,0
45.0706,A,mrac.pitch.e,0.14595643
45.0706,A,mrac.pitch.u_ad,-0.015301086
45.0706,A,mrac.roll.e,-0.12843123
45.0706,A,mrac.roll.u_ad,0.047101714
45.0706,A,mrac.yaw.e,-0.002007911
45.0706,A,mrac.yaw.u_ad,0.0032281086
45.0706,A,mrac.z.e,-0.068092808
45.0706,A,mrac.z.u_ad,-0.012952949
45.0706,A,status.arm,1
45.0706,A,status.flymode,1
45.0706,A,status.rc_authority,0
45.0706,A,status.sbus_lost,0
45.0706,A,status.twc_arrived,0
45.0706,A,status.twc_execute,0
45.2858,A,mrac.pitch.e,0.14595643
45.2858,A,mrac.pitch.u_ad,-0.015301086
45.2858,A,mrac.roll.e,-0.12843123
45.2858,A,mrac.roll.u_ad,0.047101714
45.2858,A,mrac.yaw.e,-0.002007911
45.2858,A,mrac.yaw.u_ad,0.0032281086
45.2858,A,mrac.z.e,-0.068092808
45.2858,A,mrac.z.u_ad,-0.012952949
45.2858,A,status.arm,1
45.2858,A,status.flymode,1
45.2858,A,status.rc_authority,0
45.2858,A,status.sbus_lost,0
45.2858,A,status.twc_arrived,0
45.2858,A,status.twc_execute,0
45.5034,A,mrac.pitch.e,0.14595643
45.5034,A,mrac.pitch.u_ad,-0.015301086
45.5034,A,mrac.roll.e,-0.12843123
45.5034,A,mrac.roll.u_ad,0.047101714
45.5034,A,mrac.yaw.e,-0.002007911
45.5034,A,mrac.yaw.u_ad,0.0032281086
45.5034,A,mrac.z.e,-0.068092808
45.5034,A,mrac.z.u_ad,-0.012952949
45.5034,A,status.arm,1
45.5034,A,status.flymode,1
45.5034,A,status.rc_authority,0
45.5034,A,status.sbus_lost,0
45.5034,A,status.twc_arrived,0
45.5034,A,status.twc_execute,0
45.7070,A,mrac.pitch.e,-0.011376783
45.7070,A,mrac.pitch.u_ad,-0.00059130974
45.7070,A,mrac.roll.e,0.1564865
45.7070,A,mrac.roll.u_ad,0.005098518
45.7070,A,mrac.yaw.e,0.082611144
45.7070,A,mrac.yaw.u_ad,-0.0061730738
45.7070,A,mrac.z.e,0.12981439
45.7070,A,mrac.z.u_ad,-0.084722511
45.7070,A,status.arm,1
45.7070,A,status.flymode,1
45.7070,A,status.rc_authority,0
45.7070,A,status.sbus_lost,0
45.7070,A,status.twc_arrived,0
45.7070,A,status.twc_execute,0
45.9198,A,mrac.pitch.e,0.10662166
45.9198,A,mrac.pitch.u_ad,-0.023355922
45.9198,A,mrac.roll.e,0.24749857
45.9198,A,mrac.roll.u_ad,-0.0056611663
45.9198,A,mrac.yaw.e,0.055558041
45.9198,A,mrac.yaw.u_ad,-0.0063701398
45.9198,A,mrac.z.e,0.18307443
45.9198,A,mrac.z.u_ad,-0.1054154
45.9198,A,status.arm,1
45.9198,A,status.flymode,1
45.9198,A,status.rc_authority,0
45.9198,A,status.sbus_lost,0
45.9198,A,status.twc_arrived,0
45.9198,A,status.twc_execute,0
46.1201,A,mrac.pitch.e,0.067372382
46.1201,A,mrac.pitch.u_ad,-0.02075192
46.1201,A,mrac.roll.e,0.10502131
46.1201,A,mrac.roll.u_ad,0.00092904619
46.1201,A,mrac.yaw.e,0.06811896
46.1201,A,mrac.yaw.u_ad,-0.0044846791
46.1201,A,mrac.z.e,0.05145973
46.1201,A,mrac.z.u_ad,-0.057644531
46.1201,A,status.arm,1
46.1201,A,status.flymode,1
46.1201,A,status.rc_authority,0
46.1201,A,status.sbus_lost,0
46.1201,A,status.twc_arrived,0
46.1201,A,status.twc_execute,0
46.3379,A,mrac.pitch.e,0.067372382
46.3379,A,mrac.pitch.u_ad,-0.02075192
46.3379,A,mrac.roll.e,0.10502131
46.3379,A,mrac.roll.u_ad,0.00092904619
46.3379,A,mrac.yaw.e,0.06811896
46.3379,A,mrac.yaw.u_ad,-0.0044846791
46.3379,A,mrac.z.e,0.05145973
46.3379,A,mrac.z.u_ad,-0.057644531
46.3379,A,status.arm,1
46.3379,A,status.flymode,1
46.3379,A,status.rc_authority,0
46.3379,A,status.sbus_lost,0
46.3379,A,status.twc_arrived,0
46.3379,A,status.twc_execute,0
46.5535,A,mrac.pitch.e,0.067372382
46.5535,A,mrac.pitch.u_ad,-0.02075192
46.5535,A,mrac.roll.e,0.10502131
46.5535,A,mrac.roll.u_ad,0.00092904619
46.5535,A,mrac.yaw.e,0.06811896
46.5535,A,mrac.yaw.u_ad,-0.0044846791
46.5535,A,mrac.z.e,0.05145973
46.5535,A,mrac.z.u_ad,-0.057644531
46.5535,A,status.arm,1
46.5535,A,status.flymode,1
46.5535,A,status.rc_authority,0
46.5535,A,status.sbus_lost,0
46.5535,A,status.twc_arrived,0
46.5535,A,status.twc_execute,0
46.7714,A,mrac.pitch.e,0.067372382
46.7714,A,mrac.pitch.u_ad,-0.02075192
46.7714,A,mrac.roll.e,0.10502131
46.7714,A,mrac.roll.u_ad,0.00092904619
46.7714,A,mrac.yaw.e,0.06811896
46.7714,A,mrac.yaw.u_ad,-0.0044846791
46.7714,A,mrac.z.e,0.05145973
46.7714,A,mrac.z.u_ad,-0.057644531
46.7714,A,status.arm,1
46.7714,A,status.flymode,1
46.7714,A,status.rc_authority,0
46.7714,A,status.sbus_lost,0
46.7714,A,status.twc_arrived,0
46.7714,A,status.twc_execute,0
46.9867,A,mrac.pitch.e,0.067372382
46.9867,A,mrac.pitch.u_ad,-0.02075192
46.9867,A,mrac.roll.e,0.10502131
46.9867,A,mrac.roll.u_ad,0.00092904619
46.9867,A,mrac.yaw.e,0.06811896
46.9867,A,mrac.yaw.u_ad,-0.0044846791
46.9867,A,mrac.z.e,0.05145973
46.9867,A,mrac.z.u_ad,-0.057644531
46.9867,A,status.arm,1
46.9867,A,status.flymode,1
46.9867,A,status.rc_authority,0
46.9867,A,status.sbus_lost,0
46.9867,A,status.twc_arrived,0
46.9867,A,status.twc_execute,0
47.1869,A,mrac.pitch.e,0.067372382
47.1869,A,mrac.pitch.u_ad,-0.02075192
47.1869,A,mrac.roll.e,0.10502131
47.1869,A,mrac.roll.u_ad,0.00092904619
47.1869,A,mrac.yaw.e,0.06811896
47.1869,A,mrac.yaw.u_ad,-0.0044846791
47.1869,A,mrac.z.e,0.05145973
47.1869,A,mrac.z.u_ad,-0.057644531
47.1869,A,status.arm,1
47.1869,A,status.flymode,1
47.1869,A,status.rc_authority,0
47.1869,A,status.sbus_lost,0
47.1869,A,status.twc_arrived,0
47.1869,A,status.twc_execute,0
47.4047,A,mrac.pitch.e,0.067372382
47.4047,A,mrac.pitch.u_ad,-0.02075192
47.4047,A,mrac.roll.e,0.10502131
47.4047,A,mrac.roll.u_ad,0.00092904619
47.4047,A,mrac.yaw.e,0.06811896
47.4047,A,mrac.yaw.u_ad,-0.0044846791
47.4047,A,mrac.z.e,0.05145973
47.4047,A,mrac.z.u_ad,-0.057644531
47.4047,A,status.arm,1
47.4047,A,status.flymode,1
47.4047,A,status.rc_authority,0
47.4047,A,status.sbus_lost,0
47.4047,A,status.twc_arrived,0
47.4047,A,status.twc_execute,0
47.6050,A,mrac.pitch.e,0.067372382
47.6050,A,mrac.pitch.u_ad,-0.02075192
47.6050,A,mrac.roll.e,0.10502131
47.6050,A,mrac.roll.u_ad,0.00092904619
47.6050,A,mrac.yaw.e,0.06811896
47.6050,A,mrac.yaw.u_ad,-0.0044846791
47.6050,A,mrac.z.e,0.05145973
47.6050,A,mrac.z.u_ad,-0.057644531
47.6050,A,status.arm,1
47.6050,A,status.flymode,1
47.6050,A,status.rc_authority,0
47.6050,A,status.sbus_lost,0
47.6050,A,status.twc_arrived,0
47.6050,A,status.twc_execute,0
47.8226,A,mrac.pitch.e,0.067372382
47.8226,A,mrac.pitch.u_ad,-0.02075192
47.8226,A,mrac.roll.e,0.10502131
47.8226,A,mrac.roll.u_ad,0.00092904619
47.8226,A,mrac.yaw.e,0.06811896
47.8226,A,mrac.yaw.u_ad,-0.0044846791
47.8226,A,mrac.z.e,0.05145973
47.8226,A,mrac.z.u_ad,-0.057644531
47.8226,A,status.arm,1
47.8226,A,status.flymode,1
47.8226,A,status.rc_authority,0
47.8226,A,status.sbus_lost,0
47.8226,A,status.twc_arrived,0
47.8226,A,status.twc_execute,0
48.0391,A,mrac.pitch.e,0.20252377
48.0391,A,mrac.pitch.u_ad,-0.038540039
48.0391,A,mrac.roll.e,-0.010427127
48.0391,A,mrac.roll.u_ad,0.036513772
48.0391,A,mrac.yaw.e,0.18792355
48.0391,A,mrac.yaw.u_ad,-0.013586154
48.0391,A,mrac.z.e,0.080372781
48.0391,A,mrac.z.u_ad,-0.067766979
48.0391,A,status.arm,1
48.0391,A,status.flymode,1
48.0391,A,status.rc_authority,0
48.0391,A,status.sbus_lost,0
48.0391,A,status.twc_arrived,0
48.0391,A,status.twc_execute,0
48.2537,A,mrac.pitch.e,0.026881084
48.2537,A,mrac.pitch.u_ad,-0.011476796
48.2537,A,mrac.roll.e,-0.03357663
48.2537,A,mrac.roll.u_ad,0.043956179
48.2537,A,mrac.yaw.e,0.077370249
48.2537,A,mrac.yaw.u_ad,-0.012625502
48.2537,A,mrac.z.e,0.088968813
48.2537,A,mrac.z.u_ad,-0.069068693
48.2537,A,status.arm,1
48.2537,A,status.flymode,1
48.2537,A,status.rc_authority,0
48.2537,A,status.sbus_lost,0
48.2537,A,status.twc_arrived,0
48.2537,A,status.twc_execute,0
48.4543,A,mrac.pitch.e,0.1759838
48.4543,A,mrac.pitch.u_ad,-0.017075067
48.4543,A,mrac.roll.e,0.11211444
48.4543,A,mrac.roll.u_ad,0.0048221052
48.4543,A,mrac.yaw.e,0.13310269
48.4543,A,mrac.yaw.u_ad,-0.012441267
48.4543,A,mrac.z.e,0.13168631
48.4543,A,mrac.z.u_ad,-0.084146753
48.4543,A,status.arm,1
48.4543,A,status.flymode,1
48.4543,A,status.rc_authority,0
48.4543,A,status.sbus_lost,0
48.4543,A,status.twc_arrived,0
48.4543,A,status.twc_execute,0
48.6722,A,mrac.pitch.e,0.1759838
48.6722,A,mrac.pitch.u_ad,-0.017075067
48.6722,A,mrac.roll.e,0.11211444
48.6722,A,mrac.roll.u_ad,0.0048221052
48.6722,A,mrac.yaw.e,0.13310269
48.6722,A,mrac.yaw.u_ad,-0.012441267
48.6722,A,mrac.z.e,0.13168631
48.6722,A,mrac.z.u_ad,-0.084146753
48.6722,A,status.arm,1
48.6722,A,status.flymode,1
48.6722,A,status.rc_authority,0
48.6722,A,status.sbus_lost,0
48.6722,A,status.twc_arrived,0
48.6722,A,status.twc_execute,0
48.8876,A,mrac.pitch.e,0.1759838
48.8876,A,mrac.pitch.u_ad,-0.017075067
48.8876,A,mrac.roll.e,0.11211444
48.8876,A,mrac.roll.u_ad,0.0048221052
48.8876,A,mrac.yaw.e,0.13310269
48.8876,A,mrac.yaw.u_ad,-0.012441267
48.8876,A,mrac.z.e,0.13168631
48.8876,A,mrac.z.u_ad,-0.084146753
48.8876,A,status.arm,1
48.8876,A,status.flymode,1
48.8876,A,status.rc_authority,0
48.8876,A,status.sbus_lost,0
48.8876,A,status.twc_arrived,0
48.8876,A,status.twc_execute,0
49.0881,A,mrac.pitch.e,0.1759838
49.0881,A,mrac.pitch.u_ad,-0.017075067
49.0881,A,mrac.roll.e,0.11211444
49.0881,A,mrac.roll.u_ad,0.0048221052
49.0881,A,mrac.yaw.e,0.13310269
49.0881,A,mrac.yaw.u_ad,-0.012441267
49.0881,A,mrac.z.e,0.13168631
49.0881,A,mrac.z.u_ad,-0.084146753
49.0881,A,status.arm,1
49.0881,A,status.flymode,1
49.0881,A,status.rc_authority,0
49.0881,A,status.sbus_lost,0
49.0881,A,status.twc_arrived,0
49.0881,A,status.twc_execute,0
49.2881,A,mrac.pitch.e,0.1759838
49.2881,A,mrac.pitch.u_ad,-0.017075067
49.2881,A,mrac.roll.e,0.11211444
49.2881,A,mrac.roll.u_ad,0.0048221052
49.2881,A,mrac.yaw.e,0.13310269
49.2881,A,mrac.yaw.u_ad,-0.012441267
49.2881,A,mrac.z.e,0.13168631
49.2881,A,mrac.z.u_ad,-0.084146753
49.2881,A,status.arm,1
49.2881,A,status.flymode,1
49.2881,A,status.rc_authority,0
49.2881,A,status.sbus_lost,0
49.2881,A,status.twc_arrived,0
49.2881,A,status.twc_execute,0
49.4883,A,mrac.pitch.e,0.1759838
49.4883,A,mrac.pitch.u_ad,-0.017075067
49.4883,A,mrac.roll.e,0.11211444
49.4883,A,mrac.roll.u_ad,0.0048221052
49.4883,A,mrac.yaw.e,0.13310269
49.4883,A,mrac.yaw.u_ad,-0.012441267
49.4883,A,mrac.z.e,0.13168631
49.4883,A,mrac.z.u_ad,-0.084146753
49.4883,A,status.arm,1
49.4883,A,status.flymode,1
49.4883,A,status.rc_authority,0
49.4883,A,status.sbus_lost,0
49.4883,A,status.twc_arrived,0
49.4883,A,status.twc_execute,0
49.7060,A,mrac.pitch.e,0.1759838
49.7060,A,mrac.pitch.u_ad,-0.017075067
49.7060,A,mrac.roll.e,0.11211444
49.7060,A,mrac.roll.u_ad,0.0048221052
49.7060,A,mrac.yaw.e,0.13310269
49.7060,A,mrac.yaw.u_ad,-0.012441267
49.7060,A,mrac.z.e,0.13168631
49.7060,A,mrac.z.u_ad,-0.084146753
49.7060,A,status.arm,1
49.7060,A,status.flymode,1
49.7060,A,status.rc_authority,0
49.7060,A,status.sbus_lost,0
49.7060,A,status.twc_arrived,0
49.7060,A,status.twc_execute,0
49.9213,A,mrac.pitch.e,0.21945
49.9213,A,mrac.pitch.u_ad,-0.033552662
49.9213,A,mrac.roll.e,0.21737523
49.9213,A,mrac.roll.u_ad,-0.0056495392
49.9213,A,mrac.yaw.e,-0.020426475
49.9213,A,mrac.yaw.u_ad,-0.0023306082
49.9213,A,mrac.z.e,0.13759379
49.9213,A,mrac.z.u_ad,-0.08768107
49.9213,A,status.arm,1
49.9213,A,status.flymode,1
49.9213,A,status.rc_authority,0
49.9213,A,status.sbus_lost,0
49.9213,A,status.twc_arrived,0
49.9213,A,status.twc_execute,0
50.1221,A,mrac.pitch.e,0.21945
50.1221,A,mrac.pitch.u_ad,-0.033552662
50.1221,A,mrac.roll.e,0.21737523
50.1221,A,mrac.roll.u_ad,-0.0056495392
50.1221,A,mrac.yaw.e,-0.020426475
50.1221,A,mrac.yaw.u_ad,-0.0023306082
50.1221,A,mrac.z.e,0.13759379
50.1221,A,mrac.z.u_ad,-0.08768107
50.1221,A,status.arm,1
50.1221,A,status.flymode,1
50.1221,A,status.rc_authority,0
50.1221,A,status.sbus_lost,0
50.1221,A,status.twc_arrived,0
50.1221,A,status.twc_execute,0
50.3398,A,mrac.pitch.e,0.21945
50.3398,A,mrac.pitch.u_ad,-0.033552662
50.3398,A,mrac.roll.e,0.21737523
50.3398,A,mrac.roll.u_ad,-0.0056495392
50.3398,A,mrac.yaw.e,-0.020426475
50.3398,A,mrac.yaw.u_ad,-0.0023306082
50.3398,A,mrac.z.e,0.13759379
50.3398,A,mrac.z.u_ad,-0.08768107
50.3398,A,status.arm,1
50.3398,A,status.flymode,1
50.3398,A,status.rc_authority,0
50.3398,A,status.sbus_lost,0
50.3398,A,status.twc_arrived,0
50.3398,A,status.twc_execute,0
50.5421,A,mrac.pitch.e,0.21945
50.5421,A,mrac.pitch.u_ad,-0.033552662
50.5421,A,mrac.roll.e,0.21737523
50.5421,A,mrac.roll.u_ad,-0.0056495392
50.5421,A,mrac.yaw.e,-0.020426475
50.5421,A,mrac.yaw.u_ad,-0.0023306082
50.5421,A,mrac.z.e,0.13759379
50.5421,A,mrac.z.u_ad,-0.08768107
50.5421,A,status.arm,1
50.5421,A,status.flymode,1
50.5421,A,status.rc_authority,0
50.5421,A,status.sbus_lost,0
50.5421,A,status.twc_arrived,0
50.5421,A,status.twc_execute,0
50.7526,A,mrac.pitch.e,0.16471536
50.7526,A,mrac.pitch.u_ad,-0.032867081
50.7526,A,mrac.roll.e,-0.086188242
50.7526,A,mrac.roll.u_ad,0.052814998
50.7526,A,mrac.yaw.e,-0.09060327
50.7526,A,mrac.yaw.u_ad,0.0016414467
50.7526,A,mrac.z.e,0.13998152
50.7526,A,mrac.z.u_ad,-0.088548034
50.7526,A,status.arm,1
50.7526,A,status.flymode,1
50.7526,A,status.rc_authority,0
50.7526,A,status.sbus_lost,0
50.7526,A,status.twc_arrived,0
50.7526,A,status.twc_execute,0
50.9552,A,mrac.pitch.e,0.16471536
50.9552,A,mrac.pitch.u_ad,-0.032867081
50.9552,A,mrac.roll.e,-0.086188242
50.9552,A,mrac.roll.u_ad,0.052814998
50.9552,A,mrac.yaw.e,-0.09060327
50.9552,A,mrac.yaw.u_ad,0.0016414467
50.9552,A,mrac.z.e,0.13998152
50.9552,A,mrac.z.u_ad,-0.088548034
50.9552,A,status.arm,1
50.9552,A,status.flymode,1
50.9552,A,status.rc_authority,0
50.9552,A,status.sbus_lost,0
50.9552,A,status.twc_arrived,0
50.9552,A,status.twc_execute,0
51.1555,A,mrac.pitch.e,0.16471536
51.1555,A,mrac.pitch.u_ad,-0.032867081
51.1555,A,mrac.roll.e,-0.086188242
51.1555,A,mrac.roll.u_ad,0.052814998
51.1555,A,mrac.yaw.e,-0.09060327
51.1555,A,mrac.yaw.u_ad,0.0016414467
51.1555,A,mrac.z.e,0.13998152
51.1555,A,mrac.z.u_ad,-0.088548034
51.1555,A,status.arm,1
51.1555,A,status.flymode,1
51.1555,A,status.rc_authority,0
51.1555,A,status.sbus_lost,0
51.1555,A,status.twc_arrived,0
51.1555,A,status.twc_execute,0
51.3559,A,mrac.pitch.e,0.16471536
51.3559,A,mrac.pitch.u_ad,-0.032867081
51.3559,A,mrac.roll.e,-0.086188242
51.3559,A,mrac.roll.u_ad,0.052814998
51.3559,A,mrac.yaw.e,-0.09060327
51.3559,A,mrac.yaw.u_ad,0.0016414467
51.3559,A,mrac.z.e,0.13998152
51.3559,A,mrac.z.u_ad,-0.088548034
51.3559,A,status.arm,1
51.3559,A,status.flymode,1
51.3559,A,status.rc_authority,0
51.3559,A,status.sbus_lost,0
51.3559,A,status.twc_arrived,0
51.3559,A,status.twc_execute,0
51.5559,A,mrac.pitch.e,0.16471536
51.5559,A,mrac.pitch.u_ad,-0.032867081
51.5559,A,mrac.roll.e,-0.086188242
51.5559,A,mrac.roll.u_ad,0.052814998
51.5559,A,mrac.yaw.e,-0.09060327
51.5559,A,mrac.yaw.u_ad,0.0016414467
51.5559,A,mrac.z.e,0.13998152
51.5559,A,mrac.z.u_ad,-0.088548034
51.5559,A,status.arm,1
51.5559,A,status.flymode,1
51.5559,A,status.rc_authority,0
51.5559,A,status.sbus_lost,0
51.5559,A,status.twc_arrived,0
51.5559,A,status.twc_execute,0
51.7742,A,mrac.pitch.e,0.16471536
51.7742,A,mrac.pitch.u_ad,-0.032867081
51.7742,A,mrac.roll.e,-0.086188242
51.7742,A,mrac.roll.u_ad,0.052814998
51.7742,A,mrac.yaw.e,-0.09060327
51.7742,A,mrac.yaw.u_ad,0.0016414467
51.7742,A,mrac.z.e,0.13998152
51.7742,A,mrac.z.u_ad,-0.088548034
51.7742,A,status.arm,1
51.7742,A,status.flymode,1
51.7742,A,status.rc_authority,0
51.7742,A,status.sbus_lost,0
51.7742,A,status.twc_arrived,0
51.7742,A,status.twc_execute,0
51.9739,A,mrac.pitch.e,0.15935038
51.9739,A,mrac.pitch.u_ad,-0.01760279
51.9739,A,mrac.roll.e,0.15656735
51.9739,A,mrac.roll.u_ad,0.01595767
51.9739,A,mrac.yaw.e,0.037767176
51.9739,A,mrac.yaw.u_ad,-0.00084760133
51.9739,A,mrac.z.e,0.16005051
51.9739,A,mrac.z.u_ad,-0.090267427
51.9739,A,status.arm,1
51.9739,A,status.flymode,1
51.9739,A,status.rc_authority,0
51.9739,A,status.sbus_lost,0
51.9739,A,status.twc_arrived,0
51.9739,A,status.twc_execute,0
52.1894,A,mrac.pitch.e,0.15935038
52.1894,A,mrac.pitch.u_ad,-0.01760279
52.1894,A,mrac.roll.e,0.15656735
52.1894,A,mrac.roll.u_ad,0.01595767
52.1894,A,mrac.yaw.e,0.037767176
52.1894,A,mrac.yaw.u_ad,-0.00084760133
52.1894,A,mrac.z.e,0.16005051
52.1894,A,mrac.z.u_ad,-0.090267427
52.1894,A,status.arm,1
52.1894,A,status.flymode,1
52.1894,A,status.rc_authority,0
52.1894,A,status.sbus_lost,0
52.1894,A,status.twc_arrived,0
52.1894,A,status.twc_execute,0
52.4072,A,mrac.pitch.e,0.15935038
52.4072,A,mrac.pitch.u_ad,-0.01760279
52.4072,A,mrac.roll.e,0.15656735
52.4072,A,mrac.roll.u_ad,0.01595767
52.4072,A,mrac.yaw.e,0.037767176
52.4072,A,mrac.yaw.u_ad,-0.00084760133
52.4072,A,mrac.z.e,0.16005051
52.4072,A,mrac.z.u_ad,-0.090267427
52.4072,A,status.arm,1
52.4072,A,status.flymode,1
52.4072,A,status.rc_authority,0
52.4072,A,status.sbus_lost,0
52.4072,A,status.twc_arrived,0
52.4072,A,status.twc_execute,0
52.6229,A,mrac.pitch.e,0.15935038
52.6229,A,mrac.pitch.u_ad,-0.01760279
52.6229,A,mrac.roll.e,0.15656735
52.6229,A,mrac.roll.u_ad,0.01595767
52.6229,A,mrac.yaw.e,0.037767176
52.6229,A,mrac.yaw.u_ad,-0.00084760133
52.6229,A,mrac.z.e,0.16005051
52.6229,A,mrac.z.u_ad,-0.090267427
52.6229,A,status.arm,1
52.6229,A,status.flymode,1
52.6229,A,status.rc_authority,0
52.6229,A,status.sbus_lost,0
52.6229,A,status.twc_arrived,0
52.6229,A,status.twc_execute,0
52.8229,A,mrac.pitch.e,0.15935038
52.8229,A,mrac.pitch.u_ad,-0.01760279
52.8229,A,mrac.roll.e,0.15656735
52.8229,A,mrac.roll.u_ad,0.01595767
52.8229,A,mrac.yaw.e,0.037767176
52.8229,A,mrac.yaw.u_ad,-0.00084760133
52.8229,A,mrac.z.e,0.16005051
52.8229,A,mrac.z.u_ad,-0.090267427
52.8229,A,status.arm,1
52.8229,A,status.flymode,1
52.8229,A,status.rc_authority,0
52.8229,A,status.sbus_lost,0
52.8229,A,status.twc_arrived,0
52.8229,A,status.twc_execute,0
53.0409,A,mrac.pitch.e,0.15167908
53.0409,A,mrac.pitch.u_ad,-0.034229755
53.0409,A,mrac.roll.e,-0.0052321665
53.0409,A,mrac.roll.u_ad,0.030849528
53.0409,A,mrac.yaw.e,-0.021252897
53.0409,A,mrac.yaw.u_ad,0.0014611691
53.0409,A,mrac.z.e,0.27921039
53.0409,A,mrac.z.u_ad,-0.13823292
53.0409,A,status.arm,1
53.0409,A,status.flymode,1
53.0409,A,status.rc_authority,0
53.0409,A,status.sbus_lost,0
53.0409,A,status.twc_arrived,0
53.0409,A,status.twc_execute,0
53.2409,A,mrac.pitch.e,0.15167908
53.2409,A,mrac.pitch.u_ad,-0.034229755
53.2409,A,mrac.roll.e,-0.0052321665
53.2409,A,mrac.roll.u_ad,0.030849528
53.2409,A,mrac.yaw.e,-0.021252897
53.2409,A,mrac.yaw.u_ad,0.0014611691
53.2409,A,mrac.z.e,0.27921039
53.2409,A,mrac.z.u_ad,-0.13823292
53.2409,A,status.arm,1
53.2409,A,status.flymode,1
53.2409,A,status.rc_authority,0
53.2409,A,status.sbus_lost,0
53.2409,A,status.twc_arrived,0
53.2409,A,status.twc_execute,0
53.4569,A,mrac.pitch.e,0.062446654
53.4569,A,mrac.pitch.u_ad,-0.029696461
53.4569,A,mrac.roll.e,-0.055659398
53.4569,A,mrac.roll.u_ad,0.024468351
53.4569,A,mrac.yaw.e,-0.012218962
53.4569,A,mrac.yaw.u_ad,0.0043003527
53.4569,A,mrac.z.e,0.14378841
53.4569,A,mrac.z.u_ad,-0.091461614
53.4569,A,status.arm,1
53.4569,A,status.flymode,1
53.4569,A,status.rc_authority,0
53.4569,A,status.sbus_lost,0
53.4569,A,status.twc_arrived,0
53.4569,A,status.twc_execute,0
53.6760,A,mrac.pitch.e,0.15017407
53.6760,A,mrac.pitch.u_ad,-0.035668217
53.6760,A,mrac.roll.e,0.0080980174
53.6760,A,mrac.roll.u_ad,0.022811851
53.6760,A,mrac.yaw.e,-0.02815125
53.6760,A,mrac.yaw.u_ad,0.0043428475
53.6760,A,mrac.z.e,0.25415277
53.6760,A,mrac.z.u_ad,-0.13041484
53.6760,A,status.arm,1
53.6760,A,status.flymode,1
53.6760,A,status.rc_authority,0
53.6760,A,status.sbus_lost,0
53.6760,A,status.twc_arrived,0
53.6760,A,status.twc_execute,0
53.8743,A,mrac.pitch.e,0.13883132
53.8743,A,mrac.pitch.u_ad,-0.023685791
53.8743,A,mrac.roll.e,0.014328394
53.8743,A,mrac.roll.u_ad,0.0099951047
53.8743,A,mrac.yaw.e,-0.0033067861
53.8743,A,mrac.yaw.u_ad,0.008950307
53.8743,A,mrac.z.e,0.14536062
53.8743,A,mrac.z.u_ad,-0.092462286
53.8743,A,status.arm,1
53.8743,A,status.flymode,1
53.8743,A,status.rc_authority,0
53.8743,A,status.sbus_lost,0
53.8743,A,status.twc_arrived,0
53.8743,A,status.twc_execute,0
54.0781,A,mrac.pitch.e,0.29608011
54.0781,A,mrac.pitch.u_ad,-0.040543824
54.0781,A,mrac.roll.e,-0.11698762
54.0781,A,mrac.roll.u_ad,0.037041146
54.0781,A,mrac.yaw.e,0.028727913
54.0781,A,mrac.yaw.u_ad,0.010528956
54.0781,A,mrac.z.e,0.15329827
54.0781,A,mrac.z.u_ad,-0.095754102
54.0781,A,status.arm,1
54.0781,A,status.flymode,1
54.0781,A,status.rc_authority,0
54.0781,A,status.sbus_lost,0
54.0781,A,status.twc_arrived,0
54.0781,A,status.twc_execute,0
54.2903,A,mrac.pitch.e,0.063214146
54.2903,A,mrac.pitch.u_ad,-0.012847383
54.2903,A,mrac.roll.e,0.21603146
54.2903,A,mrac.roll.u_ad,-0.0075625796
54.2903,A,mrac.yaw.e,0.07484404
54.2903,A,mrac.yaw.u_ad,0.0030875783
54.2903,A,mrac.z.e,0.083966538
54.2903,A,mrac.z.u_ad,-0.069876835
54.2903,A,status.arm,1
54.2903,A,status.flymode,1
54.2903,A,status.rc_authority,0
54.2903,A,status.sbus_lost,0
54.2903,A,status.twc_arrived,0
54.2903,A,status.twc_execute,0
54.5079,A,mrac.pitch.e,0.039693758
54.5079,A,mrac.pitch.u_ad,-0.014180691
54.5079,A,mrac.roll.e,0.10081871
54.5079,A,mrac.roll.u_ad,0.011408497
54.5079,A,mrac.yaw.e,0.028799979
54.5079,A,mrac.yaw.u_ad,0.00098141655
54.5079,A,mrac.z.e,0.14858404
54.5079,A,mrac.z.u_ad,-0.093078725
54.5079,A,status.arm,1
54.5079,A,status.flymode,1
54.5079,A,status.rc_authority,0
54.5079,A,status.sbus_lost,0
54.5079,A,status.twc_arrived,0
54.5079,A,status.twc_execute,0
54.7084,A,mrac.pitch.e,0.015049376
54.7084,A,mrac.pitch.u_ad,-0.0079446621
54.7084,A,mrac.roll.e,0.1158857
54.7084,A,mrac.roll.u_ad,0.0046007149
54.7084,A,mrac.yaw.e,0.031462777
54.7084,A,mrac.yaw.u_ad,0.001024757
54.7084,A,mrac.z.e,0.14838405
54.7084,A,mrac.z.u_ad,-0.093075022
54.7084,A,status.arm,1
54.7084,A,status.flymode,1
54.7084,A,status.rc_authority,0
54.7084,A,status.sbus_lost,0
54.7084,A,status.twc_arrived,0
54.7084,A,status.twc_execute,0
54.9254,A,mrac.pitch.e,0.015049376
54.9254,A,mrac.pitch.u_ad,-0.0079446621
54.9254,A,mrac.roll.e,0.1158857
54.9254,A,mrac.roll.u_ad,0.0046007149
54.9254,A,mrac.yaw.e,0.031462777
54.9254,A,mrac.yaw.u_ad,0.001024757
54.9254,A,mrac.z.e,0.14838405
54.9254,A,mrac.z.u_ad,-0.093075022
54.9254,A,status.arm,1
54.9254,A,status.flymode,1
54.9254,A,status.rc_authority,0
54.9254,A,status.sbus_lost,0
54.9254,A,status.twc_arrived,0
54.9254,A,status.twc_execute,0
55.1418,A,mrac.pitch.e,0.15594181
55.1418,A,mrac.pitch.u_ad,-0.021799019
55.1418,A,mrac.roll.e,-0.094177954
55.1418,A,mrac.roll.u_ad,0.02689724
55.1418,A,mrac.yaw.e,0.0022594649
55.1418,A,mrac.yaw.u_ad,0.0024275701
55.1418,A,mrac.z.e,0.15211233
55.1418,A,mrac.z.u_ad,-0.095240831
55.1418,A,status.arm,1
55.1418,A,status.flymode,1
55.1418,A,status.rc_authority,0
55.1418,A,status.sbus_lost,0
55.1418,A,status.twc_arrived,0
55.1418,A,status.twc_execute,0
55.3425,A,mrac.pitch.e,0.15594181
55.3425,A,mrac.pitch.u_ad,-0.021799019
55.3425,A,mrac.roll.e,-0.094177954
55.3425,A,mrac.roll.u_ad,0.02689724
55.3425,A,mrac.yaw.e,0.0022594649
55.3425,A,mrac.yaw.u_ad,0.0024275701
55.3425,A,mrac.z.e,0.15211233
55.3425,A,mrac.z.u_ad,-0.095240831
55.3425,A,status.arm,1
55.3425,A,status.flymode,1
55.3425,A,status.rc_authority,0
55.3425,A,status.sbus_lost,0
55.3425,A,status.twc_arrived,0
55.3425,A,status.twc_execute,0
55.5578,A,mrac.pitch.e,0.15594181
55.5578,A,mrac.pitch.u_ad,-0.021799019
55.5578,A,mrac.roll.e,-0.094177954
55.5578,A,mrac.roll.u_ad,0.02689724
55.5578,A,mrac.yaw.e,0.0022594649
55.5578,A,mrac.yaw.u_ad,0.0024275701
55.5578,A,mrac.z.e,0.15211233
55.5578,A,mrac.z.u_ad,-0.095240831
55.5578,A,status.arm,1
55.5578,A,status.flymode,1
55.5578,A,status.rc_authority,0
55.5578,A,status.sbus_lost,0
55.5578,A,status.twc_arrived,0
55.5578,A,status.twc_execute,0
55.7578,A,mrac.pitch.e,0.15594181
55.7578,A,mrac.pitch.u_ad,-0.021799019
55.7578,A,mrac.roll.e,-0.094177954
55.7578,A,mrac.roll.u_ad,0.02689724
55.7578,A,mrac.yaw.e,0.0022594649
55.7578,A,mrac.yaw.u_ad,0.0024275701
55.7578,A,mrac.z.e,0.15211233
55.7578,A,mrac.z.u_ad,-0.095240831
55.7578,A,status.arm,1
55.7578,A,status.flymode,1
55.7578,A,status.rc_authority,0
55.7578,A,status.sbus_lost,0
55.7578,A,status.twc_arrived,0
55.7578,A,status.twc_execute,0
55.9761,A,mrac.pitch.e,0.15594181
55.9761,A,mrac.pitch.u_ad,-0.021799019
55.9761,A,mrac.roll.e,-0.094177954
55.9761,A,mrac.roll.u_ad,0.02689724
55.9761,A,mrac.yaw.e,0.0022594649
55.9761,A,mrac.yaw.u_ad,0.0024275701
55.9761,A,mrac.z.e,0.15211233
55.9761,A,mrac.z.u_ad,-0.095240831
55.9761,A,status.arm,1
55.9761,A,status.flymode,1
55.9761,A,status.rc_authority,0
55.9761,A,status.sbus_lost,0
55.9761,A,status.twc_arrived,0
55.9761,A,status.twc_execute,0
56.1910,A,mrac.pitch.e,0.15594181
56.1910,A,mrac.pitch.u_ad,-0.021799019
56.1910,A,mrac.roll.e,-0.094177954
56.1910,A,mrac.roll.u_ad,0.02689724
56.1910,A,mrac.yaw.e,0.0022594649
56.1910,A,mrac.yaw.u_ad,0.0024275701
56.1910,A,mrac.z.e,0.15211233
56.1910,A,mrac.z.u_ad,-0.095240831
56.1910,A,status.arm,1
56.1910,A,status.flymode,1
56.1910,A,status.rc_authority,0
56.1910,A,status.sbus_lost,0
56.1910,A,status.twc_arrived,0
56.1910,A,status.twc_execute,0
56.3911,A,mrac.pitch.e,0.15594181
56.3911,A,mrac.pitch.u_ad,-0.021799019
56.3911,A,mrac.roll.e,-0.094177954
56.3911,A,mrac.roll.u_ad,0.02689724
56.3911,A,mrac.yaw.e,0.0022594649
56.3911,A,mrac.yaw.u_ad,0.0024275701
56.3911,A,mrac.z.e,0.15211233
56.3911,A,mrac.z.u_ad,-0.095240831
56.3911,A,status.arm,1
56.3911,A,status.flymode,1
56.3911,A,status.rc_authority,0
56.3911,A,status.sbus_lost,0
56.3911,A,status.twc_arrived,0
56.3911,A,status.twc_execute,0
56.6089,A,mrac.pitch.e,0.15594181
56.6089,A,mrac.pitch.u_ad,-0.021799019
56.6089,A,mrac.roll.e,-0.094177954
56.6089,A,mrac.roll.u_ad,0.02689724
56.6089,A,mrac.yaw.e,0.0022594649
56.6089,A,mrac.yaw.u_ad,0.0024275701
56.6089,A,mrac.z.e,0.15211233
56.6089,A,mrac.z.u_ad,-0.095240831
56.6089,A,status.arm,1
56.6089,A,status.flymode,1
56.6089,A,status.rc_authority,0
56.6089,A,status.sbus_lost,0
56.6089,A,status.twc_arrived,0
56.6089,A,status.twc_execute,0
56.8090,A,mrac.pitch.e,0.15594181
56.8090,A,mrac.pitch.u_ad,-0.021799019
56.8090,A,mrac.roll.e,-0.094177954
56.8090,A,mrac.roll.u_ad,0.02689724
56.8090,A,mrac.yaw.e,0.0022594649
56.8090,A,mrac.yaw.u_ad,0.0024275701
56.8090,A,mrac.z.e,0.15211233
56.8090,A,mrac.z.u_ad,-0.095240831
56.8090,A,status.arm,1
56.8090,A,status.flymode,1
56.8090,A,status.rc_authority,0
56.8090,A,status.sbus_lost,0
56.8090,A,status.twc_arrived,0
56.8090,A,status.twc_execute,0
57.0098,A,mrac.pitch.e,0.15594181
57.0098,A,mrac.pitch.u_ad,-0.021799019
57.0098,A,mrac.roll.e,-0.094177954
57.0098,A,mrac.roll.u_ad,0.02689724
57.0098,A,mrac.yaw.e,0.0022594649
57.0098,A,mrac.yaw.u_ad,0.0024275701
57.0098,A,mrac.z.e,0.15211233
57.0098,A,mrac.z.u_ad,-0.095240831
57.0098,A,status.arm,1
57.0098,A,status.flymode,1
57.0098,A,status.rc_authority,0
57.0098,A,status.sbus_lost,0
57.0098,A,status.twc_arrived,0
57.0098,A,status.twc_execute,0
57.2249,A,mrac.pitch.e,0.10161844
57.2249,A,mrac.pitch.u_ad,-0.023800053
57.2249,A,mrac.roll.e,0.082406871
57.2249,A,mrac.roll.u_ad,-0.0018216353
57.2249,A,mrac.yaw.e,-0.073720179
57.2249,A,mrac.yaw.u_ad,0.019346002
57.2249,A,mrac.z.e,0.14141735
57.2249,A,mrac.z.u_ad,-0.089804456
57.2249,A,status.arm,1
57.2249,A,status.flymode,1
57.2249,A,status.rc_authority,0
57.2249,A,status.sbus_lost,0
57.2249,A,status.twc_arrived,0
57.2249,A,status.twc_execute,0
57.4267,A,mrac.pitch.e,0.23260558
57.4267,A,mrac.pitch.u_ad,-0.041070469
57.4267,A,mrac.roll.e,0.0051764809
57.4267,A,mrac.roll.u_ad,0.027225735
57.4267,A,mrac.yaw.e,0.0523265
57.4267,A,mrac.yaw.u_ad,0.017620234
57.4267,A,mrac.z.e,0.0095470548
57.4267,A,mrac.z.u_ad,-0.041035309
57.4267,A,status.arm,1
57.4267,A,status.flymode,1
57.4267,A,status.rc_authority,0
57.4267,A,status.sbus_lost,0
57.4267,A,status.twc_arrived,0
57.4267,A,status.twc_execute,0
57.6447,A,mrac.pitch.e,-0.06491942
57.6447,A,mrac.pitch.u_ad,0.0068546347
57.6447,A,mrac.roll.e,-0.037976533
57.6447,A,mrac.roll.u_ad,0.014248789
57.6447,A,mrac.yaw.e,0.13414839
57.6447,A,mrac.yaw.u_ad,0.014690401
57.6447,A,mrac.z.e,0.17291148
57.6447,A,mrac.z.u_ad,-0.10053024
57.6447,A,status.arm,1
57.6447,A,status.flymode,1
57.6447,A,status.rc_authority,0
57.6447,A,status.sbus_lost,0
57.6447,A,status.twc_arrived,0
57.6447,A,status.twc_execute,0
57.8596,A,mrac.pitch.e,-0.12340127
57.8596,A,mrac.pitch.u_ad,0.00303749
57.8596,A,mrac.roll.e,0.12535623
57.8596,A,mrac.roll.u_ad,-0.0022589769
57.8596,A,mrac.yaw.e,0.03787284
57.8596,A,mrac.yaw.u_ad,0.013235584
57.8596,A,mrac.z.e,0.27944699
57.8596,A,mrac.z.u_ad,-0.13973083
57.8596,A,status.arm,1
57.8596,A,status.flymode,1
57.8596,A,status.rc_authority,0
57.8596,A,status.sbus_lost,0
57.8596,A,status.twc_arrived,0
57.8596,A,status.twc_execute,0
58.0618,A,mrac.pitch.e,0.17636074
58.0618,A,mrac.pitch.u_ad,-0.027936257
58.0618,A,mrac.roll.e,-0.1368323
58.0618,A,mrac.roll.u_ad,0.044501554
58.0618,A,mrac.yaw.e,-0.12544408
58.0618,A,mrac.yaw.u_ad,0.019309284
58.0618,A,mrac.z.e,0.083409414
58.0618,A,mrac.z.u_ad,-0.069057502
58.0618,A,status.arm,1
58.0618,A,status.flymode,1
58.0618,A,status.rc_authority,0
58.0618,A,status.sbus_lost,0
58.0618,A,status.twc_arrived,0
58.0618,A,status.twc_execute,0
58.2671,A,mrac.pitch.e,0.02421701
58.2671,A,mrac.pitch.u_ad,-0.0063562058
58.2671,A,mrac.roll.e,-0.068575896
58.2671,A,mrac.roll.u_ad,0.017027399
58.2671,A,mrac.yaw.e,0.035004321
58.2671,A,mrac.yaw.u_ad,0.01596023
58.2671,A,mrac.z.e,0.1324998
58.2671,A,mrac.z.u_ad,-0.086553685
58.2671,A,status.arm,1
58.2671,A,status.flymode,1
58.2671,A,status.rc_authority,0
58.2671,A,status.sbus_lost,0
58.2671,A,status.twc_arrived,0
58.2671,A,status.twc_execute,0
58.4790,A,mrac.pitch.e,0.10014903
58.4790,A,mrac.pitch.u_ad,-0.02721725
58.4790,A,mrac.roll.e,-0.13356866
58.4790,A,mrac.roll.u_ad,0.02768763
58.4790,A,mrac.yaw.e,0.0012126481
58.4790,A,mrac.yaw.u_ad,0.018218877
58.4790,A,mrac.z.e,0.15423407
58.4790,A,mrac.z.u_ad,-0.095863618
58.4790,A,status.arm,1
58.4790,A,status.flymode,1
58.4790,A,status.rc_authority,0
58.4790,A,status.sbus_lost,0
58.4790,A,status.twc_arrived,0
58.4790,A,status.twc_execute,0
58.7014,A,mrac.pitch.e,0.066845737
58.7014,A,mrac.pitch.u_ad,-0.017041873
58.7014,A,mrac.roll.e,0.026666462
58.7014,A,mrac.roll.u_ad,0.033144396
58.7014,A,mrac.yaw.e,0.0092109665
58.7014,A,mrac.yaw.u_ad,0.019631896
58.7014,A,mrac.z.e,0.14964016
58.7014,A,mrac.z.u_ad,-0.094327532
58.7014,A,status.arm,1
58.7014,A,status.flymode,1
58.7014,A,status.rc_authority,0
58.7014,A,status.sbus_lost,0
58.7014,A,status.twc_arrived,0
58.7014,A,status.twc_execute,0
58.8998,A,mrac.pitch.e,0.20404696
58.8998,A,mrac.pitch.u_ad,-0.017420003
58.8998,A,mrac.roll.e,-0.045582607
58.8998,A,mrac.roll.u_ad,0.028479554
58.8998,A,mrac.yaw.e,0.00092882011
58.8998,A,mrac.yaw.u_ad,0.020408057
58.8998,A,mrac.z.e,0.15057695
58.8998,A,mrac.z.u_ad,-0.094835579
58.8998,A,status.arm,1
58.8998,A,status.flymode,1
58.8998,A,status.rc_authority,0
58.8998,A,status.sbus_lost,0
58.8998,A,status.twc_arrived,0
58.8998,A,status.twc_execute,0
59.1088,A,mrac.pitch.e,0.20404696
59.1088,A,mrac.pitch.u_ad,-0.017420003
59.1088,A,mrac.roll.e,-0.045582607
59.1088,A,mrac.roll.u_ad,0.028479554
59.1088,A,mrac.yaw.e,0.00092882011
59.1088,A,mrac.yaw.u_ad,0.020408057
59.1088,A,mrac.z.e,0.15057695
59.1088,A,mrac.z.u_ad,-0.094835579
59.1088,A,status.arm,1
59.1088,A,status.flymode,1
59.1088,A,status.rc_authority,0
59.1088,A,status.sbus_lost,0
59.1088,A,status.twc_arrived,0
59.1088,A,status.twc_execute,0
59.3242,A,mrac.pitch.e,0.20404696
59.3242,A,mrac.pitch.u_ad,-0.017420003
59.3242,A,mrac.roll.e,-0.045582607
59.3242,A,mrac.roll.u_ad,0.028479554
59.3242,A,mrac.yaw.e,0.00092882011
59.3242,A,mrac.yaw.u_ad,0.020408057
59.3242,A,mrac.z.e,0.15057695
59.3242,A,mrac.z.u_ad,-0.094835579
59.3242,A,status.arm,1
59.3242,A,status.flymode,1
59.3242,A,status.rc_authority,0
59.3242,A,status.sbus_lost,0
59.3242,A,status.twc_arrived,0
59.3242,A,status.twc_execute,0
59.5254,A,mrac.pitch.e,0.24596655
59.5254,A,mrac.pitch.u_ad,-0.043393966
59.5254,A,mrac.roll.e,0.11240502
59.5254,A,mrac.roll.u_ad,2.8189272e-05
59.5254,A,mrac.yaw.e,0.066646568
59.5254,A,mrac.yaw.u_ad,0.013553288
59.5254,A,mrac.z.e,0.051480219
59.5254,A,mrac.z.u_ad,-0.058204688
59.5254,A,status.arm,1
59.5254,A,status.flymode,1
59.5254,A,status.rc_authority,0
59.5254,A,status.sbus_lost,0
59.5254,A,status.twc_arrived,0
59.5254,A,status.twc_execute,0
59.7404,A,mrac.pitch.e,0.14452282
59.7404,A,mrac.pitch.u_ad,-0.03109633
59.7404,A,mrac.roll.e,-0.058575913
59.7404,A,mrac.roll.u_ad,0.027142767
59.7404,A,mrac.yaw.e,0.0076551288
59.7404,A,mrac.yaw.u_ad,0.010074068
59.7404,A,mrac.z.e,-0.043330967
59.7404,A,mrac.z.u_ad,-0.022739669
59.7404,A,status.arm,1
59.7404,A,status.flymode,1
59.7404,A,status.rc_authority,0
59.7404,A,status.sbus_lost,0
59.7404,A,status.twc_arrived,0
59.7404,A,status.twc_execute,0
59.9441,A,mrac.pitch.e,0.012604229
59.9441,A,mrac.pitch.u_ad,-0.0034349551
59.9441,A,mrac.roll.e,-0.055660393
59.9441,A,mrac.roll.u_ad,0.015888279
59.9441,A,mrac.yaw.e,-0.14796706
59.9441,A,mrac.yaw.u_ad,0.015036189
59.9441,A,mrac.z.e,0.11752328
59.9441,A,mrac.z.u_ad,-0.080007404
59.9441,A,status.arm,1
59.9441,A,status.flymode,1
59.9441,A,status.rc_authority,0
59.9441,A,status.sbus_lost,0
59.9441,A,status.twc_arrived,0
59.9441,A,status.twc_execute,0
60.1573,A,mrac.pitch.e,-0.035380572
60.1573,A,mrac.pitch.u_ad,-0.00078409351
60.1573,A,mrac.roll.e,-0.094747983
60.1573,A,mrac.roll.u_ad,0.02906239
60.1573,A,mrac.yaw.e,-0.039096747
60.1573,A,mrac.yaw.u_ad,0.017508704
60.1573,A,mrac.z.e,0.19236356
60.1573,A,mrac.z.u_ad,-0.10796639
60.1573,A,status.arm,1
60.1573,A,status.flymode,1
60.1573,A,status.rc_authority,0
60.1573,A,status.sbus_lost,0
60.1573,A,status.twc_arrived,0
60.1573,A,status.twc_execute,0
60.3650,A,mrac.pitch.e,0.18960173
60.3650,A,mrac.pitch.u_ad,-0.032572411
60.3650,A,mrac.roll.e,-0.12774152
60.3650,A,mrac.roll.u_ad,0.034849204
60.3650,A,mrac.yaw.e,0.00076588988
60.3650,A,mrac.yaw.u_ad,0.0065846313
60.3650,A,mrac.z.e,0.07771112
60.3650,A,mrac.z.u_ad,-0.065884441
60.3650,A,status.arm,1
60.3650,A,status.flymode,1
60.3650,A,status.rc_authority,0
60.3650,A,status.sbus_lost,0
60.3650,A,status.twc_arrived,0
60.3650,A,status.twc_execute,0
60.5660,A,mrac.pitch.e,0.11768762
60.5660,A,mrac.pitch.u_ad,-0.020156927
60.5660,A,mrac.roll.e,0.19653459
60.5660,A,mrac.roll.u_ad,-0.00031752721
60.5660,A,mrac.yaw.e,0.084185034
60.5660,A,mrac.yaw.u_ad,0.0035497956
60.5660,A,mrac.z.e,-0.0068496615
60.5660,A,mrac.z.u_ad,-0.035675816
60.5660,A,status.arm,1
60.5660,A,status.flymode,1
60.5660,A,status.rc_authority,0
60.5660,A,status.sbus_lost,0
60.5660,A,status.twc_arrived,0
60.5660,A,status.twc_execute,0
60.7755,A,mrac.pitch.e,0.064488523
60.7755,A,mrac.pitch.u_ad,-0.019961657
60.7755,A,mrac.roll.e,-0.20990911
60.7755,A,mrac.roll.u_ad,0.058898229
60.7755,A,mrac.yaw.e,0.050729703
60.7755,A,mrac.yaw.u_ad,-0.0031666802
60.7755,A,mrac.z.e,0.21080837
60.7755,A,mrac.z.u_ad,-0.11219826
60.7755,A,status.arm,1
60.7755,A,status.flymode,1
60.7755,A,status.rc_authority,0
60.7755,A,status.sbus_lost,0
60.7755,A,status.twc_arrived,0
60.7755,A,status.twc_execute,0
60.9958,A,mrac.pitch.e,0.20993036
60.9958,A,mrac.pitch.u_ad,-0.017946046
60.9958,A,mrac.roll.e,0.016433153
60.9958,A,mrac.roll.u_ad,0.043227606
60.9958,A,mrac.yaw.e,0.13948455
60.9958,A,mrac.yaw.u_ad,-0.0093984772
60.9958,A,mrac.z.e,-0.022789001
60.9958,A,mrac.z.u_ad,-0.027487583
60.9958,A,status.arm,1
60.9958,A,status.flymode,1
60.9958,A,status.rc_authority,0
60.9958,A,status.sbus_lost,0
60.9958,A,status.twc_arrived,0
60.9958,A,status.twc_execute,0
