t_s,frame,key,value
0.0637,A,mrac.pitch.e,0.019590557
0.0637,A,mrac.pitch.u_ad,-0.0055961413
0.0637,A,mrac.roll.e,0.11926448
0.0637,A,mrac.roll.u_ad,-0.00306537
0.0637,A,mrac.yaw.e,0.051153783
0.0637,A,mrac.yaw.u_ad,-0.0098498501
0.0637,A,mrac.z.e,0.040930342
0.0637,A,mrac.z.u_ad,-0.021224238
0.0637,A,status.arm,1
0.0637,A,status.flymode,1
0.0637,A,status.rc_authority,1
0.0637,A,status.sbus_lost,0
0.0637,A,status.twc_arrived,0
0.0637,A,status.twc_execute,1
0.0637,B,mrac.pitch.theta_0,0.0024213628
0.0637,B,mrac.pitch.theta_1,0.00040426519
0.0637,B,mrac.pitch.theta_2,0.0050878096
0.0637,B,mrac.pitch.theta_3,0.0051118373
0.0637,B,mrac.pitch.theta_4,0.18135746
0.0637,B,mrac.pitch.theta_5,0.14145561
0.0637,B,mrac.pitch.u_nom,0.029777449
0.0637,B,mrac.pitch.xm,-0.10075953
0.0637,B,mrac.roll.theta_0,0.02880878
0.0637,B,mrac.roll.theta_1,9.4894647e-05
0.0637,B,mrac.roll.theta_2,0.0032149188
0.0637,B,mrac.roll.theta_3,0.0030286205
0.0637,B,mrac.roll.theta_4,0.11935081
0.0637,B,mrac.roll.theta_5,0.11976105
0.0637,B,mrac.roll.u_nom,-0.031699479
0.0637,B,mrac.roll.xm,-0.013072615
0.0637,B,mrac.yaw.theta_0,1.4599578e-10
0.0637,B,mrac.yaw.theta_1,0.0014597449
0.0637,B,mrac.yaw.theta_2,0.0019640732
0.0637,B,mrac.yaw.theta_3,0
0.0637,B,mrac.yaw.theta_4,0.078582376
0.0637,B,mrac.yaw.theta_5,0.08815144
0.0637,B,mrac.yaw.u_nom,-0.034156621
0.0637,B,mrac.yaw.xm,-0.091306999
0.0637,B,mrac.z.theta_0,0.01309439
0.0637,B,mrac.z.theta_1,0.0011503865
0.0637,B,mrac.z.theta_2,0.0027372623
0.0637,B,mrac.z.theta_3,0
0.0637,B,mrac.z.theta_4,0.19725609
0.0637,B,mrac.z.theta_5,0.19183291
0.0637,B,mrac.z.u_nom,-0.17902152
0.0637,B,mrac.z.xm,-0.067461111
0.0637,B,path.active_path_mode,1
0.0637,B,path.circle_theta,0
0.0637,B,path.sinusoid_t_elapsed,30.002968
0.0637,B,path.twc_arrived,0
0.0637,B,path.twc_target_x,-40
0.0637,B,path.twc_target_y,-29.999998
0.0637,B,path.twc_target_z,0.5
0.0637,B,pid.gyrox.Des,-0.74900532
0.0637,B,pid.gyrox.FB,-0.83674127
0.0637,B,pid.gyrox.U,-37.08839
0.0637,B,pid.gyroy.Des,-5.7730932
0.0637,B,pid.gyroy.FB,-2.9213622
0.0637,B,pid.gyroy.U,34.839615
0.0637,B,pid.gyroz.Des,-5.2315035
0.0637,B,pid.gyroz.FB,2.500818
0.0637,B,pid.gyroz.U,-63.941193
0.0637,B,pid.locx.Des,-40
0.0637,B,pid.locx.FB,-47.374317
0.0637,B,pid.locx.U,7.9714417
0.0637,B,pid.locxs.Des,7.9714417
0.0637,B,pid.locxs.FB,-4.0092235
0.0637,B,pid.locxs.U,36.038429
0.0637,B,pid.locy.Des,-29.999998
0.0637,B,pid.locy.FB,-15.048254
0.0637,B,pid.locy.U,-13.962075
0.0637,B,pid.locys.Des,-13.962075
0.0637,B,pid.locys.FB,-0.96235615
0.0637,B,pid.locys.U,-39.002033
0.0637,B,pid.pitch.Des,-2.2565153
0.0637,B,pid.pitch.FB,-0.35545102
0.0637,B,pid.pitch.U,-5.7730932
0.0637,B,pid.roll.Des,-2.1258721
0.0637,B,pid.roll.FB,-1.8178334
0.0637,B,pid.roll.U,-0.74900532
0.0637,B,pid.yaw.Des,0
0.0637,B,pid.yaw.FB,0.53858393
0.0637,B,pid.yaw.U,-5.2315035
0.0637,B,pid.z_pos.Des,0.5
0.0637,B,pid.z_pos.FB,0.49973875
0.0637,B,pid.z_pos.U,-0.067461111
0.0637,B,pid.z_rate.Des,-0.067461111
0.0637,B,pid.z_rate.FB,-0.00072916661
0.0637,B,pid.z_rate.U,-39.742779
0.2801,A,mrac.pitch.e,-0.1576252
0.2801,A,mrac.pitch.u_ad,0.011344605
0.2801,A,mrac.roll.e,0.11391121
0.2801,A,mrac.roll.u_ad,0.020012207
0.2801,A,mrac.yaw.e,0.068674304
0.2801,A,mrac.yaw.u_ad,-0.0087334123
0.2801,A,mrac.z.e,-0.014328481
0.2801,A,mrac.z.u_ad,0.0093539953
0.2801,A,status.arm,1
0.2801,A,status.flymode,1
0.2801,A,status.rc_authority,1
0.2801,A,status.sbus_lost,0
0.2801,A,status.twc_arrived,0
0.2801,A,status.twc_execute,1
0.2802,B,mrac.pitch.theta_0,0.0018794314
0.2802,B,mrac.pitch.theta_1,0.0003908354
0.2802,B,mrac.pitch.theta_2,0.0050706882
0.2802,B,mrac.pitch.theta_3,0.0051131449
0.2802,B,mrac.pitch.theta_4,0.18139271
0.2802,B,mrac.pitch.theta_5,0.14146487
0.2802,B,mrac.pitch.u_nom,0.024449525
0.2802,B,mrac.pitch.xm,-0.077749006
0.2802,B,mrac.roll.theta_0,0.037941486
0.2802,B,mrac.roll.theta_1,0.00012908106
0.2802,B,mrac.roll.theta_2,0.0032841873
0.2802,B,mrac.roll.theta_3,0.0030293274
0.2802,B,mrac.roll.theta_4,0.11948363
0.2802,B,mrac.roll.theta_5,0.11990925
0.2802,B,mrac.roll.u_nom,-0.031189777
0.2802,B,mrac.roll.xm,-0.057852231
0.2802,B,mrac.yaw.theta_0,7.5231994e-11
0.2802,B,mrac.yaw.theta_1,0.0014564563
0.2802,B,mrac.yaw.theta_2,0.001963147
0.2802,B,mrac.yaw.theta_3,0
0.2802,B,mrac.yaw.theta_4,0.078606896
0.2802,B,mrac.yaw.theta_5,0.088148929
0.2802,B,mrac.yaw.u_nom,-0.036274452
0.2802,B,mrac.yaw.xm,-0.090278253
0.2802,B,mrac.z.theta_0,0.012884281
0.2802,B,mrac.z.theta_1,0.0011506811
0.2802,B,mrac.z.theta_2,0.0027371948
0.2802,B,mrac.z.theta_3,0
0.2802,B,mrac.z.theta_4,0.19725013
0.2802,B,mrac.z.theta_5,0.19182761
0.2802,B,mrac.z.u_nom,-0.03133563
0.2802,B,mrac.z.xm,0.011949416
0.2802,B,path.active_path_mode,1
0.2802,B,path.circle_theta,0
0.2802,B,path.sinusoid_t_elapsed,30.002968
0.2802,B,path.twc_arrived,0
0.2802,B,path.twc_target_x,-10.000002
0.2802,B,path.twc_target_y,-29.999998
0.2802,B,path.twc_target_z,0.60000002
0.2802,B,pid.gyrox.Des,-3.3146873
0.2802,B,pid.gyrox.FB,0.50029892
0.2802,B,pid.gyrox.U,-36.492039
0.2802,B,pid.gyroy.Des,-4.4546881
0.2802,B,pid.gyroy.FB,-2.6347351
0.2802,B,pid.gyroy.U,28.605944
0.2802,B,pid.gyroz.Des,-5.1725607
0.2802,B,pid.gyroz.FB,3.0399489
0.2802,B,pid.gyroz.U,-67.905777
0.2802,B,pid.locx.Des,-10.000002
0.2802,B,pid.locx.FB,-47.865074
0.2802,B,pid.locx.U,32.292419
0.2802,B,pid.locxs.Des,32.292419
0.2802,B,pid.locxs.FB,-0.027685398
0.2802,B,pid.locxs.U,91.010361
0.2802,B,pid.locy.Des,-29.999998
0.2802,B,pid.locy.FB,-15.118017
0.2802,B,pid.locy.U,-13.869584
0.2802,B,pid.locys.Des,-13.869584
0.2802,B,pid.locys.FB,-2.9998722
0.2802,B,pid.locys.U,-26.498783
0.2802,B,pid.pitch.Des,-1.4945331
0.2802,B,pid.pitch.FB,-0.11584201
0.2802,B,pid.pitch.U,-4.4546881
0.2802,B,pid.roll.Des,-5.3160682
0.2802,B,pid.roll.FB,-4.2874956
0.2802,B,pid.roll.U,-3.3146873
0.2802,B,pid.yaw.Des,0
0.2802,B,pid.yaw.FB,0.52876008
0.2802,B,pid.yaw.U,-5.1725607
0.2802,B,pid.z_pos.Des,0.60000002
0.2802,B,pid.z_pos.FB,0.49859974
0.2802,B,pid.z_pos.U,0.011949416
0.2802,B,pid.z_rate.Des,0.011949416
0.2802,B,pid.z_rate.FB,-0.0028481872
0.2802,B,pid.z_rate.U,-6.9565096
0.4806,A,mrac.pitch.e,0.081316344
0.4806,A,mrac.pitch.u_ad,-0.014186982
0.4806,A,mrac.roll.e,0.24956127
0.4806,A,mrac.roll.u_ad,0.020548977
0.4806,A,mrac.yaw.e,0.086244665
0.4806,A,mrac.yaw.u_ad,-0.010495342
0.4806,A,mrac.z.e,0.039247464
0.4806,A,mrac.z.u_ad,-0.01187614
0.4806,A,status.arm,1
0.4806,A,status.flymode,1
0.4806,A,status.rc_authority,1
0.4806,A,status.sbus_lost,0
0.4806,A,status.twc_arrived,0
0.4806,A,status.twc_execute,1
0.4806,B,mrac.pitch.theta_0,0.0030465191
0.4806,B,mrac.pitch.theta_1,0.00039294627
0.4806,B,mrac.pitch.theta_2,0.0050708791
0.4806,B,mrac.pitch.theta_3,0.0051129642
0.4806,B,mrac.pitch.theta_4,0.1814099
0.4806,B,mrac.pitch.theta_5,0.14146104
0.4806,B,mrac.pitch.u_nom,-0.01021423
0.4806,B,mrac.pitch.xm,-0.10151681
0.4806,B,mrac.roll.theta_0,0.036879633
0.4806,B,mrac.roll.theta_1,0.0001300513
0.4806,B,mrac.roll.theta_2,0.0032851894
0.4806,B,mrac.roll.theta_3,0.0030292254
0.4806,B,mrac.roll.theta_4,0.11952078
0.4806,B,mrac.roll.theta_5,0.11993519
0.4806,B,mrac.roll.u_nom,-0.050728284
0.4806,B,mrac.roll.xm,-0.045731846
0.4806,B,mrac.yaw.theta_0,5.2442412e-11
0.4806,B,mrac.yaw.theta_1,0.0014554405
0.4806,B,mrac.yaw.theta_2,0.0019626201
0.4806,B,mrac.yaw.theta_3,0
0.4806,B,mrac.yaw.theta_4,0.078617625
0.4806,B,mrac.yaw.theta_5,0.088146254
0.4806,B,mrac.yaw.u_nom,-0.021414272
0.4806,B,mrac.yaw.xm,-0.089516915
0.4806,B,mrac.z.theta_0,0.012314009
0.4806,B,mrac.z.theta_1,0.0011307738
0.4806,B,mrac.z.theta_2,0.0027339133
0.4806,B,mrac.z.theta_3,0
0.4806,B,mrac.z.theta_4,0.19725592
0.4806,B,mrac.z.theta_5,0.19180739
0.4806,B,mrac.z.u_nom,-0.37355012
0.4806,B,mrac.z.xm,0.0059016733
0.4806,B,path.active_path_mode,1
0.4806,B,path.circle_theta,0
0.4806,B,path.sinusoid_t_elapsed,30.002968
0.4806,B,path.twc_arrived,0
0.4806,B,path.twc_target_x,-10.000002
0.4806,B,path.twc_target_y,-29.999998
0.4806,B,path.twc_target_z,0.60000002
0.4806,B,pid.gyrox.Des,-2.6202407
0.4806,B,pid.gyrox.FB,-2.4856849
0.4806,B,pid.gyrox.U,-59.352093
0.4806,B,pid.gyroy.Des,-5.8164825
0.4806,B,pid.gyroy.FB,1.982101
0.4806,B,pid.gyroy.U,-11.950649
0.4806,B,pid.gyroz.Des,-5.1289392
0.4806,B,pid.gyroz.FB,-0.37795734
0.4806,B,pid.gyroz.U,-40.087517
0.4806,B,pid.locx.Des,-10.000002
0.4806,B,pid.locx.FB,-47.145523
0.4806,B,pid.locx.U,31.43642
0.4806,B,pid.locxs.Des,31.43642
0.4806,B,pid.locxs.FB,6.9906087
0.4806,B,pid.locxs.U,72.877747
0.4806,B,pid.locy.Des,-29.999998
0.4806,B,pid.locy.FB,-15.174485
0.4806,B,pid.locy.U,-13.857821
0.4806,B,pid.locys.Des,-13.857821
0.4806,B,pid.locys.FB,-1.0636697
0.4806,B,pid.locys.U,-38.402443
0.4806,B,pid.pitch.Des,-2.1975904
0.4806,B,pid.pitch.FB,-0.40999687
0.4806,B,pid.pitch.U,-5.8164825
0.4806,B,pid.roll.Des,-4.2701287
0.4806,B,pid.roll.FB,-4.2858543
0.4806,B,pid.roll.U,-2.6202407
0.4806,B,pid.yaw.Des,0
0.4806,B,pid.yaw.FB,0.52148986
0.4806,B,pid.yaw.U,-5.1289392
0.4806,B,pid.z_pos.Des,0.60000002
0.4806,B,pid.z_pos.FB,0.51853257
0.4806,B,pid.z_pos.U,0.0059016733
0.4806,B,pid.z_rate.Des,0.0059016733
0.4806,B,pid.z_rate.FB,0.18059698
0.4806,B,pid.z_rate.U,-82.928123
0.6969,A,mrac.pitch.e,0.10933027
0.6969,A,mrac.pitch.u_ad,-0.032881644
0.6969,A,mrac.roll.e,0.14385228
0.6969,A,mrac.roll.u_ad,0.033899505
0.6969,A,mrac.yaw.e,0.05561237
0.6969,A,mrac.yaw.u_ad,-0.0097247716
0.6969,A,mrac.z.e,0.075821601
0.6969,A,mrac.z.u_ad,-0.029054416
0.6969,A,status.arm,1
0.6969,A,status.flymode,1
0.6969,A,status.rc_authority,1
0.6969,A,status.sbus_lost,0
0.6969,A,status.twc_arrived,0
0.6969,A,status.twc_execute,1
0.6970,B,mrac.pitch.theta_0,0.0021494024
0.6970,B,mrac.pitch.theta_1,0.0003941911
0.6970,B,mrac.pitch.theta_2,0.0050660432
0.6970,B,mrac.pitch.theta_3,0.0051132217
0.6970,B,mrac.pitch.theta_4,0.18143664
0.6970,B,mrac.pitch.theta_5,0.14147109
0.6970,B,mrac.pitch.u_nom,-0.10933677
0.6970,B,mrac.pitch.xm,-0.092438571
0.6970,B,mrac.roll.theta_0,0.031861037
0.6970,B,mrac.roll.theta_1,0.00013857521
0.6970,B,mrac.roll.theta_2,0.0032802764
0.6970,B,mrac.roll.theta_3,0.0030293488
0.6970,B,mrac.roll.theta_4,0.11957511
0.6970,B,mrac.roll.theta_5,0.1199351
0.6970,B,mrac.roll.u_nom,0.080531441
0.6970,B,mrac.roll.xm,0.14669296
0.6970,B,mrac.yaw.theta_0,2.915277e-11
0.6970,B,mrac.yaw.theta_1,0.0014541182
0.6970,B,mrac.yaw.theta_2,0.0019617516
0.6970,B,mrac.yaw.theta_3,0
0.6970,B,mrac.yaw.theta_4,0.078636304
0.6970,B,mrac.yaw.theta_5,0.088142671
0.6970,B,mrac.yaw.u_nom,-0.019670239
0.6970,B,mrac.yaw.xm,-0.085352652
0.6970,B,mrac.z.theta_0,0.010826206
0.6970,B,mrac.z.theta_1,0.0010715867
0.6970,B,mrac.z.theta_2,0.0027226575
0.6970,B,mrac.z.theta_3,0
0.6970,B,mrac.z.theta_4,0.19728252
0.6970,B,mrac.z.theta_5,0.19176854
0.6970,B,mrac.z.u_nom,-0.41870826
0.6970,B,mrac.z.xm,-0.0069032074
0.6970,B,path.active_path_mode,1
0.6970,B,path.circle_theta,0
0.6970,B,path.sinusoid_t_elapsed,30.002968
0.6970,B,path.twc_arrived,0
0.6970,B,path.twc_target_x,-10.000002
0.6970,B,path.twc_target_y,-29.999998
0.6970,B,path.twc_target_z,0.60000002
0.6970,B,pid.gyrox.Des,8.4048843
0.6970,B,pid.gyrox.FB,4.5673752
0.6970,B,pid.gyrox.U,94.221786
0.6970,B,pid.gyroy.Des,-5.2963376
0.6970,B,pid.gyroy.FB,0.27071843
0.6970,B,pid.gyroy.U,-127.92403
0.6970,B,pid.gyroz.Des,-4.8903446
0.6970,B,pid.gyroz.FB,-0.5358116
0.6970,B,pid.gyroz.U,-36.822685
0.6970,B,pid.locx.Des,-10.000002
0.6970,B,pid.locx.FB,-43.780682
0.6970,B,pid.locx.U,28.304571
0.6970,B,pid.locxs.Des,28.304571
0.6970,B,pid.locxs.FB,16.999399
0.6970,B,pid.locxs.U,27.051773
0.6970,B,pid.locy.Des,-29.999998
0.6970,B,pid.locy.FB,-15.206728
0.6970,B,pid.locy.U,-13.828532
0.6970,B,pid.locys.Des,-13.828532
0.6970,B,pid.locys.FB,-0.14292865
0.6970,B,pid.locys.U,-40.997631
0.6970,B,pid.pitch.Des,-2.3770237
0.6970,B,pid.pitch.FB,-0.44651231
0.6970,B,pid.pitch.U,-5.2963376
0.6970,B,pid.roll.Des,-1.6001308
0.6970,B,pid.roll.FB,-3.1260979
0.6970,B,pid.roll.U,8.4048843
0.6970,B,pid.yaw.Des,0
0.6970,B,pid.yaw.FB,0.48172414
0.6970,B,pid.yaw.U,-4.8903446
0.6970,B,pid.z_pos.Des,0.60000002
0.6970,B,pid.z_pos.FB,0.54916489
0.6970,B,pid.z_pos.U,-0.0069032074
0.6970,B,pid.z_rate.Des,-0.0069032074
0.6970,B,pid.z_rate.FB,0.19285487
0.6970,B,pid.z_rate.U,-92.953232
0.9146,A,mrac.pitch.e,0.11269213
0.9146,A,mrac.pitch.u_ad,-0.016188543
0.9146,A,mrac.roll.e,-0.03260076
0.9146,A,mrac.roll.u_ad,0.038282666
0.9146,A,mrac.yaw.e,0.044995699
0.9146,A,mrac.yaw.u_ad,-0.0094379559
0.9146,A,mrac.z.e,0.10700291
0.9146,A,mrac.z.u_ad,-0.041015536
0.9146,A,status.arm,1
0.9146,A,status.flymode,1
0.9146,A,status.rc_authority,1
0.9146,A,status.sbus_lost,0
0.9146,A,status.twc_arrived,0
0.9146,A,status.twc_execute,1
0.9147,B,mrac.pitch.theta_0,0.0020269922
0.9147,B,mrac.pitch.theta_1,0.00039440859
0.9147,B,mrac.pitch.theta_2,0.0050630588
0.9147,B,mrac.pitch.theta_3,0.0051134131
0.9147,B,mrac.pitch.theta_4,0.18145564
0.9147,B,mrac.pitch.theta_5,0.14147161
0.9147,B,mrac.pitch.u_nom,0.092506416
0.9147,B,mrac.pitch.xm,-0.092207439
0.9147,B,mrac.roll.theta_0,0.026464157
0.9147,B,mrac.roll.theta_1,0.00013516172
0.9147,B,mrac.roll.theta_2,0.0032710705
0.9147,B,mrac.roll.theta_3,0.003029638
0.9147,B,mrac.roll.theta_4,0.11962533
0.9147,B,mrac.roll.theta_5,0.11990929
0.9147,B,mrac.roll.u_nom,0.0012113301
0.9147,B,mrac.roll.xm,0.16901331
0.9147,B,mrac.yaw.theta_0,1.4810193e-11
0.9147,B,mrac.yaw.theta_1,0.0014513962
0.9147,B,mrac.yaw.theta_2,0.0019603763
0.9147,B,mrac.yaw.theta_3,0
0.9147,B,mrac.yaw.theta_4,0.07866095
0.9147,B,mrac.yaw.theta_5,0.088139363
0.9147,B,mrac.yaw.u_nom,-0.030205736
0.9147,B,mrac.yaw.xm,-0.09275081
0.9147,B,mrac.z.theta_0,0.010082277
0.9147,B,mrac.z.theta_1,0.0010480367
0.9147,B,mrac.z.theta_2,0.0027191776
0.9147,B,mrac.z.theta_3,0
0.9147,B,mrac.z.theta_4,0.19728726
0.9147,B,mrac.z.theta_5,0.19174789
0.9147,B,mrac.z.u_nom,-0.20301077
0.9147,B,mrac.z.xm,-0.0082636857
0.9147,B,path.active_path_mode,1
0.9147,B,path.circle_theta,0
0.9147,B,path.sinusoid_t_elapsed,30.002968
0.9147,B,path.twc_arrived,0
0.9147,B,path.twc_target_x,-10.000002
0.9147,B,path.twc_target_y,-29.999998
0.9147,B,path.twc_target_z,0.60000002
0.9147,B,pid.gyrox.Des,9.6837454
0.9147,B,pid.gyrox.FB,7.6827021
0.9147,B,pid.gyrox.U,1.4172561
0.9147,B,pid.gyroy.Des,-5.2830949
0.9147,B,pid.gyroy.FB,-8.8469715
0.9147,B,pid.gyroy.U,108.23251
0.9147,B,pid.gyroz.Des,-5.3142276
0.9147,B,pid.gyroz.FB,1.4993544
0.9147,B,pid.gyroz.U,-56.545139
0.9147,B,pid.locx.Des,-10.000002
0.9147,B,pid.locx.FB,-38.585938
0.9147,B,pid.locx.U,23.988775
0.9147,B,pid.locxs.Des,23.988775
0.9147,B,pid.locxs.FB,20.989384
0.9147,B,pid.locxs.U,1.940855
0.9147,B,pid.locy.Des,-29.999998
0.9147,B,pid.locy.FB,-15.259353
0.9147,B,pid.locy.U,-13.784109
0.9147,B,pid.locys.Des,-13.784109
0.9147,B,pid.locys.FB,-1.2024049
0.9147,B,pid.locys.U,-37.703568
0.9147,B,pid.pitch.Des,-2.1994264
0.9147,B,pid.pitch.FB,-0.393087
0.9147,B,pid.pitch.U,-5.2830949
0.9147,B,pid.roll.Des,-0.13462332
0.9147,B,pid.roll.FB,-1.8486418
0.9147,B,pid.roll.U,9.6837454
0.9147,B,pid.yaw.Des,0
0.9147,B,pid.yaw.FB,0.55237126
0.9147,B,pid.yaw.U,-5.3142276
0.9147,B,pid.z_pos.Des,0.60000002
0.9147,B,pid.z_pos.FB,0.55969536
0.9147,B,pid.z_pos.U,-0.0082636857
0.9147,B,pid.z_rate.Des,-0.0082636857
0.9147,B,pid.z_rate.FB,0.071782291
0.9147,B,pid.z_rate.U,-45.06839
1.1303,A,mrac.pitch.e,0.13378726
1.1303,A,mrac.pitch.u_ad,-0.020376693
1.1303,A,mrac.roll.e,0.22278631
1.1303,A,mrac.roll.u_ad,0.009015549
1.1303,A,mrac.yaw.e,0.029007919
1.1303,A,mrac.yaw.u_ad,-0.0071852785
1.1303,A,mrac.z.e,0.024055686
1.1303,A,mrac.z.u_ad,-0.012791979
1.1303,A,status.arm,1
1.1303,A,status.flymode,1
1.1303,A,status.rc_authority,1
1.1303,A,status.sbus_lost,0
1.1303,A,status.twc_arrived,0
1.1303,A,status.twc_execute,1
1.1304,B,mrac.pitch.theta_0,0.0019928676
1.1304,B,mrac.pitch.theta_1,0.00039718795
1.1304,B,mrac.pitch.theta_2,0.0050601917
1.1304,B,mrac.pitch.theta_3,0.0051138792
1.1304,B,mrac.pitch.theta_4,0.18146838
1.1304,B,mrac.pitch.theta_5,0.14147563
1.1304,B,mrac.pitch.u_nom,-0.15842393
1.1304,B,mrac.pitch.xm,-0.087485999
1.1304,B,mrac.roll.theta_0,0.023381574
1.1304,B,mrac.roll.theta_1,0.00013290392
1.1304,B,mrac.roll.theta_2,0.0032670356
1.1304,B,mrac.roll.theta_3,0.0030296529
1.1304,B,mrac.roll.theta_4,0.11965762
1.1304,B,mrac.roll.theta_5,0.119889
1.1304,B,mrac.roll.u_nom,0.027307896
1.1304,B,mrac.roll.xm,0.013766076
1.1304,B,mrac.yaw.theta_0,1.0894173e-11
1.1304,B,mrac.yaw.theta_1,0.0014519992
1.1304,B,mrac.yaw.theta_2,0.0019601111
1.1304,B,mrac.yaw.theta_3,0
1.1304,B,mrac.yaw.theta_4,0.07866811
1.1304,B,mrac.yaw.theta_5,0.088136606
1.1304,B,mrac.yaw.u_nom,0.0066943094
1.1304,B,mrac.yaw.xm,-0.080905773
1.1304,B,mrac.z.theta_0,0.0095829619
1.1304,B,mrac.z.theta_1,0.0010321909
1.1304,B,mrac.z.theta_2,0.0027167264
1.1304,B,mrac.z.theta_3,0
1.1304,B,mrac.z.theta_4,0.19728947
1.1304,B,mrac.z.theta_5,0.19173299
1.1304,B,mrac.z.u_nom,-0.17707317
1.1304,B,mrac.z.xm,-0.012510375
1.1304,B,path.active_path_mode,1
1.1304,B,path.circle_theta,0
1.1304,B,path.sinusoid_t_elapsed,30.002968
1.1304,B,path.twc_arrived,0
1.1304,B,path.twc_target_x,-10.000002
1.1304,B,path.twc_target_y,-29.999998
1.1304,B,path.twc_target_z,0.60000002
1.1304,B,pid.gyrox.Des,0.78873777
1.1304,B,pid.gyrox.FB,2.1918094
1.1304,B,pid.gyrox.U,31.950237
1.1304,B,pid.gyroy.Des,-5.0125766
1.1304,B,pid.gyroy.FB,10.144488
1.1304,B,pid.gyroy.U,-185.356
1.1304,B,pid.gyroz.Des,-4.6355572
1.1304,B,pid.gyroz.FB,-6.4400849
1.1304,B,pid.gyroz.U,12.531747
1.1304,B,pid.locx.Des,-10.000002
1.1304,B,pid.locx.FB,-35.026047
1.1304,B,pid.locx.U,21.300848
1.1304,B,pid.locxs.Des,21.300848
1.1304,B,pid.locxs.FB,18.999441
1.1304,B,pid.locxs.U,12.184135
1.1304,B,pid.locy.Des,-29.999998
1.1304,B,pid.locy.FB,-15.290147
1.1304,B,pid.locy.U,-13.762074
1.1304,B,pid.locys.Des,-13.762074
1.1304,B,pid.locys.FB,-0.14566244
1.1304,B,pid.locys.U,-40.862915
1.1304,B,pid.pitch.Des,-2.3800964
1.1304,B,pid.pitch.FB,-0.63973373
1.1304,B,pid.pitch.U,-5.0125766
1.1304,B,pid.roll.Des,-0.73006105
1.1304,B,pid.roll.FB,-1.1025767
1.1304,B,pid.roll.U,0.78873777
1.1304,B,pid.yaw.Des,0
1.1304,B,pid.yaw.FB,0.4392595
1.1304,B,pid.yaw.U,-4.6355572
1.1304,B,pid.z_pos.Des,0.60000002
1.1304,B,pid.z_pos.FB,0.56985897
1.1304,B,pid.z_pos.U,-0.012510375
1.1304,B,pid.z_rate.Des,-0.012510375
1.1304,B,pid.z_rate.FB,0.05314023
1.1304,B,pid.z_rate.U,-39.310242
1.3317,A,mrac.pitch.e,0.23862717
1.3317,A,mrac.pitch.u_ad,-0.029889911
1.3317,A,mrac.roll.e,-0.18426873
1.3317,A,mrac.roll.u_ad,0.041958068
1.3317,A,mrac.yaw.e,0.16636473
1.3317,A,mrac.yaw.u_ad,-0.011022154
1.3317,A,mrac.z.e,0.04055953
1.3317,A,mrac.z.u_ad,-0.020057715
1.3317,A,status.arm,1
1.3317,A,status.flymode,1
1.3317,A,status.rc_authority,1
1.3317,A,status.sbus_lost,0
1.3317,A,status.twc_arrived,0
1.3317,A,status.twc_execute,1
1.3317,B,mrac.pitch.theta_0,0.0023842962
1.3317,B,mrac.pitch.theta_1,0.00039326082
1.3317,B,mrac.pitch.theta_2,0.0050561568
1.3317,B,mrac.pitch.theta_3,0.0051149959
1.3317,B,mrac.pitch.theta_4,0.18149021
1.3317,B,mrac.pitch.theta_5,0.14147705
1.3317,B,mrac.pitch.u_nom,-0.010382993
1.3317,B,mrac.pitch.xm,-0.086593643
1.3317,B,mrac.roll.theta_0,0.028352752
1.3317,B,mrac.roll.theta_1,0.00013009235
1.3317,B,mrac.roll.theta_2,0.0032685297
1.3317,B,mrac.roll.theta_3,0.003030557
1.3317,B,mrac.roll.theta_4,0.11972829
1.3317,B,mrac.roll.theta_5,0.11988915
1.3317,B,mrac.roll.u_nom,-0.044450823
1.3317,B,mrac.roll.xm,0.038485102
1.3317,B,mrac.yaw.theta_0,5.8787419e-12
1.3317,B,mrac.yaw.theta_1,0.0014431998
1.3317,B,mrac.yaw.theta_2,0.0019589085
1.3317,B,mrac.yaw.theta_3,0
1.3317,B,mrac.yaw.theta_4,0.078690097
1.3317,B,mrac.yaw.theta_5,0.088132419
1.3317,B,mrac.yaw.u_nom,-0.059941512
1.3317,B,mrac.yaw.xm,-0.09549199
1.3317,B,mrac.z.theta_0,0.0090863854
1.3317,B,mrac.z.theta_1,0.0010170259
1.3317,B,mrac.z.theta_2,0.0027144218
1.3317,B,mrac.z.theta_3,0
1.3317,B,mrac.z.theta_4,0.19729002
1.3317,B,mrac.z.theta_5,0.1917173
1.3317,B,mrac.z.u_nom,-0.11931121
1.3317,B,mrac.z.xm,-0.016354574
1.3317,B,path.active_path_mode,1
1.3317,B,path.circle_theta,0
1.3317,B,path.sinusoid_t_elapsed,30.002968
1.3317,B,path.twc_arrived,0
1.3317,B,path.twc_target_x,-10.000002
1.3317,B,path.twc_target_y,-29.999998
1.3317,B,path.twc_target_z,0.60000002
1.3317,B,pid.gyrox.Des,2.2050331
1.3317,B,pid.gyrox.FB,-1.2307287
1.3317,B,pid.gyrox.U,-52.007462
1.3317,B,pid.gyroy.Des,-4.9614482
1.3317,B,pid.gyroy.FB,0.6293003
1.3317,B,pid.gyroy.U,-12.148102
1.3317,B,pid.gyroz.Des,-5.4712858
1.3317,B,pid.gyroz.FB,8.2913351
1.3317,B,pid.gyroz.U,-112.21051
1.3317,B,pid.locx.Des,-10.000002
1.3317,B,pid.locx.FB,-30.566555
1.3317,B,pid.locx.U,17.913605
1.3317,B,pid.locxs.Des,17.913605
1.3317,B,pid.locxs.FB,13.989189
1.3317,B,pid.locxs.U,11.175728
1.3317,B,pid.locy.Des,-29.999998
1.3317,B,pid.locy.FB,-15.36425
1.3317,B,pid.locy.U,-13.667497
1.3317,B,pid.locys.Des,-13.667497
1.3317,B,pid.locys.FB,-1.1413124
1.3317,B,pid.locys.U,-37.499687
1.3317,B,pid.pitch.Des,-2.1826892
1.3317,B,pid.pitch.FB,-0.50988477
1.3317,B,pid.pitch.U,-4.9614482
1.3317,B,pid.roll.Des,-0.67497873
1.3317,B,pid.roll.FB,-1.2093523
1.3317,B,pid.roll.U,2.2050331
1.3317,B,pid.yaw.Des,0
1.3317,B,pid.yaw.FB,0.5785476
1.3317,B,pid.yaw.U,-5.4712858
1.3317,B,pid.z_pos.Des,0.60000002
1.3317,B,pid.z_pos.FB,0.57984787
1.3317,B,pid.z_pos.U,-0.016354574
1.3317,B,pid.z_rate.Des,-0.016354574
1.3317,B,pid.z_rate.FB,0.017238144
1.3317,B,pid.z_rate.U,-26.487087
1.5316,A,mrac.pitch.e,0.11664966
1.5316,A,mrac.pitch.u_ad,-0.014856288
1.5316,A,mrac.roll.e,0.078842282
1.5316,A,mrac.roll.u_ad,0.020444121
1.5316,A,mrac.yaw.e,0.1229701
1.5316,A,mrac.yaw.u_ad,-0.011402519
1.5316,A,mrac.z.e,0.067057714
1.5316,A,mrac.z.u_ad,-0.032938316
1.5316,A,status.arm,1
1.5316,A,status.flymode,1
1.5316,A,status.rc_authority,1
1.5316,A,status.sbus_lost,0
1.5316,A,status.twc_arrived,0
1.5316,A,status.twc_execute,1
1.5316,B,mrac.pitch.theta_0,0.0028949082
1.5316,B,mrac.pitch.theta_1,0.00039023193
1.5316,B,mrac.pitch.theta_2,0.0050540399
1.5316,B,mrac.pitch.theta_3,0.0051149623
1.5316,B,mrac.pitch.theta_4,0.18150282
1.5316,B,mrac.pitch.theta_5,0.14147429
1.5316,B,mrac.pitch.u_nom,0.01401598
1.5316,B,mrac.pitch.xm,-0.08200641
1.5316,B,mrac.roll.theta_0,0.029037375
1.5316,B,mrac.roll.theta_1,0.0001291691
1.5316,B,mrac.roll.theta_2,0.0032679678
1.5316,B,mrac.roll.theta_3,0.0030305791
1.5316,B,mrac.roll.theta_4,0.11975972
1.5316,B,mrac.roll.theta_5,0.11988608
1.5316,B,mrac.roll.u_nom,-0.013980941
1.5316,B,mrac.roll.xm,0.019145897
1.5316,B,mrac.yaw.theta_0,3.5495233e-12
1.5316,B,mrac.yaw.theta_1,0.0014393176
1.5316,B,mrac.yaw.theta_2,0.0019581693
1.5316,B,mrac.yaw.theta_3,0
1.5316,B,mrac.yaw.theta_4,0.078710504
1.5316,B,mrac.yaw.theta_5,0.088131487
1.5316,B,mrac.yaw.u_nom,-0.028944502
1.5316,B,mrac.yaw.xm,-0.1052219
1.5316,B,mrac.z.theta_0,0.0083062612
1.5316,B,mrac.z.theta_1,0.0009867968
1.5316,B,mrac.z.theta_2,0.0027091687
1.5316,B,mrac.z.theta_3,0
1.5316,B,mrac.z.theta_4,0.1973055
1.5316,B,mrac.z.theta_5,0.19170135
1.5316,B,mrac.z.u_nom,-0.30554453
1.5316,B,mrac.z.xm,-0.029518556
1.5316,B,path.active_path_mode,1
1.5316,B,path.circle_theta,0
1.5316,B,path.sinusoid_t_elapsed,30.002968
1.5316,B,path.twc_arrived,0
1.5316,B,path.twc_target_x,-10.000002
1.5316,B,path.twc_target_y,-29.999998
1.5316,B,path.twc_target_z,0.60000002
1.5316,B,pid.gyrox.Des,1.0969787
1.5316,B,pid.gyrox.FB,-2.4762449
1.5316,B,pid.gyrox.U,-16.3577
1.5316,B,pid.gyroy.Des,-4.6986194
1.5316,B,pid.gyroy.FB,3.6155274
1.5316,B,pid.gyroy.U,16.398697
1.5316,B,pid.gyroz.Des,-6.0287681
1.5316,B,pid.gyroz.FB,0.49382675
1.5316,B,pid.gyroz.U,-54.184109
1.5316,B,pid.locx.Des,-10.000002
1.5316,B,pid.locx.FB,-28.337502
1.5316,B,pid.locx.U,16.254456
1.5316,B,pid.locxs.Des,16.254456
1.5316,B,pid.locxs.FB,10.987526
1.5316,B,pid.locxs.U,15.366614
1.5316,B,pid.locy.Des,-29.999998
1.5316,B,pid.locy.FB,-15.459578
1.5316,B,pid.locy.U,-13.591456
1.5316,B,pid.locys.Des,-13.591456
1.5316,B,pid.locys.FB,-1.1288396
1.5316,B,pid.locys.U,-37.362076
1.5316,B,pid.pitch.Des,-2.1707084
1.5316,B,pid.pitch.FB,-0.67814845
1.5316,B,pid.pitch.U,-4.6986194
1.5316,B,pid.roll.Des,-0.92317671
1.5316,B,pid.roll.FB,-1.2023742
1.5316,B,pid.roll.U,1.0969787
1.5316,B,pid.yaw.Des,0
1.5316,B,pid.yaw.FB,0.67146134
1.5316,B,pid.yaw.U,-6.0287681
1.5316,B,pid.z_pos.Des,0.60000002
1.5316,B,pid.z_pos.FB,0.59982586
1.5316,B,pid.z_pos.U,-0.029518556
1.5316,B,pid.z_rate.Des,-0.029518556
1.5316,B,pid.z_rate.FB,0.10743367
1.5316,B,pid.z_rate.U,-67.830887
1.7490,A,mrac.pitch.e,-0.039500989
1.7490,A,mrac.pitch.u_ad,0.0028982414
1.7490,A,mrac.roll.e,-0.020285215
1.7490,A,mrac.roll.u_ad,0.027311094
1.7490,A,mrac.yaw.e,0.11446312
1.7490,A,mrac.yaw.u_ad,-0.012022698
1.7490,A,mrac.z.e,0.087705716
1.7490,A,mrac.z.u_ad,-0.042111035
1.7490,A,status.arm,1
1.7490,A,status.flymode,1
1.7490,A,status.rc_authority,1
1.7490,A,status.sbus_lost,0
1.7490,A,status.twc_arrived,0
1.7490,A,status.twc_execute,1
1.7490,B,mrac.pitch.theta_0,0.0020112833
1.7490,B,mrac.pitch.theta_1,0.00038750787
1.7490,B,mrac.pitch.theta_2,0.0050386749
1.7490,B,mrac.pitch.theta_3,0.0051155454
1.7490,B,mrac.pitch.theta_4,0.18153009
1.7490,B,mrac.pitch.theta_5,0.1414794
1.7490,B,mrac.pitch.u_nom,-0.16880423
1.7490,B,mrac.pitch.xm,-0.10135873
1.7490,B,mrac.roll.theta_0,0.032262299
1.7490,B,mrac.roll.theta_1,0.00012710785
1.7490,B,mrac.roll.theta_2,0.0032688715
1.7490,B,mrac.roll.theta_3,0.0030312017
1.7490,B,mrac.roll.theta_4,0.11980608
1.7490,B,mrac.roll.theta_5,0.11988317
1.7490,B,mrac.roll.u_nom,0.044139206
1.7490,B,mrac.roll.xm,-0.00263657
1.7490,B,mrac.yaw.theta_0,1.6804275e-12
1.7490,B,mrac.yaw.theta_1,0.0014398007
1.7490,B,mrac.yaw.theta_2,0.0019573127
1.7490,B,mrac.yaw.theta_3,0
1.7490,B,mrac.yaw.theta_4,0.078737423
1.7490,B,mrac.yaw.theta_5,0.088129468
1.7490,B,mrac.yaw.u_nom,-0.037079971
1.7490,B,mrac.yaw.xm,-0.1107334
1.7490,B,mrac.z.theta_0,0.007613434
1.7490,B,mrac.z.theta_1,0.00096676213
1.7490,B,mrac.z.theta_2,0.0027062839
1.7490,B,mrac.z.theta_3,0
1.7490,B,mrac.z.theta_4,0.19730762
1.7490,B,mrac.z.theta_5,0.1916831
1.7490,B,mrac.z.u_nom,-0.18569462
1.7490,B,mrac.z.xm,-0.036933128
1.7490,B,path.active_path_mode,1
1.7490,B,path.circle_theta,0
1.7490,B,path.sinusoid_t_elapsed,30.002968
1.7490,B,path.twc_arrived,0
1.7490,B,path.twc_target_x,-10.000002
1.7490,B,path.twc_target_y,-29.999998
1.7490,B,path.twc_target_z,0.60000002
1.7490,B,pid.gyrox.Des,-0.15106428
1.7490,B,pid.gyrox.FB,-9.4210682
1.7490,B,pid.gyrox.U,51.642872
1.7490,B,pid.gyroy.Des,-5.807425
1.7490,B,pid.gyroy.FB,12.062844
1.7490,B,pid.gyroy.U,-197.50095
1.7490,B,pid.gyroz.Des,-6.3445535
1.7490,B,pid.gyroz.FB,2.0722885
1.7490,B,pid.gyroz.U,-69.413704
1.7490,B,pid.locx.Des,-10.000002
1.7490,B,pid.locx.FB,-26.008677
1.7490,B,pid.locx.U,14.554955
1.7490,B,pid.locxs.Des,14.554955
1.7490,B,pid.locxs.FB,5.9868832
1.7490,B,pid.locxs.U,25.489901
1.7490,B,pid.locy.Des,-29.999998
1.7490,B,pid.locy.FB,-15.576195
1.7490,B,pid.locy.U,-13.535838
1.7490,B,pid.locys.Des,-13.535838
1.7490,B,pid.locys.FB,-1.0757449
1.7490,B,pid.locys.U,-37.367905
1.7490,B,pid.pitch.Des,-2.1626079
1.7490,B,pid.pitch.FB,-0.49778679
1.7490,B,pid.pitch.U,-5.807425
1.7490,B,pid.roll.Des,-1.5163198
1.7490,B,pid.roll.FB,-1.3573774
1.7490,B,pid.roll.U,-0.15106428
1.7490,B,pid.yaw.Des,0
1.7490,B,pid.yaw.FB,0.72409225
1.7490,B,pid.yaw.U,-6.3445535
1.7490,B,pid.z_pos.Des,0.60000002
1.7490,B,pid.z_pos.FB,0.60980582
1.7490,B,pid.z_pos.U,-0.036933128
1.7490,B,pid.z_rate.Des,-0.036933128
1.7490,B,pid.z_rate.FB,0.033502385
1.7490,B,pid.z_rate.U,-41.224205
1.9643,A,mrac.pitch.e,0.059405174
1.9643,A,mrac.pitch.u_ad,-0.0065319072
1.9643,A,mrac.roll.e,-0.00042998337
1.9643,A,mrac.roll.u_ad,0.026407788
1.9643,A,mrac.yaw.e,0.1555642
1.9643,A,mrac.yaw.u_ad,-0.013801421
1.9643,A,mrac.z.e,0.03829084
1.9643,A,mrac.z.u_ad,-0.024985354
1.9643,A,status.arm,1
1.9643,A,status.flymode,1
1.9643,A,status.rc_authority,1
1.9643,A,status.sbus_lost,0
1.9643,A,status.twc_arrived,0
1.9643,A,status.twc_execute,1
1.9643,B,mrac.pitch.theta_0,0.0023023051
1.9643,B,mrac.pitch.theta_1,0.00038477452
1.9643,B,mrac.pitch.theta_2,0.0050374335
1.9643,B,mrac.pitch.theta_3,0.0051156753
1.9643,B,mrac.pitch.theta_4,0.18154441
1.9643,B,mrac.pitch.theta_5,0.14147803
1.9643,B,mrac.pitch.u_nom,-0.14795376
1.9643,B,mrac.pitch.xm,-0.076036654
1.9643,B,mrac.roll.theta_0,0.030552441
1.9643,B,mrac.roll.theta_1,0.000126142
1.9643,B,mrac.roll.theta_2,0.0032688156
1.9643,B,mrac.roll.theta_3,0.0030312289
1.9643,B,mrac.roll.theta_4,0.11982845
1.9643,B,mrac.roll.theta_5,0.1198803
1.9643,B,mrac.roll.u_nom,0.022480937
1.9643,B,mrac.roll.xm,0.0025356549
1.9643,B,mrac.yaw.theta_0,9.4946175e-13
1.9643,B,mrac.yaw.theta_1,0.0014388614
1.9643,B,mrac.yaw.theta_2,0.0019566759
1.9643,B,mrac.yaw.theta_3,0
1.9643,B,mrac.yaw.theta_4,0.07876239
1.9643,B,mrac.yaw.theta_5,0.088130161
1.9643,B,mrac.yaw.u_nom,-0.04227072
1.9643,B,mrac.yaw.xm,-0.12071834
1.9643,B,mrac.z.theta_0,0.0075136395
1.9643,B,mrac.z.theta_1,0.00096601172
1.9643,B,mrac.z.theta_2,0.0027062076
1.9643,B,mrac.z.theta_3,0
1.9643,B,mrac.z.theta_4,0.19730167
1.9643,B,mrac.z.theta_5,0.19167656
1.9643,B,mrac.z.u_nom,-0.12768772
1.9643,B,mrac.z.xm,-0.037721667
1.9643,B,path.active_path_mode,1
1.9643,B,path.circle_theta,0
1.9643,B,path.sinusoid_t_elapsed,30.002968
1.9643,B,path.twc_arrived,0
1.9643,B,path.twc_target_x,-10.000002
1.9643,B,path.twc_target_y,-29.999998
1.9643,B,path.twc_target_z,0.60000002
1.9643,B,pid.gyrox.Des,0.14528227
1.9643,B,pid.gyrox.FB,-2.8694825
1.9643,B,pid.gyrox.U,26.302696
1.9643,B,pid.gyroy.Des,-4.3565774
1.9643,B,pid.gyroy.FB,8.3516598
1.9643,B,pid.gyroy.U,-173.1059
1.9643,B,pid.gyroz.Des,-6.9166484
1.9643,B,pid.gyroz.FB,2.7235992
1.9643,B,pid.gyroz.U,-79.130791
1.9643,B,pid.locx.Des,-10.000002
1.9643,B,pid.locx.FB,-24.893778
1.9643,B,pid.locx.U,13.675046
1.9643,B,pid.locxs.Des,13.675046
1.9643,B,pid.locxs.FB,4.9851875
1.9643,B,pid.locxs.U,25.784098
1.9643,B,pid.locy.Des,-29.999998
1.9643,B,pid.locy.FB,-15.591091
1.9643,B,pid.locy.U,-13.523715
1.9643,B,pid.locys.Des,-13.523715
1.9643,B,pid.locys.FB,-1.0714049
1.9643,B,pid.locys.U,-37.340855
1.9643,B,pid.pitch.Des,-2.1581419
1.9643,B,pid.pitch.FB,-0.70986396
1.9643,B,pid.pitch.U,-4.3565774
1.9643,B,pid.roll.Des,-1.5370079
1.9643,B,pid.roll.FB,-1.4865323
1.9643,B,pid.roll.U,0.14528227
1.9643,B,pid.yaw.Des,0
1.9643,B,pid.yaw.FB,0.81944138
1.9643,B,pid.yaw.U,-6.9166484
1.9643,B,pid.z_pos.Des,0.60000002
1.9643,B,pid.z_pos.FB,0.60974795
1.9643,B,pid.z_pos.U,-0.037721667
1.9643,B,pid.z_rate.Des,-0.037721667
1.9643,B,pid.z_rate.FB,0.00052002218
1.9643,B,pid.z_rate.U,-28.346676
2.1659,A,mrac.pitch.e,0.15672266
2.1659,A,mrac.pitch.u_ad,-0.031489708
2.1659,A,mrac.roll.e,-0.0060856612
2.1659,A,mrac.roll.u_ad,0.028611572
2.1659,A,mrac.yaw.e,0.104258
2.1659,A,mrac.yaw.u_ad,-0.011704998
2.1659,A,mrac.z.e,0.039549414
2.1659,A,mrac.z.u_ad,-0.025595102
2.1659,A,status.arm,1
2.1659,A,status.flymode,1
2.1659,A,status.rc_authority,1
2.1659,A,status.sbus_lost,0
2.1659,A,status.twc_arrived,0
2.1659,A,status.twc_execute,1
2.1660,B,mrac.pitch.theta_0,0.002097575
2.1660,B,mrac.pitch.theta_1,0.00037559171
2.1660,B,mrac.pitch.theta_2,0.0050299834
2.1660,B,mrac.pitch.theta_3,0.0051153656
2.1660,B,mrac.pitch.theta_4,0.18157057
2.1660,B,mrac.pitch.theta_5,0.14147945
2.1660,B,mrac.pitch.u_nom,-0.16627559
2.1660,B,mrac.pitch.xm,-0.079380363
2.1660,B,mrac.roll.theta_0,0.026198531
2.1660,B,mrac.roll.theta_1,0.0001268523
2.1660,B,mrac.roll.theta_2,0.0032677341
2.1660,B,mrac.roll.theta_3,0.0030311686
2.1660,B,mrac.roll.theta_4,0.11986173
2.1660,B,mrac.roll.theta_5,0.11987496
2.1660,B,mrac.roll.u_nom,-0.032372396
2.1660,B,mrac.roll.xm,-0.10354166
2.1660,B,mrac.yaw.theta_0,4.6081493e-13
2.1660,B,mrac.yaw.theta_1,0.001447054
2.1660,B,mrac.yaw.theta_2,0.001956078
2.1660,B,mrac.yaw.theta_3,0
2.1660,B,mrac.yaw.theta_4,0.078787073
2.1660,B,mrac.yaw.theta_5,0.088129409
2.1660,B,mrac.yaw.u_nom,-0.031078164
2.1660,B,mrac.yaw.xm,-0.10792686
2.1660,B,mrac.z.theta_0,0.0075136395
2.1660,B,mrac.z.theta_1,0.00096601172
2.1660,B,mrac.z.theta_2,0.0027062076
2.1660,B,mrac.z.theta_3,0
2.1660,B,mrac.z.theta_4,0.19730167
2.1660,B,mrac.z.theta_5,0.19167656
2.1660,B,mrac.z.u_nom,-0.13005926
2.1660,B,mrac.z.xm,-0.03897864
2.1660,B,path.active_path_mode,1
2.1660,B,path.circle_theta,0
2.1660,B,path.sinusoid_t_elapsed,30.002968
2.1660,B,path.twc_arrived,0
2.1660,B,path.twc_target_x,-10.000002
2.1660,B,path.twc_target_y,-29.999998
2.1660,B,path.twc_target_z,0.60000002
2.1660,B,pid.gyrox.Des,-5.9324975
2.1660,B,pid.gyrox.FB,-1.6681749
2.1660,B,pid.gyrox.U,-37.875706
2.1660,B,pid.gyroy.Des,-4.5481577
2.1660,B,pid.gyroy.FB,12.438779
2.1660,B,pid.gyroy.U,-194.54243
2.1660,B,pid.gyroz.Des,-6.1837511
2.1660,B,pid.gyroz.FB,0.83319044
2.1660,B,pid.gyroz.U,-58.178322
2.1660,B,pid.locx.Des,-10.000002
2.1660,B,pid.locx.FB,-23.548029
2.1660,B,pid.locx.U,12.639417
2.1660,B,pid.locxs.Des,12.639417
2.1660,B,pid.locxs.FB,2.9754384
2.1660,B,pid.locxs.U,34.75087
2.1660,B,pid.locy.Des,-29.999998
2.1660,B,pid.locy.FB,-15.928908
2.1660,B,pid.locy.U,-13.174437
2.1660,B,pid.locys.Des,-13.174437
2.1660,B,pid.locys.FB,-2.0363612
2.1660,B,pid.locys.U,-33.391918
2.1660,B,pid.pitch.Des,-1.9247786
2.1660,B,pid.pitch.FB,-0.41423357
2.1660,B,pid.pitch.U,-4.5481577
2.1660,B,pid.roll.Des,-2.0529954
2.1660,B,pid.roll.FB,-1.4093306
2.1660,B,pid.roll.U,-5.9324975
2.1660,B,pid.yaw.Des,0
2.1660,B,pid.yaw.FB,0.69729185
2.1660,B,pid.yaw.U,-6.1837511
2.1660,B,pid.z_pos.Des,0.60000002
2.1660,B,pid.z_pos.FB,0.60979956
2.1660,B,pid.z_pos.U,-0.03897864
2.1660,B,pid.z_rate.Des,-0.03897864
2.1660,B,pid.z_rate.FB,0.00057924626
2.1660,B,pid.z_rate.U,-28.873154
2.3813,A,mrac.pitch.e,0.068690278
2.3813,A,mrac.pitch.u_ad,-0.019803623
2.3813,A,mrac.roll.e,-0.0091473516
2.3813,A,mrac.roll.u_ad,0.017072778
2.3813,A,mrac.yaw.e,0.11420472
2.3813,A,mrac.yaw.u_ad,-0.01079802
2.3813,A,mrac.z.e,0.088935263
2.3813,A,mrac.z.u_ad,-0.04517249
2.3813,A,status.arm,1
2.3813,A,status.flymode,1
2.3813,A,status.rc_authority,1
2.3813,A,status.sbus_lost,0
2.3813,A,status.twc_arrived,0
2.3813,A,status.twc_execute,1
2.3813,B,mrac.pitch.theta_0,0.001909234
2.3813,B,mrac.pitch.theta_1,0.00037248072
2.3813,B,mrac.pitch.theta_2,0.0050257575
2.3813,B,mrac.pitch.theta_3,0.0051155104
2.3813,B,mrac.pitch.theta_4,0.18158448
2.3813,B,mrac.pitch.theta_5,0.14147961
2.3813,B,mrac.pitch.u_nom,-0.051304236
2.3813,B,mrac.pitch.xm,-0.07477136
2.3813,B,mrac.roll.theta_0,0.028028019
2.3813,B,mrac.roll.theta_1,0.00012571343
2.3813,B,mrac.roll.theta_2,0.0032683443
2.3813,B,mrac.roll.theta_3,0.0030312026
2.3813,B,mrac.roll.theta_4,0.11988196
2.3813,B,mrac.roll.theta_5,0.11986846
2.3813,B,mrac.roll.u_nom,-0.075204
2.3813,B,mrac.roll.xm,-0.018470757
2.3813,B,mrac.yaw.theta_0,3.1851962e-13
2.3813,B,mrac.yaw.theta_1,0.0014477761
2.3813,B,mrac.yaw.theta_2,0.0019556656
2.3813,B,mrac.yaw.theta_3,0
2.3813,B,mrac.yaw.theta_4,0.078799188
2.3813,B,mrac.yaw.theta_5,0.088127859
2.3813,B,mrac.yaw.u_nom,-0.012295594
2.3813,B,mrac.yaw.xm,-0.09787257
2.3813,B,mrac.z.theta_0,0.0074347579
2.3813,B,mrac.z.theta_1,0.00096119742
2.3813,B,mrac.z.theta_2,0.0027051817
2.3813,B,mrac.z.theta_3,0
2.3813,B,mrac.z.theta_4,0.19730681
2.3813,B,mrac.z.theta_5,0.19167694
2.3813,B,mrac.z.u_nom,-0.46964675
2.3813,B,mrac.z.xm,-0.047744509
2.3813,B,path.active_path_mode,1
2.3813,B,path.circle_theta,0
2.3813,B,path.sinusoid_t_elapsed,30.002968
2.3813,B,path.twc_arrived,0
2.3813,B,path.twc_target_x,-10.000002
2.3813,B,path.twc_target_y,-29.999998
2.3813,B,path.twc_target_z,0.60000002
2.3813,B,pid.gyrox.Des,-1.058296
2.3813,B,pid.gyrox.FB,6.7440953
2.3813,B,pid.gyrox.U,-87.988678
2.3813,B,pid.gyroy.Des,-4.2840815
2.3813,B,pid.gyroy.FB,3.3458843
2.3813,B,pid.gyroy.U,-60.025955
2.3813,B,pid.gyroz.Des,-5.6076827
2.3813,B,pid.gyroz.FB,-2.9664741
2.3813,B,pid.gyroz.U,-23.017353
2.3813,B,pid.locx.Des,-10.000002
2.3813,B,pid.locx.FB,-22.859991
2.3813,B,pid.locx.U,12.144373
2.3813,B,pid.locxs.Des,12.144373
2.3813,B,pid.locxs.FB,1.9789016
2.3813,B,pid.locxs.U,30.307447
2.3813,B,pid.locy.Des,-29.999998
2.3813,B,pid.locy.FB,-16.111444
2.3813,B,pid.locy.U,-13.073339
2.3813,B,pid.locys.Des,-13.073339
2.3813,B,pid.locys.FB,-2.0208781
2.3813,B,pid.locys.U,-33.10463
2.3813,B,pid.pitch.Des,-1.9139755
2.3813,B,pid.pitch.FB,-0.4311578
2.3813,B,pid.pitch.U,-4.2840815
2.3813,B,pid.roll.Des,-1.7902931
2.3813,B,pid.roll.FB,-1.6322376
2.3813,B,pid.roll.U,-1.058296
2.3813,B,pid.yaw.Des,0
2.3813,B,pid.yaw.FB,0.60128045
2.3813,B,pid.yaw.U,-5.6076827
2.3813,B,pid.z_pos.Des,0.60000002
2.3813,B,pid.z_pos.FB,0.61973095
2.3813,B,pid.z_pos.U,-0.047744509
2.3813,B,pid.z_rate.Des,-0.047744509
2.3813,B,pid.z_rate.FB,0.18028443
2.3813,B,pid.z_rate.U,-104.26158
2.5817,A,mrac.pitch.e,0.15286231
2.5817,A,mrac.pitch.u_ad,-0.024312437
2.5817,A,mrac.roll.e,9.9940225e-06
2.5817,A,mrac.roll.u_ad,0.029006924
2.5817,A,mrac.yaw.e,0.085783124
2.5817,A,mrac.yaw.u_ad,-0.010378833
2.5817,A,mrac.z.e,0.050928913
2.5817,A,mrac.z.u_ad,-0.032352097
2.5817,A,status.arm,1
2.5817,A,status.flymode,1
2.5817,A,status.rc_authority,1
2.5817,A,status.sbus_lost,0
2.5817,A,status.twc_arrived,0
2.5817,A,status.twc_execute,1
2.5818,B,mrac.pitch.theta_0,0.0014895553
2.5818,B,mrac.pitch.theta_1,0.00037264638
2.5818,B,mrac.pitch.theta_2,0.0050218026
2.5818,B,mrac.pitch.theta_3,0.0051155696
2.5818,B,mrac.pitch.theta_4,0.18159741
2.5818,B,mrac.pitch.theta_5,0.14148311
2.5818,B,mrac.pitch.u_nom,-0.10683852
2.5818,B,mrac.pitch.xm,-0.079829328
2.5818,B,mrac.roll.theta_0,0.029527286
2.5818,B,mrac.roll.theta_1,0.00012399234
2.5818,B,mrac.roll.theta_2,0.0032713413
2.5818,B,mrac.roll.theta_3,0.0030312086
2.5818,B,mrac.roll.theta_4,0.11991287
2.5818,B,mrac.roll.theta_5,0.11986246
2.5818,B,mrac.roll.u_nom,-0.10981709
2.5818,B,mrac.roll.xm,-0.015679434
2.5818,B,mrac.yaw.theta_0,2.0689243e-13
2.5818,B,mrac.yaw.theta_1,0.0014465591
2.5818,B,mrac.yaw.theta_2,0.0019551166
2.5818,B,mrac.yaw.theta_3,0
2.5818,B,mrac.yaw.theta_4,0.078813396
2.5818,B,mrac.yaw.theta_5,0.088125721
2.5818,B,mrac.yaw.u_nom,-0.021576239
2.5818,B,mrac.yaw.xm,-0.096762218
2.5818,B,mrac.z.theta_0,0.0068763099
2.5818,B,mrac.z.theta_1,0.00094888778
2.5818,B,mrac.z.theta_2,0.0027035647
2.5818,B,mrac.z.theta_3,0
2.5818,B,mrac.z.theta_4,0.19730116
2.5818,B,mrac.z.theta_5,0.19166045
2.5818,B,mrac.z.u_nom,-0.15353626
2.5818,B,mrac.z.xm,-0.048357185
2.5818,B,path.active_path_mode,1
2.5818,B,path.circle_theta,0
2.5818,B,path.sinusoid_t_elapsed,30.002968
2.5818,B,path.twc_arrived,0
2.5818,B,path.twc_target_x,-10.000002
2.5818,B,path.twc_target_y,-29.999998
2.5818,B,path.twc_target_z,0.60000002
2.5818,B,pid.gyrox.Des,-0.89836502
2.5818,B,pid.gyrox.FB,7.2848859
2.5818,B,pid.gyrox.U,-128.48599
2.5818,B,pid.gyroy.Des,-4.5738816
2.5818,B,pid.gyroy.FB,4.1642041
2.5818,B,pid.gyroy.U,-125.00107
2.5818,B,pid.gyroz.Des,-5.5440645
2.5818,B,pid.gyroz.FB,-0.73388028
2.5818,B,pid.gyroz.U,-40.39072
2.5818,B,pid.locx.Des,-10.000002
2.5818,B,pid.locx.FB,-22.36132
2.5818,B,pid.locx.U,11.817054
2.5818,B,pid.locxs.Des,11.817054
2.5818,B,pid.locxs.FB,-0.010309075
2.5818,B,pid.locxs.U,35.386803
2.5818,B,pid.locy.Des,-29.999998
2.5818,B,pid.locy.FB,-16.246489
2.5818,B,pid.locy.U,-13.00209
2.5818,B,pid.locys.Des,-13.00209
2.5818,B,pid.locys.FB,-0.99994683
2.5818,B,pid.locys.U,-36.005383
2.5818,B,pid.pitch.Des,-2.0801334
2.5818,B,pid.pitch.FB,-0.49496323
2.5818,B,pid.pitch.U,-4.5738816
2.5818,B,pid.roll.Des,-2.0880642
2.5818,B,pid.roll.FB,-1.9109869
2.5818,B,pid.roll.U,-0.89836502
2.5818,B,pid.yaw.Des,0
2.5818,B,pid.yaw.FB,0.59067738
2.5818,B,pid.yaw.U,-5.5440645
2.5818,B,pid.z_pos.Des,0.60000002
2.5818,B,pid.z_pos.FB,0.61963207
2.5818,B,pid.z_pos.U,-0.048357185
2.5818,B,pid.z_rate.Des,-0.048357185
2.5818,B,pid.z_rate.FB,0.0042304355
2.5818,B,pid.z_rate.U,-34.085049
2.7978,A,mrac.pitch.e,0.078204334
2.7978,A,mrac.pitch.u_ad,-0.012462056
2.7978,A,mrac.roll.e,-0.031665958
2.7978,A,mrac.roll.u_ad,0.035465315
2.7978,A,mrac.yaw.e,0.077618852
2.7978,A,mrac.yaw.u_ad,-0.01274923
2.7978,A,mrac.z.e,-0.019194551
2.7978,A,mrac.z.u_ad,-0.0044555874
2.7978,A,status.arm,1
2.7978,A,status.flymode,1
2.7978,A,status.rc_authority,1
2.7978,A,status.sbus_lost,0
2.7978,A,status.twc_arrived,0
2.7978,A,status.twc_execute,1
2.7979,B,mrac.pitch.theta_0,0.0024553067
2.7979,B,mrac.pitch.theta_1,0.00037077285
2.7979,B,mrac.pitch.theta_2,0.0050176093
2.7979,B,mrac.pitch.theta_3,0.0051163891
2.7979,B,mrac.pitch.theta_4,0.18161911
2.7979,B,mrac.pitch.theta_5,0.14148363
2.7979,B,mrac.pitch.u_nom,-0.051935248
2.7979,B,mrac.pitch.xm,-0.076240093
2.7979,B,mrac.roll.theta_0,0.030671515
2.7979,B,mrac.roll.theta_1,0.00012116742
2.7979,B,mrac.roll.theta_2,0.0032733015
2.7979,B,mrac.roll.theta_3,0.0030316401
2.7979,B,mrac.roll.theta_4,0.11997367
2.7979,B,mrac.roll.theta_5,0.11985082
2.7979,B,mrac.roll.u_nom,-0.021428922
2.7979,B,mrac.roll.xm,0.0083561288
2.7979,B,mrac.yaw.theta_0,8.6981976e-14
2.7979,B,mrac.yaw.theta_1,0.0014394615
2.7979,B,mrac.yaw.theta_2,0.0019538377
2.7979,B,mrac.yaw.theta_3,0
2.7979,B,mrac.yaw.theta_4,0.078851096
2.7979,B,mrac.yaw.theta_5,0.088125385
2.7979,B,mrac.yaw.u_nom,-0.02917007
2.7979,B,mrac.yaw.xm,-0.1194942
2.7979,B,mrac.z.theta_0,0.0085836463
2.7979,B,mrac.z.theta_1,0.00092069065
2.7979,B,mrac.z.theta_2,0.0027026185
2.7979,B,mrac.z.theta_3,0
2.7979,B,mrac.z.theta_4,0.19730553
2.7979,B,mrac.z.theta_5,0.19162878
2.7979,B,mrac.z.u_nom,-0.28200018
2.7979,B,mrac.z.xm,-0.058625117
2.7979,B,path.active_path_mode,1
2.7979,B,path.circle_theta,0
2.7979,B,path.sinusoid_t_elapsed,30.002968
2.7979,B,path.twc_arrived,0
2.7979,B,path.twc_target_x,-10.000002
2.7979,B,path.twc_target_y,-29.999998
2.7979,B,path.twc_target_z,0.60000002
2.7979,B,pid.gyrox.Des,0.47877073
2.7979,B,pid.gyrox.FB,0.97600347
2.7979,B,pid.gyrox.U,-25.071838
2.7979,B,pid.gyroy.Des,-4.3682337
2.7979,B,pid.gyroy.FB,-3.5947788
2.7979,B,pid.gyroy.U,-60.76424
2.7979,B,pid.gyroz.Des,-6.8465104
2.7979,B,pid.gyroz.FB,-0.27161101
2.7979,B,pid.gyroz.U,-54.606369
2.7979,B,pid.locx.Des,-10.000002
2.7979,B,pid.locx.FB,-21.911346
2.7979,B,pid.locx.U,11.449089
2.7979,B,pid.locxs.Des,11.449089
2.7979,B,pid.locxs.FB,0
2.7979,B,pid.locxs.U,34.251282
2.7979,B,pid.locy.Des,-29.999998
2.7979,B,pid.locy.FB,-16.251808
2.7979,B,pid.locy.U,-12.997423
2.7979,B,pid.locys.Des,-12.997423
2.7979,B,pid.locys.FB,0
2.7979,B,pid.locys.U,-38.990959
2.7979,B,pid.pitch.Des,-2.2468526
2.7979,B,pid.pitch.FB,-0.59657854
2.7979,B,pid.pitch.U,-4.3682337
2.7979,B,pid.roll.Des,-2.0321009
2.7979,B,pid.roll.FB,-2.1763084
2.7979,B,pid.roll.U,0.47877073
2.7979,B,pid.yaw.Des,0
2.7979,B,pid.yaw.FB,0.80775172
2.7979,B,pid.yaw.U,-6.8465104
2.7979,B,pid.z_pos.Des,0.60000002
2.7979,B,pid.z_pos.FB,0.62951148
2.7979,B,pid.z_pos.U,-0.058625117
2.7979,B,pid.z_rate.Des,-0.058625117
2.7979,B,pid.z_rate.FB,0.065705374
2.7979,B,pid.z_rate.U,-62.604042
2.9977,A,mrac.pitch.e,0.014576554
2.9977,A,mrac.pitch.u_ad,-0.0085073784
2.9977,A,mrac.roll.e,0.058986701
2.9977,A,mrac.roll.u_ad,0.023388743
2.9977,A,mrac.yaw.e,0.20820656
2.9977,A,mrac.yaw.u_ad,-0.017141305
2.9977,A,mrac.z.e,0.15148881
2.9977,A,mrac.z.u_ad,-0.065075487
2.9977,A,status.arm,1
2.9977,A,status.flymode,1
2.9977,A,status.rc_authority,1
2.9977,A,status.sbus_lost,0
2.9977,A,status.twc_arrived,0
2.9977,A,status.twc_execute,1
2.9977,B,mrac.pitch.theta_0,0.0015827999
2.9977,B,mrac.pitch.theta_1,0.00037202233
2.9977,B,mrac.pitch.theta_2,0.0050125131
2.9977,B,mrac.pitch.theta_3,0.0051167766
2.9977,B,mrac.pitch.theta_4,0.18163252
2.9977,B,mrac.pitch.theta_5,0.14149122
2.9977,B,mrac.pitch.u_nom,-0.046739724
2.9977,B,mrac.pitch.xm,-0.092472337
2.9977,B,mrac.roll.theta_0,0.032218486
2.9977,B,mrac.roll.theta_1,0.000119911
2.9977,B,mrac.roll.theta_2,0.0032752212
2.9977,B,mrac.roll.theta_3,0.0030320797
2.9977,B,mrac.roll.theta_4,0.12000324
2.9977,B,mrac.roll.theta_5,0.11984522
2.9977,B,mrac.roll.u_nom,-0.11215029
2.9977,B,mrac.roll.xm,0.013152984
2.9977,B,mrac.yaw.theta_0,4.3473976e-14
2.9977,B,mrac.yaw.theta_1,0.0014318048
2.9977,B,mrac.yaw.theta_2,0.0019523931
2.9977,B,mrac.yaw.theta_3,0
2.9977,B,mrac.yaw.theta_4,0.078892224
2.9977,B,mrac.yaw.theta_5,0.088129617
2.9977,B,mrac.yaw.u_nom,-0.05502237
2.9977,B,mrac.yaw.xm,-0.14023669
2.9977,B,mrac.z.theta_0,0.010057783
2.9977,B,mrac.z.theta_1,0.00090603385
2.9977,B,mrac.z.theta_2,0.0027035708
2.9977,B,mrac.z.theta_3,0
2.9977,B,mrac.z.theta_4,0.19730723
2.9977,B,mrac.z.theta_5,0.19160827
2.9977,B,mrac.z.u_nom,0.16173775
2.9977,B,mrac.z.xm,-0.060736943
2.9977,B,path.active_path_mode,1
2.9977,B,path.circle_theta,0
2.9977,B,path.sinusoid_t_elapsed,30.002968
2.9977,B,path.twc_arrived,0
2.9977,B,path.twc_target_x,-10.000002
2.9977,B,path.twc_target_y,-29.999998
2.9977,B,path.twc_target_z,0.60000002
2.9977,B,pid.gyrox.Des,0.75361013
2.9977,B,pid.gyrox.FB,5.1813402
2.9977,B,pid.gyrox.U,-131.21584
2.9977,B,pid.gyroy.Des,-5.2982726
2.9977,B,pid.gyroy.FB,0.26952586
2.9977,B,pid.gyroy.U,-54.685474
2.9977,B,pid.gyroz.Des,-8.0349674
2.9977,B,pid.gyroz.FB,4.5896063
2.9977,B,pid.gyroz.U,-103.00188
2.9977,B,pid.locx.Des,-10.000002
2.9977,B,pid.locx.FB,-21.581402
2.9977,B,pid.locx.U,11.193132
2.9977,B,pid.locxs.Des,11.193132
2.9977,B,pid.locxs.FB,0
2.9977,B,pid.locxs.U,33.483418
2.9977,B,pid.locy.Des,-29.999998
2.9977,B,pid.locy.FB,-16.257023
2.9977,B,pid.locy.U,-12.993163
2.9977,B,pid.locys.Des,-12.993163
2.9977,B,pid.locys.FB,0
2.9977,B,pid.locys.U,-38.97768
2.9977,B,pid.pitch.Des,-2.239732
2.9977,B,pid.pitch.FB,-0.39394966
2.9977,B,pid.pitch.U,-5.2982726
2.9977,B,pid.roll.Des,-1.995105
2.9977,B,pid.roll.FB,-2.2467439
2.9977,B,pid.roll.U,0.75361013
2.9977,B,pid.yaw.Des,0
2.9977,B,pid.yaw.FB,1.0058279
2.9977,B,pid.yaw.U,-8.0349674
2.9977,B,pid.z_pos.Des,0.60000002
2.9977,B,pid.z_pos.FB,0.61950874
2.9977,B,pid.z_pos.U,-0.060736943
2.9977,B,pid.z_rate.Des,-0.060736943
2.9977,B,pid.z_rate.FB,-0.18285218
2.9977,B,pid.z_rate.U,35.905781
3.1976,A,mrac.pitch.e,0.049188804
3.1976,A,mrac.pitch.u_ad,-0.021552766
3.1976,A,mrac.roll.e,0.0015482246
3.1976,A,mrac.roll.u_ad,0.026526887
3.1976,A,mrac.yaw.e,0.11903332
3.1976,A,mrac.yaw.u_ad,-0.013894858
3.1976,A,mrac.z.e,0.065932266
3.1976,A,mrac.z.u_ad,-0.036655284
3.1976,A,status.arm,1
3.1976,A,status.flymode,1
3.1976,A,status.rc_authority,1
3.1976,A,status.sbus_lost,0
3.1976,A,status.twc_arrived,0
3.1976,A,status.twc_execute,1
3.1976,B,mrac.pitch.theta_0,0.00191956
3.1976,B,mrac.pitch.theta_1,0.0003684065
3.1976,B,mrac.pitch.theta_2,0.0050070016
3.1976,B,mrac.pitch.theta_3,0.0051166955
3.1976,B,mrac.pitch.theta_4,0.18165831
3.1976,B,mrac.pitch.theta_5,0.14149533
3.1976,B,mrac.pitch.u_nom,-0.1104109
3.1976,B,mrac.pitch.xm,-0.081768185
3.1976,B,mrac.roll.theta_0,0.029134223
3.1976,B,mrac.roll.theta_1,0.00011856596
3.1976,B,mrac.roll.theta_2,0.003274963
3.1976,B,mrac.roll.theta_3,0.0030320324
3.1976,B,mrac.roll.theta_4,0.12003664
3.1976,B,mrac.roll.theta_5,0.11983423
3.1976,B,mrac.roll.u_nom,-0.0025615268
3.1976,B,mrac.roll.xm,-0.019888887
3.1976,B,mrac.yaw.theta_0,1.7324685e-14
3.1976,B,mrac.yaw.theta_1,0.0014458114
3.1976,B,mrac.yaw.theta_2,0.0019513393
3.1976,B,mrac.yaw.theta_3,0
3.1976,B,mrac.yaw.theta_4,0.07893721
3.1976,B,mrac.yaw.theta_5,0.088135771
3.1976,B,mrac.yaw.u_nom,-0.016533243
3.1976,B,mrac.yaw.xm,-0.1311347
3.1976,B,mrac.z.theta_0,0.010941514
3.1976,B,mrac.z.theta_1,0.0008926217
3.1976,B,mrac.z.theta_2,0.0027042709
3.1976,B,mrac.z.theta_3,0
3.1976,B,mrac.z.theta_4,0.19729683
3.1976,B,mrac.z.theta_5,0.19157967
3.1976,B,mrac.z.u_nom,-0.1803416
3.1976,B,mrac.z.xm,-0.064316437
3.1976,B,path.active_path_mode,1
3.1976,B,path.circle_theta,0
3.1976,B,path.sinusoid_t_elapsed,30.002968
3.1976,B,path.twc_arrived,0
3.1976,B,path.twc_target_x,-10.000002
3.1976,B,path.twc_target_y,-29.999998
3.1976,B,path.twc_target_z,0.60000002
3.1976,B,pid.gyrox.Des,-1.1395488
3.1976,B,pid.gyrox.FB,1.8107474
3.1976,B,pid.gyrox.U,-2.9969864
3.1976,B,pid.gyroy.Des,-4.6849699
3.1976,B,pid.gyroy.FB,2.0831044
3.1976,B,pid.gyroy.U,-129.18076
3.1976,B,pid.gyroz.Des,-7.5134621
3.1976,B,pid.gyroz.FB,-3.8798537
3.1976,B,pid.gyroz.U,-30.950232
3.1976,B,pid.locx.Des,-10.000002
3.1976,B,pid.locx.FB,-21.063768
3.1976,B,pid.locx.U,10.779594
3.1976,B,pid.locxs.Des,10.779594
3.1976,B,pid.locxs.FB,-0.016037311
3.1976,B,pid.locxs.U,32.293232
3.1976,B,pid.locy.Des,-29.999998
3.1976,B,pid.locy.FB,-16.401226
3.1976,B,pid.locy.U,-12.841878
3.1976,B,pid.locys.Des,-12.841878
3.1976,B,pid.locys.FB,-0.99987137
3.1976,B,pid.locys.U,-35.476437
3.1976,B,pid.pitch.Des,-2.040457
3.1976,B,pid.pitch.FB,-0.48108056
3.1976,B,pid.pitch.U,-4.6849699
3.1976,B,pid.roll.Des,-1.9189601
3.1976,B,pid.roll.FB,-1.6845713
3.1976,B,pid.roll.U,-1.1395488
3.1976,B,pid.yaw.Des,0
3.1976,B,pid.yaw.FB,0.91891038
3.1976,B,pid.yaw.U,-7.5134621
3.1976,B,pid.z_pos.Des,0.60000002
3.1976,B,pid.z_pos.FB,0.62970555
3.1976,B,pid.z_pos.U,-0.064316437
3.1976,B,pid.z_rate.Des,-0.064316437
3.1976,B,pid.z_rate.FB,0.0031481527
3.1976,B,pid.z_rate.U,-40.035835
3.3980,A,mrac.pitch.e,0.070696615
3.3980,A,mrac.pitch.u_ad,-0.027368968
3.3980,A,mrac.roll.e,-0.080719247
3.3980,A,mrac.roll.u_ad,0.033242162
3.3980,A,mrac.yaw.e,0.14043938
3.3980,A,mrac.yaw.u_ad,-0.014275463
3.3980,A,mrac.z.e,0.068186633
3.3980,A,mrac.z.u_ad,-0.038722593
3.3980,A,status.arm,1
3.3980,A,status.flymode,1
3.3980,A,status.rc_authority,1
3.3980,A,status.sbus_lost,0
3.3980,A,status.twc_arrived,0
3.3980,A,status.twc_execute,1
3.3980,B,mrac.pitch.theta_0,0.002261397
3.3980,B,mrac.pitch.theta_1,0.00036234368
3.3980,B,mrac.pitch.theta_2,0.0050021154
3.3980,B,mrac.pitch.theta_3,0.0051167784
3.3980,B,mrac.pitch.theta_4,0.18167742
3.3980,B,mrac.pitch.theta_5,0.14149062
3.3980,B,mrac.pitch.u_nom,-0.066351503
3.3980,B,mrac.pitch.xm,-0.073483966
3.3980,B,mrac.roll.theta_0,0.030033125
3.3980,B,mrac.roll.theta_1,0.00011791598
3.3980,B,mrac.roll.theta_2,0.0032752957
3.3980,B,mrac.roll.theta_3,0.0030320087
3.3980,B,mrac.roll.theta_4,0.12005029
3.3980,B,mrac.roll.theta_5,0.11982939
3.3980,B,mrac.roll.u_nom,0.044251084
3.3980,B,mrac.roll.xm,-0.0018150428
3.3980,B,mrac.yaw.theta_0,9.6587955e-15
3.3980,B,mrac.yaw.theta_1,0.0014507303
3.3980,B,mrac.yaw.theta_2,0.0019507315
3.3980,B,mrac.yaw.theta_3,0
3.3980,B,mrac.yaw.theta_4,0.078963101
3.3980,B,mrac.yaw.theta_5,0.088137761
3.3980,B,mrac.yaw.u_nom,-0.04612571
3.3980,B,mrac.yaw.xm,-0.12512493
3.3980,B,mrac.z.theta_0,0.01033757
3.3980,B,mrac.z.theta_1,0.00089288148
3.3980,B,mrac.z.theta_2,0.0027040413
3.3980,B,mrac.z.theta_3,0
3.3980,B,mrac.z.theta_4,0.19727716
3.3980,B,mrac.z.theta_5,0.191563
3.3980,B,mrac.z.u_nom,-0.1801172
3.3980,B,mrac.z.xm,-0.066802457
3.3980,B,path.active_path_mode,1
3.3980,B,path.circle_theta,0
3.3980,B,path.sinusoid_t_elapsed,30.002968
3.3980,B,path.twc_arrived,0
3.3980,B,path.twc_target_x,-10.000002
3.3980,B,path.twc_target_y,-29.999998
3.3980,B,path.twc_target_z,0.60000002
3.3980,B,pid.gyrox.Des,-0.10399425
3.3980,B,pid.gyrox.FB,-2.1747572
3.3980,B,pid.gyrox.U,51.773769
3.3980,B,pid.gyroy.Des,-4.2103195
3.3980,B,pid.gyroy.FB,4.3473587
3.3980,B,pid.gyroy.U,-77.631256
3.3980,B,pid.gyroz.Des,-7.1691275
3.3980,B,pid.gyroz.FB,3.3655739
3.3980,B,pid.gyroz.U,-86.347328
3.3980,B,pid.locx.Des,-10.000002
3.3980,B,pid.locx.FB,-20.80644
3.3980,B,pid.locx.U,10.609693
3.3980,B,pid.locxs.Des,10.609693
3.3980,B,pid.locxs.FB,-0.030071609
3.3980,B,pid.locxs.U,31.869509
3.3980,B,pid.locy.Des,-29.999998
3.3980,B,pid.locy.FB,-16.575258
3.3980,B,pid.locy.U,-12.703264
3.3980,B,pid.locys.Des,-12.703264
3.3980,B,pid.locys.FB,-1.9997739
3.3980,B,pid.locys.U,-32.061813
3.3980,B,pid.pitch.Des,-1.8434032
3.3980,B,pid.pitch.FB,-0.49085775
3.3980,B,pid.pitch.U,-4.2103195
3.3980,B,pid.roll.Des,-1.8891915
3.3980,B,pid.roll.FB,-1.8664057
3.3980,B,pid.roll.U,-0.10399425
3.3980,B,pid.yaw.Des,0
3.3980,B,pid.yaw.FB,0.86152124
3.3980,B,pid.yaw.U,-7.1691275
3.3980,B,pid.z_pos.Des,0.60000002
3.3980,B,pid.z_pos.FB,0.62964261
3.3980,B,pid.z_pos.U,-0.066802457
3.3980,B,pid.z_rate.Des,-0.066802457
3.3980,B,pid.z_rate.FB,0.00053758704
3.3980,B,pid.z_rate.U,-39.986019
3.6151,A,mrac.pitch.e,0.066017956
3.6151,A,mrac.pitch.u_ad,-0.0081675835
3.6151,A,mrac.roll.e,-0.01096534
3.6151,A,mrac.roll.u_ad,0.026024807
3.6151,A,mrac.yaw.e,0.14623299
3.6151,A,mrac.yaw.u_ad,-0.014331497
3.6151,A,mrac.z.e,0.16419548
3.6151,A,mrac.z.u_ad,-0.075702444
3.6151,A,status.arm,1
3.6151,A,status.flymode,1
3.6151,A,status.rc_authority,1
3.6151,A,status.sbus_lost,0
3.6151,A,status.twc_arrived,0
3.6151,A,status.twc_execute,1
3.6152,B,mrac.pitch.theta_0,0.0016587831
3.6152,B,mrac.pitch.theta_1,0.00035808995
3.6152,B,mrac.pitch.theta_2,0.004991489
3.6152,B,mrac.pitch.theta_3,0.005117733
3.6152,B,mrac.pitch.theta_4,0.18170358
3.6152,B,mrac.pitch.theta_5,0.14149593
3.6152,B,mrac.pitch.u_nom,-0.053620104
3.6152,B,mrac.pitch.xm,-0.1092482
3.6152,B,mrac.roll.theta_0,0.030848546
3.6152,B,mrac.roll.theta_1,0.00011638442
3.6152,B,mrac.roll.theta_2,0.0032762398
3.6152,B,mrac.roll.theta_3,0.0030327572
3.6152,B,mrac.roll.theta_4,0.12009507
3.6152,B,mrac.roll.theta_5,0.11982464
3.6152,B,mrac.roll.u_nom,0.080924369
3.6152,B,mrac.roll.xm,0.0095682358
3.6152,B,mrac.yaw.theta_0,3.7324168e-15
3.6152,B,mrac.yaw.theta_1,0.0014565723
3.6152,B,mrac.yaw.theta_2,0.0019496839
3.6152,B,mrac.yaw.theta_3,0
3.6152,B,mrac.yaw.theta_4,0.079009116
3.6152,B,mrac.yaw.theta_5,0.088142671
3.6152,B,mrac.yaw.u_nom,-0.045827731
3.6152,B,mrac.yaw.xm,-0.12953047
3.6152,B,mrac.z.theta_0,0.0093709566
3.6152,B,mrac.z.theta_1,0.00088726374
3.6152,B,mrac.z.theta_2,0.0027022231
3.6152,B,mrac.z.theta_3,0
3.6152,B,mrac.z.theta_4,0.19726075
3.6152,B,mrac.z.theta_5,0.19154461
3.6152,B,mrac.z.u_nom,-0.49334547
3.6152,B,mrac.z.xm,-0.078549825
3.6152,B,path.active_path_mode,1
3.6152,B,path.circle_theta,0
3.6152,B,path.sinusoid_t_elapsed,30.002968
3.6152,B,path.twc_arrived,0
3.6152,B,path.twc_target_x,-10.000002
3.6152,B,path.twc_target_y,-29.999998
3.6152,B,path.twc_target_z,0.60000002
3.6152,B,pid.gyrox.Des,0.54821932
3.6152,B,pid.gyrox.FB,-5.9056172
3.6152,B,pid.gyrox.U,94.681511
3.6152,B,pid.gyroy.Des,-6.2594581
3.6152,B,pid.gyroy.FB,8.252573
3.6152,B,pid.gyroy.U,-62.735523
3.6152,B,pid.gyroz.Des,-7.4215465
3.6152,B,pid.gyroz.FB,3.0410743
3.6152,B,pid.gyroz.U,-85.789513
3.6152,B,pid.locx.Des,-10.000002
3.6152,B,pid.locx.FB,-20.558086
3.6152,B,pid.locx.U,10.410474
3.6152,B,pid.locxs.Des,10.410474
3.6152,B,pid.locxs.FB,-0.015769973
3.6152,B,pid.locxs.U,31.229582
3.6152,B,pid.locy.Des,-29.999998
3.6152,B,pid.locy.FB,-16.679356
3.6152,B,pid.locy.U,-12.655944
3.6152,B,pid.locys.Des,-12.655944
3.6152,B,pid.locys.FB,-0.99987566
3.6152,B,pid.locys.U,-34.967476
3.6152,B,pid.pitch.Des,-2.0119727
3.6152,B,pid.pitch.FB,-0.1537177
3.6152,B,pid.pitch.U,-6.2594581
3.6152,B,pid.roll.Des,-1.8559378
3.6152,B,pid.roll.FB,-1.9474027
3.6152,B,pid.roll.U,0.54821932
3.6152,B,pid.yaw.Des,0
3.6152,B,pid.yaw.FB,0.9035911
3.6152,B,pid.yaw.U,-7.4215465
3.6152,B,pid.z_pos.Des,0.60000002
3.6152,B,pid.z_pos.FB,0.63962805
3.6152,B,pid.z_pos.U,-0.078549825
3.6152,B,pid.z_rate.Des,-0.078549825
3.6152,B,pid.z_rate.FB,0.1626319
3.6152,B,pid.z_rate.U,-109.5227
3.8154,A,mrac.pitch.e,0.052855607
3.8154,A,mrac.pitch.u_ad,-0.014036576
3.8154,A,mrac.roll.e,-0.031342465
3.8154,A,mrac.roll.u_ad,0.030695746
3.8154,A,mrac.yaw.e,0.14459233
3.8154,A,mrac.yaw.u_ad,-0.013849965
3.8154,A,mrac.z.e,-0.0022578537
3.8154,A,mrac.z.u_ad,-0.014662927
3.8154,A,status.arm,1
3.8154,A,status.flymode,1
3.8154,A,status.rc_authority,1
3.8154,A,status.sbus_lost,0
3.8154,A,status.twc_arrived,0
3.8154,A,status.twc_execute,1
3.8154,B,mrac.pitch.theta_0,0.0019222406
3.8154,B,mrac.pitch.theta_1,0.00036167234
3.8154,B,mrac.pitch.theta_2,0.004989503
3.8154,B,mrac.pitch.theta_3,0.0051175077
3.8154,B,mrac.pitch.theta_4,0.18171312
3.8154,B,mrac.pitch.theta_5,0.14149585
3.8154,B,mrac.pitch.u_nom,-0.14357966
3.8154,B,mrac.pitch.xm,-0.085673161
3.8154,B,mrac.roll.theta_0,0.031937726
3.8154,B,mrac.roll.theta_1,0.00011586206
3.8154,B,mrac.roll.theta_2,0.0032769628
3.8154,B,mrac.roll.theta_3,0.0030326375
3.8154,B,mrac.roll.theta_4,0.12012299
3.8154,B,mrac.roll.theta_5,0.11982621
3.8154,B,mrac.roll.u_nom,-0.021802749
3.8154,B,mrac.roll.xm,-0.0069657089
3.8154,B,mrac.yaw.theta_0,2.0954378e-15
3.8154,B,mrac.yaw.theta_1,0.0014623327
3.8154,B,mrac.yaw.theta_2,0.0019491051
3.8154,B,mrac.yaw.theta_3,0
3.8154,B,mrac.yaw.theta_4,0.079034157
3.8154,B,mrac.yaw.theta_5,0.088144541
3.8154,B,mrac.yaw.u_nom,-0.019614391
3.8154,B,mrac.yaw.xm,-0.12910479
3.8154,B,mrac.z.theta_0,0.0088063683
3.8154,B,mrac.z.theta_1,0.00086821569
3.8154,B,mrac.z.theta_2,0.0026998469
3.8154,B,mrac.z.theta_3,0
3.8154,B,mrac.z.theta_4,0.19728364
3.8154,B,mrac.z.theta_5,0.19155075
3.8154,B,mrac.z.u_nom,-0.26168242
3.8154,B,mrac.z.xm,-0.080639303
3.8154,B,path.active_path_mode,1
3.8154,B,path.circle_theta,0
3.8154,B,path.sinusoid_t_elapsed,30.002968
3.8154,B,path.twc_arrived,0
3.8154,B,path.twc_target_x,-10.000002
3.8154,B,path.twc_target_y,-29.999998
3.8154,B,path.twc_target_z,0.60000002
3.8154,B,pid.gyrox.Des,-0.39910555
3.8154,B,pid.gyrox.FB,1.8387477
3.8154,B,pid.gyrox.U,-25.509216
3.8154,B,pid.gyroy.Des,-4.9087086
3.8154,B,pid.gyroy.FB,6.7350268
3.8154,B,pid.gyroy.U,-167.9882
3.8154,B,pid.gyroz.Des,-7.3971562
3.8154,B,pid.gyroz.FB,-3.0501556
3.8154,B,pid.gyroz.U,-36.71814
3.8154,B,pid.locx.Des,-10.000002
3.8154,B,pid.locx.FB,-20.468102
3.8154,B,pid.locx.U,10.37448
3.8154,B,pid.locxs.Des,10.37448
3.8154,B,pid.locxs.FB,-0.99987674
3.8154,B,pid.locxs.U,34.123077
3.8154,B,pid.locy.Des,-29.999998
3.8154,B,pid.locy.FB,-16.680761
3.8154,B,pid.locy.U,-12.65539
3.8154,B,pid.locys.Des,-12.65539
3.8154,B,pid.locys.FB,0.015699035
3.8154,B,pid.locys.U,-38.012909
3.8154,B,pid.pitch.Des,-2.1869881
3.8154,B,pid.pitch.FB,-0.47257984
3.8154,B,pid.pitch.U,-4.9087086
3.8154,B,pid.roll.Des,-2.0273619
3.8154,B,pid.roll.FB,-1.9738364
3.8154,B,pid.roll.U,-0.39910555
3.8154,B,pid.yaw.Des,0
3.8154,B,pid.yaw.FB,0.89952606
3.8154,B,pid.yaw.U,-7.3971562
3.8154,B,pid.z_pos.Des,0.60000002
3.8154,B,pid.z_pos.FB,0.63959849
3.8154,B,pid.z_pos.U,-0.080639303
3.8154,B,pid.z_rate.Des,-0.080639303
3.8154,B,pid.z_rate.FB,0.032106567
3.8154,B,pid.z_rate.U,-58.093498
4.0316,A,mrac.pitch.e,0.046737235
4.0316,A,mrac.pitch.u_ad,-0.017670646
4.0316,A,mrac.roll.e,0.004869286
4.0316,A,mrac.roll.u_ad,0.024711112
4.0316,A,mrac.yaw.e,0.15144613
4.0316,A,mrac.yaw.u_ad,-0.015492807
4.0316,A,mrac.z.e,0.077204943
4.0316,A,mrac.z.u_ad,-0.044284567
4.0316,A,status.arm,1
4.0316,A,status.flymode,1
4.0316,A,status.rc_authority,1
4.0316,A,status.sbus_lost,0
4.0316,A,status.twc_arrived,0
4.0316,A,status.twc_execute,1
4.0316,B,mrac.pitch.theta_0,0.0016863026
4.0316,B,mrac.pitch.theta_1,0.000357268
4.0316,B,mrac.pitch.theta_2,0.0049790451
4.0316,B,mrac.pitch.theta_3,0.0051177018
4.0316,B,mrac.pitch.theta_4,0.18173891
4.0316,B,mrac.pitch.theta_5,0.14150119
4.0316,B,mrac.pitch.u_nom,0.025774227
4.0316,B,mrac.pitch.xm,-0.094916835
4.0316,B,mrac.roll.theta_0,0.029073693
4.0316,B,mrac.roll.theta_1,0.00011400471
4.0316,B,mrac.roll.theta_2,0.0032754664
4.0316,B,mrac.roll.theta_3,0.003032835
4.0316,B,mrac.roll.theta_4,0.12017173
4.0316,B,mrac.roll.theta_5,0.11981682
4.0316,B,mrac.roll.u_nom,0.0067524984
4.0316,B,mrac.roll.xm,-0.018669808
4.0316,B,mrac.yaw.theta_0,8.1610545e-16
4.0316,B,mrac.yaw.theta_1,0.0014664464
4.0316,B,mrac.yaw.theta_2,0.001947937
4.0316,B,mrac.yaw.theta_3,0
4.0316,B,mrac.yaw.theta_4,0.079080284
4.0316,B,mrac.yaw.theta_5,0.08814884
4.0316,B,mrac.yaw.u_nom,-0.039974283
4.0316,B,mrac.yaw.xm,-0.13464735
4.0316,B,mrac.z.theta_0,0.0098088346
4.0316,B,mrac.z.theta_1,0.00088199496
4.0316,B,mrac.z.theta_2,0.0027015605
4.0316,B,mrac.z.theta_3,0
4.0316,B,mrac.z.theta_4,0.19726546
4.0316,B,mrac.z.theta_5,0.19152415
4.0316,B,mrac.z.u_nom,-0.19708587
4.0316,B,mrac.z.xm,-0.077498339
4.0316,B,path.active_path_mode,1
4.0316,B,path.circle_theta,0
4.0316,B,path.sinusoid_t_elapsed,30.002968
4.0316,B,path.twc_arrived,0
4.0316,B,path.twc_target_x,-10.000002
4.0316,B,path.twc_target_y,-29.999998
4.0316,B,path.twc_target_z,0.60000002
4.0316,B,pid.gyrox.Des,-1.0697007
4.0316,B,pid.gyrox.FB,-0.48656759
4.0316,B,pid.gyrox.U,7.900423
4.0316,B,pid.gyroy.Des,-5.4383316
4.0316,B,pid.gyroy.FB,0.30355513
4.0316,B,pid.gyroy.U,30.155846
4.0316,B,pid.gyroz.Des,-7.7147222
4.0316,B,pid.gyroz.FB,1.3955343
4.0316,B,pid.gyroz.U,-74.831856
4.0316,B,pid.locx.Des,-10.000002
4.0316,B,pid.locx.FB,-20.466402
4.0316,B,pid.locx.U,10.37312
4.0316,B,pid.locxs.Des,10.37312
4.0316,B,pid.locxs.FB,-0.99986184
4.0316,B,pid.locxs.U,34.118912
4.0316,B,pid.locy.Des,-29.999998
4.0316,B,pid.locy.FB,-16.575779
4.0316,B,pid.locy.U,-12.739375
4.0316,B,pid.locys.Des,-12.739375
4.0316,B,pid.locys.FB,0.016622674
4.0316,B,pid.locys.U,-38.269962
4.0316,B,pid.pitch.Des,-2.2003319
4.0316,B,pid.pitch.FB,-0.36071065
4.0316,B,pid.pitch.U,-5.4383316
4.0316,B,pid.roll.Des,-2.0294163
4.0316,B,pid.roll.FB,-1.7958906
4.0316,B,pid.roll.U,-1.0697007
4.0316,B,pid.yaw.Des,0
4.0316,B,pid.yaw.FB,0.95245367
4.0316,B,pid.yaw.U,-7.7147222
4.0316,B,pid.z_pos.Des,0.60000002
4.0316,B,pid.z_pos.FB,0.62967807
4.0316,B,pid.z_pos.U,-0.077498339
4.0316,B,pid.z_rate.Des,-0.077498339
4.0316,B,pid.z_rate.FB,-0.0007406763
4.0316,B,pid.z_rate.U,-43.753063
4.2320,A,mrac.pitch.e,0.011564344
4.2320,A,mrac.pitch.u_ad,0.0023984788
4.2320,A,mrac.roll.e,-0.13123251
4.2320,A,mrac.roll.u_ad,0.032676898
4.2320,A,mrac.yaw.e,0.15399012
4.2320,A,mrac.yaw.u_ad,-0.017070521
4.2320,A,mrac.z.e,0.095051549
4.2320,A,mrac.z.u_ad,-0.053835381
4.2320,A,status.arm,1
4.2320,A,status.flymode,1
4.2320,A,status.rc_authority,1
4.2320,A,status.sbus_lost,0
4.2320,A,status.twc_arrived,0
4.2320,A,status.twc_execute,1
4.2320,B,mrac.pitch.theta_0,0.0021533037
4.2320,B,mrac.pitch.theta_1,0.00035832153
4.2320,B,mrac.pitch.theta_2,0.0049785729
4.2320,B,mrac.pitch.theta_3,0.0051178597
4.2320,B,mrac.pitch.theta_4,0.18174922
4.2320,B,mrac.pitch.theta_5,0.14149866
4.2320,B,mrac.pitch.u_nom,0.088096321
4.2320,B,mrac.pitch.xm,-0.093020156
4.2320,B,mrac.roll.theta_0,0.028495705
4.2320,B,mrac.roll.theta_1,0.0001127425
4.2320,B,mrac.roll.theta_2,0.0032752908
4.2320,B,mrac.roll.theta_3,0.003033068
4.2320,B,mrac.roll.theta_4,0.12020581
4.2320,B,mrac.roll.theta_5,0.11981038
4.2320,B,mrac.roll.u_nom,-0.13586357
4.2320,B,mrac.roll.xm,-0.0046904278
4.2320,B,mrac.yaw.theta_0,3.9408412e-16
4.2320,B,mrac.yaw.theta_1,0.0014634317
4.2320,B,mrac.yaw.theta_2,0.0019471408
4.2320,B,mrac.yaw.theta_3,0
4.2320,B,mrac.yaw.theta_4,0.079122745
4.2320,B,mrac.yaw.theta_5,0.088154957
4.2320,B,mrac.yaw.u_nom,-0.050744433
4.2320,B,mrac.yaw.xm,-0.15108262
4.2320,B,mrac.z.theta_0,0.0088322451
4.2320,B,mrac.z.theta_1,0.00086546817
4.2320,B,mrac.z.theta_2,0.0026986352
4.2320,B,mrac.z.theta_3,0
4.2320,B,mrac.z.theta_4,0.1972834
4.2320,B,mrac.z.theta_5,0.19153087
4.2320,B,mrac.z.u_nom,-0.27062714
4.2320,B,mrac.z.xm,-0.087278493
4.2320,B,path.active_path_mode,1
4.2320,B,path.circle_theta,0
4.2320,B,path.sinusoid_t_elapsed,30.002968
4.2320,B,path.twc_arrived,0
4.2320,B,path.twc_target_x,-10.000002
4.2320,B,path.twc_target_y,-29.999998
4.2320,B,path.twc_target_z,0.60000002
4.2320,B,pid.gyrox.Des,-0.26874161
4.2320,B,pid.gyrox.FB,9.5901537
4.2320,B,pid.gyrox.U,-158.96039
4.2320,B,pid.gyroy.Des,-5.3296599
4.2320,B,pid.gyroy.FB,-7.9005256
4.2320,B,pid.gyroy.U,103.07269
4.2320,B,pid.gyroz.Des,-8.6563931
4.2320,B,pid.gyroz.FB,2.9668958
4.2320,B,pid.gyroz.U,-94.993576
4.2320,B,pid.locx.Des,-10.000002
4.2320,B,pid.locx.FB,-20.463427
4.2320,B,pid.locx.U,10.370055
4.2320,B,pid.locxs.Des,10.370055
4.2320,B,pid.locxs.FB,-0.99981254
4.2320,B,pid.locxs.U,34.051495
4.2320,B,pid.locy.Des,-29.999998
4.2320,B,pid.locy.FB,-16.410807
4.2320,B,pid.locy.U,-12.907348
4.2320,B,pid.locys.Des,-12.907348
4.2320,B,pid.locys.FB,0.019361436
4.2320,B,pid.locys.U,-41.826653
4.2320,B,pid.pitch.Des,-2.4021022
4.2320,B,pid.pitch.FB,-0.73411012
4.2320,B,pid.pitch.U,-5.3296599
4.2320,B,pid.roll.Des,-2.0353928
4.2320,B,pid.roll.FB,-1.850482
4.2320,B,pid.roll.U,-0.26874161
4.2320,B,pid.yaw.Des,0
4.2320,B,pid.yaw.FB,1.1093988
4.2320,B,pid.yaw.U,-8.6563931
4.2320,B,pid.z_pos.Des,0.60000002
4.2320,B,pid.z_pos.FB,0.63961375
4.2320,B,pid.z_pos.U,-0.087278493
4.2320,B,pid.z_rate.Des,-0.087278493
4.2320,B,pid.z_rate.FB,0.030294579
4.2320,B,pid.z_rate.U,-60.079227
4.4324,A,mrac.pitch.e,0.22408861
4.4324,A,mrac.pitch.u_ad,-0.029805347
4.4324,A,mrac.roll.e,-0.06130036
4.4324,A,mrac.roll.u_ad,0.037171856
4.4324,A,mrac.yaw.e,0.17775357
4.4324,A,mrac.yaw.u_ad,-0.01512606
4.4324,A,mrac.z.e,0.09291815
4.4324,A,mrac.z.u_ad,-0.054353304
4.4324,A,status.arm,1
4.4324,A,status.flymode,1
4.4324,A,status.rc_authority,1
4.4324,A,status.sbus_lost,0
4.4324,A,status.twc_arrived,0
4.4324,A,status.twc_execute,1
4.4325,B,mrac.pitch.theta_0,0.0024685175
4.4325,B,mrac.pitch.theta_1,0.00035609602
4.4325,B,mrac.pitch.theta_2,0.0049754991
4.4325,B,mrac.pitch.theta_3,0.0051179416
4.4325,B,mrac.pitch.theta_4,0.18176936
4.4325,B,mrac.pitch.theta_5,0.14149171
4.4325,B,mrac.pitch.u_nom,0.066185415
4.4325,B,mrac.pitch.xm,-0.08262945
4.4325,B,mrac.roll.theta_0,0.027107166
4.4325,B,mrac.roll.theta_1,0.00011093843
4.4325,B,mrac.roll.theta_2,0.0032763435
4.4325,B,mrac.roll.theta_3,0.0030331519
4.4325,B,mrac.roll.theta_4,0.12024794
4.4325,B,mrac.roll.theta_5,0.11979946
4.4325,B,mrac.roll.u_nom,-0.092628881
4.4325,B,mrac.roll.xm,0.0011629987
4.4325,B,mrac.yaw.theta_0,1.5741807e-16
4.4325,B,mrac.yaw.theta_1,0.0014804365
4.4325,B,mrac.yaw.theta_2,0.0019460191
4.4325,B,mrac.yaw.theta_3,0
4.4325,B,mrac.yaw.theta_4,0.079168983
4.4325,B,mrac.yaw.theta_5,0.088161826
4.4325,B,mrac.yaw.u_nom,-0.048463389
4.4325,B,mrac.yaw.xm,-0.13204744
4.4325,B,mrac.z.theta_0,0.0078474544
4.4325,B,mrac.z.theta_1,0.00086345919
4.4325,B,mrac.z.theta_2,0.0026982818
4.4325,B,mrac.z.theta_3,0
4.4325,B,mrac.z.theta_4,0.19727194
4.4325,B,mrac.z.theta_5,0.19152837
4.4325,B,mrac.z.u_nom,-0.22589639
4.4325,B,mrac.z.xm,-0.092262857
4.4325,B,path.active_path_mode,1
4.4325,B,path.circle_theta,0
4.4325,B,path.sinusoid_t_elapsed,30.002968
4.4325,B,path.twc_arrived,0
4.4325,B,path.twc_target_x,-10.000002
4.4325,B,path.twc_target_y,-29.999998
4.4325,B,path.twc_target_z,0.60000002
4.4325,B,pid.gyrox.Des,0.066634893
4.4325,B,pid.gyrox.FB,-0.18831658
4.4325,B,pid.gyrox.U,-108.37579
4.4325,B,pid.gyroy.Des,-4.7343168
4.4325,B,pid.gyroy.FB,-2.1809671
4.4325,B,pid.gyroy.U,77.436935
4.4325,B,pid.gyroz.Des,-7.5657578
4.4325,B,pid.gyroz.FB,3.5141358
4.4325,B,pid.gyroz.U,-90.723465
4.4325,B,pid.locx.Des,-10.000002
4.4325,B,pid.locx.FB,-20.379957
4.4325,B,pid.locx.U,10.283968
4.4325,B,pid.locxs.Des,10.283968
4.4325,B,pid.locxs.FB,0
4.4325,B,pid.locxs.U,30.947891
4.4325,B,pid.locy.Des,-29.999998
4.4325,B,pid.locy.FB,-16.232161
4.4325,B,pid.locy.U,-13.013942
4.4325,B,pid.locys.Des,-13.013942
4.4325,B,pid.locys.FB,0
4.4325,B,pid.locys.U,-39.043396
4.4325,B,pid.pitch.Des,-2.2494037
4.4325,B,pid.pitch.FB,-0.79004681
4.4325,B,pid.pitch.U,-4.7343168
4.4325,B,pid.roll.Des,-1.844026
4.4325,B,pid.roll.FB,-1.7048537
4.4325,B,pid.roll.U,0.066634893
4.4325,B,pid.yaw.Des,0
4.4325,B,pid.yaw.FB,0.92762625
4.4325,B,pid.yaw.U,-7.5657578
4.4325,B,pid.z_pos.Des,0.60000002
4.4325,B,pid.z_pos.FB,0.63965589
4.4325,B,pid.z_pos.U,-0.092262857
4.4325,B,pid.z_rate.Des,-0.092262857
4.4325,B,pid.z_rate.FB,0.00048464711
4.4325,B,pid.z_rate.U,-50.148998
4.6321,A,mrac.pitch.e,0.067781299
4.6321,A,mrac.pitch.u_ad,-0.013275398
4.6321,A,mrac.roll.e,-0.05510186
4.6321,A,mrac.roll.u_ad,0.034749713
4.6321,A,mrac.yaw.e,0.088529982
4.6321,A,mrac.yaw.u_ad,-0.012259685
4.6321,A,mrac.z.e,0.0096134245
4.6321,A,mrac.z.u_ad,-0.019123621
4.6321,A,status.arm,1
4.6321,A,status.flymode,1
4.6321,A,status.rc_authority,1
4.6321,A,status.sbus_lost,0
4.6321,A,status.twc_arrived,0
4.6321,A,status.twc_execute,1
4.6321,B,mrac.pitch.theta_0,0.0022509559
4.6321,B,mrac.pitch.theta_1,0.00035267652
4.6321,B,mrac.pitch.theta_2,0.0049737096
4.6321,B,mrac.pitch.theta_3,0.0051181195
4.6321,B,mrac.pitch.theta_4,0.18177743
4.6321,B,mrac.pitch.theta_5,0.14148995
4.6321,B,mrac.pitch.u_nom,-0.13379793
4.6321,B,mrac.pitch.xm,-0.068655878
4.6321,B,mrac.roll.theta_0,0.029866025
4.6321,B,mrac.roll.theta_1,0.00010965397
4.6321,B,mrac.roll.theta_2,0.0032786897
4.6321,B,mrac.roll.theta_3,0.003033258
4.6321,B,mrac.roll.theta_4,0.12027254
4.6321,B,mrac.roll.theta_5,0.11979301
4.6321,B,mrac.roll.u_nom,-0.024006519
4.6321,B,mrac.roll.xm,0.0046202703
4.6321,B,mrac.yaw.theta_0,8.1496646e-17
4.6321,B,mrac.yaw.theta_1,0.00148244
4.6321,B,mrac.yaw.theta_2,0.0019451083
4.6321,B,mrac.yaw.theta_3,0
4.6321,B,mrac.yaw.theta_4,0.079204328
4.6321,B,mrac.yaw.theta_5,0.088165991
4.6321,B,mrac.yaw.u_nom,-0.0044279448
4.6321,B,mrac.yaw.xm,-0.13662551
4.6321,B,mrac.z.theta_0,0.0098230867
4.6321,B,mrac.z.theta_1,0.00087872596
4.6321,B,mrac.z.theta_2,0.0027019342
4.6321,B,mrac.z.theta_3,0
4.6321,B,mrac.z.theta_4,0.19726098
4.6321,B,mrac.z.theta_5,0.19149977
4.6321,B,mrac.z.u_nom,0.15723574
4.6321,B,mrac.z.xm,-0.087808706
4.6321,B,path.active_path_mode,1
4.6321,B,path.circle_theta,0
4.6321,B,path.sinusoid_t_elapsed,30.002968
4.6321,B,path.twc_arrived,0
4.6321,B,path.twc_target_x,-10.000002
4.6321,B,path.twc_target_y,-29.999998
4.6321,B,path.twc_target_z,0.60000002
4.6321,B,pid.gyrox.Des,0.26472187
4.6321,B,pid.gyrox.FB,2.7349503
4.6321,B,pid.gyrox.U,-28.087627
4.6321,B,pid.gyroy.Des,-3.9336905
4.6321,B,pid.gyroy.FB,5.4131289
4.6321,B,pid.gyroy.U,-156.54358
4.6321,B,pid.gyroz.Des,-7.8280621
4.6321,B,pid.gyroz.FB,-7.0247831
4.6321,B,pid.gyroz.U,-8.289113
4.6321,B,pid.locx.Des,-10.000002
4.6321,B,pid.locx.FB,-20.379957
4.6321,B,pid.locx.U,10.303965
4.6321,B,pid.locxs.Des,10.303965
4.6321,B,pid.locxs.FB,0
4.6321,B,pid.locxs.U,30.911894
4.6321,B,pid.locy.Des,-29.999998
4.6321,B,pid.locy.FB,-16.232161
4.6321,B,pid.locy.U,-13.01427
4.6321,B,pid.locys.Des,-13.01427
4.6321,B,pid.locys.FB,0
4.6321,B,pid.locys.U,-39.042809
4.6321,B,pid.pitch.Des,-2.2476819
4.6321,B,pid.pitch.FB,-0.81335616
4.6321,B,pid.pitch.U,-3.9336905
4.6321,B,pid.roll.Des,-1.8436301
4.6321,B,pid.roll.FB,-1.9583914
4.6321,B,pid.roll.U,0.26472187
4.6321,B,pid.yaw.Des,0
4.6321,B,pid.yaw.FB,0.97134364
4.6321,B,pid.yaw.U,-7.8280621
4.6321,B,pid.z_pos.Des,0.60000002
4.6321,B,pid.z_pos.FB,0.6195755
4.6321,B,pid.z_pos.U,-0.087808706
4.6321,B,pid.z_rate.Des,-0.087808706
4.6321,B,pid.z_rate.FB,-0.20769954
4.6321,B,pid.z_rate.U,34.906334
4.8487,A,mrac.pitch.e,0.012420058
4.8487,A,mrac.pitch.u_ad,-0.007671827
4.8487,A,mrac.roll.e,0.024136011
4.8487,A,mrac.roll.u_ad,0.033839207
4.8487,A,mrac.yaw.e,0.18511552
4.8487,A,mrac.yaw.u_ad,-0.01435353
4.8487,A,mrac.z.e,0.19509244
4.8487,A,mrac.z.u_ad,-0.087509371
4.8487,A,status.arm,1
4.8487,A,status.flymode,1
4.8487,A,status.rc_authority,1
4.8487,A,status.sbus_lost,0
4.8487,A,status.twc_arrived,0
4.8487,A,status.twc_execute,1
4.8488,B,mrac.pitch.theta_0,0.0024064195
4.8488,B,mrac.pitch.theta_1,0.00035175434
4.8488,B,mrac.pitch.theta_2,0.00496811
4.8488,B,mrac.pitch.theta_3,0.0051181982
4.8488,B,mrac.pitch.theta_4,0.18179844
4.8488,B,mrac.pitch.theta_5,0.14148667
4.8488,B,mrac.pitch.u_nom,-0.073074535
4.8488,B,mrac.pitch.xm,-0.11413847
4.8488,B,mrac.roll.theta_0,0.030279176
4.8488,B,mrac.roll.theta_1,0.00010873836
4.8488,B,mrac.roll.theta_2,0.003279177
4.8488,B,mrac.roll.theta_3,0.0030332953
4.8488,B,mrac.roll.theta_4,0.12030333
4.8488,B,mrac.roll.theta_5,0.11980157
4.8488,B,mrac.roll.u_nom,-0.024785457
4.8488,B,mrac.roll.xm,-0.0093857059
4.8488,B,mrac.yaw.theta_0,3.6507342e-17
4.8488,B,mrac.yaw.theta_1,0.0014843709
4.8488,B,mrac.yaw.theta_2,0.001943994
4.8488,B,mrac.yaw.theta_3,0
4.8488,B,mrac.yaw.theta_4,0.079240918
4.8488,B,mrac.yaw.theta_5,0.088167667
4.8488,B,mrac.yaw.u_nom,-0.036027353
4.8488,B,mrac.yaw.xm,-0.1249568
4.8488,B,mrac.z.theta_0,0.010412038
4.8488,B,mrac.z.theta_1,0.00088076928
4.8488,B,mrac.z.theta_2,0.0027012664
4.8488,B,mrac.z.theta_3,0
4.8488,B,mrac.z.theta_4,0.19726984
4.8488,B,mrac.z.theta_5,0.19148682
4.8488,B,mrac.z.u_nom,-0.3463324
4.8488,B,mrac.z.xm,-0.090511397
4.8488,B,path.active_path_mode,1
4.8488,B,path.circle_theta,0
4.8488,B,path.sinusoid_t_elapsed,30.002968
4.8488,B,path.twc_arrived,0
4.8488,B,path.twc_target_x,-10.000002
4.8488,B,path.twc_target_y,-29.999998
4.8488,B,path.twc_target_z,0.60000002
4.8488,B,pid.gyrox.Des,-0.53776109
4.8488,B,pid.gyrox.FB,2.5474324
4.8488,B,pid.gyrox.U,-28.998985
4.8488,B,pid.gyroy.Des,-6.53965
4.8488,B,pid.gyroy.FB,3.8878186
4.8488,B,pid.gyroy.U,-85.497208
4.8488,B,pid.gyroz.Des,-7.1594944
4.8488,B,pid.gyroz.FB,1.0221113
4.8488,B,pid.gyroz.U,-67.443207
4.8488,B,pid.locx.Des,-10.000002
4.8488,B,pid.locx.FB,-20.379223
4.8488,B,pid.locx.U,10.302849
4.8488,B,pid.locxs.Des,10.302849
4.8488,B,pid.locxs.FB,-0.98487955
4.8488,B,pid.locxs.U,33.772896
4.8488,B,pid.locy.Des,-29.999998
4.8488,B,pid.locy.FB,-16.182169
4.8488,B,pid.locy.U,-13.090258
4.8488,B,pid.locys.Des,-13.090258
4.8488,B,pid.locys.FB,1.0148951
4.8488,B,pid.locys.U,-48.364178
4.8488,B,pid.pitch.Des,-2.7919631
4.8488,B,pid.pitch.FB,-0.65791667
4.8488,B,pid.pitch.U,-6.53965
4.8488,B,pid.roll.Des,-2.0144193
4.8488,B,pid.roll.FB,-1.9346548
4.8488,B,pid.roll.U,-0.53776109
4.8488,B,pid.yaw.Des,0
4.8488,B,pid.yaw.FB,0.85991573
4.8488,B,pid.yaw.U,-7.1594944
4.8488,B,pid.z_pos.Des,0.60000002
4.8488,B,pid.z_pos.FB,0.62959939
4.8488,B,pid.z_pos.U,-0.090511397
4.8488,B,pid.z_rate.Des,-0.090511397
4.8488,B,pid.z_rate.FB,0.069078088
4.8488,B,pid.z_rate.U,-76.885796
5.0494,A,mrac.pitch.e,-0.018886091
5.0494,A,mrac.pitch.u_ad,0.0038788612
5.0494,A,mrac.roll.e,-0.02968497
5.0494,A,mrac.roll.u_ad,0.028851064
5.0494,A,mrac.yaw.e,0.10453846
5.0494,A,mrac.yaw.u_ad,-0.014553165
5.0494,A,mrac.z.e,-0.074850023
5.0494,A,mrac.z.u_ad,0.009149937
5.0494,A,status.arm,1
5.0494,A,status.flymode,1
5.0494,A,status.rc_authority,1
5.0494,A,status.sbus_lost,0
5.0494,A,status.twc_arrived,0
5.0494,A,status.twc_execute,1
5.0495,B,mrac.pitch.theta_0,0.0028182305
5.0495,B,mrac.pitch.theta_1,0.00034928467
5.0495,B,mrac.pitch.theta_2,0.004963262
5.0495,B,mrac.pitch.theta_3,0.0051179859
5.0495,B,mrac.pitch.theta_4,0.18181571
5.0495,B,mrac.pitch.theta_5,0.14148338
5.0495,B,mrac.pitch.u_nom,0.0059603583
5.0495,B,mrac.pitch.xm,-0.097306177
5.0495,B,mrac.roll.theta_0,0.028374949
5.0495,B,mrac.roll.theta_1,0.00010745506
5.0495,B,mrac.roll.theta_2,0.0032796257
5.0495,B,mrac.roll.theta_3,0.0030335085
5.0495,B,mrac.roll.theta_4,0.12034187
5.0495,B,mrac.roll.theta_5,0.11979319
5.0495,B,mrac.roll.u_nom,-0.042878117
5.0495,B,mrac.roll.xm,-0.015932092
5.0495,B,mrac.yaw.theta_0,1.9696414e-17
5.0495,B,mrac.yaw.theta_1,0.0014839249
5.0495,B,mrac.yaw.theta_2,0.0019433307
5.0495,B,mrac.yaw.theta_3,0
5.0495,B,mrac.yaw.theta_4,0.079270057
5.0495,B,mrac.yaw.theta_5,0.088169612
5.0495,B,mrac.yaw.u_nom,-0.041240316
5.0495,B,mrac.yaw.xm,-0.13453114
5.0495,B,mrac.z.theta_0,0.0095248641
5.0495,B,mrac.z.theta_1,0.00087648997
5.0495,B,mrac.z.theta_2,0.0027008776
5.0495,B,mrac.z.theta_3,0
5.0495,B,mrac.z.theta_4,0.19726956
5.0495,B,mrac.z.theta_5,0.1914905
5.0495,B,mrac.z.u_nom,-0.23224515
5.0495,B,mrac.z.xm,-0.093066007
5.0495,B,path.active_path_mode,1
5.0495,B,path.circle_theta,0
5.0495,B,path.sinusoid_t_elapsed,30.002968
5.0495,B,path.twc_arrived,0
5.0495,B,path.twc_target_x,-10.000002
5.0495,B,path.twc_target_y,-29.999998
5.0495,B,path.twc_target_z,0.60000002
5.0495,B,pid.gyrox.Des,-0.91284132
5.0495,B,pid.gyrox.FB,3.4216456
5.0495,B,pid.gyrox.U,-50.167397
5.0495,B,pid.gyroy.Des,-5.5752311
5.0495,B,pid.gyroy.FB,-6.3050175
5.0495,B,pid.gyroy.U,6.973619
5.0495,B,pid.gyroz.Des,-7.7080631
5.0495,B,pid.gyroz.FB,1.6982147
5.0495,B,pid.gyroz.U,-77.201874
5.0495,B,pid.locx.Des,-10.000002
5.0495,B,pid.locx.FB,-20.376581
5.0495,B,pid.locx.U,10.299952
5.0495,B,pid.locxs.Des,10.299952
5.0495,B,pid.locxs.FB,-0.98325884
5.0495,B,pid.locxs.U,33.840145
5.0495,B,pid.locy.Des,-29.999998
5.0495,B,pid.locy.FB,-16.007198
5.0495,B,pid.locy.U,-13.274226
5.0495,B,pid.locys.Des,-13.274226
5.0495,B,pid.locys.FB,1.0164654
5.0495,B,pid.locys.U,-43.211735
5.0495,B,pid.pitch.Des,-2.488663
5.0495,B,pid.pitch.FB,-0.65613526
5.0495,B,pid.pitch.U,-5.5752311
5.0495,B,pid.roll.Des,-2.0178046
5.0495,B,pid.roll.FB,-1.8234577
5.0495,B,pid.roll.U,-0.91284132
5.0495,B,pid.yaw.Des,0
5.0495,B,pid.yaw.FB,0.95134389
5.0495,B,pid.yaw.U,-7.7080631
5.0495,B,pid.z_pos.Des,0.60000002
5.0495,B,pid.z_pos.FB,0.62963969
5.0495,B,pid.z_pos.U,-0.093066007
5.0495,B,pid.z_rate.Des,-0.093066007
5.0495,B,pid.z_rate.FB,0.0032050447
5.0495,B,pid.z_rate.U,-51.558422
5.2653,A,mrac.pitch.e,0.035959486
5.2653,A,mrac.pitch.u_ad,-0.013210309
5.2653,A,mrac.roll.e,-0.044601563
5.2653,A,mrac.roll.u_ad,0.033451125
5.2653,A,mrac.yaw.e,0.12555669
5.2653,A,mrac.yaw.u_ad,-0.014985362
5.2653,A,mrac.z.e,0.084775813
5.2653,A,mrac.z.u_ad,-0.048107602
5.2653,A,status.arm,1
5.2653,A,status.flymode,1
5.2653,A,status.rc_authority,1
5.2653,A,status.sbus_lost,0
5.2653,A,status.twc_arrived,0
5.2653,A,status.twc_execute,1
5.2653,B,mrac.pitch.theta_0,0.0027477928
5.2653,B,mrac.pitch.theta_1,0.00034069223
5.2653,B,mrac.pitch.theta_2,0.0049526715
5.2653,B,mrac.pitch.theta_3,0.005118438
5.2653,B,mrac.pitch.theta_4,0.18184125
5.2653,B,mrac.pitch.theta_5,0.14148283
5.2653,B,mrac.pitch.u_nom,-0.076584622
5.2653,B,mrac.pitch.xm,-0.085509717
5.2653,B,mrac.roll.theta_0,0.031856209
5.2653,B,mrac.roll.theta_1,0.00010609296
5.2653,B,mrac.roll.theta_2,0.0032824385
5.2653,B,mrac.roll.theta_3,0.0030338338
5.2653,B,mrac.roll.theta_4,0.12037914
5.2653,B,mrac.roll.theta_5,0.11978216
5.2653,B,mrac.roll.u_nom,-0.0022999616
5.2653,B,mrac.roll.xm,-0.0030535902
5.2653,B,mrac.yaw.theta_0,7.1368879e-18
5.2653,B,mrac.yaw.theta_1,0.0014911372
5.2653,B,mrac.yaw.theta_2,0.0019415667
5.2653,B,mrac.yaw.theta_3,0
5.2653,B,mrac.yaw.theta_4,0.079326488
5.2653,B,mrac.yaw.theta_5,0.088177077
5.2653,B,mrac.yaw.u_nom,-0.015484481
5.2653,B,mrac.yaw.xm,-0.13935888
5.2653,B,mrac.z.theta_0,0.010483086
5.2653,B,mrac.z.theta_1,0.00090151461
5.2653,B,mrac.z.theta_2,0.0027031857
5.2653,B,mrac.z.theta_3,0
5.2653,B,mrac.z.theta_4,0.19725257
5.2653,B,mrac.z.theta_5,0.19146571
5.2653,B,mrac.z.u_nom,-0.21357031
5.2653,B,mrac.z.xm,-0.08860641
5.2653,B,path.active_path_mode,1
5.2653,B,path.circle_theta,0
5.2653,B,path.sinusoid_t_elapsed,30.002968
5.2653,B,path.twc_arrived,0
5.2653,B,path.twc_target_x,-10.000002
5.2653,B,path.twc_target_y,-29.999998
5.2653,B,path.twc_target_z,0.60000002
5.2653,B,pid.gyrox.Des,-0.17495775
5.2653,B,pid.gyrox.FB,0.94945407
5.2653,B,pid.gyrox.U,-2.6909552
5.2653,B,pid.gyroy.Des,-4.899344
5.2653,B,pid.gyroy.FB,-1.9472861
5.2653,B,pid.gyroy.U,-89.604004
5.2653,B,pid.gyroz.Des,-7.9846721
5.2653,B,pid.gyroz.FB,-4.600142
5.2653,B,pid.gyroz.U,-28.986948
5.2653,B,pid.locx.Des,-10.000002
5.2653,B,pid.locx.FB,-20.369846
5.2653,B,pid.locx.U,10.294472
5.2653,B,pid.locxs.Des,10.294472
5.2653,B,pid.locxs.FB,-0.98244065
5.2653,B,pid.locxs.U,33.829926
5.2653,B,pid.locy.Des,-29.999998
5.2653,B,pid.locy.FB,-15.632261
5.2653,B,pid.locy.U,-13.574176
5.2653,B,pid.locys.Des,-13.574176
5.2653,B,pid.locys.FB,1.0172563
5.2653,B,pid.locys.U,-43.86948
5.2653,B,pid.pitch.Des,-2.5250885
5.2653,B,pid.pitch.FB,-0.76735854
5.2653,B,pid.pitch.U,-4.899344
5.2653,B,pid.roll.Des,-2.0198293
5.2653,B,pid.roll.FB,-2.0226297
5.2653,B,pid.roll.U,-0.17495775
5.2653,B,pid.yaw.Des,0
5.2653,B,pid.yaw.FB,0.99744534
5.2653,B,pid.yaw.U,-7.9846721
5.2653,B,pid.z_pos.Des,0.60000002
5.2653,B,pid.z_pos.FB,0.6195581
5.2653,B,pid.z_pos.U,-0.08860641
5.2653,B,pid.z_rate.Des,-0.08860641
5.2653,B,pid.z_rate.FB,-0.0026998918
5.2653,B,pid.z_rate.U,-47.412609
5.4823,A,mrac.pitch.e,0.032038294
5.4823,A,mrac.pitch.u_ad,-0.020630127
5.4823,A,mrac.roll.e,0.0075261993
5.4823,A,mrac.roll.u_ad,0.030539865
5.4823,A,mrac.yaw.e,0.11360601
5.4823,A,mrac.yaw.u_ad,-0.013267502
5.4823,A,mrac.z.e,0.091025755
5.4823,A,mrac.z.u_ad,-0.051902402
5.4823,A,status.arm,1
5.4823,A,status.flymode,1
5.4823,A,status.rc_authority,1
5.4823,A,status.sbus_lost,0
5.4823,A,status.twc_arrived,0
5.4823,A,status.twc_execute,1
5.4824,B,mrac.pitch.theta_0,0.0025244225
5.4824,B,mrac.pitch.theta_1,0.00034625657
5.4824,B,mrac.pitch.theta_2,0.0049451059
5.4824,B,mrac.pitch.theta_3,0.00511856
5.4824,B,mrac.pitch.theta_4,0.18185984
5.4824,B,mrac.pitch.theta_5,0.14148304
5.4824,B,mrac.pitch.u_nom,-0.028917713
5.4824,B,mrac.pitch.xm,-0.091876432
5.4824,B,mrac.roll.theta_0,0.031916834
5.4824,B,mrac.roll.theta_1,0.00010539831
5.4824,B,mrac.roll.theta_2,0.0032828688
5.4824,B,mrac.roll.theta_3,0.0030338026
5.4824,B,mrac.roll.theta_4,0.12040056
5.4824,B,mrac.roll.theta_5,0.11977702
5.4824,B,mrac.roll.u_nom,0.077183291
5.4824,B,mrac.roll.xm,0.00075910945
5.4824,B,mrac.yaw.theta_0,4.4262687e-18
5.4824,B,mrac.yaw.theta_1,0.0015017296
5.4824,B,mrac.yaw.theta_2,0.0019411192
5.4824,B,mrac.yaw.theta_3,0
5.4824,B,mrac.yaw.theta_4,0.079344533
5.4824,B,mrac.yaw.theta_5,0.088177934
5.4824,B,mrac.yaw.u_nom,-0.030907067
5.4824,B,mrac.yaw.xm,-0.11592829
5.4824,B,mrac.z.theta_0,0.0097448397
5.4824,B,mrac.z.theta_1,0.000903195
5.4824,B,mrac.z.theta_2,0.0027029705
5.4824,B,mrac.z.theta_3,0
5.4824,B,mrac.z.theta_4,0.19724242
5.4824,B,mrac.z.theta_5,0.19146219
5.4824,B,mrac.z.u_nom,-0.22196634
5.4824,B,mrac.z.xm,-0.09020526
5.4824,B,path.active_path_mode,1
5.4824,B,path.circle_theta,0
5.4824,B,path.sinusoid_t_elapsed,30.002968
5.4824,B,path.twc_arrived,0
5.4824,B,path.twc_target_x,-10.000002
5.4824,B,path.twc_target_y,-29.999998
5.4824,B,path.twc_target_z,0.60000002
5.4824,B,pid.gyrox.Des,0.043493748
5.4824,B,pid.gyrox.FB,-4.6680183
5.4824,B,pid.gyrox.U,90.304451
5.4824,B,pid.gyroy.Des,-5.2641296
5.4824,B,pid.gyroy.FB,-1.3573015
5.4824,B,pid.gyroy.U,-33.833725
5.4824,B,pid.gyroz.Des,-6.642199
5.4824,B,pid.gyroz.FB,0.34389898
5.4824,B,pid.gyroz.U,-57.858028
5.4824,B,pid.locx.Des,-10.000002
5.4824,B,pid.locx.FB,-20.365818
5.4824,B,pid.locx.U,10.292172
5.4824,B,pid.locxs.Des,10.292172
5.4824,B,pid.locxs.FB,0.013503188
5.4824,B,pid.locxs.U,30.836519
5.4824,B,pid.locy.Des,-29.999998
5.4824,B,pid.locy.FB,-15.382303
5.4824,B,pid.locy.U,-13.73015
5.4824,B,pid.locys.Des,-13.73015
5.4824,B,pid.locys.FB,0.9999088
5.4824,B,pid.locys.U,-44.238182
5.4824,B,pid.pitch.Des,-2.5569479
5.4824,B,pid.pitch.FB,-0.70247597
5.4824,B,pid.pitch.U,-5.2641296
5.4824,B,pid.roll.Des,-1.8356085
5.4824,B,pid.roll.FB,-1.9128976
5.4824,B,pid.roll.U,0.043493748
5.4824,B,pid.yaw.Des,0
5.4824,B,pid.yaw.FB,0.77369982
5.4824,B,pid.yaw.U,-6.642199
5.4824,B,pid.z_pos.Des,0.60000002
5.4824,B,pid.z_pos.FB,0.61960799
5.4824,B,pid.z_pos.U,-0.09020526
5.4824,B,pid.z_rate.Des,-0.09020526
5.4824,B,pid.z_rate.FB,0.00036106
5.4824,B,pid.z_rate.U,-49.276527
5.6830,A,mrac.pitch.e,-0.008161895
5.6830,A,mrac.pitch.u_ad,0.0033163978
5.6830,A,mrac.roll.e,0.0057415464
5.6830,A,mrac.roll.u_ad,0.020861525
5.6830,A,mrac.yaw.e,0.12233625
5.6830,A,mrac.yaw.u_ad,-0.012329142
5.6830,A,mrac.z.e,0.078123033
5.6830,A,mrac.z.u_ad,-0.044720538
5.6830,A,status.arm,1
5.6830,A,status.flymode,1
5.6830,A,status.rc_authority,1
5.6830,A,status.sbus_lost,0
5.6830,A,status.twc_arrived,0
5.6830,A,status.twc_execute,1
5.6830,B,mrac.pitch.theta_0,0.0030025914
5.6830,B,mrac.pitch.theta_1,0.00035191959
5.6830,B,mrac.pitch.theta_2,0.0049431408
5.6830,B,mrac.pitch.theta_3,0.0051190518
5.6830,B,mrac.pitch.theta_4,0.18188125
5.6830,B,mrac.pitch.theta_5,0.14148216
5.6830,B,mrac.pitch.u_nom,-0.11445803
5.6830,B,mrac.pitch.xm,-0.067858525
5.6830,B,mrac.roll.theta_0,0.030350385
5.6830,B,mrac.roll.theta_1,0.00010469119
5.6830,B,mrac.roll.theta_2,0.0032828467
5.6830,B,mrac.roll.theta_3,0.0030341842
5.6830,B,mrac.roll.theta_4,0.12042034
5.6830,B,mrac.roll.theta_5,0.11977018
5.6830,B,mrac.roll.u_nom,0.066703416
5.6830,B,mrac.roll.xm,-0.0096534099
5.6830,B,mrac.yaw.theta_0,2.0032255e-18
5.6830,B,mrac.yaw.theta_1,0.0015056268
5.6830,B,mrac.yaw.theta_2,0.0019402497
5.6830,B,mrac.yaw.theta_3,0
5.6830,B,mrac.yaw.theta_4,0.079377145
5.6830,B,mrac.yaw.theta_5,0.088178463
5.6830,B,mrac.yaw.u_nom,-0.028661588
5.6830,B,mrac.yaw.xm,-0.11328343
5.6830,B,mrac.z.theta_0,0.010793081
5.6830,B,mrac.z.theta_1,0.00092188892
5.6830,B,mrac.z.theta_2,0.0027053764
5.6830,B,mrac.z.theta_3,0
5.6830,B,mrac.z.theta_4,0.1972259
5.6830,B,mrac.z.theta_5,0.19143695
5.6830,B,mrac.z.u_nom,-0.20355199
5.6830,B,mrac.z.xm,-0.084767155
5.6830,B,path.active_path_mode,1
5.6830,B,path.circle_theta,0
5.6830,B,path.sinusoid_t_elapsed,30.002968
5.6830,B,path.twc_arrived,0
5.6830,B,path.twc_target_x,-10.000002
5.6830,B,path.twc_target_y,-29.999998
5.6830,B,path.twc_target_z,0.60000002
5.6830,B,pid.gyrox.Des,-0.55309939
5.6830,B,pid.gyrox.FB,-2.7391214
5.6830,B,pid.gyrox.U,78.042999
5.6830,B,pid.gyroy.Des,-3.8880053
5.6830,B,pid.gyroy.FB,1.3496084
5.6830,B,pid.gyroy.U,-133.91589
5.6830,B,pid.gyroz.Des,-6.4906597
5.6830,B,pid.gyroz.FB,-0.02618161
5.6830,B,pid.gyroz.U,-53.654491
5.6830,B,pid.locx.Des,-10.000002
5.6830,B,pid.locx.FB,-20.357101
5.6830,B,pid.locx.U,10.284754
5.6830,B,pid.locxs.Des,10.284754
5.6830,B,pid.locxs.FB,0.013062418
5.6830,B,pid.locxs.U,30.891386
5.6830,B,pid.locy.Des,-29.999998
5.6830,B,pid.locy.FB,-14.76236
5.6830,B,pid.locy.U,-14.262106
5.6830,B,pid.locys.Des,-14.262106
5.6830,B,pid.locys.FB,0.99991471
5.6830,B,pid.locys.U,-39.882561
5.6830,B,pid.pitch.Des,-2.3040707
5.6830,B,pid.pitch.FB,-0.96756482
5.6830,B,pid.pitch.U,-3.8880053
5.6830,B,pid.roll.Des,-1.8342388
5.6830,B,pid.roll.FB,-1.7449441
5.6830,B,pid.roll.U,-0.55309939
5.6830,B,pid.yaw.Des,0
5.6830,B,pid.yaw.FB,0.74844325
5.6830,B,pid.yaw.U,-6.4906597
5.6830,B,pid.z_pos.Des,0.60000002
5.6830,B,pid.z_pos.FB,0.60963023
5.6830,B,pid.z_pos.U,-0.084767155
5.6830,B,pid.z_rate.Des,-0.084767155
5.6830,B,pid.z_rate.FB,-0.0044207987
5.6830,B,pid.z_rate.U,-45.188541
5.8834,A,mrac.pitch.e,0.17852616
5.8834,A,mrac.pitch.u_ad,-0.018189486
5.8834,A,mrac.roll.e,-0.12311204
5.8834,A,mrac.roll.u_ad,0.042409822
5.8834,A,mrac.yaw.e,0.16858186
5.8834,A,mrac.yaw.u_ad,-0.01564703
5.8834,A,mrac.z.e,0.08589603
5.8834,A,mrac.z.u_ad,-0.048704684
5.8834,A,status.arm,1
5.8834,A,status.flymode,1
5.8834,A,status.rc_authority,1
5.8834,A,status.sbus_lost,0
5.8834,A,status.twc_arrived,0
5.8834,A,status.twc_execute,1
5.8834,B,mrac.pitch.theta_0,0.0033218081
5.8834,B,mrac.pitch.theta_1,0.00035310991
5.8834,B,mrac.pitch.theta_2,0.0049409843
5.8834,B,mrac.pitch.theta_3,0.0051196306
5.8834,B,mrac.pitch.theta_4,0.18189481
5.8834,B,mrac.pitch.theta_5,0.14147794
5.8834,B,mrac.pitch.u_nom,-0.12109464
5.8834,B,mrac.pitch.xm,-0.069893844
5.8834,B,mrac.roll.theta_0,0.030440172
5.8834,B,mrac.roll.theta_1,0.00010388552
5.8834,B,mrac.roll.theta_2,0.003284276
5.8834,B,mrac.roll.theta_3,0.0030347866
5.8834,B,mrac.roll.theta_4,0.12043786
5.8834,B,mrac.roll.theta_5,0.11976484
5.8834,B,mrac.roll.u_nom,0.039833281
5.8834,B,mrac.roll.xm,-0.014202037
5.8834,B,mrac.yaw.theta_0,9.9228948e-19
5.8834,B,mrac.yaw.theta_1,0.0014996666
5.8834,B,mrac.yaw.theta_2,0.001939383
5.8834,B,mrac.yaw.theta_3,0
5.8834,B,mrac.yaw.theta_4,0.07941439
5.8834,B,mrac.yaw.theta_5,0.088181496
5.8834,B,mrac.yaw.u_nom,-0.026550619
5.8834,B,mrac.yaw.xm,-0.13625087
5.8834,B,mrac.z.theta_0,0.010050942
5.8834,B,mrac.z.theta_1,0.00092619192
5.8834,B,mrac.z.theta_2,0.0027051524
5.8834,B,mrac.z.theta_3,0
5.8834,B,mrac.z.theta_4,0.19721347
5.8834,B,mrac.z.theta_5,0.19143063
5.8834,B,mrac.z.u_nom,-0.21312344
5.8834,B,mrac.z.xm,-0.085575178
5.8834,B,path.active_path_mode,1
5.8834,B,path.circle_theta,0
5.8834,B,path.sinusoid_t_elapsed,30.002968
5.8834,B,path.twc_arrived,0
5.8834,B,path.twc_target_x,-10.000002
5.8834,B,path.twc_target_y,-29.999998
5.8834,B,path.twc_target_z,0.60000002
5.8834,B,pid.gyrox.Des,-0.81371641
5.8834,B,pid.gyrox.FB,-4.3099699
5.8834,B,pid.gyrox.U,46.604939
5.8834,B,pid.gyroy.Des,-4.0046206
5.8834,B,pid.gyroy.FB,3.2309682
5.8834,B,pid.gyroy.U,-141.68073
5.8834,B,pid.gyroz.Des,-7.8065963
5.8834,B,pid.gyroz.FB,-1.8418007
5.8834,B,pid.gyroz.U,-49.702759
5.8834,B,pid.locx.Des,-10.000002
5.8834,B,pid.locx.FB,-20.352242
5.8834,B,pid.locx.U,10.28118
5.8834,B,pid.locxs.Des,10.28118
5.8834,B,pid.locxs.FB,0.016889889
5.8834,B,pid.locxs.U,30.791241
5.8834,B,pid.locy.Des,-29.999998
5.8834,B,pid.locy.FB,-14.442398
5.8834,B,pid.locy.U,-14.482074
5.8834,B,pid.locys.Des,-14.482074
5.8834,B,pid.locys.FB,0.99985737
5.8834,B,pid.locys.U,-46.373756
5.8834,B,pid.pitch.Des,-2.6756396
5.8834,B,pid.pitch.FB,-1.2680007
5.8834,B,pid.pitch.U,-4.0046206
5.8834,B,pid.roll.Des,-1.8434098
5.8834,B,pid.roll.FB,-1.6054094
5.8834,B,pid.roll.U,-0.81371641
5.8834,B,pid.yaw.Des,0
5.8834,B,pid.yaw.FB,0.96776605
5.8834,B,pid.yaw.U,-7.8065963
5.8834,B,pid.z_pos.Des,0.60000002
5.8834,B,pid.z_pos.FB,0.60961127
5.8834,B,pid.z_pos.U,-0.085575178
5.8834,B,pid.z_rate.Des,-0.085575178
5.8834,B,pid.z_rate.FB,8.3335064e-05
5.8834,B,pid.z_rate.U,-47.313404
6.0992,A,mrac.pitch.e,0.020444825
6.0992,A,mrac.pitch.u_ad,0.00084064249
6.0992,A,mrac.roll.e,0.03265854
6.0992,A,mrac.roll.u_ad,0.022892801
6.0992,A,mrac.yaw.e,0.17581066
6.0992,A,mrac.yaw.u_ad,-0.017811108
6.0992,A,mrac.z.e,0.073077217
6.0992,A,mrac.z.u_ad,-0.041064311
6.0992,A,status.arm,1
6.0992,A,status.flymode,1
6.0992,A,status.rc_authority,1
6.0992,A,status.sbus_lost,0
6.0992,A,status.twc_arrived,0
6.0992,A,status.twc_execute,1
6.0992,B,mrac.pitch.theta_0,0.0021454887
6.0992,B,mrac.pitch.theta_1,0.00034853947
6.0992,B,mrac.pitch.theta_2,0.0049315901
6.0992,B,mrac.pitch.theta_3,0.0051203668
6.0992,B,mrac.pitch.theta_4,0.18191968
6.0992,B,mrac.pitch.theta_5,0.14148597
6.0992,B,mrac.pitch.u_nom,-0.13278627
6.0992,B,mrac.pitch.xm,-0.1009052
6.0992,B,mrac.roll.theta_0,0.033376604
6.0992,B,mrac.roll.theta_1,0.00010258378
6.0992,B,mrac.roll.theta_2,0.0032861391
6.0992,B,mrac.roll.theta_3,0.0030352843
6.0992,B,mrac.roll.theta_4,0.12047739
6.0992,B,mrac.roll.theta_5,0.11975285
6.0992,B,mrac.roll.u_nom,0.0530851
6.0992,B,mrac.roll.xm,0.0038332515
6.0992,B,mrac.yaw.theta_0,3.0659356e-19
6.0992,B,mrac.yaw.theta_1,0.0014943336
6.0992,B,mrac.yaw.theta_2,0.0019377568
6.0992,B,mrac.yaw.theta_3,0
6.0992,B,mrac.yaw.theta_4,0.079489216
6.0992,B,mrac.yaw.theta_5,0.088193275
6.0992,B,mrac.yaw.u_nom,-0.046693873
6.0992,B,mrac.yaw.xm,-0.16104116
6.0992,B,mrac.z.theta_0,0.011502993
6.0992,B,mrac.z.theta_1,0.00093959575
6.0992,B,mrac.z.theta_2,0.0027079664
6.0992,B,mrac.z.theta_3,0
6.0992,B,mrac.z.theta_4,0.19719556
6.0992,B,mrac.z.theta_5,0.19140035
6.0992,B,mrac.z.u_nom,-0.19396354
6.0992,B,mrac.z.xm,-0.078848556
6.0992,B,path.active_path_mode,1
6.0992,B,path.circle_theta,0
6.0992,B,path.sinusoid_t_elapsed,30.002968
6.0992,B,path.twc_arrived,0
6.0992,B,path.twc_target_x,-10.000002
6.0992,B,path.twc_target_y,-29.999998
6.0992,B,path.twc_target_z,0.60000002
6.0992,B,pid.gyrox.Des,0.21962905
6.0992,B,pid.gyrox.FB,-5.9190884
6.0992,B,pid.gyrox.U,62.109566
6.0992,B,pid.gyroy.Des,-5.7814398
6.0992,B,pid.gyroy.FB,6.9409533
6.0992,B,pid.gyroy.U,-155.35994
6.0992,B,pid.gyroz.Des,-9.2269745
6.0992,B,pid.gyroz.FB,1.439394
6.0992,B,pid.gyroz.U,-87.410927
6.0992,B,pid.locx.Des,-10.000002
6.0992,B,pid.locx.FB,-20.23484
6.0992,B,pid.locx.U,10.151122
6.0992,B,pid.locxs.Des,10.151122
6.0992,B,pid.locxs.FB,0
6.0992,B,pid.locxs.U,30.340363
6.0992,B,pid.locy.Des,-29.999998
6.0992,B,pid.locy.FB,-14.069795
6.0992,B,pid.locy.U,-14.779394
6.0992,B,pid.locys.Des,-14.779394
6.0992,B,pid.locys.FB,0
6.0992,B,pid.locys.U,-47.384499
6.0992,B,pid.pitch.Des,-2.7271593
6.0992,B,pid.pitch.FB,-0.841555
6.0992,B,pid.pitch.U,-5.7814398
6.0992,B,pid.roll.Des,-1.8296342
6.0992,B,pid.roll.FB,-1.8130071
6.0992,B,pid.roll.U,0.21962905
6.0992,B,pid.yaw.Des,0
6.0992,B,pid.yaw.FB,1.2044958
6.0992,B,pid.yaw.U,-9.2269745
6.0992,B,pid.z_pos.Des,0.60000002
6.0992,B,pid.z_pos.FB,0.59963495
6.0992,B,pid.z_pos.U,-0.078848556
6.0992,B,pid.z_rate.Des,-0.078848556
6.0992,B,pid.z_rate.FB,-0.0038237853
6.0992,B,pid.z_rate.U,-43.059906
6.3160,A,mrac.pitch.e,0.0012771115
6.3160,A,mrac.pitch.u_ad,-0.0095755551
6.3160,A,mrac.roll.e,0.091626823
6.3160,A,mrac.roll.u_ad,0.021109877
6.3160,A,mrac.yaw.e,0.19087926
6.3160,A,mrac.yaw.u_ad,-0.018098678
6.3160,A,mrac.z.e,0.10402291
6.3160,A,mrac.z.u_ad,-0.05502478
6.3160,A,status.arm,1
6.3160,A,status.flymode,1
6.3160,A,status.rc_authority,1
6.3160,A,status.sbus_lost,0
6.3160,A,status.twc_arrived,0
6.3160,A,status.twc_execute,1
6.3160,B,mrac.pitch.theta_0,0.0015017914
6.3160,B,mrac.pitch.theta_1,0.0003500701
6.3160,B,mrac.pitch.theta_2,0.0049273134
6.3160,B,mrac.pitch.theta_3,0.0051202057
6.3160,B,mrac.pitch.theta_4,0.18193802
6.3160,B,mrac.pitch.theta_5,0.14149904
6.3160,B,mrac.pitch.u_nom,0.020546254
6.3160,B,mrac.pitch.xm,-0.11407532
6.3160,B,mrac.roll.theta_0,0.032757811
6.3160,B,mrac.roll.theta_1,0.00010213854
6.3160,B,mrac.roll.theta_2,0.0032864427
6.3160,B,mrac.roll.theta_3,0.0030353318
6.3160,B,mrac.roll.theta_4,0.12049244
6.3160,B,mrac.roll.theta_5,0.119752
6.3160,B,mrac.roll.u_nom,0.086706027
6.3160,B,mrac.roll.xm,-7.3865303e-05
6.3160,B,mrac.yaw.theta_0,1.4939577e-19
6.3160,B,mrac.yaw.theta_1,0.0015037729
6.3160,B,mrac.yaw.theta_2,0.0019368872
6.3160,B,mrac.yaw.theta_3,0
6.3160,B,mrac.yaw.theta_4,0.07953167
6.3160,B,mrac.yaw.theta_5,0.088200971
6.3160,B,mrac.yaw.u_nom,-0.045494478
6.3160,B,mrac.yaw.xm,-0.15783207
6.3160,B,mrac.z.theta_0,0.010454737
6.3160,B,mrac.z.theta_1,0.0009254808
6.3160,B,mrac.z.theta_2,0.0027051037
6.3160,B,mrac.z.theta_3,0
6.3160,B,mrac.z.theta_4,0.19720912
6.3160,B,mrac.z.theta_5,0.19140372
6.3160,B,mrac.z.u_nom,-0.33910221
6.3160,B,mrac.z.xm,-0.086157948
6.3160,B,path.active_path_mode,1
6.3160,B,path.circle_theta,0
6.3160,B,path.sinusoid_t_elapsed,30.002968
6.3160,B,path.twc_arrived,0
6.3160,B,path.twc_target_x,-10.000002
6.3160,B,path.twc_target_y,-29.999998
6.3160,B,path.twc_target_z,0.60000002
6.3160,B,pid.gyrox.Des,-0.0042321682
6.3160,B,pid.gyrox.FB,-7.4640069
6.3160,B,pid.gyrox.U,101.44605
6.3160,B,pid.gyroy.Des,-6.5360317
6.3160,B,pid.gyroy.FB,-3.7907372
6.3160,B,pid.gyroy.U,24.039116
6.3160,B,pid.gyroz.Des,-9.043108
6.3160,B,pid.gyroz.FB,1.3466687
6.3160,B,pid.gyroz.U,-85.165665
6.3160,B,pid.locx.Des,-10.000002
6.3160,B,pid.locx.FB,-20.134096
6.3160,B,pid.locx.U,10.105636
6.3160,B,pid.locxs.Des,10.105636
6.3160,B,pid.locxs.FB,0.020486122
6.3160,B,pid.locxs.U,30.253241
6.3160,B,pid.locy.Des,-29.999998
6.3160,B,pid.locy.FB,-13.796865
6.3160,B,pid.locy.U,-15.042493
6.3160,B,pid.locys.Des,-15.042493
6.3160,B,pid.locys.FB,0.99979013
6.3160,B,pid.locys.U,-48.222816
6.3160,B,pid.pitch.Des,-2.7772441
6.3160,B,pid.pitch.FB,-0.63838518
6.3160,B,pid.pitch.U,-6.5360317
6.3160,B,pid.roll.Des,-1.8241775
6.3160,B,pid.roll.FB,-1.6961131
6.3160,B,pid.roll.U,-0.0042321682
6.3160,B,pid.yaw.Des,0
6.3160,B,pid.yaw.FB,1.1738513
6.3160,B,pid.yaw.U,-9.043108
6.3160,B,pid.z_pos.Des,0.60000002
6.3160,B,pid.z_pos.FB,0.6096949
6.3160,B,pid.z_pos.U,-0.086157948
6.3160,B,pid.z_rate.Des,-0.086157948
6.3160,B,pid.z_rate.FB,0.069418773
6.3160,B,pid.z_rate.U,-75.280693
6.5165,A,mrac.pitch.e,0.2140668
6.5165,A,mrac.pitch.u_ad,-0.038487673
6.5165,A,mrac.roll.e,0.088072069
6.5165,A,mrac.roll.u_ad,0.027908379
6.5165,A,mrac.yaw.e,0.1015977
6.5165,A,mrac.yaw.u_ad,-0.016210373
6.5165,A,mrac.z.e,0.088263988
6.5165,A,mrac.z.u_ad,-0.050339572
6.5165,A,status.arm,1
6.5165,A,status.flymode,1
6.5165,A,status.rc_authority,1
6.5165,A,status.sbus_lost,0
6.5165,A,status.twc_arrived,0
6.5165,A,status.twc_execute,1
6.5165,B,mrac.pitch.theta_0,0.0016473344
6.5165,B,mrac.pitch.theta_1,0.00035886685
6.5165,B,mrac.pitch.theta_2,0.0049239602
6.5165,B,mrac.pitch.theta_3,0.005120689
6.5165,B,mrac.pitch.theta_4,0.18196093
6.5165,B,mrac.pitch.theta_5,0.14150499
6.5165,B,mrac.pitch.u_nom,-0.041478127
6.5165,B,mrac.pitch.xm,-0.11286055
6.5165,B,mrac.roll.theta_0,0.030738661
6.5165,B,mrac.roll.theta_1,0.000100762
6.5165,B,mrac.roll.theta_2,0.0032866003
6.5165,B,mrac.roll.theta_3,0.0030356464
6.5165,B,mrac.roll.theta_4,0.12053663
6.5165,B,mrac.roll.theta_5,0.11974148
6.5165,B,mrac.roll.u_nom,-0.01683435
6.5165,B,mrac.roll.xm,-0.0041315695
6.5165,B,mrac.yaw.theta_0,4.7770863e-20
6.5165,B,mrac.yaw.theta_1,0.001513517
6.5165,B,mrac.yaw.theta_2,0.0019360055
6.5165,B,mrac.yaw.theta_3,0
6.5165,B,mrac.yaw.theta_4,0.079601377
6.5165,B,mrac.yaw.theta_5,0.088214427
6.5165,B,mrac.yaw.u_nom,-0.047951572
6.5165,B,mrac.yaw.xm,-0.15794297
6.5165,B,mrac.z.theta_0,0.009250992
6.5165,B,mrac.z.theta_1,0.00092086598
6.5165,B,mrac.z.theta_2,0.002704608
6.5165,B,mrac.z.theta_3,0
6.5165,B,mrac.z.theta_4,0.19720171
6.5165,B,mrac.z.theta_5,0.19140199
6.5165,B,mrac.z.u_nom,-0.21802205
6.5165,B,mrac.z.xm,-0.087362289
6.5165,B,path.active_path_mode,1
6.5165,B,path.circle_theta,0
6.5165,B,path.sinusoid_t_elapsed,30.002968
6.5165,B,path.twc_arrived,0
6.5165,B,path.twc_target_x,-10.000002
6.5165,B,path.twc_target_y,-29.999998
6.5165,B,path.twc_target_z,0.60000002
6.5165,B,pid.gyrox.Des,-0.2367214
6.5165,B,pid.gyrox.FB,5.7091227
6.5165,B,pid.gyrox.U,-19.69619
6.5165,B,pid.gyroy.Des,-6.4664302
6.5165,B,pid.gyroy.FB,1.1884332
6.5165,B,pid.gyroy.U,-48.529408
6.5165,B,pid.gyroz.Des,-9.0494614
6.5165,B,pid.gyroz.FB,1.9149667
6.5165,B,pid.gyroz.U,-89.765343
6.5165,B,pid.locx.Des,-10.000002
6.5165,B,pid.locx.FB,-19.908302
6.5165,B,pid.locx.U,9.8850145
6.5165,B,pid.locxs.Des,9.8850145
6.5165,B,pid.locxs.FB,1.0202944
6.5165,B,pid.locxs.U,26.544506
6.5165,B,pid.locy.Des,-29.999998
6.5165,B,pid.locy.FB,-13.301671
6.5165,B,pid.locy.U,-15.437823
6.5165,B,pid.locys.Des,-15.437823
6.5165,B,pid.locys.FB,0.97928518
6.5165,B,pid.locys.U,-49.346519
6.5165,B,pid.pitch.Des,-2.8471837
6.5165,B,pid.pitch.FB,-0.83100504
6.5165,B,pid.pitch.U,-6.4664302
6.5165,B,pid.roll.Des,-1.6090734
6.5165,B,pid.roll.FB,-1.6333262
6.5165,B,pid.roll.U,-0.2367214
6.5165,B,pid.yaw.Des,0
6.5165,B,pid.yaw.FB,1.1749103
6.5165,B,pid.yaw.U,-9.0494614
6.5165,B,pid.z_pos.Des,0.60000002
6.5165,B,pid.z_pos.FB,0.60968804
6.5165,B,pid.z_pos.U,-0.087362289
6.5165,B,pid.z_rate.Des,-0.087362289
6.5165,B,pid.z_rate.FB,0.0010149484
6.5165,B,pid.z_rate.U,-48.400894
6.7161,A,mrac.pitch.e,-0.14991117
6.7161,A,mrac.pitch.u_ad,0.010660957
6.7161,A,mrac.roll.e,0.19298598
6.7161,A,mrac.roll.u_ad,0.013173148
6.7161,A,mrac.yaw.e,0.17535141
6.7161,A,mrac.yaw.u_ad,-0.016425299
6.7161,A,mrac.z.e,0.075021394
6.7161,A,mrac.z.u_ad,-0.042838003
6.7161,A,status.arm,1
6.7161,A,status.flymode,1
6.7161,A,status.rc_authority,1
6.7161,A,status.sbus_lost,0
6.7161,A,status.twc_arrived,0
6.7161,A,status.twc_execute,1
6.7161,B,mrac.pitch.theta_0,0.0019340171
6.7161,B,mrac.pitch.theta_1,0.00035766882
6.7161,B,mrac.pitch.theta_2,0.0049208784
6.7161,B,mrac.pitch.theta_3,0.0051204567
6.7161,B,mrac.pitch.theta_4,0.18197902
6.7161,B,mrac.pitch.theta_5,0.14150427
6.7161,B,mrac.pitch.u_nom,-0.095375456
6.7161,B,mrac.pitch.xm,-0.097021706
6.7161,B,mrac.roll.theta_0,0.033973884
6.7161,B,mrac.roll.theta_1,0.00010065186
6.7161,B,mrac.roll.theta_2,0.0032887254
6.7161,B,mrac.roll.theta_3,0.0030355384
6.7161,B,mrac.roll.theta_4,0.12055618
6.7161,B,mrac.roll.theta_5,0.11973867
6.7161,B,mrac.roll.u_nom,0.016260749
6.7161,B,mrac.roll.xm,0.0016253154
6.7161,B,mrac.yaw.theta_0,2.5317704e-20
6.7161,B,mrac.yaw.theta_1,0.0015278338
6.7161,B,mrac.yaw.theta_2,0.0019354178
6.7161,B,mrac.yaw.theta_3,0
6.7161,B,mrac.yaw.theta_4,0.079632491
6.7161,B,mrac.yaw.theta_5,0.08821924
6.7161,B,mrac.yaw.u_nom,-0.039653447
6.7161,B,mrac.yaw.xm,-0.14585137
6.7161,B,mrac.z.theta_0,0.01101764
6.7161,B,mrac.z.theta_1,0.00092463341
6.7161,B,mrac.z.theta_2,0.002707446
6.7161,B,mrac.z.theta_3,0
6.7161,B,mrac.z.theta_4,0.19719246
6.7161,B,mrac.z.theta_5,0.19137773
6.7161,B,mrac.z.u_nom,-0.17130224
6.7161,B,mrac.z.xm,-0.080479518
6.7161,B,path.active_path_mode,1
6.7161,B,path.circle_theta,0
6.7161,B,path.sinusoid_t_elapsed,30.002968
6.7161,B,path.twc_arrived,0
6.7161,B,path.twc_target_x,-10.000002
6.7161,B,path.twc_target_y,-29.999998
6.7161,B,path.twc_target_z,0.60000002
6.7161,B,pid.gyrox.Des,0.093123674
6.7161,B,pid.gyrox.FB,-0.25887284
6.7161,B,pid.gyrox.U,19.025076
6.7161,B,pid.gyroy.Des,-5.5589318
6.7161,B,pid.gyroy.FB,3.5631301
6.7161,B,pid.gyroy.U,-111.58928
6.7161,B,pid.gyroz.Des,-8.3566647
6.7161,B,pid.gyroz.FB,0.66819054
6.7161,B,pid.gyroz.U,-74.231255
6.7161,B,pid.locx.Des,-10.000002
6.7161,B,pid.locx.FB,-19.777653
6.7161,B,pid.locx.U,9.7854595
6.7161,B,pid.locxs.Des,9.7854595
6.7161,B,pid.locxs.FB,0
6.7161,B,pid.locxs.U,29.307541
6.7161,B,pid.locy.Des,-29.999998
6.7161,B,pid.locy.FB,-13.014162
6.7161,B,pid.locy.U,-15.624005
6.7161,B,pid.locys.Des,-15.624005
6.7161,B,pid.locys.FB,0
6.7161,B,pid.locys.U,-46.919224
6.7161,B,pid.pitch.Des,-2.7057598
6.7161,B,pid.pitch.FB,-0.92736137
6.7161,B,pid.pitch.U,-5.5589318
6.7161,B,pid.roll.Des,-1.7619129
6.7161,B,pid.roll.FB,-1.8263496
6.7161,B,pid.roll.U,0.093123674
6.7161,B,pid.yaw.Des,0
6.7161,B,pid.yaw.FB,1.0594442
6.7161,B,pid.yaw.U,-8.3566647
6.7161,B,pid.z_pos.Des,0.60000002
6.7161,B,pid.z_pos.FB,0.59961659
6.7161,B,pid.z_pos.U,-0.080479518
6.7161,B,pid.z_rate.Des,-0.080479518
6.7161,B,pid.z_rate.FB,-0.018031774
6.7161,B,pid.z_rate.U,-38.029099
6.9174,A,mrac.pitch.e,-0.069682986
6.9174,A,mrac.pitch.u_ad,0.0068164906
6.9174,A,mrac.roll.e,0.084150389
6.9174,A,mrac.roll.u_ad,0.032523025
6.9174,A,mrac.yaw.e,0.070934251
6.9174,A,mrac.yaw.u_ad,-0.013170583
6.9174,A,mrac.z.e,0.080385283
6.9174,A,mrac.z.u_ad,-0.045537561
6.9174,A,status.arm,1
6.9174,A,status.flymode,1
6.9174,A,status.rc_authority,1
6.9174,A,status.sbus_lost,0
6.9174,A,status.twc_arrived,0
6.9174,A,status.twc_execute,1
6.9174,B,mrac.pitch.theta_0,0.0023930196
6.9174,B,mrac.pitch.theta_1,0.00035369978
6.9174,B,mrac.pitch.theta_2,0.0049188193
6.9174,B,mrac.pitch.theta_3,0.0051203966
6.9174,B,mrac.pitch.theta_4,0.18199658
6.9174,B,mrac.pitch.theta_5,0.14149858
6.9174,B,mrac.pitch.u_nom,-0.15372388
6.9174,B,mrac.pitch.xm,-0.076671638
6.9174,B,mrac.roll.theta_0,0.035339955
6.9174,B,mrac.roll.theta_1,9.9843703e-05
6.9174,B,mrac.roll.theta_2,0.0032899596
6.9174,B,mrac.roll.theta_3,0.0030357896
6.9174,B,mrac.roll.theta_4,0.12059356
6.9174,B,mrac.roll.theta_5,0.11972937
6.9174,B,mrac.roll.u_nom,-0.01596543
6.9174,B,mrac.roll.xm,0.0082566645
6.9174,B,mrac.yaw.theta_0,1.2028457e-20
6.9174,B,mrac.yaw.theta_1,0.0015344351
6.9174,B,mrac.yaw.theta_2,0.0019344821
6.9174,B,mrac.yaw.theta_3,0
6.9174,B,mrac.yaw.theta_4,0.079674028
6.9174,B,mrac.yaw.theta_5,0.088224813
6.9174,B,mrac.yaw.u_nom,-0.0068978863
6.9174,B,mrac.yaw.xm,-0.14631656
6.9174,B,mrac.z.theta_0,0.010263306
6.9174,B,mrac.z.theta_1,0.00093788677
6.9174,B,mrac.z.theta_2,0.0027071962
6.9174,B,mrac.z.theta_3,0
6.9174,B,mrac.z.theta_4,0.19717588
6.9174,B,mrac.z.theta_5,0.19136705
6.9174,B,mrac.z.u_nom,-0.20104195
6.9174,B,mrac.z.xm,-0.080431528
6.9174,B,path.active_path_mode,1
6.9174,B,path.circle_theta,0
6.9174,B,path.sinusoid_t_elapsed,30.002968
6.9174,B,path.twc_arrived,0
6.9174,B,path.twc_target_x,-10.000002
6.9174,B,path.twc_target_y,-29.999998
6.9174,B,path.twc_target_z,0.60000002
6.9174,B,pid.gyrox.Des,0.47307181
6.9174,B,pid.gyrox.FB,-3.4883394
6.9174,B,pid.gyrox.U,-18.679554
6.9174,B,pid.gyroy.Des,-4.3929596
6.9174,B,pid.gyroy.FB,9.6187992
6.9174,B,pid.gyroy.U,-179.85693
6.9174,B,pid.gyroz.Des,-8.3833179
6.9174,B,pid.gyroz.FB,-7.0097942
6.9174,B,pid.gyroz.U,-12.912843
6.9174,B,pid.locx.Des,-10.000002
6.9174,B,pid.locx.FB,-19.675827
6.9174,B,pid.locx.U,9.7406597
6.9174,B,pid.locxs.Des,9.7406597
6.9174,B,pid.locxs.FB,-0.01856724
6.9174,B,pid.locxs.U,29.273645
6.9174,B,pid.locy.Des,-29.999998
6.9174,B,pid.locy.FB,-12.916024
6.9174,B,pid.locy.U,-15.667178
6.9174,B,pid.locys.Des,-15.667178
6.9174,B,pid.locys.FB,-0.99982762
6.9174,B,pid.locys.U,-44.001976
6.9174,B,pid.pitch.Des,-2.5356448
6.9174,B,pid.pitch.FB,-1.0142908
6.9174,B,pid.pitch.U,-4.3929596
6.9174,B,pid.roll.Des,-1.7569386
6.9174,B,pid.roll.FB,-1.8590287
6.9174,B,pid.roll.U,0.47307181
6.9174,B,pid.yaw.Des,0
6.9174,B,pid.yaw.FB,1.0638864
6.9174,B,pid.yaw.U,-8.3833179
6.9174,B,pid.z_pos.Des,0.60000002
6.9174,B,pid.z_pos.FB,0.59959018
6.9174,B,pid.z_pos.U,-0.080431528
6.9174,B,pid.z_rate.Des,-0.080431528
6.9174,B,pid.z_rate.FB,-0.0014782451
6.9174,B,pid.z_rate.U,-44.631313
7.1325,A,mrac.pitch.e,0.13376726
7.1325,A,mrac.pitch.u_ad,-0.032205027
7.1325,A,mrac.roll.e,0.051868204
7.1325,A,mrac.roll.u_ad,0.03163714
7.1325,A,mrac.yaw.e,0.033550039
7.1325,A,mrac.yaw.u_ad,-0.0095700454
7.1325,A,mrac.z.e,0.16217759
7.1325,A,mrac.z.u_ad,-0.072986409
7.1325,A,status.arm,1
7.1325,A,status.flymode,1
7.1325,A,status.rc_authority,1
7.1325,A,status.sbus_lost,0
7.1325,A,status.twc_arrived,0
7.1325,A,status.twc_execute,1
7.1326,B,mrac.pitch.theta_0,0.0019414929
7.1326,B,mrac.pitch.theta_1,0.00035074315
7.1326,B,mrac.pitch.theta_2,0.004912267
7.1326,B,mrac.pitch.theta_3,0.0051216041
7.1326,B,mrac.pitch.theta_4,0.18201761
7.1326,B,mrac.pitch.theta_5,0.14150339
7.1326,B,mrac.pitch.u_nom,-0.11291549
7.1326,B,mrac.pitch.xm,-0.091399521
7.1326,B,mrac.roll.theta_0,0.034507744
7.1326,B,mrac.roll.theta_1,9.7004224e-05
7.1326,B,mrac.roll.theta_2,0.0032891845
7.1326,B,mrac.roll.theta_3,0.0030359912
7.1326,B,mrac.roll.theta_4,0.12064704
7.1326,B,mrac.roll.theta_5,0.11972049
7.1326,B,mrac.roll.u_nom,-0.020367406
7.1326,B,mrac.roll.xm,0.0042204796
7.1326,B,mrac.yaw.theta_0,6.2124023e-21
7.1326,B,mrac.yaw.theta_1,0.0015497452
7.1326,B,mrac.yaw.theta_2,0.0019337767
7.1326,B,mrac.yaw.theta_3,0
7.1326,B,mrac.yaw.theta_4,0.079696544
7.1326,B,mrac.yaw.theta_5,0.088224284
7.1326,B,mrac.yaw.u_nom,-0.013168212
7.1326,B,mrac.yaw.xm,-0.10901771
7.1326,B,mrac.z.theta_0,0.011752506
7.1326,B,mrac.z.theta_1,0.00093193632
7.1326,B,mrac.z.theta_2,0.0027096372
7.1326,B,mrac.z.theta_3,0
7.1326,B,mrac.z.theta_4,0.19716421
7.1326,B,mrac.z.theta_5,0.19133981
7.1326,B,mrac.z.u_nom,-0.51446098
7.1326,B,mrac.z.xm,-0.08099252
7.1326,B,path.active_path_mode,1
7.1326,B,path.circle_theta,0
7.1326,B,path.sinusoid_t_elapsed,30.002968
7.1326,B,path.twc_arrived,0
7.1326,B,path.twc_target_x,-10.000002
7.1326,B,path.twc_target_y,-29.999998
7.1326,B,path.twc_target_z,0.60000002
7.1326,B,pid.gyrox.Des,0.24181557
7.1326,B,pid.gyrox.FB,0.64064413
7.1326,B,pid.gyrox.U,-23.829866
7.1326,B,pid.gyroy.Des,-5.2368045
7.1326,B,pid.gyroy.FB,4.1776619
7.1326,B,pid.gyroy.U,-132.11111
7.1326,B,pid.gyroz.Des,-6.2462521
7.1326,B,pid.gyroz.FB,-3.4125016
7.1326,B,pid.gyroz.U,-24.650892
7.1326,B,pid.locx.Des,-10.000002
7.1326,B,pid.locx.FB,-19.578232
7.1326,B,pid.locx.U,9.6630802
7.1326,B,pid.locxs.Des,9.6630802
7.1326,B,pid.locxs.FB,-0.024703046
7.1326,B,pid.locxs.U,29.058132
7.1326,B,pid.locy.Des,-29.999998
7.1326,B,pid.locy.FB,-13.092457
7.1326,B,pid.locy.U,-15.48604
7.1326,B,pid.locys.Des,-15.48604
7.1326,B,pid.locys.FB,-1.9998474
7.1326,B,pid.locys.U,-40.410522
7.1326,B,pid.pitch.Des,-2.3373752
7.1326,B,pid.pitch.FB,-0.64082778
7.1326,B,pid.pitch.U,-5.2368045
7.1326,B,pid.roll.Des,-1.7261373
7.1326,B,pid.roll.FB,-1.820861
7.1326,B,pid.roll.U,0.24181557
7.1326,B,pid.yaw.Des,0
7.1326,B,pid.yaw.FB,0.70770866
7.1326,B,pid.yaw.U,-6.2462521
7.1326,B,pid.z_pos.Des,0.60000002
7.1326,B,pid.z_pos.FB,0.5996595
7.1326,B,pid.z_pos.U,-0.08099252
7.1326,B,pid.z_rate.Des,-0.08099252
7.1326,B,pid.z_rate.FB,0.17202969
7.1326,B,pid.z_rate.U,-114.21034
7.3332,A,mrac.pitch.e,0.040493365
7.3332,A,mrac.pitch.u_ad,-0.018118899
7.3332,A,mrac.roll.e,-0.048876673
7.3332,A,mrac.roll.u_ad,0.03713882
7.3332,A,mrac.yaw.e,0.10871989
7.3332,A,mrac.yaw.u_ad,-0.0083911736
7.3332,A,mrac.z.e,0.066921309
7.3332,A,mrac.z.u_ad,-0.037294462
7.3332,A,status.arm,1
7.3332,A,status.flymode,1
7.3332,A,status.rc_authority,1
7.3332,A,status.sbus_lost,0
7.3332,A,status.twc_arrived,0
7.3332,A,status.twc_execute,1
7.3333,B,mrac.pitch.theta_0,0.001600617
7.3333,B,mrac.pitch.theta_1,0.00035144459
7.3333,B,mrac.pitch.theta_2,0.0049065663
7.3333,B,mrac.pitch.theta_3,0.0051226346
7.3333,B,mrac.pitch.theta_4,0.18203765
7.3333,B,mrac.pitch.theta_5,0.14150774
7.3333,B,mrac.pitch.u_nom,-0.077722214
7.3333,B,mrac.pitch.xm,-0.11282142
7.3333,B,mrac.roll.theta_0,0.032167248
7.3333,B,mrac.roll.theta_1,9.5896983e-05
7.3333,B,mrac.roll.theta_2,0.0032886742
7.3333,B,mrac.roll.theta_3,0.0030364895
7.3333,B,mrac.roll.theta_4,0.12067481
7.3333,B,mrac.roll.theta_5,0.11971259
7.3333,B,mrac.roll.u_nom,0.044312775
7.3333,B,mrac.roll.xm,0.0022296368
7.3333,B,mrac.yaw.theta_0,0.00019557183
7.3333,B,mrac.yaw.theta_1,0.0015502262
7.3333,B,mrac.yaw.theta_2,0.0019339019
7.3333,B,mrac.yaw.theta_3,0
7.3333,B,mrac.yaw.theta_4,0.079700306
7.3333,B,mrac.yaw.theta_5,0.088220298
7.3333,B,mrac.yaw.u_nom,-0.019740472
7.3333,B,mrac.yaw.xm,-0.067713797
7.3333,B,mrac.z.theta_0,0.012138434
7.3333,B,mrac.z.theta_1,0.00092186197
7.3333,B,mrac.z.theta_2,0.0027091266
7.3333,B,mrac.z.theta_3,0
7.3333,B,mrac.z.theta_4,0.19717507
7.3333,B,mrac.z.theta_5,0.19133452
7.3333,B,mrac.z.u_nom,-0.15534319
7.3333,B,mrac.z.xm,-0.072510242
7.3333,B,path.active_path_mode,1
7.3333,B,path.circle_theta,0
7.3333,B,path.sinusoid_t_elapsed,30.002968
7.3333,B,path.twc_arrived,0
7.3333,B,path.twc_target_x,-10.000002
7.3333,B,path.twc_target_y,-29.999998
7.3333,B,path.twc_target_z,0.60000002
7.3333,B,pid.gyrox.Des,0.12774873
7.3333,B,pid.gyrox.FB,-5.5412612
7.3333,B,pid.gyrox.U,51.845947
7.3333,B,pid.gyroy.Des,-6.4641886
7.3333,B,pid.gyroy.FB,3.6568863
7.3333,B,pid.gyroy.U,-90.93499
7.3333,B,pid.gyroz.Des,-3.8797131
7.3333,B,pid.gyroz.FB,0.49113512
7.3333,B,pid.gyroz.U,-36.954163
7.3333,B,pid.locx.Des,-10.000002
7.3333,B,pid.locx.FB,-19.42457
7.3333,B,pid.locx.U,9.5036602
7.3333,B,pid.locxs.Des,9.5036602
7.3333,B,pid.locxs.FB,0.99451721
7.3333,B,pid.locxs.U,25.445963
7.3333,B,pid.locy.Des,-29.999998
7.3333,B,pid.locy.FB,-13.243745
7.3333,B,pid.locy.U,-15.404803
7.3333,B,pid.locys.Des,-15.404803
7.3333,B,pid.locys.FB,-1.0054529
7.3333,B,pid.locys.U,-49.437428
7.3333,B,pid.pitch.Des,-2.8766997
7.3333,B,pid.pitch.FB,-0.72604614
7.3333,B,pid.pitch.U,-6.4641886
7.3333,B,pid.roll.Des,-1.5019987
7.3333,B,pid.roll.FB,-1.5933299
7.3333,B,pid.roll.U,0.12774873
7.3333,B,pid.yaw.Des,0
7.3333,B,pid.yaw.FB,0.3132855
7.3333,B,pid.yaw.U,-3.8797131
7.3333,B,pid.z_pos.Des,0.60000002
7.3333,B,pid.z_pos.FB,0.58972454
7.3333,B,pid.z_pos.U,-0.072510242
7.3333,B,pid.z_rate.Des,-0.072510242
7.3333,B,pid.z_rate.FB,-0.018919775
7.3333,B,pid.z_rate.U,-34.486187
7.5345,A,mrac.pitch.e,0.12118092
7.5345,A,mrac.pitch.u_ad,-0.027255692
7.5345,A,mrac.roll.e,-0.06746278
7.5345,A,mrac.roll.u_ad,0.036763806
7.5345,A,mrac.yaw.e,0.13217245
7.5345,A,mrac.yaw.u_ad,-0.0091902409
7.5345,A,mrac.z.e,0.071136989
7.5345,A,mrac.z.u_ad,-0.039304934
7.5345,A,status.arm,1
7.5345,A,status.flymode,1
7.5345,A,status.rc_authority,1
7.5345,A,status.sbus_lost,0
7.5345,A,status.twc_arrived,0
7.5345,A,status.twc_execute,1
7.5345,B,mrac.pitch.theta_0,0.00119231
7.5345,B,mrac.pitch.theta_1,0.00035639081
7.5345,B,mrac.pitch.theta_2,0.0049025374
7.5345,B,mrac.pitch.theta_3,0.005122568
7.5345,B,mrac.pitch.theta_4,0.18205902
7.5345,B,mrac.pitch.theta_5,0.14152017
7.5345,B,mrac.pitch.u_nom,-0.022898329
7.5345,B,mrac.pitch.xm,-0.10350157
7.5345,B,mrac.roll.theta_0,0.031895243
7.5345,B,mrac.roll.theta_1,9.5997457e-05
7.5345,B,mrac.roll.theta_2,0.0032891692
7.5345,B,mrac.roll.theta_3,0.0030365817
7.5345,B,mrac.roll.theta_4,0.12070924
7.5345,B,mrac.roll.theta_5,0.11970669
7.5345,B,mrac.roll.u_nom,-0.081229784
7.5345,B,mrac.roll.xm,0.00010494315
7.5345,B,mrac.yaw.theta_0,0.00011057407
7.5345,B,mrac.yaw.theta_1,0.0015430987
7.5345,B,mrac.yaw.theta_2,0.0019330493
7.5345,B,mrac.yaw.theta_3,0
7.5345,B,mrac.yaw.theta_4,0.079717413
7.5345,B,mrac.yaw.theta_5,0.088215016
7.5345,B,mrac.yaw.u_nom,-0.037033603
7.5345,B,mrac.yaw.xm,-0.077936992
7.5345,B,mrac.z.theta_0,0.011132502
7.5345,B,mrac.z.theta_1,0.00093454291
7.5345,B,mrac.z.theta_2,0.0027087843
7.5345,B,mrac.z.theta_3,0
7.5345,B,mrac.z.theta_4,0.19714843
7.5345,B,mrac.z.theta_5,0.19131371
7.5345,B,mrac.z.u_nom,-0.18636493
7.5345,B,mrac.z.xm,-0.071228355
7.5345,B,path.active_path_mode,1
7.5345,B,path.circle_theta,0
7.5345,B,path.sinusoid_t_elapsed,30.002968
7.5345,B,path.twc_arrived,0
7.5345,B,path.twc_target_x,-10.000002
7.5345,B,path.twc_target_y,-29.999998
7.5345,B,path.twc_target_z,0.60000002
7.5345,B,pid.gyrox.Des,0.0060127974
7.5345,B,pid.gyrox.FB,1.6942946
7.5345,B,pid.gyrox.U,-95.038849
7.5345,B,pid.gyroy.Des,-5.9302006
7.5345,B,pid.gyroy.FB,-1.2802604
7.5345,B,pid.gyroy.U,-26.791046
7.5345,B,pid.gyroz.Des,-4.4654589
7.5345,B,pid.gyroz.FB,3.9398518
7.5345,B,pid.gyroz.U,-69.326904
7.5345,B,pid.locx.Des,-10.000002
7.5345,B,pid.locx.FB,-19.258787
7.5345,B,pid.locx.U,9.4067745
7.5345,B,pid.locxs.Des,9.4067745
7.5345,B,pid.locxs.FB,0
7.5345,B,pid.locxs.U,28.339914
7.5345,B,pid.locy.Des,-29.999998
7.5345,B,pid.locy.FB,-13.145053
7.5345,B,pid.locy.U,-15.519958
7.5345,B,pid.locys.Des,-15.519958
7.5345,B,pid.locys.FB,0
7.5345,B,pid.locys.U,-46.608696
7.5345,B,pid.pitch.Des,-2.7080715
7.5345,B,pid.pitch.FB,-0.68107742
7.5345,B,pid.pitch.U,-5.9302006
7.5345,B,pid.roll.Des,-1.6746643
7.5345,B,pid.roll.FB,-1.6327757
7.5345,B,pid.roll.U,0.0060127974
7.5345,B,pid.yaw.Des,0
7.5345,B,pid.yaw.FB,0.41090986
7.5345,B,pid.yaw.U,-4.4654589
7.5345,B,pid.z_pos.Des,0.60000002
7.5345,B,pid.z_pos.FB,0.58971876
7.5345,B,pid.z_pos.U,-0.071228355
7.5345,B,pid.z_rate.Des,-0.071228355
7.5345,B,pid.z_rate.FB,-0.00042081415
7.5345,B,pid.z_rate.U,-41.373016
7.7497,A,mrac.pitch.e,0.084798358
7.7497,A,mrac.pitch.u_ad,-0.030519318
7.7497,A,mrac.roll.e,0.058950588
7.7497,A,mrac.roll.u_ad,0.023470644
7.7497,A,mrac.yaw.e,0.043572523
7.7497,A,mrac.yaw.u_ad,-0.010398979
7.7497,A,mrac.z.e,0.15287155
7.7497,A,mrac.z.u_ad,-0.077287838
7.7497,A,status.arm,1
7.7497,A,status.flymode,1
7.7497,A,status.rc_authority,1
7.7497,A,status.sbus_lost,0
7.7497,A,status.twc_arrived,0
7.7497,A,status.twc_execute,0
7.7498,B,mrac.pitch.theta_0,0.001243995
7.7498,B,mrac.pitch.theta_1,0.00036805766
7.7498,B,mrac.pitch.theta_2,0.0049007009
7.7498,B,mrac.pitch.theta_3,0.0051225745
7.7498,B,mrac.pitch.theta_4,0.18206854
7.7498,B,mrac.pitch.theta_5,0.14152957
7.7498,B,mrac.pitch.u_nom,-0.078572437
7.7498,B,mrac.pitch.xm,-0.11309754
7.7498,B,mrac.roll.theta_0,0.032729391
7.7498,B,mrac.roll.theta_1,9.5438932e-05
7.7498,B,mrac.roll.theta_2,0.003289164
7.7498,B,mrac.roll.theta_3,0.0030366855
7.7498,B,mrac.roll.theta_4,0.12072378
7.7498,B,mrac.roll.theta_5,0.11970212
7.7498,B,mrac.roll.u_nom,-0.048932537
7.7498,B,mrac.roll.xm,0.013180065
7.7498,B,mrac.yaw.theta_0,6.3177104e-05
7.7498,B,mrac.yaw.theta_1,0.0015335868
7.7498,B,mrac.yaw.theta_2,0.0019319631
7.7498,B,mrac.yaw.theta_3,0
7.7498,B,mrac.yaw.theta_4,0.079741426
7.7498,B,mrac.yaw.theta_5,0.088212818
7.7498,B,mrac.yaw.u_nom,-0.041827578
7.7498,B,mrac.yaw.xm,-0.10684613
7.7498,B,mrac.z.theta_0,0.012916966
7.7498,B,mrac.z.theta_1,0.00093001837
7.7498,B,mrac.z.theta_2,0.0027105226
7.7498,B,mrac.z.theta_3,0
7.7498,B,mrac.z.theta_4,0.19715413
7.7498,B,mrac.z.theta_5,0.19129647
7.7498,B,mrac.z.u_nom,-0.45924264
7.7498,B,mrac.z.xm,-0.10714148
7.7498,B,path.active_path_mode,0
7.7498,B,path.circle_theta,0
7.7498,B,path.sinusoid_t_elapsed,30.002968
7.7498,B,path.twc_arrived,0
7.7498,B,path.twc_target_x,-10.000002
7.7498,B,path.twc_target_y,-29.999998
7.7498,B,path.twc_target_z,0.60000002
7.7498,B,pid.gyrox.Des,0.75516176
7.7498,B,pid.gyrox.FB,1.9233862
7.7498,B,pid.gyrox.U,-57.251068
7.7498,B,pid.gyroy.Des,-6.4800091
7.7498,B,pid.gyroy.FB,4.3890605
7.7498,B,pid.gyroy.U,-91.929749
7.7498,B,pid.gyroz.Des,-6.12183
7.7498,B,pid.gyroz.FB,3.412374
7.7498,B,pid.gyroz.U,-78.301224
7.7498,B,pid.locx.Des,-10.000002
7.7498,B,pid.locx.FB,-19.095837
7.7498,B,pid.locx.U,9.2038383
7.7498,B,pid.locxs.Des,9.2038383
7.7498,B,pid.locxs.FB,1.0119177
7.7498,B,pid.locxs.U,24.475199
7.7498,B,pid.locy.Des,-29.999998
7.7498,B,pid.locy.FB,-12.846713
7.7498,B,pid.locy.U,-15.793788
7.7498,B,pid.locys.Des,-15.793788
7.7498,B,pid.locys.FB,0.98793852
7.7498,B,pid.locys.U,-50.43652
7.7498,B,pid.pitch.Des,-2.9255581
7.7498,B,pid.pitch.FB,-0.76239771
7.7498,B,pid.pitch.U,-6.4800091
7.7498,B,pid.roll.Des,-1.4647541
7.7498,B,pid.roll.FB,-1.7187085
7.7498,B,pid.roll.U,0.75516176
7.7498,B,pid.yaw.Des,0
7.7498,B,pid.yaw.FB,0.68697166
7.7498,B,pid.yaw.U,-6.12183
7.7498,B,pid.z_pos.Des,0.548244
7.7498,B,pid.z_pos.FB,0.58968234
7.7498,B,pid.z_pos.U,-0.10714148
7.7498,B,pid.z_rate.Des,-0.10714148
7.7498,B,pid.z_rate.FB,0.11511317
7.7498,B,pid.z_rate.U,-101.95187
7.9502,A,mrac.pitch.e,0.08285515
7.9502,A,mrac.pitch.u_ad,-0.003403699
7.9502,A,mrac.roll.e,-0.030321224
7.9502,A,mrac.roll.u_ad,0.023495864
7.9502,A,mrac.yaw.e,0.049668141
7.9502,A,mrac.yaw.u_ad,-0.010500233
7.9502,A,mrac.z.e,0.14970838
7.9502,A,mrac.z.u_ad,-0.083076879
7.9502,A,status.arm,1
7.9502,A,status.flymode,1
7.9502,A,status.rc_authority,1
7.9502,A,status.sbus_lost,0
7.9502,A,status.twc_arrived,0
7.9502,A,status.twc_execute,0
7.9502,B,mrac.pitch.theta_0,0.001836842
7.9502,B,mrac.pitch.theta_1,0.00037011478
7.9502,B,mrac.pitch.theta_2,0.0048905076
7.9502,B,mrac.pitch.theta_3,0.0051219785
7.9502,B,mrac.pitch.theta_4,0.18210128
7.9502,B,mrac.pitch.theta_5,0.14154227
7.9502,B,mrac.pitch.u_nom,-0.073939607
7.9502,B,mrac.pitch.xm,-0.12157046
7.9502,B,mrac.roll.theta_0,0.030944936
7.9502,B,mrac.roll.theta_1,9.5035837e-05
7.9502,B,mrac.roll.theta_2,0.0032869545
7.9502,B,mrac.roll.theta_3,0.0030365526
7.9502,B,mrac.roll.theta_4,0.12077034
7.9502,B,mrac.roll.theta_5,0.11969154
7.9502,B,mrac.roll.u_nom,-0.0025361192
7.9502,B,mrac.roll.xm,0.013371436
7.9502,B,mrac.yaw.theta_0,3.1253112e-05
7.9502,B,mrac.yaw.theta_1,0.0015365498
7.9502,B,mrac.yaw.theta_2,0.0019309862
7.9502,B,mrac.yaw.theta_3,0
7.9502,B,mrac.yaw.theta_4,0.079767562
7.9502,B,mrac.yaw.theta_5,0.088211067
7.9502,B,mrac.yaw.u_nom,-0.018606249
7.9502,B,mrac.yaw.xm,-0.10099477
7.9502,B,mrac.z.theta_0,0.011482672
7.9502,B,mrac.z.theta_1,0.0010022136
7.9502,B,mrac.z.theta_2,0.0027098511
7.9502,B,mrac.z.theta_3,0
7.9502,B,mrac.z.theta_4,0.19717692
7.9502,B,mrac.z.theta_5,0.19133385
7.9502,B,mrac.z.u_nom,-0.34227109
7.9502,B,mrac.z.xm,-0.16174652
7.9502,B,path.active_path_mode,0
7.9502,B,path.circle_theta,0
7.9502,B,path.sinusoid_t_elapsed,30.002968
7.9502,B,path.twc_arrived,0
7.9502,B,path.twc_target_x,-10.000002
7.9502,B,path.twc_target_y,-29.999998
7.9502,B,path.twc_target_z,0.60000002
7.9502,B,pid.gyrox.Des,0.76612651
7.9502,B,pid.gyrox.FB,-3.9672196
7.9502,B,pid.gyrox.U,-2.9672594
7.9502,B,pid.gyroy.Des,-6.9654713
7.9502,B,pid.gyroy.FB,6.4613652
7.9502,B,pid.gyroy.U,-86.509338
7.9502,B,pid.gyroz.Des,-5.7865715
7.9502,B,pid.gyroz.FB,-1.6895669
7.9502,B,pid.gyroz.U,-34.830898
7.9502,B,pid.locx.Des,-10.000002
7.9502,B,pid.locx.FB,-18.470146
7.9502,B,pid.locx.U,8.6677065
7.9502,B,pid.locxs.Des,8.6677065
7.9502,B,pid.locxs.FB,1.9998786
7.9502,B,pid.locxs.U,19.858967
7.9502,B,pid.locy.Des,-29.999998
7.9502,B,pid.locy.FB,-12.394441
7.9502,B,pid.locy.U,-16.119198
7.9502,B,pid.locys.Des,-16.119198
7.9502,B,pid.locys.FB,-0.022028919
7.9502,B,pid.locys.U,-48.339352
7.9502,B,pid.pitch.Des,-2.8082929
7.9502,B,pid.pitch.FB,-0.7117486
7.9502,B,pid.pitch.U,-6.9654713
7.9502,B,pid.roll.Des,-1.1910431
7.9502,B,pid.roll.FB,-1.3274459
7.9502,B,pid.roll.U,0.76612651
7.9502,B,pid.yaw.Des,0
7.9502,B,pid.yaw.FB,0.63109529
7.9502,B,pid.yaw.U,-5.7865715
7.9502,B,pid.z_pos.Des,0.47324347
7.9502,B,pid.z_pos.FB,0.57979959
7.9502,B,pid.z_pos.U,-0.16174652
7.9502,B,pid.z_rate.Des,-0.16174652
7.9502,B,pid.z_rate.FB,-0.0044110529
7.9502,B,pid.z_rate.U,-75.984184
8.1510,A,mrac.pitch.e,-0.031840034
8.1510,A,mrac.pitch.u_ad,0.003725335
8.1510,A,mrac.roll.e,-0.043334614
8.1510,A,mrac.roll.u_ad,0.030546477
8.1510,A,mrac.yaw.e,0.072349094
8.1510,A,mrac.yaw.u_ad,-0.010525195
8.1510,A,mrac.z.e,0.10090528
8.1510,A,mrac.z.u_ad,-0.077193484
8.1510,A,status.arm,1
8.1510,A,status.flymode,1
8.1510,A,status.rc_authority,1
8.1510,A,status.sbus_lost,0
8.1510,A,status.twc_arrived,0
8.1510,A,status.twc_execute,0
8.1510,B,mrac.pitch.theta_0,0.0020119282
8.1510,B,mrac.pitch.theta_1,0.00037910457
8.1510,B,mrac.pitch.theta_2,0.0048903562
8.1510,B,mrac.pitch.theta_3,0.0051218192
8.1510,B,mrac.pitch.theta_4,0.18210188
8.1510,B,mrac.pitch.theta_5,0.14154142
8.1510,B,mrac.pitch.u_nom,0.025584493
8.1510,B,mrac.pitch.xm,-0.096351169
8.1510,B,mrac.roll.theta_0,0.030420419
8.1510,B,mrac.roll.theta_1,9.4068026e-05
8.1510,B,mrac.roll.theta_2,0.0032860623
8.1510,B,mrac.roll.theta_3,0.0030364397
8.1510,B,mrac.roll.theta_4,0.12079926
8.1510,B,mrac.roll.theta_5,0.11968675
8.1510,B,mrac.roll.u_nom,-0.13125208
8.1510,B,mrac.roll.xm,-0.081648447
8.1510,B,mrac.yaw.theta_0,2.0214597e-05
8.1510,B,mrac.yaw.theta_1,0.0015371161
8.1510,B,mrac.yaw.theta_2,0.0019304608
8.1510,B,mrac.yaw.theta_3,0
8.1510,B,mrac.yaw.theta_4,0.079781048
8.1510,B,mrac.yaw.theta_5,0.088208675
8.1510,B,mrac.yaw.u_nom,-0.026193328
8.1510,B,mrac.yaw.xm,-0.099896207
8.1510,B,mrac.z.theta_0,0.010392571
8.1510,B,mrac.z.theta_1,0.0011338971
8.1510,B,mrac.z.theta_2,0.0027091647
8.1510,B,mrac.z.theta_3,0
8.1510,B,mrac.z.theta_4,0.19719674
8.1510,B,mrac.z.theta_5,0.19138482
8.1510,B,mrac.z.u_nom,-0.36134803
8.1510,B,mrac.z.xm,-0.20121093
8.1510,B,path.active_path_mode,0
8.1510,B,path.circle_theta,0
8.1510,B,path.sinusoid_t_elapsed,30.002968
8.1510,B,path.twc_arrived,0
8.1510,B,path.twc_target_x,-10.000002
8.1510,B,path.twc_target_y,-29.999998
8.1510,B,path.twc_target_z,0.60000002
8.1510,B,pid.gyrox.Des,-4.6781096
8.1510,B,pid.gyrox.FB,4.0710077
8.1510,B,pid.gyrox.U,-153.56494
8.1510,B,pid.gyroy.Des,-5.5205131
8.1510,B,pid.gyroy.FB,-3.7055471
8.1510,B,pid.gyroy.U,29.933857
8.1510,B,pid.gyroz.Des,-5.7236285
8.1510,B,pid.gyroz.FB,0.15371044
8.1510,B,pid.gyroz.U,-49.033909
8.1510,B,pid.locx.Des,-10.000002
8.1510,B,pid.locx.FB,-17.97341
8.1510,B,pid.locx.U,8.2583046
8.1510,B,pid.locxs.Des,8.2583046
8.1510,B,pid.locxs.FB,1.9998827
8.1510,B,pid.locxs.U,24.630434
8.1510,B,pid.locy.Des,-29.999998
8.1510,B,pid.locy.FB,-12.234744
8.1510,B,pid.locy.U,-16.250908
8.1510,B,pid.locys.Des,-16.250908
8.1510,B,pid.locys.FB,-0.021662753
8.1510,B,pid.locys.U,-48.800926
8.1510,B,pid.pitch.Des,-2.8324811
8.1510,B,pid.pitch.FB,-0.94708753
8.1510,B,pid.pitch.U,-5.5205131
8.1510,B,pid.roll.Des,-1.4693201
8.1510,B,pid.roll.FB,-1.247903
8.1510,B,pid.roll.U,-4.6781096
8.1510,B,pid.yaw.Des,0
8.1510,B,pid.yaw.FB,0.62060475
8.1510,B,pid.yaw.U,-5.7236285
8.1510,B,pid.z_pos.Des,0.42374313
8.1510,B,pid.z_pos.FB,0.56978697
8.1510,B,pid.z_pos.U,-0.20121093
8.1510,B,pid.z_rate.Des,-0.20121093
8.1510,B,pid.z_rate.FB,-0.033287778
8.1510,B,pid.z_rate.U,-80.219261
8.3512,A,mrac.pitch.e,0.22878769
8.3512,A,mrac.pitch.u_ad,-0.034988955
8.3512,A,mrac.roll.e,-0.035499256
8.3512,A,mrac.roll.u_ad,0.032722216
8.3512,A,mrac.yaw.e,0.022022612
8.3512,A,mrac.yaw.u_ad,-0.0088739023
8.3512,A,mrac.z.e,0.031824887
8.3512,A,mrac.z.u_ad,-0.055764623
8.3512,A,status.arm,1
8.3512,A,status.flymode,1
8.3512,A,status.rc_authority,1
8.3512,A,status.sbus_lost,0
8.3512,A,status.twc_arrived,0
8.3512,A,status.twc_execute,0
8.3512,B,mrac.pitch.theta_0,0.0016452053
8.3512,B,mrac.pitch.theta_1,0.0003842552
8.3512,B,mrac.pitch.theta_2,0.0048884102
8.3512,B,mrac.pitch.theta_3,0.0051219813
8.3512,B,mrac.pitch.theta_4,0.18211316
8.3512,B,mrac.pitch.theta_5,0.14154513
8.3512,B,mrac.pitch.u_nom,-0.039916407
8.3512,B,mrac.pitch.xm,-0.098868079
8.3512,B,mrac.roll.theta_0,0.031105151
8.3512,B,mrac.roll.theta_1,9.4447183e-05
8.3512,B,mrac.roll.theta_2,0.0032872548
8.3512,B,mrac.roll.theta_3,0.0030367188
8.3512,B,mrac.roll.theta_4,0.12082619
8.3512,B,mrac.roll.theta_5,0.11968056
8.3512,B,mrac.roll.u_nom,-0.012801914
8.3512,B,mrac.roll.xm,0.0073361713
8.3512,B,mrac.yaw.theta_0,1.2276538e-05
8.3512,B,mrac.yaw.theta_1,0.0015388133
8.3512,B,mrac.yaw.theta_2,0.001930035
8.3512,B,mrac.yaw.theta_3,0
8.3512,B,mrac.yaw.theta_4,0.079797208
8.3512,B,mrac.yaw.theta_5,0.088206708
8.3512,B,mrac.yaw.u_nom,-0.023376569
8.3512,B,mrac.yaw.xm,-0.10446256
8.3512,B,mrac.z.theta_0,0.01127402
8.3512,B,mrac.z.theta_1,0.0013177339
8.3512,B,mrac.z.theta_2,0.0027130395
8.3512,B,mrac.z.theta_3,0
8.3512,B,mrac.z.theta_4,0.19719248
8.3512,B,mrac.z.theta_5,0.19137321
8.3512,B,mrac.z.u_nom,0.079883561
8.3512,B,mrac.z.xm,-0.2260529
8.3512,B,path.active_path_mode,0
8.3512,B,path.circle_theta,0
8.3512,B,path.sinusoid_t_elapsed,30.002968
8.3512,B,path.twc_arrived,0
8.3512,B,path.twc_target_x,-10.000002
8.3512,B,path.twc_target_y,-29.999998
8.3512,B,path.twc_target_z,0.60000002
8.3512,B,pid.gyrox.Des,0.42033148
8.3512,B,pid.gyrox.FB,5.0979891
8.3512,B,pid.gyrox.U,-14.978239
8.3512,B,pid.gyroy.Des,-5.6647215
8.3512,B,pid.gyroy.FB,-0.81778479
8.3512,B,pid.gyroy.U,-46.702198
8.3512,B,pid.gyroz.Des,-5.9852614
8.3512,B,pid.gyroz.FB,-0.76814222
8.3512,B,pid.gyroz.U,-43.760937
8.3512,B,pid.locx.Des,-10.000002
8.3512,B,pid.locx.FB,-17.477552
8.3512,B,pid.locx.U,7.8740449
8.3512,B,pid.locxs.Des,7.8740449
8.3512,B,pid.locxs.FB,2.9997985
8.3512,B,pid.locxs.U,14.47876
8.3512,B,pid.locy.Des,-29.999998
8.3512,B,pid.locy.FB,-12.160442
8.3512,B,pid.locy.U,-16.270372
8.3512,B,pid.locys.Des,-16.270372
8.3512,B,pid.locys.FB,-0.034777161
8.3512,B,pid.locys.U,-48.70356
8.3512,B,pid.pitch.Des,-2.8326995
8.3512,B,pid.pitch.FB,-0.98273897
8.3512,B,pid.pitch.U,-5.6647215
8.3512,B,pid.roll.Des,-0.87865984
8.3512,B,pid.roll.FB,-1.0987684
8.3512,B,pid.roll.U,0.42033148
8.3512,B,pid.yaw.Des,0
8.3512,B,pid.yaw.FB,0.66421026
8.3512,B,pid.yaw.U,-5.9852614
8.3512,B,pid.z_pos.Des,0.37424278
8.3512,B,pid.z_pos.FB,0.52982455
8.3512,B,pid.z_pos.U,-0.2260529
8.3512,B,pid.z_rate.Des,-0.2260529
8.3512,B,pid.z_rate.FB,-0.30292967
8.3512,B,pid.z_rate.U,17.73415
8.5508,A,mrac.pitch.e,0.057854388
8.5508,A,mrac.pitch.u_ad,-0.0043174066
8.5508,A,mrac.roll.e,0.021795567
8.5508,A,mrac.roll.u_ad,0.027152849
8.5508,A,mrac.yaw.e,0.037170105
8.5508,A,mrac.yaw.u_ad,-0.0097226752
8.5508,A,mrac.z.e,0.22633028
8.5508,A,mrac.z.u_ad,-0.13390422
8.5508,A,status.arm,1
8.5508,A,status.flymode,1
8.5508,A,status.rc_authority,1
8.5508,A,status.sbus_lost,0
8.5508,A,status.twc_arrived,0
8.5508,A,status.twc_execute,0
8.5508,B,mrac.pitch.theta_0,0.0021388484
8.5508,B,mrac.pitch.theta_1,0.00037946971
8.5508,B,mrac.pitch.theta_2,0.0048785103
8.5508,B,mrac.pitch.theta_3,0.0051221484
8.5508,B,mrac.pitch.theta_4,0.18213783
8.5508,B,mrac.pitch.theta_5,0.14154443
8.5508,B,mrac.pitch.u_nom,-0.15266728
8.5508,B,mrac.pitch.xm,-0.055917975
8.5508,B,mrac.roll.theta_0,0.031620845
8.5508,B,mrac.roll.theta_1,9.3722898e-05
8.5508,B,mrac.roll.theta_2,0.0032882355
8.5508,B,mrac.roll.theta_3,0.0030370206
8.5508,B,mrac.roll.theta_4,0.120847
8.5508,B,mrac.roll.theta_5,0.11967605
8.5508,B,mrac.roll.u_nom,0.059064705
8.5508,B,mrac.roll.xm,-0.00037291137
8.5508,B,mrac.yaw.theta_0,6.6560942e-06
8.5508,B,mrac.yaw.theta_1,0.0015405875
8.5508,B,mrac.yaw.theta_2,0.0019295763
8.5508,B,mrac.yaw.theta_3,0
8.5508,B,mrac.yaw.theta_4,0.079813905
8.5508,B,mrac.yaw.theta_5,0.08820264
8.5508,B,mrac.yaw.u_nom,-0.019009562
8.5508,B,mrac.yaw.xm,-0.096065857
8.5508,B,mrac.z.theta_0,0.011682315
8.5508,B,mrac.z.theta_1,0.0017394808
8.5508,B,mrac.z.theta_2,0.0027144656
8.5508,B,mrac.z.theta_3,0
8.5508,B,mrac.z.theta_4,0.19718696
8.5508,B,mrac.z.theta_5,0.19138475
8.5508,B,mrac.z.u_nom,-0.34388423
8.5508,B,mrac.z.xm,-0.26521516
8.5508,B,path.active_path_mode,0
8.5508,B,path.circle_theta,0
8.5508,B,path.sinusoid_t_elapsed,30.002968
8.5508,B,path.twc_arrived,0
8.5508,B,path.twc_target_x,-10.000002
8.5508,B,path.twc_target_y,-29.999998
8.5508,B,path.twc_target_z,0.60000002
8.5508,B,pid.gyrox.Des,-0.021366239
8.5508,B,pid.gyrox.FB,-2.2046692
8.5508,B,pid.gyrox.U,69.105705
8.5508,B,pid.gyroy.Des,-3.2038627
8.5508,B,pid.gyroy.FB,10.544499
8.5508,B,pid.gyroy.U,-178.62073
8.5508,B,pid.gyroz.Des,-5.5041656
8.5508,B,pid.gyroz.FB,-1.3090084
8.5508,B,pid.gyroz.U,-35.585899
8.5508,B,pid.locx.Des,-10.000002
8.5508,B,pid.locx.FB,-16.738707
8.5508,B,pid.locx.U,7.2993517
8.5508,B,pid.locxs.Des,7.2993517
8.5508,B,pid.locxs.FB,1.9795101
8.5508,B,pid.locxs.U,16.02424
8.5508,B,pid.locy.Des,-29.999998
8.5508,B,pid.locy.FB,-12.27793
8.5508,B,pid.locy.U,-16.14069
8.5508,B,pid.locys.Des,-16.14069
8.5508,B,pid.locys.FB,-2.020282
8.5508,B,pid.locys.U,-36.312721
8.5508,B,pid.pitch.Des,-2.1106808
8.5508,B,pid.pitch.FB,-1.0384427
8.5508,B,pid.pitch.U,-3.2038627
8.5508,B,pid.roll.Des,-0.95755404
8.5508,B,pid.roll.FB,-0.96372873
8.5508,B,pid.roll.U,-0.021366239
8.5508,B,pid.yaw.Des,0
8.5508,B,pid.yaw.FB,0.58402759
8.5508,B,pid.yaw.U,-5.5041656
8.5508,B,pid.z_pos.Des,0.29924226
8.5508,B,pid.z_pos.FB,0.48985019
8.5508,B,pid.z_pos.U,-0.26521516
8.5508,B,pid.z_rate.Des,-0.26521516
8.5508,B,pid.z_rate.FB,-0.10698441
8.5508,B,pid.z_rate.U,-76.3423
8.7512,A,mrac.pitch.e,0.17803231
8.7512,A,mrac.pitch.u_ad,-0.027509693
8.7512,A,mrac.roll.e,0.058579639
8.7512,A,mrac.roll.u_ad,0.01211326
8.7512,A,mrac.yaw.e,0.15250935
8.7512,A,mrac.yaw.u_ad,-0.012219064
8.7512,A,mrac.z.e,0.077660888
8.7512,A,mrac.z.u_ad,-0.083653569
8.7512,A,status.arm,1
8.7512,A,status.flymode,1
8.7512,A,status.rc_authority,1
8.7512,A,status.sbus_lost,0
8.7512,A,status.twc_arrived,0
8.7512,A,status.twc_execute,0
8.7513,B,mrac.pitch.theta_0,0.0014452953
8.7513,B,mrac.pitch.theta_1,0.00037553738
8.7513,B,mrac.pitch.theta_2,0.0048679989
8.7513,B,mrac.pitch.theta_3,0.0051222858
8.7513,B,mrac.pitch.theta_4,0.18215327
8.7513,B,mrac.pitch.theta_5,0.14155619
8.7513,B,mrac.pitch.u_nom,-0.11501081
8.7513,B,mrac.pitch.xm,-0.08981064
8.7513,B,mrac.roll.theta_0,0.033204466
8.7513,B,mrac.roll.theta_1,9.2783186e-05
8.7513,B,mrac.roll.theta_2,0.0032895803
8.7513,B,mrac.roll.theta_3,0.0030371759
8.7513,B,mrac.roll.theta_4,0.1208816
8.7513,B,mrac.roll.theta_5,0.11967014
8.7513,B,mrac.roll.u_nom,0.038370512
8.7513,B,mrac.roll.xm,0.0036973429
8.7513,B,mrac.yaw.theta_0,4.0254445e-06
8.7513,B,mrac.yaw.theta_1,0.0015390248
8.7513,B,mrac.yaw.theta_2,0.0019289245
8.7513,B,mrac.yaw.theta_3,0
8.7513,B,mrac.yaw.theta_4,0.079832107
8.7513,B,mrac.yaw.theta_5,0.088200592
8.7513,B,mrac.yaw.u_nom,-0.017437408
8.7513,B,mrac.yaw.xm,-0.10385003
8.7513,B,mrac.z.theta_0,0.012452388
8.7513,B,mrac.z.theta_1,0.0022483973
8.7513,B,mrac.z.theta_2,0.0027298895
8.7513,B,mrac.z.theta_3,0
8.7513,B,mrac.z.theta_4,0.19721979
8.7513,B,mrac.z.theta_5,0.19142883
8.7513,B,mrac.z.u_nom,0.14784716
8.7513,B,mrac.z.xm,-0.28835425
8.7513,B,path.active_path_mode,0
8.7513,B,path.circle_theta,0
8.7513,B,path.sinusoid_t_elapsed,30.002968
8.7513,B,path.twc_arrived,0
8.7513,B,path.twc_target_x,-10.000002
8.7513,B,path.twc_target_y,-29.999998
8.7513,B,path.twc_target_z,0.60000002
8.7513,B,pid.gyrox.Des,0.21184206
8.7513,B,pid.gyrox.FB,1.3344104
8.7513,B,pid.gyrox.U,44.893497
8.7513,B,pid.gyroy.Des,-5.1457686
8.7513,B,pid.gyroy.FB,0.67378724
8.7513,B,pid.gyroy.U,-134.56265
8.7513,B,pid.gyroz.Des,-5.9501657
8.7513,B,pid.gyroz.FB,-2.1125863
8.7513,B,pid.gyroz.U,-32.642826
8.7513,B,pid.locx.Des,-10.000002
8.7513,B,pid.locx.FB,-16.400784
8.7513,B,pid.locx.U,7.0490417
8.7513,B,pid.locxs.Des,7.0490417
8.7513,B,pid.locxs.FB,1.9768873
8.7513,B,pid.locxs.U,15.126257
8.7513,B,pid.locy.Des,-29.999998
8.7513,B,pid.locy.FB,-12.471602
8.7513,B,pid.locy.U,-15.985893
8.7513,B,pid.locys.Des,-15.985893
8.7513,B,pid.locys.FB,-2.0228486
8.7513,B,pid.locys.U,-41.834682
8.7513,B,pid.pitch.Des,-2.4319456
8.7513,B,pid.pitch.FB,-0.62515658
8.7513,B,pid.pitch.U,-5.1457686
8.7513,B,pid.roll.Des,-0.91165376
8.7513,B,pid.roll.FB,-1.1473973
8.7513,B,pid.roll.U,0.21184206
8.7513,B,pid.yaw.Des,0
8.7513,B,pid.yaw.FB,0.65836096
8.7513,B,pid.yaw.U,-5.9501657
8.7513,B,pid.z_pos.Des,0.24824193
8.7513,B,pid.z_pos.FB,0.44988295
8.7513,B,pid.z_pos.U,-0.28835425
8.7513,B,pid.z_rate.Des,-0.28835425
8.7513,B,pid.z_rate.FB,-0.40303442
8.7513,B,pid.z_rate.U,32.822071
8.9519,A,mrac.pitch.e,0.058021888
8.9519,A,mrac.pitch.u_ad,-0.019527311
8.9519,A,mrac.roll.e,0.11571942
8.9519,A,mrac.roll.u_ad,0.024683679
8.9519,A,mrac.yaw.e,0.057136551
8.9519,A,mrac.yaw.u_ad,-0.0096654333
8.9519,A,mrac.z.e,-0.016001225
8.9519,A,mrac.z.u_ad,-0.045519702
8.9519,A,status.arm,1
8.9519,A,status.flymode,1
8.9519,A,status.rc_authority,1
8.9519,A,status.sbus_lost,0
8.9519,A,status.twc_arrived,0
8.9519,A,status.twc_execute,0
8.9520,B,mrac.pitch.theta_0,0.0010388315
8.9520,B,mrac.pitch.theta_1,0.00037744726
8.9520,B,mrac.pitch.theta_2,0.0048618354
8.9520,B,mrac.pitch.theta_3,0.0051219696
8.9520,B,mrac.pitch.theta_4,0.18217014
8.9520,B,mrac.pitch.theta_5,0.14156418
8.9520,B,mrac.pitch.u_nom,0.069545373
8.9520,B,mrac.pitch.xm,-0.095759258
8.9520,B,mrac.roll.theta_0,0.034254964
8.9520,B,mrac.roll.theta_1,9.251092e-05
8.9520,B,mrac.roll.theta_2,0.0032909117
8.9520,B,mrac.roll.theta_3,0.0030372753
8.9520,B,mrac.roll.theta_4,0.12091246
8.9520,B,mrac.roll.theta_5,0.11966261
8.9520,B,mrac.roll.u_nom,-0.084937647
8.9520,B,mrac.roll.xm,-0.0004911662
8.9520,B,mrac.yaw.theta_0,2.0569937e-06
8.9520,B,mrac.yaw.theta_1,0.0015431888
8.9520,B,mrac.yaw.theta_2,0.0019284642
8.9520,B,mrac.yaw.theta_3,0
8.9520,B,mrac.yaw.theta_4,0.079851478
8.9520,B,mrac.yaw.theta_5,0.088197246
8.9520,B,mrac.yaw.u_nom,-0.019937752
8.9520,B,mrac.yaw.xm,-0.096960999
8.9520,B,mrac.z.theta_0,0.017291332
8.9520,B,mrac.z.theta_1,0.0027101065
8.9520,B,mrac.z.theta_2,0.0027795939
8.9520,B,mrac.z.theta_3,0
8.9520,B,mrac.z.theta_4,0.19722049
8.9520,B,mrac.z.theta_5,0.19130769
8.9520,B,mrac.z.u_nom,0.19176345
8.9520,B,mrac.z.xm,-0.29190975
8.9520,B,path.active_path_mode,0
8.9520,B,path.circle_theta,0
8.9520,B,path.sinusoid_t_elapsed,30.002968
8.9520,B,path.twc_arrived,0
8.9520,B,path.twc_target_x,-10.000002
8.9520,B,path.twc_target_y,-29.999998
8.9520,B,path.twc_target_z,0.60000002
8.9520,B,pid.gyrox.Des,-0.028141737
8.9520,B,pid.gyrox.FB,4.3820786
8.9520,B,pid.gyrox.U,-99.377045
8.9520,B,pid.gyroy.Des,-5.486599
8.9520,B,pid.gyroy.FB,-6.0511899
8.9520,B,pid.gyroy.U,81.368088
8.9520,B,pid.gyroz.Des,-5.5554538
8.9520,B,pid.gyroz.FB,-1.1369811
8.9520,B,pid.gyroz.U,-37.323471
8.9520,B,pid.locx.Des,-10.000002
8.9520,B,pid.locx.FB,-16.184256
8.9520,B,pid.locx.U,6.9477739
8.9520,B,pid.locxs.Des,6.9477739
8.9520,B,pid.locxs.FB,-0.020684406
8.9520,B,pid.locxs.U,20.901604
8.9520,B,pid.locy.Des,-29.999998
8.9520,B,pid.locy.FB,-12.784161
8.9520,B,pid.locy.U,-15.736661
8.9520,B,pid.locys.Des,-15.736661
8.9520,B,pid.locys.FB,-1.9998931
8.9520,B,pid.locys.U,-41.162159
8.9520,B,pid.pitch.Des,-2.3902063
8.9520,B,pid.pitch.FB,-0.49256343
8.9520,B,pid.pitch.U,-5.486599
8.9520,B,pid.roll.Des,-1.2457504
8.9520,B,pid.roll.FB,-1.2468479
8.9520,B,pid.roll.U,-0.028141737
8.9520,B,pid.yaw.Des,0
8.9520,B,pid.yaw.FB,0.59257561
8.9520,B,pid.yaw.U,-5.5554538
8.9520,B,pid.z_pos.Des,0.17324215
8.9520,B,pid.z_pos.FB,0.37989599
8.9520,B,pid.z_pos.U,-0.29190975
8.9520,B,pid.z_rate.Des,-0.29190975
8.9520,B,pid.z_rate.FB,-0.43096346
8.9520,B,pid.z_rate.U,42.571484
9.1679,A,mrac.pitch.e,0.026988335
9.1679,A,mrac.pitch.u_ad,-0.018497204
9.1679,A,mrac.roll.e,-0.053842001
9.1679,A,mrac.roll.u_ad,0.040621575
9.1679,A,mrac.yaw.e,0.15989353
9.1679,A,mrac.yaw.u_ad,-0.012117326
9.1679,A,mrac.z.e,0.17104411
9.1679,A,mrac.z.u_ad,-0.11583463
9.1679,A,status.arm,1
9.1679,A,status.flymode,1
9.1679,A,status.rc_authority,1
9.1679,A,status.sbus_lost,0
9.1679,A,status.twc_arrived,0
9.1679,A,status.twc_execute,0
9.1679,B,mrac.pitch.theta_0,0.00061511912
9.1679,B,mrac.pitch.theta_1,0.00037812509
9.1679,B,mrac.pitch.theta_2,0.0048570083
9.1679,B,mrac.pitch.theta_3,0.0051220199
9.1679,B,mrac.pitch.theta_4,0.18219008
9.1679,B,mrac.pitch.theta_5,0.14157985
9.1679,B,mrac.pitch.u_nom,-0.12842698
9.1679,B,mrac.pitch.xm,-0.11609111
9.1679,B,mrac.roll.theta_0,0.034738131
9.1679,B,mrac.roll.theta_1,9.1675305e-05
9.1679,B,mrac.roll.theta_2,0.0032914637
9.1679,B,mrac.roll.theta_3,0.0030371903
9.1679,B,mrac.roll.theta_4,0.12092787
9.1679,B,mrac.roll.theta_5,0.11965545
9.1679,B,mrac.roll.u_nom,0.013316425
9.1679,B,mrac.roll.xm,0.0095515307
9.1679,B,mrac.yaw.theta_0,1.3111026e-06
9.1679,B,mrac.yaw.theta_1,0.00154241
9.1679,B,mrac.yaw.theta_2,0.0019280112
9.1679,B,mrac.yaw.theta_3,0
9.1679,B,mrac.yaw.theta_4,0.079865299
9.1679,B,mrac.yaw.theta_5,0.088194504
9.1679,B,mrac.yaw.u_nom,-0.032949056
9.1679,B,mrac.yaw.xm,-0.10006202
9.1679,B,mrac.z.theta_0,0.017723871
9.1679,B,mrac.z.theta_1,0.0030890782
9.1679,B,mrac.z.theta_2,0.0027835544
9.1679,B,mrac.z.theta_3,0
9.1679,B,mrac.z.theta_4,0.19721931
9.1679,B,mrac.z.theta_5,0.19131044
9.1679,B,mrac.z.u_nom,-0.27726361
9.1679,B,mrac.z.xm,-0.30860704
9.1679,B,path.active_path_mode,0
9.1679,B,path.circle_theta,0
9.1679,B,path.sinusoid_t_elapsed,30.002968
9.1679,B,path.twc_arrived,0
9.1679,B,path.twc_target_x,-10.000002
9.1679,B,path.twc_target_y,-29.999998
9.1679,B,path.twc_target_z,0.60000002
9.1679,B,pid.gyrox.Des,0.54726219
9.1679,B,pid.gyrox.FB,-2.9136808
9.1679,B,pid.gyrox.U,15.580217
9.1679,B,pid.gyroy.Des,-6.6515279
9.1679,B,pid.gyroy.FB,4.7283773
9.1679,B,pid.gyroy.U,-150.25957
9.1679,B,pid.gyroz.Des,-5.733129
9.1679,B,pid.gyroz.FB,1.7270319
9.1679,B,pid.gyroz.U,-61.680634
9.1679,B,pid.locx.Des,-10.000002
9.1679,B,pid.locx.FB,-16.16573
9.1679,B,pid.locx.U,6.9325824
9.1679,B,pid.locxs.Des,6.9325824
9.1679,B,pid.locxs.FB,-0.010859011
9.1679,B,pid.locxs.U,20.831432
9.1679,B,pid.locy.Des,-29.999998
9.1679,B,pid.locy.FB,-12.934353
9.1679,B,pid.locy.U,-15.652516
9.1679,B,pid.locys.Des,-15.652516
9.1679,B,pid.locys.FB,-0.99994105
9.1679,B,pid.locys.U,-44.077736
9.1679,B,pid.pitch.Des,-2.5594881
9.1679,B,pid.pitch.FB,-0.37294793
9.1679,B,pid.pitch.U,-6.6515279
9.1679,B,pid.roll.Des,-1.2447572
9.1679,B,pid.roll.FB,-1.3419442
9.1679,B,pid.roll.U,0.54726219
9.1679,B,pid.yaw.Des,0
9.1679,B,pid.yaw.FB,0.62218815
9.1679,B,pid.yaw.U,-5.733129
9.1679,B,pid.z_pos.Des,0.12374229
9.1679,B,pid.z_pos.FB,0.34989661
9.1679,B,pid.z_pos.U,-0.30860704
9.1679,B,pid.z_rate.Des,-0.30860704
9.1679,B,pid.z_rate.FB,-0.18735074
9.1679,B,pid.z_rate.U,-61.552521
9.3842,A,mrac.pitch.e,-0.040877014
9.3842,A,mrac.pitch.u_ad,-0.012126666
9.3842,A,mrac.roll.e,-0.0043028817
9.3842,A,mrac.roll.u_ad,0.034170374
9.3842,A,mrac.yaw.e,-0.00081080198
9.3842,A,mrac.yaw.u_ad,-0.008933275
9.3842,A,mrac.z.e,-0.011072487
9.3842,A,mrac.z.u_ad,-0.054437086
9.3842,A,status.arm,1
9.3842,A,status.flymode,1
9.3842,A,status.rc_authority,1
9.3842,A,status.sbus_lost,0
9.3842,A,status.twc_arrived,0
9.3842,A,status.twc_execute,0
9.3842,B,mrac.pitch.theta_0,0.00031427082
9.3842,B,mrac.pitch.theta_1,0.00039047017
9.3842,B,mrac.pitch.theta_2,0.0048519657
9.3842,B,mrac.pitch.theta_3,0.0051216907
9.3842,B,mrac.pitch.theta_4,0.18220712
9.3842,B,mrac.pitch.theta_5,0.14159879
9.3842,B,mrac.pitch.u_nom,-0.12599954
9.3842,B,mrac.pitch.xm,-0.11653309
9.3842,B,mrac.roll.theta_0,0.035317264
9.3842,B,mrac.roll.theta_1,9.0539819e-05
9.3842,B,mrac.roll.theta_2,0.0032924721
9.3842,B,mrac.roll.theta_3,0.0030371514
9.3842,B,mrac.roll.theta_4,0.12096386
9.3842,B,mrac.roll.theta_5,0.11964334
9.3842,B,mrac.roll.u_nom,-0.039182976
9.3842,B,mrac.roll.xm,0.0010695801
9.3842,B,mrac.yaw.theta_0,6.6841653e-07
9.3842,B,mrac.yaw.theta_1,0.0015434464
9.3842,B,mrac.yaw.theta_2,0.0019274715
9.3842,B,mrac.yaw.theta_3,0
9.3842,B,mrac.yaw.theta_4,0.079886705
9.3842,B,mrac.yaw.theta_5,0.088191487
9.3842,B,mrac.yaw.u_nom,-0.034978699
9.3842,B,mrac.yaw.xm,-0.097976595
9.3842,B,mrac.z.theta_0,0.016569782
9.3842,B,mrac.z.theta_1,0.0040817019
9.3842,B,mrac.z.theta_2,0.0027907921
9.3842,B,mrac.z.theta_3,0
9.3842,B,mrac.z.theta_4,0.19727735
9.3842,B,mrac.z.theta_5,0.19145155
9.3842,B,mrac.z.u_nom,-0.05981997
9.3842,B,mrac.z.xm,-0.32611319
9.3842,B,path.active_path_mode,0
9.3842,B,path.circle_theta,0
9.3842,B,path.sinusoid_t_elapsed,30.002968
9.3842,B,path.twc_arrived,0
9.3842,B,path.twc_target_x,-10.000002
9.3842,B,path.twc_target_y,-29.999998
9.3842,B,path.twc_target_z,0.60000002
9.3842,B,pid.gyrox.Des,0.061282396
9.3842,B,pid.gyrox.FB,0.19309592
9.3842,B,pid.gyrox.U,-45.844082
9.3842,B,pid.gyroy.Des,-6.6768517
9.3842,B,pid.gyroy.FB,5.8388228
9.3842,B,pid.gyroy.U,-147.41946
9.3842,B,pid.gyroz.Des,-5.6136432
9.3842,B,pid.gyroz.FB,2.3170624
9.3842,B,pid.gyroz.U,-65.480125
9.3842,B,pid.locx.Des,-10.000002
9.3842,B,pid.locx.FB,-16.16573
9.3842,B,pid.locx.U,6.9325824
9.3842,B,pid.locxs.Des,6.9325824
9.3842,B,pid.locxs.FB,-1.0104562
9.3842,B,pid.locxs.U,23.829813
9.3842,B,pid.locy.Des,-29.999998
9.3842,B,pid.locy.FB,-12.934353
9.3842,B,pid.locy.U,-15.652516
9.3842,B,pid.locys.Des,-15.652516
9.3842,B,pid.locys.FB,-0.98943329
9.3842,B,pid.locys.U,-43.989967
9.3842,B,pid.pitch.Des,-2.5529013
9.3842,B,pid.pitch.FB,-0.36822093
9.3842,B,pid.pitch.U,-6.6768517
9.3842,B,pid.roll.Des,-1.4188876
9.3842,B,pid.roll.FB,-1.4027627
9.3842,B,pid.roll.U,0.061282396
9.3842,B,pid.yaw.Des,0
9.3842,B,pid.yaw.FB,0.60227388
9.3842,B,pid.yaw.U,-5.6136432
9.3842,B,pid.z_pos.Des,0.048742175
9.3842,B,pid.z_pos.FB,0.29990387
9.3842,B,pid.z_pos.U,-0.32611319
9.3842,B,pid.z_rate.Des,-0.32611319
9.3842,B,pid.z_rate.FB,-0.32541353
9.3842,B,pid.z_rate.U,-13.280033
9.5850,A,mrac.pitch.e,0.084568247
9.5850,A,mrac.pitch.u_ad,-0.020018818
9.5850,A,mrac.roll.e,0.042368919
9.5850,A,mrac.roll.u_ad,0.036544915
9.5850,A,mrac.yaw.e,0.17650574
9.5850,A,mrac.yaw.u_ad,-0.01248838
9.5850,A,mrac.z.e,-0.022679746
9.5850,A,mrac.z.u_ad,-0.048466537
9.5850,A,status.arm,1
9.5850,A,status.flymode,1
9.5850,A,status.rc_authority,1
9.5850,A,status.sbus_lost,0
9.5850,A,status.twc_arrived,0
9.5850,A,status.twc_execute,0
9.5851,B,mrac.pitch.theta_0,0.00058093289
9.5851,B,mrac.pitch.theta_1,0.00038813023
9.5851,B,mrac.pitch.theta_2,0.0048495727
9.5851,B,mrac.pitch.theta_3,0.0051217605
9.5851,B,mrac.pitch.theta_4,0.18222457
9.5851,B,mrac.pitch.theta_5,0.14160816
9.5851,B,mrac.pitch.u_nom,-0.041872047
9.5851,B,mrac.pitch.xm,-0.10170894
9.5851,B,mrac.roll.theta_0,0.039987311
9.5851,B,mrac.roll.theta_1,8.9552632e-05
9.5851,B,mrac.roll.theta_2,0.0032953215
9.5851,B,mrac.roll.theta_3,0.0030372958
9.5851,B,mrac.roll.theta_4,0.12099576
9.5851,B,mrac.roll.theta_5,0.11964476
9.5851,B,mrac.roll.u_nom,-0.086810224
9.5851,B,mrac.roll.xm,0.023265427
9.5851,B,mrac.yaw.theta_0,4.155238e-07
9.5851,B,mrac.yaw.theta_1,0.001544081
9.5851,B,mrac.yaw.theta_2,0.0019270666
9.5851,B,mrac.yaw.theta_3,0
9.5851,B,mrac.yaw.theta_4,0.079901621
9.5851,B,mrac.yaw.theta_5,0.088189363
9.5851,B,mrac.yaw.u_nom,-0.026611738
9.5851,B,mrac.yaw.xm,-0.1014641
9.5851,B,mrac.z.theta_0,0.015390866
9.5851,B,mrac.z.theta_1,0.0047647255
9.5851,B,mrac.z.theta_2,0.0027832445
9.5851,B,mrac.z.theta_3,0
9.5851,B,mrac.z.theta_4,0.19728705
9.5851,B,mrac.z.theta_5,0.19153337
9.5851,B,mrac.z.u_nom,-0.397223
9.5851,B,mrac.z.xm,-0.33868247
9.5851,B,path.active_path_mode,0
9.5851,B,path.circle_theta,0
9.5851,B,path.sinusoid_t_elapsed,30.002968
9.5851,B,path.twc_arrived,0
9.5851,B,path.twc_target_x,-10.000002
9.5851,B,path.twc_target_y,-29.999998
9.5851,B,path.twc_target_z,0.60000002
9.5851,B,pid.gyrox.Des,1.3330102
9.5851,B,pid.gyrox.FB,6.281064
9.5851,B,pid.gyrox.U,-101.56796
9.5851,B,pid.gyroy.Des,-5.8274908
9.5851,B,pid.gyroy.FB,3.9729629
9.5851,B,pid.gyroy.U,-48.990295
9.5851,B,pid.gyroz.Des,-5.8134623
9.5851,B,pid.gyroz.FB,0.16915461
9.5851,B,pid.gyroz.U,-49.817173
9.5851,B,pid.locx.Des,-10.000002
9.5851,B,pid.locx.FB,-16.16573
9.5851,B,pid.locx.U,6.9325824
9.5851,B,pid.locxs.Des,6.9325824
9.5851,B,pid.locxs.FB,-0.011092676
9.5851,B,pid.locxs.U,20.830635
9.5851,B,pid.locy.Des,-29.999998
9.5851,B,pid.locy.FB,-12.934353
9.5851,B,pid.locy.U,-15.652516
9.5851,B,pid.locys.Des,-15.652516
9.5851,B,pid.locys.FB,-0.99993849
9.5851,B,pid.locys.U,-43.957726
9.5851,B,pid.pitch.Des,-2.5517323
9.5851,B,pid.pitch.FB,-0.5991087
9.5851,B,pid.pitch.U,-5.8274908
9.5851,B,pid.roll.Des,-1.2451892
9.5851,B,pid.roll.FB,-1.7357264
9.5851,B,pid.roll.U,1.3330102
9.5851,B,pid.yaw.Des,0
9.5851,B,pid.yaw.FB,0.63557702
9.5851,B,pid.yaw.U,-5.8134623
9.5851,B,pid.z_pos.Des,0
9.5851,B,pid.z_pos.FB,0.26986134
9.5851,B,pid.z_pos.U,-0.33868247
9.5851,B,pid.z_rate.Des,-0.33868247
9.5851,B,pid.z_rate.FB,-0.15084872
9.5851,B,pid.z_rate.U,-88.183502
9.7852,A,mrac.pitch.e,0.084191091
9.7852,A,mrac.pitch.u_ad,-0.00115522
9.7852,A,mrac.roll.e,0.043870065
9.7852,A,mrac.roll.u_ad,0.037445404
9.7852,A,mrac.yaw.e,0.17152125
9.7852,A,mrac.yaw.u_ad,-0.013229626
9.7852,A,mrac.z.e,-0.031642467
9.7852,A,mrac.z.u_ad,-0.029979194
9.7852,A,status.arm,1
9.7852,A,status.flymode,1
9.7852,A,status.rc_authority,1
9.7852,A,status.sbus_lost,0
9.7852,A,status.twc_arrived,0
9.7852,A,status.twc_execute,0
9.7852,B,mrac.pitch.theta_0,0.001167651
9.7852,B,mrac.pitch.theta_1,0.00039717439
9.7852,B,mrac.pitch.theta_2,0.0048428965
9.7852,B,mrac.pitch.theta_3,0.0051216199
9.7852,B,mrac.pitch.theta_4,0.18224727
9.7852,B,mrac.pitch.theta_5,0.14161532
9.7852,B,mrac.pitch.u_nom,-0.055217918
9.7852,B,mrac.pitch.xm,-0.10484823
9.7852,B,mrac.roll.theta_0,0.0414069
9.7852,B,mrac.roll.theta_1,9.0826368e-05
9.7852,B,mrac.roll.theta_2,0.003294999
9.7852,B,mrac.roll.theta_3,0.0030372173
9.7852,B,mrac.roll.theta_4,0.12103218
9.7852,B,mrac.roll.theta_5,0.11964545
9.7852,B,mrac.roll.u_nom,-0.11333767
9.7852,B,mrac.roll.xm,0.014474307
9.7852,B,mrac.yaw.theta_0,1.8646342e-07
9.7852,B,mrac.yaw.theta_1,0.0015409844
9.7852,B,mrac.yaw.theta_2,0.0019259223
9.7852,B,mrac.yaw.theta_3,0
9.7852,B,mrac.yaw.theta_4,0.079934992
9.7852,B,mrac.yaw.theta_5,0.088188484
9.7852,B,mrac.yaw.u_nom,-0.023387035
9.7852,B,mrac.yaw.xm,-0.11215628
9.7852,B,mrac.z.theta_0,0.024011143
9.7852,B,mrac.z.theta_1,0.0048929937
9.7852,B,mrac.z.theta_2,0.0028769553
9.7852,B,mrac.z.theta_3,0
9.7852,B,mrac.z.theta_4,0.19729193
9.7852,B,mrac.z.theta_5,0.19128323
9.7852,B,mrac.z.u_nom,-0.22073607
9.7852,B,mrac.z.xm,-0.28295392
9.7852,B,path.active_path_mode,0
9.7852,B,path.circle_theta,0
9.7852,B,path.sinusoid_t_elapsed,30.002968
9.7852,B,path.twc_arrived,0
9.7852,B,path.twc_target_x,-10.000002
9.7852,B,path.twc_target_y,-29.999998
9.7852,B,path.twc_target_z,0.60000002
9.7852,B,pid.gyrox.Des,0.82931638
9.7852,B,pid.gyrox.FB,7.0087032
9.7852,B,pid.gyrox.U,-132.60507
9.7852,B,pid.gyroy.Des,-6.0073586
9.7852,B,pid.gyroy.FB,7.1400452
9.7852,B,pid.gyroy.U,-64.604965
9.7852,B,pid.gyroz.Des,-6.4260788
9.7852,B,pid.gyroz.FB,-1.1935272
9.7852,B,pid.gyroz.U,-43.780529
9.7852,B,pid.locx.Des,-10.000002
9.7852,B,pid.locx.FB,-15.907034
9.7852,B,pid.locx.U,6.6540942
9.7852,B,pid.locxs.Des,6.6540942
9.7852,B,pid.locxs.FB,0.98704249
9.7852,B,pid.locxs.U,16.900446
9.7852,B,pid.locy.Des,-29.999998
9.7852,B,pid.locy.FB,-13.047618
9.7852,B,pid.locy.U,-15.524983
9.7852,B,pid.locys.Des,-15.524983
9.7852,B,pid.locys.FB,-1.0127916
9.7852,B,pid.locys.U,-43.492687
9.7852,B,pid.pitch.Des,-2.5258176
9.7852,B,pid.pitch.FB,-0.60121703
9.7852,B,pid.pitch.U,-6.0073586
9.7852,B,pid.roll.Des,-1.019886
9.7852,B,pid.roll.FB,-1.3507259
9.7852,B,pid.roll.U,0.82931638
9.7852,B,pid.yaw.Des,0
9.7852,B,pid.yaw.FB,0.73767984
9.7852,B,pid.yaw.U,-6.4260788
9.7852,B,pid.z_pos.Des,0
9.7852,B,pid.z_pos.FB,0.18993674
9.7852,B,pid.z_pos.U,-0.28295392
9.7852,B,pid.z_rate.Des,-0.28295392
9.7852,B,pid.z_rate.FB,-0.1930704
9.7852,B,pid.z_rate.U,-49.003407
10.0006,A,mrac.pitch.e,0.1025106
10.0006,A,mrac.pitch.u_ad,-0.010234986
10.0006,A,mrac.roll.e,0.028809365
10.0006,A,mrac.roll.u_ad,0.040495854
10.0006,A,mrac.yaw.e,0.12690754
10.0006,A,mrac.yaw.u_ad,-0.012861459
10.0006,A,mrac.z.e,0.28419027
10.0006,A,mrac.z.u_ad,-0.14796889
10.0006,A,status.arm,1
10.0006,A,status.flymode,1
10.0006,A,status.rc_authority,1
10.0006,A,status.sbus_lost,0
10.0006,A,status.twc_arrived,0
10.0006,A,status.twc_execute,0
10.0006,B,mrac.pitch.theta_0,0.0010739474
10.0006,B,mrac.pitch.theta_1,0.00039940505
10.0006,B,mrac.pitch.theta_2,0.0048290081
10.0006,B,mrac.pitch.theta_3,0.0051216958
10.0006,B,mrac.pitch.theta_4,0.18226777
10.0006,B,mrac.pitch.theta_5,0.14163013
10.0006,B,mrac.pitch.u_nom,0.0084133102
10.0006,B,mrac.pitch.xm,-0.10963644
10.0006,B,mrac.roll.theta_0,0.041474171
10.0006,B,mrac.roll.theta_1,9.2077462e-05
10.0006,B,mrac.roll.theta_2,0.0032945925
10.0006,B,mrac.roll.theta_3,0.0030373016
10.0006,B,mrac.roll.theta_4,0.12104753
10.0006,B,mrac.roll.theta_5,0.11964579
10.0006,B,mrac.roll.u_nom,0.069489114
10.0006,B,mrac.roll.xm,0.023898669
10.0006,B,mrac.yaw.theta_0,1.0424927e-07
10.0006,B,mrac.yaw.theta_1,0.0015403357
10.0006,B,mrac.yaw.theta_2,0.0019251154
10.0006,B,mrac.yaw.theta_3,0
10.0006,B,mrac.yaw.theta_4,0.079960525
10.0006,B,mrac.yaw.theta_5,0.088188834
10.0006,B,mrac.yaw.u_nom,-0.025320588
10.0006,B,mrac.yaw.xm,-0.11831445
10.0006,B,mrac.z.theta_0,0.022426279
10.0006,B,mrac.z.theta_1,0.0053286119
10.0006,B,mrac.z.theta_2,0.0028762808
10.0006,B,mrac.z.theta_3,0
10.0006,B,mrac.z.theta_4,0.19731183
10.0006,B,mrac.z.theta_5,0.19135073
10.0006,B,mrac.z.u_nom,-0.50047415
10.0006,B,mrac.z.xm,-0.27997264
10.0006,B,path.active_path_mode,0
10.0006,B,path.circle_theta,0
10.0006,B,path.sinusoid_t_elapsed,30.002968
10.0006,B,path.twc_arrived,0
10.0006,B,path.twc_target_x,-10.000002
10.0006,B,path.twc_target_y,-29.999998
10.0006,B,path.twc_target_z,0.60000002
10.0006,B,pid.gyrox.Des,1.3692923
10.0006,B,pid.gyrox.FB,0.39381599
10.0006,B,pid.gyrox.U,81.302261
10.0006,B,pid.gyroy.Des,-6.2817025
10.0006,B,pid.gyroy.FB,-5.4128075
10.0006,B,pid.gyroy.U,9.8435726
10.0006,B,pid.gyroz.Des,-6.7789159
10.0006,B,pid.gyroz.FB,-1.1113557
10.0006,B,pid.gyroz.U,-47.400139
10.0006,B,pid.locx.Des,-10.000002
10.0006,B,pid.locx.FB,-15.469351
10.0006,B,pid.locx.U,6.2674904
10.0006,B,pid.locxs.Des,6.2674904
10.0006,B,pid.locxs.FB,2.9858093
10.0006,B,pid.locxs.U,9.7010212
10.0006,B,pid.locy.Des,-29.999998
10.0006,B,pid.locy.FB,-13.223649
10.0006,B,pid.locy.U,-15.419538
10.0006,B,pid.locys.Des,-15.419538
10.0006,B,pid.locys.FB,-1.0416059
10.0006,B,pid.locys.U,-43.131981
10.0006,B,pid.pitch.Des,-2.5097799
10.0006,B,pid.pitch.FB,-0.37068141
10.0006,B,pid.pitch.U,-6.2817025
10.0006,B,pid.roll.Des,-0.60172743
10.0006,B,pid.roll.FB,-1.1409079
10.0006,B,pid.roll.U,1.3692923
10.0006,B,pid.yaw.Des,0
10.0006,B,pid.yaw.FB,0.79648596
10.0006,B,pid.yaw.U,-6.7789159
10.0006,B,pid.z_pos.Des,0
10.0006,B,pid.z_pos.FB,0.16996273
10.0006,B,pid.z_pos.U,-0.26897264
10.0006,B,pid.z_rate.Des,-0.27997264
10.0006,B,pid.z_rate.FB,-0.034834493
10.0006,B,pid.z_rate.U,-111.10526
10.2016,A,mrac.pitch.e,0.24589539
10.2016,A,mrac.pitch.u_ad,-0.040185545
10.2016,A,mrac.roll.e,0.00020175055
10.2016,A,mrac.roll.u_ad,0.038268466
10.2016,A,mrac.yaw.e,0.16725878
10.2016,A,mrac.yaw.u_ad,-0.0135805
10.2016,A,mrac.z.e,0.13584471
10.2016,A,mrac.z.u_ad,-0.10420261
10.2016,A,status.arm,1
10.2016,A,status.flymode,1
10.2016,A,status.rc_authority,1
10.2016,A,status.sbus_lost,0
10.2016,A,status.twc_arrived,0
10.2016,A,status.twc_execute,0
10.2016,B,mrac.pitch.theta_0,0.00052802823
10.2016,B,mrac.pitch.theta_1,0.00040565382
10.2016,B,mrac.pitch.theta_2,0.0048242165
10.2016,B,mrac.pitch.theta_3,0.0051221852
10.2016,B,mrac.pitch.theta_4,0.18228599
10.2016,B,mrac.pitch.theta_5,0.14164981
10.2016,B,mrac.pitch.u_nom,-0.10819329
10.2016,B,mrac.pitch.xm,-0.11089677
10.2016,B,mrac.roll.theta_0,0.035668451
10.2016,B,mrac.roll.theta_1,9.1219692e-05
10.2016,B,mrac.roll.theta_2,0.0032924013
10.2016,B,mrac.roll.theta_3,0.0030375915
10.2016,B,mrac.roll.theta_4,0.12108198
10.2016,B,mrac.roll.theta_5,0.11963154
10.2016,B,mrac.roll.u_nom,-0.037496347
10.2016,B,mrac.roll.xm,-0.025909914
10.2016,B,mrac.yaw.theta_0,4.8569685e-08
10.2016,B,mrac.yaw.theta_1,0.0015417191
10.2016,B,mrac.yaw.theta_2,0.0019243936
10.2016,B,mrac.yaw.theta_3,0
10.2016,B,mrac.yaw.theta_4,0.07998988
10.2016,B,mrac.yaw.theta_5,0.088188253
10.2016,B,mrac.yaw.u_nom,-0.026424345
10.2016,B,mrac.yaw.xm,-0.11663614
10.2016,B,mrac.z.theta_0,0.016596844
10.2016,B,mrac.z.theta_1,0.0055579841
10.2016,B,mrac.z.theta_2,0.0028704247
10.2016,B,mrac.z.theta_3,0
10.2016,B,mrac.z.theta_4,0.19751194
10.2016,B,mrac.z.theta_5,0.19169338
10.2016,B,mrac.z.u_nom,-0.59852183
10.2016,B,mrac.z.xm,-0.31899241
10.2016,B,path.active_path_mode,0
10.2016,B,path.circle_theta,0
10.2016,B,path.sinusoid_t_elapsed,30.002968
10.2016,B,path.twc_arrived,0
10.2016,B,path.twc_target_x,-10.000002
10.2016,B,path.twc_target_y,-29.999998
10.2016,B,path.twc_target_z,0.60000002
10.2016,B,pid.gyrox.Des,-1.4845281
10.2016,B,pid.gyrox.FB,4.0192304
10.2016,B,pid.gyrox.U,-43.870728
10.2016,B,pid.gyroy.Des,-6.3539143
10.2016,B,pid.gyroy.FB,4.0256271
10.2016,B,pid.gyroy.U,-126.58615
10.2016,B,pid.gyroz.Des,-6.6827559
10.2016,B,pid.gyroz.FB,-0.7450887
10.2016,B,pid.gyroz.U,-49.466373
10.2016,B,pid.locx.Des,-10.000002
10.2016,B,pid.locx.FB,-14.521922
10.2016,B,pid.locx.U,5.510035
10.2016,B,pid.locxs.Des,5.510035
10.2016,B,pid.locxs.FB,1.9861933
10.2016,B,pid.locxs.U,16.426981
10.2016,B,pid.locy.Des,-29.999998
10.2016,B,pid.locy.FB,-13.425962
10.2016,B,pid.locy.U,-15.221766
10.2016,B,pid.locys.Des,-15.221766
10.2016,B,pid.locys.FB,-1.0271496
10.2016,B,pid.locys.U,-42.617001
10.2016,B,pid.pitch.Des,-2.4749691
10.2016,B,pid.pitch.FB,-0.35269174
10.2016,B,pid.pitch.U,-6.3539143
10.2016,B,pid.roll.Des,-0.99346215
10.2016,B,pid.roll.FB,-0.52741581
10.2016,B,pid.roll.U,-1.4845281
10.2016,B,pid.yaw.Des,0
10.2016,B,pid.yaw.FB,0.78045934
10.2016,B,pid.yaw.U,-6.6827559
10.2016,B,pid.z_pos.Des,0
10.2016,B,pid.z_pos.FB,0.16998959
10.2016,B,pid.z_pos.U,-0.26899242
10.2016,B,pid.z_rate.Des,-0.31899241
10.2016,B,pid.z_rate.FB,-0.019437822
10.2016,B,pid.z_rate.U,-132.87184
10.4016,A,mrac.pitch.e,0.14429179
10.4016,A,mrac.pitch.u_ad,-0.025285974
10.4016,A,mrac.roll.e,-0.011384239
10.4016,A,mrac.roll.u_ad,0.039836586
10.4016,A,mrac.yaw.e,0.099880397
10.4016,A,mrac.yaw.u_ad,-0.013258031
10.4016,A,mrac.z.e,0.07617183
10.4016,A,mrac.z.u_ad,-0.084183514
10.4016,A,status.arm,1
10.4016,A,status.flymode,1
10.4016,A,status.rc_authority,1
10.4016,A,status.sbus_lost,0
10.4016,A,status.twc_arrived,0
10.4016,A,status.twc_execute,0
10.4016,B,mrac.pitch.theta_0,0.00068367657
10.4016,B,mrac.pitch.theta_1,0.00040963388
10.4016,B,mrac.pitch.theta_2,0.0048228721
10.4016,B,mrac.pitch.theta_3,0.0051222085
10.4016,B,mrac.pitch.theta_4,0.18229187
10.4016,B,mrac.pitch.theta_5,0.14165397
10.4016,B,mrac.pitch.u_nom,-0.088837907
10.4016,B,mrac.pitch.xm,-0.098974593
10.4016,B,mrac.roll.theta_0,0.039032206
10.4016,B,mrac.roll.theta_1,9.0081929e-05
10.4016,B,mrac.roll.theta_2,0.0032960605
10.4016,B,mrac.roll.theta_3,0.0030376688
10.4016,B,mrac.roll.theta_4,0.12111375
10.4016,B,mrac.roll.theta_5,0.11962137
10.4016,B,mrac.roll.u_nom,0.0013892998
10.4016,B,mrac.roll.xm,-0.0058307918
10.4016,B,mrac.yaw.theta_0,2.7221857e-08
10.4016,B,mrac.yaw.theta_1,0.0015403398
10.4016,B,mrac.yaw.theta_2,0.0019235059
10.4016,B,mrac.yaw.theta_3,0
10.4016,B,mrac.yaw.theta_4,0.080016382
10.4016,B,mrac.yaw.theta_5,0.088189036
10.4016,B,mrac.yaw.u_nom,-0.027174536
10.4016,B,mrac.yaw.xm,-0.12587346
10.4016,B,mrac.z.theta_0,0.014625741
10.4016,B,mrac.z.theta_1,0.0062490092
10.4016,B,mrac.z.theta_2,0.0028647573
10.4016,B,mrac.z.theta_3,0
10.4016,B,mrac.z.theta_4,0.19754878
10.4016,B,mrac.z.theta_5,0.19182637
10.4016,B,mrac.z.u_nom,-0.27639526
10.4016,B,mrac.z.xm,-0.30998087
10.4016,B,path.active_path_mode,0
10.4016,B,path.circle_theta,0
10.4016,B,path.sinusoid_t_elapsed,30.002968
10.4016,B,path.twc_arrived,0
10.4016,B,path.twc_target_x,-10.000002
10.4016,B,path.twc_target_y,-29.999998
10.4016,B,path.twc_target_z,0.60000002
10.4016,B,pid.gyrox.Des,-0.33407962
10.4016,B,pid.gyrox.FB,2.0545239
10.4016,B,pid.gyrox.U,1.6254807
10.4016,B,pid.gyroy.Des,-5.6708241
10.4016,B,pid.gyroy.FB,4.0547695
10.4016,B,pid.gyroy.U,-103.94035
10.4016,B,pid.gyroz.Des,-7.2120152
10.4016,B,pid.gyroz.FB,-1.0978314
10.4016,B,pid.gyroz.U,-50.870731
10.4016,B,pid.locx.Des,-10.000002
10.4016,B,pid.locx.FB,-14.142644
10.4016,B,pid.locx.U,5.2341194
10.4016,B,pid.locxs.Des,5.2341194
10.4016,B,pid.locxs.FB,0.99988508
10.4016,B,pid.locxs.U,12.606719
10.4016,B,pid.locy.Des,-29.999998
10.4016,B,pid.locy.FB,-13.481256
10.4016,B,pid.locy.U,-15.213773
10.4016,B,pid.locys.Des,-15.213773
10.4016,B,pid.locys.FB,-0.015160544
10.4016,B,pid.locys.U,-45.593803
10.4016,B,pid.pitch.Des,-2.6502104
10.4016,B,pid.pitch.FB,-0.79650283
10.4016,B,pid.pitch.U,-5.6708241
10.4016,B,pid.roll.Des,-0.77673143
10.4016,B,pid.roll.FB,-0.80979139
10.4016,B,pid.roll.U,-0.33407962
10.4016,B,pid.yaw.Des,0
10.4016,B,pid.yaw.FB,0.86866915
10.4016,B,pid.yaw.U,-7.2120152
10.4016,B,pid.z_pos.Des,0
10.4016,B,pid.z_pos.FB,0.13997248
10.4016,B,pid.z_pos.U,-0.24798092
10.4016,B,pid.z_rate.Des,-0.30998087
10.4016,B,pid.z_rate.FB,-0.1892065
10.4016,B,pid.z_rate.U,-61.359749
10.6177,A,mrac.pitch.e,0.12919427
10.6177,A,mrac.pitch.u_ad,-0.018932842
10.6177,A,mrac.roll.e,0.034238826
10.6177,A,mrac.roll.u_ad,0.039412424
10.6177,A,mrac.yaw.e,0.18979105
10.6177,A,mrac.yaw.u_ad,-0.016690535
10.6177,A,mrac.z.e,-0.030200869
10.6177,A,mrac.z.u_ad,-0.03816326
10.6177,A,status.arm,1
10.6177,A,status.flymode,1
10.6177,A,status.rc_authority,1
10.6177,A,status.sbus_lost,0
10.6177,A,status.twc_arrived,0
10.6177,A,status.twc_execute,0
10.6178,B,mrac.pitch.theta_0,0.00046936417
10.6178,B,mrac.pitch.theta_1,0.00041911218
10.6178,B,mrac.pitch.theta_2,0.0048185205
10.6178,B,mrac.pitch.theta_3,0.0051224376
10.6178,B,mrac.pitch.theta_4,0.18230349
10.6178,B,mrac.pitch.theta_5,0.14167075
10.6178,B,mrac.pitch.u_nom,-0.064844728
10.6178,B,mrac.pitch.xm,-0.10185573
10.6178,B,mrac.roll.theta_0,0.042108998
10.6178,B,mrac.roll.theta_1,8.8451001e-05
10.6178,B,mrac.roll.theta_2,0.0032991096
10.6178,B,mrac.roll.theta_3,0.0030378492
10.6178,B,mrac.roll.theta_4,0.12117157
10.6178,B,mrac.roll.theta_5,0.11961208
10.6178,B,mrac.roll.u_nom,0.029162187
10.6178,B,mrac.roll.xm,0.016916769
10.6178,B,mrac.yaw.theta_0,1.0238671e-08
10.6178,B,mrac.yaw.theta_1,0.00153798
10.6178,B,mrac.yaw.theta_2,0.0019222886
10.6178,B,mrac.yaw.theta_3,0
10.6178,B,mrac.yaw.theta_4,0.080067143
10.6178,B,mrac.yaw.theta_5,0.088193566
10.6178,B,mrac.yaw.u_nom,-0.034165908
10.6178,B,mrac.yaw.xm,-0.14182791
10.6178,B,mrac.z.theta_0,0.015367108
10.6178,B,mrac.z.theta_1,0.0069959802
10.6178,B,mrac.z.theta_2,0.0028808264
10.6178,B,mrac.z.theta_3,0
10.6178,B,mrac.z.theta_4,0.19756387
10.6178,B,mrac.z.theta_5,0.19186793
10.6178,B,mrac.z.u_nom,0.19605818
10.6178,B,mrac.z.xm,-0.26898488
10.6178,B,path.active_path_mode,0
10.6178,B,path.circle_theta,0
10.6178,B,path.sinusoid_t_elapsed,30.002968
10.6178,B,path.twc_arrived,0
10.6178,B,path.twc_target_x,-10.000002
10.6178,B,path.twc_target_y,-29.999998
10.6178,B,path.twc_target_z,0.60000002
10.6178,B,pid.gyrox.Des,0.96925908
10.6178,B,pid.gyrox.FB,-1.9481733
10.6178,B,pid.gyrox.U,34.119759
10.6178,B,pid.gyroy.Des,-5.8359013
10.6178,B,pid.gyroy.FB,0.72230238
10.6178,B,pid.gyroy.U,-75.868332
10.6178,B,pid.gyroz.Des,-8.1261377
10.6178,B,pid.gyroz.FB,-0.37289214
10.6178,B,pid.gyroz.U,-63.958576
10.6178,B,pid.locx.Des,-10.000002
10.6178,B,pid.locx.FB,-13.802686
10.6178,B,pid.locx.U,5.0021539
10.6178,B,pid.locxs.Des,5.0021539
10.6178,B,pid.locxs.FB,-0.017819256
10.6178,B,pid.locxs.U,15.014378
10.6178,B,pid.locy.Des,-29.999998
10.6178,B,pid.locy.FB,-13.486614
10.6178,B,pid.locy.U,-15.209998
10.6178,B,pid.locys.Des,-15.209998
10.6178,B,pid.locys.FB,-0.99984121
10.6178,B,pid.locys.U,-42.629578
10.6178,B,pid.pitch.Des,-2.4725251
10.6178,B,pid.pitch.FB,-0.5008508
10.6178,B,pid.pitch.U,-5.8359013
10.6178,B,pid.roll.Des,-0.9213497
10.6178,B,pid.roll.FB,-1.2249066
10.6178,B,pid.roll.U,0.96925908
10.6178,B,pid.yaw.Des,0
10.6178,B,pid.yaw.FB,1.0210229
10.6178,B,pid.yaw.U,-8.1261377
10.6178,B,pid.z_pos.Des,0
10.6178,B,pid.z_pos.FB,0.07997866
10.6178,B,pid.z_pos.U,-0.20598494
10.6178,B,pid.z_rate.Des,-0.26898488
10.6178,B,pid.z_rate.FB,-0.41042218
10.6178,B,pid.z_rate.U,43.524918
10.8185,A,mrac.pitch.e,0.19425499
10.8185,A,mrac.pitch.u_ad,-0.031602375
10.8185,A,mrac.roll.e,-0.036375478
10.8185,A,mrac.roll.u_ad,0.055351429
10.8185,A,mrac.yaw.e,0.13526289
10.8185,A,mrac.yaw.u_ad,-0.014312517
10.8185,A,mrac.z.e,0.36529708
10.8185,A,mrac.z.u_ad,-0.17744221
10.8185,A,status.arm,1
10.8185,A,status.flymode,1
10.8185,A,status.rc_authority,1
10.8185,A,status.sbus_lost,0
10.8185,A,status.twc_arrived,0
10.8185,A,status.twc_execute,0
10.8185,B,mrac.pitch.theta_0,0.00034578831
10.8185,B,mrac.pitch.theta_1,0.00040371242
10.8185,B,mrac.pitch.theta_2,0.004797135
10.8185,B,mrac.pitch.theta_3,0.0051225382
10.8185,B,mrac.pitch.theta_4,0.18234007
10.8185,B,mrac.pitch.theta_5,0.14168929
10.8185,B,mrac.pitch.u_nom,-0.19990212
10.8185,B,mrac.pitch.xm,-0.12056267
10.8185,B,mrac.roll.theta_0,0.043509383
10.8185,B,mrac.roll.theta_1,8.7801825e-05
10.8185,B,mrac.roll.theta_2,0.0033004528
10.8185,B,mrac.roll.theta_3,0.0030382795
10.8185,B,mrac.roll.theta_4,0.12118959
10.8185,B,mrac.roll.theta_5,0.11961017
10.8185,B,mrac.roll.u_nom,0.068747535
10.8185,B,mrac.roll.xm,0.025240472
10.8185,B,mrac.yaw.theta_0,5.7133409e-09
10.8185,B,mrac.yaw.theta_1,0.0015449157
10.8185,B,mrac.yaw.theta_2,0.0019215705
10.8185,B,mrac.yaw.theta_3,0
10.8185,B,mrac.yaw.theta_4,0.080095179
10.8185,B,mrac.yaw.theta_5,0.088196374
10.8185,B,mrac.yaw.u_nom,-0.038614552
10.8185,B,mrac.yaw.xm,-0.13053371
10.8185,B,mrac.z.theta_0,0.016551873
10.8185,B,mrac.z.theta_1,0.0072187041
10.8185,B,mrac.z.theta_2,0.0028901212
10.8185,B,mrac.z.theta_3,0
10.8185,B,mrac.z.theta_4,0.19756134
10.8185,B,mrac.z.theta_5,0.19184449
10.8185,B,mrac.z.u_nom,-0.40251675
10.8185,B,mrac.z.xm,-0.25899053
10.8185,B,path.active_path_mode,0
10.8185,B,path.circle_theta,0
10.8185,B,path.sinusoid_t_elapsed,30.002968
10.8185,B,path.twc_arrived,0
10.8185,B,path.twc_target_x,-10.000002
10.8185,B,path.twc_target_y,-29.999998
10.8185,B,path.twc_target_z,0.60000002
10.8185,B,pid.gyrox.Des,1.4461719
10.8185,B,pid.gyrox.FB,-2.1529
10.8185,B,pid.gyrox.U,80.434616
10.8185,B,pid.gyroy.Des,-6.9077291
10.8185,B,pid.gyroy.FB,17.869368
10.8185,B,pid.gyroy.U,-233.88548
10.8185,B,pid.gyroz.Des,-7.4790273
10.8185,B,pid.gyroz.FB,1.3071377
10.8185,B,pid.gyroz.U,-72.286446
10.8185,B,pid.locx.Des,-10.000002
10.8185,B,pid.locx.FB,-13.362029
10.8185,B,pid.locx.U,4.5833378
10.8185,B,pid.locxs.Des,4.5833378
10.8185,B,pid.locxs.FB,0.95206153
10.8185,B,pid.locxs.U,10.751886
10.8185,B,pid.locy.Des,-29.999998
10.8185,B,pid.locy.FB,-13.75413
10.8185,B,pid.locy.U,-14.886996
10.8185,B,pid.locys.Des,-14.886996
10.8185,B,pid.locys.FB,-3.0155561
10.8185,B,pid.locys.U,-35.46804
10.8185,B,pid.pitch.Des,-2.0606265
10.8185,B,pid.pitch.FB,0.077774651
10.8185,B,pid.pitch.U,-6.9077291
10.8185,B,pid.roll.Des,-0.66109979
10.8185,B,pid.roll.FB,-1.1928289
10.8185,B,pid.roll.U,1.4461719
10.8185,B,pid.yaw.Des,0
10.8185,B,pid.yaw.FB,0.91317123
10.8185,B,pid.yaw.U,-7.4790273
10.8185,B,pid.z_pos.Des,0
10.8185,B,pid.z_pos.FB,0.059986942
10.8185,B,pid.z_pos.U,-0.19199055
10.8185,B,pid.z_rate.Des,-0.25899053
10.8185,B,pid.z_rate.FB,-0.068218745
10.8185,B,pid.z_rate.U,-89.358719
11.0343,A,mrac.pitch.e,0.14538196
11.0343,A,mrac.pitch.u_ad,-0.01492213
11.0343,A,mrac.roll.e,-0.11559182
11.0343,A,mrac.roll.u_ad,0.039204564
11.0343,A,mrac.yaw.e,0.010327056
11.0343,A,mrac.yaw.u_ad,-0.00018283421
11.0343,A,mrac.z.e,0.013640367
11.0343,A,mrac.z.u_ad,0.0070057893
11.0343,A,status.arm,0
11.0343,A,status.flymode,1
11.0343,A,status.rc_authority,1
11.0343,A,status.sbus_lost,0
11.0343,A,status.twc_arrived,0
11.0343,A,status.twc_execute,0
11.0343,B,mrac.pitch.theta_0,0.005356038
11.0343,B,mrac.pitch.theta_1,0.0004702713
11.0343,B,mrac.pitch.theta_2,0.0047977241
11.0343,B,mrac.pitch.theta_3,0.0051226434
11.0343,B,mrac.pitch.theta_4,0.1823772
11.0343,B,mrac.pitch.theta_5,0.14175382
11.0343,B,mrac.pitch.u_nom,0.18520828
11.0343,B,mrac.pitch.xm,0.75010043
11.0343,B,mrac.roll.theta_0,0.039192434
11.0343,B,mrac.roll.theta_1,8.7964931e-05
11.0343,B,mrac.roll.theta_2,0.0032939101
11.0343,B,mrac.roll.theta_3,0.0030386513
11.0343,B,mrac.roll.theta_4,0.12126471
11.0343,B,mrac.roll.theta_5,0.11966915
11.0343,B,mrac.roll.u_nom,0.014865836
11.0343,B,mrac.roll.xm,0.31418875
11.0343,B,mrac.yaw.theta_0,2.3771189e-09
11.0343,B,mrac.yaw.theta_1,0.0015477906
11.0343,B,mrac.yaw.theta_2,0.001920886
11.0343,B,mrac.yaw.theta_3,0
11.0343,B,mrac.yaw.theta_4,0.080136344
11.0343,B,mrac.yaw.theta_5,0.088200063
11.0343,B,mrac.yaw.u_nom,-0.0042455434
11.0343,B,mrac.yaw.xm,-0.00063931692
11.0343,B,mrac.z.theta_0,0.011783331
11.0343,B,mrac.z.theta_1,0.0065522492
11.0343,B,mrac.z.theta_2,0.0028703744
11.0343,B,mrac.z.theta_3,0
11.0343,B,mrac.z.theta_4,0.19783191
11.0343,B,mrac.z.theta_5,0.19219327
11.0343,B,mrac.z.u_nom,-0.037533656
11.0343,B,mrac.z.xm,0
11.0343,B,path.active_path_mode,0
11.0343,B,path.circle_theta,0
11.0343,B,path.sinusoid_t_elapsed,30.002968
11.0343,B,path.twc_arrived,0
11.0343,B,path.twc_target_x,-10.000002
11.0343,B,path.twc_target_y,-29.999998
11.0343,B,path.twc_target_z,0.60000002
11.0343,B,pid.gyrox.Des,18.001682
11.0343,B,pid.gyrox.FB,-1.9730014
11.0343,B,pid.gyrox.U,17.393028
11.0343,B,pid.gyroy.Des,42.97757
11.0343,B,pid.gyroy.FB,0.76946211
11.0343,B,pid.gyroy.U,216.69368
11.0343,B,pid.gyroz.Des,-0.036630146
11.0343,B,pid.gyroz.FB,0.9570871
11.0343,B,pid.gyroz.U,-7.9476571
11.0343,B,pid.locx.Des,-12.43315
11.0343,B,pid.locx.FB,-12.43315
11.0343,B,pid.locx.U,-7.9179244
11.0343,B,pid.locxs.Des,-7.9179244
11.0343,B,pid.locxs.FB,0.96705401
11.0343,B,pid.locxs.U,-91.294037
11.0343,B,pid.locy.Des,-14.449244
11.0343,B,pid.locy.FB,-14.449244
11.0343,B,pid.locy.U,48.008232
11.0343,B,pid.locys.Des,48.008232
11.0343,B,pid.locys.FB,-2.0161366
11.0343,B,pid.locys.U,250.0728
11.0343,B,pid.pitch.Des,14.221457
11.0343,B,pid.pitch.FB,-0.16876541
11.0343,B,pid.pitch.U,42.97757
11.0343,B,pid.roll.Des,5.5553803
11.0343,B,pid.roll.FB,-0.3397167
11.0343,B,pid.roll.U,18.001682
11.0343,B,pid.yaw.Des,0.9400205
11.0343,B,pid.yaw.FB,0.9400205
11.0343,B,pid.yaw.U,-0.036630146
11.0343,B,pid.z_pos.Des,0.089998022
11.0343,B,pid.z_pos.FB,0.089998022
11.0343,B,pid.z_pos.U,0.0089998059
11.0343,B,pid.z_rate.Des,0
11.0343,B,pid.z_rate.FB,0.020808551
11.0343,B,pid.z_rate.U,-8.3324718
11.2348,A,mrac.pitch.e,-0.22033446
11.2348,A,mrac.pitch.u_ad,0.020787226
11.2348,A,mrac.roll.e,0.30321512
11.2348,A,mrac.roll.u_ad,0.01490669
11.2348,A,mrac.yaw.e,0.096349061
11.2348,A,mrac.yaw.u_ad,-0.0019505607
11.2348,A,mrac.z.e,-0.39993578
11.2348,A,mrac.z.u_ad,0.19016559
11.2348,A,status.arm,0
11.2348,A,status.flymode,1
11.2348,A,status.rc_authority,1
11.2348,A,status.sbus_lost,0
11.2348,A,status.twc_arrived,0
11.2348,A,status.twc_execute,0
11.2348,B,mrac.pitch.theta_0,0.0076830504
11.2348,B,mrac.pitch.theta_1,0.0003577178
11.2348,B,mrac.pitch.theta_2,0.0047369134
11.2348,B,mrac.pitch.theta_3,0.0051375418
11.2348,B,mrac.pitch.theta_4,0.18251495
11.2348,B,mrac.pitch.theta_5,0.14175801
11.2348,B,mrac.pitch.u_nom,0.026353311
11.2348,B,mrac.pitch.xm,-0.032965403
11.2348,B,mrac.roll.theta_0,0.046745252
11.2348,B,mrac.roll.theta_1,8.33136e-05
11.2348,B,mrac.roll.theta_2,0.0032168759
11.2348,B,mrac.roll.theta_3,0.0030577104
11.2348,B,mrac.roll.theta_4,0.12149753
11.2348,B,mrac.roll.theta_5,0.11972402
11.2348,B,mrac.roll.u_nom,-0.25641027
11.2348,B,mrac.roll.xm,-0.035378963
11.2348,B,mrac.yaw.theta_0,1.9885056e-09
11.2348,B,mrac.yaw.theta_1,0.0015414743
11.2348,B,mrac.yaw.theta_2,0.0019202251
11.2348,B,mrac.yaw.theta_3,0
11.2348,B,mrac.yaw.theta_4,0.080137737
11.2348,B,mrac.yaw.theta_5,0.088194974
11.2348,B,mrac.yaw.u_nom,-0.01792529
11.2348,B,mrac.yaw.xm,5.6462617e-05
11.2348,B,mrac.z.theta_0,0.037873324
11.2348,B,mrac.z.theta_1,0.0055996059
11.2348,B,mrac.z.theta_2,0.0032084226
11.2348,B,mrac.z.theta_3,0
11.2348,B,mrac.z.theta_4,0.19792423
11.2348,B,mrac.z.theta_5,0.19217609
11.2348,B,mrac.z.u_nom,1.3513514
11.2348,B,mrac.z.xm,0
11.2348,B,path.active_path_mode,0
11.2348,B,path.circle_theta,0
11.2348,B,path.sinusoid_t_elapsed,30.002968
11.2348,B,path.twc_arrived,0
11.2348,B,path.twc_target_x,-10.000002
11.2348,B,path.twc_target_y,-29.999998
11.2348,B,path.twc_target_z,0.60000002
11.2348,B,pid.gyrox.Des,-2.0270643
11.2348,B,pid.gyrox.FB,50.816273
11.2348,B,pid.gyrox.U,-300
11.2348,B,pid.gyroy.Des,-1.8887777
11.2348,B,pid.gyroy.FB,5.5662332
11.2348,B,pid.gyroy.U,30.833374
11.2348,B,pid.gyroz.Des,0.0032350684
11.2348,B,pid.gyroz.FB,4.181972
11.2348,B,pid.gyroz.U,-33.556145
11.2348,B,pid.locx.Des,-12.343178
11.2348,B,pid.locx.FB,-12.343178
11.2348,B,pid.locx.U,1.999711
11.2348,B,pid.locxs.Des,1.999711
11.2348,B,pid.locxs.FB,-0.045507155
11.2348,B,pid.locxs.U,6.1298122
11.2348,B,pid.locy.Des,-14.97583
11.2348,B,pid.locy.FB,-14.97583
11.2348,B,pid.locy.U,-1.9851892
11.2348,B,pid.locys.Des,-1.9851892
11.2348,B,pid.locys.FB,-1.9994822
11.2348,B,pid.locys.U,-0.076083899
11.2348,B,pid.pitch.Des,0.0037043542
11.2348,B,pid.pitch.FB,1.4065684
11.2348,B,pid.pitch.U,-1.8887777
11.2348,B,pid.roll.Des,-0.35803303
11.2348,B,pid.roll.FB,-0.90298921
11.2348,B,pid.roll.U,-2.0270643
11.2348,B,pid.yaw.Des,1.3037975
11.2348,B,pid.yaw.FB,1.3037975
11.2348,B,pid.yaw.U,0.0032350684
11.2348,B,pid.z_pos.Des,0.0099957446
11.2348,B,pid.z_pos.FB,0.0099957446
11.2348,B,pid.z_pos.U,0
11.2348,B,pid.z_rate.Des,0
11.2348,B,pid.z_rate.FB,-0.83619738
11.2348,B,pid.z_rate.U,300
11.4522,A,mrac.pitch.e,-0.022320591
11.4522,A,mrac.pitch.u_ad,0.018276032
11.4522,A,mrac.roll.e,-0.19650558
11.4522,A,mrac.roll.u_ad,0.053709429
11.4522,A,mrac.yaw.e,-0.09106186
11.4522,A,mrac.yaw.u_ad,0.0023803019
11.4522,A,mrac.z.e,-0.029291753
11.4522,A,mrac.z.u_ad,0.072421633
11.4522,A,status.arm,0
11.4522,A,status.flymode,1
11.4522,A,status.rc_authority,1
11.4522,A,status.sbus_lost,0
11.4522,A,status.twc_arrived,0
11.4522,A,status.twc_execute,0
11.4522,B,mrac.pitch.theta_0,0.02795298
11.4522,B,mrac.pitch.theta_1,0.00030559013
11.4522,B,mrac.pitch.theta_2,0.004873056
11.4522,B,mrac.pitch.theta_3,0.0051419218
11.4522,B,mrac.pitch.theta_4,0.18260121
11.4522,B,mrac.pitch.theta_5,0.14175496
11.4522,B,mrac.pitch.u_nom,-0.09154696
11.4522,B,mrac.pitch.xm,-0.055117019
11.4522,B,mrac.roll.theta_0,0.022595026
11.4522,B,mrac.roll.theta_1,7.8290919e-05
11.4522,B,mrac.roll.theta_2,0.0033525899
11.4522,B,mrac.roll.theta_3,0.0030804605
11.4522,B,mrac.roll.theta_4,0.12193552
11.4522,B,mrac.roll.theta_5,0.11998136
11.4522,B,mrac.roll.u_nom,-0.016714718
11.4522,B,mrac.roll.xm,0.065130413
11.4522,B,mrac.yaw.theta_0,8.0207436e-05
11.4522,B,mrac.yaw.theta_1,0.0014680807
11.4522,B,mrac.yaw.theta_2,0.0018950377
11.4522,B,mrac.yaw.theta_3,0
11.4522,B,mrac.yaw.theta_4,0.080200702
11.4522,B,mrac.yaw.theta_5,0.088184282
11.4522,B,mrac.yaw.u_nom,-0.02859145
11.4522,B,mrac.yaw.xm,-0.0053444323
11.4522,B,mrac.z.theta_0,0.058904748
11.4522,B,mrac.z.theta_1,0.0050638202
11.4522,B,mrac.z.theta_2,0.0033913166
11.4522,B,mrac.z.theta_3,0
11.4522,B,mrac.z.theta_4,0.19797856
11.4522,B,mrac.z.theta_5,0.19215743
11.4522,B,mrac.z.u_nom,0.2305654
11.4522,B,mrac.z.xm,0
11.4522,B,path.active_path_mode,0
11.4522,B,path.circle_theta,0
11.4522,B,path.sinusoid_t_elapsed,30.002968
11.4522,B,path.twc_arrived,0
11.4522,B,path.twc_target_x,-10.000002
11.4522,B,path.twc_target_y,-29.999998
11.4522,B,path.twc_target_z,0.60000002
11.4522,B,pid.gyrox.Des,3.7316961
11.4522,B,pid.gyrox.FB,-0.12557474
11.4522,B,pid.gyrox.U,-19.556221
11.4522,B,pid.gyroy.Des,-3.1579711
11.4522,B,pid.gyroy.FB,5.4562631
11.4522,B,pid.gyroy.U,-107.10994
11.4522,B,pid.gyroz.Des,-0.30621329
11.4522,B,pid.gyroz.FB,6.3991089
11.4522,B,pid.gyroz.U,-53.523193
11.4522,B,pid.locx.Des,-13.620675
11.4522,B,pid.locx.FB,-13.620675
11.4522,B,pid.locx.U,2.041677
11.4522,B,pid.locxs.Des,2.041677
11.4522,B,pid.locxs.FB,-4.0909667
11.4522,B,pid.locxs.U,-24.582069
11.4522,B,pid.locy.Des,-16.401394
11.4522,B,pid.locy.FB,-16.401394
11.4522,B,pid.locy.U,-1.9646026
11.4522,B,pid.locys.Des,-1.9646026
11.4522,B,pid.locys.FB,-1.8066514
11.4522,B,pid.locys.U,-22.677725
11.4522,B,pid.pitch.Des,-1.3917718
11.4522,B,pid.pitch.FB,-0.28776285
11.4522,B,pid.pitch.U,-3.1579711
11.4522,B,pid.roll.Des,1.3710121
11.4522,B,pid.roll.FB,-0.093086891
11.4522,B,pid.roll.U,3.7316961
11.4522,B,pid.yaw.Des,2.7378581
11.4522,B,pid.yaw.FB,2.7378581
11.4522,B,pid.yaw.U,-0.30621329
11.4522,B,pid.z_pos.Des,0.0099998601
11.4522,B,pid.z_pos.FB,0.0099998601
11.4522,B,pid.z_pos.U,0
11.4522,B,pid.z_rate.Des,0
11.4522,B,pid.z_rate.FB,-0.1279638
11.4522,B,pid.z_rate.U,51.18552
11.6682,A,mrac.pitch.e,0.0021179337
11.6682,A,mrac.pitch.u_ad,0.020053137
11.6682,A,mrac.roll.e,-0.029832445
11.6682,A,mrac.roll.u_ad,0.042765036
11.6682,A,mrac.yaw.e,-0.027060946
11.6682,A,mrac.yaw.u_ad,0.0041768113
11.6682,A,mrac.z.e,-0.00023495062
11.6682,A,mrac.z.u_ad,0.062189251
11.6682,A,status.arm,0
11.6682,A,status.flymode,1
11.6682,A,status.rc_authority,1
11.6682,A,status.sbus_lost,0
11.6682,A,status.twc_arrived,0
11.6682,A,status.twc_execute,0
11.6683,B,mrac.pitch.theta_0,0.023044214
11.6683,B,mrac.pitch.theta_1,0.00029885265
11.6683,B,mrac.pitch.theta_2,0.0048666121
11.6683,B,mrac.pitch.theta_3,0.0051467181
11.6683,B,mrac.pitch.theta_4,0.18260698
11.6683,B,mrac.pitch.theta_5,0.14174725
11.6683,B,mrac.pitch.u_nom,-0.061443206
11.6683,B,mrac.pitch.xm,-0.025174484
11.6683,B,mrac.roll.theta_0,0.034423959
11.6683,B,mrac.roll.theta_1,7.8978082e-05
11.6683,B,mrac.roll.theta_2,0.0034296913
11.6683,B,mrac.roll.theta_3,0.0030857464
11.6683,B,mrac.roll.theta_4,0.12207897
11.6683,B,mrac.roll.theta_5,0.12007422
11.6683,B,mrac.roll.u_nom,0.0019707126
11.6683,B,mrac.roll.xm,0.002081384
11.6683,B,mrac.yaw.theta_0,0.0039760331
11.6683,B,mrac.yaw.theta_1,0.0014485182
11.6683,B,mrac.yaw.theta_2,0.0018957847
11.6683,B,mrac.yaw.theta_3,0
11.6683,B,mrac.yaw.theta_4,0.080211908
11.6683,B,mrac.yaw.theta_5,0.088174738
11.6683,B,mrac.yaw.u_nom,-0.027676294
11.6683,B,mrac.yaw.xm,-0.0027272212
11.6683,B,mrac.z.theta_0,0.062106535
11.6683,B,mrac.z.theta_1,0.0050456743
11.6683,B,mrac.z.theta_2,0.0033925176
11.6683,B,mrac.z.theta_3,0
11.6683,B,mrac.z.theta_4,0.1979733
11.6683,B,mrac.z.theta_5,0.19214985
11.6683,B,mrac.z.u_nom,0.0011759544
11.6683,B,mrac.z.xm,0
11.6683,B,path.active_path_mode,0
11.6683,B,path.circle_theta,0
11.6683,B,path.sinusoid_t_elapsed,30.002968
11.6683,B,path.twc_arrived,0
11.6683,B,path.twc_target_x,-10.000002
11.6683,B,path.twc_target_y,-29.999998
11.6683,B,path.twc_target_z,0.60000002
11.6683,B,pid.gyrox.Des,0.11925447
11.6683,B,pid.gyrox.FB,-1.6105579
11.6683,B,pid.gyrox.U,2.3057337
11.6683,B,pid.gyroy.Des,-1.442391
11.6683,B,pid.gyroy.FB,2.752522
11.6683,B,pid.gyroy.U,-71.88855
11.6683,B,pid.gyroz.Des,-0.1562582
11.6683,B,pid.gyroz.FB,6.3136692
11.6683,B,pid.gyroz.U,-51.81002
11.6683,B,pid.locx.Des,-13.695044
11.6683,B,pid.locx.FB,-13.695044
11.6683,B,pid.locx.U,2.0040281
11.6683,B,pid.locxs.Des,2.0040281
11.6683,B,pid.locxs.FB,-1.9979222
11.6683,B,pid.locxs.U,12.126134
11.6683,B,pid.locy.Des,-16.703556
11.6683,B,pid.locy.FB,-16.703556
11.6683,B,pid.locy.U,-1.9846233
11.6683,B,pid.locys.Des,-1.9846233
11.6683,B,pid.locys.FB,0.091142043
11.6683,B,pid.locys.U,-6.2312827
11.6683,B,pid.pitch.Des,-0.33136919
11.6683,B,pid.pitch.FB,0.12841712
11.6683,B,pid.pitch.U,-1.442391
11.6683,B,pid.roll.Des,-0.72428936
11.6683,B,pid.roll.FB,-0.75225836
11.6683,B,pid.roll.U,0.11925447
11.6683,B,pid.yaw.Des,2.6119337
11.6683,B,pid.yaw.FB,2.6119337
11.6683,B,pid.yaw.U,-0.1562582
11.6683,B,pid.z_pos.Des,0.0099991132
11.6683,B,pid.z_pos.FB,0.0099991132
11.6683,B,pid.z_pos.U,0
11.6683,B,pid.z_rate.Des,0
11.6683,B,pid.z_rate.FB,-0.00065194571
11.6683,B,pid.z_rate.U,0.26106188
11.8852,A,mrac.pitch.e,0.03834096
11.8852,A,mrac.pitch.u_ad,0.018675152
11.8852,A,mrac.roll.e,-0.072258294
11.8852,A,mrac.roll.u_ad,0.047487617
11.8852,A,mrac.yaw.e,0.03768215
11.8852,A,mrac.yaw.u_ad,0.0040915152
11.8852,A,mrac.z.e,-0.06922628
11.8852,A,mrac.z.u_ad,0.087863773
11.8852,A,status.arm,0
11.8852,A,status.flymode,1
11.8852,A,status.rc_authority,1
11.8852,A,status.sbus_lost,0
11.8852,A,status.twc_arrived,0
11.8852,A,status.twc_execute,0
11.8852,B,mrac.pitch.theta_0,0.022466717
11.8852,B,mrac.pitch.theta_1,0.00029835282
11.8852,B,mrac.pitch.theta_2,0.004866546
11.8852,B,mrac.pitch.theta_3,0.0051466231
11.8852,B,mrac.pitch.theta_4,0.18260475
11.8852,B,mrac.pitch.theta_5,0.14174497
11.8852,B,mrac.pitch.u_nom,-0.0014566446
11.8852,B,mrac.pitch.xm,-0.019293308
11.8852,B,mrac.roll.theta_0,0.039459422
11.8852,B,mrac.roll.theta_1,7.8469937e-05
11.8852,B,mrac.roll.theta_2,0.0034303162
11.8852,B,mrac.roll.theta_3,0.0030857949
11.8852,B,mrac.roll.theta_4,0.12209604
11.8852,B,mrac.roll.theta_5,0.12010079
11.8852,B,mrac.roll.u_nom,0.0079437066
11.8852,B,mrac.roll.xm,0.030934585
11.8852,B,mrac.yaw.theta_0,0.0048452974
11.8852,B,mrac.yaw.theta_1,0.0014393638
11.8852,B,mrac.yaw.theta_2,0.0018954744
11.8852,B,mrac.yaw.theta_3,0
11.8852,B,mrac.yaw.theta_4,0.080214933
11.8852,B,mrac.yaw.theta_5,0.088167779
11.8852,B,mrac.yaw.u_nom,0.0013601145
11.8852,B,mrac.yaw.xm,0.00035531359
11.8852,B,mrac.z.theta_0,0.061874978
11.8852,B,mrac.z.theta_1,0.0049771084
11.8852,B,mrac.z.theta_2,0.0033913734
11.8852,B,mrac.z.theta_3,0
11.8852,B,mrac.z.theta_4,0.19797076
11.8852,B,mrac.z.theta_5,0.19213781
11.8852,B,mrac.z.u_nom,0.19010513
11.8852,B,mrac.z.xm,0
11.8852,B,path.active_path_mode,0
11.8852,B,path.circle_theta,0
11.8852,B,path.sinusoid_t_elapsed,30.002968
11.8852,B,path.twc_arrived,0
11.8852,B,path.twc_target_x,-10.000002
11.8852,B,path.twc_target_y,-29.999998
11.8852,B,path.twc_target_z,0.60000002
11.8852,B,pid.gyrox.Des,1.7724204
11.8852,B,pid.gyrox.FB,-0.82762843
11.8852,B,pid.gyrox.U,9.294137
11.8852,B,pid.gyroy.Des,-1.1054246
11.8852,B,pid.gyroy.FB,0.50041831
11.8852,B,pid.gyroy.U,-1.7042742
11.8852,B,pid.gyroz.Des,0.020357961
11.8852,B,pid.gyroz.FB,-0.29717851
11.8852,B,pid.gyroz.U,2.5461345
11.8852,B,pid.locx.Des,-13.760643
11.8852,B,pid.locx.FB,-13.760643
11.8852,B,pid.locx.U,2
11.8852,B,pid.locxs.Des,2
11.8852,B,pid.locxs.FB,0
11.8852,B,pid.locxs.U,6
11.8852,B,pid.locy.Des,-16.820524
11.8852,B,pid.locy.FB,-16.820524
11.8852,B,pid.locy.U,-1.987846
11.8852,B,pid.locys.Des,-1.987846
11.8852,B,pid.locys.FB,0
11.8852,B,pid.locys.U,-5.9635382
11.8852,B,pid.pitch.Des,-0.33075616
11.8852,B,pid.pitch.FB,0.038256619
11.8852,B,pid.pitch.U,-1.1054246
11.8852,B,pid.roll.Des,-0.36722079
11.8852,B,pid.roll.FB,-0.926247
11.8852,B,pid.roll.U,1.7724204
11.8852,B,pid.yaw.Des,2.8123364
11.8852,B,pid.yaw.FB,2.8123364
11.8852,B,pid.yaw.U,0.020357961
11.8852,B,pid.z_pos.Des,0.0099986903
11.8852,B,pid.z_pos.FB,0.0099986903
11.8852,B,pid.z_pos.U,0
11.8852,B,pid.z_rate.Des,0
11.8852,B,pid.z_rate.FB,-0.10550835
11.8852,B,pid.z_rate.U,42.203339
12.0852,A,mrac.pitch.e,0.019019829
12.0852,A,mrac.pitch.u_ad,0.019460281
12.0852,A,mrac.roll.e,-0.0092198448
12.0852,A,mrac.roll.u_ad,0.044177018
12.0852,A,mrac.yaw.e,0.0025932167
12.0852,A,mrac.yaw.u_ad,0.0050068297
12.0852,A,mrac.z.e,-0.0010250136
12.0852,A,mrac.z.u_ad,0.064661562
12.0852,A,status.arm,0
12.0852,A,status.flymode,1
12.0852,A,status.rc_authority,1
12.0852,A,status.sbus_lost,0
12.0852,A,status.twc_arrived,0
12.0852,A,status.twc_execute,0
12.0852,B,mrac.pitch.theta_0,0.022466717
12.0852,B,mrac.pitch.theta_1,0.00029835282
12.0852,B,mrac.pitch.theta_2,0.004866546
12.0852,B,mrac.pitch.theta_3,0.0051466231
12.0852,B,mrac.pitch.theta_4,0.18260475
12.0852,B,mrac.pitch.theta_5,0.14174497
12.0852,B,mrac.pitch.u_nom,0.0052204998
12.0852,B,mrac.pitch.xm,-0.018069768
12.0852,B,mrac.roll.theta_0,0.04108626
12.0852,B,mrac.roll.theta_1,7.8803678e-05
12.0852,B,mrac.roll.theta_2,0.0034302964
12.0852,B,mrac.roll.theta_3,0.0030857674
12.0852,B,mrac.roll.theta_4,0.12209894
12.0852,B,mrac.roll.theta_5,0.12010704
12.0852,B,mrac.roll.u_nom,0.034043159
12.0852,B,mrac.roll.xm,0.030013114
12.0852,B,mrac.yaw.theta_0,0.0049497378
12.0852,B,mrac.yaw.theta_1,0.0014389452
12.0852,B,mrac.yaw.theta_2,0.0018954753
12.0852,B,mrac.yaw.theta_3,0
12.0852,B,mrac.yaw.theta_4,0.080214843
12.0852,B,mrac.yaw.theta_5,0.088167213
12.0852,B,mrac.yaw.u_nom,0.001418652
12.0852,B,mrac.yaw.xm,0.00047969975
12.0852,B,mrac.z.theta_0,0.064300634
12.0852,B,mrac.z.theta_1,0.0049654492
12.0852,B,mrac.z.theta_2,0.0033920074
12.0852,B,mrac.z.theta_3,0
12.0852,B,mrac.z.theta_4,0.19796558
12.0852,B,mrac.z.theta_5,0.19213116
12.0852,B,mrac.z.u_nom,0.0052950424
12.0852,B,mrac.z.xm,0
12.0852,B,path.active_path_mode,0
12.0852,B,path.circle_theta,0
12.0852,B,path.sinusoid_t_elapsed,30.002968
12.0852,B,path.twc_arrived,0
12.0852,B,path.twc_target_x,-10.000002
12.0852,B,path.twc_target_y,-29.999998
12.0852,B,path.twc_target_z,0.60000002
12.0852,B,pid.gyrox.Des,1.719624
12.0852,B,pid.gyrox.FB,-0.7953952
12.0852,B,pid.gyrox.U,39.830498
12.0852,B,pid.gyroy.Des,-1.035321
12.0852,B,pid.gyroy.FB,-1.1648293
12.0852,B,pid.gyroy.U,6.1079845
12.0852,B,pid.gyroz.Des,0.02748476
12.0852,B,pid.gyroz.FB,-0.30765983
12.0852,B,pid.gyroz.U,2.6557167
12.0852,B,pid.locx.Des,-13.820564
12.0852,B,pid.locx.FB,-13.820564
12.0852,B,pid.locx.U,2
12.0852,B,pid.locxs.Des,2
12.0852,B,pid.locxs.FB,0
12.0852,B,pid.locxs.U,6
12.0852,B,pid.locy.Des,-16.817554
12.0852,B,pid.locy.FB,-16.817554
12.0852,B,pid.locy.U,-1.9878607
12.0852,B,pid.locys.Des,-1.9878607
12.0852,B,pid.locys.FB,0
12.0852,B,pid.locys.U,-5.963582
12.0852,B,pid.pitch.Des,-0.33059013
12.0852,B,pid.pitch.FB,0.028371762
12.0852,B,pid.pitch.U,-1.035321
12.0852,B,pid.roll.Des,-0.36737311
12.0852,B,pid.roll.FB,-0.92213959
12.0852,B,pid.roll.U,1.719624
12.0852,B,pid.yaw.Des,2.838702
12.0852,B,pid.yaw.FB,2.838702
12.0852,B,pid.yaw.U,0.02748476
12.0852,B,pid.z_pos.Des,0.0099987034
12.0852,B,pid.z_pos.FB,0.0099987034
12.0852,B,pid.z_pos.U,0
12.0852,B,pid.z_rate.Des,0
12.0852,B,pid.z_rate.FB,-0.0029355562
12.0852,B,pid.z_rate.U,1.1754994
12.2856,A,mrac.pitch.e,0.010806633
12.2856,A,mrac.pitch.u_ad,0.017939677
12.2856,A,mrac.roll.e,-0.014832871
12.2856,A,mrac.roll.u_ad,0.045074679
12.2856,A,mrac.yaw.e,0.020442452
12.2856,A,mrac.yaw.u_ad,0.0050853724
12.2856,A,mrac.z.e,-2.3118746e-05
12.2856,A,mrac.z.u_ad,0.064308777
12.2856,A,status.arm,0
12.2856,A,status.flymode,1
12.2856,A,status.rc_authority,1
12.2856,A,status.sbus_lost,0
12.2856,A,status.twc_arrived,0
12.2856,A,status.twc_execute,0
12.2856,B,mrac.pitch.theta_0,0.022322085
12.2856,B,mrac.pitch.theta_1,0.00029832727
12.2856,B,mrac.pitch.theta_2,0.0048665325
12.2856,B,mrac.pitch.theta_3,0.0051466189
12.2856,B,mrac.pitch.theta_4,0.18260425
12.2856,B,mrac.pitch.theta_5,0.1417446
12.2856,B,mrac.pitch.u_nom,-0.016325805
12.2856,B,mrac.pitch.xm,-0.019091001
12.2856,B,mrac.roll.theta_0,0.042261954
12.2856,B,mrac.roll.theta_1,7.9224083e-05
12.2856,B,mrac.roll.theta_2,0.0034302871
12.2856,B,mrac.roll.theta_3,0.0030857418
12.2856,B,mrac.roll.theta_4,0.12209909
12.2856,B,mrac.roll.theta_5,0.12010847
12.2856,B,mrac.roll.u_nom,0.0073077716
12.2856,B,mrac.roll.xm,0.021366009
12.2856,B,mrac.yaw.theta_0,0.0055052824
12.2856,B,mrac.yaw.theta_1,0.0014379009
12.2856,B,mrac.yaw.theta_2,0.0018955516
12.2856,B,mrac.yaw.theta_3,0
12.2856,B,mrac.yaw.theta_4,0.080214612
12.2856,B,mrac.yaw.theta_5,0.088165812
12.2856,B,mrac.yaw.u_nom,0.0057313652
12.2856,B,mrac.yaw.xm,0.00090189389
12.2856,B,mrac.z.theta_0,0.064300634
12.2856,B,mrac.z.theta_1,0.0049654492
12.2856,B,mrac.z.theta_2,0.0033920074
12.2856,B,mrac.z.theta_3,0
12.2856,B,mrac.z.theta_4,0.19796558
12.2856,B,mrac.z.theta_5,0.19213116
12.2856,B,mrac.z.u_nom,0.0001644671
12.2856,B,mrac.z.xm,0
12.2856,B,path.active_path_mode,0
12.2856,B,path.circle_theta,0
12.2856,B,path.sinusoid_t_elapsed,30.002968
12.2856,B,path.twc_arrived,0
12.2856,B,path.twc_target_x,-10.000002
12.2856,B,path.twc_target_y,-29.999998
12.2856,B,path.twc_target_z,0.60000002
12.2856,B,pid.gyrox.Des,1.2241817
12.2856,B,pid.gyrox.FB,-0.38754344
12.2856,B,pid.gyrox.U,8.5500927
12.2856,B,pid.gyroy.Des,-1.0938333
12.2856,B,pid.gyroy.FB,0.36110342
12.2856,B,pid.gyroy.U,-19.101192
12.2856,B,pid.gyroz.Des,0.05167469
12.2856,B,pid.gyroz.FB,-1.2914808
12.2856,B,pid.gyroz.U,10.729115
12.2856,B,pid.locx.Des,-13.90046
12.2856,B,pid.locx.FB,-13.90046
12.2856,B,pid.locx.U,2
12.2856,B,pid.locxs.Des,2
12.2856,B,pid.locxs.FB,-0.99879628
12.2856,B,pid.locxs.U,8.9965019
12.2856,B,pid.locy.Des,-16.813564
12.2856,B,pid.locy.FB,-16.813564
12.2856,B,pid.locy.U,-1.9878802
12.2856,B,pid.locys.Des,-1.9878802
12.2856,B,pid.locys.FB,0.049050555
12.2856,B,pid.locys.U,-6.1085062
12.2856,B,pid.pitch.Des,-0.33063412
12.2856,B,pid.pitch.FB,0.040154658
12.2856,B,pid.pitch.U,-1.0938333
12.2856,B,pid.roll.Des,-0.5424816
12.2856,B,pid.roll.FB,-0.92178887
12.2856,B,pid.roll.U,1.2241817
12.2856,B,pid.yaw.Des,2.8115201
12.2856,B,pid.yaw.FB,2.8115201
12.2856,B,pid.yaw.U,0.05167469
12.2856,B,pid.z_pos.Des,0.0099987034
12.2856,B,pid.z_pos.FB,0.0099987034
12.2856,B,pid.z_pos.U,0
12.2856,B,pid.z_rate.Des,0
12.2856,B,pid.z_rate.FB,-9.1180082e-05
12.2856,B,pid.z_rate.U,0.036511697
12.5024,A,mrac.pitch.e,-0.0074695796
12.5024,A,mrac.pitch.u_ad,0.024261989
12.5024,A,mrac.roll.e,-0.0064515681
12.5024,A,mrac.roll.u_ad,0.043903857
12.5024,A,mrac.yaw.e,-0.053728227
12.5024,A,mrac.yaw.u_ad,0.0069061164
12.5024,A,mrac.z.e,1.5709345e-06
12.5024,A,mrac.z.u_ad,0.064300083
12.5024,A,status.arm,0
12.5024,A,status.flymode,1
12.5024,A,status.rc_authority,1
12.5024,A,status.sbus_lost,0
12.5024,A,status.twc_arrived,0
12.5024,A,status.twc_execute,0
12.5025,B,mrac.pitch.theta_0,0.022322085
12.5025,B,mrac.pitch.theta_1,0.00029832727
12.5025,B,mrac.pitch.theta_2,0.0048665325
12.5025,B,mrac.pitch.theta_3,0.0051466189
12.5025,B,mrac.pitch.theta_4,0.18260425
12.5025,B,mrac.pitch.theta_5,0.1417446
12.5025,B,mrac.pitch.u_nom,-0.0092720799
12.5025,B,mrac.pitch.xm,-0.016440712
12.5025,B,mrac.roll.theta_0,0.042789627
12.5025,B,mrac.roll.theta_1,8.001786e-05
12.5025,B,mrac.roll.theta_2,0.003430279
12.5025,B,mrac.roll.theta_3,0.0030857143
12.5025,B,mrac.roll.theta_4,0.12210108
12.5025,B,mrac.roll.theta_5,0.12011175
12.5025,B,mrac.roll.u_nom,-0.025306895
12.5025,B,mrac.roll.xm,0.013136122
12.5025,B,mrac.yaw.theta_0,0.0056642545
12.5025,B,mrac.yaw.theta_1,0.0014376586
12.5025,B,mrac.yaw.theta_2,0.0018955793
12.5025,B,mrac.yaw.theta_3,0
12.5025,B,mrac.yaw.theta_4,0.080214597
12.5025,B,mrac.yaw.theta_5,0.088165522
12.5025,B,mrac.yaw.u_nom,0.0018668625
12.5025,B,mrac.yaw.xm,-7.69088e-05
12.5025,B,mrac.z.theta_0,0.064300634
12.5025,B,mrac.z.theta_1,0.0049654492
12.5025,B,mrac.z.theta_2,0.0033920074
12.5025,B,mrac.z.theta_3,0
12.5025,B,mrac.z.theta_4,0.19796558
12.5025,B,mrac.z.theta_5,0.19213116
12.5025,B,mrac.z.u_nom,-6.6479697e-07
12.5025,B,mrac.z.xm,0
12.5025,B,path.active_path_mode,0
12.5025,B,path.circle_theta,0
12.5025,B,path.sinusoid_t_elapsed,30.002968
12.5025,B,path.twc_arrived,0
12.5025,B,path.twc_target_x,-10.000002
12.5025,B,path.twc_target_y,-29.999998
12.5025,B,path.twc_target_z,0.60000002
12.5025,B,pid.gyrox.Des,0.75264406
12.5025,B,pid.gyrox.FB,2.2184677
12.5025,B,pid.gyrox.U,-29.609068
12.5025,B,pid.gyroy.Des,-0.94198304
12.5025,B,pid.gyroy.FB,1.2872277
12.5025,B,pid.gyroy.U,-10.848333
12.5025,B,pid.gyroz.Des,-0.0044065476
12.5025,B,pid.gyroz.FB,-0.43755156
12.5025,B,pid.gyroz.U,3.4947667
12.5025,B,pid.locx.Des,-13.995347
12.5025,B,pid.locx.FB,-13.995347
12.5025,B,pid.locx.U,2.023973
12.5025,B,pid.locxs.Des,2.023973
12.5025,B,pid.locxs.FB,-0.99885774
12.5025,B,pid.locxs.U,9.2122974
12.5025,B,pid.locy.Des,-16.808918
12.5025,B,pid.locy.FB,-16.808918
12.5025,B,pid.locy.U,-1.9890491
12.5025,B,pid.locys.Des,-1.9890491
12.5025,B,pid.locys.FB,0.047783539
12.5025,B,pid.locys.U,-6.1180663
12.5025,B,pid.pitch.Des,-0.33128333
12.5025,B,pid.pitch.FB,-0.042607121
12.5025,B,pid.pitch.U,-0.94198304
12.5025,B,pid.roll.Des,-0.55468076
12.5025,B,pid.roll.FB,-0.85495847
12.5025,B,pid.roll.U,0.75264406
12.5025,B,pid.yaw.Des,2.7388401
12.5025,B,pid.yaw.FB,2.7388401
12.5025,B,pid.yaw.U,-0.0044065476
12.5025,B,pid.z_pos.Des,0.0099988831
12.5025,B,pid.z_pos.FB,0.0099988831
12.5025,B,pid.z_pos.U,0
12.5025,B,pid.z_rate.Des,0
12.5025,B,pid.z_rate.FB,3.6856153e-07
12.5025,B,pid.z_rate.U,-0.00014758493
12.7038,A,mrac.pitch.e,0.028296091
12.7038,A,mrac.pitch.u_ad,0.016885145
12.7038,A,mrac.roll.e,-0.0025516129
12.7038,A,mrac.roll.u_ad,0.044093974
12.7038,A,mrac.yaw.e,0.028570771
12.7038,A,mrac.yaw.u_ad,0.0059224162
12.7038,A,mrac.z.e,7.4324203e-07
12.7038,A,mrac.z.u_ad,0.064300366
12.7038,A,status.arm,0
12.7038,A,status.flymode,1
12.7038,A,status.rc_authority,1
12.7038,A,status.sbus_lost,0
12.7038,A,status.twc_arrived,0
12.7038,A,status.twc_execute,0
12.7039,B,mrac.pitch.theta_0,0.022159385
12.7039,B,mrac.pitch.theta_1,0.00029828929
12.7039,B,mrac.pitch.theta_2,0.0048665125
12.7039,B,mrac.pitch.theta_3,0.0051466106
12.7039,B,mrac.pitch.theta_4,0.18260385
12.7039,B,mrac.pitch.theta_5,0.14174421
12.7039,B,mrac.pitch.u_nom,-0.0045351377
12.7039,B,mrac.pitch.xm,-0.013983561
12.7039,B,mrac.roll.theta_0,0.043009985
12.7039,B,mrac.roll.theta_1,8.1025188e-05
12.7039,B,mrac.roll.theta_2,0.0034302657
12.7039,B,mrac.roll.theta_3,0.0030857001
12.7039,B,mrac.roll.theta_4,0.12210414
12.7039,B,mrac.roll.theta_5,0.12011698
12.7039,B,mrac.roll.u_nom,0.059265465
12.7039,B,mrac.roll.xm,-0.010989904
12.7039,B,mrac.yaw.theta_0,0.005958288
12.7039,B,mrac.yaw.theta_1,0.0014372411
12.7039,B,mrac.yaw.theta_2,0.0018956228
12.7039,B,mrac.yaw.theta_3,0
12.7039,B,mrac.yaw.theta_4,0.080214508
12.7039,B,mrac.yaw.theta_5,0.088164955
12.7039,B,mrac.yaw.u_nom,0.0090186447
12.7039,B,mrac.yaw.xm,0.00070813898
12.7039,B,mrac.z.theta_0,0.064300634
12.7039,B,mrac.z.theta_1,0.0049654492
12.7039,B,mrac.z.theta_2,0.0033920074
12.7039,B,mrac.z.theta_3,0
12.7039,B,mrac.z.theta_4,0.19796558
12.7039,B,mrac.z.theta_5,0.19213116
12.7039,B,mrac.z.u_nom,9.8479416e-07
12.7039,B,mrac.z.xm,0
12.7039,B,path.active_path_mode,0
12.7039,B,path.circle_theta,0
12.7039,B,path.sinusoid_t_elapsed,30.002968
12.7039,B,path.twc_arrived,0
12.7039,B,path.twc_target_x,-10.000002
12.7039,B,path.twc_target_y,-29.999998
12.7039,B,path.twc_target_z,0.60000002
12.7039,B,pid.gyrox.Des,-0.62967485
12.7039,B,pid.gyrox.FB,-2.3226604
12.7039,B,pid.gyrox.U,69.340591
12.7039,B,pid.gyroy.Des,-0.80119866
12.7039,B,pid.gyroy.FB,-0.11641851
12.7039,B,pid.gyroy.U,-5.3061113
12.7039,B,pid.gyroz.Des,0.040573359
12.7039,B,pid.gyroz.FB,-2.0676951
12.7039,B,pid.gyroz.U,16.882902
12.7039,B,pid.locx.Des,-14.075257
12.7039,B,pid.locx.FB,-14.075257
12.7039,B,pid.locx.U,2.023973
12.7039,B,pid.locxs.Des,2.023973
12.7039,B,pid.locxs.FB,-1.99775
12.7039,B,pid.locxs.U,18.202267
12.7039,B,pid.locy.Des,-16.805086
12.7039,B,pid.locy.FB,-16.805086
12.7039,B,pid.locy.U,-1.9890685
12.7039,B,pid.locys.Des,-1.9890685
12.7039,B,pid.locys.FB,0.094841205
12.7039,B,pid.locys.U,-6.5429244
12.7039,B,pid.pitch.Des,-0.33137238
12.7039,B,pid.pitch.FB,-0.061601952
12.7039,B,pid.pitch.U,-0.80119866
12.7039,B,pid.roll.Des,-1.0802785
12.7039,B,pid.roll.FB,-0.85169011
12.7039,B,pid.roll.U,-0.62967485
12.7039,B,pid.yaw.Des,2.7180219
12.7039,B,pid.yaw.FB,2.7180219
12.7039,B,pid.yaw.U,0.040573359
12.7039,B,pid.z_pos.Des,0.0099988887
12.7039,B,pid.z_pos.FB,0.0099988887
12.7039,B,pid.z_pos.U,0
12.7039,B,pid.z_rate.Des,0
12.7039,B,pid.z_rate.FB,-5.45967e-07
12.7039,B,pid.z_rate.U,0.00021862431
12.9194,A,mrac.pitch.e,0.012981378
12.9194,A,mrac.pitch.u_ad,0.016796043
12.9194,A,mrac.roll.e,0.007017259
12.9194,A,mrac.roll.u_ad,0.042581115
12.9194,A,mrac.yaw.e,-0.0049138437
12.9194,A,mrac.yaw.u_ad,0.0067350473
12.9194,A,mrac.z.e,-0.01583505
12.9194,A,mrac.z.u_ad,0.072002575
12.9194,A,status.arm,0
12.9194,A,status.flymode,1
12.9194,A,status.rc_authority,1
12.9194,A,status.sbus_lost,0
12.9194,A,status.twc_arrived,0
12.9194,A,status.twc_execute,0
12.9194,B,mrac.pitch.theta_0,0.020635886
12.9194,B,mrac.pitch.theta_1,0.00029788684
12.9194,B,mrac.pitch.theta_2,0.0048662866
12.9194,B,mrac.pitch.theta_3,0.0051465458
12.9194,B,mrac.pitch.theta_4,0.18259987
12.9194,B,mrac.pitch.theta_5,0.14174075
12.9194,B,mrac.pitch.u_nom,-0.012887959
12.9194,B,mrac.pitch.xm,-0.019170288
12.9194,B,mrac.roll.theta_0,0.043641642
12.9194,B,mrac.roll.theta_1,8.099695e-05
12.9194,B,mrac.roll.theta_2,0.0034302557
12.9194,B,mrac.roll.theta_3,0.003085677
12.9194,B,mrac.roll.theta_4,0.12210773
12.9194,B,mrac.roll.theta_5,0.12012238
12.9194,B,mrac.roll.u_nom,0.017352138
12.9194,B,mrac.roll.xm,0.0051055951
12.9194,B,mrac.yaw.theta_0,0.0066289031
12.9194,B,mrac.yaw.theta_1,0.0014361235
12.9194,B,mrac.yaw.theta_2,0.0018957729
12.9194,B,mrac.yaw.theta_3,0
12.9194,B,mrac.yaw.theta_4,0.080214597
12.9194,B,mrac.yaw.theta_5,0.088163801
12.9194,B,mrac.yaw.u_nom,0.0057947235
12.9194,B,mrac.yaw.xm,0.0010139645
12.9194,B,mrac.z.theta_0,0.066424899
12.9194,B,mrac.z.theta_1,0.0048864987
12.9194,B,mrac.z.theta_2,0.0033914966
12.9194,B,mrac.z.theta_3,0
12.9194,B,mrac.z.theta_4,0.19795789
12.9194,B,mrac.z.theta_5,0.19211248
12.9194,B,mrac.z.u_nom,0.081916399
12.9194,B,mrac.z.xm,0
12.9194,B,path.active_path_mode,0
12.9194,B,path.circle_theta,0
12.9194,B,path.sinusoid_t_elapsed,30.002968
12.9194,B,path.twc_arrived,0
12.9194,B,path.twc_target_x,-10.000002
12.9194,B,path.twc_target_y,-29.999998
12.9194,B,path.twc_target_z,0.60000002
12.9194,B,pid.gyrox.Des,0.29252893
12.9194,B,pid.gyrox.FB,-0.29098082
12.9194,B,pid.gyrox.U,20.302002
12.9194,B,pid.gyroy.Des,-1.0983762
12.9194,B,pid.gyroy.FB,0.13865775
12.9194,B,pid.gyroy.U,-15.078913
12.9194,B,pid.gyroz.Des,0.058095865
12.9194,B,pid.gyroz.FB,-1.3008152
12.9194,B,pid.gyroz.U,10.847722
12.9194,B,pid.locx.Des,-14.324977
12.9194,B,pid.locx.FB,-14.324977
12.9194,B,pid.locx.U,2.0039954
12.9194,B,pid.locxs.Des,2.0039954
12.9194,B,pid.locxs.FB,-1.9977385
12.9194,B,pid.locxs.U,12.0053
12.9194,B,pid.locy.Des,-16.793282
12.9194,B,pid.locy.FB,-16.793282
12.9194,B,pid.locy.U,-1.9881668
12.9194,B,pid.locys.Des,-1.9881668
12.9194,B,pid.locys.FB,0.095084451
12.9194,B,pid.locys.U,-6.2477245
12.9194,B,pid.pitch.Des,-0.33122867
12.9194,B,pid.pitch.FB,0.042243104
12.9194,B,pid.pitch.U,-1.0983762
12.9194,B,pid.roll.Des,-0.71793848
12.9194,B,pid.roll.FB,-0.82423258
12.9194,B,pid.roll.U,0.29252893
12.9194,B,pid.yaw.Des,2.724998
12.9194,B,pid.yaw.FB,2.724998
12.9194,B,pid.yaw.U,0.058095865
12.9194,B,pid.z_pos.Des,0.0099989623
12.9194,B,pid.z_pos.FB,0.0099989623
12.9194,B,pid.z_pos.U,0
12.9194,B,pid.z_rate.Des,0
12.9194,B,pid.z_rate.FB,-0.045414213
12.9194,B,pid.z_rate.U,18.18544
13.1354,A,mrac.pitch.e,0.026171325
13.1354,A,mrac.pitch.u_ad,0.016005242
13.1354,A,mrac.roll.e,0.030631401
13.1354,A,mrac.roll.u_ad,0.043036431
13.1354,A,mrac.yaw.e,0.011877079
13.1354,A,mrac.yaw.u_ad,0.0064061088
13.1354,A,mrac.z.e,-0.000152345
13.1354,A,mrac.z.u_ad,0.06647855
13.1354,A,status.arm,0
13.1354,A,status.flymode,1
13.1354,A,status.rc_authority,1
13.1354,A,status.sbus_lost,0
13.1354,A,status.twc_arrived,0
13.1354,A,status.twc_execute,0
13.1354,B,mrac.pitch.theta_0,0.019722801
13.1354,B,mrac.pitch.theta_1,0.00029765128
13.1354,B,mrac.pitch.theta_2,0.0048661563
13.1354,B,mrac.pitch.theta_3,0.0051464974
13.1354,B,mrac.pitch.theta_4,0.1825975
13.1354,B,mrac.pitch.theta_5,0.1417385
13.1354,B,mrac.pitch.u_nom,0.003872727
13.1354,B,mrac.pitch.xm,-0.021014014
13.1354,B,mrac.roll.theta_0,0.043641642
13.1354,B,mrac.roll.theta_1,8.099695e-05
13.1354,B,mrac.roll.theta_2,0.0034302557
13.1354,B,mrac.roll.theta_3,0.003085677
13.1354,B,mrac.roll.theta_4,0.12210773
13.1354,B,mrac.roll.theta_5,0.12012238
13.1354,B,mrac.roll.u_nom,0.0077202218
13.1354,B,mrac.roll.xm,0.0011773518
13.1354,B,mrac.yaw.theta_0,0.0065809018
13.1354,B,mrac.yaw.theta_1,0.0014359617
13.1354,B,mrac.yaw.theta_2,0.0018957594
13.1354,B,mrac.yaw.theta_3,0
13.1354,B,mrac.yaw.theta_4,0.080214508
13.1354,B,mrac.yaw.theta_5,0.088163525
13.1354,B,mrac.yaw.u_nom,0.0028161595
13.1354,B,mrac.yaw.xm,-0.00020192329
13.1354,B,mrac.z.theta_0,0.066424899
13.1354,B,mrac.z.theta_1,0.0048864987
13.1354,B,mrac.z.theta_2,0.0033914966
13.1354,B,mrac.z.theta_3,0
13.1354,B,mrac.z.theta_4,0.19795789
13.1354,B,mrac.z.theta_5,0.19211248
13.1354,B,mrac.z.u_nom,0.00042134669
13.1354,B,mrac.z.xm,0
13.1354,B,path.active_path_mode,0
13.1354,B,path.circle_theta,0
13.1354,B,path.sinusoid_t_elapsed,30.002968
13.1354,B,path.twc_arrived,0
13.1354,B,path.twc_target_x,-10.000002
13.1354,B,path.twc_target_y,-29.999998
13.1354,B,path.twc_target_z,0.60000002
13.1354,B,pid.gyrox.Des,0.067457259
13.1354,B,pid.gyrox.FB,-0.68454731
13.1354,B,pid.gyrox.U,9.0326595
13.1354,B,pid.gyroy.Des,-1.2040138
13.1354,B,pid.gyroy.FB,0.20578451
13.1354,B,pid.gyroy.U,4.5310907
13.1354,B,pid.gyroz.Des,-0.011569347
13.1354,B,pid.gyroz.FB,-0.66667807
13.1354,B,pid.gyroz.U,5.2718506
13.1354,B,pid.locx.Des,-14.574697
13.1354,B,pid.locx.FB,-14.574697
13.1354,B,pid.locx.U,2.0039954
13.1354,B,pid.locxs.Des,2.0039954
13.1354,B,pid.locxs.FB,-1.9978172
13.1354,B,pid.locxs.U,12.005342
13.1354,B,pid.locy.Des,-16.78157
13.1354,B,pid.locy.FB,-16.78157
13.1354,B,pid.locy.U,-1.9882282
13.1354,B,pid.locys.Des,-1.9882282
13.1354,B,pid.locys.FB,0.093417287
13.1354,B,pid.locys.U,-6.2469721
13.1354,B,pid.pitch.Des,-0.3317906
13.1354,B,pid.pitch.FB,0.055277444
13.1354,B,pid.pitch.U,-1.2040138
13.1354,B,pid.roll.Des,-0.7176621
13.1354,B,pid.roll.FB,-0.73557085
13.1354,B,pid.roll.U,0.067457259
13.1354,B,pid.yaw.Des,2.6771843
13.1354,B,pid.yaw.FB,2.6771843
13.1354,B,pid.yaw.U,-0.011569347
13.1354,B,pid.z_pos.Des,0.0099991709
13.1354,B,pid.z_pos.FB,0.0099991709
13.1354,B,pid.z_pos.U,0
13.1354,B,pid.z_rate.Des,0
13.1354,B,pid.z_rate.FB,-0.00023359338
13.1354,B,pid.z_rate.U,0.093538962
13.3360,A,mrac.pitch.e,0.031779598
13.3360,A,mrac.pitch.u_ad,0.015427863
13.3360,A,mrac.roll.e,-0.0054500047
13.3360,A,mrac.roll.u_ad,0.045628123
13.3360,A,mrac.yaw.e,0.025002176
13.3360,A,mrac.yaw.u_ad,0.0063874023
13.3360,A,mrac.z.e,-2.2185764e-06
13.3360,A,mrac.z.u_ad,0.066425681
13.3360,A,status.arm,0
13.3360,A,status.flymode,1
13.3360,A,status.rc_authority,1
13.3360,A,status.sbus_lost,0
13.3360,A,status.twc_arrived,0
13.3360,A,status.twc_execute,0
13.3361,B,mrac.pitch.theta_0,0.019301765
13.3361,B,mrac.pitch.theta_1,0.00029755782
13.3361,B,mrac.pitch.theta_2,0.0048661083
13.3361,B,mrac.pitch.theta_3,0.0051464746
13.3361,B,mrac.pitch.theta_4,0.18259628
13.3361,B,mrac.pitch.theta_5,0.1417374
13.3361,B,mrac.pitch.u_nom,-0.00013686816
13.3361,B,mrac.pitch.xm,-0.022248294
13.3361,B,mrac.roll.theta_0,0.043641642
13.3361,B,mrac.roll.theta_1,8.099695e-05
13.3361,B,mrac.roll.theta_2,0.0034302557
13.3361,B,mrac.roll.theta_3,0.003085677
13.3361,B,mrac.roll.theta_4,0.12210773
13.3361,B,mrac.roll.theta_5,0.12012238
13.3361,B,mrac.roll.u_nom,0.026043929
13.3361,B,mrac.roll.xm,0.0011893349
13.3361,B,mrac.yaw.theta_0,0.0068657491
13.3361,B,mrac.yaw.theta_1,0.0014355711
13.3361,B,mrac.yaw.theta_2,0.0018957978
13.3361,B,mrac.yaw.theta_3,0
13.3361,B,mrac.yaw.theta_4,0.080214396
13.3361,B,mrac.yaw.theta_5,0.088162959
13.3361,B,mrac.yaw.u_nom,-0.00049162551
13.3361,B,mrac.yaw.xm,0.00023997556
13.3361,B,mrac.z.theta_0,0.066424899
13.3361,B,mrac.z.theta_1,0.0048864987
13.3361,B,mrac.z.theta_2,0.0033914966
13.3361,B,mrac.z.theta_3,0
13.3361,B,mrac.z.theta_4,0.19795789
13.3361,B,mrac.z.theta_5,0.19211248
13.3361,B,mrac.z.u_nom,1.1629135e-05
13.3361,B,mrac.z.xm,0
13.3361,B,path.active_path_mode,0
13.3361,B,path.circle_theta,0
13.3361,B,path.sinusoid_t_elapsed,30.002968
13.3361,B,path.twc_arrived,0
13.3361,B,path.twc_target_x,-10.000002
13.3361,B,path.twc_target_y,-29.999998
13.3361,B,path.twc_target_z,0.60000002
13.3361,B,pid.gyrox.Des,0.068143845
13.3361,B,pid.gyrox.FB,-2.3905649
13.3361,B,pid.gyrox.U,30.471397
13.3361,B,pid.gyroy.Des,-1.2747328
13.3361,B,pid.gyroy.FB,-0.27205479
13.3361,B,pid.gyroy.U,-0.16013575
13.3361,B,pid.gyroz.Des,0.013749581
13.3361,B,pid.gyroz.FB,0.12644641
13.3361,B,pid.gyroz.U,-0.92032301
13.3361,B,pid.locx.Des,-14.744513
13.3361,B,pid.locx.FB,-14.744513
13.3361,B,pid.locx.U,2.0039964
13.3361,B,pid.locxs.Des,2.0039964
13.3361,B,pid.locxs.FB,-1.9979615
13.3361,B,pid.locxs.U,12.005857
13.3361,B,pid.locy.Des,-16.773754
13.3361,B,pid.locy.FB,-16.773754
13.3361,B,pid.locy.U,-1.9882532
13.3361,B,pid.locys.Des,-1.9882532
13.3361,B,pid.locys.FB,0.090274855
13.3361,B,pid.locys.U,-6.2353563
13.3361,B,pid.pitch.Des,-0.33224091
13.3361,B,pid.pitch.FB,0.092373297
13.3361,B,pid.pitch.U,-1.2747328
13.3361,B,pid.roll.Des,-0.71713829
13.3361,B,pid.roll.FB,-0.71813488
13.3361,B,pid.roll.U,0.068143845
13.3361,B,pid.yaw.Des,2.587065
13.3361,B,pid.yaw.FB,2.587065
13.3361,B,pid.yaw.U,0.013749581
13.3361,B,pid.z_pos.Des,0.0099992007
13.3361,B,pid.z_pos.FB,0.0099992007
13.3361,B,pid.z_pos.U,0
13.3361,B,pid.z_rate.Des,0
13.3361,B,pid.z_rate.FB,-6.4471587e-06
13.3361,B,pid.z_rate.U,0.0025816679
13.5362,A,mrac.pitch.e,0.029765729
13.5362,A,mrac.pitch.u_ad,0.011105148
13.5362,A,mrac.roll.e,0.0019496634
13.5362,A,mrac.roll.u_ad,0.043800406
13.5362,A,mrac.yaw.e,-0.015616503
13.5362,A,mrac.yaw.u_ad,0.0069797607
13.5362,A,mrac.z.e,9.2667096e-07
13.5362,A,mrac.z.u_ad,0.066424578
13.5362,A,status.arm,0
13.5362,A,status.flymode,1
13.5362,A,status.rc_authority,1
13.5362,A,status.sbus_lost,0
13.5362,A,status.twc_arrived,0
13.5362,A,status.twc_execute,0
13.5362,B,mrac.pitch.theta_0,0.018545872
13.5362,B,mrac.pitch.theta_1,0.00029735416
13.5362,B,mrac.pitch.theta_2,0.0048659961
13.5362,B,mrac.pitch.theta_3,0.0051464369
13.5362,B,mrac.pitch.theta_4,0.18259424
13.5362,B,mrac.pitch.theta_5,0.14173563
13.5362,B,mrac.pitch.u_nom,-0.00059483497
13.5362,B,mrac.pitch.xm,-0.025350088
13.5362,B,mrac.roll.theta_0,0.043641642
13.5362,B,mrac.roll.theta_1,8.099695e-05
13.5362,B,mrac.roll.theta_2,0.0034302557
13.5362,B,mrac.roll.theta_3,0.003085677
13.5362,B,mrac.roll.theta_4,0.12210773
13.5362,B,mrac.roll.theta_5,0.12012238
13.5362,B,mrac.roll.u_nom,-0.027256195
13.5362,B,mrac.roll.xm,0.00059448543
13.5362,B,mrac.yaw.theta_0,0.0068657491
13.5362,B,mrac.yaw.theta_1,0.0014355711
13.5362,B,mrac.yaw.theta_2,0.0018957978
13.5362,B,mrac.yaw.theta_3,0
13.5362,B,mrac.yaw.theta_4,0.080214396
13.5362,B,mrac.yaw.theta_5,0.088162959
13.5362,B,mrac.yaw.u_nom,-0.00462452
13.5362,B,mrac.yaw.xm,-0.00034274679
13.5362,B,mrac.z.theta_0,0.066424899
13.5362,B,mrac.z.theta_1,0.0048864987
13.5362,B,mrac.z.theta_2,0.0033914966
13.5362,B,mrac.z.theta_3,0
13.5362,B,mrac.z.theta_4,0.19795789
13.5362,B,mrac.z.theta_5,0.19211248
13.5362,B,mrac.z.u_nom,1.524117e-06
13.5362,B,mrac.z.xm,0
13.5362,B,path.active_path_mode,0
13.5362,B,path.circle_theta,0
13.5362,B,path.sinusoid_t_elapsed,30.002968
13.5362,B,path.twc_arrived,0
13.5362,B,path.twc_target_x,-10.000002
13.5362,B,path.twc_target_y,-29.999998
13.5362,B,path.twc_target_z,0.60000002
13.5362,B,pid.gyrox.Des,0.034061491
13.5362,B,pid.gyrox.FB,2.4781115
13.5362,B,pid.gyrox.U,-31.889748
13.5362,B,pid.gyroy.Des,-1.4524524
13.5362,B,pid.gyroy.FB,-0.9433167
13.5362,B,pid.gyroy.U,-0.69595695
13.5362,B,pid.gyroz.Des,-0.019637937
13.5362,B,pid.gyroz.FB,1.0606166
13.5362,B,pid.gyroz.U,-8.6571016
13.5362,B,pid.locx.Des,-14.909335
13.5362,B,pid.locx.FB,-14.909335
13.5362,B,pid.locx.U,2.0039954
13.5362,B,pid.locxs.Des,2.0039954
13.5362,B,pid.locxs.FB,-1.9978608
13.5362,B,pid.locxs.U,12.005547
13.5362,B,pid.locy.Des,-16.766212
13.5362,B,pid.locy.FB,-16.766212
13.5362,B,pid.locy.U,-1.9883044
13.5362,B,pid.locys.Des,-1.9883044
13.5362,B,pid.locys.FB,0.092479222
13.5362,B,pid.locys.U,-6.2428927
13.5362,B,pid.pitch.Des,-0.33188769
13.5362,B,pid.pitch.FB,0.16630609
13.5362,B,pid.pitch.U,-1.4524524
13.5362,B,pid.roll.Des,-0.71750456
13.5362,B,pid.roll.FB,-0.751436
13.5362,B,pid.roll.U,0.034061491
13.5362,B,pid.yaw.Des,2.6502814
13.5362,B,pid.yaw.FB,2.6502814
13.5362,B,pid.yaw.U,-0.019637937
13.5362,B,pid.z_pos.Des,0.0099990973
13.5362,B,pid.z_pos.FB,0.0099990973
13.5362,B,pid.z_pos.U,0
13.5362,B,pid.z_rate.Des,0
13.5362,B,pid.z_rate.FB,-8.4496605e-07
13.5362,B,pid.z_rate.U,0.00033835397
13.7539,A,mrac.pitch.e,0.046435378
13.7539,A,mrac.pitch.u_ad,0.0097821169
13.7539,A,mrac.roll.e,0.015883684
13.7539,A,mrac.roll.u_ad,0.042079382
13.7539,A,mrac.yaw.e,-0.037779793
13.7539,A,mrac.yaw.u_ad,0.007353419
13.7539,A,mrac.z.e,3.027601e-07
13.7539,A,mrac.z.u_ad,0.066424787
13.7539,A,status.arm,0
13.7539,A,status.flymode,1
13.7539,A,status.rc_authority,1
13.7539,A,status.sbus_lost,0
13.7539,A,status.twc_arrived,0
13.7539,A,status.twc_execute,0
13.7539,B,mrac.pitch.theta_0,0.016918208
13.7539,B,mrac.pitch.theta_1,0.00029698064
13.7539,B,mrac.pitch.theta_2,0.0048657986
13.7539,B,mrac.pitch.theta_3,0.0051463507
13.7539,B,mrac.pitch.theta_4,0.18258873
13.7539,B,mrac.pitch.theta_5,0.14173156
13.7539,B,mrac.pitch.u_nom,-0.00041284153
13.7539,B,mrac.pitch.xm,-0.030573076
13.7539,B,mrac.roll.theta_0,0.043885604
13.7539,B,mrac.roll.theta_1,8.0978927e-05
13.7539,B,mrac.roll.theta_2,0.0034302855
13.7539,B,mrac.roll.theta_3,0.0030856731
13.7539,B,mrac.roll.theta_4,0.12210785
13.7539,B,mrac.roll.theta_5,0.12012199
13.7539,B,mrac.roll.u_nom,-0.011224875
13.7539,B,mrac.roll.xm,-0.001456006
13.7539,B,mrac.yaw.theta_0,0.006624788
13.7539,B,mrac.yaw.theta_1,0.0014342525
13.7539,B,mrac.yaw.theta_2,0.0018956366
13.7539,B,mrac.yaw.theta_3,0
13.7539,B,mrac.yaw.theta_4,0.08021491
13.7539,B,mrac.yaw.theta_5,0.088162035
13.7539,B,mrac.yaw.u_nom,0.0012886525
13.7539,B,mrac.yaw.xm,-0.00041279415
13.7539,B,mrac.z.theta_0,0.066424899
13.7539,B,mrac.z.theta_1,0.0048864987
13.7539,B,mrac.z.theta_2,0.0033914966
13.7539,B,mrac.z.theta_3,0
13.7539,B,mrac.z.theta_4,0.19795789
13.7539,B,mrac.z.theta_5,0.19211248
13.7539,B,mrac.z.u_nom,4.9847063e-07
13.7539,B,mrac.z.xm,0
13.7539,B,path.active_path_mode,0
13.7539,B,path.circle_theta,0
13.7539,B,path.sinusoid_t_elapsed,30.002968
13.7539,B,path.twc_arrived,0
13.7539,B,path.twc_target_x,-10.000002
13.7539,B,path.twc_target_y,-29.999998
13.7539,B,path.twc_target_z,0.60000002
13.7539,B,pid.gyrox.Des,-0.083422959
13.7539,B,pid.gyrox.FB,0.91516465
13.7539,B,pid.gyrox.U,-13.133104
13.7539,B,pid.gyroy.Des,-1.7517074
13.7539,B,pid.gyroy.FB,0.70860183
13.7539,B,pid.gyroy.U,-0.4830246
13.7539,B,pid.gyroz.Des,-0.023651352
13.7539,B,pid.gyroz.FB,-0.32050228
13.7539,B,pid.gyroz.U,2.4123576
13.7539,B,pid.locx.Des,-15.159055
13.7539,B,pid.locx.FB,-15.159055
13.7539,B,pid.locx.U,2.0039954
13.7539,B,pid.locxs.Des,2.0039954
13.7539,B,pid.locxs.FB,-1.9978371
13.7539,B,pid.locxs.U,12.005388
13.7539,B,pid.locy.Des,-16.754513
13.7539,B,pid.locy.FB,-16.754513
13.7539,B,pid.locy.U,-1.9883717
13.7539,B,pid.locys.Des,-1.9883717
13.7539,B,pid.locys.FB,0.092989795
13.7539,B,pid.locys.U,-6.2465634
13.7539,B,pid.pitch.Des,-0.3319228
13.7539,B,pid.pitch.FB,0.23085865
13.7539,B,pid.pitch.U,-1.7517074
13.7539,B,pid.roll.Des,-0.71758723
13.7539,B,pid.roll.FB,-0.69908839
13.7539,B,pid.roll.U,-0.083422959
13.7539,B,pid.yaw.Des,2.6649241
13.7539,B,pid.yaw.FB,2.6649241
13.7539,B,pid.yaw.U,-0.023651352
13.7539,B,pid.z_pos.Des,0.0099991746
13.7539,B,pid.z_pos.FB,0.0099991746
13.7539,B,pid.z_pos.U,0
13.7539,B,pid.z_rate.Des,0
13.7539,B,pid.z_rate.FB,-2.7635065e-07
13.7539,B,pid.z_rate.U,0.00011066048
13.9692,A,mrac.pitch.e,0.032307949
13.9692,A,mrac.pitch.u_ad,0.012587687
13.9692,A,mrac.roll.e,0.0010258229
13.9692,A,mrac.roll.u_ad,0.04180517
13.9692,A,mrac.yaw.e,0.049922496
13.9692,A,mrac.yaw.u_ad,0.0057327189
13.9692,A,mrac.z.e,-2.2551087e-06
13.9692,A,mrac.z.u_ad,0.066425696
13.9692,A,status.arm,0
13.9692,A,status.flymode,1
13.9692,A,status.rc_authority,1
13.9692,A,status.sbus_lost,0
13.9692,A,status.twc_arrived,0
13.9692,A,status.twc_execute,0
13.9693,B,mrac.pitch.theta_0,0.015414941
13.9693,B,mrac.pitch.theta_1,0.0002966077
13.9693,B,mrac.pitch.theta_2,0.0048656054
13.9693,B,mrac.pitch.theta_3,0.0051462594
13.9693,B,mrac.pitch.theta_4,0.18258326
13.9693,B,mrac.pitch.theta_5,0.14172755
13.9693,B,mrac.pitch.u_nom,-0.00087222276
13.9693,B,mrac.pitch.xm,-0.028939337
13.9693,B,mrac.roll.theta_0,0.043885604
13.9693,B,mrac.roll.theta_1,8.0978927e-05
13.9693,B,mrac.roll.theta_2,0.0034302855
13.9693,B,mrac.roll.theta_3,0.0030856731
13.9693,B,mrac.roll.theta_4,0.12210785
13.9693,B,mrac.roll.theta_5,0.12012199
13.9693,B,mrac.roll.u_nom,0.017319763
13.9693,B,mrac.roll.xm,0.001330237
13.9693,B,mrac.yaw.theta_0,0.0067030294
13.9693,B,mrac.yaw.theta_1,0.0014338492
13.9693,B,mrac.yaw.theta_2,0.0018956317
13.9693,B,mrac.yaw.theta_3,0
13.9693,B,mrac.yaw.theta_4,0.080214806
13.9693,B,mrac.yaw.theta_5,0.088161476
13.9693,B,mrac.yaw.u_nom,-0.002913849
13.9693,B,mrac.yaw.xm,-0.00088985491
13.9693,B,mrac.z.theta_0,0.066424899
13.9693,B,mrac.z.theta_1,0.0048864987
13.9693,B,mrac.z.theta_2,0.0033914966
13.9693,B,mrac.z.theta_3,0
13.9693,B,mrac.z.theta_4,0.19795789
13.9693,B,mrac.z.theta_5,0.19211248
13.9693,B,mrac.z.u_nom,2.8426787e-06
13.9693,B,mrac.z.xm,0
13.9693,B,path.active_path_mode,0
13.9693,B,path.circle_theta,0
13.9693,B,path.sinusoid_t_elapsed,30.002968
13.9693,B,path.twc_arrived,0
13.9693,B,path.twc_target_x,-10.000002
13.9693,B,path.twc_target_y,-29.999998
13.9693,B,path.twc_target_z,0.60000002
13.9693,B,pid.gyrox.Des,0.076216936
13.9693,B,pid.gyrox.FB,-1.8369081
13.9693,B,pid.gyrox.U,20.264122
13.9693,B,pid.gyroy.Des,-1.6581012
13.9693,B,pid.gyroy.FB,-0.69770169
13.9693,B,pid.gyroy.U,-1.0205007
13.9693,B,pid.gyroz.Des,-0.050984908
13.9693,B,pid.gyroz.FB,0.63446552
13.9693,B,pid.gyroz.U,-5.4547253
13.9693,B,pid.locx.Des,-15.408774
13.9693,B,pid.locx.FB,-15.408774
13.9693,B,pid.locx.U,2.0039954
13.9693,B,pid.locxs.Des,2.0039954
13.9693,B,pid.locxs.FB,-1.9978678
13.9693,B,pid.locxs.U,12.005424
13.9693,B,pid.locy.Des,-16.742807
13.9693,B,pid.locy.FB,-16.742807
13.9693,B,pid.locy.U,-1.988428
13.9693,B,pid.locys.Des,-1.988428
13.9693,B,pid.locys.FB,0.092326514
13.9693,B,pid.locys.U,-6.2459488
13.9693,B,pid.pitch.Des,-0.3321231
13.9693,B,pid.pitch.FB,0.23040013
13.9693,B,pid.pitch.U,-1.6581012
13.9693,B,pid.roll.Des,-0.71747744
13.9693,B,pid.roll.FB,-0.72612274
13.9693,B,pid.roll.U,0.076216936
13.9693,B,pid.yaw.Des,2.6459019
13.9693,B,pid.yaw.FB,2.6459019
13.9693,B,pid.yaw.U,-0.050984908
13.9693,B,pid.z_pos.Des,0.009999116
13.9693,B,pid.z_pos.FB,0.009999116
13.9693,B,pid.z_pos.U,0
13.9693,B,pid.z_rate.Des,0
13.9693,B,pid.z_rate.FB,-1.5759728e-06
13.9693,B,pid.z_rate.U,0.00063107465
14.1870,A,mrac.pitch.e,0.026704103
14.1870,A,mrac.pitch.u_ad,0.0071203313
14.1870,A,mrac.roll.e,-0.0085255634
14.1870,A,mrac.roll.u_ad,0.042770743
14.1870,A,mrac.yaw.e,0.01860057
14.1870,A,mrac.yaw.u_ad,0.0062446962
14.1870,A,mrac.z.e,-7.8638459e-07
14.1870,A,mrac.z.u_ad,0.066425174
14.1870,A,status.arm,0
14.1870,A,status.flymode,1
14.1870,A,status.rc_authority,1
14.1870,A,status.sbus_lost,0
14.1870,A,status.twc_arrived,0
14.1870,A,status.twc_execute,0
14.1871,B,mrac.pitch.theta_0,0.01460024
14.1871,B,mrac.pitch.theta_1,0.00029639015
14.1871,B,mrac.pitch.theta_2,0.004865496
14.1871,B,mrac.pitch.theta_3,0.0051462129
14.1871,B,mrac.pitch.theta_4,0.18258011
14.1871,B,mrac.pitch.theta_5,0.1417252
14.1871,B,mrac.pitch.u_nom,0.013802863
14.1871,B,mrac.pitch.xm,-0.027559886
14.1871,B,mrac.roll.theta_0,0.044079043
14.1871,B,mrac.roll.theta_1,8.0968341e-05
14.1871,B,mrac.roll.theta_2,0.0034302948
14.1871,B,mrac.roll.theta_3,0.0030856717
14.1871,B,mrac.roll.theta_4,0.12210783
14.1871,B,mrac.roll.theta_5,0.12012167
14.1871,B,mrac.roll.u_nom,0.009485607
14.1871,B,mrac.roll.xm,0.0018779445
14.1871,B,mrac.yaw.theta_0,0.0065791565
14.1871,B,mrac.yaw.theta_1,0.0014332876
14.1871,B,mrac.yaw.theta_2,0.0018955723
14.1871,B,mrac.yaw.theta_3,0
14.1871,B,mrac.yaw.theta_4,0.080214851
14.1871,B,mrac.yaw.theta_5,0.088160895
14.1871,B,mrac.yaw.u_nom,-7.9831625e-05
14.1871,B,mrac.yaw.xm,0.00074259716
14.1871,B,mrac.z.theta_0,0.066424899
14.1871,B,mrac.z.theta_1,0.0048864987
14.1871,B,mrac.z.theta_2,0.0033914966
14.1871,B,mrac.z.theta_3,0
14.1871,B,mrac.z.theta_4,0.19795789
14.1871,B,mrac.z.theta_5,0.19211248
14.1871,B,mrac.z.u_nom,-1.0264253e-06
14.1871,B,mrac.z.xm,0
14.1871,B,path.active_path_mode,0
14.1871,B,path.circle_theta,0
14.1871,B,path.sinusoid_t_elapsed,30.002968
14.1871,B,path.twc_arrived,0
14.1871,B,path.twc_target_x,-10.000002
14.1871,B,path.twc_target_y,-29.999998
14.1871,B,path.twc_target_z,0.60000002
14.1871,B,pid.gyrox.Des,0.10759825
14.1871,B,pid.gyrox.FB,-0.27491269
14.1871,B,pid.gyrox.U,11.09816
14.1871,B,pid.gyroy.Des,-1.5790645
14.1871,B,pid.gyroy.FB,-2.2225478
14.1871,B,pid.gyroy.U,16.149349
14.1871,B,pid.gyroz.Des,0.042547666
14.1871,B,pid.gyroz.FB,0.055468388
14.1871,B,pid.gyroz.U,-0.1494448
14.1871,B,pid.locx.Des,-15.573589
14.1871,B,pid.locx.FB,-15.573589
14.1871,B,pid.locx.U,2.0039954
14.1871,B,pid.locxs.Des,2.0039954
14.1871,B,pid.locxs.FB,-1.9978024
14.1871,B,pid.locxs.U,12.005533
14.1871,B,pid.locy.Des,-16.735167
14.1871,B,pid.locy.FB,-16.735167
14.1871,B,pid.locy.U,-1.9884526
14.1871,B,pid.locys.Des,-1.9884526
14.1871,B,pid.locys.FB,0.093732528
14.1871,B,pid.locys.U,-6.2434564
14.1871,B,pid.pitch.Des,-0.33147001
14.1871,B,pid.pitch.FB,0.21542539
14.1871,B,pid.pitch.U,-1.5790645
14.1871,B,pid.roll.Des,-0.71771127
14.1871,B,pid.roll.FB,-0.75747359
14.1871,B,pid.roll.U,0.10759825
14.1871,B,pid.yaw.Des,2.6862252
14.1871,B,pid.yaw.FB,2.6862252
14.1871,B,pid.yaw.U,0.042547666
14.1871,B,pid.z_pos.Des,0.0099990554
14.1871,B,pid.z_pos.FB,0.0099990554
14.1871,B,pid.z_pos.U,0
14.1871,B,pid.z_rate.Des,0
14.1871,B,pid.z_rate.FB,5.6904719e-07
14.1871,B,pid.z_rate.U,-0.00022786642
14.4029,A,mrac.pitch.e,0.024070181
14.4029,A,mrac.pitch.u_ad,0.0080525167
14.4029,A,mrac.roll.e,0.0028036453
14.4029,A,mrac.roll.u_ad,0.044334784
14.4029,A,mrac.yaw.e,0.027551334
14.4029,A,mrac.yaw.u_ad,0.0059211254
14.4029,A,mrac.z.e,2.0309999e-07
14.4029,A,mrac.z.u_ad,0.066424824
14.4029,A,status.arm,0
14.4029,A,status.flymode,1
14.4029,A,status.rc_authority,1
14.4029,A,status.sbus_lost,0
14.4029,A,status.twc_arrived,0
14.4029,A,status.twc_execute,0
14.4030,B,mrac.pitch.theta_0,0.012322548
14.4030,B,mrac.pitch.theta_1,0.00029558319
14.4030,B,mrac.pitch.theta_2,0.004865041
14.4030,B,mrac.pitch.theta_3,0.0051460508
14.4030,B,mrac.pitch.theta_4,0.18257155
14.4030,B,mrac.pitch.theta_5,0.14171878
14.4030,B,mrac.pitch.u_nom,-0.0022522968
14.4030,B,mrac.pitch.xm,-0.033680685
14.4030,B,mrac.roll.theta_0,0.044241544
14.4030,B,mrac.roll.theta_1,8.3279978e-05
14.4030,B,mrac.roll.theta_2,0.0034302741
14.4030,B,mrac.roll.theta_3,0.0030856475
14.4030,B,mrac.roll.theta_4,0.12211147
14.4030,B,mrac.roll.theta_5,0.1201264
14.4030,B,mrac.roll.u_nom,-0.02468168
14.4030,B,mrac.roll.xm,-0.001806889
14.4030,B,mrac.yaw.theta_0,0.0065284334
14.4030,B,mrac.yaw.theta_1,0.0014331038
14.4030,B,mrac.yaw.theta_2,0.0018955565
14.4030,B,mrac.yaw.theta_3,0
14.4030,B,mrac.yaw.theta_4,0.080214784
14.4030,B,mrac.yaw.theta_5,0.088160612
14.4030,B,mrac.yaw.u_nom,0.00087899435
14.4030,B,mrac.yaw.xm,-4.9865052e-05
14.4030,B,mrac.z.theta_0,0.066424899
14.4030,B,mrac.z.theta_1,0.0048864987
14.4030,B,mrac.z.theta_2,0.0033914966
14.4030,B,mrac.z.theta_3,0
14.4030,B,mrac.z.theta_4,0.19795789
14.4030,B,mrac.z.theta_5,0.19211248
14.4030,B,mrac.z.u_nom,3.9029201e-06
14.4030,B,mrac.z.xm,0
14.4030,B,path.active_path_mode,0
14.4030,B,path.circle_theta,0
14.4030,B,path.sinusoid_t_elapsed,30.002968
14.4030,B,path.twc_arrived,0
14.4030,B,path.twc_target_x,-10.000002
14.4030,B,path.twc_target_y,-29.999998
14.4030,B,path.twc_target_z,0.60000002
14.4030,B,pid.gyrox.Des,-0.10352707
14.4030,B,pid.gyrox.FB,0.23172879
14.4030,B,pid.gyrox.U,-28.877565
14.4030,B,pid.gyroy.Des,-1.9297602
14.4030,B,pid.gyroy.FB,-0.95868188
14.4030,B,pid.gyroy.U,-2.6351871
14.4030,B,pid.gyroz.Des,-0.0028570557
14.4030,B,pid.gyroz.FB,-0.20656432
14.4030,B,pid.gyroz.U,1.6454774
14.4030,B,pid.locx.Des,-15.823309
14.4030,B,pid.locx.FB,-15.823309
14.4030,B,pid.locx.U,2.0039954
14.4030,B,pid.locxs.Des,2.0039954
14.4030,B,pid.locxs.FB,-2.9964597
14.4030,B,pid.locxs.U,15.001407
14.4030,B,pid.locy.Des,-16.723188
14.4030,B,pid.locy.FB,-16.723188
14.4030,B,pid.locy.U,-1.9885269
14.4030,B,pid.locys.Des,-1.9885269
14.4030,B,pid.locys.FB,0.14570303
14.4030,B,pid.locys.U,-6.4018979
14.4030,B,pid.pitch.Des,-0.33098519
14.4030,B,pid.pitch.FB,0.32518545
14.4030,B,pid.pitch.U,-1.9297602
14.4030,B,pid.roll.Des,-0.89350903
14.4030,B,pid.roll.FB,-0.84256232
14.4030,B,pid.roll.U,-0.10352707
14.4030,B,pid.yaw.Des,2.7838204
14.4030,B,pid.yaw.FB,2.7838204
14.4030,B,pid.yaw.U,-0.0028570557
14.4030,B,pid.z_pos.Des,0.0099987574
14.4030,B,pid.z_pos.FB,0.0099987574
14.4030,B,pid.z_pos.U,0
14.4030,B,pid.z_rate.Des,0
14.4030,B,pid.z_rate.FB,-2.1637677e-06
14.4030,B,pid.z_rate.U,0.00086644827
14.6197,A,mrac.pitch.e,0.05288291
14.6197,A,mrac.pitch.u_ad,0.006782311
14.6197,A,mrac.roll.e,-0.0031982567
14.6197,A,mrac.roll.u_ad,0.042938329
14.6197,A,mrac.yaw.e,-0.013699844
14.6197,A,mrac.yaw.u_ad,0.0066429386
14.6197,A,mrac.z.e,-4.545569e-07
14.6197,A,mrac.z.u_ad,0.066425063
14.6197,A,status.arm,0
14.6197,A,status.flymode,1
14.6197,A,status.rc_authority,1
14.6197,A,status.sbus_lost,0
14.6197,A,status.twc_arrived,0
14.6197,A,status.twc_execute,0
14.6198,B,mrac.pitch.theta_0,0.012043604
14.6198,B,mrac.pitch.theta_1,0.00029550359
14.6198,B,mrac.pitch.theta_2,0.0048650005
14.6198,B,mrac.pitch.theta_3,0.0051460271
14.6198,B,mrac.pitch.theta_4,0.18257029
14.6198,B,mrac.pitch.theta_5,0.14171781
14.6198,B,mrac.pitch.u_nom,0.0089973826
14.6198,B,mrac.pitch.xm,-0.03062739
14.6198,B,mrac.roll.theta_0,0.043529019
14.6198,B,mrac.roll.theta_1,8.3235078e-05
14.6198,B,mrac.roll.theta_2,0.0034302075
14.6198,B,mrac.roll.theta_3,0.0030856347
14.6198,B,mrac.roll.theta_4,0.12211135
14.6198,B,mrac.roll.theta_5,0.12012561
14.6198,B,mrac.roll.u_nom,-0.003516396
14.6198,B,mrac.roll.xm,-0.0091151344
14.6198,B,mrac.yaw.theta_0,0.0064995266
14.6198,B,mrac.yaw.theta_1,0.001432357
14.6198,B,mrac.yaw.theta_2,0.0018955161
14.6198,B,mrac.yaw.theta_3,0
14.6198,B,mrac.yaw.theta_4,0.080214523
14.6198,B,mrac.yaw.theta_5,0.088159494
14.6198,B,mrac.yaw.u_nom,-0.00076915656
14.6198,B,mrac.yaw.xm,-0.00023796485
14.6198,B,mrac.z.theta_0,0.066424899
14.6198,B,mrac.z.theta_1,0.0048864987
14.6198,B,mrac.z.theta_2,0.0033914966
14.6198,B,mrac.z.theta_3,0
14.6198,B,mrac.z.theta_4,0.19795789
14.6198,B,mrac.z.theta_5,0.19211248
14.6198,B,mrac.z.u_nom,-1.4672851e-06
14.6198,B,mrac.z.xm,0
14.6198,B,path.active_path_mode,0
14.6198,B,path.circle_theta,0
14.6198,B,path.sinusoid_t_elapsed,30.002968
14.6198,B,path.twc_arrived,0
14.6198,B,path.twc_target_x,-10.000002
14.6198,B,path.twc_target_y,-29.999998
14.6198,B,path.twc_target_z,0.60000002
14.6198,B,pid.gyrox.Des,-0.52225852
14.6198,B,pid.gyrox.FB,-0.33662865
14.6198,B,pid.gyrox.U,-4.1141834
14.6198,B,pid.gyroy.Des,-1.7548195
14.6198,B,pid.gyroy.FB,-1.5212748
14.6198,B,pid.gyroy.U,10.526937
14.6198,B,pid.gyroz.Des,-0.013634376
14.6198,B,pid.gyroz.FB,0.16849329
14.6198,B,pid.gyroz.U,-1.4398611
14.6198,B,pid.locx.Des,-15.993103
14.6198,B,pid.locx.FB,-15.993103
14.6198,B,pid.locx.U,2.0039954
14.6198,B,pid.locxs.Des,2.0039954
14.6198,B,pid.locxs.FB,-2.9963434
14.6198,B,pid.locxs.U,15.000825
14.6198,B,pid.locy.Des,-16.714802
14.6198,B,pid.locy.FB,-16.714802
14.6198,B,pid.locy.U,-1.9885714
14.6198,B,pid.locys.Des,-1.9885714
14.6198,B,pid.locys.FB,0.14807406
14.6198,B,pid.locys.U,-6.4138055
14.6198,B,pid.pitch.Des,-0.33098447
14.6198,B,pid.pitch.FB,0.26567745
14.6198,B,pid.pitch.U,-1.7548195
14.6198,B,pid.roll.Des,-0.89377588
14.6198,B,pid.roll.FB,-0.71577519
14.6198,B,pid.roll.U,-0.52225852
14.6198,B,pid.yaw.Des,2.8291581
14.6198,B,pid.yaw.FB,2.8291581
14.6198,B,pid.yaw.U,-0.013634376
14.6198,B,pid.z_pos.Des,0.0099991122
14.6198,B,pid.z_pos.FB,0.0099991122
14.6198,B,pid.z_pos.U,0
14.6198,B,pid.z_rate.Des,0
14.6198,B,pid.z_rate.FB,8.134586e-07
14.6198,B,pid.z_rate.U,-0.00032573729
14.8289,A,mrac.pitch.e,0.022497773
14.8289,A,mrac.pitch.u_ad,0.0053773853
14.8289,A,mrac.roll.e,0.0035780016
14.8289,A,mrac.roll.u_ad,0.042396773
14.8289,A,mrac.yaw.e,0.012903826
14.8289,A,mrac.yaw.u_ad,0.0059879133
14.8289,A,mrac.z.e,9.9033414e-08
14.8289,A,mrac.z.u_ad,0.066424862
14.8289,A,status.arm,0
14.8289,A,status.flymode,1
14.8289,A,status.rc_authority,1
14.8289,A,status.sbus_lost,0
14.8289,A,status.twc_arrived,0
14.8289,A,status.twc_execute,0
14.8291,B,mrac.pitch.theta_0,0.011459066
14.8291,B,mrac.pitch.theta_1,0.00029534259
14.8291,B,mrac.pitch.theta_2,0.0048649111
14.8291,B,mrac.pitch.theta_3,0.0051459768
14.8291,B,mrac.pitch.theta_4,0.18256709
14.8291,B,mrac.pitch.theta_5,0.14171551
14.8291,B,mrac.pitch.u_nom,-0.011795257
14.8291,B,mrac.pitch.xm,-0.029635448
14.8291,B,mrac.roll.theta_0,0.043332346
14.8291,B,mrac.roll.theta_1,8.3225314e-05
14.8291,B,mrac.roll.theta_2,0.003430194
14.8291,B,mrac.roll.theta_3,0.0030856295
14.8291,B,mrac.roll.theta_4,0.12211122
14.8291,B,mrac.roll.theta_5,0.12012535
14.8291,B,mrac.roll.u_nom,-0.019349407
14.8291,B,mrac.roll.xm,-0.0077194804
14.8291,B,mrac.yaw.theta_0,0.0062481798
14.8291,B,mrac.yaw.theta_1,0.0014314061
14.8291,B,mrac.yaw.theta_2,0.0018954329
14.8291,B,mrac.yaw.theta_3,0
14.8291,B,mrac.yaw.theta_4,0.080214217
14.8291,B,mrac.yaw.theta_5,0.088158086
14.8291,B,mrac.yaw.u_nom,-0.0011311537
14.8291,B,mrac.yaw.xm,3.7574722e-05
14.8291,B,mrac.z.theta_0,0.066424899
14.8291,B,mrac.z.theta_1,0.0048864987
14.8291,B,mrac.z.theta_2,0.0033914966
14.8291,B,mrac.z.theta_3,0
14.8291,B,mrac.z.theta_4,0.19795789
14.8291,B,mrac.z.theta_5,0.19211248
14.8291,B,mrac.z.u_nom,-7.0353786e-07
14.8291,B,mrac.z.xm,0
14.8291,B,path.active_path_mode,0
14.8291,B,path.circle_theta,0
14.8291,B,path.sinusoid_t_elapsed,30.002968
14.8291,B,path.twc_arrived,0
14.8291,B,path.twc_target_x,-10.000002
14.8291,B,path.twc_target_y,-29.999998
14.8291,B,path.twc_target_z,0.60000002
14.8291,B,pid.gyrox.Des,-0.44229347
14.8291,B,pid.gyrox.FB,0.36548516
14.8291,B,pid.gyrox.U,-22.638807
14.8291,B,pid.gyroy.Des,-1.6979854
14.8291,B,pid.gyroy.FB,0.36671612
14.8291,B,pid.gyroy.U,-13.800451
14.8291,B,pid.gyroz.Des,0.002152872
14.8291,B,pid.gyroz.FB,0.26608291
14.8291,B,pid.gyroz.U,-2.1175196
14.8291,B,pid.locx.Des,-16.242775
14.8291,B,pid.locx.FB,-16.242775
14.8291,B,pid.locx.U,2.0039947
14.8291,B,pid.locxs.Des,2.0039947
14.8291,B,pid.locxs.FB,-2.996336
14.8291,B,pid.locxs.U,15.000893
14.8291,B,pid.locy.Des,-16.702311
14.8291,B,pid.locy.FB,-16.702311
14.8291,B,pid.locy.U,-1.9886416
14.8291,B,pid.locys.Des,-1.9886416
14.8291,B,pid.locys.FB,0.14822403
14.8291,B,pid.locys.U,-6.4127669
14.8291,B,pid.pitch.Des,-0.33087736
14.8291,B,pid.pitch.FB,0.23481961
14.8291,B,pid.pitch.U,-1.6979854
14.8291,B,pid.roll.Des,-0.89379537
14.8291,B,pid.roll.FB,-0.73714203
14.8291,B,pid.roll.U,-0.44229347
14.8291,B,pid.yaw.Des,2.8320255
14.8291,B,pid.yaw.FB,2.8320255
14.8291,B,pid.yaw.U,0.002152872
14.8291,B,pid.z_pos.Des,0.0099990889
14.8291,B,pid.z_pos.FB,0.0099990889
14.8291,B,pid.z_pos.U,0
14.8291,B,pid.z_rate.Des,0
14.8291,B,pid.z_rate.FB,3.9003936e-07
14.8291,B,pid.z_rate.U,-0.0001561854
15.0370,A,mrac.pitch.e,0.065888189
15.0370,A,mrac.pitch.u_ad,0.0024815332
15.0370,A,mrac.roll.e,-0.019759471
15.0370,A,mrac.roll.u_ad,0.042875782
15.0370,A,mrac.yaw.e,0.012314313
15.0370,A,mrac.yaw.u_ad,0.0061201472
15.0370,A,mrac.z.e,-7.1424915e-07
15.0370,A,mrac.z.u_ad,0.066425152
15.0370,A,status.arm,0
15.0370,A,status.flymode,1
15.0370,A,status.rc_authority,1
15.0370,A,status.sbus_lost,0
15.0370,A,status.twc_arrived,0
15.0370,A,status.twc_execute,0
15.0370,B,mrac.pitch.theta_0,0.011288152
15.0370,B,mrac.pitch.theta_1,0.00029528714
15.0370,B,mrac.pitch.theta_2,0.0048648822
15.0370,B,mrac.pitch.theta_3,0.0051459605
15.0370,B,mrac.pitch.theta_4,0.18256614
15.0370,B,mrac.pitch.theta_5,0.14171486
15.0370,B,mrac.pitch.u_nom,-0.0070996895
15.0370,B,mrac.pitch.xm,-0.025922934
15.0370,B,mrac.roll.theta_0,0.043332346
15.0370,B,mrac.roll.theta_1,8.3225314e-05
15.0370,B,mrac.roll.theta_2,0.003430194
15.0370,B,mrac.roll.theta_3,0.0030856295
15.0370,B,mrac.roll.theta_4,0.12211122
15.0370,B,mrac.roll.theta_5,0.12012535
15.0370,B,mrac.roll.u_nom,-0.010377229
15.0370,B,mrac.roll.xm,-0.0083861882
15.0370,B,mrac.yaw.theta_0,0.0063857203
15.0370,B,mrac.yaw.theta_1,0.0014312231
15.0370,B,mrac.yaw.theta_2,0.0018954502
15.0370,B,mrac.yaw.theta_3,0
15.0370,B,mrac.yaw.theta_4,0.08021415
15.0370,B,mrac.yaw.theta_5,0.088157803
15.0370,B,mrac.yaw.u_nom,-0.0018321679
15.0370,B,mrac.yaw.xm,-9.1310343e-05
15.0370,B,mrac.z.theta_0,0.066424899
15.0370,B,mrac.z.theta_1,0.0048864987
15.0370,B,mrac.z.theta_2,0.0033914966
15.0370,B,mrac.z.theta_3,0
15.0370,B,mrac.z.theta_4,0.19795789
15.0370,B,mrac.z.theta_5,0.19211248
15.0370,B,mrac.z.u_nom,-1.1240465e-06
15.0370,B,mrac.z.xm,0
15.0370,B,path.active_path_mode,0
15.0370,B,path.circle_theta,0
15.0370,B,path.sinusoid_t_elapsed,30.002968
15.0370,B,path.twc_arrived,0
15.0370,B,path.twc_target_x,-10.000002
15.0370,B,path.twc_target_y,-29.999998
15.0370,B,path.twc_target_z,0.60000002
15.0370,B,pid.gyrox.Des,-0.48049301
15.0370,B,pid.gyrox.FB,0.54145426
15.0370,B,pid.gyrox.U,-12.141358
15.0370,B,pid.gyroy.Des,-1.4852741
15.0370,B,pid.gyroy.FB,0.36735681
15.0370,B,pid.gyroy.U,-8.3066368
15.0370,B,pid.gyroz.Des,-0.0052316952
15.0370,B,pid.gyroz.FB,0.42258
15.0370,B,pid.gyroz.U,-3.4298182
15.0370,B,pid.locx.Des,-16.407558
15.0370,B,pid.locx.FB,-16.407558
15.0370,B,pid.locx.U,2.0039947
15.0370,B,pid.locxs.Des,2.0039947
15.0370,B,pid.locxs.FB,-2.9964943
15.0370,B,pid.locxs.U,15.001531
15.0370,B,pid.locy.Des,-16.694216
15.0370,B,pid.locy.FB,-16.694216
15.0370,B,pid.locy.U,-1.9886709
15.0370,B,pid.locys.Des,-1.9886709
15.0370,B,pid.locys.FB,0.14498922
15.0370,B,pid.locys.U,-6.3998113
15.0370,B,pid.pitch.Des,-0.33108419
15.0370,B,pid.pitch.FB,0.1597867
15.0370,B,pid.pitch.U,-1.4852741
15.0370,B,pid.roll.Des,-0.89344245
15.0370,B,pid.roll.FB,-0.73831749
15.0370,B,pid.roll.U,-0.48049301
15.0370,B,pid.yaw.Des,2.7701714
15.0370,B,pid.yaw.FB,2.7701714
15.0370,B,pid.yaw.U,-0.0052316952
15.0370,B,pid.z_pos.Des,0.0099991299
15.0370,B,pid.z_pos.FB,0.0099991299
15.0370,B,pid.z_pos.U,0
15.0370,B,pid.z_rate.Des,0
15.0370,B,pid.z_rate.FB,6.2316815e-07
15.0370,B,pid.z_rate.U,-0.00024953834
15.2384,A,mrac.pitch.e,0.030688807
15.2384,A,mrac.pitch.u_ad,0.0049612247
15.2384,A,mrac.roll.e,0.032284461
15.2384,A,mrac.roll.u_ad,0.041041311
15.2384,A,mrac.yaw.e,-0.030206161
15.2384,A,mrac.yaw.u_ad,0.0067903702
15.2384,A,mrac.z.e,1.4312359e-06
15.2384,A,mrac.z.u_ad,0.066424392
15.2384,A,status.arm,0
15.2384,A,status.flymode,1
15.2384,A,status.rc_authority,1
15.2384,A,status.sbus_lost,0
15.2384,A,status.twc_arrived,0
15.2384,A,status.twc_execute,0
15.2385,B,mrac.pitch.theta_0,0.010695993
15.2385,B,mrac.pitch.theta_1,0.00029497602
15.2385,B,mrac.pitch.theta_2,0.0048647001
15.2385,B,mrac.pitch.theta_3,0.0051459167
15.2385,B,mrac.pitch.theta_4,0.18256377
15.2385,B,mrac.pitch.theta_5,0.14171281
15.2385,B,mrac.pitch.u_nom,-0.005512584
15.2385,B,mrac.pitch.xm,-0.026769456
15.2385,B,mrac.roll.theta_0,0.043332346
15.2385,B,mrac.roll.theta_1,8.3225314e-05
15.2385,B,mrac.roll.theta_2,0.003430194
15.2385,B,mrac.roll.theta_3,0.0030856295
15.2385,B,mrac.roll.theta_4,0.12211122
15.2385,B,mrac.roll.theta_5,0.12012535
15.2385,B,mrac.roll.u_nom,-0.0039126482
15.2385,B,mrac.roll.xm,-0.0084987609
15.2385,B,mrac.yaw.theta_0,0.0061968034
15.2385,B,mrac.yaw.theta_1,0.0014302986
15.2385,B,mrac.yaw.theta_2,0.0018953535
15.2385,B,mrac.yaw.theta_3,0
15.2385,B,mrac.yaw.theta_4,0.080214292
15.2385,B,mrac.yaw.theta_5,0.088156916
15.2385,B,mrac.yaw.u_nom,-0.018528415
15.2385,B,mrac.yaw.xm,-0.002579134
15.2385,B,mrac.z.theta_0,0.066424899
15.2385,B,mrac.z.theta_1,0.0048864987
15.2385,B,mrac.z.theta_2,0.0033914966
15.2385,B,mrac.z.theta_3,0
15.2385,B,mrac.z.theta_4,0.19795789
15.2385,B,mrac.z.theta_5,0.19211248
15.2385,B,mrac.z.u_nom,-6.2562066e-07
15.2385,B,mrac.z.xm,0
15.2385,B,path.active_path_mode,0
15.2385,B,path.circle_theta,0
15.2385,B,path.sinusoid_t_elapsed,30.002968
15.2385,B,path.twc_arrived,0
15.2385,B,path.twc_target_x,-10.000002
15.2385,B,path.twc_target_y,-29.999998
15.2385,B,path.twc_target_z,0.60000002
15.2385,B,pid.gyrox.Des,-0.48694295
15.2385,B,pid.gyrox.FB,0.22316003
15.2385,B,pid.gyrox.U,-4.5777984
15.2385,B,pid.gyroy.Des,-1.5337762
15.2385,B,pid.gyroy.FB,0.19584839
15.2385,B,pid.gyroy.U,-6.4497232
15.2385,B,pid.gyroz.Des,-0.14777343
15.2385,B,pid.gyroz.FB,4.1880889
15.2385,B,pid.gyroz.U,-34.685192
15.2385,B,pid.locx.Des,-16.65723
15.2385,B,pid.locx.FB,-16.65723
15.2385,B,pid.locx.U,2.0039947
15.2385,B,pid.locxs.Des,2.0039947
15.2385,B,pid.locxs.FB,-2.9964161
15.2385,B,pid.locxs.U,15.000649
15.2385,B,pid.locy.Des,-16.682079
15.2385,B,pid.locy.FB,-16.682079
15.2385,B,pid.locy.U,-1.9887487
15.2385,B,pid.locys.Des,-1.9887487
15.2385,B,pid.locys.FB,0.14659473
15.2385,B,pid.locys.U,-6.4182234
15.2385,B,pid.pitch.Des,-0.33168259
15.2385,B,pid.pitch.FB,0.17306256
15.2385,B,pid.pitch.U,-1.5337762
15.2385,B,pid.roll.Des,-0.89362019
15.2385,B,pid.roll.FB,-0.73462498
15.2385,B,pid.roll.U,-0.48694295
15.2385,B,pid.yaw.Des,2.8008707
15.2385,B,pid.yaw.FB,2.8008707
15.2385,B,pid.yaw.U,-0.14777343
15.2385,B,pid.z_pos.Des,0.0099991318
15.2385,B,pid.z_pos.FB,0.0099991318
15.2385,B,pid.z_pos.U,0
15.2385,B,pid.z_rate.Des,0
15.2385,B,pid.z_rate.FB,3.4684228e-07
15.2385,B,pid.z_rate.U,-0.00013888779
15.4541,A,mrac.pitch.e,0.0028994028
15.4541,A,mrac.pitch.u_ad,0.0057787411
15.4541,A,mrac.roll.e,0.021679033
15.4541,A,mrac.roll.u_ad,0.040483885
15.4541,A,mrac.yaw.e,-0.027682163
15.4541,A,mrac.yaw.u_ad,0.0069132759
15.4541,A,mrac.z.e,9.9255317e-07
15.4541,A,mrac.z.u_ad,0.066424549
15.4541,A,status.arm,0
15.4541,A,status.flymode,1
15.4541,A,status.rc_authority,1
15.4541,A,status.sbus_lost,0
15.4541,A,status.twc_arrived,0
15.4541,A,status.twc_execute,0
15.4541,B,mrac.pitch.theta_0,0.010183796
15.4541,B,mrac.pitch.theta_1,0.00029474145
15.4541,B,mrac.pitch.theta_2,0.0048645735
15.4541,B,mrac.pitch.theta_3,0.0051458594
15.4541,B,mrac.pitch.theta_4,0.18256125
15.4541,B,mrac.pitch.theta_5,0.14171077
15.4541,B,mrac.pitch.u_nom,0.0087488033
15.4541,B,mrac.pitch.xm,-0.028312277
15.4541,B,mrac.roll.theta_0,0.042902008
15.4541,B,mrac.roll.theta_1,8.3202212e-05
15.4541,B,mrac.roll.theta_2,0.0034301619
15.4541,B,mrac.roll.theta_3,0.0030856142
15.4541,B,mrac.roll.theta_4,0.12211122
15.4541,B,mrac.roll.theta_5,0.12012488
15.4541,B,mrac.roll.u_nom,-0.014798106
15.4541,B,mrac.roll.xm,-0.010228446
15.4541,B,mrac.yaw.theta_0,0.0063505815
15.4541,B,mrac.yaw.theta_1,0.0014300741
15.4541,B,mrac.yaw.theta_2,0.001895378
15.4541,B,mrac.yaw.theta_3,0
15.4541,B,mrac.yaw.theta_4,0.080214262
15.4541,B,mrac.yaw.theta_5,0.088156633
15.4541,B,mrac.yaw.u_nom,-4.4302767e-05
15.4541,B,mrac.yaw.xm,-0.00067058939
15.4541,B,mrac.z.theta_0,0.066424899
15.4541,B,mrac.z.theta_1,0.0048864987
15.4541,B,mrac.z.theta_2,0.0033914966
15.4541,B,mrac.z.theta_3,0
15.4541,B,mrac.z.theta_4,0.19795789
15.4541,B,mrac.z.theta_5,0.19211248
15.4541,B,mrac.z.u_nom,-1.3757965e-07
15.4541,B,mrac.z.xm,0
15.4541,B,path.active_path_mode,0
15.4541,B,path.circle_theta,0
15.4541,B,path.sinusoid_t_elapsed,30.002968
15.4541,B,path.twc_arrived,0
15.4541,B,path.twc_target_x,-10.000002
15.4541,B,path.twc_target_y,-29.999998
15.4541,B,path.twc_target_z,0.60000002
15.4541,B,pid.gyrox.Des,-0.58604652
15.4541,B,pid.gyrox.FB,0.55490375
15.4541,B,pid.gyrox.U,-17.313784
15.4541,B,pid.gyroy.Des,-1.6221733
15.4541,B,pid.gyroy.FB,-0.13348635
15.4541,B,pid.gyroy.U,10.2361
15.4541,B,pid.gyroz.Des,-0.038421925
15.4541,B,pid.gyroz.FB,-0.022059051
15.4541,B,pid.gyroz.U,-0.082934782
15.4541,B,pid.locx.Des,-16.841988
15.4541,B,pid.locx.FB,-16.841988
15.4541,B,pid.locx.U,2.0039947
15.4541,B,pid.locxs.Des,2.0039947
15.4541,B,pid.locxs.FB,-2.9964416
15.4541,B,pid.locxs.U,15.00119
15.4541,B,pid.locy.Des,-16.673103
15.4541,B,pid.locy.FB,-16.673103
15.4541,B,pid.locy.U,-1.988776
15.4541,B,pid.locys.Des,-1.988776
15.4541,B,pid.locys.FB,0.14607556
15.4541,B,pid.locys.U,-6.4069171
15.4541,B,pid.pitch.Des,-0.33117899
15.4541,B,pid.pitch.FB,0.19908461
15.4541,B,pid.pitch.U,-1.6221733
15.4541,B,pid.roll.Des,-0.89356077
15.4541,B,pid.roll.FB,-0.69601339
15.4541,B,pid.roll.U,-0.58604652
15.4541,B,pid.yaw.Des,2.7909434
15.4541,B,pid.yaw.FB,2.7909434
15.4541,B,pid.yaw.U,-0.038421925
15.4541,B,pid.z_pos.Des,0.0099992016
15.4541,B,pid.z_pos.FB,0.0099992016
15.4541,B,pid.z_pos.U,0
15.4541,B,pid.z_rate.Des,0
15.4541,B,pid.z_rate.FB,7.627375e-08
15.4541,B,pid.z_rate.U,-3.054268e-05
15.6703,A,mrac.pitch.e,0.025560699
15.6703,A,mrac.pitch.u_ad,0.0052688615
15.6703,A,mrac.roll.e,-0.0038739517
15.6703,A,mrac.roll.u_ad,0.042541638
15.6703,A,mrac.yaw.e,0.031898361
15.6703,A,mrac.yaw.u_ad,0.0057865609
15.6703,A,mrac.z.e,2.8793178e-07
15.6703,A,mrac.z.u_ad,0.066424794
15.6703,A,status.arm,0
15.6703,A,status.flymode,1
15.6703,A,status.rc_authority,1
15.6703,A,status.sbus_lost,0
15.6703,A,status.twc_arrived,0
15.6703,A,status.twc_execute,0
15.6704,B,mrac.pitch.theta_0,0.0099380901
15.6704,B,mrac.pitch.theta_1,0.00029462378
15.6704,B,mrac.pitch.theta_2,0.0048645125
15.6704,B,mrac.pitch.theta_3,0.0051458529
15.6704,B,mrac.pitch.theta_4,0.18256
15.6704,B,mrac.pitch.theta_5,0.14170972
15.6704,B,mrac.pitch.u_nom,-0.00040616438
15.6704,B,mrac.pitch.xm,-0.022799307
15.6704,B,mrac.roll.theta_0,0.042708259
15.6704,B,mrac.roll.theta_1,8.3193823e-05
15.6704,B,mrac.roll.theta_2,0.0034301504
15.6704,B,mrac.roll.theta_3,0.0030856077
15.6704,B,mrac.roll.theta_4,0.12211103
15.6704,B,mrac.roll.theta_5,0.12012468
15.6704,B,mrac.roll.u_nom,0.003495231
15.6704,B,mrac.roll.xm,-0.014723832
15.6704,B,mrac.yaw.theta_0,0.0064379498
15.6704,B,mrac.yaw.theta_1,0.0014297423
15.6704,B,mrac.yaw.theta_2,0.0018953802
15.6704,B,mrac.yaw.theta_3,0
15.6704,B,mrac.yaw.theta_4,0.080214098
15.6704,B,mrac.yaw.theta_5,0.088156082
15.6704,B,mrac.yaw.u_nom,-0.0023278547
15.6704,B,mrac.yaw.xm,-0.00057686621
15.6704,B,mrac.z.theta_0,0.066424899
15.6704,B,mrac.z.theta_1,0.0048864987
15.6704,B,mrac.z.theta_2,0.0033914966
15.6704,B,mrac.z.theta_3,0
15.6704,B,mrac.z.theta_4,0.19795789
15.6704,B,mrac.z.theta_5,0.19211248
15.6704,B,mrac.z.u_nom,-4.4376691e-07
15.6704,B,mrac.z.xm,0
15.6704,B,path.active_path_mode,0
15.6704,B,path.circle_theta,0
15.6704,B,path.sinusoid_t_elapsed,30.002968
15.6704,B,path.twc_arrived,0
15.6704,B,path.twc_target_x,-10.000002
15.6704,B,path.twc_target_y,-29.999998
15.6704,B,path.twc_target_z,0.60000002
15.6704,B,pid.gyrox.Des,-0.84361309
15.6704,B,pid.gyrox.FB,0.33293301
15.6704,B,pid.gyrox.U,4.0894203
15.6704,B,pid.gyroy.Des,-1.3063035
15.6704,B,pid.gyroy.FB,-0.48282048
15.6704,B,pid.gyroy.U,-0.47521234
15.6704,B,pid.gyroz.Des,-0.033051986
15.6704,B,pid.gyroz.FB,0.5130738
15.6704,B,pid.gyroz.U,-4.3577442
15.6704,B,pid.locx.Des,-17.09166
15.6704,B,pid.locx.FB,-17.09166
15.6704,B,pid.locx.U,2.0039947
15.6704,B,pid.locxs.Des,2.0039947
15.6704,B,pid.locxs.FB,-2.996299
15.6704,B,pid.locxs.U,15.000821
15.6704,B,pid.locy.Des,-16.660851
15.6704,B,pid.locy.FB,-16.660851
15.6704,B,pid.locy.U,-1.9888415
15.6704,B,pid.locys.Des,-1.9888415
15.6704,B,pid.locys.FB,0.14896733
15.6704,B,pid.locys.U,-6.4145937
15.6704,B,pid.pitch.Des,-0.33076996
15.6704,B,pid.pitch.FB,0.10789596
15.6704,B,pid.pitch.U,-1.3063035
15.6704,B,pid.roll.Des,-0.89388442
15.6704,B,pid.roll.FB,-0.62767452
15.6704,B,pid.roll.U,-0.84361309
15.6704,B,pid.yaw.Des,2.8462389
15.6704,B,pid.yaw.FB,2.8462389
15.6704,B,pid.yaw.U,-0.033051986
15.6704,B,pid.z_pos.Des,0.0099993823
15.6704,B,pid.z_pos.FB,0.0099993823
15.6704,B,pid.z_pos.U,0
15.6704,B,pid.z_rate.Des,0
15.6704,B,pid.z_rate.FB,2.4602309e-07
15.6704,B,pid.z_rate.U,-9.8516255e-05
15.8709,A,mrac.pitch.e,0.041716482
15.8709,A,mrac.pitch.u_ad,0.0048677633
15.8709,A,mrac.roll.e,-0.019013856
15.8709,A,mrac.roll.u_ad,0.041524284
15.8709,A,mrac.yaw.e,-0.0013345473
15.8709,A,mrac.yaw.u_ad,0.0065622143
15.8709,A,mrac.z.e,-2.0049761e-07
15.8709,A,mrac.z.u_ad,0.066424973
15.8709,A,status.arm,0
15.8709,A,status.flymode,1
15.8709,A,status.rc_authority,1
15.8709,A,status.sbus_lost,0
15.8709,A,status.twc_arrived,0
15.8709,A,status.twc_execute,0
15.8710,B,mrac.pitch.theta_0,0.010116592
15.8710,B,mrac.pitch.theta_1,0.00029489756
15.8710,B,mrac.pitch.theta_2,0.0048644505
15.8710,B,mrac.pitch.theta_3,0.0051458236
15.8710,B,mrac.pitch.theta_4,0.18256007
15.8710,B,mrac.pitch.theta_5,0.14170939
15.8710,B,mrac.pitch.u_nom,-0.00033561143
15.8710,B,mrac.pitch.xm,-0.017205328
15.8710,B,mrac.roll.theta_0,0.04250798
15.8710,B,mrac.roll.theta_1,8.336849e-05
15.8710,B,mrac.roll.theta_2,0.0034301144
15.8710,B,mrac.roll.theta_3,0.0030855839
15.8710,B,mrac.roll.theta_4,0.12211153
15.8710,B,mrac.roll.theta_5,0.12012508
15.8710,B,mrac.roll.u_nom,-0.019279908
15.8710,B,mrac.roll.xm,-0.0062185619
15.8710,B,mrac.yaw.theta_0,0.0064379498
15.8710,B,mrac.yaw.theta_1,0.0014297423
15.8710,B,mrac.yaw.theta_2,0.0018953802
15.8710,B,mrac.yaw.theta_3,0
15.8710,B,mrac.yaw.theta_4,0.080214098
15.8710,B,mrac.yaw.theta_5,0.088156082
15.8710,B,mrac.yaw.u_nom,0.008513079
15.8710,B,mrac.yaw.xm,8.9224259e-06
15.8710,B,mrac.z.theta_0,0.066424899
15.8710,B,mrac.z.theta_1,0.0048864987
15.8710,B,mrac.z.theta_2,0.0033914966
15.8710,B,mrac.z.theta_3,0
15.8710,B,mrac.z.theta_4,0.19795789
15.8710,B,mrac.z.theta_5,0.19211248
15.8710,B,mrac.z.u_nom,6.4737812e-08
15.8710,B,mrac.z.xm,0
15.8710,B,path.active_path_mode,0
15.8710,B,path.circle_theta,0
15.8710,B,path.sinusoid_t_elapsed,30.002968
15.8710,B,path.twc_arrived,0
15.8710,B,path.twc_target_x,-10.000002
15.8710,B,path.twc_target_y,-29.999998
15.8710,B,path.twc_target_z,0.60000002
15.8710,B,pid.gyrox.Des,-0.35629719
15.8710,B,pid.gyrox.FB,2.0512233
15.8710,B,pid.gyrox.U,-22.557493
15.8710,B,pid.gyroy.Des,-0.98579228
15.8710,B,pid.gyroy.FB,-1.7019887
15.8710,B,pid.gyroy.U,-0.39266539
15.8710,B,pid.gyroz.Des,0.00051121711
15.8710,B,pid.gyroz.FB,-1.9826311
15.8710,B,pid.gyroz.U,15.936483
15.8710,B,pid.locx.Des,-17.256443
15.8710,B,pid.locx.FB,-17.256443
15.8710,B,pid.locx.U,2.0039947
15.8710,B,pid.locxs.Des,2.0039947
15.8710,B,pid.locxs.FB,-1.9974785
15.8710,B,pid.locxs.U,12.00432
15.8710,B,pid.locy.Des,-16.652594
15.8710,B,pid.locy.FB,-16.652594
15.8710,B,pid.locy.U,-1.9888937
15.8710,B,pid.locys.Des,-1.9888937
15.8710,B,pid.locys.FB,0.10039807
15.8710,B,pid.locys.U,-6.2699857
15.8710,B,pid.pitch.Des,-0.33063471
15.8710,B,pid.pitch.FB,0.026060002
15.8710,B,pid.pitch.U,-0.98579228
15.8710,B,pid.roll.Des,-0.71882522
15.8710,B,pid.roll.FB,-0.6159609
15.8710,B,pid.roll.U,-0.35629719
15.8710,B,pid.yaw.Des,2.8774045
15.8710,B,pid.yaw.FB,2.8774045
15.8710,B,pid.yaw.U,0.00051121711
15.8710,B,pid.z_pos.Des,0.0099994214
15.8710,B,pid.z_pos.FB,0.0099994214
15.8710,B,pid.z_pos.U,0
15.8710,B,pid.z_rate.Des,0
15.8710,B,pid.z_rate.FB,-3.5890451e-08
15.8710,B,pid.z_rate.U,1.4371793e-05
16.0711,A,mrac.pitch.e,0.025281221
16.0711,A,mrac.pitch.u_ad,0.0057366118
16.0711,A,mrac.roll.e,0.028287258
16.0711,A,mrac.roll.u_ad,0.03850548
16.0711,A,mrac.yaw.e,0.027252903
16.0711,A,mrac.yaw.u_ad,0.0063117696
16.0711,A,mrac.z.e,3.8436974e-07
16.0711,A,mrac.z.u_ad,0.066424765
16.0711,A,status.arm,0
16.0711,A,status.flymode,1
16.0711,A,status.rc_authority,1
16.0711,A,status.sbus_lost,0
16.0711,A,status.twc_arrived,0
16.0711,A,status.twc_execute,0
16.0712,B,mrac.pitch.theta_0,0.010037598
16.0712,B,mrac.pitch.theta_1,0.00029485513
16.0712,B,mrac.pitch.theta_2,0.0048644277
16.0712,B,mrac.pitch.theta_3,0.0051458129
16.0712,B,mrac.pitch.theta_4,0.18255973
16.0712,B,mrac.pitch.theta_5,0.141709
16.0712,B,mrac.pitch.u_nom,0.00085086387
16.0712,B,mrac.pitch.xm,-0.016318833
16.0712,B,mrac.roll.theta_0,0.041761518
16.0712,B,mrac.roll.theta_1,8.3316001e-05
16.0712,B,mrac.roll.theta_2,0.003430058
16.0712,B,mrac.roll.theta_3,0.0030855578
16.0712,B,mrac.roll.theta_4,0.12211702
16.0712,B,mrac.roll.theta_5,0.12013324
16.0712,B,mrac.roll.u_nom,-0.0038852144
16.0712,B,mrac.roll.xm,-0.016198615
16.0712,B,mrac.yaw.theta_0,0.0068383617
16.0712,B,mrac.yaw.theta_1,0.0014286982
16.0712,B,mrac.yaw.theta_2,0.0018954265
16.0712,B,mrac.yaw.theta_3,0
16.0712,B,mrac.yaw.theta_4,0.080214113
16.0712,B,mrac.yaw.theta_5,0.088154927
16.0712,B,mrac.yaw.u_nom,0.0055403714
16.0712,B,mrac.yaw.xm,0.00018689341
16.0712,B,mrac.z.theta_0,0.066424899
16.0712,B,mrac.z.theta_1,0.0048864987
16.0712,B,mrac.z.theta_2,0.0033914966
16.0712,B,mrac.z.theta_3,0
16.0712,B,mrac.z.theta_4,0.19795789
16.0712,B,mrac.z.theta_5,0.19211248
16.0712,B,mrac.z.u_nom,-5.4501476e-07
16.0712,B,mrac.z.xm,0
16.0712,B,path.active_path_mode,0
16.0712,B,path.circle_theta,0
16.0712,B,path.sinusoid_t_elapsed,30.002968
16.0712,B,path.twc_arrived,0
16.0712,B,path.twc_target_x,-10.000002
16.0712,B,path.twc_target_y,-29.999998
16.0712,B,path.twc_target_z,0.60000002
16.0712,B,pid.gyrox.Des,-0.92811191
16.0712,B,pid.gyrox.FB,0.018870601
16.0712,B,pid.gyrox.U,-4.545701
16.0712,B,pid.gyroy.Des,-0.93499994
16.0712,B,pid.gyroy.FB,-0.96351105
16.0712,B,pid.gyroy.U,0.9955107
16.0712,B,pid.gyroz.Des,0.010708199
16.0712,B,pid.gyroz.FB,-1.2822369
16.0712,B,pid.gyroz.U,10.371575
16.0712,B,pid.locx.Des,-17.506115
16.0712,B,pid.locx.FB,-17.506115
16.0712,B,pid.locx.U,2.0039947
16.0712,B,pid.locxs.Des,2.0039947
16.0712,B,pid.locxs.FB,-2.9962158
16.0712,B,pid.locxs.U,15.000661
16.0712,B,pid.locy.Des,-16.6401
16.0712,B,pid.locy.FB,-16.6401
16.0712,B,pid.locy.U,-1.9889475
16.0712,B,pid.locys.Des,-1.9889475
16.0712,B,pid.locys.FB,0.15063173
16.0712,B,pid.locys.U,-6.4181728
16.0712,B,pid.pitch.Des,-0.33048505
16.0712,B,pid.pitch.FB,-0.0094999671
16.0712,B,pid.pitch.U,-0.93499994
16.0712,B,pid.roll.Des,-0.8940708
16.0712,B,pid.roll.FB,-0.58829695
16.0712,B,pid.roll.U,-0.92811191
16.0712,B,pid.yaw.Des,2.8780663
16.0712,B,pid.yaw.FB,2.8780663
16.0712,B,pid.yaw.U,0.010708199
16.0712,B,pid.z_pos.Des,0.0099994726
16.0712,B,pid.z_pos.FB,0.0099994726
16.0712,B,pid.z_pos.U,0
16.0712,B,pid.z_rate.Des,0
16.0712,B,pid.z_rate.FB,3.021546e-07
16.0712,B,pid.z_rate.U,-0.00012099328
16.2872,A,mrac.pitch.e,0.098990202
16.2872,A,mrac.pitch.u_ad,0.00023122597
16.2872,A,mrac.roll.e,-0.031963106
16.2872,A,mrac.roll.u_ad,0.043231029
16.2872,A,mrac.yaw.e,0.025848694
16.2872,A,mrac.yaw.u_ad,0.0067568901
16.2872,A,mrac.z.e,-4.1592984e-06
16.2872,A,mrac.z.u_ad,0.066426359
16.2872,A,status.arm,0
16.2872,A,status.flymode,1
16.2872,A,status.rc_authority,1
16.2872,A,status.sbus_lost,0
16.2872,A,status.twc_arrived,0
16.2872,A,status.twc_execute,0
16.2873,B,mrac.pitch.theta_0,0.010073702
16.2873,B,mrac.pitch.theta_1,0.00029471205
16.2873,B,mrac.pitch.theta_2,0.0048643951
16.2873,B,mrac.pitch.theta_3,0.0051457868
16.2873,B,mrac.pitch.theta_4,0.18255861
16.2873,B,mrac.pitch.theta_5,0.1417076
16.2873,B,mrac.pitch.u_nom,-0.039172851
16.2873,B,mrac.pitch.xm,-0.015362457
16.2873,B,mrac.roll.theta_0,0.041556355
16.2873,B,mrac.roll.theta_1,8.5103617e-05
16.2873,B,mrac.roll.theta_2,0.0034300603
16.2873,B,mrac.roll.theta_3,0.003085536
16.2873,B,mrac.roll.theta_4,0.12211919
16.2873,B,mrac.roll.theta_5,0.12013578
16.2873,B,mrac.roll.u_nom,-0.0027233183
16.2873,B,mrac.roll.xm,-0.015123964
16.2873,B,mrac.yaw.theta_0,0.0069918814
16.2873,B,mrac.yaw.theta_1,0.0014284729
16.2873,B,mrac.yaw.theta_2,0.0018954513
16.2873,B,mrac.yaw.theta_3,0
16.2873,B,mrac.yaw.theta_4,0.080214083
16.2873,B,mrac.yaw.theta_5,0.088154644
16.2873,B,mrac.yaw.u_nom,0.0081064235
16.2873,B,mrac.yaw.xm,0.0015809534
16.2873,B,mrac.z.theta_0,0.066424899
16.2873,B,mrac.z.theta_1,0.0048864987
16.2873,B,mrac.z.theta_2,0.0033914966
16.2873,B,mrac.z.theta_3,0
16.2873,B,mrac.z.theta_4,0.19795789
16.2873,B,mrac.z.theta_5,0.19211248
16.2873,B,mrac.z.u_nom,1.4205348e-07
16.2873,B,mrac.z.xm,0
16.2873,B,path.active_path_mode,0
16.2873,B,path.circle_theta,0
16.2873,B,path.sinusoid_t_elapsed,30.002968
16.2873,B,path.twc_arrived,0
16.2873,B,path.twc_target_x,-10.000002
16.2873,B,path.twc_target_y,-29.999998
16.2873,B,path.twc_target_z,0.60000002
16.2873,B,pid.gyrox.Des,-0.86653894
16.2873,B,pid.gyrox.FB,-1.2949592
16.2873,B,pid.gyrox.U,-3.1862824
16.2873,B,pid.gyroy.Des,-0.8802036
16.2873,B,pid.gyroy.FB,3.2135293
16.2873,B,pid.gyroy.U,-45.832237
16.2873,B,pid.gyroz.Des,0.090581916
16.2873,B,pid.gyroz.FB,-1.8101604
16.2873,B,pid.gyroz.U,15.175224
16.2873,B,pid.locx.Des,-17.670898
16.2873,B,pid.locx.FB,-17.670898
16.2873,B,pid.locx.U,2.0039947
16.2873,B,pid.locxs.Des,2.0039947
16.2873,B,pid.locxs.FB,-2.9963119
16.2873,B,pid.locxs.U,15.001096
16.2873,B,pid.locy.Des,-16.631777
16.2873,B,pid.locy.FB,-16.631777
16.2873,B,pid.locy.U,-1.9889859
16.2873,B,pid.locys.Des,-1.9889859
16.2873,B,pid.locys.FB,0.1487087
16.2873,B,pid.locys.U,-6.4096799
16.2873,B,pid.pitch.Des,-0.33056164
16.2873,B,pid.pitch.FB,-0.04885431
16.2873,B,pid.pitch.U,-0.8802036
16.2873,B,pid.roll.Des,-0.89385903
16.2873,B,pid.roll.FB,-0.59496862
16.2873,B,pid.roll.U,-0.86653894
16.2873,B,pid.yaw.Des,2.8412933
16.2873,B,pid.yaw.FB,2.8412933
16.2873,B,pid.yaw.U,0.090581916
16.2873,B,pid.z_pos.Des,0.0099994568
16.2873,B,pid.z_pos.FB,0.0099994568
16.2873,B,pid.z_pos.U,0
16.2873,B,pid.z_rate.Des,0
16.2873,B,pid.z_rate.FB,-7.8754042e-08
16.2873,B,pid.z_rate.U,3.1535874e-05
16.4879,A,mrac.pitch.e,-0.0078869006
16.4879,A,mrac.pitch.u_ad,0.014198338
16.4879,A,mrac.roll.e,-0.018316288
16.4879,A,mrac.roll.u_ad,0.035787627
16.4879,A,mrac.yaw.e,-0.011873142
16.4879,A,mrac.yaw.u_ad,0.0073556784
16.4879,A,mrac.z.e,5.4516468e-06
16.4879,A,mrac.z.u_ad,0.066422984
16.4879,A,status.arm,0
16.4879,A,status.flymode,1
16.4879,A,status.rc_authority,1
16.4879,A,status.sbus_lost,0
16.4879,A,status.twc_arrived,0
16.4879,A,status.twc_execute,0
16.4879,B,mrac.pitch.theta_0,0.012894215
16.4879,B,mrac.pitch.theta_1,0.00029056464
16.4879,B,mrac.pitch.theta_2,0.0048640682
16.4879,B,mrac.pitch.theta_3,0.0051455754
16.4879,B,mrac.pitch.theta_4,0.18254603
16.4879,B,mrac.pitch.theta_5,0.1416913
16.4879,B,mrac.pitch.u_nom,-0.00059396838
16.4879,B,mrac.pitch.xm,0.00035818049
16.4879,B,mrac.roll.theta_0,0.037754796
16.4879,B,mrac.roll.theta_1,8.4233186e-05
16.4879,B,mrac.roll.theta_2,0.0034291202
16.4879,B,mrac.roll.theta_3,0.0030855248
16.4879,B,mrac.roll.theta_4,0.12213339
16.4879,B,mrac.roll.theta_5,0.12014949
16.4879,B,mrac.roll.u_nom,0.011152091
16.4879,B,mrac.roll.xm,-0.035918698
16.4879,B,mrac.yaw.theta_0,0.007240992
16.4879,B,mrac.yaw.theta_1,0.0014278487
16.4879,B,mrac.yaw.theta_2,0.0018954845
16.4879,B,mrac.yaw.theta_3,0
16.4879,B,mrac.yaw.theta_4,0.080213957
16.4879,B,mrac.yaw.theta_5,0.088153802
16.4879,B,mrac.yaw.u_nom,0.00023018599
16.4879,B,mrac.yaw.xm,9.518092e-05
16.4879,B,mrac.z.theta_0,0.066424899
16.4879,B,mrac.z.theta_1,0.0048864987
16.4879,B,mrac.z.theta_2,0.0033914966
16.4879,B,mrac.z.theta_3,0
16.4879,B,mrac.z.theta_4,0.19795789
16.4879,B,mrac.z.theta_5,0.19211248
16.4879,B,mrac.z.u_nom,-1.4727727e-05
16.4879,B,mrac.z.xm,0
16.4879,B,path.active_path_mode,0
16.4879,B,path.circle_theta,0
16.4879,B,path.sinusoid_t_elapsed,30.002968
16.4879,B,path.twc_arrived,0
16.4879,B,path.twc_target_x,-10.000002
16.4879,B,path.twc_target_y,-29.999998
16.4879,B,path.twc_target_z,0.60000002
16.4879,B,pid.gyrox.Des,-2.0579889
16.4879,B,pid.gyrox.FB,0.29563606
16.4879,B,pid.gyrox.U,13.047947
16.4879,B,pid.gyroy.Des,0.020522222
16.4879,B,pid.gyroy.FB,0.026728811
16.4879,B,pid.gyroy.U,-0.69494301
16.4879,B,pid.gyroz.Des,0.0054534627
16.4879,B,pid.gyroz.FB,-0.047962606
16.4879,B,pid.gyroz.U,0.43090817
16.4879,B,pid.locx.Des,-17.915802
16.4879,B,pid.locx.FB,-17.915802
16.4879,B,pid.locx.U,2.0121841
16.4879,B,pid.locxs.Des,2.0121841
16.4879,B,pid.locxs.FB,-4.0449085
16.4879,B,pid.locxs.U,18.172791
16.4879,B,pid.locy.Des,-16.724766
16.4879,B,pid.locy.FB,-16.724766
16.4879,B,pid.locy.U,-1.9849148
16.4879,B,pid.locys.Des,-1.9849148
16.4879,B,pid.locys.FB,-0.79919708
16.4879,B,pid.locys.U,-3.5646744
16.4879,B,pid.pitch.Des,-0.15503317
16.4879,B,pid.pitch.FB,-0.15892674
16.4879,B,pid.pitch.U,0.020522222
16.4879,B,pid.roll.Des,-1.0706934
16.4879,B,pid.roll.FB,-0.44126049
16.4879,B,pid.roll.U,-2.0579889
16.4879,B,pid.yaw.Des,2.8596423
16.4879,B,pid.yaw.FB,2.8596423
16.4879,B,pid.yaw.U,0.0054534627
16.4879,B,pid.z_pos.Des,0.0099996636
16.4879,B,pid.z_pos.FB,0.0099996636
16.4879,B,pid.z_pos.U,0
16.4879,B,pid.z_rate.Des,0
16.4879,B,pid.z_rate.FB,8.1650087e-06
16.4879,B,pid.z_rate.U,-0.0032695553
16.6878,A,mrac.pitch.e,-1.3200517
16.6878,A,mrac.pitch.u_ad,0.14999357
16.6878,A,mrac.roll.e,2.1632042
16.6878,A,mrac.roll.u_ad,-0.064189665
16.6878,A,mrac.yaw.e,-0.63693494
16.6878,A,mrac.yaw.u_ad,0.034607645
16.6878,A,mrac.z.e,0.11217081
16.6878,A,mrac.z.u_ad,0.02251875
16.6878,A,status.arm,0
16.6878,A,status.flymode,1
16.6878,A,status.rc_authority,1
16.6878,A,status.sbus_lost,0
16.6878,A,status.twc_arrived,0
16.6878,A,status.twc_execute,0
16.6878,B,mrac.pitch.theta_0,0.039738208
16.6878,B,mrac.pitch.theta_1,0.00023900057
16.6878,B,mrac.pitch.theta_2,0.0051297899
16.6878,B,mrac.pitch.theta_3,0.0050860392
16.6878,B,mrac.pitch.theta_4,0.18265446
16.6878,B,mrac.pitch.theta_5,0.1417022
16.6878,B,mrac.pitch.u_nom,0.25641027
16.6878,B,mrac.pitch.xm,0.12769276
16.6878,B,mrac.roll.theta_0,0.018822789
16.6878,B,mrac.roll.theta_1,6.48883e-05
16.6878,B,mrac.roll.theta_2,0.0031223632
16.6878,B,mrac.roll.theta_3,0.0030612736
16.6878,B,mrac.roll.theta_4,0.12246563
16.6878,B,mrac.roll.theta_5,0.12024315
16.6878,B,mrac.roll.u_nom,-0.25641027
16.6878,B,mrac.roll.xm,-0.14330536
16.6878,B,mrac.yaw.theta_0,0.012378726
16.6878,B,mrac.yaw.theta_1,0.0014080355
16.6878,B,mrac.yaw.theta_2,0.0019030961
16.6878,B,mrac.yaw.theta_3,0
16.6878,B,mrac.yaw.theta_4,0.08022923
16.6878,B,mrac.yaw.theta_5,0.088147737
16.6878,B,mrac.yaw.u_nom,0.069321275
16.6878,B,mrac.yaw.xm,0.0083096186
16.6878,B,mrac.z.theta_0,0.064482547
16.6878,B,mrac.z.theta_1,0.0048344485
16.6878,B,mrac.z.theta_2,0.0033892228
16.6878,B,mrac.z.theta_3,0
16.6878,B,mrac.z.theta_4,0.19795711
16.6878,B,mrac.z.theta_5,0.19210419
16.6878,B,mrac.z.u_nom,-0.15455317
16.6878,B,mrac.z.xm,0
16.6878,B,path.active_path_mode,0
16.6878,B,path.circle_theta,0
16.6878,B,path.sinusoid_t_elapsed,30.002968
16.6878,B,path.twc_arrived,0
16.6878,B,path.twc_target_x,-10.000002
16.6878,B,path.twc_target_y,-29.999998
16.6878,B,path.twc_target_z,0.60000002
16.6878,B,pid.gyrox.Des,-8.2107887
16.6878,B,pid.gyrox.FB,77.789871
16.6878,B,pid.gyrox.U,-300
16.6878,B,pid.gyroy.Des,7.3162532
16.6878,B,pid.gyroy.FB,-51.711494
16.6878,B,pid.gyroy.U,300
16.6878,B,pid.gyroz.Des,0.47610587
16.6878,B,pid.gyroz.FB,-15.736432
16.6878,B,pid.gyroz.U,129.76942
16.6878,B,pid.locx.Des,-17.955727
16.6878,B,pid.locx.FB,-17.955727
16.6878,B,pid.locx.U,1.9718171
16.6878,B,pid.locxs.Des,1.9718171
16.6878,B,pid.locxs.FB,0.99923676
16.6878,B,pid.locxs.U,-3.2217085
16.6878,B,pid.locy.Des,-16.722355
16.6878,B,pid.locy.FB,-16.722355
16.6878,B,pid.locy.U,-1.9872265
16.6878,B,pid.locys.Des,-1.9872265
16.6878,B,pid.locys.FB,-0.039062206
16.6878,B,pid.locys.U,-5.5920477
16.6878,B,pid.pitch.Des,-0.33362144
16.6878,B,pid.pitch.FB,-2.1806164
16.6878,B,pid.pitch.U,7.3162532
16.6878,B,pid.roll.Des,0.17519635
16.6878,B,pid.roll.FB,1.9639907
16.6878,B,pid.roll.U,-8.2107887
16.6878,B,pid.yaw.Des,2.2386706
16.6878,B,pid.yaw.FB,2.2386706
16.6878,B,pid.yaw.U,0.47610587
16.6878,B,pid.z_pos.Des,0.019973775
16.6878,B,pid.z_pos.FB,0.019973775
16.6878,B,pid.z_pos.U,0
16.6878,B,pid.z_rate.Des,0
16.6878,B,pid.z_rate.FB,0.08568383
16.6878,B,pid.z_rate.U,-34.310806
16.8879,A,mrac.pitch.e,-1.5523524
16.8879,A,mrac.pitch.u_ad,0.29865599
16.8879,A,mrac.roll.e,1.7796191
16.8879,A,mrac.roll.u_ad,-0.18943109
16.8879,A,mrac.yaw.e,-1.2252289
16.8879,A,mrac.yaw.u_ad,0
16.8879,A,mrac.z.e,0.65954787
16.8879,A,mrac.z.u_ad,-0.18605441
16.8879,A,status.arm,0
16.8879,A,status.flymode,1
16.8879,A,status.rc_authority,1
16.8879,A,status.sbus_lost,0
16.8879,A,status.twc_arrived,0
16.8879,A,status.twc_execute,0
16.8880,B,mrac.pitch.theta_0,0.10159838
16.8880,B,mrac.pitch.theta_1,0.00011267387
16.8880,B,mrac.pitch.theta_2,0.0064608487
16.8880,B,mrac.pitch.theta_3,0.003960995
16.8880,B,mrac.pitch.theta_4,0.18300186
16.8880,B,mrac.pitch.theta_5,0.14218591
16.8880,B,mrac.pitch.u_nom,0.17094018
16.8880,B,mrac.pitch.xm,0.50018436
16.8880,B,mrac.roll.theta_0,0.0020566711
16.8880,B,mrac.roll.theta_1,1.7497898e-05
16.8880,B,mrac.roll.theta_2,0.0017378721
16.8880,B,mrac.roll.theta_3,0.0026167429
16.8880,B,mrac.roll.theta_4,0.12343272
16.8880,B,mrac.roll.theta_5,0.12276457
16.8880,B,mrac.roll.u_nom,-0.17094018
16.8880,B,mrac.roll.xm,-0.85420853
16.8880,B,mrac.yaw.theta_0,0.032681733
16.8880,B,mrac.yaw.theta_1,0.0011274834
16.8880,B,mrac.yaw.theta_2,0.0023004247
16.8880,B,mrac.yaw.theta_3,0
16.8880,B,mrac.yaw.theta_4,0.080468096
16.8880,B,mrac.yaw.theta_5,0.088139951
16.8880,B,mrac.yaw.u_nom,0.13354115
16.8880,B,mrac.yaw.xm,0.041570112
16.8880,B,mrac.z.theta_0,0.051590715
16.8880,B,mrac.z.theta_1,0.0035237214
16.8880,B,mrac.z.theta_2,0.0031511369
16.8880,B,mrac.z.theta_3,0
16.8880,B,mrac.z.theta_4,0.19813995
16.8880,B,mrac.z.theta_5,0.19208255
16.8880,B,mrac.z.u_nom,-1.3513514
16.8880,B,mrac.z.xm,0
16.8880,B,path.active_path_mode,0
16.8880,B,path.circle_theta,0
16.8880,B,path.sinusoid_t_elapsed,30.002968
16.8880,B,path.twc_arrived,0
16.8880,B,path.twc_target_x,-10.000002
16.8880,B,path.twc_target_y,-29.999998
16.8880,B,path.twc_target_z,0.60000002
16.8880,B,pid.gyrox.Des,-48.942524
16.8880,B,pid.gyrox.FB,59.043285
16.8880,B,pid.gyrox.U,-200
16.8880,B,pid.gyroy.Des,28.65844
16.8880,B,pid.gyroy.FB,-39.791973
16.8880,B,pid.gyroy.U,200
16.8880,B,pid.gyroz.Des,2.3817909
16.8880,B,pid.gyroz.FB,-69.015129
16.8880,B,pid.gyroz.U,249.98904
16.8880,B,pid.locx.Des,-17.617916
16.8880,B,pid.locx.FB,-17.617916
16.8880,B,pid.locx.U,1.9866449
16.8880,B,pid.locxs.Des,1.9866449
16.8880,B,pid.locxs.FB,-1.4394035
16.8880,B,pid.locxs.U,7.7808523
16.8880,B,pid.locy.Des,-18.441744
16.8880,B,pid.locy.FB,-18.441744
16.8880,B,pid.locy.U,-1.8757432
16.8880,B,pid.locys.Des,-1.8757432
16.8880,B,pid.locys.FB,-30.379734
16.8880,B,pid.locys.U,85.653763
16.8880,B,pid.pitch.Des,4.6834817
16.8880,B,pid.pitch.FB,-8.2026644
16.8880,B,pid.pitch.U,28.65844
16.8880,B,pid.roll.Des,-1.0288725
16.8880,B,pid.roll.FB,17.296122
16.8880,B,pid.roll.U,-48.942524
16.8880,B,pid.yaw.Des,-6.74966
16.8880,B,pid.yaw.FB,-6.74966
16.8880,B,pid.yaw.U,2.3817909
16.8880,B,pid.z_pos.Des,0.13230187
16.8880,B,pid.z_pos.FB,0.13230187
16.8880,B,pid.z_pos.U,0
16.8880,B,pid.z_rate.Des,0
16.8880,B,pid.z_rate.FB,0.81225979
16.8880,B,pid.z_rate.U,-300
17.0953,A,mrac.pitch.e,-0.15652764
17.0953,A,mrac.pitch.u_ad,0.27058432
17.0953,A,mrac.roll.e,1.4978167
17.0953,A,mrac.roll.u_ad,-0.28522536
17.0953,A,mrac.yaw.e,-1.0041695
17.0953,A,mrac.yaw.u_ad,0
17.0953,A,mrac.z.e,0.75708622
17.0953,A,mrac.z.u_ad,-0.23629366
17.0953,A,status.arm,0
17.0953,A,status.flymode,1
17.0953,A,status.rc_authority,1
17.0953,A,status.sbus_lost,0
17.0953,A,status.twc_arrived,0
17.0953,A,status.twc_execute,0
17.0955,B,mrac.pitch.theta_0,0.14895871
17.0955,B,mrac.pitch.theta_1,0.00074455119
17.0955,B,mrac.pitch.theta_2,0.0073758233
17.0955,B,mrac.pitch.theta_3,0.0033487808
17.0955,B,mrac.pitch.theta_4,0.18361789
17.0955,B,mrac.pitch.theta_5,0.14391977
17.0955,B,mrac.pitch.u_nom,0.25641027
17.0955,B,mrac.pitch.xm,1.1910993
17.0955,B,mrac.roll.theta_0,2.6595229e-05
17.0955,B,mrac.roll.theta_1,9.9993867e-06
17.0955,B,mrac.roll.theta_2,0.0015208373
17.0955,B,mrac.roll.theta_3,0.0024561672
17.0955,B,mrac.roll.theta_4,0.12518384
17.0955,B,mrac.roll.theta_5,0.13234764
17.0955,B,mrac.roll.u_nom,-0.25641027
17.0955,B,mrac.roll.xm,-1.9927297
17.0955,B,mrac.yaw.theta_0,0.032681733
17.0955,B,mrac.yaw.theta_1,0.0011274834
17.0955,B,mrac.yaw.theta_2,0.0023004247
17.0955,B,mrac.yaw.theta_3,0
17.0955,B,mrac.yaw.theta_4,0.080468096
17.0955,B,mrac.yaw.theta_5,0.088139951
17.0955,B,mrac.yaw.u_nom,0.13354431
17.0955,B,mrac.yaw.xm,0.024463832
17.0955,B,mrac.z.theta_0,0.033375382
17.0955,B,mrac.z.theta_1,0.0012124385
17.0955,B,mrac.z.theta_2,0.0022742397
17.0955,B,mrac.z.theta_3,0
17.0955,B,mrac.z.theta_4,0.19855554
17.0955,B,mrac.z.theta_5,0.19206168
17.0955,B,mrac.z.u_nom,-1.060755
17.0955,B,mrac.z.xm,0
17.0955,B,path.active_path_mode,0
17.0955,B,path.circle_theta,0
17.0955,B,path.sinusoid_t_elapsed,30.002968
17.0955,B,path.twc_arrived,0
17.0955,B,path.twc_target_x,-10.000002
17.0955,B,path.twc_target_y,-29.999998
17.0955,B,path.twc_target_z,0.60000002
17.0955,B,pid.gyrox.Des,-114.17495
17.0955,B,pid.gyrox.FB,1.781147
17.0955,B,pid.gyrox.U,-300
17.0955,B,pid.gyroy.Des,68.244934
17.0955,B,pid.gyroy.FB,26.386702
17.0955,B,pid.gyroy.U,300
17.0955,B,pid.gyroz.Des,1.4016738
17.0955,B,pid.gyroz.FB,-61.457653
17.0955,B,pid.gyroz.U,249.99495
17.0955,B,pid.locx.Des,-22.652176
17.0955,B,pid.locx.FB,-22.652176
17.0955,B,pid.locx.U,2.363945
17.0955,B,pid.locxs.Des,2.363945
17.0955,B,pid.locxs.FB,-51.40662
17.0955,B,pid.locxs.U,199.00397
17.0955,B,pid.locy.Des,-34.358505
17.0955,B,pid.locy.FB,-34.358505
17.0955,B,pid.locy.U,-1.2017518
17.0955,B,pid.locys.Des,-1.2017518
17.0955,B,pid.locys.FB,-120.39252
17.0955,B,pid.locys.U,400.1496
17.0955,B,pid.pitch.Des,14.966025
17.0955,B,pid.pitch.FB,-4.4988441
17.0955,B,pid.pitch.U,68.244934
17.0955,B,pid.roll.Des,-15
17.0955,B,pid.roll.FB,22.789804
17.0955,B,pid.roll.U,-114.17495
17.0955,B,pid.yaw.Des,-24.044846
17.0955,B,pid.yaw.FB,-24.044846
17.0955,B,pid.yaw.U,1.4016738
17.0955,B,pid.z_pos.Des,0.35844573
17.0955,B,pid.z_pos.FB,0.35844573
17.0955,B,pid.z_pos.U,0
17.0955,B,pid.z_rate.Des,0
17.0955,B,pid.z_rate.FB,0.58871907
17.0955,B,pid.z_rate.U,-235.48763
17.3045,A,mrac.pitch.e,0.13071251
17.3045,A,mrac.pitch.u_ad,0.22140482
17.3045,A,mrac.roll.e,0.81939614
17.3045,A,mrac.roll.u_ad,-0.23264495
17.3045,A,mrac.yaw.e,-0.61973768
17.3045,A,mrac.yaw.u_ad,0.078121394
17.3045,A,mrac.z.e,0.31991434
17.3045,A,mrac.z.u_ad,-0.090019934
17.3045,A,status.arm,0
17.3045,A,status.flymode,1
17.3045,A,status.rc_authority,1
17.3045,A,status.sbus_lost,0
17.3045,A,status.twc_arrived,0
17.3045,A,status.twc_execute,0
17.3045,B,mrac.pitch.theta_0,0.148682
17.3045,B,mrac.pitch.theta_1,0.0016207087
17.3045,B,mrac.pitch.theta_2,0.007486084
17.3045,B,mrac.pitch.theta_3,0.0034650569
17.3045,B,mrac.pitch.theta_4,0.18361868
17.3045,B,mrac.pitch.theta_5,0.14401983
17.3045,B,mrac.pitch.u_nom,0.0085788136
17.3045,B,mrac.pitch.xm,0.53145027
17.3045,B,mrac.roll.theta_0,5.2420019e-06
17.3045,B,mrac.roll.theta_1,0.0030742928
17.3045,B,mrac.roll.theta_2,0.0013946423
17.3045,B,mrac.roll.theta_3,0.0032849505
17.3045,B,mrac.roll.theta_4,0.1258622
17.3045,B,mrac.roll.theta_5,0.13543265
17.3045,B,mrac.roll.u_nom,-0.19047008
17.3045,B,mrac.roll.xm,-1.5698981
17.3045,B,mrac.yaw.theta_0,0.060867481
17.3045,B,mrac.yaw.theta_1,0.00078444439
17.3045,B,mrac.yaw.theta_2,0.0029982927
17.3045,B,mrac.yaw.theta_3,0
17.3045,B,mrac.yaw.theta_4,0.080830514
17.3045,B,mrac.yaw.theta_5,0.088128209
17.3045,B,mrac.yaw.u_nom,0.13352801
17.3045,B,mrac.yaw.xm,0.013493523
17.3045,B,mrac.z.theta_0,0.024897814
17.3045,B,mrac.z.theta_1,0.00059142883
17.3045,B,mrac.z.theta_2,0.0018299472
17.3045,B,mrac.z.theta_3,0
17.3045,B,mrac.z.theta_4,0.19878834
17.3045,B,mrac.z.theta_5,0.19204868
17.3045,B,mrac.z.u_nom,-0.77829748
17.3045,B,mrac.z.xm,0
17.3045,B,path.active_path_mode,0
17.3045,B,path.circle_theta,0
17.3045,B,path.sinusoid_t_elapsed,30.002968
17.3045,B,path.twc_arrived,0
17.3045,B,path.twc_target_x,-10.000002
17.3045,B,path.twc_target_y,-29.999998
17.3045,B,path.twc_target_z,0.60000002
17.3045,B,pid.gyrox.Des,-89.948502
17.3045,B,pid.gyrox.FB,-44.241096
17.3045,B,pid.gyrox.U,-222.84999
17.3045,B,pid.gyroy.Des,30.449844
17.3045,B,pid.gyroy.FB,34.107418
17.3045,B,pid.gyroy.U,10.037212
17.3045,B,pid.gyroz.Des,0.7731216
17.3045,B,pid.gyroz.FB,-34.624985
17.3045,B,pid.gyroz.U,249.96443
17.3045,B,pid.locx.Des,-32.562019
17.3045,B,pid.locx.FB,-32.562019
17.3045,B,pid.locx.U,2.4021912
17.3045,B,pid.locxs.Des,2.4021912
17.3045,B,pid.locxs.FB,-85.394806
17.3045,B,pid.locxs.U,295.13324
17.3045,B,pid.locy.Des,-55.082394
17.3045,B,pid.locy.FB,-55.082394
17.3045,B,pid.locy.U,-1.154165
17.3045,B,pid.locys.Des,-1.154165
17.3045,B,pid.locys.FB,-154.83128
17.3045,B,pid.locys.U,475.78745
17.3045,B,pid.pitch.Des,14.65542
17.3045,B,pid.pitch.FB,3.8569837
17.3045,B,pid.pitch.U,30.449844
17.3045,B,pid.roll.Des,-15
17.3045,B,pid.roll.FB,15.752808
17.3045,B,pid.roll.U,-89.948502
17.3045,B,pid.yaw.Des,-29.769007
17.3045,B,pid.yaw.FB,-29.769007
17.3045,B,pid.yaw.U,0.7731216
17.3045,B,pid.z_pos.Des,0.50893891
17.3045,B,pid.z_pos.FB,0.50893891
17.3045,B,pid.z_pos.U,0
17.3045,B,pid.z_rate.Des,0
17.3045,B,pid.z_rate.FB,0.4319551
17.3045,B,pid.z_rate.U,-172.78204
17.5218,A,mrac.pitch.e,0.13071251
17.5218,A,mrac.pitch.u_ad,0.22140482
17.5218,A,mrac.roll.e,0.81939614
17.5218,A,mrac.roll.u_ad,-0.23264495
17.5218,A,mrac.yaw.e,-0.61973768
17.5218,A,mrac.yaw.u_ad,0.078121394
17.5218,A,mrac.z.e,0.31991434
17.5218,A,mrac.z.u_ad,-0.090019934
17.5218,A,status.arm,0
17.5218,A,status.flymode,1
17.5218,A,status.rc_authority,1
17.5218,A,status.sbus_lost,0
17.5218,A,status.twc_arrived,0
17.5218,A,status.twc_execute,0
17.5218,B,mrac.pitch.theta_0,0.148682
17.5218,B,mrac.pitch.theta_1,0.0016207087
17.5218,B,mrac.pitch.theta_2,0.007486084
17.5218,B,mrac.pitch.theta_3,0.0034650569
17.5218,B,mrac.pitch.theta_4,0.18361868
17.5218,B,mrac.pitch.theta_5,0.14401983
17.5218,B,mrac.pitch.u_nom,0.0085788136
17.5218,B,mrac.pitch.xm,0.53145027
17.5218,B,mrac.roll.theta_0,5.2420019e-06
17.5218,B,mrac.roll.theta_1,0.0030742928
17.5218,B,mrac.roll.theta_2,0.0013946423
17.5218,B,mrac.roll.theta_3,0.0032849505
17.5218,B,mrac.roll.theta_4,0.1258622
17.5218,B,mrac.roll.theta_5,0.13543265
17.5218,B,mrac.roll.u_nom,-0.19047008
17.5218,B,mrac.roll.xm,-1.5698981
17.5218,B,mrac.yaw.theta_0,0.060867481
17.5218,B,mrac.yaw.theta_1,0.00078444439
17.5218,B,mrac.yaw.theta_2,0.0029982927
17.5218,B,mrac.yaw.theta_3,0
17.5218,B,mrac.yaw.theta_4,0.080830514
17.5218,B,mrac.yaw.theta_5,0.088128209
17.5218,B,mrac.yaw.u_nom,0.13352801
17.5218,B,mrac.yaw.xm,0.013493523
17.5218,B,mrac.z.theta_0,0.024897814
17.5218,B,mrac.z.theta_1,0.00059142883
17.5218,B,mrac.z.theta_2,0.0018299472
17.5218,B,mrac.z.theta_3,0
17.5218,B,mrac.z.theta_4,0.19878834
17.5218,B,mrac.z.theta_5,0.19204868
17.5218,B,mrac.z.u_nom,-0.77829748
17.5218,B,mrac.z.xm,0
17.5218,B,path.active_path_mode,0
17.5218,B,path.circle_theta,0
17.5218,B,path.sinusoid_t_elapsed,30.002968
17.5218,B,path.twc_arrived,0
17.5218,B,path.twc_target_x,-10.000002
17.5218,B,path.twc_target_y,-29.999998
17.5218,B,path.twc_target_z,0.60000002
17.5218,B,pid.gyrox.Des,-89.948502
17.5218,B,pid.gyrox.FB,-44.241096
17.5218,B,pid.gyrox.U,-222.84999
17.5218,B,pid.gyroy.Des,30.449844
17.5218,B,pid.gyroy.FB,34.107418
17.5218,B,pid.gyroy.U,10.037212
17.5218,B,pid.gyroz.Des,0.7731216
17.5218,B,pid.gyroz.FB,-34.624985
17.5218,B,pid.gyroz.U,249.96443
17.5218,B,pid.locx.Des,-32.562019
17.5218,B,pid.locx.FB,-32.562019
17.5218,B,pid.locx.U,2.4021912
17.5218,B,pid.locxs.Des,2.4021912
17.5218,B,pid.locxs.FB,-85.394806
17.5218,B,pid.locxs.U,295.13324
17.5218,B,pid.locy.Des,-55.082394
17.5218,B,pid.locy.FB,-55.082394
17.5218,B,pid.locy.U,-1.154165
17.5218,B,pid.locys.Des,-1.154165
17.5218,B,pid.locys.FB,-154.83128
17.5218,B,pid.locys.U,475.78745
17.5218,B,pid.pitch.Des,14.65542
17.5218,B,pid.pitch.FB,3.8569837
17.5218,B,pid.pitch.U,30.449844
17.5218,B,pid.roll.Des,-15
17.5218,B,pid.roll.FB,15.752808
17.5218,B,pid.roll.U,-89.948502
17.5218,B,pid.yaw.Des,-29.769007
17.5218,B,pid.yaw.FB,-29.769007
17.5218,B,pid.yaw.U,0.7731216
17.5218,B,pid.z_pos.Des,0.50893891
17.5218,B,pid.z_pos.FB,0.50893891
17.5218,B,pid.z_pos.U,0
17.5218,B,pid.z_rate.Des,0
17.5218,B,pid.z_rate.FB,0.4319551
17.5218,B,pid.z_rate.U,-172.78204
17.7271,A,mrac.pitch.e,0.13071251
17.7271,A,mrac.pitch.u_ad,0.22140482
17.7271,A,mrac.roll.e,0.81939614
17.7271,A,mrac.roll.u_ad,-0.23264495
17.7271,A,mrac.yaw.e,-0.61973768
17.7271,A,mrac.yaw.u_ad,0.078121394
17.7271,A,mrac.z.e,0.31991434
17.7271,A,mrac.z.u_ad,-0.090019934
17.7271,A,status.arm,0
17.7271,A,status.flymode,1
17.7271,A,status.rc_authority,1
17.7271,A,status.sbus_lost,0
17.7271,A,status.twc_arrived,0
17.7271,A,status.twc_execute,0
17.7272,B,mrac.pitch.theta_0,0.148682
17.7272,B,mrac.pitch.theta_1,0.0016207087
17.7272,B,mrac.pitch.theta_2,0.007486084
17.7272,B,mrac.pitch.theta_3,0.0034650569
17.7272,B,mrac.pitch.theta_4,0.18361868
17.7272,B,mrac.pitch.theta_5,0.14401983
17.7272,B,mrac.pitch.u_nom,0.0085788136
17.7272,B,mrac.pitch.xm,0.53145027
17.7272,B,mrac.roll.theta_0,5.2420019e-06
17.7272,B,mrac.roll.theta_1,0.0030742928
17.7272,B,mrac.roll.theta_2,0.0013946423
17.7272,B,mrac.roll.theta_3,0.0032849505
17.7272,B,mrac.roll.theta_4,0.1258622
17.7272,B,mrac.roll.theta_5,0.13543265
17.7272,B,mrac.roll.u_nom,-0.19047008
17.7272,B,mrac.roll.xm,-1.5698981
17.7272,B,mrac.yaw.theta_0,0.060867481
17.7272,B,mrac.yaw.theta_1,0.00078444439
17.7272,B,mrac.yaw.theta_2,0.0029982927
17.7272,B,mrac.yaw.theta_3,0
17.7272,B,mrac.yaw.theta_4,0.080830514
17.7272,B,mrac.yaw.theta_5,0.088128209
17.7272,B,mrac.yaw.u_nom,0.13352801
17.7272,B,mrac.yaw.xm,0.013493523
17.7272,B,mrac.z.theta_0,0.024897814
17.7272,B,mrac.z.theta_1,0.00059142883
17.7272,B,mrac.z.theta_2,0.0018299472
17.7272,B,mrac.z.theta_3,0
17.7272,B,mrac.z.theta_4,0.19878834
17.7272,B,mrac.z.theta_5,0.19204868
17.7272,B,mrac.z.u_nom,-0.77829748
17.7272,B,mrac.z.xm,0
17.7272,B,path.active_path_mode,0
17.7272,B,path.circle_theta,0
17.7272,B,path.sinusoid_t_elapsed,30.002968
17.7272,B,path.twc_arrived,0
17.7272,B,path.twc_target_x,-10.000002
17.7272,B,path.twc_target_y,-29.999998
17.7272,B,path.twc_target_z,0.60000002
17.7272,B,pid.gyrox.Des,-89.948502
17.7272,B,pid.gyrox.FB,-44.241096
17.7272,B,pid.gyrox.U,-222.84999
17.7272,B,pid.gyroy.Des,30.449844
17.7272,B,pid.gyroy.FB,34.107418
17.7272,B,pid.gyroy.U,10.037212
17.7272,B,pid.gyroz.Des,0.7731216
17.7272,B,pid.gyroz.FB,-34.624985
17.7272,B,pid.gyroz.U,249.96443
17.7272,B,pid.locx.Des,-32.562019
17.7272,B,pid.locx.FB,-32.562019
17.7272,B,pid.locx.U,2.4021912
17.7272,B,pid.locxs.Des,2.4021912
17.7272,B,pid.locxs.FB,-85.394806
17.7272,B,pid.locxs.U,295.13324
17.7272,B,pid.locy.Des,-55.082394
17.7272,B,pid.locy.FB,-55.082394
17.7272,B,pid.locy.U,-1.154165
17.7272,B,pid.locys.Des,-1.154165
17.7272,B,pid.locys.FB,-154.83128
17.7272,B,pid.locys.U,475.78745
17.7272,B,pid.pitch.Des,14.65542
17.7272,B,pid.pitch.FB,3.8569837
17.7272,B,pid.pitch.U,30.449844
17.7272,B,pid.roll.Des,-15
17.7272,B,pid.roll.FB,15.752808
17.7272,B,pid.roll.U,-89.948502
17.7272,B,pid.yaw.Des,-29.769007
17.7272,B,pid.yaw.FB,-29.769007
17.7272,B,pid.yaw.U,0.7731216
17.7272,B,pid.z_pos.Des,0.50893891
17.7272,B,pid.z_pos.FB,0.50893891
17.7272,B,pid.z_pos.U,0
17.7272,B,pid.z_rate.Des,0
17.7272,B,pid.z_rate.FB,0.4319551
17.7272,B,pid.z_rate.U,-172.78204
17.9386,A,mrac.pitch.e,0.13071251
17.9386,A,mrac.pitch.u_ad,0.22140482
17.9386,A,mrac.roll.e,0.81939614
17.9386,A,mrac.roll.u_ad,-0.23264495
17.9386,A,mrac.yaw.e,-0.61973768
17.9386,A,mrac.yaw.u_ad,0.078121394
17.9386,A,mrac.z.e,0.31991434
17.9386,A,mrac.z.u_ad,-0.090019934
17.9386,A,status.arm,0
17.9386,A,status.flymode,1
17.9386,A,status.rc_authority,1
17.9386,A,status.sbus_lost,0
17.9386,A,status.twc_arrived,0
17.9386,A,status.twc_execute,0
17.9386,B,mrac.pitch.theta_0,0.148682
17.9386,B,mrac.pitch.theta_1,0.0016207087
17.9386,B,mrac.pitch.theta_2,0.007486084
17.9386,B,mrac.pitch.theta_3,0.0034650569
17.9386,B,mrac.pitch.theta_4,0.18361868
17.9386,B,mrac.pitch.theta_5,0.14401983
17.9386,B,mrac.pitch.u_nom,0.0085788136
17.9386,B,mrac.pitch.xm,0.53145027
17.9386,B,mrac.roll.theta_0,5.2420019e-06
17.9386,B,mrac.roll.theta_1,0.0030742928
17.9386,B,mrac.roll.theta_2,0.0013946423
17.9386,B,mrac.roll.theta_3,0.0032849505
17.9386,B,mrac.roll.theta_4,0.1258622
17.9386,B,mrac.roll.theta_5,0.13543265
17.9386,B,mrac.roll.u_nom,-0.19047008
17.9386,B,mrac.roll.xm,-1.5698981
17.9386,B,mrac.yaw.theta_0,0.060867481
17.9386,B,mrac.yaw.theta_1,0.00078444439
17.9386,B,mrac.yaw.theta_2,0.0029982927
17.9386,B,mrac.yaw.theta_3,0
17.9386,B,mrac.yaw.theta_4,0.080830514
17.9386,B,mrac.yaw.theta_5,0.088128209
17.9386,B,mrac.yaw.u_nom,0.13352801
17.9386,B,mrac.yaw.xm,0.013493523
17.9386,B,mrac.z.theta_0,0.024897814
17.9386,B,mrac.z.theta_1,0.00059142883
17.9386,B,mrac.z.theta_2,0.0018299472
17.9386,B,mrac.z.theta_3,0
17.9386,B,mrac.z.theta_4,0.19878834
17.9386,B,mrac.z.theta_5,0.19204868
17.9386,B,mrac.z.u_nom,-0.77829748
17.9386,B,mrac.z.xm,0
17.9386,B,path.active_path_mode,0
17.9386,B,path.circle_theta,0
17.9386,B,path.sinusoid_t_elapsed,30.002968
17.9386,B,path.twc_arrived,0
17.9386,B,path.twc_target_x,-10.000002
17.9386,B,path.twc_target_y,-29.999998
17.9386,B,path.twc_target_z,0.60000002
17.9386,B,pid.gyrox.Des,-89.948502
17.9386,B,pid.gyrox.FB,-44.241096
17.9386,B,pid.gyrox.U,-222.84999
17.9386,B,pid.gyroy.Des,30.449844
17.9386,B,pid.gyroy.FB,34.107418
17.9386,B,pid.gyroy.U,10.037212
17.9386,B,pid.gyroz.Des,0.7731216
17.9386,B,pid.gyroz.FB,-34.624985
17.9386,B,pid.gyroz.U,249.96443
17.9386,B,pid.locx.Des,-32.562019
17.9386,B,pid.locx.FB,-32.562019
17.9386,B,pid.locx.U,2.4021912
17.9386,B,pid.locxs.Des,2.4021912
17.9386,B,pid.locxs.FB,-85.394806
17.9386,B,pid.locxs.U,295.13324
17.9386,B,pid.locy.Des,-55.082394
17.9386,B,pid.locy.FB,-55.082394
17.9386,B,pid.locy.U,-1.154165
17.9386,B,pid.locys.Des,-1.154165
17.9386,B,pid.locys.FB,-154.83128
17.9386,B,pid.locys.U,475.78745
17.9386,B,pid.pitch.Des,14.65542
17.9386,B,pid.pitch.FB,3.8569837
17.9386,B,pid.pitch.U,30.449844
17.9386,B,pid.roll.Des,-15
17.9386,B,pid.roll.FB,15.752808
17.9386,B,pid.roll.U,-89.948502
17.9386,B,pid.yaw.Des,-29.769007
17.9386,B,pid.yaw.FB,-29.769007
17.9386,B,pid.yaw.U,0.7731216
17.9386,B,pid.z_pos.Des,0.50893891
17.9386,B,pid.z_pos.FB,0.50893891
17.9386,B,pid.z_pos.U,0
17.9386,B,pid.z_rate.Des,0
17.9386,B,pid.z_rate.FB,0.4319551
17.9386,B,pid.z_rate.U,-172.78204
18.1551,A,mrac.pitch.e,0.13071251
18.1551,A,mrac.pitch.u_ad,0.22140482
18.1551,A,mrac.roll.e,0.81939614
18.1551,A,mrac.roll.u_ad,-0.23264495
18.1551,A,mrac.yaw.e,-0.61973768
18.1551,A,mrac.yaw.u_ad,0.078121394
18.1551,A,mrac.z.e,0.31991434
18.1551,A,mrac.z.u_ad,-0.090019934
18.1551,A,status.arm,0
18.1551,A,status.flymode,1
18.1551,A,status.rc_authority,1
18.1551,A,status.sbus_lost,0
18.1551,A,status.twc_arrived,0
18.1551,A,status.twc_execute,0
18.1552,B,mrac.pitch.theta_0,0.148682
18.1552,B,mrac.pitch.theta_1,0.0016207087
18.1552,B,mrac.pitch.theta_2,0.007486084
18.1552,B,mrac.pitch.theta_3,0.0034650569
18.1552,B,mrac.pitch.theta_4,0.18361868
18.1552,B,mrac.pitch.theta_5,0.14401983
18.1552,B,mrac.pitch.u_nom,0.0085788136
18.1552,B,mrac.pitch.xm,0.53145027
18.1552,B,mrac.roll.theta_0,5.2420019e-06
18.1552,B,mrac.roll.theta_1,0.0030742928
18.1552,B,mrac.roll.theta_2,0.0013946423
18.1552,B,mrac.roll.theta_3,0.0032849505
18.1552,B,mrac.roll.theta_4,0.1258622
18.1552,B,mrac.roll.theta_5,0.13543265
18.1552,B,mrac.roll.u_nom,-0.19047008
18.1552,B,mrac.roll.xm,-1.5698981
18.1552,B,mrac.yaw.theta_0,0.060867481
18.1552,B,mrac.yaw.theta_1,0.00078444439
18.1552,B,mrac.yaw.theta_2,0.0029982927
18.1552,B,mrac.yaw.theta_3,0
18.1552,B,mrac.yaw.theta_4,0.080830514
18.1552,B,mrac.yaw.theta_5,0.088128209
18.1552,B,mrac.yaw.u_nom,0.13352801
18.1552,B,mrac.yaw.xm,0.013493523
18.1552,B,mrac.z.theta_0,0.024897814
18.1552,B,mrac.z.theta_1,0.00059142883
18.1552,B,mrac.z.theta_2,0.0018299472
18.1552,B,mrac.z.theta_3,0
18.1552,B,mrac.z.theta_4,0.19878834
18.1552,B,mrac.z.theta_5,0.19204868
18.1552,B,mrac.z.u_nom,-0.77829748
18.1552,B,mrac.z.xm,0
18.1552,B,path.active_path_mode,0
18.1552,B,path.circle_theta,0
18.1552,B,path.sinusoid_t_elapsed,30.002968
18.1552,B,path.twc_arrived,0
18.1552,B,path.twc_target_x,-10.000002
18.1552,B,path.twc_target_y,-29.999998
18.1552,B,path.twc_target_z,0.60000002
18.1552,B,pid.gyrox.Des,-89.948502
18.1552,B,pid.gyrox.FB,-44.241096
18.1552,B,pid.gyrox.U,-222.84999
18.1552,B,pid.gyroy.Des,30.449844
18.1552,B,pid.gyroy.FB,34.107418
18.1552,B,pid.gyroy.U,10.037212
18.1552,B,pid.gyroz.Des,0.7731216
18.1552,B,pid.gyroz.FB,-34.624985
18.1552,B,pid.gyroz.U,249.96443
18.1552,B,pid.locx.Des,-32.562019
18.1552,B,pid.locx.FB,-32.562019
18.1552,B,pid.locx.U,2.4021912
18.1552,B,pid.locxs.Des,2.4021912
18.1552,B,pid.locxs.FB,-85.394806
18.1552,B,pid.locxs.U,295.13324
18.1552,B,pid.locy.Des,-55.082394
18.1552,B,pid.locy.FB,-55.082394
18.1552,B,pid.locy.U,-1.154165
18.1552,B,pid.locys.Des,-1.154165
18.1552,B,pid.locys.FB,-154.83128
18.1552,B,pid.locys.U,475.78745
18.1552,B,pid.pitch.Des,14.65542
18.1552,B,pid.pitch.FB,3.8569837
18.1552,B,pid.pitch.U,30.449844
18.1552,B,pid.roll.Des,-15
18.1552,B,pid.roll.FB,15.752808
18.1552,B,pid.roll.U,-89.948502
18.1552,B,pid.yaw.Des,-29.769007
18.1552,B,pid.yaw.FB,-29.769007
18.1552,B,pid.yaw.U,0.7731216
18.1552,B,pid.z_pos.Des,0.50893891
18.1552,B,pid.z_pos.FB,0.50893891
18.1552,B,pid.z_pos.U,0
18.1552,B,pid.z_rate.Des,0
18.1552,B,pid.z_rate.FB,0.4319551
18.1552,B,pid.z_rate.U,-172.78204
18.3604,A,mrac.pitch.e,0.13071251
18.3604,A,mrac.pitch.u_ad,0.22140482
18.3604,A,mrac.roll.e,0.81939614
18.3604,A,mrac.roll.u_ad,-0.23264495
18.3604,A,mrac.yaw.e,-0.61973768
18.3604,A,mrac.yaw.u_ad,0.078121394
18.3604,A,mrac.z.e,0.31991434
18.3604,A,mrac.z.u_ad,-0.090019934
18.3604,A,status.arm,0
18.3604,A,status.flymode,1
18.3604,A,status.rc_authority,1
18.3604,A,status.sbus_lost,0
18.3604,A,status.twc_arrived,0
18.3604,A,status.twc_execute,0
18.3605,B,mrac.pitch.theta_0,0.148682
18.3605,B,mrac.pitch.theta_1,0.0016207087
18.3605,B,mrac.pitch.theta_2,0.007486084
18.3605,B,mrac.pitch.theta_3,0.0034650569
18.3605,B,mrac.pitch.theta_4,0.18361868
18.3605,B,mrac.pitch.theta_5,0.14401983
18.3605,B,mrac.pitch.u_nom,0.0085788136
18.3605,B,mrac.pitch.xm,0.53145027
18.3605,B,mrac.roll.theta_0,5.2420019e-06
18.3605,B,mrac.roll.theta_1,0.0030742928
18.3605,B,mrac.roll.theta_2,0.0013946423
18.3605,B,mrac.roll.theta_3,0.0032849505
18.3605,B,mrac.roll.theta_4,0.1258622
18.3605,B,mrac.roll.theta_5,0.13543265
18.3605,B,mrac.roll.u_nom,-0.19047008
18.3605,B,mrac.roll.xm,-1.5698981
18.3605,B,mrac.yaw.theta_0,0.060867481
18.3605,B,mrac.yaw.theta_1,0.00078444439
18.3605,B,mrac.yaw.theta_2,0.0029982927
18.3605,B,mrac.yaw.theta_3,0
18.3605,B,mrac.yaw.theta_4,0.080830514
18.3605,B,mrac.yaw.theta_5,0.088128209
18.3605,B,mrac.yaw.u_nom,0.13352801
18.3605,B,mrac.yaw.xm,0.013493523
18.3605,B,mrac.z.theta_0,0.024897814
18.3605,B,mrac.z.theta_1,0.00059142883
18.3605,B,mrac.z.theta_2,0.0018299472
18.3605,B,mrac.z.theta_3,0
18.3605,B,mrac.z.theta_4,0.19878834
18.3605,B,mrac.z.theta_5,0.19204868
18.3605,B,mrac.z.u_nom,-0.77829748
18.3605,B,mrac.z.xm,0
18.3605,B,path.active_path_mode,0
18.3605,B,path.circle_theta,0
18.3605,B,path.sinusoid_t_elapsed,30.002968
18.3605,B,path.twc_arrived,0
18.3605,B,path.twc_target_x,-10.000002
18.3605,B,path.twc_target_y,-29.999998
18.3605,B,path.twc_target_z,0.60000002
18.3605,B,pid.gyrox.Des,-89.948502
18.3605,B,pid.gyrox.FB,-44.241096
18.3605,B,pid.gyrox.U,-222.84999
18.3605,B,pid.gyroy.Des,30.449844
18.3605,B,pid.gyroy.FB,34.107418
18.3605,B,pid.gyroy.U,10.037212
18.3605,B,pid.gyroz.Des,0.7731216
18.3605,B,pid.gyroz.FB,-34.624985
18.3605,B,pid.gyroz.U,249.96443
18.3605,B,pid.locx.Des,-32.562019
18.3605,B,pid.locx.FB,-32.562019
18.3605,B,pid.locx.U,2.4021912
18.3605,B,pid.locxs.Des,2.4021912
18.3605,B,pid.locxs.FB,-85.394806
18.3605,B,pid.locxs.U,295.13324
18.3605,B,pid.locy.Des,-55.082394
18.3605,B,pid.locy.FB,-55.082394
18.3605,B,pid.locy.U,-1.154165
18.3605,B,pid.locys.Des,-1.154165
18.3605,B,pid.locys.FB,-154.83128
18.3605,B,pid.locys.U,475.78745
18.3605,B,pid.pitch.Des,14.65542
18.3605,B,pid.pitch.FB,3.8569837
18.3605,B,pid.pitch.U,30.449844
18.3605,B,pid.roll.Des,-15
18.3605,B,pid.roll.FB,15.752808
18.3605,B,pid.roll.U,-89.948502
18.3605,B,pid.yaw.Des,-29.769007
18.3605,B,pid.yaw.FB,-29.769007
18.3605,B,pid.yaw.U,0.7731216
18.3605,B,pid.z_pos.Des,0.50893891
18.3605,B,pid.z_pos.FB,0.50893891
18.3605,B,pid.z_pos.U,0
18.3605,B,pid.z_rate.Des,0
18.3605,B,pid.z_rate.FB,0.4319551
18.3605,B,pid.z_rate.U,-172.78204
18.5721,A,mrac.pitch.e,0.13071251
18.5721,A,mrac.pitch.u_ad,0.22140482
18.5721,A,mrac.roll.e,0.81939614
18.5721,A,mrac.roll.u_ad,-0.23264495
18.5721,A,mrac.yaw.e,-0.61973768
18.5721,A,mrac.yaw.u_ad,0.078121394
18.5721,A,mrac.z.e,0.31991434
18.5721,A,mrac.z.u_ad,-0.090019934
18.5721,A,status.arm,0
18.5721,A,status.flymode,1
18.5721,A,status.rc_authority,1
18.5721,A,status.sbus_lost,0
18.5721,A,status.twc_arrived,0
18.5721,A,status.twc_execute,0
18.5721,B,mrac.pitch.theta_0,0.148682
18.5721,B,mrac.pitch.theta_1,0.0016207087
18.5721,B,mrac.pitch.theta_2,0.007486084
18.5721,B,mrac.pitch.theta_3,0.0034650569
18.5721,B,mrac.pitch.theta_4,0.18361868
18.5721,B,mrac.pitch.theta_5,0.14401983
18.5721,B,mrac.pitch.u_nom,0.0085788136
18.5721,B,mrac.pitch.xm,0.53145027
18.5721,B,mrac.roll.theta_0,5.2420019e-06
18.5721,B,mrac.roll.theta_1,0.0030742928
18.5721,B,mrac.roll.theta_2,0.0013946423
18.5721,B,mrac.roll.theta_3,0.0032849505
18.5721,B,mrac.roll.theta_4,0.1258622
18.5721,B,mrac.roll.theta_5,0.13543265
18.5721,B,mrac.roll.u_nom,-0.19047008
18.5721,B,mrac.roll.xm,-1.5698981
18.5721,B,mrac.yaw.theta_0,0.060867481
18.5721,B,mrac.yaw.theta_1,0.00078444439
18.5721,B,mrac.yaw.theta_2,0.0029982927
18.5721,B,mrac.yaw.theta_3,0
18.5721,B,mrac.yaw.theta_4,0.080830514
18.5721,B,mrac.yaw.theta_5,0.088128209
18.5721,B,mrac.yaw.u_nom,0.13352801
18.5721,B,mrac.yaw.xm,0.013493523
18.5721,B,mrac.z.theta_0,0.024897814
18.5721,B,mrac.z.theta_1,0.00059142883
18.5721,B,mrac.z.theta_2,0.0018299472
18.5721,B,mrac.z.theta_3,0
18.5721,B,mrac.z.theta_4,0.19878834
18.5721,B,mrac.z.theta_5,0.19204868
18.5721,B,mrac.z.u_nom,-0.77829748
18.5721,B,mrac.z.xm,0
18.5721,B,path.active_path_mode,0
18.5721,B,path.circle_theta,0
18.5721,B,path.sinusoid_t_elapsed,30.002968
18.5721,B,path.twc_arrived,0
18.5721,B,path.twc_target_x,-10.000002
18.5721,B,path.twc_target_y,-29.999998
18.5721,B,path.twc_target_z,0.60000002
18.5721,B,pid.gyrox.Des,-89.948502
18.5721,B,pid.gyrox.FB,-44.241096
18.5721,B,pid.gyrox.U,-222.84999
18.5721,B,pid.gyroy.Des,30.449844
18.5721,B,pid.gyroy.FB,34.107418
18.5721,B,pid.gyroy.U,10.037212
18.5721,B,pid.gyroz.Des,0.7731216
18.5721,B,pid.gyroz.FB,-34.624985
18.5721,B,pid.gyroz.U,249.96443
18.5721,B,pid.locx.Des,-32.562019
18.5721,B,pid.locx.FB,-32.562019
18.5721,B,pid.locx.U,2.4021912
18.5721,B,pid.locxs.Des,2.4021912
18.5721,B,pid.locxs.FB,-85.394806
18.5721,B,pid.locxs.U,295.13324
18.5721,B,pid.locy.Des,-55.082394
18.5721,B,pid.locy.FB,-55.082394
18.5721,B,pid.locy.U,-1.154165
18.5721,B,pid.locys.Des,-1.154165
18.5721,B,pid.locys.FB,-154.83128
18.5721,B,pid.locys.U,475.78745
18.5721,B,pid.pitch.Des,14.65542
18.5721,B,pid.pitch.FB,3.8569837
18.5721,B,pid.pitch.U,30.449844
18.5721,B,pid.roll.Des,-15
18.5721,B,pid.roll.FB,15.752808
18.5721,B,pid.roll.U,-89.948502
18.5721,B,pid.yaw.Des,-29.769007
18.5721,B,pid.yaw.FB,-29.769007
18.5721,B,pid.yaw.U,0.7731216
18.5721,B,pid.z_pos.Des,0.50893891
18.5721,B,pid.z_pos.FB,0.50893891
18.5721,B,pid.z_pos.U,0
18.5721,B,pid.z_rate.Des,0
18.5721,B,pid.z_rate.FB,0.4319551
18.5721,B,pid.z_rate.U,-172.78204
18.7720,A,mrac.pitch.e,0.13071251
18.7720,A,mrac.pitch.u_ad,0.22140482
18.7720,A,mrac.roll.e,0.81939614
18.7720,A,mrac.roll.u_ad,-0.23264495
18.7720,A,mrac.yaw.e,-0.61973768
18.7720,A,mrac.yaw.u_ad,0.078121394
18.7720,A,mrac.z.e,0.31991434
18.7720,A,mrac.z.u_ad,-0.090019934
18.7720,A,status.arm,0
18.7720,A,status.flymode,1
18.7720,A,status.rc_authority,1
18.7720,A,status.sbus_lost,0
18.7720,A,status.twc_arrived,0
18.7720,A,status.twc_execute,0
18.7720,B,mrac.pitch.theta_0,0.148682
18.7720,B,mrac.pitch.theta_1,0.0016207087
18.7720,B,mrac.pitch.theta_2,0.007486084
18.7720,B,mrac.pitch.theta_3,0.0034650569
18.7720,B,mrac.pitch.theta_4,0.18361868
18.7720,B,mrac.pitch.theta_5,0.14401983
18.7720,B,mrac.pitch.u_nom,0.0085788136
18.7720,B,mrac.pitch.xm,0.53145027
18.7720,B,mrac.roll.theta_0,5.2420019e-06
18.7720,B,mrac.roll.theta_1,0.0030742928
18.7720,B,mrac.roll.theta_2,0.0013946423
18.7720,B,mrac.roll.theta_3,0.0032849505
18.7720,B,mrac.roll.theta_4,0.1258622
18.7720,B,mrac.roll.theta_5,0.13543265
18.7720,B,mrac.roll.u_nom,-0.19047008
18.7720,B,mrac.roll.xm,-1.5698981
18.7720,B,mrac.yaw.theta_0,0.060867481
18.7720,B,mrac.yaw.theta_1,0.00078444439
18.7720,B,mrac.yaw.theta_2,0.0029982927
18.7720,B,mrac.yaw.theta_3,0
18.7720,B,mrac.yaw.theta_4,0.080830514
18.7720,B,mrac.yaw.theta_5,0.088128209
18.7720,B,mrac.yaw.u_nom,0.13352801
18.7720,B,mrac.yaw.xm,0.013493523
18.7720,B,mrac.z.theta_0,0.024897814
18.7720,B,mrac.z.theta_1,0.00059142883
18.7720,B,mrac.z.theta_2,0.0018299472
18.7720,B,mrac.z.theta_3,0
18.7720,B,mrac.z.theta_4,0.19878834
18.7720,B,mrac.z.theta_5,0.19204868
18.7720,B,mrac.z.u_nom,-0.77829748
18.7720,B,mrac.z.xm,0
18.7720,B,path.active_path_mode,0
18.7720,B,path.circle_theta,0
18.7720,B,path.sinusoid_t_elapsed,30.002968
18.7720,B,path.twc_arrived,0
18.7720,B,path.twc_target_x,-10.000002
18.7720,B,path.twc_target_y,-29.999998
18.7720,B,path.twc_target_z,0.60000002
18.7720,B,pid.gyrox.Des,-89.948502
18.7720,B,pid.gyrox.FB,-44.241096
18.7720,B,pid.gyrox.U,-222.84999
18.7720,B,pid.gyroy.Des,30.449844
18.7720,B,pid.gyroy.FB,34.107418
18.7720,B,pid.gyroy.U,10.037212
18.7720,B,pid.gyroz.Des,0.7731216
18.7720,B,pid.gyroz.FB,-34.624985
18.7720,B,pid.gyroz.U,249.96443
18.7720,B,pid.locx.Des,-32.562019
18.7720,B,pid.locx.FB,-32.562019
18.7720,B,pid.locx.U,2.4021912
18.7720,B,pid.locxs.Des,2.4021912
18.7720,B,pid.locxs.FB,-85.394806
18.7720,B,pid.locxs.U,295.13324
18.7720,B,pid.locy.Des,-55.082394
18.7720,B,pid.locy.FB,-55.082394
18.7720,B,pid.locy.U,-1.154165
18.7720,B,pid.locys.Des,-1.154165
18.7720,B,pid.locys.FB,-154.83128
18.7720,B,pid.locys.U,475.78745
18.7720,B,pid.pitch.Des,14.65542
18.7720,B,pid.pitch.FB,3.8569837
18.7720,B,pid.pitch.U,30.449844
18.7720,B,pid.roll.Des,-15
18.7720,B,pid.roll.FB,15.752808
18.7720,B,pid.roll.U,-89.948502
18.7720,B,pid.yaw.Des,-29.769007
18.7720,B,pid.yaw.FB,-29.769007
18.7720,B,pid.yaw.U,0.7731216
18.7720,B,pid.z_pos.Des,0.50893891
18.7720,B,pid.z_pos.FB,0.50893891
18.7720,B,pid.z_pos.U,0
18.7720,B,pid.z_rate.Des,0
18.7720,B,pid.z_rate.FB,0.4319551
18.7720,B,pid.z_rate.U,-172.78204
18.9892,A,mrac.pitch.e,0.026626002
18.9892,A,mrac.pitch.u_ad,0.096972741
18.9892,A,mrac.roll.e,-0.35552523
18.9892,A,mrac.roll.u_ad,0.18778849
18.9892,A,mrac.yaw.e,-0.047685266
18.9892,A,mrac.yaw.u_ad,0.01161448
18.9892,A,mrac.z.e,-0.01771584
18.9892,A,mrac.z.u_ad,0.32068726
18.9892,A,status.arm,0
18.9892,A,status.flymode,1
18.9892,A,status.rc_authority,0
18.9892,A,status.sbus_lost,0
18.9892,A,status.twc_arrived,0
18.9892,A,status.twc_execute,0
18.9892,B,mrac.pitch.theta_0,0.10075332
18.9892,B,mrac.pitch.theta_1,0.00098643755
18.9892,B,mrac.pitch.theta_2,0.0073127402
18.9892,B,mrac.pitch.theta_3,0.0037390115
18.9892,B,mrac.pitch.theta_4,0.18400432
18.9892,B,mrac.pitch.theta_5,0.14369372
18.9892,B,mrac.pitch.u_nom,-0.031133994
18.9892,B,mrac.pitch.xm,-0.02785919
18.9892,B,mrac.roll.theta_0,0.14496629
18.9892,B,mrac.roll.theta_1,0.0034224009
18.9892,B,mrac.roll.theta_2,0.0021830273
18.9892,B,mrac.roll.theta_3,0.0041944277
18.9892,B,mrac.roll.theta_4,0.12804341
18.9892,B,mrac.roll.theta_5,0.1376103
18.9892,B,mrac.roll.u_nom,0.086785682
18.9892,B,mrac.roll.xm,0.22034425
18.9892,B,mrac.yaw.theta_0,0.01083854
18.9892,B,mrac.yaw.theta_1,0.00010685508
18.9892,B,mrac.yaw.theta_2,0.0024294883
18.9892,B,mrac.yaw.theta_3,0
18.9892,B,mrac.yaw.theta_4,0.083275132
18.9892,B,mrac.yaw.theta_5,0.087997265
18.9892,B,mrac.yaw.u_nom,-0.02586736
18.9892,B,mrac.yaw.xm,-0.0021946654
18.9892,B,mrac.z.theta_0,0.31431881
18.9892,B,mrac.z.theta_1,7.7607503e-05
18.9892,B,mrac.z.theta_2,0.0060500093
18.9892,B,mrac.z.theta_3,0
18.9892,B,mrac.z.theta_4,0.19927679
18.9892,B,mrac.z.theta_5,0.19189952
18.9892,B,mrac.z.u_nom,0.048679233
18.9892,B,mrac.z.xm,0
18.9892,B,path.active_path_mode,0
18.9892,B,path.circle_theta,0
18.9892,B,path.sinusoid_t_elapsed,30.002968
18.9892,B,path.twc_arrived,0
18.9892,B,path.twc_target_x,-10.000002
18.9892,B,path.twc_target_y,-29.999998
18.9892,B,path.twc_target_z,0.60000002
18.9892,B,pid.gyrox.Des,12.62479
18.9892,B,pid.gyrox.FB,-5.6914077
18.9892,B,pid.gyrox.U,101.53925
18.9892,B,pid.gyroy.Des,-1.5962133
18.9892,B,pid.gyroy.FB,1.7841961
18.9892,B,pid.gyroy.U,-36.426773
18.9892,B,pid.gyroz.Des,-0.12574501
18.9892,B,pid.gyroz.FB,5.920177
18.9892,B,pid.gyroz.U,-48.423698
18.9892,B,pid.locx.Des,-91.398483
18.9892,B,pid.locx.FB,-91.398483
18.9892,B,pid.locx.U,1.8695052
18.9892,B,pid.locxs.Des,1.8695052
18.9892,B,pid.locxs.FB,16.229586
18.9892,B,pid.locxs.U,-43.117229
18.9892,B,pid.locy.Des,-115.01322
18.9892,B,pid.locy.FB,-115.01322
18.9892,B,pid.locy.U,-1.509071
18.9892,B,pid.locys.Des,-1.509071
18.9892,B,pid.locys.FB,9.252058
18.9892,B,pid.locys.U,-32.22517
18.9892,B,pid.pitch.Des,-1.2087244
18.9892,B,pid.pitch.FB,-0.69796759
18.9892,B,pid.pitch.U,-1.5962133
18.9892,B,pid.roll.Des,2.900538
18.9892,B,pid.roll.FB,-1.2545118
18.9892,B,pid.roll.U,12.62479
18.9892,B,pid.yaw.Des,-14.162223
18.9892,B,pid.yaw.FB,-14.162223
18.9892,B,pid.yaw.U,-0.12574501
18.9892,B,pid.z_pos.Des,0.0099968612
18.9892,B,pid.z_pos.FB,0.0099968612
18.9892,B,pid.z_pos.U,0
18.9892,B,pid.z_rate.Des,0
18.9892,B,pid.z_rate.FB,-0.026987625
18.9892,B,pid.z_rate.U,10.806789
19.1891,A,mrac.pitch.e,0.0011248989
19.1891,A,mrac.pitch.u_ad,0.10248768
19.1891,A,mrac.roll.e,-0.20403068
19.1891,A,mrac.roll.u_ad,0.18124786
19.1891,A,mrac.yaw.e,0.01439408
19.1891,A,mrac.yaw.u_ad,0.010525352
19.1891,A,mrac.z.e,-0.00025464199
19.1891,A,mrac.z.u_ad,0.3144103
19.1891,A,status.arm,0
19.1891,A,status.flymode,1
19.1891,A,status.rc_authority,0
19.1891,A,status.sbus_lost,0
19.1891,A,status.twc_arrived,0
19.1891,A,status.twc_execute,0
19.1892,B,mrac.pitch.theta_0,0.10438331
19.1892,B,mrac.pitch.theta_1,0.00097679114
19.1892,B,mrac.pitch.theta_2,0.0073143821
19.1892,B,mrac.pitch.theta_3,0.0037390157
19.1892,B,mrac.pitch.theta_4,0.1839983
19.1892,B,mrac.pitch.theta_5,0.14368254
19.1892,B,mrac.pitch.u_nom,0.04669014
19.1892,B,mrac.pitch.xm,-0.024542825
19.1892,B,mrac.roll.theta_0,0.14781302
19.1892,B,mrac.roll.theta_1,0.0033826369
19.1892,B,mrac.roll.theta_2,0.002186968
19.1892,B,mrac.roll.theta_3,0.0041951952
19.1892,B,mrac.roll.theta_4,0.12814748
19.1892,B,mrac.roll.theta_5,0.13775571
19.1892,B,mrac.roll.u_nom,0.030367089
19.1892,B,mrac.roll.xm,0.18254012
19.1892,B,mrac.yaw.theta_0,0.01103507
19.1892,B,mrac.yaw.theta_1,0.000106637
19.1892,B,mrac.yaw.theta_2,0.0024293121
19.1892,B,mrac.yaw.theta_3,0
19.1892,B,mrac.yaw.theta_4,0.083275393
19.1892,B,mrac.yaw.theta_5,0.087994374
19.1892,B,mrac.yaw.u_nom,0.010090881
19.1892,B,mrac.yaw.xm,0.00078346435
19.1892,B,mrac.z.theta_0,0.31431881
19.1892,B,mrac.z.theta_1,7.7607503e-05
19.1892,B,mrac.z.theta_2,0.0060500093
19.1892,B,mrac.z.theta_3,0
19.1892,B,mrac.z.theta_4,0.19927679
19.1892,B,mrac.z.theta_5,0.19189952
19.1892,B,mrac.z.u_nom,0.0013521723
19.1892,B,mrac.z.xm,0
19.1892,B,path.active_path_mode,0
19.1892,B,path.circle_theta,0
19.1892,B,path.sinusoid_t_elapsed,30.002968
19.1892,B,path.twc_arrived,0
19.1892,B,path.twc_target_x,-10.000002
19.1892,B,path.twc_target_y,-29.999998
19.1892,B,path.twc_target_z,0.60000002
19.1892,B,pid.gyrox.Des,10.458774
19.1892,B,pid.gyrox.FB,1.3021238
19.1892,B,pid.gyrox.U,35.529495
19.1892,B,pid.gyroy.Des,-1.4061997
19.1892,B,pid.gyroy.FB,2.5130351
19.1892,B,pid.gyroy.U,54.627464
19.1892,B,pid.gyroz.Des,0.044889182
19.1892,B,pid.gyroz.FB,-2.3125215
19.1892,B,pid.gyroz.U,18.890129
19.1892,B,pid.locx.Des,-90.252289
19.1892,B,pid.locx.FB,-90.252289
19.1892,B,pid.locx.U,1.8919848
19.1892,B,pid.locxs.Des,1.8919848
19.1892,B,pid.locxs.FB,10.651373
19.1892,B,pid.locxs.U,-24.768845
19.1892,B,pid.locy.Des,-114.5691
19.1892,B,pid.locy.FB,-114.5691
19.1892,B,pid.locy.U,-1.5249455
19.1892,B,pid.locys.Des,-1.5249455
19.1892,B,pid.locys.FB,6.822629
19.1892,B,pid.locys.U,-31.006866
19.1892,B,pid.pitch.Des,-1.4001837
19.1892,B,pid.pitch.FB,-0.99375254
19.1892,B,pid.pitch.U,-1.4061997
19.1892,B,pid.roll.Des,1.8465465
19.1892,B,pid.roll.FB,-1.6523788
19.1892,B,pid.roll.U,10.458774
19.1892,B,pid.yaw.Des,-14.206244
19.1892,B,pid.yaw.FB,-14.206244
19.1892,B,pid.yaw.U,0.044889182
19.1892,B,pid.z_pos.Des,0.0099943383
19.1892,B,pid.z_pos.FB,0.0099943383
19.1892,B,pid.z_pos.U,0
19.1892,B,pid.z_rate.Des,0
19.1892,B,pid.z_rate.FB,-0.0007496404
19.1892,B,pid.z_rate.U,0.30018225
19.4046,A,mrac.pitch.e,0.010292512
19.4046,A,mrac.pitch.u_ad,0.10493148
19.4046,A,mrac.roll.e,-0.15656912
19.4046,A,mrac.roll.u_ad,0.18362616
19.4046,A,mrac.yaw.e,-0.0024702759
19.4046,A,mrac.yaw.u_ad,0.011968238
19.4046,A,mrac.z.e,1.5612649e-06
19.4046,A,mrac.z.u_ad,0.31431824
19.4046,A,status.arm,0
19.4046,A,status.flymode,1
19.4046,A,status.rc_authority,0
19.4046,A,status.sbus_lost,0
19.4046,A,status.twc_arrived,0
19.4046,A,status.twc_execute,0
19.4046,B,mrac.pitch.theta_0,0.10552419
19.4046,B,mrac.pitch.theta_1,0.00097163022
19.4046,B,mrac.pitch.theta_2,0.007314072
19.4046,B,mrac.pitch.theta_3,0.0037389013
19.4046,B,mrac.pitch.theta_4,0.18399419
19.4046,B,mrac.pitch.theta_5,0.14367673
19.4046,B,mrac.pitch.u_nom,0.030324522
19.4046,B,mrac.pitch.xm,0.010404629
19.4046,B,mrac.roll.theta_0,0.14880976
19.4046,B,mrac.roll.theta_1,0.0034080837
19.4046,B,mrac.roll.theta_2,0.0021870418
19.4046,B,mrac.roll.theta_3,0.004195713
19.4046,B,mrac.roll.theta_4,0.12819724
19.4046,B,mrac.roll.theta_5,0.13784645
19.4046,B,mrac.roll.u_nom,0.018510414
19.4046,B,mrac.roll.xm,0.13599156
19.4046,B,mrac.yaw.theta_0,0.011931065
19.4046,B,mrac.yaw.theta_1,0.00010648075
19.4046,B,mrac.yaw.theta_2,0.0024295109
19.4046,B,mrac.yaw.theta_3,0
19.4046,B,mrac.yaw.theta_4,0.083275348
19.4046,B,mrac.yaw.theta_5,0.087992072
19.4046,B,mrac.yaw.u_nom,0.0010849001
19.4046,B,mrac.yaw.xm,-4.4938864e-05
19.4046,B,mrac.z.theta_0,0.31431881
19.4046,B,mrac.z.theta_1,7.7607503e-05
19.4046,B,mrac.z.theta_2,0.0060500093
19.4046,B,mrac.z.theta_3,0
19.4046,B,mrac.z.theta_4,0.19927679
19.4046,B,mrac.z.theta_5,0.19189952
19.4046,B,mrac.z.u_nom,4.4718654e-06
19.4046,B,mrac.z.xm,0
19.4046,B,path.active_path_mode,0
19.4046,B,path.circle_theta,0
19.4046,B,path.sinusoid_t_elapsed,30.002968
19.4046,B,path.twc_arrived,0
19.4046,B,path.twc_target_x,-10.000002
19.4046,B,path.twc_target_y,-29.999998
19.4046,B,path.twc_target_z,0.60000002
19.4046,B,pid.gyrox.Des,7.7917395
19.4046,B,pid.gyrox.FB,0.69841969
19.4046,B,pid.gyrox.U,21.657185
19.4046,B,pid.gyroy.Des,0.59614104
19.4046,B,pid.gyroy.FB,0.19488895
19.4046,B,pid.gyroy.U,35.479691
19.4046,B,pid.gyroz.Des,-0.0025748061
19.4046,B,pid.gyroz.FB,-0.25550225
19.4046,B,pid.gyroz.U,2.0309329
19.4046,B,pid.locx.Des,-89.823586
19.4046,B,pid.locx.FB,-89.823586
19.4046,B,pid.locx.U,1.8994906
19.4046,B,pid.locxs.Des,1.8994906
19.4046,B,pid.locxs.FB,6.2892671
19.4046,B,pid.locxs.U,-13.16783
19.4046,B,pid.locy.Des,-114.38818
19.4046,B,pid.locy.FB,-114.38818
19.4046,B,pid.locy.U,-1.4986711
19.4046,B,pid.locys.Des,-1.4986711
19.4046,B,pid.locys.FB,3.666759
19.4046,B,pid.locys.U,-15.498868
19.4046,B,pid.pitch.Des,-0.68717688
19.4046,B,pid.pitch.FB,-0.89589667
19.4046,B,pid.pitch.U,0.59614104
19.4046,B,pid.roll.Des,0.96892405
19.4046,B,pid.roll.FB,-1.627084
19.4046,B,pid.roll.U,7.7917395
19.4046,B,pid.yaw.Des,-14.297591
19.4046,B,pid.yaw.FB,-14.297591
19.4046,B,pid.yaw.U,-0.0025748061
19.4046,B,pid.z_pos.Des,0.0099947462
19.4046,B,pid.z_pos.FB,0.0099947462
19.4046,B,pid.z_pos.U,0
19.4046,B,pid.z_rate.Des,0
19.4046,B,pid.z_rate.FB,-2.4791891e-06
19.4046,B,pid.z_rate.U,0.00099275413
19.6051,A,mrac.pitch.e,0.016753027
19.6051,A,mrac.pitch.u_ad,0.10384636
19.6051,A,mrac.roll.e,-0.1450322
19.6051,A,mrac.roll.u_ad,0.17005426
19.6051,A,mrac.yaw.e,-0.0093325134
19.6051,A,mrac.yaw.u_ad,0.012174761
19.6051,A,mrac.z.e,-0.069189861
19.6051,A,mrac.z.u_ad,0.33605132
19.6051,A,status.arm,0
19.6051,A,status.flymode,1
19.6051,A,status.rc_authority,0
19.6051,A,status.sbus_lost,0
19.6051,A,status.twc_arrived,0
19.6051,A,status.twc_execute,0
19.6052,B,mrac.pitch.theta_0,0.10586529
19.6052,B,mrac.pitch.theta_1,0.00097152602
19.6052,B,mrac.pitch.theta_2,0.007314086
19.6052,B,mrac.pitch.theta_3,0.0037388641
19.6052,B,mrac.pitch.theta_4,0.18399218
19.6052,B,mrac.pitch.theta_5,0.14367442
19.6052,B,mrac.pitch.u_nom,-0.0068633584
19.6052,B,mrac.pitch.xm,0.0094439089
19.6052,B,mrac.roll.theta_0,0.14904396
19.6052,B,mrac.roll.theta_1,0.0034105568
19.6052,B,mrac.roll.theta_2,0.0021871238
19.6052,B,mrac.roll.theta_3,0.0041956119
19.6052,B,mrac.roll.theta_4,0.12821531
19.6052,B,mrac.roll.theta_5,0.13787824
19.6052,B,mrac.roll.u_nom,-0.04501139
19.6052,B,mrac.roll.xm,0.014118105
19.6052,B,mrac.yaw.theta_0,0.012020518
19.6052,B,mrac.yaw.theta_1,0.00010643085
19.6052,B,mrac.yaw.theta_2,0.0024295042
19.6052,B,mrac.yaw.theta_3,0
19.6052,B,mrac.yaw.theta_4,0.083274983
19.6052,B,mrac.yaw.theta_5,0.087990969
19.6052,B,mrac.yaw.u_nom,0.0077271019
19.6052,B,mrac.yaw.xm,0.0013158944
19.6052,B,mrac.z.theta_0,0.30926478
19.6052,B,mrac.z.theta_1,7.6860197e-05
19.6052,B,mrac.z.theta_2,0.0060462048
19.6052,B,mrac.z.theta_3,0
19.6052,B,mrac.z.theta_4,0.19927266
19.6052,B,mrac.z.theta_5,0.19189312
19.6052,B,mrac.z.u_nom,-0.19140579
19.6052,B,mrac.z.xm,0
19.6052,B,path.active_path_mode,0
19.6052,B,path.circle_theta,0
19.6052,B,path.sinusoid_t_elapsed,30.002968
19.6052,B,path.twc_arrived,0
19.6052,B,path.twc_target_x,-10.000002
19.6052,B,path.twc_target_y,-29.999998
19.6052,B,path.twc_target_z,0.60000002
19.6052,B,pid.gyrox.Des,0.80890751
19.6052,B,pid.gyrox.FB,0.90917104
19.6052,B,pid.gyrox.U,-52.663326
19.6052,B,pid.gyroy.Des,0.54109591
19.6052,B,pid.gyroy.FB,-0.28215516
19.6052,B,pid.gyroy.U,-8.0301294
19.6052,B,pid.gyroz.Des,0.075395167
19.6052,B,pid.gyroz.FB,-1.7337162
19.6052,B,pid.gyroz.U,14.465135
19.6052,B,pid.locx.Des,-89.82843
19.6052,B,pid.locx.FB,-89.82843
19.6052,B,pid.locx.U,1.9227935
19.6052,B,pid.locxs.Des,1.9227935
19.6052,B,pid.locxs.FB,3.3826983
19.6052,B,pid.locxs.U,1.5804124
19.6052,B,pid.locy.Des,-114.38942
19.6052,B,pid.locy.FB,-114.38942
19.6052,B,pid.locy.U,-1.4927262
19.6052,B,pid.locys.Des,-1.4927262
19.6052,B,pid.locys.FB,2.9252954
19.6052,B,pid.locys.U,-11.745753
19.6052,B,pid.pitch.Des,-0.68749398
19.6052,B,pid.pitch.FB,-0.84620547
19.6052,B,pid.pitch.U,0.54109591
19.6052,B,pid.roll.Des,0.079870321
19.6052,B,pid.roll.FB,-1.6506711
19.6052,B,pid.roll.U,0.80890751
19.6052,B,pid.yaw.Des,-14.287606
19.6052,B,pid.yaw.FB,-14.287606
19.6052,B,pid.yaw.U,0.075395167
19.6052,B,pid.z_pos.Des,0.019989518
19.6052,B,pid.z_pos.FB,0.019989518
19.6052,B,pid.z_pos.U,0
19.6052,B,pid.z_rate.Des,0
19.6052,B,pid.z_rate.FB,0.10623021
19.6052,B,pid.z_rate.U,-42.492085
19.8059,A,mrac.pitch.e,-0.023069547
19.8059,A,mrac.pitch.u_ad,0.10722913
19.8059,A,mrac.roll.e,-0.082968526
19.8059,A,mrac.roll.u_ad,0.16437156
19.8059,A,mrac.yaw.e,0.0083191684
19.8059,A,mrac.yaw.u_ad,0.01204996
19.8059,A,mrac.z.e,-0.0010212199
19.8059,A,mrac.z.u_ad,0.31231764
19.8059,A,status.arm,0
19.8059,A,status.flymode,1
19.8059,A,status.rc_authority,0
19.8059,A,status.sbus_lost,0
19.8059,A,status.twc_arrived,0
19.8059,A,status.twc_execute,0
19.8059,B,mrac.pitch.theta_0,0.10586529
19.8059,B,mrac.pitch.theta_1,0.00097152602
19.8059,B,mrac.pitch.theta_2,0.007314086
19.8059,B,mrac.pitch.theta_3,0.0037388641
19.8059,B,mrac.pitch.theta_4,0.18399218
19.8059,B,mrac.pitch.theta_5,0.14367442
19.8059,B,mrac.pitch.u_nom,0.003045467
19.8059,B,mrac.pitch.xm,0.0043437965
19.8059,B,mrac.roll.theta_0,0.1491448
19.8059,B,mrac.roll.theta_1,0.0034183257
19.8059,B,mrac.roll.theta_2,0.0021871019
19.8059,B,mrac.roll.theta_3,0.0041954466
19.8059,B,mrac.roll.theta_4,0.12822649
19.8059,B,mrac.roll.theta_5,0.13789771
19.8059,B,mrac.roll.u_nom,0.04742454
19.8059,B,mrac.roll.xm,0.096013352
19.8059,B,mrac.yaw.theta_0,0.01230693
19.8059,B,mrac.yaw.theta_1,0.00010640128
19.8059,B,mrac.yaw.theta_2,0.0024295431
19.8059,B,mrac.yaw.theta_3,0
19.8059,B,mrac.yaw.theta_4,0.083274856
19.8059,B,mrac.yaw.theta_5,0.087990403
19.8059,B,mrac.yaw.u_nom,-0.0035512489
19.8059,B,mrac.yaw.xm,-0.00018719501
19.8059,B,mrac.z.theta_0,0.31195068
19.8059,B,mrac.z.theta_1,7.6374512e-05
19.8059,B,mrac.z.theta_2,0.0060476139
19.8059,B,mrac.z.theta_3,0
19.8059,B,mrac.z.theta_4,0.19926155
19.8059,B,mrac.z.theta_5,0.19188084
19.8059,B,mrac.z.u_nom,0.0072510955
19.8059,B,mrac.z.xm,0
19.8059,B,path.active_path_mode,0
19.8059,B,path.circle_theta,0
19.8059,B,path.sinusoid_t_elapsed,30.002968
19.8059,B,path.twc_arrived,0
19.8059,B,path.twc_target_x,-10.000002
19.8059,B,path.twc_target_y,-29.999998
19.8059,B,path.twc_target_z,0.60000002
19.8059,B,pid.gyrox.Des,5.5011578
19.8059,B,pid.gyrox.FB,-0.45002627
19.8059,B,pid.gyrox.U,55.48671
19.8059,B,pid.gyroy.Des,0.2488811
19.8059,B,pid.gyroy.FB,0.80715466
19.8059,B,pid.gyroy.U,3.5631964
19.8059,B,pid.gyroz.Des,-0.01072548
19.8059,B,pid.gyroz.FB,0.81832284
19.8059,B,pid.gyroz.U,-6.6479378
19.8059,B,pid.locx.Des,-89.993149
19.8059,B,pid.locx.FB,-89.993149
19.8059,B,pid.locx.U,1.9042398
19.8059,B,pid.locxs.Des,1.9042398
19.8059,B,pid.locxs.FB,2.4114513
19.8059,B,pid.locxs.U,-1.5212806
19.8059,B,pid.locy.Des,-114.43137
19.8059,B,pid.locy.FB,-114.43137
19.8059,B,pid.locy.U,-1.4974605
19.8059,B,pid.locys.Des,-1.4974605
19.8059,B,pid.locys.FB,2.6804667
19.8059,B,pid.locys.U,-12.533763
19.8059,B,pid.pitch.Des,-0.68719566
19.8059,B,pid.pitch.FB,-0.79074872
19.8059,B,pid.pitch.U,0.2488811
19.8059,B,pid.roll.Des,0.26738527
19.8059,B,pid.roll.FB,-1.5754689
19.8059,B,pid.roll.U,5.5011578
19.8059,B,pid.yaw.Des,-14.334174
19.8059,B,pid.yaw.FB,-14.334174
19.8059,B,pid.yaw.U,-0.01072548
19.8059,B,pid.z_pos.Des,0.0099952677
19.8059,B,pid.z_pos.FB,0.0099952677
19.8059,B,pid.z_pos.U,0
19.8059,B,pid.z_rate.Des,0
19.8059,B,pid.z_rate.FB,-0.0040199864
19.8059,B,pid.z_rate.U,1.6097432
20.0232,A,mrac.pitch.e,0.02969618
20.0232,A,mrac.pitch.u_ad,0.10331021
20.0232,A,mrac.roll.e,-0.083864771
20.0232,A,mrac.roll.u_ad,0.16365488
20.0232,A,mrac.yaw.e,0.0069257012
20.0232,A,mrac.yaw.u_ad,0.012303301
20.0232,A,mrac.z.e,-3.0456384e-05
20.0232,A,mrac.z.u_ad,0.31196162
20.0232,A,status.arm,0
20.0232,A,status.flymode,1
20.0232,A,status.rc_authority,0
20.0232,A,status.sbus_lost,0
20.0232,A,status.twc_arrived,0
20.0232,A,status.twc_execute,0
20.0233,B,mrac.pitch.theta_0,0.10609692
20.0233,B,mrac.pitch.theta_1,0.00097099424
20.0233,B,mrac.pitch.theta_2,0.007314078
20.0233,B,mrac.pitch.theta_3,0.0037388501
20.0233,B,mrac.pitch.theta_4,0.18399085
20.0233,B,mrac.pitch.theta_5,0.14367305
20.0233,B,mrac.pitch.u_nom,0.0091053648
20.0233,B,mrac.pitch.xm,-0.00020521537
20.0233,B,mrac.roll.theta_0,0.14918648
20.0233,B,mrac.roll.theta_1,0.0034202281
20.0233,B,mrac.roll.theta_2,0.0021870728
20.0233,B,mrac.roll.theta_3,0.0041952985
20.0233,B,mrac.roll.theta_4,0.12823035
20.0233,B,mrac.roll.theta_5,0.13790812
20.0233,B,mrac.roll.u_nom,0.041432198
20.0233,B,mrac.roll.xm,0.088636242
20.0233,B,mrac.yaw.theta_0,0.012333446
20.0233,B,mrac.yaw.theta_1,0.00010636986
20.0233,B,mrac.yaw.theta_2,0.0024295296
20.0233,B,mrac.yaw.theta_3,0
20.0233,B,mrac.yaw.theta_4,0.083274752
20.0233,B,mrac.yaw.theta_5,0.087989837
20.0233,B,mrac.yaw.u_nom,-0.0008542185
20.0233,B,mrac.yaw.xm,-0.00026510915
20.0233,B,mrac.z.theta_0,0.31195068
20.0233,B,mrac.z.theta_1,7.6374512e-05
20.0233,B,mrac.z.theta_2,0.0060476139
20.0233,B,mrac.z.theta_3,0
20.0233,B,mrac.z.theta_4,0.19926155
20.0233,B,mrac.z.theta_5,0.19188084
20.0233,B,mrac.z.u_nom,0.00022070507
20.0233,B,mrac.z.xm,0
20.0233,B,path.active_path_mode,0
20.0233,B,path.circle_theta,0
20.0233,B,path.sinusoid_t_elapsed,30.002968
20.0233,B,path.twc_arrived,0
20.0233,B,path.twc_target_x,-10.000002
20.0233,B,path.twc_target_y,-29.999998
20.0233,B,path.twc_target_z,0.60000002
20.0233,B,pid.gyrox.Des,5.0784802
20.0233,B,pid.gyrox.FB,-1.3560506
20.0233,B,pid.gyrox.U,48.47567
20.0233,B,pid.gyroy.Des,-0.01175797
20.0233,B,pid.gyroy.FB,1.4920448
20.0233,B,pid.gyroy.U,10.653276
20.0233,B,pid.gyroz.Des,-0.015189629
20.0233,B,pid.gyroz.FB,0.18466137
20.0233,B,pid.gyroz.U,-1.599097
20.0233,B,pid.locx.Des,-90.153023
20.0233,B,pid.locx.FB,-90.153023
20.0233,B,pid.locx.U,1.9050647
20.0233,B,pid.locxs.Des,1.9050647
20.0233,B,pid.locxs.FB,1.4431787
20.0233,B,pid.locxs.U,1.3857819
20.0233,B,pid.locy.Des,-114.47216
20.0233,B,pid.locy.FB,-114.47216
20.0233,B,pid.locy.U,-1.4972504
20.0233,B,pid.locys.Des,-1.4972504
20.0233,B,pid.locys.FB,2.4325368
20.0233,B,pid.locys.U,-11.789188
20.0233,B,pid.pitch.Des,-0.68711627
20.0233,B,pid.pitch.FB,-0.72619033
20.0233,B,pid.pitch.U,-0.01175797
20.0233,B,pid.roll.Des,0.091907971
20.0233,B,pid.roll.FB,-1.5880331
20.0233,B,pid.roll.U,5.0784802
20.0233,B,pid.yaw.Des,-14.320147
20.0233,B,pid.yaw.FB,-14.320147
20.0233,B,pid.yaw.U,-0.015189629
20.0233,B,pid.z_pos.Des,0.0099953562
20.0233,B,pid.z_pos.FB,0.0099953562
20.0233,B,pid.z_pos.U,0
20.0233,B,pid.z_rate.Des,0
20.0233,B,pid.z_rate.FB,-0.00012235825
20.0233,B,pid.z_rate.U,0.048996527
20.2390,A,mrac.pitch.e,0.02969618
20.2390,A,mrac.pitch.u_ad,0.10331021
20.2390,A,mrac.roll.e,-0.083864771
20.2390,A,mrac.roll.u_ad,0.16365488
20.2390,A,mrac.yaw.e,0.0069257012
20.2390,A,mrac.yaw.u_ad,0.012303301
20.2390,A,mrac.z.e,-3.0456384e-05
20.2390,A,mrac.z.u_ad,0.31196162
20.2390,A,status.arm,0
20.2390,A,status.flymode,1
20.2390,A,status.rc_authority,0
20.2390,A,status.sbus_lost,0
20.2390,A,status.twc_arrived,0
20.2390,A,status.twc_execute,0
20.2391,B,mrac.pitch.theta_0,0.10609692
20.2391,B,mrac.pitch.theta_1,0.00097099424
20.2391,B,mrac.pitch.theta_2,0.007314078
20.2391,B,mrac.pitch.theta_3,0.0037388501
20.2391,B,mrac.pitch.theta_4,0.18399085
20.2391,B,mrac.pitch.theta_5,0.14367305
20.2391,B,mrac.pitch.u_nom,0.0091053648
20.2391,B,mrac.pitch.xm,-0.00020521537
20.2391,B,mrac.roll.theta_0,0.14918648
20.2391,B,mrac.roll.theta_1,0.0034202281
20.2391,B,mrac.roll.theta_2,0.0021870728
20.2391,B,mrac.roll.theta_3,0.0041952985
20.2391,B,mrac.roll.theta_4,0.12823035
20.2391,B,mrac.roll.theta_5,0.13790812
20.2391,B,mrac.roll.u_nom,0.041432198
20.2391,B,mrac.roll.xm,0.088636242
20.2391,B,mrac.yaw.theta_0,0.012333446
20.2391,B,mrac.yaw.theta_1,0.00010636986
20.2391,B,mrac.yaw.theta_2,0.0024295296
20.2391,B,mrac.yaw.theta_3,0
20.2391,B,mrac.yaw.theta_4,0.083274752
20.2391,B,mrac.yaw.theta_5,0.087989837
20.2391,B,mrac.yaw.u_nom,-0.0008542185
20.2391,B,mrac.yaw.xm,-0.00026510915
20.2391,B,mrac.z.theta_0,0.31195068
20.2391,B,mrac.z.theta_1,7.6374512e-05
20.2391,B,mrac.z.theta_2,0.0060476139
20.2391,B,mrac.z.theta_3,0
20.2391,B,mrac.z.theta_4,0.19926155
20.2391,B,mrac.z.theta_5,0.19188084
20.2391,B,mrac.z.u_nom,0.00022070507
20.2391,B,mrac.z.xm,0
20.2391,B,path.active_path_mode,0
20.2391,B,path.circle_theta,0
20.2391,B,path.sinusoid_t_elapsed,30.002968
20.2391,B,path.twc_arrived,0
20.2391,B,path.twc_target_x,-10.000002
20.2391,B,path.twc_target_y,-29.999998
20.2391,B,path.twc_target_z,0.60000002
20.2391,B,pid.gyrox.Des,5.0784802
20.2391,B,pid.gyrox.FB,-1.3560506
20.2391,B,pid.gyrox.U,48.47567
20.2391,B,pid.gyroy.Des,-0.01175797
20.2391,B,pid.gyroy.FB,1.4920448
20.2391,B,pid.gyroy.U,10.653276
20.2391,B,pid.gyroz.Des,-0.015189629
20.2391,B,pid.gyroz.FB,0.18466137
20.2391,B,pid.gyroz.U,-1.599097
20.2391,B,pid.locx.Des,-90.153023
20.2391,B,pid.locx.FB,-90.153023
20.2391,B,pid.locx.U,1.9050647
20.2391,B,pid.locxs.Des,1.9050647
20.2391,B,pid.locxs.FB,1.4431787
20.2391,B,pid.locxs.U,1.3857819
20.2391,B,pid.locy.Des,-114.47216
20.2391,B,pid.locy.FB,-114.47216
20.2391,B,pid.locy.U,-1.4972504
20.2391,B,pid.locys.Des,-1.4972504
20.2391,B,pid.locys.FB,2.4325368
20.2391,B,pid.locys.U,-11.789188
20.2391,B,pid.pitch.Des,-0.68711627
20.2391,B,pid.pitch.FB,-0.72619033
20.2391,B,pid.pitch.U,-0.01175797
20.2391,B,pid.roll.Des,0.091907971
20.2391,B,pid.roll.FB,-1.5880331
20.2391,B,pid.roll.U,5.0784802
20.2391,B,pid.yaw.Des,-14.320147
20.2391,B,pid.yaw.FB,-14.320147
20.2391,B,pid.yaw.U,-0.015189629
20.2391,B,pid.z_pos.Des,0.0099953562
20.2391,B,pid.z_pos.FB,0.0099953562
20.2391,B,pid.z_pos.U,0
20.2391,B,pid.z_rate.Des,0
20.2391,B,pid.z_rate.FB,-0.00012235825
20.2391,B,pid.z_rate.U,0.048996527
20.4393,A,mrac.pitch.e,0.02969618
20.4393,A,mrac.pitch.u_ad,0.10331021
20.4393,A,mrac.roll.e,-0.083864771
20.4393,A,mrac.roll.u_ad,0.16365488
20.4393,A,mrac.yaw.e,0.0069257012
20.4393,A,mrac.yaw.u_ad,0.012303301
20.4393,A,mrac.z.e,-3.0456384e-05
20.4393,A,mrac.z.u_ad,0.31196162
20.4393,A,status.arm,0
20.4393,A,status.flymode,1
20.4393,A,status.rc_authority,0
20.4393,A,status.sbus_lost,0
20.4393,A,status.twc_arrived,0
20.4393,A,status.twc_execute,0
20.4394,B,mrac.pitch.theta_0,0.10609692
20.4394,B,mrac.pitch.theta_1,0.00097099424
20.4394,B,mrac.pitch.theta_2,0.007314078
20.4394,B,mrac.pitch.theta_3,0.0037388501
20.4394,B,mrac.pitch.theta_4,0.18399085
20.4394,B,mrac.pitch.theta_5,0.14367305
20.4394,B,mrac.pitch.u_nom,0.0091053648
20.4394,B,mrac.pitch.xm,-0.00020521537
20.4394,B,mrac.roll.theta_0,0.14918648
20.4394,B,mrac.roll.theta_1,0.0034202281
20.4394,B,mrac.roll.theta_2,0.0021870728
20.4394,B,mrac.roll.theta_3,0.0041952985
20.4394,B,mrac.roll.theta_4,0.12823035
20.4394,B,mrac.roll.theta_5,0.13790812
20.4394,B,mrac.roll.u_nom,0.041432198
20.4394,B,mrac.roll.xm,0.088636242
20.4394,B,mrac.yaw.theta_0,0.012333446
20.4394,B,mrac.yaw.theta_1,0.00010636986
20.4394,B,mrac.yaw.theta_2,0.0024295296
20.4394,B,mrac.yaw.theta_3,0
20.4394,B,mrac.yaw.theta_4,0.083274752
20.4394,B,mrac.yaw.theta_5,0.087989837
20.4394,B,mrac.yaw.u_nom,-0.0008542185
20.4394,B,mrac.yaw.xm,-0.00026510915
20.4394,B,mrac.z.theta_0,0.31195068
20.4394,B,mrac.z.theta_1,7.6374512e-05
20.4394,B,mrac.z.theta_2,0.0060476139
20.4394,B,mrac.z.theta_3,0
20.4394,B,mrac.z.theta_4,0.19926155
20.4394,B,mrac.z.theta_5,0.19188084
20.4394,B,mrac.z.u_nom,0.00022070507
20.4394,B,mrac.z.xm,0
20.4394,B,path.active_path_mode,0
20.4394,B,path.circle_theta,0
20.4394,B,path.sinusoid_t_elapsed,30.002968
20.4394,B,path.twc_arrived,0
20.4394,B,path.twc_target_x,-10.000002
20.4394,B,path.twc_target_y,-29.999998
20.4394,B,path.twc_target_z,0.60000002
20.4394,B,pid.gyrox.Des,5.0784802
20.4394,B,pid.gyrox.FB,-1.3560506
20.4394,B,pid.gyrox.U,48.47567
20.4394,B,pid.gyroy.Des,-0.01175797
20.4394,B,pid.gyroy.FB,1.4920448
20.4394,B,pid.gyroy.U,10.653276
20.4394,B,pid.gyroz.Des,-0.015189629
20.4394,B,pid.gyroz.FB,0.18466137
20.4394,B,pid.gyroz.U,-1.599097
20.4394,B,pid.locx.Des,-90.153023
20.4394,B,pid.locx.FB,-90.153023
20.4394,B,pid.locx.U,1.9050647
20.4394,B,pid.locxs.Des,1.9050647
20.4394,B,pid.locxs.FB,1.4431787
20.4394,B,pid.locxs.U,1.3857819
20.4394,B,pid.locy.Des,-114.47216
20.4394,B,pid.locy.FB,-114.47216
20.4394,B,pid.locy.U,-1.4972504
20.4394,B,pid.locys.Des,-1.4972504
20.4394,B,pid.locys.FB,2.4325368
20.4394,B,pid.locys.U,-11.789188
20.4394,B,pid.pitch.Des,-0.68711627
20.4394,B,pid.pitch.FB,-0.72619033
20.4394,B,pid.pitch.U,-0.01175797
20.4394,B,pid.roll.Des,0.091907971
20.4394,B,pid.roll.FB,-1.5880331
20.4394,B,pid.roll.U,5.0784802
20.4394,B,pid.yaw.Des,-14.320147
20.4394,B,pid.yaw.FB,-14.320147
20.4394,B,pid.yaw.U,-0.015189629
20.4394,B,pid.z_pos.Des,0.0099953562
20.4394,B,pid.z_pos.FB,0.0099953562
20.4394,B,pid.z_pos.U,0
20.4394,B,pid.z_rate.Des,0
20.4394,B,pid.z_rate.FB,-0.00012235825
20.4394,B,pid.z_rate.U,0.048996527
20.6440,A,mrac.pitch.e,0.02969618
20.6440,A,mrac.pitch.u_ad,0.10331021
20.6440,A,mrac.roll.e,-0.083864771
20.6440,A,mrac.roll.u_ad,0.16365488
20.6440,A,mrac.yaw.e,0.0069257012
20.6440,A,mrac.yaw.u_ad,0.012303301
20.6440,A,mrac.z.e,-3.0456384e-05
20.6440,A,mrac.z.u_ad,0.31196162
20.6440,A,status.arm,0
20.6440,A,status.flymode,1
20.6440,A,status.rc_authority,0
20.6440,A,status.sbus_lost,0
20.6440,A,status.twc_arrived,0
20.6440,A,status.twc_execute,0
20.6442,B,mrac.pitch.theta_0,0.10609692
20.6442,B,mrac.pitch.theta_1,0.00097099424
20.6442,B,mrac.pitch.theta_2,0.007314078
20.6442,B,mrac.pitch.theta_3,0.0037388501
20.6442,B,mrac.pitch.theta_4,0.18399085
20.6442,B,mrac.pitch.theta_5,0.14367305
20.6442,B,mrac.pitch.u_nom,0.0091053648
20.6442,B,mrac.pitch.xm,-0.00020521537
20.6442,B,mrac.roll.theta_0,0.14918648
20.6442,B,mrac.roll.theta_1,0.0034202281
20.6442,B,mrac.roll.theta_2,0.0021870728
20.6442,B,mrac.roll.theta_3,0.0041952985
20.6442,B,mrac.roll.theta_4,0.12823035
20.6442,B,mrac.roll.theta_5,0.13790812
20.6442,B,mrac.roll.u_nom,0.041432198
20.6442,B,mrac.roll.xm,0.088636242
20.6442,B,mrac.yaw.theta_0,0.012333446
20.6442,B,mrac.yaw.theta_1,0.00010636986
20.6442,B,mrac.yaw.theta_2,0.0024295296
20.6442,B,mrac.yaw.theta_3,0
20.6442,B,mrac.yaw.theta_4,0.083274752
20.6442,B,mrac.yaw.theta_5,0.087989837
20.6442,B,mrac.yaw.u_nom,-0.0008542185
20.6442,B,mrac.yaw.xm,-0.00026510915
20.6442,B,mrac.z.theta_0,0.31195068
20.6442,B,mrac.z.theta_1,7.6374512e-05
20.6442,B,mrac.z.theta_2,0.0060476139
20.6442,B,mrac.z.theta_3,0
20.6442,B,mrac.z.theta_4,0.19926155
20.6442,B,mrac.z.theta_5,0.19188084
20.6442,B,mrac.z.u_nom,0.00022070507
20.6442,B,mrac.z.xm,0
20.6442,B,path.active_path_mode,0
20.6442,B,path.circle_theta,0
20.6442,B,path.sinusoid_t_elapsed,30.002968
20.6442,B,path.twc_arrived,0
20.6442,B,path.twc_target_x,-10.000002
20.6442,B,path.twc_target_y,-29.999998
20.6442,B,path.twc_target_z,0.60000002
20.6442,B,pid.gyrox.Des,5.0784802
20.6442,B,pid.gyrox.FB,-1.3560506
20.6442,B,pid.gyrox.U,48.47567
20.6442,B,pid.gyroy.Des,-0.01175797
20.6442,B,pid.gyroy.FB,1.4920448
20.6442,B,pid.gyroy.U,10.653276
20.6442,B,pid.gyroz.Des,-0.015189629
20.6442,B,pid.gyroz.FB,0.18466137
20.6442,B,pid.gyroz.U,-1.599097
20.6442,B,pid.locx.Des,-90.153023
20.6442,B,pid.locx.FB,-90.153023
20.6442,B,pid.locx.U,1.9050647
20.6442,B,pid.locxs.Des,1.9050647
20.6442,B,pid.locxs.FB,1.4431787
20.6442,B,pid.locxs.U,1.3857819
20.6442,B,pid.locy.Des,-114.47216
20.6442,B,pid.locy.FB,-114.47216
20.6442,B,pid.locy.U,-1.4972504
20.6442,B,pid.locys.Des,-1.4972504
20.6442,B,pid.locys.FB,2.4325368
20.6442,B,pid.locys.U,-11.789188
20.6442,B,pid.pitch.Des,-0.68711627
20.6442,B,pid.pitch.FB,-0.72619033
20.6442,B,pid.pitch.U,-0.01175797
20.6442,B,pid.roll.Des,0.091907971
20.6442,B,pid.roll.FB,-1.5880331
20.6442,B,pid.roll.U,5.0784802
20.6442,B,pid.yaw.Des,-14.320147
20.6442,B,pid.yaw.FB,-14.320147
20.6442,B,pid.yaw.U,-0.015189629
20.6442,B,pid.z_pos.Des,0.0099953562
20.6442,B,pid.z_pos.FB,0.0099953562
20.6442,B,pid.z_pos.U,0
20.6442,B,pid.z_rate.Des,0
20.6442,B,pid.z_rate.FB,-0.00012235825
20.6442,B,pid.z_rate.U,0.048996527
20.8573,A,mrac.pitch.e,0.02969618
20.8573,A,mrac.pitch.u_ad,0.10331021
20.8573,A,mrac.roll.e,-0.083864771
20.8573,A,mrac.roll.u_ad,0.16365488
20.8573,A,mrac.yaw.e,0.0069257012
20.8573,A,mrac.yaw.u_ad,0.012303301
20.8573,A,mrac.z.e,-3.0456384e-05
20.8573,A,mrac.z.u_ad,0.31196162
20.8573,A,status.arm,0
20.8573,A,status.flymode,1
20.8573,A,status.rc_authority,0
20.8573,A,status.sbus_lost,0
20.8573,A,status.twc_arrived,0
20.8573,A,status.twc_execute,0
20.8573,B,mrac.pitch.theta_0,0.10609692
20.8573,B,mrac.pitch.theta_1,0.00097099424
20.8573,B,mrac.pitch.theta_2,0.007314078
20.8573,B,mrac.pitch.theta_3,0.0037388501
20.8573,B,mrac.pitch.theta_4,0.18399085
20.8573,B,mrac.pitch.theta_5,0.14367305
20.8573,B,mrac.pitch.u_nom,0.0091053648
20.8573,B,mrac.pitch.xm,-0.00020521537
20.8573,B,mrac.roll.theta_0,0.14918648
20.8573,B,mrac.roll.theta_1,0.0034202281
20.8573,B,mrac.roll.theta_2,0.0021870728
20.8573,B,mrac.roll.theta_3,0.0041952985
20.8573,B,mrac.roll.theta_4,0.12823035
20.8573,B,mrac.roll.theta_5,0.13790812
20.8573,B,mrac.roll.u_nom,0.041432198
20.8573,B,mrac.roll.xm,0.088636242
20.8573,B,mrac.yaw.theta_0,0.012333446
20.8573,B,mrac.yaw.theta_1,0.00010636986
20.8573,B,mrac.yaw.theta_2,0.0024295296
20.8573,B,mrac.yaw.theta_3,0
20.8573,B,mrac.yaw.theta_4,0.083274752
20.8573,B,mrac.yaw.theta_5,0.087989837
20.8573,B,mrac.yaw.u_nom,-0.0008542185
20.8573,B,mrac.yaw.xm,-0.00026510915
20.8573,B,mrac.z.theta_0,0.31195068
20.8573,B,mrac.z.theta_1,7.6374512e-05
20.8573,B,mrac.z.theta_2,0.0060476139
20.8573,B,mrac.z.theta_3,0
20.8573,B,mrac.z.theta_4,0.19926155
20.8573,B,mrac.z.theta_5,0.19188084
20.8573,B,mrac.z.u_nom,0.00022070507
20.8573,B,mrac.z.xm,0
20.8573,B,path.active_path_mode,0
20.8573,B,path.circle_theta,0
20.8573,B,path.sinusoid_t_elapsed,30.002968
20.8573,B,path.twc_arrived,0
20.8573,B,path.twc_target_x,-10.000002
20.8573,B,path.twc_target_y,-29.999998
20.8573,B,path.twc_target_z,0.60000002
20.8573,B,pid.gyrox.Des,5.0784802
20.8573,B,pid.gyrox.FB,-1.3560506
20.8573,B,pid.gyrox.U,48.47567
20.8573,B,pid.gyroy.Des,-0.01175797
20.8573,B,pid.gyroy.FB,1.4920448
20.8573,B,pid.gyroy.U,10.653276
20.8573,B,pid.gyroz.Des,-0.015189629
20.8573,B,pid.gyroz.FB,0.18466137
20.8573,B,pid.gyroz.U,-1.599097
20.8573,B,pid.locx.Des,-90.153023
20.8573,B,pid.locx.FB,-90.153023
20.8573,B,pid.locx.U,1.9050647
20.8573,B,pid.locxs.Des,1.9050647
20.8573,B,pid.locxs.FB,1.4431787
20.8573,B,pid.locxs.U,1.3857819
20.8573,B,pid.locy.Des,-114.47216
20.8573,B,pid.locy.FB,-114.47216
20.8573,B,pid.locy.U,-1.4972504
20.8573,B,pid.locys.Des,-1.4972504
20.8573,B,pid.locys.FB,2.4325368
20.8573,B,pid.locys.U,-11.789188
20.8573,B,pid.pitch.Des,-0.68711627
20.8573,B,pid.pitch.FB,-0.72619033
20.8573,B,pid.pitch.U,-0.01175797
20.8573,B,pid.roll.Des,0.091907971
20.8573,B,pid.roll.FB,-1.5880331
20.8573,B,pid.roll.U,5.0784802
20.8573,B,pid.yaw.Des,-14.320147
20.8573,B,pid.yaw.FB,-14.320147
20.8573,B,pid.yaw.U,-0.015189629
20.8573,B,pid.z_pos.Des,0.0099953562
20.8573,B,pid.z_pos.FB,0.0099953562
20.8573,B,pid.z_pos.U,0
20.8573,B,pid.z_rate.Des,0
20.8573,B,pid.z_rate.FB,-0.00012235825
20.8573,B,pid.z_rate.U,0.048996527
21.0736,A,mrac.pitch.e,0.02969618
21.0736,A,mrac.pitch.u_ad,0.10331021
21.0736,A,mrac.roll.e,-0.083864771
21.0736,A,mrac.roll.u_ad,0.16365488
21.0736,A,mrac.yaw.e,0.0069257012
21.0736,A,mrac.yaw.u_ad,0.012303301
21.0736,A,mrac.z.e,-3.0456384e-05
21.0736,A,mrac.z.u_ad,0.31196162
21.0736,A,status.arm,0
21.0736,A,status.flymode,1
21.0736,A,status.rc_authority,0
21.0736,A,status.sbus_lost,0
21.0736,A,status.twc_arrived,0
21.0736,A,status.twc_execute,0
21.0736,B,mrac.pitch.theta_0,0.10609692
21.0736,B,mrac.pitch.theta_1,0.00097099424
21.0736,B,mrac.pitch.theta_2,0.007314078
21.0736,B,mrac.pitch.theta_3,0.0037388501
21.0736,B,mrac.pitch.theta_4,0.18399085
21.0736,B,mrac.pitch.theta_5,0.14367305
21.0736,B,mrac.pitch.u_nom,0.0091053648
21.0736,B,mrac.pitch.xm,-0.00020521537
21.0736,B,mrac.roll.theta_0,0.14918648
21.0736,B,mrac.roll.theta_1,0.0034202281
21.0736,B,mrac.roll.theta_2,0.0021870728
21.0736,B,mrac.roll.theta_3,0.0041952985
21.0736,B,mrac.roll.theta_4,0.12823035
21.0736,B,mrac.roll.theta_5,0.13790812
21.0736,B,mrac.roll.u_nom,0.041432198
21.0736,B,mrac.roll.xm,0.088636242
21.0736,B,mrac.yaw.theta_0,0.012333446
21.0736,B,mrac.yaw.theta_1,0.00010636986
21.0736,B,mrac.yaw.theta_2,0.0024295296
21.0736,B,mrac.yaw.theta_3,0
21.0736,B,mrac.yaw.theta_4,0.083274752
21.0736,B,mrac.yaw.theta_5,0.087989837
21.0736,B,mrac.yaw.u_nom,-0.0008542185
21.0736,B,mrac.yaw.xm,-0.00026510915
21.0736,B,mrac.z.theta_0,0.31195068
21.0736,B,mrac.z.theta_1,7.6374512e-05
21.0736,B,mrac.z.theta_2,0.0060476139
21.0736,B,mrac.z.theta_3,0
21.0736,B,mrac.z.theta_4,0.19926155
21.0736,B,mrac.z.theta_5,0.19188084
21.0736,B,mrac.z.u_nom,0.00022070507
21.0736,B,mrac.z.xm,0
21.0736,B,path.active_path_mode,0
21.0736,B,path.circle_theta,0
21.0736,B,path.sinusoid_t_elapsed,30.002968
21.0736,B,path.twc_arrived,0
21.0736,B,path.twc_target_x,-10.000002
21.0736,B,path.twc_target_y,-29.999998
21.0736,B,path.twc_target_z,0.60000002
21.0736,B,pid.gyrox.Des,5.0784802
21.0736,B,pid.gyrox.FB,-1.3560506
21.0736,B,pid.gyrox.U,48.47567
21.0736,B,pid.gyroy.Des,-0.01175797
21.0736,B,pid.gyroy.FB,1.4920448
21.0736,B,pid.gyroy.U,10.653276
21.0736,B,pid.gyroz.Des,-0.015189629
21.0736,B,pid.gyroz.FB,0.18466137
21.0736,B,pid.gyroz.U,-1.599097
21.0736,B,pid.locx.Des,-90.153023
21.0736,B,pid.locx.FB,-90.153023
21.0736,B,pid.locx.U,1.9050647
21.0736,B,pid.locxs.Des,1.9050647
21.0736,B,pid.locxs.FB,1.4431787
21.0736,B,pid.locxs.U,1.3857819
21.0736,B,pid.locy.Des,-114.47216
21.0736,B,pid.locy.FB,-114.47216
21.0736,B,pid.locy.U,-1.4972504
21.0736,B,pid.locys.Des,-1.4972504
21.0736,B,pid.locys.FB,2.4325368
21.0736,B,pid.locys.U,-11.789188
21.0736,B,pid.pitch.Des,-0.68711627
21.0736,B,pid.pitch.FB,-0.72619033
21.0736,B,pid.pitch.U,-0.01175797
21.0736,B,pid.roll.Des,0.091907971
21.0736,B,pid.roll.FB,-1.5880331
21.0736,B,pid.roll.U,5.0784802
21.0736,B,pid.yaw.Des,-14.320147
21.0736,B,pid.yaw.FB,-14.320147
21.0736,B,pid.yaw.U,-0.015189629
21.0736,B,pid.z_pos.Des,0.0099953562
21.0736,B,pid.z_pos.FB,0.0099953562
21.0736,B,pid.z_pos.U,0
21.0736,B,pid.z_rate.Des,0
21.0736,B,pid.z_rate.FB,-0.00012235825
21.0736,B,pid.z_rate.U,0.048996527
21.2728,A,mrac.pitch.e,0.02969618
21.2728,A,mrac.pitch.u_ad,0.10331021
21.2728,A,mrac.roll.e,-0.083864771
21.2728,A,mrac.roll.u_ad,0.16365488
21.2728,A,mrac.yaw.e,0.0069257012
21.2728,A,mrac.yaw.u_ad,0.012303301
21.2728,A,mrac.z.e,-3.0456384e-05
21.2728,A,mrac.z.u_ad,0.31196162
21.2728,A,status.arm,0
21.2728,A,status.flymode,1
21.2728,A,status.rc_authority,0
21.2728,A,status.sbus_lost,0
21.2728,A,status.twc_arrived,0
21.2728,A,status.twc_execute,0
21.2729,B,mrac.pitch.theta_0,0.10609692
21.2729,B,mrac.pitch.theta_1,0.00097099424
21.2729,B,mrac.pitch.theta_2,0.007314078
21.2729,B,mrac.pitch.theta_3,0.0037388501
21.2729,B,mrac.pitch.theta_4,0.18399085
21.2729,B,mrac.pitch.theta_5,0.14367305
21.2729,B,mrac.pitch.u_nom,0.0091053648
21.2729,B,mrac.pitch.xm,-0.00020521537
21.2729,B,mrac.roll.theta_0,0.14918648
21.2729,B,mrac.roll.theta_1,0.0034202281
21.2729,B,mrac.roll.theta_2,0.0021870728
21.2729,B,mrac.roll.theta_3,0.0041952985
21.2729,B,mrac.roll.theta_4,0.12823035
21.2729,B,mrac.roll.theta_5,0.13790812
21.2729,B,mrac.roll.u_nom,0.041432198
21.2729,B,mrac.roll.xm,0.088636242
21.2729,B,mrac.yaw.theta_0,0.012333446
21.2729,B,mrac.yaw.theta_1,0.00010636986
21.2729,B,mrac.yaw.theta_2,0.0024295296
21.2729,B,mrac.yaw.theta_3,0
21.2729,B,mrac.yaw.theta_4,0.083274752
21.2729,B,mrac.yaw.theta_5,0.087989837
21.2729,B,mrac.yaw.u_nom,-0.0008542185
21.2729,B,mrac.yaw.xm,-0.00026510915
21.2729,B,mrac.z.theta_0,0.31195068
21.2729,B,mrac.z.theta_1,7.6374512e-05
21.2729,B,mrac.z.theta_2,0.0060476139
21.2729,B,mrac.z.theta_3,0
21.2729,B,mrac.z.theta_4,0.19926155
21.2729,B,mrac.z.theta_5,0.19188084
21.2729,B,mrac.z.u_nom,0.00022070507
21.2729,B,mrac.z.xm,0
21.2729,B,path.active_path_mode,0
21.2729,B,path.circle_theta,0
21.2729,B,path.sinusoid_t_elapsed,30.002968
21.2729,B,path.twc_arrived,0
21.2729,B,path.twc_target_x,-10.000002
21.2729,B,path.twc_target_y,-29.999998
21.2729,B,path.twc_target_z,0.60000002
21.2729,B,pid.gyrox.Des,5.0784802
21.2729,B,pid.gyrox.FB,-1.3560506
21.2729,B,pid.gyrox.U,48.47567
21.2729,B,pid.gyroy.Des,-0.01175797
21.2729,B,pid.gyroy.FB,1.4920448
21.2729,B,pid.gyroy.U,10.653276
21.2729,B,pid.gyroz.Des,-0.015189629
21.2729,B,pid.gyroz.FB,0.18466137
21.2729,B,pid.gyroz.U,-1.599097
21.2729,B,pid.locx.Des,-90.153023
21.2729,B,pid.locx.FB,-90.153023
21.2729,B,pid.locx.U,1.9050647
21.2729,B,pid.locxs.Des,1.9050647
21.2729,B,pid.locxs.FB,1.4431787
21.2729,B,pid.locxs.U,1.3857819
21.2729,B,pid.locy.Des,-114.47216
21.2729,B,pid.locy.FB,-114.47216
21.2729,B,pid.locy.U,-1.4972504
21.2729,B,pid.locys.Des,-1.4972504
21.2729,B,pid.locys.FB,2.4325368
21.2729,B,pid.locys.U,-11.789188
21.2729,B,pid.pitch.Des,-0.68711627
21.2729,B,pid.pitch.FB,-0.72619033
21.2729,B,pid.pitch.U,-0.01175797
21.2729,B,pid.roll.Des,0.091907971
21.2729,B,pid.roll.FB,-1.5880331
21.2729,B,pid.roll.U,5.0784802
21.2729,B,pid.yaw.Des,-14.320147
21.2729,B,pid.yaw.FB,-14.320147
21.2729,B,pid.yaw.U,-0.015189629
21.2729,B,pid.z_pos.Des,0.0099953562
21.2729,B,pid.z_pos.FB,0.0099953562
21.2729,B,pid.z_pos.U,0
21.2729,B,pid.z_rate.Des,0
21.2729,B,pid.z_rate.FB,-0.00012235825
21.2729,B,pid.z_rate.U,0.048996527
21.4740,A,mrac.pitch.e,-0.024875555
21.4740,A,mrac.pitch.u_ad,0.11217863
21.4740,A,mrac.roll.e,-0.072502196
21.4740,A,mrac.roll.u_ad,0.16293955
21.4740,A,mrac.yaw.e,0.0086935451
21.4740,A,mrac.yaw.u_ad,0.012464741
21.4740,A,mrac.z.e,9.425948e-07
21.4740,A,mrac.z.u_ad,0.31195036
21.4740,A,status.arm,0
21.4740,A,status.flymode,1
21.4740,A,status.rc_authority,0
21.4740,A,status.sbus_lost,0
21.4740,A,status.twc_arrived,0
21.4740,A,status.twc_execute,0
21.4741,B,mrac.pitch.theta_0,0.10924041
21.4741,B,mrac.pitch.theta_1,0.00096840056
21.4741,B,mrac.pitch.theta_2,0.00731418
21.4741,B,mrac.pitch.theta_3,0.0037387491
21.4741,B,mrac.pitch.theta_4,0.18398523
21.4741,B,mrac.pitch.theta_5,0.14366706
21.4741,B,mrac.pitch.u_nom,0.023301061
21.4741,B,mrac.pitch.xm,0.0075180009
21.4741,B,mrac.roll.theta_0,0.14924134
21.4741,B,mrac.roll.theta_1,0.0034041367
21.4741,B,mrac.roll.theta_2,0.002187354
21.4741,B,mrac.roll.theta_3,0.0041937036
21.4741,B,mrac.roll.theta_4,0.1282423
21.4741,B,mrac.roll.theta_5,0.13795175
21.4741,B,mrac.roll.u_nom,0.022372296
21.4741,B,mrac.roll.xm,0.073798656
21.4741,B,mrac.yaw.theta_0,0.01264953
21.4741,B,mrac.yaw.theta_1,0.00010625768
21.4741,B,mrac.yaw.theta_2,0.0024295107
21.4741,B,mrac.yaw.theta_3,0
21.4741,B,mrac.yaw.theta_4,0.083274662
21.4741,B,mrac.yaw.theta_5,0.087988108
21.4741,B,mrac.yaw.u_nom,0.0033396434
21.4741,B,mrac.yaw.xm,4.3028715e-05
21.4741,B,mrac.z.theta_0,0.31195068
21.4741,B,mrac.z.theta_1,7.6374512e-05
21.4741,B,mrac.z.theta_2,0.0060476139
21.4741,B,mrac.z.theta_3,0
21.4741,B,mrac.z.theta_4,0.19926155
21.4741,B,mrac.z.theta_5,0.19188084
21.4741,B,mrac.z.u_nom,1.3525971e-06
21.4741,B,mrac.z.xm,0
21.4741,B,path.active_path_mode,0
21.4741,B,path.circle_theta,0
21.4741,B,path.sinusoid_t_elapsed,30.002968
21.4741,B,path.twc_arrived,0
21.4741,B,path.twc_target_x,-10.000002
21.4741,B,path.twc_target_y,-29.999998
21.4741,B,path.twc_target_z,0.60000002
21.4741,B,pid.gyrox.Des,4.2283497
21.4741,B,pid.gyrox.FB,-0.72526103
21.4741,B,pid.gyrox.U,26.175587
21.4741,B,pid.gyroy.Des,0.43074954
21.4741,B,pid.gyroy.FB,-1.9109608
21.4741,B,pid.gyroy.U,27.262241
21.4741,B,pid.gyroz.Des,0.0024653627
21.4741,B,pid.gyroz.FB,-0.77745509
21.4741,B,pid.gyroz.U,6.2518125
21.4741,B,pid.locx.Des,-90.84581
21.4741,B,pid.locx.FB,-90.84581
21.4741,B,pid.locx.U,1.904634
21.4741,B,pid.locxs.Des,1.904634
21.4741,B,pid.locxs.FB,-1.2180996
21.4741,B,pid.locxs.U,9.3685608
21.4741,B,pid.locy.Des,-114.65011
21.4741,B,pid.locy.FB,-114.65011
21.4741,B,pid.locy.U,-1.4973511
21.4741,B,pid.locys.Des,-1.4973511
21.4741,B,pid.locys.FB,0.71849376
21.4741,B,pid.locys.U,-6.646925
21.4741,B,pid.pitch.Des,-0.51249516
21.4741,B,pid.pitch.FB,-0.64331293
21.4741,B,pid.pitch.U,0.43074954
21.4741,B,pid.roll.Des,-0.43296292
21.4741,B,pid.roll.FB,-1.8304238
21.4741,B,pid.roll.U,4.2283497
21.4741,B,pid.yaw.Des,-14.465862
21.4741,B,pid.yaw.FB,-14.465862
21.4741,B,pid.yaw.U,0.0024653627
21.4741,B,pid.z_pos.Des,0.0099942666
21.4741,B,pid.z_pos.FB,0.0099942666
21.4741,B,pid.z_pos.U,0
21.4741,B,pid.z_rate.Des,0
21.4741,B,pid.z_rate.FB,-7.4987588e-07
21.4741,B,pid.z_rate.U,0.00030027656
21.6905,A,mrac.pitch.e,-0.01348813
21.6905,A,mrac.pitch.u_ad,0.11481986
21.6905,A,mrac.roll.e,-0.069605112
21.6905,A,mrac.roll.u_ad,0.16389856
21.6905,A,mrac.yaw.e,-0.004284184
21.6905,A,mrac.yaw.u_ad,0.0132934
21.6905,A,mrac.z.e,-9.1072638e-07
21.6905,A,mrac.z.u_ad,0.31195101
21.6905,A,status.arm,0
21.6905,A,status.flymode,1
21.6905,A,status.rc_authority,0
21.6905,A,status.sbus_lost,0
21.6905,A,status.twc_arrived,0
21.6905,A,status.twc_execute,0
21.6905,B,mrac.pitch.theta_0,0.11111268
21.6905,B,mrac.pitch.theta_1,0.00096743717
21.6905,B,mrac.pitch.theta_2,0.0073141917
21.6905,B,mrac.pitch.theta_3,0.003738713
21.6905,B,mrac.pitch.theta_4,0.18398282
21.6905,B,mrac.pitch.theta_5,0.14366485
21.6905,B,mrac.pitch.u_nom,0.016550487
21.6905,B,mrac.pitch.xm,0.022285538
21.6905,B,mrac.roll.theta_0,0.14923133
21.6905,B,mrac.roll.theta_1,0.0034012711
21.6905,B,mrac.roll.theta_2,0.0021873498
21.6905,B,mrac.roll.theta_3,0.0041934401
21.6905,B,mrac.roll.theta_4,0.1282414
21.6905,B,mrac.roll.theta_5,0.13795622
21.6905,B,mrac.roll.u_nom,0.016791267
21.6905,B,mrac.roll.xm,0.074502349
21.6905,B,mrac.yaw.theta_0,0.013206696
21.6905,B,mrac.yaw.theta_1,0.00010618411
21.6905,B,mrac.yaw.theta_2,0.0024296485
21.6905,B,mrac.yaw.theta_3,0
21.6905,B,mrac.yaw.theta_4,0.083274834
21.6905,B,mrac.yaw.theta_5,0.087987214
21.6905,B,mrac.yaw.u_nom,-0.00027417115
21.6905,B,mrac.yaw.xm,0.00019181959
21.6905,B,mrac.z.theta_0,0.31195068
21.6905,B,mrac.z.theta_1,7.6374512e-05
21.6905,B,mrac.z.theta_2,0.0060476139
21.6905,B,mrac.z.theta_3,0
21.6905,B,mrac.z.theta_4,0.19926155
21.6905,B,mrac.z.theta_5,0.19188084
21.6905,B,mrac.z.u_nom,6.8746403e-06
21.6905,B,mrac.z.xm,0
21.6905,B,path.active_path_mode,0
21.6905,B,path.circle_theta,0
21.6905,B,path.sinusoid_t_elapsed,30.002968
21.6905,B,path.twc_arrived,0
21.6905,B,path.twc_target_x,-10.000002
21.6905,B,path.twc_target_y,-29.999998
21.6905,B,path.twc_target_z,0.60000002
21.6905,B,pid.gyrox.Des,4.2686682
21.6905,B,pid.gyrox.FB,0.20669545
21.6905,B,pid.gyrox.U,19.645782
21.6905,B,pid.gyroy.Des,1.2768667
21.6905,B,pid.gyroy.FB,-0.3926121
21.6905,B,pid.gyroy.U,19.364069
21.6905,B,pid.gyroz.Des,0.010990448
21.6905,B,pid.gyroz.FB,0.073901147
21.6905,B,pid.gyroz.U,-0.51324838
21.6905,B,pid.locx.Des,-90.84581
21.6905,B,pid.locx.FB,-90.84581
21.6905,B,pid.locx.U,1.904634
21.6905,B,pid.locxs.Des,1.904634
21.6905,B,pid.locxs.FB,-0.96785069
21.6905,B,pid.locxs.U,8.6173382
21.6905,B,pid.locy.Des,-114.65011
21.6905,B,pid.locy.FB,-114.65011
21.6905,B,pid.locy.U,-1.4973511
21.6905,B,pid.locys.Des,-1.4973511
21.6905,B,pid.locys.FB,-0.25152549
21.6905,B,pid.locys.U,-3.7370303
21.6905,B,pid.pitch.Des,-0.33777195
21.6905,B,pid.pitch.FB,-0.76521456
21.6905,B,pid.pitch.U,1.2768667
21.6905,B,pid.roll.Des,-0.43232143
21.6905,B,pid.roll.FB,-1.8622299
21.6905,B,pid.roll.U,4.2686682
21.6905,B,pid.yaw.Des,-14.567813
21.6905,B,pid.yaw.FB,-14.567813
21.6905,B,pid.yaw.U,0.010990448
21.6905,B,pid.z_pos.Des,0.009993827
21.6905,B,pid.z_pos.FB,0.009993827
21.6905,B,pid.z_pos.U,0
21.6905,B,pid.z_rate.Des,0
21.6905,B,pid.z_rate.FB,-3.8112807e-06
21.6905,B,pid.z_rate.U,0.0015261702
21.9070,A,mrac.pitch.e,-0.055348199
21.9070,A,mrac.pitch.u_ad,0.11845592
21.9070,A,mrac.roll.e,-0.053316377
21.9070,A,mrac.roll.u_ad,0.16073827
21.9070,A,mrac.yaw.e,-0.012245465
21.9070,A,mrac.yaw.u_ad,0.013446903
21.9070,A,mrac.z.e,5.9989338e-07
21.9070,A,mrac.z.u_ad,0.31195047
21.9070,A,status.arm,0
21.9070,A,status.flymode,1
21.9070,A,status.rc_authority,0
21.9070,A,status.sbus_lost,0
21.9070,A,status.twc_arrived,0
21.9070,A,status.twc_execute,0
21.9071,B,mrac.pitch.theta_0,0.11151576
21.9071,B,mrac.pitch.theta_1,0.00096724794
21.9071,B,mrac.pitch.theta_2,0.0073141833
21.9071,B,mrac.pitch.theta_3,0.0037387006
21.9071,B,mrac.pitch.theta_4,0.18398197
21.9071,B,mrac.pitch.theta_5,0.14366406
21.9071,B,mrac.pitch.u_nom,0.0093868431
21.9071,B,mrac.pitch.xm,0.019469272
21.9071,B,mrac.roll.theta_0,0.14922389
21.9071,B,mrac.roll.theta_1,0.0034003952
21.9071,B,mrac.roll.theta_2,0.0021873459
21.9071,B,mrac.roll.theta_3,0.0041932743
21.9071,B,mrac.roll.theta_4,0.12824199
21.9071,B,mrac.roll.theta_5,0.13795865
21.9071,B,mrac.roll.u_nom,0.011789238
21.9071,B,mrac.roll.xm,0.073094867
21.9071,B,mrac.yaw.theta_0,0.0132562
21.9071,B,mrac.yaw.theta_1,0.00010611807
21.9071,B,mrac.yaw.theta_2,0.0024296264
21.9071,B,mrac.yaw.theta_3,0
21.9071,B,mrac.yaw.theta_4,0.083274662
21.9071,B,mrac.yaw.theta_5,0.087986082
21.9071,B,mrac.yaw.u_nom,0.015028714
21.9071,B,mrac.yaw.xm,0.001862902
21.9071,B,mrac.z.theta_0,0.31195068
21.9071,B,mrac.z.theta_1,7.6374512e-05
21.9071,B,mrac.z.theta_2,0.0060476139
21.9071,B,mrac.z.theta_3,0
21.9071,B,mrac.z.theta_4,0.19926155
21.9071,B,mrac.z.theta_5,0.19188084
21.9071,B,mrac.z.u_nom,-2.5697932e-06
21.9071,B,mrac.z.xm,0
21.9071,B,path.active_path_mode,0
21.9071,B,path.circle_theta,0
21.9071,B,path.sinusoid_t_elapsed,30.002968
21.9071,B,path.twc_arrived,0
21.9071,B,path.twc_target_x,-10.000002
21.9071,B,path.twc_target_y,-29.999998
21.9071,B,path.twc_target_z,0.60000002
21.9071,B,pid.gyrox.Des,4.1880255
21.9071,B,pid.gyrox.FB,0.036644511
21.9071,B,pid.gyrox.U,13.793408
21.9071,B,pid.gyroy.Des,1.1155066
21.9071,B,pid.gyroy.FB,0.61383641
21.9071,B,pid.gyroy.U,10.982607
21.9071,B,pid.gyroz.Des,0.10673638
21.9071,B,pid.gyroz.FB,-3.4084425
21.9071,B,pid.gyroz.U,28.133753
21.9071,B,pid.locx.Des,-90.84581
21.9071,B,pid.locx.FB,-90.84581
21.9071,B,pid.locx.U,1.904634
21.9071,B,pid.locxs.Des,1.904634
21.9071,B,pid.locxs.FB,-0.96784037
21.9071,B,pid.locxs.U,8.6173067
21.9071,B,pid.locy.Des,-114.65011
21.9071,B,pid.locy.FB,-114.65011
21.9071,B,pid.locy.U,-1.4973511
21.9071,B,pid.locys.Des,-1.4973511
21.9071,B,pid.locys.FB,-0.25156513
21.9071,B,pid.locys.U,-3.7369115
21.9071,B,pid.pitch.Des,-0.33778965
21.9071,B,pid.pitch.FB,-0.72341835
21.9071,B,pid.pitch.U,1.1155066
21.9071,B,pid.roll.Des,-0.43231168
21.9071,B,pid.roll.FB,-1.8245499
21.9071,B,pid.roll.U,4.1880255
21.9071,B,pid.yaw.Des,-14.570158
21.9071,B,pid.yaw.FB,-14.570158
21.9071,B,pid.yaw.U,0.10673638
21.9071,B,pid.z_pos.Des,0.0099941334
21.9071,B,pid.z_pos.FB,0.0099941334
21.9071,B,pid.z_pos.U,0
21.9071,B,pid.z_rate.Des,0
21.9071,B,pid.z_rate.FB,1.4246859e-06
21.9071,B,pid.z_rate.U,-0.0005704941
22.1240,A,mrac.pitch.e,-0.040341884
22.1240,A,mrac.pitch.u_ad,0.12019275
22.1240,A,mrac.roll.e,-0.047678523
22.1240,A,mrac.roll.u_ad,0.15914942
22.1240,A,mrac.yaw.e,-0.073186986
22.1240,A,mrac.yaw.u_ad,0.014950886
22.1240,A,mrac.z.e,2.1491333e-06
22.1240,A,mrac.z.u_ad,0.31194991
22.1240,A,status.arm,0
22.1240,A,status.flymode,1
22.1240,A,status.rc_authority,0
22.1240,A,status.sbus_lost,0
22.1240,A,status.twc_arrived,0
22.1240,A,status.twc_execute,0
22.1241,B,mrac.pitch.theta_0,0.11351719
22.1241,B,mrac.pitch.theta_1,0.0009661779
22.1241,B,mrac.pitch.theta_2,0.0073141772
22.1241,B,mrac.pitch.theta_3,0.0037386424
22.1241,B,mrac.pitch.theta_4,0.18397802
22.1241,B,mrac.pitch.theta_5,0.1436605
22.1241,B,mrac.pitch.u_nom,0.0072554075
22.1241,B,mrac.pitch.xm,0.02054459
22.1241,B,mrac.roll.theta_0,0.14920934
22.1241,B,mrac.roll.theta_1,0.0034003546
22.1241,B,mrac.roll.theta_2,0.0021872744
22.1241,B,mrac.roll.theta_3,0.0041930005
22.1241,B,mrac.roll.theta_4,0.12823915
22.1241,B,mrac.roll.theta_5,0.13796142
22.1241,B,mrac.roll.u_nom,-0.0074460395
22.1241,B,mrac.roll.xm,0.0723176
22.1241,B,mrac.yaw.theta_0,0.013159694
22.1241,B,mrac.yaw.theta_1,0.00010610596
22.1241,B,mrac.yaw.theta_2,0.0024296087
22.1241,B,mrac.yaw.theta_3,0
22.1241,B,mrac.yaw.theta_4,0.083274566
22.1241,B,mrac.yaw.theta_5,0.087985806
22.1241,B,mrac.yaw.u_nom,-0.00025936219
22.1241,B,mrac.yaw.xm,0.00010224346
22.1241,B,mrac.z.theta_0,0.31195068
22.1241,B,mrac.z.theta_1,7.6374512e-05
22.1241,B,mrac.z.theta_2,0.0060476139
22.1241,B,mrac.z.theta_3,0
22.1241,B,mrac.z.theta_4,0.19926155
22.1241,B,mrac.z.theta_5,0.19188084
22.1241,B,mrac.z.u_nom,1.6839271e-06
22.1241,B,mrac.z.xm,0
22.1241,B,path.active_path_mode,0
22.1241,B,path.circle_theta,0
22.1241,B,path.sinusoid_t_elapsed,30.002968
22.1241,B,path.twc_arrived,0
22.1241,B,path.twc_target_x,-10.000002
22.1241,B,path.twc_target_y,-29.999998
22.1241,B,path.twc_target_z,0.60000002
22.1241,B,pid.gyrox.Des,4.1434917
22.1241,B,pid.gyrox.FB,1.5239105
22.1241,B,pid.gyrox.U,-8.7118664
22.1241,B,pid.gyroy.Des,1.1771178
22.1241,B,pid.gyroy.FB,0.96469039
22.1241,B,pid.gyroy.U,8.4888268
22.1241,B,pid.gyroz.Des,0.0058581163
22.1241,B,pid.gyroz.FB,0.065716214
22.1241,B,pid.gyroz.U,-0.48552603
22.1241,B,pid.locx.Des,-90.84581
22.1241,B,pid.locx.FB,-90.84581
22.1241,B,pid.locx.U,1.904634
22.1241,B,pid.locxs.Des,1.904634
22.1241,B,pid.locxs.FB,-0.96777523
22.1241,B,pid.locxs.U,8.6170826
22.1241,B,pid.locy.Des,-114.65011
22.1241,B,pid.locy.FB,-114.65011
22.1241,B,pid.locy.U,-1.4973511
22.1241,B,pid.locys.Des,-1.4973511
22.1241,B,pid.locys.FB,-0.25181568
22.1241,B,pid.locys.U,-3.7360523
22.1241,B,pid.pitch.Des,-0.3378509
22.1241,B,pid.pitch.FB,-0.7500937
22.1241,B,pid.pitch.U,1.1771178
22.1241,B,pid.roll.Des,-0.43222159
22.1241,B,pid.roll.FB,-1.8177569
22.1241,B,pid.roll.U,4.1434917
22.1241,B,pid.yaw.Des,-14.584991
22.1241,B,pid.yaw.FB,-14.584991
22.1241,B,pid.yaw.U,0.0058581163
22.1241,B,pid.z_pos.Des,0.0099941101
22.1241,B,pid.z_pos.FB,0.0099941101
22.1241,B,pid.z_pos.U,0
22.1241,B,pid.z_rate.Des,0
22.1241,B,pid.z_rate.FB,-9.3356425e-07
22.1241,B,pid.z_rate.U,0.0003738318
22.3393,A,mrac.pitch.e,-0.025898289
22.3393,A,mrac.pitch.u_ad,0.11978158
22.3393,A,mrac.roll.e,-0.082587108
22.3393,A,mrac.roll.u_ad,0.16022873
22.3393,A,mrac.yaw.e,0.027181506
22.3393,A,mrac.yaw.u_ad,0.012924666
22.3393,A,mrac.z.e,-1.5261094e-07
22.3393,A,mrac.z.u_ad,0.31195074
22.3393,A,status.arm,0
22.3393,A,status.flymode,1
22.3393,A,status.rc_authority,0
22.3393,A,status.sbus_lost,0
22.3393,A,status.twc_arrived,0
22.3393,A,status.twc_execute,0
22.3394,B,mrac.pitch.theta_0,0.11444865
22.3394,B,mrac.pitch.theta_1,0.00096580398
22.3394,B,mrac.pitch.theta_2,0.0073141446
22.3394,B,mrac.pitch.theta_3,0.003738618
22.3394,B,mrac.pitch.theta_4,0.18397562
22.3394,B,mrac.pitch.theta_5,0.14365856
22.3394,B,mrac.pitch.u_nom,0.015756754
22.3394,B,mrac.pitch.xm,0.021130569
22.3394,B,mrac.roll.theta_0,0.14919707
22.3394,B,mrac.roll.theta_1,0.0033992613
22.3394,B,mrac.roll.theta_2,0.0021872611
22.3394,B,mrac.roll.theta_3,0.0041927947
22.3394,B,mrac.roll.theta_4,0.1282372
22.3394,B,mrac.roll.theta_5,0.13796268
22.3394,B,mrac.roll.u_nom,-0.00214315
22.3394,B,mrac.roll.xm,0.068953499
22.3394,B,mrac.yaw.theta_0,0.013561701
22.3394,B,mrac.yaw.theta_1,0.00010602661
22.3394,B,mrac.yaw.theta_2,0.0024297026
22.3394,B,mrac.yaw.theta_3,0
22.3394,B,mrac.yaw.theta_4,0.083274566
22.3394,B,mrac.yaw.theta_5,0.087984644
22.3394,B,mrac.yaw.u_nom,0.020212866
22.3394,B,mrac.yaw.xm,0.0012087248
22.3394,B,mrac.z.theta_0,0.31195068
22.3394,B,mrac.z.theta_1,7.6374512e-05
22.3394,B,mrac.z.theta_2,0.0060476139
22.3394,B,mrac.z.theta_3,0
22.3394,B,mrac.z.theta_4,0.19926155
22.3394,B,mrac.z.theta_5,0.19188084
22.3394,B,mrac.z.u_nom,-4.2890758e-07
22.3394,B,mrac.z.xm,0
22.3394,B,path.active_path_mode,0
22.3394,B,path.circle_theta,0
22.3394,B,path.sinusoid_t_elapsed,30.002968
22.3394,B,path.twc_arrived,0
22.3394,B,path.twc_target_x,-10.000002
22.3394,B,path.twc_target_y,-29.999998
22.3394,B,path.twc_target_z,0.60000002
22.3394,B,pid.gyrox.Des,3.9507427
22.3394,B,pid.gyrox.FB,1.9482253
22.3394,B,pid.gyrox.U,-2.5074854
22.3394,B,pid.gyroy.Des,1.2106919
22.3394,B,pid.gyroy.FB,-1.4841503
22.3394,B,pid.gyroy.U,18.435402
22.3394,B,pid.gyroz.Des,0.069254801
22.3394,B,pid.gyroz.FB,-4.6491394
22.3394,B,pid.gyroz.U,37.838486
22.3394,B,pid.locx.Des,-90.865158
22.3394,B,pid.locx.FB,-90.865158
22.3394,B,pid.locx.U,1.9086004
22.3394,B,pid.locxs.Des,1.9086004
22.3394,B,pid.locxs.FB,-0.96760339
22.3394,B,pid.locxs.U,8.5133076
22.3394,B,pid.locy.Des,-114.65514
22.3394,B,pid.locy.FB,-114.65514
22.3394,B,pid.locy.U,-1.4963189
22.3394,B,pid.locys.Des,-1.4963189
22.3394,B,pid.locys.FB,-0.25247514
22.3394,B,pid.locys.U,-3.763567
22.3394,B,pid.pitch.Des,-0.33817998
22.3394,B,pid.pitch.FB,-0.72263265
22.3394,B,pid.pitch.U,1.2106919
22.3394,B,pid.roll.Des,-0.42572209
22.3394,B,pid.roll.FB,-1.7633057
22.3394,B,pid.roll.U,3.9507427
22.3394,B,pid.yaw.Des,-14.624038
22.3394,B,pid.yaw.FB,-14.624038
22.3394,B,pid.yaw.U,0.069254801
22.3394,B,pid.z_pos.Des,0.0099944705
22.3394,B,pid.z_pos.FB,0.0099944705
22.3394,B,pid.z_pos.U,0
22.3394,B,pid.z_rate.Des,0
22.3394,B,pid.z_rate.FB,2.3778512e-07
22.3394,B,pid.z_rate.U,-9.5217481e-05
22.5402,A,mrac.pitch.e,-0.029113557
22.5402,A,mrac.pitch.u_ad,0.11978123
22.5402,A,mrac.roll.e,-0.033196192
22.5402,A,mrac.roll.u_ad,0.15936528
22.5402,A,mrac.yaw.e,-0.068096973
22.5402,A,mrac.yaw.u_ad,0.014729881
22.5402,A,mrac.z.e,2.7365309e-07
22.5402,A,mrac.z.u_ad,0.31195059
22.5402,A,status.arm,0
22.5402,A,status.flymode,1
22.5402,A,status.rc_authority,0
22.5402,A,status.sbus_lost,0
22.5402,A,status.twc_arrived,0
22.5402,A,status.twc_execute,0
22.5402,B,mrac.pitch.theta_0,0.11444865
22.5402,B,mrac.pitch.theta_1,0.00096580398
22.5402,B,mrac.pitch.theta_2,0.0073141446
22.5402,B,mrac.pitch.theta_3,0.003738618
22.5402,B,mrac.pitch.theta_4,0.18397562
22.5402,B,mrac.pitch.theta_5,0.14365856
22.5402,B,mrac.pitch.u_nom,-0.02116082
22.5402,B,mrac.pitch.xm,0.018632041
22.5402,B,mrac.roll.theta_0,0.14919813
22.5402,B,mrac.roll.theta_1,0.0033963795
22.5402,B,mrac.roll.theta_2,0.0021872704
22.5402,B,mrac.roll.theta_3,0.0041926657
22.5402,B,mrac.roll.theta_4,0.12823784
22.5402,B,mrac.roll.theta_5,0.13796456
22.5402,B,mrac.roll.u_nom,0.025264444
22.5402,B,mrac.roll.xm,0.06952516
22.5402,B,mrac.yaw.theta_0,0.013260066
22.5402,B,mrac.yaw.theta_1,0.00010595204
22.5402,B,mrac.yaw.theta_2,0.0024296227
22.5402,B,mrac.yaw.theta_3,0
22.5402,B,mrac.yaw.theta_4,0.083274268
22.5402,B,mrac.yaw.theta_5,0.087983243
22.5402,B,mrac.yaw.u_nom,-0.00055735809
22.5402,B,mrac.yaw.xm,0.00096321979
22.5402,B,mrac.z.theta_0,0.31195068
22.5402,B,mrac.z.theta_1,7.6374512e-05
22.5402,B,mrac.z.theta_2,0.0060476139
22.5402,B,mrac.z.theta_3,0
22.5402,B,mrac.z.theta_4,0.19926155
22.5402,B,mrac.z.theta_5,0.19188084
22.5402,B,mrac.z.u_nom,-3.245302e-06
22.5402,B,mrac.z.xm,0
22.5402,B,path.active_path_mode,0
22.5402,B,path.circle_theta,0
22.5402,B,path.sinusoid_t_elapsed,30.002968
22.5402,B,path.twc_arrived,0
22.5402,B,path.twc_target_x,-10.000002
22.5402,B,path.twc_target_y,-29.999998
22.5402,B,path.twc_target_z,0.60000002
22.5402,B,pid.gyrox.Des,3.9834967
22.5402,B,pid.gyrox.FB,-0.40460697
22.5402,B,pid.gyrox.U,29.559399
22.5402,B,pid.gyroy.Des,1.0675368
22.5402,B,pid.gyroy.FB,1.4775846
22.5402,B,pid.gyroy.U,-24.75816
22.5402,B,pid.gyroz.Des,0.055188406
22.5402,B,pid.gyroz.FB,0.17844199
22.5402,B,pid.gyroz.U,-1.0433743
22.5402,B,pid.locx.Des,-91.029617
22.5402,B,pid.locx.FB,-91.029617
22.5402,B,pid.locx.U,1.9094228
22.5402,B,pid.locxs.Des,1.9094228
22.5402,B,pid.locxs.FB,-0.96780717
22.5402,B,pid.locxs.U,8.6316853
22.5402,B,pid.locy.Des,-114.69811
22.5402,B,pid.locy.FB,-114.69811
22.5402,B,pid.locy.U,-1.4961044
22.5402,B,pid.locys.Des,-1.4961044
22.5402,B,pid.locys.FB,-0.25169292
22.5402,B,pid.locys.U,-3.7320249
22.5402,B,pid.pitch.Des,-0.33779338
22.5402,B,pid.pitch.FB,-0.69467151
22.5402,B,pid.pitch.U,1.0675368
22.5402,B,pid.roll.Des,-0.43315449
22.5402,B,pid.roll.FB,-1.7622538
22.5402,B,pid.roll.U,3.9834967
22.5402,B,pid.yaw.Des,-14.577725
22.5402,B,pid.yaw.FB,-14.577725
22.5402,B,pid.yaw.U,0.055188406
22.5402,B,pid.z_pos.Des,0.0099945357
22.5402,B,pid.z_pos.FB,0.0099945357
22.5402,B,pid.z_pos.U,0
22.5402,B,pid.z_rate.Des,0
22.5402,B,pid.z_rate.FB,1.7991861e-06
22.5402,B,pid.z_rate.U,-0.00072045706
22.7402,A,mrac.pitch.e,0.01553062
22.7402,A,mrac.pitch.u_ad,0.11482223
22.7402,A,mrac.roll.e,-0.079897359
22.7402,A,mrac.roll.u_ad,0.16115123
22.7402,A,mrac.yaw.e,-0.02805634
22.7402,A,mrac.yaw.u_ad,0.013866902
22.7402,A,mrac.z.e,0.19989046
22.7402,A,mrac.z.u_ad,0.23950282
22.7402,A,status.arm,0
22.7402,A,status.flymode,1
22.7402,A,status.rc_authority,0
22.7402,A,status.sbus_lost,0
22.7402,A,status.twc_arrived,0
22.7402,A,status.twc_execute,0
22.7402,B,mrac.pitch.theta_0,0.11444865
22.7402,B,mrac.pitch.theta_1,0.00096580398
22.7402,B,mrac.pitch.theta_2,0.0073141446
22.7402,B,mrac.pitch.theta_3,0.003738618
22.7402,B,mrac.pitch.theta_4,0.18397562
22.7402,B,mrac.pitch.theta_5,0.14365856
22.7402,B,mrac.pitch.u_nom,-0.02116082
22.7402,B,mrac.pitch.xm,0.018632041
22.7402,B,mrac.roll.theta_0,0.14919813
22.7402,B,mrac.roll.theta_1,0.0033963795
22.7402,B,mrac.roll.theta_2,0.0021872704
22.7402,B,mrac.roll.theta_3,0.0041926657
22.7402,B,mrac.roll.theta_4,0.12823784
22.7402,B,mrac.roll.theta_5,0.13796456
22.7402,B,mrac.roll.u_nom,0.025264444
22.7402,B,mrac.roll.xm,0.06952516
22.7402,B,mrac.yaw.theta_0,0.013260066
22.7402,B,mrac.yaw.theta_1,0.00010595204
22.7402,B,mrac.yaw.theta_2,0.0024296227
22.7402,B,mrac.yaw.theta_3,0
22.7402,B,mrac.yaw.theta_4,0.083274268
22.7402,B,mrac.yaw.theta_5,0.087983243
22.7402,B,mrac.yaw.u_nom,-0.00055735809
22.7402,B,mrac.yaw.xm,0.00096321979
22.7402,B,mrac.z.theta_0,0.31195068
22.7402,B,mrac.z.theta_1,7.6374512e-05
22.7402,B,mrac.z.theta_2,0.0060476139
22.7402,B,mrac.z.theta_3,0
22.7402,B,mrac.z.theta_4,0.19926155
22.7402,B,mrac.z.theta_5,0.19188084
22.7402,B,mrac.z.u_nom,-3.245302e-06
22.7402,B,mrac.z.xm,0
22.7402,B,path.active_path_mode,0
22.7402,B,path.circle_theta,0
22.7402,B,path.sinusoid_t_elapsed,30.002968
22.7402,B,path.twc_arrived,0
22.7402,B,path.twc_target_x,-10.000002
22.7402,B,path.twc_target_y,-29.999998
22.7402,B,path.twc_target_z,0.60000002
22.7402,B,pid.gyrox.Des,3.9834967
22.7402,B,pid.gyrox.FB,-0.40460697
22.7402,B,pid.gyrox.U,29.559399
22.7402,B,pid.gyroy.Des,1.0675368
22.7402,B,pid.gyroy.FB,1.4775846
22.7402,B,pid.gyroy.U,-24.75816
22.7402,B,pid.gyroz.Des,0.055188406
22.7402,B,pid.gyroz.FB,0.17844199
22.7402,B,pid.gyroz.U,-1.0433743
22.7402,B,pid.locx.Des,-91.029617
22.7402,B,pid.locx.FB,-91.029617
22.7402,B,pid.locx.U,1.9094228
22.7402,B,pid.locxs.Des,1.9094228
22.7402,B,pid.locxs.FB,-0.96780717
22.7402,B,pid.locxs.U,8.6316853
22.7402,B,pid.locy.Des,-114.69811
22.7402,B,pid.locy.FB,-114.69811
22.7402,B,pid.locy.U,-1.4961044
22.7402,B,pid.locys.Des,-1.4961044
22.7402,B,pid.locys.FB,-0.25169292
22.7402,B,pid.locys.U,-3.7320249
22.7402,B,pid.pitch.Des,-0.33779338
22.7402,B,pid.pitch.FB,-0.69467151
22.7402,B,pid.pitch.U,1.0675368
22.7402,B,pid.roll.Des,-0.43315449
22.7402,B,pid.roll.FB,-1.7622538
22.7402,B,pid.roll.U,3.9834967
22.7402,B,pid.yaw.Des,-14.577725
22.7402,B,pid.yaw.FB,-14.577725
22.7402,B,pid.yaw.U,0.055188406
22.7402,B,pid.z_pos.Des,0.0099945357
22.7402,B,pid.z_pos.FB,0.0099945357
22.7402,B,pid.z_pos.U,0
22.7402,B,pid.z_rate.Des,0
22.7402,B,pid.z_rate.FB,1.7991861e-06
22.7402,B,pid.z_rate.U,-0.00072045706
22.9410,A,mrac.pitch.e,0.01553062
22.9410,A,mrac.pitch.u_ad,0.11482223
22.9410,A,mrac.roll.e,-0.079897359
22.9410,A,mrac.roll.u_ad,0.16115123
22.9410,A,mrac.yaw.e,-0.02805634
22.9410,A,mrac.yaw.u_ad,0.013866902
22.9410,A,mrac.z.e,0.19989046
22.9410,A,mrac.z.u_ad,0.23950282
22.9410,A,status.arm,0
22.9410,A,status.flymode,1
22.9410,A,status.rc_authority,0
22.9410,A,status.sbus_lost,0
22.9410,A,status.twc_arrived,0
22.9410,A,status.twc_execute,0
22.9411,B,mrac.pitch.theta_0,0.11444865
22.9411,B,mrac.pitch.theta_1,0.00096580398
22.9411,B,mrac.pitch.theta_2,0.0073141446
22.9411,B,mrac.pitch.theta_3,0.003738618
22.9411,B,mrac.pitch.theta_4,0.18397562
22.9411,B,mrac.pitch.theta_5,0.14365856
22.9411,B,mrac.pitch.u_nom,-0.02116082
22.9411,B,mrac.pitch.xm,0.018632041
22.9411,B,mrac.roll.theta_0,0.14919813
22.9411,B,mrac.roll.theta_1,0.0033963795
22.9411,B,mrac.roll.theta_2,0.0021872704
22.9411,B,mrac.roll.theta_3,0.0041926657
22.9411,B,mrac.roll.theta_4,0.12823784
22.9411,B,mrac.roll.theta_5,0.13796456
22.9411,B,mrac.roll.u_nom,0.025264444
22.9411,B,mrac.roll.xm,0.06952516
22.9411,B,mrac.yaw.theta_0,0.013260066
22.9411,B,mrac.yaw.theta_1,0.00010595204
22.9411,B,mrac.yaw.theta_2,0.0024296227
22.9411,B,mrac.yaw.theta_3,0
22.9411,B,mrac.yaw.theta_4,0.083274268
22.9411,B,mrac.yaw.theta_5,0.087983243
22.9411,B,mrac.yaw.u_nom,-0.00055735809
22.9411,B,mrac.yaw.xm,0.00096321979
22.9411,B,mrac.z.theta_0,0.31195068
22.9411,B,mrac.z.theta_1,7.6374512e-05
22.9411,B,mrac.z.theta_2,0.0060476139
22.9411,B,mrac.z.theta_3,0
22.9411,B,mrac.z.theta_4,0.19926155
22.9411,B,mrac.z.theta_5,0.19188084
22.9411,B,mrac.z.u_nom,-3.245302e-06
22.9411,B,mrac.z.xm,0
22.9411,B,path.active_path_mode,0
22.9411,B,path.circle_theta,0
22.9411,B,path.sinusoid_t_elapsed,30.002968
22.9411,B,path.twc_arrived,0
22.9411,B,path.twc_target_x,-10.000002
22.9411,B,path.twc_target_y,-29.999998
22.9411,B,path.twc_target_z,0.60000002
22.9411,B,pid.gyrox.Des,3.9834967
22.9411,B,pid.gyrox.FB,-0.40460697
22.9411,B,pid.gyrox.U,29.559399
22.9411,B,pid.gyroy.Des,1.0675368
22.9411,B,pid.gyroy.FB,1.4775846
22.9411,B,pid.gyroy.U,-24.75816
22.9411,B,pid.gyroz.Des,0.055188406
22.9411,B,pid.gyroz.FB,0.17844199
22.9411,B,pid.gyroz.U,-1.0433743
22.9411,B,pid.locx.Des,-91.029617
22.9411,B,pid.locx.FB,-91.029617
22.9411,B,pid.locx.U,1.9094228
22.9411,B,pid.locxs.Des,1.9094228
22.9411,B,pid.locxs.FB,-0.96780717
22.9411,B,pid.locxs.U,8.6316853
22.9411,B,pid.locy.Des,-114.69811
22.9411,B,pid.locy.FB,-114.69811
22.9411,B,pid.locy.U,-1.4961044
22.9411,B,pid.locys.Des,-1.4961044
22.9411,B,pid.locys.FB,-0.25169292
22.9411,B,pid.locys.U,-3.7320249
22.9411,B,pid.pitch.Des,-0.33779338
22.9411,B,pid.pitch.FB,-0.69467151
22.9411,B,pid.pitch.U,1.0675368
22.9411,B,pid.roll.Des,-0.43315449
22.9411,B,pid.roll.FB,-1.7622538
22.9411,B,pid.roll.U,3.9834967
22.9411,B,pid.yaw.Des,-14.577725
22.9411,B,pid.yaw.FB,-14.577725
22.9411,B,pid.yaw.U,0.055188406
22.9411,B,pid.z_pos.Des,0.0099945357
22.9411,B,pid.z_pos.FB,0.0099945357
22.9411,B,pid.z_pos.U,0
22.9411,B,pid.z_rate.Des,0
22.9411,B,pid.z_rate.FB,1.7991861e-06
22.9411,B,pid.z_rate.U,-0.00072045706
23.1579,A,mrac.pitch.e,0.01553062
23.1579,A,mrac.pitch.u_ad,0.11482223
23.1579,A,mrac.roll.e,-0.079897359
23.1579,A,mrac.roll.u_ad,0.16115123
23.1579,A,mrac.yaw.e,-0.02805634
23.1579,A,mrac.yaw.u_ad,0.013866902
23.1579,A,mrac.z.e,0.19989046
23.1579,A,mrac.z.u_ad,0.23950282
23.1579,A,status.arm,0
23.1579,A,status.flymode,1
23.1579,A,status.rc_authority,0
23.1579,A,status.sbus_lost,0
23.1579,A,status.twc_arrived,0
23.1579,A,status.twc_execute,0
23.1580,B,mrac.pitch.theta_0,0.11444865
23.1580,B,mrac.pitch.theta_1,0.00096580398
23.1580,B,mrac.pitch.theta_2,0.0073141446
23.1580,B,mrac.pitch.theta_3,0.003738618
23.1580,B,mrac.pitch.theta_4,0.18397562
23.1580,B,mrac.pitch.theta_5,0.14365856
23.1580,B,mrac.pitch.u_nom,-0.02116082
23.1580,B,mrac.pitch.xm,0.018632041
23.1580,B,mrac.roll.theta_0,0.14919813
23.1580,B,mrac.roll.theta_1,0.0033963795
23.1580,B,mrac.roll.theta_2,0.0021872704
23.1580,B,mrac.roll.theta_3,0.0041926657
23.1580,B,mrac.roll.theta_4,0.12823784
23.1580,B,mrac.roll.theta_5,0.13796456
23.1580,B,mrac.roll.u_nom,0.025264444
23.1580,B,mrac.roll.xm,0.06952516
23.1580,B,mrac.yaw.theta_0,0.013260066
23.1580,B,mrac.yaw.theta_1,0.00010595204
23.1580,B,mrac.yaw.theta_2,0.0024296227
23.1580,B,mrac.yaw.theta_3,0
23.1580,B,mrac.yaw.theta_4,0.083274268
23.1580,B,mrac.yaw.theta_5,0.087983243
23.1580,B,mrac.yaw.u_nom,-0.00055735809
23.1580,B,mrac.yaw.xm,0.00096321979
23.1580,B,mrac.z.theta_0,0.31195068
23.1580,B,mrac.z.theta_1,7.6374512e-05
23.1580,B,mrac.z.theta_2,0.0060476139
23.1580,B,mrac.z.theta_3,0
23.1580,B,mrac.z.theta_4,0.19926155
23.1580,B,mrac.z.theta_5,0.19188084
23.1580,B,mrac.z.u_nom,-3.245302e-06
23.1580,B,mrac.z.xm,0
23.1580,B,path.active_path_mode,0
23.1580,B,path.circle_theta,0
23.1580,B,path.sinusoid_t_elapsed,30.002968
23.1580,B,path.twc_arrived,0
23.1580,B,path.twc_target_x,-10.000002
23.1580,B,path.twc_target_y,-29.999998
23.1580,B,path.twc_target_z,0.60000002
23.1580,B,pid.gyrox.Des,3.9834967
23.1580,B,pid.gyrox.FB,-0.40460697
23.1580,B,pid.gyrox.U,29.559399
23.1580,B,pid.gyroy.Des,1.0675368
23.1580,B,pid.gyroy.FB,1.4775846
23.1580,B,pid.gyroy.U,-24.75816
23.1580,B,pid.gyroz.Des,0.055188406
23.1580,B,pid.gyroz.FB,0.17844199
23.1580,B,pid.gyroz.U,-1.0433743
23.1580,B,pid.locx.Des,-91.029617
23.1580,B,pid.locx.FB,-91.029617
23.1580,B,pid.locx.U,1.9094228
23.1580,B,pid.locxs.Des,1.9094228
23.1580,B,pid.locxs.FB,-0.96780717
23.1580,B,pid.locxs.U,8.6316853
23.1580,B,pid.locy.Des,-114.69811
23.1580,B,pid.locy.FB,-114.69811
23.1580,B,pid.locy.U,-1.4961044
23.1580,B,pid.locys.Des,-1.4961044
23.1580,B,pid.locys.FB,-0.25169292
23.1580,B,pid.locys.U,-3.7320249
23.1580,B,pid.pitch.Des,-0.33779338
23.1580,B,pid.pitch.FB,-0.69467151
23.1580,B,pid.pitch.U,1.0675368
23.1580,B,pid.roll.Des,-0.43315449
23.1580,B,pid.roll.FB,-1.7622538
23.1580,B,pid.roll.U,3.9834967
23.1580,B,pid.yaw.Des,-14.577725
23.1580,B,pid.yaw.FB,-14.577725
23.1580,B,pid.yaw.U,0.055188406
23.1580,B,pid.z_pos.Des,0.0099945357
23.1580,B,pid.z_pos.FB,0.0099945357
23.1580,B,pid.z_pos.U,0
23.1580,B,pid.z_rate.Des,0
23.1580,B,pid.z_rate.FB,1.7991861e-06
23.1580,B,pid.z_rate.U,-0.00072045706
23.3581,A,mrac.pitch.e,0.01553062
23.3581,A,mrac.pitch.u_ad,0.11482223
23.3581,A,mrac.roll.e,-0.079897359
23.3581,A,mrac.roll.u_ad,0.16115123
23.3581,A,mrac.yaw.e,-0.02805634
23.3581,A,mrac.yaw.u_ad,0.013866902
23.3581,A,mrac.z.e,0.19989046
23.3581,A,mrac.z.u_ad,0.23950282
23.3581,A,status.arm,0
23.3581,A,status.flymode,1
23.3581,A,status.rc_authority,0
23.3581,A,status.sbus_lost,0
23.3581,A,status.twc_arrived,0
23.3581,A,status.twc_execute,0
23.3582,B,mrac.pitch.theta_0,0.11444865
23.3582,B,mrac.pitch.theta_1,0.00096580398
23.3582,B,mrac.pitch.theta_2,0.0073141446
23.3582,B,mrac.pitch.theta_3,0.003738618
23.3582,B,mrac.pitch.theta_4,0.18397562
23.3582,B,mrac.pitch.theta_5,0.14365856
23.3582,B,mrac.pitch.u_nom,-0.02116082
23.3582,B,mrac.pitch.xm,0.018632041
23.3582,B,mrac.roll.theta_0,0.14919813
23.3582,B,mrac.roll.theta_1,0.0033963795
23.3582,B,mrac.roll.theta_2,0.0021872704
23.3582,B,mrac.roll.theta_3,0.0041926657
23.3582,B,mrac.roll.theta_4,0.12823784
23.3582,B,mrac.roll.theta_5,0.13796456
23.3582,B,mrac.roll.u_nom,0.025264444
23.3582,B,mrac.roll.xm,0.06952516
23.3582,B,mrac.yaw.theta_0,0.013260066
23.3582,B,mrac.yaw.theta_1,0.00010595204
23.3582,B,mrac.yaw.theta_2,0.0024296227
23.3582,B,mrac.yaw.theta_3,0
23.3582,B,mrac.yaw.theta_4,0.083274268
23.3582,B,mrac.yaw.theta_5,0.087983243
23.3582,B,mrac.yaw.u_nom,-0.00055735809
23.3582,B,mrac.yaw.xm,0.00096321979
23.3582,B,mrac.z.theta_0,0.31195068
23.3582,B,mrac.z.theta_1,7.6374512e-05
23.3582,B,mrac.z.theta_2,0.0060476139
23.3582,B,mrac.z.theta_3,0
23.3582,B,mrac.z.theta_4,0.19926155
23.3582,B,mrac.z.theta_5,0.19188084
23.3582,B,mrac.z.u_nom,-3.245302e-06
23.3582,B,mrac.z.xm,0
23.3582,B,path.active_path_mode,0
23.3582,B,path.circle_theta,0
23.3582,B,path.sinusoid_t_elapsed,30.002968
23.3582,B,path.twc_arrived,0
23.3582,B,path.twc_target_x,-10.000002
23.3582,B,path.twc_target_y,-29.999998
23.3582,B,path.twc_target_z,0.60000002
23.3582,B,pid.gyrox.Des,3.9834967
23.3582,B,pid.gyrox.FB,-0.40460697
23.3582,B,pid.gyrox.U,29.559399
23.3582,B,pid.gyroy.Des,1.0675368
23.3582,B,pid.gyroy.FB,1.4775846
23.3582,B,pid.gyroy.U,-24.75816
23.3582,B,pid.gyroz.Des,0.055188406
23.3582,B,pid.gyroz.FB,0.17844199
23.3582,B,pid.gyroz.U,-1.0433743
23.3582,B,pid.locx.Des,-91.029617
23.3582,B,pid.locx.FB,-91.029617
23.3582,B,pid.locx.U,1.9094228
23.3582,B,pid.locxs.Des,1.9094228
23.3582,B,pid.locxs.FB,-0.96780717
23.3582,B,pid.locxs.U,8.6316853
23.3582,B,pid.locy.Des,-114.69811
23.3582,B,pid.locy.FB,-114.69811
23.3582,B,pid.locy.U,-1.4961044
23.3582,B,pid.locys.Des,-1.4961044
23.3582,B,pid.locys.FB,-0.25169292
23.3582,B,pid.locys.U,-3.7320249
23.3582,B,pid.pitch.Des,-0.33779338
23.3582,B,pid.pitch.FB,-0.69467151
23.3582,B,pid.pitch.U,1.0675368
23.3582,B,pid.roll.Des,-0.43315449
23.3582,B,pid.roll.FB,-1.7622538
23.3582,B,pid.roll.U,3.9834967
23.3582,B,pid.yaw.Des,-14.577725
23.3582,B,pid.yaw.FB,-14.577725
23.3582,B,pid.yaw.U,0.055188406
23.3582,B,pid.z_pos.Des,0.0099945357
23.3582,B,pid.z_pos.FB,0.0099945357
23.3582,B,pid.z_pos.U,0
23.3582,B,pid.z_rate.Des,0
23.3582,B,pid.z_rate.FB,1.7991861e-06
23.3582,B,pid.z_rate.U,-0.00072045706
23.5737,A,mrac.pitch.e,0.01553062
23.5737,A,mrac.pitch.u_ad,0.11482223
23.5737,A,mrac.roll.e,-0.079897359
23.5737,A,mrac.roll.u_ad,0.16115123
23.5737,A,mrac.yaw.e,-0.02805634
23.5737,A,mrac.yaw.u_ad,0.013866902
23.5737,A,mrac.z.e,0.19989046
23.5737,A,mrac.z.u_ad,0.23950282
23.5737,A,status.arm,0
23.5737,A,status.flymode,1
23.5737,A,status.rc_authority,0
23.5737,A,status.sbus_lost,0
23.5737,A,status.twc_arrived,0
23.5737,A,status.twc_execute,0
23.5738,B,mrac.pitch.theta_0,0.11444865
23.5738,B,mrac.pitch.theta_1,0.00096580398
23.5738,B,mrac.pitch.theta_2,0.0073141446
23.5738,B,mrac.pitch.theta_3,0.003738618
23.5738,B,mrac.pitch.theta_4,0.18397562
23.5738,B,mrac.pitch.theta_5,0.14365856
23.5738,B,mrac.pitch.u_nom,-0.02116082
23.5738,B,mrac.pitch.xm,0.018632041
23.5738,B,mrac.roll.theta_0,0.14919813
23.5738,B,mrac.roll.theta_1,0.0033963795
23.5738,B,mrac.roll.theta_2,0.0021872704
23.5738,B,mrac.roll.theta_3,0.0041926657
23.5738,B,mrac.roll.theta_4,0.12823784
23.5738,B,mrac.roll.theta_5,0.13796456
23.5738,B,mrac.roll.u_nom,0.025264444
23.5738,B,mrac.roll.xm,0.06952516
23.5738,B,mrac.yaw.theta_0,0.013260066
23.5738,B,mrac.yaw.theta_1,0.00010595204
23.5738,B,mrac.yaw.theta_2,0.0024296227
23.5738,B,mrac.yaw.theta_3,0
23.5738,B,mrac.yaw.theta_4,0.083274268
23.5738,B,mrac.yaw.theta_5,0.087983243
23.5738,B,mrac.yaw.u_nom,-0.00055735809
23.5738,B,mrac.yaw.xm,0.00096321979
23.5738,B,mrac.z.theta_0,0.31195068
23.5738,B,mrac.z.theta_1,7.6374512e-05
23.5738,B,mrac.z.theta_2,0.0060476139
23.5738,B,mrac.z.theta_3,0
23.5738,B,mrac.z.theta_4,0.19926155
23.5738,B,mrac.z.theta_5,0.19188084
23.5738,B,mrac.z.u_nom,-3.245302e-06
23.5738,B,mrac.z.xm,0
23.5738,B,path.active_path_mode,0
23.5738,B,path.circle_theta,0
23.5738,B,path.sinusoid_t_elapsed,30.002968
23.5738,B,path.twc_arrived,0
23.5738,B,path.twc_target_x,-10.000002
23.5738,B,path.twc_target_y,-29.999998
23.5738,B,path.twc_target_z,0.60000002
23.5738,B,pid.gyrox.Des,3.9834967
23.5738,B,pid.gyrox.FB,-0.40460697
23.5738,B,pid.gyrox.U,29.559399
23.5738,B,pid.gyroy.Des,1.0675368
23.5738,B,pid.gyroy.FB,1.4775846
23.5738,B,pid.gyroy.U,-24.75816
23.5738,B,pid.gyroz.Des,0.055188406
23.5738,B,pid.gyroz.FB,0.17844199
23.5738,B,pid.gyroz.U,-1.0433743
23.5738,B,pid.locx.Des,-91.029617
23.5738,B,pid.locx.FB,-91.029617
23.5738,B,pid.locx.U,1.9094228
23.5738,B,pid.locxs.Des,1.9094228
23.5738,B,pid.locxs.FB,-0.96780717
23.5738,B,pid.locxs.U,8.6316853
23.5738,B,pid.locy.Des,-114.69811
23.5738,B,pid.locy.FB,-114.69811
23.5738,B,pid.locy.U,-1.4961044
23.5738,B,pid.locys.Des,-1.4961044
23.5738,B,pid.locys.FB,-0.25169292
23.5738,B,pid.locys.U,-3.7320249
23.5738,B,pid.pitch.Des,-0.33779338
23.5738,B,pid.pitch.FB,-0.69467151
23.5738,B,pid.pitch.U,1.0675368
23.5738,B,pid.roll.Des,-0.43315449
23.5738,B,pid.roll.FB,-1.7622538
23.5738,B,pid.roll.U,3.9834967
23.5738,B,pid.yaw.Des,-14.577725
23.5738,B,pid.yaw.FB,-14.577725
23.5738,B,pid.yaw.U,0.055188406
23.5738,B,pid.z_pos.Des,0.0099945357
23.5738,B,pid.z_pos.FB,0.0099945357
23.5738,B,pid.z_pos.U,0
23.5738,B,pid.z_rate.Des,0
23.5738,B,pid.z_rate.FB,1.7991861e-06
23.5738,B,pid.z_rate.U,-0.00072045706
23.7742,A,mrac.pitch.e,0.01553062
23.7742,A,mrac.pitch.u_ad,0.11482223
23.7742,A,mrac.roll.e,-0.079897359
23.7742,A,mrac.roll.u_ad,0.16115123
23.7742,A,mrac.yaw.e,-0.02805634
23.7742,A,mrac.yaw.u_ad,0.013866902
23.7742,A,mrac.z.e,0.19989046
23.7742,A,mrac.z.u_ad,0.23950282
23.7742,A,status.arm,0
23.7742,A,status.flymode,1
23.7742,A,status.rc_authority,0
23.7742,A,status.sbus_lost,0
23.7742,A,status.twc_arrived,0
23.7742,A,status.twc_execute,0
23.7744,B,mrac.pitch.theta_0,0.11444865
23.7744,B,mrac.pitch.theta_1,0.00096580398
23.7744,B,mrac.pitch.theta_2,0.0073141446
23.7744,B,mrac.pitch.theta_3,0.003738618
23.7744,B,mrac.pitch.theta_4,0.18397562
23.7744,B,mrac.pitch.theta_5,0.14365856
23.7744,B,mrac.pitch.u_nom,-0.02116082
23.7744,B,mrac.pitch.xm,0.018632041
23.7744,B,mrac.roll.theta_0,0.14919813
23.7744,B,mrac.roll.theta_1,0.0033963795
23.7744,B,mrac.roll.theta_2,0.0021872704
23.7744,B,mrac.roll.theta_3,0.0041926657
23.7744,B,mrac.roll.theta_4,0.12823784
23.7744,B,mrac.roll.theta_5,0.13796456
23.7744,B,mrac.roll.u_nom,0.025264444
23.7744,B,mrac.roll.xm,0.06952516
23.7744,B,mrac.yaw.theta_0,0.013260066
23.7744,B,mrac.yaw.theta_1,0.00010595204
23.7744,B,mrac.yaw.theta_2,0.0024296227
23.7744,B,mrac.yaw.theta_3,0
23.7744,B,mrac.yaw.theta_4,0.083274268
23.7744,B,mrac.yaw.theta_5,0.087983243
23.7744,B,mrac.yaw.u_nom,-0.00055735809
23.7744,B,mrac.yaw.xm,0.00096321979
23.7744,B,mrac.z.theta_0,0.31195068
23.7744,B,mrac.z.theta_1,7.6374512e-05
23.7744,B,mrac.z.theta_2,0.0060476139
23.7744,B,mrac.z.theta_3,0
23.7744,B,mrac.z.theta_4,0.19926155
23.7744,B,mrac.z.theta_5,0.19188084
23.7744,B,mrac.z.u_nom,-3.245302e-06
23.7744,B,mrac.z.xm,0
23.7744,B,path.active_path_mode,0
23.7744,B,path.circle_theta,0
23.7744,B,path.sinusoid_t_elapsed,30.002968
23.7744,B,path.twc_arrived,0
23.7744,B,path.twc_target_x,-10.000002
23.7744,B,path.twc_target_y,-29.999998
23.7744,B,path.twc_target_z,0.60000002
23.7744,B,pid.gyrox.Des,3.9834967
23.7744,B,pid.gyrox.FB,-0.40460697
23.7744,B,pid.gyrox.U,29.559399
23.7744,B,pid.gyroy.Des,1.0675368
23.7744,B,pid.gyroy.FB,1.4775846
23.7744,B,pid.gyroy.U,-24.75816
23.7744,B,pid.gyroz.Des,0.055188406
23.7744,B,pid.gyroz.FB,0.17844199
23.7744,B,pid.gyroz.U,-1.0433743
23.7744,B,pid.locx.Des,-91.029617
23.7744,B,pid.locx.FB,-91.029617
23.7744,B,pid.locx.U,1.9094228
23.7744,B,pid.locxs.Des,1.9094228
23.7744,B,pid.locxs.FB,-0.96780717
23.7744,B,pid.locxs.U,8.6316853
23.7744,B,pid.locy.Des,-114.69811
23.7744,B,pid.locy.FB,-114.69811
23.7744,B,pid.locy.U,-1.4961044
23.7744,B,pid.locys.Des,-1.4961044
23.7744,B,pid.locys.FB,-0.25169292
23.7744,B,pid.locys.U,-3.7320249
23.7744,B,pid.pitch.Des,-0.33779338
23.7744,B,pid.pitch.FB,-0.69467151
23.7744,B,pid.pitch.U,1.0675368
23.7744,B,pid.roll.Des,-0.43315449
23.7744,B,pid.roll.FB,-1.7622538
23.7744,B,pid.roll.U,3.9834967
23.7744,B,pid.yaw.Des,-14.577725
23.7744,B,pid.yaw.FB,-14.577725
23.7744,B,pid.yaw.U,0.055188406
23.7744,B,pid.z_pos.Des,0.0099945357
23.7744,B,pid.z_pos.FB,0.0099945357
23.7744,B,pid.z_pos.U,0
23.7744,B,pid.z_rate.Des,0
23.7744,B,pid.z_rate.FB,1.7991861e-06
23.7744,B,pid.z_rate.U,-0.00072045706
23.9743,A,mrac.pitch.e,0.01553062
23.9743,A,mrac.pitch.u_ad,0.11482223
23.9743,A,mrac.roll.e,-0.079897359
23.9743,A,mrac.roll.u_ad,0.16115123
23.9743,A,mrac.yaw.e,-0.02805634
23.9743,A,mrac.yaw.u_ad,0.013866902
23.9743,A,mrac.z.e,0.19989046
23.9743,A,mrac.z.u_ad,0.23950282
23.9743,A,status.arm,0
23.9743,A,status.flymode,1
23.9743,A,status.rc_authority,0
23.9743,A,status.sbus_lost,0
23.9743,A,status.twc_arrived,0
23.9743,A,status.twc_execute,0
23.9744,B,mrac.pitch.theta_0,0.11444865
23.9744,B,mrac.pitch.theta_1,0.00096580398
23.9744,B,mrac.pitch.theta_2,0.0073141446
23.9744,B,mrac.pitch.theta_3,0.003738618
23.9744,B,mrac.pitch.theta_4,0.18397562
23.9744,B,mrac.pitch.theta_5,0.14365856
23.9744,B,mrac.pitch.u_nom,-0.02116082
23.9744,B,mrac.pitch.xm,0.018632041
23.9744,B,mrac.roll.theta_0,0.14919813
23.9744,B,mrac.roll.theta_1,0.0033963795
23.9744,B,mrac.roll.theta_2,0.0021872704
23.9744,B,mrac.roll.theta_3,0.0041926657
23.9744,B,mrac.roll.theta_4,0.12823784
23.9744,B,mrac.roll.theta_5,0.13796456
23.9744,B,mrac.roll.u_nom,0.025264444
23.9744,B,mrac.roll.xm,0.06952516
23.9744,B,mrac.yaw.theta_0,0.013260066
23.9744,B,mrac.yaw.theta_1,0.00010595204
23.9744,B,mrac.yaw.theta_2,0.0024296227
23.9744,B,mrac.yaw.theta_3,0
23.9744,B,mrac.yaw.theta_4,0.083274268
23.9744,B,mrac.yaw.theta_5,0.087983243
23.9744,B,mrac.yaw.u_nom,-0.00055735809
23.9744,B,mrac.yaw.xm,0.00096321979
23.9744,B,mrac.z.theta_0,0.31195068
23.9744,B,mrac.z.theta_1,7.6374512e-05
23.9744,B,mrac.z.theta_2,0.0060476139
23.9744,B,mrac.z.theta_3,0
23.9744,B,mrac.z.theta_4,0.19926155
23.9744,B,mrac.z.theta_5,0.19188084
23.9744,B,mrac.z.u_nom,-3.245302e-06
23.9744,B,mrac.z.xm,0
23.9744,B,path.active_path_mode,0
23.9744,B,path.circle_theta,0
23.9744,B,path.sinusoid_t_elapsed,30.002968
23.9744,B,path.twc_arrived,0
23.9744,B,path.twc_target_x,-10.000002
23.9744,B,path.twc_target_y,-29.999998
23.9744,B,path.twc_target_z,0.60000002
23.9744,B,pid.gyrox.Des,3.9834967
23.9744,B,pid.gyrox.FB,-0.40460697
23.9744,B,pid.gyrox.U,29.559399
23.9744,B,pid.gyroy.Des,1.0675368
23.9744,B,pid.gyroy.FB,1.4775846
23.9744,B,pid.gyroy.U,-24.75816
23.9744,B,pid.gyroz.Des,0.055188406
23.9744,B,pid.gyroz.FB,0.17844199
23.9744,B,pid.gyroz.U,-1.0433743
23.9744,B,pid.locx.Des,-91.029617
23.9744,B,pid.locx.FB,-91.029617
23.9744,B,pid.locx.U,1.9094228
23.9744,B,pid.locxs.Des,1.9094228
23.9744,B,pid.locxs.FB,-0.96780717
23.9744,B,pid.locxs.U,8.6316853
23.9744,B,pid.locy.Des,-114.69811
23.9744,B,pid.locy.FB,-114.69811
23.9744,B,pid.locy.U,-1.4961044
23.9744,B,pid.locys.Des,-1.4961044
23.9744,B,pid.locys.FB,-0.25169292
23.9744,B,pid.locys.U,-3.7320249
23.9744,B,pid.pitch.Des,-0.33779338
23.9744,B,pid.pitch.FB,-0.69467151
23.9744,B,pid.pitch.U,1.0675368
23.9744,B,pid.roll.Des,-0.43315449
23.9744,B,pid.roll.FB,-1.7622538
23.9744,B,pid.roll.U,3.9834967
23.9744,B,pid.yaw.Des,-14.577725
23.9744,B,pid.yaw.FB,-14.577725
23.9744,B,pid.yaw.U,0.055188406
23.9744,B,pid.z_pos.Des,0.0099945357
23.9744,B,pid.z_pos.FB,0.0099945357
23.9744,B,pid.z_pos.U,0
23.9744,B,pid.z_rate.Des,0
23.9744,B,pid.z_rate.FB,1.7991861e-06
23.9744,B,pid.z_rate.U,-0.00072045706
24.1751,A,mrac.pitch.e,-0.030501377
24.1751,A,mrac.pitch.u_ad,0.11877678
24.1751,A,mrac.roll.e,-0.10044459
24.1751,A,mrac.roll.u_ad,0.16455404
24.1751,A,mrac.yaw.e,2.8115843e-05
24.1751,A,mrac.yaw.u_ad,0.014566054
24.1751,A,mrac.z.e,-0.0011259235
24.1751,A,mrac.z.u_ad,0.30753121
24.1751,A,status.arm,0
24.1751,A,status.flymode,1
24.1751,A,status.rc_authority,0
24.1751,A,status.sbus_lost,0
24.1751,A,status.twc_arrived,0
24.1751,A,status.twc_execute,0
24.1752,B,mrac.pitch.theta_0,0.11444865
24.1752,B,mrac.pitch.theta_1,0.00096580398
24.1752,B,mrac.pitch.theta_2,0.0073141446
24.1752,B,mrac.pitch.theta_3,0.003738618
24.1752,B,mrac.pitch.theta_4,0.18397562
24.1752,B,mrac.pitch.theta_5,0.14365856
24.1752,B,mrac.pitch.u_nom,-0.02116082
24.1752,B,mrac.pitch.xm,0.018632041
24.1752,B,mrac.roll.theta_0,0.14919813
24.1752,B,mrac.roll.theta_1,0.0033963795
24.1752,B,mrac.roll.theta_2,0.0021872704
24.1752,B,mrac.roll.theta_3,0.0041926657
24.1752,B,mrac.roll.theta_4,0.12823784
24.1752,B,mrac.roll.theta_5,0.13796456
24.1752,B,mrac.roll.u_nom,0.025264444
24.1752,B,mrac.roll.xm,0.06952516
24.1752,B,mrac.yaw.theta_0,0.013260066
24.1752,B,mrac.yaw.theta_1,0.00010595204
24.1752,B,mrac.yaw.theta_2,0.0024296227
24.1752,B,mrac.yaw.theta_3,0
24.1752,B,mrac.yaw.theta_4,0.083274268
24.1752,B,mrac.yaw.theta_5,0.087983243
24.1752,B,mrac.yaw.u_nom,-0.00055735809
24.1752,B,mrac.yaw.xm,0.00096321979
24.1752,B,mrac.z.theta_0,0.31195068
24.1752,B,mrac.z.theta_1,7.6374512e-05
24.1752,B,mrac.z.theta_2,0.0060476139
24.1752,B,mrac.z.theta_3,0
24.1752,B,mrac.z.theta_4,0.19926155
24.1752,B,mrac.z.theta_5,0.19188084
24.1752,B,mrac.z.u_nom,-3.245302e-06
24.1752,B,mrac.z.xm,0
24.1752,B,path.active_path_mode,0
24.1752,B,path.circle_theta,0
24.1752,B,path.sinusoid_t_elapsed,30.002968
24.1752,B,path.twc_arrived,0
24.1752,B,path.twc_target_x,-10.000002
24.1752,B,path.twc_target_y,-29.999998
24.1752,B,path.twc_target_z,0.60000002
24.1752,B,pid.gyrox.Des,3.9834967
24.1752,B,pid.gyrox.FB,-0.40460697
24.1752,B,pid.gyrox.U,29.559399
24.1752,B,pid.gyroy.Des,1.0675368
24.1752,B,pid.gyroy.FB,1.4775846
24.1752,B,pid.gyroy.U,-24.75816
24.1752,B,pid.gyroz.Des,0.055188406
24.1752,B,pid.gyroz.FB,0.17844199
24.1752,B,pid.gyroz.U,-1.0433743
24.1752,B,pid.locx.Des,-91.029617
24.1752,B,pid.locx.FB,-91.029617
24.1752,B,pid.locx.U,1.9094228
24.1752,B,pid.locxs.Des,1.9094228
24.1752,B,pid.locxs.FB,-0.96780717
24.1752,B,pid.locxs.U,8.6316853
24.1752,B,pid.locy.Des,-114.69811
24.1752,B,pid.locy.FB,-114.69811
24.1752,B,pid.locy.U,-1.4961044
24.1752,B,pid.locys.Des,-1.4961044
24.1752,B,pid.locys.FB,-0.25169292
24.1752,B,pid.locys.U,-3.7320249
24.1752,B,pid.pitch.Des,-0.33779338
24.1752,B,pid.pitch.FB,-0.69467151
24.1752,B,pid.pitch.U,1.0675368
24.1752,B,pid.roll.Des,-0.43315449
24.1752,B,pid.roll.FB,-1.7622538
24.1752,B,pid.roll.U,3.9834967
24.1752,B,pid.yaw.Des,-14.577725
24.1752,B,pid.yaw.FB,-14.577725
24.1752,B,pid.yaw.U,0.055188406
24.1752,B,pid.z_pos.Des,0.0099945357
24.1752,B,pid.z_pos.FB,0.0099945357
24.1752,B,pid.z_pos.U,0
24.1752,B,pid.z_rate.Des,0
24.1752,B,pid.z_rate.FB,1.7991861e-06
24.1752,B,pid.z_rate.U,-0.00072045706
24.3923,A,mrac.pitch.e,0.012404836
24.3923,A,mrac.pitch.u_ad,0.11701829
24.3923,A,mrac.roll.e,-0.065424666
24.3923,A,mrac.roll.u_ad,0.16059217
24.3923,A,mrac.yaw.e,-0.019723786
24.3923,A,mrac.yaw.u_ad,0.015007924
24.3923,A,mrac.z.e,-3.9992142e-06
24.3923,A,mrac.z.u_ad,0.30712813
24.3923,A,status.arm,0
24.3923,A,status.flymode,1
24.3923,A,status.rc_authority,0
24.3923,A,status.sbus_lost,0
24.3923,A,status.twc_arrived,0
24.3923,A,status.twc_execute,0
24.3924,B,mrac.pitch.theta_0,0.11763354
24.3924,B,mrac.pitch.theta_1,0.00096308731
24.3924,B,mrac.pitch.theta_2,0.0073142047
24.3924,B,mrac.pitch.theta_3,0.0037385547
24.3924,B,mrac.pitch.theta_4,0.18396863
24.3924,B,mrac.pitch.theta_5,0.14365155
24.3924,B,mrac.pitch.u_nom,0.017994067
24.3924,B,mrac.pitch.xm,0.014891957
24.3924,B,mrac.roll.theta_0,0.14915906
24.3924,B,mrac.roll.theta_1,0.0033485182
24.3924,B,mrac.roll.theta_2,0.0021876625
24.3924,B,mrac.roll.theta_3,0.004191305
24.3924,B,mrac.roll.theta_4,0.1282336
24.3924,B,mrac.roll.theta_5,0.13796046
24.3924,B,mrac.roll.u_nom,0.014335335
24.3924,B,mrac.roll.xm,0.059985276
24.3924,B,mrac.yaw.theta_0,0.01454314
24.3924,B,mrac.yaw.theta_1,0.00010572584
24.3924,B,mrac.yaw.theta_2,0.0024297666
24.3924,B,mrac.yaw.theta_3,0
24.3924,B,mrac.yaw.theta_4,0.08327315
24.3924,B,mrac.yaw.theta_5,0.087978758
24.3924,B,mrac.yaw.u_nom,-0.0042519318
24.3924,B,mrac.yaw.xm,-0.00024500227
24.3924,B,mrac.z.theta_0,0.3071267
24.3924,B,mrac.z.theta_1,7.3710675e-05
24.3924,B,mrac.z.theta_2,0.0060438737
24.3924,B,mrac.z.theta_3,0
24.3924,B,mrac.z.theta_4,0.1992263
24.3924,B,mrac.z.theta_5,0.1918378
24.3924,B,mrac.z.u_nom,4.160951e-05
24.3924,B,mrac.z.xm,0
24.3924,B,path.active_path_mode,0
24.3924,B,path.circle_theta,0
24.3924,B,path.sinusoid_t_elapsed,30.002968
24.3924,B,path.twc_arrived,0
24.3924,B,path.twc_target_x,-10.000002
24.3924,B,path.twc_target_y,-29.999998
24.3924,B,path.twc_target_z,0.60000002
24.3924,B,pid.gyrox.Des,3.4369018
24.3924,B,pid.gyrox.FB,1.6073072
24.3924,B,pid.gyrox.U,16.772343
24.3924,B,pid.gyroy.Des,0.85324591
24.3924,B,pid.gyroy.FB,-3.4326472
24.3924,B,pid.gyroy.U,21.053059
24.3924,B,pid.gyroz.Des,-0.01403759
24.3924,B,pid.gyroz.FB,0.9776457
24.3924,B,pid.gyroz.U,-7.9596162
24.3924,B,pid.locx.Des,-92.818512
24.3924,B,pid.locx.FB,-92.818512
24.3924,B,pid.locx.U,1.9183632
24.3924,B,pid.locxs.Des,1.9183632
24.3924,B,pid.locxs.FB,-1.933388
24.3924,B,pid.locxs.U,11.555291
24.3924,B,pid.locy.Des,-115.16958
24.3924,B,pid.locy.FB,-115.16958
24.3924,B,pid.locy.U,-1.4937252
24.3924,B,pid.locys.Des,-1.4937252
24.3924,B,pid.locys.FB,-0.51187003
24.3924,B,pid.locys.U,-2.9445329
24.3924,B,pid.pitch.Des,-0.33892614
24.3924,B,pid.pitch.FB,-0.57401669
24.3924,B,pid.pitch.U,0.85324591
24.3924,B,pid.roll.Des,-0.6085543
24.3924,B,pid.roll.FB,-1.7792956
24.3924,B,pid.roll.U,3.4369018
24.3924,B,pid.yaw.Des,-14.829008
24.3924,B,pid.yaw.FB,-14.829008
24.3924,B,pid.yaw.U,-0.01403759
24.3924,B,pid.z_pos.Des,0.0099946763
24.3924,B,pid.z_pos.FB,0.0099946763
24.3924,B,pid.z_pos.U,0
24.3924,B,pid.z_rate.Des,0
24.3924,B,pid.z_rate.FB,-2.3068189e-05
24.3924,B,pid.z_rate.U,0.0092373108
24.6080,A,mrac.pitch.e,-0.010426747
24.6080,A,mrac.pitch.u_ad,0.11853173
24.6080,A,mrac.roll.e,-0.081102051
24.6080,A,mrac.roll.u_ad,0.16002046
24.6080,A,mrac.yaw.e,-0.017507236
24.6080,A,mrac.yaw.u_ad,0.01532043
24.6080,A,mrac.z.e,-1.0095789e-06
24.6080,A,mrac.z.u_ad,0.30712706
24.6080,A,status.arm,0
24.6080,A,status.flymode,1
24.6080,A,status.rc_authority,0
24.6080,A,status.sbus_lost,0
24.6080,A,status.twc_arrived,0
24.6080,A,status.twc_execute,0
24.6081,B,mrac.pitch.theta_0,0.11782767
24.6081,B,mrac.pitch.theta_1,0.00096297136
24.6081,B,mrac.pitch.theta_2,0.0073142052
24.6081,B,mrac.pitch.theta_3,0.0037385474
24.6081,B,mrac.pitch.theta_4,0.18396822
24.6081,B,mrac.pitch.theta_5,0.14365113
24.6081,B,mrac.pitch.u_nom,0.013329877
24.6081,B,mrac.pitch.xm,0.0082283719
24.6081,B,mrac.roll.theta_0,0.14914805
24.6081,B,mrac.roll.theta_1,0.0033449631
24.6081,B,mrac.roll.theta_2,0.0021876083
24.6081,B,mrac.roll.theta_3,0.0041911351
24.6081,B,mrac.roll.theta_4,0.12823142
24.6081,B,mrac.roll.theta_5,0.13795884
24.6081,B,mrac.roll.u_nom,0.022546921
24.6081,B,mrac.roll.xm,0.060114611
24.6081,B,mrac.yaw.theta_0,0.014727283
24.6081,B,mrac.yaw.theta_1,0.00010562914
24.6081,B,mrac.yaw.theta_2,0.0024297656
24.6081,B,mrac.yaw.theta_3,0
24.6081,B,mrac.yaw.theta_4,0.083273128
24.6081,B,mrac.yaw.theta_5,0.087977313
24.6081,B,mrac.yaw.u_nom,0.017713368
24.6081,B,mrac.yaw.xm,0.0017842841
24.6081,B,mrac.z.theta_0,0.3071267
24.6081,B,mrac.z.theta_1,7.3710675e-05
24.6081,B,mrac.z.theta_2,0.0060438737
24.6081,B,mrac.z.theta_3,0
24.6081,B,mrac.z.theta_4,0.1992263
24.6081,B,mrac.z.theta_5,0.1918378
24.6081,B,mrac.z.u_nom,-1.5825771e-06
24.6081,B,mrac.z.xm,0
24.6081,B,path.active_path_mode,0
24.6081,B,path.circle_theta,0
24.6081,B,path.sinusoid_t_elapsed,30.002968
24.6081,B,path.twc_arrived,0
24.6081,B,path.twc_target_x,-10.000002
24.6081,B,path.twc_target_y,-29.999998
24.6081,B,path.twc_target_z,0.60000002
24.6081,B,pid.gyrox.Des,3.4443121
24.6081,B,pid.gyrox.FB,-0.20389496
24.6081,B,pid.gyrox.U,26.379898
24.6081,B,pid.gyroy.Des,0.47145081
24.6081,B,pid.gyroy.FB,0.1032703
24.6081,B,pid.gyroy.U,15.595956
24.6081,B,pid.gyroz.Des,0.1022319
24.6081,B,pid.gyroz.FB,-4.0389023
24.6081,B,pid.gyroz.U,33.159424
24.6081,B,pid.locx.Des,-93.060341
24.6081,B,pid.locx.FB,-93.060341
24.6081,B,pid.locx.U,1.9195721
24.6081,B,pid.locxs.Des,1.9195721
24.6081,B,pid.locxs.FB,-1.9334943
24.6081,B,pid.locxs.U,11.559587
24.6081,B,pid.locy.Des,-115.2335
24.6081,B,pid.locy.FB,-115.2335
24.6081,B,pid.locy.U,-1.4934109
24.6081,B,pid.locys.Des,-1.4934109
24.6081,B,pid.locys.FB,-0.51146817
24.6081,B,pid.locys.U,-2.9461112
24.6081,B,pid.pitch.Des,-0.33895671
24.6081,B,pid.pitch.FB,-0.50738275
24.6081,B,pid.pitch.U,0.47145081
24.6081,B,pid.roll.Des,-0.60885036
24.6081,B,pid.roll.FB,-1.7589707
24.6081,B,pid.roll.U,3.4443121
24.6081,B,pid.yaw.Des,-14.817099
24.6081,B,pid.yaw.FB,-14.817099
24.6081,B,pid.yaw.U,0.1022319
24.6081,B,pid.z_pos.Des,0.0099948961
24.6081,B,pid.z_pos.FB,0.0099948961
24.6081,B,pid.z_pos.U,0
24.6081,B,pid.z_rate.Des,0
24.6081,B,pid.z_rate.FB,8.7737607e-07
24.6081,B,pid.z_rate.U,-0.0003513321
24.8074,A,mrac.pitch.e,0.0039238119
24.8074,A,mrac.pitch.u_ad,0.12014946
24.8074,A,mrac.roll.e,-0.050957959
24.8074,A,mrac.roll.u_ad,0.15930283
24.8074,A,mrac.yaw.e,-0.041284818
24.8074,A,mrac.yaw.u_ad,0.016035704
24.8074,A,mrac.z.e,3.1532051e-07
24.8074,A,mrac.z.u_ad,0.30712658
24.8074,A,status.arm,0
24.8074,A,status.flymode,1
24.8074,A,status.rc_authority,0
24.8074,A,status.sbus_lost,0
24.8074,A,status.twc_arrived,0
24.8074,A,status.twc_execute,0
24.8074,B,mrac.pitch.theta_0,0.11782767
24.8074,B,mrac.pitch.theta_1,0.00096297136
24.8074,B,mrac.pitch.theta_2,0.0073142052
24.8074,B,mrac.pitch.theta_3,0.0037385474
24.8074,B,mrac.pitch.theta_4,0.18396822
24.8074,B,mrac.pitch.theta_5,0.14365113
24.8074,B,mrac.pitch.u_nom,0.030659338
24.8074,B,mrac.pitch.xm,0.0094148954
24.8074,B,mrac.roll.theta_0,0.14915301
24.8074,B,mrac.roll.theta_1,0.0033406455
24.8074,B,mrac.roll.theta_2,0.0021876229
24.8074,B,mrac.roll.theta_3,0.0041910061
24.8074,B,mrac.roll.theta_4,0.12823078
24.8074,B,mrac.roll.theta_5,0.13795866
24.8074,B,mrac.roll.u_nom,0.013978054
24.8074,B,mrac.roll.xm,0.061203677
24.8074,B,mrac.yaw.theta_0,0.01488926
24.8074,B,mrac.yaw.theta_1,0.00010561075
24.8074,B,mrac.yaw.theta_2,0.0024297938
24.8074,B,mrac.yaw.theta_3,0
24.8074,B,mrac.yaw.theta_4,0.083273113
24.8074,B,mrac.yaw.theta_5,0.087977022
24.8074,B,mrac.yaw.u_nom,0.0097075654
24.8074,B,mrac.yaw.xm,0.00086891855
24.8074,B,mrac.z.theta_0,0.3071267
24.8074,B,mrac.z.theta_1,7.3710675e-05
24.8074,B,mrac.z.theta_2,0.0060438737
24.8074,B,mrac.z.theta_3,0
24.8074,B,mrac.z.theta_4,0.1992263
24.8074,B,mrac.z.theta_5,0.1918378
24.8074,B,mrac.z.u_nom,-1.2593022e-06
24.8074,B,mrac.z.xm,0
24.8074,B,path.active_path_mode,0
24.8074,B,path.circle_theta,0
24.8074,B,path.sinusoid_t_elapsed,30.002968
24.8074,B,path.twc_arrived,0
24.8074,B,path.twc_target_x,-10.000002
24.8074,B,path.twc_target_y,-29.999998
24.8074,B,path.twc_target_z,0.60000002
24.8074,B,pid.gyrox.Des,3.506711
24.8074,B,pid.gyrox.FB,-0.163417
24.8074,B,pid.gyrox.U,16.354322
24.8074,B,pid.gyroy.Des,0.53943354
24.8074,B,pid.gyroy.FB,-1.6027665
24.8074,B,pid.gyroy.U,35.871426
24.8074,B,pid.gyroz.Des,0.049785346
24.8074,B,pid.gyroz.FB,-2.2174046
24.8074,B,pid.gyroz.U,18.172562
24.8074,B,pid.locx.Des,-93.219719
24.8074,B,pid.locx.FB,-93.219719
24.8074,B,pid.locx.U,1.9203861
24.8074,B,pid.locxs.Des,1.9203861
24.8074,B,pid.locxs.FB,-1.9326844
24.8074,B,pid.locxs.U,11.559311
24.8074,B,pid.locy.Des,-115.27583
24.8074,B,pid.locy.FB,-115.27583
24.8074,B,pid.locy.U,-1.4931808
24.8074,B,pid.locys.Des,-1.4931808
24.8074,B,pid.locys.FB,-0.51451987
24.8074,B,pid.locys.U,-2.9353714
24.8074,B,pid.pitch.Des,-0.33930415
24.8074,B,pid.pitch.FB,-0.52361667
24.8074,B,pid.pitch.U,0.53943354
24.8074,B,pid.roll.Des,-0.60845864
24.8074,B,pid.roll.FB,-1.773554
24.8074,B,pid.roll.U,3.506711
24.8074,B,pid.yaw.Des,-14.907549
24.8074,B,pid.yaw.FB,-14.907549
24.8074,B,pid.yaw.U,0.049785346
24.8074,B,pid.z_pos.Des,0.0099947918
24.8074,B,pid.z_pos.FB,0.0099947918
24.8074,B,pid.z_pos.U,0
24.8074,B,pid.z_rate.Des,0
24.8074,B,pid.z_rate.FB,6.9815343e-07
24.8074,B,pid.z_rate.U,-0.00027956508
25.0251,A,mrac.pitch.e,-0.020938508
25.0251,A,mrac.pitch.u_ad,0.12230957
25.0251,A,mrac.roll.e,-0.06904383
25.0251,A,mrac.roll.u_ad,0.15923075
25.0251,A,mrac.yaw.e,0.021110965
25.0251,A,mrac.yaw.u_ad,0.014598311
25.0251,A,mrac.z.e,-1.8752288e-06
25.0251,A,mrac.z.u_ad,0.30712739
25.0251,A,status.arm,0
25.0251,A,status.flymode,1
25.0251,A,status.rc_authority,0
25.0251,A,status.sbus_lost,0
25.0251,A,status.twc_arrived,0
25.0251,A,status.twc_execute,0
25.0251,B,mrac.pitch.theta_0,0.11847012
25.0251,B,mrac.pitch.theta_1,0.00096255064
25.0251,B,mrac.pitch.theta_2,0.0073142205
25.0251,B,mrac.pitch.theta_3,0.003738529
25.0251,B,mrac.pitch.theta_4,0.18396677
25.0251,B,mrac.pitch.theta_5,0.14364986
25.0251,B,mrac.pitch.u_nom,-0.0049399822
25.0251,B,mrac.pitch.xm,0.0091466885
25.0251,B,mrac.roll.theta_0,0.14914411
25.0251,B,mrac.roll.theta_1,0.0033373258
25.0251,B,mrac.roll.theta_2,0.0021875459
25.0251,B,mrac.roll.theta_3,0.0041907425
25.0251,B,mrac.roll.theta_4,0.12822652
25.0251,B,mrac.roll.theta_5,0.13795698
25.0251,B,mrac.roll.u_nom,0.014034113
25.0251,B,mrac.roll.xm,0.063791335
25.0251,B,mrac.yaw.theta_0,0.015032457
25.0251,B,mrac.yaw.theta_1,0.00010559608
25.0251,B,mrac.yaw.theta_2,0.0024298129
25.0251,B,mrac.yaw.theta_3,0
25.0251,B,mrac.yaw.theta_4,0.083273046
25.0251,B,mrac.yaw.theta_5,0.087976739
25.0251,B,mrac.yaw.u_nom,0.0014456208
25.0251,B,mrac.yaw.xm,-0.00013954171
25.0251,B,mrac.z.theta_0,0.3071267
25.0251,B,mrac.z.theta_1,7.3710675e-05
25.0251,B,mrac.z.theta_2,0.0060438737
25.0251,B,mrac.z.theta_3,0
25.0251,B,mrac.z.theta_4,0.1992263
25.0251,B,mrac.z.theta_5,0.1918378
25.0251,B,mrac.z.u_nom,4.7592875e-06
25.0251,B,mrac.z.xm,0
25.0251,B,path.active_path_mode,0
25.0251,B,path.circle_theta,0
25.0251,B,path.sinusoid_t_elapsed,30.002968
25.0251,B,path.twc_arrived,0
25.0251,B,path.twc_target_x,-10.000002
25.0251,B,path.twc_target_y,-29.999998
25.0251,B,path.twc_target_z,0.60000002
25.0251,B,pid.gyrox.Des,3.6549726
25.0251,B,pid.gyrox.FB,-0.81291431
25.0251,B,pid.gyrox.U,16.419912
25.0251,B,pid.gyroy.Des,0.52406645
25.0251,B,pid.gyroy.FB,0.41315618
25.0251,B,pid.gyroy.U,-5.7797794
25.0251,B,pid.gyroz.Des,-0.0079951473
25.0251,B,pid.gyroz.FB,-0.34405616
25.0251,B,pid.gyroz.U,2.706202
25.0251,B,pid.locx.Des,-93.461189
25.0251,B,pid.locx.FB,-93.461189
25.0251,B,pid.locx.U,1.9215915
25.0251,B,pid.locxs.Des,1.9215915
25.0251,B,pid.locxs.FB,-1.9322836
25.0251,B,pid.locxs.U,11.562129
25.0251,B,pid.locy.Des,-115.34029
25.0251,B,pid.locy.FB,-115.34029
25.0251,B,pid.locy.U,-1.4928603
25.0251,B,pid.locys.Des,-1.4928603
25.0251,B,pid.locys.FB,-0.51602316
25.0251,B,pid.locys.U,-2.9312363
25.0251,B,pid.pitch.Des,-0.33958006
25.0251,B,pid.pitch.FB,-0.51759076
25.0251,B,pid.pitch.U,0.52406645
25.0251,B,pid.roll.Des,-0.60841632
25.0251,B,pid.roll.FB,-1.8073004
25.0251,B,pid.roll.U,3.6549726
25.0251,B,pid.yaw.Des,-14.952121
25.0251,B,pid.yaw.FB,-14.952121
25.0251,B,pid.yaw.U,-0.0079951473
25.0251,B,pid.z_pos.Des,0.0099946177
25.0251,B,pid.z_pos.FB,0.0099946177
25.0251,B,pid.z_pos.U,0
25.0251,B,pid.z_rate.Des,0
25.0251,B,pid.z_rate.FB,-2.6385353e-06
25.0251,B,pid.z_rate.U,0.0010565618
25.2414,A,mrac.pitch.e,-0.01530553
25.2414,A,mrac.pitch.u_ad,0.11910083
25.2414,A,mrac.roll.e,-0.039163373
25.2414,A,mrac.roll.u_ad,0.15844382
25.2414,A,mrac.yaw.e,-0.056302011
25.2414,A,mrac.yaw.u_ad,0.016299471
25.2414,A,mrac.z.e,-0.036771514
25.2414,A,mrac.z.u_ad,0.31798431
25.2414,A,status.arm,0
25.2414,A,status.flymode,1
25.2414,A,status.rc_authority,0
25.2414,A,status.sbus_lost,0
25.2414,A,status.twc_arrived,0
25.2414,A,status.twc_execute,0
25.2414,B,mrac.pitch.theta_0,0.11847012
25.2414,B,mrac.pitch.theta_1,0.00096255064
25.2414,B,mrac.pitch.theta_2,0.0073142205
25.2414,B,mrac.pitch.theta_3,0.003738529
25.2414,B,mrac.pitch.theta_4,0.18396677
25.2414,B,mrac.pitch.theta_5,0.14364986
25.2414,B,mrac.pitch.u_nom,-0.0025443465
25.2414,B,mrac.pitch.xm,0.0067785718
25.2414,B,mrac.roll.theta_0,0.14914544
25.2414,B,mrac.roll.theta_1,0.0033341923
25.2414,B,mrac.roll.theta_2,0.0021875161
25.2414,B,mrac.roll.theta_3,0.0041905851
25.2414,B,mrac.roll.theta_4,0.1282246
25.2414,B,mrac.roll.theta_5,0.13795653
25.2414,B,mrac.roll.u_nom,0.0081830341
25.2414,B,mrac.roll.xm,0.065360501
25.2414,B,mrac.yaw.theta_0,0.014921428
25.2414,B,mrac.yaw.theta_1,0.00010558365
25.2414,B,mrac.yaw.theta_2,0.0024297948
25.2414,B,mrac.yaw.theta_3,0
25.2414,B,mrac.yaw.theta_4,0.083272956
25.2414,B,mrac.yaw.theta_5,0.087976463
25.2414,B,mrac.yaw.u_nom,-0.005260061
25.2414,B,mrac.yaw.xm,-0.00024057875
25.2414,B,mrac.z.theta_0,0.30115294
25.2414,B,mrac.z.theta_1,7.2924944e-05
25.2414,B,mrac.z.theta_2,0.0060398201
25.2414,B,mrac.z.theta_3,0
25.2414,B,mrac.z.theta_4,0.19922067
25.2414,B,mrac.z.theta_5,0.19182952
25.2414,B,mrac.z.u_nom,-0.15520145
25.2414,B,mrac.z.xm,0
25.2414,B,path.active_path_mode,0
25.2414,B,path.circle_theta,0
25.2414,B,path.sinusoid_t_elapsed,30.002968
25.2414,B,path.twc_arrived,0
25.2414,B,path.twc_target_x,-10.000002
25.2414,B,path.twc_target_y,-29.999998
25.2414,B,path.twc_target_z,0.60000002
25.2414,B,pid.gyrox.Des,3.7448792
25.2414,B,pid.gyrox.FB,-1.0570514
25.2414,B,pid.gyrox.U,9.5741501
25.2414,B,pid.gyroy.Des,0.38838339
25.2414,B,pid.gyroy.FB,1.1899849
25.2414,B,pid.gyroy.U,-2.9768853
25.2414,B,pid.gyroz.Des,-0.013784141
25.2414,B,pid.gyroz.FB,1.2134148
25.2414,B,pid.gyroz.U,-9.8468342
25.2414,B,pid.locx.Des,-93.62056
25.2414,B,pid.locx.FB,-93.62056
25.2414,B,pid.locx.U,1.9223629
25.2414,B,pid.locxs.Des,1.9223629
25.2414,B,pid.locxs.FB,-1.9321549
25.2414,B,pid.locxs.U,11.563741
25.2414,B,pid.locy.Des,-115.38287
25.2414,B,pid.locy.FB,-115.38287
25.2414,B,pid.locy.U,-1.4926549
25.2414,B,pid.locys.Des,-1.4926549
25.2414,B,pid.locys.FB,-0.51650488
25.2414,B,pid.locys.U,-2.9279902
25.2414,B,pid.pitch.Des,-0.3395685
25.2414,B,pid.pitch.FB,-0.48843324
25.2414,B,pid.pitch.U,0.38838339
25.2414,B,pid.roll.Des,-0.60847425
25.2414,B,pid.roll.FB,-1.8303738
25.2414,B,pid.roll.U,3.7448792
25.2414,B,pid.yaw.Des,-14.966406
25.2414,B,pid.yaw.FB,-14.966406
25.2414,B,pid.yaw.U,-0.013784141
25.2414,B,pid.z_pos.Des,0.01998907
25.2414,B,pid.z_pos.FB,0.01998907
25.2414,B,pid.z_pos.U,0
25.2414,B,pid.z_rate.Des,0
25.2414,B,pid.z_rate.FB,0.086043231
25.2414,B,pid.z_rate.U,-34.454723
25.4584,A,mrac.pitch.e,-0.032687526
25.4584,A,mrac.pitch.u_ad,0.12392255
25.4584,A,mrac.roll.e,-0.04235179
25.4584,A,mrac.roll.u_ad,0.15779054
25.4584,A,mrac.yaw.e,0.031875852
25.4584,A,mrac.yaw.u_ad,0.014361096
25.4584,A,mrac.z.e,-0.00028882219
25.4584,A,mrac.z.u_ad,0.30486947
25.4584,A,status.arm,0
25.4584,A,status.flymode,1
25.4584,A,status.rc_authority,0
25.4584,A,status.sbus_lost,0
25.4584,A,status.twc_arrived,0
25.4584,A,status.twc_execute,0
25.4585,B,mrac.pitch.theta_0,0.11847012
25.4585,B,mrac.pitch.theta_1,0.00096255064
25.4585,B,mrac.pitch.theta_2,0.0073142205
25.4585,B,mrac.pitch.theta_3,0.003738529
25.4585,B,mrac.pitch.theta_4,0.18396677
25.4585,B,mrac.pitch.theta_5,0.14364986
25.4585,B,mrac.pitch.u_nom,-0.0066157118
25.4585,B,mrac.pitch.xm,0.0076263966
25.4585,B,mrac.roll.theta_0,0.14915228
25.4585,B,mrac.roll.theta_1,0.0033297811
25.4585,B,mrac.roll.theta_2,0.0021874879
25.4585,B,mrac.roll.theta_3,0.0041903588
25.4585,B,mrac.roll.theta_4,0.12822211
25.4585,B,mrac.roll.theta_5,0.13795714
25.4585,B,mrac.roll.u_nom,0.0072369659
25.4585,B,mrac.roll.xm,0.065454386
25.4585,B,mrac.yaw.theta_0,0.015061439
25.4585,B,mrac.yaw.theta_1,0.00010556964
25.4585,B,mrac.yaw.theta_2,0.0024298124
25.4585,B,mrac.yaw.theta_3,0
25.4585,B,mrac.yaw.theta_4,0.083272882
25.4585,B,mrac.yaw.theta_5,0.08797618
25.4585,B,mrac.yaw.u_nom,-0.0019546659
25.4585,B,mrac.yaw.xm,-0.00039711077
25.4585,B,mrac.z.theta_0,0.30476573
25.4585,B,mrac.z.theta_1,7.2539573e-05
25.4585,B,mrac.z.theta_2,0.006041483
25.4585,B,mrac.z.theta_3,0
25.4585,B,mrac.z.theta_4,0.19921136
25.4585,B,mrac.z.theta_5,0.19181912
25.4585,B,mrac.z.u_nom,0.0014919456
25.4585,B,mrac.z.xm,0
25.4585,B,path.active_path_mode,0
25.4585,B,path.circle_theta,0
25.4585,B,path.sinusoid_t_elapsed,30.002968
25.4585,B,path.twc_arrived,0
25.4585,B,path.twc_target_x,-10.000002
25.4585,B,path.twc_target_y,-29.999998
25.4585,B,path.twc_target_z,0.60000002
25.4585,B,pid.gyrox.Des,3.7502587
25.4585,B,pid.gyrox.FB,0.80432731
25.4585,B,pid.gyrox.U,8.4672499
25.4585,B,pid.gyroy.Des,0.43696016
25.4585,B,pid.gyroy.FB,0.26131955
25.4585,B,pid.gyroy.U,-7.7403827
25.4585,B,pid.gyroz.Des,-0.022752762
25.4585,B,pid.gyroz.FB,0.43596989
25.4585,B,pid.gyroz.U,-3.6591346
25.4585,B,pid.locx.Des,-93.86203
25.4585,B,pid.locx.FB,-93.86203
25.4585,B,pid.locx.U,1.9235684
25.4585,B,pid.locxs.Des,1.9235684
25.4585,B,pid.locxs.FB,-1.9321533
25.4585,B,pid.locxs.U,11.566708
25.4585,B,pid.locy.Des,-115.4474
25.4585,B,pid.locy.FB,-115.4474
25.4585,B,pid.locy.U,-1.4923337
25.4585,B,pid.locys.Des,-1.4923337
25.4585,B,pid.locys.FB,-0.51651108
25.4585,B,pid.locys.U,-2.9245994
25.4585,B,pid.pitch.Des,-0.3394174
25.4585,B,pid.pitch.FB,-0.48548889
25.4585,B,pid.pitch.U,0.43696016
25.4585,B,pid.roll.Des,-0.60869205
25.4585,B,pid.roll.FB,-1.8646103
25.4585,B,pid.roll.U,3.7502587
25.4585,B,pid.yaw.Des,-14.966589
25.4585,B,pid.yaw.FB,-14.966589
25.4585,B,pid.yaw.U,-0.022752762
25.4585,B,pid.z_pos.Des,0.0099943466
25.4585,B,pid.z_pos.FB,0.0099943466
25.4585,B,pid.z_pos.U,0
25.4585,B,pid.z_rate.Des,0
25.4585,B,pid.z_rate.FB,-0.00082713028
25.4585,B,pid.z_rate.U,0.33121192
25.6585,A,mrac.pitch.e,-0.019954894
25.6585,A,mrac.pitch.u_ad,0.122013
25.6585,A,mrac.roll.e,-0.053008918
25.6585,A,mrac.roll.u_ad,0.15775011
25.6585,A,mrac.yaw.e,-0.033960622
25.6585,A,mrac.yaw.u_ad,0.015821123
25.6585,A,mrac.z.e,-5.3282315e-06
25.6585,A,mrac.z.u_ad,0.30476764
25.6585,A,status.arm,0
25.6585,A,status.flymode,1
25.6585,A,status.rc_authority,0
25.6585,A,status.sbus_lost,0
25.6585,A,status.twc_arrived,0
25.6585,A,status.twc_execute,0
25.6585,B,mrac.pitch.theta_0,0.11909711
25.6585,B,mrac.pitch.theta_1,0.00096214021
25.6585,B,mrac.pitch.theta_2,0.007314234
25.6585,B,mrac.pitch.theta_3,0.0037385076
25.6585,B,mrac.pitch.theta_4,0.18396541
25.6585,B,mrac.pitch.theta_5,0.14364858
25.6585,B,mrac.pitch.u_nom,-0.031081684
25.6585,B,mrac.pitch.xm,0.0096779615
25.6585,B,mrac.roll.theta_0,0.14915165
25.6585,B,mrac.roll.theta_1,0.0033281087
25.6585,B,mrac.roll.theta_2,0.0021874488
25.6585,B,mrac.roll.theta_3,0.0041902252
25.6585,B,mrac.roll.theta_4,0.12822042
25.6585,B,mrac.roll.theta_5,0.13795714
25.6585,B,mrac.roll.u_nom,0.016145876
25.6585,B,mrac.roll.xm,0.064183138
25.6585,B,mrac.yaw.theta_0,0.015061439
25.6585,B,mrac.yaw.theta_1,0.00010556964
25.6585,B,mrac.yaw.theta_2,0.0024298124
25.6585,B,mrac.yaw.theta_3,0
25.6585,B,mrac.yaw.theta_4,0.083272882
25.6585,B,mrac.yaw.theta_5,0.08797618
25.6585,B,mrac.yaw.u_nom,0.0042004548
25.6585,B,mrac.yaw.xm,0.0010170058
25.6585,B,mrac.z.theta_0,0.30476573
25.6585,B,mrac.z.theta_1,7.2539573e-05
25.6585,B,mrac.z.theta_2,0.006041483
25.6585,B,mrac.z.theta_3,0
25.6585,B,mrac.z.theta_4,0.19921136
25.6585,B,mrac.z.theta_5,0.19181912
25.6585,B,mrac.z.u_nom,4.0199204e-05
25.6585,B,mrac.z.xm,0
25.6585,B,path.active_path_mode,0
25.6585,B,path.circle_theta,0
25.6585,B,path.sinusoid_t_elapsed,30.002968
25.6585,B,path.twc_arrived,0
25.6585,B,path.twc_target_x,-10.000002
25.6585,B,path.twc_target_y,-29.999998
25.6585,B,path.twc_target_z,0.60000002
25.6585,B,pid.gyrox.Des,3.6774216
25.6585,B,pid.gyrox.FB,0.8273254
25.6585,B,pid.gyrox.U,18.890675
25.6585,B,pid.gyroy.Des,0.55450612
25.6585,B,pid.gyroy.FB,2.4879775
25.6585,B,pid.gyroy.U,-36.36557
25.6585,B,pid.gyroz.Des,0.058270112
25.6585,B,pid.gyroz.FB,-0.92839593
25.6585,B,pid.gyroz.U,7.8632517
25.6585,B,pid.locx.Des,-94.02623
25.6585,B,pid.locx.FB,-94.02623
25.6585,B,pid.locx.U,1.9243882
25.6585,B,pid.locxs.Des,1.9243882
25.6585,B,pid.locxs.FB,-1.9317207
25.6585,B,pid.locxs.U,11.568259
25.6585,B,pid.locy.Des,-115.49128
25.6585,B,pid.locy.FB,-115.49128
25.6585,B,pid.locy.U,-1.4921092
25.6585,B,pid.locys.Des,-1.4921092
25.6585,B,pid.locys.FB,-0.51812655
25.6585,B,pid.locys.U,-2.9205375
25.6585,B,pid.pitch.Des,-0.33972371
25.6585,B,pid.pitch.FB,-0.53820354
25.6585,B,pid.pitch.U,0.55450612
25.6585,B,pid.roll.Des,-0.60855192
25.6585,B,pid.roll.FB,-1.8471651
25.6585,B,pid.roll.U,3.6774216
25.6585,B,pid.yaw.Des,-15.014498
25.6585,B,pid.yaw.FB,-15.014498
25.6585,B,pid.yaw.U,0.058270112
25.6585,B,pid.z_pos.Des,0.0099943625
25.6585,B,pid.z_pos.FB,0.0099943625
25.6585,B,pid.z_pos.U,0
25.6585,B,pid.z_rate.Des,0
25.6585,B,pid.z_rate.FB,-2.2286324e-05
25.6585,B,pid.z_rate.U,0.0089242235
25.8780,A,mrac.pitch.e,-0.076402441
25.8780,A,mrac.pitch.u_ad,0.12988913
25.8780,A,mrac.roll.e,-0.012423787
25.8780,A,mrac.roll.u_ad,0.15762255
25.8780,A,mrac.yaw.e,-0.073587529
25.8780,A,mrac.yaw.u_ad,0.01702713
25.8780,A,mrac.z.e,9.6375993e-07
25.8780,A,mrac.z.u_ad,0.30476537
25.8780,A,status.arm,0
25.8780,A,status.flymode,1
25.8780,A,status.rc_authority,0
25.8780,A,status.sbus_lost,0
25.8780,A,status.twc_arrived,0
25.8780,A,status.twc_execute,0
25.8782,B,mrac.pitch.theta_0,0.11952656
25.8782,B,mrac.pitch.theta_1,0.00096186227
25.8782,B,mrac.pitch.theta_2,0.0073142429
25.8782,B,mrac.pitch.theta_3,0.0037385039
25.8782,B,mrac.pitch.theta_4,0.18396449
25.8782,B,mrac.pitch.theta_5,0.14364772
25.8782,B,mrac.pitch.u_nom,0.0042364472
25.8782,B,mrac.pitch.xm,0.013139281
25.8782,B,mrac.roll.theta_0,0.14915897
25.8782,B,mrac.roll.theta_1,0.0033228027
25.8782,B,mrac.roll.theta_2,0.0021874863
25.8782,B,mrac.roll.theta_3,0.0041900738
25.8782,B,mrac.roll.theta_4,0.12822105
25.8782,B,mrac.roll.theta_5,0.1379573
25.8782,B,mrac.roll.u_nom,0.033583418
25.8782,B,mrac.roll.xm,0.06374222
25.8782,B,mrac.yaw.theta_0,0.015199888
25.8782,B,mrac.yaw.theta_1,0.00010555596
25.8782,B,mrac.yaw.theta_2,0.0024298292
25.8782,B,mrac.yaw.theta_3,0
25.8782,B,mrac.yaw.theta_4,0.083272807
25.8782,B,mrac.yaw.theta_5,0.087975904
25.8782,B,mrac.yaw.u_nom,0.0012976982
25.8782,B,mrac.yaw.xm,0.00069700484
25.8782,B,mrac.z.theta_0,0.30476573
25.8782,B,mrac.z.theta_1,7.2539573e-05
25.8782,B,mrac.z.theta_2,0.006041483
25.8782,B,mrac.z.theta_3,0
25.8782,B,mrac.z.theta_4,0.19921136
25.8782,B,mrac.z.theta_5,0.19181912
25.8782,B,mrac.z.u_nom,2.4470016e-06
25.8782,B,mrac.z.xm,0
25.8782,B,path.active_path_mode,0
25.8782,B,path.circle_theta,0
25.8782,B,path.sinusoid_t_elapsed,30.002968
25.8782,B,path.twc_arrived,0
25.8782,B,path.twc_target_x,-10.000002
25.8782,B,path.twc_target_y,-29.999998
25.8782,B,path.twc_target_z,0.60000002
25.8782,B,pid.gyrox.Des,3.6521587
25.8782,B,pid.gyrox.FB,-2.7516301
25.8782,B,pid.gyrox.U,39.292599
25.8782,B,pid.gyroy.Des,0.75282508
25.8782,B,pid.gyroy.FB,-1.955606
25.8782,B,pid.gyroy.U,4.9566431
25.8782,B,pid.gyroz.Des,0.039935417
25.8782,B,pid.gyroz.FB,-0.26863322
25.8782,B,pid.gyroz.U,2.429291
25.8782,B,pid.locx.Des,-94.2677
25.8782,B,pid.locx.FB,-94.2677
25.8782,B,pid.locx.U,1.9255936
25.8782,B,pid.locxs.Des,1.9255936
25.8782,B,pid.locxs.FB,-1.9310361
25.8782,B,pid.locxs.U,11.569015
25.8782,B,pid.locy.Des,-115.55614
25.8782,B,pid.locy.FB,-115.55614
25.8782,B,pid.locy.U,-1.4917483
25.8782,B,pid.locys.Des,-1.4917483
25.8782,B,pid.locys.FB,-0.52067208
25.8782,B,pid.locys.U,-2.9085979
25.8782,B,pid.pitch.Des,-0.33987457
25.8782,B,pid.pitch.FB,-0.56009531
25.8782,B,pid.pitch.U,0.75282508
25.8782,B,pid.roll.Des,-0.60832542
25.8782,B,pid.roll.FB,-1.7879481
25.8782,B,pid.roll.U,3.6521587
25.8782,B,pid.yaw.Des,-15.090013
25.8782,B,pid.yaw.FB,-15.090013
25.8782,B,pid.yaw.U,0.039935417
25.8782,B,pid.z_pos.Des,0.0099946531
25.8782,B,pid.z_pos.FB,0.0099946531
25.8782,B,pid.z_pos.U,0
25.8782,B,pid.z_rate.Des,0
25.8782,B,pid.z_rate.FB,-1.3566106e-06
25.8782,B,pid.z_rate.U,0.00054323435
26.0913,A,mrac.pitch.e,0.0027707741
26.0913,A,mrac.pitch.u_ad,0.12251512
26.0913,A,mrac.roll.e,-0.1182543
26.0913,A,mrac.roll.u_ad,0.1618706
26.0913,A,mrac.yaw.e,0.073059656
26.0913,A,mrac.yaw.u_ad,0.013409382
26.0913,A,mrac.z.e,-5.0364433e-06
26.0913,A,mrac.z.u_ad,0.30476755
26.0913,A,status.arm,0
26.0913,A,status.flymode,1
26.0913,A,status.rc_authority,0
26.0913,A,status.sbus_lost,0
26.0913,A,status.twc_arrived,0
26.0913,A,status.twc_execute,0
26.0914,B,mrac.pitch.theta_0,0.12071691
26.0914,B,mrac.pitch.theta_1,0.00096126448
26.0914,B,mrac.pitch.theta_2,0.0073142606
26.0914,B,mrac.pitch.theta_3,0.0037384655
26.0914,B,mrac.pitch.theta_4,0.18396364
26.0914,B,mrac.pitch.theta_5,0.14364666
26.0914,B,mrac.pitch.u_nom,0.037792377
26.0914,B,mrac.pitch.xm,0.019094437
26.0914,B,mrac.roll.theta_0,0.14915772
26.0914,B,mrac.roll.theta_1,0.0033196704
26.0914,B,mrac.roll.theta_2,0.0021875163
26.0914,B,mrac.roll.theta_3,0.0041899788
26.0914,B,mrac.roll.theta_4,0.12822054
26.0914,B,mrac.roll.theta_5,0.13795662
26.0914,B,mrac.roll.u_nom,0.048734546
26.0914,B,mrac.roll.xm,0.060226161
26.0914,B,mrac.yaw.theta_0,0.015263813
26.0914,B,mrac.yaw.theta_1,0.00010551883
26.0914,B,mrac.yaw.theta_2,0.0024298523
26.0914,B,mrac.yaw.theta_3,0
26.0914,B,mrac.yaw.theta_4,0.083272777
26.0914,B,mrac.yaw.theta_5,0.087975331
26.0914,B,mrac.yaw.u_nom,-0.0011764358
26.0914,B,mrac.yaw.xm,0.00025455304
26.0914,B,mrac.z.theta_0,0.30476573
26.0914,B,mrac.z.theta_1,7.2539573e-05
26.0914,B,mrac.z.theta_2,0.006041483
26.0914,B,mrac.z.theta_3,0
26.0914,B,mrac.z.theta_4,0.19921136
26.0914,B,mrac.z.theta_5,0.19181912
26.0914,B,mrac.z.u_nom,-3.4379e-06
26.0914,B,mrac.z.xm,0
26.0914,B,path.active_path_mode,0
26.0914,B,path.circle_theta,0
26.0914,B,path.sinusoid_t_elapsed,30.002968
26.0914,B,path.twc_arrived,0
26.0914,B,path.twc_target_x,-10.000002
26.0914,B,path.twc_target_y,-29.999998
26.0914,B,path.twc_target_z,0.60000002
26.0914,B,pid.gyrox.Des,3.4507034
26.0914,B,pid.gyrox.FB,-3.1363633
26.0914,B,pid.gyrox.U,57.019417
26.0914,B,pid.gyroy.Des,1.0940303
26.0914,B,pid.gyroy.FB,-2.5373294
26.0914,B,pid.gyroy.U,44.217079
26.0914,B,pid.gyroz.Des,0.014584809
26.0914,B,pid.gyroz.FB,0.28773645
26.0914,B,pid.gyroz.U,-2.2022879
26.0914,B,pid.locx.Des,-94.427071
26.0914,B,pid.locx.FB,-94.427071
26.0914,B,pid.locx.U,1.9264133
26.0914,B,pid.locxs.Des,1.9264133
26.0914,B,pid.locxs.FB,-1.6717085
26.0914,B,pid.locxs.U,10.794545
26.0914,B,pid.locy.Des,-115.59907
26.0914,B,pid.locy.FB,-115.59907
26.0914,B,pid.locy.U,-1.4915634
26.0914,B,pid.locys.Des,-1.4915634
26.0914,B,pid.locys.FB,-1.4850558
26.0914,B,pid.locys.U,-0.01932478
26.0914,B,pid.pitch.Des,-0.16478901
26.0914,B,pid.pitch.FB,-0.51427788
26.0914,B,pid.pitch.U,1.0940303
26.0914,B,pid.roll.Des,-0.6087001
26.0914,B,pid.roll.FB,-1.7314688
26.0914,B,pid.roll.U,3.4507034
26.0914,B,pid.yaw.Des,-15.051125
26.0914,B,pid.yaw.FB,-15.051125
26.0914,B,pid.yaw.U,0.014584809
26.0914,B,pid.z_pos.Des,0.0099950321
26.0914,B,pid.z_pos.FB,0.0099950321
26.0914,B,pid.z_pos.U,0
26.0914,B,pid.z_rate.Des,0
26.0914,B,pid.z_rate.FB,1.9059617e-06
26.0914,B,pid.z_rate.U,-0.00076321379
26.2918,A,mrac.pitch.e,0.01111539
26.2918,A,mrac.pitch.u_ad,0.12259892
26.2918,A,mrac.roll.e,-0.065041408
26.2918,A,mrac.roll.u_ad,0.15832424
26.2918,A,mrac.yaw.e,0.0016152083
26.2918,A,mrac.yaw.u_ad,0.014981112
26.2918,A,mrac.z.e,1.1051891e-06
26.2918,A,mrac.z.u_ad,0.30476534
26.2918,A,status.arm,0
26.2918,A,status.flymode,1
26.2918,A,status.rc_authority,0
26.2918,A,status.sbus_lost,0
26.2918,A,status.twc_arrived,0
26.2918,A,status.twc_execute,0
26.2918,B,mrac.pitch.theta_0,0.12157705
26.2918,B,mrac.pitch.theta_1,0.00096070778
26.2918,B,mrac.pitch.theta_2,0.0073142787
26.2918,B,mrac.pitch.theta_3,0.0037384371
26.2918,B,mrac.pitch.theta_4,0.1839619
26.2918,B,mrac.pitch.theta_5,0.14364499
26.2918,B,mrac.pitch.u_nom,-0.021878906
26.2918,B,mrac.pitch.xm,0.012846632
26.2918,B,mrac.roll.theta_0,0.14917579
26.2918,B,mrac.roll.theta_1,0.0033089395
26.2918,B,mrac.roll.theta_2,0.0021877696
26.2918,B,mrac.roll.theta_3,0.0041897949
26.2918,B,mrac.roll.theta_4,0.1282223
26.2918,B,mrac.roll.theta_5,0.13795771
26.2918,B,mrac.roll.u_nom,0.038360603
26.2918,B,mrac.roll.xm,0.063066848
26.2918,B,mrac.yaw.theta_0,0.014986635
26.2918,B,mrac.yaw.theta_1,0.00010538025
26.2918,B,mrac.yaw.theta_2,0.0024298101
26.2918,B,mrac.yaw.theta_3,0
26.2918,B,mrac.yaw.theta_4,0.083272785
26.2918,B,mrac.yaw.theta_5,0.087973297
26.2918,B,mrac.yaw.u_nom,0.0063596959
26.2918,B,mrac.yaw.xm,0.00084750477
26.2918,B,mrac.z.theta_0,0.30476573
26.2918,B,mrac.z.theta_1,7.2539573e-05
26.2918,B,mrac.z.theta_2,0.006041483
26.2918,B,mrac.z.theta_3,0
26.2918,B,mrac.z.theta_4,0.19921136
26.2918,B,mrac.z.theta_5,0.19181912
26.2918,B,mrac.z.u_nom,-2.7520518e-06
26.2918,B,mrac.z.xm,0
26.2918,B,path.active_path_mode,0
26.2918,B,path.circle_theta,0
26.2918,B,path.sinusoid_t_elapsed,30.002968
26.2918,B,path.twc_arrived,0
26.2918,B,path.twc_target_x,-10.000002
26.2918,B,path.twc_target_y,-29.999998
26.2918,B,path.twc_target_z,0.60000002
26.2918,B,pid.gyrox.Des,3.6134627
26.2918,B,pid.gyrox.FB,-0.94889462
26.2918,B,pid.gyrox.U,44.881905
26.2918,B,pid.gyroy.Des,0.73605746
26.2918,B,pid.gyroy.FB,2.9579244
26.2918,B,pid.gyroy.U,-25.59832
26.2918,B,pid.gyroz.Des,0.048558425
26.2918,B,pid.gyroz.FB,-1.4393679
26.2918,B,pid.gyroz.U,11.905351
26.2918,B,pid.locx.Des,-94.668541
26.2918,B,pid.locx.FB,-94.668541
26.2918,B,pid.locx.U,1.9276187
26.2918,B,pid.locxs.Des,1.9276187
26.2918,B,pid.locxs.FB,-1.6733758
26.2918,B,pid.locxs.U,10.801024
26.2918,B,pid.locy.Des,-115.6637
26.2918,B,pid.locy.FB,-115.6637
26.2918,B,pid.locy.U,-1.4912475
26.2918,B,pid.locys.Des,-1.4912475
26.2918,B,pid.locys.FB,-1.4831767
26.2918,B,pid.locys.U,-0.021596074
26.2918,B,pid.pitch.Des,-0.16432366
26.2918,B,pid.pitch.FB,-0.4356598
26.2918,B,pid.pitch.U,0.73605746
26.2918,B,pid.roll.Des,-0.60922319
26.2918,B,pid.roll.FB,-1.817535
26.2918,B,pid.roll.U,3.6134627
26.2918,B,pid.yaw.Des,-14.986753
26.2918,B,pid.yaw.FB,-14.986753
26.2918,B,pid.yaw.U,0.048558425
26.2918,B,pid.z_pos.Des,0.0099946801
26.2918,B,pid.z_pos.FB,0.0099946801
26.2918,B,pid.z_pos.U,0
26.2918,B,pid.z_rate.Des,0
26.2918,B,pid.z_rate.FB,1.5257295e-06
26.2918,B,pid.z_rate.U,-0.00061095553
26.4965,A,mrac.pitch.e,0.0026782872
26.4965,A,mrac.pitch.u_ad,0.12059636
26.4965,A,mrac.roll.e,-0.036368277
26.4965,A,mrac.roll.u_ad,0.15804774
26.4965,A,mrac.yaw.e,-0.045171566
26.4965,A,mrac.yaw.u_ad,0.015879828
26.4965,A,mrac.z.e,5.4237813e-07
26.4965,A,mrac.z.u_ad,0.30476552
26.4965,A,status.arm,0
26.4965,A,status.flymode,1
26.4965,A,status.rc_authority,0
26.4965,A,status.sbus_lost,0
26.4965,A,status.twc_arrived,0
26.4965,A,status.twc_execute,0
26.4966,B,mrac.pitch.theta_0,0.12216082
26.4966,B,mrac.pitch.theta_1,0.00096013711
26.4966,B,mrac.pitch.theta_2,0.0073143528
26.4966,B,mrac.pitch.theta_3,0.0037384205
26.4966,B,mrac.pitch.theta_4,0.18396121
26.4966,B,mrac.pitch.theta_5,0.14364411
26.4966,B,mrac.pitch.u_nom,0.0070692999
26.4966,B,mrac.pitch.xm,0.013358064
26.4966,B,mrac.roll.theta_0,0.14917396
26.4966,B,mrac.roll.theta_1,0.0033065039
26.4966,B,mrac.roll.theta_2,0.0021877934
26.4966,B,mrac.roll.theta_3,0.0041897097
26.4966,B,mrac.roll.theta_4,0.1282234
26.4966,B,mrac.roll.theta_5,0.13795704
26.4966,B,mrac.roll.u_nom,-0.0059421002
26.4966,B,mrac.roll.xm,0.050624754
26.4966,B,mrac.yaw.theta_0,0.01488108
26.4966,B,mrac.yaw.theta_1,0.00010536899
26.4966,B,mrac.yaw.theta_2,0.0024297938
26.4966,B,mrac.yaw.theta_3,0
26.4966,B,mrac.yaw.theta_4,0.083272681
26.4966,B,mrac.yaw.theta_5,0.087973021
26.4966,B,mrac.yaw.u_nom,-0.00090427988
26.4966,B,mrac.yaw.xm,-0.00021222807
26.4966,B,mrac.z.theta_0,0.30476573
26.4966,B,mrac.z.theta_1,7.2539573e-05
26.4966,B,mrac.z.theta_2,0.006041483
26.4966,B,mrac.z.theta_3,0
26.4966,B,mrac.z.theta_4,0.19921136
26.4966,B,mrac.z.theta_5,0.19181912
26.4966,B,mrac.z.u_nom,-6.3512639e-06
26.4966,B,mrac.z.xm,0
26.4966,B,path.active_path_mode,0
26.4966,B,path.circle_theta,0
26.4966,B,path.sinusoid_t_elapsed,30.002968
26.4966,B,path.twc_arrived,0
26.4966,B,path.twc_target_x,-10.000002
26.4966,B,path.twc_target_y,-29.999998
26.4966,B,path.twc_target_z,0.60000002
26.4966,B,pid.gyrox.Des,2.9005835
26.4966,B,pid.gyrox.FB,1.0368111
26.4966,B,pid.gyrox.U,-6.9522572
26.4966,B,pid.gyroy.Des,0.76536036
26.4966,B,pid.gyroy.FB,-0.21791801
26.4966,B,pid.gyroy.U,8.271081
26.4966,B,pid.gyroz.Des,-0.012159768
26.4966,B,pid.gyroz.FB,0.19967236
26.4966,B,pid.gyroz.U,-1.692812
26.4966,B,pid.locx.Des,-94.827911
26.4966,B,pid.locx.FB,-94.827911
26.4966,B,pid.locx.U,1.9283901
26.4966,B,pid.locxs.Des,1.9283901
26.4966,B,pid.locxs.FB,-2.6382549
26.4966,B,pid.locxs.U,13.700023
26.4966,B,pid.locy.Des,-115.70648
26.4966,B,pid.locy.FB,-115.70648
26.4966,B,pid.locy.U,-1.491034
26.4966,B,pid.locys.Des,-1.491034
26.4966,B,pid.locys.FB,-1.743448
26.4966,B,pid.locys.U,0.75762248
26.4966,B,pid.pitch.Des,-0.16464999
26.4966,B,pid.pitch.FB,-0.42035145
26.4966,B,pid.pitch.U,0.76536036
26.4966,B,pid.roll.Des,-0.78447622
26.4966,B,pid.roll.FB,-1.7479557
26.4966,B,pid.roll.U,2.9005835
26.4966,B,pid.yaw.Des,-15.023138
26.4966,B,pid.yaw.FB,-15.023138
26.4966,B,pid.yaw.U,-0.012159768
26.4966,B,pid.z_pos.Des,0.0099950777
26.4966,B,pid.z_pos.FB,0.0099950777
26.4966,B,pid.z_pos.U,0
26.4966,B,pid.z_rate.Des,0
26.4966,B,pid.z_rate.FB,3.5211222e-06
26.4966,B,pid.z_rate.U,-0.0014099806
26.7086,A,mrac.pitch.e,0.014915517
26.7086,A,mrac.pitch.u_ad,0.12138729
26.7086,A,mrac.roll.e,-0.029026475
26.7086,A,mrac.roll.u_ad,0.15659603
26.7086,A,mrac.yaw.e,-0.020230319
26.7086,A,mrac.yaw.u_ad,0.015533212
26.7086,A,mrac.z.e,-0.0032604861
26.7086,A,mrac.z.u_ad,0.30357817
26.7086,A,status.arm,0
26.7086,A,status.flymode,1
26.7086,A,status.rc_authority,0
26.7086,A,status.sbus_lost,0
26.7086,A,status.twc_arrived,0
26.7086,A,status.twc_execute,0
26.7087,B,mrac.pitch.theta_0,0.12216082
26.7087,B,mrac.pitch.theta_1,0.00096013711
26.7087,B,mrac.pitch.theta_2,0.0073143528
26.7087,B,mrac.pitch.theta_3,0.0037384205
26.7087,B,mrac.pitch.theta_4,0.18396121
26.7087,B,mrac.pitch.theta_5,0.14364411
26.7087,B,mrac.pitch.u_nom,-0.015079865
26.7087,B,mrac.pitch.xm,0.011513967
26.7087,B,mrac.roll.theta_0,0.14916225
26.7087,B,mrac.roll.theta_1,0.003300905
26.7087,B,mrac.roll.theta_2,0.0021877992
26.7087,B,mrac.roll.theta_3,0.0041895565
26.7087,B,mrac.roll.theta_4,0.12822102
26.7087,B,mrac.roll.theta_5,0.13795416
26.7087,B,mrac.roll.u_nom,0.0071331984
26.7087,B,mrac.roll.xm,0.05193888
26.7087,B,mrac.yaw.theta_0,0.015036705
26.7087,B,mrac.yaw.theta_1,0.00010535181
26.7087,B,mrac.yaw.theta_2,0.0024298192
26.7087,B,mrac.yaw.theta_3,0
26.7087,B,mrac.yaw.theta_4,0.083272651
26.7087,B,mrac.yaw.theta_5,0.087972738
26.7087,B,mrac.yaw.u_nom,-0.0060308687
26.7087,B,mrac.yaw.xm,-0.00030944479
26.7087,B,mrac.z.theta_0,0.30240685
26.7087,B,mrac.z.theta_1,7.138701e-05
26.7087,B,mrac.z.theta_2,0.0060390928
26.7087,B,mrac.z.theta_3,0
26.7087,B,mrac.z.theta_4,0.19919646
26.7087,B,mrac.z.theta_5,0.19180043
26.7087,B,mrac.z.u_nom,0.016861187
26.7087,B,mrac.z.xm,0
26.7087,B,path.active_path_mode,0
26.7087,B,path.circle_theta,0
26.7087,B,path.sinusoid_t_elapsed,30.002968
26.7087,B,path.twc_arrived,0
26.7087,B,path.twc_target_x,-10.000002
26.7087,B,path.twc_target_y,-29.999998
26.7087,B,path.twc_target_z,0.60000002
26.7087,B,pid.gyrox.Des,2.9758773
26.7087,B,pid.gyrox.FB,-0.57319307
26.7087,B,pid.gyrox.U,8.3458424
26.7087,B,pid.gyroy.Des,0.65970147
26.7087,B,pid.gyroy.FB,1.911811
26.7087,B,pid.gyroy.U,-17.643442
26.7087,B,pid.gyroz.Des,-0.017729873
26.7087,B,pid.gyroz.FB,1.390009
26.7087,B,pid.gyroz.U,-11.289786
26.7087,B,pid.locx.Des,-95.069382
26.7087,B,pid.locx.FB,-95.069382
26.7087,B,pid.locx.U,1.9295956
26.7087,B,pid.locxs.Des,1.9295956
26.7087,B,pid.locxs.FB,-2.6388505
26.7087,B,pid.locxs.U,13.707295
26.7087,B,pid.locy.Des,-115.7712
26.7087,B,pid.locy.FB,-115.7712
26.7087,B,pid.locy.U,-1.4907112
26.7087,B,pid.locys.Des,-1.4907112
26.7087,B,pid.locys.FB,-1.7425466
26.7087,B,pid.locys.U,0.75305557
26.7087,B,pid.pitch.Des,-0.16474862
26.7087,B,pid.pitch.FB,-0.39983276
26.7087,B,pid.pitch.U,0.65970147
26.7087,B,pid.roll.Des,-0.78487563
26.7087,B,pid.roll.FB,-1.75934
26.7087,B,pid.roll.U,2.9758773
26.7087,B,pid.yaw.Des,-15.003564
26.7087,B,pid.yaw.FB,-15.003564
26.7087,B,pid.yaw.U,-0.017729873
26.7087,B,pid.z_pos.Des,0.0099950414
26.7087,B,pid.z_pos.FB,0.0099950414
26.7087,B,pid.z_pos.U,0
26.7087,B,pid.z_rate.Des,0
26.7087,B,pid.z_rate.FB,-0.0093477927
26.7087,B,pid.z_rate.U,3.7431834
26.9250,A,mrac.pitch.e,-0.0093422486
26.9250,A,mrac.pitch.u_ad,0.1240975
26.9250,A,mrac.roll.e,-0.090171233
26.9250,A,mrac.roll.u_ad,0.16034633
26.9250,A,mrac.yaw.e,0.043326151
26.9250,A,mrac.yaw.u_ad,0.014412138
26.9250,A,mrac.z.e,0.069633171
26.9250,A,mrac.z.u_ad,0.27069959
26.9250,A,status.arm,0
26.9250,A,status.flymode,1
26.9250,A,status.rc_authority,0
26.9250,A,status.sbus_lost,0
26.9250,A,status.twc_arrived,0
26.9250,A,status.twc_execute,0
26.9251,B,mrac.pitch.theta_0,0.12252928
26.9251,B,mrac.pitch.theta_1,0.00095990702
26.9251,B,mrac.pitch.theta_2,0.0073143528
26.9251,B,mrac.pitch.theta_3,0.003738418
26.9251,B,mrac.pitch.theta_4,0.18396024
26.9251,B,mrac.pitch.theta_5,0.14364327
26.9251,B,mrac.pitch.u_nom,0.011058501
26.9251,B,mrac.pitch.xm,0.011353159
26.9251,B,mrac.roll.theta_0,0.14915967
26.9251,B,mrac.roll.theta_1,0.0032959888
26.9251,B,mrac.roll.theta_2,0.0021878197
26.9251,B,mrac.roll.theta_3,0.0041894792
26.9251,B,mrac.roll.theta_4,0.12822053
26.9251,B,mrac.roll.theta_5,0.1379524
26.9251,B,mrac.roll.u_nom,-0.011261189
26.9251,B,mrac.roll.xm,0.052059285
26.9251,B,mrac.yaw.theta_0,0.015386284
26.9251,B,mrac.yaw.theta_1,0.00010530886
26.9251,B,mrac.yaw.theta_2,0.0024298935
26.9251,B,mrac.yaw.theta_3,0
26.9251,B,mrac.yaw.theta_4,0.083272696
26.9251,B,mrac.yaw.theta_5,0.087972149
26.9251,B,mrac.yaw.u_nom,-0.0017043747
26.9251,B,mrac.yaw.xm,-0.00049503124
26.9251,B,mrac.z.theta_0,0.30240685
26.9251,B,mrac.z.theta_1,7.138701e-05
26.9251,B,mrac.z.theta_2,0.0060390928
26.9251,B,mrac.z.theta_3,0
26.9251,B,mrac.z.theta_4,0.19919646
26.9251,B,mrac.z.theta_5,0.19180043
26.9251,B,mrac.z.u_nom,0.00046899923
26.9251,B,mrac.z.xm,0
26.9251,B,path.active_path_mode,0
26.9251,B,path.circle_theta,0
26.9251,B,path.sinusoid_t_elapsed,30.002968
26.9251,B,path.twc_arrived,0
26.9251,B,path.twc_target_x,-10.000002
26.9251,B,path.twc_target_y,-29.999998
26.9251,B,path.twc_target_z,0.60000002
26.9251,B,pid.gyrox.Des,2.9827762
26.9251,B,pid.gyrox.FB,0.83259171
26.9251,B,pid.gyrox.U,-13.175591
26.9251,B,pid.gyroy.Des,0.65048784
26.9251,B,pid.gyroy.FB,0.19339013
26.9251,B,pid.gyroy.U,12.938446
26.9251,B,pid.gyroz.Des,-0.028363191
26.9251,B,pid.gyroz.FB,0.37313485
26.9251,B,pid.gyroz.U,-3.1905894
26.9251,B,pid.locx.Des,-95.233582
26.9251,B,pid.locx.FB,-95.233582
26.9251,B,pid.locx.U,1.9304154
26.9251,B,pid.locxs.Des,1.9304154
26.9251,B,pid.locxs.FB,-2.6366482
26.9251,B,pid.locxs.U,13.703218
26.9251,B,pid.locy.Des,-115.81533
26.9251,B,pid.locy.FB,-115.81533
26.9251,B,pid.locy.U,-1.4904844
26.9251,B,pid.locys.Des,-1.4904844
26.9251,B,pid.locys.FB,-1.745877
26.9251,B,pid.locys.U,0.76363027
26.9251,B,pid.pitch.Des,-0.16507986
26.9251,B,pid.pitch.FB,-0.39617071
26.9251,B,pid.pitch.U,0.65048784
26.9251,B,pid.roll.Des,-0.78459799
26.9251,B,pid.roll.FB,-1.7711329
26.9251,B,pid.roll.U,2.9827762
26.9251,B,pid.yaw.Des,-15.075908
26.9251,B,pid.yaw.FB,-15.075908
26.9251,B,pid.yaw.U,-0.028363191
26.9251,B,pid.z_pos.Des,0.0099949827
26.9251,B,pid.z_pos.FB,0.0099949827
26.9251,B,pid.z_pos.U,0
26.9251,B,pid.z_rate.Des,0
26.9251,B,pid.z_rate.FB,-0.00026001182
26.9251,B,pid.z_rate.U,0.10411783
27.1253,A,mrac.pitch.e,-0.016727682
27.1253,A,mrac.pitch.u_ad,0.12499776
27.1253,A,mrac.roll.e,-0.07576631
27.1253,A,mrac.roll.u_ad,0.16047427
27.1253,A,mrac.yaw.e,-0.040387344
27.1253,A,mrac.yaw.u_ad,0.016236562
27.1253,A,mrac.z.e,-0.0035594648
27.1253,A,mrac.z.u_ad,0.30200246
27.1253,A,status.arm,0
27.1253,A,status.flymode,1
27.1253,A,status.rc_authority,0
27.1253,A,status.sbus_lost,0
27.1253,A,status.twc_arrived,0
27.1253,A,status.twc_execute,0
27.1253,B,mrac.pitch.theta_0,0.12229656
27.1253,B,mrac.pitch.theta_1,0.0009596998
27.1253,B,mrac.pitch.theta_2,0.0073143048
27.1253,B,mrac.pitch.theta_3,0.0037384117
27.1253,B,mrac.pitch.theta_4,0.18395984
27.1253,B,mrac.pitch.theta_5,0.14364268
27.1253,B,mrac.pitch.u_nom,0.011101308
27.1253,B,mrac.pitch.xm,0.0090817409
27.1253,B,mrac.roll.theta_0,0.1491401
27.1253,B,mrac.roll.theta_1,0.0032899159
27.1253,B,mrac.roll.theta_2,0.0021877675
27.1253,B,mrac.roll.theta_3,0.0041892435
27.1253,B,mrac.roll.theta_4,0.12821501
27.1253,B,mrac.roll.theta_5,0.13794817
27.1253,B,mrac.roll.u_nom,0.020872215
27.1253,B,mrac.roll.xm,0.056779571
27.1253,B,mrac.yaw.theta_0,0.015386284
27.1253,B,mrac.yaw.theta_1,0.00010530886
27.1253,B,mrac.yaw.theta_2,0.0024298935
27.1253,B,mrac.yaw.theta_3,0
27.1253,B,mrac.yaw.theta_4,0.083272696
27.1253,B,mrac.yaw.theta_5,0.087972149
27.1253,B,mrac.yaw.u_nom,0.0052277986
27.1253,B,mrac.yaw.xm,0.00058923196
27.1253,B,mrac.z.theta_0,0.30072379
27.1253,B,mrac.z.theta_1,6.9891699e-05
27.1253,B,mrac.z.theta_2,0.0060392441
27.1253,B,mrac.z.theta_3,0
27.1253,B,mrac.z.theta_4,0.19917737
27.1253,B,mrac.z.theta_5,0.19177616
27.1253,B,mrac.z.u_nom,0.018427338
27.1253,B,mrac.z.xm,0
27.1253,B,path.active_path_mode,0
27.1253,B,path.circle_theta,0
27.1253,B,path.sinusoid_t_elapsed,30.002968
27.1253,B,path.twc_arrived,0
27.1253,B,path.twc_target_x,-10.000002
27.1253,B,path.twc_target_y,-29.999998
27.1253,B,path.twc_target_z,0.60000002
27.1253,B,pid.gyrox.Des,3.2532284
27.1253,B,pid.gyrox.FB,-0.90878952
27.1253,B,pid.gyrox.U,24.42049
27.1253,B,pid.gyroy.Des,0.52034521
27.1253,B,pid.gyroy.FB,-0.72572833
27.1253,B,pid.gyroy.U,12.988531
27.1253,B,pid.gyroz.Des,0.033760492
27.1253,B,pid.gyroz.FB,-1.1889386
27.1253,B,pid.gyroz.U,9.7864389
27.1253,B,pid.locx.Des,-95.475052
27.1253,B,pid.locx.FB,-95.475052
27.1253,B,pid.locx.U,1.9316208
27.1253,B,pid.locxs.Des,1.9316208
27.1253,B,pid.locxs.FB,-2.6375644
27.1253,B,pid.locxs.U,13.707808
27.1253,B,pid.locy.Des,-115.88018
27.1253,B,pid.locy.FB,-115.88018
27.1253,B,pid.locy.U,-1.4901662
27.1253,B,pid.locys.Des,-1.4901662
27.1253,B,pid.locys.FB,-1.7444924
27.1253,B,pid.locys.U,0.76310885
27.1253,B,pid.pitch.Des,-0.16475907
27.1253,B,pid.pitch.FB,-0.33456555
27.1253,B,pid.pitch.U,0.52034521
27.1253,B,pid.roll.Des,-0.7849409
27.1253,B,pid.roll.FB,-1.8584746
27.1253,B,pid.roll.U,3.2532284
27.1253,B,pid.yaw.Des,-15.045823
27.1253,B,pid.yaw.FB,-15.045823
27.1253,B,pid.yaw.U,0.033760492
27.1253,B,pid.z_pos.Des,0.0099945692
27.1253,B,pid.z_pos.FB,0.0099945692
27.1253,B,pid.z_pos.U,0
27.1253,B,pid.z_rate.Des,0
27.1253,B,pid.z_rate.FB,-0.010216062
27.1253,B,pid.z_rate.U,4.0908689
27.3257,A,mrac.pitch.e,-0.0062828525
27.3257,A,mrac.pitch.u_ad,0.12450215
27.3257,A,mrac.roll.e,-0.027409241
27.3257,A,mrac.roll.u_ad,0.15595433
27.3257,A,mrac.yaw.e,0.010710856
27.3257,A,mrac.yaw.u_ad,0.015163155
27.3257,A,mrac.z.e,-8.2606726e-05
27.3257,A,mrac.z.u_ad,0.30075347
27.3257,A,status.arm,0
27.3257,A,status.flymode,1
27.3257,A,status.rc_authority,0
27.3257,A,status.sbus_lost,0
27.3257,A,status.twc_arrived,0
27.3257,A,status.twc_execute,0
27.3258,B,mrac.pitch.theta_0,0.12303103
27.3258,B,mrac.pitch.theta_1,0.00095919234
27.3258,B,mrac.pitch.theta_2,0.0073143183
27.3258,B,mrac.pitch.theta_3,0.0037383882
27.3258,B,mrac.pitch.theta_4,0.18395799
27.3258,B,mrac.pitch.theta_5,0.14364098
27.3258,B,mrac.pitch.u_nom,0.0039060209
27.3258,B,mrac.pitch.xm,0.010509444
27.3258,B,mrac.roll.theta_0,0.14913107
27.3258,B,mrac.roll.theta_1,0.0032878635
27.3258,B,mrac.roll.theta_2,0.0021877359
27.3258,B,mrac.roll.theta_3,0.0041891425
27.3258,B,mrac.roll.theta_4,0.1282133
27.3258,B,mrac.roll.theta_5,0.13794632
27.3258,B,mrac.roll.u_nom,0.028306574
27.3258,B,mrac.roll.xm,0.054251742
27.3258,B,mrac.yaw.theta_0,0.015144275
27.3258,B,mrac.yaw.theta_1,0.00010528035
27.3258,B,mrac.yaw.theta_2,0.0024298495
27.3258,B,mrac.yaw.theta_3,0
27.3258,B,mrac.yaw.theta_4,0.083272561
27.3258,B,mrac.yaw.theta_5,0.08797159
27.3258,B,mrac.yaw.u_nom,0.0044920193
27.3258,B,mrac.yaw.xm,0.0007511928
27.3258,B,mrac.z.theta_0,0.30072379
27.3258,B,mrac.z.theta_1,6.9891699e-05
27.3258,B,mrac.z.theta_2,0.0060392441
27.3258,B,mrac.z.theta_3,0
27.3258,B,mrac.z.theta_4,0.19917737
27.3258,B,mrac.z.theta_5,0.19177616
27.3258,B,mrac.z.u_nom,0.00056819478
27.3258,B,mrac.z.xm,0
27.3258,B,path.active_path_mode,0
27.3258,B,path.circle_theta,0
27.3258,B,path.sinusoid_t_elapsed,30.002968
27.3258,B,path.twc_arrived,0
27.3258,B,path.twc_target_x,-10.000002
27.3258,B,path.twc_target_y,-29.999998
27.3258,B,path.twc_target_z,0.60000002
27.3258,B,pid.gyrox.Des,3.1083946
27.3258,B,pid.gyrox.FB,-0.64215285
27.3258,B,pid.gyrox.U,33.11869
27.3258,B,pid.gyroy.Des,0.60214657
27.3258,B,pid.gyroy.FB,0.88453722
27.3258,B,pid.gyroy.U,4.5700445
27.3258,B,pid.gyroz.Des,0.04304016
27.3258,B,pid.gyroz.FB,-1.0092793
27.3258,B,pid.gyroz.U,8.4090605
27.3258,B,pid.locx.Des,-0.15931824
27.3258,B,pid.locx.FB,-0.15931824
27.3258,B,pid.locx.U,1.9324377
27.3258,B,pid.locxs.Des,1.9324377
27.3258,B,pid.locxs.FB,-2.6359367
27.3258,B,pid.locxs.U,13.70315
27.3258,B,pid.locy.Des,-0.042926647
27.3258,B,pid.locy.FB,-0.042926647
27.3258,B,pid.locy.U,-1.4899371
27.3258,B,pid.locys.Des,-1.4899371
27.3258,B,pid.locys.FB,-1.7469509
27.3258,B,pid.locys.U,0.77456188
27.3258,B,pid.pitch.Des,-0.1647774
27.3258,B,pid.pitch.FB,-0.38277322
27.3258,B,pid.pitch.U,0.60214657
27.3258,B,pid.roll.Des,-0.78469437
27.3258,B,pid.roll.FB,-1.8212887
27.3258,B,pid.roll.U,3.1083946
27.3258,B,pid.yaw.Des,-15.099245
27.3258,B,pid.yaw.FB,-15.099245
27.3258,B,pid.yaw.U,0.04304016
27.3258,B,pid.z_pos.Des,0.0099947257
27.3258,B,pid.z_pos.FB,0.0099947257
27.3258,B,pid.z_pos.U,0
27.3258,B,pid.z_rate.Des,0
27.3258,B,pid.z_rate.FB,-0.00031500551
27.3258,B,pid.z_rate.U,0.12613924
27.5421,A,mrac.pitch.e,-0.0076034102
27.5421,A,mrac.pitch.u_ad,0.1244297
27.5421,A,mrac.roll.e,-0.058377042
27.5421,A,mrac.roll.u_ad,0.15848547
27.5421,A,mrac.yaw.e,-0.010616945
27.5421,A,mrac.yaw.u_ad,0.015154229
27.5421,A,mrac.z.e,-3.0996307e-06
27.5421,A,mrac.z.u_ad,0.30072489
27.5421,A,status.arm,0
27.5421,A,status.flymode,1
27.5421,A,status.rc_authority,0
27.5421,A,status.sbus_lost,0
27.5421,A,status.twc_arrived,0
27.5421,A,status.twc_execute,0
27.5422,B,mrac.pitch.theta_0,0.1235907
27.5422,B,mrac.pitch.theta_1,0.00095879345
27.5422,B,mrac.pitch.theta_2,0.0073143286
27.5422,B,mrac.pitch.theta_3,0.0037383749
27.5422,B,mrac.pitch.theta_4,0.18395665
27.5422,B,mrac.pitch.theta_5,0.1436397
27.5422,B,mrac.pitch.u_nom,0.023070054
27.5422,B,mrac.pitch.xm,0.0088177137
27.5422,B,mrac.roll.theta_0,0.14913055
27.5422,B,mrac.roll.theta_1,0.0032814334
27.5422,B,mrac.roll.theta_2,0.0021877361
27.5422,B,mrac.roll.theta_3,0.0041890233
27.5422,B,mrac.roll.theta_4,0.12821108
27.5422,B,mrac.roll.theta_5,0.13794383
27.5422,B,mrac.roll.u_nom,0.02938458
27.5422,B,mrac.roll.xm,0.056019854
27.5422,B,mrac.yaw.theta_0,0.015250474
27.5422,B,mrac.yaw.theta_1,0.00010519607
27.5422,B,mrac.yaw.theta_2,0.0024298101
27.5422,B,mrac.yaw.theta_3,0
27.5422,B,mrac.yaw.theta_4,0.083272383
27.5422,B,mrac.yaw.theta_5,0.087970167
27.5422,B,mrac.yaw.u_nom,-0.0065978719
27.5422,B,mrac.yaw.xm,-0.00018417898
27.5422,B,mrac.z.theta_0,0.30072379
27.5422,B,mrac.z.theta_1,6.9891699e-05
27.5422,B,mrac.z.theta_2,0.0060392441
27.5422,B,mrac.z.theta_3,0
27.5422,B,mrac.z.theta_4,0.19917737
27.5422,B,mrac.z.theta_5,0.19177616
27.5422,B,mrac.z.u_nom,1.4980427e-06
27.5422,B,mrac.z.xm,0
27.5422,B,path.active_path_mode,0
27.5422,B,path.circle_theta,0
27.5422,B,path.sinusoid_t_elapsed,30.002968
27.5422,B,path.twc_arrived,0
27.5422,B,path.twc_target_x,-10.000002
27.5422,B,path.twc_target_y,-29.999998
27.5422,B,path.twc_target_z,0.60000002
27.5422,B,pid.gyrox.Des,3.2096999
27.5422,B,pid.gyrox.FB,-1.7257481
27.5422,B,pid.gyrox.U,34.379959
27.5422,B,pid.gyroy.Des,0.50521755
27.5422,B,pid.gyroy.FB,-0.48812196
27.5422,B,pid.gyroy.U,26.991962
27.5422,B,pid.gyroz.Des,-0.010552674
27.5422,B,pid.gyroz.FB,1.5274537
27.5422,B,pid.gyroz.U,-12.351216
27.5422,B,pid.locx.Des,-0.40063801
27.5422,B,pid.locx.FB,-0.40063801
27.5422,B,pid.locx.U,1.9336431
27.5422,B,pid.locxs.Des,1.9336431
27.5422,B,pid.locxs.FB,-2.635345
27.5422,B,pid.locxs.U,13.705625
27.5422,B,pid.locy.Des,-0.10823141
27.5422,B,pid.locy.FB,-0.10823141
27.5422,B,pid.locy.U,-1.48961
27.5422,B,pid.locys.Des,-1.48961
27.5422,B,pid.locys.FB,-1.7478434
27.5422,B,pid.locys.U,0.77724516
27.5422,B,pid.pitch.Des,-0.16492794
27.5422,B,pid.pitch.FB,-0.34498075
27.5422,B,pid.pitch.U,0.50521755
27.5422,B,pid.roll.Des,-0.78482229
27.5422,B,pid.roll.FB,-1.8373123
27.5422,B,pid.roll.U,3.2096999
27.5422,B,pid.yaw.Des,-15.118648
27.5422,B,pid.yaw.FB,-15.118648
27.5422,B,pid.yaw.U,-0.010552674
27.5422,B,pid.z_pos.Des,0.0099946782
27.5422,B,pid.z_pos.FB,0.0099946782
27.5422,B,pid.z_pos.U,0
27.5422,B,pid.z_rate.Des,0
27.5422,B,pid.z_rate.FB,-8.3051054e-07
27.5422,B,pid.z_rate.U,0.00033256548
27.7430,A,mrac.pitch.e,0.0016919714
27.7430,A,mrac.pitch.u_ad,0.12475941
27.7430,A,mrac.roll.e,-0.050610386
27.7430,A,mrac.roll.u_ad,0.15913814
27.7430,A,mrac.yaw.e,-0.019164147
27.7430,A,mrac.yaw.u_ad,0.015289772
27.7430,A,mrac.z.e,-3.528442e-06
27.7430,A,mrac.z.u_ad,0.30072507
27.7430,A,status.arm,0
27.7430,A,status.flymode,1
27.7430,A,status.rc_authority,0
27.7430,A,status.sbus_lost,0
27.7430,A,status.twc_arrived,0
27.7430,A,status.twc_execute,0
27.7431,B,mrac.pitch.theta_0,0.1235907
27.7431,B,mrac.pitch.theta_1,0.00095879345
27.7431,B,mrac.pitch.theta_2,0.0073143286
27.7431,B,mrac.pitch.theta_3,0.0037383749
27.7431,B,mrac.pitch.theta_4,0.18395665
27.7431,B,mrac.pitch.theta_5,0.1436397
27.7431,B,mrac.pitch.u_nom,0.014533393
27.7431,B,mrac.pitch.xm,0.0078936676
27.7431,B,mrac.roll.theta_0,0.14912646
27.7431,B,mrac.roll.theta_1,0.0032776529
27.7431,B,mrac.roll.theta_2,0.002187693
27.7431,B,mrac.roll.theta_3,0.0041888668
27.7431,B,mrac.roll.theta_4,0.12820739
27.7431,B,mrac.roll.theta_5,0.1379419
27.7431,B,mrac.roll.u_nom,0.016547548
27.7431,B,mrac.roll.xm,0.058257539
27.7431,B,mrac.yaw.theta_0,0.015018889
27.7431,B,mrac.yaw.theta_1,0.00010514076
27.7431,B,mrac.yaw.theta_2,0.0024297561
27.7431,B,mrac.yaw.theta_3,0
27.7431,B,mrac.yaw.theta_4,0.083272092
27.7431,B,mrac.yaw.theta_5,0.08796905
27.7431,B,mrac.yaw.u_nom,-0.0056116884
27.7431,B,mrac.yaw.xm,-2.2620234e-05
27.7431,B,mrac.z.theta_0,0.30072379
27.7431,B,mrac.z.theta_1,6.9891699e-05
27.7431,B,mrac.z.theta_2,0.0060392441
27.7431,B,mrac.z.theta_3,0
27.7431,B,mrac.z.theta_4,0.19917737
27.7431,B,mrac.z.theta_5,0.19177616
27.7431,B,mrac.z.u_nom,2.4781345e-06
27.7431,B,mrac.z.xm,0
27.7431,B,path.active_path_mode,0
27.7431,B,path.circle_theta,0
27.7431,B,path.sinusoid_t_elapsed,30.002968
27.7431,B,path.twc_arrived,0
27.7431,B,path.twc_target_x,-10.000002
27.7431,B,path.twc_target_y,-29.999998
27.7431,B,path.twc_target_z,0.60000002
27.7431,B,pid.gyrox.Des,3.3379097
27.7431,B,pid.gyrox.FB,-0.40106717
27.7431,B,pid.gyrox.U,19.36063
27.7431,B,pid.gyroy.Des,0.45227367
27.7431,B,pid.gyroy.FB,-0.095007472
27.7431,B,pid.gyroy.U,17.00407
27.7431,B,pid.gyroz.Des,-0.0012960434
27.7431,B,pid.gyroz.FB,1.307242
27.7431,B,pid.gyroz.U,-10.50508
27.7431,B,pid.locx.Des,-0.55998117
27.7431,B,pid.locx.FB,-0.55998117
27.7431,B,pid.locx.U,1.9344167
27.7431,B,pid.locxs.Des,1.9344167
27.7431,B,pid.locxs.FB,-2.6383924
27.7431,B,pid.locxs.U,13.716711
27.7431,B,pid.locy.Des,-0.15106538
27.7431,B,pid.locy.FB,-0.15106538
27.7431,B,pid.locy.U,-1.4894085
27.7431,B,pid.locys.Des,-1.4894085
27.7431,B,pid.locys.FB,-1.7432399
27.7431,B,pid.locys.U,0.76464128
27.7431,B,pid.pitch.Des,-0.16443126
27.7431,B,pid.pitch.FB,-0.32426983
27.7431,B,pid.pitch.U,0.45227367
27.7431,B,pid.roll.Des,-0.78554547
27.7431,B,pid.roll.FB,-1.8960893
27.7431,B,pid.roll.U,3.3379097
27.7431,B,pid.yaw.Des,-15.018617
27.7431,B,pid.yaw.FB,-15.018617
27.7431,B,pid.yaw.U,-0.0012960434
27.7431,B,pid.z_pos.Des,0.0099943643
27.7431,B,pid.z_pos.FB,0.0099943643
27.7431,B,pid.z_pos.U,0
27.7431,B,pid.z_rate.Des,0
27.7431,B,pid.z_rate.FB,-1.3738706e-06
27.7431,B,pid.z_rate.U,0.00055014587
27.9589,A,mrac.pitch.e,0.0082310969
27.9589,A,mrac.pitch.u_ad,0.12523304
27.9589,A,mrac.roll.e,-0.080176994
27.9589,A,mrac.roll.u_ad,0.15993339
27.9589,A,mrac.yaw.e,0.010524044
27.9589,A,mrac.yaw.u_ad,0.014635824
27.9589,A,mrac.z.e,0.050803661
27.9589,A,mrac.z.u_ad,0.27487689
27.9589,A,status.arm,0
27.9589,A,status.flymode,1
27.9589,A,status.rc_authority,0
27.9589,A,status.sbus_lost,0
27.9589,A,status.twc_arrived,0
27.9589,A,status.twc_execute,0
27.9589,B,mrac.pitch.theta_0,0.1235907
27.9589,B,mrac.pitch.theta_1,0.00095879345
27.9589,B,mrac.pitch.theta_2,0.0073143286
27.9589,B,mrac.pitch.theta_3,0.0037383749
27.9589,B,mrac.pitch.theta_4,0.18395665
27.9589,B,mrac.pitch.theta_5,0.1436397
27.9589,B,mrac.pitch.u_nom,0.013234671
27.9589,B,mrac.pitch.xm,0.010875798
27.9589,B,mrac.roll.theta_0,0.14913468
27.9589,B,mrac.roll.theta_1,0.0032719853
27.9589,B,mrac.roll.theta_2,0.0021876728
27.9589,B,mrac.roll.theta_3,0.0041886535
27.9589,B,mrac.roll.theta_4,0.12820472
27.9589,B,mrac.roll.theta_5,0.13794112
27.9589,B,mrac.roll.u_nom,0.0045618108
27.9589,B,mrac.roll.xm,0.060434289
27.9589,B,mrac.yaw.theta_0,0.014861541
27.9589,B,mrac.yaw.theta_1,0.00010511614
27.9589,B,mrac.yaw.theta_2,0.0024297107
27.9589,B,mrac.yaw.theta_3,0
27.9589,B,mrac.yaw.theta_4,0.083272152
27.9589,B,mrac.yaw.theta_5,0.087968752
27.9589,B,mrac.yaw.u_nom,0.0077066314
27.9589,B,mrac.yaw.xm,0.00045501857
27.9589,B,mrac.z.theta_0,0.29744205
27.9589,B,mrac.z.theta_1,6.9399546e-05
27.9589,B,mrac.z.theta_2,0.0060362327
27.9589,B,mrac.z.theta_3,0
27.9589,B,mrac.z.theta_4,0.1991757
27.9589,B,mrac.z.theta_5,0.19177255
27.9589,B,mrac.z.u_nom,-0.2625491
27.9589,B,mrac.z.xm,0
27.9589,B,path.active_path_mode,0
27.9589,B,path.circle_theta,0
27.9589,B,path.sinusoid_t_elapsed,30.002968
27.9589,B,path.twc_arrived,0
27.9589,B,path.twc_target_x,-10.000002
27.9589,B,path.twc_target_y,-29.999998
27.9589,B,path.twc_target_z,0.60000002
27.9589,B,pid.gyrox.Des,3.4626284
27.9589,B,pid.gyrox.FB,0.24705766
27.9589,B,pid.gyrox.U,5.3373184
27.9589,B,pid.gyroy.Des,0.62313706
27.9589,B,pid.gyroy.FB,-1.5393143
27.9589,B,pid.gyroy.U,15.484566
27.9589,B,pid.gyroz.Des,0.026070632
27.9589,B,pid.gyroz.FB,-1.7730232
27.9589,B,pid.gyroz.U,14.426814
27.9589,B,pid.locx.Des,-0.80152583
27.9589,B,pid.locx.FB,-0.80152583
27.9589,B,pid.locx.U,1.9356285
27.9589,B,pid.locxs.Des,1.9356285
27.9589,B,pid.locxs.FB,-2.6405609
27.9589,B,pid.locxs.U,13.730018
27.9589,B,pid.locy.Des,-0.21553351
27.9589,B,pid.locy.FB,-0.21553351
27.9589,B,pid.locy.U,-1.4890971
27.9589,B,pid.locys.Des,-1.4890971
27.9589,B,pid.locys.FB,-1.7399535
27.9589,B,pid.locys.U,0.7508601
27.9589,B,pid.pitch.Des,-0.16442765
27.9589,B,pid.pitch.FB,-0.35466397
27.9589,B,pid.pitch.U,0.62313706
27.9589,B,pid.roll.Des,-0.78629059
27.9589,B,pid.roll.FB,-1.9356083
27.9589,B,pid.roll.U,3.4626284
27.9589,B,pid.yaw.Des,-14.94728
27.9589,B,pid.yaw.FB,-14.94728
27.9589,B,pid.yaw.U,0.026070632
27.9589,B,pid.z_pos.Des,0.019988205
27.9589,B,pid.z_pos.FB,0.019988205
27.9589,B,pid.z_pos.U,0
27.9589,B,pid.z_rate.Des,0
27.9589,B,pid.z_rate.FB,0.14571476
27.9589,B,pid.z_rate.U,-58.285904
28.1594,A,mrac.pitch.e,0.0067697279
28.1594,A,mrac.pitch.u_ad,0.12441608
28.1594,A,mrac.roll.e,-0.05007118
28.1594,A,mrac.roll.u_ad,0.15921637
28.1594,A,mrac.yaw.e,-0.026222466
28.1594,A,mrac.yaw.u_ad,0.015525523
28.1594,A,mrac.z.e,-0.0074430709
28.1594,A,mrac.z.u_ad,0.30170935
28.1594,A,status.arm,0
28.1594,A,status.flymode,1
28.1594,A,status.rc_authority,0
28.1594,A,status.sbus_lost,0
28.1594,A,status.twc_arrived,0
28.1594,A,status.twc_execute,0
28.1594,B,mrac.pitch.theta_0,0.1235907
28.1594,B,mrac.pitch.theta_1,0.00095879345
28.1594,B,mrac.pitch.theta_2,0.0073143286
28.1594,B,mrac.pitch.theta_3,0.0037383749
28.1594,B,mrac.pitch.theta_4,0.18395665
28.1594,B,mrac.pitch.theta_5,0.1436397
28.1594,B,mrac.pitch.u_nom,0.0052231257
28.1594,B,mrac.pitch.xm,0.0062659681
28.1594,B,mrac.roll.theta_0,0.14913693
28.1594,B,mrac.roll.theta_1,0.0032681643
28.1594,B,mrac.roll.theta_2,0.0021876241
28.1594,B,mrac.roll.theta_3,0.0041884794
28.1594,B,mrac.roll.theta_4,0.12820154
28.1594,B,mrac.roll.theta_5,0.13794027
28.1594,B,mrac.roll.u_nom,0.0071659749
28.1594,B,mrac.roll.xm,0.062792644
28.1594,B,mrac.yaw.theta_0,0.014888124
28.1594,B,mrac.yaw.theta_1,0.00010508528
28.1594,B,mrac.yaw.theta_2,0.0024297088
28.1594,B,mrac.yaw.theta_3,0
28.1594,B,mrac.yaw.theta_4,0.08327204
28.1594,B,mrac.yaw.theta_5,0.087968186
28.1594,B,mrac.yaw.u_nom,-0.0070409589
28.1594,B,mrac.yaw.xm,-0.0010539019
28.1594,B,mrac.z.theta_0,0.29903573
28.1594,B,mrac.z.theta_1,6.8426663e-05
28.1594,B,mrac.z.theta_2,0.006039382
28.1594,B,mrac.z.theta_3,0
28.1594,B,mrac.z.theta_4,0.19915839
28.1594,B,mrac.z.theta_5,0.1917519
28.1594,B,mrac.z.u_nom,0.052820537
28.1594,B,mrac.z.xm,0
28.1594,B,path.active_path_mode,0
28.1594,B,path.circle_theta,0
28.1594,B,path.sinusoid_t_elapsed,30.002968
28.1594,B,path.twc_arrived,0
28.1594,B,path.twc_target_x,-10.000002
28.1594,B,path.twc_target_y,-29.999998
28.1594,B,path.twc_target_z,0.60000002
28.1594,B,pid.gyrox.Des,3.5977521
28.1594,B,pid.gyrox.FB,0.37008053
28.1594,B,pid.gyrox.U,8.3841906
28.1594,B,pid.gyroy.Des,0.35901338
28.1594,B,pid.gyroy.FB,-0.60602921
28.1594,B,pid.gyroy.U,6.1110573
28.1594,B,pid.gyroz.Des,-0.060384102
28.1594,B,pid.gyroz.FB,1.589749
28.1594,B,pid.gyroz.U,-13.180675
28.1594,B,pid.locx.Des,-0.96577156
28.1594,B,pid.locx.FB,-0.96577156
28.1594,B,pid.locx.U,1.9364535
28.1594,B,pid.locxs.Des,1.9364535
28.1594,B,pid.locxs.FB,-2.6415641
28.1594,B,pid.locxs.U,13.738776
28.1594,B,pid.locy.Des,-0.25938892
28.1594,B,pid.locy.FB,-0.25938892
28.1594,B,pid.locy.U,-1.4888872
28.1594,B,pid.locys.Des,-1.4888872
28.1594,B,pid.locys.FB,-1.7384299
28.1594,B,pid.locys.U,0.74193943
28.1594,B,pid.pitch.Des,-0.1646045
28.1594,B,pid.pitch.FB,-0.27828321
28.1594,B,pid.pitch.U,0.35901338
28.1594,B,pid.roll.Des,-0.78675139
28.1594,B,pid.roll.FB,-1.9836503
28.1594,B,pid.roll.U,3.5977521
28.1594,B,pid.yaw.Des,-14.914227
28.1594,B,pid.yaw.FB,-14.914227
28.1594,B,pid.yaw.U,-0.060384102
28.1594,B,pid.z_pos.Des,0.0099938884
28.1594,B,pid.z_pos.FB,0.0099938884
28.1594,B,pid.z_pos.U,0
28.1594,B,pid.z_rate.Des,0
28.1594,B,pid.z_rate.FB,-0.029283553
28.1594,B,pid.z_rate.U,11.726159
28.3755,A,mrac.pitch.e,-0.0056609735
28.3755,A,mrac.pitch.u_ad,0.12334286
28.3755,A,mrac.roll.e,-0.05204168
28.3755,A,mrac.roll.u_ad,0.15981777
28.3755,A,mrac.yaw.e,-0.031193506
28.3755,A,mrac.yaw.u_ad,0.015732616
28.3755,A,mrac.z.e,-5.2718009e-05
28.3755,A,mrac.z.u_ad,0.29905465
28.3755,A,status.arm,0
28.3755,A,status.flymode,1
28.3755,A,status.rc_authority,0
28.3755,A,status.sbus_lost,0
28.3755,A,status.twc_arrived,0
28.3755,A,status.twc_execute,0
28.3755,B,mrac.pitch.theta_0,0.1235907
28.3755,B,mrac.pitch.theta_1,0.00095879345
28.3755,B,mrac.pitch.theta_2,0.0073143286
28.3755,B,mrac.pitch.theta_3,0.0037383749
28.3755,B,mrac.pitch.theta_4,0.18395665
28.3755,B,mrac.pitch.theta_5,0.1436397
28.3755,B,mrac.pitch.u_nom,0.012705846
28.3755,B,mrac.pitch.xm,0.0069384985
28.3755,B,mrac.roll.theta_0,0.14914112
28.3755,B,mrac.roll.theta_1,0.0032633485
28.3755,B,mrac.roll.theta_2,0.0021875512
28.3755,B,mrac.roll.theta_3,0.0041882009
28.3755,B,mrac.roll.theta_4,0.12819877
28.3755,B,mrac.roll.theta_5,0.13793954
28.3755,B,mrac.roll.u_nom,0.0066332296
28.3755,B,mrac.roll.xm,0.064743154
28.3755,B,mrac.yaw.theta_0,0.015013572
28.3755,B,mrac.yaw.theta_1,0.000105074
28.3755,B,mrac.yaw.theta_2,0.0024297205
28.3755,B,mrac.yaw.theta_3,0
28.3755,B,mrac.yaw.theta_4,0.083271936
28.3755,B,mrac.yaw.theta_5,0.08796791
28.3755,B,mrac.yaw.u_nom,-0.0084571308
28.3755,B,mrac.yaw.xm,-0.0012344616
28.3755,B,mrac.z.theta_0,0.29903573
28.3755,B,mrac.z.theta_1,6.8426663e-05
28.3755,B,mrac.z.theta_2,0.006039382
28.3755,B,mrac.z.theta_3,0
28.3755,B,mrac.z.theta_4,0.19915839
28.3755,B,mrac.z.theta_5,0.1917519
28.3755,B,mrac.z.u_nom,0.0002016222
28.3755,B,mrac.z.xm,0
28.3755,B,path.active_path_mode,0
28.3755,B,path.circle_theta,0
28.3755,B,path.sinusoid_t_elapsed,30.002968
28.3755,B,path.twc_arrived,0
28.3755,B,path.twc_target_x,-10.000002
28.3755,B,path.twc_target_y,-29.999998
28.3755,B,path.twc_target_z,0.60000002
28.3755,B,pid.gyrox.Des,3.7095077
28.3755,B,pid.gyrox.FB,-0.15822054
28.3755,B,pid.gyrox.U,7.7608786
28.3755,B,pid.gyroy.Des,0.3975465
28.3755,B,pid.gyroy.FB,-0.098970726
28.3755,B,pid.gyroy.U,14.865839
28.3755,B,pid.gyroz.Des,-0.070729405
28.3755,B,pid.gyroz.FB,1.9091421
28.3755,B,pid.gyroz.U,-15.831748
28.3755,B,pid.locx.Des,-1.2218442
28.3755,B,pid.locx.FB,-1.2218442
28.3755,B,pid.locx.U,1.9377598
28.3755,B,pid.locxs.Des,1.9377598
28.3755,B,pid.locxs.FB,-2.6420314
28.3755,B,pid.locxs.U,13.744123
28.3755,B,pid.locy.Des,-0.32759336
28.3755,B,pid.locy.FB,-0.32759336
28.3755,B,pid.locy.U,-1.4885412
28.3755,B,pid.locys.Des,-1.4885412
28.3755,B,pid.locys.FB,-1.7377197
28.3755,B,pid.locys.U,0.74081111
28.3755,B,pid.pitch.Des,-0.16453397
28.3755,B,pid.pitch.FB,-0.30697981
28.3755,B,pid.pitch.U,0.3975465
28.3755,B,pid.roll.Des,-0.78707838
28.3755,B,pid.roll.FB,-2.0138814
28.3755,B,pid.roll.U,3.7095077
28.3755,B,pid.yaw.Des,-14.898822
28.3755,B,pid.yaw.FB,-14.898822
28.3755,B,pid.yaw.U,-0.070729405
28.3755,B,pid.z_pos.Des,0.0099936798
28.3755,B,pid.z_pos.FB,0.0099936798
28.3755,B,pid.z_pos.U,0
28.3755,B,pid.z_rate.Des,0
28.3755,B,pid.z_rate.FB,-0.00011177876
28.3755,B,pid.z_rate.U,0.044760127
28.5767,A,mrac.pitch.e,-0.014473354
28.5767,A,mrac.pitch.u_ad,0.12523305
28.5767,A,mrac.roll.e,-0.072312146
28.5767,A,mrac.roll.u_ad,0.16188066
28.5767,A,mrac.yaw.e,-0.028319392
28.5767,A,mrac.yaw.u_ad,0.01565998
28.5767,A,mrac.z.e,-1.2368522e-06
28.5767,A,mrac.z.u_ad,0.29903618
28.5767,A,status.arm,0
28.5767,A,status.flymode,1
28.5767,A,status.rc_authority,0
28.5767,A,status.sbus_lost,0
28.5767,A,status.twc_arrived,0
28.5767,A,status.twc_execute,0
28.5768,B,mrac.pitch.theta_0,0.12338229
28.5768,B,mrac.pitch.theta_1,0.00095862977
28.5768,B,mrac.pitch.theta_2,0.0073142918
28.5768,B,mrac.pitch.theta_3,0.0037383721
28.5768,B,mrac.pitch.theta_4,0.18395624
28.5768,B,mrac.pitch.theta_5,0.14363915
28.5768,B,mrac.pitch.u_nom,-0.0057637249
28.5768,B,mrac.pitch.xm,0.0078180488
28.5768,B,mrac.roll.theta_0,0.14915346
28.5768,B,mrac.roll.theta_1,0.0032614395
28.5768,B,mrac.roll.theta_2,0.0021875461
28.5768,B,mrac.roll.theta_3,0.004188003
28.5768,B,mrac.roll.theta_4,0.12820004
28.5768,B,mrac.roll.theta_5,0.13794269
28.5768,B,mrac.roll.u_nom,0.020165311
28.5768,B,mrac.roll.xm,0.0740771
28.5768,B,mrac.yaw.theta_0,0.015013572
28.5768,B,mrac.yaw.theta_1,0.000105074
28.5768,B,mrac.yaw.theta_2,0.0024297205
28.5768,B,mrac.yaw.theta_3,0
28.5768,B,mrac.yaw.theta_4,0.083271936
28.5768,B,mrac.yaw.theta_5,0.08796791
28.5768,B,mrac.yaw.u_nom,0.0023766833
28.5768,B,mrac.yaw.xm,-9.3798568e-05
28.5768,B,mrac.z.theta_0,0.29903573
28.5768,B,mrac.z.theta_1,6.8426663e-05
28.5768,B,mrac.z.theta_2,0.006039382
28.5768,B,mrac.z.theta_3,0
28.5768,B,mrac.z.theta_4,0.19915839
28.5768,B,mrac.z.theta_5,0.1917519
28.5768,B,mrac.z.u_nom,9.4042771e-06
28.5768,B,mrac.z.xm,0
28.5768,B,path.active_path_mode,0
28.5768,B,path.circle_theta,0
28.5768,B,path.sinusoid_t_elapsed,30.002968
28.5768,B,path.twc_arrived,0
28.5768,B,path.twc_target_x,-10.000002
28.5768,B,path.twc_target_y,-29.999998
28.5768,B,path.twc_target_z,0.60000002
28.5768,B,pid.gyrox.Des,4.2443032
28.5768,B,pid.gyrox.FB,-0.14281747
28.5768,B,pid.gyrox.U,23.593414
28.5768,B,pid.gyroy.Des,0.44794104
28.5768,B,pid.gyroy.FB,0.28870201
28.5768,B,pid.gyroy.U,-6.7435579
28.5768,B,pid.gyroz.Des,-0.0053742598
28.5768,B,pid.gyroz.FB,-0.557244
28.5768,B,pid.gyroz.U,4.449151
28.5768,B,pid.locx.Des,-1.3812996
28.5768,B,pid.locx.FB,-1.3812996
28.5768,B,pid.locx.U,1.9385327
28.5768,B,pid.locxs.Des,1.9385327
28.5768,B,pid.locxs.FB,-1.675679
28.5768,B,pid.locxs.U,10.845352
28.5768,B,pid.locy.Des,-0.37000719
28.5768,B,pid.locy.FB,-0.37000719
28.5768,B,pid.locy.U,-1.4883333
28.5768,B,pid.locys.Des,-1.4883333
28.5768,B,pid.locys.FB,-1.4805744
28.5768,B,pid.locys.U,-0.025972009
28.5768,B,pid.pitch.Des,-0.16426942
28.5768,B,pid.pitch.FB,-0.31027353
28.5768,B,pid.pitch.U,0.44794104
28.5768,B,pid.roll.Des,-0.61192334
28.5768,B,pid.roll.FB,-2.0262864
28.5768,B,pid.roll.U,4.2443032
28.5768,B,pid.yaw.Des,-14.897708
28.5768,B,pid.yaw.FB,-14.897708
28.5768,B,pid.yaw.U,-0.0053742598
28.5768,B,pid.z_pos.Des,0.0099936007
28.5768,B,pid.z_pos.FB,0.0099936007
28.5768,B,pid.z_pos.U,0
28.5768,B,pid.z_rate.Des,0
28.5768,B,pid.z_rate.FB,-5.2137038e-06
28.5768,B,pid.z_rate.U,0.0020877495
28.7932,A,mrac.pitch.e,-0.040578645
28.7932,A,mrac.pitch.u_ad,0.12631968
28.7932,A,mrac.roll.e,-0.073449336
28.7932,A,mrac.roll.u_ad,0.16291505
28.7932,A,mrac.yaw.e,0.027091393
28.7932,A,mrac.yaw.u_ad,0.013569424
28.7932,A,mrac.z.e,-1.0713718e-06
28.7932,A,mrac.z.u_ad,0.29903612
28.7932,A,status.arm,0
28.7932,A,status.flymode,1
28.7932,A,status.rc_authority,0
28.7932,A,status.sbus_lost,0
28.7932,A,status.twc_arrived,0
28.7932,A,status.twc_execute,0
28.7932,B,mrac.pitch.theta_0,0.12333609
28.7932,B,mrac.pitch.theta_1,0.00095834048
28.7932,B,mrac.pitch.theta_2,0.0073142564
28.7932,B,mrac.pitch.theta_3,0.0037383605
28.7932,B,mrac.pitch.theta_4,0.18395536
28.7932,B,mrac.pitch.theta_5,0.14363819
28.7932,B,mrac.pitch.u_nom,-0.016909201
28.7932,B,mrac.pitch.xm,0.0020941896
28.7932,B,mrac.roll.theta_0,0.14918381
28.7932,B,mrac.roll.theta_1,0.0032573042
28.7932,B,mrac.roll.theta_2,0.0021875321
28.7932,B,mrac.roll.theta_3,0.0041877851
28.7932,B,mrac.roll.theta_4,0.1282011
28.7932,B,mrac.roll.theta_5,0.13794881
28.7932,B,mrac.roll.u_nom,0.031794883
28.7932,B,mrac.roll.xm,0.076621532
28.7932,B,mrac.yaw.theta_0,0.014208406
28.7932,B,mrac.yaw.theta_1,0.00010496035
28.7932,B,mrac.yaw.theta_2,0.0024295272
28.7932,B,mrac.yaw.theta_3,0
28.7932,B,mrac.yaw.theta_4,0.083271883
28.7932,B,mrac.yaw.theta_5,0.087966189
28.7932,B,mrac.yaw.u_nom,0.0062599625
28.7932,B,mrac.yaw.xm,0.00063980074
28.7932,B,mrac.z.theta_0,0.29903573
28.7932,B,mrac.z.theta_1,6.8426663e-05
28.7932,B,mrac.z.theta_2,0.006039382
28.7932,B,mrac.z.theta_3,0
28.7932,B,mrac.z.theta_4,0.19915839
28.7932,B,mrac.z.theta_5,0.1917519
28.7932,B,mrac.z.u_nom,7.8757881e-07
28.7932,B,mrac.z.xm,0
28.7932,B,path.active_path_mode,0
28.7932,B,path.circle_theta,0
28.7932,B,path.sinusoid_t_elapsed,30.002968
28.7932,B,path.twc_arrived,0
28.7932,B,path.twc_target_x,-10.000002
28.7932,B,path.twc_target_y,-29.999998
28.7932,B,path.twc_target_z,0.60000002
28.7932,B,pid.gyrox.Des,4.3900886
28.7932,B,pid.gyrox.FB,-1.8426267
28.7932,B,pid.gyrox.U,37.200012
28.7932,B,pid.gyroy.Des,0.11998817
28.7932,B,pid.gyroy.FB,2.9268777
28.7932,B,pid.gyroy.U,-19.783766
28.7932,B,pid.gyroz.Des,0.036657866
28.7932,B,pid.gyroz.FB,-1.4253086
28.7932,B,pid.gyroz.U,11.71865
28.7932,B,pid.locx.Des,-1.6229012
28.7932,B,pid.locx.FB,-1.6229012
28.7932,B,pid.locx.U,1.9397409
28.7932,B,pid.locxs.Des,1.9397409
28.7932,B,pid.locxs.FB,-1.6759076
28.7932,B,pid.locxs.U,10.847942
28.7932,B,pid.locy.Des,-0.43425974
28.7932,B,pid.locy.FB,-0.43425974
28.7932,B,pid.locy.U,-1.4880087
28.7932,B,pid.locys.Des,-1.4880087
28.7932,B,pid.locys.FB,-1.4803154
28.7932,B,pid.locys.U,-0.023835182
28.7932,B,pid.pitch.Des,-0.16408998
28.7932,B,pid.pitch.FB,-0.2450653
28.7932,B,pid.pitch.U,0.11998817
28.7932,B,pid.roll.Des,-0.6121304
28.7932,B,pid.roll.FB,-2.0579927
28.7932,B,pid.roll.U,4.3900886
28.7932,B,pid.yaw.Des,-14.888855
28.7932,B,pid.yaw.FB,-14.888855
28.7932,B,pid.yaw.U,0.036657866
28.7932,B,pid.z_pos.Des,0.0099934591
28.7932,B,pid.z_pos.FB,0.0099934591
28.7932,B,pid.z_pos.U,0
28.7932,B,pid.z_rate.Des,0
28.7932,B,pid.z_rate.FB,-4.3663141e-07
28.7932,B,pid.z_rate.U,0.0001748425
29.0089,A,mrac.pitch.e,0.013791092
29.0089,A,mrac.pitch.u_ad,0.12279091
29.0089,A,mrac.roll.e,-0.074476205
29.0089,A,mrac.roll.u_ad,0.15789877
29.0089,A,mrac.yaw.e,0.018173315
29.0089,A,mrac.yaw.u_ad,0.013434052
29.0089,A,mrac.z.e,-0.021713192
29.0089,A,mrac.z.u_ad,0.30448347
29.0089,A,status.arm,0
29.0089,A,status.flymode,1
29.0089,A,status.rc_authority,0
29.0089,A,status.sbus_lost,0
29.0089,A,status.twc_arrived,0
29.0089,A,status.twc_execute,0
29.0090,B,mrac.pitch.theta_0,0.12370571
29.0090,B,mrac.pitch.theta_1,0.0009580545
29.0090,B,mrac.pitch.theta_2,0.0073142685
29.0090,B,mrac.pitch.theta_3,0.0037383477
29.0090,B,mrac.pitch.theta_4,0.18395467
29.0090,B,mrac.pitch.theta_5,0.14363731
29.0090,B,mrac.pitch.u_nom,0.018249113
29.0090,B,mrac.pitch.xm,0.0028794112
29.0090,B,mrac.roll.theta_0,0.14920174
29.0090,B,mrac.roll.theta_1,0.003252754
29.0090,B,mrac.roll.theta_2,0.002187625
29.0090,B,mrac.roll.theta_3,0.004187692
29.0090,B,mrac.roll.theta_4,0.12820387
29.0090,B,mrac.roll.theta_5,0.13795277
29.0090,B,mrac.roll.u_nom,0.006890235
29.0090,B,mrac.roll.xm,0.075971559
29.0090,B,mrac.yaw.theta_0,0.013877088
29.0090,B,mrac.yaw.theta_1,0.00010489812
29.0090,B,mrac.yaw.theta_2,0.0024293994
29.0090,B,mrac.yaw.theta_3,0
29.0090,B,mrac.yaw.theta_4,0.083272174
29.0090,B,mrac.yaw.theta_5,0.087965578
29.0090,B,mrac.yaw.u_nom,-0.0033687297
29.0090,B,mrac.yaw.xm,-0.00078969751
29.0090,B,mrac.z.theta_0,0.29519591
29.0090,B,mrac.z.theta_1,6.742838e-05
29.0090,B,mrac.z.theta_2,0.0060367398
29.0090,B,mrac.z.theta_3,0
29.0090,B,mrac.z.theta_4,0.19914836
29.0090,B,mrac.z.theta_5,0.19173799
29.0090,B,mrac.z.u_nom,0.15407042
29.0090,B,mrac.z.xm,0
29.0090,B,path.active_path_mode,0
29.0090,B,path.circle_theta,0
29.0090,B,path.sinusoid_t_elapsed,30.002968
29.0090,B,path.twc_arrived,0
29.0090,B,path.twc_target_x,-10.000002
29.0090,B,path.twc_target_y,-29.999998
29.0090,B,path.twc_target_z,0.60000002
29.0090,B,pid.gyrox.Des,4.3528481
29.0090,B,pid.gyrox.FB,-1.0305821
29.0090,B,pid.gyrox.U,8.0615749
29.0090,B,pid.gyroy.Des,0.16497804
29.0090,B,pid.gyroy.FB,0.21626773
29.0090,B,pid.gyroy.U,21.351463
29.0090,B,pid.gyroz.Des,-0.045246314
29.0090,B,pid.gyroz.FB,0.74727446
29.0090,B,pid.gyroz.U,-6.306262
29.0090,B,pid.locx.Des,-1.7871946
29.0090,B,pid.locx.FB,-1.7871946
29.0090,B,pid.locx.U,1.9405664
29.0090,B,pid.locxs.Des,1.9405664
29.0090,B,pid.locxs.FB,-1.6768563
29.0090,B,pid.locxs.U,10.856945
29.0090,B,pid.locy.Des,-0.4779377
29.0090,B,pid.locy.FB,-0.4779377
29.0090,B,pid.locy.U,-1.4878027
29.0090,B,pid.locys.Des,-1.4878027
29.0090,B,pid.locys.FB,-1.4792408
29.0090,B,pid.locys.U,-0.030642271
29.0090,B,pid.pitch.Des,-0.16421892
29.0090,B,pid.pitch.FB,-0.23961216
29.0090,B,pid.pitch.U,0.16497804
29.0090,B,pid.roll.Des,-0.61264223
29.0090,B,pid.roll.FB,-2.036253
29.0090,B,pid.roll.U,4.3528481
29.0090,B,pid.yaw.Des,-14.852127
29.0090,B,pid.yaw.FB,-14.852127
29.0090,B,pid.yaw.U,-0.045246314
29.0090,B,pid.z_pos.Des,0.0099935979
29.0090,B,pid.z_pos.FB,0.0099935979
29.0090,B,pid.z_pos.U,0
29.0090,B,pid.z_rate.Des,0
29.0090,B,pid.z_rate.FB,-0.08541619
29.0090,B,pid.z_rate.U,34.203632
29.2093,A,mrac.pitch.e,0.021658648
29.2093,A,mrac.pitch.u_ad,0.1213477
29.2093,A,mrac.roll.e,-0.053387552
29.2093,A,mrac.roll.u_ad,0.15899402
29.2093,A,mrac.yaw.e,-0.013890829
29.2093,A,mrac.yaw.u_ad,0.014193049
29.2093,A,mrac.z.e,-0.045627382
29.2093,A,mrac.z.u_ad,0.31080547
29.2093,A,status.arm,0
29.2093,A,status.flymode,1
29.2093,A,status.rc_authority,0
29.2093,A,status.sbus_lost,0
29.2093,A,status.twc_arrived,0
29.2093,A,status.twc_execute,0
29.2093,B,mrac.pitch.theta_0,0.12400338
29.2093,B,mrac.pitch.theta_1,0.00095767289
29.2093,B,mrac.pitch.theta_2,0.0073143374
29.2093,B,mrac.pitch.theta_3,0.0037383419
29.2093,B,mrac.pitch.theta_4,0.18395443
29.2093,B,mrac.pitch.theta_5,0.14363684
29.2093,B,mrac.pitch.u_nom,0.012264356
29.2093,B,mrac.pitch.xm,0.0083163893
29.2093,B,mrac.roll.theta_0,0.14923221
29.2093,B,mrac.roll.theta_1,0.0032407769
29.2093,B,mrac.roll.theta_2,0.0021879086
29.2093,B,mrac.roll.theta_3,0.0041874638
29.2093,B,mrac.roll.theta_4,0.12821054
29.2093,B,mrac.roll.theta_5,0.13795929
29.2093,B,mrac.roll.u_nom,-0.011201472
29.2093,B,mrac.roll.xm,0.07489197
29.2093,B,mrac.yaw.theta_0,0.013877088
29.2093,B,mrac.yaw.theta_1,0.00010489812
29.2093,B,mrac.yaw.theta_2,0.0024293994
29.2093,B,mrac.yaw.theta_3,0
29.2093,B,mrac.yaw.theta_4,0.083272174
29.2093,B,mrac.yaw.theta_5,0.087965578
29.2093,B,mrac.yaw.u_nom,-0.0010556466
29.2093,B,mrac.yaw.xm,-0.00020488905
29.2093,B,mrac.z.theta_0,0.29291227
29.2093,B,mrac.z.theta_1,6.6368222e-05
29.2093,B,mrac.z.theta_2,0.0060344869
29.2093,B,mrac.z.theta_3,0
29.2093,B,mrac.z.theta_4,0.19913384
29.2093,B,mrac.z.theta_5,0.19171932
29.2093,B,mrac.z.u_nom,0.15486544
29.2093,B,mrac.z.xm,0
29.2093,B,path.active_path_mode,0
29.2093,B,path.circle_theta,0
29.2093,B,path.sinusoid_t_elapsed,30.002968
29.2093,B,path.twc_arrived,0
29.2093,B,path.twc_target_x,-10.000002
29.2093,B,path.twc_target_y,-29.999998
29.2093,B,path.twc_target_z,0.60000002
29.2093,B,pid.gyrox.Des,4.2909918
29.2093,B,pid.gyrox.FB,2.1426578
29.2093,B,pid.gyrox.U,-13.105722
29.2093,B,pid.gyroy.Des,0.47649381
29.2093,B,pid.gyroy.FB,-0.51816946
29.2093,B,pid.gyroy.U,14.349297
29.2093,B,pid.gyroz.Des,-0.011739273
29.2093,B,pid.gyroz.FB,0.2362074
29.2093,B,pid.gyroz.U,-1.9761703
29.2093,B,pid.locx.Des,-2.0288699
29.2093,B,pid.locx.FB,-2.0288699
29.2093,B,pid.locx.U,1.9417744
29.2093,B,pid.locxs.Des,1.9417744
29.2093,B,pid.locxs.FB,-1.6774578
29.2093,B,pid.locxs.U,10.858978
29.2093,B,pid.locy.Des,-0.54191595
29.2093,B,pid.locy.FB,-0.54191595
29.2093,B,pid.locy.U,-1.4874758
29.2093,B,pid.locys.Des,-1.4874758
29.2093,B,pid.locys.FB,-1.4785585
29.2093,B,pid.locys.U,-0.027823806
29.2093,B,pid.pitch.Des,-0.16383883
29.2093,B,pid.pitch.FB,-0.32416296
29.2093,B,pid.pitch.U,0.47649381
29.2093,B,pid.roll.Des,-0.61286151
29.2093,B,pid.roll.FB,-2.0591023
29.2093,B,pid.roll.U,4.2909918
29.2093,B,pid.yaw.Des,-14.828822
29.2093,B,pid.yaw.FB,-14.828822
29.2093,B,pid.yaw.U,-0.011739273
29.2093,B,pid.z_pos.Des,0.0099933827
29.2093,B,pid.z_pos.FB,0.0099933827
29.2093,B,pid.z_pos.U,0
29.2093,B,pid.z_rate.Des,0
29.2093,B,pid.z_rate.FB,-0.085856952
29.2093,B,pid.z_rate.U,34.380127
29.4268,A,mrac.pitch.e,0.005165901
29.4268,A,mrac.pitch.u_ad,0.1236348
29.4268,A,mrac.roll.e,-0.054024551
29.4268,A,mrac.roll.u_ad,0.15926754
29.4268,A,mrac.yaw.e,-0.0029158753
29.4268,A,mrac.yaw.u_ad,0.014408416
29.4268,A,mrac.z.e,-0.00067306514
29.4268,A,mrac.z.u_ad,0.29464912
29.4268,A,status.arm,0
29.4268,A,status.flymode,1
29.4268,A,status.rc_authority,0
29.4268,A,status.sbus_lost,0
29.4268,A,status.twc_arrived,0
29.4268,A,status.twc_execute,0
29.4269,B,mrac.pitch.theta_0,0.12416166
29.4269,B,mrac.pitch.theta_1,0.00095756707
29.4269,B,mrac.pitch.theta_2,0.007314337
29.4269,B,mrac.pitch.theta_3,0.0037383379
29.4269,B,mrac.pitch.theta_4,0.18395399
29.4269,B,mrac.pitch.theta_5,0.14363642
29.4269,B,mrac.pitch.u_nom,0.0044637755
29.4269,B,mrac.pitch.xm,0.0093732616
29.4269,B,mrac.roll.theta_0,0.14922497
29.4269,B,mrac.roll.theta_1,0.003239993
29.4269,B,mrac.roll.theta_2,0.0021878807
29.4269,B,mrac.roll.theta_3,0.0041873222
29.4269,B,mrac.roll.theta_4,0.12821285
29.4269,B,mrac.roll.theta_5,0.13796152
29.4269,B,mrac.roll.u_nom,0.0078276712
29.4269,B,mrac.roll.xm,0.06325262
29.4269,B,mrac.yaw.theta_0,0.013877088
29.4269,B,mrac.yaw.theta_1,0.00010489812
29.4269,B,mrac.yaw.theta_2,0.0024293994
29.4269,B,mrac.yaw.theta_3,0
29.4269,B,mrac.yaw.theta_4,0.083272174
29.4269,B,mrac.yaw.theta_5,0.087965578
29.4269,B,mrac.yaw.u_nom,-0.0056772064
29.4269,B,mrac.yaw.xm,-0.00067649578
29.4269,B,mrac.z.theta_0,0.2944074
29.4269,B,mrac.z.theta_1,6.6280052e-05
29.4269,B,mrac.z.theta_2,0.0060347458
29.4269,B,mrac.z.theta_3,0
29.4269,B,mrac.z.theta_4,0.19912931
29.4269,B,mrac.z.theta_5,0.19171456
29.4269,B,mrac.z.u_nom,0.0047851331
29.4269,B,mrac.z.xm,0
29.4269,B,path.active_path_mode,0
29.4269,B,path.circle_theta,0
29.4269,B,path.sinusoid_t_elapsed,30.002968
29.4269,B,path.twc_arrived,0
29.4269,B,path.twc_target_x,-10.000002
29.4269,B,path.twc_target_y,-29.999998
29.4269,B,path.twc_target_z,0.60000002
29.4269,B,pid.gyrox.Des,3.6241069
29.4269,B,pid.gyrox.FB,0.22958371
29.4269,B,pid.gyrox.U,9.1583757
29.4269,B,pid.gyroy.Des,0.5370481
29.4269,B,pid.gyroy.FB,-0.66011393
29.4269,B,pid.gyroy.U,5.2226171
29.4269,B,pid.gyroz.Des,-0.038760338
29.4269,B,pid.gyroz.FB,1.2896638
29.4269,B,pid.gyroz.U,-10.62773
29.4269,B,pid.locx.Des,-2.1883607
29.4269,B,pid.locx.FB,-2.1883607
29.4269,B,pid.locx.U,1.9425967
29.4269,B,pid.locxs.Des,1.9425967
29.4269,B,pid.locxs.FB,-2.6442094
29.4269,B,pid.locxs.U,13.763062
29.4269,B,pid.locy.Des,-0.58419585
29.4269,B,pid.locy.FB,-0.58419585
29.4269,B,pid.locy.U,-1.4872603
29.4269,B,pid.locys.Des,-1.4872603
29.4269,B,pid.locys.FB,-1.7344038
29.4269,B,pid.locys.U,0.73790717
29.4269,B,pid.pitch.Des,-0.16399574
29.4269,B,pid.pitch.FB,-0.33382067
29.4269,B,pid.pitch.U,0.5370481
29.4269,B,pid.roll.Des,-0.78830838
29.4269,B,pid.roll.FB,-1.9956024
29.4269,B,pid.roll.U,3.6241069
29.4269,B,pid.yaw.Des,-14.826945
29.4269,B,pid.yaw.FB,-14.826945
29.4269,B,pid.yaw.U,-0.038760338
29.4269,B,pid.z_pos.Des,0.0099937655
29.4269,B,pid.z_pos.FB,0.0099937655
29.4269,B,pid.z_pos.U,0
29.4269,B,pid.z_rate.Des,0
29.4269,B,pid.z_rate.FB,-0.002652864
29.4269,B,pid.z_rate.U,1.0622995
29.6431,A,mrac.pitch.e,0.0032154643
29.6431,A,mrac.pitch.u_ad,0.12428761
29.6431,A,mrac.roll.e,-0.041134145
29.6431,A,mrac.roll.u_ad,0.1581293
29.6431,A,mrac.yaw.e,-0.039267167
29.6431,A,mrac.yaw.u_ad,0.015261485
29.6431,A,mrac.z.e,-3.9312272e-06
29.6431,A,mrac.z.u_ad,0.2944088
29.6431,A,status.arm,0
29.6431,A,status.flymode,1
29.6431,A,status.rc_authority,0
29.6431,A,status.sbus_lost,0
29.6431,A,status.twc_arrived,0
29.6431,A,status.twc_execute,0
29.6432,B,mrac.pitch.theta_0,0.12416166
29.6432,B,mrac.pitch.theta_1,0.00095756707
29.6432,B,mrac.pitch.theta_2,0.007314337
29.6432,B,mrac.pitch.theta_3,0.0037383379
29.6432,B,mrac.pitch.theta_4,0.18395399
29.6432,B,mrac.pitch.theta_5,0.14363642
29.6432,B,mrac.pitch.u_nom,-0.020104684
29.6432,B,mrac.pitch.xm,0.0070755971
29.6432,B,mrac.roll.theta_0,0.14920121
29.6432,B,mrac.roll.theta_1,0.0032368337
29.6432,B,mrac.roll.theta_2,0.0021878364
29.6432,B,mrac.roll.theta_3,0.004187122
29.6432,B,mrac.roll.theta_4,0.12821046
29.6432,B,mrac.roll.theta_5,0.13796058
29.6432,B,mrac.roll.u_nom,0.018825443
29.6432,B,mrac.roll.xm,0.06162183
29.6432,B,mrac.yaw.theta_0,0.01445222
29.6432,B,mrac.yaw.theta_1,0.00010483873
29.6432,B,mrac.yaw.theta_2,0.0024294809
29.6432,B,mrac.yaw.theta_3,0
29.6432,B,mrac.yaw.theta_4,0.083271936
29.6432,B,mrac.yaw.theta_5,0.087964453
29.6432,B,mrac.yaw.u_nom,-0.00061599573
29.6432,B,mrac.yaw.xm,-8.5554755e-05
29.6432,B,mrac.z.theta_0,0.2944074
29.6432,B,mrac.z.theta_1,6.6280052e-05
29.6432,B,mrac.z.theta_2,0.0060347458
29.6432,B,mrac.z.theta_3,0
29.6432,B,mrac.z.theta_4,0.19912931
29.6432,B,mrac.z.theta_5,0.19171456
29.6432,B,mrac.z.u_nom,2.1824309e-05
29.6432,B,mrac.z.xm,0
29.6432,B,path.active_path_mode,0
29.6432,B,path.circle_theta,0
29.6432,B,path.sinusoid_t_elapsed,30.002968
29.6432,B,path.twc_arrived,0
29.6432,B,path.twc_target_x,-10.000002
29.6432,B,path.twc_target_y,-29.999998
29.6432,B,path.twc_target_z,0.60000002
29.6432,B,pid.gyrox.Des,3.5306692
29.6432,B,pid.gyrox.FB,0.18306009
29.6432,B,pid.gyrox.U,22.025768
29.6432,B,pid.gyroy.Des,0.40540168
29.6432,B,pid.gyroy.FB,1.6781894
29.6432,B,pid.gyroy.U,-23.52248
29.6432,B,pid.gyroz.Des,-0.0049019242
29.6432,B,pid.gyroz.FB,0.14009094
29.6432,B,pid.gyroz.U,-1.153144
29.6432,B,pid.locx.Des,-2.4300282
29.6432,B,pid.locx.FB,-2.4300282
29.6432,B,pid.locx.U,1.9438056
29.6432,B,pid.locxs.Des,1.9438056
29.6432,B,pid.locxs.FB,-2.6434872
29.6432,B,pid.locxs.U,13.763689
29.6432,B,pid.locy.Des,-0.64820248
29.6432,B,pid.locy.FB,-0.64820248
29.6432,B,pid.locy.U,-1.4869366
29.6432,B,pid.locys.Des,-1.4869366
29.6432,B,pid.locys.FB,-1.7355044
29.6432,B,pid.locys.U,0.74346972
29.6432,B,pid.pitch.Des,-0.16402182
29.6432,B,pid.pitch.FB,-0.31140292
29.6432,B,pid.pitch.U,0.40540168
29.6432,B,pid.roll.Des,-0.78836042
29.6432,B,pid.roll.FB,-1.9683541
29.6432,B,pid.roll.U,3.5306692
29.6432,B,pid.yaw.Des,-14.850795
29.6432,B,pid.yaw.FB,-14.850795
29.6432,B,pid.yaw.U,-0.0049019242
29.6432,B,pid.z_pos.Des,0.0099939518
29.6432,B,pid.z_pos.FB,0.0099939518
29.6432,B,pid.z_pos.U,0
29.6432,B,pid.z_rate.Des,0
29.6432,B,pid.z_rate.FB,-1.2099334e-05
29.6432,B,pid.z_rate.U,0.0048449966
29.8430,A,mrac.pitch.e,-0.012801166
29.8430,A,mrac.pitch.u_ad,0.126187
29.8430,A,mrac.roll.e,-0.077943631
29.8430,A,mrac.roll.u_ad,0.16021243
29.8430,A,mrac.yaw.e,0.04585791
29.8430,A,mrac.yaw.u_ad,0.013589003
29.8430,A,mrac.z.e,-7.242287e-07
29.8430,A,mrac.z.u_ad,0.29440767
29.8430,A,status.arm,0
29.8430,A,status.flymode,1
29.8430,A,status.rc_authority,0
29.8430,A,status.sbus_lost,0
29.8430,A,status.twc_arrived,0
29.8430,A,status.twc_execute,0
29.8430,B,mrac.pitch.theta_0,0.12448689
29.8430,B,mrac.pitch.theta_1,0.00095733785
29.8430,B,mrac.pitch.theta_2,0.0073143383
29.8430,B,mrac.pitch.theta_3,0.00373833
29.8430,B,mrac.pitch.theta_4,0.18395315
29.8430,B,mrac.pitch.theta_5,0.14363556
29.8430,B,mrac.pitch.u_nom,-0.011331441
29.8430,B,mrac.pitch.xm,0.0071491967
29.8430,B,mrac.roll.theta_0,0.14919344
29.8430,B,mrac.roll.theta_1,0.003233043
29.8430,B,mrac.roll.theta_2,0.0021878285
29.8430,B,mrac.roll.theta_3,0.0041869842
29.8430,B,mrac.roll.theta_4,0.12820892
29.8430,B,mrac.roll.theta_5,0.13796017
29.8430,B,mrac.roll.u_nom,-0.00014173557
29.8430,B,mrac.roll.xm,0.063696362
29.8430,B,mrac.yaw.theta_0,0.014776965
29.8430,B,mrac.yaw.theta_1,0.00010480136
29.8430,B,mrac.yaw.theta_2,0.0024295412
29.8430,B,mrac.yaw.theta_3,0
29.8430,B,mrac.yaw.theta_4,0.083271913
29.8430,B,mrac.yaw.theta_5,0.087963872
29.8430,B,mrac.yaw.u_nom,-0.0029795908
29.8430,B,mrac.yaw.xm,-0.0006806177
29.8430,B,mrac.z.theta_0,0.2944074
29.8430,B,mrac.z.theta_1,6.6280052e-05
29.8430,B,mrac.z.theta_2,0.0060347458
29.8430,B,mrac.z.theta_3,0
29.8430,B,mrac.z.theta_4,0.19912931
29.8430,B,mrac.z.theta_5,0.19171456
29.8430,B,mrac.z.u_nom,4.8544466e-06
29.8430,B,mrac.z.xm,0
29.8430,B,path.active_path_mode,0
29.8430,B,path.circle_theta,0
29.8430,B,path.sinusoid_t_elapsed,30.002968
29.8430,B,path.twc_arrived,0
29.8430,B,path.twc_target_x,-10.000002
29.8430,B,path.twc_target_y,-29.999998
29.8430,B,path.twc_target_z,0.60000002
29.8430,B,pid.gyrox.Des,3.6495314
29.8430,B,pid.gyrox.FB,-0.010097993
29.8430,B,pid.gyrox.U,-0.16583061
29.8430,B,pid.gyroy.Des,0.40961862
29.8430,B,pid.gyroy.FB,1.5632095
29.8430,B,pid.gyroy.U,-13.257786
29.8430,B,pid.gyroz.Des,-0.038996506
29.8430,B,pid.gyroz.FB,0.66080242
29.8430,B,pid.gyroz.U,-5.5777941
29.8430,B,pid.locx.Des,-2.5894868
29.8430,B,pid.locx.FB,-2.5894868
29.8430,B,pid.locx.U,1.9445792
29.8430,B,pid.locxs.Des,1.9445792
29.8430,B,pid.locxs.FB,-2.6432903
29.8430,B,pid.locxs.U,13.765356
29.8430,B,pid.locy.Des,-0.69060206
29.8430,B,pid.locy.FB,-0.69060206
29.8430,B,pid.locy.U,-1.4867315
29.8430,B,pid.locys.Des,-1.4867315
29.8430,B,pid.locys.FB,-1.7358043
29.8430,B,pid.locys.U,0.74507475
29.8430,B,pid.pitch.Des,-0.16404371
29.8430,B,pid.pitch.FB,-0.31582212
29.8430,B,pid.pitch.U,0.40961862
29.8430,B,pid.roll.Des,-0.78845972
29.8430,B,pid.roll.FB,-1.9875239
29.8430,B,pid.roll.U,3.6495314
29.8430,B,pid.yaw.Des,-14.857296
29.8430,B,pid.yaw.FB,-14.857296
29.8430,B,pid.yaw.U,-0.038996506
29.8430,B,pid.z_pos.Des,0.0099938316
29.8430,B,pid.z_pos.FB,0.0099938316
29.8430,B,pid.z_pos.U,0
29.8430,B,pid.z_rate.Des,0
29.8430,B,pid.z_rate.FB,-2.6912912e-06
29.8430,B,pid.z_rate.U,0.0010776871
30.0599,A,mrac.pitch.e,-0.0045378227
30.0599,A,mrac.pitch.u_ad,0.12556767
30.0599,A,mrac.roll.e,-0.06876687
30.0599,A,mrac.roll.u_ad,0.16078728
30.0599,A,mrac.yaw.e,-0.004681983
30.0599,A,mrac.yaw.u_ad,0.01476499
30.0599,A,mrac.z.e,0.095603369
30.0599,A,mrac.z.u_ad,0.2546002
30.0599,A,status.arm,0
30.0599,A,status.flymode,1
30.0599,A,status.rc_authority,0
30.0599,A,status.sbus_lost,0
30.0599,A,status.twc_arrived,0
30.0599,A,status.twc_execute,0
30.0599,B,mrac.pitch.theta_0,0.12424892
30.0599,B,mrac.pitch.theta_1,0.00095713459
30.0599,B,mrac.pitch.theta_2,0.0073142922
30.0599,B,mrac.pitch.theta_3,0.0037383242
30.0599,B,mrac.pitch.theta_4,0.18395281
30.0599,B,mrac.pitch.theta_5,0.14363502
30.0599,B,mrac.pitch.u_nom,0.015979793
30.0599,B,mrac.pitch.xm,0.0084974691
30.0599,B,mrac.roll.theta_0,0.14919071
30.0599,B,mrac.roll.theta_1,0.0032260299
30.0599,B,mrac.roll.theta_2,0.0021878413
30.0599,B,mrac.roll.theta_3,0.0041867695
30.0599,B,mrac.roll.theta_4,0.12820844
30.0599,B,mrac.roll.theta_5,0.13796042
30.0599,B,mrac.roll.u_nom,0.017420961
30.0599,B,mrac.roll.xm,0.063996412
30.0599,B,mrac.yaw.theta_0,0.014642702
30.0599,B,mrac.yaw.theta_1,0.00010478286
30.0599,B,mrac.yaw.theta_2,0.0024295105
30.0599,B,mrac.yaw.theta_3,0
30.0599,B,mrac.yaw.theta_4,0.083271898
30.0599,B,mrac.yaw.theta_5,0.087963581
30.0599,B,mrac.yaw.u_nom,0.0036628719
30.0599,B,mrac.yaw.xm,7.3088493e-05
30.0599,B,mrac.z.theta_0,0.2944074
30.0599,B,mrac.z.theta_1,6.6280052e-05
30.0599,B,mrac.z.theta_2,0.0060347458
30.0599,B,mrac.z.theta_3,0
30.0599,B,mrac.z.theta_4,0.19912931
30.0599,B,mrac.z.theta_5,0.19171456
30.0599,B,mrac.z.u_nom,1.5942406e-07
30.0599,B,mrac.z.xm,0
30.0599,B,path.active_path_mode,0
30.0599,B,path.circle_theta,0
30.0599,B,path.sinusoid_t_elapsed,30.002968
30.0599,B,path.twc_arrived,0
30.0599,B,path.twc_target_x,-10.000002
30.0599,B,path.twc_target_y,-29.999998
30.0599,B,path.twc_target_z,0.60000002
30.0599,B,pid.gyrox.Des,3.6667228
30.0599,B,pid.gyrox.FB,-0.53583282
30.0599,B,pid.gyrox.U,20.382524
30.0599,B,pid.gyroy.Des,0.48686892
30.0599,B,pid.gyroy.FB,-1.3324294
30.0599,B,pid.gyroy.U,18.696358
30.0599,B,pid.gyroz.Des,0.0041876603
30.0599,B,pid.gyroz.FB,-0.85009205
30.0599,B,pid.gyroz.U,6.8568964
30.0599,B,pid.locx.Des,-2.8312004
30.0599,B,pid.locx.FB,-2.8312004
30.0599,B,pid.locx.U,1.9457892
30.0599,B,pid.locxs.Des,1.9457892
30.0599,B,pid.locxs.FB,-2.6459947
30.0599,B,pid.locxs.U,13.775886
30.0599,B,pid.locy.Des,-0.75443393
30.0599,B,pid.locy.FB,-0.75443393
30.0599,B,pid.locy.U,-1.4864142
30.0599,B,pid.locys.Des,-1.4864142
30.0599,B,pid.locys.FB,-1.7316792
30.0599,B,pid.locys.U,0.7354846
30.0599,B,pid.pitch.Des,-0.16351135
30.0599,B,pid.pitch.FB,-0.31790978
30.0599,B,pid.pitch.U,0.48686892
30.0599,B,pid.roll.Des,-0.78916633
30.0599,B,pid.roll.FB,-1.9994863
30.0599,B,pid.roll.U,3.6667228
30.0599,B,pid.yaw.Des,-14.767926
30.0599,B,pid.yaw.FB,-14.767926
30.0599,B,pid.yaw.U,0.0041876603
30.0599,B,pid.z_pos.Des,0.0099937571
30.0599,B,pid.z_pos.FB,0.0099937571
30.0599,B,pid.z_pos.U,0
30.0599,B,pid.z_rate.Des,0
30.0599,B,pid.z_rate.FB,-8.838424e-08
30.0599,B,pid.z_rate.U,3.5392142e-05
30.2602,A,mrac.pitch.e,-0.027010679
30.2602,A,mrac.pitch.u_ad,0.12813492
30.2602,A,mrac.roll.e,-0.057502251
30.2602,A,mrac.roll.u_ad,0.16067863
30.2602,A,mrac.yaw.e,0.023409465
30.2602,A,mrac.yaw.u_ad,0.014109436
30.2602,A,mrac.z.e,-0.0036203153
30.2602,A,mrac.z.u_ad,0.29335901
30.2602,A,status.arm,0
30.2602,A,status.flymode,1
30.2602,A,status.rc_authority,0
30.2602,A,status.sbus_lost,0
30.2602,A,status.twc_arrived,0
30.2602,A,status.twc_execute,0
30.2603,B,mrac.pitch.theta_0,0.1244071
30.2603,B,mrac.pitch.theta_1,0.00095703237
30.2603,B,mrac.pitch.theta_2,0.0073142909
30.2603,B,mrac.pitch.theta_3,0.003738316
30.2603,B,mrac.pitch.theta_4,0.18395232
30.2603,B,mrac.pitch.theta_5,0.1436346
30.2603,B,mrac.pitch.u_nom,0.0099710021
30.2603,B,mrac.pitch.xm,0.01153074
30.2603,B,mrac.roll.theta_0,0.14918652
30.2603,B,mrac.roll.theta_1,0.0032225163
30.2603,B,mrac.roll.theta_2,0.0021878337
30.2603,B,mrac.roll.theta_3,0.0041865953
30.2603,B,mrac.roll.theta_4,0.12820728
30.2603,B,mrac.roll.theta_5,0.13796039
30.2603,B,mrac.roll.u_nom,0.0071797557
30.2603,B,mrac.roll.xm,0.063169181
30.2603,B,mrac.yaw.theta_0,0.014642702
30.2603,B,mrac.yaw.theta_1,0.00010478286
30.2603,B,mrac.yaw.theta_2,0.0024295105
30.2603,B,mrac.yaw.theta_3,0
30.2603,B,mrac.yaw.theta_4,0.083271898
30.2603,B,mrac.yaw.theta_5,0.087963581
30.2603,B,mrac.yaw.u_nom,0.0069471872
30.2603,B,mrac.yaw.xm,9.721674e-05
30.2603,B,mrac.z.theta_0,0.29205891
30.2603,B,mrac.z.theta_1,6.5227156e-05
30.2603,B,mrac.z.theta_2,0.0060323621
30.2603,B,mrac.z.theta_3,0
30.2603,B,mrac.z.theta_4,0.19911489
30.2603,B,mrac.z.theta_5,0.1916959
30.2603,B,mrac.z.u_nom,0.025693195
30.2603,B,mrac.z.xm,0
30.2603,B,path.active_path_mode,0
30.2603,B,path.circle_theta,0
30.2603,B,path.sinusoid_t_elapsed,30.002968
30.2603,B,path.twc_arrived,0
30.2603,B,path.twc_target_x,-10.000002
30.2603,B,path.twc_target_y,-29.999998
30.2603,B,path.twc_target_z,0.60000002
30.2603,B,pid.gyrox.Des,3.6193259
30.2603,B,pid.gyrox.FB,0.74986869
30.2603,B,pid.gyrox.U,8.4003143
30.2603,B,pid.gyroy.Des,0.66066247
30.2603,B,pid.gyroy.FB,-1.1670967
30.2603,B,pid.gyroy.U,11.666073
30.2603,B,pid.gyroz.Des,0.0055701067
30.2603,B,pid.gyroz.FB,-1.6138194
30.2603,B,pid.gyroz.U,13.005135
30.2603,B,pid.locx.Des,-2.9955809
30.2603,B,pid.locx.FB,-2.9955809
30.2603,B,pid.locx.U,1.9466127
30.2603,B,pid.locxs.Des,1.9466127
30.2603,B,pid.locxs.FB,-2.6464224
30.2603,B,pid.locxs.U,13.78246
30.2603,B,pid.locy.Des,-0.7977832
30.2603,B,pid.locy.FB,-0.7977832
30.2603,B,pid.locy.U,-1.4862032
30.2603,B,pid.locys.Des,-1.4862032
30.2603,B,pid.locys.FB,-1.7310252
30.2603,B,pid.locys.U,0.72981977
30.2603,B,pid.pitch.Des,-0.16373383
30.2603,B,pid.pitch.FB,-0.3713727
30.2603,B,pid.pitch.U,0.66066247
30.2603,B,pid.roll.Des,-0.78948951
30.2603,B,pid.roll.FB,-2.0010419
30.2603,B,pid.roll.U,3.6193259
30.2603,B,pid.yaw.Des,-14.753765
30.2603,B,pid.yaw.FB,-14.753765
30.2603,B,pid.yaw.U,0.0055701067
30.2603,B,pid.z_pos.Des,0.0099936919
30.2603,B,pid.z_pos.FB,0.0099936919
30.2603,B,pid.z_pos.U,0
30.2603,B,pid.z_rate.Des,0
30.2603,B,pid.z_rate.FB,-0.014244233
30.2603,B,pid.z_rate.U,5.7038894
30.4765,A,mrac.pitch.e,-0.0079009775
30.4765,A,mrac.pitch.u_ad,0.12753162
30.4765,A,mrac.roll.e,-0.08262445
30.4765,A,mrac.roll.u_ad,0.16080515
30.4765,A,mrac.yaw.e,0.00024914672
30.4765,A,mrac.yaw.u_ad,0.014549882
30.4765,A,mrac.z.e,-2.7424312e-05
30.4765,A,mrac.z.u_ad,0.29206875
30.4765,A,status.arm,0
30.4765,A,status.flymode,1
30.4765,A,status.rc_authority,0
30.4765,A,status.sbus_lost,0
30.4765,A,status.twc_arrived,0
30.4765,A,status.twc_execute,0
30.4766,B,mrac.pitch.theta_0,0.12456363
30.4766,B,mrac.pitch.theta_1,0.00095694
30.4766,B,mrac.pitch.theta_2,0.0073142876
30.4766,B,mrac.pitch.theta_3,0.0037383111
30.4766,B,mrac.pitch.theta_4,0.18395184
30.4766,B,mrac.pitch.theta_5,0.1436342
30.4766,B,mrac.pitch.u_nom,0.020772526
30.4766,B,mrac.pitch.xm,0.01192632
30.4766,B,mrac.roll.theta_0,0.1491649
30.4766,B,mrac.roll.theta_1,0.0032208378
30.4766,B,mrac.roll.theta_2,0.0021877591
30.4766,B,mrac.roll.theta_3,0.0041863737
30.4766,B,mrac.roll.theta_4,0.12820327
30.4766,B,mrac.roll.theta_5,0.13795874
30.4766,B,mrac.roll.u_nom,0.011204287
30.4766,B,mrac.roll.xm,0.062013108
30.4766,B,mrac.yaw.theta_0,0.014642702
30.4766,B,mrac.yaw.theta_1,0.00010478286
30.4766,B,mrac.yaw.theta_2,0.0024295105
30.4766,B,mrac.yaw.theta_3,0
30.4766,B,mrac.yaw.theta_4,0.083271898
30.4766,B,mrac.yaw.theta_5,0.087963581
30.4766,B,mrac.yaw.u_nom,-0.0026205422
30.4766,B,mrac.yaw.xm,0.00027848023
30.4766,B,mrac.z.theta_0,0.29205891
30.4766,B,mrac.z.theta_1,6.5227156e-05
30.4766,B,mrac.z.theta_2,0.0060323621
30.4766,B,mrac.z.theta_3,0
30.4766,B,mrac.z.theta_4,0.19911489
30.4766,B,mrac.z.theta_5,0.1916959
30.4766,B,mrac.z.u_nom,0.00013368321
30.4766,B,mrac.z.xm,0
30.4766,B,path.active_path_mode,0
30.4766,B,path.circle_theta,0
30.4766,B,path.sinusoid_t_elapsed,30.002968
30.4766,B,path.twc_arrived,0
30.4766,B,path.twc_target_x,-10.000002
30.4766,B,path.twc_target_y,-29.999998
30.4766,B,path.twc_target_z,0.60000002
30.4766,B,pid.gyrox.Des,3.5530879
30.4766,B,pid.gyrox.FB,-0.87020802
30.4766,B,pid.gyrox.U,13.109016
30.4766,B,pid.gyroy.Des,0.68332756
30.4766,B,pid.gyroy.FB,-0.9763183
30.4766,B,pid.gyroy.U,24.303856
30.4766,B,pid.gyroz.Des,0.015955735
30.4766,B,pid.gyroz.FB,0.62368113
30.4766,B,pid.gyroz.U,-4.9056549
30.4766,B,pid.locx.Des,-3.2373638
30.4766,B,pid.locx.FB,-3.2373638
30.4766,B,pid.locx.U,1.9478217
30.4766,B,pid.locxs.Des,1.9478217
30.4766,B,pid.locxs.FB,-2.6474564
30.4766,B,pid.locxs.U,13.784735
30.4766,B,pid.locy.Des,-0.86135054
30.4766,B,pid.locy.FB,-0.86135054
30.4766,B,pid.locy.U,-1.4858798
30.4766,B,pid.locys.Des,-1.4858798
30.4766,B,pid.locys.FB,-1.7294433
30.4766,B,pid.locys.U,0.73293614
30.4766,B,pid.pitch.Des,-0.16312464
30.4766,B,pid.pitch.FB,-0.38986686
30.4766,B,pid.pitch.U,0.68332756
30.4766,B,pid.roll.Des,-0.78976029
30.4766,B,pid.roll.FB,-1.9541168
30.4766,B,pid.roll.U,3.5530879
30.4766,B,pid.yaw.Des,-14.719525
30.4766,B,pid.yaw.FB,-14.719525
30.4766,B,pid.yaw.U,0.015955735
30.4766,B,pid.z_pos.Des,0.0099939536
30.4766,B,pid.z_pos.FB,0.0099939536
30.4766,B,pid.z_pos.U,0
30.4766,B,pid.z_rate.Des,0
30.4766,B,pid.z_rate.FB,-7.4113581e-05
30.4766,B,pid.z_rate.U,0.02967767
30.6935,A,mrac.pitch.e,0.017147355
30.6935,A,mrac.pitch.u_ad,0.12203471
30.6935,A,mrac.roll.e,-0.043425038
30.6935,A,mrac.roll.u_ad,0.1595172
30.6935,A,mrac.yaw.e,0.029225798
30.6935,A,mrac.yaw.u_ad,0.013858186
30.6935,A,mrac.z.e,2.2800521e-06
30.6935,A,mrac.z.u_ad,0.29205811
30.6935,A,status.arm,0
30.6935,A,status.flymode,1
30.6935,A,status.rc_authority,0
30.6935,A,status.sbus_lost,0
30.6935,A,status.twc_arrived,0
30.6935,A,status.twc_execute,0
30.6936,B,mrac.pitch.theta_0,0.12471918
30.6936,B,mrac.pitch.theta_1,0.00095683779
30.6936,B,mrac.pitch.theta_2,0.0073142862
30.6936,B,mrac.pitch.theta_3,0.0037383041
30.6936,B,mrac.pitch.theta_4,0.18395138
30.6936,B,mrac.pitch.theta_5,0.14363378
30.6936,B,mrac.pitch.u_nom,0.020442516
30.6936,B,mrac.pitch.xm,0.010634786
30.6936,B,mrac.roll.theta_0,0.14915831
30.6936,B,mrac.roll.theta_1,0.003218089
30.6936,B,mrac.roll.theta_2,0.0021877261
30.6936,B,mrac.roll.theta_3,0.0041862195
30.6936,B,mrac.roll.theta_4,0.12820099
30.6936,B,mrac.roll.theta_5,0.13795795
30.6936,B,mrac.roll.u_nom,0.020385461
30.6936,B,mrac.roll.xm,0.060624853
30.6936,B,mrac.yaw.theta_0,0.014511636
30.6936,B,mrac.yaw.theta_1,0.00010476494
30.6936,B,mrac.yaw.theta_2,0.0024294809
30.6936,B,mrac.yaw.theta_3,0
30.6936,B,mrac.yaw.theta_4,0.083271876
30.6936,B,mrac.yaw.theta_5,0.087963291
30.6936,B,mrac.yaw.u_nom,0.00093851896
30.6936,B,mrac.yaw.xm,-0.00078989856
30.6936,B,mrac.z.theta_0,0.29205891
30.6936,B,mrac.z.theta_1,6.5227156e-05
30.6936,B,mrac.z.theta_2,0.0060323621
30.6936,B,mrac.z.theta_3,0
30.6936,B,mrac.z.theta_4,0.19911489
30.6936,B,mrac.z.theta_5,0.1916959
30.6936,B,mrac.z.u_nom,1.7885047e-06
30.6936,B,mrac.z.xm,0
30.6936,B,path.active_path_mode,0
30.6936,B,path.circle_theta,0
30.6936,B,path.sinusoid_t_elapsed,30.002968
30.6936,B,path.twc_arrived,0
30.6936,B,path.twc_target_x,-10.000002
30.6936,B,path.twc_target_y,-29.999998
30.6936,B,path.twc_target_z,0.60000002
30.6936,B,pid.gyrox.Des,3.4735467
30.6936,B,pid.gyrox.FB,-0.13534093
30.6936,B,pid.gyrox.U,23.85099
30.6936,B,pid.gyroy.Des,0.60932815
30.6936,B,pid.gyroy.FB,-1.2415832
30.6936,B,pid.gyroy.U,23.917744
30.6936,B,pid.gyroz.Des,-0.045257837
30.6936,B,pid.gyroz.FB,-0.25751314
30.6936,B,pid.gyroz.U,1.7569075
30.6936,B,pid.locx.Des,-3.3969634
30.6936,B,pid.locx.FB,-3.3969634
30.6936,B,pid.locx.U,1.9486464
30.6936,B,pid.locxs.Des,1.9486464
30.6936,B,pid.locxs.FB,-2.6481972
30.6936,B,pid.locxs.U,13.794459
30.6936,B,pid.locy.Des,-0.90321946
30.6936,B,pid.locy.FB,-0.90321946
30.6936,B,pid.locy.U,-1.4856757
30.6936,B,pid.locys.Des,-1.4856757
30.6936,B,pid.locys.FB,-1.7283089
30.6936,B,pid.locys.U,0.72239435
30.6936,B,pid.pitch.Des,-0.16352604
30.6936,B,pid.pitch.FB,-0.36085442
30.6936,B,pid.pitch.U,0.60932815
30.6936,B,pid.roll.Des,-0.79022604
30.6936,B,pid.roll.FB,-1.9526436
30.6936,B,pid.roll.U,3.4735467
30.6936,B,pid.yaw.Des,-14.694978
30.6936,B,pid.yaw.FB,-14.694978
30.6936,B,pid.yaw.U,-0.045257837
30.6936,B,pid.z_pos.Des,0.0099939946
30.6936,B,pid.z_pos.FB,0.0099939946
30.6936,B,pid.z_pos.U,0
30.6936,B,pid.z_rate.Des,0
30.6936,B,pid.z_rate.FB,-9.9154181e-07
30.6936,B,pid.z_rate.U,0.00039704805
30.8937,A,mrac.pitch.e,-0.023012215
30.8937,A,mrac.pitch.u_ad,0.12836778
30.8937,A,mrac.roll.e,-0.063177772
30.8937,A,mrac.roll.u_ad,0.15954617
30.8937,A,mrac.yaw.e,-0.014715971
30.8937,A,mrac.yaw.u_ad,0.015332977
30.8937,A,mrac.z.e,7.6485975e-08
30.8937,A,mrac.z.u_ad,0.29205889
30.8937,A,status.arm,0
30.8937,A,status.flymode,1
30.8937,A,status.rc_authority,0
30.8937,A,status.sbus_lost,0
30.8937,A,status.twc_arrived,0
30.8937,A,status.twc_execute,0
30.8938,B,mrac.pitch.theta_0,0.12487502
30.8938,B,mrac.pitch.theta_1,0.0009567347
30.8938,B,mrac.pitch.theta_2,0.0073142848
30.8938,B,mrac.pitch.theta_3,0.0037382985
30.8938,B,mrac.pitch.theta_4,0.18395092
30.8938,B,mrac.pitch.theta_5,0.14363337
30.8938,B,mrac.pitch.u_nom,0.0081129624
30.8938,B,mrac.pitch.xm,0.011112961
30.8938,B,mrac.roll.theta_0,0.14915787
30.8938,B,mrac.roll.theta_1,0.0032211295
30.8938,B,mrac.roll.theta_2,0.0021876756
30.8938,B,mrac.roll.theta_3,0.0041860738
30.8938,B,mrac.roll.theta_4,0.12820323
30.8938,B,mrac.roll.theta_5,0.13796107
30.8938,B,mrac.roll.u_nom,-0.019699745
30.8938,B,mrac.roll.xm,0.013616195
30.8938,B,mrac.yaw.theta_0,0.014965386
30.8938,B,mrac.yaw.theta_1,0.00010471631
30.8938,B,mrac.yaw.theta_2,0.0024295514
30.8938,B,mrac.yaw.theta_3,0
30.8938,B,mrac.yaw.theta_4,0.083271749
30.8938,B,mrac.yaw.theta_5,0.087962441
30.8938,B,mrac.yaw.u_nom,0.0018912866
30.8938,B,mrac.yaw.xm,-0.00036081788
30.8938,B,mrac.z.theta_0,0.29205891
30.8938,B,mrac.z.theta_1,6.5227156e-05
30.8938,B,mrac.z.theta_2,0.0060323621
30.8938,B,mrac.z.theta_3,0
30.8938,B,mrac.z.theta_4,0.19911489
30.8938,B,mrac.z.theta_5,0.1916959
30.8938,B,mrac.z.u_nom,-7.3998085e-06
30.8938,B,mrac.z.xm,0
30.8938,B,path.active_path_mode,0
30.8938,B,path.circle_theta,0
30.8938,B,path.sinusoid_t_elapsed,30.002968
30.8938,B,path.twc_arrived,0
30.8938,B,path.twc_target_x,-10.000002
30.8938,B,path.twc_target_y,-29.999998
30.8938,B,path.twc_target_z,0.60000002
30.8938,B,pid.gyrox.Des,0.78015018
30.8938,B,pid.gyrox.FB,0.23759227
30.8938,B,pid.gyrox.U,-23.048702
30.8938,B,pid.gyroy.Des,0.63672549
30.8938,B,pid.gyroy.FB,-0.77465224
30.8938,B,pid.gyroy.U,9.4921656
30.8938,B,pid.gyroz.Des,-0.020673333
30.8938,B,pid.gyroz.FB,-0.45832559
30.8938,B,pid.gyroz.U,3.5404885
30.8938,B,pid.locx.Des,-3.6387627
30.8938,B,pid.locx.FB,-3.6387627
30.8938,B,pid.locx.U,1.9498535
30.8938,B,pid.locxs.Des,1.9498535
30.8938,B,pid.locxs.FB,-1.6793592
30.8938,B,pid.locxs.U,10.889604
30.8938,B,pid.locy.Des,-0.96672446
30.8938,B,pid.locy.FB,-0.96672446
30.8938,B,pid.locy.U,-1.4853517
30.8938,B,pid.locys.Des,-1.4853517
30.8938,B,pid.locys.FB,-1.4763985
30.8938,B,pid.locys.U,-0.028709292
30.8938,B,pid.pitch.Des,-0.16357847
30.8938,B,pid.pitch.FB,-0.36625263
30.8938,B,pid.pitch.U,0.63672549
30.8938,B,pid.roll.Des,-0.61478609
30.8938,B,pid.roll.FB,-1.8251975
30.8938,B,pid.roll.U,0.78015018
30.8938,B,pid.yaw.Des,-14.755083
30.8938,B,pid.yaw.FB,-14.755083
30.8938,B,pid.yaw.U,-0.020673333
30.8938,B,pid.z_pos.Des,0.009994722
30.8938,B,pid.z_pos.FB,0.009994722
30.8938,B,pid.z_pos.U,0
30.8938,B,pid.z_rate.Des,0
30.8938,B,pid.z_rate.FB,4.1024323e-06
30.8938,B,pid.z_rate.U,-0.0016427574
31.0942,A,mrac.pitch.e,-0.026676195
31.0942,A,mrac.pitch.u_ad,0.12989886
31.0942,A,mrac.roll.e,-0.074286364
31.0942,A,mrac.roll.u_ad,0.15847726
31.0942,A,mrac.yaw.e,0.020852419
31.0942,A,mrac.yaw.u_ad,0.014652811
31.0942,A,mrac.z.e,-3.0779884e-06
31.0942,A,mrac.z.u_ad,0.29206002
31.0942,A,status.arm,0
31.0942,A,status.flymode,1
31.0942,A,status.rc_authority,0
31.0942,A,status.sbus_lost,0
31.0942,A,status.twc_arrived,0
31.0942,A,status.twc_execute,0
31.0943,B,mrac.pitch.theta_0,0.12524322
31.0943,B,mrac.pitch.theta_1,0.0009564319
31.0943,B,mrac.pitch.theta_2,0.0073142992
31.0943,B,mrac.pitch.theta_3,0.0037382855
31.0943,B,mrac.pitch.theta_4,0.18395016
31.0943,B,mrac.pitch.theta_5,0.14363252
31.0943,B,mrac.pitch.u_nom,-0.0070002386
31.0943,B,mrac.pitch.xm,0.01211615
31.0943,B,mrac.roll.theta_0,0.14916191
31.0943,B,mrac.roll.theta_1,0.0032168238
31.0943,B,mrac.roll.theta_2,0.0021876723
31.0943,B,mrac.roll.theta_3,0.0041859299
31.0943,B,mrac.roll.theta_4,0.12820333
31.0943,B,mrac.roll.theta_5,0.13796143
31.0943,B,mrac.roll.u_nom,0.011547812
31.0943,B,mrac.roll.xm,0.057311326
31.0943,B,mrac.yaw.theta_0,0.014965386
31.0943,B,mrac.yaw.theta_1,0.00010471631
31.0943,B,mrac.yaw.theta_2,0.0024295514
31.0943,B,mrac.yaw.theta_3,0
31.0943,B,mrac.yaw.theta_4,0.083271749
31.0943,B,mrac.yaw.theta_5,0.087962441
31.0943,B,mrac.yaw.u_nom,0.01111685
31.0943,B,mrac.yaw.xm,0.00070655561
31.0943,B,mrac.z.theta_0,0.29205891
31.0943,B,mrac.z.theta_1,6.5227156e-05
31.0943,B,mrac.z.theta_2,0.0060323621
31.0943,B,mrac.z.theta_3,0
31.0943,B,mrac.z.theta_4,0.19911489
31.0943,B,mrac.z.theta_5,0.1916959
31.0943,B,mrac.z.u_nom,3.1295297e-06
31.0943,B,mrac.z.xm,0
31.0943,B,path.active_path_mode,0
31.0943,B,path.circle_theta,0
31.0943,B,path.sinusoid_t_elapsed,30.002968
31.0943,B,path.twc_arrived,0
31.0943,B,path.twc_target_x,-10.000002
31.0943,B,path.twc_target_y,-29.999998
31.0943,B,path.twc_target_z,0.60000002
31.0943,B,pid.gyrox.Des,3.2836957
31.0943,B,pid.gyrox.FB,0.22009505
31.0943,B,pid.gyrox.U,13.510941
31.0943,B,pid.gyroy.Des,0.69420397
31.0943,B,pid.gyroy.FB,-0.47164619
31.0943,B,pid.gyroy.U,-8.190279
31.0943,B,pid.gyroz.Des,0.040482637
31.0943,B,pid.gyroz.FB,-2.5559103
31.0943,B,pid.gyroz.U,20.810743
31.0943,B,pid.locx.Des,-3.7983301
31.0943,B,pid.locx.FB,-3.7983301
31.0943,B,pid.locx.U,1.9506296
31.0943,B,pid.locxs.Des,1.9506296
31.0943,B,pid.locxs.FB,-2.6479819
31.0943,B,pid.locxs.U,13.798868
31.0943,B,pid.locy.Des,-1.0087134
31.0943,B,pid.locy.FB,-1.0087134
31.0943,B,pid.locy.U,-1.4851524
31.0943,B,pid.locys.Des,-1.4851524
31.0943,B,pid.locys.FB,-1.7286386
31.0943,B,pid.locys.U,0.72635794
31.0943,B,pid.pitch.Des,-0.16347224
31.0943,B,pid.pitch.FB,-0.37632114
31.0943,B,pid.pitch.U,0.69420397
31.0943,B,pid.roll.Des,-0.79051214
31.0943,B,pid.roll.FB,-1.8859535
31.0943,B,pid.roll.U,3.2836957
31.0943,B,pid.yaw.Des,-14.70211
31.0943,B,pid.yaw.FB,-14.70211
31.0943,B,pid.yaw.U,0.040482637
31.0943,B,pid.z_pos.Des,0.0099943671
31.0943,B,pid.z_pos.FB,0.0099943671
31.0943,B,pid.z_pos.U,0
31.0943,B,pid.z_rate.Des,0
31.0943,B,pid.z_rate.FB,-1.7350021e-06
31.0943,B,pid.z_rate.U,0.00069475558
31.2941,A,mrac.pitch.e,-0.0025102301
31.2941,A,mrac.pitch.u_ad,0.126571
31.2941,A,mrac.roll.e,-0.041607872
31.2941,A,mrac.roll.u_ad,0.15919201
31.2941,A,mrac.yaw.e,-0.0037268284
31.2941,A,mrac.yaw.u_ad,0.015162765
31.2941,A,mrac.z.e,-4.6958048e-06
31.2941,A,mrac.z.u_ad,0.29206061
31.2941,A,status.arm,0
31.2941,A,status.flymode,1
31.2941,A,status.rc_authority,0
31.2941,A,status.sbus_lost,0
31.2941,A,status.twc_arrived,0
31.2941,A,status.twc_execute,0
31.2941,B,mrac.pitch.theta_0,0.12521577
31.2941,B,mrac.pitch.theta_1,0.00095607847
31.2941,B,mrac.pitch.theta_2,0.007314268
31.2941,B,mrac.pitch.theta_3,0.0037382739
31.2941,B,mrac.pitch.theta_4,0.18394935
31.2941,B,mrac.pitch.theta_5,0.1436315
31.2941,B,mrac.pitch.u_nom,0.034700025
31.2941,B,mrac.pitch.xm,0.010187242
31.2941,B,mrac.roll.theta_0,0.14916188
31.2941,B,mrac.roll.theta_1,0.0032099395
31.2941,B,mrac.roll.theta_2,0.0021876907
31.2941,B,mrac.roll.theta_3,0.0041857054
31.2941,B,mrac.roll.theta_4,0.12820111
31.2941,B,mrac.roll.theta_5,0.13796006
31.2941,B,mrac.roll.u_nom,0.0065557943
31.2941,B,mrac.roll.xm,0.060223259
31.2941,B,mrac.yaw.theta_0,0.015096418
31.2941,B,mrac.yaw.theta_1,0.00010470424
31.2941,B,mrac.yaw.theta_2,0.0024295647
31.2941,B,mrac.yaw.theta_3,0
31.2941,B,mrac.yaw.theta_4,0.08327166
31.2941,B,mrac.yaw.theta_5,0.087962165
31.2941,B,mrac.yaw.u_nom,-0.00047774473
31.2941,B,mrac.yaw.xm,8.706277e-05
31.2941,B,mrac.z.theta_0,0.29205891
31.2941,B,mrac.z.theta_1,6.5227156e-05
31.2941,B,mrac.z.theta_2,0.0060323621
31.2941,B,mrac.z.theta_3,0
31.2941,B,mrac.z.theta_4,0.19911489
31.2941,B,mrac.z.theta_5,0.1916959
31.2941,B,mrac.z.u_nom,4.7757117e-06
31.2941,B,mrac.z.xm,0
31.2941,B,path.active_path_mode,0
31.2941,B,path.circle_theta,0
31.2941,B,path.sinusoid_t_elapsed,30.002968
31.2941,B,path.twc_arrived,0
31.2941,B,path.twc_target_x,-10.000002
31.2941,B,path.twc_target_y,-29.999998
31.2941,B,path.twc_target_z,0.60000002
31.2941,B,pid.gyrox.Des,3.4505372
31.2941,B,pid.gyrox.FB,0.030841343
31.2941,B,pid.gyrox.U,7.6702795
31.2941,B,pid.gyroy.Des,0.58368576
31.2941,B,pid.gyroy.FB,-3.0703688
31.2941,B,pid.gyroy.U,40.59903
31.2941,B,pid.gyroz.Des,0.0049883272
31.2941,B,pid.gyroz.FB,0.11584441
31.2941,B,pid.gyroz.U,-0.89433813
31.2941,B,pid.locx.Des,-4.0401397
31.2941,B,pid.locx.FB,-4.0401397
31.2941,B,pid.locx.U,1.9518365
31.2941,B,pid.locxs.Des,1.9518365
31.2941,B,pid.locxs.FB,-2.6475832
31.2941,B,pid.locxs.U,13.799958
31.2941,B,pid.locy.Des,-1.0721856
31.2941,B,pid.locy.FB,-1.0721856
31.2941,B,pid.locy.U,-1.484833
31.2941,B,pid.locys.Des,-1.484833
31.2941,B,pid.locys.FB,-1.7292492
31.2941,B,pid.locys.U,0.73114872
31.2941,B,pid.pitch.Des,-0.16339517
31.2941,B,pid.pitch.FB,-0.33413294
31.2941,B,pid.pitch.U,0.58368576
31.2941,B,pid.roll.Des,-0.79061067
31.2941,B,pid.roll.FB,-1.9373269
31.2941,B,pid.roll.U,3.4505372
31.2941,B,pid.yaw.Des,-14.715326
31.2941,B,pid.yaw.FB,-14.715326
31.2941,B,pid.yaw.U,0.0049883272
31.2941,B,pid.z_pos.Des,0.0099941138
31.2941,B,pid.z_pos.FB,0.0099941138
31.2941,B,pid.z_pos.U,0
31.2941,B,pid.z_rate.Des,0
31.2941,B,pid.z_rate.FB,-2.6476407e-06
31.2941,B,pid.z_rate.U,0.001060208
31.5103,A,mrac.pitch.e,0.021287391
31.5103,A,mrac.pitch.u_ad,0.1252241
31.5103,A,mrac.roll.e,-0.013770428
31.5103,A,mrac.roll.u_ad,0.15560597
31.5103,A,mrac.yaw.e,-0.021522773
31.5103,A,mrac.yaw.u_ad,0.015691193
31.5103,A,mrac.z.e,-0.012817491
31.5103,A,mrac.z.u_ad,0.2943157
31.5103,A,status.arm,0
31.5103,A,status.flymode,1
31.5103,A,status.rc_authority,0
31.5103,A,status.sbus_lost,0
31.5103,A,status.twc_arrived,0
31.5103,A,status.twc_execute,0
31.5104,B,mrac.pitch.theta_0,0.1263746
31.5104,B,mrac.pitch.theta_1,0.0009552277
31.5104,B,mrac.pitch.theta_2,0.0073142773
31.5104,B,mrac.pitch.theta_3,0.0037382261
31.5104,B,mrac.pitch.theta_4,0.18394621
31.5104,B,mrac.pitch.theta_5,0.14362855
31.5104,B,mrac.pitch.u_nom,0.0026428236
31.5104,B,mrac.pitch.xm,0.013051723
31.5104,B,mrac.roll.theta_0,0.14916109
31.5104,B,mrac.roll.theta_1,0.0032064267
31.5104,B,mrac.roll.theta_2,0.0021877454
31.5104,B,mrac.roll.theta_3,0.0041856007
31.5104,B,mrac.roll.theta_4,0.12820104
31.5104,B,mrac.roll.theta_5,0.1379596
31.5104,B,mrac.roll.u_nom,0.0049011633
31.5104,B,mrac.roll.xm,0.056940231
31.5104,B,mrac.yaw.theta_0,0.015252412
31.5104,B,mrac.yaw.theta_1,0.00010468718
31.5104,B,mrac.yaw.theta_2,0.0024295901
31.5104,B,mrac.yaw.theta_3,0
31.5104,B,mrac.yaw.theta_4,0.08327163
31.5104,B,mrac.yaw.theta_5,0.087961882
31.5104,B,mrac.yaw.u_nom,0.0028910788
31.5104,B,mrac.yaw.xm,0.00074626668
31.5104,B,mrac.z.theta_0,0.2897124
31.5104,B,mrac.z.theta_1,6.4190986e-05
31.5104,B,mrac.z.theta_2,0.0060299803
31.5104,B,mrac.z.theta_3,0
31.5104,B,mrac.z.theta_4,0.19910057
31.5104,B,mrac.z.theta_5,0.19167724
31.5104,B,mrac.z.u_nom,0.090970933
31.5104,B,mrac.z.xm,0
31.5104,B,path.active_path_mode,0
31.5104,B,path.circle_theta,0
31.5104,B,path.sinusoid_t_elapsed,30.002968
31.5104,B,path.twc_arrived,0
31.5104,B,path.twc_target_x,-10.000002
31.5104,B,path.twc_target_y,-29.999998
31.5104,B,path.twc_target_z,0.60000002
31.5104,B,pid.gyrox.Des,3.2624335
31.5104,B,pid.gyrox.FB,1.1933453
31.5104,B,pid.gyrox.U,5.7343612
31.5104,B,pid.gyroy.Des,0.74780834
31.5104,B,pid.gyroy.FB,0.71438593
31.5104,B,pid.gyroy.U,3.0921037
31.5104,B,pid.gyroz.Des,0.042757913
31.5104,B,pid.gyroz.FB,-0.63712364
31.5104,B,pid.gyroz.U,5.4120994
31.5104,B,pid.locx.Des,-4.2045393
31.5104,B,pid.locx.FB,-4.2045393
31.5104,B,pid.locx.U,1.9526554
31.5104,B,pid.locxs.Des,1.9526554
31.5104,B,pid.locxs.FB,-2.644963
31.5104,B,pid.locxs.U,13.79201
31.5104,B,pid.locy.Des,-1.1154574
31.5104,B,pid.locy.FB,-1.1154574
31.5104,B,pid.locy.U,-1.4846058
31.5104,B,pid.locys.Des,-1.4846058
31.5104,B,pid.locys.FB,-1.7332542
31.5104,B,pid.locys.U,0.74775839
31.5104,B,pid.pitch.Des,-0.1635389
31.5104,B,pid.pitch.FB,-0.42592296
31.5104,B,pid.pitch.U,0.74780834
31.5104,B,pid.roll.Des,-0.79015303
31.5104,B,pid.roll.FB,-1.8928639
31.5104,B,pid.roll.U,3.2624335
31.5104,B,pid.yaw.Des,-14.802039
31.5104,B,pid.yaw.FB,-14.802039
31.5104,B,pid.yaw.U,0.042757913
31.5104,B,pid.z_pos.Des,0.0099942666
31.5104,B,pid.z_pos.FB,0.0099942666
31.5104,B,pid.z_pos.U,0
31.5104,B,pid.z_rate.Des,0
31.5104,B,pid.z_rate.FB,-0.050434023
31.5104,B,pid.z_rate.U,20.195547
31.7105,A,mrac.pitch.e,0.0052365083
31.7105,A,mrac.pitch.u_ad,0.1324382
31.7105,A,mrac.roll.e,-0.043513548
31.7105,A,mrac.roll.u_ad,0.15618157
31.7105,A,mrac.yaw.e,0.031891085
31.7105,A,mrac.yaw.u_ad,0.014635208
31.7105,A,mrac.z.e,-0.026948014
31.7105,A,mrac.z.u_ad,0.29712322
31.7105,A,status.arm,0
31.7105,A,status.flymode,1
31.7105,A,status.rc_authority,0
31.7105,A,status.sbus_lost,0
31.7105,A,status.twc_arrived,0
31.7105,A,status.twc_execute,0
31.7105,B,mrac.pitch.theta_0,0.12804446
31.7105,B,mrac.pitch.theta_1,0.00095368986
31.7105,B,mrac.pitch.theta_2,0.0073143709
31.7105,B,mrac.pitch.theta_3,0.0037381502
31.7105,B,mrac.pitch.theta_4,0.18394238
31.7105,B,mrac.pitch.theta_5,0.1436248
31.7105,B,mrac.pitch.u_nom,-0.0063746362
31.7105,B,mrac.pitch.xm,0.016125169
31.7105,B,mrac.roll.theta_0,0.14916576
31.7105,B,mrac.roll.theta_1,0.0032000714
31.7105,B,mrac.roll.theta_2,0.0021878679
31.7105,B,mrac.roll.theta_3,0.0041854996
31.7105,B,mrac.roll.theta_4,0.1282015
31.7105,B,mrac.roll.theta_5,0.1379585
31.7105,B,mrac.roll.u_nom,0.015350114
31.7105,B,mrac.roll.xm,0.051676698
31.7105,B,mrac.yaw.theta_0,0.015369702
31.7105,B,mrac.yaw.theta_1,0.00010455819
31.7105,B,mrac.yaw.theta_2,0.0024296727
31.7105,B,mrac.yaw.theta_3,0
31.7105,B,mrac.yaw.theta_4,0.083271533
31.7105,B,mrac.yaw.theta_5,0.087959871
31.7105,B,mrac.yaw.u_nom,-0.0013230183
31.7105,B,mrac.yaw.xm,-0.00023022371
31.7105,B,mrac.z.theta_0,0.2874434
31.7105,B,mrac.z.theta_1,6.3180618e-05
31.7105,B,mrac.z.theta_2,0.0060277353
31.7105,B,mrac.z.theta_3,0
31.7105,B,mrac.z.theta_4,0.19908626
31.7105,B,mrac.z.theta_5,0.19165859
31.7105,B,mrac.z.u_nom,0.091452338
31.7105,B,mrac.z.xm,0
31.7105,B,path.active_path_mode,0
31.7105,B,path.circle_theta,0
31.7105,B,path.sinusoid_t_elapsed,30.002968
31.7105,B,path.twc_arrived,0
31.7105,B,path.twc_target_x,-10.000002
31.7105,B,path.twc_target_y,-29.999998
31.7105,B,path.twc_target_z,0.60000002
31.7105,B,pid.gyrox.Des,2.9608555
31.7105,B,pid.gyrox.FB,0.88527572
31.7105,B,pid.gyrox.U,17.959633
31.7105,B,pid.gyroy.Des,0.9239037
31.7105,B,pid.gyroy.FB,1.2362715
31.7105,B,pid.gyroy.U,-7.4583244
31.7105,B,pid.gyroz.Des,-0.013190841
31.7105,B,pid.gyroz.FB,0.29642254
31.7105,B,pid.gyroz.U,-2.4766903
31.7105,B,pid.locx.Des,-4.4462085
31.7105,B,pid.locx.FB,-4.4462085
31.7105,B,pid.locx.U,1.9538654
31.7105,B,pid.locxs.Des,1.9538654
31.7105,B,pid.locxs.FB,-2.6429784
31.7105,B,pid.locxs.U,13.788626
31.7105,B,pid.locy.Des,-1.1794598
31.7105,B,pid.locy.FB,-1.1794598
31.7105,B,pid.locy.U,-1.4842799
31.7105,B,pid.locys.Des,-1.4842799
31.7105,B,pid.locys.FB,-1.7362788
31.7105,B,pid.locys.U,0.75939989
31.7105,B,pid.pitch.Des,-0.16374317
31.7105,B,pid.pitch.FB,-0.48626772
31.7105,B,pid.pitch.U,0.9239037
31.7105,B,pid.roll.Des,-0.78994215
31.7105,B,pid.roll.FB,-1.7992001
31.7105,B,pid.roll.U,2.9608555
31.7105,B,pid.yaw.Des,-14.867583
31.7105,B,pid.yaw.FB,-14.867583
31.7105,B,pid.yaw.U,-0.013190841
31.7105,B,pid.z_pos.Des,0.0099947108
31.7105,B,pid.z_pos.FB,0.0099947108
31.7105,B,pid.z_pos.U,0
31.7105,B,pid.z_rate.Des,0
31.7105,B,pid.z_rate.FB,-0.05070091
31.7105,B,pid.z_rate.U,20.30242
31.9283,A,mrac.pitch.e,-0.050484248
31.9283,A,mrac.pitch.u_ad,0.13212104
31.9283,A,mrac.roll.e,-0.060809668
31.9283,A,mrac.roll.u_ad,0.15674968
31.9283,A,mrac.yaw.e,-0.021919854
31.9283,A,mrac.yaw.u_ad,0.015865238
31.9283,A,mrac.z.e,-0.017682698
31.9283,A,mrac.z.u_ad,0.2937941
31.9283,A,status.arm,0
31.9283,A,status.flymode,1
31.9283,A,status.rc_authority,0
31.9283,A,status.sbus_lost,0
31.9283,A,status.twc_arrived,0
31.9283,A,status.twc_execute,0
31.9283,B,mrac.pitch.theta_0,0.12804446
31.9283,B,mrac.pitch.theta_1,0.00095368986
31.9283,B,mrac.pitch.theta_2,0.0073143709
31.9283,B,mrac.pitch.theta_3,0.0037381502
31.9283,B,mrac.pitch.theta_4,0.18394238
31.9283,B,mrac.pitch.theta_5,0.1436248
31.9283,B,mrac.pitch.u_nom,-0.0063746362
31.9283,B,mrac.pitch.xm,0.016125169
31.9283,B,mrac.roll.theta_0,0.14916576
31.9283,B,mrac.roll.theta_1,0.0032000714
31.9283,B,mrac.roll.theta_2,0.0021878679
31.9283,B,mrac.roll.theta_3,0.0041854996
31.9283,B,mrac.roll.theta_4,0.1282015
31.9283,B,mrac.roll.theta_5,0.1379585
31.9283,B,mrac.roll.u_nom,0.015350114
31.9283,B,mrac.roll.xm,0.051676698
31.9283,B,mrac.yaw.theta_0,0.015369702
31.9283,B,mrac.yaw.theta_1,0.00010455819
31.9283,B,mrac.yaw.theta_2,0.0024296727
31.9283,B,mrac.yaw.theta_3,0
31.9283,B,mrac.yaw.theta_4,0.083271533
31.9283,B,mrac.yaw.theta_5,0.087959871
31.9283,B,mrac.yaw.u_nom,-0.0013230183
31.9283,B,mrac.yaw.xm,-0.00023022371
31.9283,B,mrac.z.theta_0,0.2874434
31.9283,B,mrac.z.theta_1,6.3180618e-05
31.9283,B,mrac.z.theta_2,0.0060277353
31.9283,B,mrac.z.theta_3,0
31.9283,B,mrac.z.theta_4,0.19908626
31.9283,B,mrac.z.theta_5,0.19165859
31.9283,B,mrac.z.u_nom,0.091452338
31.9283,B,mrac.z.xm,0
31.9283,B,path.active_path_mode,0
31.9283,B,path.circle_theta,0
31.9283,B,path.sinusoid_t_elapsed,30.002968
31.9283,B,path.twc_arrived,0
31.9283,B,path.twc_target_x,-10.000002
31.9283,B,path.twc_target_y,-29.999998
31.9283,B,path.twc_target_z,0.60000002
31.9283,B,pid.gyrox.Des,2.9608555
31.9283,B,pid.gyrox.FB,0.88527572
31.9283,B,pid.gyrox.U,17.959633
31.9283,B,pid.gyroy.Des,0.9239037
31.9283,B,pid.gyroy.FB,1.2362715
31.9283,B,pid.gyroy.U,-7.4583244
31.9283,B,pid.gyroz.Des,-0.013190841
31.9283,B,pid.gyroz.FB,0.29642254
31.9283,B,pid.gyroz.U,-2.4766903
31.9283,B,pid.locx.Des,-4.4462085
31.9283,B,pid.locx.FB,-4.4462085
31.9283,B,pid.locx.U,1.9538654
31.9283,B,pid.locxs.Des,1.9538654
31.9283,B,pid.locxs.FB,-2.6429784
31.9283,B,pid.locxs.U,13.788626
31.9283,B,pid.locy.Des,-1.1794598
31.9283,B,pid.locy.FB,-1.1794598
31.9283,B,pid.locy.U,-1.4842799
31.9283,B,pid.locys.Des,-1.4842799
31.9283,B,pid.locys.FB,-1.7362788
31.9283,B,pid.locys.U,0.75939989
31.9283,B,pid.pitch.Des,-0.16374317
31.9283,B,pid.pitch.FB,-0.48626772
31.9283,B,pid.pitch.U,0.9239037
31.9283,B,pid.roll.Des,-0.78994215
31.9283,B,pid.roll.FB,-1.7992001
31.9283,B,pid.roll.U,2.9608555
31.9283,B,pid.yaw.Des,-14.867583
31.9283,B,pid.yaw.FB,-14.867583
31.9283,B,pid.yaw.U,-0.013190841
31.9283,B,pid.z_pos.Des,0.0099947108
31.9283,B,pid.z_pos.FB,0.0099947108
31.9283,B,pid.z_pos.U,0
31.9283,B,pid.z_rate.Des,0
31.9283,B,pid.z_rate.FB,-0.05070091
31.9283,B,pid.z_rate.U,20.30242
32.1442,A,mrac.pitch.e,-0.050484248
32.1442,A,mrac.pitch.u_ad,0.13212104
32.1442,A,mrac.roll.e,-0.060809668
32.1442,A,mrac.roll.u_ad,0.15674968
32.1442,A,mrac.yaw.e,-0.021919854
32.1442,A,mrac.yaw.u_ad,0.015865238
32.1442,A,mrac.z.e,-0.017682698
32.1442,A,mrac.z.u_ad,0.2937941
32.1442,A,status.arm,0
32.1442,A,status.flymode,1
32.1442,A,status.rc_authority,0
32.1442,A,status.sbus_lost,0
32.1442,A,status.twc_arrived,0
32.1442,A,status.twc_execute,0
32.1442,B,mrac.pitch.theta_0,0.12804446
32.1442,B,mrac.pitch.theta_1,0.00095368986
32.1442,B,mrac.pitch.theta_2,0.0073143709
32.1442,B,mrac.pitch.theta_3,0.0037381502
32.1442,B,mrac.pitch.theta_4,0.18394238
32.1442,B,mrac.pitch.theta_5,0.1436248
32.1442,B,mrac.pitch.u_nom,-0.0063746362
32.1442,B,mrac.pitch.xm,0.016125169
32.1442,B,mrac.roll.theta_0,0.14916576
32.1442,B,mrac.roll.theta_1,0.0032000714
32.1442,B,mrac.roll.theta_2,0.0021878679
32.1442,B,mrac.roll.theta_3,0.0041854996
32.1442,B,mrac.roll.theta_4,0.1282015
32.1442,B,mrac.roll.theta_5,0.1379585
32.1442,B,mrac.roll.u_nom,0.015350114
32.1442,B,mrac.roll.xm,0.051676698
32.1442,B,mrac.yaw.theta_0,0.015369702
32.1442,B,mrac.yaw.theta_1,0.00010455819
32.1442,B,mrac.yaw.theta_2,0.0024296727
32.1442,B,mrac.yaw.theta_3,0
32.1442,B,mrac.yaw.theta_4,0.083271533
32.1442,B,mrac.yaw.theta_5,0.087959871
32.1442,B,mrac.yaw.u_nom,-0.0013230183
32.1442,B,mrac.yaw.xm,-0.00023022371
32.1442,B,mrac.z.theta_0,0.2874434
32.1442,B,mrac.z.theta_1,6.3180618e-05
32.1442,B,mrac.z.theta_2,0.0060277353
32.1442,B,mrac.z.theta_3,0
32.1442,B,mrac.z.theta_4,0.19908626
32.1442,B,mrac.z.theta_5,0.19165859
32.1442,B,mrac.z.u_nom,0.091452338
32.1442,B,mrac.z.xm,0
32.1442,B,path.active_path_mode,0
32.1442,B,path.circle_theta,0
32.1442,B,path.sinusoid_t_elapsed,30.002968
32.1442,B,path.twc_arrived,0
32.1442,B,path.twc_target_x,-10.000002
32.1442,B,path.twc_target_y,-29.999998
32.1442,B,path.twc_target_z,0.60000002
32.1442,B,pid.gyrox.Des,2.9608555
32.1442,B,pid.gyrox.FB,0.88527572
32.1442,B,pid.gyrox.U,17.959633
32.1442,B,pid.gyroy.Des,0.9239037
32.1442,B,pid.gyroy.FB,1.2362715
32.1442,B,pid.gyroy.U,-7.4583244
32.1442,B,pid.gyroz.Des,-0.013190841
32.1442,B,pid.gyroz.FB,0.29642254
32.1442,B,pid.gyroz.U,-2.4766903
32.1442,B,pid.locx.Des,-4.4462085
32.1442,B,pid.locx.FB,-4.4462085
32.1442,B,pid.locx.U,1.9538654
32.1442,B,pid.locxs.Des,1.9538654
32.1442,B,pid.locxs.FB,-2.6429784
32.1442,B,pid.locxs.U,13.788626
32.1442,B,pid.locy.Des,-1.1794598
32.1442,B,pid.locy.FB,-1.1794598
32.1442,B,pid.locy.U,-1.4842799
32.1442,B,pid.locys.Des,-1.4842799
32.1442,B,pid.locys.FB,-1.7362788
32.1442,B,pid.locys.U,0.75939989
32.1442,B,pid.pitch.Des,-0.16374317
32.1442,B,pid.pitch.FB,-0.48626772
32.1442,B,pid.pitch.U,0.9239037
32.1442,B,pid.roll.Des,-0.78994215
32.1442,B,pid.roll.FB,-1.7992001
32.1442,B,pid.roll.U,2.9608555
32.1442,B,pid.yaw.Des,-14.867583
32.1442,B,pid.yaw.FB,-14.867583
32.1442,B,pid.yaw.U,-0.013190841
32.1442,B,pid.z_pos.Des,0.0099947108
32.1442,B,pid.z_pos.FB,0.0099947108
32.1442,B,pid.z_pos.U,0
32.1442,B,pid.z_rate.Des,0
32.1442,B,pid.z_rate.FB,-0.05070091
32.1442,B,pid.z_rate.U,20.30242
32.3448,A,mrac.pitch.e,-0.050484248
32.3448,A,mrac.pitch.u_ad,0.13212104
32.3448,A,mrac.roll.e,-0.060809668
32.3448,A,mrac.roll.u_ad,0.15674968
32.3448,A,mrac.yaw.e,-0.021919854
32.3448,A,mrac.yaw.u_ad,0.015865238
32.3448,A,mrac.z.e,-0.017682698
32.3448,A,mrac.z.u_ad,0.2937941
32.3448,A,status.arm,0
32.3448,A,status.flymode,1
32.3448,A,status.rc_authority,0
32.3448,A,status.sbus_lost,0
32.3448,A,status.twc_arrived,0
32.3448,A,status.twc_execute,0
32.3450,B,mrac.pitch.theta_0,0.12804446
32.3450,B,mrac.pitch.theta_1,0.00095368986
32.3450,B,mrac.pitch.theta_2,0.0073143709
32.3450,B,mrac.pitch.theta_3,0.0037381502
32.3450,B,mrac.pitch.theta_4,0.18394238
32.3450,B,mrac.pitch.theta_5,0.1436248
32.3450,B,mrac.pitch.u_nom,-0.0063746362
32.3450,B,mrac.pitch.xm,0.016125169
32.3450,B,mrac.roll.theta_0,0.14916576
32.3450,B,mrac.roll.theta_1,0.0032000714
32.3450,B,mrac.roll.theta_2,0.0021878679
32.3450,B,mrac.roll.theta_3,0.0041854996
32.3450,B,mrac.roll.theta_4,0.1282015
32.3450,B,mrac.roll.theta_5,0.1379585
32.3450,B,mrac.roll.u_nom,0.015350114
32.3450,B,mrac.roll.xm,0.051676698
32.3450,B,mrac.yaw.theta_0,0.015369702
32.3450,B,mrac.yaw.theta_1,0.00010455819
32.3450,B,mrac.yaw.theta_2,0.0024296727
32.3450,B,mrac.yaw.theta_3,0
32.3450,B,mrac.yaw.theta_4,0.083271533
32.3450,B,mrac.yaw.theta_5,0.087959871
32.3450,B,mrac.yaw.u_nom,-0.0013230183
32.3450,B,mrac.yaw.xm,-0.00023022371
32.3450,B,mrac.z.theta_0,0.2874434
32.3450,B,mrac.z.theta_1,6.3180618e-05
32.3450,B,mrac.z.theta_2,0.0060277353
32.3450,B,mrac.z.theta_3,0
32.3450,B,mrac.z.theta_4,0.19908626
32.3450,B,mrac.z.theta_5,0.19165859
32.3450,B,mrac.z.u_nom,0.091452338
32.3450,B,mrac.z.xm,0
32.3450,B,path.active_path_mode,0
32.3450,B,path.circle_theta,0
32.3450,B,path.sinusoid_t_elapsed,30.002968
32.3450,B,path.twc_arrived,0
32.3450,B,path.twc_target_x,-10.000002
32.3450,B,path.twc_target_y,-29.999998
32.3450,B,path.twc_target_z,0.60000002
32.3450,B,pid.gyrox.Des,2.9608555
32.3450,B,pid.gyrox.FB,0.88527572
32.3450,B,pid.gyrox.U,17.959633
32.3450,B,pid.gyroy.Des,0.9239037
32.3450,B,pid.gyroy.FB,1.2362715
32.3450,B,pid.gyroy.U,-7.4583244
32.3450,B,pid.gyroz.Des,-0.013190841
32.3450,B,pid.gyroz.FB,0.29642254
32.3450,B,pid.gyroz.U,-2.4766903
32.3450,B,pid.locx.Des,-4.4462085
32.3450,B,pid.locx.FB,-4.4462085
32.3450,B,pid.locx.U,1.9538654
32.3450,B,pid.locxs.Des,1.9538654
32.3450,B,pid.locxs.FB,-2.6429784
32.3450,B,pid.locxs.U,13.788626
32.3450,B,pid.locy.Des,-1.1794598
32.3450,B,pid.locy.FB,-1.1794598
32.3450,B,pid.locy.U,-1.4842799
32.3450,B,pid.locys.Des,-1.4842799
32.3450,B,pid.locys.FB,-1.7362788
32.3450,B,pid.locys.U,0.75939989
32.3450,B,pid.pitch.Des,-0.16374317
32.3450,B,pid.pitch.FB,-0.48626772
32.3450,B,pid.pitch.U,0.9239037
32.3450,B,pid.roll.Des,-0.78994215
32.3450,B,pid.roll.FB,-1.7992001
32.3450,B,pid.roll.U,2.9608555
32.3450,B,pid.yaw.Des,-14.867583
32.3450,B,pid.yaw.FB,-14.867583
32.3450,B,pid.yaw.U,-0.013190841
32.3450,B,pid.z_pos.Des,0.0099947108
32.3450,B,pid.z_pos.FB,0.0099947108
32.3450,B,pid.z_pos.U,0
32.3450,B,pid.z_rate.Des,0
32.3450,B,pid.z_rate.FB,-0.05070091
32.3450,B,pid.z_rate.U,20.30242
32.5453,A,mrac.pitch.e,-0.050484248
32.5453,A,mrac.pitch.u_ad,0.13212104
32.5453,A,mrac.roll.e,-0.060809668
32.5453,A,mrac.roll.u_ad,0.15674968
32.5453,A,mrac.yaw.e,-0.021919854
32.5453,A,mrac.yaw.u_ad,0.015865238
32.5453,A,mrac.z.e,-0.017682698
32.5453,A,mrac.z.u_ad,0.2937941
32.5453,A,status.arm,0
32.5453,A,status.flymode,1
32.5453,A,status.rc_authority,0
32.5453,A,status.sbus_lost,0
32.5453,A,status.twc_arrived,0
32.5453,A,status.twc_execute,0
32.5454,B,mrac.pitch.theta_0,0.12804446
32.5454,B,mrac.pitch.theta_1,0.00095368986
32.5454,B,mrac.pitch.theta_2,0.0073143709
32.5454,B,mrac.pitch.theta_3,0.0037381502
32.5454,B,mrac.pitch.theta_4,0.18394238
32.5454,B,mrac.pitch.theta_5,0.1436248
32.5454,B,mrac.pitch.u_nom,-0.0063746362
32.5454,B,mrac.pitch.xm,0.016125169
32.5454,B,mrac.roll.theta_0,0.14916576
32.5454,B,mrac.roll.theta_1,0.0032000714
32.5454,B,mrac.roll.theta_2,0.0021878679
32.5454,B,mrac.roll.theta_3,0.0041854996
32.5454,B,mrac.roll.theta_4,0.1282015
32.5454,B,mrac.roll.theta_5,0.1379585
32.5454,B,mrac.roll.u_nom,0.015350114
32.5454,B,mrac.roll.xm,0.051676698
32.5454,B,mrac.yaw.theta_0,0.015369702
32.5454,B,mrac.yaw.theta_1,0.00010455819
32.5454,B,mrac.yaw.theta_2,0.0024296727
32.5454,B,mrac.yaw.theta_3,0
32.5454,B,mrac.yaw.theta_4,0.083271533
32.5454,B,mrac.yaw.theta_5,0.087959871
32.5454,B,mrac.yaw.u_nom,-0.0013230183
32.5454,B,mrac.yaw.xm,-0.00023022371
32.5454,B,mrac.z.theta_0,0.2874434
32.5454,B,mrac.z.theta_1,6.3180618e-05
32.5454,B,mrac.z.theta_2,0.0060277353
32.5454,B,mrac.z.theta_3,0
32.5454,B,mrac.z.theta_4,0.19908626
32.5454,B,mrac.z.theta_5,0.19165859
32.5454,B,mrac.z.u_nom,0.091452338
32.5454,B,mrac.z.xm,0
32.5454,B,path.active_path_mode,0
32.5454,B,path.circle_theta,0
32.5454,B,path.sinusoid_t_elapsed,30.002968
32.5454,B,path.twc_arrived,0
32.5454,B,path.twc_target_x,-10.000002
32.5454,B,path.twc_target_y,-29.999998
32.5454,B,path.twc_target_z,0.60000002
32.5454,B,pid.gyrox.Des,2.9608555
32.5454,B,pid.gyrox.FB,0.88527572
32.5454,B,pid.gyrox.U,17.959633
32.5454,B,pid.gyroy.Des,0.9239037
32.5454,B,pid.gyroy.FB,1.2362715
32.5454,B,pid.gyroy.U,-7.4583244
32.5454,B,pid.gyroz.Des,-0.013190841
32.5454,B,pid.gyroz.FB,0.29642254
32.5454,B,pid.gyroz.U,-2.4766903
32.5454,B,pid.locx.Des,-4.4462085
32.5454,B,pid.locx.FB,-4.4462085
32.5454,B,pid.locx.U,1.9538654
32.5454,B,pid.locxs.Des,1.9538654
32.5454,B,pid.locxs.FB,-2.6429784
32.5454,B,pid.locxs.U,13.788626
32.5454,B,pid.locy.Des,-1.1794598
32.5454,B,pid.locy.FB,-1.1794598
32.5454,B,pid.locy.U,-1.4842799
32.5454,B,pid.locys.Des,-1.4842799
32.5454,B,pid.locys.FB,-1.7362788
32.5454,B,pid.locys.U,0.75939989
32.5454,B,pid.pitch.Des,-0.16374317
32.5454,B,pid.pitch.FB,-0.48626772
32.5454,B,pid.pitch.U,0.9239037
32.5454,B,pid.roll.Des,-0.78994215
32.5454,B,pid.roll.FB,-1.7992001
32.5454,B,pid.roll.U,2.9608555
32.5454,B,pid.yaw.Des,-14.867583
32.5454,B,pid.yaw.FB,-14.867583
32.5454,B,pid.yaw.U,-0.013190841
32.5454,B,pid.z_pos.Des,0.0099947108
32.5454,B,pid.z_pos.FB,0.0099947108
32.5454,B,pid.z_pos.U,0
32.5454,B,pid.z_rate.Des,0
32.5454,B,pid.z_rate.FB,-0.05070091
32.5454,B,pid.z_rate.U,20.30242
32.7614,A,mrac.pitch.e,-0.050484248
32.7614,A,mrac.pitch.u_ad,0.13212104
32.7614,A,mrac.roll.e,-0.060809668
32.7614,A,mrac.roll.u_ad,0.15674968
32.7614,A,mrac.yaw.e,-0.021919854
32.7614,A,mrac.yaw.u_ad,0.015865238
32.7614,A,mrac.z.e,-0.017682698
32.7614,A,mrac.z.u_ad,0.2937941
32.7614,A,status.arm,0
32.7614,A,status.flymode,1
32.7614,A,status.rc_authority,0
32.7614,A,status.sbus_lost,0
32.7614,A,status.twc_arrived,0
32.7614,A,status.twc_execute,0
32.7615,B,mrac.pitch.theta_0,0.12804446
32.7615,B,mrac.pitch.theta_1,0.00095368986
32.7615,B,mrac.pitch.theta_2,0.0073143709
32.7615,B,mrac.pitch.theta_3,0.0037381502
32.7615,B,mrac.pitch.theta_4,0.18394238
32.7615,B,mrac.pitch.theta_5,0.1436248
32.7615,B,mrac.pitch.u_nom,-0.0063746362
32.7615,B,mrac.pitch.xm,0.016125169
32.7615,B,mrac.roll.theta_0,0.14916576
32.7615,B,mrac.roll.theta_1,0.0032000714
32.7615,B,mrac.roll.theta_2,0.0021878679
32.7615,B,mrac.roll.theta_3,0.0041854996
32.7615,B,mrac.roll.theta_4,0.1282015
32.7615,B,mrac.roll.theta_5,0.1379585
32.7615,B,mrac.roll.u_nom,0.015350114
32.7615,B,mrac.roll.xm,0.051676698
32.7615,B,mrac.yaw.theta_0,0.015369702
32.7615,B,mrac.yaw.theta_1,0.00010455819
32.7615,B,mrac.yaw.theta_2,0.0024296727
32.7615,B,mrac.yaw.theta_3,0
32.7615,B,mrac.yaw.theta_4,0.083271533
32.7615,B,mrac.yaw.theta_5,0.087959871
32.7615,B,mrac.yaw.u_nom,-0.0013230183
32.7615,B,mrac.yaw.xm,-0.00023022371
32.7615,B,mrac.z.theta_0,0.2874434
32.7615,B,mrac.z.theta_1,6.3180618e-05
32.7615,B,mrac.z.theta_2,0.0060277353
32.7615,B,mrac.z.theta_3,0
32.7615,B,mrac.z.theta_4,0.19908626
32.7615,B,mrac.z.theta_5,0.19165859
32.7615,B,mrac.z.u_nom,0.091452338
32.7615,B,mrac.z.xm,0
32.7615,B,path.active_path_mode,0
32.7615,B,path.circle_theta,0
32.7615,B,path.sinusoid_t_elapsed,30.002968
32.7615,B,path.twc_arrived,0
32.7615,B,path.twc_target_x,-10.000002
32.7615,B,path.twc_target_y,-29.999998
32.7615,B,path.twc_target_z,0.60000002
32.7615,B,pid.gyrox.Des,2.9608555
32.7615,B,pid.gyrox.FB,0.88527572
32.7615,B,pid.gyrox.U,17.959633
32.7615,B,pid.gyroy.Des,0.9239037
32.7615,B,pid.gyroy.FB,1.2362715
32.7615,B,pid.gyroy.U,-7.4583244
32.7615,B,pid.gyroz.Des,-0.013190841
32.7615,B,pid.gyroz.FB,0.29642254
32.7615,B,pid.gyroz.U,-2.4766903
32.7615,B,pid.locx.Des,-4.4462085
32.7615,B,pid.locx.FB,-4.4462085
32.7615,B,pid.locx.U,1.9538654
32.7615,B,pid.locxs.Des,1.9538654
32.7615,B,pid.locxs.FB,-2.6429784
32.7615,B,pid.locxs.U,13.788626
32.7615,B,pid.locy.Des,-1.1794598
32.7615,B,pid.locy.FB,-1.1794598
32.7615,B,pid.locy.U,-1.4842799
32.7615,B,pid.locys.Des,-1.4842799
32.7615,B,pid.locys.FB,-1.7362788
32.7615,B,pid.locys.U,0.75939989
32.7615,B,pid.pitch.Des,-0.16374317
32.7615,B,pid.pitch.FB,-0.48626772
32.7615,B,pid.pitch.U,0.9239037
32.7615,B,pid.roll.Des,-0.78994215
32.7615,B,pid.roll.FB,-1.7992001
32.7615,B,pid.roll.U,2.9608555
32.7615,B,pid.yaw.Des,-14.867583
32.7615,B,pid.yaw.FB,-14.867583
32.7615,B,pid.yaw.U,-0.013190841
32.7615,B,pid.z_pos.Des,0.0099947108
32.7615,B,pid.z_pos.FB,0.0099947108
32.7615,B,pid.z_pos.U,0
32.7615,B,pid.z_rate.Des,0
32.7615,B,pid.z_rate.FB,-0.05070091
32.7615,B,pid.z_rate.U,20.30242
32.9624,A,mrac.pitch.e,-0.050484248
32.9624,A,mrac.pitch.u_ad,0.13212104
32.9624,A,mrac.roll.e,-0.060809668
32.9624,A,mrac.roll.u_ad,0.15674968
32.9624,A,mrac.yaw.e,-0.021919854
32.9624,A,mrac.yaw.u_ad,0.015865238
32.9624,A,mrac.z.e,-0.017682698
32.9624,A,mrac.z.u_ad,0.2937941
32.9624,A,status.arm,0
32.9624,A,status.flymode,1
32.9624,A,status.rc_authority,0
32.9624,A,status.sbus_lost,0
32.9624,A,status.twc_arrived,0
32.9624,A,status.twc_execute,0
32.9625,B,mrac.pitch.theta_0,0.12804446
32.9625,B,mrac.pitch.theta_1,0.00095368986
32.9625,B,mrac.pitch.theta_2,0.0073143709
32.9625,B,mrac.pitch.theta_3,0.0037381502
32.9625,B,mrac.pitch.theta_4,0.18394238
32.9625,B,mrac.pitch.theta_5,0.1436248
32.9625,B,mrac.pitch.u_nom,-0.0063746362
32.9625,B,mrac.pitch.xm,0.016125169
32.9625,B,mrac.roll.theta_0,0.14916576
32.9625,B,mrac.roll.theta_1,0.0032000714
32.9625,B,mrac.roll.theta_2,0.0021878679
32.9625,B,mrac.roll.theta_3,0.0041854996
32.9625,B,mrac.roll.theta_4,0.1282015
32.9625,B,mrac.roll.theta_5,0.1379585
32.9625,B,mrac.roll.u_nom,0.015350114
32.9625,B,mrac.roll.xm,0.051676698
32.9625,B,mrac.yaw.theta_0,0.015369702
32.9625,B,mrac.yaw.theta_1,0.00010455819
32.9625,B,mrac.yaw.theta_2,0.0024296727
32.9625,B,mrac.yaw.theta_3,0
32.9625,B,mrac.yaw.theta_4,0.083271533
32.9625,B,mrac.yaw.theta_5,0.087959871
32.9625,B,mrac.yaw.u_nom,-0.0013230183
32.9625,B,mrac.yaw.xm,-0.00023022371
32.9625,B,mrac.z.theta_0,0.2874434
32.9625,B,mrac.z.theta_1,6.3180618e-05
32.9625,B,mrac.z.theta_2,0.0060277353
32.9625,B,mrac.z.theta_3,0
32.9625,B,mrac.z.theta_4,0.19908626
32.9625,B,mrac.z.theta_5,0.19165859
32.9625,B,mrac.z.u_nom,0.091452338
32.9625,B,mrac.z.xm,0
32.9625,B,path.active_path_mode,0
32.9625,B,path.circle_theta,0
32.9625,B,path.sinusoid_t_elapsed,30.002968
32.9625,B,path.twc_arrived,0
32.9625,B,path.twc_target_x,-10.000002
32.9625,B,path.twc_target_y,-29.999998
32.9625,B,path.twc_target_z,0.60000002
32.9625,B,pid.gyrox.Des,2.9608555
32.9625,B,pid.gyrox.FB,0.88527572
32.9625,B,pid.gyrox.U,17.959633
32.9625,B,pid.gyroy.Des,0.9239037
32.9625,B,pid.gyroy.FB,1.2362715
32.9625,B,pid.gyroy.U,-7.4583244
32.9625,B,pid.gyroz.Des,-0.013190841
32.9625,B,pid.gyroz.FB,0.29642254
32.9625,B,pid.gyroz.U,-2.4766903
32.9625,B,pid.locx.Des,-4.4462085
32.9625,B,pid.locx.FB,-4.4462085
32.9625,B,pid.locx.U,1.9538654
32.9625,B,pid.locxs.Des,1.9538654
32.9625,B,pid.locxs.FB,-2.6429784
32.9625,B,pid.locxs.U,13.788626
32.9625,B,pid.locy.Des,-1.1794598
32.9625,B,pid.locy.FB,-1.1794598
32.9625,B,pid.locy.U,-1.4842799
32.9625,B,pid.locys.Des,-1.4842799
32.9625,B,pid.locys.FB,-1.7362788
32.9625,B,pid.locys.U,0.75939989
32.9625,B,pid.pitch.Des,-0.16374317
32.9625,B,pid.pitch.FB,-0.48626772
32.9625,B,pid.pitch.U,0.9239037
32.9625,B,pid.roll.Des,-0.78994215
32.9625,B,pid.roll.FB,-1.7992001
32.9625,B,pid.roll.U,2.9608555
32.9625,B,pid.yaw.Des,-14.867583
32.9625,B,pid.yaw.FB,-14.867583
32.9625,B,pid.yaw.U,-0.013190841
32.9625,B,pid.z_pos.Des,0.0099947108
32.9625,B,pid.z_pos.FB,0.0099947108
32.9625,B,pid.z_pos.U,0
32.9625,B,pid.z_rate.Des,0
32.9625,B,pid.z_rate.FB,-0.05070091
32.9625,B,pid.z_rate.U,20.30242
33.1654,A,mrac.pitch.e,-0.050484248
33.1654,A,mrac.pitch.u_ad,0.13212104
33.1654,A,mrac.roll.e,-0.060809668
33.1654,A,mrac.roll.u_ad,0.15674968
33.1654,A,mrac.yaw.e,-0.021919854
33.1654,A,mrac.yaw.u_ad,0.015865238
33.1654,A,mrac.z.e,-0.017682698
33.1654,A,mrac.z.u_ad,0.2937941
33.1654,A,status.arm,0
33.1654,A,status.flymode,1
33.1654,A,status.rc_authority,0
33.1654,A,status.sbus_lost,0
33.1654,A,status.twc_arrived,0
33.1654,A,status.twc_execute,0
33.1656,B,mrac.pitch.theta_0,0.12804446
33.1656,B,mrac.pitch.theta_1,0.00095368986
33.1656,B,mrac.pitch.theta_2,0.0073143709
33.1656,B,mrac.pitch.theta_3,0.0037381502
33.1656,B,mrac.pitch.theta_4,0.18394238
33.1656,B,mrac.pitch.theta_5,0.1436248
33.1656,B,mrac.pitch.u_nom,-0.0063746362
33.1656,B,mrac.pitch.xm,0.016125169
33.1656,B,mrac.roll.theta_0,0.14916576
33.1656,B,mrac.roll.theta_1,0.0032000714
33.1656,B,mrac.roll.theta_2,0.0021878679
33.1656,B,mrac.roll.theta_3,0.0041854996
33.1656,B,mrac.roll.theta_4,0.1282015
33.1656,B,mrac.roll.theta_5,0.1379585
33.1656,B,mrac.roll.u_nom,0.015350114
33.1656,B,mrac.roll.xm,0.051676698
33.1656,B,mrac.yaw.theta_0,0.015369702
33.1656,B,mrac.yaw.theta_1,0.00010455819
33.1656,B,mrac.yaw.theta_2,0.0024296727
33.1656,B,mrac.yaw.theta_3,0
33.1656,B,mrac.yaw.theta_4,0.083271533
33.1656,B,mrac.yaw.theta_5,0.087959871
33.1656,B,mrac.yaw.u_nom,-0.0013230183
33.1656,B,mrac.yaw.xm,-0.00023022371
33.1656,B,mrac.z.theta_0,0.2874434
33.1656,B,mrac.z.theta_1,6.3180618e-05
33.1656,B,mrac.z.theta_2,0.0060277353
33.1656,B,mrac.z.theta_3,0
33.1656,B,mrac.z.theta_4,0.19908626
33.1656,B,mrac.z.theta_5,0.19165859
33.1656,B,mrac.z.u_nom,0.091452338
33.1656,B,mrac.z.xm,0
33.1656,B,path.active_path_mode,0
33.1656,B,path.circle_theta,0
33.1656,B,path.sinusoid_t_elapsed,30.002968
33.1656,B,path.twc_arrived,0
33.1656,B,path.twc_target_x,-10.000002
33.1656,B,path.twc_target_y,-29.999998
33.1656,B,path.twc_target_z,0.60000002
33.1656,B,pid.gyrox.Des,2.9608555
33.1656,B,pid.gyrox.FB,0.88527572
33.1656,B,pid.gyrox.U,17.959633
33.1656,B,pid.gyroy.Des,0.9239037
33.1656,B,pid.gyroy.FB,1.2362715
33.1656,B,pid.gyroy.U,-7.4583244
33.1656,B,pid.gyroz.Des,-0.013190841
33.1656,B,pid.gyroz.FB,0.29642254
33.1656,B,pid.gyroz.U,-2.4766903
33.1656,B,pid.locx.Des,-4.4462085
33.1656,B,pid.locx.FB,-4.4462085
33.1656,B,pid.locx.U,1.9538654
33.1656,B,pid.locxs.Des,1.9538654
33.1656,B,pid.locxs.FB,-2.6429784
33.1656,B,pid.locxs.U,13.788626
33.1656,B,pid.locy.Des,-1.1794598
33.1656,B,pid.locy.FB,-1.1794598
33.1656,B,pid.locy.U,-1.4842799
33.1656,B,pid.locys.Des,-1.4842799
33.1656,B,pid.locys.FB,-1.7362788
33.1656,B,pid.locys.U,0.75939989
33.1656,B,pid.pitch.Des,-0.16374317
33.1656,B,pid.pitch.FB,-0.48626772
33.1656,B,pid.pitch.U,0.9239037
33.1656,B,pid.roll.Des,-0.78994215
33.1656,B,pid.roll.FB,-1.7992001
33.1656,B,pid.roll.U,2.9608555
33.1656,B,pid.yaw.Des,-14.867583
33.1656,B,pid.yaw.FB,-14.867583
33.1656,B,pid.yaw.U,-0.013190841
33.1656,B,pid.z_pos.Des,0.0099947108
33.1656,B,pid.z_pos.FB,0.0099947108
33.1656,B,pid.z_pos.U,0
33.1656,B,pid.z_rate.Des,0
33.1656,B,pid.z_rate.FB,-0.05070091
33.1656,B,pid.z_rate.U,20.30242
33.3777,A,mrac.pitch.e,-0.050484248
33.3777,A,mrac.pitch.u_ad,0.13212104
33.3777,A,mrac.roll.e,-0.060809668
33.3777,A,mrac.roll.u_ad,0.15674968
33.3777,A,mrac.yaw.e,-0.021919854
33.3777,A,mrac.yaw.u_ad,0.015865238
33.3777,A,mrac.z.e,-0.017682698
33.3777,A,mrac.z.u_ad,0.2937941
33.3777,A,status.arm,0
33.3777,A,status.flymode,1
33.3777,A,status.rc_authority,0
33.3777,A,status.sbus_lost,0
33.3777,A,status.twc_arrived,0
33.3777,A,status.twc_execute,0
33.3777,B,mrac.pitch.theta_0,0.12804446
33.3777,B,mrac.pitch.theta_1,0.00095368986
33.3777,B,mrac.pitch.theta_2,0.0073143709
33.3777,B,mrac.pitch.theta_3,0.0037381502
33.3777,B,mrac.pitch.theta_4,0.18394238
33.3777,B,mrac.pitch.theta_5,0.1436248
33.3777,B,mrac.pitch.u_nom,-0.0063746362
33.3777,B,mrac.pitch.xm,0.016125169
33.3777,B,mrac.roll.theta_0,0.14916576
33.3777,B,mrac.roll.theta_1,0.0032000714
33.3777,B,mrac.roll.theta_2,0.0021878679
33.3777,B,mrac.roll.theta_3,0.0041854996
33.3777,B,mrac.roll.theta_4,0.1282015
33.3777,B,mrac.roll.theta_5,0.1379585
33.3777,B,mrac.roll.u_nom,0.015350114
33.3777,B,mrac.roll.xm,0.051676698
33.3777,B,mrac.yaw.theta_0,0.015369702
33.3777,B,mrac.yaw.theta_1,0.00010455819
33.3777,B,mrac.yaw.theta_2,0.0024296727
33.3777,B,mrac.yaw.theta_3,0
33.3777,B,mrac.yaw.theta_4,0.083271533
33.3777,B,mrac.yaw.theta_5,0.087959871
33.3777,B,mrac.yaw.u_nom,-0.0013230183
33.3777,B,mrac.yaw.xm,-0.00023022371
33.3777,B,mrac.z.theta_0,0.2874434
33.3777,B,mrac.z.theta_1,6.3180618e-05
33.3777,B,mrac.z.theta_2,0.0060277353
33.3777,B,mrac.z.theta_3,0
33.3777,B,mrac.z.theta_4,0.19908626
33.3777,B,mrac.z.theta_5,0.19165859
33.3777,B,mrac.z.u_nom,0.091452338
33.3777,B,mrac.z.xm,0
33.3777,B,path.active_path_mode,0
33.3777,B,path.circle_theta,0
33.3777,B,path.sinusoid_t_elapsed,30.002968
33.3777,B,path.twc_arrived,0
33.3777,B,path.twc_target_x,-10.000002
33.3777,B,path.twc_target_y,-29.999998
33.3777,B,path.twc_target_z,0.60000002
33.3777,B,pid.gyrox.Des,2.9608555
33.3777,B,pid.gyrox.FB,0.88527572
33.3777,B,pid.gyrox.U,17.959633
33.3777,B,pid.gyroy.Des,0.9239037
33.3777,B,pid.gyroy.FB,1.2362715
33.3777,B,pid.gyroy.U,-7.4583244
33.3777,B,pid.gyroz.Des,-0.013190841
33.3777,B,pid.gyroz.FB,0.29642254
33.3777,B,pid.gyroz.U,-2.4766903
33.3777,B,pid.locx.Des,-4.4462085
33.3777,B,pid.locx.FB,-4.4462085
33.3777,B,pid.locx.U,1.9538654
33.3777,B,pid.locxs.Des,1.9538654
33.3777,B,pid.locxs.FB,-2.6429784
33.3777,B,pid.locxs.U,13.788626
33.3777,B,pid.locy.Des,-1.1794598
33.3777,B,pid.locy.FB,-1.1794598
33.3777,B,pid.locy.U,-1.4842799
33.3777,B,pid.locys.Des,-1.4842799
33.3777,B,pid.locys.FB,-1.7362788
33.3777,B,pid.locys.U,0.75939989
33.3777,B,pid.pitch.Des,-0.16374317
33.3777,B,pid.pitch.FB,-0.48626772
33.3777,B,pid.pitch.U,0.9239037
33.3777,B,pid.roll.Des,-0.78994215
33.3777,B,pid.roll.FB,-1.7992001
33.3777,B,pid.roll.U,2.9608555
33.3777,B,pid.yaw.Des,-14.867583
33.3777,B,pid.yaw.FB,-14.867583
33.3777,B,pid.yaw.U,-0.013190841
33.3777,B,pid.z_pos.Des,0.0099947108
33.3777,B,pid.z_pos.FB,0.0099947108
33.3777,B,pid.z_pos.U,0
33.3777,B,pid.z_rate.Des,0
33.3777,B,pid.z_rate.FB,-0.05070091
33.3777,B,pid.z_rate.U,20.30242
33.5777,A,mrac.pitch.e,-0.073083609
33.5777,A,mrac.pitch.u_ad,0.14217898
33.5777,A,mrac.roll.e,-0.027511418
33.5777,A,mrac.roll.u_ad,0.15621145
33.5777,A,mrac.yaw.e,-0.024830861
33.5777,A,mrac.yaw.u_ad,0.016577408
33.5777,A,mrac.z.e,0.03589597
33.5777,A,mrac.z.u_ad,0.25912356
33.5777,A,status.arm,0
33.5777,A,status.flymode,1
33.5777,A,status.rc_authority,0
33.5777,A,status.sbus_lost,0
33.5777,A,status.twc_arrived,0
33.5777,A,status.twc_execute,0
33.5777,B,mrac.pitch.theta_0,0.13285312
33.5777,B,mrac.pitch.theta_1,0.00094954757
33.5777,B,mrac.pitch.theta_2,0.0073143956
33.5777,B,mrac.pitch.theta_3,0.0037379512
33.5777,B,mrac.pitch.theta_4,0.18392694
33.5777,B,mrac.pitch.theta_5,0.1436113
33.5777,B,mrac.pitch.u_nom,0.0039035236
33.5777,B,mrac.pitch.xm,0.020460064
33.5777,B,mrac.roll.theta_0,0.14911778
33.5777,B,mrac.roll.theta_1,0.0031644832
33.5777,B,mrac.roll.theta_2,0.0021878786
33.5777,B,mrac.roll.theta_3,0.0041842917
33.5777,B,mrac.roll.theta_4,0.12819351
33.5777,B,mrac.roll.theta_5,0.13794456
33.5777,B,mrac.roll.u_nom,0.0088355141
33.5777,B,mrac.roll.xm,0.052687634
33.5777,B,mrac.yaw.theta_0,0.016026841
33.5777,B,mrac.yaw.theta_1,0.00010436997
33.5777,B,mrac.yaw.theta_2,0.0024297582
33.5777,B,mrac.yaw.theta_3,0
33.5777,B,mrac.yaw.theta_4,0.083270952
33.5777,B,mrac.yaw.theta_5,0.087956488
33.5777,B,mrac.yaw.u_nom,0.00089337124
33.5777,B,mrac.yaw.xm,0.00017241645
33.5777,B,mrac.z.theta_0,0.27422005
33.5777,B,mrac.z.theta_1,5.4469041e-05
33.5777,B,mrac.z.theta_2,0.0060239932
33.5777,B,mrac.z.theta_3,0
33.5777,B,mrac.z.theta_4,0.19894394
33.5777,B,mrac.z.theta_5,0.19147177
33.5777,B,mrac.z.u_nom,-0.18547115
33.5777,B,mrac.z.xm,0
33.5777,B,path.active_path_mode,0
33.5777,B,path.circle_theta,0
33.5777,B,path.sinusoid_t_elapsed,30.002968
33.5777,B,path.twc_arrived,0
33.5777,B,path.twc_target_x,-10.000002
33.5777,B,path.twc_target_y,-29.999998
33.5777,B,path.twc_target_z,0.60000002
33.5777,B,pid.gyrox.Des,3.0187778
33.5777,B,pid.gyrox.FB,0.33376381
33.5777,B,pid.gyrox.U,10.337551
33.5777,B,pid.gyroy.Des,1.1722748
33.5777,B,pid.gyroy.FB,-0.12695761
33.5777,B,pid.gyroy.U,4.5671225
33.5777,B,pid.gyroz.Des,0.0098787304
33.5777,B,pid.gyroz.FB,-0.19855005
33.5777,B,pid.gyroz.U,1.6723909
33.5777,B,pid.locx.Des,-6.2336302
33.5777,B,pid.locx.FB,-6.2336302
33.5777,B,pid.locx.U,1.9628031
33.5777,B,pid.locxs.Des,1.9628031
33.5777,B,pid.locxs.FB,-2.637747
33.5777,B,pid.locxs.U,13.80041
33.5777,B,pid.locy.Des,-1.6565683
33.5777,B,pid.locy.FB,-1.6565683
33.5777,B,pid.locy.U,-1.4818865
33.5777,B,pid.locys.Des,-1.4818865
33.5777,B,pid.locys.FB,-1.7442167
33.5777,B,pid.locys.U,0.78941381
33.5777,B,pid.pitch.Des,-0.16460228
33.5777,B,pid.pitch.FB,-0.55311275
33.5777,B,pid.pitch.U,1.1722748
33.5777,B,pid.roll.Des,-0.7905575
33.5777,B,pid.roll.FB,-1.7983471
33.5777,B,pid.roll.U,3.0187778
33.5777,B,pid.yaw.Des,-15.039829
33.5777,B,pid.yaw.FB,-15.039829
33.5777,B,pid.yaw.U,0.0098787304
33.5777,B,pid.z_pos.Des,0.019989219
33.5777,B,pid.z_pos.FB,0.019989219
33.5777,B,pid.z_pos.U,0
33.5777,B,pid.z_rate.Des,0
33.5777,B,pid.z_rate.FB,0.10293649
33.5777,B,pid.z_rate.U,-41.174595
33.7947,A,mrac.pitch.e,-0.019664457
33.7947,A,mrac.pitch.u_ad,0.13572715
33.7947,A,mrac.roll.e,-0.042255044
33.7947,A,mrac.roll.u_ad,0.15838279
33.7947,A,mrac.yaw.e,0.018024404
33.7947,A,mrac.yaw.u_ad,0.015806859
33.7947,A,mrac.z.e,-0.0060539613
33.7947,A,mrac.z.u_ad,0.28013086
33.7947,A,status.arm,0
33.7947,A,status.flymode,1
33.7947,A,status.rc_authority,0
33.7947,A,status.sbus_lost,0
33.7947,A,status.twc_arrived,0
33.7947,A,status.twc_execute,0
33.7948,B,mrac.pitch.theta_0,0.13367559
33.7948,B,mrac.pitch.theta_1,0.0009487663
33.7948,B,mrac.pitch.theta_2,0.007314391
33.7948,B,mrac.pitch.theta_3,0.0037379216
33.7948,B,mrac.pitch.theta_4,0.18392366
33.7948,B,mrac.pitch.theta_5,0.14360856
33.7948,B,mrac.pitch.u_nom,-0.0069212141
33.7948,B,mrac.pitch.xm,0.022734642
33.7948,B,mrac.roll.theta_0,0.14911656
33.7948,B,mrac.roll.theta_1,0.0031632688
33.7948,B,mrac.roll.theta_2,0.002187877
33.7948,B,mrac.roll.theta_3,0.0041842647
33.7948,B,mrac.roll.theta_4,0.12819362
33.7948,B,mrac.roll.theta_5,0.13794376
33.7948,B,mrac.roll.u_nom,0.029623087
33.7948,B,mrac.roll.xm,0.049150299
33.7948,B,mrac.yaw.theta_0,0.016053103
33.7948,B,mrac.yaw.theta_1,0.00010433963
33.7948,B,mrac.yaw.theta_2,0.0024297598
33.7948,B,mrac.yaw.theta_3,0
33.7948,B,mrac.yaw.theta_4,0.083270848
33.7948,B,mrac.yaw.theta_5,0.087955922
33.7948,B,mrac.yaw.u_nom,0.0011346804
33.7948,B,mrac.yaw.xm,0.00024620868
33.7948,B,mrac.z.theta_0,0.27795869
33.7948,B,mrac.z.theta_1,5.3857879e-05
33.7948,B,mrac.z.theta_2,0.0060280589
33.7948,B,mrac.z.theta_3,0
33.7948,B,mrac.z.theta_4,0.19893064
33.7948,B,mrac.z.theta_5,0.1914549
33.7948,B,mrac.z.u_nom,0.042965923
33.7948,B,mrac.z.xm,0
33.7948,B,path.active_path_mode,0
33.7948,B,path.circle_theta,0
33.7948,B,path.sinusoid_t_elapsed,30.002968
33.7948,B,path.twc_arrived,0
33.7948,B,path.twc_target_x,-10.000002
33.7948,B,path.twc_target_y,-29.999998
33.7948,B,path.twc_target_z,0.60000002
33.7948,B,pid.gyrox.Des,2.8161035
33.7948,B,pid.gyrox.FB,-1.9809613
33.7948,B,pid.gyrox.U,34.659012
33.7948,B,pid.gyroy.Des,1.3025985
33.7948,B,pid.gyroy.FB,0.30953252
33.7948,B,pid.gyroy.U,-8.0978203
33.7948,B,pid.gyroz.Des,0.014106712
33.7948,B,pid.gyroz.FB,-0.25196481
33.7948,B,pid.gyroz.U,2.1241217
33.7948,B,pid.locx.Des,-6.3929529
33.7948,B,pid.locx.FB,-6.3929529
33.7948,B,pid.locx.U,1.9636215
33.7948,B,pid.locxs.Des,1.9636215
33.7948,B,pid.locxs.FB,-2.6355972
33.7948,B,pid.locxs.U,13.797834
33.7948,B,pid.locy.Des,-1.6994743
33.7948,B,pid.locy.FB,-1.6994743
33.7948,B,pid.locy.U,-1.4816639
33.7948,B,pid.locys.Des,-1.4816639
33.7948,B,pid.locys.FB,-1.747463
33.7948,B,pid.locys.U,0.79765391
33.7948,B,pid.pitch.Des,-0.16507937
33.7948,B,pid.pitch.FB,-0.59803891
33.7948,B,pid.pitch.U,1.3025985
33.7948,B,pid.roll.Des,-0.7903282
33.7948,B,pid.roll.FB,-1.7071948
33.7948,B,pid.roll.U,2.8161035
33.7948,B,pid.yaw.Des,-15.110376
33.7948,B,pid.yaw.FB,-15.110376
33.7948,B,pid.yaw.U,0.014106712
33.7948,B,pid.z_pos.Des,0.0099950163
33.7948,B,pid.z_pos.FB,0.0099950163
33.7948,B,pid.z_pos.U,0
33.7948,B,pid.z_rate.Des,0
33.7948,B,pid.z_rate.FB,-0.023820182
33.7948,B,pid.z_rate.U,9.538435
33.9952,A,mrac.pitch.e,-0.01119813
33.9952,A,mrac.pitch.u_ad,0.13846676
33.9952,A,mrac.roll.e,-0.060950473
33.9952,A,mrac.roll.u_ad,0.15849853
33.9952,A,mrac.yaw.e,0.022215033
33.9952,A,mrac.yaw.u_ad,0.015531472
33.9952,A,mrac.z.e,0.0115844
33.9952,A,mrac.z.u_ad,0.26622856
33.9952,A,status.arm,0
33.9952,A,status.flymode,1
33.9952,A,status.rc_authority,0
33.9952,A,status.sbus_lost,0
33.9952,A,status.twc_arrived,0
33.9952,A,status.twc_execute,0
33.9952,B,mrac.pitch.theta_0,0.13414611
33.9952,B,mrac.pitch.theta_1,0.00094827992
33.9952,B,mrac.pitch.theta_2,0.0073143924
33.9952,B,mrac.pitch.theta_3,0.0037378939
33.9952,B,mrac.pitch.theta_4,0.18392187
33.9952,B,mrac.pitch.theta_5,0.14360698
33.9952,B,mrac.pitch.u_nom,-0.0052485382
33.9952,B,mrac.pitch.xm,0.021630669
33.9952,B,mrac.roll.theta_0,0.14911321
33.9952,B,mrac.roll.theta_1,0.0031593181
33.9952,B,mrac.roll.theta_2,0.0021878732
33.9952,B,mrac.roll.theta_3,0.0041841371
33.9952,B,mrac.roll.theta_4,0.12819216
33.9952,B,mrac.roll.theta_5,0.13794117
33.9952,B,mrac.roll.u_nom,-0.0090812044
33.9952,B,mrac.roll.xm,0.045344535
33.9952,B,mrac.yaw.theta_0,0.016020311
33.9952,B,mrac.yaw.theta_1,0.00010426695
33.9952,B,mrac.yaw.theta_2,0.0024297189
33.9952,B,mrac.yaw.theta_3,0
33.9952,B,mrac.yaw.theta_4,0.083270781
33.9952,B,mrac.yaw.theta_5,0.087954782
33.9952,B,mrac.yaw.u_nom,0.0083274618
33.9952,B,mrac.yaw.xm,0.0010483725
33.9952,B,mrac.z.theta_0,0.27038369
33.9952,B,mrac.z.theta_1,5.3217056e-05
33.9952,B,mrac.z.theta_2,0.0060237814
33.9952,B,mrac.z.theta_3,0
33.9952,B,mrac.z.theta_4,0.1989217
33.9952,B,mrac.z.theta_5,0.19144189
33.9952,B,mrac.z.u_nom,-0.059915431
33.9952,B,mrac.z.xm,0
33.9952,B,path.active_path_mode,0
33.9952,B,path.circle_theta,0
33.9952,B,path.sinusoid_t_elapsed,30.002968
33.9952,B,path.twc_arrived,0
33.9952,B,path.twc_target_x,-10.000002
33.9952,B,path.twc_target_y,-29.999998
33.9952,B,path.twc_target_z,0.60000002
33.9952,B,pid.gyrox.Des,2.5980494
33.9952,B,pid.gyrox.FB,2.4749277
33.9952,B,pid.gyrox.U,-10.62501
33.9952,B,pid.gyroy.Des,1.2393456
33.9952,B,pid.gyroy.FB,0.094983369
33.9952,B,pid.gyroy.U,-6.1407895
33.9952,B,pid.gyroz.Des,0.060067292
33.9952,B,pid.gyroz.FB,-1.8883382
33.9952,B,pid.gyroz.U,15.589008
33.9952,B,pid.locx.Des,-6.6343155
33.9952,B,pid.locx.FB,-6.6343155
33.9952,B,pid.locx.U,1.9648242
33.9952,B,pid.locxs.Des,1.9648242
33.9952,B,pid.locxs.FB,-2.6344507
33.9952,B,pid.locxs.U,13.794007
33.9952,B,pid.locy.Des,-1.7646207
33.9952,B,pid.locy.FB,-1.7646207
33.9952,B,pid.locy.U,-1.481329
33.9952,B,pid.locys.Des,-1.481329
33.9952,B,pid.locys.FB,-1.7491912
33.9952,B,pid.locys.U,0.80986941
33.9952,B,pid.pitch.Des,-0.16485238
33.9952,B,pid.pitch.FB,-0.57031465
33.9952,B,pid.pitch.U,1.2393456
33.9952,B,pid.roll.Des,-0.79019427
33.9952,B,pid.roll.FB,-1.6855001
33.9952,B,pid.roll.U,2.5980494
33.9952,B,pid.yaw.Des,-15.147953
33.9952,B,pid.yaw.FB,-15.147953
33.9952,B,pid.yaw.U,0.060067292
33.9952,B,pid.z_pos.Des,0.019990355
33.9952,B,pid.z_pos.FB,0.019990355
33.9952,B,pid.z_pos.U,0
33.9952,B,pid.z_rate.Des,0
33.9952,B,pid.z_rate.FB,0.033216942
33.9952,B,pid.z_rate.U,-13.301226
34.1958,A,mrac.pitch.e,-0.02497926
34.1958,A,mrac.pitch.u_ad,0.13550992
34.1958,A,mrac.roll.e,-0.057852369
34.1958,A,mrac.roll.u_ad,0.15740821
34.1958,A,mrac.yaw.e,-0.047124811
34.1958,A,mrac.yaw.u_ad,0.016977089
34.1958,A,mrac.z.e,0.044867963
34.1958,A,mrac.z.u_ad,0.2547459
34.1958,A,status.arm,0
34.1958,A,status.flymode,1
34.1958,A,status.rc_authority,0
34.1958,A,status.sbus_lost,0
34.1958,A,status.twc_arrived,0
34.1958,A,status.twc_execute,0
34.1958,B,mrac.pitch.theta_0,0.13424098
34.1958,B,mrac.pitch.theta_1,0.00094819826
34.1958,B,mrac.pitch.theta_2,0.0073143872
34.1958,B,mrac.pitch.theta_3,0.0037378888
34.1958,B,mrac.pitch.theta_4,0.18392138
34.1958,B,mrac.pitch.theta_5,0.14360657
34.1958,B,mrac.pitch.u_nom,0.0028237945
34.1958,B,mrac.pitch.xm,0.020210896
34.1958,B,mrac.roll.theta_0,0.14910507
34.1958,B,mrac.roll.theta_1,0.0031567987
34.1958,B,mrac.roll.theta_2,0.0021878611
34.1958,B,mrac.roll.theta_3,0.0041840728
34.1958,B,mrac.roll.theta_4,0.12819067
34.1958,B,mrac.roll.theta_5,0.13793871
34.1958,B,mrac.roll.u_nom,-0.0012315795
34.1958,B,mrac.roll.xm,0.045631699
34.1958,B,mrac.yaw.theta_0,0.015749065
34.1958,B,mrac.yaw.theta_1,0.00010423445
34.1958,B,mrac.yaw.theta_2,0.0024296662
34.1958,B,mrac.yaw.theta_3,0
34.1958,B,mrac.yaw.theta_4,0.083270699
34.1958,B,mrac.yaw.theta_5,0.087954208
34.1958,B,mrac.yaw.u_nom,-0.0037887539
34.1958,B,mrac.yaw.xm,-0.00056560634
34.1958,B,mrac.z.theta_0,0.27711982
34.1958,B,mrac.z.theta_1,5.2632571e-05
34.1958,B,mrac.z.theta_2,0.0060296711
34.1958,B,mrac.z.theta_3,0
34.1958,B,mrac.z.theta_4,0.19891337
34.1958,B,mrac.z.theta_5,0.19142979
34.1958,B,mrac.z.u_nom,0.046856523
34.1958,B,mrac.z.xm,0
34.1958,B,path.active_path_mode,0
34.1958,B,path.circle_theta,0
34.1958,B,path.sinusoid_t_elapsed,30.002968
34.1958,B,path.twc_arrived,0
34.1958,B,path.twc_target_x,-10.000002
34.1958,B,path.twc_target_y,-29.999998
34.1958,B,path.twc_target_z,0.60000002
34.1958,B,pid.gyrox.Des,2.6145027
34.1958,B,pid.gyrox.FB,1.0877516
34.1958,B,pid.gyrox.U,-1.440948
34.1958,B,pid.gyroy.Des,1.1579986
34.1958,B,pid.gyroy.FB,-1.0143785
34.1958,B,pid.gyroy.U,3.3038397
34.1958,B,pid.gyroz.Des,-0.032406844
34.1958,B,pid.gyroz.FB,0.85607004
34.1958,B,pid.gyroz.U,-7.0925474
34.1958,B,pid.locx.Des,-6.7936087
34.1958,B,pid.locx.FB,-6.7936087
34.1958,B,pid.locx.U,1.9656032
34.1958,B,pid.locxs.Des,1.9656032
34.1958,B,pid.locxs.FB,-2.6372857
34.1958,B,pid.locxs.U,13.813033
34.1958,B,pid.locy.Des,-1.8076401
34.1958,B,pid.locy.FB,-1.8076401
34.1958,B,pid.locy.U,-1.4811428
34.1958,B,pid.locys.Des,-1.4811428
34.1958,B,pid.locys.FB,-1.7449141
34.1958,B,pid.locys.U,0.78521276
34.1958,B,pid.pitch.Des,-0.16525079
34.1958,B,pid.pitch.FB,-0.53151578
34.1958,B,pid.pitch.U,1.1579986
34.1958,B,pid.roll.Des,-0.79116505
34.1958,B,pid.roll.FB,-1.6707375
34.1958,B,pid.roll.U,2.6145027
34.1958,B,pid.yaw.Des,-15.054985
34.1958,B,pid.yaw.FB,-15.054985
34.1958,B,pid.yaw.U,-0.032406844
34.1958,B,pid.z_pos.Des,0.0099953189
34.1958,B,pid.z_pos.FB,0.0099953189
34.1958,B,pid.z_pos.U,0
34.1958,B,pid.z_rate.Des,0
34.1958,B,pid.z_rate.FB,-0.02597712
34.1958,B,pid.z_rate.U,10.402148
34.4118,A,mrac.pitch.e,-0.02654024
34.4118,A,mrac.pitch.u_ad,0.14103511
34.4118,A,mrac.roll.e,-0.053625677
34.4118,A,mrac.roll.u_ad,0.15566927
34.4118,A,mrac.yaw.e,-0.0042196382
34.4118,A,mrac.yaw.u_ad,0.016715467
34.4118,A,mrac.z.e,-0.0029315068
34.4118,A,mrac.z.u_ad,0.27815035
34.4118,A,status.arm,0
34.4118,A,status.flymode,1
34.4118,A,status.rc_authority,0
34.4118,A,status.sbus_lost,0
34.4118,A,status.twc_arrived,0
34.4118,A,status.twc_execute,0
34.4119,B,mrac.pitch.theta_0,0.13482209
34.4119,B,mrac.pitch.theta_1,0.00094753073
34.4119,B,mrac.pitch.theta_2,0.0073143994
34.4119,B,mrac.pitch.theta_3,0.0037378534
34.4119,B,mrac.pitch.theta_4,0.18391922
34.4119,B,mrac.pitch.theta_5,0.14360459
34.4119,B,mrac.pitch.u_nom,0.014480441
34.4119,B,mrac.pitch.xm,0.019874573
34.4119,B,mrac.roll.theta_0,0.14909478
34.4119,B,mrac.roll.theta_1,0.0031547062
34.4119,B,mrac.roll.theta_2,0.002187829
34.4119,B,mrac.roll.theta_3,0.0041839615
34.4119,B,mrac.roll.theta_4,0.12818867
34.4119,B,mrac.roll.theta_5,0.13793603
34.4119,B,mrac.roll.u_nom,0.0024242776
34.4119,B,mrac.roll.xm,0.043469585
34.4119,B,mrac.yaw.theta_0,0.016627286
34.4119,B,mrac.yaw.theta_1,0.00010412656
34.4119,B,mrac.yaw.theta_2,0.002429859
34.4119,B,mrac.yaw.theta_3,0
34.4119,B,mrac.yaw.theta_4,0.083270833
34.4119,B,mrac.yaw.theta_5,0.08795274
34.4119,B,mrac.yaw.u_nom,0.017562741
34.4119,B,mrac.yaw.xm,0.0022880619
34.4119,B,mrac.z.theta_0,0.27709872
34.4119,B,mrac.z.theta_1,5.1651539e-05
34.4119,B,mrac.z.theta_2,0.0060313581
34.4119,B,mrac.z.theta_3,0
34.4119,B,mrac.z.theta_4,0.19889642
34.4119,B,mrac.z.theta_5,0.19140647
34.4119,B,mrac.z.u_nom,0.015159461
34.4119,B,mrac.z.xm,0
34.4119,B,path.active_path_mode,0
34.4119,B,path.circle_theta,0
34.4119,B,path.sinusoid_t_elapsed,30.002968
34.4119,B,path.twc_arrived,0
34.4119,B,path.twc_target_x,-10.000002
34.4119,B,path.twc_target_y,-29.999998
34.4119,B,path.twc_target_z,0.60000002
34.4119,B,pid.gyrox.Des,2.4906228
34.4119,B,pid.gyrox.FB,-0.023765773
34.4119,B,pid.gyrox.U,2.8364048
34.4119,B,pid.gyroy.Des,1.1387286
34.4119,B,pid.gyroy.FB,-0.62365377
34.4119,B,pid.gyroy.U,16.942116
34.4119,B,pid.gyroz.Des,0.13109623
34.4119,B,pid.gyroz.FB,-3.9793568
34.4119,B,pid.gyroz.U,32.877453
34.4119,B,pid.locx.Des,-7.0349998
34.4119,B,pid.locx.FB,-7.0349998
34.4119,B,pid.locx.U,1.9667991
34.4119,B,pid.locxs.Des,1.9667991
34.4119,B,pid.locxs.FB,-2.6337192
34.4119,B,pid.locxs.U,13.797053
34.4119,B,pid.locy.Des,-1.8726827
34.4119,B,pid.locy.FB,-1.8726827
34.4119,B,pid.locy.U,-1.4807912
34.4119,B,pid.locys.Des,-1.4807912
34.4119,B,pid.locys.FB,-1.7502921
34.4119,B,pid.locys.U,0.81584108
34.4119,B,pid.pitch.Des,-0.16489878
34.4119,B,pid.pitch.FB,-0.54065752
34.4119,B,pid.pitch.U,1.1387286
34.4119,B,pid.roll.Des,-0.79039222
34.4119,B,pid.roll.FB,-1.6096718
34.4119,B,pid.roll.U,2.4906228
34.4119,B,pid.yaw.Des,-15.1719
34.4119,B,pid.yaw.FB,-15.1719
34.4119,B,pid.yaw.U,0.13109623
34.4119,B,pid.z_pos.Des,0.0099956086
34.4119,B,pid.z_pos.FB,0.0099956086
34.4119,B,pid.z_pos.U,0
34.4119,B,pid.z_rate.Des,0
34.4119,B,pid.z_rate.FB,-0.0084043611
34.4119,B,pid.z_rate.U,3.3654003
34.6133,A,mrac.pitch.e,-0.02654024
34.6133,A,mrac.pitch.u_ad,0.14103511
34.6133,A,mrac.roll.e,-0.053625677
34.6133,A,mrac.roll.u_ad,0.15566927
34.6133,A,mrac.yaw.e,-0.0042196382
34.6133,A,mrac.yaw.u_ad,0.016715467
34.6133,A,mrac.z.e,-0.0029315068
34.6133,A,mrac.z.u_ad,0.27815035
34.6133,A,status.arm,0
34.6133,A,status.flymode,1
34.6133,A,status.rc_authority,0
34.6133,A,status.sbus_lost,0
34.6133,A,status.twc_arrived,0
34.6133,A,status.twc_execute,0
34.6134,B,mrac.pitch.theta_0,0.13482209
34.6134,B,mrac.pitch.theta_1,0.00094753073
34.6134,B,mrac.pitch.theta_2,0.0073143994
34.6134,B,mrac.pitch.theta_3,0.0037378534
34.6134,B,mrac.pitch.theta_4,0.18391922
34.6134,B,mrac.pitch.theta_5,0.14360459
34.6134,B,mrac.pitch.u_nom,0.014480441
34.6134,B,mrac.pitch.xm,0.019874573
34.6134,B,mrac.roll.theta_0,0.14909478
34.6134,B,mrac.roll.theta_1,0.0031547062
34.6134,B,mrac.roll.theta_2,0.002187829
34.6134,B,mrac.roll.theta_3,0.0041839615
34.6134,B,mrac.roll.theta_4,0.12818867
34.6134,B,mrac.roll.theta_5,0.13793603
34.6134,B,mrac.roll.u_nom,0.0024242776
34.6134,B,mrac.roll.xm,0.043469585
34.6134,B,mrac.yaw.theta_0,0.016627286
34.6134,B,mrac.yaw.theta_1,0.00010412656
34.6134,B,mrac.yaw.theta_2,0.002429859
34.6134,B,mrac.yaw.theta_3,0
34.6134,B,mrac.yaw.theta_4,0.083270833
34.6134,B,mrac.yaw.theta_5,0.08795274
34.6134,B,mrac.yaw.u_nom,0.017562741
34.6134,B,mrac.yaw.xm,0.0022880619
34.6134,B,mrac.z.theta_0,0.27709872
34.6134,B,mrac.z.theta_1,5.1651539e-05
34.6134,B,mrac.z.theta_2,0.0060313581
34.6134,B,mrac.z.theta_3,0
34.6134,B,mrac.z.theta_4,0.19889642
34.6134,B,mrac.z.theta_5,0.19140647
34.6134,B,mrac.z.u_nom,0.015159461
34.6134,B,mrac.z.xm,0
34.6134,B,path.active_path_mode,0
34.6134,B,path.circle_theta,0
34.6134,B,path.sinusoid_t_elapsed,30.002968
34.6134,B,path.twc_arrived,0
34.6134,B,path.twc_target_x,-10.000002
34.6134,B,path.twc_target_y,-29.999998
34.6134,B,path.twc_target_z,0.60000002
34.6134,B,pid.gyrox.Des,2.4906228
34.6134,B,pid.gyrox.FB,-0.023765773
34.6134,B,pid.gyrox.U,2.8364048
34.6134,B,pid.gyroy.Des,1.1387286
34.6134,B,pid.gyroy.FB,-0.62365377
34.6134,B,pid.gyroy.U,16.942116
34.6134,B,pid.gyroz.Des,0.13109623
34.6134,B,pid.gyroz.FB,-3.9793568
34.6134,B,pid.gyroz.U,32.877453
34.6134,B,pid.locx.Des,-7.0349998
34.6134,B,pid.locx.FB,-7.0349998
34.6134,B,pid.locx.U,1.9667991
34.6134,B,pid.locxs.Des,1.9667991
34.6134,B,pid.locxs.FB,-2.6337192
34.6134,B,pid.locxs.U,13.797053
34.6134,B,pid.locy.Des,-1.8726827
34.6134,B,pid.locy.FB,-1.8726827
34.6134,B,pid.locy.U,-1.4807912
34.6134,B,pid.locys.Des,-1.4807912
34.6134,B,pid.locys.FB,-1.7502921
34.6134,B,pid.locys.U,0.81584108
34.6134,B,pid.pitch.Des,-0.16489878
34.6134,B,pid.pitch.FB,-0.54065752
34.6134,B,pid.pitch.U,1.1387286
34.6134,B,pid.roll.Des,-0.79039222
34.6134,B,pid.roll.FB,-1.6096718
34.6134,B,pid.roll.U,2.4906228
34.6134,B,pid.yaw.Des,-15.1719
34.6134,B,pid.yaw.FB,-15.1719
34.6134,B,pid.yaw.U,0.13109623
34.6134,B,pid.z_pos.Des,0.0099956086
34.6134,B,pid.z_pos.FB,0.0099956086
34.6134,B,pid.z_pos.U,0
34.6134,B,pid.z_rate.Des,0
34.6134,B,pid.z_rate.FB,-0.0084043611
34.6134,B,pid.z_rate.U,3.3654003
34.8291,A,mrac.pitch.e,-0.02654024
34.8291,A,mrac.pitch.u_ad,0.14103511
34.8291,A,mrac.roll.e,-0.053625677
34.8291,A,mrac.roll.u_ad,0.15566927
34.8291,A,mrac.yaw.e,-0.0042196382
34.8291,A,mrac.yaw.u_ad,0.016715467
34.8291,A,mrac.z.e,-0.0029315068
34.8291,A,mrac.z.u_ad,0.27815035
34.8291,A,status.arm,0
34.8291,A,status.flymode,1
34.8291,A,status.rc_authority,0
34.8291,A,status.sbus_lost,0
34.8291,A,status.twc_arrived,0
34.8291,A,status.twc_execute,0
34.8291,B,mrac.pitch.theta_0,0.13482209
34.8291,B,mrac.pitch.theta_1,0.00094753073
34.8291,B,mrac.pitch.theta_2,0.0073143994
34.8291,B,mrac.pitch.theta_3,0.0037378534
34.8291,B,mrac.pitch.theta_4,0.18391922
34.8291,B,mrac.pitch.theta_5,0.14360459
34.8291,B,mrac.pitch.u_nom,0.014480441
34.8291,B,mrac.pitch.xm,0.019874573
34.8291,B,mrac.roll.theta_0,0.14909478
34.8291,B,mrac.roll.theta_1,0.0031547062
34.8291,B,mrac.roll.theta_2,0.002187829
34.8291,B,mrac.roll.theta_3,0.0041839615
34.8291,B,mrac.roll.theta_4,0.12818867
34.8291,B,mrac.roll.theta_5,0.13793603
34.8291,B,mrac.roll.u_nom,0.0024242776
34.8291,B,mrac.roll.xm,0.043469585
34.8291,B,mrac.yaw.theta_0,0.016627286
34.8291,B,mrac.yaw.theta_1,0.00010412656
34.8291,B,mrac.yaw.theta_2,0.002429859
34.8291,B,mrac.yaw.theta_3,0
34.8291,B,mrac.yaw.theta_4,0.083270833
34.8291,B,mrac.yaw.theta_5,0.08795274
34.8291,B,mrac.yaw.u_nom,0.017562741
34.8291,B,mrac.yaw.xm,0.0022880619
34.8291,B,mrac.z.theta_0,0.27709872
34.8291,B,mrac.z.theta_1,5.1651539e-05
34.8291,B,mrac.z.theta_2,0.0060313581
34.8291,B,mrac.z.theta_3,0
34.8291,B,mrac.z.theta_4,0.19889642
34.8291,B,mrac.z.theta_5,0.19140647
34.8291,B,mrac.z.u_nom,0.015159461
34.8291,B,mrac.z.xm,0
34.8291,B,path.active_path_mode,0
34.8291,B,path.circle_theta,0
34.8291,B,path.sinusoid_t_elapsed,30.002968
34.8291,B,path.twc_arrived,0
34.8291,B,path.twc_target_x,-10.000002
34.8291,B,path.twc_target_y,-29.999998
34.8291,B,path.twc_target_z,0.60000002
34.8291,B,pid.gyrox.Des,2.4906228
34.8291,B,pid.gyrox.FB,-0.023765773
34.8291,B,pid.gyrox.U,2.8364048
34.8291,B,pid.gyroy.Des,1.1387286
34.8291,B,pid.gyroy.FB,-0.62365377
34.8291,B,pid.gyroy.U,16.942116
34.8291,B,pid.gyroz.Des,0.13109623
34.8291,B,pid.gyroz.FB,-3.9793568
34.8291,B,pid.gyroz.U,32.877453
34.8291,B,pid.locx.Des,-7.0349998
34.8291,B,pid.locx.FB,-7.0349998
34.8291,B,pid.locx.U,1.9667991
34.8291,B,pid.locxs.Des,1.9667991
34.8291,B,pid.locxs.FB,-2.6337192
34.8291,B,pid.locxs.U,13.797053
34.8291,B,pid.locy.Des,-1.8726827
34.8291,B,pid.locy.FB,-1.8726827
34.8291,B,pid.locy.U,-1.4807912
34.8291,B,pid.locys.Des,-1.4807912
34.8291,B,pid.locys.FB,-1.7502921
34.8291,B,pid.locys.U,0.81584108
34.8291,B,pid.pitch.Des,-0.16489878
34.8291,B,pid.pitch.FB,-0.54065752
34.8291,B,pid.pitch.U,1.1387286
34.8291,B,pid.roll.Des,-0.79039222
34.8291,B,pid.roll.FB,-1.6096718
34.8291,B,pid.roll.U,2.4906228
34.8291,B,pid.yaw.Des,-15.1719
34.8291,B,pid.yaw.FB,-15.1719
34.8291,B,pid.yaw.U,0.13109623
34.8291,B,pid.z_pos.Des,0.0099956086
34.8291,B,pid.z_pos.FB,0.0099956086
34.8291,B,pid.z_pos.U,0
34.8291,B,pid.z_rate.Des,0
34.8291,B,pid.z_rate.FB,-0.0084043611
34.8291,B,pid.z_rate.U,3.3654003
35.0293,A,mrac.pitch.e,-0.02654024
35.0293,A,mrac.pitch.u_ad,0.14103511
35.0293,A,mrac.roll.e,-0.053625677
35.0293,A,mrac.roll.u_ad,0.15566927
35.0293,A,mrac.yaw.e,-0.0042196382
35.0293,A,mrac.yaw.u_ad,0.016715467
35.0293,A,mrac.z.e,-0.0029315068
35.0293,A,mrac.z.u_ad,0.27815035
35.0293,A,status.arm,0
35.0293,A,status.flymode,1
35.0293,A,status.rc_authority,0
35.0293,A,status.sbus_lost,0
35.0293,A,status.twc_arrived,0
35.0293,A,status.twc_execute,0
35.0294,B,mrac.pitch.theta_0,0.13482209
35.0294,B,mrac.pitch.theta_1,0.00094753073
35.0294,B,mrac.pitch.theta_2,0.0073143994
35.0294,B,mrac.pitch.theta_3,0.0037378534
35.0294,B,mrac.pitch.theta_4,0.18391922
35.0294,B,mrac.pitch.theta_5,0.14360459
35.0294,B,mrac.pitch.u_nom,0.014480441
35.0294,B,mrac.pitch.xm,0.019874573
35.0294,B,mrac.roll.theta_0,0.14909478
35.0294,B,mrac.roll.theta_1,0.0031547062
35.0294,B,mrac.roll.theta_2,0.002187829
35.0294,B,mrac.roll.theta_3,0.0041839615
35.0294,B,mrac.roll.theta_4,0.12818867
35.0294,B,mrac.roll.theta_5,0.13793603
35.0294,B,mrac.roll.u_nom,0.0024242776
35.0294,B,mrac.roll.xm,0.043469585
35.0294,B,mrac.yaw.theta_0,0.016627286
35.0294,B,mrac.yaw.theta_1,0.00010412656
35.0294,B,mrac.yaw.theta_2,0.002429859
35.0294,B,mrac.yaw.theta_3,0
35.0294,B,mrac.yaw.theta_4,0.083270833
35.0294,B,mrac.yaw.theta_5,0.08795274
35.0294,B,mrac.yaw.u_nom,0.017562741
35.0294,B,mrac.yaw.xm,0.0022880619
35.0294,B,mrac.z.theta_0,0.27709872
35.0294,B,mrac.z.theta_1,5.1651539e-05
35.0294,B,mrac.z.theta_2,0.0060313581
35.0294,B,mrac.z.theta_3,0
35.0294,B,mrac.z.theta_4,0.19889642
35.0294,B,mrac.z.theta_5,0.19140647
35.0294,B,mrac.z.u_nom,0.015159461
35.0294,B,mrac.z.xm,0
35.0294,B,path.active_path_mode,0
35.0294,B,path.circle_theta,0
35.0294,B,path.sinusoid_t_elapsed,30.002968
35.0294,B,path.twc_arrived,0
35.0294,B,path.twc_target_x,-10.000002
35.0294,B,path.twc_target_y,-29.999998
35.0294,B,path.twc_target_z,0.60000002
35.0294,B,pid.gyrox.Des,2.4906228
35.0294,B,pid.gyrox.FB,-0.023765773
35.0294,B,pid.gyrox.U,2.8364048
35.0294,B,pid.gyroy.Des,1.1387286
35.0294,B,pid.gyroy.FB,-0.62365377
35.0294,B,pid.gyroy.U,16.942116
35.0294,B,pid.gyroz.Des,0.13109623
35.0294,B,pid.gyroz.FB,-3.9793568
35.0294,B,pid.gyroz.U,32.877453
35.0294,B,pid.locx.Des,-7.0349998
35.0294,B,pid.locx.FB,-7.0349998
35.0294,B,pid.locx.U,1.9667991
35.0294,B,pid.locxs.Des,1.9667991
35.0294,B,pid.locxs.FB,-2.6337192
35.0294,B,pid.locxs.U,13.797053
35.0294,B,pid.locy.Des,-1.8726827
35.0294,B,pid.locy.FB,-1.8726827
35.0294,B,pid.locy.U,-1.4807912
35.0294,B,pid.locys.Des,-1.4807912
35.0294,B,pid.locys.FB,-1.7502921
35.0294,B,pid.locys.U,0.81584108
35.0294,B,pid.pitch.Des,-0.16489878
35.0294,B,pid.pitch.FB,-0.54065752
35.0294,B,pid.pitch.U,1.1387286
35.0294,B,pid.roll.Des,-0.79039222
35.0294,B,pid.roll.FB,-1.6096718
35.0294,B,pid.roll.U,2.4906228
35.0294,B,pid.yaw.Des,-15.1719
35.0294,B,pid.yaw.FB,-15.1719
35.0294,B,pid.yaw.U,0.13109623
35.0294,B,pid.z_pos.Des,0.0099956086
35.0294,B,pid.z_pos.FB,0.0099956086
35.0294,B,pid.z_pos.U,0
35.0294,B,pid.z_rate.Des,0
35.0294,B,pid.z_rate.FB,-0.0084043611
35.0294,B,pid.z_rate.U,3.3654003
35.2459,A,mrac.pitch.e,-0.02654024
35.2459,A,mrac.pitch.u_ad,0.14103511
35.2459,A,mrac.roll.e,-0.053625677
35.2459,A,mrac.roll.u_ad,0.15566927
35.2459,A,mrac.yaw.e,-0.0042196382
35.2459,A,mrac.yaw.u_ad,0.016715467
35.2459,A,mrac.z.e,-0.0029315068
35.2459,A,mrac.z.u_ad,0.27815035
35.2459,A,status.arm,0
35.2459,A,status.flymode,1
35.2459,A,status.rc_authority,0
35.2459,A,status.sbus_lost,0
35.2459,A,status.twc_arrived,0
35.2459,A,status.twc_execute,0
35.2460,B,mrac.pitch.theta_0,0.13482209
35.2460,B,mrac.pitch.theta_1,0.00094753073
35.2460,B,mrac.pitch.theta_2,0.0073143994
35.2460,B,mrac.pitch.theta_3,0.0037378534
35.2460,B,mrac.pitch.theta_4,0.18391922
35.2460,B,mrac.pitch.theta_5,0.14360459
35.2460,B,mrac.pitch.u_nom,0.014480441
35.2460,B,mrac.pitch.xm,0.019874573
35.2460,B,mrac.roll.theta_0,0.14909478
35.2460,B,mrac.roll.theta_1,0.0031547062
35.2460,B,mrac.roll.theta_2,0.002187829
35.2460,B,mrac.roll.theta_3,0.0041839615
35.2460,B,mrac.roll.theta_4,0.12818867
35.2460,B,mrac.roll.theta_5,0.13793603
35.2460,B,mrac.roll.u_nom,0.0024242776
35.2460,B,mrac.roll.xm,0.043469585
35.2460,B,mrac.yaw.theta_0,0.016627286
35.2460,B,mrac.yaw.theta_1,0.00010412656
35.2460,B,mrac.yaw.theta_2,0.002429859
35.2460,B,mrac.yaw.theta_3,0
35.2460,B,mrac.yaw.theta_4,0.083270833
35.2460,B,mrac.yaw.theta_5,0.08795274
35.2460,B,mrac.yaw.u_nom,0.017562741
35.2460,B,mrac.yaw.xm,0.0022880619
35.2460,B,mrac.z.theta_0,0.27709872
35.2460,B,mrac.z.theta_1,5.1651539e-05
35.2460,B,mrac.z.theta_2,0.0060313581
35.2460,B,mrac.z.theta_3,0
35.2460,B,mrac.z.theta_4,0.19889642
35.2460,B,mrac.z.theta_5,0.19140647
35.2460,B,mrac.z.u_nom,0.015159461
35.2460,B,mrac.z.xm,0
35.2460,B,path.active_path_mode,0
35.2460,B,path.circle_theta,0
35.2460,B,path.sinusoid_t_elapsed,30.002968
35.2460,B,path.twc_arrived,0
35.2460,B,path.twc_target_x,-10.000002
35.2460,B,path.twc_target_y,-29.999998
35.2460,B,path.twc_target_z,0.60000002
35.2460,B,pid.gyrox.Des,2.4906228
35.2460,B,pid.gyrox.FB,-0.023765773
35.2460,B,pid.gyrox.U,2.8364048
35.2460,B,pid.gyroy.Des,1.1387286
35.2460,B,pid.gyroy.FB,-0.62365377
35.2460,B,pid.gyroy.U,16.942116
35.2460,B,pid.gyroz.Des,0.13109623
35.2460,B,pid.gyroz.FB,-3.9793568
35.2460,B,pid.gyroz.U,32.877453
35.2460,B,pid.locx.Des,-7.0349998
35.2460,B,pid.locx.FB,-7.0349998
35.2460,B,pid.locx.U,1.9667991
35.2460,B,pid.locxs.Des,1.9667991
35.2460,B,pid.locxs.FB,-2.6337192
35.2460,B,pid.locxs.U,13.797053
35.2460,B,pid.locy.Des,-1.8726827
35.2460,B,pid.locy.FB,-1.8726827
35.2460,B,pid.locy.U,-1.4807912
35.2460,B,pid.locys.Des,-1.4807912
35.2460,B,pid.locys.FB,-1.7502921
35.2460,B,pid.locys.U,0.81584108
35.2460,B,pid.pitch.Des,-0.16489878
35.2460,B,pid.pitch.FB,-0.54065752
35.2460,B,pid.pitch.U,1.1387286
35.2460,B,pid.roll.Des,-0.79039222
35.2460,B,pid.roll.FB,-1.6096718
35.2460,B,pid.roll.U,2.4906228
35.2460,B,pid.yaw.Des,-15.1719
35.2460,B,pid.yaw.FB,-15.1719
35.2460,B,pid.yaw.U,0.13109623
35.2460,B,pid.z_pos.Des,0.0099956086
35.2460,B,pid.z_pos.FB,0.0099956086
35.2460,B,pid.z_pos.U,0
35.2460,B,pid.z_rate.Des,0
35.2460,B,pid.z_rate.FB,-0.0084043611
35.2460,B,pid.z_rate.U,3.3654003
35.4462,A,mrac.pitch.e,-0.02654024
35.4462,A,mrac.pitch.u_ad,0.14103511
35.4462,A,mrac.roll.e,-0.053625677
35.4462,A,mrac.roll.u_ad,0.15566927
35.4462,A,mrac.yaw.e,-0.0042196382
35.4462,A,mrac.yaw.u_ad,0.016715467
35.4462,A,mrac.z.e,-0.0029315068
35.4462,A,mrac.z.u_ad,0.27815035
35.4462,A,status.arm,0
35.4462,A,status.flymode,1
35.4462,A,status.rc_authority,0
35.4462,A,status.sbus_lost,0
35.4462,A,status.twc_arrived,0
35.4462,A,status.twc_execute,0
35.4462,B,mrac.pitch.theta_0,0.13482209
35.4462,B,mrac.pitch.theta_1,0.00094753073
35.4462,B,mrac.pitch.theta_2,0.0073143994
35.4462,B,mrac.pitch.theta_3,0.0037378534
35.4462,B,mrac.pitch.theta_4,0.18391922
35.4462,B,mrac.pitch.theta_5,0.14360459
35.4462,B,mrac.pitch.u_nom,0.014480441
35.4462,B,mrac.pitch.xm,0.019874573
35.4462,B,mrac.roll.theta_0,0.14909478
35.4462,B,mrac.roll.theta_1,0.0031547062
35.4462,B,mrac.roll.theta_2,0.002187829
35.4462,B,mrac.roll.theta_3,0.0041839615
35.4462,B,mrac.roll.theta_4,0.12818867
35.4462,B,mrac.roll.theta_5,0.13793603
35.4462,B,mrac.roll.u_nom,0.0024242776
35.4462,B,mrac.roll.xm,0.043469585
35.4462,B,mrac.yaw.theta_0,0.016627286
35.4462,B,mrac.yaw.theta_1,0.00010412656
35.4462,B,mrac.yaw.theta_2,0.002429859
35.4462,B,mrac.yaw.theta_3,0
35.4462,B,mrac.yaw.theta_4,0.083270833
35.4462,B,mrac.yaw.theta_5,0.08795274
35.4462,B,mrac.yaw.u_nom,0.017562741
35.4462,B,mrac.yaw.xm,0.0022880619
35.4462,B,mrac.z.theta_0,0.27709872
35.4462,B,mrac.z.theta_1,5.1651539e-05
35.4462,B,mrac.z.theta_2,0.0060313581
35.4462,B,mrac.z.theta_3,0
35.4462,B,mrac.z.theta_4,0.19889642
35.4462,B,mrac.z.theta_5,0.19140647
35.4462,B,mrac.z.u_nom,0.015159461
35.4462,B,mrac.z.xm,0
35.4462,B,path.active_path_mode,0
35.4462,B,path.circle_theta,0
35.4462,B,path.sinusoid_t_elapsed,30.002968
35.4462,B,path.twc_arrived,0
35.4462,B,path.twc_target_x,-10.000002
35.4462,B,path.twc_target_y,-29.999998
35.4462,B,path.twc_target_z,0.60000002
35.4462,B,pid.gyrox.Des,2.4906228
35.4462,B,pid.gyrox.FB,-0.023765773
35.4462,B,pid.gyrox.U,2.8364048
35.4462,B,pid.gyroy.Des,1.1387286
35.4462,B,pid.gyroy.FB,-0.62365377
35.4462,B,pid.gyroy.U,16.942116
35.4462,B,pid.gyroz.Des,0.13109623
35.4462,B,pid.gyroz.FB,-3.9793568
35.4462,B,pid.gyroz.U,32.877453
35.4462,B,pid.locx.Des,-7.0349998
35.4462,B,pid.locx.FB,-7.0349998
35.4462,B,pid.locx.U,1.9667991
35.4462,B,pid.locxs.Des,1.9667991
35.4462,B,pid.locxs.FB,-2.6337192
35.4462,B,pid.locxs.U,13.797053
35.4462,B,pid.locy.Des,-1.8726827
35.4462,B,pid.locy.FB,-1.8726827
35.4462,B,pid.locy.U,-1.4807912
35.4462,B,pid.locys.Des,-1.4807912
35.4462,B,pid.locys.FB,-1.7502921
35.4462,B,pid.locys.U,0.81584108
35.4462,B,pid.pitch.Des,-0.16489878
35.4462,B,pid.pitch.FB,-0.54065752
35.4462,B,pid.pitch.U,1.1387286
35.4462,B,pid.roll.Des,-0.79039222
35.4462,B,pid.roll.FB,-1.6096718
35.4462,B,pid.roll.U,2.4906228
35.4462,B,pid.yaw.Des,-15.1719
35.4462,B,pid.yaw.FB,-15.1719
35.4462,B,pid.yaw.U,0.13109623
35.4462,B,pid.z_pos.Des,0.0099956086
35.4462,B,pid.z_pos.FB,0.0099956086
35.4462,B,pid.z_pos.U,0
35.4462,B,pid.z_rate.Des,0
35.4462,B,pid.z_rate.FB,-0.0084043611
35.4462,B,pid.z_rate.U,3.3654003
35.6469,A,mrac.pitch.e,-0.02654024
35.6469,A,mrac.pitch.u_ad,0.14103511
35.6469,A,mrac.roll.e,-0.053625677
35.6469,A,mrac.roll.u_ad,0.15566927
35.6469,A,mrac.yaw.e,-0.0042196382
35.6469,A,mrac.yaw.u_ad,0.016715467
35.6469,A,mrac.z.e,-0.0029315068
35.6469,A,mrac.z.u_ad,0.27815035
35.6469,A,status.arm,0
35.6469,A,status.flymode,1
35.6469,A,status.rc_authority,0
35.6469,A,status.sbus_lost,0
35.6469,A,status.twc_arrived,0
35.6469,A,status.twc_execute,0
35.6470,B,mrac.pitch.theta_0,0.13482209
35.6470,B,mrac.pitch.theta_1,0.00094753073
35.6470,B,mrac.pitch.theta_2,0.0073143994
35.6470,B,mrac.pitch.theta_3,0.0037378534
35.6470,B,mrac.pitch.theta_4,0.18391922
35.6470,B,mrac.pitch.theta_5,0.14360459
35.6470,B,mrac.pitch.u_nom,0.014480441
35.6470,B,mrac.pitch.xm,0.019874573
35.6470,B,mrac.roll.theta_0,0.14909478
35.6470,B,mrac.roll.theta_1,0.0031547062
35.6470,B,mrac.roll.theta_2,0.002187829
35.6470,B,mrac.roll.theta_3,0.0041839615
35.6470,B,mrac.roll.theta_4,0.12818867
35.6470,B,mrac.roll.theta_5,0.13793603
35.6470,B,mrac.roll.u_nom,0.0024242776
35.6470,B,mrac.roll.xm,0.043469585
35.6470,B,mrac.yaw.theta_0,0.016627286
35.6470,B,mrac.yaw.theta_1,0.00010412656
35.6470,B,mrac.yaw.theta_2,0.002429859
35.6470,B,mrac.yaw.theta_3,0
35.6470,B,mrac.yaw.theta_4,0.083270833
35.6470,B,mrac.yaw.theta_5,0.08795274
35.6470,B,mrac.yaw.u_nom,0.017562741
35.6470,B,mrac.yaw.xm,0.0022880619
35.6470,B,mrac.z.theta_0,0.27709872
35.6470,B,mrac.z.theta_1,5.1651539e-05
35.6470,B,mrac.z.theta_2,0.0060313581
35.6470,B,mrac.z.theta_3,0
35.6470,B,mrac.z.theta_4,0.19889642
35.6470,B,mrac.z.theta_5,0.19140647
35.6470,B,mrac.z.u_nom,0.015159461
35.6470,B,mrac.z.xm,0
35.6470,B,path.active_path_mode,0
35.6470,B,path.circle_theta,0
35.6470,B,path.sinusoid_t_elapsed,30.002968
35.6470,B,path.twc_arrived,0
35.6470,B,path.twc_target_x,-10.000002
35.6470,B,path.twc_target_y,-29.999998
35.6470,B,path.twc_target_z,0.60000002
35.6470,B,pid.gyrox.Des,2.4906228
35.6470,B,pid.gyrox.FB,-0.023765773
35.6470,B,pid.gyrox.U,2.8364048
35.6470,B,pid.gyroy.Des,1.1387286
35.6470,B,pid.gyroy.FB,-0.62365377
35.6470,B,pid.gyroy.U,16.942116
35.6470,B,pid.gyroz.Des,0.13109623
35.6470,B,pid.gyroz.FB,-3.9793568
35.6470,B,pid.gyroz.U,32.877453
35.6470,B,pid.locx.Des,-7.0349998
35.6470,B,pid.locx.FB,-7.0349998
35.6470,B,pid.locx.U,1.9667991
35.6470,B,pid.locxs.Des,1.9667991
35.6470,B,pid.locxs.FB,-2.6337192
35.6470,B,pid.locxs.U,13.797053
35.6470,B,pid.locy.Des,-1.8726827
35.6470,B,pid.locy.FB,-1.8726827
35.6470,B,pid.locy.U,-1.4807912
35.6470,B,pid.locys.Des,-1.4807912
35.6470,B,pid.locys.FB,-1.7502921
35.6470,B,pid.locys.U,0.81584108
35.6470,B,pid.pitch.Des,-0.16489878
35.6470,B,pid.pitch.FB,-0.54065752
35.6470,B,pid.pitch.U,1.1387286
35.6470,B,pid.roll.Des,-0.79039222
35.6470,B,pid.roll.FB,-1.6096718
35.6470,B,pid.roll.U,2.4906228
35.6470,B,pid.yaw.Des,-15.1719
35.6470,B,pid.yaw.FB,-15.1719
35.6470,B,pid.yaw.U,0.13109623
35.6470,B,pid.z_pos.Des,0.0099956086
35.6470,B,pid.z_pos.FB,0.0099956086
35.6470,B,pid.z_pos.U,0
35.6470,B,pid.z_rate.Des,0
35.6470,B,pid.z_rate.FB,-0.0084043611
35.6470,B,pid.z_rate.U,3.3654003
35.8642,A,mrac.pitch.e,-0.0053823041
35.8642,A,mrac.pitch.u_ad,0.14359125
35.8642,A,mrac.roll.e,-0.087396726
35.8642,A,mrac.roll.u_ad,0.15893525
35.8642,A,mrac.yaw.e,-3.0723956
35.8642,A,mrac.yaw.u_ad,0
35.8642,A,mrac.z.e,0.17789418
35.8642,A,mrac.z.u_ad,0.20394227
35.8642,A,status.arm,1
35.8642,A,status.flymode,1
35.8642,A,status.rc_authority,0
35.8642,A,status.sbus_lost,0
35.8642,A,status.twc_arrived,0
35.8642,A,status.twc_execute,0
35.8643,B,mrac.pitch.theta_0,0.13760555
35.8643,B,mrac.pitch.theta_1,0.00094405096
35.8643,B,mrac.pitch.theta_2,0.0073143267
35.8643,B,mrac.pitch.theta_3,0.0037376564
35.8643,B,mrac.pitch.theta_4,0.18390472
35.8643,B,mrac.pitch.theta_5,0.14359179
35.8643,B,mrac.pitch.u_nom,0.018057169
35.8643,B,mrac.pitch.xm,0.023717782
35.8643,B,mrac.roll.theta_0,0.14908142
35.8643,B,mrac.roll.theta_1,0.003128432
35.8643,B,mrac.roll.theta_2,0.0021879263
35.8643,B,mrac.roll.theta_3,0.0041832603
35.8643,B,mrac.roll.theta_4,0.12817925
35.8643,B,mrac.roll.theta_5,0.13791709
35.8643,B,mrac.roll.u_nom,0.027264437
35.8643,B,mrac.roll.xm,0.044955011
35.8643,B,mrac.yaw.theta_0,0.025402091
35.8643,B,mrac.yaw.theta_1,0.0001098947
35.8643,B,mrac.yaw.theta_2,0.0024298686
35.8643,B,mrac.yaw.theta_3,0
35.8643,B,mrac.yaw.theta_4,0.083369292
35.8643,B,mrac.yaw.theta_5,0.088010937
35.8643,B,mrac.yaw.u_nom,0.13354191
35.8643,B,mrac.yaw.xm,3.0892341
35.8643,B,mrac.z.theta_0,0.26894012
35.8643,B,mrac.z.theta_1,4.7613172e-05
35.8643,B,mrac.z.theta_2,0.0060273176
35.8643,B,mrac.z.theta_3,0
35.8643,B,mrac.z.theta_4,0.19882448
35.8643,B,mrac.z.theta_5,0.19130574
35.8643,B,mrac.z.u_nom,0.011894432
35.8643,B,mrac.z.xm,0
35.8643,B,path.active_path_mode,0
35.8643,B,path.circle_theta,0
35.8643,B,path.sinusoid_t_elapsed,30.002968
35.8643,B,path.twc_arrived,0
35.8643,B,path.twc_target_x,-10.000002
35.8643,B,path.twc_target_y,-29.999998
35.8643,B,path.twc_target_z,0.60000002
35.8643,B,pid.gyrox.Des,2.5757313
35.8643,B,pid.gyrox.FB,-0.8969546
35.8643,B,pid.gyrox.U,31.899391
35.8643,B,pid.gyroy.Des,1.3589282
35.8643,B,pid.gyroy.FB,-1.6967586
35.8643,B,pid.gyroy.U,21.126888
35.8643,B,pid.gyroz.Des,177
35.8643,B,pid.gyroz.FB,1.2845801
35.8643,B,pid.gyroz.U,249.99046
35.8643,B,pid.locx.Des,-8.2797871
35.8643,B,pid.locx.FB,-8.4052992
35.8643,B,pid.locx.U,2.1124806
35.8643,B,pid.locxs.Des,2.1124806
35.8643,B,pid.locxs.FB,-2.6355522
35.8643,B,pid.locxs.U,14.29733
35.8643,B,pid.locy.Des,-2.2112043
35.8643,B,pid.locy.FB,-2.2450516
35.8643,B,pid.locy.U,-1.4414893
35.8643,B,pid.locys.Des,-1.4414893
35.8643,B,pid.locys.FB,-1.7475309
35.8643,B,pid.locys.U,0.93311405
35.8643,B,pid.pitch.Des,-0.16507006
35.8643,B,pid.pitch.FB,-0.60085267
35.8643,B,pid.pitch.U,1.3589282
35.8643,B,pid.roll.Des,-0.8205533
35.8643,B,pid.roll.FB,-1.675259
35.8643,B,pid.roll.U,2.5757313
35.8643,B,pid.yaw.Des,-15.084881
35.8643,B,pid.yaw.FB,-15.111854
35.8643,B,pid.yaw.U,0.16862214
35.8643,B,pid.z_pos.Des,0.0099951765
35.8643,B,pid.z_pos.FB,0.0099951765
35.8643,B,pid.z_pos.U,0
35.8643,B,pid.z_rate.Des,0
35.8643,B,pid.z_rate.FB,-0.0057820892
35.8643,B,pid.z_rate.U,2.640564
36.0642,A,mrac.pitch.e,-0.039632834
36.0642,A,mrac.pitch.u_ad,0.15303051
36.0642,A,mrac.roll.e,-0.020658966
36.0642,A,mrac.roll.u_ad,0.1478387
36.0642,A,mrac.yaw.e,-3.0365529
36.0642,A,mrac.yaw.u_ad,0
36.0642,A,mrac.z.e,-0.045315675
36.0642,A,mrac.z.u_ad,0.28416461
36.0642,A,status.arm,1
36.0642,A,status.flymode,1
36.0642,A,status.rc_authority,0
36.0642,A,status.sbus_lost,0
36.0642,A,status.twc_arrived,0
36.0642,A,status.twc_execute,0
36.0644,B,mrac.pitch.theta_0,0.13701245
36.0644,B,mrac.pitch.theta_1,0.00094463269
36.0644,B,mrac.pitch.theta_2,0.0073142266
36.0644,B,mrac.pitch.theta_3,0.0037376294
36.0644,B,mrac.pitch.theta_4,0.1839042
36.0644,B,mrac.pitch.theta_5,0.14359093
36.0644,B,mrac.pitch.u_nom,0.020062186
36.0644,B,mrac.pitch.xm,0.010520121
36.0644,B,mrac.roll.theta_0,0.14909819
36.0644,B,mrac.roll.theta_1,0.0031240694
36.0644,B,mrac.roll.theta_2,0.0021879582
36.0644,B,mrac.roll.theta_3,0.0041831518
36.0644,B,mrac.roll.theta_4,0.12818213
36.0644,B,mrac.roll.theta_5,0.13791731
36.0644,B,mrac.roll.u_nom,0.018080752
36.0644,B,mrac.roll.xm,0.046347152
36.0644,B,mrac.yaw.theta_0,0.025402091
36.0644,B,mrac.yaw.theta_1,0.0001098947
36.0644,B,mrac.yaw.theta_2,0.0024298686
36.0644,B,mrac.yaw.theta_3,0
36.0644,B,mrac.yaw.theta_4,0.083369292
36.0644,B,mrac.yaw.theta_5,0.088010937
36.0644,B,mrac.yaw.u_nom,0.13354701
36.0644,B,mrac.yaw.xm,3.0892341
36.0644,B,mrac.z.theta_0,0.26428422
36.0644,B,mrac.z.theta_1,4.6786841e-05
36.0644,B,mrac.z.theta_2,0.006026594
36.0644,B,mrac.z.theta_3,0
36.0644,B,mrac.z.theta_4,0.19881448
36.0644,B,mrac.z.theta_5,0.1912891
36.0644,B,mrac.z.u_nom,0.23427081
36.0644,B,mrac.z.xm,0
36.0644,B,path.active_path_mode,0
36.0644,B,path.circle_theta,0
36.0644,B,path.sinusoid_t_elapsed,30.002968
36.0644,B,path.twc_arrived,0
36.0644,B,path.twc_target_x,-10.000002
36.0644,B,path.twc_target_y,-29.999998
36.0644,B,path.twc_target_z,0.60000002
36.0644,B,pid.gyrox.Des,2.6554952
36.0644,B,pid.gyrox.FB,0.54447776
36.0644,B,pid.gyrox.U,21.15448
36.0644,B,pid.gyroy.Des,0.60275829
36.0644,B,pid.gyroy.FB,-0.89040619
36.0644,B,pid.gyroy.U,23.472757
36.0644,B,pid.gyroz.Des,177
36.0644,B,pid.gyroz.FB,-1.9196924
36.0644,B,pid.gyroz.U,250
36.0644,B,pid.locx.Des,-8.2797871
36.0644,B,pid.locx.FB,-8.5646248
36.0644,B,pid.locx.U,2.2664979
36.0644,B,pid.locxs.Des,2.2664979
36.0644,B,pid.locxs.FB,-2.8970096
36.0644,B,pid.locxs.U,15.53591
36.0644,B,pid.locy.Des,-2.2112043
36.0644,B,pid.locy.FB,-2.2879527
36.0644,B,pid.locy.U,-1.3966594
36.0644,B,pid.locys.Des,-1.3966594
36.0644,B,pid.locys.FB,-0.77931708
36.0644,B,pid.locys.U,-1.8313385
36.0644,B,pid.pitch.Des,-0.33895501
36.0644,B,pid.pitch.FB,-0.54264909
36.0644,B,pid.pitch.U,0.60275829
36.0644,B,pid.roll.Des,-0.84863663
36.0644,B,pid.roll.FB,-1.7496988
36.0644,B,pid.roll.U,2.6554952
36.0644,B,pid.yaw.Des,-15.084881
36.0644,B,pid.yaw.FB,-15.056566
36.0644,B,pid.yaw.U,-0.18206626
36.0644,B,pid.z_pos.Des,0.0099948896
36.0644,B,pid.z_pos.FB,0.0099948896
36.0644,B,pid.z_pos.U,0
36.0644,B,pid.z_rate.Des,0
36.0644,B,pid.z_rate.FB,-0.12996164
36.0644,B,pid.z_rate.U,52.008121
36.2791,A,mrac.pitch.e,-0.039632834
36.2791,A,mrac.pitch.u_ad,0.15303051
36.2791,A,mrac.roll.e,-0.020658966
36.2791,A,mrac.roll.u_ad,0.1478387
36.2791,A,mrac.yaw.e,-3.0365529
36.2791,A,mrac.yaw.u_ad,0
36.2791,A,mrac.z.e,-0.045315675
36.2791,A,mrac.z.u_ad,0.28416461
36.2791,A,status.arm,1
36.2791,A,status.flymode,1
36.2791,A,status.rc_authority,0
36.2791,A,status.sbus_lost,0
36.2791,A,status.twc_arrived,0
36.2791,A,status.twc_execute,0
36.2792,B,mrac.pitch.theta_0,0.13701245
36.2792,B,mrac.pitch.theta_1,0.00094463269
36.2792,B,mrac.pitch.theta_2,0.0073142266
36.2792,B,mrac.pitch.theta_3,0.0037376294
36.2792,B,mrac.pitch.theta_4,0.1839042
36.2792,B,mrac.pitch.theta_5,0.14359093
36.2792,B,mrac.pitch.u_nom,0.020062186
36.2792,B,mrac.pitch.xm,0.010520121
36.2792,B,mrac.roll.theta_0,0.14909819
36.2792,B,mrac.roll.theta_1,0.0031240694
36.2792,B,mrac.roll.theta_2,0.0021879582
36.2792,B,mrac.roll.theta_3,0.0041831518
36.2792,B,mrac.roll.theta_4,0.12818213
36.2792,B,mrac.roll.theta_5,0.13791731
36.2792,B,mrac.roll.u_nom,0.018080752
36.2792,B,mrac.roll.xm,0.046347152
36.2792,B,mrac.yaw.theta_0,0.025402091
36.2792,B,mrac.yaw.theta_1,0.0001098947
36.2792,B,mrac.yaw.theta_2,0.0024298686
36.2792,B,mrac.yaw.theta_3,0
36.2792,B,mrac.yaw.theta_4,0.083369292
36.2792,B,mrac.yaw.theta_5,0.088010937
36.2792,B,mrac.yaw.u_nom,0.13354701
36.2792,B,mrac.yaw.xm,3.0892341
36.2792,B,mrac.z.theta_0,0.26428422
36.2792,B,mrac.z.theta_1,4.6786841e-05
36.2792,B,mrac.z.theta_2,0.006026594
36.2792,B,mrac.z.theta_3,0
36.2792,B,mrac.z.theta_4,0.19881448
36.2792,B,mrac.z.theta_5,0.1912891
36.2792,B,mrac.z.u_nom,0.23427081
36.2792,B,mrac.z.xm,0
36.2792,B,path.active_path_mode,0
36.2792,B,path.circle_theta,0
36.2792,B,path.sinusoid_t_elapsed,30.002968
36.2792,B,path.twc_arrived,0
36.2792,B,path.twc_target_x,-10.000002
36.2792,B,path.twc_target_y,-29.999998
36.2792,B,path.twc_target_z,0.60000002
36.2792,B,pid.gyrox.Des,2.6554952
36.2792,B,pid.gyrox.FB,0.54447776
36.2792,B,pid.gyrox.U,21.15448
36.2792,B,pid.gyroy.Des,0.60275829
36.2792,B,pid.gyroy.FB,-0.89040619
36.2792,B,pid.gyroy.U,23.472757
36.2792,B,pid.gyroz.Des,177
36.2792,B,pid.gyroz.FB,-1.9196924
36.2792,B,pid.gyroz.U,250
36.2792,B,pid.locx.Des,-8.2797871
36.2792,B,pid.locx.FB,-8.5646248
36.2792,B,pid.locx.U,2.2664979
36.2792,B,pid.locxs.Des,2.2664979
36.2792,B,pid.locxs.FB,-2.8970096
36.2792,B,pid.locxs.U,15.53591
36.2792,B,pid.locy.Des,-2.2112043
36.2792,B,pid.locy.FB,-2.2879527
36.2792,B,pid.locy.U,-1.3966594
36.2792,B,pid.locys.Des,-1.3966594
36.2792,B,pid.locys.FB,-0.77931708
36.2792,B,pid.locys.U,-1.8313385
36.2792,B,pid.pitch.Des,-0.33895501
36.2792,B,pid.pitch.FB,-0.54264909
36.2792,B,pid.pitch.U,0.60275829
36.2792,B,pid.roll.Des,-0.84863663
36.2792,B,pid.roll.FB,-1.7496988
36.2792,B,pid.roll.U,2.6554952
36.2792,B,pid.yaw.Des,-15.084881
36.2792,B,pid.yaw.FB,-15.056566
36.2792,B,pid.yaw.U,-0.18206626
36.2792,B,pid.z_pos.Des,0.0099948896
36.2792,B,pid.z_pos.FB,0.0099948896
36.2792,B,pid.z_pos.U,0
36.2792,B,pid.z_rate.Des,0
36.2792,B,pid.z_rate.FB,-0.12996164
36.2792,B,pid.z_rate.U,52.008121
36.4800,A,mrac.pitch.e,-0.039632834
36.4800,A,mrac.pitch.u_ad,0.15303051
36.4800,A,mrac.roll.e,-0.020658966
36.4800,A,mrac.roll.u_ad,0.1478387
36.4800,A,mrac.yaw.e,-3.0365529
36.4800,A,mrac.yaw.u_ad,0
36.4800,A,mrac.z.e,-0.045315675
36.4800,A,mrac.z.u_ad,0.28416461
36.4800,A,status.arm,1
36.4800,A,status.flymode,1
36.4800,A,status.rc_authority,0
36.4800,A,status.sbus_lost,0
36.4800,A,status.twc_arrived,0
36.4800,A,status.twc_execute,0
36.4801,B,mrac.pitch.theta_0,0.13701245
36.4801,B,mrac.pitch.theta_1,0.00094463269
36.4801,B,mrac.pitch.theta_2,0.0073142266
36.4801,B,mrac.pitch.theta_3,0.0037376294
36.4801,B,mrac.pitch.theta_4,0.1839042
36.4801,B,mrac.pitch.theta_5,0.14359093
36.4801,B,mrac.pitch.u_nom,0.020062186
36.4801,B,mrac.pitch.xm,0.010520121
36.4801,B,mrac.roll.theta_0,0.14909819
36.4801,B,mrac.roll.theta_1,0.0031240694
36.4801,B,mrac.roll.theta_2,0.0021879582
36.4801,B,mrac.roll.theta_3,0.0041831518
36.4801,B,mrac.roll.theta_4,0.12818213
36.4801,B,mrac.roll.theta_5,0.13791731
36.4801,B,mrac.roll.u_nom,0.018080752
36.4801,B,mrac.roll.xm,0.046347152
36.4801,B,mrac.yaw.theta_0,0.025402091
36.4801,B,mrac.yaw.theta_1,0.0001098947
36.4801,B,mrac.yaw.theta_2,0.0024298686
36.4801,B,mrac.yaw.theta_3,0
36.4801,B,mrac.yaw.theta_4,0.083369292
36.4801,B,mrac.yaw.theta_5,0.088010937
36.4801,B,mrac.yaw.u_nom,0.13354701
36.4801,B,mrac.yaw.xm,3.0892341
36.4801,B,mrac.z.theta_0,0.26428422
36.4801,B,mrac.z.theta_1,4.6786841e-05
36.4801,B,mrac.z.theta_2,0.006026594
36.4801,B,mrac.z.theta_3,0
36.4801,B,mrac.z.theta_4,0.19881448
36.4801,B,mrac.z.theta_5,0.1912891
36.4801,B,mrac.z.u_nom,0.23427081
36.4801,B,mrac.z.xm,0
36.4801,B,path.active_path_mode,0
36.4801,B,path.circle_theta,0
36.4801,B,path.sinusoid_t_elapsed,30.002968
36.4801,B,path.twc_arrived,0
36.4801,B,path.twc_target_x,-10.000002
36.4801,B,path.twc_target_y,-29.999998
36.4801,B,path.twc_target_z,0.60000002
36.4801,B,pid.gyrox.Des,2.6554952
36.4801,B,pid.gyrox.FB,0.54447776
36.4801,B,pid.gyrox.U,21.15448
36.4801,B,pid.gyroy.Des,0.60275829
36.4801,B,pid.gyroy.FB,-0.89040619
36.4801,B,pid.gyroy.U,23.472757
36.4801,B,pid.gyroz.Des,177
36.4801,B,pid.gyroz.FB,-1.9196924
36.4801,B,pid.gyroz.U,250
36.4801,B,pid.locx.Des,-8.2797871
36.4801,B,pid.locx.FB,-8.5646248
36.4801,B,pid.locx.U,2.2664979
36.4801,B,pid.locxs.Des,2.2664979
36.4801,B,pid.locxs.FB,-2.8970096
36.4801,B,pid.locxs.U,15.53591
36.4801,B,pid.locy.Des,-2.2112043
36.4801,B,pid.locy.FB,-2.2879527
36.4801,B,pid.locy.U,-1.3966594
36.4801,B,pid.locys.Des,-1.3966594
36.4801,B,pid.locys.FB,-0.77931708
36.4801,B,pid.locys.U,-1.8313385
36.4801,B,pid.pitch.Des,-0.33895501
36.4801,B,pid.pitch.FB,-0.54264909
36.4801,B,pid.pitch.U,0.60275829
36.4801,B,pid.roll.Des,-0.84863663
36.4801,B,pid.roll.FB,-1.7496988
36.4801,B,pid.roll.U,2.6554952
36.4801,B,pid.yaw.Des,-15.084881
36.4801,B,pid.yaw.FB,-15.056566
36.4801,B,pid.yaw.U,-0.18206626
36.4801,B,pid.z_pos.Des,0.0099948896
36.4801,B,pid.z_pos.FB,0.0099948896
36.4801,B,pid.z_pos.U,0
36.4801,B,pid.z_rate.Des,0
36.4801,B,pid.z_rate.FB,-0.12996164
36.4801,B,pid.z_rate.U,52.008121
36.6969,A,mrac.pitch.e,-0.025254812
36.6969,A,mrac.pitch.u_ad,0.13949391
36.6969,A,mrac.roll.e,-0.034088656
36.6969,A,mrac.roll.u_ad,0.15626505
36.6969,A,mrac.yaw.e,0.0090145199
36.6969,A,mrac.yaw.u_ad,0.036213394
36.6969,A,mrac.z.e,0.0095048221
36.6969,A,mrac.z.u_ad,0.25680831
36.6969,A,status.arm,1
36.6969,A,status.flymode,1
36.6969,A,status.rc_authority,0
36.6969,A,status.sbus_lost,0
36.6969,A,status.twc_arrived,0
36.6969,A,status.twc_execute,0
36.6969,B,mrac.pitch.theta_0,0.13710709
36.6969,B,mrac.pitch.theta_1,0.00094396668
36.6969,B,mrac.pitch.theta_2,0.0073141893
36.6969,B,mrac.pitch.theta_3,0.0037375777
36.6969,B,mrac.pitch.theta_4,0.18390347
36.6969,B,mrac.pitch.theta_5,0.14359002
36.6969,B,mrac.pitch.u_nom,-0.0032962884
36.6969,B,mrac.pitch.xm,0.0099585773
36.6969,B,mrac.roll.theta_0,0.14877254
36.6969,B,mrac.roll.theta_1,0.0031110724
36.6969,B,mrac.roll.theta_2,0.0021880239
36.6969,B,mrac.roll.theta_3,0.0041827168
36.6969,B,mrac.roll.theta_4,0.12818837
36.6969,B,mrac.roll.theta_5,0.13791694
36.6969,B,mrac.roll.u_nom,0.027038032
36.6969,B,mrac.roll.xm,0.05454452
36.6969,B,mrac.yaw.theta_0,0.037315406
36.6969,B,mrac.yaw.theta_1,0.0001244827
36.6969,B,mrac.yaw.theta_2,0.0024306178
36.6969,B,mrac.yaw.theta_3,0
36.6969,B,mrac.yaw.theta_4,0.083520465
36.6969,B,mrac.yaw.theta_5,0.088094972
36.6969,B,mrac.yaw.u_nom,-0.011560176
36.6969,B,mrac.yaw.xm,-0.0061195483
36.6969,B,mrac.z.theta_0,0.26019484
36.6969,B,mrac.z.theta_1,4.4456323e-05
36.6969,B,mrac.z.theta_2,0.0060276985
36.6969,B,mrac.z.theta_3,0
36.6969,B,mrac.z.theta_4,0.1987664
36.6969,B,mrac.z.theta_5,0.19122183
36.6969,B,mrac.z.u_nom,-0.074220113
36.6969,B,mrac.z.xm,0
36.6969,B,path.active_path_mode,0
36.6969,B,path.circle_theta,0
36.6969,B,path.sinusoid_t_elapsed,30.002968
36.6969,B,path.twc_arrived,0
36.6969,B,path.twc_target_x,-10.000002
36.6969,B,path.twc_target_y,-29.999998
36.6969,B,path.twc_target_z,0.60000002
36.6969,B,pid.gyrox.Des,3.1251695
36.6969,B,pid.gyrox.FB,-0.40710151
36.6969,B,pid.gyrox.U,31.634497
36.6969,B,pid.gyroy.Des,0.57058424
36.6969,B,pid.gyroy.FB,0.7401436
36.6969,B,pid.gyroy.U,-3.8566575
36.6969,B,pid.gyroz.Des,-0.35062414
36.6969,B,pid.gyroz.FB,2.3453901
36.6969,B,pid.gyroz.U,-21.64065
36.6969,B,pid.locx.Des,-8.2797871
36.6969,B,pid.locx.FB,-9.2067709
36.6969,B,pid.locx.U,2.7763519
36.6969,B,pid.locxs.Des,2.7763519
36.6969,B,pid.locxs.FB,-1.9312838
36.6969,B,pid.locxs.U,14.168395
36.6969,B,pid.locy.Des,-2.2112043
36.6969,B,pid.locy.FB,-2.4607949
36.6969,B,pid.locy.U,-1.1513014
36.6969,B,pid.locys.Des,-1.1513014
36.6969,B,pid.locys.FB,-0.51975268
36.6969,B,pid.locys.U,-1.8640265
36.6969,B,pid.pitch.Des,-0.32012653
36.6969,B,pid.pitch.FB,-0.52982813
36.6969,B,pid.pitch.U,0.57058424
36.6969,B,pid.roll.Des,-0.77097195
36.6969,B,pid.roll.FB,-1.8071822
36.6969,B,pid.roll.U,3.1251695
36.6969,B,pid.yaw.Des,-15.09683
36.6969,B,pid.yaw.FB,-15.062737
36.6969,B,pid.yaw.U,-0.35062414
36.6969,B,pid.z_pos.Des,0.019989196
36.6969,B,pid.z_pos.FB,0.019989196
36.6969,B,pid.z_pos.U,0
36.6969,B,pid.z_rate.Des,0
36.6969,B,pid.z_rate.FB,0.041552063
36.6969,B,pid.z_rate.U,-16.476866
36.9131,A,mrac.pitch.e,0.0050329203
36.9131,A,mrac.pitch.u_ad,0.13922136
36.9131,A,mrac.roll.e,-0.034587093
36.9131,A,mrac.roll.u_ad,0.15706831
36.9131,A,mrac.yaw.e,0.0044255187
36.9131,A,mrac.yaw.u_ad,0.035637256
36.9131,A,mrac.z.e,0.12927997
36.9131,A,mrac.z.u_ad,0.21722767
36.9131,A,status.arm,1
36.9131,A,status.flymode,1
36.9131,A,status.rc_authority,0
36.9131,A,status.sbus_lost,0
36.9131,A,status.twc_arrived,0
36.9131,A,status.twc_execute,0
36.9132,B,mrac.pitch.theta_0,0.13760523
36.9132,B,mrac.pitch.theta_1,0.00094301498
36.9132,B,mrac.pitch.theta_2,0.0073142834
36.9132,B,mrac.pitch.theta_3,0.0037375507
36.9132,B,mrac.pitch.theta_4,0.18390132
36.9132,B,mrac.pitch.theta_5,0.14358787
36.9132,B,mrac.pitch.u_nom,-0.020142341
36.9132,B,mrac.pitch.xm,0.013556658
36.9132,B,mrac.roll.theta_0,0.14887017
36.9132,B,mrac.roll.theta_1,0.0031037689
36.9132,B,mrac.roll.theta_2,0.002188066
36.9132,B,mrac.roll.theta_3,0.0041824877
36.9132,B,mrac.roll.theta_4,0.12818581
36.9132,B,mrac.roll.theta_5,0.13791357
36.9132,B,mrac.roll.u_nom,-0.0055968235
36.9132,B,mrac.roll.xm,0.05625435
36.9132,B,mrac.yaw.theta_0,0.036636598
36.9132,B,mrac.yaw.theta_1,0.00012441954
36.9132,B,mrac.yaw.theta_2,0.0024305454
36.9132,B,mrac.yaw.theta_3,0
36.9132,B,mrac.yaw.theta_4,0.083520032
36.9132,B,mrac.yaw.theta_5,0.088093653
36.9132,B,mrac.yaw.u_nom,-0.0088330843
36.9132,B,mrac.yaw.xm,-0.01209483
36.9132,B,mrac.z.theta_0,0.26693356
36.9132,B,mrac.z.theta_1,4.3968594e-05
36.9132,B,mrac.z.theta_2,0.0060335784
36.9132,B,mrac.z.theta_3,0
36.9132,B,mrac.z.theta_4,0.19875868
36.9132,B,mrac.z.theta_5,0.19120976
36.9132,B,mrac.z.u_nom,0.008132848
36.9132,B,mrac.z.xm,0
36.9132,B,path.active_path_mode,0
36.9132,B,path.circle_theta,0
36.9132,B,path.sinusoid_t_elapsed,30.002968
36.9132,B,path.twc_arrived,0
36.9132,B,path.twc_target_x,-10.000002
36.9132,B,path.twc_target_y,-29.999998
36.9132,B,path.twc_target_z,0.60000002
36.9132,B,pid.gyrox.Des,3.2231355
36.9132,B,pid.gyrox.FB,0.21888116
36.9132,B,pid.gyrox.U,-6.5482836
36.9132,B,pid.gyroy.Des,0.776739
36.9132,B,pid.gyroy.FB,0.33508447
36.9132,B,pid.gyroy.U,-23.56654
36.9132,B,pid.gyroz.Des,-0.69298244
36.9132,B,pid.gyroz.FB,1.363625
36.9132,B,pid.gyroz.U,-16.535534
36.9132,B,pid.locx.Des,-8.2797871
36.9132,B,pid.locx.FB,-9.4675283
36.9132,B,pid.locx.U,2.984961
36.9132,B,pid.locxs.Des,2.984961
36.9132,B,pid.locxs.FB,-1.9316033
36.9132,B,pid.locxs.U,14.795959
36.9132,B,pid.locy.Des,-2.2112043
36.9132,B,pid.locy.FB,-2.5308411
36.9132,B,pid.locy.U,-1.0184363
36.9132,B,pid.locys.Des,-1.0184363
36.9132,B,pid.locys.FB,-0.51856416
36.9132,B,pid.locys.U,-1.4676477
36.9132,B,pid.pitch.Des,-0.30678698
36.9132,B,pid.pitch.FB,-0.55054784
36.9132,B,pid.pitch.U,0.776739
36.9132,B,pid.roll.Des,-0.81257272
36.9132,B,pid.roll.FB,-1.8777044
36.9132,B,pid.roll.U,3.2231355
36.9132,B,pid.yaw.Des,-15.09683
36.9132,B,pid.yaw.FB,-15.02748
36.9132,B,pid.yaw.U,-0.69298244
36.9132,B,pid.z_pos.Des,0.0099941678
36.9132,B,pid.z_pos.FB,0.0099941678
36.9132,B,pid.z_pos.U,0
36.9132,B,pid.z_rate.Des,0
36.9132,B,pid.z_rate.FB,-0.0035113837
36.9132,B,pid.z_rate.U,1.8054922
37.1133,A,mrac.pitch.e,-0.037393823
37.1133,A,mrac.pitch.u_ad,0.1498014
37.1133,A,mrac.roll.e,-0.029057102
37.1133,A,mrac.roll.u_ad,0.15749966
37.1133,A,mrac.yaw.e,0.0049808482
37.1133,A,mrac.yaw.u_ad,0.037150361
37.1133,A,mrac.z.e,-0.0036440545
37.1133,A,mrac.z.u_ad,0.2666446
37.1133,A,status.arm,1
37.1133,A,status.flymode,1
37.1133,A,status.rc_authority,0
37.1133,A,status.sbus_lost,0
37.1133,A,status.twc_arrived,0
37.1133,A,status.twc_execute,0
37.1133,B,mrac.pitch.theta_0,0.13856947
37.1133,B,mrac.pitch.theta_1,0.00094124553
37.1133,B,mrac.pitch.theta_2,0.0073144557
37.1133,B,mrac.pitch.theta_3,0.0037375055
37.1133,B,mrac.pitch.theta_4,0.18389897
37.1133,B,mrac.pitch.theta_5,0.14358538
37.1133,B,mrac.pitch.u_nom,0.010291756
37.1133,B,mrac.pitch.xm,0.028564552
37.1133,B,mrac.roll.theta_0,0.14890987
37.1133,B,mrac.roll.theta_1,0.0030997994
37.1133,B,mrac.roll.theta_2,0.0021881168
37.1133,B,mrac.roll.theta_3,0.0041823904
37.1133,B,mrac.roll.theta_4,0.12818618
37.1133,B,mrac.roll.theta_5,0.13791241
37.1133,B,mrac.roll.u_nom,-0.014974725
37.1133,B,mrac.roll.xm,0.048782617
37.1133,B,mrac.yaw.theta_0,0.036887139
37.1133,B,mrac.yaw.theta_1,0.00012432474
37.1133,B,mrac.yaw.theta_2,0.0024305903
37.1133,B,mrac.yaw.theta_3,0
37.1133,B,mrac.yaw.theta_4,0.083520025
37.1133,B,mrac.yaw.theta_5,0.088092297
37.1133,B,mrac.yaw.u_nom,0.0038976124
37.1133,B,mrac.yaw.xm,0.00318714
37.1133,B,mrac.z.theta_0,0.26471937
37.1133,B,mrac.z.theta_1,4.3279597e-05
37.1133,B,mrac.z.theta_2,0.0060313963
37.1133,B,mrac.z.theta_3,0
37.1133,B,mrac.z.theta_4,0.19874629
37.1133,B,mrac.z.theta_5,0.19119117
37.1133,B,mrac.z.u_nom,0.02878651
37.1133,B,mrac.z.xm,0
37.1133,B,path.active_path_mode,0
37.1133,B,path.circle_theta,0
37.1133,B,path.sinusoid_t_elapsed,30.002968
37.1133,B,path.twc_arrived,0
37.1133,B,path.twc_target_x,-10.000002
37.1133,B,path.twc_target_y,-29.999998
37.1133,B,path.twc_target_z,0.60000002
37.1133,B,pid.gyrox.Des,2.7950368
37.1133,B,pid.gyrox.FB,3.1291618
37.1133,B,pid.gyrox.U,-17.520428
37.1133,B,pid.gyroy.Des,1.6366276
37.1133,B,pid.gyroy.FB,-0.52050942
37.1133,B,pid.gyroy.U,12.041355
37.1133,B,pid.gyroz.Des,0.18260959
37.1133,B,pid.gyroz.FB,-0.73587066
37.1133,B,pid.gyroz.U,7.2963305
37.1133,B,pid.locx.Des,-8.2797871
37.1133,B,pid.locx.FB,-9.6268415
37.1133,B,pid.locx.U,3.1162484
37.1133,B,pid.locxs.Des,3.1162484
37.1133,B,pid.locxs.FB,-1.668467
37.1133,B,pid.locxs.U,14.398833
37.1133,B,pid.locy.Des,-2.2112043
37.1133,B,pid.locy.FB,-2.573782
37.1133,B,pid.locy.U,-0.92485785
37.1133,B,pid.locys.Des,-0.92485785
37.1133,B,pid.locys.FB,-1.4886967
37.1133,B,pid.locys.U,1.7277206
37.1133,B,pid.pitch.Des,-0.12274498
37.1133,B,pid.pitch.FB,-0.65732437
37.1133,B,pid.pitch.U,1.6366276
37.1133,B,pid.roll.Des,-0.83823097
37.1133,B,pid.roll.FB,-1.8109173
37.1133,B,pid.roll.U,2.7950368
37.1133,B,pid.yaw.Des,-15.09683
37.1133,B,pid.yaw.FB,-15.17603
37.1133,B,pid.yaw.U,0.18260959
37.1133,B,pid.z_pos.Des,0.0099943476
37.1133,B,pid.z_pos.FB,0.0099943476
37.1133,B,pid.z_pos.U,0
37.1133,B,pid.z_rate.Des,0
37.1133,B,pid.z_rate.FB,-0.014348968
37.1133,B,pid.z_rate.U,6.3906054
37.3135,A,mrac.pitch.e,-0.01711224
37.3135,A,mrac.pitch.u_ad,0.14299439
37.3135,A,mrac.roll.e,-0.041451808
37.3135,A,mrac.roll.u_ad,0.15616125
37.3135,A,mrac.yaw.e,0.01838688
37.3135,A,mrac.yaw.u_ad,0.038341843
37.3135,A,mrac.z.e,-0.00010110632
37.3135,A,mrac.z.u_ad,0.26538834
37.3135,A,status.arm,1
37.3135,A,status.flymode,1
37.3135,A,status.rc_authority,0
37.3135,A,status.sbus_lost,0
37.3135,A,status.twc_arrived,0
37.3135,A,status.twc_execute,0
37.3136,B,mrac.pitch.theta_0,0.13871937
37.3136,B,mrac.pitch.theta_1,0.00094103947
37.3136,B,mrac.pitch.theta_2,0.007314451
37.3136,B,mrac.pitch.theta_3,0.0037374911
37.3136,B,mrac.pitch.theta_4,0.18389809
37.3136,B,mrac.pitch.theta_5,0.14358459
37.3136,B,mrac.pitch.u_nom,0.0021728312
37.3136,B,mrac.pitch.xm,0.021360878
37.3136,B,mrac.roll.theta_0,0.14896373
37.3136,B,mrac.roll.theta_1,0.003091932
37.3136,B,mrac.roll.theta_2,0.0021882069
37.3136,B,mrac.roll.theta_3,0.00418224
37.3136,B,mrac.roll.theta_4,0.12818691
37.3136,B,mrac.roll.theta_5,0.13790978
37.3136,B,mrac.roll.u_nom,0.017297652
37.3136,B,mrac.roll.xm,0.050081547
37.3136,B,mrac.yaw.theta_0,0.037597835
37.3136,B,mrac.yaw.theta_1,0.00012424229
37.3136,B,mrac.yaw.theta_2,0.0024306795
37.3136,B,mrac.yaw.theta_3,0
37.3136,B,mrac.yaw.theta_4,0.08351972
37.3136,B,mrac.yaw.theta_5,0.088090919
37.3136,B,mrac.yaw.u_nom,0.0053939009
37.3136,B,mrac.yaw.xm,0.011467529
37.3136,B,mrac.z.theta_0,0.26471937
37.3136,B,mrac.z.theta_1,4.3279597e-05
37.3136,B,mrac.z.theta_2,0.0060313963
37.3136,B,mrac.z.theta_3,0
37.3136,B,mrac.z.theta_4,0.19874629
37.3136,B,mrac.z.theta_5,0.19119117
37.3136,B,mrac.z.u_nom,0.0033175573
37.3136,B,mrac.z.xm,0
37.3136,B,path.active_path_mode,0
37.3136,B,path.circle_theta,0
37.3136,B,path.sinusoid_t_elapsed,30.002968
37.3136,B,path.twc_arrived,0
37.3136,B,path.twc_target_x,-10.000002
37.3136,B,path.twc_target_y,-29.999998
37.3136,B,path.twc_target_z,0.60000002
37.3136,B,pid.gyrox.Des,2.8694601
37.3136,B,pid.gyrox.FB,-0.572806
37.3136,B,pid.gyrox.U,20.238253
37.3136,B,pid.gyroy.Des,1.2238877
37.3136,B,pid.gyroy.FB,0.53413218
37.3136,B,pid.gyroy.U,2.5422125
37.3136,B,pid.gyroz.Des,0.65704077
37.3136,B,pid.gyroz.FB,-0.60422564
37.3136,B,pid.gyroz.U,10.097383
37.3136,B,pid.locx.Des,-8.2797871
37.3136,B,pid.locx.FB,-9.8680973
37.3136,B,pid.locx.U,3.3092453
37.3136,B,pid.locxs.Des,3.3092453
37.3136,B,pid.locxs.FB,-1.6672976
37.3136,B,pid.locxs.U,14.976804
37.3136,B,pid.locy.Des,-2.2112043
37.3136,B,pid.locy.FB,-2.6393249
37.3136,B,pid.locy.U,-0.7732321
37.3136,B,pid.locys.Des,-0.7732321
37.3136,B,pid.locys.FB,-1.4900062
37.3136,B,pid.locys.U,2.1876123
37.3136,B,pid.pitch.Des,-0.1063488
37.3136,B,pid.pitch.FB,-0.52141273
37.3136,B,pid.pitch.U,1.2238877
37.3136,B,pid.roll.Des,-0.87778223
37.3136,B,pid.roll.FB,-1.8341882
37.3136,B,pid.roll.U,2.8694601
37.3136,B,pid.yaw.Des,-15.09683
37.3136,B,pid.yaw.FB,-15.221017
37.3136,B,pid.yaw.U,0.65704077
37.3136,B,pid.z_pos.Des,0.0099944621
37.3136,B,pid.z_pos.FB,0.0099944621
37.3136,B,pid.z_pos.U,0
37.3136,B,pid.z_rate.Des,0
37.3136,B,pid.z_rate.FB,-7.4007323e-05
37.3136,B,pid.z_rate.U,0.7364977
37.5352,A,mrac.pitch.e,-0.02123327
37.5352,A,mrac.pitch.u_ad,0.14214213
37.5352,A,mrac.roll.e,-0.05137711
37.5352,A,mrac.roll.u_ad,0.15708822
37.5352,A,mrac.yaw.e,-0.019447135
37.5352,A,mrac.yaw.u_ad,0.040804025
37.5352,A,mrac.z.e,0.079235628
37.5352,A,mrac.z.u_ad,0.22926466
37.5352,A,status.arm,1
37.5352,A,status.flymode,1
37.5352,A,status.rc_authority,0
37.5352,A,status.sbus_lost,0
37.5352,A,status.twc_arrived,0
37.5352,A,status.twc_execute,0
37.5354,B,mrac.pitch.theta_0,0.13900004
37.5354,B,mrac.pitch.theta_1,0.000940667
37.5354,B,mrac.pitch.theta_2,0.0073144361
37.5354,B,mrac.pitch.theta_3,0.0037374636
37.5354,B,mrac.pitch.theta_4,0.1838965
37.5354,B,mrac.pitch.theta_5,0.14358301
37.5354,B,mrac.pitch.u_nom,0.028642397
37.5354,B,mrac.pitch.xm,0.02129437
37.5354,B,mrac.roll.theta_0,0.14900362
37.5354,B,mrac.roll.theta_1,0.0030847522
37.5354,B,mrac.roll.theta_2,0.0021883745
37.5354,B,mrac.roll.theta_3,0.0041821301
37.5354,B,mrac.roll.theta_4,0.12818895
37.5354,B,mrac.roll.theta_5,0.13790865
37.5354,B,mrac.roll.u_nom,-0.0017468318
37.5354,B,mrac.roll.xm,0.048971426
37.5354,B,mrac.yaw.theta_0,0.038136873
37.5354,B,mrac.yaw.theta_1,0.00012419833
37.5354,B,mrac.yaw.theta_2,0.002430703
37.5354,B,mrac.yaw.theta_3,0
37.5354,B,mrac.yaw.theta_4,0.083519384
37.5354,B,mrac.yaw.theta_5,0.088089898
37.5354,B,mrac.yaw.u_nom,0.012729337
37.5354,B,mrac.yaw.xm,0.019932153
37.5354,B,mrac.z.theta_0,0.26239425
37.5354,B,mrac.z.theta_1,4.2591841e-05
37.5354,B,mrac.z.theta_2,0.0060290121
37.5354,B,mrac.z.theta_3,0
37.5354,B,mrac.z.theta_4,0.19873405
37.5354,B,mrac.z.theta_5,0.19117257
37.5354,B,mrac.z.u_nom,0.057676654
37.5354,B,mrac.z.xm,0
37.5354,B,path.active_path_mode,0
37.5354,B,path.circle_theta,0
37.5354,B,path.sinusoid_t_elapsed,30.002968
37.5354,B,path.twc_arrived,0
37.5354,B,path.twc_target_x,-10.000002
37.5354,B,path.twc_target_y,-29.999998
37.5354,B,path.twc_target_z,0.60000002
37.5354,B,pid.gyrox.Des,2.8058548
37.5354,B,pid.gyrox.FB,2.5707867
37.5354,B,pid.gyrox.U,-2.0437932
37.5354,B,pid.gyroy.Des,1.220077
37.5354,B,pid.gyroy.FB,-2.0460496
37.5354,B,pid.gyroy.U,33.511604
37.5354,B,pid.gyroz.Des,1.1420277
37.5354,B,pid.gyroz.FB,-1.8339995
37.5354,B,pid.gyroz.U,23.829319
37.5354,B,pid.locx.Des,-8.2797871
37.5354,B,pid.locx.FB,-10.027279
37.5354,B,pid.locx.U,3.432724
37.5354,B,pid.locxs.Des,3.432724
37.5354,B,pid.locxs.FB,-1.6661395
37.5354,B,pid.locxs.U,15.340917
37.5354,B,pid.locy.Des,-2.2112043
37.5354,B,pid.locy.FB,-2.6827574
37.5354,B,pid.locy.U,-0.66744101
37.5354,B,pid.locys.Des,-0.66744101
37.5354,B,pid.locys.FB,-1.4913012
37.5354,B,pid.locys.U,2.5146432
37.5354,B,pid.pitch.Des,-0.094203398
37.5354,B,pid.pitch.FB,-0.48714676
37.5354,B,pid.pitch.U,1.220077
37.5354,B,pid.roll.Des,-0.90325046
37.5354,B,pid.roll.FB,-1.8740033
37.5354,B,pid.roll.U,2.8058548
37.5354,B,pid.yaw.Des,-15.09683
37.5354,B,pid.yaw.FB,-15.265533
37.5354,B,pid.yaw.U,1.1420277
37.5354,B,pid.z_pos.Des,0.0099942898
37.5354,B,pid.z_pos.FB,0.0099942898
37.5354,B,pid.z_pos.U,0
37.5354,B,pid.z_rate.Des,0
37.5354,B,pid.z_rate.FB,-0.029783884
37.5354,B,pid.z_rate.U,12.804217
37.7483,A,mrac.pitch.e,-0.037324775
37.7483,A,mrac.pitch.u_ad,0.14551552
37.7483,A,mrac.roll.e,-0.04338792
37.7483,A,mrac.roll.u_ad,0.15570848
37.7483,A,mrac.yaw.e,-0.062710695
37.7483,A,mrac.yaw.u_ad,0.041976862
37.7483,A,mrac.z.e,-0.05841925
37.7483,A,mrac.z.u_ad,0.28226811
37.7483,A,status.arm,1
37.7483,A,status.flymode,1
37.7483,A,status.rc_authority,0
37.7483,A,status.sbus_lost,0
37.7483,A,status.twc_arrived,0
37.7483,A,status.twc_execute,0
37.7484,B,mrac.pitch.theta_0,0.13907038
37.7484,B,mrac.pitch.theta_1,0.00094057468
37.7484,B,mrac.pitch.theta_2,0.0073144319
37.7484,B,mrac.pitch.theta_3,0.0037374573
37.7484,B,mrac.pitch.theta_4,0.18389599
37.7484,B,mrac.pitch.theta_5,0.14358263
37.7484,B,mrac.pitch.u_nom,-0.014379612
37.7484,B,mrac.pitch.xm,0.021620845
37.7484,B,mrac.roll.theta_0,0.14900149
37.7484,B,mrac.roll.theta_1,0.0030843166
37.7484,B,mrac.roll.theta_2,0.0021883557
37.7484,B,mrac.roll.theta_3,0.0041820919
37.7484,B,mrac.roll.theta_4,0.12818813
37.7484,B,mrac.roll.theta_5,0.13790759
37.7484,B,mrac.roll.u_nom,0.0050986344
37.7484,B,mrac.roll.xm,0.046846796
37.7484,B,mrac.yaw.theta_0,0.038302749
37.7484,B,mrac.yaw.theta_1,0.0001241827
37.7484,B,mrac.yaw.theta_2,0.0024307151
37.7484,B,mrac.yaw.theta_3,0
37.7484,B,mrac.yaw.theta_4,0.083519384
37.7484,B,mrac.yaw.theta_5,0.088089645
37.7484,B,mrac.yaw.u_nom,0.0029380454
37.7484,B,mrac.yaw.xm,0.022988873
37.7484,B,mrac.z.theta_0,0.25771213
37.7484,B,mrac.z.theta_1,4.2102962e-05
37.7484,B,mrac.z.theta_2,0.006026729
37.7484,B,mrac.z.theta_3,0
37.7484,B,mrac.z.theta_4,0.19872764
37.7484,B,mrac.z.theta_5,0.19116147
37.7484,B,mrac.z.u_nom,0.22363916
37.7484,B,mrac.z.xm,0
37.7484,B,path.active_path_mode,0
37.7484,B,path.circle_theta,0
37.7484,B,path.sinusoid_t_elapsed,30.002968
37.7484,B,path.twc_arrived,0
37.7484,B,path.twc_target_x,-10.000002
37.7484,B,path.twc_target_y,-29.999998
37.7484,B,path.twc_target_z,0.60000002
37.7484,B,pid.gyrox.Des,2.6841226
37.7484,B,pid.gyrox.FB,0.84696418
37.7484,B,pid.gyrox.U,5.9654021
37.7484,B,pid.gyroy.Des,1.2387826
37.7484,B,pid.gyroy.FB,0.6977669
37.7484,B,pid.gyroy.U,-16.824146
37.7484,B,pid.gyroz.Des,1.3171648
37.7484,B,pid.gyroz.FB,0.63736838
37.7484,B,pid.gyroz.U,5.500021
37.7484,B,pid.locx.Des,-8.2797871
37.7484,B,pid.locx.FB,-10.109275
37.7484,B,pid.locx.U,3.5021796
37.7484,B,pid.locxs.Des,3.5021796
37.7484,B,pid.locxs.FB,-1.6659167
37.7484,B,pid.locxs.U,15.552074
37.7484,B,pid.locy.Des,-2.2112043
37.7484,B,pid.locy.FB,-2.705157
37.7484,B,pid.locy.U,-0.60494196
37.7484,B,pid.locys.Des,-0.60494196
37.7484,B,pid.locys.FB,-1.49155
37.7484,B,pid.locys.U,2.7004812
37.7484,B,pid.pitch.Des,-0.087120704
37.7484,B,pid.pitch.FB,-0.48863411
37.7484,B,pid.pitch.U,1.2387826
37.7484,B,pid.roll.Des,-0.91799343
37.7484,B,pid.roll.FB,-1.8185756
37.7484,B,pid.roll.U,2.6841226
37.7484,B,pid.yaw.Des,-15.09683
37.7484,B,pid.yaw.FB,-15.27409
37.7484,B,pid.yaw.U,1.3171648
37.7484,B,pid.z_pos.Des,0.0099946
37.7484,B,pid.z_pos.FB,0.0099946
37.7484,B,pid.z_pos.U,0
37.7484,B,pid.z_rate.Des,0
37.7484,B,pid.z_rate.FB,-0.12213956
37.7484,B,pid.z_rate.U,49.647892
37.9648,A,mrac.pitch.e,-0.037324775
37.9648,A,mrac.pitch.u_ad,0.14551552
37.9648,A,mrac.roll.e,-0.04338792
37.9648,A,mrac.roll.u_ad,0.15570848
37.9648,A,mrac.yaw.e,-0.062710695
37.9648,A,mrac.yaw.u_ad,0.041976862
37.9648,A,mrac.z.e,-0.05841925
37.9648,A,mrac.z.u_ad,0.28226811
37.9648,A,status.arm,1
37.9648,A,status.flymode,1
37.9648,A,status.rc_authority,0
37.9648,A,status.sbus_lost,0
37.9648,A,status.twc_arrived,0
37.9648,A,status.twc_execute,0
37.9649,B,mrac.pitch.theta_0,0.13907038
37.9649,B,mrac.pitch.theta_1,0.00094057468
37.9649,B,mrac.pitch.theta_2,0.0073144319
37.9649,B,mrac.pitch.theta_3,0.0037374573
37.9649,B,mrac.pitch.theta_4,0.18389599
37.9649,B,mrac.pitch.theta_5,0.14358263
37.9649,B,mrac.pitch.u_nom,-0.014379612
37.9649,B,mrac.pitch.xm,0.021620845
37.9649,B,mrac.roll.theta_0,0.14900149
37.9649,B,mrac.roll.theta_1,0.0030843166
37.9649,B,mrac.roll.theta_2,0.0021883557
37.9649,B,mrac.roll.theta_3,0.0041820919
37.9649,B,mrac.roll.theta_4,0.12818813
37.9649,B,mrac.roll.theta_5,0.13790759
37.9649,B,mrac.roll.u_nom,0.0050986344
37.9649,B,mrac.roll.xm,0.046846796
37.9649,B,mrac.yaw.theta_0,0.038302749
37.9649,B,mrac.yaw.theta_1,0.0001241827
37.9649,B,mrac.yaw.theta_2,0.0024307151
37.9649,B,mrac.yaw.theta_3,0
37.9649,B,mrac.yaw.theta_4,0.083519384
37.9649,B,mrac.yaw.theta_5,0.088089645
37.9649,B,mrac.yaw.u_nom,0.0029380454
37.9649,B,mrac.yaw.xm,0.022988873
37.9649,B,mrac.z.theta_0,0.25771213
37.9649,B,mrac.z.theta_1,4.2102962e-05
37.9649,B,mrac.z.theta_2,0.006026729
37.9649,B,mrac.z.theta_3,0
37.9649,B,mrac.z.theta_4,0.19872764
37.9649,B,mrac.z.theta_5,0.19116147
37.9649,B,mrac.z.u_nom,0.22363916
37.9649,B,mrac.z.xm,0
37.9649,B,path.active_path_mode,0
37.9649,B,path.circle_theta,0
37.9649,B,path.sinusoid_t_elapsed,30.002968
37.9649,B,path.twc_arrived,0
37.9649,B,path.twc_target_x,-10.000002
37.9649,B,path.twc_target_y,-29.999998
37.9649,B,path.twc_target_z,0.60000002
37.9649,B,pid.gyrox.Des,2.6841226
37.9649,B,pid.gyrox.FB,0.84696418
37.9649,B,pid.gyrox.U,5.9654021
37.9649,B,pid.gyroy.Des,1.2387826
37.9649,B,pid.gyroy.FB,0.6977669
37.9649,B,pid.gyroy.U,-16.824146
37.9649,B,pid.gyroz.Des,1.3171648
37.9649,B,pid.gyroz.FB,0.63736838
37.9649,B,pid.gyroz.U,5.500021
37.9649,B,pid.locx.Des,-8.2797871
37.9649,B,pid.locx.FB,-10.109275
37.9649,B,pid.locx.U,3.5021796
37.9649,B,pid.locxs.Des,3.5021796
37.9649,B,pid.locxs.FB,-1.6659167
37.9649,B,pid.locxs.U,15.552074
37.9649,B,pid.locy.Des,-2.2112043
37.9649,B,pid.locy.FB,-2.705157
37.9649,B,pid.locy.U,-0.60494196
37.9649,B,pid.locys.Des,-0.60494196
37.9649,B,pid.locys.FB,-1.49155
37.9649,B,pid.locys.U,2.7004812
37.9649,B,pid.pitch.Des,-0.087120704
37.9649,B,pid.pitch.FB,-0.48863411
37.9649,B,pid.pitch.U,1.2387826
37.9649,B,pid.roll.Des,-0.91799343
37.9649,B,pid.roll.FB,-1.8185756
37.9649,B,pid.roll.U,2.6841226
37.9649,B,pid.yaw.Des,-15.09683
37.9649,B,pid.yaw.FB,-15.27409
37.9649,B,pid.yaw.U,1.3171648
37.9649,B,pid.z_pos.Des,0.0099946
37.9649,B,pid.z_pos.FB,0.0099946
37.9649,B,pid.z_pos.U,0
37.9649,B,pid.z_rate.Des,0
37.9649,B,pid.z_rate.FB,-0.12213956
37.9649,B,pid.z_rate.U,49.647892
38.1808,A,mrac.pitch.e,-0.037324775
38.1808,A,mrac.pitch.u_ad,0.14551552
38.1808,A,mrac.roll.e,-0.04338792
38.1808,A,mrac.roll.u_ad,0.15570848
38.1808,A,mrac.yaw.e,-0.062710695
38.1808,A,mrac.yaw.u_ad,0.041976862
38.1808,A,mrac.z.e,-0.05841925
38.1808,A,mrac.z.u_ad,0.28226811
38.1808,A,status.arm,1
38.1808,A,status.flymode,1
38.1808,A,status.rc_authority,0
38.1808,A,status.sbus_lost,0
38.1808,A,status.twc_arrived,0
38.1808,A,status.twc_execute,0
38.1810,B,mrac.pitch.theta_0,0.13907038
38.1810,B,mrac.pitch.theta_1,0.00094057468
38.1810,B,mrac.pitch.theta_2,0.0073144319
38.1810,B,mrac.pitch.theta_3,0.0037374573
38.1810,B,mrac.pitch.theta_4,0.18389599
38.1810,B,mrac.pitch.theta_5,0.14358263
38.1810,B,mrac.pitch.u_nom,-0.014379612
38.1810,B,mrac.pitch.xm,0.021620845
38.1810,B,mrac.roll.theta_0,0.14900149
38.1810,B,mrac.roll.theta_1,0.0030843166
38.1810,B,mrac.roll.theta_2,0.0021883557
38.1810,B,mrac.roll.theta_3,0.0041820919
38.1810,B,mrac.roll.theta_4,0.12818813
38.1810,B,mrac.roll.theta_5,0.13790759
38.1810,B,mrac.roll.u_nom,0.0050986344
38.1810,B,mrac.roll.xm,0.046846796
38.1810,B,mrac.yaw.theta_0,0.038302749
38.1810,B,mrac.yaw.theta_1,0.0001241827
38.1810,B,mrac.yaw.theta_2,0.0024307151
38.1810,B,mrac.yaw.theta_3,0
38.1810,B,mrac.yaw.theta_4,0.083519384
38.1810,B,mrac.yaw.theta_5,0.088089645
38.1810,B,mrac.yaw.u_nom,0.0029380454
38.1810,B,mrac.yaw.xm,0.022988873
38.1810,B,mrac.z.theta_0,0.25771213
38.1810,B,mrac.z.theta_1,4.2102962e-05
38.1810,B,mrac.z.theta_2,0.006026729
38.1810,B,mrac.z.theta_3,0
38.1810,B,mrac.z.theta_4,0.19872764
38.1810,B,mrac.z.theta_5,0.19116147
38.1810,B,mrac.z.u_nom,0.22363916
38.1810,B,mrac.z.xm,0
38.1810,B,path.active_path_mode,0
38.1810,B,path.circle_theta,0
38.1810,B,path.sinusoid_t_elapsed,30.002968
38.1810,B,path.twc_arrived,0
38.1810,B,path.twc_target_x,-10.000002
38.1810,B,path.twc_target_y,-29.999998
38.1810,B,path.twc_target_z,0.60000002
38.1810,B,pid.gyrox.Des,2.6841226
38.1810,B,pid.gyrox.FB,0.84696418
38.1810,B,pid.gyrox.U,5.9654021
38.1810,B,pid.gyroy.Des,1.2387826
38.1810,B,pid.gyroy.FB,0.6977669
38.1810,B,pid.gyroy.U,-16.824146
38.1810,B,pid.gyroz.Des,1.3171648
38.1810,B,pid.gyroz.FB,0.63736838
38.1810,B,pid.gyroz.U,5.500021
38.1810,B,pid.locx.Des,-8.2797871
38.1810,B,pid.locx.FB,-10.109275
38.1810,B,pid.locx.U,3.5021796
38.1810,B,pid.locxs.Des,3.5021796
38.1810,B,pid.locxs.FB,-1.6659167
38.1810,B,pid.locxs.U,15.552074
38.1810,B,pid.locy.Des,-2.2112043
38.1810,B,pid.locy.FB,-2.705157
38.1810,B,pid.locy.U,-0.60494196
38.1810,B,pid.locys.Des,-0.60494196
38.1810,B,pid.locys.FB,-1.49155
38.1810,B,pid.locys.U,2.7004812
38.1810,B,pid.pitch.Des,-0.087120704
38.1810,B,pid.pitch.FB,-0.48863411
38.1810,B,pid.pitch.U,1.2387826
38.1810,B,pid.roll.Des,-0.91799343
38.1810,B,pid.roll.FB,-1.8185756
38.1810,B,pid.roll.U,2.6841226
38.1810,B,pid.yaw.Des,-15.09683
38.1810,B,pid.yaw.FB,-15.27409
38.1810,B,pid.yaw.U,1.3171648
38.1810,B,pid.z_pos.Des,0.0099946
38.1810,B,pid.z_pos.FB,0.0099946
38.1810,B,pid.z_pos.U,0
38.1810,B,pid.z_rate.Des,0
38.1810,B,pid.z_rate.FB,-0.12213956
38.1810,B,pid.z_rate.U,49.647892
38.3976,A,mrac.pitch.e,-0.037324775
38.3976,A,mrac.pitch.u_ad,0.14551552
38.3976,A,mrac.roll.e,-0.04338792
38.3976,A,mrac.roll.u_ad,0.15570848
38.3976,A,mrac.yaw.e,-0.062710695
38.3976,A,mrac.yaw.u_ad,0.041976862
38.3976,A,mrac.z.e,-0.05841925
38.3976,A,mrac.z.u_ad,0.28226811
38.3976,A,status.arm,1
38.3976,A,status.flymode,1
38.3976,A,status.rc_authority,0
38.3976,A,status.sbus_lost,0
38.3976,A,status.twc_arrived,0
38.3976,A,status.twc_execute,0
38.3976,B,mrac.pitch.theta_0,0.13907038
38.3976,B,mrac.pitch.theta_1,0.00094057468
38.3976,B,mrac.pitch.theta_2,0.0073144319
38.3976,B,mrac.pitch.theta_3,0.0037374573
38.3976,B,mrac.pitch.theta_4,0.18389599
38.3976,B,mrac.pitch.theta_5,0.14358263
38.3976,B,mrac.pitch.u_nom,-0.014379612
38.3976,B,mrac.pitch.xm,0.021620845
38.3976,B,mrac.roll.theta_0,0.14900149
38.3976,B,mrac.roll.theta_1,0.0030843166
38.3976,B,mrac.roll.theta_2,0.0021883557
38.3976,B,mrac.roll.theta_3,0.0041820919
38.3976,B,mrac.roll.theta_4,0.12818813
38.3976,B,mrac.roll.theta_5,0.13790759
38.3976,B,mrac.roll.u_nom,0.0050986344
38.3976,B,mrac.roll.xm,0.046846796
38.3976,B,mrac.yaw.theta_0,0.038302749
38.3976,B,mrac.yaw.theta_1,0.0001241827
38.3976,B,mrac.yaw.theta_2,0.0024307151
38.3976,B,mrac.yaw.theta_3,0
38.3976,B,mrac.yaw.theta_4,0.083519384
38.3976,B,mrac.yaw.theta_5,0.088089645
38.3976,B,mrac.yaw.u_nom,0.0029380454
38.3976,B,mrac.yaw.xm,0.022988873
38.3976,B,mrac.z.theta_0,0.25771213
38.3976,B,mrac.z.theta_1,4.2102962e-05
38.3976,B,mrac.z.theta_2,0.006026729
38.3976,B,mrac.z.theta_3,0
38.3976,B,mrac.z.theta_4,0.19872764
38.3976,B,mrac.z.theta_5,0.19116147
38.3976,B,mrac.z.u_nom,0.22363916
38.3976,B,mrac.z.xm,0
38.3976,B,path.active_path_mode,0
38.3976,B,path.circle_theta,0
38.3976,B,path.sinusoid_t_elapsed,30.002968
38.3976,B,path.twc_arrived,0
38.3976,B,path.twc_target_x,-10.000002
38.3976,B,path.twc_target_y,-29.999998
38.3976,B,path.twc_target_z,0.60000002
38.3976,B,pid.gyrox.Des,2.6841226
38.3976,B,pid.gyrox.FB,0.84696418
38.3976,B,pid.gyrox.U,5.9654021
38.3976,B,pid.gyroy.Des,1.2387826
38.3976,B,pid.gyroy.FB,0.6977669
38.3976,B,pid.gyroy.U,-16.824146
38.3976,B,pid.gyroz.Des,1.3171648
38.3976,B,pid.gyroz.FB,0.63736838
38.3976,B,pid.gyroz.U,5.500021
38.3976,B,pid.locx.Des,-8.2797871
38.3976,B,pid.locx.FB,-10.109275
38.3976,B,pid.locx.U,3.5021796
38.3976,B,pid.locxs.Des,3.5021796
38.3976,B,pid.locxs.FB,-1.6659167
38.3976,B,pid.locxs.U,15.552074
38.3976,B,pid.locy.Des,-2.2112043
38.3976,B,pid.locy.FB,-2.705157
38.3976,B,pid.locy.U,-0.60494196
38.3976,B,pid.locys.Des,-0.60494196
38.3976,B,pid.locys.FB,-1.49155
38.3976,B,pid.locys.U,2.7004812
38.3976,B,pid.pitch.Des,-0.087120704
38.3976,B,pid.pitch.FB,-0.48863411
38.3976,B,pid.pitch.U,1.2387826
38.3976,B,pid.roll.Des,-0.91799343
38.3976,B,pid.roll.FB,-1.8185756
38.3976,B,pid.roll.U,2.6841226
38.3976,B,pid.yaw.Des,-15.09683
38.3976,B,pid.yaw.FB,-15.27409
38.3976,B,pid.yaw.U,1.3171648
38.3976,B,pid.z_pos.Des,0.0099946
38.3976,B,pid.z_pos.FB,0.0099946
38.3976,B,pid.z_pos.U,0
38.3976,B,pid.z_rate.Des,0
38.3976,B,pid.z_rate.FB,-0.12213956
38.3976,B,pid.z_rate.U,49.647892
38.5977,A,mrac.pitch.e,-0.024193883
38.5977,A,mrac.pitch.u_ad,0.14602932
38.5977,A,mrac.roll.e,-0.01550342
38.5977,A,mrac.roll.u_ad,0.15230182
38.5977,A,mrac.yaw.e,-0.075680628
38.5977,A,mrac.yaw.u_ad,0.064355098
38.5977,A,mrac.z.e,-0.020367576
38.5977,A,mrac.z.u_ad,0.26395047
38.5977,A,status.arm,1
38.5977,A,status.flymode,1
38.5977,A,status.rc_authority,0
38.5977,A,status.sbus_lost,0
38.5977,A,status.twc_arrived,0
38.5977,A,status.twc_execute,0
38.5978,B,mrac.pitch.theta_0,0.13959605
38.5978,B,mrac.pitch.theta_1,0.00093918742
38.5978,B,mrac.pitch.theta_2,0.0073143556
38.5978,B,mrac.pitch.theta_3,0.0037373705
38.5978,B,mrac.pitch.theta_4,0.18388928
38.5978,B,mrac.pitch.theta_5,0.1435764
38.5978,B,mrac.pitch.u_nom,0.027351709
38.5978,B,mrac.pitch.xm,0.020848932
38.5978,B,mrac.roll.theta_0,0.14903677
38.5978,B,mrac.roll.theta_1,0.0030698618
38.5978,B,mrac.roll.theta_2,0.002188507
38.5978,B,mrac.roll.theta_3,0.0041817748
38.5978,B,mrac.roll.theta_4,0.12818681
38.5978,B,mrac.roll.theta_5,0.13789873
38.5978,B,mrac.roll.u_nom,0.012432861
38.5978,B,mrac.roll.xm,0.029794954
38.5978,B,mrac.yaw.theta_0,0.054629512
38.5978,B,mrac.yaw.theta_1,0.00012435748
38.5978,B,mrac.yaw.theta_2,0.0024308932
38.5978,B,mrac.yaw.theta_3,0
38.5978,B,mrac.yaw.theta_4,0.083523281
38.5978,B,mrac.yaw.theta_5,0.088071212
38.5978,B,mrac.yaw.u_nom,0.020838773
38.5978,B,mrac.yaw.xm,0.072945043
38.5978,B,mrac.z.theta_0,0.25498244
38.5978,B,mrac.z.theta_1,4.0092749e-05
38.5978,B,mrac.z.theta_2,0.0060227737
38.5978,B,mrac.z.theta_3,0
38.5978,B,mrac.z.theta_4,0.19868402
38.5978,B,mrac.z.theta_5,0.19109806
38.5978,B,mrac.z.u_nom,0.084769286
38.5978,B,mrac.z.xm,0
38.5978,B,path.active_path_mode,0
38.5978,B,path.circle_theta,0
38.5978,B,path.sinusoid_t_elapsed,30.002968
38.5978,B,path.twc_arrived,0
38.5978,B,path.twc_target_x,-10.000002
38.5978,B,path.twc_target_y,-29.999998
38.5978,B,path.twc_target_z,0.60000002
38.5978,B,pid.gyrox.Des,1.7071244
38.5978,B,pid.gyrox.FB,1.6427213
38.5978,B,pid.gyrox.U,14.546448
38.5978,B,pid.gyroy.Des,1.1945553
38.5978,B,pid.gyroy.FB,-2.9219453
38.5978,B,pid.gyroy.U,32.001499
38.5978,B,pid.gyroz.Des,4.1794415
38.5978,B,pid.gyroz.FB,-0.62889713
38.5978,B,pid.gyroz.U,39.010181
38.5978,B,pid.locx.Des,-8.2797871
38.5978,B,pid.locx.FB,-10.991662
38.5978,B,pid.locx.U,4.204196
38.5978,B,pid.locxs.Des,4.204196
38.5978,B,pid.locxs.FB,-1.927633
38.5978,B,pid.locxs.U,18.441481
38.5978,B,pid.locy.Des,-2.2112043
38.5978,B,pid.locy.FB,-2.9472637
38.5978,B,pid.locy.U,0.14787102
38.5978,B,pid.locys.Des,0.14787102
38.5978,B,pid.locys.FB,-0.53313315
38.5978,B,pid.locys.U,2.1008604
38.5978,B,pid.pitch.Des,-0.16883701
38.5978,B,pid.pitch.FB,-0.53870624
38.5978,B,pid.pitch.U,1.1945553
38.5978,B,pid.roll.Des,-1.0710135
38.5978,B,pid.roll.FB,-1.6818923
38.5978,B,pid.roll.U,1.7071244
38.5978,B,pid.yaw.Des,-15.09683
38.5978,B,pid.yaw.FB,-15.460071
38.5978,B,pid.yaw.U,4.1794415
38.5978,B,pid.z_pos.Des,0.0099952491
38.5978,B,pid.z_pos.FB,0.0099952491
38.5978,B,pid.z_pos.U,0
38.5978,B,pid.z_rate.Des,0
38.5978,B,pid.z_rate.FB,-0.042585585
38.5978,B,pid.z_rate.U,18.818781
38.8002,A,mrac.pitch.e,-0.024193883
38.8002,A,mrac.pitch.u_ad,0.14602932
38.8002,A,mrac.roll.e,-0.01550342
38.8002,A,mrac.roll.u_ad,0.15230182
38.8002,A,mrac.yaw.e,-0.075680628
38.8002,A,mrac.yaw.u_ad,0.064355098
38.8002,A,mrac.z.e,-0.020367576
38.8002,A,mrac.z.u_ad,0.26395047
38.8002,A,status.arm,1
38.8002,A,status.flymode,1
38.8002,A,status.rc_authority,0
38.8002,A,status.sbus_lost,0
38.8002,A,status.twc_arrived,0
38.8002,A,status.twc_execute,0
38.8007,B,mrac.pitch.theta_0,0.13959605
38.8007,B,mrac.pitch.theta_1,0.00093918742
38.8007,B,mrac.pitch.theta_2,0.0073143556
38.8007,B,mrac.pitch.theta_3,0.0037373705
38.8007,B,mrac.pitch.theta_4,0.18388928
38.8007,B,mrac.pitch.theta_5,0.1435764
38.8007,B,mrac.pitch.u_nom,0.027351709
38.8007,B,mrac.pitch.xm,0.020848932
38.8007,B,mrac.roll.theta_0,0.14903677
38.8007,B,mrac.roll.theta_1,0.0030698618
38.8007,B,mrac.roll.theta_2,0.002188507
38.8007,B,mrac.roll.theta_3,0.0041817748
38.8007,B,mrac.roll.theta_4,0.12818681
38.8007,B,mrac.roll.theta_5,0.13789873
38.8007,B,mrac.roll.u_nom,0.012432861
38.8007,B,mrac.roll.xm,0.029794954
38.8007,B,mrac.yaw.theta_0,0.054629512
38.8007,B,mrac.yaw.theta_1,0.00012435748
38.8007,B,mrac.yaw.theta_2,0.0024308932
38.8007,B,mrac.yaw.theta_3,0
38.8007,B,mrac.yaw.theta_4,0.083523281
38.8007,B,mrac.yaw.theta_5,0.088071212
38.8007,B,mrac.yaw.u_nom,0.020838773
38.8007,B,mrac.yaw.xm,0.072945043
38.8007,B,mrac.z.theta_0,0.25498244
38.8007,B,mrac.z.theta_1,4.0092749e-05
38.8007,B,mrac.z.theta_2,0.0060227737
38.8007,B,mrac.z.theta_3,0
38.8007,B,mrac.z.theta_4,0.19868402
38.8007,B,mrac.z.theta_5,0.19109806
38.8007,B,mrac.z.u_nom,0.084769286
38.8007,B,mrac.z.xm,0
38.8007,B,path.active_path_mode,0
38.8007,B,path.circle_theta,0
38.8007,B,path.sinusoid_t_elapsed,30.002968
38.8007,B,path.twc_arrived,0
38.8007,B,path.twc_target_x,-10.000002
38.8007,B,path.twc_target_y,-29.999998
38.8007,B,path.twc_target_z,0.60000002
38.8007,B,pid.gyrox.Des,1.7071244
38.8007,B,pid.gyrox.FB,1.6427213
38.8007,B,pid.gyrox.U,14.546448
38.8007,B,pid.gyroy.Des,1.1945553
38.8007,B,pid.gyroy.FB,-2.9219453
38.8007,B,pid.gyroy.U,32.001499
38.8007,B,pid.gyroz.Des,4.1794415
38.8007,B,pid.gyroz.FB,-0.62889713
38.8007,B,pid.gyroz.U,39.010181
38.8007,B,pid.locx.Des,-8.2797871
38.8007,B,pid.locx.FB,-10.991662
38.8007,B,pid.locx.U,4.204196
38.8007,B,pid.locxs.Des,4.204196
38.8007,B,pid.locxs.FB,-1.927633
38.8007,B,pid.locxs.U,18.441481
38.8007,B,pid.locy.Des,-2.2112043
38.8007,B,pid.locy.FB,-2.9472637
38.8007,B,pid.locy.U,0.14787102
38.8007,B,pid.locys.Des,0.14787102
38.8007,B,pid.locys.FB,-0.53313315
38.8007,B,pid.locys.U,2.1008604
38.8007,B,pid.pitch.Des,-0.16883701
38.8007,B,pid.pitch.FB,-0.53870624
38.8007,B,pid.pitch.U,1.1945553
38.8007,B,pid.roll.Des,-1.0710135
38.8007,B,pid.roll.FB,-1.6818923
38.8007,B,pid.roll.U,1.7071244
38.8007,B,pid.yaw.Des,-15.09683
38.8007,B,pid.yaw.FB,-15.460071
38.8007,B,pid.yaw.U,4.1794415
38.8007,B,pid.z_pos.Des,0.0099952491
38.8007,B,pid.z_pos.FB,0.0099952491
38.8007,B,pid.z_pos.U,0
38.8007,B,pid.z_rate.Des,0
38.8007,B,pid.z_rate.FB,-0.042585585
38.8007,B,pid.z_rate.U,18.818781
39.0134,A,mrac.pitch.e,-0.024193883
39.0134,A,mrac.pitch.u_ad,0.14602932
39.0134,A,mrac.roll.e,-0.01550342
39.0134,A,mrac.roll.u_ad,0.15230182
39.0134,A,mrac.yaw.e,-0.075680628
39.0134,A,mrac.yaw.u_ad,0.064355098
39.0134,A,mrac.z.e,-0.020367576
39.0134,A,mrac.z.u_ad,0.26395047
39.0134,A,status.arm,1
39.0134,A,status.flymode,1
39.0134,A,status.rc_authority,0
39.0134,A,status.sbus_lost,0
39.0134,A,status.twc_arrived,0
39.0134,A,status.twc_execute,0
39.0135,B,mrac.pitch.theta_0,0.13959605
39.0135,B,mrac.pitch.theta_1,0.00093918742
39.0135,B,mrac.pitch.theta_2,0.0073143556
39.0135,B,mrac.pitch.theta_3,0.0037373705
39.0135,B,mrac.pitch.theta_4,0.18388928
39.0135,B,mrac.pitch.theta_5,0.1435764
39.0135,B,mrac.pitch.u_nom,0.027351709
39.0135,B,mrac.pitch.xm,0.020848932
39.0135,B,mrac.roll.theta_0,0.14903677
39.0135,B,mrac.roll.theta_1,0.0030698618
39.0135,B,mrac.roll.theta_2,0.002188507
39.0135,B,mrac.roll.theta_3,0.0041817748
39.0135,B,mrac.roll.theta_4,0.12818681
39.0135,B,mrac.roll.theta_5,0.13789873
39.0135,B,mrac.roll.u_nom,0.012432861
39.0135,B,mrac.roll.xm,0.029794954
39.0135,B,mrac.yaw.theta_0,0.054629512
39.0135,B,mrac.yaw.theta_1,0.00012435748
39.0135,B,mrac.yaw.theta_2,0.0024308932
39.0135,B,mrac.yaw.theta_3,0
39.0135,B,mrac.yaw.theta_4,0.083523281
39.0135,B,mrac.yaw.theta_5,0.088071212
39.0135,B,mrac.yaw.u_nom,0.020838773
39.0135,B,mrac.yaw.xm,0.072945043
39.0135,B,mrac.z.theta_0,0.25498244
39.0135,B,mrac.z.theta_1,4.0092749e-05
39.0135,B,mrac.z.theta_2,0.0060227737
39.0135,B,mrac.z.theta_3,0
39.0135,B,mrac.z.theta_4,0.19868402
39.0135,B,mrac.z.theta_5,0.19109806
39.0135,B,mrac.z.u_nom,0.084769286
39.0135,B,mrac.z.xm,0
39.0135,B,path.active_path_mode,0
39.0135,B,path.circle_theta,0
39.0135,B,path.sinusoid_t_elapsed,30.002968
39.0135,B,path.twc_arrived,0
39.0135,B,path.twc_target_x,-10.000002
39.0135,B,path.twc_target_y,-29.999998
39.0135,B,path.twc_target_z,0.60000002
39.0135,B,pid.gyrox.Des,1.7071244
39.0135,B,pid.gyrox.FB,1.6427213
39.0135,B,pid.gyrox.U,14.546448
39.0135,B,pid.gyroy.Des,1.1945553
39.0135,B,pid.gyroy.FB,-2.9219453
39.0135,B,pid.gyroy.U,32.001499
39.0135,B,pid.gyroz.Des,4.1794415
39.0135,B,pid.gyroz.FB,-0.62889713
39.0135,B,pid.gyroz.U,39.010181
39.0135,B,pid.locx.Des,-8.2797871
39.0135,B,pid.locx.FB,-10.991662
39.0135,B,pid.locx.U,4.204196
39.0135,B,pid.locxs.Des,4.204196
39.0135,B,pid.locxs.FB,-1.927633
39.0135,B,pid.locxs.U,18.441481
39.0135,B,pid.locy.Des,-2.2112043
39.0135,B,pid.locy.FB,-2.9472637
39.0135,B,pid.locy.U,0.14787102
39.0135,B,pid.locys.Des,0.14787102
39.0135,B,pid.locys.FB,-0.53313315
39.0135,B,pid.locys.U,2.1008604
39.0135,B,pid.pitch.Des,-0.16883701
39.0135,B,pid.pitch.FB,-0.53870624
39.0135,B,pid.pitch.U,1.1945553
39.0135,B,pid.roll.Des,-1.0710135
39.0135,B,pid.roll.FB,-1.6818923
39.0135,B,pid.roll.U,1.7071244
39.0135,B,pid.yaw.Des,-15.09683
39.0135,B,pid.yaw.FB,-15.460071
39.0135,B,pid.yaw.U,4.1794415
39.0135,B,pid.z_pos.Des,0.0099952491
39.0135,B,pid.z_pos.FB,0.0099952491
39.0135,B,pid.z_pos.U,0
39.0135,B,pid.z_rate.Des,0
39.0135,B,pid.z_rate.FB,-0.042585585
39.0135,B,pid.z_rate.U,18.818781
39.2149,A,mrac.pitch.e,-0.024193883
39.2149,A,mrac.pitch.u_ad,0.14602932
39.2149,A,mrac.roll.e,-0.01550342
39.2149,A,mrac.roll.u_ad,0.15230182
39.2149,A,mrac.yaw.e,-0.075680628
39.2149,A,mrac.yaw.u_ad,0.064355098
39.2149,A,mrac.z.e,-0.020367576
39.2149,A,mrac.z.u_ad,0.26395047
39.2149,A,status.arm,1
39.2149,A,status.flymode,1
39.2149,A,status.rc_authority,0
39.2149,A,status.sbus_lost,0
39.2149,A,status.twc_arrived,0
39.2149,A,status.twc_execute,0
39.2150,B,mrac.pitch.theta_0,0.13959605
39.2150,B,mrac.pitch.theta_1,0.00093918742
39.2150,B,mrac.pitch.theta_2,0.0073143556
39.2150,B,mrac.pitch.theta_3,0.0037373705
39.2150,B,mrac.pitch.theta_4,0.18388928
39.2150,B,mrac.pitch.theta_5,0.1435764
39.2150,B,mrac.pitch.u_nom,0.027351709
39.2150,B,mrac.pitch.xm,0.020848932
39.2150,B,mrac.roll.theta_0,0.14903677
39.2150,B,mrac.roll.theta_1,0.0030698618
39.2150,B,mrac.roll.theta_2,0.002188507
39.2150,B,mrac.roll.theta_3,0.0041817748
39.2150,B,mrac.roll.theta_4,0.12818681
39.2150,B,mrac.roll.theta_5,0.13789873
39.2150,B,mrac.roll.u_nom,0.012432861
39.2150,B,mrac.roll.xm,0.029794954
39.2150,B,mrac.yaw.theta_0,0.054629512
39.2150,B,mrac.yaw.theta_1,0.00012435748
39.2150,B,mrac.yaw.theta_2,0.0024308932
39.2150,B,mrac.yaw.theta_3,0
39.2150,B,mrac.yaw.theta_4,0.083523281
39.2150,B,mrac.yaw.theta_5,0.088071212
39.2150,B,mrac.yaw.u_nom,0.020838773
39.2150,B,mrac.yaw.xm,0.072945043
39.2150,B,mrac.z.theta_0,0.25498244
39.2150,B,mrac.z.theta_1,4.0092749e-05
39.2150,B,mrac.z.theta_2,0.0060227737
39.2150,B,mrac.z.theta_3,0
39.2150,B,mrac.z.theta_4,0.19868402
39.2150,B,mrac.z.theta_5,0.19109806
39.2150,B,mrac.z.u_nom,0.084769286
39.2150,B,mrac.z.xm,0
39.2150,B,path.active_path_mode,0
39.2150,B,path.circle_theta,0
39.2150,B,path.sinusoid_t_elapsed,30.002968
39.2150,B,path.twc_arrived,0
39.2150,B,path.twc_target_x,-10.000002
39.2150,B,path.twc_target_y,-29.999998
39.2150,B,path.twc_target_z,0.60000002
39.2150,B,pid.gyrox.Des,1.7071244
39.2150,B,pid.gyrox.FB,1.6427213
39.2150,B,pid.gyrox.U,14.546448
39.2150,B,pid.gyroy.Des,1.1945553
39.2150,B,pid.gyroy.FB,-2.9219453
39.2150,B,pid.gyroy.U,32.001499
39.2150,B,pid.gyroz.Des,4.1794415
39.2150,B,pid.gyroz.FB,-0.62889713
39.2150,B,pid.gyroz.U,39.010181
39.2150,B,pid.locx.Des,-8.2797871
39.2150,B,pid.locx.FB,-10.991662
39.2150,B,pid.locx.U,4.204196
39.2150,B,pid.locxs.Des,4.204196
39.2150,B,pid.locxs.FB,-1.927633
39.2150,B,pid.locxs.U,18.441481
39.2150,B,pid.locy.Des,-2.2112043
39.2150,B,pid.locy.FB,-2.9472637
39.2150,B,pid.locy.U,0.14787102
39.2150,B,pid.locys.Des,0.14787102
39.2150,B,pid.locys.FB,-0.53313315
39.2150,B,pid.locys.U,2.1008604
39.2150,B,pid.pitch.Des,-0.16883701
39.2150,B,pid.pitch.FB,-0.53870624
39.2150,B,pid.pitch.U,1.1945553
39.2150,B,pid.roll.Des,-1.0710135
39.2150,B,pid.roll.FB,-1.6818923
39.2150,B,pid.roll.U,1.7071244
39.2150,B,pid.yaw.Des,-15.09683
39.2150,B,pid.yaw.FB,-15.460071
39.2150,B,pid.yaw.U,4.1794415
39.2150,B,pid.z_pos.Des,0.0099952491
39.2150,B,pid.z_pos.FB,0.0099952491
39.2150,B,pid.z_pos.U,0
39.2150,B,pid.z_rate.Des,0
39.2150,B,pid.z_rate.FB,-0.042585585
39.2150,B,pid.z_rate.U,18.818781
39.4319,A,mrac.pitch.e,-0.024193883
39.4319,A,mrac.pitch.u_ad,0.14602932
39.4319,A,mrac.roll.e,-0.01550342
39.4319,A,mrac.roll.u_ad,0.15230182
39.4319,A,mrac.yaw.e,-0.075680628
39.4319,A,mrac.yaw.u_ad,0.064355098
39.4319,A,mrac.z.e,-0.020367576
39.4319,A,mrac.z.u_ad,0.26395047
39.4319,A,status.arm,1
39.4319,A,status.flymode,1
39.4319,A,status.rc_authority,0
39.4319,A,status.sbus_lost,0
39.4319,A,status.twc_arrived,0
39.4319,A,status.twc_execute,0
39.4320,B,mrac.pitch.theta_0,0.13959605
39.4320,B,mrac.pitch.theta_1,0.00093918742
39.4320,B,mrac.pitch.theta_2,0.0073143556
39.4320,B,mrac.pitch.theta_3,0.0037373705
39.4320,B,mrac.pitch.theta_4,0.18388928
39.4320,B,mrac.pitch.theta_5,0.1435764
39.4320,B,mrac.pitch.u_nom,0.027351709
39.4320,B,mrac.pitch.xm,0.020848932
39.4320,B,mrac.roll.theta_0,0.14903677
39.4320,B,mrac.roll.theta_1,0.0030698618
39.4320,B,mrac.roll.theta_2,0.002188507
39.4320,B,mrac.roll.theta_3,0.0041817748
39.4320,B,mrac.roll.theta_4,0.12818681
39.4320,B,mrac.roll.theta_5,0.13789873
39.4320,B,mrac.roll.u_nom,0.012432861
39.4320,B,mrac.roll.xm,0.029794954
39.4320,B,mrac.yaw.theta_0,0.054629512
39.4320,B,mrac.yaw.theta_1,0.00012435748
39.4320,B,mrac.yaw.theta_2,0.0024308932
39.4320,B,mrac.yaw.theta_3,0
39.4320,B,mrac.yaw.theta_4,0.083523281
39.4320,B,mrac.yaw.theta_5,0.088071212
39.4320,B,mrac.yaw.u_nom,0.020838773
39.4320,B,mrac.yaw.xm,0.072945043
39.4320,B,mrac.z.theta_0,0.25498244
39.4320,B,mrac.z.theta_1,4.0092749e-05
39.4320,B,mrac.z.theta_2,0.0060227737
39.4320,B,mrac.z.theta_3,0
39.4320,B,mrac.z.theta_4,0.19868402
39.4320,B,mrac.z.theta_5,0.19109806
39.4320,B,mrac.z.u_nom,0.084769286
39.4320,B,mrac.z.xm,0
39.4320,B,path.active_path_mode,0
39.4320,B,path.circle_theta,0
39.4320,B,path.sinusoid_t_elapsed,30.002968
39.4320,B,path.twc_arrived,0
39.4320,B,path.twc_target_x,-10.000002
39.4320,B,path.twc_target_y,-29.999998
39.4320,B,path.twc_target_z,0.60000002
39.4320,B,pid.gyrox.Des,1.7071244
39.4320,B,pid.gyrox.FB,1.6427213
39.4320,B,pid.gyrox.U,14.546448
39.4320,B,pid.gyroy.Des,1.1945553
39.4320,B,pid.gyroy.FB,-2.9219453
39.4320,B,pid.gyroy.U,32.001499
39.4320,B,pid.gyroz.Des,4.1794415
39.4320,B,pid.gyroz.FB,-0.62889713
39.4320,B,pid.gyroz.U,39.010181
39.4320,B,pid.locx.Des,-8.2797871
39.4320,B,pid.locx.FB,-10.991662
39.4320,B,pid.locx.U,4.204196
39.4320,B,pid.locxs.Des,4.204196
39.4320,B,pid.locxs.FB,-1.927633
39.4320,B,pid.locxs.U,18.441481
39.4320,B,pid.locy.Des,-2.2112043
39.4320,B,pid.locy.FB,-2.9472637
39.4320,B,pid.locy.U,0.14787102
39.4320,B,pid.locys.Des,0.14787102
39.4320,B,pid.locys.FB,-0.53313315
39.4320,B,pid.locys.U,2.1008604
39.4320,B,pid.pitch.Des,-0.16883701
39.4320,B,pid.pitch.FB,-0.53870624
39.4320,B,pid.pitch.U,1.1945553
39.4320,B,pid.roll.Des,-1.0710135
39.4320,B,pid.roll.FB,-1.6818923
39.4320,B,pid.roll.U,1.7071244
39.4320,B,pid.yaw.Des,-15.09683
39.4320,B,pid.yaw.FB,-15.460071
39.4320,B,pid.yaw.U,4.1794415
39.4320,B,pid.z_pos.Des,0.0099952491
39.4320,B,pid.z_pos.FB,0.0099952491
39.4320,B,pid.z_pos.U,0
39.4320,B,pid.z_rate.Des,0
39.4320,B,pid.z_rate.FB,-0.042585585
39.4320,B,pid.z_rate.U,18.818781
39.6323,A,mrac.pitch.e,-0.0026978068
39.6323,A,mrac.pitch.u_ad,0.1475289
39.6323,A,mrac.roll.e,-0.0025561899
39.6323,A,mrac.roll.u_ad,0.14957952
39.6323,A,mrac.yaw.e,-0.069652945
39.6323,A,mrac.yaw.u_ad,0.094078839
39.6323,A,mrac.z.e,-0.050488058
39.6323,A,mrac.z.u_ad,0.27137992
39.6323,A,status.arm,1
39.6323,A,status.flymode,1
39.6323,A,status.rc_authority,0
39.6323,A,status.sbus_lost,0
39.6323,A,status.twc_arrived,0
39.6323,A,status.twc_execute,0
39.6323,B,mrac.pitch.theta_0,0.13959605
39.6323,B,mrac.pitch.theta_1,0.00093918742
39.6323,B,mrac.pitch.theta_2,0.0073143556
39.6323,B,mrac.pitch.theta_3,0.0037373705
39.6323,B,mrac.pitch.theta_4,0.18388928
39.6323,B,mrac.pitch.theta_5,0.1435764
39.6323,B,mrac.pitch.u_nom,0.027351709
39.6323,B,mrac.pitch.xm,0.020848932
39.6323,B,mrac.roll.theta_0,0.14903677
39.6323,B,mrac.roll.theta_1,0.0030698618
39.6323,B,mrac.roll.theta_2,0.002188507
39.6323,B,mrac.roll.theta_3,0.0041817748
39.6323,B,mrac.roll.theta_4,0.12818681
39.6323,B,mrac.roll.theta_5,0.13789873
39.6323,B,mrac.roll.u_nom,0.012432861
39.6323,B,mrac.roll.xm,0.029794954
39.6323,B,mrac.yaw.theta_0,0.054629512
39.6323,B,mrac.yaw.theta_1,0.00012435748
39.6323,B,mrac.yaw.theta_2,0.0024308932
39.6323,B,mrac.yaw.theta_3,0
39.6323,B,mrac.yaw.theta_4,0.083523281
39.6323,B,mrac.yaw.theta_5,0.088071212
39.6323,B,mrac.yaw.u_nom,0.020838773
39.6323,B,mrac.yaw.xm,0.072945043
39.6323,B,mrac.z.theta_0,0.25498244
39.6323,B,mrac.z.theta_1,4.0092749e-05
39.6323,B,mrac.z.theta_2,0.0060227737
39.6323,B,mrac.z.theta_3,0
39.6323,B,mrac.z.theta_4,0.19868402
39.6323,B,mrac.z.theta_5,0.19109806
39.6323,B,mrac.z.u_nom,0.084769286
39.6323,B,mrac.z.xm,0
39.6323,B,path.active_path_mode,0
39.6323,B,path.circle_theta,0
39.6323,B,path.sinusoid_t_elapsed,30.002968
39.6323,B,path.twc_arrived,0
39.6323,B,path.twc_target_x,-10.000002
39.6323,B,path.twc_target_y,-29.999998
39.6323,B,path.twc_target_z,0.60000002
39.6323,B,pid.gyrox.Des,1.7071244
39.6323,B,pid.gyrox.FB,1.6427213
39.6323,B,pid.gyrox.U,14.546448
39.6323,B,pid.gyroy.Des,1.1945553
39.6323,B,pid.gyroy.FB,-2.9219453
39.6323,B,pid.gyroy.U,32.001499
39.6323,B,pid.gyroz.Des,4.1794415
39.6323,B,pid.gyroz.FB,-0.62889713
39.6323,B,pid.gyroz.U,39.010181
39.6323,B,pid.locx.Des,-8.2797871
39.6323,B,pid.locx.FB,-10.991662
39.6323,B,pid.locx.U,4.204196
39.6323,B,pid.locxs.Des,4.204196
39.6323,B,pid.locxs.FB,-1.927633
39.6323,B,pid.locxs.U,18.441481
39.6323,B,pid.locy.Des,-2.2112043
39.6323,B,pid.locy.FB,-2.9472637
39.6323,B,pid.locy.U,0.14787102
39.6323,B,pid.locys.Des,0.14787102
39.6323,B,pid.locys.FB,-0.53313315
39.6323,B,pid.locys.U,2.1008604
39.6323,B,pid.pitch.Des,-0.16883701
39.6323,B,pid.pitch.FB,-0.53870624
39.6323,B,pid.pitch.U,1.1945553
39.6323,B,pid.roll.Des,-1.0710135
39.6323,B,pid.roll.FB,-1.6818923
39.6323,B,pid.roll.U,1.7071244
39.6323,B,pid.yaw.Des,-15.09683
39.6323,B,pid.yaw.FB,-15.460071
39.6323,B,pid.yaw.U,4.1794415
39.6323,B,pid.z_pos.Des,0.0099952491
39.6323,B,pid.z_pos.FB,0.0099952491
39.6323,B,pid.z_pos.U,0
39.6323,B,pid.z_rate.Des,0
39.6323,B,pid.z_rate.FB,-0.042585585
39.6323,B,pid.z_rate.U,18.818781
39.8515,A,mrac.pitch.e,-0.02860423
39.8515,A,mrac.pitch.u_ad,0.14314565
39.8515,A,mrac.roll.e,-0.0060115391
39.8515,A,mrac.roll.u_ad,0.15046984
39.8515,A,mrac.yaw.e,-0.050543696
39.8515,A,mrac.yaw.u_ad,0.094226316
39.8515,A,mrac.z.e,0.076702029
39.8515,A,mrac.z.u_ad,0.21965273
39.8515,A,status.arm,1
39.8515,A,status.flymode,1
39.8515,A,status.rc_authority,0
39.8515,A,status.sbus_lost,0
39.8515,A,status.twc_arrived,0
39.8515,A,status.twc_execute,0
39.8516,B,mrac.pitch.theta_0,0.14175345
39.8516,B,mrac.pitch.theta_1,0.00093498599
39.8516,B,mrac.pitch.theta_2,0.0073144394
39.8516,B,mrac.pitch.theta_3,0.0037371574
39.8516,B,mrac.pitch.theta_4,0.18387547
39.8516,B,mrac.pitch.theta_5,0.14356332
39.8516,B,mrac.pitch.u_nom,0.03334181
39.8516,B,mrac.pitch.xm,0.021308839
39.8516,B,mrac.roll.theta_0,0.1482048
39.8516,B,mrac.roll.theta_1,0.0030585832
39.8516,B,mrac.roll.theta_2,0.002188598
39.8516,B,mrac.roll.theta_3,0.0041815937
39.8516,B,mrac.roll.theta_4,0.12819324
39.8516,B,mrac.roll.theta_5,0.13789207
39.8516,B,mrac.roll.u_nom,-0.017713526
39.8516,B,mrac.roll.xm,0.012472291
39.8516,B,mrac.yaw.theta_0,0.086712427
39.8516,B,mrac.yaw.theta_1,0.00014077836
39.8516,B,mrac.yaw.theta_2,0.0024312497
39.8516,B,mrac.yaw.theta_3,0
39.8516,B,mrac.yaw.theta_4,0.083567627
39.8516,B,mrac.yaw.theta_5,0.088041596
39.8516,B,mrac.yaw.u_nom,0.018190632
39.8516,B,mrac.yaw.xm,0.073563531
39.8516,B,mrac.z.theta_0,0.2465111
39.8516,B,mrac.z.theta_1,3.6575635e-05
39.8516,B,mrac.z.theta_2,0.0060224612
39.8516,B,mrac.z.theta_3,0
39.8516,B,mrac.z.theta_4,0.19861548
39.8516,B,mrac.z.theta_5,0.19099018
39.8516,B,mrac.z.u_nom,-0.17973851
39.8516,B,mrac.z.xm,0
39.8516,B,path.active_path_mode,0
39.8516,B,path.circle_theta,0
39.8516,B,path.sinusoid_t_elapsed,30.002968
39.8516,B,path.twc_arrived,0
39.8516,B,path.twc_target_x,-10.000002
39.8516,B,path.twc_target_y,-29.999998
39.8516,B,path.twc_target_z,0.60000002
39.8516,B,pid.gyrox.Des,0.71460938
39.8516,B,pid.gyrox.FB,-0.51515502
39.8516,B,pid.gyrox.U,-20.724827
39.8516,B,pid.gyroy.Des,1.220906
39.8516,B,pid.gyroy.FB,-2.7548523
39.8516,B,pid.gyroy.U,39.009918
39.8516,B,pid.gyroz.Des,4.2148781
39.8516,B,pid.gyroz.FB,0.17948478
39.8516,B,pid.gyroz.U,34.052864
39.8516,B,pid.locx.Des,-8.2797871
39.8516,B,pid.locx.FB,-12.277984
39.8516,B,pid.locx.U,5.2371087
39.8516,B,pid.locxs.Des,5.2371087
39.8516,B,pid.locxs.FB,-2.8913672
39.8516,B,pid.locxs.U,24.431892
39.8516,B,pid.locy.Des,-2.2112043
39.8516,B,pid.locy.FB,-3.3045025
39.8516,B,pid.locy.U,1.6611104
39.8516,B,pid.locys.Des,1.6611104
39.8516,B,pid.locys.FB,-0.79999769
39.8516,B,pid.locys.U,7.4609814
39.8516,B,pid.pitch.Des,0.039458297
39.8516,B,pid.pitch.FB,-0.3328563
39.8516,B,pid.pitch.U,1.220906
39.8516,B,pid.roll.Des,-1.491636
39.8516,B,pid.roll.FB,-1.7012973
39.8516,B,pid.roll.U,0.71460938
39.8516,B,pid.yaw.Des,-15.09683
39.8516,B,pid.yaw.FB,-15.465977
39.8516,B,pid.yaw.U,4.2148781
39.8516,B,pid.z_pos.Des,0.019990847
39.8516,B,pid.z_pos.FB,0.019990847
39.8516,B,pid.z_pos.U,0
39.8516,B,pid.z_rate.Des,0
39.8516,B,pid.z_rate.FB,0.10521292
39.8516,B,pid.z_rate.U,-39.901947
40.0655,A,mrac.pitch.e,-0.042119648
40.0655,A,mrac.pitch.u_ad,0.14739075
40.0655,A,mrac.roll.e,-0.034515396
40.0655,A,mrac.roll.u_ad,0.15337831
40.0655,A,mrac.yaw.e,-0.070985422
40.0655,A,mrac.yaw.u_ad,0.094774604
40.0655,A,mrac.z.e,0.026743606
40.0655,A,mrac.z.u_ad,0.2360957
40.0655,A,status.arm,1
40.0655,A,status.flymode,1
40.0655,A,status.rc_authority,0
40.0655,A,status.sbus_lost,0
40.0655,A,status.twc_arrived,0
40.0655,A,status.twc_execute,0
40.0656,B,mrac.pitch.theta_0,0.14175345
40.0656,B,mrac.pitch.theta_1,0.00093498599
40.0656,B,mrac.pitch.theta_2,0.0073144394
40.0656,B,mrac.pitch.theta_3,0.0037371574
40.0656,B,mrac.pitch.theta_4,0.18387547
40.0656,B,mrac.pitch.theta_5,0.14356332
40.0656,B,mrac.pitch.u_nom,0.03334181
40.0656,B,mrac.pitch.xm,0.021308839
40.0656,B,mrac.roll.theta_0,0.1482048
40.0656,B,mrac.roll.theta_1,0.0030585832
40.0656,B,mrac.roll.theta_2,0.002188598
40.0656,B,mrac.roll.theta_3,0.0041815937
40.0656,B,mrac.roll.theta_4,0.12819324
40.0656,B,mrac.roll.theta_5,0.13789207
40.0656,B,mrac.roll.u_nom,-0.017713526
40.0656,B,mrac.roll.xm,0.012472291
40.0656,B,mrac.yaw.theta_0,0.086712427
40.0656,B,mrac.yaw.theta_1,0.00014077836
40.0656,B,mrac.yaw.theta_2,0.0024312497
40.0656,B,mrac.yaw.theta_3,0
40.0656,B,mrac.yaw.theta_4,0.083567627
40.0656,B,mrac.yaw.theta_5,0.088041596
40.0656,B,mrac.yaw.u_nom,0.018190632
40.0656,B,mrac.yaw.xm,0.073563531
40.0656,B,mrac.z.theta_0,0.2465111
40.0656,B,mrac.z.theta_1,3.6575635e-05
40.0656,B,mrac.z.theta_2,0.0060224612
40.0656,B,mrac.z.theta_3,0
40.0656,B,mrac.z.theta_4,0.19861548
40.0656,B,mrac.z.theta_5,0.19099018
40.0656,B,mrac.z.u_nom,-0.17973851
40.0656,B,mrac.z.xm,0
40.0656,B,path.active_path_mode,0
40.0656,B,path.circle_theta,0
40.0656,B,path.sinusoid_t_elapsed,30.002968
40.0656,B,path.twc_arrived,0
40.0656,B,path.twc_target_x,-10.000002
40.0656,B,path.twc_target_y,-29.999998
40.0656,B,path.twc_target_z,0.60000002
40.0656,B,pid.gyrox.Des,0.71460938
40.0656,B,pid.gyrox.FB,-0.51515502
40.0656,B,pid.gyrox.U,-20.724827
40.0656,B,pid.gyroy.Des,1.220906
40.0656,B,pid.gyroy.FB,-2.7548523
40.0656,B,pid.gyroy.U,39.009918
40.0656,B,pid.gyroz.Des,4.2148781
40.0656,B,pid.gyroz.FB,0.17948478
40.0656,B,pid.gyroz.U,34.052864
40.0656,B,pid.locx.Des,-8.2797871
40.0656,B,pid.locx.FB,-12.277984
40.0656,B,pid.locx.U,5.2371087
40.0656,B,pid.locxs.Des,5.2371087
40.0656,B,pid.locxs.FB,-2.8913672
40.0656,B,pid.locxs.U,24.431892
40.0656,B,pid.locy.Des,-2.2112043
40.0656,B,pid.locy.FB,-3.3045025
40.0656,B,pid.locy.U,1.6611104
40.0656,B,pid.locys.Des,1.6611104
40.0656,B,pid.locys.FB,-0.79999769
40.0656,B,pid.locys.U,7.4609814
40.0656,B,pid.pitch.Des,0.039458297
40.0656,B,pid.pitch.FB,-0.3328563
40.0656,B,pid.pitch.U,1.220906
40.0656,B,pid.roll.Des,-1.491636
40.0656,B,pid.roll.FB,-1.7012973
40.0656,B,pid.roll.U,0.71460938
40.0656,B,pid.yaw.Des,-15.09683
40.0656,B,pid.yaw.FB,-15.465977
40.0656,B,pid.yaw.U,4.2148781
40.0656,B,pid.z_pos.Des,0.019990847
40.0656,B,pid.z_pos.FB,0.019990847
40.0656,B,pid.z_pos.U,0
40.0656,B,pid.z_rate.Des,0
40.0656,B,pid.z_rate.FB,0.10521292
40.0656,B,pid.z_rate.U,-39.901947
40.2658,A,mrac.pitch.e,-0.042119648
40.2658,A,mrac.pitch.u_ad,0.14739075
40.2658,A,mrac.roll.e,-0.034515396
40.2658,A,mrac.roll.u_ad,0.15337831
40.2658,A,mrac.yaw.e,-0.070985422
40.2658,A,mrac.yaw.u_ad,0.094774604
40.2658,A,mrac.z.e,0.026743606
40.2658,A,mrac.z.u_ad,0.2360957
40.2658,A,status.arm,1
40.2658,A,status.flymode,1
40.2658,A,status.rc_authority,0
40.2658,A,status.sbus_lost,0
40.2658,A,status.twc_arrived,0
40.2658,A,status.twc_execute,0
40.2658,B,mrac.pitch.theta_0,0.14175345
40.2658,B,mrac.pitch.theta_1,0.00093498599
40.2658,B,mrac.pitch.theta_2,0.0073144394
40.2658,B,mrac.pitch.theta_3,0.0037371574
40.2658,B,mrac.pitch.theta_4,0.18387547
40.2658,B,mrac.pitch.theta_5,0.14356332
40.2658,B,mrac.pitch.u_nom,0.03334181
40.2658,B,mrac.pitch.xm,0.021308839
40.2658,B,mrac.roll.theta_0,0.1482048
40.2658,B,mrac.roll.theta_1,0.0030585832
40.2658,B,mrac.roll.theta_2,0.002188598
40.2658,B,mrac.roll.theta_3,0.0041815937
40.2658,B,mrac.roll.theta_4,0.12819324
40.2658,B,mrac.roll.theta_5,0.13789207
40.2658,B,mrac.roll.u_nom,-0.017713526
40.2658,B,mrac.roll.xm,0.012472291
40.2658,B,mrac.yaw.theta_0,0.086712427
40.2658,B,mrac.yaw.theta_1,0.00014077836
40.2658,B,mrac.yaw.theta_2,0.0024312497
40.2658,B,mrac.yaw.theta_3,0
40.2658,B,mrac.yaw.theta_4,0.083567627
40.2658,B,mrac.yaw.theta_5,0.088041596
40.2658,B,mrac.yaw.u_nom,0.018190632
40.2658,B,mrac.yaw.xm,0.073563531
40.2658,B,mrac.z.theta_0,0.2465111
40.2658,B,mrac.z.theta_1,3.6575635e-05
40.2658,B,mrac.z.theta_2,0.0060224612
40.2658,B,mrac.z.theta_3,0
40.2658,B,mrac.z.theta_4,0.19861548
40.2658,B,mrac.z.theta_5,0.19099018
40.2658,B,mrac.z.u_nom,-0.17973851
40.2658,B,mrac.z.xm,0
40.2658,B,path.active_path_mode,0
40.2658,B,path.circle_theta,0
40.2658,B,path.sinusoid_t_elapsed,30.002968
40.2658,B,path.twc_arrived,0
40.2658,B,path.twc_target_x,-10.000002
40.2658,B,path.twc_target_y,-29.999998
40.2658,B,path.twc_target_z,0.60000002
40.2658,B,pid.gyrox.Des,0.71460938
40.2658,B,pid.gyrox.FB,-0.51515502
40.2658,B,pid.gyrox.U,-20.724827
40.2658,B,pid.gyroy.Des,1.220906
40.2658,B,pid.gyroy.FB,-2.7548523
40.2658,B,pid.gyroy.U,39.009918
40.2658,B,pid.gyroz.Des,4.2148781
40.2658,B,pid.gyroz.FB,0.17948478
40.2658,B,pid.gyroz.U,34.052864
40.2658,B,pid.locx.Des,-8.2797871
40.2658,B,pid.locx.FB,-12.277984
40.2658,B,pid.locx.U,5.2371087
40.2658,B,pid.locxs.Des,5.2371087
40.2658,B,pid.locxs.FB,-2.8913672
40.2658,B,pid.locxs.U,24.431892
40.2658,B,pid.locy.Des,-2.2112043
40.2658,B,pid.locy.FB,-3.3045025
40.2658,B,pid.locy.U,1.6611104
40.2658,B,pid.locys.Des,1.6611104
40.2658,B,pid.locys.FB,-0.79999769
40.2658,B,pid.locys.U,7.4609814
40.2658,B,pid.pitch.Des,0.039458297
40.2658,B,pid.pitch.FB,-0.3328563
40.2658,B,pid.pitch.U,1.220906
40.2658,B,pid.roll.Des,-1.491636
40.2658,B,pid.roll.FB,-1.7012973
40.2658,B,pid.roll.U,0.71460938
40.2658,B,pid.yaw.Des,-15.09683
40.2658,B,pid.yaw.FB,-15.465977
40.2658,B,pid.yaw.U,4.2148781
40.2658,B,pid.z_pos.Des,0.019990847
40.2658,B,pid.z_pos.FB,0.019990847
40.2658,B,pid.z_pos.U,0
40.2658,B,pid.z_rate.Des,0
40.2658,B,pid.z_rate.FB,0.10521292
40.2658,B,pid.z_rate.U,-39.901947
40.4819,A,mrac.pitch.e,-0.042119648
40.4819,A,mrac.pitch.u_ad,0.14739075
40.4819,A,mrac.roll.e,-0.034515396
40.4819,A,mrac.roll.u_ad,0.15337831
40.4819,A,mrac.yaw.e,-0.070985422
40.4819,A,mrac.yaw.u_ad,0.094774604
40.4819,A,mrac.z.e,0.026743606
40.4819,A,mrac.z.u_ad,0.2360957
40.4819,A,status.arm,1
40.4819,A,status.flymode,1
40.4819,A,status.rc_authority,0
40.4819,A,status.sbus_lost,0
40.4819,A,status.twc_arrived,0
40.4819,A,status.twc_execute,0
40.4819,B,mrac.pitch.theta_0,0.14175345
40.4819,B,mrac.pitch.theta_1,0.00093498599
40.4819,B,mrac.pitch.theta_2,0.0073144394
40.4819,B,mrac.pitch.theta_3,0.0037371574
40.4819,B,mrac.pitch.theta_4,0.18387547
40.4819,B,mrac.pitch.theta_5,0.14356332
40.4819,B,mrac.pitch.u_nom,0.03334181
40.4819,B,mrac.pitch.xm,0.021308839
40.4819,B,mrac.roll.theta_0,0.1482048
40.4819,B,mrac.roll.theta_1,0.0030585832
40.4819,B,mrac.roll.theta_2,0.002188598
40.4819,B,mrac.roll.theta_3,0.0041815937
40.4819,B,mrac.roll.theta_4,0.12819324
40.4819,B,mrac.roll.theta_5,0.13789207
40.4819,B,mrac.roll.u_nom,-0.017713526
40.4819,B,mrac.roll.xm,0.012472291
40.4819,B,mrac.yaw.theta_0,0.086712427
40.4819,B,mrac.yaw.theta_1,0.00014077836
40.4819,B,mrac.yaw.theta_2,0.0024312497
40.4819,B,mrac.yaw.theta_3,0
40.4819,B,mrac.yaw.theta_4,0.083567627
40.4819,B,mrac.yaw.theta_5,0.088041596
40.4819,B,mrac.yaw.u_nom,0.018190632
40.4819,B,mrac.yaw.xm,0.073563531
40.4819,B,mrac.z.theta_0,0.2465111
40.4819,B,mrac.z.theta_1,3.6575635e-05
40.4819,B,mrac.z.theta_2,0.0060224612
40.4819,B,mrac.z.theta_3,0
40.4819,B,mrac.z.theta_4,0.19861548
40.4819,B,mrac.z.theta_5,0.19099018
40.4819,B,mrac.z.u_nom,-0.17973851
40.4819,B,mrac.z.xm,0
40.4819,B,path.active_path_mode,0
40.4819,B,path.circle_theta,0
40.4819,B,path.sinusoid_t_elapsed,30.002968
40.4819,B,path.twc_arrived,0
40.4819,B,path.twc_target_x,-10.000002
40.4819,B,path.twc_target_y,-29.999998
40.4819,B,path.twc_target_z,0.60000002
40.4819,B,pid.gyrox.Des,0.71460938
40.4819,B,pid.gyrox.FB,-0.51515502
40.4819,B,pid.gyrox.U,-20.724827
40.4819,B,pid.gyroy.Des,1.220906
40.4819,B,pid.gyroy.FB,-2.7548523
40.4819,B,pid.gyroy.U,39.009918
40.4819,B,pid.gyroz.Des,4.2148781
40.4819,B,pid.gyroz.FB,0.17948478
40.4819,B,pid.gyroz.U,34.052864
40.4819,B,pid.locx.Des,-8.2797871
40.4819,B,pid.locx.FB,-12.277984
40.4819,B,pid.locx.U,5.2371087
40.4819,B,pid.locxs.Des,5.2371087
40.4819,B,pid.locxs.FB,-2.8913672
40.4819,B,pid.locxs.U,24.431892
40.4819,B,pid.locy.Des,-2.2112043
40.4819,B,pid.locy.FB,-3.3045025
40.4819,B,pid.locy.U,1.6611104
40.4819,B,pid.locys.Des,1.6611104
40.4819,B,pid.locys.FB,-0.79999769
40.4819,B,pid.locys.U,7.4609814
40.4819,B,pid.pitch.Des,0.039458297
40.4819,B,pid.pitch.FB,-0.3328563
40.4819,B,pid.pitch.U,1.220906
40.4819,B,pid.roll.Des,-1.491636
40.4819,B,pid.roll.FB,-1.7012973
40.4819,B,pid.roll.U,0.71460938
40.4819,B,pid.yaw.Des,-15.09683
40.4819,B,pid.yaw.FB,-15.465977
40.4819,B,pid.yaw.U,4.2148781
40.4819,B,pid.z_pos.Des,0.019990847
40.4819,B,pid.z_pos.FB,0.019990847
40.4819,B,pid.z_pos.U,0
40.4819,B,pid.z_rate.Des,0
40.4819,B,pid.z_rate.FB,0.10521292
40.4819,B,pid.z_rate.U,-39.901947
40.6982,A,mrac.pitch.e,-0.042119648
40.6982,A,mrac.pitch.u_ad,0.14739075
40.6982,A,mrac.roll.e,-0.034515396
40.6982,A,mrac.roll.u_ad,0.15337831
40.6982,A,mrac.yaw.e,-0.070985422
40.6982,A,mrac.yaw.u_ad,0.094774604
40.6982,A,mrac.z.e,0.026743606
40.6982,A,mrac.z.u_ad,0.2360957
40.6982,A,status.arm,1
40.6982,A,status.flymode,1
40.6982,A,status.rc_authority,0
40.6982,A,status.sbus_lost,0
40.6982,A,status.twc_arrived,0
40.6982,A,status.twc_execute,0
40.6983,B,mrac.pitch.theta_0,0.14175345
40.6983,B,mrac.pitch.theta_1,0.00093498599
40.6983,B,mrac.pitch.theta_2,0.0073144394
40.6983,B,mrac.pitch.theta_3,0.0037371574
40.6983,B,mrac.pitch.theta_4,0.18387547
40.6983,B,mrac.pitch.theta_5,0.14356332
40.6983,B,mrac.pitch.u_nom,0.03334181
40.6983,B,mrac.pitch.xm,0.021308839
40.6983,B,mrac.roll.theta_0,0.1482048
40.6983,B,mrac.roll.theta_1,0.0030585832
40.6983,B,mrac.roll.theta_2,0.002188598
40.6983,B,mrac.roll.theta_3,0.0041815937
40.6983,B,mrac.roll.theta_4,0.12819324
40.6983,B,mrac.roll.theta_5,0.13789207
40.6983,B,mrac.roll.u_nom,-0.017713526
40.6983,B,mrac.roll.xm,0.012472291
40.6983,B,mrac.yaw.theta_0,0.086712427
40.6983,B,mrac.yaw.theta_1,0.00014077836
40.6983,B,mrac.yaw.theta_2,0.0024312497
40.6983,B,mrac.yaw.theta_3,0
40.6983,B,mrac.yaw.theta_4,0.083567627
40.6983,B,mrac.yaw.theta_5,0.088041596
40.6983,B,mrac.yaw.u_nom,0.018190632
40.6983,B,mrac.yaw.xm,0.073563531
40.6983,B,mrac.z.theta_0,0.2465111
40.6983,B,mrac.z.theta_1,3.6575635e-05
40.6983,B,mrac.z.theta_2,0.0060224612
40.6983,B,mrac.z.theta_3,0
40.6983,B,mrac.z.theta_4,0.19861548
40.6983,B,mrac.z.theta_5,0.19099018
40.6983,B,mrac.z.u_nom,-0.17973851
40.6983,B,mrac.z.xm,0
40.6983,B,path.active_path_mode,0
40.6983,B,path.circle_theta,0
40.6983,B,path.sinusoid_t_elapsed,30.002968
40.6983,B,path.twc_arrived,0
40.6983,B,path.twc_target_x,-10.000002
40.6983,B,path.twc_target_y,-29.999998
40.6983,B,path.twc_target_z,0.60000002
40.6983,B,pid.gyrox.Des,0.71460938
40.6983,B,pid.gyrox.FB,-0.51515502
40.6983,B,pid.gyrox.U,-20.724827
40.6983,B,pid.gyroy.Des,1.220906
40.6983,B,pid.gyroy.FB,-2.7548523
40.6983,B,pid.gyroy.U,39.009918
40.6983,B,pid.gyroz.Des,4.2148781
40.6983,B,pid.gyroz.FB,0.17948478
40.6983,B,pid.gyroz.U,34.052864
40.6983,B,pid.locx.Des,-8.2797871
40.6983,B,pid.locx.FB,-12.277984
40.6983,B,pid.locx.U,5.2371087
40.6983,B,pid.locxs.Des,5.2371087
40.6983,B,pid.locxs.FB,-2.8913672
40.6983,B,pid.locxs.U,24.431892
40.6983,B,pid.locy.Des,-2.2112043
40.6983,B,pid.locy.FB,-3.3045025
40.6983,B,pid.locy.U,1.6611104
40.6983,B,pid.locys.Des,1.6611104
40.6983,B,pid.locys.FB,-0.79999769
40.6983,B,pid.locys.U,7.4609814
40.6983,B,pid.pitch.Des,0.039458297
40.6983,B,pid.pitch.FB,-0.3328563
40.6983,B,pid.pitch.U,1.220906
40.6983,B,pid.roll.Des,-1.491636
40.6983,B,pid.roll.FB,-1.7012973
40.6983,B,pid.roll.U,0.71460938
40.6983,B,pid.yaw.Des,-15.09683
40.6983,B,pid.yaw.FB,-15.465977
40.6983,B,pid.yaw.U,4.2148781
40.6983,B,pid.z_pos.Des,0.019990847
40.6983,B,pid.z_pos.FB,0.019990847
40.6983,B,pid.z_pos.U,0
40.6983,B,pid.z_rate.Des,0
40.6983,B,pid.z_rate.FB,0.10521292
40.6983,B,pid.z_rate.U,-39.901947
40.9148,A,mrac.pitch.e,-0.042119648
40.9148,A,mrac.pitch.u_ad,0.14739075
40.9148,A,mrac.roll.e,-0.034515396
40.9148,A,mrac.roll.u_ad,0.15337831
40.9148,A,mrac.yaw.e,-0.070985422
40.9148,A,mrac.yaw.u_ad,0.094774604
40.9148,A,mrac.z.e,0.026743606
40.9148,A,mrac.z.u_ad,0.2360957
40.9148,A,status.arm,1
40.9148,A,status.flymode,1
40.9148,A,status.rc_authority,0
40.9148,A,status.sbus_lost,0
40.9148,A,status.twc_arrived,0
40.9148,A,status.twc_execute,0
40.9149,B,mrac.pitch.theta_0,0.14175345
40.9149,B,mrac.pitch.theta_1,0.00093498599
40.9149,B,mrac.pitch.theta_2,0.0073144394
40.9149,B,mrac.pitch.theta_3,0.0037371574
40.9149,B,mrac.pitch.theta_4,0.18387547
40.9149,B,mrac.pitch.theta_5,0.14356332
40.9149,B,mrac.pitch.u_nom,0.03334181
40.9149,B,mrac.pitch.xm,0.021308839
40.9149,B,mrac.roll.theta_0,0.1482048
40.9149,B,mrac.roll.theta_1,0.0030585832
40.9149,B,mrac.roll.theta_2,0.002188598
40.9149,B,mrac.roll.theta_3,0.0041815937
40.9149,B,mrac.roll.theta_4,0.12819324
40.9149,B,mrac.roll.theta_5,0.13789207
40.9149,B,mrac.roll.u_nom,-0.017713526
40.9149,B,mrac.roll.xm,0.012472291
40.9149,B,mrac.yaw.theta_0,0.086712427
40.9149,B,mrac.yaw.theta_1,0.00014077836
40.9149,B,mrac.yaw.theta_2,0.0024312497
40.9149,B,mrac.yaw.theta_3,0
40.9149,B,mrac.yaw.theta_4,0.083567627
40.9149,B,mrac.yaw.theta_5,0.088041596
40.9149,B,mrac.yaw.u_nom,0.018190632
40.9149,B,mrac.yaw.xm,0.073563531
40.9149,B,mrac.z.theta_0,0.2465111
40.9149,B,mrac.z.theta_1,3.6575635e-05
40.9149,B,mrac.z.theta_2,0.0060224612
40.9149,B,mrac.z.theta_3,0
40.9149,B,mrac.z.theta_4,0.19861548
40.9149,B,mrac.z.theta_5,0.19099018
40.9149,B,mrac.z.u_nom,-0.17973851
40.9149,B,mrac.z.xm,0
40.9149,B,path.active_path_mode,0
40.9149,B,path.circle_theta,0
40.9149,B,path.sinusoid_t_elapsed,30.002968
40.9149,B,path.twc_arrived,0
40.9149,B,path.twc_target_x,-10.000002
40.9149,B,path.twc_target_y,-29.999998
40.9149,B,path.twc_target_z,0.60000002
40.9149,B,pid.gyrox.Des,0.71460938
40.9149,B,pid.gyrox.FB,-0.51515502
40.9149,B,pid.gyrox.U,-20.724827
40.9149,B,pid.gyroy.Des,1.220906
40.9149,B,pid.gyroy.FB,-2.7548523
40.9149,B,pid.gyroy.U,39.009918
40.9149,B,pid.gyroz.Des,4.2148781
40.9149,B,pid.gyroz.FB,0.17948478
40.9149,B,pid.gyroz.U,34.052864
40.9149,B,pid.locx.Des,-8.2797871
40.9149,B,pid.locx.FB,-12.277984
40.9149,B,pid.locx.U,5.2371087
40.9149,B,pid.locxs.Des,5.2371087
40.9149,B,pid.locxs.FB,-2.8913672
40.9149,B,pid.locxs.U,24.431892
40.9149,B,pid.locy.Des,-2.2112043
40.9149,B,pid.locy.FB,-3.3045025
40.9149,B,pid.locy.U,1.6611104
40.9149,B,pid.locys.Des,1.6611104
40.9149,B,pid.locys.FB,-0.79999769
40.9149,B,pid.locys.U,7.4609814
40.9149,B,pid.pitch.Des,0.039458297
40.9149,B,pid.pitch.FB,-0.3328563
40.9149,B,pid.pitch.U,1.220906
40.9149,B,pid.roll.Des,-1.491636
40.9149,B,pid.roll.FB,-1.7012973
40.9149,B,pid.roll.U,0.71460938
40.9149,B,pid.yaw.Des,-15.09683
40.9149,B,pid.yaw.FB,-15.465977
40.9149,B,pid.yaw.U,4.2148781
40.9149,B,pid.z_pos.Des,0.019990847
40.9149,B,pid.z_pos.FB,0.019990847
40.9149,B,pid.z_pos.U,0
40.9149,B,pid.z_rate.Des,0
40.9149,B,pid.z_rate.FB,0.10521292
40.9149,B,pid.z_rate.U,-39.901947
41.1315,A,mrac.pitch.e,-0.042119648
41.1315,A,mrac.pitch.u_ad,0.14739075
41.1315,A,mrac.roll.e,-0.034515396
41.1315,A,mrac.roll.u_ad,0.15337831
41.1315,A,mrac.yaw.e,-0.070985422
41.1315,A,mrac.yaw.u_ad,0.094774604
41.1315,A,mrac.z.e,0.026743606
41.1315,A,mrac.z.u_ad,0.2360957
41.1315,A,status.arm,1
41.1315,A,status.flymode,1
41.1315,A,status.rc_authority,0
41.1315,A,status.sbus_lost,0
41.1315,A,status.twc_arrived,0
41.1315,A,status.twc_execute,0
41.1316,B,mrac.pitch.theta_0,0.14175345
41.1316,B,mrac.pitch.theta_1,0.00093498599
41.1316,B,mrac.pitch.theta_2,0.0073144394
41.1316,B,mrac.pitch.theta_3,0.0037371574
41.1316,B,mrac.pitch.theta_4,0.18387547
41.1316,B,mrac.pitch.theta_5,0.14356332
41.1316,B,mrac.pitch.u_nom,0.03334181
41.1316,B,mrac.pitch.xm,0.021308839
41.1316,B,mrac.roll.theta_0,0.1482048
41.1316,B,mrac.roll.theta_1,0.0030585832
41.1316,B,mrac.roll.theta_2,0.002188598
41.1316,B,mrac.roll.theta_3,0.0041815937
41.1316,B,mrac.roll.theta_4,0.12819324
41.1316,B,mrac.roll.theta_5,0.13789207
41.1316,B,mrac.roll.u_nom,-0.017713526
41.1316,B,mrac.roll.xm,0.012472291
41.1316,B,mrac.yaw.theta_0,0.086712427
41.1316,B,mrac.yaw.theta_1,0.00014077836
41.1316,B,mrac.yaw.theta_2,0.0024312497
41.1316,B,mrac.yaw.theta_3,0
41.1316,B,mrac.yaw.theta_4,0.083567627
41.1316,B,mrac.yaw.theta_5,0.088041596
41.1316,B,mrac.yaw.u_nom,0.018190632
41.1316,B,mrac.yaw.xm,0.073563531
41.1316,B,mrac.z.theta_0,0.2465111
41.1316,B,mrac.z.theta_1,3.6575635e-05
41.1316,B,mrac.z.theta_2,0.0060224612
41.1316,B,mrac.z.theta_3,0
41.1316,B,mrac.z.theta_4,0.19861548
41.1316,B,mrac.z.theta_5,0.19099018
41.1316,B,mrac.z.u_nom,-0.17973851
41.1316,B,mrac.z.xm,0
41.1316,B,path.active_path_mode,0
41.1316,B,path.circle_theta,0
41.1316,B,path.sinusoid_t_elapsed,30.002968
41.1316,B,path.twc_arrived,0
41.1316,B,path.twc_target_x,-10.000002
41.1316,B,path.twc_target_y,-29.999998
41.1316,B,path.twc_target_z,0.60000002
41.1316,B,pid.gyrox.Des,0.71460938
41.1316,B,pid.gyrox.FB,-0.51515502
41.1316,B,pid.gyrox.U,-20.724827
41.1316,B,pid.gyroy.Des,1.220906
41.1316,B,pid.gyroy.FB,-2.7548523
41.1316,B,pid.gyroy.U,39.009918
41.1316,B,pid.gyroz.Des,4.2148781
41.1316,B,pid.gyroz.FB,0.17948478
41.1316,B,pid.gyroz.U,34.052864
41.1316,B,pid.locx.Des,-8.2797871
41.1316,B,pid.locx.FB,-12.277984
41.1316,B,pid.locx.U,5.2371087
41.1316,B,pid.locxs.Des,5.2371087
41.1316,B,pid.locxs.FB,-2.8913672
41.1316,B,pid.locxs.U,24.431892
41.1316,B,pid.locy.Des,-2.2112043
41.1316,B,pid.locy.FB,-3.3045025
41.1316,B,pid.locy.U,1.6611104
41.1316,B,pid.locys.Des,1.6611104
41.1316,B,pid.locys.FB,-0.79999769
41.1316,B,pid.locys.U,7.4609814
41.1316,B,pid.pitch.Des,0.039458297
41.1316,B,pid.pitch.FB,-0.3328563
41.1316,B,pid.pitch.U,1.220906
41.1316,B,pid.roll.Des,-1.491636
41.1316,B,pid.roll.FB,-1.7012973
41.1316,B,pid.roll.U,0.71460938
41.1316,B,pid.yaw.Des,-15.09683
41.1316,B,pid.yaw.FB,-15.465977
41.1316,B,pid.yaw.U,4.2148781
41.1316,B,pid.z_pos.Des,0.019990847
41.1316,B,pid.z_pos.FB,0.019990847
41.1316,B,pid.z_pos.U,0
41.1316,B,pid.z_rate.Des,0
41.1316,B,pid.z_rate.FB,0.10521292
41.1316,B,pid.z_rate.U,-39.901947
41.3320,A,mrac.pitch.e,-0.042119648
41.3320,A,mrac.pitch.u_ad,0.14739075
41.3320,A,mrac.roll.e,-0.034515396
41.3320,A,mrac.roll.u_ad,0.15337831
41.3320,A,mrac.yaw.e,-0.070985422
41.3320,A,mrac.yaw.u_ad,0.094774604
41.3320,A,mrac.z.e,0.026743606
41.3320,A,mrac.z.u_ad,0.2360957
41.3320,A,status.arm,1
41.3320,A,status.flymode,1
41.3320,A,status.rc_authority,0
41.3320,A,status.sbus_lost,0
41.3320,A,status.twc_arrived,0
41.3320,A,status.twc_execute,0
41.3320,B,mrac.pitch.theta_0,0.14175345
41.3320,B,mrac.pitch.theta_1,0.00093498599
41.3320,B,mrac.pitch.theta_2,0.0073144394
41.3320,B,mrac.pitch.theta_3,0.0037371574
41.3320,B,mrac.pitch.theta_4,0.18387547
41.3320,B,mrac.pitch.theta_5,0.14356332
41.3320,B,mrac.pitch.u_nom,0.03334181
41.3320,B,mrac.pitch.xm,0.021308839
41.3320,B,mrac.roll.theta_0,0.1482048
41.3320,B,mrac.roll.theta_1,0.0030585832
41.3320,B,mrac.roll.theta_2,0.002188598
41.3320,B,mrac.roll.theta_3,0.0041815937
41.3320,B,mrac.roll.theta_4,0.12819324
41.3320,B,mrac.roll.theta_5,0.13789207
41.3320,B,mrac.roll.u_nom,-0.017713526
41.3320,B,mrac.roll.xm,0.012472291
41.3320,B,mrac.yaw.theta_0,0.086712427
41.3320,B,mrac.yaw.theta_1,0.00014077836
41.3320,B,mrac.yaw.theta_2,0.0024312497
41.3320,B,mrac.yaw.theta_3,0
41.3320,B,mrac.yaw.theta_4,0.083567627
41.3320,B,mrac.yaw.theta_5,0.088041596
41.3320,B,mrac.yaw.u_nom,0.018190632
41.3320,B,mrac.yaw.xm,0.073563531
41.3320,B,mrac.z.theta_0,0.2465111
41.3320,B,mrac.z.theta_1,3.6575635e-05
41.3320,B,mrac.z.theta_2,0.0060224612
41.3320,B,mrac.z.theta_3,0
41.3320,B,mrac.z.theta_4,0.19861548
41.3320,B,mrac.z.theta_5,0.19099018
41.3320,B,mrac.z.u_nom,-0.17973851
41.3320,B,mrac.z.xm,0
41.3320,B,path.active_path_mode,0
41.3320,B,path.circle_theta,0
41.3320,B,path.sinusoid_t_elapsed,30.002968
41.3320,B,path.twc_arrived,0
41.3320,B,path.twc_target_x,-10.000002
41.3320,B,path.twc_target_y,-29.999998
41.3320,B,path.twc_target_z,0.60000002
41.3320,B,pid.gyrox.Des,0.71460938
41.3320,B,pid.gyrox.FB,-0.51515502
41.3320,B,pid.gyrox.U,-20.724827
41.3320,B,pid.gyroy.Des,1.220906
41.3320,B,pid.gyroy.FB,-2.7548523
41.3320,B,pid.gyroy.U,39.009918
41.3320,B,pid.gyroz.Des,4.2148781
41.3320,B,pid.gyroz.FB,0.17948478
41.3320,B,pid.gyroz.U,34.052864
41.3320,B,pid.locx.Des,-8.2797871
41.3320,B,pid.locx.FB,-12.277984
41.3320,B,pid.locx.U,5.2371087
41.3320,B,pid.locxs.Des,5.2371087
41.3320,B,pid.locxs.FB,-2.8913672
41.3320,B,pid.locxs.U,24.431892
41.3320,B,pid.locy.Des,-2.2112043
41.3320,B,pid.locy.FB,-3.3045025
41.3320,B,pid.locy.U,1.6611104
41.3320,B,pid.locys.Des,1.6611104
41.3320,B,pid.locys.FB,-0.79999769
41.3320,B,pid.locys.U,7.4609814
41.3320,B,pid.pitch.Des,0.039458297
41.3320,B,pid.pitch.FB,-0.3328563
41.3320,B,pid.pitch.U,1.220906
41.3320,B,pid.roll.Des,-1.491636
41.3320,B,pid.roll.FB,-1.7012973
41.3320,B,pid.roll.U,0.71460938
41.3320,B,pid.yaw.Des,-15.09683
41.3320,B,pid.yaw.FB,-15.465977
41.3320,B,pid.yaw.U,4.2148781
41.3320,B,pid.z_pos.Des,0.019990847
41.3320,B,pid.z_pos.FB,0.019990847
41.3320,B,pid.z_pos.U,0
41.3320,B,pid.z_rate.Des,0
41.3320,B,pid.z_rate.FB,0.10521292
41.3320,B,pid.z_rate.U,-39.901947
41.5325,A,mrac.pitch.e,-0.042119648
41.5325,A,mrac.pitch.u_ad,0.14739075
41.5325,A,mrac.roll.e,-0.034515396
41.5325,A,mrac.roll.u_ad,0.15337831
41.5325,A,mrac.yaw.e,-0.070985422
41.5325,A,mrac.yaw.u_ad,0.094774604
41.5325,A,mrac.z.e,0.026743606
41.5325,A,mrac.z.u_ad,0.2360957
41.5325,A,status.arm,1
41.5325,A,status.flymode,1
41.5325,A,status.rc_authority,0
41.5325,A,status.sbus_lost,0
41.5325,A,status.twc_arrived,0
41.5325,A,status.twc_execute,0
41.5326,B,mrac.pitch.theta_0,0.14175345
41.5326,B,mrac.pitch.theta_1,0.00093498599
41.5326,B,mrac.pitch.theta_2,0.0073144394
41.5326,B,mrac.pitch.theta_3,0.0037371574
41.5326,B,mrac.pitch.theta_4,0.18387547
41.5326,B,mrac.pitch.theta_5,0.14356332
41.5326,B,mrac.pitch.u_nom,0.03334181
41.5326,B,mrac.pitch.xm,0.021308839
41.5326,B,mrac.roll.theta_0,0.1482048
41.5326,B,mrac.roll.theta_1,0.0030585832
41.5326,B,mrac.roll.theta_2,0.002188598
41.5326,B,mrac.roll.theta_3,0.0041815937
41.5326,B,mrac.roll.theta_4,0.12819324
41.5326,B,mrac.roll.theta_5,0.13789207
41.5326,B,mrac.roll.u_nom,-0.017713526
41.5326,B,mrac.roll.xm,0.012472291
41.5326,B,mrac.yaw.theta_0,0.086712427
41.5326,B,mrac.yaw.theta_1,0.00014077836
41.5326,B,mrac.yaw.theta_2,0.0024312497
41.5326,B,mrac.yaw.theta_3,0
41.5326,B,mrac.yaw.theta_4,0.083567627
41.5326,B,mrac.yaw.theta_5,0.088041596
41.5326,B,mrac.yaw.u_nom,0.018190632
41.5326,B,mrac.yaw.xm,0.073563531
41.5326,B,mrac.z.theta_0,0.2465111
41.5326,B,mrac.z.theta_1,3.6575635e-05
41.5326,B,mrac.z.theta_2,0.0060224612
41.5326,B,mrac.z.theta_3,0
41.5326,B,mrac.z.theta_4,0.19861548
41.5326,B,mrac.z.theta_5,0.19099018
41.5326,B,mrac.z.u_nom,-0.17973851
41.5326,B,mrac.z.xm,0
41.5326,B,path.active_path_mode,0
41.5326,B,path.circle_theta,0
41.5326,B,path.sinusoid_t_elapsed,30.002968
41.5326,B,path.twc_arrived,0
41.5326,B,path.twc_target_x,-10.000002
41.5326,B,path.twc_target_y,-29.999998
41.5326,B,path.twc_target_z,0.60000002
41.5326,B,pid.gyrox.Des,0.71460938
41.5326,B,pid.gyrox.FB,-0.51515502
41.5326,B,pid.gyrox.U,-20.724827
41.5326,B,pid.gyroy.Des,1.220906
41.5326,B,pid.gyroy.FB,-2.7548523
41.5326,B,pid.gyroy.U,39.009918
41.5326,B,pid.gyroz.Des,4.2148781
41.5326,B,pid.gyroz.FB,0.17948478
41.5326,B,pid.gyroz.U,34.052864
41.5326,B,pid.locx.Des,-8.2797871
41.5326,B,pid.locx.FB,-12.277984
41.5326,B,pid.locx.U,5.2371087
41.5326,B,pid.locxs.Des,5.2371087
41.5326,B,pid.locxs.FB,-2.8913672
41.5326,B,pid.locxs.U,24.431892
41.5326,B,pid.locy.Des,-2.2112043
41.5326,B,pid.locy.FB,-3.3045025
41.5326,B,pid.locy.U,1.6611104
41.5326,B,pid.locys.Des,1.6611104
41.5326,B,pid.locys.FB,-0.79999769
41.5326,B,pid.locys.U,7.4609814
41.5326,B,pid.pitch.Des,0.039458297
41.5326,B,pid.pitch.FB,-0.3328563
41.5326,B,pid.pitch.U,1.220906
41.5326,B,pid.roll.Des,-1.491636
41.5326,B,pid.roll.FB,-1.7012973
41.5326,B,pid.roll.U,0.71460938
41.5326,B,pid.yaw.Des,-15.09683
41.5326,B,pid.yaw.FB,-15.465977
41.5326,B,pid.yaw.U,4.2148781
41.5326,B,pid.z_pos.Des,0.019990847
41.5326,B,pid.z_pos.FB,0.019990847
41.5326,B,pid.z_pos.U,0
41.5326,B,pid.z_rate.Des,0
41.5326,B,pid.z_rate.FB,0.10521292
41.5326,B,pid.z_rate.U,-39.901947
41.7341,A,mrac.pitch.e,-0.042119648
41.7341,A,mrac.pitch.u_ad,0.14739075
41.7341,A,mrac.roll.e,-0.034515396
41.7341,A,mrac.roll.u_ad,0.15337831
41.7341,A,mrac.yaw.e,-0.070985422
41.7341,A,mrac.yaw.u_ad,0.094774604
41.7341,A,mrac.z.e,0.026743606
41.7341,A,mrac.z.u_ad,0.2360957
41.7341,A,status.arm,1
41.7341,A,status.flymode,1
41.7341,A,status.rc_authority,0
41.7341,A,status.sbus_lost,0
41.7341,A,status.twc_arrived,0
41.7341,A,status.twc_execute,0
41.7342,B,mrac.pitch.theta_0,0.14175345
41.7342,B,mrac.pitch.theta_1,0.00093498599
41.7342,B,mrac.pitch.theta_2,0.0073144394
41.7342,B,mrac.pitch.theta_3,0.0037371574
41.7342,B,mrac.pitch.theta_4,0.18387547
41.7342,B,mrac.pitch.theta_5,0.14356332
41.7342,B,mrac.pitch.u_nom,0.03334181
41.7342,B,mrac.pitch.xm,0.021308839
41.7342,B,mrac.roll.theta_0,0.1482048
41.7342,B,mrac.roll.theta_1,0.0030585832
41.7342,B,mrac.roll.theta_2,0.002188598
41.7342,B,mrac.roll.theta_3,0.0041815937
41.7342,B,mrac.roll.theta_4,0.12819324
41.7342,B,mrac.roll.theta_5,0.13789207
41.7342,B,mrac.roll.u_nom,-0.017713526
41.7342,B,mrac.roll.xm,0.012472291
41.7342,B,mrac.yaw.theta_0,0.086712427
41.7342,B,mrac.yaw.theta_1,0.00014077836
41.7342,B,mrac.yaw.theta_2,0.0024312497
41.7342,B,mrac.yaw.theta_3,0
41.7342,B,mrac.yaw.theta_4,0.083567627
41.7342,B,mrac.yaw.theta_5,0.088041596
41.7342,B,mrac.yaw.u_nom,0.018190632
41.7342,B,mrac.yaw.xm,0.073563531
41.7342,B,mrac.z.theta_0,0.2465111
41.7342,B,mrac.z.theta_1,3.6575635e-05
41.7342,B,mrac.z.theta_2,0.0060224612
41.7342,B,mrac.z.theta_3,0
41.7342,B,mrac.z.theta_4,0.19861548
41.7342,B,mrac.z.theta_5,0.19099018
41.7342,B,mrac.z.u_nom,-0.17973851
41.7342,B,mrac.z.xm,0
41.7342,B,path.active_path_mode,0
41.7342,B,path.circle_theta,0
41.7342,B,path.sinusoid_t_elapsed,30.002968
41.7342,B,path.twc_arrived,0
41.7342,B,path.twc_target_x,-10.000002
41.7342,B,path.twc_target_y,-29.999998
41.7342,B,path.twc_target_z,0.60000002
41.7342,B,pid.gyrox.Des,0.71460938
41.7342,B,pid.gyrox.FB,-0.51515502
41.7342,B,pid.gyrox.U,-20.724827
41.7342,B,pid.gyroy.Des,1.220906
41.7342,B,pid.gyroy.FB,-2.7548523
41.7342,B,pid.gyroy.U,39.009918
41.7342,B,pid.gyroz.Des,4.2148781
41.7342,B,pid.gyroz.FB,0.17948478
41.7342,B,pid.gyroz.U,34.052864
41.7342,B,pid.locx.Des,-8.2797871
41.7342,B,pid.locx.FB,-12.277984
41.7342,B,pid.locx.U,5.2371087
41.7342,B,pid.locxs.Des,5.2371087
41.7342,B,pid.locxs.FB,-2.8913672
41.7342,B,pid.locxs.U,24.431892
41.7342,B,pid.locy.Des,-2.2112043
41.7342,B,pid.locy.FB,-3.3045025
41.7342,B,pid.locy.U,1.6611104
41.7342,B,pid.locys.Des,1.6611104
41.7342,B,pid.locys.FB,-0.79999769
41.7342,B,pid.locys.U,7.4609814
41.7342,B,pid.pitch.Des,0.039458297
41.7342,B,pid.pitch.FB,-0.3328563
41.7342,B,pid.pitch.U,1.220906
41.7342,B,pid.roll.Des,-1.491636
41.7342,B,pid.roll.FB,-1.7012973
41.7342,B,pid.roll.U,0.71460938
41.7342,B,pid.yaw.Des,-15.09683
41.7342,B,pid.yaw.FB,-15.465977
41.7342,B,pid.yaw.U,4.2148781
41.7342,B,pid.z_pos.Des,0.019990847
41.7342,B,pid.z_pos.FB,0.019990847
41.7342,B,pid.z_pos.U,0
41.7342,B,pid.z_rate.Des,0
41.7342,B,pid.z_rate.FB,0.10521292
41.7342,B,pid.z_rate.U,-39.901947
41.9488,A,mrac.pitch.e,0.25390449
41.9488,A,mrac.pitch.u_ad,0.0022309194
41.9488,A,mrac.roll.e,0.23855266
41.9488,A,mrac.roll.u_ad,0.028168073
41.9488,A,mrac.yaw.e,0.042440858
41.9488,A,mrac.yaw.u_ad,-0.0023799697
41.9488,A,mrac.z.e,0.39638221
41.9488,A,mrac.z.u_ad,-0.047048666
41.9488,A,status.arm,1
41.9488,A,status.flymode,1
41.9488,A,status.rc_authority,0
41.9488,A,status.sbus_lost,0
41.9488,A,status.twc_arrived,0
41.9488,A,status.twc_execute,1
41.9489,B,mrac.pitch.theta_0,0.021938052
41.9489,B,mrac.pitch.theta_1,0.00046794032
41.9489,B,mrac.pitch.theta_2,0.0065200659
41.9489,B,mrac.pitch.theta_3,0.0034267588
41.9489,B,mrac.pitch.theta_4,0.18452117
41.9489,B,mrac.pitch.theta_5,0.1431758
41.9489,B,mrac.pitch.u_nom,-0.1643189
41.9489,B,mrac.pitch.xm,-0.10100807
41.9489,B,mrac.roll.theta_0,0.065300815
41.9489,B,mrac.roll.theta_1,0.00098943966
41.9489,B,mrac.roll.theta_2,0.0027703464
41.9489,B,mrac.roll.theta_3,0.0034678022
41.9489,B,mrac.roll.theta_4,0.12987554
41.9489,B,mrac.roll.theta_5,0.13767198
41.9489,B,mrac.roll.u_nom,-0.0092994589
41.9489,B,mrac.roll.xm,-0.10865269
41.9489,B,mrac.yaw.theta_0,0.0074842931
41.9489,B,mrac.yaw.theta_1,0.00051478983
41.9489,B,mrac.yaw.theta_2,0.0015619799
41.9489,B,mrac.yaw.theta_3,0
41.9489,B,mrac.yaw.theta_4,0.084734716
41.9489,B,mrac.yaw.theta_5,0.087419815
41.9489,B,mrac.yaw.u_nom,-0.0021548779
41.9489,B,mrac.yaw.xm,-0.11595023
41.9489,B,mrac.z.theta_0,0.10575802
41.9489,B,mrac.z.theta_1,2.4575031e-05
41.9489,B,mrac.z.theta_2,0.0032184436
41.9489,B,mrac.z.theta_3,0
41.9489,B,mrac.z.theta_4,0.19911741
41.9489,B,mrac.z.theta_5,0.18849459
41.9489,B,mrac.z.u_nom,-0.75348514
41.9489,B,mrac.z.xm,-0.031332497
41.9489,B,path.active_path_mode,1
41.9489,B,path.circle_theta,0
41.9489,B,path.sinusoid_t_elapsed,30.002968
41.9489,B,path.twc_arrived,0
41.9489,B,path.twc_target_x,-13.236994
41.9489,B,path.twc_target_y,-3.5697026
41.9489,B,path.twc_target_z,0.5
41.9489,B,pid.gyrox.Des,-6.225338
41.9489,B,pid.gyrox.FB,5.7932153
41.9489,B,pid.gyrox.U,-10.880367
41.9489,B,pid.gyroy.Des,-5.7873335
41.9489,B,pid.gyroy.FB,13.600415
41.9489,B,pid.gyroy.U,-192.25311
41.9489,B,pid.gyroz.Des,-6.643456
41.9489,B,pid.gyroz.FB,-5.9511657
41.9489,B,pid.gyroz.U,-4.0339313
41.9489,B,pid.locx.Des,-13.236994
41.9489,B,pid.locx.FB,-32.40728
41.9489,B,pid.locx.U,18.06036
41.9489,B,pid.locxs.Des,18.06036
41.9489,B,pid.locxs.FB,-18.60857
41.9489,B,pid.locxs.U,105.19121
41.9489,B,pid.locy.Des,-3.5697026
41.9489,B,pid.locy.FB,20.873491
41.9489,B,pid.locy.U,-22.380733
41.9489,B,pid.locys.Des,-22.380733
41.9489,B,pid.locys.FB,21.347628
41.9489,B,pid.locys.U,-119.95939
41.9489,B,pid.pitch.Des,-6.8412786
41.9489,B,pid.pitch.FB,-4.9968791
41.9489,B,pid.pitch.U,-5.7873335
41.9489,B,pid.roll.Des,-6.2258873
41.9489,B,pid.roll.FB,-4.3551674
41.9489,B,pid.roll.U,-6.225338
41.9489,B,pid.yaw.Des,0
41.9489,B,pid.yaw.FB,1.0591722
41.9489,B,pid.yaw.U,-6.643456
41.9489,B,pid.z_pos.Des,0.5
41.9489,B,pid.z_pos.FB,0.60592699
41.9489,B,pid.z_pos.U,-0.031332497
41.9489,B,pid.z_rate.Des,-0.031332497
41.9489,B,pid.z_rate.FB,0.39246807
41.9489,B,pid.z_rate.U,-167.2737
42.1495,A,mrac.pitch.e,0.25390449
42.1495,A,mrac.pitch.u_ad,0.0022309194
42.1495,A,mrac.roll.e,0.23855266
42.1495,A,mrac.roll.u_ad,0.028168073
42.1495,A,mrac.yaw.e,0.042440858
42.1495,A,mrac.yaw.u_ad,-0.0023799697
42.1495,A,mrac.z.e,0.39638221
42.1495,A,mrac.z.u_ad,-0.047048666
42.1495,A,status.arm,1
42.1495,A,status.flymode,1
42.1495,A,status.rc_authority,0
42.1495,A,status.sbus_lost,0
42.1495,A,status.twc_arrived,0
42.1495,A,status.twc_execute,1
42.1496,B,mrac.pitch.theta_0,0.021938052
42.1496,B,mrac.pitch.theta_1,0.00046794032
42.1496,B,mrac.pitch.theta_2,0.0065200659
42.1496,B,mrac.pitch.theta_3,0.0034267588
42.1496,B,mrac.pitch.theta_4,0.18452117
42.1496,B,mrac.pitch.theta_5,0.1431758
42.1496,B,mrac.pitch.u_nom,-0.1643189
42.1496,B,mrac.pitch.xm,-0.10100807
42.1496,B,mrac.roll.theta_0,0.065300815
42.1496,B,mrac.roll.theta_1,0.00098943966
42.1496,B,mrac.roll.theta_2,0.0027703464
42.1496,B,mrac.roll.theta_3,0.0034678022
42.1496,B,mrac.roll.theta_4,0.12987554
42.1496,B,mrac.roll.theta_5,0.13767198
42.1496,B,mrac.roll.u_nom,-0.0092994589
42.1496,B,mrac.roll.xm,-0.10865269
42.1496,B,mrac.yaw.theta_0,0.0074842931
42.1496,B,mrac.yaw.theta_1,0.00051478983
42.1496,B,mrac.yaw.theta_2,0.0015619799
42.1496,B,mrac.yaw.theta_3,0
42.1496,B,mrac.yaw.theta_4,0.084734716
42.1496,B,mrac.yaw.theta_5,0.087419815
42.1496,B,mrac.yaw.u_nom,-0.0021548779
42.1496,B,mrac.yaw.xm,-0.11595023
42.1496,B,mrac.z.theta_0,0.10575802
42.1496,B,mrac.z.theta_1,2.4575031e-05
42.1496,B,mrac.z.theta_2,0.0032184436
42.1496,B,mrac.z.theta_3,0
42.1496,B,mrac.z.theta_4,0.19911741
42.1496,B,mrac.z.theta_5,0.18849459
42.1496,B,mrac.z.u_nom,-0.75348514
42.1496,B,mrac.z.xm,-0.031332497
42.1496,B,path.active_path_mode,1
42.1496,B,path.circle_theta,0
42.1496,B,path.sinusoid_t_elapsed,30.002968
42.1496,B,path.twc_arrived,0
42.1496,B,path.twc_target_x,-13.236994
42.1496,B,path.twc_target_y,-3.5697026
42.1496,B,path.twc_target_z,0.5
42.1496,B,pid.gyrox.Des,-6.225338
42.1496,B,pid.gyrox.FB,5.7932153
42.1496,B,pid.gyrox.U,-10.880367
42.1496,B,pid.gyroy.Des,-5.7873335
42.1496,B,pid.gyroy.FB,13.600415
42.1496,B,pid.gyroy.U,-192.25311
42.1496,B,pid.gyroz.Des,-6.643456
42.1496,B,pid.gyroz.FB,-5.9511657
42.1496,B,pid.gyroz.U,-4.0339313
42.1496,B,pid.locx.Des,-13.236994
42.1496,B,pid.locx.FB,-32.40728
42.1496,B,pid.locx.U,18.06036
42.1496,B,pid.locxs.Des,18.06036
42.1496,B,pid.locxs.FB,-18.60857
42.1496,B,pid.locxs.U,105.19121
42.1496,B,pid.locy.Des,-3.5697026
42.1496,B,pid.locy.FB,20.873491
42.1496,B,pid.locy.U,-22.380733
42.1496,B,pid.locys.Des,-22.380733
42.1496,B,pid.locys.FB,21.347628
42.1496,B,pid.locys.U,-119.95939
42.1496,B,pid.pitch.Des,-6.8412786
42.1496,B,pid.pitch.FB,-4.9968791
42.1496,B,pid.pitch.U,-5.7873335
42.1496,B,pid.roll.Des,-6.2258873
42.1496,B,pid.roll.FB,-4.3551674
42.1496,B,pid.roll.U,-6.225338
42.1496,B,pid.yaw.Des,0
42.1496,B,pid.yaw.FB,1.0591722
42.1496,B,pid.yaw.U,-6.643456
42.1496,B,pid.z_pos.Des,0.5
42.1496,B,pid.z_pos.FB,0.60592699
42.1496,B,pid.z_pos.U,-0.031332497
42.1496,B,pid.z_rate.Des,-0.031332497
42.1496,B,pid.z_rate.FB,0.39246807
42.1496,B,pid.z_rate.U,-167.2737
42.3495,A,mrac.pitch.e,0.10772707
42.3495,A,mrac.pitch.u_ad,0.0028410396
42.3495,A,mrac.roll.e,-0.18346611
42.3495,A,mrac.roll.u_ad,0.068760425
42.3495,A,mrac.yaw.e,0.063596919
42.3495,A,mrac.yaw.u_ad,-0.00016307831
42.3495,A,mrac.z.e,0.3103109
42.3495,A,mrac.z.u_ad,-0.05566375
42.3495,A,status.arm,1
42.3495,A,status.flymode,1
42.3495,A,status.rc_authority,0
42.3495,A,status.sbus_lost,0
42.3495,A,status.twc_arrived,0
42.3495,A,status.twc_execute,1
42.3495,B,mrac.pitch.theta_0,0.0035383292
42.3495,B,mrac.pitch.theta_1,0.00040385086
42.3495,B,mrac.pitch.theta_2,0.0064319787
42.3495,B,mrac.pitch.theta_3,0.0034306715
42.3495,B,mrac.pitch.theta_4,0.18458159
42.3495,B,mrac.pitch.theta_5,0.14317659
42.3495,B,mrac.pitch.u_nom,0.011958635
42.3495,B,mrac.pitch.xm,-0.045959506
42.3495,B,mrac.roll.theta_0,0.040498048
42.3495,B,mrac.roll.theta_1,0.00096350611
42.3495,B,mrac.roll.theta_2,0.0027650334
42.3495,B,mrac.roll.theta_3,0.0034733869
42.3495,B,mrac.roll.theta_4,0.13000913
42.3495,B,mrac.roll.theta_5,0.13770278
42.3495,B,mrac.roll.u_nom,-0.1037868
42.3495,B,mrac.roll.xm,0.0087939659
42.3495,B,mrac.yaw.theta_0,0.0047851321
42.3495,B,mrac.yaw.theta_1,0.00051307038
42.3495,B,mrac.yaw.theta_2,0.0015617554
42.3495,B,mrac.yaw.theta_3,0
42.3495,B,mrac.yaw.theta_4,0.084744915
42.3495,B,mrac.yaw.theta_5,0.087410323
42.3495,B,mrac.yaw.u_nom,-0.016751416
42.3495,B,mrac.yaw.xm,-0.044782106
42.3495,B,mrac.z.theta_0,0.075008519
42.3495,B,mrac.z.theta_1,2.1502101e-05
42.3495,B,mrac.z.theta_2,0.0031772363
42.3495,B,mrac.z.theta_3,0
42.3495,B,mrac.z.theta_4,0.19908042
42.3495,B,mrac.z.theta_5,0.18851654
42.3495,B,mrac.z.u_nom,-0.27268562
42.3495,B,mrac.z.xm,-0.084296681
42.3495,B,path.active_path_mode,1
42.3495,B,path.circle_theta,0
42.3495,B,path.sinusoid_t_elapsed,30.002968
42.3495,B,path.twc_arrived,0
42.3495,B,path.twc_target_x,-13.236994
42.3495,B,path.twc_target_y,-3.5697026
42.3495,B,path.twc_target_z,0.5
42.3495,B,pid.gyrox.Des,0.5038569
42.3495,B,pid.gyrox.FB,7.1129518
42.3495,B,pid.gyrox.U,-121.43056
42.3495,B,pid.gyroy.Des,-2.6332846
42.3495,B,pid.gyroy.FB,6.90171
42.3495,B,pid.gyroy.U,13.991604
42.3495,B,pid.gyroz.Des,-2.5658245
42.3495,B,pid.gyroz.FB,1.5040092
42.3495,B,pid.gyroz.U,-31.35865
42.3495,B,pid.locx.Des,-13.236994
42.3495,B,pid.locx.FB,-37.967632
42.3495,B,pid.locx.U,21.805159
42.3495,B,pid.locxs.Des,21.805159
42.3495,B,pid.locxs.FB,-0.018377358
42.3495,B,pid.locxs.U,59.413536
42.3495,B,pid.locy.Des,-3.5697026
42.3495,B,pid.locy.FB,23.813923
42.3495,B,pid.locy.U,-23.602942
42.3495,B,pid.locys.Des,-23.602942
42.3495,B,pid.locys.FB,-8.9999809
42.3495,B,pid.locys.U,-37.270996
42.3495,B,pid.pitch.Des,-2.1650467
42.3495,B,pid.pitch.FB,-1.4603888
42.3495,B,pid.pitch.U,-2.6332846
42.3495,B,pid.roll.Des,-3.4703245
42.3495,B,pid.roll.FB,-3.6509721
42.3495,B,pid.roll.U,0.5038569
42.3495,B,pid.yaw.Des,0
42.3495,B,pid.yaw.FB,0.11699406
42.3495,B,pid.yaw.U,-2.5658245
42.3495,B,pid.z_pos.Des,0.5
42.3495,B,pid.z_pos.FB,0.6384936
42.3495,B,pid.z_pos.U,-0.084296681
42.3495,B,pid.z_rate.Des,-0.084296681
42.3495,B,pid.z_rate.FB,0.068964191
42.3495,B,pid.z_rate.U,-60.536205
42.5657,A,mrac.pitch.e,0.24747023
42.5657,A,mrac.pitch.u_ad,-0.033287287
42.5657,A,mrac.roll.e,0.040744007
42.5657,A,mrac.roll.u_ad,0.040831443
42.5657,A,mrac.yaw.e,0.10339051
42.5657,A,mrac.yaw.u_ad,-0.0019758546
42.5657,A,mrac.z.e,0.23313785
42.5657,A,mrac.z.u_ad,-0.037387088
42.5657,A,status.arm,1
42.5657,A,status.flymode,1
42.5657,A,status.rc_authority,0
42.5657,A,status.sbus_lost,0
42.5657,A,status.twc_arrived,0
42.5657,A,status.twc_execute,1
42.5659,B,mrac.pitch.theta_0,0.0025320291
42.5659,B,mrac.pitch.theta_1,0.0003960469
42.5659,B,mrac.pitch.theta_2,0.0064189616
42.5659,B,mrac.pitch.theta_3,0.0034308934
42.5659,B,mrac.pitch.theta_4,0.18458624
42.5659,B,mrac.pitch.theta_5,0.14317514
42.5659,B,mrac.pitch.u_nom,0.04740211
42.5659,B,mrac.pitch.xm,0.02347903
42.5659,B,mrac.roll.theta_0,0.037700657
42.5659,B,mrac.roll.theta_1,0.00095896312
42.5659,B,mrac.roll.theta_2,0.0027646469
42.5659,B,mrac.roll.theta_3,0.0034737051
42.5659,B,mrac.roll.theta_4,0.13002262
42.5659,B,mrac.roll.theta_5,0.13770112
42.5659,B,mrac.roll.u_nom,0.063862279
42.5659,B,mrac.roll.xm,0.085825153
42.5659,B,mrac.yaw.theta_0,0.0044663306
42.5659,B,mrac.yaw.theta_1,0.00051256223
42.5659,B,mrac.yaw.theta_2,0.0015616418
42.5659,B,mrac.yaw.theta_3,0
42.5659,B,mrac.yaw.theta_4,0.084745735
42.5659,B,mrac.yaw.theta_5,0.087409228
42.5659,B,mrac.yaw.u_nom,-0.032043312
42.5659,B,mrac.yaw.xm,-0.040967148
42.5659,B,mrac.z.theta_0,0.068686031
42.5659,B,mrac.z.theta_1,2.0761945e-05
42.5659,B,mrac.z.theta_2,0.0031686225
42.5659,B,mrac.z.theta_3,0
42.5659,B,mrac.z.theta_4,0.19908334
42.5659,B,mrac.z.theta_5,0.18854904
42.5659,B,mrac.z.u_nom,-0.6513927
42.5659,B,mrac.z.xm,-0.10611808
42.5659,B,path.active_path_mode,1
42.5659,B,path.circle_theta,0
42.5659,B,path.sinusoid_t_elapsed,30.002968
42.5659,B,path.twc_arrived,0
42.5659,B,path.twc_target_x,-13.236994
42.5659,B,path.twc_target_y,-3.5697026
42.5659,B,path.twc_target_z,0.5
42.5659,B,pid.gyrox.Des,4.917417
42.5659,B,pid.gyrox.FB,3.2617669
42.5659,B,pid.gyrox.U,74.718864
42.5659,B,pid.gyroy.Des,1.3452487
42.5659,B,pid.gyroy.FB,5.6359167
42.5659,B,pid.gyroy.U,55.460468
42.5659,B,pid.gyroz.Des,-2.3472438
42.5659,B,pid.gyroz.FB,5.2884879
42.5659,B,pid.gyroz.U,-59.985081
42.5659,B,pid.locx.Des,-13.236994
42.5659,B,pid.locx.FB,-37.959019
42.5659,B,pid.locx.U,21.738131
42.5659,B,pid.locxs.Des,21.738131
42.5659,B,pid.locxs.FB,1.9864559
42.5659,B,pid.locxs.U,52.975628
42.5659,B,pid.locy.Des,-3.5697026
42.5659,B,pid.locy.FB,22.918911
42.5659,B,pid.locy.U,-22.750843
42.5659,B,pid.locys.Des,-22.750843
42.5659,B,pid.locys.FB,-11.002454
42.5659,B,pid.locys.U,-28.709354
42.5659,B,pid.pitch.Des,-1.6702578
42.5659,B,pid.pitch.FB,-0.88867104
42.5659,B,pid.pitch.U,1.3452487
42.5659,B,pid.roll.Des,-3.093806
42.5659,B,pid.roll.FB,-3.3233654
42.5659,B,pid.roll.U,4.917417
42.5659,B,pid.yaw.Des,0
42.5659,B,pid.yaw.FB,0.070539251
42.5659,B,pid.yaw.U,-2.3472438
42.5659,B,pid.z_pos.Des,0.5
42.5659,B,pid.z_pos.FB,0.65881073
42.5659,B,pid.z_pos.U,-0.10611808
42.5659,B,pid.z_rate.Des,-0.10611808
42.5659,B,pid.z_rate.FB,0.25732523
42.5659,B,pid.z_rate.U,-144.60918
42.7677,A,mrac.pitch.e,0.24747023
42.7677,A,mrac.pitch.u_ad,-0.033287287
42.7677,A,mrac.roll.e,0.040744007
42.7677,A,mrac.roll.u_ad,0.040831443
42.7677,A,mrac.yaw.e,0.10339051
42.7677,A,mrac.yaw.u_ad,-0.0019758546
42.7677,A,mrac.z.e,0.23313785
42.7677,A,mrac.z.u_ad,-0.037387088
42.7677,A,status.arm,1
42.7677,A,status.flymode,1
42.7677,A,status.rc_authority,0
42.7677,A,status.sbus_lost,0
42.7677,A,status.twc_arrived,0
42.7677,A,status.twc_execute,1
42.7679,B,mrac.pitch.theta_0,0.0025320291
42.7679,B,mrac.pitch.theta_1,0.0003960469
42.7679,B,mrac.pitch.theta_2,0.0064189616
42.7679,B,mrac.pitch.theta_3,0.0034308934
42.7679,B,mrac.pitch.theta_4,0.18458624
42.7679,B,mrac.pitch.theta_5,0.14317514
42.7679,B,mrac.pitch.u_nom,0.04740211
42.7679,B,mrac.pitch.xm,0.02347903
42.7679,B,mrac.roll.theta_0,0.037700657
42.7679,B,mrac.roll.theta_1,0.00095896312
42.7679,B,mrac.roll.theta_2,0.0027646469
42.7679,B,mrac.roll.theta_3,0.0034737051
42.7679,B,mrac.roll.theta_4,0.13002262
42.7679,B,mrac.roll.theta_5,0.13770112
42.7679,B,mrac.roll.u_nom,0.063862279
42.7679,B,mrac.roll.xm,0.085825153
42.7679,B,mrac.yaw.theta_0,0.0044663306
42.7679,B,mrac.yaw.theta_1,0.00051256223
42.7679,B,mrac.yaw.theta_2,0.0015616418
42.7679,B,mrac.yaw.theta_3,0
42.7679,B,mrac.yaw.theta_4,0.084745735
42.7679,B,mrac.yaw.theta_5,0.087409228
42.7679,B,mrac.yaw.u_nom,-0.032043312
42.7679,B,mrac.yaw.xm,-0.040967148
42.7679,B,mrac.z.theta_0,0.068686031
42.7679,B,mrac.z.theta_1,2.0761945e-05
42.7679,B,mrac.z.theta_2,0.0031686225
42.7679,B,mrac.z.theta_3,0
42.7679,B,mrac.z.theta_4,0.19908334
42.7679,B,mrac.z.theta_5,0.18854904
42.7679,B,mrac.z.u_nom,-0.6513927
42.7679,B,mrac.z.xm,-0.10611808
42.7679,B,path.active_path_mode,1
42.7679,B,path.circle_theta,0
42.7679,B,path.sinusoid_t_elapsed,30.002968
42.7679,B,path.twc_arrived,0
42.7679,B,path.twc_target_x,-13.236994
42.7679,B,path.twc_target_y,-3.5697026
42.7679,B,path.twc_target_z,0.5
42.7679,B,pid.gyrox.Des,4.917417
42.7679,B,pid.gyrox.FB,3.2617669
42.7679,B,pid.gyrox.U,74.718864
42.7679,B,pid.gyroy.Des,1.3452487
42.7679,B,pid.gyroy.FB,5.6359167
42.7679,B,pid.gyroy.U,55.460468
42.7679,B,pid.gyroz.Des,-2.3472438
42.7679,B,pid.gyroz.FB,5.2884879
42.7679,B,pid.gyroz.U,-59.985081
42.7679,B,pid.locx.Des,-13.236994
42.7679,B,pid.locx.FB,-37.959019
42.7679,B,pid.locx.U,21.738131
42.7679,B,pid.locxs.Des,21.738131
42.7679,B,pid.locxs.FB,1.9864559
42.7679,B,pid.locxs.U,52.975628
42.7679,B,pid.locy.Des,-3.5697026
42.7679,B,pid.locy.FB,22.918911
42.7679,B,pid.locy.U,-22.750843
42.7679,B,pid.locys.Des,-22.750843
42.7679,B,pid.locys.FB,-11.002454
42.7679,B,pid.locys.U,-28.709354
42.7679,B,pid.pitch.Des,-1.6702578
42.7679,B,pid.pitch.FB,-0.88867104
42.7679,B,pid.pitch.U,1.3452487
42.7679,B,pid.roll.Des,-3.093806
42.7679,B,pid.roll.FB,-3.3233654
42.7679,B,pid.roll.U,4.917417
42.7679,B,pid.yaw.Des,0
42.7679,B,pid.yaw.FB,0.070539251
42.7679,B,pid.yaw.U,-2.3472438
42.7679,B,pid.z_pos.Des,0.5
42.7679,B,pid.z_pos.FB,0.65881073
42.7679,B,pid.z_pos.U,-0.10611808
42.7679,B,pid.z_rate.Des,-0.10611808
42.7679,B,pid.z_rate.FB,0.25732523
42.7679,B,pid.z_rate.U,-144.60918
42.9827,A,mrac.pitch.e,0.19539219
42.9827,A,mrac.pitch.u_ad,-0.019006414
42.9827,A,mrac.roll.e,0.094302304
42.9827,A,mrac.roll.u_ad,0.015386924
42.9827,A,mrac.yaw.e,0.11104971
42.9827,A,mrac.yaw.u_ad,-0.0081435814
42.9827,A,mrac.z.e,-0.019002825
42.9827,A,mrac.z.u_ad,0.018313592
42.9827,A,status.arm,1
42.9827,A,status.flymode,1
42.9827,A,status.rc_authority,0
42.9827,A,status.sbus_lost,0
42.9827,A,status.twc_arrived,0
42.9827,A,status.twc_execute,1
42.9828,B,mrac.pitch.theta_0,0.00082725188
42.9828,B,mrac.pitch.theta_1,0.00039402678
42.9828,B,mrac.pitch.theta_2,0.0063882372
42.9828,B,mrac.pitch.theta_3,0.0034302385
42.9828,B,mrac.pitch.theta_4,0.18460879
42.9828,B,mrac.pitch.theta_5,0.14320116
42.9828,B,mrac.pitch.u_nom,-0.16172037
42.9828,B,mrac.pitch.xm,-0.10641903
42.9828,B,mrac.roll.theta_0,0.024837796
42.9828,B,mrac.roll.theta_1,0.0009289239
42.9828,B,mrac.roll.theta_2,0.0027622632
42.9828,B,mrac.roll.theta_3,0.0034737207
42.9828,B,mrac.roll.theta_4,0.13010187
42.9828,B,mrac.roll.theta_5,0.13767828
42.9828,B,mrac.roll.u_nom,0.046960555
42.9828,B,mrac.roll.xm,-0.0044952473
42.9828,B,mrac.yaw.theta_0,0.001339326
42.9828,B,mrac.yaw.theta_1,0.00051029155
42.9828,B,mrac.yaw.theta_2,0.0015599577
42.9828,B,mrac.yaw.theta_3,0
42.9828,B,mrac.yaw.theta_4,0.084774874
42.9828,B,mrac.yaw.theta_5,0.087403946
42.9828,B,mrac.yaw.u_nom,-0.01938308
42.9828,B,mrac.yaw.xm,-0.086804725
42.9828,B,mrac.z.theta_0,0.042515472
42.9828,B,mrac.z.theta_1,5.0151906e-05
42.9828,B,mrac.z.theta_2,0.0031377133
42.9828,B,mrac.z.theta_3,0
42.9828,B,mrac.z.theta_4,0.19909345
42.9828,B,mrac.z.theta_5,0.18883967
42.9828,B,mrac.z.u_nom,-0.15786621
42.9828,B,mrac.z.xm,-0.16502465
42.9828,B,path.active_path_mode,1
42.9828,B,path.circle_theta,0
42.9828,B,path.sinusoid_t_elapsed,30.002968
42.9828,B,path.twc_arrived,0
42.9828,B,path.twc_target_x,-13.236994
42.9828,B,path.twc_target_y,-3.5697026
42.9828,B,path.twc_target_z,0.5
42.9828,B,pid.gyrox.Des,-0.25755858
42.9828,B,pid.gyrox.FB,-2.0760505
42.9828,B,pid.gyrox.U,54.943848
42.9828,B,pid.gyroy.Des,-6.0973587
42.9828,B,pid.gyroy.FB,12.659827
42.9828,B,pid.gyroy.U,-189.21283
42.9828,B,pid.gyroz.Des,-4.9735422
42.9828,B,pid.gyroz.FB,-0.35181183
42.9828,B,pid.gyroz.U,-36.285126
42.9828,B,pid.locx.Des,-13.236994
42.9828,B,pid.locx.FB,-36.047619
42.9828,B,pid.locx.U,19.971127
42.9828,B,pid.locxs.Des,19.971127
42.9828,B,pid.locxs.FB,6.9391909
42.9828,B,pid.locxs.U,38.769997
42.9828,B,pid.locy.Des,-3.5697026
42.9828,B,pid.locy.FB,18.384418
42.9828,B,pid.locy.U,-19.260868
42.9828,B,pid.locys.Des,-19.260868
42.9828,B,pid.locys.FB,-7.0602846
42.9828,B,pid.locys.U,-36.113014
42.9828,B,pid.pitch.Des,-2.0878303
42.9828,B,pid.pitch.FB,0.036734793
42.9828,B,pid.pitch.U,-6.0973587
42.9828,B,pid.roll.Des,-2.2821126
42.9828,B,pid.roll.FB,-2.1661007
42.9828,B,pid.roll.U,-0.25755858
42.9828,B,pid.yaw.Des,0
42.9828,B,pid.yaw.FB,0.49559033
42.9828,B,pid.yaw.U,-4.9735422
42.9828,B,pid.z_pos.Des,0.5
42.9828,B,pid.z_pos.FB,0.67951399
42.9828,B,pid.z_pos.U,-0.16502465
42.9828,B,pid.z_rate.Des,-0.16502465
42.9828,B,pid.z_rate.FB,-0.075870611
42.9828,B,pid.z_rate.U,-35.046299
43.1996,A,mrac.pitch.e,0.1117319
43.1996,A,mrac.pitch.u_ad,-0.0073244972
43.1996,A,mrac.roll.e,-0.16065194
43.1996,A,mrac.roll.u_ad,0.042594437
43.1996,A,mrac.yaw.e,0.095205225
43.1996,A,mrac.yaw.u_ad,-0.0057252077
43.1996,A,mrac.z.e,0.18254815
43.1996,A,mrac.z.u_ad,-0.064333901
43.1996,A,status.arm,1
43.1996,A,status.flymode,1
43.1996,A,status.rc_authority,0
43.1996,A,status.sbus_lost,0
43.1996,A,status.twc_arrived,0
43.1996,A,status.twc_execute,1
43.1997,B,mrac.pitch.theta_0,0.0015721405
43.1997,B,mrac.pitch.theta_1,0.0003765937
43.1997,B,mrac.pitch.theta_2,0.0063627991
43.1997,B,mrac.pitch.theta_3,0.003432262
43.1997,B,mrac.pitch.theta_4,0.18463302
43.1997,B,mrac.pitch.theta_5,0.14320505
43.1997,B,mrac.pitch.u_nom,-0.2059564
43.1997,B,mrac.pitch.xm,-0.10215785
43.1997,B,mrac.roll.theta_0,0.021962564
43.1997,B,mrac.roll.theta_1,0.0009131573
43.1997,B,mrac.roll.theta_2,0.0027603658
43.1997,B,mrac.roll.theta_3,0.0034751042
43.1997,B,mrac.roll.theta_4,0.1301484
43.1997,B,mrac.roll.theta_5,0.1376593
43.1997,B,mrac.roll.u_nom,0.0065462603
43.1997,B,mrac.roll.xm,0.014535238
43.1997,B,mrac.yaw.theta_0,0.00089226908
43.1997,B,mrac.yaw.theta_1,0.00051057071
43.1997,B,mrac.yaw.theta_2,0.0015595556
43.1997,B,mrac.yaw.theta_3,0
43.1997,B,mrac.yaw.theta_4,0.084784076
43.1997,B,mrac.yaw.theta_5,0.08740253
43.1997,B,mrac.yaw.u_nom,-0.0020006243
43.1997,B,mrac.yaw.xm,-0.072379105
43.1997,B,mrac.z.theta_0,0.037071604
43.1997,B,mrac.z.theta_1,0.00024523071
43.1997,B,mrac.z.theta_2,0.0031374258
43.1997,B,mrac.z.theta_3,0
43.1997,B,mrac.z.theta_4,0.19906849
43.1997,B,mrac.z.theta_5,0.18893048
43.1997,B,mrac.z.u_nom,-0.31887349
43.1997,B,mrac.z.xm,-0.17966673
43.1997,B,path.active_path_mode,1
43.1997,B,path.circle_theta,0
43.1997,B,path.sinusoid_t_elapsed,30.002968
43.1997,B,path.twc_arrived,0
43.1997,B,path.twc_target_x,-13.236994
43.1997,B,path.twc_target_y,-3.5697026
43.1997,B,path.twc_target_z,0.5
43.1997,B,pid.gyrox.Des,0.83280742
43.1997,B,pid.gyrox.FB,0.82958132
43.1997,B,pid.gyrox.U,7.6591244
43.1997,B,pid.gyroy.Des,-5.8532109
43.1997,B,pid.gyroy.FB,23.25589
43.1997,B,pid.gyroy.U,-240.96899
43.1997,B,pid.gyroz.Des,-4.1470156
43.1997,B,pid.gyroz.FB,-3.620364
43.1997,B,pid.gyroz.U,-3.7451689
43.1997,B,pid.locx.Des,-13.236994
43.1997,B,pid.locx.FB,-33.545071
43.1997,B,pid.locx.U,17.729586
43.1997,B,pid.locxs.Des,17.729586
43.1997,B,pid.locxs.FB,10.949822
43.1997,B,pid.locxs.U,19.565865
43.1997,B,pid.locy.Des,-3.5697026
43.1997,B,pid.locy.FB,15.986121
43.1997,B,pid.locy.U,-17.161293
43.1997,B,pid.locys.Des,-17.161293
43.1997,B,pid.locys.FB,-8.0685434
43.1997,B,pid.locys.U,-26.623011
43.1997,B,pid.pitch.Des,-1.5474544
43.1997,B,pid.pitch.FB,0.31705859
43.1997,B,pid.pitch.U,-5.8532109
43.1997,B,pid.roll.Des,-1.1526637
43.1997,B,pid.roll.FB,-1.3991901
43.1997,B,pid.roll.U,0.83280742
43.1997,B,pid.yaw.Des,0
43.1997,B,pid.yaw.FB,0.35783592
43.1997,B,pid.yaw.U,-4.1470156
43.1997,B,pid.z_pos.Des,0.5
43.1997,B,pid.z_pos.FB,0.66978997
43.1997,B,pid.z_pos.U,-0.17966673
43.1997,B,pid.z_rate.Des,-0.17966673
43.1997,B,pid.z_rate.FB,-0.0016745683
43.1997,B,pid.z_rate.U,-70.789917
43.4020,A,mrac.pitch.e,0.078801386
43.4020,A,mrac.pitch.u_ad,-0.020590983
43.4020,A,mrac.roll.e,0.08723107
43.4020,A,mrac.roll.u_ad,0.021077288
43.4020,A,mrac.yaw.e,0.091439664
43.4020,A,mrac.yaw.u_ad,-0.006508579
43.4020,A,mrac.z.e,0.10849234
43.4020,A,mrac.z.u_ad,-0.040129028
43.4020,A,status.arm,1
43.4020,A,status.flymode,1
43.4020,A,status.rc_authority,0
43.4020,A,status.sbus_lost,0
43.4020,A,status.twc_arrived,0
43.4020,A,status.twc_execute,1
43.4021,B,mrac.pitch.theta_0,0.00089756626
43.4021,B,mrac.pitch.theta_1,0.00037666151
43.4021,B,mrac.pitch.theta_2,0.0063539678
43.4021,B,mrac.pitch.theta_3,0.0034326741
43.4021,B,mrac.pitch.theta_4,0.18463668
43.4021,B,mrac.pitch.theta_5,0.14321485
43.4021,B,mrac.pitch.u_nom,0.084740579
43.4021,B,mrac.pitch.xm,-0.10042165
43.4021,B,mrac.roll.theta_0,0.021038353
43.4021,B,mrac.roll.theta_1,0.00090370741
43.4021,B,mrac.roll.theta_2,0.0027597318
43.4021,B,mrac.roll.theta_3,0.003475586
43.4021,B,mrac.roll.theta_4,0.13017456
43.4021,B,mrac.roll.theta_5,0.13764386
43.4021,B,mrac.roll.u_nom,-0.047438115
43.4021,B,mrac.roll.xm,0.018030157
43.4021,B,mrac.yaw.theta_0,0.0009133562
43.4021,B,mrac.yaw.theta_1,0.00050841592
43.4021,B,mrac.yaw.theta_2,0.0015595764
43.4021,B,mrac.yaw.theta_3,0
43.4021,B,mrac.yaw.theta_4,0.084790096
43.4021,B,mrac.yaw.theta_5,0.087398224
43.4021,B,mrac.yaw.u_nom,-0.034566227
43.4021,B,mrac.yaw.xm,-0.066213407
43.4021,B,mrac.z.theta_0,0.032927439
43.4021,B,mrac.z.theta_1,0.00030623635
43.4021,B,mrac.z.theta_2,0.003135972
43.4021,B,mrac.z.theta_3,0
43.4021,B,mrac.z.theta_4,0.19906065
43.4021,B,mrac.z.theta_5,0.18902422
43.4021,B,mrac.z.u_nom,-0.54077256
43.4021,B,mrac.z.xm,-0.19403288
43.4021,B,path.active_path_mode,1
43.4021,B,path.circle_theta,0
43.4021,B,path.sinusoid_t_elapsed,30.002968
43.4021,B,path.twc_arrived,0
43.4021,B,path.twc_target_x,-13.236994
43.4021,B,path.twc_target_y,-3.5697026
43.4021,B,path.twc_target_z,0.5
43.4021,B,pid.gyrox.Des,1.0330515
43.4021,B,pid.gyrox.FB,7.3647285
43.4021,B,pid.gyrox.U,-55.502594
43.4021,B,pid.gyroy.Des,-5.7537346
43.4021,B,pid.gyroy.FB,-4.6663532
43.4021,B,pid.gyroy.U,99.146477
43.4021,B,pid.gyroz.Des,-3.7937469
43.4021,B,pid.gyroz.FB,4.3336887
43.4021,B,pid.gyroz.U,-64.707977
43.4021,B,pid.locx.Des,-13.236994
43.4021,B,pid.locx.FB,-31.32806
43.4021,B,pid.locx.U,15.971178
43.4021,B,pid.locxs.Des,15.971178
43.4021,B,pid.locxs.FB,11.958095
43.4021,B,pid.locxs.U,11.369236
43.4021,B,pid.locy.Des,-3.5697026
43.4021,B,pid.locy.FB,13.937467
43.4021,B,pid.locy.U,-15.535244
43.4021,B,pid.locys.Des,-15.535244
43.4021,B,pid.locys.FB,-8.0625048
43.4021,B,pid.locys.U,-21.792692
43.4021,B,pid.pitch.Des,-1.2693279
43.4021,B,pid.pitch.FB,0.60678947
43.4021,B,pid.pitch.U,-5.7537346
43.4021,B,pid.roll.Des,-0.67081922
43.4021,B,pid.roll.FB,-1.0893695
43.4021,B,pid.roll.U,1.0330515
43.4021,B,pid.yaw.Des,0
43.4021,B,pid.yaw.FB,0.29895782
43.4021,B,pid.yaw.U,-3.7937469
43.4021,B,pid.z_pos.Des,0.5
43.4021,B,pid.z_pos.FB,0.66984135
43.4021,B,pid.z_pos.U,-0.19403288
43.4021,B,pid.z_rate.Des,-0.19403288
43.4021,B,pid.z_rate.FB,0.106646
43.4021,B,pid.z_rate.U,-120.05151
43.6213,A,mrac.pitch.e,0.14346568
43.6213,A,mrac.pitch.u_ad,-0.016123302
43.6213,A,mrac.roll.e,-0.084979557
43.6213,A,mrac.roll.u_ad,0.030835263
43.6213,A,mrac.yaw.e,0.089805864
43.6213,A,mrac.yaw.u_ad,-0.0090389829
43.6213,A,mrac.z.e,0.33363524
43.6213,A,mrac.z.u_ad,-0.13321671
43.6213,A,status.arm,1
43.6213,A,status.flymode,1
43.6213,A,status.rc_authority,0
43.6213,A,status.sbus_lost,0
43.6213,A,status.twc_arrived,0
43.6213,A,status.twc_execute,1
43.6215,B,mrac.pitch.theta_0,0.00071446324
43.6215,B,mrac.pitch.theta_1,0.00037407016
43.6215,B,mrac.pitch.theta_2,0.0063408525
43.6215,B,mrac.pitch.theta_3,0.0034327474
43.6215,B,mrac.pitch.theta_4,0.18464835
43.6215,B,mrac.pitch.theta_5,0.14322235
43.6215,B,mrac.pitch.u_nom,-0.12342396
43.6215,B,mrac.pitch.xm,-0.086180963
43.6215,B,mrac.roll.theta_0,0.019898873
43.6215,B,mrac.roll.theta_1,0.00088572712
43.6215,B,mrac.roll.theta_2,0.0027589535
43.6215,B,mrac.roll.theta_3,0.0034759308
43.6215,B,mrac.roll.theta_4,0.13021554
43.6215,B,mrac.roll.theta_5,0.13761905
43.6215,B,mrac.roll.u_nom,0.004540259
43.6215,B,mrac.roll.xm,0.016394988
43.6215,B,mrac.yaw.theta_0,0.00047220287
43.6215,B,mrac.yaw.theta_1,0.00050692708
43.6215,B,mrac.yaw.theta_2,0.0015586969
43.6215,B,mrac.yaw.theta_3,0
43.6215,B,mrac.yaw.theta_4,0.084809236
43.6215,B,mrac.yaw.theta_5,0.087397397
43.6215,B,mrac.yaw.u_nom,-0.018095624
43.6215,B,mrac.yaw.xm,-0.091076732
43.6215,B,mrac.z.theta_0,0.027184358
43.6215,B,mrac.z.theta_1,0.00049558893
43.6215,B,mrac.z.theta_2,0.003134212
43.6215,B,mrac.z.theta_3,0
43.6215,B,mrac.z.theta_4,0.1990492
43.6215,B,mrac.z.theta_5,0.18918762
43.6215,B,mrac.z.u_nom,-0.062756941
43.6215,B,mrac.z.xm,-0.19819045
43.6215,B,path.active_path_mode,1
43.6215,B,path.circle_theta,0
43.6215,B,path.sinusoid_t_elapsed,30.002968
43.6215,B,path.twc_arrived,0
43.6215,B,path.twc_target_x,-13.236994
43.6215,B,path.twc_target_y,-3.5697026
43.6215,B,path.twc_target_z,0.5
43.6215,B,pid.gyrox.Des,0.93936324
43.6215,B,pid.gyrox.FB,2.2049768
43.6215,B,pid.gyrox.U,5.3121033
43.6215,B,pid.gyroy.Des,-4.9378033
43.6215,B,pid.gyroy.FB,4.8632646
43.6215,B,pid.gyroy.U,-144.40604
43.6215,B,pid.gyroz.Des,-5.2183104
43.6215,B,pid.gyroz.FB,-0.96494907
43.6215,B,pid.gyroz.U,-33.875008
43.6215,B,pid.locx.Des,-13.236994
43.6215,B,pid.locx.FB,-27.852655
43.6215,B,pid.locx.U,13.192566
43.6215,B,pid.locxs.Des,13.192566
43.6215,B,pid.locxs.FB,11.924582
43.6215,B,pid.locxs.U,3.1382933
43.6215,B,pid.locy.Des,-3.5697026
43.6215,B,pid.locy.FB,10.745349
43.6215,B,pid.locy.U,-13.01538
43.6215,B,pid.locys.Des,-13.01538
43.6215,B,pid.locys.FB,-8.1119881
43.6215,B,pid.locys.U,-14.126498
43.6215,B,pid.pitch.Des,-0.8235026
43.6215,B,pid.pitch.FB,0.91220337
43.6215,B,pid.pitch.U,-4.9378033
43.6215,B,pid.roll.Des,-0.19104983
43.6215,B,pid.roll.FB,-0.53116626
43.6215,B,pid.roll.U,0.93936324
43.6215,B,pid.yaw.Des,0
43.6215,B,pid.yaw.FB,0.53638506
43.6215,B,pid.yaw.U,-5.2183104
43.6215,B,pid.z_pos.Des,0.5
43.6215,B,pid.z_pos.FB,0.64988965
43.6215,B,pid.z_pos.U,-0.19819045
43.6215,B,pid.z_rate.Des,-0.19819045
43.6215,B,pid.z_rate.FB,-0.16322613
43.6215,B,pid.z_rate.U,-13.932041
43.8330,A,mrac.pitch.e,0.14346568
43.8330,A,mrac.pitch.u_ad,-0.016123302
43.8330,A,mrac.roll.e,-0.084979557
43.8330,A,mrac.roll.u_ad,0.030835263
43.8330,A,mrac.yaw.e,0.089805864
43.8330,A,mrac.yaw.u_ad,-0.0090389829
43.8330,A,mrac.z.e,0.33363524
43.8330,A,mrac.z.u_ad,-0.13321671
43.8330,A,status.arm,1
43.8330,A,status.flymode,1
43.8330,A,status.rc_authority,0
43.8330,A,status.sbus_lost,0
43.8330,A,status.twc_arrived,0
43.8330,A,status.twc_execute,1
43.8331,B,mrac.pitch.theta_0,0.00071446324
43.8331,B,mrac.pitch.theta_1,0.00037407016
43.8331,B,mrac.pitch.theta_2,0.0063408525
43.8331,B,mrac.pitch.theta_3,0.0034327474
43.8331,B,mrac.pitch.theta_4,0.18464835
43.8331,B,mrac.pitch.theta_5,0.14322235
43.8331,B,mrac.pitch.u_nom,-0.12342396
43.8331,B,mrac.pitch.xm,-0.086180963
43.8331,B,mrac.roll.theta_0,0.019898873
43.8331,B,mrac.roll.theta_1,0.00088572712
43.8331,B,mrac.roll.theta_2,0.0027589535
43.8331,B,mrac.roll.theta_3,0.0034759308
43.8331,B,mrac.roll.theta_4,0.13021554
43.8331,B,mrac.roll.theta_5,0.13761905
43.8331,B,mrac.roll.u_nom,0.004540259
43.8331,B,mrac.roll.xm,0.016394988
43.8331,B,mrac.yaw.theta_0,0.00047220287
43.8331,B,mrac.yaw.theta_1,0.00050692708
43.8331,B,mrac.yaw.theta_2,0.0015586969
43.8331,B,mrac.yaw.theta_3,0
43.8331,B,mrac.yaw.theta_4,0.084809236
43.8331,B,mrac.yaw.theta_5,0.087397397
43.8331,B,mrac.yaw.u_nom,-0.018095624
43.8331,B,mrac.yaw.xm,-0.091076732
43.8331,B,mrac.z.theta_0,0.027184358
43.8331,B,mrac.z.theta_1,0.00049558893
43.8331,B,mrac.z.theta_2,0.003134212
43.8331,B,mrac.z.theta_3,0
43.8331,B,mrac.z.theta_4,0.1990492
43.8331,B,mrac.z.theta_5,0.18918762
43.8331,B,mrac.z.u_nom,-0.062756941
43.8331,B,mrac.z.xm,-0.19819045
43.8331,B,path.active_path_mode,1
43.8331,B,path.circle_theta,0
43.8331,B,path.sinusoid_t_elapsed,30.002968
43.8331,B,path.twc_arrived,0
43.8331,B,path.twc_target_x,-13.236994
43.8331,B,path.twc_target_y,-3.5697026
43.8331,B,path.twc_target_z,0.5
43.8331,B,pid.gyrox.Des,0.93936324
43.8331,B,pid.gyrox.FB,2.2049768
43.8331,B,pid.gyrox.U,5.3121033
43.8331,B,pid.gyroy.Des,-4.9378033
43.8331,B,pid.gyroy.FB,4.8632646
43.8331,B,pid.gyroy.U,-144.40604
43.8331,B,pid.gyroz.Des,-5.2183104
43.8331,B,pid.gyroz.FB,-0.96494907
43.8331,B,pid.gyroz.U,-33.875008
43.8331,B,pid.locx.Des,-13.236994
43.8331,B,pid.locx.FB,-27.852655
43.8331,B,pid.locx.U,13.192566
43.8331,B,pid.locxs.Des,13.192566
43.8331,B,pid.locxs.FB,11.924582
43.8331,B,pid.locxs.U,3.1382933
43.8331,B,pid.locy.Des,-3.5697026
43.8331,B,pid.locy.FB,10.745349
43.8331,B,pid.locy.U,-13.01538
43.8331,B,pid.locys.Des,-13.01538
43.8331,B,pid.locys.FB,-8.1119881
43.8331,B,pid.locys.U,-14.126498
43.8331,B,pid.pitch.Des,-0.8235026
43.8331,B,pid.pitch.FB,0.91220337
43.8331,B,pid.pitch.U,-4.9378033
43.8331,B,pid.roll.Des,-0.19104983
43.8331,B,pid.roll.FB,-0.53116626
43.8331,B,pid.roll.U,0.93936324
43.8331,B,pid.yaw.Des,0
43.8331,B,pid.yaw.FB,0.53638506
43.8331,B,pid.yaw.U,-5.2183104
43.8331,B,pid.z_pos.Des,0.5
43.8331,B,pid.z_pos.FB,0.64988965
43.8331,B,pid.z_pos.U,-0.19819045
43.8331,B,pid.z_rate.Des,-0.19819045
43.8331,B,pid.z_rate.FB,-0.16322613
43.8331,B,pid.z_rate.U,-13.932041
44.0504,A,mrac.pitch.e,0.14346568
44.0504,A,mrac.pitch.u_ad,-0.016123302
44.0504,A,mrac.roll.e,-0.084979557
44.0504,A,mrac.roll.u_ad,0.030835263
44.0504,A,mrac.yaw.e,0.089805864
44.0504,A,mrac.yaw.u_ad,-0.0090389829
44.0504,A,mrac.z.e,0.33363524
44.0504,A,mrac.z.u_ad,-0.13321671
44.0504,A,status.arm,1
44.0504,A,status.flymode,1
44.0504,A,status.rc_authority,0
44.0504,A,status.sbus_lost,0
44.0504,A,status.twc_arrived,0
44.0504,A,status.twc_execute,1
44.0505,B,mrac.pitch.theta_0,0.00071446324
44.0505,B,mrac.pitch.theta_1,0.00037407016
44.0505,B,mrac.pitch.theta_2,0.0063408525
44.0505,B,mrac.pitch.theta_3,0.0034327474
44.0505,B,mrac.pitch.theta_4,0.18464835
44.0505,B,mrac.pitch.theta_5,0.14322235
44.0505,B,mrac.pitch.u_nom,-0.12342396
44.0505,B,mrac.pitch.xm,-0.086180963
44.0505,B,mrac.roll.theta_0,0.019898873
44.0505,B,mrac.roll.theta_1,0.00088572712
44.0505,B,mrac.roll.theta_2,0.0027589535
44.0505,B,mrac.roll.theta_3,0.0034759308
44.0505,B,mrac.roll.theta_4,0.13021554
44.0505,B,mrac.roll.theta_5,0.13761905
44.0505,B,mrac.roll.u_nom,0.004540259
44.0505,B,mrac.roll.xm,0.016394988
44.0505,B,mrac.yaw.theta_0,0.00047220287
44.0505,B,mrac.yaw.theta_1,0.00050692708
44.0505,B,mrac.yaw.theta_2,0.0015586969
44.0505,B,mrac.yaw.theta_3,0
44.0505,B,mrac.yaw.theta_4,0.084809236
44.0505,B,mrac.yaw.theta_5,0.087397397
44.0505,B,mrac.yaw.u_nom,-0.018095624
44.0505,B,mrac.yaw.xm,-0.091076732
44.0505,B,mrac.z.theta_0,0.027184358
44.0505,B,mrac.z.theta_1,0.00049558893
44.0505,B,mrac.z.theta_2,0.003134212
44.0505,B,mrac.z.theta_3,0
44.0505,B,mrac.z.theta_4,0.1990492
44.0505,B,mrac.z.theta_5,0.18918762
44.0505,B,mrac.z.u_nom,-0.062756941
44.0505,B,mrac.z.xm,-0.19819045
44.0505,B,path.active_path_mode,1
44.0505,B,path.circle_theta,0
44.0505,B,path.sinusoid_t_elapsed,30.002968
44.0505,B,path.twc_arrived,0
44.0505,B,path.twc_target_x,-13.236994
44.0505,B,path.twc_target_y,-3.5697026
44.0505,B,path.twc_target_z,0.5
44.0505,B,pid.gyrox.Des,0.93936324
44.0505,B,pid.gyrox.FB,2.2049768
44.0505,B,pid.gyrox.U,5.3121033
44.0505,B,pid.gyroy.Des,-4.9378033
44.0505,B,pid.gyroy.FB,4.8632646
44.0505,B,pid.gyroy.U,-144.40604
44.0505,B,pid.gyroz.Des,-5.2183104
44.0505,B,pid.gyroz.FB,-0.96494907
44.0505,B,pid.gyroz.U,-33.875008
44.0505,B,pid.locx.Des,-13.236994
44.0505,B,pid.locx.FB,-27.852655
44.0505,B,pid.locx.U,13.192566
44.0505,B,pid.locxs.Des,13.192566
44.0505,B,pid.locxs.FB,11.924582
44.0505,B,pid.locxs.U,3.1382933
44.0505,B,pid.locy.Des,-3.5697026
44.0505,B,pid.locy.FB,10.745349
44.0505,B,pid.locy.U,-13.01538
44.0505,B,pid.locys.Des,-13.01538
44.0505,B,pid.locys.FB,-8.1119881
44.0505,B,pid.locys.U,-14.126498
44.0505,B,pid.pitch.Des,-0.8235026
44.0505,B,pid.pitch.FB,0.91220337
44.0505,B,pid.pitch.U,-4.9378033
44.0505,B,pid.roll.Des,-0.19104983
44.0505,B,pid.roll.FB,-0.53116626
44.0505,B,pid.roll.U,0.93936324
44.0505,B,pid.yaw.Des,0
44.0505,B,pid.yaw.FB,0.53638506
44.0505,B,pid.yaw.U,-5.2183104
44.0505,B,pid.z_pos.Des,0.5
44.0505,B,pid.z_pos.FB,0.64988965
44.0505,B,pid.z_pos.U,-0.19819045
44.0505,B,pid.z_rate.Des,-0.19819045
44.0505,B,pid.z_rate.FB,-0.16322613
44.0505,B,pid.z_rate.U,-13.932041
44.2507,A,mrac.pitch.e,0.14346568
44.2507,A,mrac.pitch.u_ad,-0.016123302
44.2507,A,mrac.roll.e,-0.084979557
44.2507,A,mrac.roll.u_ad,0.030835263
44.2507,A,mrac.yaw.e,0.089805864
44.2507,A,mrac.yaw.u_ad,-0.0090389829
44.2507,A,mrac.z.e,0.33363524
44.2507,A,mrac.z.u_ad,-0.13321671
44.2507,A,status.arm,1
44.2507,A,status.flymode,1
44.2507,A,status.rc_authority,0
44.2507,A,status.sbus_lost,0
44.2507,A,status.twc_arrived,0
44.2507,A,status.twc_execute,1
44.2507,B,mrac.pitch.theta_0,0.00071446324
44.2507,B,mrac.pitch.theta_1,0.00037407016
44.2507,B,mrac.pitch.theta_2,0.0063408525
44.2507,B,mrac.pitch.theta_3,0.0034327474
44.2507,B,mrac.pitch.theta_4,0.18464835
44.2507,B,mrac.pitch.theta_5,0.14322235
44.2507,B,mrac.pitch.u_nom,-0.12342396
44.2507,B,mrac.pitch.xm,-0.086180963
44.2507,B,mrac.roll.theta_0,0.019898873
44.2507,B,mrac.roll.theta_1,0.00088572712
44.2507,B,mrac.roll.theta_2,0.0027589535
44.2507,B,mrac.roll.theta_3,0.0034759308
44.2507,B,mrac.roll.theta_4,0.13021554
44.2507,B,mrac.roll.theta_5,0.13761905
44.2507,B,mrac.roll.u_nom,0.004540259
44.2507,B,mrac.roll.xm,0.016394988
44.2507,B,mrac.yaw.theta_0,0.00047220287
44.2507,B,mrac.yaw.theta_1,0.00050692708
44.2507,B,mrac.yaw.theta_2,0.0015586969
44.2507,B,mrac.yaw.theta_3,0
44.2507,B,mrac.yaw.theta_4,0.084809236
44.2507,B,mrac.yaw.theta_5,0.087397397
44.2507,B,mrac.yaw.u_nom,-0.018095624
44.2507,B,mrac.yaw.xm,-0.091076732
44.2507,B,mrac.z.theta_0,0.027184358
44.2507,B,mrac.z.theta_1,0.00049558893
44.2507,B,mrac.z.theta_2,0.003134212
44.2507,B,mrac.z.theta_3,0
44.2507,B,mrac.z.theta_4,0.1990492
44.2507,B,mrac.z.theta_5,0.18918762
44.2507,B,mrac.z.u_nom,-0.062756941
44.2507,B,mrac.z.xm,-0.19819045
44.2507,B,path.active_path_mode,1
44.2507,B,path.circle_theta,0
44.2507,B,path.sinusoid_t_elapsed,30.002968
44.2507,B,path.twc_arrived,0
44.2507,B,path.twc_target_x,-13.236994
44.2507,B,path.twc_target_y,-3.5697026
44.2507,B,path.twc_target_z,0.5
44.2507,B,pid.gyrox.Des,0.93936324
44.2507,B,pid.gyrox.FB,2.2049768
44.2507,B,pid.gyrox.U,5.3121033
44.2507,B,pid.gyroy.Des,-4.9378033
44.2507,B,pid.gyroy.FB,4.8632646
44.2507,B,pid.gyroy.U,-144.40604
44.2507,B,pid.gyroz.Des,-5.2183104
44.2507,B,pid.gyroz.FB,-0.96494907
44.2507,B,pid.gyroz.U,-33.875008
44.2507,B,pid.locx.Des,-13.236994
44.2507,B,pid.locx.FB,-27.852655
44.2507,B,pid.locx.U,13.192566
44.2507,B,pid.locxs.Des,13.192566
44.2507,B,pid.locxs.FB,11.924582
44.2507,B,pid.locxs.U,3.1382933
44.2507,B,pid.locy.Des,-3.5697026
44.2507,B,pid.locy.FB,10.745349
44.2507,B,pid.locy.U,-13.01538
44.2507,B,pid.locys.Des,-13.01538
44.2507,B,pid.locys.FB,-8.1119881
44.2507,B,pid.locys.U,-14.126498
44.2507,B,pid.pitch.Des,-0.8235026
44.2507,B,pid.pitch.FB,0.91220337
44.2507,B,pid.pitch.U,-4.9378033
44.2507,B,pid.roll.Des,-0.19104983
44.2507,B,pid.roll.FB,-0.53116626
44.2507,B,pid.roll.U,0.93936324
44.2507,B,pid.yaw.Des,0
44.2507,B,pid.yaw.FB,0.53638506
44.2507,B,pid.yaw.U,-5.2183104
44.2507,B,pid.z_pos.Des,0.5
44.2507,B,pid.z_pos.FB,0.64988965
44.2507,B,pid.z_pos.U,-0.19819045
44.2507,B,pid.z_rate.Des,-0.19819045
44.2507,B,pid.z_rate.FB,-0.16322613
44.2507,B,pid.z_rate.U,-13.932041
44.4659,A,mrac.pitch.e,0.14346568
44.4659,A,mrac.pitch.u_ad,-0.016123302
44.4659,A,mrac.roll.e,-0.084979557
44.4659,A,mrac.roll.u_ad,0.030835263
44.4659,A,mrac.yaw.e,0.089805864
44.4659,A,mrac.yaw.u_ad,-0.0090389829
44.4659,A,mrac.z.e,0.33363524
44.4659,A,mrac.z.u_ad,-0.13321671
44.4659,A,status.arm,1
44.4659,A,status.flymode,1
44.4659,A,status.rc_authority,0
44.4659,A,status.sbus_lost,0
44.4659,A,status.twc_arrived,0
44.4659,A,status.twc_execute,1
44.4659,B,mrac.pitch.theta_0,0.00071446324
44.4659,B,mrac.pitch.theta_1,0.00037407016
44.4659,B,mrac.pitch.theta_2,0.0063408525
44.4659,B,mrac.pitch.theta_3,0.0034327474
44.4659,B,mrac.pitch.theta_4,0.18464835
44.4659,B,mrac.pitch.theta_5,0.14322235
44.4659,B,mrac.pitch.u_nom,-0.12342396
44.4659,B,mrac.pitch.xm,-0.086180963
44.4659,B,mrac.roll.theta_0,0.019898873
44.4659,B,mrac.roll.theta_1,0.00088572712
44.4659,B,mrac.roll.theta_2,0.0027589535
44.4659,B,mrac.roll.theta_3,0.0034759308
44.4659,B,mrac.roll.theta_4,0.13021554
44.4659,B,mrac.roll.theta_5,0.13761905
44.4659,B,mrac.roll.u_nom,0.004540259
44.4659,B,mrac.roll.xm,0.016394988
44.4659,B,mrac.yaw.theta_0,0.00047220287
44.4659,B,mrac.yaw.theta_1,0.00050692708
44.4659,B,mrac.yaw.theta_2,0.0015586969
44.4659,B,mrac.yaw.theta_3,0
44.4659,B,mrac.yaw.theta_4,0.084809236
44.4659,B,mrac.yaw.theta_5,0.087397397
44.4659,B,mrac.yaw.u_nom,-0.018095624
44.4659,B,mrac.yaw.xm,-0.091076732
44.4659,B,mrac.z.theta_0,0.027184358
44.4659,B,mrac.z.theta_1,0.00049558893
44.4659,B,mrac.z.theta_2,0.003134212
44.4659,B,mrac.z.theta_3,0
44.4659,B,mrac.z.theta_4,0.1990492
44.4659,B,mrac.z.theta_5,0.18918762
44.4659,B,mrac.z.u_nom,-0.062756941
44.4659,B,mrac.z.xm,-0.19819045
44.4659,B,path.active_path_mode,1
44.4659,B,path.circle_theta,0
44.4659,B,path.sinusoid_t_elapsed,30.002968
44.4659,B,path.twc_arrived,0
44.4659,B,path.twc_target_x,-13.236994
44.4659,B,path.twc_target_y,-3.5697026
44.4659,B,path.twc_target_z,0.5
44.4659,B,pid.gyrox.Des,0.93936324
44.4659,B,pid.gyrox.FB,2.2049768
44.4659,B,pid.gyrox.U,5.3121033
44.4659,B,pid.gyroy.Des,-4.9378033
44.4659,B,pid.gyroy.FB,4.8632646
44.4659,B,pid.gyroy.U,-144.40604
44.4659,B,pid.gyroz.Des,-5.2183104
44.4659,B,pid.gyroz.FB,-0.96494907
44.4659,B,pid.gyroz.U,-33.875008
44.4659,B,pid.locx.Des,-13.236994
44.4659,B,pid.locx.FB,-27.852655
44.4659,B,pid.locx.U,13.192566
44.4659,B,pid.locxs.Des,13.192566
44.4659,B,pid.locxs.FB,11.924582
44.4659,B,pid.locxs.U,3.1382933
44.4659,B,pid.locy.Des,-3.5697026
44.4659,B,pid.locy.FB,10.745349
44.4659,B,pid.locy.U,-13.01538
44.4659,B,pid.locys.Des,-13.01538
44.4659,B,pid.locys.FB,-8.1119881
44.4659,B,pid.locys.U,-14.126498
44.4659,B,pid.pitch.Des,-0.8235026
44.4659,B,pid.pitch.FB,0.91220337
44.4659,B,pid.pitch.U,-4.9378033
44.4659,B,pid.roll.Des,-0.19104983
44.4659,B,pid.roll.FB,-0.53116626
44.4659,B,pid.roll.U,0.93936324
44.4659,B,pid.yaw.Des,0
44.4659,B,pid.yaw.FB,0.53638506
44.4659,B,pid.yaw.U,-5.2183104
44.4659,B,pid.z_pos.Des,0.5
44.4659,B,pid.z_pos.FB,0.64988965
44.4659,B,pid.z_pos.U,-0.19819045
44.4659,B,pid.z_rate.Des,-0.19819045
44.4659,B,pid.z_rate.FB,-0.16322613
44.4659,B,pid.z_rate.U,-13.932041
44.9168,A,mrac.pitch.e,0.14346568
44.9168,A,mrac.pitch.u_ad,-0.016123302
44.9168,A,mrac.roll.e,-0.084979557
44.9168,A,mrac.roll.u_ad,0.030835263
44.9168,A,mrac.yaw.e,0.089805864
44.9168,A,mrac.yaw.u_ad,-0.0090389829
44.9168,A,mrac.z.e,0.33363524
44.9168,A,mrac.z.u_ad,-0.13321671
44.9168,A,status.arm,1
44.9168,A,status.flymode,1
44.9168,A,status.rc_authority,0
44.9168,A,status.sbus_lost,0
44.9168,A,status.twc_arrived,0
44.9168,A,status.twc_execute,1
44.9168,B,mrac.pitch.theta_0,0.00071446324
44.9168,B,mrac.pitch.theta_1,0.00037407016
44.9168,B,mrac.pitch.theta_2,0.0063408525
44.9168,B,mrac.pitch.theta_3,0.0034327474
44.9168,B,mrac.pitch.theta_4,0.18464835
44.9168,B,mrac.pitch.theta_5,0.14322235
44.9168,B,mrac.pitch.u_nom,-0.12342396
44.9168,B,mrac.pitch.xm,-0.086180963
44.9168,B,mrac.roll.theta_0,0.019898873
44.9168,B,mrac.roll.theta_1,0.00088572712
44.9168,B,mrac.roll.theta_2,0.0027589535
44.9168,B,mrac.roll.theta_3,0.0034759308
44.9168,B,mrac.roll.theta_4,0.13021554
44.9168,B,mrac.roll.theta_5,0.13761905
44.9168,B,mrac.roll.u_nom,0.004540259
44.9168,B,mrac.roll.xm,0.016394988
44.9168,B,mrac.yaw.theta_0,0.00047220287
44.9168,B,mrac.yaw.theta_1,0.00050692708
44.9168,B,mrac.yaw.theta_2,0.0015586969
44.9168,B,mrac.yaw.theta_3,0
44.9168,B,mrac.yaw.theta_4,0.084809236
44.9168,B,mrac.yaw.theta_5,0.087397397
44.9168,B,mrac.yaw.u_nom,-0.018095624
44.9168,B,mrac.yaw.xm,-0.091076732
44.9168,B,mrac.z.theta_0,0.027184358
44.9168,B,mrac.z.theta_1,0.00049558893
44.9168,B,mrac.z.theta_2,0.003134212
44.9168,B,mrac.z.theta_3,0
44.9168,B,mrac.z.theta_4,0.1990492
44.9168,B,mrac.z.theta_5,0.18918762
44.9168,B,mrac.z.u_nom,-0.062756941
44.9168,B,mrac.z.xm,-0.19819045
44.9168,B,path.active_path_mode,1
44.9168,B,path.circle_theta,0
44.9168,B,path.sinusoid_t_elapsed,30.002968
44.9168,B,path.twc_arrived,0
44.9168,B,path.twc_target_x,-13.236994
44.9168,B,path.twc_target_y,-3.5697026
44.9168,B,path.twc_target_z,0.5
44.9168,B,pid.gyrox.Des,0.93936324
44.9168,B,pid.gyrox.FB,2.2049768
44.9168,B,pid.gyrox.U,5.3121033
44.9168,B,pid.gyroy.Des,-4.9378033
44.9168,B,pid.gyroy.FB,4.8632646
44.9168,B,pid.gyroy.U,-144.40604
44.9168,B,pid.gyroz.Des,-5.2183104
44.9168,B,pid.gyroz.FB,-0.96494907
44.9168,B,pid.gyroz.U,-33.875008
44.9168,B,pid.locx.Des,-13.236994
44.9168,B,pid.locx.FB,-27.852655
44.9168,B,pid.locx.U,13.192566
44.9168,B,pid.locxs.Des,13.192566
44.9168,B,pid.locxs.FB,11.924582
44.9168,B,pid.locxs.U,3.1382933
44.9168,B,pid.locy.Des,-3.5697026
44.9168,B,pid.locy.FB,10.745349
44.9168,B,pid.locy.U,-13.01538
44.9168,B,pid.locys.Des,-13.01538
44.9168,B,pid.locys.FB,-8.1119881
44.9168,B,pid.locys.U,-14.126498
44.9168,B,pid.pitch.Des,-0.8235026
44.9168,B,pid.pitch.FB,0.91220337
44.9168,B,pid.pitch.U,-4.9378033
44.9168,B,pid.roll.Des,-0.19104983
44.9168,B,pid.roll.FB,-0.53116626
44.9168,B,pid.roll.U,0.93936324
44.9168,B,pid.yaw.Des,0
44.9168,B,pid.yaw.FB,0.53638506
44.9168,B,pid.yaw.U,-5.2183104
44.9168,B,pid.z_pos.Des,0.5
44.9168,B,pid.z_pos.FB,0.64988965
44.9168,B,pid.z_pos.U,-0.19819045
44.9168,B,pid.z_rate.Des,-0.19819045
44.9168,B,pid.z_rate.FB,-0.16322613
44.9168,B,pid.z_rate.U,-13.932041
45.1170,A,mrac.pitch.e,0.23385797
45.1170,A,mrac.pitch.u_ad,-0.038118765
45.1170,A,mrac.roll.e,0.12558633
45.1170,A,mrac.roll.u_ad,0.017412335
45.1170,A,mrac.yaw.e,0.070541486
45.1170,A,mrac.yaw.u_ad,-0.010712547
45.1170,A,mrac.z.e,0.084215537
45.1170,A,mrac.z.u_ad,-0.052129839
45.1170,A,status.arm,1
45.1170,A,status.flymode,1
45.1170,A,status.rc_authority,0
45.1170,A,status.sbus_lost,0
45.1170,A,status.twc_arrived,1
45.1170,A,status.twc_execute,1
45.1171,B,mrac.pitch.theta_0,0.0011564831
45.1171,B,mrac.pitch.theta_1,0.00047664874
45.1171,B,mrac.pitch.theta_2,0.0062930728
45.1171,B,mrac.pitch.theta_3,0.0034384232
45.1171,B,mrac.pitch.theta_4,0.18471512
45.1171,B,mrac.pitch.theta_5,0.14331691
45.1171,B,mrac.pitch.u_nom,0.12344684
45.1171,B,mrac.pitch.xm,-0.11960395
45.1171,B,mrac.roll.theta_0,0.028037546
45.1171,B,mrac.roll.theta_1,0.00080992334
45.1171,B,mrac.roll.theta_2,0.0027648606
45.1171,B,mrac.roll.theta_3,0.0034780209
45.1171,B,mrac.roll.theta_4,0.13045152
45.1171,B,mrac.roll.theta_5,0.13753821
45.1171,B,mrac.roll.u_nom,-0.053699639
45.1171,B,mrac.roll.xm,0.011967109
45.1171,B,mrac.yaw.theta_0,8.4970206e-06
45.1171,B,mrac.yaw.theta_1,0.00051936391
45.1171,B,mrac.yaw.theta_2,0.0015531493
45.1171,B,mrac.yaw.theta_3,0
45.1171,B,mrac.yaw.theta_4,0.08495649
45.1171,B,mrac.yaw.theta_5,0.087415002
45.1171,B,mrac.yaw.u_nom,-0.024320818
45.1171,B,mrac.yaw.xm,-0.10866804
45.1171,B,mrac.z.theta_0,0.012143445
45.1171,B,mrac.z.theta_1,0.002507753
45.1171,B,mrac.z.theta_2,0.0031257602
45.1171,B,mrac.z.theta_3,0
45.1171,B,mrac.z.theta_4,0.19894183
45.1171,B,mrac.z.theta_5,0.18987873
45.1171,B,mrac.z.u_nom,-0.27686223
45.1171,B,mrac.z.xm,-0.17789187
45.1171,B,path.active_path_mode,1
45.1171,B,path.circle_theta,0
45.1171,B,path.sinusoid_t_elapsed,30.002968
45.1171,B,path.twc_arrived,1
45.1171,B,path.twc_target_x,-13.236994
45.1171,B,path.twc_target_y,-3.5697026
45.1171,B,path.twc_target_z,0.5
45.1171,B,pid.gyrox.Des,0.68566453
45.1171,B,pid.gyrox.FB,4.8766832
45.1171,B,pid.gyrox.U,-62.828575
45.1171,B,pid.gyroy.Des,-6.8527989
45.1171,B,pid.gyroy.FB,-14.8537
45.1171,B,pid.gyroy.U,144.4328
45.1171,B,pid.gyroz.Des,-6.2262177
45.1171,B,pid.gyroz.FB,-0.73582619
45.1171,B,pid.gyroz.U,-45.528572
45.1171,B,pid.locx.Des,-13.236994
45.1171,B,pid.locx.FB,-19.042685
45.1171,B,pid.locx.U,6.5721192
45.1171,B,pid.locxs.Des,6.5721192
45.1171,B,pid.locxs.FB,0.024586501
45.1171,B,pid.locxs.U,19.547558
45.1171,B,pid.locy.Des,-3.5697026
45.1171,B,pid.locy.FB,8.4657106
45.1171,B,pid.locy.U,-11.663446
45.1171,B,pid.locys.Des,-11.663446
45.1171,B,pid.locys.FB,1.9998488
45.1171,B,pid.locys.U,-41.036774
45.1171,B,pid.pitch.Des,-2.3813076
45.1171,B,pid.pitch.FB,-0.054495327
45.1171,B,pid.pitch.U,-6.8527989
45.1171,B,pid.roll.Des,-1.1712993
45.1171,B,pid.roll.FB,-1.3809876
45.1171,B,pid.roll.U,0.68566453
45.1171,B,pid.yaw.Des,0
45.1171,B,pid.yaw.FB,0.7043696
45.1171,B,pid.yaw.U,-6.2262177
45.1171,B,pid.z_pos.Des,0.5
45.1171,B,pid.z_pos.FB,0.5398429
45.1171,B,pid.z_pos.U,-0.17789187
45.1171,B,pid.z_rate.Des,-0.17789187
45.1171,B,pid.z_rate.FB,-0.028476851
45.1171,B,pid.z_rate.U,-61.463417
45.3334,A,mrac.pitch.e,0.095518634
45.3334,A,mrac.pitch.u_ad,-0.023447543
45.3334,A,mrac.roll.e,0.058506846
45.3334,A,mrac.roll.u_ad,0.018252375
45.3334,A,mrac.yaw.e,0.058853205
45.3334,A,mrac.yaw.u_ad,-0.0087965503
45.3334,A,mrac.z.e,0.16990928
45.3334,A,mrac.z.u_ad,-0.084365532
45.3334,A,status.arm,1
45.3334,A,status.flymode,1
45.3334,A,status.rc_authority,0
45.3334,A,status.sbus_lost,0
45.3334,A,status.twc_arrived,1
45.3334,A,status.twc_execute,1
45.3335,B,mrac.pitch.theta_0,0.0006096742
45.3335,B,mrac.pitch.theta_1,0.00048629189
45.3335,B,mrac.pitch.theta_2,0.0062844022
45.3335,B,mrac.pitch.theta_3,0.0034389142
45.3335,B,mrac.pitch.theta_4,0.18472078
45.3335,B,mrac.pitch.theta_5,0.14333202
45.3335,B,mrac.pitch.u_nom,-0.010265848
45.3335,B,mrac.pitch.xm,-0.1304515
45.3335,B,mrac.roll.theta_0,0.028512778
45.3335,B,mrac.roll.theta_1,0.0008014249
45.3335,B,mrac.roll.theta_2,0.0027649584
45.3335,B,mrac.roll.theta_3,0.0034783478
45.3335,B,mrac.roll.theta_4,0.13047534
45.3335,B,mrac.roll.theta_5,0.13752761
45.3335,B,mrac.roll.u_nom,0.013464158
45.3335,B,mrac.roll.xm,-0.0013010171
45.3335,B,mrac.yaw.theta_0,5.5284586e-06
45.3335,B,mrac.yaw.theta_1,0.00052490516
45.3335,B,mrac.yaw.theta_2,0.0015528095
45.3335,B,mrac.yaw.theta_3,0
45.3335,B,mrac.yaw.theta_4,0.084969275
45.3335,B,mrac.yaw.theta_5,0.087416403
45.3335,B,mrac.yaw.u_nom,-0.026537197
45.3335,B,mrac.yaw.xm,-0.092631362
45.3335,B,mrac.z.theta_0,0.01122519
45.3335,B,mrac.z.theta_1,0.0026519969
45.3335,B,mrac.z.theta_2,0.0031256925
45.3335,B,mrac.z.theta_3,0
45.3335,B,mrac.z.theta_4,0.19892532
45.3335,B,mrac.z.theta_5,0.18993029
45.3335,B,mrac.z.u_nom,-0.30604959
45.3335,B,mrac.z.xm,-0.1708747
45.3335,B,path.active_path_mode,1
45.3335,B,path.circle_theta,0
45.3335,B,path.sinusoid_t_elapsed,30.002968
45.3335,B,path.twc_arrived,1
45.3335,B,path.twc_target_x,-13.236994
45.3335,B,path.twc_target_y,-3.5697026
45.3335,B,path.twc_target_z,0.5
45.3335,B,pid.gyrox.Des,-0.074542761
45.3335,B,pid.gyrox.FB,-0.80632478
45.3335,B,pid.gyrox.U,15.753065
45.3335,B,pid.gyroy.Des,-7.4743176
45.3335,B,pid.gyroy.FB,-2.097676
45.3335,B,pid.gyroy.U,-12.011042
45.3335,B,pid.gyroz.Des,-5.307384
45.3335,B,pid.gyroz.FB,0.66910321
45.3335,B,pid.gyroz.U,-49.677631
45.3335,B,pid.locx.Des,-13.236994
45.3335,B,pid.locx.FB,-18.921803
45.3335,B,pid.locx.U,6.5474582
45.3335,B,pid.locxs.Des,6.5474582
45.3335,B,pid.locxs.FB,-1.9806663
45.3335,B,pid.locxs.U,25.585432
45.3335,B,pid.locy.Des,-3.5697026
45.3335,B,pid.locy.FB,8.5492973
45.3335,B,pid.locy.U,-11.735201
45.3335,B,pid.locys.Des,-11.735201
45.3335,B,pid.locys.FB,2.0191488
45.3335,B,pid.locys.U,-41.309605
45.3335,B,pid.pitch.Des,-2.3968325
45.3335,B,pid.pitch.FB,0.012101901
45.3335,B,pid.pitch.U,-7.4743176
45.3335,B,pid.roll.Des,-1.5176364
45.3335,B,pid.roll.FB,-1.4875859
45.3335,B,pid.roll.U,-0.074542761
45.3335,B,pid.yaw.Des,0
45.3335,B,pid.yaw.FB,0.55123067
45.3335,B,pid.yaw.U,-5.307384
45.3335,B,pid.z_pos.Des,0.5
45.3335,B,pid.z_pos.FB,0.52982134
45.3335,B,pid.z_pos.U,-0.1708747
45.3335,B,pid.z_rate.Des,-0.1708747
45.3335,B,pid.z_rate.FB,-0.0056254165
45.3335,B,pid.z_rate.U,-67.943008
45.5501,A,mrac.pitch.e,0.22032478
45.5501,A,mrac.pitch.u_ad,-0.038900912
45.5501,A,mrac.roll.e,-0.032483589
45.5501,A,mrac.roll.u_ad,0.033584587
45.5501,A,mrac.yaw.e,0.1512811
45.5501,A,mrac.yaw.u_ad,-0.013313035
45.5501,A,mrac.z.e,0.032628402
45.5501,A,mrac.z.u_ad,-0.035802368
45.5501,A,status.arm,1
45.5501,A,status.flymode,1
45.5501,A,status.rc_authority,0
45.5501,A,status.sbus_lost,0
45.5501,A,status.twc_arrived,1
45.5501,A,status.twc_execute,1
45.5502,B,mrac.pitch.theta_0,0.0012905233
45.5502,B,mrac.pitch.theta_1,0.00049659191
45.5502,B,mrac.pitch.theta_2,0.0062795598
45.5502,B,mrac.pitch.theta_3,0.0034398872
45.5502,B,mrac.pitch.theta_4,0.18473215
45.5502,B,mrac.pitch.theta_5,0.14333744
45.5502,B,mrac.pitch.u_nom,0.067675576
45.5502,B,mrac.pitch.xm,-0.069097146
45.5502,B,mrac.roll.theta_0,0.026996519
45.5502,B,mrac.roll.theta_1,0.00078771944
45.5502,B,mrac.roll.theta_2,0.0027670318
45.5502,B,mrac.roll.theta_3,0.0034786661
45.5502,B,mrac.roll.theta_4,0.13052452
45.5502,B,mrac.roll.theta_5,0.13751101
45.5502,B,mrac.roll.u_nom,0.038102131
45.5502,B,mrac.roll.xm,-0.029145924
45.5502,B,mrac.yaw.theta_0,2.9804698e-06
45.5502,B,mrac.yaw.theta_1,0.00052363885
45.5502,B,mrac.yaw.theta_2,0.0015518507
45.5502,B,mrac.yaw.theta_3,0
45.5502,B,mrac.yaw.theta_4,0.084990591
45.5502,B,mrac.yaw.theta_5,0.087416679
45.5502,B,mrac.yaw.u_nom,-0.042056769
45.5502,B,mrac.yaw.xm,-0.10209247
45.5502,B,mrac.z.theta_0,0.0091692349
45.5502,B,mrac.z.theta_1,0.0026606664
45.5502,B,mrac.z.theta_2,0.0031253195
45.5502,B,mrac.z.theta_3,0
45.5502,B,mrac.z.theta_4,0.19891246
45.5502,B,mrac.z.theta_5,0.19005631
45.5502,B,mrac.z.u_nom,-0.31630254
45.5502,B,mrac.z.xm,-0.17087436
45.5502,B,path.active_path_mode,1
45.5502,B,path.circle_theta,0
45.5502,B,path.sinusoid_t_elapsed,30.002968
45.5502,B,path.twc_arrived,1
45.5502,B,path.twc_target_x,-13.236994
45.5502,B,path.twc_target_y,-3.5697026
45.5502,B,path.twc_target_z,0.5
45.5502,B,pid.gyrox.Des,-1.6699377
45.5502,B,pid.gyrox.FB,-0.085833654
45.5502,B,pid.gyrox.U,44.579494
45.5502,B,pid.gyroy.Des,-3.9589734
45.5502,B,pid.gyroy.FB,-6.9305449
45.5502,B,pid.gyroy.U,79.18042
45.5502,B,pid.gyroz.Des,-5.8494649
45.5502,B,pid.gyroz.FB,3.7521663
45.5502,B,pid.gyroz.U,-78.73027
45.5502,B,pid.locx.Des,-13.236994
45.5502,B,pid.locx.FB,-19.151554
45.5502,B,pid.locx.U,6.8116503
45.5502,B,pid.locxs.Des,6.8116503
45.5502,B,pid.locxs.FB,-3.9773543
45.5502,B,pid.locxs.U,32.449265
45.5502,B,pid.locy.Des,-3.5697026
45.5502,B,pid.locy.FB,8.576314
45.5502,B,pid.locy.U,-11.717684
45.5502,B,pid.locys.Des,-11.717684
45.5502,B,pid.locys.FB,2.0446641
45.5502,B,pid.locys.U,-41.315289
45.5502,B,pid.pitch.Des,-2.3902841
45.5502,B,pid.pitch.FB,-0.03369819
45.5502,B,pid.pitch.U,-3.9589734
45.5502,B,pid.roll.Des,-1.922052
45.5502,B,pid.roll.FB,-1.4940765
45.5502,B,pid.roll.U,-1.6699377
45.5502,B,pid.yaw.Des,0
45.5502,B,pid.yaw.FB,0.64157748
45.5502,B,pid.yaw.U,-5.8494649
45.5502,B,pid.z_pos.Des,0.5
45.5502,B,pid.z_pos.FB,0.52981967
45.5502,B,pid.z_pos.U,-0.17087436
45.5502,B,pid.z_rate.Des,-0.17087436
45.5502,B,pid.z_rate.FB,6.5315806e-05
45.5502,B,pid.z_rate.U,-70.219162
45.7670,A,mrac.pitch.e,0.10069603
45.7670,A,mrac.pitch.u_ad,-0.023197927
45.7670,A,mrac.roll.e,-0.055000748
45.7670,A,mrac.roll.u_ad,0.040554948
45.7670,A,mrac.yaw.e,0.15676898
45.7670,A,mrac.yaw.u_ad,-0.012856128
45.7670,A,mrac.z.e,0.029134527
45.7670,A,mrac.z.u_ad,-0.031881459
45.7670,A,status.arm,1
45.7670,A,status.flymode,1
45.7670,A,status.rc_authority,0
45.7670,A,status.sbus_lost,0
45.7670,A,status.twc_arrived,1
45.7670,A,status.twc_execute,1
45.7670,B,mrac.pitch.theta_0,0.0013853917
45.7670,B,mrac.pitch.theta_1,0.00049294386
45.7670,B,mrac.pitch.theta_2,0.0062734592
45.7670,B,mrac.pitch.theta_3,0.003440103
45.7670,B,mrac.pitch.theta_4,0.18474606
45.7670,B,mrac.pitch.theta_5,0.14334135
45.7670,B,mrac.pitch.u_nom,-0.12033717
45.7670,B,mrac.pitch.xm,-0.089648575
45.7670,B,mrac.roll.theta_0,0.029339673
45.7670,B,mrac.roll.theta_1,0.00078332721
45.7670,B,mrac.roll.theta_2,0.002767521
45.7670,B,mrac.roll.theta_3,0.0034789098
45.7670,B,mrac.roll.theta_4,0.13053563
45.7670,B,mrac.roll.theta_5,0.13750266
45.7670,B,mrac.roll.u_nom,0.049735434
45.7670,B,mrac.roll.xm,-0.0038481611
45.7670,B,mrac.yaw.theta_0,1.3155487e-06
45.7670,B,mrac.yaw.theta_1,0.0005294687
45.7670,B,mrac.yaw.theta_2,0.0015511048
45.7670,B,mrac.yaw.theta_3,0
45.7670,B,mrac.yaw.theta_4,0.085025221
45.7670,B,mrac.yaw.theta_5,0.087424591
45.7670,B,mrac.yaw.u_nom,-0.01961131
45.7670,B,mrac.yaw.xm,-0.10936016
45.7670,B,mrac.z.theta_0,0.00924927
45.7670,B,mrac.z.theta_1,0.0028349599
45.7670,B,mrac.z.theta_2,0.0031264217
45.7670,B,mrac.z.theta_3,0
45.7670,B,mrac.z.theta_4,0.1988894
45.7670,B,mrac.z.theta_5,0.1900814
45.7670,B,mrac.z.u_nom,0.018447807
45.7670,B,mrac.z.xm,-0.14981721
45.7670,B,path.active_path_mode,1
45.7670,B,path.circle_theta,0
45.7670,B,path.sinusoid_t_elapsed,30.002968
45.7670,B,path.twc_arrived,1
45.7670,B,path.twc_target_x,-13.236994
45.7670,B,path.twc_target_y,-3.5697026
45.7670,B,path.twc_target_z,0.5
45.7670,B,pid.gyrox.Des,-0.2204833
45.7670,B,pid.gyrox.FB,0.32350627
45.7670,B,pid.gyrox.U,58.190456
45.7670,B,pid.gyroy.Des,-5.1364827
45.7670,B,pid.gyroy.FB,3.8985348
45.7670,B,pid.gyroy.U,-140.79449
45.7670,B,pid.gyroz.Des,-6.265873
45.7670,B,pid.gyroz.FB,-1.9278941
45.7670,B,pid.gyroz.U,-36.712372
45.7670,B,pid.locx.Des,-13.236994
45.7670,B,pid.locx.FB,-19.672415
45.7670,B,pid.locx.U,7.2288346
45.7670,B,pid.locxs.Des,7.2288346
45.7670,B,pid.locxs.FB,-2.999769
45.7670,B,pid.locxs.U,30.782433
45.7670,B,pid.locy.Des,-3.5697026
45.7670,B,pid.locy.FB,8.5134115
45.7670,B,pid.locy.U,-11.627505
45.7670,B,pid.locys.Des,-11.627505
45.7670,B,pid.locys.FB,0.037225779
45.7670,B,pid.locys.U,-34.945045
45.7670,B,pid.pitch.Des,-2.0173409
45.7670,B,pid.pitch.FB,-0.16340263
45.7670,B,pid.pitch.U,-5.1364827
45.7670,B,pid.roll.Des,-1.8230511
45.7670,B,pid.roll.FB,-1.8319169
45.7670,B,pid.roll.U,-0.2204833
45.7670,B,pid.yaw.Des,0
45.7670,B,pid.yaw.FB,0.71097881
45.7670,B,pid.yaw.U,-6.265873
45.7670,B,pid.z_pos.Des,0.5
45.7670,B,pid.z_pos.FB,0.49974242
45.7670,B,pid.z_pos.U,-0.14981721
45.7670,B,pid.z_rate.Des,-0.14981721
45.7670,B,pid.z_rate.FB,-0.16535234
45.7670,B,pid.z_rate.U,4.0954132
45.9675,A,mrac.pitch.e,-0.026981696
45.9675,A,mrac.pitch.u_ad,0.0023036366
45.9675,A,mrac.roll.e,0.074357525
45.9675,A,mrac.roll.u_ad,0.020189002
45.9675,A,mrac.yaw.e,0.15662403
45.9675,A,mrac.yaw.u_ad,-0.013050646
45.9675,A,mrac.z.e,0.033928663
45.9675,A,mrac.z.u_ad,-0.03299569
45.9675,A,status.arm,1
45.9675,A,status.flymode,1
45.9675,A,status.rc_authority,0
45.9675,A,status.sbus_lost,0
45.9675,A,status.twc_arrived,1
45.9675,A,status.twc_execute,1
45.9675,B,mrac.pitch.theta_0,0.0010269922
45.9675,B,mrac.pitch.theta_1,0.00048491405
45.9675,B,mrac.pitch.theta_2,0.0062651634
45.9675,B,mrac.pitch.theta_3,0.0034408963
45.9675,B,mrac.pitch.theta_4,0.18475771
45.9675,B,mrac.pitch.theta_5,0.14334697
45.9675,B,mrac.pitch.u_nom,-0.10045052
45.9675,B,mrac.pitch.xm,-0.10668054
45.9675,B,mrac.roll.theta_0,0.028733995
45.9675,B,mrac.roll.theta_1,0.00077678316
45.9675,B,mrac.roll.theta_2,0.0027681945
45.9675,B,mrac.roll.theta_3,0.0034792069
45.9675,B,mrac.roll.theta_4,0.13055889
45.9675,B,mrac.roll.theta_5,0.13749312
45.9675,B,mrac.roll.u_nom,0.041022282
45.9675,B,mrac.roll.xm,0.0039754333
45.9675,B,mrac.yaw.theta_0,7.9840601e-07
45.9675,B,mrac.yaw.theta_1,0.0005319739
45.9675,B,mrac.yaw.theta_2,0.0015506286
45.9675,B,mrac.yaw.theta_3,0
45.9675,B,mrac.yaw.theta_4,0.085045256
45.9675,B,mrac.yaw.theta_5,0.087428026
45.9675,B,mrac.yaw.u_nom,-0.036425676
45.9675,B,mrac.yaw.xm,-0.11048824
45.9675,B,mrac.z.theta_0,0.0085071418
45.9675,B,mrac.z.theta_1,0.0029419262
45.9675,B,mrac.z.theta_2,0.0031258962
45.9675,B,mrac.z.theta_3,0
45.9675,B,mrac.z.theta_4,0.1988724
45.9675,B,mrac.z.theta_5,0.19011576
45.9675,B,mrac.z.u_nom,-0.27089536
45.9675,B,mrac.z.xm,-0.14979698
45.9675,B,path.active_path_mode,1
45.9675,B,path.circle_theta,0
45.9675,B,path.sinusoid_t_elapsed,30.002968
45.9675,B,path.twc_arrived,1
45.9675,B,path.twc_target_x,-13.236994
45.9675,B,path.twc_target_y,-3.5697026
45.9675,B,path.twc_target_z,0.5
45.9675,B,pid.gyrox.Des,0.22777545
45.9675,B,pid.gyrox.FB,-3.110425
45.9675,B,pid.gyrox.U,47.996071
45.9675,B,pid.gyroy.Des,-6.1123424
45.9675,B,pid.gyroy.FB,9.1498623
45.9675,B,pid.gyroy.U,-117.52711
45.9675,B,pid.gyroz.Des,-6.3305068
45.9675,B,pid.gyroz.FB,1.9330994
45.9675,B,pid.gyroz.U,-68.188866
45.9675,B,pid.locx.Des,-13.236994
45.9675,B,pid.locx.FB,-19.897028
45.9675,B,pid.locx.U,7.3853927
45.9675,B,pid.locxs.Des,7.3853927
45.9675,B,pid.locxs.FB,-3.0249553
45.9675,B,pid.locxs.U,31.190117
45.9675,B,pid.locy.Des,-3.5697026
45.9675,B,pid.locy.FB,8.1311007
45.9675,B,pid.locy.U,-11.253359
45.9675,B,pid.locys.Des,-11.253359
45.9675,B,pid.locys.FB,-1.9620515
45.9675,B,pid.locys.U,-27.737083
45.9675,B,pid.pitch.Des,-1.5962197
45.9675,B,pid.pitch.FB,0.26290178
45.9675,B,pid.pitch.U,-6.1123424
45.9675,B,pid.roll.Des,-1.8419118
45.9675,B,pid.roll.FB,-1.8537132
45.9675,B,pid.roll.U,0.22777545
45.9675,B,pid.yaw.Des,0
45.9675,B,pid.yaw.FB,0.72175115
45.9675,B,pid.yaw.U,-6.3305068
45.9675,B,pid.z_pos.Des,0.5
45.9675,B,pid.z_pos.FB,0.49973306
45.9675,B,pid.z_pos.U,-0.14979698
45.9675,B,pid.z_rate.Des,-0.14979698
45.9675,B,pid.z_rate.FB,-0.0054281671
45.9675,B,pid.z_rate.U,-60.138767
46.1675,A,mrac.pitch.e,0.016288407
46.1675,A,mrac.pitch.u_ad,-0.0070371381
46.1675,A,mrac.roll.e,0.022639364
46.1675,A,mrac.roll.u_ad,0.030913325
46.1675,A,mrac.yaw.e,0.10667703
46.1675,A,mrac.yaw.u_ad,-0.012533978
46.1675,A,mrac.z.e,0.13929021
46.1675,A,mrac.z.u_ad,-0.071379974
46.1675,A,status.arm,1
46.1675,A,status.flymode,1
46.1675,A,status.rc_authority,0
46.1675,A,status.sbus_lost,0
46.1675,A,status.twc_arrived,1
46.1675,A,status.twc_execute,1
46.1676,B,mrac.pitch.theta_0,0.0010220069
46.1676,B,mrac.pitch.theta_1,0.00047996285
46.1676,B,mrac.pitch.theta_2,0.0062601864
46.1676,B,mrac.pitch.theta_3,0.0034406206
46.1676,B,mrac.pitch.theta_4,0.18476658
46.1676,B,mrac.pitch.theta_5,0.14334795
46.1676,B,mrac.pitch.u_nom,-0.080741912
46.1676,B,mrac.pitch.xm,-0.092284843
46.1676,B,mrac.roll.theta_0,0.027610958
46.1676,B,mrac.roll.theta_1,0.00077070732
46.1676,B,mrac.roll.theta_2,0.0027682388
46.1676,B,mrac.roll.theta_3,0.0034791224
46.1676,B,mrac.roll.theta_4,0.13057643
46.1676,B,mrac.roll.theta_5,0.13748194
46.1676,B,mrac.roll.u_nom,0.061005466
46.1676,B,mrac.roll.xm,0.0034534493
46.1676,B,mrac.yaw.theta_0,4.7223577e-07
46.1676,B,mrac.yaw.theta_1,0.00053875562
46.1676,B,mrac.yaw.theta_2,0.0015501475
46.1676,B,mrac.yaw.theta_3,0
46.1676,B,mrac.yaw.theta_4,0.08506418
46.1676,B,mrac.yaw.theta_5,0.087431736
46.1676,B,mrac.yaw.u_nom,-0.027162947
46.1676,B,mrac.yaw.xm,-0.1112852
46.1676,B,mrac.z.theta_0,0.0081613278
46.1676,B,mrac.z.theta_1,0.003029912
46.1676,B,mrac.z.theta_2,0.0031259763
46.1676,B,mrac.z.theta_3,0
46.1676,B,mrac.z.theta_4,0.19885546
46.1676,B,mrac.z.theta_5,0.19013692
46.1676,B,mrac.z.u_nom,-0.25204486
46.1676,B,mrac.z.xm,-0.14202657
46.1676,B,path.active_path_mode,1
46.1676,B,path.circle_theta,0
46.1676,B,path.sinusoid_t_elapsed,30.002968
46.1676,B,path.twc_arrived,1
46.1676,B,path.twc_target_x,-13.236994
46.1676,B,path.twc_target_y,-3.5697026
46.1676,B,path.twc_target_z,0.5
46.1676,B,pid.gyrox.Des,0.19786799
46.1676,B,pid.gyrox.FB,-4.2945666
46.1676,B,pid.gyrox.U,71.376396
46.1676,B,pid.gyroy.Des,-5.2875299
46.1676,B,pid.gyroy.FB,6.5599942
46.1676,B,pid.gyroy.U,-94.468033
46.1676,B,pid.gyroz.Des,-6.3761697
46.1676,B,pid.gyroz.FB,-0.26606354
46.1676,B,pid.gyroz.U,-50.849037
46.1676,B,pid.locx.Des,-13.236994
46.1676,B,pid.locx.FB,-20.073824
46.1676,B,pid.locx.U,7.5072908
46.1676,B,pid.locxs.Des,7.5072908
46.1676,B,pid.locxs.FB,-2.0380263
46.1676,B,pid.locxs.U,28.680365
46.1676,B,pid.locy.Des,-3.5697026
46.1676,B,pid.locy.FB,7.6033301
46.1676,B,pid.locy.U,-10.794893
46.1676,B,pid.locys.Des,-10.794893
46.1676,B,pid.locys.FB,-2.9742982
46.1676,B,pid.locys.U,-23.145309
46.1676,B,pid.pitch.Des,-1.3299611
46.1676,B,pid.pitch.FB,0.47160104
46.1676,B,pid.pitch.U,-5.2875299
46.1676,B,pid.roll.Des,-1.6921924
46.1676,B,pid.roll.FB,-1.7711957
46.1676,B,pid.roll.U,0.19786799
46.1676,B,pid.yaw.Des,0
46.1676,B,pid.yaw.FB,0.72936159
46.1676,B,pid.yaw.U,-6.3761697
46.1676,B,pid.z_pos.Des,0.5
46.1676,B,pid.z_pos.FB,0.48974928
46.1676,B,pid.z_pos.U,-0.14202657
46.1676,B,pid.z_rate.Des,-0.14202657
46.1676,B,pid.z_rate.FB,-0.0086905854
46.1676,B,pid.z_rate.U,-55.953957
46.3675,A,mrac.pitch.e,0.095394433
46.3675,A,mrac.pitch.u_ad,-0.013666166
46.3675,A,mrac.roll.e,-0.051701196
46.3675,A,mrac.roll.u_ad,0.036408331
46.3675,A,mrac.yaw.e,0.15701509
46.3675,A,mrac.yaw.u_ad,-0.012542364
46.3675,A,mrac.z.e,0.14040226
46.3675,A,mrac.z.u_ad,-0.072645351
46.3675,A,status.arm,1
46.3675,A,status.flymode,1
46.3675,A,status.rc_authority,0
46.3675,A,status.sbus_lost,0
46.3675,A,status.twc_arrived,1
46.3675,A,status.twc_execute,1
46.3676,B,mrac.pitch.theta_0,0.00089075544
46.3676,B,mrac.pitch.theta_1,0.0004768449
46.3676,B,mrac.pitch.theta_2,0.0062527582
46.3676,B,mrac.pitch.theta_3,0.0034410756
46.3676,B,mrac.pitch.theta_4,0.18477106
46.3676,B,mrac.pitch.theta_5,0.14335024
46.3676,B,mrac.pitch.u_nom,-0.019299123
46.3676,B,mrac.pitch.xm,-0.092755616
46.3676,B,mrac.roll.theta_0,0.02871263
46.3676,B,mrac.roll.theta_1,0.00076554046
46.3676,B,mrac.roll.theta_2,0.0027689107
46.3676,B,mrac.roll.theta_3,0.0034792537
46.3676,B,mrac.roll.theta_4,0.13059078
46.3676,B,mrac.roll.theta_5,0.13747102
46.3676,B,mrac.roll.u_nom,-0.038429171
46.3676,B,mrac.roll.xm,-0.0069044791
46.3676,B,mrac.yaw.theta_0,2.3458489e-07
46.3676,B,mrac.yaw.theta_1,0.00054772955
46.3676,B,mrac.yaw.theta_2,0.0015495474
46.3676,B,mrac.yaw.theta_3,0
46.3676,B,mrac.yaw.theta_4,0.085087255
46.3676,B,mrac.yaw.theta_5,0.087435633
46.3676,B,mrac.yaw.u_nom,-0.025237834
46.3676,B,mrac.yaw.xm,-0.10261974
46.3676,B,mrac.z.theta_0,0.0068852664
46.3676,B,mrac.z.theta_1,0.0030408725
46.3676,B,mrac.z.theta_2,0.0031255998
46.3676,B,mrac.z.theta_3,0
46.3676,B,mrac.z.theta_4,0.19883335
46.3676,B,mrac.z.theta_5,0.19020765
46.3676,B,mrac.z.u_nom,-0.2647562
46.3676,B,mrac.z.xm,-0.14074875
46.3676,B,path.active_path_mode,1
46.3676,B,path.circle_theta,0
46.3676,B,path.sinusoid_t_elapsed,30.002968
46.3676,B,path.twc_arrived,1
46.3676,B,path.twc_target_x,-13.236994
46.3676,B,path.twc_target_y,-3.5697026
46.3676,B,path.twc_target_z,0.5
46.3676,B,pid.gyrox.Des,-0.39559734
46.3676,B,pid.gyrox.FB,0.84858906
46.3676,B,pid.gyrox.U,-44.962132
46.3676,B,pid.gyroy.Des,-5.3145032
46.3676,B,pid.gyroy.FB,-3.249718
46.3676,B,pid.gyroy.U,-22.579975
46.3676,B,pid.gyroz.Des,-5.8796759
46.3676,B,pid.gyroz.FB,-0.22321059
46.3676,B,pid.gyroz.U,-47.245224
46.3676,B,pid.locx.Des,-13.236994
46.3676,B,pid.locx.FB,-20.364761
46.3676,B,pid.locx.U,7.775476
46.3676,B,pid.locxs.Des,7.775476
46.3676,B,pid.locxs.FB,-3.0223796
46.3676,B,pid.locxs.U,32.491684
46.3676,B,pid.locy.Des,-3.5697026
46.3676,B,pid.locy.FB,6.7217937
46.3676,B,pid.locy.U,-10.12202
46.3676,B,pid.locys.Des,-10.12202
46.3676,B,pid.locys.FB,-1.9660169
46.3676,B,pid.locys.U,-24.325779
46.3676,B,pid.pitch.Des,-1.398801
46.3676,B,pid.pitch.FB,0.51984763
46.3676,B,pid.pitch.U,-5.3145032
46.3676,B,pid.roll.Des,-1.9134697
46.3676,B,pid.roll.FB,-1.7493312
46.3676,B,pid.roll.U,-0.39559734
46.3676,B,pid.yaw.Des,0
46.3676,B,pid.yaw.FB,0.64661264
46.3676,B,pid.yaw.U,-5.8796759
46.3676,B,pid.z_pos.Des,0.5
46.3676,B,pid.z_pos.FB,0.48975143
46.3676,B,pid.z_pos.U,-0.14074875
46.3676,B,pid.z_rate.Des,-0.14074875
46.3676,B,pid.z_rate.FB,-0.00035797598
46.3676,B,pid.z_rate.U,-58.775875
46.5676,A,mrac.pitch.e,0.2534942
46.5676,A,mrac.pitch.u_ad,-0.040762287
46.5676,A,mrac.roll.e,-0.069386892
46.5676,A,mrac.roll.u_ad,0.031967234
46.5676,A,mrac.yaw.e,0.070248686
46.5676,A,mrac.yaw.u_ad,-0.011186511
46.5676,A,mrac.z.e,0.0057310089
46.5676,A,mrac.z.u_ad,-0.02094109
46.5676,A,status.arm,1
46.5676,A,status.flymode,1
46.5676,A,status.rc_authority,0
46.5676,A,status.sbus_lost,0
46.5676,A,status.twc_arrived,1
46.5676,A,status.twc_execute,1
46.5678,B,mrac.pitch.theta_0,0.0011726633
46.5678,B,mrac.pitch.theta_1,0.00047807483
46.5678,B,mrac.pitch.theta_2,0.0062471405
46.5678,B,mrac.pitch.theta_3,0.0034416199
46.5678,B,mrac.pitch.theta_4,0.18477975
46.5678,B,mrac.pitch.theta_5,0.14335492
46.5678,B,mrac.pitch.u_nom,-0.0010703495
46.5678,B,mrac.pitch.xm,-0.11041464
46.5678,B,mrac.roll.theta_0,0.02906692
46.5678,B,mrac.roll.theta_1,0.00076033914
46.5678,B,mrac.roll.theta_2,0.0027698006
46.5678,B,mrac.roll.theta_3,0.0034794386
46.5678,B,mrac.roll.theta_4,0.1306155
46.5678,B,mrac.roll.theta_5,0.13746345
46.5678,B,mrac.roll.u_nom,-0.066865303
46.5678,B,mrac.roll.xm,0.0003148898
46.5678,B,mrac.yaw.theta_0,1.4222078e-07
46.5678,B,mrac.yaw.theta_1,0.00055072573
46.5678,B,mrac.yaw.theta_2,0.0015490875
46.5678,B,mrac.yaw.theta_3,0
46.5678,B,mrac.yaw.theta_4,0.085106425
46.5678,B,mrac.yaw.theta_5,0.087438829
46.5678,B,mrac.yaw.u_nom,-0.029604344
46.5678,B,mrac.yaw.xm,-0.10672078
46.5678,B,mrac.z.theta_0,0.0066838325
46.5678,B,mrac.z.theta_1,0.0030649055
46.5678,B,mrac.z.theta_2,0.0031258801
46.5678,B,mrac.z.theta_3,0
46.5678,B,mrac.z.theta_4,0.19882007
46.5678,B,mrac.z.theta_5,0.19022998
46.5678,B,mrac.z.u_nom,-0.16012149
46.5678,B,mrac.z.xm,-0.13252847
46.5678,B,path.active_path_mode,1
46.5678,B,path.circle_theta,0
46.5678,B,path.sinusoid_t_elapsed,30.002968
46.5678,B,path.twc_arrived,1
46.5678,B,path.twc_target_x,-13.236994
46.5678,B,path.twc_target_y,-3.5697026
46.5678,B,path.twc_target_z,0.5
46.5678,B,pid.gyrox.Des,0.018041849
46.5678,B,pid.gyrox.FB,3.7188294
46.5678,B,pid.gyrox.U,-78.232407
46.5678,B,pid.gyroy.Des,-6.3262901
46.5678,B,pid.gyroy.FB,-4.83284
46.5678,B,pid.gyroy.U,-1.2523088
46.5678,B,pid.gyroz.Des,-6.1146474
46.5678,B,pid.gyroz.FB,0.5524466
46.5678,B,pid.gyroz.U,-55.419331
46.5678,B,pid.locx.Des,-13.236994
46.5678,B,pid.locx.FB,-20.628723
46.5678,B,pid.locx.U,7.9543381
46.5678,B,pid.locxs.Des,7.9543381
46.5678,B,pid.locxs.FB,-2.0118253
46.5678,B,pid.locxs.U,29.944273
46.5678,B,pid.locy.Des,-3.5697026
46.5678,B,pid.locy.FB,6.3949456
46.5678,B,pid.locy.U,-9.8922014
46.5678,B,pid.locys.Des,-9.8922014
46.5678,B,pid.locys.FB,-0.97599089
46.5678,B,pid.locys.U,-26.646612
46.5678,B,pid.pitch.Des,-1.5347165
46.5678,B,pid.pitch.FB,0.61643016
46.5678,B,pid.pitch.U,-6.3262901
46.5678,B,pid.roll.Des,-1.7673531
46.5678,B,pid.roll.FB,-1.737747
46.5678,B,pid.roll.U,0.018041849
46.5678,B,pid.yaw.Des,0
46.5678,B,pid.yaw.FB,0.68577456
46.5678,B,pid.yaw.U,-6.1146474
46.5678,B,pid.z_pos.Des,0.5
46.5678,B,pid.z_pos.FB,0.47975147
46.5678,B,pid.z_pos.U,-0.13252847
46.5678,B,pid.z_rate.Des,-0.13252847
46.5678,B,pid.z_rate.FB,-0.05055999
46.5678,B,pid.z_rate.U,-35.54697
46.7836,A,mrac.pitch.e,0.20779963
46.7836,A,mrac.pitch.u_ad,-0.025814675
46.7836,A,mrac.roll.e,0.052348383
46.7836,A,mrac.roll.u_ad,0.020512005
46.7836,A,mrac.yaw.e,0.06091921
46.7836,A,mrac.yaw.u_ad,-0.0081317713
46.7836,A,mrac.z.e,0.12039145
46.7836,A,mrac.z.u_ad,-0.062218577
46.7836,A,status.arm,1
46.7836,A,status.flymode,1
46.7836,A,status.rc_authority,0
46.7836,A,status.sbus_lost,0
46.7836,A,status.twc_arrived,1
46.7836,A,status.twc_execute,1
46.7837,B,mrac.pitch.theta_0,0.00080477976
46.7837,B,mrac.pitch.theta_1,0.0004854936
46.7837,B,mrac.pitch.theta_2,0.0062413458
46.7837,B,mrac.pitch.theta_3,0.0034418181
46.7837,B,mrac.pitch.theta_4,0.18478541
46.7837,B,mrac.pitch.theta_5,0.14336313
46.7837,B,mrac.pitch.u_nom,-0.15123107
46.7837,B,mrac.pitch.xm,-0.10768219
46.7837,B,mrac.roll.theta_0,0.028672067
46.7837,B,mrac.roll.theta_1,0.00075703184
46.7837,B,mrac.roll.theta_2,0.0027699997
46.7837,B,mrac.roll.theta_3,0.0034793532
46.7837,B,mrac.roll.theta_4,0.13062766
46.7837,B,mrac.roll.theta_5,0.13745677
46.7837,B,mrac.roll.u_nom,0.02791314
46.7837,B,mrac.roll.xm,-0.015628172
46.7837,B,mrac.yaw.theta_0,8.8670625e-08
46.7837,B,mrac.yaw.theta_1,0.00055635336
46.7837,B,mrac.yaw.theta_2,0.0015486464
46.7837,B,mrac.yaw.theta_3,0
46.7837,B,mrac.yaw.theta_4,0.085119888
46.7837,B,mrac.yaw.theta_5,0.087439634
46.7837,B,mrac.yaw.u_nom,-0.0058595636
46.7837,B,mrac.yaw.xm,-0.075872622
46.7837,B,mrac.z.theta_0,0.0070580086
46.7837,B,mrac.z.theta_1,0.0031501029
46.7837,B,mrac.z.theta_2,0.0031276369
46.7837,B,mrac.z.theta_3,0
46.7837,B,mrac.z.theta_4,0.19879162
46.7837,B,mrac.z.theta_5,0.19023593
46.7837,B,mrac.z.u_nom,-0.23050086
46.7837,B,mrac.z.xm,-0.12193567
46.7837,B,path.active_path_mode,1
46.7837,B,path.circle_theta,0
46.7837,B,path.sinusoid_t_elapsed,30.002968
46.7837,B,path.twc_arrived,1
46.7837,B,path.twc_target_x,-13.236994
46.7837,B,path.twc_target_y,-3.5697026
46.7837,B,path.twc_target_z,0.5
46.7837,B,pid.gyrox.Des,-0.89542794
46.7837,B,pid.gyrox.FB,-1.1588964
46.7837,B,pid.gyrox.U,32.658375
46.7837,B,pid.gyroy.Des,-6.1697326
46.7837,B,pid.gyroy.FB,10.064993
46.7837,B,pid.gyroy.U,-176.94034
46.7837,B,pid.gyroz.Des,-4.3471794
46.7837,B,pid.gyroz.FB,-3.2232332
46.7837,B,pid.gyroz.U,-10.969103
46.7837,B,pid.locx.Des,-13.236994
46.7837,B,pid.locx.FB,-20.883278
46.7837,B,pid.locx.U,8.1573029
46.7837,B,pid.locxs.Des,8.1573029
46.7837,B,pid.locxs.FB,-1.9999534
46.7837,B,pid.locxs.U,30.520033
46.7837,B,pid.locy.Des,-3.5697026
46.7837,B,pid.locy.FB,5.9574823
46.7837,B,pid.locy.U,-9.5820293
46.7837,B,pid.locys.Des,-9.5820293
46.7837,B,pid.locys.FB,0.013655219
46.7837,B,pid.locys.U,-28.734911
46.7837,B,pid.pitch.Des,-1.6655363
46.7837,B,pid.pitch.FB,0.53196251
46.7837,B,pid.pitch.U,-6.1697326
46.7837,B,pid.roll.Des,-1.7939043
46.7837,B,pid.roll.FB,-1.5770257
46.7837,B,pid.roll.U,-0.89542794
46.7837,B,pid.yaw.Des,0
46.7837,B,pid.yaw.FB,0.39119655
46.7837,B,pid.yaw.U,-4.3471794
46.7837,B,pid.z_pos.Des,0.5
46.7837,B,pid.z_pos.FB,0.46980172
46.7837,B,pid.z_pos.U,-0.12193567
46.7837,B,pid.z_rate.Des,-0.12193567
46.7837,B,pid.z_rate.FB,-0.0020987566
46.7837,B,pid.z_rate.U,-51.171192
46.9838,A,mrac.pitch.e,0.10538029
46.9838,A,mrac.pitch.u_ad,-0.014373951
46.9838,A,mrac.roll.e,-0.043001033
46.9838,A,mrac.roll.u_ad,0.028712552
46.9838,A,mrac.yaw.e,0.010887578
46.9838,A,mrac.yaw.u_ad,-0.0083702402
46.9838,A,mrac.z.e,0.19405948
46.9838,A,mrac.z.u_ad,-0.087599888
46.9838,A,status.arm,1
46.9838,A,status.flymode,1
46.9838,A,status.rc_authority,0
46.9838,A,status.sbus_lost,0
46.9838,A,status.twc_arrived,1
46.9838,A,status.twc_execute,1
46.9839,B,mrac.pitch.theta_0,0.001334769
46.9839,B,mrac.pitch.theta_1,0.00048599034
46.9839,B,mrac.pitch.theta_2,0.0062380298
46.9839,B,mrac.pitch.theta_3,0.0034424351
46.9839,B,mrac.pitch.theta_4,0.18479268
46.9839,B,mrac.pitch.theta_5,0.14336671
46.9839,B,mrac.pitch.u_nom,-0.098707616
46.9839,B,mrac.pitch.xm,-0.094841212
46.9839,B,mrac.roll.theta_0,0.029471731
46.9839,B,mrac.roll.theta_1,0.0007474983
46.9839,B,mrac.roll.theta_2,0.0027722383
46.9839,B,mrac.roll.theta_3,0.0034797129
46.9839,B,mrac.roll.theta_4,0.13066839
46.9839,B,mrac.roll.theta_5,0.13744478
46.9839,B,mrac.roll.u_nom,0.0025156478
46.9839,B,mrac.roll.xm,-0.012967186
46.9839,B,mrac.yaw.theta_0,6.2134731e-08
46.9839,B,mrac.yaw.theta_1,0.0005554118
46.9839,B,mrac.yaw.theta_2,0.001548226
46.9839,B,mrac.yaw.theta_3,0
46.9839,B,mrac.yaw.theta_4,0.08512985
46.9839,B,mrac.yaw.theta_5,0.087438457
46.9839,B,mrac.yaw.u_nom,-0.020426085
46.9839,B,mrac.yaw.xm,-0.084227405
46.9839,B,mrac.z.theta_0,0.0076182103
46.9839,B,mrac.z.theta_1,0.0031566056
46.9839,B,mrac.z.theta_2,0.0031290392
46.9839,B,mrac.z.theta_3,0
46.9839,B,mrac.z.theta_4,0.19877656
46.9839,B,mrac.z.theta_5,0.19023606
46.9839,B,mrac.z.u_nom,-0.13536072
46.9839,B,mrac.z.xm,-0.11215499
46.9839,B,path.active_path_mode,1
46.9839,B,path.circle_theta,0
46.9839,B,path.sinusoid_t_elapsed,30.002968
46.9839,B,path.twc_arrived,1
46.9839,B,path.twc_target_x,-13.236994
46.9839,B,path.twc_target_y,-3.5697026
46.9839,B,path.twc_target_z,0.5
46.9839,B,pid.gyrox.Des,-0.74296474
46.9839,B,pid.gyrox.FB,3.2881091
46.9839,B,pid.gyrox.U,2.9433079
46.9839,B,pid.gyroy.Des,-5.4339991
46.9839,B,pid.gyroy.FB,-1.4798878
46.9839,B,pid.gyroy.U,-115.48792
46.9839,B,pid.gyroz.Des,-4.8258729
46.9839,B,pid.gyroz.FB,-0.28793585
46.9839,B,pid.gyroz.U,-38.237633
46.9839,B,pid.locx.Des,-13.236994
46.9839,B,pid.locx.FB,-21.049295
46.9839,B,pid.locx.U,8.2858353
46.9839,B,pid.locxs.Des,8.2858353
46.9839,B,pid.locxs.FB,-1.9999324
46.9839,B,pid.locxs.U,30.904356
46.9839,B,pid.locy.Des,-3.5697026
46.9839,B,pid.locy.FB,5.8136702
46.9839,B,pid.locy.U,-9.5069857
46.9839,B,pid.locys.Des,-9.5069857
46.9839,B,pid.locys.FB,0.016440064
46.9839,B,pid.locys.U,-28.688013
46.9839,B,pid.pitch.Des,-1.660037
46.9839,B,pid.pitch.FB,0.33480191
46.9839,B,pid.pitch.U,-5.4339991
46.9839,B,pid.roll.Des,-1.8186761
46.9839,B,pid.roll.FB,-1.675337
46.9839,B,pid.roll.U,-0.74296474
46.9839,B,pid.yaw.Des,0
46.9839,B,pid.yaw.FB,0.4709788
46.9839,B,pid.yaw.U,-4.8258729
46.9839,B,pid.z_pos.Des,0.5
46.9839,B,pid.z_pos.FB,0.4597955
46.9839,B,pid.z_pos.U,-0.11215499
46.9839,B,pid.z_rate.Des,-0.11215499
46.9839,B,pid.z_rate.FB,-0.045234211
46.9839,B,pid.z_rate.U,-30.050079
