t_s,frame,key,value
0.0133,A,mrac.pitch.e,0.21696635
0.0133,A,mrac.pitch.u_ad,-0.035895694
0.0133,A,mrac.roll.e,-0.15586948
0.0133,A,mrac.roll.u_ad,0.17849712
0.0133,A,mrac.yaw.e,0.0056865625
0.0133,A,mrac.yaw.u_ad,0.01817519
0.0133,A,mrac.z.e,0.13797826
0.0133,A,mrac.z.u_ad,-0.081981957
0.0133,A,status.arm,1
0.0133,A,status.flymode,1
0.0133,A,status.rc_authority,0
0.0133,A,status.sbus_lost,0
0.0133,A,status.twc_arrived,0
0.0133,A,status.twc_execute,0
0.0133,B,mrac.pitch.theta_0,1.6053301e-37
0.0133,B,mrac.pitch.theta_1,0.0033510588
0.0133,B,mrac.pitch.theta_2,0.0025844232
0.0133,B,mrac.pitch.theta_3,0.0057993913
0.0133,B,mrac.pitch.theta_4,0.10861618
0.0133,B,mrac.pitch.theta_5,0.14469424
0.0133,B,mrac.pitch.u_nom,0.0055968519
0.0133,B,mrac.pitch.xm,-0.15684704
0.0133,B,mrac.roll.theta_0,0.14888376
0.0133,B,mrac.roll.theta_1,0.0010741891
0.0133,B,mrac.roll.theta_2,0.0029610323
0.0133,B,mrac.roll.theta_3,0.0058163679
0.0133,B,mrac.roll.theta_4,0.12335335
0.0133,B,mrac.roll.theta_5,0.14161669
0.0133,B,mrac.roll.u_nom,-0.061578792
0.0133,B,mrac.roll.xm,0.15019059
0.0133,B,mrac.yaw.theta_0,0.019662036
0.0133,B,mrac.yaw.theta_1,0.0012979133
0.0133,B,mrac.yaw.theta_2,0.0038020439
0.0133,B,mrac.yaw.theta_3,0
0.0133,B,mrac.yaw.theta_4,0.032919671
0.0133,B,mrac.yaw.theta_5,0.085821085
0.0133,B,mrac.yaw.u_nom,-0.014214555
0.0133,B,mrac.yaw.xm,-0.014507243
0.0133,B,mrac.z.theta_0,0.00070296368
0.0133,B,mrac.z.theta_1,0.0045719668
0.0133,B,mrac.z.theta_2,0.0066229203
0.0133,B,mrac.z.theta_3,0
0.0133,B,mrac.z.theta_4,0.19694918
0.0133,B,mrac.z.theta_5,0.19223633
0.0133,B,mrac.z.u_nom,-0.28683373
0.0133,B,mrac.z.xm,-0.13948528
0.0133,B,path.active_path_mode,0
0.0133,B,path.circle_theta,0
0.0133,B,path.sinusoid_t_elapsed,0
0.0133,B,path.twc_arrived,0
0.0133,B,path.twc_target_x,80.000008
0.0133,B,path.twc_target_y,0
0.0133,B,path.twc_target_z,0.60000002
0.0133,B,pid.gyrox.Des,8.6052837
0.0133,B,pid.gyrox.FB,3.9543362
0.0133,B,pid.gyrox.U,-72.047188
0.0133,B,pid.gyroy.Des,-8.9866695
0.0133,B,pid.gyroy.FB,2.7003343
0.0133,B,pid.gyroy.U,6.548317
0.0133,B,pid.gyroz.Des,-0.83120346
0.0133,B,pid.gyroz.FB,2.3010259
0.0133,B,pid.gyroz.U,-26.609646
0.0133,B,pid.locx.Des,-3.6512506
0.0133,B,pid.locx.FB,-17.91468
0.0133,B,pid.locx.U,13.410744
0.0133,B,pid.locxs.Des,13.410744
0.0133,B,pid.locxs.FB,0
0.0133,B,pid.locxs.U,40.325478
0.0133,B,pid.locy.Des,-4.7799354
0.0133,B,pid.locy.FB,17.745483
0.0133,B,pid.locy.U,-20.020336
0.0133,B,pid.locys.Des,-20.020336
0.0133,B,pid.locys.FB,0
0.0133,B,pid.locys.U,-60.136539
0.0133,B,pid.pitch.Des,-4.0336757
0.0133,B,pid.pitch.FB,-0.15378106
0.0133,B,pid.pitch.U,-8.9866695
0.0133,B,pid.roll.Des,1.2480165
0.0133,B,pid.roll.FB,-1.6245376
0.0133,B,pid.roll.U,8.6052837
0.0133,B,pid.yaw.Des,-51.322899
0.0133,B,pid.yaw.FB,-51.005882
0.0133,B,pid.yaw.U,-0.83120346
0.0133,B,pid.z_pos.Des,0.68628335
0.0133,B,pid.z_pos.FB,0.67972428
0.0133,B,pid.z_pos.U,-0.13948528
0.0133,B,pid.z_rate.Des,-0.13948528
0.0133,B,pid.z_rate.FB,-0.0036853391
0.0133,B,pid.z_rate.U,-63.67709
0.0133,B,status.vbat,0
0.2290,A,mrac.pitch.e,0.58625376
0.2290,A,mrac.pitch.u_ad,-0.050202221
0.2290,A,mrac.roll.e,-0.06457898
0.2290,A,mrac.roll.u_ad,0.15909491
0.2290,A,mrac.yaw.e,-0.32888263
0.2290,A,mrac.yaw.u_ad,0.12597987
0.2290,A,mrac.z.e,0.27370453
0.2290,A,mrac.z.u_ad,-0.13301668
0.2290,A,status.arm,1
0.2290,A,status.flymode,1
0.2290,A,status.rc_authority,1
0.2290,A,status.sbus_lost,0
0.2290,A,status.twc_arrived,0
0.2290,A,status.twc_execute,1
0.2290,B,mrac.pitch.theta_0,6.8427209e-38
0.2290,B,mrac.pitch.theta_1,0.0033446217
0.2290,B,mrac.pitch.theta_2,0.0025816774
0.2290,B,mrac.pitch.theta_3,0.0057940809
0.2290,B,mrac.pitch.theta_4,0.1087054
0.2290,B,mrac.pitch.theta_5,0.14470991
0.2290,B,mrac.pitch.u_nom,0.0067589558
0.2290,B,mrac.pitch.xm,-0.21929416
0.2290,B,mrac.roll.theta_0,0.14615743
0.2290,B,mrac.roll.theta_1,0.0011176348
0.2290,B,mrac.roll.theta_2,0.0029628384
0.2290,B,mrac.roll.theta_3,0.0058165928
0.2290,B,mrac.roll.theta_4,0.1234217
0.2290,B,mrac.roll.theta_5,0.14166519
0.2290,B,mrac.roll.u_nom,-0.073423862
0.2290,B,mrac.roll.xm,0.10316312
0.2290,B,mrac.yaw.theta_0,0.033405885
0.2290,B,mrac.yaw.theta_1,0.001781567
0.2290,B,mrac.yaw.theta_2,0.0038923414
0.2290,B,mrac.yaw.theta_3,0
0.2290,B,mrac.yaw.theta_4,0.033090245
0.2290,B,mrac.yaw.theta_5,0.086117841
0.2290,B,mrac.yaw.u_nom,0.10746558
0.2290,B,mrac.yaw.xm,1.0471979
0.2290,B,mrac.z.theta_0,0.00064428255
0.2290,B,mrac.z.theta_1,0.0046766326
0.2290,B,mrac.z.theta_2,0.0066210018
0.2290,B,mrac.z.theta_3,0
0.2290,B,mrac.z.theta_4,0.19693123
0.2290,B,mrac.z.theta_5,0.19223553
0.2290,B,mrac.z.u_nom,-0.32886443
0.2290,B,mrac.z.xm,-0.19511725
0.2290,B,path.active_path_mode,1
0.2290,B,path.circle_theta,0
0.2290,B,path.sinusoid_t_elapsed,0
0.2290,B,path.twc_arrived,0
0.2290,B,path.twc_target_x,1.4901161e-06
0.2290,B,path.twc_target_y,0
0.2290,B,path.twc_target_z,0.60000002
0.2290,B,pid.gyrox.Des,5.9108086
0.2290,B,pid.gyrox.FB,5.7653761
0.2290,B,pid.gyrox.U,-85.905922
0.2290,B,pid.gyroy.Des,-12.564625
0.2290,B,pid.gyroy.FB,-2.056072
0.2290,B,pid.gyroy.U,7.9079781
0.2290,B,pid.gyroz.Des,60
0.2290,B,pid.gyroz.FB,34.665813
0.2290,B,pid.gyroz.U,201.17557
0.2290,B,pid.locx.Des,1.4901161e-06
0.2290,B,pid.locx.FB,-17.843019
0.2290,B,pid.locx.U,16.255051
0.2290,B,pid.locxs.Des,16.255051
0.2290,B,pid.locxs.FB,0.5486095
0.2290,B,pid.locxs.U,47.037804
0.2290,B,pid.locy.Des,0
0.2290,B,pid.locy.FB,17.894417
0.2290,B,pid.locy.U,-16.393669
0.2290,B,pid.locys.Des,-16.393669
0.2290,B,pid.locys.FB,2.1677241
0.2290,B,pid.locys.U,-55.774681
0.2290,B,pid.pitch.Des,-4.2005501
0.2290,B,pid.pitch.FB,-0.0043624667
0.2290,B,pid.pitch.U,-12.564625
0.2290,B,pid.roll.Des,0.67342722
0.2290,B,pid.roll.FB,-1.3571266
0.2290,B,pid.roll.U,5.9108086
0.2290,B,pid.yaw.Des,0
0.2290,B,pid.yaw.FB,-49.232727
0.2290,B,pid.yaw.U,120
0.2290,B,pid.z_pos.Des,0.60000002
0.2290,B,pid.z_pos.FB,0.66981202
0.2290,B,pid.z_pos.U,-0.19511725
0.2290,B,pid.z_rate.Des,-0.19511725
0.2290,B,pid.z_rate.FB,-0.036330536
0.2290,B,pid.z_rate.U,-73.007904
0.2290,B,status.vbat,0
0.4455,A,mrac.pitch.e,0.23970363
0.4455,A,mrac.pitch.u_ad,-0.048330106
0.4455,A,mrac.roll.e,-0.29563299
0.4455,A,mrac.roll.u_ad,0.16180223
0.4455,A,mrac.yaw.e,-0.10848701
0.4455,A,mrac.yaw.u_ad,0.14325213
0.4455,A,mrac.z.e,0.32894957
0.4455,A,mrac.z.u_ad,-0.15846297
0.4455,A,status.arm,1
0.4455,A,status.flymode,1
0.4455,A,status.rc_authority,1
0.4455,A,status.sbus_lost,0
0.4455,A,status.twc_arrived,0
0.4455,A,status.twc_execute,1
0.4455,B,mrac.pitch.theta_0,1.6257199e-38
0.4455,B,mrac.pitch.theta_1,0.0034463478
0.4455,B,mrac.pitch.theta_2,0.0025647101
0.4455,B,mrac.pitch.theta_3,0.005833799
0.4455,B,mrac.pitch.theta_4,0.10889201
0.4455,B,mrac.pitch.theta_5,0.14477243
0.4455,B,mrac.pitch.u_nom,-0.033947363
0.4455,B,mrac.pitch.xm,-0.30416867
0.4455,B,mrac.roll.theta_0,0.14683582
0.4455,B,mrac.roll.theta_1,0.0010921364
0.4455,B,mrac.roll.theta_2,0.0029700829
0.4455,B,mrac.roll.theta_3,0.0057934895
0.4455,B,mrac.roll.theta_4,0.12347057
0.4455,B,mrac.roll.theta_5,0.14163229
0.4455,B,mrac.roll.u_nom,0.033795435
0.4455,B,mrac.roll.xm,0.060038704
0.4455,B,mrac.yaw.theta_0,0.046747405
0.4455,B,mrac.yaw.theta_1,0.0028720077
0.4455,B,mrac.yaw.theta_2,0.0042560501
0.4455,B,mrac.yaw.theta_3,0
0.4455,B,mrac.yaw.theta_4,0.03315163
0.4455,B,mrac.yaw.theta_5,0.086366765
0.4455,B,mrac.yaw.u_nom,0.025846334
0.4455,B,mrac.yaw.xm,1.0471979
0.4455,B,mrac.z.theta_0,0.00049174955
0.4455,B,mrac.z.theta_1,0.0044627269
0.4455,B,mrac.z.theta_2,0.0066040987
0.4455,B,mrac.z.theta_3,0
0.4455,B,mrac.z.theta_4,0.19704555
0.4455,B,mrac.z.theta_5,0.1923462
0.4455,B,mrac.z.u_nom,-0.44268954
0.4455,B,mrac.z.xm,-0.21278518
0.4455,B,path.active_path_mode,1
0.4455,B,path.circle_theta,0
0.4455,B,path.sinusoid_t_elapsed,0
0.4455,B,path.twc_arrived,0
0.4455,B,path.twc_target_x,1.4901161e-06
0.4455,B,path.twc_target_y,0
0.4455,B,path.twc_target_z,0.60000002
0.4455,B,pid.gyrox.Des,3.4399629
0.4455,B,pid.gyrox.FB,-4.4755173
0.4455,B,pid.gyrox.U,39.540657
0.4455,B,pid.gyroy.Des,-17.427574
0.4455,B,pid.gyroy.FB,-9.0133762
0.4455,B,pid.gyroy.U,-39.718414
0.4455,B,pid.gyroz.Des,60
0.4455,B,pid.gyroz.FB,53.836117
0.4455,B,pid.gyroz.U,48.384338
0.4455,B,pid.locx.Des,1.4901161e-06
0.4455,B,pid.locx.FB,-18.726929
0.4455,B,pid.locx.U,17.221069
0.4455,B,pid.locxs.Des,17.221069
0.4455,B,pid.locxs.FB,-6.5666971
0.4455,B,pid.locxs.U,71.153717
0.4455,B,pid.locy.Des,0
0.4455,B,pid.locy.FB,19.231613
0.4455,B,pid.locy.U,-17.70565
0.4455,B,pid.locys.Des,-17.70565
0.4455,B,pid.locys.FB,8.8248787
0.4455,B,pid.locys.U,-80.349434
0.4455,B,pid.pitch.Des,-6.2207108
0.4455,B,pid.pitch.FB,-0.33113992
0.4455,B,pid.pitch.U,-17.427574
0.4455,B,pid.roll.Des,-0.5326702
0.4455,B,pid.roll.FB,-1.665921
0.4455,B,pid.roll.U,3.4399629
0.4455,B,pid.yaw.Des,0
0.4455,B,pid.yaw.FB,-36.6534
0.4455,B,pid.yaw.U,120
0.4455,B,pid.z_pos.Des,0.60000002
0.4455,B,pid.z_pos.FB,0.68969685
0.4455,B,pid.z_pos.U,-0.21278518
0.4455,B,pid.z_rate.Des,-0.21278518
0.4455,B,pid.z_rate.FB,0.0091744661
0.4455,B,pid.z_rate.U,-98.277077
0.4455,B,status.vbat,0
0.6457,A,mrac.pitch.e,0.11231229
0.6457,A,mrac.pitch.u_ad,-0.051931813
0.6457,A,mrac.roll.e,-0.075815305
0.6457,A,mrac.roll.u_ad,0.15891944
0.6457,A,mrac.yaw.e,-0.066437066
0.6457,A,mrac.yaw.u_ad,0.14551255
0.6457,A,mrac.z.e,0.17922403
0.6457,A,mrac.z.u_ad,-0.11602093
0.6457,A,status.arm,1
0.6457,A,status.flymode,1
0.6457,A,status.rc_authority,1
0.6457,A,status.sbus_lost,0
0.6457,A,status.twc_arrived,0
0.6457,A,status.twc_execute,1
0.6458,B,mrac.pitch.theta_0,1.0084201e-38
0.6458,B,mrac.pitch.theta_1,0.0035179404
0.6458,B,mrac.pitch.theta_2,0.0025636342
0.6458,B,mrac.pitch.theta_3,0.0058695441
0.6458,B,mrac.pitch.theta_4,0.10894176
0.6458,B,mrac.pitch.theta_5,0.14479358
0.6458,B,mrac.pitch.u_nom,-0.13241087
0.6458,B,mrac.pitch.xm,-0.299119
0.6458,B,mrac.roll.theta_0,0.14736927
0.6458,B,mrac.roll.theta_1,0.0010766512
0.6458,B,mrac.roll.theta_2,0.0029752818
0.6458,B,mrac.roll.theta_3,0.0057852278
0.6458,B,mrac.roll.theta_4,0.12349448
0.6458,B,mrac.roll.theta_5,0.14162333
0.6458,B,mrac.roll.u_nom,-0.019487789
0.6458,B,mrac.roll.xm,0.05871436
0.6458,B,mrac.yaw.theta_0,0.048687026
0.6458,B,mrac.yaw.theta_1,0.0030564102
0.6458,B,mrac.yaw.theta_2,0.0043230453
0.6458,B,mrac.yaw.theta_3,0
0.6458,B,mrac.yaw.theta_4,0.033153426
0.6458,B,mrac.yaw.theta_5,0.086398087
0.6458,B,mrac.yaw.u_nom,0.012563322
0.6458,B,mrac.yaw.xm,1.0471979
0.6458,B,mrac.z.theta_0,0.0004557237
0.6458,B,mrac.z.theta_1,0.0044652591
0.6458,B,mrac.z.theta_2,0.006595124
0.6458,B,mrac.z.theta_3,0
0.6458,B,mrac.z.theta_4,0.19707473
0.6458,B,mrac.z.theta_5,0.19237518
0.6458,B,mrac.z.u_nom,-0.30108291
0.6458,B,mrac.z.xm,-0.21263699
0.6458,B,path.active_path_mode,1
0.6458,B,path.circle_theta,0
0.6458,B,path.sinusoid_t_elapsed,0
0.6458,B,path.twc_arrived,0
0.6458,B,path.twc_target_x,1.4901161e-06
0.6458,B,path.twc_target_y,0
0.6458,B,path.twc_target_z,0.60000002
0.6458,B,pid.gyrox.Des,3.3640835
0.6458,B,pid.gyrox.FB,2.1003959
0.6458,B,pid.gyrox.U,-22.800713
0.6458,B,pid.gyroy.Des,-17.138248
0.6458,B,pid.gyroy.FB,1.2820368
0.6458,B,pid.gyroy.U,-154.92072
0.6458,B,pid.gyroz.Des,60
0.6458,B,pid.gyroz.FB,56.96537
0.6458,B,pid.gyroz.U,23.518538
0.6458,B,pid.locx.Des,1.4901161e-06
0.6458,B,pid.locx.FB,-19.218866
0.6458,B,pid.locx.U,17.5882
0.6458,B,pid.locxs.Des,17.5882
0.6458,B,pid.locxs.FB,-5.8418303
0.6458,B,pid.locxs.U,70.138718
0.6458,B,pid.locy.Des,0
0.6458,B,pid.locy.FB,19.954954
0.6458,B,pid.locy.U,-18.297729
0.6458,B,pid.locys.Des,-18.297729
0.6458,B,pid.locys.FB,9.320569
0.6458,B,pid.locys.U,-83.58049
0.6458,B,pid.pitch.Des,-6.2842784
0.6458,B,pid.pitch.FB,-0.54324776
0.6458,B,pid.pitch.U,-17.138248
0.6458,B,pid.roll.Des,-0.8787685
0.6458,B,pid.roll.FB,-2.1317427
0.6458,B,pid.roll.U,3.3640835
0.6458,B,pid.yaw.Des,0
0.6458,B,pid.yaw.FB,-32.078175
0.6458,B,pid.yaw.U,120
0.6458,B,pid.z_pos.Des,0.60000002
0.6458,B,pid.z_pos.FB,0.68949145
0.6458,B,pid.z_pos.U,-0.21263699
0.6458,B,pid.z_rate.Des,-0.21263699
0.6458,B,pid.z_rate.FB,-0.069471136
0.6458,B,pid.z_rate.U,-66.840408
0.6458,B,status.vbat,0
0.8619,A,mrac.pitch.e,0.11231229
0.8619,A,mrac.pitch.u_ad,-0.051931813
0.8619,A,mrac.roll.e,-0.075815305
0.8619,A,mrac.roll.u_ad,0.15891944
0.8619,A,mrac.yaw.e,-0.066437066
0.8619,A,mrac.yaw.u_ad,0.14551255
0.8619,A,mrac.z.e,0.17922403
0.8619,A,mrac.z.u_ad,-0.11602093
0.8619,A,status.arm,1
0.8619,A,status.flymode,1
0.8619,A,status.rc_authority,1
0.8619,A,status.sbus_lost,0
0.8619,A,status.twc_arrived,0
0.8619,A,status.twc_execute,1
0.8619,B,mrac.pitch.theta_0,1.0084201e-38
0.8619,B,mrac.pitch.theta_1,0.0035179404
0.8619,B,mrac.pitch.theta_2,0.0025636342
0.8619,B,mrac.pitch.theta_3,0.0058695441
0.8619,B,mrac.pitch.theta_4,0.10894176
0.8619,B,mrac.pitch.theta_5,0.14479358
0.8619,B,mrac.pitch.u_nom,-0.13241087
0.8619,B,mrac.pitch.xm,-0.299119
0.8619,B,mrac.roll.theta_0,0.14736927
0.8619,B,mrac.roll.theta_1,0.0010766512
0.8619,B,mrac.roll.theta_2,0.0029752818
0.8619,B,mrac.roll.theta_3,0.0057852278
0.8619,B,mrac.roll.theta_4,0.12349448
0.8619,B,mrac.roll.theta_5,0.14162333
0.8619,B,mrac.roll.u_nom,-0.019487789
0.8619,B,mrac.roll.xm,0.05871436
0.8619,B,mrac.yaw.theta_0,0.048687026
0.8619,B,mrac.yaw.theta_1,0.0030564102
0.8619,B,mrac.yaw.theta_2,0.0043230453
0.8619,B,mrac.yaw.theta_3,0
0.8619,B,mrac.yaw.theta_4,0.033153426
0.8619,B,mrac.yaw.theta_5,0.086398087
0.8619,B,mrac.yaw.u_nom,0.012563322
0.8619,B,mrac.yaw.xm,1.0471979
0.8619,B,mrac.z.theta_0,0.0004557237
0.8619,B,mrac.z.theta_1,0.0044652591
0.8619,B,mrac.z.theta_2,0.006595124
0.8619,B,mrac.z.theta_3,0
0.8619,B,mrac.z.theta_4,0.19707473
0.8619,B,mrac.z.theta_5,0.19237518
0.8619,B,mrac.z.u_nom,-0.30108291
0.8619,B,mrac.z.xm,-0.21263699
0.8619,B,path.active_path_mode,1
0.8619,B,path.circle_theta,0
0.8619,B,path.sinusoid_t_elapsed,0
0.8619,B,path.twc_arrived,0
0.8619,B,path.twc_target_x,1.4901161e-06
0.8619,B,path.twc_target_y,0
0.8619,B,path.twc_target_z,0.60000002
0.8619,B,pid.gyrox.Des,3.3640835
0.8619,B,pid.gyrox.FB,2.1003959
0.8619,B,pid.gyrox.U,-22.800713
0.8619,B,pid.gyroy.Des,-17.138248
0.8619,B,pid.gyroy.FB,1.2820368
0.8619,B,pid.gyroy.U,-154.92072
0.8619,B,pid.gyroz.Des,60
0.8619,B,pid.gyroz.FB,56.96537
0.8619,B,pid.gyroz.U,23.518538
0.8619,B,pid.locx.Des,1.4901161e-06
0.8619,B,pid.locx.FB,-19.218866
0.8619,B,pid.locx.U,17.5882
0.8619,B,pid.locxs.Des,17.5882
0.8619,B,pid.locxs.FB,-5.8418303
0.8619,B,pid.locxs.U,70.138718
0.8619,B,pid.locy.Des,0
0.8619,B,pid.locy.FB,19.954954
0.8619,B,pid.locy.U,-18.297729
0.8619,B,pid.locys.Des,-18.297729
0.8619,B,pid.locys.FB,9.320569
0.8619,B,pid.locys.U,-83.58049
0.8619,B,pid.pitch.Des,-6.2842784
0.8619,B,pid.pitch.FB,-0.54324776
0.8619,B,pid.pitch.U,-17.138248
0.8619,B,pid.roll.Des,-0.8787685
0.8619,B,pid.roll.FB,-2.1317427
0.8619,B,pid.roll.U,3.3640835
0.8619,B,pid.yaw.Des,0
0.8619,B,pid.yaw.FB,-32.078175
0.8619,B,pid.yaw.U,120
0.8619,B,pid.z_pos.Des,0.60000002
0.8619,B,pid.z_pos.FB,0.68949145
0.8619,B,pid.z_pos.U,-0.21263699
0.8619,B,pid.z_rate.Des,-0.21263699
0.8619,B,pid.z_rate.FB,-0.069471136
0.8619,B,pid.z_rate.U,-66.840408
0.8619,B,status.vbat,0
1.0633,A,mrac.pitch.e,0.11231229
1.0633,A,mrac.pitch.u_ad,-0.051931813
1.0633,A,mrac.roll.e,-0.075815305
1.0633,A,mrac.roll.u_ad,0.15891944
1.0633,A,mrac.yaw.e,-0.066437066
1.0633,A,mrac.yaw.u_ad,0.14551255
1.0633,A,mrac.z.e,0.17922403
1.0633,A,mrac.z.u_ad,-0.11602093
1.0633,A,status.arm,1
1.0633,A,status.flymode,1
1.0633,A,status.rc_authority,1
1.0633,A,status.sbus_lost,0
1.0633,A,status.twc_arrived,0
1.0633,A,status.twc_execute,1
1.0634,B,mrac.pitch.theta_0,1.0084201e-38
1.0634,B,mrac.pitch.theta_1,0.0035179404
1.0634,B,mrac.pitch.theta_2,0.0025636342
1.0634,B,mrac.pitch.theta_3,0.0058695441
1.0634,B,mrac.pitch.theta_4,0.10894176
1.0634,B,mrac.pitch.theta_5,0.14479358
1.0634,B,mrac.pitch.u_nom,-0.13241087
1.0634,B,mrac.pitch.xm,-0.299119
1.0634,B,mrac.roll.theta_0,0.14736927
1.0634,B,mrac.roll.theta_1,0.0010766512
1.0634,B,mrac.roll.theta_2,0.0029752818
1.0634,B,mrac.roll.theta_3,0.0057852278
1.0634,B,mrac.roll.theta_4,0.12349448
1.0634,B,mrac.roll.theta_5,0.14162333
1.0634,B,mrac.roll.u_nom,-0.019487789
1.0634,B,mrac.roll.xm,0.05871436
1.0634,B,mrac.yaw.theta_0,0.048687026
1.0634,B,mrac.yaw.theta_1,0.0030564102
1.0634,B,mrac.yaw.theta_2,0.0043230453
1.0634,B,mrac.yaw.theta_3,0
1.0634,B,mrac.yaw.theta_4,0.033153426
1.0634,B,mrac.yaw.theta_5,0.086398087
1.0634,B,mrac.yaw.u_nom,0.012563322
1.0634,B,mrac.yaw.xm,1.0471979
1.0634,B,mrac.z.theta_0,0.0004557237
1.0634,B,mrac.z.theta_1,0.0044652591
1.0634,B,mrac.z.theta_2,0.006595124
1.0634,B,mrac.z.theta_3,0
1.0634,B,mrac.z.theta_4,0.19707473
1.0634,B,mrac.z.theta_5,0.19237518
1.0634,B,mrac.z.u_nom,-0.30108291
1.0634,B,mrac.z.xm,-0.21263699
1.0634,B,path.active_path_mode,1
1.0634,B,path.circle_theta,0
1.0634,B,path.sinusoid_t_elapsed,0
1.0634,B,path.twc_arrived,0
1.0634,B,path.twc_target_x,1.4901161e-06
1.0634,B,path.twc_target_y,0
1.0634,B,path.twc_target_z,0.60000002
1.0634,B,pid.gyrox.Des,3.3640835
1.0634,B,pid.gyrox.FB,2.1003959
1.0634,B,pid.gyrox.U,-22.800713
1.0634,B,pid.gyroy.Des,-17.138248
1.0634,B,pid.gyroy.FB,1.2820368
1.0634,B,pid.gyroy.U,-154.92072
1.0634,B,pid.gyroz.Des,60
1.0634,B,pid.gyroz.FB,56.96537
1.0634,B,pid.gyroz.U,23.518538
1.0634,B,pid.locx.Des,1.4901161e-06
1.0634,B,pid.locx.FB,-19.218866
1.0634,B,pid.locx.U,17.5882
1.0634,B,pid.locxs.Des,17.5882
1.0634,B,pid.locxs.FB,-5.8418303
1.0634,B,pid.locxs.U,70.138718
1.0634,B,pid.locy.Des,0
1.0634,B,pid.locy.FB,19.954954
1.0634,B,pid.locy.U,-18.297729
1.0634,B,pid.locys.Des,-18.297729
1.0634,B,pid.locys.FB,9.320569
1.0634,B,pid.locys.U,-83.58049
1.0634,B,pid.pitch.Des,-6.2842784
1.0634,B,pid.pitch.FB,-0.54324776
1.0634,B,pid.pitch.U,-17.138248
1.0634,B,pid.roll.Des,-0.8787685
1.0634,B,pid.roll.FB,-2.1317427
1.0634,B,pid.roll.U,3.3640835
1.0634,B,pid.yaw.Des,0
1.0634,B,pid.yaw.FB,-32.078175
1.0634,B,pid.yaw.U,120
1.0634,B,pid.z_pos.Des,0.60000002
1.0634,B,pid.z_pos.FB,0.68949145
1.0634,B,pid.z_pos.U,-0.21263699
1.0634,B,pid.z_rate.Des,-0.21263699
1.0634,B,pid.z_rate.FB,-0.069471136
1.0634,B,pid.z_rate.U,-66.840408
1.0634,B,status.vbat,0
1.2788,A,mrac.pitch.e,0.11231229
1.2788,A,mrac.pitch.u_ad,-0.051931813
1.2788,A,mrac.roll.e,-0.075815305
1.2788,A,mrac.roll.u_ad,0.15891944
1.2788,A,mrac.yaw.e,-0.066437066
1.2788,A,mrac.yaw.u_ad,0.14551255
1.2788,A,mrac.z.e,0.17922403
1.2788,A,mrac.z.u_ad,-0.11602093
1.2788,A,status.arm,1
1.2788,A,status.flymode,1
1.2788,A,status.rc_authority,1
1.2788,A,status.sbus_lost,0
1.2788,A,status.twc_arrived,0
1.2788,A,status.twc_execute,1
1.2788,B,mrac.pitch.theta_0,1.0084201e-38
1.2788,B,mrac.pitch.theta_1,0.0035179404
1.2788,B,mrac.pitch.theta_2,0.0025636342
1.2788,B,mrac.pitch.theta_3,0.0058695441
1.2788,B,mrac.pitch.theta_4,0.10894176
1.2788,B,mrac.pitch.theta_5,0.14479358
1.2788,B,mrac.pitch.u_nom,-0.13241087
1.2788,B,mrac.pitch.xm,-0.299119
1.2788,B,mrac.roll.theta_0,0.14736927
1.2788,B,mrac.roll.theta_1,0.0010766512
1.2788,B,mrac.roll.theta_2,0.0029752818
1.2788,B,mrac.roll.theta_3,0.0057852278
1.2788,B,mrac.roll.theta_4,0.12349448
1.2788,B,mrac.roll.theta_5,0.14162333
1.2788,B,mrac.roll.u_nom,-0.019487789
1.2788,B,mrac.roll.xm,0.05871436
1.2788,B,mrac.yaw.theta_0,0.048687026
1.2788,B,mrac.yaw.theta_1,0.0030564102
1.2788,B,mrac.yaw.theta_2,0.0043230453
1.2788,B,mrac.yaw.theta_3,0
1.2788,B,mrac.yaw.theta_4,0.033153426
1.2788,B,mrac.yaw.theta_5,0.086398087
1.2788,B,mrac.yaw.u_nom,0.012563322
1.2788,B,mrac.yaw.xm,1.0471979
1.2788,B,mrac.z.theta_0,0.0004557237
1.2788,B,mrac.z.theta_1,0.0044652591
1.2788,B,mrac.z.theta_2,0.006595124
1.2788,B,mrac.z.theta_3,0
1.2788,B,mrac.z.theta_4,0.19707473
1.2788,B,mrac.z.theta_5,0.19237518
1.2788,B,mrac.z.u_nom,-0.30108291
1.2788,B,mrac.z.xm,-0.21263699
1.2788,B,path.active_path_mode,1
1.2788,B,path.circle_theta,0
1.2788,B,path.sinusoid_t_elapsed,0
1.2788,B,path.twc_arrived,0
1.2788,B,path.twc_target_x,1.4901161e-06
1.2788,B,path.twc_target_y,0
1.2788,B,path.twc_target_z,0.60000002
1.2788,B,pid.gyrox.Des,3.3640835
1.2788,B,pid.gyrox.FB,2.1003959
1.2788,B,pid.gyrox.U,-22.800713
1.2788,B,pid.gyroy.Des,-17.138248
1.2788,B,pid.gyroy.FB,1.2820368
1.2788,B,pid.gyroy.U,-154.92072
1.2788,B,pid.gyroz.Des,60
1.2788,B,pid.gyroz.FB,56.96537
1.2788,B,pid.gyroz.U,23.518538
1.2788,B,pid.locx.Des,1.4901161e-06
1.2788,B,pid.locx.FB,-19.218866
1.2788,B,pid.locx.U,17.5882
1.2788,B,pid.locxs.Des,17.5882
1.2788,B,pid.locxs.FB,-5.8418303
1.2788,B,pid.locxs.U,70.138718
1.2788,B,pid.locy.Des,0
1.2788,B,pid.locy.FB,19.954954
1.2788,B,pid.locy.U,-18.297729
1.2788,B,pid.locys.Des,-18.297729
1.2788,B,pid.locys.FB,9.320569
1.2788,B,pid.locys.U,-83.58049
1.2788,B,pid.pitch.Des,-6.2842784
1.2788,B,pid.pitch.FB,-0.54324776
1.2788,B,pid.pitch.U,-17.138248
1.2788,B,pid.roll.Des,-0.8787685
1.2788,B,pid.roll.FB,-2.1317427
1.2788,B,pid.roll.U,3.3640835
1.2788,B,pid.yaw.Des,0
1.2788,B,pid.yaw.FB,-32.078175
1.2788,B,pid.yaw.U,120
1.2788,B,pid.z_pos.Des,0.60000002
1.2788,B,pid.z_pos.FB,0.68949145
1.2788,B,pid.z_pos.U,-0.21263699
1.2788,B,pid.z_rate.Des,-0.21263699
1.2788,B,pid.z_rate.FB,-0.069471136
1.2788,B,pid.z_rate.U,-66.840408
1.2788,B,status.vbat,0
1.4959,A,mrac.pitch.e,0.11231229
1.4959,A,mrac.pitch.u_ad,-0.051931813
1.4959,A,mrac.roll.e,-0.075815305
1.4959,A,mrac.roll.u_ad,0.15891944
1.4959,A,mrac.yaw.e,-0.066437066
1.4959,A,mrac.yaw.u_ad,0.14551255
1.4959,A,mrac.z.e,0.17922403
1.4959,A,mrac.z.u_ad,-0.11602093
1.4959,A,status.arm,1
1.4959,A,status.flymode,1
1.4959,A,status.rc_authority,1
1.4959,A,status.sbus_lost,0
1.4959,A,status.twc_arrived,0
1.4959,A,status.twc_execute,1
1.4960,B,mrac.pitch.theta_0,1.0084201e-38
1.4960,B,mrac.pitch.theta_1,0.0035179404
1.4960,B,mrac.pitch.theta_2,0.0025636342
1.4960,B,mrac.pitch.theta_3,0.0058695441
1.4960,B,mrac.pitch.theta_4,0.10894176
1.4960,B,mrac.pitch.theta_5,0.14479358
1.4960,B,mrac.pitch.u_nom,-0.13241087
1.4960,B,mrac.pitch.xm,-0.299119
1.4960,B,mrac.roll.theta_0,0.14736927
1.4960,B,mrac.roll.theta_1,0.0010766512
1.4960,B,mrac.roll.theta_2,0.0029752818
1.4960,B,mrac.roll.theta_3,0.0057852278
1.4960,B,mrac.roll.theta_4,0.12349448
1.4960,B,mrac.roll.theta_5,0.14162333
1.4960,B,mrac.roll.u_nom,-0.019487789
1.4960,B,mrac.roll.xm,0.05871436
1.4960,B,mrac.yaw.theta_0,0.048687026
1.4960,B,mrac.yaw.theta_1,0.0030564102
1.4960,B,mrac.yaw.theta_2,0.0043230453
1.4960,B,mrac.yaw.theta_3,0
1.4960,B,mrac.yaw.theta_4,0.033153426
1.4960,B,mrac.yaw.theta_5,0.086398087
1.4960,B,mrac.yaw.u_nom,0.012563322
1.4960,B,mrac.yaw.xm,1.0471979
1.4960,B,mrac.z.theta_0,0.0004557237
1.4960,B,mrac.z.theta_1,0.0044652591
1.4960,B,mrac.z.theta_2,0.006595124
1.4960,B,mrac.z.theta_3,0
1.4960,B,mrac.z.theta_4,0.19707473
1.4960,B,mrac.z.theta_5,0.19237518
1.4960,B,mrac.z.u_nom,-0.30108291
1.4960,B,mrac.z.xm,-0.21263699
1.4960,B,path.active_path_mode,1
1.4960,B,path.circle_theta,0
1.4960,B,path.sinusoid_t_elapsed,0
1.4960,B,path.twc_arrived,0
1.4960,B,path.twc_target_x,1.4901161e-06
1.4960,B,path.twc_target_y,0
1.4960,B,path.twc_target_z,0.60000002
1.4960,B,pid.gyrox.Des,3.3640835
1.4960,B,pid.gyrox.FB,2.1003959
1.4960,B,pid.gyrox.U,-22.800713
1.4960,B,pid.gyroy.Des,-17.138248
1.4960,B,pid.gyroy.FB,1.2820368
1.4960,B,pid.gyroy.U,-154.92072
1.4960,B,pid.gyroz.Des,60
1.4960,B,pid.gyroz.FB,56.96537
1.4960,B,pid.gyroz.U,23.518538
1.4960,B,pid.locx.Des,1.4901161e-06
1.4960,B,pid.locx.FB,-19.218866
1.4960,B,pid.locx.U,17.5882
1.4960,B,pid.locxs.Des,17.5882
1.4960,B,pid.locxs.FB,-5.8418303
1.4960,B,pid.locxs.U,70.138718
1.4960,B,pid.locy.Des,0
1.4960,B,pid.locy.FB,19.954954
1.4960,B,pid.locy.U,-18.297729
1.4960,B,pid.locys.Des,-18.297729
1.4960,B,pid.locys.FB,9.320569
1.4960,B,pid.locys.U,-83.58049
1.4960,B,pid.pitch.Des,-6.2842784
1.4960,B,pid.pitch.FB,-0.54324776
1.4960,B,pid.pitch.U,-17.138248
1.4960,B,pid.roll.Des,-0.8787685
1.4960,B,pid.roll.FB,-2.1317427
1.4960,B,pid.roll.U,3.3640835
1.4960,B,pid.yaw.Des,0
1.4960,B,pid.yaw.FB,-32.078175
1.4960,B,pid.yaw.U,120
1.4960,B,pid.z_pos.Des,0.60000002
1.4960,B,pid.z_pos.FB,0.68949145
1.4960,B,pid.z_pos.U,-0.21263699
1.4960,B,pid.z_rate.Des,-0.21263699
1.4960,B,pid.z_rate.FB,-0.069471136
1.4960,B,pid.z_rate.U,-66.840408
1.4960,B,status.vbat,0
1.6957,A,mrac.pitch.e,0.30151492
1.6957,A,mrac.pitch.u_ad,-0.033947945
1.6957,A,mrac.roll.e,0.035467625
1.6957,A,mrac.roll.u_ad,0.18725242
1.6957,A,mrac.yaw.e,0.10700221
1.6957,A,mrac.yaw.u_ad,-0.0169937
1.6957,A,mrac.z.e,0.14175257
1.6957,A,mrac.z.u_ad,-0.077925049
1.6957,A,status.arm,1
1.6957,A,status.flymode,1
1.6957,A,status.rc_authority,0
1.6957,A,status.sbus_lost,0
1.6957,A,status.twc_arrived,0
1.6957,A,status.twc_execute,0
1.6957,B,mrac.pitch.theta_0,2.8638337e-41
1.6957,B,mrac.pitch.theta_1,0.0045485799
1.6957,B,mrac.pitch.theta_2,0.0025434638
1.6957,B,mrac.pitch.theta_3,0.0061089541
1.6957,B,mrac.pitch.theta_4,0.10945912
1.6957,B,mrac.pitch.theta_5,0.14498869
1.6957,B,mrac.pitch.u_nom,-0.097574949
1.6957,B,mrac.pitch.xm,-0.24867563
1.6957,B,mrac.roll.theta_0,0.14833736
1.6957,B,mrac.roll.theta_1,0.0013428325
1.6957,B,mrac.roll.theta_2,0.0030361516
1.6957,B,mrac.roll.theta_3,0.00570352
1.6957,B,mrac.roll.theta_4,0.12388857
1.6957,B,mrac.roll.theta_5,0.14165924
1.6957,B,mrac.roll.u_nom,0.10105865
1.6957,B,mrac.roll.xm,0.20415653
1.6957,B,mrac.yaw.theta_0,0.00077020348
1.6957,B,mrac.yaw.theta_1,0.0023055004
1.6957,B,mrac.yaw.theta_2,0.0037605478
1.6957,B,mrac.yaw.theta_3,0
1.6957,B,mrac.yaw.theta_4,0.033773225
1.6957,B,mrac.yaw.theta_5,0.085756548
1.6957,B,mrac.yaw.u_nom,-0.023723248
1.6957,B,mrac.yaw.xm,-0.18716811
1.6957,B,mrac.z.theta_0,0.001663374
1.6957,B,mrac.z.theta_1,0.005130311
1.6957,B,mrac.z.theta_2,0.006582228
1.6957,B,mrac.z.theta_3,0
1.6957,B,mrac.z.theta_4,0.19702052
1.6957,B,mrac.z.theta_5,0.1923898
1.6957,B,mrac.z.u_nom,-0.28111917
1.6957,B,mrac.z.xm,-0.16370143
1.6957,B,path.active_path_mode,0
1.6957,B,path.circle_theta,0
1.6957,B,path.sinusoid_t_elapsed,0
1.6957,B,path.twc_arrived,0
1.6957,B,path.twc_target_x,1.4901161e-06
1.6957,B,path.twc_target_y,0
1.6957,B,path.twc_target_z,0.60000002
1.6957,B,pid.gyrox.Des,11.697303
1.6957,B,pid.gyrox.FB,2.4268179
1.6957,B,pid.gyrox.U,118.23862
1.6957,B,pid.gyroy.Des,-14.248058
1.6957,B,pid.gyroy.FB,0.23812537
1.6957,B,pid.gyroy.U,-114.16269
1.6957,B,pid.gyroz.Des,-10.723938
1.6957,B,pid.gyroz.FB,-5.4127674
1.6957,B,pid.gyroz.U,-44.40992
1.6957,B,pid.locx.Des,1.4901161e-06
1.6957,B,pid.locx.FB,-8.1109858
1.6957,B,pid.locx.U,7.1304531
1.6957,B,pid.locxs.Des,7.1304531
1.6957,B,pid.locxs.FB,27.100935
1.6957,B,pid.locxs.U,-61.517269
1.6957,B,pid.locy.Des,0
1.6957,B,pid.locy.FB,30.80246
1.6957,B,pid.locy.U,-26.563698
1.6957,B,pid.locys.Des,-26.563698
1.6957,B,pid.locys.FB,3.2464314
1.6957,B,pid.locys.U,-89.403397
1.6957,B,pid.pitch.Des,-5.304513
1.6957,B,pid.pitch.FB,-1.5314721
1.6957,B,pid.pitch.U,-14.248058
1.6957,B,pid.roll.Des,3.4419186
1.6957,B,pid.roll.FB,-1.48896
1.6957,B,pid.roll.U,11.697303
1.6957,B,pid.yaw.Des,0
1.6957,B,pid.yaw.FB,1.5960369
1.6957,B,pid.yaw.U,-10.723938
1.6957,B,pid.z_pos.Des,0.60000002
1.6957,B,pid.z_pos.FB,0.6195693
1.6957,B,pid.z_pos.U,-0.16370143
1.6957,B,pid.z_rate.Des,-0.16370143
1.6957,B,pid.z_rate.FB,-0.034374095
1.6957,B,pid.z_rate.U,-62.408455
1.6957,B,status.vbat,0
1.9120,A,mrac.pitch.e,0.30151492
1.9120,A,mrac.pitch.u_ad,-0.033947945
1.9120,A,mrac.roll.e,0.035467625
1.9120,A,mrac.roll.u_ad,0.18725242
1.9120,A,mrac.yaw.e,0.10700221
1.9120,A,mrac.yaw.u_ad,-0.0169937
1.9120,A,mrac.z.e,0.14175257
1.9120,A,mrac.z.u_ad,-0.077925049
1.9120,A,status.arm,1
1.9120,A,status.flymode,1
1.9120,A,status.rc_authority,0
1.9120,A,status.sbus_lost,0
1.9120,A,status.twc_arrived,0
1.9120,A,status.twc_execute,0
1.9120,B,mrac.pitch.theta_0,2.8638337e-41
1.9120,B,mrac.pitch.theta_1,0.0045485799
1.9120,B,mrac.pitch.theta_2,0.0025434638
1.9120,B,mrac.pitch.theta_3,0.0061089541
1.9120,B,mrac.pitch.theta_4,0.10945912
1.9120,B,mrac.pitch.theta_5,0.14498869
1.9120,B,mrac.pitch.u_nom,-0.097574949
1.9120,B,mrac.pitch.xm,-0.24867563
1.9120,B,mrac.roll.theta_0,0.14833736
1.9120,B,mrac.roll.theta_1,0.0013428325
1.9120,B,mrac.roll.theta_2,0.0030361516
1.9120,B,mrac.roll.theta_3,0.00570352
1.9120,B,mrac.roll.theta_4,0.12388857
1.9120,B,mrac.roll.theta_5,0.14165924
1.9120,B,mrac.roll.u_nom,0.10105865
1.9120,B,mrac.roll.xm,0.20415653
1.9120,B,mrac.yaw.theta_0,0.00077020348
1.9120,B,mrac.yaw.theta_1,0.0023055004
1.9120,B,mrac.yaw.theta_2,0.0037605478
1.9120,B,mrac.yaw.theta_3,0
1.9120,B,mrac.yaw.theta_4,0.033773225
1.9120,B,mrac.yaw.theta_5,0.085756548
1.9120,B,mrac.yaw.u_nom,-0.023723248
1.9120,B,mrac.yaw.xm,-0.18716811
1.9120,B,mrac.z.theta_0,0.001663374
1.9120,B,mrac.z.theta_1,0.005130311
1.9120,B,mrac.z.theta_2,0.006582228
1.9120,B,mrac.z.theta_3,0
1.9120,B,mrac.z.theta_4,0.19702052
1.9120,B,mrac.z.theta_5,0.1923898
1.9120,B,mrac.z.u_nom,-0.28111917
1.9120,B,mrac.z.xm,-0.16370143
1.9120,B,path.active_path_mode,0
1.9120,B,path.circle_theta,0
1.9120,B,path.sinusoid_t_elapsed,0
1.9120,B,path.twc_arrived,0
1.9120,B,path.twc_target_x,1.4901161e-06
1.9120,B,path.twc_target_y,0
1.9120,B,path.twc_target_z,0.60000002
1.9120,B,pid.gyrox.Des,11.697303
1.9120,B,pid.gyrox.FB,2.4268179
1.9120,B,pid.gyrox.U,118.23862
1.9120,B,pid.gyroy.Des,-14.248058
1.9120,B,pid.gyroy.FB,0.23812537
1.9120,B,pid.gyroy.U,-114.16269
1.9120,B,pid.gyroz.Des,-10.723938
1.9120,B,pid.gyroz.FB,-5.4127674
1.9120,B,pid.gyroz.U,-44.40992
1.9120,B,pid.locx.Des,1.4901161e-06
1.9120,B,pid.locx.FB,-8.1109858
1.9120,B,pid.locx.U,7.1304531
1.9120,B,pid.locxs.Des,7.1304531
1.9120,B,pid.locxs.FB,27.100935
1.9120,B,pid.locxs.U,-61.517269
1.9120,B,pid.locy.Des,0
1.9120,B,pid.locy.FB,30.80246
1.9120,B,pid.locy.U,-26.563698
1.9120,B,pid.locys.Des,-26.563698
1.9120,B,pid.locys.FB,3.2464314
1.9120,B,pid.locys.U,-89.403397
1.9120,B,pid.pitch.Des,-5.304513
1.9120,B,pid.pitch.FB,-1.5314721
1.9120,B,pid.pitch.U,-14.248058
1.9120,B,pid.roll.Des,3.4419186
1.9120,B,pid.roll.FB,-1.48896
1.9120,B,pid.roll.U,11.697303
1.9120,B,pid.yaw.Des,0
1.9120,B,pid.yaw.FB,1.5960369
1.9120,B,pid.yaw.U,-10.723938
1.9120,B,pid.z_pos.Des,0.60000002
1.9120,B,pid.z_pos.FB,0.6195693
1.9120,B,pid.z_pos.U,-0.16370143
1.9120,B,pid.z_rate.Des,-0.16370143
1.9120,B,pid.z_rate.FB,-0.034374095
1.9120,B,pid.z_rate.U,-62.408455
1.9120,B,status.vbat,0
2.1124,A,mrac.pitch.e,0.30151492
2.1124,A,mrac.pitch.u_ad,-0.033947945
2.1124,A,mrac.roll.e,0.035467625
2.1124,A,mrac.roll.u_ad,0.18725242
2.1124,A,mrac.yaw.e,0.10700221
2.1124,A,mrac.yaw.u_ad,-0.0169937
2.1124,A,mrac.z.e,0.14175257
2.1124,A,mrac.z.u_ad,-0.077925049
2.1124,A,status.arm,1
2.1124,A,status.flymode,1
2.1124,A,status.rc_authority,0
2.1124,A,status.sbus_lost,0
2.1124,A,status.twc_arrived,0
2.1124,A,status.twc_execute,0
2.1125,B,mrac.pitch.theta_0,2.8638337e-41
2.1125,B,mrac.pitch.theta_1,0.0045485799
2.1125,B,mrac.pitch.theta_2,0.0025434638
2.1125,B,mrac.pitch.theta_3,0.0061089541
2.1125,B,mrac.pitch.theta_4,0.10945912
2.1125,B,mrac.pitch.theta_5,0.14498869
2.1125,B,mrac.pitch.u_nom,-0.097574949
2.1125,B,mrac.pitch.xm,-0.24867563
2.1125,B,mrac.roll.theta_0,0.14833736
2.1125,B,mrac.roll.theta_1,0.0013428325
2.1125,B,mrac.roll.theta_2,0.0030361516
2.1125,B,mrac.roll.theta_3,0.00570352
2.1125,B,mrac.roll.theta_4,0.12388857
2.1125,B,mrac.roll.theta_5,0.14165924
2.1125,B,mrac.roll.u_nom,0.10105865
2.1125,B,mrac.roll.xm,0.20415653
2.1125,B,mrac.yaw.theta_0,0.00077020348
2.1125,B,mrac.yaw.theta_1,0.0023055004
2.1125,B,mrac.yaw.theta_2,0.0037605478
2.1125,B,mrac.yaw.theta_3,0
2.1125,B,mrac.yaw.theta_4,0.033773225
2.1125,B,mrac.yaw.theta_5,0.085756548
2.1125,B,mrac.yaw.u_nom,-0.023723248
2.1125,B,mrac.yaw.xm,-0.18716811
2.1125,B,mrac.z.theta_0,0.001663374
2.1125,B,mrac.z.theta_1,0.005130311
2.1125,B,mrac.z.theta_2,0.006582228
2.1125,B,mrac.z.theta_3,0
2.1125,B,mrac.z.theta_4,0.19702052
2.1125,B,mrac.z.theta_5,0.1923898
2.1125,B,mrac.z.u_nom,-0.28111917
2.1125,B,mrac.z.xm,-0.16370143
2.1125,B,path.active_path_mode,0
2.1125,B,path.circle_theta,0
2.1125,B,path.sinusoid_t_elapsed,0
2.1125,B,path.twc_arrived,0
2.1125,B,path.twc_target_x,1.4901161e-06
2.1125,B,path.twc_target_y,0
2.1125,B,path.twc_target_z,0.60000002
2.1125,B,pid.gyrox.Des,11.697303
2.1125,B,pid.gyrox.FB,2.4268179
2.1125,B,pid.gyrox.U,118.23862
2.1125,B,pid.gyroy.Des,-14.248058
2.1125,B,pid.gyroy.FB,0.23812537
2.1125,B,pid.gyroy.U,-114.16269
2.1125,B,pid.gyroz.Des,-10.723938
2.1125,B,pid.gyroz.FB,-5.4127674
2.1125,B,pid.gyroz.U,-44.40992
2.1125,B,pid.locx.Des,1.4901161e-06
2.1125,B,pid.locx.FB,-8.1109858
2.1125,B,pid.locx.U,7.1304531
2.1125,B,pid.locxs.Des,7.1304531
2.1125,B,pid.locxs.FB,27.100935
2.1125,B,pid.locxs.U,-61.517269
2.1125,B,pid.locy.Des,0
2.1125,B,pid.locy.FB,30.80246
2.1125,B,pid.locy.U,-26.563698
2.1125,B,pid.locys.Des,-26.563698
2.1125,B,pid.locys.FB,3.2464314
2.1125,B,pid.locys.U,-89.403397
2.1125,B,pid.pitch.Des,-5.304513
2.1125,B,pid.pitch.FB,-1.5314721
2.1125,B,pid.pitch.U,-14.248058
2.1125,B,pid.roll.Des,3.4419186
2.1125,B,pid.roll.FB,-1.48896
2.1125,B,pid.roll.U,11.697303
2.1125,B,pid.yaw.Des,0
2.1125,B,pid.yaw.FB,1.5960369
2.1125,B,pid.yaw.U,-10.723938
2.1125,B,pid.z_pos.Des,0.60000002
2.1125,B,pid.z_pos.FB,0.6195693
2.1125,B,pid.z_pos.U,-0.16370143
2.1125,B,pid.z_rate.Des,-0.16370143
2.1125,B,pid.z_rate.FB,-0.034374095
2.1125,B,pid.z_rate.U,-62.408455
2.1125,B,status.vbat,0
2.3291,A,mrac.pitch.e,0.30151492
2.3291,A,mrac.pitch.u_ad,-0.033947945
2.3291,A,mrac.roll.e,0.035467625
2.3291,A,mrac.roll.u_ad,0.18725242
2.3291,A,mrac.yaw.e,0.10700221
2.3291,A,mrac.yaw.u_ad,-0.0169937
2.3291,A,mrac.z.e,0.14175257
2.3291,A,mrac.z.u_ad,-0.077925049
2.3291,A,status.arm,1
2.3291,A,status.flymode,1
2.3291,A,status.rc_authority,0
2.3291,A,status.sbus_lost,0
2.3291,A,status.twc_arrived,0
2.3291,A,status.twc_execute,0
2.3291,B,mrac.pitch.theta_0,2.8638337e-41
2.3291,B,mrac.pitch.theta_1,0.0045485799
2.3291,B,mrac.pitch.theta_2,0.0025434638
2.3291,B,mrac.pitch.theta_3,0.0061089541
2.3291,B,mrac.pitch.theta_4,0.10945912
2.3291,B,mrac.pitch.theta_5,0.14498869
2.3291,B,mrac.pitch.u_nom,-0.097574949
2.3291,B,mrac.pitch.xm,-0.24867563
2.3291,B,mrac.roll.theta_0,0.14833736
2.3291,B,mrac.roll.theta_1,0.0013428325
2.3291,B,mrac.roll.theta_2,0.0030361516
2.3291,B,mrac.roll.theta_3,0.00570352
2.3291,B,mrac.roll.theta_4,0.12388857
2.3291,B,mrac.roll.theta_5,0.14165924
2.3291,B,mrac.roll.u_nom,0.10105865
2.3291,B,mrac.roll.xm,0.20415653
2.3291,B,mrac.yaw.theta_0,0.00077020348
2.3291,B,mrac.yaw.theta_1,0.0023055004
2.3291,B,mrac.yaw.theta_2,0.0037605478
2.3291,B,mrac.yaw.theta_3,0
2.3291,B,mrac.yaw.theta_4,0.033773225
2.3291,B,mrac.yaw.theta_5,0.085756548
2.3291,B,mrac.yaw.u_nom,-0.023723248
2.3291,B,mrac.yaw.xm,-0.18716811
2.3291,B,mrac.z.theta_0,0.001663374
2.3291,B,mrac.z.theta_1,0.005130311
2.3291,B,mrac.z.theta_2,0.006582228
2.3291,B,mrac.z.theta_3,0
2.3291,B,mrac.z.theta_4,0.19702052
2.3291,B,mrac.z.theta_5,0.1923898
2.3291,B,mrac.z.u_nom,-0.28111917
2.3291,B,mrac.z.xm,-0.16370143
2.3291,B,path.active_path_mode,0
2.3291,B,path.circle_theta,0
2.3291,B,path.sinusoid_t_elapsed,0
2.3291,B,path.twc_arrived,0
2.3291,B,path.twc_target_x,1.4901161e-06
2.3291,B,path.twc_target_y,0
2.3291,B,path.twc_target_z,0.60000002
2.3291,B,pid.gyrox.Des,11.697303
2.3291,B,pid.gyrox.FB,2.4268179
2.3291,B,pid.gyrox.U,118.23862
2.3291,B,pid.gyroy.Des,-14.248058
2.3291,B,pid.gyroy.FB,0.23812537
2.3291,B,pid.gyroy.U,-114.16269
2.3291,B,pid.gyroz.Des,-10.723938
2.3291,B,pid.gyroz.FB,-5.4127674
2.3291,B,pid.gyroz.U,-44.40992
2.3291,B,pid.locx.Des,1.4901161e-06
2.3291,B,pid.locx.FB,-8.1109858
2.3291,B,pid.locx.U,7.1304531
2.3291,B,pid.locxs.Des,7.1304531
2.3291,B,pid.locxs.FB,27.100935
2.3291,B,pid.locxs.U,-61.517269
2.3291,B,pid.locy.Des,0
2.3291,B,pid.locy.FB,30.80246
2.3291,B,pid.locy.U,-26.563698
2.3291,B,pid.locys.Des,-26.563698
2.3291,B,pid.locys.FB,3.2464314
2.3291,B,pid.locys.U,-89.403397
2.3291,B,pid.pitch.Des,-5.304513
2.3291,B,pid.pitch.FB,-1.5314721
2.3291,B,pid.pitch.U,-14.248058
2.3291,B,pid.roll.Des,3.4419186
2.3291,B,pid.roll.FB,-1.48896
2.3291,B,pid.roll.U,11.697303
2.3291,B,pid.yaw.Des,0
2.3291,B,pid.yaw.FB,1.5960369
2.3291,B,pid.yaw.U,-10.723938
2.3291,B,pid.z_pos.Des,0.60000002
2.3291,B,pid.z_pos.FB,0.6195693
2.3291,B,pid.z_pos.U,-0.16370143
2.3291,B,pid.z_rate.Des,-0.16370143
2.3291,B,pid.z_rate.FB,-0.034374095
2.3291,B,pid.z_rate.U,-62.408455
2.3291,B,status.vbat,0
2.5294,A,mrac.pitch.e,0.30151492
2.5294,A,mrac.pitch.u_ad,-0.033947945
2.5294,A,mrac.roll.e,0.035467625
2.5294,A,mrac.roll.u_ad,0.18725242
2.5294,A,mrac.yaw.e,0.10700221
2.5294,A,mrac.yaw.u_ad,-0.0169937
2.5294,A,mrac.z.e,0.14175257
2.5294,A,mrac.z.u_ad,-0.077925049
2.5294,A,status.arm,1
2.5294,A,status.flymode,1
2.5294,A,status.rc_authority,0
2.5294,A,status.sbus_lost,0
2.5294,A,status.twc_arrived,0
2.5294,A,status.twc_execute,0
2.5294,B,mrac.pitch.theta_0,2.8638337e-41
2.5294,B,mrac.pitch.theta_1,0.0045485799
2.5294,B,mrac.pitch.theta_2,0.0025434638
2.5294,B,mrac.pitch.theta_3,0.0061089541
2.5294,B,mrac.pitch.theta_4,0.10945912
2.5294,B,mrac.pitch.theta_5,0.14498869
2.5294,B,mrac.pitch.u_nom,-0.097574949
2.5294,B,mrac.pitch.xm,-0.24867563
2.5294,B,mrac.roll.theta_0,0.14833736
2.5294,B,mrac.roll.theta_1,0.0013428325
2.5294,B,mrac.roll.theta_2,0.0030361516
2.5294,B,mrac.roll.theta_3,0.00570352
2.5294,B,mrac.roll.theta_4,0.12388857
2.5294,B,mrac.roll.theta_5,0.14165924
2.5294,B,mrac.roll.u_nom,0.10105865
2.5294,B,mrac.roll.xm,0.20415653
2.5294,B,mrac.yaw.theta_0,0.00077020348
2.5294,B,mrac.yaw.theta_1,0.0023055004
2.5294,B,mrac.yaw.theta_2,0.0037605478
2.5294,B,mrac.yaw.theta_3,0
2.5294,B,mrac.yaw.theta_4,0.033773225
2.5294,B,mrac.yaw.theta_5,0.085756548
2.5294,B,mrac.yaw.u_nom,-0.023723248
2.5294,B,mrac.yaw.xm,-0.18716811
2.5294,B,mrac.z.theta_0,0.001663374
2.5294,B,mrac.z.theta_1,0.005130311
2.5294,B,mrac.z.theta_2,0.006582228
2.5294,B,mrac.z.theta_3,0
2.5294,B,mrac.z.theta_4,0.19702052
2.5294,B,mrac.z.theta_5,0.1923898
2.5294,B,mrac.z.u_nom,-0.28111917
2.5294,B,mrac.z.xm,-0.16370143
2.5294,B,path.active_path_mode,0
2.5294,B,path.circle_theta,0
2.5294,B,path.sinusoid_t_elapsed,0
2.5294,B,path.twc_arrived,0
2.5294,B,path.twc_target_x,1.4901161e-06
2.5294,B,path.twc_target_y,0
2.5294,B,path.twc_target_z,0.60000002
2.5294,B,pid.gyrox.Des,11.697303
2.5294,B,pid.gyrox.FB,2.4268179
2.5294,B,pid.gyrox.U,118.23862
2.5294,B,pid.gyroy.Des,-14.248058
2.5294,B,pid.gyroy.FB,0.23812537
2.5294,B,pid.gyroy.U,-114.16269
2.5294,B,pid.gyroz.Des,-10.723938
2.5294,B,pid.gyroz.FB,-5.4127674
2.5294,B,pid.gyroz.U,-44.40992
2.5294,B,pid.locx.Des,1.4901161e-06
2.5294,B,pid.locx.FB,-8.1109858
2.5294,B,pid.locx.U,7.1304531
2.5294,B,pid.locxs.Des,7.1304531
2.5294,B,pid.locxs.FB,27.100935
2.5294,B,pid.locxs.U,-61.517269
2.5294,B,pid.locy.Des,0
2.5294,B,pid.locy.FB,30.80246
2.5294,B,pid.locy.U,-26.563698
2.5294,B,pid.locys.Des,-26.563698
2.5294,B,pid.locys.FB,3.2464314
2.5294,B,pid.locys.U,-89.403397
2.5294,B,pid.pitch.Des,-5.304513
2.5294,B,pid.pitch.FB,-1.5314721
2.5294,B,pid.pitch.U,-14.248058
2.5294,B,pid.roll.Des,3.4419186
2.5294,B,pid.roll.FB,-1.48896
2.5294,B,pid.roll.U,11.697303
2.5294,B,pid.yaw.Des,0
2.5294,B,pid.yaw.FB,1.5960369
2.5294,B,pid.yaw.U,-10.723938
2.5294,B,pid.z_pos.Des,0.60000002
2.5294,B,pid.z_pos.FB,0.6195693
2.5294,B,pid.z_pos.U,-0.16370143
2.5294,B,pid.z_rate.Des,-0.16370143
2.5294,B,pid.z_rate.FB,-0.034374095
2.5294,B,pid.z_rate.U,-62.408455
2.5294,B,status.vbat,0
2.7462,A,mrac.pitch.e,0.30151492
2.7462,A,mrac.pitch.u_ad,-0.033947945
2.7462,A,mrac.roll.e,0.035467625
2.7462,A,mrac.roll.u_ad,0.18725242
2.7462,A,mrac.yaw.e,0.10700221
2.7462,A,mrac.yaw.u_ad,-0.0169937
2.7462,A,mrac.z.e,0.14175257
2.7462,A,mrac.z.u_ad,-0.077925049
2.7462,A,status.arm,1
2.7462,A,status.flymode,1
2.7462,A,status.rc_authority,0
2.7462,A,status.sbus_lost,0
2.7462,A,status.twc_arrived,0
2.7462,A,status.twc_execute,0
2.7463,B,mrac.pitch.theta_0,2.8638337e-41
2.7463,B,mrac.pitch.theta_1,0.0045485799
2.7463,B,mrac.pitch.theta_2,0.0025434638
2.7463,B,mrac.pitch.theta_3,0.0061089541
2.7463,B,mrac.pitch.theta_4,0.10945912
2.7463,B,mrac.pitch.theta_5,0.14498869
2.7463,B,mrac.pitch.u_nom,-0.097574949
2.7463,B,mrac.pitch.xm,-0.24867563
2.7463,B,mrac.roll.theta_0,0.14833736
2.7463,B,mrac.roll.theta_1,0.0013428325
2.7463,B,mrac.roll.theta_2,0.0030361516
2.7463,B,mrac.roll.theta_3,0.00570352
2.7463,B,mrac.roll.theta_4,0.12388857
2.7463,B,mrac.roll.theta_5,0.14165924
2.7463,B,mrac.roll.u_nom,0.10105865
2.7463,B,mrac.roll.xm,0.20415653
2.7463,B,mrac.yaw.theta_0,0.00077020348
2.7463,B,mrac.yaw.theta_1,0.0023055004
2.7463,B,mrac.yaw.theta_2,0.0037605478
2.7463,B,mrac.yaw.theta_3,0
2.7463,B,mrac.yaw.theta_4,0.033773225
2.7463,B,mrac.yaw.theta_5,0.085756548
2.7463,B,mrac.yaw.u_nom,-0.023723248
2.7463,B,mrac.yaw.xm,-0.18716811
2.7463,B,mrac.z.theta_0,0.001663374
2.7463,B,mrac.z.theta_1,0.005130311
2.7463,B,mrac.z.theta_2,0.006582228
2.7463,B,mrac.z.theta_3,0
2.7463,B,mrac.z.theta_4,0.19702052
2.7463,B,mrac.z.theta_5,0.1923898
2.7463,B,mrac.z.u_nom,-0.28111917
2.7463,B,mrac.z.xm,-0.16370143
2.7463,B,path.active_path_mode,0
2.7463,B,path.circle_theta,0
2.7463,B,path.sinusoid_t_elapsed,0
2.7463,B,path.twc_arrived,0
2.7463,B,path.twc_target_x,1.4901161e-06
2.7463,B,path.twc_target_y,0
2.7463,B,path.twc_target_z,0.60000002
2.7463,B,pid.gyrox.Des,11.697303
2.7463,B,pid.gyrox.FB,2.4268179
2.7463,B,pid.gyrox.U,118.23862
2.7463,B,pid.gyroy.Des,-14.248058
2.7463,B,pid.gyroy.FB,0.23812537
2.7463,B,pid.gyroy.U,-114.16269
2.7463,B,pid.gyroz.Des,-10.723938
2.7463,B,pid.gyroz.FB,-5.4127674
2.7463,B,pid.gyroz.U,-44.40992
2.7463,B,pid.locx.Des,1.4901161e-06
2.7463,B,pid.locx.FB,-8.1109858
2.7463,B,pid.locx.U,7.1304531
2.7463,B,pid.locxs.Des,7.1304531
2.7463,B,pid.locxs.FB,27.100935
2.7463,B,pid.locxs.U,-61.517269
2.7463,B,pid.locy.Des,0
2.7463,B,pid.locy.FB,30.80246
2.7463,B,pid.locy.U,-26.563698
2.7463,B,pid.locys.Des,-26.563698
2.7463,B,pid.locys.FB,3.2464314
2.7463,B,pid.locys.U,-89.403397
2.7463,B,pid.pitch.Des,-5.304513
2.7463,B,pid.pitch.FB,-1.5314721
2.7463,B,pid.pitch.U,-14.248058
2.7463,B,pid.roll.Des,3.4419186
2.7463,B,pid.roll.FB,-1.48896
2.7463,B,pid.roll.U,11.697303
2.7463,B,pid.yaw.Des,0
2.7463,B,pid.yaw.FB,1.5960369
2.7463,B,pid.yaw.U,-10.723938
2.7463,B,pid.z_pos.Des,0.60000002
2.7463,B,pid.z_pos.FB,0.6195693
2.7463,B,pid.z_pos.U,-0.16370143
2.7463,B,pid.z_rate.Des,-0.16370143
2.7463,B,pid.z_rate.FB,-0.034374095
2.7463,B,pid.z_rate.U,-62.408455
2.7463,B,status.vbat,0
2.9626,A,mrac.pitch.e,0.22442043
2.9626,A,mrac.pitch.u_ad,-0.030596619
2.9626,A,mrac.roll.e,-0.007254377
2.9626,A,mrac.roll.u_ad,0.17606512
2.9626,A,mrac.yaw.e,0.18031918
2.9626,A,mrac.yaw.u_ad,-0.020757874
2.9626,A,mrac.z.e,0.12925838
2.9626,A,mrac.z.u_ad,-0.07596229
2.9626,A,status.arm,1
2.9626,A,status.flymode,1
2.9626,A,status.rc_authority,0
2.9626,A,status.sbus_lost,0
2.9626,A,status.twc_arrived,0
2.9626,A,status.twc_execute,0
2.9626,B,mrac.pitch.theta_0,9.5288296e-44
2.9626,B,mrac.pitch.theta_1,0.0041293851
2.9626,B,mrac.pitch.theta_2,0.0025233186
2.9626,B,mrac.pitch.theta_3,0.0061143711
2.9626,B,mrac.pitch.theta_4,0.10993898
2.9626,B,mrac.pitch.theta_5,0.1449735
2.9626,B,mrac.pitch.u_nom,-0.16872838
2.9626,B,mrac.pitch.xm,-0.26790503
2.9626,B,mrac.roll.theta_0,0.14892741
2.9626,B,mrac.roll.theta_1,0.0016239372
2.9626,B,mrac.roll.theta_2,0.003064815
2.9626,B,mrac.roll.theta_3,0.0056999163
2.9626,B,mrac.roll.theta_4,0.12435551
2.9626,B,mrac.roll.theta_5,0.14179377
2.9626,B,mrac.roll.u_nom,0.15306687
2.9626,B,mrac.roll.xm,0.15653791
2.9626,B,mrac.yaw.theta_0,4.0886271e-06
2.9626,B,mrac.yaw.theta_1,0.0023029523
2.9626,B,mrac.yaw.theta_2,0.0037489412
2.9626,B,mrac.yaw.theta_3,0
2.9626,B,mrac.yaw.theta_4,0.034126684
2.9626,B,mrac.yaw.theta_5,0.085936211
2.9626,B,mrac.yaw.u_nom,-0.05648027
2.9626,B,mrac.yaw.xm,-0.21875313
2.9626,B,mrac.z.theta_0,0.0022193135
2.9626,B,mrac.z.theta_1,0.0054377611
2.9626,B,mrac.z.theta_2,0.0065707695
2.9626,B,mrac.z.theta_3,0
2.9626,B,mrac.z.theta_4,0.1969184
2.9626,B,mrac.z.theta_5,0.19233108
2.9626,B,mrac.z.u_nom,-0.26799652
2.9626,B,mrac.z.xm,-0.13351128
2.9626,B,path.active_path_mode,0
2.9626,B,path.circle_theta,0
2.9626,B,path.sinusoid_t_elapsed,0
2.9626,B,path.twc_arrived,0
2.9626,B,path.twc_target_x,1.4901161e-06
2.9626,B,path.twc_target_y,0
2.9626,B,path.twc_target_z,0.60000002
2.9626,B,pid.gyrox.Des,8.9689579
2.9626,B,pid.gyrox.FB,-6.3592443
2.9626,B,pid.gyrox.U,179.08824
2.9626,B,pid.gyroy.Des,-15.349821
2.9626,B,pid.gyroy.FB,4.107451
2.9626,B,pid.gyroy.U,-197.4122
2.9626,B,pid.gyroz.Des,-12.533626
2.9626,B,pid.gyroz.FB,0.43526056
2.9626,B,pid.gyroz.U,-105.73106
2.9626,B,pid.locx.Des,1.4901161e-06
2.9626,B,pid.locx.FB,19.586617
2.9626,B,pid.locx.U,-17.939365
2.9626,B,pid.locxs.Des,-17.939365
2.9626,B,pid.locxs.FB,-2.0296974
2.9626,B,pid.locxs.U,-47.995575
2.9626,B,pid.locy.Des,0
2.9626,B,pid.locy.FB,21.281538
2.9626,B,pid.locy.U,-18.696808
2.9626,B,pid.locys.Des,-18.696808
2.9626,B,pid.locys.FB,-0.93825811
2.9626,B,pid.locys.U,-58.887569
2.9626,B,pid.pitch.Des,-3.5202847
2.9626,B,pid.pitch.FB,0.24756488
2.9626,B,pid.pitch.U,-15.349821
2.9626,B,pid.roll.Des,2.6954274
2.9626,B,pid.roll.FB,-0.4480859
2.9626,B,pid.roll.U,8.9689579
2.9626,B,pid.yaw.Des,0
2.9626,B,pid.yaw.FB,1.7556043
2.9626,B,pid.yaw.U,-12.533626
2.9626,B,pid.z_pos.Des,0.60000002
2.9626,B,pid.z_pos.FB,0.5799768
2.9626,B,pid.z_pos.U,-0.13351128
2.9626,B,pid.z_rate.Des,-0.13351128
2.9626,B,pid.z_rate.FB,-0.014316038
2.9626,B,pid.z_rate.U,-59.495228
2.9626,B,status.vbat,0
3.1628,A,mrac.pitch.e,0.21569203
3.1628,A,mrac.pitch.u_ad,-0.031243982
3.1628,A,mrac.roll.e,-0.17658982
3.1628,A,mrac.roll.u_ad,0.17620981
3.1628,A,mrac.yaw.e,0.20801365
3.1628,A,mrac.yaw.u_ad,-0.018536095
3.1628,A,mrac.z.e,0.13027383
3.1628,A,mrac.z.u_ad,-0.080070294
3.1628,A,status.arm,1
3.1628,A,status.flymode,1
3.1628,A,status.rc_authority,0
3.1628,A,status.sbus_lost,0
3.1628,A,status.twc_arrived,0
3.1628,A,status.twc_execute,0
3.1629,B,mrac.pitch.theta_0,3.2229865e-44
3.1629,B,mrac.pitch.theta_1,0.0041219271
3.1629,B,mrac.pitch.theta_2,0.0025210604
3.1629,B,mrac.pitch.theta_3,0.0061133578
3.1629,B,mrac.pitch.theta_4,0.11001084
3.1629,B,mrac.pitch.theta_5,0.14496754
3.1629,B,mrac.pitch.u_nom,-0.029984368
3.1629,B,mrac.pitch.xm,-0.17685427
3.1629,B,mrac.roll.theta_0,0.14898571
3.1629,B,mrac.roll.theta_1,0.0015959186
3.1629,B,mrac.roll.theta_2,0.0030775266
3.1629,B,mrac.roll.theta_3,0.0056984313
3.1629,B,mrac.roll.theta_4,0.12450252
3.1629,B,mrac.roll.theta_5,0.14181833
3.1629,B,mrac.roll.u_nom,0.17894629
3.1629,B,mrac.roll.xm,0.2045636
3.1629,B,mrac.yaw.theta_0,1.0843841e-06
3.1629,B,mrac.yaw.theta_1,0.0023369095
3.1629,B,mrac.yaw.theta_2,0.0037467941
3.1629,B,mrac.yaw.theta_3,0
3.1629,B,mrac.yaw.theta_4,0.034229152
3.1629,B,mrac.yaw.theta_5,0.086005539
3.1629,B,mrac.yaw.u_nom,-0.048611838
3.1629,B,mrac.yaw.xm,-0.19662672
3.1629,B,mrac.z.theta_0,0.001901945
3.1629,B,mrac.z.theta_1,0.0054504815
3.1629,B,mrac.z.theta_2,0.0065691038
3.1629,B,mrac.z.theta_3,0
3.1629,B,mrac.z.theta_4,0.19688627
3.1629,B,mrac.z.theta_5,0.19231066
3.1629,B,mrac.z.u_nom,-0.28879631
3.1629,B,mrac.z.xm,-0.13098092
3.1629,B,path.active_path_mode,0
3.1629,B,path.circle_theta,0
3.1629,B,path.sinusoid_t_elapsed,0
3.1629,B,path.twc_arrived,0
3.1629,B,path.twc_target_x,1.4901161e-06
3.1629,B,path.twc_target_y,0
3.1629,B,path.twc_target_z,0.60000002
3.1629,B,pid.gyrox.Des,11.720626
3.1629,B,pid.gyrox.FB,-9.6664114
3.1629,B,pid.gyrox.U,209.36716
3.1629,B,pid.gyroy.Des,-10.132998
3.1629,B,pid.gyroy.FB,-1.1993548
3.1629,B,pid.gyroy.U,-35.081711
3.1629,B,pid.gyroz.Des,-11.265877
3.1629,B,pid.gyroz.FB,-0.14247976
3.1629,B,pid.gyroz.U,-91.001358
3.1629,B,pid.locx.Des,1.4901161e-06
3.1629,B,pid.locx.FB,20.731821
3.1629,B,pid.locx.U,-18.701094
3.1629,B,pid.locxs.Des,-18.701094
3.1629,B,pid.locxs.FB,-5.9978209
3.1629,B,pid.locxs.U,-38.2486
3.1629,B,pid.locy.Des,0
3.1629,B,pid.locy.FB,19.766542
3.1629,B,pid.locy.U,-17.650057
3.1629,B,pid.locys.Des,-17.650057
3.1629,B,pid.locys.FB,0.16170035
3.1629,B,pid.locys.U,-53.235355
3.1629,B,pid.pitch.Des,-3.1658647
3.1629,B,pid.pitch.FB,0.20366105
3.1629,B,pid.pitch.U,-10.132998
3.1629,B,pid.roll.Des,2.1490362
3.1629,B,pid.roll.FB,-0.79625893
3.1629,B,pid.roll.U,11.720626
3.1629,B,pid.yaw.Des,0
3.1629,B,pid.yaw.FB,1.5443128
3.1629,B,pid.yaw.U,-11.265877
3.1629,B,pid.z_pos.Des,0.60000002
3.1629,B,pid.z_pos.FB,0.57994032
3.1629,B,pid.z_pos.U,-0.13098092
3.1629,B,pid.z_rate.Des,-0.13098092
3.1629,B,pid.z_rate.FB,-0.00024182179
3.1629,B,pid.z_rate.U,-64.112778
3.1629,B,status.vbat,0
3.3632,A,mrac.pitch.e,0.26718372
3.3632,A,mrac.pitch.u_ad,-0.033064287
3.3632,A,mrac.roll.e,-0.048705697
3.3632,A,mrac.roll.u_ad,0.17437056
3.3632,A,mrac.yaw.e,0.1207107
3.3632,A,mrac.yaw.u_ad,-0.016819978
3.3632,A,mrac.z.e,0.14583352
3.3632,A,mrac.z.u_ad,-0.093261003
3.3632,A,status.arm,1
3.3632,A,status.flymode,1
3.3632,A,status.rc_authority,0
3.3632,A,status.sbus_lost,0
3.3632,A,status.twc_arrived,0
3.3632,A,status.twc_execute,0
3.3632,B,mrac.pitch.theta_0,2.3822074e-44
3.3632,B,mrac.pitch.theta_1,0.004158543
3.3632,B,mrac.pitch.theta_2,0.0025200907
3.3632,B,mrac.pitch.theta_3,0.0061126882
3.3632,B,mrac.pitch.theta_4,0.11004379
3.3632,B,mrac.pitch.theta_5,0.14496316
3.3632,B,mrac.pitch.u_nom,-0.0021705171
3.3632,B,mrac.pitch.xm,-0.17327893
3.3632,B,mrac.roll.theta_0,0.14898555
3.3632,B,mrac.roll.theta_1,0.0015867199
3.3632,B,mrac.roll.theta_2,0.0030869553
3.3632,B,mrac.roll.theta_3,0.0056977058
3.3632,B,mrac.roll.theta_4,0.12458742
3.3632,B,mrac.roll.theta_5,0.14183021
3.3632,B,mrac.roll.u_nom,-0.012397371
3.3632,B,mrac.roll.xm,0.15716529
3.3632,B,mrac.yaw.theta_0,4.8552579e-07
3.3632,B,mrac.yaw.theta_1,0.0023518645
3.3632,B,mrac.yaw.theta_2,0.0037457093
3.3632,B,mrac.yaw.theta_3,0
3.3632,B,mrac.yaw.theta_4,0.034283947
3.3632,B,mrac.yaw.theta_5,0.086038709
3.3632,B,mrac.yaw.u_nom,-0.050475948
3.3632,B,mrac.yaw.xm,-0.1857726
3.3632,B,mrac.z.theta_0,0.0016675001
3.3632,B,mrac.z.theta_1,0.0053330217
3.3632,B,mrac.z.theta_2,0.0065612355
3.3632,B,mrac.z.theta_3,0
3.3632,B,mrac.z.theta_4,0.19690382
3.3632,B,mrac.z.theta_5,0.19231372
3.3632,B,mrac.z.u_nom,-0.34765801
3.3632,B,mrac.z.xm,-0.13684317
3.3632,B,path.active_path_mode,0
3.3632,B,path.circle_theta,0
3.3632,B,path.sinusoid_t_elapsed,0
3.3632,B,path.twc_arrived,0
3.3632,B,path.twc_target_x,1.4901161e-06
3.3632,B,path.twc_target_y,0
3.3632,B,path.twc_target_z,0.60000002
3.3632,B,pid.gyrox.Des,9.0049038
3.3632,B,pid.gyrox.FB,2.6158001
3.3632,B,pid.gyrox.U,-14.504925
3.3632,B,pid.gyroy.Des,-9.9281473
3.3632,B,pid.gyroy.FB,-3.3849978
3.3632,B,pid.gyroy.U,-2.539505
3.3632,B,pid.gyroz.Des,-10.643981
3.3632,B,pid.gyroz.FB,0.91487116
3.3632,B,pid.gyroz.U,-94.490974
3.3632,B,pid.locx.Des,1.4901161e-06
3.3632,B,pid.locx.FB,20.849743
3.3632,B,pid.locx.U,-18.677988
3.3632,B,pid.locxs.Des,-18.677988
3.3632,B,pid.locxs.FB,-7.9471879
3.3632,B,pid.locxs.U,-32.188778
3.3632,B,pid.locy.Des,0
3.3632,B,pid.locy.FB,19.30324
3.3632,B,pid.locy.U,-17.370617
3.3632,B,pid.locys.Des,-17.370617
3.3632,B,pid.locys.FB,2.200501
3.3632,B,pid.locys.U,-58.612953
3.3632,B,pid.pitch.Des,-3.4658058
3.3632,B,pid.pitch.FB,-0.13835612
3.3632,B,pid.pitch.U,-9.9281473
3.3632,B,pid.roll.Des,1.7933618
3.3632,B,pid.roll.FB,-1.1095176
3.3632,B,pid.roll.U,9.0049038
3.3632,B,pid.yaw.Des,0
3.3632,B,pid.yaw.FB,1.4406635
3.3632,B,pid.yaw.U,-10.643981
3.3632,B,pid.z_pos.Des,0.60000002
3.3632,B,pid.z_pos.FB,0.58988762
3.3632,B,pid.z_pos.U,-0.13684317
3.3632,B,pid.z_rate.Des,-0.13684317
3.3632,B,pid.z_rate.FB,0.026564198
3.3632,B,pid.z_rate.U,-77.180077
3.3632,B,status.vbat,0
3.5793,A,mrac.pitch.e,0.26718372
3.5793,A,mrac.pitch.u_ad,-0.033064287
3.5793,A,mrac.roll.e,-0.048705697
3.5793,A,mrac.roll.u_ad,0.17437056
3.5793,A,mrac.yaw.e,0.1207107
3.5793,A,mrac.yaw.u_ad,-0.016819978
3.5793,A,mrac.z.e,0.14583352
3.5793,A,mrac.z.u_ad,-0.093261003
3.5793,A,status.arm,1
3.5793,A,status.flymode,1
3.5793,A,status.rc_authority,0
3.5793,A,status.sbus_lost,0
3.5793,A,status.twc_arrived,0
3.5793,A,status.twc_execute,0
3.5794,B,mrac.pitch.theta_0,2.3822074e-44
3.5794,B,mrac.pitch.theta_1,0.004158543
3.5794,B,mrac.pitch.theta_2,0.0025200907
3.5794,B,mrac.pitch.theta_3,0.0061126882
3.5794,B,mrac.pitch.theta_4,0.11004379
3.5794,B,mrac.pitch.theta_5,0.14496316
3.5794,B,mrac.pitch.u_nom,-0.0021705171
3.5794,B,mrac.pitch.xm,-0.17327893
3.5794,B,mrac.roll.theta_0,0.14898555
3.5794,B,mrac.roll.theta_1,0.0015867199
3.5794,B,mrac.roll.theta_2,0.0030869553
3.5794,B,mrac.roll.theta_3,0.0056977058
3.5794,B,mrac.roll.theta_4,0.12458742
3.5794,B,mrac.roll.theta_5,0.14183021
3.5794,B,mrac.roll.u_nom,-0.012397371
3.5794,B,mrac.roll.xm,0.15716529
3.5794,B,mrac.yaw.theta_0,4.8552579e-07
3.5794,B,mrac.yaw.theta_1,0.0023518645
3.5794,B,mrac.yaw.theta_2,0.0037457093
3.5794,B,mrac.yaw.theta_3,0
3.5794,B,mrac.yaw.theta_4,0.034283947
3.5794,B,mrac.yaw.theta_5,0.086038709
3.5794,B,mrac.yaw.u_nom,-0.050475948
3.5794,B,mrac.yaw.xm,-0.1857726
3.5794,B,mrac.z.theta_0,0.0016675001
3.5794,B,mrac.z.theta_1,0.0053330217
3.5794,B,mrac.z.theta_2,0.0065612355
3.5794,B,mrac.z.theta_3,0
3.5794,B,mrac.z.theta_4,0.19690382
3.5794,B,mrac.z.theta_5,0.19231372
3.5794,B,mrac.z.u_nom,-0.34765801
3.5794,B,mrac.z.xm,-0.13684317
3.5794,B,path.active_path_mode,0
3.5794,B,path.circle_theta,0
3.5794,B,path.sinusoid_t_elapsed,0
3.5794,B,path.twc_arrived,0
3.5794,B,path.twc_target_x,1.4901161e-06
3.5794,B,path.twc_target_y,0
3.5794,B,path.twc_target_z,0.60000002
3.5794,B,pid.gyrox.Des,9.0049038
3.5794,B,pid.gyrox.FB,2.6158001
3.5794,B,pid.gyrox.U,-14.504925
3.5794,B,pid.gyroy.Des,-9.9281473
3.5794,B,pid.gyroy.FB,-3.3849978
3.5794,B,pid.gyroy.U,-2.539505
3.5794,B,pid.gyroz.Des,-10.643981
3.5794,B,pid.gyroz.FB,0.91487116
3.5794,B,pid.gyroz.U,-94.490974
3.5794,B,pid.locx.Des,1.4901161e-06
3.5794,B,pid.locx.FB,20.849743
3.5794,B,pid.locx.U,-18.677988
3.5794,B,pid.locxs.Des,-18.677988
3.5794,B,pid.locxs.FB,-7.9471879
3.5794,B,pid.locxs.U,-32.188778
3.5794,B,pid.locy.Des,0
3.5794,B,pid.locy.FB,19.30324
3.5794,B,pid.locy.U,-17.370617
3.5794,B,pid.locys.Des,-17.370617
3.5794,B,pid.locys.FB,2.200501
3.5794,B,pid.locys.U,-58.612953
3.5794,B,pid.pitch.Des,-3.4658058
3.5794,B,pid.pitch.FB,-0.13835612
3.5794,B,pid.pitch.U,-9.9281473
3.5794,B,pid.roll.Des,1.7933618
3.5794,B,pid.roll.FB,-1.1095176
3.5794,B,pid.roll.U,9.0049038
3.5794,B,pid.yaw.Des,0
3.5794,B,pid.yaw.FB,1.4406635
3.5794,B,pid.yaw.U,-10.643981
3.5794,B,pid.z_pos.Des,0.60000002
3.5794,B,pid.z_pos.FB,0.58988762
3.5794,B,pid.z_pos.U,-0.13684317
3.5794,B,pid.z_rate.Des,-0.13684317
3.5794,B,pid.z_rate.FB,0.026564198
3.5794,B,pid.z_rate.U,-77.180077
3.5794,B,status.vbat,0
3.7795,A,mrac.pitch.e,-0.073323131
3.7795,A,mrac.pitch.u_ad,-0.028820589
3.7795,A,mrac.roll.e,-0.11715163
3.7795,A,mrac.roll.u_ad,0.18100999
3.7795,A,mrac.yaw.e,0.20771196
3.7795,A,mrac.yaw.u_ad,-0.017518405
3.7795,A,mrac.z.e,0.081030607
3.7795,A,mrac.z.u_ad,-0.051446199
3.7795,A,status.arm,1
3.7795,A,status.flymode,1
3.7795,A,status.rc_authority,0
3.7795,A,status.sbus_lost,0
3.7795,A,status.twc_arrived,0
3.7795,A,status.twc_execute,0
3.7796,B,mrac.pitch.theta_0,1.9618179e-44
3.7796,B,mrac.pitch.theta_1,0.0041704029
3.7796,B,mrac.pitch.theta_2,0.0025171211
3.7796,B,mrac.pitch.theta_3,0.0061107348
3.7796,B,mrac.pitch.theta_4,0.1101371
3.7796,B,mrac.pitch.theta_5,0.14495698
3.7796,B,mrac.pitch.u_nom,-0.006974672
3.7796,B,mrac.pitch.xm,-0.17542087
3.7796,B,mrac.roll.theta_0,0.14900446
3.7796,B,mrac.roll.theta_1,0.0015801627
3.7796,B,mrac.roll.theta_2,0.0030948499
3.7796,B,mrac.roll.theta_3,0.0056958105
3.7796,B,mrac.roll.theta_4,0.12469546
3.7796,B,mrac.roll.theta_5,0.14186619
3.7796,B,mrac.roll.u_nom,-0.05509802
3.7796,B,mrac.roll.xm,0.17923094
3.7796,B,mrac.yaw.theta_0,1.0149694e-07
3.7796,B,mrac.yaw.theta_1,0.0023616494
3.7796,B,mrac.yaw.theta_2,0.0037423058
3.7796,B,mrac.yaw.theta_3,0
3.7796,B,mrac.yaw.theta_4,0.034388635
3.7796,B,mrac.yaw.theta_5,0.086090215
3.7796,B,mrac.yaw.u_nom,-0.068638526
3.7796,B,mrac.yaw.xm,-0.18186447
3.7796,B,mrac.z.theta_0,0.0023679989
3.7796,B,mrac.z.theta_1,0.0053803669
3.7796,B,mrac.z.theta_2,0.0065607461
3.7796,B,mrac.z.theta_3,0
3.7796,B,mrac.z.theta_4,0.19685827
3.7796,B,mrac.z.theta_5,0.1922684
3.7796,B,mrac.z.u_nom,-0.0029258642
3.7796,B,mrac.z.xm,-0.11977512
3.7796,B,path.active_path_mode,0
3.7796,B,path.circle_theta,0
3.7796,B,path.sinusoid_t_elapsed,0
3.7796,B,path.twc_arrived,0
3.7796,B,path.twc_target_x,1.4901161e-06
3.7796,B,path.twc_target_y,0
3.7796,B,path.twc_target_z,0.60000002
3.7796,B,pid.gyrox.Des,10.269173
3.7796,B,pid.gyrox.FB,3.6502225
3.7796,B,pid.gyrox.U,-64.464684
3.7796,B,pid.gyroy.Des,-10.050871
3.7796,B,pid.gyroy.FB,-5.0635495
3.7796,B,pid.gyroy.U,-8.1603661
3.7796,B,pid.gyroz.Des,-10.420062
3.7796,B,pid.gyroz.FB,5.3860531
3.7796,B,pid.gyroz.U,-128.49132
3.7796,B,pid.locx.Des,1.4901161e-06
3.7796,B,pid.locx.FB,20.844225
3.7796,B,pid.locx.U,-18.675379
3.7796,B,pid.locxs.Des,-18.675379
3.7796,B,pid.locxs.FB,-7.8751478
3.7796,B,pid.locxs.U,-32.417313
3.7796,B,pid.locy.Des,0
3.7796,B,pid.locy.FB,19.063295
3.7796,B,pid.locy.U,-17.250637
3.7796,B,pid.locys.Des,-17.250637
3.7796,B,pid.locys.FB,5.1944242
3.7796,B,pid.locys.U,-67.360397
3.7796,B,pid.pitch.Des,-3.9728985
3.7796,B,pid.pitch.FB,-0.48948157
3.7796,B,pid.pitch.U,-10.050871
3.7796,B,pid.roll.Des,1.7963903
3.7796,B,pid.roll.FB,-1.5677607
3.7796,B,pid.roll.U,10.269173
3.7796,B,pid.yaw.Des,0
3.7796,B,pid.yaw.FB,1.4033437
3.7796,B,pid.yaw.U,-10.420062
3.7796,B,pid.z_pos.Des,0.60000002
3.7796,B,pid.z_pos.FB,0.56976581
3.7796,B,pid.z_pos.U,-0.11977512
3.7796,B,pid.z_rate.Des,-0.11977512
3.7796,B,pid.z_rate.FB,-0.1482596
3.7796,B,pid.z_rate.U,-0.64954185
3.7796,B,status.vbat,0
3.9968,A,mrac.pitch.e,-0.073323131
3.9968,A,mrac.pitch.u_ad,-0.028820589
3.9968,A,mrac.roll.e,-0.11715163
3.9968,A,mrac.roll.u_ad,0.18100999
3.9968,A,mrac.yaw.e,0.20771196
3.9968,A,mrac.yaw.u_ad,-0.017518405
3.9968,A,mrac.z.e,0.081030607
3.9968,A,mrac.z.u_ad,-0.051446199
3.9968,A,status.arm,1
3.9968,A,status.flymode,1
3.9968,A,status.rc_authority,0
3.9968,A,status.sbus_lost,0
3.9968,A,status.twc_arrived,0
3.9968,A,status.twc_execute,0
3.9969,B,mrac.pitch.theta_0,1.9618179e-44
3.9969,B,mrac.pitch.theta_1,0.0041704029
3.9969,B,mrac.pitch.theta_2,0.0025171211
3.9969,B,mrac.pitch.theta_3,0.0061107348
3.9969,B,mrac.pitch.theta_4,0.1101371
3.9969,B,mrac.pitch.theta_5,0.14495698
3.9969,B,mrac.pitch.u_nom,-0.006974672
3.9969,B,mrac.pitch.xm,-0.17542087
3.9969,B,mrac.roll.theta_0,0.14900446
3.9969,B,mrac.roll.theta_1,0.0015801627
3.9969,B,mrac.roll.theta_2,0.0030948499
3.9969,B,mrac.roll.theta_3,0.0056958105
3.9969,B,mrac.roll.theta_4,0.12469546
3.9969,B,mrac.roll.theta_5,0.14186619
3.9969,B,mrac.roll.u_nom,-0.05509802
3.9969,B,mrac.roll.xm,0.17923094
3.9969,B,mrac.yaw.theta_0,1.0149694e-07
3.9969,B,mrac.yaw.theta_1,0.0023616494
3.9969,B,mrac.yaw.theta_2,0.0037423058
3.9969,B,mrac.yaw.theta_3,0
3.9969,B,mrac.yaw.theta_4,0.034388635
3.9969,B,mrac.yaw.theta_5,0.086090215
3.9969,B,mrac.yaw.u_nom,-0.068638526
3.9969,B,mrac.yaw.xm,-0.18186447
3.9969,B,mrac.z.theta_0,0.0023679989
3.9969,B,mrac.z.theta_1,0.0053803669
3.9969,B,mrac.z.theta_2,0.0065607461
3.9969,B,mrac.z.theta_3,0
3.9969,B,mrac.z.theta_4,0.19685827
3.9969,B,mrac.z.theta_5,0.1922684
3.9969,B,mrac.z.u_nom,-0.0029258642
3.9969,B,mrac.z.xm,-0.11977512
3.9969,B,path.active_path_mode,0
3.9969,B,path.circle_theta,0
3.9969,B,path.sinusoid_t_elapsed,0
3.9969,B,path.twc_arrived,0
3.9969,B,path.twc_target_x,1.4901161e-06
3.9969,B,path.twc_target_y,0
3.9969,B,path.twc_target_z,0.60000002
3.9969,B,pid.gyrox.Des,10.269173
3.9969,B,pid.gyrox.FB,3.6502225
3.9969,B,pid.gyrox.U,-64.464684
3.9969,B,pid.gyroy.Des,-10.050871
3.9969,B,pid.gyroy.FB,-5.0635495
3.9969,B,pid.gyroy.U,-8.1603661
3.9969,B,pid.gyroz.Des,-10.420062
3.9969,B,pid.gyroz.FB,5.3860531
3.9969,B,pid.gyroz.U,-128.49132
3.9969,B,pid.locx.Des,1.4901161e-06
3.9969,B,pid.locx.FB,20.844225
3.9969,B,pid.locx.U,-18.675379
3.9969,B,pid.locxs.Des,-18.675379
3.9969,B,pid.locxs.FB,-7.8751478
3.9969,B,pid.locxs.U,-32.417313
3.9969,B,pid.locy.Des,0
3.9969,B,pid.locy.FB,19.063295
3.9969,B,pid.locy.U,-17.250637
3.9969,B,pid.locys.Des,-17.250637
3.9969,B,pid.locys.FB,5.1944242
3.9969,B,pid.locys.U,-67.360397
3.9969,B,pid.pitch.Des,-3.9728985
3.9969,B,pid.pitch.FB,-0.48948157
3.9969,B,pid.pitch.U,-10.050871
3.9969,B,pid.roll.Des,1.7963903
3.9969,B,pid.roll.FB,-1.5677607
3.9969,B,pid.roll.U,10.269173
3.9969,B,pid.yaw.Des,0
3.9969,B,pid.yaw.FB,1.4033437
3.9969,B,pid.yaw.U,-10.420062
3.9969,B,pid.z_pos.Des,0.60000002
3.9969,B,pid.z_pos.FB,0.56976581
3.9969,B,pid.z_pos.U,-0.11977512
3.9969,B,pid.z_rate.Des,-0.11977512
3.9969,B,pid.z_rate.FB,-0.1482596
3.9969,B,pid.z_rate.U,-0.64954185
3.9969,B,status.vbat,0
4.2129,A,mrac.pitch.e,-0.073323131
4.2129,A,mrac.pitch.u_ad,-0.028820589
4.2129,A,mrac.roll.e,-0.11715163
4.2129,A,mrac.roll.u_ad,0.18100999
4.2129,A,mrac.yaw.e,0.20771196
4.2129,A,mrac.yaw.u_ad,-0.017518405
4.2129,A,mrac.z.e,0.081030607
4.2129,A,mrac.z.u_ad,-0.051446199
4.2129,A,status.arm,1
4.2129,A,status.flymode,1
4.2129,A,status.rc_authority,0
4.2129,A,status.sbus_lost,0
4.2129,A,status.twc_arrived,0
4.2129,A,status.twc_execute,0
4.2130,B,mrac.pitch.theta_0,1.9618179e-44
4.2130,B,mrac.pitch.theta_1,0.0041704029
4.2130,B,mrac.pitch.theta_2,0.0025171211
4.2130,B,mrac.pitch.theta_3,0.0061107348
4.2130,B,mrac.pitch.theta_4,0.1101371
4.2130,B,mrac.pitch.theta_5,0.14495698
4.2130,B,mrac.pitch.u_nom,-0.006974672
4.2130,B,mrac.pitch.xm,-0.17542087
4.2130,B,mrac.roll.theta_0,0.14900446
4.2130,B,mrac.roll.theta_1,0.0015801627
4.2130,B,mrac.roll.theta_2,0.0030948499
4.2130,B,mrac.roll.theta_3,0.0056958105
4.2130,B,mrac.roll.theta_4,0.12469546
4.2130,B,mrac.roll.theta_5,0.14186619
4.2130,B,mrac.roll.u_nom,-0.05509802
4.2130,B,mrac.roll.xm,0.17923094
4.2130,B,mrac.yaw.theta_0,1.0149694e-07
4.2130,B,mrac.yaw.theta_1,0.0023616494
4.2130,B,mrac.yaw.theta_2,0.0037423058
4.2130,B,mrac.yaw.theta_3,0
4.2130,B,mrac.yaw.theta_4,0.034388635
4.2130,B,mrac.yaw.theta_5,0.086090215
4.2130,B,mrac.yaw.u_nom,-0.068638526
4.2130,B,mrac.yaw.xm,-0.18186447
4.2130,B,mrac.z.theta_0,0.0023679989
4.2130,B,mrac.z.theta_1,0.0053803669
4.2130,B,mrac.z.theta_2,0.0065607461
4.2130,B,mrac.z.theta_3,0
4.2130,B,mrac.z.theta_4,0.19685827
4.2130,B,mrac.z.theta_5,0.1922684
4.2130,B,mrac.z.u_nom,-0.0029258642
4.2130,B,mrac.z.xm,-0.11977512
4.2130,B,path.active_path_mode,0
4.2130,B,path.circle_theta,0
4.2130,B,path.sinusoid_t_elapsed,0
4.2130,B,path.twc_arrived,0
4.2130,B,path.twc_target_x,1.4901161e-06
4.2130,B,path.twc_target_y,0
4.2130,B,path.twc_target_z,0.60000002
4.2130,B,pid.gyrox.Des,10.269173
4.2130,B,pid.gyrox.FB,3.6502225
4.2130,B,pid.gyrox.U,-64.464684
4.2130,B,pid.gyroy.Des,-10.050871
4.2130,B,pid.gyroy.FB,-5.0635495
4.2130,B,pid.gyroy.U,-8.1603661
4.2130,B,pid.gyroz.Des,-10.420062
4.2130,B,pid.gyroz.FB,5.3860531
4.2130,B,pid.gyroz.U,-128.49132
4.2130,B,pid.locx.Des,1.4901161e-06
4.2130,B,pid.locx.FB,20.844225
4.2130,B,pid.locx.U,-18.675379
4.2130,B,pid.locxs.Des,-18.675379
4.2130,B,pid.locxs.FB,-7.8751478
4.2130,B,pid.locxs.U,-32.417313
4.2130,B,pid.locy.Des,0
4.2130,B,pid.locy.FB,19.063295
4.2130,B,pid.locy.U,-17.250637
4.2130,B,pid.locys.Des,-17.250637
4.2130,B,pid.locys.FB,5.1944242
4.2130,B,pid.locys.U,-67.360397
4.2130,B,pid.pitch.Des,-3.9728985
4.2130,B,pid.pitch.FB,-0.48948157
4.2130,B,pid.pitch.U,-10.050871
4.2130,B,pid.roll.Des,1.7963903
4.2130,B,pid.roll.FB,-1.5677607
4.2130,B,pid.roll.U,10.269173
4.2130,B,pid.yaw.Des,0
4.2130,B,pid.yaw.FB,1.4033437
4.2130,B,pid.yaw.U,-10.420062
4.2130,B,pid.z_pos.Des,0.60000002
4.2130,B,pid.z_pos.FB,0.56976581
4.2130,B,pid.z_pos.U,-0.11977512
4.2130,B,pid.z_rate.Des,-0.11977512
4.2130,B,pid.z_rate.FB,-0.1482596
4.2130,B,pid.z_rate.U,-0.64954185
4.2130,B,status.vbat,0
4.4137,A,mrac.pitch.e,-0.073323131
4.4137,A,mrac.pitch.u_ad,-0.028820589
4.4137,A,mrac.roll.e,-0.11715163
4.4137,A,mrac.roll.u_ad,0.18100999
4.4137,A,mrac.yaw.e,0.20771196
4.4137,A,mrac.yaw.u_ad,-0.017518405
4.4137,A,mrac.z.e,0.081030607
4.4137,A,mrac.z.u_ad,-0.051446199
4.4137,A,status.arm,1
4.4137,A,status.flymode,1
4.4137,A,status.rc_authority,0
4.4137,A,status.sbus_lost,0
4.4137,A,status.twc_arrived,0
4.4137,A,status.twc_execute,0
4.4138,B,mrac.pitch.theta_0,1.9618179e-44
4.4138,B,mrac.pitch.theta_1,0.0041704029
4.4138,B,mrac.pitch.theta_2,0.0025171211
4.4138,B,mrac.pitch.theta_3,0.0061107348
4.4138,B,mrac.pitch.theta_4,0.1101371
4.4138,B,mrac.pitch.theta_5,0.14495698
4.4138,B,mrac.pitch.u_nom,-0.006974672
4.4138,B,mrac.pitch.xm,-0.17542087
4.4138,B,mrac.roll.theta_0,0.14900446
4.4138,B,mrac.roll.theta_1,0.0015801627
4.4138,B,mrac.roll.theta_2,0.0030948499
4.4138,B,mrac.roll.theta_3,0.0056958105
4.4138,B,mrac.roll.theta_4,0.12469546
4.4138,B,mrac.roll.theta_5,0.14186619
4.4138,B,mrac.roll.u_nom,-0.05509802
4.4138,B,mrac.roll.xm,0.17923094
4.4138,B,mrac.yaw.theta_0,1.0149694e-07
4.4138,B,mrac.yaw.theta_1,0.0023616494
4.4138,B,mrac.yaw.theta_2,0.0037423058
4.4138,B,mrac.yaw.theta_3,0
4.4138,B,mrac.yaw.theta_4,0.034388635
4.4138,B,mrac.yaw.theta_5,0.086090215
4.4138,B,mrac.yaw.u_nom,-0.068638526
4.4138,B,mrac.yaw.xm,-0.18186447
4.4138,B,mrac.z.theta_0,0.0023679989
4.4138,B,mrac.z.theta_1,0.0053803669
4.4138,B,mrac.z.theta_2,0.0065607461
4.4138,B,mrac.z.theta_3,0
4.4138,B,mrac.z.theta_4,0.19685827
4.4138,B,mrac.z.theta_5,0.1922684
4.4138,B,mrac.z.u_nom,-0.0029258642
4.4138,B,mrac.z.xm,-0.11977512
4.4138,B,path.active_path_mode,0
4.4138,B,path.circle_theta,0
4.4138,B,path.sinusoid_t_elapsed,0
4.4138,B,path.twc_arrived,0
4.4138,B,path.twc_target_x,1.4901161e-06
4.4138,B,path.twc_target_y,0
4.4138,B,path.twc_target_z,0.60000002
4.4138,B,pid.gyrox.Des,10.269173
4.4138,B,pid.gyrox.FB,3.6502225
4.4138,B,pid.gyrox.U,-64.464684
4.4138,B,pid.gyroy.Des,-10.050871
4.4138,B,pid.gyroy.FB,-5.0635495
4.4138,B,pid.gyroy.U,-8.1603661
4.4138,B,pid.gyroz.Des,-10.420062
4.4138,B,pid.gyroz.FB,5.3860531
4.4138,B,pid.gyroz.U,-128.49132
4.4138,B,pid.locx.Des,1.4901161e-06
4.4138,B,pid.locx.FB,20.844225
4.4138,B,pid.locx.U,-18.675379
4.4138,B,pid.locxs.Des,-18.675379
4.4138,B,pid.locxs.FB,-7.8751478
4.4138,B,pid.locxs.U,-32.417313
4.4138,B,pid.locy.Des,0
4.4138,B,pid.locy.FB,19.063295
4.4138,B,pid.locy.U,-17.250637
4.4138,B,pid.locys.Des,-17.250637
4.4138,B,pid.locys.FB,5.1944242
4.4138,B,pid.locys.U,-67.360397
4.4138,B,pid.pitch.Des,-3.9728985
4.4138,B,pid.pitch.FB,-0.48948157
4.4138,B,pid.pitch.U,-10.050871
4.4138,B,pid.roll.Des,1.7963903
4.4138,B,pid.roll.FB,-1.5677607
4.4138,B,pid.roll.U,10.269173
4.4138,B,pid.yaw.Des,0
4.4138,B,pid.yaw.FB,1.4033437
4.4138,B,pid.yaw.U,-10.420062
4.4138,B,pid.z_pos.Des,0.60000002
4.4138,B,pid.z_pos.FB,0.56976581
4.4138,B,pid.z_pos.U,-0.11977512
4.4138,B,pid.z_rate.Des,-0.11977512
4.4138,B,pid.z_rate.FB,-0.1482596
4.4138,B,pid.z_rate.U,-0.64954185
4.4138,B,status.vbat,0
4.6137,A,mrac.pitch.e,0.24587743
4.6137,A,mrac.pitch.u_ad,-0.035769682
4.6137,A,mrac.roll.e,-0.2210487
4.6137,A,mrac.roll.u_ad,0.17783524
4.6137,A,mrac.yaw.e,0.1648341
4.6137,A,mrac.yaw.u_ad,-0.015241831
4.6137,A,mrac.z.e,0.10459822
4.6137,A,mrac.z.u_ad,-0.065594628
4.6137,A,status.arm,1
4.6137,A,status.flymode,1
4.6137,A,status.rc_authority,0
4.6137,A,status.sbus_lost,0
4.6137,A,status.twc_arrived,0
4.6137,A,status.twc_execute,0
4.6137,B,mrac.pitch.theta_0,5.823641e-06
4.6137,B,mrac.pitch.theta_1,0.0041220621
4.6137,B,mrac.pitch.theta_2,0.002504132
4.6137,B,mrac.pitch.theta_3,0.0061088605
4.6137,B,mrac.pitch.theta_4,0.11053518
4.6137,B,mrac.pitch.theta_5,0.14493045
4.6137,B,mrac.pitch.u_nom,-0.031768523
4.6137,B,mrac.pitch.xm,-0.19840872
4.6137,B,mrac.roll.theta_0,0.14893097
4.6137,B,mrac.roll.theta_1,0.0016555698
4.6137,B,mrac.roll.theta_2,0.0031178587
4.6137,B,mrac.roll.theta_3,0.0056898436
4.6137,B,mrac.roll.theta_4,0.12510014
4.6137,B,mrac.roll.theta_5,0.14196041
4.6137,B,mrac.roll.u_nom,0.13817436
4.6137,B,mrac.roll.xm,0.16290274
4.6137,B,mrac.yaw.theta_0,1.4857786e-09
4.6137,B,mrac.yaw.theta_1,0.0023868831
4.6137,B,mrac.yaw.theta_2,0.0037332727
4.6137,B,mrac.yaw.theta_3,0
4.6137,B,mrac.yaw.theta_4,0.034645967
4.6137,B,mrac.yaw.theta_5,0.086196147
4.6137,B,mrac.yaw.u_nom,-0.054700121
4.6137,B,mrac.yaw.xm,-0.15992557
4.6137,B,mrac.z.theta_0,0.0023272899
4.6137,B,mrac.z.theta_1,0.0053411787
4.6137,B,mrac.z.theta_2,0.0065492131
4.6137,B,mrac.z.theta_3,0
4.6137,B,mrac.z.theta_4,0.19672401
4.6137,B,mrac.z.theta_5,0.19212525
4.6137,B,mrac.z.u_nom,-0.24752325
4.6137,B,mrac.z.xm,-0.10624673
4.6137,B,path.active_path_mode,0
4.6137,B,path.circle_theta,0
4.6137,B,path.sinusoid_t_elapsed,0
4.6137,B,path.twc_arrived,0
4.6137,B,path.twc_target_x,1.4901161e-06
4.6137,B,path.twc_target_y,0
4.6137,B,path.twc_target_z,0.60000002
4.6137,B,pid.gyrox.Des,9.3336353
4.6137,B,pid.gyrox.FB,-5.1879807
4.6137,B,pid.gyrox.U,161.664
4.6137,B,pid.gyroy.Des,-11.367978
4.6137,B,pid.gyroy.FB,-1.3989561
4.6137,B,pid.gyroy.U,-37.169174
4.6137,B,pid.gyroz.Des,-9.1630564
4.6137,B,pid.gyroz.FB,3.3812242
4.6137,B,pid.gyroz.U,-102.39863
4.6137,B,pid.locx.Des,1.4901161e-06
4.6137,B,pid.locx.FB,20.445738
4.6137,B,pid.locx.U,-18.287556
4.6137,B,pid.locxs.Des,-18.287556
4.6137,B,pid.locxs.FB,-7.8315835
4.6137,B,pid.locxs.U,-31.308123
4.6137,B,pid.locy.Des,0
4.6137,B,pid.locy.FB,20.679989
4.6137,B,pid.locy.U,-18.689442
4.6137,B,pid.locys.Des,-18.689442
4.6137,B,pid.locys.FB,8.1649427
4.6137,B,pid.locys.U,-80.787766
4.6137,B,pid.pitch.Des,-4.7449412
4.6137,B,pid.pitch.FB,-1.0271261
4.6137,B,pid.pitch.U,-11.367978
4.6137,B,pid.roll.Des,1.7296487
4.6137,B,pid.roll.FB,-1.3557917
4.6137,B,pid.roll.U,9.3336353
4.6137,B,pid.yaw.Des,0
4.6137,B,pid.yaw.FB,1.1938428
4.6137,B,pid.yaw.U,-9.1630564
4.6137,B,pid.z_pos.Des,0.60000002
4.6137,B,pid.z_pos.FB,0.56974888
4.6137,B,pid.z_pos.U,-0.10624673
4.6137,B,pid.z_rate.Des,-0.10624673
4.6137,B,pid.z_rate.FB,-0.0014963305
4.6137,B,pid.z_rate.U,-54.950161
4.6137,B,status.vbat,0
4.8135,A,mrac.pitch.e,0.22010846
4.8135,A,mrac.pitch.u_ad,-0.032622203
4.8135,A,mrac.roll.e,-0.14397514
4.8135,A,mrac.roll.u_ad,0.17757656
4.8135,A,mrac.yaw.e,0.21337651
4.8135,A,mrac.yaw.u_ad,-0.016809639
4.8135,A,mrac.z.e,0.19733544
4.8135,A,mrac.z.u_ad,-0.095545292
4.8135,A,status.arm,1
4.8135,A,status.flymode,1
4.8135,A,status.rc_authority,0
4.8135,A,status.sbus_lost,0
4.8135,A,status.twc_arrived,0
4.8135,A,status.twc_execute,0
4.8136,B,mrac.pitch.theta_0,4.3114555e-06
4.8136,B,mrac.pitch.theta_1,0.0041549839
4.8136,B,mrac.pitch.theta_2,0.0025034323
4.8136,B,mrac.pitch.theta_3,0.0061085699
4.8136,B,mrac.pitch.theta_4,0.11055903
4.8136,B,mrac.pitch.theta_5,0.14492953
4.8136,B,mrac.pitch.u_nom,-0.079265356
4.8136,B,mrac.pitch.xm,-0.23123047
4.8136,B,mrac.roll.theta_0,0.14894015
4.8136,B,mrac.roll.theta_1,0.0016643798
4.8136,B,mrac.roll.theta_2,0.0031196903
4.8136,B,mrac.roll.theta_3,0.0056892978
4.8136,B,mrac.roll.theta_4,0.12512855
4.8136,B,mrac.roll.theta_5,0.14196804
4.8136,B,mrac.roll.u_nom,-0.062567256
4.8136,B,mrac.roll.xm,0.16470022
4.8136,B,mrac.yaw.theta_0,9.3170616e-10
4.8136,B,mrac.yaw.theta_1,0.0023747818
4.8136,B,mrac.yaw.theta_2,0.0037320277
4.8136,B,mrac.yaw.theta_3,0
4.8136,B,mrac.yaw.theta_4,0.034682874
4.8136,B,mrac.yaw.theta_5,0.086210877
4.8136,B,mrac.yaw.u_nom,-0.059899166
4.8136,B,mrac.yaw.xm,-0.1781314
4.8136,B,mrac.z.theta_0,0.0022155438
4.8136,B,mrac.z.theta_1,0.0053147865
4.8136,B,mrac.z.theta_2,0.0065462221
4.8136,B,mrac.z.theta_3,0
4.8136,B,mrac.z.theta_4,0.19671585
4.8136,B,mrac.z.theta_5,0.19211245
4.8136,B,mrac.z.u_nom,-0.58458257
4.8136,B,mrac.z.xm,-0.11287194
4.8136,B,path.active_path_mode,0
4.8136,B,path.circle_theta,0
4.8136,B,path.sinusoid_t_elapsed,0
4.8136,B,path.twc_arrived,0
4.8136,B,path.twc_target_x,1.4901161e-06
4.8136,B,path.twc_target_y,0
4.8136,B,path.twc_target_z,0.60000002
4.8136,B,pid.gyrox.Des,9.4366236
4.8136,B,pid.gyrox.FB,4.5795059
4.8136,B,pid.gyrox.U,-73.20369
4.8136,B,pid.gyroy.Des,-13.248525
4.8136,B,pid.gyroy.FB,-1.5594254
4.8136,B,pid.gyroy.U,-92.740463
4.8136,B,pid.gyroz.Des,-10.206173
4.8136,B,pid.gyroz.FB,3.5589213
4.8136,B,pid.gyroz.U,-112.13124
4.8136,B,pid.locx.Des,1.4901161e-06
4.8136,B,pid.locx.FB,20.283394
4.8136,B,pid.locx.U,-18.150534
4.8136,B,pid.locxs.Des,-18.150534
4.8136,B,pid.locxs.FB,-7.8067727
4.8136,B,pid.locxs.U,-30.966185
4.8136,B,pid.locy.Des,0
4.8136,B,pid.locy.FB,21.02371
4.8136,B,pid.locy.U,-18.980818
4.8136,B,pid.locys.Des,-18.980818
4.8136,B,pid.locys.FB,8.1886692
4.8136,B,pid.locys.U,-81.727478
4.8136,B,pid.pitch.Des,-4.8038707
4.8136,B,pid.pitch.FB,-1.2693868
4.8136,B,pid.pitch.U,-13.248525
4.8136,B,pid.roll.Des,1.6938176
4.8136,B,pid.roll.FB,-1.4913983
4.8136,B,pid.roll.U,9.4366236
4.8136,B,pid.yaw.Des,0
4.8136,B,pid.yaw.FB,1.3676955
4.8136,B,pid.yaw.U,-10.206173
4.8136,B,pid.z_pos.Des,0.60000002
4.8136,B,pid.z_pos.FB,0.57966125
4.8136,B,pid.z_pos.U,-0.11287194
4.8136,B,pid.z_rate.Des,-0.11287194
4.8136,B,pid.z_rate.FB,0.17894639
4.8136,B,pid.z_rate.U,-129.77733
4.8136,B,status.vbat,0
5.0134,A,mrac.pitch.e,0.18983853
5.0134,A,mrac.pitch.u_ad,-0.037393861
5.0134,A,mrac.roll.e,-0.24744119
5.0134,A,mrac.roll.u_ad,0.18157084
5.0134,A,mrac.yaw.e,0.16480702
5.0134,A,mrac.yaw.u_ad,-0.016668649
5.0134,A,mrac.z.e,0.10917667
5.0134,A,mrac.z.u_ad,-0.069806658
5.0134,A,status.arm,1
5.0134,A,status.flymode,1
5.0134,A,status.rc_authority,0
5.0134,A,status.sbus_lost,0
5.0134,A,status.twc_arrived,0
5.0134,A,status.twc_execute,0
5.0135,B,mrac.pitch.theta_0,1.3059923e-06
5.0135,B,mrac.pitch.theta_1,0.0041442225
5.0135,B,mrac.pitch.theta_2,0.0024995434
5.0135,B,mrac.pitch.theta_3,0.0061087608
5.0135,B,mrac.pitch.theta_4,0.11067441
5.0135,B,mrac.pitch.theta_5,0.14493793
5.0135,B,mrac.pitch.u_nom,0.049244341
5.0135,B,mrac.pitch.xm,-0.20852572
5.0135,B,mrac.roll.theta_0,0.14897899
5.0135,B,mrac.roll.theta_1,0.0016543767
5.0135,B,mrac.roll.theta_2,0.0031364209
5.0135,B,mrac.roll.theta_3,0.005688881
5.0135,B,mrac.roll.theta_4,0.12528649
5.0135,B,mrac.roll.theta_5,0.1419989
5.0135,B,mrac.roll.u_nom,-0.066673622
5.0135,B,mrac.roll.xm,0.19320916
5.0135,B,mrac.yaw.theta_0,2.5248159e-10
5.0135,B,mrac.yaw.theta_1,0.0023796365
5.0135,B,mrac.yaw.theta_2,0.0037290398
5.0135,B,mrac.yaw.theta_3,0
5.0135,B,mrac.yaw.theta_4,0.034782812
5.0135,B,mrac.yaw.theta_5,0.086260989
5.0135,B,mrac.yaw.u_nom,-0.032331992
5.0135,B,mrac.yaw.xm,-0.18386948
5.0135,B,mrac.z.theta_0,0.0018803764
5.0135,B,mrac.z.theta_1,0.0052222428
5.0135,B,mrac.z.theta_2,0.0065405942
5.0135,B,mrac.z.theta_3,0
5.0135,B,mrac.z.theta_4,0.19670402
5.0135,B,mrac.z.theta_5,0.19208583
5.0135,B,mrac.z.u_nom,-0.25611404
5.0135,B,mrac.z.xm,-0.10931285
5.0135,B,path.active_path_mode,0
5.0135,B,path.circle_theta,0
5.0135,B,path.sinusoid_t_elapsed,0
5.0135,B,path.twc_arrived,0
5.0135,B,path.twc_target_x,1.4901161e-06
5.0135,B,path.twc_target_y,0
5.0135,B,path.twc_target_z,0.60000002
5.0135,B,pid.gyrox.Des,11.070065
5.0135,B,pid.gyrox.FB,7.1704416
5.0135,B,pid.gyrox.U,-78.008141
5.0135,B,pid.gyroy.Des,-11.947639
5.0135,B,pid.gyroy.FB,-8.0388021
5.0135,B,pid.gyroy.U,57.615879
5.0135,B,pid.gyroz.Des,-10.534941
5.0135,B,pid.gyroz.FB,-3.2169571
5.0135,B,pid.gyroz.U,-60.525486
5.0135,B,pid.locx.Des,1.4901161e-06
5.0135,B,pid.locx.FB,19.872854
5.0135,B,pid.locx.U,-17.863277
5.0135,B,pid.locxs.Des,-17.863277
5.0135,B,pid.locxs.FB,-6.7744217
5.0135,B,pid.locxs.U,-33.20097
5.0135,B,pid.locy.Des,0
5.0135,B,pid.locy.FB,22.154823
5.0135,B,pid.locy.U,-19.924795
5.0135,B,pid.locys.Des,-19.924795
5.0135,B,pid.locys.FB,9.1709986
5.0135,B,pid.locys.U,-87.511368
5.0135,B,pid.pitch.Des,-5.1433249
5.0135,B,pid.pitch.FB,-1.106783
5.0135,B,pid.pitch.U,-11.947639
5.0135,B,pid.roll.Des,1.8113172
5.0135,B,pid.roll.FB,-1.7063891
5.0135,B,pid.roll.U,11.070065
5.0135,B,pid.yaw.Des,0
5.0135,B,pid.yaw.FB,1.4224901
5.0135,B,pid.yaw.U,-10.534941
5.0135,B,pid.z_pos.Des,0.60000002
5.0135,B,pid.z_pos.FB,0.57963461
5.0135,B,pid.z_pos.U,-0.10931285
5.0135,B,pid.z_rate.Des,-0.10931285
5.0135,B,pid.z_rate.FB,0.00020545232
5.0135,B,pid.z_rate.U,-56.857319
5.0135,B,status.vbat,0
5.2136,A,mrac.pitch.e,0.20226233
5.2136,A,mrac.pitch.u_ad,-0.035128653
5.2136,A,mrac.roll.e,-0.081122465
5.2136,A,mrac.roll.u_ad,0.18105325
5.2136,A,mrac.yaw.e,0.094144933
5.2136,A,mrac.yaw.u_ad,-0.011953154
5.2136,A,mrac.z.e,0.20042807
5.2136,A,mrac.z.u_ad,-0.097661622
5.2136,A,status.arm,1
5.2136,A,status.flymode,1
5.2136,A,status.rc_authority,0
5.2136,A,status.sbus_lost,0
5.2136,A,status.twc_arrived,0
5.2136,A,status.twc_execute,0
5.2136,B,mrac.pitch.theta_0,4.1395e-07
5.2136,B,mrac.pitch.theta_1,0.0041816332
5.2136,B,mrac.pitch.theta_2,0.0024958339
5.2136,B,mrac.pitch.theta_3,0.0061093108
5.2136,B,mrac.pitch.theta_4,0.11078378
5.2136,B,mrac.pitch.theta_5,0.14494656
5.2136,B,mrac.pitch.u_nom,0.031923253
5.2136,B,mrac.pitch.xm,-0.20992084
5.2136,B,mrac.roll.theta_0,0.14898738
5.2136,B,mrac.roll.theta_1,0.0016957818
5.2136,B,mrac.roll.theta_2,0.003145963
5.2136,B,mrac.roll.theta_3,0.0056881728
5.2136,B,mrac.roll.theta_4,0.12540579
5.2136,B,mrac.roll.theta_5,0.14203705
5.2136,B,mrac.roll.u_nom,0.0033668452
5.2136,B,mrac.roll.xm,0.19898857
5.2136,B,mrac.yaw.theta_0,1.1569115e-10
5.2136,B,mrac.yaw.theta_1,0.002415529
5.2136,B,mrac.yaw.theta_2,0.0037271066
5.2136,B,mrac.yaw.theta_3,0
5.2136,B,mrac.yaw.theta_4,0.034816124
5.2136,B,mrac.yaw.theta_5,0.086273156
5.2136,B,mrac.yaw.u_nom,-0.031569611
5.2136,B,mrac.yaw.xm,-0.12602133
5.2136,B,mrac.z.theta_0,0.0016383291
5.2136,B,mrac.z.theta_1,0.0051902439
5.2136,B,mrac.z.theta_2,0.0065364954
5.2136,B,mrac.z.theta_3,0
5.2136,B,mrac.z.theta_4,0.19666761
5.2136,B,mrac.z.theta_5,0.19204678
5.2136,B,mrac.z.u_nom,-0.58979678
5.2136,B,mrac.z.xm,-0.11481539
5.2136,B,path.active_path_mode,0
5.2136,B,path.circle_theta,0
5.2136,B,path.sinusoid_t_elapsed,0
5.2136,B,path.twc_arrived,0
5.2136,B,path.twc_target_x,1.4901161e-06
5.2136,B,path.twc_target_y,0
5.2136,B,path.twc_target_z,0.60000002
5.2136,B,pid.gyrox.Des,11.4012
5.2136,B,pid.gyrox.FB,5.0672812
5.2136,B,pid.gyrox.U,3.939209
5.2136,B,pid.gyroy.Des,-12.027573
5.2136,B,pid.gyroy.FB,-3.3301556
5.2136,B,pid.gyroy.U,37.350204
5.2136,B,pid.gyroz.Des,-7.2204866
5.2136,B,pid.gyroz.FB,-0.08896856
5.2136,B,pid.gyroz.U,-59.098312
5.2136,B,pid.locx.Des,1.4901161e-06
5.2136,B,pid.locx.FB,19.819424
5.2136,B,pid.locx.U,-17.858582
5.2136,B,pid.locxs.Des,-17.858582
5.2136,B,pid.locxs.FB,-4.8627567
5.2136,B,pid.locxs.U,-38.978603
5.2136,B,pid.locy.Des,0
5.2136,B,pid.locy.FB,23.486364
5.2136,B,pid.locy.U,-20.989073
5.2136,B,pid.locys.Des,-20.989073
5.2136,B,pid.locys.FB,9.0748882
5.2136,B,pid.locys.U,-90.425247
5.2136,B,pid.pitch.Des,-5.2999568
5.2136,B,pid.pitch.FB,-1.3081886
5.2136,B,pid.pitch.U,-12.027573
5.2136,B,pid.roll.Des,2.1952078
5.2136,B,pid.roll.FB,-1.5666625
5.2136,B,pid.roll.U,11.4012
5.2136,B,pid.yaw.Des,0
5.2136,B,pid.yaw.FB,0.87008113
5.2136,B,pid.yaw.U,-7.2204866
5.2136,B,pid.z_pos.Des,0.60000002
5.2136,B,pid.z_pos.FB,0.58962572
5.2136,B,pid.z_pos.U,-0.11481539
5.2136,B,pid.z_rate.Des,-0.11481539
5.2136,B,pid.z_rate.FB,0.17989683
5.2136,B,pid.z_rate.U,-130.93489
5.2136,B,status.vbat,0
5.4306,A,mrac.pitch.e,0.13058236
5.4306,A,mrac.pitch.u_ad,-0.034803342
5.4306,A,mrac.roll.e,-0.2455308
5.4306,A,mrac.roll.u_ad,0.18337195
5.4306,A,mrac.yaw.e,0.058030583
5.4306,A,mrac.yaw.u_ad,-0.0093336804
5.4306,A,mrac.z.e,0.12952761
5.4306,A,mrac.z.u_ad,-0.085828222
5.4306,A,status.arm,1
5.4306,A,status.flymode,1
5.4306,A,status.rc_authority,0
5.4306,A,status.sbus_lost,0
5.4306,A,status.twc_arrived,0
5.4306,A,status.twc_execute,0
5.4307,B,mrac.pitch.theta_0,2.6802959e-07
5.4307,B,mrac.pitch.theta_1,0.004167784
5.4307,B,mrac.pitch.theta_2,0.0024945645
5.4307,B,mrac.pitch.theta_3,0.0061107385
5.4307,B,mrac.pitch.theta_4,0.11083143
5.4307,B,mrac.pitch.theta_5,0.1449503
5.4307,B,mrac.pitch.u_nom,-0.13768204
5.4307,B,mrac.pitch.xm,-0.20576058
5.4307,B,mrac.roll.theta_0,0.14896284
5.4307,B,mrac.roll.theta_1,0.0017276666
5.4307,B,mrac.roll.theta_2,0.0031477327
5.4307,B,mrac.roll.theta_3,0.0056875711
5.4307,B,mrac.roll.theta_4,0.12543459
5.4307,B,mrac.roll.theta_5,0.14204769
5.4307,B,mrac.roll.u_nom,-0.044007536
5.4307,B,mrac.roll.xm,0.19688696
5.4307,B,mrac.yaw.theta_0,1.0494344e-10
5.4307,B,mrac.yaw.theta_1,0.0024208734
5.4307,B,mrac.yaw.theta_2,0.0037268091
5.4307,B,mrac.yaw.theta_3,0
5.4307,B,mrac.yaw.theta_4,0.034817986
5.4307,B,mrac.yaw.theta_5,0.086271971
5.4307,B,mrac.yaw.u_nom,-0.0053628865
5.4307,B,mrac.yaw.xm,-0.094407126
5.4307,B,mrac.z.theta_0,0.0015264531
5.4307,B,mrac.z.theta_1,0.005112017
5.4307,B,mrac.z.theta_2,0.0065319091
5.4307,B,mrac.z.theta_3,0
5.4307,B,mrac.z.theta_4,0.19668199
5.4307,B,mrac.z.theta_5,0.19204527
5.4307,B,mrac.z.u_nom,-0.31791356
5.4307,B,mrac.z.xm,-0.1134583
5.4307,B,path.active_path_mode,0
5.4307,B,path.circle_theta,0
5.4307,B,path.sinusoid_t_elapsed,0
5.4307,B,path.twc_arrived,0
5.4307,B,path.twc_target_x,1.4901161e-06
5.4307,B,path.twc_target_y,0
5.4307,B,path.twc_target_z,0.60000002
5.4307,B,pid.gyrox.Des,11.280787
5.4307,B,pid.gyrox.FB,4.4009347
5.4307,B,pid.gyrox.U,-51.488815
5.4307,B,pid.gyroy.Des,-11.789208
5.4307,B,pid.gyroy.FB,4.3577046
5.4307,B,pid.gyroy.U,-161.08798
5.4307,B,pid.gyroz.Des,-5.4091277
5.4307,B,pid.gyroz.FB,-4.3971591
5.4307,B,pid.gyroz.U,-10.039324
5.4307,B,pid.locx.Des,1.4901161e-06
5.4307,B,pid.locx.FB,19.824848
5.4307,B,pid.locx.U,-17.861732
5.4307,B,pid.locxs.Des,-17.861732
5.4307,B,pid.locxs.FB,-3.9204707
5.4307,B,pid.locxs.U,-41.796528
5.4307,B,pid.locy.Des,0
5.4307,B,pid.locy.FB,23.911329
5.4307,B,pid.locy.U,-21.309053
5.4307,B,pid.locys.Des,-21.309053
5.4307,B,pid.locys.FB,8.0392733
5.4307,B,pid.locys.U,-88.270958
5.4307,B,pid.pitch.Des,-5.1657524
5.4307,B,pid.pitch.FB,-1.2150507
5.4307,B,pid.pitch.U,-11.789208
5.4307,B,pid.roll.Des,2.3887968
5.4307,B,pid.roll.FB,-1.3519722
5.4307,B,pid.roll.U,11.280787
5.4307,B,pid.yaw.Des,0
5.4307,B,pid.yaw.FB,0.56818795
5.4307,B,pid.yaw.U,-5.4091277
5.4307,B,pid.z_pos.Des,0.60000002
5.4307,B,pid.z_pos.FB,0.58970314
5.4307,B,pid.z_pos.U,-0.1134583
5.4307,B,pid.z_rate.Des,-0.1134583
5.4307,B,pid.z_rate.FB,0.030358732
5.4307,B,pid.z_rate.U,-70.576813
5.4307,B,status.vbat,0
5.6473,A,mrac.pitch.e,0.13058236
5.6473,A,mrac.pitch.u_ad,-0.034803342
5.6473,A,mrac.roll.e,-0.2455308
5.6473,A,mrac.roll.u_ad,0.18337195
5.6473,A,mrac.yaw.e,0.058030583
5.6473,A,mrac.yaw.u_ad,-0.0093336804
5.6473,A,mrac.z.e,0.12952761
5.6473,A,mrac.z.u_ad,-0.085828222
5.6473,A,status.arm,1
5.6473,A,status.flymode,1
5.6473,A,status.rc_authority,0
5.6473,A,status.sbus_lost,0
5.6473,A,status.twc_arrived,0
5.6473,A,status.twc_execute,0
5.6474,B,mrac.pitch.theta_0,2.6802959e-07
5.6474,B,mrac.pitch.theta_1,0.004167784
5.6474,B,mrac.pitch.theta_2,0.0024945645
5.6474,B,mrac.pitch.theta_3,0.0061107385
5.6474,B,mrac.pitch.theta_4,0.11083143
5.6474,B,mrac.pitch.theta_5,0.1449503
5.6474,B,mrac.pitch.u_nom,-0.13768204
5.6474,B,mrac.pitch.xm,-0.20576058
5.6474,B,mrac.roll.theta_0,0.14896284
5.6474,B,mrac.roll.theta_1,0.0017276666
5.6474,B,mrac.roll.theta_2,0.0031477327
5.6474,B,mrac.roll.theta_3,0.0056875711
5.6474,B,mrac.roll.theta_4,0.12543459
5.6474,B,mrac.roll.theta_5,0.14204769
5.6474,B,mrac.roll.u_nom,-0.044007536
5.6474,B,mrac.roll.xm,0.19688696
5.6474,B,mrac.yaw.theta_0,1.0494344e-10
5.6474,B,mrac.yaw.theta_1,0.0024208734
5.6474,B,mrac.yaw.theta_2,0.0037268091
5.6474,B,mrac.yaw.theta_3,0
5.6474,B,mrac.yaw.theta_4,0.034817986
5.6474,B,mrac.yaw.theta_5,0.086271971
5.6474,B,mrac.yaw.u_nom,-0.0053628865
5.6474,B,mrac.yaw.xm,-0.094407126
5.6474,B,mrac.z.theta_0,0.0015264531
5.6474,B,mrac.z.theta_1,0.005112017
5.6474,B,mrac.z.theta_2,0.0065319091
5.6474,B,mrac.z.theta_3,0
5.6474,B,mrac.z.theta_4,0.19668199
5.6474,B,mrac.z.theta_5,0.19204527
5.6474,B,mrac.z.u_nom,-0.31791356
5.6474,B,mrac.z.xm,-0.1134583
5.6474,B,path.active_path_mode,0
5.6474,B,path.circle_theta,0
5.6474,B,path.sinusoid_t_elapsed,0
5.6474,B,path.twc_arrived,0
5.6474,B,path.twc_target_x,1.4901161e-06
5.6474,B,path.twc_target_y,0
5.6474,B,path.twc_target_z,0.60000002
5.6474,B,pid.gyrox.Des,11.280787
5.6474,B,pid.gyrox.FB,4.4009347
5.6474,B,pid.gyrox.U,-51.488815
5.6474,B,pid.gyroy.Des,-11.789208
5.6474,B,pid.gyroy.FB,4.3577046
5.6474,B,pid.gyroy.U,-161.08798
5.6474,B,pid.gyroz.Des,-5.4091277
5.6474,B,pid.gyroz.FB,-4.3971591
5.6474,B,pid.gyroz.U,-10.039324
5.6474,B,pid.locx.Des,1.4901161e-06
5.6474,B,pid.locx.FB,19.824848
5.6474,B,pid.locx.U,-17.861732
5.6474,B,pid.locxs.Des,-17.861732
5.6474,B,pid.locxs.FB,-3.9204707
5.6474,B,pid.locxs.U,-41.796528
5.6474,B,pid.locy.Des,0
5.6474,B,pid.locy.FB,23.911329
5.6474,B,pid.locy.U,-21.309053
5.6474,B,pid.locys.Des,-21.309053
5.6474,B,pid.locys.FB,8.0392733
5.6474,B,pid.locys.U,-88.270958
5.6474,B,pid.pitch.Des,-5.1657524
5.6474,B,pid.pitch.FB,-1.2150507
5.6474,B,pid.pitch.U,-11.789208
5.6474,B,pid.roll.Des,2.3887968
5.6474,B,pid.roll.FB,-1.3519722
5.6474,B,pid.roll.U,11.280787
5.6474,B,pid.yaw.Des,0
5.6474,B,pid.yaw.FB,0.56818795
5.6474,B,pid.yaw.U,-5.4091277
5.6474,B,pid.z_pos.Des,0.60000002
5.6474,B,pid.z_pos.FB,0.58970314
5.6474,B,pid.z_pos.U,-0.1134583
5.6474,B,pid.z_rate.Des,-0.1134583
5.6474,B,pid.z_rate.FB,0.030358732
5.6474,B,pid.z_rate.U,-70.576813
5.6474,B,status.vbat,0
5.8644,A,mrac.pitch.e,0.13058236
5.8644,A,mrac.pitch.u_ad,-0.034803342
5.8644,A,mrac.roll.e,-0.2455308
5.8644,A,mrac.roll.u_ad,0.18337195
5.8644,A,mrac.yaw.e,0.058030583
5.8644,A,mrac.yaw.u_ad,-0.0093336804
5.8644,A,mrac.z.e,0.12952761
5.8644,A,mrac.z.u_ad,-0.085828222
5.8644,A,status.arm,1
5.8644,A,status.flymode,1
5.8644,A,status.rc_authority,0
5.8644,A,status.sbus_lost,0
5.8644,A,status.twc_arrived,0
5.8644,A,status.twc_execute,0
5.8644,B,mrac.pitch.theta_0,2.6802959e-07
5.8644,B,mrac.pitch.theta_1,0.004167784
5.8644,B,mrac.pitch.theta_2,0.0024945645
5.8644,B,mrac.pitch.theta_3,0.0061107385
5.8644,B,mrac.pitch.theta_4,0.11083143
5.8644,B,mrac.pitch.theta_5,0.1449503
5.8644,B,mrac.pitch.u_nom,-0.13768204
5.8644,B,mrac.pitch.xm,-0.20576058
5.8644,B,mrac.roll.theta_0,0.14896284
5.8644,B,mrac.roll.theta_1,0.0017276666
5.8644,B,mrac.roll.theta_2,0.0031477327
5.8644,B,mrac.roll.theta_3,0.0056875711
5.8644,B,mrac.roll.theta_4,0.12543459
5.8644,B,mrac.roll.theta_5,0.14204769
5.8644,B,mrac.roll.u_nom,-0.044007536
5.8644,B,mrac.roll.xm,0.19688696
5.8644,B,mrac.yaw.theta_0,1.0494344e-10
5.8644,B,mrac.yaw.theta_1,0.0024208734
5.8644,B,mrac.yaw.theta_2,0.0037268091
5.8644,B,mrac.yaw.theta_3,0
5.8644,B,mrac.yaw.theta_4,0.034817986
5.8644,B,mrac.yaw.theta_5,0.086271971
5.8644,B,mrac.yaw.u_nom,-0.0053628865
5.8644,B,mrac.yaw.xm,-0.094407126
5.8644,B,mrac.z.theta_0,0.0015264531
5.8644,B,mrac.z.theta_1,0.005112017
5.8644,B,mrac.z.theta_2,0.0065319091
5.8644,B,mrac.z.theta_3,0
5.8644,B,mrac.z.theta_4,0.19668199
5.8644,B,mrac.z.theta_5,0.19204527
5.8644,B,mrac.z.u_nom,-0.31791356
5.8644,B,mrac.z.xm,-0.1134583
5.8644,B,path.active_path_mode,0
5.8644,B,path.circle_theta,0
5.8644,B,path.sinusoid_t_elapsed,0
5.8644,B,path.twc_arrived,0
5.8644,B,path.twc_target_x,1.4901161e-06
5.8644,B,path.twc_target_y,0
5.8644,B,path.twc_target_z,0.60000002
5.8644,B,pid.gyrox.Des,11.280787
5.8644,B,pid.gyrox.FB,4.4009347
5.8644,B,pid.gyrox.U,-51.488815
5.8644,B,pid.gyroy.Des,-11.789208
5.8644,B,pid.gyroy.FB,4.3577046
5.8644,B,pid.gyroy.U,-161.08798
5.8644,B,pid.gyroz.Des,-5.4091277
5.8644,B,pid.gyroz.FB,-4.3971591
5.8644,B,pid.gyroz.U,-10.039324
5.8644,B,pid.locx.Des,1.4901161e-06
5.8644,B,pid.locx.FB,19.824848
5.8644,B,pid.locx.U,-17.861732
5.8644,B,pid.locxs.Des,-17.861732
5.8644,B,pid.locxs.FB,-3.9204707
5.8644,B,pid.locxs.U,-41.796528
5.8644,B,pid.locy.Des,0
5.8644,B,pid.locy.FB,23.911329
5.8644,B,pid.locy.U,-21.309053
5.8644,B,pid.locys.Des,-21.309053
5.8644,B,pid.locys.FB,8.0392733
5.8644,B,pid.locys.U,-88.270958
5.8644,B,pid.pitch.Des,-5.1657524
5.8644,B,pid.pitch.FB,-1.2150507
5.8644,B,pid.pitch.U,-11.789208
5.8644,B,pid.roll.Des,2.3887968
5.8644,B,pid.roll.FB,-1.3519722
5.8644,B,pid.roll.U,11.280787
5.8644,B,pid.yaw.Des,0
5.8644,B,pid.yaw.FB,0.56818795
5.8644,B,pid.yaw.U,-5.4091277
5.8644,B,pid.z_pos.Des,0.60000002
5.8644,B,pid.z_pos.FB,0.58970314
5.8644,B,pid.z_pos.U,-0.1134583
5.8644,B,pid.z_rate.Des,-0.1134583
5.8644,B,pid.z_rate.FB,0.030358732
5.8644,B,pid.z_rate.U,-70.576813
5.8644,B,status.vbat,0
6.0650,A,mrac.pitch.e,0.13058236
6.0650,A,mrac.pitch.u_ad,-0.034803342
6.0650,A,mrac.roll.e,-0.2455308
6.0650,A,mrac.roll.u_ad,0.18337195
6.0650,A,mrac.yaw.e,0.058030583
6.0650,A,mrac.yaw.u_ad,-0.0093336804
6.0650,A,mrac.z.e,0.12952761
6.0650,A,mrac.z.u_ad,-0.085828222
6.0650,A,status.arm,1
6.0650,A,status.flymode,1
6.0650,A,status.rc_authority,0
6.0650,A,status.sbus_lost,0
6.0650,A,status.twc_arrived,0
6.0650,A,status.twc_execute,0
6.0651,B,mrac.pitch.theta_0,2.6802959e-07
6.0651,B,mrac.pitch.theta_1,0.004167784
6.0651,B,mrac.pitch.theta_2,0.0024945645
6.0651,B,mrac.pitch.theta_3,0.0061107385
6.0651,B,mrac.pitch.theta_4,0.11083143
6.0651,B,mrac.pitch.theta_5,0.1449503
6.0651,B,mrac.pitch.u_nom,-0.13768204
6.0651,B,mrac.pitch.xm,-0.20576058
6.0651,B,mrac.roll.theta_0,0.14896284
6.0651,B,mrac.roll.theta_1,0.0017276666
6.0651,B,mrac.roll.theta_2,0.0031477327
6.0651,B,mrac.roll.theta_3,0.0056875711
6.0651,B,mrac.roll.theta_4,0.12543459
6.0651,B,mrac.roll.theta_5,0.14204769
6.0651,B,mrac.roll.u_nom,-0.044007536
6.0651,B,mrac.roll.xm,0.19688696
6.0651,B,mrac.yaw.theta_0,1.0494344e-10
6.0651,B,mrac.yaw.theta_1,0.0024208734
6.0651,B,mrac.yaw.theta_2,0.0037268091
6.0651,B,mrac.yaw.theta_3,0
6.0651,B,mrac.yaw.theta_4,0.034817986
6.0651,B,mrac.yaw.theta_5,0.086271971
6.0651,B,mrac.yaw.u_nom,-0.0053628865
6.0651,B,mrac.yaw.xm,-0.094407126
6.0651,B,mrac.z.theta_0,0.0015264531
6.0651,B,mrac.z.theta_1,0.005112017
6.0651,B,mrac.z.theta_2,0.0065319091
6.0651,B,mrac.z.theta_3,0
6.0651,B,mrac.z.theta_4,0.19668199
6.0651,B,mrac.z.theta_5,0.19204527
6.0651,B,mrac.z.u_nom,-0.31791356
6.0651,B,mrac.z.xm,-0.1134583
6.0651,B,path.active_path_mode,0
6.0651,B,path.circle_theta,0
6.0651,B,path.sinusoid_t_elapsed,0
6.0651,B,path.twc_arrived,0
6.0651,B,path.twc_target_x,1.4901161e-06
6.0651,B,path.twc_target_y,0
6.0651,B,path.twc_target_z,0.60000002
6.0651,B,pid.gyrox.Des,11.280787
6.0651,B,pid.gyrox.FB,4.4009347
6.0651,B,pid.gyrox.U,-51.488815
6.0651,B,pid.gyroy.Des,-11.789208
6.0651,B,pid.gyroy.FB,4.3577046
6.0651,B,pid.gyroy.U,-161.08798
6.0651,B,pid.gyroz.Des,-5.4091277
6.0651,B,pid.gyroz.FB,-4.3971591
6.0651,B,pid.gyroz.U,-10.039324
6.0651,B,pid.locx.Des,1.4901161e-06
6.0651,B,pid.locx.FB,19.824848
6.0651,B,pid.locx.U,-17.861732
6.0651,B,pid.locxs.Des,-17.861732
6.0651,B,pid.locxs.FB,-3.9204707
6.0651,B,pid.locxs.U,-41.796528
6.0651,B,pid.locy.Des,0
6.0651,B,pid.locy.FB,23.911329
6.0651,B,pid.locy.U,-21.309053
6.0651,B,pid.locys.Des,-21.309053
6.0651,B,pid.locys.FB,8.0392733
6.0651,B,pid.locys.U,-88.270958
6.0651,B,pid.pitch.Des,-5.1657524
6.0651,B,pid.pitch.FB,-1.2150507
6.0651,B,pid.pitch.U,-11.789208
6.0651,B,pid.roll.Des,2.3887968
6.0651,B,pid.roll.FB,-1.3519722
6.0651,B,pid.roll.U,11.280787
6.0651,B,pid.yaw.Des,0
6.0651,B,pid.yaw.FB,0.56818795
6.0651,B,pid.yaw.U,-5.4091277
6.0651,B,pid.z_pos.Des,0.60000002
6.0651,B,pid.z_pos.FB,0.58970314
6.0651,B,pid.z_pos.U,-0.1134583
6.0651,B,pid.z_rate.Des,-0.1134583
6.0651,B,pid.z_rate.FB,0.030358732
6.0651,B,pid.z_rate.U,-70.576813
6.0651,B,status.vbat,0
6.2809,A,mrac.pitch.e,0.13058236
6.2809,A,mrac.pitch.u_ad,-0.034803342
6.2809,A,mrac.roll.e,-0.2455308
6.2809,A,mrac.roll.u_ad,0.18337195
6.2809,A,mrac.yaw.e,0.058030583
6.2809,A,mrac.yaw.u_ad,-0.0093336804
6.2809,A,mrac.z.e,0.12952761
6.2809,A,mrac.z.u_ad,-0.085828222
6.2809,A,status.arm,1
6.2809,A,status.flymode,1
6.2809,A,status.rc_authority,0
6.2809,A,status.sbus_lost,0
6.2809,A,status.twc_arrived,0
6.2809,A,status.twc_execute,0
6.2809,B,mrac.pitch.theta_0,2.6802959e-07
6.2809,B,mrac.pitch.theta_1,0.004167784
6.2809,B,mrac.pitch.theta_2,0.0024945645
6.2809,B,mrac.pitch.theta_3,0.0061107385
6.2809,B,mrac.pitch.theta_4,0.11083143
6.2809,B,mrac.pitch.theta_5,0.1449503
6.2809,B,mrac.pitch.u_nom,-0.13768204
6.2809,B,mrac.pitch.xm,-0.20576058
6.2809,B,mrac.roll.theta_0,0.14896284
6.2809,B,mrac.roll.theta_1,0.0017276666
6.2809,B,mrac.roll.theta_2,0.0031477327
6.2809,B,mrac.roll.theta_3,0.0056875711
6.2809,B,mrac.roll.theta_4,0.12543459
6.2809,B,mrac.roll.theta_5,0.14204769
6.2809,B,mrac.roll.u_nom,-0.044007536
6.2809,B,mrac.roll.xm,0.19688696
6.2809,B,mrac.yaw.theta_0,1.0494344e-10
6.2809,B,mrac.yaw.theta_1,0.0024208734
6.2809,B,mrac.yaw.theta_2,0.0037268091
6.2809,B,mrac.yaw.theta_3,0
6.2809,B,mrac.yaw.theta_4,0.034817986
6.2809,B,mrac.yaw.theta_5,0.086271971
6.2809,B,mrac.yaw.u_nom,-0.0053628865
6.2809,B,mrac.yaw.xm,-0.094407126
6.2809,B,mrac.z.theta_0,0.0015264531
6.2809,B,mrac.z.theta_1,0.005112017
6.2809,B,mrac.z.theta_2,0.0065319091
6.2809,B,mrac.z.theta_3,0
6.2809,B,mrac.z.theta_4,0.19668199
6.2809,B,mrac.z.theta_5,0.19204527
6.2809,B,mrac.z.u_nom,-0.31791356
6.2809,B,mrac.z.xm,-0.1134583
6.2809,B,path.active_path_mode,0
6.2809,B,path.circle_theta,0
6.2809,B,path.sinusoid_t_elapsed,0
6.2809,B,path.twc_arrived,0
6.2809,B,path.twc_target_x,1.4901161e-06
6.2809,B,path.twc_target_y,0
6.2809,B,path.twc_target_z,0.60000002
6.2809,B,pid.gyrox.Des,11.280787
6.2809,B,pid.gyrox.FB,4.4009347
6.2809,B,pid.gyrox.U,-51.488815
6.2809,B,pid.gyroy.Des,-11.789208
6.2809,B,pid.gyroy.FB,4.3577046
6.2809,B,pid.gyroy.U,-161.08798
6.2809,B,pid.gyroz.Des,-5.4091277
6.2809,B,pid.gyroz.FB,-4.3971591
6.2809,B,pid.gyroz.U,-10.039324
6.2809,B,pid.locx.Des,1.4901161e-06
6.2809,B,pid.locx.FB,19.824848
6.2809,B,pid.locx.U,-17.861732
6.2809,B,pid.locxs.Des,-17.861732
6.2809,B,pid.locxs.FB,-3.9204707
6.2809,B,pid.locxs.U,-41.796528
6.2809,B,pid.locy.Des,0
6.2809,B,pid.locy.FB,23.911329
6.2809,B,pid.locy.U,-21.309053
6.2809,B,pid.locys.Des,-21.309053
6.2809,B,pid.locys.FB,8.0392733
6.2809,B,pid.locys.U,-88.270958
6.2809,B,pid.pitch.Des,-5.1657524
6.2809,B,pid.pitch.FB,-1.2150507
6.2809,B,pid.pitch.U,-11.789208
6.2809,B,pid.roll.Des,2.3887968
6.2809,B,pid.roll.FB,-1.3519722
6.2809,B,pid.roll.U,11.280787
6.2809,B,pid.yaw.Des,0
6.2809,B,pid.yaw.FB,0.56818795
6.2809,B,pid.yaw.U,-5.4091277
6.2809,B,pid.z_pos.Des,0.60000002
6.2809,B,pid.z_pos.FB,0.58970314
6.2809,B,pid.z_pos.U,-0.1134583
6.2809,B,pid.z_rate.Des,-0.1134583
6.2809,B,pid.z_rate.FB,0.030358732
6.2809,B,pid.z_rate.U,-70.576813
6.2809,B,status.vbat,0
6.4810,A,mrac.pitch.e,0.13058236
6.4810,A,mrac.pitch.u_ad,-0.034803342
6.4810,A,mrac.roll.e,-0.2455308
6.4810,A,mrac.roll.u_ad,0.18337195
6.4810,A,mrac.yaw.e,0.058030583
6.4810,A,mrac.yaw.u_ad,-0.0093336804
6.4810,A,mrac.z.e,0.12952761
6.4810,A,mrac.z.u_ad,-0.085828222
6.4810,A,status.arm,1
6.4810,A,status.flymode,1
6.4810,A,status.rc_authority,0
6.4810,A,status.sbus_lost,0
6.4810,A,status.twc_arrived,0
6.4810,A,status.twc_execute,0
6.4811,B,mrac.pitch.theta_0,2.6802959e-07
6.4811,B,mrac.pitch.theta_1,0.004167784
6.4811,B,mrac.pitch.theta_2,0.0024945645
6.4811,B,mrac.pitch.theta_3,0.0061107385
6.4811,B,mrac.pitch.theta_4,0.11083143
6.4811,B,mrac.pitch.theta_5,0.1449503
6.4811,B,mrac.pitch.u_nom,-0.13768204
6.4811,B,mrac.pitch.xm,-0.20576058
6.4811,B,mrac.roll.theta_0,0.14896284
6.4811,B,mrac.roll.theta_1,0.0017276666
6.4811,B,mrac.roll.theta_2,0.0031477327
6.4811,B,mrac.roll.theta_3,0.0056875711
6.4811,B,mrac.roll.theta_4,0.12543459
6.4811,B,mrac.roll.theta_5,0.14204769
6.4811,B,mrac.roll.u_nom,-0.044007536
6.4811,B,mrac.roll.xm,0.19688696
6.4811,B,mrac.yaw.theta_0,1.0494344e-10
6.4811,B,mrac.yaw.theta_1,0.0024208734
6.4811,B,mrac.yaw.theta_2,0.0037268091
6.4811,B,mrac.yaw.theta_3,0
6.4811,B,mrac.yaw.theta_4,0.034817986
6.4811,B,mrac.yaw.theta_5,0.086271971
6.4811,B,mrac.yaw.u_nom,-0.0053628865
6.4811,B,mrac.yaw.xm,-0.094407126
6.4811,B,mrac.z.theta_0,0.0015264531
6.4811,B,mrac.z.theta_1,0.005112017
6.4811,B,mrac.z.theta_2,0.0065319091
6.4811,B,mrac.z.theta_3,0
6.4811,B,mrac.z.theta_4,0.19668199
6.4811,B,mrac.z.theta_5,0.19204527
6.4811,B,mrac.z.u_nom,-0.31791356
6.4811,B,mrac.z.xm,-0.1134583
6.4811,B,path.active_path_mode,0
6.4811,B,path.circle_theta,0
6.4811,B,path.sinusoid_t_elapsed,0
6.4811,B,path.twc_arrived,0
6.4811,B,path.twc_target_x,1.4901161e-06
6.4811,B,path.twc_target_y,0
6.4811,B,path.twc_target_z,0.60000002
6.4811,B,pid.gyrox.Des,11.280787
6.4811,B,pid.gyrox.FB,4.4009347
6.4811,B,pid.gyrox.U,-51.488815
6.4811,B,pid.gyroy.Des,-11.789208
6.4811,B,pid.gyroy.FB,4.3577046
6.4811,B,pid.gyroy.U,-161.08798
6.4811,B,pid.gyroz.Des,-5.4091277
6.4811,B,pid.gyroz.FB,-4.3971591
6.4811,B,pid.gyroz.U,-10.039324
6.4811,B,pid.locx.Des,1.4901161e-06
6.4811,B,pid.locx.FB,19.824848
6.4811,B,pid.locx.U,-17.861732
6.4811,B,pid.locxs.Des,-17.861732
6.4811,B,pid.locxs.FB,-3.9204707
6.4811,B,pid.locxs.U,-41.796528
6.4811,B,pid.locy.Des,0
6.4811,B,pid.locy.FB,23.911329
6.4811,B,pid.locy.U,-21.309053
6.4811,B,pid.locys.Des,-21.309053
6.4811,B,pid.locys.FB,8.0392733
6.4811,B,pid.locys.U,-88.270958
6.4811,B,pid.pitch.Des,-5.1657524
6.4811,B,pid.pitch.FB,-1.2150507
6.4811,B,pid.pitch.U,-11.789208
6.4811,B,pid.roll.Des,2.3887968
6.4811,B,pid.roll.FB,-1.3519722
6.4811,B,pid.roll.U,11.280787
6.4811,B,pid.yaw.Des,0
6.4811,B,pid.yaw.FB,0.56818795
6.4811,B,pid.yaw.U,-5.4091277
6.4811,B,pid.z_pos.Des,0.60000002
6.4811,B,pid.z_pos.FB,0.58970314
6.4811,B,pid.z_pos.U,-0.1134583
6.4811,B,pid.z_rate.Des,-0.1134583
6.4811,B,pid.z_rate.FB,0.030358732
6.4811,B,pid.z_rate.U,-70.576813
6.4811,B,status.vbat,0
6.6829,A,mrac.pitch.e,0.13058236
6.6829,A,mrac.pitch.u_ad,-0.034803342
6.6829,A,mrac.roll.e,-0.2455308
6.6829,A,mrac.roll.u_ad,0.18337195
6.6829,A,mrac.yaw.e,0.058030583
6.6829,A,mrac.yaw.u_ad,-0.0093336804
6.6829,A,mrac.z.e,0.12952761
6.6829,A,mrac.z.u_ad,-0.085828222
6.6829,A,status.arm,1
6.6829,A,status.flymode,1
6.6829,A,status.rc_authority,0
6.6829,A,status.sbus_lost,0
6.6829,A,status.twc_arrived,0
6.6829,A,status.twc_execute,0
6.6830,B,mrac.pitch.theta_0,2.6802959e-07
6.6830,B,mrac.pitch.theta_1,0.004167784
6.6830,B,mrac.pitch.theta_2,0.0024945645
6.6830,B,mrac.pitch.theta_3,0.0061107385
6.6830,B,mrac.pitch.theta_4,0.11083143
6.6830,B,mrac.pitch.theta_5,0.1449503
6.6830,B,mrac.pitch.u_nom,-0.13768204
6.6830,B,mrac.pitch.xm,-0.20576058
6.6830,B,mrac.roll.theta_0,0.14896284
6.6830,B,mrac.roll.theta_1,0.0017276666
6.6830,B,mrac.roll.theta_2,0.0031477327
6.6830,B,mrac.roll.theta_3,0.0056875711
6.6830,B,mrac.roll.theta_4,0.12543459
6.6830,B,mrac.roll.theta_5,0.14204769
6.6830,B,mrac.roll.u_nom,-0.044007536
6.6830,B,mrac.roll.xm,0.19688696
6.6830,B,mrac.yaw.theta_0,1.0494344e-10
6.6830,B,mrac.yaw.theta_1,0.0024208734
6.6830,B,mrac.yaw.theta_2,0.0037268091
6.6830,B,mrac.yaw.theta_3,0
6.6830,B,mrac.yaw.theta_4,0.034817986
6.6830,B,mrac.yaw.theta_5,0.086271971
6.6830,B,mrac.yaw.u_nom,-0.0053628865
6.6830,B,mrac.yaw.xm,-0.094407126
6.6830,B,mrac.z.theta_0,0.0015264531
6.6830,B,mrac.z.theta_1,0.005112017
6.6830,B,mrac.z.theta_2,0.0065319091
6.6830,B,mrac.z.theta_3,0
6.6830,B,mrac.z.theta_4,0.19668199
6.6830,B,mrac.z.theta_5,0.19204527
6.6830,B,mrac.z.u_nom,-0.31791356
6.6830,B,mrac.z.xm,-0.1134583
6.6830,B,path.active_path_mode,0
6.6830,B,path.circle_theta,0
6.6830,B,path.sinusoid_t_elapsed,0
6.6830,B,path.twc_arrived,0
6.6830,B,path.twc_target_x,1.4901161e-06
6.6830,B,path.twc_target_y,0
6.6830,B,path.twc_target_z,0.60000002
6.6830,B,pid.gyrox.Des,11.280787
6.6830,B,pid.gyrox.FB,4.4009347
6.6830,B,pid.gyrox.U,-51.488815
6.6830,B,pid.gyroy.Des,-11.789208
6.6830,B,pid.gyroy.FB,4.3577046
6.6830,B,pid.gyroy.U,-161.08798
6.6830,B,pid.gyroz.Des,-5.4091277
6.6830,B,pid.gyroz.FB,-4.3971591
6.6830,B,pid.gyroz.U,-10.039324
6.6830,B,pid.locx.Des,1.4901161e-06
6.6830,B,pid.locx.FB,19.824848
6.6830,B,pid.locx.U,-17.861732
6.6830,B,pid.locxs.Des,-17.861732
6.6830,B,pid.locxs.FB,-3.9204707
6.6830,B,pid.locxs.U,-41.796528
6.6830,B,pid.locy.Des,0
6.6830,B,pid.locy.FB,23.911329
6.6830,B,pid.locy.U,-21.309053
6.6830,B,pid.locys.Des,-21.309053
6.6830,B,pid.locys.FB,8.0392733
6.6830,B,pid.locys.U,-88.270958
6.6830,B,pid.pitch.Des,-5.1657524
6.6830,B,pid.pitch.FB,-1.2150507
6.6830,B,pid.pitch.U,-11.789208
6.6830,B,pid.roll.Des,2.3887968
6.6830,B,pid.roll.FB,-1.3519722
6.6830,B,pid.roll.U,11.280787
6.6830,B,pid.yaw.Des,0
6.6830,B,pid.yaw.FB,0.56818795
6.6830,B,pid.yaw.U,-5.4091277
6.6830,B,pid.z_pos.Des,0.60000002
6.6830,B,pid.z_pos.FB,0.58970314
6.6830,B,pid.z_pos.U,-0.1134583
6.6830,B,pid.z_rate.Des,-0.1134583
6.6830,B,pid.z_rate.FB,0.030358732
6.6830,B,pid.z_rate.U,-70.576813
6.6830,B,status.vbat,0
6.8982,A,mrac.pitch.e,0.13058236
6.8982,A,mrac.pitch.u_ad,-0.034803342
6.8982,A,mrac.roll.e,-0.2455308
6.8982,A,mrac.roll.u_ad,0.18337195
6.8982,A,mrac.yaw.e,0.058030583
6.8982,A,mrac.yaw.u_ad,-0.0093336804
6.8982,A,mrac.z.e,0.12952761
6.8982,A,mrac.z.u_ad,-0.085828222
6.8982,A,status.arm,1
6.8982,A,status.flymode,1
6.8982,A,status.rc_authority,0
6.8982,A,status.sbus_lost,0
6.8982,A,status.twc_arrived,0
6.8982,A,status.twc_execute,0
6.8982,B,mrac.pitch.theta_0,2.6802959e-07
6.8982,B,mrac.pitch.theta_1,0.004167784
6.8982,B,mrac.pitch.theta_2,0.0024945645
6.8982,B,mrac.pitch.theta_3,0.0061107385
6.8982,B,mrac.pitch.theta_4,0.11083143
6.8982,B,mrac.pitch.theta_5,0.1449503
6.8982,B,mrac.pitch.u_nom,-0.13768204
6.8982,B,mrac.pitch.xm,-0.20576058
6.8982,B,mrac.roll.theta_0,0.14896284
6.8982,B,mrac.roll.theta_1,0.0017276666
6.8982,B,mrac.roll.theta_2,0.0031477327
6.8982,B,mrac.roll.theta_3,0.0056875711
6.8982,B,mrac.roll.theta_4,0.12543459
6.8982,B,mrac.roll.theta_5,0.14204769
6.8982,B,mrac.roll.u_nom,-0.044007536
6.8982,B,mrac.roll.xm,0.19688696
6.8982,B,mrac.yaw.theta_0,1.0494344e-10
6.8982,B,mrac.yaw.theta_1,0.0024208734
6.8982,B,mrac.yaw.theta_2,0.0037268091
6.8982,B,mrac.yaw.theta_3,0
6.8982,B,mrac.yaw.theta_4,0.034817986
6.8982,B,mrac.yaw.theta_5,0.086271971
6.8982,B,mrac.yaw.u_nom,-0.0053628865
6.8982,B,mrac.yaw.xm,-0.094407126
6.8982,B,mrac.z.theta_0,0.0015264531
6.8982,B,mrac.z.theta_1,0.005112017
6.8982,B,mrac.z.theta_2,0.0065319091
6.8982,B,mrac.z.theta_3,0
6.8982,B,mrac.z.theta_4,0.19668199
6.8982,B,mrac.z.theta_5,0.19204527
6.8982,B,mrac.z.u_nom,-0.31791356
6.8982,B,mrac.z.xm,-0.1134583
6.8982,B,path.active_path_mode,0
6.8982,B,path.circle_theta,0
6.8982,B,path.sinusoid_t_elapsed,0
6.8982,B,path.twc_arrived,0
6.8982,B,path.twc_target_x,1.4901161e-06
6.8982,B,path.twc_target_y,0
6.8982,B,path.twc_target_z,0.60000002
6.8982,B,pid.gyrox.Des,11.280787
6.8982,B,pid.gyrox.FB,4.4009347
6.8982,B,pid.gyrox.U,-51.488815
6.8982,B,pid.gyroy.Des,-11.789208
6.8982,B,pid.gyroy.FB,4.3577046
6.8982,B,pid.gyroy.U,-161.08798
6.8982,B,pid.gyroz.Des,-5.4091277
6.8982,B,pid.gyroz.FB,-4.3971591
6.8982,B,pid.gyroz.U,-10.039324
6.8982,B,pid.locx.Des,1.4901161e-06
6.8982,B,pid.locx.FB,19.824848
6.8982,B,pid.locx.U,-17.861732
6.8982,B,pid.locxs.Des,-17.861732
6.8982,B,pid.locxs.FB,-3.9204707
6.8982,B,pid.locxs.U,-41.796528
6.8982,B,pid.locy.Des,0
6.8982,B,pid.locy.FB,23.911329
6.8982,B,pid.locy.U,-21.309053
6.8982,B,pid.locys.Des,-21.309053
6.8982,B,pid.locys.FB,8.0392733
6.8982,B,pid.locys.U,-88.270958
6.8982,B,pid.pitch.Des,-5.1657524
6.8982,B,pid.pitch.FB,-1.2150507
6.8982,B,pid.pitch.U,-11.789208
6.8982,B,pid.roll.Des,2.3887968
6.8982,B,pid.roll.FB,-1.3519722
6.8982,B,pid.roll.U,11.280787
6.8982,B,pid.yaw.Des,0
6.8982,B,pid.yaw.FB,0.56818795
6.8982,B,pid.yaw.U,-5.4091277
6.8982,B,pid.z_pos.Des,0.60000002
6.8982,B,pid.z_pos.FB,0.58970314
6.8982,B,pid.z_pos.U,-0.1134583
6.8982,B,pid.z_rate.Des,-0.1134583
6.8982,B,pid.z_rate.FB,0.030358732
6.8982,B,pid.z_rate.U,-70.576813
6.8982,B,status.vbat,0
7.0987,A,mrac.pitch.e,0.13058236
7.0987,A,mrac.pitch.u_ad,-0.034803342
7.0987,A,mrac.roll.e,-0.2455308
7.0987,A,mrac.roll.u_ad,0.18337195
7.0987,A,mrac.yaw.e,0.058030583
7.0987,A,mrac.yaw.u_ad,-0.0093336804
7.0987,A,mrac.z.e,0.12952761
7.0987,A,mrac.z.u_ad,-0.085828222
7.0987,A,status.arm,1
7.0987,A,status.flymode,1
7.0987,A,status.rc_authority,0
7.0987,A,status.sbus_lost,0
7.0987,A,status.twc_arrived,0
7.0987,A,status.twc_execute,0
7.0987,B,mrac.pitch.theta_0,2.6802959e-07
7.0987,B,mrac.pitch.theta_1,0.004167784
7.0987,B,mrac.pitch.theta_2,0.0024945645
7.0987,B,mrac.pitch.theta_3,0.0061107385
7.0987,B,mrac.pitch.theta_4,0.11083143
7.0987,B,mrac.pitch.theta_5,0.1449503
7.0987,B,mrac.pitch.u_nom,-0.13768204
7.0987,B,mrac.pitch.xm,-0.20576058
7.0987,B,mrac.roll.theta_0,0.14896284
7.0987,B,mrac.roll.theta_1,0.0017276666
7.0987,B,mrac.roll.theta_2,0.0031477327
7.0987,B,mrac.roll.theta_3,0.0056875711
7.0987,B,mrac.roll.theta_4,0.12543459
7.0987,B,mrac.roll.theta_5,0.14204769
7.0987,B,mrac.roll.u_nom,-0.044007536
7.0987,B,mrac.roll.xm,0.19688696
7.0987,B,mrac.yaw.theta_0,1.0494344e-10
7.0987,B,mrac.yaw.theta_1,0.0024208734
7.0987,B,mrac.yaw.theta_2,0.0037268091
7.0987,B,mrac.yaw.theta_3,0
7.0987,B,mrac.yaw.theta_4,0.034817986
7.0987,B,mrac.yaw.theta_5,0.086271971
7.0987,B,mrac.yaw.u_nom,-0.0053628865
7.0987,B,mrac.yaw.xm,-0.094407126
7.0987,B,mrac.z.theta_0,0.0015264531
7.0987,B,mrac.z.theta_1,0.005112017
7.0987,B,mrac.z.theta_2,0.0065319091
7.0987,B,mrac.z.theta_3,0
7.0987,B,mrac.z.theta_4,0.19668199
7.0987,B,mrac.z.theta_5,0.19204527
7.0987,B,mrac.z.u_nom,-0.31791356
7.0987,B,mrac.z.xm,-0.1134583
7.0987,B,path.active_path_mode,0
7.0987,B,path.circle_theta,0
7.0987,B,path.sinusoid_t_elapsed,0
7.0987,B,path.twc_arrived,0
7.0987,B,path.twc_target_x,1.4901161e-06
7.0987,B,path.twc_target_y,0
7.0987,B,path.twc_target_z,0.60000002
7.0987,B,pid.gyrox.Des,11.280787
7.0987,B,pid.gyrox.FB,4.4009347
7.0987,B,pid.gyrox.U,-51.488815
7.0987,B,pid.gyroy.Des,-11.789208
7.0987,B,pid.gyroy.FB,4.3577046
7.0987,B,pid.gyroy.U,-161.08798
7.0987,B,pid.gyroz.Des,-5.4091277
7.0987,B,pid.gyroz.FB,-4.3971591
7.0987,B,pid.gyroz.U,-10.039324
7.0987,B,pid.locx.Des,1.4901161e-06
7.0987,B,pid.locx.FB,19.824848
7.0987,B,pid.locx.U,-17.861732
7.0987,B,pid.locxs.Des,-17.861732
7.0987,B,pid.locxs.FB,-3.9204707
7.0987,B,pid.locxs.U,-41.796528
7.0987,B,pid.locy.Des,0
7.0987,B,pid.locy.FB,23.911329
7.0987,B,pid.locy.U,-21.309053
7.0987,B,pid.locys.Des,-21.309053
7.0987,B,pid.locys.FB,8.0392733
7.0987,B,pid.locys.U,-88.270958
7.0987,B,pid.pitch.Des,-5.1657524
7.0987,B,pid.pitch.FB,-1.2150507
7.0987,B,pid.pitch.U,-11.789208
7.0987,B,pid.roll.Des,2.3887968
7.0987,B,pid.roll.FB,-1.3519722
7.0987,B,pid.roll.U,11.280787
7.0987,B,pid.yaw.Des,0
7.0987,B,pid.yaw.FB,0.56818795
7.0987,B,pid.yaw.U,-5.4091277
7.0987,B,pid.z_pos.Des,0.60000002
7.0987,B,pid.z_pos.FB,0.58970314
7.0987,B,pid.z_pos.U,-0.1134583
7.0987,B,pid.z_rate.Des,-0.1134583
7.0987,B,pid.z_rate.FB,0.030358732
7.0987,B,pid.z_rate.U,-70.576813
7.0987,B,status.vbat,0
7.3143,A,mrac.pitch.e,0.13058236
7.3143,A,mrac.pitch.u_ad,-0.034803342
7.3143,A,mrac.roll.e,-0.2455308
7.3143,A,mrac.roll.u_ad,0.18337195
7.3143,A,mrac.yaw.e,0.058030583
7.3143,A,mrac.yaw.u_ad,-0.0093336804
7.3143,A,mrac.z.e,0.12952761
7.3143,A,mrac.z.u_ad,-0.085828222
7.3143,A,status.arm,1
7.3143,A,status.flymode,1
7.3143,A,status.rc_authority,0
7.3143,A,status.sbus_lost,0
7.3143,A,status.twc_arrived,0
7.3143,A,status.twc_execute,0
7.3143,B,mrac.pitch.theta_0,2.6802959e-07
7.3143,B,mrac.pitch.theta_1,0.004167784
7.3143,B,mrac.pitch.theta_2,0.0024945645
7.3143,B,mrac.pitch.theta_3,0.0061107385
7.3143,B,mrac.pitch.theta_4,0.11083143
7.3143,B,mrac.pitch.theta_5,0.1449503
7.3143,B,mrac.pitch.u_nom,-0.13768204
7.3143,B,mrac.pitch.xm,-0.20576058
7.3143,B,mrac.roll.theta_0,0.14896284
7.3143,B,mrac.roll.theta_1,0.0017276666
7.3143,B,mrac.roll.theta_2,0.0031477327
7.3143,B,mrac.roll.theta_3,0.0056875711
7.3143,B,mrac.roll.theta_4,0.12543459
7.3143,B,mrac.roll.theta_5,0.14204769
7.3143,B,mrac.roll.u_nom,-0.044007536
7.3143,B,mrac.roll.xm,0.19688696
7.3143,B,mrac.yaw.theta_0,1.0494344e-10
7.3143,B,mrac.yaw.theta_1,0.0024208734
7.3143,B,mrac.yaw.theta_2,0.0037268091
7.3143,B,mrac.yaw.theta_3,0
7.3143,B,mrac.yaw.theta_4,0.034817986
7.3143,B,mrac.yaw.theta_5,0.086271971
7.3143,B,mrac.yaw.u_nom,-0.0053628865
7.3143,B,mrac.yaw.xm,-0.094407126
7.3143,B,mrac.z.theta_0,0.0015264531
7.3143,B,mrac.z.theta_1,0.005112017
7.3143,B,mrac.z.theta_2,0.0065319091
7.3143,B,mrac.z.theta_3,0
7.3143,B,mrac.z.theta_4,0.19668199
7.3143,B,mrac.z.theta_5,0.19204527
7.3143,B,mrac.z.u_nom,-0.31791356
7.3143,B,mrac.z.xm,-0.1134583
7.3143,B,path.active_path_mode,0
7.3143,B,path.circle_theta,0
7.3143,B,path.sinusoid_t_elapsed,0
7.3143,B,path.twc_arrived,0
7.3143,B,path.twc_target_x,1.4901161e-06
7.3143,B,path.twc_target_y,0
7.3143,B,path.twc_target_z,0.60000002
7.3143,B,pid.gyrox.Des,11.280787
7.3143,B,pid.gyrox.FB,4.4009347
7.3143,B,pid.gyrox.U,-51.488815
7.3143,B,pid.gyroy.Des,-11.789208
7.3143,B,pid.gyroy.FB,4.3577046
7.3143,B,pid.gyroy.U,-161.08798
7.3143,B,pid.gyroz.Des,-5.4091277
7.3143,B,pid.gyroz.FB,-4.3971591
7.3143,B,pid.gyroz.U,-10.039324
7.3143,B,pid.locx.Des,1.4901161e-06
7.3143,B,pid.locx.FB,19.824848
7.3143,B,pid.locx.U,-17.861732
7.3143,B,pid.locxs.Des,-17.861732
7.3143,B,pid.locxs.FB,-3.9204707
7.3143,B,pid.locxs.U,-41.796528
7.3143,B,pid.locy.Des,0
7.3143,B,pid.locy.FB,23.911329
7.3143,B,pid.locy.U,-21.309053
7.3143,B,pid.locys.Des,-21.309053
7.3143,B,pid.locys.FB,8.0392733
7.3143,B,pid.locys.U,-88.270958
7.3143,B,pid.pitch.Des,-5.1657524
7.3143,B,pid.pitch.FB,-1.2150507
7.3143,B,pid.pitch.U,-11.789208
7.3143,B,pid.roll.Des,2.3887968
7.3143,B,pid.roll.FB,-1.3519722
7.3143,B,pid.roll.U,11.280787
7.3143,B,pid.yaw.Des,0
7.3143,B,pid.yaw.FB,0.56818795
7.3143,B,pid.yaw.U,-5.4091277
7.3143,B,pid.z_pos.Des,0.60000002
7.3143,B,pid.z_pos.FB,0.58970314
7.3143,B,pid.z_pos.U,-0.1134583
7.3143,B,pid.z_rate.Des,-0.1134583
7.3143,B,pid.z_rate.FB,0.030358732
7.3143,B,pid.z_rate.U,-70.576813
7.3143,B,status.vbat,0
7.5145,A,mrac.pitch.e,0.27904832
7.5145,A,mrac.pitch.u_ad,-0.034917947
7.5145,A,mrac.roll.e,-0.051110737
7.5145,A,mrac.roll.u_ad,0.17102049
7.5145,A,mrac.yaw.e,0.013416834
7.5145,A,mrac.yaw.u_ad,-0.0058690393
7.5145,A,mrac.z.e,0.22057012
7.5145,A,mrac.z.u_ad,-0.097206905
7.5145,A,status.arm,1
7.5145,A,status.flymode,1
7.5145,A,status.rc_authority,0
7.5145,A,status.sbus_lost,0
7.5145,A,status.twc_arrived,0
7.5145,A,status.twc_execute,0
7.5145,B,mrac.pitch.theta_0,1.6274121e-11
7.5145,B,mrac.pitch.theta_1,0.0040306658
7.5145,B,mrac.pitch.theta_2,0.0024661054
7.5145,B,mrac.pitch.theta_3,0.0061051981
7.5145,B,mrac.pitch.theta_4,0.11163601
7.5145,B,mrac.pitch.theta_5,0.14494488
7.5145,B,mrac.pitch.u_nom,0.029015977
7.5145,B,mrac.pitch.xm,-0.19415671
7.5145,B,mrac.roll.theta_0,0.14834224
7.5145,B,mrac.roll.theta_1,0.0016145485
7.5145,B,mrac.roll.theta_2,0.0032129269
7.5145,B,mrac.roll.theta_3,0.0056788269
7.5145,B,mrac.roll.theta_4,0.12625423
7.5145,B,mrac.roll.theta_5,0.14207585
7.5145,B,mrac.roll.u_nom,-0.060376048
7.5145,B,mrac.roll.xm,0.14074051
7.5145,B,mrac.yaw.theta_0,0.00041286071
7.5145,B,mrac.yaw.theta_1,0.0023774786
7.5145,B,mrac.yaw.theta_2,0.0037218337
7.5145,B,mrac.yaw.theta_3,0
7.5145,B,mrac.yaw.theta_4,0.034852572
7.5145,B,mrac.yaw.theta_5,0.086200319
7.5145,B,mrac.yaw.u_nom,-0.018185021
7.5145,B,mrac.yaw.xm,-0.066055901
7.5145,B,mrac.z.theta_0,0.00085845171
7.5145,B,mrac.z.theta_1,0.0048804344
7.5145,B,mrac.z.theta_2,0.0065068984
7.5145,B,mrac.z.theta_3,0
7.5145,B,mrac.z.theta_4,0.19636725
7.5145,B,mrac.z.theta_5,0.19167775
7.5145,B,mrac.z.u_nom,-0.25106585
7.5145,B,mrac.z.xm,-0.10614442
7.5145,B,path.active_path_mode,0
7.5145,B,path.circle_theta,0
7.5145,B,path.sinusoid_t_elapsed,0
7.5145,B,path.twc_arrived,0
7.5145,B,path.twc_target_x,1.4901161e-06
7.5145,B,path.twc_target_y,0
7.5145,B,path.twc_target_z,0.60000002
7.5145,B,pid.gyrox.Des,8.0638342
7.5145,B,pid.gyrox.FB,5.6164293
7.5145,B,pid.gyrox.U,-70.639977
7.5145,B,pid.gyroy.Des,-11.124355
7.5145,B,pid.gyroy.FB,-5.1840429
7.5145,B,pid.gyroy.U,33.948692
7.5145,B,pid.gyroz.Des,-3.7847228
7.5145,B,pid.gyroz.FB,0.22040141
7.5145,B,pid.gyroz.U,-34.042358
7.5145,B,pid.locx.Des,1.4901161e-06
7.5145,B,pid.locx.FB,10.255605
7.5145,B,pid.locx.U,-10.004588
7.5145,B,pid.locxs.Des,-10.004588
7.5145,B,pid.locxs.FB,-6.9999056
7.5145,B,pid.locxs.U,-8.7748146
7.5145,B,pid.locy.Des,0
7.5145,B,pid.locy.FB,25.631411
7.5145,B,pid.locy.U,-22.526163
7.5145,B,pid.locys.Des,-22.526163
7.5145,B,pid.locys.FB,0.036340646
7.5145,B,pid.locys.U,-67.837135
7.5145,B,pid.pitch.Des,-3.9568286
7.5145,B,pid.pitch.FB,-0.24722378
7.5145,B,pid.pitch.U,-11.124355
7.5145,B,pid.roll.Des,0.49207288
7.5145,B,pid.roll.FB,-2.189069
7.5145,B,pid.roll.U,8.0638342
7.5145,B,pid.yaw.Des,0
7.5145,B,pid.yaw.FB,0.29745379
7.5145,B,pid.yaw.U,-3.7847228
7.5145,B,pid.z_pos.Des,0.60000002
7.5145,B,pid.z_pos.FB,0.59955651
7.5145,B,pid.z_pos.U,-0.10614442
7.5145,B,pid.z_rate.Des,-0.10614442
7.5145,B,pid.z_rate.FB,0.00057212939
7.5145,B,pid.z_rate.U,-55.736618
7.5145,B,status.vbat,0
7.7148,A,mrac.pitch.e,0.15143356
7.7148,A,mrac.pitch.u_ad,-0.028796665
7.7148,A,mrac.roll.e,-0.045484312
7.7148,A,mrac.roll.u_ad,0.17069671
7.7148,A,mrac.yaw.e,0.0090542883
7.7148,A,mrac.yaw.u_ad,-0.0045642285
7.7148,A,mrac.z.e,0.11520898
7.7148,A,mrac.z.u_ad,-0.074831374
7.7148,A,status.arm,1
7.7148,A,status.flymode,1
7.7148,A,status.rc_authority,0
7.7148,A,status.sbus_lost,0
7.7148,A,status.twc_arrived,0
7.7148,A,status.twc_execute,0
7.7149,B,mrac.pitch.theta_0,5.619154e-12
7.7149,B,mrac.pitch.theta_1,0.0040863366
7.7149,B,mrac.pitch.theta_2,0.0024642034
7.7149,B,mrac.pitch.theta_3,0.0061039785
7.7149,B,mrac.pitch.theta_4,0.11170553
7.7149,B,mrac.pitch.theta_5,0.14494593
7.7149,B,mrac.pitch.u_nom,-0.078328453
7.7149,B,mrac.pitch.xm,-0.18605803
7.7149,B,mrac.roll.theta_0,0.14864196
7.7149,B,mrac.roll.theta_1,0.0016265636
7.7149,B,mrac.roll.theta_2,0.0032147937
7.7149,B,mrac.roll.theta_3,0.0056779399
7.7149,B,mrac.roll.theta_4,0.12630503
7.7149,B,mrac.roll.theta_5,0.14207819
7.7149,B,mrac.roll.u_nom,-0.026552329
7.7149,B,mrac.roll.xm,0.13265385
7.7149,B,mrac.yaw.theta_0,0.00031206768
7.7149,B,mrac.yaw.theta_1,0.0023738851
7.7149,B,mrac.yaw.theta_2,0.0037212938
7.7149,B,mrac.yaw.theta_3,0
7.7149,B,mrac.yaw.theta_4,0.034855869
7.7149,B,mrac.yaw.theta_5,0.086190164
7.7149,B,mrac.yaw.u_nom,-0.014120554
7.7149,B,mrac.yaw.xm,-0.05296867
7.7149,B,mrac.z.theta_0,0.00072318368
7.7149,B,mrac.z.theta_1,0.0047696917
7.7149,B,mrac.z.theta_2,0.00649868
7.7149,B,mrac.z.theta_3,0
7.7149,B,mrac.z.theta_4,0.19637614
7.7149,B,mrac.z.theta_5,0.19165994
7.7149,B,mrac.z.u_nom,-0.26780629
7.7149,B,mrac.z.xm,-0.11422137
7.7149,B,path.active_path_mode,0
7.7149,B,path.circle_theta,0
7.7149,B,path.sinusoid_t_elapsed,0
7.7149,B,path.twc_arrived,0
7.7149,B,path.twc_target_x,1.4901161e-06
7.7149,B,path.twc_target_y,0
7.7149,B,path.twc_target_z,0.60000002
7.7149,B,pid.gyrox.Des,7.600502
7.7149,B,pid.gyrox.FB,3.6077976
7.7149,B,pid.gyrox.U,-31.066225
7.7149,B,pid.gyroy.Des,-10.660336
7.7149,B,pid.gyroy.FB,-0.46491608
7.7149,B,pid.gyroy.U,-91.644287
7.7149,B,pid.gyroz.Des,-3.0348799
7.7149,B,pid.gyroz.FB,0.011593893
7.7149,B,pid.gyroz.U,-26.433676
7.7149,B,pid.locx.Des,1.4901161e-06
7.7149,B,pid.locx.FB,9.0666218
7.7149,B,pid.locx.U,-9.053421
7.7149,B,pid.locxs.Des,-9.053421
7.7149,B,pid.locxs.FB,-5.9969625
7.7149,B,pid.locxs.U,-8.9262943
7.7149,B,pid.locy.Des,0
7.7149,B,pid.locy.FB,25.886148
7.7149,B,pid.locy.U,-22.749538
7.7149,B,pid.locys.Des,-22.749538
7.7149,B,pid.locys.FB,1.0180575
7.7149,B,pid.locys.U,-71.332535
7.7149,B,pid.pitch.Des,-4.159266
7.7149,B,pid.pitch.FB,-0.5292263
7.7149,B,pid.pitch.U,-10.660336
7.7149,B,pid.roll.Des,0.50893945
7.7149,B,pid.roll.FB,-2.0242858
7.7149,B,pid.roll.U,7.600502
7.7149,B,pid.yaw.Des,0
7.7149,B,pid.yaw.FB,0.17247999
7.7149,B,pid.yaw.U,-3.0348799
7.7149,B,pid.z_pos.Des,0.60000002
7.7149,B,pid.z_pos.FB,0.60959333
7.7149,B,pid.z_pos.U,-0.11422137
7.7149,B,pid.z_rate.Des,-0.11422137
7.7149,B,pid.z_rate.FB,0.0017861242
7.7149,B,pid.z_rate.U,-59.452999
7.7149,B,status.vbat,0
7.9321,A,mrac.pitch.e,0.15143356
7.9321,A,mrac.pitch.u_ad,-0.028796665
7.9321,A,mrac.roll.e,-0.045484312
7.9321,A,mrac.roll.u_ad,0.17069671
7.9321,A,mrac.yaw.e,0.0090542883
7.9321,A,mrac.yaw.u_ad,-0.0045642285
7.9321,A,mrac.z.e,0.11520898
7.9321,A,mrac.z.u_ad,-0.074831374
7.9321,A,status.arm,1
7.9321,A,status.flymode,1
7.9321,A,status.rc_authority,0
7.9321,A,status.sbus_lost,0
7.9321,A,status.twc_arrived,0
7.9321,A,status.twc_execute,0
7.9321,B,mrac.pitch.theta_0,5.619154e-12
7.9321,B,mrac.pitch.theta_1,0.0040863366
7.9321,B,mrac.pitch.theta_2,0.0024642034
7.9321,B,mrac.pitch.theta_3,0.0061039785
7.9321,B,mrac.pitch.theta_4,0.11170553
7.9321,B,mrac.pitch.theta_5,0.14494593
7.9321,B,mrac.pitch.u_nom,-0.078328453
7.9321,B,mrac.pitch.xm,-0.18605803
7.9321,B,mrac.roll.theta_0,0.14864196
7.9321,B,mrac.roll.theta_1,0.0016265636
7.9321,B,mrac.roll.theta_2,0.0032147937
7.9321,B,mrac.roll.theta_3,0.0056779399
7.9321,B,mrac.roll.theta_4,0.12630503
7.9321,B,mrac.roll.theta_5,0.14207819
7.9321,B,mrac.roll.u_nom,-0.026552329
7.9321,B,mrac.roll.xm,0.13265385
7.9321,B,mrac.yaw.theta_0,0.00031206768
7.9321,B,mrac.yaw.theta_1,0.0023738851
7.9321,B,mrac.yaw.theta_2,0.0037212938
7.9321,B,mrac.yaw.theta_3,0
7.9321,B,mrac.yaw.theta_4,0.034855869
7.9321,B,mrac.yaw.theta_5,0.086190164
7.9321,B,mrac.yaw.u_nom,-0.014120554
7.9321,B,mrac.yaw.xm,-0.05296867
7.9321,B,mrac.z.theta_0,0.00072318368
7.9321,B,mrac.z.theta_1,0.0047696917
7.9321,B,mrac.z.theta_2,0.00649868
7.9321,B,mrac.z.theta_3,0
7.9321,B,mrac.z.theta_4,0.19637614
7.9321,B,mrac.z.theta_5,0.19165994
7.9321,B,mrac.z.u_nom,-0.26780629
7.9321,B,mrac.z.xm,-0.11422137
7.9321,B,path.active_path_mode,0
7.9321,B,path.circle_theta,0
7.9321,B,path.sinusoid_t_elapsed,0
7.9321,B,path.twc_arrived,0
7.9321,B,path.twc_target_x,1.4901161e-06
7.9321,B,path.twc_target_y,0
7.9321,B,path.twc_target_z,0.60000002
7.9321,B,pid.gyrox.Des,7.600502
7.9321,B,pid.gyrox.FB,3.6077976
7.9321,B,pid.gyrox.U,-31.066225
7.9321,B,pid.gyroy.Des,-10.660336
7.9321,B,pid.gyroy.FB,-0.46491608
7.9321,B,pid.gyroy.U,-91.644287
7.9321,B,pid.gyroz.Des,-3.0348799
7.9321,B,pid.gyroz.FB,0.011593893
7.9321,B,pid.gyroz.U,-26.433676
7.9321,B,pid.locx.Des,1.4901161e-06
7.9321,B,pid.locx.FB,9.0666218
7.9321,B,pid.locx.U,-9.053421
7.9321,B,pid.locxs.Des,-9.053421
7.9321,B,pid.locxs.FB,-5.9969625
7.9321,B,pid.locxs.U,-8.9262943
7.9321,B,pid.locy.Des,0
7.9321,B,pid.locy.FB,25.886148
7.9321,B,pid.locy.U,-22.749538
7.9321,B,pid.locys.Des,-22.749538
7.9321,B,pid.locys.FB,1.0180575
7.9321,B,pid.locys.U,-71.332535
7.9321,B,pid.pitch.Des,-4.159266
7.9321,B,pid.pitch.FB,-0.5292263
7.9321,B,pid.pitch.U,-10.660336
7.9321,B,pid.roll.Des,0.50893945
7.9321,B,pid.roll.FB,-2.0242858
7.9321,B,pid.roll.U,7.600502
7.9321,B,pid.yaw.Des,0
7.9321,B,pid.yaw.FB,0.17247999
7.9321,B,pid.yaw.U,-3.0348799
7.9321,B,pid.z_pos.Des,0.60000002
7.9321,B,pid.z_pos.FB,0.60959333
7.9321,B,pid.z_pos.U,-0.11422137
7.9321,B,pid.z_rate.Des,-0.11422137
7.9321,B,pid.z_rate.FB,0.0017861242
7.9321,B,pid.z_rate.U,-59.452999
7.9321,B,status.vbat,0
8.1323,A,mrac.pitch.e,0.15143356
8.1323,A,mrac.pitch.u_ad,-0.028796665
8.1323,A,mrac.roll.e,-0.045484312
8.1323,A,mrac.roll.u_ad,0.17069671
8.1323,A,mrac.yaw.e,0.0090542883
8.1323,A,mrac.yaw.u_ad,-0.0045642285
8.1323,A,mrac.z.e,0.11520898
8.1323,A,mrac.z.u_ad,-0.074831374
8.1323,A,status.arm,1
8.1323,A,status.flymode,1
8.1323,A,status.rc_authority,0
8.1323,A,status.sbus_lost,0
8.1323,A,status.twc_arrived,0
8.1323,A,status.twc_execute,0
8.1324,B,mrac.pitch.theta_0,5.619154e-12
8.1324,B,mrac.pitch.theta_1,0.0040863366
8.1324,B,mrac.pitch.theta_2,0.0024642034
8.1324,B,mrac.pitch.theta_3,0.0061039785
8.1324,B,mrac.pitch.theta_4,0.11170553
8.1324,B,mrac.pitch.theta_5,0.14494593
8.1324,B,mrac.pitch.u_nom,-0.078328453
8.1324,B,mrac.pitch.xm,-0.18605803
8.1324,B,mrac.roll.theta_0,0.14864196
8.1324,B,mrac.roll.theta_1,0.0016265636
8.1324,B,mrac.roll.theta_2,0.0032147937
8.1324,B,mrac.roll.theta_3,0.0056779399
8.1324,B,mrac.roll.theta_4,0.12630503
8.1324,B,mrac.roll.theta_5,0.14207819
8.1324,B,mrac.roll.u_nom,-0.026552329
8.1324,B,mrac.roll.xm,0.13265385
8.1324,B,mrac.yaw.theta_0,0.00031206768
8.1324,B,mrac.yaw.theta_1,0.0023738851
8.1324,B,mrac.yaw.theta_2,0.0037212938
8.1324,B,mrac.yaw.theta_3,0
8.1324,B,mrac.yaw.theta_4,0.034855869
8.1324,B,mrac.yaw.theta_5,0.086190164
8.1324,B,mrac.yaw.u_nom,-0.014120554
8.1324,B,mrac.yaw.xm,-0.05296867
8.1324,B,mrac.z.theta_0,0.00072318368
8.1324,B,mrac.z.theta_1,0.0047696917
8.1324,B,mrac.z.theta_2,0.00649868
8.1324,B,mrac.z.theta_3,0
8.1324,B,mrac.z.theta_4,0.19637614
8.1324,B,mrac.z.theta_5,0.19165994
8.1324,B,mrac.z.u_nom,-0.26780629
8.1324,B,mrac.z.xm,-0.11422137
8.1324,B,path.active_path_mode,0
8.1324,B,path.circle_theta,0
8.1324,B,path.sinusoid_t_elapsed,0
8.1324,B,path.twc_arrived,0
8.1324,B,path.twc_target_x,1.4901161e-06
8.1324,B,path.twc_target_y,0
8.1324,B,path.twc_target_z,0.60000002
8.1324,B,pid.gyrox.Des,7.600502
8.1324,B,pid.gyrox.FB,3.6077976
8.1324,B,pid.gyrox.U,-31.066225
8.1324,B,pid.gyroy.Des,-10.660336
8.1324,B,pid.gyroy.FB,-0.46491608
8.1324,B,pid.gyroy.U,-91.644287
8.1324,B,pid.gyroz.Des,-3.0348799
8.1324,B,pid.gyroz.FB,0.011593893
8.1324,B,pid.gyroz.U,-26.433676
8.1324,B,pid.locx.Des,1.4901161e-06
8.1324,B,pid.locx.FB,9.0666218
8.1324,B,pid.locx.U,-9.053421
8.1324,B,pid.locxs.Des,-9.053421
8.1324,B,pid.locxs.FB,-5.9969625
8.1324,B,pid.locxs.U,-8.9262943
8.1324,B,pid.locy.Des,0
8.1324,B,pid.locy.FB,25.886148
8.1324,B,pid.locy.U,-22.749538
8.1324,B,pid.locys.Des,-22.749538
8.1324,B,pid.locys.FB,1.0180575
8.1324,B,pid.locys.U,-71.332535
8.1324,B,pid.pitch.Des,-4.159266
8.1324,B,pid.pitch.FB,-0.5292263
8.1324,B,pid.pitch.U,-10.660336
8.1324,B,pid.roll.Des,0.50893945
8.1324,B,pid.roll.FB,-2.0242858
8.1324,B,pid.roll.U,7.600502
8.1324,B,pid.yaw.Des,0
8.1324,B,pid.yaw.FB,0.17247999
8.1324,B,pid.yaw.U,-3.0348799
8.1324,B,pid.z_pos.Des,0.60000002
8.1324,B,pid.z_pos.FB,0.60959333
8.1324,B,pid.z_pos.U,-0.11422137
8.1324,B,pid.z_rate.Des,-0.11422137
8.1324,B,pid.z_rate.FB,0.0017861242
8.1324,B,pid.z_rate.U,-59.452999
8.1324,B,status.vbat,0
8.3324,A,mrac.pitch.e,0.41758087
8.3324,A,mrac.pitch.u_ad,-0.035124768
8.3324,A,mrac.roll.e,-0.1077164
8.3324,A,mrac.roll.u_ad,0.17497219
8.3324,A,mrac.yaw.e,0.12337562
8.3324,A,mrac.yaw.u_ad,-0.0099961907
8.3324,A,mrac.z.e,0.20286098
8.3324,A,mrac.z.u_ad,-0.061439894
8.3324,A,status.arm,1
8.3324,A,status.flymode,1
8.3324,A,status.rc_authority,0
8.3324,A,status.sbus_lost,0
8.3324,A,status.twc_arrived,0
8.3324,A,status.twc_execute,0
8.3324,B,mrac.pitch.theta_0,4.6980665e-13
8.3324,B,mrac.pitch.theta_1,0.0040776571
8.3324,B,mrac.pitch.theta_2,0.0024584017
8.3324,B,mrac.pitch.theta_3,0.0061017098
8.3324,B,mrac.pitch.theta_4,0.11186136
8.3324,B,mrac.pitch.theta_5,0.14493877
8.3324,B,mrac.pitch.u_nom,0.01006808
8.3324,B,mrac.pitch.xm,-0.18314783
8.3324,B,mrac.roll.theta_0,0.14887479
8.3324,B,mrac.roll.theta_1,0.0016436293
8.3324,B,mrac.roll.theta_2,0.0032240453
8.3324,B,mrac.roll.theta_3,0.00567564
8.3324,B,mrac.roll.theta_4,0.12645252
8.3324,B,mrac.roll.theta_5,0.14208673
8.3324,B,mrac.roll.u_nom,-0.064727865
8.3324,B,mrac.roll.xm,0.15599748
8.3324,B,mrac.yaw.theta_0,9.345873e-05
8.3324,B,mrac.yaw.theta_1,0.0023497043
8.3324,B,mrac.yaw.theta_2,0.0037183538
8.3324,B,mrac.yaw.theta_3,0
8.3324,B,mrac.yaw.theta_4,0.034887061
8.3324,B,mrac.yaw.theta_5,0.086163685
8.3324,B,mrac.yaw.u_nom,-0.014495442
8.3324,B,mrac.yaw.xm,-0.094113722
8.3324,B,mrac.z.theta_0,0.0018195487
8.3324,B,mrac.z.theta_1,0.0047930935
8.3324,B,mrac.z.theta_2,0.0064975619
8.3324,B,mrac.z.theta_3,0
8.3324,B,mrac.z.theta_4,0.1962804
8.3324,B,mrac.z.theta_5,0.19155274
8.3324,B,mrac.z.u_nom,0.10897487
8.3324,B,mrac.z.xm,-0.10750629
8.3324,B,path.active_path_mode,0
8.3324,B,path.circle_theta,0
8.3324,B,path.sinusoid_t_elapsed,0
8.3324,B,path.twc_arrived,0
8.3324,B,path.twc_target_x,1.4901161e-06
8.3324,B,path.twc_target_y,0
8.3324,B,path.twc_target_z,0.60000002
8.3324,B,pid.gyrox.Des,8.937994
8.3324,B,pid.gyrox.FB,4.6454501
8.3324,B,pid.gyrox.U,-75.731598
8.3324,B,pid.gyroy.Des,-10.493593
8.3324,B,pid.gyroy.FB,-5.4615469
8.3324,B,pid.gyroy.U,11.779654
8.3324,B,pid.gyroz.Des,-5.3923168
8.3324,B,pid.gyroz.FB,-2.244648
8.3324,B,pid.gyroz.U,-27.135468
8.3324,B,pid.locx.Des,1.4901161e-06
8.3324,B,pid.locx.FB,6.9516802
8.3324,B,pid.locx.U,-7.4893465
8.3324,B,pid.locxs.Des,-7.4893465
8.3324,B,pid.locxs.FB,-2.9998538
8.3324,B,pid.locxs.U,-13.372539
8.3324,B,pid.locy.Des,0
8.3324,B,pid.locy.FB,25.901548
8.3324,B,pid.locy.U,-22.721952
8.3324,B,pid.locys.Des,-22.721952
8.3324,B,pid.locys.FB,0.029603049
8.3324,B,pid.locys.U,-68.260315
8.3324,B,pid.pitch.Des,-3.9864914
8.3324,B,pid.pitch.FB,-0.44108653
8.3324,B,pid.pitch.U,-10.493593
8.3324,B,pid.roll.Des,0.74184167
8.3324,B,pid.roll.FB,-2.1142011
8.3324,B,pid.roll.U,8.937994
8.3324,B,pid.yaw.Des,0
8.3324,B,pid.yaw.FB,0.56538618
8.3324,B,pid.yaw.U,-5.3923168
8.3324,B,pid.z_pos.Des,0.60000002
8.3324,B,pid.z_pos.FB,0.58958089
8.3324,B,pid.z_pos.U,-0.10750629
8.3324,B,pid.z_rate.Des,-0.10750629
8.3324,B,pid.z_rate.FB,-0.2005112
8.3324,B,pid.z_rate.U,24.192421
8.3324,B,status.vbat,0
8.5490,A,mrac.pitch.e,0.27343184
8.5490,A,mrac.pitch.u_ad,-0.040387757
8.5490,A,mrac.roll.e,-0.073551573
8.5490,A,mrac.roll.u_ad,0.17325552
8.5490,A,mrac.yaw.e,0.10120142
8.5490,A,mrac.yaw.u_ad,-0.013765367
8.5490,A,mrac.z.e,0.10811868
8.5490,A,mrac.z.u_ad,-0.068836883
8.5490,A,status.arm,1
8.5490,A,status.flymode,1
8.5490,A,status.rc_authority,0
8.5490,A,status.sbus_lost,0
8.5490,A,status.twc_arrived,0
8.5490,A,status.twc_execute,0
8.5490,B,mrac.pitch.theta_0,1.3616735e-13
8.5490,B,mrac.pitch.theta_1,0.0040545501
8.5490,B,mrac.pitch.theta_2,0.0024536068
8.5490,B,mrac.pitch.theta_3,0.0060995538
8.5490,B,mrac.pitch.theta_4,0.11198261
8.5490,B,mrac.pitch.theta_5,0.14494777
8.5490,B,mrac.pitch.u_nom,-0.013363441
8.5490,B,mrac.pitch.xm,-0.2116103
8.5490,B,mrac.roll.theta_0,0.14873208
8.5490,B,mrac.roll.theta_1,0.0016646481
8.5490,B,mrac.roll.theta_2,0.0032273838
8.5490,B,mrac.roll.theta_3,0.0056752125
8.5490,B,mrac.roll.theta_4,0.12653242
8.5490,B,mrac.roll.theta_5,0.14209309
8.5490,B,mrac.roll.u_nom,-0.036497463
8.5490,B,mrac.roll.xm,0.15102069
8.5490,B,mrac.yaw.theta_0,3.0877243e-05
8.5490,B,mrac.yaw.theta_1,0.0023170214
8.5490,B,mrac.yaw.theta_2,0.0037144236
8.5490,B,mrac.yaw.theta_3,0
8.5490,B,mrac.yaw.theta_4,0.034954697
8.5490,B,mrac.yaw.theta_5,0.086176962
8.5490,B,mrac.yaw.u_nom,-0.052682612
8.5490,B,mrac.yaw.xm,-0.14753953
8.5490,B,mrac.z.theta_0,0.0022019139
8.5490,B,mrac.z.theta_1,0.0047219167
8.5490,B,mrac.z.theta_2,0.0064947521
8.5490,B,mrac.z.theta_3,0
8.5490,B,mrac.z.theta_4,0.19627295
8.5490,B,mrac.z.theta_5,0.19152169
8.5490,B,mrac.z.u_nom,-0.25468689
8.5490,B,mrac.z.xm,-0.10729555
8.5490,B,path.active_path_mode,0
8.5490,B,path.circle_theta,0
8.5490,B,path.sinusoid_t_elapsed,0
8.5490,B,path.twc_arrived,0
8.5490,B,path.twc_target_x,1.4901161e-06
8.5490,B,path.twc_target_y,0
8.5490,B,path.twc_target_z,0.60000002
8.5490,B,pid.gyrox.Des,8.6528444
8.5490,B,pid.gyrox.FB,4.1663451
8.5490,B,pid.gyrox.U,-42.70203
8.5490,B,pid.gyroy.Des,-12.124372
8.5490,B,pid.gyroy.FB,-2.7387233
8.5490,B,pid.gyroy.U,-15.635225
8.5490,B,pid.gyroz.Des,-8.4533882
8.5490,B,pid.gyroz.FB,3.6160553
8.5490,B,pid.gyroz.U,-98.621849
8.5490,B,pid.locx.Des,1.4901161e-06
8.5490,B,pid.locx.FB,6.7216997
8.5490,B,pid.locx.U,-7.3786998
8.5490,B,pid.locxs.Des,-7.3786998
8.5490,B,pid.locxs.FB,-0.96228176
8.5490,B,pid.locxs.U,-19.372017
8.5490,B,pid.locy.Des,0
8.5490,B,pid.locy.FB,26.209925
8.5490,B,pid.locy.U,-23.039928
8.5490,B,pid.locys.Des,-23.039928
8.5490,B,pid.locys.FB,2.0184186
8.5490,B,pid.locys.U,-75.269226
8.5490,B,pid.pitch.Des,-4.4072504
8.5490,B,pid.pitch.FB,-0.31133953
8.5490,B,pid.pitch.U,-12.124372
8.5490,B,pid.roll.Des,1.048939
8.5490,B,pid.roll.FB,-1.7868266
8.5490,B,pid.roll.U,8.6528444
8.5490,B,pid.yaw.Des,0
8.5490,B,pid.yaw.FB,1.0755646
8.5490,B,pid.yaw.U,-8.4533882
8.5490,B,pid.z_pos.Des,0.60000002
8.5490,B,pid.z_pos.FB,0.59969932
8.5490,B,pid.z_pos.U,-0.10729555
8.5490,B,pid.z_rate.Des,-0.10729555
8.5490,B,pid.z_rate.FB,0.0017533088
8.5490,B,pid.z_rate.U,-56.540489
8.5490,B,status.vbat,0
8.7491,A,mrac.pitch.e,0.1003097
8.7491,A,mrac.pitch.u_ad,-0.037230715
8.7491,A,mrac.roll.e,-0.042275064
8.7491,A,mrac.roll.u_ad,0.17190434
8.7491,A,mrac.yaw.e,0.15645485
8.7491,A,mrac.yaw.u_ad,-0.011691271
8.7491,A,mrac.z.e,0.12129103
8.7491,A,mrac.z.u_ad,-0.078994974
8.7491,A,status.arm,1
8.7491,A,status.flymode,1
8.7491,A,status.rc_authority,0
8.7491,A,status.sbus_lost,0
8.7491,A,status.twc_arrived,0
8.7491,A,status.twc_execute,0
8.7491,B,mrac.pitch.theta_0,5.9915973e-14
8.7491,B,mrac.pitch.theta_1,0.0041019307
8.7491,B,mrac.pitch.theta_2,0.0024511723
8.7491,B,mrac.pitch.theta_3,0.0060991058
8.7491,B,mrac.pitch.theta_4,0.11205332
8.7491,B,mrac.pitch.theta_5,0.14496171
8.7491,B,mrac.pitch.u_nom,-0.01974389
8.7491,B,mrac.pitch.xm,-0.23160882
8.7491,B,mrac.roll.theta_0,0.14852016
8.7491,B,mrac.roll.theta_1,0.0016777936
8.7491,B,mrac.roll.theta_2,0.0032298872
8.7491,B,mrac.roll.theta_3,0.0056750965
8.7491,B,mrac.roll.theta_4,0.12658361
8.7491,B,mrac.roll.theta_5,0.14209463
8.7491,B,mrac.roll.u_nom,0.064584523
8.7491,B,mrac.roll.xm,0.15894671
8.7491,B,mrac.yaw.theta_0,1.8787001e-05
8.7491,B,mrac.yaw.theta_1,0.0023370113
8.7491,B,mrac.yaw.theta_2,0.0037133738
8.7491,B,mrac.yaw.theta_3,0
8.7491,B,mrac.yaw.theta_4,0.034972265
8.7491,B,mrac.yaw.theta_5,0.086180791
8.7491,B,mrac.yaw.u_nom,-0.031021114
8.7491,B,mrac.yaw.xm,-0.12205642
8.7491,B,mrac.z.theta_0,0.0019515431
8.7491,B,mrac.z.theta_1,0.0046225819
8.7491,B,mrac.z.theta_2,0.0064871735
8.7491,B,mrac.z.theta_3,0
8.7491,B,mrac.z.theta_4,0.19629242
8.7491,B,mrac.z.theta_5,0.19151443
8.7491,B,mrac.z.u_nom,-0.3044306
8.7491,B,mrac.z.xm,-0.11482563
8.7491,B,path.active_path_mode,0
8.7491,B,path.circle_theta,0
8.7491,B,path.sinusoid_t_elapsed,0
8.7491,B,path.twc_arrived,0
8.7491,B,path.twc_target_x,1.4901161e-06
8.7491,B,path.twc_target_y,0
8.7491,B,path.twc_target_z,0.60000002
8.7491,B,pid.gyrox.Des,9.1069717
8.7491,B,pid.gyrox.FB,-1.5255793
8.7491,B,pid.gyrox.U,75.563889
8.7491,B,pid.gyroy.Des,-13.270203
8.7491,B,pid.gyroy.FB,-5.2638388
8.7491,B,pid.gyroy.U,-23.100351
8.7491,B,pid.gyroz.Des,-6.9933152
8.7491,B,pid.gyroz.FB,0.013686733
8.7491,B,pid.gyroz.U,-58.071526
8.7491,B,pid.locx.Des,1.4901161e-06
8.7491,B,pid.locx.FB,6.7303119
8.7491,B,pid.locx.U,-7.3865733
8.7491,B,pid.locxs.Des,-7.3865733
8.7491,B,pid.locxs.FB,0.058097772
8.7491,B,pid.locxs.U,-22.333488
8.7491,B,pid.locy.Des,0
8.7491,B,pid.locy.FB,26.724854
8.7491,B,pid.locy.U,-23.539871
8.7491,B,pid.locys.Des,-23.539871
8.7491,B,pid.locys.FB,3.999578
8.7491,B,pid.locys.U,-82.810379
8.7491,B,pid.pitch.Des,-4.842957
8.7491,B,pid.pitch.FB,-0.41818407
8.7491,B,pid.pitch.U,-13.270203
8.7491,B,pid.roll.Des,1.2342104
8.7491,B,pid.roll.FB,-1.7068442
8.7491,B,pid.roll.U,9.1069717
8.7491,B,pid.yaw.Des,0
8.7491,B,pid.yaw.FB,0.83221918
8.7491,B,pid.yaw.U,-6.9933152
8.7491,B,pid.z_pos.Des,0.60000002
8.7491,B,pid.z_pos.FB,0.60971308
8.7491,B,pid.z_pos.U,-0.11482563
8.7491,B,pid.z_rate.Des,-0.11482563
8.7491,B,pid.z_rate.FB,0.021830995
8.7491,B,pid.z_rate.U,-67.583595
8.7491,B,status.vbat,0
8.9655,A,mrac.pitch.e,0.029536143
8.9655,A,mrac.pitch.u_ad,-0.032328002
8.9655,A,mrac.roll.e,-0.17249511
8.9655,A,mrac.roll.u_ad,0.17390944
8.9655,A,mrac.yaw.e,0.17720573
8.9655,A,mrac.yaw.u_ad,-0.012779555
8.9655,A,mrac.z.e,0.11641871
8.9655,A,mrac.z.u_ad,-0.073085845
8.9655,A,status.arm,1
8.9655,A,status.flymode,1
8.9655,A,status.rc_authority,0
8.9655,A,status.sbus_lost,0
8.9655,A,status.twc_arrived,0
8.9655,A,status.twc_execute,0
8.9656,B,mrac.pitch.theta_0,1.9315541e-14
8.9656,B,mrac.pitch.theta_1,0.004166564
8.9656,B,mrac.pitch.theta_2,0.0024481444
8.9656,B,mrac.pitch.theta_3,0.0060980162
8.9656,B,mrac.pitch.theta_4,0.11216125
8.9656,B,mrac.pitch.theta_5,0.14497054
8.9656,B,mrac.pitch.u_nom,0.07159365
8.9656,B,mrac.pitch.xm,-0.19542807
8.9656,B,mrac.roll.theta_0,0.14873154
8.9656,B,mrac.roll.theta_1,0.0016894739
8.9656,B,mrac.roll.theta_2,0.0032318693
8.9656,B,mrac.roll.theta_3,0.0056740995
8.9656,B,mrac.roll.theta_4,0.1266482
8.9656,B,mrac.roll.theta_5,0.14209962
8.9656,B,mrac.roll.u_nom,0.051270582
8.9656,B,mrac.roll.xm,0.14244303
8.9656,B,mrac.yaw.theta_0,6.6749244e-06
8.9656,B,mrac.yaw.theta_1,0.002332387
8.9656,B,mrac.yaw.theta_2,0.0037114252
8.9656,B,mrac.yaw.theta_3,0
8.9656,B,mrac.yaw.theta_4,0.035025671
8.9656,B,mrac.yaw.theta_5,0.08619377
8.9656,B,mrac.yaw.u_nom,-0.031062489
8.9656,B,mrac.yaw.xm,-0.1369949
8.9656,B,mrac.z.theta_0,0.0016754942
8.9656,B,mrac.z.theta_1,0.0046098768
8.9656,B,mrac.z.theta_2,0.0064854082
8.9656,B,mrac.z.theta_3,0
8.9656,B,mrac.z.theta_4,0.19626322
8.9656,B,mrac.z.theta_5,0.19148506
8.9656,B,mrac.z.u_nom,-0.26728359
8.9656,B,mrac.z.xm,-0.11610082
8.9656,B,path.active_path_mode,0
8.9656,B,path.circle_theta,0
8.9656,B,path.sinusoid_t_elapsed,0
8.9656,B,path.twc_arrived,0
8.9656,B,path.twc_target_x,1.4901161e-06
8.9656,B,path.twc_target_y,0
8.9656,B,path.twc_target_z,0.60000002
8.9656,B,pid.gyrox.Des,8.1613808
8.9656,B,pid.gyrox.FB,-1.7939647
8.9656,B,pid.gyrox.U,59.98658
8.9656,B,pid.gyroy.Des,-11.197199
8.9656,B,pid.gyroy.FB,-7.9931846
8.9656,B,pid.gyroy.U,83.764572
8.9656,B,pid.gyroz.Des,-7.849226
8.9656,B,pid.gyroz.FB,-0.83587033
8.9656,B,pid.gyroz.U,-58.148979
8.9656,B,pid.locx.Des,1.4901161e-06
8.9656,B,pid.locx.FB,6.7414541
8.9656,B,pid.locx.U,-7.3944068
8.9656,B,pid.locxs.Des,-7.3944068
8.9656,B,pid.locxs.FB,0.034027752
8.9656,B,pid.locxs.U,-22.286106
8.9656,B,pid.locy.Des,0
8.9656,B,pid.locy.FB,27.414755
8.9656,B,pid.locy.U,-24.003792
8.9656,B,pid.locys.Des,-24.003792
8.9656,B,pid.locys.FB,1.9997106
8.9656,B,pid.locys.U,-78.106499
8.9656,B,pid.pitch.Des,-4.5735712
8.9656,B,pid.pitch.FB,-0.82014239
8.9656,B,pid.pitch.U,-11.197199
8.9656,B,pid.roll.Des,1.2239348
8.9656,B,pid.roll.FB,-1.5102091
8.9656,B,pid.roll.U,8.1613808
8.9656,B,pid.yaw.Des,0
8.9656,B,pid.yaw.FB,0.97487104
8.9656,B,pid.yaw.U,-7.849226
8.9656,B,pid.z_pos.Des,0.60000002
8.9656,B,pid.z_pos.FB,0.60972565
8.9656,B,pid.z_pos.U,-0.11610082
8.9656,B,pid.z_rate.Des,-0.11610082
8.9656,B,pid.z_rate.FB,-6.0773353e-05
8.9656,B,pid.z_rate.U,-59.33696
8.9656,B,status.vbat,0
9.1821,A,mrac.pitch.e,0.288605
9.1821,A,mrac.pitch.u_ad,-0.030455703
9.1821,A,mrac.roll.e,-0.32502881
9.1821,A,mrac.roll.u_ad,0.17426942
9.1821,A,mrac.yaw.e,0.10410926
9.1821,A,mrac.yaw.u_ad,-0.0093300687
9.1821,A,mrac.z.e,-0.091059342
9.1821,A,mrac.z.u_ad,-0.066195145
9.1821,A,status.arm,1
9.1821,A,status.flymode,1
9.1821,A,status.rc_authority,0
9.1821,A,status.sbus_lost,0
9.1821,A,status.twc_arrived,0
9.1821,A,status.twc_execute,0
9.1821,B,mrac.pitch.theta_0,9.4000726e-15
9.1821,B,mrac.pitch.theta_1,0.0041638389
9.1821,B,mrac.pitch.theta_2,0.0024464214
9.1821,B,mrac.pitch.theta_3,0.0060982034
9.1821,B,mrac.pitch.theta_4,0.11223127
9.1821,B,mrac.pitch.theta_5,0.14496994
9.1821,B,mrac.pitch.u_nom,-0.078658432
9.1821,B,mrac.pitch.xm,-0.18254064
9.1821,B,mrac.roll.theta_0,0.1487686
9.1821,B,mrac.roll.theta_1,0.0017102443
9.1821,B,mrac.roll.theta_2,0.0032330989
9.1821,B,mrac.roll.theta_3,0.0056737284
9.1821,B,mrac.roll.theta_4,0.12667811
9.1821,B,mrac.roll.theta_5,0.14209874
9.1821,B,mrac.roll.u_nom,-0.0082244026
9.1821,B,mrac.roll.xm,0.10672878
9.1821,B,mrac.yaw.theta_0,4.9401579e-06
9.1821,B,mrac.yaw.theta_1,0.0023429093
9.1821,B,mrac.yaw.theta_2,0.0037107631
9.1821,B,mrac.yaw.theta_3,0
9.1821,B,mrac.yaw.theta_4,0.035033271
9.1821,B,mrac.yaw.theta_5,0.08619196
9.1821,B,mrac.yaw.u_nom,-0.021507822
9.1821,B,mrac.yaw.xm,-0.095834382
9.1821,B,mrac.z.theta_0,0.0015221252
9.1821,B,mrac.z.theta_1,0.0046059322
9.1821,B,mrac.z.theta_2,0.0064842999
9.1821,B,mrac.z.theta_3,0
9.1821,B,mrac.z.theta_4,0.196243
9.1821,B,mrac.z.theta_5,0.19146593
9.1821,B,mrac.z.u_nom,-0.26920506
9.1821,B,mrac.z.xm,-0.11694445
9.1821,B,path.active_path_mode,0
9.1821,B,path.circle_theta,0
9.1821,B,path.sinusoid_t_elapsed,0
9.1821,B,path.twc_arrived,0
9.1821,B,path.twc_target_x,1.4901161e-06
9.1821,B,path.twc_target_y,0
9.1821,B,path.twc_target_z,0.60000002
9.1821,B,pid.gyrox.Des,6.1151061
9.1821,B,pid.gyrox.FB,5.0605397
9.1821,B,pid.gyrox.U,-9.622551
9.1821,B,pid.gyroy.Des,-10.458804
9.1821,B,pid.gyroy.FB,0.77905846
9.1821,B,pid.gyroy.U,-92.030365
9.1821,B,pid.gyroz.Des,-5.4909034
9.1821,B,pid.gyroz.FB,-0.70736438
9.1821,B,pid.gyroz.U,-40.262642
9.1821,B,pid.locx.Des,1.4901161e-06
9.1821,B,pid.locx.FB,6.7445984
9.1821,B,pid.locx.U,-7.3960471
9.1821,B,pid.locxs.Des,-7.3960471
9.1821,B,pid.locxs.FB,-0.98979402
9.1821,B,pid.locxs.U,-13.218681
9.1821,B,pid.locy.Des,0
9.1821,B,pid.locy.FB,27.639717
9.1821,B,pid.locy.U,-24.147768
9.1821,B,pid.locys.Des,-24.147768
9.1821,B,pid.locys.FB,1.0101029
9.1821,B,pid.locys.U,-75.582909
9.1821,B,pid.pitch.Des,-4.4135852
9.1821,B,pid.pitch.FB,-0.91156256
9.1821,B,pid.pitch.U,-10.458804
9.1821,B,pid.roll.Des,0.72729498
9.1821,B,pid.roll.FB,-1.3606781
9.1821,B,pid.roll.U,6.1151061
9.1821,B,pid.yaw.Des,0
9.1821,B,pid.yaw.FB,0.58181721
9.1821,B,pid.yaw.U,-5.4909034
9.1821,B,pid.z_pos.Des,0.60000002
9.1821,B,pid.z_pos.FB,0.60975081
9.1821,B,pid.z_pos.U,-0.11694445
9.1821,B,pid.z_rate.Des,-0.11694445
9.1821,B,pid.z_rate.FB,0.00016202373
9.1821,B,pid.z_rate.U,-59.763527
9.1821,B,status.vbat,0
9.3820,A,mrac.pitch.e,0.080860779
9.3820,A,mrac.pitch.u_ad,-0.030296169
9.3820,A,mrac.roll.e,-0.082502916
9.3820,A,mrac.roll.u_ad,0.17507812
9.3820,A,mrac.yaw.e,0.17491634
9.3820,A,mrac.yaw.u_ad,-0.012238626
9.3820,A,mrac.z.e,0.10730147
9.3820,A,mrac.z.u_ad,-0.065799296
9.3820,A,status.arm,1
9.3820,A,status.flymode,1
9.3820,A,status.rc_authority,0
9.3820,A,status.sbus_lost,0
9.3820,A,status.twc_arrived,0
9.3820,A,status.twc_execute,0
9.3821,B,mrac.pitch.theta_0,3.3223438e-15
9.3821,B,mrac.pitch.theta_1,0.0041329828
9.3821,B,mrac.pitch.theta_2,0.0024417436
9.3821,B,mrac.pitch.theta_3,0.0060978881
9.3821,B,mrac.pitch.theta_4,0.11232372
9.3821,B,mrac.pitch.theta_5,0.1449628
9.3821,B,mrac.pitch.u_nom,-0.14974907
9.3821,B,mrac.pitch.xm,-0.18173595
9.3821,B,mrac.roll.theta_0,0.14889425
9.3821,B,mrac.roll.theta_1,0.0016781704
9.3821,B,mrac.roll.theta_2,0.0032460212
9.3821,B,mrac.roll.theta_3,0.005673138
9.3821,B,mrac.roll.theta_4,0.12679388
9.3821,B,mrac.roll.theta_5,0.1421039
9.3821,B,mrac.roll.u_nom,0.094109662
9.3821,B,mrac.roll.xm,0.14975408
9.3821,B,mrac.yaw.theta_0,1.9848928e-06
9.3821,B,mrac.yaw.theta_1,0.002326119
9.3821,B,mrac.yaw.theta_2,0.0037082899
9.3821,B,mrac.yaw.theta_3,0
9.3821,B,mrac.yaw.theta_4,0.035077062
9.3821,B,mrac.yaw.theta_5,0.086194627
9.3821,B,mrac.yaw.u_nom,-0.015139372
9.3821,B,mrac.yaw.xm,-0.12847453
9.3821,B,mrac.z.theta_0,0.0023582615
9.3821,B,mrac.z.theta_1,0.0046406193
9.3821,B,mrac.z.theta_2,0.0064845216
9.3821,B,mrac.z.theta_3,0
9.3821,B,mrac.z.theta_4,0.19620347
9.3821,B,mrac.z.theta_5,0.19141874
9.3821,B,mrac.z.u_nom,-0.24899396
9.3821,B,mrac.z.xm,-0.11017232
9.3821,B,path.active_path_mode,0
9.3821,B,path.circle_theta,0
9.3821,B,path.sinusoid_t_elapsed,0
9.3821,B,path.twc_arrived,0
9.3821,B,path.twc_target_x,1.4901161e-06
9.3821,B,path.twc_target_y,0
9.3821,B,path.twc_target_z,0.60000002
9.3821,B,pid.gyrox.Des,8.5802727
9.3821,B,pid.gyrox.FB,-3.9057231
9.3821,B,pid.gyrox.U,110.10831
9.3821,B,pid.gyroy.Des,-10.412699
9.3821,B,pid.gyroy.FB,6.8751569
9.3821,B,pid.gyroy.U,-175.20642
9.3821,B,pid.gyroz.Des,-7.3610454
9.3821,B,pid.gyroz.FB,-4.0565505
9.3821,B,pid.gyroz.U,-28.340904
9.3821,B,pid.locx.Des,1.4901161e-06
9.3821,B,pid.locx.FB,6.7447004
9.3821,B,pid.locx.U,-7.3957591
9.3821,B,pid.locxs.Des,-7.3957591
9.3821,B,pid.locxs.FB,0
9.3821,B,pid.locxs.U,-22.187277
9.3821,B,pid.locy.Des,0
9.3821,B,pid.locy.FB,27.649715
9.3821,B,pid.locy.U,-24.119772
9.3821,B,pid.locys.Des,-24.119772
9.3821,B,pid.locys.FB,0
9.3821,B,pid.locys.U,-72.359314
9.3821,B,pid.pitch.Des,-4.2378345
9.3821,B,pid.pitch.FB,-0.78119367
9.3821,B,pid.pitch.U,-10.412699
9.3821,B,pid.roll.Des,1.2299155
9.3821,B,pid.roll.FB,-1.6444037
9.3821,B,pid.roll.U,8.5802727
9.3821,B,pid.yaw.Des,0
9.3821,B,pid.yaw.FB,0.89350754
9.3821,B,pid.yaw.U,-7.3610454
9.3821,B,pid.z_pos.Des,0.60000002
9.3821,B,pid.z_pos.FB,0.59969717
9.3821,B,pid.z_pos.U,-0.11017232
9.3821,B,pid.z_rate.Des,-0.11017232
9.3821,B,pid.z_rate.FB,-0.0046056639
9.3821,B,pid.z_rate.U,-55.276661
9.3821,B,status.vbat,0
9.5846,A,mrac.pitch.e,0.26055521
9.5846,A,mrac.pitch.u_ad,-0.03176038
9.5846,A,mrac.roll.e,-0.096635275
9.5846,A,mrac.roll.u_ad,0.17721318
9.5846,A,mrac.yaw.e,0.13859165
9.5846,A,mrac.yaw.u_ad,-0.014592897
9.5846,A,mrac.z.e,0.17986465
9.5846,A,mrac.z.u_ad,-0.09839654
9.5846,A,status.arm,1
9.5846,A,status.flymode,1
9.5846,A,status.rc_authority,0
9.5846,A,status.sbus_lost,0
9.5846,A,status.twc_arrived,0
9.5846,A,status.twc_execute,0
9.5847,B,mrac.pitch.theta_0,1.8381445e-15
9.5847,B,mrac.pitch.theta_1,0.004118206
9.5847,B,mrac.pitch.theta_2,0.0024392626
9.5847,B,mrac.pitch.theta_3,0.0060978723
9.5847,B,mrac.pitch.theta_4,0.11239339
9.5847,B,mrac.pitch.theta_5,0.14495848
9.5847,B,mrac.pitch.u_nom,-0.029881733
9.5847,B,mrac.pitch.xm,-0.18150546
9.5847,B,mrac.roll.theta_0,0.14816487
9.5847,B,mrac.roll.theta_1,0.0016560828
9.5847,B,mrac.roll.theta_2,0.0032515589
9.5847,B,mrac.roll.theta_3,0.0056724176
9.5847,B,mrac.roll.theta_4,0.12688988
9.5847,B,mrac.roll.theta_5,0.14209943
9.5847,B,mrac.roll.u_nom,0.15721491
9.5847,B,mrac.roll.xm,0.14689493
9.5847,B,mrac.yaw.theta_0,9.2282687e-07
9.5847,B,mrac.yaw.theta_1,0.0023086681
9.5847,B,mrac.yaw.theta_2,0.0037062699
9.5847,B,mrac.yaw.theta_3,0
9.5847,B,mrac.yaw.theta_4,0.035126463
9.5847,B,mrac.yaw.theta_5,0.086208694
9.5847,B,mrac.yaw.u_nom,-0.047350191
9.5847,B,mrac.yaw.xm,-0.15645932
9.5847,B,mrac.z.theta_0,0.0021598518
9.5847,B,mrac.z.theta_1,0.0046418807
9.5847,B,mrac.z.theta_2,0.0064834459
9.5847,B,mrac.z.theta_3,0
9.5847,B,mrac.z.theta_4,0.19617975
9.5847,B,mrac.z.theta_5,0.19139561
9.5847,B,mrac.z.u_nom,-0.25764531
9.5847,B,mrac.z.xm,-0.1101632
9.5847,B,path.active_path_mode,0
9.5847,B,path.circle_theta,0
9.5847,B,path.sinusoid_t_elapsed,0
9.5847,B,path.twc_arrived,0
9.5847,B,path.twc_target_x,1.4901161e-06
9.5847,B,path.twc_target_y,0
9.5847,B,path.twc_target_z,0.60000002
9.5847,B,pid.gyrox.Des,8.4164562
9.5847,B,pid.gyrox.FB,-7.7687941
9.5847,B,pid.gyrox.U,183.94145
9.5847,B,pid.gyroy.Des,-10.399492
9.5847,B,pid.gyroy.FB,3.1224327
9.5847,B,pid.gyroy.U,-34.961628
9.5847,B,pid.gyroz.Des,-8.9644547
9.5847,B,pid.gyroz.FB,1.8669862
9.5847,B,pid.gyroz.U,-88.639557
9.5847,B,pid.locx.Des,1.4901161e-06
9.5847,B,pid.locx.FB,6.8746772
9.5847,B,pid.locx.U,-7.5797234
9.5847,B,pid.locxs.Des,-7.5797234
9.5847,B,pid.locxs.FB,0
9.5847,B,pid.locxs.U,-22.835136
9.5847,B,pid.locy.Des,0
9.5847,B,pid.locy.FB,27.647295
9.5847,B,pid.locy.U,-24.116226
9.5847,B,pid.locys.Des,-24.116226
9.5847,B,pid.locys.FB,0
9.5847,B,pid.locys.U,-72.346466
9.5847,B,pid.pitch.Des,-4.2437663
9.5847,B,pid.pitch.FB,-0.89868915
9.5847,B,pid.pitch.U,-10.399492
9.5847,B,pid.roll.Des,1.2479033
9.5847,B,pid.roll.FB,-1.5178343
9.5847,B,pid.roll.U,8.4164562
9.5847,B,pid.yaw.Des,0
9.5847,B,pid.yaw.FB,1.1607424
9.5847,B,pid.yaw.U,-8.9644547
9.5847,B,pid.z_pos.Des,0.60000002
9.5847,B,pid.z_pos.FB,0.59971565
9.5847,B,pid.z_pos.U,-0.1101632
9.5847,B,pid.z_rate.Des,-0.1101632
9.5847,B,pid.z_rate.FB,0.00020494817
9.5847,B,pid.z_rate.U,-57.197258
9.5847,B,status.vbat,0
9.7995,A,mrac.pitch.e,0.17959285
9.7995,A,mrac.pitch.u_ad,-0.031655863
9.7995,A,mrac.roll.e,-0.14114277
9.7995,A,mrac.roll.u_ad,0.17655382
9.7995,A,mrac.yaw.e,0.21265566
9.7995,A,mrac.yaw.u_ad,-0.01723109
9.7995,A,mrac.z.e,0.14075774
9.7995,A,mrac.z.u_ad,-0.092239112
9.7995,A,status.arm,1
9.7995,A,status.flymode,1
9.7995,A,status.rc_authority,0
9.7995,A,status.sbus_lost,0
9.7995,A,status.twc_arrived,0
9.7995,A,status.twc_execute,0
9.7995,B,mrac.pitch.theta_0,0.00021128477
9.7995,B,mrac.pitch.theta_1,0.0040196422
9.7995,B,mrac.pitch.theta_2,0.0024334155
9.7995,B,mrac.pitch.theta_3,0.0060972753
9.7995,B,mrac.pitch.theta_4,0.11251975
9.7995,B,mrac.pitch.theta_5,0.14494972
9.7995,B,mrac.pitch.u_nom,-0.0030466618
9.7995,B,mrac.pitch.xm,-0.17448314
9.7995,B,mrac.roll.theta_0,0.14807521
9.7995,B,mrac.roll.theta_1,0.0016248935
9.7995,B,mrac.roll.theta_2,0.0032636081
9.7995,B,mrac.roll.theta_3,0.0056719575
9.7995,B,mrac.roll.theta_4,0.1270296
9.7995,B,mrac.roll.theta_5,0.14210518
9.7995,B,mrac.roll.u_nom,-0.043478038
9.7995,B,mrac.roll.xm,0.15946652
9.7995,B,mrac.yaw.theta_0,2.6316184e-07
9.7995,B,mrac.yaw.theta_1,0.0022921287
9.7995,B,mrac.yaw.theta_2,0.0037034804
9.7995,B,mrac.yaw.theta_3,0
9.7995,B,mrac.yaw.theta_4,0.035216317
9.7995,B,mrac.yaw.theta_5,0.086245
9.7995,B,mrac.yaw.u_nom,-0.051684756
9.7995,B,mrac.yaw.xm,-0.18440436
9.7995,B,mrac.z.theta_0,0.0017584212
9.7995,B,mrac.z.theta_1,0.0044421419
9.7995,B,mrac.z.theta_2,0.0064680674
9.7995,B,mrac.z.theta_3,0
9.7995,B,mrac.z.theta_4,0.19624466
9.7995,B,mrac.z.theta_5,0.19140388
9.7995,B,mrac.z.u_nom,-0.34167218
9.7995,B,mrac.z.xm,-0.12590414
9.7995,B,path.active_path_mode,0
9.7995,B,path.circle_theta,0
9.7995,B,path.sinusoid_t_elapsed,0
9.7995,B,path.twc_arrived,0
9.7995,B,path.twc_target_x,1.4901161e-06
9.7995,B,path.twc_target_y,0
9.7995,B,path.twc_target_z,0.60000002
9.7995,B,pid.gyrox.Des,9.136755
9.7995,B,pid.gyrox.FB,-0.087004296
9.7995,B,pid.gyrox.U,-50.869305
9.7995,B,pid.gyroy.Des,-9.9971428
9.7995,B,pid.gyroy.FB,-0.45079479
9.7995,B,pid.gyroy.U,-3.5645943
9.7995,B,pid.gyroz.Des,-10.565587
9.7995,B,pid.gyroz.FB,1.2780576
9.7995,B,pid.gyroz.U,-96.75386
9.7995,B,pid.locx.Des,1.4901161e-06
9.7995,B,pid.locx.FB,7.3270998
9.7995,B,pid.locx.U,-7.9006705
9.7995,B,pid.locxs.Des,-7.9006705
9.7995,B,pid.locxs.FB,0.97477591
9.7995,B,pid.locxs.U,-26.670931
9.7995,B,pid.locy.Des,0
9.7995,B,pid.locy.FB,27.52739
9.7995,B,pid.locy.U,-23.980927
9.7995,B,pid.locys.Des,-23.980927
9.7995,B,pid.locys.FB,-1.0246032
9.7995,B,pid.locys.U,-68.817673
9.7995,B,pid.pitch.Des,-4.0501833
9.7995,B,pid.pitch.FB,-0.67726475
9.7995,B,pid.pitch.U,-9.9971428
9.7995,B,pid.roll.Des,1.4571913
9.7995,B,pid.roll.FB,-1.4705387
9.7995,B,pid.roll.U,9.136755
9.7995,B,pid.yaw.Des,0
9.7995,B,pid.yaw.FB,1.4275979
9.7995,B,pid.yaw.U,-10.565587
9.7995,B,pid.z_pos.Des,0.60000002
9.7995,B,pid.z_pos.FB,0.61975253
9.7995,B,pid.z_pos.U,-0.12590414
9.7995,B,pid.z_rate.Des,-0.12590414
9.7995,B,pid.z_rate.FB,0.031098917
9.7995,B,pid.z_rate.U,-75.851227
9.7995,B,status.vbat,0
10.0157,A,mrac.pitch.e,0.13938943
10.0157,A,mrac.pitch.u_ad,-0.027019707
10.0157,A,mrac.roll.e,-0.19720179
10.0157,A,mrac.roll.u_ad,0.17596075
10.0157,A,mrac.yaw.e,0.23679943
10.0157,A,mrac.yaw.u_ad,-0.017519617
10.0157,A,mrac.z.e,0.14052072
10.0157,A,mrac.z.u_ad,-0.09051422
10.0157,A,status.arm,1
10.0157,A,status.flymode,1
10.0157,A,status.rc_authority,0
10.0157,A,status.sbus_lost,0
10.0157,A,status.twc_arrived,0
10.0157,A,status.twc_execute,0
10.0158,B,mrac.pitch.theta_0,0.00010549358
10.0158,B,mrac.pitch.theta_1,0.0039925287
10.0158,B,mrac.pitch.theta_2,0.0024292194
10.0158,B,mrac.pitch.theta_3,0.0060961992
10.0158,B,mrac.pitch.theta_4,0.11258749
10.0158,B,mrac.pitch.theta_5,0.1449465
10.0158,B,mrac.pitch.u_nom,-0.019694652
10.0158,B,mrac.pitch.xm,-0.14879824
10.0158,B,mrac.roll.theta_0,0.14838009
10.0158,B,mrac.roll.theta_1,0.0016454725
10.0158,B,mrac.roll.theta_2,0.003265782
10.0158,B,mrac.roll.theta_3,0.0056710211
10.0158,B,mrac.roll.theta_4,0.12705666
10.0158,B,mrac.roll.theta_5,0.1421106
10.0158,B,mrac.roll.u_nom,0.034660537
10.0158,B,mrac.roll.xm,0.12237274
10.0158,B,mrac.yaw.theta_0,1.1841738e-07
10.0158,B,mrac.yaw.theta_1,0.0023004997
10.0158,B,mrac.yaw.theta_2,0.0037024596
10.0158,B,mrac.yaw.theta_3,0
10.0158,B,mrac.yaw.theta_4,0.035269801
10.0158,B,mrac.yaw.theta_5,0.086271569
10.0158,B,mrac.yaw.u_nom,-0.047747571
10.0158,B,mrac.yaw.xm,-0.18056776
10.0158,B,mrac.z.theta_0,0.0015355146
10.0158,B,mrac.z.theta_1,0.0043325471
10.0158,B,mrac.z.theta_2,0.0064595346
10.0158,B,mrac.z.theta_3,0
10.0158,B,mrac.z.theta_4,0.19628561
10.0158,B,mrac.z.theta_5,0.19141567
10.0158,B,mrac.z.u_nom,-0.34438556
10.0158,B,mrac.z.xm,-0.1350908
10.0158,B,path.active_path_mode,0
10.0158,B,path.circle_theta,0
10.0158,B,path.sinusoid_t_elapsed,0
10.0158,B,path.twc_arrived,0
10.0158,B,path.twc_target_x,1.4901161e-06
10.0158,B,path.twc_target_y,0
10.0158,B,path.twc_target_z,0.60000002
10.0158,B,pid.gyrox.Des,7.0114384
10.0158,B,pid.gyrox.FB,0.9147712
10.0158,B,pid.gyrox.U,40.552826
10.0158,B,pid.gyroy.Des,-8.5255079
10.0158,B,pid.gyroy.FB,-3.459902
10.0158,B,pid.gyroy.U,-23.042744
10.0158,B,pid.gyroz.Des,-10.345766
10.0158,B,pid.gyroz.FB,0.57322067
10.0158,B,pid.gyroz.U,-89.383453
10.0158,B,pid.locx.Des,1.4901161e-06
10.0158,B,pid.locx.FB,7.5979724
10.0158,B,pid.locx.U,-8.1494789
10.0158,B,pid.locxs.Des,-8.1494789
10.0158,B,pid.locxs.FB,0.95115644
10.0158,B,pid.locxs.U,-21.252728
10.0158,B,pid.locy.Des,0
10.0158,B,pid.locy.FB,27.355705
10.0158,B,pid.locy.U,-23.846827
10.0158,B,pid.locys.Des,-23.846827
10.0158,B,pid.locys.FB,-2.023685
10.0158,B,pid.locys.U,-59.56773
10.0158,B,pid.pitch.Des,-3.5042717
10.0158,B,pid.pitch.FB,-0.63875484
10.0158,B,pid.pitch.U,-8.5255079
10.0158,B,pid.roll.Des,1.1566238
10.0158,B,pid.roll.FB,-1.178072
10.0158,B,pid.roll.U,7.0114384
10.0158,B,pid.yaw.Des,0
10.0158,B,pid.yaw.FB,1.3909609
10.0158,B,pid.yaw.U,-10.345766
10.0158,B,pid.z_pos.Des,0.60000002
10.0158,B,pid.z_pos.FB,0.62982768
10.0158,B,pid.z_pos.U,-0.1350908
10.0158,B,pid.z_rate.Des,-0.1350908
10.0158,B,pid.z_rate.FB,0.023418184
10.0158,B,pid.z_rate.U,-76.453598
10.0158,B,status.vbat,0
10.2330,A,mrac.pitch.e,0.17453493
10.2330,A,mrac.pitch.u_ad,-0.027402734
10.2330,A,mrac.roll.e,-0.2232074
10.2330,A,mrac.roll.u_ad,0.17254116
10.2330,A,mrac.yaw.e,0.11826006
10.2330,A,mrac.yaw.u_ad,-0.015284829
10.2330,A,mrac.z.e,-0.14788519
10.2330,A,mrac.z.u_ad,-0.029210672
10.2330,A,status.arm,1
10.2330,A,status.flymode,1
10.2330,A,status.rc_authority,0
10.2330,A,status.sbus_lost,0
10.2330,A,status.twc_arrived,0
10.2330,A,status.twc_execute,0
10.2331,B,mrac.pitch.theta_0,3.9483402e-05
10.2331,B,mrac.pitch.theta_1,0.0039570876
10.2331,B,mrac.pitch.theta_2,0.0024263638
10.2331,B,mrac.pitch.theta_3,0.0060961638
10.2331,B,mrac.pitch.theta_4,0.11266416
10.2331,B,mrac.pitch.theta_5,0.14493307
10.2331,B,mrac.pitch.u_nom,-0.13140793
10.2331,B,mrac.pitch.xm,-0.14662686
10.2331,B,mrac.roll.theta_0,0.14867072
10.2331,B,mrac.roll.theta_1,0.0016783301
10.2331,B,mrac.roll.theta_2,0.0032670649
10.2331,B,mrac.roll.theta_3,0.0056700204
10.2331,B,mrac.roll.theta_4,0.12709579
10.2331,B,mrac.roll.theta_5,0.14212154
10.2331,B,mrac.roll.u_nom,-0.069861032
10.2331,B,mrac.roll.xm,0.1506082
10.2331,B,mrac.yaw.theta_0,3.8782854e-08
10.2331,B,mrac.yaw.theta_1,0.0023239432
10.2331,B,mrac.yaw.theta_2,0.0037003888
10.2331,B,mrac.yaw.theta_3,0
10.2331,B,mrac.yaw.theta_4,0.03534041
10.2331,B,mrac.yaw.theta_5,0.086305507
10.2331,B,mrac.yaw.u_nom,-0.014470782
10.2331,B,mrac.yaw.xm,-0.16148239
10.2331,B,mrac.z.theta_0,0.0016846799
10.2331,B,mrac.z.theta_1,0.0043722442
10.2331,B,mrac.z.theta_2,0.0064584566
10.2331,B,mrac.z.theta_3,0
10.2331,B,mrac.z.theta_4,0.19626763
10.2331,B,mrac.z.theta_5,0.19139899
10.2331,B,mrac.z.u_nom,-0.25708038
10.2331,B,mrac.z.xm,-0.13126457
10.2331,B,path.active_path_mode,0
10.2331,B,path.circle_theta,0
10.2331,B,path.sinusoid_t_elapsed,0
10.2331,B,path.twc_arrived,0
10.2331,B,path.twc_target_x,1.4901161e-06
10.2331,B,path.twc_target_y,0
10.2331,B,path.twc_target_z,0.60000002
10.2331,B,pid.gyrox.Des,8.6292105
10.2331,B,pid.gyrox.FB,8.9437017
10.2331,B,pid.gyrox.U,-81.737404
10.2331,B,pid.gyroy.Des,-8.4010963
10.2331,B,pid.gyroy.FB,2.2822211
10.2331,B,pid.gyroy.U,-153.74728
10.2331,B,pid.gyroz.Des,-9.2522554
10.2331,B,pid.gyroz.FB,-6.1078835
10.2331,B,pid.gyroz.U,-27.089304
10.2331,B,pid.locx.Des,1.4901161e-06
10.2331,B,pid.locx.FB,8.1106501
10.2331,B,pid.locx.U,-8.5589447
10.2331,B,pid.locxs.Des,-8.5589447
10.2331,B,pid.locxs.FB,1.9362719
10.2331,B,pid.locxs.U,-31.345469
10.2331,B,pid.locy.Des,0
10.2331,B,pid.locy.FB,26.833324
10.2331,B,pid.locy.U,-23.393116
10.2331,B,pid.locys.Des,-23.393116
10.2331,B,pid.locys.FB,-3.0415211
10.2331,B,pid.locys.U,-60.965755
10.2331,B,pid.pitch.Des,-3.5943408
10.2331,B,pid.pitch.FB,-0.69731426
10.2331,B,pid.pitch.U,-8.4010963
10.2331,B,pid.roll.Des,1.75515
10.2331,B,pid.roll.FB,-1.1533993
10.2331,B,pid.roll.U,8.6292105
10.2331,B,pid.yaw.Des,0
10.2331,B,pid.yaw.FB,1.2087092
10.2331,B,pid.yaw.U,-9.2522554
10.2331,B,pid.z_pos.Des,0.60000002
10.2331,B,pid.z_pos.FB,0.61982852
10.2331,B,pid.z_pos.U,-0.13126457
10.2331,B,pid.z_rate.Des,-0.13126457
10.2331,B,pid.z_rate.FB,-0.021209955
10.2331,B,pid.z_rate.U,-57.071842
10.2331,B,status.vbat,0
10.4493,A,mrac.pitch.e,0.22386068
10.4493,A,mrac.pitch.u_ad,-0.032721568
10.4493,A,mrac.roll.e,-0.17141035
10.4493,A,mrac.roll.u_ad,0.17001422
10.4493,A,mrac.yaw.e,0.081158005
10.4493,A,mrac.yaw.u_ad,-0.013883581
10.4493,A,mrac.z.e,0.068342194
10.4493,A,mrac.z.u_ad,-0.035471942
10.4493,A,status.arm,1
10.4493,A,status.flymode,1
10.4493,A,status.rc_authority,0
10.4493,A,status.sbus_lost,0
10.4493,A,status.twc_arrived,0
10.4493,A,status.twc_execute,0
10.4494,B,mrac.pitch.theta_0,1.9782694e-05
10.4494,B,mrac.pitch.theta_1,0.0039359918
10.4494,B,mrac.pitch.theta_2,0.0024245232
10.4494,B,mrac.pitch.theta_3,0.0060955221
10.4494,B,mrac.pitch.theta_4,0.11271778
10.4494,B,mrac.pitch.theta_5,0.14492536
10.4494,B,mrac.pitch.u_nom,0.0041332897
10.4494,B,mrac.pitch.xm,-0.16316596
10.4494,B,mrac.roll.theta_0,0.14858726
10.4494,B,mrac.roll.theta_1,0.0016770901
10.4494,B,mrac.roll.theta_2,0.0032696007
10.4494,B,mrac.roll.theta_3,0.0056692567
10.4494,B,mrac.roll.theta_4,0.12715288
10.4494,B,mrac.roll.theta_5,0.14212154
10.4494,B,mrac.roll.u_nom,-0.089536019
10.4494,B,mrac.roll.xm,0.14372535
10.4494,B,mrac.yaw.theta_0,1.9952061e-08
10.4494,B,mrac.yaw.theta_1,0.0023340157
10.4494,B,mrac.yaw.theta_2,0.0036992887
10.4494,B,mrac.yaw.theta_3,0
10.4494,B,mrac.yaw.theta_4,0.035374641
10.4494,B,mrac.yaw.theta_5,0.086317152
10.4494,B,mrac.yaw.u_nom,-0.037736919
10.4494,B,mrac.yaw.xm,-0.14966093
10.4494,B,mrac.z.theta_0,0.0073787058
10.4494,B,mrac.z.theta_1,0.0043305038
10.4494,B,mrac.z.theta_2,0.0064722202
10.4494,B,mrac.z.theta_3,0
10.4494,B,mrac.z.theta_4,0.19623849
10.4494,B,mrac.z.theta_5,0.19129848
10.4494,B,mrac.z.u_nom,0.04305673
10.4494,B,mrac.z.xm,-0.1103911
10.4494,B,path.active_path_mode,0
10.4494,B,path.circle_theta,0
10.4494,B,path.sinusoid_t_elapsed,0
10.4494,B,path.twc_arrived,0
10.4494,B,path.twc_target_x,1.4901161e-06
10.4494,B,path.twc_target_y,0
10.4494,B,path.twc_target_z,0.60000002
10.4494,B,pid.gyrox.Des,8.2348528
10.4494,B,pid.gyrox.FB,9.7943201
10.4494,B,pid.gyrox.U,-104.75714
10.4494,B,pid.gyroy.Des,-9.3487167
10.4494,B,pid.gyroy.FB,-0.59908319
10.4494,B,pid.gyroy.U,4.8359489
10.4494,B,pid.gyroz.Des,-8.5749359
10.4494,B,pid.gyroz.FB,0.0082552535
10.4494,B,pid.gyroz.U,-70.643509
10.4494,B,pid.locx.Des,1.4901161e-06
10.4494,B,pid.locx.FB,8.4444065
10.4494,B,pid.locx.U,-8.826829
10.4494,B,pid.locxs.Des,-8.826829
10.4494,B,pid.locxs.FB,0.96156806
10.4494,B,pid.locxs.U,-29.4562
10.4494,B,pid.locy.Des,0
10.4494,B,pid.locy.FB,26.511732
10.4494,B,pid.locy.U,-23.172026
10.4494,B,pid.locys.Des,-23.172026
10.4494,B,pid.locys.FB,-2.0187588
10.4494,B,pid.locys.U,-63.407909
10.4494,B,pid.pitch.Des,-3.7310162
10.4494,B,pid.pitch.FB,-0.5901044
10.4494,B,pid.pitch.U,-9.3487167
10.4494,B,pid.roll.Des,1.649285
10.4494,B,pid.roll.FB,-1.004845
10.4494,B,pid.roll.U,8.2348528
10.4494,B,pid.yaw.Des,0
10.4494,B,pid.yaw.FB,1.0958227
10.4494,B,pid.yaw.U,-8.5749359
10.4494,B,pid.z_pos.Des,0.60000002
10.4494,B,pid.z_pos.FB,0.58987796
10.4494,B,pid.z_pos.U,-0.1103911
10.4494,B,pid.z_rate.Des,-0.1103911
10.4494,B,pid.z_rate.FB,-0.16666538
10.4494,B,pid.z_rate.U,9.5585938
10.4494,B,status.vbat,0
10.6500,A,mrac.pitch.e,0.17055023
10.6500,A,mrac.pitch.u_ad,-0.033151288
10.6500,A,mrac.roll.e,-0.091865852
10.6500,A,mrac.roll.u_ad,0.16801952
10.6500,A,mrac.yaw.e,0.14327778
10.6500,A,mrac.yaw.u_ad,-0.013654044
10.6500,A,mrac.z.e,0.22175938
10.6500,A,mrac.z.u_ad,-0.090986885
10.6500,A,status.arm,1
10.6500,A,status.flymode,1
10.6500,A,status.rc_authority,0
10.6500,A,status.sbus_lost,0
10.6500,A,status.twc_arrived,0
10.6500,A,status.twc_execute,0
10.6501,B,mrac.pitch.theta_0,6.338295e-06
10.6501,B,mrac.pitch.theta_1,0.0039088931
10.6501,B,mrac.pitch.theta_2,0.0024198352
10.6501,B,mrac.pitch.theta_3,0.0060950969
10.6501,B,mrac.pitch.theta_4,0.11283173
10.6501,B,mrac.pitch.theta_5,0.14492531
10.6501,B,mrac.pitch.u_nom,0.049175348
10.6501,B,mrac.pitch.xm,-0.1947954
10.6501,B,mrac.roll.theta_0,0.1482892
10.6501,B,mrac.roll.theta_1,0.001665225
10.6501,B,mrac.roll.theta_2,0.0032716796
10.6501,B,mrac.roll.theta_3,0.0056682476
10.6501,B,mrac.roll.theta_4,0.12721576
10.6501,B,mrac.roll.theta_5,0.14210707
10.6501,B,mrac.roll.u_nom,0.094100609
10.6501,B,mrac.roll.xm,0.11048368
10.6501,B,mrac.yaw.theta_0,7.6374844e-09
10.6501,B,mrac.yaw.theta_1,0.002341293
10.6501,B,mrac.yaw.theta_2,0.0036973485
10.6501,B,mrac.yaw.theta_3,0
10.6501,B,mrac.yaw.theta_4,0.035424158
10.6501,B,mrac.yaw.theta_5,0.086330473
10.6501,B,mrac.yaw.u_nom,-0.024457708
10.6501,B,mrac.yaw.xm,-0.14414781
10.6501,B,mrac.z.theta_0,0.0066242944
10.6501,B,mrac.z.theta_1,0.0043408005
10.6501,B,mrac.z.theta_2,0.0064667584
10.6501,B,mrac.z.theta_3,0
10.6501,B,mrac.z.theta_4,0.19621724
10.6501,B,mrac.z.theta_5,0.19127019
10.6501,B,mrac.z.u_nom,-0.52930093
10.6501,B,mrac.z.xm,-0.11625756
10.6501,B,path.active_path_mode,0
10.6501,B,path.circle_theta,0
10.6501,B,path.sinusoid_t_elapsed,0
10.6501,B,path.twc_arrived,0
10.6501,B,path.twc_target_x,1.4901161e-06
10.6501,B,path.twc_target_y,0
10.6501,B,path.twc_target_z,0.60000002
10.6501,B,pid.gyrox.Des,6.330246
10.6501,B,pid.gyrox.FB,-2.867732
10.6501,B,pid.gyrox.U,110.09771
10.6501,B,pid.gyroy.Des,-11.16095
10.6501,B,pid.gyroy.FB,-5.8588638
10.6501,B,pid.gyroy.U,57.535156
10.6501,B,pid.gyroz.Des,-8.259058
10.6501,B,pid.gyroz.FB,-2.7876334
10.6501,B,pid.gyroz.U,-45.784828
10.6501,B,pid.locx.Des,1.4901161e-06
10.6501,B,pid.locx.FB,8.6532869
10.6501,B,pid.locx.U,-8.923296
10.6501,B,pid.locxs.Des,-8.923296
10.6501,B,pid.locxs.FB,-0.99983424
10.6501,B,pid.locxs.U,-23.771309
10.6501,B,pid.locy.Des,0
10.6501,B,pid.locy.FB,26.447945
10.6501,B,pid.locy.U,-23.194349
10.6501,B,pid.locys.Des,-23.194349
10.6501,B,pid.locys.FB,0.018205842
10.6501,B,pid.locys.U,-69.687378
10.6501,B,pid.pitch.Des,-4.088757
10.6501,B,pid.pitch.FB,-0.38968703
10.6501,B,pid.pitch.U,-11.16095
10.6501,B,pid.roll.Des,1.3142334
10.6501,B,pid.roll.FB,-0.81747282
10.6501,B,pid.roll.U,6.330246
10.6501,B,pid.yaw.Des,0
10.6501,B,pid.yaw.FB,1.0431763
10.6501,B,pid.yaw.U,-8.259058
10.6501,B,pid.z_pos.Des,0.60000002
10.6501,B,pid.z_pos.FB,0.59992498
10.6501,B,pid.z_pos.U,-0.11625756
10.6501,B,pid.z_rate.Des,-0.11625756
10.6501,B,pid.z_rate.FB,0.14487946
10.6501,B,pid.z_rate.U,-117.50481
10.6501,B,status.vbat,0
10.8508,A,mrac.pitch.e,0.17055023
10.8508,A,mrac.pitch.u_ad,-0.033151288
10.8508,A,mrac.roll.e,-0.091865852
10.8508,A,mrac.roll.u_ad,0.16801952
10.8508,A,mrac.yaw.e,0.14327778
10.8508,A,mrac.yaw.u_ad,-0.013654044
10.8508,A,mrac.z.e,0.22175938
10.8508,A,mrac.z.u_ad,-0.090986885
10.8508,A,status.arm,1
10.8508,A,status.flymode,1
10.8508,A,status.rc_authority,0
10.8508,A,status.sbus_lost,0
10.8508,A,status.twc_arrived,0
10.8508,A,status.twc_execute,0
10.8509,B,mrac.pitch.theta_0,6.338295e-06
10.8509,B,mrac.pitch.theta_1,0.0039088931
10.8509,B,mrac.pitch.theta_2,0.0024198352
10.8509,B,mrac.pitch.theta_3,0.0060950969
10.8509,B,mrac.pitch.theta_4,0.11283173
10.8509,B,mrac.pitch.theta_5,0.14492531
10.8509,B,mrac.pitch.u_nom,0.049175348
10.8509,B,mrac.pitch.xm,-0.1947954
10.8509,B,mrac.roll.theta_0,0.1482892
10.8509,B,mrac.roll.theta_1,0.001665225
10.8509,B,mrac.roll.theta_2,0.0032716796
10.8509,B,mrac.roll.theta_3,0.0056682476
10.8509,B,mrac.roll.theta_4,0.12721576
10.8509,B,mrac.roll.theta_5,0.14210707
10.8509,B,mrac.roll.u_nom,0.094100609
10.8509,B,mrac.roll.xm,0.11048368
10.8509,B,mrac.yaw.theta_0,7.6374844e-09
10.8509,B,mrac.yaw.theta_1,0.002341293
10.8509,B,mrac.yaw.theta_2,0.0036973485
10.8509,B,mrac.yaw.theta_3,0
10.8509,B,mrac.yaw.theta_4,0.035424158
10.8509,B,mrac.yaw.theta_5,0.086330473
10.8509,B,mrac.yaw.u_nom,-0.024457708
10.8509,B,mrac.yaw.xm,-0.14414781
10.8509,B,mrac.z.theta_0,0.0066242944
10.8509,B,mrac.z.theta_1,0.0043408005
10.8509,B,mrac.z.theta_2,0.0064667584
10.8509,B,mrac.z.theta_3,0
10.8509,B,mrac.z.theta_4,0.19621724
10.8509,B,mrac.z.theta_5,0.19127019
10.8509,B,mrac.z.u_nom,-0.52930093
10.8509,B,mrac.z.xm,-0.11625756
10.8509,B,path.active_path_mode,0
10.8509,B,path.circle_theta,0
10.8509,B,path.sinusoid_t_elapsed,0
10.8509,B,path.twc_arrived,0
10.8509,B,path.twc_target_x,1.4901161e-06
10.8509,B,path.twc_target_y,0
10.8509,B,path.twc_target_z,0.60000002
10.8509,B,pid.gyrox.Des,6.330246
10.8509,B,pid.gyrox.FB,-2.867732
10.8509,B,pid.gyrox.U,110.09771
10.8509,B,pid.gyroy.Des,-11.16095
10.8509,B,pid.gyroy.FB,-5.8588638
10.8509,B,pid.gyroy.U,57.535156
10.8509,B,pid.gyroz.Des,-8.259058
10.8509,B,pid.gyroz.FB,-2.7876334
10.8509,B,pid.gyroz.U,-45.784828
10.8509,B,pid.locx.Des,1.4901161e-06
10.8509,B,pid.locx.FB,8.6532869
10.8509,B,pid.locx.U,-8.923296
10.8509,B,pid.locxs.Des,-8.923296
10.8509,B,pid.locxs.FB,-0.99983424
10.8509,B,pid.locxs.U,-23.771309
10.8509,B,pid.locy.Des,0
10.8509,B,pid.locy.FB,26.447945
10.8509,B,pid.locy.U,-23.194349
10.8509,B,pid.locys.Des,-23.194349
10.8509,B,pid.locys.FB,0.018205842
10.8509,B,pid.locys.U,-69.687378
10.8509,B,pid.pitch.Des,-4.088757
10.8509,B,pid.pitch.FB,-0.38968703
10.8509,B,pid.pitch.U,-11.16095
10.8509,B,pid.roll.Des,1.3142334
10.8509,B,pid.roll.FB,-0.81747282
10.8509,B,pid.roll.U,6.330246
10.8509,B,pid.yaw.Des,0
10.8509,B,pid.yaw.FB,1.0431763
10.8509,B,pid.yaw.U,-8.259058
10.8509,B,pid.z_pos.Des,0.60000002
10.8509,B,pid.z_pos.FB,0.59992498
10.8509,B,pid.z_pos.U,-0.11625756
10.8509,B,pid.z_rate.Des,-0.11625756
10.8509,B,pid.z_rate.FB,0.14487946
10.8509,B,pid.z_rate.U,-117.50481
10.8509,B,status.vbat,0
11.0507,A,mrac.pitch.e,0.17055023
11.0507,A,mrac.pitch.u_ad,-0.033151288
11.0507,A,mrac.roll.e,-0.091865852
11.0507,A,mrac.roll.u_ad,0.16801952
11.0507,A,mrac.yaw.e,0.14327778
11.0507,A,mrac.yaw.u_ad,-0.013654044
11.0507,A,mrac.z.e,0.22175938
11.0507,A,mrac.z.u_ad,-0.090986885
11.0507,A,status.arm,1
11.0507,A,status.flymode,1
11.0507,A,status.rc_authority,0
11.0507,A,status.sbus_lost,0
11.0507,A,status.twc_arrived,0
11.0507,A,status.twc_execute,0
11.0508,B,mrac.pitch.theta_0,6.338295e-06
11.0508,B,mrac.pitch.theta_1,0.0039088931
11.0508,B,mrac.pitch.theta_2,0.0024198352
11.0508,B,mrac.pitch.theta_3,0.0060950969
11.0508,B,mrac.pitch.theta_4,0.11283173
11.0508,B,mrac.pitch.theta_5,0.14492531
11.0508,B,mrac.pitch.u_nom,0.049175348
11.0508,B,mrac.pitch.xm,-0.1947954
11.0508,B,mrac.roll.theta_0,0.1482892
11.0508,B,mrac.roll.theta_1,0.001665225
11.0508,B,mrac.roll.theta_2,0.0032716796
11.0508,B,mrac.roll.theta_3,0.0056682476
11.0508,B,mrac.roll.theta_4,0.12721576
11.0508,B,mrac.roll.theta_5,0.14210707
11.0508,B,mrac.roll.u_nom,0.094100609
11.0508,B,mrac.roll.xm,0.11048368
11.0508,B,mrac.yaw.theta_0,7.6374844e-09
11.0508,B,mrac.yaw.theta_1,0.002341293
11.0508,B,mrac.yaw.theta_2,0.0036973485
11.0508,B,mrac.yaw.theta_3,0
11.0508,B,mrac.yaw.theta_4,0.035424158
11.0508,B,mrac.yaw.theta_5,0.086330473
11.0508,B,mrac.yaw.u_nom,-0.024457708
11.0508,B,mrac.yaw.xm,-0.14414781
11.0508,B,mrac.z.theta_0,0.0066242944
11.0508,B,mrac.z.theta_1,0.0043408005
11.0508,B,mrac.z.theta_2,0.0064667584
11.0508,B,mrac.z.theta_3,0
11.0508,B,mrac.z.theta_4,0.19621724
11.0508,B,mrac.z.theta_5,0.19127019
11.0508,B,mrac.z.u_nom,-0.52930093
11.0508,B,mrac.z.xm,-0.11625756
11.0508,B,path.active_path_mode,0
11.0508,B,path.circle_theta,0
11.0508,B,path.sinusoid_t_elapsed,0
11.0508,B,path.twc_arrived,0
11.0508,B,path.twc_target_x,1.4901161e-06
11.0508,B,path.twc_target_y,0
11.0508,B,path.twc_target_z,0.60000002
11.0508,B,pid.gyrox.Des,6.330246
11.0508,B,pid.gyrox.FB,-2.867732
11.0508,B,pid.gyrox.U,110.09771
11.0508,B,pid.gyroy.Des,-11.16095
11.0508,B,pid.gyroy.FB,-5.8588638
11.0508,B,pid.gyroy.U,57.535156
11.0508,B,pid.gyroz.Des,-8.259058
11.0508,B,pid.gyroz.FB,-2.7876334
11.0508,B,pid.gyroz.U,-45.784828
11.0508,B,pid.locx.Des,1.4901161e-06
11.0508,B,pid.locx.FB,8.6532869
11.0508,B,pid.locx.U,-8.923296
11.0508,B,pid.locxs.Des,-8.923296
11.0508,B,pid.locxs.FB,-0.99983424
11.0508,B,pid.locxs.U,-23.771309
11.0508,B,pid.locy.Des,0
11.0508,B,pid.locy.FB,26.447945
11.0508,B,pid.locy.U,-23.194349
11.0508,B,pid.locys.Des,-23.194349
11.0508,B,pid.locys.FB,0.018205842
11.0508,B,pid.locys.U,-69.687378
11.0508,B,pid.pitch.Des,-4.088757
11.0508,B,pid.pitch.FB,-0.38968703
11.0508,B,pid.pitch.U,-11.16095
11.0508,B,pid.roll.Des,1.3142334
11.0508,B,pid.roll.FB,-0.81747282
11.0508,B,pid.roll.U,6.330246
11.0508,B,pid.yaw.Des,0
11.0508,B,pid.yaw.FB,1.0431763
11.0508,B,pid.yaw.U,-8.259058
11.0508,B,pid.z_pos.Des,0.60000002
11.0508,B,pid.z_pos.FB,0.59992498
11.0508,B,pid.z_pos.U,-0.11625756
11.0508,B,pid.z_rate.Des,-0.11625756
11.0508,B,pid.z_rate.FB,0.14487946
11.0508,B,pid.z_rate.U,-117.50481
11.0508,B,status.vbat,0
11.2661,A,mrac.pitch.e,0.17055023
11.2661,A,mrac.pitch.u_ad,-0.033151288
11.2661,A,mrac.roll.e,-0.091865852
11.2661,A,mrac.roll.u_ad,0.16801952
11.2661,A,mrac.yaw.e,0.14327778
11.2661,A,mrac.yaw.u_ad,-0.013654044
11.2661,A,mrac.z.e,0.22175938
11.2661,A,mrac.z.u_ad,-0.090986885
11.2661,A,status.arm,1
11.2661,A,status.flymode,1
11.2661,A,status.rc_authority,0
11.2661,A,status.sbus_lost,0
11.2661,A,status.twc_arrived,0
11.2661,A,status.twc_execute,0
11.2661,B,mrac.pitch.theta_0,6.338295e-06
11.2661,B,mrac.pitch.theta_1,0.0039088931
11.2661,B,mrac.pitch.theta_2,0.0024198352
11.2661,B,mrac.pitch.theta_3,0.0060950969
11.2661,B,mrac.pitch.theta_4,0.11283173
11.2661,B,mrac.pitch.theta_5,0.14492531
11.2661,B,mrac.pitch.u_nom,0.049175348
11.2661,B,mrac.pitch.xm,-0.1947954
11.2661,B,mrac.roll.theta_0,0.1482892
11.2661,B,mrac.roll.theta_1,0.001665225
11.2661,B,mrac.roll.theta_2,0.0032716796
11.2661,B,mrac.roll.theta_3,0.0056682476
11.2661,B,mrac.roll.theta_4,0.12721576
11.2661,B,mrac.roll.theta_5,0.14210707
11.2661,B,mrac.roll.u_nom,0.094100609
11.2661,B,mrac.roll.xm,0.11048368
11.2661,B,mrac.yaw.theta_0,7.6374844e-09
11.2661,B,mrac.yaw.theta_1,0.002341293
11.2661,B,mrac.yaw.theta_2,0.0036973485
11.2661,B,mrac.yaw.theta_3,0
11.2661,B,mrac.yaw.theta_4,0.035424158
11.2661,B,mrac.yaw.theta_5,0.086330473
11.2661,B,mrac.yaw.u_nom,-0.024457708
11.2661,B,mrac.yaw.xm,-0.14414781
11.2661,B,mrac.z.theta_0,0.0066242944
11.2661,B,mrac.z.theta_1,0.0043408005
11.2661,B,mrac.z.theta_2,0.0064667584
11.2661,B,mrac.z.theta_3,0
11.2661,B,mrac.z.theta_4,0.19621724
11.2661,B,mrac.z.theta_5,0.19127019
11.2661,B,mrac.z.u_nom,-0.52930093
11.2661,B,mrac.z.xm,-0.11625756
11.2661,B,path.active_path_mode,0
11.2661,B,path.circle_theta,0
11.2661,B,path.sinusoid_t_elapsed,0
11.2661,B,path.twc_arrived,0
11.2661,B,path.twc_target_x,1.4901161e-06
11.2661,B,path.twc_target_y,0
11.2661,B,path.twc_target_z,0.60000002
11.2661,B,pid.gyrox.Des,6.330246
11.2661,B,pid.gyrox.FB,-2.867732
11.2661,B,pid.gyrox.U,110.09771
11.2661,B,pid.gyroy.Des,-11.16095
11.2661,B,pid.gyroy.FB,-5.8588638
11.2661,B,pid.gyroy.U,57.535156
11.2661,B,pid.gyroz.Des,-8.259058
11.2661,B,pid.gyroz.FB,-2.7876334
11.2661,B,pid.gyroz.U,-45.784828
11.2661,B,pid.locx.Des,1.4901161e-06
11.2661,B,pid.locx.FB,8.6532869
11.2661,B,pid.locx.U,-8.923296
11.2661,B,pid.locxs.Des,-8.923296
11.2661,B,pid.locxs.FB,-0.99983424
11.2661,B,pid.locxs.U,-23.771309
11.2661,B,pid.locy.Des,0
11.2661,B,pid.locy.FB,26.447945
11.2661,B,pid.locy.U,-23.194349
11.2661,B,pid.locys.Des,-23.194349
11.2661,B,pid.locys.FB,0.018205842
11.2661,B,pid.locys.U,-69.687378
11.2661,B,pid.pitch.Des,-4.088757
11.2661,B,pid.pitch.FB,-0.38968703
11.2661,B,pid.pitch.U,-11.16095
11.2661,B,pid.roll.Des,1.3142334
11.2661,B,pid.roll.FB,-0.81747282
11.2661,B,pid.roll.U,6.330246
11.2661,B,pid.yaw.Des,0
11.2661,B,pid.yaw.FB,1.0431763
11.2661,B,pid.yaw.U,-8.259058
11.2661,B,pid.z_pos.Des,0.60000002
11.2661,B,pid.z_pos.FB,0.59992498
11.2661,B,pid.z_pos.U,-0.11625756
11.2661,B,pid.z_rate.Des,-0.11625756
11.2661,B,pid.z_rate.FB,0.14487946
11.2661,B,pid.z_rate.U,-117.50481
11.2661,B,status.vbat,0
11.4670,A,mrac.pitch.e,0.17055023
11.4670,A,mrac.pitch.u_ad,-0.033151288
11.4670,A,mrac.roll.e,-0.091865852
11.4670,A,mrac.roll.u_ad,0.16801952
11.4670,A,mrac.yaw.e,0.14327778
11.4670,A,mrac.yaw.u_ad,-0.013654044
11.4670,A,mrac.z.e,0.22175938
11.4670,A,mrac.z.u_ad,-0.090986885
11.4670,A,status.arm,1
11.4670,A,status.flymode,1
11.4670,A,status.rc_authority,0
11.4670,A,status.sbus_lost,0
11.4670,A,status.twc_arrived,0
11.4670,A,status.twc_execute,0
11.4671,B,mrac.pitch.theta_0,6.338295e-06
11.4671,B,mrac.pitch.theta_1,0.0039088931
11.4671,B,mrac.pitch.theta_2,0.0024198352
11.4671,B,mrac.pitch.theta_3,0.0060950969
11.4671,B,mrac.pitch.theta_4,0.11283173
11.4671,B,mrac.pitch.theta_5,0.14492531
11.4671,B,mrac.pitch.u_nom,0.049175348
11.4671,B,mrac.pitch.xm,-0.1947954
11.4671,B,mrac.roll.theta_0,0.1482892
11.4671,B,mrac.roll.theta_1,0.001665225
11.4671,B,mrac.roll.theta_2,0.0032716796
11.4671,B,mrac.roll.theta_3,0.0056682476
11.4671,B,mrac.roll.theta_4,0.12721576
11.4671,B,mrac.roll.theta_5,0.14210707
11.4671,B,mrac.roll.u_nom,0.094100609
11.4671,B,mrac.roll.xm,0.11048368
11.4671,B,mrac.yaw.theta_0,7.6374844e-09
11.4671,B,mrac.yaw.theta_1,0.002341293
11.4671,B,mrac.yaw.theta_2,0.0036973485
11.4671,B,mrac.yaw.theta_3,0
11.4671,B,mrac.yaw.theta_4,0.035424158
11.4671,B,mrac.yaw.theta_5,0.086330473
11.4671,B,mrac.yaw.u_nom,-0.024457708
11.4671,B,mrac.yaw.xm,-0.14414781
11.4671,B,mrac.z.theta_0,0.0066242944
11.4671,B,mrac.z.theta_1,0.0043408005
11.4671,B,mrac.z.theta_2,0.0064667584
11.4671,B,mrac.z.theta_3,0
11.4671,B,mrac.z.theta_4,0.19621724
11.4671,B,mrac.z.theta_5,0.19127019
11.4671,B,mrac.z.u_nom,-0.52930093
11.4671,B,mrac.z.xm,-0.11625756
11.4671,B,path.active_path_mode,0
11.4671,B,path.circle_theta,0
11.4671,B,path.sinusoid_t_elapsed,0
11.4671,B,path.twc_arrived,0
11.4671,B,path.twc_target_x,1.4901161e-06
11.4671,B,path.twc_target_y,0
11.4671,B,path.twc_target_z,0.60000002
11.4671,B,pid.gyrox.Des,6.330246
11.4671,B,pid.gyrox.FB,-2.867732
11.4671,B,pid.gyrox.U,110.09771
11.4671,B,pid.gyroy.Des,-11.16095
11.4671,B,pid.gyroy.FB,-5.8588638
11.4671,B,pid.gyroy.U,57.535156
11.4671,B,pid.gyroz.Des,-8.259058
11.4671,B,pid.gyroz.FB,-2.7876334
11.4671,B,pid.gyroz.U,-45.784828
11.4671,B,pid.locx.Des,1.4901161e-06
11.4671,B,pid.locx.FB,8.6532869
11.4671,B,pid.locx.U,-8.923296
11.4671,B,pid.locxs.Des,-8.923296
11.4671,B,pid.locxs.FB,-0.99983424
11.4671,B,pid.locxs.U,-23.771309
11.4671,B,pid.locy.Des,0
11.4671,B,pid.locy.FB,26.447945
11.4671,B,pid.locy.U,-23.194349
11.4671,B,pid.locys.Des,-23.194349
11.4671,B,pid.locys.FB,0.018205842
11.4671,B,pid.locys.U,-69.687378
11.4671,B,pid.pitch.Des,-4.088757
11.4671,B,pid.pitch.FB,-0.38968703
11.4671,B,pid.pitch.U,-11.16095
11.4671,B,pid.roll.Des,1.3142334
11.4671,B,pid.roll.FB,-0.81747282
11.4671,B,pid.roll.U,6.330246
11.4671,B,pid.yaw.Des,0
11.4671,B,pid.yaw.FB,1.0431763
11.4671,B,pid.yaw.U,-8.259058
11.4671,B,pid.z_pos.Des,0.60000002
11.4671,B,pid.z_pos.FB,0.59992498
11.4671,B,pid.z_pos.U,-0.11625756
11.4671,B,pid.z_rate.Des,-0.11625756
11.4671,B,pid.z_rate.FB,0.14487946
11.4671,B,pid.z_rate.U,-117.50481
11.4671,B,status.vbat,0
11.6672,A,mrac.pitch.e,0.17055023
11.6672,A,mrac.pitch.u_ad,-0.033151288
11.6672,A,mrac.roll.e,-0.091865852
11.6672,A,mrac.roll.u_ad,0.16801952
11.6672,A,mrac.yaw.e,0.14327778
11.6672,A,mrac.yaw.u_ad,-0.013654044
11.6672,A,mrac.z.e,0.22175938
11.6672,A,mrac.z.u_ad,-0.090986885
11.6672,A,status.arm,1
11.6672,A,status.flymode,1
11.6672,A,status.rc_authority,0
11.6672,A,status.sbus_lost,0
11.6672,A,status.twc_arrived,0
11.6672,A,status.twc_execute,0
11.6672,B,mrac.pitch.theta_0,6.338295e-06
11.6672,B,mrac.pitch.theta_1,0.0039088931
11.6672,B,mrac.pitch.theta_2,0.0024198352
11.6672,B,mrac.pitch.theta_3,0.0060950969
11.6672,B,mrac.pitch.theta_4,0.11283173
11.6672,B,mrac.pitch.theta_5,0.14492531
11.6672,B,mrac.pitch.u_nom,0.049175348
11.6672,B,mrac.pitch.xm,-0.1947954
11.6672,B,mrac.roll.theta_0,0.1482892
11.6672,B,mrac.roll.theta_1,0.001665225
11.6672,B,mrac.roll.theta_2,0.0032716796
11.6672,B,mrac.roll.theta_3,0.0056682476
11.6672,B,mrac.roll.theta_4,0.12721576
11.6672,B,mrac.roll.theta_5,0.14210707
11.6672,B,mrac.roll.u_nom,0.094100609
11.6672,B,mrac.roll.xm,0.11048368
11.6672,B,mrac.yaw.theta_0,7.6374844e-09
11.6672,B,mrac.yaw.theta_1,0.002341293
11.6672,B,mrac.yaw.theta_2,0.0036973485
11.6672,B,mrac.yaw.theta_3,0
11.6672,B,mrac.yaw.theta_4,0.035424158
11.6672,B,mrac.yaw.theta_5,0.086330473
11.6672,B,mrac.yaw.u_nom,-0.024457708
11.6672,B,mrac.yaw.xm,-0.14414781
11.6672,B,mrac.z.theta_0,0.0066242944
11.6672,B,mrac.z.theta_1,0.0043408005
11.6672,B,mrac.z.theta_2,0.0064667584
11.6672,B,mrac.z.theta_3,0
11.6672,B,mrac.z.theta_4,0.19621724
11.6672,B,mrac.z.theta_5,0.19127019
11.6672,B,mrac.z.u_nom,-0.52930093
11.6672,B,mrac.z.xm,-0.11625756
11.6672,B,path.active_path_mode,0
11.6672,B,path.circle_theta,0
11.6672,B,path.sinusoid_t_elapsed,0
11.6672,B,path.twc_arrived,0
11.6672,B,path.twc_target_x,1.4901161e-06
11.6672,B,path.twc_target_y,0
11.6672,B,path.twc_target_z,0.60000002
11.6672,B,pid.gyrox.Des,6.330246
11.6672,B,pid.gyrox.FB,-2.867732
11.6672,B,pid.gyrox.U,110.09771
11.6672,B,pid.gyroy.Des,-11.16095
11.6672,B,pid.gyroy.FB,-5.8588638
11.6672,B,pid.gyroy.U,57.535156
11.6672,B,pid.gyroz.Des,-8.259058
11.6672,B,pid.gyroz.FB,-2.7876334
11.6672,B,pid.gyroz.U,-45.784828
11.6672,B,pid.locx.Des,1.4901161e-06
11.6672,B,pid.locx.FB,8.6532869
11.6672,B,pid.locx.U,-8.923296
11.6672,B,pid.locxs.Des,-8.923296
11.6672,B,pid.locxs.FB,-0.99983424
11.6672,B,pid.locxs.U,-23.771309
11.6672,B,pid.locy.Des,0
11.6672,B,pid.locy.FB,26.447945
11.6672,B,pid.locy.U,-23.194349
11.6672,B,pid.locys.Des,-23.194349
11.6672,B,pid.locys.FB,0.018205842
11.6672,B,pid.locys.U,-69.687378
11.6672,B,pid.pitch.Des,-4.088757
11.6672,B,pid.pitch.FB,-0.38968703
11.6672,B,pid.pitch.U,-11.16095
11.6672,B,pid.roll.Des,1.3142334
11.6672,B,pid.roll.FB,-0.81747282
11.6672,B,pid.roll.U,6.330246
11.6672,B,pid.yaw.Des,0
11.6672,B,pid.yaw.FB,1.0431763
11.6672,B,pid.yaw.U,-8.259058
11.6672,B,pid.z_pos.Des,0.60000002
11.6672,B,pid.z_pos.FB,0.59992498
11.6672,B,pid.z_pos.U,-0.11625756
11.6672,B,pid.z_rate.Des,-0.11625756
11.6672,B,pid.z_rate.FB,0.14487946
11.6672,B,pid.z_rate.U,-117.50481
11.6672,B,status.vbat,0
11.8837,A,mrac.pitch.e,0.17055023
11.8837,A,mrac.pitch.u_ad,-0.033151288
11.8837,A,mrac.roll.e,-0.091865852
11.8837,A,mrac.roll.u_ad,0.16801952
11.8837,A,mrac.yaw.e,0.14327778
11.8837,A,mrac.yaw.u_ad,-0.013654044
11.8837,A,mrac.z.e,0.22175938
11.8837,A,mrac.z.u_ad,-0.090986885
11.8837,A,status.arm,1
11.8837,A,status.flymode,1
11.8837,A,status.rc_authority,0
11.8837,A,status.sbus_lost,0
11.8837,A,status.twc_arrived,0
11.8837,A,status.twc_execute,0
11.8837,B,mrac.pitch.theta_0,6.338295e-06
11.8837,B,mrac.pitch.theta_1,0.0039088931
11.8837,B,mrac.pitch.theta_2,0.0024198352
11.8837,B,mrac.pitch.theta_3,0.0060950969
11.8837,B,mrac.pitch.theta_4,0.11283173
11.8837,B,mrac.pitch.theta_5,0.14492531
11.8837,B,mrac.pitch.u_nom,0.049175348
11.8837,B,mrac.pitch.xm,-0.1947954
11.8837,B,mrac.roll.theta_0,0.1482892
11.8837,B,mrac.roll.theta_1,0.001665225
11.8837,B,mrac.roll.theta_2,0.0032716796
11.8837,B,mrac.roll.theta_3,0.0056682476
11.8837,B,mrac.roll.theta_4,0.12721576
11.8837,B,mrac.roll.theta_5,0.14210707
11.8837,B,mrac.roll.u_nom,0.094100609
11.8837,B,mrac.roll.xm,0.11048368
11.8837,B,mrac.yaw.theta_0,7.6374844e-09
11.8837,B,mrac.yaw.theta_1,0.002341293
11.8837,B,mrac.yaw.theta_2,0.0036973485
11.8837,B,mrac.yaw.theta_3,0
11.8837,B,mrac.yaw.theta_4,0.035424158
11.8837,B,mrac.yaw.theta_5,0.086330473
11.8837,B,mrac.yaw.u_nom,-0.024457708
11.8837,B,mrac.yaw.xm,-0.14414781
11.8837,B,mrac.z.theta_0,0.0066242944
11.8837,B,mrac.z.theta_1,0.0043408005
11.8837,B,mrac.z.theta_2,0.0064667584
11.8837,B,mrac.z.theta_3,0
11.8837,B,mrac.z.theta_4,0.19621724
11.8837,B,mrac.z.theta_5,0.19127019
11.8837,B,mrac.z.u_nom,-0.52930093
11.8837,B,mrac.z.xm,-0.11625756
11.8837,B,path.active_path_mode,0
11.8837,B,path.circle_theta,0
11.8837,B,path.sinusoid_t_elapsed,0
11.8837,B,path.twc_arrived,0
11.8837,B,path.twc_target_x,1.4901161e-06
11.8837,B,path.twc_target_y,0
11.8837,B,path.twc_target_z,0.60000002
11.8837,B,pid.gyrox.Des,6.330246
11.8837,B,pid.gyrox.FB,-2.867732
11.8837,B,pid.gyrox.U,110.09771
11.8837,B,pid.gyroy.Des,-11.16095
11.8837,B,pid.gyroy.FB,-5.8588638
11.8837,B,pid.gyroy.U,57.535156
11.8837,B,pid.gyroz.Des,-8.259058
11.8837,B,pid.gyroz.FB,-2.7876334
11.8837,B,pid.gyroz.U,-45.784828
11.8837,B,pid.locx.Des,1.4901161e-06
11.8837,B,pid.locx.FB,8.6532869
11.8837,B,pid.locx.U,-8.923296
11.8837,B,pid.locxs.Des,-8.923296
11.8837,B,pid.locxs.FB,-0.99983424
11.8837,B,pid.locxs.U,-23.771309
11.8837,B,pid.locy.Des,0
11.8837,B,pid.locy.FB,26.447945
11.8837,B,pid.locy.U,-23.194349
11.8837,B,pid.locys.Des,-23.194349
11.8837,B,pid.locys.FB,0.018205842
11.8837,B,pid.locys.U,-69.687378
11.8837,B,pid.pitch.Des,-4.088757
11.8837,B,pid.pitch.FB,-0.38968703
11.8837,B,pid.pitch.U,-11.16095
11.8837,B,pid.roll.Des,1.3142334
11.8837,B,pid.roll.FB,-0.81747282
11.8837,B,pid.roll.U,6.330246
11.8837,B,pid.yaw.Des,0
11.8837,B,pid.yaw.FB,1.0431763
11.8837,B,pid.yaw.U,-8.259058
11.8837,B,pid.z_pos.Des,0.60000002
11.8837,B,pid.z_pos.FB,0.59992498
11.8837,B,pid.z_pos.U,-0.11625756
11.8837,B,pid.z_rate.Des,-0.11625756
11.8837,B,pid.z_rate.FB,0.14487946
11.8837,B,pid.z_rate.U,-117.50481
11.8837,B,status.vbat,0
12.0840,A,mrac.pitch.e,0.15041383
12.0840,A,mrac.pitch.u_ad,-0.033198263
12.0840,A,mrac.roll.e,-0.018350944
12.0840,A,mrac.roll.u_ad,0.1772306
12.0840,A,mrac.yaw.e,0.10015559
12.0840,A,mrac.yaw.u_ad,-0.0148349
12.0840,A,mrac.z.e,0.089576527
12.0840,A,mrac.z.u_ad,-0.057286929
12.0840,A,status.arm,1
12.0840,A,status.flymode,1
12.0840,A,status.rc_authority,0
12.0840,A,status.sbus_lost,0
12.0840,A,status.twc_arrived,0
12.0840,A,status.twc_execute,0
12.0840,B,mrac.pitch.theta_0,0.00012241365
12.0840,B,mrac.pitch.theta_1,0.0039808592
12.0840,B,mrac.pitch.theta_2,0.0023980942
12.0840,B,mrac.pitch.theta_3,0.0060901474
12.0840,B,mrac.pitch.theta_4,0.11348908
12.0840,B,mrac.pitch.theta_5,0.14497018
12.0840,B,mrac.pitch.u_nom,-0.17844312
12.0840,B,mrac.pitch.xm,-0.1901457
12.0840,B,mrac.roll.theta_0,0.14847626
12.0840,B,mrac.roll.theta_1,0.0016032695
12.0840,B,mrac.roll.theta_2,0.003318639
12.0840,B,mrac.roll.theta_3,0.005661428
12.0840,B,mrac.roll.theta_4,0.12784442
12.0840,B,mrac.roll.theta_5,0.1421556
12.0840,B,mrac.roll.u_nom,0.10729871
12.0840,B,mrac.roll.xm,0.15774514
12.0840,B,mrac.yaw.theta_0,2.0802955e-11
12.0840,B,mrac.yaw.theta_1,0.0023508526
12.0840,B,mrac.yaw.theta_2,0.0036850253
12.0840,B,mrac.yaw.theta_3,0
12.0840,B,mrac.yaw.theta_4,0.035772063
12.0840,B,mrac.yaw.theta_5,0.086440034
12.0840,B,mrac.yaw.u_nom,-0.02451721
12.0840,B,mrac.yaw.xm,-0.15721738
12.0840,B,mrac.z.theta_0,0.0036928423
12.0840,B,mrac.z.theta_1,0.0040735677
12.0840,B,mrac.z.theta_2,0.0064386157
12.0840,B,mrac.z.theta_3,0
12.0840,B,mrac.z.theta_4,0.19622205
12.0840,B,mrac.z.theta_5,0.19118409
12.0840,B,mrac.z.u_nom,-0.070066489
12.0840,B,mrac.z.xm,-0.11798286
12.0840,B,path.active_path_mode,0
12.0840,B,path.circle_theta,0
12.0840,B,path.sinusoid_t_elapsed,0
12.0840,B,path.twc_arrived,0
12.0840,B,path.twc_target_x,1.4901161e-06
12.0840,B,path.twc_target_y,0
12.0840,B,path.twc_target_z,0.60000002
12.0840,B,pid.gyrox.Des,9.0381269
12.0840,B,pid.gyrox.FB,-1.3931015
12.0840,B,pid.gyrox.U,125.53949
12.0840,B,pid.gyroy.Des,-10.894542
12.0840,B,pid.gyroy.FB,10.788315
12.0840,B,pid.gyroy.U,-208.77844
12.0840,B,pid.gyroz.Des,-9.0078888
12.0840,B,pid.gyroz.FB,-3.5135946
12.0840,B,pid.gyroz.U,-45.896217
12.0840,B,pid.locx.Des,1.4901161e-06
12.0840,B,pid.locx.FB,8.6719828
12.0840,B,pid.locx.U,-9.0567408
12.0840,B,pid.locxs.Des,-9.0567408
12.0840,B,pid.locxs.FB,2.9586093
12.0840,B,pid.locxs.U,-36.192707
12.0840,B,pid.locy.Des,0
12.0840,B,pid.locy.FB,29.517693
12.0840,B,pid.locy.U,-25.571705
12.0840,B,pid.locys.Des,-25.571705
12.0840,B,pid.locys.FB,-2.0607355
12.0840,B,pid.locys.U,-70.487312
12.0840,B,pid.pitch.Des,-4.1523647
12.0840,B,pid.pitch.FB,-0.59067369
12.0840,B,pid.pitch.U,-10.894542
12.0840,B,pid.roll.Des,2.0292349
12.0840,B,pid.roll.FB,-1.1597488
12.0840,B,pid.roll.U,9.0381269
12.0840,B,pid.yaw.Des,0
12.0840,B,pid.yaw.FB,1.1679814
12.0840,B,pid.yaw.U,-9.0078888
12.0840,B,pid.z_pos.Des,0.60000002
12.0840,B,pid.z_pos.FB,0.59984517
12.0840,B,pid.z_pos.U,-0.11798286
12.0840,B,pid.z_rate.Des,-0.11798286
12.0840,B,pid.z_rate.FB,-0.11156086
12.0840,B,pid.z_rate.U,-15.55476
12.0840,B,status.vbat,0
12.2868,A,mrac.pitch.e,0.15041383
12.2868,A,mrac.pitch.u_ad,-0.033198263
12.2868,A,mrac.roll.e,-0.018350944
12.2868,A,mrac.roll.u_ad,0.1772306
12.2868,A,mrac.yaw.e,0.10015559
12.2868,A,mrac.yaw.u_ad,-0.0148349
12.2868,A,mrac.z.e,0.089576527
12.2868,A,mrac.z.u_ad,-0.057286929
12.2868,A,status.arm,1
12.2868,A,status.flymode,1
12.2868,A,status.rc_authority,0
12.2868,A,status.sbus_lost,0
12.2868,A,status.twc_arrived,0
12.2868,A,status.twc_execute,0
12.2869,B,mrac.pitch.theta_0,0.00012241365
12.2869,B,mrac.pitch.theta_1,0.0039808592
12.2869,B,mrac.pitch.theta_2,0.0023980942
12.2869,B,mrac.pitch.theta_3,0.0060901474
12.2869,B,mrac.pitch.theta_4,0.11348908
12.2869,B,mrac.pitch.theta_5,0.14497018
12.2869,B,mrac.pitch.u_nom,-0.17844312
12.2869,B,mrac.pitch.xm,-0.1901457
12.2869,B,mrac.roll.theta_0,0.14847626
12.2869,B,mrac.roll.theta_1,0.0016032695
12.2869,B,mrac.roll.theta_2,0.003318639
12.2869,B,mrac.roll.theta_3,0.005661428
12.2869,B,mrac.roll.theta_4,0.12784442
12.2869,B,mrac.roll.theta_5,0.1421556
12.2869,B,mrac.roll.u_nom,0.10729871
12.2869,B,mrac.roll.xm,0.15774514
12.2869,B,mrac.yaw.theta_0,2.0802955e-11
12.2869,B,mrac.yaw.theta_1,0.0023508526
12.2869,B,mrac.yaw.theta_2,0.0036850253
12.2869,B,mrac.yaw.theta_3,0
12.2869,B,mrac.yaw.theta_4,0.035772063
12.2869,B,mrac.yaw.theta_5,0.086440034
12.2869,B,mrac.yaw.u_nom,-0.02451721
12.2869,B,mrac.yaw.xm,-0.15721738
12.2869,B,mrac.z.theta_0,0.0036928423
12.2869,B,mrac.z.theta_1,0.0040735677
12.2869,B,mrac.z.theta_2,0.0064386157
12.2869,B,mrac.z.theta_3,0
12.2869,B,mrac.z.theta_4,0.19622205
12.2869,B,mrac.z.theta_5,0.19118409
12.2869,B,mrac.z.u_nom,-0.070066489
12.2869,B,mrac.z.xm,-0.11798286
12.2869,B,path.active_path_mode,0
12.2869,B,path.circle_theta,0
12.2869,B,path.sinusoid_t_elapsed,0
12.2869,B,path.twc_arrived,0
12.2869,B,path.twc_target_x,1.4901161e-06
12.2869,B,path.twc_target_y,0
12.2869,B,path.twc_target_z,0.60000002
12.2869,B,pid.gyrox.Des,9.0381269
12.2869,B,pid.gyrox.FB,-1.3931015
12.2869,B,pid.gyrox.U,125.53949
12.2869,B,pid.gyroy.Des,-10.894542
12.2869,B,pid.gyroy.FB,10.788315
12.2869,B,pid.gyroy.U,-208.77844
12.2869,B,pid.gyroz.Des,-9.0078888
12.2869,B,pid.gyroz.FB,-3.5135946
12.2869,B,pid.gyroz.U,-45.896217
12.2869,B,pid.locx.Des,1.4901161e-06
12.2869,B,pid.locx.FB,8.6719828
12.2869,B,pid.locx.U,-9.0567408
12.2869,B,pid.locxs.Des,-9.0567408
12.2869,B,pid.locxs.FB,2.9586093
12.2869,B,pid.locxs.U,-36.192707
12.2869,B,pid.locy.Des,0
12.2869,B,pid.locy.FB,29.517693
12.2869,B,pid.locy.U,-25.571705
12.2869,B,pid.locys.Des,-25.571705
12.2869,B,pid.locys.FB,-2.0607355
12.2869,B,pid.locys.U,-70.487312
12.2869,B,pid.pitch.Des,-4.1523647
12.2869,B,pid.pitch.FB,-0.59067369
12.2869,B,pid.pitch.U,-10.894542
12.2869,B,pid.roll.Des,2.0292349
12.2869,B,pid.roll.FB,-1.1597488
12.2869,B,pid.roll.U,9.0381269
12.2869,B,pid.yaw.Des,0
12.2869,B,pid.yaw.FB,1.1679814
12.2869,B,pid.yaw.U,-9.0078888
12.2869,B,pid.z_pos.Des,0.60000002
12.2869,B,pid.z_pos.FB,0.59984517
12.2869,B,pid.z_pos.U,-0.11798286
12.2869,B,pid.z_rate.Des,-0.11798286
12.2869,B,pid.z_rate.FB,-0.11156086
12.2869,B,pid.z_rate.U,-15.55476
12.2869,B,status.vbat,0
12.5005,A,mrac.pitch.e,0.15041383
12.5005,A,mrac.pitch.u_ad,-0.033198263
12.5005,A,mrac.roll.e,-0.018350944
12.5005,A,mrac.roll.u_ad,0.1772306
12.5005,A,mrac.yaw.e,0.10015559
12.5005,A,mrac.yaw.u_ad,-0.0148349
12.5005,A,mrac.z.e,0.089576527
12.5005,A,mrac.z.u_ad,-0.057286929
12.5005,A,status.arm,1
12.5005,A,status.flymode,1
12.5005,A,status.rc_authority,0
12.5005,A,status.sbus_lost,0
12.5005,A,status.twc_arrived,0
12.5005,A,status.twc_execute,0
12.5006,B,mrac.pitch.theta_0,0.00012241365
12.5006,B,mrac.pitch.theta_1,0.0039808592
12.5006,B,mrac.pitch.theta_2,0.0023980942
12.5006,B,mrac.pitch.theta_3,0.0060901474
12.5006,B,mrac.pitch.theta_4,0.11348908
12.5006,B,mrac.pitch.theta_5,0.14497018
12.5006,B,mrac.pitch.u_nom,-0.17844312
12.5006,B,mrac.pitch.xm,-0.1901457
12.5006,B,mrac.roll.theta_0,0.14847626
12.5006,B,mrac.roll.theta_1,0.0016032695
12.5006,B,mrac.roll.theta_2,0.003318639
12.5006,B,mrac.roll.theta_3,0.005661428
12.5006,B,mrac.roll.theta_4,0.12784442
12.5006,B,mrac.roll.theta_5,0.1421556
12.5006,B,mrac.roll.u_nom,0.10729871
12.5006,B,mrac.roll.xm,0.15774514
12.5006,B,mrac.yaw.theta_0,2.0802955e-11
12.5006,B,mrac.yaw.theta_1,0.0023508526
12.5006,B,mrac.yaw.theta_2,0.0036850253
12.5006,B,mrac.yaw.theta_3,0
12.5006,B,mrac.yaw.theta_4,0.035772063
12.5006,B,mrac.yaw.theta_5,0.086440034
12.5006,B,mrac.yaw.u_nom,-0.02451721
12.5006,B,mrac.yaw.xm,-0.15721738
12.5006,B,mrac.z.theta_0,0.0036928423
12.5006,B,mrac.z.theta_1,0.0040735677
12.5006,B,mrac.z.theta_2,0.0064386157
12.5006,B,mrac.z.theta_3,0
12.5006,B,mrac.z.theta_4,0.19622205
12.5006,B,mrac.z.theta_5,0.19118409
12.5006,B,mrac.z.u_nom,-0.070066489
12.5006,B,mrac.z.xm,-0.11798286
12.5006,B,path.active_path_mode,0
12.5006,B,path.circle_theta,0
12.5006,B,path.sinusoid_t_elapsed,0
12.5006,B,path.twc_arrived,0
12.5006,B,path.twc_target_x,1.4901161e-06
12.5006,B,path.twc_target_y,0
12.5006,B,path.twc_target_z,0.60000002
12.5006,B,pid.gyrox.Des,9.0381269
12.5006,B,pid.gyrox.FB,-1.3931015
12.5006,B,pid.gyrox.U,125.53949
12.5006,B,pid.gyroy.Des,-10.894542
12.5006,B,pid.gyroy.FB,10.788315
12.5006,B,pid.gyroy.U,-208.77844
12.5006,B,pid.gyroz.Des,-9.0078888
12.5006,B,pid.gyroz.FB,-3.5135946
12.5006,B,pid.gyroz.U,-45.896217
12.5006,B,pid.locx.Des,1.4901161e-06
12.5006,B,pid.locx.FB,8.6719828
12.5006,B,pid.locx.U,-9.0567408
12.5006,B,pid.locxs.Des,-9.0567408
12.5006,B,pid.locxs.FB,2.9586093
12.5006,B,pid.locxs.U,-36.192707
12.5006,B,pid.locy.Des,0
12.5006,B,pid.locy.FB,29.517693
12.5006,B,pid.locy.U,-25.571705
12.5006,B,pid.locys.Des,-25.571705
12.5006,B,pid.locys.FB,-2.0607355
12.5006,B,pid.locys.U,-70.487312
12.5006,B,pid.pitch.Des,-4.1523647
12.5006,B,pid.pitch.FB,-0.59067369
12.5006,B,pid.pitch.U,-10.894542
12.5006,B,pid.roll.Des,2.0292349
12.5006,B,pid.roll.FB,-1.1597488
12.5006,B,pid.roll.U,9.0381269
12.5006,B,pid.yaw.Des,0
12.5006,B,pid.yaw.FB,1.1679814
12.5006,B,pid.yaw.U,-9.0078888
12.5006,B,pid.z_pos.Des,0.60000002
12.5006,B,pid.z_pos.FB,0.59984517
12.5006,B,pid.z_pos.U,-0.11798286
12.5006,B,pid.z_rate.Des,-0.11798286
12.5006,B,pid.z_rate.FB,-0.11156086
12.5006,B,pid.z_rate.U,-15.55476
12.5006,B,status.vbat,0
12.7178,A,mrac.pitch.e,0.2374199
12.7178,A,mrac.pitch.u_ad,-0.035755403
12.7178,A,mrac.roll.e,-0.28406268
12.7178,A,mrac.roll.u_ad,0.17808037
12.7178,A,mrac.yaw.e,0.11979008
12.7178,A,mrac.yaw.u_ad,-0.011746741
12.7178,A,mrac.z.e,-0.090407841
12.7178,A,mrac.z.u_ad,-0.064310938
12.7178,A,status.arm,1
12.7178,A,status.flymode,1
12.7178,A,status.rc_authority,0
12.7178,A,status.sbus_lost,0
12.7178,A,status.twc_arrived,0
12.7178,A,status.twc_execute,0
12.7179,B,mrac.pitch.theta_0,4.7851736e-06
12.7179,B,mrac.pitch.theta_1,0.0039231996
12.7179,B,mrac.pitch.theta_2,0.002387862
12.7179,B,mrac.pitch.theta_3,0.0060895677
12.7179,B,mrac.pitch.theta_4,0.11379594
12.7179,B,mrac.pitch.theta_5,0.14499447
12.7179,B,mrac.pitch.u_nom,-0.042639356
12.7179,B,mrac.pitch.xm,-0.2092289
12.7179,B,mrac.roll.theta_0,0.1489298
12.7179,B,mrac.roll.theta_1,0.0016486332
12.7179,B,mrac.roll.theta_2,0.0033373693
12.7179,B,mrac.roll.theta_3,0.0056592636
12.7179,B,mrac.roll.theta_4,0.12812376
12.7179,B,mrac.roll.theta_5,0.14220254
12.7179,B,mrac.roll.u_nom,0.16262616
12.7179,B,mrac.roll.xm,0.1537607
12.7179,B,mrac.yaw.theta_0,2.0396369e-12
12.7179,B,mrac.yaw.theta_1,0.002362994
12.7179,B,mrac.yaw.theta_2,0.0036798753
12.7179,B,mrac.yaw.theta_3,0
12.7179,B,mrac.yaw.theta_4,0.035886742
12.7179,B,mrac.yaw.theta_5,0.08646138
12.7179,B,mrac.yaw.u_nom,-0.033857889
12.7179,B,mrac.yaw.xm,-0.12260805
12.7179,B,mrac.z.theta_0,0.0028837651
12.7179,B,mrac.z.theta_1,0.0040721833
12.7179,B,mrac.z.theta_2,0.0064252238
12.7179,B,mrac.z.theta_3,0
12.7179,B,mrac.z.theta_4,0.19620316
12.7179,B,mrac.z.theta_5,0.19113792
12.7179,B,mrac.z.u_nom,-0.26955509
12.7179,B,mrac.z.xm,-0.11874545
12.7179,B,path.active_path_mode,0
12.7179,B,path.circle_theta,0
12.7179,B,path.sinusoid_t_elapsed,0
12.7179,B,path.twc_arrived,0
12.7179,B,path.twc_target_x,1.4901161e-06
12.7179,B,path.twc_target_y,0
12.7179,B,path.twc_target_z,0.60000002
12.7179,B,pid.gyrox.Des,8.8098354
12.7179,B,pid.gyrox.FB,-8.6215811
12.7179,B,pid.gyrox.U,190.27261
12.7179,B,pid.gyroy.Des,-11.987928
12.7179,B,pid.gyroy.FB,1.0101788
12.7179,B,pid.gyroy.U,-49.888046
12.7179,B,pid.gyroz.Des,-7.0249209
12.7179,B,pid.gyroz.FB,0.64165699
12.7179,B,pid.gyroz.U,-63.381966
12.7179,B,pid.locx.Des,1.4901161e-06
12.7179,B,pid.locx.FB,10.468824
12.7179,B,pid.locx.U,-10.411052
12.7179,B,pid.locxs.Des,-10.411052
12.7179,B,pid.locxs.FB,0.98527682
12.7179,B,pid.locxs.U,-34.23835
12.7179,B,pid.locy.Des,0
12.7179,B,pid.locy.FB,29.051666
12.7179,B,pid.locy.U,-25.240797
12.7179,B,pid.locys.Des,-25.240797
12.7179,B,pid.locys.FB,-1.0145096
12.7179,B,pid.locys.U,-72.679535
12.7179,B,pid.pitch.Des,-4.2666807
12.7179,B,pid.pitch.FB,-0.35003486
12.7179,B,pid.pitch.U,-11.987928
12.7179,B,pid.roll.Des,1.9373374
12.7179,B,pid.roll.FB,-0.90733373
12.7179,B,pid.roll.U,8.8098354
12.7179,B,pid.yaw.Des,0
12.7179,B,pid.yaw.FB,0.8374868
12.7179,B,pid.yaw.U,-7.0249209
12.7179,B,pid.z_pos.Des,0.60000002
12.7179,B,pid.z_pos.FB,0.59991354
12.7179,B,pid.z_pos.U,-0.11874545
12.7179,B,pid.z_rate.Des,-0.11874545
12.7179,B,pid.z_rate.FB,-0.0017673585
12.7179,B,pid.z_rate.U,-59.841232
12.7179,B,status.vbat,0
12.9187,A,mrac.pitch.e,0.14495915
12.9187,A,mrac.pitch.u_ad,-0.033553664
12.9187,A,mrac.roll.e,-0.21127316
12.9187,A,mrac.roll.u_ad,0.17877114
12.9187,A,mrac.yaw.e,0.10102484
12.9187,A,mrac.yaw.u_ad,-0.011964162
12.9187,A,mrac.z.e,0.10760638
12.9187,A,mrac.z.u_ad,-0.063924193
12.9187,A,status.arm,1
12.9187,A,status.flymode,1
12.9187,A,status.rc_authority,0
12.9187,A,status.sbus_lost,0
12.9187,A,status.twc_arrived,0
12.9187,A,status.twc_execute,0
12.9187,B,mrac.pitch.theta_0,2.5416671e-06
12.9187,B,mrac.pitch.theta_1,0.0039573731
12.9187,B,mrac.pitch.theta_2,0.0023861427
12.9187,B,mrac.pitch.theta_3,0.0060887518
12.9187,B,mrac.pitch.theta_4,0.1138592
12.9187,B,mrac.pitch.theta_5,0.14499506
12.9187,B,mrac.pitch.u_nom,-0.084320657
12.9187,B,mrac.pitch.xm,-0.18586081
12.9187,B,mrac.roll.theta_0,0.14895308
12.9187,B,mrac.roll.theta_1,0.0016436948
12.9187,B,mrac.roll.theta_2,0.0033443288
12.9187,B,mrac.roll.theta_3,0.0056581665
12.9187,B,mrac.roll.theta_4,0.12819873
12.9187,B,mrac.roll.theta_5,0.14221264
12.9187,B,mrac.roll.u_nom,-0.069352783
12.9187,B,mrac.roll.xm,0.15079202
12.9187,B,mrac.yaw.theta_0,1.0877689e-12
12.9187,B,mrac.yaw.theta_1,0.0023597798
12.9187,B,mrac.yaw.theta_2,0.0036788674
12.9187,B,mrac.yaw.theta_3,0
12.9187,B,mrac.yaw.theta_4,0.035915725
12.9187,B,mrac.yaw.theta_5,0.08646445
12.9187,B,mrac.yaw.u_nom,-0.027872715
12.9187,B,mrac.yaw.xm,-0.1326059
12.9187,B,mrac.z.theta_0,0.0037293094
12.9187,B,mrac.z.theta_1,0.0041037789
12.9187,B,mrac.z.theta_2,0.0064259758
12.9187,B,mrac.z.theta_3,0
12.9187,B,mrac.z.theta_4,0.19617581
12.9187,B,mrac.z.theta_5,0.19110288
12.9187,B,mrac.z.u_nom,-0.23704156
12.9187,B,mrac.z.xm,-0.1109794
12.9187,B,path.active_path_mode,0
12.9187,B,path.circle_theta,0
12.9187,B,path.sinusoid_t_elapsed,0
12.9187,B,path.twc_arrived,0
12.9187,B,path.twc_target_x,1.4901161e-06
12.9187,B,path.twc_target_y,0
12.9187,B,path.twc_target_z,0.60000002
12.9187,B,pid.gyrox.Des,8.6397429
12.9187,B,pid.gyrox.FB,5.4949884
12.9187,B,pid.gyrox.U,-81.142754
12.9187,B,pid.gyroy.Des,-10.649035
12.9187,B,pid.gyroy.FB,1.0511202
12.9187,B,pid.gyroy.U,-98.655167
12.9187,B,pid.gyroz.Des,-7.597755
12.9187,B,pid.gyroz.FB,-1.3118865
12.9187,B,pid.gyroz.U,-52.177723
12.9187,B,pid.locx.Des,1.4901161e-06
12.9187,B,pid.locx.FB,10.638796
12.9187,B,pid.locx.U,-10.547029
12.9187,B,pid.locxs.Des,-10.547029
12.9187,B,pid.locxs.FB,0
12.9187,B,pid.locxs.U,-31.689079
12.9187,B,pid.locy.Des,0
12.9187,B,pid.locy.FB,29.049084
12.9187,B,pid.locy.U,-25.238691
12.9187,B,pid.locys.Des,-25.238691
12.9187,B,pid.locys.FB,0
12.9187,B,pid.locys.U,-75.715202
12.9187,B,pid.pitch.Des,-4.4435081
12.9187,B,pid.pitch.FB,-0.81094521
12.9187,B,pid.pitch.U,-10.649035
12.9187,B,pid.roll.Des,1.7784257
12.9187,B,pid.roll.FB,-1.09881
12.9187,B,pid.roll.U,8.6397429
12.9187,B,pid.yaw.Des,0
12.9187,B,pid.yaw.FB,0.93295914
12.9187,B,pid.yaw.U,-7.597755
12.9187,B,pid.z_pos.Des,0.60000002
12.9187,B,pid.z_pos.FB,0.58983243
12.9187,B,pid.z_pos.U,-0.1109794
12.9187,B,pid.z_rate.Des,-0.1109794
12.9187,B,pid.z_rate.FB,-0.012046333
12.9187,B,pid.z_rate.U,-52.623226
12.9187,B,status.vbat,0
