t_s,frame,key,value
0.0728,A,mrac.pitch.e,0.095951952
0.0728,A,mrac.pitch.u_ad,-0.018416222
0.0728,A,mrac.roll.e,0.14625724
0.0728,A,mrac.roll.u_ad,0.016707536
0.0728,A,mrac.yaw.e,-0.053148787
0.0728,A,mrac.yaw.u_ad,-0.0032889438
0.0728,A,mrac.z.e,0.097131938
0.0728,A,mrac.z.u_ad,-0.050321013
0.0728,A,status.arm,1
0.0728,A,status.flymode,1
0.0728,A,status.rc_authority,1
0.0728,A,status.sbus_lost,0
0.0728,A,status.twc_arrived,0
0.0728,A,status.twc_execute,1
0.2739,A,mrac.pitch.e,0.11169782
0.2739,A,mrac.pitch.u_ad,-0.012737657
0.2739,A,mrac.roll.e,0.22112434
0.2739,A,mrac.roll.u_ad,0.0099638235
0.2739,A,mrac.yaw.e,0.11664683
0.2739,A,mrac.yaw.u_ad,-0.0065710535
0.2739,A,mrac.z.e,0.11408537
0.2739,A,mrac.z.u_ad,-0.05886621
0.2739,A,status.arm,1
0.2739,A,status.flymode,1
0.2739,A,status.rc_authority,1
0.2739,A,status.sbus_lost,0
0.2739,A,status.twc_arrived,0
0.2739,A,status.twc_execute,1
0.4896,A,mrac.pitch.e,0.15123865
0.4896,A,mrac.pitch.u_ad,-0.015250811
0.4896,A,mrac.roll.e,0.02902697
0.4896,A,mrac.roll.u_ad,0.014328967
0.4896,A,mrac.yaw.e,0.06585642
0.4896,A,mrac.yaw.u_ad,-0.0065109278
0.4896,A,mrac.z.e,0.080674961
0.4896,A,mrac.z.u_ad,-0.044862751
0.4896,A,status.arm,1
0.4896,A,status.flymode,1
0.4896,A,status.rc_authority,1
0.4896,A,status.sbus_lost,0
0.4896,A,status.twc_arrived,0
0.4896,A,status.twc_execute,1
0.6925,A,mrac.pitch.e,0.22976235
0.6925,A,mrac.pitch.u_ad,-0.03313427
0.6925,A,mrac.roll.e,-0.029565614
0.6925,A,mrac.roll.u_ad,0.017612657
0.6925,A,mrac.yaw.e,0.0076610763
0.6925,A,mrac.yaw.u_ad,-0.00092085626
0.6925,A,mrac.z.e,0.10880439
0.6925,A,mrac.z.u_ad,-0.057349205
0.6925,A,status.arm,1
0.6925,A,status.flymode,1
0.6925,A,status.rc_authority,1
0.6925,A,status.sbus_lost,0
0.6925,A,status.twc_arrived,0
0.6925,A,status.twc_execute,1
0.9075,A,mrac.pitch.e,0.24267909
0.9075,A,mrac.pitch.u_ad,-0.030878333
0.9075,A,mrac.roll.e,-0.017220216
0.9075,A,mrac.roll.u_ad,0.017683081
0.9075,A,mrac.yaw.e,-0.0087234769
0.9075,A,mrac.yaw.u_ad,0.004109167
0.9075,A,mrac.z.e,-0.10656938
0.9075,A,mrac.z.u_ad,0.018577637
0.9075,A,status.arm,1
0.9075,A,status.flymode,1
0.9075,A,status.rc_authority,1
0.9075,A,status.sbus_lost,0
0.9075,A,status.twc_arrived,0
0.9075,A,status.twc_execute,1
1.1237,A,mrac.pitch.e,0.30633265
1.1237,A,mrac.pitch.u_ad,-0.039235588
1.1237,A,mrac.roll.e,-0.067627847
1.1237,A,mrac.roll.u_ad,0.022487225
1.1237,A,mrac.yaw.e,0.077579148
1.1237,A,mrac.yaw.u_ad,-0.0015717604
1.1237,A,mrac.z.e,0.083484471
1.1237,A,mrac.z.u_ad,-0.047074649
1.1237,A,status.arm,1
1.1237,A,status.flymode,1
1.1237,A,status.rc_authority,1
1.1237,A,status.sbus_lost,0
1.1237,A,status.twc_arrived,0
1.1237,A,status.twc_execute,1
1.3406,A,mrac.pitch.e,0.31377825
1.3406,A,mrac.pitch.u_ad,-0.041153915
1.3406,A,mrac.roll.e,-0.03374305
1.3406,A,mrac.roll.u_ad,0.028281692
1.3406,A,mrac.yaw.e,0.10617866
1.3406,A,mrac.yaw.u_ad,-0.0045964932
1.3406,A,mrac.z.e,0.086132973
1.3406,A,mrac.z.u_ad,-0.048852704
1.3406,A,status.arm,1
1.3406,A,status.flymode,1
1.3406,A,status.rc_authority,1
1.3406,A,status.sbus_lost,0
1.3406,A,status.twc_arrived,0
1.3406,A,status.twc_execute,1
1.5414,A,mrac.pitch.e,0.33502316
1.5414,A,mrac.pitch.u_ad,-0.03789119
1.5414,A,mrac.roll.e,-0.087566905
1.5414,A,mrac.roll.u_ad,0.03106058
1.5414,A,mrac.yaw.e,0.12095909
1.5414,A,mrac.yaw.u_ad,-0.006115281
1.5414,A,mrac.z.e,0.14459255
1.5414,A,mrac.z.u_ad,-0.071774453
1.5414,A,status.arm,1
1.5414,A,status.flymode,1
1.5414,A,status.rc_authority,1
1.5414,A,status.sbus_lost,0
1.5414,A,status.twc_arrived,0
1.5414,A,status.twc_execute,1
1.7581,A,mrac.pitch.e,0.29352522
1.7581,A,mrac.pitch.u_ad,-0.036633387
1.7581,A,mrac.roll.e,0.06603539
1.7581,A,mrac.roll.u_ad,0.01828203
1.7581,A,mrac.yaw.e,0.049391549
1.7581,A,mrac.yaw.u_ad,-0.0027416588
1.7581,A,mrac.z.e,0.094615281
1.7581,A,mrac.z.u_ad,-0.055105619
1.7581,A,status.arm,1
1.7581,A,status.flymode,1
1.7581,A,status.rc_authority,1
1.7581,A,status.sbus_lost,0
1.7581,A,status.twc_arrived,0
1.7581,A,status.twc_execute,1
1.9613,A,mrac.pitch.e,0.24702537
1.9613,A,mrac.pitch.u_ad,-0.036876827
1.9613,A,mrac.roll.e,-0.03987183
1.9613,A,mrac.roll.u_ad,0.026715109
1.9613,A,mrac.yaw.e,0.026370972
1.9613,A,mrac.yaw.u_ad,-0.00088278326
1.9613,A,mrac.z.e,0.14038596
1.9613,A,mrac.z.u_ad,-0.066462159
1.9613,A,status.arm,1
1.9613,A,status.flymode,1
1.9613,A,status.rc_authority,1
1.9613,A,status.sbus_lost,0
1.9613,A,status.twc_arrived,1
1.9613,A,status.twc_execute,1
2.1726,A,mrac.pitch.e,0.086461782
2.1726,A,mrac.pitch.u_ad,-0.023333125
2.1726,A,mrac.roll.e,0.12772404
2.1726,A,mrac.roll.u_ad,0.022349589
2.1726,A,mrac.yaw.e,0.072104603
2.1726,A,mrac.yaw.u_ad,-0.0031617021
2.1726,A,mrac.z.e,0.087235741
2.1726,A,mrac.z.u_ad,-0.046510547
2.1726,A,status.arm,1
2.1726,A,status.flymode,1
2.1726,A,status.rc_authority,1
2.1726,A,status.sbus_lost,0
2.1726,A,status.twc_arrived,1
2.1726,A,status.twc_execute,1
2.3745,A,mrac.pitch.e,0.17773865
2.3745,A,mrac.pitch.u_ad,-0.029626444
2.3745,A,mrac.roll.e,-0.14677553
2.3745,A,mrac.roll.u_ad,0.032887235
2.3745,A,mrac.yaw.e,0.10940677
2.3745,A,mrac.yaw.u_ad,-0.0095133437
2.3745,A,mrac.z.e,0.17343727
2.3745,A,mrac.z.u_ad,-0.079568632
2.3745,A,status.arm,1
2.3745,A,status.flymode,1
2.3745,A,status.rc_authority,1
2.3745,A,status.sbus_lost,0
2.3745,A,status.twc_arrived,1
2.3745,A,status.twc_execute,1
2.5888,A,mrac.pitch.e,0.14646879
2.5888,A,mrac.pitch.u_ad,-0.025487207
2.5888,A,mrac.roll.e,0.10566995
2.5888,A,mrac.roll.u_ad,0.018602502
2.5888,A,mrac.yaw.e,0.056888603
2.5888,A,mrac.yaw.u_ad,-0.0074057002
2.5888,A,mrac.z.e,0.05388505
2.5888,A,mrac.z.u_ad,-0.035404097
2.5888,A,status.arm,1
2.5888,A,status.flymode,1
2.5888,A,status.rc_authority,1
2.5888,A,status.sbus_lost,0
2.5888,A,status.twc_arrived,1
2.5888,A,status.twc_execute,1
2.7904,A,mrac.pitch.e,-0.043967336
2.7904,A,mrac.pitch.u_ad,-0.0045876
2.7904,A,mrac.roll.e,0.072981119
2.7904,A,mrac.roll.u_ad,0.015692541
2.7904,A,mrac.yaw.e,0.026134115
2.7904,A,mrac.yaw.u_ad,-0.0068732132
2.7904,A,mrac.z.e,0.057083622
2.7904,A,mrac.z.u_ad,-0.033449907
2.7904,A,status.arm,1
2.7904,A,status.flymode,1
2.7904,A,status.rc_authority,1
2.7904,A,status.sbus_lost,0
2.7904,A,status.twc_arrived,1
2.7904,A,status.twc_execute,1
2.9900,A,mrac.pitch.e,0.1631504
2.9900,A,mrac.pitch.u_ad,-0.036250819
2.9900,A,mrac.roll.e,0.039135985
2.9900,A,mrac.roll.u_ad,0.017295785
2.9900,A,mrac.yaw.e,0.10170564
2.9900,A,mrac.yaw.u_ad,-0.010460729
2.9900,A,mrac.z.e,0.10877734
2.9900,A,mrac.z.u_ad,-0.057524372
2.9900,A,status.arm,1
2.9900,A,status.flymode,1
2.9900,A,status.rc_authority,1
2.9900,A,status.sbus_lost,0
2.9900,A,status.twc_arrived,0
2.9900,A,status.twc_execute,0
3.2057,A,mrac.pitch.e,0.095815614
3.2057,A,mrac.pitch.u_ad,-0.025576146
3.2057,A,mrac.roll.e,-0.12015905
3.2057,A,mrac.roll.u_ad,0.032175615
3.2057,A,mrac.yaw.e,0.12729406
3.2057,A,mrac.yaw.u_ad,-0.011163524
3.2057,A,mrac.z.e,0.21134654
3.2057,A,mrac.z.u_ad,-0.099219479
3.2057,A,status.arm,1
3.2057,A,status.flymode,1
3.2057,A,status.rc_authority,1
3.2057,A,status.sbus_lost,0
3.2057,A,status.twc_arrived,0
3.2057,A,status.twc_execute,0
3.4225,A,mrac.pitch.e,0.095815614
3.4225,A,mrac.pitch.u_ad,-0.025576146
3.4225,A,mrac.roll.e,-0.12015905
3.4225,A,mrac.roll.u_ad,0.032175615
3.4225,A,mrac.yaw.e,0.12729406
3.4225,A,mrac.yaw.u_ad,-0.011163524
3.4225,A,mrac.z.e,0.21134654
3.4225,A,mrac.z.u_ad,-0.099219479
3.4225,A,status.arm,1
3.4225,A,status.flymode,1
3.4225,A,status.rc_authority,1
3.4225,A,status.sbus_lost,0
3.4225,A,status.twc_arrived,0
3.4225,A,status.twc_execute,0
3.6246,A,mrac.pitch.e,0.095815614
3.6246,A,mrac.pitch.u_ad,-0.025576146
3.6246,A,mrac.roll.e,-0.12015905
3.6246,A,mrac.roll.u_ad,0.032175615
3.6246,A,mrac.yaw.e,0.12729406
3.6246,A,mrac.yaw.u_ad,-0.011163524
3.6246,A,mrac.z.e,0.21134654
3.6246,A,mrac.z.u_ad,-0.099219479
3.6246,A,status.arm,1
3.6246,A,status.flymode,1
3.6246,A,status.rc_authority,1
3.6246,A,status.sbus_lost,0
3.6246,A,status.twc_arrived,0
3.6246,A,status.twc_execute,0
3.8390,A,mrac.pitch.e,0.095815614
3.8390,A,mrac.pitch.u_ad,-0.025576146
3.8390,A,mrac.roll.e,-0.12015905
3.8390,A,mrac.roll.u_ad,0.032175615
3.8390,A,mrac.yaw.e,0.12729406
3.8390,A,mrac.yaw.u_ad,-0.011163524
3.8390,A,mrac.z.e,0.21134654
3.8390,A,mrac.z.u_ad,-0.099219479
3.8390,A,status.arm,1
3.8390,A,status.flymode,1
3.8390,A,status.rc_authority,1
3.8390,A,status.sbus_lost,0
3.8390,A,status.twc_arrived,0
3.8390,A,status.twc_execute,0
4.0554,A,mrac.pitch.e,0.095815614
4.0554,A,mrac.pitch.u_ad,-0.025576146
4.0554,A,mrac.roll.e,-0.12015905
4.0554,A,mrac.roll.u_ad,0.032175615
4.0554,A,mrac.yaw.e,0.12729406
4.0554,A,mrac.yaw.u_ad,-0.011163524
4.0554,A,mrac.z.e,0.21134654
4.0554,A,mrac.z.u_ad,-0.099219479
4.0554,A,status.arm,1
4.0554,A,status.flymode,1
4.0554,A,status.rc_authority,1
4.0554,A,status.sbus_lost,0
4.0554,A,status.twc_arrived,0
4.0554,A,status.twc_execute,0
4.2552,A,mrac.pitch.e,0.1558398
4.2552,A,mrac.pitch.u_ad,-0.031840518
4.2552,A,mrac.roll.e,-0.19835097
4.2552,A,mrac.roll.u_ad,0.027510181
4.2552,A,mrac.yaw.e,-0.0023089871
4.2552,A,mrac.yaw.u_ad,-0.0060100532
4.2552,A,mrac.z.e,0.13355343
4.2552,A,mrac.z.u_ad,-0.10824563
4.2552,A,status.arm,1
4.2552,A,status.flymode,1
4.2552,A,status.rc_authority,0
4.2552,A,status.sbus_lost,0
4.2552,A,status.twc_arrived,0
4.2552,A,status.twc_execute,0
4.4555,A,mrac.pitch.e,0.1558398
4.4555,A,mrac.pitch.u_ad,-0.031840518
4.4555,A,mrac.roll.e,-0.19835097
4.4555,A,mrac.roll.u_ad,0.027510181
4.4555,A,mrac.yaw.e,-0.0023089871
4.4555,A,mrac.yaw.u_ad,-0.0060100532
4.4555,A,mrac.z.e,0.13355343
4.4555,A,mrac.z.u_ad,-0.10824563
4.4555,A,status.arm,1
4.4555,A,status.flymode,1
4.4555,A,status.rc_authority,0
4.4555,A,status.sbus_lost,0
4.4555,A,status.twc_arrived,0
4.4555,A,status.twc_execute,0
4.6559,A,mrac.pitch.e,0.1558398
4.6559,A,mrac.pitch.u_ad,-0.031840518
4.6559,A,mrac.roll.e,-0.19835097
4.6559,A,mrac.roll.u_ad,0.027510181
4.6559,A,mrac.yaw.e,-0.0023089871
4.6559,A,mrac.yaw.u_ad,-0.0060100532
4.6559,A,mrac.z.e,0.13355343
4.6559,A,mrac.z.u_ad,-0.10824563
4.6559,A,status.arm,1
4.6559,A,status.flymode,1
4.6559,A,status.rc_authority,0
4.6559,A,status.sbus_lost,0
4.6559,A,status.twc_arrived,0
4.6559,A,status.twc_execute,0
4.8564,A,mrac.pitch.e,0.1558398
4.8564,A,mrac.pitch.u_ad,-0.031840518
4.8564,A,mrac.roll.e,-0.19835097
4.8564,A,mrac.roll.u_ad,0.027510181
4.8564,A,mrac.yaw.e,-0.0023089871
4.8564,A,mrac.yaw.u_ad,-0.0060100532
4.8564,A,mrac.z.e,0.13355343
4.8564,A,mrac.z.u_ad,-0.10824563
4.8564,A,status.arm,1
4.8564,A,status.flymode,1
4.8564,A,status.rc_authority,0
4.8564,A,status.sbus_lost,0
4.8564,A,status.twc_arrived,0
4.8564,A,status.twc_execute,0
5.0720,A,mrac.pitch.e,0.1558398
5.0720,A,mrac.pitch.u_ad,-0.031840518
5.0720,A,mrac.roll.e,-0.19835097
5.0720,A,mrac.roll.u_ad,0.027510181
5.0720,A,mrac.yaw.e,-0.0023089871
5.0720,A,mrac.yaw.u_ad,-0.0060100532
5.0720,A,mrac.z.e,0.13355343
5.0720,A,mrac.z.u_ad,-0.10824563
5.0720,A,status.arm,1
5.0720,A,status.flymode,1
5.0720,A,status.rc_authority,0
5.0720,A,status.sbus_lost,0
5.0720,A,status.twc_arrived,0
5.0720,A,status.twc_execute,0
5.2741,A,mrac.pitch.e,0.1558398
5.2741,A,mrac.pitch.u_ad,-0.031840518
5.2741,A,mrac.roll.e,-0.19835097
5.2741,A,mrac.roll.u_ad,0.027510181
5.2741,A,mrac.yaw.e,-0.0023089871
5.2741,A,mrac.yaw.u_ad,-0.0060100532
5.2741,A,mrac.z.e,0.13355343
5.2741,A,mrac.z.u_ad,-0.10824563
5.2741,A,status.arm,1
5.2741,A,status.flymode,1
5.2741,A,status.rc_authority,0
5.2741,A,status.sbus_lost,0
5.2741,A,status.twc_arrived,0
5.2741,A,status.twc_execute,0
5.4913,A,mrac.pitch.e,0.1558398
5.4913,A,mrac.pitch.u_ad,-0.031840518
5.4913,A,mrac.roll.e,-0.19835097
5.4913,A,mrac.roll.u_ad,0.027510181
5.4913,A,mrac.yaw.e,-0.0023089871
5.4913,A,mrac.yaw.u_ad,-0.0060100532
5.4913,A,mrac.z.e,0.13355343
5.4913,A,mrac.z.u_ad,-0.10824563
5.4913,A,status.arm,1
5.4913,A,status.flymode,1
5.4913,A,status.rc_authority,0
5.4913,A,status.sbus_lost,0
5.4913,A,status.twc_arrived,0
5.4913,A,status.twc_execute,0
5.7055,A,mrac.pitch.e,0.1558398
5.7055,A,mrac.pitch.u_ad,-0.031840518
5.7055,A,mrac.roll.e,-0.19835097
5.7055,A,mrac.roll.u_ad,0.027510181
5.7055,A,mrac.yaw.e,-0.0023089871
5.7055,A,mrac.yaw.u_ad,-0.0060100532
5.7055,A,mrac.z.e,0.13355343
5.7055,A,mrac.z.u_ad,-0.10824563
5.7055,A,status.arm,1
5.7055,A,status.flymode,1
5.7055,A,status.rc_authority,0
5.7055,A,status.sbus_lost,0
5.7055,A,status.twc_arrived,0
5.7055,A,status.twc_execute,0
5.9063,A,mrac.pitch.e,0.1558398
5.9063,A,mrac.pitch.u_ad,-0.031840518
5.9063,A,mrac.roll.e,-0.19835097
5.9063,A,mrac.roll.u_ad,0.027510181
5.9063,A,mrac.yaw.e,-0.0023089871
5.9063,A,mrac.yaw.u_ad,-0.0060100532
5.9063,A,mrac.z.e,0.13355343
5.9063,A,mrac.z.u_ad,-0.10824563
5.9063,A,status.arm,1
5.9063,A,status.flymode,1
5.9063,A,status.rc_authority,0
5.9063,A,status.sbus_lost,0
5.9063,A,status.twc_arrived,0
5.9063,A,status.twc_execute,0
6.1063,A,mrac.pitch.e,0.1558398
6.1063,A,mrac.pitch.u_ad,-0.031840518
6.1063,A,mrac.roll.e,-0.19835097
6.1063,A,mrac.roll.u_ad,0.027510181
6.1063,A,mrac.yaw.e,-0.0023089871
6.1063,A,mrac.yaw.u_ad,-0.0060100532
6.1063,A,mrac.z.e,0.13355343
6.1063,A,mrac.z.u_ad,-0.10824563
6.1063,A,status.arm,1
6.1063,A,status.flymode,1
6.1063,A,status.rc_authority,0
6.1063,A,status.sbus_lost,0
6.1063,A,status.twc_arrived,0
6.1063,A,status.twc_execute,0
6.3066,A,mrac.pitch.e,0.1558398
6.3066,A,mrac.pitch.u_ad,-0.031840518
6.3066,A,mrac.roll.e,-0.19835097
6.3066,A,mrac.roll.u_ad,0.027510181
6.3066,A,mrac.yaw.e,-0.0023089871
6.3066,A,mrac.yaw.u_ad,-0.0060100532
6.3066,A,mrac.z.e,0.13355343
6.3066,A,mrac.z.u_ad,-0.10824563
6.3066,A,status.arm,1
6.3066,A,status.flymode,1
6.3066,A,status.rc_authority,0
6.3066,A,status.sbus_lost,0
6.3066,A,status.twc_arrived,0
6.3066,A,status.twc_execute,0
6.5247,A,mrac.pitch.e,0.1558398
6.5247,A,mrac.pitch.u_ad,-0.031840518
6.5247,A,mrac.roll.e,-0.19835097
6.5247,A,mrac.roll.u_ad,0.027510181
6.5247,A,mrac.yaw.e,-0.0023089871
6.5247,A,mrac.yaw.u_ad,-0.0060100532
6.5247,A,mrac.z.e,0.13355343
6.5247,A,mrac.z.u_ad,-0.10824563
6.5247,A,status.arm,1
6.5247,A,status.flymode,1
6.5247,A,status.rc_authority,0
6.5247,A,status.sbus_lost,0
6.5247,A,status.twc_arrived,0
6.5247,A,status.twc_execute,0
6.7398,A,mrac.pitch.e,0.1558398
6.7398,A,mrac.pitch.u_ad,-0.031840518
6.7398,A,mrac.roll.e,-0.19835097
6.7398,A,mrac.roll.u_ad,0.027510181
6.7398,A,mrac.yaw.e,-0.0023089871
6.7398,A,mrac.yaw.u_ad,-0.0060100532
6.7398,A,mrac.z.e,0.13355343
6.7398,A,mrac.z.u_ad,-0.10824563
6.7398,A,status.arm,1
6.7398,A,status.flymode,1
6.7398,A,status.rc_authority,0
6.7398,A,status.sbus_lost,0
6.7398,A,status.twc_arrived,0
6.7398,A,status.twc_execute,0
6.9573,A,mrac.pitch.e,0.1558398
6.9573,A,mrac.pitch.u_ad,-0.031840518
6.9573,A,mrac.roll.e,-0.19835097
6.9573,A,mrac.roll.u_ad,0.027510181
6.9573,A,mrac.yaw.e,-0.0023089871
6.9573,A,mrac.yaw.u_ad,-0.0060100532
6.9573,A,mrac.z.e,0.13355343
6.9573,A,mrac.z.u_ad,-0.10824563
6.9573,A,status.arm,1
6.9573,A,status.flymode,1
6.9573,A,status.rc_authority,0
6.9573,A,status.sbus_lost,0
6.9573,A,status.twc_arrived,0
6.9573,A,status.twc_execute,0
7.1576,A,mrac.pitch.e,0.1558398
7.1576,A,mrac.pitch.u_ad,-0.031840518
7.1576,A,mrac.roll.e,-0.19835097
7.1576,A,mrac.roll.u_ad,0.027510181
7.1576,A,mrac.yaw.e,-0.0023089871
7.1576,A,mrac.yaw.u_ad,-0.0060100532
7.1576,A,mrac.z.e,0.13355343
7.1576,A,mrac.z.u_ad,-0.10824563
7.1576,A,status.arm,1
7.1576,A,status.flymode,1
7.1576,A,status.rc_authority,0
7.1576,A,status.sbus_lost,0
7.1576,A,status.twc_arrived,0
7.1576,A,status.twc_execute,0
7.3733,A,mrac.pitch.e,0.1558398
7.3733,A,mrac.pitch.u_ad,-0.031840518
7.3733,A,mrac.roll.e,-0.19835097
7.3733,A,mrac.roll.u_ad,0.027510181
7.3733,A,mrac.yaw.e,-0.0023089871
7.3733,A,mrac.yaw.u_ad,-0.0060100532
7.3733,A,mrac.z.e,0.13355343
7.3733,A,mrac.z.u_ad,-0.10824563
7.3733,A,status.arm,1
7.3733,A,status.flymode,1
7.3733,A,status.rc_authority,0
7.3733,A,status.sbus_lost,0
7.3733,A,status.twc_arrived,0
7.3733,A,status.twc_execute,0
7.5919,A,mrac.pitch.e,0.099087685
7.5919,A,mrac.pitch.u_ad,-0.0088371979
7.5919,A,mrac.roll.e,0.04241126
7.5919,A,mrac.roll.u_ad,0.034852207
7.5919,A,mrac.yaw.e,0.045848407
7.5919,A,mrac.yaw.u_ad,0.0068212501
7.5919,A,mrac.z.e,4.90763e-07
7.5919,A,mrac.z.u_ad,0.077505738
7.5919,A,status.arm,0
7.5919,A,status.flymode,1
7.5919,A,status.rc_authority,0
7.5919,A,status.sbus_lost,0
7.5919,A,status.twc_arrived,0
7.5919,A,status.twc_execute,0
7.7943,A,mrac.pitch.e,0.078214981
7.7943,A,mrac.pitch.u_ad,-0.010704762
7.7943,A,mrac.roll.e,0.052798755
7.7943,A,mrac.roll.u_ad,0.030150613
7.7943,A,mrac.yaw.e,-0.0029446876
7.7943,A,mrac.yaw.u_ad,0.0082502309
7.7943,A,mrac.z.e,4.5333479e-07
7.7943,A,mrac.z.u_ad,0.077505752
7.7943,A,status.arm,0
7.7943,A,status.flymode,1
7.7943,A,status.rc_authority,0
7.7943,A,status.sbus_lost,0
7.7943,A,status.twc_arrived,0
7.7943,A,status.twc_execute,0
8.0099,A,mrac.pitch.e,0.069320463
8.0099,A,mrac.pitch.u_ad,-0.0090962918
8.0099,A,mrac.roll.e,0.034893125
8.0099,A,mrac.roll.u_ad,0.029064253
8.0099,A,mrac.yaw.e,-0.0037184707
8.0099,A,mrac.yaw.u_ad,0.0084135011
8.0099,A,mrac.z.e,-1.781152e-07
8.0099,A,mrac.z.u_ad,0.077505983
8.0099,A,status.arm,0
8.0099,A,status.flymode,1
8.0099,A,status.rc_authority,0
8.0099,A,status.sbus_lost,0
8.0099,A,status.twc_arrived,0
8.0099,A,status.twc_execute,0
8.2097,A,mrac.pitch.e,0.14154437
8.2097,A,mrac.pitch.u_ad,-0.014009234
8.2097,A,mrac.roll.e,0.04056197
8.2097,A,mrac.roll.u_ad,0.023800818
8.2097,A,mrac.yaw.e,-0.012647321
8.2097,A,mrac.yaw.u_ad,0.0087322239
8.2097,A,mrac.z.e,9.7620318e-07
8.2097,A,mrac.z.u_ad,0.077505574
8.2097,A,status.arm,0
8.2097,A,status.flymode,1
8.2097,A,status.rc_authority,0
8.2097,A,status.sbus_lost,0
8.2097,A,status.twc_arrived,0
8.2097,A,status.twc_execute,0
8.4111,A,mrac.pitch.e,0.053812601
8.4111,A,mrac.pitch.u_ad,-0.010122471
8.4111,A,mrac.roll.e,0.065105312
8.4111,A,mrac.roll.u_ad,0.016790623
8.4111,A,mrac.yaw.e,-0.00059640966
8.4111,A,mrac.yaw.u_ad,0.0083525851
8.4111,A,mrac.z.e,0.095651984
8.4111,A,mrac.z.u_ad,0.041797534
8.4111,A,status.arm,0
8.4111,A,status.flymode,1
8.4111,A,status.rc_authority,0
8.4111,A,status.sbus_lost,0
8.4111,A,status.twc_arrived,0
8.4111,A,status.twc_execute,0
8.6309,A,mrac.pitch.e,0.091275215
8.6309,A,mrac.pitch.u_ad,-0.011996106
8.6309,A,mrac.roll.e,0.02357325
8.6309,A,mrac.roll.u_ad,0.017624335
8.6309,A,mrac.yaw.e,-0.010495991
8.6309,A,mrac.yaw.u_ad,0.0085616214
8.6309,A,mrac.z.e,-0.001926223
8.6309,A,mrac.z.u_ad,0.079889804
8.6309,A,status.arm,0
8.6309,A,status.flymode,1
8.6309,A,status.rc_authority,0
8.6309,A,status.sbus_lost,0
8.6309,A,status.twc_arrived,0
8.6309,A,status.twc_execute,0
8.8410,A,mrac.pitch.e,0.094518535
8.8410,A,mrac.pitch.u_ad,-0.012968747
8.8410,A,mrac.roll.e,0.042334467
8.8410,A,mrac.roll.u_ad,0.014129359
8.8410,A,mrac.yaw.e,-0.0021161728
8.8410,A,mrac.yaw.u_ad,0.0084146215
8.8410,A,mrac.z.e,-2.0203172e-05
8.8410,A,mrac.z.u_ad,0.079219364
8.8410,A,status.arm,0
8.8410,A,status.flymode,1
8.8410,A,status.rc_authority,0
8.8410,A,status.sbus_lost,0
8.8410,A,status.twc_arrived,0
8.8410,A,status.twc_execute,0
9.0419,A,mrac.pitch.e,0.08124052
9.0419,A,mrac.pitch.u_ad,-0.01317576
9.0419,A,mrac.roll.e,0.028813239
9.0419,A,mrac.roll.u_ad,0.01377623
9.0419,A,mrac.yaw.e,-0.045350231
9.0419,A,mrac.yaw.u_ad,0.0095951119
9.0419,A,mrac.z.e,-1.7779671e-08
9.0419,A,mrac.z.u_ad,0.079212263
9.0419,A,status.arm,0
9.0419,A,status.flymode,1
9.0419,A,status.rc_authority,0
9.0419,A,status.sbus_lost,0
9.0419,A,status.twc_arrived,0
9.0419,A,status.twc_execute,0
9.2441,A,mrac.pitch.e,0.031951722
9.2441,A,mrac.pitch.u_ad,-0.0076576527
9.2441,A,mrac.roll.e,0.033540733
9.2441,A,mrac.roll.u_ad,0.011992067
9.2441,A,mrac.yaw.e,-0.011265053
9.2441,A,mrac.yaw.u_ad,0.0087775374
9.2441,A,mrac.z.e,-3.2865393e-07
9.2441,A,mrac.z.u_ad,0.079212375
9.2441,A,status.arm,0
9.2441,A,status.flymode,1
9.2441,A,status.rc_authority,0
9.2441,A,status.sbus_lost,0
9.2441,A,status.twc_arrived,0
9.2441,A,status.twc_execute,0
9.4450,A,mrac.pitch.e,0.085109249
9.4450,A,mrac.pitch.u_ad,-0.013162703
9.4450,A,mrac.roll.e,0.029100768
9.4450,A,mrac.roll.u_ad,0.011374461
9.4450,A,mrac.yaw.e,-0.036707234
9.4450,A,mrac.yaw.u_ad,0.0095359785
9.4450,A,mrac.z.e,-5.8771479e-07
9.4450,A,mrac.z.u_ad,0.079212464
9.4450,A,status.arm,0
9.4450,A,status.flymode,1
9.4450,A,status.rc_authority,0
9.4450,A,status.sbus_lost,0
9.4450,A,status.twc_arrived,0
9.4450,A,status.twc_execute,0
9.6619,A,mrac.pitch.e,0.068151332
9.6619,A,mrac.pitch.u_ad,-0.012520494
9.6619,A,mrac.roll.e,0.04075994
9.6619,A,mrac.roll.u_ad,0.010363882
9.6619,A,mrac.yaw.e,-0.016717596
9.6619,A,mrac.yaw.u_ad,0.0089521054
9.6619,A,mrac.z.e,-2.7067273e-07
9.6619,A,mrac.z.u_ad,0.079212353
9.6619,A,status.arm,0
9.6619,A,status.flymode,1
9.6619,A,status.rc_authority,0
9.6619,A,status.sbus_lost,0
9.6619,A,status.twc_arrived,0
9.6619,A,status.twc_execute,0
9.8756,A,mrac.pitch.e,0.06424275
9.8756,A,mrac.pitch.u_ad,-0.011595314
9.8756,A,mrac.roll.e,0.050829671
9.8756,A,mrac.roll.u_ad,0.0087805493
9.8756,A,mrac.yaw.e,-0.043977018
9.8756,A,mrac.yaw.u_ad,0.0096562477
9.8756,A,mrac.z.e,4.920679e-07
9.8756,A,mrac.z.u_ad,0.079212077
9.8756,A,status.arm,0
9.8756,A,status.flymode,1
9.8756,A,status.rc_authority,0
9.8756,A,status.sbus_lost,0
9.8756,A,status.twc_arrived,0
9.8756,A,status.twc_execute,0
10.0758,A,mrac.pitch.e,0.063117631
10.0758,A,mrac.pitch.u_ad,-0.011032496
10.0758,A,mrac.roll.e,0.034702364
10.0758,A,mrac.roll.u_ad,0.0086019589
10.0758,A,mrac.yaw.e,0.0043595852
10.0758,A,mrac.yaw.u_ad,0.0084291026
10.0758,A,mrac.z.e,-1.1167912e-06
10.0758,A,mrac.z.u_ad,0.079212651
10.0758,A,status.arm,0
10.0758,A,status.flymode,1
10.0758,A,status.rc_authority,0
10.0758,A,status.sbus_lost,0
10.0758,A,status.twc_arrived,0
10.0758,A,status.twc_execute,0
10.2763,A,mrac.pitch.e,0.10144573
10.2763,A,mrac.pitch.u_ad,-0.013963304
10.2763,A,mrac.roll.e,0.02612753
10.2763,A,mrac.roll.u_ad,0.0071128379
10.2763,A,mrac.yaw.e,-0.017894682
10.2763,A,mrac.yaw.u_ad,0.0088538472
10.2763,A,mrac.z.e,4.4748253e-07
10.2763,A,mrac.z.u_ad,0.079212099
10.2763,A,status.arm,0
10.2763,A,status.flymode,1
10.2763,A,status.rc_authority,0
10.2763,A,status.sbus_lost,0
10.2763,A,status.twc_arrived,0
10.2763,A,status.twc_execute,0
10.4787,A,mrac.pitch.e,0.015189104
10.4787,A,mrac.pitch.u_ad,-0.0085410206
10.4787,A,mrac.roll.e,0.055021979
10.4787,A,mrac.roll.u_ad,0.0050651161
10.4787,A,mrac.yaw.e,0.011991207
10.4787,A,mrac.yaw.u_ad,0.0087784799
10.4787,A,mrac.z.e,2.2968803e-07
10.4787,A,mrac.z.u_ad,0.079212174
10.4787,A,status.arm,0
10.4787,A,status.flymode,1
10.4787,A,status.rc_authority,0
10.4787,A,status.sbus_lost,0
10.4787,A,status.twc_arrived,0
10.4787,A,status.twc_execute,0
10.6959,A,mrac.pitch.e,0.058443688
10.6959,A,mrac.pitch.u_ad,-0.011305394
10.6959,A,mrac.roll.e,0.0076426957
10.6959,A,mrac.roll.u_ad,0.0059501249
10.6959,A,mrac.yaw.e,0.0013740051
10.6959,A,mrac.yaw.u_ad,0.0092653632
10.6959,A,mrac.z.e,-1.5494301e-08
10.6959,A,mrac.z.u_ad,0.079212263
10.6959,A,status.arm,0
10.6959,A,status.flymode,1
10.6959,A,status.rc_authority,0
10.6959,A,status.sbus_lost,0
10.6959,A,status.twc_arrived,0
10.6959,A,status.twc_execute,0
10.8972,A,mrac.pitch.e,0.045748703
10.8972,A,mrac.pitch.u_ad,-0.011823242
10.8972,A,mrac.roll.e,0.03981835
10.8972,A,mrac.roll.u_ad,0.0031663533
10.8972,A,mrac.yaw.e,-0.024443161
10.8972,A,mrac.yaw.u_ad,0.00999856
10.8972,A,mrac.z.e,-2.4580544e-07
10.8972,A,mrac.z.u_ad,0.079212345
10.8972,A,status.arm,0
10.8972,A,status.flymode,1
10.8972,A,status.rc_authority,0
10.8972,A,status.sbus_lost,0
10.8972,A,status.twc_arrived,0
10.8972,A,status.twc_execute,0
11.1124,A,mrac.pitch.e,0.080802701
11.1124,A,mrac.pitch.u_ad,-0.013326363
11.1124,A,mrac.roll.e,0.035045043
11.1124,A,mrac.roll.u_ad,0.0033046668
11.1124,A,mrac.yaw.e,-0.018013051
11.1124,A,mrac.yaw.u_ad,0.0099832257
11.1124,A,mrac.z.e,6.5080258e-07
11.1124,A,mrac.z.u_ad,0.079212032
11.1124,A,status.arm,0
11.1124,A,status.flymode,1
11.1124,A,status.rc_authority,0
11.1124,A,status.sbus_lost,0
11.1124,A,status.twc_arrived,0
11.1124,A,status.twc_execute,0
11.3303,A,mrac.pitch.e,0.05052112
11.3303,A,mrac.pitch.u_ad,-0.010206325
11.3303,A,mrac.roll.e,0.030737825
11.3303,A,mrac.roll.u_ad,0.0025057653
11.3303,A,mrac.yaw.e,-0.036804195
11.3303,A,mrac.yaw.u_ad,0.0107871
11.3303,A,mrac.z.e,2.7742729e-07
11.3303,A,mrac.z.u_ad,0.079212159
11.3303,A,status.arm,0
11.3303,A,status.flymode,1
11.3303,A,status.rc_authority,0
11.3303,A,status.sbus_lost,0
11.3303,A,status.twc_arrived,0
11.3303,A,status.twc_execute,0
11.5463,A,mrac.pitch.e,0.065730959
11.5463,A,mrac.pitch.u_ad,-0.012445407
11.5463,A,mrac.roll.e,0.0062628612
11.5463,A,mrac.roll.u_ad,0.0038379161
11.5463,A,mrac.yaw.e,0.033919293
11.5463,A,mrac.yaw.u_ad,0.0086724628
11.5463,A,mrac.z.e,-4.2332192e-07
11.5463,A,mrac.z.u_ad,0.079212405
11.5463,A,status.arm,0
11.5463,A,status.flymode,1
11.5463,A,status.rc_authority,0
11.5463,A,status.sbus_lost,0
11.5463,A,status.twc_arrived,0
11.5463,A,status.twc_execute,0
11.7635,A,mrac.pitch.e,0.11226828
11.7635,A,mrac.pitch.u_ad,-0.015966266
11.7635,A,mrac.roll.e,0.026278824
11.7635,A,mrac.roll.u_ad,0.0024888758
11.7635,A,mrac.yaw.e,-0.048507106
11.7635,A,mrac.yaw.u_ad,0.011200127
11.7635,A,mrac.z.e,7.1299417e-07
11.7635,A,mrac.z.u_ad,0.07921201
11.7635,A,status.arm,0
11.7635,A,status.flymode,1
11.7635,A,status.rc_authority,0
11.7635,A,status.sbus_lost,0
11.7635,A,status.twc_arrived,0
11.7635,A,status.twc_execute,0
11.9787,A,mrac.pitch.e,0.059869591
11.9787,A,mrac.pitch.u_ad,-0.010765938
11.9787,A,mrac.roll.e,0.0097150952
11.9787,A,mrac.roll.u_ad,0.0017827102
11.9787,A,mrac.yaw.e,-0.046626039
11.9787,A,mrac.yaw.u_ad,0.011098156
11.9787,A,mrac.z.e,-2.6012838e-06
11.9787,A,mrac.z.u_ad,0.079213172
11.9787,A,status.arm,0
11.9787,A,status.flymode,1
11.9787,A,status.rc_authority,0
11.9787,A,status.sbus_lost,0
11.9787,A,status.twc_arrived,0
11.9787,A,status.twc_execute,0
12.1791,A,mrac.pitch.e,0.11286126
12.1791,A,mrac.pitch.u_ad,-0.014113244
12.1791,A,mrac.roll.e,0.043428939
12.1791,A,mrac.roll.u_ad,0.00089119049
12.1791,A,mrac.yaw.e,-0.00064694765
12.1791,A,mrac.yaw.u_ad,0.010095043
12.1791,A,mrac.z.e,-1.3157334e-06
12.1791,A,mrac.z.u_ad,0.079212718
12.1791,A,status.arm,0
12.1791,A,status.flymode,1
12.1791,A,status.rc_authority,0
12.1791,A,status.sbus_lost,0
12.1791,A,status.twc_arrived,0
12.1791,A,status.twc_execute,0
12.3954,A,mrac.pitch.e,0.017502435
12.3954,A,mrac.pitch.u_ad,-0.0062479055
12.3954,A,mrac.roll.e,0.0089509543
12.3954,A,mrac.roll.u_ad,0.0023076907
12.3954,A,mrac.yaw.e,-0.013268441
12.3954,A,mrac.yaw.u_ad,0.010160738
12.3954,A,mrac.z.e,6.9701684e-08
12.3954,A,mrac.z.u_ad,0.079212233
12.3954,A,status.arm,0
12.3954,A,status.flymode,1
12.3954,A,status.rc_authority,0
12.3954,A,status.sbus_lost,0
12.3954,A,status.twc_arrived,0
12.3954,A,status.twc_execute,0
12.6108,A,mrac.pitch.e,0.082987979
12.6108,A,mrac.pitch.u_ad,-0.012247593
12.6108,A,mrac.roll.e,0.0087047461
12.6108,A,mrac.roll.u_ad,0.0016601824
12.6108,A,mrac.yaw.e,-0.0042815767
12.6108,A,mrac.yaw.u_ad,0.0098577701
12.6108,A,mrac.z.e,-8.157981e-07
12.6108,A,mrac.z.u_ad,0.079212539
12.6108,A,status.arm,0
12.6108,A,status.flymode,1
12.6108,A,status.rc_authority,0
12.6108,A,status.sbus_lost,0
12.6108,A,status.twc_arrived,0
12.6108,A,status.twc_execute,0
12.8308,A,mrac.pitch.e,0.080862388
12.8308,A,mrac.pitch.u_ad,-0.012640465
12.8308,A,mrac.roll.e,-0.007592909
12.8308,A,mrac.roll.u_ad,0.0031876636
12.8308,A,mrac.yaw.e,0.0096513797
12.8308,A,mrac.yaw.u_ad,0.0094374297
12.8308,A,mrac.z.e,-1.4281113e-06
12.8308,A,mrac.z.u_ad,0.079212762
12.8308,A,status.arm,0
12.8308,A,status.flymode,1
12.8308,A,status.rc_authority,0
12.8308,A,status.sbus_lost,0
12.8308,A,status.twc_arrived,0
12.8308,A,status.twc_execute,0
13.0294,A,mrac.pitch.e,0.056424476
13.0294,A,mrac.pitch.u_ad,-0.010492465
13.0294,A,mrac.roll.e,0.044266291
13.0294,A,mrac.roll.u_ad,0.0005768917
13.0294,A,mrac.yaw.e,0.045127604
13.0294,A,mrac.yaw.u_ad,0.0087098256
13.0294,A,mrac.z.e,2.6222483e-07
13.0294,A,mrac.z.u_ad,0.079212166
13.0294,A,status.arm,0
13.0294,A,status.flymode,0
13.0294,A,status.rc_authority,0
13.0294,A,status.sbus_lost,0
13.0294,A,status.twc_arrived,0
13.0294,A,status.twc_execute,0
13.2469,A,mrac.pitch.e,0.071840286
13.2469,A,mrac.pitch.u_ad,-0.013089108
13.2469,A,mrac.roll.e,0.032642834
13.2469,A,mrac.roll.u_ad,0.00082500768
13.2469,A,mrac.yaw.e,0.0051808399
13.2469,A,mrac.yaw.u_ad,0.0096211312
13.2469,A,mrac.z.e,5.2211263e-08
13.2469,A,mrac.z.u_ad,0.079212241
13.2469,A,status.arm,0
13.2469,A,status.flymode,0
13.2469,A,status.rc_authority,0
13.2469,A,status.sbus_lost,0
13.2469,A,status.twc_arrived,0
13.2469,A,status.twc_execute,0
13.4642,A,mrac.pitch.e,0.096218064
13.4642,A,mrac.pitch.u_ad,-0.014441112
13.4642,A,mrac.roll.e,0.01546314
13.4642,A,mrac.roll.u_ad,0.0013905703
13.4642,A,mrac.yaw.e,0.011071442
13.4642,A,mrac.yaw.u_ad,0.010345434
13.4642,A,mrac.z.e,4.9274161e-07
13.4642,A,mrac.z.u_ad,0.079212062
13.4642,A,status.arm,0
13.4642,A,status.flymode,0
13.4642,A,status.rc_authority,0
13.4642,A,status.sbus_lost,0
13.4642,A,status.twc_arrived,0
13.4642,A,status.twc_execute,0
13.6798,A,mrac.pitch.e,0.069681168
13.6798,A,mrac.pitch.u_ad,-0.012934607
13.6798,A,mrac.roll.e,0.017035423
13.6798,A,mrac.roll.u_ad,-6.7440793e-05
13.6798,A,mrac.yaw.e,0.037567984
13.6798,A,mrac.yaw.u_ad,0.0094122132
13.6798,A,mrac.z.e,-7.6934634e-07
13.6798,A,mrac.z.u_ad,0.079212517
13.6798,A,status.arm,0
13.6798,A,status.flymode,0
13.6798,A,status.rc_authority,0
13.6798,A,status.sbus_lost,0
13.6798,A,status.twc_arrived,0
13.6798,A,status.twc_execute,0
13.8968,A,mrac.pitch.e,0.070396222
13.8968,A,mrac.pitch.u_ad,-0.010627907
13.8968,A,mrac.roll.e,-0.010161221
13.8968,A,mrac.roll.u_ad,0.00064825313
13.8968,A,mrac.yaw.e,0.021581016
13.8968,A,mrac.yaw.u_ad,0.0097380765
13.8968,A,mrac.z.e,9.0784135e-07
13.8968,A,mrac.z.u_ad,0.07921192
13.8968,A,status.arm,0
13.8968,A,status.flymode,0
13.8968,A,status.rc_authority,0
13.8968,A,status.sbus_lost,0
13.8968,A,status.twc_arrived,0
13.8968,A,status.twc_execute,0
14.0980,A,mrac.pitch.e,0.076391838
14.0980,A,mrac.pitch.u_ad,-0.012482979
14.0980,A,mrac.roll.e,0.0017315038
14.0980,A,mrac.roll.u_ad,0.0002514068
14.0980,A,mrac.yaw.e,0.053103048
14.0980,A,mrac.yaw.u_ad,0.0081265057
14.0980,A,mrac.z.e,-6.7221194e-08
14.0980,A,mrac.z.u_ad,0.079212263
14.0980,A,status.arm,0
14.0980,A,status.flymode,0
14.0980,A,status.rc_authority,0
14.0980,A,status.sbus_lost,0
14.0980,A,status.twc_arrived,0
14.0980,A,status.twc_execute,0
14.3135,A,mrac.pitch.e,0.074785247
14.3135,A,mrac.pitch.u_ad,-0.013583785
14.3135,A,mrac.roll.e,0.033264585
14.3135,A,mrac.roll.u_ad,-0.0019782146
14.3135,A,mrac.yaw.e,-0.0038897917
14.3135,A,mrac.yaw.u_ad,0.0089216186
14.3135,A,mrac.z.e,-4.4846047e-08
14.3135,A,mrac.z.u_ad,0.079212271
14.3135,A,status.arm,0
14.3135,A,status.flymode,0
14.3135,A,status.rc_authority,0
14.3135,A,status.sbus_lost,0
14.3135,A,status.twc_arrived,0
14.3135,A,status.twc_execute,0
14.5302,A,mrac.pitch.e,0.093366452
14.5302,A,mrac.pitch.u_ad,-0.015001025
14.5302,A,mrac.roll.e,-0.020706568
14.5302,A,mrac.roll.u_ad,-0.00022283895
14.5302,A,mrac.yaw.e,0.023263887
14.5302,A,mrac.yaw.u_ad,0.0091117164
14.5302,A,mrac.z.e,-1.3837724e-06
14.5302,A,mrac.z.u_ad,0.07921274
14.5302,A,status.arm,0
14.5302,A,status.flymode,0
14.5302,A,status.rc_authority,0
14.5302,A,status.sbus_lost,0
14.5302,A,status.twc_arrived,0
14.5302,A,status.twc_execute,0
14.7306,A,mrac.pitch.e,0.064254962
14.7306,A,mrac.pitch.u_ad,-0.012333768
14.7306,A,mrac.roll.e,0.064890027
14.7306,A,mrac.roll.u_ad,-0.0032460457
14.7306,A,mrac.yaw.e,0.025538433
14.7306,A,mrac.yaw.u_ad,0.0079362271
14.7306,A,mrac.z.e,1.9767944e-07
14.7306,A,mrac.z.u_ad,0.079212204
14.7306,A,status.arm,0
14.7306,A,status.flymode,0
14.7306,A,status.rc_authority,0
14.7306,A,status.sbus_lost,0
14.7306,A,status.twc_arrived,0
14.7306,A,status.twc_execute,0
14.9308,A,mrac.pitch.e,0.074804842
14.9308,A,mrac.pitch.u_ad,-0.01265204
14.9308,A,mrac.roll.e,0.067216009
14.9308,A,mrac.roll.u_ad,-0.0029015024
14.9308,A,mrac.yaw.e,0.031927191
14.9308,A,mrac.yaw.u_ad,0.0079881921
14.9308,A,mrac.z.e,-8.8962463e-07
14.9308,A,mrac.z.u_ad,0.079212576
14.9308,A,status.arm,0
14.9308,A,status.flymode,0
14.9308,A,status.rc_authority,0
14.9308,A,status.sbus_lost,0
14.9308,A,status.twc_arrived,0
14.9308,A,status.twc_execute,0
15.1302,A,mrac.pitch.e,0.094514564
15.1302,A,mrac.pitch.u_ad,-0.01185324
15.1302,A,mrac.roll.e,0.001851039
15.1302,A,mrac.roll.u_ad,-0.0010531668
15.1302,A,mrac.yaw.e,0.032462943
15.1302,A,mrac.yaw.u_ad,0.0068909302
15.1302,A,mrac.z.e,-2.0992911e-06
15.1302,A,mrac.z.u_ad,0.079213016
15.1302,A,status.arm,0
15.1302,A,status.flymode,0
15.1302,A,status.rc_authority,0
15.1302,A,status.sbus_lost,0
15.1302,A,status.twc_arrived,0
15.1302,A,status.twc_execute,0
15.3463,A,mrac.pitch.e,0.084970765
15.3463,A,mrac.pitch.u_ad,-0.01528704
15.3463,A,mrac.roll.e,0.049970876
15.3463,A,mrac.roll.u_ad,-0.002552764
15.3463,A,mrac.yaw.e,0.069889471
15.3463,A,mrac.yaw.u_ad,0.0053724651
15.3463,A,mrac.z.e,-1.3631176e-06
15.3463,A,mrac.z.u_ad,0.079212762
15.3463,A,status.arm,0
15.3463,A,status.flymode,0
15.3463,A,status.rc_authority,0
15.3463,A,status.sbus_lost,0
15.3463,A,status.twc_arrived,0
15.3463,A,status.twc_execute,0
15.5466,A,mrac.pitch.e,0.084970765
15.5466,A,mrac.pitch.u_ad,-0.01528704
15.5466,A,mrac.roll.e,0.049970876
15.5466,A,mrac.roll.u_ad,-0.002552764
15.5466,A,mrac.yaw.e,0.069889471
15.5466,A,mrac.yaw.u_ad,0.0053724651
15.5466,A,mrac.z.e,-1.3631176e-06
15.5466,A,mrac.z.u_ad,0.079212762
15.5466,A,status.arm,0
15.5466,A,status.flymode,0
15.5466,A,status.rc_authority,0
15.5466,A,status.sbus_lost,0
15.5466,A,status.twc_arrived,0
15.5466,A,status.twc_execute,0
15.7467,A,mrac.pitch.e,0.084970765
15.7467,A,mrac.pitch.u_ad,-0.01528704
15.7467,A,mrac.roll.e,0.049970876
15.7467,A,mrac.roll.u_ad,-0.002552764
15.7467,A,mrac.yaw.e,0.069889471
15.7467,A,mrac.yaw.u_ad,0.0053724651
15.7467,A,mrac.z.e,-1.3631176e-06
15.7467,A,mrac.z.u_ad,0.079212762
15.7467,A,status.arm,0
15.7467,A,status.flymode,0
15.7467,A,status.rc_authority,0
15.7467,A,status.sbus_lost,0
15.7467,A,status.twc_arrived,0
15.7467,A,status.twc_execute,0
15.9470,A,mrac.pitch.e,0.084970765
15.9470,A,mrac.pitch.u_ad,-0.01528704
15.9470,A,mrac.roll.e,0.049970876
15.9470,A,mrac.roll.u_ad,-0.002552764
15.9470,A,mrac.yaw.e,0.069889471
15.9470,A,mrac.yaw.u_ad,0.0053724651
15.9470,A,mrac.z.e,-1.3631176e-06
15.9470,A,mrac.z.u_ad,0.079212762
15.9470,A,status.arm,0
15.9470,A,status.flymode,0
15.9470,A,status.rc_authority,0
15.9470,A,status.sbus_lost,0
15.9470,A,status.twc_arrived,0
15.9470,A,status.twc_execute,0
16.1473,A,mrac.pitch.e,0.084970765
16.1473,A,mrac.pitch.u_ad,-0.01528704
16.1473,A,mrac.roll.e,0.049970876
16.1473,A,mrac.roll.u_ad,-0.002552764
16.1473,A,mrac.yaw.e,0.069889471
16.1473,A,mrac.yaw.u_ad,0.0053724651
16.1473,A,mrac.z.e,-1.3631176e-06
16.1473,A,mrac.z.u_ad,0.079212762
16.1473,A,status.arm,0
16.1473,A,status.flymode,0
16.1473,A,status.rc_authority,0
16.1473,A,status.sbus_lost,0
16.1473,A,status.twc_arrived,0
16.1473,A,status.twc_execute,0
16.3477,A,mrac.pitch.e,0.084970765
16.3477,A,mrac.pitch.u_ad,-0.01528704
16.3477,A,mrac.roll.e,0.049970876
16.3477,A,mrac.roll.u_ad,-0.002552764
16.3477,A,mrac.yaw.e,0.069889471
16.3477,A,mrac.yaw.u_ad,0.0053724651
16.3477,A,mrac.z.e,-1.3631176e-06
16.3477,A,mrac.z.u_ad,0.079212762
16.3477,A,status.arm,0
16.3477,A,status.flymode,0
16.3477,A,status.rc_authority,0
16.3477,A,status.sbus_lost,0
16.3477,A,status.twc_arrived,0
16.3477,A,status.twc_execute,0
16.5479,A,mrac.pitch.e,0.084970765
16.5479,A,mrac.pitch.u_ad,-0.01528704
16.5479,A,mrac.roll.e,0.049970876
16.5479,A,mrac.roll.u_ad,-0.002552764
16.5479,A,mrac.yaw.e,0.069889471
16.5479,A,mrac.yaw.u_ad,0.0053724651
16.5479,A,mrac.z.e,-1.3631176e-06
16.5479,A,mrac.z.u_ad,0.079212762
16.5479,A,status.arm,0
16.5479,A,status.flymode,0
16.5479,A,status.rc_authority,0
16.5479,A,status.sbus_lost,0
16.5479,A,status.twc_arrived,0
16.5479,A,status.twc_execute,0
16.7488,A,mrac.pitch.e,0.084970765
16.7488,A,mrac.pitch.u_ad,-0.01528704
16.7488,A,mrac.roll.e,0.049970876
16.7488,A,mrac.roll.u_ad,-0.002552764
16.7488,A,mrac.yaw.e,0.069889471
16.7488,A,mrac.yaw.u_ad,0.0053724651
16.7488,A,mrac.z.e,-1.3631176e-06
16.7488,A,mrac.z.u_ad,0.079212762
16.7488,A,status.arm,0
16.7488,A,status.flymode,0
16.7488,A,status.rc_authority,0
16.7488,A,status.sbus_lost,0
16.7488,A,status.twc_arrived,0
16.7488,A,status.twc_execute,0
16.9630,A,mrac.pitch.e,0.084970765
16.9630,A,mrac.pitch.u_ad,-0.01528704
16.9630,A,mrac.roll.e,0.049970876
16.9630,A,mrac.roll.u_ad,-0.002552764
16.9630,A,mrac.yaw.e,0.069889471
16.9630,A,mrac.yaw.u_ad,0.0053724651
16.9630,A,mrac.z.e,-1.3631176e-06
16.9630,A,mrac.z.u_ad,0.079212762
16.9630,A,status.arm,0
16.9630,A,status.flymode,0
16.9630,A,status.rc_authority,0
16.9630,A,status.sbus_lost,0
16.9630,A,status.twc_arrived,0
16.9630,A,status.twc_execute,0
17.1628,A,mrac.pitch.e,0.084970765
17.1628,A,mrac.pitch.u_ad,-0.01528704
17.1628,A,mrac.roll.e,0.049970876
17.1628,A,mrac.roll.u_ad,-0.002552764
17.1628,A,mrac.yaw.e,0.069889471
17.1628,A,mrac.yaw.u_ad,0.0053724651
17.1628,A,mrac.z.e,-1.3631176e-06
17.1628,A,mrac.z.u_ad,0.079212762
17.1628,A,status.arm,0
17.1628,A,status.flymode,0
17.1628,A,status.rc_authority,0
17.1628,A,status.sbus_lost,0
17.1628,A,status.twc_arrived,0
17.1628,A,status.twc_execute,0
17.3778,A,mrac.pitch.e,0.084970765
17.3778,A,mrac.pitch.u_ad,-0.01528704
17.3778,A,mrac.roll.e,0.049970876
17.3778,A,mrac.roll.u_ad,-0.002552764
17.3778,A,mrac.yaw.e,0.069889471
17.3778,A,mrac.yaw.u_ad,0.0053724651
17.3778,A,mrac.z.e,-1.3631176e-06
17.3778,A,mrac.z.u_ad,0.079212762
17.3778,A,status.arm,0
17.3778,A,status.flymode,0
17.3778,A,status.rc_authority,0
17.3778,A,status.sbus_lost,0
17.3778,A,status.twc_arrived,0
17.3778,A,status.twc_execute,0
17.5781,A,mrac.pitch.e,0.084970765
17.5781,A,mrac.pitch.u_ad,-0.01528704
17.5781,A,mrac.roll.e,0.049970876
17.5781,A,mrac.roll.u_ad,-0.002552764
17.5781,A,mrac.yaw.e,0.069889471
17.5781,A,mrac.yaw.u_ad,0.0053724651
17.5781,A,mrac.z.e,-1.3631176e-06
17.5781,A,mrac.z.u_ad,0.079212762
17.5781,A,status.arm,0
17.5781,A,status.flymode,0
17.5781,A,status.rc_authority,0
17.5781,A,status.sbus_lost,0
17.5781,A,status.twc_arrived,0
17.5781,A,status.twc_execute,0
17.7813,A,mrac.pitch.e,0.084970765
17.7813,A,mrac.pitch.u_ad,-0.01528704
17.7813,A,mrac.roll.e,0.049970876
17.7813,A,mrac.roll.u_ad,-0.002552764
17.7813,A,mrac.yaw.e,0.069889471
17.7813,A,mrac.yaw.u_ad,0.0053724651
17.7813,A,mrac.z.e,-1.3631176e-06
17.7813,A,mrac.z.u_ad,0.079212762
17.7813,A,status.arm,0
17.7813,A,status.flymode,0
17.7813,A,status.rc_authority,0
17.7813,A,status.sbus_lost,0
17.7813,A,status.twc_arrived,0
17.7813,A,status.twc_execute,0
17.9816,A,mrac.pitch.e,0.084970765
17.9816,A,mrac.pitch.u_ad,-0.01528704
17.9816,A,mrac.roll.e,0.049970876
17.9816,A,mrac.roll.u_ad,-0.002552764
17.9816,A,mrac.yaw.e,0.069889471
17.9816,A,mrac.yaw.u_ad,0.0053724651
17.9816,A,mrac.z.e,-1.3631176e-06
17.9816,A,mrac.z.u_ad,0.079212762
17.9816,A,status.arm,0
17.9816,A,status.flymode,0
17.9816,A,status.rc_authority,0
17.9816,A,status.sbus_lost,0
17.9816,A,status.twc_arrived,0
17.9816,A,status.twc_execute,0
18.1963,A,mrac.pitch.e,0.097359411
18.1963,A,mrac.pitch.u_ad,-0.015631661
18.1963,A,mrac.roll.e,0.058447905
18.1963,A,mrac.roll.u_ad,-0.0074765012
18.1963,A,mrac.yaw.e,0.10576204
18.1963,A,mrac.yaw.u_ad,-0.012828926
18.1963,A,mrac.z.e,1.8494426e-06
18.1963,A,mrac.z.u_ad,0.08658012
18.1963,A,status.arm,0
18.1963,A,status.flymode,0
18.1963,A,status.rc_authority,0
18.1963,A,status.sbus_lost,0
18.1963,A,status.twc_arrived,0
18.1963,A,status.twc_execute,0
18.3993,A,mrac.pitch.e,0.097359411
18.3993,A,mrac.pitch.u_ad,-0.015631661
18.3993,A,mrac.roll.e,0.058447905
18.3993,A,mrac.roll.u_ad,-0.0074765012
18.3993,A,mrac.yaw.e,0.10576204
18.3993,A,mrac.yaw.u_ad,-0.012828926
18.3993,A,mrac.z.e,1.8494426e-06
18.3993,A,mrac.z.u_ad,0.08658012
18.3993,A,status.arm,0
18.3993,A,status.flymode,0
18.3993,A,status.rc_authority,0
18.3993,A,status.sbus_lost,0
18.3993,A,status.twc_arrived,0
18.3993,A,status.twc_execute,0
18.6124,A,mrac.pitch.e,0.097359411
18.6124,A,mrac.pitch.u_ad,-0.015631661
18.6124,A,mrac.roll.e,0.058447905
18.6124,A,mrac.roll.u_ad,-0.0074765012
18.6124,A,mrac.yaw.e,0.10576204
18.6124,A,mrac.yaw.u_ad,-0.012828926
18.6124,A,mrac.z.e,1.8494426e-06
18.6124,A,mrac.z.u_ad,0.08658012
18.6124,A,status.arm,0
18.6124,A,status.flymode,0
18.6124,A,status.rc_authority,0
18.6124,A,status.sbus_lost,0
18.6124,A,status.twc_arrived,0
18.6124,A,status.twc_execute,0
18.8147,A,mrac.pitch.e,0.055637687
18.8147,A,mrac.pitch.u_ad,-0.010605632
18.8147,A,mrac.roll.e,0.051627763
18.8147,A,mrac.roll.u_ad,-0.0081917932
18.8147,A,mrac.yaw.e,0.077647336
18.8147,A,mrac.yaw.u_ad,-0.011227624
18.8147,A,mrac.z.e,-0.0049931402
18.8147,A,mrac.z.u_ad,0.091740012
18.8147,A,status.arm,0
18.8147,A,status.flymode,0
18.8147,A,status.rc_authority,0
18.8147,A,status.sbus_lost,0
18.8147,A,status.twc_arrived,0
18.8147,A,status.twc_execute,0
19.0130,A,mrac.pitch.e,0.088485844
19.0130,A,mrac.pitch.u_ad,-0.012727825
19.0130,A,mrac.roll.e,0.044820786
19.0130,A,mrac.roll.u_ad,-0.0086750891
19.0130,A,mrac.yaw.e,0.15438324
19.0130,A,mrac.yaw.u_ad,-0.013146333
19.0130,A,mrac.z.e,-0.0017412379
19.0130,A,mrac.z.u_ad,0.090607271
19.0130,A,status.arm,0
19.0130,A,status.flymode,0
19.0130,A,status.rc_authority,0
19.0130,A,status.sbus_lost,0
19.0130,A,status.twc_arrived,0
19.0130,A,status.twc_execute,0
19.2188,A,mrac.pitch.e,0.07451497
19.2188,A,mrac.pitch.u_ad,-0.012550374
19.2188,A,mrac.roll.e,0.068112098
19.2188,A,mrac.roll.u_ad,-0.010054277
19.2188,A,mrac.yaw.e,0.080592766
19.2188,A,mrac.yaw.u_ad,-0.010397291
19.2188,A,mrac.z.e,0.088211261
19.2188,A,mrac.z.u_ad,0.059505671
19.2188,A,status.arm,0
19.2188,A,status.flymode,0
19.2188,A,status.rc_authority,0
19.2188,A,status.sbus_lost,0
19.2188,A,status.twc_arrived,0
19.2188,A,status.twc_execute,0
19.4360,A,mrac.pitch.e,0.037727673
19.4360,A,mrac.pitch.u_ad,-0.0089013726
19.4360,A,mrac.roll.e,0.064468585
19.4360,A,mrac.roll.u_ad,-0.0092809657
19.4360,A,mrac.yaw.e,0.055388454
19.4360,A,mrac.yaw.u_ad,-0.009452085
19.4360,A,mrac.z.e,0.041553557
19.4360,A,mrac.z.u_ad,0.081122346
19.4360,A,status.arm,0
19.4360,A,status.flymode,0
19.4360,A,status.rc_authority,0
19.4360,A,status.sbus_lost,0
19.4360,A,status.twc_arrived,0
19.4360,A,status.twc_execute,0
19.6313,A,mrac.pitch.e,0.03625904
19.6313,A,mrac.pitch.u_ad,-0.011605525
19.6313,A,mrac.roll.e,0.073120661
19.6313,A,mrac.roll.u_ad,-0.009681494
19.6313,A,mrac.yaw.e,0.065026864
19.6313,A,mrac.yaw.u_ad,-0.0087396326
19.6313,A,mrac.z.e,0.030243887
19.6313,A,mrac.z.u_ad,0.088666908
19.6313,A,status.arm,0
19.6313,A,status.flymode,0
19.6313,A,status.rc_authority,0
19.6313,A,status.sbus_lost,0
19.6313,A,status.twc_arrived,0
19.6313,A,status.twc_execute,0
19.8321,A,mrac.pitch.e,0.028020423
19.8321,A,mrac.pitch.u_ad,-0.0096167438
19.8321,A,mrac.roll.e,0.032618463
19.8321,A,mrac.roll.u_ad,-0.0076618558
19.8321,A,mrac.yaw.e,0.12609205
19.8321,A,mrac.yaw.u_ad,-0.010715785
19.8321,A,mrac.z.e,-0.034910139
19.8321,A,mrac.z.u_ad,0.12019902
19.8321,A,status.arm,0
19.8321,A,status.flymode,0
19.8321,A,status.rc_authority,0
19.8321,A,status.sbus_lost,0
19.8321,A,status.twc_arrived,0
19.8321,A,status.twc_execute,0
20.0540,A,mrac.pitch.e,0.077643782
20.0540,A,mrac.pitch.u_ad,-0.014061775
20.0540,A,mrac.roll.e,0.077738777
20.0540,A,mrac.roll.u_ad,-0.01128195
20.0540,A,mrac.yaw.e,0.11340737
20.0540,A,mrac.yaw.u_ad,-0.010958901
20.0540,A,mrac.z.e,-0.02051997
20.0540,A,mrac.z.u_ad,0.11661547
20.0540,A,status.arm,0
20.0540,A,status.flymode,0
20.0540,A,status.rc_authority,0
20.0540,A,status.sbus_lost,0
20.0540,A,status.twc_arrived,0
20.0540,A,status.twc_execute,0
20.2483,A,mrac.pitch.e,0.079933345
20.2483,A,mrac.pitch.u_ad,-0.013066896
20.2483,A,mrac.roll.e,0.0675629
20.2483,A,mrac.roll.u_ad,-0.0093003307
20.2483,A,mrac.yaw.e,0.051136635
20.2483,A,mrac.yaw.u_ad,-0.0094228238
20.2483,A,mrac.z.e,0.093153112
20.2483,A,mrac.z.u_ad,0.075070001
20.2483,A,status.arm,0
20.2483,A,status.flymode,0
20.2483,A,status.rc_authority,0
20.2483,A,status.sbus_lost,0
20.2483,A,status.twc_arrived,0
20.2483,A,status.twc_execute,0
20.4644,A,mrac.pitch.e,0.082793459
20.4644,A,mrac.pitch.u_ad,-0.014340356
20.4644,A,mrac.roll.e,-0.079234108
20.4644,A,mrac.roll.u_ad,0.011721875
20.4644,A,mrac.yaw.e,0.078876197
20.4644,A,mrac.yaw.u_ad,-0.010331133
20.4644,A,mrac.z.e,0.063670099
20.4644,A,mrac.z.u_ad,0.087996662
20.4644,A,status.arm,0
20.4644,A,status.flymode,0
20.4644,A,status.rc_authority,0
20.4644,A,status.sbus_lost,0
20.4644,A,status.twc_arrived,0
20.4644,A,status.twc_execute,0
20.6672,A,mrac.pitch.e,0.12530473
20.6672,A,mrac.pitch.u_ad,-0.017673379
20.6672,A,mrac.roll.e,0.048317458
20.6672,A,mrac.roll.u_ad,-0.0069639208
20.6672,A,mrac.yaw.e,0.10526919
20.6672,A,mrac.yaw.u_ad,-0.01132659
20.6672,A,mrac.z.e,0.063235953
20.6672,A,mrac.z.u_ad,0.091444239
20.6672,A,status.arm,0
20.6672,A,status.flymode,0
20.6672,A,status.rc_authority,0
20.6672,A,status.sbus_lost,0
20.6672,A,status.twc_arrived,0
20.6672,A,status.twc_execute,0
20.8811,A,mrac.pitch.e,0.056404766
20.8811,A,mrac.pitch.u_ad,-0.0116824
20.8811,A,mrac.roll.e,0.035666712
20.8811,A,mrac.roll.u_ad,-0.0068081613
20.8811,A,mrac.yaw.e,0.098538816
20.8811,A,mrac.yaw.u_ad,-0.010276335
20.8811,A,mrac.z.e,0.0045255627
20.8811,A,mrac.z.u_ad,0.11346354
20.8811,A,status.arm,0
20.8811,A,status.flymode,0
20.8811,A,status.rc_authority,0
20.8811,A,status.sbus_lost,0
20.8811,A,status.twc_arrived,0
20.8811,A,status.twc_execute,0
21.0805,A,mrac.pitch.e,0.051774263
21.0805,A,mrac.pitch.u_ad,-0.010800906
21.0805,A,mrac.roll.e,0.071207829
21.0805,A,mrac.roll.u_ad,-0.0088987397
21.0805,A,mrac.yaw.e,0.11503848
21.0805,A,mrac.yaw.u_ad,-0.011063891
21.0805,A,mrac.z.e,0.12811482
21.0805,A,mrac.z.u_ad,0.075764015
21.0805,A,status.arm,0
21.0805,A,status.flymode,0
21.0805,A,status.rc_authority,0
21.0805,A,status.sbus_lost,0
21.0805,A,status.twc_arrived,0
21.0805,A,status.twc_execute,0
21.2806,A,mrac.pitch.e,0.083826147
21.2806,A,mrac.pitch.u_ad,-0.014250807
21.2806,A,mrac.roll.e,0.043066226
21.2806,A,mrac.roll.u_ad,-0.0072333473
21.2806,A,mrac.yaw.e,0.07971774
21.2806,A,mrac.yaw.u_ad,-0.0099941492
21.2806,A,mrac.z.e,0.02930855
21.2806,A,mrac.z.u_ad,0.10830335
21.2806,A,status.arm,0
21.2806,A,status.flymode,0
21.2806,A,status.rc_authority,0
21.2806,A,status.sbus_lost,0
21.2806,A,status.twc_arrived,0
21.2806,A,status.twc_execute,0
21.4878,A,mrac.pitch.e,0.093539149
21.4878,A,mrac.pitch.u_ad,-0.014305715
21.4878,A,mrac.roll.e,0.063285336
21.4878,A,mrac.roll.u_ad,-0.0077895196
21.4878,A,mrac.yaw.e,0.079148337
21.4878,A,mrac.yaw.u_ad,-0.010915111
21.4878,A,mrac.z.e,0.0058803749
21.4878,A,mrac.z.u_ad,0.11948994
21.4878,A,status.arm,0
21.4878,A,status.flymode,0
21.4878,A,status.rc_authority,0
21.4878,A,status.sbus_lost,0
21.4878,A,status.twc_arrived,0
21.4878,A,status.twc_execute,0
21.7036,A,mrac.pitch.e,0.048054844
21.7036,A,mrac.pitch.u_ad,-0.011395402
21.7036,A,mrac.roll.e,0.063638918
21.7036,A,mrac.roll.u_ad,-0.0083396817
21.7036,A,mrac.yaw.e,0.020999983
21.7036,A,mrac.yaw.u_ad,-0.0084449863
21.7036,A,mrac.z.e,-0.023102555
21.7036,A,mrac.z.u_ad,0.13785087
21.7036,A,status.arm,0
21.7036,A,status.flymode,0
21.7036,A,status.rc_authority,0
21.7036,A,status.sbus_lost,0
21.7036,A,status.twc_arrived,0
21.7036,A,status.twc_execute,0
21.9156,A,mrac.pitch.e,0.052006345
21.9156,A,mrac.pitch.u_ad,-0.013098786
21.9156,A,mrac.roll.e,0.061914612
21.9156,A,mrac.roll.u_ad,-0.0078356415
21.9156,A,mrac.yaw.e,0.14518256
21.9156,A,mrac.yaw.u_ad,-0.011554695
21.9156,A,mrac.z.e,0.063589893
21.9156,A,mrac.z.u_ad,0.10611615
21.9156,A,status.arm,0
21.9156,A,status.flymode,0
21.9156,A,status.rc_authority,0
21.9156,A,status.sbus_lost,0
21.9156,A,status.twc_arrived,0
21.9156,A,status.twc_execute,0
22.1225,A,mrac.pitch.e,0.1283104
22.1225,A,mrac.pitch.u_ad,-0.015470418
22.1225,A,mrac.roll.e,0.026387023
22.1225,A,mrac.roll.u_ad,-0.0070157121
22.1225,A,mrac.yaw.e,0.085994154
22.1225,A,mrac.yaw.u_ad,-0.010392104
22.1225,A,mrac.z.e,0.0019695656
22.1225,A,mrac.z.u_ad,0.12726349
22.1225,A,status.arm,0
22.1225,A,status.flymode,0
22.1225,A,status.rc_authority,0
22.1225,A,status.sbus_lost,0
22.1225,A,status.twc_arrived,0
22.1225,A,status.twc_execute,0
22.3332,A,mrac.pitch.e,0.08091934
22.3332,A,mrac.pitch.u_ad,-0.0130943
22.3332,A,mrac.roll.e,0.043880828
22.3332,A,mrac.roll.u_ad,-0.0072925831
22.3332,A,mrac.yaw.e,0.05964724
22.3332,A,mrac.yaw.u_ad,-0.0094417753
22.3332,A,mrac.z.e,1.1630113e-05
22.3332,A,mrac.z.u_ad,0.12794735
22.3332,A,status.arm,0
22.3332,A,status.flymode,0
22.3332,A,status.rc_authority,0
22.3332,A,status.sbus_lost,0
22.3332,A,status.twc_arrived,0
22.3332,A,status.twc_execute,0
22.5383,A,mrac.pitch.e,0.03908243
22.5383,A,mrac.pitch.u_ad,-0.012279504
22.5383,A,mrac.roll.e,0.059651859
22.5383,A,mrac.roll.u_ad,-0.0081522353
22.5383,A,mrac.yaw.e,0.043608759
22.5383,A,mrac.yaw.u_ad,-0.0084304903
22.5383,A,mrac.z.e,-0.14577496
22.5383,A,mrac.z.u_ad,0.18267637
22.5383,A,status.arm,0
22.5383,A,status.flymode,0
22.5383,A,status.rc_authority,0
22.5383,A,status.sbus_lost,0
22.5383,A,status.twc_arrived,0
22.5383,A,status.twc_execute,0
22.7472,A,mrac.pitch.e,0.12282617
22.7472,A,mrac.pitch.u_ad,-0.017726667
22.7472,A,mrac.roll.e,0.034557812
22.7472,A,mrac.roll.u_ad,-0.0074918028
22.7472,A,mrac.yaw.e,0.058645144
22.7472,A,mrac.yaw.u_ad,-0.0097340532
22.7472,A,mrac.z.e,-0.045399696
22.7472,A,mrac.z.u_ad,0.15373357
22.7472,A,status.arm,0
22.7472,A,status.flymode,0
22.7472,A,status.rc_authority,0
22.7472,A,status.sbus_lost,0
22.7472,A,status.twc_arrived,0
22.7472,A,status.twc_execute,0
22.9635,A,mrac.pitch.e,0.12282617
22.9635,A,mrac.pitch.u_ad,-0.017726667
22.9635,A,mrac.roll.e,0.034557812
22.9635,A,mrac.roll.u_ad,-0.0074918028
22.9635,A,mrac.yaw.e,0.058645144
22.9635,A,mrac.yaw.u_ad,-0.0097340532
22.9635,A,mrac.z.e,-0.045399696
22.9635,A,mrac.z.u_ad,0.15373357
22.9635,A,status.arm,0
22.9635,A,status.flymode,0
22.9635,A,status.rc_authority,0
22.9635,A,status.sbus_lost,0
22.9635,A,status.twc_arrived,0
22.9635,A,status.twc_execute,0
23.1639,A,mrac.pitch.e,0.12282617
23.1639,A,mrac.pitch.u_ad,-0.017726667
23.1639,A,mrac.roll.e,0.034557812
23.1639,A,mrac.roll.u_ad,-0.0074918028
23.1639,A,mrac.yaw.e,0.058645144
23.1639,A,mrac.yaw.u_ad,-0.0097340532
23.1639,A,mrac.z.e,-0.045399696
23.1639,A,mrac.z.u_ad,0.15373357
23.1639,A,status.arm,0
23.1639,A,status.flymode,0
23.1639,A,status.rc_authority,0
23.1639,A,status.sbus_lost,0
23.1639,A,status.twc_arrived,0
23.1639,A,status.twc_execute,0
23.3677,A,mrac.pitch.e,0.12282617
23.3677,A,mrac.pitch.u_ad,-0.017726667
23.3677,A,mrac.roll.e,0.034557812
23.3677,A,mrac.roll.u_ad,-0.0074918028
23.3677,A,mrac.yaw.e,0.058645144
23.3677,A,mrac.yaw.u_ad,-0.0097340532
23.3677,A,mrac.z.e,-0.045399696
23.3677,A,mrac.z.u_ad,0.15373357
23.3677,A,status.arm,0
23.3677,A,status.flymode,0
23.3677,A,status.rc_authority,0
23.3677,A,status.sbus_lost,0
23.3677,A,status.twc_arrived,0
23.3677,A,status.twc_execute,0
23.5810,A,mrac.pitch.e,0.042845458
23.5810,A,mrac.pitch.u_ad,-0.0096812518
23.5810,A,mrac.roll.e,0.072250351
23.5810,A,mrac.roll.u_ad,-0.0099920398
23.5810,A,mrac.yaw.e,0.047148172
23.5810,A,mrac.yaw.u_ad,-0.0089585073
23.5810,A,mrac.z.e,0.00035492773
23.5810,A,mrac.z.u_ad,0.13556381
23.5810,A,status.arm,0
23.5810,A,status.flymode,0
23.5810,A,status.rc_authority,0
23.5810,A,status.sbus_lost,0
23.5810,A,status.twc_arrived,0
23.5810,A,status.twc_execute,0
23.7915,A,mrac.pitch.e,0.043459907
23.7915,A,mrac.pitch.u_ad,-0.0093605788
23.7915,A,mrac.roll.e,0.060194243
23.7915,A,mrac.roll.u_ad,-0.0090316627
23.7915,A,mrac.yaw.e,0.028288614
23.7915,A,mrac.yaw.u_ad,-0.0083563887
23.7915,A,mrac.z.e,0.10650285
23.7915,A,mrac.z.u_ad,0.10442059
23.7915,A,status.arm,0
23.7915,A,status.flymode,0
23.7915,A,status.rc_authority,0
23.7915,A,status.sbus_lost,0
23.7915,A,status.twc_arrived,0
23.7915,A,status.twc_execute,0
24.0008,A,mrac.pitch.e,0.090736143
24.0008,A,mrac.pitch.u_ad,-0.014147401
24.0008,A,mrac.roll.e,0.11550029
24.0008,A,mrac.roll.u_ad,-0.010906543
24.0008,A,mrac.yaw.e,0.10460333
24.0008,A,mrac.yaw.u_ad,-0.011066547
24.0008,A,mrac.z.e,0.016588364
24.0008,A,mrac.z.u_ad,0.13626021
24.0008,A,status.arm,0
24.0008,A,status.flymode,0
24.0008,A,status.rc_authority,0
24.0008,A,status.sbus_lost,0
24.0008,A,status.twc_arrived,0
24.0008,A,status.twc_execute,0
24.2151,A,mrac.pitch.e,0.070552081
24.2151,A,mrac.pitch.u_ad,-0.013363928
24.2151,A,mrac.roll.e,0.023768723
24.2151,A,mrac.roll.u_ad,-0.0091148652
24.2151,A,mrac.yaw.e,0.12351537
24.2151,A,mrac.yaw.u_ad,-0.012470685
24.2151,A,mrac.z.e,-0.1052027
24.2151,A,mrac.z.u_ad,0.1841244
24.2151,A,status.arm,0
24.2151,A,status.flymode,0
24.2151,A,status.rc_authority,0
24.2151,A,status.sbus_lost,0
24.2151,A,status.twc_arrived,0
24.2151,A,status.twc_execute,0
24.4171,A,mrac.pitch.e,0.070552081
24.4171,A,mrac.pitch.u_ad,-0.013363928
24.4171,A,mrac.roll.e,0.023768723
24.4171,A,mrac.roll.u_ad,-0.0091148652
24.4171,A,mrac.yaw.e,0.12351537
24.4171,A,mrac.yaw.u_ad,-0.012470685
24.4171,A,mrac.z.e,-0.1052027
24.4171,A,mrac.z.u_ad,0.1841244
24.4171,A,status.arm,0
24.4171,A,status.flymode,0
24.4171,A,status.rc_authority,0
24.4171,A,status.sbus_lost,0
24.4171,A,status.twc_arrived,0
24.4171,A,status.twc_execute,0
24.6172,A,mrac.pitch.e,0.070552081
24.6172,A,mrac.pitch.u_ad,-0.013363928
24.6172,A,mrac.roll.e,0.023768723
24.6172,A,mrac.roll.u_ad,-0.0091148652
24.6172,A,mrac.yaw.e,0.12351537
24.6172,A,mrac.yaw.u_ad,-0.012470685
24.6172,A,mrac.z.e,-0.1052027
24.6172,A,mrac.z.u_ad,0.1841244
24.6172,A,status.arm,0
24.6172,A,status.flymode,0
24.6172,A,status.rc_authority,0
24.6172,A,status.sbus_lost,0
24.6172,A,status.twc_arrived,0
24.6172,A,status.twc_execute,0
24.8176,A,mrac.pitch.e,0.070552081
24.8176,A,mrac.pitch.u_ad,-0.013363928
24.8176,A,mrac.roll.e,0.023768723
24.8176,A,mrac.roll.u_ad,-0.0091148652
24.8176,A,mrac.yaw.e,0.12351537
24.8176,A,mrac.yaw.u_ad,-0.012470685
24.8176,A,mrac.z.e,-0.1052027
24.8176,A,mrac.z.u_ad,0.1841244
24.8176,A,status.arm,0
24.8176,A,status.flymode,0
24.8176,A,status.rc_authority,0
24.8176,A,status.sbus_lost,0
24.8176,A,status.twc_arrived,0
24.8176,A,status.twc_execute,0
25.0337,A,mrac.pitch.e,0.048247762
25.0337,A,mrac.pitch.u_ad,-0.011656633
25.0337,A,mrac.roll.e,0.073241711
25.0337,A,mrac.roll.u_ad,-0.0088081164
25.0337,A,mrac.yaw.e,0.172456
25.0337,A,mrac.yaw.u_ad,-0.015332991
25.0337,A,mrac.z.e,0.00056270772
25.0337,A,mrac.z.u_ad,0.14932618
25.0337,A,status.arm,0
25.0337,A,status.flymode,0
25.0337,A,status.rc_authority,0
25.0337,A,status.sbus_lost,0
25.0337,A,status.twc_arrived,0
25.0337,A,status.twc_execute,0
25.2397,A,mrac.pitch.e,0.058895629
25.2397,A,mrac.pitch.u_ad,-0.010472369
25.2397,A,mrac.roll.e,0.038873442
25.2397,A,mrac.roll.u_ad,-0.0076630572
25.2397,A,mrac.yaw.e,0.14691369
25.2397,A,mrac.yaw.u_ad,-0.015174408
25.2397,A,mrac.z.e,0.026832547
25.2397,A,mrac.z.u_ad,0.14272285
25.2397,A,status.arm,0
25.2397,A,status.flymode,0
25.2397,A,status.rc_authority,0
25.2397,A,status.sbus_lost,0
25.2397,A,status.twc_arrived,0
25.2397,A,status.twc_execute,0
25.4503,A,mrac.pitch.e,0.041310921
25.4503,A,mrac.pitch.u_ad,-0.011533978
25.4503,A,mrac.roll.e,0.026070075
25.4503,A,mrac.roll.u_ad,-0.0069377129
25.4503,A,mrac.yaw.e,0.16444297
25.4503,A,mrac.yaw.u_ad,-0.016732167
25.4503,A,mrac.z.e,0.14246753
25.4503,A,mrac.z.u_ad,0.10756651
25.4503,A,status.arm,0
25.4503,A,status.flymode,0
25.4503,A,status.rc_authority,0
25.4503,A,status.sbus_lost,0
25.4503,A,status.twc_arrived,0
25.4503,A,status.twc_execute,0
25.6507,A,mrac.pitch.e,0.036939226
25.6507,A,mrac.pitch.u_ad,-0.0095268013
25.6507,A,mrac.roll.e,0.035029143
25.6507,A,mrac.roll.u_ad,-0.0072009577
25.6507,A,mrac.yaw.e,0.1357573
25.6507,A,mrac.yaw.u_ad,-0.017015601
25.6507,A,mrac.z.e,-0.094638094
25.6507,A,mrac.z.u_ad,0.19319263
25.6507,A,status.arm,0
25.6507,A,status.flymode,0
25.6507,A,status.rc_authority,0
25.6507,A,status.sbus_lost,0
25.6507,A,status.twc_arrived,0
25.6507,A,status.twc_execute,0
25.8514,A,mrac.pitch.e,0.070408762
25.8514,A,mrac.pitch.u_ad,-0.012507611
25.8514,A,mrac.roll.e,0.029210225
25.8514,A,mrac.roll.u_ad,-0.006486767
25.8514,A,mrac.yaw.e,0.13475688
25.8514,A,mrac.yaw.u_ad,-0.016594483
25.8514,A,mrac.z.e,-0.078187719
25.8514,A,mrac.z.u_ad,0.18947953
25.8514,A,status.arm,0
25.8514,A,status.flymode,0
25.8514,A,status.rc_authority,0
25.8514,A,status.sbus_lost,0
25.8514,A,status.twc_arrived,0
25.8514,A,status.twc_execute,0
26.0665,A,mrac.pitch.e,0.048510358
26.0665,A,mrac.pitch.u_ad,-0.013754973
26.0665,A,mrac.roll.e,0.048330143
26.0665,A,mrac.roll.u_ad,-0.0068898397
26.0665,A,mrac.yaw.e,0.12940896
26.0665,A,mrac.yaw.u_ad,-0.016302273
26.0665,A,mrac.z.e,-0.05129952
26.0665,A,mrac.z.u_ad,0.18065599
26.0665,A,status.arm,0
26.0665,A,status.flymode,0
26.0665,A,status.rc_authority,0
26.0665,A,status.sbus_lost,0
26.0665,A,status.twc_arrived,0
26.0665,A,status.twc_execute,0
26.2670,A,mrac.pitch.e,0.071178637
26.2670,A,mrac.pitch.u_ad,-0.010413393
26.2670,A,mrac.roll.e,0.07542593
26.2670,A,mrac.roll.u_ad,-0.0086319391
26.2670,A,mrac.yaw.e,0.10436819
26.2670,A,mrac.yaw.u_ad,-0.015734065
26.2670,A,mrac.z.e,-0.074945845
26.2670,A,mrac.z.u_ad,0.19053324
26.2670,A,status.arm,0
26.2670,A,status.flymode,0
26.2670,A,status.rc_authority,0
26.2670,A,status.sbus_lost,0
26.2670,A,status.twc_arrived,0
26.2670,A,status.twc_execute,0
26.4849,A,mrac.pitch.e,0.078907102
26.4849,A,mrac.pitch.u_ad,-0.012753271
26.4849,A,mrac.roll.e,0.066254713
26.4849,A,mrac.roll.u_ad,-0.0094370022
26.4849,A,mrac.yaw.e,0.1399556
26.4849,A,mrac.yaw.u_ad,-0.016822286
26.4849,A,mrac.z.e,0.014409673
26.4849,A,mrac.z.u_ad,0.15569137
26.4849,A,status.arm,0
26.4849,A,status.flymode,0
26.4849,A,status.rc_authority,0
26.4849,A,status.sbus_lost,0
26.4849,A,status.twc_arrived,0
26.4849,A,status.twc_execute,0
26.6846,A,mrac.pitch.e,0.070376605
26.6846,A,mrac.pitch.u_ad,-0.010461278
26.6846,A,mrac.roll.e,0.061659064
26.6846,A,mrac.roll.u_ad,-0.0085396348
26.6846,A,mrac.yaw.e,0.15223522
26.6846,A,mrac.yaw.u_ad,-0.017216407
26.6846,A,mrac.z.e,0.013037692
26.6846,A,mrac.z.u_ad,0.15829794
26.6846,A,status.arm,0
26.6846,A,status.flymode,0
26.6846,A,status.rc_authority,0
26.6846,A,status.sbus_lost,0
26.6846,A,status.twc_arrived,0
26.6846,A,status.twc_execute,0
26.9066,A,mrac.pitch.e,0.075563744
26.9066,A,mrac.pitch.u_ad,-0.011815544
26.9066,A,mrac.roll.e,0.040095925
26.9066,A,mrac.roll.u_ad,-0.0079901544
26.9066,A,mrac.yaw.e,0.17116705
26.9066,A,mrac.yaw.u_ad,-0.017185872
26.9066,A,mrac.z.e,-0.11771461
26.9066,A,mrac.z.u_ad,0.20892802
26.9066,A,status.arm,0
26.9066,A,status.flymode,0
26.9066,A,status.rc_authority,0
26.9066,A,status.sbus_lost,0
26.9066,A,status.twc_arrived,0
26.9066,A,status.twc_execute,0
27.1178,A,mrac.pitch.e,0.070390172
27.1178,A,mrac.pitch.u_ad,-0.014995201
27.1178,A,mrac.roll.e,0.067924626
27.1178,A,mrac.roll.u_ad,-0.0079092225
27.1178,A,mrac.yaw.e,0.12675689
27.1178,A,mrac.yaw.u_ad,-0.015734734
27.1178,A,mrac.z.e,-0.00044231809
27.1178,A,mrac.z.u_ad,0.17068335
27.1178,A,status.arm,0
27.1178,A,status.flymode,0
27.1178,A,status.rc_authority,0
27.1178,A,status.sbus_lost,0
27.1178,A,status.twc_arrived,0
27.1178,A,status.twc_execute,0
27.3252,A,mrac.pitch.e,0.090812087
27.3252,A,mrac.pitch.u_ad,-0.012583632
27.3252,A,mrac.roll.e,0.072668999
27.3252,A,mrac.roll.u_ad,-0.0094311126
27.3252,A,mrac.yaw.e,0.12099075
27.3252,A,mrac.yaw.u_ad,-0.016345674
27.3252,A,mrac.z.e,-0.049621981
27.3252,A,mrac.z.u_ad,0.187648
27.3252,A,status.arm,0
27.3252,A,status.flymode,0
27.3252,A,status.rc_authority,0
27.3252,A,status.sbus_lost,0
27.3252,A,status.twc_arrived,0
27.3252,A,status.twc_execute,0
27.5184,A,mrac.pitch.e,0.069401808
27.5184,A,mrac.pitch.u_ad,-0.011541869
27.5184,A,mrac.roll.e,0.028184192
27.5184,A,mrac.roll.u_ad,-0.0061585857
27.5184,A,mrac.yaw.e,0.13222569
27.5184,A,mrac.yaw.u_ad,-0.017147385
27.5184,A,mrac.z.e,0.078874834
27.5184,A,mrac.z.u_ad,0.13722238
27.5184,A,status.arm,0
27.5184,A,status.flymode,0
27.5184,A,status.rc_authority,0
27.5184,A,status.sbus_lost,0
27.5184,A,status.twc_arrived,0
27.5184,A,status.twc_execute,0
27.7407,A,mrac.pitch.e,0.071609519
27.7407,A,mrac.pitch.u_ad,-0.012821006
27.7407,A,mrac.roll.e,0.057189446
27.7407,A,mrac.roll.u_ad,-0.009030018
27.7407,A,mrac.yaw.e,0.17210636
27.7407,A,mrac.yaw.u_ad,-0.018234346
27.7407,A,mrac.z.e,-0.026854647
27.7407,A,mrac.z.u_ad,0.17920133
27.7407,A,status.arm,0
27.7407,A,status.flymode,0
27.7407,A,status.rc_authority,0
27.7407,A,status.sbus_lost,0
27.7407,A,status.twc_arrived,0
27.7407,A,status.twc_execute,0
27.9409,A,mrac.pitch.e,0.052326377
27.9409,A,mrac.pitch.u_ad,-0.0092684459
27.9409,A,mrac.roll.e,0.063535474
27.9409,A,mrac.roll.u_ad,-0.0089151636
27.9409,A,mrac.yaw.e,0.15865991
27.9409,A,mrac.yaw.u_ad,-0.017996857
27.9409,A,mrac.z.e,0.19548939
27.9409,A,mrac.z.u_ad,0.10002527
27.9409,A,status.arm,0
27.9409,A,status.flymode,0
27.9409,A,status.rc_authority,0
27.9409,A,status.sbus_lost,0
27.9409,A,status.twc_arrived,0
27.9409,A,status.twc_execute,0
28.1415,A,mrac.pitch.e,0.095837474
28.1415,A,mrac.pitch.u_ad,-0.014352999
28.1415,A,mrac.roll.e,0.036838531
28.1415,A,mrac.roll.u_ad,-0.0081369169
28.1415,A,mrac.yaw.e,0.19217406
28.1415,A,mrac.yaw.u_ad,-0.018964287
28.1415,A,mrac.z.e,0.090903349
28.1415,A,mrac.z.u_ad,0.1328886
28.1415,A,status.arm,0
28.1415,A,status.flymode,0
28.1415,A,status.rc_authority,0
28.1415,A,status.sbus_lost,0
28.1415,A,status.twc_arrived,0
28.1415,A,status.twc_execute,0
28.3523,A,mrac.pitch.e,0.067177944
28.3523,A,mrac.pitch.u_ad,-0.010593006
28.3523,A,mrac.roll.e,0.045044057
28.3523,A,mrac.roll.u_ad,-0.009030656
28.3523,A,mrac.yaw.e,0.13272013
28.3523,A,mrac.yaw.u_ad,-0.017587189
28.3523,A,mrac.z.e,0.0070126513
28.3523,A,mrac.z.u_ad,0.16137078
28.3523,A,status.arm,0
28.3523,A,status.flymode,0
28.3523,A,status.rc_authority,0
28.3523,A,status.sbus_lost,0
28.3523,A,status.twc_arrived,0
28.3523,A,status.twc_execute,0
28.5745,A,mrac.pitch.e,0.06169365
28.5745,A,mrac.pitch.u_ad,-0.01157445
28.5745,A,mrac.roll.e,0.056795515
28.5745,A,mrac.roll.u_ad,-0.0090455674
28.5745,A,mrac.yaw.e,0.14311182
28.5745,A,mrac.yaw.u_ad,-0.017065778
28.5745,A,mrac.z.e,-0.059773989
28.5745,A,mrac.z.u_ad,0.19233131
28.5745,A,status.arm,0
28.5745,A,status.flymode,0
28.5745,A,status.rc_authority,0
28.5745,A,status.sbus_lost,0
28.5745,A,status.twc_arrived,0
28.5745,A,status.twc_execute,0
28.7848,A,mrac.pitch.e,0.069466606
28.7848,A,mrac.pitch.u_ad,-0.012025793
28.7848,A,mrac.roll.e,0.035116449
28.7848,A,mrac.roll.u_ad,-0.0080965981
28.7848,A,mrac.yaw.e,0.15993938
28.7848,A,mrac.yaw.u_ad,-0.018389545
28.7848,A,mrac.z.e,-0.020042833
28.7848,A,mrac.z.u_ad,0.17979538
28.7848,A,status.arm,0
28.7848,A,status.flymode,0
28.7848,A,status.rc_authority,0
28.7848,A,status.sbus_lost,0
28.7848,A,status.twc_arrived,0
28.7848,A,status.twc_execute,0
28.9855,A,mrac.pitch.e,0.069466606
28.9855,A,mrac.pitch.u_ad,-0.012025793
28.9855,A,mrac.roll.e,0.035116449
28.9855,A,mrac.roll.u_ad,-0.0080965981
28.9855,A,mrac.yaw.e,0.15993938
28.9855,A,mrac.yaw.u_ad,-0.018389545
28.9855,A,mrac.z.e,-0.020042833
28.9855,A,mrac.z.u_ad,0.17979538
28.9855,A,status.arm,0
28.9855,A,status.flymode,0
28.9855,A,status.rc_authority,0
28.9855,A,status.sbus_lost,0
28.9855,A,status.twc_arrived,0
28.9855,A,status.twc_execute,0
29.1871,A,mrac.pitch.e,0.069466606
29.1871,A,mrac.pitch.u_ad,-0.012025793
29.1871,A,mrac.roll.e,0.035116449
29.1871,A,mrac.roll.u_ad,-0.0080965981
29.1871,A,mrac.yaw.e,0.15993938
29.1871,A,mrac.yaw.u_ad,-0.018389545
29.1871,A,mrac.z.e,-0.020042833
29.1871,A,mrac.z.u_ad,0.17979538
29.1871,A,status.arm,0
29.1871,A,status.flymode,0
29.1871,A,status.rc_authority,0
29.1871,A,status.sbus_lost,0
29.1871,A,status.twc_arrived,0
29.1871,A,status.twc_execute,0
29.4025,A,mrac.pitch.e,0.069466606
29.4025,A,mrac.pitch.u_ad,-0.012025793
29.4025,A,mrac.roll.e,0.035116449
29.4025,A,mrac.roll.u_ad,-0.0080965981
29.4025,A,mrac.yaw.e,0.15993938
29.4025,A,mrac.yaw.u_ad,-0.018389545
29.4025,A,mrac.z.e,-0.020042833
29.4025,A,mrac.z.u_ad,0.17979538
29.4025,A,status.arm,0
29.4025,A,status.flymode,0
29.4025,A,status.rc_authority,0
29.4025,A,status.sbus_lost,0
29.4025,A,status.twc_arrived,0
29.4025,A,status.twc_execute,0
29.6175,A,mrac.pitch.e,0.069466606
29.6175,A,mrac.pitch.u_ad,-0.012025793
29.6175,A,mrac.roll.e,0.035116449
29.6175,A,mrac.roll.u_ad,-0.0080965981
29.6175,A,mrac.yaw.e,0.15993938
29.6175,A,mrac.yaw.u_ad,-0.018389545
29.6175,A,mrac.z.e,-0.020042833
29.6175,A,mrac.z.u_ad,0.17979538
29.6175,A,status.arm,0
29.6175,A,status.flymode,0
29.6175,A,status.rc_authority,0
29.6175,A,status.sbus_lost,0
29.6175,A,status.twc_arrived,0
29.6175,A,status.twc_execute,0
29.8181,A,mrac.pitch.e,0.069466606
29.8181,A,mrac.pitch.u_ad,-0.012025793
29.8181,A,mrac.roll.e,0.035116449
29.8181,A,mrac.roll.u_ad,-0.0080965981
29.8181,A,mrac.yaw.e,0.15993938
29.8181,A,mrac.yaw.u_ad,-0.018389545
29.8181,A,mrac.z.e,-0.020042833
29.8181,A,mrac.z.u_ad,0.17979538
29.8181,A,status.arm,0
29.8181,A,status.flymode,0
29.8181,A,status.rc_authority,0
29.8181,A,status.sbus_lost,0
29.8181,A,status.twc_arrived,0
29.8181,A,status.twc_execute,0
30.0210,A,mrac.pitch.e,0.069466606
30.0210,A,mrac.pitch.u_ad,-0.012025793
30.0210,A,mrac.roll.e,0.035116449
30.0210,A,mrac.roll.u_ad,-0.0080965981
30.0210,A,mrac.yaw.e,0.15993938
30.0210,A,mrac.yaw.u_ad,-0.018389545
30.0210,A,mrac.z.e,-0.020042833
30.0210,A,mrac.z.u_ad,0.17979538
30.0210,A,status.arm,0
30.0210,A,status.flymode,0
30.0210,A,status.rc_authority,0
30.0210,A,status.sbus_lost,0
30.0210,A,status.twc_arrived,0
30.0210,A,status.twc_execute,0
30.2219,A,mrac.pitch.e,0.069466606
30.2219,A,mrac.pitch.u_ad,-0.012025793
30.2219,A,mrac.roll.e,0.035116449
30.2219,A,mrac.roll.u_ad,-0.0080965981
30.2219,A,mrac.yaw.e,0.15993938
30.2219,A,mrac.yaw.u_ad,-0.018389545
30.2219,A,mrac.z.e,-0.020042833
30.2219,A,mrac.z.u_ad,0.17979538
30.2219,A,status.arm,0
30.2219,A,status.flymode,0
30.2219,A,status.rc_authority,0
30.2219,A,status.sbus_lost,0
30.2219,A,status.twc_arrived,0
30.2219,A,status.twc_execute,0
30.4367,A,mrac.pitch.e,0.069466606
30.4367,A,mrac.pitch.u_ad,-0.012025793
30.4367,A,mrac.roll.e,0.035116449
30.4367,A,mrac.roll.u_ad,-0.0080965981
30.4367,A,mrac.yaw.e,0.15993938
30.4367,A,mrac.yaw.u_ad,-0.018389545
30.4367,A,mrac.z.e,-0.020042833
30.4367,A,mrac.z.u_ad,0.17979538
30.4367,A,status.arm,0
30.4367,A,status.flymode,0
30.4367,A,status.rc_authority,0
30.4367,A,status.sbus_lost,0
30.4367,A,status.twc_arrived,0
30.4367,A,status.twc_execute,0
30.6359,A,mrac.pitch.e,0.069466606
30.6359,A,mrac.pitch.u_ad,-0.012025793
30.6359,A,mrac.roll.e,0.035116449
30.6359,A,mrac.roll.u_ad,-0.0080965981
30.6359,A,mrac.yaw.e,0.15993938
30.6359,A,mrac.yaw.u_ad,-0.018389545
30.6359,A,mrac.z.e,-0.020042833
30.6359,A,mrac.z.u_ad,0.17979538
30.6359,A,status.arm,0
30.6359,A,status.flymode,0
30.6359,A,status.rc_authority,0
30.6359,A,status.sbus_lost,0
30.6359,A,status.twc_arrived,0
30.6359,A,status.twc_execute,0
30.8362,A,mrac.pitch.e,0.069466606
30.8362,A,mrac.pitch.u_ad,-0.012025793
30.8362,A,mrac.roll.e,0.035116449
30.8362,A,mrac.roll.u_ad,-0.0080965981
30.8362,A,mrac.yaw.e,0.15993938
30.8362,A,mrac.yaw.u_ad,-0.018389545
30.8362,A,mrac.z.e,-0.020042833
30.8362,A,mrac.z.u_ad,0.17979538
30.8362,A,status.arm,0
30.8362,A,status.flymode,0
30.8362,A,status.rc_authority,0
30.8362,A,status.sbus_lost,0
30.8362,A,status.twc_arrived,0
30.8362,A,status.twc_execute,0
31.0538,A,mrac.pitch.e,0.069466606
31.0538,A,mrac.pitch.u_ad,-0.012025793
31.0538,A,mrac.roll.e,0.035116449
31.0538,A,mrac.roll.u_ad,-0.0080965981
31.0538,A,mrac.yaw.e,0.15993938
31.0538,A,mrac.yaw.u_ad,-0.018389545
31.0538,A,mrac.z.e,-0.020042833
31.0538,A,mrac.z.u_ad,0.17979538
31.0538,A,status.arm,0
31.0538,A,status.flymode,0
31.0538,A,status.rc_authority,0
31.0538,A,status.sbus_lost,0
31.0538,A,status.twc_arrived,0
31.0538,A,status.twc_execute,0
31.2540,A,mrac.pitch.e,0.069466606
31.2540,A,mrac.pitch.u_ad,-0.012025793
31.2540,A,mrac.roll.e,0.035116449
31.2540,A,mrac.roll.u_ad,-0.0080965981
31.2540,A,mrac.yaw.e,0.15993938
31.2540,A,mrac.yaw.u_ad,-0.018389545
31.2540,A,mrac.z.e,-0.020042833
31.2540,A,mrac.z.u_ad,0.17979538
31.2540,A,status.arm,0
31.2540,A,status.flymode,0
31.2540,A,status.rc_authority,0
31.2540,A,status.sbus_lost,0
31.2540,A,status.twc_arrived,0
31.2540,A,status.twc_execute,0
31.4709,A,mrac.pitch.e,0.068552494
31.4709,A,mrac.pitch.u_ad,-0.01164119
31.4709,A,mrac.roll.e,0.052129231
31.4709,A,mrac.roll.u_ad,-0.0085159643
31.4709,A,mrac.yaw.e,0.19628182
31.4709,A,mrac.yaw.u_ad,-0.020162828
31.4709,A,mrac.z.e,0.11853524
31.4709,A,mrac.z.u_ad,0.12769711
31.4709,A,status.arm,0
31.4709,A,status.flymode,0
31.4709,A,status.rc_authority,0
31.4709,A,status.sbus_lost,0
31.4709,A,status.twc_arrived,0
31.4709,A,status.twc_execute,0
31.6698,A,mrac.pitch.e,0.10568972
31.6698,A,mrac.pitch.u_ad,-0.014540765
31.6698,A,mrac.roll.e,0.03265477
31.6698,A,mrac.roll.u_ad,-0.0078248065
31.6698,A,mrac.yaw.e,0.13702689
31.6698,A,mrac.yaw.u_ad,-0.018267844
31.6698,A,mrac.z.e,-0.047758456
31.6698,A,mrac.z.u_ad,0.18904036
31.6698,A,status.arm,0
31.6698,A,status.flymode,0
31.6698,A,status.rc_authority,0
31.6698,A,status.sbus_lost,0
31.6698,A,status.twc_arrived,0
31.6698,A,status.twc_execute,0
31.8874,A,mrac.pitch.e,0.105556
31.8874,A,mrac.pitch.u_ad,-0.015816674
31.8874,A,mrac.roll.e,0.024314258
31.8874,A,mrac.roll.u_ad,-0.0069037047
31.8874,A,mrac.yaw.e,0.17534013
31.8874,A,mrac.yaw.u_ad,-0.019391861
31.8874,A,mrac.z.e,0.015791686
31.8874,A,mrac.z.u_ad,0.1595379
31.8874,A,status.arm,0
31.8874,A,status.flymode,0
31.8874,A,status.rc_authority,0
31.8874,A,status.sbus_lost,0
31.8874,A,status.twc_arrived,0
31.8874,A,status.twc_execute,0
32.0888,A,mrac.pitch.e,0.093466096
32.0888,A,mrac.pitch.u_ad,-0.015176745
32.0888,A,mrac.roll.e,0.077333912
32.0888,A,mrac.roll.u_ad,-0.0095309783
32.0888,A,mrac.yaw.e,0.15511407
32.0888,A,mrac.yaw.u_ad,-0.019168571
32.0888,A,mrac.z.e,0.027303515
32.0888,A,mrac.z.u_ad,0.15753192
32.0888,A,status.arm,0
32.0888,A,status.flymode,0
32.0888,A,status.rc_authority,0
32.0888,A,status.sbus_lost,0
32.0888,A,status.twc_arrived,0
32.0888,A,status.twc_execute,0
32.3029,A,mrac.pitch.e,0.063909858
32.3029,A,mrac.pitch.u_ad,-0.011771442
32.3029,A,mrac.roll.e,0.064573154
32.3029,A,mrac.roll.u_ad,-0.0094216876
32.3029,A,mrac.yaw.e,0.17966875
32.3029,A,mrac.yaw.u_ad,-0.020325128
32.3029,A,mrac.z.e,0.00013806559
32.3029,A,mrac.z.u_ad,0.16705351
32.3029,A,status.arm,0
32.3029,A,status.flymode,0
32.3029,A,status.rc_authority,0
32.3029,A,status.sbus_lost,0
32.3029,A,status.twc_arrived,0
32.3029,A,status.twc_execute,0
32.5058,A,mrac.pitch.e,0.090098649
32.5058,A,mrac.pitch.u_ad,-0.012314234
32.5058,A,mrac.roll.e,0.071205914
32.5058,A,mrac.roll.u_ad,-0.0084037818
32.5058,A,mrac.yaw.e,0.20013814
32.5058,A,mrac.yaw.u_ad,-0.021196688
32.5058,A,mrac.z.e,9.7338716e-07
32.5058,A,mrac.z.u_ad,0.16710159
32.5058,A,status.arm,0
32.5058,A,status.flymode,0
32.5058,A,status.rc_authority,0
32.5058,A,status.sbus_lost,0
32.5058,A,status.twc_arrived,0
32.5058,A,status.twc_execute,0
32.7213,A,mrac.pitch.e,0.07441397
32.7213,A,mrac.pitch.u_ad,-0.013997313
32.7213,A,mrac.roll.e,0.033090081
32.7213,A,mrac.roll.u_ad,-0.0072809784
32.7213,A,mrac.yaw.e,0.20241462
32.7213,A,mrac.yaw.u_ad,-0.02036229
32.7213,A,mrac.z.e,4.8524466e-06
32.7213,A,mrac.z.u_ad,0.16710022
32.7213,A,status.arm,0
32.7213,A,status.flymode,0
32.7213,A,status.rc_authority,0
32.7213,A,status.sbus_lost,0
32.7213,A,status.twc_arrived,0
32.7213,A,status.twc_execute,0
32.9217,A,mrac.pitch.e,0.086468592
32.9217,A,mrac.pitch.u_ad,-0.013783336
32.9217,A,mrac.roll.e,0.045406833
32.9217,A,mrac.roll.u_ad,-0.007990473
32.9217,A,mrac.yaw.e,0.20602313
32.9217,A,mrac.yaw.u_ad,-0.02142347
32.9217,A,mrac.z.e,-0.17996271
32.9217,A,mrac.z.u_ad,0.23272325
32.9217,A,status.arm,0
32.9217,A,status.flymode,0
32.9217,A,status.rc_authority,0
32.9217,A,status.sbus_lost,0
32.9217,A,status.twc_arrived,0
32.9217,A,status.twc_execute,0
33.1369,A,mrac.pitch.e,0.07586208
33.1369,A,mrac.pitch.u_ad,-0.011879404
33.1369,A,mrac.roll.e,0.068956912
33.1369,A,mrac.roll.u_ad,-0.010419494
33.1369,A,mrac.yaw.e,0.16431272
33.1369,A,mrac.yaw.u_ad,-0.021122836
33.1369,A,mrac.z.e,0.0017295504
33.1369,A,mrac.z.u_ad,0.16871244
33.1369,A,status.arm,0
33.1369,A,status.flymode,0
33.1369,A,status.rc_authority,0
33.1369,A,status.sbus_lost,0
33.1369,A,status.twc_arrived,0
33.1369,A,status.twc_execute,0
33.3387,A,mrac.pitch.e,0.039931018
33.3387,A,mrac.pitch.u_ad,-0.0089196796
33.3387,A,mrac.roll.e,0.031920753
33.3387,A,mrac.roll.u_ad,-0.0089524714
33.3387,A,mrac.yaw.e,0.16551632
33.3387,A,mrac.yaw.u_ad,-0.021095624
33.3387,A,mrac.z.e,5.4096115e-05
33.3387,A,mrac.z.u_ad,0.1692999
33.3387,A,status.arm,0
33.3387,A,status.flymode,0
33.3387,A,status.rc_authority,0
33.3387,A,status.sbus_lost,0
33.3387,A,status.twc_arrived,0
33.3387,A,status.twc_execute,0
33.5541,A,mrac.pitch.e,0.016324136
33.5541,A,mrac.pitch.u_ad,-0.009221145
33.5541,A,mrac.roll.e,0.05679993
33.5541,A,mrac.roll.u_ad,-0.0090155788
33.5541,A,mrac.yaw.e,0.15588708
33.5541,A,mrac.yaw.u_ad,-0.021745602
33.5541,A,mrac.z.e,0.0036218218
33.5541,A,mrac.z.u_ad,0.17021438
33.5541,A,status.arm,0
33.5541,A,status.flymode,0
33.5541,A,status.rc_authority,0
33.5541,A,status.sbus_lost,0
33.5541,A,status.twc_arrived,0
33.5541,A,status.twc_execute,0
33.7566,A,mrac.pitch.e,0.067207702
33.7566,A,mrac.pitch.u_ad,-0.013141435
33.7566,A,mrac.roll.e,0.086742669
33.7566,A,mrac.roll.u_ad,-0.0107575
33.7566,A,mrac.yaw.e,0.20095636
33.7566,A,mrac.yaw.u_ad,-0.022470886
33.7566,A,mrac.z.e,-0.10615706
33.7566,A,mrac.z.u_ad,0.21402983
33.7566,A,status.arm,0
33.7566,A,status.flymode,0
33.7566,A,status.rc_authority,0
33.7566,A,status.sbus_lost,0
33.7566,A,status.twc_arrived,0
33.7566,A,status.twc_execute,0
33.9703,A,mrac.pitch.e,0.10234054
33.9703,A,mrac.pitch.u_ad,-0.013418864
33.9703,A,mrac.roll.e,0.029296773
33.9703,A,mrac.roll.u_ad,-0.0077786315
33.9703,A,mrac.yaw.e,0.2063693
33.9703,A,mrac.yaw.u_ad,-0.022808829
33.9703,A,mrac.z.e,0.025158018
33.9703,A,mrac.z.u_ad,0.16631994
33.9703,A,status.arm,0
33.9703,A,status.flymode,0
33.9703,A,status.rc_authority,0
33.9703,A,status.sbus_lost,0
33.9703,A,status.twc_arrived,0
33.9703,A,status.twc_execute,0
34.1886,A,mrac.pitch.e,0.094396248
34.1886,A,mrac.pitch.u_ad,-0.013508161
34.1886,A,mrac.roll.e,0.10260645
34.1886,A,mrac.roll.u_ad,-0.010422381
34.1886,A,mrac.yaw.e,0.21785127
34.1886,A,mrac.yaw.u_ad,-0.02302843
34.1886,A,mrac.z.e,0.00024570475
34.1886,A,mrac.z.u_ad,0.17505412
34.1886,A,status.arm,0
34.1886,A,status.flymode,0
34.1886,A,status.rc_authority,0
34.1886,A,status.sbus_lost,0
34.1886,A,status.twc_arrived,0
34.1886,A,status.twc_execute,0
34.3890,A,mrac.pitch.e,0.066469625
34.3890,A,mrac.pitch.u_ad,-0.011853825
34.3890,A,mrac.roll.e,0.043838955
34.3890,A,mrac.roll.u_ad,-0.0076310812
34.3890,A,mrac.yaw.e,0.19302759
34.3890,A,mrac.yaw.u_ad,-0.02200477
34.3890,A,mrac.z.e,2.9364458e-06
34.3890,A,mrac.z.u_ad,0.17513923
34.3890,A,status.arm,0
34.3890,A,status.flymode,0
34.3890,A,status.rc_authority,0
34.3890,A,status.sbus_lost,0
34.3890,A,status.twc_arrived,0
34.3890,A,status.twc_execute,0
34.6041,A,mrac.pitch.e,0.07499031
34.6041,A,mrac.pitch.u_ad,-0.011691887
34.6041,A,mrac.roll.e,0.041357595
34.6041,A,mrac.roll.u_ad,-0.0088901799
34.6041,A,mrac.yaw.e,0.20886919
34.6041,A,mrac.yaw.u_ad,-0.023351729
34.6041,A,mrac.z.e,-0.15213057
34.6041,A,mrac.z.u_ad,0.23225215
34.6041,A,status.arm,0
34.6041,A,status.flymode,0
34.6041,A,status.rc_authority,0
34.6041,A,status.sbus_lost,0
34.6041,A,status.twc_arrived,0
34.6041,A,status.twc_execute,0
34.8039,A,mrac.pitch.e,0.038007881
34.8039,A,mrac.pitch.u_ad,-0.0087811537
34.8039,A,mrac.roll.e,0.026825903
34.8039,A,mrac.roll.u_ad,-0.0072789886
34.8039,A,mrac.yaw.e,0.22574653
34.8039,A,mrac.yaw.u_ad,-0.023661058
34.8039,A,mrac.z.e,0.0053793704
34.8039,A,mrac.z.u_ad,0.17575341
34.8039,A,status.arm,0
34.8039,A,status.flymode,0
34.8039,A,status.rc_authority,0
34.8039,A,status.sbus_lost,0
34.8039,A,status.twc_arrived,0
34.8039,A,status.twc_execute,0
35.0062,A,mrac.pitch.e,0.093059167
35.0062,A,mrac.pitch.u_ad,-0.016174495
35.0062,A,mrac.roll.e,0.042047314
35.0062,A,mrac.roll.u_ad,-0.0083153248
35.0062,A,mrac.yaw.e,0.20291215
35.0062,A,mrac.yaw.u_ad,-0.023403306
35.0062,A,mrac.z.e,0.00015956488
35.0062,A,mrac.z.u_ad,0.17758417
35.0062,A,status.arm,0
35.0062,A,status.flymode,0
35.0062,A,status.rc_authority,0
35.0062,A,status.sbus_lost,0
35.0062,A,status.twc_arrived,0
35.0062,A,status.twc_execute,0
35.2044,A,mrac.pitch.e,0.046689548
35.2044,A,mrac.pitch.u_ad,-0.010489509
35.2044,A,mrac.roll.e,0.032805491
35.2044,A,mrac.roll.u_ad,-0.006758607
35.2044,A,mrac.yaw.e,0.21474008
35.2044,A,mrac.yaw.u_ad,-0.024211213
35.2044,A,mrac.z.e,2.568104e-06
35.2044,A,mrac.z.u_ad,0.17763919
35.2044,A,status.arm,0
35.2044,A,status.flymode,0
35.2044,A,status.rc_authority,0
35.2044,A,status.sbus_lost,0
35.2044,A,status.twc_arrived,0
35.2044,A,status.twc_execute,0
35.4069,A,mrac.pitch.e,0.056566037
35.4069,A,mrac.pitch.u_ad,-0.011384944
35.4069,A,mrac.roll.e,0.032525081
35.4069,A,mrac.roll.u_ad,-0.0080728661
35.4069,A,mrac.yaw.e,0.2581667
35.4069,A,mrac.yaw.u_ad,-0.026112895
35.4069,A,mrac.z.e,0.021722658
35.4069,A,mrac.z.u_ad,0.17199913
35.4069,A,status.arm,0
35.4069,A,status.flymode,0
35.4069,A,status.rc_authority,0
35.4069,A,status.sbus_lost,0
35.4069,A,status.twc_arrived,0
35.4069,A,status.twc_execute,0
35.6073,A,mrac.pitch.e,0.088457651
35.6073,A,mrac.pitch.u_ad,-0.012625962
35.6073,A,mrac.roll.e,0.068470992
35.6073,A,mrac.roll.u_ad,-0.0086869784
35.6073,A,mrac.yaw.e,0.19202343
35.6073,A,mrac.yaw.u_ad,-0.024460634
35.6073,A,mrac.z.e,0.00043514595
35.6073,A,mrac.z.u_ad,0.17946392
35.6073,A,status.arm,0
35.6073,A,status.flymode,0
35.6073,A,status.rc_authority,0
35.6073,A,status.sbus_lost,0
35.6073,A,status.twc_arrived,0
35.6073,A,status.twc_execute,0
35.8225,A,mrac.pitch.e,0.11499313
35.8225,A,mrac.pitch.u_ad,-0.014367988
35.8225,A,mrac.roll.e,0.061695658
35.8225,A,mrac.roll.u_ad,-0.008665707
35.8225,A,mrac.yaw.e,0.21169055
35.8225,A,mrac.yaw.u_ad,-0.02449375
35.8225,A,mrac.z.e,0.094945736
35.8225,A,mrac.z.u_ad,0.15016685
35.8225,A,status.arm,0
35.8225,A,status.flymode,0
35.8225,A,status.rc_authority,0
35.8225,A,status.sbus_lost,0
35.8225,A,status.twc_arrived,0
35.8225,A,status.twc_execute,0
36.0382,A,mrac.pitch.e,0.068267182
36.0382,A,mrac.pitch.u_ad,-0.013102183
36.0382,A,mrac.roll.e,0.024170123
36.0382,A,mrac.roll.u_ad,-0.0074869092
36.0382,A,mrac.yaw.e,0.20464808
36.0382,A,mrac.yaw.u_ad,-0.024376445
36.0382,A,mrac.z.e,0.0010250488
36.0382,A,mrac.z.u_ad,0.1811879
36.0382,A,status.arm,0
36.0382,A,status.flymode,0
36.0382,A,status.rc_authority,0
36.0382,A,status.sbus_lost,0
36.0382,A,status.twc_arrived,0
36.0382,A,status.twc_execute,0
36.2383,A,mrac.pitch.e,0.063522696
36.2383,A,mrac.pitch.u_ad,-0.011933743
36.2383,A,mrac.roll.e,0.064166598
36.2383,A,mrac.roll.u_ad,-0.0096172616
36.2383,A,mrac.yaw.e,0.19431303
36.2383,A,mrac.yaw.u_ad,-0.024153797
36.2383,A,mrac.z.e,1.843859e-05
36.2383,A,mrac.z.u_ad,0.18154098
36.2383,A,status.arm,0
36.2383,A,status.flymode,0
36.2383,A,status.rc_authority,0
36.2383,A,status.sbus_lost,0
36.2383,A,status.twc_arrived,0
36.2383,A,status.twc_execute,0
36.4563,A,mrac.pitch.e,0.064461499
36.4563,A,mrac.pitch.u_ad,-0.012330042
36.4563,A,mrac.roll.e,0.092123359
36.4563,A,mrac.roll.u_ad,-0.010142751
36.4563,A,mrac.yaw.e,0.19644071
36.4563,A,mrac.yaw.u_ad,-0.02437133
36.4563,A,mrac.z.e,0.069872238
36.4563,A,mrac.z.u_ad,0.1598154
36.4563,A,status.arm,0
36.4563,A,status.flymode,0
36.4563,A,status.rc_authority,0
36.4563,A,status.sbus_lost,0
36.4563,A,status.twc_arrived,0
36.4563,A,status.twc_execute,0
36.6564,A,mrac.pitch.e,0.0032761171
36.6564,A,mrac.pitch.u_ad,-0.0071260631
36.6564,A,mrac.roll.e,0.067243591
36.6564,A,mrac.roll.u_ad,-0.009766235
36.6564,A,mrac.yaw.e,0.19556201
36.6564,A,mrac.yaw.u_ad,-0.024474563
36.6564,A,mrac.z.e,0.085051134
36.6564,A,mrac.z.u_ad,0.15544353
36.6564,A,status.arm,0
36.6564,A,status.flymode,0
36.6564,A,status.rc_authority,0
36.6564,A,status.sbus_lost,0
36.6564,A,status.twc_arrived,0
36.6564,A,status.twc_execute,0
36.8717,A,mrac.pitch.e,0.023521956
36.8717,A,mrac.pitch.u_ad,-0.010095547
36.8717,A,mrac.roll.e,0.11360253
36.8717,A,mrac.roll.u_ad,-0.012564576
36.8717,A,mrac.yaw.e,-0.84998977
36.8717,A,mrac.yaw.u_ad,0.097833432
36.8717,A,mrac.z.e,0.00082867063
36.8717,A,mrac.z.u_ad,0.18346027
36.8717,A,status.arm,0
36.8717,A,status.flymode,0
36.8717,A,status.rc_authority,0
36.8717,A,status.sbus_lost,0
36.8717,A,status.twc_arrived,0
36.8717,A,status.twc_execute,0
37.0719,A,mrac.pitch.e,-0.015198752
37.0719,A,mrac.pitch.u_ad,-0.0065241652
37.0719,A,mrac.roll.e,0.074556962
37.0719,A,mrac.roll.u_ad,-0.0096791638
37.0719,A,mrac.yaw.e,-3.0729806
37.0719,A,mrac.yaw.u_ad,0
37.0719,A,mrac.z.e,0.015844328
37.0719,A,mrac.z.u_ad,0.18001847
37.0719,A,status.arm,0
37.0719,A,status.flymode,0
37.0719,A,status.rc_authority,0
37.0719,A,status.sbus_lost,0
37.0719,A,status.twc_arrived,0
37.0719,A,status.twc_execute,0
37.2730,A,mrac.pitch.e,0.10626587
37.2730,A,mrac.pitch.u_ad,-0.011181983
37.2730,A,mrac.roll.e,0.0087108202
37.2730,A,mrac.roll.u_ad,-0.0079471236
37.2730,A,mrac.yaw.e,-3.0893252
37.2730,A,mrac.yaw.u_ad,0
37.2730,A,mrac.z.e,-0.1452944
37.2730,A,mrac.z.u_ad,0.24035382
37.2730,A,status.arm,0
37.2730,A,status.flymode,0
37.2730,A,status.rc_authority,0
37.2730,A,status.sbus_lost,0
37.2730,A,status.twc_arrived,0
37.2730,A,status.twc_execute,0
37.4723,A,mrac.pitch.e,0.061303757
37.4723,A,mrac.pitch.u_ad,-0.010994315
37.4723,A,mrac.roll.e,-0.0082184151
37.4723,A,mrac.roll.u_ad,-0.0070273038
37.4723,A,mrac.yaw.e,-3.1016777
37.4723,A,mrac.yaw.u_ad,0
37.4723,A,mrac.z.e,-0.022384737
37.4723,A,mrac.z.u_ad,0.2021751
37.4723,A,status.arm,0
37.4723,A,status.flymode,0
37.4723,A,status.rc_authority,0
37.4723,A,status.sbus_lost,0
37.4723,A,status.twc_arrived,0
37.4723,A,status.twc_execute,0
37.6900,A,mrac.pitch.e,0.085575528
37.6900,A,mrac.pitch.u_ad,-0.013114065
37.6900,A,mrac.roll.e,0.016958352
37.6900,A,mrac.roll.u_ad,-0.007457803
37.6900,A,mrac.yaw.e,-3.0514164
37.6900,A,mrac.yaw.u_ad,0
37.6900,A,mrac.z.e,-0.024642777
37.6900,A,mrac.z.u_ad,0.20146659
37.6900,A,status.arm,0
37.6900,A,status.flymode,0
37.6900,A,status.rc_authority,0
37.6900,A,status.sbus_lost,0
37.6900,A,status.twc_arrived,0
37.6900,A,status.twc_execute,0
37.8905,A,mrac.pitch.e,0.053035658
37.8905,A,mrac.pitch.u_ad,-0.0096367057
37.8905,A,mrac.roll.e,0.025756657
37.8905,A,mrac.roll.u_ad,-0.0085290112
37.8905,A,mrac.yaw.e,-3.0485682
37.8905,A,mrac.yaw.u_ad,0
37.8905,A,mrac.z.e,0.01352104
37.8905,A,mrac.z.u_ad,0.18136775
37.8905,A,status.arm,0
37.8905,A,status.flymode,0
37.8905,A,status.rc_authority,0
37.8905,A,status.sbus_lost,0
37.8905,A,status.twc_arrived,0
37.8905,A,status.twc_execute,0
38.1070,A,mrac.pitch.e,0.077976428
38.1070,A,mrac.pitch.u_ad,-0.012413131
38.1070,A,mrac.roll.e,0.022387479
38.1070,A,mrac.roll.u_ad,-0.0064538373
38.1070,A,mrac.yaw.e,-0.91162366
38.1070,A,mrac.yaw.u_ad,0.11079737
38.1070,A,mrac.z.e,-0.077776015
38.1070,A,mrac.z.u_ad,0.21994202
38.1070,A,status.arm,0
38.1070,A,status.flymode,0
38.1070,A,status.rc_authority,0
38.1070,A,status.sbus_lost,0
38.1070,A,status.twc_arrived,0
38.1070,A,status.twc_execute,0
38.3057,A,mrac.pitch.e,0.04036431
38.3057,A,mrac.pitch.u_ad,-0.010929246
38.3057,A,mrac.roll.e,0.1046477
38.3057,A,mrac.roll.u_ad,-0.010667353
38.3057,A,mrac.yaw.e,0.048622709
38.3057,A,mrac.yaw.u_ad,0.0070387959
38.3057,A,mrac.z.e,-0.0046345913
38.3057,A,mrac.z.u_ad,0.19530939
38.3057,A,status.arm,0
38.3057,A,status.flymode,0
38.3057,A,status.rc_authority,0
38.3057,A,status.sbus_lost,0
38.3057,A,status.twc_arrived,0
38.3057,A,status.twc_execute,0
38.5060,A,mrac.pitch.e,0.04036431
38.5060,A,mrac.pitch.u_ad,-0.010929246
38.5060,A,mrac.roll.e,0.1046477
38.5060,A,mrac.roll.u_ad,-0.010667353
38.5060,A,mrac.yaw.e,0.048622709
38.5060,A,mrac.yaw.u_ad,0.0070387959
38.5060,A,mrac.z.e,-0.0046345913
38.5060,A,mrac.z.u_ad,0.19530939
38.5060,A,status.arm,0
38.5060,A,status.flymode,0
38.5060,A,status.rc_authority,0
38.5060,A,status.sbus_lost,0
38.5060,A,status.twc_arrived,0
38.5060,A,status.twc_execute,0
38.7240,A,mrac.pitch.e,0.04036431
38.7240,A,mrac.pitch.u_ad,-0.010929246
38.7240,A,mrac.roll.e,0.1046477
38.7240,A,mrac.roll.u_ad,-0.010667353
38.7240,A,mrac.yaw.e,0.048622709
38.7240,A,mrac.yaw.u_ad,0.0070387959
38.7240,A,mrac.z.e,-0.0046345913
38.7240,A,mrac.z.u_ad,0.19530939
38.7240,A,status.arm,0
38.7240,A,status.flymode,0
38.7240,A,status.rc_authority,0
38.7240,A,status.sbus_lost,0
38.7240,A,status.twc_arrived,0
38.7240,A,status.twc_execute,0
38.9242,A,mrac.pitch.e,0.04036431
38.9242,A,mrac.pitch.u_ad,-0.010929246
38.9242,A,mrac.roll.e,0.1046477
38.9242,A,mrac.roll.u_ad,-0.010667353
38.9242,A,mrac.yaw.e,0.048622709
38.9242,A,mrac.yaw.u_ad,0.0070387959
38.9242,A,mrac.z.e,-0.0046345913
38.9242,A,mrac.z.u_ad,0.19530939
38.9242,A,status.arm,0
38.9242,A,status.flymode,0
38.9242,A,status.rc_authority,0
38.9242,A,status.sbus_lost,0
38.9242,A,status.twc_arrived,0
38.9242,A,status.twc_execute,0
39.1244,A,mrac.pitch.e,0.04036431
39.1244,A,mrac.pitch.u_ad,-0.010929246
39.1244,A,mrac.roll.e,0.1046477
39.1244,A,mrac.roll.u_ad,-0.010667353
39.1244,A,mrac.yaw.e,0.048622709
39.1244,A,mrac.yaw.u_ad,0.0070387959
39.1244,A,mrac.z.e,-0.0046345913
39.1244,A,mrac.z.u_ad,0.19530939
39.1244,A,status.arm,0
39.1244,A,status.flymode,0
39.1244,A,status.rc_authority,0
39.1244,A,status.sbus_lost,0
39.1244,A,status.twc_arrived,0
39.1244,A,status.twc_execute,0
39.3252,A,mrac.pitch.e,0.04036431
39.3252,A,mrac.pitch.u_ad,-0.010929246
39.3252,A,mrac.roll.e,0.1046477
39.3252,A,mrac.roll.u_ad,-0.010667353
39.3252,A,mrac.yaw.e,0.048622709
39.3252,A,mrac.yaw.u_ad,0.0070387959
39.3252,A,mrac.z.e,-0.0046345913
39.3252,A,mrac.z.u_ad,0.19530939
39.3252,A,status.arm,0
39.3252,A,status.flymode,0
39.3252,A,status.rc_authority,0
39.3252,A,status.sbus_lost,0
39.3252,A,status.twc_arrived,0
39.3252,A,status.twc_execute,0
39.5400,A,mrac.pitch.e,0.04036431
39.5400,A,mrac.pitch.u_ad,-0.010929246
39.5400,A,mrac.roll.e,0.1046477
39.5400,A,mrac.roll.u_ad,-0.010667353
39.5400,A,mrac.yaw.e,0.048622709
39.5400,A,mrac.yaw.u_ad,0.0070387959
39.5400,A,mrac.z.e,-0.0046345913
39.5400,A,mrac.z.u_ad,0.19530939
39.5400,A,status.arm,0
39.5400,A,status.flymode,0
39.5400,A,status.rc_authority,0
39.5400,A,status.sbus_lost,0
39.5400,A,status.twc_arrived,0
39.5400,A,status.twc_execute,0
39.7579,A,mrac.pitch.e,0.04036431
39.7579,A,mrac.pitch.u_ad,-0.010929246
39.7579,A,mrac.roll.e,0.1046477
39.7579,A,mrac.roll.u_ad,-0.010667353
39.7579,A,mrac.yaw.e,0.048622709
39.7579,A,mrac.yaw.u_ad,0.0070387959
39.7579,A,mrac.z.e,-0.0046345913
39.7579,A,mrac.z.u_ad,0.19530939
39.7579,A,status.arm,0
39.7579,A,status.flymode,0
39.7579,A,status.rc_authority,0
39.7579,A,status.sbus_lost,0
39.7579,A,status.twc_arrived,0
39.7579,A,status.twc_execute,0
39.9731,A,mrac.pitch.e,0.04036431
39.9731,A,mrac.pitch.u_ad,-0.010929246
39.9731,A,mrac.roll.e,0.1046477
39.9731,A,mrac.roll.u_ad,-0.010667353
39.9731,A,mrac.yaw.e,0.048622709
39.9731,A,mrac.yaw.u_ad,0.0070387959
39.9731,A,mrac.z.e,-0.0046345913
39.9731,A,mrac.z.u_ad,0.19530939
39.9731,A,status.arm,0
39.9731,A,status.flymode,0
39.9731,A,status.rc_authority,0
39.9731,A,status.sbus_lost,0
39.9731,A,status.twc_arrived,0
39.9731,A,status.twc_execute,0
40.1900,A,mrac.pitch.e,0.03347905
40.1900,A,mrac.pitch.u_ad,-0.0089963432
40.1900,A,mrac.roll.e,-0.023256142
40.1900,A,mrac.roll.u_ad,0.0044739875
40.1900,A,mrac.yaw.e,-3.120805
40.1900,A,mrac.yaw.u_ad,0
40.1900,A,mrac.z.e,0.07166253
40.1900,A,mrac.z.u_ad,0.1636076
40.1900,A,status.arm,1
40.1900,A,status.flymode,1
40.1900,A,status.rc_authority,0
40.1900,A,status.sbus_lost,0
40.1900,A,status.twc_arrived,0
40.1900,A,status.twc_execute,0
40.3900,A,mrac.pitch.e,0.03347905
40.3900,A,mrac.pitch.u_ad,-0.0089963432
40.3900,A,mrac.roll.e,-0.023256142
40.3900,A,mrac.roll.u_ad,0.0044739875
40.3900,A,mrac.yaw.e,-3.120805
40.3900,A,mrac.yaw.u_ad,0
40.3900,A,mrac.z.e,0.07166253
40.3900,A,mrac.z.u_ad,0.1636076
40.3900,A,status.arm,1
40.3900,A,status.flymode,1
40.3900,A,status.rc_authority,0
40.3900,A,status.sbus_lost,0
40.3900,A,status.twc_arrived,0
40.3900,A,status.twc_execute,0
40.5919,A,mrac.pitch.e,0.03347905
40.5919,A,mrac.pitch.u_ad,-0.0089963432
40.5919,A,mrac.roll.e,-0.023256142
40.5919,A,mrac.roll.u_ad,0.0044739875
40.5919,A,mrac.yaw.e,-3.120805
40.5919,A,mrac.yaw.u_ad,0
40.5919,A,mrac.z.e,0.07166253
40.5919,A,mrac.z.u_ad,0.1636076
40.5919,A,status.arm,1
40.5919,A,status.flymode,1
40.5919,A,status.rc_authority,0
40.5919,A,status.sbus_lost,0
40.5919,A,status.twc_arrived,0
40.5919,A,status.twc_execute,0
40.8070,A,mrac.pitch.e,0.03347905
40.8070,A,mrac.pitch.u_ad,-0.0089963432
40.8070,A,mrac.roll.e,-0.023256142
40.8070,A,mrac.roll.u_ad,0.0044739875
40.8070,A,mrac.yaw.e,-3.120805
40.8070,A,mrac.yaw.u_ad,0
40.8070,A,mrac.z.e,0.07166253
40.8070,A,mrac.z.u_ad,0.1636076
40.8070,A,status.arm,1
40.8070,A,status.flymode,1
40.8070,A,status.rc_authority,0
40.8070,A,status.sbus_lost,0
40.8070,A,status.twc_arrived,0
40.8070,A,status.twc_execute,0
41.0076,A,mrac.pitch.e,0.03347905
41.0076,A,mrac.pitch.u_ad,-0.0089963432
41.0076,A,mrac.roll.e,-0.023256142
41.0076,A,mrac.roll.u_ad,0.0044739875
41.0076,A,mrac.yaw.e,-3.120805
41.0076,A,mrac.yaw.u_ad,0
41.0076,A,mrac.z.e,0.07166253
41.0076,A,mrac.z.u_ad,0.1636076
41.0076,A,status.arm,1
41.0076,A,status.flymode,1
41.0076,A,status.rc_authority,0
41.0076,A,status.sbus_lost,0
41.0076,A,status.twc_arrived,0
41.0076,A,status.twc_execute,0
41.2255,A,mrac.pitch.e,0.03347905
41.2255,A,mrac.pitch.u_ad,-0.0089963432
41.2255,A,mrac.roll.e,-0.023256142
41.2255,A,mrac.roll.u_ad,0.0044739875
41.2255,A,mrac.yaw.e,-3.120805
41.2255,A,mrac.yaw.u_ad,0
41.2255,A,mrac.z.e,0.07166253
41.2255,A,mrac.z.u_ad,0.1636076
41.2255,A,status.arm,1
41.2255,A,status.flymode,1
41.2255,A,status.rc_authority,0
41.2255,A,status.sbus_lost,0
41.2255,A,status.twc_arrived,0
41.2255,A,status.twc_execute,0
41.4411,A,mrac.pitch.e,0.03347905
41.4411,A,mrac.pitch.u_ad,-0.0089963432
41.4411,A,mrac.roll.e,-0.023256142
41.4411,A,mrac.roll.u_ad,0.0044739875
41.4411,A,mrac.yaw.e,-3.120805
41.4411,A,mrac.yaw.u_ad,0
41.4411,A,mrac.z.e,0.07166253
41.4411,A,mrac.z.u_ad,0.1636076
41.4411,A,status.arm,1
41.4411,A,status.flymode,1
41.4411,A,status.rc_authority,0
41.4411,A,status.sbus_lost,0
41.4411,A,status.twc_arrived,0
41.4411,A,status.twc_execute,0
41.6586,A,mrac.pitch.e,0.03347905
41.6586,A,mrac.pitch.u_ad,-0.0089963432
41.6586,A,mrac.roll.e,-0.023256142
41.6586,A,mrac.roll.u_ad,0.0044739875
41.6586,A,mrac.yaw.e,-3.120805
41.6586,A,mrac.yaw.u_ad,0
41.6586,A,mrac.z.e,0.07166253
41.6586,A,mrac.z.u_ad,0.1636076
41.6586,A,status.arm,1
41.6586,A,status.flymode,1
41.6586,A,status.rc_authority,0
41.6586,A,status.sbus_lost,0
41.6586,A,status.twc_arrived,0
41.6586,A,status.twc_execute,0
41.8588,A,mrac.pitch.e,0.03347905
41.8588,A,mrac.pitch.u_ad,-0.0089963432
41.8588,A,mrac.roll.e,-0.023256142
41.8588,A,mrac.roll.u_ad,0.0044739875
41.8588,A,mrac.yaw.e,-3.120805
41.8588,A,mrac.yaw.u_ad,0
41.8588,A,mrac.z.e,0.07166253
41.8588,A,mrac.z.u_ad,0.1636076
41.8588,A,status.arm,1
41.8588,A,status.flymode,1
41.8588,A,status.rc_authority,0
41.8588,A,status.sbus_lost,0
41.8588,A,status.twc_arrived,0
41.8588,A,status.twc_execute,0
42.0595,A,mrac.pitch.e,0.03347905
42.0595,A,mrac.pitch.u_ad,-0.0089963432
42.0595,A,mrac.roll.e,-0.023256142
42.0595,A,mrac.roll.u_ad,0.0044739875
42.0595,A,mrac.yaw.e,-3.120805
42.0595,A,mrac.yaw.u_ad,0
42.0595,A,mrac.z.e,0.07166253
42.0595,A,mrac.z.u_ad,0.1636076
42.0595,A,status.arm,1
42.0595,A,status.flymode,1
42.0595,A,status.rc_authority,0
42.0595,A,status.sbus_lost,0
42.0595,A,status.twc_arrived,0
42.0595,A,status.twc_execute,0
42.2745,A,mrac.pitch.e,0.03347905
42.2745,A,mrac.pitch.u_ad,-0.0089963432
42.2745,A,mrac.roll.e,-0.023256142
42.2745,A,mrac.roll.u_ad,0.0044739875
42.2745,A,mrac.yaw.e,-3.120805
42.2745,A,mrac.yaw.u_ad,0
42.2745,A,mrac.z.e,0.07166253
42.2745,A,mrac.z.u_ad,0.1636076
42.2745,A,status.arm,1
42.2745,A,status.flymode,1
42.2745,A,status.rc_authority,0
42.2745,A,status.sbus_lost,0
42.2745,A,status.twc_arrived,0
42.2745,A,status.twc_execute,0
42.4745,A,mrac.pitch.e,0.03347905
42.4745,A,mrac.pitch.u_ad,-0.0089963432
42.4745,A,mrac.roll.e,-0.023256142
42.4745,A,mrac.roll.u_ad,0.0044739875
42.4745,A,mrac.yaw.e,-3.120805
42.4745,A,mrac.yaw.u_ad,0
42.4745,A,mrac.z.e,0.07166253
42.4745,A,mrac.z.u_ad,0.1636076
42.4745,A,status.arm,1
42.4745,A,status.flymode,1
42.4745,A,status.rc_authority,0
42.4745,A,status.sbus_lost,0
42.4745,A,status.twc_arrived,0
42.4745,A,status.twc_execute,0
42.6748,A,mrac.pitch.e,0.03347905
42.6748,A,mrac.pitch.u_ad,-0.0089963432
42.6748,A,mrac.roll.e,-0.023256142
42.6748,A,mrac.roll.u_ad,0.0044739875
42.6748,A,mrac.yaw.e,-3.120805
42.6748,A,mrac.yaw.u_ad,0
42.6748,A,mrac.z.e,0.07166253
42.6748,A,mrac.z.u_ad,0.1636076
42.6748,A,status.arm,1
42.6748,A,status.flymode,1
42.6748,A,status.rc_authority,0
42.6748,A,status.sbus_lost,0
42.6748,A,status.twc_arrived,0
42.6748,A,status.twc_execute,0
42.8927,A,mrac.pitch.e,0.03347905
42.8927,A,mrac.pitch.u_ad,-0.0089963432
42.8927,A,mrac.roll.e,-0.023256142
42.8927,A,mrac.roll.u_ad,0.0044739875
42.8927,A,mrac.yaw.e,-3.120805
42.8927,A,mrac.yaw.u_ad,0
42.8927,A,mrac.z.e,0.07166253
42.8927,A,mrac.z.u_ad,0.1636076
42.8927,A,status.arm,1
42.8927,A,status.flymode,1
42.8927,A,status.rc_authority,0
42.8927,A,status.sbus_lost,0
42.8927,A,status.twc_arrived,0
42.8927,A,status.twc_execute,0
43.1081,A,mrac.pitch.e,0.03347905
43.1081,A,mrac.pitch.u_ad,-0.0089963432
43.1081,A,mrac.roll.e,-0.023256142
43.1081,A,mrac.roll.u_ad,0.0044739875
43.1081,A,mrac.yaw.e,-3.120805
43.1081,A,mrac.yaw.u_ad,0
43.1081,A,mrac.z.e,0.07166253
43.1081,A,mrac.z.u_ad,0.1636076
43.1081,A,status.arm,1
43.1081,A,status.flymode,1
43.1081,A,status.rc_authority,0
43.1081,A,status.sbus_lost,0
43.1081,A,status.twc_arrived,0
43.1081,A,status.twc_execute,0
43.3087,A,mrac.pitch.e,0.03347905
43.3087,A,mrac.pitch.u_ad,-0.0089963432
43.3087,A,mrac.roll.e,-0.023256142
43.3087,A,mrac.roll.u_ad,0.0044739875
43.3087,A,mrac.yaw.e,-3.120805
43.3087,A,mrac.yaw.u_ad,0
43.3087,A,mrac.z.e,0.07166253
43.3087,A,mrac.z.u_ad,0.1636076
43.3087,A,status.arm,1
43.3087,A,status.flymode,1
43.3087,A,status.rc_authority,0
43.3087,A,status.sbus_lost,0
43.3087,A,status.twc_arrived,0
43.3087,A,status.twc_execute,0
43.5086,A,mrac.pitch.e,0.03347905
43.5086,A,mrac.pitch.u_ad,-0.0089963432
43.5086,A,mrac.roll.e,-0.023256142
43.5086,A,mrac.roll.u_ad,0.0044739875
43.5086,A,mrac.yaw.e,-3.120805
43.5086,A,mrac.yaw.u_ad,0
43.5086,A,mrac.z.e,0.07166253
43.5086,A,mrac.z.u_ad,0.1636076
43.5086,A,status.arm,1
43.5086,A,status.flymode,1
43.5086,A,status.rc_authority,0
43.5086,A,status.sbus_lost,0
43.5086,A,status.twc_arrived,0
43.5086,A,status.twc_execute,0
43.7262,A,mrac.pitch.e,0.03347905
43.7262,A,mrac.pitch.u_ad,-0.0089963432
43.7262,A,mrac.roll.e,-0.023256142
43.7262,A,mrac.roll.u_ad,0.0044739875
43.7262,A,mrac.yaw.e,-3.120805
43.7262,A,mrac.yaw.u_ad,0
43.7262,A,mrac.z.e,0.07166253
43.7262,A,mrac.z.u_ad,0.1636076
43.7262,A,status.arm,1
43.7262,A,status.flymode,1
43.7262,A,status.rc_authority,0
43.7262,A,status.sbus_lost,0
43.7262,A,status.twc_arrived,0
43.7262,A,status.twc_execute,0
43.9264,A,mrac.pitch.e,0.03347905
43.9264,A,mrac.pitch.u_ad,-0.0089963432
43.9264,A,mrac.roll.e,-0.023256142
43.9264,A,mrac.roll.u_ad,0.0044739875
43.9264,A,mrac.yaw.e,-3.120805
43.9264,A,mrac.yaw.u_ad,0
43.9264,A,mrac.z.e,0.07166253
43.9264,A,mrac.z.u_ad,0.1636076
43.9264,A,status.arm,1
43.9264,A,status.flymode,1
43.9264,A,status.rc_authority,0
43.9264,A,status.sbus_lost,0
43.9264,A,status.twc_arrived,0
43.9264,A,status.twc_execute,0
44.1265,A,mrac.pitch.e,0.03347905
44.1265,A,mrac.pitch.u_ad,-0.0089963432
44.1265,A,mrac.roll.e,-0.023256142
44.1265,A,mrac.roll.u_ad,0.0044739875
44.1265,A,mrac.yaw.e,-3.120805
44.1265,A,mrac.yaw.u_ad,0
44.1265,A,mrac.z.e,0.07166253
44.1265,A,mrac.z.u_ad,0.1636076
44.1265,A,status.arm,1
44.1265,A,status.flymode,1
44.1265,A,status.rc_authority,0
44.1265,A,status.sbus_lost,0
44.1265,A,status.twc_arrived,0
44.1265,A,status.twc_execute,0
44.3267,A,mrac.pitch.e,0.03347905
44.3267,A,mrac.pitch.u_ad,-0.0089963432
44.3267,A,mrac.roll.e,-0.023256142
44.3267,A,mrac.roll.u_ad,0.0044739875
44.3267,A,mrac.yaw.e,-3.120805
44.3267,A,mrac.yaw.u_ad,0
44.3267,A,mrac.z.e,0.07166253
44.3267,A,mrac.z.u_ad,0.1636076
44.3267,A,status.arm,1
44.3267,A,status.flymode,1
44.3267,A,status.rc_authority,0
44.3267,A,status.sbus_lost,0
44.3267,A,status.twc_arrived,0
44.3267,A,status.twc_execute,0
44.5269,A,mrac.pitch.e,0.03347905
44.5269,A,mrac.pitch.u_ad,-0.0089963432
44.5269,A,mrac.roll.e,-0.023256142
44.5269,A,mrac.roll.u_ad,0.0044739875
44.5269,A,mrac.yaw.e,-3.120805
44.5269,A,mrac.yaw.u_ad,0
44.5269,A,mrac.z.e,0.07166253
44.5269,A,mrac.z.u_ad,0.1636076
44.5269,A,status.arm,1
44.5269,A,status.flymode,1
44.5269,A,status.rc_authority,0
44.5269,A,status.sbus_lost,0
44.5269,A,status.twc_arrived,0
44.5269,A,status.twc_execute,0
44.7424,A,mrac.pitch.e,0.03347905
44.7424,A,mrac.pitch.u_ad,-0.0089963432
44.7424,A,mrac.roll.e,-0.023256142
44.7424,A,mrac.roll.u_ad,0.0044739875
44.7424,A,mrac.yaw.e,-3.120805
44.7424,A,mrac.yaw.u_ad,0
44.7424,A,mrac.z.e,0.07166253
44.7424,A,mrac.z.u_ad,0.1636076
44.7424,A,status.arm,1
44.7424,A,status.flymode,1
44.7424,A,status.rc_authority,0
44.7424,A,status.sbus_lost,0
44.7424,A,status.twc_arrived,0
44.7424,A,status.twc_execute,0
44.9425,A,mrac.pitch.e,0.03347905
44.9425,A,mrac.pitch.u_ad,-0.0089963432
44.9425,A,mrac.roll.e,-0.023256142
44.9425,A,mrac.roll.u_ad,0.0044739875
44.9425,A,mrac.yaw.e,-3.120805
44.9425,A,mrac.yaw.u_ad,0
44.9425,A,mrac.z.e,0.07166253
44.9425,A,mrac.z.u_ad,0.1636076
44.9425,A,status.arm,1
44.9425,A,status.flymode,1
44.9425,A,status.rc_authority,0
44.9425,A,status.sbus_lost,0
44.9425,A,status.twc_arrived,0
44.9425,A,status.twc_execute,0
45.1424,A,mrac.pitch.e,0.03347905
45.1424,A,mrac.pitch.u_ad,-0.0089963432
45.1424,A,mrac.roll.e,-0.023256142
45.1424,A,mrac.roll.u_ad,0.0044739875
45.1424,A,mrac.yaw.e,-3.120805
45.1424,A,mrac.yaw.u_ad,0
45.1424,A,mrac.z.e,0.07166253
45.1424,A,mrac.z.u_ad,0.1636076
45.1424,A,status.arm,1
45.1424,A,status.flymode,1
45.1424,A,status.rc_authority,0
45.1424,A,status.sbus_lost,0
45.1424,A,status.twc_arrived,0
45.1424,A,status.twc_execute,0
45.3425,A,mrac.pitch.e,0.03347905
45.3425,A,mrac.pitch.u_ad,-0.0089963432
45.3425,A,mrac.roll.e,-0.023256142
45.3425,A,mrac.roll.u_ad,0.0044739875
45.3425,A,mrac.yaw.e,-3.120805
45.3425,A,mrac.yaw.u_ad,0
45.3425,A,mrac.z.e,0.07166253
45.3425,A,mrac.z.u_ad,0.1636076
45.3425,A,status.arm,1
45.3425,A,status.flymode,1
45.3425,A,status.rc_authority,0
45.3425,A,status.sbus_lost,0
45.3425,A,status.twc_arrived,0
45.3425,A,status.twc_execute,0
45.5606,A,mrac.pitch.e,0.03347905
45.5606,A,mrac.pitch.u_ad,-0.0089963432
45.5606,A,mrac.roll.e,-0.023256142
45.5606,A,mrac.roll.u_ad,0.0044739875
45.5606,A,mrac.yaw.e,-3.120805
45.5606,A,mrac.yaw.u_ad,0
45.5606,A,mrac.z.e,0.07166253
45.5606,A,mrac.z.u_ad,0.1636076
45.5606,A,status.arm,1
45.5606,A,status.flymode,1
45.5606,A,status.rc_authority,0
45.5606,A,status.sbus_lost,0
45.5606,A,status.twc_arrived,0
45.5606,A,status.twc_execute,0
45.7607,A,mrac.pitch.e,0.03347905
45.7607,A,mrac.pitch.u_ad,-0.0089963432
45.7607,A,mrac.roll.e,-0.023256142
45.7607,A,mrac.roll.u_ad,0.0044739875
45.7607,A,mrac.yaw.e,-3.120805
45.7607,A,mrac.yaw.u_ad,0
45.7607,A,mrac.z.e,0.07166253
45.7607,A,mrac.z.u_ad,0.1636076
45.7607,A,status.arm,1
45.7607,A,status.flymode,1
45.7607,A,status.rc_authority,0
45.7607,A,status.sbus_lost,0
45.7607,A,status.twc_arrived,0
45.7607,A,status.twc_execute,0
45.9608,A,mrac.pitch.e,0.03347905
45.9608,A,mrac.pitch.u_ad,-0.0089963432
45.9608,A,mrac.roll.e,-0.023256142
45.9608,A,mrac.roll.u_ad,0.0044739875
45.9608,A,mrac.yaw.e,-3.120805
45.9608,A,mrac.yaw.u_ad,0
45.9608,A,mrac.z.e,0.07166253
45.9608,A,mrac.z.u_ad,0.1636076
45.9608,A,status.arm,1
45.9608,A,status.flymode,1
45.9608,A,status.rc_authority,0
45.9608,A,status.sbus_lost,0
45.9608,A,status.twc_arrived,0
45.9608,A,status.twc_execute,0
46.1762,A,mrac.pitch.e,0.11285669
46.1762,A,mrac.pitch.u_ad,-0.017200816
46.1762,A,mrac.roll.e,-0.018074054
46.1762,A,mrac.roll.u_ad,0.013359948
46.1762,A,mrac.yaw.e,0.10604301
46.1762,A,mrac.yaw.u_ad,0.042300519
46.1762,A,mrac.z.e,2.332509e-06
46.1762,A,mrac.z.u_ad,0.18856199
46.1762,A,status.arm,1
46.1762,A,status.flymode,1
46.1762,A,status.rc_authority,0
46.1762,A,status.sbus_lost,0
46.1762,A,status.twc_arrived,0
46.1762,A,status.twc_execute,0
46.3765,A,mrac.pitch.e,0.11285669
46.3765,A,mrac.pitch.u_ad,-0.017200816
46.3765,A,mrac.roll.e,-0.018074054
46.3765,A,mrac.roll.u_ad,0.013359948
46.3765,A,mrac.yaw.e,0.10604301
46.3765,A,mrac.yaw.u_ad,0.042300519
46.3765,A,mrac.z.e,2.332509e-06
46.3765,A,mrac.z.u_ad,0.18856199
46.3765,A,status.arm,1
46.3765,A,status.flymode,1
46.3765,A,status.rc_authority,0
46.3765,A,status.sbus_lost,0
46.3765,A,status.twc_arrived,0
46.3765,A,status.twc_execute,0
46.5944,A,mrac.pitch.e,0.11285669
46.5944,A,mrac.pitch.u_ad,-0.017200816
46.5944,A,mrac.roll.e,-0.018074054
46.5944,A,mrac.roll.u_ad,0.013359948
46.5944,A,mrac.yaw.e,0.10604301
46.5944,A,mrac.yaw.u_ad,0.042300519
46.5944,A,mrac.z.e,2.332509e-06
46.5944,A,mrac.z.u_ad,0.18856199
46.5944,A,status.arm,1
46.5944,A,status.flymode,1
46.5944,A,status.rc_authority,0
46.5944,A,status.sbus_lost,0
46.5944,A,status.twc_arrived,0
46.5944,A,status.twc_execute,0
46.8097,A,mrac.pitch.e,0.11285669
46.8097,A,mrac.pitch.u_ad,-0.017200816
46.8097,A,mrac.roll.e,-0.018074054
46.8097,A,mrac.roll.u_ad,0.013359948
46.8097,A,mrac.yaw.e,0.10604301
46.8097,A,mrac.yaw.u_ad,0.042300519
46.8097,A,mrac.z.e,2.332509e-06
46.8097,A,mrac.z.u_ad,0.18856199
46.8097,A,status.arm,1
46.8097,A,status.flymode,1
46.8097,A,status.rc_authority,0
46.8097,A,status.sbus_lost,0
46.8097,A,status.twc_arrived,0
46.8097,A,status.twc_execute,0
47.0104,A,mrac.pitch.e,0.11285669
47.0104,A,mrac.pitch.u_ad,-0.017200816
47.0104,A,mrac.roll.e,-0.018074054
47.0104,A,mrac.roll.u_ad,0.013359948
47.0104,A,mrac.yaw.e,0.10604301
47.0104,A,mrac.yaw.u_ad,0.042300519
47.0104,A,mrac.z.e,2.332509e-06
47.0104,A,mrac.z.u_ad,0.18856199
47.0104,A,status.arm,1
47.0104,A,status.flymode,1
47.0104,A,status.rc_authority,0
47.0104,A,status.sbus_lost,0
47.0104,A,status.twc_arrived,0
47.0104,A,status.twc_execute,0
47.2277,A,mrac.pitch.e,0.11285669
47.2277,A,mrac.pitch.u_ad,-0.017200816
47.2277,A,mrac.roll.e,-0.018074054
47.2277,A,mrac.roll.u_ad,0.013359948
47.2277,A,mrac.yaw.e,0.10604301
47.2277,A,mrac.yaw.u_ad,0.042300519
47.2277,A,mrac.z.e,2.332509e-06
47.2277,A,mrac.z.u_ad,0.18856199
47.2277,A,status.arm,1
47.2277,A,status.flymode,1
47.2277,A,status.rc_authority,0
47.2277,A,status.sbus_lost,0
47.2277,A,status.twc_arrived,0
47.2277,A,status.twc_execute,0
47.4289,A,mrac.pitch.e,0.069038361
47.4289,A,mrac.pitch.u_ad,-0.013063253
47.4289,A,mrac.roll.e,-0.016160255
47.4289,A,mrac.roll.u_ad,0.017568681
47.4289,A,mrac.yaw.e,0.14119758
47.4289,A,mrac.yaw.u_ad,-0.010396421
47.4289,A,mrac.z.e,1.5935939e-07
47.4289,A,mrac.z.u_ad,0.18856271
47.4289,A,status.arm,1
47.4289,A,status.flymode,1
47.4289,A,status.rc_authority,0
47.4289,A,status.sbus_lost,0
47.4289,A,status.twc_arrived,0
47.4289,A,status.twc_execute,0
47.6300,A,mrac.pitch.e,0.088201635
47.6300,A,mrac.pitch.u_ad,-0.01196781
47.6300,A,mrac.roll.e,-0.023305031
47.6300,A,mrac.roll.u_ad,0.019616818
47.6300,A,mrac.yaw.e,0.10699797
47.6300,A,mrac.yaw.u_ad,-0.010685253
47.6300,A,mrac.z.e,-1.9005852e-06
47.6300,A,mrac.z.u_ad,0.18856345
47.6300,A,status.arm,1
47.6300,A,status.flymode,1
47.6300,A,status.rc_authority,0
47.6300,A,status.sbus_lost,0
47.6300,A,status.twc_arrived,0
47.6300,A,status.twc_execute,0
47.8288,A,mrac.pitch.e,0.11007665
47.8288,A,mrac.pitch.u_ad,-0.015691115
47.8288,A,mrac.roll.e,0.043261543
47.8288,A,mrac.roll.u_ad,0.01490013
47.8288,A,mrac.yaw.e,0.14516118
47.8288,A,mrac.yaw.u_ad,-0.013011525
47.8288,A,mrac.z.e,-2.0181208e-06
47.8288,A,mrac.z.u_ad,0.1885635
47.8288,A,status.arm,1
47.8288,A,status.flymode,1
47.8288,A,status.rc_authority,0
47.8288,A,status.sbus_lost,0
47.8288,A,status.twc_arrived,0
47.8288,A,status.twc_execute,0
48.0322,A,mrac.pitch.e,0.11396109
48.0322,A,mrac.pitch.u_ad,-0.015248558
48.0322,A,mrac.roll.e,0.050899331
48.0322,A,mrac.roll.u_ad,0.01552366
48.0322,A,mrac.yaw.e,0.074553058
48.0322,A,mrac.yaw.u_ad,-0.012117614
48.0322,A,mrac.z.e,8.7508363e-07
48.0322,A,mrac.z.u_ad,0.18856244
48.0322,A,status.arm,1
48.0322,A,status.flymode,1
48.0322,A,status.rc_authority,0
48.0322,A,status.sbus_lost,0
48.0322,A,status.twc_arrived,0
48.0322,A,status.twc_execute,0
48.2452,A,mrac.pitch.e,0.072640836
48.2452,A,mrac.pitch.u_ad,-0.01321424
48.2452,A,mrac.roll.e,-0.010654348
48.2452,A,mrac.roll.u_ad,0.019711182
48.2452,A,mrac.yaw.e,0.13967279
48.2452,A,mrac.yaw.u_ad,-0.014741451
48.2452,A,mrac.z.e,4.2200495e-06
48.2452,A,mrac.z.u_ad,0.18856123
48.2452,A,status.arm,1
48.2452,A,status.flymode,1
48.2452,A,status.rc_authority,0
48.2452,A,status.sbus_lost,0
48.2452,A,status.twc_arrived,0
48.2452,A,status.twc_execute,0
48.4617,A,mrac.pitch.e,0.029542666
48.4617,A,mrac.pitch.u_ad,-0.0094362069
48.4617,A,mrac.roll.e,-0.023818016
48.4617,A,mrac.roll.u_ad,0.020013941
48.4617,A,mrac.yaw.e,0.16248481
48.4617,A,mrac.yaw.u_ad,-0.015826428
48.4617,A,mrac.z.e,7.0398919e-06
48.4617,A,mrac.z.u_ad,0.1885602
48.4617,A,status.arm,1
48.4617,A,status.flymode,1
48.4617,A,status.rc_authority,0
48.4617,A,status.sbus_lost,0
48.4617,A,status.twc_arrived,0
48.4617,A,status.twc_execute,0
48.6629,A,mrac.pitch.e,0.060186222
48.6629,A,mrac.pitch.u_ad,-0.0095449723
48.6629,A,mrac.roll.e,-0.021612382
48.6629,A,mrac.roll.u_ad,0.018306846
48.6629,A,mrac.yaw.e,0.080880776
48.6629,A,mrac.yaw.u_ad,-0.014138615
48.6629,A,mrac.z.e,3.5424396e-06
48.6629,A,mrac.z.u_ad,0.18856139
48.6629,A,status.arm,1
48.6629,A,status.flymode,1
48.6629,A,status.rc_authority,0
48.6629,A,status.sbus_lost,0
48.6629,A,status.twc_arrived,0
48.6629,A,status.twc_execute,0
48.8777,A,mrac.pitch.e,0.053165391
48.8777,A,mrac.pitch.u_ad,-0.0093811536
48.8777,A,mrac.roll.e,0.011934793
48.8777,A,mrac.roll.u_ad,0.017463056
48.8777,A,mrac.yaw.e,0.18833588
48.8777,A,mrac.yaw.u_ad,-0.017058466
48.8777,A,mrac.z.e,-6.1372901e-07
48.8777,A,mrac.z.u_ad,0.18856283
48.8777,A,status.arm,1
48.8777,A,status.flymode,1
48.8777,A,status.rc_authority,0
48.8777,A,status.sbus_lost,0
48.8777,A,status.twc_arrived,0
48.8777,A,status.twc_execute,0
49.0796,A,mrac.pitch.e,0.057944648
49.0796,A,mrac.pitch.u_ad,-0.011287684
49.0796,A,mrac.roll.e,0.026661918
49.0796,A,mrac.roll.u_ad,0.017060995
49.0796,A,mrac.yaw.e,0.10526986
49.0796,A,mrac.yaw.u_ad,-0.014869211
49.0796,A,mrac.z.e,3.0527217e-06
49.0796,A,mrac.z.u_ad,0.18856151
49.0796,A,status.arm,1
49.0796,A,status.flymode,1
49.0796,A,status.rc_authority,0
49.0796,A,status.sbus_lost,0
49.0796,A,status.twc_arrived,0
49.0796,A,status.twc_execute,0
49.2956,A,mrac.pitch.e,0.080730379
49.2956,A,mrac.pitch.u_ad,-0.011702819
49.2956,A,mrac.roll.e,-0.023533192
49.2956,A,mrac.roll.u_ad,0.016742282
49.2956,A,mrac.yaw.e,0.19741011
49.2956,A,mrac.yaw.u_ad,-0.017211981
49.2956,A,mrac.z.e,3.2654475e-07
49.2956,A,mrac.z.u_ad,0.18856244
49.2956,A,status.arm,1
49.2956,A,status.flymode,1
49.2956,A,status.rc_authority,0
49.2956,A,status.sbus_lost,0
49.2956,A,status.twc_arrived,0
49.2956,A,status.twc_execute,0
49.4982,A,mrac.pitch.e,0.092830837
49.4982,A,mrac.pitch.u_ad,-0.010543386
49.4982,A,mrac.roll.e,0.028753206
49.4982,A,mrac.roll.u_ad,0.013801316
49.4982,A,mrac.yaw.e,0.15629175
49.4982,A,mrac.yaw.u_ad,-0.016249614
49.4982,A,mrac.z.e,-3.0956899e-06
49.4982,A,mrac.z.u_ad,0.18856366
49.4982,A,status.arm,1
49.4982,A,status.flymode,1
49.4982,A,status.rc_authority,0
49.4982,A,status.sbus_lost,0
49.4982,A,status.twc_arrived,0
49.4982,A,status.twc_execute,0
49.7108,A,mrac.pitch.e,-0.018000111
49.7108,A,mrac.pitch.u_ad,-0.016488872
49.7108,A,mrac.roll.e,-0.53465652
49.7108,A,mrac.roll.u_ad,0.040581811
49.7108,A,mrac.yaw.e,0.0020029843
49.7108,A,mrac.yaw.u_ad,-0.031873398
49.7108,A,mrac.z.e,-0.17990066
49.7108,A,mrac.z.u_ad,0.30365372
49.7108,A,status.arm,1
49.7108,A,status.flymode,1
49.7108,A,status.rc_authority,0
49.7108,A,status.sbus_lost,0
49.7108,A,status.twc_arrived,0
49.7108,A,status.twc_execute,1
49.9129,A,mrac.pitch.e,-0.13523909
49.9129,A,mrac.pitch.u_ad,-0.013488285
49.9129,A,mrac.roll.e,-0.11924633
49.9129,A,mrac.roll.u_ad,0.013967244
49.9129,A,mrac.yaw.e,-0.045457602
49.9129,A,mrac.yaw.u_ad,-0.0069778976
49.9129,A,mrac.z.e,0.20014217
49.9129,A,mrac.z.u_ad,0.18007274
49.9129,A,status.arm,1
49.9129,A,status.flymode,1
49.9129,A,status.rc_authority,0
49.9129,A,status.sbus_lost,0
49.9129,A,status.twc_arrived,0
49.9129,A,status.twc_execute,1
50.1295,A,mrac.pitch.e,-0.064067021
50.1295,A,mrac.pitch.u_ad,-0.013472609
50.1295,A,mrac.roll.e,0.0062186122
50.1295,A,mrac.roll.u_ad,0.012807604
50.1295,A,mrac.yaw.e,0.19571152
50.1295,A,mrac.yaw.u_ad,-0.0068692723
50.1295,A,mrac.z.e,0.30678409
50.1295,A,mrac.z.u_ad,0.086511463
50.1295,A,status.arm,1
50.1295,A,status.flymode,1
50.1295,A,status.rc_authority,0
50.1295,A,status.sbus_lost,0
50.1295,A,status.twc_arrived,0
50.1295,A,status.twc_execute,1
50.3449,A,mrac.pitch.e,-0.064067021
50.3449,A,mrac.pitch.u_ad,-0.013472609
50.3449,A,mrac.roll.e,0.0062186122
50.3449,A,mrac.roll.u_ad,0.012807604
50.3449,A,mrac.yaw.e,0.19571152
50.3449,A,mrac.yaw.u_ad,-0.0068692723
50.3449,A,mrac.z.e,0.30678409
50.3449,A,mrac.z.u_ad,0.086511463
50.3449,A,status.arm,1
50.3449,A,status.flymode,1
50.3449,A,status.rc_authority,0
50.3449,A,status.sbus_lost,0
50.3449,A,status.twc_arrived,0
50.3449,A,status.twc_execute,1
50.5452,A,mrac.pitch.e,0.068790868
50.5452,A,mrac.pitch.u_ad,-0.010168243
50.5452,A,mrac.roll.e,-0.0014051683
50.5452,A,mrac.roll.u_ad,0.01814159
50.5452,A,mrac.yaw.e,0.14735667
50.5452,A,mrac.yaw.u_ad,-0.013626757
50.5452,A,mrac.z.e,0.10130923
50.5452,A,mrac.z.u_ad,0.062935591
50.5452,A,status.arm,1
50.5452,A,status.flymode,1
50.5452,A,status.rc_authority,0
50.5452,A,status.sbus_lost,0
50.5452,A,status.twc_arrived,1
50.5452,A,status.twc_execute,1
50.7465,A,mrac.pitch.e,0.056492917
50.7465,A,mrac.pitch.u_ad,-0.0026569944
50.7465,A,mrac.roll.e,-0.064592272
50.7465,A,mrac.roll.u_ad,0.028765192
50.7465,A,mrac.yaw.e,0.11857044
50.7465,A,mrac.yaw.u_ad,-0.013137061
50.7465,A,mrac.z.e,0.073694557
50.7465,A,mrac.z.u_ad,0.059875526
50.7465,A,status.arm,1
50.7465,A,status.flymode,1
50.7465,A,status.rc_authority,0
50.7465,A,status.sbus_lost,0
50.7465,A,status.twc_arrived,1
50.7465,A,status.twc_execute,1
50.9640,A,mrac.pitch.e,0.19079563
50.9640,A,mrac.pitch.u_ad,-0.029623972
50.9640,A,mrac.roll.e,-0.061104093
50.9640,A,mrac.roll.u_ad,0.029705213
50.9640,A,mrac.yaw.e,0.074087076
50.9640,A,mrac.yaw.u_ad,-0.0094748912
50.9640,A,mrac.z.e,0.34761915
50.9640,A,mrac.z.u_ad,-0.060561314
50.9640,A,status.arm,1
50.9640,A,status.flymode,1
50.9640,A,status.rc_authority,0
50.9640,A,status.sbus_lost,0
50.9640,A,status.twc_arrived,0
50.9640,A,status.twc_execute,1
51.1807,A,mrac.pitch.e,0.13568006
51.1807,A,mrac.pitch.u_ad,-0.028326517
51.1807,A,mrac.roll.e,-0.14440544
51.1807,A,mrac.roll.u_ad,0.028471442
51.1807,A,mrac.yaw.e,0.15036798
51.1807,A,mrac.yaw.u_ad,-0.01218405
51.1807,A,mrac.z.e,0.26170483
51.1807,A,mrac.z.u_ad,-0.053073645
51.1807,A,status.arm,1
51.1807,A,status.flymode,1
51.1807,A,status.rc_authority,0
51.1807,A,status.sbus_lost,0
51.1807,A,status.twc_arrived,0
51.1807,A,status.twc_execute,1
51.3982,A,mrac.pitch.e,0.25879326
51.3982,A,mrac.pitch.u_ad,-0.031060336
51.3982,A,mrac.roll.e,-0.11592557
51.3982,A,mrac.roll.u_ad,0.030159183
51.3982,A,mrac.yaw.e,0.093836941
51.3982,A,mrac.yaw.u_ad,-0.01178069
51.3982,A,mrac.z.e,0.14779557
51.3982,A,mrac.z.u_ad,-0.02583563
51.3982,A,status.arm,1
51.3982,A,status.flymode,1
51.3982,A,status.rc_authority,0
51.3982,A,status.sbus_lost,0
51.3982,A,status.twc_arrived,0
51.3982,A,status.twc_execute,1
51.5970,A,mrac.pitch.e,0.23848918
51.5970,A,mrac.pitch.u_ad,-0.025062833
51.5970,A,mrac.roll.e,-0.02491051
51.5970,A,mrac.roll.u_ad,0.020799398
51.5970,A,mrac.yaw.e,0.24676967
51.5970,A,mrac.yaw.u_ad,-0.016905922
51.5970,A,mrac.z.e,0.11858935
51.5970,A,mrac.z.u_ad,-0.025566945
51.5970,A,status.arm,1
51.5970,A,status.flymode,1
51.5970,A,status.rc_authority,0
51.5970,A,status.sbus_lost,0
51.5970,A,status.twc_arrived,0
51.5970,A,status.twc_execute,1
51.8098,A,mrac.pitch.e,0.26781684
51.8098,A,mrac.pitch.u_ad,-0.034334425
51.8098,A,mrac.roll.e,-0.14314702
51.8098,A,mrac.roll.u_ad,0.027564211
51.8098,A,mrac.yaw.e,0.076017812
51.8098,A,mrac.yaw.u_ad,-0.010760399
51.8098,A,mrac.z.e,0.25583854
51.8098,A,mrac.z.u_ad,-0.085857235
51.8098,A,status.arm,1
51.8098,A,status.flymode,1
51.8098,A,status.rc_authority,0
51.8098,A,status.sbus_lost,0
51.8098,A,status.twc_arrived,0
51.8098,A,status.twc_execute,1
52.0102,A,mrac.pitch.e,0.079165801
52.0102,A,mrac.pitch.u_ad,-0.012892552
52.0102,A,mrac.roll.e,-0.033191949
52.0102,A,mrac.roll.u_ad,0.018950067
52.0102,A,mrac.yaw.e,0.098404601
52.0102,A,mrac.yaw.u_ad,-0.012991177
52.0102,A,mrac.z.e,0.25094709
52.0102,A,mrac.z.u_ad,-0.094367199
52.0102,A,status.arm,1
52.0102,A,status.flymode,1
52.0102,A,status.rc_authority,0
52.0102,A,status.sbus_lost,0
52.0102,A,status.twc_arrived,0
52.0102,A,status.twc_execute,1
52.2103,A,mrac.pitch.e,-0.096862845
52.2103,A,mrac.pitch.u_ad,0.00071145501
52.2103,A,mrac.roll.e,0.1802468
52.2103,A,mrac.roll.u_ad,0.010547893
52.2103,A,mrac.yaw.e,0.066597119
52.2103,A,mrac.yaw.u_ad,-0.0094069317
52.2103,A,mrac.z.e,0.18408181
52.2103,A,mrac.z.u_ad,-0.077896528
52.2103,A,status.arm,1
52.2103,A,status.flymode,1
52.2103,A,status.rc_authority,0
52.2103,A,status.sbus_lost,0
52.2103,A,status.twc_arrived,0
52.2103,A,status.twc_execute,1
52.4143,A,mrac.pitch.e,0.28993881
52.4143,A,mrac.pitch.u_ad,-0.033364158
52.4143,A,mrac.roll.e,0.049352199
52.4143,A,mrac.roll.u_ad,0.019888418
52.4143,A,mrac.yaw.e,0.045518033
52.4143,A,mrac.yaw.u_ad,-0.0098386537
52.4143,A,mrac.z.e,0.19067335
52.4143,A,mrac.z.u_ad,-0.084814504
52.4143,A,status.arm,1
52.4143,A,status.flymode,1
52.4143,A,status.rc_authority,0
52.4143,A,status.sbus_lost,0
52.4143,A,status.twc_arrived,0
52.4143,A,status.twc_execute,1
52.6128,A,mrac.pitch.e,0.21298501
52.6128,A,mrac.pitch.u_ad,-0.028586108
52.6128,A,mrac.roll.e,-0.085142858
52.6128,A,mrac.roll.u_ad,0.027220597
52.6128,A,mrac.yaw.e,0.071119763
52.6128,A,mrac.yaw.u_ad,-0.011615407
52.6128,A,mrac.z.e,0.17506537
52.6128,A,mrac.z.u_ad,-0.083705053
52.6128,A,status.arm,1
52.6128,A,status.flymode,1
52.6128,A,status.rc_authority,0
52.6128,A,status.sbus_lost,0
52.6128,A,status.twc_arrived,0
52.6128,A,status.twc_execute,1
52.8127,A,mrac.pitch.e,0.24356343
52.8127,A,mrac.pitch.u_ad,-0.033165894
52.8127,A,mrac.roll.e,-0.099744372
52.8127,A,mrac.roll.u_ad,0.026195023
52.8127,A,mrac.yaw.e,0.06885305
52.8127,A,mrac.yaw.u_ad,-0.010978257
52.8127,A,mrac.z.e,0.22072814
52.8127,A,mrac.z.u_ad,-0.10576957
52.8127,A,status.arm,1
52.8127,A,status.flymode,1
52.8127,A,status.rc_authority,0
52.8127,A,status.sbus_lost,0
52.8127,A,status.twc_arrived,0
52.8127,A,status.twc_execute,1
53.0304,A,mrac.pitch.e,0.24356343
53.0304,A,mrac.pitch.u_ad,-0.033165894
53.0304,A,mrac.roll.e,-0.099744372
53.0304,A,mrac.roll.u_ad,0.026195023
53.0304,A,mrac.yaw.e,0.06885305
53.0304,A,mrac.yaw.u_ad,-0.010978257
53.0304,A,mrac.z.e,0.22072814
53.0304,A,mrac.z.u_ad,-0.10576957
53.0304,A,status.arm,1
53.0304,A,status.flymode,1
53.0304,A,status.rc_authority,0
53.0304,A,status.sbus_lost,0
53.0304,A,status.twc_arrived,0
53.0304,A,status.twc_execute,1
53.2308,A,mrac.pitch.e,0.24356343
53.2308,A,mrac.pitch.u_ad,-0.033165894
53.2308,A,mrac.roll.e,-0.099744372
53.2308,A,mrac.roll.u_ad,0.026195023
53.2308,A,mrac.yaw.e,0.06885305
53.2308,A,mrac.yaw.u_ad,-0.010978257
53.2308,A,mrac.z.e,0.22072814
53.2308,A,mrac.z.u_ad,-0.10576957
53.2308,A,status.arm,1
53.2308,A,status.flymode,1
53.2308,A,status.rc_authority,0
53.2308,A,status.sbus_lost,0
53.2308,A,status.twc_arrived,0
53.2308,A,status.twc_execute,1
53.4478,A,mrac.pitch.e,0.32725179
53.4478,A,mrac.pitch.u_ad,-0.039139669
53.4478,A,mrac.roll.e,0.051887091
53.4478,A,mrac.roll.u_ad,0.020872168
53.4478,A,mrac.yaw.e,0.093901329
53.4478,A,mrac.yaw.u_ad,-0.010500889
53.4478,A,mrac.z.e,0.20598823
53.4478,A,mrac.z.u_ad,-0.10622758
53.4478,A,status.arm,1
53.4478,A,status.flymode,1
53.4478,A,status.rc_authority,0
53.4478,A,status.sbus_lost,0
53.4478,A,status.twc_arrived,0
53.4478,A,status.twc_execute,1
53.6499,A,mrac.pitch.e,0.27915883
53.6499,A,mrac.pitch.u_ad,-0.035661727
53.6499,A,mrac.roll.e,-0.048270188
53.6499,A,mrac.roll.u_ad,0.028679982
53.6499,A,mrac.yaw.e,0.086969562
53.6499,A,mrac.yaw.u_ad,-0.010068473
53.6499,A,mrac.z.e,0.071307346
53.6499,A,mrac.z.u_ad,-0.057040744
53.6499,A,status.arm,1
53.6499,A,status.flymode,1
53.6499,A,status.rc_authority,0
53.6499,A,status.sbus_lost,0
53.6499,A,status.twc_arrived,0
53.6499,A,status.twc_execute,1
53.8649,A,mrac.pitch.e,-0.027493581
53.8649,A,mrac.pitch.u_ad,-0.0075865122
53.8649,A,mrac.roll.e,0.0518227
53.8649,A,mrac.roll.u_ad,0.020236185
53.8649,A,mrac.yaw.e,0.08931312
53.8649,A,mrac.yaw.u_ad,-0.011084892
53.8649,A,mrac.z.e,0.10933432
53.8649,A,mrac.z.u_ad,-0.070784539
53.8649,A,status.arm,1
53.8649,A,status.flymode,1
53.8649,A,status.rc_authority,0
53.8649,A,status.sbus_lost,0
53.8649,A,status.twc_arrived,0
53.8649,A,status.twc_execute,1
54.0818,A,mrac.pitch.e,-0.17358333
54.0818,A,mrac.pitch.u_ad,0.0045226719
54.0818,A,mrac.roll.e,0.045154382
54.0818,A,mrac.roll.u_ad,0.015146801
54.0818,A,mrac.yaw.e,0.073929772
54.0818,A,mrac.yaw.u_ad,-0.009974801
54.0818,A,mrac.z.e,0.15572886
54.0818,A,mrac.z.u_ad,-0.087035403
54.0818,A,status.arm,1
54.0818,A,status.flymode,1
54.0818,A,status.rc_authority,0
54.0818,A,status.sbus_lost,0
54.0818,A,status.twc_arrived,0
54.0818,A,status.twc_execute,1
54.2979,A,mrac.pitch.e,-0.0008245185
54.2979,A,mrac.pitch.u_ad,-0.013189149
54.2979,A,mrac.roll.e,-0.041726958
54.2979,A,mrac.roll.u_ad,0.02327445
54.2979,A,mrac.yaw.e,0.099172004
54.2979,A,mrac.yaw.u_ad,-0.011227254
54.2979,A,mrac.z.e,-0.020012721
54.2979,A,mrac.z.u_ad,-0.022357522
54.2979,A,status.arm,1
54.2979,A,status.flymode,1
54.2979,A,status.rc_authority,0
54.2979,A,status.sbus_lost,0
54.2979,A,status.twc_arrived,0
54.2979,A,status.twc_execute,1
54.5128,A,mrac.pitch.e,-0.0008245185
54.5128,A,mrac.pitch.u_ad,-0.013189149
54.5128,A,mrac.roll.e,-0.041726958
54.5128,A,mrac.roll.u_ad,0.02327445
54.5128,A,mrac.yaw.e,0.099172004
54.5128,A,mrac.yaw.u_ad,-0.011227254
54.5128,A,mrac.z.e,-0.020012721
54.5128,A,mrac.z.u_ad,-0.022357522
54.5128,A,status.arm,1
54.5128,A,status.flymode,1
54.5128,A,status.rc_authority,0
54.5128,A,status.sbus_lost,0
54.5128,A,status.twc_arrived,0
54.5128,A,status.twc_execute,1
54.7128,A,mrac.pitch.e,-0.0008245185
54.7128,A,mrac.pitch.u_ad,-0.013189149
54.7128,A,mrac.roll.e,-0.041726958
54.7128,A,mrac.roll.u_ad,0.02327445
54.7128,A,mrac.yaw.e,0.099172004
54.7128,A,mrac.yaw.u_ad,-0.011227254
54.7128,A,mrac.z.e,-0.020012721
54.7128,A,mrac.z.u_ad,-0.022357522
54.7128,A,status.arm,1
54.7128,A,status.flymode,1
54.7128,A,status.rc_authority,0
54.7128,A,status.sbus_lost,0
54.7128,A,status.twc_arrived,0
54.7128,A,status.twc_execute,1
54.9141,A,mrac.pitch.e,-0.0008245185
54.9141,A,mrac.pitch.u_ad,-0.013189149
54.9141,A,mrac.roll.e,-0.041726958
54.9141,A,mrac.roll.u_ad,0.02327445
54.9141,A,mrac.yaw.e,0.099172004
54.9141,A,mrac.yaw.u_ad,-0.011227254
54.9141,A,mrac.z.e,-0.020012721
54.9141,A,mrac.z.u_ad,-0.022357522
54.9141,A,status.arm,1
54.9141,A,status.flymode,1
54.9141,A,status.rc_authority,0
54.9141,A,status.sbus_lost,0
54.9141,A,status.twc_arrived,0
54.9141,A,status.twc_execute,1
55.1309,A,mrac.pitch.e,-0.0008245185
55.1309,A,mrac.pitch.u_ad,-0.013189149
55.1309,A,mrac.roll.e,-0.041726958
55.1309,A,mrac.roll.u_ad,0.02327445
55.1309,A,mrac.yaw.e,0.099172004
55.1309,A,mrac.yaw.u_ad,-0.011227254
55.1309,A,mrac.z.e,-0.020012721
55.1309,A,mrac.z.u_ad,-0.022357522
55.1309,A,status.arm,1
55.1309,A,status.flymode,1
55.1309,A,status.rc_authority,0
55.1309,A,status.sbus_lost,0
55.1309,A,status.twc_arrived,0
55.1309,A,status.twc_execute,1
55.3337,A,mrac.pitch.e,0.086515754
55.3337,A,mrac.pitch.u_ad,-0.01506432
55.3337,A,mrac.roll.e,0.22434597
55.3337,A,mrac.roll.u_ad,0.011952745
55.3337,A,mrac.yaw.e,0.066378847
55.3337,A,mrac.yaw.u_ad,-0.0079583209
55.3337,A,mrac.z.e,0.14402618
55.3337,A,mrac.z.u_ad,-0.079638608
55.3337,A,status.arm,1
55.3337,A,status.flymode,1
55.3337,A,status.rc_authority,0
55.3337,A,status.sbus_lost,0
55.3337,A,status.twc_arrived,0
55.3337,A,status.twc_execute,1
55.5317,A,mrac.pitch.e,0.18981823
55.5317,A,mrac.pitch.u_ad,-0.029720474
55.5317,A,mrac.roll.e,-0.019615006
55.5317,A,mrac.roll.u_ad,0.02375152
55.5317,A,mrac.yaw.e,0.061960034
55.5317,A,mrac.yaw.u_ad,-0.0088592432
55.5317,A,mrac.z.e,0.1570708
55.5317,A,mrac.z.u_ad,-0.084705263
55.5317,A,status.arm,1
55.5317,A,status.flymode,1
55.5317,A,status.rc_authority,0
55.5317,A,status.sbus_lost,0
55.5317,A,status.twc_arrived,0
55.5317,A,status.twc_execute,1
55.7479,A,mrac.pitch.e,-0.0051667094
55.7479,A,mrac.pitch.u_ad,-0.0052234428
55.7479,A,mrac.roll.e,-0.060105558
55.7479,A,mrac.roll.u_ad,0.023209259
55.7479,A,mrac.yaw.e,0.018780489
55.7479,A,mrac.yaw.u_ad,-0.0072517917
55.7479,A,mrac.z.e,0.15657866
55.7479,A,mrac.z.u_ad,-0.084595263
55.7479,A,status.arm,1
55.7479,A,status.flymode,1
55.7479,A,status.rc_authority,0
55.7479,A,status.sbus_lost,0
55.7479,A,status.twc_arrived,0
55.7479,A,status.twc_execute,1
55.9651,A,mrac.pitch.e,-0.0051667094
55.9651,A,mrac.pitch.u_ad,-0.0052234428
55.9651,A,mrac.roll.e,-0.060105558
55.9651,A,mrac.roll.u_ad,0.023209259
55.9651,A,mrac.yaw.e,0.018780489
55.9651,A,mrac.yaw.u_ad,-0.0072517917
55.9651,A,mrac.z.e,0.15657866
55.9651,A,mrac.z.u_ad,-0.084595263
55.9651,A,status.arm,1
55.9651,A,status.flymode,1
55.9651,A,status.rc_authority,0
55.9651,A,status.sbus_lost,0
55.9651,A,status.twc_arrived,0
55.9651,A,status.twc_execute,1
56.1658,A,mrac.pitch.e,-0.0051667094
56.1658,A,mrac.pitch.u_ad,-0.0052234428
56.1658,A,mrac.roll.e,-0.060105558
56.1658,A,mrac.roll.u_ad,0.023209259
56.1658,A,mrac.yaw.e,0.018780489
56.1658,A,mrac.yaw.u_ad,-0.0072517917
56.1658,A,mrac.z.e,0.15657866
56.1658,A,mrac.z.u_ad,-0.084595263
56.1658,A,status.arm,1
56.1658,A,status.flymode,1
56.1658,A,status.rc_authority,0
56.1658,A,status.sbus_lost,0
56.1658,A,status.twc_arrived,0
56.1658,A,status.twc_execute,1
56.3809,A,mrac.pitch.e,-0.0051667094
56.3809,A,mrac.pitch.u_ad,-0.0052234428
56.3809,A,mrac.roll.e,-0.060105558
56.3809,A,mrac.roll.u_ad,0.023209259
56.3809,A,mrac.yaw.e,0.018780489
56.3809,A,mrac.yaw.u_ad,-0.0072517917
56.3809,A,mrac.z.e,0.15657866
56.3809,A,mrac.z.u_ad,-0.084595263
56.3809,A,status.arm,1
56.3809,A,status.flymode,1
56.3809,A,status.rc_authority,0
56.3809,A,status.sbus_lost,0
56.3809,A,status.twc_arrived,0
56.3809,A,status.twc_execute,1
56.6001,A,mrac.pitch.e,-0.0032345206
56.6001,A,mrac.pitch.u_ad,-0.0059432406
56.6001,A,mrac.roll.e,0.17763183
56.6001,A,mrac.roll.u_ad,0.012287226
56.6001,A,mrac.yaw.e,0.078018956
56.6001,A,mrac.yaw.u_ad,-0.0099221338
56.6001,A,mrac.z.e,0.13890019
56.6001,A,mrac.z.u_ad,-0.074835584
56.6001,A,status.arm,1
56.6001,A,status.flymode,1
56.6001,A,status.rc_authority,0
56.6001,A,status.sbus_lost,0
56.6001,A,status.twc_arrived,0
56.6001,A,status.twc_execute,1
56.7989,A,mrac.pitch.e,0.031083375
56.7989,A,mrac.pitch.u_ad,-0.010149587
56.7989,A,mrac.roll.e,-0.034179512
56.7989,A,mrac.roll.u_ad,0.019698037
56.7989,A,mrac.yaw.e,0.095647104
56.7989,A,mrac.yaw.u_ad,-0.010717601
56.7989,A,mrac.z.e,0.13656299
56.7989,A,mrac.z.u_ad,-0.074140325
56.7989,A,status.arm,1
56.7989,A,status.flymode,1
56.7989,A,status.rc_authority,0
56.7989,A,status.sbus_lost,0
56.7989,A,status.twc_arrived,0
56.7989,A,status.twc_execute,1
57.0151,A,mrac.pitch.e,0.031083375
57.0151,A,mrac.pitch.u_ad,-0.010149587
57.0151,A,mrac.roll.e,-0.034179512
57.0151,A,mrac.roll.u_ad,0.019698037
57.0151,A,mrac.yaw.e,0.095647104
57.0151,A,mrac.yaw.u_ad,-0.010717601
57.0151,A,mrac.z.e,0.13656299
57.0151,A,mrac.z.u_ad,-0.074140325
57.0151,A,status.arm,1
57.0151,A,status.flymode,1
57.0151,A,status.rc_authority,0
57.0151,A,status.sbus_lost,0
57.0151,A,status.twc_arrived,0
57.0151,A,status.twc_execute,1
57.2326,A,mrac.pitch.e,0.031083375
57.2326,A,mrac.pitch.u_ad,-0.010149587
57.2326,A,mrac.roll.e,-0.034179512
57.2326,A,mrac.roll.u_ad,0.019698037
57.2326,A,mrac.yaw.e,0.095647104
57.2326,A,mrac.yaw.u_ad,-0.010717601
57.2326,A,mrac.z.e,0.13656299
57.2326,A,mrac.z.u_ad,-0.074140325
57.2326,A,status.arm,1
57.2326,A,status.flymode,1
57.2326,A,status.rc_authority,0
57.2326,A,status.sbus_lost,0
57.2326,A,status.twc_arrived,0
57.2326,A,status.twc_execute,1
