t_s,frame,key,value
0.1759,A,mrac.pitch.e,0.081536993
0.1759,A,mrac.pitch.u_ad,-0.025353163
0.1759,A,mrac.roll.e,0.18892275
0.1759,A,mrac.roll.u_ad,0.17414597
0.1759,A,mrac.yaw.e,-0.56145024
0.1759,A,mrac.yaw.u_ad,0.081336088
0.1759,A,mrac.z.e,0.12666839
0.1759,A,mrac.z.u_ad,-0.076091371
0.1759,A,status.arm,1
0.1759,A,status.flymode,1
0.1759,A,status.rc_authority,1
0.1759,A,status.sbus_lost,0
0.1759,A,status.twc_arrived,0
0.1759,A,status.twc_execute,1
0.1759,B,mrac.pitch.theta_0,2.0193502e-10
0.1759,B,mrac.pitch.theta_1,0.0039049501
0.1759,B,mrac.pitch.theta_2,0.0022436199
0.1759,B,mrac.pitch.theta_3,0.0061749327
0.1759,B,mrac.pitch.theta_4,0.11746449
0.1759,B,mrac.pitch.theta_5,0.14496101
0.1759,B,mrac.pitch.u_nom,-0.039916456
0.1759,B,mrac.pitch.xm,-0.14713715
0.1759,B,mrac.roll.theta_0,0.14843947
0.1759,B,mrac.roll.theta_1,0.0016754994
0.1759,B,mrac.roll.theta_2,0.0036624453
0.1759,B,mrac.roll.theta_3,0.0056417296
0.1759,B,mrac.roll.theta_4,0.13194548
0.1759,B,mrac.roll.theta_5,0.14245982
0.1759,B,mrac.roll.u_nom,-0.040454485
0.1759,B,mrac.roll.xm,0.13613227
0.1759,B,mrac.yaw.theta_0,0.0067336606
0.1759,B,mrac.yaw.theta_1,0.0027129168
0.1759,B,mrac.yaw.theta_2,0.0035458875
0.1759,B,mrac.yaw.theta_3,0
0.1759,B,mrac.yaw.theta_4,0.037954748
0.1759,B,mrac.yaw.theta_5,0.086651817
0.1759,B,mrac.yaw.u_nom,0.13245471
0.1759,B,mrac.yaw.xm,1.0471979
0.1759,B,mrac.z.theta_0,0.0046722796
0.1759,B,mrac.z.theta_1,0.0033731658
0.1759,B,mrac.z.theta_2,0.0063014715
0.1759,B,mrac.z.theta_3,0
0.1759,B,mrac.z.theta_4,0.19552441
0.1759,B,mrac.z.theta_5,0.18997432
0.1759,B,mrac.z.u_nom,-0.35867974
0.1759,B,mrac.z.xm,-0.088052124
0.1759,B,path.active_path_mode,1
0.1759,B,path.circle_theta,0
0.1759,B,path.sinusoid_t_elapsed,0
0.1759,B,path.twc_arrived,0
0.1759,B,path.twc_target_x,1.4901161e-06
0.1759,B,path.twc_target_y,0
0.1759,B,path.twc_target_z,0.60000002
0.1759,B,pid.gyrox.Des,7.7998009
0.1759,B,pid.gyrox.FB,10.90163
0.1759,B,pid.gyrox.U,-47.331745
0.1759,B,pid.gyroy.Des,-8.4303341
0.1759,B,pid.gyroy.FB,-2.5573189
0.1759,B,pid.gyroy.U,-46.702255
0.1759,B,pid.gyroz.Des,60
0.1759,B,pid.gyroz.FB,12.063845
0.1759,B,pid.gyroz.U,247.9552
0.1759,B,pid.locx.Des,1.4901161e-06
0.1759,B,pid.locx.FB,14.962048
0.1759,B,pid.locx.U,-14.070543
0.1759,B,pid.locxs.Des,-14.070543
0.1759,B,pid.locxs.FB,3.8109503
0.1759,B,pid.locxs.U,-53.694328
0.1759,B,pid.locy.Des,0
0.1759,B,pid.locy.FB,20.958767
0.1759,B,pid.locy.U,-18.471352
0.1759,B,pid.locys.Des,-18.471352
0.1759,B,pid.locys.FB,-6.8173795
0.1759,B,pid.locys.U,-34.567852
0.1759,B,pid.pitch.Des,-3.0055041
0.1759,B,pid.pitch.FB,-0.091617867
0.1759,B,pid.pitch.U,-8.4303341
0.1759,B,pid.roll.Des,2.2044613
0.1759,B,pid.roll.FB,-1.5167948
0.1759,B,pid.roll.U,7.7998009
0.1759,B,pid.yaw.Des,40
0.1759,B,pid.yaw.FB,20.989029
0.1759,B,pid.yaw.U,112.06583
0.1759,B,pid.z_pos.Des,0.60000002
0.1759,B,pid.z_pos.FB,0.58979249
0.1759,B,pid.z_pos.U,-0.088052124
0.1759,B,pid.z_rate.Des,-0.088052124
0.1759,B,pid.z_rate.FB,0.078390114
0.1759,B,pid.z_rate.U,-79.6269
0.1759,B,status.vbat,0
0.3760,A,mrac.pitch.e,0.3146337
0.3760,A,mrac.pitch.u_ad,-0.041762639
0.3760,A,mrac.roll.e,0.025797866
0.3760,A,mrac.roll.u_ad,0.15901937
0.3760,A,mrac.yaw.e,-0.2091583
0.3760,A,mrac.yaw.u_ad,0.11438416
0.3760,A,mrac.z.e,0.20943749
0.3760,A,mrac.z.u_ad,-0.11107475
0.3760,A,status.arm,1
0.3760,A,status.flymode,1
0.3760,A,status.rc_authority,1
0.3760,A,status.sbus_lost,0
0.3760,A,status.twc_arrived,0
0.3760,A,status.twc_execute,1
0.3760,B,mrac.pitch.theta_0,1.3013118e-10
0.3760,B,mrac.pitch.theta_1,0.0038298867
0.3760,B,mrac.pitch.theta_2,0.0022384643
0.3760,B,mrac.pitch.theta_3,0.0061489362
0.3760,B,mrac.pitch.theta_4,0.1175229
0.3760,B,mrac.pitch.theta_5,0.14495939
0.3760,B,mrac.pitch.u_nom,-0.081007726
0.3760,B,mrac.pitch.xm,-0.19644161
0.3760,B,mrac.roll.theta_0,0.14606386
0.3760,B,mrac.roll.theta_1,0.0016692696
0.3760,B,mrac.roll.theta_2,0.0036578265
0.3760,B,mrac.roll.theta_3,0.0056427363
0.3760,B,mrac.roll.theta_4,0.13196102
0.3760,B,mrac.roll.theta_5,0.14242886
0.3760,B,mrac.roll.u_nom,-0.039362166
0.3760,B,mrac.roll.xm,0.12598218
0.3760,B,mrac.yaw.theta_0,0.017369017
0.3760,B,mrac.yaw.theta_1,0.0032393117
0.3760,B,mrac.yaw.theta_2,0.0036716925
0.3760,B,mrac.yaw.theta_3,0
0.3760,B,mrac.yaw.theta_4,0.03807088
0.3760,B,mrac.yaw.theta_5,0.086827926
0.3760,B,mrac.yaw.u_nom,0.091659985
0.3760,B,mrac.yaw.xm,1.0471979
0.3760,B,mrac.z.theta_0,0.0043686801
0.3760,B,mrac.z.theta_1,0.0033100266
0.3760,B,mrac.z.theta_2,0.0062939064
0.3760,B,mrac.z.theta_3,0
0.3760,B,mrac.z.theta_4,0.19555339
0.3760,B,mrac.z.theta_5,0.18997189
0.3760,B,mrac.z.u_nom,-0.4471063
0.3760,B,mrac.z.xm,-0.094906688
0.3760,B,path.active_path_mode,1
0.3760,B,path.circle_theta,0
0.3760,B,path.sinusoid_t_elapsed,0
0.3760,B,path.twc_arrived,0
0.3760,B,path.twc_target_x,1.4901161e-06
0.3760,B,path.twc_target_y,0
0.3760,B,path.twc_target_z,0.60000002
0.3760,B,pid.gyrox.Des,7.2182441
0.3760,B,pid.gyrox.FB,9.6889839
0.3760,B,pid.gyrox.U,-46.053734
0.3760,B,pid.gyroy.Des,-11.25527
0.3760,B,pid.gyroy.FB,10.09223
0.3760,B,pid.gyroy.U,-94.779037
0.3760,B,pid.gyroz.Des,60
0.3760,B,pid.gyroz.FB,38.314457
0.3760,B,pid.gyroz.U,171.58749
0.3760,B,pid.locx.Des,1.4901161e-06
0.3760,B,pid.locx.FB,15.201925
0.3760,B,pid.locx.U,-14.270492
0.3760,B,pid.locxs.Des,-14.270492
0.3760,B,pid.locxs.FB,2.9932771
0.3760,B,pid.locxs.U,-51.789928
0.3760,B,pid.locy.Des,0
0.3760,B,pid.locy.FB,20.418844
0.3760,B,pid.locy.U,-18.131941
0.3760,B,pid.locys.Des,-18.131941
0.3760,B,pid.locys.FB,-5.6604142
0.3760,B,pid.locys.U,-37.150307
0.3760,B,pid.pitch.Des,-3.1925399
0.3760,B,pid.pitch.FB,0.33484998
0.3760,B,pid.pitch.U,-11.25527
0.3760,B,pid.roll.Des,1.9103305
0.3760,B,pid.roll.FB,-0.64933366
0.3760,B,pid.roll.U,7.2182441
0.3760,B,pid.yaw.Des,40
0.3760,B,pid.yaw.FB,23.469925
0.3760,B,pid.yaw.U,97.18045
0.3760,B,pid.z_pos.Des,0.60000002
0.3760,B,pid.z_pos.FB,0.59995121
0.3760,B,pid.z_pos.U,-0.094906688
0.3760,B,pid.z_rate.Des,-0.094906688
0.3760,B,pid.z_rate.FB,0.12061229
0.3760,B,pid.z_rate.U,-99.257599
0.3760,B,status.vbat,0
0.5766,A,mrac.pitch.e,0.2775875
0.5766,A,mrac.pitch.u_ad,-0.042986795
0.5766,A,mrac.roll.e,-0.39716509
0.5766,A,mrac.roll.u_ad,0.17367657
0.5766,A,mrac.yaw.e,0.28975183
0.5766,A,mrac.yaw.u_ad,0.056581613
0.5766,A,mrac.z.e,0.14725126
0.5766,A,mrac.z.u_ad,-0.095625617
0.5766,A,status.arm,1
0.5766,A,status.flymode,1
0.5766,A,status.rc_authority,1
0.5766,A,status.sbus_lost,0
0.5766,A,status.twc_arrived,0
0.5766,A,status.twc_execute,1
0.5766,B,mrac.pitch.theta_0,1.3013118e-10
0.5766,B,mrac.pitch.theta_1,0.0038298867
0.5766,B,mrac.pitch.theta_2,0.0022384643
0.5766,B,mrac.pitch.theta_3,0.0061489362
0.5766,B,mrac.pitch.theta_4,0.1175229
0.5766,B,mrac.pitch.theta_5,0.14495939
0.5766,B,mrac.pitch.u_nom,-0.081007726
0.5766,B,mrac.pitch.xm,-0.19644161
0.5766,B,mrac.roll.theta_0,0.14606386
0.5766,B,mrac.roll.theta_1,0.0016692696
0.5766,B,mrac.roll.theta_2,0.0036578265
0.5766,B,mrac.roll.theta_3,0.0056427363
0.5766,B,mrac.roll.theta_4,0.13196102
0.5766,B,mrac.roll.theta_5,0.14242886
0.5766,B,mrac.roll.u_nom,-0.039362166
0.5766,B,mrac.roll.xm,0.12598218
0.5766,B,mrac.yaw.theta_0,0.017369017
0.5766,B,mrac.yaw.theta_1,0.0032393117
0.5766,B,mrac.yaw.theta_2,0.0036716925
0.5766,B,mrac.yaw.theta_3,0
0.5766,B,mrac.yaw.theta_4,0.03807088
0.5766,B,mrac.yaw.theta_5,0.086827926
0.5766,B,mrac.yaw.u_nom,0.091659985
0.5766,B,mrac.yaw.xm,1.0471979
0.5766,B,mrac.z.theta_0,0.0043686801
0.5766,B,mrac.z.theta_1,0.0033100266
0.5766,B,mrac.z.theta_2,0.0062939064
0.5766,B,mrac.z.theta_3,0
0.5766,B,mrac.z.theta_4,0.19555339
0.5766,B,mrac.z.theta_5,0.18997189
0.5766,B,mrac.z.u_nom,-0.4471063
0.5766,B,mrac.z.xm,-0.094906688
0.5766,B,path.active_path_mode,1
0.5766,B,path.circle_theta,0
0.5766,B,path.sinusoid_t_elapsed,0
0.5766,B,path.twc_arrived,0
0.5766,B,path.twc_target_x,1.4901161e-06
0.5766,B,path.twc_target_y,0
0.5766,B,path.twc_target_z,0.60000002
0.5766,B,pid.gyrox.Des,7.2182441
0.5766,B,pid.gyrox.FB,9.6889839
0.5766,B,pid.gyrox.U,-46.053734
0.5766,B,pid.gyroy.Des,-11.25527
0.5766,B,pid.gyroy.FB,10.09223
0.5766,B,pid.gyroy.U,-94.779037
0.5766,B,pid.gyroz.Des,60
0.5766,B,pid.gyroz.FB,38.314457
0.5766,B,pid.gyroz.U,171.58749
0.5766,B,pid.locx.Des,1.4901161e-06
0.5766,B,pid.locx.FB,15.201925
0.5766,B,pid.locx.U,-14.270492
0.5766,B,pid.locxs.Des,-14.270492
0.5766,B,pid.locxs.FB,2.9932771
0.5766,B,pid.locxs.U,-51.789928
0.5766,B,pid.locy.Des,0
0.5766,B,pid.locy.FB,20.418844
0.5766,B,pid.locy.U,-18.131941
0.5766,B,pid.locys.Des,-18.131941
0.5766,B,pid.locys.FB,-5.6604142
0.5766,B,pid.locys.U,-37.150307
0.5766,B,pid.pitch.Des,-3.1925399
0.5766,B,pid.pitch.FB,0.33484998
0.5766,B,pid.pitch.U,-11.25527
0.5766,B,pid.roll.Des,1.9103305
0.5766,B,pid.roll.FB,-0.64933366
0.5766,B,pid.roll.U,7.2182441
0.5766,B,pid.yaw.Des,40
0.5766,B,pid.yaw.FB,23.469925
0.5766,B,pid.yaw.U,97.18045
0.5766,B,pid.z_pos.Des,0.60000002
0.5766,B,pid.z_pos.FB,0.59995121
0.5766,B,pid.z_pos.U,-0.094906688
0.5766,B,pid.z_rate.Des,-0.094906688
0.5766,B,pid.z_rate.FB,0.12061229
0.5766,B,pid.z_rate.U,-99.257599
0.5766,B,status.vbat,0
0.7767,A,mrac.pitch.e,0.25270474
0.7767,A,mrac.pitch.u_ad,-0.038938485
0.7767,A,mrac.roll.e,-0.15006
0.7767,A,mrac.roll.u_ad,0.17560236
0.7767,A,mrac.yaw.e,0.2271433
0.7767,A,mrac.yaw.u_ad,-0.00055634987
0.7767,A,mrac.z.e,0.059058666
0.7767,A,mrac.z.u_ad,-0.045889933
0.7767,A,status.arm,1
0.7767,A,status.flymode,1
0.7767,A,status.rc_authority,1
0.7767,A,status.sbus_lost,0
0.7767,A,status.twc_arrived,0
0.7767,A,status.twc_execute,1
0.7767,B,mrac.pitch.theta_0,7.101924e-05
0.7767,B,mrac.pitch.theta_1,0.0038857199
0.7767,B,mrac.pitch.theta_2,0.0022234884
0.7767,B,mrac.pitch.theta_3,0.0062076128
0.7767,B,mrac.pitch.theta_4,0.11775984
0.7767,B,mrac.pitch.theta_5,0.14499617
0.7767,B,mrac.pitch.u_nom,-0.056785289
0.7767,B,mrac.pitch.xm,-0.22195004
0.7767,B,mrac.roll.theta_0,0.14819287
0.7767,B,mrac.roll.theta_1,0.0015517978
0.7767,B,mrac.roll.theta_2,0.0036921452
0.7767,B,mrac.roll.theta_3,0.0056020105
0.7767,B,mrac.roll.theta_4,0.13213803
0.7767,B,mrac.roll.theta_5,0.14239863
0.7767,B,mrac.roll.u_nom,0.058857068
0.7767,B,mrac.roll.xm,0.18117578
0.7767,B,mrac.yaw.theta_0,0.0051185712
0.7767,B,mrac.yaw.theta_1,0.0031774549
0.7767,B,mrac.yaw.theta_2,0.003599192
0.7767,B,mrac.yaw.theta_3,0
0.7767,B,mrac.yaw.theta_4,0.038265511
0.7767,B,mrac.yaw.theta_5,0.0863223
0.7767,B,mrac.yaw.u_nom,-0.059648741
0.7767,B,mrac.yaw.xm,-0.077553846
0.7767,B,mrac.z.theta_0,0.0037128606
0.7767,B,mrac.z.theta_1,0.0030395284
0.7767,B,mrac.z.theta_2,0.0062616016
0.7767,B,mrac.z.theta_3,0
0.7767,B,mrac.z.theta_4,0.19569777
0.7767,B,mrac.z.theta_5,0.18998305
0.7767,B,mrac.z.u_nom,-0.074654266
0.7767,B,mrac.z.xm,-0.11408963
0.7767,B,path.active_path_mode,1
0.7767,B,path.circle_theta,0
0.7767,B,path.sinusoid_t_elapsed,0
0.7767,B,path.twc_arrived,0
0.7767,B,path.twc_target_x,1.4901161e-06
0.7767,B,path.twc_target_y,0
0.7767,B,path.twc_target_z,0.60000002
0.7767,B,pid.gyrox.Des,10.380604
0.7767,B,pid.gyrox.FB,-0.41631404
0.7767,B,pid.gyrox.U,68.86277
0.7767,B,pid.gyroy.Des,-12.716795
0.7767,B,pid.gyroy.FB,-4.9144344
0.7767,B,pid.gyroy.U,-66.438789
0.7767,B,pid.gyroz.Des,-4.4435062
0.7767,B,pid.gyroz.FB,9.2591839
0.7767,B,pid.gyroz.U,-111.66245
0.7767,B,pid.locx.Des,1.4901161e-06
0.7767,B,pid.locx.FB,17.406168
0.7767,B,pid.locx.U,-16.233479
0.7767,B,pid.locxs.Des,-16.233479
0.7767,B,pid.locxs.FB,6.3997812
0.7767,B,pid.locxs.U,-73.062103
0.7767,B,pid.locy.Des,0
0.7767,B,pid.locy.FB,20.102634
0.7767,B,pid.locy.U,-18.055611
0.7767,B,pid.locys.Des,-18.055611
0.7767,B,pid.locys.FB,-0.20687652
0.7767,B,pid.locys.U,-49.426441
0.7767,B,pid.pitch.Des,-4.9526043
0.7767,B,pid.pitch.FB,-0.67749429
0.7767,B,pid.pitch.U,-12.716795
0.7767,B,pid.roll.Des,1.3691486
0.7767,B,pid.roll.FB,-2.1380179
0.7767,B,pid.roll.U,10.380604
0.7767,B,pid.yaw.Des,40
0.7767,B,pid.yaw.FB,40.511314
0.7767,B,pid.yaw.U,-4.4435062
0.7767,B,pid.z_pos.Des,0.60000002
0.7767,B,pid.z_pos.FB,0.61952507
0.7767,B,pid.z_pos.U,-0.11408963
0.7767,B,pid.z_rate.Des,-0.11408963
0.7767,B,pid.z_rate.FB,-0.10502993
0.7767,B,pid.z_rate.U,-16.573248
0.7767,B,status.vbat,0
0.9771,A,mrac.pitch.e,0.055131122
0.9771,A,mrac.pitch.u_ad,-0.033368982
0.9771,A,mrac.roll.e,-0.13802342
0.9771,A,mrac.roll.u_ad,0.17736326
0.9771,A,mrac.yaw.e,0.10150855
0.9771,A,mrac.yaw.u_ad,-0.010163831
0.9771,A,mrac.z.e,0.011469565
0.9771,A,mrac.z.u_ad,-0.017636634
0.9771,A,status.arm,1
0.9771,A,status.flymode,1
0.9771,A,status.rc_authority,1
0.9771,A,status.sbus_lost,0
0.9771,A,status.twc_arrived,0
0.9771,A,status.twc_execute,1
0.9772,B,mrac.pitch.theta_0,3.4057419e-05
0.9772,B,mrac.pitch.theta_1,0.003959877
0.9772,B,mrac.pitch.theta_2,0.0022217296
0.9772,B,mrac.pitch.theta_3,0.0062067425
0.9772,B,mrac.pitch.theta_4,0.11781637
0.9772,B,mrac.pitch.theta_5,0.14500365
0.9772,B,mrac.pitch.u_nom,-0.078777157
0.9772,B,mrac.pitch.xm,-0.26422068
0.9772,B,mrac.roll.theta_0,0.14853469
0.9772,B,mrac.roll.theta_1,0.0015793226
0.9772,B,mrac.roll.theta_2,0.0036937466
0.9772,B,mrac.roll.theta_3,0.0056004347
0.9772,B,mrac.roll.theta_4,0.13217007
0.9772,B,mrac.roll.theta_5,0.14240886
0.9772,B,mrac.roll.u_nom,0.006671661
0.9772,B,mrac.roll.xm,0.12288563
0.9772,B,mrac.yaw.theta_0,0.0023107298
0.9772,B,mrac.yaw.theta_1,0.0031313743
0.9772,B,mrac.yaw.theta_2,0.0035936155
0.9772,B,mrac.yaw.theta_3,0
0.9772,B,mrac.yaw.theta_4,0.038319677
0.9772,B,mrac.yaw.theta_5,0.086331084
0.9772,B,mrac.yaw.u_nom,-0.03179419
0.9772,B,mrac.yaw.xm,-0.14349212
0.9772,B,mrac.z.theta_0,0.0046862531
0.9772,B,mrac.z.theta_1,0.0030796283
0.9772,B,mrac.z.theta_2,0.0062627331
0.9772,B,mrac.z.theta_3,0
0.9772,B,mrac.z.theta_4,0.19567432
0.9772,B,mrac.z.theta_5,0.1899514
0.9772,B,mrac.z.u_nom,-0.10915634
0.9772,B,mrac.z.xm,-0.10852499
0.9772,B,path.active_path_mode,1
0.9772,B,path.circle_theta,0
0.9772,B,path.sinusoid_t_elapsed,0
0.9772,B,path.twc_arrived,0
0.9772,B,path.twc_target_x,1.4901161e-06
0.9772,B,path.twc_target_y,0
0.9772,B,path.twc_target_z,0.60000002
0.9772,B,pid.gyrox.Des,7.0408249
0.9772,B,pid.gyrox.FB,1.4909492
0.9772,B,pid.gyrox.U,7.8058434
0.9772,B,pid.gyroy.Des,-15.138723
0.9772,B,pid.gyroy.FB,-1.6623069
0.9772,B,pid.gyroy.U,-92.169273
0.9772,B,pid.gyroz.Des,-8.221489
0.9772,B,pid.gyroz.FB,-1.0289867
0.9772,B,pid.gyroz.U,-59.518723
0.9772,B,pid.locx.Des,1.4901161e-06
0.9772,B,pid.locx.FB,18.901125
0.9772,B,pid.locx.U,-17.463413
0.9772,B,pid.locxs.Des,-17.463413
0.9772,B,pid.locxs.FB,7.1519012
0.9772,B,pid.locxs.U,-74.25782
0.9772,B,pid.locy.Des,0
0.9772,B,pid.locy.FB,20.064379
0.9772,B,pid.locy.U,-18.018538
0.9772,B,pid.locys.Des,-18.018538
0.9772,B,pid.locys.FB,-0.92212009
0.9772,B,pid.locys.U,-51.256027
0.9772,B,pid.pitch.Des,-5.0908203
0.9772,B,pid.pitch.FB,-0.93157762
0.9772,B,pid.pitch.U,-15.138723
0.9772,B,pid.roll.Des,1.3059855
0.9772,B,pid.roll.FB,-1.9720198
0.9772,B,pid.roll.U,7.0408249
0.9772,B,pid.yaw.Des,40
0.9772,B,pid.yaw.FB,41.036915
0.9772,B,pid.yaw.U,-8.221489
0.9772,B,pid.z_pos.Des,0.60000002
0.9772,B,pid.z_pos.FB,0.60955817
0.9772,B,pid.z_pos.U,-0.10852499
0.9772,B,pid.z_rate.Des,-0.10852499
0.9772,B,pid.z_rate.FB,-0.080278896
0.9772,B,pid.z_rate.U,-24.232708
0.9772,B,status.vbat,0
1.1771,A,mrac.pitch.e,0.11830978
1.1771,A,mrac.pitch.u_ad,-0.030920869
1.1771,A,mrac.roll.e,-0.23959112
1.1771,A,mrac.roll.u_ad,0.17939709
1.1771,A,mrac.yaw.e,0.039398897
1.1771,A,mrac.yaw.u_ad,-0.0058997422
1.1771,A,mrac.z.e,0.076993629
1.1771,A,mrac.z.u_ad,-0.03854825
1.1771,A,status.arm,1
1.1771,A,status.flymode,1
1.1771,A,status.rc_authority,1
1.1771,A,status.sbus_lost,0
1.1771,A,status.twc_arrived,0
1.1771,A,status.twc_execute,1
1.1772,B,mrac.pitch.theta_0,1.2942416e-05
1.1772,B,mrac.pitch.theta_1,0.0040595909
1.1772,B,mrac.pitch.theta_2,0.0022199368
1.1772,B,mrac.pitch.theta_3,0.0062073348
1.1772,B,mrac.pitch.theta_4,0.11786494
1.1772,B,mrac.pitch.theta_5,0.14500295
1.1772,B,mrac.pitch.u_nom,0.014389983
1.1772,B,mrac.pitch.xm,-0.19741778
1.1772,B,mrac.roll.theta_0,0.14872482
1.1772,B,mrac.roll.theta_1,0.0016578828
1.1772,B,mrac.roll.theta_2,0.003694688
1.1772,B,mrac.roll.theta_3,0.0056004436
1.1772,B,mrac.roll.theta_4,0.13220513
1.1772,B,mrac.roll.theta_5,0.14242114
1.1772,B,mrac.roll.u_nom,0.12620403
1.1772,B,mrac.roll.xm,0.17255014
1.1772,B,mrac.yaw.theta_0,0.0016640357
1.1772,B,mrac.yaw.theta_1,0.0031413587
1.1772,B,mrac.yaw.theta_2,0.0035930926
1.1772,B,mrac.yaw.theta_3,0
1.1772,B,mrac.yaw.theta_4,0.038330846
1.1772,B,mrac.yaw.theta_5,0.086326912
1.1772,B,mrac.yaw.u_nom,-0.0081572114
1.1772,B,mrac.yaw.xm,-0.080717117
1.1772,B,mrac.z.theta_0,0.0088410378
1.1772,B,mrac.z.theta_1,0.0030821925
1.1772,B,mrac.z.theta_2,0.0062708836
1.1772,B,mrac.z.theta_3,0
1.1772,B,mrac.z.theta_4,0.19563982
1.1772,B,mrac.z.theta_5,0.18987092
1.1772,B,mrac.z.u_nom,-0.16558988
1.1772,B,mrac.z.xm,-0.094152994
1.1772,B,path.active_path_mode,1
1.1772,B,path.circle_theta,0
1.1772,B,path.sinusoid_t_elapsed,0
1.1772,B,path.twc_arrived,0
1.1772,B,path.twc_target_x,1.4901161e-06
1.1772,B,path.twc_target_y,0
1.1772,B,path.twc_target_z,0.60000002
1.1772,B,pid.gyrox.Des,9.8863907
1.1772,B,pid.gyrox.FB,-3.7186401
1.1772,B,pid.gyrox.U,147.65872
1.1772,B,pid.gyroy.Des,-11.311201
1.1772,B,pid.gyroy.FB,-4.5331416
1.1772,B,pid.gyroy.U,16.836281
1.1772,B,pid.gyroz.Des,-4.6247482
1.1772,B,pid.gyroz.FB,-2.9751813
1.1772,B,pid.gyroz.U,-15.2703
1.1772,B,pid.locx.Des,1.4901161e-06
1.1772,B,pid.locx.FB,21.091703
1.1772,B,pid.locx.U,-19.194727
1.1772,B,pid.locxs.Des,-19.194727
1.1772,B,pid.locxs.FB,7.2736549
1.1772,B,pid.locxs.U,-79.803864
1.1772,B,pid.locy.Des,0
1.1772,B,pid.locy.FB,19.549652
1.1772,B,pid.locy.U,-17.523418
1.1772,B,pid.locys.Des,-17.523418
1.1772,B,pid.locys.FB,-2.2569761
1.1772,B,pid.locys.U,-45.701572
1.1772,B,pid.pitch.Des,-5.0418897
1.1772,B,pid.pitch.FB,-1.2871438
1.1772,B,pid.pitch.U,-11.311201
1.1772,B,pid.roll.Des,1.8157945
1.1772,B,pid.roll.FB,-1.4257865
1.1772,B,pid.roll.U,9.8863907
1.1772,B,pid.yaw.Des,40
1.1772,B,pid.yaw.FB,40.437458
1.1772,B,pid.yaw.U,-4.6247482
1.1772,B,pid.z_pos.Des,0.60000002
1.1772,B,pid.z_pos.FB,0.58966851
1.1772,B,pid.z_pos.U,-0.094152994
1.1772,B,pid.z_rate.Des,-0.094152994
1.1772,B,pid.z_rate.FB,-0.034875602
1.1772,B,pid.z_rate.U,-36.760956
1.1772,B,status.vbat,0
1.3935,A,mrac.pitch.e,0.22707495
1.3935,A,mrac.pitch.u_ad,-0.029242372
1.3935,A,mrac.roll.e,-0.26081267
1.3935,A,mrac.roll.u_ad,0.17693557
1.3935,A,mrac.yaw.e,0.051728759
1.3935,A,mrac.yaw.u_ad,-0.0028364924
1.3935,A,mrac.z.e,0.078750499
1.3935,A,mrac.z.u_ad,-0.039935164
1.3935,A,status.arm,1
1.3935,A,status.flymode,1
1.3935,A,status.rc_authority,1
1.3935,A,status.sbus_lost,0
1.3935,A,status.twc_arrived,0
1.3935,A,status.twc_execute,1
1.3936,B,mrac.pitch.theta_0,6.6961593e-06
1.3936,B,mrac.pitch.theta_1,0.004057562
1.3936,B,mrac.pitch.theta_2,0.0022186968
1.3936,B,mrac.pitch.theta_3,0.0062079034
1.3936,B,mrac.pitch.theta_4,0.1179117
1.3936,B,mrac.pitch.theta_5,0.1449988
1.3936,B,mrac.pitch.u_nom,0.013493197
1.3936,B,mrac.pitch.xm,-0.17080598
1.3936,B,mrac.roll.theta_0,0.14877547
1.3936,B,mrac.roll.theta_1,0.0016873621
1.3936,B,mrac.roll.theta_2,0.0036965343
1.3936,B,mrac.roll.theta_3,0.005600166
1.3936,B,mrac.roll.theta_4,0.13225752
1.3936,B,mrac.roll.theta_5,0.14242598
1.3936,B,mrac.roll.u_nom,0.1568023
1.3936,B,mrac.roll.xm,0.15102826
1.3936,B,mrac.yaw.theta_0,0.0018118918
1.3936,B,mrac.yaw.theta_1,0.003138538
1.3936,B,mrac.yaw.theta_2,0.0035931424
1.3936,B,mrac.yaw.theta_3,0
1.3936,B,mrac.yaw.theta_4,0.038331013
1.3936,B,mrac.yaw.theta_5,0.086321361
1.3936,B,mrac.yaw.u_nom,-0.023435768
1.3936,B,mrac.yaw.xm,-0.048397645
1.3936,B,mrac.z.theta_0,0.010330064
1.3936,B,mrac.z.theta_1,0.003095309
1.3936,B,mrac.z.theta_2,0.0062731244
1.3936,B,mrac.z.theta_3,0
1.3936,B,mrac.z.theta_4,0.19561449
1.3936,B,mrac.z.theta_5,0.18983093
1.3936,B,mrac.z.u_nom,-0.16380008
1.3936,B,mrac.z.xm,-0.08587233
1.3936,B,path.active_path_mode,1
1.3936,B,path.circle_theta,0
1.3936,B,path.sinusoid_t_elapsed,0
1.3936,B,path.twc_arrived,0
1.3936,B,path.twc_target_x,1.4901161e-06
1.3936,B,path.twc_target_y,0
1.3936,B,path.twc_target_z,0.60000002
1.3936,B,pid.gyrox.Des,8.6532784
1.3936,B,pid.gyrox.FB,-7.2538271
1.3936,B,pid.gyrox.U,183.45868
1.3936,B,pid.gyroy.Des,-9.7864571
1.3936,B,pid.gyroy.FB,-3.0847852
1.3936,B,pid.gyroy.U,15.787041
1.3936,B,pid.gyroz.Des,-2.7729797
1.3936,B,pid.gyroz.FB,2.4563062
1.3936,B,pid.gyroz.U,-43.871758
1.3936,B,pid.locx.Des,1.4901161e-06
1.3936,B,pid.locx.FB,22.231134
1.3936,B,pid.locx.U,-20.005136
1.3936,B,pid.locxs.Des,-20.005136
1.3936,B,pid.locxs.FB,4.5875854
1.3936,B,pid.locxs.U,-74.078598
1.3936,B,pid.locy.Des,0
1.3936,B,pid.locy.FB,18.821554
1.3936,B,pid.locy.U,-16.87166
1.3936,B,pid.locys.Des,-16.87166
1.3936,B,pid.locys.FB,-3.867048
1.3936,B,pid.locys.U,-38.77449
1.3936,B,pid.pitch.Des,-4.5114341
1.3936,B,pid.pitch.FB,-1.3059509
1.3936,B,pid.pitch.U,-9.7864571
1.3936,B,pid.roll.Des,1.8480356
1.3936,B,pid.roll.FB,-1.0999879
1.3936,B,pid.roll.U,8.6532784
1.3936,B,pid.yaw.Des,40
1.3936,B,pid.yaw.FB,40.12883
1.3936,B,pid.yaw.U,-2.7729797
1.3936,B,pid.z_pos.Des,0.60000002
1.3936,B,pid.z_pos.FB,0.57974249
1.3936,B,pid.z_pos.U,-0.08587233
1.3936,B,pid.z_rate.Des,-0.08587233
1.3936,B,pid.z_rate.FB,-0.027588289
1.3936,B,pid.z_rate.U,-36.363617
1.3936,B,status.vbat,0
1.5945,A,mrac.pitch.e,0.15977639
1.5945,A,mrac.pitch.u_ad,-0.029104752
1.5945,A,mrac.roll.e,-0.10690822
1.5945,A,mrac.roll.u_ad,0.17350148
1.5945,A,mrac.yaw.e,0.081692934
1.5945,A,mrac.yaw.u_ad,-0.0042361394
1.5945,A,mrac.z.e,0.11942963
1.5945,A,mrac.z.u_ad,-0.066751227
1.5945,A,status.arm,1
1.5945,A,status.flymode,1
1.5945,A,status.rc_authority,1
1.5945,A,status.sbus_lost,0
1.5945,A,status.twc_arrived,0
1.5945,A,status.twc_execute,1
1.5946,B,mrac.pitch.theta_0,2.0929729e-06
1.5946,B,mrac.pitch.theta_1,0.0039667212
1.5946,B,mrac.pitch.theta_2,0.0022134422
1.5946,B,mrac.pitch.theta_3,0.0062068016
1.5946,B,mrac.pitch.theta_4,0.11801989
1.5946,B,mrac.pitch.theta_5,0.14499274
1.5946,B,mrac.pitch.u_nom,-0.13207349
1.5946,B,mrac.pitch.xm,-0.1776526
1.5946,B,mrac.roll.theta_0,0.14860865
1.5946,B,mrac.roll.theta_1,0.0016922365
1.5946,B,mrac.roll.theta_2,0.0037003786
1.5946,B,mrac.roll.theta_3,0.0056000012
1.5946,B,mrac.roll.theta_4,0.13234843
1.5946,B,mrac.roll.theta_5,0.14243007
1.5946,B,mrac.roll.u_nom,0.041938193
1.5946,B,mrac.roll.xm,0.14691432
1.5946,B,mrac.yaw.theta_0,0.0013119706
1.5946,B,mrac.yaw.theta_1,0.0031260308
1.5946,B,mrac.yaw.theta_2,0.0035921575
1.5946,B,mrac.yaw.theta_3,0
1.5946,B,mrac.yaw.theta_4,0.038336921
1.5946,B,mrac.yaw.theta_5,0.086310379
1.5946,B,mrac.yaw.u_nom,-0.00049906166
1.5946,B,mrac.yaw.xm,-0.058992106
1.5946,B,mrac.z.theta_0,0.009116183
1.5946,B,mrac.z.theta_1,0.0030332473
1.5946,B,mrac.z.theta_2,0.0062635508
1.5946,B,mrac.z.theta_3,0
1.5946,B,mrac.z.theta_4,0.1956332
1.5946,B,mrac.z.theta_5,0.18981022
1.5946,B,mrac.z.u_nom,-0.33076271
1.5946,B,mrac.z.xm,-0.090926193
1.5946,B,path.active_path_mode,1
1.5946,B,path.circle_theta,0
1.5946,B,path.sinusoid_t_elapsed,0
1.5946,B,path.twc_arrived,0
1.5946,B,path.twc_target_x,1.4901161e-06
1.5946,B,path.twc_target_y,0
1.5946,B,path.twc_target_z,0.60000002
1.5946,B,pid.gyrox.Des,8.4175673
1.5946,B,pid.gyrox.FB,-1.000597
1.5946,B,pid.gyrox.U,49.067688
1.5946,B,pid.gyroy.Des,-10.17874
1.5946,B,pid.gyroy.FB,0.59846139
1.5946,B,pid.gyroy.U,-154.52599
1.5946,B,pid.gyroz.Des,-3.3799973
1.5946,B,pid.gyroz.FB,-3.5083709
1.5946,B,pid.gyroz.U,-0.93424344
1.5946,B,pid.locx.Des,1.4901161e-06
1.5946,B,pid.locx.FB,23.681385
1.5946,B,pid.locx.U,-21.127111
1.5946,B,pid.locxs.Des,-21.127111
1.5946,B,pid.locxs.FB,3.8172915
1.5946,B,pid.locxs.U,-74.998138
1.5946,B,pid.locy.Des,0
1.5946,B,pid.locy.FB,17.454428
1.5946,B,pid.locy.U,-15.788521
1.5946,B,pid.locys.Des,-15.788521
1.5946,B,pid.locys.FB,-3.2292855
1.5946,B,pid.locys.U,-37.352516
1.5946,B,pid.pitch.Des,-4.4864268
1.5946,B,pid.pitch.FB,-0.99100065
1.5946,B,pid.pitch.U,-10.17874
1.5946,B,pid.roll.Des,1.9348191
1.5946,B,pid.roll.FB,-0.87531179
1.5946,B,pid.roll.U,8.4175673
1.5946,B,pid.yaw.Des,40
1.5946,B,pid.yaw.FB,40.23
1.5946,B,pid.yaw.U,-3.3799973
1.5946,B,pid.z_pos.Des,0.60000002
1.5946,B,pid.z_pos.FB,0.58984292
1.5946,B,pid.z_pos.U,-0.090926193
1.5946,B,pid.z_rate.Des,-0.090926193
1.5946,B,pid.z_rate.FB,0.060027044
1.5946,B,pid.z_rate.U,-73.429321
1.5946,B,status.vbat,0
1.8112,A,mrac.pitch.e,0.11428966
1.8112,A,mrac.pitch.u_ad,-0.03082595
1.8112,A,mrac.roll.e,-0.058797948
1.8112,A,mrac.roll.u_ad,0.16927011
1.8112,A,mrac.yaw.e,0.012976665
1.8112,A,mrac.yaw.u_ad,-0.003027773
1.8112,A,mrac.z.e,0.10290509
1.8112,A,mrac.z.u_ad,-0.063254312
1.8112,A,status.arm,1
1.8112,A,status.flymode,1
1.8112,A,status.rc_authority,1
1.8112,A,status.sbus_lost,0
1.8112,A,status.twc_arrived,0
1.8112,A,status.twc_execute,1
1.8112,B,mrac.pitch.theta_0,9.8640953e-07
1.8112,B,mrac.pitch.theta_1,0.0039437679
1.8112,B,mrac.pitch.theta_2,0.0022118804
1.8112,B,mrac.pitch.theta_3,0.0062061623
1.8112,B,mrac.pitch.theta_4,0.11807057
1.8112,B,mrac.pitch.theta_5,0.14498794
1.8112,B,mrac.pitch.u_nom,-0.042160019
1.8112,B,mrac.pitch.xm,-0.18097188
1.8112,B,mrac.roll.theta_0,0.14873149
1.8112,B,mrac.roll.theta_1,0.0016991349
1.8112,B,mrac.roll.theta_2,0.0037013595
1.8112,B,mrac.roll.theta_3,0.0055992887
1.8112,B,mrac.roll.theta_4,0.13237746
1.8112,B,mrac.roll.theta_5,0.14243123
1.8112,B,mrac.roll.u_nom,-0.06772346
1.8112,B,mrac.roll.xm,0.12789163
1.8112,B,mrac.yaw.theta_0,0.0010954335
1.8112,B,mrac.yaw.theta_1,0.0031209097
1.8112,B,mrac.yaw.theta_2,0.0035916881
1.8112,B,mrac.yaw.theta_3,0
1.8112,B,mrac.yaw.theta_4,0.038339436
1.8112,B,mrac.yaw.theta_5,0.086303897
1.8112,B,mrac.yaw.u_nom,-0.017659595
1.8112,B,mrac.yaw.xm,-0.049383949
1.8112,B,mrac.z.theta_0,0.0080541726
1.8112,B,mrac.z.theta_1,0.0029569147
1.8112,B,mrac.z.theta_2,0.0062548476
1.8112,B,mrac.z.theta_3,0
1.8112,B,mrac.z.theta_4,0.19566587
1.8112,B,mrac.z.theta_5,0.18980449
1.8112,B,mrac.z.u_nom,-0.27111515
1.8112,B,mrac.z.xm,-0.097689524
1.8112,B,path.active_path_mode,1
1.8112,B,path.circle_theta,0
1.8112,B,path.sinusoid_t_elapsed,0
1.8112,B,path.twc_arrived,0
1.8112,B,path.twc_target_x,1.4901161e-06
1.8112,B,path.twc_target_y,0
1.8112,B,path.twc_target_z,0.60000002
1.8112,B,pid.gyrox.Des,7.3276477
1.8112,B,pid.gyrox.FB,7.8391008
1.8112,B,pid.gyrox.U,-79.23645
1.8112,B,pid.gyroy.Des,-10.36892
1.8112,B,pid.gyroy.FB,0.70915806
1.8112,B,pid.gyroy.U,-49.327225
1.8112,B,pid.gyroz.Des,-2.8294907
1.8112,B,pid.gyroz.FB,1.0543207
1.8112,B,pid.gyroz.U,-33.058762
1.8112,B,pid.locx.Des,1.4901161e-06
1.8112,B,pid.locx.FB,24.380903
1.8112,B,pid.locx.U,-21.623472
1.8112,B,pid.locxs.Des,-21.623472
1.8112,B,pid.locxs.FB,1.0042073
1.8112,B,pid.locxs.U,-67.950562
1.8112,B,pid.locy.Des,0
1.8112,B,pid.locy.FB,16.56234
1.8112,B,pid.locy.U,-15.055608
1.8112,B,pid.locys.Des,-15.055608
1.8112,B,pid.locys.FB,-3.4628842
1.8112,B,pid.locys.U,-34.596748
1.8112,B,pid.pitch.Des,-4.0971341
1.8112,B,pid.pitch.FB,-0.74475235
1.8112,B,pid.pitch.U,-10.36892
1.8112,B,pid.roll.Des,1.731373
1.8112,B,pid.roll.FB,-0.7834456
1.8112,B,pid.roll.U,7.3276477
1.8112,B,pid.yaw.Des,40
1.8112,B,pid.yaw.FB,40.138248
1.8112,B,pid.yaw.U,-2.8294907
1.8112,B,pid.z_pos.Des,0.60000002
1.8112,B,pid.z_pos.FB,0.59989321
1.8112,B,pid.z_pos.U,-0.097689524
1.8112,B,pid.z_rate.Des,-0.097689524
1.8112,B,pid.z_rate.FB,0.020159317
1.8112,B,pid.z_rate.U,-60.187561
1.8112,B,status.vbat,0
2.0276,A,mrac.pitch.e,0.15767308
2.0276,A,mrac.pitch.u_ad,-0.030112397
2.0276,A,mrac.roll.e,-0.31666312
2.0276,A,mrac.roll.u_ad,0.17516704
2.0276,A,mrac.yaw.e,0.094408154
2.0276,A,mrac.yaw.u_ad,-0.0050200317
2.0276,A,mrac.z.e,-0.10588216
2.0276,A,mrac.z.u_ad,-0.029507957
2.0276,A,status.arm,1
2.0276,A,status.flymode,1
2.0276,A,status.rc_authority,1
2.0276,A,status.sbus_lost,0
2.0276,A,status.twc_arrived,0
2.0276,A,status.twc_execute,1
2.0276,B,mrac.pitch.theta_0,3.2428244e-07
2.0276,B,mrac.pitch.theta_1,0.0039127008
2.0276,B,mrac.pitch.theta_2,0.0022090585
2.0276,B,mrac.pitch.theta_3,0.0062052067
2.0276,B,mrac.pitch.theta_4,0.11815041
2.0276,B,mrac.pitch.theta_5,0.14498147
2.0276,B,mrac.pitch.u_nom,-0.15536149
2.0276,B,mrac.pitch.xm,-0.17302862
2.0276,B,mrac.roll.theta_0,0.1488508
2.0276,B,mrac.roll.theta_1,0.0016903747
2.0276,B,mrac.roll.theta_2,0.0037070098
2.0276,B,mrac.roll.theta_3,0.0055985833
2.0276,B,mrac.roll.theta_4,0.13246162
2.0276,B,mrac.roll.theta_5,0.14243235
2.0276,B,mrac.roll.u_nom,0.023771558
2.0276,B,mrac.roll.xm,0.13968346
2.0276,B,mrac.yaw.theta_0,0.000788062
2.0276,B,mrac.yaw.theta_1,0.0031084304
2.0276,B,mrac.yaw.theta_2,0.0035907342
2.0276,B,mrac.yaw.theta_3,0
2.0276,B,mrac.yaw.theta_4,0.038345199
2.0276,B,mrac.yaw.theta_5,0.086292744
2.0276,B,mrac.yaw.u_nom,-0.0078306105
2.0276,B,mrac.yaw.xm,-0.059560556
2.0276,B,mrac.z.theta_0,0.0089723431
2.0276,B,mrac.z.theta_1,0.0029534176
2.0276,B,mrac.z.theta_2,0.006256023
2.0276,B,mrac.z.theta_3,0
2.0276,B,mrac.z.theta_4,0.19563319
2.0276,B,mrac.z.theta_5,0.18975668
2.0276,B,mrac.z.u_nom,-0.18214351
2.0276,B,mrac.z.xm,-0.090128422
2.0276,B,path.active_path_mode,1
2.0276,B,path.circle_theta,0
2.0276,B,path.sinusoid_t_elapsed,0
2.0276,B,path.twc_arrived,0
2.0276,B,path.twc_target_x,1.4901161e-06
2.0276,B,path.twc_target_y,0
2.0276,B,path.twc_target_z,0.60000002
2.0276,B,pid.gyrox.Des,8.0032692
2.0276,B,pid.gyrox.FB,-0.88736022
2.0276,B,pid.gyrox.U,27.812723
2.0276,B,pid.gyroy.Des,-9.913805
2.0276,B,pid.gyroy.FB,6.3127861
2.0276,B,pid.gyroy.U,-181.77293
2.0276,B,pid.gyroz.Des,-3.4125671
2.0276,B,pid.gyroz.FB,-1.8246564
2.0276,B,pid.gyroz.U,-14.658902
2.0276,B,pid.locx.Des,1.4901161e-06
2.0276,B,pid.locx.FB,25.023111
2.0276,B,pid.locx.U,-22.083546
2.0276,B,pid.locxs.Des,-22.083546
2.0276,B,pid.locxs.FB,-0.41099417
2.0276,B,pid.locxs.U,-65.102753
2.0276,B,pid.locy.Des,0
2.0276,B,pid.locy.FB,15.229801
2.0276,B,pid.locy.U,-13.982068
2.0276,B,pid.locys.Des,-13.982068
2.0276,B,pid.locys.FB,-3.5820501
2.0276,B,pid.locys.U,-30.935564
2.0276,B,pid.pitch.Des,-3.8303998
2.0276,B,pid.pitch.FB,-0.4888691
2.0276,B,pid.pitch.U,-9.913805
2.0276,B,pid.roll.Des,1.735639
2.0276,B,pid.roll.FB,-0.98144531
2.0276,B,pid.roll.U,8.0032692
2.0276,B,pid.yaw.Des,40
2.0276,B,pid.yaw.FB,40.235428
2.0276,B,pid.yaw.U,-3.4125671
2.0276,B,pid.z_pos.Des,0.60000002
2.0276,B,pid.z_pos.FB,0.58989197
2.0276,B,pid.z_pos.U,-0.090128422
2.0276,B,pid.z_rate.Des,-0.090128422
2.0276,B,pid.z_rate.FB,-0.021663776
2.0276,B,pid.z_rate.U,-40.43586
2.0276,B,status.vbat,0
2.2272,A,mrac.pitch.e,0.051092088
2.2272,A,mrac.pitch.u_ad,-0.032100394
2.2272,A,mrac.roll.e,-0.12998956
2.2272,A,mrac.roll.u_ad,0.17836384
2.2272,A,mrac.yaw.e,0.04249436
2.2272,A,mrac.yaw.u_ad,-0.0064125787
2.2272,A,mrac.z.e,0.17917958
2.2272,A,mrac.z.u_ad,-0.068118073
2.2272,A,status.arm,1
2.2272,A,status.flymode,1
2.2272,A,status.rc_authority,1
2.2272,A,status.sbus_lost,0
2.2272,A,status.twc_arrived,0
2.2272,A,status.twc_execute,1
2.2272,B,mrac.pitch.theta_0,1.5268076e-07
2.2272,B,mrac.pitch.theta_1,0.0038867104
2.2272,B,mrac.pitch.theta_2,0.0022060652
2.2272,B,mrac.pitch.theta_3,0.0062050181
2.2272,B,mrac.pitch.theta_4,0.11822141
2.2272,B,mrac.pitch.theta_5,0.14497919
2.2272,B,mrac.pitch.u_nom,-0.16311888
2.2272,B,mrac.pitch.xm,-0.18816297
2.2272,B,mrac.roll.theta_0,0.14892431
2.2272,B,mrac.roll.theta_1,0.0016672378
2.2272,B,mrac.roll.theta_2,0.0037158092
2.2272,B,mrac.roll.theta_3,0.0055978131
2.2272,B,mrac.roll.theta_4,0.13254331
2.2272,B,mrac.roll.theta_5,0.14243826
2.2272,B,mrac.roll.u_nom,0.0083568087
2.2272,B,mrac.roll.xm,0.15268432
2.2272,B,mrac.yaw.theta_0,0.00056602963
2.2272,B,mrac.yaw.theta_1,0.003098778
2.2272,B,mrac.yaw.theta_2,0.0035899971
2.2272,B,mrac.yaw.theta_3,0
2.2272,B,mrac.yaw.theta_4,0.038352381
2.2272,B,mrac.yaw.theta_5,0.086284377
2.2272,B,mrac.yaw.u_nom,-0.010978243
2.2272,B,mrac.yaw.xm,-0.070748635
2.2272,B,mrac.z.theta_0,0.010826861
2.2272,B,mrac.z.theta_1,0.0029598384
2.2272,B,mrac.z.theta_2,0.0062587098
2.2272,B,mrac.z.theta_3,0
2.2272,B,mrac.z.theta_4,0.19560649
2.2272,B,mrac.z.theta_5,0.1897123
2.2272,B,mrac.z.u_nom,-0.17496808
2.2272,B,mrac.z.xm,-0.081578732
2.2272,B,path.active_path_mode,1
2.2272,B,path.circle_theta,0
2.2272,B,path.sinusoid_t_elapsed,0
2.2272,B,path.twc_arrived,0
2.2272,B,path.twc_target_x,1.4901161e-06
2.2272,B,path.twc_target_y,0
2.2272,B,path.twc_target_z,0.60000002
2.2272,B,pid.gyrox.Des,8.7481632
2.2272,B,pid.gyrox.FB,0.35961768
2.2272,B,pid.gyrox.U,9.7774658
2.2272,B,pid.gyroy.Des,-10.780939
2.2272,B,pid.gyroy.FB,7.2608862
2.2272,B,pid.gyroy.U,-190.84909
2.2272,B,pid.gyroz.Des,-4.0535965
2.2272,B,pid.gyroz.FB,-1.7296311
2.2272,B,pid.gyroz.U,-20.551271
2.2272,B,pid.locx.Des,1.4901161e-06
2.2272,B,pid.locx.FB,25.414915
2.2272,B,pid.locx.U,-22.458464
2.2272,B,pid.locxs.Des,-22.458464
2.2272,B,pid.locxs.FB,-0.53251225
2.2272,B,pid.locxs.U,-66.085281
2.2272,B,pid.locy.Des,0
2.2272,B,pid.locy.FB,14.478045
2.2272,B,pid.locy.U,-13.42247
2.2272,B,pid.locys.Des,-13.42247
2.2272,B,pid.locys.FB,-2.1717346
2.2272,B,pid.locys.U,-33.743042
2.2272,B,pid.pitch.Des,-3.99458
2.2272,B,pid.pitch.FB,-0.41345045
2.2272,B,pid.pitch.U,-10.780939
2.2272,B,pid.roll.Des,1.6661325
2.2272,B,pid.roll.FB,-1.2982043
2.2272,B,pid.roll.U,8.7481632
2.2272,B,pid.yaw.Des,40
2.2272,B,pid.yaw.FB,40.342266
2.2272,B,pid.yaw.U,-4.0535965
2.2272,B,pid.z_pos.Des,0.60000002
2.2272,B,pid.z_pos.FB,0.57983607
2.2272,B,pid.z_pos.U,-0.081578732
2.2272,B,pid.z_rate.Des,-0.081578732
2.2272,B,pid.z_rate.FB,-0.017096447
2.2272,B,pid.z_rate.U,-38.842915
2.2272,B,status.vbat,0
2.4444,A,mrac.pitch.e,0.28299823
2.4444,A,mrac.pitch.u_ad,-0.036284152
2.4444,A,mrac.roll.e,-0.19517556
2.4444,A,mrac.roll.u_ad,0.17907897
2.4444,A,mrac.yaw.e,0.17003176
2.4444,A,mrac.yaw.u_ad,-0.0087451814
2.4444,A,mrac.z.e,0.11115681
2.4444,A,mrac.z.u_ad,-0.06855952
2.4444,A,status.arm,1
2.4444,A,status.flymode,1
2.4444,A,status.rc_authority,1
2.4444,A,status.sbus_lost,0
2.4444,A,status.twc_arrived,0
2.4444,A,status.twc_execute,1
2.4444,B,mrac.pitch.theta_0,5.2400306e-08
2.4444,B,mrac.pitch.theta_1,0.0038856072
2.4444,B,mrac.pitch.theta_2,0.002202247
2.4444,B,mrac.pitch.theta_3,0.0062043876
2.4444,B,mrac.pitch.theta_4,0.11833026
2.4444,B,mrac.pitch.theta_5,0.14497867
2.4444,B,mrac.pitch.u_nom,-0.11359747
2.4444,B,mrac.pitch.xm,-0.19713634
2.4444,B,mrac.roll.theta_0,0.14879665
2.4444,B,mrac.roll.theta_1,0.001679812
2.4444,B,mrac.roll.theta_2,0.0037265874
2.4444,B,mrac.roll.theta_3,0.0055971919
2.4444,B,mrac.roll.theta_4,0.13266291
2.4444,B,mrac.roll.theta_5,0.14245358
2.4444,B,mrac.roll.u_nom,0.061658926
2.4444,B,mrac.roll.xm,0.16199972
2.4444,B,mrac.yaw.theta_0,0.00030434108
2.4444,B,mrac.yaw.theta_1,0.0030801201
2.4444,B,mrac.yaw.theta_2,0.003588435
2.4444,B,mrac.yaw.theta_3,0
2.4444,B,mrac.yaw.theta_4,0.038372599
2.4444,B,mrac.yaw.theta_5,0.086275995
2.4444,B,mrac.yaw.u_nom,-0.025030101
2.4444,B,mrac.yaw.xm,-0.089420468
2.4444,B,mrac.z.theta_0,0.0090943146
2.4444,B,mrac.z.theta_1,0.0028545419
2.4444,B,mrac.z.theta_2,0.0062455032
2.4444,B,mrac.z.theta_3,0
2.4444,B,mrac.z.theta_4,0.19564809
2.4444,B,mrac.z.theta_5,0.18969601
2.4444,B,mrac.z.u_nom,-0.31467527
2.4444,B,mrac.z.xm,-0.094626427
2.4444,B,path.active_path_mode,1
2.4444,B,path.circle_theta,0
2.4444,B,path.sinusoid_t_elapsed,0
2.4444,B,path.twc_arrived,0
2.4444,B,path.twc_target_x,1.4901161e-06
2.4444,B,path.twc_target_y,0
2.4444,B,path.twc_target_z,0.60000002
2.4444,B,pid.gyrox.Des,9.2818966
2.4444,B,pid.gyrox.FB,-0.90802735
2.4444,B,pid.gyrox.U,72.140945
2.4444,B,pid.gyroy.Des,-11.295075
2.4444,B,pid.gyroy.FB,1.4050782
2.4444,B,pid.gyroy.U,-132.90904
2.4444,B,pid.gyroz.Des,-5.1234131
2.4444,B,pid.gyroz.FB,0.48306808
2.4444,B,pid.gyroz.U,-46.85635
2.4444,B,pid.locx.Des,1.4901161e-06
2.4444,B,pid.locx.FB,26.357834
2.4444,B,pid.locx.U,-23.238304
2.4444,B,pid.locxs.Des,-23.238304
2.4444,B,pid.locxs.FB,1.5203463
2.4444,B,pid.locxs.U,-74.457626
2.4444,B,pid.locy.Des,0
2.4444,B,pid.locy.FB,13.503056
2.4444,B,pid.locy.U,-12.672504
2.4444,B,pid.locys.Des,-12.672504
2.4444,B,pid.locys.FB,-1.2994411
2.4444,B,pid.locys.U,-33.962425
2.4444,B,pid.pitch.Des,-4.325737
2.4444,B,pid.pitch.FB,-0.4997271
2.4444,B,pid.pitch.U,-11.295075
2.4444,B,pid.roll.Des,2.0167906
2.4444,B,pid.roll.FB,-1.1310017
2.4444,B,pid.roll.U,9.2818966
2.4444,B,pid.yaw.Des,40
2.4444,B,pid.yaw.FB,40.520569
2.4444,B,pid.yaw.U,-5.1234131
2.4444,B,pid.z_pos.Des,0.60000002
2.4444,B,pid.z_pos.FB,0.59986025
2.4444,B,pid.z_pos.U,-0.094626427
2.4444,B,pid.z_rate.Des,-0.094626427
2.4444,B,pid.z_rate.FB,0.047393337
2.4444,B,pid.z_rate.U,-69.85791
2.4444,B,status.vbat,0
2.6624,A,mrac.pitch.e,0.10300152
2.6624,A,mrac.pitch.u_ad,-0.032838061
2.6624,A,mrac.roll.e,-0.12966792
2.6624,A,mrac.roll.u_ad,0.17430846
2.6624,A,mrac.yaw.e,0.096110582
2.6624,A,mrac.yaw.u_ad,-0.0094697522
2.6624,A,mrac.z.e,0.16534168
2.6624,A,mrac.z.u_ad,-0.084610604
2.6624,A,status.arm,1
2.6624,A,status.flymode,1
2.6624,A,status.rc_authority,1
2.6624,A,status.sbus_lost,0
2.6624,A,status.twc_arrived,0
2.6624,A,status.twc_execute,1
2.6624,B,mrac.pitch.theta_0,1.845809e-08
2.6624,B,mrac.pitch.theta_1,0.0039060698
2.6624,B,mrac.pitch.theta_2,0.0021993918
2.6624,B,mrac.pitch.theta_3,0.0062034898
2.6624,B,mrac.pitch.theta_4,0.11842253
2.6624,B,mrac.pitch.theta_5,0.14497806
2.6624,B,mrac.pitch.u_nom,-0.084230587
2.6624,B,mrac.pitch.xm,-0.19351675
2.6624,B,mrac.roll.theta_0,0.14882091
2.6624,B,mrac.roll.theta_1,0.0017306727
2.6624,B,mrac.roll.theta_2,0.0037283453
2.6624,B,mrac.roll.theta_3,0.0055966927
2.6624,B,mrac.roll.theta_4,0.13270202
2.6624,B,mrac.roll.theta_5,0.1424585
2.6624,B,mrac.roll.u_nom,6.7807057e-05
2.6624,B,mrac.roll.xm,0.15343183
2.6624,B,mrac.yaw.theta_0,0.0001505681
2.6624,B,mrac.yaw.theta_1,0.0030664979
2.6624,B,mrac.yaw.theta_2,0.0035864504
2.6624,B,mrac.yaw.theta_3,0
2.6624,B,mrac.yaw.theta_4,0.038398858
2.6624,B,mrac.yaw.theta_5,0.086271547
2.6624,B,mrac.yaw.u_nom,-0.043842718
2.6624,B,mrac.yaw.xm,-0.095581159
2.6624,B,mrac.z.theta_0,0.007775221
2.6624,B,mrac.z.theta_1,0.0027918878
2.6624,B,mrac.z.theta_2,0.0062377714
2.6624,B,mrac.z.theta_3,0
2.6624,B,mrac.z.theta_4,0.19566061
2.6624,B,mrac.z.theta_5,0.18967752
2.6624,B,mrac.z.u_nom,-0.32586607
2.6624,B,mrac.z.xm,-0.10204007
2.6624,B,path.active_path_mode,1
2.6624,B,path.circle_theta,0
2.6624,B,path.sinusoid_t_elapsed,0
2.6624,B,path.twc_arrived,0
2.6624,B,path.twc_target_x,1.4901161e-06
2.6624,B,path.twc_target_y,0
2.6624,B,path.twc_target_z,0.60000002
2.6624,B,pid.gyrox.Des,8.7909927
2.6624,B,pid.gyrox.FB,0.36891028
2.6624,B,pid.gyrox.U,0.079334259
2.6624,B,pid.gyroy.Des,-11.087688
2.6624,B,pid.gyroy.FB,1.4878628
2.6624,B,pid.gyroy.U,-98.549789
2.6624,B,pid.gyroz.Des,-5.4763947
2.6624,B,pid.gyroz.FB,4.5178943
2.6624,B,pid.gyroz.U,-82.07357
2.6624,B,pid.locx.Des,1.4901161e-06
2.6624,B,pid.locx.FB,27.215464
2.6624,B,pid.locx.U,-23.863518
2.6624,B,pid.locxs.Des,-23.863518
2.6624,B,pid.locxs.FB,0.75950557
2.6624,B,pid.locxs.U,-73.979416
2.6624,B,pid.locy.Des,0
2.6624,B,pid.locy.FB,12.767276
2.6624,B,pid.locy.U,-12.135768
2.6624,B,pid.locys.Des,-12.135768
2.6624,B,pid.locys.FB,-0.65050077
2.6624,B,pid.locys.U,-34.363235
2.6624,B,pid.pitch.Des,-4.3277922
2.6624,B,pid.pitch.FB,-0.61598909
2.6624,B,pid.pitch.U,-11.087688
2.6624,B,pid.roll.Des,1.9758966
2.6624,B,pid.roll.FB,-0.83263928
2.6624,B,pid.roll.U,8.7909927
2.6624,B,pid.yaw.Des,40
2.6624,B,pid.yaw.FB,40.579399
2.6624,B,pid.yaw.U,-5.4763947
2.6624,B,pid.z_pos.Des,0.60000002
2.6624,B,pid.z_pos.FB,0.6099003
2.6624,B,pid.z_pos.U,-0.10204007
2.6624,B,pid.z_rate.Des,-0.10204007
2.6624,B,pid.z_rate.FB,0.046190612
2.6624,B,pid.z_rate.U,-72.34227
2.6624,B,status.vbat,0
2.8776,A,mrac.pitch.e,0.29236114
2.8776,A,mrac.pitch.u_ad,-0.033258323
2.8776,A,mrac.roll.e,-0.36583668
2.8776,A,mrac.roll.u_ad,0.17519385
2.8776,A,mrac.yaw.e,0.15918782
2.8776,A,mrac.yaw.u_ad,-0.010907517
2.8776,A,mrac.z.e,0.09313678
2.8776,A,mrac.z.u_ad,-0.051946212
2.8776,A,status.arm,1
2.8776,A,status.flymode,1
2.8776,A,status.rc_authority,1
2.8776,A,status.sbus_lost,0
2.8776,A,status.twc_arrived,0
2.8776,A,status.twc_execute,1
2.8777,B,mrac.pitch.theta_0,9.200428e-09
2.8777,B,mrac.pitch.theta_1,0.0039064619
2.8777,B,mrac.pitch.theta_2,0.0021981876
2.8777,B,mrac.pitch.theta_3,0.0062030926
2.8777,B,mrac.pitch.theta_4,0.11847916
2.8777,B,mrac.pitch.theta_5,0.14497727
2.8777,B,mrac.pitch.u_nom,-0.15605322
2.8777,B,mrac.pitch.xm,-0.18376833
2.8777,B,mrac.roll.theta_0,0.14884761
2.8777,B,mrac.roll.theta_1,0.0017366119
2.8777,B,mrac.roll.theta_2,0.0037308841
2.8777,B,mrac.roll.theta_3,0.0055961856
2.8777,B,mrac.roll.theta_4,0.13274759
2.8777,B,mrac.roll.theta_5,0.14245728
2.8777,B,mrac.roll.u_nom,0.16219252
2.8777,B,mrac.roll.xm,0.13195634
2.8777,B,mrac.yaw.theta_0,9.7191878e-05
2.8777,B,mrac.yaw.theta_1,0.0030548202
2.8777,B,mrac.yaw.theta_2,0.0035853493
2.8777,B,mrac.yaw.theta_3,0
2.8777,B,mrac.yaw.theta_4,0.038415637
2.8777,B,mrac.yaw.theta_5,0.086268559
2.8777,B,mrac.yaw.u_nom,-0.041906189
2.8777,B,mrac.yaw.xm,-0.10187168
2.8777,B,mrac.z.theta_0,0.0081246532
2.8777,B,mrac.z.theta_1,0.0028112566
2.8777,B,mrac.z.theta_2,0.0062378519
2.8777,B,mrac.z.theta_3,0
2.8777,B,mrac.z.theta_4,0.19563916
2.8777,B,mrac.z.theta_5,0.18965018
2.8777,B,mrac.z.u_nom,-0.21172751
2.8777,B,mrac.z.xm,-0.095133372
2.8777,B,path.active_path_mode,1
2.8777,B,path.circle_theta,0
2.8777,B,path.sinusoid_t_elapsed,0
2.8777,B,path.twc_arrived,0
2.8777,B,path.twc_target_x,1.4901161e-06
2.8777,B,path.twc_target_y,0
2.8777,B,path.twc_target_z,0.60000002
2.8777,B,pid.gyrox.Des,7.5605383
2.8777,B,pid.gyrox.FB,-9.5966377
2.8777,B,pid.gyrox.U,189.76526
2.8777,B,pid.gyroy.Des,-10.529145
2.8777,B,pid.gyroy.FB,7.5258093
2.8777,B,pid.gyroy.U,-182.58226
2.8777,B,pid.gyroz.Des,-5.8368149
2.8777,B,pid.gyroz.FB,3.720057
2.8777,B,pid.gyroz.U,-78.448387
2.8777,B,pid.locx.Des,1.4901161e-06
2.8777,B,pid.locx.FB,27.459162
2.8777,B,pid.locx.U,-24.002457
2.8777,B,pid.locxs.Des,-24.002457
2.8777,B,pid.locxs.FB,-1.3025934
2.8777,B,pid.locxs.U,-70.097992
2.8777,B,pid.locy.Des,0
2.8777,B,pid.locy.FB,12.229337
2.8777,B,pid.locy.U,-11.658516
2.8777,B,pid.locys.Des,-11.658516
2.8777,B,pid.locys.FB,-1.5176464
2.8777,B,pid.locys.U,-32.533997
2.8777,B,pid.pitch.Des,-4.1024132
2.8777,B,pid.pitch.FB,-0.67544526
2.8777,B,pid.pitch.U,-10.529145
2.8777,B,pid.roll.Des,1.8689799
2.8777,B,pid.roll.FB,-0.73223138
2.8777,B,pid.roll.U,7.5605383
2.8777,B,pid.yaw.Des,40
2.8777,B,pid.yaw.FB,40.639469
2.8777,B,pid.yaw.U,-5.8368149
2.8777,B,pid.z_pos.Des,0.60000002
2.8777,B,pid.z_pos.FB,0.59990925
2.8777,B,pid.z_pos.U,-0.095133372
2.8777,B,pid.z_rate.Des,-0.095133372
2.8777,B,pid.z_rate.FB,-0.010249603
2.8777,B,pid.z_rate.U,-47.00351
2.8777,B,status.vbat,0
3.0778,A,mrac.pitch.e,0.22064823
3.0778,A,mrac.pitch.u_ad,-0.030613018
3.0778,A,mrac.roll.e,-0.14561258
3.0778,A,mrac.roll.u_ad,0.17479217
3.0778,A,mrac.yaw.e,0.086049795
3.0778,A,mrac.yaw.u_ad,-0.013421982
3.0778,A,mrac.z.e,-0.044599086
3.0778,A,mrac.z.u_ad,-0.056734525
3.0778,A,status.arm,1
3.0778,A,status.flymode,1
3.0778,A,status.rc_authority,1
3.0778,A,status.sbus_lost,0
3.0778,A,status.twc_arrived,0
3.0778,A,status.twc_execute,1
3.0778,B,mrac.pitch.theta_0,2.9762692e-09
3.0778,B,mrac.pitch.theta_1,0.0038538475
3.0778,B,mrac.pitch.theta_2,0.0021943492
3.0778,B,mrac.pitch.theta_3,0.0062026628
3.0778,B,mrac.pitch.theta_4,0.11857241
3.0778,B,mrac.pitch.theta_5,0.14497206
3.0778,B,mrac.pitch.u_nom,0.037615199
3.0778,B,mrac.pitch.xm,-0.17339753
3.0778,B,mrac.roll.theta_0,0.14891148
3.0778,B,mrac.roll.theta_1,0.0017178447
3.0778,B,mrac.roll.theta_2,0.0037371619
3.0778,B,mrac.roll.theta_3,0.0055963751
3.0778,B,mrac.roll.theta_4,0.13283609
3.0778,B,mrac.roll.theta_5,0.14246112
3.0778,B,mrac.roll.u_nom,0.073677815
3.0778,B,mrac.roll.xm,0.14814283
3.0778,B,mrac.yaw.theta_0,3.3559947e-05
3.0778,B,mrac.yaw.theta_1,0.0030265306
3.0778,B,mrac.yaw.theta_2,0.0035822403
3.0778,B,mrac.yaw.theta_3,0
3.0778,B,mrac.yaw.theta_4,0.038475737
3.0778,B,mrac.yaw.theta_5,0.086281158
3.0778,B,mrac.yaw.u_nom,-0.024658976
3.0778,B,mrac.yaw.xm,-0.13959324
3.0778,B,mrac.z.theta_0,0.0092344806
3.0778,B,mrac.z.theta_1,0.0027756707
3.0778,B,mrac.z.theta_2,0.0062356116
3.0778,B,mrac.z.theta_3,0
3.0778,B,mrac.z.theta_4,0.19563507
3.0778,B,mrac.z.theta_5,0.18960938
3.0778,B,mrac.z.u_nom,-0.043699406
3.0778,B,mrac.z.xm,-0.087588854
3.0778,B,path.active_path_mode,1
3.0778,B,path.circle_theta,0
3.0778,B,path.sinusoid_t_elapsed,0
3.0778,B,path.twc_arrived,0
3.0778,B,path.twc_target_x,1.4901161e-06
3.0778,B,path.twc_target_y,0
3.0778,B,path.twc_target_z,0.60000002
3.0778,B,pid.gyrox.Des,8.4879551
3.0778,B,pid.gyrox.FB,-2.9971924
3.0778,B,pid.gyrox.U,86.203041
3.0778,B,pid.gyroy.Des,-9.9349422
3.0778,B,pid.gyroy.FB,-2.6094503
3.0778,B,pid.gyroy.U,44.009781
3.0778,B,pid.gyroz.Des,-7.9981003
3.0778,B,pid.gyroz.FB,-2.4797764
3.0778,B,pid.gyroz.U,-46.161602
3.0778,B,pid.locx.Des,1.4901161e-06
3.0778,B,pid.locx.FB,27.436659
3.0778,B,pid.locx.U,-23.909138
3.0778,B,pid.locxs.Des,-23.909138
3.0778,B,pid.locxs.FB,-1.9681633
3.0778,B,pid.locxs.U,-65.587952
3.0778,B,pid.locy.Des,0
3.0778,B,pid.locy.FB,11.20359
3.0778,B,pid.locy.U,-10.806972
3.0778,B,pid.locys.Des,-10.806972
3.0778,B,pid.locys.FB,-2.2641408
3.0778,B,pid.locys.U,-25.578592
3.0778,B,pid.pitch.Des,-3.6365695
3.0778,B,pid.pitch.FB,-0.35466346
3.0778,B,pid.pitch.U,-9.9349422
3.0778,B,pid.roll.Des,1.9108874
3.0778,B,pid.roll.FB,-0.87091464
3.0778,B,pid.roll.U,8.4879551
3.0778,B,pid.yaw.Des,40
3.0778,B,pid.yaw.FB,40.999683
3.0778,B,pid.yaw.U,-7.9981003
3.0778,B,pid.z_pos.Des,0.60000002
3.0778,B,pid.z_pos.FB,0.58992058
3.0778,B,pid.z_pos.U,-0.087588854
3.0778,B,pid.z_rate.Des,-0.087588854
3.0778,B,pid.z_rate.FB,-0.095792837
3.0778,B,pid.z_rate.U,-9.7012682
3.0778,B,status.vbat,0
3.2946,A,mrac.pitch.e,0.23731726
3.2946,A,mrac.pitch.u_ad,-0.030480262
3.2946,A,mrac.roll.e,-0.047605634
3.2946,A,mrac.roll.u_ad,0.16606891
3.2946,A,mrac.yaw.e,0.14010279
3.2946,A,mrac.yaw.u_ad,-0.0085268645
3.2946,A,mrac.z.e,0.096635245
3.2946,A,mrac.z.u_ad,-0.057194136
3.2946,A,status.arm,1
3.2946,A,status.flymode,1
3.2946,A,status.rc_authority,1
3.2946,A,status.sbus_lost,0
3.2946,A,status.twc_arrived,0
3.2946,A,status.twc_execute,1
3.2947,B,mrac.pitch.theta_0,1.3861277e-09
3.2947,B,mrac.pitch.theta_1,0.0038157997
3.2947,B,mrac.pitch.theta_2,0.0021926539
3.2947,B,mrac.pitch.theta_3,0.006203312
3.2947,B,mrac.pitch.theta_4,0.11862957
3.2947,B,mrac.pitch.theta_5,0.14496712
3.2947,B,mrac.pitch.u_nom,-0.005199566
3.2947,B,mrac.pitch.xm,-0.17755938
3.2947,B,mrac.roll.theta_0,0.14822584
3.2947,B,mrac.roll.theta_1,0.0017368565
3.2947,B,mrac.roll.theta_2,0.003737181
3.2947,B,mrac.roll.theta_3,0.0055955132
3.2947,B,mrac.roll.theta_4,0.13286495
3.2947,B,mrac.roll.theta_5,0.14245303
3.2947,B,mrac.roll.u_nom,-0.10877522
3.2947,B,mrac.roll.xm,0.126307
3.2947,B,mrac.yaw.theta_0,2.5193138e-05
3.2947,B,mrac.yaw.theta_1,0.0030389132
3.2947,B,mrac.yaw.theta_2,0.0035816592
3.2947,B,mrac.yaw.theta_3,0
3.2947,B,mrac.yaw.theta_4,0.03848106
3.2947,B,mrac.yaw.theta_5,0.086278602
3.2947,B,mrac.yaw.u_nom,-0.013511488
3.2947,B,mrac.yaw.xm,-0.092337027
3.2947,B,mrac.z.theta_0,0.0083902497
3.2947,B,mrac.z.theta_1,0.0027366192
3.2947,B,mrac.z.theta_2,0.0062317038
3.2947,B,mrac.z.theta_3,0
3.2947,B,mrac.z.theta_4,0.19564554
3.2947,B,mrac.z.theta_5,0.18959984
3.2947,B,mrac.z.u_nom,-0.24357444
3.2947,B,mrac.z.xm,-0.094467394
3.2947,B,path.active_path_mode,1
3.2947,B,path.circle_theta,0
3.2947,B,path.sinusoid_t_elapsed,0
3.2947,B,path.twc_arrived,0
3.2947,B,path.twc_target_x,1.4901161e-06
3.2947,B,path.twc_target_y,0
3.2947,B,path.twc_target_z,0.60000002
3.2947,B,pid.gyrox.Des,7.236855
3.2947,B,pid.gyrox.FB,13.492601
3.2947,B,pid.gyrox.U,-127.26701
3.2947,B,pid.gyroy.Des,-10.173399
3.2947,B,pid.gyroy.FB,0.27707735
3.2947,B,pid.gyroy.U,-6.0834923
3.2947,B,pid.gyroz.Des,-5.2905197
3.2947,B,pid.gyroz.FB,-2.3834653
3.2947,B,pid.gyroz.U,-25.293507
3.2947,B,pid.locx.Des,1.4901161e-06
3.2947,B,pid.locx.FB,27.083023
3.2947,B,pid.locx.U,-23.549322
3.2947,B,pid.locxs.Des,-23.549322
3.2947,B,pid.locxs.FB,-3.3602171
3.2947,B,pid.locxs.U,-60.330608
3.2947,B,pid.locy.Des,0
3.2947,B,pid.locy.FB,10.425549
3.2947,B,pid.locy.U,-10.203731
3.2947,B,pid.locys.Des,-10.203731
3.2947,B,pid.locys.FB,-2.389339
3.2947,B,pid.locys.U,-23.324547
3.2947,B,pid.pitch.Des,-3.3230534
3.2947,B,pid.pitch.FB,0.045253366
3.2947,B,pid.pitch.U,-10.173399
3.2947,B,pid.roll.Des,1.7918847
3.2947,B,pid.roll.FB,-0.58893794
3.2947,B,pid.roll.U,7.236855
3.2947,B,pid.yaw.Des,40
3.2947,B,pid.yaw.FB,40.54842
3.2947,B,pid.yaw.U,-5.2905197
3.2947,B,pid.z_pos.Des,0.60000002
3.2947,B,pid.z_pos.FB,0.59996808
3.2947,B,pid.z_pos.U,-0.094467394
3.2947,B,pid.z_rate.Des,-0.094467394
3.2947,B,pid.z_rate.FB,0.0081676207
3.2947,B,pid.z_rate.U,-54.073524
3.2947,B,status.vbat,0
3.5112,A,mrac.pitch.e,0.19999006
3.5112,A,mrac.pitch.u_ad,-0.0327783
3.5112,A,mrac.roll.e,-0.074936397
3.5112,A,mrac.roll.u_ad,0.1659697
3.5112,A,mrac.yaw.e,0.08893086
3.5112,A,mrac.yaw.u_ad,-0.0088280002
3.5112,A,mrac.z.e,0.094484776
3.5112,A,mrac.z.u_ad,-0.055231024
3.5112,A,status.arm,1
3.5112,A,status.flymode,1
3.5112,A,status.rc_authority,1
3.5112,A,status.sbus_lost,0
3.5112,A,status.twc_arrived,0
3.5112,A,status.twc_execute,1
3.5112,B,mrac.pitch.theta_0,4.3782555e-10
3.5112,B,mrac.pitch.theta_1,0.00377614
3.5112,B,mrac.pitch.theta_2,0.0021891776
3.5112,B,mrac.pitch.theta_3,0.0062026572
3.5112,B,mrac.pitch.theta_4,0.11872108
3.5112,B,mrac.pitch.theta_5,0.14496343
3.5112,B,mrac.pitch.u_nom,-0.023942722
3.5112,B,mrac.pitch.xm,-0.20666774
3.5112,B,mrac.roll.theta_0,0.1485296
3.5112,B,mrac.roll.theta_1,0.0017243479
3.5112,B,mrac.roll.theta_2,0.003740126
3.5112,B,mrac.roll.theta_3,0.0055948193
3.5112,B,mrac.roll.theta_4,0.1329236
3.5112,B,mrac.roll.theta_5,0.14244346
3.5112,B,mrac.roll.u_nom,0.050860602
3.5112,B,mrac.roll.xm,0.10575437
3.5112,B,mrac.yaw.theta_0,1.3398179e-05
3.5112,B,mrac.yaw.theta_1,0.003029281
3.5112,B,mrac.yaw.theta_2,0.0035804007
3.5112,B,mrac.yaw.theta_3,0
3.5112,B,mrac.yaw.theta_4,0.038499761
3.5112,B,mrac.yaw.theta_5,0.08627107
3.5112,B,mrac.yaw.u_nom,-0.0086730709
3.5112,B,mrac.yaw.xm,-0.093767144
3.5112,B,mrac.z.theta_0,0.0074476767
3.5112,B,mrac.z.theta_1,0.0027321973
3.5112,B,mrac.z.theta_2,0.0062301406
3.5112,B,mrac.z.theta_3,0
3.5112,B,mrac.z.theta_4,0.19560547
3.5112,B,mrac.z.theta_5,0.18956111
3.5112,B,mrac.z.u_nom,-0.22909388
3.5112,B,mrac.z.xm,-0.09445148
3.5112,B,path.active_path_mode,1
3.5112,B,path.circle_theta,0
3.5112,B,path.sinusoid_t_elapsed,0
3.5112,B,path.twc_arrived,0
3.5112,B,path.twc_target_x,1.4901161e-06
3.5112,B,path.twc_target_y,0
3.5112,B,path.twc_target_z,0.60000002
3.5112,B,pid.gyrox.Des,6.0592766
3.5112,B,pid.gyrox.FB,1.7390926
3.5112,B,pid.gyrox.U,59.506905
3.5112,B,pid.gyroy.Des,-11.841184
3.5112,B,pid.gyroy.FB,0.471113
3.5112,B,pid.gyroy.U,-28.012985
3.5112,B,pid.gyroz.Des,-5.3724594
3.5112,B,pid.gyroz.FB,-3.5886149
3.5112,B,pid.gyroz.U,-16.235989
3.5112,B,pid.locx.Des,1.4901161e-06
3.5112,B,pid.locx.FB,26.260767
3.5112,B,pid.locx.U,-22.887587
3.5112,B,pid.locxs.Des,-22.887587
3.5112,B,pid.locxs.FB,-4.2299204
3.5112,B,pid.locxs.U,-59.716312
3.5112,B,pid.locy.Des,0
3.5112,B,pid.locy.FB,9.6025038
3.5112,B,pid.locy.U,-9.596056
3.5112,B,pid.locys.Des,-9.596056
3.5112,B,pid.locys.FB,-0.32829356
3.5112,B,pid.locys.U,-32.239319
3.5112,B,pid.pitch.Des,-3.6943734
3.5112,B,pid.pitch.FB,0.24622206
3.5112,B,pid.pitch.U,-11.841184
3.5112,B,pid.roll.Des,1.4254098
3.5112,B,pid.roll.FB,-0.64979327
3.5112,B,pid.roll.U,6.0592766
3.5112,B,pid.yaw.Des,40
3.5112,B,pid.yaw.FB,40.562077
3.5112,B,pid.yaw.U,-5.3724594
3.5112,B,pid.z_pos.Des,0.60000002
3.5112,B,pid.z_pos.FB,0.59995586
3.5112,B,pid.z_pos.U,-0.09445148
3.5112,B,pid.z_rate.Des,-0.09445148
3.5112,B,pid.z_rate.FB,7.062417e-05
3.5112,B,pid.z_rate.U,-50.858841
3.5112,B,status.vbat,0
3.7281,A,mrac.pitch.e,0.20909736
3.7281,A,mrac.pitch.u_ad,-0.033047903
3.7281,A,mrac.roll.e,-0.040183865
3.7281,A,mrac.roll.u_ad,0.16641645
3.7281,A,mrac.yaw.e,0.06467995
3.7281,A,mrac.yaw.u_ad,-0.009074308
3.7281,A,mrac.z.e,0.070483744
3.7281,A,mrac.z.u_ad,-0.036298361
3.7281,A,status.arm,1
3.7281,A,status.flymode,1
3.7281,A,status.rc_authority,1
3.7281,A,status.sbus_lost,0
3.7281,A,status.twc_arrived,0
3.7281,A,status.twc_execute,1
3.7282,B,mrac.pitch.theta_0,2.0820962e-10
3.7282,B,mrac.pitch.theta_1,0.0037501012
3.7282,B,mrac.pitch.theta_2,0.0021868097
3.7282,B,mrac.pitch.theta_3,0.0062020821
3.7282,B,mrac.pitch.theta_4,0.1187956
3.7282,B,mrac.pitch.theta_5,0.1449632
3.7282,B,mrac.pitch.u_nom,-0.027313391
3.7282,B,mrac.pitch.xm,-0.18352069
3.7282,B,mrac.roll.theta_0,0.14814177
3.7282,B,mrac.roll.theta_1,0.0017019367
3.7282,B,mrac.roll.theta_2,0.0037448199
3.7282,B,mrac.roll.theta_3,0.0055944175
3.7282,B,mrac.roll.theta_4,0.13298061
3.7282,B,mrac.roll.theta_5,0.14243178
3.7282,B,mrac.roll.u_nom,-0.086174756
3.7282,B,mrac.roll.xm,0.097026043
3.7282,B,mrac.yaw.theta_0,9.3702174e-06
3.7282,B,mrac.yaw.theta_1,0.0030269488
3.7282,B,mrac.yaw.theta_2,0.0035798321
3.7282,B,mrac.yaw.theta_3,0
3.7282,B,mrac.yaw.theta_4,0.03850773
3.7282,B,mrac.yaw.theta_5,0.086264856
3.7282,B,mrac.yaw.u_nom,-0.029187746
3.7282,B,mrac.yaw.xm,-0.089237906
3.7282,B,mrac.z.theta_0,0.0086868871
3.7282,B,mrac.z.theta_1,0.0027209129
3.7282,B,mrac.z.theta_2,0.0062318482
3.7282,B,mrac.z.theta_3,0
3.7282,B,mrac.z.theta_4,0.19558217
3.7282,B,mrac.z.theta_5,0.18952268
3.7282,B,mrac.z.u_nom,-0.10165066
3.7282,B,mrac.z.xm,-0.08713039
3.7282,B,path.active_path_mode,1
3.7282,B,path.circle_theta,0
3.7282,B,path.sinusoid_t_elapsed,0
3.7282,B,path.twc_arrived,0
3.7282,B,path.twc_target_x,1.4901161e-06
3.7282,B,path.twc_target_y,0
3.7282,B,path.twc_target_z,0.60000002
3.7282,B,pid.gyrox.Des,5.5591803
3.7282,B,pid.gyrox.FB,6.5259337
3.7282,B,pid.gyrox.U,-100.82446
3.7282,B,pid.gyroy.Des,-10.514956
3.7282,B,pid.gyroy.FB,-1.2168398
3.7282,B,pid.gyroy.U,-31.956667
3.7282,B,pid.gyroz.Des,-5.1129532
3.7282,B,pid.gyroz.FB,1.4667228
3.7282,B,pid.gyroz.U,-54.639462
3.7282,B,pid.locx.Des,1.4901161e-06
3.7282,B,pid.locx.FB,25.607822
3.7282,B,pid.locx.U,-22.321493
3.7282,B,pid.locxs.Des,-22.321493
3.7282,B,pid.locxs.FB,-5.7500567
3.7282,B,pid.locxs.U,-49.518009
3.7282,B,pid.locy.Des,0
3.7282,B,pid.locy.FB,9.2921505
3.7282,B,pid.locy.U,-9.3640566
3.7282,B,pid.locys.Des,-9.3640566
3.7282,B,pid.locys.FB,0.96790886
3.7282,B,pid.locys.U,-30.921423
3.7282,B,pid.pitch.Des,-3.2491841
3.7282,B,pid.pitch.FB,0.30453351
3.7282,B,pid.pitch.U,-10.514956
3.7282,B,pid.roll.Des,1.0254573
3.7282,B,pid.roll.FB,-0.82869512
3.7282,B,pid.roll.U,5.5591803
3.7282,B,pid.yaw.Des,40
3.7282,B,pid.yaw.FB,40.518826
3.7282,B,pid.yaw.U,-5.1129532
3.7282,B,pid.z_pos.Des,0.60000002
3.7282,B,pid.z_pos.FB,0.58992994
3.7282,B,pid.z_pos.U,-0.08713039
3.7282,B,pid.z_rate.Des,-0.08713039
3.7282,B,pid.z_rate.FB,-0.063035391
3.7282,B,pid.z_rate.U,-22.566446
3.7282,B,status.vbat,0
3.9279,A,mrac.pitch.e,0.082007609
3.9279,A,mrac.pitch.u_ad,-0.032061014
3.9279,A,mrac.roll.e,-0.066065311
3.9279,A,mrac.roll.u_ad,0.16316669
3.9279,A,mrac.yaw.e,0.090214178
3.9279,A,mrac.yaw.u_ad,-0.0088858632
3.9279,A,mrac.z.e,0.085598283
3.9279,A,mrac.z.u_ad,-0.04936219
3.9279,A,status.arm,1
3.9279,A,status.flymode,1
3.9279,A,status.rc_authority,1
3.9279,A,status.sbus_lost,0
3.9279,A,status.twc_arrived,0
3.9279,A,status.twc_execute,1
3.9280,B,mrac.pitch.theta_0,6.2339918e-11
3.9280,B,mrac.pitch.theta_1,0.0037675321
3.9280,B,mrac.pitch.theta_2,0.002184768
3.9280,B,mrac.pitch.theta_3,0.0062016887
3.9280,B,mrac.pitch.theta_4,0.11887915
3.9280,B,mrac.pitch.theta_5,0.14496572
3.9280,B,mrac.pitch.u_nom,-0.011138933
3.9280,B,mrac.pitch.xm,-0.21692275
3.9280,B,mrac.roll.theta_0,0.14726456
3.9280,B,mrac.roll.theta_1,0.0016713274
3.9280,B,mrac.roll.theta_2,0.0037474071
3.9280,B,mrac.roll.theta_3,0.005593562
3.9280,B,mrac.roll.theta_4,0.13305059
3.9280,B,mrac.roll.theta_5,0.14240956
3.9280,B,mrac.roll.u_nom,0.02751396
3.9280,B,mrac.roll.xm,0.09215913
3.9280,B,mrac.yaw.theta_0,4.5791458e-06
3.9280,B,mrac.yaw.theta_1,0.0030136574
3.9280,B,mrac.yaw.theta_2,0.0035782626
3.9280,B,mrac.yaw.theta_3,0
3.9280,B,mrac.yaw.theta_4,0.038530972
3.9280,B,mrac.yaw.theta_5,0.086257651
3.9280,B,mrac.yaw.u_nom,-0.05265408
3.9280,B,mrac.yaw.xm,-0.099237546
3.9280,B,mrac.z.theta_0,0.0078166863
3.9280,B,mrac.z.theta_1,0.0027270361
3.9280,B,mrac.z.theta_2,0.0062272269
3.9280,B,mrac.z.theta_3,0
3.9280,B,mrac.z.theta_4,0.19554526
3.9280,B,mrac.z.theta_5,0.18947776
3.9280,B,mrac.z.u_nom,-0.51939386
3.9280,B,mrac.z.xm,-0.093847685
3.9280,B,path.active_path_mode,1
3.9280,B,path.circle_theta,0
3.9280,B,path.sinusoid_t_elapsed,0
3.9280,B,path.twc_arrived,0
3.9280,B,path.twc_target_x,1.4901161e-06
3.9280,B,path.twc_target_y,0
3.9280,B,path.twc_target_z,0.60000002
3.9280,B,pid.gyrox.Des,5.2803268
3.9280,B,pid.gyrox.FB,-1.7688628
3.9280,B,pid.gyrox.U,32.191334
3.9280,B,pid.gyroy.Des,-12.428753
3.9280,B,pid.gyroy.FB,-0.016938826
3.9280,B,pid.gyroy.U,-13.032551
3.9280,B,pid.gyroz.Des,-5.6858902
3.9280,B,pid.gyroz.FB,6.3755665
3.9280,B,pid.gyroz.U,-98.568436
3.9280,B,pid.locx.Des,1.4901161e-06
3.9280,B,pid.locx.FB,24.503025
3.9280,B,pid.locx.U,-21.444485
3.9280,B,pid.locxs.Des,-21.444485
3.9280,B,pid.locxs.FB,-5.2056174
3.9280,B,pid.locxs.U,-52.399429
3.9280,B,pid.locy.Des,0
3.9280,B,pid.locy.FB,9.3623276
3.9280,B,pid.locy.U,-9.551424
3.9280,B,pid.locys.Des,-9.551424
3.9280,B,pid.locys.FB,3.1466718
3.9280,B,pid.locys.U,-42.914005
3.9280,B,pid.pitch.Des,-3.889591
3.9280,B,pid.pitch.FB,0.27326214
3.9280,B,pid.pitch.U,-12.428753
3.9280,B,pid.roll.Des,0.69179958
3.9280,B,pid.roll.FB,-1.0185679
3.9280,B,pid.roll.U,5.2803268
3.9280,B,pid.yaw.Des,40
3.9280,B,pid.yaw.FB,40.614315
3.9280,B,pid.yaw.U,-5.6858902
3.9280,B,pid.z_pos.Des,0.60000002
3.9280,B,pid.z_pos.FB,0.59989828
3.9280,B,pid.z_pos.U,-0.093847685
3.9280,B,pid.z_rate.Des,-0.093847685
3.9280,B,pid.z_rate.FB,0.16179091
3.9280,B,pid.z_rate.U,-115.30544
3.9280,B,status.vbat,0
4.1290,A,mrac.pitch.e,0.14110057
4.1290,A,mrac.pitch.u_ad,-0.032892406
4.1290,A,mrac.roll.e,0.038266748
4.1290,A,mrac.roll.u_ad,0.15653536
4.1290,A,mrac.yaw.e,0.14748557
4.1290,A,mrac.yaw.u_ad,-0.012350071
4.1290,A,mrac.z.e,0.094691083
4.1290,A,mrac.z.u_ad,-0.057361215
4.1290,A,status.arm,1
4.1290,A,status.flymode,1
4.1290,A,status.rc_authority,1
4.1290,A,status.sbus_lost,0
4.1290,A,status.twc_arrived,0
4.1290,A,status.twc_execute,1
4.1290,B,mrac.pitch.theta_0,2.6940856e-11
4.1290,B,mrac.pitch.theta_1,0.0037594738
4.1290,B,mrac.pitch.theta_2,0.0021830995
4.1290,B,mrac.pitch.theta_3,0.0062011783
4.1290,B,mrac.pitch.theta_4,0.11893921
4.1290,B,mrac.pitch.theta_5,0.14497139
4.1290,B,mrac.pitch.u_nom,0.002051712
4.1290,B,mrac.pitch.xm,-0.20678826
4.1290,B,mrac.roll.theta_0,0.14673424
4.1290,B,mrac.roll.theta_1,0.0016536909
4.1290,B,mrac.roll.theta_2,0.0037490726
4.1290,B,mrac.roll.theta_3,0.0055928775
4.1290,B,mrac.roll.theta_4,0.13308743
4.1290,B,mrac.roll.theta_5,0.14239137
4.1290,B,mrac.roll.u_nom,-0.090599693
4.1290,B,mrac.roll.xm,0.075919464
4.1290,B,mrac.yaw.theta_0,2.4092767e-06
4.1290,B,mrac.yaw.theta_1,0.0029982468
4.1290,B,mrac.yaw.theta_2,0.0035766454
4.1290,B,mrac.yaw.theta_3,0
4.1290,B,mrac.yaw.theta_4,0.038561426
4.1290,B,mrac.yaw.theta_5,0.086260192
4.1290,B,mrac.yaw.u_nom,-0.027082851
4.1290,B,mrac.yaw.xm,-0.1234373
4.1290,B,mrac.z.theta_0,0.0070273867
4.1290,B,mrac.z.theta_1,0.0026894908
4.1290,B,mrac.z.theta_2,0.0062233582
4.1290,B,mrac.z.theta_3,0
4.1290,B,mrac.z.theta_4,0.19555125
4.1290,B,mrac.z.theta_5,0.18946359
4.1290,B,mrac.z.u_nom,-0.23424166
4.1290,B,mrac.z.xm,-0.092821352
4.1290,B,path.active_path_mode,1
4.1290,B,path.circle_theta,0
4.1290,B,path.sinusoid_t_elapsed,0
4.1290,B,path.twc_arrived,0
4.1290,B,path.twc_target_x,1.4901161e-06
4.1290,B,path.twc_target_y,0
4.1290,B,path.twc_target_z,0.60000002
4.1290,B,pid.gyrox.Des,4.3498631
4.1290,B,pid.gyrox.FB,6.3430686
4.1290,B,pid.gyrox.U,-106.00164
4.1290,B,pid.gyroy.Des,-11.848089
4.1290,B,pid.gyroy.FB,-7.4085517
4.1290,B,pid.gyroy.U,2.4005032
4.1290,B,pid.gyroz.Des,-7.0724335
4.1290,B,pid.gyroz.FB,-0.98666078
4.1290,B,pid.gyroz.U,-50.699097
4.1290,B,pid.locx.Des,1.4901161e-06
4.1290,B,pid.locx.FB,23.755136
4.1290,B,pid.locx.U,-20.840736
4.1290,B,pid.locxs.Des,-20.840736
4.1290,B,pid.locxs.FB,-6.0518188
4.1290,B,pid.locxs.U,-44.151726
4.1290,B,pid.locy.Des,0
4.1290,B,pid.locy.FB,9.8884163
4.1290,B,pid.locy.U,-10.052034
4.1290,B,pid.locys.Des,-10.052034
4.1290,B,pid.locys.FB,5.2321591
4.1290,B,pid.locys.U,-46.04422
4.1290,B,pid.pitch.Des,-3.7161732
4.1290,B,pid.pitch.FB,0.29309341
4.1290,B,pid.pitch.U,-11.848089
4.1290,B,pid.roll.Des,0.19197957
4.1290,B,pid.roll.FB,-1.1498005
4.1290,B,pid.roll.U,4.3498631
4.1290,B,pid.yaw.Des,40
4.1290,B,pid.yaw.FB,40.845406
4.1290,B,pid.yaw.U,-7.0724335
4.1290,B,pid.z_pos.Des,0.60000002
4.1290,B,pid.z_pos.FB,0.59987128
4.1290,B,pid.z_pos.U,-0.092821352
4.1290,B,pid.z_rate.Des,-0.092821352
4.1290,B,pid.z_rate.FB,0.0045577744
4.1290,B,pid.z_rate.U,-52.001648
4.1290,B,status.vbat,0
4.3288,A,mrac.pitch.e,0.068036608
4.3288,A,mrac.pitch.u_ad,-0.030196365
4.3288,A,mrac.roll.e,0.03174372
4.3288,A,mrac.roll.u_ad,0.15748216
4.3288,A,mrac.yaw.e,0.16723789
4.3288,A,mrac.yaw.u_ad,-0.013203314
4.3288,A,mrac.z.e,-0.077388018
4.3288,A,mrac.z.u_ad,-0.037105583
4.3288,A,status.arm,1
4.3288,A,status.flymode,1
4.3288,A,status.rc_authority,1
4.3288,A,status.sbus_lost,0
4.3288,A,status.twc_arrived,0
4.3288,A,status.twc_execute,1
4.3289,B,mrac.pitch.theta_0,1.3828943e-11
4.3289,B,mrac.pitch.theta_1,0.0037915795
4.3289,B,mrac.pitch.theta_2,0.0021822152
4.3289,B,mrac.pitch.theta_3,0.0062004812
4.3289,B,mrac.pitch.theta_4,0.1189721
4.3289,B,mrac.pitch.theta_5,0.14496963
4.3289,B,mrac.pitch.u_nom,-0.079148881
4.3289,B,mrac.pitch.xm,-0.18416555
4.3289,B,mrac.roll.theta_0,0.14666115
4.3289,B,mrac.roll.theta_1,0.0016227288
4.3289,B,mrac.roll.theta_2,0.0037535399
4.3289,B,mrac.roll.theta_3,0.0055922559
4.3289,B,mrac.roll.theta_4,0.13313049
4.3289,B,mrac.roll.theta_5,0.14236839
4.3289,B,mrac.roll.u_nom,0.11341488
4.3289,B,mrac.roll.xm,0.055586144
4.3289,B,mrac.yaw.theta_0,1.2109723e-06
4.3289,B,mrac.yaw.theta_1,0.0029881557
4.3289,B,mrac.yaw.theta_2,0.0035750291
4.3289,B,mrac.yaw.theta_3,0
4.3289,B,mrac.yaw.theta_4,0.038599242
4.3289,B,mrac.yaw.theta_5,0.086269841
4.3289,B,mrac.yaw.u_nom,-0.024569839
4.3289,B,mrac.yaw.xm,-0.13843557
4.3289,B,mrac.z.theta_0,0.0065056281
4.3289,B,mrac.z.theta_1,0.0026874028
4.3289,B,mrac.z.theta_2,0.0062223286
4.3289,B,mrac.z.theta_3,0
4.3289,B,mrac.z.theta_4,0.19552422
4.3289,B,mrac.z.theta_5,0.18943718
4.3289,B,mrac.z.u_nom,-0.22444312
4.3289,B,mrac.z.xm,-0.092747808
4.3289,B,path.active_path_mode,1
4.3289,B,path.circle_theta,0
4.3289,B,path.sinusoid_t_elapsed,0
4.3289,B,path.twc_arrived,0
4.3289,B,path.twc_target_x,1.4901161e-06
4.3289,B,path.twc_target_y,0
4.3289,B,path.twc_target_z,0.60000002
4.3289,B,pid.gyrox.Des,3.1848502
4.3289,B,pid.gyrox.FB,-5.4073715
4.3289,B,pid.gyrox.U,132.6954
4.3289,B,pid.gyroy.Des,-10.551905
4.3289,B,pid.gyroy.FB,0.41406277
4.3289,B,pid.gyroy.U,-92.604187
4.3289,B,pid.gyroz.Des,-7.9317703
4.3289,B,pid.gyroz.FB,-2.4311919
4.3289,B,pid.gyroz.U,-45.99474
4.3289,B,pid.locx.Des,1.4901161e-06
4.3289,B,pid.locx.FB,22.798559
4.3289,B,pid.locx.U,-19.971077
4.3289,B,pid.locxs.Des,-19.971077
4.3289,B,pid.locxs.FB,-8.2043104
4.3289,B,pid.locxs.U,-34.972351
4.3289,B,pid.locy.Des,0
4.3289,B,pid.locy.FB,10.639989
4.3289,B,pid.locy.U,-10.691721
4.3289,B,pid.locys.Des,-10.691721
4.3289,B,pid.locys.FB,5.8042479
4.3289,B,pid.locys.U,-49.694275
4.3289,B,pid.pitch.Des,-3.5261359
4.3289,B,pid.pitch.FB,0.021920977
4.3289,B,pid.pitch.U,-10.551905
4.3289,B,pid.roll.Des,-0.36202151
4.3289,B,pid.roll.FB,-1.5062214
4.3289,B,pid.roll.U,3.1848502
4.3289,B,pid.yaw.Des,40
4.3289,B,pid.yaw.FB,40.988628
4.3289,B,pid.yaw.U,-7.9317703
4.3289,B,pid.z_pos.Des,0.60000002
4.3289,B,pid.z_pos.FB,0.5997926
4.3289,B,pid.z_pos.U,-0.092747808
4.3289,B,pid.z_rate.Des,-0.092747808
4.3289,B,pid.z_rate.FB,-0.00080686458
4.3289,B,pid.z_rate.U,-49.826374
4.3289,B,status.vbat,0
4.5447,A,mrac.pitch.e,0.085864894
4.5447,A,mrac.pitch.u_ad,-0.029292516
4.5447,A,mrac.roll.e,-0.016418926
4.5447,A,mrac.roll.u_ad,0.16133676
4.5447,A,mrac.yaw.e,0.12954047
4.5447,A,mrac.yaw.u_ad,-0.014377186
4.5447,A,mrac.z.e,0.082853526
4.5447,A,mrac.z.u_ad,-0.047505308
4.5447,A,status.arm,1
4.5447,A,status.flymode,1
4.5447,A,status.rc_authority,1
4.5447,A,status.sbus_lost,0
4.5447,A,status.twc_arrived,0
4.5447,A,status.twc_execute,1
4.5448,B,mrac.pitch.theta_0,5.3492627e-12
4.5448,B,mrac.pitch.theta_1,0.0038135555
4.5448,B,mrac.pitch.theta_2,0.0021797707
4.5448,B,mrac.pitch.theta_3,0.0061995252
4.5448,B,mrac.pitch.theta_4,0.11905728
4.5448,B,mrac.pitch.theta_5,0.14496276
4.5448,B,mrac.pitch.u_nom,0.07615824
4.5448,B,mrac.pitch.xm,-0.17750527
4.5448,B,mrac.roll.theta_0,0.14687283
4.5448,B,mrac.roll.theta_1,0.0015826459
4.5448,B,mrac.roll.theta_2,0.0037586901
4.5448,B,mrac.roll.theta_3,0.0055912929
4.5448,B,mrac.roll.theta_4,0.13318861
4.5448,B,mrac.roll.theta_5,0.14233725
4.5448,B,mrac.roll.u_nom,0.078540571
4.5448,B,mrac.roll.xm,0.071589969
4.5448,B,mrac.yaw.theta_0,4.1550189e-07
4.5448,B,mrac.yaw.theta_1,0.002977279
4.5448,B,mrac.yaw.theta_2,0.0035732985
4.5448,B,mrac.yaw.theta_3,0
4.5448,B,mrac.yaw.theta_4,0.038659222
4.5448,B,mrac.yaw.theta_5,0.086288899
4.5448,B,mrac.yaw.u_nom,-0.029382879
4.5448,B,mrac.yaw.xm,-0.15346099
4.5448,B,mrac.z.theta_0,0.0076569286
4.5448,B,mrac.z.theta_1,0.0027015649
4.5448,B,mrac.z.theta_2,0.0062236451
4.5448,B,mrac.z.theta_3,0
4.5448,B,mrac.z.theta_4,0.19548158
4.5448,B,mrac.z.theta_5,0.18938145
4.5448,B,mrac.z.u_nom,-0.20422474
4.5448,B,mrac.z.xm,-0.084651403
4.5448,B,path.active_path_mode,1
4.5448,B,path.circle_theta,0
4.5448,B,path.sinusoid_t_elapsed,0
4.5448,B,path.twc_arrived,0
4.5448,B,path.twc_target_x,1.4901161e-06
4.5448,B,path.twc_target_y,0
4.5448,B,path.twc_target_z,0.60000002
4.5448,B,pid.gyrox.Des,4.1018014
4.5448,B,pid.gyrox.FB,-3.9266551
4.5448,B,pid.gyrox.U,91.892471
4.5448,B,pid.gyroy.Des,-10.170299
4.5448,B,pid.gyroy.FB,-8.1327477
4.5448,B,pid.gyroy.U,89.105141
4.5448,B,pid.gyroz.Des,-8.7926636
4.5448,B,pid.gyroz.FB,-2.1737001
4.5448,B,pid.gyroz.U,-55.004749
4.5448,B,pid.locx.Des,1.4901161e-06
4.5448,B,pid.locx.FB,21.376553
4.5448,B,pid.locx.U,-18.864065
4.5448,B,pid.locxs.Des,-18.864065
4.5448,B,pid.locxs.FB,-7.436554
4.5448,B,pid.locxs.U,-33.979095
4.5448,B,pid.locy.Des,0
4.5448,B,pid.locy.FB,11.732969
4.5448,B,pid.locy.U,-11.540478
4.5448,B,pid.locys.Des,-11.540478
4.5448,B,pid.locys.FB,5.1669779
4.5448,B,pid.locys.U,-50.280087
4.5448,B,pid.pitch.Des,-3.512285
4.5448,B,pid.pitch.FB,-0.13619176
4.5448,B,pid.pitch.U,-10.170299
4.5448,B,pid.roll.Des,-0.43708298
4.5448,B,pid.roll.FB,-1.8388747
4.5448,B,pid.roll.U,4.1018014
4.5448,B,pid.yaw.Des,40
4.5448,B,pid.yaw.FB,41.132111
4.5448,B,pid.yaw.U,-8.7926636
4.5448,B,pid.z_pos.Des,0.60000002
4.5448,B,pid.z_pos.FB,0.58969444
4.5448,B,pid.z_pos.U,-0.084651403
4.5448,B,pid.z_rate.Des,-0.084651403
4.5448,B,pid.z_rate.FB,-0.0039316681
4.5448,B,pid.z_rate.U,-45.337891
4.5448,B,status.vbat,0
4.7448,A,mrac.pitch.e,0.046490073
4.7448,A,mrac.pitch.u_ad,-0.026379261
4.7448,A,mrac.roll.e,-0.095856659
4.7448,A,mrac.roll.u_ad,0.16643736
4.7448,A,mrac.yaw.e,0.15802085
4.7448,A,mrac.yaw.u_ad,-0.012974226
4.7448,A,mrac.z.e,0.10521971
4.7448,A,mrac.z.u_ad,-0.055917691
4.7448,A,status.arm,1
4.7448,A,status.flymode,1
4.7448,A,status.rc_authority,1
4.7448,A,status.sbus_lost,0
4.7448,A,status.twc_arrived,0
4.7448,A,status.twc_execute,1
4.7448,B,mrac.pitch.theta_0,2.8136018e-12
4.7448,B,mrac.pitch.theta_1,0.0038134153
4.7448,B,mrac.pitch.theta_2,0.0021776452
4.7448,B,mrac.pitch.theta_3,0.0061991243
4.7448,B,mrac.pitch.theta_4,0.11911135
4.7448,B,mrac.pitch.theta_5,0.14495496
4.7448,B,mrac.pitch.u_nom,0.052228779
4.7448,B,mrac.pitch.xm,-0.17367163
4.7448,B,mrac.roll.theta_0,0.1475306
4.7448,B,mrac.roll.theta_1,0.001563662
4.7448,B,mrac.roll.theta_2,0.0037624808
4.7448,B,mrac.roll.theta_3,0.0055910717
4.7448,B,mrac.roll.theta_4,0.13324235
4.7448,B,mrac.roll.theta_5,0.14233254
4.7448,B,mrac.roll.u_nom,-0.050294034
4.7448,B,mrac.roll.xm,0.13009116
4.7448,B,mrac.yaw.theta_0,2.397876e-07
4.7448,B,mrac.yaw.theta_1,0.0029877243
4.7448,B,mrac.yaw.theta_2,0.003572301
4.7448,B,mrac.yaw.theta_3,0
4.7448,B,mrac.yaw.theta_4,0.038682103
4.7448,B,mrac.yaw.theta_5,0.086294606
4.7448,B,mrac.yaw.u_nom,-0.033898871
4.7448,B,mrac.yaw.xm,-0.13569038
4.7448,B,mrac.z.theta_0,0.009299336
4.7448,B,mrac.z.theta_1,0.0026818472
4.7448,B,mrac.z.theta_2,0.0062248805
4.7448,B,mrac.z.theta_3,0
4.7448,B,mrac.z.theta_4,0.19545847
4.7448,B,mrac.z.theta_5,0.1893346
4.7448,B,mrac.z.u_nom,-0.38798764
4.7448,B,mrac.z.xm,-0.084558472
4.7448,B,path.active_path_mode,1
4.7448,B,path.circle_theta,0
4.7448,B,path.sinusoid_t_elapsed,0
4.7448,B,path.twc_arrived,0
4.7448,B,path.twc_target_x,1.4901161e-06
4.7448,B,path.twc_target_y,0
4.7448,B,path.twc_target_z,0.60000002
4.7448,B,pid.gyrox.Des,7.4536715
4.7448,B,pid.gyrox.FB,0.024925264
4.7448,B,pid.gyrox.U,-58.844021
4.7448,B,pid.gyroy.Des,-9.9506474
4.7448,B,pid.gyroy.FB,-2.3136022
4.7448,B,pid.gyroy.U,61.10767
4.7448,B,pid.gyroz.Des,-7.7744827
4.7448,B,pid.gyroz.FB,-0.094160073
4.7448,B,pid.gyroz.U,-63.458687
4.7448,B,pid.locx.Des,1.4901161e-06
4.7448,B,pid.locx.FB,20.596626
4.7448,B,pid.locx.U,-18.317778
4.7448,B,pid.locxs.Des,-18.317778
4.7448,B,pid.locxs.FB,-5.1864042
4.7448,B,pid.locxs.U,-43.720089
4.7448,B,pid.locy.Des,0
4.7448,B,pid.locy.FB,12.245625
4.7448,B,pid.locy.U,-11.88732
4.7448,B,pid.locys.Des,-11.88732
4.7448,B,pid.locys.FB,3.1782405
4.7448,B,pid.locys.U,-41.396671
4.7448,B,pid.pitch.Des,-3.4945555
4.7448,B,pid.pitch.FB,-0.2269647
4.7448,B,pid.pitch.U,-9.9506474
4.7448,B,pid.roll.Des,0.34333917
4.7448,B,pid.roll.FB,-1.9615306
4.7448,B,pid.roll.U,7.4536715
4.7448,B,pid.yaw.Des,40
4.7448,B,pid.yaw.FB,40.962414
4.7448,B,pid.yaw.U,-7.7744827
4.7448,B,pid.z_pos.Des,0.60000002
4.7448,B,pid.z_pos.FB,0.58964962
4.7448,B,pid.z_pos.U,-0.084558472
4.7448,B,pid.z_rate.Des,-0.084558472
4.7448,B,pid.z_rate.FB,0.098485477
4.7448,B,pid.z_rate.U,-86.133255
4.7448,B,status.vbat,0
4.9466,A,mrac.pitch.e,0.36567223
4.9466,A,mrac.pitch.u_ad,-0.027143773
4.9466,A,mrac.roll.e,-0.26242161
4.9466,A,mrac.roll.u_ad,0.17687012
4.9466,A,mrac.yaw.e,0.17559865
4.9466,A,mrac.yaw.u_ad,-0.014530924
4.9466,A,mrac.z.e,0.12518701
4.9466,A,mrac.z.u_ad,-0.073180221
4.9466,A,status.arm,1
4.9466,A,status.flymode,1
4.9466,A,status.rc_authority,1
4.9466,A,status.sbus_lost,0
4.9466,A,status.twc_arrived,0
4.9466,A,status.twc_execute,1
4.9466,B,mrac.pitch.theta_0,1.1570927e-12
4.9466,B,mrac.pitch.theta_1,0.0037493568
4.9466,B,mrac.pitch.theta_2,0.0021735772
4.9466,B,mrac.pitch.theta_3,0.0061985627
4.9466,B,mrac.pitch.theta_4,0.11922762
4.9466,B,mrac.pitch.theta_5,0.14494275
4.9466,B,mrac.pitch.u_nom,-0.15335277
4.9466,B,mrac.pitch.xm,-0.12492022
4.9466,B,mrac.roll.theta_0,0.14838284
4.9466,B,mrac.roll.theta_1,0.0015204558
4.9466,B,mrac.roll.theta_2,0.0037781755
4.9466,B,mrac.roll.theta_3,0.0055894568
4.9466,B,mrac.roll.theta_4,0.13337506
4.9466,B,mrac.roll.theta_5,0.14233232
4.9466,B,mrac.roll.u_nom,0.17160267
4.9466,B,mrac.roll.xm,0.15203059
4.9466,B,mrac.yaw.theta_0,8.3476422e-08
4.9466,B,mrac.yaw.theta_1,0.0029764252
4.9466,B,mrac.yaw.theta_2,0.0035704852
4.9466,B,mrac.yaw.theta_3,0
4.9466,B,mrac.yaw.theta_4,0.038740553
4.9466,B,mrac.yaw.theta_5,0.086311772
4.9466,B,mrac.yaw.u_nom,-0.027609866
4.9466,B,mrac.yaw.xm,-0.15177841
4.9466,B,mrac.z.theta_0,0.0080253147
4.9466,B,mrac.z.theta_1,0.0026221296
4.9466,B,mrac.z.theta_2,0.0062171347
4.9466,B,mrac.z.theta_3,0
4.9466,B,mrac.z.theta_4,0.19546399
4.9466,B,mrac.z.theta_5,0.18930453
4.9466,B,mrac.z.u_nom,-0.35860887
4.9466,B,mrac.z.xm,-0.089353368
4.9466,B,path.active_path_mode,1
4.9466,B,path.circle_theta,0
4.9466,B,path.sinusoid_t_elapsed,0
4.9466,B,path.twc_arrived,0
4.9466,B,path.twc_target_x,1.4901161e-06
4.9466,B,path.twc_target_y,0
4.9466,B,path.twc_target_z,0.60000002
4.9466,B,pid.gyrox.Des,8.7107077
4.9466,B,pid.gyrox.FB,-10.642475
4.9466,B,pid.gyrox.U,200.77512
4.9466,B,pid.gyroy.Des,-7.1573982
4.9466,B,pid.gyroy.FB,8.5791178
4.9466,B,pid.gyroy.U,-179.42273
4.9466,B,pid.gyroz.Des,-8.6962585
4.9466,B,pid.gyroz.FB,-2.4770527
4.9466,B,pid.gyroz.U,-51.685669
4.9466,B,pid.locx.Des,1.4901161e-06
4.9466,B,pid.locx.FB,19.467773
4.9466,B,pid.locx.U,-17.41839
4.9466,B,pid.locxs.Des,-17.41839
4.9466,B,pid.locxs.FB,-4.9862757
4.9466,B,pid.locxs.U,-37.658455
4.9466,B,pid.locy.Des,0
4.9466,B,pid.locy.FB,12.578504
4.9466,B,pid.locy.U,-12.103265
4.9466,B,pid.locys.Des,-12.103265
4.9466,B,pid.locys.FB,0.37020421
4.9466,B,pid.locys.U,-28.996531
4.9466,B,pid.pitch.Des,-2.7187159
4.9466,B,pid.pitch.FB,-0.33157066
4.9466,B,pid.pitch.U,-7.1573982
4.9466,B,pid.roll.Des,0.54353052
4.9466,B,pid.roll.FB,-2.4048507
4.9466,B,pid.roll.U,8.7107077
4.9466,B,pid.yaw.Des,40
4.9466,B,pid.yaw.FB,41.116043
4.9466,B,pid.yaw.U,-8.6962585
4.9466,B,pid.z_pos.Des,0.60000002
4.9466,B,pid.z_pos.FB,0.5994615
4.9466,B,pid.z_pos.U,-0.089353368
4.9466,B,pid.z_rate.Des,-0.089353368
4.9466,B,pid.z_rate.FB,0.077049538
4.9466,B,pid.z_rate.U,-79.611168
4.9466,B,status.vbat,0
5.1618,A,mrac.pitch.e,0.30013317
5.1618,A,mrac.pitch.u_ad,-0.028943995
5.1618,A,mrac.roll.e,-0.28189352
5.1618,A,mrac.roll.u_ad,0.17921075
5.1618,A,mrac.yaw.e,0.21116415
5.1618,A,mrac.yaw.u_ad,-0.015942393
5.1618,A,mrac.z.e,0.14796035
5.1618,A,mrac.z.u_ad,-0.089586951
5.1618,A,status.arm,1
5.1618,A,status.flymode,1
5.1618,A,status.rc_authority,1
5.1618,A,status.sbus_lost,0
5.1618,A,status.twc_arrived,0
5.1618,A,status.twc_execute,1
5.1618,B,mrac.pitch.theta_0,5.9549924e-13
5.1618,B,mrac.pitch.theta_1,0.0036982666
5.1618,B,mrac.pitch.theta_2,0.0021693334
5.1618,B,mrac.pitch.theta_3,0.0061984551
5.1618,B,mrac.pitch.theta_4,0.11930724
5.1618,B,mrac.pitch.theta_5,0.14493406
5.1618,B,mrac.pitch.u_nom,0.066011176
5.1618,B,mrac.pitch.xm,-0.15687443
5.1618,B,mrac.roll.theta_0,0.1486581
5.1618,B,mrac.roll.theta_1,0.0015157006
5.1618,B,mrac.roll.theta_2,0.0037844717
5.1618,B,mrac.roll.theta_3,0.0055890274
5.1618,B,mrac.roll.theta_4,0.13345611
5.1618,B,mrac.roll.theta_5,0.1423426
5.1618,B,mrac.roll.u_nom,-0.081885457
5.1618,B,mrac.roll.xm,0.16454397
5.1618,B,mrac.yaw.theta_0,3.8627753e-08
5.1618,B,mrac.yaw.theta_1,0.0029668971
5.1618,B,mrac.yaw.theta_2,0.0035687562
5.1618,B,mrac.yaw.theta_3,0
5.1618,B,mrac.yaw.theta_4,0.038788296
5.1618,B,mrac.yaw.theta_5,0.086328149
5.1618,B,mrac.yaw.u_nom,-0.043457478
5.1618,B,mrac.yaw.xm,-0.16188431
5.1618,B,mrac.z.theta_0,0.0070087775
5.1618,B,mrac.z.theta_1,0.0025279599
5.1618,B,mrac.z.theta_2,0.0062030065
5.1618,B,mrac.z.theta_3,0
5.1618,B,mrac.z.theta_4,0.19552451
5.1618,B,mrac.z.theta_5,0.18930793
5.1618,B,mrac.z.u_nom,-0.54612464
5.1618,B,mrac.z.xm,-0.10401332
5.1618,B,path.active_path_mode,1
5.1618,B,path.circle_theta,0
5.1618,B,path.sinusoid_t_elapsed,0
5.1618,B,path.twc_arrived,0
5.1618,B,path.twc_target_x,1.4901161e-06
5.1618,B,path.twc_target_y,0
5.1618,B,path.twc_target_z,0.60000002
5.1618,B,pid.gyrox.Des,9.4276714
5.1618,B,pid.gyrox.FB,9.3862705
5.1618,B,pid.gyrox.U,-95.805984
5.1618,B,pid.gyroy.Des,-8.9882393
5.1618,B,pid.gyroy.FB,-6.3106384
5.1618,B,pid.gyroy.U,77.233078
5.1618,B,pid.gyroz.Des,-9.2752838
5.1618,B,pid.gyroz.FB,0.64714795
5.1618,B,pid.gyroz.U,-81.352402
5.1618,B,pid.locx.Des,1.4901161e-06
5.1618,B,pid.locx.FB,19.032667
5.1618,B,pid.locx.U,-17.202415
5.1618,B,pid.locxs.Des,-17.202415
5.1618,B,pid.locxs.FB,-1.3177075
5.1618,B,pid.locxs.U,-45.364922
5.1618,B,pid.locy.Des,0
5.1618,B,pid.locy.FB,12.566834
5.1618,B,pid.locy.U,-12.026379
5.1618,B,pid.locys.Des,-12.026379
5.1618,B,pid.locys.FB,-1.504542
5.1618,B,pid.locys.U,-33.507629
5.1618,B,pid.pitch.Des,-3.2128158
5.1618,B,pid.pitch.FB,-0.14839174
5.1618,B,pid.pitch.U,-8.9882393
5.1618,B,pid.roll.Des,0.70399433
5.1618,B,pid.roll.FB,-2.3911858
5.1618,B,pid.roll.U,9.4276714
5.1618,B,pid.yaw.Des,40
5.1618,B,pid.yaw.FB,41.212547
5.1618,B,pid.yaw.U,-9.2752838
5.1618,B,pid.z_pos.Des,0.60000002
5.1618,B,pid.z_pos.FB,0.61945802
5.1618,B,pid.z_pos.U,-0.10401332
5.1618,B,pid.z_rate.Des,-0.10401332
5.1618,B,pid.z_rate.FB,0.16646084
5.1618,B,pid.z_rate.U,-121.23967
5.1618,B,status.vbat,0
5.3621,A,mrac.pitch.e,0.1154526
5.3621,A,mrac.pitch.u_ad,-0.030628307
5.3621,A,mrac.roll.e,-0.18556789
5.3621,A,mrac.roll.u_ad,0.18135148
5.3621,A,mrac.yaw.e,0.1290305
5.3621,A,mrac.yaw.u_ad,-0.017573357
5.3621,A,mrac.z.e,0.12571105
5.3621,A,mrac.z.u_ad,-0.078406729
5.3621,A,status.arm,1
5.3621,A,status.flymode,1
5.3621,A,status.rc_authority,1
5.3621,A,status.sbus_lost,0
5.3621,A,status.twc_arrived,0
5.3621,A,status.twc_execute,1
5.3622,B,mrac.pitch.theta_0,2.2198981e-13
5.3622,B,mrac.pitch.theta_1,0.0036688359
5.3622,B,mrac.pitch.theta_2,0.0021656
5.3622,B,mrac.pitch.theta_3,0.0061972821
5.3622,B,mrac.pitch.theta_4,0.11941494
5.3622,B,mrac.pitch.theta_5,0.14492586
5.3622,B,mrac.pitch.u_nom,-0.059065063
5.3622,B,mrac.pitch.xm,-0.17824876
5.3622,B,mrac.roll.theta_0,0.14887564
5.3622,B,mrac.roll.theta_1,0.0015207804
5.3622,B,mrac.roll.theta_2,0.0037908715
5.3622,B,mrac.roll.theta_3,0.0055882945
5.3622,B,mrac.roll.theta_4,0.13358375
5.3622,B,mrac.roll.theta_5,0.14237136
5.3622,B,mrac.roll.u_nom,-0.0019653549
5.3622,B,mrac.roll.xm,0.17037374
5.3622,B,mrac.yaw.theta_0,1.0720139e-08
5.3622,B,mrac.yaw.theta_1,0.0029494718
5.3622,B,mrac.yaw.theta_2,0.0035664481
5.3622,B,mrac.yaw.theta_3,0
5.3622,B,mrac.yaw.theta_4,0.038879812
5.3622,B,mrac.yaw.theta_5,0.086366452
5.3622,B,mrac.yaw.u_nom,-0.05093598
5.3622,B,mrac.yaw.xm,-0.18421692
5.3622,B,mrac.z.theta_0,0.0057847342
5.3622,B,mrac.z.theta_1,0.0024359098
5.3622,B,mrac.z.theta_2,0.0061914409
5.3622,B,mrac.z.theta_3,0
5.3622,B,mrac.z.theta_4,0.19558989
5.3622,B,mrac.z.theta_5,0.18932202
5.3622,B,mrac.z.u_nom,-0.30062243
5.3622,B,mrac.z.xm,-0.11414362
5.3622,B,path.active_path_mode,1
5.3622,B,path.circle_theta,0
5.3622,B,path.sinusoid_t_elapsed,0
5.3622,B,path.twc_arrived,0
5.3622,B,path.twc_target_x,1.4901161e-06
5.3622,B,path.twc_target_y,0
5.3622,B,path.twc_target_z,0.60000002
5.3622,B,pid.gyrox.Des,9.761692
5.3622,B,pid.gyrox.FB,7.6283832
5.3622,B,pid.gyrox.U,-2.2994652
5.3622,B,pid.gyroy.Des,-10.212897
5.3622,B,pid.gyroy.FB,-0.019014381
5.3622,B,pid.gyroy.U,-69.106125
5.3622,B,pid.gyroz.Des,-10.554848
5.3622,B,pid.gyroz.FB,1.109859
5.3622,B,pid.gyroz.U,-95.352158
5.3622,B,pid.locx.Des,1.4901161e-06
5.3622,B,pid.locx.FB,19.300179
5.3622,B,pid.locx.U,-17.548111
5.3622,B,pid.locxs.Des,-17.548111
5.3622,B,pid.locxs.FB,2.2494404
5.3622,B,pid.locxs.U,-59.540951
5.3622,B,pid.locy.Des,0
5.3622,B,pid.locy.FB,12.204609
5.3622,B,pid.locy.U,-11.668401
5.3622,B,pid.locys.Des,-11.668401
5.3622,B,pid.locys.FB,-1.9849479
5.3622,B,pid.locys.U,-28.928179
5.3622,B,pid.pitch.Des,-3.5622556
5.3622,B,pid.pitch.FB,-0.12559517
5.3622,B,pid.pitch.U,-10.212897
5.3622,B,pid.roll.Des,1.4897612
5.3622,B,pid.roll.FB,-1.9768244
5.3622,B,pid.roll.U,9.761692
5.3622,B,pid.yaw.Des,40
5.3622,B,pid.yaw.FB,41.425808
5.3622,B,pid.yaw.U,-10.554848
5.3622,B,pid.z_pos.Des,0.60000002
5.3622,B,pid.z_pos.FB,0.62962353
5.3622,B,pid.z_pos.U,-0.11414362
5.3622,B,pid.z_rate.Des,-0.11414362
5.3622,B,pid.z_rate.FB,0.020076828
5.3622,B,pid.z_rate.U,-66.738182
5.3622,B,status.vbat,0
5.5782,A,mrac.pitch.e,0.17446308
5.5782,A,mrac.pitch.u_ad,-0.031133803
5.5782,A,mrac.roll.e,-0.20137657
5.5782,A,mrac.roll.u_ad,0.18135211
5.5782,A,mrac.yaw.e,0.19710255
5.5782,A,mrac.yaw.u_ad,-0.017901473
5.5782,A,mrac.z.e,0.11892387
5.5782,A,mrac.z.u_ad,-0.070400819
5.5782,A,status.arm,1
5.5782,A,status.flymode,1
5.5782,A,status.rc_authority,1
5.5782,A,status.sbus_lost,0
5.5782,A,status.twc_arrived,0
5.5782,A,status.twc_execute,1
5.5783,B,mrac.pitch.theta_0,1.2079836e-13
5.5783,B,mrac.pitch.theta_1,0.0036788071
5.5783,B,mrac.pitch.theta_2,0.0021643098
5.5783,B,mrac.pitch.theta_3,0.0061964821
5.5783,B,mrac.pitch.theta_4,0.11946826
5.5783,B,mrac.pitch.theta_5,0.14492001
5.5783,B,mrac.pitch.u_nom,-0.043843012
5.5783,B,mrac.pitch.xm,-0.17042741
5.5783,B,mrac.roll.theta_0,0.14890909
5.5783,B,mrac.roll.theta_1,0.001567045
5.5783,B,mrac.roll.theta_2,0.003793854
5.5783,B,mrac.roll.theta_3,0.0055875368
5.5783,B,mrac.roll.theta_4,0.13365488
5.5783,B,mrac.roll.theta_5,0.14239261
5.5783,B,mrac.roll.u_nom,-0.067205533
5.5783,B,mrac.roll.xm,0.14054972
5.5783,B,mrac.yaw.theta_0,4.7056457e-09
5.5783,B,mrac.yaw.theta_1,0.002952964
5.5783,B,mrac.yaw.theta_2,0.0035654265
5.5783,B,mrac.yaw.theta_3,0
5.5783,B,mrac.yaw.theta_4,0.038935941
5.5783,B,mrac.yaw.theta_5,0.086393289
5.5783,B,mrac.yaw.u_nom,-0.042056195
5.5783,B,mrac.yaw.xm,-0.18490042
5.5783,B,mrac.z.theta_0,0.0052533015
5.5783,B,mrac.z.theta_1,0.0024305247
5.5783,B,mrac.z.theta_2,0.0061903829
5.5783,B,mrac.z.theta_3,0
5.5783,B,mrac.z.theta_4,0.19558227
5.5783,B,mrac.z.theta_5,0.18931684
5.5783,B,mrac.z.u_nom,-0.27200761
5.5783,B,mrac.z.xm,-0.11677749
5.5783,B,path.active_path_mode,1
5.5783,B,path.circle_theta,0
5.5783,B,path.sinusoid_t_elapsed,0
5.5783,B,path.twc_arrived,0
5.5783,B,path.twc_target_x,1.4901161e-06
5.5783,B,path.twc_target_y,0
5.5783,B,path.twc_target_z,0.60000002
5.5783,B,pid.gyrox.Des,8.0529022
5.5783,B,pid.gyrox.FB,7.5006542
5.5783,B,pid.gyrox.U,-78.630478
5.5783,B,pid.gyroy.Des,-9.7647676
5.5783,B,pid.gyroy.FB,0.23688442
5.5783,B,pid.gyroy.U,-51.296326
5.5783,B,pid.gyroz.Des,-10.594009
5.5783,B,pid.gyroz.FB,-1.0010132
5.5783,B,pid.gyroz.U,-78.729195
5.5783,B,pid.locx.Des,1.4901161e-06
5.5783,B,pid.locx.FB,20.041782
5.5783,B,pid.locx.U,-18.23983
5.5783,B,pid.locxs.Des,-18.23983
5.5783,B,pid.locxs.FB,4.4984283
5.5783,B,pid.locxs.U,-68.466545
5.5783,B,pid.locy.Des,0
5.5783,B,pid.locy.FB,11.730103
5.5783,B,pid.locy.U,-11.255253
5.5783,B,pid.locys.Des,-11.255253
5.5783,B,pid.locys.FB,-3.970408
5.5783,B,pid.locys.U,-21.704668
5.5783,B,pid.pitch.Des,-3.5917385
5.5783,B,pid.pitch.FB,-0.31933886
5.5783,B,pid.pitch.U,-9.7647676
5.5783,B,pid.roll.Des,2.1588895
5.5783,B,pid.roll.FB,-1.5759959
5.5783,B,pid.roll.U,8.0529022
5.5783,B,pid.yaw.Des,40
5.5783,B,pid.yaw.FB,41.432335
5.5783,B,pid.yaw.U,-10.594009
5.5783,B,pid.z_pos.Des,0.60000002
5.5783,B,pid.z_pos.FB,0.62975192
5.5783,B,pid.z_pos.U,-0.11677749
5.5783,B,pid.z_rate.Des,-0.11677749
5.5783,B,pid.z_rate.FB,0.001561734
5.5783,B,pid.z_rate.U,-60.385689
5.5783,B,status.vbat,0
5.7786,A,mrac.pitch.e,0.23435764
5.7786,A,mrac.pitch.u_ad,-0.033266328
5.7786,A,mrac.roll.e,-0.28028756
5.7786,A,mrac.roll.u_ad,0.17679602
5.7786,A,mrac.yaw.e,0.089251064
5.7786,A,mrac.yaw.u_ad,-0.016350448
5.7786,A,mrac.z.e,0.063326895
5.7786,A,mrac.z.u_ad,-0.04370521
5.7786,A,status.arm,1
5.7786,A,status.flymode,1
5.7786,A,status.rc_authority,1
5.7786,A,status.sbus_lost,0
5.7786,A,status.twc_arrived,0
5.7786,A,status.twc_execute,1
5.7786,B,mrac.pitch.theta_0,4.2418814e-14
5.7786,B,mrac.pitch.theta_1,0.0036554157
5.7786,B,mrac.pitch.theta_2,0.002160372
5.7786,B,mrac.pitch.theta_3,0.006195141
5.7786,B,mrac.pitch.theta_4,0.11957192
5.7786,B,mrac.pitch.theta_5,0.14491615
5.7786,B,mrac.pitch.u_nom,-0.1762886
5.7786,B,mrac.pitch.xm,-0.19269638
5.7786,B,mrac.roll.theta_0,0.148735
5.7786,B,mrac.roll.theta_1,0.0016115336
5.7786,B,mrac.roll.theta_2,0.00379541
5.7786,B,mrac.roll.theta_3,0.0055865673
5.7786,B,mrac.roll.theta_4,0.13375187
5.7786,B,mrac.roll.theta_5,0.14240831
5.7786,B,mrac.roll.u_nom,0.14603908
5.7786,B,mrac.roll.xm,0.16558914
5.7786,B,mrac.yaw.theta_0,1.4410405e-09
5.7786,B,mrac.yaw.theta_1,0.0029656596
5.7786,B,mrac.yaw.theta_2,0.0035637761
5.7786,B,mrac.yaw.theta_3,0
5.7786,B,mrac.yaw.theta_4,0.039011829
5.7786,B,mrac.yaw.theta_5,0.086428173
5.7786,B,mrac.yaw.u_nom,-0.039861128
5.7786,B,mrac.yaw.xm,-0.1764847
5.7786,B,mrac.z.theta_0,0.0053800344
5.7786,B,mrac.z.theta_1,0.0024228392
5.7786,B,mrac.z.theta_2,0.0061903205
5.7786,B,mrac.z.theta_3,0
5.7786,B,mrac.z.theta_4,0.19556725
5.7786,B,mrac.z.theta_5,0.18929888
5.7786,B,mrac.z.u_nom,-0.072630793
5.7786,B,mrac.z.xm,-0.11344527
5.7786,B,path.active_path_mode,1
5.7786,B,path.circle_theta,0
5.7786,B,path.sinusoid_t_elapsed,0
5.7786,B,path.twc_arrived,0
5.7786,B,path.twc_target_x,1.4901161e-06
5.7786,B,path.twc_target_y,0
5.7786,B,path.twc_target_z,0.60000002
5.7786,B,pid.gyrox.Des,9.4875546
5.7786,B,pid.gyrox.FB,-3.8570161
5.7786,B,pid.gyrox.U,170.86572
5.7786,B,pid.gyroy.Des,-11.040685
5.7786,B,pid.gyroy.FB,10.581357
5.7786,B,pid.gyroy.U,-206.25766
5.7786,B,pid.gyroz.Des,-10.111824
5.7786,B,pid.gyroz.FB,-1.0291904
5.7786,B,pid.gyroz.U,-74.620033
5.7786,B,pid.locx.Des,1.4901161e-06
5.7786,B,pid.locx.FB,21.636494
5.7786,B,pid.locx.U,-19.598669
5.7786,B,pid.locxs.Des,-19.598669
5.7786,B,pid.locxs.FB,5.9153414
5.7786,B,pid.locxs.U,-76.888382
5.7786,B,pid.locy.Des,0
5.7786,B,pid.locy.FB,10.991335
5.7786,B,pid.locy.U,-10.698158
5.7786,B,pid.locys.Des,-10.698158
5.7786,B,pid.locys.FB,-3.8741112
5.7786,B,pid.locys.U,-20.35655
5.7786,B,pid.pitch.Des,-3.8546319
5.7786,B,pid.pitch.FB,-0.2763713
5.7786,B,pid.pitch.U,-11.040685
5.7786,B,pid.roll.Des,2.5846083
5.7786,B,pid.roll.FB,-0.6955018
5.7786,B,pid.roll.U,9.4875546
5.7786,B,pid.yaw.Des,40
5.7786,B,pid.yaw.FB,41.351971
5.7786,B,pid.yaw.U,-10.111824
5.7786,B,pid.z_pos.Des,0.60000002
5.7786,B,pid.z_pos.FB,0.61994714
5.7786,B,pid.z_pos.U,-0.11344527
5.7786,B,pid.z_rate.Des,-0.11344527
5.7786,B,pid.z_rate.FB,-0.10549139
5.7786,B,pid.z_rate.U,-16.124037
5.7786,B,status.vbat,0
5.9959,A,mrac.pitch.e,0.11961189
5.9959,A,mrac.pitch.u_ad,-0.029996274
5.9959,A,mrac.roll.e,-0.16656871
5.9959,A,mrac.roll.u_ad,0.17724915
5.9959,A,mrac.yaw.e,0.10221379
5.9959,A,mrac.yaw.u_ad,-0.013356426
5.9959,A,mrac.z.e,0.11531465
5.9959,A,mrac.z.u_ad,-0.067621171
5.9959,A,status.arm,1
5.9959,A,status.flymode,1
5.9959,A,status.rc_authority,1
5.9959,A,status.sbus_lost,0
5.9959,A,status.twc_arrived,0
5.9959,A,status.twc_execute,1
5.9960,B,mrac.pitch.theta_0,2.4886211e-14
5.9960,B,mrac.pitch.theta_1,0.0036611722
5.9960,B,mrac.pitch.theta_2,0.0021584858
5.9960,B,mrac.pitch.theta_3,0.0061944798
5.9960,B,mrac.pitch.theta_4,0.11963267
5.9960,B,mrac.pitch.theta_5,0.1449132
5.9960,B,mrac.pitch.u_nom,0.02758196
5.9960,B,mrac.pitch.xm,-0.18391405
5.9960,B,mrac.roll.theta_0,0.14884524
5.9960,B,mrac.roll.theta_1,0.001620195
5.9960,B,mrac.roll.theta_2,0.003799248
5.9960,B,mrac.roll.theta_3,0.0055861133
5.9960,B,mrac.roll.theta_4,0.13381191
5.9960,B,mrac.roll.theta_5,0.14242029
5.9960,B,mrac.roll.u_nom,0.1375517
5.9960,B,mrac.roll.xm,0.16839291
5.9960,B,mrac.yaw.theta_0,7.9080614e-10
5.9960,B,mrac.yaw.theta_1,0.0029861699
5.9960,B,mrac.yaw.theta_2,0.0035621813
5.9960,B,mrac.yaw.theta_3,0
5.9960,B,mrac.yaw.theta_4,0.039039865
5.9960,B,mrac.yaw.theta_5,0.086437881
5.9960,B,mrac.yaw.u_nom,-0.033407766
5.9960,B,mrac.yaw.xm,-0.15093511
5.9960,B,mrac.z.theta_0,0.0050301249
5.9960,B,mrac.z.theta_1,0.0024787446
5.9960,B,mrac.z.theta_2,0.0061892061
5.9960,B,mrac.z.theta_3,0
5.9960,B,mrac.z.theta_4,0.19554375
5.9960,B,mrac.z.theta_5,0.18928337
5.9960,B,mrac.z.u_nom,-0.26002082
5.9960,B,mrac.z.xm,-0.11499733
5.9960,B,path.active_path_mode,1
5.9960,B,path.circle_theta,0
5.9960,B,path.sinusoid_t_elapsed,0
5.9960,B,path.twc_arrived,0
5.9960,B,path.twc_target_x,1.4901161e-06
5.9960,B,path.twc_target_y,0
5.9960,B,path.twc_target_z,0.60000002
5.9960,B,pid.gyrox.Des,9.6481991
5.9960,B,pid.gyrox.FB,-3.3529799
5.9960,B,pid.gyrox.U,160.93549
5.9960,B,pid.gyroy.Des,-10.537495
5.9960,B,pid.gyroy.FB,-2.2596333
5.9960,B,pid.gyroy.U,32.270893
5.9960,B,pid.gyroz.Des,-8.6479416
5.9960,B,pid.gyroz.FB,-1.0850513
5.9960,B,pid.gyroz.U,-62.539341
5.9960,B,pid.locx.Des,1.4901161e-06
5.9960,B,pid.locx.FB,22.643499
5.9960,B,pid.locx.U,-20.321415
5.9960,B,pid.locxs.Des,-20.321415
5.9960,B,pid.locxs.FB,5.0823202
5.9960,B,pid.locxs.U,-76.491951
5.9960,B,pid.locy.Des,0
5.9960,B,pid.locy.FB,10.76788
5.9960,B,pid.locy.U,-10.577255
5.9960,B,pid.locys.Des,-10.577255
5.9960,B,pid.locys.FB,-1.7804551
5.9960,B,pid.locys.U,-26.356312
5.9960,B,pid.pitch.Des,-4.0912061
5.9960,B,pid.pitch.FB,-0.69114166
5.9960,B,pid.pitch.U,-10.537495
5.9960,B,pid.roll.Des,2.3533905
5.9960,B,pid.roll.FB,-0.8129499
5.9960,B,pid.roll.U,9.6481991
5.9960,B,pid.yaw.Des,40
5.9960,B,pid.yaw.FB,41.10799
5.9960,B,pid.yaw.U,-8.6479416
5.9960,B,pid.z_pos.Des,0.60000002
5.9960,B,pid.z_pos.FB,0.61989248
5.9960,B,pid.z_pos.U,-0.11499733
5.9960,B,pid.z_rate.Des,-0.11499733
5.9960,B,pid.z_rate.FB,-0.0033107626
5.9960,B,pid.z_rate.U,-57.724625
5.9960,B,status.vbat,0
6.1967,A,mrac.pitch.e,0.25219747
6.1967,A,mrac.pitch.u_ad,-0.030277148
6.1967,A,mrac.roll.e,-0.17129891
6.1967,A,mrac.roll.u_ad,0.17289583
6.1967,A,mrac.yaw.e,0.083811358
6.1967,A,mrac.yaw.u_ad,-0.010633401
6.1967,A,mrac.z.e,0.1180261
6.1967,A,mrac.z.u_ad,-0.07067661
6.1967,A,status.arm,1
6.1967,A,status.flymode,1
6.1967,A,status.rc_authority,1
6.1967,A,status.sbus_lost,0
6.1967,A,status.twc_arrived,0
6.1967,A,status.twc_execute,1
6.1967,B,mrac.pitch.theta_0,8.7557974e-15
6.1967,B,mrac.pitch.theta_1,0.0036474653
6.1967,B,mrac.pitch.theta_2,0.0021556199
6.1967,B,mrac.pitch.theta_3,0.0061938702
6.1967,B,mrac.pitch.theta_4,0.11971101
6.1967,B,mrac.pitch.theta_5,0.14490595
6.1967,B,mrac.pitch.u_nom,-0.0850076
6.1967,B,mrac.pitch.xm,-0.16679832
6.1967,B,mrac.roll.theta_0,0.14871801
6.1967,B,mrac.roll.theta_1,0.0016366557
6.1967,B,mrac.roll.theta_2,0.0038011058
6.1967,B,mrac.roll.theta_3,0.0055848896
6.1967,B,mrac.roll.theta_4,0.13387787
6.1967,B,mrac.roll.theta_5,0.14242223
6.1967,B,mrac.roll.u_nom,0.12675555
6.1967,B,mrac.roll.xm,0.1116186
6.1967,B,mrac.yaw.theta_0,4.0481901e-10
6.1967,B,mrac.yaw.theta_1,0.0030072846
6.1967,B,mrac.yaw.theta_2,0.0035609349
6.1967,B,mrac.yaw.theta_3,0
6.1967,B,mrac.yaw.theta_4,0.039058369
6.1967,B,mrac.yaw.theta_5,0.086435884
6.1967,B,mrac.yaw.u_nom,-0.035118334
6.1967,B,mrac.yaw.xm,-0.11087104
6.1967,B,mrac.z.theta_0,0.0043711425
6.1967,B,mrac.z.theta_1,0.0024785278
6.1967,B,mrac.z.theta_2,0.0061876657
6.1967,B,mrac.z.theta_3,0
6.1967,B,mrac.z.theta_4,0.19552679
6.1967,B,mrac.z.theta_5,0.18927307
6.1967,B,mrac.z.u_nom,-0.27032641
6.1967,B,mrac.z.xm,-0.11752003
6.1967,B,path.active_path_mode,1
6.1967,B,path.circle_theta,0
6.1967,B,path.sinusoid_t_elapsed,0
6.1967,B,path.twc_arrived,0
6.1967,B,path.twc_target_x,1.4901161e-06
6.1967,B,path.twc_target_y,0
6.1967,B,path.twc_target_z,0.60000002
6.1967,B,pid.gyrox.Des,6.3952723
6.1967,B,pid.gyrox.FB,-2.4268532
6.1967,B,pid.gyrox.U,148.304
6.1967,B,pid.gyroy.Des,-9.5568361
6.1967,B,pid.gyroy.FB,1.9433706
6.1967,B,pid.gyroy.U,-99.458893
6.1967,B,pid.gyroz.Des,-6.3524399
6.1967,B,pid.gyroz.FB,1.6167625
6.1967,B,pid.gyroz.U,-65.741524
6.1967,B,pid.locx.Des,1.4901161e-06
6.1967,B,pid.locx.FB,23.825983
6.1967,B,pid.locx.U,-21.193426
6.1967,B,pid.locxs.Des,-21.193426
6.1967,B,pid.locxs.FB,1.5156909
6.1967,B,pid.locxs.U,-63.75341
6.1967,B,pid.locy.Des,0
6.1967,B,pid.locy.FB,10.300275
6.1967,B,pid.locy.U,-10.173592
6.1967,B,pid.locys.Des,-10.173592
6.1967,B,pid.locys.FB,-1.3048682
6.1967,B,pid.locys.U,-30.427471
6.1967,B,pid.pitch.Des,-3.7718396
6.1967,B,pid.pitch.FB,-0.62477261
6.1967,B,pid.pitch.U,-9.5568361
6.1967,B,pid.roll.Des,1.6624168
6.1967,B,pid.roll.FB,-0.52133697
6.1967,B,pid.roll.U,6.3952723
6.1967,B,pid.yaw.Des,40
6.1967,B,pid.yaw.FB,40.725407
6.1967,B,pid.yaw.U,-6.3524399
6.1967,B,pid.z_pos.Des,0.60000002
6.1967,B,pid.z_pos.FB,0.61993748
6.1967,B,pid.z_pos.U,-0.11752003
6.1967,B,pid.z_rate.Des,-0.11752003
6.1967,B,pid.z_rate.FB,-0.00011387444
6.1967,B,pid.z_rate.U,-60.012463
6.1967,B,status.vbat,0
6.4123,A,mrac.pitch.e,0.05017931
6.4123,A,mrac.pitch.u_ad,-0.027487591
6.4123,A,mrac.roll.e,-0.026013635
6.4123,A,mrac.roll.u_ad,0.17019346
6.4123,A,mrac.yaw.e,0.16428809
6.4123,A,mrac.yaw.u_ad,-0.010061235
6.4123,A,mrac.z.e,0.066324681
6.4123,A,mrac.z.u_ad,-0.044277716
6.4123,A,status.arm,1
6.4123,A,status.flymode,1
6.4123,A,status.rc_authority,1
6.4123,A,status.sbus_lost,0
6.4123,A,status.twc_arrived,0
6.4123,A,status.twc_execute,1
6.4123,B,mrac.pitch.theta_0,4.1098322e-15
6.4123,B,mrac.pitch.theta_1,0.0036318153
6.4123,B,mrac.pitch.theta_2,0.0021541638
6.4123,B,mrac.pitch.theta_3,0.006193012
6.4123,B,mrac.pitch.theta_4,0.11976036
6.4123,B,mrac.pitch.theta_5,0.14490192
6.4123,B,mrac.pitch.u_nom,-0.048198689
6.4123,B,mrac.pitch.xm,-0.18015723
6.4123,B,mrac.roll.theta_0,0.14879687
6.4123,B,mrac.roll.theta_1,0.0016335368
6.4123,B,mrac.roll.theta_2,0.0038042341
6.4123,B,mrac.roll.theta_3,0.0055841096
6.4123,B,mrac.roll.theta_4,0.13393091
6.4123,B,mrac.roll.theta_5,0.14242086
6.4123,B,mrac.roll.u_nom,0.094611168
6.4123,B,mrac.roll.xm,0.12419038
6.4123,B,mrac.yaw.theta_0,2.5113947e-10
6.4123,B,mrac.yaw.theta_1,0.0030078338
6.4123,B,mrac.yaw.theta_2,0.0035602613
6.4123,B,mrac.yaw.theta_3,0
6.4123,B,mrac.yaw.theta_4,0.039073057
6.4123,B,mrac.yaw.theta_5,0.086432755
6.4123,B,mrac.yaw.u_nom,-0.024602482
6.4123,B,mrac.yaw.xm,-0.10674047
6.4123,B,mrac.z.theta_0,0.0047443048
6.4123,B,mrac.z.theta_1,0.0024719639
6.4123,B,mrac.z.theta_2,0.0061879908
6.4123,B,mrac.z.theta_3,0
6.4123,B,mrac.z.theta_4,0.19551475
6.4123,B,mrac.z.theta_5,0.18925636
6.4123,B,mrac.z.u_nom,0.065652363
6.4123,B,mrac.z.xm,-0.11117814
6.4123,B,path.active_path_mode,1
6.4123,B,path.circle_theta,0
6.4123,B,path.sinusoid_t_elapsed,0
6.4123,B,path.twc_arrived,0
6.4123,B,path.twc_target_x,1.4901161e-06
6.4123,B,path.twc_target_y,0
6.4123,B,path.twc_target_z,0.60000002
6.4123,B,pid.gyrox.Des,7.1155815
6.4123,B,pid.gyrox.FB,-3.5775771
6.4123,B,pid.gyrox.U,110.69507
6.4123,B,pid.gyroy.Des,-10.322245
6.4123,B,pid.gyroy.FB,-0
6.4123,B,pid.gyroy.U,-56.392467
6.4123,B,pid.gyroz.Des,-6.1157761
6.4123,B,pid.gyroz.FB,-0.60744685
6.4123,B,pid.gyroz.U,-46.055847
6.4123,B,pid.locx.Des,1.4901161e-06
6.4123,B,pid.locx.FB,24.120579
6.4123,B,pid.locx.U,-21.323763
6.4123,B,pid.locxs.Des,-21.323763
6.4123,B,pid.locxs.FB,0
6.4123,B,pid.locxs.U,-64.00769
6.4123,B,pid.locy.Des,0
6.4123,B,pid.locy.FB,10.060027
6.4123,B,pid.locy.U,-10.024552
6.4123,B,pid.locys.Des,-10.024552
6.4123,B,pid.locys.FB,0
6.4123,B,pid.locys.U,-30.042318
6.4123,B,pid.pitch.Des,-3.7632833
6.4123,B,pid.pitch.FB,-0.36952767
6.4123,B,pid.pitch.U,-10.322245
6.4123,B,pid.roll.Des,1.6909918
6.4123,B,pid.roll.FB,-0.62637585
6.4123,B,pid.roll.U,7.1155815
6.4123,B,pid.yaw.Des,40
6.4123,B,pid.yaw.FB,40.685963
6.4123,B,pid.yaw.U,-6.1157761
6.4123,B,pid.z_pos.Des,0.60000002
6.4123,B,pid.z_pos.FB,0.60995084
6.4123,B,pid.z_pos.U,-0.11117814
6.4123,B,pid.z_rate.Des,-0.11117814
6.4123,B,pid.z_rate.FB,-0.18006864
6.4123,B,pid.z_rate.U,14.574824
6.4123,B,status.vbat,0
6.6290,A,mrac.pitch.e,0.01190339
6.6290,A,mrac.pitch.u_ad,-0.028097648
6.6290,A,mrac.roll.e,-0.20970789
6.6290,A,mrac.roll.u_ad,0.17421493
6.6290,A,mrac.yaw.e,0.13197267
6.6290,A,mrac.yaw.u_ad,-0.0096363174
6.6290,A,mrac.z.e,0.081480652
6.6290,A,mrac.z.u_ad,-0.045391131
6.6290,A,status.arm,1
6.6290,A,status.flymode,1
6.6290,A,status.rc_authority,1
6.6290,A,status.sbus_lost,0
6.6290,A,status.twc_arrived,0
6.6290,A,status.twc_execute,1
6.6291,B,mrac.pitch.theta_0,1.4901805e-15
6.6291,B,mrac.pitch.theta_1,0.0035922418
6.6291,B,mrac.pitch.theta_2,0.0021498208
6.6291,B,mrac.pitch.theta_3,0.0061918967
6.6291,B,mrac.pitch.theta_4,0.11986171
6.6291,B,mrac.pitch.theta_5,0.14489296
6.6291,B,mrac.pitch.u_nom,-0.10675944
6.6291,B,mrac.pitch.xm,-0.17586803
6.6291,B,mrac.roll.theta_0,0.148903
6.6291,B,mrac.roll.theta_1,0.0016016574
6.6291,B,mrac.roll.theta_2,0.0038128248
6.6291,B,mrac.roll.theta_3,0.005583026
6.6291,B,mrac.roll.theta_4,0.1340407
6.6291,B,mrac.roll.theta_5,0.14242131
6.6291,B,mrac.roll.u_nom,0.081508227
6.6291,B,mrac.roll.xm,0.14227314
6.6291,B,mrac.yaw.theta_0,1.2714844e-10
6.6291,B,mrac.yaw.theta_1,0.0030063519
6.6291,B,mrac.yaw.theta_2,0.003559106
6.6291,B,mrac.yaw.theta_3,0
6.6291,B,mrac.yaw.theta_4,0.039093506
6.6291,B,mrac.yaw.theta_5,0.086426675
6.6291,B,mrac.yaw.u_nom,-0.032152109
6.6291,B,mrac.yaw.xm,-0.10163999
6.6291,B,mrac.z.theta_0,0.0055179191
6.6291,B,mrac.z.theta_1,0.0025162697
6.6291,B,mrac.z.theta_2,0.0061886767
6.6291,B,mrac.z.theta_3,0
6.6291,B,mrac.z.theta_4,0.19548707
6.6291,B,mrac.z.theta_5,0.18922324
6.6291,B,mrac.z.u_nom,-0.12192218
6.6291,B,mrac.z.xm,-0.10614488
6.6291,B,path.active_path_mode,1
6.6291,B,path.circle_theta,0
6.6291,B,path.sinusoid_t_elapsed,0
6.6291,B,path.twc_arrived,0
6.6291,B,path.twc_target_x,1.4901161e-06
6.6291,B,path.twc_target_y,0
6.6291,B,path.twc_target_z,0.60000002
6.6291,B,pid.gyrox.Des,8.1516476
6.6291,B,pid.gyrox.FB,-3.0715656
6.6291,B,pid.gyrox.U,95.364624
6.6291,B,pid.gyroy.Des,-10.076492
6.6291,B,pid.gyroy.FB,2.2666168
6.6291,B,pid.gyroy.U,-124.90854
6.6291,B,pid.gyroz.Des,-5.8235397
6.6291,B,pid.gyroz.FB,1.455191
6.6291,B,pid.gyroz.U,-60.188747
6.6291,B,pid.locx.Des,1.4901161e-06
6.6291,B,pid.locx.FB,24.166088
6.6291,B,pid.locx.U,-21.332869
6.6291,B,pid.locxs.Des,-21.332869
6.6291,B,pid.locxs.FB,-0.65126735
6.6291,B,pid.locxs.U,-62.045399
6.6291,B,pid.locy.Des,0
6.6291,B,pid.locy.FB,10.02093
6.6291,B,pid.locy.U,-10.016745
6.6291,B,pid.locys.Des,-10.016745
6.6291,B,pid.locys.FB,-0.75884837
6.6291,B,pid.locys.U,-27.773184
6.6291,B,pid.pitch.Des,-3.5870497
6.6291,B,pid.pitch.FB,-0.27848035
6.6291,B,pid.pitch.U,-10.076492
6.6291,B,pid.roll.Des,1.6935496
6.6291,B,pid.roll.FB,-0.93287206
6.6291,B,pid.roll.U,8.1516476
6.6291,B,pid.yaw.Des,40
6.6291,B,pid.yaw.FB,40.637257
6.6291,B,pid.yaw.U,-5.8235397
6.6291,B,pid.z_pos.Des,0.60000002
6.6291,B,pid.z_pos.FB,0.59991336
6.6291,B,pid.z_pos.U,-0.10614488
6.6291,B,pid.z_rate.Des,-0.10614488
6.6291,B,pid.z_rate.FB,-0.07086537
6.6291,B,pid.z_rate.U,-27.066725
6.6291,B,status.vbat,0
6.8294,A,mrac.pitch.e,0.094633169
6.8294,A,mrac.pitch.u_ad,-0.028900037
6.8294,A,mrac.roll.e,-0.082784124
6.8294,A,mrac.roll.u_ad,0.17400172
6.8294,A,mrac.yaw.e,0.049047738
6.8294,A,mrac.yaw.u_ad,-0.0064099533
6.8294,A,mrac.z.e,0.10565419
6.8294,A,mrac.z.u_ad,-0.06269259
6.8294,A,status.arm,1
6.8294,A,status.flymode,1
6.8294,A,status.rc_authority,1
6.8294,A,status.sbus_lost,0
6.8294,A,status.twc_arrived,0
6.8294,A,status.twc_execute,1
6.8294,B,mrac.pitch.theta_0,7.6495588e-16
6.8294,B,mrac.pitch.theta_1,0.0035751425
6.8294,B,mrac.pitch.theta_2,0.0021473735
6.8294,B,mrac.pitch.theta_3,0.0061907754
6.8294,B,mrac.pitch.theta_4,0.11992128
6.8294,B,mrac.pitch.theta_5,0.14488775
6.8294,B,mrac.pitch.u_nom,-0.044843696
6.8294,B,mrac.pitch.xm,-0.17380852
6.8294,B,mrac.roll.theta_0,0.14891469
6.8294,B,mrac.roll.theta_1,0.0016040108
6.8294,B,mrac.roll.theta_2,0.003816349
6.8294,B,mrac.roll.theta_3,0.0055822209
6.8294,B,mrac.roll.theta_4,0.13408367
6.8294,B,mrac.roll.theta_5,0.142423
6.8294,B,mrac.roll.u_nom,0.10386065
6.8294,B,mrac.roll.xm,0.15102203
6.8294,B,mrac.yaw.theta_0,1.0380839e-10
6.8294,B,mrac.yaw.theta_1,0.0030076748
6.8294,B,mrac.yaw.theta_2,0.0035586825
6.8294,B,mrac.yaw.theta_3,0
6.8294,B,mrac.yaw.theta_4,0.039098453
6.8294,B,mrac.yaw.theta_5,0.086423717
6.8294,B,mrac.yaw.u_nom,-0.0091183214
6.8294,B,mrac.yaw.xm,-0.065855071
6.8294,B,mrac.z.theta_0,0.0051470082
6.8294,B,mrac.z.theta_1,0.0025613152
6.8294,B,mrac.z.theta_2,0.0061875694
6.8294,B,mrac.z.theta_3,0
6.8294,B,mrac.z.theta_4,0.19546022
6.8294,B,mrac.z.theta_5,0.18920262
6.8294,B,mrac.z.u_nom,-0.24550115
6.8294,B,mrac.z.xm,-0.10610788
6.8294,B,path.active_path_mode,1
6.8294,B,path.circle_theta,0
6.8294,B,path.sinusoid_t_elapsed,0
6.8294,B,path.twc_arrived,0
6.8294,B,path.twc_target_x,1.4901161e-06
6.8294,B,path.twc_target_y,0
6.8294,B,path.twc_target_z,0.60000002
6.8294,B,pid.gyrox.Des,8.6529217
6.8294,B,pid.gyrox.FB,-1.9741092
6.8294,B,pid.gyrox.U,121.51697
6.8294,B,pid.gyroy.Des,-9.9584904
6.8294,B,pid.gyroy.FB,0.33725661
6.8294,B,pid.gyroy.U,-52.467125
6.8294,B,pid.gyroz.Des,-3.7732162
6.8294,B,pid.gyroz.FB,-1.8918425
6.8294,B,pid.gyroz.U,-17.069498
6.8294,B,pid.locx.Des,1.4901161e-06
6.8294,B,pid.locx.FB,24.166088
6.8294,B,pid.locx.U,-21.332869
6.8294,B,pid.locxs.Des,-21.332869
6.8294,B,pid.locxs.FB,-0.64672995
6.8294,B,pid.locxs.U,-62.060543
6.8294,B,pid.locy.Des,0
6.8294,B,pid.locy.FB,10.02093
6.8294,B,pid.locy.U,-10.016745
6.8294,B,pid.locys.Des,-10.016745
6.8294,B,pid.locys.FB,-0.76271904
6.8294,B,pid.locys.U,-27.760269
6.8294,B,pid.pitch.Des,-3.5766997
6.8294,B,pid.pitch.FB,-0.27802241
6.8294,B,pid.pitch.U,-9.9584904
6.8294,B,pid.roll.Des,1.7160861
6.8294,B,pid.roll.FB,-1.1291455
6.8294,B,pid.roll.U,8.6529217
6.8294,B,pid.yaw.Des,40
6.8294,B,pid.yaw.FB,40.295536
6.8294,B,pid.yaw.U,-3.7732162
6.8294,B,pid.z_pos.Des,0.60000002
6.8294,B,pid.z_pos.FB,0.59987634
6.8294,B,pid.z_pos.U,-0.10610788
6.8294,B,pid.z_rate.Des,-0.10610788
6.8294,B,pid.z_rate.FB,-0.0024797409
6.8294,B,pid.z_rate.U,-54.501255
6.8294,B,status.vbat,0
7.0297,A,mrac.pitch.e,0.12730604
7.0297,A,mrac.pitch.u_ad,-0.02876108
7.0297,A,mrac.roll.e,-0.14684932
7.0297,A,mrac.roll.u_ad,0.17504629
7.0297,A,mrac.yaw.e,0.048153784
7.0297,A,mrac.yaw.u_ad,-0.0054319021
7.0297,A,mrac.z.e,0.10602646
7.0297,A,mrac.z.u_ad,-0.063824899
7.0297,A,status.arm,1
7.0297,A,status.flymode,1
7.0297,A,status.rc_authority,1
7.0297,A,status.sbus_lost,0
7.0297,A,status.twc_arrived,0
7.0297,A,status.twc_execute,1
7.0298,B,mrac.pitch.theta_0,5.5834326e-16
7.0298,B,mrac.pitch.theta_1,0.0035945601
7.0298,B,mrac.pitch.theta_2,0.0021469526
7.0298,B,mrac.pitch.theta_3,0.0061904821
7.0298,B,mrac.pitch.theta_4,0.11993274
7.0298,B,mrac.pitch.theta_5,0.14488412
7.0298,B,mrac.pitch.u_nom,-0.030632814
7.0298,B,mrac.pitch.xm,-0.17108038
7.0298,B,mrac.roll.theta_0,0.14889507
7.0298,B,mrac.roll.theta_1,0.0016212774
7.0298,B,mrac.roll.theta_2,0.0038166868
7.0298,B,mrac.roll.theta_3,0.0055819713
7.0298,B,mrac.roll.theta_4,0.13409327
7.0298,B,mrac.roll.theta_5,0.14242296
7.0298,B,mrac.roll.u_nom,0.10674459
7.0298,B,mrac.roll.xm,0.14156458
7.0298,B,mrac.yaw.theta_0,9.5918586e-11
7.0298,B,mrac.yaw.theta_1,0.0030068893
7.0298,B,mrac.yaw.theta_2,0.0035585556
7.0298,B,mrac.yaw.theta_3,0
7.0298,B,mrac.yaw.theta_4,0.03909906
7.0298,B,mrac.yaw.theta_5,0.086420819
7.0298,B,mrac.yaw.u_nom,-0.014487408
7.0298,B,mrac.yaw.xm,-0.059090376
7.0298,B,mrac.z.theta_0,0.0049260519
7.0298,B,mrac.z.theta_1,0.0025624062
7.0298,B,mrac.z.theta_2,0.0061870445
7.0298,B,mrac.z.theta_3,0
7.0298,B,mrac.z.theta_4,0.19545075
7.0298,B,mrac.z.theta_5,0.1891946
7.0298,B,mrac.z.u_nom,-0.24949799
7.0298,B,mrac.z.xm,-0.10610652
7.0298,B,path.active_path_mode,1
7.0298,B,path.circle_theta,0
7.0298,B,path.sinusoid_t_elapsed,0
7.0298,B,path.twc_arrived,0
7.0298,B,path.twc_target_x,1.4901161e-06
7.0298,B,path.twc_target_y,0
7.0298,B,path.twc_target_z,0.60000002
7.0298,B,pid.gyrox.Des,8.1110497
7.0298,B,pid.gyrox.FB,-1.755247
7.0298,B,pid.gyrox.U,124.89117
7.0298,B,pid.gyroy.Des,-9.8021793
7.0298,B,pid.gyroy.FB,-0.78545237
7.0298,B,pid.gyroy.U,-35.840393
7.0298,B,pid.gyroz.Des,-3.3856277
7.0298,B,pid.gyroz.FB,-0.24738282
7.0298,B,pid.gyroz.U,-27.120428
7.0298,B,pid.locx.Des,1.4901161e-06
7.0298,B,pid.locx.FB,24.166088
7.0298,B,pid.locx.U,-21.332869
7.0298,B,pid.locxs.Des,-21.332869
7.0298,B,pid.locxs.FB,-0.64586961
7.0298,B,pid.locxs.U,-62.062405
7.0298,B,pid.locy.Des,0
7.0298,B,pid.locy.FB,10.02093
7.0298,B,pid.locy.U,-10.016745
7.0298,B,pid.locys.Des,-10.016745
7.0298,B,pid.locys.FB,-0.76344776
7.0298,B,pid.locys.U,-27.758698
7.0298,B,pid.pitch.Des,-3.5748508
7.0298,B,pid.pitch.FB,-0.31476852
7.0298,B,pid.pitch.U,-9.8021793
7.0298,B,pid.roll.Des,1.7202568
7.0298,B,pid.roll.FB,-1.0614638
7.0298,B,pid.roll.U,8.1110497
7.0298,B,pid.yaw.Des,40
7.0298,B,pid.yaw.FB,40.230938
7.0298,B,pid.yaw.U,-3.3856277
7.0298,B,pid.z_pos.Des,0.60000002
7.0298,B,pid.z_pos.FB,0.59988797
7.0298,B,pid.z_pos.U,-0.10610652
7.0298,B,pid.z_rate.Des,-0.10610652
7.0298,B,pid.z_rate.FB,-0.00026013228
7.0298,B,pid.z_rate.U,-55.388554
7.0298,B,status.vbat,0
7.2309,A,mrac.pitch.e,0.12730604
7.2309,A,mrac.pitch.u_ad,-0.02876108
7.2309,A,mrac.roll.e,-0.14684932
7.2309,A,mrac.roll.u_ad,0.17504629
7.2309,A,mrac.yaw.e,0.048153784
7.2309,A,mrac.yaw.u_ad,-0.0054319021
7.2309,A,mrac.z.e,0.10602646
7.2309,A,mrac.z.u_ad,-0.063824899
7.2309,A,status.arm,1
7.2309,A,status.flymode,1
7.2309,A,status.rc_authority,1
7.2309,A,status.sbus_lost,0
7.2309,A,status.twc_arrived,0
7.2309,A,status.twc_execute,1
7.2309,B,mrac.pitch.theta_0,5.5834326e-16
7.2309,B,mrac.pitch.theta_1,0.0035945601
7.2309,B,mrac.pitch.theta_2,0.0021469526
7.2309,B,mrac.pitch.theta_3,0.0061904821
7.2309,B,mrac.pitch.theta_4,0.11993274
7.2309,B,mrac.pitch.theta_5,0.14488412
7.2309,B,mrac.pitch.u_nom,-0.030632814
7.2309,B,mrac.pitch.xm,-0.17108038
7.2309,B,mrac.roll.theta_0,0.14889507
7.2309,B,mrac.roll.theta_1,0.0016212774
7.2309,B,mrac.roll.theta_2,0.0038166868
7.2309,B,mrac.roll.theta_3,0.0055819713
7.2309,B,mrac.roll.theta_4,0.13409327
7.2309,B,mrac.roll.theta_5,0.14242296
7.2309,B,mrac.roll.u_nom,0.10674459
7.2309,B,mrac.roll.xm,0.14156458
7.2309,B,mrac.yaw.theta_0,9.5918586e-11
7.2309,B,mrac.yaw.theta_1,0.0030068893
7.2309,B,mrac.yaw.theta_2,0.0035585556
7.2309,B,mrac.yaw.theta_3,0
7.2309,B,mrac.yaw.theta_4,0.03909906
7.2309,B,mrac.yaw.theta_5,0.086420819
7.2309,B,mrac.yaw.u_nom,-0.014487408
7.2309,B,mrac.yaw.xm,-0.059090376
7.2309,B,mrac.z.theta_0,0.0049260519
7.2309,B,mrac.z.theta_1,0.0025624062
7.2309,B,mrac.z.theta_2,0.0061870445
7.2309,B,mrac.z.theta_3,0
7.2309,B,mrac.z.theta_4,0.19545075
7.2309,B,mrac.z.theta_5,0.1891946
7.2309,B,mrac.z.u_nom,-0.24949799
7.2309,B,mrac.z.xm,-0.10610652
7.2309,B,path.active_path_mode,1
7.2309,B,path.circle_theta,0
7.2309,B,path.sinusoid_t_elapsed,0
7.2309,B,path.twc_arrived,0
7.2309,B,path.twc_target_x,1.4901161e-06
7.2309,B,path.twc_target_y,0
7.2309,B,path.twc_target_z,0.60000002
7.2309,B,pid.gyrox.Des,8.1110497
7.2309,B,pid.gyrox.FB,-1.755247
7.2309,B,pid.gyrox.U,124.89117
7.2309,B,pid.gyroy.Des,-9.8021793
7.2309,B,pid.gyroy.FB,-0.78545237
7.2309,B,pid.gyroy.U,-35.840393
7.2309,B,pid.gyroz.Des,-3.3856277
7.2309,B,pid.gyroz.FB,-0.24738282
7.2309,B,pid.gyroz.U,-27.120428
7.2309,B,pid.locx.Des,1.4901161e-06
7.2309,B,pid.locx.FB,24.166088
7.2309,B,pid.locx.U,-21.332869
7.2309,B,pid.locxs.Des,-21.332869
7.2309,B,pid.locxs.FB,-0.64586961
7.2309,B,pid.locxs.U,-62.062405
7.2309,B,pid.locy.Des,0
7.2309,B,pid.locy.FB,10.02093
7.2309,B,pid.locy.U,-10.016745
7.2309,B,pid.locys.Des,-10.016745
7.2309,B,pid.locys.FB,-0.76344776
7.2309,B,pid.locys.U,-27.758698
7.2309,B,pid.pitch.Des,-3.5748508
7.2309,B,pid.pitch.FB,-0.31476852
7.2309,B,pid.pitch.U,-9.8021793
7.2309,B,pid.roll.Des,1.7202568
7.2309,B,pid.roll.FB,-1.0614638
7.2309,B,pid.roll.U,8.1110497
7.2309,B,pid.yaw.Des,40
7.2309,B,pid.yaw.FB,40.230938
7.2309,B,pid.yaw.U,-3.3856277
7.2309,B,pid.z_pos.Des,0.60000002
7.2309,B,pid.z_pos.FB,0.59988797
7.2309,B,pid.z_pos.U,-0.10610652
7.2309,B,pid.z_rate.Des,-0.10610652
7.2309,B,pid.z_rate.FB,-0.00026013228
7.2309,B,pid.z_rate.U,-55.388554
7.2309,B,status.vbat,0
7.4467,A,mrac.pitch.e,0.28036422
7.4467,A,mrac.pitch.u_ad,-0.027638961
7.4467,A,mrac.roll.e,-0.19809151
7.4467,A,mrac.roll.u_ad,0.17791365
7.4467,A,mrac.yaw.e,0.011901245
7.4467,A,mrac.yaw.u_ad,-0.0054960344
7.4467,A,mrac.z.e,-0.06887801
7.4467,A,mrac.z.u_ad,-0.0065873535
7.4467,A,status.arm,1
7.4467,A,status.flymode,1
7.4467,A,status.rc_authority,1
7.4467,A,status.sbus_lost,0
7.4467,A,status.twc_arrived,0
7.4467,A,status.twc_execute,1
7.4467,B,mrac.pitch.theta_0,5.5834326e-16
7.4467,B,mrac.pitch.theta_1,0.0035945601
7.4467,B,mrac.pitch.theta_2,0.0021469526
7.4467,B,mrac.pitch.theta_3,0.0061904821
7.4467,B,mrac.pitch.theta_4,0.11993274
7.4467,B,mrac.pitch.theta_5,0.14488412
7.4467,B,mrac.pitch.u_nom,-0.030632814
7.4467,B,mrac.pitch.xm,-0.17108038
7.4467,B,mrac.roll.theta_0,0.14889507
7.4467,B,mrac.roll.theta_1,0.0016212774
7.4467,B,mrac.roll.theta_2,0.0038166868
7.4467,B,mrac.roll.theta_3,0.0055819713
7.4467,B,mrac.roll.theta_4,0.13409327
7.4467,B,mrac.roll.theta_5,0.14242296
7.4467,B,mrac.roll.u_nom,0.10674459
7.4467,B,mrac.roll.xm,0.14156458
7.4467,B,mrac.yaw.theta_0,9.5918586e-11
7.4467,B,mrac.yaw.theta_1,0.0030068893
7.4467,B,mrac.yaw.theta_2,0.0035585556
7.4467,B,mrac.yaw.theta_3,0
7.4467,B,mrac.yaw.theta_4,0.03909906
7.4467,B,mrac.yaw.theta_5,0.086420819
7.4467,B,mrac.yaw.u_nom,-0.014487408
7.4467,B,mrac.yaw.xm,-0.059090376
7.4467,B,mrac.z.theta_0,0.0049260519
7.4467,B,mrac.z.theta_1,0.0025624062
7.4467,B,mrac.z.theta_2,0.0061870445
7.4467,B,mrac.z.theta_3,0
7.4467,B,mrac.z.theta_4,0.19545075
7.4467,B,mrac.z.theta_5,0.1891946
7.4467,B,mrac.z.u_nom,-0.24949799
7.4467,B,mrac.z.xm,-0.10610652
7.4467,B,path.active_path_mode,1
7.4467,B,path.circle_theta,0
7.4467,B,path.sinusoid_t_elapsed,0
7.4467,B,path.twc_arrived,0
7.4467,B,path.twc_target_x,1.4901161e-06
7.4467,B,path.twc_target_y,0
7.4467,B,path.twc_target_z,0.60000002
7.4467,B,pid.gyrox.Des,8.1110497
7.4467,B,pid.gyrox.FB,-1.755247
7.4467,B,pid.gyrox.U,124.89117
7.4467,B,pid.gyroy.Des,-9.8021793
7.4467,B,pid.gyroy.FB,-0.78545237
7.4467,B,pid.gyroy.U,-35.840393
7.4467,B,pid.gyroz.Des,-3.3856277
7.4467,B,pid.gyroz.FB,-0.24738282
7.4467,B,pid.gyroz.U,-27.120428
7.4467,B,pid.locx.Des,1.4901161e-06
7.4467,B,pid.locx.FB,24.166088
7.4467,B,pid.locx.U,-21.332869
7.4467,B,pid.locxs.Des,-21.332869
7.4467,B,pid.locxs.FB,-0.64586961
7.4467,B,pid.locxs.U,-62.062405
7.4467,B,pid.locy.Des,0
7.4467,B,pid.locy.FB,10.02093
7.4467,B,pid.locy.U,-10.016745
7.4467,B,pid.locys.Des,-10.016745
7.4467,B,pid.locys.FB,-0.76344776
7.4467,B,pid.locys.U,-27.758698
7.4467,B,pid.pitch.Des,-3.5748508
7.4467,B,pid.pitch.FB,-0.31476852
7.4467,B,pid.pitch.U,-9.8021793
7.4467,B,pid.roll.Des,1.7202568
7.4467,B,pid.roll.FB,-1.0614638
7.4467,B,pid.roll.U,8.1110497
7.4467,B,pid.yaw.Des,40
7.4467,B,pid.yaw.FB,40.230938
7.4467,B,pid.yaw.U,-3.3856277
7.4467,B,pid.z_pos.Des,0.60000002
7.4467,B,pid.z_pos.FB,0.59988797
7.4467,B,pid.z_pos.U,-0.10610652
7.4467,B,pid.z_rate.Des,-0.10610652
7.4467,B,pid.z_rate.FB,-0.00026013228
7.4467,B,pid.z_rate.U,-55.388554
7.4467,B,status.vbat,0
7.6636,A,mrac.pitch.e,0.28036422
7.6636,A,mrac.pitch.u_ad,-0.027638961
7.6636,A,mrac.roll.e,-0.19809151
7.6636,A,mrac.roll.u_ad,0.17791365
7.6636,A,mrac.yaw.e,0.011901245
7.6636,A,mrac.yaw.u_ad,-0.0054960344
7.6636,A,mrac.z.e,-0.06887801
7.6636,A,mrac.z.u_ad,-0.0065873535
7.6636,A,status.arm,1
7.6636,A,status.flymode,1
7.6636,A,status.rc_authority,1
7.6636,A,status.sbus_lost,0
7.6636,A,status.twc_arrived,0
7.6636,A,status.twc_execute,1
7.6636,B,mrac.pitch.theta_0,5.5834326e-16
7.6636,B,mrac.pitch.theta_1,0.0035945601
7.6636,B,mrac.pitch.theta_2,0.0021469526
7.6636,B,mrac.pitch.theta_3,0.0061904821
7.6636,B,mrac.pitch.theta_4,0.11993274
7.6636,B,mrac.pitch.theta_5,0.14488412
7.6636,B,mrac.pitch.u_nom,-0.030632814
7.6636,B,mrac.pitch.xm,-0.17108038
7.6636,B,mrac.roll.theta_0,0.14889507
7.6636,B,mrac.roll.theta_1,0.0016212774
7.6636,B,mrac.roll.theta_2,0.0038166868
7.6636,B,mrac.roll.theta_3,0.0055819713
7.6636,B,mrac.roll.theta_4,0.13409327
7.6636,B,mrac.roll.theta_5,0.14242296
7.6636,B,mrac.roll.u_nom,0.10674459
7.6636,B,mrac.roll.xm,0.14156458
7.6636,B,mrac.yaw.theta_0,9.5918586e-11
7.6636,B,mrac.yaw.theta_1,0.0030068893
7.6636,B,mrac.yaw.theta_2,0.0035585556
7.6636,B,mrac.yaw.theta_3,0
7.6636,B,mrac.yaw.theta_4,0.03909906
7.6636,B,mrac.yaw.theta_5,0.086420819
7.6636,B,mrac.yaw.u_nom,-0.014487408
7.6636,B,mrac.yaw.xm,-0.059090376
7.6636,B,mrac.z.theta_0,0.0049260519
7.6636,B,mrac.z.theta_1,0.0025624062
7.6636,B,mrac.z.theta_2,0.0061870445
7.6636,B,mrac.z.theta_3,0
7.6636,B,mrac.z.theta_4,0.19545075
7.6636,B,mrac.z.theta_5,0.1891946
7.6636,B,mrac.z.u_nom,-0.24949799
7.6636,B,mrac.z.xm,-0.10610652
7.6636,B,path.active_path_mode,1
7.6636,B,path.circle_theta,0
7.6636,B,path.sinusoid_t_elapsed,0
7.6636,B,path.twc_arrived,0
7.6636,B,path.twc_target_x,1.4901161e-06
7.6636,B,path.twc_target_y,0
7.6636,B,path.twc_target_z,0.60000002
7.6636,B,pid.gyrox.Des,8.1110497
7.6636,B,pid.gyrox.FB,-1.755247
7.6636,B,pid.gyrox.U,124.89117
7.6636,B,pid.gyroy.Des,-9.8021793
7.6636,B,pid.gyroy.FB,-0.78545237
7.6636,B,pid.gyroy.U,-35.840393
7.6636,B,pid.gyroz.Des,-3.3856277
7.6636,B,pid.gyroz.FB,-0.24738282
7.6636,B,pid.gyroz.U,-27.120428
7.6636,B,pid.locx.Des,1.4901161e-06
7.6636,B,pid.locx.FB,24.166088
7.6636,B,pid.locx.U,-21.332869
7.6636,B,pid.locxs.Des,-21.332869
7.6636,B,pid.locxs.FB,-0.64586961
7.6636,B,pid.locxs.U,-62.062405
7.6636,B,pid.locy.Des,0
7.6636,B,pid.locy.FB,10.02093
7.6636,B,pid.locy.U,-10.016745
7.6636,B,pid.locys.Des,-10.016745
7.6636,B,pid.locys.FB,-0.76344776
7.6636,B,pid.locys.U,-27.758698
7.6636,B,pid.pitch.Des,-3.5748508
7.6636,B,pid.pitch.FB,-0.31476852
7.6636,B,pid.pitch.U,-9.8021793
7.6636,B,pid.roll.Des,1.7202568
7.6636,B,pid.roll.FB,-1.0614638
7.6636,B,pid.roll.U,8.1110497
7.6636,B,pid.yaw.Des,40
7.6636,B,pid.yaw.FB,40.230938
7.6636,B,pid.yaw.U,-3.3856277
7.6636,B,pid.z_pos.Des,0.60000002
7.6636,B,pid.z_pos.FB,0.59988797
7.6636,B,pid.z_pos.U,-0.10610652
7.6636,B,pid.z_rate.Des,-0.10610652
7.6636,B,pid.z_rate.FB,-0.00026013228
7.6636,B,pid.z_rate.U,-55.388554
7.6636,B,status.vbat,0
7.8804,A,mrac.pitch.e,0.29534277
7.8804,A,mrac.pitch.u_ad,-0.02986142
7.8804,A,mrac.roll.e,-0.23982519
7.8804,A,mrac.roll.u_ad,0.17789105
7.8804,A,mrac.yaw.e,0.026243929
7.8804,A,mrac.yaw.u_ad,-0.0078546181
7.8804,A,mrac.z.e,0.19766361
7.8804,A,mrac.z.u_ad,-0.076414756
7.8804,A,status.arm,1
7.8804,A,status.flymode,1
7.8804,A,status.rc_authority,1
7.8804,A,status.sbus_lost,0
7.8804,A,status.twc_arrived,0
7.8804,A,status.twc_execute,1
7.8804,B,mrac.pitch.theta_0,1.5223852e-17
7.8804,B,mrac.pitch.theta_1,0.0035131357
7.8804,B,mrac.pitch.theta_2,0.0021344242
7.8804,B,mrac.pitch.theta_3,0.0061871707
7.8804,B,mrac.pitch.theta_4,0.12022094
7.8804,B,mrac.pitch.theta_5,0.1448317
7.8804,B,mrac.pitch.u_nom,-0.13499856
7.8804,B,mrac.pitch.xm,-0.14912103
7.8804,B,mrac.roll.theta_0,0.14895776
7.8804,B,mrac.roll.theta_1,0.001714367
7.8804,B,mrac.roll.theta_2,0.0038312594
7.8804,B,mrac.roll.theta_3,0.0055775652
7.8804,B,mrac.roll.theta_4,0.13439862
7.8804,B,mrac.roll.theta_5,0.14248201
7.8804,B,mrac.roll.u_nom,0.034205589
7.8804,B,mrac.roll.xm,0.16705634
7.8804,B,mrac.yaw.theta_0,1.7655445e-11
7.8804,B,mrac.yaw.theta_1,0.0029685248
7.8804,B,mrac.yaw.theta_2,0.0035547428
7.8804,B,mrac.yaw.theta_3,0
7.8804,B,mrac.yaw.theta_4,0.039134856
7.8804,B,mrac.yaw.theta_5,0.086378627
7.8804,B,mrac.yaw.u_nom,-0.015211311
7.8804,B,mrac.yaw.xm,-0.082853504
7.8804,B,mrac.z.theta_0,0.0093014687
7.8804,B,mrac.z.theta_1,0.0024856881
7.8804,B,mrac.z.theta_2,0.0061913161
7.8804,B,mrac.z.theta_3,0
7.8804,B,mrac.z.theta_4,0.19535309
7.8804,B,mrac.z.theta_5,0.18899259
7.8804,B,mrac.z.u_nom,-0.21256582
7.8804,B,mrac.z.xm,-0.083935857
7.8804,B,path.active_path_mode,1
7.8804,B,path.circle_theta,0
7.8804,B,path.sinusoid_t_elapsed,0
7.8804,B,path.twc_arrived,0
7.8804,B,path.twc_target_x,1.4901161e-06
7.8804,B,path.twc_target_y,0
7.8804,B,path.twc_target_z,0.60000002
7.8804,B,pid.gyrox.Des,9.571619
7.8804,B,pid.gyrox.FB,2.1971118
7.8804,B,pid.gyrox.U,40.020538
7.8804,B,pid.gyroy.Des,-8.5440025
7.8804,B,pid.gyroy.FB,4.6602173
7.8804,B,pid.gyroy.U,-157.94832
7.8804,B,pid.gyroz.Des,-4.7471542
7.8804,B,pid.gyroz.FB,-1.4337418
7.8804,B,pid.gyroz.U,-28.475574
7.8804,B,pid.locx.Des,1.4901161e-06
7.8804,B,pid.locx.FB,25.195362
7.8804,B,pid.locx.U,-22.215107
7.8804,B,pid.locxs.Des,-22.215107
7.8804,B,pid.locxs.FB,0.3359865
7.8804,B,pid.locxs.U,-67.72937
7.8804,B,pid.locy.Des,0
7.8804,B,pid.locy.FB,8.6929684
7.8804,B,pid.locy.U,-8.8568974
7.8804,B,pid.locys.Des,-8.8568974
7.8804,B,pid.locys.FB,-4.2293158
7.8804,B,pid.locys.U,-13.752521
7.8804,B,pid.pitch.Des,-3.1755569
7.8804,B,pid.pitch.FB,-0.23367627
7.8804,B,pid.pitch.U,-8.5440025
7.8804,B,pid.roll.Des,2.4879429
7.8804,B,pid.roll.FB,-0.76749182
7.8804,B,pid.roll.U,9.571619
7.8804,B,pid.yaw.Des,40
7.8804,B,pid.yaw.FB,40.457859
7.8804,B,pid.yaw.U,-4.7471542
7.8804,B,pid.z_pos.Des,0.60000002
7.8804,B,pid.z_pos.FB,0.57994312
7.8804,B,pid.z_pos.U,-0.083935857
7.8804,B,pid.z_rate.Des,-0.083935857
7.8804,B,pid.z_rate.FB,0.0014131705
7.8804,B,pid.z_rate.U,-47.189613
7.8804,B,status.vbat,0
8.0813,A,mrac.pitch.e,0.0388809
8.0813,A,mrac.pitch.u_ad,-0.026731363
8.0813,A,mrac.roll.e,-0.16348968
8.0813,A,mrac.roll.u_ad,0.17309237
8.0813,A,mrac.yaw.e,0.12273979
8.0813,A,mrac.yaw.u_ad,-0.0076083187
8.0813,A,mrac.z.e,0.11752073
8.0813,A,mrac.z.u_ad,-0.07035964
8.0813,A,status.arm,1
8.0813,A,status.flymode,1
8.0813,A,status.rc_authority,1
8.0813,A,status.sbus_lost,0
8.0813,A,status.twc_arrived,0
8.0813,A,status.twc_execute,1
8.0814,B,mrac.pitch.theta_0,1.1093099e-17
8.0814,B,mrac.pitch.theta_1,0.0035043738
8.0814,B,mrac.pitch.theta_2,0.0021331648
8.0814,B,mrac.pitch.theta_3,0.0061868355
8.0814,B,mrac.pitch.theta_4,0.1202511
8.0814,B,mrac.pitch.theta_5,0.14482746
8.0814,B,mrac.pitch.u_nom,0.04090653
8.0814,B,mrac.pitch.xm,-0.15628636
8.0814,B,mrac.roll.theta_0,0.14895366
8.0814,B,mrac.roll.theta_1,0.001711647
8.0814,B,mrac.roll.theta_2,0.0038331493
8.0814,B,mrac.roll.theta_3,0.0055770548
8.0814,B,mrac.roll.theta_4,0.13443254
8.0814,B,mrac.roll.theta_5,0.14248446
8.0814,B,mrac.roll.u_nom,-0.086003624
8.0814,B,mrac.roll.xm,0.15231404
8.0814,B,mrac.yaw.theta_0,1.5533092e-11
8.0814,B,mrac.yaw.theta_1,0.0029691178
8.0814,B,mrac.yaw.theta_2,0.003554574
8.0814,B,mrac.yaw.theta_3,0
8.0814,B,mrac.yaw.theta_4,0.039136264
8.0814,B,mrac.yaw.theta_5,0.08637514
8.0814,B,mrac.yaw.u_nom,-0.011548549
8.0814,B,mrac.yaw.xm,-0.0767783
8.0814,B,mrac.z.theta_0,0.0087370323
8.0814,B,mrac.z.theta_1,0.0024435734
8.0814,B,mrac.z.theta_2,0.0061851549
8.0814,B,mrac.z.theta_3,0
8.0814,B,mrac.z.theta_4,0.19538067
8.0814,B,mrac.z.theta_5,0.18899228
8.0814,B,mrac.z.u_nom,-0.32420027
8.0814,B,mrac.z.xm,-0.09045092
8.0814,B,path.active_path_mode,1
8.0814,B,path.circle_theta,0
8.0814,B,path.sinusoid_t_elapsed,0
8.0814,B,path.twc_arrived,0
8.0814,B,path.twc_target_x,1.4901161e-06
8.0814,B,path.twc_target_y,0
8.0814,B,path.twc_target_z,0.60000002
8.0814,B,pid.gyrox.Des,8.7269478
8.0814,B,pid.gyrox.FB,9.7282639
8.0814,B,pid.gyrox.U,-100.62424
8.0814,B,pid.gyroy.Des,-8.954545
8.0814,B,pid.gyroy.FB,-4.6716003
8.0814,B,pid.gyroy.U,47.860641
8.0814,B,pid.gyroz.Des,-4.3990707
8.0814,B,pid.gyroz.FB,-1.9432434
8.0814,B,pid.gyroz.U,-21.618883
8.0814,B,pid.locx.Des,1.4901161e-06
8.0814,B,pid.locx.FB,25.265266
8.0814,B,pid.locx.U,-22.216291
8.0814,B,pid.locxs.Des,-22.216291
8.0814,B,pid.locxs.FB,-1.1828119
8.0814,B,pid.locxs.U,-63.017429
8.0814,B,pid.locy.Des,0
8.0814,B,pid.locy.FB,8.5282993
8.0814,B,pid.locy.U,-8.7718897
8.0814,B,pid.locys.Des,-8.7718897
8.0814,B,pid.locys.FB,-2.9327388
8.0814,B,pid.locys.U,-17.526453
8.0814,B,pid.pitch.Des,-3.1626377
8.0814,B,pid.pitch.FB,-0.091899
8.0814,B,pid.pitch.U,-8.954545
8.0814,B,pid.roll.Des,2.1391931
8.0814,B,pid.roll.FB,-0.66171932
8.0814,B,pid.roll.U,8.7269478
8.0814,B,pid.yaw.Des,40
8.0814,B,pid.yaw.FB,40.399845
8.0814,B,pid.yaw.U,-4.3990707
8.0814,B,pid.z_pos.Des,0.60000002
8.0814,B,pid.z_pos.FB,0.58995986
8.0814,B,pid.z_pos.U,-0.09045092
8.0814,B,pid.z_rate.Des,-0.09045092
8.0814,B,pid.z_rate.FB,0.05685522
8.0814,B,pid.z_rate.U,-71.972458
8.0814,B,status.vbat,0
8.2815,A,mrac.pitch.e,0.0388809
8.2815,A,mrac.pitch.u_ad,-0.026731363
8.2815,A,mrac.roll.e,-0.16348968
8.2815,A,mrac.roll.u_ad,0.17309237
8.2815,A,mrac.yaw.e,0.12273979
8.2815,A,mrac.yaw.u_ad,-0.0076083187
8.2815,A,mrac.z.e,0.11752073
8.2815,A,mrac.z.u_ad,-0.07035964
8.2815,A,status.arm,1
8.2815,A,status.flymode,1
8.2815,A,status.rc_authority,1
8.2815,A,status.sbus_lost,0
8.2815,A,status.twc_arrived,0
8.2815,A,status.twc_execute,1
8.2816,B,mrac.pitch.theta_0,1.1093099e-17
8.2816,B,mrac.pitch.theta_1,0.0035043738
8.2816,B,mrac.pitch.theta_2,0.0021331648
8.2816,B,mrac.pitch.theta_3,0.0061868355
8.2816,B,mrac.pitch.theta_4,0.1202511
8.2816,B,mrac.pitch.theta_5,0.14482746
8.2816,B,mrac.pitch.u_nom,0.04090653
8.2816,B,mrac.pitch.xm,-0.15628636
8.2816,B,mrac.roll.theta_0,0.14895366
8.2816,B,mrac.roll.theta_1,0.001711647
8.2816,B,mrac.roll.theta_2,0.0038331493
8.2816,B,mrac.roll.theta_3,0.0055770548
8.2816,B,mrac.roll.theta_4,0.13443254
8.2816,B,mrac.roll.theta_5,0.14248446
8.2816,B,mrac.roll.u_nom,-0.086003624
8.2816,B,mrac.roll.xm,0.15231404
8.2816,B,mrac.yaw.theta_0,1.5533092e-11
8.2816,B,mrac.yaw.theta_1,0.0029691178
8.2816,B,mrac.yaw.theta_2,0.003554574
8.2816,B,mrac.yaw.theta_3,0
8.2816,B,mrac.yaw.theta_4,0.039136264
8.2816,B,mrac.yaw.theta_5,0.08637514
8.2816,B,mrac.yaw.u_nom,-0.011548549
8.2816,B,mrac.yaw.xm,-0.0767783
8.2816,B,mrac.z.theta_0,0.0087370323
8.2816,B,mrac.z.theta_1,0.0024435734
8.2816,B,mrac.z.theta_2,0.0061851549
8.2816,B,mrac.z.theta_3,0
8.2816,B,mrac.z.theta_4,0.19538067
8.2816,B,mrac.z.theta_5,0.18899228
8.2816,B,mrac.z.u_nom,-0.32420027
8.2816,B,mrac.z.xm,-0.09045092
8.2816,B,path.active_path_mode,1
8.2816,B,path.circle_theta,0
8.2816,B,path.sinusoid_t_elapsed,0
8.2816,B,path.twc_arrived,0
8.2816,B,path.twc_target_x,1.4901161e-06
8.2816,B,path.twc_target_y,0
8.2816,B,path.twc_target_z,0.60000002
8.2816,B,pid.gyrox.Des,8.7269478
8.2816,B,pid.gyrox.FB,9.7282639
8.2816,B,pid.gyrox.U,-100.62424
8.2816,B,pid.gyroy.Des,-8.954545
8.2816,B,pid.gyroy.FB,-4.6716003
8.2816,B,pid.gyroy.U,47.860641
8.2816,B,pid.gyroz.Des,-4.3990707
8.2816,B,pid.gyroz.FB,-1.9432434
8.2816,B,pid.gyroz.U,-21.618883
8.2816,B,pid.locx.Des,1.4901161e-06
8.2816,B,pid.locx.FB,25.265266
8.2816,B,pid.locx.U,-22.216291
8.2816,B,pid.locxs.Des,-22.216291
8.2816,B,pid.locxs.FB,-1.1828119
8.2816,B,pid.locxs.U,-63.017429
8.2816,B,pid.locy.Des,0
8.2816,B,pid.locy.FB,8.5282993
8.2816,B,pid.locy.U,-8.7718897
8.2816,B,pid.locys.Des,-8.7718897
8.2816,B,pid.locys.FB,-2.9327388
8.2816,B,pid.locys.U,-17.526453
8.2816,B,pid.pitch.Des,-3.1626377
8.2816,B,pid.pitch.FB,-0.091899
8.2816,B,pid.pitch.U,-8.954545
8.2816,B,pid.roll.Des,2.1391931
8.2816,B,pid.roll.FB,-0.66171932
8.2816,B,pid.roll.U,8.7269478
8.2816,B,pid.yaw.Des,40
8.2816,B,pid.yaw.FB,40.399845
8.2816,B,pid.yaw.U,-4.3990707
8.2816,B,pid.z_pos.Des,0.60000002
8.2816,B,pid.z_pos.FB,0.58995986
8.2816,B,pid.z_pos.U,-0.09045092
8.2816,B,pid.z_rate.Des,-0.09045092
8.2816,B,pid.z_rate.FB,0.05685522
8.2816,B,pid.z_rate.U,-71.972458
8.2816,B,status.vbat,0
8.4966,A,mrac.pitch.e,0.19476111
8.4966,A,mrac.pitch.u_ad,-0.031101257
8.4966,A,mrac.roll.e,-0.13045871
8.4966,A,mrac.roll.u_ad,0.16989897
8.4966,A,mrac.yaw.e,0.13739172
8.4966,A,mrac.yaw.u_ad,-0.0070265406
8.4966,A,mrac.z.e,0.10721223
8.4966,A,mrac.z.u_ad,-0.065490521
8.4966,A,status.arm,1
8.4966,A,status.flymode,1
8.4966,A,status.rc_authority,1
8.4966,A,status.sbus_lost,0
8.4966,A,status.twc_arrived,0
8.4966,A,status.twc_execute,1
8.4967,B,mrac.pitch.theta_0,1.4167273e-18
8.4967,B,mrac.pitch.theta_1,0.0034894745
8.4967,B,mrac.pitch.theta_2,0.0021276278
8.4967,B,mrac.pitch.theta_3,0.0061844788
8.4967,B,mrac.pitch.theta_4,0.12042297
8.4967,B,mrac.pitch.theta_5,0.14481162
8.4967,B,mrac.pitch.u_nom,-0.091886945
8.4967,B,mrac.pitch.xm,-0.17264754
8.4967,B,mrac.roll.theta_0,0.1486534
8.4967,B,mrac.roll.theta_1,0.0017025245
8.4967,B,mrac.roll.theta_2,0.0038426123
8.4967,B,mrac.roll.theta_3,0.005575459
8.4967,B,mrac.roll.theta_4,0.1345875
8.4967,B,mrac.roll.theta_5,0.14247201
8.4967,B,mrac.roll.u_nom,0.027395323
8.4967,B,mrac.roll.xm,0.092495874
8.4967,B,mrac.yaw.theta_0,6.3309939e-12
8.4967,B,mrac.yaw.theta_1,0.0029511792
8.4967,B,mrac.yaw.theta_2,0.0035526191
8.4967,B,mrac.yaw.theta_3,0
8.4967,B,mrac.yaw.theta_4,0.039154738
8.4967,B,mrac.yaw.theta_5,0.086353041
8.4967,B,mrac.yaw.u_nom,-0.0035708942
8.4967,B,mrac.yaw.xm,-0.074788116
8.4967,B,mrac.z.theta_0,0.0062476909
8.4967,B,mrac.z.theta_1,0.0023292163
8.4967,B,mrac.z.theta_2,0.0061691697
8.4967,B,mrac.z.theta_3,0
8.4967,B,mrac.z.theta_4,0.19542895
8.4967,B,mrac.z.theta_5,0.18897244
8.4967,B,mrac.z.u_nom,-0.25671592
8.4967,B,mrac.z.xm,-0.10487296
8.4967,B,path.active_path_mode,1
8.4967,B,path.circle_theta,0
8.4967,B,path.sinusoid_t_elapsed,0
8.4967,B,path.twc_arrived,0
8.4967,B,path.twc_target_x,1.4901161e-06
8.4967,B,path.twc_target_y,0
8.4967,B,path.twc_target_z,0.60000002
8.4967,B,pid.gyrox.Des,5.2996211
8.4967,B,pid.gyrox.FB,2.8943479
8.4967,B,pid.gyrox.U,32.052528
8.4967,B,pid.gyroy.Des,-9.8919706
8.4967,B,pid.gyroy.FB,0.12577596
8.4967,B,pid.gyroy.U,-107.50773
8.4967,B,pid.gyroz.Des,-4.2850418
8.4967,B,pid.gyroz.FB,-3.697417
8.4967,B,pid.gyroz.U,-6.6847138
8.4967,B,pid.locx.Des,1.4901161e-06
8.4967,B,pid.locx.FB,25.065569
8.4967,B,pid.locx.U,-22.02096
8.4967,B,pid.locxs.Des,-22.02096
8.4967,B,pid.locxs.FB,-2.2852659
8.4967,B,pid.locxs.U,-54.59605
8.4967,B,pid.locy.Des,0
8.4967,B,pid.locy.FB,8.5865431
8.4967,B,pid.locy.U,-8.9433146
8.4967,B,pid.locys.Des,-8.9433146
8.4967,B,pid.locys.FB,1.9435945
8.4967,B,pid.locys.U,-36.648476
8.4967,B,pid.pitch.Des,-3.6922143
8.4967,B,pid.pitch.FB,-0.29590446
8.4967,B,pid.pitch.U,-9.8919706
8.4967,B,pid.roll.Des,1.0425071
8.4967,B,pid.roll.FB,-0.73026711
8.4967,B,pid.roll.U,5.2996211
8.4967,B,pid.yaw.Des,40
8.4967,B,pid.yaw.FB,40.38084
8.4967,B,pid.yaw.U,-4.2850418
8.4967,B,pid.z_pos.Des,0.60000002
8.4967,B,pid.z_pos.FB,0.60994232
8.4967,B,pid.z_pos.U,-0.10487296
8.4967,B,pid.z_rate.Des,-0.10487296
8.4967,B,pid.z_rate.FB,0.004979386
8.4967,B,pid.z_rate.U,-56.990936
8.4967,B,status.vbat,0
8.6970,A,mrac.pitch.e,0.081588767
8.6970,A,mrac.pitch.u_ad,-0.030171128
8.6970,A,mrac.roll.e,-0.041991532
8.6970,A,mrac.roll.u_ad,0.16919217
8.6970,A,mrac.yaw.e,0.062965088
8.6970,A,mrac.yaw.u_ad,-0.0055790963
8.6970,A,mrac.z.e,0.090897679
8.6970,A,mrac.z.u_ad,-0.049715105
8.6970,A,status.arm,1
8.6970,A,status.flymode,1
8.6970,A,status.rc_authority,1
8.6970,A,status.sbus_lost,0
8.6970,A,status.twc_arrived,0
8.6970,A,status.twc_execute,1
8.6970,B,mrac.pitch.theta_0,6.9670616e-19
8.6970,B,mrac.pitch.theta_1,0.0035067762
8.6970,B,mrac.pitch.theta_2,0.0021269156
8.6970,B,mrac.pitch.theta_3,0.0061834813
8.6970,B,mrac.pitch.theta_4,0.12045479
8.6970,B,mrac.pitch.theta_5,0.14481042
8.6970,B,mrac.pitch.u_nom,-0.040993631
8.6970,B,mrac.pitch.xm,-0.19120659
8.6970,B,mrac.roll.theta_0,0.14876494
8.6970,B,mrac.roll.theta_1,0.0016869393
8.6970,B,mrac.roll.theta_2,0.0038450062
8.6970,B,mrac.roll.theta_3,0.0055751121
8.6970,B,mrac.roll.theta_4,0.13462384
8.6970,B,mrac.roll.theta_5,0.14246745
8.6970,B,mrac.roll.u_nom,0.1528348
8.6970,B,mrac.roll.xm,0.10604027
8.6970,B,mrac.yaw.theta_0,0.00015427798
8.6970,B,mrac.yaw.theta_1,0.0029459014
8.6970,B,mrac.yaw.theta_2,0.0035522834
8.6970,B,mrac.yaw.theta_3,0
8.6970,B,mrac.yaw.theta_4,0.039158277
8.6970,B,mrac.yaw.theta_5,0.086347044
8.6970,B,mrac.yaw.u_nom,-0.0033561101
8.6970,B,mrac.yaw.xm,-0.052410766
8.6970,B,mrac.z.theta_0,0.0071526198
8.6970,B,mrac.z.theta_1,0.0023347661
8.6970,B,mrac.z.theta_2,0.0061704107
8.6970,B,mrac.z.theta_3,0
8.6970,B,mrac.z.theta_4,0.19541053
8.6970,B,mrac.z.theta_5,0.1889438
8.6970,B,mrac.z.u_nom,-0.18196994
8.6970,B,mrac.z.xm,-0.098193146
8.6970,B,path.active_path_mode,1
8.6970,B,path.circle_theta,0
8.6970,B,path.sinusoid_t_elapsed,0
8.6970,B,path.twc_arrived,0
8.6970,B,path.twc_target_x,1.4901161e-06
8.6970,B,path.twc_target_y,0
8.6970,B,path.twc_target_z,0.60000002
8.6970,B,pid.gyrox.Des,6.0756574
8.6970,B,pid.gyrox.FB,-8.7966337
8.6970,B,pid.gyrox.U,178.81673
8.6970,B,pid.gyroy.Des,-10.955326
8.6970,B,pid.gyroy.FB,-2.0371406
8.6970,B,pid.gyroy.U,-47.962547
8.6970,B,pid.gyroz.Des,-3.0029144
8.6970,B,pid.gyroz.FB,-2.4773562
8.6970,B,pid.gyroz.U,-6.2826381
8.6970,B,pid.locx.Des,1.4901161e-06
8.6970,B,pid.locx.FB,25.004662
8.6970,B,pid.locx.U,-21.98947
8.6970,B,pid.locxs.Des,-21.98947
8.6970,B,pid.locxs.FB,-2.4116459
8.6970,B,pid.locxs.U,-58.697376
8.6970,B,pid.locy.Des,0
8.6970,B,pid.locy.FB,9.1101208
8.6970,B,pid.locy.U,-9.4572029
8.6970,B,pid.locys.Des,-9.4572029
8.6970,B,pid.locys.FB,3.3442435
8.6970,B,pid.locys.U,-38.59412
8.6970,B,pid.pitch.Des,-3.9284527
8.6970,B,pid.pitch.FB,-0.30406699
8.6970,B,pid.pitch.U,-10.955326
8.6970,B,pid.roll.Des,1.1660304
8.6970,B,pid.roll.FB,-0.93739897
8.6970,B,pid.roll.U,6.0756574
8.6970,B,pid.yaw.Des,40
8.6970,B,pid.yaw.FB,40.167152
8.6970,B,pid.yaw.U,-3.0029144
8.6970,B,pid.z_pos.Des,0.60000002
8.6970,B,pid.z_pos.FB,0.59991121
8.6970,B,pid.z_pos.U,-0.098193146
8.6970,B,pid.z_rate.Des,-0.098193146
8.6970,B,pid.z_rate.FB,-0.029824832
8.6970,B,pid.z_rate.U,-40.397327
8.6970,B,status.vbat,0
8.8990,A,mrac.pitch.e,0.13697936
8.8990,A,mrac.pitch.u_ad,-0.028878246
8.8990,A,mrac.roll.e,-0.00099455565
8.8990,A,mrac.roll.u_ad,0.1695509
8.8990,A,mrac.yaw.e,0.11931226
8.8990,A,mrac.yaw.u_ad,-0.0077526337
8.8990,A,mrac.z.e,0.097925954
8.8990,A,mrac.z.u_ad,-0.057983328
8.8990,A,status.arm,1
8.8990,A,status.flymode,1
8.8990,A,status.rc_authority,1
8.8990,A,status.sbus_lost,0
8.8990,A,status.twc_arrived,0
8.8990,A,status.twc_execute,1
8.8991,B,mrac.pitch.theta_0,2.6190761e-19
8.8991,B,mrac.pitch.theta_1,0.0035511695
8.8991,B,mrac.pitch.theta_2,0.0021246171
8.8991,B,mrac.pitch.theta_3,0.0061835889
8.8991,B,mrac.pitch.theta_4,0.12051865
8.8991,B,mrac.pitch.theta_5,0.14480568
8.8991,B,mrac.pitch.u_nom,0.023591861
8.8991,B,mrac.pitch.xm,-0.17779317
8.8991,B,mrac.roll.theta_0,0.14871092
8.8991,B,mrac.roll.theta_1,0.0016574037
8.8991,B,mrac.roll.theta_2,0.0038507304
8.8991,B,mrac.roll.theta_3,0.0055746557
8.8991,B,mrac.roll.theta_4,0.13470776
8.8991,B,mrac.roll.theta_5,0.1424582
8.8991,B,mrac.roll.u_nom,-0.048702929
8.8991,B,mrac.roll.xm,0.11837837
8.8991,B,mrac.yaw.theta_0,8.721411e-05
8.8991,B,mrac.yaw.theta_1,0.00292763
8.8991,B,mrac.yaw.theta_2,0.0035507521
8.8991,B,mrac.yaw.theta_3,0
8.8991,B,mrac.yaw.theta_4,0.039172292
8.8991,B,mrac.yaw.theta_5,0.086333372
8.8991,B,mrac.yaw.u_nom,-0.028838361
8.8991,B,mrac.yaw.xm,-0.080405928
8.8991,B,mrac.z.theta_0,0.0063725132
8.8991,B,mrac.z.theta_1,0.0023596329
8.8991,B,mrac.z.theta_2,0.006168826
8.8991,B,mrac.z.theta_3,0
8.8991,B,mrac.z.theta_4,0.19537041
8.8991,B,mrac.z.theta_5,0.18890935
8.8991,B,mrac.z.u_nom,-0.23446587
8.8991,B,mrac.z.xm,-0.098128326
8.8991,B,path.active_path_mode,1
8.8991,B,path.circle_theta,0
8.8991,B,path.sinusoid_t_elapsed,0
8.8991,B,path.twc_arrived,0
8.8991,B,path.twc_target_x,1.4901161e-06
8.8991,B,path.twc_target_y,0
8.8991,B,path.twc_target_z,0.60000002
8.8991,B,pid.gyrox.Des,6.782578
8.8991,B,pid.gyrox.FB,3.7160695
8.8991,B,pid.gyrox.U,-56.982426
8.8991,B,pid.gyroy.Des,-10.186794
8.8991,B,pid.gyroy.FB,-4.1540055
8.8991,B,pid.gyroy.U,27.602478
8.8991,B,pid.gyroz.Des,-4.6069183
8.8991,B,pid.gyroz.FB,1.8810077
8.8991,B,pid.gyroz.U,-53.985413
8.8991,B,pid.locx.Des,1.4901161e-06
8.8991,B,pid.locx.FB,24.984688
8.8991,B,pid.locx.U,-22.004686
8.8991,B,pid.locxs.Des,-22.004686
8.8991,B,pid.locxs.FB,-2.3960159
8.8991,B,pid.locxs.U,-58.84351
8.8991,B,pid.locy.Des,0
8.8991,B,pid.locy.FB,10.083987
8.8991,B,pid.locy.U,-10.210417
8.8991,B,pid.locys.Des,-10.210417
8.8991,B,pid.locys.FB,3.3554595
8.8991,B,pid.locys.U,-40.867531
8.8991,B,pid.pitch.Des,-4.0396171
8.8991,B,pid.pitch.FB,-0.57832545
8.8991,B,pid.pitch.U,-10.186794
8.8991,B,pid.roll.Des,1.0680072
8.8991,B,pid.roll.FB,-1.1802984
8.8991,B,pid.roll.U,6.782578
8.8991,B,pid.yaw.Des,40
8.8991,B,pid.yaw.FB,40.434486
8.8991,B,pid.yaw.U,-4.6069183
8.8991,B,pid.z_pos.Des,0.60000002
8.8991,B,pid.z_pos.FB,0.59984207
8.8991,B,pid.z_pos.U,-0.098128326
8.8991,B,pid.z_rate.Des,-0.098128326
8.8991,B,pid.z_rate.FB,-0.00062476745
8.8991,B,pid.z_rate.U,-52.051422
8.8991,B,status.vbat,0
9.1155,A,mrac.pitch.e,0.086095415
9.1155,A,mrac.pitch.u_ad,-0.028916741
9.1155,A,mrac.roll.e,0.0085133314
9.1155,A,mrac.roll.u_ad,0.16672958
9.1155,A,mrac.yaw.e,0.0023415163
9.1155,A,mrac.yaw.u_ad,-0.0069966223
9.1155,A,mrac.z.e,0.26513332
9.1155,A,mrac.z.u_ad,-0.092121191
9.1155,A,status.arm,1
9.1155,A,status.flymode,1
9.1155,A,status.rc_authority,1
9.1155,A,status.sbus_lost,0
9.1155,A,status.twc_arrived,0
9.1155,A,status.twc_execute,1
9.1156,B,mrac.pitch.theta_0,1.3085519e-19
9.1156,B,mrac.pitch.theta_1,0.0035609929
9.1156,B,mrac.pitch.theta_2,0.0021226206
9.1156,B,mrac.pitch.theta_3,0.0061830059
9.1156,B,mrac.pitch.theta_4,0.12057218
9.1156,B,mrac.pitch.theta_5,0.1448013
9.1156,B,mrac.pitch.u_nom,-0.065338694
9.1156,B,mrac.pitch.xm,-0.17327686
9.1156,B,mrac.roll.theta_0,0.14851223
9.1156,B,mrac.roll.theta_1,0.0016569437
9.1156,B,mrac.roll.theta_2,0.0038513795
9.1156,B,mrac.roll.theta_3,0.0055742362
9.1156,B,mrac.roll.theta_4,0.13474654
9.1156,B,mrac.roll.theta_5,0.14245093
9.1156,B,mrac.roll.u_nom,-0.0092711812
9.1156,B,mrac.roll.xm,0.11284827
9.1156,B,mrac.yaw.theta_0,6.0149065e-05
9.1156,B,mrac.yaw.theta_1,0.0029200539
9.1156,B,mrac.yaw.theta_2,0.0035495497
9.1156,B,mrac.yaw.theta_3,0
9.1156,B,mrac.yaw.theta_4,0.039183456
9.1156,B,mrac.yaw.theta_5,0.086327583
9.1156,B,mrac.yaw.u_nom,-0.0046167532
9.1156,B,mrac.yaw.xm,-0.081487305
9.1156,B,mrac.z.theta_0,0.0056688841
9.1156,B,mrac.z.theta_1,0.0023121263
9.1156,B,mrac.z.theta_2,0.0061617587
9.1156,B,mrac.z.theta_3,0
9.1156,B,mrac.z.theta_4,0.19540092
9.1156,B,mrac.z.theta_5,0.18891025
9.1156,B,mrac.z.u_nom,-0.29347989
9.1156,B,mrac.z.xm,-0.10570163
9.1156,B,path.active_path_mode,1
9.1156,B,path.circle_theta,0
9.1156,B,path.sinusoid_t_elapsed,0
9.1156,B,path.twc_arrived,0
9.1156,B,path.twc_target_x,1.4901161e-06
9.1156,B,path.twc_target_y,0
9.1156,B,path.twc_target_z,0.60000002
9.1156,B,pid.gyrox.Des,6.4657269
9.1156,B,pid.gyrox.FB,1.8117657
9.1156,B,pid.gyrox.U,-10.847282
9.1156,B,pid.gyroy.Des,-9.9280281
9.1156,B,pid.gyroy.FB,0.89059293
9.1156,B,pid.gyroy.U,-76.446274
9.1156,B,pid.gyroz.Des,-4.6688766
9.1156,B,pid.gyroz.FB,-3.8366172
9.1156,B,pid.gyroz.U,-8.6425619
9.1156,B,pid.locx.Des,1.4901161e-06
9.1156,B,pid.locx.FB,25.001036
9.1156,B,pid.locx.U,-21.991863
9.1156,B,pid.locxs.Des,-21.991863
9.1156,B,pid.locxs.FB,-2.2830944
9.1156,B,pid.locxs.U,-59.109573
9.1156,B,pid.locy.Des,0
9.1156,B,pid.locy.FB,10.595977
9.1156,B,pid.locy.U,-10.589563
9.1156,B,pid.locys.Des,-10.589563
9.1156,B,pid.locys.FB,1.9461447
9.1156,B,pid.locys.U,-37.735756
9.1156,B,pid.pitch.Des,-3.9116325
9.1156,B,pid.pitch.FB,-0.5948016
9.1156,B,pid.pitch.U,-9.9280281
9.1156,B,pid.roll.Des,1.1977462
9.1156,B,pid.roll.FB,-0.90487421
9.1156,B,pid.roll.U,6.4657269
9.1156,B,pid.yaw.Des,40
9.1156,B,pid.yaw.FB,40.444813
9.1156,B,pid.yaw.U,-4.6688766
9.1156,B,pid.z_pos.Des,0.60000002
9.1156,B,pid.z_pos.FB,0.60989112
9.1156,B,pid.z_pos.U,-0.10570163
9.1156,B,pid.z_rate.Des,-0.10570163
9.1156,B,pid.z_rate.FB,0.024554711
9.1156,B,pid.z_rate.U,-65.152534
9.1156,B,status.vbat,0
9.3361,A,mrac.pitch.e,0.098313622
9.3361,A,mrac.pitch.u_ad,-0.029234663
9.3361,A,mrac.roll.e,-0.053185903
9.3361,A,mrac.roll.u_ad,0.16283508
9.3361,A,mrac.yaw.e,0.067153014
9.3361,A,mrac.yaw.u_ad,-0.0064472239
9.3361,A,mrac.z.e,0.13945454
9.3361,A,mrac.z.u_ad,-0.087039351
9.3361,A,status.arm,1
9.3361,A,status.flymode,1
9.3361,A,status.rc_authority,1
9.3361,A,status.sbus_lost,0
9.3361,A,status.twc_arrived,0
9.3361,A,status.twc_execute,1
9.3363,B,mrac.pitch.theta_0,9.5580377e-20
9.3363,B,mrac.pitch.theta_1,0.0035698237
9.3363,B,mrac.pitch.theta_2,0.0021222262
9.3363,B,mrac.pitch.theta_3,0.006182719
9.3363,B,mrac.pitch.theta_4,0.12058626
9.3363,B,mrac.pitch.theta_5,0.14479855
9.3363,B,mrac.pitch.u_nom,-0.10316773
9.3363,B,mrac.pitch.xm,-0.16785632
9.3363,B,mrac.roll.theta_0,0.14856492
9.3363,B,mrac.roll.theta_1,0.0016560865
9.3363,B,mrac.roll.theta_2,0.0038515613
9.3363,B,mrac.roll.theta_3,0.005573886
9.3363,B,mrac.roll.theta_4,0.1347553
9.3363,B,mrac.roll.theta_5,0.14244726
9.3363,B,mrac.roll.u_nom,-0.047718395
9.3363,B,mrac.roll.xm,0.10292872
9.3363,B,mrac.yaw.theta_0,5.8164136e-05
9.3363,B,mrac.yaw.theta_1,0.0029197177
9.3363,B,mrac.yaw.theta_2,0.0035494857
9.3363,B,mrac.yaw.theta_3,0
9.3363,B,mrac.yaw.theta_4,0.039183959
9.3363,B,mrac.yaw.theta_5,0.086326621
9.3363,B,mrac.yaw.u_nom,-0.0064095887
9.3363,B,mrac.yaw.xm,-0.066087969
9.3363,B,mrac.z.theta_0,0.0053287246
9.3363,B,mrac.z.theta_1,0.0022775002
9.3363,B,mrac.z.theta_2,0.006155734
9.3363,B,mrac.z.theta_3,0
9.3363,B,mrac.z.theta_4,0.19542944
9.3363,B,mrac.z.theta_5,0.18891676
9.3363,B,mrac.z.u_nom,-0.46253166
9.3363,B,mrac.z.xm,-0.1132903
9.3363,B,path.active_path_mode,1
9.3363,B,path.circle_theta,0
9.3363,B,path.sinusoid_t_elapsed,0
9.3363,B,path.twc_arrived,0
9.3363,B,path.twc_target_x,1.4901161e-06
9.3363,B,path.twc_target_y,0
9.3363,B,path.twc_target_z,0.60000002
9.3363,B,pid.gyrox.Des,5.8973789
9.3363,B,pid.gyrox.FB,7.4681597
9.3363,B,pid.gyrox.U,-55.830521
9.3363,B,pid.gyroy.Des,-9.6174545
9.3363,B,pid.gyroy.FB,1.274412
9.3363,B,pid.gyroy.U,-120.70624
9.3363,B,pid.gyroz.Des,-3.7865601
9.3363,B,pid.gyroz.FB,-2.5250094
9.3363,B,pid.gyroz.U,-11.99875
9.3363,B,pid.locx.Des,1.4901161e-06
9.3363,B,pid.locx.FB,24.982708
9.3363,B,pid.locx.U,-21.976889
9.3363,B,pid.locxs.Des,-21.976889
9.3363,B,pid.locxs.FB,-2.2880819
9.3363,B,pid.locxs.U,-59.056236
9.3363,B,pid.locy.Des,0
9.3363,B,pid.locy.FB,10.821507
9.3363,B,pid.locy.U,-10.76996
9.3363,B,pid.locys.Des,-10.76996
9.3363,B,pid.locys.FB,1.9402788
9.3363,B,pid.locys.U,-38.267246
9.3363,B,pid.pitch.Des,-3.9301534
9.3363,B,pid.pitch.FB,-0.69279212
9.3363,B,pid.pitch.U,-9.6174545
9.3363,B,pid.roll.Des,1.1853212
9.3363,B,pid.roll.FB,-0.87685764
9.3363,B,pid.roll.U,5.8973789
9.3363,B,pid.yaw.Des,40
9.3363,B,pid.yaw.FB,40.29776
9.3363,B,pid.yaw.U,-3.7865601
9.3363,B,pid.z_pos.Des,0.60000002
9.3363,B,pid.z_pos.FB,0.61988211
9.3363,B,pid.z_pos.U,-0.1132903
9.3363,B,pid.z_rate.Des,-0.1132903
9.3363,B,pid.z_rate.FB,0.11078978
9.3363,B,pid.z_rate.U,-102.68203
9.3363,B,status.vbat,0
9.5474,A,mrac.pitch.e,0.11854064
9.5474,A,mrac.pitch.u_ad,-0.029402798
9.5474,A,mrac.roll.e,-0.1160327
9.5474,A,mrac.roll.u_ad,0.16728169
9.5474,A,mrac.yaw.e,-0.015988473
9.5474,A,mrac.yaw.u_ad,-0.0062744101
9.5474,A,mrac.z.e,0.22162679
9.5474,A,mrac.z.u_ad,-0.092787296
9.5474,A,status.arm,1
9.5474,A,status.flymode,1
9.5474,A,status.rc_authority,1
9.5474,A,status.sbus_lost,0
9.5474,A,status.twc_arrived,0
9.5474,A,status.twc_execute,1
9.5475,B,mrac.pitch.theta_0,1.6235596e-20
9.5475,B,mrac.pitch.theta_1,0.0035655596
9.5475,B,mrac.pitch.theta_2,0.0021184704
9.5475,B,mrac.pitch.theta_3,0.0061814017
9.5475,B,mrac.pitch.theta_4,0.12070555
9.5475,B,mrac.pitch.theta_5,0.14479002
9.5475,B,mrac.pitch.u_nom,-0.01955183
9.5475,B,mrac.pitch.xm,-0.17770308
9.5475,B,mrac.roll.theta_0,0.14784268
9.5475,B,mrac.roll.theta_1,0.001595613
9.5475,B,mrac.roll.theta_2,0.0038613416
9.5475,B,mrac.roll.theta_3,0.0055732536
9.5475,B,mrac.roll.theta_4,0.13488208
9.5475,B,mrac.roll.theta_5,0.14240825
9.5475,B,mrac.roll.u_nom,0.11031163
9.5475,B,mrac.roll.xm,0.093784787
9.5475,B,mrac.yaw.theta_0,2.5854508e-05
9.5475,B,mrac.yaw.theta_1,0.0029025332
9.5475,B,mrac.yaw.theta_2,0.0035476186
9.5475,B,mrac.yaw.theta_3,0
9.5475,B,mrac.yaw.theta_4,0.039203156
9.5475,B,mrac.yaw.theta_5,0.086309135
9.5475,B,mrac.yaw.u_nom,0.0026423298
9.5475,B,mrac.yaw.xm,-0.066203013
9.5475,B,mrac.z.theta_0,0.0049974294
9.5475,B,mrac.z.theta_1,0.0022952894
9.5475,B,mrac.z.theta_2,0.0061519365
9.5475,B,mrac.z.theta_3,0
9.5475,B,mrac.z.theta_4,0.19541432
9.5475,B,mrac.z.theta_5,0.18888859
9.5475,B,mrac.z.u_nom,-0.62841439
9.5475,B,mrac.z.xm,-0.1169385
9.5475,B,path.active_path_mode,1
9.5475,B,path.circle_theta,0
9.5475,B,path.sinusoid_t_elapsed,0
9.5475,B,path.twc_arrived,0
9.5475,B,path.twc_target_x,1.4901161e-06
9.5475,B,path.twc_target_y,0
9.5475,B,path.twc_target_z,0.60000002
9.5475,B,pid.gyrox.Des,5.3734703
9.5475,B,pid.gyrox.FB,-4.7901654
9.5475,B,pid.gyrox.U,129.06461
9.5475,B,pid.gyroy.Des,-10.181632
9.5475,B,pid.gyroy.FB,-2.5158231
9.5475,B,pid.gyroy.U,-22.875641
9.5475,B,pid.gyroz.Des,-3.7931519
9.5475,B,pid.gyroz.FB,-4.6506214
9.5475,B,pid.gyroz.U,4.9464412
9.5475,B,pid.locx.Des,1.4901161e-06
9.5475,B,pid.locx.FB,24.680861
9.5475,B,pid.locx.U,-21.715544
9.5475,B,pid.locxs.Des,-21.715544
9.5475,B,pid.locxs.FB,-3.0507262
9.5475,B,pid.locxs.U,-55.862984
9.5475,B,pid.locy.Des,0
9.5475,B,pid.locy.FB,12.404087
9.5475,B,pid.locy.U,-12.105342
9.5475,B,pid.locys.Des,-12.105342
9.5475,B,pid.locys.FB,2.5870969
9.5475,B,pid.locys.U,-44.367943
9.5475,B,pid.pitch.Des,-4.0803409
9.5475,B,pid.pitch.FB,-0.68393826
9.5475,B,pid.pitch.U,-10.181632
9.5475,B,pid.roll.Des,0.81256396
9.5475,B,pid.roll.FB,-1.090207
9.5475,B,pid.roll.U,5.3734703
9.5475,B,pid.yaw.Des,40
9.5475,B,pid.yaw.FB,40.298859
9.5475,B,pid.yaw.U,-3.7931519
9.5475,B,pid.z_pos.Des,0.60000002
9.5475,B,pid.z_pos.FB,0.6198436
9.5475,B,pid.z_pos.U,-0.1169385
9.5475,B,pid.z_rate.Des,-0.1169385
9.5475,B,pid.z_rate.FB,0.19920652
9.5475,B,pid.z_rate.U,-139.508
9.5475,B,status.vbat,0
9.7478,A,mrac.pitch.e,0.28917131
9.7478,A,mrac.pitch.u_ad,-0.030495364
9.7478,A,mrac.roll.e,-0.015109397
9.7478,A,mrac.roll.u_ad,0.16583537
9.7478,A,mrac.yaw.e,0.056492142
9.7478,A,mrac.yaw.u_ad,-0.0054662959
9.7478,A,mrac.z.e,0.140737
9.7478,A,mrac.z.u_ad,-0.086850122
9.7478,A,status.arm,1
9.7478,A,status.flymode,1
9.7478,A,status.rc_authority,1
9.7478,A,status.sbus_lost,0
9.7478,A,status.twc_arrived,0
9.7478,A,status.twc_execute,1
9.7478,B,mrac.pitch.theta_0,1.2466194e-20
9.7478,B,mrac.pitch.theta_1,0.0035955773
9.7478,B,mrac.pitch.theta_2,0.0021179977
9.7478,B,mrac.pitch.theta_3,0.0061809705
9.7478,B,mrac.pitch.theta_4,0.12071507
9.7478,B,mrac.pitch.theta_5,0.14478607
9.7478,B,mrac.pitch.u_nom,-0.001008381
9.7478,B,mrac.pitch.xm,-0.17772613
9.7478,B,mrac.roll.theta_0,0.1480725
9.7478,B,mrac.roll.theta_1,0.0015850088
9.7478,B,mrac.roll.theta_2,0.0038638145
9.7478,B,mrac.roll.theta_3,0.005573275
9.7478,B,mrac.roll.theta_4,0.13491179
9.7478,B,mrac.roll.theta_5,0.14240499
9.7478,B,mrac.roll.u_nom,0.025967211
9.7478,B,mrac.roll.xm,0.11060064
9.7478,B,mrac.yaw.theta_0,2.495948e-05
9.7478,B,mrac.yaw.theta_1,0.0029021171
9.7478,B,mrac.yaw.theta_2,0.0035475574
9.7478,B,mrac.yaw.theta_3,0
9.7478,B,mrac.yaw.theta_4,0.039203204
9.7478,B,mrac.yaw.theta_5,0.086307548
9.7478,B,mrac.yaw.u_nom,-0.022501888
9.7478,B,mrac.yaw.xm,-0.051271465
9.7478,B,mrac.z.theta_0,0.0046617584
9.7478,B,mrac.z.theta_1,0.0022570812
9.7478,B,mrac.z.theta_2,0.0061467597
9.7478,B,mrac.z.theta_3,0
9.7478,B,mrac.z.theta_4,0.19545151
9.7478,B,mrac.z.theta_5,0.18890215
9.7478,B,mrac.z.u_nom,-0.33460015
9.7478,B,mrac.z.xm,-0.11668822
9.7478,B,path.active_path_mode,1
9.7478,B,path.circle_theta,0
9.7478,B,path.sinusoid_t_elapsed,0
9.7478,B,path.twc_arrived,0
9.7478,B,path.twc_target_x,1.4901161e-06
9.7478,B,path.twc_target_y,0
9.7478,B,path.twc_target_z,0.60000002
9.7478,B,pid.gyrox.Des,6.3369474
9.7478,B,pid.gyrox.FB,-0.92356312
9.7478,B,pid.gyrox.U,30.381636
9.7478,B,pid.gyroy.Des,-10.182953
9.7478,B,pid.gyroy.FB,-2.2309084
9.7478,B,pid.gyroy.U,-1.1798058
9.7478,B,pid.gyroz.Des,-2.9376373
9.7478,B,pid.gyroz.FB,2.072226
9.7478,B,pid.gyroz.U,-42.123535
9.7478,B,pid.locx.Des,1.4901161e-06
9.7478,B,pid.locx.FB,24.625736
9.7478,B,pid.locx.U,-21.686253
9.7478,B,pid.locxs.Des,-21.686253
9.7478,B,pid.locxs.FB,-3.0571549
9.7478,B,pid.locxs.U,-55.870468
9.7478,B,pid.locy.Des,0
9.7478,B,pid.locy.FB,12.764905
9.7478,B,pid.locy.U,-12.381022
9.7478,B,pid.locys.Des,-12.381022
9.7478,B,pid.locys.FB,2.5794966
9.7478,B,pid.locys.U,-45.084923
9.7478,B,pid.pitch.Des,-4.1101613
9.7478,B,pid.pitch.FB,-0.82397956
9.7478,B,pid.pitch.U,-10.182953
9.7478,B,pid.roll.Des,0.7960341
9.7478,B,pid.roll.FB,-1.2811304
9.7478,B,pid.roll.U,6.3369474
9.7478,B,pid.yaw.Des,40
9.7478,B,pid.yaw.FB,40.156273
9.7478,B,pid.yaw.U,-2.9376373
9.7478,B,pid.z_pos.Des,0.60000002
9.7478,B,pid.z_pos.FB,0.61978096
9.7478,B,pid.z_pos.U,-0.11668822
9.7478,B,pid.z_rate.Des,-0.11668822
9.7478,B,pid.z_rate.FB,0.036389854
9.7478,B,pid.z_rate.U,-74.281235
9.7478,B,status.vbat,0
9.9639,A,mrac.pitch.e,0.28917131
9.9639,A,mrac.pitch.u_ad,-0.030495364
9.9639,A,mrac.roll.e,-0.015109397
9.9639,A,mrac.roll.u_ad,0.16583537
9.9639,A,mrac.yaw.e,0.056492142
9.9639,A,mrac.yaw.u_ad,-0.0054662959
9.9639,A,mrac.z.e,0.140737
9.9639,A,mrac.z.u_ad,-0.086850122
9.9639,A,status.arm,1
9.9639,A,status.flymode,1
9.9639,A,status.rc_authority,1
9.9639,A,status.sbus_lost,0
9.9639,A,status.twc_arrived,0
9.9639,A,status.twc_execute,1
9.9640,B,mrac.pitch.theta_0,1.2466194e-20
9.9640,B,mrac.pitch.theta_1,0.0035955773
9.9640,B,mrac.pitch.theta_2,0.0021179977
9.9640,B,mrac.pitch.theta_3,0.0061809705
9.9640,B,mrac.pitch.theta_4,0.12071507
9.9640,B,mrac.pitch.theta_5,0.14478607
9.9640,B,mrac.pitch.u_nom,-0.001008381
9.9640,B,mrac.pitch.xm,-0.17772613
9.9640,B,mrac.roll.theta_0,0.1480725
9.9640,B,mrac.roll.theta_1,0.0015850088
9.9640,B,mrac.roll.theta_2,0.0038638145
9.9640,B,mrac.roll.theta_3,0.005573275
9.9640,B,mrac.roll.theta_4,0.13491179
9.9640,B,mrac.roll.theta_5,0.14240499
9.9640,B,mrac.roll.u_nom,0.025967211
9.9640,B,mrac.roll.xm,0.11060064
9.9640,B,mrac.yaw.theta_0,2.495948e-05
9.9640,B,mrac.yaw.theta_1,0.0029021171
9.9640,B,mrac.yaw.theta_2,0.0035475574
9.9640,B,mrac.yaw.theta_3,0
9.9640,B,mrac.yaw.theta_4,0.039203204
9.9640,B,mrac.yaw.theta_5,0.086307548
9.9640,B,mrac.yaw.u_nom,-0.022501888
9.9640,B,mrac.yaw.xm,-0.051271465
9.9640,B,mrac.z.theta_0,0.0046617584
9.9640,B,mrac.z.theta_1,0.0022570812
9.9640,B,mrac.z.theta_2,0.0061467597
9.9640,B,mrac.z.theta_3,0
9.9640,B,mrac.z.theta_4,0.19545151
9.9640,B,mrac.z.theta_5,0.18890215
9.9640,B,mrac.z.u_nom,-0.33460015
9.9640,B,mrac.z.xm,-0.11668822
9.9640,B,path.active_path_mode,1
9.9640,B,path.circle_theta,0
9.9640,B,path.sinusoid_t_elapsed,0
9.9640,B,path.twc_arrived,0
9.9640,B,path.twc_target_x,1.4901161e-06
9.9640,B,path.twc_target_y,0
9.9640,B,path.twc_target_z,0.60000002
9.9640,B,pid.gyrox.Des,6.3369474
9.9640,B,pid.gyrox.FB,-0.92356312
9.9640,B,pid.gyrox.U,30.381636
9.9640,B,pid.gyroy.Des,-10.182953
9.9640,B,pid.gyroy.FB,-2.2309084
9.9640,B,pid.gyroy.U,-1.1798058
9.9640,B,pid.gyroz.Des,-2.9376373
9.9640,B,pid.gyroz.FB,2.072226
9.9640,B,pid.gyroz.U,-42.123535
9.9640,B,pid.locx.Des,1.4901161e-06
9.9640,B,pid.locx.FB,24.625736
9.9640,B,pid.locx.U,-21.686253
9.9640,B,pid.locxs.Des,-21.686253
9.9640,B,pid.locxs.FB,-3.0571549
9.9640,B,pid.locxs.U,-55.870468
9.9640,B,pid.locy.Des,0
9.9640,B,pid.locy.FB,12.764905
9.9640,B,pid.locy.U,-12.381022
9.9640,B,pid.locys.Des,-12.381022
9.9640,B,pid.locys.FB,2.5794966
9.9640,B,pid.locys.U,-45.084923
9.9640,B,pid.pitch.Des,-4.1101613
9.9640,B,pid.pitch.FB,-0.82397956
9.9640,B,pid.pitch.U,-10.182953
9.9640,B,pid.roll.Des,0.7960341
9.9640,B,pid.roll.FB,-1.2811304
9.9640,B,pid.roll.U,6.3369474
9.9640,B,pid.yaw.Des,40
9.9640,B,pid.yaw.FB,40.156273
9.9640,B,pid.yaw.U,-2.9376373
9.9640,B,pid.z_pos.Des,0.60000002
9.9640,B,pid.z_pos.FB,0.61978096
9.9640,B,pid.z_pos.U,-0.11668822
9.9640,B,pid.z_rate.Des,-0.11668822
9.9640,B,pid.z_rate.FB,0.036389854
9.9640,B,pid.z_rate.U,-74.281235
9.9640,B,status.vbat,0
10.1653,A,mrac.pitch.e,0.28917131
10.1653,A,mrac.pitch.u_ad,-0.030495364
10.1653,A,mrac.roll.e,-0.015109397
10.1653,A,mrac.roll.u_ad,0.16583537
10.1653,A,mrac.yaw.e,0.056492142
10.1653,A,mrac.yaw.u_ad,-0.0054662959
10.1653,A,mrac.z.e,0.140737
10.1653,A,mrac.z.u_ad,-0.086850122
10.1653,A,status.arm,1
10.1653,A,status.flymode,1
10.1653,A,status.rc_authority,1
10.1653,A,status.sbus_lost,0
10.1653,A,status.twc_arrived,0
10.1653,A,status.twc_execute,1
10.1653,B,mrac.pitch.theta_0,1.2466194e-20
10.1653,B,mrac.pitch.theta_1,0.0035955773
10.1653,B,mrac.pitch.theta_2,0.0021179977
10.1653,B,mrac.pitch.theta_3,0.0061809705
10.1653,B,mrac.pitch.theta_4,0.12071507
10.1653,B,mrac.pitch.theta_5,0.14478607
10.1653,B,mrac.pitch.u_nom,-0.001008381
10.1653,B,mrac.pitch.xm,-0.17772613
10.1653,B,mrac.roll.theta_0,0.1480725
10.1653,B,mrac.roll.theta_1,0.0015850088
10.1653,B,mrac.roll.theta_2,0.0038638145
10.1653,B,mrac.roll.theta_3,0.005573275
10.1653,B,mrac.roll.theta_4,0.13491179
10.1653,B,mrac.roll.theta_5,0.14240499
10.1653,B,mrac.roll.u_nom,0.025967211
10.1653,B,mrac.roll.xm,0.11060064
10.1653,B,mrac.yaw.theta_0,2.495948e-05
10.1653,B,mrac.yaw.theta_1,0.0029021171
10.1653,B,mrac.yaw.theta_2,0.0035475574
10.1653,B,mrac.yaw.theta_3,0
10.1653,B,mrac.yaw.theta_4,0.039203204
10.1653,B,mrac.yaw.theta_5,0.086307548
10.1653,B,mrac.yaw.u_nom,-0.022501888
10.1653,B,mrac.yaw.xm,-0.051271465
10.1653,B,mrac.z.theta_0,0.0046617584
10.1653,B,mrac.z.theta_1,0.0022570812
10.1653,B,mrac.z.theta_2,0.0061467597
10.1653,B,mrac.z.theta_3,0
10.1653,B,mrac.z.theta_4,0.19545151
10.1653,B,mrac.z.theta_5,0.18890215
10.1653,B,mrac.z.u_nom,-0.33460015
10.1653,B,mrac.z.xm,-0.11668822
10.1653,B,path.active_path_mode,1
10.1653,B,path.circle_theta,0
10.1653,B,path.sinusoid_t_elapsed,0
10.1653,B,path.twc_arrived,0
10.1653,B,path.twc_target_x,1.4901161e-06
10.1653,B,path.twc_target_y,0
10.1653,B,path.twc_target_z,0.60000002
10.1653,B,pid.gyrox.Des,6.3369474
10.1653,B,pid.gyrox.FB,-0.92356312
10.1653,B,pid.gyrox.U,30.381636
10.1653,B,pid.gyroy.Des,-10.182953
10.1653,B,pid.gyroy.FB,-2.2309084
10.1653,B,pid.gyroy.U,-1.1798058
10.1653,B,pid.gyroz.Des,-2.9376373
10.1653,B,pid.gyroz.FB,2.072226
10.1653,B,pid.gyroz.U,-42.123535
10.1653,B,pid.locx.Des,1.4901161e-06
10.1653,B,pid.locx.FB,24.625736
10.1653,B,pid.locx.U,-21.686253
10.1653,B,pid.locxs.Des,-21.686253
10.1653,B,pid.locxs.FB,-3.0571549
10.1653,B,pid.locxs.U,-55.870468
10.1653,B,pid.locy.Des,0
10.1653,B,pid.locy.FB,12.764905
10.1653,B,pid.locy.U,-12.381022
10.1653,B,pid.locys.Des,-12.381022
10.1653,B,pid.locys.FB,2.5794966
10.1653,B,pid.locys.U,-45.084923
10.1653,B,pid.pitch.Des,-4.1101613
10.1653,B,pid.pitch.FB,-0.82397956
10.1653,B,pid.pitch.U,-10.182953
10.1653,B,pid.roll.Des,0.7960341
10.1653,B,pid.roll.FB,-1.2811304
10.1653,B,pid.roll.U,6.3369474
10.1653,B,pid.yaw.Des,40
10.1653,B,pid.yaw.FB,40.156273
10.1653,B,pid.yaw.U,-2.9376373
10.1653,B,pid.z_pos.Des,0.60000002
10.1653,B,pid.z_pos.FB,0.61978096
10.1653,B,pid.z_pos.U,-0.11668822
10.1653,B,pid.z_rate.Des,-0.11668822
10.1653,B,pid.z_rate.FB,0.036389854
10.1653,B,pid.z_rate.U,-74.281235
10.1653,B,status.vbat,0
10.3652,A,mrac.pitch.e,0.28917131
10.3652,A,mrac.pitch.u_ad,-0.030495364
10.3652,A,mrac.roll.e,-0.015109397
10.3652,A,mrac.roll.u_ad,0.16583537
10.3652,A,mrac.yaw.e,0.056492142
10.3652,A,mrac.yaw.u_ad,-0.0054662959
10.3652,A,mrac.z.e,0.140737
10.3652,A,mrac.z.u_ad,-0.086850122
10.3652,A,status.arm,1
10.3652,A,status.flymode,1
10.3652,A,status.rc_authority,1
10.3652,A,status.sbus_lost,0
10.3652,A,status.twc_arrived,0
10.3652,A,status.twc_execute,1
10.3653,B,mrac.pitch.theta_0,1.2466194e-20
10.3653,B,mrac.pitch.theta_1,0.0035955773
10.3653,B,mrac.pitch.theta_2,0.0021179977
10.3653,B,mrac.pitch.theta_3,0.0061809705
10.3653,B,mrac.pitch.theta_4,0.12071507
10.3653,B,mrac.pitch.theta_5,0.14478607
10.3653,B,mrac.pitch.u_nom,-0.001008381
10.3653,B,mrac.pitch.xm,-0.17772613
10.3653,B,mrac.roll.theta_0,0.1480725
10.3653,B,mrac.roll.theta_1,0.0015850088
10.3653,B,mrac.roll.theta_2,0.0038638145
10.3653,B,mrac.roll.theta_3,0.005573275
10.3653,B,mrac.roll.theta_4,0.13491179
10.3653,B,mrac.roll.theta_5,0.14240499
10.3653,B,mrac.roll.u_nom,0.025967211
10.3653,B,mrac.roll.xm,0.11060064
10.3653,B,mrac.yaw.theta_0,2.495948e-05
10.3653,B,mrac.yaw.theta_1,0.0029021171
10.3653,B,mrac.yaw.theta_2,0.0035475574
10.3653,B,mrac.yaw.theta_3,0
10.3653,B,mrac.yaw.theta_4,0.039203204
10.3653,B,mrac.yaw.theta_5,0.086307548
10.3653,B,mrac.yaw.u_nom,-0.022501888
10.3653,B,mrac.yaw.xm,-0.051271465
10.3653,B,mrac.z.theta_0,0.0046617584
10.3653,B,mrac.z.theta_1,0.0022570812
10.3653,B,mrac.z.theta_2,0.0061467597
10.3653,B,mrac.z.theta_3,0
10.3653,B,mrac.z.theta_4,0.19545151
10.3653,B,mrac.z.theta_5,0.18890215
10.3653,B,mrac.z.u_nom,-0.33460015
10.3653,B,mrac.z.xm,-0.11668822
10.3653,B,path.active_path_mode,1
10.3653,B,path.circle_theta,0
10.3653,B,path.sinusoid_t_elapsed,0
10.3653,B,path.twc_arrived,0
10.3653,B,path.twc_target_x,1.4901161e-06
10.3653,B,path.twc_target_y,0
10.3653,B,path.twc_target_z,0.60000002
10.3653,B,pid.gyrox.Des,6.3369474
10.3653,B,pid.gyrox.FB,-0.92356312
10.3653,B,pid.gyrox.U,30.381636
10.3653,B,pid.gyroy.Des,-10.182953
10.3653,B,pid.gyroy.FB,-2.2309084
10.3653,B,pid.gyroy.U,-1.1798058
10.3653,B,pid.gyroz.Des,-2.9376373
10.3653,B,pid.gyroz.FB,2.072226
10.3653,B,pid.gyroz.U,-42.123535
10.3653,B,pid.locx.Des,1.4901161e-06
10.3653,B,pid.locx.FB,24.625736
10.3653,B,pid.locx.U,-21.686253
10.3653,B,pid.locxs.Des,-21.686253
10.3653,B,pid.locxs.FB,-3.0571549
10.3653,B,pid.locxs.U,-55.870468
10.3653,B,pid.locy.Des,0
10.3653,B,pid.locy.FB,12.764905
10.3653,B,pid.locy.U,-12.381022
10.3653,B,pid.locys.Des,-12.381022
10.3653,B,pid.locys.FB,2.5794966
10.3653,B,pid.locys.U,-45.084923
10.3653,B,pid.pitch.Des,-4.1101613
10.3653,B,pid.pitch.FB,-0.82397956
10.3653,B,pid.pitch.U,-10.182953
10.3653,B,pid.roll.Des,0.7960341
10.3653,B,pid.roll.FB,-1.2811304
10.3653,B,pid.roll.U,6.3369474
10.3653,B,pid.yaw.Des,40
10.3653,B,pid.yaw.FB,40.156273
10.3653,B,pid.yaw.U,-2.9376373
10.3653,B,pid.z_pos.Des,0.60000002
10.3653,B,pid.z_pos.FB,0.61978096
10.3653,B,pid.z_pos.U,-0.11668822
10.3653,B,pid.z_rate.Des,-0.11668822
10.3653,B,pid.z_rate.FB,0.036389854
10.3653,B,pid.z_rate.U,-74.281235
10.3653,B,status.vbat,0
10.5809,A,mrac.pitch.e,0.16311973
10.5809,A,mrac.pitch.u_ad,-0.030965567
10.5809,A,mrac.roll.e,-0.24937862
10.5809,A,mrac.roll.u_ad,0.17223848
10.5809,A,mrac.yaw.e,0.0031558173
10.5809,A,mrac.yaw.u_ad,0.0025456056
10.5809,A,mrac.z.e,0.11617073
10.5809,A,mrac.z.u_ad,-0.06973289
10.5809,A,status.arm,1
10.5809,A,status.flymode,1
10.5809,A,status.rc_authority,0
10.5809,A,status.sbus_lost,0
10.5809,A,status.twc_arrived,0
10.5809,A,status.twc_execute,0
10.5809,B,mrac.pitch.theta_0,3.610915e-22
10.5809,B,mrac.pitch.theta_1,0.0036581892
10.5809,B,mrac.pitch.theta_2,0.0021099783
10.5809,B,mrac.pitch.theta_3,0.0061772945
10.5809,B,mrac.pitch.theta_4,0.12099447
10.5809,B,mrac.pitch.theta_5,0.14478746
10.5809,B,mrac.pitch.u_nom,-0.013902495
10.5809,B,mrac.pitch.xm,-0.18893738
10.5809,B,mrac.roll.theta_0,0.14833879
10.5809,B,mrac.roll.theta_1,0.0014993439
10.5809,B,mrac.roll.theta_2,0.0038812684
10.5809,B,mrac.roll.theta_3,0.0055709356
10.5809,B,mrac.roll.theta_4,0.13515767
10.5809,B,mrac.roll.theta_5,0.14235736
10.5809,B,mrac.roll.u_nom,0.089910991
10.5809,B,mrac.roll.xm,0.11514818
10.5809,B,mrac.yaw.theta_0,0.0015079961
10.5809,B,mrac.yaw.theta_1,0.0028843617
10.5809,B,mrac.yaw.theta_2,0.0035470796
10.5809,B,mrac.yaw.theta_3,0
10.5809,B,mrac.yaw.theta_4,0.039208189
10.5809,B,mrac.yaw.theta_5,0.08628685
10.5809,B,mrac.yaw.u_nom,0.0092072077
10.5809,B,mrac.yaw.xm,0.0099207638
10.5809,B,mrac.z.theta_0,0.0042014602
10.5809,B,mrac.z.theta_1,0.0022970003
10.5809,B,mrac.z.theta_2,0.006138545
10.5809,B,mrac.z.theta_3,0
10.5809,B,mrac.z.theta_4,0.19544142
10.5809,B,mrac.z.theta_5,0.18887022
10.5809,B,mrac.z.u_nom,-0.26649886
10.5809,B,mrac.z.xm,-0.11556149
10.5809,B,path.active_path_mode,0
10.5809,B,path.circle_theta,0
10.5809,B,path.sinusoid_t_elapsed,0
10.5809,B,path.twc_arrived,0
10.5809,B,path.twc_target_x,1.4901161e-06
10.5809,B,path.twc_target_y,0
10.5809,B,path.twc_target_z,0.60000002
10.5809,B,pid.gyrox.Des,6.5975018
10.5809,B,pid.gyrox.FB,1.2533995
10.5809,B,pid.gyrox.U,105.19586
10.5809,B,pid.gyroy.Des,-10.82531
10.5809,B,pid.gyroy.FB,-3.5273738
10.5809,B,pid.gyroy.U,-16.265919
10.5809,B,pid.gyroz.Des,0.56841767
10.5809,B,pid.gyroz.FB,-1.833077
10.5809,B,pid.gyroz.U,17.235893
10.5809,B,pid.locx.Des,1.4901161e-06
10.5809,B,pid.locx.FB,23.764318
10.5809,B,pid.locx.U,-20.951437
10.5809,B,pid.locxs.Des,-20.951437
10.5809,B,pid.locxs.FB,-1.5380944
10.5809,B,pid.locxs.U,-58.158184
10.5809,B,pid.locy.Des,0
10.5809,B,pid.locy.FB,16.237236
10.5809,B,pid.locy.U,-15.086533
10.5809,B,pid.locys.Des,-15.086533
10.5809,B,pid.locys.FB,1.278384
10.5809,B,pid.locys.U,-49.221741
10.5809,B,pid.pitch.Des,-4.3734713
10.5809,B,pid.pitch.FB,-0.75088519
10.5809,B,pid.pitch.U,-10.82531
10.5809,B,pid.roll.Des,0.77485585
10.5809,B,pid.roll.FB,-1.5322653
10.5809,B,pid.roll.U,6.5975018
10.5809,B,pid.yaw.Des,40
10.5809,B,pid.yaw.FB,39.731625
10.5809,B,pid.yaw.U,0.56841767
10.5809,B,pid.z_pos.Des,0.60000002
10.5809,B,pid.z_pos.FB,0.60972953
10.5809,B,pid.z_pos.U,-0.11556149
10.5809,B,pid.z_rate.Des,-0.11556149
10.5809,B,pid.z_rate.FB,-0.00027960475
10.5809,B,pid.z_rate.U,-59.16275
10.5809,B,status.vbat,0
10.7817,A,mrac.pitch.e,0.16311973
10.7817,A,mrac.pitch.u_ad,-0.030965567
10.7817,A,mrac.roll.e,-0.24937862
10.7817,A,mrac.roll.u_ad,0.17223848
10.7817,A,mrac.yaw.e,0.0031558173
10.7817,A,mrac.yaw.u_ad,0.0025456056
10.7817,A,mrac.z.e,0.11617073
10.7817,A,mrac.z.u_ad,-0.06973289
10.7817,A,status.arm,1
10.7817,A,status.flymode,1
10.7817,A,status.rc_authority,0
10.7817,A,status.sbus_lost,0
10.7817,A,status.twc_arrived,0
10.7817,A,status.twc_execute,0
10.7818,B,mrac.pitch.theta_0,3.610915e-22
10.7818,B,mrac.pitch.theta_1,0.0036581892
10.7818,B,mrac.pitch.theta_2,0.0021099783
10.7818,B,mrac.pitch.theta_3,0.0061772945
10.7818,B,mrac.pitch.theta_4,0.12099447
10.7818,B,mrac.pitch.theta_5,0.14478746
10.7818,B,mrac.pitch.u_nom,-0.013902495
10.7818,B,mrac.pitch.xm,-0.18893738
10.7818,B,mrac.roll.theta_0,0.14833879
10.7818,B,mrac.roll.theta_1,0.0014993439
10.7818,B,mrac.roll.theta_2,0.0038812684
10.7818,B,mrac.roll.theta_3,0.0055709356
10.7818,B,mrac.roll.theta_4,0.13515767
10.7818,B,mrac.roll.theta_5,0.14235736
10.7818,B,mrac.roll.u_nom,0.089910991
10.7818,B,mrac.roll.xm,0.11514818
10.7818,B,mrac.yaw.theta_0,0.0015079961
10.7818,B,mrac.yaw.theta_1,0.0028843617
10.7818,B,mrac.yaw.theta_2,0.0035470796
10.7818,B,mrac.yaw.theta_3,0
10.7818,B,mrac.yaw.theta_4,0.039208189
10.7818,B,mrac.yaw.theta_5,0.08628685
10.7818,B,mrac.yaw.u_nom,0.0092072077
10.7818,B,mrac.yaw.xm,0.0099207638
10.7818,B,mrac.z.theta_0,0.0042014602
10.7818,B,mrac.z.theta_1,0.0022970003
10.7818,B,mrac.z.theta_2,0.006138545
10.7818,B,mrac.z.theta_3,0
10.7818,B,mrac.z.theta_4,0.19544142
10.7818,B,mrac.z.theta_5,0.18887022
10.7818,B,mrac.z.u_nom,-0.26649886
10.7818,B,mrac.z.xm,-0.11556149
10.7818,B,path.active_path_mode,0
10.7818,B,path.circle_theta,0
10.7818,B,path.sinusoid_t_elapsed,0
10.7818,B,path.twc_arrived,0
10.7818,B,path.twc_target_x,1.4901161e-06
10.7818,B,path.twc_target_y,0
10.7818,B,path.twc_target_z,0.60000002
10.7818,B,pid.gyrox.Des,6.5975018
10.7818,B,pid.gyrox.FB,1.2533995
10.7818,B,pid.gyrox.U,105.19586
10.7818,B,pid.gyroy.Des,-10.82531
10.7818,B,pid.gyroy.FB,-3.5273738
10.7818,B,pid.gyroy.U,-16.265919
10.7818,B,pid.gyroz.Des,0.56841767
10.7818,B,pid.gyroz.FB,-1.833077
10.7818,B,pid.gyroz.U,17.235893
10.7818,B,pid.locx.Des,1.4901161e-06
10.7818,B,pid.locx.FB,23.764318
10.7818,B,pid.locx.U,-20.951437
10.7818,B,pid.locxs.Des,-20.951437
10.7818,B,pid.locxs.FB,-1.5380944
10.7818,B,pid.locxs.U,-58.158184
10.7818,B,pid.locy.Des,0
10.7818,B,pid.locy.FB,16.237236
10.7818,B,pid.locy.U,-15.086533
10.7818,B,pid.locys.Des,-15.086533
10.7818,B,pid.locys.FB,1.278384
10.7818,B,pid.locys.U,-49.221741
10.7818,B,pid.pitch.Des,-4.3734713
10.7818,B,pid.pitch.FB,-0.75088519
10.7818,B,pid.pitch.U,-10.82531
10.7818,B,pid.roll.Des,0.77485585
10.7818,B,pid.roll.FB,-1.5322653
10.7818,B,pid.roll.U,6.5975018
10.7818,B,pid.yaw.Des,40
10.7818,B,pid.yaw.FB,39.731625
10.7818,B,pid.yaw.U,0.56841767
10.7818,B,pid.z_pos.Des,0.60000002
10.7818,B,pid.z_pos.FB,0.60972953
10.7818,B,pid.z_pos.U,-0.11556149
10.7818,B,pid.z_rate.Des,-0.11556149
10.7818,B,pid.z_rate.FB,-0.00027960475
10.7818,B,pid.z_rate.U,-59.16275
10.7818,B,status.vbat,0
10.9977,A,mrac.pitch.e,0.12792394
10.9977,A,mrac.pitch.u_ad,-0.030732339
10.9977,A,mrac.roll.e,-0.14286947
10.9977,A,mrac.roll.u_ad,0.17385168
10.9977,A,mrac.yaw.e,0.09591718
10.9977,A,mrac.yaw.u_ad,-0.00064513588
10.9977,A,mrac.z.e,0.29631978
10.9977,A,mrac.z.u_ad,-0.16712335
10.9977,A,status.arm,1
10.9977,A,status.flymode,1
10.9977,A,status.rc_authority,0
10.9977,A,status.sbus_lost,0
10.9977,A,status.twc_arrived,0
10.9977,A,status.twc_execute,0
10.9978,B,mrac.pitch.theta_0,3.610915e-22
10.9978,B,mrac.pitch.theta_1,0.0036581892
10.9978,B,mrac.pitch.theta_2,0.0021099783
10.9978,B,mrac.pitch.theta_3,0.0061772945
10.9978,B,mrac.pitch.theta_4,0.12099447
10.9978,B,mrac.pitch.theta_5,0.14478746
10.9978,B,mrac.pitch.u_nom,-0.013902495
10.9978,B,mrac.pitch.xm,-0.18893738
10.9978,B,mrac.roll.theta_0,0.14833879
10.9978,B,mrac.roll.theta_1,0.0014993439
10.9978,B,mrac.roll.theta_2,0.0038812684
10.9978,B,mrac.roll.theta_3,0.0055709356
10.9978,B,mrac.roll.theta_4,0.13515767
10.9978,B,mrac.roll.theta_5,0.14235736
10.9978,B,mrac.roll.u_nom,0.089910991
10.9978,B,mrac.roll.xm,0.11514818
10.9978,B,mrac.yaw.theta_0,0.0015079961
10.9978,B,mrac.yaw.theta_1,0.0028843617
10.9978,B,mrac.yaw.theta_2,0.0035470796
10.9978,B,mrac.yaw.theta_3,0
10.9978,B,mrac.yaw.theta_4,0.039208189
10.9978,B,mrac.yaw.theta_5,0.08628685
10.9978,B,mrac.yaw.u_nom,0.0092072077
10.9978,B,mrac.yaw.xm,0.0099207638
10.9978,B,mrac.z.theta_0,0.0042014602
10.9978,B,mrac.z.theta_1,0.0022970003
10.9978,B,mrac.z.theta_2,0.006138545
10.9978,B,mrac.z.theta_3,0
10.9978,B,mrac.z.theta_4,0.19544142
10.9978,B,mrac.z.theta_5,0.18887022
10.9978,B,mrac.z.u_nom,-0.26649886
10.9978,B,mrac.z.xm,-0.11556149
10.9978,B,path.active_path_mode,0
10.9978,B,path.circle_theta,0
10.9978,B,path.sinusoid_t_elapsed,0
10.9978,B,path.twc_arrived,0
10.9978,B,path.twc_target_x,1.4901161e-06
10.9978,B,path.twc_target_y,0
10.9978,B,path.twc_target_z,0.60000002
10.9978,B,pid.gyrox.Des,6.5975018
10.9978,B,pid.gyrox.FB,1.2533995
10.9978,B,pid.gyrox.U,105.19586
10.9978,B,pid.gyroy.Des,-10.82531
10.9978,B,pid.gyroy.FB,-3.5273738
10.9978,B,pid.gyroy.U,-16.265919
10.9978,B,pid.gyroz.Des,0.56841767
10.9978,B,pid.gyroz.FB,-1.833077
10.9978,B,pid.gyroz.U,17.235893
10.9978,B,pid.locx.Des,1.4901161e-06
10.9978,B,pid.locx.FB,23.764318
10.9978,B,pid.locx.U,-20.951437
10.9978,B,pid.locxs.Des,-20.951437
10.9978,B,pid.locxs.FB,-1.5380944
10.9978,B,pid.locxs.U,-58.158184
10.9978,B,pid.locy.Des,0
10.9978,B,pid.locy.FB,16.237236
10.9978,B,pid.locy.U,-15.086533
10.9978,B,pid.locys.Des,-15.086533
10.9978,B,pid.locys.FB,1.278384
10.9978,B,pid.locys.U,-49.221741
10.9978,B,pid.pitch.Des,-4.3734713
10.9978,B,pid.pitch.FB,-0.75088519
10.9978,B,pid.pitch.U,-10.82531
10.9978,B,pid.roll.Des,0.77485585
10.9978,B,pid.roll.FB,-1.5322653
10.9978,B,pid.roll.U,6.5975018
10.9978,B,pid.yaw.Des,40
10.9978,B,pid.yaw.FB,39.731625
10.9978,B,pid.yaw.U,0.56841767
10.9978,B,pid.z_pos.Des,0.60000002
10.9978,B,pid.z_pos.FB,0.60972953
10.9978,B,pid.z_pos.U,-0.11556149
10.9978,B,pid.z_rate.Des,-0.11556149
10.9978,B,pid.z_rate.FB,-0.00027960475
10.9978,B,pid.z_rate.U,-59.16275
10.9978,B,status.vbat,0
11.2145,A,mrac.pitch.e,0.063235134
11.2145,A,mrac.pitch.u_ad,-0.02389966
11.2145,A,mrac.roll.e,-0.14336184
11.2145,A,mrac.roll.u_ad,0.17477855
11.2145,A,mrac.yaw.e,0.16655526
11.2145,A,mrac.yaw.u_ad,-0.0084774178
11.2145,A,mrac.z.e,-0.22215487
11.2145,A,mrac.z.u_ad,0.045170575
11.2145,A,status.arm,1
11.2145,A,status.flymode,1
11.2145,A,status.rc_authority,0
11.2145,A,status.sbus_lost,0
11.2145,A,status.twc_arrived,0
11.2145,A,status.twc_execute,0
11.2145,B,mrac.pitch.theta_0,1.9741678e-23
11.2145,B,mrac.pitch.theta_1,0.0036299615
11.2145,B,mrac.pitch.theta_2,0.0021031306
11.2145,B,mrac.pitch.theta_3,0.006175796
11.2145,B,mrac.pitch.theta_4,0.12123769
11.2145,B,mrac.pitch.theta_5,0.14476819
11.2145,B,mrac.pitch.u_nom,0.047166456
11.2145,B,mrac.pitch.xm,-0.14374626
11.2145,B,mrac.roll.theta_0,0.14864601
11.2145,B,mrac.roll.theta_1,0.0014839573
11.2145,B,mrac.roll.theta_2,0.0038965964
11.2145,B,mrac.roll.theta_3,0.0055700666
11.2145,B,mrac.roll.theta_4,0.13541654
11.2145,B,mrac.roll.theta_5,0.14235415
11.2145,B,mrac.roll.u_nom,0.082713068
11.2145,B,mrac.roll.xm,0.15313458
11.2145,B,mrac.yaw.theta_0,0.00085314579
11.2145,B,mrac.yaw.theta_1,0.0028450878
11.2145,B,mrac.yaw.theta_2,0.0035432866
11.2145,B,mrac.yaw.theta_3,0
11.2145,B,mrac.yaw.theta_4,0.0392345
11.2145,B,mrac.yaw.theta_5,0.086259998
11.2145,B,mrac.yaw.u_nom,-0.017636277
11.2145,B,mrac.yaw.xm,-0.098074257
11.2145,B,mrac.z.theta_0,0.01441859
11.2145,B,mrac.z.theta_1,0.0039379196
11.2145,B,mrac.z.theta_2,0.0061616441
11.2145,B,mrac.z.theta_3,0
11.2145,B,mrac.z.theta_4,0.19570531
11.2145,B,mrac.z.theta_5,0.18923444
11.2145,B,mrac.z.u_nom,0.04320161
11.2145,B,mrac.z.xm,-0.10528164
11.2145,B,path.active_path_mode,0
11.2145,B,path.circle_theta,0
11.2145,B,path.sinusoid_t_elapsed,0
11.2145,B,path.twc_arrived,0
11.2145,B,path.twc_target_x,1.4901161e-06
11.2145,B,path.twc_target_y,0
11.2145,B,path.twc_target_z,0.60000002
11.2145,B,pid.gyrox.Des,8.773962
11.2145,B,pid.gyrox.FB,1.4677472
11.2145,B,pid.gyrox.U,96.774292
11.2145,B,pid.gyroy.Des,-8.2360506
11.2145,B,pid.gyroy.FB,-5.0404162
11.2145,B,pid.gyroy.U,55.184753
11.2145,B,pid.gyroz.Des,-5.6192389
11.2145,B,pid.gyroz.FB,-1.7485836
11.2145,B,pid.gyroz.U,-33.01511
11.2145,B,pid.locx.Des,1.4901161e-06
11.2145,B,pid.locx.FB,22.920155
11.2145,B,pid.locx.U,-20.293066
11.2145,B,pid.locxs.Des,-20.293066
11.2145,B,pid.locxs.FB,-0.97988653
11.2145,B,pid.locxs.U,-57.874191
11.2145,B,pid.locy.Des,0
11.2145,B,pid.locy.FB,15.733088
11.2145,B,pid.locy.U,-14.481086
11.2145,B,pid.locys.Des,-14.481086
11.2145,B,pid.locys.FB,-5.7480278
11.2145,B,pid.locys.U,-26.060022
11.2145,B,pid.pitch.Des,-3.3528466
11.2145,B,pid.pitch.FB,-0.64085597
11.2145,B,pid.pitch.U,-8.2360506
11.2145,B,pid.roll.Des,1.5737653
11.2145,B,pid.roll.FB,-1.322419
11.2145,B,pid.roll.U,8.773962
11.2145,B,pid.yaw.Des,40
11.2145,B,pid.yaw.FB,40.638199
11.2145,B,pid.yaw.U,-5.6192389
11.2145,B,pid.z_pos.Des,0.52982229
11.2145,B,pid.z_pos.FB,0.52982563
11.2145,B,pid.z_pos.U,-0.10528164
11.2145,B,pid.z_rate.Des,-0.10528164
11.2145,B,pid.z_rate.FB,-0.16149838
11.2145,B,pid.z_rate.U,9.5907574
11.2145,B,status.vbat,0
11.4315,A,mrac.pitch.e,0.13444322
11.4315,A,mrac.pitch.u_ad,-0.026985116
11.4315,A,mrac.roll.e,-0.12823486
11.4315,A,mrac.roll.u_ad,0.17632245
11.4315,A,mrac.yaw.e,0.03577251
11.4315,A,mrac.yaw.u_ad,-0.0084450133
11.4315,A,mrac.z.e,-0.013089202
11.4315,A,mrac.z.u_ad,0.053312078
11.4315,A,status.arm,1
11.4315,A,status.flymode,1
11.4315,A,status.rc_authority,0
11.4315,A,status.sbus_lost,0
11.4315,A,status.twc_arrived,0
11.4315,A,status.twc_execute,0
11.4315,B,mrac.pitch.theta_0,1.0164217e-23
11.4315,B,mrac.pitch.theta_1,0.0035940681
11.4315,B,mrac.pitch.theta_2,0.0021010765
11.4315,B,mrac.pitch.theta_3,0.0061750496
11.4315,B,mrac.pitch.theta_4,0.12129753
11.4315,B,mrac.pitch.theta_5,0.14475924
11.4315,B,mrac.pitch.u_nom,-0.17027111
11.4315,B,mrac.pitch.xm,-0.254949
11.4315,B,mrac.roll.theta_0,0.14858398
11.4315,B,mrac.roll.theta_1,0.0014761846
11.4315,B,mrac.roll.theta_2,0.0039031943
11.4315,B,mrac.roll.theta_3,0.0055692624
11.4315,B,mrac.roll.theta_4,0.13551053
11.4315,B,mrac.roll.theta_5,0.14235926
11.4315,B,mrac.roll.u_nom,0.17630988
11.4315,B,mrac.roll.xm,0.25268379
11.4315,B,mrac.yaw.theta_0,0.00055633864
11.4315,B,mrac.yaw.theta_1,0.0028407504
11.4315,B,mrac.yaw.theta_2,0.0035424107
11.4315,B,mrac.yaw.theta_3,0
11.4315,B,mrac.yaw.theta_4,0.039248005
11.4315,B,mrac.yaw.theta_5,0.086256288
11.4315,B,mrac.yaw.u_nom,-0.018471651
11.4315,B,mrac.yaw.xm,-0.10083704
11.4315,B,mrac.z.theta_0,0.040789653
11.4315,B,mrac.z.theta_1,0.0035216094
11.4315,B,mrac.z.theta_2,0.006315134
11.4315,B,mrac.z.theta_3,0
11.4315,B,mrac.z.theta_4,0.19575529
11.4315,B,mrac.z.theta_5,0.18895936
11.4315,B,mrac.z.u_nom,0.12203917
11.4315,B,mrac.z.xm,-0.067588717
11.4315,B,path.active_path_mode,0
11.4315,B,path.circle_theta,0
11.4315,B,path.sinusoid_t_elapsed,0
11.4315,B,path.twc_arrived,0
11.4315,B,path.twc_target_x,1.4901161e-06
11.4315,B,path.twc_target_y,0
11.4315,B,path.twc_target_z,0.60000002
11.4315,B,pid.gyrox.Des,14.477709
11.4315,B,pid.gyrox.FB,-5.8635287
11.4315,B,pid.gyrox.U,206.28256
11.4315,B,pid.gyroy.Des,-14.607496
11.4315,B,pid.gyroy.FB,5.0391231
11.4315,B,pid.gyroy.U,-199.21721
11.4315,B,pid.gyroz.Des,-5.7775345
11.4315,B,pid.gyroz.FB,-1.6976142
11.4315,B,pid.gyroz.U,-34.57893
11.4315,B,pid.locx.Des,1.4901161e-06
11.4315,B,pid.locx.FB,22.851263
11.4315,B,pid.locx.U,-20.319988
11.4315,B,pid.locxs.Des,-20.319988
11.4315,B,pid.locxs.FB,1.1900141
11.4315,B,pid.locxs.U,-73.185081
11.4315,B,pid.locy.Des,0
11.4315,B,pid.locy.FB,15.153357
11.4315,B,pid.locy.U,-13.98383
11.4315,B,pid.locys.Des,-13.98383
11.4315,B,pid.locys.FB,-6.2915716
11.4315,B,pid.locys.U,-23.739166
11.4315,B,pid.pitch.Des,-3.8305144
11.4315,B,pid.pitch.FB,-0.4052057
11.4315,B,pid.pitch.U,-14.607496
11.4315,B,pid.roll.Des,2.3406017
11.4315,B,pid.roll.FB,-1.0890763
11.4315,B,pid.roll.U,14.477709
11.4315,B,pid.yaw.Des,40
11.4315,B,pid.yaw.FB,40.629589
11.4315,B,pid.yaw.U,-5.7775345
11.4315,B,pid.z_pos.Des,0.52982229
11.4315,B,pid.z_pos.FB,0.47990125
11.4315,B,pid.z_pos.U,-0.067588717
11.4315,B,pid.z_rate.Des,-0.067588717
11.4315,B,pid.z_rate.FB,-0.16724706
11.4315,B,pid.z_rate.U,27.092695
11.4315,B,status.vbat,0
11.6343,A,mrac.pitch.e,0.13444322
11.6343,A,mrac.pitch.u_ad,-0.026985116
11.6343,A,mrac.roll.e,-0.12823486
11.6343,A,mrac.roll.u_ad,0.17632245
11.6343,A,mrac.yaw.e,0.03577251
11.6343,A,mrac.yaw.u_ad,-0.0084450133
11.6343,A,mrac.z.e,-0.013089202
11.6343,A,mrac.z.u_ad,0.053312078
11.6343,A,status.arm,1
11.6343,A,status.flymode,1
11.6343,A,status.rc_authority,0
11.6343,A,status.sbus_lost,0
11.6343,A,status.twc_arrived,0
11.6343,A,status.twc_execute,0
11.6344,B,mrac.pitch.theta_0,1.0164217e-23
11.6344,B,mrac.pitch.theta_1,0.0035940681
11.6344,B,mrac.pitch.theta_2,0.0021010765
11.6344,B,mrac.pitch.theta_3,0.0061750496
11.6344,B,mrac.pitch.theta_4,0.12129753
11.6344,B,mrac.pitch.theta_5,0.14475924
11.6344,B,mrac.pitch.u_nom,-0.17027111
11.6344,B,mrac.pitch.xm,-0.254949
11.6344,B,mrac.roll.theta_0,0.14858398
11.6344,B,mrac.roll.theta_1,0.0014761846
11.6344,B,mrac.roll.theta_2,0.0039031943
11.6344,B,mrac.roll.theta_3,0.0055692624
11.6344,B,mrac.roll.theta_4,0.13551053
11.6344,B,mrac.roll.theta_5,0.14235926
11.6344,B,mrac.roll.u_nom,0.17630988
11.6344,B,mrac.roll.xm,0.25268379
11.6344,B,mrac.yaw.theta_0,0.00055633864
11.6344,B,mrac.yaw.theta_1,0.0028407504
11.6344,B,mrac.yaw.theta_2,0.0035424107
11.6344,B,mrac.yaw.theta_3,0
11.6344,B,mrac.yaw.theta_4,0.039248005
11.6344,B,mrac.yaw.theta_5,0.086256288
11.6344,B,mrac.yaw.u_nom,-0.018471651
11.6344,B,mrac.yaw.xm,-0.10083704
11.6344,B,mrac.z.theta_0,0.040789653
11.6344,B,mrac.z.theta_1,0.0035216094
11.6344,B,mrac.z.theta_2,0.006315134
11.6344,B,mrac.z.theta_3,0
11.6344,B,mrac.z.theta_4,0.19575529
11.6344,B,mrac.z.theta_5,0.18895936
11.6344,B,mrac.z.u_nom,0.12203917
11.6344,B,mrac.z.xm,-0.067588717
11.6344,B,path.active_path_mode,0
11.6344,B,path.circle_theta,0
11.6344,B,path.sinusoid_t_elapsed,0
11.6344,B,path.twc_arrived,0
11.6344,B,path.twc_target_x,1.4901161e-06
11.6344,B,path.twc_target_y,0
11.6344,B,path.twc_target_z,0.60000002
11.6344,B,pid.gyrox.Des,14.477709
11.6344,B,pid.gyrox.FB,-5.8635287
11.6344,B,pid.gyrox.U,206.28256
11.6344,B,pid.gyroy.Des,-14.607496
11.6344,B,pid.gyroy.FB,5.0391231
11.6344,B,pid.gyroy.U,-199.21721
11.6344,B,pid.gyroz.Des,-5.7775345
11.6344,B,pid.gyroz.FB,-1.6976142
11.6344,B,pid.gyroz.U,-34.57893
11.6344,B,pid.locx.Des,1.4901161e-06
11.6344,B,pid.locx.FB,22.851263
11.6344,B,pid.locx.U,-20.319988
11.6344,B,pid.locxs.Des,-20.319988
11.6344,B,pid.locxs.FB,1.1900141
11.6344,B,pid.locxs.U,-73.185081
11.6344,B,pid.locy.Des,0
11.6344,B,pid.locy.FB,15.153357
11.6344,B,pid.locy.U,-13.98383
11.6344,B,pid.locys.Des,-13.98383
11.6344,B,pid.locys.FB,-6.2915716
11.6344,B,pid.locys.U,-23.739166
11.6344,B,pid.pitch.Des,-3.8305144
11.6344,B,pid.pitch.FB,-0.4052057
11.6344,B,pid.pitch.U,-14.607496
11.6344,B,pid.roll.Des,2.3406017
11.6344,B,pid.roll.FB,-1.0890763
11.6344,B,pid.roll.U,14.477709
11.6344,B,pid.yaw.Des,40
11.6344,B,pid.yaw.FB,40.629589
11.6344,B,pid.yaw.U,-5.7775345
11.6344,B,pid.z_pos.Des,0.52982229
11.6344,B,pid.z_pos.FB,0.47990125
11.6344,B,pid.z_pos.U,-0.067588717
11.6344,B,pid.z_rate.Des,-0.067588717
11.6344,B,pid.z_rate.FB,-0.16724706
11.6344,B,pid.z_rate.U,27.092695
11.6344,B,status.vbat,0
11.8479,A,mrac.pitch.e,0.23764944
11.8479,A,mrac.pitch.u_ad,-0.027696528
11.8479,A,mrac.roll.e,-0.2233019
11.8479,A,mrac.roll.u_ad,0.16588709
11.8479,A,mrac.yaw.e,0.032005943
11.8479,A,mrac.yaw.u_ad,-0.0048751449
11.8479,A,mrac.z.e,0.023498148
11.8479,A,mrac.z.u_ad,0.089208499
11.8479,A,status.arm,1
11.8479,A,status.flymode,1
11.8479,A,status.rc_authority,0
11.8479,A,status.sbus_lost,0
11.8479,A,status.twc_arrived,0
11.8479,A,status.twc_execute,0
11.8479,B,mrac.pitch.theta_0,2.406971e-24
11.8479,B,mrac.pitch.theta_1,0.0036081902
11.8479,B,mrac.pitch.theta_2,0.0020962181
11.8479,B,mrac.pitch.theta_3,0.0061735809
11.8479,B,mrac.pitch.theta_4,0.12139815
11.8479,B,mrac.pitch.theta_5,0.14473914
11.8479,B,mrac.pitch.u_nom,-0.019917047
11.8479,B,mrac.pitch.xm,-0.1453995
11.8479,B,mrac.roll.theta_0,0.14876282
11.8479,B,mrac.roll.theta_1,0.0015385353
11.8479,B,mrac.roll.theta_2,0.003905646
11.8479,B,mrac.roll.theta_3,0.0055680196
11.8479,B,mrac.roll.theta_4,0.1355965
11.8479,B,mrac.roll.theta_5,0.14236532
11.8479,B,mrac.roll.u_nom,-0.030017106
11.8479,B,mrac.roll.xm,0.13002686
11.8479,B,mrac.yaw.theta_0,0.00027519418
11.8479,B,mrac.yaw.theta_1,0.0028296639
11.8479,B,mrac.yaw.theta_2,0.0035407927
11.8479,B,mrac.yaw.theta_3,0
11.8479,B,mrac.yaw.theta_4,0.039265711
11.8479,B,mrac.yaw.theta_5,0.086243659
11.8479,B,mrac.yaw.u_nom,-0.0094179353
11.8479,B,mrac.yaw.xm,-0.064907119
11.8479,B,mrac.z.theta_0,0.05498115
11.8479,B,mrac.z.theta_1,0.0039713117
11.8479,B,mrac.z.theta_2,0.0063094441
11.8479,B,mrac.z.theta_3,0
11.8479,B,mrac.z.theta_4,0.19572732
11.8479,B,mrac.z.theta_5,0.1888334
11.8479,B,mrac.z.u_nom,-0.13236843
11.8479,B,mrac.z.xm,0.368
11.8479,B,path.active_path_mode,0
11.8479,B,path.circle_theta,0
11.8479,B,path.sinusoid_t_elapsed,0
11.8479,B,path.twc_arrived,0
11.8479,B,path.twc_target_x,1.4901161e-06
11.8479,B,path.twc_target_y,0
11.8479,B,path.twc_target_z,0.60000002
11.8479,B,pid.gyrox.Des,7.4499874
11.8479,B,pid.gyrox.FB,5.2459931
11.8479,B,pid.gyrox.U,-35.120014
11.8479,B,pid.gyroy.Des,-8.3307743
11.8479,B,pid.gyroy.FB,-1.1400398
11.8479,B,pid.gyroy.U,-23.302944
11.8479,B,pid.gyroz.Des,-3.7189026
11.8479,B,pid.gyroz.FB,-1.7618288
11.8479,B,pid.gyroz.U,-17.630375
11.8479,B,pid.locx.Des,1.4901161e-06
11.8479,B,pid.locx.FB,23.624687
11.8479,B,pid.locx.U,-20.921972
11.8479,B,pid.locxs.Des,-20.921972
11.8479,B,pid.locxs.FB,1.1114568
11.8479,B,pid.locxs.U,-66.050323
11.8479,B,pid.locy.Des,0
11.8479,B,pid.locy.FB,13.810315
11.8479,B,pid.locy.U,-12.950752
11.8479,B,pid.locys.Des,-12.950752
11.8479,B,pid.locys.FB,-4.8749018
11.8479,B,pid.locys.U,-24.019228
11.8479,B,pid.pitch.Des,-3.5610998
11.8479,B,pid.pitch.FB,-0.71453035
11.8479,B,pid.pitch.U,-8.3307743
11.8479,B,pid.roll.Des,2.0353191
11.8479,B,pid.roll.FB,-0.38646632
11.8479,B,pid.roll.U,7.4499874
11.8479,B,pid.yaw.Des,40
11.8479,B,pid.yaw.FB,40.286484
11.8479,B,pid.yaw.U,-3.7189026
11.8479,B,pid.z_pos.Des,0.52982229
11.8479,B,pid.z_pos.FB,0.56994265
11.8479,B,pid.z_pos.U,-0.12714021
11.8479,B,pid.z_rate.Des,0.368
11.8479,B,pid.z_rate.FB,0.40922341
11.8479,B,pid.z_rate.U,-29.385792
11.8479,B,status.vbat,0
12.0481,A,mrac.pitch.e,0.089027241
12.0481,A,mrac.pitch.u_ad,-0.030285826
12.0481,A,mrac.roll.e,-0.0076368377
12.0481,A,mrac.roll.u_ad,0.16151579
12.0481,A,mrac.yaw.e,0.067296058
12.0481,A,mrac.yaw.u_ad,-0.0072574224
12.0481,A,mrac.z.e,0.39750579
12.0481,A,mrac.z.u_ad,-0.15307342
12.0481,A,status.arm,1
12.0481,A,status.flymode,1
12.0481,A,status.rc_authority,0
12.0481,A,status.sbus_lost,0
12.0481,A,status.twc_arrived,0
12.0481,A,status.twc_execute,0
12.0482,B,mrac.pitch.theta_0,7.9737528e-25
12.0482,B,mrac.pitch.theta_1,0.0035318499
12.0482,B,mrac.pitch.theta_2,0.0020923382
12.0482,B,mrac.pitch.theta_3,0.0061738575
12.0482,B,mrac.pitch.theta_4,0.12150258
12.0482,B,mrac.pitch.theta_5,0.14473343
12.0482,B,mrac.pitch.u_nom,-0.011381599
12.0482,B,mrac.pitch.xm,-0.18455514
12.0482,B,mrac.roll.theta_0,0.14803544
12.0482,B,mrac.roll.theta_1,0.0015110724
12.0482,B,mrac.roll.theta_2,0.0039113387
12.0482,B,mrac.roll.theta_3,0.0055678515
12.0482,B,mrac.roll.theta_4,0.13567719
12.0482,B,mrac.roll.theta_5,0.14234844
12.0482,B,mrac.roll.u_nom,-0.017556222
12.0482,B,mrac.roll.xm,-0.011839112
12.0482,B,mrac.yaw.theta_0,0.00025482534
12.0482,B,mrac.yaw.theta_1,0.0028116778
12.0482,B,mrac.yaw.theta_2,0.0035393359
12.0482,B,mrac.yaw.theta_3,0
12.0482,B,mrac.yaw.theta_4,0.039277833
12.0482,B,mrac.yaw.theta_5,0.086231023
12.0482,B,mrac.yaw.u_nom,-0.029205652
12.0482,B,mrac.yaw.xm,-0.078159682
12.0482,B,mrac.z.theta_0,0.046355452
12.0482,B,mrac.z.theta_1,0.0033343381
12.0482,B,mrac.z.theta_2,0.0061203265
12.0482,B,mrac.z.theta_3,0
12.0482,B,mrac.z.theta_4,0.19593666
12.0482,B,mrac.z.theta_5,0.18855058
12.0482,B,mrac.z.u_nom,-1.1920531
12.0482,B,mrac.z.xm,-0.13317971
12.0482,B,path.active_path_mode,0
12.0482,B,path.circle_theta,0
12.0482,B,path.sinusoid_t_elapsed,0
12.0482,B,path.twc_arrived,0
12.0482,B,path.twc_target_x,1.4901161e-06
12.0482,B,path.twc_target_y,0
12.0482,B,path.twc_target_z,0.60000002
12.0482,B,pid.gyrox.Des,-0.6783309
12.0482,B,pid.gyrox.FB,-2.979265
12.0482,B,pid.gyrox.U,-20.540779
12.0482,B,pid.gyroy.Des,-10.574226
12.0482,B,pid.gyroy.FB,-0.46342862
12.0482,B,pid.gyroy.U,-13.316471
12.0482,B,pid.gyroz.Des,-4.4782181
12.0482,B,pid.gyroz.FB,2.1065729
12.0482,B,pid.gyroz.U,-54.672981
12.0482,B,pid.locx.Des,1.4901161e-06
12.0482,B,pid.locx.FB,23.357367
12.0482,B,pid.locx.U,-20.594515
12.0482,B,pid.locxs.Des,-20.594515
12.0482,B,pid.locxs.FB,-2.0579767
12.0482,B,pid.locxs.U,-50.745197
12.0482,B,pid.locy.Des,0
12.0482,B,pid.locy.FB,13.617805
12.0482,B,pid.locy.U,-12.97203
12.0482,B,pid.locys.Des,-12.97203
12.0482,B,pid.locys.FB,-0.87448955
12.0482,B,pid.locys.U,-40.434589
12.0482,B,pid.pitch.Des,-3.7154365
12.0482,B,pid.pitch.FB,-0.30993611
12.0482,B,pid.pitch.U,-10.574226
12.0482,B,pid.roll.Des,0.72579879
12.0482,B,pid.roll.FB,-0.48213479
12.0482,B,pid.roll.U,-0.6783309
12.0482,B,pid.yaw.Des,40
12.0482,B,pid.yaw.FB,40.413036
12.0482,B,pid.yaw.U,-4.4782181
12.0482,B,pid.z_pos.Des,0.62994766
12.0482,B,pid.z_pos.FB,0.66996646
12.0482,B,pid.z_pos.U,-0.13317971
12.0482,B,pid.z_rate.Des,-0.13317971
12.0482,B,pid.z_rate.FB,0.49626774
12.0482,B,pid.z_rate.U,-264.63577
12.0482,B,status.vbat,0
12.2649,A,mrac.pitch.e,0.18015102
12.2649,A,mrac.pitch.u_ad,-0.030181471
12.2649,A,mrac.roll.e,-0.064239427
12.2649,A,mrac.roll.u_ad,0.16123413
12.2649,A,mrac.yaw.e,0.047247514
12.2649,A,mrac.yaw.u_ad,-0.0088869408
12.2649,A,mrac.z.e,0.18909599
12.2649,A,mrac.z.u_ad,-0.092582315
12.2649,A,status.arm,1
12.2649,A,status.flymode,1
12.2649,A,status.rc_authority,0
12.2649,A,status.sbus_lost,0
12.2649,A,status.twc_arrived,0
12.2649,A,status.twc_execute,0
12.2650,B,mrac.pitch.theta_0,4.3808256e-25
12.2650,B,mrac.pitch.theta_1,0.0035683629
12.2650,B,mrac.pitch.theta_2,0.0020913419
12.2650,B,mrac.pitch.theta_3,0.0061734691
12.2650,B,mrac.pitch.theta_4,0.12153925
12.2650,B,mrac.pitch.theta_5,0.1447307
12.2650,B,mrac.pitch.u_nom,-0.061805502
12.2650,B,mrac.pitch.xm,-0.16702437
12.2650,B,mrac.roll.theta_0,0.14823107
12.2650,B,mrac.roll.theta_1,0.0014832359
12.2650,B,mrac.roll.theta_2,0.0039168061
12.2650,B,mrac.roll.theta_3,0.0055674203
12.2650,B,mrac.roll.theta_4,0.13571674
12.2650,B,mrac.roll.theta_5,0.14233349
12.2650,B,mrac.roll.u_nom,-0.0092769349
12.2650,B,mrac.roll.xm,0.073999226
12.2650,B,mrac.yaw.theta_0,0.00015955677
12.2650,B,mrac.yaw.theta_1,0.0028028176
12.2650,B,mrac.yaw.theta_2,0.0035383606
12.2650,B,mrac.yaw.theta_3,0
12.2650,B,mrac.yaw.theta_4,0.039291933
12.2650,B,mrac.yaw.theta_5,0.086225286
12.2650,B,mrac.yaw.u_nom,-0.031971626
12.2650,B,mrac.yaw.xm,-0.093326129
12.2650,B,mrac.z.theta_0,0.038620055
12.2650,B,mrac.z.theta_1,0.0029335232
12.2650,B,mrac.z.theta_2,0.0060237017
12.2650,B,mrac.z.theta_3,0
12.2650,B,mrac.z.theta_4,0.19616695
12.2650,B,mrac.z.theta_5,0.18863885
12.2650,B,mrac.z.u_nom,-0.54447657
12.2650,B,mrac.z.xm,-0.1587438
12.2650,B,path.active_path_mode,0
12.2650,B,path.circle_theta,0
12.2650,B,path.sinusoid_t_elapsed,0
12.2650,B,path.twc_arrived,0
12.2650,B,path.twc_target_x,1.4901161e-06
12.2650,B,path.twc_target_y,0
12.2650,B,path.twc_target_z,0.60000002
12.2650,B,pid.gyrox.Des,4.2398415
12.2650,B,pid.gyrox.FB,3.4045358
12.2650,B,pid.gyrox.U,-10.854013
12.2650,B,pid.gyroy.Des,-9.569788
12.2650,B,pid.gyroy.FB,-0.93524045
12.2650,B,pid.gyroy.U,-72.312439
12.2650,B,pid.gyroz.Des,-5.3471909
12.2650,B,pid.gyroz.FB,1.8882549
12.2650,B,pid.gyroz.U,-59.850887
12.2650,B,pid.locx.Des,1.4901161e-06
12.2650,B,pid.locx.FB,22.806185
12.2650,B,pid.locx.U,-20.108133
12.2650,B,pid.locxs.Des,-20.108133
12.2650,B,pid.locxs.FB,-3.6892152
12.2650,B,pid.locxs.U,-49.076645
12.2650,B,pid.locy.Des,0
12.2650,B,pid.locy.FB,14.088792
12.2650,B,pid.locy.U,-13.388011
12.2650,B,pid.locys.Des,-13.388011
12.2650,B,pid.locys.FB,1.8411111
12.2650,B,pid.locys.U,-45.847878
12.2650,B,pid.pitch.Des,-3.8928668
12.2650,B,pid.pitch.FB,-0.594019
12.2650,B,pid.pitch.U,-9.569788
12.2650,B,pid.roll.Des,0.4366979
12.2650,B,pid.roll.FB,-1.0396688
12.2650,B,pid.roll.U,4.2398415
12.2650,B,pid.yaw.Des,40
12.2650,B,pid.yaw.FB,40.557865
12.2650,B,pid.yaw.U,-5.3471909
12.2650,B,pid.z_pos.Des,0.62994766
12.2650,B,pid.z_pos.FB,0.69984716
12.2650,B,pid.z_pos.U,-0.1587438
12.2650,B,pid.z_rate.Des,-0.1587438
12.2650,B,pid.z_rate.FB,0.11129878
12.2650,B,pid.z_rate.U,-120.8738
12.2650,B,status.vbat,0
12.4651,A,mrac.pitch.e,0.21659362
12.4651,A,mrac.pitch.u_ad,-0.029276676
12.4651,A,mrac.roll.e,-0.065082647
12.4651,A,mrac.roll.u_ad,0.16490102
12.4651,A,mrac.yaw.e,0.12448537
12.4651,A,mrac.yaw.u_ad,-0.0071139201
12.4651,A,mrac.z.e,-0.10137501
12.4651,A,mrac.z.u_ad,0.0088418433
12.4651,A,status.arm,1
12.4651,A,status.flymode,1
12.4651,A,status.rc_authority,0
12.4651,A,status.sbus_lost,0
12.4651,A,status.twc_arrived,0
12.4651,A,status.twc_execute,0
12.4651,B,mrac.pitch.theta_0,1.6112218e-25
12.4651,B,mrac.pitch.theta_1,0.0035487888
12.4651,B,mrac.pitch.theta_2,0.0020884543
12.4651,B,mrac.pitch.theta_3,0.0061721359
12.4651,B,mrac.pitch.theta_4,0.12162469
12.4651,B,mrac.pitch.theta_5,0.14472139
12.4651,B,mrac.pitch.u_nom,-0.026402842
12.4651,B,mrac.pitch.xm,-0.16592552
12.4651,B,mrac.roll.theta_0,0.14854266
12.4651,B,mrac.roll.theta_1,0.0014596812
12.4651,B,mrac.roll.theta_2,0.0039219633
12.4651,B,mrac.roll.theta_3,0.0055665523
12.4651,B,mrac.roll.theta_4,0.13576338
12.4651,B,mrac.roll.theta_5,0.14231104
12.4651,B,mrac.roll.u_nom,0.079648115
12.4651,B,mrac.roll.xm,0.095239297
12.4651,B,mrac.yaw.theta_0,9.7220422e-05
12.4651,B,mrac.yaw.theta_1,0.0028007585
12.4651,B,mrac.yaw.theta_2,0.0035374567
12.4651,B,mrac.yaw.theta_3,0
12.4651,B,mrac.yaw.theta_4,0.039304744
12.4651,B,mrac.yaw.theta_5,0.086218946
12.4651,B,mrac.yaw.u_nom,-0.010998517
12.4651,B,mrac.yaw.xm,-0.067927547
12.4651,B,mrac.z.theta_0,0.037227206
12.4651,B,mrac.z.theta_1,0.0029798378
12.4651,B,mrac.z.theta_2,0.0060271388
12.4651,B,mrac.z.theta_3,0
12.4651,B,mrac.z.theta_4,0.19616859
12.4651,B,mrac.z.theta_5,0.18862498
12.4651,B,mrac.z.u_nom,-0.10499591
12.4651,B,mrac.z.xm,-0.14530225
12.4651,B,path.active_path_mode,0
12.4651,B,path.circle_theta,0
12.4651,B,path.sinusoid_t_elapsed,0
12.4651,B,path.twc_arrived,0
12.4651,B,path.twc_target_x,1.4901161e-06
12.4651,B,path.twc_target_y,0
12.4651,B,path.twc_target_z,0.60000002
12.4651,B,pid.gyrox.Des,5.4568076
12.4651,B,pid.gyrox.FB,-1.3900721
12.4651,B,pid.gyrox.U,93.188293
12.4651,B,pid.gyroy.Des,-9.5068283
12.4651,B,pid.gyroy.FB,-1.3185668
12.4651,B,pid.gyroy.U,-30.891325
12.4651,B,pid.gyroz.Des,-3.8919601
12.4651,B,pid.gyroz.FB,-1.5719666
12.4651,B,pid.gyroz.U,-20.589224
12.4651,B,pid.locx.Des,1.4901161e-06
12.4651,B,pid.locx.FB,21.601505
12.4651,B,pid.locx.U,-19.098219
12.4651,B,pid.locxs.Des,-19.098219
12.4651,B,pid.locxs.FB,-3.6969759
12.4651,B,pid.locxs.U,-45.976871
12.4651,B,pid.locy.Des,0
12.4651,B,pid.locy.FB,15.118818
12.4651,B,pid.locy.U,-14.250351
12.4651,B,pid.locys.Des,-14.250351
12.4651,B,pid.locys.FB,1.825478
12.4651,B,pid.locys.U,-48.399651
12.4651,B,pid.pitch.Des,-3.8866467
12.4651,B,pid.pitch.FB,-0.74595869
12.4651,B,pid.pitch.U,-9.5068283
12.4651,B,pid.roll.Des,0.21866156
12.4651,B,pid.roll.FB,-1.5967587
12.4651,B,pid.roll.U,5.4568076
12.4651,B,pid.yaw.Des,40
12.4651,B,pid.yaw.FB,40.315327
12.4651,B,pid.yaw.U,-3.8919601
12.4651,B,pid.z_pos.Des,0.62994766
12.4651,B,pid.z_pos.FB,0.66968304
12.4651,B,pid.z_pos.U,-0.14530225
12.4651,B,pid.z_rate.Des,-0.14530225
12.4651,B,pid.z_rate.FB,-0.11948231
12.4651,B,pid.z_rate.U,-23.309093
12.4651,B,status.vbat,0
12.6657,A,mrac.pitch.e,0.23717272
12.6657,A,mrac.pitch.u_ad,-0.030448215
12.6657,A,mrac.roll.e,-0.096582979
12.6657,A,mrac.roll.u_ad,0.16980569
12.6657,A,mrac.yaw.e,0.05658783
12.6657,A,mrac.yaw.u_ad,-0.003823855
12.6657,A,mrac.z.e,0.032185122
12.6657,A,mrac.z.u_ad,0.025764393
12.6657,A,status.arm,1
12.6657,A,status.flymode,1
12.6657,A,status.rc_authority,0
12.6657,A,status.sbus_lost,0
12.6657,A,status.twc_arrived,0
12.6657,A,status.twc_execute,0
12.6659,B,mrac.pitch.theta_0,8.8522982e-26
12.6659,B,mrac.pitch.theta_1,0.0035462533
12.6659,B,mrac.pitch.theta_2,0.0020872732
12.6659,B,mrac.pitch.theta_3,0.006171192
12.6659,B,mrac.pitch.theta_4,0.12167933
12.6659,B,mrac.pitch.theta_5,0.14471669
12.6659,B,mrac.pitch.u_nom,0.032504976
12.6659,B,mrac.pitch.xm,-0.064569004
12.6659,B,mrac.roll.theta_0,0.14862658
12.6659,B,mrac.roll.theta_1,0.0014590805
12.6659,B,mrac.roll.theta_2,0.0039231614
12.6659,B,mrac.roll.theta_3,0.0055663842
12.6659,B,mrac.roll.theta_4,0.13578817
12.6659,B,mrac.roll.theta_5,0.14230238
12.6659,B,mrac.roll.u_nom,-0.034645915
12.6659,B,mrac.roll.xm,0.11283296
12.6659,B,mrac.yaw.theta_0,0.00022163941
12.6659,B,mrac.yaw.theta_1,0.0027977652
12.6659,B,mrac.yaw.theta_2,0.0035372719
12.6659,B,mrac.yaw.theta_3,0
12.6659,B,mrac.yaw.theta_4,0.039307009
12.6659,B,mrac.yaw.theta_5,0.086213388
12.6659,B,mrac.yaw.u_nom,-0.013515912
12.6659,B,mrac.yaw.xm,-0.039067123
12.6659,B,mrac.z.theta_0,0.047382277
12.6659,B,mrac.z.theta_1,0.0028807055
12.6659,B,mrac.z.theta_2,0.0060611274
12.6659,B,mrac.z.theta_3,0
12.6659,B,mrac.z.theta_4,0.19614898
12.6659,B,mrac.z.theta_5,0.18845773
12.6659,B,mrac.z.u_nom,0.17692041
12.6659,B,mrac.z.xm,-0.11877792
12.6659,B,path.active_path_mode,0
12.6659,B,path.circle_theta,0
12.6659,B,path.sinusoid_t_elapsed,0
12.6659,B,path.twc_arrived,0
12.6659,B,path.twc_target_x,1.4901161e-06
12.6659,B,path.twc_target_y,0
12.6659,B,path.twc_target_z,0.60000002
12.6659,B,pid.gyrox.Des,6.4648495
12.6659,B,pid.gyrox.FB,2.442549
12.6659,B,pid.gyrox.U,-40.535721
12.6659,B,pid.gyroy.Des,-3.6995296
12.6659,B,pid.gyroy.FB,-1.5002254
12.6659,B,pid.gyroy.U,38.030823
12.6659,B,pid.gyroz.Des,-2.2383804
12.6659,B,pid.gyroz.FB,0.67086804
12.6659,B,pid.gyroz.U,-25.301786
12.6659,B,pid.locx.Des,1.4901161e-06
12.6659,B,pid.locx.FB,21.044422
12.6659,B,pid.locx.U,-18.758976
12.6659,B,pid.locxs.Des,-18.758976
12.6659,B,pid.locxs.FB,-2.174516
12.6659,B,pid.locxs.U,-45.892132
12.6659,B,pid.locy.Des,0
12.6659,B,pid.locy.FB,15.590584
12.6659,B,pid.locy.U,-14.536798
12.6659,B,pid.locys.Des,-14.536798
12.6659,B,pid.locys.FB,0.52103758
12.6659,B,pid.locys.U,-40.578327
12.6659,B,pid.pitch.Des,-3.5341091
12.6659,B,pid.pitch.FB,-0.86422312
12.6659,B,pid.pitch.U,-3.6995296
12.6659,B,pid.roll.Des,0.52751786
12.6659,B,pid.roll.FB,-1.611215
12.6659,B,pid.roll.U,6.4648495
12.6659,B,pid.yaw.Des,40
12.6659,B,pid.yaw.FB,40.03973
12.6659,B,pid.yaw.U,-2.2383804
12.6659,B,pid.z_pos.Des,0.62994766
12.6659,B,pid.z_pos.FB,0.62967926
12.6659,B,pid.z_pos.U,-0.11877792
12.6659,B,pid.z_rate.Des,-0.11877792
12.6659,B,pid.z_rate.FB,-0.24873936
12.6659,B,pid.z_rate.U,39.276333
12.6659,B,status.vbat,0
12.8689,A,mrac.pitch.e,0.19177556
12.8689,A,mrac.pitch.u_ad,-0.029622516
12.8689,A,mrac.roll.e,0.0052418709
12.8689,A,mrac.roll.u_ad,0.16908847
12.8689,A,mrac.yaw.e,-0.030734822
12.8689,A,mrac.yaw.u_ad,0.0016608003
12.8689,A,mrac.z.e,0.18621066
12.8689,A,mrac.z.u_ad,-0.02763743
12.8689,A,status.arm,1
12.8689,A,status.flymode,1
12.8689,A,status.rc_authority,0
12.8689,A,status.sbus_lost,0
12.8689,A,status.twc_arrived,0
12.8689,A,status.twc_execute,0
12.8690,B,mrac.pitch.theta_0,4.4227721e-26
12.8690,B,mrac.pitch.theta_1,0.0035239398
12.8690,B,mrac.pitch.theta_2,0.0020858773
12.8690,B,mrac.pitch.theta_3,0.0061711716
12.8690,B,mrac.pitch.theta_4,0.121738
12.8690,B,mrac.pitch.theta_5,0.14471404
12.8690,B,mrac.pitch.u_nom,-0.058987256
12.8690,B,mrac.pitch.xm,-0.17183219
12.8690,B,mrac.roll.theta_0,0.14869289
12.8690,B,mrac.roll.theta_1,0.0014740153
12.8690,B,mrac.roll.theta_2,0.0039241617
12.8690,B,mrac.roll.theta_3,0.0055657732
12.8690,B,mrac.roll.theta_4,0.13581477
12.8690,B,mrac.roll.theta_5,0.14229858
12.8690,B,mrac.roll.u_nom,-0.042762619
12.8690,B,mrac.roll.xm,0.12750083
12.8690,B,mrac.yaw.theta_0,0.0016973687
12.8690,B,mrac.yaw.theta_1,0.002788258
12.8690,B,mrac.yaw.theta_2,0.0035378214
12.8690,B,mrac.yaw.theta_3,0
12.8690,B,mrac.yaw.theta_4,0.039307836
12.8690,B,mrac.yaw.theta_5,0.086201526
12.8690,B,mrac.yaw.u_nom,-0.010078917
12.8690,B,mrac.yaw.xm,-0.0078592813
12.8690,B,mrac.z.theta_0,0.047900103
12.8690,B,mrac.z.theta_1,0.0029126806
12.8690,B,mrac.z.theta_2,0.006064815
12.8690,B,mrac.z.theta_3,0
12.8690,B,mrac.z.theta_4,0.19612119
12.8690,B,mrac.z.theta_5,0.18841211
12.8690,B,mrac.z.u_nom,0.016413586
12.8690,B,mrac.z.xm,-0.11168147
12.8690,B,path.active_path_mode,0
12.8690,B,path.circle_theta,0
12.8690,B,path.sinusoid_t_elapsed,0
12.8690,B,path.twc_arrived,0
12.8690,B,path.twc_target_x,1.4901161e-06
12.8690,B,path.twc_target_y,0
12.8690,B,path.twc_target_z,0.60000002
12.8690,B,pid.gyrox.Des,7.3052564
12.8690,B,pid.gyrox.FB,3.7169466
12.8690,B,pid.gyrox.U,-50.032265
12.8690,B,pid.gyroy.Des,-9.8452549
12.8690,B,pid.gyroy.FB,2.5642121
12.8690,B,pid.gyroy.U,-69.015091
12.8690,B,pid.gyroz.Des,-0.45030344
12.8690,B,pid.gyroz.FB,1.6423616
12.8690,B,pid.gyroz.U,-18.867733
12.8690,B,pid.locx.Des,1.4901161e-06
12.8690,B,pid.locx.FB,20.989208
12.8690,B,pid.locx.U,-18.814404
12.8690,B,pid.locxs.Des,-18.814404
12.8690,B,pid.locxs.FB,0
12.8690,B,pid.locxs.U,-56.473927
12.8690,B,pid.locy.Des,0
12.8690,B,pid.locy.FB,15.774008
12.8690,B,pid.locy.U,-14.646866
12.8690,B,pid.locys.Des,-14.646866
12.8690,B,pid.locys.FB,0
12.8690,B,pid.locys.U,-43.977478
12.8690,B,pid.pitch.Des,-4.0770273
12.8690,B,pid.pitch.FB,-0.8052637
12.8690,B,pid.pitch.U,-9.8452549
12.8690,B,pid.roll.Des,0.89315754
12.8690,B,pid.roll.FB,-1.549757
12.8690,B,pid.roll.U,7.3052564
12.8690,B,pid.yaw.Des,40
12.8690,B,pid.yaw.FB,39.757183
12.8690,B,pid.yaw.U,-0.45030344
12.8690,B,pid.z_pos.Des,0.62994766
12.8690,B,pid.z_pos.FB,0.619712
12.8690,B,pid.z_pos.U,-0.11168147
12.8690,B,pid.z_rate.Des,-0.11168147
12.8690,B,pid.z_rate.FB,-0.15311338
12.8690,B,pid.z_rate.U,3.643816
12.8690,B,status.vbat,0
13.0815,A,mrac.pitch.e,0.13133705
13.0815,A,mrac.pitch.u_ad,-0.031949077
13.0815,A,mrac.roll.e,0.068310387
13.0815,A,mrac.roll.u_ad,0.16455239
13.0815,A,mrac.yaw.e,0.089657754
13.0815,A,mrac.yaw.u_ad,0.0036437772
13.0815,A,mrac.z.e,-0.086902805
13.0815,A,mrac.z.u_ad,-0.027732659
13.0815,A,status.arm,1
13.0815,A,status.flymode,1
13.0815,A,status.rc_authority,0
13.0815,A,status.sbus_lost,0
13.0815,A,status.twc_arrived,0
13.0815,A,status.twc_execute,0
13.0816,B,mrac.pitch.theta_0,2.1843819e-26
13.0816,B,mrac.pitch.theta_1,0.003523634
13.0816,B,mrac.pitch.theta_2,0.0020847146
13.0816,B,mrac.pitch.theta_3,0.0061715129
13.0816,B,mrac.pitch.theta_4,0.12178238
13.0816,B,mrac.pitch.theta_5,0.14471216
13.0816,B,mrac.pitch.u_nom,-0.1784514
13.0816,B,mrac.pitch.xm,-0.27068505
13.0816,B,mrac.roll.theta_0,0.1485379
13.0816,B,mrac.roll.theta_1,0.0014855473
13.0816,B,mrac.roll.theta_2,0.0039242152
13.0816,B,mrac.roll.theta_3,0.0055653905
13.0816,B,mrac.roll.theta_4,0.13584502
13.0816,B,mrac.roll.theta_5,0.14229283
13.0816,B,mrac.roll.u_nom,0.10540675
13.0816,B,mrac.roll.xm,0.21668886
13.0816,B,mrac.yaw.theta_0,0.0028786336
13.0816,B,mrac.yaw.theta_1,0.0027825353
13.0816,B,mrac.yaw.theta_2,0.0035380838
13.0816,B,mrac.yaw.theta_3,0
13.0816,B,mrac.yaw.theta_4,0.039308563
13.0816,B,mrac.yaw.theta_5,0.08619649
13.0816,B,mrac.yaw.u_nom,0.0081783226
13.0816,B,mrac.yaw.xm,0.012182374
13.0816,B,mrac.z.theta_0,0.04336898
13.0816,B,mrac.z.theta_1,0.0028757318
13.0816,B,mrac.z.theta_2,0.0060617803
13.0816,B,mrac.z.theta_3,0
13.0816,B,mrac.z.theta_4,0.19613583
13.0816,B,mrac.z.theta_5,0.18842749
13.0816,B,mrac.z.u_nom,-0.28695774
13.0816,B,mrac.z.xm,-0.11857869
13.0816,B,path.active_path_mode,0
13.0816,B,path.circle_theta,0
13.0816,B,path.sinusoid_t_elapsed,0
13.0816,B,path.twc_arrived,0
13.0816,B,path.twc_target_x,1.4901161e-06
13.0816,B,path.twc_target_y,0
13.0816,B,path.twc_target_z,0.60000002
13.0816,B,pid.gyrox.Des,12.415352
13.0816,B,pid.gyrox.FB,2.2959471
13.0816,B,pid.gyrox.U,123.32589
13.0816,B,pid.gyroy.Des,-15.509104
13.0816,B,pid.gyroy.FB,6.0245118
13.0816,B,pid.gyroy.U,-208.78815
13.0816,B,pid.gyroz.Des,0.69799829
13.0816,B,pid.gyroz.FB,-1.4536822
13.0816,B,pid.gyroz.U,15.30982
13.0816,B,pid.locx.Des,1.4901161e-06
13.0816,B,pid.locx.FB,21.276031
13.0816,B,pid.locx.U,-19.128185
13.0816,B,pid.locxs.Des,-19.128185
13.0816,B,pid.locxs.FB,2.178091
13.0816,B,pid.locxs.U,-72.496338
13.0816,B,pid.locy.Des,0
13.0816,B,pid.locy.FB,16.010399
13.0816,B,pid.locy.U,-14.875206
13.0816,B,pid.locys.Des,-14.875206
13.0816,B,pid.locys.FB,-0.50588459
13.0816,B,pid.locys.U,-43.98148
13.0816,B,pid.pitch.Des,-4.6696386
13.0816,B,pid.pitch.FB,-0.82435459
13.0816,B,pid.pitch.U,-15.509104
13.0816,B,pid.roll.Des,1.6217307
13.0816,B,pid.roll.FB,-1.1759632
13.0816,B,pid.roll.U,12.415352
13.0816,B,pid.yaw.Des,40
13.0816,B,pid.yaw.FB,39.640797
13.0816,B,pid.yaw.U,0.69799829
13.0816,B,pid.z_pos.Des,0.62994766
13.0816,B,pid.z_pos.FB,0.62980217
13.0816,B,pid.z_pos.U,-0.11857869
13.0816,B,pid.z_rate.Des,-0.11857869
13.0816,B,pid.z_rate.FB,0.0083328439
13.0816,B,pid.z_rate.U,-63.70462
13.0816,B,status.vbat,0
13.2824,A,mrac.pitch.e,0.13133705
13.2824,A,mrac.pitch.u_ad,-0.031949077
13.2824,A,mrac.roll.e,0.068310387
13.2824,A,mrac.roll.u_ad,0.16455239
13.2824,A,mrac.yaw.e,0.089657754
13.2824,A,mrac.yaw.u_ad,0.0036437772
13.2824,A,mrac.z.e,-0.086902805
13.2824,A,mrac.z.u_ad,-0.027732659
13.2824,A,status.arm,1
13.2824,A,status.flymode,1
13.2824,A,status.rc_authority,0
13.2824,A,status.sbus_lost,0
13.2824,A,status.twc_arrived,0
13.2824,A,status.twc_execute,0
13.2824,B,mrac.pitch.theta_0,2.1843819e-26
13.2824,B,mrac.pitch.theta_1,0.003523634
13.2824,B,mrac.pitch.theta_2,0.0020847146
13.2824,B,mrac.pitch.theta_3,0.0061715129
13.2824,B,mrac.pitch.theta_4,0.12178238
13.2824,B,mrac.pitch.theta_5,0.14471216
13.2824,B,mrac.pitch.u_nom,-0.1784514
13.2824,B,mrac.pitch.xm,-0.27068505
13.2824,B,mrac.roll.theta_0,0.1485379
13.2824,B,mrac.roll.theta_1,0.0014855473
13.2824,B,mrac.roll.theta_2,0.0039242152
13.2824,B,mrac.roll.theta_3,0.0055653905
13.2824,B,mrac.roll.theta_4,0.13584502
13.2824,B,mrac.roll.theta_5,0.14229283
13.2824,B,mrac.roll.u_nom,0.10540675
13.2824,B,mrac.roll.xm,0.21668886
13.2824,B,mrac.yaw.theta_0,0.0028786336
13.2824,B,mrac.yaw.theta_1,0.0027825353
13.2824,B,mrac.yaw.theta_2,0.0035380838
13.2824,B,mrac.yaw.theta_3,0
13.2824,B,mrac.yaw.theta_4,0.039308563
13.2824,B,mrac.yaw.theta_5,0.08619649
13.2824,B,mrac.yaw.u_nom,0.0081783226
13.2824,B,mrac.yaw.xm,0.012182374
13.2824,B,mrac.z.theta_0,0.04336898
13.2824,B,mrac.z.theta_1,0.0028757318
13.2824,B,mrac.z.theta_2,0.0060617803
13.2824,B,mrac.z.theta_3,0
13.2824,B,mrac.z.theta_4,0.19613583
13.2824,B,mrac.z.theta_5,0.18842749
13.2824,B,mrac.z.u_nom,-0.28695774
13.2824,B,mrac.z.xm,-0.11857869
13.2824,B,path.active_path_mode,0
13.2824,B,path.circle_theta,0
13.2824,B,path.sinusoid_t_elapsed,0
13.2824,B,path.twc_arrived,0
13.2824,B,path.twc_target_x,1.4901161e-06
13.2824,B,path.twc_target_y,0
13.2824,B,path.twc_target_z,0.60000002
13.2824,B,pid.gyrox.Des,12.415352
13.2824,B,pid.gyrox.FB,2.2959471
13.2824,B,pid.gyrox.U,123.32589
13.2824,B,pid.gyroy.Des,-15.509104
13.2824,B,pid.gyroy.FB,6.0245118
13.2824,B,pid.gyroy.U,-208.78815
13.2824,B,pid.gyroz.Des,0.69799829
13.2824,B,pid.gyroz.FB,-1.4536822
13.2824,B,pid.gyroz.U,15.30982
13.2824,B,pid.locx.Des,1.4901161e-06
13.2824,B,pid.locx.FB,21.276031
13.2824,B,pid.locx.U,-19.128185
13.2824,B,pid.locxs.Des,-19.128185
13.2824,B,pid.locxs.FB,2.178091
13.2824,B,pid.locxs.U,-72.496338
13.2824,B,pid.locy.Des,0
13.2824,B,pid.locy.FB,16.010399
13.2824,B,pid.locy.U,-14.875206
13.2824,B,pid.locys.Des,-14.875206
13.2824,B,pid.locys.FB,-0.50588459
13.2824,B,pid.locys.U,-43.98148
13.2824,B,pid.pitch.Des,-4.6696386
13.2824,B,pid.pitch.FB,-0.82435459
13.2824,B,pid.pitch.U,-15.509104
13.2824,B,pid.roll.Des,1.6217307
13.2824,B,pid.roll.FB,-1.1759632
13.2824,B,pid.roll.U,12.415352
13.2824,B,pid.yaw.Des,40
13.2824,B,pid.yaw.FB,39.640797
13.2824,B,pid.yaw.U,0.69799829
13.2824,B,pid.z_pos.Des,0.62994766
13.2824,B,pid.z_pos.FB,0.62980217
13.2824,B,pid.z_pos.U,-0.11857869
13.2824,B,pid.z_rate.Des,-0.11857869
13.2824,B,pid.z_rate.FB,0.0083328439
13.2824,B,pid.z_rate.U,-63.70462
13.2824,B,status.vbat,0
13.4992,A,mrac.pitch.e,0.13133705
13.4992,A,mrac.pitch.u_ad,-0.031949077
13.4992,A,mrac.roll.e,0.068310387
13.4992,A,mrac.roll.u_ad,0.16455239
13.4992,A,mrac.yaw.e,0.089657754
13.4992,A,mrac.yaw.u_ad,0.0036437772
13.4992,A,mrac.z.e,-0.086902805
13.4992,A,mrac.z.u_ad,-0.027732659
13.4992,A,status.arm,1
13.4992,A,status.flymode,1
13.4992,A,status.rc_authority,0
13.4992,A,status.sbus_lost,0
13.4992,A,status.twc_arrived,0
13.4992,A,status.twc_execute,0
13.4992,B,mrac.pitch.theta_0,2.1843819e-26
13.4992,B,mrac.pitch.theta_1,0.003523634
13.4992,B,mrac.pitch.theta_2,0.0020847146
13.4992,B,mrac.pitch.theta_3,0.0061715129
13.4992,B,mrac.pitch.theta_4,0.12178238
13.4992,B,mrac.pitch.theta_5,0.14471216
13.4992,B,mrac.pitch.u_nom,-0.1784514
13.4992,B,mrac.pitch.xm,-0.27068505
13.4992,B,mrac.roll.theta_0,0.1485379
13.4992,B,mrac.roll.theta_1,0.0014855473
13.4992,B,mrac.roll.theta_2,0.0039242152
13.4992,B,mrac.roll.theta_3,0.0055653905
13.4992,B,mrac.roll.theta_4,0.13584502
13.4992,B,mrac.roll.theta_5,0.14229283
13.4992,B,mrac.roll.u_nom,0.10540675
13.4992,B,mrac.roll.xm,0.21668886
13.4992,B,mrac.yaw.theta_0,0.0028786336
13.4992,B,mrac.yaw.theta_1,0.0027825353
13.4992,B,mrac.yaw.theta_2,0.0035380838
13.4992,B,mrac.yaw.theta_3,0
13.4992,B,mrac.yaw.theta_4,0.039308563
13.4992,B,mrac.yaw.theta_5,0.08619649
13.4992,B,mrac.yaw.u_nom,0.0081783226
13.4992,B,mrac.yaw.xm,0.012182374
13.4992,B,mrac.z.theta_0,0.04336898
13.4992,B,mrac.z.theta_1,0.0028757318
13.4992,B,mrac.z.theta_2,0.0060617803
13.4992,B,mrac.z.theta_3,0
13.4992,B,mrac.z.theta_4,0.19613583
13.4992,B,mrac.z.theta_5,0.18842749
13.4992,B,mrac.z.u_nom,-0.28695774
13.4992,B,mrac.z.xm,-0.11857869
13.4992,B,path.active_path_mode,0
13.4992,B,path.circle_theta,0
13.4992,B,path.sinusoid_t_elapsed,0
13.4992,B,path.twc_arrived,0
13.4992,B,path.twc_target_x,1.4901161e-06
13.4992,B,path.twc_target_y,0
13.4992,B,path.twc_target_z,0.60000002
13.4992,B,pid.gyrox.Des,12.415352
13.4992,B,pid.gyrox.FB,2.2959471
13.4992,B,pid.gyrox.U,123.32589
13.4992,B,pid.gyroy.Des,-15.509104
13.4992,B,pid.gyroy.FB,6.0245118
13.4992,B,pid.gyroy.U,-208.78815
13.4992,B,pid.gyroz.Des,0.69799829
13.4992,B,pid.gyroz.FB,-1.4536822
13.4992,B,pid.gyroz.U,15.30982
13.4992,B,pid.locx.Des,1.4901161e-06
13.4992,B,pid.locx.FB,21.276031
13.4992,B,pid.locx.U,-19.128185
13.4992,B,pid.locxs.Des,-19.128185
13.4992,B,pid.locxs.FB,2.178091
13.4992,B,pid.locxs.U,-72.496338
13.4992,B,pid.locy.Des,0
13.4992,B,pid.locy.FB,16.010399
13.4992,B,pid.locy.U,-14.875206
13.4992,B,pid.locys.Des,-14.875206
13.4992,B,pid.locys.FB,-0.50588459
13.4992,B,pid.locys.U,-43.98148
13.4992,B,pid.pitch.Des,-4.6696386
13.4992,B,pid.pitch.FB,-0.82435459
13.4992,B,pid.pitch.U,-15.509104
13.4992,B,pid.roll.Des,1.6217307
13.4992,B,pid.roll.FB,-1.1759632
13.4992,B,pid.roll.U,12.415352
13.4992,B,pid.yaw.Des,40
13.4992,B,pid.yaw.FB,39.640797
13.4992,B,pid.yaw.U,0.69799829
13.4992,B,pid.z_pos.Des,0.62994766
13.4992,B,pid.z_pos.FB,0.62980217
13.4992,B,pid.z_pos.U,-0.11857869
13.4992,B,pid.z_rate.Des,-0.11857869
13.4992,B,pid.z_rate.FB,0.0083328439
13.4992,B,pid.z_rate.U,-63.70462
13.4992,B,status.vbat,0
13.7150,A,mrac.pitch.e,0.13133705
13.7150,A,mrac.pitch.u_ad,-0.031949077
13.7150,A,mrac.roll.e,0.068310387
13.7150,A,mrac.roll.u_ad,0.16455239
13.7150,A,mrac.yaw.e,0.089657754
13.7150,A,mrac.yaw.u_ad,0.0036437772
13.7150,A,mrac.z.e,-0.086902805
13.7150,A,mrac.z.u_ad,-0.027732659
13.7150,A,status.arm,1
13.7150,A,status.flymode,1
13.7150,A,status.rc_authority,0
13.7150,A,status.sbus_lost,0
13.7150,A,status.twc_arrived,0
13.7150,A,status.twc_execute,0
13.7150,B,mrac.pitch.theta_0,2.1843819e-26
13.7150,B,mrac.pitch.theta_1,0.003523634
13.7150,B,mrac.pitch.theta_2,0.0020847146
13.7150,B,mrac.pitch.theta_3,0.0061715129
13.7150,B,mrac.pitch.theta_4,0.12178238
13.7150,B,mrac.pitch.theta_5,0.14471216
13.7150,B,mrac.pitch.u_nom,-0.1784514
13.7150,B,mrac.pitch.xm,-0.27068505
13.7150,B,mrac.roll.theta_0,0.1485379
13.7150,B,mrac.roll.theta_1,0.0014855473
13.7150,B,mrac.roll.theta_2,0.0039242152
13.7150,B,mrac.roll.theta_3,0.0055653905
13.7150,B,mrac.roll.theta_4,0.13584502
13.7150,B,mrac.roll.theta_5,0.14229283
13.7150,B,mrac.roll.u_nom,0.10540675
13.7150,B,mrac.roll.xm,0.21668886
13.7150,B,mrac.yaw.theta_0,0.0028786336
13.7150,B,mrac.yaw.theta_1,0.0027825353
13.7150,B,mrac.yaw.theta_2,0.0035380838
13.7150,B,mrac.yaw.theta_3,0
13.7150,B,mrac.yaw.theta_4,0.039308563
13.7150,B,mrac.yaw.theta_5,0.08619649
13.7150,B,mrac.yaw.u_nom,0.0081783226
13.7150,B,mrac.yaw.xm,0.012182374
13.7150,B,mrac.z.theta_0,0.04336898
13.7150,B,mrac.z.theta_1,0.0028757318
13.7150,B,mrac.z.theta_2,0.0060617803
13.7150,B,mrac.z.theta_3,0
13.7150,B,mrac.z.theta_4,0.19613583
13.7150,B,mrac.z.theta_5,0.18842749
13.7150,B,mrac.z.u_nom,-0.28695774
13.7150,B,mrac.z.xm,-0.11857869
13.7150,B,path.active_path_mode,0
13.7150,B,path.circle_theta,0
13.7150,B,path.sinusoid_t_elapsed,0
13.7150,B,path.twc_arrived,0
13.7150,B,path.twc_target_x,1.4901161e-06
13.7150,B,path.twc_target_y,0
13.7150,B,path.twc_target_z,0.60000002
13.7150,B,pid.gyrox.Des,12.415352
13.7150,B,pid.gyrox.FB,2.2959471
13.7150,B,pid.gyrox.U,123.32589
13.7150,B,pid.gyroy.Des,-15.509104
13.7150,B,pid.gyroy.FB,6.0245118
13.7150,B,pid.gyroy.U,-208.78815
13.7150,B,pid.gyroz.Des,0.69799829
13.7150,B,pid.gyroz.FB,-1.4536822
13.7150,B,pid.gyroz.U,15.30982
13.7150,B,pid.locx.Des,1.4901161e-06
13.7150,B,pid.locx.FB,21.276031
13.7150,B,pid.locx.U,-19.128185
13.7150,B,pid.locxs.Des,-19.128185
13.7150,B,pid.locxs.FB,2.178091
13.7150,B,pid.locxs.U,-72.496338
13.7150,B,pid.locy.Des,0
13.7150,B,pid.locy.FB,16.010399
13.7150,B,pid.locy.U,-14.875206
13.7150,B,pid.locys.Des,-14.875206
13.7150,B,pid.locys.FB,-0.50588459
13.7150,B,pid.locys.U,-43.98148
13.7150,B,pid.pitch.Des,-4.6696386
13.7150,B,pid.pitch.FB,-0.82435459
13.7150,B,pid.pitch.U,-15.509104
13.7150,B,pid.roll.Des,1.6217307
13.7150,B,pid.roll.FB,-1.1759632
13.7150,B,pid.roll.U,12.415352
13.7150,B,pid.yaw.Des,40
13.7150,B,pid.yaw.FB,39.640797
13.7150,B,pid.yaw.U,0.69799829
13.7150,B,pid.z_pos.Des,0.62994766
13.7150,B,pid.z_pos.FB,0.62980217
13.7150,B,pid.z_pos.U,-0.11857869
13.7150,B,pid.z_rate.Des,-0.11857869
13.7150,B,pid.z_rate.FB,0.0083328439
13.7150,B,pid.z_rate.U,-63.70462
13.7150,B,status.vbat,0
13.9151,A,mrac.pitch.e,0.15875231
13.9151,A,mrac.pitch.u_ad,-0.057486258
13.9151,A,mrac.roll.e,-0.097583354
13.9151,A,mrac.roll.u_ad,0.20927565
13.9151,A,mrac.yaw.e,-0.033691302
13.9151,A,mrac.yaw.u_ad,-0.0097948322
13.9151,A,mrac.z.e,0.10406484
13.9151,A,mrac.z.u_ad,-0.033635553
13.9151,A,status.arm,1
13.9151,A,status.flymode,1
13.9151,A,status.rc_authority,0
13.9151,A,status.sbus_lost,0
13.9151,A,status.twc_arrived,0
13.9151,A,status.twc_execute,0
13.9151,B,mrac.pitch.theta_0,0.0020845006
13.9151,B,mrac.pitch.theta_1,0.0037752893
13.9151,B,mrac.pitch.theta_2,0.0019611837
13.9151,B,mrac.pitch.theta_3,0.00620279
13.9151,B,mrac.pitch.theta_4,0.12225886
13.9151,B,mrac.pitch.theta_5,0.14443989
13.9151,B,mrac.pitch.u_nom,0.03546549
13.9151,B,mrac.pitch.xm,-0.38012627
13.9151,B,mrac.roll.theta_0,0.14466722
13.9151,B,mrac.roll.theta_1,0.0023124237
13.9151,B,mrac.roll.theta_2,0.0043114517
13.9151,B,mrac.roll.theta_3,0.005586362
13.9151,B,mrac.roll.theta_4,0.13628221
13.9151,B,mrac.roll.theta_5,0.14194961
13.9151,B,mrac.roll.u_nom,-0.07454396
13.9151,B,mrac.roll.xm,0.37351865
13.9151,B,mrac.yaw.theta_0,0.00036819762
13.9151,B,mrac.yaw.theta_1,0.0027110018
13.9151,B,mrac.yaw.theta_2,0.003528076
13.9151,B,mrac.yaw.theta_3,0
13.9151,B,mrac.yaw.theta_4,0.039399192
13.9151,B,mrac.yaw.theta_5,0.0861784
13.9151,B,mrac.yaw.u_nom,-0.0083693489
13.9151,B,mrac.yaw.xm,-0.10609332
13.9151,B,mrac.z.theta_0,0.030005066
13.9151,B,mrac.z.theta_1,0.0028797681
13.9151,B,mrac.z.theta_2,0.0060508316
13.9151,B,mrac.z.theta_3,0
13.9151,B,mrac.z.theta_4,0.19609594
13.9151,B,mrac.z.theta_5,0.18838583
13.9151,B,mrac.z.u_nom,-0.24037217
13.9151,B,mrac.z.xm,-0.10862722
13.9151,B,path.active_path_mode,0
13.9151,B,path.circle_theta,0
13.9151,B,path.sinusoid_t_elapsed,0
13.9151,B,path.twc_arrived,0
13.9151,B,path.twc_target_x,1.4901161e-06
13.9151,B,path.twc_target_y,0
13.9151,B,path.twc_target_z,0.60000002
13.9151,B,pid.gyrox.Des,21.401033
13.9151,B,pid.gyrox.FB,23.418417
13.9151,B,pid.gyrox.U,-87.216431
13.9151,B,pid.gyroy.Des,-21.779621
13.9151,B,pid.gyroy.FB,-18.84798
13.9151,B,pid.gyroy.U,41.494621
13.9151,B,pid.gyroz.Des,-6.0786972
13.9151,B,pid.gyroz.FB,-4.3762507
13.9151,B,pid.gyroz.U,-15.667421
13.9151,B,pid.locx.Des,24.664959
13.9151,B,pid.locx.FB,36.749599
13.9151,B,pid.locx.U,-13.654773
13.9151,B,pid.locxs.Des,-13.654773
13.9151,B,pid.locxs.FB,49.131138
13.9151,B,pid.locxs.U,-190.85117
13.9151,B,pid.locy.Des,0
13.9151,B,pid.locy.FB,18.763636
13.9151,B,pid.locy.U,-16.990379
13.9151,B,pid.locys.Des,-16.990379
13.9151,B,pid.locys.FB,-2.6704445
13.9151,B,pid.locys.U,-43.19561
13.9151,B,pid.pitch.Des,-9.1022644
13.9151,B,pid.pitch.FB,-1.7720635
13.9151,B,pid.pitch.U,-21.779621
13.9151,B,pid.roll.Des,6.776134
13.9151,B,pid.roll.FB,-1.3551432
13.9151,B,pid.roll.U,21.401033
13.9151,B,pid.yaw.Des,40
13.9151,B,pid.yaw.FB,40.679783
13.9151,B,pid.yaw.U,-6.0786972
13.9151,B,pid.z_pos.Des,0.62994766
13.9151,B,pid.z_pos.FB,0.6195302
13.9151,B,pid.z_pos.U,-0.10862722
13.9151,B,pid.z_rate.Des,-0.10862722
13.9151,B,pid.z_rate.FB,-0.0078456569
13.9151,B,pid.z_rate.U,-53.362621
13.9151,B,status.vbat,0
14.1157,A,mrac.pitch.e,0.012248591
14.1157,A,mrac.pitch.u_ad,-0.037106685
14.1157,A,mrac.roll.e,0.036443248
14.1157,A,mrac.roll.u_ad,0.19068213
14.1157,A,mrac.yaw.e,0.012127328
14.1157,A,mrac.yaw.u_ad,-0.002087055
14.1157,A,mrac.z.e,0.088021778
14.1157,A,mrac.z.u_ad,-0.026753662
14.1157,A,status.arm,1
14.1157,A,status.flymode,1
14.1157,A,status.rc_authority,0
14.1157,A,status.sbus_lost,0
14.1157,A,status.twc_arrived,0
14.1157,A,status.twc_execute,0
14.1157,B,mrac.pitch.theta_0,0.0012504497
14.1157,B,mrac.pitch.theta_1,0.0040879045
14.1157,B,mrac.pitch.theta_2,0.0019553613
14.1157,B,mrac.pitch.theta_3,0.0062121605
14.1157,B,mrac.pitch.theta_4,0.12228857
14.1157,B,mrac.pitch.theta_5,0.14446416
14.1157,B,mrac.pitch.u_nom,0.032530002
14.1157,B,mrac.pitch.xm,-0.28736767
14.1157,B,mrac.roll.theta_0,0.14577842
14.1157,B,mrac.roll.theta_1,0.002589405
14.1157,B,mrac.roll.theta_2,0.0043281415
14.1157,B,mrac.roll.theta_3,0.0055897576
14.1157,B,mrac.roll.theta_4,0.13630252
14.1157,B,mrac.roll.theta_5,0.1419874
14.1157,B,mrac.roll.u_nom,0.078479275
14.1157,B,mrac.roll.xm,0.33245143
14.1157,B,mrac.yaw.theta_0,0.00063962728
14.1157,B,mrac.yaw.theta_1,0.0027098155
14.1157,B,mrac.yaw.theta_2,0.0035281728
14.1157,B,mrac.yaw.theta_3,0
14.1157,B,mrac.yaw.theta_4,0.039399024
14.1157,B,mrac.yaw.theta_5,0.086176239
14.1157,B,mrac.yaw.u_nom,-0.0041709235
14.1157,B,mrac.yaw.xm,-0.034532208
14.1157,B,mrac.z.theta_0,0.029980993
14.1157,B,mrac.z.theta_1,0.0028943184
14.1157,B,mrac.z.theta_2,0.0060521667
14.1157,B,mrac.z.theta_3,0
14.1157,B,mrac.z.theta_4,0.19607295
14.1157,B,mrac.z.theta_5,0.18835783
14.1157,B,mrac.z.u_nom,-0.18552402
14.1157,B,mrac.z.xm,-0.099771678
14.1157,B,path.active_path_mode,0
14.1157,B,path.circle_theta,0
14.1157,B,path.sinusoid_t_elapsed,0
14.1157,B,path.twc_arrived,0
14.1157,B,path.twc_target_x,1.4901161e-06
14.1157,B,path.twc_target_y,0
14.1157,B,path.twc_target_z,0.60000002
14.1157,B,pid.gyrox.Des,19.048056
14.1157,B,pid.gyrox.FB,6.7378469
14.1157,B,pid.gyrox.U,91.820755
14.1157,B,pid.gyroy.Des,-16.464949
14.1157,B,pid.gyroy.FB,-7.1852417
14.1157,B,pid.gyroy.U,38.060101
14.1157,B,pid.gyroz.Des,-1.978549
14.1157,B,pid.gyroz.FB,-1.2604767
14.1157,B,pid.gyroz.U,-7.8079686
14.1157,B,pid.locx.Des,24.664959
14.1157,B,pid.locx.FB,44.914867
14.1157,B,pid.locx.U,-19.900162
14.1157,B,pid.locxs.Des,-19.900162
14.1157,B,pid.locxs.FB,45.945793
14.1157,B,pid.locxs.U,-199.66087
14.1157,B,pid.locy.Des,0
14.1157,B,pid.locy.FB,18.263325
14.1157,B,pid.locy.U,-16.451845
14.1157,B,pid.locys.Des,-16.451845
14.1157,B,pid.locys.FB,-5.9147339
14.1157,B,pid.locys.U,-31.581224
14.1157,B,pid.pitch.Des,-8.8384933
14.1157,B,pid.pitch.FB,-3.3528752
14.1157,B,pid.pitch.U,-16.464949
14.1157,B,pid.roll.Des,7.6908522
14.1157,B,pid.roll.FB,1.2160822
14.1157,B,pid.roll.U,19.048056
14.1157,B,pid.yaw.Des,40
14.1157,B,pid.yaw.FB,39.996449
14.1157,B,pid.yaw.U,-1.978549
14.1157,B,pid.z_pos.Des,0.62994766
14.1157,B,pid.z_pos.FB,0.60881871
14.1157,B,pid.z_pos.U,-0.099771678
14.1157,B,pid.z_rate.Des,-0.099771678
14.1157,B,pid.z_rate.FB,-0.029430851
14.1157,B,pid.z_rate.U,-41.186333
14.1157,B,status.vbat,0
14.3327,A,mrac.pitch.e,0.32257217
14.3327,A,mrac.pitch.u_ad,-0.027798025
14.3327,A,mrac.roll.e,-0.36153072
14.3327,A,mrac.roll.u_ad,0.16782767
14.3327,A,mrac.yaw.e,0.042365909
14.3327,A,mrac.yaw.u_ad,0.0025361152
14.3327,A,mrac.z.e,-0.099412605
14.3327,A,mrac.z.u_ad,-0.029865339
14.3327,A,status.arm,1
14.3327,A,status.flymode,1
14.3327,A,status.rc_authority,0
14.3327,A,status.sbus_lost,0
14.3327,A,status.twc_arrived,0
14.3327,A,status.twc_execute,0
14.3328,B,mrac.pitch.theta_0,0.0012179575
14.3328,B,mrac.pitch.theta_1,0.0042013079
14.3328,B,mrac.pitch.theta_2,0.0019533446
14.3328,B,mrac.pitch.theta_3,0.0062160897
14.3328,B,mrac.pitch.theta_4,0.12237792
14.3328,B,mrac.pitch.theta_5,0.14448467
14.3328,B,mrac.pitch.u_nom,-0.08997345
14.3328,B,mrac.pitch.xm,0.093475923
14.3328,B,mrac.roll.theta_0,0.14279614
14.3328,B,mrac.roll.theta_1,0.0027433073
14.3328,B,mrac.roll.theta_2,0.0043308642
14.3328,B,mrac.roll.theta_3,0.005589725
14.3328,B,mrac.roll.theta_4,0.13636117
14.3328,B,mrac.roll.theta_5,0.14199631
14.3328,B,mrac.roll.u_nom,0.043587741
14.3328,B,mrac.roll.xm,-0.19122298
14.3328,B,mrac.yaw.theta_0,0.0021596777
14.3328,B,mrac.yaw.theta_1,0.002704324
14.3328,B,mrac.yaw.theta_2,0.0035285372
14.3328,B,mrac.yaw.theta_3,0
14.3328,B,mrac.yaw.theta_4,0.039399099
14.3328,B,mrac.yaw.theta_5,0.086169764
14.3328,B,mrac.yaw.u_nom,0.0093914606
14.3328,B,mrac.yaw.xm,0.0097774006
14.3328,B,mrac.z.theta_0,0.026802095
14.3328,B,mrac.z.theta_1,0.0029341516
14.3328,B,mrac.z.theta_2,0.0060505909
14.3328,B,mrac.z.theta_3,0
14.3328,B,mrac.z.theta_4,0.1960216
14.3328,B,mrac.z.theta_5,0.18832473
14.3328,B,mrac.z.u_nom,-0.23083329
14.3328,B,mrac.z.xm,-0.096451566
14.3328,B,path.active_path_mode,0
14.3328,B,path.circle_theta,0
14.3328,B,path.sinusoid_t_elapsed,0
14.3328,B,path.twc_arrived,0
14.3328,B,path.twc_target_x,1.4901161e-06
14.3328,B,path.twc_target_y,0
14.3328,B,path.twc_target_z,0.60000002
14.3328,B,pid.gyrox.Des,-10.956265
14.3328,B,pid.gyrox.FB,-0.17959426
14.3328,B,pid.gyrox.U,50.997658
14.3328,B,pid.gyroy.Des,5.3557734
14.3328,B,pid.gyroy.FB,6.1641121
14.3328,B,pid.gyroy.U,-105.26894
14.3328,B,pid.gyroz.Des,0.56020355
14.3328,B,pid.gyroz.FB,-1.876181
14.3328,B,pid.gyroz.U,17.580814
14.3328,B,pid.locx.Des,24.664959
14.3328,B,pid.locx.FB,54.451256
14.3328,B,pid.locx.U,-26.864157
14.3328,B,pid.locxs.Des,-11.599999
14.3328,B,pid.locxs.FB,24.859589
14.3328,B,pid.locxs.U,-9.3767853
14.3328,B,pid.locy.Des,0
14.3328,B,pid.locy.FB,16.635521
14.3328,B,pid.locy.U,-15.084162
14.3328,B,pid.locys.Des,-15.084162
14.3328,B,pid.locys.FB,-7.6158242
14.3328,B,pid.locys.U,-25.224678
14.3328,B,pid.pitch.Des,-1.4816568
14.3328,B,pid.pitch.FB,-3.3965018
14.3328,B,pid.pitch.U,5.3557734
14.3328,B,pid.roll.Des,-0.51772708
14.3328,B,pid.roll.FB,3.1906612
14.3328,B,pid.roll.U,-10.956265
14.3328,B,pid.yaw.Des,40
14.3328,B,pid.yaw.FB,39.652531
14.3328,B,pid.yaw.U,0.56020355
14.3328,B,pid.z_pos.Des,0.62994766
14.3328,B,pid.z_pos.FB,0.6079846
14.3328,B,pid.z_pos.U,-0.096451566
14.3328,B,pid.z_rate.Des,-0.096451566
14.3328,B,pid.z_rate.FB,-0.00096408615
14.3328,B,pid.z_rate.U,-51.244991
14.3328,B,status.vbat,0
14.5487,A,mrac.pitch.e,0.32257217
14.5487,A,mrac.pitch.u_ad,-0.027798025
14.5487,A,mrac.roll.e,-0.36153072
14.5487,A,mrac.roll.u_ad,0.16782767
14.5487,A,mrac.yaw.e,0.042365909
14.5487,A,mrac.yaw.u_ad,0.0025361152
14.5487,A,mrac.z.e,-0.099412605
14.5487,A,mrac.z.u_ad,-0.029865339
14.5487,A,status.arm,1
14.5487,A,status.flymode,1
14.5487,A,status.rc_authority,0
14.5487,A,status.sbus_lost,0
14.5487,A,status.twc_arrived,0
14.5487,A,status.twc_execute,0
14.5488,B,mrac.pitch.theta_0,0.0012179575
14.5488,B,mrac.pitch.theta_1,0.0042013079
14.5488,B,mrac.pitch.theta_2,0.0019533446
14.5488,B,mrac.pitch.theta_3,0.0062160897
14.5488,B,mrac.pitch.theta_4,0.12237792
14.5488,B,mrac.pitch.theta_5,0.14448467
14.5488,B,mrac.pitch.u_nom,-0.08997345
14.5488,B,mrac.pitch.xm,0.093475923
14.5488,B,mrac.roll.theta_0,0.14279614
14.5488,B,mrac.roll.theta_1,0.0027433073
14.5488,B,mrac.roll.theta_2,0.0043308642
14.5488,B,mrac.roll.theta_3,0.005589725
14.5488,B,mrac.roll.theta_4,0.13636117
14.5488,B,mrac.roll.theta_5,0.14199631
14.5488,B,mrac.roll.u_nom,0.043587741
14.5488,B,mrac.roll.xm,-0.19122298
14.5488,B,mrac.yaw.theta_0,0.0021596777
14.5488,B,mrac.yaw.theta_1,0.002704324
14.5488,B,mrac.yaw.theta_2,0.0035285372
14.5488,B,mrac.yaw.theta_3,0
14.5488,B,mrac.yaw.theta_4,0.039399099
14.5488,B,mrac.yaw.theta_5,0.086169764
14.5488,B,mrac.yaw.u_nom,0.0093914606
14.5488,B,mrac.yaw.xm,0.0097774006
14.5488,B,mrac.z.theta_0,0.026802095
14.5488,B,mrac.z.theta_1,0.0029341516
14.5488,B,mrac.z.theta_2,0.0060505909
14.5488,B,mrac.z.theta_3,0
14.5488,B,mrac.z.theta_4,0.1960216
14.5488,B,mrac.z.theta_5,0.18832473
14.5488,B,mrac.z.u_nom,-0.23083329
14.5488,B,mrac.z.xm,-0.096451566
14.5488,B,path.active_path_mode,0
14.5488,B,path.circle_theta,0
14.5488,B,path.sinusoid_t_elapsed,0
14.5488,B,path.twc_arrived,0
14.5488,B,path.twc_target_x,1.4901161e-06
14.5488,B,path.twc_target_y,0
14.5488,B,path.twc_target_z,0.60000002
14.5488,B,pid.gyrox.Des,-10.956265
14.5488,B,pid.gyrox.FB,-0.17959426
14.5488,B,pid.gyrox.U,50.997658
14.5488,B,pid.gyroy.Des,5.3557734
14.5488,B,pid.gyroy.FB,6.1641121
14.5488,B,pid.gyroy.U,-105.26894
14.5488,B,pid.gyroz.Des,0.56020355
14.5488,B,pid.gyroz.FB,-1.876181
14.5488,B,pid.gyroz.U,17.580814
14.5488,B,pid.locx.Des,24.664959
14.5488,B,pid.locx.FB,54.451256
14.5488,B,pid.locx.U,-26.864157
14.5488,B,pid.locxs.Des,-11.599999
14.5488,B,pid.locxs.FB,24.859589
14.5488,B,pid.locxs.U,-9.3767853
14.5488,B,pid.locy.Des,0
14.5488,B,pid.locy.FB,16.635521
14.5488,B,pid.locy.U,-15.084162
14.5488,B,pid.locys.Des,-15.084162
14.5488,B,pid.locys.FB,-7.6158242
14.5488,B,pid.locys.U,-25.224678
14.5488,B,pid.pitch.Des,-1.4816568
14.5488,B,pid.pitch.FB,-3.3965018
14.5488,B,pid.pitch.U,5.3557734
14.5488,B,pid.roll.Des,-0.51772708
14.5488,B,pid.roll.FB,3.1906612
14.5488,B,pid.roll.U,-10.956265
14.5488,B,pid.yaw.Des,40
14.5488,B,pid.yaw.FB,39.652531
14.5488,B,pid.yaw.U,0.56020355
14.5488,B,pid.z_pos.Des,0.62994766
14.5488,B,pid.z_pos.FB,0.6079846
14.5488,B,pid.z_pos.U,-0.096451566
14.5488,B,pid.z_rate.Des,-0.096451566
14.5488,B,pid.z_rate.FB,-0.00096408615
14.5488,B,pid.z_rate.U,-51.244991
14.5488,B,status.vbat,0
14.7490,A,mrac.pitch.e,0.32257217
14.7490,A,mrac.pitch.u_ad,-0.027798025
14.7490,A,mrac.roll.e,-0.36153072
14.7490,A,mrac.roll.u_ad,0.16782767
14.7490,A,mrac.yaw.e,0.042365909
14.7490,A,mrac.yaw.u_ad,0.0025361152
14.7490,A,mrac.z.e,-0.099412605
14.7490,A,mrac.z.u_ad,-0.029865339
14.7490,A,status.arm,1
14.7490,A,status.flymode,1
14.7490,A,status.rc_authority,0
14.7490,A,status.sbus_lost,0
14.7490,A,status.twc_arrived,0
14.7490,A,status.twc_execute,0
14.7491,B,mrac.pitch.theta_0,0.0012179575
14.7491,B,mrac.pitch.theta_1,0.0042013079
14.7491,B,mrac.pitch.theta_2,0.0019533446
14.7491,B,mrac.pitch.theta_3,0.0062160897
14.7491,B,mrac.pitch.theta_4,0.12237792
14.7491,B,mrac.pitch.theta_5,0.14448467
14.7491,B,mrac.pitch.u_nom,-0.08997345
14.7491,B,mrac.pitch.xm,0.093475923
14.7491,B,mrac.roll.theta_0,0.14279614
14.7491,B,mrac.roll.theta_1,0.0027433073
14.7491,B,mrac.roll.theta_2,0.0043308642
14.7491,B,mrac.roll.theta_3,0.005589725
14.7491,B,mrac.roll.theta_4,0.13636117
14.7491,B,mrac.roll.theta_5,0.14199631
14.7491,B,mrac.roll.u_nom,0.043587741
14.7491,B,mrac.roll.xm,-0.19122298
14.7491,B,mrac.yaw.theta_0,0.0021596777
14.7491,B,mrac.yaw.theta_1,0.002704324
14.7491,B,mrac.yaw.theta_2,0.0035285372
14.7491,B,mrac.yaw.theta_3,0
14.7491,B,mrac.yaw.theta_4,0.039399099
14.7491,B,mrac.yaw.theta_5,0.086169764
14.7491,B,mrac.yaw.u_nom,0.0093914606
14.7491,B,mrac.yaw.xm,0.0097774006
14.7491,B,mrac.z.theta_0,0.026802095
14.7491,B,mrac.z.theta_1,0.0029341516
14.7491,B,mrac.z.theta_2,0.0060505909
14.7491,B,mrac.z.theta_3,0
14.7491,B,mrac.z.theta_4,0.1960216
14.7491,B,mrac.z.theta_5,0.18832473
14.7491,B,mrac.z.u_nom,-0.23083329
14.7491,B,mrac.z.xm,-0.096451566
14.7491,B,path.active_path_mode,0
14.7491,B,path.circle_theta,0
14.7491,B,path.sinusoid_t_elapsed,0
14.7491,B,path.twc_arrived,0
14.7491,B,path.twc_target_x,1.4901161e-06
14.7491,B,path.twc_target_y,0
14.7491,B,path.twc_target_z,0.60000002
14.7491,B,pid.gyrox.Des,-10.956265
14.7491,B,pid.gyrox.FB,-0.17959426
14.7491,B,pid.gyrox.U,50.997658
14.7491,B,pid.gyroy.Des,5.3557734
14.7491,B,pid.gyroy.FB,6.1641121
14.7491,B,pid.gyroy.U,-105.26894
14.7491,B,pid.gyroz.Des,0.56020355
14.7491,B,pid.gyroz.FB,-1.876181
14.7491,B,pid.gyroz.U,17.580814
14.7491,B,pid.locx.Des,24.664959
14.7491,B,pid.locx.FB,54.451256
14.7491,B,pid.locx.U,-26.864157
14.7491,B,pid.locxs.Des,-11.599999
14.7491,B,pid.locxs.FB,24.859589
14.7491,B,pid.locxs.U,-9.3767853
14.7491,B,pid.locy.Des,0
14.7491,B,pid.locy.FB,16.635521
14.7491,B,pid.locy.U,-15.084162
14.7491,B,pid.locys.Des,-15.084162
14.7491,B,pid.locys.FB,-7.6158242
14.7491,B,pid.locys.U,-25.224678
14.7491,B,pid.pitch.Des,-1.4816568
14.7491,B,pid.pitch.FB,-3.3965018
14.7491,B,pid.pitch.U,5.3557734
14.7491,B,pid.roll.Des,-0.51772708
14.7491,B,pid.roll.FB,3.1906612
14.7491,B,pid.roll.U,-10.956265
14.7491,B,pid.yaw.Des,40
14.7491,B,pid.yaw.FB,39.652531
14.7491,B,pid.yaw.U,0.56020355
14.7491,B,pid.z_pos.Des,0.62994766
14.7491,B,pid.z_pos.FB,0.6079846
14.7491,B,pid.z_pos.U,-0.096451566
14.7491,B,pid.z_rate.Des,-0.096451566
14.7491,B,pid.z_rate.FB,-0.00096408615
14.7491,B,pid.z_rate.U,-51.244991
14.7491,B,status.vbat,0
14.9489,A,mrac.pitch.e,0.32257217
14.9489,A,mrac.pitch.u_ad,-0.027798025
14.9489,A,mrac.roll.e,-0.36153072
14.9489,A,mrac.roll.u_ad,0.16782767
14.9489,A,mrac.yaw.e,0.042365909
14.9489,A,mrac.yaw.u_ad,0.0025361152
14.9489,A,mrac.z.e,-0.099412605
14.9489,A,mrac.z.u_ad,-0.029865339
14.9489,A,status.arm,1
14.9489,A,status.flymode,1
14.9489,A,status.rc_authority,0
14.9489,A,status.sbus_lost,0
14.9489,A,status.twc_arrived,0
14.9489,A,status.twc_execute,0
14.9489,B,mrac.pitch.theta_0,0.0012179575
14.9489,B,mrac.pitch.theta_1,0.0042013079
14.9489,B,mrac.pitch.theta_2,0.0019533446
14.9489,B,mrac.pitch.theta_3,0.0062160897
14.9489,B,mrac.pitch.theta_4,0.12237792
14.9489,B,mrac.pitch.theta_5,0.14448467
14.9489,B,mrac.pitch.u_nom,-0.08997345
14.9489,B,mrac.pitch.xm,0.093475923
14.9489,B,mrac.roll.theta_0,0.14279614
14.9489,B,mrac.roll.theta_1,0.0027433073
14.9489,B,mrac.roll.theta_2,0.0043308642
14.9489,B,mrac.roll.theta_3,0.005589725
14.9489,B,mrac.roll.theta_4,0.13636117
14.9489,B,mrac.roll.theta_5,0.14199631
14.9489,B,mrac.roll.u_nom,0.043587741
14.9489,B,mrac.roll.xm,-0.19122298
14.9489,B,mrac.yaw.theta_0,0.0021596777
14.9489,B,mrac.yaw.theta_1,0.002704324
14.9489,B,mrac.yaw.theta_2,0.0035285372
14.9489,B,mrac.yaw.theta_3,0
14.9489,B,mrac.yaw.theta_4,0.039399099
14.9489,B,mrac.yaw.theta_5,0.086169764
14.9489,B,mrac.yaw.u_nom,0.0093914606
14.9489,B,mrac.yaw.xm,0.0097774006
14.9489,B,mrac.z.theta_0,0.026802095
14.9489,B,mrac.z.theta_1,0.0029341516
14.9489,B,mrac.z.theta_2,0.0060505909
14.9489,B,mrac.z.theta_3,0
14.9489,B,mrac.z.theta_4,0.1960216
14.9489,B,mrac.z.theta_5,0.18832473
14.9489,B,mrac.z.u_nom,-0.23083329
14.9489,B,mrac.z.xm,-0.096451566
14.9489,B,path.active_path_mode,0
14.9489,B,path.circle_theta,0
14.9489,B,path.sinusoid_t_elapsed,0
14.9489,B,path.twc_arrived,0
14.9489,B,path.twc_target_x,1.4901161e-06
14.9489,B,path.twc_target_y,0
14.9489,B,path.twc_target_z,0.60000002
14.9489,B,pid.gyrox.Des,-10.956265
14.9489,B,pid.gyrox.FB,-0.17959426
14.9489,B,pid.gyrox.U,50.997658
14.9489,B,pid.gyroy.Des,5.3557734
14.9489,B,pid.gyroy.FB,6.1641121
14.9489,B,pid.gyroy.U,-105.26894
14.9489,B,pid.gyroz.Des,0.56020355
14.9489,B,pid.gyroz.FB,-1.876181
14.9489,B,pid.gyroz.U,17.580814
14.9489,B,pid.locx.Des,24.664959
14.9489,B,pid.locx.FB,54.451256
14.9489,B,pid.locx.U,-26.864157
14.9489,B,pid.locxs.Des,-11.599999
14.9489,B,pid.locxs.FB,24.859589
14.9489,B,pid.locxs.U,-9.3767853
14.9489,B,pid.locy.Des,0
14.9489,B,pid.locy.FB,16.635521
14.9489,B,pid.locy.U,-15.084162
14.9489,B,pid.locys.Des,-15.084162
14.9489,B,pid.locys.FB,-7.6158242
14.9489,B,pid.locys.U,-25.224678
14.9489,B,pid.pitch.Des,-1.4816568
14.9489,B,pid.pitch.FB,-3.3965018
14.9489,B,pid.pitch.U,5.3557734
14.9489,B,pid.roll.Des,-0.51772708
14.9489,B,pid.roll.FB,3.1906612
14.9489,B,pid.roll.U,-10.956265
14.9489,B,pid.yaw.Des,40
14.9489,B,pid.yaw.FB,39.652531
14.9489,B,pid.yaw.U,0.56020355
14.9489,B,pid.z_pos.Des,0.62994766
14.9489,B,pid.z_pos.FB,0.6079846
14.9489,B,pid.z_pos.U,-0.096451566
14.9489,B,pid.z_rate.Des,-0.096451566
14.9489,B,pid.z_rate.FB,-0.00096408615
14.9489,B,pid.z_rate.U,-51.244991
14.9489,B,status.vbat,0
15.1491,A,mrac.pitch.e,0.33495072
15.1491,A,mrac.pitch.u_ad,-0.027908055
15.1491,A,mrac.roll.e,-0.28672338
15.1491,A,mrac.roll.u_ad,0.15223925
15.1491,A,mrac.yaw.e,0.051831536
15.1491,A,mrac.yaw.u_ad,-0.007749741
15.1491,A,mrac.z.e,0.091292329
15.1491,A,mrac.z.u_ad,-0.040916547
15.1491,A,status.arm,1
15.1491,A,status.flymode,1
15.1491,A,status.rc_authority,0
15.1491,A,status.sbus_lost,0
15.1491,A,status.twc_arrived,0
15.1491,A,status.twc_execute,0
15.1492,B,mrac.pitch.theta_0,0.00048907066
15.1492,B,mrac.pitch.theta_1,0.0040240963
15.1492,B,mrac.pitch.theta_2,0.0019239824
15.1492,B,mrac.pitch.theta_3,0.0062218728
15.1492,B,mrac.pitch.theta_4,0.12289527
15.1492,B,mrac.pitch.theta_5,0.14456244
15.1492,B,mrac.pitch.u_nom,0.022715691
15.1492,B,mrac.pitch.xm,-0.15957643
15.1492,B,mrac.roll.theta_0,0.14639854
15.1492,B,mrac.roll.theta_1,0.0029239231
15.1492,B,mrac.roll.theta_2,0.0044214646
15.1492,B,mrac.roll.theta_3,0.0055914265
15.1492,B,mrac.roll.theta_4,0.13683259
15.1492,B,mrac.roll.theta_5,0.14210296
15.1492,B,mrac.roll.u_nom,-0.10245113
15.1492,B,mrac.roll.xm,-0.19508865
15.1492,B,mrac.yaw.theta_0,0.0012342691
15.1492,B,mrac.yaw.theta_1,0.0026427878
15.1492,B,mrac.yaw.theta_2,0.003524286
15.1492,B,mrac.yaw.theta_3,0
15.1492,B,mrac.yaw.theta_4,0.03943269
15.1492,B,mrac.yaw.theta_5,0.086125419
15.1492,B,mrac.yaw.u_nom,-0.029170886
15.1492,B,mrac.yaw.xm,-0.098795727
15.1492,B,mrac.z.theta_0,0.019673787
15.1492,B,mrac.z.theta_1,0.0029143908
15.1492,B,mrac.z.theta_2,0.0060424521
15.1492,B,mrac.z.theta_3,0
15.1492,B,mrac.z.theta_4,0.19589773
15.1492,B,mrac.z.theta_5,0.18819588
15.1492,B,mrac.z.u_nom,-0.22548674
15.1492,B,mrac.z.xm,-0.086275637
15.1492,B,path.active_path_mode,0
15.1492,B,path.circle_theta,0
15.1492,B,path.sinusoid_t_elapsed,0
15.1492,B,path.twc_arrived,0
15.1492,B,path.twc_target_x,1.4901161e-06
15.1492,B,path.twc_target_y,0
15.1492,B,path.twc_target_z,0.60000002
15.1492,B,pid.gyrox.Des,-11.177752
15.1492,B,pid.gyrox.FB,-6.2114487
15.1492,B,pid.gyrox.U,-119.86782
15.1492,B,pid.gyroy.Des,-9.1430521
15.1492,B,pid.gyroy.FB,-2.57814
15.1492,B,pid.gyroy.U,26.577358
15.1492,B,pid.gyroz.Des,-5.6605759
15.1492,B,pid.gyroz.FB,0.91228968
15.1492,B,pid.gyroz.U,-54.607899
15.1492,B,pid.locx.Des,24.664959
15.1492,B,pid.locx.FB,42.481087
15.1492,B,pid.locx.U,-13.884098
15.1492,B,pid.locxs.Des,-86.599998
15.1492,B,pid.locxs.FB,-62.58268
15.1492,B,pid.locxs.U,-62.941681
15.1492,B,pid.locy.Des,15.087567
15.1492,B,pid.locy.FB,18.249056
15.1492,B,pid.locy.U,-5.084878
15.1492,B,pid.locys.Des,-5.084878
15.1492,B,pid.locys.FB,11.506891
15.1492,B,pid.locys.U,-58.561302
15.1492,B,pid.pitch.Des,-4.9767103
15.1492,B,pid.pitch.FB,-2.0269821
15.1492,B,pid.pitch.U,-9.1430521
15.1492,B,pid.roll.Des,0.56428862
15.1492,B,pid.roll.FB,1.5461515
15.1492,B,pid.roll.U,-11.177752
15.1492,B,pid.yaw.Des,40
15.1492,B,pid.yaw.FB,40.610096
15.1492,B,pid.yaw.U,-5.6605759
15.1492,B,pid.z_pos.Des,0.62994766
15.1492,B,pid.z_pos.FB,0.6093964
15.1492,B,pid.z_pos.U,-0.086275637
15.1492,B,pid.z_rate.Des,-0.086275637
15.1492,B,pid.z_rate.FB,0.006244503
15.1492,B,pid.z_rate.U,-50.058056
15.1492,B,status.vbat,0
15.3496,A,mrac.pitch.e,0.25796753
15.3496,A,mrac.pitch.u_ad,-0.030591846
15.3496,A,mrac.roll.e,-0.14448711
15.3496,A,mrac.roll.u_ad,0.15498227
15.3496,A,mrac.yaw.e,0.04850395
15.3496,A,mrac.yaw.u_ad,-0.0082800724
15.3496,A,mrac.z.e,0.084041178
15.3496,A,mrac.z.u_ad,-0.039577655
15.3496,A,status.arm,1
15.3496,A,status.flymode,1
15.3496,A,status.rc_authority,0
15.3496,A,status.sbus_lost,0
15.3496,A,status.twc_arrived,0
15.3496,A,status.twc_execute,0
15.3496,B,mrac.pitch.theta_0,0.00021533805
15.3496,B,mrac.pitch.theta_1,0.0039113699
15.3496,B,mrac.pitch.theta_2,0.0019200167
15.3496,B,mrac.pitch.theta_3,0.0062213494
15.3496,B,mrac.pitch.theta_4,0.12297969
15.3496,B,mrac.pitch.theta_5,0.14456061
15.3496,B,mrac.pitch.u_nom,-0.040678445
15.3496,B,mrac.pitch.xm,-0.15037443
15.3496,B,mrac.roll.theta_0,0.14772776
15.3496,B,mrac.roll.theta_1,0.0027458398
15.3496,B,mrac.roll.theta_2,0.0044568889
15.3496,B,mrac.roll.theta_3,0.005590904
15.3496,B,mrac.roll.theta_4,0.13690239
15.3496,B,mrac.roll.theta_5,0.14204049
15.3496,B,mrac.roll.u_nom,0.0025607997
15.3496,B,mrac.roll.xm,-0.0072863628
15.3496,B,mrac.yaw.theta_0,0.00082238065
15.3496,B,mrac.yaw.theta_1,0.0026388329
15.3496,B,mrac.yaw.theta_2,0.0035231069
15.3496,B,mrac.yaw.theta_3,0
15.3496,B,mrac.yaw.theta_4,0.03944622
15.3496,B,mrac.yaw.theta_5,0.086122282
15.3496,B,mrac.yaw.u_nom,-0.0033166481
15.3496,B,mrac.yaw.xm,-0.096622191
15.3496,B,mrac.z.theta_0,0.018271308
15.3496,B,mrac.z.theta_1,0.0029100419
15.3496,B,mrac.z.theta_2,0.0060414495
15.3496,B,mrac.z.theta_3,0
15.3496,B,mrac.z.theta_4,0.19586504
15.3496,B,mrac.z.theta_5,0.18816949
15.3496,B,mrac.z.u_nom,-0.21462432
15.3496,B,mrac.z.xm,-0.084935024
15.3496,B,path.active_path_mode,0
15.3496,B,path.circle_theta,0
15.3496,B,path.sinusoid_t_elapsed,0
15.3496,B,path.twc_arrived,0
15.3496,B,path.twc_target_x,1.4901161e-06
15.3496,B,path.twc_target_y,0
15.3496,B,path.twc_target_z,0.60000002
15.3496,B,pid.gyrox.Des,-0.41747767
15.3496,B,pid.gyrox.FB,-6.5003777
15.3496,B,pid.gyrox.U,2.9961357
15.3496,B,pid.gyroy.Des,-8.6158161
15.3496,B,pid.gyroy.FB,0.79990035
15.3496,B,pid.gyroy.U,-47.593781
15.3496,B,pid.gyroz.Des,-5.5360413
15.3496,B,pid.gyroz.FB,-5.0012074
15.3496,B,pid.gyroz.U,-6.208765
15.3496,B,pid.locx.Des,24.664959
15.3496,B,pid.locx.FB,31.958921
15.3496,B,pid.locx.U,-5.3908539
15.3496,B,pid.locxs.Des,-86.599998
15.3496,B,pid.locxs.FB,-71.264511
15.3496,B,pid.locxs.U,-37.558662
15.3496,B,pid.locy.Des,15.087567
15.3496,B,pid.locy.FB,20.709234
15.3496,B,pid.locy.U,-7.0755134
15.3496,B,pid.locys.Des,-7.0755134
15.3496,B,pid.locys.FB,13.651716
15.3496,B,pid.locys.U,-62.522369
15.3496,B,pid.pitch.Des,-4.1941171
15.3496,B,pid.pitch.FB,-1.3891867
15.3496,B,pid.pitch.U,-8.6158161
15.3496,B,pid.roll.Des,-0.71005177
15.3496,B,pid.roll.FB,-0.39026481
15.3496,B,pid.roll.U,-0.41747767
15.3496,B,pid.yaw.Des,40
15.3496,B,pid.yaw.FB,40.58934
15.3496,B,pid.yaw.U,-5.5360413
15.3496,B,pid.z_pos.Des,0.62994766
15.3496,B,pid.z_pos.FB,0.6098066
15.3496,B,pid.z_pos.U,-0.084935024
15.3496,B,pid.z_rate.Des,-0.084935024
15.3496,B,pid.z_rate.FB,0.0015564772
15.3496,B,pid.z_rate.U,-47.646599
15.3496,B,status.vbat,0
15.5667,A,mrac.pitch.e,0.18531373
15.5667,A,mrac.pitch.u_ad,0.0037725493
15.5667,A,mrac.roll.e,-0.15258402
15.5667,A,mrac.roll.u_ad,0.1186441
15.5667,A,mrac.yaw.e,0.08071088
15.5667,A,mrac.yaw.u_ad,-0.0067570996
15.5667,A,mrac.z.e,0.067407057
15.5667,A,mrac.z.u_ad,-0.036849122
15.5667,A,status.arm,1
15.5667,A,status.flymode,1
15.5667,A,status.rc_authority,0
15.5667,A,status.sbus_lost,0
15.5667,A,status.twc_arrived,0
15.5667,A,status.twc_execute,0
15.5667,B,mrac.pitch.theta_0,0.00023002422
15.5667,B,mrac.pitch.theta_1,0.0037200649
15.5667,B,mrac.pitch.theta_2,0.0019096024
15.5667,B,mrac.pitch.theta_3,0.0062207193
15.5667,B,mrac.pitch.theta_4,0.12309188
15.5667,B,mrac.pitch.theta_5,0.14452054
15.5667,B,mrac.pitch.u_nom,-0.14763062
15.5667,B,mrac.pitch.xm,0.075649031
15.5667,B,mrac.roll.theta_0,0.14600284
15.5667,B,mrac.roll.theta_1,0.0026308906
15.5667,B,mrac.roll.theta_2,0.0044980696
15.5667,B,mrac.roll.theta_3,0.0055901911
15.5667,B,mrac.roll.theta_4,0.13698761
15.5667,B,mrac.roll.theta_5,0.14196211
15.5667,B,mrac.roll.u_nom,0.16169508
15.5667,B,mrac.roll.xm,-0.26190245
15.5667,B,mrac.yaw.theta_0,0.00051923783
15.5667,B,mrac.yaw.theta_1,0.002633383
15.5667,B,mrac.yaw.theta_2,0.0035220415
15.5667,B,mrac.yaw.theta_3,0
15.5667,B,mrac.yaw.theta_4,0.039457027
15.5667,B,mrac.yaw.theta_5,0.0861139
15.5667,B,mrac.yaw.u_nom,-0.013929954
15.5667,B,mrac.yaw.xm,-0.076881364
15.5667,B,mrac.z.theta_0,0.016459033
15.5667,B,mrac.z.theta_1,0.0029114094
15.5667,B,mrac.z.theta_2,0.0060399352
15.5667,B,mrac.z.theta_3,0
15.5667,B,mrac.z.theta_4,0.19581003
15.5667,B,mrac.z.theta_5,0.18812466
15.5667,B,mrac.z.u_nom,-0.19550371
15.5667,B,mrac.z.xm,-0.082036041
15.5667,B,path.active_path_mode,0
15.5667,B,path.circle_theta,0
15.5667,B,path.sinusoid_t_elapsed,0
15.5667,B,path.twc_arrived,0
15.5667,B,path.twc_target_x,1.4901161e-06
15.5667,B,path.twc_target_y,0
15.5667,B,path.twc_target_z,0.60000002
15.5667,B,pid.gyrox.Des,-15.005899
15.5667,B,pid.gyrox.FB,-31.861206
15.5667,B,pid.gyrox.U,189.18324
15.5667,B,pid.gyroy.Des,4.3343682
15.5667,B,pid.gyroy.FB,18.627357
15.5667,B,pid.gyroy.U,-172.72781
15.5667,B,pid.gyroz.Des,-4.4049759
15.5667,B,pid.gyroz.FB,-1.3844702
15.5667,B,pid.gyroz.U,-26.076874
15.5667,B,pid.locx.Des,24.664959
15.5667,B,pid.locx.FB,13.507752
15.5667,B,pid.locx.U,10.515415
15.5667,B,pid.locxs.Des,-44.5
15.5667,B,pid.locxs.FB,-77.59581
15.5667,B,pid.locxs.U,128.08388
15.5667,B,pid.locy.Des,15.087567
15.5667,B,pid.locy.FB,24.541504
15.5667,B,pid.locy.U,-10.080355
15.5667,B,pid.locys.Des,-10.080355
15.5667,B,pid.locys.FB,12.202044
15.5667,B,pid.locys.U,-67.468048
15.5667,B,pid.pitch.Des,1.8454032
15.5667,B,pid.pitch.FB,0.15394786
15.5667,B,pid.pitch.U,4.3343682
15.5667,B,pid.roll.Des,-8.197216
15.5667,B,pid.roll.FB,-2.8691068
15.5667,B,pid.roll.U,-15.005899
15.5667,B,pid.yaw.Des,40
15.5667,B,pid.yaw.FB,40.400829
15.5667,B,pid.yaw.U,-4.4049759
15.5667,B,pid.z_pos.Des,0.62994766
15.5667,B,pid.z_pos.FB,0.6092332
15.5667,B,pid.z_pos.U,-0.082036041
15.5667,B,pid.z_rate.Des,-0.082036041
15.5667,B,pid.z_rate.FB,-0.0061564841
15.5667,B,pid.z_rate.U,-43.401825
15.5667,B,status.vbat,0
15.7665,A,mrac.pitch.e,0.030355509
15.7665,A,mrac.pitch.u_ad,-0.01179758
15.7665,A,mrac.roll.e,-0.035265654
15.7665,A,mrac.roll.u_ad,0.14457966
15.7665,A,mrac.yaw.e,0.085317358
15.7665,A,mrac.yaw.u_ad,-0.0073082484
15.7665,A,mrac.z.e,0.21440549
15.7665,A,mrac.z.u_ad,-0.067926072
15.7665,A,status.arm,1
15.7665,A,status.flymode,1
15.7665,A,status.rc_authority,0
15.7665,A,status.sbus_lost,0
15.7665,A,status.twc_arrived,0
15.7665,A,status.twc_execute,0
15.7666,B,mrac.pitch.theta_0,9.4872012e-05
15.7666,B,mrac.pitch.theta_1,0.0033707991
15.7666,B,mrac.pitch.theta_2,0.0018822728
15.7666,B,mrac.pitch.theta_3,0.0062308987
15.7666,B,mrac.pitch.theta_4,0.12317637
15.7666,B,mrac.pitch.theta_5,0.14441364
15.7666,B,mrac.pitch.u_nom,-0.082299665
15.7666,B,mrac.pitch.xm,-0.098481417
15.7666,B,mrac.roll.theta_0,0.14741461
15.7666,B,mrac.roll.theta_1,0.0022717717
15.7666,B,mrac.roll.theta_2,0.0046647852
15.7666,B,mrac.roll.theta_3,0.0055959844
15.7666,B,mrac.roll.theta_4,0.13709034
15.7666,B,mrac.roll.theta_5,0.14166011
15.7666,B,mrac.roll.u_nom,-0.02638506
15.7666,B,mrac.roll.xm,0.075934336
15.7666,B,mrac.yaw.theta_0,0.00033055316
15.7666,B,mrac.yaw.theta_1,0.0026137859
15.7666,B,mrac.yaw.theta_2,0.003519953
15.7666,B,mrac.yaw.theta_3,0
15.7666,B,mrac.yaw.theta_4,0.039475251
15.7666,B,mrac.yaw.theta_5,0.086108536
15.7666,B,mrac.yaw.u_nom,-0.03957529
15.7666,B,mrac.yaw.xm,-0.081209667
15.7666,B,mrac.z.theta_0,0.015026134
15.7666,B,mrac.z.theta_1,0.0028843537
15.7666,B,mrac.z.theta_2,0.0060353009
15.7666,B,mrac.z.theta_3,0
15.7666,B,mrac.z.theta_4,0.19580303
15.7666,B,mrac.z.theta_5,0.188107
15.7666,B,mrac.z.u_nom,-0.21702711
15.7666,B,mrac.z.xm,-0.084850356
15.7666,B,path.active_path_mode,0
15.7666,B,path.circle_theta,0
15.7666,B,path.sinusoid_t_elapsed,0
15.7666,B,path.twc_arrived,0
15.7666,B,path.twc_target_x,1.4901161e-06
15.7666,B,path.twc_target_y,0
15.7666,B,path.twc_target_z,0.60000002
15.7666,B,pid.gyrox.Des,4.3507152
15.7666,B,pid.gyrox.FB,-0.56926775
15.7666,B,pid.gyrox.U,-30.87052
15.7666,B,pid.gyroy.Des,-5.6425672
15.7666,B,pid.gyroy.FB,10.193751
15.7666,B,pid.gyroy.U,-96.290611
15.7666,B,pid.gyroz.Des,-4.6529694
15.7666,B,pid.gyroz.FB,4.3645978
15.7666,B,pid.gyroz.U,-74.084946
15.7666,B,pid.locx.Des,24.664959
15.7666,B,pid.locx.FB,1.2834567
15.7666,B,pid.locx.U,23.235168
15.7666,B,pid.locxs.Des,-23.6
15.7666,B,pid.locxs.FB,-66.732979
15.7666,B,pid.locxs.U,118.73195
15.7666,B,pid.locy.Des,15.087567
15.7666,B,pid.locy.FB,26.89542
15.7666,B,pid.locy.U,-11.95221
15.7666,B,pid.locys.Des,-11.95221
15.7666,B,pid.locys.FB,9.5765266
15.7666,B,pid.locys.U,-62.208839
15.7666,B,pid.pitch.Des,1.7215965
15.7666,B,pid.pitch.FB,2.3945773
15.7666,B,pid.pitch.U,-5.6425672
15.7666,B,pid.roll.Des,-7.5858369
15.7666,B,pid.roll.FB,-6.6365366
15.7666,B,pid.roll.U,4.3507152
15.7666,B,pid.yaw.Des,40
15.7666,B,pid.yaw.FB,40.442162
15.7666,B,pid.yaw.U,-4.6529694
15.7666,B,pid.z_pos.Des,0.62994766
15.7666,B,pid.z_pos.FB,0.61530781
15.7666,B,pid.z_pos.U,-0.084850356
15.7666,B,pid.z_rate.Des,-0.084850356
15.7666,B,pid.z_rate.FB,0.0029746932
15.7666,B,pid.z_rate.U,-48.180019
15.7666,B,status.vbat,0
15.9829,A,mrac.pitch.e,0.16335545
15.9829,A,mrac.pitch.u_ad,-0.020468259
15.9829,A,mrac.roll.e,-0.06826701
15.9829,A,mrac.roll.u_ad,0.15949571
15.9829,A,mrac.yaw.e,0.18271163
15.9829,A,mrac.yaw.u_ad,-0.0088442229
15.9829,A,mrac.z.e,0.08900746
15.9829,A,mrac.z.u_ad,-0.052507307
15.9829,A,status.arm,1
15.9829,A,status.flymode,1
15.9829,A,status.rc_authority,0
15.9829,A,status.sbus_lost,0
15.9829,A,status.twc_arrived,0
15.9829,A,status.twc_execute,0
15.9829,B,mrac.pitch.theta_0,4.280348e-05
15.9829,B,mrac.pitch.theta_1,0.0032315408
15.9829,B,mrac.pitch.theta_2,0.0018756876
15.9829,B,mrac.pitch.theta_3,0.0062334957
15.9829,B,mrac.pitch.theta_4,0.12324418
15.9829,B,mrac.pitch.theta_5,0.14439127
15.9829,B,mrac.pitch.u_nom,-0.021135038
15.9829,B,mrac.pitch.xm,-0.09592472
15.9829,B,mrac.roll.theta_0,0.14738244
15.9829,B,mrac.roll.theta_1,0.0021819281
15.9829,B,mrac.roll.theta_2,0.0046862359
15.9829,B,mrac.roll.theta_3,0.0055966773
15.9829,B,mrac.roll.theta_4,0.13717568
15.9829,B,mrac.roll.theta_5,0.14163309
15.9829,B,mrac.roll.u_nom,-0.066622064
15.9829,B,mrac.roll.xm,-0.014293491
15.9829,B,mrac.yaw.theta_0,0.00020219527
15.9829,B,mrac.yaw.theta_1,0.0025928966
15.9829,B,mrac.yaw.theta_2,0.0035170871
15.9829,B,mrac.yaw.theta_3,0
15.9829,B,mrac.yaw.theta_4,0.039497029
15.9829,B,mrac.yaw.theta_5,0.086104423
15.9829,B,mrac.yaw.u_nom,-0.026746035
15.9829,B,mrac.yaw.xm,-0.094499379
15.9829,B,mrac.z.theta_0,0.013514515
15.9829,B,mrac.z.theta_1,0.0028352621
15.9829,B,mrac.z.theta_2,0.0060293591
15.9829,B,mrac.z.theta_3,0
15.9829,B,mrac.z.theta_4,0.19580916
15.9829,B,mrac.z.theta_5,0.18809775
15.9829,B,mrac.z.u_nom,-0.23125918
15.9829,B,mrac.z.xm,-0.089958012
15.9829,B,path.active_path_mode,0
15.9829,B,path.circle_theta,0
15.9829,B,path.sinusoid_t_elapsed,0
15.9829,B,path.twc_arrived,0
15.9829,B,path.twc_target_x,1.4901161e-06
15.9829,B,path.twc_target_y,0
15.9829,B,path.twc_target_z,0.60000002
15.9829,B,pid.gyrox.Des,-0.81895638
15.9829,B,pid.gyrox.FB,-4.2496562
15.9829,B,pid.gyrox.U,-77.947815
15.9829,B,pid.gyroy.Des,-5.4960794
15.9829,B,pid.gyroy.FB,4.3183031
15.9829,B,pid.gyroy.U,-24.727995
15.9829,B,pid.gyroz.Des,-5.4144135
15.9829,B,pid.gyroz.FB,0.59242082
15.9829,B,pid.gyroz.U,-50.068577
15.9829,B,pid.locx.Des,24.664959
15.9829,B,pid.locx.FB,-8.6257744
15.9829,B,pid.locx.U,30.50272
15.9829,B,pid.locxs.Des,-13.799999
15.9829,B,pid.locxs.FB,-47.294373
15.9829,B,pid.locxs.U,100.48628
15.9829,B,pid.locy.Des,15.087567
15.9829,B,pid.locy.FB,28.684692
15.9829,B,pid.locy.U,-13.215072
15.9829,B,pid.locys.Des,-13.215072
15.9829,B,pid.locys.FB,6.2643604
15.9829,B,pid.locys.U,-58.675484
15.9829,B,pid.pitch.Des,1.2036283
15.9829,B,pid.pitch.FB,3.3546588
15.9829,B,pid.pitch.U,-5.4960794
15.9829,B,pid.roll.Des,-6.6478019
15.9829,B,pid.roll.FB,-7.4893641
15.9829,B,pid.roll.U,-0.81895638
15.9829,B,pid.yaw.Des,40
15.9829,B,pid.yaw.FB,40.569069
15.9829,B,pid.yaw.U,-5.4144135
15.9829,B,pid.z_pos.Des,0.62994766
15.9829,B,pid.z_pos.FB,0.62355518
15.9829,B,pid.z_pos.U,-0.089958012
15.9829,B,pid.z_rate.Des,-0.089958012
15.9829,B,pid.z_rate.FB,0.005765832
15.9829,B,pid.z_rate.U,-51.339539
15.9829,B,status.vbat,0
16.1836,A,mrac.pitch.e,0.16335545
16.1836,A,mrac.pitch.u_ad,-0.020468259
16.1836,A,mrac.roll.e,-0.06826701
16.1836,A,mrac.roll.u_ad,0.15949571
16.1836,A,mrac.yaw.e,0.18271163
16.1836,A,mrac.yaw.u_ad,-0.0088442229
16.1836,A,mrac.z.e,0.08900746
16.1836,A,mrac.z.u_ad,-0.052507307
16.1836,A,status.arm,1
16.1836,A,status.flymode,1
16.1836,A,status.rc_authority,0
16.1836,A,status.sbus_lost,0
16.1836,A,status.twc_arrived,0
16.1836,A,status.twc_execute,0
16.1837,B,mrac.pitch.theta_0,4.280348e-05
16.1837,B,mrac.pitch.theta_1,0.0032315408
16.1837,B,mrac.pitch.theta_2,0.0018756876
16.1837,B,mrac.pitch.theta_3,0.0062334957
16.1837,B,mrac.pitch.theta_4,0.12324418
16.1837,B,mrac.pitch.theta_5,0.14439127
16.1837,B,mrac.pitch.u_nom,-0.021135038
16.1837,B,mrac.pitch.xm,-0.09592472
16.1837,B,mrac.roll.theta_0,0.14738244
16.1837,B,mrac.roll.theta_1,0.0021819281
16.1837,B,mrac.roll.theta_2,0.0046862359
16.1837,B,mrac.roll.theta_3,0.0055966773
16.1837,B,mrac.roll.theta_4,0.13717568
16.1837,B,mrac.roll.theta_5,0.14163309
16.1837,B,mrac.roll.u_nom,-0.066622064
16.1837,B,mrac.roll.xm,-0.014293491
16.1837,B,mrac.yaw.theta_0,0.00020219527
16.1837,B,mrac.yaw.theta_1,0.0025928966
16.1837,B,mrac.yaw.theta_2,0.0035170871
16.1837,B,mrac.yaw.theta_3,0
16.1837,B,mrac.yaw.theta_4,0.039497029
16.1837,B,mrac.yaw.theta_5,0.086104423
16.1837,B,mrac.yaw.u_nom,-0.026746035
16.1837,B,mrac.yaw.xm,-0.094499379
16.1837,B,mrac.z.theta_0,0.013514515
16.1837,B,mrac.z.theta_1,0.0028352621
16.1837,B,mrac.z.theta_2,0.0060293591
16.1837,B,mrac.z.theta_3,0
16.1837,B,mrac.z.theta_4,0.19580916
16.1837,B,mrac.z.theta_5,0.18809775
16.1837,B,mrac.z.u_nom,-0.23125918
16.1837,B,mrac.z.xm,-0.089958012
16.1837,B,path.active_path_mode,0
16.1837,B,path.circle_theta,0
16.1837,B,path.sinusoid_t_elapsed,0
16.1837,B,path.twc_arrived,0
16.1837,B,path.twc_target_x,1.4901161e-06
16.1837,B,path.twc_target_y,0
16.1837,B,path.twc_target_z,0.60000002
16.1837,B,pid.gyrox.Des,-0.81895638
16.1837,B,pid.gyrox.FB,-4.2496562
16.1837,B,pid.gyrox.U,-77.947815
16.1837,B,pid.gyroy.Des,-5.4960794
16.1837,B,pid.gyroy.FB,4.3183031
16.1837,B,pid.gyroy.U,-24.727995
16.1837,B,pid.gyroz.Des,-5.4144135
16.1837,B,pid.gyroz.FB,0.59242082
16.1837,B,pid.gyroz.U,-50.068577
16.1837,B,pid.locx.Des,24.664959
16.1837,B,pid.locx.FB,-8.6257744
16.1837,B,pid.locx.U,30.50272
16.1837,B,pid.locxs.Des,-13.799999
16.1837,B,pid.locxs.FB,-47.294373
16.1837,B,pid.locxs.U,100.48628
16.1837,B,pid.locy.Des,15.087567
16.1837,B,pid.locy.FB,28.684692
16.1837,B,pid.locy.U,-13.215072
16.1837,B,pid.locys.Des,-13.215072
16.1837,B,pid.locys.FB,6.2643604
16.1837,B,pid.locys.U,-58.675484
16.1837,B,pid.pitch.Des,1.2036283
16.1837,B,pid.pitch.FB,3.3546588
16.1837,B,pid.pitch.U,-5.4960794
16.1837,B,pid.roll.Des,-6.6478019
16.1837,B,pid.roll.FB,-7.4893641
16.1837,B,pid.roll.U,-0.81895638
16.1837,B,pid.yaw.Des,40
16.1837,B,pid.yaw.FB,40.569069
16.1837,B,pid.yaw.U,-5.4144135
16.1837,B,pid.z_pos.Des,0.62994766
16.1837,B,pid.z_pos.FB,0.62355518
16.1837,B,pid.z_pos.U,-0.089958012
16.1837,B,pid.z_rate.Des,-0.089958012
16.1837,B,pid.z_rate.FB,0.005765832
16.1837,B,pid.z_rate.U,-51.339539
16.1837,B,status.vbat,0
16.3999,A,mrac.pitch.e,0.16335545
16.3999,A,mrac.pitch.u_ad,-0.020468259
16.3999,A,mrac.roll.e,-0.06826701
16.3999,A,mrac.roll.u_ad,0.15949571
16.3999,A,mrac.yaw.e,0.18271163
16.3999,A,mrac.yaw.u_ad,-0.0088442229
16.3999,A,mrac.z.e,0.08900746
16.3999,A,mrac.z.u_ad,-0.052507307
16.3999,A,status.arm,1
16.3999,A,status.flymode,1
16.3999,A,status.rc_authority,0
16.3999,A,status.sbus_lost,0
16.3999,A,status.twc_arrived,0
16.3999,A,status.twc_execute,0
16.4000,B,mrac.pitch.theta_0,4.280348e-05
16.4000,B,mrac.pitch.theta_1,0.0032315408
16.4000,B,mrac.pitch.theta_2,0.0018756876
16.4000,B,mrac.pitch.theta_3,0.0062334957
16.4000,B,mrac.pitch.theta_4,0.12324418
16.4000,B,mrac.pitch.theta_5,0.14439127
16.4000,B,mrac.pitch.u_nom,-0.021135038
16.4000,B,mrac.pitch.xm,-0.09592472
16.4000,B,mrac.roll.theta_0,0.14738244
16.4000,B,mrac.roll.theta_1,0.0021819281
16.4000,B,mrac.roll.theta_2,0.0046862359
16.4000,B,mrac.roll.theta_3,0.0055966773
16.4000,B,mrac.roll.theta_4,0.13717568
16.4000,B,mrac.roll.theta_5,0.14163309
16.4000,B,mrac.roll.u_nom,-0.066622064
16.4000,B,mrac.roll.xm,-0.014293491
16.4000,B,mrac.yaw.theta_0,0.00020219527
16.4000,B,mrac.yaw.theta_1,0.0025928966
16.4000,B,mrac.yaw.theta_2,0.0035170871
16.4000,B,mrac.yaw.theta_3,0
16.4000,B,mrac.yaw.theta_4,0.039497029
16.4000,B,mrac.yaw.theta_5,0.086104423
16.4000,B,mrac.yaw.u_nom,-0.026746035
16.4000,B,mrac.yaw.xm,-0.094499379
16.4000,B,mrac.z.theta_0,0.013514515
16.4000,B,mrac.z.theta_1,0.0028352621
16.4000,B,mrac.z.theta_2,0.0060293591
16.4000,B,mrac.z.theta_3,0
16.4000,B,mrac.z.theta_4,0.19580916
16.4000,B,mrac.z.theta_5,0.18809775
16.4000,B,mrac.z.u_nom,-0.23125918
16.4000,B,mrac.z.xm,-0.089958012
16.4000,B,path.active_path_mode,0
16.4000,B,path.circle_theta,0
16.4000,B,path.sinusoid_t_elapsed,0
16.4000,B,path.twc_arrived,0
16.4000,B,path.twc_target_x,1.4901161e-06
16.4000,B,path.twc_target_y,0
16.4000,B,path.twc_target_z,0.60000002
16.4000,B,pid.gyrox.Des,-0.81895638
16.4000,B,pid.gyrox.FB,-4.2496562
16.4000,B,pid.gyrox.U,-77.947815
16.4000,B,pid.gyroy.Des,-5.4960794
16.4000,B,pid.gyroy.FB,4.3183031
16.4000,B,pid.gyroy.U,-24.727995
16.4000,B,pid.gyroz.Des,-5.4144135
16.4000,B,pid.gyroz.FB,0.59242082
16.4000,B,pid.gyroz.U,-50.068577
16.4000,B,pid.locx.Des,24.664959
16.4000,B,pid.locx.FB,-8.6257744
16.4000,B,pid.locx.U,30.50272
16.4000,B,pid.locxs.Des,-13.799999
16.4000,B,pid.locxs.FB,-47.294373
16.4000,B,pid.locxs.U,100.48628
16.4000,B,pid.locy.Des,15.087567
16.4000,B,pid.locy.FB,28.684692
16.4000,B,pid.locy.U,-13.215072
16.4000,B,pid.locys.Des,-13.215072
16.4000,B,pid.locys.FB,6.2643604
16.4000,B,pid.locys.U,-58.675484
16.4000,B,pid.pitch.Des,1.2036283
16.4000,B,pid.pitch.FB,3.3546588
16.4000,B,pid.pitch.U,-5.4960794
16.4000,B,pid.roll.Des,-6.6478019
16.4000,B,pid.roll.FB,-7.4893641
16.4000,B,pid.roll.U,-0.81895638
16.4000,B,pid.yaw.Des,40
16.4000,B,pid.yaw.FB,40.569069
16.4000,B,pid.yaw.U,-5.4144135
16.4000,B,pid.z_pos.Des,0.62994766
16.4000,B,pid.z_pos.FB,0.62355518
16.4000,B,pid.z_pos.U,-0.089958012
16.4000,B,pid.z_rate.Des,-0.089958012
16.4000,B,pid.z_rate.FB,0.005765832
16.4000,B,pid.z_rate.U,-51.339539
16.4000,B,status.vbat,0
16.6169,A,mrac.pitch.e,0.16335545
16.6169,A,mrac.pitch.u_ad,-0.020468259
16.6169,A,mrac.roll.e,-0.06826701
16.6169,A,mrac.roll.u_ad,0.15949571
16.6169,A,mrac.yaw.e,0.18271163
16.6169,A,mrac.yaw.u_ad,-0.0088442229
16.6169,A,mrac.z.e,0.08900746
16.6169,A,mrac.z.u_ad,-0.052507307
16.6169,A,status.arm,1
16.6169,A,status.flymode,1
16.6169,A,status.rc_authority,0
16.6169,A,status.sbus_lost,0
16.6169,A,status.twc_arrived,0
16.6169,A,status.twc_execute,0
16.6170,B,mrac.pitch.theta_0,4.280348e-05
16.6170,B,mrac.pitch.theta_1,0.0032315408
16.6170,B,mrac.pitch.theta_2,0.0018756876
16.6170,B,mrac.pitch.theta_3,0.0062334957
16.6170,B,mrac.pitch.theta_4,0.12324418
16.6170,B,mrac.pitch.theta_5,0.14439127
16.6170,B,mrac.pitch.u_nom,-0.021135038
16.6170,B,mrac.pitch.xm,-0.09592472
16.6170,B,mrac.roll.theta_0,0.14738244
16.6170,B,mrac.roll.theta_1,0.0021819281
16.6170,B,mrac.roll.theta_2,0.0046862359
16.6170,B,mrac.roll.theta_3,0.0055966773
16.6170,B,mrac.roll.theta_4,0.13717568
16.6170,B,mrac.roll.theta_5,0.14163309
16.6170,B,mrac.roll.u_nom,-0.066622064
16.6170,B,mrac.roll.xm,-0.014293491
16.6170,B,mrac.yaw.theta_0,0.00020219527
16.6170,B,mrac.yaw.theta_1,0.0025928966
16.6170,B,mrac.yaw.theta_2,0.0035170871
16.6170,B,mrac.yaw.theta_3,0
16.6170,B,mrac.yaw.theta_4,0.039497029
16.6170,B,mrac.yaw.theta_5,0.086104423
16.6170,B,mrac.yaw.u_nom,-0.026746035
16.6170,B,mrac.yaw.xm,-0.094499379
16.6170,B,mrac.z.theta_0,0.013514515
16.6170,B,mrac.z.theta_1,0.0028352621
16.6170,B,mrac.z.theta_2,0.0060293591
16.6170,B,mrac.z.theta_3,0
16.6170,B,mrac.z.theta_4,0.19580916
16.6170,B,mrac.z.theta_5,0.18809775
16.6170,B,mrac.z.u_nom,-0.23125918
16.6170,B,mrac.z.xm,-0.089958012
16.6170,B,path.active_path_mode,0
16.6170,B,path.circle_theta,0
16.6170,B,path.sinusoid_t_elapsed,0
16.6170,B,path.twc_arrived,0
16.6170,B,path.twc_target_x,1.4901161e-06
16.6170,B,path.twc_target_y,0
16.6170,B,path.twc_target_z,0.60000002
16.6170,B,pid.gyrox.Des,-0.81895638
16.6170,B,pid.gyrox.FB,-4.2496562
16.6170,B,pid.gyrox.U,-77.947815
16.6170,B,pid.gyroy.Des,-5.4960794
16.6170,B,pid.gyroy.FB,4.3183031
16.6170,B,pid.gyroy.U,-24.727995
16.6170,B,pid.gyroz.Des,-5.4144135
16.6170,B,pid.gyroz.FB,0.59242082
16.6170,B,pid.gyroz.U,-50.068577
16.6170,B,pid.locx.Des,24.664959
16.6170,B,pid.locx.FB,-8.6257744
16.6170,B,pid.locx.U,30.50272
16.6170,B,pid.locxs.Des,-13.799999
16.6170,B,pid.locxs.FB,-47.294373
16.6170,B,pid.locxs.U,100.48628
16.6170,B,pid.locy.Des,15.087567
16.6170,B,pid.locy.FB,28.684692
16.6170,B,pid.locy.U,-13.215072
16.6170,B,pid.locys.Des,-13.215072
16.6170,B,pid.locys.FB,6.2643604
16.6170,B,pid.locys.U,-58.675484
16.6170,B,pid.pitch.Des,1.2036283
16.6170,B,pid.pitch.FB,3.3546588
16.6170,B,pid.pitch.U,-5.4960794
16.6170,B,pid.roll.Des,-6.6478019
16.6170,B,pid.roll.FB,-7.4893641
16.6170,B,pid.roll.U,-0.81895638
16.6170,B,pid.yaw.Des,40
16.6170,B,pid.yaw.FB,40.569069
16.6170,B,pid.yaw.U,-5.4144135
16.6170,B,pid.z_pos.Des,0.62994766
16.6170,B,pid.z_pos.FB,0.62355518
16.6170,B,pid.z_pos.U,-0.089958012
16.6170,B,pid.z_rate.Des,-0.089958012
16.6170,B,pid.z_rate.FB,0.005765832
16.6170,B,pid.z_rate.U,-51.339539
16.6170,B,status.vbat,0
16.8334,A,mrac.pitch.e,0.16335545
16.8334,A,mrac.pitch.u_ad,-0.020468259
16.8334,A,mrac.roll.e,-0.06826701
16.8334,A,mrac.roll.u_ad,0.15949571
16.8334,A,mrac.yaw.e,0.18271163
16.8334,A,mrac.yaw.u_ad,-0.0088442229
16.8334,A,mrac.z.e,0.08900746
16.8334,A,mrac.z.u_ad,-0.052507307
16.8334,A,status.arm,1
16.8334,A,status.flymode,1
16.8334,A,status.rc_authority,0
16.8334,A,status.sbus_lost,0
16.8334,A,status.twc_arrived,0
16.8334,A,status.twc_execute,0
16.8334,B,mrac.pitch.theta_0,4.280348e-05
16.8334,B,mrac.pitch.theta_1,0.0032315408
16.8334,B,mrac.pitch.theta_2,0.0018756876
16.8334,B,mrac.pitch.theta_3,0.0062334957
16.8334,B,mrac.pitch.theta_4,0.12324418
16.8334,B,mrac.pitch.theta_5,0.14439127
16.8334,B,mrac.pitch.u_nom,-0.021135038
16.8334,B,mrac.pitch.xm,-0.09592472
16.8334,B,mrac.roll.theta_0,0.14738244
16.8334,B,mrac.roll.theta_1,0.0021819281
16.8334,B,mrac.roll.theta_2,0.0046862359
16.8334,B,mrac.roll.theta_3,0.0055966773
16.8334,B,mrac.roll.theta_4,0.13717568
16.8334,B,mrac.roll.theta_5,0.14163309
16.8334,B,mrac.roll.u_nom,-0.066622064
16.8334,B,mrac.roll.xm,-0.014293491
16.8334,B,mrac.yaw.theta_0,0.00020219527
16.8334,B,mrac.yaw.theta_1,0.0025928966
16.8334,B,mrac.yaw.theta_2,0.0035170871
16.8334,B,mrac.yaw.theta_3,0
16.8334,B,mrac.yaw.theta_4,0.039497029
16.8334,B,mrac.yaw.theta_5,0.086104423
16.8334,B,mrac.yaw.u_nom,-0.026746035
16.8334,B,mrac.yaw.xm,-0.094499379
16.8334,B,mrac.z.theta_0,0.013514515
16.8334,B,mrac.z.theta_1,0.0028352621
16.8334,B,mrac.z.theta_2,0.0060293591
16.8334,B,mrac.z.theta_3,0
16.8334,B,mrac.z.theta_4,0.19580916
16.8334,B,mrac.z.theta_5,0.18809775
16.8334,B,mrac.z.u_nom,-0.23125918
16.8334,B,mrac.z.xm,-0.089958012
16.8334,B,path.active_path_mode,0
16.8334,B,path.circle_theta,0
16.8334,B,path.sinusoid_t_elapsed,0
16.8334,B,path.twc_arrived,0
16.8334,B,path.twc_target_x,1.4901161e-06
16.8334,B,path.twc_target_y,0
16.8334,B,path.twc_target_z,0.60000002
16.8334,B,pid.gyrox.Des,-0.81895638
16.8334,B,pid.gyrox.FB,-4.2496562
16.8334,B,pid.gyrox.U,-77.947815
16.8334,B,pid.gyroy.Des,-5.4960794
16.8334,B,pid.gyroy.FB,4.3183031
16.8334,B,pid.gyroy.U,-24.727995
16.8334,B,pid.gyroz.Des,-5.4144135
16.8334,B,pid.gyroz.FB,0.59242082
16.8334,B,pid.gyroz.U,-50.068577
16.8334,B,pid.locx.Des,24.664959
16.8334,B,pid.locx.FB,-8.6257744
16.8334,B,pid.locx.U,30.50272
16.8334,B,pid.locxs.Des,-13.799999
16.8334,B,pid.locxs.FB,-47.294373
16.8334,B,pid.locxs.U,100.48628
16.8334,B,pid.locy.Des,15.087567
16.8334,B,pid.locy.FB,28.684692
16.8334,B,pid.locy.U,-13.215072
16.8334,B,pid.locys.Des,-13.215072
16.8334,B,pid.locys.FB,6.2643604
16.8334,B,pid.locys.U,-58.675484
16.8334,B,pid.pitch.Des,1.2036283
16.8334,B,pid.pitch.FB,3.3546588
16.8334,B,pid.pitch.U,-5.4960794
16.8334,B,pid.roll.Des,-6.6478019
16.8334,B,pid.roll.FB,-7.4893641
16.8334,B,pid.roll.U,-0.81895638
16.8334,B,pid.yaw.Des,40
16.8334,B,pid.yaw.FB,40.569069
16.8334,B,pid.yaw.U,-5.4144135
16.8334,B,pid.z_pos.Des,0.62994766
16.8334,B,pid.z_pos.FB,0.62355518
16.8334,B,pid.z_pos.U,-0.089958012
16.8334,B,pid.z_rate.Des,-0.089958012
16.8334,B,pid.z_rate.FB,0.005765832
16.8334,B,pid.z_rate.U,-51.339539
16.8334,B,status.vbat,0
17.0334,A,mrac.pitch.e,0.16335545
17.0334,A,mrac.pitch.u_ad,-0.020468259
17.0334,A,mrac.roll.e,-0.06826701
17.0334,A,mrac.roll.u_ad,0.15949571
17.0334,A,mrac.yaw.e,0.18271163
17.0334,A,mrac.yaw.u_ad,-0.0088442229
17.0334,A,mrac.z.e,0.08900746
17.0334,A,mrac.z.u_ad,-0.052507307
17.0334,A,status.arm,1
17.0334,A,status.flymode,1
17.0334,A,status.rc_authority,0
17.0334,A,status.sbus_lost,0
17.0334,A,status.twc_arrived,0
17.0334,A,status.twc_execute,0
17.0335,B,mrac.pitch.theta_0,4.280348e-05
17.0335,B,mrac.pitch.theta_1,0.0032315408
17.0335,B,mrac.pitch.theta_2,0.0018756876
17.0335,B,mrac.pitch.theta_3,0.0062334957
17.0335,B,mrac.pitch.theta_4,0.12324418
17.0335,B,mrac.pitch.theta_5,0.14439127
17.0335,B,mrac.pitch.u_nom,-0.021135038
17.0335,B,mrac.pitch.xm,-0.09592472
17.0335,B,mrac.roll.theta_0,0.14738244
17.0335,B,mrac.roll.theta_1,0.0021819281
17.0335,B,mrac.roll.theta_2,0.0046862359
17.0335,B,mrac.roll.theta_3,0.0055966773
17.0335,B,mrac.roll.theta_4,0.13717568
17.0335,B,mrac.roll.theta_5,0.14163309
17.0335,B,mrac.roll.u_nom,-0.066622064
17.0335,B,mrac.roll.xm,-0.014293491
17.0335,B,mrac.yaw.theta_0,0.00020219527
17.0335,B,mrac.yaw.theta_1,0.0025928966
17.0335,B,mrac.yaw.theta_2,0.0035170871
17.0335,B,mrac.yaw.theta_3,0
17.0335,B,mrac.yaw.theta_4,0.039497029
17.0335,B,mrac.yaw.theta_5,0.086104423
17.0335,B,mrac.yaw.u_nom,-0.026746035
17.0335,B,mrac.yaw.xm,-0.094499379
17.0335,B,mrac.z.theta_0,0.013514515
17.0335,B,mrac.z.theta_1,0.0028352621
17.0335,B,mrac.z.theta_2,0.0060293591
17.0335,B,mrac.z.theta_3,0
17.0335,B,mrac.z.theta_4,0.19580916
17.0335,B,mrac.z.theta_5,0.18809775
17.0335,B,mrac.z.u_nom,-0.23125918
17.0335,B,mrac.z.xm,-0.089958012
17.0335,B,path.active_path_mode,0
17.0335,B,path.circle_theta,0
17.0335,B,path.sinusoid_t_elapsed,0
17.0335,B,path.twc_arrived,0
17.0335,B,path.twc_target_x,1.4901161e-06
17.0335,B,path.twc_target_y,0
17.0335,B,path.twc_target_z,0.60000002
17.0335,B,pid.gyrox.Des,-0.81895638
17.0335,B,pid.gyrox.FB,-4.2496562
17.0335,B,pid.gyrox.U,-77.947815
17.0335,B,pid.gyroy.Des,-5.4960794
17.0335,B,pid.gyroy.FB,4.3183031
17.0335,B,pid.gyroy.U,-24.727995
17.0335,B,pid.gyroz.Des,-5.4144135
17.0335,B,pid.gyroz.FB,0.59242082
17.0335,B,pid.gyroz.U,-50.068577
17.0335,B,pid.locx.Des,24.664959
17.0335,B,pid.locx.FB,-8.6257744
17.0335,B,pid.locx.U,30.50272
17.0335,B,pid.locxs.Des,-13.799999
17.0335,B,pid.locxs.FB,-47.294373
17.0335,B,pid.locxs.U,100.48628
17.0335,B,pid.locy.Des,15.087567
17.0335,B,pid.locy.FB,28.684692
17.0335,B,pid.locy.U,-13.215072
17.0335,B,pid.locys.Des,-13.215072
17.0335,B,pid.locys.FB,6.2643604
17.0335,B,pid.locys.U,-58.675484
17.0335,B,pid.pitch.Des,1.2036283
17.0335,B,pid.pitch.FB,3.3546588
17.0335,B,pid.pitch.U,-5.4960794
17.0335,B,pid.roll.Des,-6.6478019
17.0335,B,pid.roll.FB,-7.4893641
17.0335,B,pid.roll.U,-0.81895638
17.0335,B,pid.yaw.Des,40
17.0335,B,pid.yaw.FB,40.569069
17.0335,B,pid.yaw.U,-5.4144135
17.0335,B,pid.z_pos.Des,0.62994766
17.0335,B,pid.z_pos.FB,0.62355518
17.0335,B,pid.z_pos.U,-0.089958012
17.0335,B,pid.z_rate.Des,-0.089958012
17.0335,B,pid.z_rate.FB,0.005765832
17.0335,B,pid.z_rate.U,-51.339539
17.0335,B,status.vbat,0
17.2340,A,mrac.pitch.e,0.14520387
17.2340,A,mrac.pitch.u_ad,0.028920738
17.2340,A,mrac.roll.e,-0.05934158
17.2340,A,mrac.roll.u_ad,0.20498148
17.2340,A,mrac.yaw.e,0.020271726
17.2340,A,mrac.yaw.u_ad,-0.0030663721
17.2340,A,mrac.z.e,0.13119166
17.2340,A,mrac.z.u_ad,-0.071723573
17.2340,A,status.arm,1
17.2340,A,status.flymode,1
17.2340,A,status.rc_authority,0
17.2340,A,status.sbus_lost,0
17.2340,A,status.twc_arrived,0
17.2340,A,status.twc_execute,0
17.2340,B,mrac.pitch.theta_0,0.003442683
17.2340,B,mrac.pitch.theta_1,0.0047071311
17.2340,B,mrac.pitch.theta_2,0.0018026079
17.2340,B,mrac.pitch.theta_3,0.0062431875
17.2340,B,mrac.pitch.theta_4,0.12391603
17.2340,B,mrac.pitch.theta_5,0.14452678
17.2340,B,mrac.pitch.u_nom,0.13587609
17.2340,B,mrac.pitch.xm,0.45418024
17.2340,B,mrac.roll.theta_0,0.14494781
17.2340,B,mrac.roll.theta_1,0.0026345744
17.2340,B,mrac.roll.theta_2,0.0047472809
17.2340,B,mrac.roll.theta_3,0.0056130015
17.2340,B,mrac.roll.theta_4,0.13785787
17.2340,B,mrac.roll.theta_5,0.14180662
17.2340,B,mrac.roll.u_nom,0.066356592
17.2340,B,mrac.roll.xm,0.63655019
17.2340,B,mrac.yaw.theta_0,0.00042669557
17.2340,B,mrac.yaw.theta_1,0.0025601648
17.2340,B,mrac.yaw.theta_2,0.0035060106
17.2340,B,mrac.yaw.theta_3,0
17.2340,B,mrac.yaw.theta_4,0.039643154
17.2340,B,mrac.yaw.theta_5,0.086121313
17.2340,B,mrac.yaw.u_nom,-0.014925878
17.2340,B,mrac.yaw.xm,-0.03237268
17.2340,B,mrac.z.theta_0,0.0076818313
17.2340,B,mrac.z.theta_1,0.0026535583
17.2340,B,mrac.z.theta_2,0.0060028159
17.2340,B,mrac.z.theta_3,0
17.2340,B,mrac.z.theta_4,0.1958115
17.2340,B,mrac.z.theta_5,0.18804967
17.2340,B,mrac.z.u_nom,-0.29748067
17.2340,B,mrac.z.xm,-0.11246088
17.2340,B,path.active_path_mode,0
17.2340,B,path.circle_theta,0
17.2340,B,path.sinusoid_t_elapsed,0
17.2340,B,path.twc_arrived,0
17.2340,B,path.twc_target_x,1.4901161e-06
17.2340,B,path.twc_target_y,0
17.2340,B,path.twc_target_z,0.60000002
17.2340,B,pid.gyrox.Des,36.471622
17.2340,B,pid.gyrox.FB,25.194012
17.2340,B,pid.gyrox.U,77.637215
17.2340,B,pid.gyroy.Des,26.0226
17.2340,B,pid.gyroy.FB,13.960758
17.2340,B,pid.gyroy.U,158.97502
17.2340,B,pid.gyroz.Des,-1.8548172
17.2340,B,pid.gyroz.FB,1.3860819
17.2340,B,pid.gyroz.U,-27.941244
17.2340,B,pid.locx.Des,3.2287693
17.2340,B,pid.locx.FB,7.9379854
17.2340,B,pid.locx.U,-6.1430483
17.2340,B,pid.locxs.Des,-6.1430483
17.2340,B,pid.locxs.FB,20.496735
17.2340,B,pid.locxs.U,-81.984657
17.2340,B,pid.locy.Des,15.087567
17.2340,B,pid.locy.FB,20.174025
17.2340,B,pid.locy.U,-4.6660132
17.2340,B,pid.locys.Des,-21.1
17.2340,B,pid.locys.FB,-39.368565
17.2340,B,pid.locys.U,105.24632
17.2340,B,pid.pitch.Des,1.6338261
17.2340,B,pid.pitch.FB,-3.7070403
17.2340,B,pid.pitch.U,26.0226
17.2340,B,pid.roll.Des,7.5610719
17.2340,B,pid.roll.FB,-1.2628028
17.2340,B,pid.roll.U,36.471622
17.2340,B,pid.yaw.Des,40
17.2340,B,pid.yaw.FB,39.976307
17.2340,B,pid.yaw.U,-1.8548172
17.2340,B,pid.z_pos.Des,0.62994766
17.2340,B,pid.z_pos.FB,0.64848244
17.2340,B,pid.z_pos.U,-0.11246088
17.2340,B,pid.z_rate.Des,-0.11246088
17.2340,B,pid.z_rate.FB,0.020015894
17.2340,B,pid.z_rate.U,-66.04071
17.2340,B,status.vbat,0
17.4360,A,mrac.pitch.e,0.10370249
17.4360,A,mrac.pitch.u_ad,0.011871583
17.4360,A,mrac.roll.e,-0.06925717
17.4360,A,mrac.roll.u_ad,0.19343442
17.4360,A,mrac.yaw.e,0.04923328
17.4360,A,mrac.yaw.u_ad,-0.0033807226
17.4360,A,mrac.z.e,0.10948602
17.4360,A,mrac.z.u_ad,-0.066795759
17.4360,A,status.arm,1
17.4360,A,status.flymode,1
17.4360,A,status.rc_authority,0
17.4360,A,status.sbus_lost,0
17.4360,A,status.twc_arrived,0
17.4360,A,status.twc_execute,0
17.4363,B,mrac.pitch.theta_0,0.0020363296
17.4363,B,mrac.pitch.theta_1,0.0040212129
17.4363,B,mrac.pitch.theta_2,0.0017336013
17.4363,B,mrac.pitch.theta_3,0.0062419642
17.4363,B,mrac.pitch.theta_4,0.12404351
17.4363,B,mrac.pitch.theta_5,0.14420789
17.4363,B,mrac.pitch.u_nom,-0.079102099
17.4363,B,mrac.pitch.xm,0.13242039
17.4363,B,mrac.roll.theta_0,0.14501606
17.4363,B,mrac.roll.theta_1,0.0029750944
17.4363,B,mrac.roll.theta_2,0.0047634896
17.4363,B,mrac.roll.theta_3,0.0056127505
17.4363,B,mrac.roll.theta_4,0.13792114
17.4363,B,mrac.roll.theta_5,0.14185444
17.4363,B,mrac.roll.u_nom,0.12894559
17.4363,B,mrac.roll.xm,0.35645968
17.4363,B,mrac.yaw.theta_0,0.00036623023
17.4363,B,mrac.yaw.theta_1,0.0025551447
17.4363,B,mrac.yaw.theta_2,0.0035055487
17.4363,B,mrac.yaw.theta_3,0
17.4363,B,mrac.yaw.theta_4,0.039643999
17.4363,B,mrac.yaw.theta_5,0.086113915
17.4363,B,mrac.yaw.u_nom,-0.022278639
17.4363,B,mrac.yaw.xm,-0.03747889
17.4363,B,mrac.z.theta_0,0.0069500976
17.4363,B,mrac.z.theta_1,0.0026429761
17.4363,B,mrac.z.theta_2,0.0060017058
17.4363,B,mrac.z.theta_3,0
17.4363,B,mrac.z.theta_4,0.19580519
17.4363,B,mrac.z.theta_5,0.18805343
17.4363,B,mrac.z.u_nom,-0.26716724
17.4363,B,mrac.z.xm,-0.11491862
17.4363,B,path.active_path_mode,0
17.4363,B,path.circle_theta,0
17.4363,B,path.sinusoid_t_elapsed,0
17.4363,B,path.twc_arrived,0
17.4363,B,path.twc_target_x,1.4901161e-06
17.4363,B,path.twc_target_y,0
17.4363,B,path.twc_target_z,0.60000002
17.4363,B,pid.gyrox.Des,20.423626
17.4363,B,pid.gyrox.FB,11.235318
17.4363,B,pid.gyrox.U,150.86633
17.4363,B,pid.gyroy.Des,7.5871267
17.4363,B,pid.gyroy.FB,22.734034
17.4363,B,pid.gyroy.U,-92.549454
17.4363,B,pid.gyroz.Des,-2.1473813
17.4363,B,pid.gyroz.FB,2.8127456
17.4363,B,pid.gyroz.U,-41.705612
17.4363,B,pid.locx.Des,3.2287693
17.4363,B,pid.locx.FB,10.928091
17.4363,B,pid.locx.U,-8.7447624
17.4363,B,pid.locxs.Des,-8.7447624
17.4363,B,pid.locxs.FB,14.301352
17.4363,B,pid.locxs.U,-70.175774
17.4363,B,pid.locy.Des,17.961948
17.4363,B,pid.locy.FB,13.832382
17.4363,B,pid.locy.U,2.956126
17.4363,B,pid.locys.Des,2.956126
17.4363,B,pid.locys.FB,-42.0532
17.4363,B,pid.locys.U,141.43591
17.4363,B,pid.pitch.Des,3.6837096
17.4363,B,pid.pitch.FB,0.82806516
17.4363,B,pid.pitch.U,7.5871267
17.4363,B,pid.roll.Des,8.3931637
17.4363,B,pid.roll.FB,1.3679246
17.4363,B,pid.roll.U,20.423626
17.4363,B,pid.yaw.Des,40
17.4363,B,pid.yaw.FB,40.033035
17.4363,B,pid.yaw.U,-2.1473813
17.4363,B,pid.z_pos.Des,0.62994766
17.4363,B,pid.z_pos.FB,0.64974689
17.4363,B,pid.z_pos.U,-0.11491862
17.4363,B,pid.z_rate.Des,-0.11491862
17.4363,B,pid.z_rate.FB,0.0007342021
17.4363,B,pid.z_rate.U,-59.311127
17.4363,B,status.vbat,0
17.6504,A,mrac.pitch.e,0.0034119785
17.6504,A,mrac.pitch.u_ad,0.039966337
17.6504,A,mrac.roll.e,-0.21076846
17.6504,A,mrac.roll.u_ad,0.22179691
17.6504,A,mrac.yaw.e,0.051981971
17.6504,A,mrac.yaw.u_ad,-0.0061854487
17.6504,A,mrac.z.e,0.10380863
17.6504,A,mrac.z.u_ad,-0.065060578
17.6504,A,status.arm,1
17.6504,A,status.flymode,1
17.6504,A,status.rc_authority,0
17.6504,A,status.sbus_lost,0
17.6504,A,status.twc_arrived,0
17.6504,A,status.twc_execute,0
17.6504,B,mrac.pitch.theta_0,0.0040982421
17.6504,B,mrac.pitch.theta_1,0.0037382394
17.6504,B,mrac.pitch.theta_2,0.0017140177
17.6504,B,mrac.pitch.theta_3,0.006239804
17.6504,B,mrac.pitch.theta_4,0.12416856
17.6504,B,mrac.pitch.theta_5,0.14411521
17.6504,B,mrac.pitch.u_nom,0.066516452
17.6504,B,mrac.pitch.xm,0.11492994
17.6504,B,mrac.roll.theta_0,0.14651041
17.6504,B,mrac.roll.theta_1,0.0032594008
17.6504,B,mrac.roll.theta_2,0.0047706584
17.6504,B,mrac.roll.theta_3,0.0056137484
17.6504,B,mrac.roll.theta_4,0.13805315
17.6504,B,mrac.roll.theta_5,0.14194161
17.6504,B,mrac.roll.u_nom,-0.0019735352
17.6504,B,mrac.roll.xm,0.38392758
17.6504,B,mrac.yaw.theta_0,0.00024988916
17.6504,B,mrac.yaw.theta_1,0.0025444767
17.6504,B,mrac.yaw.theta_2,0.0035044707
17.6504,B,mrac.yaw.theta_3,0
17.6504,B,mrac.yaw.theta_4,0.039650921
17.6504,B,mrac.yaw.theta_5,0.086102545
17.6504,B,mrac.yaw.u_nom,-0.026429597
17.6504,B,mrac.yaw.xm,-0.068438075
17.6504,B,mrac.z.theta_0,0.0060798652
17.6504,B,mrac.z.theta_1,0.0026773154
17.6504,B,mrac.z.theta_2,0.0060001775
17.6504,B,mrac.z.theta_3,0
17.6504,B,mrac.z.theta_4,0.19577669
17.6504,B,mrac.z.theta_5,0.18804811
17.6504,B,mrac.z.u_nom,-0.25174162
17.6504,B,mrac.z.xm,-0.11595532
17.6504,B,path.active_path_mode,0
17.6504,B,path.circle_theta,0
17.6504,B,path.sinusoid_t_elapsed,0
17.6504,B,path.twc_arrived,0
17.6504,B,path.twc_target_x,1.4901161e-06
17.6504,B,path.twc_target_y,0
17.6504,B,path.twc_target_z,0.60000002
17.6504,B,pid.gyrox.Des,21.997421
17.6504,B,pid.gyrox.FB,19.854862
17.6504,B,pid.gyrox.U,-2.3090363
17.6504,B,pid.gyroy.Des,6.5849981
17.6504,B,pid.gyroy.FB,10.759743
17.6504,B,pid.gyroy.U,77.824249
17.6504,B,pid.gyroz.Des,-3.9212112
17.6504,B,pid.gyroz.FB,2.0103283
17.6504,B,pid.gyroz.U,-49.476208
17.6504,B,pid.locx.Des,3.2287693
17.6504,B,pid.locx.FB,14.61023
17.6504,B,pid.locx.U,-11.601088
17.6504,B,pid.locxs.Des,-11.601088
17.6504,B,pid.locxs.FB,11.712608
17.6504,B,pid.locxs.U,-73.888474
17.6504,B,pid.locy.Des,17.961948
17.6504,B,pid.locy.FB,6.0781846
17.6504,B,pid.locy.U,10.572636
17.6504,B,pid.locys.Des,47.5
17.6504,B,pid.locys.FB,-21.744305
17.6504,B,pid.locys.U,194.71275
17.6504,B,pid.pitch.Des,5.8513951
17.6504,B,pid.pitch.FB,3.5044296
17.6504,B,pid.pitch.U,6.5849981
17.6504,B,pid.roll.Des,10.512979
17.6504,B,pid.roll.FB,3.0832367
17.6504,B,pid.roll.U,21.997421
17.6504,B,pid.yaw.Des,40
17.6504,B,pid.yaw.FB,40.320202
17.6504,B,pid.yaw.U,-3.9212112
17.6504,B,pid.z_pos.Des,0.62994766
17.6504,B,pid.z_pos.FB,0.64784539
17.6504,B,pid.z_pos.U,-0.11595532
17.6504,B,pid.z_rate.Des,-0.11595532
17.6504,B,pid.z_rate.FB,-0.0088637108
17.6504,B,pid.z_rate.U,-55.886642
17.6504,B,status.vbat,0
17.8530,A,mrac.pitch.e,-0.068745591
17.8530,A,mrac.pitch.u_ad,0.0091275973
17.8530,A,mrac.roll.e,-0.27383086
17.8530,A,mrac.roll.u_ad,0.1891441
17.8530,A,mrac.yaw.e,0.017160587
17.8530,A,mrac.yaw.u_ad,-0.0060142116
17.8530,A,mrac.z.e,0.15151596
17.8530,A,mrac.z.u_ad,-0.083807684
17.8530,A,status.arm,1
17.8530,A,status.flymode,1
17.8530,A,status.rc_authority,0
17.8530,A,status.sbus_lost,0
17.8530,A,status.twc_arrived,0
17.8530,A,status.twc_execute,0
17.8531,B,mrac.pitch.theta_0,0.002886445
17.8531,B,mrac.pitch.theta_1,0.0032869636
17.8531,B,mrac.pitch.theta_2,0.0016615988
17.8531,B,mrac.pitch.theta_3,0.0062436336
17.8531,B,mrac.pitch.theta_4,0.12428935
17.8531,B,mrac.pitch.theta_5,0.14385776
17.8531,B,mrac.pitch.u_nom,-0.11756364
17.8531,B,mrac.pitch.xm,0.070297405
17.8531,B,mrac.roll.theta_0,0.14370364
17.8531,B,mrac.roll.theta_1,0.0034859995
17.8531,B,mrac.roll.theta_2,0.004769804
17.8531,B,mrac.roll.theta_3,0.0056123007
17.8531,B,mrac.roll.theta_4,0.13811094
17.8531,B,mrac.roll.theta_5,0.14191736
17.8531,B,mrac.roll.u_nom,0.1707266
17.8531,B,mrac.roll.xm,0.32863089
17.8531,B,mrac.yaw.theta_0,0.00020120067
17.8531,B,mrac.yaw.theta_1,0.0025458892
17.8531,B,mrac.yaw.theta_2,0.003504111
17.8531,B,mrac.yaw.theta_3,0
17.8531,B,mrac.yaw.theta_4,0.039653093
17.8531,B,mrac.yaw.theta_5,0.08609663
17.8531,B,mrac.yaw.u_nom,0.0078036371
17.8531,B,mrac.yaw.xm,-0.072377294
17.8531,B,mrac.z.theta_0,0.0055562695
17.8531,B,mrac.z.theta_1,0.0027272098
17.8531,B,mrac.z.theta_2,0.0059964485
17.8531,B,mrac.z.theta_3,0
17.8531,B,mrac.z.theta_4,0.19576678
17.8531,B,mrac.z.theta_5,0.18804435
17.8531,B,mrac.z.u_nom,-0.40110323
17.8531,B,mrac.z.xm,-0.11970391
17.8531,B,path.active_path_mode,0
17.8531,B,path.circle_theta,0
17.8531,B,path.sinusoid_t_elapsed,0
17.8531,B,path.twc_arrived,0
17.8531,B,path.twc_target_x,1.4901161e-06
17.8531,B,path.twc_target_y,0
17.8531,B,path.twc_target_z,0.60000002
17.8531,B,pid.gyrox.Des,18.829155
17.8531,B,pid.gyrox.FB,-0.13411205
17.8531,B,pid.gyrox.U,199.75012
17.8531,B,pid.gyroy.Des,4.0277429
17.8531,B,pid.gyroy.FB,11.276835
17.8531,B,pid.gyroy.U,-137.54945
17.8531,B,pid.gyroz.Des,-4.1469116
17.8531,B,pid.gyroz.FB,-6.2212772
17.8531,B,pid.gyroz.U,14.608409
17.8531,B,pid.locx.Des,3.2287693
17.8531,B,pid.locx.FB,16.810219
17.8531,B,pid.locx.U,-13.306712
17.8531,B,pid.locxs.Des,-13.306712
17.8531,B,pid.locxs.FB,10.857949
17.8531,B,pid.locxs.U,-73.09079
17.8531,B,pid.locy.Des,17.961948
17.8531,B,pid.locy.FB,4.0415168
17.8531,B,pid.locy.U,13.228536
17.8531,B,pid.locys.Des,82.400002
17.8531,B,pid.locys.FB,-2.665509
17.8531,B,pid.locys.U,256.36536
17.8531,B,pid.pitch.Des,8.5337334
17.8531,B,pid.pitch.FB,7.0632253
17.8531,B,pid.pitch.U,4.0277429
17.8531,B,pid.roll.Des,12.645673
17.8531,B,pid.roll.FB,6.2231998
17.8531,B,pid.roll.U,18.829155
17.8531,B,pid.yaw.Des,40
17.8531,B,pid.yaw.FB,40.357819
17.8531,B,pid.yaw.U,-4.1469116
17.8531,B,pid.z_pos.Des,0.62994766
17.8531,B,pid.z_pos.FB,0.65113151
17.8531,B,pid.z_pos.U,-0.11970391
17.8531,B,pid.z_rate.Des,-0.11970391
17.8531,B,pid.z_rate.FB,0.070283376
17.8531,B,pid.z_rate.U,-89.044914
17.8531,B,status.vbat,0
18.0681,A,mrac.pitch.e,0.30766869
18.0681,A,mrac.pitch.u_ad,-0.038168464
18.0681,A,mrac.roll.e,-0.062836602
18.0681,A,mrac.roll.u_ad,0.15466723
18.0681,A,mrac.yaw.e,0.046972834
18.0681,A,mrac.yaw.u_ad,-0.0033278246
18.0681,A,mrac.z.e,0.081063606
18.0681,A,mrac.z.u_ad,-0.070738129
18.0681,A,status.arm,1
18.0681,A,status.flymode,1
18.0681,A,status.rc_authority,0
18.0681,A,status.sbus_lost,0
18.0681,A,status.twc_arrived,0
18.0681,A,status.twc_execute,0
18.0681,B,mrac.pitch.theta_0,0.0039154217
18.0681,B,mrac.pitch.theta_1,0.0031895607
18.0681,B,mrac.pitch.theta_2,0.0016543507
18.0681,B,mrac.pitch.theta_3,0.006243323
18.0681,B,mrac.pitch.theta_4,0.12445762
18.0681,B,mrac.pitch.theta_5,0.14386305
18.0681,B,mrac.pitch.u_nom,0.069819301
18.0681,B,mrac.pitch.xm,-0.29584333
18.0681,B,mrac.roll.theta_0,0.14338937
18.0681,B,mrac.roll.theta_1,0.0035618728
18.0681,B,mrac.roll.theta_2,0.0047711018
18.0681,B,mrac.roll.theta_3,0.005611897
18.0681,B,mrac.roll.theta_4,0.13823101
18.0681,B,mrac.roll.theta_5,0.14196342
18.0681,B,mrac.roll.u_nom,0.12801953
18.0681,B,mrac.roll.xm,0.026225774
18.0681,B,mrac.yaw.theta_0,0.00017628352
18.0681,B,mrac.yaw.theta_1,0.0025433742
18.0681,B,mrac.yaw.theta_2,0.0035038614
18.0681,B,mrac.yaw.theta_3,0
18.0681,B,mrac.yaw.theta_4,0.039654188
18.0681,B,mrac.yaw.theta_5,0.08609166
18.0681,B,mrac.yaw.u_nom,-0.0027119562
18.0681,B,mrac.yaw.xm,-0.031450093
18.0681,B,mrac.z.theta_0,0.0047120871
18.0681,B,mrac.z.theta_1,0.0026766218
18.0681,B,mrac.z.theta_2,0.005989443
18.0681,B,mrac.z.theta_3,0
18.0681,B,mrac.z.theta_4,0.19580294
18.0681,B,mrac.z.theta_5,0.18807524
18.0681,B,mrac.z.u_nom,-0.15224232
18.0681,B,mrac.z.xm,-0.12291107
18.0681,B,path.active_path_mode,0
18.0681,B,path.circle_theta,0
18.0681,B,path.sinusoid_t_elapsed,0
18.0681,B,path.twc_arrived,0
18.0681,B,path.twc_target_x,1.4901161e-06
18.0681,B,path.twc_target_y,0
18.0681,B,path.twc_target_z,0.60000002
18.0681,B,pid.gyrox.Des,1.5026255
18.0681,B,pid.gyrox.FB,-7.4734435
18.0681,B,pid.gyrox.U,149.78285
18.0681,B,pid.gyroy.Des,-16.950567
18.0681,B,pid.gyroy.FB,-13.549364
18.0681,B,pid.gyroy.U,81.688583
18.0681,B,pid.gyroz.Des,-1.8019568
18.0681,B,pid.gyroz.FB,-1.4101037
18.0681,B,pid.gyroz.U,-5.0767817
18.0681,B,pid.locx.Des,3.2287693
18.0681,B,pid.locx.FB,19.595692
18.0681,B,pid.locx.U,-15.488616
18.0681,B,pid.locxs.Des,-15.488616
18.0681,B,pid.locxs.FB,8.4609928
18.0681,B,pid.locxs.U,-73.866623
18.0681,B,pid.locy.Des,17.961948
18.0681,B,pid.locy.FB,9.8911715
18.0681,B,pid.locy.U,6.8460703
18.0681,B,pid.locys.Des,86.799995
18.0681,B,pid.locys.FB,49.014404
18.0681,B,pid.locys.U,83.385246
18.0681,B,pid.pitch.Des,0.95627487
18.0681,B,pid.pitch.FB,6.8096719
18.0681,B,pid.pitch.U,-16.950567
18.0681,B,pid.roll.Des,6.3652916
18.0681,B,pid.roll.FB,5.9851503
18.0681,B,pid.roll.U,1.5026255
18.0681,B,pid.yaw.Des,40
18.0681,B,pid.yaw.FB,39.967575
18.0681,B,pid.yaw.U,-1.8019568
18.0681,B,pid.z_pos.Des,0.62994766
18.0681,B,pid.z_pos.FB,0.65177172
18.0681,B,pid.z_pos.U,-0.12291107
18.0681,B,pid.z_rate.Des,-0.12291107
18.0681,B,pid.z_rate.FB,-0.071041577
18.0681,B,pid.z_rate.U,-33.797794
18.0681,B,status.vbat,0
18.2838,A,mrac.pitch.e,0.018703699
18.2838,A,mrac.pitch.u_ad,-0.081324704
18.2838,A,mrac.roll.e,-0.28329372
18.2838,A,mrac.roll.u_ad,0.12413567
18.2838,A,mrac.yaw.e,-0.037248895
18.2838,A,mrac.yaw.u_ad,0.0049942853
18.2838,A,mrac.z.e,-0.072499312
18.2838,A,mrac.z.u_ad,-0.056345746
18.2838,A,status.arm,1
18.2838,A,status.flymode,1
18.2838,A,status.rc_authority,0
18.2838,A,status.sbus_lost,0
18.2838,A,status.twc_arrived,0
18.2838,A,status.twc_execute,0
18.2838,B,mrac.pitch.theta_0,0.0029458713
18.2838,B,mrac.pitch.theta_1,0.0035351203
18.2838,B,mrac.pitch.theta_2,0.0016515595
18.2838,B,mrac.pitch.theta_3,0.0062420364
18.2838,B,mrac.pitch.theta_4,0.12454271
18.2838,B,mrac.pitch.theta_5,0.1439154
18.2838,B,mrac.pitch.u_nom,-0.19776504
18.2838,B,mrac.pitch.xm,-0.64538449
18.2838,B,mrac.roll.theta_0,0.1449711
18.2838,B,mrac.roll.theta_1,0.0034340916
18.2838,B,mrac.roll.theta_2,0.0047896728
18.2838,B,mrac.roll.theta_3,0.0056147645
18.2838,B,mrac.roll.theta_4,0.13831347
18.2838,B,mrac.roll.theta_5,0.14194207
18.2838,B,mrac.roll.u_nom,-0.11227639
18.2838,B,mrac.roll.xm,-0.24130481
18.2838,B,mrac.yaw.theta_0,0.0018744718
18.2838,B,mrac.yaw.theta_1,0.002538655
18.2838,B,mrac.yaw.theta_2,0.0035041017
18.2838,B,mrac.yaw.theta_3,0
18.2838,B,mrac.yaw.theta_4,0.03965383
18.2838,B,mrac.yaw.theta_5,0.086084738
18.2838,B,mrac.yaw.u_nom,0.017869513
18.2838,B,mrac.yaw.xm,0.021253316
18.2838,B,mrac.z.theta_0,0.0046351333
18.2838,B,mrac.z.theta_1,0.0026968359
18.2838,B,mrac.z.theta_2,0.0059888945
18.2838,B,mrac.z.theta_3,0
18.2838,B,mrac.z.theta_4,0.19579433
18.2838,B,mrac.z.theta_5,0.18807551
18.2838,B,mrac.z.u_nom,-0.14391327
18.2838,B,mrac.z.xm,-0.12109292
18.2838,B,path.active_path_mode,0
18.2838,B,path.circle_theta,0
18.2838,B,path.sinusoid_t_elapsed,0
18.2838,B,path.twc_arrived,0
18.2838,B,path.twc_target_x,1.4901161e-06
18.2838,B,path.twc_target_y,0
18.2838,B,path.twc_target_z,0.60000002
18.2838,B,pid.gyrox.Des,-13.825742
18.2838,B,pid.gyrox.FB,-6.5692639
18.2838,B,pid.gyrox.U,-131.36337
18.2838,B,pid.gyroy.Des,-36.977791
18.2838,B,pid.gyroy.FB,-10.960949
18.2838,B,pid.gyroy.U,-231.3851
18.2838,B,pid.gyroz.Des,1.2177248
18.2838,B,pid.gyroz.FB,-3.1990383
18.2838,B,pid.gyroz.U,33.451729
18.2838,B,pid.locx.Des,3.2287693
18.2838,B,pid.locx.FB,21.140141
18.2838,B,pid.locx.U,-16.63747
18.2838,B,pid.locxs.Des,-16.63747
18.2838,B,pid.locxs.FB,5.3866386
18.2838,B,pid.locxs.U,-66.209976
18.2838,B,pid.locy.Des,17.961948
18.2838,B,pid.locy.FB,20.220867
18.2838,B,pid.locy.U,-2.8657866
18.2838,B,pid.locys.Des,70.800003
18.2838,B,pid.locys.FB,77.233307
18.2838,B,pid.locys.U,-47.513443
18.2838,B,pid.pitch.Des,-4.5835428
18.2838,B,pid.pitch.FB,4.7812929
18.2838,B,pid.pitch.U,-36.977791
18.2838,B,pid.roll.Des,1.2125531
18.2838,B,pid.roll.FB,3.7460489
18.2838,B,pid.roll.U,-13.825742
18.2838,B,pid.yaw.Des,40
18.2838,B,pid.yaw.FB,39.52734
18.2838,B,pid.yaw.U,1.2177248
18.2838,B,pid.z_pos.Des,0.62994766
18.2838,B,pid.z_pos.FB,0.64635414
18.2838,B,pid.z_pos.U,-0.12109292
18.2838,B,pid.z_rate.Des,-0.12109292
18.2838,B,pid.z_rate.FB,-0.073843136
18.2838,B,pid.z_rate.U,-31.948746
18.2838,B,status.vbat,0
18.4843,A,mrac.pitch.e,0.1624597
18.4843,A,mrac.pitch.u_ad,-0.094352134
18.4843,A,mrac.roll.e,-0.16058192
18.4843,A,mrac.roll.u_ad,0.099308349
18.4843,A,mrac.yaw.e,0.03372322
18.4843,A,mrac.yaw.u_ad,0.0086493846
18.4843,A,mrac.z.e,0.050356425
18.4843,A,mrac.z.u_ad,-0.023650691
18.4843,A,status.arm,1
18.4843,A,status.flymode,1
18.4843,A,status.rc_authority,0
18.4843,A,status.sbus_lost,0
18.4843,A,status.twc_arrived,0
18.4843,A,status.twc_execute,0
18.4844,B,mrac.pitch.theta_0,0.0040067914
18.4844,B,mrac.pitch.theta_1,0.0045183054
18.4844,B,mrac.pitch.theta_2,0.0016422012
18.4844,B,mrac.pitch.theta_3,0.006243662
18.4844,B,mrac.pitch.theta_4,0.1246271
18.4844,B,mrac.pitch.theta_5,0.14399861
18.4844,B,mrac.pitch.u_nom,-0.075267993
18.4844,B,mrac.pitch.xm,-0.64981329
18.4844,B,mrac.roll.theta_0,0.1437666
18.4844,B,mrac.roll.theta_1,0.0032222427
18.4844,B,mrac.roll.theta_2,0.0048952079
18.4844,B,mrac.roll.theta_3,0.0056115598
18.4844,B,mrac.roll.theta_4,0.1384642
18.4844,B,mrac.roll.theta_5,0.14174111
18.4844,B,mrac.roll.u_nom,0.12527628
18.4844,B,mrac.roll.xm,-0.34143144
18.4844,B,mrac.yaw.theta_0,0.0052731675
18.4844,B,mrac.yaw.theta_1,0.0025330214
18.4844,B,mrac.yaw.theta_2,0.0035041803
18.4844,B,mrac.yaw.theta_3,0
18.4844,B,mrac.yaw.theta_4,0.039654732
18.4844,B,mrac.yaw.theta_5,0.086076535
18.4844,B,mrac.yaw.u_nom,0.0089516137
18.4844,B,mrac.yaw.xm,0.040607493
18.4844,B,mrac.z.theta_0,0.010200693
18.4844,B,mrac.z.theta_1,0.0026911094
18.4844,B,mrac.z.theta_2,0.006002035
18.4844,B,mrac.z.theta_3,0
18.4844,B,mrac.z.theta_4,0.19576684
18.4844,B,mrac.z.theta_5,0.18798713
18.4844,B,mrac.z.u_nom,-0.12956709
18.4844,B,mrac.z.xm,-0.10229801
18.4844,B,path.active_path_mode,0
18.4844,B,path.circle_theta,0
18.4844,B,path.sinusoid_t_elapsed,0
18.4844,B,path.twc_arrived,0
18.4844,B,path.twc_target_x,1.4901161e-06
18.4844,B,path.twc_target_y,0
18.4844,B,path.twc_target_z,0.60000002
18.4844,B,pid.gyrox.Des,-19.562572
18.4844,B,pid.gyrox.FB,-27.897362
18.4844,B,pid.gyrox.U,146.57324
18.4844,B,pid.gyroy.Des,-37.231544
18.4844,B,pid.gyroy.FB,-23.097387
18.4844,B,pid.gyroy.U,-88.063553
18.4844,B,pid.gyroz.Des,2.326637
18.4844,B,pid.gyroz.FB,-0
18.4844,B,pid.gyroz.U,16.757421
18.4844,B,pid.locx.Des,3.2287693
18.4844,B,pid.locx.FB,23.269819
18.4844,B,pid.locx.U,-18.361858
18.4844,B,pid.locxs.Des,-18.361858
18.4844,B,pid.locxs.FB,3.8692245
18.4844,B,pid.locxs.U,-67.162552
18.4844,B,pid.locy.Des,38.051079
18.4844,B,pid.locy.FB,43.006393
18.4844,B,pid.locy.U,-8.1876354
18.4844,B,pid.locys.Des,-8.1876354
18.4844,B,pid.locys.FB,100.52875
18.4844,B,pid.locys.U,-331.2207
18.4844,B,pid.pitch.Des,-15
18.4844,B,pid.pitch.FB,-2.3335967
18.4844,B,pid.pitch.U,-37.231544
18.4844,B,pid.roll.Des,-9.2027159
18.4844,B,pid.roll.FB,-1.8401526
18.4844,B,pid.roll.U,-19.562572
18.4844,B,pid.yaw.Des,40
18.4844,B,pid.yaw.FB,39.529705
18.4844,B,pid.yaw.U,2.326637
18.4844,B,pid.z_pos.Des,0.62994766
18.4844,B,pid.z_pos.FB,0.61916637
18.4844,B,pid.z_pos.U,-0.10229801
18.4844,B,pid.z_rate.Des,-0.10229801
18.4844,B,pid.z_rate.FB,-0.062656581
18.4844,B,pid.z_rate.U,-28.763893
18.4844,B,status.vbat,0
18.7014,A,mrac.pitch.e,0.21681447
18.7014,A,mrac.pitch.u_ad,-0.065267757
18.7014,A,mrac.roll.e,-0.26647824
18.7014,A,mrac.roll.u_ad,0.13640384
18.7014,A,mrac.yaw.e,0.1632885
18.7014,A,mrac.yaw.u_ad,-7.583508e-05
18.7014,A,mrac.z.e,0.13787343
18.7014,A,mrac.z.u_ad,-0.086089499
18.7014,A,status.arm,1
18.7014,A,status.flymode,1
18.7014,A,status.rc_authority,0
18.7014,A,status.sbus_lost,0
18.7014,A,status.twc_arrived,0
18.7014,A,status.twc_execute,0
18.7014,B,mrac.pitch.theta_0,0.0028711176
18.7014,B,mrac.pitch.theta_1,0.0050450936
18.7014,B,mrac.pitch.theta_2,0.001625343
18.7014,B,mrac.pitch.theta_3,0.0062496006
18.7014,B,mrac.pitch.theta_4,0.12464019
18.7014,B,mrac.pitch.theta_5,0.14404489
18.7014,B,mrac.pitch.u_nom,-0.010550916
18.7014,B,mrac.pitch.xm,-0.46361607
18.7014,B,mrac.roll.theta_0,0.14560257
18.7014,B,mrac.roll.theta_1,0.0029385567
18.7014,B,mrac.roll.theta_2,0.0049946024
18.7014,B,mrac.roll.theta_3,0.0056032268
18.7014,B,mrac.roll.theta_4,0.13850752
18.7014,B,mrac.roll.theta_5,0.14144175
18.7014,B,mrac.roll.u_nom,0.13837428
18.7014,B,mrac.roll.xm,-0.20021696
18.7014,B,mrac.yaw.theta_0,0.0045538978
18.7014,B,mrac.yaw.theta_1,0.0025164634
18.7014,B,mrac.yaw.theta_2,0.0035020532
18.7014,B,mrac.yaw.theta_3,0
18.7014,B,mrac.yaw.theta_4,0.039660066
18.7014,B,mrac.yaw.theta_5,0.086064138
18.7014,B,mrac.yaw.u_nom,-0.0061653699
18.7014,B,mrac.yaw.xm,-0.039254036
18.7014,B,mrac.z.theta_0,0.0094631361
18.7014,B,mrac.z.theta_1,0.0027239958
18.7014,B,mrac.z.theta_2,0.0059982496
18.7014,B,mrac.z.theta_3,0
18.7014,B,mrac.z.theta_4,0.19575366
18.7014,B,mrac.z.theta_5,0.18797354
18.7014,B,mrac.z.u_nom,-0.31498396
18.7014,B,mrac.z.xm,-0.10451456
18.7014,B,path.active_path_mode,0
18.7014,B,path.circle_theta,0
18.7014,B,path.sinusoid_t_elapsed,0
18.7014,B,path.twc_arrived,0
18.7014,B,path.twc_target_x,1.4901161e-06
18.7014,B,path.twc_target_y,0
18.7014,B,path.twc_target_z,0.60000002
18.7014,B,pid.gyrox.Des,-11.471582
18.7014,B,pid.gyrox.FB,-22.869711
18.7014,B,pid.gyrox.U,161.89792
18.7014,B,pid.gyroy.Des,-26.563232
18.7014,B,pid.gyroy.FB,-21.454876
18.7014,B,pid.gyroy.U,-12.344572
18.7014,B,pid.gyroz.Des,-2.2490897
18.7014,B,pid.gyroz.FB,-1.0480939
18.7014,B,pid.gyroz.U,-11.541573
18.7014,B,pid.locx.Des,3.2287693
18.7014,B,pid.locx.FB,24.505198
18.7014,B,pid.locx.U,-19.284901
18.7014,B,pid.locxs.Des,-19.284901
18.7014,B,pid.locxs.FB,3.8828278
18.7014,B,pid.locxs.U,-70.2733
18.7014,B,pid.locy.Des,38.051079
18.7014,B,pid.locy.FB,58.930561
18.7014,B,pid.locy.U,-22.020145
18.7014,B,pid.locys.Des,-22.020145
18.7014,B,pid.locys.FB,91.131355
18.7014,B,pid.locys.U,-343.68964
18.7014,B,pid.pitch.Des,-15
18.7014,B,pid.pitch.FB,-5.9670916
18.7014,B,pid.pitch.U,-26.563232
18.7014,B,pid.roll.Des,-9.7134075
18.7014,B,pid.roll.FB,-5.7687469
18.7014,B,pid.roll.U,-11.471582
18.7014,B,pid.yaw.Des,40
18.7014,B,pid.yaw.FB,40.314735
18.7014,B,pid.yaw.U,-2.2490897
18.7014,B,pid.z_pos.Des,0.62994766
18.7014,B,pid.z_pos.FB,0.62341326
18.7014,B,pid.z_pos.U,-0.10451456
18.7014,B,pid.z_rate.Des,-0.10451456
18.7014,B,pid.z_rate.FB,0.037676521
18.7014,B,pid.z_rate.U,-69.926437
18.7014,B,status.vbat,0
18.9049,A,mrac.pitch.e,0.12341811
18.9049,A,mrac.pitch.u_ad,-0.054827515
18.9049,A,mrac.roll.e,-0.087569922
18.9049,A,mrac.roll.u_ad,0.14937772
18.9049,A,mrac.yaw.e,0.06287013
18.9049,A,mrac.yaw.u_ad,-0.0038972746
18.9049,A,mrac.z.e,0.087820798
18.9049,A,mrac.z.u_ad,-0.063512534
18.9049,A,status.arm,1
18.9049,A,status.flymode,1
18.9049,A,status.rc_authority,0
18.9049,A,status.sbus_lost,0
18.9049,A,status.twc_arrived,0
18.9049,A,status.twc_execute,0
18.9050,B,mrac.pitch.theta_0,0.0023512288
18.9050,B,mrac.pitch.theta_1,0.0052318554
18.9050,B,mrac.pitch.theta_2,0.0016213822
18.9050,B,mrac.pitch.theta_3,0.006251371
18.9050,B,mrac.pitch.theta_4,0.12466446
18.9050,B,mrac.pitch.theta_5,0.14406231
18.9050,B,mrac.pitch.u_nom,0.07526169
18.9050,B,mrac.pitch.xm,-0.40407106
18.9050,B,mrac.roll.theta_0,0.14666155
18.9050,B,mrac.roll.theta_1,0.0027978283
18.9050,B,mrac.roll.theta_2,0.0050340481
18.9050,B,mrac.roll.theta_3,0.0056014573
18.9050,B,mrac.roll.theta_4,0.13855179
18.9050,B,mrac.roll.theta_5,0.14135335
18.9050,B,mrac.roll.u_nom,0.18809466
18.9050,B,mrac.roll.xm,0.089038648
18.9050,B,mrac.yaw.theta_0,0.0038726418
18.9050,B,mrac.yaw.theta_1,0.0025087227
18.9050,B,mrac.yaw.theta_2,0.003501276
18.9050,B,mrac.yaw.theta_3,0
18.9050,B,mrac.yaw.theta_4,0.039665841
18.9050,B,mrac.yaw.theta_5,0.086061068
18.9050,B,mrac.yaw.u_nom,-0.029721897
18.9050,B,mrac.yaw.xm,-0.073133148
18.9050,B,mrac.z.theta_0,0.0088177072
18.9050,B,mrac.z.theta_1,0.0026743007
18.9050,B,mrac.z.theta_2,0.0059914337
18.9050,B,mrac.z.theta_3,0
18.9050,B,mrac.z.theta_4,0.19578524
18.9050,B,mrac.z.theta_5,0.18798727
18.9050,B,mrac.z.u_nom,-0.27589118
18.9050,B,mrac.z.xm,-0.1090642
18.9050,B,path.active_path_mode,0
18.9050,B,path.circle_theta,0
18.9050,B,path.sinusoid_t_elapsed,0
18.9050,B,path.twc_arrived,0
18.9050,B,path.twc_target_x,1.4901161e-06
18.9050,B,path.twc_target_y,0
18.9050,B,path.twc_target_z,0.60000002
18.9050,B,pid.gyrox.Des,5.1015368
18.9050,B,pid.gyrox.FB,-17.932856
18.9050,B,pid.gyrox.U,220.07076
18.9050,B,pid.gyroy.Des,-23.151556
18.9050,B,pid.gyroy.FB,-21.031412
18.9050,B,pid.gyroy.U,88.056175
18.9050,B,pid.gyroz.Des,-4.1902189
18.9050,B,pid.gyroz.FB,2.5162084
18.9050,B,pid.gyroz.U,-55.639393
18.9050,B,pid.locx.Des,3.2287693
18.9050,B,pid.locx.FB,25.089895
18.9050,B,pid.locx.U,-19.789156
18.9050,B,pid.locxs.Des,-19.789156
18.9050,B,pid.locxs.FB,3.8883934
18.9050,B,pid.locxs.U,-73.062096
18.9050,B,pid.locy.Des,38.051079
18.9050,B,pid.locy.FB,66.301407
18.9050,B,pid.locy.U,-27.871687
18.9050,B,pid.locys.Des,-27.871687
18.9050,B,pid.locys.FB,78.312714
18.9050,B,pid.locys.U,-305.27814
18.9050,B,pid.pitch.Des,-15
18.9050,B,pid.pitch.FB,-7.2257824
18.9050,B,pid.pitch.U,-23.151556
18.9050,B,pid.roll.Des,-8.2394056
18.9050,B,pid.roll.FB,-7.186945
18.9050,B,pid.roll.U,5.1015368
18.9050,B,pid.yaw.Des,40
18.9050,B,pid.yaw.FB,40.589359
18.9050,B,pid.yaw.U,-4.1902189
18.9050,B,pid.z_pos.Des,0.62994766
18.9050,B,pid.z_pos.FB,0.62992889
18.9050,B,pid.z_pos.U,-0.1090642
18.9050,B,pid.z_rate.Des,-0.1090642
18.9050,B,pid.z_rate.FB,0.011430404
18.9050,B,pid.z_rate.U,-61.247841
18.9050,B,status.vbat,0
19.1177,A,mrac.pitch.e,0.37655091
19.1177,A,mrac.pitch.u_ad,-0.0087357676
19.1177,A,mrac.roll.e,0.029612977
19.1177,A,mrac.roll.u_ad,0.17260467
19.1177,A,mrac.yaw.e,-0.065084442
19.1177,A,mrac.yaw.u_ad,0.0030735442
19.1177,A,mrac.z.e,0.086851619
19.1177,A,mrac.z.u_ad,-0.046506815
19.1177,A,status.arm,1
19.1177,A,status.flymode,1
19.1177,A,status.rc_authority,0
19.1177,A,status.sbus_lost,0
19.1177,A,status.twc_arrived,0
19.1177,A,status.twc_execute,0
19.1178,B,mrac.pitch.theta_0,0.0035885274
19.1178,B,mrac.pitch.theta_1,0.0054964749
19.1178,B,mrac.pitch.theta_2,0.0016190533
19.1178,B,mrac.pitch.theta_3,0.0062513291
19.1178,B,mrac.pitch.theta_4,0.1247905
19.1178,B,mrac.pitch.theta_5,0.14408721
19.1178,B,mrac.pitch.u_nom,-0.050174244
19.1178,B,mrac.pitch.xm,-0.040276185
19.1178,B,mrac.roll.theta_0,0.14571445
19.1178,B,mrac.roll.theta_1,0.0027110444
19.1178,B,mrac.roll.theta_2,0.0050502894
19.1178,B,mrac.roll.theta_3,0.0056022005
19.1178,B,mrac.roll.theta_4,0.13870263
19.1178,B,mrac.roll.theta_5,0.14134225
19.1178,B,mrac.roll.u_nom,-0.07133697
19.1178,B,mrac.roll.xm,0.18122035
19.1178,B,mrac.yaw.theta_0,0.0034228449
19.1178,B,mrac.yaw.theta_1,0.0025079118
19.1178,B,mrac.yaw.theta_2,0.0035011671
19.1178,B,mrac.yaw.theta_3,0
19.1178,B,mrac.yaw.theta_4,0.039674908
19.1178,B,mrac.yaw.theta_5,0.086046882
19.1178,B,mrac.yaw.u_nom,-0.0021216262
19.1178,B,mrac.yaw.xm,-0.033749647
19.1178,B,mrac.z.theta_0,0.0078179063
19.1178,B,mrac.z.theta_1,0.0026509368
19.1178,B,mrac.z.theta_2,0.0059856796
19.1178,B,mrac.z.theta_3,0
19.1178,B,mrac.z.theta_4,0.19578995
19.1178,B,mrac.z.theta_5,0.18798743
19.1178,B,mrac.z.u_nom,0.041129008
19.1178,B,mrac.z.xm,-0.1074749
19.1178,B,path.active_path_mode,0
19.1178,B,path.circle_theta,0
19.1178,B,path.sinusoid_t_elapsed,0
19.1178,B,path.twc_arrived,0
19.1178,B,path.twc_target_x,1.4901161e-06
19.1178,B,path.twc_target_y,0
19.1178,B,path.twc_target_z,0.60000002
19.1178,B,pid.gyrox.Des,10.383157
19.1178,B,pid.gyrox.FB,8.0612173
19.1178,B,pid.gyrox.U,-83.464256
19.1178,B,pid.gyroy.Des,-2.3076544
19.1178,B,pid.gyroy.FB,-2.4784658
19.1178,B,pid.gyroy.U,-58.703865
19.1178,B,pid.gyroz.Des,-1.9337116
19.1178,B,pid.gyroz.FB,-1.6876442
19.1178,B,pid.gyroz.U,-3.9716842
19.1178,B,pid.locx.Des,3.2287693
19.1178,B,pid.locx.FB,26.632378
19.1178,B,pid.locx.U,-20.717175
19.1178,B,pid.locxs.Des,-20.717175
19.1178,B,pid.locxs.FB,-1.852911
19.1178,B,pid.locxs.U,-53.997295
19.1178,B,pid.locy.Des,38.051079
19.1178,B,pid.locy.FB,84.598396
19.1178,B,pid.locy.U,-40.182789
19.1178,B,pid.locys.Des,-40.182789
19.1178,B,pid.locys.FB,21.132126
19.1178,B,pid.locys.U,-162.83638
19.1178,B,pid.pitch.Des,-9.1658554
19.1178,B,pid.pitch.FB,-8.4332533
19.1178,B,pid.pitch.U,-2.3076544
19.1178,B,pid.roll.Des,-3.6519032
19.1178,B,pid.roll.FB,-7.1140642
19.1178,B,pid.roll.U,10.383157
19.1178,B,pid.yaw.Des,40
19.1178,B,pid.yaw.FB,39.989025
19.1178,B,pid.yaw.U,-1.9337116
19.1178,B,pid.z_pos.Des,0.62994766
19.1178,B,pid.z_pos.FB,0.62820625
19.1178,B,pid.z_pos.U,-0.1074749
19.1178,B,pid.z_rate.Des,-0.1074749
19.1178,B,pid.z_rate.FB,-0.16278595
19.1178,B,pid.z_rate.U,9.13064
19.1178,B,status.vbat,0
19.3190,A,mrac.pitch.e,0.20407939
19.3190,A,mrac.pitch.u_ad,-0.00054038869
19.3190,A,mrac.roll.e,-0.11184517
19.3190,A,mrac.roll.u_ad,0.17830473
19.3190,A,mrac.yaw.e,-0.076184615
19.3190,A,mrac.yaw.u_ad,0.009365988
19.3190,A,mrac.z.e,-0.053106248
19.3190,A,mrac.z.u_ad,-0.051229943
19.3190,A,status.arm,1
19.3190,A,status.flymode,1
19.3190,A,status.rc_authority,0
19.3190,A,status.sbus_lost,0
19.3190,A,status.twc_arrived,0
19.3190,A,status.twc_execute,0
19.3190,B,mrac.pitch.theta_0,0.0038115853
19.3190,B,mrac.pitch.theta_1,0.0054256888
19.3190,B,mrac.pitch.theta_2,0.0016173425
19.3190,B,mrac.pitch.theta_3,0.0062514124
19.3190,B,mrac.pitch.theta_4,0.12484193
19.3190,B,mrac.pitch.theta_5,0.1440811
19.3190,B,mrac.pitch.u_nom,-0.13653141
19.3190,B,mrac.pitch.xm,0.050650958
19.3190,B,mrac.roll.theta_0,0.14606196
19.3190,B,mrac.roll.theta_1,0.0027450107
19.3190,B,mrac.roll.theta_2,0.005051014
19.3190,B,mrac.roll.theta_3,0.0056008436
19.3190,B,mrac.roll.theta_4,0.13873112
19.3190,B,mrac.roll.theta_5,0.14135543
19.3190,B,mrac.roll.u_nom,0.10653852
19.3190,B,mrac.roll.xm,0.17960668
19.3190,B,mrac.yaw.theta_0,0.0063237152
19.3190,B,mrac.yaw.theta_1,0.0024960493
19.3190,B,mrac.yaw.theta_2,0.0035024043
19.3190,B,mrac.yaw.theta_3,0
19.3190,B,mrac.yaw.theta_4,0.039677106
19.3190,B,mrac.yaw.theta_5,0.086035825
19.3190,B,mrac.yaw.u_nom,0.019684546
19.3190,B,mrac.yaw.xm,0.018371109
19.3190,B,mrac.z.theta_0,0.007677644
19.3190,B,mrac.z.theta_1,0.0026733887
19.3190,B,mrac.z.theta_2,0.005985314
19.3190,B,mrac.z.theta_3,0
19.3190,B,mrac.z.theta_4,0.19577985
19.3190,B,mrac.z.theta_5,0.18798183
19.3190,B,mrac.z.u_nom,-0.24294239
19.3190,B,mrac.z.xm,-0.10974
19.3190,B,path.active_path_mode,0
19.3190,B,path.circle_theta,0
19.3190,B,path.sinusoid_t_elapsed,0
19.3190,B,path.twc_arrived,0
19.3190,B,path.twc_target_x,1.4901161e-06
19.3190,B,path.twc_target_y,0
19.3190,B,path.twc_target_z,0.60000002
19.3190,B,pid.gyrox.Des,10.2907
19.3190,B,pid.gyrox.FB,1.6280919
19.3190,B,pid.gyrox.U,124.65007
19.3190,B,pid.gyroy.Des,2.9020848
19.3190,B,pid.gyroy.FB,14.571863
19.3190,B,pid.gyroy.U,-159.74176
19.3190,B,pid.gyroz.Des,1.0525866
19.3190,B,pid.gyroz.FB,-3.7978427
19.3190,B,pid.gyroz.U,36.849468
19.3190,B,pid.locx.Des,3.2287693
19.3190,B,pid.locx.FB,26.495232
19.3190,B,pid.locx.U,-20.496319
19.3190,B,pid.locxs.Des,-20.496319
19.3190,B,pid.locxs.FB,-5.5349989
19.3190,B,pid.locxs.U,-33.728794
19.3190,B,pid.locy.Des,38.051079
19.3190,B,pid.locy.FB,86.019928
19.3190,B,pid.locy.U,-40.798702
19.3190,B,pid.locys.Des,-40.798702
19.3190,B,pid.locys.FB,5.8620629
19.3190,B,pid.locys.U,-117.49759
19.3190,B,pid.pitch.Des,-6.4803381
19.3190,B,pid.pitch.FB,-7.6674314
19.3190,B,pid.pitch.U,2.9020848
19.3190,B,pid.roll.Des,-2.8204033
19.3190,B,pid.roll.FB,-6.454421
19.3190,B,pid.roll.U,10.2907
19.3190,B,pid.yaw.Des,40
19.3190,B,pid.yaw.FB,39.518791
19.3190,B,pid.yaw.U,1.0525866
19.3190,B,pid.z_pos.Des,0.62994766
19.3190,B,pid.z_pos.FB,0.63025761
19.3190,B,pid.z_pos.U,-0.10974
19.3190,B,pid.z_rate.Des,-0.10974
19.3190,B,pid.z_rate.FB,-0.0075319698
19.3190,B,pid.z_rate.U,-53.933212
19.3190,B,status.vbat,0
19.5362,A,mrac.pitch.e,0.27064317
19.5362,A,mrac.pitch.u_ad,0.012385859
19.5362,A,mrac.roll.e,-0.14008695
19.5362,A,mrac.roll.u_ad,0.18309987
19.5362,A,mrac.yaw.e,-0.019875839
19.5362,A,mrac.yaw.u_ad,0.017227326
19.5362,A,mrac.z.e,0.12631933
19.5362,A,mrac.z.u_ad,-0.061645098
19.5362,A,status.arm,1
19.5362,A,status.flymode,1
19.5362,A,status.rc_authority,0
19.5362,A,status.sbus_lost,0
19.5362,A,status.twc_arrived,0
19.5362,A,status.twc_execute,0
19.5363,B,mrac.pitch.theta_0,0.00225839
19.5363,B,mrac.pitch.theta_1,0.0051020738
19.5363,B,mrac.pitch.theta_2,0.0016047684
19.5363,B,mrac.pitch.theta_3,0.0062517468
19.5363,B,mrac.pitch.theta_4,0.1249397
19.5363,B,mrac.pitch.theta_5,0.14402135
19.5363,B,mrac.pitch.u_nom,-0.067207992
19.5363,B,mrac.pitch.xm,0.030843938
19.5363,B,mrac.roll.theta_0,0.14537092
19.5363,B,mrac.roll.theta_1,0.0028004192
19.5363,B,mrac.roll.theta_2,0.0050496114
19.5363,B,mrac.roll.theta_3,0.005599658
19.5363,B,mrac.roll.theta_4,0.13881201
19.5363,B,mrac.roll.theta_5,0.14136434
19.5363,B,mrac.roll.u_nom,0.13881616
19.5363,B,mrac.roll.xm,0.1933797
19.5363,B,mrac.yaw.theta_0,0.010484628
19.5363,B,mrac.yaw.theta_1,0.0024898772
19.5363,B,mrac.yaw.theta_2,0.003502561
19.5363,B,mrac.yaw.theta_3,0
19.5363,B,mrac.yaw.theta_4,0.039680123
19.5363,B,mrac.yaw.theta_5,0.086028554
19.5363,B,mrac.yaw.u_nom,0.021860754
19.5363,B,mrac.yaw.xm,0.075848341
19.5363,B,mrac.z.theta_0,0.0078069358
19.5363,B,mrac.z.theta_1,0.0026864107
19.5363,B,mrac.z.theta_2,0.0059852749
19.5363,B,mrac.z.theta_3,0
19.5363,B,mrac.z.theta_4,0.19575985
19.5363,B,mrac.z.theta_5,0.18796426
19.5363,B,mrac.z.u_nom,-0.25931108
19.5363,B,mrac.z.xm,-0.10593577
19.5363,B,path.active_path_mode,0
19.5363,B,path.circle_theta,0
19.5363,B,path.sinusoid_t_elapsed,0
19.5363,B,path.twc_arrived,0
19.5363,B,path.twc_target_x,1.4901161e-06
19.5363,B,path.twc_target_y,0
19.5363,B,path.twc_target_z,0.60000002
19.5363,B,pid.gyrox.Des,11.079836
19.5363,B,pid.gyrox.FB,-0.41713956
19.5363,B,pid.gyrox.U,162.41492
19.5363,B,pid.gyroy.Des,1.7672267
19.5363,B,pid.gyroy.FB,19.512554
19.5363,B,pid.gyroy.U,-78.633347
19.5363,B,pid.gyroz.Des,4.345788
19.5363,B,pid.gyroz.FB,-0.98896599
19.5363,B,pid.gyroz.U,40.923332
19.5363,B,pid.locx.Des,3.2287693
19.5363,B,pid.locx.FB,25.631571
19.5363,B,pid.locx.U,-19.63394
19.5363,B,pid.locxs.Des,-19.63394
19.5363,B,pid.locxs.FB,-10.005366
19.5363,B,pid.locxs.U,-31.864704
19.5363,B,pid.locy.Des,38.051079
19.5363,B,pid.locy.FB,85.687721
19.5363,B,pid.locy.U,-39.704445
19.5363,B,pid.locys.Des,-39.704445
19.5363,B,pid.locys.FB,-20.221094
19.5363,B,pid.locys.U,-66.766418
19.5363,B,pid.pitch.Des,-4.1780319
19.5363,B,pid.pitch.FB,-5.0726304
19.5363,B,pid.pitch.U,1.7672267
19.5363,B,pid.roll.Des,-1.0135418
19.5363,B,pid.roll.FB,-4.9062462
19.5363,B,pid.roll.U,11.079836
19.5363,B,pid.yaw.Des,40
19.5363,B,pid.yaw.FB,39.130428
19.5363,B,pid.yaw.U,4.345788
19.5363,B,pid.z_pos.Des,0.62994766
19.5363,B,pid.z_pos.FB,0.62523329
19.5363,B,pid.z_pos.U,-0.10593577
19.5363,B,pid.z_rate.Des,-0.10593577
19.5363,B,pid.z_rate.FB,0.0053568687
19.5363,B,pid.z_rate.U,-57.567059
19.5363,B,status.vbat,0
19.7516,A,mrac.pitch.e,0.27064317
19.7516,A,mrac.pitch.u_ad,0.012385859
19.7516,A,mrac.roll.e,-0.14008695
19.7516,A,mrac.roll.u_ad,0.18309987
19.7516,A,mrac.yaw.e,-0.019875839
19.7516,A,mrac.yaw.u_ad,0.017227326
19.7516,A,mrac.z.e,0.12631933
19.7516,A,mrac.z.u_ad,-0.061645098
19.7516,A,status.arm,1
19.7516,A,status.flymode,1
19.7516,A,status.rc_authority,0
19.7516,A,status.sbus_lost,0
19.7516,A,status.twc_arrived,0
19.7516,A,status.twc_execute,0
19.7517,B,mrac.pitch.theta_0,0.00225839
19.7517,B,mrac.pitch.theta_1,0.0051020738
19.7517,B,mrac.pitch.theta_2,0.0016047684
19.7517,B,mrac.pitch.theta_3,0.0062517468
19.7517,B,mrac.pitch.theta_4,0.1249397
19.7517,B,mrac.pitch.theta_5,0.14402135
19.7517,B,mrac.pitch.u_nom,-0.067207992
19.7517,B,mrac.pitch.xm,0.030843938
19.7517,B,mrac.roll.theta_0,0.14537092
19.7517,B,mrac.roll.theta_1,0.0028004192
19.7517,B,mrac.roll.theta_2,0.0050496114
19.7517,B,mrac.roll.theta_3,0.005599658
19.7517,B,mrac.roll.theta_4,0.13881201
19.7517,B,mrac.roll.theta_5,0.14136434
19.7517,B,mrac.roll.u_nom,0.13881616
19.7517,B,mrac.roll.xm,0.1933797
19.7517,B,mrac.yaw.theta_0,0.010484628
19.7517,B,mrac.yaw.theta_1,0.0024898772
19.7517,B,mrac.yaw.theta_2,0.003502561
19.7517,B,mrac.yaw.theta_3,0
19.7517,B,mrac.yaw.theta_4,0.039680123
19.7517,B,mrac.yaw.theta_5,0.086028554
19.7517,B,mrac.yaw.u_nom,0.021860754
19.7517,B,mrac.yaw.xm,0.075848341
19.7517,B,mrac.z.theta_0,0.0078069358
19.7517,B,mrac.z.theta_1,0.0026864107
19.7517,B,mrac.z.theta_2,0.0059852749
19.7517,B,mrac.z.theta_3,0
19.7517,B,mrac.z.theta_4,0.19575985
19.7517,B,mrac.z.theta_5,0.18796426
19.7517,B,mrac.z.u_nom,-0.25931108
19.7517,B,mrac.z.xm,-0.10593577
19.7517,B,path.active_path_mode,0
19.7517,B,path.circle_theta,0
19.7517,B,path.sinusoid_t_elapsed,0
19.7517,B,path.twc_arrived,0
19.7517,B,path.twc_target_x,1.4901161e-06
19.7517,B,path.twc_target_y,0
19.7517,B,path.twc_target_z,0.60000002
19.7517,B,pid.gyrox.Des,11.079836
19.7517,B,pid.gyrox.FB,-0.41713956
19.7517,B,pid.gyrox.U,162.41492
19.7517,B,pid.gyroy.Des,1.7672267
19.7517,B,pid.gyroy.FB,19.512554
19.7517,B,pid.gyroy.U,-78.633347
19.7517,B,pid.gyroz.Des,4.345788
19.7517,B,pid.gyroz.FB,-0.98896599
19.7517,B,pid.gyroz.U,40.923332
19.7517,B,pid.locx.Des,3.2287693
19.7517,B,pid.locx.FB,25.631571
19.7517,B,pid.locx.U,-19.63394
19.7517,B,pid.locxs.Des,-19.63394
19.7517,B,pid.locxs.FB,-10.005366
19.7517,B,pid.locxs.U,-31.864704
19.7517,B,pid.locy.Des,38.051079
19.7517,B,pid.locy.FB,85.687721
19.7517,B,pid.locy.U,-39.704445
19.7517,B,pid.locys.Des,-39.704445
19.7517,B,pid.locys.FB,-20.221094
19.7517,B,pid.locys.U,-66.766418
19.7517,B,pid.pitch.Des,-4.1780319
19.7517,B,pid.pitch.FB,-5.0726304
19.7517,B,pid.pitch.U,1.7672267
19.7517,B,pid.roll.Des,-1.0135418
19.7517,B,pid.roll.FB,-4.9062462
19.7517,B,pid.roll.U,11.079836
19.7517,B,pid.yaw.Des,40
19.7517,B,pid.yaw.FB,39.130428
19.7517,B,pid.yaw.U,4.345788
19.7517,B,pid.z_pos.Des,0.62994766
19.7517,B,pid.z_pos.FB,0.62523329
19.7517,B,pid.z_pos.U,-0.10593577
19.7517,B,pid.z_rate.Des,-0.10593577
19.7517,B,pid.z_rate.FB,0.0053568687
19.7517,B,pid.z_rate.U,-57.567059
19.7517,B,status.vbat,0
19.9525,A,mrac.pitch.e,0.27064317
19.9525,A,mrac.pitch.u_ad,0.012385859
19.9525,A,mrac.roll.e,-0.14008695
19.9525,A,mrac.roll.u_ad,0.18309987
19.9525,A,mrac.yaw.e,-0.019875839
19.9525,A,mrac.yaw.u_ad,0.017227326
19.9525,A,mrac.z.e,0.12631933
19.9525,A,mrac.z.u_ad,-0.061645098
19.9525,A,status.arm,1
19.9525,A,status.flymode,1
19.9525,A,status.rc_authority,0
19.9525,A,status.sbus_lost,0
19.9525,A,status.twc_arrived,0
19.9525,A,status.twc_execute,0
19.9526,B,mrac.pitch.theta_0,0.00225839
19.9526,B,mrac.pitch.theta_1,0.0051020738
19.9526,B,mrac.pitch.theta_2,0.0016047684
19.9526,B,mrac.pitch.theta_3,0.0062517468
19.9526,B,mrac.pitch.theta_4,0.1249397
19.9526,B,mrac.pitch.theta_5,0.14402135
19.9526,B,mrac.pitch.u_nom,-0.067207992
19.9526,B,mrac.pitch.xm,0.030843938
19.9526,B,mrac.roll.theta_0,0.14537092
19.9526,B,mrac.roll.theta_1,0.0028004192
19.9526,B,mrac.roll.theta_2,0.0050496114
19.9526,B,mrac.roll.theta_3,0.005599658
19.9526,B,mrac.roll.theta_4,0.13881201
19.9526,B,mrac.roll.theta_5,0.14136434
19.9526,B,mrac.roll.u_nom,0.13881616
19.9526,B,mrac.roll.xm,0.1933797
19.9526,B,mrac.yaw.theta_0,0.010484628
19.9526,B,mrac.yaw.theta_1,0.0024898772
19.9526,B,mrac.yaw.theta_2,0.003502561
19.9526,B,mrac.yaw.theta_3,0
19.9526,B,mrac.yaw.theta_4,0.039680123
19.9526,B,mrac.yaw.theta_5,0.086028554
19.9526,B,mrac.yaw.u_nom,0.021860754
19.9526,B,mrac.yaw.xm,0.075848341
19.9526,B,mrac.z.theta_0,0.0078069358
19.9526,B,mrac.z.theta_1,0.0026864107
19.9526,B,mrac.z.theta_2,0.0059852749
19.9526,B,mrac.z.theta_3,0
19.9526,B,mrac.z.theta_4,0.19575985
19.9526,B,mrac.z.theta_5,0.18796426
19.9526,B,mrac.z.u_nom,-0.25931108
19.9526,B,mrac.z.xm,-0.10593577
19.9526,B,path.active_path_mode,0
19.9526,B,path.circle_theta,0
19.9526,B,path.sinusoid_t_elapsed,0
19.9526,B,path.twc_arrived,0
19.9526,B,path.twc_target_x,1.4901161e-06
19.9526,B,path.twc_target_y,0
19.9526,B,path.twc_target_z,0.60000002
19.9526,B,pid.gyrox.Des,11.079836
19.9526,B,pid.gyrox.FB,-0.41713956
19.9526,B,pid.gyrox.U,162.41492
19.9526,B,pid.gyroy.Des,1.7672267
19.9526,B,pid.gyroy.FB,19.512554
19.9526,B,pid.gyroy.U,-78.633347
19.9526,B,pid.gyroz.Des,4.345788
19.9526,B,pid.gyroz.FB,-0.98896599
19.9526,B,pid.gyroz.U,40.923332
19.9526,B,pid.locx.Des,3.2287693
19.9526,B,pid.locx.FB,25.631571
19.9526,B,pid.locx.U,-19.63394
19.9526,B,pid.locxs.Des,-19.63394
19.9526,B,pid.locxs.FB,-10.005366
19.9526,B,pid.locxs.U,-31.864704
19.9526,B,pid.locy.Des,38.051079
19.9526,B,pid.locy.FB,85.687721
19.9526,B,pid.locy.U,-39.704445
19.9526,B,pid.locys.Des,-39.704445
19.9526,B,pid.locys.FB,-20.221094
19.9526,B,pid.locys.U,-66.766418
19.9526,B,pid.pitch.Des,-4.1780319
19.9526,B,pid.pitch.FB,-5.0726304
19.9526,B,pid.pitch.U,1.7672267
19.9526,B,pid.roll.Des,-1.0135418
19.9526,B,pid.roll.FB,-4.9062462
19.9526,B,pid.roll.U,11.079836
19.9526,B,pid.yaw.Des,40
19.9526,B,pid.yaw.FB,39.130428
19.9526,B,pid.yaw.U,4.345788
19.9526,B,pid.z_pos.Des,0.62994766
19.9526,B,pid.z_pos.FB,0.62523329
19.9526,B,pid.z_pos.U,-0.10593577
19.9526,B,pid.z_rate.Des,-0.10593577
19.9526,B,pid.z_rate.FB,0.0053568687
19.9526,B,pid.z_rate.U,-57.567059
19.9526,B,status.vbat,0
20.1528,A,mrac.pitch.e,0.27064317
20.1528,A,mrac.pitch.u_ad,0.012385859
20.1528,A,mrac.roll.e,-0.14008695
20.1528,A,mrac.roll.u_ad,0.18309987
20.1528,A,mrac.yaw.e,-0.019875839
20.1528,A,mrac.yaw.u_ad,0.017227326
20.1528,A,mrac.z.e,0.12631933
20.1528,A,mrac.z.u_ad,-0.061645098
20.1528,A,status.arm,1
20.1528,A,status.flymode,1
20.1528,A,status.rc_authority,0
20.1528,A,status.sbus_lost,0
20.1528,A,status.twc_arrived,0
20.1528,A,status.twc_execute,0
20.1528,B,mrac.pitch.theta_0,0.00225839
20.1528,B,mrac.pitch.theta_1,0.0051020738
20.1528,B,mrac.pitch.theta_2,0.0016047684
20.1528,B,mrac.pitch.theta_3,0.0062517468
20.1528,B,mrac.pitch.theta_4,0.1249397
20.1528,B,mrac.pitch.theta_5,0.14402135
20.1528,B,mrac.pitch.u_nom,-0.067207992
20.1528,B,mrac.pitch.xm,0.030843938
20.1528,B,mrac.roll.theta_0,0.14537092
20.1528,B,mrac.roll.theta_1,0.0028004192
20.1528,B,mrac.roll.theta_2,0.0050496114
20.1528,B,mrac.roll.theta_3,0.005599658
20.1528,B,mrac.roll.theta_4,0.13881201
20.1528,B,mrac.roll.theta_5,0.14136434
20.1528,B,mrac.roll.u_nom,0.13881616
20.1528,B,mrac.roll.xm,0.1933797
20.1528,B,mrac.yaw.theta_0,0.010484628
20.1528,B,mrac.yaw.theta_1,0.0024898772
20.1528,B,mrac.yaw.theta_2,0.003502561
20.1528,B,mrac.yaw.theta_3,0
20.1528,B,mrac.yaw.theta_4,0.039680123
20.1528,B,mrac.yaw.theta_5,0.086028554
20.1528,B,mrac.yaw.u_nom,0.021860754
20.1528,B,mrac.yaw.xm,0.075848341
20.1528,B,mrac.z.theta_0,0.0078069358
20.1528,B,mrac.z.theta_1,0.0026864107
20.1528,B,mrac.z.theta_2,0.0059852749
20.1528,B,mrac.z.theta_3,0
20.1528,B,mrac.z.theta_4,0.19575985
20.1528,B,mrac.z.theta_5,0.18796426
20.1528,B,mrac.z.u_nom,-0.25931108
20.1528,B,mrac.z.xm,-0.10593577
20.1528,B,path.active_path_mode,0
20.1528,B,path.circle_theta,0
20.1528,B,path.sinusoid_t_elapsed,0
20.1528,B,path.twc_arrived,0
20.1528,B,path.twc_target_x,1.4901161e-06
20.1528,B,path.twc_target_y,0
20.1528,B,path.twc_target_z,0.60000002
20.1528,B,pid.gyrox.Des,11.079836
20.1528,B,pid.gyrox.FB,-0.41713956
20.1528,B,pid.gyrox.U,162.41492
20.1528,B,pid.gyroy.Des,1.7672267
20.1528,B,pid.gyroy.FB,19.512554
20.1528,B,pid.gyroy.U,-78.633347
20.1528,B,pid.gyroz.Des,4.345788
20.1528,B,pid.gyroz.FB,-0.98896599
20.1528,B,pid.gyroz.U,40.923332
20.1528,B,pid.locx.Des,3.2287693
20.1528,B,pid.locx.FB,25.631571
20.1528,B,pid.locx.U,-19.63394
20.1528,B,pid.locxs.Des,-19.63394
20.1528,B,pid.locxs.FB,-10.005366
20.1528,B,pid.locxs.U,-31.864704
20.1528,B,pid.locy.Des,38.051079
20.1528,B,pid.locy.FB,85.687721
20.1528,B,pid.locy.U,-39.704445
20.1528,B,pid.locys.Des,-39.704445
20.1528,B,pid.locys.FB,-20.221094
20.1528,B,pid.locys.U,-66.766418
20.1528,B,pid.pitch.Des,-4.1780319
20.1528,B,pid.pitch.FB,-5.0726304
20.1528,B,pid.pitch.U,1.7672267
20.1528,B,pid.roll.Des,-1.0135418
20.1528,B,pid.roll.FB,-4.9062462
20.1528,B,pid.roll.U,11.079836
20.1528,B,pid.yaw.Des,40
20.1528,B,pid.yaw.FB,39.130428
20.1528,B,pid.yaw.U,4.345788
20.1528,B,pid.z_pos.Des,0.62994766
20.1528,B,pid.z_pos.FB,0.62523329
20.1528,B,pid.z_pos.U,-0.10593577
20.1528,B,pid.z_rate.Des,-0.10593577
20.1528,B,pid.z_rate.FB,0.0053568687
20.1528,B,pid.z_rate.U,-57.567059
20.1528,B,status.vbat,0
20.3533,A,mrac.pitch.e,0.27064317
20.3533,A,mrac.pitch.u_ad,0.012385859
20.3533,A,mrac.roll.e,-0.14008695
20.3533,A,mrac.roll.u_ad,0.18309987
20.3533,A,mrac.yaw.e,-0.019875839
20.3533,A,mrac.yaw.u_ad,0.017227326
20.3533,A,mrac.z.e,0.12631933
20.3533,A,mrac.z.u_ad,-0.061645098
20.3533,A,status.arm,1
20.3533,A,status.flymode,1
20.3533,A,status.rc_authority,0
20.3533,A,status.sbus_lost,0
20.3533,A,status.twc_arrived,0
20.3533,A,status.twc_execute,0
20.3534,B,mrac.pitch.theta_0,0.00225839
20.3534,B,mrac.pitch.theta_1,0.0051020738
20.3534,B,mrac.pitch.theta_2,0.0016047684
20.3534,B,mrac.pitch.theta_3,0.0062517468
20.3534,B,mrac.pitch.theta_4,0.1249397
20.3534,B,mrac.pitch.theta_5,0.14402135
20.3534,B,mrac.pitch.u_nom,-0.067207992
20.3534,B,mrac.pitch.xm,0.030843938
20.3534,B,mrac.roll.theta_0,0.14537092
20.3534,B,mrac.roll.theta_1,0.0028004192
20.3534,B,mrac.roll.theta_2,0.0050496114
20.3534,B,mrac.roll.theta_3,0.005599658
20.3534,B,mrac.roll.theta_4,0.13881201
20.3534,B,mrac.roll.theta_5,0.14136434
20.3534,B,mrac.roll.u_nom,0.13881616
20.3534,B,mrac.roll.xm,0.1933797
20.3534,B,mrac.yaw.theta_0,0.010484628
20.3534,B,mrac.yaw.theta_1,0.0024898772
20.3534,B,mrac.yaw.theta_2,0.003502561
20.3534,B,mrac.yaw.theta_3,0
20.3534,B,mrac.yaw.theta_4,0.039680123
20.3534,B,mrac.yaw.theta_5,0.086028554
20.3534,B,mrac.yaw.u_nom,0.021860754
20.3534,B,mrac.yaw.xm,0.075848341
20.3534,B,mrac.z.theta_0,0.0078069358
20.3534,B,mrac.z.theta_1,0.0026864107
20.3534,B,mrac.z.theta_2,0.0059852749
20.3534,B,mrac.z.theta_3,0
20.3534,B,mrac.z.theta_4,0.19575985
20.3534,B,mrac.z.theta_5,0.18796426
20.3534,B,mrac.z.u_nom,-0.25931108
20.3534,B,mrac.z.xm,-0.10593577
20.3534,B,path.active_path_mode,0
20.3534,B,path.circle_theta,0
20.3534,B,path.sinusoid_t_elapsed,0
20.3534,B,path.twc_arrived,0
20.3534,B,path.twc_target_x,1.4901161e-06
20.3534,B,path.twc_target_y,0
20.3534,B,path.twc_target_z,0.60000002
20.3534,B,pid.gyrox.Des,11.079836
20.3534,B,pid.gyrox.FB,-0.41713956
20.3534,B,pid.gyrox.U,162.41492
20.3534,B,pid.gyroy.Des,1.7672267
20.3534,B,pid.gyroy.FB,19.512554
20.3534,B,pid.gyroy.U,-78.633347
20.3534,B,pid.gyroz.Des,4.345788
20.3534,B,pid.gyroz.FB,-0.98896599
20.3534,B,pid.gyroz.U,40.923332
20.3534,B,pid.locx.Des,3.2287693
20.3534,B,pid.locx.FB,25.631571
20.3534,B,pid.locx.U,-19.63394
20.3534,B,pid.locxs.Des,-19.63394
20.3534,B,pid.locxs.FB,-10.005366
20.3534,B,pid.locxs.U,-31.864704
20.3534,B,pid.locy.Des,38.051079
20.3534,B,pid.locy.FB,85.687721
20.3534,B,pid.locy.U,-39.704445
20.3534,B,pid.locys.Des,-39.704445
20.3534,B,pid.locys.FB,-20.221094
20.3534,B,pid.locys.U,-66.766418
20.3534,B,pid.pitch.Des,-4.1780319
20.3534,B,pid.pitch.FB,-5.0726304
20.3534,B,pid.pitch.U,1.7672267
20.3534,B,pid.roll.Des,-1.0135418
20.3534,B,pid.roll.FB,-4.9062462
20.3534,B,pid.roll.U,11.079836
20.3534,B,pid.yaw.Des,40
20.3534,B,pid.yaw.FB,39.130428
20.3534,B,pid.yaw.U,4.345788
20.3534,B,pid.z_pos.Des,0.62994766
20.3534,B,pid.z_pos.FB,0.62523329
20.3534,B,pid.z_pos.U,-0.10593577
20.3534,B,pid.z_rate.Des,-0.10593577
20.3534,B,pid.z_rate.FB,0.0053568687
20.3534,B,pid.z_rate.U,-57.567059
20.3534,B,status.vbat,0
20.5684,A,mrac.pitch.e,-0.56554461
20.5684,A,mrac.pitch.u_ad,-0.017647194
20.5684,A,mrac.roll.e,0.36007491
20.5684,A,mrac.roll.u_ad,0.14131819
20.5684,A,mrac.yaw.e,0.10334043
20.5684,A,mrac.yaw.u_ad,0.007269993
20.5684,A,mrac.z.e,0.16246036
20.5684,A,mrac.z.u_ad,-0.088524371
20.5684,A,status.arm,1
20.5684,A,status.flymode,1
20.5684,A,status.rc_authority,0
20.5684,A,status.sbus_lost,0
20.5684,A,status.twc_arrived,0
20.5684,A,status.twc_execute,0
20.5685,B,mrac.pitch.theta_0,0.0034322222
20.5685,B,mrac.pitch.theta_1,0.0052931649
20.5685,B,mrac.pitch.theta_2,0.0015179518
20.5685,B,mrac.pitch.theta_3,0.0062385458
20.5685,B,mrac.pitch.theta_4,0.12565748
20.5685,B,mrac.pitch.theta_5,0.14401878
20.5685,B,mrac.pitch.u_nom,0.050322551
20.5685,B,mrac.pitch.xm,-0.05768292
20.5685,B,mrac.roll.theta_0,0.14222558
20.5685,B,mrac.roll.theta_1,0.0029288626
20.5685,B,mrac.roll.theta_2,0.0050491011
20.5685,B,mrac.roll.theta_3,0.0056059589
20.5685,B,mrac.roll.theta_4,0.13912518
20.5685,B,mrac.roll.theta_5,0.14133883
20.5685,B,mrac.roll.u_nom,-0.024637317
20.5685,B,mrac.roll.xm,-0.037149731
20.5685,B,mrac.yaw.theta_0,0.012138731
20.5685,B,mrac.yaw.theta_1,0.0024505274
20.5685,B,mrac.yaw.theta_2,0.0035000795
20.5685,B,mrac.yaw.theta_3,0
20.5685,B,mrac.yaw.theta_4,0.039696645
20.5685,B,mrac.yaw.theta_5,0.085980467
20.5685,B,mrac.yaw.u_nom,-0.035476655
20.5685,B,mrac.yaw.xm,-0.060410708
20.5685,B,mrac.z.theta_0,0.0047506723
20.5685,B,mrac.z.theta_1,0.0026290941
20.5685,B,mrac.z.theta_2,0.005964614
20.5685,B,mrac.z.theta_3,0
20.5685,B,mrac.z.theta_4,0.19570597
20.5685,B,mrac.z.theta_5,0.18790442
20.5685,B,mrac.z.u_nom,-0.39481401
20.5685,B,mrac.z.xm,-0.10950344
20.5685,B,path.active_path_mode,0
20.5685,B,path.circle_theta,0
20.5685,B,path.sinusoid_t_elapsed,0
20.5685,B,path.twc_arrived,0
20.5685,B,path.twc_target_x,1.4901161e-06
20.5685,B,path.twc_target_y,0
20.5685,B,path.twc_target_z,0.60000002
20.5685,B,pid.gyrox.Des,-2.1285219
20.5685,B,pid.gyrox.FB,3.0921283
20.5685,B,pid.gyrox.U,-28.825661
20.5685,B,pid.gyroy.Des,-3.3049865
20.5685,B,pid.gyroy.FB,-14.154921
20.5685,B,pid.gyroy.U,58.877384
20.5685,B,pid.gyroz.Des,-3.4612772
20.5685,B,pid.gyroz.FB,4.6058564
20.5685,B,pid.gyroz.U,-66.4123
20.5685,B,pid.locx.Des,3.2287693
20.5685,B,pid.locx.FB,15.893285
20.5685,B,pid.locx.U,-11.460553
20.5685,B,pid.locxs.Des,-64.200005
20.5685,B,pid.locxs.FB,-19.187014
20.5685,B,pid.locxs.U,-74.425987
20.5685,B,pid.locy.Des,38.051079
20.5685,B,pid.locy.FB,59.499092
20.5685,B,pid.locy.U,-18.595463
20.5685,B,pid.locys.Des,-61.5
20.5685,B,pid.locys.FB,-17.80052
20.5685,B,pid.locys.U,-104.11247
20.5685,B,pid.pitch.Des,-7.4071584
20.5685,B,pid.pitch.FB,-6.2939873
20.5685,B,pid.pitch.U,-3.3049865
20.5685,B,pid.roll.Des,-0.64841247
20.5685,B,pid.roll.FB,0.14520727
20.5685,B,pid.roll.U,-2.1285219
20.5685,B,pid.yaw.Des,40
20.5685,B,pid.yaw.FB,40.564835
20.5685,B,pid.yaw.U,-3.4612772
20.5685,B,pid.z_pos.Des,0.62994766
20.5685,B,pid.z_pos.FB,0.63614029
20.5685,B,pid.z_pos.U,-0.10950344
20.5685,B,pid.z_rate.Des,-0.10950344
20.5685,B,pid.z_rate.FB,0.076993316
20.5685,B,pid.z_rate.U,-87.648712
20.5685,B,status.vbat,0
20.7698,A,mrac.pitch.e,0.42288375
20.7698,A,mrac.pitch.u_ad,0.03505544
20.7698,A,mrac.roll.e,-0.34738868
20.7698,A,mrac.roll.u_ad,0.15837716
20.7698,A,mrac.yaw.e,0.055236466
20.7698,A,mrac.yaw.u_ad,-0.0040834132
20.7698,A,mrac.z.e,0.10920456
20.7698,A,mrac.z.u_ad,-0.07214085
20.7698,A,status.arm,1
20.7698,A,status.flymode,1
20.7698,A,status.rc_authority,0
20.7698,A,status.sbus_lost,0
20.7698,A,status.twc_arrived,0
20.7698,A,status.twc_execute,0
20.7699,B,mrac.pitch.theta_0,0.0088098422
20.7699,B,mrac.pitch.theta_1,0.0045157513
20.7699,B,mrac.pitch.theta_2,0.001435473
20.7699,B,mrac.pitch.theta_3,0.0062435451
20.7699,B,mrac.pitch.theta_4,0.12585513
20.7699,B,mrac.pitch.theta_5,0.14369422
20.7699,B,mrac.pitch.u_nom,-0.25641027
20.7699,B,mrac.pitch.xm,0.34151834
20.7699,B,mrac.roll.theta_0,0.14066105
20.7699,B,mrac.roll.theta_1,0.0025801829
20.7699,B,mrac.roll.theta_2,0.005253572
20.7699,B,mrac.roll.theta_3,0.0056229476
20.7699,B,mrac.roll.theta_4,0.13931751
20.7699,B,mrac.roll.theta_5,0.14124939
20.7699,B,mrac.roll.u_nom,0.13853392
20.7699,B,mrac.roll.xm,-0.011367812
20.7699,B,mrac.yaw.theta_0,0.0063716532
20.7699,B,mrac.yaw.theta_1,0.0024239456
20.7699,B,mrac.yaw.theta_2,0.0034967905
20.7699,B,mrac.yaw.theta_3,0
20.7699,B,mrac.yaw.theta_4,0.039729334
20.7699,B,mrac.yaw.theta_5,0.085980669
20.7699,B,mrac.yaw.u_nom,-0.030822424
20.7699,B,mrac.yaw.xm,-0.11166508
20.7699,B,mrac.z.theta_0,0.0042534731
20.7699,B,mrac.z.theta_1,0.0026036641
20.7699,B,mrac.z.theta_2,0.0059628459
20.7699,B,mrac.z.theta_3,0
20.7699,B,mrac.z.theta_4,0.19571434
20.7699,B,mrac.z.theta_5,0.18791398
20.7699,B,mrac.z.u_nom,-0.29668805
20.7699,B,mrac.z.xm,-0.11209559
20.7699,B,path.active_path_mode,0
20.7699,B,path.circle_theta,0
20.7699,B,path.sinusoid_t_elapsed,0
20.7699,B,path.twc_arrived,0
20.7699,B,path.twc_target_x,1.4901161e-06
20.7699,B,path.twc_target_y,0
20.7699,B,path.twc_target_z,0.60000002
20.7699,B,pid.gyrox.Des,-0.65132737
20.7699,B,pid.gyrox.FB,-29.936478
20.7699,B,pid.gyrox.U,162.08469
20.7699,B,pid.gyroy.Des,19.567551
20.7699,B,pid.gyroy.FB,68.366966
20.7699,B,pid.gyroy.U,-300
20.7699,B,pid.gyroz.Des,-6.3979354
20.7699,B,pid.gyroz.FB,0.57697392
20.7699,B,pid.gyroz.U,-57.699577
20.7699,B,pid.locx.Des,14.472035
20.7699,B,pid.locx.FB,11.563193
20.7699,B,pid.locx.U,1.7145324
20.7699,B,pid.locxs.Des,1.7145324
20.7699,B,pid.locxs.FB,-36.80719
20.7699,B,pid.locxs.U,117.25184
20.7699,B,pid.locy.Des,38.051079
20.7699,B,pid.locy.FB,55.978416
20.7699,B,pid.locy.U,-15.345562
20.7699,B,pid.locys.Des,-22
20.7699,B,pid.locys.FB,-30.302322
20.7699,B,pid.locys.U,28.467339
20.7699,B,pid.pitch.Des,5.7131033
20.7699,B,pid.pitch.FB,-0.92989206
20.7699,B,pid.pitch.U,19.567551
20.7699,B,pid.roll.Des,-4.0838852
20.7699,B,pid.roll.FB,-3.146497
20.7699,B,pid.roll.U,-0.65132737
20.7699,B,pid.yaw.Des,40
20.7699,B,pid.yaw.FB,40.876476
20.7699,B,pid.yaw.U,-6.3979354
20.7699,B,pid.z_pos.Des,0.62994766
20.7699,B,pid.z_pos.FB,0.638951
20.7699,B,pid.z_pos.U,-0.11209559
20.7699,B,pid.z_rate.Des,-0.11209559
20.7699,B,pid.z_rate.FB,0.01994127
20.7699,B,pid.z_rate.U,-65.864746
20.7699,B,status.vbat,0
20.9703,A,mrac.pitch.e,0.14392483
20.9703,A,mrac.pitch.u_ad,0.043971118
20.9703,A,mrac.roll.e,-0.04391209
20.9703,A,mrac.roll.u_ad,0.16535026
20.9703,A,mrac.yaw.e,0.022504978
20.9703,A,mrac.yaw.u_ad,-0.0040735425
20.9703,A,mrac.z.e,0.250604
20.9703,A,mrac.z.u_ad,-0.093238667
20.9703,A,status.arm,1
20.9703,A,status.flymode,1
20.9703,A,status.rc_authority,0
20.9703,A,status.sbus_lost,0
20.9703,A,status.twc_arrived,0
20.9703,A,status.twc_execute,0
20.9704,B,mrac.pitch.theta_0,0.0079703452
20.9704,B,mrac.pitch.theta_1,0.0040542167
20.9704,B,mrac.pitch.theta_2,0.0013838357
20.9704,B,mrac.pitch.theta_3,0.0062457719
20.9704,B,mrac.pitch.theta_4,0.12592225
20.9704,B,mrac.pitch.theta_5,0.14348172
20.9704,B,mrac.pitch.u_nom,0.078452371
20.9704,B,mrac.pitch.xm,0.39126959
20.9704,B,mrac.roll.theta_0,0.13976265
20.9704,B,mrac.roll.theta_1,0.0024557507
20.9704,B,mrac.roll.theta_2,0.0052850144
20.9704,B,mrac.roll.theta_3,0.0056280838
20.9704,B,mrac.roll.theta_4,0.13937941
20.9704,B,mrac.roll.theta_5,0.14121395
20.9704,B,mrac.roll.u_nom,0.0086713871
20.9704,B,mrac.roll.xm,0.12523811
20.9704,B,mrac.yaw.theta_0,0.0047758748
20.9704,B,mrac.yaw.theta_1,0.0024213342
20.9704,B,mrac.yaw.theta_2,0.0034962101
20.9704,B,mrac.yaw.theta_3,0
20.9704,B,mrac.yaw.theta_4,0.03973987
20.9704,B,mrac.yaw.theta_5,0.085980542
20.9704,B,mrac.yaw.u_nom,-0.033778585
20.9704,B,mrac.yaw.xm,-0.1014613
20.9704,B,mrac.z.theta_0,0.0040254686
20.9704,B,mrac.z.theta_1,0.0026052012
20.9704,B,mrac.z.theta_2,0.0059622363
20.9704,B,mrac.z.theta_3,0
20.9704,B,mrac.z.theta_4,0.19570516
20.9704,B,mrac.z.theta_5,0.18791229
20.9704,B,mrac.z.u_nom,-0.26205263
20.9704,B,mrac.z.xm,-0.1120287
20.9704,B,path.active_path_mode,0
20.9704,B,path.circle_theta,0
20.9704,B,path.sinusoid_t_elapsed,0
20.9704,B,path.twc_arrived,0
20.9704,B,path.twc_target_x,1.4901161e-06
20.9704,B,path.twc_target_y,0
20.9704,B,path.twc_target_z,0.60000002
20.9704,B,pid.gyrox.Des,7.175612
20.9704,B,pid.gyrox.FB,14.63524
20.9704,B,pid.gyrox.U,10.145523
20.9704,B,pid.gyroy.Des,22.418087
20.9704,B,pid.gyroy.FB,9.8793907
20.9704,B,pid.gyroy.U,91.789276
20.9704,B,pid.gyroz.Des,-5.8133016
20.9704,B,pid.gyroz.FB,1.8410528
20.9704,B,pid.gyroz.U,-63.233513
20.9704,B,pid.locx.Des,14.472035
20.9704,B,pid.locx.FB,8.7072849
20.9704,B,pid.locx.U,4.2126598
20.9704,B,pid.locxs.Des,4.2126598
20.9704,B,pid.locxs.FB,-28.027563
20.9704,B,pid.locxs.U,98.287209
20.9704,B,pid.locy.Des,38.051079
20.9704,B,pid.locy.FB,53.186039
20.9704,B,pid.locy.U,-12.955152
20.9704,B,pid.locys.Des,-11.599999
20.9704,B,pid.locys.FB,-32.610668
20.9704,B,pid.locys.U,79.20472
20.9704,B,pid.pitch.Des,7.199698
20.9704,B,pid.pitch.FB,2.2031276
20.9704,B,pid.pitch.U,22.418087
20.9704,B,pid.roll.Des,-1.337521
20.9704,B,pid.roll.FB,-3.640049
20.9704,B,pid.roll.U,7.175612
20.9704,B,pid.yaw.Des,40
20.9704,B,pid.yaw.FB,40.677769
20.9704,B,pid.yaw.U,-5.8133016
20.9704,B,pid.z_pos.Des,0.62994766
20.9704,B,pid.z_pos.FB,0.63823676
20.9704,B,pid.z_pos.U,-0.1120287
20.9704,B,pid.z_rate.Des,-0.1120287
20.9704,B,pid.z_rate.FB,0.00078551838
20.9704,B,pid.z_rate.U,-58.175686
20.9704,B,status.vbat,0
21.1705,A,mrac.pitch.e,0.14392483
21.1705,A,mrac.pitch.u_ad,0.043971118
21.1705,A,mrac.roll.e,-0.04391209
21.1705,A,mrac.roll.u_ad,0.16535026
21.1705,A,mrac.yaw.e,0.022504978
21.1705,A,mrac.yaw.u_ad,-0.0040735425
21.1705,A,mrac.z.e,0.250604
21.1705,A,mrac.z.u_ad,-0.093238667
21.1705,A,status.arm,1
21.1705,A,status.flymode,1
21.1705,A,status.rc_authority,0
21.1705,A,status.sbus_lost,0
21.1705,A,status.twc_arrived,0
21.1705,A,status.twc_execute,0
21.1708,B,mrac.pitch.theta_0,0.0079703452
21.1708,B,mrac.pitch.theta_1,0.0040542167
21.1708,B,mrac.pitch.theta_2,0.0013838357
21.1708,B,mrac.pitch.theta_3,0.0062457719
21.1708,B,mrac.pitch.theta_4,0.12592225
21.1708,B,mrac.pitch.theta_5,0.14348172
21.1708,B,mrac.pitch.u_nom,0.078452371
21.1708,B,mrac.pitch.xm,0.39126959
21.1708,B,mrac.roll.theta_0,0.13976265
21.1708,B,mrac.roll.theta_1,0.0024557507
21.1708,B,mrac.roll.theta_2,0.0052850144
21.1708,B,mrac.roll.theta_3,0.0056280838
21.1708,B,mrac.roll.theta_4,0.13937941
21.1708,B,mrac.roll.theta_5,0.14121395
21.1708,B,mrac.roll.u_nom,0.0086713871
21.1708,B,mrac.roll.xm,0.12523811
21.1708,B,mrac.yaw.theta_0,0.0047758748
21.1708,B,mrac.yaw.theta_1,0.0024213342
21.1708,B,mrac.yaw.theta_2,0.0034962101
21.1708,B,mrac.yaw.theta_3,0
21.1708,B,mrac.yaw.theta_4,0.03973987
21.1708,B,mrac.yaw.theta_5,0.085980542
21.1708,B,mrac.yaw.u_nom,-0.033778585
21.1708,B,mrac.yaw.xm,-0.1014613
21.1708,B,mrac.z.theta_0,0.0040254686
21.1708,B,mrac.z.theta_1,0.0026052012
21.1708,B,mrac.z.theta_2,0.0059622363
21.1708,B,mrac.z.theta_3,0
21.1708,B,mrac.z.theta_4,0.19570516
21.1708,B,mrac.z.theta_5,0.18791229
21.1708,B,mrac.z.u_nom,-0.26205263
21.1708,B,mrac.z.xm,-0.1120287
21.1708,B,path.active_path_mode,0
21.1708,B,path.circle_theta,0
21.1708,B,path.sinusoid_t_elapsed,0
21.1708,B,path.twc_arrived,0
21.1708,B,path.twc_target_x,1.4901161e-06
21.1708,B,path.twc_target_y,0
21.1708,B,path.twc_target_z,0.60000002
21.1708,B,pid.gyrox.Des,7.175612
21.1708,B,pid.gyrox.FB,14.63524
21.1708,B,pid.gyrox.U,10.145523
21.1708,B,pid.gyroy.Des,22.418087
21.1708,B,pid.gyroy.FB,9.8793907
21.1708,B,pid.gyroy.U,91.789276
21.1708,B,pid.gyroz.Des,-5.8133016
21.1708,B,pid.gyroz.FB,1.8410528
21.1708,B,pid.gyroz.U,-63.233513
21.1708,B,pid.locx.Des,14.472035
21.1708,B,pid.locx.FB,8.7072849
21.1708,B,pid.locx.U,4.2126598
21.1708,B,pid.locxs.Des,4.2126598
21.1708,B,pid.locxs.FB,-28.027563
21.1708,B,pid.locxs.U,98.287209
21.1708,B,pid.locy.Des,38.051079
21.1708,B,pid.locy.FB,53.186039
21.1708,B,pid.locy.U,-12.955152
21.1708,B,pid.locys.Des,-11.599999
21.1708,B,pid.locys.FB,-32.610668
21.1708,B,pid.locys.U,79.20472
21.1708,B,pid.pitch.Des,7.199698
21.1708,B,pid.pitch.FB,2.2031276
21.1708,B,pid.pitch.U,22.418087
21.1708,B,pid.roll.Des,-1.337521
21.1708,B,pid.roll.FB,-3.640049
21.1708,B,pid.roll.U,7.175612
21.1708,B,pid.yaw.Des,40
21.1708,B,pid.yaw.FB,40.677769
21.1708,B,pid.yaw.U,-5.8133016
21.1708,B,pid.z_pos.Des,0.62994766
21.1708,B,pid.z_pos.FB,0.63823676
21.1708,B,pid.z_pos.U,-0.1120287
21.1708,B,pid.z_rate.Des,-0.1120287
21.1708,B,pid.z_rate.FB,0.00078551838
21.1708,B,pid.z_rate.U,-58.175686
21.1708,B,status.vbat,0
21.3724,A,mrac.pitch.e,0.14392483
21.3724,A,mrac.pitch.u_ad,0.043971118
21.3724,A,mrac.roll.e,-0.04391209
21.3724,A,mrac.roll.u_ad,0.16535026
21.3724,A,mrac.yaw.e,0.022504978
21.3724,A,mrac.yaw.u_ad,-0.0040735425
21.3724,A,mrac.z.e,0.250604
21.3724,A,mrac.z.u_ad,-0.093238667
21.3724,A,status.arm,1
21.3724,A,status.flymode,1
21.3724,A,status.rc_authority,0
21.3724,A,status.sbus_lost,0
21.3724,A,status.twc_arrived,0
21.3724,A,status.twc_execute,0
21.3726,B,mrac.pitch.theta_0,0.0079703452
21.3726,B,mrac.pitch.theta_1,0.0040542167
21.3726,B,mrac.pitch.theta_2,0.0013838357
21.3726,B,mrac.pitch.theta_3,0.0062457719
21.3726,B,mrac.pitch.theta_4,0.12592225
21.3726,B,mrac.pitch.theta_5,0.14348172
21.3726,B,mrac.pitch.u_nom,0.078452371
21.3726,B,mrac.pitch.xm,0.39126959
21.3726,B,mrac.roll.theta_0,0.13976265
21.3726,B,mrac.roll.theta_1,0.0024557507
21.3726,B,mrac.roll.theta_2,0.0052850144
21.3726,B,mrac.roll.theta_3,0.0056280838
21.3726,B,mrac.roll.theta_4,0.13937941
21.3726,B,mrac.roll.theta_5,0.14121395
21.3726,B,mrac.roll.u_nom,0.0086713871
21.3726,B,mrac.roll.xm,0.12523811
21.3726,B,mrac.yaw.theta_0,0.0047758748
21.3726,B,mrac.yaw.theta_1,0.0024213342
21.3726,B,mrac.yaw.theta_2,0.0034962101
21.3726,B,mrac.yaw.theta_3,0
21.3726,B,mrac.yaw.theta_4,0.03973987
21.3726,B,mrac.yaw.theta_5,0.085980542
21.3726,B,mrac.yaw.u_nom,-0.033778585
21.3726,B,mrac.yaw.xm,-0.1014613
21.3726,B,mrac.z.theta_0,0.0040254686
21.3726,B,mrac.z.theta_1,0.0026052012
21.3726,B,mrac.z.theta_2,0.0059622363
21.3726,B,mrac.z.theta_3,0
21.3726,B,mrac.z.theta_4,0.19570516
21.3726,B,mrac.z.theta_5,0.18791229
21.3726,B,mrac.z.u_nom,-0.26205263
21.3726,B,mrac.z.xm,-0.1120287
21.3726,B,path.active_path_mode,0
21.3726,B,path.circle_theta,0
21.3726,B,path.sinusoid_t_elapsed,0
21.3726,B,path.twc_arrived,0
21.3726,B,path.twc_target_x,1.4901161e-06
21.3726,B,path.twc_target_y,0
21.3726,B,path.twc_target_z,0.60000002
21.3726,B,pid.gyrox.Des,7.175612
21.3726,B,pid.gyrox.FB,14.63524
21.3726,B,pid.gyrox.U,10.145523
21.3726,B,pid.gyroy.Des,22.418087
21.3726,B,pid.gyroy.FB,9.8793907
21.3726,B,pid.gyroy.U,91.789276
21.3726,B,pid.gyroz.Des,-5.8133016
21.3726,B,pid.gyroz.FB,1.8410528
21.3726,B,pid.gyroz.U,-63.233513
21.3726,B,pid.locx.Des,14.472035
21.3726,B,pid.locx.FB,8.7072849
21.3726,B,pid.locx.U,4.2126598
21.3726,B,pid.locxs.Des,4.2126598
21.3726,B,pid.locxs.FB,-28.027563
21.3726,B,pid.locxs.U,98.287209
21.3726,B,pid.locy.Des,38.051079
21.3726,B,pid.locy.FB,53.186039
21.3726,B,pid.locy.U,-12.955152
21.3726,B,pid.locys.Des,-11.599999
21.3726,B,pid.locys.FB,-32.610668
21.3726,B,pid.locys.U,79.20472
21.3726,B,pid.pitch.Des,7.199698
21.3726,B,pid.pitch.FB,2.2031276
21.3726,B,pid.pitch.U,22.418087
21.3726,B,pid.roll.Des,-1.337521
21.3726,B,pid.roll.FB,-3.640049
21.3726,B,pid.roll.U,7.175612
21.3726,B,pid.yaw.Des,40
21.3726,B,pid.yaw.FB,40.677769
21.3726,B,pid.yaw.U,-5.8133016
21.3726,B,pid.z_pos.Des,0.62994766
21.3726,B,pid.z_pos.FB,0.63823676
21.3726,B,pid.z_pos.U,-0.1120287
21.3726,B,pid.z_rate.Des,-0.1120287
21.3726,B,pid.z_rate.FB,0.00078551838
21.3726,B,pid.z_rate.U,-58.175686
21.3726,B,status.vbat,0
21.5726,A,mrac.pitch.e,0.14392483
21.5726,A,mrac.pitch.u_ad,0.043971118
21.5726,A,mrac.roll.e,-0.04391209
21.5726,A,mrac.roll.u_ad,0.16535026
21.5726,A,mrac.yaw.e,0.022504978
21.5726,A,mrac.yaw.u_ad,-0.0040735425
21.5726,A,mrac.z.e,0.250604
21.5726,A,mrac.z.u_ad,-0.093238667
21.5726,A,status.arm,1
21.5726,A,status.flymode,1
21.5726,A,status.rc_authority,0
21.5726,A,status.sbus_lost,0
21.5726,A,status.twc_arrived,0
21.5726,A,status.twc_execute,0
21.5727,B,mrac.pitch.theta_0,0.0079703452
21.5727,B,mrac.pitch.theta_1,0.0040542167
21.5727,B,mrac.pitch.theta_2,0.0013838357
21.5727,B,mrac.pitch.theta_3,0.0062457719
21.5727,B,mrac.pitch.theta_4,0.12592225
21.5727,B,mrac.pitch.theta_5,0.14348172
21.5727,B,mrac.pitch.u_nom,0.078452371
21.5727,B,mrac.pitch.xm,0.39126959
21.5727,B,mrac.roll.theta_0,0.13976265
21.5727,B,mrac.roll.theta_1,0.0024557507
21.5727,B,mrac.roll.theta_2,0.0052850144
21.5727,B,mrac.roll.theta_3,0.0056280838
21.5727,B,mrac.roll.theta_4,0.13937941
21.5727,B,mrac.roll.theta_5,0.14121395
21.5727,B,mrac.roll.u_nom,0.0086713871
21.5727,B,mrac.roll.xm,0.12523811
21.5727,B,mrac.yaw.theta_0,0.0047758748
21.5727,B,mrac.yaw.theta_1,0.0024213342
21.5727,B,mrac.yaw.theta_2,0.0034962101
21.5727,B,mrac.yaw.theta_3,0
21.5727,B,mrac.yaw.theta_4,0.03973987
21.5727,B,mrac.yaw.theta_5,0.085980542
21.5727,B,mrac.yaw.u_nom,-0.033778585
21.5727,B,mrac.yaw.xm,-0.1014613
21.5727,B,mrac.z.theta_0,0.0040254686
21.5727,B,mrac.z.theta_1,0.0026052012
21.5727,B,mrac.z.theta_2,0.0059622363
21.5727,B,mrac.z.theta_3,0
21.5727,B,mrac.z.theta_4,0.19570516
21.5727,B,mrac.z.theta_5,0.18791229
21.5727,B,mrac.z.u_nom,-0.26205263
21.5727,B,mrac.z.xm,-0.1120287
21.5727,B,path.active_path_mode,0
21.5727,B,path.circle_theta,0
21.5727,B,path.sinusoid_t_elapsed,0
21.5727,B,path.twc_arrived,0
21.5727,B,path.twc_target_x,1.4901161e-06
21.5727,B,path.twc_target_y,0
21.5727,B,path.twc_target_z,0.60000002
21.5727,B,pid.gyrox.Des,7.175612
21.5727,B,pid.gyrox.FB,14.63524
21.5727,B,pid.gyrox.U,10.145523
21.5727,B,pid.gyroy.Des,22.418087
21.5727,B,pid.gyroy.FB,9.8793907
21.5727,B,pid.gyroy.U,91.789276
21.5727,B,pid.gyroz.Des,-5.8133016
21.5727,B,pid.gyroz.FB,1.8410528
21.5727,B,pid.gyroz.U,-63.233513
21.5727,B,pid.locx.Des,14.472035
21.5727,B,pid.locx.FB,8.7072849
21.5727,B,pid.locx.U,4.2126598
21.5727,B,pid.locxs.Des,4.2126598
21.5727,B,pid.locxs.FB,-28.027563
21.5727,B,pid.locxs.U,98.287209
21.5727,B,pid.locy.Des,38.051079
21.5727,B,pid.locy.FB,53.186039
21.5727,B,pid.locy.U,-12.955152
21.5727,B,pid.locys.Des,-11.599999
21.5727,B,pid.locys.FB,-32.610668
21.5727,B,pid.locys.U,79.20472
21.5727,B,pid.pitch.Des,7.199698
21.5727,B,pid.pitch.FB,2.2031276
21.5727,B,pid.pitch.U,22.418087
21.5727,B,pid.roll.Des,-1.337521
21.5727,B,pid.roll.FB,-3.640049
21.5727,B,pid.roll.U,7.175612
21.5727,B,pid.yaw.Des,40
21.5727,B,pid.yaw.FB,40.677769
21.5727,B,pid.yaw.U,-5.8133016
21.5727,B,pid.z_pos.Des,0.62994766
21.5727,B,pid.z_pos.FB,0.63823676
21.5727,B,pid.z_pos.U,-0.1120287
21.5727,B,pid.z_rate.Des,-0.1120287
21.5727,B,pid.z_rate.FB,0.00078551838
21.5727,B,pid.z_rate.U,-58.175686
21.5727,B,status.vbat,0
21.7884,A,mrac.pitch.e,0.14392483
21.7884,A,mrac.pitch.u_ad,0.043971118
21.7884,A,mrac.roll.e,-0.04391209
21.7884,A,mrac.roll.u_ad,0.16535026
21.7884,A,mrac.yaw.e,0.022504978
21.7884,A,mrac.yaw.u_ad,-0.0040735425
21.7884,A,mrac.z.e,0.250604
21.7884,A,mrac.z.u_ad,-0.093238667
21.7884,A,status.arm,1
21.7884,A,status.flymode,1
21.7884,A,status.rc_authority,0
21.7884,A,status.sbus_lost,0
21.7884,A,status.twc_arrived,0
21.7884,A,status.twc_execute,0
21.7885,B,mrac.pitch.theta_0,0.0079703452
21.7885,B,mrac.pitch.theta_1,0.0040542167
21.7885,B,mrac.pitch.theta_2,0.0013838357
21.7885,B,mrac.pitch.theta_3,0.0062457719
21.7885,B,mrac.pitch.theta_4,0.12592225
21.7885,B,mrac.pitch.theta_5,0.14348172
21.7885,B,mrac.pitch.u_nom,0.078452371
21.7885,B,mrac.pitch.xm,0.39126959
21.7885,B,mrac.roll.theta_0,0.13976265
21.7885,B,mrac.roll.theta_1,0.0024557507
21.7885,B,mrac.roll.theta_2,0.0052850144
21.7885,B,mrac.roll.theta_3,0.0056280838
21.7885,B,mrac.roll.theta_4,0.13937941
21.7885,B,mrac.roll.theta_5,0.14121395
21.7885,B,mrac.roll.u_nom,0.0086713871
21.7885,B,mrac.roll.xm,0.12523811
21.7885,B,mrac.yaw.theta_0,0.0047758748
21.7885,B,mrac.yaw.theta_1,0.0024213342
21.7885,B,mrac.yaw.theta_2,0.0034962101
21.7885,B,mrac.yaw.theta_3,0
21.7885,B,mrac.yaw.theta_4,0.03973987
21.7885,B,mrac.yaw.theta_5,0.085980542
21.7885,B,mrac.yaw.u_nom,-0.033778585
21.7885,B,mrac.yaw.xm,-0.1014613
21.7885,B,mrac.z.theta_0,0.0040254686
21.7885,B,mrac.z.theta_1,0.0026052012
21.7885,B,mrac.z.theta_2,0.0059622363
21.7885,B,mrac.z.theta_3,0
21.7885,B,mrac.z.theta_4,0.19570516
21.7885,B,mrac.z.theta_5,0.18791229
21.7885,B,mrac.z.u_nom,-0.26205263
21.7885,B,mrac.z.xm,-0.1120287
21.7885,B,path.active_path_mode,0
21.7885,B,path.circle_theta,0
21.7885,B,path.sinusoid_t_elapsed,0
21.7885,B,path.twc_arrived,0
21.7885,B,path.twc_target_x,1.4901161e-06
21.7885,B,path.twc_target_y,0
21.7885,B,path.twc_target_z,0.60000002
21.7885,B,pid.gyrox.Des,7.175612
21.7885,B,pid.gyrox.FB,14.63524
21.7885,B,pid.gyrox.U,10.145523
21.7885,B,pid.gyroy.Des,22.418087
21.7885,B,pid.gyroy.FB,9.8793907
21.7885,B,pid.gyroy.U,91.789276
21.7885,B,pid.gyroz.Des,-5.8133016
21.7885,B,pid.gyroz.FB,1.8410528
21.7885,B,pid.gyroz.U,-63.233513
21.7885,B,pid.locx.Des,14.472035
21.7885,B,pid.locx.FB,8.7072849
21.7885,B,pid.locx.U,4.2126598
21.7885,B,pid.locxs.Des,4.2126598
21.7885,B,pid.locxs.FB,-28.027563
21.7885,B,pid.locxs.U,98.287209
21.7885,B,pid.locy.Des,38.051079
21.7885,B,pid.locy.FB,53.186039
21.7885,B,pid.locy.U,-12.955152
21.7885,B,pid.locys.Des,-11.599999
21.7885,B,pid.locys.FB,-32.610668
21.7885,B,pid.locys.U,79.20472
21.7885,B,pid.pitch.Des,7.199698
21.7885,B,pid.pitch.FB,2.2031276
21.7885,B,pid.pitch.U,22.418087
21.7885,B,pid.roll.Des,-1.337521
21.7885,B,pid.roll.FB,-3.640049
21.7885,B,pid.roll.U,7.175612
21.7885,B,pid.yaw.Des,40
21.7885,B,pid.yaw.FB,40.677769
21.7885,B,pid.yaw.U,-5.8133016
21.7885,B,pid.z_pos.Des,0.62994766
21.7885,B,pid.z_pos.FB,0.63823676
21.7885,B,pid.z_pos.U,-0.1120287
21.7885,B,pid.z_rate.Des,-0.1120287
21.7885,B,pid.z_rate.FB,0.00078551838
21.7885,B,pid.z_rate.U,-58.175686
21.7885,B,status.vbat,0
22.0051,A,mrac.pitch.e,0.14392483
22.0051,A,mrac.pitch.u_ad,0.043971118
22.0051,A,mrac.roll.e,-0.04391209
22.0051,A,mrac.roll.u_ad,0.16535026
22.0051,A,mrac.yaw.e,0.022504978
22.0051,A,mrac.yaw.u_ad,-0.0040735425
22.0051,A,mrac.z.e,0.250604
22.0051,A,mrac.z.u_ad,-0.093238667
22.0051,A,status.arm,1
22.0051,A,status.flymode,1
22.0051,A,status.rc_authority,0
22.0051,A,status.sbus_lost,0
22.0051,A,status.twc_arrived,0
22.0051,A,status.twc_execute,0
22.0052,B,mrac.pitch.theta_0,0.0079703452
22.0052,B,mrac.pitch.theta_1,0.0040542167
22.0052,B,mrac.pitch.theta_2,0.0013838357
22.0052,B,mrac.pitch.theta_3,0.0062457719
22.0052,B,mrac.pitch.theta_4,0.12592225
22.0052,B,mrac.pitch.theta_5,0.14348172
22.0052,B,mrac.pitch.u_nom,0.078452371
22.0052,B,mrac.pitch.xm,0.39126959
22.0052,B,mrac.roll.theta_0,0.13976265
22.0052,B,mrac.roll.theta_1,0.0024557507
22.0052,B,mrac.roll.theta_2,0.0052850144
22.0052,B,mrac.roll.theta_3,0.0056280838
22.0052,B,mrac.roll.theta_4,0.13937941
22.0052,B,mrac.roll.theta_5,0.14121395
22.0052,B,mrac.roll.u_nom,0.0086713871
22.0052,B,mrac.roll.xm,0.12523811
22.0052,B,mrac.yaw.theta_0,0.0047758748
22.0052,B,mrac.yaw.theta_1,0.0024213342
22.0052,B,mrac.yaw.theta_2,0.0034962101
22.0052,B,mrac.yaw.theta_3,0
22.0052,B,mrac.yaw.theta_4,0.03973987
22.0052,B,mrac.yaw.theta_5,0.085980542
22.0052,B,mrac.yaw.u_nom,-0.033778585
22.0052,B,mrac.yaw.xm,-0.1014613
22.0052,B,mrac.z.theta_0,0.0040254686
22.0052,B,mrac.z.theta_1,0.0026052012
22.0052,B,mrac.z.theta_2,0.0059622363
22.0052,B,mrac.z.theta_3,0
22.0052,B,mrac.z.theta_4,0.19570516
22.0052,B,mrac.z.theta_5,0.18791229
22.0052,B,mrac.z.u_nom,-0.26205263
22.0052,B,mrac.z.xm,-0.1120287
22.0052,B,path.active_path_mode,0
22.0052,B,path.circle_theta,0
22.0052,B,path.sinusoid_t_elapsed,0
22.0052,B,path.twc_arrived,0
22.0052,B,path.twc_target_x,1.4901161e-06
22.0052,B,path.twc_target_y,0
22.0052,B,path.twc_target_z,0.60000002
22.0052,B,pid.gyrox.Des,7.175612
22.0052,B,pid.gyrox.FB,14.63524
22.0052,B,pid.gyrox.U,10.145523
22.0052,B,pid.gyroy.Des,22.418087
22.0052,B,pid.gyroy.FB,9.8793907
22.0052,B,pid.gyroy.U,91.789276
22.0052,B,pid.gyroz.Des,-5.8133016
22.0052,B,pid.gyroz.FB,1.8410528
22.0052,B,pid.gyroz.U,-63.233513
22.0052,B,pid.locx.Des,14.472035
22.0052,B,pid.locx.FB,8.7072849
22.0052,B,pid.locx.U,4.2126598
22.0052,B,pid.locxs.Des,4.2126598
22.0052,B,pid.locxs.FB,-28.027563
22.0052,B,pid.locxs.U,98.287209
22.0052,B,pid.locy.Des,38.051079
22.0052,B,pid.locy.FB,53.186039
22.0052,B,pid.locy.U,-12.955152
22.0052,B,pid.locys.Des,-11.599999
22.0052,B,pid.locys.FB,-32.610668
22.0052,B,pid.locys.U,79.20472
22.0052,B,pid.pitch.Des,7.199698
22.0052,B,pid.pitch.FB,2.2031276
22.0052,B,pid.pitch.U,22.418087
22.0052,B,pid.roll.Des,-1.337521
22.0052,B,pid.roll.FB,-3.640049
22.0052,B,pid.roll.U,7.175612
22.0052,B,pid.yaw.Des,40
22.0052,B,pid.yaw.FB,40.677769
22.0052,B,pid.yaw.U,-5.8133016
22.0052,B,pid.z_pos.Des,0.62994766
22.0052,B,pid.z_pos.FB,0.63823676
22.0052,B,pid.z_pos.U,-0.1120287
22.0052,B,pid.z_rate.Des,-0.1120287
22.0052,B,pid.z_rate.FB,0.00078551838
22.0052,B,pid.z_rate.U,-58.175686
22.0052,B,status.vbat,0
22.2192,A,mrac.pitch.e,0.14392483
22.2192,A,mrac.pitch.u_ad,0.043971118
22.2192,A,mrac.roll.e,-0.04391209
22.2192,A,mrac.roll.u_ad,0.16535026
22.2192,A,mrac.yaw.e,0.022504978
22.2192,A,mrac.yaw.u_ad,-0.0040735425
22.2192,A,mrac.z.e,0.250604
22.2192,A,mrac.z.u_ad,-0.093238667
22.2192,A,status.arm,1
22.2192,A,status.flymode,1
22.2192,A,status.rc_authority,0
22.2192,A,status.sbus_lost,0
22.2192,A,status.twc_arrived,0
22.2192,A,status.twc_execute,0
22.2192,B,mrac.pitch.theta_0,0.0079703452
22.2192,B,mrac.pitch.theta_1,0.0040542167
22.2192,B,mrac.pitch.theta_2,0.0013838357
22.2192,B,mrac.pitch.theta_3,0.0062457719
22.2192,B,mrac.pitch.theta_4,0.12592225
22.2192,B,mrac.pitch.theta_5,0.14348172
22.2192,B,mrac.pitch.u_nom,0.078452371
22.2192,B,mrac.pitch.xm,0.39126959
22.2192,B,mrac.roll.theta_0,0.13976265
22.2192,B,mrac.roll.theta_1,0.0024557507
22.2192,B,mrac.roll.theta_2,0.0052850144
22.2192,B,mrac.roll.theta_3,0.0056280838
22.2192,B,mrac.roll.theta_4,0.13937941
22.2192,B,mrac.roll.theta_5,0.14121395
22.2192,B,mrac.roll.u_nom,0.0086713871
22.2192,B,mrac.roll.xm,0.12523811
22.2192,B,mrac.yaw.theta_0,0.0047758748
22.2192,B,mrac.yaw.theta_1,0.0024213342
22.2192,B,mrac.yaw.theta_2,0.0034962101
22.2192,B,mrac.yaw.theta_3,0
22.2192,B,mrac.yaw.theta_4,0.03973987
22.2192,B,mrac.yaw.theta_5,0.085980542
22.2192,B,mrac.yaw.u_nom,-0.033778585
22.2192,B,mrac.yaw.xm,-0.1014613
22.2192,B,mrac.z.theta_0,0.0040254686
22.2192,B,mrac.z.theta_1,0.0026052012
22.2192,B,mrac.z.theta_2,0.0059622363
22.2192,B,mrac.z.theta_3,0
22.2192,B,mrac.z.theta_4,0.19570516
22.2192,B,mrac.z.theta_5,0.18791229
22.2192,B,mrac.z.u_nom,-0.26205263
22.2192,B,mrac.z.xm,-0.1120287
22.2192,B,path.active_path_mode,0
22.2192,B,path.circle_theta,0
22.2192,B,path.sinusoid_t_elapsed,0
22.2192,B,path.twc_arrived,0
22.2192,B,path.twc_target_x,1.4901161e-06
22.2192,B,path.twc_target_y,0
22.2192,B,path.twc_target_z,0.60000002
22.2192,B,pid.gyrox.Des,7.175612
22.2192,B,pid.gyrox.FB,14.63524
22.2192,B,pid.gyrox.U,10.145523
22.2192,B,pid.gyroy.Des,22.418087
22.2192,B,pid.gyroy.FB,9.8793907
22.2192,B,pid.gyroy.U,91.789276
22.2192,B,pid.gyroz.Des,-5.8133016
22.2192,B,pid.gyroz.FB,1.8410528
22.2192,B,pid.gyroz.U,-63.233513
22.2192,B,pid.locx.Des,14.472035
22.2192,B,pid.locx.FB,8.7072849
22.2192,B,pid.locx.U,4.2126598
22.2192,B,pid.locxs.Des,4.2126598
22.2192,B,pid.locxs.FB,-28.027563
22.2192,B,pid.locxs.U,98.287209
22.2192,B,pid.locy.Des,38.051079
22.2192,B,pid.locy.FB,53.186039
22.2192,B,pid.locy.U,-12.955152
22.2192,B,pid.locys.Des,-11.599999
22.2192,B,pid.locys.FB,-32.610668
22.2192,B,pid.locys.U,79.20472
22.2192,B,pid.pitch.Des,7.199698
22.2192,B,pid.pitch.FB,2.2031276
22.2192,B,pid.pitch.U,22.418087
22.2192,B,pid.roll.Des,-1.337521
22.2192,B,pid.roll.FB,-3.640049
22.2192,B,pid.roll.U,7.175612
22.2192,B,pid.yaw.Des,40
22.2192,B,pid.yaw.FB,40.677769
22.2192,B,pid.yaw.U,-5.8133016
22.2192,B,pid.z_pos.Des,0.62994766
22.2192,B,pid.z_pos.FB,0.63823676
22.2192,B,pid.z_pos.U,-0.1120287
22.2192,B,pid.z_rate.Des,-0.1120287
22.2192,B,pid.z_rate.FB,0.00078551838
22.2192,B,pid.z_rate.U,-58.175686
22.2192,B,status.vbat,0
22.4211,A,mrac.pitch.e,0.14591584
22.4211,A,mrac.pitch.u_ad,0.059009355
22.4211,A,mrac.roll.e,0.047995262
22.4211,A,mrac.roll.u_ad,0.16525041
22.4211,A,mrac.yaw.e,0.070491247
22.4211,A,mrac.yaw.u_ad,0.0078324685
22.4211,A,mrac.z.e,0.087682091
22.4211,A,mrac.z.u_ad,-0.059428349
22.4211,A,status.arm,1
22.4211,A,status.flymode,1
22.4211,A,status.rc_authority,0
22.4211,A,status.sbus_lost,0
22.4211,A,status.twc_arrived,0
22.4211,A,status.twc_execute,0
22.4212,B,mrac.pitch.theta_0,0.002947751
22.4212,B,mrac.pitch.theta_1,0.0044203876
22.4212,B,mrac.pitch.theta_2,0.0012055605
22.4212,B,mrac.pitch.theta_3,0.006256741
22.4212,B,mrac.pitch.theta_4,0.12696737
22.4212,B,mrac.pitch.theta_5,0.1428646
22.4212,B,mrac.pitch.u_nom,-0.13852514
22.4212,B,mrac.pitch.xm,0.42038602
22.4212,B,mrac.roll.theta_0,0.14469917
22.4212,B,mrac.roll.theta_1,0.0021754245
22.4212,B,mrac.roll.theta_2,0.0053905705
22.4212,B,mrac.roll.theta_3,0.0056655984
22.4212,B,mrac.roll.theta_4,0.14002557
22.4212,B,mrac.roll.theta_5,0.1411522
22.4212,B,mrac.roll.u_nom,-0.10870558
22.4212,B,mrac.roll.xm,0.11566435
22.4212,B,mrac.yaw.theta_0,0.011200069
22.4212,B,mrac.yaw.theta_1,0.0023286736
22.4212,B,mrac.yaw.theta_2,0.0034934967
22.4212,B,mrac.yaw.theta_3,0
22.4212,B,mrac.yaw.theta_4,0.039775301
22.4212,B,mrac.yaw.theta_5,0.08589837
22.4212,B,mrac.yaw.u_nom,-0.01414886
22.4212,B,mrac.yaw.xm,-0.035098486
22.4212,B,mrac.z.theta_0,0.0029851431
22.4212,B,mrac.z.theta_1,0.0027849018
22.4212,B,mrac.z.theta_2,0.0059333849
22.4212,B,mrac.z.theta_3,0
22.4212,B,mrac.z.theta_4,0.19578502
22.4212,B,mrac.z.theta_5,0.18804665
22.4212,B,mrac.z.u_nom,-0.21510638
22.4212,B,mrac.z.xm,-0.12004949
22.4212,B,path.active_path_mode,0
22.4212,B,path.circle_theta,0
22.4212,B,path.sinusoid_t_elapsed,0
22.4212,B,path.twc_arrived,0
22.4212,B,path.twc_target_x,1.4901161e-06
22.4212,B,path.twc_target_y,0
22.4212,B,path.twc_target_z,0.60000002
22.4212,B,pid.gyrox.Des,6.6270761
22.4212,B,pid.gyrox.FB,13.057334
22.4212,B,pid.gyrox.U,-127.18553
22.4212,B,pid.gyroy.Des,24.086334
22.4212,B,pid.gyroy.FB,36.214993
22.4212,B,pid.gyroy.U,-162.07442
22.4212,B,pid.gyroz.Des,-2.0109942
22.4212,B,pid.gyroz.FB,1.0743355
22.4212,B,pid.gyroz.U,-26.486666
22.4212,B,pid.locx.Des,-4.5946255
22.4212,B,pid.locx.FB,-13.64854
22.4212,B,pid.locx.U,10.870699
22.4212,B,pid.locxs.Des,10.870699
22.4212,B,pid.locxs.FB,-44.220833
22.4212,B,pid.locxs.U,175.87721
22.4212,B,pid.locy.Des,28.568331
22.4212,B,pid.locy.FB,23.392227
22.4212,B,pid.locy.U,7.8864546
22.4212,B,pid.locys.Des,7.8864546
22.4212,B,pid.locys.FB,-49.035885
22.4212,B,pid.locys.U,173.79657
22.4212,B,pid.pitch.Des,14.074687
22.4212,B,pid.pitch.FB,5.7706556
22.4212,B,pid.pitch.U,24.086334
22.4212,B,pid.roll.Des,-1.2605717
22.4212,B,pid.roll.FB,-3.4355128
22.4212,B,pid.roll.U,6.6270761
22.4212,B,pid.yaw.Des,40
22.4212,B,pid.yaw.FB,40.30864
22.4212,B,pid.yaw.U,-2.0109942
22.4212,B,pid.z_pos.Des,0.62994766
22.4212,B,pid.z_pos.FB,0.62568092
22.4212,B,pid.z_pos.U,-0.12004949
22.4212,B,pid.z_rate.Des,-0.12004949
22.4212,B,pid.z_rate.FB,-0.033290453
22.4212,B,pid.z_rate.U,-47.753616
22.4212,B,status.vbat,0
22.6371,A,mrac.pitch.e,0.16829053
22.6371,A,mrac.pitch.u_ad,0.024527129
22.6371,A,mrac.roll.e,-0.19304407
22.6371,A,mrac.roll.u_ad,0.17262301
22.6371,A,mrac.yaw.e,0.052847624
22.6371,A,mrac.yaw.u_ad,0.0076451581
22.6371,A,mrac.z.e,0.23220596
22.6371,A,mrac.z.u_ad,-0.11199813
22.6371,A,status.arm,1
22.6371,A,status.flymode,1
22.6371,A,status.rc_authority,0
22.6371,A,status.sbus_lost,0
22.6371,A,status.twc_arrived,0
22.6371,A,status.twc_execute,0
22.6371,B,mrac.pitch.theta_0,0.0019598731
22.6371,B,mrac.pitch.theta_1,0.0040184841
22.6371,B,mrac.pitch.theta_2,0.0011753483
22.6371,B,mrac.pitch.theta_3,0.0062564169
22.6371,B,mrac.pitch.theta_4,0.12701748
22.6371,B,mrac.pitch.theta_5,0.14262873
22.6371,B,mrac.pitch.u_nom,-0.10135467
22.6371,B,mrac.pitch.xm,0.23625308
22.6371,B,mrac.roll.theta_0,0.1447424
22.6371,B,mrac.roll.theta_1,0.0021753085
22.6371,B,mrac.roll.theta_2,0.0053900667
22.6371,B,mrac.roll.theta_3,0.0056666755
22.6371,B,mrac.roll.theta_4,0.14005394
22.6371,B,mrac.roll.theta_5,0.14115243
22.6371,B,mrac.roll.u_nom,0.14405128
22.6371,B,mrac.roll.xm,0.12816156
22.6371,B,mrac.yaw.theta_0,0.010661691
22.6371,B,mrac.yaw.theta_1,0.0023272412
22.6371,B,mrac.yaw.theta_2,0.0034933598
22.6371,B,mrac.yaw.theta_3,0
22.6371,B,mrac.yaw.theta_4,0.039775584
22.6371,B,mrac.yaw.theta_5,0.085896105
22.6371,B,mrac.yaw.u_nom,-0.021997645
22.6371,B,mrac.yaw.xm,-0.024050236
22.6371,B,mrac.z.theta_0,0.0028160054
22.6371,B,mrac.z.theta_1,0.0027737452
22.6371,B,mrac.z.theta_2,0.0059298747
22.6371,B,mrac.z.theta_3,0
22.6371,B,mrac.z.theta_4,0.19580244
22.6371,B,mrac.z.theta_5,0.18805864
22.6371,B,mrac.z.u_nom,-0.35402772
22.6371,B,mrac.z.xm,-0.12504464
22.6371,B,path.active_path_mode,0
22.6371,B,path.circle_theta,0
22.6371,B,path.sinusoid_t_elapsed,0
22.6371,B,path.twc_arrived,0
22.6371,B,path.twc_target_x,1.4901161e-06
22.6371,B,path.twc_target_y,0
22.6371,B,path.twc_target_z,0.60000002
22.6371,B,pid.gyrox.Des,7.3431134
22.6371,B,pid.gyrox.FB,-5.3696461
22.6371,B,pid.gyrox.U,168.54001
22.6371,B,pid.gyroy.Des,13.536299
22.6371,B,pid.gyroy.FB,31.693394
22.6371,B,pid.gyroy.U,-118.58496
22.6371,B,pid.gyroz.Des,-1.3779764
22.6371,B,pid.gyroz.FB,3.5271864
22.6371,B,pid.gyroz.U,-41.179592
22.6371,B,pid.locx.Des,-4.5946255
22.6371,B,pid.locx.FB,-16.797094
22.6371,B,pid.locx.U,13.091109
22.6371,B,pid.locxs.Des,13.091109
22.6371,B,pid.locxs.FB,-36.774193
22.6371,B,pid.locxs.U,155.1745
22.6371,B,pid.locy.Des,28.568331
22.6371,B,pid.locy.FB,19.749029
22.6371,B,pid.locy.U,10.629293
22.6371,B,pid.locys.Des,10.629293
22.6371,B,pid.locys.FB,-43.550648
22.6371,B,pid.locys.U,169.26315
22.6371,B,pid.pitch.Des,13.151137
22.6371,B,pid.pitch.FB,8.1764345
22.6371,B,pid.pitch.U,13.536299
22.6371,B,pid.roll.Des,-0.54120004
22.6371,B,pid.roll.FB,-2.9637136
22.6371,B,pid.roll.U,7.3431134
22.6371,B,pid.yaw.Des,40
22.6371,B,pid.yaw.FB,40.177799
22.6371,B,pid.yaw.U,-1.3779764
22.6371,B,pid.z_pos.Des,0.62994766
22.6371,B,pid.z_pos.FB,0.63264692
22.6371,B,pid.z_pos.U,-0.12504464
22.6371,B,pid.z_rate.Des,-0.12504464
22.6371,B,pid.z_rate.FB,0.038815737
22.6371,B,pid.z_rate.U,-78.594154
22.6371,B,status.vbat,0
22.8386,A,mrac.pitch.e,0.16829053
22.8386,A,mrac.pitch.u_ad,0.024527129
22.8386,A,mrac.roll.e,-0.19304407
22.8386,A,mrac.roll.u_ad,0.17262301
22.8386,A,mrac.yaw.e,0.052847624
22.8386,A,mrac.yaw.u_ad,0.0076451581
22.8386,A,mrac.z.e,0.23220596
22.8386,A,mrac.z.u_ad,-0.11199813
22.8386,A,status.arm,1
22.8386,A,status.flymode,1
22.8386,A,status.rc_authority,0
22.8386,A,status.sbus_lost,0
22.8386,A,status.twc_arrived,0
22.8386,A,status.twc_execute,0
22.8387,B,mrac.pitch.theta_0,0.0019598731
22.8387,B,mrac.pitch.theta_1,0.0040184841
22.8387,B,mrac.pitch.theta_2,0.0011753483
22.8387,B,mrac.pitch.theta_3,0.0062564169
22.8387,B,mrac.pitch.theta_4,0.12701748
22.8387,B,mrac.pitch.theta_5,0.14262873
22.8387,B,mrac.pitch.u_nom,-0.10135467
22.8387,B,mrac.pitch.xm,0.23625308
22.8387,B,mrac.roll.theta_0,0.1447424
22.8387,B,mrac.roll.theta_1,0.0021753085
22.8387,B,mrac.roll.theta_2,0.0053900667
22.8387,B,mrac.roll.theta_3,0.0056666755
22.8387,B,mrac.roll.theta_4,0.14005394
22.8387,B,mrac.roll.theta_5,0.14115243
22.8387,B,mrac.roll.u_nom,0.14405128
22.8387,B,mrac.roll.xm,0.12816156
22.8387,B,mrac.yaw.theta_0,0.010661691
22.8387,B,mrac.yaw.theta_1,0.0023272412
22.8387,B,mrac.yaw.theta_2,0.0034933598
22.8387,B,mrac.yaw.theta_3,0
22.8387,B,mrac.yaw.theta_4,0.039775584
22.8387,B,mrac.yaw.theta_5,0.085896105
22.8387,B,mrac.yaw.u_nom,-0.021997645
22.8387,B,mrac.yaw.xm,-0.024050236
22.8387,B,mrac.z.theta_0,0.0028160054
22.8387,B,mrac.z.theta_1,0.0027737452
22.8387,B,mrac.z.theta_2,0.0059298747
22.8387,B,mrac.z.theta_3,0
22.8387,B,mrac.z.theta_4,0.19580244
22.8387,B,mrac.z.theta_5,0.18805864
22.8387,B,mrac.z.u_nom,-0.35402772
22.8387,B,mrac.z.xm,-0.12504464
22.8387,B,path.active_path_mode,0
22.8387,B,path.circle_theta,0
22.8387,B,path.sinusoid_t_elapsed,0
22.8387,B,path.twc_arrived,0
22.8387,B,path.twc_target_x,1.4901161e-06
22.8387,B,path.twc_target_y,0
22.8387,B,path.twc_target_z,0.60000002
22.8387,B,pid.gyrox.Des,7.3431134
22.8387,B,pid.gyrox.FB,-5.3696461
22.8387,B,pid.gyrox.U,168.54001
22.8387,B,pid.gyroy.Des,13.536299
22.8387,B,pid.gyroy.FB,31.693394
22.8387,B,pid.gyroy.U,-118.58496
22.8387,B,pid.gyroz.Des,-1.3779764
22.8387,B,pid.gyroz.FB,3.5271864
22.8387,B,pid.gyroz.U,-41.179592
22.8387,B,pid.locx.Des,-4.5946255
22.8387,B,pid.locx.FB,-16.797094
22.8387,B,pid.locx.U,13.091109
22.8387,B,pid.locxs.Des,13.091109
22.8387,B,pid.locxs.FB,-36.774193
22.8387,B,pid.locxs.U,155.1745
22.8387,B,pid.locy.Des,28.568331
22.8387,B,pid.locy.FB,19.749029
22.8387,B,pid.locy.U,10.629293
22.8387,B,pid.locys.Des,10.629293
22.8387,B,pid.locys.FB,-43.550648
22.8387,B,pid.locys.U,169.26315
22.8387,B,pid.pitch.Des,13.151137
22.8387,B,pid.pitch.FB,8.1764345
22.8387,B,pid.pitch.U,13.536299
22.8387,B,pid.roll.Des,-0.54120004
22.8387,B,pid.roll.FB,-2.9637136
22.8387,B,pid.roll.U,7.3431134
22.8387,B,pid.yaw.Des,40
22.8387,B,pid.yaw.FB,40.177799
22.8387,B,pid.yaw.U,-1.3779764
22.8387,B,pid.z_pos.Des,0.62994766
22.8387,B,pid.z_pos.FB,0.63264692
22.8387,B,pid.z_pos.U,-0.12504464
22.8387,B,pid.z_rate.Des,-0.12504464
22.8387,B,pid.z_rate.FB,0.038815737
22.8387,B,pid.z_rate.U,-78.594154
22.8387,B,status.vbat,0
23.0388,A,mrac.pitch.e,0.16829053
23.0388,A,mrac.pitch.u_ad,0.024527129
23.0388,A,mrac.roll.e,-0.19304407
23.0388,A,mrac.roll.u_ad,0.17262301
23.0388,A,mrac.yaw.e,0.052847624
23.0388,A,mrac.yaw.u_ad,0.0076451581
23.0388,A,mrac.z.e,0.23220596
23.0388,A,mrac.z.u_ad,-0.11199813
23.0388,A,status.arm,1
23.0388,A,status.flymode,1
23.0388,A,status.rc_authority,0
23.0388,A,status.sbus_lost,0
23.0388,A,status.twc_arrived,0
23.0388,A,status.twc_execute,0
23.0389,B,mrac.pitch.theta_0,0.0019598731
23.0389,B,mrac.pitch.theta_1,0.0040184841
23.0389,B,mrac.pitch.theta_2,0.0011753483
23.0389,B,mrac.pitch.theta_3,0.0062564169
23.0389,B,mrac.pitch.theta_4,0.12701748
23.0389,B,mrac.pitch.theta_5,0.14262873
23.0389,B,mrac.pitch.u_nom,-0.10135467
23.0389,B,mrac.pitch.xm,0.23625308
23.0389,B,mrac.roll.theta_0,0.1447424
23.0389,B,mrac.roll.theta_1,0.0021753085
23.0389,B,mrac.roll.theta_2,0.0053900667
23.0389,B,mrac.roll.theta_3,0.0056666755
23.0389,B,mrac.roll.theta_4,0.14005394
23.0389,B,mrac.roll.theta_5,0.14115243
23.0389,B,mrac.roll.u_nom,0.14405128
23.0389,B,mrac.roll.xm,0.12816156
23.0389,B,mrac.yaw.theta_0,0.010661691
23.0389,B,mrac.yaw.theta_1,0.0023272412
23.0389,B,mrac.yaw.theta_2,0.0034933598
23.0389,B,mrac.yaw.theta_3,0
23.0389,B,mrac.yaw.theta_4,0.039775584
23.0389,B,mrac.yaw.theta_5,0.085896105
23.0389,B,mrac.yaw.u_nom,-0.021997645
23.0389,B,mrac.yaw.xm,-0.024050236
23.0389,B,mrac.z.theta_0,0.0028160054
23.0389,B,mrac.z.theta_1,0.0027737452
23.0389,B,mrac.z.theta_2,0.0059298747
23.0389,B,mrac.z.theta_3,0
23.0389,B,mrac.z.theta_4,0.19580244
23.0389,B,mrac.z.theta_5,0.18805864
23.0389,B,mrac.z.u_nom,-0.35402772
23.0389,B,mrac.z.xm,-0.12504464
23.0389,B,path.active_path_mode,0
23.0389,B,path.circle_theta,0
23.0389,B,path.sinusoid_t_elapsed,0
23.0389,B,path.twc_arrived,0
23.0389,B,path.twc_target_x,1.4901161e-06
23.0389,B,path.twc_target_y,0
23.0389,B,path.twc_target_z,0.60000002
23.0389,B,pid.gyrox.Des,7.3431134
23.0389,B,pid.gyrox.FB,-5.3696461
23.0389,B,pid.gyrox.U,168.54001
23.0389,B,pid.gyroy.Des,13.536299
23.0389,B,pid.gyroy.FB,31.693394
23.0389,B,pid.gyroy.U,-118.58496
23.0389,B,pid.gyroz.Des,-1.3779764
23.0389,B,pid.gyroz.FB,3.5271864
23.0389,B,pid.gyroz.U,-41.179592
23.0389,B,pid.locx.Des,-4.5946255
23.0389,B,pid.locx.FB,-16.797094
23.0389,B,pid.locx.U,13.091109
23.0389,B,pid.locxs.Des,13.091109
23.0389,B,pid.locxs.FB,-36.774193
23.0389,B,pid.locxs.U,155.1745
23.0389,B,pid.locy.Des,28.568331
23.0389,B,pid.locy.FB,19.749029
23.0389,B,pid.locy.U,10.629293
23.0389,B,pid.locys.Des,10.629293
23.0389,B,pid.locys.FB,-43.550648
23.0389,B,pid.locys.U,169.26315
23.0389,B,pid.pitch.Des,13.151137
23.0389,B,pid.pitch.FB,8.1764345
23.0389,B,pid.pitch.U,13.536299
23.0389,B,pid.roll.Des,-0.54120004
23.0389,B,pid.roll.FB,-2.9637136
23.0389,B,pid.roll.U,7.3431134
23.0389,B,pid.yaw.Des,40
23.0389,B,pid.yaw.FB,40.177799
23.0389,B,pid.yaw.U,-1.3779764
23.0389,B,pid.z_pos.Des,0.62994766
23.0389,B,pid.z_pos.FB,0.63264692
23.0389,B,pid.z_pos.U,-0.12504464
23.0389,B,pid.z_rate.Des,-0.12504464
23.0389,B,pid.z_rate.FB,0.038815737
23.0389,B,pid.z_rate.U,-78.594154
23.0389,B,status.vbat,0
23.2392,A,mrac.pitch.e,0.16829053
23.2392,A,mrac.pitch.u_ad,0.024527129
23.2392,A,mrac.roll.e,-0.19304407
23.2392,A,mrac.roll.u_ad,0.17262301
23.2392,A,mrac.yaw.e,0.052847624
23.2392,A,mrac.yaw.u_ad,0.0076451581
23.2392,A,mrac.z.e,0.23220596
23.2392,A,mrac.z.u_ad,-0.11199813
23.2392,A,status.arm,1
23.2392,A,status.flymode,1
23.2392,A,status.rc_authority,0
23.2392,A,status.sbus_lost,0
23.2392,A,status.twc_arrived,0
23.2392,A,status.twc_execute,0
23.2393,B,mrac.pitch.theta_0,0.0019598731
23.2393,B,mrac.pitch.theta_1,0.0040184841
23.2393,B,mrac.pitch.theta_2,0.0011753483
23.2393,B,mrac.pitch.theta_3,0.0062564169
23.2393,B,mrac.pitch.theta_4,0.12701748
23.2393,B,mrac.pitch.theta_5,0.14262873
23.2393,B,mrac.pitch.u_nom,-0.10135467
23.2393,B,mrac.pitch.xm,0.23625308
23.2393,B,mrac.roll.theta_0,0.1447424
23.2393,B,mrac.roll.theta_1,0.0021753085
23.2393,B,mrac.roll.theta_2,0.0053900667
23.2393,B,mrac.roll.theta_3,0.0056666755
23.2393,B,mrac.roll.theta_4,0.14005394
23.2393,B,mrac.roll.theta_5,0.14115243
23.2393,B,mrac.roll.u_nom,0.14405128
23.2393,B,mrac.roll.xm,0.12816156
23.2393,B,mrac.yaw.theta_0,0.010661691
23.2393,B,mrac.yaw.theta_1,0.0023272412
23.2393,B,mrac.yaw.theta_2,0.0034933598
23.2393,B,mrac.yaw.theta_3,0
23.2393,B,mrac.yaw.theta_4,0.039775584
23.2393,B,mrac.yaw.theta_5,0.085896105
23.2393,B,mrac.yaw.u_nom,-0.021997645
23.2393,B,mrac.yaw.xm,-0.024050236
23.2393,B,mrac.z.theta_0,0.0028160054
23.2393,B,mrac.z.theta_1,0.0027737452
23.2393,B,mrac.z.theta_2,0.0059298747
23.2393,B,mrac.z.theta_3,0
23.2393,B,mrac.z.theta_4,0.19580244
23.2393,B,mrac.z.theta_5,0.18805864
23.2393,B,mrac.z.u_nom,-0.35402772
23.2393,B,mrac.z.xm,-0.12504464
23.2393,B,path.active_path_mode,0
23.2393,B,path.circle_theta,0
23.2393,B,path.sinusoid_t_elapsed,0
23.2393,B,path.twc_arrived,0
23.2393,B,path.twc_target_x,1.4901161e-06
23.2393,B,path.twc_target_y,0
23.2393,B,path.twc_target_z,0.60000002
23.2393,B,pid.gyrox.Des,7.3431134
23.2393,B,pid.gyrox.FB,-5.3696461
23.2393,B,pid.gyrox.U,168.54001
23.2393,B,pid.gyroy.Des,13.536299
23.2393,B,pid.gyroy.FB,31.693394
23.2393,B,pid.gyroy.U,-118.58496
23.2393,B,pid.gyroz.Des,-1.3779764
23.2393,B,pid.gyroz.FB,3.5271864
23.2393,B,pid.gyroz.U,-41.179592
23.2393,B,pid.locx.Des,-4.5946255
23.2393,B,pid.locx.FB,-16.797094
23.2393,B,pid.locx.U,13.091109
23.2393,B,pid.locxs.Des,13.091109
23.2393,B,pid.locxs.FB,-36.774193
23.2393,B,pid.locxs.U,155.1745
23.2393,B,pid.locy.Des,28.568331
23.2393,B,pid.locy.FB,19.749029
23.2393,B,pid.locy.U,10.629293
23.2393,B,pid.locys.Des,10.629293
23.2393,B,pid.locys.FB,-43.550648
23.2393,B,pid.locys.U,169.26315
23.2393,B,pid.pitch.Des,13.151137
23.2393,B,pid.pitch.FB,8.1764345
23.2393,B,pid.pitch.U,13.536299
23.2393,B,pid.roll.Des,-0.54120004
23.2393,B,pid.roll.FB,-2.9637136
23.2393,B,pid.roll.U,7.3431134
23.2393,B,pid.yaw.Des,40
23.2393,B,pid.yaw.FB,40.177799
23.2393,B,pid.yaw.U,-1.3779764
23.2393,B,pid.z_pos.Des,0.62994766
23.2393,B,pid.z_pos.FB,0.63264692
23.2393,B,pid.z_pos.U,-0.12504464
23.2393,B,pid.z_rate.Des,-0.12504464
23.2393,B,pid.z_rate.FB,0.038815737
23.2393,B,pid.z_rate.U,-78.594154
23.2393,B,status.vbat,0
23.4403,A,mrac.pitch.e,0.16829053
23.4403,A,mrac.pitch.u_ad,0.024527129
23.4403,A,mrac.roll.e,-0.19304407
23.4403,A,mrac.roll.u_ad,0.17262301
23.4403,A,mrac.yaw.e,0.052847624
23.4403,A,mrac.yaw.u_ad,0.0076451581
23.4403,A,mrac.z.e,0.23220596
23.4403,A,mrac.z.u_ad,-0.11199813
23.4403,A,status.arm,1
23.4403,A,status.flymode,1
23.4403,A,status.rc_authority,0
23.4403,A,status.sbus_lost,0
23.4403,A,status.twc_arrived,0
23.4403,A,status.twc_execute,0
23.4404,B,mrac.pitch.theta_0,0.0019598731
23.4404,B,mrac.pitch.theta_1,0.0040184841
23.4404,B,mrac.pitch.theta_2,0.0011753483
23.4404,B,mrac.pitch.theta_3,0.0062564169
23.4404,B,mrac.pitch.theta_4,0.12701748
23.4404,B,mrac.pitch.theta_5,0.14262873
23.4404,B,mrac.pitch.u_nom,-0.10135467
23.4404,B,mrac.pitch.xm,0.23625308
23.4404,B,mrac.roll.theta_0,0.1447424
23.4404,B,mrac.roll.theta_1,0.0021753085
23.4404,B,mrac.roll.theta_2,0.0053900667
23.4404,B,mrac.roll.theta_3,0.0056666755
23.4404,B,mrac.roll.theta_4,0.14005394
23.4404,B,mrac.roll.theta_5,0.14115243
23.4404,B,mrac.roll.u_nom,0.14405128
23.4404,B,mrac.roll.xm,0.12816156
23.4404,B,mrac.yaw.theta_0,0.010661691
23.4404,B,mrac.yaw.theta_1,0.0023272412
23.4404,B,mrac.yaw.theta_2,0.0034933598
23.4404,B,mrac.yaw.theta_3,0
23.4404,B,mrac.yaw.theta_4,0.039775584
23.4404,B,mrac.yaw.theta_5,0.085896105
23.4404,B,mrac.yaw.u_nom,-0.021997645
23.4404,B,mrac.yaw.xm,-0.024050236
23.4404,B,mrac.z.theta_0,0.0028160054
23.4404,B,mrac.z.theta_1,0.0027737452
23.4404,B,mrac.z.theta_2,0.0059298747
23.4404,B,mrac.z.theta_3,0
23.4404,B,mrac.z.theta_4,0.19580244
23.4404,B,mrac.z.theta_5,0.18805864
23.4404,B,mrac.z.u_nom,-0.35402772
23.4404,B,mrac.z.xm,-0.12504464
23.4404,B,path.active_path_mode,0
23.4404,B,path.circle_theta,0
23.4404,B,path.sinusoid_t_elapsed,0
23.4404,B,path.twc_arrived,0
23.4404,B,path.twc_target_x,1.4901161e-06
23.4404,B,path.twc_target_y,0
23.4404,B,path.twc_target_z,0.60000002
23.4404,B,pid.gyrox.Des,7.3431134
23.4404,B,pid.gyrox.FB,-5.3696461
23.4404,B,pid.gyrox.U,168.54001
23.4404,B,pid.gyroy.Des,13.536299
23.4404,B,pid.gyroy.FB,31.693394
23.4404,B,pid.gyroy.U,-118.58496
23.4404,B,pid.gyroz.Des,-1.3779764
23.4404,B,pid.gyroz.FB,3.5271864
23.4404,B,pid.gyroz.U,-41.179592
23.4404,B,pid.locx.Des,-4.5946255
23.4404,B,pid.locx.FB,-16.797094
23.4404,B,pid.locx.U,13.091109
23.4404,B,pid.locxs.Des,13.091109
23.4404,B,pid.locxs.FB,-36.774193
23.4404,B,pid.locxs.U,155.1745
23.4404,B,pid.locy.Des,28.568331
23.4404,B,pid.locy.FB,19.749029
23.4404,B,pid.locy.U,10.629293
23.4404,B,pid.locys.Des,10.629293
23.4404,B,pid.locys.FB,-43.550648
23.4404,B,pid.locys.U,169.26315
23.4404,B,pid.pitch.Des,13.151137
23.4404,B,pid.pitch.FB,8.1764345
23.4404,B,pid.pitch.U,13.536299
23.4404,B,pid.roll.Des,-0.54120004
23.4404,B,pid.roll.FB,-2.9637136
23.4404,B,pid.roll.U,7.3431134
23.4404,B,pid.yaw.Des,40
23.4404,B,pid.yaw.FB,40.177799
23.4404,B,pid.yaw.U,-1.3779764
23.4404,B,pid.z_pos.Des,0.62994766
23.4404,B,pid.z_pos.FB,0.63264692
23.4404,B,pid.z_pos.U,-0.12504464
23.4404,B,pid.z_rate.Des,-0.12504464
23.4404,B,pid.z_rate.FB,0.038815737
23.4404,B,pid.z_rate.U,-78.594154
23.4404,B,status.vbat,0
23.6534,A,mrac.pitch.e,0.16829053
23.6534,A,mrac.pitch.u_ad,0.024527129
23.6534,A,mrac.roll.e,-0.19304407
23.6534,A,mrac.roll.u_ad,0.17262301
23.6534,A,mrac.yaw.e,0.052847624
23.6534,A,mrac.yaw.u_ad,0.0076451581
23.6534,A,mrac.z.e,0.23220596
23.6534,A,mrac.z.u_ad,-0.11199813
23.6534,A,status.arm,1
23.6534,A,status.flymode,1
23.6534,A,status.rc_authority,0
23.6534,A,status.sbus_lost,0
23.6534,A,status.twc_arrived,0
23.6534,A,status.twc_execute,0
23.6535,B,mrac.pitch.theta_0,0.0019598731
23.6535,B,mrac.pitch.theta_1,0.0040184841
23.6535,B,mrac.pitch.theta_2,0.0011753483
23.6535,B,mrac.pitch.theta_3,0.0062564169
23.6535,B,mrac.pitch.theta_4,0.12701748
23.6535,B,mrac.pitch.theta_5,0.14262873
23.6535,B,mrac.pitch.u_nom,-0.10135467
23.6535,B,mrac.pitch.xm,0.23625308
23.6535,B,mrac.roll.theta_0,0.1447424
23.6535,B,mrac.roll.theta_1,0.0021753085
23.6535,B,mrac.roll.theta_2,0.0053900667
23.6535,B,mrac.roll.theta_3,0.0056666755
23.6535,B,mrac.roll.theta_4,0.14005394
23.6535,B,mrac.roll.theta_5,0.14115243
23.6535,B,mrac.roll.u_nom,0.14405128
23.6535,B,mrac.roll.xm,0.12816156
23.6535,B,mrac.yaw.theta_0,0.010661691
23.6535,B,mrac.yaw.theta_1,0.0023272412
23.6535,B,mrac.yaw.theta_2,0.0034933598
23.6535,B,mrac.yaw.theta_3,0
23.6535,B,mrac.yaw.theta_4,0.039775584
23.6535,B,mrac.yaw.theta_5,0.085896105
23.6535,B,mrac.yaw.u_nom,-0.021997645
23.6535,B,mrac.yaw.xm,-0.024050236
23.6535,B,mrac.z.theta_0,0.0028160054
23.6535,B,mrac.z.theta_1,0.0027737452
23.6535,B,mrac.z.theta_2,0.0059298747
23.6535,B,mrac.z.theta_3,0
23.6535,B,mrac.z.theta_4,0.19580244
23.6535,B,mrac.z.theta_5,0.18805864
23.6535,B,mrac.z.u_nom,-0.35402772
23.6535,B,mrac.z.xm,-0.12504464
23.6535,B,path.active_path_mode,0
23.6535,B,path.circle_theta,0
23.6535,B,path.sinusoid_t_elapsed,0
23.6535,B,path.twc_arrived,0
23.6535,B,path.twc_target_x,1.4901161e-06
23.6535,B,path.twc_target_y,0
23.6535,B,path.twc_target_z,0.60000002
23.6535,B,pid.gyrox.Des,7.3431134
23.6535,B,pid.gyrox.FB,-5.3696461
23.6535,B,pid.gyrox.U,168.54001
23.6535,B,pid.gyroy.Des,13.536299
23.6535,B,pid.gyroy.FB,31.693394
23.6535,B,pid.gyroy.U,-118.58496
23.6535,B,pid.gyroz.Des,-1.3779764
23.6535,B,pid.gyroz.FB,3.5271864
23.6535,B,pid.gyroz.U,-41.179592
23.6535,B,pid.locx.Des,-4.5946255
23.6535,B,pid.locx.FB,-16.797094
23.6535,B,pid.locx.U,13.091109
23.6535,B,pid.locxs.Des,13.091109
23.6535,B,pid.locxs.FB,-36.774193
23.6535,B,pid.locxs.U,155.1745
23.6535,B,pid.locy.Des,28.568331
23.6535,B,pid.locy.FB,19.749029
23.6535,B,pid.locy.U,10.629293
23.6535,B,pid.locys.Des,10.629293
23.6535,B,pid.locys.FB,-43.550648
23.6535,B,pid.locys.U,169.26315
23.6535,B,pid.pitch.Des,13.151137
23.6535,B,pid.pitch.FB,8.1764345
23.6535,B,pid.pitch.U,13.536299
23.6535,B,pid.roll.Des,-0.54120004
23.6535,B,pid.roll.FB,-2.9637136
23.6535,B,pid.roll.U,7.3431134
23.6535,B,pid.yaw.Des,40
23.6535,B,pid.yaw.FB,40.177799
23.6535,B,pid.yaw.U,-1.3779764
23.6535,B,pid.z_pos.Des,0.62994766
23.6535,B,pid.z_pos.FB,0.63264692
23.6535,B,pid.z_pos.U,-0.12504464
23.6535,B,pid.z_rate.Des,-0.12504464
23.6535,B,pid.z_rate.FB,0.038815737
23.6535,B,pid.z_rate.U,-78.594154
23.6535,B,status.vbat,0
23.8565,A,mrac.pitch.e,0.16829053
23.8565,A,mrac.pitch.u_ad,0.024527129
23.8565,A,mrac.roll.e,-0.19304407
23.8565,A,mrac.roll.u_ad,0.17262301
23.8565,A,mrac.yaw.e,0.052847624
23.8565,A,mrac.yaw.u_ad,0.0076451581
23.8565,A,mrac.z.e,0.23220596
23.8565,A,mrac.z.u_ad,-0.11199813
23.8565,A,status.arm,1
23.8565,A,status.flymode,1
23.8565,A,status.rc_authority,0
23.8565,A,status.sbus_lost,0
23.8565,A,status.twc_arrived,0
23.8565,A,status.twc_execute,0
23.8566,B,mrac.pitch.theta_0,0.0019598731
23.8566,B,mrac.pitch.theta_1,0.0040184841
23.8566,B,mrac.pitch.theta_2,0.0011753483
23.8566,B,mrac.pitch.theta_3,0.0062564169
23.8566,B,mrac.pitch.theta_4,0.12701748
23.8566,B,mrac.pitch.theta_5,0.14262873
23.8566,B,mrac.pitch.u_nom,-0.10135467
23.8566,B,mrac.pitch.xm,0.23625308
23.8566,B,mrac.roll.theta_0,0.1447424
23.8566,B,mrac.roll.theta_1,0.0021753085
23.8566,B,mrac.roll.theta_2,0.0053900667
23.8566,B,mrac.roll.theta_3,0.0056666755
23.8566,B,mrac.roll.theta_4,0.14005394
23.8566,B,mrac.roll.theta_5,0.14115243
23.8566,B,mrac.roll.u_nom,0.14405128
23.8566,B,mrac.roll.xm,0.12816156
23.8566,B,mrac.yaw.theta_0,0.010661691
23.8566,B,mrac.yaw.theta_1,0.0023272412
23.8566,B,mrac.yaw.theta_2,0.0034933598
23.8566,B,mrac.yaw.theta_3,0
23.8566,B,mrac.yaw.theta_4,0.039775584
23.8566,B,mrac.yaw.theta_5,0.085896105
23.8566,B,mrac.yaw.u_nom,-0.021997645
23.8566,B,mrac.yaw.xm,-0.024050236
23.8566,B,mrac.z.theta_0,0.0028160054
23.8566,B,mrac.z.theta_1,0.0027737452
23.8566,B,mrac.z.theta_2,0.0059298747
23.8566,B,mrac.z.theta_3,0
23.8566,B,mrac.z.theta_4,0.19580244
23.8566,B,mrac.z.theta_5,0.18805864
23.8566,B,mrac.z.u_nom,-0.35402772
23.8566,B,mrac.z.xm,-0.12504464
23.8566,B,path.active_path_mode,0
23.8566,B,path.circle_theta,0
23.8566,B,path.sinusoid_t_elapsed,0
23.8566,B,path.twc_arrived,0
23.8566,B,path.twc_target_x,1.4901161e-06
23.8566,B,path.twc_target_y,0
23.8566,B,path.twc_target_z,0.60000002
23.8566,B,pid.gyrox.Des,7.3431134
23.8566,B,pid.gyrox.FB,-5.3696461
23.8566,B,pid.gyrox.U,168.54001
23.8566,B,pid.gyroy.Des,13.536299
23.8566,B,pid.gyroy.FB,31.693394
23.8566,B,pid.gyroy.U,-118.58496
23.8566,B,pid.gyroz.Des,-1.3779764
23.8566,B,pid.gyroz.FB,3.5271864
23.8566,B,pid.gyroz.U,-41.179592
23.8566,B,pid.locx.Des,-4.5946255
23.8566,B,pid.locx.FB,-16.797094
23.8566,B,pid.locx.U,13.091109
23.8566,B,pid.locxs.Des,13.091109
23.8566,B,pid.locxs.FB,-36.774193
23.8566,B,pid.locxs.U,155.1745
23.8566,B,pid.locy.Des,28.568331
23.8566,B,pid.locy.FB,19.749029
23.8566,B,pid.locy.U,10.629293
23.8566,B,pid.locys.Des,10.629293
23.8566,B,pid.locys.FB,-43.550648
23.8566,B,pid.locys.U,169.26315
23.8566,B,pid.pitch.Des,13.151137
23.8566,B,pid.pitch.FB,8.1764345
23.8566,B,pid.pitch.U,13.536299
23.8566,B,pid.roll.Des,-0.54120004
23.8566,B,pid.roll.FB,-2.9637136
23.8566,B,pid.roll.U,7.3431134
23.8566,B,pid.yaw.Des,40
23.8566,B,pid.yaw.FB,40.177799
23.8566,B,pid.yaw.U,-1.3779764
23.8566,B,pid.z_pos.Des,0.62994766
23.8566,B,pid.z_pos.FB,0.63264692
23.8566,B,pid.z_pos.U,-0.12504464
23.8566,B,pid.z_rate.Des,-0.12504464
23.8566,B,pid.z_rate.FB,0.038815737
23.8566,B,pid.z_rate.U,-78.594154
23.8566,B,status.vbat,0
24.0722,A,mrac.pitch.e,0.16829053
24.0722,A,mrac.pitch.u_ad,0.024527129
24.0722,A,mrac.roll.e,-0.19304407
24.0722,A,mrac.roll.u_ad,0.17262301
24.0722,A,mrac.yaw.e,0.052847624
24.0722,A,mrac.yaw.u_ad,0.0076451581
24.0722,A,mrac.z.e,0.23220596
24.0722,A,mrac.z.u_ad,-0.11199813
24.0722,A,status.arm,1
24.0722,A,status.flymode,1
24.0722,A,status.rc_authority,0
24.0722,A,status.sbus_lost,0
24.0722,A,status.twc_arrived,0
24.0722,A,status.twc_execute,0
24.0723,B,mrac.pitch.theta_0,0.0019598731
24.0723,B,mrac.pitch.theta_1,0.0040184841
24.0723,B,mrac.pitch.theta_2,0.0011753483
24.0723,B,mrac.pitch.theta_3,0.0062564169
24.0723,B,mrac.pitch.theta_4,0.12701748
24.0723,B,mrac.pitch.theta_5,0.14262873
24.0723,B,mrac.pitch.u_nom,-0.10135467
24.0723,B,mrac.pitch.xm,0.23625308
24.0723,B,mrac.roll.theta_0,0.1447424
24.0723,B,mrac.roll.theta_1,0.0021753085
24.0723,B,mrac.roll.theta_2,0.0053900667
24.0723,B,mrac.roll.theta_3,0.0056666755
24.0723,B,mrac.roll.theta_4,0.14005394
24.0723,B,mrac.roll.theta_5,0.14115243
24.0723,B,mrac.roll.u_nom,0.14405128
24.0723,B,mrac.roll.xm,0.12816156
24.0723,B,mrac.yaw.theta_0,0.010661691
24.0723,B,mrac.yaw.theta_1,0.0023272412
24.0723,B,mrac.yaw.theta_2,0.0034933598
24.0723,B,mrac.yaw.theta_3,0
24.0723,B,mrac.yaw.theta_4,0.039775584
24.0723,B,mrac.yaw.theta_5,0.085896105
24.0723,B,mrac.yaw.u_nom,-0.021997645
24.0723,B,mrac.yaw.xm,-0.024050236
24.0723,B,mrac.z.theta_0,0.0028160054
24.0723,B,mrac.z.theta_1,0.0027737452
24.0723,B,mrac.z.theta_2,0.0059298747
24.0723,B,mrac.z.theta_3,0
24.0723,B,mrac.z.theta_4,0.19580244
24.0723,B,mrac.z.theta_5,0.18805864
24.0723,B,mrac.z.u_nom,-0.35402772
24.0723,B,mrac.z.xm,-0.12504464
24.0723,B,path.active_path_mode,0
24.0723,B,path.circle_theta,0
24.0723,B,path.sinusoid_t_elapsed,0
24.0723,B,path.twc_arrived,0
24.0723,B,path.twc_target_x,1.4901161e-06
24.0723,B,path.twc_target_y,0
24.0723,B,path.twc_target_z,0.60000002
24.0723,B,pid.gyrox.Des,7.3431134
24.0723,B,pid.gyrox.FB,-5.3696461
24.0723,B,pid.gyrox.U,168.54001
24.0723,B,pid.gyroy.Des,13.536299
24.0723,B,pid.gyroy.FB,31.693394
24.0723,B,pid.gyroy.U,-118.58496
24.0723,B,pid.gyroz.Des,-1.3779764
24.0723,B,pid.gyroz.FB,3.5271864
24.0723,B,pid.gyroz.U,-41.179592
24.0723,B,pid.locx.Des,-4.5946255
24.0723,B,pid.locx.FB,-16.797094
24.0723,B,pid.locx.U,13.091109
24.0723,B,pid.locxs.Des,13.091109
24.0723,B,pid.locxs.FB,-36.774193
24.0723,B,pid.locxs.U,155.1745
24.0723,B,pid.locy.Des,28.568331
24.0723,B,pid.locy.FB,19.749029
24.0723,B,pid.locy.U,10.629293
24.0723,B,pid.locys.Des,10.629293
24.0723,B,pid.locys.FB,-43.550648
24.0723,B,pid.locys.U,169.26315
24.0723,B,pid.pitch.Des,13.151137
24.0723,B,pid.pitch.FB,8.1764345
24.0723,B,pid.pitch.U,13.536299
24.0723,B,pid.roll.Des,-0.54120004
24.0723,B,pid.roll.FB,-2.9637136
24.0723,B,pid.roll.U,7.3431134
24.0723,B,pid.yaw.Des,40
24.0723,B,pid.yaw.FB,40.177799
24.0723,B,pid.yaw.U,-1.3779764
24.0723,B,pid.z_pos.Des,0.62994766
24.0723,B,pid.z_pos.FB,0.63264692
24.0723,B,pid.z_pos.U,-0.12504464
24.0723,B,pid.z_rate.Des,-0.12504464
24.0723,B,pid.z_rate.FB,0.038815737
24.0723,B,pid.z_rate.U,-78.594154
24.0723,B,status.vbat,0
24.2879,A,mrac.pitch.e,0.16829053
24.2879,A,mrac.pitch.u_ad,0.024527129
24.2879,A,mrac.roll.e,-0.19304407
24.2879,A,mrac.roll.u_ad,0.17262301
24.2879,A,mrac.yaw.e,0.052847624
24.2879,A,mrac.yaw.u_ad,0.0076451581
24.2879,A,mrac.z.e,0.23220596
24.2879,A,mrac.z.u_ad,-0.11199813
24.2879,A,status.arm,1
24.2879,A,status.flymode,1
24.2879,A,status.rc_authority,0
24.2879,A,status.sbus_lost,0
24.2879,A,status.twc_arrived,0
24.2879,A,status.twc_execute,0
24.2880,B,mrac.pitch.theta_0,0.0019598731
24.2880,B,mrac.pitch.theta_1,0.0040184841
24.2880,B,mrac.pitch.theta_2,0.0011753483
24.2880,B,mrac.pitch.theta_3,0.0062564169
24.2880,B,mrac.pitch.theta_4,0.12701748
24.2880,B,mrac.pitch.theta_5,0.14262873
24.2880,B,mrac.pitch.u_nom,-0.10135467
24.2880,B,mrac.pitch.xm,0.23625308
24.2880,B,mrac.roll.theta_0,0.1447424
24.2880,B,mrac.roll.theta_1,0.0021753085
24.2880,B,mrac.roll.theta_2,0.0053900667
24.2880,B,mrac.roll.theta_3,0.0056666755
24.2880,B,mrac.roll.theta_4,0.14005394
24.2880,B,mrac.roll.theta_5,0.14115243
24.2880,B,mrac.roll.u_nom,0.14405128
24.2880,B,mrac.roll.xm,0.12816156
24.2880,B,mrac.yaw.theta_0,0.010661691
24.2880,B,mrac.yaw.theta_1,0.0023272412
24.2880,B,mrac.yaw.theta_2,0.0034933598
24.2880,B,mrac.yaw.theta_3,0
24.2880,B,mrac.yaw.theta_4,0.039775584
24.2880,B,mrac.yaw.theta_5,0.085896105
24.2880,B,mrac.yaw.u_nom,-0.021997645
24.2880,B,mrac.yaw.xm,-0.024050236
24.2880,B,mrac.z.theta_0,0.0028160054
24.2880,B,mrac.z.theta_1,0.0027737452
24.2880,B,mrac.z.theta_2,0.0059298747
24.2880,B,mrac.z.theta_3,0
24.2880,B,mrac.z.theta_4,0.19580244
24.2880,B,mrac.z.theta_5,0.18805864
24.2880,B,mrac.z.u_nom,-0.35402772
24.2880,B,mrac.z.xm,-0.12504464
24.2880,B,path.active_path_mode,0
24.2880,B,path.circle_theta,0
24.2880,B,path.sinusoid_t_elapsed,0
24.2880,B,path.twc_arrived,0
24.2880,B,path.twc_target_x,1.4901161e-06
24.2880,B,path.twc_target_y,0
24.2880,B,path.twc_target_z,0.60000002
24.2880,B,pid.gyrox.Des,7.3431134
24.2880,B,pid.gyrox.FB,-5.3696461
24.2880,B,pid.gyrox.U,168.54001
24.2880,B,pid.gyroy.Des,13.536299
24.2880,B,pid.gyroy.FB,31.693394
24.2880,B,pid.gyroy.U,-118.58496
24.2880,B,pid.gyroz.Des,-1.3779764
24.2880,B,pid.gyroz.FB,3.5271864
24.2880,B,pid.gyroz.U,-41.179592
24.2880,B,pid.locx.Des,-4.5946255
24.2880,B,pid.locx.FB,-16.797094
24.2880,B,pid.locx.U,13.091109
24.2880,B,pid.locxs.Des,13.091109
24.2880,B,pid.locxs.FB,-36.774193
24.2880,B,pid.locxs.U,155.1745
24.2880,B,pid.locy.Des,28.568331
24.2880,B,pid.locy.FB,19.749029
24.2880,B,pid.locy.U,10.629293
24.2880,B,pid.locys.Des,10.629293
24.2880,B,pid.locys.FB,-43.550648
24.2880,B,pid.locys.U,169.26315
24.2880,B,pid.pitch.Des,13.151137
24.2880,B,pid.pitch.FB,8.1764345
24.2880,B,pid.pitch.U,13.536299
24.2880,B,pid.roll.Des,-0.54120004
24.2880,B,pid.roll.FB,-2.9637136
24.2880,B,pid.roll.U,7.3431134
24.2880,B,pid.yaw.Des,40
24.2880,B,pid.yaw.FB,40.177799
24.2880,B,pid.yaw.U,-1.3779764
24.2880,B,pid.z_pos.Des,0.62994766
24.2880,B,pid.z_pos.FB,0.63264692
24.2880,B,pid.z_pos.U,-0.12504464
24.2880,B,pid.z_rate.Des,-0.12504464
24.2880,B,pid.z_rate.FB,0.038815737
24.2880,B,pid.z_rate.U,-78.594154
24.2880,B,status.vbat,0
24.5042,A,mrac.pitch.e,0.16829053
24.5042,A,mrac.pitch.u_ad,0.024527129
24.5042,A,mrac.roll.e,-0.19304407
24.5042,A,mrac.roll.u_ad,0.17262301
24.5042,A,mrac.yaw.e,0.052847624
24.5042,A,mrac.yaw.u_ad,0.0076451581
24.5042,A,mrac.z.e,0.23220596
24.5042,A,mrac.z.u_ad,-0.11199813
24.5042,A,status.arm,1
24.5042,A,status.flymode,1
24.5042,A,status.rc_authority,0
24.5042,A,status.sbus_lost,0
24.5042,A,status.twc_arrived,0
24.5042,A,status.twc_execute,0
24.5042,B,mrac.pitch.theta_0,0.0019598731
24.5042,B,mrac.pitch.theta_1,0.0040184841
24.5042,B,mrac.pitch.theta_2,0.0011753483
24.5042,B,mrac.pitch.theta_3,0.0062564169
24.5042,B,mrac.pitch.theta_4,0.12701748
24.5042,B,mrac.pitch.theta_5,0.14262873
24.5042,B,mrac.pitch.u_nom,-0.10135467
24.5042,B,mrac.pitch.xm,0.23625308
24.5042,B,mrac.roll.theta_0,0.1447424
24.5042,B,mrac.roll.theta_1,0.0021753085
24.5042,B,mrac.roll.theta_2,0.0053900667
24.5042,B,mrac.roll.theta_3,0.0056666755
24.5042,B,mrac.roll.theta_4,0.14005394
24.5042,B,mrac.roll.theta_5,0.14115243
24.5042,B,mrac.roll.u_nom,0.14405128
24.5042,B,mrac.roll.xm,0.12816156
24.5042,B,mrac.yaw.theta_0,0.010661691
24.5042,B,mrac.yaw.theta_1,0.0023272412
24.5042,B,mrac.yaw.theta_2,0.0034933598
24.5042,B,mrac.yaw.theta_3,0
24.5042,B,mrac.yaw.theta_4,0.039775584
24.5042,B,mrac.yaw.theta_5,0.085896105
24.5042,B,mrac.yaw.u_nom,-0.021997645
24.5042,B,mrac.yaw.xm,-0.024050236
24.5042,B,mrac.z.theta_0,0.0028160054
24.5042,B,mrac.z.theta_1,0.0027737452
24.5042,B,mrac.z.theta_2,0.0059298747
24.5042,B,mrac.z.theta_3,0
24.5042,B,mrac.z.theta_4,0.19580244
24.5042,B,mrac.z.theta_5,0.18805864
24.5042,B,mrac.z.u_nom,-0.35402772
24.5042,B,mrac.z.xm,-0.12504464
24.5042,B,path.active_path_mode,0
24.5042,B,path.circle_theta,0
24.5042,B,path.sinusoid_t_elapsed,0
24.5042,B,path.twc_arrived,0
24.5042,B,path.twc_target_x,1.4901161e-06
24.5042,B,path.twc_target_y,0
24.5042,B,path.twc_target_z,0.60000002
24.5042,B,pid.gyrox.Des,7.3431134
24.5042,B,pid.gyrox.FB,-5.3696461
24.5042,B,pid.gyrox.U,168.54001
24.5042,B,pid.gyroy.Des,13.536299
24.5042,B,pid.gyroy.FB,31.693394
24.5042,B,pid.gyroy.U,-118.58496
24.5042,B,pid.gyroz.Des,-1.3779764
24.5042,B,pid.gyroz.FB,3.5271864
24.5042,B,pid.gyroz.U,-41.179592
24.5042,B,pid.locx.Des,-4.5946255
24.5042,B,pid.locx.FB,-16.797094
24.5042,B,pid.locx.U,13.091109
24.5042,B,pid.locxs.Des,13.091109
24.5042,B,pid.locxs.FB,-36.774193
24.5042,B,pid.locxs.U,155.1745
24.5042,B,pid.locy.Des,28.568331
24.5042,B,pid.locy.FB,19.749029
24.5042,B,pid.locy.U,10.629293
24.5042,B,pid.locys.Des,10.629293
24.5042,B,pid.locys.FB,-43.550648
24.5042,B,pid.locys.U,169.26315
24.5042,B,pid.pitch.Des,13.151137
24.5042,B,pid.pitch.FB,8.1764345
24.5042,B,pid.pitch.U,13.536299
24.5042,B,pid.roll.Des,-0.54120004
24.5042,B,pid.roll.FB,-2.9637136
24.5042,B,pid.roll.U,7.3431134
24.5042,B,pid.yaw.Des,40
24.5042,B,pid.yaw.FB,40.177799
24.5042,B,pid.yaw.U,-1.3779764
24.5042,B,pid.z_pos.Des,0.62994766
24.5042,B,pid.z_pos.FB,0.63264692
24.5042,B,pid.z_pos.U,-0.12504464
24.5042,B,pid.z_rate.Des,-0.12504464
24.5042,B,pid.z_rate.FB,0.038815737
24.5042,B,pid.z_rate.U,-78.594154
24.5042,B,status.vbat,0
24.7056,A,mrac.pitch.e,0.16829053
24.7056,A,mrac.pitch.u_ad,0.024527129
24.7056,A,mrac.roll.e,-0.19304407
24.7056,A,mrac.roll.u_ad,0.17262301
24.7056,A,mrac.yaw.e,0.052847624
24.7056,A,mrac.yaw.u_ad,0.0076451581
24.7056,A,mrac.z.e,0.23220596
24.7056,A,mrac.z.u_ad,-0.11199813
24.7056,A,status.arm,1
24.7056,A,status.flymode,1
24.7056,A,status.rc_authority,0
24.7056,A,status.sbus_lost,0
24.7056,A,status.twc_arrived,0
24.7056,A,status.twc_execute,0
24.7057,B,mrac.pitch.theta_0,0.0019598731
24.7057,B,mrac.pitch.theta_1,0.0040184841
24.7057,B,mrac.pitch.theta_2,0.0011753483
24.7057,B,mrac.pitch.theta_3,0.0062564169
24.7057,B,mrac.pitch.theta_4,0.12701748
24.7057,B,mrac.pitch.theta_5,0.14262873
24.7057,B,mrac.pitch.u_nom,-0.10135467
24.7057,B,mrac.pitch.xm,0.23625308
24.7057,B,mrac.roll.theta_0,0.1447424
24.7057,B,mrac.roll.theta_1,0.0021753085
24.7057,B,mrac.roll.theta_2,0.0053900667
24.7057,B,mrac.roll.theta_3,0.0056666755
24.7057,B,mrac.roll.theta_4,0.14005394
24.7057,B,mrac.roll.theta_5,0.14115243
24.7057,B,mrac.roll.u_nom,0.14405128
24.7057,B,mrac.roll.xm,0.12816156
24.7057,B,mrac.yaw.theta_0,0.010661691
24.7057,B,mrac.yaw.theta_1,0.0023272412
24.7057,B,mrac.yaw.theta_2,0.0034933598
24.7057,B,mrac.yaw.theta_3,0
24.7057,B,mrac.yaw.theta_4,0.039775584
24.7057,B,mrac.yaw.theta_5,0.085896105
24.7057,B,mrac.yaw.u_nom,-0.021997645
24.7057,B,mrac.yaw.xm,-0.024050236
24.7057,B,mrac.z.theta_0,0.0028160054
24.7057,B,mrac.z.theta_1,0.0027737452
24.7057,B,mrac.z.theta_2,0.0059298747
24.7057,B,mrac.z.theta_3,0
24.7057,B,mrac.z.theta_4,0.19580244
24.7057,B,mrac.z.theta_5,0.18805864
24.7057,B,mrac.z.u_nom,-0.35402772
24.7057,B,mrac.z.xm,-0.12504464
24.7057,B,path.active_path_mode,0
24.7057,B,path.circle_theta,0
24.7057,B,path.sinusoid_t_elapsed,0
24.7057,B,path.twc_arrived,0
24.7057,B,path.twc_target_x,1.4901161e-06
24.7057,B,path.twc_target_y,0
24.7057,B,path.twc_target_z,0.60000002
24.7057,B,pid.gyrox.Des,7.3431134
24.7057,B,pid.gyrox.FB,-5.3696461
24.7057,B,pid.gyrox.U,168.54001
24.7057,B,pid.gyroy.Des,13.536299
24.7057,B,pid.gyroy.FB,31.693394
24.7057,B,pid.gyroy.U,-118.58496
24.7057,B,pid.gyroz.Des,-1.3779764
24.7057,B,pid.gyroz.FB,3.5271864
24.7057,B,pid.gyroz.U,-41.179592
24.7057,B,pid.locx.Des,-4.5946255
24.7057,B,pid.locx.FB,-16.797094
24.7057,B,pid.locx.U,13.091109
24.7057,B,pid.locxs.Des,13.091109
24.7057,B,pid.locxs.FB,-36.774193
24.7057,B,pid.locxs.U,155.1745
24.7057,B,pid.locy.Des,28.568331
24.7057,B,pid.locy.FB,19.749029
24.7057,B,pid.locy.U,10.629293
24.7057,B,pid.locys.Des,10.629293
24.7057,B,pid.locys.FB,-43.550648
24.7057,B,pid.locys.U,169.26315
24.7057,B,pid.pitch.Des,13.151137
24.7057,B,pid.pitch.FB,8.1764345
24.7057,B,pid.pitch.U,13.536299
24.7057,B,pid.roll.Des,-0.54120004
24.7057,B,pid.roll.FB,-2.9637136
24.7057,B,pid.roll.U,7.3431134
24.7057,B,pid.yaw.Des,40
24.7057,B,pid.yaw.FB,40.177799
24.7057,B,pid.yaw.U,-1.3779764
24.7057,B,pid.z_pos.Des,0.62994766
24.7057,B,pid.z_pos.FB,0.63264692
24.7057,B,pid.z_pos.U,-0.12504464
24.7057,B,pid.z_rate.Des,-0.12504464
24.7057,B,pid.z_rate.FB,0.038815737
24.7057,B,pid.z_rate.U,-78.594154
24.7057,B,status.vbat,0
24.9066,A,mrac.pitch.e,0.16829053
24.9066,A,mrac.pitch.u_ad,0.024527129
24.9066,A,mrac.roll.e,-0.19304407
24.9066,A,mrac.roll.u_ad,0.17262301
24.9066,A,mrac.yaw.e,0.052847624
24.9066,A,mrac.yaw.u_ad,0.0076451581
24.9066,A,mrac.z.e,0.23220596
24.9066,A,mrac.z.u_ad,-0.11199813
24.9066,A,status.arm,1
24.9066,A,status.flymode,1
24.9066,A,status.rc_authority,0
24.9066,A,status.sbus_lost,0
24.9066,A,status.twc_arrived,0
24.9066,A,status.twc_execute,0
24.9067,B,mrac.pitch.theta_0,0.0019598731
24.9067,B,mrac.pitch.theta_1,0.0040184841
24.9067,B,mrac.pitch.theta_2,0.0011753483
24.9067,B,mrac.pitch.theta_3,0.0062564169
24.9067,B,mrac.pitch.theta_4,0.12701748
24.9067,B,mrac.pitch.theta_5,0.14262873
24.9067,B,mrac.pitch.u_nom,-0.10135467
24.9067,B,mrac.pitch.xm,0.23625308
24.9067,B,mrac.roll.theta_0,0.1447424
24.9067,B,mrac.roll.theta_1,0.0021753085
24.9067,B,mrac.roll.theta_2,0.0053900667
24.9067,B,mrac.roll.theta_3,0.0056666755
24.9067,B,mrac.roll.theta_4,0.14005394
24.9067,B,mrac.roll.theta_5,0.14115243
24.9067,B,mrac.roll.u_nom,0.14405128
24.9067,B,mrac.roll.xm,0.12816156
24.9067,B,mrac.yaw.theta_0,0.010661691
24.9067,B,mrac.yaw.theta_1,0.0023272412
24.9067,B,mrac.yaw.theta_2,0.0034933598
24.9067,B,mrac.yaw.theta_3,0
24.9067,B,mrac.yaw.theta_4,0.039775584
24.9067,B,mrac.yaw.theta_5,0.085896105
24.9067,B,mrac.yaw.u_nom,-0.021997645
24.9067,B,mrac.yaw.xm,-0.024050236
24.9067,B,mrac.z.theta_0,0.0028160054
24.9067,B,mrac.z.theta_1,0.0027737452
24.9067,B,mrac.z.theta_2,0.0059298747
24.9067,B,mrac.z.theta_3,0
24.9067,B,mrac.z.theta_4,0.19580244
24.9067,B,mrac.z.theta_5,0.18805864
24.9067,B,mrac.z.u_nom,-0.35402772
24.9067,B,mrac.z.xm,-0.12504464
24.9067,B,path.active_path_mode,0
24.9067,B,path.circle_theta,0
24.9067,B,path.sinusoid_t_elapsed,0
24.9067,B,path.twc_arrived,0
24.9067,B,path.twc_target_x,1.4901161e-06
24.9067,B,path.twc_target_y,0
24.9067,B,path.twc_target_z,0.60000002
24.9067,B,pid.gyrox.Des,7.3431134
24.9067,B,pid.gyrox.FB,-5.3696461
24.9067,B,pid.gyrox.U,168.54001
24.9067,B,pid.gyroy.Des,13.536299
24.9067,B,pid.gyroy.FB,31.693394
24.9067,B,pid.gyroy.U,-118.58496
24.9067,B,pid.gyroz.Des,-1.3779764
24.9067,B,pid.gyroz.FB,3.5271864
24.9067,B,pid.gyroz.U,-41.179592
24.9067,B,pid.locx.Des,-4.5946255
24.9067,B,pid.locx.FB,-16.797094
24.9067,B,pid.locx.U,13.091109
24.9067,B,pid.locxs.Des,13.091109
24.9067,B,pid.locxs.FB,-36.774193
24.9067,B,pid.locxs.U,155.1745
24.9067,B,pid.locy.Des,28.568331
24.9067,B,pid.locy.FB,19.749029
24.9067,B,pid.locy.U,10.629293
24.9067,B,pid.locys.Des,10.629293
24.9067,B,pid.locys.FB,-43.550648
24.9067,B,pid.locys.U,169.26315
24.9067,B,pid.pitch.Des,13.151137
24.9067,B,pid.pitch.FB,8.1764345
24.9067,B,pid.pitch.U,13.536299
24.9067,B,pid.roll.Des,-0.54120004
24.9067,B,pid.roll.FB,-2.9637136
24.9067,B,pid.roll.U,7.3431134
24.9067,B,pid.yaw.Des,40
24.9067,B,pid.yaw.FB,40.177799
24.9067,B,pid.yaw.U,-1.3779764
24.9067,B,pid.z_pos.Des,0.62994766
24.9067,B,pid.z_pos.FB,0.63264692
24.9067,B,pid.z_pos.U,-0.12504464
24.9067,B,pid.z_rate.Des,-0.12504464
24.9067,B,pid.z_rate.FB,0.038815737
24.9067,B,pid.z_rate.U,-78.594154
24.9067,B,status.vbat,0
25.1058,A,mrac.pitch.e,0.16829053
25.1058,A,mrac.pitch.u_ad,0.024527129
25.1058,A,mrac.roll.e,-0.19304407
25.1058,A,mrac.roll.u_ad,0.17262301
25.1058,A,mrac.yaw.e,0.052847624
25.1058,A,mrac.yaw.u_ad,0.0076451581
25.1058,A,mrac.z.e,0.23220596
25.1058,A,mrac.z.u_ad,-0.11199813
25.1058,A,status.arm,1
25.1058,A,status.flymode,1
25.1058,A,status.rc_authority,0
25.1058,A,status.sbus_lost,0
25.1058,A,status.twc_arrived,0
25.1058,A,status.twc_execute,0
25.1059,B,mrac.pitch.theta_0,0.0019598731
25.1059,B,mrac.pitch.theta_1,0.0040184841
25.1059,B,mrac.pitch.theta_2,0.0011753483
25.1059,B,mrac.pitch.theta_3,0.0062564169
25.1059,B,mrac.pitch.theta_4,0.12701748
25.1059,B,mrac.pitch.theta_5,0.14262873
25.1059,B,mrac.pitch.u_nom,-0.10135467
25.1059,B,mrac.pitch.xm,0.23625308
25.1059,B,mrac.roll.theta_0,0.1447424
25.1059,B,mrac.roll.theta_1,0.0021753085
25.1059,B,mrac.roll.theta_2,0.0053900667
25.1059,B,mrac.roll.theta_3,0.0056666755
25.1059,B,mrac.roll.theta_4,0.14005394
25.1059,B,mrac.roll.theta_5,0.14115243
25.1059,B,mrac.roll.u_nom,0.14405128
25.1059,B,mrac.roll.xm,0.12816156
25.1059,B,mrac.yaw.theta_0,0.010661691
25.1059,B,mrac.yaw.theta_1,0.0023272412
25.1059,B,mrac.yaw.theta_2,0.0034933598
25.1059,B,mrac.yaw.theta_3,0
25.1059,B,mrac.yaw.theta_4,0.039775584
25.1059,B,mrac.yaw.theta_5,0.085896105
25.1059,B,mrac.yaw.u_nom,-0.021997645
25.1059,B,mrac.yaw.xm,-0.024050236
25.1059,B,mrac.z.theta_0,0.0028160054
25.1059,B,mrac.z.theta_1,0.0027737452
25.1059,B,mrac.z.theta_2,0.0059298747
25.1059,B,mrac.z.theta_3,0
25.1059,B,mrac.z.theta_4,0.19580244
25.1059,B,mrac.z.theta_5,0.18805864
25.1059,B,mrac.z.u_nom,-0.35402772
25.1059,B,mrac.z.xm,-0.12504464
25.1059,B,path.active_path_mode,0
25.1059,B,path.circle_theta,0
25.1059,B,path.sinusoid_t_elapsed,0
25.1059,B,path.twc_arrived,0
25.1059,B,path.twc_target_x,1.4901161e-06
25.1059,B,path.twc_target_y,0
25.1059,B,path.twc_target_z,0.60000002
25.1059,B,pid.gyrox.Des,7.3431134
25.1059,B,pid.gyrox.FB,-5.3696461
25.1059,B,pid.gyrox.U,168.54001
25.1059,B,pid.gyroy.Des,13.536299
25.1059,B,pid.gyroy.FB,31.693394
25.1059,B,pid.gyroy.U,-118.58496
25.1059,B,pid.gyroz.Des,-1.3779764
25.1059,B,pid.gyroz.FB,3.5271864
25.1059,B,pid.gyroz.U,-41.179592
25.1059,B,pid.locx.Des,-4.5946255
25.1059,B,pid.locx.FB,-16.797094
25.1059,B,pid.locx.U,13.091109
25.1059,B,pid.locxs.Des,13.091109
25.1059,B,pid.locxs.FB,-36.774193
25.1059,B,pid.locxs.U,155.1745
25.1059,B,pid.locy.Des,28.568331
25.1059,B,pid.locy.FB,19.749029
25.1059,B,pid.locy.U,10.629293
25.1059,B,pid.locys.Des,10.629293
25.1059,B,pid.locys.FB,-43.550648
25.1059,B,pid.locys.U,169.26315
25.1059,B,pid.pitch.Des,13.151137
25.1059,B,pid.pitch.FB,8.1764345
25.1059,B,pid.pitch.U,13.536299
25.1059,B,pid.roll.Des,-0.54120004
25.1059,B,pid.roll.FB,-2.9637136
25.1059,B,pid.roll.U,7.3431134
25.1059,B,pid.yaw.Des,40
25.1059,B,pid.yaw.FB,40.177799
25.1059,B,pid.yaw.U,-1.3779764
25.1059,B,pid.z_pos.Des,0.62994766
25.1059,B,pid.z_pos.FB,0.63264692
25.1059,B,pid.z_pos.U,-0.12504464
25.1059,B,pid.z_rate.Des,-0.12504464
25.1059,B,pid.z_rate.FB,0.038815737
25.1059,B,pid.z_rate.U,-78.594154
25.1059,B,status.vbat,0
25.3206,A,mrac.pitch.e,0.16829053
25.3206,A,mrac.pitch.u_ad,0.024527129
25.3206,A,mrac.roll.e,-0.19304407
25.3206,A,mrac.roll.u_ad,0.17262301
25.3206,A,mrac.yaw.e,0.052847624
25.3206,A,mrac.yaw.u_ad,0.0076451581
25.3206,A,mrac.z.e,0.23220596
25.3206,A,mrac.z.u_ad,-0.11199813
25.3206,A,status.arm,1
25.3206,A,status.flymode,1
25.3206,A,status.rc_authority,0
25.3206,A,status.sbus_lost,0
25.3206,A,status.twc_arrived,0
25.3206,A,status.twc_execute,0
25.3206,B,mrac.pitch.theta_0,0.0019598731
25.3206,B,mrac.pitch.theta_1,0.0040184841
25.3206,B,mrac.pitch.theta_2,0.0011753483
25.3206,B,mrac.pitch.theta_3,0.0062564169
25.3206,B,mrac.pitch.theta_4,0.12701748
25.3206,B,mrac.pitch.theta_5,0.14262873
25.3206,B,mrac.pitch.u_nom,-0.10135467
25.3206,B,mrac.pitch.xm,0.23625308
25.3206,B,mrac.roll.theta_0,0.1447424
25.3206,B,mrac.roll.theta_1,0.0021753085
25.3206,B,mrac.roll.theta_2,0.0053900667
25.3206,B,mrac.roll.theta_3,0.0056666755
25.3206,B,mrac.roll.theta_4,0.14005394
25.3206,B,mrac.roll.theta_5,0.14115243
25.3206,B,mrac.roll.u_nom,0.14405128
25.3206,B,mrac.roll.xm,0.12816156
25.3206,B,mrac.yaw.theta_0,0.010661691
25.3206,B,mrac.yaw.theta_1,0.0023272412
25.3206,B,mrac.yaw.theta_2,0.0034933598
25.3206,B,mrac.yaw.theta_3,0
25.3206,B,mrac.yaw.theta_4,0.039775584
25.3206,B,mrac.yaw.theta_5,0.085896105
25.3206,B,mrac.yaw.u_nom,-0.021997645
25.3206,B,mrac.yaw.xm,-0.024050236
25.3206,B,mrac.z.theta_0,0.0028160054
25.3206,B,mrac.z.theta_1,0.0027737452
25.3206,B,mrac.z.theta_2,0.0059298747
25.3206,B,mrac.z.theta_3,0
25.3206,B,mrac.z.theta_4,0.19580244
25.3206,B,mrac.z.theta_5,0.18805864
25.3206,B,mrac.z.u_nom,-0.35402772
25.3206,B,mrac.z.xm,-0.12504464
25.3206,B,path.active_path_mode,0
25.3206,B,path.circle_theta,0
25.3206,B,path.sinusoid_t_elapsed,0
25.3206,B,path.twc_arrived,0
25.3206,B,path.twc_target_x,1.4901161e-06
25.3206,B,path.twc_target_y,0
25.3206,B,path.twc_target_z,0.60000002
25.3206,B,pid.gyrox.Des,7.3431134
25.3206,B,pid.gyrox.FB,-5.3696461
25.3206,B,pid.gyrox.U,168.54001
25.3206,B,pid.gyroy.Des,13.536299
25.3206,B,pid.gyroy.FB,31.693394
25.3206,B,pid.gyroy.U,-118.58496
25.3206,B,pid.gyroz.Des,-1.3779764
25.3206,B,pid.gyroz.FB,3.5271864
25.3206,B,pid.gyroz.U,-41.179592
25.3206,B,pid.locx.Des,-4.5946255
25.3206,B,pid.locx.FB,-16.797094
25.3206,B,pid.locx.U,13.091109
25.3206,B,pid.locxs.Des,13.091109
25.3206,B,pid.locxs.FB,-36.774193
25.3206,B,pid.locxs.U,155.1745
25.3206,B,pid.locy.Des,28.568331
25.3206,B,pid.locy.FB,19.749029
25.3206,B,pid.locy.U,10.629293
25.3206,B,pid.locys.Des,10.629293
25.3206,B,pid.locys.FB,-43.550648
25.3206,B,pid.locys.U,169.26315
25.3206,B,pid.pitch.Des,13.151137
25.3206,B,pid.pitch.FB,8.1764345
25.3206,B,pid.pitch.U,13.536299
25.3206,B,pid.roll.Des,-0.54120004
25.3206,B,pid.roll.FB,-2.9637136
25.3206,B,pid.roll.U,7.3431134
25.3206,B,pid.yaw.Des,40
25.3206,B,pid.yaw.FB,40.177799
25.3206,B,pid.yaw.U,-1.3779764
25.3206,B,pid.z_pos.Des,0.62994766
25.3206,B,pid.z_pos.FB,0.63264692
25.3206,B,pid.z_pos.U,-0.12504464
25.3206,B,pid.z_rate.Des,-0.12504464
25.3206,B,pid.z_rate.FB,0.038815737
25.3206,B,pid.z_rate.U,-78.594154
25.3206,B,status.vbat,0
25.5208,A,mrac.pitch.e,0.16829053
25.5208,A,mrac.pitch.u_ad,0.024527129
25.5208,A,mrac.roll.e,-0.19304407
25.5208,A,mrac.roll.u_ad,0.17262301
25.5208,A,mrac.yaw.e,0.052847624
25.5208,A,mrac.yaw.u_ad,0.0076451581
25.5208,A,mrac.z.e,0.23220596
25.5208,A,mrac.z.u_ad,-0.11199813
25.5208,A,status.arm,1
25.5208,A,status.flymode,1
25.5208,A,status.rc_authority,0
25.5208,A,status.sbus_lost,0
25.5208,A,status.twc_arrived,0
25.5208,A,status.twc_execute,0
25.5208,B,mrac.pitch.theta_0,0.0019598731
25.5208,B,mrac.pitch.theta_1,0.0040184841
25.5208,B,mrac.pitch.theta_2,0.0011753483
25.5208,B,mrac.pitch.theta_3,0.0062564169
25.5208,B,mrac.pitch.theta_4,0.12701748
25.5208,B,mrac.pitch.theta_5,0.14262873
25.5208,B,mrac.pitch.u_nom,-0.10135467
25.5208,B,mrac.pitch.xm,0.23625308
25.5208,B,mrac.roll.theta_0,0.1447424
25.5208,B,mrac.roll.theta_1,0.0021753085
25.5208,B,mrac.roll.theta_2,0.0053900667
25.5208,B,mrac.roll.theta_3,0.0056666755
25.5208,B,mrac.roll.theta_4,0.14005394
25.5208,B,mrac.roll.theta_5,0.14115243
25.5208,B,mrac.roll.u_nom,0.14405128
25.5208,B,mrac.roll.xm,0.12816156
25.5208,B,mrac.yaw.theta_0,0.010661691
25.5208,B,mrac.yaw.theta_1,0.0023272412
25.5208,B,mrac.yaw.theta_2,0.0034933598
25.5208,B,mrac.yaw.theta_3,0
25.5208,B,mrac.yaw.theta_4,0.039775584
25.5208,B,mrac.yaw.theta_5,0.085896105
25.5208,B,mrac.yaw.u_nom,-0.021997645
25.5208,B,mrac.yaw.xm,-0.024050236
25.5208,B,mrac.z.theta_0,0.0028160054
25.5208,B,mrac.z.theta_1,0.0027737452
25.5208,B,mrac.z.theta_2,0.0059298747
25.5208,B,mrac.z.theta_3,0
25.5208,B,mrac.z.theta_4,0.19580244
25.5208,B,mrac.z.theta_5,0.18805864
25.5208,B,mrac.z.u_nom,-0.35402772
25.5208,B,mrac.z.xm,-0.12504464
25.5208,B,path.active_path_mode,0
25.5208,B,path.circle_theta,0
25.5208,B,path.sinusoid_t_elapsed,0
25.5208,B,path.twc_arrived,0
25.5208,B,path.twc_target_x,1.4901161e-06
25.5208,B,path.twc_target_y,0
25.5208,B,path.twc_target_z,0.60000002
25.5208,B,pid.gyrox.Des,7.3431134
25.5208,B,pid.gyrox.FB,-5.3696461
25.5208,B,pid.gyrox.U,168.54001
25.5208,B,pid.gyroy.Des,13.536299
25.5208,B,pid.gyroy.FB,31.693394
25.5208,B,pid.gyroy.U,-118.58496
25.5208,B,pid.gyroz.Des,-1.3779764
25.5208,B,pid.gyroz.FB,3.5271864
25.5208,B,pid.gyroz.U,-41.179592
25.5208,B,pid.locx.Des,-4.5946255
25.5208,B,pid.locx.FB,-16.797094
25.5208,B,pid.locx.U,13.091109
25.5208,B,pid.locxs.Des,13.091109
25.5208,B,pid.locxs.FB,-36.774193
25.5208,B,pid.locxs.U,155.1745
25.5208,B,pid.locy.Des,28.568331
25.5208,B,pid.locy.FB,19.749029
25.5208,B,pid.locy.U,10.629293
25.5208,B,pid.locys.Des,10.629293
25.5208,B,pid.locys.FB,-43.550648
25.5208,B,pid.locys.U,169.26315
25.5208,B,pid.pitch.Des,13.151137
25.5208,B,pid.pitch.FB,8.1764345
25.5208,B,pid.pitch.U,13.536299
25.5208,B,pid.roll.Des,-0.54120004
25.5208,B,pid.roll.FB,-2.9637136
25.5208,B,pid.roll.U,7.3431134
25.5208,B,pid.yaw.Des,40
25.5208,B,pid.yaw.FB,40.177799
25.5208,B,pid.yaw.U,-1.3779764
25.5208,B,pid.z_pos.Des,0.62994766
25.5208,B,pid.z_pos.FB,0.63264692
25.5208,B,pid.z_pos.U,-0.12504464
25.5208,B,pid.z_rate.Des,-0.12504464
25.5208,B,pid.z_rate.FB,0.038815737
25.5208,B,pid.z_rate.U,-78.594154
25.5208,B,status.vbat,0
25.7225,A,mrac.pitch.e,0.16829053
25.7225,A,mrac.pitch.u_ad,0.024527129
25.7225,A,mrac.roll.e,-0.19304407
25.7225,A,mrac.roll.u_ad,0.17262301
25.7225,A,mrac.yaw.e,0.052847624
25.7225,A,mrac.yaw.u_ad,0.0076451581
25.7225,A,mrac.z.e,0.23220596
25.7225,A,mrac.z.u_ad,-0.11199813
25.7225,A,status.arm,1
25.7225,A,status.flymode,1
25.7225,A,status.rc_authority,0
25.7225,A,status.sbus_lost,0
25.7225,A,status.twc_arrived,0
25.7225,A,status.twc_execute,0
25.7227,B,mrac.pitch.theta_0,0.0019598731
25.7227,B,mrac.pitch.theta_1,0.0040184841
25.7227,B,mrac.pitch.theta_2,0.0011753483
25.7227,B,mrac.pitch.theta_3,0.0062564169
25.7227,B,mrac.pitch.theta_4,0.12701748
25.7227,B,mrac.pitch.theta_5,0.14262873
25.7227,B,mrac.pitch.u_nom,-0.10135467
25.7227,B,mrac.pitch.xm,0.23625308
25.7227,B,mrac.roll.theta_0,0.1447424
25.7227,B,mrac.roll.theta_1,0.0021753085
25.7227,B,mrac.roll.theta_2,0.0053900667
25.7227,B,mrac.roll.theta_3,0.0056666755
25.7227,B,mrac.roll.theta_4,0.14005394
25.7227,B,mrac.roll.theta_5,0.14115243
25.7227,B,mrac.roll.u_nom,0.14405128
25.7227,B,mrac.roll.xm,0.12816156
25.7227,B,mrac.yaw.theta_0,0.010661691
25.7227,B,mrac.yaw.theta_1,0.0023272412
25.7227,B,mrac.yaw.theta_2,0.0034933598
25.7227,B,mrac.yaw.theta_3,0
25.7227,B,mrac.yaw.theta_4,0.039775584
25.7227,B,mrac.yaw.theta_5,0.085896105
25.7227,B,mrac.yaw.u_nom,-0.021997645
25.7227,B,mrac.yaw.xm,-0.024050236
25.7227,B,mrac.z.theta_0,0.0028160054
25.7227,B,mrac.z.theta_1,0.0027737452
25.7227,B,mrac.z.theta_2,0.0059298747
25.7227,B,mrac.z.theta_3,0
25.7227,B,mrac.z.theta_4,0.19580244
25.7227,B,mrac.z.theta_5,0.18805864
25.7227,B,mrac.z.u_nom,-0.35402772
25.7227,B,mrac.z.xm,-0.12504464
25.7227,B,path.active_path_mode,0
25.7227,B,path.circle_theta,0
25.7227,B,path.sinusoid_t_elapsed,0
25.7227,B,path.twc_arrived,0
25.7227,B,path.twc_target_x,1.4901161e-06
25.7227,B,path.twc_target_y,0
25.7227,B,path.twc_target_z,0.60000002
25.7227,B,pid.gyrox.Des,7.3431134
25.7227,B,pid.gyrox.FB,-5.3696461
25.7227,B,pid.gyrox.U,168.54001
25.7227,B,pid.gyroy.Des,13.536299
25.7227,B,pid.gyroy.FB,31.693394
25.7227,B,pid.gyroy.U,-118.58496
25.7227,B,pid.gyroz.Des,-1.3779764
25.7227,B,pid.gyroz.FB,3.5271864
25.7227,B,pid.gyroz.U,-41.179592
25.7227,B,pid.locx.Des,-4.5946255
25.7227,B,pid.locx.FB,-16.797094
25.7227,B,pid.locx.U,13.091109
25.7227,B,pid.locxs.Des,13.091109
25.7227,B,pid.locxs.FB,-36.774193
25.7227,B,pid.locxs.U,155.1745
25.7227,B,pid.locy.Des,28.568331
25.7227,B,pid.locy.FB,19.749029
25.7227,B,pid.locy.U,10.629293
25.7227,B,pid.locys.Des,10.629293
25.7227,B,pid.locys.FB,-43.550648
25.7227,B,pid.locys.U,169.26315
25.7227,B,pid.pitch.Des,13.151137
25.7227,B,pid.pitch.FB,8.1764345
25.7227,B,pid.pitch.U,13.536299
25.7227,B,pid.roll.Des,-0.54120004
25.7227,B,pid.roll.FB,-2.9637136
25.7227,B,pid.roll.U,7.3431134
25.7227,B,pid.yaw.Des,40
25.7227,B,pid.yaw.FB,40.177799
25.7227,B,pid.yaw.U,-1.3779764
25.7227,B,pid.z_pos.Des,0.62994766
25.7227,B,pid.z_pos.FB,0.63264692
25.7227,B,pid.z_pos.U,-0.12504464
25.7227,B,pid.z_rate.Des,-0.12504464
25.7227,B,pid.z_rate.FB,0.038815737
25.7227,B,pid.z_rate.U,-78.594154
25.7227,B,status.vbat,0
25.9383,A,mrac.pitch.e,0.16829053
25.9383,A,mrac.pitch.u_ad,0.024527129
25.9383,A,mrac.roll.e,-0.19304407
25.9383,A,mrac.roll.u_ad,0.17262301
25.9383,A,mrac.yaw.e,0.052847624
25.9383,A,mrac.yaw.u_ad,0.0076451581
25.9383,A,mrac.z.e,0.23220596
25.9383,A,mrac.z.u_ad,-0.11199813
25.9383,A,status.arm,1
25.9383,A,status.flymode,1
25.9383,A,status.rc_authority,0
25.9383,A,status.sbus_lost,0
25.9383,A,status.twc_arrived,0
25.9383,A,status.twc_execute,0
25.9387,B,mrac.pitch.theta_0,0.0019598731
25.9387,B,mrac.pitch.theta_1,0.0040184841
25.9387,B,mrac.pitch.theta_2,0.0011753483
25.9387,B,mrac.pitch.theta_3,0.0062564169
25.9387,B,mrac.pitch.theta_4,0.12701748
25.9387,B,mrac.pitch.theta_5,0.14262873
25.9387,B,mrac.pitch.u_nom,-0.10135467
25.9387,B,mrac.pitch.xm,0.23625308
25.9387,B,mrac.roll.theta_0,0.1447424
25.9387,B,mrac.roll.theta_1,0.0021753085
25.9387,B,mrac.roll.theta_2,0.0053900667
25.9387,B,mrac.roll.theta_3,0.0056666755
25.9387,B,mrac.roll.theta_4,0.14005394
25.9387,B,mrac.roll.theta_5,0.14115243
25.9387,B,mrac.roll.u_nom,0.14405128
25.9387,B,mrac.roll.xm,0.12816156
25.9387,B,mrac.yaw.theta_0,0.010661691
25.9387,B,mrac.yaw.theta_1,0.0023272412
25.9387,B,mrac.yaw.theta_2,0.0034933598
25.9387,B,mrac.yaw.theta_3,0
25.9387,B,mrac.yaw.theta_4,0.039775584
25.9387,B,mrac.yaw.theta_5,0.085896105
25.9387,B,mrac.yaw.u_nom,-0.021997645
25.9387,B,mrac.yaw.xm,-0.024050236
25.9387,B,mrac.z.theta_0,0.0028160054
25.9387,B,mrac.z.theta_1,0.0027737452
25.9387,B,mrac.z.theta_2,0.0059298747
25.9387,B,mrac.z.theta_3,0
25.9387,B,mrac.z.theta_4,0.19580244
25.9387,B,mrac.z.theta_5,0.18805864
25.9387,B,mrac.z.u_nom,-0.35402772
25.9387,B,mrac.z.xm,-0.12504464
25.9387,B,path.active_path_mode,0
25.9387,B,path.circle_theta,0
25.9387,B,path.sinusoid_t_elapsed,0
25.9387,B,path.twc_arrived,0
25.9387,B,path.twc_target_x,1.4901161e-06
25.9387,B,path.twc_target_y,0
25.9387,B,path.twc_target_z,0.60000002
25.9387,B,pid.gyrox.Des,7.3431134
25.9387,B,pid.gyrox.FB,-5.3696461
25.9387,B,pid.gyrox.U,168.54001
25.9387,B,pid.gyroy.Des,13.536299
25.9387,B,pid.gyroy.FB,31.693394
25.9387,B,pid.gyroy.U,-118.58496
25.9387,B,pid.gyroz.Des,-1.3779764
25.9387,B,pid.gyroz.FB,3.5271864
25.9387,B,pid.gyroz.U,-41.179592
25.9387,B,pid.locx.Des,-4.5946255
25.9387,B,pid.locx.FB,-16.797094
25.9387,B,pid.locx.U,13.091109
25.9387,B,pid.locxs.Des,13.091109
25.9387,B,pid.locxs.FB,-36.774193
25.9387,B,pid.locxs.U,155.1745
25.9387,B,pid.locy.Des,28.568331
25.9387,B,pid.locy.FB,19.749029
25.9387,B,pid.locy.U,10.629293
25.9387,B,pid.locys.Des,10.629293
25.9387,B,pid.locys.FB,-43.550648
25.9387,B,pid.locys.U,169.26315
25.9387,B,pid.pitch.Des,13.151137
25.9387,B,pid.pitch.FB,8.1764345
25.9387,B,pid.pitch.U,13.536299
25.9387,B,pid.roll.Des,-0.54120004
25.9387,B,pid.roll.FB,-2.9637136
25.9387,B,pid.roll.U,7.3431134
25.9387,B,pid.yaw.Des,40
25.9387,B,pid.yaw.FB,40.177799
25.9387,B,pid.yaw.U,-1.3779764
25.9387,B,pid.z_pos.Des,0.62994766
25.9387,B,pid.z_pos.FB,0.63264692
25.9387,B,pid.z_pos.U,-0.12504464
25.9387,B,pid.z_rate.Des,-0.12504464
25.9387,B,pid.z_rate.FB,0.038815737
25.9387,B,pid.z_rate.U,-78.594154
25.9387,B,status.vbat,0
26.1544,A,mrac.pitch.e,0.16829053
26.1544,A,mrac.pitch.u_ad,0.024527129
26.1544,A,mrac.roll.e,-0.19304407
26.1544,A,mrac.roll.u_ad,0.17262301
26.1544,A,mrac.yaw.e,0.052847624
26.1544,A,mrac.yaw.u_ad,0.0076451581
26.1544,A,mrac.z.e,0.23220596
26.1544,A,mrac.z.u_ad,-0.11199813
26.1544,A,status.arm,1
26.1544,A,status.flymode,1
26.1544,A,status.rc_authority,0
26.1544,A,status.sbus_lost,0
26.1544,A,status.twc_arrived,0
26.1544,A,status.twc_execute,0
26.1546,B,mrac.pitch.theta_0,0.0019598731
26.1546,B,mrac.pitch.theta_1,0.0040184841
26.1546,B,mrac.pitch.theta_2,0.0011753483
26.1546,B,mrac.pitch.theta_3,0.0062564169
26.1546,B,mrac.pitch.theta_4,0.12701748
26.1546,B,mrac.pitch.theta_5,0.14262873
26.1546,B,mrac.pitch.u_nom,-0.10135467
26.1546,B,mrac.pitch.xm,0.23625308
26.1546,B,mrac.roll.theta_0,0.1447424
26.1546,B,mrac.roll.theta_1,0.0021753085
26.1546,B,mrac.roll.theta_2,0.0053900667
26.1546,B,mrac.roll.theta_3,0.0056666755
26.1546,B,mrac.roll.theta_4,0.14005394
26.1546,B,mrac.roll.theta_5,0.14115243
26.1546,B,mrac.roll.u_nom,0.14405128
26.1546,B,mrac.roll.xm,0.12816156
26.1546,B,mrac.yaw.theta_0,0.010661691
26.1546,B,mrac.yaw.theta_1,0.0023272412
26.1546,B,mrac.yaw.theta_2,0.0034933598
26.1546,B,mrac.yaw.theta_3,0
26.1546,B,mrac.yaw.theta_4,0.039775584
26.1546,B,mrac.yaw.theta_5,0.085896105
26.1546,B,mrac.yaw.u_nom,-0.021997645
26.1546,B,mrac.yaw.xm,-0.024050236
26.1546,B,mrac.z.theta_0,0.0028160054
26.1546,B,mrac.z.theta_1,0.0027737452
26.1546,B,mrac.z.theta_2,0.0059298747
26.1546,B,mrac.z.theta_3,0
26.1546,B,mrac.z.theta_4,0.19580244
26.1546,B,mrac.z.theta_5,0.18805864
26.1546,B,mrac.z.u_nom,-0.35402772
26.1546,B,mrac.z.xm,-0.12504464
26.1546,B,path.active_path_mode,0
26.1546,B,path.circle_theta,0
26.1546,B,path.sinusoid_t_elapsed,0
26.1546,B,path.twc_arrived,0
26.1546,B,path.twc_target_x,1.4901161e-06
26.1546,B,path.twc_target_y,0
26.1546,B,path.twc_target_z,0.60000002
26.1546,B,pid.gyrox.Des,7.3431134
26.1546,B,pid.gyrox.FB,-5.3696461
26.1546,B,pid.gyrox.U,168.54001
26.1546,B,pid.gyroy.Des,13.536299
26.1546,B,pid.gyroy.FB,31.693394
26.1546,B,pid.gyroy.U,-118.58496
26.1546,B,pid.gyroz.Des,-1.3779764
26.1546,B,pid.gyroz.FB,3.5271864
26.1546,B,pid.gyroz.U,-41.179592
26.1546,B,pid.locx.Des,-4.5946255
26.1546,B,pid.locx.FB,-16.797094
26.1546,B,pid.locx.U,13.091109
26.1546,B,pid.locxs.Des,13.091109
26.1546,B,pid.locxs.FB,-36.774193
26.1546,B,pid.locxs.U,155.1745
26.1546,B,pid.locy.Des,28.568331
26.1546,B,pid.locy.FB,19.749029
26.1546,B,pid.locy.U,10.629293
26.1546,B,pid.locys.Des,10.629293
26.1546,B,pid.locys.FB,-43.550648
26.1546,B,pid.locys.U,169.26315
26.1546,B,pid.pitch.Des,13.151137
26.1546,B,pid.pitch.FB,8.1764345
26.1546,B,pid.pitch.U,13.536299
26.1546,B,pid.roll.Des,-0.54120004
26.1546,B,pid.roll.FB,-2.9637136
26.1546,B,pid.roll.U,7.3431134
26.1546,B,pid.yaw.Des,40
26.1546,B,pid.yaw.FB,40.177799
26.1546,B,pid.yaw.U,-1.3779764
26.1546,B,pid.z_pos.Des,0.62994766
26.1546,B,pid.z_pos.FB,0.63264692
26.1546,B,pid.z_pos.U,-0.12504464
26.1546,B,pid.z_rate.Des,-0.12504464
26.1546,B,pid.z_rate.FB,0.038815737
26.1546,B,pid.z_rate.U,-78.594154
26.1546,B,status.vbat,0
26.3580,A,mrac.pitch.e,0.16829053
26.3580,A,mrac.pitch.u_ad,0.024527129
26.3580,A,mrac.roll.e,-0.19304407
26.3580,A,mrac.roll.u_ad,0.17262301
26.3580,A,mrac.yaw.e,0.052847624
26.3580,A,mrac.yaw.u_ad,0.0076451581
26.3580,A,mrac.z.e,0.23220596
26.3580,A,mrac.z.u_ad,-0.11199813
26.3580,A,status.arm,1
26.3580,A,status.flymode,1
26.3580,A,status.rc_authority,0
26.3580,A,status.sbus_lost,0
26.3580,A,status.twc_arrived,0
26.3580,A,status.twc_execute,0
26.3581,B,mrac.pitch.theta_0,0.0019598731
26.3581,B,mrac.pitch.theta_1,0.0040184841
26.3581,B,mrac.pitch.theta_2,0.0011753483
26.3581,B,mrac.pitch.theta_3,0.0062564169
26.3581,B,mrac.pitch.theta_4,0.12701748
26.3581,B,mrac.pitch.theta_5,0.14262873
26.3581,B,mrac.pitch.u_nom,-0.10135467
26.3581,B,mrac.pitch.xm,0.23625308
26.3581,B,mrac.roll.theta_0,0.1447424
26.3581,B,mrac.roll.theta_1,0.0021753085
26.3581,B,mrac.roll.theta_2,0.0053900667
26.3581,B,mrac.roll.theta_3,0.0056666755
26.3581,B,mrac.roll.theta_4,0.14005394
26.3581,B,mrac.roll.theta_5,0.14115243
26.3581,B,mrac.roll.u_nom,0.14405128
26.3581,B,mrac.roll.xm,0.12816156
26.3581,B,mrac.yaw.theta_0,0.010661691
26.3581,B,mrac.yaw.theta_1,0.0023272412
26.3581,B,mrac.yaw.theta_2,0.0034933598
26.3581,B,mrac.yaw.theta_3,0
26.3581,B,mrac.yaw.theta_4,0.039775584
26.3581,B,mrac.yaw.theta_5,0.085896105
26.3581,B,mrac.yaw.u_nom,-0.021997645
26.3581,B,mrac.yaw.xm,-0.024050236
26.3581,B,mrac.z.theta_0,0.0028160054
26.3581,B,mrac.z.theta_1,0.0027737452
26.3581,B,mrac.z.theta_2,0.0059298747
26.3581,B,mrac.z.theta_3,0
26.3581,B,mrac.z.theta_4,0.19580244
26.3581,B,mrac.z.theta_5,0.18805864
26.3581,B,mrac.z.u_nom,-0.35402772
26.3581,B,mrac.z.xm,-0.12504464
26.3581,B,path.active_path_mode,0
26.3581,B,path.circle_theta,0
26.3581,B,path.sinusoid_t_elapsed,0
26.3581,B,path.twc_arrived,0
26.3581,B,path.twc_target_x,1.4901161e-06
26.3581,B,path.twc_target_y,0
26.3581,B,path.twc_target_z,0.60000002
26.3581,B,pid.gyrox.Des,7.3431134
26.3581,B,pid.gyrox.FB,-5.3696461
26.3581,B,pid.gyrox.U,168.54001
26.3581,B,pid.gyroy.Des,13.536299
26.3581,B,pid.gyroy.FB,31.693394
26.3581,B,pid.gyroy.U,-118.58496
26.3581,B,pid.gyroz.Des,-1.3779764
26.3581,B,pid.gyroz.FB,3.5271864
26.3581,B,pid.gyroz.U,-41.179592
26.3581,B,pid.locx.Des,-4.5946255
26.3581,B,pid.locx.FB,-16.797094
26.3581,B,pid.locx.U,13.091109
26.3581,B,pid.locxs.Des,13.091109
26.3581,B,pid.locxs.FB,-36.774193
26.3581,B,pid.locxs.U,155.1745
26.3581,B,pid.locy.Des,28.568331
26.3581,B,pid.locy.FB,19.749029
26.3581,B,pid.locy.U,10.629293
26.3581,B,pid.locys.Des,10.629293
26.3581,B,pid.locys.FB,-43.550648
26.3581,B,pid.locys.U,169.26315
26.3581,B,pid.pitch.Des,13.151137
26.3581,B,pid.pitch.FB,8.1764345
26.3581,B,pid.pitch.U,13.536299
26.3581,B,pid.roll.Des,-0.54120004
26.3581,B,pid.roll.FB,-2.9637136
26.3581,B,pid.roll.U,7.3431134
26.3581,B,pid.yaw.Des,40
26.3581,B,pid.yaw.FB,40.177799
26.3581,B,pid.yaw.U,-1.3779764
26.3581,B,pid.z_pos.Des,0.62994766
26.3581,B,pid.z_pos.FB,0.63264692
26.3581,B,pid.z_pos.U,-0.12504464
26.3581,B,pid.z_rate.Des,-0.12504464
26.3581,B,pid.z_rate.FB,0.038815737
26.3581,B,pid.z_rate.U,-78.594154
26.3581,B,status.vbat,0
26.5733,A,mrac.pitch.e,0.31375039
26.5733,A,mrac.pitch.u_ad,-0.026183749
26.5733,A,mrac.roll.e,-0.18296507
26.5733,A,mrac.roll.u_ad,0.17127869
26.5733,A,mrac.yaw.e,-0.04618315
26.5733,A,mrac.yaw.u_ad,-0.0033610119
26.5733,A,mrac.z.e,0.056157514
26.5733,A,mrac.z.u_ad,-0.033055335
26.5733,A,status.arm,1
26.5733,A,status.flymode,1
26.5733,A,status.rc_authority,0
26.5733,A,status.sbus_lost,0
26.5733,A,status.twc_arrived,0
26.5733,A,status.twc_execute,0
26.5733,B,mrac.pitch.theta_0,0.0019598731
26.5733,B,mrac.pitch.theta_1,0.0040184841
26.5733,B,mrac.pitch.theta_2,0.0011753483
26.5733,B,mrac.pitch.theta_3,0.0062564169
26.5733,B,mrac.pitch.theta_4,0.12701748
26.5733,B,mrac.pitch.theta_5,0.14262873
26.5733,B,mrac.pitch.u_nom,-0.10135467
26.5733,B,mrac.pitch.xm,0.23625308
26.5733,B,mrac.roll.theta_0,0.1447424
26.5733,B,mrac.roll.theta_1,0.0021753085
26.5733,B,mrac.roll.theta_2,0.0053900667
26.5733,B,mrac.roll.theta_3,0.0056666755
26.5733,B,mrac.roll.theta_4,0.14005394
26.5733,B,mrac.roll.theta_5,0.14115243
26.5733,B,mrac.roll.u_nom,0.14405128
26.5733,B,mrac.roll.xm,0.12816156
26.5733,B,mrac.yaw.theta_0,0.010661691
26.5733,B,mrac.yaw.theta_1,0.0023272412
26.5733,B,mrac.yaw.theta_2,0.0034933598
26.5733,B,mrac.yaw.theta_3,0
26.5733,B,mrac.yaw.theta_4,0.039775584
26.5733,B,mrac.yaw.theta_5,0.085896105
26.5733,B,mrac.yaw.u_nom,-0.021997645
26.5733,B,mrac.yaw.xm,-0.024050236
26.5733,B,mrac.z.theta_0,0.0028160054
26.5733,B,mrac.z.theta_1,0.0027737452
26.5733,B,mrac.z.theta_2,0.0059298747
26.5733,B,mrac.z.theta_3,0
26.5733,B,mrac.z.theta_4,0.19580244
26.5733,B,mrac.z.theta_5,0.18805864
26.5733,B,mrac.z.u_nom,-0.35402772
26.5733,B,mrac.z.xm,-0.12504464
26.5733,B,path.active_path_mode,0
26.5733,B,path.circle_theta,0
26.5733,B,path.sinusoid_t_elapsed,0
26.5733,B,path.twc_arrived,0
26.5733,B,path.twc_target_x,1.4901161e-06
26.5733,B,path.twc_target_y,0
26.5733,B,path.twc_target_z,0.60000002
26.5733,B,pid.gyrox.Des,7.3431134
26.5733,B,pid.gyrox.FB,-5.3696461
26.5733,B,pid.gyrox.U,168.54001
26.5733,B,pid.gyroy.Des,13.536299
26.5733,B,pid.gyroy.FB,31.693394
26.5733,B,pid.gyroy.U,-118.58496
26.5733,B,pid.gyroz.Des,-1.3779764
26.5733,B,pid.gyroz.FB,3.5271864
26.5733,B,pid.gyroz.U,-41.179592
26.5733,B,pid.locx.Des,-4.5946255
26.5733,B,pid.locx.FB,-16.797094
26.5733,B,pid.locx.U,13.091109
26.5733,B,pid.locxs.Des,13.091109
26.5733,B,pid.locxs.FB,-36.774193
26.5733,B,pid.locxs.U,155.1745
26.5733,B,pid.locy.Des,28.568331
26.5733,B,pid.locy.FB,19.749029
26.5733,B,pid.locy.U,10.629293
26.5733,B,pid.locys.Des,10.629293
26.5733,B,pid.locys.FB,-43.550648
26.5733,B,pid.locys.U,169.26315
26.5733,B,pid.pitch.Des,13.151137
26.5733,B,pid.pitch.FB,8.1764345
26.5733,B,pid.pitch.U,13.536299
26.5733,B,pid.roll.Des,-0.54120004
26.5733,B,pid.roll.FB,-2.9637136
26.5733,B,pid.roll.U,7.3431134
26.5733,B,pid.yaw.Des,40
26.5733,B,pid.yaw.FB,40.177799
26.5733,B,pid.yaw.U,-1.3779764
26.5733,B,pid.z_pos.Des,0.62994766
26.5733,B,pid.z_pos.FB,0.63264692
26.5733,B,pid.z_pos.U,-0.12504464
26.5733,B,pid.z_rate.Des,-0.12504464
26.5733,B,pid.z_rate.FB,0.038815737
26.5733,B,pid.z_rate.U,-78.594154
26.5733,B,status.vbat,0
26.7875,A,mrac.pitch.e,0.17922057
26.7875,A,mrac.pitch.u_ad,-0.011400427
26.7875,A,mrac.roll.e,-0.0076771528
26.7875,A,mrac.roll.u_ad,0.16163146
26.7875,A,mrac.yaw.e,-0.045137212
26.7875,A,mrac.yaw.u_ad,0.0046521267
26.7875,A,mrac.z.e,0.017855842
26.7875,A,mrac.z.u_ad,-0.024823612
26.7875,A,status.arm,1
26.7875,A,status.flymode,1
26.7875,A,status.rc_authority,0
26.7875,A,status.sbus_lost,0
26.7875,A,status.twc_arrived,0
26.7875,A,status.twc_execute,0
26.7875,B,mrac.pitch.theta_0,0.0018296209
26.7875,B,mrac.pitch.theta_1,0.0065921675
26.7875,B,mrac.pitch.theta_2,0.00091341801
26.7875,B,mrac.pitch.theta_3,0.0062572663
26.7875,B,mrac.pitch.theta_4,0.12912475
26.7875,B,mrac.pitch.theta_5,0.14265195
26.7875,B,mrac.pitch.u_nom,-0.082130775
26.7875,B,mrac.pitch.xm,-0.093196161
26.7875,B,mrac.roll.theta_0,0.14877227
26.7875,B,mrac.roll.theta_1,0.0021103567
26.7875,B,mrac.roll.theta_2,0.0055821161
26.7875,B,mrac.roll.theta_3,0.0057854974
26.7875,B,mrac.roll.theta_4,0.14158837
26.7875,B,mrac.roll.theta_5,0.141298
26.7875,B,mrac.roll.u_nom,-0.025498578
26.7875,B,mrac.roll.xm,0.077414393
26.7875,B,mrac.yaw.theta_0,0.0027872501
26.7875,B,mrac.yaw.theta_1,0.0021884281
26.7875,B,mrac.yaw.theta_2,0.0034650327
26.7875,B,mrac.yaw.theta_3,0
26.7875,B,mrac.yaw.theta_4,0.040051982
26.7875,B,mrac.yaw.theta_5,0.085847035
26.7875,B,mrac.yaw.u_nom,0.016578391
26.7875,B,mrac.yaw.xm,0.01929226
26.7875,B,mrac.z.theta_0,0.010186384
26.7875,B,mrac.z.theta_1,0.0023944143
26.7875,B,mrac.z.theta_2,0.0058539854
26.7875,B,mrac.z.theta_3,0
26.7875,B,mrac.z.theta_4,0.19569482
26.7875,B,mrac.z.theta_5,0.18764496
26.7875,B,mrac.z.u_nom,0.035215322
26.7875,B,mrac.z.xm,-0.078506798
26.7875,B,path.active_path_mode,0
26.7875,B,path.circle_theta,0
26.7875,B,path.sinusoid_t_elapsed,0
26.7875,B,path.twc_arrived,0
26.7875,B,path.twc_target_x,1.4901161e-06
26.7875,B,path.twc_target_y,0
26.7875,B,path.twc_target_z,0.60000002
26.7875,B,pid.gyrox.Des,4.4355164
26.7875,B,pid.gyrox.FB,3.9482367
26.7875,B,pid.gyrox.U,-29.833336
26.7875,B,pid.gyroy.Des,-5.3397446
26.7875,B,pid.gyroy.FB,7.9061842
26.7875,B,pid.gyroy.U,-96.093002
26.7875,B,pid.gyroz.Des,1.1053646
26.7875,B,pid.gyroz.FB,-3.0122635
26.7875,B,pid.gyroz.U,31.03475
26.7875,B,pid.locx.Des,-13.092586
26.7875,B,pid.locx.FB,11.665566
26.7875,B,pid.locx.U,-22.247206
26.7875,B,pid.locxs.Des,-22.247206
26.7875,B,pid.locxs.FB,8.9166288
26.7875,B,pid.locxs.U,-93.973732
26.7875,B,pid.locy.Des,18.70093
26.7875,B,pid.locy.FB,32.749435
26.7875,B,pid.locy.U,-13.715248
26.7875,B,pid.locys.Des,-13.715248
26.7875,B,pid.locys.FB,10.793227
26.7875,B,pid.locys.U,-74.09211
26.7875,B,pid.pitch.Des,-6.8020639
26.7875,B,pid.pitch.FB,-5.0915155
26.7875,B,pid.pitch.U,-5.3397446
26.7875,B,pid.roll.Des,1.4696318
26.7875,B,pid.roll.FB,-0.063077636
26.7875,B,pid.roll.U,4.4355164
26.7875,B,pid.yaw.Des,40
26.7875,B,pid.yaw.FB,39.561226
26.7875,B,pid.yaw.U,1.1053646
26.7875,B,pid.z_pos.Des,0.62994766
26.7875,B,pid.z_pos.FB,0.60759276
26.7875,B,pid.z_pos.U,-0.078506798
26.7875,B,pid.z_rate.Des,-0.078506798
26.7875,B,pid.z_rate.FB,-0.13045435
26.7875,B,pid.z_rate.U,7.8178015
26.7875,B,status.vbat,0
26.9882,A,mrac.pitch.e,-0.28441632
26.9882,A,mrac.pitch.u_ad,-0.026643766
26.9882,A,mrac.roll.e,0.47184452
26.9882,A,mrac.roll.u_ad,0.12159385
26.9882,A,mrac.yaw.e,-0.12966727
26.9882,A,mrac.yaw.u_ad,0.014415797
26.9882,A,mrac.z.e,0.055394597
26.9882,A,mrac.z.u_ad,-0.029263265
26.9882,A,status.arm,1
26.9882,A,status.flymode,1
26.9882,A,status.rc_authority,0
26.9882,A,status.sbus_lost,0
26.9882,A,status.twc_arrived,0
26.9882,A,status.twc_execute,0
26.9882,B,mrac.pitch.theta_0,0.0019314958
26.9882,B,mrac.pitch.theta_1,0.0063955653
26.9882,B,mrac.pitch.theta_2,0.00091095257
26.9882,B,mrac.pitch.theta_3,0.0062562856
26.9882,B,mrac.pitch.theta_4,0.12919295
26.9882,B,mrac.pitch.theta_5,0.14264433
26.9882,B,mrac.pitch.u_nom,0.036623109
26.9882,B,mrac.pitch.xm,0.064086139
26.9882,B,mrac.roll.theta_0,0.1465569
26.9882,B,mrac.roll.theta_1,0.0020712051
26.9882,B,mrac.roll.theta_2,0.0055875354
26.9882,B,mrac.roll.theta_3,0.0057841158
26.9882,B,mrac.roll.theta_4,0.14166006
26.9882,B,mrac.roll.theta_5,0.14129692
26.9882,B,mrac.roll.u_nom,0.11459447
26.9882,B,mrac.roll.xm,0.079274066
26.9882,B,mrac.yaw.theta_0,0.006336987
26.9882,B,mrac.yaw.theta_1,0.0021826162
26.9882,B,mrac.yaw.theta_2,0.0034652003
26.9882,B,mrac.yaw.theta_3,0
26.9882,B,mrac.yaw.theta_4,0.040053368
26.9882,B,mrac.yaw.theta_5,0.085838869
26.9882,B,mrac.yaw.u_nom,0.016675277
26.9882,B,mrac.yaw.xm,0.049280047
26.9882,B,mrac.z.theta_0,0.010617274
26.9882,B,mrac.z.theta_1,0.0023586017
26.9882,B,mrac.z.theta_2,0.0058520883
26.9882,B,mrac.z.theta_3,0
26.9882,B,mrac.z.theta_4,0.19570029
26.9882,B,mrac.z.theta_5,0.18762805
26.9882,B,mrac.z.u_nom,-0.018659983
26.9882,B,mrac.z.xm,-0.07786677
26.9882,B,path.active_path_mode,0
26.9882,B,path.circle_theta,0
26.9882,B,path.sinusoid_t_elapsed,0
26.9882,B,path.twc_arrived,0
26.9882,B,path.twc_target_x,1.4901161e-06
26.9882,B,path.twc_target_y,0
26.9882,B,path.twc_target_z,0.60000002
26.9882,B,pid.gyrox.Des,4.5420675
26.9882,B,pid.gyrox.FB,-1.2450353
26.9882,B,pid.gyrox.U,134.07553
26.9882,B,pid.gyroy.Des,3.6718636
26.9882,B,pid.gyroy.FB,12.551361
26.9882,B,pid.gyroy.U,42.849037
26.9882,B,pid.gyroz.Des,2.8235376
26.9882,B,pid.gyroz.FB,-1.2987114
26.9882,B,pid.gyroz.U,31.216118
26.9882,B,pid.locx.Des,-13.092586
26.9882,B,pid.locx.FB,12.622734
26.9882,B,pid.locx.U,-22.640142
26.9882,B,pid.locxs.Des,-22.640142
26.9882,B,pid.locxs.FB,-2.3182561
26.9882,B,pid.locxs.U,-57.067356
26.9882,B,pid.locy.Des,18.70093
26.9882,B,pid.locy.FB,34.085548
26.9882,B,pid.locy.U,-14.484865
26.9882,B,pid.locys.Des,-26.6
26.9882,B,pid.locys.FB,1.9041241
26.9882,B,pid.locys.U,-80.87439
26.9882,B,pid.pitch.Des,-5.7480283
26.9882,B,pid.pitch.FB,-3.8369672
26.9882,B,pid.pitch.U,3.6718636
26.9882,B,pid.roll.Des,-0.42161977
26.9882,B,pid.roll.FB,-0.47481796
26.9882,B,pid.roll.U,4.5420675
26.9882,B,pid.yaw.Des,40
26.9882,B,pid.yaw.FB,39.398365
26.9882,B,pid.yaw.U,2.8235376
26.9882,B,pid.z_pos.Des,0.62994766
26.9882,B,pid.z_pos.FB,0.60861182
26.9882,B,pid.z_pos.U,-0.07786677
26.9882,B,pid.z_rate.Des,-0.07786677
26.9882,B,pid.z_rate.FB,-0.099492192
26.9882,B,pid.z_rate.U,-4.1425161
26.9882,B,status.vbat,0
27.2053,A,mrac.pitch.e,0.018511862
27.2053,A,mrac.pitch.u_ad,-0.069979668
27.2053,A,mrac.roll.e,-0.14957453
27.2053,A,mrac.roll.u_ad,0.15228336
27.2053,A,mrac.yaw.e,0.03000392
27.2053,A,mrac.yaw.u_ad,0.019307397
27.2053,A,mrac.z.e,0.25285035
27.2053,A,mrac.z.u_ad,-0.074073076
27.2053,A,status.arm,1
27.2053,A,status.flymode,1
27.2053,A,status.rc_authority,0
27.2053,A,status.sbus_lost,0
27.2053,A,status.twc_arrived,0
27.2053,A,status.twc_execute,0
27.2054,B,mrac.pitch.theta_0,0.0016990467
27.2054,B,mrac.pitch.theta_1,0.006849471
27.2054,B,mrac.pitch.theta_2,0.0009081508
27.2054,B,mrac.pitch.theta_3,0.0062607699
27.2054,B,mrac.pitch.theta_4,0.12935661
27.2054,B,mrac.pitch.theta_5,0.14278843
27.2054,B,mrac.pitch.u_nom,0.02585111
27.2054,B,mrac.pitch.xm,-0.36538807
27.2054,B,mrac.roll.theta_0,0.14441009
27.2054,B,mrac.roll.theta_1,0.0019796866
27.2054,B,mrac.roll.theta_2,0.0056283046
27.2054,B,mrac.roll.theta_3,0.0057822857
27.2054,B,mrac.roll.theta_4,0.14176485
27.2054,B,mrac.roll.theta_5,0.1412095
27.2054,B,mrac.roll.u_nom,-0.030954409
27.2054,B,mrac.roll.xm,-0.034389678
27.2054,B,mrac.yaw.theta_0,0.013968506
27.2054,B,mrac.yaw.theta_1,0.0021657627
27.2054,B,mrac.yaw.theta_2,0.0034661642
27.2054,B,mrac.yaw.theta_3,0
27.2054,B,mrac.yaw.theta_4,0.040066961
27.2054,B,mrac.yaw.theta_5,0.085827976
27.2054,B,mrac.yaw.u_nom,0.027946167
27.2054,B,mrac.yaw.xm,0.062446743
27.2054,B,mrac.z.theta_0,0.0096330643
27.2054,B,mrac.z.theta_1,0.0023467948
27.2054,B,mrac.z.theta_2,0.0058465949
27.2054,B,mrac.z.theta_3,0
27.2054,B,mrac.z.theta_4,0.19568576
27.2054,B,mrac.z.theta_5,0.18760096
27.2054,B,mrac.z.u_nom,-0.25673106
27.2054,B,mrac.z.xm,-0.081324778
27.2054,B,path.active_path_mode,0
27.2054,B,path.circle_theta,0
27.2054,B,path.sinusoid_t_elapsed,0
27.2054,B,path.twc_arrived,0
27.2054,B,path.twc_target_x,1.4901161e-06
27.2054,B,path.twc_target_y,0
27.2054,B,path.twc_target_z,0.60000002
27.2054,B,pid.gyrox.Des,-1.9703827
27.2054,B,pid.gyrox.FB,-4.7222815
27.2054,B,pid.gyrox.U,-36.21666
27.2054,B,pid.gyroy.Des,-20.935184
27.2054,B,pid.gyroy.FB,-19.540382
27.2054,B,pid.gyroy.U,30.245798
27.2054,B,pid.gyroz.Des,3.5779333
27.2054,B,pid.gyroz.FB,-3.1621099
27.2054,B,pid.gyroz.U,52.315224
27.2054,B,pid.locx.Des,-13.092586
27.2054,B,pid.locx.FB,11.890335
27.2054,B,pid.locx.U,-21.721064
27.2054,B,pid.locxs.Des,-47.099998
27.2054,B,pid.locxs.FB,-10.718753
27.2054,B,pid.locxs.U,-105.33636
27.2054,B,pid.locy.Des,18.70093
27.2054,B,pid.locy.FB,34.297974
27.2054,B,pid.locy.U,-14.281606
27.2054,B,pid.locys.Des,-81.5
27.2054,B,pid.locys.FB,-6.7162733
27.2054,B,pid.locys.U,-219.70645
27.2054,B,pid.pitch.Des,-13.54617
27.2054,B,pid.pitch.FB,-5.0455208
27.2054,B,pid.pitch.U,-20.935184
27.2054,B,pid.roll.Des,-3.3975315
27.2054,B,pid.roll.FB,-2.7194271
27.2054,B,pid.roll.U,-1.9703827
27.2054,B,pid.yaw.Des,40
27.2054,B,pid.yaw.FB,39.494194
27.2054,B,pid.yaw.U,3.5779333
27.2054,B,pid.z_pos.Des,0.62994766
27.2054,B,pid.z_pos.FB,0.61690211
27.2054,B,pid.z_pos.U,-0.081324778
27.2054,B,pid.z_rate.Des,-0.081324778
27.2054,B,pid.z_rate.FB,0.028535964
27.2054,B,pid.z_rate.U,-56.994297
27.2054,B,status.vbat,0
27.4212,A,mrac.pitch.e,0.081075884
27.4212,A,mrac.pitch.u_ad,-0.030024447
27.4212,A,mrac.roll.e,-0.13270369
27.4212,A,mrac.roll.u_ad,0.18814266
27.4212,A,mrac.yaw.e,-0.040533099
27.4212,A,mrac.yaw.u_ad,0.014323221
27.4212,A,mrac.z.e,0.23671785
27.4212,A,mrac.z.u_ad,-0.048859119
27.4212,A,status.arm,1
27.4212,A,status.flymode,1
27.4212,A,status.rc_authority,0
27.4212,A,status.sbus_lost,0
27.4212,A,status.twc_arrived,0
27.4212,A,status.twc_execute,0
27.4212,B,mrac.pitch.theta_0,0.0018765925
27.4212,B,mrac.pitch.theta_1,0.0073071253
27.4212,B,mrac.pitch.theta_2,0.00090721255
27.4212,B,mrac.pitch.theta_3,0.0062593212
27.4212,B,mrac.pitch.theta_4,0.12942605
27.4212,B,mrac.pitch.theta_5,0.14285177
27.4212,B,mrac.pitch.u_nom,-0.036718834
27.4212,B,mrac.pitch.xm,-0.30196548
27.4212,B,mrac.roll.theta_0,0.14654
27.4212,B,mrac.roll.theta_1,0.0020173641
27.4212,B,mrac.roll.theta_2,0.0056384066
27.4212,B,mrac.roll.theta_3,0.0057782079
27.4212,B,mrac.roll.theta_4,0.14183527
27.4212,B,mrac.roll.theta_5,0.14123362
27.4212,B,mrac.roll.u_nom,-0.025993014
27.4212,B,mrac.roll.xm,0.18609241
27.4212,B,mrac.yaw.theta_0,0.014060673
27.4212,B,mrac.yaw.theta_1,0.0021618498
27.4212,B,mrac.yaw.theta_2,0.0034654781
27.4212,B,mrac.yaw.theta_3,0
27.4212,B,mrac.yaw.theta_4,0.040067386
27.4212,B,mrac.yaw.theta_5,0.085820898
27.4212,B,mrac.yaw.u_nom,0.00066149142
27.4212,B,mrac.yaw.xm,0.017855849
27.4212,B,mrac.z.theta_0,0.0084569352
27.4212,B,mrac.z.theta_1,0.0022672552
27.4212,B,mrac.z.theta_2,0.0058345962
27.4212,B,mrac.z.theta_3,0
27.4212,B,mrac.z.theta_4,0.19573063
27.4212,B,mrac.z.theta_5,0.18760669
27.4212,B,mrac.z.u_nom,-0.37188756
27.4212,B,mrac.z.xm,-0.093492262
27.4212,B,path.active_path_mode,0
27.4212,B,path.circle_theta,0
27.4212,B,path.sinusoid_t_elapsed,0
27.4212,B,path.twc_arrived,0
27.4212,B,path.twc_target_x,1.4901161e-06
27.4212,B,path.twc_target_y,0
27.4212,B,path.twc_target_z,0.60000002
27.4212,B,pid.gyrox.Des,10.662305
27.4212,B,pid.gyrox.FB,8.6442976
27.4212,B,pid.gyrox.U,-30.411825
27.4212,B,pid.gyroy.Des,-17.30134
27.4212,B,pid.gyroy.FB,-7.9826527
27.4212,B,pid.gyroy.U,-42.961037
27.4212,B,pid.gyroz.Des,1.0230644
27.4212,B,pid.gyroz.FB,0.66460609
27.4212,B,pid.gyroz.U,1.2383119
27.4212,B,pid.locx.Des,-13.092586
27.4212,B,pid.locx.FB,10.371272
27.4212,B,pid.locx.U,-20.27194
27.4212,B,pid.locxs.Des,-76.099998
27.4212,B,pid.locxs.FB,-16.457813
27.4212,B,pid.locxs.U,-171.72318
27.4212,B,pid.locy.Des,18.70093
27.4212,B,pid.locy.FB,32.341171
27.4212,B,pid.locy.U,-12.130104
27.4212,B,pid.locys.Des,-75.199997
27.4212,B,pid.locys.FB,-22.740723
27.4212,B,pid.locys.U,-142.98019
27.4212,B,pid.pitch.Des,-12.625907
27.4212,B,pid.pitch.FB,-6.976233
27.4212,B,pid.pitch.U,-17.30134
27.4212,B,pid.roll.Des,2.3022702
27.4212,B,pid.roll.FB,-2.6001639
27.4212,B,pid.roll.U,10.662305
27.4212,B,pid.yaw.Des,40
27.4212,B,pid.yaw.FB,39.979488
27.4212,B,pid.yaw.U,1.0230644
27.4212,B,pid.z_pos.Des,0.62994766
27.4212,B,pid.z_pos.FB,0.63460779
27.4212,B,pid.z_pos.U,-0.093492262
27.4212,B,pid.z_rate.Des,-0.093492262
27.4212,B,pid.z_rate.FB,0.080280311
27.4212,B,pid.z_rate.U,-82.559036
27.4212,B,status.vbat,0
27.6230,A,mrac.pitch.e,0.23052119
27.6230,A,mrac.pitch.u_ad,-0.016358681
27.6230,A,mrac.roll.e,-0.13084613
27.6230,A,mrac.roll.u_ad,0.1936319
27.6230,A,mrac.yaw.e,-0.0093849339
27.6230,A,mrac.yaw.u_ad,0.014624515
27.6230,A,mrac.z.e,-0.043652199
27.6230,A,mrac.z.u_ad,-0.064598903
27.6230,A,status.arm,1
27.6230,A,status.flymode,1
27.6230,A,status.rc_authority,0
27.6230,A,status.sbus_lost,0
27.6230,A,status.twc_arrived,0
27.6230,A,status.twc_execute,0
27.6231,B,mrac.pitch.theta_0,0.0020575386
27.6231,B,mrac.pitch.theta_1,0.0073491591
27.6231,B,mrac.pitch.theta_2,0.00090706069
27.6231,B,mrac.pitch.theta_3,0.0062584919
27.6231,B,mrac.pitch.theta_4,0.12944531
27.6231,B,mrac.pitch.theta_5,0.14285409
27.6231,B,mrac.pitch.u_nom,-0.16277966
27.6231,B,mrac.pitch.xm,-0.24583007
27.6231,B,mrac.roll.theta_0,0.14674406
27.6231,B,mrac.roll.theta_1,0.0021024316
27.6231,B,mrac.roll.theta_2,0.0056404253
27.6231,B,mrac.roll.theta_3,0.0057774787
27.6231,B,mrac.roll.theta_4,0.14185755
27.6231,B,mrac.roll.theta_5,0.141252
27.6231,B,mrac.roll.u_nom,-0.0046936753
27.6231,B,mrac.roll.xm,0.33323523
27.6231,B,mrac.yaw.theta_0,0.013106481
27.6231,B,mrac.yaw.theta_1,0.0021560674
27.6231,B,mrac.yaw.theta_2,0.0034645752
27.6231,B,mrac.yaw.theta_3,0
27.6231,B,mrac.yaw.theta_4,0.040068928
27.6231,B,mrac.yaw.theta_5,0.085815154
27.6231,B,mrac.yaw.u_nom,0.0055397316
27.6231,B,mrac.yaw.xm,-0.00079773151
27.6231,B,mrac.z.theta_0,0.0082410499
27.6231,B,mrac.z.theta_1,0.0022508632
27.6231,B,mrac.z.theta_2,0.0058324262
27.6231,B,mrac.z.theta_3,0
27.6231,B,mrac.z.theta_4,0.19574191
27.6231,B,mrac.z.theta_5,0.18760988
27.6231,B,mrac.z.u_nom,-0.42695814
27.6231,B,mrac.z.xm,-0.093483545
27.6231,B,path.active_path_mode,0
27.6231,B,path.circle_theta,0
27.6231,B,path.sinusoid_t_elapsed,0
27.6231,B,path.twc_arrived,0
27.6231,B,path.twc_target_x,1.4901161e-06
27.6231,B,path.twc_target_y,0
27.6231,B,path.twc_target_z,0.60000002
27.6231,B,pid.gyrox.Des,19.092964
27.6231,B,pid.gyrox.FB,7.7657776
27.6231,B,pid.gyrox.U,-5.4916
27.6231,B,pid.gyroy.Des,-14.08502
27.6231,B,pid.gyroy.FB,3.7047048
27.6231,B,pid.gyroy.U,-190.45221
27.6231,B,pid.gyroz.Des,-0.04570663
27.6231,B,pid.gyroz.FB,-1.5465817
27.6231,B,pid.gyroz.U,10.370378
27.6231,B,pid.locx.Des,-13.092586
27.6231,B,pid.locx.FB,9.2108183
27.6231,B,pid.locx.U,-19.20084
27.6231,B,pid.locxs.Des,-73.699997
27.6231,B,pid.locxs.FB,-20.678883
27.6231,B,pid.locxs.U,-162.72134
27.6231,B,pid.locy.Des,18.70093
27.6231,B,pid.locy.FB,30.396458
27.6231,B,pid.locy.U,-10.223289
27.6231,B,pid.locys.Des,-62.800003
27.6231,B,pid.locys.FB,-32.270481
27.6231,B,pid.locys.U,-76.551346
27.6231,B,pid.pitch.Des,-9.4564581
27.6231,B,pid.pitch.FB,-7.150239
27.6231,B,pid.pitch.U,-14.08502
27.6231,B,pid.roll.Des,4.3409519
27.6231,B,pid.roll.FB,-1.9003322
27.6231,B,pid.roll.U,19.092964
27.6231,B,pid.yaw.Des,40
27.6231,B,pid.yaw.FB,40.147587
27.6231,B,pid.yaw.U,-0.04570663
27.6231,B,pid.z_pos.Des,0.62994766
27.6231,B,pid.z_pos.FB,0.6346736
27.6231,B,pid.z_pos.U,-0.093483545
27.6231,B,pid.z_rate.Des,-0.093483545
27.6231,B,pid.z_rate.FB,0.11090644
27.6231,B,pid.z_rate.U,-94.784706
27.6231,B,status.vbat,0
27.8232,A,mrac.pitch.e,0.23052119
27.8232,A,mrac.pitch.u_ad,-0.016358681
27.8232,A,mrac.roll.e,-0.13084613
27.8232,A,mrac.roll.u_ad,0.1936319
27.8232,A,mrac.yaw.e,-0.0093849339
27.8232,A,mrac.yaw.u_ad,0.014624515
27.8232,A,mrac.z.e,-0.043652199
27.8232,A,mrac.z.u_ad,-0.064598903
27.8232,A,status.arm,1
27.8232,A,status.flymode,1
27.8232,A,status.rc_authority,0
27.8232,A,status.sbus_lost,0
27.8232,A,status.twc_arrived,0
27.8232,A,status.twc_execute,0
27.8233,B,mrac.pitch.theta_0,0.0020575386
27.8233,B,mrac.pitch.theta_1,0.0073491591
27.8233,B,mrac.pitch.theta_2,0.00090706069
27.8233,B,mrac.pitch.theta_3,0.0062584919
27.8233,B,mrac.pitch.theta_4,0.12944531
27.8233,B,mrac.pitch.theta_5,0.14285409
27.8233,B,mrac.pitch.u_nom,-0.16277966
27.8233,B,mrac.pitch.xm,-0.24583007
27.8233,B,mrac.roll.theta_0,0.14674406
27.8233,B,mrac.roll.theta_1,0.0021024316
27.8233,B,mrac.roll.theta_2,0.0056404253
27.8233,B,mrac.roll.theta_3,0.0057774787
27.8233,B,mrac.roll.theta_4,0.14185755
27.8233,B,mrac.roll.theta_5,0.141252
27.8233,B,mrac.roll.u_nom,-0.0046936753
27.8233,B,mrac.roll.xm,0.33323523
27.8233,B,mrac.yaw.theta_0,0.013106481
27.8233,B,mrac.yaw.theta_1,0.0021560674
27.8233,B,mrac.yaw.theta_2,0.0034645752
27.8233,B,mrac.yaw.theta_3,0
27.8233,B,mrac.yaw.theta_4,0.040068928
27.8233,B,mrac.yaw.theta_5,0.085815154
27.8233,B,mrac.yaw.u_nom,0.0055397316
27.8233,B,mrac.yaw.xm,-0.00079773151
27.8233,B,mrac.z.theta_0,0.0082410499
27.8233,B,mrac.z.theta_1,0.0022508632
27.8233,B,mrac.z.theta_2,0.0058324262
27.8233,B,mrac.z.theta_3,0
27.8233,B,mrac.z.theta_4,0.19574191
27.8233,B,mrac.z.theta_5,0.18760988
27.8233,B,mrac.z.u_nom,-0.42695814
27.8233,B,mrac.z.xm,-0.093483545
27.8233,B,path.active_path_mode,0
27.8233,B,path.circle_theta,0
27.8233,B,path.sinusoid_t_elapsed,0
27.8233,B,path.twc_arrived,0
27.8233,B,path.twc_target_x,1.4901161e-06
27.8233,B,path.twc_target_y,0
27.8233,B,path.twc_target_z,0.60000002
27.8233,B,pid.gyrox.Des,19.092964
27.8233,B,pid.gyrox.FB,7.7657776
27.8233,B,pid.gyrox.U,-5.4916
27.8233,B,pid.gyroy.Des,-14.08502
27.8233,B,pid.gyroy.FB,3.7047048
27.8233,B,pid.gyroy.U,-190.45221
27.8233,B,pid.gyroz.Des,-0.04570663
27.8233,B,pid.gyroz.FB,-1.5465817
27.8233,B,pid.gyroz.U,10.370378
27.8233,B,pid.locx.Des,-13.092586
27.8233,B,pid.locx.FB,9.2108183
27.8233,B,pid.locx.U,-19.20084
27.8233,B,pid.locxs.Des,-73.699997
27.8233,B,pid.locxs.FB,-20.678883
27.8233,B,pid.locxs.U,-162.72134
27.8233,B,pid.locy.Des,18.70093
27.8233,B,pid.locy.FB,30.396458
27.8233,B,pid.locy.U,-10.223289
27.8233,B,pid.locys.Des,-62.800003
27.8233,B,pid.locys.FB,-32.270481
27.8233,B,pid.locys.U,-76.551346
27.8233,B,pid.pitch.Des,-9.4564581
27.8233,B,pid.pitch.FB,-7.150239
27.8233,B,pid.pitch.U,-14.08502
27.8233,B,pid.roll.Des,4.3409519
27.8233,B,pid.roll.FB,-1.9003322
27.8233,B,pid.roll.U,19.092964
27.8233,B,pid.yaw.Des,40
27.8233,B,pid.yaw.FB,40.147587
27.8233,B,pid.yaw.U,-0.04570663
27.8233,B,pid.z_pos.Des,0.62994766
27.8233,B,pid.z_pos.FB,0.6346736
27.8233,B,pid.z_pos.U,-0.093483545
27.8233,B,pid.z_rate.Des,-0.093483545
27.8233,B,pid.z_rate.FB,0.11090644
27.8233,B,pid.z_rate.U,-94.784706
27.8233,B,status.vbat,0
28.0233,A,mrac.pitch.e,0.23052119
28.0233,A,mrac.pitch.u_ad,-0.016358681
28.0233,A,mrac.roll.e,-0.13084613
28.0233,A,mrac.roll.u_ad,0.1936319
28.0233,A,mrac.yaw.e,-0.0093849339
28.0233,A,mrac.yaw.u_ad,0.014624515
28.0233,A,mrac.z.e,-0.043652199
28.0233,A,mrac.z.u_ad,-0.064598903
28.0233,A,status.arm,1
28.0233,A,status.flymode,1
28.0233,A,status.rc_authority,0
28.0233,A,status.sbus_lost,0
28.0233,A,status.twc_arrived,0
28.0233,A,status.twc_execute,0
28.0234,B,mrac.pitch.theta_0,0.0020575386
28.0234,B,mrac.pitch.theta_1,0.0073491591
28.0234,B,mrac.pitch.theta_2,0.00090706069
28.0234,B,mrac.pitch.theta_3,0.0062584919
28.0234,B,mrac.pitch.theta_4,0.12944531
28.0234,B,mrac.pitch.theta_5,0.14285409
28.0234,B,mrac.pitch.u_nom,-0.16277966
28.0234,B,mrac.pitch.xm,-0.24583007
28.0234,B,mrac.roll.theta_0,0.14674406
28.0234,B,mrac.roll.theta_1,0.0021024316
28.0234,B,mrac.roll.theta_2,0.0056404253
28.0234,B,mrac.roll.theta_3,0.0057774787
28.0234,B,mrac.roll.theta_4,0.14185755
28.0234,B,mrac.roll.theta_5,0.141252
28.0234,B,mrac.roll.u_nom,-0.0046936753
28.0234,B,mrac.roll.xm,0.33323523
28.0234,B,mrac.yaw.theta_0,0.013106481
28.0234,B,mrac.yaw.theta_1,0.0021560674
28.0234,B,mrac.yaw.theta_2,0.0034645752
28.0234,B,mrac.yaw.theta_3,0
28.0234,B,mrac.yaw.theta_4,0.040068928
28.0234,B,mrac.yaw.theta_5,0.085815154
28.0234,B,mrac.yaw.u_nom,0.0055397316
28.0234,B,mrac.yaw.xm,-0.00079773151
28.0234,B,mrac.z.theta_0,0.0082410499
28.0234,B,mrac.z.theta_1,0.0022508632
28.0234,B,mrac.z.theta_2,0.0058324262
28.0234,B,mrac.z.theta_3,0
28.0234,B,mrac.z.theta_4,0.19574191
28.0234,B,mrac.z.theta_5,0.18760988
28.0234,B,mrac.z.u_nom,-0.42695814
28.0234,B,mrac.z.xm,-0.093483545
28.0234,B,path.active_path_mode,0
28.0234,B,path.circle_theta,0
28.0234,B,path.sinusoid_t_elapsed,0
28.0234,B,path.twc_arrived,0
28.0234,B,path.twc_target_x,1.4901161e-06
28.0234,B,path.twc_target_y,0
28.0234,B,path.twc_target_z,0.60000002
28.0234,B,pid.gyrox.Des,19.092964
28.0234,B,pid.gyrox.FB,7.7657776
28.0234,B,pid.gyrox.U,-5.4916
28.0234,B,pid.gyroy.Des,-14.08502
28.0234,B,pid.gyroy.FB,3.7047048
28.0234,B,pid.gyroy.U,-190.45221
28.0234,B,pid.gyroz.Des,-0.04570663
28.0234,B,pid.gyroz.FB,-1.5465817
28.0234,B,pid.gyroz.U,10.370378
28.0234,B,pid.locx.Des,-13.092586
28.0234,B,pid.locx.FB,9.2108183
28.0234,B,pid.locx.U,-19.20084
28.0234,B,pid.locxs.Des,-73.699997
28.0234,B,pid.locxs.FB,-20.678883
28.0234,B,pid.locxs.U,-162.72134
28.0234,B,pid.locy.Des,18.70093
28.0234,B,pid.locy.FB,30.396458
28.0234,B,pid.locy.U,-10.223289
28.0234,B,pid.locys.Des,-62.800003
28.0234,B,pid.locys.FB,-32.270481
28.0234,B,pid.locys.U,-76.551346
28.0234,B,pid.pitch.Des,-9.4564581
28.0234,B,pid.pitch.FB,-7.150239
28.0234,B,pid.pitch.U,-14.08502
28.0234,B,pid.roll.Des,4.3409519
28.0234,B,pid.roll.FB,-1.9003322
28.0234,B,pid.roll.U,19.092964
28.0234,B,pid.yaw.Des,40
28.0234,B,pid.yaw.FB,40.147587
28.0234,B,pid.yaw.U,-0.04570663
28.0234,B,pid.z_pos.Des,0.62994766
28.0234,B,pid.z_pos.FB,0.6346736
28.0234,B,pid.z_pos.U,-0.093483545
28.0234,B,pid.z_rate.Des,-0.093483545
28.0234,B,pid.z_rate.FB,0.11090644
28.0234,B,pid.z_rate.U,-94.784706
28.0234,B,status.vbat,0
28.2391,A,mrac.pitch.e,0.23052119
28.2391,A,mrac.pitch.u_ad,-0.016358681
28.2391,A,mrac.roll.e,-0.13084613
28.2391,A,mrac.roll.u_ad,0.1936319
28.2391,A,mrac.yaw.e,-0.0093849339
28.2391,A,mrac.yaw.u_ad,0.014624515
28.2391,A,mrac.z.e,-0.043652199
28.2391,A,mrac.z.u_ad,-0.064598903
28.2391,A,status.arm,1
28.2391,A,status.flymode,1
28.2391,A,status.rc_authority,0
28.2391,A,status.sbus_lost,0
28.2391,A,status.twc_arrived,0
28.2391,A,status.twc_execute,0
28.2392,B,mrac.pitch.theta_0,0.0020575386
28.2392,B,mrac.pitch.theta_1,0.0073491591
28.2392,B,mrac.pitch.theta_2,0.00090706069
28.2392,B,mrac.pitch.theta_3,0.0062584919
28.2392,B,mrac.pitch.theta_4,0.12944531
28.2392,B,mrac.pitch.theta_5,0.14285409
28.2392,B,mrac.pitch.u_nom,-0.16277966
28.2392,B,mrac.pitch.xm,-0.24583007
28.2392,B,mrac.roll.theta_0,0.14674406
28.2392,B,mrac.roll.theta_1,0.0021024316
28.2392,B,mrac.roll.theta_2,0.0056404253
28.2392,B,mrac.roll.theta_3,0.0057774787
28.2392,B,mrac.roll.theta_4,0.14185755
28.2392,B,mrac.roll.theta_5,0.141252
28.2392,B,mrac.roll.u_nom,-0.0046936753
28.2392,B,mrac.roll.xm,0.33323523
28.2392,B,mrac.yaw.theta_0,0.013106481
28.2392,B,mrac.yaw.theta_1,0.0021560674
28.2392,B,mrac.yaw.theta_2,0.0034645752
28.2392,B,mrac.yaw.theta_3,0
28.2392,B,mrac.yaw.theta_4,0.040068928
28.2392,B,mrac.yaw.theta_5,0.085815154
28.2392,B,mrac.yaw.u_nom,0.0055397316
28.2392,B,mrac.yaw.xm,-0.00079773151
28.2392,B,mrac.z.theta_0,0.0082410499
28.2392,B,mrac.z.theta_1,0.0022508632
28.2392,B,mrac.z.theta_2,0.0058324262
28.2392,B,mrac.z.theta_3,0
28.2392,B,mrac.z.theta_4,0.19574191
28.2392,B,mrac.z.theta_5,0.18760988
28.2392,B,mrac.z.u_nom,-0.42695814
28.2392,B,mrac.z.xm,-0.093483545
28.2392,B,path.active_path_mode,0
28.2392,B,path.circle_theta,0
28.2392,B,path.sinusoid_t_elapsed,0
28.2392,B,path.twc_arrived,0
28.2392,B,path.twc_target_x,1.4901161e-06
28.2392,B,path.twc_target_y,0
28.2392,B,path.twc_target_z,0.60000002
28.2392,B,pid.gyrox.Des,19.092964
28.2392,B,pid.gyrox.FB,7.7657776
28.2392,B,pid.gyrox.U,-5.4916
28.2392,B,pid.gyroy.Des,-14.08502
28.2392,B,pid.gyroy.FB,3.7047048
28.2392,B,pid.gyroy.U,-190.45221
28.2392,B,pid.gyroz.Des,-0.04570663
28.2392,B,pid.gyroz.FB,-1.5465817
28.2392,B,pid.gyroz.U,10.370378
28.2392,B,pid.locx.Des,-13.092586
28.2392,B,pid.locx.FB,9.2108183
28.2392,B,pid.locx.U,-19.20084
28.2392,B,pid.locxs.Des,-73.699997
28.2392,B,pid.locxs.FB,-20.678883
28.2392,B,pid.locxs.U,-162.72134
28.2392,B,pid.locy.Des,18.70093
28.2392,B,pid.locy.FB,30.396458
28.2392,B,pid.locy.U,-10.223289
28.2392,B,pid.locys.Des,-62.800003
28.2392,B,pid.locys.FB,-32.270481
28.2392,B,pid.locys.U,-76.551346
28.2392,B,pid.pitch.Des,-9.4564581
28.2392,B,pid.pitch.FB,-7.150239
28.2392,B,pid.pitch.U,-14.08502
28.2392,B,pid.roll.Des,4.3409519
28.2392,B,pid.roll.FB,-1.9003322
28.2392,B,pid.roll.U,19.092964
28.2392,B,pid.yaw.Des,40
28.2392,B,pid.yaw.FB,40.147587
28.2392,B,pid.yaw.U,-0.04570663
28.2392,B,pid.z_pos.Des,0.62994766
28.2392,B,pid.z_pos.FB,0.6346736
28.2392,B,pid.z_pos.U,-0.093483545
28.2392,B,pid.z_rate.Des,-0.093483545
28.2392,B,pid.z_rate.FB,0.11090644
28.2392,B,pid.z_rate.U,-94.784706
28.2392,B,status.vbat,0
28.4415,A,mrac.pitch.e,0.23052119
28.4415,A,mrac.pitch.u_ad,-0.016358681
28.4415,A,mrac.roll.e,-0.13084613
28.4415,A,mrac.roll.u_ad,0.1936319
28.4415,A,mrac.yaw.e,-0.0093849339
28.4415,A,mrac.yaw.u_ad,0.014624515
28.4415,A,mrac.z.e,-0.043652199
28.4415,A,mrac.z.u_ad,-0.064598903
28.4415,A,status.arm,1
28.4415,A,status.flymode,1
28.4415,A,status.rc_authority,0
28.4415,A,status.sbus_lost,0
28.4415,A,status.twc_arrived,0
28.4415,A,status.twc_execute,0
28.4416,B,mrac.pitch.theta_0,0.0020575386
28.4416,B,mrac.pitch.theta_1,0.0073491591
28.4416,B,mrac.pitch.theta_2,0.00090706069
28.4416,B,mrac.pitch.theta_3,0.0062584919
28.4416,B,mrac.pitch.theta_4,0.12944531
28.4416,B,mrac.pitch.theta_5,0.14285409
28.4416,B,mrac.pitch.u_nom,-0.16277966
28.4416,B,mrac.pitch.xm,-0.24583007
28.4416,B,mrac.roll.theta_0,0.14674406
28.4416,B,mrac.roll.theta_1,0.0021024316
28.4416,B,mrac.roll.theta_2,0.0056404253
28.4416,B,mrac.roll.theta_3,0.0057774787
28.4416,B,mrac.roll.theta_4,0.14185755
28.4416,B,mrac.roll.theta_5,0.141252
28.4416,B,mrac.roll.u_nom,-0.0046936753
28.4416,B,mrac.roll.xm,0.33323523
28.4416,B,mrac.yaw.theta_0,0.013106481
28.4416,B,mrac.yaw.theta_1,0.0021560674
28.4416,B,mrac.yaw.theta_2,0.0034645752
28.4416,B,mrac.yaw.theta_3,0
28.4416,B,mrac.yaw.theta_4,0.040068928
28.4416,B,mrac.yaw.theta_5,0.085815154
28.4416,B,mrac.yaw.u_nom,0.0055397316
28.4416,B,mrac.yaw.xm,-0.00079773151
28.4416,B,mrac.z.theta_0,0.0082410499
28.4416,B,mrac.z.theta_1,0.0022508632
28.4416,B,mrac.z.theta_2,0.0058324262
28.4416,B,mrac.z.theta_3,0
28.4416,B,mrac.z.theta_4,0.19574191
28.4416,B,mrac.z.theta_5,0.18760988
28.4416,B,mrac.z.u_nom,-0.42695814
28.4416,B,mrac.z.xm,-0.093483545
28.4416,B,path.active_path_mode,0
28.4416,B,path.circle_theta,0
28.4416,B,path.sinusoid_t_elapsed,0
28.4416,B,path.twc_arrived,0
28.4416,B,path.twc_target_x,1.4901161e-06
28.4416,B,path.twc_target_y,0
28.4416,B,path.twc_target_z,0.60000002
28.4416,B,pid.gyrox.Des,19.092964
28.4416,B,pid.gyrox.FB,7.7657776
28.4416,B,pid.gyrox.U,-5.4916
28.4416,B,pid.gyroy.Des,-14.08502
28.4416,B,pid.gyroy.FB,3.7047048
28.4416,B,pid.gyroy.U,-190.45221
28.4416,B,pid.gyroz.Des,-0.04570663
28.4416,B,pid.gyroz.FB,-1.5465817
28.4416,B,pid.gyroz.U,10.370378
28.4416,B,pid.locx.Des,-13.092586
28.4416,B,pid.locx.FB,9.2108183
28.4416,B,pid.locx.U,-19.20084
28.4416,B,pid.locxs.Des,-73.699997
28.4416,B,pid.locxs.FB,-20.678883
28.4416,B,pid.locxs.U,-162.72134
28.4416,B,pid.locy.Des,18.70093
28.4416,B,pid.locy.FB,30.396458
28.4416,B,pid.locy.U,-10.223289
28.4416,B,pid.locys.Des,-62.800003
28.4416,B,pid.locys.FB,-32.270481
28.4416,B,pid.locys.U,-76.551346
28.4416,B,pid.pitch.Des,-9.4564581
28.4416,B,pid.pitch.FB,-7.150239
28.4416,B,pid.pitch.U,-14.08502
28.4416,B,pid.roll.Des,4.3409519
28.4416,B,pid.roll.FB,-1.9003322
28.4416,B,pid.roll.U,19.092964
28.4416,B,pid.yaw.Des,40
28.4416,B,pid.yaw.FB,40.147587
28.4416,B,pid.yaw.U,-0.04570663
28.4416,B,pid.z_pos.Des,0.62994766
28.4416,B,pid.z_pos.FB,0.6346736
28.4416,B,pid.z_pos.U,-0.093483545
28.4416,B,pid.z_rate.Des,-0.093483545
28.4416,B,pid.z_rate.FB,0.11090644
28.4416,B,pid.z_rate.U,-94.784706
28.4416,B,status.vbat,0
28.6553,A,mrac.pitch.e,0.23052119
28.6553,A,mrac.pitch.u_ad,-0.016358681
28.6553,A,mrac.roll.e,-0.13084613
28.6553,A,mrac.roll.u_ad,0.1936319
28.6553,A,mrac.yaw.e,-0.0093849339
28.6553,A,mrac.yaw.u_ad,0.014624515
28.6553,A,mrac.z.e,-0.043652199
28.6553,A,mrac.z.u_ad,-0.064598903
28.6553,A,status.arm,1
28.6553,A,status.flymode,1
28.6553,A,status.rc_authority,0
28.6553,A,status.sbus_lost,0
28.6553,A,status.twc_arrived,0
28.6553,A,status.twc_execute,0
28.6553,B,mrac.pitch.theta_0,0.0020575386
28.6553,B,mrac.pitch.theta_1,0.0073491591
28.6553,B,mrac.pitch.theta_2,0.00090706069
28.6553,B,mrac.pitch.theta_3,0.0062584919
28.6553,B,mrac.pitch.theta_4,0.12944531
28.6553,B,mrac.pitch.theta_5,0.14285409
28.6553,B,mrac.pitch.u_nom,-0.16277966
28.6553,B,mrac.pitch.xm,-0.24583007
28.6553,B,mrac.roll.theta_0,0.14674406
28.6553,B,mrac.roll.theta_1,0.0021024316
28.6553,B,mrac.roll.theta_2,0.0056404253
28.6553,B,mrac.roll.theta_3,0.0057774787
28.6553,B,mrac.roll.theta_4,0.14185755
28.6553,B,mrac.roll.theta_5,0.141252
28.6553,B,mrac.roll.u_nom,-0.0046936753
28.6553,B,mrac.roll.xm,0.33323523
28.6553,B,mrac.yaw.theta_0,0.013106481
28.6553,B,mrac.yaw.theta_1,0.0021560674
28.6553,B,mrac.yaw.theta_2,0.0034645752
28.6553,B,mrac.yaw.theta_3,0
28.6553,B,mrac.yaw.theta_4,0.040068928
28.6553,B,mrac.yaw.theta_5,0.085815154
28.6553,B,mrac.yaw.u_nom,0.0055397316
28.6553,B,mrac.yaw.xm,-0.00079773151
28.6553,B,mrac.z.theta_0,0.0082410499
28.6553,B,mrac.z.theta_1,0.0022508632
28.6553,B,mrac.z.theta_2,0.0058324262
28.6553,B,mrac.z.theta_3,0
28.6553,B,mrac.z.theta_4,0.19574191
28.6553,B,mrac.z.theta_5,0.18760988
28.6553,B,mrac.z.u_nom,-0.42695814
28.6553,B,mrac.z.xm,-0.093483545
28.6553,B,path.active_path_mode,0
28.6553,B,path.circle_theta,0
28.6553,B,path.sinusoid_t_elapsed,0
28.6553,B,path.twc_arrived,0
28.6553,B,path.twc_target_x,1.4901161e-06
28.6553,B,path.twc_target_y,0
28.6553,B,path.twc_target_z,0.60000002
28.6553,B,pid.gyrox.Des,19.092964
28.6553,B,pid.gyrox.FB,7.7657776
28.6553,B,pid.gyrox.U,-5.4916
28.6553,B,pid.gyroy.Des,-14.08502
28.6553,B,pid.gyroy.FB,3.7047048
28.6553,B,pid.gyroy.U,-190.45221
28.6553,B,pid.gyroz.Des,-0.04570663
28.6553,B,pid.gyroz.FB,-1.5465817
28.6553,B,pid.gyroz.U,10.370378
28.6553,B,pid.locx.Des,-13.092586
28.6553,B,pid.locx.FB,9.2108183
28.6553,B,pid.locx.U,-19.20084
28.6553,B,pid.locxs.Des,-73.699997
28.6553,B,pid.locxs.FB,-20.678883
28.6553,B,pid.locxs.U,-162.72134
28.6553,B,pid.locy.Des,18.70093
28.6553,B,pid.locy.FB,30.396458
28.6553,B,pid.locy.U,-10.223289
28.6553,B,pid.locys.Des,-62.800003
28.6553,B,pid.locys.FB,-32.270481
28.6553,B,pid.locys.U,-76.551346
28.6553,B,pid.pitch.Des,-9.4564581
28.6553,B,pid.pitch.FB,-7.150239
28.6553,B,pid.pitch.U,-14.08502
28.6553,B,pid.roll.Des,4.3409519
28.6553,B,pid.roll.FB,-1.9003322
28.6553,B,pid.roll.U,19.092964
28.6553,B,pid.yaw.Des,40
28.6553,B,pid.yaw.FB,40.147587
28.6553,B,pid.yaw.U,-0.04570663
28.6553,B,pid.z_pos.Des,0.62994766
28.6553,B,pid.z_pos.FB,0.6346736
28.6553,B,pid.z_pos.U,-0.093483545
28.6553,B,pid.z_rate.Des,-0.093483545
28.6553,B,pid.z_rate.FB,0.11090644
28.6553,B,pid.z_rate.U,-94.784706
28.6553,B,status.vbat,0
28.8575,A,mrac.pitch.e,0.23196903
28.8575,A,mrac.pitch.u_ad,-0.089375205
28.8575,A,mrac.roll.e,0.0077207983
28.8575,A,mrac.roll.u_ad,0.20122683
28.8575,A,mrac.yaw.e,0.10371004
28.8575,A,mrac.yaw.u_ad,-0.01331301
28.8575,A,mrac.z.e,0.090830348
28.8575,A,mrac.z.u_ad,-0.04954762
28.8575,A,status.arm,1
28.8575,A,status.flymode,1
28.8575,A,status.rc_authority,0
28.8575,A,status.sbus_lost,0
28.8575,A,status.twc_arrived,0
28.8575,A,status.twc_execute,0
28.8575,B,mrac.pitch.theta_0,0.0031142302
28.8575,B,mrac.pitch.theta_1,0.0058400831
28.8575,B,mrac.pitch.theta_2,0.00086487248
28.8575,B,mrac.pitch.theta_3,0.0062674726
28.8575,B,mrac.pitch.theta_4,0.13034882
28.8575,B,mrac.pitch.theta_5,0.14219354
28.8575,B,mrac.pitch.u_nom,-0.0096682487
28.8575,B,mrac.pitch.xm,-0.60506505
28.8575,B,mrac.roll.theta_0,0.14443851
28.8575,B,mrac.roll.theta_1,0.0021145339
28.8575,B,mrac.roll.theta_2,0.0057269437
28.8575,B,mrac.roll.theta_3,0.0058313818
28.8575,B,mrac.roll.theta_4,0.14253467
28.8575,B,mrac.roll.theta_5,0.14123468
28.8575,B,mrac.roll.u_nom,0.060039639
28.8575,B,mrac.roll.xm,0.34556469
28.8575,B,mrac.yaw.theta_0,0.00093469134
28.8575,B,mrac.yaw.theta_1,0.0021004607
28.8575,B,mrac.yaw.theta_2,0.0034527103
28.8575,B,mrac.yaw.theta_3,0
28.8575,B,mrac.yaw.theta_4,0.040178601
28.8575,B,mrac.yaw.theta_5,0.085792325
28.8575,B,mrac.yaw.u_nom,-0.041890878
28.8575,B,mrac.yaw.xm,-0.14586899
28.8575,B,mrac.z.theta_0,0.0070477296
28.8575,B,mrac.z.theta_1,0.0021124082
28.8575,B,mrac.z.theta_2,0.0057856143
28.8575,B,mrac.z.theta_3,0
28.8575,B,mrac.z.theta_4,0.19582762
28.8575,B,mrac.z.theta_5,0.18758236
28.8575,B,mrac.z.u_nom,-0.21682048
28.8575,B,mrac.z.xm,-0.1063967
28.8575,B,path.active_path_mode,0
28.8575,B,path.circle_theta,0
28.8575,B,path.sinusoid_t_elapsed,0
28.8575,B,path.twc_arrived,0
28.8575,B,path.twc_target_x,1.4901161e-06
28.8575,B,path.twc_target_y,0
28.8575,B,path.twc_target_z,0.60000002
28.8575,B,pid.gyrox.Des,19.799391
28.8575,B,pid.gyrox.FB,9.6020336
28.8575,B,pid.gyrox.U,70.246376
28.8575,B,pid.gyroy.Des,-34.66766
28.8575,B,pid.gyroy.FB,-20.575336
28.8575,B,pid.gyroy.U,-11.311852
28.8575,B,pid.gyroz.Des,-8.3576736
28.8575,B,pid.gyroz.FB,1.1822202
28.8575,B,pid.gyroz.U,-78.419724
28.8575,B,pid.locx.Des,-5.242528
28.8575,B,pid.locx.FB,9.3032503
28.8575,B,pid.locx.U,-13.920644
28.8575,B,pid.locxs.Des,-13.920644
28.8575,B,pid.locxs.FB,61.059582
28.8575,B,pid.locxs.U,-228.69791
28.8575,B,pid.locy.Des,17.200718
28.8575,B,pid.locy.FB,15.330298
28.8575,B,pid.locy.U,1.9370208
28.8575,B,pid.locys.Des,1.9370208
28.8575,B,pid.locys.FB,39.64502
28.8575,B,pid.locys.U,-115.12269
28.8575,B,pid.pitch.Des,-13.585789
28.8575,B,pid.pitch.FB,-2.1351469
28.8575,B,pid.pitch.U,-34.66766
28.8575,B,pid.roll.Des,5.6349869
28.8575,B,pid.roll.FB,-0.97224748
28.8575,B,pid.roll.U,19.799391
28.8575,B,pid.yaw.Des,40
28.8575,B,pid.yaw.FB,41.059612
28.8575,B,pid.yaw.U,-8.3576736
28.8575,B,pid.z_pos.Des,0.62994766
28.8575,B,pid.z_pos.FB,0.63946354
28.8575,B,pid.z_pos.U,-0.1063967
28.8575,B,pid.z_rate.Des,-0.1063967
28.8575,B,pid.z_rate.FB,-0.018686324
28.8575,B,pid.z_rate.U,-48.134148
28.8575,B,status.vbat,0
29.0575,A,mrac.pitch.e,0.1189611
29.0575,A,mrac.pitch.u_ad,-0.073231019
29.0575,A,mrac.roll.e,0.15504211
29.0575,A,mrac.roll.u_ad,0.22895591
29.0575,A,mrac.yaw.e,0.046718813
29.0575,A,mrac.yaw.u_ad,-0.0069856402
29.0575,A,mrac.z.e,0.091357291
29.0575,A,mrac.z.u_ad,-0.064195551
29.0575,A,status.arm,1
29.0575,A,status.flymode,1
29.0575,A,status.rc_authority,0
29.0575,A,status.sbus_lost,0
29.0575,A,status.twc_arrived,0
29.0575,A,status.twc_execute,0
29.0576,B,mrac.pitch.theta_0,0.0026728043
29.0576,B,mrac.pitch.theta_1,0.0064827474
29.0576,B,mrac.pitch.theta_2,0.00086571707
29.0576,B,mrac.pitch.theta_3,0.0062751193
29.0576,B,mrac.pitch.theta_4,0.13040012
29.0576,B,mrac.pitch.theta_5,0.14227672
29.0576,B,mrac.pitch.u_nom,0.0054613585
29.0576,B,mrac.pitch.xm,-0.48872831
29.0576,B,mrac.roll.theta_0,0.14558671
29.0576,B,mrac.roll.theta_1,0.0027445569
29.0576,B,mrac.roll.theta_2,0.0057697492
29.0576,B,mrac.roll.theta_3,0.0058382158
29.0576,B,mrac.roll.theta_4,0.14262742
29.0576,B,mrac.roll.theta_5,0.14139318
29.0576,B,mrac.roll.u_nom,-0.051174097
29.0576,B,mrac.roll.xm,0.69687605
29.0576,B,mrac.yaw.theta_0,0.00087662932
29.0576,B,mrac.yaw.theta_1,0.0021068309
29.0576,B,mrac.yaw.theta_2,0.003452549
29.0576,B,mrac.yaw.theta_3,0
29.0576,B,mrac.yaw.theta_4,0.040185582
29.0576,B,mrac.yaw.theta_5,0.085790716
29.0576,B,mrac.yaw.u_nom,0.003761742
29.0576,B,mrac.yaw.xm,-0.093939319
29.0576,B,mrac.z.theta_0,0.0062946528
29.0576,B,mrac.z.theta_1,0.0020875011
29.0576,B,mrac.z.theta_2,0.0057802168
29.0576,B,mrac.z.theta_3,0
29.0576,B,mrac.z.theta_4,0.19584607
29.0576,B,mrac.z.theta_5,0.18759704
29.0576,B,mrac.z.u_nom,-0.24957828
29.0576,B,mrac.z.xm,-0.11296524
29.0576,B,path.active_path_mode,0
29.0576,B,path.circle_theta,0
29.0576,B,path.sinusoid_t_elapsed,0
29.0576,B,path.twc_arrived,0
29.0576,B,path.twc_target_x,1.4901161e-06
29.0576,B,path.twc_target_y,0
29.0576,B,path.twc_target_z,0.60000002
29.0576,B,pid.gyrox.Des,39.92804
29.0576,B,pid.gyrox.FB,32.928658
29.0576,B,pid.gyrox.U,-59.873695
29.0576,B,pid.gyroy.Des,-28.002058
29.0576,B,pid.gyroy.FB,-18.393486
29.0576,B,pid.gyroy.U,6.3897896
29.0576,B,pid.gyroz.Des,-5.3823242
29.0576,B,pid.gyroz.FB,-6.5085168
29.0576,B,pid.gyroz.U,7.0419812
29.0576,B,pid.locx.Des,-5.242528
29.0576,B,pid.locx.FB,19.262304
29.0576,B,pid.locx.U,-23.662252
29.0576,B,pid.locxs.Des,-83
29.0576,B,pid.locxs.FB,54.211246
29.0576,B,pid.locxs.U,-459.85187
29.0576,B,pid.locy.Des,17.200718
29.0576,B,pid.locy.FB,21.298491
29.0576,B,pid.locy.U,-2.7519951
29.0576,B,pid.locys.Des,-2.7519951
29.0576,B,pid.locys.FB,32.575153
29.0576,B,pid.locys.U,-112.56007
29.0576,B,pid.pitch.Des,-15
29.0576,B,pid.pitch.FB,-5.4802537
29.0576,B,pid.pitch.U,-28.002058
29.0576,B,pid.roll.Des,15
29.0576,B,pid.roll.FB,1.4619539
29.0576,B,pid.roll.U,39.92804
29.0576,B,pid.yaw.Des,40
29.0576,B,pid.yaw.FB,40.563721
29.0576,B,pid.yaw.U,-5.3823242
29.0576,B,pid.z_pos.Des,0.62994766
29.0576,B,pid.z_pos.FB,0.64681828
29.0576,B,pid.z_pos.U,-0.11296524
29.0576,B,pid.z_rate.Des,-0.11296524
29.0576,B,pid.z_rate.FB,-0.0070742923
29.0576,B,pid.z_rate.U,-55.40638
29.0576,B,status.vbat,0
29.2566,A,mrac.pitch.e,0.24818586
29.2566,A,mrac.pitch.u_ad,-0.061460823
29.2566,A,mrac.roll.e,-0.41989219
29.2566,A,mrac.roll.u_ad,0.18009189
29.2566,A,mrac.yaw.e,-0.11634012
29.2566,A,mrac.yaw.u_ad,0.0011668344
29.2566,A,mrac.z.e,0.124959
29.2566,A,mrac.z.u_ad,-0.076986395
29.2566,A,status.arm,1
29.2566,A,status.flymode,1
29.2566,A,status.rc_authority,0
29.2566,A,status.sbus_lost,0
29.2566,A,status.twc_arrived,0
29.2566,A,status.twc_execute,0
29.2567,B,mrac.pitch.theta_0,0.0014652335
29.2567,B,mrac.pitch.theta_1,0.0070387195
29.2567,B,mrac.pitch.theta_2,0.00085966359
29.2567,B,mrac.pitch.theta_3,0.0062903813
29.2567,B,mrac.pitch.theta_4,0.13044095
29.2567,B,mrac.pitch.theta_5,0.14236698
29.2567,B,mrac.pitch.u_nom,-0.016710477
29.2567,B,mrac.pitch.xm,-0.38993302
29.2567,B,mrac.roll.theta_0,0.1421288
29.2567,B,mrac.roll.theta_1,0.0028547328
29.2567,B,mrac.roll.theta_2,0.00573513
29.2567,B,mrac.roll.theta_3,0.0058397939
29.2567,B,mrac.roll.theta_4,0.14266422
29.2567,B,mrac.roll.theta_5,0.1412881
29.2567,B,mrac.roll.u_nom,-0.08129783
29.2567,B,mrac.roll.xm,0.097427726
29.2567,B,mrac.yaw.theta_0,0.0013183729
29.2567,B,mrac.yaw.theta_1,0.0021053213
29.2567,B,mrac.yaw.theta_2,0.0034526908
29.2567,B,mrac.yaw.theta_3,0
29.2567,B,mrac.yaw.theta_4,0.040185388
29.2567,B,mrac.yaw.theta_5,0.085787319
29.2567,B,mrac.yaw.u_nom,0.012473753
29.2567,B,mrac.yaw.xm,-0.019979756
29.2567,B,mrac.z.theta_0,0.0057086614
29.2567,B,mrac.z.theta_1,0.0021129176
29.2567,B,mrac.z.theta_2,0.0057761604
29.2567,B,mrac.z.theta_3,0
29.2567,B,mrac.z.theta_4,0.195847
29.2567,B,mrac.z.theta_5,0.18760248
29.2567,B,mrac.z.u_nom,-0.34965268
29.2567,B,mrac.z.xm,-0.11781828
29.2567,B,path.active_path_mode,0
29.2567,B,path.circle_theta,0
29.2567,B,path.sinusoid_t_elapsed,0
29.2567,B,path.twc_arrived,0
29.2567,B,path.twc_target_x,1.4901161e-06
29.2567,B,path.twc_target_y,0
29.2567,B,path.twc_target_z,0.60000002
29.2567,B,pid.gyrox.Des,5.5821953
29.2567,B,pid.gyrox.FB,5.6309443
29.2567,B,pid.gyrox.U,-95.118462
29.2567,B,pid.gyroy.Des,-22.341507
29.2567,B,pid.gyroy.FB,-14.826729
29.2567,B,pid.gyroy.U,-19.551258
29.2567,B,pid.gyroz.Des,-1.1447552
29.2567,B,pid.gyroz.FB,-4.3082356
29.2567,B,pid.gyroz.U,23.350864
29.2567,B,pid.locx.Des,-5.242528
29.2567,B,pid.locx.FB,27.077152
29.2567,B,pid.locx.U,-29.3423
29.2567,B,pid.locxs.Des,-86.599998
29.2567,B,pid.locxs.FB,32.165703
29.2567,B,pid.locxs.U,-334.64929
29.2567,B,pid.locy.Des,17.200718
29.2567,B,pid.locy.FB,26.371782
29.2567,B,pid.locy.U,-7.8831716
29.2567,B,pid.locys.Des,-7.8831716
29.2567,B,pid.locys.FB,29.161062
29.2567,B,pid.locys.U,-115.54655
29.2567,B,pid.pitch.Des,-15
29.2567,B,pid.pitch.FB,-7.4209809
29.2567,B,pid.pitch.U,-22.341507
29.2567,B,pid.roll.Des,10.47353
29.2567,B,pid.roll.FB,5.2794647
29.2567,B,pid.roll.U,5.5821953
29.2567,B,pid.yaw.Des,40
29.2567,B,pid.yaw.FB,39.861465
29.2567,B,pid.yaw.U,-1.1447552
29.2567,B,pid.z_pos.Des,0.62994766
29.2567,B,pid.z_pos.FB,0.65169537
29.2567,B,pid.z_pos.U,-0.11781828
29.2567,B,pid.z_rate.Des,-0.11781828
29.2567,B,pid.z_rate.FB,0.043613963
29.2567,B,pid.z_rate.U,-77.622894
29.2567,B,status.vbat,0
29.4584,A,mrac.pitch.e,0.18189992
29.4584,A,mrac.pitch.u_ad,-0.053737447
29.4584,A,mrac.roll.e,-0.26628163
29.4584,A,mrac.roll.u_ad,0.15095764
29.4584,A,mrac.yaw.e,-0.060544521
29.4584,A,mrac.yaw.u_ad,0.0071747601
29.4584,A,mrac.z.e,0.077751651
29.4584,A,mrac.z.u_ad,-0.046206474
29.4584,A,status.arm,1
29.4584,A,status.flymode,1
29.4584,A,status.rc_authority,0
29.4584,A,status.sbus_lost,0
29.4584,A,status.twc_arrived,0
29.4584,A,status.twc_execute,0
29.4585,B,mrac.pitch.theta_0,0.00045421574
29.4585,B,mrac.pitch.theta_1,0.0076683313
29.4585,B,mrac.pitch.theta_2,0.00085498235
29.4585,B,mrac.pitch.theta_3,0.0062900903
29.4585,B,mrac.pitch.theta_4,0.13052984
29.4585,B,mrac.pitch.theta_5,0.14249779
29.4585,B,mrac.pitch.u_nom,-0.098923527
29.4585,B,mrac.pitch.xm,-0.26680785
29.4585,B,mrac.roll.theta_0,0.14473112
29.4585,B,mrac.roll.theta_1,0.0027002101
29.4585,B,mrac.roll.theta_2,0.0057776654
29.4585,B,mrac.roll.theta_3,0.005841577
29.4585,B,mrac.roll.theta_4,0.14281914
29.4585,B,mrac.roll.theta_5,0.1412757
29.4585,B,mrac.roll.u_nom,-0.0015365437
29.4585,B,mrac.roll.xm,-0.074615665
29.4585,B,mrac.yaw.theta_0,0.0043649417
29.4585,B,mrac.yaw.theta_1,0.0020978518
29.4585,B,mrac.yaw.theta_2,0.0034533665
29.4585,B,mrac.yaw.theta_3,0
29.4585,B,mrac.yaw.theta_4,0.040186346
29.4585,B,mrac.yaw.theta_5,0.085777782
29.4585,B,mrac.yaw.u_nom,0.0074528512
29.4585,B,mrac.yaw.xm,0.028089682
29.4585,B,mrac.z.theta_0,0.0057393303
29.4585,B,mrac.z.theta_1,0.0021128859
29.4585,B,mrac.z.theta_2,0.0057759262
29.4585,B,mrac.z.theta_3,0
29.4585,B,mrac.z.theta_4,0.19583091
29.4585,B,mrac.z.theta_5,0.18759935
29.4585,B,mrac.z.u_nom,-0.17200837
29.4585,B,mrac.z.xm,-0.11340068
29.4585,B,path.active_path_mode,0
29.4585,B,path.circle_theta,0
29.4585,B,path.sinusoid_t_elapsed,0
29.4585,B,path.twc_arrived,0
29.4585,B,path.twc_target_x,1.4901161e-06
29.4585,B,path.twc_target_y,0
29.4585,B,path.twc_target_z,0.60000002
29.4585,B,pid.gyrox.Des,-4.2751608
29.4585,B,pid.gyrox.FB,-9.9441881
29.4585,B,pid.gyrox.U,-1.7977562
29.4585,B,pid.gyroy.Des,-15.286957
29.4585,B,pid.gyroy.FB,-2.3484735
29.4585,B,pid.gyroy.U,-115.74052
29.4585,B,pid.gyroz.Des,1.6094196
29.4585,B,pid.gyroz.FB,-0.36377838
29.4585,B,pid.gyroz.U,13.951737
29.4585,B,pid.locx.Des,-5.242528
29.4585,B,pid.locx.FB,30.745857
29.4585,B,pid.locx.U,-30.388441
29.4585,B,pid.locxs.Des,-86.599998
29.4585,B,pid.locxs.FB,-15.049986
29.4585,B,pid.locxs.U,-194.76665
29.4585,B,pid.locy.Des,17.200718
29.4585,B,pid.locy.FB,32.792645
29.4585,B,pid.locy.U,-15.117096
29.4585,B,pid.locys.Des,-47.799999
29.4585,B,pid.locys.FB,16.324764
29.4585,B,pid.locys.U,-172.91069
29.4585,B,pid.pitch.Des,-14.687439
29.4585,B,pid.pitch.FB,-8.7077713
29.4585,B,pid.pitch.U,-15.286957
29.4585,B,pid.roll.Des,2.3103118
29.4585,B,pid.roll.FB,2.8101747
29.4585,B,pid.roll.U,-4.2751608
29.4585,B,pid.yaw.Des,40
29.4585,B,pid.yaw.FB,39.561554
29.4585,B,pid.yaw.U,1.6094196
29.4585,B,pid.z_pos.Des,0.62994766
29.4585,B,pid.z_pos.FB,0.64173502
29.4585,B,pid.z_pos.U,-0.11340068
29.4585,B,pid.z_rate.Des,-0.11340068
29.4585,B,pid.z_rate.FB,-0.050561029
29.4585,B,pid.z_rate.U,-38.185856
29.4585,B,status.vbat,0
29.6590,A,mrac.pitch.e,0.37013105
29.6590,A,mrac.pitch.u_ad,-0.030957123
29.6590,A,mrac.roll.e,-0.31993166
29.6590,A,mrac.roll.u_ad,0.14658722
29.6590,A,mrac.yaw.e,0.04387917
29.6590,A,mrac.yaw.u_ad,0.0085625993
29.6590,A,mrac.z.e,0.023120642
29.6590,A,mrac.z.u_ad,-0.029576361
29.6590,A,status.arm,1
29.6590,A,status.flymode,1
29.6590,A,status.rc_authority,0
29.6590,A,status.sbus_lost,0
29.6590,A,status.twc_arrived,0
29.6590,A,status.twc_execute,0
29.6592,B,mrac.pitch.theta_0,0.00056708948
29.6592,B,mrac.pitch.theta_1,0.0078262854
29.6592,B,mrac.pitch.theta_2,0.00085427571
29.6592,B,mrac.pitch.theta_3,0.0062886761
29.6592,B,mrac.pitch.theta_4,0.13061866
29.6592,B,mrac.pitch.theta_5,0.142561
29.6592,B,mrac.pitch.u_nom,-0.097824655
29.6592,B,mrac.pitch.xm,-0.14809844
29.6592,B,mrac.roll.theta_0,0.1451523
29.6592,B,mrac.roll.theta_1,0.0026095957
29.6592,B,mrac.roll.theta_2,0.0058014165
29.6592,B,mrac.roll.theta_3,0.0058419793
29.6592,B,mrac.roll.theta_4,0.14287876
29.6592,B,mrac.roll.theta_5,0.14122461
29.6592,B,mrac.roll.u_nom,0.16664045
29.6592,B,mrac.roll.xm,-0.083993569
29.6592,B,mrac.yaw.theta_0,0.0072856219
29.6592,B,mrac.yaw.theta_1,0.0020860683
29.6592,B,mrac.yaw.theta_2,0.0034530878
29.6592,B,mrac.yaw.theta_3,0
29.6592,B,mrac.yaw.theta_4,0.040190175
29.6592,B,mrac.yaw.theta_5,0.085764766
29.6592,B,mrac.yaw.u_nom,0.0085177515
29.6592,B,mrac.yaw.xm,0.036631756
29.6592,B,mrac.z.theta_0,0.0070263115
29.6592,B,mrac.z.theta_1,0.0021575766
29.6592,B,mrac.z.theta_2,0.0057779402
29.6592,B,mrac.z.theta_3,0
29.6592,B,mrac.z.theta_4,0.19580191
29.6592,B,mrac.z.theta_5,0.18756372
29.6592,B,mrac.z.u_nom,-0.23251857
29.6592,B,mrac.z.xm,-0.10719509
29.6592,B,path.active_path_mode,0
29.6592,B,path.circle_theta,0
29.6592,B,path.sinusoid_t_elapsed,0
29.6592,B,path.twc_arrived,0
29.6592,B,path.twc_target_x,1.4901161e-06
29.6592,B,path.twc_target_y,0
29.6592,B,path.twc_target_z,0.60000002
29.6592,B,pid.gyrox.Des,-4.8124752
29.6592,B,pid.gyrox.FB,-22.777216
29.6592,B,pid.gyrox.U,194.96933
29.6592,B,pid.gyroy.Des,-8.4854116
29.6592,B,pid.gyroy.FB,-1.4745544
29.6592,B,pid.gyroy.U,-114.45485
29.6592,B,pid.gyroz.Des,2.0988441
29.6592,B,pid.gyroz.FB,-0.11694678
29.6592,B,pid.gyroz.U,15.945231
29.6592,B,pid.locx.Des,-5.242528
29.6592,B,pid.locx.FB,27.048117
29.6592,B,pid.locx.U,-26.569071
29.6592,B,pid.locxs.Des,-86.599998
29.6592,B,pid.locxs.FB,-40.726368
29.6592,B,pid.locxs.U,-117.72086
29.6592,B,pid.locy.Des,17.200718
29.6592,B,pid.locy.FB,34.371029
29.6592,B,pid.locy.U,-15.846011
29.6592,B,pid.locys.Des,-54.200001
29.6592,B,pid.locys.FB,2.52248
29.6592,B,pid.locys.U,-161.59131
29.6592,B,pid.pitch.Des,-11.499945
29.6592,B,pid.pitch.FB,-8.7340097
29.6592,B,pid.pitch.U,-8.4854116
29.6592,B,pid.roll.Des,-0.70435995
29.6592,B,pid.roll.FB,1.0728685
29.6592,B,pid.roll.U,-4.8124752
29.6592,B,pid.yaw.Des,40
29.6592,B,pid.yaw.FB,39.571621
29.6592,B,pid.yaw.U,2.0988441
29.6592,B,pid.z_pos.Des,0.62994766
29.6592,B,pid.z_pos.FB,0.63246763
29.6592,B,pid.z_pos.U,-0.10719509
29.6592,B,pid.z_rate.Des,-0.10719509
29.6592,B,pid.z_rate.FB,-0.010772277
29.6592,B,pid.z_rate.U,-51.619122
29.6592,B,status.vbat,0
29.8726,A,mrac.pitch.e,0.29466781
29.8726,A,mrac.pitch.u_ad,-0.0048711244
29.8726,A,mrac.roll.e,-0.4508177
29.8726,A,mrac.roll.u_ad,0.16353336
29.8726,A,mrac.yaw.e,0.023042027
29.8726,A,mrac.yaw.u_ad,0.0055979989
29.8726,A,mrac.z.e,0.17031775
29.8726,A,mrac.z.u_ad,-0.066419154
29.8726,A,status.arm,1
29.8726,A,status.flymode,1
29.8726,A,status.rc_authority,0
29.8726,A,status.sbus_lost,0
29.8726,A,status.twc_arrived,0
29.8726,A,status.twc_execute,0
29.8726,B,mrac.pitch.theta_0,0.0008613824
29.8726,B,mrac.pitch.theta_1,0.0073220422
29.8726,B,mrac.pitch.theta_2,0.00084935181
29.8726,B,mrac.pitch.theta_3,0.0062946053
29.8726,B,mrac.pitch.theta_4,0.13081203
29.8726,B,mrac.pitch.theta_5,0.1425804
29.8726,B,mrac.pitch.u_nom,-0.033811118
29.8726,B,mrac.pitch.xm,-0.046665486
29.8726,B,mrac.roll.theta_0,0.14763173
29.8726,B,mrac.roll.theta_1,0.0023532859
29.8726,B,mrac.roll.theta_2,0.005869105
29.8726,B,mrac.roll.theta_3,0.0058444072
29.8726,B,mrac.roll.theta_4,0.14296386
29.8726,B,mrac.roll.theta_5,0.14108914
29.8726,B,mrac.roll.u_nom,0.0023983328
29.8726,B,mrac.roll.xm,0.021988211
29.8726,B,mrac.yaw.theta_0,0.0062738252
29.8726,B,mrac.yaw.theta_1,0.002074071
29.8726,B,mrac.yaw.theta_2,0.0034508663
29.8726,B,mrac.yaw.theta_3,0
29.8726,B,mrac.yaw.theta_4,0.040193982
29.8726,B,mrac.yaw.theta_5,0.085752547
29.8726,B,mrac.yaw.u_nom,-0.011909582
29.8726,B,mrac.yaw.xm,-0.0090103773
29.8726,B,mrac.z.theta_0,0.008674847
29.8726,B,mrac.z.theta_1,0.0021545563
29.8726,B,mrac.z.theta_2,0.0057785246
29.8726,B,mrac.z.theta_3,0
29.8726,B,mrac.z.theta_4,0.19578446
29.8726,B,mrac.z.theta_5,0.18752465
29.8726,B,mrac.z.u_nom,-0.39930394
29.8726,B,mrac.z.xm,-0.10181613
29.8726,B,path.active_path_mode,0
29.8726,B,path.circle_theta,0
29.8726,B,path.sinusoid_t_elapsed,0
29.8726,B,path.twc_arrived,0
29.8726,B,path.twc_target_x,1.4901161e-06
29.8726,B,path.twc_target_y,0
29.8726,B,path.twc_target_z,0.60000002
29.8726,B,pid.gyrox.Des,1.2598312
29.8726,B,pid.gyrox.FB,-6.1068974
29.8726,B,pid.gyrox.U,2.8060493
29.8726,B,pid.gyroy.Des,-2.6737342
29.8726,B,pid.gyroy.FB,11.349268
29.8726,B,pid.gyroy.U,-39.55901
29.8726,B,pid.gyroz.Des,-0.51625639
29.8726,B,pid.gyroz.FB,2.0409596
29.8726,B,pid.gyroz.U,-22.294737
29.8726,B,pid.locx.Des,-5.242528
29.8726,B,pid.locx.FB,13.974781
29.8726,B,pid.locx.U,-15.006771
29.8726,B,pid.locxs.Des,-86.599998
29.8726,B,pid.locxs.FB,-69.745155
29.8726,B,pid.locxs.U,-50.559769
29.8726,B,pid.locy.Des,17.200718
29.8726,B,pid.locy.FB,32.111488
29.8726,B,pid.locy.U,-13.236457
29.8726,B,pid.locys.Des,-59.299999
29.8726,B,pid.locys.FB,-22.374386
29.8726,B,pid.locys.U,-110.7916
29.8726,B,pid.pitch.Des,-6.8186364
29.8726,B,pid.pitch.FB,-6.0829105
29.8726,B,pid.pitch.U,-2.6737342
29.8726,B,pid.roll.Des,-1.8915954
29.8726,B,pid.roll.FB,-2.190727
29.8726,B,pid.roll.U,1.2598312
29.8726,B,pid.yaw.Des,40
29.8726,B,pid.yaw.FB,40.042469
29.8726,B,pid.yaw.U,-0.51625639
29.8726,B,pid.z_pos.Des,0.62994766
29.8726,B,pid.z_pos.FB,0.62599498
29.8726,B,pid.z_pos.U,-0.10181613
29.8726,B,pid.z_rate.Des,-0.10181613
29.8726,B,pid.z_rate.FB,0.087450594
29.8726,B,pid.z_rate.U,-88.645477
29.8726,B,status.vbat,0
30.0758,A,mrac.pitch.e,0.21950075
30.0758,A,mrac.pitch.u_ad,0.0064345845
30.0758,A,mrac.roll.e,0.0055955201
30.0758,A,mrac.roll.u_ad,0.17472398
30.0758,A,mrac.yaw.e,0.12454517
30.0758,A,mrac.yaw.u_ad,0.0035724833
30.0758,A,mrac.z.e,0.036552157
30.0758,A,mrac.z.u_ad,-0.045651644
30.0758,A,status.arm,1
30.0758,A,status.flymode,1
30.0758,A,status.rc_authority,0
30.0758,A,status.sbus_lost,0
30.0758,A,status.twc_arrived,0
30.0758,A,status.twc_execute,0
30.0758,B,mrac.pitch.theta_0,0.00037350602
30.0758,B,mrac.pitch.theta_1,0.0064579775
30.0758,B,mrac.pitch.theta_2,0.00082930812
30.0758,B,mrac.pitch.theta_3,0.0062957201
30.0758,B,mrac.pitch.theta_4,0.13093875
30.0758,B,mrac.pitch.theta_5,0.14243093
30.0758,B,mrac.pitch.u_nom,0.070358254
30.0758,B,mrac.pitch.xm,0.26612082
30.0758,B,mrac.roll.theta_0,0.14774244
30.0758,B,mrac.roll.theta_1,0.0023123287
30.0758,B,mrac.roll.theta_2,0.0058825817
30.0758,B,mrac.roll.theta_3,0.0058491086
30.0758,B,mrac.roll.theta_4,0.14305539
30.0758,B,mrac.roll.theta_5,0.14110239
30.0758,B,mrac.roll.u_nom,-0.056828953
30.0758,B,mrac.roll.xm,0.25679371
30.0758,B,mrac.yaw.theta_0,0.0055375965
30.0758,B,mrac.yaw.theta_1,0.0020691974
30.0758,B,mrac.yaw.theta_2,0.0034502752
30.0758,B,mrac.yaw.theta_3,0
30.0758,B,mrac.yaw.theta_4,0.040195115
30.0758,B,mrac.yaw.theta_5,0.085746326
30.0758,B,mrac.yaw.u_nom,-0.0099796029
30.0758,B,mrac.yaw.xm,-0.013683061
30.0758,B,mrac.z.theta_0,0.0085101789
30.0758,B,mrac.z.theta_1,0.0021153057
30.0758,B,mrac.z.theta_2,0.0057749297
30.0758,B,mrac.z.theta_3,0
30.0758,B,mrac.z.theta_4,0.19580494
30.0758,B,mrac.z.theta_5,0.18752681
30.0758,B,mrac.z.u_nom,-0.39144531
30.0758,B,mrac.z.xm,-0.10333935
30.0758,B,path.active_path_mode,0
30.0758,B,path.circle_theta,0
30.0758,B,path.sinusoid_t_elapsed,0
30.0758,B,path.twc_arrived,0
30.0758,B,path.twc_target_x,1.4901161e-06
30.0758,B,path.twc_target_y,0
30.0758,B,path.twc_target_z,0.60000002
30.0758,B,pid.gyrox.Des,14.713189
30.0758,B,pid.gyrox.FB,10.088855
30.0758,B,pid.gyrox.U,-66.489876
30.0758,B,pid.gyroy.Des,15.247593
30.0758,B,pid.gyroy.FB,18.49614
30.0758,B,pid.gyroy.U,82.31916
30.0758,B,pid.gyroz.Des,-0.78398132
30.0758,B,pid.gyroz.FB,1.3031228
30.0758,B,pid.gyroz.U,-18.681816
30.0758,B,pid.locx.Des,-5.242528
30.0758,B,pid.locx.FB,2.0809138
30.0758,B,pid.locx.U,-4.795166
30.0758,B,pid.locxs.Des,-86.599998
30.0758,B,pid.locxs.FB,-79.809341
30.0758,B,pid.locxs.U,-16.568504
30.0758,B,pid.locy.Des,17.200718
30.0758,B,pid.locy.FB,27.589407
30.0758,B,pid.locy.U,-8.9675064
30.0758,B,pid.locys.Des,-36.099998
30.0758,B,pid.locys.FB,-37.409466
30.0758,B,pid.locys.U,15.8466
30.0758,B,pid.pitch.Des,0.085405737
30.0758,B,pid.pitch.FB,-2.6093125
30.0758,B,pid.pitch.U,15.247593
30.0758,B,pid.roll.Des,1.3351407
30.0758,B,pid.roll.FB,-2.4157312
30.0758,B,pid.roll.U,14.713189
30.0758,B,pid.yaw.Des,40
30.0758,B,pid.yaw.FB,40.065338
30.0758,B,pid.yaw.U,-0.78398132
30.0758,B,pid.z_pos.Des,0.62994766
30.0758,B,pid.z_pos.FB,0.62878752
30.0758,B,pid.z_pos.U,-0.10333935
30.0758,B,pid.z_rate.Des,-0.10333935
30.0758,B,pid.z_rate.FB,0.081640556
30.0758,B,pid.z_rate.U,-86.900856
30.0758,B,status.vbat,0
30.2913,A,mrac.pitch.e,0.36579156
30.2913,A,mrac.pitch.u_ad,-0.012133416
30.2913,A,mrac.roll.e,0.10029876
30.2913,A,mrac.roll.u_ad,0.1745045
30.2913,A,mrac.yaw.e,0.092291966
30.2913,A,mrac.yaw.u_ad,-0.00090557273
30.2913,A,mrac.z.e,0.27762213
30.2913,A,mrac.z.u_ad,-0.06664554
30.2913,A,status.arm,1
30.2913,A,status.flymode,1
30.2913,A,status.rc_authority,0
30.2913,A,status.sbus_lost,0
30.2913,A,status.twc_arrived,0
30.2913,A,status.twc_execute,0
30.2914,B,mrac.pitch.theta_0,0.00027411713
30.2914,B,mrac.pitch.theta_1,0.0052817948
30.2914,B,mrac.pitch.theta_2,0.00079912692
30.2914,B,mrac.pitch.theta_3,0.0062895562
30.2914,B,mrac.pitch.theta_4,0.13111453
30.2914,B,mrac.pitch.theta_5,0.14216349
30.2914,B,mrac.pitch.u_nom,-0.1467713
30.2914,B,mrac.pitch.xm,0.036630642
30.2914,B,mrac.roll.theta_0,0.14709951
30.2914,B,mrac.roll.theta_1,0.0023971684
30.2914,B,mrac.roll.theta_2,0.0058821612
30.2914,B,mrac.roll.theta_3,0.0058542527
30.2914,B,mrac.roll.theta_4,0.14314227
30.2914,B,mrac.roll.theta_5,0.14113727
30.2914,B,mrac.roll.u_nom,0.14216639
30.2914,B,mrac.roll.xm,0.22831753
30.2914,B,mrac.yaw.theta_0,0.0036718419
30.2914,B,mrac.yaw.theta_1,0.002051163
30.2914,B,mrac.yaw.theta_2,0.0034481175
30.2914,B,mrac.yaw.theta_3,0
30.2914,B,mrac.yaw.theta_4,0.040204138
30.2914,B,mrac.yaw.theta_5,0.085729659
30.2914,B,mrac.yaw.u_nom,-0.022469124
30.2914,B,mrac.yaw.xm,-0.054659262
30.2914,B,mrac.z.theta_0,0.0077783149
30.2914,B,mrac.z.theta_1,0.0021452939
30.2914,B,mrac.z.theta_2,0.0057734693
30.2914,B,mrac.z.theta_3,0
30.2914,B,mrac.z.theta_4,0.19576813
30.2914,B,mrac.z.theta_5,0.1875037
30.2914,B,mrac.z.u_nom,-0.22349125
30.2914,B,mrac.z.xm,-0.095526569
30.2914,B,path.active_path_mode,0
30.2914,B,path.circle_theta,0
30.2914,B,path.sinusoid_t_elapsed,0
30.2914,B,path.twc_arrived,0
30.2914,B,path.twc_target_x,1.4901161e-06
30.2914,B,path.twc_target_y,0
30.2914,B,path.twc_target_z,0.60000002
30.2914,B,pid.gyrox.Des,13.081625
30.2914,B,pid.gyrox.FB,0.8455888
30.2914,B,pid.gyrox.U,166.33467
30.2914,B,pid.gyroy.Des,2.0987804
30.2914,B,pid.gyroy.FB,25.760904
30.2914,B,pid.gyroy.U,-171.72241
30.2914,B,pid.gyroz.Des,-3.1317437
30.2914,B,pid.gyroz.FB,1.8780282
30.2914,B,pid.gyroz.U,-42.062199
30.2914,B,pid.locx.Des,-5.242528
30.2914,B,pid.locx.FB,-17.989403
30.2914,B,pid.locx.U,12.511712
30.2914,B,pid.locxs.Des,-86.599998
30.2914,B,pid.locxs.FB,-82.613678
30.2914,B,pid.locxs.U,-11.855919
30.2914,B,pid.locy.Des,17.200718
30.2914,B,pid.locy.FB,18.167219
30.2914,B,pid.locy.U,-1.2338486
30.2914,B,pid.locys.Des,-20.200001
30.2914,B,pid.locys.FB,-39.999748
30.2914,B,pid.locys.U,55.586517
30.2914,B,pid.pitch.Des,2.0236008
30.2914,B,pid.pitch.FB,2.2942762
30.2914,B,pid.pitch.U,2.0987804
30.2914,B,pid.roll.Des,2.6281636
30.2914,B,pid.roll.FB,-0.77684993
30.2914,B,pid.roll.U,13.081625
30.2914,B,pid.yaw.Des,40
30.2914,B,pid.yaw.FB,40.392426
30.2914,B,pid.yaw.U,-3.1317437
30.2914,B,pid.z_pos.Des,0.62994766
30.2914,B,pid.z_pos.FB,0.61944604
30.2914,B,pid.z_pos.U,-0.095526569
30.2914,B,pid.z_rate.Des,-0.095526569
30.2914,B,pid.z_rate.FB,-0.00411392
30.2914,B,pid.z_rate.U,-49.615059
30.2914,B,status.vbat,0
30.4926,A,mrac.pitch.e,0.29775783
30.4926,A,mrac.pitch.u_ad,-0.038146254
30.4926,A,mrac.roll.e,0.012837529
30.4926,A,mrac.roll.u_ad,0.16933279
30.4926,A,mrac.yaw.e,0.14095549
30.4926,A,mrac.yaw.u_ad,-0.0078557255
30.4926,A,mrac.z.e,0.17246625
30.4926,A,mrac.z.u_ad,-0.091316506
30.4926,A,status.arm,1
30.4926,A,status.flymode,1
30.4926,A,status.rc_authority,0
30.4926,A,status.sbus_lost,0
30.4926,A,status.twc_arrived,0
30.4926,A,status.twc_execute,0
30.4927,B,mrac.pitch.theta_0,9.0449095e-05
30.4927,B,mrac.pitch.theta_1,0.0048415298
30.4927,B,mrac.pitch.theta_2,0.00079140661
30.4927,B,mrac.pitch.theta_3,0.0062893583
30.4927,B,mrac.pitch.theta_4,0.13123642
30.4927,B,mrac.pitch.theta_5,0.1421732
30.4927,B,mrac.pitch.u_nom,0.038333531
30.4927,B,mrac.pitch.xm,-0.073181733
30.4927,B,mrac.roll.theta_0,0.14725322
30.4927,B,mrac.roll.theta_1,0.0023721326
30.4927,B,mrac.roll.theta_2,0.0058843391
30.4927,B,mrac.roll.theta_3,0.0058583897
30.4927,B,mrac.roll.theta_4,0.14321722
30.4927,B,mrac.roll.theta_5,0.1411529
30.4927,B,mrac.roll.u_nom,-0.015233573
30.4927,B,mrac.roll.xm,0.14977518
30.4927,B,mrac.yaw.theta_0,0.0021654116
30.4927,B,mrac.yaw.theta_1,0.0020350348
30.4927,B,mrac.yaw.theta_2,0.0034454255
30.4927,B,mrac.yaw.theta_3,0
30.4927,B,mrac.yaw.theta_4,0.040225543
30.4927,B,mrac.yaw.theta_5,0.085725881
30.4927,B,mrac.yaw.u_nom,-0.019136492
30.4927,B,mrac.yaw.xm,-0.10201972
30.4927,B,mrac.z.theta_0,0.0068826731
30.4927,B,mrac.z.theta_1,0.0020943696
30.4927,B,mrac.z.theta_2,0.005765208
30.4927,B,mrac.z.theta_3,0
30.4927,B,mrac.z.theta_4,0.19579807
30.4927,B,mrac.z.theta_5,0.18751559
30.4927,B,mrac.z.u_nom,-0.58780503
30.4927,B,mrac.z.xm,-0.10983509
30.4927,B,path.active_path_mode,0
30.4927,B,path.circle_theta,0
30.4927,B,path.sinusoid_t_elapsed,0
30.4927,B,path.twc_arrived,0
30.4927,B,path.twc_target_x,1.4901161e-06
30.4927,B,path.twc_target_y,0
30.4927,B,path.twc_target_z,0.60000002
30.4927,B,pid.gyrox.Des,8.5814819
30.4927,B,pid.gyrox.FB,8.8287668
30.4927,B,pid.gyrox.U,-17.82328
30.4927,B,pid.gyroy.Des,-4.1930027
30.4927,B,pid.gyroy.FB,6.5493293
30.4927,B,pid.gyroy.U,44.850231
30.4927,B,pid.gyroz.Des,-5.8452969
30.4927,B,pid.gyroz.FB,-1.6151792
30.4927,B,pid.gyroz.U,-35.823513
30.4927,B,pid.locx.Des,-5.242528
30.4927,B,pid.locx.FB,-31.694994
30.4927,B,pid.locx.U,26.301361
30.4927,B,pid.locxs.Des,-86.599998
30.4927,B,pid.locxs.FB,-78.482979
30.4927,B,pid.locxs.U,-24.387451
30.4927,B,pid.locy.Des,17.200718
30.4927,B,pid.locy.FB,12.268234
30.4927,B,pid.locy.U,3.5952063
30.4927,B,pid.locys.Des,-19.6
30.4927,B,pid.locys.FB,-31.40737
30.4927,B,pid.locys.U,35.513157
30.4927,B,pid.pitch.Des,0.6431706
30.4927,B,pid.pitch.FB,3.7499187
30.4927,B,pid.pitch.U,-4.1930027
30.4927,B,pid.roll.Des,2.4267569
30.4927,B,pid.roll.FB,-0.68852288
30.4927,B,pid.roll.U,8.5814819
30.4927,B,pid.yaw.Des,40
30.4927,B,pid.yaw.FB,40.715267
30.4927,B,pid.yaw.U,-5.8452969
30.4927,B,pid.z_pos.Des,0.62994766
30.4927,B,pid.z_pos.FB,0.63858366
30.4927,B,pid.z_pos.U,-0.10983509
30.4927,B,pid.z_rate.Des,-0.10983509
30.4927,B,pid.z_rate.FB,0.18377173
30.4927,B,pid.z_rate.U,-130.49272
30.4927,B,status.vbat,0
30.7081,A,mrac.pitch.e,1.1356812
30.7081,A,mrac.pitch.u_ad,-0.007089796
30.7081,A,mrac.roll.e,-1.0574021
30.7081,A,mrac.roll.u_ad,0.14246273
30.7081,A,mrac.yaw.e,0.15516345
30.7081,A,mrac.yaw.u_ad,-0.0082416041
30.7081,A,mrac.z.e,0.076466531
30.7081,A,mrac.z.u_ad,-0.061622664
30.7081,A,status.arm,1
30.7081,A,status.flymode,1
30.7081,A,status.rc_authority,0
30.7081,A,status.sbus_lost,0
30.7081,A,status.twc_arrived,0
30.7081,A,status.twc_execute,0
30.7082,B,mrac.pitch.theta_0,0.0078743221
30.7082,B,mrac.pitch.theta_1,0.0046826215
30.7082,B,mrac.pitch.theta_2,0.00078735728
30.7082,B,mrac.pitch.theta_3,0.006291369
30.7082,B,mrac.pitch.theta_4,0.13145645
30.7082,B,mrac.pitch.theta_5,0.14225639
30.7082,B,mrac.pitch.u_nom,-0.25641027
30.7082,B,mrac.pitch.xm,-0.14150725
30.7082,B,mrac.roll.theta_0,0.13884006
30.7082,B,mrac.roll.theta_1,0.0024257884
30.7082,B,mrac.roll.theta_2,0.0059243268
30.7082,B,mrac.roll.theta_3,0.0058620158
30.7082,B,mrac.roll.theta_4,0.14338444
30.7082,B,mrac.roll.theta_5,0.14124289
30.7082,B,mrac.roll.u_nom,0.25641027
30.7082,B,mrac.roll.xm,0.11130982
30.7082,B,mrac.yaw.theta_0,0.0011132074
30.7082,B,mrac.yaw.theta_1,0.0020379003
30.7082,B,mrac.yaw.theta_2,0.0034439161
30.7082,B,mrac.yaw.theta_3,0
30.7082,B,mrac.yaw.theta_4,0.040246435
30.7082,B,mrac.yaw.theta_5,0.085725315
30.7082,B,mrac.yaw.u_nom,-0.041260403
30.7082,B,mrac.yaw.xm,-0.095539212
30.7082,B,mrac.z.theta_0,0.0058504702
30.7082,B,mrac.z.theta_1,0.0020651927
30.7082,B,mrac.z.theta_2,0.0057601146
30.7082,B,mrac.z.theta_3,0
30.7082,B,mrac.z.theta_4,0.19580892
30.7082,B,mrac.z.theta_5,0.18752903
30.7082,B,mrac.z.u_nom,-0.22029549
30.7082,B,mrac.z.xm,-0.10903122
30.7082,B,path.active_path_mode,0
30.7082,B,path.circle_theta,0
30.7082,B,path.sinusoid_t_elapsed,0
30.7082,B,path.twc_arrived,0
30.7082,B,path.twc_target_x,1.4901161e-06
30.7082,B,path.twc_target_y,0
30.7082,B,path.twc_target_z,0.60000002
30.7082,B,pid.gyrox.Des,6.3775802
30.7082,B,pid.gyrox.FB,-36.701988
30.7082,B,pid.gyrox.U,300
30.7082,B,pid.gyroy.Des,-8.1077652
30.7082,B,pid.gyroy.FB,47.36945
30.7082,B,pid.gyroy.U,-300
30.7082,B,pid.gyroz.Des,-5.4739914
30.7082,B,pid.gyroz.FB,3.9312048
30.7082,B,pid.gyroz.U,-77.239471
30.7082,B,pid.locx.Des,-50.452271
30.7082,B,pid.locx.FB,-50.452271
30.7082,B,pid.locx.U,-3.7631683
30.7082,B,pid.locxs.Des,-3.7631683
30.7082,B,pid.locxs.FB,-71.365211
30.7082,B,pid.locxs.U,102.80612
30.7082,B,pid.locy.Des,8.2495899
30.7082,B,pid.locy.FB,6.7303686
30.7082,B,pid.locy.U,1.3427608
30.7082,B,pid.locys.Des,1.3427608
30.7082,B,pid.locys.FB,-12.609777
30.7082,B,pid.locys.U,33.419456
30.7082,B,pid.pitch.Des,5.3708773
30.7082,B,pid.pitch.FB,4.7401323
30.7082,B,pid.pitch.U,-8.1077652
30.7082,B,pid.roll.Des,-3.2770348
30.7082,B,pid.roll.FB,-2.0695615
30.7082,B,pid.roll.U,6.3775802
30.7082,B,pid.yaw.Des,40
30.7082,B,pid.yaw.FB,40.578999
30.7082,B,pid.yaw.U,-5.4739914
30.7082,B,pid.z_pos.Des,0.62994766
30.7082,B,pid.z_pos.FB,0.63739496
30.7082,B,pid.z_pos.U,-0.10903122
30.7082,B,pid.z_rate.Des,-0.10903122
30.7082,B,pid.z_rate.FB,-0.01939223
30.7082,B,pid.z_rate.U,-48.905598
30.7082,B,status.vbat,0
30.9244,A,mrac.pitch.e,-0.20658562
30.9244,A,mrac.pitch.u_ad,-0.011426505
30.9244,A,mrac.roll.e,0.20095506
30.9244,A,mrac.roll.u_ad,0.12407189
30.9244,A,mrac.yaw.e,0.080781303
30.9244,A,mrac.yaw.u_ad,-0.010289082
30.9244,A,mrac.z.e,0.16891597
30.9244,A,mrac.z.u_ad,-0.075404398
30.9244,A,status.arm,1
30.9244,A,status.flymode,1
30.9244,A,status.rc_authority,0
30.9244,A,status.sbus_lost,0
30.9244,A,status.twc_arrived,0
30.9244,A,status.twc_execute,0
30.9245,B,mrac.pitch.theta_0,0.0049044723
30.9245,B,mrac.pitch.theta_1,0.003999949
30.9245,B,mrac.pitch.theta_2,0.00074573199
30.9245,B,mrac.pitch.theta_3,0.0063145421
30.9245,B,mrac.pitch.theta_4,0.13155958
30.9245,B,mrac.pitch.theta_5,0.14208667
30.9245,B,mrac.pitch.u_nom,0.020991646
30.9245,B,mrac.pitch.xm,0.4000721
30.9245,B,mrac.roll.theta_0,0.14184329
30.9245,B,mrac.roll.theta_1,0.0021866593
30.9245,B,mrac.roll.theta_2,0.0060951142
30.9245,B,mrac.roll.theta_3,0.0058890702
30.9245,B,mrac.roll.theta_4,0.14352533
30.9245,B,mrac.roll.theta_5,0.14116856
30.9245,B,mrac.roll.u_nom,-0.14107458
30.9245,B,mrac.roll.xm,-0.62435597
30.9245,B,mrac.yaw.theta_0,0.00074275094
30.9245,B,mrac.yaw.theta_1,0.0020141581
30.9245,B,mrac.yaw.theta_2,0.0034392483
30.9245,B,mrac.yaw.theta_3,0
30.9245,B,mrac.yaw.theta_4,0.040276598
30.9245,B,mrac.yaw.theta_5,0.085729793
30.9245,B,mrac.yaw.u_nom,-0.064729728
30.9245,B,mrac.yaw.xm,-0.1076365
30.9245,B,mrac.z.theta_0,0.0057689813
30.9245,B,mrac.z.theta_1,0.0020898555
30.9245,B,mrac.z.theta_2,0.0057597654
30.9245,B,mrac.z.theta_3,0
30.9245,B,mrac.z.theta_4,0.1957984
30.9245,B,mrac.z.theta_5,0.18752295
30.9245,B,mrac.z.u_nom,-0.11308943
30.9245,B,mrac.z.xm,-0.10438382
30.9245,B,path.active_path_mode,0
30.9245,B,path.circle_theta,0
30.9245,B,path.sinusoid_t_elapsed,0
30.9245,B,path.twc_arrived,0
30.9245,B,path.twc_target_x,1.4901161e-06
30.9245,B,path.twc_target_y,0
30.9245,B,path.twc_target_z,0.60000002
30.9245,B,pid.gyrox.Des,-35.772945
30.9245,B,pid.gyrox.FB,-21.726845
30.9245,B,pid.gyrox.U,-165.05727
30.9245,B,pid.gyroy.Des,22.922434
30.9245,B,pid.gyroy.FB,37.727955
30.9245,B,pid.gyroy.U,24.560226
30.9245,B,pid.gyroz.Des,-6.1671143
30.9245,B,pid.gyroz.FB,8.7093706
30.9245,B,pid.gyroz.U,-121.17405
30.9245,B,pid.locx.Des,-54.048267
30.9245,B,pid.locx.FB,-56.015327
30.9245,B,pid.locx.U,6.1296172
30.9245,B,pid.locxs.Des,11.8
30.9245,B,pid.locxs.FB,-64.005867
30.9245,B,pid.locxs.U,327.4176
30.9245,B,pid.locy.Des,8.2495899
30.9245,B,pid.locy.FB,5.7018886
30.9245,B,pid.locy.U,2.0803046
30.9245,B,pid.locys.Des,2.0803046
30.9245,B,pid.locys.FB,-6.9461403
30.9245,B,pid.locys.U,13.339102
30.9245,B,pid.pitch.Des,12.797162
30.9245,B,pid.pitch.FB,8.4896841
30.9245,B,pid.pitch.U,22.922434
30.9245,B,pid.roll.Des,-13.582174
30.9245,B,pid.roll.FB,-4.9911928
30.9245,B,pid.roll.U,-35.772945
30.9245,B,pid.yaw.Des,40
30.9245,B,pid.yaw.FB,40.694519
30.9245,B,pid.yaw.U,-6.1671143
30.9245,B,pid.z_pos.Des,0.62994766
30.9245,B,pid.z_pos.FB,0.63058686
30.9245,B,pid.z_pos.U,-0.10438382
30.9245,B,pid.z_rate.Des,-0.10438382
30.9245,B,pid.z_rate.FB,-0.074244186
30.9245,B,pid.z_rate.U,-25.105854
30.9245,B,status.vbat,0
31.1250,A,mrac.pitch.e,-0.20658562
31.1250,A,mrac.pitch.u_ad,-0.011426505
31.1250,A,mrac.roll.e,0.20095506
31.1250,A,mrac.roll.u_ad,0.12407189
31.1250,A,mrac.yaw.e,0.080781303
31.1250,A,mrac.yaw.u_ad,-0.010289082
31.1250,A,mrac.z.e,0.16891597
31.1250,A,mrac.z.u_ad,-0.075404398
31.1250,A,status.arm,1
31.1250,A,status.flymode,1
31.1250,A,status.rc_authority,0
31.1250,A,status.sbus_lost,0
31.1250,A,status.twc_arrived,0
31.1250,A,status.twc_execute,0
31.1251,B,mrac.pitch.theta_0,0.0049044723
31.1251,B,mrac.pitch.theta_1,0.003999949
31.1251,B,mrac.pitch.theta_2,0.00074573199
31.1251,B,mrac.pitch.theta_3,0.0063145421
31.1251,B,mrac.pitch.theta_4,0.13155958
31.1251,B,mrac.pitch.theta_5,0.14208667
31.1251,B,mrac.pitch.u_nom,0.020991646
31.1251,B,mrac.pitch.xm,0.4000721
31.1251,B,mrac.roll.theta_0,0.14184329
31.1251,B,mrac.roll.theta_1,0.0021866593
31.1251,B,mrac.roll.theta_2,0.0060951142
31.1251,B,mrac.roll.theta_3,0.0058890702
31.1251,B,mrac.roll.theta_4,0.14352533
31.1251,B,mrac.roll.theta_5,0.14116856
31.1251,B,mrac.roll.u_nom,-0.14107458
31.1251,B,mrac.roll.xm,-0.62435597
31.1251,B,mrac.yaw.theta_0,0.00074275094
31.1251,B,mrac.yaw.theta_1,0.0020141581
31.1251,B,mrac.yaw.theta_2,0.0034392483
31.1251,B,mrac.yaw.theta_3,0
31.1251,B,mrac.yaw.theta_4,0.040276598
31.1251,B,mrac.yaw.theta_5,0.085729793
31.1251,B,mrac.yaw.u_nom,-0.064729728
31.1251,B,mrac.yaw.xm,-0.1076365
31.1251,B,mrac.z.theta_0,0.0057689813
31.1251,B,mrac.z.theta_1,0.0020898555
31.1251,B,mrac.z.theta_2,0.0057597654
31.1251,B,mrac.z.theta_3,0
31.1251,B,mrac.z.theta_4,0.1957984
31.1251,B,mrac.z.theta_5,0.18752295
31.1251,B,mrac.z.u_nom,-0.11308943
31.1251,B,mrac.z.xm,-0.10438382
31.1251,B,path.active_path_mode,0
31.1251,B,path.circle_theta,0
31.1251,B,path.sinusoid_t_elapsed,0
31.1251,B,path.twc_arrived,0
31.1251,B,path.twc_target_x,1.4901161e-06
31.1251,B,path.twc_target_y,0
31.1251,B,path.twc_target_z,0.60000002
31.1251,B,pid.gyrox.Des,-35.772945
31.1251,B,pid.gyrox.FB,-21.726845
31.1251,B,pid.gyrox.U,-165.05727
31.1251,B,pid.gyroy.Des,22.922434
31.1251,B,pid.gyroy.FB,37.727955
31.1251,B,pid.gyroy.U,24.560226
31.1251,B,pid.gyroz.Des,-6.1671143
31.1251,B,pid.gyroz.FB,8.7093706
31.1251,B,pid.gyroz.U,-121.17405
31.1251,B,pid.locx.Des,-54.048267
31.1251,B,pid.locx.FB,-56.015327
31.1251,B,pid.locx.U,6.1296172
31.1251,B,pid.locxs.Des,11.8
31.1251,B,pid.locxs.FB,-64.005867
31.1251,B,pid.locxs.U,327.4176
31.1251,B,pid.locy.Des,8.2495899
31.1251,B,pid.locy.FB,5.7018886
31.1251,B,pid.locy.U,2.0803046
31.1251,B,pid.locys.Des,2.0803046
31.1251,B,pid.locys.FB,-6.9461403
31.1251,B,pid.locys.U,13.339102
31.1251,B,pid.pitch.Des,12.797162
31.1251,B,pid.pitch.FB,8.4896841
31.1251,B,pid.pitch.U,22.922434
31.1251,B,pid.roll.Des,-13.582174
31.1251,B,pid.roll.FB,-4.9911928
31.1251,B,pid.roll.U,-35.772945
31.1251,B,pid.yaw.Des,40
31.1251,B,pid.yaw.FB,40.694519
31.1251,B,pid.yaw.U,-6.1671143
31.1251,B,pid.z_pos.Des,0.62994766
31.1251,B,pid.z_pos.FB,0.63058686
31.1251,B,pid.z_pos.U,-0.10438382
31.1251,B,pid.z_rate.Des,-0.10438382
31.1251,B,pid.z_rate.FB,-0.074244186
31.1251,B,pid.z_rate.U,-25.105854
31.1251,B,status.vbat,0
31.3404,A,mrac.pitch.e,-0.20658562
31.3404,A,mrac.pitch.u_ad,-0.011426505
31.3404,A,mrac.roll.e,0.20095506
31.3404,A,mrac.roll.u_ad,0.12407189
31.3404,A,mrac.yaw.e,0.080781303
31.3404,A,mrac.yaw.u_ad,-0.010289082
31.3404,A,mrac.z.e,0.16891597
31.3404,A,mrac.z.u_ad,-0.075404398
31.3404,A,status.arm,1
31.3404,A,status.flymode,1
31.3404,A,status.rc_authority,0
31.3404,A,status.sbus_lost,0
31.3404,A,status.twc_arrived,0
31.3404,A,status.twc_execute,0
31.3405,B,mrac.pitch.theta_0,0.0049044723
31.3405,B,mrac.pitch.theta_1,0.003999949
31.3405,B,mrac.pitch.theta_2,0.00074573199
31.3405,B,mrac.pitch.theta_3,0.0063145421
31.3405,B,mrac.pitch.theta_4,0.13155958
31.3405,B,mrac.pitch.theta_5,0.14208667
31.3405,B,mrac.pitch.u_nom,0.020991646
31.3405,B,mrac.pitch.xm,0.4000721
31.3405,B,mrac.roll.theta_0,0.14184329
31.3405,B,mrac.roll.theta_1,0.0021866593
31.3405,B,mrac.roll.theta_2,0.0060951142
31.3405,B,mrac.roll.theta_3,0.0058890702
31.3405,B,mrac.roll.theta_4,0.14352533
31.3405,B,mrac.roll.theta_5,0.14116856
31.3405,B,mrac.roll.u_nom,-0.14107458
31.3405,B,mrac.roll.xm,-0.62435597
31.3405,B,mrac.yaw.theta_0,0.00074275094
31.3405,B,mrac.yaw.theta_1,0.0020141581
31.3405,B,mrac.yaw.theta_2,0.0034392483
31.3405,B,mrac.yaw.theta_3,0
31.3405,B,mrac.yaw.theta_4,0.040276598
31.3405,B,mrac.yaw.theta_5,0.085729793
31.3405,B,mrac.yaw.u_nom,-0.064729728
31.3405,B,mrac.yaw.xm,-0.1076365
31.3405,B,mrac.z.theta_0,0.0057689813
31.3405,B,mrac.z.theta_1,0.0020898555
31.3405,B,mrac.z.theta_2,0.0057597654
31.3405,B,mrac.z.theta_3,0
31.3405,B,mrac.z.theta_4,0.1957984
31.3405,B,mrac.z.theta_5,0.18752295
31.3405,B,mrac.z.u_nom,-0.11308943
31.3405,B,mrac.z.xm,-0.10438382
31.3405,B,path.active_path_mode,0
31.3405,B,path.circle_theta,0
31.3405,B,path.sinusoid_t_elapsed,0
31.3405,B,path.twc_arrived,0
31.3405,B,path.twc_target_x,1.4901161e-06
31.3405,B,path.twc_target_y,0
31.3405,B,path.twc_target_z,0.60000002
31.3405,B,pid.gyrox.Des,-35.772945
31.3405,B,pid.gyrox.FB,-21.726845
31.3405,B,pid.gyrox.U,-165.05727
31.3405,B,pid.gyroy.Des,22.922434
31.3405,B,pid.gyroy.FB,37.727955
31.3405,B,pid.gyroy.U,24.560226
31.3405,B,pid.gyroz.Des,-6.1671143
31.3405,B,pid.gyroz.FB,8.7093706
31.3405,B,pid.gyroz.U,-121.17405
31.3405,B,pid.locx.Des,-54.048267
31.3405,B,pid.locx.FB,-56.015327
31.3405,B,pid.locx.U,6.1296172
31.3405,B,pid.locxs.Des,11.8
31.3405,B,pid.locxs.FB,-64.005867
31.3405,B,pid.locxs.U,327.4176
31.3405,B,pid.locy.Des,8.2495899
31.3405,B,pid.locy.FB,5.7018886
31.3405,B,pid.locy.U,2.0803046
31.3405,B,pid.locys.Des,2.0803046
31.3405,B,pid.locys.FB,-6.9461403
31.3405,B,pid.locys.U,13.339102
31.3405,B,pid.pitch.Des,12.797162
31.3405,B,pid.pitch.FB,8.4896841
31.3405,B,pid.pitch.U,22.922434
31.3405,B,pid.roll.Des,-13.582174
31.3405,B,pid.roll.FB,-4.9911928
31.3405,B,pid.roll.U,-35.772945
31.3405,B,pid.yaw.Des,40
31.3405,B,pid.yaw.FB,40.694519
31.3405,B,pid.yaw.U,-6.1671143
31.3405,B,pid.z_pos.Des,0.62994766
31.3405,B,pid.z_pos.FB,0.63058686
31.3405,B,pid.z_pos.U,-0.10438382
31.3405,B,pid.z_rate.Des,-0.10438382
31.3405,B,pid.z_rate.FB,-0.074244186
31.3405,B,pid.z_rate.U,-25.105854
31.3405,B,status.vbat,0
31.5426,A,mrac.pitch.e,-0.20658562
31.5426,A,mrac.pitch.u_ad,-0.011426505
31.5426,A,mrac.roll.e,0.20095506
31.5426,A,mrac.roll.u_ad,0.12407189
31.5426,A,mrac.yaw.e,0.080781303
31.5426,A,mrac.yaw.u_ad,-0.010289082
31.5426,A,mrac.z.e,0.16891597
31.5426,A,mrac.z.u_ad,-0.075404398
31.5426,A,status.arm,1
31.5426,A,status.flymode,1
31.5426,A,status.rc_authority,0
31.5426,A,status.sbus_lost,0
31.5426,A,status.twc_arrived,0
31.5426,A,status.twc_execute,0
31.5427,B,mrac.pitch.theta_0,0.0049044723
31.5427,B,mrac.pitch.theta_1,0.003999949
31.5427,B,mrac.pitch.theta_2,0.00074573199
31.5427,B,mrac.pitch.theta_3,0.0063145421
31.5427,B,mrac.pitch.theta_4,0.13155958
31.5427,B,mrac.pitch.theta_5,0.14208667
31.5427,B,mrac.pitch.u_nom,0.020991646
31.5427,B,mrac.pitch.xm,0.4000721
31.5427,B,mrac.roll.theta_0,0.14184329
31.5427,B,mrac.roll.theta_1,0.0021866593
31.5427,B,mrac.roll.theta_2,0.0060951142
31.5427,B,mrac.roll.theta_3,0.0058890702
31.5427,B,mrac.roll.theta_4,0.14352533
31.5427,B,mrac.roll.theta_5,0.14116856
31.5427,B,mrac.roll.u_nom,-0.14107458
31.5427,B,mrac.roll.xm,-0.62435597
31.5427,B,mrac.yaw.theta_0,0.00074275094
31.5427,B,mrac.yaw.theta_1,0.0020141581
31.5427,B,mrac.yaw.theta_2,0.0034392483
31.5427,B,mrac.yaw.theta_3,0
31.5427,B,mrac.yaw.theta_4,0.040276598
31.5427,B,mrac.yaw.theta_5,0.085729793
31.5427,B,mrac.yaw.u_nom,-0.064729728
31.5427,B,mrac.yaw.xm,-0.1076365
31.5427,B,mrac.z.theta_0,0.0057689813
31.5427,B,mrac.z.theta_1,0.0020898555
31.5427,B,mrac.z.theta_2,0.0057597654
31.5427,B,mrac.z.theta_3,0
31.5427,B,mrac.z.theta_4,0.1957984
31.5427,B,mrac.z.theta_5,0.18752295
31.5427,B,mrac.z.u_nom,-0.11308943
31.5427,B,mrac.z.xm,-0.10438382
31.5427,B,path.active_path_mode,0
31.5427,B,path.circle_theta,0
31.5427,B,path.sinusoid_t_elapsed,0
31.5427,B,path.twc_arrived,0
31.5427,B,path.twc_target_x,1.4901161e-06
31.5427,B,path.twc_target_y,0
31.5427,B,path.twc_target_z,0.60000002
31.5427,B,pid.gyrox.Des,-35.772945
31.5427,B,pid.gyrox.FB,-21.726845
31.5427,B,pid.gyrox.U,-165.05727
31.5427,B,pid.gyroy.Des,22.922434
31.5427,B,pid.gyroy.FB,37.727955
31.5427,B,pid.gyroy.U,24.560226
31.5427,B,pid.gyroz.Des,-6.1671143
31.5427,B,pid.gyroz.FB,8.7093706
31.5427,B,pid.gyroz.U,-121.17405
31.5427,B,pid.locx.Des,-54.048267
31.5427,B,pid.locx.FB,-56.015327
31.5427,B,pid.locx.U,6.1296172
31.5427,B,pid.locxs.Des,11.8
31.5427,B,pid.locxs.FB,-64.005867
31.5427,B,pid.locxs.U,327.4176
31.5427,B,pid.locy.Des,8.2495899
31.5427,B,pid.locy.FB,5.7018886
31.5427,B,pid.locy.U,2.0803046
31.5427,B,pid.locys.Des,2.0803046
31.5427,B,pid.locys.FB,-6.9461403
31.5427,B,pid.locys.U,13.339102
31.5427,B,pid.pitch.Des,12.797162
31.5427,B,pid.pitch.FB,8.4896841
31.5427,B,pid.pitch.U,22.922434
31.5427,B,pid.roll.Des,-13.582174
31.5427,B,pid.roll.FB,-4.9911928
31.5427,B,pid.roll.U,-35.772945
31.5427,B,pid.yaw.Des,40
31.5427,B,pid.yaw.FB,40.694519
31.5427,B,pid.yaw.U,-6.1671143
31.5427,B,pid.z_pos.Des,0.62994766
31.5427,B,pid.z_pos.FB,0.63058686
31.5427,B,pid.z_pos.U,-0.10438382
31.5427,B,pid.z_rate.Des,-0.10438382
31.5427,B,pid.z_rate.FB,-0.074244186
31.5427,B,pid.z_rate.U,-25.105854
31.5427,B,status.vbat,0
31.7428,A,mrac.pitch.e,-0.20658562
31.7428,A,mrac.pitch.u_ad,-0.011426505
31.7428,A,mrac.roll.e,0.20095506
31.7428,A,mrac.roll.u_ad,0.12407189
31.7428,A,mrac.yaw.e,0.080781303
31.7428,A,mrac.yaw.u_ad,-0.010289082
31.7428,A,mrac.z.e,0.16891597
31.7428,A,mrac.z.u_ad,-0.075404398
31.7428,A,status.arm,1
31.7428,A,status.flymode,1
31.7428,A,status.rc_authority,0
31.7428,A,status.sbus_lost,0
31.7428,A,status.twc_arrived,0
31.7428,A,status.twc_execute,0
31.7429,B,mrac.pitch.theta_0,0.0049044723
31.7429,B,mrac.pitch.theta_1,0.003999949
31.7429,B,mrac.pitch.theta_2,0.00074573199
31.7429,B,mrac.pitch.theta_3,0.0063145421
31.7429,B,mrac.pitch.theta_4,0.13155958
31.7429,B,mrac.pitch.theta_5,0.14208667
31.7429,B,mrac.pitch.u_nom,0.020991646
31.7429,B,mrac.pitch.xm,0.4000721
31.7429,B,mrac.roll.theta_0,0.14184329
31.7429,B,mrac.roll.theta_1,0.0021866593
31.7429,B,mrac.roll.theta_2,0.0060951142
31.7429,B,mrac.roll.theta_3,0.0058890702
31.7429,B,mrac.roll.theta_4,0.14352533
31.7429,B,mrac.roll.theta_5,0.14116856
31.7429,B,mrac.roll.u_nom,-0.14107458
31.7429,B,mrac.roll.xm,-0.62435597
31.7429,B,mrac.yaw.theta_0,0.00074275094
31.7429,B,mrac.yaw.theta_1,0.0020141581
31.7429,B,mrac.yaw.theta_2,0.0034392483
31.7429,B,mrac.yaw.theta_3,0
31.7429,B,mrac.yaw.theta_4,0.040276598
31.7429,B,mrac.yaw.theta_5,0.085729793
31.7429,B,mrac.yaw.u_nom,-0.064729728
31.7429,B,mrac.yaw.xm,-0.1076365
31.7429,B,mrac.z.theta_0,0.0057689813
31.7429,B,mrac.z.theta_1,0.0020898555
31.7429,B,mrac.z.theta_2,0.0057597654
31.7429,B,mrac.z.theta_3,0
31.7429,B,mrac.z.theta_4,0.1957984
31.7429,B,mrac.z.theta_5,0.18752295
31.7429,B,mrac.z.u_nom,-0.11308943
31.7429,B,mrac.z.xm,-0.10438382
31.7429,B,path.active_path_mode,0
31.7429,B,path.circle_theta,0
31.7429,B,path.sinusoid_t_elapsed,0
31.7429,B,path.twc_arrived,0
31.7429,B,path.twc_target_x,1.4901161e-06
31.7429,B,path.twc_target_y,0
31.7429,B,path.twc_target_z,0.60000002
31.7429,B,pid.gyrox.Des,-35.772945
31.7429,B,pid.gyrox.FB,-21.726845
31.7429,B,pid.gyrox.U,-165.05727
31.7429,B,pid.gyroy.Des,22.922434
31.7429,B,pid.gyroy.FB,37.727955
31.7429,B,pid.gyroy.U,24.560226
31.7429,B,pid.gyroz.Des,-6.1671143
31.7429,B,pid.gyroz.FB,8.7093706
31.7429,B,pid.gyroz.U,-121.17405
31.7429,B,pid.locx.Des,-54.048267
31.7429,B,pid.locx.FB,-56.015327
31.7429,B,pid.locx.U,6.1296172
31.7429,B,pid.locxs.Des,11.8
31.7429,B,pid.locxs.FB,-64.005867
31.7429,B,pid.locxs.U,327.4176
31.7429,B,pid.locy.Des,8.2495899
31.7429,B,pid.locy.FB,5.7018886
31.7429,B,pid.locy.U,2.0803046
31.7429,B,pid.locys.Des,2.0803046
31.7429,B,pid.locys.FB,-6.9461403
31.7429,B,pid.locys.U,13.339102
31.7429,B,pid.pitch.Des,12.797162
31.7429,B,pid.pitch.FB,8.4896841
31.7429,B,pid.pitch.U,22.922434
31.7429,B,pid.roll.Des,-13.582174
31.7429,B,pid.roll.FB,-4.9911928
31.7429,B,pid.roll.U,-35.772945
31.7429,B,pid.yaw.Des,40
31.7429,B,pid.yaw.FB,40.694519
31.7429,B,pid.yaw.U,-6.1671143
31.7429,B,pid.z_pos.Des,0.62994766
31.7429,B,pid.z_pos.FB,0.63058686
31.7429,B,pid.z_pos.U,-0.10438382
31.7429,B,pid.z_rate.Des,-0.10438382
31.7429,B,pid.z_rate.FB,-0.074244186
31.7429,B,pid.z_rate.U,-25.105854
31.7429,B,status.vbat,0
31.9431,A,mrac.pitch.e,0.096104413
31.9431,A,mrac.pitch.u_ad,-0.039662838
31.9431,A,mrac.roll.e,0.14754215
31.9431,A,mrac.roll.u_ad,0.15863714
31.9431,A,mrac.yaw.e,0.021688079
31.9431,A,mrac.yaw.u_ad,0.0014411266
31.9431,A,mrac.z.e,0.053035408
31.9431,A,mrac.z.u_ad,-0.035189621
31.9431,A,status.arm,1
31.9431,A,status.flymode,1
31.9431,A,status.rc_authority,0
31.9431,A,status.sbus_lost,0
31.9431,A,status.twc_arrived,0
31.9431,A,status.twc_execute,0
31.9432,B,mrac.pitch.theta_0,0.0049044723
31.9432,B,mrac.pitch.theta_1,0.003999949
31.9432,B,mrac.pitch.theta_2,0.00074573199
31.9432,B,mrac.pitch.theta_3,0.0063145421
31.9432,B,mrac.pitch.theta_4,0.13155958
31.9432,B,mrac.pitch.theta_5,0.14208667
31.9432,B,mrac.pitch.u_nom,0.020991646
31.9432,B,mrac.pitch.xm,0.4000721
31.9432,B,mrac.roll.theta_0,0.14184329
31.9432,B,mrac.roll.theta_1,0.0021866593
31.9432,B,mrac.roll.theta_2,0.0060951142
31.9432,B,mrac.roll.theta_3,0.0058890702
31.9432,B,mrac.roll.theta_4,0.14352533
31.9432,B,mrac.roll.theta_5,0.14116856
31.9432,B,mrac.roll.u_nom,-0.14107458
31.9432,B,mrac.roll.xm,-0.62435597
31.9432,B,mrac.yaw.theta_0,0.00074275094
31.9432,B,mrac.yaw.theta_1,0.0020141581
31.9432,B,mrac.yaw.theta_2,0.0034392483
31.9432,B,mrac.yaw.theta_3,0
31.9432,B,mrac.yaw.theta_4,0.040276598
31.9432,B,mrac.yaw.theta_5,0.085729793
31.9432,B,mrac.yaw.u_nom,-0.064729728
31.9432,B,mrac.yaw.xm,-0.1076365
31.9432,B,mrac.z.theta_0,0.0057689813
31.9432,B,mrac.z.theta_1,0.0020898555
31.9432,B,mrac.z.theta_2,0.0057597654
31.9432,B,mrac.z.theta_3,0
31.9432,B,mrac.z.theta_4,0.1957984
31.9432,B,mrac.z.theta_5,0.18752295
31.9432,B,mrac.z.u_nom,-0.11308943
31.9432,B,mrac.z.xm,-0.10438382
31.9432,B,path.active_path_mode,0
31.9432,B,path.circle_theta,0
31.9432,B,path.sinusoid_t_elapsed,0
31.9432,B,path.twc_arrived,0
31.9432,B,path.twc_target_x,1.4901161e-06
31.9432,B,path.twc_target_y,0
31.9432,B,path.twc_target_z,0.60000002
31.9432,B,pid.gyrox.Des,-35.772945
31.9432,B,pid.gyrox.FB,-21.726845
31.9432,B,pid.gyrox.U,-165.05727
31.9432,B,pid.gyroy.Des,22.922434
31.9432,B,pid.gyroy.FB,37.727955
31.9432,B,pid.gyroy.U,24.560226
31.9432,B,pid.gyroz.Des,-6.1671143
31.9432,B,pid.gyroz.FB,8.7093706
31.9432,B,pid.gyroz.U,-121.17405
31.9432,B,pid.locx.Des,-54.048267
31.9432,B,pid.locx.FB,-56.015327
31.9432,B,pid.locx.U,6.1296172
31.9432,B,pid.locxs.Des,11.8
31.9432,B,pid.locxs.FB,-64.005867
31.9432,B,pid.locxs.U,327.4176
31.9432,B,pid.locy.Des,8.2495899
31.9432,B,pid.locy.FB,5.7018886
31.9432,B,pid.locy.U,2.0803046
31.9432,B,pid.locys.Des,2.0803046
31.9432,B,pid.locys.FB,-6.9461403
31.9432,B,pid.locys.U,13.339102
31.9432,B,pid.pitch.Des,12.797162
31.9432,B,pid.pitch.FB,8.4896841
31.9432,B,pid.pitch.U,22.922434
31.9432,B,pid.roll.Des,-13.582174
31.9432,B,pid.roll.FB,-4.9911928
31.9432,B,pid.roll.U,-35.772945
31.9432,B,pid.yaw.Des,40
31.9432,B,pid.yaw.FB,40.694519
31.9432,B,pid.yaw.U,-6.1671143
31.9432,B,pid.z_pos.Des,0.62994766
31.9432,B,pid.z_pos.FB,0.63058686
31.9432,B,pid.z_pos.U,-0.10438382
31.9432,B,pid.z_rate.Des,-0.10438382
31.9432,B,pid.z_rate.FB,-0.074244186
31.9432,B,pid.z_rate.U,-25.105854
31.9432,B,status.vbat,0
32.1577,A,mrac.pitch.e,0.014477789
32.1577,A,mrac.pitch.u_ad,-0.032031588
32.1577,A,mrac.roll.e,-0.15076523
32.1577,A,mrac.roll.u_ad,0.15882029
32.1577,A,mrac.yaw.e,0.030180089
32.1577,A,mrac.yaw.u_ad,0.00051812286
32.1577,A,mrac.z.e,0.14890939
32.1577,A,mrac.z.u_ad,-0.060888443
32.1577,A,status.arm,1
32.1577,A,status.flymode,1
32.1577,A,status.rc_authority,0
32.1577,A,status.sbus_lost,0
32.1577,A,status.twc_arrived,0
32.1577,A,status.twc_execute,0
32.1578,B,mrac.pitch.theta_0,0.00024975059
32.1578,B,mrac.pitch.theta_1,0.0056706322
32.1578,B,mrac.pitch.theta_2,0.00073162961
32.1578,B,mrac.pitch.theta_3,0.0063145766
32.1578,B,mrac.pitch.theta_4,0.13217762
32.1578,B,mrac.pitch.theta_5,0.14256167
32.1578,B,mrac.pitch.u_nom,-0.13508527
32.1578,B,mrac.pitch.xm,-0.28009197
32.1578,B,mrac.roll.theta_0,0.13896535
32.1578,B,mrac.roll.theta_1,0.0020415371
32.1578,B,mrac.roll.theta_2,0.0061487402
32.1578,B,mrac.roll.theta_3,0.0058965008
32.1578,B,mrac.roll.theta_4,0.14390866
32.1578,B,mrac.roll.theta_5,0.14103206
32.1578,B,mrac.roll.u_nom,0.11013269
32.1578,B,mrac.roll.xm,0.11119059
32.1578,B,mrac.yaw.theta_0,0.0023427692
32.1578,B,mrac.yaw.theta_1,0.0020164284
32.1578,B,mrac.yaw.theta_2,0.0034357195
32.1578,B,mrac.yaw.theta_3,0
32.1578,B,mrac.yaw.theta_4,0.040338058
32.1578,B,mrac.yaw.theta_5,0.085712418
32.1578,B,mrac.yaw.u_nom,-0.012765107
32.1578,B,mrac.yaw.xm,-0.021359561
32.1578,B,mrac.z.theta_0,0.0092385486
32.1578,B,mrac.z.theta_1,0.0020724845
32.1578,B,mrac.z.theta_2,0.0057496768
32.1578,B,mrac.z.theta_3,0
32.1578,B,mrac.z.theta_4,0.19581622
32.1578,B,mrac.z.theta_5,0.18748745
32.1578,B,mrac.z.u_nom,-0.42278334
32.1578,B,mrac.z.xm,-0.1015275
32.1578,B,path.active_path_mode,0
32.1578,B,path.circle_theta,0
32.1578,B,path.sinusoid_t_elapsed,0
32.1578,B,path.twc_arrived,0
32.1578,B,path.twc_target_x,1.4901161e-06
32.1578,B,path.twc_target_y,0
32.1578,B,path.twc_target_z,0.60000002
32.1578,B,pid.gyrox.Des,6.3707485
32.1578,B,pid.gyrox.FB,-1.9737395
32.1578,B,pid.gyrox.U,128.85526
32.1578,B,pid.gyroy.Des,-16.04808
32.1578,B,pid.gyroy.FB,0.11481824
32.1578,B,pid.gyroy.U,-158.04977
32.1578,B,pid.gyroz.Des,-1.2238122
32.1578,B,pid.gyroz.FB,1.5099087
32.1578,B,pid.gyroz.U,-23.89628
32.1578,B,pid.locx.Des,-57.872074
32.1578,B,pid.locx.FB,-47.865555
32.1578,B,pid.locx.U,-8.806756
32.1578,B,pid.locxs.Des,-8.806756
32.1578,B,pid.locxs.FB,26.017103
32.1578,B,pid.locxs.U,-106.45873
32.1578,B,pid.locy.Des,8.2495899
32.1578,B,pid.locy.FB,28.170349
32.1578,B,pid.locy.U,-18.435829
32.1578,B,pid.locys.Des,-18.435829
32.1578,B,pid.locys.FB,10.821754
32.1578,B,pid.locys.U,-88.351204
32.1578,B,pid.pitch.Des,-7.8998775
32.1578,B,pid.pitch.FB,-3.625936
32.1578,B,pid.pitch.U,-16.04808
32.1578,B,pid.roll.Des,1.4516683
32.1578,B,pid.roll.FB,-0.67372078
32.1578,B,pid.roll.U,6.3707485
32.1578,B,pid.yaw.Des,40
32.1578,B,pid.yaw.FB,39.940842
32.1578,B,pid.yaw.U,-1.2238122
32.1578,B,pid.z_pos.Des,0.62994766
32.1578,B,pid.z_pos.FB,0.61871612
32.1578,B,pid.z_pos.U,-0.1015275
32.1578,B,pid.z_rate.Des,-0.1015275
32.1578,B,pid.z_rate.FB,0.10077117
32.1578,B,pid.z_rate.U,-93.857903
32.1578,B,status.vbat,0
32.3744,A,mrac.pitch.e,0.13721398
32.3744,A,mrac.pitch.u_ad,-0.01862081
32.3744,A,mrac.roll.e,-0.1415737
32.3744,A,mrac.roll.u_ad,0.15714535
32.3744,A,mrac.yaw.e,0.073391378
32.3744,A,mrac.yaw.u_ad,-0.004161662
32.3744,A,mrac.z.e,0.12304635
32.3744,A,mrac.z.u_ad,-0.074941471
32.3744,A,status.arm,1
32.3744,A,status.flymode,1
32.3744,A,status.rc_authority,0
32.3744,A,status.sbus_lost,0
32.3744,A,status.twc_arrived,0
32.3744,A,status.twc_execute,0
32.3744,B,mrac.pitch.theta_0,0.00037182809
32.3744,B,mrac.pitch.theta_1,0.005627628
32.3744,B,mrac.pitch.theta_2,0.00073057454
32.3744,B,mrac.pitch.theta_3,0.0063128681
32.3744,B,mrac.pitch.theta_4,0.13228339
32.3744,B,mrac.pitch.theta_5,0.14258447
32.3744,B,mrac.pitch.u_nom,-0.082058229
32.3744,B,mrac.pitch.xm,-0.10624701
32.3744,B,mrac.roll.theta_0,0.14080743
32.3744,B,mrac.roll.theta_1,0.0019978206
32.3744,B,mrac.roll.theta_2,0.0061459714
32.3744,B,mrac.roll.theta_3,0.0058953995
32.3744,B,mrac.roll.theta_4,0.14399418
32.3744,B,mrac.roll.theta_5,0.14099336
32.3744,B,mrac.roll.u_nom,-0.0012270169
32.3744,B,mrac.roll.xm,0.053447202
32.3744,B,mrac.yaw.theta_0,0.0015515483
32.3744,B,mrac.yaw.theta_1,0.0020041568
32.3744,B,mrac.yaw.theta_2,0.0034341281
32.3744,B,mrac.yaw.theta_3,0
32.3744,B,mrac.yaw.theta_4,0.040345766
32.3744,B,mrac.yaw.theta_5,0.085699357
32.3744,B,mrac.yaw.u_nom,-0.01254626
32.3744,B,mrac.yaw.xm,-0.061092362
32.3744,B,mrac.z.theta_0,0.0074189827
32.3744,B,mrac.z.theta_1,0.0020125178
32.3744,B,mrac.z.theta_2,0.0057410495
32.3744,B,mrac.z.theta_3,0
32.3744,B,mrac.z.theta_4,0.19583532
32.3744,B,mrac.z.theta_5,0.18749918
32.3744,B,mrac.z.u_nom,-0.30576977
32.3744,B,mrac.z.xm,-0.10747769
32.3744,B,path.active_path_mode,0
32.3744,B,path.circle_theta,0
32.3744,B,path.sinusoid_t_elapsed,0
32.3744,B,path.twc_arrived,0
32.3744,B,path.twc_target_x,1.4901161e-06
32.3744,B,path.twc_target_y,0
32.3744,B,path.twc_target_z,0.60000002
32.3744,B,pid.gyrox.Des,3.0622978
32.3744,B,pid.gyrox.FB,-1.2672483
32.3744,B,pid.gyrox.U,-1.4356098
32.3744,B,pid.gyroy.Des,-6.0875025
32.3744,B,pid.gyroy.FB,3.4341142
32.3744,B,pid.gyroy.U,-96.008125
32.3744,B,pid.gyroz.Des,-3.5003331
32.3744,B,pid.gyroz.FB,-0.81433976
32.3744,B,pid.gyroz.U,-23.486599
32.3744,B,pid.locx.Des,-57.872074
32.3744,B,pid.locx.FB,-41.167412
32.3744,B,pid.locx.U,-15.782572
32.3744,B,pid.locxs.Des,-15.782572
32.3744,B,pid.locxs.FB,7.8099976
32.3744,B,pid.locxs.U,-62.800739
32.3744,B,pid.locy.Des,8.2495899
32.3744,B,pid.locy.FB,30.28216
32.3744,B,pid.locy.U,-19.674904
32.3744,B,pid.locys.Des,-19.674904
32.3744,B,pid.locys.FB,-0.062853813
32.3744,B,pid.locys.U,-58.097965
32.3744,B,pid.pitch.Des,-4.9491992
32.3744,B,pid.pitch.FB,-2.9845796
32.3744,B,pid.pitch.U,-6.0875025
32.3744,B,pid.roll.Des,0.60493267
32.3744,B,pid.roll.FB,-0.33221701
32.3744,B,pid.roll.U,3.0622978
32.3744,B,pid.yaw.Des,40
32.3744,B,pid.yaw.FB,40.266701
32.3744,B,pid.yaw.U,-3.5003331
32.3744,B,pid.z_pos.Des,0.62994766
32.3744,B,pid.z_pos.FB,0.62913483
32.3744,B,pid.z_pos.U,-0.10747769
32.3744,B,pid.z_rate.Des,-0.10747769
32.3744,B,pid.z_rate.FB,0.029878449
32.3744,B,pid.z_rate.U,-67.88089
32.3744,B,status.vbat,0
32.5752,A,mrac.pitch.e,0.22093435
32.5752,A,mrac.pitch.u_ad,-0.01991969
32.5752,A,mrac.roll.e,0.037256226
32.5752,A,mrac.roll.u_ad,0.14531347
32.5752,A,mrac.yaw.e,0.026077677
32.5752,A,mrac.yaw.u_ad,-0.0031037424
32.5752,A,mrac.z.e,0.10981018
32.5752,A,mrac.z.u_ad,-0.06414967
32.5752,A,status.arm,1
32.5752,A,status.flymode,1
32.5752,A,status.rc_authority,0
32.5752,A,status.sbus_lost,0
32.5752,A,status.twc_arrived,0
32.5752,A,status.twc_execute,0
32.5753,B,mrac.pitch.theta_0,0.00018521107
32.5753,B,mrac.pitch.theta_1,0.0054584648
32.5753,B,mrac.pitch.theta_2,0.0007288151
32.5753,B,mrac.pitch.theta_3,0.0063126786
32.5753,B,mrac.pitch.theta_4,0.13235046
32.5753,B,mrac.pitch.theta_5,0.14257835
32.5753,B,mrac.pitch.u_nom,-0.048866201
32.5753,B,mrac.pitch.xm,-0.15427199
32.5753,B,mrac.roll.theta_0,0.14005324
32.5753,B,mrac.roll.theta_1,0.0019752258
32.5753,B,mrac.roll.theta_2,0.0061451402
32.5753,B,mrac.roll.theta_3,0.0058949972
32.5753,B,mrac.roll.theta_4,0.14402291
32.5753,B,mrac.roll.theta_5,0.14097239
32.5753,B,mrac.roll.u_nom,-0.1019564
32.5753,B,mrac.roll.xm,0.052155402
32.5753,B,mrac.yaw.theta_0,0.0013857638
32.5753,B,mrac.yaw.theta_1,0.0020027852
32.5753,B,mrac.yaw.theta_2,0.0034339495
32.5753,B,mrac.yaw.theta_3,0
32.5753,B,mrac.yaw.theta_4,0.040346652
32.5753,B,mrac.yaw.theta_5,0.085695617
32.5753,B,mrac.yaw.u_nom,-0.0063074343
32.5753,B,mrac.yaw.xm,-0.047526792
32.5753,B,mrac.z.theta_0,0.0067553935
32.5753,B,mrac.z.theta_1,0.0020062828
32.5753,B,mrac.z.theta_2,0.0057400237
32.5753,B,mrac.z.theta_3,0
32.5753,B,mrac.z.theta_4,0.19582151
32.5753,B,mrac.z.theta_5,0.18749803
32.5753,B,mrac.z.u_nom,-0.25698793
32.5753,B,mrac.z.xm,-0.10769943
32.5753,B,path.active_path_mode,0
32.5753,B,path.circle_theta,0
32.5753,B,path.sinusoid_t_elapsed,0
32.5753,B,path.twc_arrived,0
32.5753,B,path.twc_target_x,1.4901161e-06
32.5753,B,path.twc_target_y,0
32.5753,B,path.twc_target_z,0.60000002
32.5753,B,pid.gyrox.Des,2.9882832
32.5753,B,pid.gyrox.FB,7.9042811
32.5753,B,pid.gyrox.U,-119.28899
32.5753,B,pid.gyroy.Des,-8.8391304
32.5753,B,pid.gyroy.FB,-1.9591156
32.5753,B,pid.gyroy.U,-57.173454
32.5753,B,pid.gyroz.Des,-2.7230835
32.5753,B,pid.gyroz.FB,-1.4953133
32.5753,B,pid.gyroz.U,-11.807517
32.5753,B,pid.locx.Des,-57.872074
32.5753,B,pid.locx.FB,-39.941978
32.5753,B,pid.locx.U,-16.49221
32.5753,B,pid.locxs.Des,-16.49221
32.5753,B,pid.locxs.FB,2.4143672
32.5753,B,pid.locxs.U,-56.733032
32.5753,B,pid.locy.Des,8.2495899
32.5753,B,pid.locy.FB,30.182663
32.5753,B,pid.locy.U,-19.473942
32.5753,B,pid.locys.Des,-19.473942
32.5753,B,pid.locys.FB,-3.3422792
32.5753,B,pid.locys.U,-48.296982
32.5753,B,pid.pitch.Des,-4.2856646
32.5753,B,pid.pitch.FB,-2.2302854
32.5753,B,pid.pitch.U,-8.8391304
32.5753,B,pid.roll.Des,0.71576387
32.5753,B,pid.roll.FB,-0.3147569
32.5753,B,pid.roll.U,2.9882832
32.5753,B,pid.yaw.Des,40
32.5753,B,pid.yaw.FB,40.120514
32.5753,B,pid.yaw.U,-2.7230835
32.5753,B,pid.z_pos.Des,0.62994766
32.5753,B,pid.z_pos.FB,0.62951326
32.5753,B,pid.z_pos.U,-0.10769943
32.5753,B,pid.z_rate.Des,-0.10769943
32.5753,B,pid.z_rate.FB,0.0025828106
32.5753,B,pid.z_rate.U,-57.051323
32.5753,B,status.vbat,0
32.7765,A,mrac.pitch.e,0.22093435
32.7765,A,mrac.pitch.u_ad,-0.01991969
32.7765,A,mrac.roll.e,0.037256226
32.7765,A,mrac.roll.u_ad,0.14531347
32.7765,A,mrac.yaw.e,0.026077677
32.7765,A,mrac.yaw.u_ad,-0.0031037424
32.7765,A,mrac.z.e,0.10981018
32.7765,A,mrac.z.u_ad,-0.06414967
32.7765,A,status.arm,1
32.7765,A,status.flymode,1
32.7765,A,status.rc_authority,0
32.7765,A,status.sbus_lost,0
32.7765,A,status.twc_arrived,0
32.7765,A,status.twc_execute,0
32.7766,B,mrac.pitch.theta_0,0.00018521107
32.7766,B,mrac.pitch.theta_1,0.0054584648
32.7766,B,mrac.pitch.theta_2,0.0007288151
32.7766,B,mrac.pitch.theta_3,0.0063126786
32.7766,B,mrac.pitch.theta_4,0.13235046
32.7766,B,mrac.pitch.theta_5,0.14257835
32.7766,B,mrac.pitch.u_nom,-0.048866201
32.7766,B,mrac.pitch.xm,-0.15427199
32.7766,B,mrac.roll.theta_0,0.14005324
32.7766,B,mrac.roll.theta_1,0.0019752258
32.7766,B,mrac.roll.theta_2,0.0061451402
32.7766,B,mrac.roll.theta_3,0.0058949972
32.7766,B,mrac.roll.theta_4,0.14402291
32.7766,B,mrac.roll.theta_5,0.14097239
32.7766,B,mrac.roll.u_nom,-0.1019564
32.7766,B,mrac.roll.xm,0.052155402
32.7766,B,mrac.yaw.theta_0,0.0013857638
32.7766,B,mrac.yaw.theta_1,0.0020027852
32.7766,B,mrac.yaw.theta_2,0.0034339495
32.7766,B,mrac.yaw.theta_3,0
32.7766,B,mrac.yaw.theta_4,0.040346652
32.7766,B,mrac.yaw.theta_5,0.085695617
32.7766,B,mrac.yaw.u_nom,-0.0063074343
32.7766,B,mrac.yaw.xm,-0.047526792
32.7766,B,mrac.z.theta_0,0.0067553935
32.7766,B,mrac.z.theta_1,0.0020062828
32.7766,B,mrac.z.theta_2,0.0057400237
32.7766,B,mrac.z.theta_3,0
32.7766,B,mrac.z.theta_4,0.19582151
32.7766,B,mrac.z.theta_5,0.18749803
32.7766,B,mrac.z.u_nom,-0.25698793
32.7766,B,mrac.z.xm,-0.10769943
32.7766,B,path.active_path_mode,0
32.7766,B,path.circle_theta,0
32.7766,B,path.sinusoid_t_elapsed,0
32.7766,B,path.twc_arrived,0
32.7766,B,path.twc_target_x,1.4901161e-06
32.7766,B,path.twc_target_y,0
32.7766,B,path.twc_target_z,0.60000002
32.7766,B,pid.gyrox.Des,2.9882832
32.7766,B,pid.gyrox.FB,7.9042811
32.7766,B,pid.gyrox.U,-119.28899
32.7766,B,pid.gyroy.Des,-8.8391304
32.7766,B,pid.gyroy.FB,-1.9591156
32.7766,B,pid.gyroy.U,-57.173454
32.7766,B,pid.gyroz.Des,-2.7230835
32.7766,B,pid.gyroz.FB,-1.4953133
32.7766,B,pid.gyroz.U,-11.807517
32.7766,B,pid.locx.Des,-57.872074
32.7766,B,pid.locx.FB,-39.941978
32.7766,B,pid.locx.U,-16.49221
32.7766,B,pid.locxs.Des,-16.49221
32.7766,B,pid.locxs.FB,2.4143672
32.7766,B,pid.locxs.U,-56.733032
32.7766,B,pid.locy.Des,8.2495899
32.7766,B,pid.locy.FB,30.182663
32.7766,B,pid.locy.U,-19.473942
32.7766,B,pid.locys.Des,-19.473942
32.7766,B,pid.locys.FB,-3.3422792
32.7766,B,pid.locys.U,-48.296982
32.7766,B,pid.pitch.Des,-4.2856646
32.7766,B,pid.pitch.FB,-2.2302854
32.7766,B,pid.pitch.U,-8.8391304
32.7766,B,pid.roll.Des,0.71576387
32.7766,B,pid.roll.FB,-0.3147569
32.7766,B,pid.roll.U,2.9882832
32.7766,B,pid.yaw.Des,40
32.7766,B,pid.yaw.FB,40.120514
32.7766,B,pid.yaw.U,-2.7230835
32.7766,B,pid.z_pos.Des,0.62994766
32.7766,B,pid.z_pos.FB,0.62951326
32.7766,B,pid.z_pos.U,-0.10769943
32.7766,B,pid.z_rate.Des,-0.10769943
32.7766,B,pid.z_rate.FB,0.0025828106
32.7766,B,pid.z_rate.U,-57.051323
32.7766,B,status.vbat,0
32.9771,A,mrac.pitch.e,0.22093435
32.9771,A,mrac.pitch.u_ad,-0.01991969
32.9771,A,mrac.roll.e,0.037256226
32.9771,A,mrac.roll.u_ad,0.14531347
32.9771,A,mrac.yaw.e,0.026077677
32.9771,A,mrac.yaw.u_ad,-0.0031037424
32.9771,A,mrac.z.e,0.10981018
32.9771,A,mrac.z.u_ad,-0.06414967
32.9771,A,status.arm,1
32.9771,A,status.flymode,1
32.9771,A,status.rc_authority,0
32.9771,A,status.sbus_lost,0
32.9771,A,status.twc_arrived,0
32.9771,A,status.twc_execute,0
32.9772,B,mrac.pitch.theta_0,0.00018521107
32.9772,B,mrac.pitch.theta_1,0.0054584648
32.9772,B,mrac.pitch.theta_2,0.0007288151
32.9772,B,mrac.pitch.theta_3,0.0063126786
32.9772,B,mrac.pitch.theta_4,0.13235046
32.9772,B,mrac.pitch.theta_5,0.14257835
32.9772,B,mrac.pitch.u_nom,-0.048866201
32.9772,B,mrac.pitch.xm,-0.15427199
32.9772,B,mrac.roll.theta_0,0.14005324
32.9772,B,mrac.roll.theta_1,0.0019752258
32.9772,B,mrac.roll.theta_2,0.0061451402
32.9772,B,mrac.roll.theta_3,0.0058949972
32.9772,B,mrac.roll.theta_4,0.14402291
32.9772,B,mrac.roll.theta_5,0.14097239
32.9772,B,mrac.roll.u_nom,-0.1019564
32.9772,B,mrac.roll.xm,0.052155402
32.9772,B,mrac.yaw.theta_0,0.0013857638
32.9772,B,mrac.yaw.theta_1,0.0020027852
32.9772,B,mrac.yaw.theta_2,0.0034339495
32.9772,B,mrac.yaw.theta_3,0
32.9772,B,mrac.yaw.theta_4,0.040346652
32.9772,B,mrac.yaw.theta_5,0.085695617
32.9772,B,mrac.yaw.u_nom,-0.0063074343
32.9772,B,mrac.yaw.xm,-0.047526792
32.9772,B,mrac.z.theta_0,0.0067553935
32.9772,B,mrac.z.theta_1,0.0020062828
32.9772,B,mrac.z.theta_2,0.0057400237
32.9772,B,mrac.z.theta_3,0
32.9772,B,mrac.z.theta_4,0.19582151
32.9772,B,mrac.z.theta_5,0.18749803
32.9772,B,mrac.z.u_nom,-0.25698793
32.9772,B,mrac.z.xm,-0.10769943
32.9772,B,path.active_path_mode,0
32.9772,B,path.circle_theta,0
32.9772,B,path.sinusoid_t_elapsed,0
32.9772,B,path.twc_arrived,0
32.9772,B,path.twc_target_x,1.4901161e-06
32.9772,B,path.twc_target_y,0
32.9772,B,path.twc_target_z,0.60000002
32.9772,B,pid.gyrox.Des,2.9882832
32.9772,B,pid.gyrox.FB,7.9042811
32.9772,B,pid.gyrox.U,-119.28899
32.9772,B,pid.gyroy.Des,-8.8391304
32.9772,B,pid.gyroy.FB,-1.9591156
32.9772,B,pid.gyroy.U,-57.173454
32.9772,B,pid.gyroz.Des,-2.7230835
32.9772,B,pid.gyroz.FB,-1.4953133
32.9772,B,pid.gyroz.U,-11.807517
32.9772,B,pid.locx.Des,-57.872074
32.9772,B,pid.locx.FB,-39.941978
32.9772,B,pid.locx.U,-16.49221
32.9772,B,pid.locxs.Des,-16.49221
32.9772,B,pid.locxs.FB,2.4143672
32.9772,B,pid.locxs.U,-56.733032
32.9772,B,pid.locy.Des,8.2495899
32.9772,B,pid.locy.FB,30.182663
32.9772,B,pid.locy.U,-19.473942
32.9772,B,pid.locys.Des,-19.473942
32.9772,B,pid.locys.FB,-3.3422792
32.9772,B,pid.locys.U,-48.296982
32.9772,B,pid.pitch.Des,-4.2856646
32.9772,B,pid.pitch.FB,-2.2302854
32.9772,B,pid.pitch.U,-8.8391304
32.9772,B,pid.roll.Des,0.71576387
32.9772,B,pid.roll.FB,-0.3147569
32.9772,B,pid.roll.U,2.9882832
32.9772,B,pid.yaw.Des,40
32.9772,B,pid.yaw.FB,40.120514
32.9772,B,pid.yaw.U,-2.7230835
32.9772,B,pid.z_pos.Des,0.62994766
32.9772,B,pid.z_pos.FB,0.62951326
32.9772,B,pid.z_pos.U,-0.10769943
32.9772,B,pid.z_rate.Des,-0.10769943
32.9772,B,pid.z_rate.FB,0.0025828106
32.9772,B,pid.z_rate.U,-57.051323
32.9772,B,status.vbat,0
33.1917,A,mrac.pitch.e,0.22093435
33.1917,A,mrac.pitch.u_ad,-0.01991969
33.1917,A,mrac.roll.e,0.037256226
33.1917,A,mrac.roll.u_ad,0.14531347
33.1917,A,mrac.yaw.e,0.026077677
33.1917,A,mrac.yaw.u_ad,-0.0031037424
33.1917,A,mrac.z.e,0.10981018
33.1917,A,mrac.z.u_ad,-0.06414967
33.1917,A,status.arm,1
33.1917,A,status.flymode,1
33.1917,A,status.rc_authority,0
33.1917,A,status.sbus_lost,0
33.1917,A,status.twc_arrived,0
33.1917,A,status.twc_execute,0
33.1918,B,mrac.pitch.theta_0,0.00018521107
33.1918,B,mrac.pitch.theta_1,0.0054584648
33.1918,B,mrac.pitch.theta_2,0.0007288151
33.1918,B,mrac.pitch.theta_3,0.0063126786
33.1918,B,mrac.pitch.theta_4,0.13235046
33.1918,B,mrac.pitch.theta_5,0.14257835
33.1918,B,mrac.pitch.u_nom,-0.048866201
33.1918,B,mrac.pitch.xm,-0.15427199
33.1918,B,mrac.roll.theta_0,0.14005324
33.1918,B,mrac.roll.theta_1,0.0019752258
33.1918,B,mrac.roll.theta_2,0.0061451402
33.1918,B,mrac.roll.theta_3,0.0058949972
33.1918,B,mrac.roll.theta_4,0.14402291
33.1918,B,mrac.roll.theta_5,0.14097239
33.1918,B,mrac.roll.u_nom,-0.1019564
33.1918,B,mrac.roll.xm,0.052155402
33.1918,B,mrac.yaw.theta_0,0.0013857638
33.1918,B,mrac.yaw.theta_1,0.0020027852
33.1918,B,mrac.yaw.theta_2,0.0034339495
33.1918,B,mrac.yaw.theta_3,0
33.1918,B,mrac.yaw.theta_4,0.040346652
33.1918,B,mrac.yaw.theta_5,0.085695617
33.1918,B,mrac.yaw.u_nom,-0.0063074343
33.1918,B,mrac.yaw.xm,-0.047526792
33.1918,B,mrac.z.theta_0,0.0067553935
33.1918,B,mrac.z.theta_1,0.0020062828
33.1918,B,mrac.z.theta_2,0.0057400237
33.1918,B,mrac.z.theta_3,0
33.1918,B,mrac.z.theta_4,0.19582151
33.1918,B,mrac.z.theta_5,0.18749803
33.1918,B,mrac.z.u_nom,-0.25698793
33.1918,B,mrac.z.xm,-0.10769943
33.1918,B,path.active_path_mode,0
33.1918,B,path.circle_theta,0
33.1918,B,path.sinusoid_t_elapsed,0
33.1918,B,path.twc_arrived,0
33.1918,B,path.twc_target_x,1.4901161e-06
33.1918,B,path.twc_target_y,0
33.1918,B,path.twc_target_z,0.60000002
33.1918,B,pid.gyrox.Des,2.9882832
33.1918,B,pid.gyrox.FB,7.9042811
33.1918,B,pid.gyrox.U,-119.28899
33.1918,B,pid.gyroy.Des,-8.8391304
33.1918,B,pid.gyroy.FB,-1.9591156
33.1918,B,pid.gyroy.U,-57.173454
33.1918,B,pid.gyroz.Des,-2.7230835
33.1918,B,pid.gyroz.FB,-1.4953133
33.1918,B,pid.gyroz.U,-11.807517
33.1918,B,pid.locx.Des,-57.872074
33.1918,B,pid.locx.FB,-39.941978
33.1918,B,pid.locx.U,-16.49221
33.1918,B,pid.locxs.Des,-16.49221
33.1918,B,pid.locxs.FB,2.4143672
33.1918,B,pid.locxs.U,-56.733032
33.1918,B,pid.locy.Des,8.2495899
33.1918,B,pid.locy.FB,30.182663
33.1918,B,pid.locy.U,-19.473942
33.1918,B,pid.locys.Des,-19.473942
33.1918,B,pid.locys.FB,-3.3422792
33.1918,B,pid.locys.U,-48.296982
33.1918,B,pid.pitch.Des,-4.2856646
33.1918,B,pid.pitch.FB,-2.2302854
33.1918,B,pid.pitch.U,-8.8391304
33.1918,B,pid.roll.Des,0.71576387
33.1918,B,pid.roll.FB,-0.3147569
33.1918,B,pid.roll.U,2.9882832
33.1918,B,pid.yaw.Des,40
33.1918,B,pid.yaw.FB,40.120514
33.1918,B,pid.yaw.U,-2.7230835
33.1918,B,pid.z_pos.Des,0.62994766
33.1918,B,pid.z_pos.FB,0.62951326
33.1918,B,pid.z_pos.U,-0.10769943
33.1918,B,pid.z_rate.Des,-0.10769943
33.1918,B,pid.z_rate.FB,0.0025828106
33.1918,B,pid.z_rate.U,-57.051323
33.1918,B,status.vbat,0
33.3928,A,mrac.pitch.e,0.22093435
33.3928,A,mrac.pitch.u_ad,-0.01991969
33.3928,A,mrac.roll.e,0.037256226
33.3928,A,mrac.roll.u_ad,0.14531347
33.3928,A,mrac.yaw.e,0.026077677
33.3928,A,mrac.yaw.u_ad,-0.0031037424
33.3928,A,mrac.z.e,0.10981018
33.3928,A,mrac.z.u_ad,-0.06414967
33.3928,A,status.arm,1
33.3928,A,status.flymode,1
33.3928,A,status.rc_authority,0
33.3928,A,status.sbus_lost,0
33.3928,A,status.twc_arrived,0
33.3928,A,status.twc_execute,0
33.3928,B,mrac.pitch.theta_0,0.00018521107
33.3928,B,mrac.pitch.theta_1,0.0054584648
33.3928,B,mrac.pitch.theta_2,0.0007288151
33.3928,B,mrac.pitch.theta_3,0.0063126786
33.3928,B,mrac.pitch.theta_4,0.13235046
33.3928,B,mrac.pitch.theta_5,0.14257835
33.3928,B,mrac.pitch.u_nom,-0.048866201
33.3928,B,mrac.pitch.xm,-0.15427199
33.3928,B,mrac.roll.theta_0,0.14005324
33.3928,B,mrac.roll.theta_1,0.0019752258
33.3928,B,mrac.roll.theta_2,0.0061451402
33.3928,B,mrac.roll.theta_3,0.0058949972
33.3928,B,mrac.roll.theta_4,0.14402291
33.3928,B,mrac.roll.theta_5,0.14097239
33.3928,B,mrac.roll.u_nom,-0.1019564
33.3928,B,mrac.roll.xm,0.052155402
33.3928,B,mrac.yaw.theta_0,0.0013857638
33.3928,B,mrac.yaw.theta_1,0.0020027852
33.3928,B,mrac.yaw.theta_2,0.0034339495
33.3928,B,mrac.yaw.theta_3,0
33.3928,B,mrac.yaw.theta_4,0.040346652
33.3928,B,mrac.yaw.theta_5,0.085695617
33.3928,B,mrac.yaw.u_nom,-0.0063074343
33.3928,B,mrac.yaw.xm,-0.047526792
33.3928,B,mrac.z.theta_0,0.0067553935
33.3928,B,mrac.z.theta_1,0.0020062828
33.3928,B,mrac.z.theta_2,0.0057400237
33.3928,B,mrac.z.theta_3,0
33.3928,B,mrac.z.theta_4,0.19582151
33.3928,B,mrac.z.theta_5,0.18749803
33.3928,B,mrac.z.u_nom,-0.25698793
33.3928,B,mrac.z.xm,-0.10769943
33.3928,B,path.active_path_mode,0
33.3928,B,path.circle_theta,0
33.3928,B,path.sinusoid_t_elapsed,0
33.3928,B,path.twc_arrived,0
33.3928,B,path.twc_target_x,1.4901161e-06
33.3928,B,path.twc_target_y,0
33.3928,B,path.twc_target_z,0.60000002
33.3928,B,pid.gyrox.Des,2.9882832
33.3928,B,pid.gyrox.FB,7.9042811
33.3928,B,pid.gyrox.U,-119.28899
33.3928,B,pid.gyroy.Des,-8.8391304
33.3928,B,pid.gyroy.FB,-1.9591156
33.3928,B,pid.gyroy.U,-57.173454
33.3928,B,pid.gyroz.Des,-2.7230835
33.3928,B,pid.gyroz.FB,-1.4953133
33.3928,B,pid.gyroz.U,-11.807517
33.3928,B,pid.locx.Des,-57.872074
33.3928,B,pid.locx.FB,-39.941978
33.3928,B,pid.locx.U,-16.49221
33.3928,B,pid.locxs.Des,-16.49221
33.3928,B,pid.locxs.FB,2.4143672
33.3928,B,pid.locxs.U,-56.733032
33.3928,B,pid.locy.Des,8.2495899
33.3928,B,pid.locy.FB,30.182663
33.3928,B,pid.locy.U,-19.473942
33.3928,B,pid.locys.Des,-19.473942
33.3928,B,pid.locys.FB,-3.3422792
33.3928,B,pid.locys.U,-48.296982
33.3928,B,pid.pitch.Des,-4.2856646
33.3928,B,pid.pitch.FB,-2.2302854
33.3928,B,pid.pitch.U,-8.8391304
33.3928,B,pid.roll.Des,0.71576387
33.3928,B,pid.roll.FB,-0.3147569
33.3928,B,pid.roll.U,2.9882832
33.3928,B,pid.yaw.Des,40
33.3928,B,pid.yaw.FB,40.120514
33.3928,B,pid.yaw.U,-2.7230835
33.3928,B,pid.z_pos.Des,0.62994766
33.3928,B,pid.z_pos.FB,0.62951326
33.3928,B,pid.z_pos.U,-0.10769943
33.3928,B,pid.z_rate.Des,-0.10769943
33.3928,B,pid.z_rate.FB,0.0025828106
33.3928,B,pid.z_rate.U,-57.051323
33.3928,B,status.vbat,0
33.5922,A,mrac.pitch.e,0.22093435
33.5922,A,mrac.pitch.u_ad,-0.01991969
33.5922,A,mrac.roll.e,0.037256226
33.5922,A,mrac.roll.u_ad,0.14531347
33.5922,A,mrac.yaw.e,0.026077677
33.5922,A,mrac.yaw.u_ad,-0.0031037424
33.5922,A,mrac.z.e,0.10981018
33.5922,A,mrac.z.u_ad,-0.06414967
33.5922,A,status.arm,1
33.5922,A,status.flymode,1
33.5922,A,status.rc_authority,0
33.5922,A,status.sbus_lost,0
33.5922,A,status.twc_arrived,0
33.5922,A,status.twc_execute,0
33.5923,B,mrac.pitch.theta_0,0.00018521107
33.5923,B,mrac.pitch.theta_1,0.0054584648
33.5923,B,mrac.pitch.theta_2,0.0007288151
33.5923,B,mrac.pitch.theta_3,0.0063126786
33.5923,B,mrac.pitch.theta_4,0.13235046
33.5923,B,mrac.pitch.theta_5,0.14257835
33.5923,B,mrac.pitch.u_nom,-0.048866201
33.5923,B,mrac.pitch.xm,-0.15427199
33.5923,B,mrac.roll.theta_0,0.14005324
33.5923,B,mrac.roll.theta_1,0.0019752258
33.5923,B,mrac.roll.theta_2,0.0061451402
33.5923,B,mrac.roll.theta_3,0.0058949972
33.5923,B,mrac.roll.theta_4,0.14402291
33.5923,B,mrac.roll.theta_5,0.14097239
33.5923,B,mrac.roll.u_nom,-0.1019564
33.5923,B,mrac.roll.xm,0.052155402
33.5923,B,mrac.yaw.theta_0,0.0013857638
33.5923,B,mrac.yaw.theta_1,0.0020027852
33.5923,B,mrac.yaw.theta_2,0.0034339495
33.5923,B,mrac.yaw.theta_3,0
33.5923,B,mrac.yaw.theta_4,0.040346652
33.5923,B,mrac.yaw.theta_5,0.085695617
33.5923,B,mrac.yaw.u_nom,-0.0063074343
33.5923,B,mrac.yaw.xm,-0.047526792
33.5923,B,mrac.z.theta_0,0.0067553935
33.5923,B,mrac.z.theta_1,0.0020062828
33.5923,B,mrac.z.theta_2,0.0057400237
33.5923,B,mrac.z.theta_3,0
33.5923,B,mrac.z.theta_4,0.19582151
33.5923,B,mrac.z.theta_5,0.18749803
33.5923,B,mrac.z.u_nom,-0.25698793
33.5923,B,mrac.z.xm,-0.10769943
33.5923,B,path.active_path_mode,0
33.5923,B,path.circle_theta,0
33.5923,B,path.sinusoid_t_elapsed,0
33.5923,B,path.twc_arrived,0
33.5923,B,path.twc_target_x,1.4901161e-06
33.5923,B,path.twc_target_y,0
33.5923,B,path.twc_target_z,0.60000002
33.5923,B,pid.gyrox.Des,2.9882832
33.5923,B,pid.gyrox.FB,7.9042811
33.5923,B,pid.gyrox.U,-119.28899
33.5923,B,pid.gyroy.Des,-8.8391304
33.5923,B,pid.gyroy.FB,-1.9591156
33.5923,B,pid.gyroy.U,-57.173454
33.5923,B,pid.gyroz.Des,-2.7230835
33.5923,B,pid.gyroz.FB,-1.4953133
33.5923,B,pid.gyroz.U,-11.807517
33.5923,B,pid.locx.Des,-57.872074
33.5923,B,pid.locx.FB,-39.941978
33.5923,B,pid.locx.U,-16.49221
33.5923,B,pid.locxs.Des,-16.49221
33.5923,B,pid.locxs.FB,2.4143672
33.5923,B,pid.locxs.U,-56.733032
33.5923,B,pid.locy.Des,8.2495899
33.5923,B,pid.locy.FB,30.182663
33.5923,B,pid.locy.U,-19.473942
33.5923,B,pid.locys.Des,-19.473942
33.5923,B,pid.locys.FB,-3.3422792
33.5923,B,pid.locys.U,-48.296982
33.5923,B,pid.pitch.Des,-4.2856646
33.5923,B,pid.pitch.FB,-2.2302854
33.5923,B,pid.pitch.U,-8.8391304
33.5923,B,pid.roll.Des,0.71576387
33.5923,B,pid.roll.FB,-0.3147569
33.5923,B,pid.roll.U,2.9882832
33.5923,B,pid.yaw.Des,40
33.5923,B,pid.yaw.FB,40.120514
33.5923,B,pid.yaw.U,-2.7230835
33.5923,B,pid.z_pos.Des,0.62994766
33.5923,B,pid.z_pos.FB,0.62951326
33.5923,B,pid.z_pos.U,-0.10769943
33.5923,B,pid.z_rate.Des,-0.10769943
33.5923,B,pid.z_rate.FB,0.0025828106
33.5923,B,pid.z_rate.U,-57.051323
33.5923,B,status.vbat,0
33.7927,A,mrac.pitch.e,0.22093435
33.7927,A,mrac.pitch.u_ad,-0.01991969
33.7927,A,mrac.roll.e,0.037256226
33.7927,A,mrac.roll.u_ad,0.14531347
33.7927,A,mrac.yaw.e,0.026077677
33.7927,A,mrac.yaw.u_ad,-0.0031037424
33.7927,A,mrac.z.e,0.10981018
33.7927,A,mrac.z.u_ad,-0.06414967
33.7927,A,status.arm,1
33.7927,A,status.flymode,1
33.7927,A,status.rc_authority,0
33.7927,A,status.sbus_lost,0
33.7927,A,status.twc_arrived,0
33.7927,A,status.twc_execute,0
33.7928,B,mrac.pitch.theta_0,0.00018521107
33.7928,B,mrac.pitch.theta_1,0.0054584648
33.7928,B,mrac.pitch.theta_2,0.0007288151
33.7928,B,mrac.pitch.theta_3,0.0063126786
33.7928,B,mrac.pitch.theta_4,0.13235046
33.7928,B,mrac.pitch.theta_5,0.14257835
33.7928,B,mrac.pitch.u_nom,-0.048866201
33.7928,B,mrac.pitch.xm,-0.15427199
33.7928,B,mrac.roll.theta_0,0.14005324
33.7928,B,mrac.roll.theta_1,0.0019752258
33.7928,B,mrac.roll.theta_2,0.0061451402
33.7928,B,mrac.roll.theta_3,0.0058949972
33.7928,B,mrac.roll.theta_4,0.14402291
33.7928,B,mrac.roll.theta_5,0.14097239
33.7928,B,mrac.roll.u_nom,-0.1019564
33.7928,B,mrac.roll.xm,0.052155402
33.7928,B,mrac.yaw.theta_0,0.0013857638
33.7928,B,mrac.yaw.theta_1,0.0020027852
33.7928,B,mrac.yaw.theta_2,0.0034339495
33.7928,B,mrac.yaw.theta_3,0
33.7928,B,mrac.yaw.theta_4,0.040346652
33.7928,B,mrac.yaw.theta_5,0.085695617
33.7928,B,mrac.yaw.u_nom,-0.0063074343
33.7928,B,mrac.yaw.xm,-0.047526792
33.7928,B,mrac.z.theta_0,0.0067553935
33.7928,B,mrac.z.theta_1,0.0020062828
33.7928,B,mrac.z.theta_2,0.0057400237
33.7928,B,mrac.z.theta_3,0
33.7928,B,mrac.z.theta_4,0.19582151
33.7928,B,mrac.z.theta_5,0.18749803
33.7928,B,mrac.z.u_nom,-0.25698793
33.7928,B,mrac.z.xm,-0.10769943
33.7928,B,path.active_path_mode,0
33.7928,B,path.circle_theta,0
33.7928,B,path.sinusoid_t_elapsed,0
33.7928,B,path.twc_arrived,0
33.7928,B,path.twc_target_x,1.4901161e-06
33.7928,B,path.twc_target_y,0
33.7928,B,path.twc_target_z,0.60000002
33.7928,B,pid.gyrox.Des,2.9882832
33.7928,B,pid.gyrox.FB,7.9042811
33.7928,B,pid.gyrox.U,-119.28899
33.7928,B,pid.gyroy.Des,-8.8391304
33.7928,B,pid.gyroy.FB,-1.9591156
33.7928,B,pid.gyroy.U,-57.173454
33.7928,B,pid.gyroz.Des,-2.7230835
33.7928,B,pid.gyroz.FB,-1.4953133
33.7928,B,pid.gyroz.U,-11.807517
33.7928,B,pid.locx.Des,-57.872074
33.7928,B,pid.locx.FB,-39.941978
33.7928,B,pid.locx.U,-16.49221
33.7928,B,pid.locxs.Des,-16.49221
33.7928,B,pid.locxs.FB,2.4143672
33.7928,B,pid.locxs.U,-56.733032
33.7928,B,pid.locy.Des,8.2495899
33.7928,B,pid.locy.FB,30.182663
33.7928,B,pid.locy.U,-19.473942
33.7928,B,pid.locys.Des,-19.473942
33.7928,B,pid.locys.FB,-3.3422792
33.7928,B,pid.locys.U,-48.296982
33.7928,B,pid.pitch.Des,-4.2856646
33.7928,B,pid.pitch.FB,-2.2302854
33.7928,B,pid.pitch.U,-8.8391304
33.7928,B,pid.roll.Des,0.71576387
33.7928,B,pid.roll.FB,-0.3147569
33.7928,B,pid.roll.U,2.9882832
33.7928,B,pid.yaw.Des,40
33.7928,B,pid.yaw.FB,40.120514
33.7928,B,pid.yaw.U,-2.7230835
33.7928,B,pid.z_pos.Des,0.62994766
33.7928,B,pid.z_pos.FB,0.62951326
33.7928,B,pid.z_pos.U,-0.10769943
33.7928,B,pid.z_rate.Des,-0.10769943
33.7928,B,pid.z_rate.FB,0.0025828106
33.7928,B,pid.z_rate.U,-57.051323
33.7928,B,status.vbat,0
34.0107,A,mrac.pitch.e,0.21298276
34.0107,A,mrac.pitch.u_ad,-0.034897897
34.0107,A,mrac.roll.e,0.15017831
34.0107,A,mrac.roll.u_ad,0.14525032
34.0107,A,mrac.yaw.e,-0.074439295
34.0107,A,mrac.yaw.u_ad,0.056303304
34.0107,A,mrac.z.e,0.08249481
34.0107,A,mrac.z.u_ad,-0.048861802
34.0107,A,status.arm,1
34.0107,A,status.flymode,1
34.0107,A,status.rc_authority,0
34.0107,A,status.sbus_lost,0
34.0107,A,status.twc_arrived,0
34.0107,A,status.twc_execute,0
34.0108,B,mrac.pitch.theta_0,2.4863104e-07
34.0108,B,mrac.pitch.theta_1,0.0050772247
34.0108,B,mrac.pitch.theta_2,0.0007201432
34.0108,B,mrac.pitch.theta_3,0.0063054389
34.0108,B,mrac.pitch.theta_4,0.13287547
34.0108,B,mrac.pitch.theta_5,0.14276361
34.0108,B,mrac.pitch.u_nom,0.05701457
34.0108,B,mrac.pitch.xm,-0.21122436
34.0108,B,mrac.roll.theta_0,0.14128776
34.0108,B,mrac.roll.theta_1,0.0017643158
34.0108,B,mrac.roll.theta_2,0.0061607524
34.0108,B,mrac.roll.theta_3,0.0058900295
34.0108,B,mrac.roll.theta_4,0.14427197
34.0108,B,mrac.roll.theta_5,0.14079168
34.0108,B,mrac.roll.u_nom,0.067913704
34.0108,B,mrac.roll.xm,0.046059929
34.0108,B,mrac.yaw.theta_0,0.048674967
34.0108,B,mrac.yaw.theta_1,0.0019832687
34.0108,B,mrac.yaw.theta_2,0.0034363796
34.0108,B,mrac.yaw.theta_3,0
34.0108,B,mrac.yaw.theta_4,0.040411241
34.0108,B,mrac.yaw.theta_5,0.085666962
34.0108,B,mrac.yaw.u_nom,0.0089417277
34.0108,B,mrac.yaw.xm,0.077638365
34.0108,B,mrac.z.theta_0,0.0072536115
34.0108,B,mrac.z.theta_1,0.0020280203
34.0108,B,mrac.z.theta_2,0.0057375515
34.0108,B,mrac.z.theta_3,0
34.0108,B,mrac.z.theta_4,0.19560337
34.0108,B,mrac.z.theta_5,0.18730186
34.0108,B,mrac.z.u_nom,-0.20738272
34.0108,B,mrac.z.xm,-0.083191171
34.0108,B,path.active_path_mode,0
34.0108,B,path.circle_theta,0
34.0108,B,path.sinusoid_t_elapsed,0
34.0108,B,path.twc_arrived,0
34.0108,B,path.twc_target_x,1.4901161e-06
34.0108,B,path.twc_target_y,0
34.0108,B,path.twc_target_z,0.60000002
34.0108,B,pid.gyrox.Des,2.6390383
34.0108,B,pid.gyrox.FB,-6.9003801
34.0108,B,pid.gyrox.U,79.45903
34.0108,B,pid.gyroy.Des,-12.10226
34.0108,B,pid.gyroy.FB,-5.7800479
34.0108,B,pid.gyroy.U,66.707047
34.0108,B,pid.gyroz.Des,4.448349
34.0108,B,pid.gyroz.FB,2.2530408
34.0108,B,pid.gyroz.U,16.738914
34.0108,B,pid.locx.Des,-57.872074
34.0108,B,pid.locx.FB,-41.253819
34.0108,B,pid.locx.U,-15.326077
34.0108,B,pid.locxs.Des,-15.326077
34.0108,B,pid.locxs.FB,-1.1704674
34.0108,B,pid.locxs.U,-42.506798
34.0108,B,pid.locy.Des,8.2495899
34.0108,B,pid.locy.FB,33.094006
34.0108,B,pid.locy.U,-22.083065
34.0108,B,pid.locys.Des,-22.083065
34.0108,B,pid.locys.FB,4.8610706
34.0108,B,pid.locys.U,-81.108665
34.0108,B,pid.pitch.Des,-5.2172165
34.0108,B,pid.pitch.FB,-1.251467
34.0108,B,pid.pitch.U,-12.10226
34.0108,B,pid.roll.Des,-1.1059386
34.0108,B,pid.roll.FB,-1.8812126
34.0108,B,pid.roll.U,2.6390383
34.0108,B,pid.yaw.Des,40
34.0108,B,pid.yaw.FB,39.591942
34.0108,B,pid.yaw.U,4.448349
34.0108,B,pid.z_pos.Des,0.62994766
34.0108,B,pid.z_pos.FB,0.6095258
34.0108,B,pid.z_pos.U,-0.083191171
34.0108,B,pid.z_rate.Des,-0.083191171
34.0108,B,pid.z_rate.FB,-0.00071875518
34.0108,B,pid.z_rate.U,-46.038963
34.0108,B,status.vbat,0
34.2123,A,mrac.pitch.e,0.19708726
34.2123,A,mrac.pitch.u_ad,-0.033982199
34.2123,A,mrac.roll.e,-0.1486752
34.2123,A,mrac.roll.u_ad,0.15337561
34.2123,A,mrac.yaw.e,-0.042826984
34.2123,A,mrac.yaw.u_ad,0.059917681
34.2123,A,mrac.z.e,0.2106756
34.2123,A,mrac.z.u_ad,-0.024607399
34.2123,A,status.arm,1
34.2123,A,status.flymode,1
34.2123,A,status.rc_authority,0
34.2123,A,status.sbus_lost,0
34.2123,A,status.twc_arrived,0
34.2123,A,status.twc_execute,0
34.2124,B,mrac.pitch.theta_0,1.1598132e-07
34.2124,B,mrac.pitch.theta_1,0.0050827526
34.2124,B,mrac.pitch.theta_2,0.00071969803
34.2124,B,mrac.pitch.theta_3,0.0063048359
34.2124,B,mrac.pitch.theta_4,0.13292369
34.2124,B,mrac.pitch.theta_5,0.14278769
34.2124,B,mrac.pitch.u_nom,-0.033914056
34.2124,B,mrac.pitch.xm,-0.19536537
34.2124,B,mrac.roll.theta_0,0.14038929
34.2124,B,mrac.roll.theta_1,0.0017366057
34.2124,B,mrac.roll.theta_2,0.0061628572
34.2124,B,mrac.roll.theta_3,0.0058897361
34.2124,B,mrac.roll.theta_4,0.14430343
34.2124,B,mrac.roll.theta_5,0.140764
34.2124,B,mrac.roll.u_nom,0.076113403
34.2124,B,mrac.roll.xm,0.03822365
34.2124,B,mrac.yaw.theta_0,0.052944049
34.2124,B,mrac.yaw.theta_1,0.0019822519
34.2124,B,mrac.yaw.theta_2,0.0034362529
34.2124,B,mrac.yaw.theta_3,0
34.2124,B,mrac.yaw.theta_4,0.040413376
34.2124,B,mrac.yaw.theta_5,0.085660659
34.2124,B,mrac.yaw.u_nom,0.030953294
34.2124,B,mrac.yaw.xm,0.066190235
34.2124,B,mrac.z.theta_0,0.0067586224
34.2124,B,mrac.z.theta_1,0.0020277337
34.2124,B,mrac.z.theta_2,0.0057365699
34.2124,B,mrac.z.theta_3,0
34.2124,B,mrac.z.theta_4,0.19556753
34.2124,B,mrac.z.theta_5,0.18727331
34.2124,B,mrac.z.u_nom,-0.20431753
34.2124,B,mrac.z.xm,-0.081447139
34.2124,B,path.active_path_mode,0
34.2124,B,path.circle_theta,0
34.2124,B,path.sinusoid_t_elapsed,0
34.2124,B,path.twc_arrived,0
34.2124,B,path.twc_target_x,1.4901161e-06
34.2124,B,path.twc_target_y,0
34.2124,B,path.twc_target_z,0.60000002
34.2124,B,pid.gyrox.Des,2.190053
34.2124,B,pid.gyrox.FB,-8.8438168
34.2124,B,pid.gyrox.U,89.052681
34.2124,B,pid.gyroy.Des,-11.193606
34.2124,B,pid.gyroy.FB,-2.909025
34.2124,B,pid.gyroy.U,-39.679447
34.2124,B,pid.gyroz.Des,3.7924194
34.2124,B,pid.gyroz.FB,-3.529227
34.2124,B,pid.gyroz.U,57.944565
34.2124,B,pid.locx.Des,-57.872074
34.2124,B,pid.locx.FB,-41.011467
34.2124,B,pid.locx.U,-15.520434
34.2124,B,pid.locxs.Des,-15.520434
34.2124,B,pid.locxs.FB,-1.7999746
34.2124,B,pid.locxs.U,-41.116463
34.2124,B,pid.locy.Des,8.2495899
34.2124,B,pid.locy.FB,33.997272
34.2124,B,pid.locy.U,-22.805624
34.2124,B,pid.locys.Des,-22.805624
34.2124,B,pid.locys.FB,4.0939093
34.2124,B,pid.locys.U,-81.054024
34.2124,B,pid.pitch.Des,-5.1614308
34.2124,B,pid.pitch.FB,-1.4028734
34.2124,B,pid.pitch.U,-11.193606
34.2124,B,pid.roll.Des,-1.1762656
34.2124,B,pid.roll.FB,-1.8161114
34.2124,B,pid.roll.U,2.190053
34.2124,B,pid.yaw.Des,40
34.2124,B,pid.yaw.FB,39.701263
34.2124,B,pid.yaw.U,3.7924194
34.2124,B,pid.z_pos.Des,0.62994766
34.2124,B,pid.z_pos.FB,0.6095109
34.2124,B,pid.z_pos.U,-0.081447139
34.2124,B,pid.z_rate.Des,-0.081447139
34.2124,B,pid.z_rate.FB,-0.00067591929
34.2124,B,pid.z_rate.U,-45.35849
34.2124,B,status.vbat,0
34.4245,A,mrac.pitch.e,0.12221328
34.4245,A,mrac.pitch.u_ad,-0.032706544
34.4245,A,mrac.roll.e,0.057402223
34.4245,A,mrac.roll.u_ad,0.14565845
34.4245,A,mrac.yaw.e,-0.013296463
34.4245,A,mrac.yaw.u_ad,0.061966926
34.4245,A,mrac.z.e,0.11330157
34.4245,A,mrac.z.u_ad,-0.055662449
34.4245,A,status.arm,1
34.4245,A,status.flymode,1
34.4245,A,status.rc_authority,0
34.4245,A,status.sbus_lost,0
34.4245,A,status.twc_arrived,0
34.4245,A,status.twc_execute,0
34.4249,B,mrac.pitch.theta_0,8.5011351e-08
34.4249,B,mrac.pitch.theta_1,0.0050992076
34.4249,B,mrac.pitch.theta_2,0.00071952195
34.4249,B,mrac.pitch.theta_3,0.0063047362
34.4249,B,mrac.pitch.theta_4,0.13294415
34.4249,B,mrac.pitch.theta_5,0.14279614
34.4249,B,mrac.pitch.u_nom,0.036335133
34.4249,B,mrac.pitch.xm,-0.19936968
34.4249,B,mrac.roll.theta_0,0.14029449
34.4249,B,mrac.roll.theta_1,0.0017189997
34.4249,B,mrac.roll.theta_2,0.006164182
34.4249,B,mrac.roll.theta_3,0.0058896244
34.4249,B,mrac.roll.theta_4,0.14432722
34.4249,B,mrac.roll.theta_5,0.14075215
34.4249,B,mrac.roll.u_nom,-0.11740185
34.4249,B,mrac.roll.xm,0.048515081
34.4249,B,mrac.yaw.theta_0,0.054750171
34.4249,B,mrac.yaw.theta_1,0.0019802393
34.4249,B,mrac.yaw.theta_2,0.0034363375
34.4249,B,mrac.yaw.theta_3,0
34.4249,B,mrac.yaw.theta_4,0.040415484
34.4249,B,mrac.yaw.theta_5,0.085658655
34.4249,B,mrac.yaw.u_nom,0.021299247
34.4249,B,mrac.yaw.xm,0.064436942
34.4249,B,mrac.z.theta_0,0.0087614562
34.4249,B,mrac.z.theta_1,0.0020086847
34.4249,B,mrac.z.theta_2,0.0057382863
34.4249,B,mrac.z.theta_3,0
34.4249,B,mrac.z.theta_4,0.19556531
34.4249,B,mrac.z.theta_5,0.1872471
34.4249,B,mrac.z.u_nom,-0.37376201
34.4249,B,mrac.z.xm,-0.080327235
34.4249,B,path.active_path_mode,0
34.4249,B,path.circle_theta,0
34.4249,B,path.sinusoid_t_elapsed,0
34.4249,B,path.twc_arrived,0
34.4249,B,path.twc_target_x,1.4901161e-06
34.4249,B,path.twc_target_y,0
34.4249,B,path.twc_target_z,0.60000002
34.4249,B,pid.gyrox.Des,2.7797081
34.4249,B,pid.gyrox.FB,11.333542
34.4249,B,pid.gyrox.U,-137.36017
34.4249,B,pid.gyroy.Des,-11.423037
34.4249,B,pid.gyroy.FB,-4.2918701
34.4249,B,pid.gyroy.U,42.512104
34.4249,B,pid.gyroz.Des,3.6919632
34.4249,B,pid.gyroz.FB,-1.3603753
34.4249,B,pid.gyroz.U,39.872189
34.4249,B,pid.locx.Des,-57.872074
34.4249,B,pid.locx.FB,-40.948223
34.4249,B,pid.locx.U,-15.575706
34.4249,B,pid.locxs.Des,-15.575706
34.4249,B,pid.locxs.FB,-1.0295788
34.4249,B,pid.locxs.U,-43.789131
34.4249,B,pid.locy.Des,8.2495899
34.4249,B,pid.locy.FB,34.386627
34.4249,B,pid.locy.U,-23.066404
34.4249,B,pid.locys.Des,-23.066404
34.4249,B,pid.locys.FB,3.4554257
34.4249,B,pid.locys.U,-79.700531
34.4249,B,pid.pitch.Des,-5.1993241
34.4249,B,pid.pitch.FB,-1.4490114
34.4249,B,pid.pitch.U,-11.423037
34.4249,B,pid.roll.Des,-1.0072269
34.4249,B,pid.roll.FB,-1.9454992
34.4249,B,pid.roll.U,2.7797081
34.4249,B,pid.yaw.Des,40
34.4249,B,pid.yaw.FB,39.718006
34.4249,B,pid.yaw.U,3.6919632
34.4249,B,pid.z_pos.Des,0.62994766
34.4249,B,pid.z_pos.FB,0.60945344
34.4249,B,pid.z_pos.U,-0.080327235
34.4249,B,pid.z_rate.Des,-0.080327235
34.4249,B,pid.z_rate.FB,0.094858825
34.4249,B,pid.z_rate.U,-82.975166
34.4249,B,status.vbat,0
34.6252,A,mrac.pitch.e,0.12221328
34.6252,A,mrac.pitch.u_ad,-0.032706544
34.6252,A,mrac.roll.e,0.057402223
34.6252,A,mrac.roll.u_ad,0.14565845
34.6252,A,mrac.yaw.e,-0.013296463
34.6252,A,mrac.yaw.u_ad,0.061966926
34.6252,A,mrac.z.e,0.11330157
34.6252,A,mrac.z.u_ad,-0.055662449
34.6252,A,status.arm,1
34.6252,A,status.flymode,1
34.6252,A,status.rc_authority,0
34.6252,A,status.sbus_lost,0
34.6252,A,status.twc_arrived,0
34.6252,A,status.twc_execute,0
34.6253,B,mrac.pitch.theta_0,8.5011351e-08
34.6253,B,mrac.pitch.theta_1,0.0050992076
34.6253,B,mrac.pitch.theta_2,0.00071952195
34.6253,B,mrac.pitch.theta_3,0.0063047362
34.6253,B,mrac.pitch.theta_4,0.13294415
34.6253,B,mrac.pitch.theta_5,0.14279614
34.6253,B,mrac.pitch.u_nom,0.036335133
34.6253,B,mrac.pitch.xm,-0.19936968
34.6253,B,mrac.roll.theta_0,0.14029449
34.6253,B,mrac.roll.theta_1,0.0017189997
34.6253,B,mrac.roll.theta_2,0.006164182
34.6253,B,mrac.roll.theta_3,0.0058896244
34.6253,B,mrac.roll.theta_4,0.14432722
34.6253,B,mrac.roll.theta_5,0.14075215
34.6253,B,mrac.roll.u_nom,-0.11740185
34.6253,B,mrac.roll.xm,0.048515081
34.6253,B,mrac.yaw.theta_0,0.054750171
34.6253,B,mrac.yaw.theta_1,0.0019802393
34.6253,B,mrac.yaw.theta_2,0.0034363375
34.6253,B,mrac.yaw.theta_3,0
34.6253,B,mrac.yaw.theta_4,0.040415484
34.6253,B,mrac.yaw.theta_5,0.085658655
34.6253,B,mrac.yaw.u_nom,0.021299247
34.6253,B,mrac.yaw.xm,0.064436942
34.6253,B,mrac.z.theta_0,0.0087614562
34.6253,B,mrac.z.theta_1,0.0020086847
34.6253,B,mrac.z.theta_2,0.0057382863
34.6253,B,mrac.z.theta_3,0
34.6253,B,mrac.z.theta_4,0.19556531
34.6253,B,mrac.z.theta_5,0.1872471
34.6253,B,mrac.z.u_nom,-0.37376201
34.6253,B,mrac.z.xm,-0.080327235
34.6253,B,path.active_path_mode,0
34.6253,B,path.circle_theta,0
34.6253,B,path.sinusoid_t_elapsed,0
34.6253,B,path.twc_arrived,0
34.6253,B,path.twc_target_x,1.4901161e-06
34.6253,B,path.twc_target_y,0
34.6253,B,path.twc_target_z,0.60000002
34.6253,B,pid.gyrox.Des,2.7797081
34.6253,B,pid.gyrox.FB,11.333542
34.6253,B,pid.gyrox.U,-137.36017
34.6253,B,pid.gyroy.Des,-11.423037
34.6253,B,pid.gyroy.FB,-4.2918701
34.6253,B,pid.gyroy.U,42.512104
34.6253,B,pid.gyroz.Des,3.6919632
34.6253,B,pid.gyroz.FB,-1.3603753
34.6253,B,pid.gyroz.U,39.872189
34.6253,B,pid.locx.Des,-57.872074
34.6253,B,pid.locx.FB,-40.948223
34.6253,B,pid.locx.U,-15.575706
34.6253,B,pid.locxs.Des,-15.575706
34.6253,B,pid.locxs.FB,-1.0295788
34.6253,B,pid.locxs.U,-43.789131
34.6253,B,pid.locy.Des,8.2495899
34.6253,B,pid.locy.FB,34.386627
34.6253,B,pid.locy.U,-23.066404
34.6253,B,pid.locys.Des,-23.066404
34.6253,B,pid.locys.FB,3.4554257
34.6253,B,pid.locys.U,-79.700531
34.6253,B,pid.pitch.Des,-5.1993241
34.6253,B,pid.pitch.FB,-1.4490114
34.6253,B,pid.pitch.U,-11.423037
34.6253,B,pid.roll.Des,-1.0072269
34.6253,B,pid.roll.FB,-1.9454992
34.6253,B,pid.roll.U,2.7797081
34.6253,B,pid.yaw.Des,40
34.6253,B,pid.yaw.FB,39.718006
34.6253,B,pid.yaw.U,3.6919632
34.6253,B,pid.z_pos.Des,0.62994766
34.6253,B,pid.z_pos.FB,0.60945344
34.6253,B,pid.z_pos.U,-0.080327235
34.6253,B,pid.z_rate.Des,-0.080327235
34.6253,B,pid.z_rate.FB,0.094858825
34.6253,B,pid.z_rate.U,-82.975166
34.6253,B,status.vbat,0
34.8262,A,mrac.pitch.e,0.12221328
34.8262,A,mrac.pitch.u_ad,-0.032706544
34.8262,A,mrac.roll.e,0.057402223
34.8262,A,mrac.roll.u_ad,0.14565845
34.8262,A,mrac.yaw.e,-0.013296463
34.8262,A,mrac.yaw.u_ad,0.061966926
34.8262,A,mrac.z.e,0.11330157
34.8262,A,mrac.z.u_ad,-0.055662449
34.8262,A,status.arm,1
34.8262,A,status.flymode,1
34.8262,A,status.rc_authority,0
34.8262,A,status.sbus_lost,0
34.8262,A,status.twc_arrived,0
34.8262,A,status.twc_execute,0
34.8263,B,mrac.pitch.theta_0,8.5011351e-08
34.8263,B,mrac.pitch.theta_1,0.0050992076
34.8263,B,mrac.pitch.theta_2,0.00071952195
34.8263,B,mrac.pitch.theta_3,0.0063047362
34.8263,B,mrac.pitch.theta_4,0.13294415
34.8263,B,mrac.pitch.theta_5,0.14279614
34.8263,B,mrac.pitch.u_nom,0.036335133
34.8263,B,mrac.pitch.xm,-0.19936968
34.8263,B,mrac.roll.theta_0,0.14029449
34.8263,B,mrac.roll.theta_1,0.0017189997
34.8263,B,mrac.roll.theta_2,0.006164182
34.8263,B,mrac.roll.theta_3,0.0058896244
34.8263,B,mrac.roll.theta_4,0.14432722
34.8263,B,mrac.roll.theta_5,0.14075215
34.8263,B,mrac.roll.u_nom,-0.11740185
34.8263,B,mrac.roll.xm,0.048515081
34.8263,B,mrac.yaw.theta_0,0.054750171
34.8263,B,mrac.yaw.theta_1,0.0019802393
34.8263,B,mrac.yaw.theta_2,0.0034363375
34.8263,B,mrac.yaw.theta_3,0
34.8263,B,mrac.yaw.theta_4,0.040415484
34.8263,B,mrac.yaw.theta_5,0.085658655
34.8263,B,mrac.yaw.u_nom,0.021299247
34.8263,B,mrac.yaw.xm,0.064436942
34.8263,B,mrac.z.theta_0,0.0087614562
34.8263,B,mrac.z.theta_1,0.0020086847
34.8263,B,mrac.z.theta_2,0.0057382863
34.8263,B,mrac.z.theta_3,0
34.8263,B,mrac.z.theta_4,0.19556531
34.8263,B,mrac.z.theta_5,0.1872471
34.8263,B,mrac.z.u_nom,-0.37376201
34.8263,B,mrac.z.xm,-0.080327235
34.8263,B,path.active_path_mode,0
34.8263,B,path.circle_theta,0
34.8263,B,path.sinusoid_t_elapsed,0
34.8263,B,path.twc_arrived,0
34.8263,B,path.twc_target_x,1.4901161e-06
34.8263,B,path.twc_target_y,0
34.8263,B,path.twc_target_z,0.60000002
34.8263,B,pid.gyrox.Des,2.7797081
34.8263,B,pid.gyrox.FB,11.333542
34.8263,B,pid.gyrox.U,-137.36017
34.8263,B,pid.gyroy.Des,-11.423037
34.8263,B,pid.gyroy.FB,-4.2918701
34.8263,B,pid.gyroy.U,42.512104
34.8263,B,pid.gyroz.Des,3.6919632
34.8263,B,pid.gyroz.FB,-1.3603753
34.8263,B,pid.gyroz.U,39.872189
34.8263,B,pid.locx.Des,-57.872074
34.8263,B,pid.locx.FB,-40.948223
34.8263,B,pid.locx.U,-15.575706
34.8263,B,pid.locxs.Des,-15.575706
34.8263,B,pid.locxs.FB,-1.0295788
34.8263,B,pid.locxs.U,-43.789131
34.8263,B,pid.locy.Des,8.2495899
34.8263,B,pid.locy.FB,34.386627
34.8263,B,pid.locy.U,-23.066404
34.8263,B,pid.locys.Des,-23.066404
34.8263,B,pid.locys.FB,3.4554257
34.8263,B,pid.locys.U,-79.700531
34.8263,B,pid.pitch.Des,-5.1993241
34.8263,B,pid.pitch.FB,-1.4490114
34.8263,B,pid.pitch.U,-11.423037
34.8263,B,pid.roll.Des,-1.0072269
34.8263,B,pid.roll.FB,-1.9454992
34.8263,B,pid.roll.U,2.7797081
34.8263,B,pid.yaw.Des,40
34.8263,B,pid.yaw.FB,39.718006
34.8263,B,pid.yaw.U,3.6919632
34.8263,B,pid.z_pos.Des,0.62994766
34.8263,B,pid.z_pos.FB,0.60945344
34.8263,B,pid.z_pos.U,-0.080327235
34.8263,B,pid.z_rate.Des,-0.080327235
34.8263,B,pid.z_rate.FB,0.094858825
34.8263,B,pid.z_rate.U,-82.975166
34.8263,B,status.vbat,0
35.0432,A,mrac.pitch.e,0.12221328
35.0432,A,mrac.pitch.u_ad,-0.032706544
35.0432,A,mrac.roll.e,0.057402223
35.0432,A,mrac.roll.u_ad,0.14565845
35.0432,A,mrac.yaw.e,-0.013296463
35.0432,A,mrac.yaw.u_ad,0.061966926
35.0432,A,mrac.z.e,0.11330157
35.0432,A,mrac.z.u_ad,-0.055662449
35.0432,A,status.arm,1
35.0432,A,status.flymode,1
35.0432,A,status.rc_authority,0
35.0432,A,status.sbus_lost,0
35.0432,A,status.twc_arrived,0
35.0432,A,status.twc_execute,0
35.0433,B,mrac.pitch.theta_0,8.5011351e-08
35.0433,B,mrac.pitch.theta_1,0.0050992076
35.0433,B,mrac.pitch.theta_2,0.00071952195
35.0433,B,mrac.pitch.theta_3,0.0063047362
35.0433,B,mrac.pitch.theta_4,0.13294415
35.0433,B,mrac.pitch.theta_5,0.14279614
35.0433,B,mrac.pitch.u_nom,0.036335133
35.0433,B,mrac.pitch.xm,-0.19936968
35.0433,B,mrac.roll.theta_0,0.14029449
35.0433,B,mrac.roll.theta_1,0.0017189997
35.0433,B,mrac.roll.theta_2,0.006164182
35.0433,B,mrac.roll.theta_3,0.0058896244
35.0433,B,mrac.roll.theta_4,0.14432722
35.0433,B,mrac.roll.theta_5,0.14075215
35.0433,B,mrac.roll.u_nom,-0.11740185
35.0433,B,mrac.roll.xm,0.048515081
35.0433,B,mrac.yaw.theta_0,0.054750171
35.0433,B,mrac.yaw.theta_1,0.0019802393
35.0433,B,mrac.yaw.theta_2,0.0034363375
35.0433,B,mrac.yaw.theta_3,0
35.0433,B,mrac.yaw.theta_4,0.040415484
35.0433,B,mrac.yaw.theta_5,0.085658655
35.0433,B,mrac.yaw.u_nom,0.021299247
35.0433,B,mrac.yaw.xm,0.064436942
35.0433,B,mrac.z.theta_0,0.0087614562
35.0433,B,mrac.z.theta_1,0.0020086847
35.0433,B,mrac.z.theta_2,0.0057382863
35.0433,B,mrac.z.theta_3,0
35.0433,B,mrac.z.theta_4,0.19556531
35.0433,B,mrac.z.theta_5,0.1872471
35.0433,B,mrac.z.u_nom,-0.37376201
35.0433,B,mrac.z.xm,-0.080327235
35.0433,B,path.active_path_mode,0
35.0433,B,path.circle_theta,0
35.0433,B,path.sinusoid_t_elapsed,0
35.0433,B,path.twc_arrived,0
35.0433,B,path.twc_target_x,1.4901161e-06
35.0433,B,path.twc_target_y,0
35.0433,B,path.twc_target_z,0.60000002
35.0433,B,pid.gyrox.Des,2.7797081
35.0433,B,pid.gyrox.FB,11.333542
35.0433,B,pid.gyrox.U,-137.36017
35.0433,B,pid.gyroy.Des,-11.423037
35.0433,B,pid.gyroy.FB,-4.2918701
35.0433,B,pid.gyroy.U,42.512104
35.0433,B,pid.gyroz.Des,3.6919632
35.0433,B,pid.gyroz.FB,-1.3603753
35.0433,B,pid.gyroz.U,39.872189
35.0433,B,pid.locx.Des,-57.872074
35.0433,B,pid.locx.FB,-40.948223
35.0433,B,pid.locx.U,-15.575706
35.0433,B,pid.locxs.Des,-15.575706
35.0433,B,pid.locxs.FB,-1.0295788
35.0433,B,pid.locxs.U,-43.789131
35.0433,B,pid.locy.Des,8.2495899
35.0433,B,pid.locy.FB,34.386627
35.0433,B,pid.locy.U,-23.066404
35.0433,B,pid.locys.Des,-23.066404
35.0433,B,pid.locys.FB,3.4554257
35.0433,B,pid.locys.U,-79.700531
35.0433,B,pid.pitch.Des,-5.1993241
35.0433,B,pid.pitch.FB,-1.4490114
35.0433,B,pid.pitch.U,-11.423037
35.0433,B,pid.roll.Des,-1.0072269
35.0433,B,pid.roll.FB,-1.9454992
35.0433,B,pid.roll.U,2.7797081
35.0433,B,pid.yaw.Des,40
35.0433,B,pid.yaw.FB,39.718006
35.0433,B,pid.yaw.U,3.6919632
35.0433,B,pid.z_pos.Des,0.62994766
35.0433,B,pid.z_pos.FB,0.60945344
35.0433,B,pid.z_pos.U,-0.080327235
35.0433,B,pid.z_rate.Des,-0.080327235
35.0433,B,pid.z_rate.FB,0.094858825
35.0433,B,pid.z_rate.U,-82.975166
35.0433,B,status.vbat,0
35.2594,A,mrac.pitch.e,0.12221328
35.2594,A,mrac.pitch.u_ad,-0.032706544
35.2594,A,mrac.roll.e,0.057402223
35.2594,A,mrac.roll.u_ad,0.14565845
35.2594,A,mrac.yaw.e,-0.013296463
35.2594,A,mrac.yaw.u_ad,0.061966926
35.2594,A,mrac.z.e,0.11330157
35.2594,A,mrac.z.u_ad,-0.055662449
35.2594,A,status.arm,1
35.2594,A,status.flymode,1
35.2594,A,status.rc_authority,0
35.2594,A,status.sbus_lost,0
35.2594,A,status.twc_arrived,0
35.2594,A,status.twc_execute,0
35.2595,B,mrac.pitch.theta_0,8.5011351e-08
35.2595,B,mrac.pitch.theta_1,0.0050992076
35.2595,B,mrac.pitch.theta_2,0.00071952195
35.2595,B,mrac.pitch.theta_3,0.0063047362
35.2595,B,mrac.pitch.theta_4,0.13294415
35.2595,B,mrac.pitch.theta_5,0.14279614
35.2595,B,mrac.pitch.u_nom,0.036335133
35.2595,B,mrac.pitch.xm,-0.19936968
35.2595,B,mrac.roll.theta_0,0.14029449
35.2595,B,mrac.roll.theta_1,0.0017189997
35.2595,B,mrac.roll.theta_2,0.006164182
35.2595,B,mrac.roll.theta_3,0.0058896244
35.2595,B,mrac.roll.theta_4,0.14432722
35.2595,B,mrac.roll.theta_5,0.14075215
35.2595,B,mrac.roll.u_nom,-0.11740185
35.2595,B,mrac.roll.xm,0.048515081
35.2595,B,mrac.yaw.theta_0,0.054750171
35.2595,B,mrac.yaw.theta_1,0.0019802393
35.2595,B,mrac.yaw.theta_2,0.0034363375
35.2595,B,mrac.yaw.theta_3,0
35.2595,B,mrac.yaw.theta_4,0.040415484
35.2595,B,mrac.yaw.theta_5,0.085658655
35.2595,B,mrac.yaw.u_nom,0.021299247
35.2595,B,mrac.yaw.xm,0.064436942
35.2595,B,mrac.z.theta_0,0.0087614562
35.2595,B,mrac.z.theta_1,0.0020086847
35.2595,B,mrac.z.theta_2,0.0057382863
35.2595,B,mrac.z.theta_3,0
35.2595,B,mrac.z.theta_4,0.19556531
35.2595,B,mrac.z.theta_5,0.1872471
35.2595,B,mrac.z.u_nom,-0.37376201
35.2595,B,mrac.z.xm,-0.080327235
35.2595,B,path.active_path_mode,0
35.2595,B,path.circle_theta,0
35.2595,B,path.sinusoid_t_elapsed,0
35.2595,B,path.twc_arrived,0
35.2595,B,path.twc_target_x,1.4901161e-06
35.2595,B,path.twc_target_y,0
35.2595,B,path.twc_target_z,0.60000002
35.2595,B,pid.gyrox.Des,2.7797081
35.2595,B,pid.gyrox.FB,11.333542
35.2595,B,pid.gyrox.U,-137.36017
35.2595,B,pid.gyroy.Des,-11.423037
35.2595,B,pid.gyroy.FB,-4.2918701
35.2595,B,pid.gyroy.U,42.512104
35.2595,B,pid.gyroz.Des,3.6919632
35.2595,B,pid.gyroz.FB,-1.3603753
35.2595,B,pid.gyroz.U,39.872189
35.2595,B,pid.locx.Des,-57.872074
35.2595,B,pid.locx.FB,-40.948223
35.2595,B,pid.locx.U,-15.575706
35.2595,B,pid.locxs.Des,-15.575706
35.2595,B,pid.locxs.FB,-1.0295788
35.2595,B,pid.locxs.U,-43.789131
35.2595,B,pid.locy.Des,8.2495899
35.2595,B,pid.locy.FB,34.386627
35.2595,B,pid.locy.U,-23.066404
35.2595,B,pid.locys.Des,-23.066404
35.2595,B,pid.locys.FB,3.4554257
35.2595,B,pid.locys.U,-79.700531
35.2595,B,pid.pitch.Des,-5.1993241
35.2595,B,pid.pitch.FB,-1.4490114
35.2595,B,pid.pitch.U,-11.423037
35.2595,B,pid.roll.Des,-1.0072269
35.2595,B,pid.roll.FB,-1.9454992
35.2595,B,pid.roll.U,2.7797081
35.2595,B,pid.yaw.Des,40
35.2595,B,pid.yaw.FB,39.718006
35.2595,B,pid.yaw.U,3.6919632
35.2595,B,pid.z_pos.Des,0.62994766
35.2595,B,pid.z_pos.FB,0.60945344
35.2595,B,pid.z_pos.U,-0.080327235
35.2595,B,pid.z_rate.Des,-0.080327235
35.2595,B,pid.z_rate.FB,0.094858825
35.2595,B,pid.z_rate.U,-82.975166
35.2595,B,status.vbat,0
35.4599,A,mrac.pitch.e,0.12221328
35.4599,A,mrac.pitch.u_ad,-0.032706544
35.4599,A,mrac.roll.e,0.057402223
35.4599,A,mrac.roll.u_ad,0.14565845
35.4599,A,mrac.yaw.e,-0.013296463
35.4599,A,mrac.yaw.u_ad,0.061966926
35.4599,A,mrac.z.e,0.11330157
35.4599,A,mrac.z.u_ad,-0.055662449
35.4599,A,status.arm,1
35.4599,A,status.flymode,1
35.4599,A,status.rc_authority,0
35.4599,A,status.sbus_lost,0
35.4599,A,status.twc_arrived,0
35.4599,A,status.twc_execute,0
35.4601,B,mrac.pitch.theta_0,8.5011351e-08
35.4601,B,mrac.pitch.theta_1,0.0050992076
35.4601,B,mrac.pitch.theta_2,0.00071952195
35.4601,B,mrac.pitch.theta_3,0.0063047362
35.4601,B,mrac.pitch.theta_4,0.13294415
35.4601,B,mrac.pitch.theta_5,0.14279614
35.4601,B,mrac.pitch.u_nom,0.036335133
35.4601,B,mrac.pitch.xm,-0.19936968
35.4601,B,mrac.roll.theta_0,0.14029449
35.4601,B,mrac.roll.theta_1,0.0017189997
35.4601,B,mrac.roll.theta_2,0.006164182
35.4601,B,mrac.roll.theta_3,0.0058896244
35.4601,B,mrac.roll.theta_4,0.14432722
35.4601,B,mrac.roll.theta_5,0.14075215
35.4601,B,mrac.roll.u_nom,-0.11740185
35.4601,B,mrac.roll.xm,0.048515081
35.4601,B,mrac.yaw.theta_0,0.054750171
35.4601,B,mrac.yaw.theta_1,0.0019802393
35.4601,B,mrac.yaw.theta_2,0.0034363375
35.4601,B,mrac.yaw.theta_3,0
35.4601,B,mrac.yaw.theta_4,0.040415484
35.4601,B,mrac.yaw.theta_5,0.085658655
35.4601,B,mrac.yaw.u_nom,0.021299247
35.4601,B,mrac.yaw.xm,0.064436942
35.4601,B,mrac.z.theta_0,0.0087614562
35.4601,B,mrac.z.theta_1,0.0020086847
35.4601,B,mrac.z.theta_2,0.0057382863
35.4601,B,mrac.z.theta_3,0
35.4601,B,mrac.z.theta_4,0.19556531
35.4601,B,mrac.z.theta_5,0.1872471
35.4601,B,mrac.z.u_nom,-0.37376201
35.4601,B,mrac.z.xm,-0.080327235
35.4601,B,path.active_path_mode,0
35.4601,B,path.circle_theta,0
35.4601,B,path.sinusoid_t_elapsed,0
35.4601,B,path.twc_arrived,0
35.4601,B,path.twc_target_x,1.4901161e-06
35.4601,B,path.twc_target_y,0
35.4601,B,path.twc_target_z,0.60000002
35.4601,B,pid.gyrox.Des,2.7797081
35.4601,B,pid.gyrox.FB,11.333542
35.4601,B,pid.gyrox.U,-137.36017
35.4601,B,pid.gyroy.Des,-11.423037
35.4601,B,pid.gyroy.FB,-4.2918701
35.4601,B,pid.gyroy.U,42.512104
35.4601,B,pid.gyroz.Des,3.6919632
35.4601,B,pid.gyroz.FB,-1.3603753
35.4601,B,pid.gyroz.U,39.872189
35.4601,B,pid.locx.Des,-57.872074
35.4601,B,pid.locx.FB,-40.948223
35.4601,B,pid.locx.U,-15.575706
35.4601,B,pid.locxs.Des,-15.575706
35.4601,B,pid.locxs.FB,-1.0295788
35.4601,B,pid.locxs.U,-43.789131
35.4601,B,pid.locy.Des,8.2495899
35.4601,B,pid.locy.FB,34.386627
35.4601,B,pid.locy.U,-23.066404
35.4601,B,pid.locys.Des,-23.066404
35.4601,B,pid.locys.FB,3.4554257
35.4601,B,pid.locys.U,-79.700531
35.4601,B,pid.pitch.Des,-5.1993241
35.4601,B,pid.pitch.FB,-1.4490114
35.4601,B,pid.pitch.U,-11.423037
35.4601,B,pid.roll.Des,-1.0072269
35.4601,B,pid.roll.FB,-1.9454992
35.4601,B,pid.roll.U,2.7797081
35.4601,B,pid.yaw.Des,40
35.4601,B,pid.yaw.FB,39.718006
35.4601,B,pid.yaw.U,3.6919632
35.4601,B,pid.z_pos.Des,0.62994766
35.4601,B,pid.z_pos.FB,0.60945344
35.4601,B,pid.z_pos.U,-0.080327235
35.4601,B,pid.z_rate.Des,-0.080327235
35.4601,B,pid.z_rate.FB,0.094858825
35.4601,B,pid.z_rate.U,-82.975166
35.4601,B,status.vbat,0
35.6605,A,mrac.pitch.e,0.12221328
35.6605,A,mrac.pitch.u_ad,-0.032706544
35.6605,A,mrac.roll.e,0.057402223
35.6605,A,mrac.roll.u_ad,0.14565845
35.6605,A,mrac.yaw.e,-0.013296463
35.6605,A,mrac.yaw.u_ad,0.061966926
35.6605,A,mrac.z.e,0.11330157
35.6605,A,mrac.z.u_ad,-0.055662449
35.6605,A,status.arm,1
35.6605,A,status.flymode,1
35.6605,A,status.rc_authority,0
35.6605,A,status.sbus_lost,0
35.6605,A,status.twc_arrived,0
35.6605,A,status.twc_execute,0
35.6605,B,mrac.pitch.theta_0,8.5011351e-08
35.6605,B,mrac.pitch.theta_1,0.0050992076
35.6605,B,mrac.pitch.theta_2,0.00071952195
35.6605,B,mrac.pitch.theta_3,0.0063047362
35.6605,B,mrac.pitch.theta_4,0.13294415
35.6605,B,mrac.pitch.theta_5,0.14279614
35.6605,B,mrac.pitch.u_nom,0.036335133
35.6605,B,mrac.pitch.xm,-0.19936968
35.6605,B,mrac.roll.theta_0,0.14029449
35.6605,B,mrac.roll.theta_1,0.0017189997
35.6605,B,mrac.roll.theta_2,0.006164182
35.6605,B,mrac.roll.theta_3,0.0058896244
35.6605,B,mrac.roll.theta_4,0.14432722
35.6605,B,mrac.roll.theta_5,0.14075215
35.6605,B,mrac.roll.u_nom,-0.11740185
35.6605,B,mrac.roll.xm,0.048515081
35.6605,B,mrac.yaw.theta_0,0.054750171
35.6605,B,mrac.yaw.theta_1,0.0019802393
35.6605,B,mrac.yaw.theta_2,0.0034363375
35.6605,B,mrac.yaw.theta_3,0
35.6605,B,mrac.yaw.theta_4,0.040415484
35.6605,B,mrac.yaw.theta_5,0.085658655
35.6605,B,mrac.yaw.u_nom,0.021299247
35.6605,B,mrac.yaw.xm,0.064436942
35.6605,B,mrac.z.theta_0,0.0087614562
35.6605,B,mrac.z.theta_1,0.0020086847
35.6605,B,mrac.z.theta_2,0.0057382863
35.6605,B,mrac.z.theta_3,0
35.6605,B,mrac.z.theta_4,0.19556531
35.6605,B,mrac.z.theta_5,0.1872471
35.6605,B,mrac.z.u_nom,-0.37376201
35.6605,B,mrac.z.xm,-0.080327235
35.6605,B,path.active_path_mode,0
35.6605,B,path.circle_theta,0
35.6605,B,path.sinusoid_t_elapsed,0
35.6605,B,path.twc_arrived,0
35.6605,B,path.twc_target_x,1.4901161e-06
35.6605,B,path.twc_target_y,0
35.6605,B,path.twc_target_z,0.60000002
35.6605,B,pid.gyrox.Des,2.7797081
35.6605,B,pid.gyrox.FB,11.333542
35.6605,B,pid.gyrox.U,-137.36017
35.6605,B,pid.gyroy.Des,-11.423037
35.6605,B,pid.gyroy.FB,-4.2918701
35.6605,B,pid.gyroy.U,42.512104
35.6605,B,pid.gyroz.Des,3.6919632
35.6605,B,pid.gyroz.FB,-1.3603753
35.6605,B,pid.gyroz.U,39.872189
35.6605,B,pid.locx.Des,-57.872074
35.6605,B,pid.locx.FB,-40.948223
35.6605,B,pid.locx.U,-15.575706
35.6605,B,pid.locxs.Des,-15.575706
35.6605,B,pid.locxs.FB,-1.0295788
35.6605,B,pid.locxs.U,-43.789131
35.6605,B,pid.locy.Des,8.2495899
35.6605,B,pid.locy.FB,34.386627
35.6605,B,pid.locy.U,-23.066404
35.6605,B,pid.locys.Des,-23.066404
35.6605,B,pid.locys.FB,3.4554257
35.6605,B,pid.locys.U,-79.700531
35.6605,B,pid.pitch.Des,-5.1993241
35.6605,B,pid.pitch.FB,-1.4490114
35.6605,B,pid.pitch.U,-11.423037
35.6605,B,pid.roll.Des,-1.0072269
35.6605,B,pid.roll.FB,-1.9454992
35.6605,B,pid.roll.U,2.7797081
35.6605,B,pid.yaw.Des,40
35.6605,B,pid.yaw.FB,39.718006
35.6605,B,pid.yaw.U,3.6919632
35.6605,B,pid.z_pos.Des,0.62994766
35.6605,B,pid.z_pos.FB,0.60945344
35.6605,B,pid.z_pos.U,-0.080327235
35.6605,B,pid.z_rate.Des,-0.080327235
35.6605,B,pid.z_rate.FB,0.094858825
35.6605,B,pid.z_rate.U,-82.975166
35.6605,B,status.vbat,0
35.8599,A,mrac.pitch.e,0.12221328
35.8599,A,mrac.pitch.u_ad,-0.032706544
35.8599,A,mrac.roll.e,0.057402223
35.8599,A,mrac.roll.u_ad,0.14565845
35.8599,A,mrac.yaw.e,-0.013296463
35.8599,A,mrac.yaw.u_ad,0.061966926
35.8599,A,mrac.z.e,0.11330157
35.8599,A,mrac.z.u_ad,-0.055662449
35.8599,A,status.arm,1
35.8599,A,status.flymode,1
35.8599,A,status.rc_authority,0
35.8599,A,status.sbus_lost,0
35.8599,A,status.twc_arrived,0
35.8599,A,status.twc_execute,0
35.8599,B,mrac.pitch.theta_0,8.5011351e-08
35.8599,B,mrac.pitch.theta_1,0.0050992076
35.8599,B,mrac.pitch.theta_2,0.00071952195
35.8599,B,mrac.pitch.theta_3,0.0063047362
35.8599,B,mrac.pitch.theta_4,0.13294415
35.8599,B,mrac.pitch.theta_5,0.14279614
35.8599,B,mrac.pitch.u_nom,0.036335133
35.8599,B,mrac.pitch.xm,-0.19936968
35.8599,B,mrac.roll.theta_0,0.14029449
35.8599,B,mrac.roll.theta_1,0.0017189997
35.8599,B,mrac.roll.theta_2,0.006164182
35.8599,B,mrac.roll.theta_3,0.0058896244
35.8599,B,mrac.roll.theta_4,0.14432722
35.8599,B,mrac.roll.theta_5,0.14075215
35.8599,B,mrac.roll.u_nom,-0.11740185
35.8599,B,mrac.roll.xm,0.048515081
35.8599,B,mrac.yaw.theta_0,0.054750171
35.8599,B,mrac.yaw.theta_1,0.0019802393
35.8599,B,mrac.yaw.theta_2,0.0034363375
35.8599,B,mrac.yaw.theta_3,0
35.8599,B,mrac.yaw.theta_4,0.040415484
35.8599,B,mrac.yaw.theta_5,0.085658655
35.8599,B,mrac.yaw.u_nom,0.021299247
35.8599,B,mrac.yaw.xm,0.064436942
35.8599,B,mrac.z.theta_0,0.0087614562
35.8599,B,mrac.z.theta_1,0.0020086847
35.8599,B,mrac.z.theta_2,0.0057382863
35.8599,B,mrac.z.theta_3,0
35.8599,B,mrac.z.theta_4,0.19556531
35.8599,B,mrac.z.theta_5,0.1872471
35.8599,B,mrac.z.u_nom,-0.37376201
35.8599,B,mrac.z.xm,-0.080327235
35.8599,B,path.active_path_mode,0
35.8599,B,path.circle_theta,0
35.8599,B,path.sinusoid_t_elapsed,0
35.8599,B,path.twc_arrived,0
35.8599,B,path.twc_target_x,1.4901161e-06
35.8599,B,path.twc_target_y,0
35.8599,B,path.twc_target_z,0.60000002
35.8599,B,pid.gyrox.Des,2.7797081
35.8599,B,pid.gyrox.FB,11.333542
35.8599,B,pid.gyrox.U,-137.36017
35.8599,B,pid.gyroy.Des,-11.423037
35.8599,B,pid.gyroy.FB,-4.2918701
35.8599,B,pid.gyroy.U,42.512104
35.8599,B,pid.gyroz.Des,3.6919632
35.8599,B,pid.gyroz.FB,-1.3603753
35.8599,B,pid.gyroz.U,39.872189
35.8599,B,pid.locx.Des,-57.872074
35.8599,B,pid.locx.FB,-40.948223
35.8599,B,pid.locx.U,-15.575706
35.8599,B,pid.locxs.Des,-15.575706
35.8599,B,pid.locxs.FB,-1.0295788
35.8599,B,pid.locxs.U,-43.789131
35.8599,B,pid.locy.Des,8.2495899
35.8599,B,pid.locy.FB,34.386627
35.8599,B,pid.locy.U,-23.066404
35.8599,B,pid.locys.Des,-23.066404
35.8599,B,pid.locys.FB,3.4554257
35.8599,B,pid.locys.U,-79.700531
35.8599,B,pid.pitch.Des,-5.1993241
35.8599,B,pid.pitch.FB,-1.4490114
35.8599,B,pid.pitch.U,-11.423037
35.8599,B,pid.roll.Des,-1.0072269
35.8599,B,pid.roll.FB,-1.9454992
35.8599,B,pid.roll.U,2.7797081
35.8599,B,pid.yaw.Des,40
35.8599,B,pid.yaw.FB,39.718006
35.8599,B,pid.yaw.U,3.6919632
35.8599,B,pid.z_pos.Des,0.62994766
35.8599,B,pid.z_pos.FB,0.60945344
35.8599,B,pid.z_pos.U,-0.080327235
35.8599,B,pid.z_rate.Des,-0.080327235
35.8599,B,pid.z_rate.FB,0.094858825
35.8599,B,pid.z_rate.U,-82.975166
35.8599,B,status.vbat,0
36.0756,A,mrac.pitch.e,0.26524764
36.0756,A,mrac.pitch.u_ad,-0.042165
36.0756,A,mrac.roll.e,-0.11700294
36.0756,A,mrac.roll.u_ad,0.1631479
36.0756,A,mrac.yaw.e,-0.039330237
36.0756,A,mrac.yaw.u_ad,0.09058553
36.0756,A,mrac.z.e,0.077954657
36.0756,A,mrac.z.u_ad,-0.047736146
36.0756,A,status.arm,1
36.0756,A,status.flymode,1
36.0756,A,status.rc_authority,0
36.0756,A,status.sbus_lost,0
36.0756,A,status.twc_arrived,0
36.0756,A,status.twc_execute,0
36.0757,B,mrac.pitch.theta_0,1.7287559e-11
36.0757,B,mrac.pitch.theta_1,0.0048617059
36.0757,B,mrac.pitch.theta_2,0.00071241555
36.0757,B,mrac.pitch.theta_3,0.0062950705
36.0757,B,mrac.pitch.theta_4,0.13360667
36.0757,B,mrac.pitch.theta_5,0.14305319
36.0757,B,mrac.pitch.u_nom,-0.12470435
36.0757,B,mrac.pitch.xm,-0.22538744
36.0757,B,mrac.roll.theta_0,0.14628765
36.0757,B,mrac.roll.theta_1,0.0015545718
36.0757,B,mrac.roll.theta_2,0.0061782682
36.0757,B,mrac.roll.theta_3,0.0058850856
36.0757,B,mrac.roll.theta_4,0.14468709
36.0757,B,mrac.roll.theta_5,0.14058517
36.0757,B,mrac.roll.u_nom,-0.042418893
36.0757,B,mrac.roll.xm,-0.0089661721
36.0757,B,mrac.yaw.theta_0,0.08645796
36.0757,B,mrac.yaw.theta_1,0.001934932
36.0757,B,mrac.yaw.theta_2,0.0034368006
36.0757,B,mrac.yaw.theta_3,0
36.0757,B,mrac.yaw.theta_4,0.040464569
36.0757,B,mrac.yaw.theta_5,0.085596755
36.0757,B,mrac.yaw.u_nom,0.0044879797
36.0757,B,mrac.yaw.xm,0.037907053
36.0757,B,mrac.z.theta_0,0.0057200347
36.0757,B,mrac.z.theta_1,0.0018901419
36.0757,B,mrac.z.theta_2,0.0057129716
36.0757,B,mrac.z.theta_3,0
36.0757,B,mrac.z.theta_4,0.19538923
36.0757,B,mrac.z.theta_5,0.18701269
36.0757,B,mrac.z.u_nom,-0.19942544
36.0757,B,mrac.z.xm,-0.077633716
36.0757,B,path.active_path_mode,0
36.0757,B,path.circle_theta,0
36.0757,B,path.sinusoid_t_elapsed,0
36.0757,B,path.twc_arrived,0
36.0757,B,path.twc_target_x,1.4901161e-06
36.0757,B,path.twc_target_y,0
36.0757,B,path.twc_target_z,0.60000002
36.0757,B,pid.gyrox.Des,-0.51372361
36.0757,B,pid.gyrox.FB,-1.168264
36.0757,B,pid.gyrox.U,-49.630104
36.0757,B,pid.gyroy.Des,-12.913744
36.0757,B,pid.gyroy.FB,4.2592244
36.0757,B,pid.gyroy.U,-145.90408
36.0757,B,pid.gyroz.Des,2.1719131
36.0757,B,pid.gyroz.FB,1.2144885
36.0757,B,pid.gyroz.U,8.4014978
36.0757,B,pid.locx.Des,-57.872074
36.0757,B,pid.locx.FB,-38.14558
36.0757,B,pid.locx.U,-17.903831
36.0757,B,pid.locxs.Des,-17.903831
36.0757,B,pid.locxs.FB,1.6566944
36.0757,B,pid.locxs.U,-54.219036
36.0757,B,pid.locy.Des,8.2495899
36.0757,B,pid.locy.FB,34.121651
36.0757,B,pid.locy.U,-22.594881
36.0757,B,pid.locys.Des,-22.594881
36.0757,B,pid.locys.FB,-2.6935782
36.0757,B,pid.locys.U,-63.426464
36.0757,B,pid.pitch.Des,-4.8621044
36.0757,B,pid.pitch.FB,-0.67495334
36.0757,B,pid.pitch.U,-12.913744
36.0757,B,pid.roll.Des,0.047100116
36.0757,B,pid.roll.FB,-1.2287724
36.0757,B,pid.roll.U,-0.51372361
36.0757,B,pid.yaw.Des,40
36.0757,B,pid.yaw.FB,39.971348
36.0757,B,pid.yaw.U,2.1719131
36.0757,B,pid.z_pos.Des,0.62994766
36.0757,B,pid.z_pos.FB,0.6198144
36.0757,B,pid.z_pos.U,-0.077633716
36.0757,B,pid.z_rate.Des,-0.077633716
36.0757,B,pid.z_rate.FB,0.00042240974
36.0757,B,pid.z_rate.U,-44.272449
36.0757,B,status.vbat,0
36.2764,A,mrac.pitch.e,0.20782472
36.2764,A,mrac.pitch.u_ad,-0.038466323
36.2764,A,mrac.roll.e,0.084914349
36.2764,A,mrac.roll.u_ad,0.16349515
36.2764,A,mrac.yaw.e,-0.035244495
36.2764,A,mrac.yaw.u_ad,0.092164144
36.2764,A,mrac.z.e,0.076596834
36.2764,A,mrac.z.u_ad,-0.047432609
36.2764,A,status.arm,1
36.2764,A,status.flymode,1
36.2764,A,status.rc_authority,0
36.2764,A,status.sbus_lost,0
36.2764,A,status.twc_arrived,0
36.2764,A,status.twc_execute,0
36.2764,B,mrac.pitch.theta_0,1.0950339e-11
36.2764,B,mrac.pitch.theta_1,0.0048624352
36.2764,B,mrac.pitch.theta_2,0.00071205921
36.2764,B,mrac.pitch.theta_3,0.0062947567
36.2764,B,mrac.pitch.theta_4,0.1336413
36.2764,B,mrac.pitch.theta_5,0.14307643
36.2764,B,mrac.pitch.u_nom,-0.0018199448
36.2764,B,mrac.pitch.xm,-0.22644734
36.2764,B,mrac.roll.theta_0,0.14680266
36.2764,B,mrac.roll.theta_1,0.0015489362
36.2764,B,mrac.roll.theta_2,0.0061794254
36.2764,B,mrac.roll.theta_3,0.0058846301
36.2764,B,mrac.roll.theta_4,0.144701
36.2764,B,mrac.roll.theta_5,0.14058146
36.2764,B,mrac.roll.u_nom,-0.075709008
36.2764,B,mrac.roll.xm,0.10129227
36.2764,B,mrac.yaw.theta_0,0.086896099
36.2764,B,mrac.yaw.theta_1,0.0019309034
36.2764,B,mrac.yaw.theta_2,0.0034369433
36.2764,B,mrac.yaw.theta_3,0
36.2764,B,mrac.yaw.theta_4,0.040466703
36.2764,B,mrac.yaw.theta_5,0.085591406
36.2764,B,mrac.yaw.u_nom,0.018268399
36.2764,B,mrac.yaw.xm,0.051135246
36.2764,B,mrac.z.theta_0,0.0055310964
36.2764,B,mrac.z.theta_1,0.0018893746
36.2764,B,mrac.z.theta_2,0.0057124887
36.2764,B,mrac.z.theta_3,0
36.2764,B,mrac.z.theta_4,0.19537064
36.2764,B,mrac.z.theta_5,0.18699691
36.2764,B,mrac.z.u_nom,-0.19715244
36.2764,B,mrac.z.xm,-0.07722418
36.2764,B,path.active_path_mode,0
36.2764,B,path.circle_theta,0
36.2764,B,path.sinusoid_t_elapsed,0
36.2764,B,path.twc_arrived,0
36.2764,B,path.twc_target_x,1.4901161e-06
36.2764,B,path.twc_target_y,0
36.2764,B,path.twc_target_z,0.60000002
36.2764,B,pid.gyrox.Des,5.8036175
36.2764,B,pid.gyrox.FB,4.6485806
36.2764,B,pid.gyrox.U,-88.579536
36.2764,B,pid.gyroy.Des,-12.974472
36.2764,B,pid.gyroy.FB,-7.2359014
36.2764,B,pid.gyroy.U,-2.1293354
36.2764,B,pid.gyroz.Des,2.9298325
36.2764,B,pid.gyroz.FB,-1.2445909
36.2764,B,pid.gyroz.U,34.198444
36.2764,B,pid.locx.Des,-57.872074
36.2764,B,pid.locx.FB,-37.884789
36.2764,B,pid.locx.U,-18.100395
36.2764,B,pid.locxs.Des,-18.100395
36.2764,B,pid.locxs.FB,2.3033416
36.2764,B,pid.locxs.U,-61.363911
36.2764,B,pid.locy.Des,8.2495899
36.2764,B,pid.locy.FB,33.9035
36.2764,B,pid.locy.U,-22.430855
36.2764,B,pid.locys.Des,-22.430855
36.2764,B,pid.locys.FB,-1.9221386
36.2764,B,pid.locys.U,-61.409309
36.2764,B,pid.pitch.Des,-5.0373521
36.2764,B,pid.pitch.FB,-0.59166324
36.2764,B,pid.pitch.U,-12.974472
36.2764,B,pid.roll.Des,0.45383191
36.2764,B,pid.roll.FB,-1.3578393
36.2764,B,pid.roll.U,5.8036175
36.2764,B,pid.yaw.Des,40
36.2764,B,pid.yaw.FB,39.845028
36.2764,B,pid.yaw.U,2.9298325
36.2764,B,pid.z_pos.Des,0.62994766
36.2764,B,pid.z_pos.FB,0.61979282
36.2764,B,pid.z_pos.U,-0.07722418
36.2764,B,pid.z_rate.Des,-0.07722418
36.2764,B,pid.z_rate.FB,-0.00042957976
36.2764,B,pid.z_rate.U,-43.767841
36.2764,B,status.vbat,0
36.4925,A,mrac.pitch.e,0.20782472
36.4925,A,mrac.pitch.u_ad,-0.038466323
36.4925,A,mrac.roll.e,0.084914349
36.4925,A,mrac.roll.u_ad,0.16349515
36.4925,A,mrac.yaw.e,-0.035244495
36.4925,A,mrac.yaw.u_ad,0.092164144
36.4925,A,mrac.z.e,0.076596834
36.4925,A,mrac.z.u_ad,-0.047432609
36.4925,A,status.arm,1
36.4925,A,status.flymode,1
36.4925,A,status.rc_authority,0
36.4925,A,status.sbus_lost,0
36.4925,A,status.twc_arrived,0
36.4925,A,status.twc_execute,0
36.4926,B,mrac.pitch.theta_0,1.0950339e-11
36.4926,B,mrac.pitch.theta_1,0.0048624352
36.4926,B,mrac.pitch.theta_2,0.00071205921
36.4926,B,mrac.pitch.theta_3,0.0062947567
36.4926,B,mrac.pitch.theta_4,0.1336413
36.4926,B,mrac.pitch.theta_5,0.14307643
36.4926,B,mrac.pitch.u_nom,-0.0018199448
36.4926,B,mrac.pitch.xm,-0.22644734
36.4926,B,mrac.roll.theta_0,0.14680266
36.4926,B,mrac.roll.theta_1,0.0015489362
36.4926,B,mrac.roll.theta_2,0.0061794254
36.4926,B,mrac.roll.theta_3,0.0058846301
36.4926,B,mrac.roll.theta_4,0.144701
36.4926,B,mrac.roll.theta_5,0.14058146
36.4926,B,mrac.roll.u_nom,-0.075709008
36.4926,B,mrac.roll.xm,0.10129227
36.4926,B,mrac.yaw.theta_0,0.086896099
36.4926,B,mrac.yaw.theta_1,0.0019309034
36.4926,B,mrac.yaw.theta_2,0.0034369433
36.4926,B,mrac.yaw.theta_3,0
36.4926,B,mrac.yaw.theta_4,0.040466703
36.4926,B,mrac.yaw.theta_5,0.085591406
36.4926,B,mrac.yaw.u_nom,0.018268399
36.4926,B,mrac.yaw.xm,0.051135246
36.4926,B,mrac.z.theta_0,0.0055310964
36.4926,B,mrac.z.theta_1,0.0018893746
36.4926,B,mrac.z.theta_2,0.0057124887
36.4926,B,mrac.z.theta_3,0
36.4926,B,mrac.z.theta_4,0.19537064
36.4926,B,mrac.z.theta_5,0.18699691
36.4926,B,mrac.z.u_nom,-0.19715244
36.4926,B,mrac.z.xm,-0.07722418
36.4926,B,path.active_path_mode,0
36.4926,B,path.circle_theta,0
36.4926,B,path.sinusoid_t_elapsed,0
36.4926,B,path.twc_arrived,0
36.4926,B,path.twc_target_x,1.4901161e-06
36.4926,B,path.twc_target_y,0
36.4926,B,path.twc_target_z,0.60000002
36.4926,B,pid.gyrox.Des,5.8036175
36.4926,B,pid.gyrox.FB,4.6485806
36.4926,B,pid.gyrox.U,-88.579536
36.4926,B,pid.gyroy.Des,-12.974472
36.4926,B,pid.gyroy.FB,-7.2359014
36.4926,B,pid.gyroy.U,-2.1293354
36.4926,B,pid.gyroz.Des,2.9298325
36.4926,B,pid.gyroz.FB,-1.2445909
36.4926,B,pid.gyroz.U,34.198444
36.4926,B,pid.locx.Des,-57.872074
36.4926,B,pid.locx.FB,-37.884789
36.4926,B,pid.locx.U,-18.100395
36.4926,B,pid.locxs.Des,-18.100395
36.4926,B,pid.locxs.FB,2.3033416
36.4926,B,pid.locxs.U,-61.363911
36.4926,B,pid.locy.Des,8.2495899
36.4926,B,pid.locy.FB,33.9035
36.4926,B,pid.locy.U,-22.430855
36.4926,B,pid.locys.Des,-22.430855
36.4926,B,pid.locys.FB,-1.9221386
36.4926,B,pid.locys.U,-61.409309
36.4926,B,pid.pitch.Des,-5.0373521
36.4926,B,pid.pitch.FB,-0.59166324
36.4926,B,pid.pitch.U,-12.974472
36.4926,B,pid.roll.Des,0.45383191
36.4926,B,pid.roll.FB,-1.3578393
36.4926,B,pid.roll.U,5.8036175
36.4926,B,pid.yaw.Des,40
36.4926,B,pid.yaw.FB,39.845028
36.4926,B,pid.yaw.U,2.9298325
36.4926,B,pid.z_pos.Des,0.62994766
36.4926,B,pid.z_pos.FB,0.61979282
36.4926,B,pid.z_pos.U,-0.07722418
36.4926,B,pid.z_rate.Des,-0.07722418
36.4926,B,pid.z_rate.FB,-0.00042957976
36.4926,B,pid.z_rate.U,-43.767841
36.4926,B,status.vbat,0
36.6936,A,mrac.pitch.e,0.20782472
36.6936,A,mrac.pitch.u_ad,-0.038466323
36.6936,A,mrac.roll.e,0.084914349
36.6936,A,mrac.roll.u_ad,0.16349515
36.6936,A,mrac.yaw.e,-0.035244495
36.6936,A,mrac.yaw.u_ad,0.092164144
36.6936,A,mrac.z.e,0.076596834
36.6936,A,mrac.z.u_ad,-0.047432609
36.6936,A,status.arm,1
36.6936,A,status.flymode,1
36.6936,A,status.rc_authority,0
36.6936,A,status.sbus_lost,0
36.6936,A,status.twc_arrived,0
36.6936,A,status.twc_execute,0
36.6937,B,mrac.pitch.theta_0,1.0950339e-11
36.6937,B,mrac.pitch.theta_1,0.0048624352
36.6937,B,mrac.pitch.theta_2,0.00071205921
36.6937,B,mrac.pitch.theta_3,0.0062947567
36.6937,B,mrac.pitch.theta_4,0.1336413
36.6937,B,mrac.pitch.theta_5,0.14307643
36.6937,B,mrac.pitch.u_nom,-0.0018199448
36.6937,B,mrac.pitch.xm,-0.22644734
36.6937,B,mrac.roll.theta_0,0.14680266
36.6937,B,mrac.roll.theta_1,0.0015489362
36.6937,B,mrac.roll.theta_2,0.0061794254
36.6937,B,mrac.roll.theta_3,0.0058846301
36.6937,B,mrac.roll.theta_4,0.144701
36.6937,B,mrac.roll.theta_5,0.14058146
36.6937,B,mrac.roll.u_nom,-0.075709008
36.6937,B,mrac.roll.xm,0.10129227
36.6937,B,mrac.yaw.theta_0,0.086896099
36.6937,B,mrac.yaw.theta_1,0.0019309034
36.6937,B,mrac.yaw.theta_2,0.0034369433
36.6937,B,mrac.yaw.theta_3,0
36.6937,B,mrac.yaw.theta_4,0.040466703
36.6937,B,mrac.yaw.theta_5,0.085591406
36.6937,B,mrac.yaw.u_nom,0.018268399
36.6937,B,mrac.yaw.xm,0.051135246
36.6937,B,mrac.z.theta_0,0.0055310964
36.6937,B,mrac.z.theta_1,0.0018893746
36.6937,B,mrac.z.theta_2,0.0057124887
36.6937,B,mrac.z.theta_3,0
36.6937,B,mrac.z.theta_4,0.19537064
36.6937,B,mrac.z.theta_5,0.18699691
36.6937,B,mrac.z.u_nom,-0.19715244
36.6937,B,mrac.z.xm,-0.07722418
36.6937,B,path.active_path_mode,0
36.6937,B,path.circle_theta,0
36.6937,B,path.sinusoid_t_elapsed,0
36.6937,B,path.twc_arrived,0
36.6937,B,path.twc_target_x,1.4901161e-06
36.6937,B,path.twc_target_y,0
36.6937,B,path.twc_target_z,0.60000002
36.6937,B,pid.gyrox.Des,5.8036175
36.6937,B,pid.gyrox.FB,4.6485806
36.6937,B,pid.gyrox.U,-88.579536
36.6937,B,pid.gyroy.Des,-12.974472
36.6937,B,pid.gyroy.FB,-7.2359014
36.6937,B,pid.gyroy.U,-2.1293354
36.6937,B,pid.gyroz.Des,2.9298325
36.6937,B,pid.gyroz.FB,-1.2445909
36.6937,B,pid.gyroz.U,34.198444
36.6937,B,pid.locx.Des,-57.872074
36.6937,B,pid.locx.FB,-37.884789
36.6937,B,pid.locx.U,-18.100395
36.6937,B,pid.locxs.Des,-18.100395
36.6937,B,pid.locxs.FB,2.3033416
36.6937,B,pid.locxs.U,-61.363911
36.6937,B,pid.locy.Des,8.2495899
36.6937,B,pid.locy.FB,33.9035
36.6937,B,pid.locy.U,-22.430855
36.6937,B,pid.locys.Des,-22.430855
36.6937,B,pid.locys.FB,-1.9221386
36.6937,B,pid.locys.U,-61.409309
36.6937,B,pid.pitch.Des,-5.0373521
36.6937,B,pid.pitch.FB,-0.59166324
36.6937,B,pid.pitch.U,-12.974472
36.6937,B,pid.roll.Des,0.45383191
36.6937,B,pid.roll.FB,-1.3578393
36.6937,B,pid.roll.U,5.8036175
36.6937,B,pid.yaw.Des,40
36.6937,B,pid.yaw.FB,39.845028
36.6937,B,pid.yaw.U,2.9298325
36.6937,B,pid.z_pos.Des,0.62994766
36.6937,B,pid.z_pos.FB,0.61979282
36.6937,B,pid.z_pos.U,-0.07722418
36.6937,B,pid.z_rate.Des,-0.07722418
36.6937,B,pid.z_rate.FB,-0.00042957976
36.6937,B,pid.z_rate.U,-43.767841
36.6937,B,status.vbat,0
36.9113,A,mrac.pitch.e,0.20782472
36.9113,A,mrac.pitch.u_ad,-0.038466323
36.9113,A,mrac.roll.e,0.084914349
36.9113,A,mrac.roll.u_ad,0.16349515
36.9113,A,mrac.yaw.e,-0.035244495
36.9113,A,mrac.yaw.u_ad,0.092164144
36.9113,A,mrac.z.e,0.076596834
36.9113,A,mrac.z.u_ad,-0.047432609
36.9113,A,status.arm,1
36.9113,A,status.flymode,1
36.9113,A,status.rc_authority,0
36.9113,A,status.sbus_lost,0
36.9113,A,status.twc_arrived,0
36.9113,A,status.twc_execute,0
36.9114,B,mrac.pitch.theta_0,1.0950339e-11
36.9114,B,mrac.pitch.theta_1,0.0048624352
36.9114,B,mrac.pitch.theta_2,0.00071205921
36.9114,B,mrac.pitch.theta_3,0.0062947567
36.9114,B,mrac.pitch.theta_4,0.1336413
36.9114,B,mrac.pitch.theta_5,0.14307643
36.9114,B,mrac.pitch.u_nom,-0.0018199448
36.9114,B,mrac.pitch.xm,-0.22644734
36.9114,B,mrac.roll.theta_0,0.14680266
36.9114,B,mrac.roll.theta_1,0.0015489362
36.9114,B,mrac.roll.theta_2,0.0061794254
36.9114,B,mrac.roll.theta_3,0.0058846301
36.9114,B,mrac.roll.theta_4,0.144701
36.9114,B,mrac.roll.theta_5,0.14058146
36.9114,B,mrac.roll.u_nom,-0.075709008
36.9114,B,mrac.roll.xm,0.10129227
36.9114,B,mrac.yaw.theta_0,0.086896099
36.9114,B,mrac.yaw.theta_1,0.0019309034
36.9114,B,mrac.yaw.theta_2,0.0034369433
36.9114,B,mrac.yaw.theta_3,0
36.9114,B,mrac.yaw.theta_4,0.040466703
36.9114,B,mrac.yaw.theta_5,0.085591406
36.9114,B,mrac.yaw.u_nom,0.018268399
36.9114,B,mrac.yaw.xm,0.051135246
36.9114,B,mrac.z.theta_0,0.0055310964
36.9114,B,mrac.z.theta_1,0.0018893746
36.9114,B,mrac.z.theta_2,0.0057124887
36.9114,B,mrac.z.theta_3,0
36.9114,B,mrac.z.theta_4,0.19537064
36.9114,B,mrac.z.theta_5,0.18699691
36.9114,B,mrac.z.u_nom,-0.19715244
36.9114,B,mrac.z.xm,-0.07722418
36.9114,B,path.active_path_mode,0
36.9114,B,path.circle_theta,0
36.9114,B,path.sinusoid_t_elapsed,0
36.9114,B,path.twc_arrived,0
36.9114,B,path.twc_target_x,1.4901161e-06
36.9114,B,path.twc_target_y,0
36.9114,B,path.twc_target_z,0.60000002
36.9114,B,pid.gyrox.Des,5.8036175
36.9114,B,pid.gyrox.FB,4.6485806
36.9114,B,pid.gyrox.U,-88.579536
36.9114,B,pid.gyroy.Des,-12.974472
36.9114,B,pid.gyroy.FB,-7.2359014
36.9114,B,pid.gyroy.U,-2.1293354
36.9114,B,pid.gyroz.Des,2.9298325
36.9114,B,pid.gyroz.FB,-1.2445909
36.9114,B,pid.gyroz.U,34.198444
36.9114,B,pid.locx.Des,-57.872074
36.9114,B,pid.locx.FB,-37.884789
36.9114,B,pid.locx.U,-18.100395
36.9114,B,pid.locxs.Des,-18.100395
36.9114,B,pid.locxs.FB,2.3033416
36.9114,B,pid.locxs.U,-61.363911
36.9114,B,pid.locy.Des,8.2495899
36.9114,B,pid.locy.FB,33.9035
36.9114,B,pid.locy.U,-22.430855
36.9114,B,pid.locys.Des,-22.430855
36.9114,B,pid.locys.FB,-1.9221386
36.9114,B,pid.locys.U,-61.409309
36.9114,B,pid.pitch.Des,-5.0373521
36.9114,B,pid.pitch.FB,-0.59166324
36.9114,B,pid.pitch.U,-12.974472
36.9114,B,pid.roll.Des,0.45383191
36.9114,B,pid.roll.FB,-1.3578393
36.9114,B,pid.roll.U,5.8036175
36.9114,B,pid.yaw.Des,40
36.9114,B,pid.yaw.FB,39.845028
36.9114,B,pid.yaw.U,2.9298325
36.9114,B,pid.z_pos.Des,0.62994766
36.9114,B,pid.z_pos.FB,0.61979282
36.9114,B,pid.z_pos.U,-0.07722418
36.9114,B,pid.z_rate.Des,-0.07722418
36.9114,B,pid.z_rate.FB,-0.00042957976
36.9114,B,pid.z_rate.U,-43.767841
36.9114,B,status.vbat,0
37.1266,A,mrac.pitch.e,0.20782472
37.1266,A,mrac.pitch.u_ad,-0.038466323
37.1266,A,mrac.roll.e,0.084914349
37.1266,A,mrac.roll.u_ad,0.16349515
37.1266,A,mrac.yaw.e,-0.035244495
37.1266,A,mrac.yaw.u_ad,0.092164144
37.1266,A,mrac.z.e,0.076596834
37.1266,A,mrac.z.u_ad,-0.047432609
37.1266,A,status.arm,1
37.1266,A,status.flymode,1
37.1266,A,status.rc_authority,0
37.1266,A,status.sbus_lost,0
37.1266,A,status.twc_arrived,0
37.1266,A,status.twc_execute,0
37.1267,B,mrac.pitch.theta_0,1.0950339e-11
37.1267,B,mrac.pitch.theta_1,0.0048624352
37.1267,B,mrac.pitch.theta_2,0.00071205921
37.1267,B,mrac.pitch.theta_3,0.0062947567
37.1267,B,mrac.pitch.theta_4,0.1336413
37.1267,B,mrac.pitch.theta_5,0.14307643
37.1267,B,mrac.pitch.u_nom,-0.0018199448
37.1267,B,mrac.pitch.xm,-0.22644734
37.1267,B,mrac.roll.theta_0,0.14680266
37.1267,B,mrac.roll.theta_1,0.0015489362
37.1267,B,mrac.roll.theta_2,0.0061794254
37.1267,B,mrac.roll.theta_3,0.0058846301
37.1267,B,mrac.roll.theta_4,0.144701
37.1267,B,mrac.roll.theta_5,0.14058146
37.1267,B,mrac.roll.u_nom,-0.075709008
37.1267,B,mrac.roll.xm,0.10129227
37.1267,B,mrac.yaw.theta_0,0.086896099
37.1267,B,mrac.yaw.theta_1,0.0019309034
37.1267,B,mrac.yaw.theta_2,0.0034369433
37.1267,B,mrac.yaw.theta_3,0
37.1267,B,mrac.yaw.theta_4,0.040466703
37.1267,B,mrac.yaw.theta_5,0.085591406
37.1267,B,mrac.yaw.u_nom,0.018268399
37.1267,B,mrac.yaw.xm,0.051135246
37.1267,B,mrac.z.theta_0,0.0055310964
37.1267,B,mrac.z.theta_1,0.0018893746
37.1267,B,mrac.z.theta_2,0.0057124887
37.1267,B,mrac.z.theta_3,0
37.1267,B,mrac.z.theta_4,0.19537064
37.1267,B,mrac.z.theta_5,0.18699691
37.1267,B,mrac.z.u_nom,-0.19715244
37.1267,B,mrac.z.xm,-0.07722418
37.1267,B,path.active_path_mode,0
37.1267,B,path.circle_theta,0
37.1267,B,path.sinusoid_t_elapsed,0
37.1267,B,path.twc_arrived,0
37.1267,B,path.twc_target_x,1.4901161e-06
37.1267,B,path.twc_target_y,0
37.1267,B,path.twc_target_z,0.60000002
37.1267,B,pid.gyrox.Des,5.8036175
37.1267,B,pid.gyrox.FB,4.6485806
37.1267,B,pid.gyrox.U,-88.579536
37.1267,B,pid.gyroy.Des,-12.974472
37.1267,B,pid.gyroy.FB,-7.2359014
37.1267,B,pid.gyroy.U,-2.1293354
37.1267,B,pid.gyroz.Des,2.9298325
37.1267,B,pid.gyroz.FB,-1.2445909
37.1267,B,pid.gyroz.U,34.198444
37.1267,B,pid.locx.Des,-57.872074
37.1267,B,pid.locx.FB,-37.884789
37.1267,B,pid.locx.U,-18.100395
37.1267,B,pid.locxs.Des,-18.100395
37.1267,B,pid.locxs.FB,2.3033416
37.1267,B,pid.locxs.U,-61.363911
37.1267,B,pid.locy.Des,8.2495899
37.1267,B,pid.locy.FB,33.9035
37.1267,B,pid.locy.U,-22.430855
37.1267,B,pid.locys.Des,-22.430855
37.1267,B,pid.locys.FB,-1.9221386
37.1267,B,pid.locys.U,-61.409309
37.1267,B,pid.pitch.Des,-5.0373521
37.1267,B,pid.pitch.FB,-0.59166324
37.1267,B,pid.pitch.U,-12.974472
37.1267,B,pid.roll.Des,0.45383191
37.1267,B,pid.roll.FB,-1.3578393
37.1267,B,pid.roll.U,5.8036175
37.1267,B,pid.yaw.Des,40
37.1267,B,pid.yaw.FB,39.845028
37.1267,B,pid.yaw.U,2.9298325
37.1267,B,pid.z_pos.Des,0.62994766
37.1267,B,pid.z_pos.FB,0.61979282
37.1267,B,pid.z_pos.U,-0.07722418
37.1267,B,pid.z_rate.Des,-0.07722418
37.1267,B,pid.z_rate.FB,-0.00042957976
37.1267,B,pid.z_rate.U,-43.767841
37.1267,B,status.vbat,0
37.3432,A,mrac.pitch.e,0.26729122
37.3432,A,mrac.pitch.u_ad,-0.036524948
37.3432,A,mrac.roll.e,-0.19180536
37.3432,A,mrac.roll.u_ad,0.16935726
37.3432,A,mrac.yaw.e,-0.054000258
37.3432,A,mrac.yaw.u_ad,0.095864438
37.3432,A,mrac.z.e,0.067622967
37.3432,A,mrac.z.u_ad,-0.039764531
37.3432,A,status.arm,1
37.3432,A,status.flymode,1
37.3432,A,status.rc_authority,0
37.3432,A,status.sbus_lost,0
37.3432,A,status.twc_arrived,0
37.3432,A,status.twc_execute,0
37.3432,B,mrac.pitch.theta_0,4.3806667e-14
37.3432,B,mrac.pitch.theta_1,0.004987698
37.3432,B,mrac.pitch.theta_2,0.00070775405
37.3432,B,mrac.pitch.theta_3,0.0062899399
37.3432,B,mrac.pitch.theta_4,0.13410296
37.3432,B,mrac.pitch.theta_5,0.14328596
37.3432,B,mrac.pitch.u_nom,-0.026869023
37.3432,B,mrac.pitch.xm,-0.18457063
37.3432,B,mrac.roll.theta_0,0.14741309
37.3432,B,mrac.roll.theta_1,0.0015289086
37.3432,B,mrac.roll.theta_2,0.0061876518
37.3432,B,mrac.roll.theta_3,0.0058816932
37.3432,B,mrac.roll.theta_4,0.1449728
37.3432,B,mrac.roll.theta_5,0.14055689
37.3432,B,mrac.roll.u_nom,-0.018508745
37.3432,B,mrac.roll.xm,0.0028785456
37.3432,B,mrac.yaw.theta_0,0.089109078
37.3432,B,mrac.yaw.theta_1,0.0018975404
37.3432,B,mrac.yaw.theta_2,0.0034379787
37.3432,B,mrac.yaw.theta_3,0
37.3432,B,mrac.yaw.theta_4,0.040505521
37.3432,B,mrac.yaw.theta_5,0.085552476
37.3432,B,mrac.yaw.u_nom,0.00069387973
37.3432,B,mrac.yaw.xm,0.076920912
37.3432,B,mrac.z.theta_0,0.006020444
37.3432,B,mrac.z.theta_1,0.0018257854
37.3432,B,mrac.z.theta_2,0.0057002548
37.3432,B,mrac.z.theta_3,0
37.3432,B,mrac.z.theta_4,0.19523105
37.3432,B,mrac.z.theta_5,0.18681115
37.3432,B,mrac.z.u_nom,-0.16474883
37.3432,B,mrac.z.xm,-0.07236623
37.3432,B,path.active_path_mode,0
37.3432,B,path.circle_theta,0
37.3432,B,path.sinusoid_t_elapsed,0
37.3432,B,path.twc_arrived,0
37.3432,B,path.twc_target_x,1.4901161e-06
37.3432,B,path.twc_target_y,0
37.3432,B,path.twc_target_z,0.60000002
37.3432,B,pid.gyrox.Des,0.16492844
37.3432,B,pid.gyrox.FB,-3.6317298
37.3432,B,pid.gyrox.U,-21.655231
37.3432,B,pid.gyroy.Des,-10.575113
37.3432,B,pid.gyroy.FB,-4.1983657
37.3432,B,pid.gyroy.U,-31.436756
37.3432,B,pid.gyroz.Des,4.4072418
37.3432,B,pid.gyroz.FB,4.4492569
37.3432,B,pid.gyroz.U,1.2989428
37.3432,B,pid.locx.Des,-57.872074
37.3432,B,pid.locx.FB,-32.226185
37.3432,B,pid.locx.U,-22.65543
37.3432,B,pid.locxs.Des,-22.65543
37.3432,B,pid.locxs.FB,1.6741738
37.3432,B,pid.locxs.U,-68.428925
37.3432,B,pid.locy.Des,8.2495899
37.3432,B,pid.locy.FB,30.080948
37.3432,B,pid.locy.U,-19.350378
37.3432,B,pid.locys.Des,-19.350378
37.3432,B,pid.locys.FB,-2.6827493
37.3432,B,pid.locys.U,-53.75806
37.3432,B,pid.pitch.Des,-4.9559455
37.3432,B,pid.pitch.FB,-1.3312768
37.3432,B,pid.pitch.U,-10.575113
37.3432,B,pid.roll.Des,1.0781479
37.3432,B,pid.roll.FB,-0.38328004
37.3432,B,pid.roll.U,0.16492844
37.3432,B,pid.yaw.Des,40
37.3432,B,pid.yaw.FB,39.598793
37.3432,B,pid.yaw.U,4.4072418
37.3432,B,pid.z_pos.Des,0.62994766
37.3432,B,pid.z_pos.FB,0.61981875
37.3432,B,pid.z_pos.U,-0.07236623
37.3432,B,pid.z_rate.Des,-0.07236623
37.3432,B,pid.z_rate.FB,-0.013555633
37.3432,B,pid.z_rate.U,-36.574242
37.3432,B,status.vbat,0
37.5432,A,mrac.pitch.e,0.24016947
37.5432,A,mrac.pitch.u_ad,-0.036730058
37.5432,A,mrac.roll.e,-0.24425267
37.5432,A,mrac.roll.u_ad,0.17086492
37.5432,A,mrac.yaw.e,-0.061564509
37.5432,A,mrac.yaw.u_ad,0.095979959
37.5432,A,mrac.z.e,0.071105942
37.5432,A,mrac.z.u_ad,-0.044234287
37.5432,A,status.arm,1
37.5432,A,status.flymode,1
37.5432,A,status.rc_authority,0
37.5432,A,status.sbus_lost,0
37.5432,A,status.twc_arrived,0
37.5432,A,status.twc_execute,0
37.5432,B,mrac.pitch.theta_0,1.8623436e-14
37.5432,B,mrac.pitch.theta_1,0.0049445992
37.5432,B,mrac.pitch.theta_2,0.00070700707
37.5432,B,mrac.pitch.theta_3,0.0062899552
37.5432,B,mrac.pitch.theta_4,0.13416967
37.5432,B,mrac.pitch.theta_5,0.14331247
37.5432,B,mrac.pitch.u_nom,-0.0080782576
37.5432,B,mrac.pitch.xm,-0.23407853
37.5432,B,mrac.roll.theta_0,0.14734818
37.5432,B,mrac.roll.theta_1,0.0015029985
37.5432,B,mrac.roll.theta_2,0.0061920108
37.5432,B,mrac.roll.theta_3,0.0058812317
37.5432,B,mrac.roll.theta_4,0.14501563
37.5432,B,mrac.roll.theta_5,0.14055626
37.5432,B,mrac.roll.u_nom,-0.095580518
37.5432,B,mrac.roll.xm,0.13632192
37.5432,B,mrac.yaw.theta_0,0.089184277
37.5432,B,mrac.yaw.theta_1,0.0018943436
37.5432,B,mrac.yaw.theta_2,0.0034380443
37.5432,B,mrac.yaw.theta_3,0
37.5432,B,mrac.yaw.theta_4,0.040509965
37.5432,B,mrac.yaw.theta_5,0.085547417
37.5432,B,mrac.yaw.u_nom,0.027338976
37.5432,B,mrac.yaw.xm,0.068583883
37.5432,B,mrac.z.theta_0,0.005679185
37.5432,B,mrac.z.theta_1,0.0018331528
37.5432,B,mrac.z.theta_2,0.00569931
37.5432,B,mrac.z.theta_3,0
37.5432,B,mrac.z.theta_4,0.19519071
37.5432,B,mrac.z.theta_5,0.18677565
37.5432,B,mrac.z.u_nom,-0.18852685
37.5432,B,mrac.z.xm,-0.071610466
37.5432,B,path.active_path_mode,0
37.5432,B,path.circle_theta,0
37.5432,B,path.sinusoid_t_elapsed,0
37.5432,B,path.twc_arrived,0
37.5432,B,path.twc_target_x,1.4901161e-06
37.5432,B,path.twc_target_y,0
37.5432,B,path.twc_target_z,0.60000002
37.5432,B,pid.gyrox.Des,7.810667
37.5432,B,pid.gyrox.FB,11.331196
37.5432,B,pid.gyrox.U,-111.82921
37.5432,B,pid.gyroy.Des,-13.411706
37.5432,B,pid.gyroy.FB,-2.5337069
37.5432,B,pid.gyroy.U,-9.451561
37.5432,B,pid.gyroz.Des,3.9295654
37.5432,B,pid.gyroz.FB,-2.2398088
37.5432,B,pid.gyroz.U,51.178562
37.5432,B,pid.locx.Des,-57.872074
37.5432,B,pid.locx.FB,-31.730991
37.5432,B,pid.locx.U,-23.023684
37.5432,B,pid.locxs.Des,-23.023684
37.5432,B,pid.locxs.FB,2.4400849
37.5432,B,pid.locxs.U,-84.98671
37.5432,B,pid.locy.Des,8.2495899
37.5432,B,pid.locy.FB,29.644154
37.5432,B,pid.locy.U,-19.023695
37.5432,B,pid.locys.Des,-19.023695
37.5432,B,pid.locys.FB,-3.3235502
37.5432,B,pid.locys.U,-47.763069
37.5432,B,pid.pitch.Des,-5.3025112
37.5432,B,pid.pitch.FB,-0.83835125
37.5432,B,pid.pitch.U,-13.411706
37.5432,B,pid.roll.Des,2.038763
37.5432,B,pid.roll.FB,-0.64063573
37.5432,B,pid.roll.U,7.810667
37.5432,B,pid.yaw.Des,40
37.5432,B,pid.yaw.FB,39.678406
37.5432,B,pid.yaw.U,3.9295654
37.5432,B,pid.z_pos.Des,0.62994766
37.5432,B,pid.z_pos.FB,0.61989492
37.5432,B,pid.z_pos.U,-0.071610466
37.5432,B,pid.z_rate.Des,-0.071610466
37.5432,B,pid.z_rate.FB,0.00039694022
37.5432,B,pid.z_rate.U,-41.852962
37.5432,B,status.vbat,0
37.7591,A,mrac.pitch.e,0.24472153
37.7591,A,mrac.pitch.u_ad,-0.037941448
37.7591,A,mrac.roll.e,-0.11929482
37.7591,A,mrac.roll.u_ad,0.17226557
37.7591,A,mrac.yaw.e,-0.041108083
37.7591,A,mrac.yaw.u_ad,0.094254747
37.7591,A,mrac.z.e,0.060436759
37.7591,A,mrac.z.u_ad,-0.034975875
37.7591,A,status.arm,1
37.7591,A,status.flymode,1
37.7591,A,status.rc_authority,0
37.7591,A,status.sbus_lost,0
37.7591,A,status.twc_arrived,0
37.7591,A,status.twc_execute,0
37.7591,B,mrac.pitch.theta_0,5.4112378e-15
37.7591,B,mrac.pitch.theta_1,0.0048799384
37.7591,B,mrac.pitch.theta_2,0.00070552132
37.7591,B,mrac.pitch.theta_3,0.0062896889
37.7591,B,mrac.pitch.theta_4,0.13429622
37.7591,B,mrac.pitch.theta_5,0.14334927
37.7591,B,mrac.pitch.u_nom,0.049676552
37.7591,B,mrac.pitch.xm,-0.21690182
37.7591,B,mrac.roll.theta_0,0.14812177
37.7591,B,mrac.roll.theta_1,0.001495716
37.7591,B,mrac.roll.theta_2,0.0061961976
37.7591,B,mrac.roll.theta_3,0.0058808061
37.7591,B,mrac.roll.theta_4,0.14508487
37.7591,B,mrac.roll.theta_5,0.14056236
37.7591,B,mrac.roll.u_nom,0.046366021
37.7591,B,mrac.roll.xm,0.11573003
37.7591,B,mrac.yaw.theta_0,0.089258224
37.7591,B,mrac.yaw.theta_1,0.0018901066
37.7591,B,mrac.yaw.theta_2,0.0034381452
37.7591,B,mrac.yaw.theta_3,0
37.7591,B,mrac.yaw.theta_4,0.040515684
37.7591,B,mrac.yaw.theta_5,0.085539758
37.7591,B,mrac.yaw.u_nom,0.028722808
37.7591,B,mrac.yaw.xm,0.054648623
37.7591,B,mrac.z.theta_0,0.0080647757
37.7591,B,mrac.z.theta_1,0.0018271562
37.7591,B,mrac.z.theta_2,0.0057020914
37.7591,B,mrac.z.theta_3,0
37.7591,B,mrac.z.theta_4,0.19515219
37.7591,B,mrac.z.theta_5,0.18671983
37.7591,B,mrac.z.u_nom,-0.16286597
37.7591,B,mrac.z.xm,-0.062453028
37.7591,B,path.active_path_mode,0
37.7591,B,path.circle_theta,0
37.7591,B,path.sinusoid_t_elapsed,0
37.7591,B,path.twc_arrived,0
37.7591,B,path.twc_target_x,1.4901161e-06
37.7591,B,path.twc_target_y,0
37.7591,B,path.twc_target_z,0.60000002
37.7591,B,pid.gyrox.Des,6.6308398
37.7591,B,pid.gyrox.FB,2.0314419
37.7591,B,pid.gyrox.U,54.248245
37.7591,B,pid.gyroy.Des,-12.427554
37.7591,B,pid.gyroy.FB,-4.4087882
37.7591,B,pid.gyroy.U,58.121567
37.7591,B,pid.gyroz.Des,3.131134
37.7591,B,pid.gyroz.FB,-3.3454466
37.7591,B,pid.gyroz.U,53.769096
37.7591,B,pid.locx.Des,-57.872074
37.7591,B,pid.locx.FB,-31.056374
37.7591,B,pid.locx.U,-23.563133
37.7591,B,pid.locxs.Des,-23.563133
37.7591,B,pid.locxs.FB,1.0239406
37.7591,B,pid.locxs.U,-69.120621
37.7591,B,pid.locy.Des,8.2495899
37.7591,B,pid.locy.FB,28.953804
37.7591,B,pid.locy.U,-18.471123
37.7591,B,pid.locys.Des,-18.471123
37.7591,B,pid.locys.FB,-3.4571009
37.7591,B,pid.locys.U,-48.917755
37.7591,B,pid.pitch.Des,-4.7695165
37.7591,B,pid.pitch.FB,-0.69206554
37.7591,B,pid.pitch.U,-12.427554
37.7591,B,pid.roll.Des,1.271922
37.7591,B,pid.roll.FB,-0.82957798
37.7591,B,pid.roll.U,6.6308398
37.7591,B,pid.yaw.Des,40
37.7591,B,pid.yaw.FB,39.811478
37.7591,B,pid.yaw.U,3.131134
37.7591,B,pid.z_pos.Des,0.62994766
37.7591,B,pid.z_pos.FB,0.60989153
37.7591,B,pid.z_pos.U,-0.062453028
37.7591,B,pid.z_rate.Des,-0.062453028
37.7591,B,pid.z_rate.FB,-0.0046874094
37.7591,B,pid.z_rate.U,-36.156246
37.7591,B,status.vbat,0
37.9596,A,mrac.pitch.e,0.28209683
37.9596,A,mrac.pitch.u_ad,-0.038198426
37.9596,A,mrac.roll.e,-0.12375712
37.9596,A,mrac.roll.u_ad,0.17393968
37.9596,A,mrac.yaw.e,-0.02905342
37.9596,A,mrac.yaw.u_ad,0.095057197
37.9596,A,mrac.z.e,0.060040731
37.9596,A,mrac.z.u_ad,-0.036284164
37.9596,A,status.arm,1
37.9596,A,status.flymode,1
37.9596,A,status.rc_authority,0
37.9596,A,status.sbus_lost,0
37.9596,A,status.twc_arrived,0
37.9596,A,status.twc_execute,0
37.9596,B,mrac.pitch.theta_0,2.3204209e-15
37.9596,B,mrac.pitch.theta_1,0.004923746
37.9596,B,mrac.pitch.theta_2,0.00070507673
37.9596,B,mrac.pitch.theta_3,0.0062892558
37.9596,B,mrac.pitch.theta_4,0.13435183
37.9596,B,mrac.pitch.theta_5,0.14337552
37.9596,B,mrac.pitch.u_nom,-0.094454929
37.9596,B,mrac.pitch.xm,-0.20906802
37.9596,B,mrac.roll.theta_0,0.1484727
37.9596,B,mrac.roll.theta_1,0.0015108953
37.9596,B,mrac.roll.theta_2,0.006197107
37.9596,B,mrac.roll.theta_3,0.0058799586
37.9596,B,mrac.roll.theta_4,0.14511563
37.9596,B,mrac.roll.theta_5,0.14057398
37.9596,B,mrac.roll.u_nom,0.0071915356
37.9596,B,mrac.roll.xm,0.098540947
37.9596,B,mrac.yaw.theta_0,0.089294821
37.9596,B,mrac.yaw.theta_1,0.0018855331
37.9596,B,mrac.yaw.theta_2,0.0034382246
37.9596,B,mrac.yaw.theta_3,0
37.9596,B,mrac.yaw.theta_4,0.040518817
37.9596,B,mrac.yaw.theta_5,0.085532852
37.9596,B,mrac.yaw.u_nom,0.024261892
37.9596,B,mrac.yaw.xm,0.055961292
37.9596,B,mrac.z.theta_0,0.0076095187
37.9596,B,mrac.z.theta_1,0.0018289806
37.9596,B,mrac.z.theta_2,0.0057010399
37.9596,B,mrac.z.theta_3,0
37.9596,B,mrac.z.theta_4,0.19510213
37.9596,B,mrac.z.theta_5,0.18667296
37.9596,B,mrac.z.u_nom,-0.16736443
37.9596,B,mrac.z.xm,-0.060512986
37.9596,B,path.active_path_mode,0
37.9596,B,path.circle_theta,0
37.9596,B,path.sinusoid_t_elapsed,0
37.9596,B,path.twc_arrived,0
37.9596,B,path.twc_target_x,1.4901161e-06
37.9596,B,path.twc_target_y,0
37.9596,B,path.twc_target_z,0.60000002
37.9596,B,pid.gyrox.Des,5.645978
37.9596,B,pid.gyrox.FB,-0.22214058
37.9596,B,pid.gyrox.U,8.4140968
37.9596,B,pid.gyroy.Des,-11.97871
37.9596,B,pid.gyroy.FB,0.073250383
37.9596,B,pid.gyroy.U,-110.51227
37.9596,B,pid.gyroz.Des,3.2063446
37.9596,B,pid.gyroz.FB,-2.2121832
37.9596,B,pid.gyroz.U,45.418262
37.9596,B,pid.locx.Des,-57.872074
37.9596,B,pid.locx.FB,-30.48822
37.9596,B,pid.locx.U,-24.030008
37.9596,B,pid.locxs.Des,-24.030008
37.9596,B,pid.locxs.FB,2.4330878
37.9596,B,pid.locxs.U,-79.53775
37.9596,B,pid.locy.Des,8.2495899
37.9596,B,pid.locy.FB,28.479662
37.9596,B,pid.locy.U,-18.08164
37.9596,B,pid.locys.Des,-18.08164
37.9596,B,pid.locys.FB,-3.3286762
37.9596,B,pid.locys.U,-44.136749
37.9596,B,pid.pitch.Des,-4.9428363
37.9596,B,pid.pitch.FB,-0.89099455
37.9596,B,pid.pitch.U,-11.97871
37.9596,B,pid.roll.Des,1.9187239
37.9596,B,pid.roll.FB,-0.90598661
37.9596,B,pid.roll.U,5.645978
37.9596,B,pid.yaw.Des,40
37.9596,B,pid.yaw.FB,39.798943
37.9596,B,pid.yaw.U,3.2063446
37.9596,B,pid.z_pos.Des,0.62994766
37.9596,B,pid.z_pos.FB,0.60984999
37.9596,B,pid.z_pos.U,-0.060512986
37.9596,B,pid.z_rate.Des,-0.060512986
37.9596,B,pid.z_rate.FB,-0.00025072566
37.9596,B,pid.z_rate.U,-37.154903
37.9596,B,status.vbat,0
38.1770,A,mrac.pitch.e,0.28209683
38.1770,A,mrac.pitch.u_ad,-0.038198426
38.1770,A,mrac.roll.e,-0.12375712
38.1770,A,mrac.roll.u_ad,0.17393968
38.1770,A,mrac.yaw.e,-0.02905342
38.1770,A,mrac.yaw.u_ad,0.095057197
38.1770,A,mrac.z.e,0.060040731
38.1770,A,mrac.z.u_ad,-0.036284164
38.1770,A,status.arm,1
38.1770,A,status.flymode,1
38.1770,A,status.rc_authority,0
38.1770,A,status.sbus_lost,0
38.1770,A,status.twc_arrived,0
38.1770,A,status.twc_execute,0
38.1771,B,mrac.pitch.theta_0,2.3204209e-15
38.1771,B,mrac.pitch.theta_1,0.004923746
38.1771,B,mrac.pitch.theta_2,0.00070507673
38.1771,B,mrac.pitch.theta_3,0.0062892558
38.1771,B,mrac.pitch.theta_4,0.13435183
38.1771,B,mrac.pitch.theta_5,0.14337552
38.1771,B,mrac.pitch.u_nom,-0.094454929
38.1771,B,mrac.pitch.xm,-0.20906802
38.1771,B,mrac.roll.theta_0,0.1484727
38.1771,B,mrac.roll.theta_1,0.0015108953
38.1771,B,mrac.roll.theta_2,0.006197107
38.1771,B,mrac.roll.theta_3,0.0058799586
38.1771,B,mrac.roll.theta_4,0.14511563
38.1771,B,mrac.roll.theta_5,0.14057398
38.1771,B,mrac.roll.u_nom,0.0071915356
38.1771,B,mrac.roll.xm,0.098540947
38.1771,B,mrac.yaw.theta_0,0.089294821
38.1771,B,mrac.yaw.theta_1,0.0018855331
38.1771,B,mrac.yaw.theta_2,0.0034382246
38.1771,B,mrac.yaw.theta_3,0
38.1771,B,mrac.yaw.theta_4,0.040518817
38.1771,B,mrac.yaw.theta_5,0.085532852
38.1771,B,mrac.yaw.u_nom,0.024261892
38.1771,B,mrac.yaw.xm,0.055961292
38.1771,B,mrac.z.theta_0,0.0076095187
38.1771,B,mrac.z.theta_1,0.0018289806
38.1771,B,mrac.z.theta_2,0.0057010399
38.1771,B,mrac.z.theta_3,0
38.1771,B,mrac.z.theta_4,0.19510213
38.1771,B,mrac.z.theta_5,0.18667296
38.1771,B,mrac.z.u_nom,-0.16736443
38.1771,B,mrac.z.xm,-0.060512986
38.1771,B,path.active_path_mode,0
38.1771,B,path.circle_theta,0
38.1771,B,path.sinusoid_t_elapsed,0
38.1771,B,path.twc_arrived,0
38.1771,B,path.twc_target_x,1.4901161e-06
38.1771,B,path.twc_target_y,0
38.1771,B,path.twc_target_z,0.60000002
38.1771,B,pid.gyrox.Des,5.645978
38.1771,B,pid.gyrox.FB,-0.22214058
38.1771,B,pid.gyrox.U,8.4140968
38.1771,B,pid.gyroy.Des,-11.97871
38.1771,B,pid.gyroy.FB,0.073250383
38.1771,B,pid.gyroy.U,-110.51227
38.1771,B,pid.gyroz.Des,3.2063446
38.1771,B,pid.gyroz.FB,-2.2121832
38.1771,B,pid.gyroz.U,45.418262
38.1771,B,pid.locx.Des,-57.872074
38.1771,B,pid.locx.FB,-30.48822
38.1771,B,pid.locx.U,-24.030008
38.1771,B,pid.locxs.Des,-24.030008
38.1771,B,pid.locxs.FB,2.4330878
38.1771,B,pid.locxs.U,-79.53775
38.1771,B,pid.locy.Des,8.2495899
38.1771,B,pid.locy.FB,28.479662
38.1771,B,pid.locy.U,-18.08164
38.1771,B,pid.locys.Des,-18.08164
38.1771,B,pid.locys.FB,-3.3286762
38.1771,B,pid.locys.U,-44.136749
38.1771,B,pid.pitch.Des,-4.9428363
38.1771,B,pid.pitch.FB,-0.89099455
38.1771,B,pid.pitch.U,-11.97871
38.1771,B,pid.roll.Des,1.9187239
38.1771,B,pid.roll.FB,-0.90598661
38.1771,B,pid.roll.U,5.645978
38.1771,B,pid.yaw.Des,40
38.1771,B,pid.yaw.FB,39.798943
38.1771,B,pid.yaw.U,3.2063446
38.1771,B,pid.z_pos.Des,0.62994766
38.1771,B,pid.z_pos.FB,0.60984999
38.1771,B,pid.z_pos.U,-0.060512986
38.1771,B,pid.z_rate.Des,-0.060512986
38.1771,B,pid.z_rate.FB,-0.00025072566
38.1771,B,pid.z_rate.U,-37.154903
38.1771,B,status.vbat,0
38.3811,A,mrac.pitch.e,0.28209683
38.3811,A,mrac.pitch.u_ad,-0.038198426
38.3811,A,mrac.roll.e,-0.12375712
38.3811,A,mrac.roll.u_ad,0.17393968
38.3811,A,mrac.yaw.e,-0.02905342
38.3811,A,mrac.yaw.u_ad,0.095057197
38.3811,A,mrac.z.e,0.060040731
38.3811,A,mrac.z.u_ad,-0.036284164
38.3811,A,status.arm,1
38.3811,A,status.flymode,1
38.3811,A,status.rc_authority,0
38.3811,A,status.sbus_lost,0
38.3811,A,status.twc_arrived,0
38.3811,A,status.twc_execute,0
38.3813,B,mrac.pitch.theta_0,2.3204209e-15
38.3813,B,mrac.pitch.theta_1,0.004923746
38.3813,B,mrac.pitch.theta_2,0.00070507673
38.3813,B,mrac.pitch.theta_3,0.0062892558
38.3813,B,mrac.pitch.theta_4,0.13435183
38.3813,B,mrac.pitch.theta_5,0.14337552
38.3813,B,mrac.pitch.u_nom,-0.094454929
38.3813,B,mrac.pitch.xm,-0.20906802
38.3813,B,mrac.roll.theta_0,0.1484727
38.3813,B,mrac.roll.theta_1,0.0015108953
38.3813,B,mrac.roll.theta_2,0.006197107
38.3813,B,mrac.roll.theta_3,0.0058799586
38.3813,B,mrac.roll.theta_4,0.14511563
38.3813,B,mrac.roll.theta_5,0.14057398
38.3813,B,mrac.roll.u_nom,0.0071915356
38.3813,B,mrac.roll.xm,0.098540947
38.3813,B,mrac.yaw.theta_0,0.089294821
38.3813,B,mrac.yaw.theta_1,0.0018855331
38.3813,B,mrac.yaw.theta_2,0.0034382246
38.3813,B,mrac.yaw.theta_3,0
38.3813,B,mrac.yaw.theta_4,0.040518817
38.3813,B,mrac.yaw.theta_5,0.085532852
38.3813,B,mrac.yaw.u_nom,0.024261892
38.3813,B,mrac.yaw.xm,0.055961292
38.3813,B,mrac.z.theta_0,0.0076095187
38.3813,B,mrac.z.theta_1,0.0018289806
38.3813,B,mrac.z.theta_2,0.0057010399
38.3813,B,mrac.z.theta_3,0
38.3813,B,mrac.z.theta_4,0.19510213
38.3813,B,mrac.z.theta_5,0.18667296
38.3813,B,mrac.z.u_nom,-0.16736443
38.3813,B,mrac.z.xm,-0.060512986
38.3813,B,path.active_path_mode,0
38.3813,B,path.circle_theta,0
38.3813,B,path.sinusoid_t_elapsed,0
38.3813,B,path.twc_arrived,0
38.3813,B,path.twc_target_x,1.4901161e-06
38.3813,B,path.twc_target_y,0
38.3813,B,path.twc_target_z,0.60000002
38.3813,B,pid.gyrox.Des,5.645978
38.3813,B,pid.gyrox.FB,-0.22214058
38.3813,B,pid.gyrox.U,8.4140968
38.3813,B,pid.gyroy.Des,-11.97871
38.3813,B,pid.gyroy.FB,0.073250383
38.3813,B,pid.gyroy.U,-110.51227
38.3813,B,pid.gyroz.Des,3.2063446
38.3813,B,pid.gyroz.FB,-2.2121832
38.3813,B,pid.gyroz.U,45.418262
38.3813,B,pid.locx.Des,-57.872074
38.3813,B,pid.locx.FB,-30.48822
38.3813,B,pid.locx.U,-24.030008
38.3813,B,pid.locxs.Des,-24.030008
38.3813,B,pid.locxs.FB,2.4330878
38.3813,B,pid.locxs.U,-79.53775
38.3813,B,pid.locy.Des,8.2495899
38.3813,B,pid.locy.FB,28.479662
38.3813,B,pid.locy.U,-18.08164
38.3813,B,pid.locys.Des,-18.08164
38.3813,B,pid.locys.FB,-3.3286762
38.3813,B,pid.locys.U,-44.136749
38.3813,B,pid.pitch.Des,-4.9428363
38.3813,B,pid.pitch.FB,-0.89099455
38.3813,B,pid.pitch.U,-11.97871
38.3813,B,pid.roll.Des,1.9187239
38.3813,B,pid.roll.FB,-0.90598661
38.3813,B,pid.roll.U,5.645978
38.3813,B,pid.yaw.Des,40
38.3813,B,pid.yaw.FB,39.798943
38.3813,B,pid.yaw.U,3.2063446
38.3813,B,pid.z_pos.Des,0.62994766
38.3813,B,pid.z_pos.FB,0.60984999
38.3813,B,pid.z_pos.U,-0.060512986
38.3813,B,pid.z_rate.Des,-0.060512986
38.3813,B,pid.z_rate.FB,-0.00025072566
38.3813,B,pid.z_rate.U,-37.154903
38.3813,B,status.vbat,0
38.5945,A,mrac.pitch.e,0.28209683
38.5945,A,mrac.pitch.u_ad,-0.038198426
38.5945,A,mrac.roll.e,-0.12375712
38.5945,A,mrac.roll.u_ad,0.17393968
38.5945,A,mrac.yaw.e,-0.02905342
38.5945,A,mrac.yaw.u_ad,0.095057197
38.5945,A,mrac.z.e,0.060040731
38.5945,A,mrac.z.u_ad,-0.036284164
38.5945,A,status.arm,1
38.5945,A,status.flymode,1
38.5945,A,status.rc_authority,0
38.5945,A,status.sbus_lost,0
38.5945,A,status.twc_arrived,0
38.5945,A,status.twc_execute,0
38.5946,B,mrac.pitch.theta_0,2.3204209e-15
38.5946,B,mrac.pitch.theta_1,0.004923746
38.5946,B,mrac.pitch.theta_2,0.00070507673
38.5946,B,mrac.pitch.theta_3,0.0062892558
38.5946,B,mrac.pitch.theta_4,0.13435183
38.5946,B,mrac.pitch.theta_5,0.14337552
38.5946,B,mrac.pitch.u_nom,-0.094454929
38.5946,B,mrac.pitch.xm,-0.20906802
38.5946,B,mrac.roll.theta_0,0.1484727
38.5946,B,mrac.roll.theta_1,0.0015108953
38.5946,B,mrac.roll.theta_2,0.006197107
38.5946,B,mrac.roll.theta_3,0.0058799586
38.5946,B,mrac.roll.theta_4,0.14511563
38.5946,B,mrac.roll.theta_5,0.14057398
38.5946,B,mrac.roll.u_nom,0.0071915356
38.5946,B,mrac.roll.xm,0.098540947
38.5946,B,mrac.yaw.theta_0,0.089294821
38.5946,B,mrac.yaw.theta_1,0.0018855331
38.5946,B,mrac.yaw.theta_2,0.0034382246
38.5946,B,mrac.yaw.theta_3,0
38.5946,B,mrac.yaw.theta_4,0.040518817
38.5946,B,mrac.yaw.theta_5,0.085532852
38.5946,B,mrac.yaw.u_nom,0.024261892
38.5946,B,mrac.yaw.xm,0.055961292
38.5946,B,mrac.z.theta_0,0.0076095187
38.5946,B,mrac.z.theta_1,0.0018289806
38.5946,B,mrac.z.theta_2,0.0057010399
38.5946,B,mrac.z.theta_3,0
38.5946,B,mrac.z.theta_4,0.19510213
38.5946,B,mrac.z.theta_5,0.18667296
38.5946,B,mrac.z.u_nom,-0.16736443
38.5946,B,mrac.z.xm,-0.060512986
38.5946,B,path.active_path_mode,0
38.5946,B,path.circle_theta,0
38.5946,B,path.sinusoid_t_elapsed,0
38.5946,B,path.twc_arrived,0
38.5946,B,path.twc_target_x,1.4901161e-06
38.5946,B,path.twc_target_y,0
38.5946,B,path.twc_target_z,0.60000002
38.5946,B,pid.gyrox.Des,5.645978
38.5946,B,pid.gyrox.FB,-0.22214058
38.5946,B,pid.gyrox.U,8.4140968
38.5946,B,pid.gyroy.Des,-11.97871
38.5946,B,pid.gyroy.FB,0.073250383
38.5946,B,pid.gyroy.U,-110.51227
38.5946,B,pid.gyroz.Des,3.2063446
38.5946,B,pid.gyroz.FB,-2.2121832
38.5946,B,pid.gyroz.U,45.418262
38.5946,B,pid.locx.Des,-57.872074
38.5946,B,pid.locx.FB,-30.48822
38.5946,B,pid.locx.U,-24.030008
38.5946,B,pid.locxs.Des,-24.030008
38.5946,B,pid.locxs.FB,2.4330878
38.5946,B,pid.locxs.U,-79.53775
38.5946,B,pid.locy.Des,8.2495899
38.5946,B,pid.locy.FB,28.479662
38.5946,B,pid.locy.U,-18.08164
38.5946,B,pid.locys.Des,-18.08164
38.5946,B,pid.locys.FB,-3.3286762
38.5946,B,pid.locys.U,-44.136749
38.5946,B,pid.pitch.Des,-4.9428363
38.5946,B,pid.pitch.FB,-0.89099455
38.5946,B,pid.pitch.U,-11.97871
38.5946,B,pid.roll.Des,1.9187239
38.5946,B,pid.roll.FB,-0.90598661
38.5946,B,pid.roll.U,5.645978
38.5946,B,pid.yaw.Des,40
38.5946,B,pid.yaw.FB,39.798943
38.5946,B,pid.yaw.U,3.2063446
38.5946,B,pid.z_pos.Des,0.62994766
38.5946,B,pid.z_pos.FB,0.60984999
38.5946,B,pid.z_pos.U,-0.060512986
38.5946,B,pid.z_rate.Des,-0.060512986
38.5946,B,pid.z_rate.FB,-0.00025072566
38.5946,B,pid.z_rate.U,-37.154903
38.5946,B,status.vbat,0
38.8105,A,mrac.pitch.e,0.28209683
38.8105,A,mrac.pitch.u_ad,-0.038198426
38.8105,A,mrac.roll.e,-0.12375712
38.8105,A,mrac.roll.u_ad,0.17393968
38.8105,A,mrac.yaw.e,-0.02905342
38.8105,A,mrac.yaw.u_ad,0.095057197
38.8105,A,mrac.z.e,0.060040731
38.8105,A,mrac.z.u_ad,-0.036284164
38.8105,A,status.arm,1
38.8105,A,status.flymode,1
38.8105,A,status.rc_authority,0
38.8105,A,status.sbus_lost,0
38.8105,A,status.twc_arrived,0
38.8105,A,status.twc_execute,0
38.8106,B,mrac.pitch.theta_0,2.3204209e-15
38.8106,B,mrac.pitch.theta_1,0.004923746
38.8106,B,mrac.pitch.theta_2,0.00070507673
38.8106,B,mrac.pitch.theta_3,0.0062892558
38.8106,B,mrac.pitch.theta_4,0.13435183
38.8106,B,mrac.pitch.theta_5,0.14337552
38.8106,B,mrac.pitch.u_nom,-0.094454929
38.8106,B,mrac.pitch.xm,-0.20906802
38.8106,B,mrac.roll.theta_0,0.1484727
38.8106,B,mrac.roll.theta_1,0.0015108953
38.8106,B,mrac.roll.theta_2,0.006197107
38.8106,B,mrac.roll.theta_3,0.0058799586
38.8106,B,mrac.roll.theta_4,0.14511563
38.8106,B,mrac.roll.theta_5,0.14057398
38.8106,B,mrac.roll.u_nom,0.0071915356
38.8106,B,mrac.roll.xm,0.098540947
38.8106,B,mrac.yaw.theta_0,0.089294821
38.8106,B,mrac.yaw.theta_1,0.0018855331
38.8106,B,mrac.yaw.theta_2,0.0034382246
38.8106,B,mrac.yaw.theta_3,0
38.8106,B,mrac.yaw.theta_4,0.040518817
38.8106,B,mrac.yaw.theta_5,0.085532852
38.8106,B,mrac.yaw.u_nom,0.024261892
38.8106,B,mrac.yaw.xm,0.055961292
38.8106,B,mrac.z.theta_0,0.0076095187
38.8106,B,mrac.z.theta_1,0.0018289806
38.8106,B,mrac.z.theta_2,0.0057010399
38.8106,B,mrac.z.theta_3,0
38.8106,B,mrac.z.theta_4,0.19510213
38.8106,B,mrac.z.theta_5,0.18667296
38.8106,B,mrac.z.u_nom,-0.16736443
38.8106,B,mrac.z.xm,-0.060512986
38.8106,B,path.active_path_mode,0
38.8106,B,path.circle_theta,0
38.8106,B,path.sinusoid_t_elapsed,0
38.8106,B,path.twc_arrived,0
38.8106,B,path.twc_target_x,1.4901161e-06
38.8106,B,path.twc_target_y,0
38.8106,B,path.twc_target_z,0.60000002
38.8106,B,pid.gyrox.Des,5.645978
38.8106,B,pid.gyrox.FB,-0.22214058
38.8106,B,pid.gyrox.U,8.4140968
38.8106,B,pid.gyroy.Des,-11.97871
38.8106,B,pid.gyroy.FB,0.073250383
38.8106,B,pid.gyroy.U,-110.51227
38.8106,B,pid.gyroz.Des,3.2063446
38.8106,B,pid.gyroz.FB,-2.2121832
38.8106,B,pid.gyroz.U,45.418262
38.8106,B,pid.locx.Des,-57.872074
38.8106,B,pid.locx.FB,-30.48822
38.8106,B,pid.locx.U,-24.030008
38.8106,B,pid.locxs.Des,-24.030008
38.8106,B,pid.locxs.FB,2.4330878
38.8106,B,pid.locxs.U,-79.53775
38.8106,B,pid.locy.Des,8.2495899
38.8106,B,pid.locy.FB,28.479662
38.8106,B,pid.locy.U,-18.08164
38.8106,B,pid.locys.Des,-18.08164
38.8106,B,pid.locys.FB,-3.3286762
38.8106,B,pid.locys.U,-44.136749
38.8106,B,pid.pitch.Des,-4.9428363
38.8106,B,pid.pitch.FB,-0.89099455
38.8106,B,pid.pitch.U,-11.97871
38.8106,B,pid.roll.Des,1.9187239
38.8106,B,pid.roll.FB,-0.90598661
38.8106,B,pid.roll.U,5.645978
38.8106,B,pid.yaw.Des,40
38.8106,B,pid.yaw.FB,39.798943
38.8106,B,pid.yaw.U,3.2063446
38.8106,B,pid.z_pos.Des,0.62994766
38.8106,B,pid.z_pos.FB,0.60984999
38.8106,B,pid.z_pos.U,-0.060512986
38.8106,B,pid.z_rate.Des,-0.060512986
38.8106,B,pid.z_rate.FB,-0.00025072566
38.8106,B,pid.z_rate.U,-37.154903
38.8106,B,status.vbat,0
39.0136,A,mrac.pitch.e,0.28209683
39.0136,A,mrac.pitch.u_ad,-0.038198426
39.0136,A,mrac.roll.e,-0.12375712
39.0136,A,mrac.roll.u_ad,0.17393968
39.0136,A,mrac.yaw.e,-0.02905342
39.0136,A,mrac.yaw.u_ad,0.095057197
39.0136,A,mrac.z.e,0.060040731
39.0136,A,mrac.z.u_ad,-0.036284164
39.0136,A,status.arm,1
39.0136,A,status.flymode,1
39.0136,A,status.rc_authority,0
39.0136,A,status.sbus_lost,0
39.0136,A,status.twc_arrived,0
39.0136,A,status.twc_execute,0
39.0137,B,mrac.pitch.theta_0,2.3204209e-15
39.0137,B,mrac.pitch.theta_1,0.004923746
39.0137,B,mrac.pitch.theta_2,0.00070507673
39.0137,B,mrac.pitch.theta_3,0.0062892558
39.0137,B,mrac.pitch.theta_4,0.13435183
39.0137,B,mrac.pitch.theta_5,0.14337552
39.0137,B,mrac.pitch.u_nom,-0.094454929
39.0137,B,mrac.pitch.xm,-0.20906802
39.0137,B,mrac.roll.theta_0,0.1484727
39.0137,B,mrac.roll.theta_1,0.0015108953
39.0137,B,mrac.roll.theta_2,0.006197107
39.0137,B,mrac.roll.theta_3,0.0058799586
39.0137,B,mrac.roll.theta_4,0.14511563
39.0137,B,mrac.roll.theta_5,0.14057398
39.0137,B,mrac.roll.u_nom,0.0071915356
39.0137,B,mrac.roll.xm,0.098540947
39.0137,B,mrac.yaw.theta_0,0.089294821
39.0137,B,mrac.yaw.theta_1,0.0018855331
39.0137,B,mrac.yaw.theta_2,0.0034382246
39.0137,B,mrac.yaw.theta_3,0
39.0137,B,mrac.yaw.theta_4,0.040518817
39.0137,B,mrac.yaw.theta_5,0.085532852
39.0137,B,mrac.yaw.u_nom,0.024261892
39.0137,B,mrac.yaw.xm,0.055961292
39.0137,B,mrac.z.theta_0,0.0076095187
39.0137,B,mrac.z.theta_1,0.0018289806
39.0137,B,mrac.z.theta_2,0.0057010399
39.0137,B,mrac.z.theta_3,0
39.0137,B,mrac.z.theta_4,0.19510213
39.0137,B,mrac.z.theta_5,0.18667296
39.0137,B,mrac.z.u_nom,-0.16736443
39.0137,B,mrac.z.xm,-0.060512986
39.0137,B,path.active_path_mode,0
39.0137,B,path.circle_theta,0
39.0137,B,path.sinusoid_t_elapsed,0
39.0137,B,path.twc_arrived,0
39.0137,B,path.twc_target_x,1.4901161e-06
39.0137,B,path.twc_target_y,0
39.0137,B,path.twc_target_z,0.60000002
39.0137,B,pid.gyrox.Des,5.645978
39.0137,B,pid.gyrox.FB,-0.22214058
39.0137,B,pid.gyrox.U,8.4140968
39.0137,B,pid.gyroy.Des,-11.97871
39.0137,B,pid.gyroy.FB,0.073250383
39.0137,B,pid.gyroy.U,-110.51227
39.0137,B,pid.gyroz.Des,3.2063446
39.0137,B,pid.gyroz.FB,-2.2121832
39.0137,B,pid.gyroz.U,45.418262
39.0137,B,pid.locx.Des,-57.872074
39.0137,B,pid.locx.FB,-30.48822
39.0137,B,pid.locx.U,-24.030008
39.0137,B,pid.locxs.Des,-24.030008
39.0137,B,pid.locxs.FB,2.4330878
39.0137,B,pid.locxs.U,-79.53775
39.0137,B,pid.locy.Des,8.2495899
39.0137,B,pid.locy.FB,28.479662
39.0137,B,pid.locy.U,-18.08164
39.0137,B,pid.locys.Des,-18.08164
39.0137,B,pid.locys.FB,-3.3286762
39.0137,B,pid.locys.U,-44.136749
39.0137,B,pid.pitch.Des,-4.9428363
39.0137,B,pid.pitch.FB,-0.89099455
39.0137,B,pid.pitch.U,-11.97871
39.0137,B,pid.roll.Des,1.9187239
39.0137,B,pid.roll.FB,-0.90598661
39.0137,B,pid.roll.U,5.645978
39.0137,B,pid.yaw.Des,40
39.0137,B,pid.yaw.FB,39.798943
39.0137,B,pid.yaw.U,3.2063446
39.0137,B,pid.z_pos.Des,0.62994766
39.0137,B,pid.z_pos.FB,0.60984999
39.0137,B,pid.z_pos.U,-0.060512986
39.0137,B,pid.z_rate.Des,-0.060512986
39.0137,B,pid.z_rate.FB,-0.00025072566
39.0137,B,pid.z_rate.U,-37.154903
39.0137,B,status.vbat,0
39.2271,A,mrac.pitch.e,0.28209683
39.2271,A,mrac.pitch.u_ad,-0.038198426
39.2271,A,mrac.roll.e,-0.12375712
39.2271,A,mrac.roll.u_ad,0.17393968
39.2271,A,mrac.yaw.e,-0.02905342
39.2271,A,mrac.yaw.u_ad,0.095057197
39.2271,A,mrac.z.e,0.060040731
39.2271,A,mrac.z.u_ad,-0.036284164
39.2271,A,status.arm,1
39.2271,A,status.flymode,1
39.2271,A,status.rc_authority,0
39.2271,A,status.sbus_lost,0
39.2271,A,status.twc_arrived,0
39.2271,A,status.twc_execute,0
39.2271,B,mrac.pitch.theta_0,2.3204209e-15
39.2271,B,mrac.pitch.theta_1,0.004923746
39.2271,B,mrac.pitch.theta_2,0.00070507673
39.2271,B,mrac.pitch.theta_3,0.0062892558
39.2271,B,mrac.pitch.theta_4,0.13435183
39.2271,B,mrac.pitch.theta_5,0.14337552
39.2271,B,mrac.pitch.u_nom,-0.094454929
39.2271,B,mrac.pitch.xm,-0.20906802
39.2271,B,mrac.roll.theta_0,0.1484727
39.2271,B,mrac.roll.theta_1,0.0015108953
39.2271,B,mrac.roll.theta_2,0.006197107
39.2271,B,mrac.roll.theta_3,0.0058799586
39.2271,B,mrac.roll.theta_4,0.14511563
39.2271,B,mrac.roll.theta_5,0.14057398
39.2271,B,mrac.roll.u_nom,0.0071915356
39.2271,B,mrac.roll.xm,0.098540947
39.2271,B,mrac.yaw.theta_0,0.089294821
39.2271,B,mrac.yaw.theta_1,0.0018855331
39.2271,B,mrac.yaw.theta_2,0.0034382246
39.2271,B,mrac.yaw.theta_3,0
39.2271,B,mrac.yaw.theta_4,0.040518817
39.2271,B,mrac.yaw.theta_5,0.085532852
39.2271,B,mrac.yaw.u_nom,0.024261892
39.2271,B,mrac.yaw.xm,0.055961292
39.2271,B,mrac.z.theta_0,0.0076095187
39.2271,B,mrac.z.theta_1,0.0018289806
39.2271,B,mrac.z.theta_2,0.0057010399
39.2271,B,mrac.z.theta_3,0
39.2271,B,mrac.z.theta_4,0.19510213
39.2271,B,mrac.z.theta_5,0.18667296
39.2271,B,mrac.z.u_nom,-0.16736443
39.2271,B,mrac.z.xm,-0.060512986
39.2271,B,path.active_path_mode,0
39.2271,B,path.circle_theta,0
39.2271,B,path.sinusoid_t_elapsed,0
39.2271,B,path.twc_arrived,0
39.2271,B,path.twc_target_x,1.4901161e-06
39.2271,B,path.twc_target_y,0
39.2271,B,path.twc_target_z,0.60000002
39.2271,B,pid.gyrox.Des,5.645978
39.2271,B,pid.gyrox.FB,-0.22214058
39.2271,B,pid.gyrox.U,8.4140968
39.2271,B,pid.gyroy.Des,-11.97871
39.2271,B,pid.gyroy.FB,0.073250383
39.2271,B,pid.gyroy.U,-110.51227
39.2271,B,pid.gyroz.Des,3.2063446
39.2271,B,pid.gyroz.FB,-2.2121832
39.2271,B,pid.gyroz.U,45.418262
39.2271,B,pid.locx.Des,-57.872074
39.2271,B,pid.locx.FB,-30.48822
39.2271,B,pid.locx.U,-24.030008
39.2271,B,pid.locxs.Des,-24.030008
39.2271,B,pid.locxs.FB,2.4330878
39.2271,B,pid.locxs.U,-79.53775
39.2271,B,pid.locy.Des,8.2495899
39.2271,B,pid.locy.FB,28.479662
39.2271,B,pid.locy.U,-18.08164
39.2271,B,pid.locys.Des,-18.08164
39.2271,B,pid.locys.FB,-3.3286762
39.2271,B,pid.locys.U,-44.136749
39.2271,B,pid.pitch.Des,-4.9428363
39.2271,B,pid.pitch.FB,-0.89099455
39.2271,B,pid.pitch.U,-11.97871
39.2271,B,pid.roll.Des,1.9187239
39.2271,B,pid.roll.FB,-0.90598661
39.2271,B,pid.roll.U,5.645978
39.2271,B,pid.yaw.Des,40
39.2271,B,pid.yaw.FB,39.798943
39.2271,B,pid.yaw.U,3.2063446
39.2271,B,pid.z_pos.Des,0.62994766
39.2271,B,pid.z_pos.FB,0.60984999
39.2271,B,pid.z_pos.U,-0.060512986
39.2271,B,pid.z_rate.Des,-0.060512986
39.2271,B,pid.z_rate.FB,-0.00025072566
39.2271,B,pid.z_rate.U,-37.154903
39.2271,B,status.vbat,0
39.4275,A,mrac.pitch.e,0.19527963
39.4275,A,mrac.pitch.u_ad,-0.040199522
39.4275,A,mrac.roll.e,-0.052760951
39.4275,A,mrac.roll.u_ad,0.17415044
39.4275,A,mrac.yaw.e,-0.030451512
39.4275,A,mrac.yaw.u_ad,0.082335614
39.4275,A,mrac.z.e,0.1522714
39.4275,A,mrac.z.u_ad,-0.050908618
39.4275,A,status.arm,1
39.4275,A,status.flymode,1
39.4275,A,status.rc_authority,0
39.4275,A,status.sbus_lost,0
39.4275,A,status.twc_arrived,0
39.4275,A,status.twc_execute,0
39.4275,B,mrac.pitch.theta_0,1.7058747e-18
39.4275,B,mrac.pitch.theta_1,0.0049828538
39.4275,B,mrac.pitch.theta_2,0.00069826125
39.4275,B,mrac.pitch.theta_3,0.0062834332
39.4275,B,mrac.pitch.theta_4,0.13495295
39.4275,B,mrac.pitch.theta_5,0.14360709
39.4275,B,mrac.pitch.u_nom,0.0050552627
39.4275,B,mrac.pitch.xm,-0.21836416
39.4275,B,mrac.roll.theta_0,0.14861043
39.4275,B,mrac.roll.theta_1,0.001441426
39.4275,B,mrac.roll.theta_2,0.0062276046
39.4275,B,mrac.roll.theta_3,0.0058760107
39.4275,B,mrac.roll.theta_4,0.14556713
39.4275,B,mrac.roll.theta_5,0.14058962
39.4275,B,mrac.roll.u_nom,0.13642147
39.4275,B,mrac.roll.xm,0.14971063
39.4275,B,mrac.yaw.theta_0,0.084981263
39.4275,B,mrac.yaw.theta_1,0.0018539227
39.4275,B,mrac.yaw.theta_2,0.0034380271
39.4275,B,mrac.yaw.theta_3,0
39.4275,B,mrac.yaw.theta_4,0.040527716
39.4275,B,mrac.yaw.theta_5,0.085490555
39.4275,B,mrac.yaw.u_nom,-0.004698386
39.4275,B,mrac.yaw.xm,-0.022610115
39.4275,B,mrac.z.theta_0,0.014215025
39.4275,B,mrac.z.theta_1,0.0016941037
39.4275,B,mrac.z.theta_2,0.0056955195
39.4275,B,mrac.z.theta_3,0
39.4275,B,mrac.z.theta_4,0.19492334
39.4275,B,mrac.z.theta_5,0.18634722
39.4275,B,mrac.z.u_nom,-0.14263152
39.4275,B,mrac.z.xm,-0.049401764
39.4275,B,path.active_path_mode,0
39.4275,B,path.circle_theta,0
39.4275,B,path.sinusoid_t_elapsed,0
39.4275,B,path.twc_arrived,0
39.4275,B,path.twc_target_x,1.4901161e-06
39.4275,B,path.twc_target_y,0
39.4275,B,path.twc_target_z,0.60000002
39.4275,B,pid.gyrox.Des,8.5777836
39.4275,B,pid.gyrox.FB,-6.5744119
39.4275,B,pid.gyrox.U,159.61313
39.4275,B,pid.gyroy.Des,-12.51134
39.4275,B,pid.gyroy.FB,0.8031798
39.4275,B,pid.gyroy.U,5.9146576
39.4275,B,pid.gyroz.Des,-1.2954636
39.4275,B,pid.gyroz.FB,0.038675729
39.4275,B,pid.gyroz.U,-8.7953787
39.4275,B,pid.locx.Des,-57.872074
39.4275,B,pid.locx.FB,-28.744694
39.4275,B,pid.locx.U,-25.379526
39.4275,B,pid.locxs.Des,-25.379526
39.4275,B,pid.locxs.FB,-0.11587018
39.4275,B,pid.locxs.U,-75.881882
39.4275,B,pid.locy.Des,8.2495899
39.4275,B,pid.locy.FB,30.717268
39.4275,B,pid.locy.U,-20.065657
39.4275,B,pid.locys.Des,-20.065657
39.4275,B,pid.locys.FB,1.4094589
39.4275,B,pid.locys.U,-64.53508
39.4275,B,pid.pitch.Des,-5.7211671
39.4275,B,pid.pitch.FB,-1.6789982
39.4275,B,pid.pitch.U,-12.51134
39.4275,B,pid.roll.Des,0.94200051
39.4275,B,pid.roll.FB,-1.8161882
39.4275,B,pid.roll.U,8.5777836
39.4275,B,pid.yaw.Des,40
39.4275,B,pid.yaw.FB,40.300369
39.4275,B,pid.yaw.U,-1.2954636
39.4275,B,pid.z_pos.Des,0.62994766
39.4275,B,pid.z_pos.FB,0.6094318
39.4275,B,pid.z_pos.U,-0.049401764
39.4275,B,pid.z_rate.Des,-0.049401764
39.4275,B,pid.z_rate.FB,-0.0028662765
39.4275,B,pid.z_rate.U,-31.664196
39.4275,B,status.vbat,0
