t_s,frame,key,value
0.1178,A,mrac.pitch.e,0.089029312
0.1178,A,mrac.pitch.u_ad,-0.15909733
0.1178,A,mrac.roll.e,-0.063771561
0.1178,A,mrac.roll.u_ad,0.1531668
0.1178,A,mrac.yaw.e,0.0097667743
0.1178,A,mrac.yaw.u_ad,0.08426901
0.1178,A,mrac.z.e,0
0.1178,A,mrac.z.u_ad,0
0.1178,A,status.arm,0
0.1178,A,status.estimator_ready,1
0.1178,A,status.flymode,1
0.1178,A,status.of_hold,0
0.1178,A,status.rc_authority,0
0.1178,A,status.sbus_lost,0
0.1178,A,status.twc_arrived,0
0.1178,A,status.twc_execute,0
0.1178,B,mrac.pitch.theta_0,-0.14835708
0.1178,B,mrac.pitch.theta_1,0.0058955499
0.1178,B,mrac.pitch.theta_2,4.0931351e-08
0.1178,B,mrac.pitch.theta_3,9.5774943e-05
0.1178,B,mrac.pitch.theta_4,0.053491905
0.1178,B,mrac.pitch.theta_5,0.14462335
0.1178,B,mrac.pitch.u_nom,-0.011621883
0.1178,B,mrac.pitch.xm,-0.066372909
0.1178,B,mrac.roll.theta_0,0.1482569
0.1178,B,mrac.roll.theta_1,0.0051471433
0.1178,B,mrac.roll.theta_2,0.00019856927
0.1178,B,mrac.roll.theta_3,8.9136542e-05
0.1178,B,mrac.roll.theta_4,0.042136777
0.1178,B,mrac.roll.theta_5,0.14155136
0.1178,B,mrac.roll.u_nom,0.022599848
0.1178,B,mrac.roll.xm,0.030671326
0.1178,B,mrac.yaw.theta_0,0.084266141
0.1178,B,mrac.yaw.theta_1,0.0035770005
0.1178,B,mrac.yaw.theta_2,0.00029799598
0.1178,B,mrac.yaw.theta_3,0
0.1178,B,mrac.yaw.theta_4,0.067948818
0.1178,B,mrac.yaw.theta_5,0.089290626
0.1178,B,mrac.yaw.u_nom,0.0027175839
0.1178,B,mrac.yaw.xm,0.00023278734
0.1178,B,mrac.z.theta_0,0
0.1178,B,mrac.z.theta_1,0
0.1178,B,mrac.z.theta_2,0
0.1178,B,mrac.z.theta_3,0
0.1178,B,mrac.z.theta_4,0
0.1178,B,mrac.z.theta_5,0
0.1178,B,mrac.z.u_nom,0
0.1178,B,mrac.z.xm,0
0.1178,B,path.active_path_mode,0
0.1178,B,path.circle_theta,0
0.1178,B,path.sinusoid_t_elapsed,0
0.1178,B,path.twc_arrived,0
0.1178,B,path.twc_target_x,0
0.1178,B,path.twc_target_y,0
0.1178,B,path.twc_target_z,0
0.1178,B,pid.gyrox.Des,1.7573369
0.1178,B,pid.gyrox.FB,-1.1734402
0.1178,B,pid.gyrox.U,26.441822
0.1178,B,pid.gyroy.Des,-3.8028858
0.1178,B,pid.gyroy.FB,-1.9557157
0.1178,B,pid.gyroy.U,-13.597603
0.1178,B,pid.gyroz.Des,0.013337727
0.1178,B,pid.gyroz.FB,-0.62338924
0.1178,B,pid.gyroz.U,5.087317
0.1178,B,pid.locx.Des,55.420872
0.1178,B,pid.locx.FB,55.420872
0.1178,B,pid.locx.U,-2
0.1178,B,pid.locxs.Des,-2
0.1178,B,pid.locxs.FB,1.0794456
0.1178,B,pid.locxs.U,-9.2392368
0.1178,B,pid.locy.Des,1.4197141
0.1178,B,pid.locy.FB,1.4197141
0.1178,B,pid.locy.U,-2
0.1178,B,pid.locys.Des,-2
0.1178,B,pid.locys.FB,-0.91367233
0.1178,B,pid.locys.U,-3.2600467
0.1178,B,pid.pitch.Des,-0.0141223
0.1178,B,pid.pitch.FB,1.2498668
0.1178,B,pid.pitch.U,-3.8028858
0.1178,B,pid.roll.Des,0.0012290954
0.1178,B,pid.roll.FB,-0.55606997
0.1178,B,pid.roll.U,1.7573369
0.1178,B,pid.yaw.Des,-4.7545123
0.1178,B,pid.yaw.FB,-4.7545123
0.1178,B,pid.yaw.U,0.013337727
0.1178,B,pid.z_pos.Des,0
0.1178,B,pid.z_pos.FB,0
0.1178,B,pid.z_pos.U,0
0.1178,B,pid.z_rate.Des,0
0.1178,B,pid.z_rate.FB,0
0.1178,B,pid.z_rate.U,0
0.1178,B,status.vbat,16.188305
0.3150,A,mrac.pitch.e,0.073169671
0.3150,A,mrac.pitch.u_ad,-0.16042626
0.3150,A,mrac.roll.e,-0.060447056
0.3150,A,mrac.roll.u_ad,0.15305105
0.3150,A,mrac.yaw.e,-0.013706557
0.3150,A,mrac.yaw.u_ad,0.08343076
0.3150,A,mrac.z.e,0
0.3150,A,mrac.z.u_ad,0
0.3150,A,status.arm,0
0.3150,A,status.estimator_ready,1
0.3150,A,status.flymode,1
0.3150,A,status.of_hold,0
0.3150,A,status.rc_authority,0
0.3150,A,status.sbus_lost,0
0.3150,A,status.twc_arrived,0
0.3150,A,status.twc_execute,0
0.3150,B,mrac.pitch.theta_0,-0.14838631
0.3150,B,mrac.pitch.theta_1,0.0058766608
0.3150,B,mrac.pitch.theta_2,4.0922053e-08
0.3150,B,mrac.pitch.theta_3,9.602918e-05
0.3150,B,mrac.pitch.theta_4,0.053496141
0.3150,B,mrac.pitch.theta_5,0.14458676
0.3150,B,mrac.pitch.u_nom,-0.0072203553
0.3150,B,mrac.pitch.xm,-0.073335938
0.3150,B,mrac.roll.theta_0,0.1480263
0.3150,B,mrac.roll.theta_1,0.0051355297
0.3150,B,mrac.roll.theta_2,0.0001986976
0.3150,B,mrac.roll.theta_3,8.9242501e-05
0.3150,B,mrac.roll.theta_4,0.04213744
0.3150,B,mrac.roll.theta_5,0.14153525
0.3150,B,mrac.roll.u_nom,0.0091106026
0.3150,B,mrac.roll.xm,0.033707161
0.3150,B,mrac.yaw.theta_0,0.083486713
0.3150,B,mrac.yaw.theta_1,0.0035742063
0.3150,B,mrac.yaw.theta_2,0.00029797759
0.3150,B,mrac.yaw.theta_3,0
0.3150,B,mrac.yaw.theta_4,0.06794773
0.3150,B,mrac.yaw.theta_5,0.089287721
0.3150,B,mrac.yaw.u_nom,-0.0056254496
0.3150,B,mrac.yaw.xm,-0.001087782
0.3150,B,mrac.z.theta_0,0
0.3150,B,mrac.z.theta_1,0
0.3150,B,mrac.z.theta_2,0
0.3150,B,mrac.z.theta_3,0
0.3150,B,mrac.z.theta_4,0
0.3150,B,mrac.z.theta_5,0
0.3150,B,mrac.z.u_nom,0
0.3150,B,mrac.z.xm,0
0.3150,B,path.active_path_mode,0
0.3150,B,path.circle_theta,0
0.3150,B,path.sinusoid_t_elapsed,0
0.3150,B,path.twc_arrived,0
0.3150,B,path.twc_target_x,0
0.3150,B,path.twc_target_y,0
0.3150,B,path.twc_target_z,0
0.3150,B,pid.gyrox.Des,1.9312773
0.3150,B,pid.gyrox.FB,-0.85754228
0.3150,B,pid.gyrox.U,10.659405
0.3150,B,pid.gyroy.Des,-4.201838
0.3150,B,pid.gyroy.FB,-0.2142278
0.3150,B,pid.gyroy.U,-8.4478159
0.3150,B,pid.gyroz.Des,-0.062325288
0.3150,B,pid.gyroz.FB,1.2562786
0.3150,B,pid.gyroz.U,-10.530842
0.3150,B,pid.locx.Des,55.420872
0.3150,B,pid.locx.FB,55.420872
0.3150,B,pid.locx.U,-2
0.3150,B,pid.locxs.Des,-2
0.3150,B,pid.locxs.FB,1.0779926
0.3150,B,pid.locxs.U,-9.2323761
0.3150,B,pid.locy.Des,1.4197141
0.3150,B,pid.locy.FB,1.4197141
0.3150,B,pid.locy.U,-2
0.3150,B,pid.locys.Des,-2
0.3150,B,pid.locys.FB,-0.91538632
0.3150,B,pid.locys.U,-3.2519555
0.3150,B,pid.pitch.Des,0.016580809
0.3150,B,pid.pitch.FB,1.3645937
0.3150,B,pid.pitch.U,-4.201838
0.3150,B,pid.roll.Des,0.0012290392
0.3150,B,pid.roll.FB,-0.6075151
0.3150,B,pid.roll.U,1.9312773
0.3150,B,pid.yaw.Des,-4.6634774
0.3150,B,pid.yaw.FB,-4.6634774
0.3150,B,pid.yaw.U,-0.062325288
0.3150,B,pid.z_pos.Des,0
0.3150,B,pid.z_pos.FB,0
0.3150,B,pid.z_pos.U,0
0.3150,B,pid.z_rate.Des,0
0.3150,B,pid.z_rate.FB,0
0.3150,B,pid.z_rate.U,0
0.3150,B,status.vbat,16.188305
0.5317,A,mrac.pitch.e,0.062235698
0.5317,A,mrac.pitch.u_ad,-0.15947895
0.5317,A,mrac.roll.e,-0.014491573
0.5317,A,mrac.roll.u_ad,0.15288271
0.5317,A,mrac.yaw.e,-0.016454175
0.5317,A,mrac.yaw.u_ad,0.083606079
0.5317,A,mrac.z.e,0
0.5317,A,mrac.z.u_ad,0
0.5317,A,status.arm,0
0.5317,A,status.estimator_ready,1
0.5317,A,status.flymode,1
0.5317,A,status.of_hold,0
0.5317,A,status.rc_authority,0
0.5317,A,status.sbus_lost,0
0.5317,A,status.twc_arrived,0
0.5317,A,status.twc_execute,0
0.5317,B,mrac.pitch.theta_0,-0.14840299
0.5317,B,mrac.pitch.theta_1,0.0058675287
0.5317,B,mrac.pitch.theta_2,4.0916493e-08
0.5317,B,mrac.pitch.theta_3,9.6065611e-05
0.5317,B,mrac.pitch.theta_4,0.053498875
0.5317,B,mrac.pitch.theta_5,0.14456446
0.5317,B,mrac.pitch.u_nom,-0.014569013
0.5317,B,mrac.pitch.xm,-0.070836484
0.5317,B,mrac.roll.theta_0,0.14802699
0.5317,B,mrac.roll.theta_1,0.0051313876
0.5317,B,mrac.roll.theta_2,0.00019873996
0.5317,B,mrac.roll.theta_3,8.9269684e-05
0.5317,B,mrac.roll.theta_4,0.042137731
0.5317,B,mrac.roll.theta_5,0.14152825
0.5317,B,mrac.roll.u_nom,0.0092150429
0.5317,B,mrac.roll.xm,0.03417559
0.5317,B,mrac.yaw.theta_0,0.083572119
0.5317,B,mrac.yaw.theta_1,0.0035706044
0.5317,B,mrac.yaw.theta_2,0.00029815876
0.5317,B,mrac.yaw.theta_3,0
0.5317,B,mrac.yaw.theta_4,0.067946926
0.5317,B,mrac.yaw.theta_5,0.089284725
0.5317,B,mrac.yaw.u_nom,-0.00045947151
0.5317,B,mrac.yaw.xm,-0.00062984787
0.5317,B,mrac.z.theta_0,0
0.5317,B,mrac.z.theta_1,0
0.5317,B,mrac.z.theta_2,0
0.5317,B,mrac.z.theta_3,0
0.5317,B,mrac.z.theta_4,0
0.5317,B,mrac.z.theta_5,0
0.5317,B,mrac.z.u_nom,0
0.5317,B,mrac.z.xm,0
0.5317,B,path.active_path_mode,0
0.5317,B,path.circle_theta,0
0.5317,B,path.sinusoid_t_elapsed,0
0.5317,B,path.twc_arrived,0
0.5317,B,path.twc_target_x,0
0.5317,B,path.twc_target_y,0
0.5317,B,path.twc_target_z,0
0.5317,B,pid.gyrox.Des,1.9581162
0.5317,B,pid.gyrox.FB,-1.1741436
0.5317,B,pid.gyrox.U,10.7816
0.5317,B,pid.gyroy.Des,-4.05863
0.5317,B,pid.gyroy.FB,1.263405
0.5317,B,pid.gyroy.U,-17.045746
0.5317,B,pid.gyroz.Des,-0.03608761
0.5317,B,pid.gyroz.FB,0.075654596
0.5317,B,pid.gyroz.U,-0.86013067
0.5317,B,pid.locx.Des,55.420872
0.5317,B,pid.locx.FB,55.420872
0.5317,B,pid.locx.U,-2
0.5317,B,pid.locxs.Des,-2
0.5317,B,pid.locxs.FB,1.0788398
0.5317,B,pid.locxs.U,-9.2349653
0.5317,B,pid.locy.Des,1.4197141
0.5317,B,pid.locy.FB,1.4197141
0.5317,B,pid.locy.U,-2
0.5317,B,pid.locys.Des,-2
0.5317,B,pid.locys.FB,-0.91438752
0.5317,B,pid.locys.U,-3.2550042
0.5317,B,pid.pitch.Des,0.016580807
0.5317,B,pid.pitch.FB,1.3797023
0.5317,B,pid.pitch.U,-4.05863
0.5317,B,pid.roll.Des,0.0012290315
0.5317,B,pid.roll.FB,-0.60812902
0.5317,B,pid.roll.U,1.9581162
0.5317,B,pid.yaw.Des,-4.7165394
0.5317,B,pid.yaw.FB,-4.7165394
0.5317,B,pid.yaw.U,-0.03608761
0.5317,B,pid.z_pos.Des,0
0.5317,B,pid.z_pos.FB,0
0.5317,B,pid.z_pos.U,0
0.5317,B,pid.z_rate.Des,0
0.5317,B,pid.z_rate.FB,0
0.5317,B,pid.z_rate.U,0
0.5317,B,status.vbat,16.188305
0.7323,A,mrac.pitch.e,0.085816428
0.7323,A,mrac.pitch.u_ad,-0.15986764
0.7323,A,mrac.roll.e,-0.014318744
0.7323,A,mrac.roll.u_ad,0.15269272
0.7323,A,mrac.yaw.e,-0.024959326
0.7323,A,mrac.yaw.u_ad,0.083600156
0.7323,A,mrac.z.e,0
0.7323,A,mrac.z.u_ad,0
0.7323,A,status.arm,0
0.7323,A,status.estimator_ready,1
0.7323,A,status.flymode,1
0.7323,A,status.of_hold,0
0.7323,A,status.rc_authority,0
0.7323,A,status.sbus_lost,0
0.7323,A,status.twc_arrived,0
0.7323,A,status.twc_execute,0
0.7324,B,mrac.pitch.theta_0,-0.14841066
0.7324,B,mrac.pitch.theta_1,0.0058548292
0.7324,B,mrac.pitch.theta_2,4.0909004e-08
0.7324,B,mrac.pitch.theta_3,9.6130971e-05
0.7324,B,mrac.pitch.theta_4,0.053502589
0.7324,B,mrac.pitch.theta_5,0.14453357
0.7324,B,mrac.pitch.u_nom,-0.03040982
0.7324,B,mrac.pitch.xm,-0.069776081
0.7324,B,mrac.roll.theta_0,0.14803618
0.7324,B,mrac.roll.theta_1,0.0051235119
0.7324,B,mrac.roll.theta_2,0.00019885482
0.7324,B,mrac.roll.theta_3,8.9280045e-05
0.7324,B,mrac.roll.theta_4,0.04213915
0.7324,B,mrac.roll.theta_5,0.14151727
0.7324,B,mrac.roll.u_nom,0.009964454
0.7324,B,mrac.roll.xm,0.035903022
0.7324,B,mrac.yaw.theta_0,0.083700232
0.7324,B,mrac.yaw.theta_1,0.0035687422
0.7324,B,mrac.yaw.theta_2,0.00029827462
0.7324,B,mrac.yaw.theta_3,0
0.7324,B,mrac.yaw.theta_4,0.067946747
0.7324,B,mrac.yaw.theta_5,0.089283481
0.7324,B,mrac.yaw.u_nom,-8.1241042e-06
0.7324,B,mrac.yaw.xm,-3.3528213e-05
0.7324,B,mrac.z.theta_0,0
0.7324,B,mrac.z.theta_1,0
0.7324,B,mrac.z.theta_2,0
0.7324,B,mrac.z.theta_3,0
0.7324,B,mrac.z.theta_4,0
0.7324,B,mrac.z.theta_5,0
0.7324,B,mrac.z.u_nom,0
0.7324,B,mrac.z.xm,0
0.7324,B,path.active_path_mode,0
0.7324,B,path.circle_theta,0
0.7324,B,path.sinusoid_t_elapsed,0
0.7324,B,path.twc_arrived,0
0.7324,B,path.twc_target_x,0
0.7324,B,path.twc_target_y,0
0.7324,B,path.twc_target_z,0
0.7324,B,pid.gyrox.Des,2.0570908
0.7324,B,pid.gyrox.FB,-2.4379063
0.7324,B,pid.gyrox.U,11.658411
0.7324,B,pid.gyroy.Des,-3.9978733
0.7324,B,pid.gyroy.FB,2.094032
0.7324,B,pid.gyroy.U,-35.579491
0.7324,B,pid.gyroz.Des,-0.0019210243
0.7324,B,pid.gyroz.FB,-0
0.7324,B,pid.gyroz.U,-0.015208323
0.7324,B,pid.locx.Des,55.420872
0.7324,B,pid.locx.FB,55.420872
0.7324,B,pid.locx.U,-2
0.7324,B,pid.locxs.Des,-2
0.7324,B,pid.locxs.FB,1.0793498
0.7324,B,pid.locxs.U,-9.2386246
0.7324,B,pid.locy.Des,1.4197141
0.7324,B,pid.locy.FB,1.4197141
0.7324,B,pid.locy.U,-2
0.7324,B,pid.locys.Des,-2
0.7324,B,pid.locys.FB,-0.91378564
0.7324,B,pid.locys.U,-3.2593257
0.7324,B,pid.pitch.Des,0.016580772
0.7324,B,pid.pitch.FB,1.3670379
0.7324,B,pid.pitch.U,-3.9978733
0.7324,B,pid.roll.Des,0.0012290381
0.7324,B,pid.roll.FB,-0.62000495
0.7324,B,pid.roll.U,2.0570908
0.7324,B,pid.yaw.Des,-4.7484994
0.7324,B,pid.yaw.FB,-4.7484994
0.7324,B,pid.yaw.U,-0.0019210243
0.7324,B,pid.z_pos.Des,0
0.7324,B,pid.z_pos.FB,0
0.7324,B,pid.z_pos.U,0
0.7324,B,pid.z_rate.Des,0
0.7324,B,pid.z_rate.FB,0
0.7324,B,pid.z_rate.U,0
0.7324,B,status.vbat,16.188305
0.9483,A,mrac.pitch.e,0.06027934
0.9483,A,mrac.pitch.u_ad,-0.15970005
0.9483,A,mrac.roll.e,-0.027269546
0.9483,A,mrac.roll.u_ad,0.15215546
0.9483,A,mrac.yaw.e,-0.060190104
0.9483,A,mrac.yaw.u_ad,0.08377602
0.9483,A,mrac.z.e,0
0.9483,A,mrac.z.u_ad,0
0.9483,A,status.arm,0
0.9483,A,status.estimator_ready,1
0.9483,A,status.flymode,1
0.9483,A,status.of_hold,0
0.9483,A,status.rc_authority,0
0.9483,A,status.sbus_lost,0
0.9483,A,status.twc_arrived,0
0.9483,A,status.twc_execute,0
0.9484,B,mrac.pitch.theta_0,-0.14839597
0.9484,B,mrac.pitch.theta_1,0.0058501964
0.9484,B,mrac.pitch.theta_2,4.0904045e-08
0.9484,B,mrac.pitch.theta_3,9.6186275e-05
0.9484,B,mrac.pitch.theta_4,0.053502798
0.9484,B,mrac.pitch.theta_5,0.14451186
0.9484,B,mrac.pitch.u_nom,-0.014969637
0.9484,B,mrac.pitch.xm,-0.070740029
0.9484,B,mrac.roll.theta_0,0.14803527
0.9484,B,mrac.roll.theta_1,0.005122548
0.9484,B,mrac.roll.theta_2,0.00019886579
0.9484,B,mrac.roll.theta_3,8.9291963e-05
0.9484,B,mrac.roll.theta_4,0.042139668
0.9484,B,mrac.roll.theta_5,0.14151567
0.9484,B,mrac.roll.u_nom,0.0022842844
0.9484,B,mrac.roll.xm,0.026714634
0.9484,B,mrac.yaw.theta_0,0.083613209
0.9484,B,mrac.yaw.theta_1,0.0035678458
0.9484,B,mrac.yaw.theta_2,0.00029829348
0.9484,B,mrac.yaw.theta_3,0
0.9484,B,mrac.yaw.theta_4,0.06794624
0.9484,B,mrac.yaw.theta_5,0.089282349
0.9484,B,mrac.yaw.u_nom,0.00046992119
0.9484,B,mrac.yaw.xm,0.00041314602
0.9484,B,mrac.z.theta_0,0
0.9484,B,mrac.z.theta_1,0
0.9484,B,mrac.z.theta_2,0
0.9484,B,mrac.z.theta_3,0
0.9484,B,mrac.z.theta_4,0
0.9484,B,mrac.z.theta_5,0
0.9484,B,mrac.z.u_nom,0
0.9484,B,mrac.z.xm,0
0.9484,B,path.active_path_mode,0
0.9484,B,path.circle_theta,0
0.9484,B,path.sinusoid_t_elapsed,0
0.9484,B,path.twc_arrived,0
0.9484,B,path.twc_target_x,0
0.9484,B,path.twc_target_y,0
0.9484,B,path.twc_target_z,0
0.9484,B,pid.gyrox.Des,1.5306351
0.9484,B,pid.gyrox.FB,1.2648326
0.9484,B,pid.gyrox.U,2.6726129
0.9484,B,pid.gyroy.Des,-4.0531034
0.9484,B,pid.gyroy.FB,-1.1315038
0.9484,B,pid.gyroy.U,-17.514475
0.9484,B,pid.gyroz.Des,0.023671513
0.9484,B,pid.gyroz.FB,-0.088574402
0.9484,B,pid.gyroz.U,0.87969244
0.9484,B,pid.locx.Des,55.420872
0.9484,B,pid.locx.FB,55.420872
0.9484,B,pid.locx.U,-2
0.9484,B,pid.locxs.Des,-2
0.9484,B,pid.locxs.FB,1.0799036
0.9484,B,pid.locxs.U,-9.7393837
0.9484,B,pid.locy.Des,1.4197141
0.9484,B,pid.locy.FB,1.4197141
0.9484,B,pid.locy.U,-2
0.9484,B,pid.locys.Des,-2
0.9484,B,pid.locys.FB,-0.913131
0.9484,B,pid.locys.U,2.7181828
0.9484,B,pid.pitch.Des,0.016581085
0.9484,B,pid.pitch.FB,1.3455367
0.9484,B,pid.pitch.U,-4.0531034
0.9484,B,pid.roll.Des,0.0012290489
0.9484,B,pid.roll.FB,-0.50991356
0.9484,B,pid.roll.U,1.5306351
0.9484,B,pid.yaw.Des,-4.7832394
0.9484,B,pid.yaw.FB,-4.7832394
0.9484,B,pid.yaw.U,0.023671513
0.9484,B,pid.z_pos.Des,0
0.9484,B,pid.z_pos.FB,0
0.9484,B,pid.z_pos.U,0
0.9484,B,pid.z_rate.Des,0
0.9484,B,pid.z_rate.FB,0
0.9484,B,pid.z_rate.U,0
0.9484,B,status.vbat,16.188305
1.1658,A,mrac.pitch.e,0.079060189
1.1658,A,mrac.pitch.u_ad,-0.15995058
1.1658,A,mrac.roll.e,0.00070208125
1.1658,A,mrac.roll.u_ad,0.15148023
1.1658,A,mrac.yaw.e,0.0063977162
1.1658,A,mrac.yaw.u_ad,0.083681703
1.1658,A,mrac.z.e,0
1.1658,A,mrac.z.u_ad,0
1.1658,A,status.arm,0
1.1658,A,status.estimator_ready,1
1.1658,A,status.flymode,1
1.1658,A,status.of_hold,0
1.1658,A,status.rc_authority,0
1.1658,A,status.sbus_lost,0
1.1658,A,status.twc_arrived,0
1.1658,A,status.twc_execute,0
1.1658,B,mrac.pitch.theta_0,-0.14839254
1.1658,B,mrac.pitch.theta_1,0.005840282
1.1658,B,mrac.pitch.theta_2,4.0896193e-08
1.1658,B,mrac.pitch.theta_3,9.6290838e-05
1.1658,B,mrac.pitch.theta_4,0.053504754
1.1658,B,mrac.pitch.theta_5,0.14447825
1.1658,B,mrac.pitch.u_nom,-0.020215042
1.1658,B,mrac.pitch.xm,-0.073853441
1.1658,B,mrac.roll.theta_0,0.14803939
1.1658,B,mrac.roll.theta_1,0.0051208399
1.1658,B,mrac.roll.theta_2,0.00019889981
1.1658,B,mrac.roll.theta_3,8.9310219e-05
1.1658,B,mrac.roll.theta_4,0.042140141
1.1658,B,mrac.roll.theta_5,0.14151403
1.1658,B,mrac.roll.u_nom,-0.011622385
1.1658,B,mrac.roll.xm,0.021649329
1.1658,B,mrac.yaw.theta_0,0.083521761
1.1658,B,mrac.yaw.theta_1,0.0035668616
1.1658,B,mrac.yaw.theta_2,0.0002983154
1.1658,B,mrac.yaw.theta_3,0
1.1658,B,mrac.yaw.theta_4,0.067945763
1.1658,B,mrac.yaw.theta_5,0.089281201
1.1658,B,mrac.yaw.u_nom,-0.0025990692
1.1658,B,mrac.yaw.xm,-4.8256502e-06
1.1658,B,mrac.z.theta_0,0
1.1658,B,mrac.z.theta_1,0
1.1658,B,mrac.z.theta_2,0
1.1658,B,mrac.z.theta_3,0
1.1658,B,mrac.z.theta_4,0
1.1658,B,mrac.z.theta_5,0
1.1658,B,mrac.z.u_nom,0
1.1658,B,mrac.z.xm,0
1.1658,B,path.active_path_mode,0
1.1658,B,path.circle_theta,0
1.1658,B,path.sinusoid_t_elapsed,0
1.1658,B,path.twc_arrived,0
1.1658,B,path.twc_target_x,0
1.1658,B,path.twc_target_y,0
1.1658,B,path.twc_target_z,0
1.1658,B,pid.gyrox.Des,1.2404146
1.1658,B,pid.gyrox.FB,1.8668925
1.1658,B,pid.gyrox.U,-13.59819
1.1658,B,pid.gyroy.Des,-4.2314887
1.1658,B,pid.gyroy.FB,0.64391768
1.1658,B,pid.gyroy.U,-23.6516
1.1658,B,pid.gyroz.Des,-0.00027648927
1.1658,B,pid.gyroz.FB,0.60444504
1.1658,B,pid.gyroz.U,-4.8654575
1.1658,B,pid.locx.Des,55.420872
1.1658,B,pid.locx.FB,55.420872
1.1658,B,pid.locx.U,-2
1.1658,B,pid.locxs.Des,-2
1.1658,B,pid.locxs.FB,0.9963426
1.1658,B,pid.locxs.U,-8.9888964
1.1658,B,pid.locy.Des,1.4197141
1.1658,B,pid.locy.FB,1.4197141
1.1658,B,pid.locy.U,-2
1.1658,B,pid.locys.Des,-2
1.1658,B,pid.locys.FB,0.085448191
1.1658,B,pid.locys.U,-6.2578874
1.1658,B,pid.pitch.Des,-0.014122593
1.1658,B,pid.pitch.FB,1.3423747
1.1658,B,pid.pitch.U,-4.2314887
1.1658,B,pid.roll.Des,0.0012290505
1.1658,B,pid.roll.FB,-0.41623291
1.1658,B,pid.roll.U,1.2404146
1.1658,B,pid.yaw.Des,-4.9018016
1.1658,B,pid.yaw.FB,-4.9018016
1.1658,B,pid.yaw.U,-0.00027648927
1.1658,B,pid.z_pos.Des,0
1.1658,B,pid.z_pos.FB,0
1.1658,B,pid.z_pos.U,0
1.1658,B,pid.z_rate.Des,0
1.1658,B,pid.z_rate.FB,0
1.1658,B,pid.z_rate.U,0
1.1658,B,status.vbat,16.188305
1.3671,A,mrac.pitch.e,0.10943392
1.3671,A,mrac.pitch.u_ad,-0.16049799
1.3671,A,mrac.roll.e,-0.026950687
1.3671,A,mrac.roll.u_ad,0.15104333
1.3671,A,mrac.yaw.e,0.0070090159
1.3671,A,mrac.yaw.u_ad,0.083415769
1.3671,A,mrac.z.e,0
1.3671,A,mrac.z.u_ad,0
1.3671,A,status.arm,0
1.3671,A,status.estimator_ready,1
1.3671,A,status.flymode,1
1.3671,A,status.of_hold,0
1.3671,A,status.rc_authority,0
1.3671,A,status.sbus_lost,0
1.3671,A,status.twc_arrived,0
1.3671,A,status.twc_execute,0
1.3672,B,mrac.pitch.theta_0,-0.14840573
1.3672,B,mrac.pitch.theta_1,0.0058315033
1.3672,B,mrac.pitch.theta_2,4.0891436e-08
1.3672,B,mrac.pitch.theta_3,9.6298667e-05
1.3672,B,mrac.pitch.theta_4,0.053507324
1.3672,B,mrac.pitch.theta_5,0.14445813
1.3672,B,mrac.pitch.u_nom,-0.011291866
1.3672,B,mrac.pitch.xm,-0.07341437
1.3672,B,mrac.roll.theta_0,0.1480374
1.3672,B,mrac.roll.theta_1,0.0051193009
1.3672,B,mrac.roll.theta_2,0.00019891892
1.3672,B,mrac.roll.theta_3,8.930944e-05
1.3672,B,mrac.roll.theta_4,0.042140294
1.3672,B,mrac.roll.theta_5,0.14151159
1.3672,B,mrac.roll.u_nom,-0.0076774876
1.3672,B,mrac.roll.xm,0.019416962
1.3672,B,mrac.yaw.theta_0,0.083521761
1.3672,B,mrac.yaw.theta_1,0.0035668616
1.3672,B,mrac.yaw.theta_2,0.0002983154
1.3672,B,mrac.yaw.theta_3,0
1.3672,B,mrac.yaw.theta_4,0.067945763
1.3672,B,mrac.yaw.theta_5,0.089281201
1.3672,B,mrac.yaw.u_nom,0.00018113099
1.3672,B,mrac.yaw.xm,0.00036996647
1.3672,B,mrac.z.theta_0,0
1.3672,B,mrac.z.theta_1,0
1.3672,B,mrac.z.theta_2,0
1.3672,B,mrac.z.theta_3,0
1.3672,B,mrac.z.theta_4,0
1.3672,B,mrac.z.theta_5,0
1.3672,B,mrac.z.u_nom,0
1.3672,B,mrac.z.xm,0
1.3672,B,path.active_path_mode,0
1.3672,B,path.circle_theta,0
1.3672,B,path.sinusoid_t_elapsed,0
1.3672,B,path.twc_arrived,0
1.3672,B,path.twc_target_x,0
1.3672,B,path.twc_target_y,0
1.3672,B,path.twc_target_z,0
1.3672,B,pid.gyrox.Des,1.1125095
1.3672,B,pid.gyrox.FB,0.096845865
1.3672,B,pid.gyrox.U,-8.9826603
1.3672,B,pid.gyroy.Des,-4.2063317
1.3672,B,pid.gyroy.FB,-0.3973583
1.3672,B,pid.gyroy.U,-13.211484
1.3672,B,pid.gyroz.Des,0.021197509
1.3672,B,pid.gyroz.FB,-0.024062393
1.3672,B,pid.gyroz.U,0.3390772
1.3672,B,pid.locx.Des,55.420872
1.3672,B,pid.locx.FB,55.420872
1.3672,B,pid.locx.U,-2
1.3672,B,pid.locxs.Des,-2
1.3672,B,pid.locxs.FB,0.99635273
1.3672,B,pid.locxs.U,-8.9889908
1.3672,B,pid.locy.Des,1.4197141
1.3672,B,pid.locy.FB,1.4197141
1.3672,B,pid.locy.U,-2
1.3672,B,pid.locys.Des,-2
1.3672,B,pid.locys.FB,0.085329928
1.3672,B,pid.locys.U,-6.2567682
1.3672,B,pid.pitch.Des,-0.01412271
1.3672,B,pid.pitch.FB,1.3448821
1.3672,B,pid.pitch.U,-4.2063317
1.3672,B,pid.roll.Des,0.0012290492
1.3672,B,pid.roll.FB,-0.34451181
1.3672,B,pid.roll.U,1.1125095
1.3672,B,pid.yaw.Des,-4.8950009
1.3672,B,pid.yaw.FB,-4.8950009
1.3672,B,pid.yaw.U,0.021197509
1.3672,B,pid.z_pos.Des,0
1.3672,B,pid.z_pos.FB,0
1.3672,B,pid.z_pos.U,0
1.3672,B,pid.z_rate.Des,0
1.3672,B,pid.z_rate.FB,0
1.3672,B,pid.z_rate.U,0
1.3672,B,status.vbat,16.188305
1.5818,A,mrac.pitch.e,0.094017349
1.5818,A,mrac.pitch.u_ad,-0.16015112
1.5818,A,mrac.roll.e,-0.040234674
1.5818,A,mrac.roll.u_ad,0.15092735
1.5818,A,mrac.yaw.e,-0.0016823639
1.5818,A,mrac.yaw.u_ad,0.083628625
1.5818,A,mrac.z.e,0
1.5818,A,mrac.z.u_ad,0
1.5818,A,status.arm,0
1.5818,A,status.estimator_ready,1
1.5818,A,status.flymode,1
1.5818,A,status.of_hold,0
1.5818,A,status.rc_authority,0
1.5818,A,status.sbus_lost,0
1.5818,A,status.twc_arrived,0
1.5818,A,status.twc_execute,0
1.5818,B,mrac.pitch.theta_0,-0.14843781
1.5818,B,mrac.pitch.theta_1,0.0058141826
1.5818,B,mrac.pitch.theta_2,4.088346e-08
1.5818,B,mrac.pitch.theta_3,9.6325675e-05
1.5818,B,mrac.pitch.theta_4,0.053513266
1.5818,B,mrac.pitch.theta_5,0.14442784
1.5818,B,mrac.pitch.u_nom,-0.048857376
1.5818,B,mrac.pitch.xm,-0.075190172
1.5818,B,mrac.roll.theta_0,0.1480374
1.5818,B,mrac.roll.theta_1,0.0051193009
1.5818,B,mrac.roll.theta_2,0.00019891892
1.5818,B,mrac.roll.theta_3,8.930944e-05
1.5818,B,mrac.roll.theta_4,0.042140294
1.5818,B,mrac.roll.theta_5,0.14151159
1.5818,B,mrac.roll.u_nom,0.0072225169
1.5818,B,mrac.roll.xm,0.017718356
1.5818,B,mrac.yaw.theta_0,0.083521761
1.5818,B,mrac.yaw.theta_1,0.0035668616
1.5818,B,mrac.yaw.theta_2,0.0002983154
1.5818,B,mrac.yaw.theta_3,0
1.5818,B,mrac.yaw.theta_4,0.067945763
1.5818,B,mrac.yaw.theta_5,0.089281201
1.5818,B,mrac.yaw.u_nom,-0.0023945051
1.5818,B,mrac.yaw.xm,9.7116208e-05
1.5818,B,mrac.z.theta_0,0
1.5818,B,mrac.z.theta_1,0
1.5818,B,mrac.z.theta_2,0
1.5818,B,mrac.z.theta_3,0
1.5818,B,mrac.z.theta_4,0
1.5818,B,mrac.z.theta_5,0
1.5818,B,mrac.z.u_nom,0
1.5818,B,mrac.z.xm,0
1.5818,B,path.active_path_mode,0
1.5818,B,path.circle_theta,0
1.5818,B,path.sinusoid_t_elapsed,0
1.5818,B,path.twc_arrived,0
1.5818,B,path.twc_target_x,0
1.5818,B,path.twc_target_y,0
1.5818,B,path.twc_target_z,0
1.5818,B,pid.gyrox.Des,1.0151865
1.5818,B,pid.gyrox.FB,-0.045760695
1.5818,B,pid.gyrox.U,8.450345
1.5818,B,pid.gyroy.Des,-4.3080778
1.5818,B,pid.gyroy.FB,2.3369565
1.5818,B,pid.gyroy.U,-57.163132
1.5818,B,pid.gyroz.Des,0.0055643464
1.5818,B,pid.gyroz.FB,0.56392682
1.5818,B,pid.gyroz.U,-4.4825134
1.5818,B,pid.locx.Des,55.420872
1.5818,B,pid.locx.FB,55.420872
1.5818,B,pid.locx.U,-2
1.5818,B,pid.locxs.Des,-2
1.5818,B,pid.locxs.FB,0.99641031
1.5818,B,pid.locxs.U,-8.9892797
1.5818,B,pid.locy.Des,1.4197141
1.5818,B,pid.locy.FB,1.4197141
1.5818,B,pid.locy.U,-2
1.5818,B,pid.locys.Des,-2
1.5818,B,pid.locys.FB,0.084654927
1.5818,B,pid.locys.U,-6.2533951
1.5818,B,pid.pitch.Des,-0.014122737
1.5818,B,pid.pitch.FB,1.3669082
1.5818,B,pid.pitch.U,-4.3080778
1.5818,B,pid.roll.Des,0.0012290381
1.5818,B,pid.roll.FB,-0.32606062
1.5818,B,pid.roll.U,1.0151865
1.5818,B,pid.yaw.Des,-4.8561859
1.5818,B,pid.yaw.FB,-4.8561859
1.5818,B,pid.yaw.U,0.0055643464
1.5818,B,pid.z_pos.Des,0
1.5818,B,pid.z_pos.FB,0
1.5818,B,pid.z_pos.U,0
1.5818,B,pid.z_rate.Des,0
1.5818,B,pid.z_rate.FB,0
1.5818,B,pid.z_rate.U,0
1.5818,B,status.vbat,16.188305
1.7893,A,mrac.pitch.e,0.081970543
1.7893,A,mrac.pitch.u_ad,-0.16017319
1.7893,A,mrac.roll.e,-0.046309382
1.7893,A,mrac.roll.u_ad,0.15177225
1.7893,A,mrac.yaw.e,0.0017052471
1.7893,A,mrac.yaw.u_ad,0.083375558
1.7893,A,mrac.z.e,0
1.7893,A,mrac.z.u_ad,0
1.7893,A,status.arm,0
1.7893,A,status.estimator_ready,1
1.7893,A,status.flymode,1
1.7893,A,status.of_hold,0
1.7893,A,status.rc_authority,0
1.7893,A,status.sbus_lost,0
1.7893,A,status.twc_arrived,0
1.7893,A,status.twc_execute,0
1.7894,B,mrac.pitch.theta_0,-0.14843963
1.7894,B,mrac.pitch.theta_1,0.0058057979
1.7894,B,mrac.pitch.theta_2,4.0877808e-08
1.7894,B,mrac.pitch.theta_3,9.6371143e-05
1.7894,B,mrac.pitch.theta_4,0.053514898
1.7894,B,mrac.pitch.theta_5,0.14440434
1.7894,B,mrac.pitch.u_nom,-0.03433013
1.7894,B,mrac.pitch.xm,-0.069054969
1.7894,B,mrac.roll.theta_0,0.14803588
1.7894,B,mrac.roll.theta_1,0.005116995
1.7894,B,mrac.roll.theta_2,0.00019895208
1.7894,B,mrac.roll.theta_3,8.9314468e-05
1.7894,B,mrac.roll.theta_4,0.042140555
1.7894,B,mrac.roll.theta_5,0.1415083
1.7894,B,mrac.roll.u_nom,0.0041146087
1.7894,B,mrac.roll.xm,0.022946762
1.7894,B,mrac.yaw.theta_0,0.083622038
1.7894,B,mrac.yaw.theta_1,0.0035656863
1.7894,B,mrac.yaw.theta_2,0.0002983716
1.7894,B,mrac.yaw.theta_3,0
1.7894,B,mrac.yaw.theta_4,0.067945346
1.7894,B,mrac.yaw.theta_5,0.089280032
1.7894,B,mrac.yaw.u_nom,-0.00096357521
1.7894,B,mrac.yaw.xm,0.00016306675
1.7894,B,mrac.z.theta_0,0
1.7894,B,mrac.z.theta_1,0
1.7894,B,mrac.z.theta_2,0
1.7894,B,mrac.z.theta_3,0
1.7894,B,mrac.z.theta_4,0
1.7894,B,mrac.z.theta_5,0
1.7894,B,mrac.z.u_nom,0
1.7894,B,mrac.z.xm,0
1.7894,B,path.active_path_mode,0
1.7894,B,path.circle_theta,0
1.7894,B,path.sinusoid_t_elapsed,0
1.7894,B,path.twc_arrived,0
1.7894,B,path.twc_target_x,0
1.7894,B,path.twc_target_y,0
1.7894,B,path.twc_target_z,0
1.7894,B,pid.gyrox.Des,1.3147521
1.7894,B,pid.gyrox.FB,0.0075869658
1.7894,B,pid.gyrox.U,4.8140922
1.7894,B,pid.gyroy.Des,-3.9565568
1.7894,B,pid.gyroy.FB,-0.47663936
1.7894,B,pid.gyroy.U,-40.166252
1.7894,B,pid.gyroz.Des,0.0093430327
1.7894,B,pid.gyroz.FB,0.23253809
1.7894,B,pid.gyroz.U,-1.8038127
1.7894,B,pid.locx.Des,55.420872
1.7894,B,pid.locx.FB,55.420872
1.7894,B,pid.locx.U,-2
1.7894,B,pid.locxs.Des,-2
1.7894,B,pid.locxs.FB,0.99642462
1.7894,B,pid.locxs.U,-8.9891796
1.7894,B,pid.locy.Des,1.4197141
1.7894,B,pid.locy.FB,1.4197141
1.7894,B,pid.locy.U,-2
1.7894,B,pid.locys.Des,-2
1.7894,B,pid.locys.FB,0.084486522
1.7894,B,pid.locys.U,-6.2545819
1.7894,B,pid.pitch.Des,0.016581286
1.7894,B,pid.pitch.FB,1.4029411
1.7894,B,pid.pitch.U,-3.9565568
1.7894,B,pid.roll.Des,0.0012290194
1.7894,B,pid.roll.FB,-0.42523307
1.7894,B,pid.roll.U,1.3147521
1.7894,B,pid.yaw.Des,-4.8465023
1.7894,B,pid.yaw.FB,-4.8465023
1.7894,B,pid.yaw.U,0.0093430327
1.7894,B,pid.z_pos.Des,0
1.7894,B,pid.z_pos.FB,0
1.7894,B,pid.z_pos.U,0
1.7894,B,pid.z_rate.Des,0
1.7894,B,pid.z_rate.FB,0
1.7894,B,pid.z_rate.U,0
1.7894,B,status.vbat,16.188305
1.9826,A,mrac.pitch.e,0.068422496
1.9826,A,mrac.pitch.u_ad,-0.15966284
1.9826,A,mrac.roll.e,0.027155863
1.9826,A,mrac.roll.u_ad,0.15076303
1.9826,A,mrac.yaw.e,-0.00085711118
1.9826,A,mrac.yaw.u_ad,0.082728475
1.9826,A,mrac.z.e,0
1.9826,A,mrac.z.u_ad,0
1.9826,A,status.arm,0
1.9826,A,status.estimator_ready,1
1.9826,A,status.flymode,1
1.9826,A,status.of_hold,0
1.9826,A,status.rc_authority,0
1.9826,A,status.sbus_lost,0
1.9826,A,status.twc_arrived,0
1.9826,A,status.twc_execute,0
1.9827,B,mrac.pitch.theta_0,-0.14843039
1.9827,B,mrac.pitch.theta_1,0.005796412
1.9827,B,mrac.pitch.theta_2,4.0871019e-08
1.9827,B,mrac.pitch.theta_3,9.645168e-05
1.9827,B,mrac.pitch.theta_4,0.053519186
1.9827,B,mrac.pitch.theta_5,0.1443764
1.9827,B,mrac.pitch.u_nom,-0.012150709
1.9827,B,mrac.pitch.xm,-0.078029335
1.9827,B,mrac.roll.theta_0,0.14782688
1.9827,B,mrac.roll.theta_1,0.0051134154
1.9827,B,mrac.roll.theta_2,0.00019901422
1.9827,B,mrac.roll.theta_3,8.9316971e-05
1.9827,B,mrac.roll.theta_4,0.042141352
1.9827,B,mrac.roll.theta_5,0.14150542
1.9827,B,mrac.roll.u_nom,0.012481577
1.9827,B,mrac.roll.xm,0.023464613
1.9827,B,mrac.yaw.theta_0,0.083164088
1.9827,B,mrac.yaw.theta_1,0.0035640646
1.9827,B,mrac.yaw.theta_2,0.00029836086
1.9827,B,mrac.yaw.theta_3,0
1.9827,B,mrac.yaw.theta_4,0.067944683
1.9827,B,mrac.yaw.theta_5,0.089278303
1.9827,B,mrac.yaw.u_nom,-0.0037374331
1.9827,B,mrac.yaw.xm,-0.00069705507
1.9827,B,mrac.z.theta_0,0
1.9827,B,mrac.z.theta_1,0
1.9827,B,mrac.z.theta_2,0
1.9827,B,mrac.z.theta_3,0
1.9827,B,mrac.z.theta_4,0
1.9827,B,mrac.z.theta_5,0
1.9827,B,mrac.z.u_nom,0
1.9827,B,mrac.z.xm,0
1.9827,B,path.active_path_mode,0
1.9827,B,path.circle_theta,0
1.9827,B,path.sinusoid_t_elapsed,0
1.9827,B,path.twc_arrived,0
1.9827,B,path.twc_target_x,0
1.9827,B,path.twc_target_y,0
1.9827,B,path.twc_target_z,0
1.9827,B,pid.gyrox.Des,1.3444227
1.9827,B,pid.gyrox.FB,-1.1241049
1.9827,B,pid.gyrox.U,14.603445
1.9827,B,pid.gyroy.Des,-4.4707499
1.9827,B,pid.gyroy.FB,0.21617688
1.9827,B,pid.gyroy.U,-14.216329
1.9827,B,pid.gyroz.Des,-0.039938297
1.9827,B,pid.gyroz.FB,0.83731568
1.9827,B,pid.gyroz.U,-6.9964747
1.9827,B,pid.locx.Des,55.420872
1.9827,B,pid.locx.FB,55.420872
1.9827,B,pid.locx.U,-2
1.9827,B,pid.locxs.Des,-2
1.9827,B,pid.locxs.FB,1.0795574
1.9827,B,pid.locxs.U,-9.7378798
1.9827,B,pid.locy.Des,1.4197141
1.9827,B,pid.locy.FB,1.4197141
1.9827,B,pid.locy.U,-2
1.9827,B,pid.locys.Des,-2
1.9827,B,pid.locys.FB,-0.9135403
1.9827,B,pid.locys.U,2.7212741
1.9827,B,pid.pitch.Des,-0.014122667
1.9827,B,pid.pitch.FB,1.3314142
1.9827,B,pid.pitch.U,-4.4707499
1.9827,B,pid.roll.Des,0.001229056
1.9827,B,pid.roll.FB,-0.37356722
1.9827,B,pid.roll.U,1.3444227
1.9827,B,pid.yaw.Des,-4.7615218
1.9827,B,pid.yaw.FB,-4.7615218
1.9827,B,pid.yaw.U,-0.039938297
1.9827,B,pid.z_pos.Des,0
1.9827,B,pid.z_pos.FB,0
1.9827,B,pid.z_pos.U,0
1.9827,B,pid.z_rate.Des,0
1.9827,B,pid.z_rate.FB,0
1.9827,B,pid.z_rate.U,0
1.9827,B,status.vbat,16.188305
2.1826,A,mrac.pitch.e,0.067848153
2.1826,A,mrac.pitch.u_ad,-0.15946186
2.1826,A,mrac.roll.e,-0.0016305763
2.1826,A,mrac.roll.u_ad,0.15103672
2.1826,A,mrac.yaw.e,-0.020404959
2.1826,A,mrac.yaw.u_ad,0.082790382
2.1826,A,mrac.z.e,0
2.1826,A,mrac.z.u_ad,0
2.1826,A,status.arm,0
2.1826,A,status.estimator_ready,1
2.1826,A,status.flymode,1
2.1826,A,status.of_hold,0
2.1826,A,status.rc_authority,0
2.1826,A,status.sbus_lost,0
2.1826,A,status.twc_arrived,0
2.1826,A,status.twc_execute,0
2.1827,B,mrac.pitch.theta_0,-0.14841944
2.1827,B,mrac.pitch.theta_1,0.00578953
2.1827,B,mrac.pitch.theta_2,4.0866336e-08
2.1827,B,mrac.pitch.theta_3,9.6495387e-05
2.1827,B,mrac.pitch.theta_4,0.053520955
2.1827,B,mrac.pitch.theta_5,0.14435633
2.1827,B,mrac.pitch.u_nom,-0.036565948
2.1827,B,mrac.pitch.xm,-0.072324313
2.1827,B,mrac.roll.theta_0,0.14783202
2.1827,B,mrac.roll.theta_1,0.0051118955
2.1827,B,mrac.roll.theta_2,0.00019904252
2.1827,B,mrac.roll.theta_3,8.9317029e-05
2.1827,B,mrac.roll.theta_4,0.042141549
2.1827,B,mrac.roll.theta_5,0.14150375
2.1827,B,mrac.roll.u_nom,0.0033478406
2.1827,B,mrac.roll.xm,0.019879917
2.1827,B,mrac.yaw.theta_0,0.082668029
2.1827,B,mrac.yaw.theta_1,0.0035621978
2.1827,B,mrac.yaw.theta_2,0.00029834837
2.1827,B,mrac.yaw.theta_3,0
2.1827,B,mrac.yaw.theta_4,0.067944102
2.1827,B,mrac.yaw.theta_5,0.089276537
2.1827,B,mrac.yaw.u_nom,-0.0016873787
2.1827,B,mrac.yaw.xm,-0.00080271671
2.1827,B,mrac.z.theta_0,0
2.1827,B,mrac.z.theta_1,0
2.1827,B,mrac.z.theta_2,0
2.1827,B,mrac.z.theta_3,0
2.1827,B,mrac.z.theta_4,0
2.1827,B,mrac.z.theta_5,0
2.1827,B,mrac.z.u_nom,0
2.1827,B,mrac.z.xm,0
2.1827,B,path.active_path_mode,0
2.1827,B,path.circle_theta,0
2.1827,B,path.sinusoid_t_elapsed,0
2.1827,B,path.twc_arrived,0
2.1827,B,path.twc_target_x,0
2.1827,B,path.twc_target_y,0
2.1827,B,path.twc_target_z,0
2.1827,B,pid.gyrox.Des,1.1390349
2.1827,B,pid.gyrox.FB,0.75654578
2.1827,B,pid.gyrox.U,3.9169736
2.1827,B,pid.gyroy.Des,-4.1438761
2.1827,B,pid.gyroy.FB,1.9779226
2.1827,B,pid.gyroy.U,-42.782158
2.1827,B,pid.gyroz.Des,-0.045992259
2.1827,B,pid.gyroz.FB,0.35222003
2.1827,B,pid.gyroz.U,-3.1587729
2.1827,B,pid.locx.Des,55.420872
2.1827,B,pid.locx.FB,55.420872
2.1827,B,pid.locx.U,-2
2.1827,B,pid.locxs.Des,-2
2.1827,B,pid.locxs.FB,0.99661577
2.1827,B,pid.locxs.U,-8.9898224
2.1827,B,pid.locy.Des,1.4197141
2.1827,B,pid.locy.FB,1.4197141
2.1827,B,pid.locy.U,-2
2.1827,B,pid.locys.Des,-2
2.1827,B,pid.locys.FB,0.082201034
2.1827,B,pid.locys.U,-6.2469263
2.1827,B,pid.pitch.Des,-0.014122661
2.1827,B,pid.pitch.FB,1.3059096
2.1827,B,pid.pitch.U,-4.1438761
2.1827,B,pid.roll.Des,0.0012290686
2.1827,B,pid.roll.FB,-0.37647459
2.1827,B,pid.roll.U,1.1390349
2.1827,B,pid.yaw.Des,-4.715096
2.1827,B,pid.yaw.FB,-4.715096
2.1827,B,pid.yaw.U,-0.045992259
2.1827,B,pid.z_pos.Des,0
2.1827,B,pid.z_pos.FB,0
2.1827,B,pid.z_pos.U,0
2.1827,B,pid.z_rate.Des,0
2.1827,B,pid.z_rate.FB,0
2.1827,B,pid.z_rate.U,0
2.1827,B,status.vbat,16.188305
2.3994,A,mrac.pitch.e,0.055480182
2.3994,A,mrac.pitch.u_ad,-0.15855427
2.3994,A,mrac.roll.e,-0.049768254
2.3994,A,mrac.roll.u_ad,0.15106118
2.3994,A,mrac.yaw.e,-0.03132192
2.3994,A,mrac.yaw.u_ad,0.082704753
2.3994,A,mrac.z.e,0
2.3994,A,mrac.z.u_ad,0
2.3994,A,status.arm,0
2.3994,A,status.estimator_ready,1
2.3994,A,status.flymode,1
2.3994,A,status.of_hold,0
2.3994,A,status.rc_authority,0
2.3994,A,status.sbus_lost,0
2.3994,A,status.twc_arrived,0
2.3994,A,status.twc_execute,0
2.3994,B,mrac.pitch.theta_0,-0.14840807
2.3994,B,mrac.pitch.theta_1,0.0057784356
2.3994,B,mrac.pitch.theta_2,4.0859355e-08
2.3994,B,mrac.pitch.theta_3,9.6563926e-05
2.3994,B,mrac.pitch.theta_4,0.053524248
2.3994,B,mrac.pitch.theta_5,0.14432643
2.3994,B,mrac.pitch.u_nom,-0.038654424
2.3994,B,mrac.pitch.xm,-0.067173459
2.3994,B,mrac.roll.theta_0,0.14762652
2.3994,B,mrac.roll.theta_1,0.005107285
2.3994,B,mrac.roll.theta_2,0.00019911439
2.3994,B,mrac.roll.theta_3,8.9334644e-05
2.3994,B,mrac.roll.theta_4,0.042142693
2.3994,B,mrac.roll.theta_5,0.14149921
2.3994,B,mrac.roll.u_nom,0.010079213
2.3994,B,mrac.roll.xm,0.019355265
2.3994,B,mrac.yaw.theta_0,0.082668029
2.3994,B,mrac.yaw.theta_1,0.0035621978
2.3994,B,mrac.yaw.theta_2,0.00029834837
2.3994,B,mrac.yaw.theta_3,0
2.3994,B,mrac.yaw.theta_4,0.067944102
2.3994,B,mrac.yaw.theta_5,0.089276537
2.3994,B,mrac.yaw.u_nom,-0.0021296407
2.3994,B,mrac.yaw.xm,-5.936555e-05
2.3994,B,mrac.z.theta_0,0
2.3994,B,mrac.z.theta_1,0
2.3994,B,mrac.z.theta_2,0
2.3994,B,mrac.z.theta_3,0
2.3994,B,mrac.z.theta_4,0
2.3994,B,mrac.z.theta_5,0
2.3994,B,mrac.z.u_nom,0
2.3994,B,mrac.z.xm,0
2.3994,B,path.active_path_mode,0
2.3994,B,path.circle_theta,0
2.3994,B,path.sinusoid_t_elapsed,0
2.3994,B,path.twc_arrived,0
2.3994,B,path.twc_target_x,0
2.3994,B,path.twc_target_y,0
2.3994,B,path.twc_target_z,0
2.3994,B,pid.gyrox.Des,1.1089746
2.3994,B,pid.gyrox.FB,0.44778281
2.3994,B,pid.gyrox.U,11.79268
2.3994,B,pid.gyroy.Des,-3.8487542
2.3994,B,pid.gyroy.FB,1.4696122
2.3994,B,pid.gyroy.U,-45.225677
2.3994,B,pid.gyroz.Des,-0.003401394
2.3994,B,pid.gyroz.FB,0.49283093
2.3994,B,pid.gyroz.U,-3.9866874
2.3994,B,pid.locx.Des,55.420872
2.3994,B,pid.locx.FB,55.420872
2.3994,B,pid.locx.U,-2
2.3994,B,pid.locxs.Des,-2
2.3994,B,pid.locxs.FB,0.9964872
2.3994,B,pid.locxs.U,-8.9894657
2.3994,B,pid.locy.Des,1.4197141
2.3994,B,pid.locy.FB,1.4197141
2.3994,B,pid.locy.U,-2
2.3994,B,pid.locys.Des,-2
2.3994,B,pid.locys.FB,0.083745316
2.3994,B,pid.locys.U,-6.2511892
2.3994,B,pid.pitch.Des,0.016581398
2.3994,B,pid.pitch.FB,1.2516817
2.3994,B,pid.pitch.U,-3.8487542
2.3994,B,pid.roll.Des,0.0012290947
2.3994,B,pid.roll.FB,-0.36833084
2.3994,B,pid.roll.U,1.1089746
2.3994,B,pid.yaw.Des,-4.8038831
2.3994,B,pid.yaw.FB,-4.8038831
2.3994,B,pid.yaw.U,-0.003401394
2.3994,B,pid.z_pos.Des,0
2.3994,B,pid.z_pos.FB,0
2.3994,B,pid.z_pos.U,0
2.3994,B,pid.z_rate.Des,0
2.3994,B,pid.z_rate.FB,0
2.3994,B,pid.z_rate.U,0
2.3994,B,status.vbat,16.188305
2.6012,A,mrac.pitch.e,0.017956264
2.6012,A,mrac.pitch.u_ad,-0.15696003
2.6012,A,mrac.roll.e,-0.033814706
2.6012,A,mrac.roll.u_ad,0.1510945
2.6012,A,mrac.yaw.e,0.0013353884
2.6012,A,mrac.yaw.u_ad,0.082770772
2.6012,A,mrac.z.e,0
2.6012,A,mrac.z.u_ad,0
2.6012,A,status.arm,0
2.6012,A,status.estimator_ready,1
2.6012,A,status.flymode,1
2.6012,A,status.of_hold,0
2.6012,A,status.rc_authority,0
2.6012,A,status.sbus_lost,0
2.6012,A,status.twc_arrived,0
2.6012,A,status.twc_execute,0
2.6012,B,mrac.pitch.theta_0,-0.14836726
2.6012,B,mrac.pitch.theta_1,0.0057797842
2.6012,B,mrac.pitch.theta_2,4.0857291e-08
2.6012,B,mrac.pitch.theta_3,9.6575946e-05
2.6012,B,mrac.pitch.theta_4,0.05352344
2.6012,B,mrac.pitch.theta_5,0.14431503
2.6012,B,mrac.pitch.u_nom,-0.037097864
2.6012,B,mrac.pitch.xm,-0.056426175
2.6012,B,mrac.roll.theta_0,0.14763272
2.6012,B,mrac.roll.theta_1,0.005106065
2.6012,B,mrac.roll.theta_2,0.0001991324
2.6012,B,mrac.roll.theta_3,8.9334011e-05
2.6012,B,mrac.roll.theta_4,0.042142723
2.6012,B,mrac.roll.theta_5,0.14149757
2.6012,B,mrac.roll.u_nom,0.016770335
2.6012,B,mrac.roll.xm,0.021129331
2.6012,B,mrac.yaw.theta_0,0.082715094
2.6012,B,mrac.yaw.theta_1,0.0035617945
2.6012,B,mrac.yaw.theta_2,0.00029836348
2.6012,B,mrac.yaw.theta_3,0
2.6012,B,mrac.yaw.theta_4,0.067943834
2.6012,B,mrac.yaw.theta_5,0.089275979
2.6012,B,mrac.yaw.u_nom,-0.0044132681
2.6012,B,mrac.yaw.xm,-0.00019046238
2.6012,B,mrac.z.theta_0,0
2.6012,B,mrac.z.theta_1,0
2.6012,B,mrac.z.theta_2,0
2.6012,B,mrac.z.theta_3,0
2.6012,B,mrac.z.theta_4,0
2.6012,B,mrac.z.theta_5,0
2.6012,B,mrac.z.u_nom,0
2.6012,B,mrac.z.xm,0
2.6012,B,path.active_path_mode,0
2.6012,B,path.circle_theta,0
2.6012,B,path.sinusoid_t_elapsed,0
2.6012,B,path.twc_arrived,0
2.6012,B,path.twc_target_x,0
2.6012,B,path.twc_target_y,0
2.6012,B,path.twc_target_z,0
2.6012,B,pid.gyrox.Des,1.210621
2.6012,B,pid.gyrox.FB,-0.039421488
2.6012,B,pid.gyrox.U,19.621292
2.6012,B,pid.gyroy.Des,-3.2329803
2.6012,B,pid.gyroy.FB,0.85954773
2.6012,B,pid.gyroy.U,-43.404503
2.6012,B,pid.gyroz.Des,-0.010912686
2.6012,B,pid.gyroz.FB,1.0191092
2.6012,B,pid.gyroz.U,-8.2616377
2.6012,B,pid.locx.Des,55.420872
2.6012,B,pid.locx.FB,55.420872
2.6012,B,pid.locx.U,-2
2.6012,B,pid.locxs.Des,-2
2.6012,B,pid.locxs.FB,0.99641621
2.6012,B,pid.locxs.U,-8.9892578
2.6012,B,pid.locy.Des,1.4197141
2.6012,B,pid.locy.FB,1.4197141
2.6012,B,pid.locy.U,-2
2.6012,B,pid.locys.Des,-2
2.6012,B,pid.locys.FB,0.0845856
2.6012,B,pid.locys.U,-6.2536283
2.6012,B,pid.pitch.Des,0.016581334
2.6012,B,pid.pitch.FB,1.0627222
2.6012,B,pid.pitch.U,-3.2329803
2.6012,B,pid.roll.Des,0.0012291765
2.6012,B,pid.roll.FB,-0.40090978
2.6012,B,pid.roll.U,1.210621
2.6012,B,pid.yaw.Des,-4.8521996
2.6012,B,pid.yaw.FB,-4.8521996
2.6012,B,pid.yaw.U,-0.010912686
2.6012,B,pid.z_pos.Des,0
2.6012,B,pid.z_pos.FB,0
2.6012,B,pid.z_pos.U,0
2.6012,B,pid.z_rate.Des,0
2.6012,B,pid.z_rate.FB,0
2.6012,B,pid.z_rate.U,0
2.6012,B,status.vbat,16.188305
2.8165,A,mrac.pitch.e,0.041456662
2.8165,A,mrac.pitch.u_ad,-0.15659399
2.8165,A,mrac.roll.e,-0.008977659
2.8165,A,mrac.roll.u_ad,0.15164131
2.8165,A,mrac.yaw.e,0.0023155338
2.8165,A,mrac.yaw.u_ad,0.082501546
2.8165,A,mrac.z.e,0
2.8165,A,mrac.z.u_ad,0
2.8165,A,status.arm,0
2.8165,A,status.estimator_ready,1
2.8165,A,status.flymode,1
2.8165,A,status.of_hold,0
2.8165,A,status.rc_authority,0
2.8165,A,status.sbus_lost,0
2.8165,A,status.twc_arrived,0
2.8165,A,status.twc_execute,0
2.8165,B,mrac.pitch.theta_0,-0.14833574
2.8165,B,mrac.pitch.theta_1,0.0057721129
2.8165,B,mrac.pitch.theta_2,4.0853532e-08
2.8165,B,mrac.pitch.theta_3,9.6629134e-05
2.8165,B,mrac.pitch.theta_4,0.05352287
2.8165,B,mrac.pitch.theta_5,0.14429609
2.8165,B,mrac.pitch.u_nom,-0.023602095
2.8165,B,mrac.pitch.xm,-0.054938905
2.8165,B,mrac.roll.theta_0,0.14765146
2.8165,B,mrac.roll.theta_1,0.0051027127
2.8165,B,mrac.roll.theta_2,0.00019918676
2.8165,B,mrac.roll.theta_3,8.9345674e-05
2.8165,B,mrac.roll.theta_4,0.042142969
2.8165,B,mrac.roll.theta_5,0.14149347
2.8165,B,mrac.roll.u_nom,-0.0021337681
2.8165,B,mrac.roll.xm,0.023803417
2.8165,B,mrac.yaw.theta_0,0.082399182
2.8165,B,mrac.yaw.theta_1,0.0035606676
2.8165,B,mrac.yaw.theta_2,0.00029835614
2.8165,B,mrac.yaw.theta_3,0
2.8165,B,mrac.yaw.theta_4,0.067943402
2.8165,B,mrac.yaw.theta_5,0.089274816
2.8165,B,mrac.yaw.u_nom,-0.0049096709
2.8165,B,mrac.yaw.xm,-0.00083247485
2.8165,B,mrac.z.theta_0,0
2.8165,B,mrac.z.theta_1,0
2.8165,B,mrac.z.theta_2,0
2.8165,B,mrac.z.theta_3,0
2.8165,B,mrac.z.theta_4,0
2.8165,B,mrac.z.theta_5,0
2.8165,B,mrac.z.u_nom,0
2.8165,B,mrac.z.xm,0
2.8165,B,path.active_path_mode,0
2.8165,B,path.circle_theta,0
2.8165,B,path.sinusoid_t_elapsed,0
2.8165,B,path.twc_arrived,0
2.8165,B,path.twc_target_x,0
2.8165,B,path.twc_target_y,0
2.8165,B,path.twc_target_z,0
2.8165,B,pid.gyrox.Des,1.3638347
2.8165,B,pid.gyrox.FB,1.0819131
2.8165,B,pid.gyrox.U,-2.4965086
2.8165,B,pid.gyroy.Des,-3.1477661
2.8165,B,pid.gyroy.FB,0.93630731
2.8165,B,pid.gyroy.U,-27.61445
2.8165,B,pid.gyroz.Des,-0.047697276
2.8165,B,pid.gyroz.FB,1.1036108
2.8165,B,pid.gyroz.U,-9.1909037
2.8165,B,pid.locx.Des,55.420872
2.8165,B,pid.locx.FB,55.420872
2.8165,B,pid.locx.U,-2
2.8165,B,pid.locxs.Des,-2
2.8165,B,pid.locxs.FB,0
2.8165,B,pid.locxs.U,-6
2.8165,B,pid.locy.Des,1.4197141
2.8165,B,pid.locy.FB,1.4197141
2.8165,B,pid.locy.U,-2
2.8165,B,pid.locys.Des,-2
2.8165,B,pid.locys.FB,0
2.8165,B,pid.locys.U,-6
2.8165,B,pid.pitch.Des,-0.014122518
2.8165,B,pid.pitch.FB,0.99323505
2.8165,B,pid.pitch.U,-3.1477661
2.8165,B,pid.roll.Des,0.0012292033
2.8165,B,pid.roll.FB,-0.45592079
2.8165,B,pid.roll.U,1.3638347
2.8165,B,pid.yaw.Des,-4.8318362
2.8165,B,pid.yaw.FB,-4.8318362
2.8165,B,pid.yaw.U,-0.047697276
2.8165,B,pid.z_pos.Des,0
2.8165,B,pid.z_pos.FB,0
2.8165,B,pid.z_pos.U,0
2.8165,B,pid.z_rate.Des,0
2.8165,B,pid.z_rate.FB,0
2.8165,B,pid.z_rate.U,0
2.8165,B,status.vbat,16.188305
3.0164,A,mrac.pitch.e,0.03986945
3.0164,A,mrac.pitch.u_ad,-0.15720473
3.0164,A,mrac.roll.e,-0.011422927
3.0164,A,mrac.roll.u_ad,0.15165144
3.0164,A,mrac.yaw.e,-0.018740503
3.0164,A,mrac.yaw.u_ad,0.082367904
3.0164,A,mrac.z.e,0
3.0164,A,mrac.z.u_ad,0
3.0164,A,status.arm,0
3.0164,A,status.estimator_ready,1
3.0164,A,status.flymode,1
3.0164,A,status.of_hold,0
3.0164,A,status.rc_authority,0
3.0164,A,status.sbus_lost,0
3.0164,A,status.twc_arrived,0
3.0164,A,status.twc_execute,0
3.0164,B,mrac.pitch.theta_0,-0.14832515
3.0164,B,mrac.pitch.theta_1,0.0057626357
3.0164,B,mrac.pitch.theta_2,4.0849727e-08
3.0164,B,mrac.pitch.theta_3,9.6683943e-05
3.0164,B,mrac.pitch.theta_4,0.053523093
3.0164,B,mrac.pitch.theta_5,0.14427865
3.0164,B,mrac.pitch.u_nom,-0.013445295
3.0164,B,mrac.pitch.xm,-0.05757647
3.0164,B,mrac.roll.theta_0,0.14768259
3.0164,B,mrac.roll.theta_1,0.0050970959
3.0164,B,mrac.roll.theta_2,0.00019927103
3.0164,B,mrac.roll.theta_3,8.9359724e-05
3.0164,B,mrac.roll.theta_4,0.042143632
3.0164,B,mrac.roll.theta_5,0.14148623
3.0164,B,mrac.roll.u_nom,0.013838789
3.0164,B,mrac.roll.xm,0.024593949
3.0164,B,mrac.yaw.theta_0,0.082264423
3.0164,B,mrac.yaw.theta_1,0.0035602544
3.0164,B,mrac.yaw.theta_2,0.00029835355
3.0164,B,mrac.yaw.theta_3,0
3.0164,B,mrac.yaw.theta_4,0.067943141
3.0164,B,mrac.yaw.theta_5,0.089274257
3.0164,B,mrac.yaw.u_nom,0.0022885993
3.0164,B,mrac.yaw.xm,0.00040203697
3.0164,B,mrac.z.theta_0,0
3.0164,B,mrac.z.theta_1,0
3.0164,B,mrac.z.theta_2,0
3.0164,B,mrac.z.theta_3,0
3.0164,B,mrac.z.theta_4,0
3.0164,B,mrac.z.theta_5,0
3.0164,B,mrac.z.u_nom,0
3.0164,B,mrac.z.xm,0
3.0164,B,path.active_path_mode,0
3.0164,B,path.circle_theta,0
3.0164,B,path.sinusoid_t_elapsed,0
3.0164,B,path.twc_arrived,0
3.0164,B,path.twc_target_x,0
3.0164,B,path.twc_target_y,0
3.0164,B,path.twc_target_z,0
3.0164,B,pid.gyrox.Des,1.4091289
3.0164,B,pid.gyrox.FB,0.74494642
3.0164,B,pid.gyrox.U,16.191383
3.0164,B,pid.gyroy.Des,-3.2988873
3.0164,B,pid.gyroy.FB,0.6489585
3.0164,B,pid.gyroy.U,-15.730995
3.0164,B,pid.gyroz.Des,0.023035012
3.0164,B,pid.gyroz.FB,-0.51368916
3.0164,B,pid.gyroz.U,4.2842579
3.0164,B,pid.locx.Des,55.420872
3.0164,B,pid.locx.FB,55.420872
3.0164,B,pid.locx.U,-2
3.0164,B,pid.locxs.Des,-2
3.0164,B,pid.locxs.FB,0
3.0164,B,pid.locxs.U,-6
3.0164,B,pid.locy.Des,1.4197141
3.0164,B,pid.locy.FB,1.4197141
3.0164,B,pid.locy.U,-2
3.0164,B,pid.locys.Des,-2
3.0164,B,pid.locys.FB,0
3.0164,B,pid.locys.U,-6
3.0164,B,pid.pitch.Des,-0.014122481
3.0164,B,pid.pitch.FB,1.0345668
3.0164,B,pid.pitch.U,-3.2988873
3.0164,B,pid.roll.Des,0.0012291874
3.0164,B,pid.roll.FB,-0.47430602
3.0164,B,pid.roll.U,1.4091289
3.0164,B,pid.yaw.Des,-4.8213139
3.0164,B,pid.yaw.FB,-4.8213139
3.0164,B,pid.yaw.U,0.023035012
3.0164,B,pid.z_pos.Des,0
3.0164,B,pid.z_pos.FB,0
3.0164,B,pid.z_pos.U,0
3.0164,B,pid.z_rate.Des,0
3.0164,B,pid.z_rate.FB,0
3.0164,B,pid.z_rate.U,0
3.0164,B,status.vbat,16.188305
3.2170,A,mrac.pitch.e,0.038816016
3.2170,A,mrac.pitch.u_ad,-0.1576398
3.2170,A,mrac.roll.e,-0.028453052
3.2170,A,mrac.roll.u_ad,0.15219967
3.2170,A,mrac.yaw.e,-0.017777303
3.2170,A,mrac.yaw.u_ad,0.082399122
3.2170,A,mrac.z.e,0
3.2170,A,mrac.z.u_ad,0
3.2170,A,status.arm,0
3.2170,A,status.estimator_ready,1
3.2170,A,status.flymode,1
3.2170,A,status.of_hold,0
3.2170,A,status.rc_authority,0
3.2170,A,status.sbus_lost,0
3.2170,A,status.twc_arrived,0
3.2170,A,status.twc_execute,0
3.2171,B,mrac.pitch.theta_0,-0.14832364
3.2171,B,mrac.pitch.theta_1,0.0057525379
3.2171,B,mrac.pitch.theta_2,4.084562e-08
3.2171,B,mrac.pitch.theta_3,9.6732154e-05
3.2171,B,mrac.pitch.theta_4,0.053523529
3.2171,B,mrac.pitch.theta_5,0.1442598
3.2171,B,mrac.pitch.u_nom,-0.023073116
3.2171,B,mrac.pitch.xm,-0.059359059
3.2171,B,mrac.roll.theta_0,0.14770633
3.2171,B,mrac.roll.theta_1,0.0050923298
3.2171,B,mrac.roll.theta_2,0.00019934071
3.2171,B,mrac.roll.theta_3,8.9366258e-05
3.2171,B,mrac.roll.theta_4,0.042144574
3.2171,B,mrac.roll.theta_5,0.14147978
3.2171,B,mrac.roll.u_nom,0.012565653
3.2171,B,mrac.roll.xm,0.028156392
3.2171,B,mrac.yaw.theta_0,0.082371145
3.2171,B,mrac.yaw.theta_1,0.0035593384
3.2171,B,mrac.yaw.theta_2,0.00029839098
3.2171,B,mrac.yaw.theta_3,0
3.2171,B,mrac.yaw.theta_4,0.067942642
3.2171,B,mrac.yaw.theta_5,0.089273117
3.2171,B,mrac.yaw.u_nom,0.0012548065
3.2171,B,mrac.yaw.xm,-0.00040193641
3.2171,B,mrac.z.theta_0,0
3.2171,B,mrac.z.theta_1,0
3.2171,B,mrac.z.theta_2,0
3.2171,B,mrac.z.theta_3,0
3.2171,B,mrac.z.theta_4,0
3.2171,B,mrac.z.theta_5,0
3.2171,B,mrac.z.u_nom,0
3.2171,B,mrac.z.xm,0
3.2171,B,path.active_path_mode,0
3.2171,B,path.circle_theta,0
3.2171,B,path.sinusoid_t_elapsed,0
3.2171,B,path.twc_arrived,0
3.2171,B,path.twc_target_x,0
3.2171,B,path.twc_target_y,0
3.2171,B,path.twc_target_z,0
3.2171,B,pid.gyrox.Des,1.6132418
3.2171,B,pid.gyrox.FB,-1.910643
3.2171,B,pid.gyrox.U,14.701814
3.2171,B,pid.gyroy.Des,-3.4010222
3.2171,B,pid.gyroy.FB,0.99851257
3.2171,B,pid.gyroy.U,-26.995546
3.2171,B,pid.gyroz.Des,-0.023029251
3.2171,B,pid.gyroz.FB,-0.31188872
3.2171,B,pid.gyroz.U,2.3489978
3.2171,B,pid.locx.Des,55.420872
3.2171,B,pid.locx.FB,55.420872
3.2171,B,pid.locx.U,-2
3.2171,B,pid.locxs.Des,-2
3.2171,B,pid.locxs.FB,0
3.2171,B,pid.locxs.U,-6
3.2171,B,pid.locy.Des,1.4197141
3.2171,B,pid.locy.FB,1.4197141
3.2171,B,pid.locy.U,-2
3.2171,B,pid.locys.Des,-2
3.2171,B,pid.locys.FB,0
3.2171,B,pid.locys.U,-6
3.2171,B,pid.pitch.Des,0.016581127
3.2171,B,pid.pitch.FB,1.1014384
3.2171,B,pid.pitch.U,-3.4010222
3.2171,B,pid.roll.Des,0.0012291606
3.2171,B,pid.roll.FB,-0.49276909
3.2171,B,pid.roll.U,1.6132418
3.2171,B,pid.yaw.Des,-4.9041343
3.2171,B,pid.yaw.FB,-4.9041343
3.2171,B,pid.yaw.U,-0.023029251
3.2171,B,pid.z_pos.Des,0
3.2171,B,pid.z_pos.FB,0
3.2171,B,pid.z_pos.U,0
3.2171,B,pid.z_rate.Des,0
3.2171,B,pid.z_rate.FB,0
3.2171,B,pid.z_rate.U,0
3.2171,B,status.vbat,16.188305
3.4257,A,mrac.pitch.e,0.07440763
3.4257,A,mrac.pitch.u_ad,-0.15829828
3.4257,A,mrac.roll.e,-0.025834948
3.4257,A,mrac.roll.u_ad,0.15255859
3.4257,A,mrac.yaw.e,-0.012315966
3.4257,A,mrac.yaw.u_ad,0.082549579
3.4257,A,mrac.z.e,0
3.4257,A,mrac.z.u_ad,0
3.4257,A,status.arm,0
3.4257,A,status.estimator_ready,1
3.4257,A,status.flymode,1
3.4257,A,status.of_hold,0
3.4257,A,status.rc_authority,0
3.4257,A,status.sbus_lost,0
3.4257,A,status.twc_arrived,0
3.4257,A,status.twc_execute,0
3.4258,B,mrac.pitch.theta_0,-0.14831926
3.4258,B,mrac.pitch.theta_1,0.0057384111
3.4258,B,mrac.pitch.theta_2,4.0838785e-08
3.4258,B,mrac.pitch.theta_3,9.6791067e-05
3.4258,B,mrac.pitch.theta_4,0.053524178
3.4258,B,mrac.pitch.theta_5,0.14422971
3.4258,B,mrac.pitch.u_nom,-0.022099724
3.4258,B,mrac.pitch.xm,-0.063178524
3.4258,B,mrac.roll.theta_0,0.14776234
3.4258,B,mrac.roll.theta_1,0.0050816895
3.4258,B,mrac.roll.theta_2,0.00019950239
3.4258,B,mrac.roll.theta_3,8.9382636e-05
3.4258,B,mrac.roll.theta_4,0.04214571
3.4258,B,mrac.roll.theta_5,0.14146556
3.4258,B,mrac.roll.u_nom,0.0074579311
3.4258,B,mrac.roll.xm,0.032000866
3.4258,B,mrac.yaw.theta_0,0.082488485
3.4258,B,mrac.yaw.theta_1,0.0035582243
3.4258,B,mrac.yaw.theta_2,0.00029844238
3.4258,B,mrac.yaw.theta_3,0
3.4258,B,mrac.yaw.theta_4,0.06794221
3.4258,B,mrac.yaw.theta_5,0.089271955
3.4258,B,mrac.yaw.u_nom,-0.0013624675
3.4258,B,mrac.yaw.xm,-0.00029386196
3.4258,B,mrac.z.theta_0,0
3.4258,B,mrac.z.theta_1,0
3.4258,B,mrac.z.theta_2,0
3.4258,B,mrac.z.theta_3,0
3.4258,B,mrac.z.theta_4,0
3.4258,B,mrac.z.theta_5,0
3.4258,B,mrac.z.u_nom,0
3.4258,B,mrac.z.xm,0
3.4258,B,path.active_path_mode,0
3.4258,B,path.circle_theta,0
3.4258,B,path.sinusoid_t_elapsed,0
3.4258,B,path.twc_arrived,0
3.4258,B,path.twc_target_x,0
3.4258,B,path.twc_target_y,0
3.4258,B,path.twc_target_z,0
3.4258,B,pid.gyrox.Des,1.8335137
3.4258,B,pid.gyrox.FB,0.3352834
3.4258,B,pid.gyrox.U,8.7257795
3.4258,B,pid.gyroy.Des,-3.6198611
3.4258,B,pid.gyroy.FB,1.2801703
3.4258,B,pid.gyroy.U,-25.856678
3.4258,B,pid.gyroz.Des,-0.016837044
3.4258,B,pid.gyroz.FB,0.30349526
3.4258,B,pid.gyroz.U,-2.5505393
3.4258,B,pid.locx.Des,55.420872
3.4258,B,pid.locx.FB,55.420872
3.4258,B,pid.locx.U,-2
3.4258,B,pid.locxs.Des,-2
3.4258,B,pid.locxs.FB,0
3.4258,B,pid.locxs.U,-6
3.4258,B,pid.locy.Des,1.4197141
3.4258,B,pid.locy.FB,1.4197141
3.4258,B,pid.locy.U,-2
3.4258,B,pid.locys.Des,-2
3.4258,B,pid.locys.FB,0
3.4258,B,pid.locys.U,-6
3.4258,B,pid.pitch.Des,0.016580839
3.4258,B,pid.pitch.FB,1.1703165
3.4258,B,pid.pitch.U,-3.6198611
3.4258,B,pid.roll.Des,0.0012291314
3.4258,B,pid.roll.FB,-0.59711939
3.4258,B,pid.roll.U,1.8335137
3.4258,B,pid.yaw.Des,-4.9226842
3.4258,B,pid.yaw.FB,-4.9226842
3.4258,B,pid.yaw.U,-0.016837044
3.4258,B,pid.z_pos.Des,0
3.4258,B,pid.z_pos.FB,0
3.4258,B,pid.z_pos.U,0
3.4258,B,pid.z_rate.Des,0
3.4258,B,pid.z_rate.FB,0
3.4258,B,pid.z_rate.U,0
3.4258,B,status.vbat,16.188305
3.6329,A,mrac.pitch.e,0.088101469
3.6329,A,mrac.pitch.u_ad,-0.15870236
3.6329,A,mrac.roll.e,-0.048003301
3.6329,A,mrac.roll.u_ad,0.15301101
3.6329,A,mrac.yaw.e,-0.0047601927
3.6329,A,mrac.yaw.u_ad,0.082533926
3.6329,A,mrac.z.e,0
3.6329,A,mrac.z.u_ad,0
3.6329,A,status.arm,0
3.6329,A,status.estimator_ready,1
3.6329,A,status.flymode,1
3.6329,A,status.of_hold,0
3.6329,A,status.rc_authority,0
3.6329,A,status.sbus_lost,0
3.6329,A,status.twc_arrived,0
3.6329,A,status.twc_execute,0
3.6329,B,mrac.pitch.theta_0,-0.14831473
3.6329,B,mrac.pitch.theta_1,0.0057312716
3.6329,B,mrac.pitch.theta_2,4.083444e-08
3.6329,B,mrac.pitch.theta_3,9.6826188e-05
3.6329,B,mrac.pitch.theta_4,0.053523786
3.6329,B,mrac.pitch.theta_5,0.14420916
3.6329,B,mrac.pitch.u_nom,-0.009728523
3.6329,B,mrac.pitch.xm,-0.059456486
3.6329,B,mrac.roll.theta_0,0.14777665
3.6329,B,mrac.roll.theta_1,0.0050786859
3.6329,B,mrac.roll.theta_2,0.00019953624
3.6329,B,mrac.roll.theta_3,8.9385598e-05
3.6329,B,mrac.roll.theta_4,0.042145956
3.6329,B,mrac.roll.theta_5,0.14146087
3.6329,B,mrac.roll.u_nom,0.017173775
3.6329,B,mrac.roll.xm,0.0311708
3.6329,B,mrac.yaw.theta_0,0.082372576
3.6329,B,mrac.yaw.theta_1,0.0035568774
3.6329,B,mrac.yaw.theta_2,0.00029846895
3.6329,B,mrac.yaw.theta_3,0
3.6329,B,mrac.yaw.theta_4,0.067941852
3.6329,B,mrac.yaw.theta_5,0.089270763
3.6329,B,mrac.yaw.u_nom,0.0066568311
3.6329,B,mrac.yaw.xm,0.0012296862
3.6329,B,mrac.z.theta_0,0
3.6329,B,mrac.z.theta_1,0
3.6329,B,mrac.z.theta_2,0
3.6329,B,mrac.z.theta_3,0
3.6329,B,mrac.z.theta_4,0
3.6329,B,mrac.z.theta_5,0
3.6329,B,mrac.z.u_nom,0
3.6329,B,mrac.z.xm,0
3.6329,B,path.active_path_mode,0
3.6329,B,path.circle_theta,0
3.6329,B,path.sinusoid_t_elapsed,0
3.6329,B,path.twc_arrived,0
3.6329,B,path.twc_target_x,0
3.6329,B,path.twc_target_y,0
3.6329,B,path.twc_target_z,0
3.6329,B,pid.gyrox.Des,1.7859546
3.6329,B,pid.gyrox.FB,0.11763975
3.6329,B,pid.gyrox.U,20.093317
3.6329,B,pid.gyroy.Des,-3.4066043
3.6329,B,pid.gyroy.FB,0.16383651
3.6329,B,pid.gyroy.U,-11.382372
3.6329,B,pid.gyroz.Des,0.070455797
3.6329,B,pid.gyroz.FB,-1.4895934
3.6329,B,pid.gyroz.U,12.461588
3.6329,B,pid.locx.Des,55.420872
3.6329,B,pid.locx.FB,55.420872
3.6329,B,pid.locx.U,-2
3.6329,B,pid.locxs.Des,-2
3.6329,B,pid.locxs.FB,0
3.6329,B,pid.locxs.U,-6
3.6329,B,pid.locy.Des,1.4197141
3.6329,B,pid.locy.FB,1.4197141
3.6329,B,pid.locy.U,-2
3.6329,B,pid.locys.Des,-2
3.6329,B,pid.locys.FB,0
3.6329,B,pid.locys.U,-6
3.6329,B,pid.pitch.Des,0.016580872
3.6329,B,pid.pitch.FB,1.1941303
3.6329,B,pid.pitch.U,-3.4066043
3.6329,B,pid.roll.Des,0.0012291208
3.6329,B,pid.roll.FB,-0.58600402
3.6329,B,pid.roll.U,1.7859546
3.6329,B,pid.yaw.Des,-4.9362669
3.6329,B,pid.yaw.FB,-4.9362669
3.6329,B,pid.yaw.U,0.070455797
3.6329,B,pid.z_pos.Des,0
3.6329,B,pid.z_pos.FB,0
3.6329,B,pid.z_pos.U,0
3.6329,B,pid.z_rate.Des,0
3.6329,B,pid.z_rate.FB,0
3.6329,B,pid.z_rate.U,0
3.6329,B,status.vbat,16.188305
3.8333,A,mrac.pitch.e,0.066098019
3.8333,A,mrac.pitch.u_ad,-0.15899603
3.8333,A,mrac.roll.e,0.0015412867
3.8333,A,mrac.roll.u_ad,0.15283147
3.8333,A,mrac.yaw.e,-0.019622359
3.8333,A,mrac.yaw.u_ad,0.082406186
3.8333,A,mrac.z.e,0
3.8333,A,mrac.z.u_ad,0
3.8333,A,status.arm,0
3.8333,A,status.estimator_ready,1
3.8333,A,status.flymode,1
3.8333,A,status.of_hold,0
3.8333,A,status.rc_authority,0
3.8333,A,status.sbus_lost,0
3.8333,A,status.twc_arrived,0
3.8333,A,status.twc_execute,0
3.8333,B,mrac.pitch.theta_0,-0.14831145
3.8333,B,mrac.pitch.theta_1,0.0057215574
3.8333,B,mrac.pitch.theta_2,4.0827953e-08
3.8333,B,mrac.pitch.theta_3,9.685976e-05
3.8333,B,mrac.pitch.theta_4,0.053524256
3.8333,B,mrac.pitch.theta_5,0.14417827
3.8333,B,mrac.pitch.u_nom,-0.014838145
3.8333,B,mrac.pitch.xm,-0.064957
3.8333,B,mrac.roll.theta_0,0.14782672
3.8333,B,mrac.roll.theta_1,0.0050685313
3.8333,B,mrac.roll.theta_2,0.00019966958
3.8333,B,mrac.roll.theta_3,8.9397487e-05
3.8333,B,mrac.roll.theta_4,0.042147443
3.8333,B,mrac.roll.theta_5,0.14144617
3.8333,B,mrac.roll.u_nom,0.015658583
3.8333,B,mrac.roll.xm,0.034727693
3.8333,B,mrac.yaw.theta_0,0.082372576
3.8333,B,mrac.yaw.theta_1,0.0035568774
3.8333,B,mrac.yaw.theta_2,0.00029846895
3.8333,B,mrac.yaw.theta_3,0
3.8333,B,mrac.yaw.theta_4,0.067941852
3.8333,B,mrac.yaw.theta_5,0.089270763
3.8333,B,mrac.yaw.u_nom,0.0033332838
3.8333,B,mrac.yaw.xm,-0.00019810299
3.8333,B,mrac.z.theta_0,0
3.8333,B,mrac.z.theta_1,0
3.8333,B,mrac.z.theta_2,0
3.8333,B,mrac.z.theta_3,0
3.8333,B,mrac.z.theta_4,0
3.8333,B,mrac.z.theta_5,0
3.8333,B,mrac.z.u_nom,0
3.8333,B,mrac.z.xm,0
3.8333,B,path.active_path_mode,0
3.8333,B,path.circle_theta,0
3.8333,B,path.sinusoid_t_elapsed,0
3.8333,B,path.twc_arrived,0
3.8333,B,path.twc_target_x,0
3.8333,B,path.twc_target_y,0
3.8333,B,path.twc_target_z,0
3.8333,B,pid.gyrox.Des,1.9897494
3.8333,B,pid.gyrox.FB,0.78017402
3.8333,B,pid.gyrox.U,18.320543
3.8333,B,pid.gyroy.Des,-3.7217605
3.8333,B,pid.gyroy.FB,-0.032924335
3.8333,B,pid.gyroy.U,-17.36063
3.8333,B,pid.gyroz.Des,-0.01135046
3.8333,B,pid.gyroz.FB,-0.7872299
3.8333,B,pid.gyroz.U,6.2399073
3.8333,B,pid.locx.Des,55.420872
3.8333,B,pid.locx.FB,55.420872
3.8333,B,pid.locx.U,-2
3.8333,B,pid.locxs.Des,-2
3.8333,B,pid.locxs.FB,0.99622381
3.8333,B,pid.locxs.U,-8.9885712
3.8333,B,pid.locy.Des,1.4197141
3.8333,B,pid.locy.FB,1.4197141
3.8333,B,pid.locy.U,-2
3.8333,B,pid.locys.Des,-2
3.8333,B,pid.locys.FB,0.08682242
3.8333,B,pid.locys.U,-6.2616329
3.8333,B,pid.pitch.Des,0.016580619
3.8333,B,pid.pitch.FB,1.2157949
3.8333,B,pid.pitch.U,-3.7217605
3.8333,B,pid.roll.Des,0.001229111
3.8333,B,pid.roll.FB,-0.66623312
3.8333,B,pid.roll.U,1.9897494
3.8333,B,pid.yaw.Des,-4.9808331
3.8333,B,pid.yaw.FB,-4.9808331
3.8333,B,pid.yaw.U,-0.01135046
3.8333,B,pid.z_pos.Des,0
3.8333,B,pid.z_pos.FB,0
3.8333,B,pid.z_pos.U,0
3.8333,B,pid.z_rate.Des,0
3.8333,B,pid.z_rate.FB,0
3.8333,B,pid.z_rate.U,0
3.8333,B,status.vbat,16.188305
4.0335,A,mrac.pitch.e,0.068087824
4.0335,A,mrac.pitch.u_ad,-0.1591807
4.0335,A,mrac.roll.e,-0.031879582
4.0335,A,mrac.roll.u_ad,0.15317801
4.0335,A,mrac.yaw.e,-0.0090306103
4.0335,A,mrac.yaw.u_ad,0.082462482
4.0335,A,mrac.z.e,0
4.0335,A,mrac.z.u_ad,0
4.0335,A,status.arm,0
4.0335,A,status.estimator_ready,1
4.0335,A,status.flymode,1
4.0335,A,status.of_hold,0
4.0335,A,status.rc_authority,0
4.0335,A,status.sbus_lost,0
4.0335,A,status.twc_arrived,0
4.0335,A,status.twc_execute,0
4.0337,B,mrac.pitch.theta_0,-0.14833324
4.0337,B,mrac.pitch.theta_1,0.0057088356
4.0337,B,mrac.pitch.theta_2,4.082116e-08
4.0337,B,mrac.pitch.theta_3,9.6868353e-05
4.0337,B,mrac.pitch.theta_4,0.053527266
4.0337,B,mrac.pitch.theta_5,0.1441552
4.0337,B,mrac.pitch.u_nom,-0.0082494179
4.0337,B,mrac.pitch.xm,-0.06830503
4.0337,B,mrac.roll.theta_0,0.14785583
4.0337,B,mrac.roll.theta_1,0.0050630299
4.0337,B,mrac.roll.theta_2,0.00019977946
4.0337,B,mrac.roll.theta_3,8.9395573e-05
4.0337,B,mrac.roll.theta_4,0.042148747
4.0337,B,mrac.roll.theta_5,0.1414407
4.0337,B,mrac.roll.u_nom,-0.0033167587
4.0337,B,mrac.roll.xm,0.033817947
4.0337,B,mrac.yaw.theta_0,0.082426153
4.0337,B,mrac.yaw.theta_1,0.003556404
4.0337,B,mrac.yaw.theta_2,0.00029848877
4.0337,B,mrac.yaw.theta_3,0
4.0337,B,mrac.yaw.theta_4,0.067941606
4.0337,B,mrac.yaw.theta_5,0.089270189
4.0337,B,mrac.yaw.u_nom,-0.0029529412
4.0337,B,mrac.yaw.xm,-0.00020126981
4.0337,B,mrac.z.theta_0,0
4.0337,B,mrac.z.theta_1,0
4.0337,B,mrac.z.theta_2,0
4.0337,B,mrac.z.theta_3,0
4.0337,B,mrac.z.theta_4,0
4.0337,B,mrac.z.theta_5,0
4.0337,B,mrac.z.u_nom,0
4.0337,B,mrac.z.xm,0
4.0337,B,path.active_path_mode,0
4.0337,B,path.circle_theta,0
4.0337,B,path.sinusoid_t_elapsed,0
4.0337,B,path.twc_arrived,0
4.0337,B,path.twc_target_x,0
4.0337,B,path.twc_target_y,0
4.0337,B,path.twc_target_z,0
4.0337,B,pid.gyrox.Des,1.9376248
4.0337,B,pid.gyrox.FB,1.0132403
4.0337,B,pid.gyrox.U,-3.8806076
4.0337,B,pid.gyroy.Des,-3.9135885
4.0337,B,pid.gyroy.FB,-0.62173241
4.0337,B,pid.gyroy.U,-9.6518192
4.0337,B,pid.gyroz.Des,-0.011531906
4.0337,B,pid.gyroz.FB,0.67656362
4.0337,B,pid.gyroz.U,-5.5279059
4.0337,B,pid.locx.Des,55.420872
4.0337,B,pid.locx.FB,55.420872
4.0337,B,pid.locx.U,-2
4.0337,B,pid.locxs.Des,-2
4.0337,B,pid.locxs.FB,0
4.0337,B,pid.locxs.U,-6
4.0337,B,pid.locy.Des,1.4197141
4.0337,B,pid.locy.FB,1.4197141
4.0337,B,pid.locy.U,-2
4.0337,B,pid.locys.Des,-2
4.0337,B,pid.locys.FB,0
4.0337,B,pid.locys.U,-6
4.0337,B,pid.pitch.Des,0.016580734
4.0337,B,pid.pitch.FB,1.281243
4.0337,B,pid.pitch.U,-3.9135885
4.0337,B,pid.roll.Des,0.0012290804
4.0337,B,pid.roll.FB,-0.63112473
4.0337,B,pid.roll.U,1.9376248
4.0337,B,pid.yaw.Des,-5.0732675
4.0337,B,pid.yaw.FB,-5.0732675
4.0337,B,pid.yaw.U,-0.011531906
4.0337,B,pid.z_pos.Des,0
4.0337,B,pid.z_pos.FB,0
4.0337,B,pid.z_pos.U,0
4.0337,B,pid.z_rate.Des,0
4.0337,B,pid.z_rate.FB,0
4.0337,B,pid.z_rate.U,0
4.0337,B,status.vbat,16.188305
4.2497,A,mrac.pitch.e,0.069473505
4.2497,A,mrac.pitch.u_ad,-0.158952
4.2497,A,mrac.roll.e,-0.045174383
4.2497,A,mrac.roll.u_ad,0.15284786
4.2497,A,mrac.yaw.e,0.037879806
4.2497,A,mrac.yaw.u_ad,0.081991643
4.2497,A,mrac.z.e,0
4.2497,A,mrac.z.u_ad,0
4.2497,A,status.arm,0
4.2497,A,status.estimator_ready,1
4.2497,A,status.flymode,1
4.2497,A,status.of_hold,0
4.2497,A,status.rc_authority,0
4.2497,A,status.sbus_lost,0
4.2497,A,status.twc_arrived,0
4.2497,A,status.twc_execute,0
4.2497,B,mrac.pitch.theta_0,-0.14833456
4.2497,B,mrac.pitch.theta_1,0.005700117
4.2497,B,mrac.pitch.theta_2,4.0815227e-08
4.2497,B,mrac.pitch.theta_3,9.6926393e-05
4.2497,B,mrac.pitch.theta_4,0.053529516
4.2497,B,mrac.pitch.theta_5,0.14412831
4.2497,B,mrac.pitch.u_nom,-0.042302553
4.2497,B,mrac.pitch.xm,-0.066484697
4.2497,B,mrac.roll.theta_0,0.14787291
4.2497,B,mrac.roll.theta_1,0.00505795
4.2497,B,mrac.roll.theta_2,0.00019983083
4.2497,B,mrac.roll.theta_3,8.9417306e-05
4.2497,B,mrac.roll.theta_4,0.042149287
4.2497,B,mrac.roll.theta_5,0.14143221
4.2497,B,mrac.roll.u_nom,0.019740764
4.2497,B,mrac.roll.xm,0.03171723
4.2497,B,mrac.yaw.theta_0,0.081913456
4.2497,B,mrac.yaw.theta_1,0.0035543705
4.2497,B,mrac.yaw.theta_2,0.00029847448
4.2497,B,mrac.yaw.theta_3,0
4.2497,B,mrac.yaw.theta_4,0.067941085
4.2497,B,mrac.yaw.theta_5,0.089268409
4.2497,B,mrac.yaw.u_nom,0.0010206007
4.2497,B,mrac.yaw.xm,-0.00080271671
4.2497,B,mrac.z.theta_0,0
4.2497,B,mrac.z.theta_1,0
4.2497,B,mrac.z.theta_2,0
4.2497,B,mrac.z.theta_3,0
4.2497,B,mrac.z.theta_4,0
4.2497,B,mrac.z.theta_5,0
4.2497,B,mrac.z.u_nom,0
4.2497,B,mrac.z.xm,0
4.2497,B,path.active_path_mode,0
4.2497,B,path.circle_theta,0
4.2497,B,path.sinusoid_t_elapsed,0
4.2497,B,path.twc_arrived,0
4.2497,B,path.twc_target_x,0
4.2497,B,path.twc_target_y,0
4.2497,B,path.twc_target_z,0
4.2497,B,pid.gyrox.Des,1.8172625
4.2497,B,pid.gyrox.FB,-1.0536636
4.2497,B,pid.gyrox.U,23.096695
4.2497,B,pid.gyroy.Des,-3.8092911
4.2497,B,pid.gyroy.FB,2.3794162
4.2497,B,pid.gyroy.U,-49.493988
4.2497,B,pid.gyroz.Des,-0.045992259
4.2497,B,pid.gyroz.FB,-0.27823529
4.2497,B,pid.gyroz.U,1.9105645
4.2497,B,pid.locx.Des,55.420872
4.2497,B,pid.locx.FB,55.420872
4.2497,B,pid.locx.U,-2
4.2497,B,pid.locxs.Des,-2
4.2497,B,pid.locxs.FB,0
4.2497,B,pid.locxs.U,-6
4.2497,B,pid.locy.Des,1.4197141
4.2497,B,pid.locy.FB,1.4197141
4.2497,B,pid.locy.U,-2
4.2497,B,pid.locys.Des,-2
4.2497,B,pid.locys.FB,0
4.2497,B,pid.locys.U,-6
4.2497,B,pid.pitch.Des,0.016580898
4.2497,B,pid.pitch.FB,1.2247934
4.2497,B,pid.pitch.U,-3.8092911
4.2497,B,pid.roll.Des,0.0012291069
4.2497,B,pid.roll.FB,-0.57736123
4.2497,B,pid.roll.U,1.8172625
4.2497,B,pid.yaw.Des,-4.9751863
4.2497,B,pid.yaw.FB,-4.9751863
4.2497,B,pid.yaw.U,-0.045992259
4.2497,B,pid.z_pos.Des,0
4.2497,B,pid.z_pos.FB,0
4.2497,B,pid.z_pos.U,0
4.2497,B,pid.z_rate.Des,0
4.2497,B,pid.z_rate.FB,0
4.2497,B,pid.z_rate.U,0
4.2497,B,status.vbat,16.188305
4.4500,A,mrac.pitch.e,0.067269199
4.4500,A,mrac.pitch.u_ad,-0.15877706
4.4500,A,mrac.roll.e,-0.020635024
4.4500,A,mrac.roll.u_ad,0.1524999
4.4500,A,mrac.yaw.e,0.0057106647
4.4500,A,mrac.yaw.u_ad,0.082091011
4.4500,A,mrac.z.e,0
4.4500,A,mrac.z.u_ad,0
4.4500,A,status.arm,0
4.4500,A,status.estimator_ready,1
4.4500,A,status.flymode,1
4.4500,A,status.of_hold,0
4.4500,A,status.rc_authority,0
4.4500,A,status.sbus_lost,0
4.4500,A,status.twc_arrived,0
4.4500,A,status.twc_execute,0
4.4500,B,mrac.pitch.theta_0,-0.14834663
4.4500,B,mrac.pitch.theta_1,0.0056911521
4.4500,B,mrac.pitch.theta_2,4.081086e-08
4.4500,B,mrac.pitch.theta_3,9.6958844e-05
4.4500,B,mrac.pitch.theta_4,0.053530741
4.4500,B,mrac.pitch.theta_5,0.14410955
4.4500,B,mrac.pitch.u_nom,-0.015322364
4.4500,B,mrac.pitch.xm,-0.06678576
4.4500,B,mrac.roll.theta_0,0.14789067
4.4500,B,mrac.roll.theta_1,0.005053041
4.4500,B,mrac.roll.theta_2,0.0001998934
4.4500,B,mrac.roll.theta_3,8.9420995e-05
4.4500,B,mrac.roll.theta_4,0.04214998
4.4500,B,mrac.roll.theta_5,0.14142519
4.4500,B,mrac.roll.u_nom,0.0029999542
4.4500,B,mrac.roll.xm,0.028886002
4.4500,B,mrac.yaw.theta_0,0.081969075
4.4500,B,mrac.yaw.theta_1,0.0035539239
4.4500,B,mrac.yaw.theta_2,0.00029849244
4.4500,B,mrac.yaw.theta_3,0
4.4500,B,mrac.yaw.theta_4,0.067940831
4.4500,B,mrac.yaw.theta_5,0.089267842
4.4500,B,mrac.yaw.u_nom,0.0012157924
4.4500,B,mrac.yaw.xm,0.00023726113
4.4500,B,mrac.z.theta_0,0
4.4500,B,mrac.z.theta_1,0
4.4500,B,mrac.z.theta_2,0
4.4500,B,mrac.z.theta_3,0
4.4500,B,mrac.z.theta_4,0
4.4500,B,mrac.z.theta_5,0
4.4500,B,mrac.z.u_nom,0
4.4500,B,mrac.z.xm,0
4.4500,B,path.active_path_mode,0
4.4500,B,path.circle_theta,0
4.4500,B,path.sinusoid_t_elapsed,0
4.4500,B,path.twc_arrived,0
4.4500,B,path.twc_target_x,0
4.4500,B,path.twc_target_y,0
4.4500,B,path.twc_target_z,0
4.4500,B,pid.gyrox.Des,1.6550453
4.4500,B,pid.gyrox.FB,2.1321058
4.4500,B,pid.gyrox.U,3.5099463
4.4500,B,pid.gyroy.Des,-3.8265407
4.4500,B,pid.gyroy.FB,0.83159012
4.4500,B,pid.gyroy.U,-17.927166
4.4500,B,pid.gyroz.Des,0.013594056
4.4500,B,pid.gyroz.FB,-0.27099088
4.4500,B,pid.gyroz.U,2.2759633
4.4500,B,pid.locx.Des,55.420872
4.4500,B,pid.locx.FB,55.420872
4.4500,B,pid.locx.U,-2
4.4500,B,pid.locxs.Des,-2
4.4500,B,pid.locxs.FB,0
4.4500,B,pid.locxs.U,-6
4.4500,B,pid.locy.Des,1.4197141
4.4500,B,pid.locy.FB,1.4197141
4.4500,B,pid.locy.U,-2
4.4500,B,pid.locys.Des,-2
4.4500,B,pid.locys.FB,0
4.4500,B,pid.locys.U,-6
4.4500,B,pid.pitch.Des,0.016580926
4.4500,B,pid.pitch.FB,1.2339618
4.4500,B,pid.pitch.U,-3.8265407
4.4500,B,pid.roll.Des,0.0012291028
4.4500,B,pid.roll.FB,-0.56788552
4.4500,B,pid.roll.U,1.6550453
4.4500,B,pid.yaw.Des,-5.0684533
4.4500,B,pid.yaw.FB,-5.0684533
4.4500,B,pid.yaw.U,0.013594056
4.4500,B,pid.z_pos.Des,0
4.4500,B,pid.z_pos.FB,0
4.4500,B,pid.z_pos.U,0
4.4500,B,pid.z_rate.Des,0
4.4500,B,pid.z_rate.FB,0
4.4500,B,pid.z_rate.U,0
4.4500,B,status.vbat,16.188305
4.6666,A,mrac.pitch.e,0.082151942
4.6666,A,mrac.pitch.u_ad,-0.15899292
4.6666,A,mrac.roll.e,-0.031078877
4.6666,A,mrac.roll.u_ad,0.15187508
4.6666,A,mrac.yaw.e,-0.025188537
4.6666,A,mrac.yaw.u_ad,0.082012951
4.6666,A,mrac.z.e,0
4.6666,A,mrac.z.u_ad,0
4.6666,A,status.arm,0
4.6666,A,status.estimator_ready,1
4.6666,A,status.flymode,1
4.6666,A,status.of_hold,0
4.6666,A,status.rc_authority,0
4.6666,A,status.sbus_lost,0
4.6666,A,status.twc_arrived,0
4.6666,A,status.twc_execute,0
4.6667,B,mrac.pitch.theta_0,-0.14833334
4.6667,B,mrac.pitch.theta_1,0.005682759
4.6667,B,mrac.pitch.theta_2,4.0804334e-08
4.6667,B,mrac.pitch.theta_3,9.7020376e-05
4.6667,B,mrac.pitch.theta_4,0.053530268
4.6667,B,mrac.pitch.theta_5,0.14407752
4.6667,B,mrac.pitch.u_nom,-0.0049489341
4.6667,B,mrac.pitch.xm,-0.066306032
4.6667,B,mrac.roll.theta_0,0.14790086
4.6667,B,mrac.roll.theta_1,0.0050485628
4.6667,B,mrac.roll.theta_2,0.00019995704
4.6667,B,mrac.roll.theta_3,8.9435875e-05
4.6667,B,mrac.roll.theta_4,0.04215125
4.6667,B,mrac.roll.theta_5,0.14141883
4.6667,B,mrac.roll.u_nom,-0.0078554787
4.6667,B,mrac.roll.xm,0.025774837
4.6667,B,mrac.yaw.theta_0,0.082075454
4.6667,B,mrac.yaw.theta_1,0.0035530755
4.6667,B,mrac.yaw.theta_2,0.00029852559
4.6667,B,mrac.yaw.theta_3,0
4.6667,B,mrac.yaw.theta_4,0.067940317
4.6667,B,mrac.yaw.theta_5,0.089266717
4.6667,B,mrac.yaw.u_nom,0.0053390623
4.6667,B,mrac.yaw.xm,0.00056776783
4.6667,B,mrac.z.theta_0,0
4.6667,B,mrac.z.theta_1,0
4.6667,B,mrac.z.theta_2,0
4.6667,B,mrac.z.theta_3,0
4.6667,B,mrac.z.theta_4,0
4.6667,B,mrac.z.theta_5,0
4.6667,B,mrac.z.u_nom,0
4.6667,B,mrac.z.xm,0
4.6667,B,path.active_path_mode,0
4.6667,B,path.circle_theta,0
4.6667,B,path.sinusoid_t_elapsed,0
4.6667,B,path.twc_arrived,0
4.6667,B,path.twc_target_x,0
4.6667,B,path.twc_target_y,0
4.6667,B,path.twc_target_z,0
4.6667,B,pid.gyrox.Des,1.4767888
4.6667,B,pid.gyrox.FB,1.1798524
4.6667,B,pid.gyrox.U,-9.1909103
4.6667,B,pid.gyroy.Des,-3.7990544
4.6667,B,pid.gyroy.FB,-0.6315586
4.6667,B,pid.gyroy.U,-5.7902527
4.6667,B,pid.gyroz.Des,0.032530688
4.6667,B,pid.gyroz.FB,-1.2155915
4.6667,B,pid.gyroz.U,9.9947243
4.6667,B,pid.locx.Des,55.420872
4.6667,B,pid.locx.FB,55.420872
4.6667,B,pid.locx.U,-2
4.6667,B,pid.locxs.Des,-2
4.6667,B,pid.locxs.FB,0
4.6667,B,pid.locxs.U,-6
4.6667,B,pid.locy.Des,1.4197141
4.6667,B,pid.locy.FB,1.4197141
4.6667,B,pid.locy.U,-2
4.6667,B,pid.locys.Des,-2
4.6667,B,pid.locys.FB,0
4.6667,B,pid.locys.U,-6
4.6667,B,pid.pitch.Des,0.01658115
4.6667,B,pid.pitch.FB,1.2444218
4.6667,B,pid.pitch.U,-3.7990544
4.6667,B,pid.roll.Des,0.001229098
4.6667,B,pid.roll.FB,-0.48389053
4.6667,B,pid.roll.U,1.4767888
4.6667,B,pid.yaw.Des,-5.1152081
4.6667,B,pid.yaw.FB,-5.1152081
4.6667,B,pid.yaw.U,0.032530688
4.6667,B,pid.z_pos.Des,0
4.6667,B,pid.z_pos.FB,0
4.6667,B,pid.z_pos.U,0
4.6667,B,pid.z_rate.Des,0
4.6667,B,pid.z_rate.FB,0
4.6667,B,pid.z_rate.U,0
4.6667,B,status.vbat,16.188305
4.8669,A,mrac.pitch.e,0.046812199
4.8669,A,mrac.pitch.u_ad,-0.15909924
4.8669,A,mrac.roll.e,0.0063485187
4.8669,A,mrac.roll.u_ad,0.15193042
4.8669,A,mrac.yaw.e,-0.00677922
4.8669,A,mrac.yaw.u_ad,0.081929699
4.8669,A,mrac.z.e,0
4.8669,A,mrac.z.u_ad,0
4.8669,A,status.arm,0
4.8669,A,status.estimator_ready,1
4.8669,A,status.flymode,1
4.8669,A,status.of_hold,0
4.8669,A,status.rc_authority,0
4.8669,A,status.sbus_lost,0
4.8669,A,status.twc_arrived,0
4.8669,A,status.twc_execute,0
4.8670,B,mrac.pitch.theta_0,-0.1483501
4.8670,B,mrac.pitch.theta_1,0.0056730346
4.8670,B,mrac.pitch.theta_2,4.0799534e-08
4.8670,B,mrac.pitch.theta_3,9.7078431e-05
4.8670,B,mrac.pitch.theta_4,0.053532146
4.8670,B,mrac.pitch.theta_5,0.14405748
4.8670,B,mrac.pitch.u_nom,-0.020033166
4.8670,B,mrac.pitch.xm,-0.069232717
4.8670,B,mrac.roll.theta_0,0.14790238
4.8670,B,mrac.roll.theta_1,0.0050470703
4.8670,B,mrac.roll.theta_2,0.00019997537
4.8670,B,mrac.roll.theta_3,8.9436886e-05
4.8670,B,mrac.roll.theta_4,0.042151466
4.8670,B,mrac.roll.theta_5,0.14141643
4.8670,B,mrac.roll.u_nom,0.0072419988
4.8670,B,mrac.roll.xm,0.026542556
4.8670,B,mrac.yaw.theta_0,0.081932709
4.8670,B,mrac.yaw.theta_1,0.0035526124
4.8670,B,mrac.yaw.theta_2,0.00029852265
4.8670,B,mrac.yaw.theta_3,0
4.8670,B,mrac.yaw.theta_4,0.067940071
4.8670,B,mrac.yaw.theta_5,0.089266151
4.8670,B,mrac.yaw.u_nom,0.00064718543
4.8670,B,mrac.yaw.xm,-3.3427681e-05
4.8670,B,mrac.z.theta_0,0
4.8670,B,mrac.z.theta_1,0
4.8670,B,mrac.z.theta_2,0
4.8670,B,mrac.z.theta_3,0
4.8670,B,mrac.z.theta_4,0
4.8670,B,mrac.z.theta_5,0
4.8670,B,mrac.z.u_nom,0
4.8670,B,mrac.z.xm,0
4.8670,B,path.active_path_mode,0
4.8670,B,path.circle_theta,0
4.8670,B,path.sinusoid_t_elapsed,0
4.8670,B,path.twc_arrived,0
4.8670,B,path.twc_target_x,0
4.8670,B,path.twc_target_y,0
4.8670,B,path.twc_target_z,0
4.8670,B,pid.gyrox.Des,1.5207758
4.8670,B,pid.gyrox.FB,-0.36870119
4.8670,B,pid.gyrox.U,8.4731388
4.8670,B,pid.gyroy.Des,-3.9667408
4.8670,B,pid.gyroy.FB,1.0617918
4.8670,B,pid.gyroy.U,-23.438805
4.8670,B,pid.gyroz.Des,-0.0019152642
4.8670,B,pid.gyroz.FB,-0.15134534
4.8670,B,pid.gyroz.U,1.2115312
4.8670,B,pid.locx.Des,55.420872
4.8670,B,pid.locx.FB,55.420872
4.8670,B,pid.locx.U,-2
4.8670,B,pid.locxs.Des,-2
4.8670,B,pid.locxs.FB,0
4.8670,B,pid.locxs.U,-6
4.8670,B,pid.locy.Des,1.4197141
4.8670,B,pid.locy.FB,1.4197141
4.8670,B,pid.locy.U,-2
4.8670,B,pid.locys.Des,-2
4.8670,B,pid.locys.FB,0
4.8670,B,pid.locys.U,-6
4.8670,B,pid.pitch.Des,0.016581153
4.8670,B,pid.pitch.FB,1.2760484
4.8670,B,pid.pitch.U,-3.9667408
4.8670,B,pid.roll.Des,0.0012290829
4.8670,B,pid.roll.FB,-0.4820199
4.8670,B,pid.roll.U,1.5207758
4.8670,B,pid.yaw.Des,-5.0769677
4.8670,B,pid.yaw.FB,-5.0769677
4.8670,B,pid.yaw.U,-0.0019152642
4.8670,B,pid.z_pos.Des,0
4.8670,B,pid.z_pos.FB,0
4.8670,B,pid.z_pos.U,0
4.8670,B,pid.z_rate.Des,0
4.8670,B,pid.z_rate.FB,0
4.8670,B,pid.z_rate.U,0
4.8670,B,status.vbat,16.188305
5.0713,A,mrac.pitch.e,0.051869176
5.0713,A,mrac.pitch.u_ad,-0.15900485
5.0713,A,mrac.roll.e,-0.020968817
5.0713,A,mrac.roll.u_ad,0.15218279
5.0713,A,mrac.yaw.e,-0.029553991
5.0713,A,mrac.yaw.u_ad,0.082250804
5.0713,A,mrac.z.e,0
5.0713,A,mrac.z.u_ad,0
5.0713,A,status.arm,0
5.0713,A,status.estimator_ready,1
5.0713,A,status.flymode,1
5.0713,A,status.of_hold,0
5.0713,A,status.rc_authority,0
5.0713,A,status.sbus_lost,0
5.0713,A,status.twc_arrived,0
5.0713,A,status.twc_execute,0
5.0713,B,mrac.pitch.theta_0,-0.1483562
5.0713,B,mrac.pitch.theta_1,0.0056618336
5.0713,B,mrac.pitch.theta_2,4.0792667e-08
5.0713,B,mrac.pitch.theta_3,9.7204e-05
5.0713,B,mrac.pitch.theta_4,0.053533599
5.0713,B,mrac.pitch.theta_5,0.14402802
5.0713,B,mrac.pitch.u_nom,0.0029713118
5.0713,B,mrac.pitch.xm,-0.070149437
5.0713,B,mrac.roll.theta_0,0.1479139
5.0713,B,mrac.roll.theta_1,0.0050418195
5.0713,B,mrac.roll.theta_2,0.00020005212
5.0713,B,mrac.roll.theta_3,8.9469839e-05
5.0713,B,mrac.roll.theta_4,0.042151999
5.0713,B,mrac.roll.theta_5,0.1414092
5.0713,B,mrac.roll.u_nom,-0.021751672
5.0713,B,mrac.roll.xm,0.028852945
5.0713,B,mrac.yaw.theta_0,0.081985109
5.0713,B,mrac.yaw.theta_1,0.0035522033
5.0713,B,mrac.yaw.theta_2,0.0002985383
5.0713,B,mrac.yaw.theta_3,0
5.0713,B,mrac.yaw.theta_4,0.067939803
5.0713,B,mrac.yaw.theta_5,0.089265592
5.0713,B,mrac.yaw.u_nom,0.0084360261
5.0713,B,mrac.yaw.xm,0.00081312202
5.0713,B,mrac.z.theta_0,0
5.0713,B,mrac.z.theta_1,0
5.0713,B,mrac.z.theta_2,0
5.0713,B,mrac.z.theta_3,0
5.0713,B,mrac.z.theta_4,0
5.0713,B,mrac.z.theta_5,0
5.0713,B,mrac.z.u_nom,0
5.0713,B,mrac.z.xm,0
5.0713,B,path.active_path_mode,0
5.0713,B,path.circle_theta,0
5.0713,B,path.sinusoid_t_elapsed,0
5.0713,B,path.twc_arrived,0
5.0713,B,path.twc_target_x,0
5.0713,B,path.twc_target_y,0
5.0713,B,path.twc_target_z,0
5.0713,B,pid.gyrox.Des,1.6531513
5.0713,B,pid.gyrox.FB,1.5416597
5.0713,B,pid.gyrox.U,-25.449457
5.0713,B,pid.gyroy.Des,-4.0192652
5.0713,B,pid.gyroy.FB,-1.1437255
5.0713,B,pid.gyroy.U,3.4764347
5.0713,B,pid.gyroz.Des,0.046588439
5.0713,B,pid.gyroz.FB,-1.9251188
5.0713,B,pid.gyroz.U,15.79224
5.0713,B,pid.locx.Des,55.420872
5.0713,B,pid.locx.FB,55.420872
5.0713,B,pid.locx.U,-2
5.0713,B,pid.locxs.Des,-2
5.0713,B,pid.locxs.FB,0
5.0713,B,pid.locxs.U,-6
5.0713,B,pid.locy.Des,1.4197141
5.0713,B,pid.locy.FB,1.4197141
5.0713,B,pid.locy.U,-2
5.0713,B,pid.locys.Des,-2
5.0713,B,pid.locys.FB,0
5.0713,B,pid.locys.U,-6
5.0713,B,pid.pitch.Des,-0.014122358
5.0713,B,pid.pitch.FB,1.2834755
5.0713,B,pid.pitch.U,-4.0192652
5.0713,B,pid.roll.Des,0.0012290794
5.0713,B,pid.roll.FB,-0.53197503
5.0713,B,pid.roll.U,1.6531513
5.0713,B,pid.yaw.Des,-5.0856338
5.0713,B,pid.yaw.FB,-5.0856338
5.0713,B,pid.yaw.U,0.046588439
5.0713,B,pid.z_pos.Des,0
5.0713,B,pid.z_pos.FB,0
5.0713,B,pid.z_pos.U,0
5.0713,B,pid.z_rate.Des,0
5.0713,B,pid.z_rate.FB,0
5.0713,B,pid.z_rate.U,0
5.0713,B,status.vbat,16.188305
5.2714,A,mrac.pitch.e,0.060950972
5.2714,A,mrac.pitch.u_ad,-0.15880969
5.2714,A,mrac.roll.e,-0.061801367
5.2714,A,mrac.roll.u_ad,0.15281776
5.2714,A,mrac.yaw.e,-0.013961721
5.2714,A,mrac.yaw.u_ad,0.081990458
5.2714,A,mrac.z.e,0
5.2714,A,mrac.z.u_ad,0
5.2714,A,status.arm,0
5.2714,A,status.estimator_ready,1
5.2714,A,status.flymode,1
5.2714,A,status.of_hold,0
5.2714,A,status.rc_authority,0
5.2714,A,status.sbus_lost,0
5.2714,A,status.twc_arrived,0
5.2714,A,status.twc_execute,0
5.2715,B,mrac.pitch.theta_0,-0.14833274
5.2715,B,mrac.pitch.theta_1,0.0056593018
5.2715,B,mrac.pitch.theta_2,4.0788688e-08
5.2715,B,mrac.pitch.theta_3,9.7229015e-05
5.2715,B,mrac.pitch.theta_4,0.05353339
5.2715,B,mrac.pitch.theta_5,0.14400877
5.2715,B,mrac.pitch.u_nom,-0.027167654
5.2715,B,mrac.pitch.xm,-0.063521519
5.2715,B,mrac.roll.theta_0,0.14791763
5.2715,B,mrac.roll.theta_1,0.0050394335
5.2715,B,mrac.roll.theta_2,0.00020007836
5.2715,B,mrac.roll.theta_3,8.9479428e-05
5.2715,B,mrac.roll.theta_4,0.042152002
5.2715,B,mrac.roll.theta_5,0.14140528
5.2715,B,mrac.roll.u_nom,0.01892351
5.2715,B,mrac.roll.xm,0.029478475
5.2715,B,mrac.yaw.theta_0,0.081985109
5.2715,B,mrac.yaw.theta_1,0.0035522033
5.2715,B,mrac.yaw.theta_2,0.0002985383
5.2715,B,mrac.yaw.theta_3,0
5.2715,B,mrac.yaw.theta_4,0.067939803
5.2715,B,mrac.yaw.theta_5,0.089265592
5.2715,B,mrac.yaw.u_nom,-0.00064665737
5.2715,B,mrac.yaw.xm,-0.00019890725
5.2715,B,mrac.z.theta_0,0
5.2715,B,mrac.z.theta_1,0
5.2715,B,mrac.z.theta_2,0
5.2715,B,mrac.z.theta_3,0
5.2715,B,mrac.z.theta_4,0
5.2715,B,mrac.z.theta_5,0
5.2715,B,mrac.z.u_nom,0
5.2715,B,mrac.z.xm,0
5.2715,B,path.active_path_mode,0
5.2715,B,path.circle_theta,0
5.2715,B,path.sinusoid_t_elapsed,0
5.2715,B,path.twc_arrived,0
5.2715,B,path.twc_target_x,0
5.2715,B,path.twc_target_y,0
5.2715,B,path.twc_target_z,0
5.2715,B,pid.gyrox.Des,1.6889915
5.2715,B,pid.gyrox.FB,-0.4836846
5.2715,B,pid.gyrox.U,22.140507
5.2715,B,pid.gyroy.Des,-3.6395133
5.2715,B,pid.gyroy.FB,-0.30834261
5.2715,B,pid.gyroy.U,-31.786156
5.2715,B,pid.gyroz.Des,-0.011396541
5.2715,B,pid.gyroz.FB,0.14003684
5.2715,B,pid.gyroz.U,-1.2105426
5.2715,B,pid.locx.Des,55.420872
5.2715,B,pid.locx.FB,55.420872
5.2715,B,pid.locx.U,-2
5.2715,B,pid.locxs.Des,-2
5.2715,B,pid.locxs.FB,0
5.2715,B,pid.locxs.U,-6
5.2715,B,pid.locy.Des,1.4197141
5.2715,B,pid.locy.FB,1.4197141
5.2715,B,pid.locy.U,-2
5.2715,B,pid.locys.Des,-2
5.2715,B,pid.locys.FB,0
5.2715,B,pid.locys.U,-6
5.2715,B,pid.pitch.Des,0.016580982
5.2715,B,pid.pitch.FB,1.2097374
5.2715,B,pid.pitch.U,-3.6395133
5.2715,B,pid.roll.Des,0.0012291138
5.2715,B,pid.roll.FB,-0.54744112
5.2715,B,pid.roll.U,1.6889915
5.2715,B,pid.yaw.Des,-5.2219176
5.2715,B,pid.yaw.FB,-5.2219176
5.2715,B,pid.yaw.U,-0.011396541
5.2715,B,pid.z_pos.Des,0
5.2715,B,pid.z_pos.FB,0
5.2715,B,pid.z_pos.U,0
5.2715,B,pid.z_rate.Des,0
5.2715,B,pid.z_rate.FB,0
5.2715,B,pid.z_rate.U,0
5.2715,B,status.vbat,16.188305
5.4837,A,mrac.pitch.e,0.059410311
5.4837,A,mrac.pitch.u_ad,-0.15881464
5.4837,A,mrac.roll.e,-0.015683901
5.4837,A,mrac.roll.u_ad,0.15192662
5.4837,A,mrac.yaw.e,-0.033717353
5.4837,A,mrac.yaw.u_ad,0.082286045
5.4837,A,mrac.z.e,0
5.4837,A,mrac.z.u_ad,0
5.4837,A,status.arm,0
5.4837,A,status.estimator_ready,1
5.4837,A,status.flymode,1
5.4837,A,status.of_hold,0
5.4837,A,status.rc_authority,0
5.4837,A,status.sbus_lost,0
5.4837,A,status.twc_arrived,0
5.4837,A,status.twc_execute,0
5.4838,B,mrac.pitch.theta_0,-0.14833567
5.4838,B,mrac.pitch.theta_1,0.0056471047
5.4838,B,mrac.pitch.theta_2,4.0781565e-08
5.4838,B,mrac.pitch.theta_3,9.7277771e-05
5.4838,B,mrac.pitch.theta_4,0.053535495
5.4838,B,mrac.pitch.theta_5,0.143979
5.4838,B,mrac.pitch.u_nom,-0.013046424
5.4838,B,mrac.pitch.xm,-0.06451986
5.4838,B,mrac.roll.theta_0,0.14792538
5.4838,B,mrac.roll.theta_1,0.0050342856
5.4838,B,mrac.roll.theta_2,0.0002001336
5.4838,B,mrac.roll.theta_3,8.9483648e-05
5.4838,B,mrac.roll.theta_4,0.042153023
5.4838,B,mrac.roll.theta_5,0.14139666
5.4838,B,mrac.roll.u_nom,-0.0059221792
5.4838,B,mrac.roll.xm,0.025517948
5.4838,B,mrac.yaw.theta_0,0.082157224
5.4838,B,mrac.yaw.theta_1,0.0035507292
5.4838,B,mrac.yaw.theta_2,0.0002986019
5.4838,B,mrac.yaw.theta_3,0
5.4838,B,mrac.yaw.theta_4,0.067939088
5.4838,B,mrac.yaw.theta_5,0.089263871
5.4838,B,mrac.yaw.u_nom,0.0067956522
5.4838,B,mrac.yaw.xm,0.0014923322
5.4838,B,mrac.z.theta_0,0
5.4838,B,mrac.z.theta_1,0
5.4838,B,mrac.z.theta_2,0
5.4838,B,mrac.z.theta_3,0
5.4838,B,mrac.z.theta_4,0
5.4838,B,mrac.z.theta_5,0
5.4838,B,mrac.z.u_nom,0
5.4838,B,mrac.z.xm,0
5.4838,B,path.active_path_mode,0
5.4838,B,path.circle_theta,0
5.4838,B,path.sinusoid_t_elapsed,0
5.4838,B,path.twc_arrived,0
5.4838,B,path.twc_target_x,0
5.4838,B,path.twc_target_y,0
5.4838,B,path.twc_target_z,0
5.4838,B,pid.gyrox.Des,1.4620701
5.4838,B,pid.gyrox.FB,1.6588122
5.4838,B,pid.gyrox.U,-6.9289498
5.4838,B,pid.gyroy.Des,-3.6967142
5.4838,B,pid.gyroy.FB,-1.1317079
5.4838,B,pid.gyroy.U,-15.264316
5.4838,B,pid.gyroz.Des,0.085504301
5.4838,B,pid.gyroz.FB,-1.5085037
5.4838,B,pid.gyroz.U,12.721461
5.4838,B,pid.locx.Des,55.420872
5.4838,B,pid.locx.FB,55.420872
5.4838,B,pid.locx.U,-2
5.4838,B,pid.locxs.Des,-2
5.4838,B,pid.locxs.FB,0
5.4838,B,pid.locxs.U,-6
5.4838,B,pid.locy.Des,1.4197141
5.4838,B,pid.locy.FB,1.4197141
5.4838,B,pid.locy.U,-2
5.4838,B,pid.locys.Des,-2
5.4838,B,pid.locys.FB,0
5.4838,B,pid.locys.U,-6
5.4838,B,pid.pitch.Des,0.016581142
5.4838,B,pid.pitch.FB,1.2296296
5.4838,B,pid.pitch.U,-3.6967142
5.4838,B,pid.roll.Des,0.0012291048
5.4838,B,pid.roll.FB,-0.48670483
5.4838,B,pid.roll.U,1.4620701
5.4838,B,pid.yaw.Des,-5.2677102
5.4838,B,pid.yaw.FB,-5.2677102
5.4838,B,pid.yaw.U,0.085504301
5.4838,B,pid.z_pos.Des,0
5.4838,B,pid.z_pos.FB,0
5.4838,B,pid.z_pos.U,0
5.4838,B,pid.z_rate.Des,0
5.4838,B,pid.z_rate.FB,0
5.4838,B,pid.z_rate.U,0
5.4838,B,status.vbat,16.188305
5.6843,A,mrac.pitch.e,0.017281886
5.6843,A,mrac.pitch.u_ad,-0.15873308
5.6843,A,mrac.roll.e,-0.021785986
5.6843,A,mrac.roll.u_ad,0.15237181
5.6843,A,mrac.yaw.e,0.0073175696
5.6843,A,mrac.yaw.u_ad,0.082069539
5.6843,A,mrac.z.e,0
5.6843,A,mrac.z.u_ad,0
5.6843,A,status.arm,0
5.6843,A,status.estimator_ready,1
5.6843,A,status.flymode,1
5.6843,A,status.of_hold,0
5.6843,A,status.rc_authority,0
5.6843,A,status.sbus_lost,0
5.6843,A,status.twc_arrived,0
5.6843,A,status.twc_execute,0
5.6844,B,mrac.pitch.theta_0,-0.14832218
5.6844,B,mrac.pitch.theta_1,0.0056426125
5.6844,B,mrac.pitch.theta_2,4.0777351e-08
5.6844,B,mrac.pitch.theta_3,9.734428e-05
5.6844,B,mrac.pitch.theta_4,0.053535398
5.6844,B,mrac.pitch.theta_5,0.14395899
5.6844,B,mrac.pitch.u_nom,-0.027100326
5.6844,B,mrac.pitch.xm,-0.065505549
5.6844,B,mrac.roll.theta_0,0.14793743
5.6844,B,mrac.roll.theta_1,0.0050292141
5.6844,B,mrac.roll.theta_2,0.00020021989
5.6844,B,mrac.roll.theta_3,8.9495508e-05
5.6844,B,mrac.roll.theta_4,0.042153865
5.6844,B,mrac.roll.theta_5,0.14139026
5.6844,B,mrac.roll.u_nom,0.022060793
5.6844,B,mrac.roll.xm,0.028936647
5.6844,B,mrac.yaw.theta_0,0.081964843
5.6844,B,mrac.yaw.theta_1,0.0035482782
5.6844,B,mrac.yaw.theta_2,0.00029865437
5.6844,B,mrac.yaw.theta_3,0
5.6844,B,mrac.yaw.theta_4,0.067938291
5.6844,B,mrac.yaw.theta_5,0.089261524
5.6844,B,mrac.yaw.u_nom,0.016532216
5.6844,B,mrac.yaw.xm,0.0010511874
5.6844,B,mrac.z.theta_0,0
5.6844,B,mrac.z.theta_1,0
5.6844,B,mrac.z.theta_2,0
5.6844,B,mrac.z.theta_3,0
5.6844,B,mrac.z.theta_4,0
5.6844,B,mrac.z.theta_5,0
5.6844,B,mrac.z.u_nom,0
5.6844,B,mrac.z.xm,0
5.6844,B,path.active_path_mode,0
5.6844,B,path.circle_theta,0
5.6844,B,path.sinusoid_t_elapsed,0
5.6844,B,path.twc_arrived,0
5.6844,B,path.twc_target_x,0
5.6844,B,path.twc_target_y,0
5.6844,B,path.twc_target_z,0
5.6844,B,pid.gyrox.Des,1.6579471
5.6844,B,pid.gyrox.FB,-1.5826414
5.6844,B,pid.gyrox.U,25.811127
5.6844,B,pid.gyroy.Des,-3.75319
5.6844,B,pid.gyroy.FB,-0.081149027
5.6844,B,pid.gyroy.U,-31.707382
5.6844,B,pid.gyroz.Des,0.060228575
5.6844,B,pid.gyroz.FB,-3.8006265
5.6844,B,pid.gyroz.U,30.948309
5.6844,B,pid.locx.Des,55.420872
5.6844,B,pid.locx.FB,55.420872
5.6844,B,pid.locx.U,-2
5.6844,B,pid.locxs.Des,-2
5.6844,B,pid.locxs.FB,0
5.6844,B,pid.locxs.U,-6
5.6844,B,pid.locy.Des,1.4197141
5.6844,B,pid.locy.FB,1.4197141
5.6844,B,pid.locy.U,-2
5.6844,B,pid.locys.Des,-2
5.6844,B,pid.locys.FB,0
5.6844,B,pid.locys.U,-6
5.6844,B,pid.pitch.Des,-0.014122385
5.6844,B,pid.pitch.FB,1.2100389
5.6844,B,pid.pitch.U,-3.75319
5.6844,B,pid.roll.Des,0.0012291137
5.6844,B,pid.roll.FB,-0.51970965
5.6844,B,pid.roll.U,1.6579471
5.6844,B,pid.yaw.Des,-5.2336802
5.6844,B,pid.yaw.FB,-5.2336802
5.6844,B,pid.yaw.U,0.060228575
5.6844,B,pid.z_pos.Des,0
5.6844,B,pid.z_pos.FB,0
5.6844,B,pid.z_pos.U,0
5.6844,B,pid.z_rate.Des,0
5.6844,B,pid.z_rate.FB,0
5.6844,B,pid.z_rate.U,0
5.6844,B,status.vbat,16.188305
5.9006,A,mrac.pitch.e,0.04663625
5.9006,A,mrac.pitch.u_ad,-0.15814991
5.9006,A,mrac.roll.e,0.0027529262
5.9006,A,mrac.roll.u_ad,0.15244009
5.9006,A,mrac.yaw.e,-0.029843172
5.9006,A,mrac.yaw.u_ad,0.082213059
5.9006,A,mrac.z.e,0
5.9006,A,mrac.z.u_ad,0
5.9006,A,status.arm,0
5.9006,A,status.estimator_ready,1
5.9006,A,status.flymode,1
5.9006,A,status.of_hold,0
5.9006,A,status.rc_authority,0
5.9006,A,status.sbus_lost,0
5.9006,A,status.twc_arrived,0
5.9006,A,status.twc_execute,0
5.9006,B,mrac.pitch.theta_0,-0.14833353
5.9006,B,mrac.pitch.theta_1,0.0056313211
5.9006,B,mrac.pitch.theta_2,4.0771781e-08
5.9006,B,mrac.pitch.theta_3,9.7371063e-05
5.9006,B,mrac.pitch.theta_4,0.053537507
5.9006,B,mrac.pitch.theta_5,0.14393662
5.9006,B,mrac.pitch.u_nom,-0.0051412056
5.9006,B,mrac.pitch.xm,-0.06269981
5.9006,B,mrac.roll.theta_0,0.1479574
5.9006,B,mrac.roll.theta_1,0.0050220503
5.9006,B,mrac.roll.theta_2,0.0002003418
5.9006,B,mrac.roll.theta_3,8.9497065e-05
5.9006,B,mrac.roll.theta_4,0.042155214
5.9006,B,mrac.roll.theta_5,0.14138156
5.9006,B,mrac.roll.u_nom,0.0060034017
5.9006,B,mrac.roll.xm,0.032924574
5.9006,B,mrac.yaw.theta_0,0.082140788
5.9006,B,mrac.yaw.theta_1,0.0035467623
5.9006,B,mrac.yaw.theta_2,0.00029872093
5.9006,B,mrac.yaw.theta_3,0
5.9006,B,mrac.yaw.theta_4,0.06793759
5.9006,B,mrac.yaw.theta_5,0.089259796
5.9006,B,mrac.yaw.u_nom,-0.0030427692
5.9006,B,mrac.yaw.xm,-0.00035061361
5.9006,B,mrac.z.theta_0,0
5.9006,B,mrac.z.theta_1,0
5.9006,B,mrac.z.theta_2,0
5.9006,B,mrac.z.theta_3,0
5.9006,B,mrac.z.theta_4,0
5.9006,B,mrac.z.theta_5,0
5.9006,B,mrac.z.u_nom,0
5.9006,B,mrac.z.xm,0
5.9006,B,path.active_path_mode,0
5.9006,B,path.circle_theta,0
5.9006,B,path.sinusoid_t_elapsed,0
5.9006,B,path.twc_arrived,0
5.9006,B,path.twc_target_x,0
5.9006,B,path.twc_target_y,0
5.9006,B,path.twc_target_z,0
5.9006,B,pid.gyrox.Des,1.8864384
5.9006,B,pid.gyrox.FB,-1.9797254
5.9006,B,pid.gyrox.U,7.0239801
5.9006,B,pid.gyroy.Des,-3.592433
5.9006,B,pid.gyroy.FB,-1.1600374
5.9006,B,pid.gyroy.U,-6.0152106
5.9006,B,pid.gyroz.Des,-0.020088673
5.9006,B,pid.gyroz.FB,0.69167256
5.9006,B,pid.gyroz.U,-5.696064
5.9006,B,pid.locx.Des,55.420872
5.9006,B,pid.locx.FB,55.420872
5.9006,B,pid.locx.U,-2
5.9006,B,pid.locxs.Des,-2
5.9006,B,pid.locxs.FB,0
5.9006,B,pid.locxs.U,-0.026307106
5.9006,B,pid.locy.Des,1.4197141
5.9006,B,pid.locy.FB,1.4197141
5.9006,B,pid.locy.U,-2
5.9006,B,pid.locys.Des,-2
5.9006,B,pid.locys.FB,0
5.9006,B,pid.locys.U,-5.4387631
5.9006,B,pid.pitch.Des,-0.014122268
5.9006,B,pid.pitch.FB,1.1588504
5.9006,B,pid.pitch.U,-3.592433
5.9006,B,pid.roll.Des,0.0012291366
5.9006,B,pid.roll.FB,-0.56964529
5.9006,B,pid.roll.U,1.8864384
5.9006,B,pid.yaw.Des,-5.3600812
5.9006,B,pid.yaw.FB,-5.3600812
5.9006,B,pid.yaw.U,-0.020088673
5.9006,B,pid.z_pos.Des,0
5.9006,B,pid.z_pos.FB,0
5.9006,B,pid.z_pos.U,0
5.9006,B,pid.z_rate.Des,0
5.9006,B,pid.z_rate.FB,0
5.9006,B,pid.z_rate.U,0
5.9006,B,status.vbat,16.188305
6.1009,A,mrac.pitch.e,0.038814578
6.1009,A,mrac.pitch.u_ad,-0.15820546
6.1009,A,mrac.roll.e,-0.034169871
6.1009,A,mrac.roll.u_ad,0.15321247
6.1009,A,mrac.yaw.e,0.020108478
6.1009,A,mrac.yaw.u_ad,0.082080588
6.1009,A,mrac.z.e,0
6.1009,A,mrac.z.u_ad,0
6.1009,A,status.arm,0
6.1009,A,status.estimator_ready,1
6.1009,A,status.flymode,1
6.1009,A,status.of_hold,0
6.1009,A,status.rc_authority,0
6.1009,A,status.sbus_lost,0
6.1009,A,status.twc_arrived,0
6.1009,A,status.twc_execute,0
6.1010,B,mrac.pitch.theta_0,-0.14835903
6.1010,B,mrac.pitch.theta_1,0.0056176349
6.1010,B,mrac.pitch.theta_2,4.0766384e-08
6.1010,B,mrac.pitch.theta_3,9.7415832e-05
6.1010,B,mrac.pitch.theta_4,0.053540584
6.1010,B,mrac.pitch.theta_5,0.14391795
6.1010,B,mrac.pitch.u_nom,0.0082252026
6.1010,B,mrac.pitch.xm,-0.061037444
6.1010,B,mrac.roll.theta_0,0.14798915
6.1010,B,mrac.roll.theta_1,0.0050132344
6.1010,B,mrac.roll.theta_2,0.00020049844
6.1010,B,mrac.roll.theta_3,8.9500842e-05
6.1010,B,mrac.roll.theta_4,0.042157073
6.1010,B,mrac.roll.theta_5,0.14137214
6.1010,B,mrac.roll.u_nom,0.012725289
6.1010,B,mrac.roll.xm,0.035485227
6.1010,B,mrac.yaw.theta_0,0.081981629
6.1010,B,mrac.yaw.theta_1,0.0035461921
6.1010,B,mrac.yaw.theta_2,0.00029871718
6.1010,B,mrac.yaw.theta_3,0
6.1010,B,mrac.yaw.theta_4,0.067937382
6.1010,B,mrac.yaw.theta_5,0.089259215
6.1010,B,mrac.yaw.u_nom,0.011480401
6.1010,B,mrac.yaw.xm,0.00073545921
6.1010,B,mrac.z.theta_0,0
6.1010,B,mrac.z.theta_1,0
6.1010,B,mrac.z.theta_2,0
6.1010,B,mrac.z.theta_3,0
6.1010,B,mrac.z.theta_4,0
6.1010,B,mrac.z.theta_5,0
6.1010,B,mrac.z.u_nom,0
6.1010,B,mrac.z.xm,0
6.1010,B,path.active_path_mode,0
6.1010,B,path.circle_theta,0
6.1010,B,path.sinusoid_t_elapsed,0
6.1010,B,path.twc_arrived,0
6.1010,B,path.twc_target_x,0
6.1010,B,path.twc_target_y,0
6.1010,B,path.twc_target_z,0
6.1010,B,pid.gyrox.Des,2.0331528
6.1010,B,pid.gyrox.FB,-0.39918956
6.1010,B,pid.gyrox.U,14.888588
6.1010,B,pid.gyroy.Des,-3.4971864
6.1010,B,pid.gyroy.FB,-1.5490522
6.1010,B,pid.gyroy.U,9.6234875
6.1010,B,pid.gyroz.Des,0.042138692
6.1010,B,pid.gyroz.FB,-2.6375651
6.1010,B,pid.gyroz.U,21.491312
6.1010,B,pid.locx.Des,55.420872
6.1010,B,pid.locx.FB,55.420872
6.1010,B,pid.locx.U,-2
6.1010,B,pid.locxs.Des,-2
6.1010,B,pid.locxs.FB,0
6.1010,B,pid.locxs.U,-0.026327133
6.1010,B,pid.locy.Des,1.4197141
6.1010,B,pid.locy.FB,1.4197141
6.1010,B,pid.locy.U,-2
6.1010,B,pid.locys.Des,-2
6.1010,B,pid.locys.FB,0
6.1010,B,pid.locys.U,-5.43854
6.1010,B,pid.pitch.Des,0.016580662
6.1010,B,pid.pitch.FB,1.2315447
6.1010,B,pid.pitch.U,-3.4971864
6.1010,B,pid.roll.Des,0.0012291039
6.1010,B,pid.roll.FB,-0.65376127
6.1010,B,pid.roll.U,2.0331528
6.1010,B,pid.yaw.Des,-5.3580241
6.1010,B,pid.yaw.FB,-5.3580241
6.1010,B,pid.yaw.U,0.042138692
6.1010,B,pid.z_pos.Des,0
6.1010,B,pid.z_pos.FB,0
6.1010,B,pid.z_pos.U,0
6.1010,B,pid.z_rate.Des,0
6.1010,B,pid.z_rate.FB,0
6.1010,B,pid.z_rate.U,0
6.1010,B,status.vbat,16.188305
6.3175,A,mrac.pitch.e,0.065992601
6.3175,A,mrac.pitch.u_ad,-0.15781955
6.3175,A,mrac.roll.e,-0.022493653
6.3175,A,mrac.roll.u_ad,0.15239406
6.3175,A,mrac.yaw.e,0.030667182
6.3175,A,mrac.yaw.u_ad,0.082423456
6.3175,A,mrac.z.e,0
6.3175,A,mrac.z.u_ad,0
6.3175,A,status.arm,0
6.3175,A,status.estimator_ready,1
6.3175,A,status.flymode,1
6.3175,A,status.of_hold,0
6.3175,A,status.rc_authority,0
6.3175,A,status.sbus_lost,0
6.3175,A,status.twc_arrived,0
6.3175,A,status.twc_execute,0
6.3176,B,mrac.pitch.theta_0,-0.14831923
6.3176,B,mrac.pitch.theta_1,0.0056136642
6.3176,B,mrac.pitch.theta_2,4.0761659e-08
6.3176,B,mrac.pitch.theta_3,9.742556e-05
6.3176,B,mrac.pitch.theta_4,0.053539488
6.3176,B,mrac.pitch.theta_5,0.14389402
6.3176,B,mrac.pitch.u_nom,0.000716749
6.3176,B,mrac.pitch.xm,-0.059283391
6.3176,B,mrac.roll.theta_0,0.14798915
6.3176,B,mrac.roll.theta_1,0.0050132344
6.3176,B,mrac.roll.theta_2,0.00020049844
6.3176,B,mrac.roll.theta_3,8.9500842e-05
6.3176,B,mrac.roll.theta_4,0.042157073
6.3176,B,mrac.roll.theta_5,0.14137214
6.3176,B,mrac.roll.u_nom,-0.0084616495
6.3176,B,mrac.roll.xm,0.029465282
6.3176,B,mrac.yaw.theta_0,0.082211226
6.3176,B,mrac.yaw.theta_1,0.0035442004
6.3176,B,mrac.yaw.theta_2,0.00029880565
6.3176,B,mrac.yaw.theta_3,0
6.3176,B,mrac.yaw.theta_4,0.06793645
6.3176,B,mrac.yaw.theta_5,0.08925692
6.3176,B,mrac.yaw.u_nom,0.009966583
6.3176,B,mrac.yaw.xm,0.00067232363
6.3176,B,mrac.z.theta_0,0
6.3176,B,mrac.z.theta_1,0
6.3176,B,mrac.z.theta_2,0
6.3176,B,mrac.z.theta_3,0
6.3176,B,mrac.z.theta_4,0
6.3176,B,mrac.z.theta_5,0
6.3176,B,mrac.z.u_nom,0
6.3176,B,mrac.z.xm,0
6.3176,B,path.active_path_mode,0
6.3176,B,path.circle_theta,0
6.3176,B,path.sinusoid_t_elapsed,0
6.3176,B,path.twc_arrived,0
6.3176,B,path.twc_target_x,0
6.3176,B,path.twc_target_y,0
6.3176,B,path.twc_target_z,0
6.3176,B,pid.gyrox.Des,1.6882356
6.3176,B,pid.gyrox.FB,1.69172
6.3176,B,pid.gyrox.U,-9.9001303
6.3176,B,pid.gyroy.Des,-3.3966866
6.3176,B,pid.gyroy.FB,-1.2736365
6.3176,B,pid.gyroy.U,0.83859634
6.3176,B,pid.gyroz.Des,0.03852129
6.3176,B,pid.gyroz.FB,-2.2902982
6.3176,B,pid.gyroz.U,18.657444
6.3176,B,pid.locx.Des,55.420872
6.3176,B,pid.locx.FB,55.420872
6.3176,B,pid.locx.U,-2
6.3176,B,pid.locxs.Des,-2
6.3176,B,pid.locxs.FB,0
6.3176,B,pid.locxs.U,-6
6.3176,B,pid.locy.Des,1.4197141
6.3176,B,pid.locy.FB,1.4197141
6.3176,B,pid.locy.U,-2
6.3176,B,pid.locys.Des,-2
6.3176,B,pid.locys.FB,0
6.3176,B,pid.locys.U,-6
6.3176,B,pid.pitch.Des,0.016580962
6.3176,B,pid.pitch.FB,1.1192915
6.3176,B,pid.pitch.U,-3.3966866
6.3176,B,pid.roll.Des,0.0012291534
6.3176,B,pid.roll.FB,-0.55533743
6.3176,B,pid.roll.U,1.6882356
6.3176,B,pid.yaw.Des,-5.5093513
6.3176,B,pid.yaw.FB,-5.5093513
6.3176,B,pid.yaw.U,0.03852129
6.3176,B,pid.z_pos.Des,0
6.3176,B,pid.z_pos.FB,0
6.3176,B,pid.z_pos.U,0
6.3176,B,pid.z_rate.Des,0
6.3176,B,pid.z_rate.FB,0
6.3176,B,pid.z_rate.U,0
6.3176,B,status.vbat,16.188305
6.5177,A,mrac.pitch.e,0.067830652
6.5177,A,mrac.pitch.u_ad,-0.15808864
6.5177,A,mrac.roll.e,-0.012484242
6.5177,A,mrac.roll.u_ad,0.15233022
6.5177,A,mrac.yaw.e,0.022456329
6.5177,A,mrac.yaw.u_ad,0.081942283
6.5177,A,mrac.z.e,0
6.5177,A,mrac.z.u_ad,0
6.5177,A,status.arm,0
6.5177,A,status.estimator_ready,1
6.5177,A,status.flymode,1
6.5177,A,status.of_hold,0
6.5177,A,status.rc_authority,0
6.5177,A,status.sbus_lost,0
6.5177,A,status.twc_arrived,0
6.5177,A,status.twc_execute,0
6.5177,B,mrac.pitch.theta_0,-0.14834222
6.5177,B,mrac.pitch.theta_1,0.0056008222
6.5177,B,mrac.pitch.theta_2,4.0756785e-08
6.5177,B,mrac.pitch.theta_3,9.7444288e-05
6.5177,B,mrac.pitch.theta_4,0.053542931
6.5177,B,mrac.pitch.theta_5,0.1438766
6.5177,B,mrac.pitch.u_nom,-0.0019912992
6.5177,B,mrac.pitch.xm,-0.061104335
6.5177,B,mrac.roll.theta_0,0.14799561
6.5177,B,mrac.roll.theta_1,0.0050103902
6.5177,B,mrac.roll.theta_2,0.00020055471
6.5177,B,mrac.roll.theta_3,8.9501998e-05
6.5177,B,mrac.roll.theta_4,0.04215816
6.5177,B,mrac.roll.theta_5,0.14136896
6.5177,B,mrac.roll.u_nom,0.026107125
6.5177,B,mrac.roll.xm,0.028545773
6.5177,B,mrac.yaw.theta_0,0.081931673
6.5177,B,mrac.yaw.theta_1,0.0035422225
6.5177,B,mrac.yaw.theta_2,0.00029882713
6.5177,B,mrac.yaw.theta_3,0
6.5177,B,mrac.yaw.theta_4,0.067935906
6.5177,B,mrac.yaw.theta_5,0.089255139
6.5177,B,mrac.yaw.u_nom,-0.0042868676
6.5177,B,mrac.yaw.xm,-0.0003149742
6.5177,B,mrac.z.theta_0,0
6.5177,B,mrac.z.theta_1,0
6.5177,B,mrac.z.theta_2,0
6.5177,B,mrac.z.theta_3,0
6.5177,B,mrac.z.theta_4,0
6.5177,B,mrac.z.theta_5,0
6.5177,B,mrac.z.u_nom,0
6.5177,B,mrac.z.xm,0
6.5177,B,path.active_path_mode,0
6.5177,B,path.circle_theta,0
6.5177,B,path.sinusoid_t_elapsed,0
6.5177,B,path.twc_arrived,0
6.5177,B,path.twc_target_x,0
6.5177,B,path.twc_target_y,0
6.5177,B,path.twc_target_z,0
6.5177,B,pid.gyrox.Des,1.6355516
6.5177,B,pid.gyrox.FB,-1.7657806
6.5177,B,pid.gyrox.U,30.545336
6.5177,B,pid.gyroy.Des,-3.501019
6.5177,B,pid.gyroy.FB,-1.7704549
6.5177,B,pid.gyroy.U,-2.3298202
6.5177,B,pid.gyroz.Des,-0.018046685
6.5177,B,pid.gyroz.FB,0.98311263
6.5177,B,pid.gyroz.U,-8.0250158
6.5177,B,pid.locx.Des,55.420872
6.5177,B,pid.locx.FB,55.420872
6.5177,B,pid.locx.U,-2
6.5177,B,pid.locxs.Des,-2
6.5177,B,pid.locxs.FB,0
6.5177,B,pid.locxs.U,-6
6.5177,B,pid.locy.Des,1.4197141
6.5177,B,pid.locy.FB,1.4197141
6.5177,B,pid.locy.U,-2
6.5177,B,pid.locys.Des,-2
6.5177,B,pid.locys.FB,0
6.5177,B,pid.locys.U,-6
6.5177,B,pid.pitch.Des,0.016581062
6.5177,B,pid.pitch.FB,1.1631085
6.5177,B,pid.pitch.U,-3.501019
6.5177,B,pid.roll.Des,0.0012291346
6.5177,B,pid.roll.FB,-0.517928
6.5177,B,pid.roll.U,1.6355516
6.5177,B,pid.yaw.Des,-5.47647
6.5177,B,pid.yaw.FB,-5.47647
6.5177,B,pid.yaw.U,-0.018046685
6.5177,B,pid.z_pos.Des,0
6.5177,B,pid.z_pos.FB,0
6.5177,B,pid.z_pos.U,0
6.5177,B,pid.z_rate.Des,0
6.5177,B,pid.z_rate.FB,0
6.5177,B,pid.z_rate.U,0
6.5177,B,status.vbat,16.188305
6.7342,A,mrac.pitch.e,0.074743032
6.7342,A,mrac.pitch.u_ad,-0.15763448
6.7342,A,mrac.roll.e,-0.04270336
6.7342,A,mrac.roll.u_ad,0.15177073
6.7342,A,mrac.yaw.e,-0.018244119
6.7342,A,mrac.yaw.u_ad,0.082123831
6.7342,A,mrac.z.e,0
6.7342,A,mrac.z.u_ad,0
6.7342,A,status.arm,0
6.7342,A,status.estimator_ready,1
6.7342,A,status.flymode,1
6.7342,A,status.of_hold,0
6.7342,A,status.rc_authority,0
6.7342,A,status.sbus_lost,0
6.7342,A,status.twc_arrived,0
6.7342,A,status.twc_execute,0
6.7342,B,mrac.pitch.theta_0,-0.14831628
6.7342,B,mrac.pitch.theta_1,0.0055935746
6.7342,B,mrac.pitch.theta_2,4.0751601e-08
6.7342,B,mrac.pitch.theta_3,9.7483666e-05
6.7342,B,mrac.pitch.theta_4,0.053542484
6.7342,B,mrac.pitch.theta_5,0.14385191
6.7342,B,mrac.pitch.u_nom,-0.0056117983
6.7342,B,mrac.pitch.xm,-0.058926843
6.7342,B,mrac.roll.theta_0,0.14799736
6.7342,B,mrac.roll.theta_1,0.0050082742
6.7342,B,mrac.roll.theta_2,0.00020058209
6.7342,B,mrac.roll.theta_3,8.9502748e-05
6.7342,B,mrac.roll.theta_4,0.042158525
6.7342,B,mrac.roll.theta_5,0.14136578
6.7342,B,mrac.roll.u_nom,0.0058509735
6.7342,B,mrac.roll.xm,0.024535524
6.7342,B,mrac.yaw.theta_0,0.082052991
6.7342,B,mrac.yaw.theta_1,0.0035411529
6.7342,B,mrac.yaw.theta_2,0.00029887701
6.7342,B,mrac.yaw.theta_3,0
6.7342,B,mrac.yaw.theta_4,0.067935459
6.7342,B,mrac.yaw.theta_5,0.089253984
6.7342,B,mrac.yaw.u_nom,0.011126998
6.7342,B,mrac.yaw.xm,0.00071856938
6.7342,B,mrac.z.theta_0,0
6.7342,B,mrac.z.theta_1,0
6.7342,B,mrac.z.theta_2,0
6.7342,B,mrac.z.theta_3,0
6.7342,B,mrac.z.theta_4,0
6.7342,B,mrac.z.theta_5,0
6.7342,B,mrac.z.u_nom,0
6.7342,B,mrac.z.xm,0
6.7342,B,path.active_path_mode,0
6.7342,B,path.circle_theta,0
6.7342,B,path.sinusoid_t_elapsed,0
6.7342,B,path.twc_arrived,0
6.7342,B,path.twc_target_x,0
6.7342,B,path.twc_target_y,0
6.7342,B,path.twc_target_z,0
6.7342,B,pid.gyrox.Des,1.4057814
6.7342,B,pid.gyrox.FB,0.30034611
6.7342,B,pid.gyrox.U,6.8456392
6.7342,B,pid.gyroy.Des,-3.3762579
6.7342,B,pid.gyroy.FB,-0.93301642
6.7342,B,pid.gyroy.U,-6.565804
6.7342,B,pid.gyroz.Des,0.041170977
6.7342,B,pid.gyroz.FB,-2.5561101
6.7342,B,pid.gyroz.U,20.829741
6.7342,B,pid.locx.Des,55.420872
6.7342,B,pid.locx.FB,55.420872
6.7342,B,pid.locx.U,-2
6.7342,B,pid.locxs.Des,-2
6.7342,B,pid.locxs.FB,0
6.7342,B,pid.locxs.U,-6
6.7342,B,pid.locy.Des,1.4197141
6.7342,B,pid.locy.FB,1.4197141
6.7342,B,pid.locy.U,-2
6.7342,B,pid.locys.Des,-2
6.7342,B,pid.locys.FB,0
6.7342,B,pid.locys.U,-6
6.7342,B,pid.pitch.Des,0.016581211
6.7342,B,pid.pitch.FB,1.1127747
6.7342,B,pid.pitch.U,-3.3762579
6.7342,B,pid.roll.Des,0.001229156
6.7342,B,pid.roll.FB,-0.45817676
6.7342,B,pid.roll.U,1.4057814
6.7342,B,pid.yaw.Des,-5.4930868
6.7342,B,pid.yaw.FB,-5.4930868
6.7342,B,pid.yaw.U,0.041170977
6.7342,B,pid.z_pos.Des,0
6.7342,B,pid.z_pos.FB,0
6.7342,B,pid.z_pos.U,0
6.7342,B,pid.z_rate.Des,0
6.7342,B,pid.z_rate.FB,0
6.7342,B,pid.z_rate.U,0
6.7342,B,status.vbat,16.188305
6.9353,A,mrac.pitch.e,0.056302156
6.9353,A,mrac.pitch.u_ad,-0.15839055
6.9353,A,mrac.roll.e,-0.068416573
6.9353,A,mrac.roll.u_ad,0.1527791
6.9353,A,mrac.yaw.e,0.0245576
6.9353,A,mrac.yaw.u_ad,0.081991807
6.9353,A,mrac.z.e,0
6.9353,A,mrac.z.u_ad,0
6.9353,A,status.arm,0
6.9353,A,status.estimator_ready,1
6.9353,A,status.flymode,1
6.9353,A,status.of_hold,0
6.9353,A,status.rc_authority,0
6.9353,A,status.sbus_lost,0
6.9353,A,status.twc_arrived,0
6.9353,A,status.twc_execute,0
6.9354,B,mrac.pitch.theta_0,-0.14832637
6.9354,B,mrac.pitch.theta_1,0.0055830125
6.9354,B,mrac.pitch.theta_2,4.0747192e-08
6.9354,B,mrac.pitch.theta_3,9.7524411e-05
6.9354,B,mrac.pitch.theta_4,0.053543504
6.9354,B,mrac.pitch.theta_5,0.14383301
6.9354,B,mrac.pitch.u_nom,-0.029934851
6.9354,B,mrac.pitch.xm,-0.065069534
6.9354,B,mrac.roll.theta_0,0.14800359
6.9354,B,mrac.roll.theta_1,0.0050032376
6.9354,B,mrac.roll.theta_2,0.00020067615
6.9354,B,mrac.roll.theta_3,8.9520741e-05
6.9354,B,mrac.roll.theta_4,0.042158891
6.9354,B,mrac.roll.theta_5,0.14135936
6.9354,B,mrac.roll.u_nom,0.018731698
6.9354,B,mrac.roll.xm,0.028146399
6.9354,B,mrac.yaw.theta_0,0.082136892
6.9354,B,mrac.yaw.theta_1,0.0035401618
6.9354,B,mrac.yaw.theta_2,0.00029894177
6.9354,B,mrac.yaw.theta_3,0
6.9354,B,mrac.yaw.theta_4,0.067935392
6.9354,B,mrac.yaw.theta_5,0.089253359
6.9354,B,mrac.yaw.u_nom,0.0047382331
6.9354,B,mrac.yaw.xm,0.00060260308
6.9354,B,mrac.z.theta_0,0
6.9354,B,mrac.z.theta_1,0
6.9354,B,mrac.z.theta_2,0
6.9354,B,mrac.z.theta_3,0
6.9354,B,mrac.z.theta_4,0
6.9354,B,mrac.z.theta_5,0
6.9354,B,mrac.z.u_nom,0
6.9354,B,mrac.z.xm,0
6.9354,B,path.active_path_mode,0
6.9354,B,path.circle_theta,0
6.9354,B,path.sinusoid_t_elapsed,0
6.9354,B,path.twc_arrived,0
6.9354,B,path.twc_target_x,0
6.9354,B,path.twc_target_y,0
6.9354,B,path.twc_target_z,0
6.9354,B,pid.gyrox.Des,1.6126692
6.9354,B,pid.gyrox.FB,-0.22170781
6.9354,B,pid.gyrox.U,21.916086
6.9354,B,pid.gyroy.Des,-3.7282081
6.9354,B,pid.gyroy.FB,1.4655087
6.9354,B,pid.gyroy.U,-35.023777
6.9354,B,pid.gyroz.Des,0.034526598
6.9354,B,pid.gyroz.FB,-1.073388
6.9354,B,pid.gyroz.U,8.8699722
6.9354,B,pid.locx.Des,55.420872
6.9354,B,pid.locx.FB,55.420872
6.9354,B,pid.locx.U,-2
6.9354,B,pid.locxs.Des,-2
6.9354,B,pid.locxs.FB,0.99543798
6.9354,B,pid.locxs.U,-8.986269
6.9354,B,pid.locy.Des,1.4197141
6.9354,B,pid.locy.FB,1.4197141
6.9354,B,pid.locy.U,-2
6.9354,B,pid.locys.Des,-2
6.9354,B,pid.locys.FB,0.095411129
6.9354,B,pid.locys.U,-6.2867136
6.9354,B,pid.pitch.Des,-0.014122373
6.9354,B,pid.pitch.FB,1.1775839
6.9354,B,pid.pitch.U,-3.7282081
6.9354,B,pid.roll.Des,0.0012291281
6.9354,B,pid.roll.FB,-0.52505153
6.9354,B,pid.roll.U,1.6126692
6.9354,B,pid.yaw.Des,-5.4749875
6.9354,B,pid.yaw.FB,-5.4749875
6.9354,B,pid.yaw.U,0.034526598
6.9354,B,pid.z_pos.Des,0
6.9354,B,pid.z_pos.FB,0
6.9354,B,pid.z_pos.U,0
6.9354,B,pid.z_rate.Des,0
6.9354,B,pid.z_rate.FB,0
6.9354,B,pid.z_rate.U,0
6.9354,B,status.vbat,16.188305
7.1373,A,mrac.pitch.e,0.097832806
7.1373,A,mrac.pitch.u_ad,-0.15917021
7.1373,A,mrac.roll.e,-0.012514005
7.1373,A,mrac.roll.u_ad,0.1521266
7.1373,A,mrac.yaw.e,-0.035551473
7.1373,A,mrac.yaw.u_ad,0.081946328
7.1373,A,mrac.z.e,0
7.1373,A,mrac.z.u_ad,0
7.1373,A,status.arm,0
7.1373,A,status.estimator_ready,1
7.1373,A,status.flymode,1
7.1373,A,status.of_hold,0
7.1373,A,status.rc_authority,0
7.1373,A,status.sbus_lost,0
7.1373,A,status.twc_arrived,0
7.1373,A,status.twc_execute,0
7.1374,B,mrac.pitch.theta_0,-0.14834343
7.1374,B,mrac.pitch.theta_1,0.0055723363
7.1374,B,mrac.pitch.theta_2,4.0742513e-08
7.1374,B,mrac.pitch.theta_3,9.755855e-05
7.1374,B,mrac.pitch.theta_4,0.053544961
7.1374,B,mrac.pitch.theta_5,0.143813
7.1374,B,mrac.pitch.u_nom,-0.024648357
7.1374,B,mrac.pitch.xm,-0.072365887
7.1374,B,mrac.roll.theta_0,0.14801075
7.1374,B,mrac.roll.theta_1,0.004999503
7.1374,B,mrac.roll.theta_2,0.00020073647
7.1374,B,mrac.roll.theta_3,8.9526089e-05
7.1374,B,mrac.roll.theta_4,0.04215917
7.1374,B,mrac.roll.theta_5,0.14135462
7.1374,B,mrac.roll.u_nom,0.012235694
7.1374,B,mrac.roll.xm,0.028199714
7.1374,B,mrac.yaw.theta_0,0.082136892
7.1374,B,mrac.yaw.theta_1,0.0035401618
7.1374,B,mrac.yaw.theta_2,0.00029894177
7.1374,B,mrac.yaw.theta_3,0
7.1374,B,mrac.yaw.theta_4,0.067935392
7.1374,B,mrac.yaw.theta_5,0.089253359
7.1374,B,mrac.yaw.u_nom,0.01069239
7.1374,B,mrac.yaw.xm,0.0010828557
7.1374,B,mrac.z.theta_0,0
7.1374,B,mrac.z.theta_1,0
7.1374,B,mrac.z.theta_2,0
7.1374,B,mrac.z.theta_3,0
7.1374,B,mrac.z.theta_4,0
7.1374,B,mrac.z.theta_5,0
7.1374,B,mrac.z.u_nom,0
7.1374,B,mrac.z.xm,0
7.1374,B,path.active_path_mode,0
7.1374,B,path.circle_theta,0
7.1374,B,path.sinusoid_t_elapsed,0
7.1374,B,path.twc_arrived,0
7.1374,B,path.twc_target_x,0
7.1374,B,path.twc_target_y,0
7.1374,B,path.twc_target_z,0
7.1374,B,pid.gyrox.Des,1.6157238
7.1374,B,pid.gyrox.FB,-0.55804324
7.1374,B,pid.gyrox.U,14.315762
7.1374,B,pid.gyroy.Des,-4.1462584
7.1374,B,pid.gyroy.FB,0.55903131
7.1374,B,pid.gyroy.U,-28.838577
7.1374,B,pid.gyroz.Des,0.062043037
7.1374,B,pid.gyroz.FB,-2.4374452
7.1374,B,pid.gyroz.U,20.016153
7.1374,B,pid.locx.Des,55.420872
7.1374,B,pid.locx.FB,55.420872
7.1374,B,pid.locx.U,-2
7.1374,B,pid.locxs.Des,-2
7.1374,B,pid.locxs.FB,0.99546754
7.1374,B,pid.locxs.U,-8.9864597
7.1374,B,pid.locy.Des,1.4197141
7.1374,B,pid.locy.FB,1.4197141
7.1374,B,pid.locy.U,-2
7.1374,B,pid.locys.Des,-2
7.1374,B,pid.locys.FB,0.095101878
7.1374,B,pid.locys.U,-6.2847133
7.1374,B,pid.pitch.Des,-0.014122395
7.1374,B,pid.pitch.FB,1.2395412
7.1374,B,pid.pitch.U,-4.1462584
7.1374,B,pid.roll.Des,0.0012291
7.1374,B,pid.roll.FB,-0.51521671
7.1374,B,pid.roll.U,1.6157238
7.1374,B,pid.yaw.Des,-5.4571877
7.1374,B,pid.yaw.FB,-5.4571877
7.1374,B,pid.yaw.U,0.062043037
7.1374,B,pid.z_pos.Des,0
7.1374,B,pid.z_pos.FB,0
7.1374,B,pid.z_pos.U,0
7.1374,B,pid.z_rate.Des,0
7.1374,B,pid.z_rate.FB,0
7.1374,B,pid.z_rate.U,0
7.1374,B,status.vbat,16.188305
7.3512,A,mrac.pitch.e,0.058503859
7.3512,A,mrac.pitch.u_ad,-0.15879738
7.3512,A,mrac.roll.e,-0.043364823
7.3512,A,mrac.roll.u_ad,0.15296321
7.3512,A,mrac.yaw.e,-0.0042410768
7.3512,A,mrac.yaw.u_ad,0.082130112
7.3512,A,mrac.z.e,0
7.3512,A,mrac.z.u_ad,0
7.3512,A,status.arm,0
7.3512,A,status.estimator_ready,1
7.3512,A,status.flymode,1
7.3512,A,status.of_hold,0
7.3512,A,status.rc_authority,0
7.3512,A,status.sbus_lost,0
7.3512,A,status.twc_arrived,0
7.3512,A,status.twc_execute,0
7.3512,B,mrac.pitch.theta_0,-0.1483438
7.3512,B,mrac.pitch.theta_1,0.0055609331
7.3512,B,mrac.pitch.theta_2,4.0734747e-08
7.3512,B,mrac.pitch.theta_3,9.7651158e-05
7.3512,B,mrac.pitch.theta_4,0.053546041
7.3512,B,mrac.pitch.theta_5,0.14377947
7.3512,B,mrac.pitch.u_nom,-0.03193656
7.3512,B,mrac.pitch.xm,-0.066710211
7.3512,B,mrac.roll.theta_0,0.14801428
7.3512,B,mrac.roll.theta_1,0.0049934243
7.3512,B,mrac.roll.theta_2,0.00020080997
7.3512,B,mrac.roll.theta_3,8.9538808e-05
7.3512,B,mrac.roll.theta_4,0.042159926
7.3512,B,mrac.roll.theta_5,0.14134514
7.3512,B,mrac.roll.u_nom,-0.0089694727
7.3512,B,mrac.roll.xm,0.031583488
7.3512,B,mrac.yaw.theta_0,0.082058959
7.3512,B,mrac.yaw.theta_1,0.0035369822
7.3512,B,mrac.yaw.theta_2,0.00029905984
7.3512,B,mrac.yaw.theta_3,0
7.3512,B,mrac.yaw.theta_4,0.067934453
7.3512,B,mrac.yaw.theta_5,0.089250408
7.3512,B,mrac.yaw.u_nom,0.011669049
7.3512,B,mrac.yaw.xm,0.0010634024
7.3512,B,mrac.z.theta_0,0
7.3512,B,mrac.z.theta_1,0
7.3512,B,mrac.z.theta_2,0
7.3512,B,mrac.z.theta_3,0
7.3512,B,mrac.z.theta_4,0
7.3512,B,mrac.z.theta_5,0
7.3512,B,mrac.z.u_nom,0
7.3512,B,mrac.z.xm,0
7.3512,B,path.active_path_mode,0
7.3512,B,path.circle_theta,0
7.3512,B,path.sinusoid_t_elapsed,0
7.3512,B,path.twc_arrived,0
7.3512,B,path.twc_target_x,0
7.3512,B,path.twc_target_y,0
7.3512,B,path.twc_target_z,0
7.3512,B,pid.gyrox.Des,1.8095998
7.3512,B,pid.gyrox.FB,0.10404456
7.3512,B,pid.gyrox.U,-10.494283
7.3512,B,pid.gyroy.Des,-3.822212
7.3512,B,pid.gyroy.FB,-0.016960433
7.3512,B,pid.gyroy.U,-37.365776
7.3512,B,pid.gyroz.Des,0.060928442
7.3512,B,pid.gyroz.FB,-2.6664228
7.3512,B,pid.gyroz.U,21.84446
7.3512,B,pid.locx.Des,55.420872
7.3512,B,pid.locx.FB,55.420872
7.3512,B,pid.locx.U,-2
7.3512,B,pid.locxs.Des,-2
7.3512,B,pid.locxs.FB,0.99547237
7.3512,B,pid.locxs.U,-8.9864273
7.3512,B,pid.locy.Des,1.4197141
7.3512,B,pid.locy.FB,1.4197141
7.3512,B,pid.locy.U,-2
7.3512,B,pid.locys.Des,-2
7.3512,B,pid.locys.FB,0.095051534
7.3512,B,pid.locys.U,-6.2850623
7.3512,B,pid.pitch.Des,0.016580932
7.3512,B,pid.pitch.FB,1.262784
7.3512,B,pid.pitch.U,-3.822212
7.3512,B,pid.roll.Des,0.0012290892
7.3512,B,pid.roll.FB,-0.56660855
7.3512,B,pid.roll.U,1.8095998
7.3512,B,pid.yaw.Des,-5.4542899
7.3512,B,pid.yaw.FB,-5.4542899
7.3512,B,pid.yaw.U,0.060928442
7.3512,B,pid.z_pos.Des,0
7.3512,B,pid.z_pos.FB,0
7.3512,B,pid.z_pos.U,0
7.3512,B,pid.z_rate.Des,0
7.3512,B,pid.z_rate.FB,0
7.3512,B,pid.z_rate.U,0
7.3512,B,status.vbat,16.188305
7.5516,A,mrac.pitch.e,0.07069435
7.5516,A,mrac.pitch.u_ad,-0.15897131
7.5516,A,mrac.roll.e,-0.034769144
7.5516,A,mrac.roll.u_ad,0.15353598
7.5516,A,mrac.yaw.e,-0.019786989
7.5516,A,mrac.yaw.u_ad,0.082124665
7.5516,A,mrac.z.e,0
7.5516,A,mrac.z.u_ad,0
7.5516,A,status.arm,0
7.5516,A,status.estimator_ready,1
7.5516,A,status.flymode,1
7.5516,A,status.of_hold,0
7.5516,A,status.rc_authority,0
7.5516,A,status.sbus_lost,0
7.5516,A,status.twc_arrived,0
7.5516,A,status.twc_execute,0
7.5516,B,mrac.pitch.theta_0,-0.1483586
7.5516,B,mrac.pitch.theta_1,0.0055516632
7.5516,B,mrac.pitch.theta_2,4.0729994e-08
7.5516,B,mrac.pitch.theta_3,9.7675329e-05
7.5516,B,mrac.pitch.theta_4,0.053547446
7.5516,B,mrac.pitch.theta_5,0.14375986
7.5516,B,mrac.pitch.u_nom,-0.018209128
7.5516,B,mrac.pitch.xm,-0.068778634
7.5516,B,mrac.roll.theta_0,0.14802669
7.5516,B,mrac.roll.theta_1,0.0049867975
7.5516,B,mrac.roll.theta_2,0.00020089997
7.5516,B,mrac.roll.theta_3,8.9543319e-05
7.5516,B,mrac.roll.theta_4,0.042160891
7.5516,B,mrac.roll.theta_5,0.14133582
7.5516,B,mrac.roll.u_nom,-0.0070396913
7.5516,B,mrac.roll.xm,0.036400702
7.5516,B,mrac.yaw.theta_0,0.082114473
7.5516,B,mrac.yaw.theta_1,0.0035365208
7.5516,B,mrac.yaw.theta_2,0.00029907899
7.5516,B,mrac.yaw.theta_3,0
7.5516,B,mrac.yaw.theta_4,0.067934208
7.5516,B,mrac.yaw.theta_5,0.089249842
7.5516,B,mrac.yaw.u_nom,0.0027808493
7.5516,B,mrac.yaw.xm,0.00057415181
7.5516,B,mrac.z.theta_0,0
7.5516,B,mrac.z.theta_1,0
7.5516,B,mrac.z.theta_2,0
7.5516,B,mrac.z.theta_3,0
7.5516,B,mrac.z.theta_4,0
7.5516,B,mrac.z.theta_5,0
7.5516,B,mrac.z.u_nom,0
7.5516,B,mrac.z.xm,0
7.5516,B,path.active_path_mode,0
7.5516,B,path.circle_theta,0
7.5516,B,path.sinusoid_t_elapsed,0
7.5516,B,path.twc_arrived,0
7.5516,B,path.twc_target_x,0
7.5516,B,path.twc_target_y,0
7.5516,B,path.twc_target_z,0
7.5516,B,pid.gyrox.Des,2.0856056
7.5516,B,pid.gyrox.FB,0.057747655
7.5516,B,pid.gyrox.U,-8.2364388
7.5516,B,pid.gyroy.Des,-3.9407239
7.5516,B,pid.gyroy.FB,0.70772684
7.5516,B,pid.gyroy.U,-21.30468
7.5516,B,pid.gyroz.Des,0.032896463
7.5516,B,pid.gyroz.FB,-0.62123895
7.5516,B,pid.gyroz.U,5.20575
7.5516,B,pid.locx.Des,55.420872
7.5516,B,pid.locx.FB,55.420872
7.5516,B,pid.locx.U,-2
7.5516,B,pid.locxs.Des,-2
7.5516,B,pid.locxs.FB,0.99531901
7.5516,B,pid.locxs.U,-14.95787
7.5516,B,pid.locy.Des,1.4197141
7.5516,B,pid.locy.FB,1.4197141
7.5516,B,pid.locy.U,-2
7.5516,B,pid.locys.Des,-2
7.5516,B,pid.locys.FB,0.09664432
7.5516,B,pid.locys.U,-6.8697996
7.5516,B,pid.pitch.Des,0.016580623
7.5516,B,pid.pitch.FB,1.277844
7.5516,B,pid.pitch.U,-3.9407239
7.5516,B,pid.roll.Des,0.0012290821
7.5516,B,pid.roll.FB,-0.6651957
7.5516,B,pid.roll.U,2.0856056
7.5516,B,pid.yaw.Des,-5.5459723
7.5516,B,pid.yaw.FB,-5.5459723
7.5516,B,pid.yaw.U,0.032896463
7.5516,B,pid.z_pos.Des,0
7.5516,B,pid.z_pos.FB,0
7.5516,B,pid.z_pos.U,0
7.5516,B,pid.z_rate.Des,0
7.5516,B,pid.z_rate.FB,0
7.5516,B,pid.z_rate.U,0
7.5516,B,status.vbat,16.188305
7.7521,A,mrac.pitch.e,0.061049104
7.7521,A,mrac.pitch.u_ad,-0.15934809
7.7521,A,mrac.roll.e,-0.062986493
7.7521,A,mrac.roll.u_ad,0.15390116
7.7521,A,mrac.yaw.e,0.0048551876
7.7521,A,mrac.yaw.u_ad,0.082206145
7.7521,A,mrac.z.e,0
7.7521,A,mrac.z.u_ad,0
7.7521,A,status.arm,0
7.7521,A,status.estimator_ready,1
7.7521,A,status.flymode,1
7.7521,A,status.of_hold,0
7.7521,A,status.rc_authority,0
7.7521,A,status.sbus_lost,0
7.7521,A,status.twc_arrived,0
7.7521,A,status.twc_execute,0
7.7522,B,mrac.pitch.theta_0,-0.14837806
7.7522,B,mrac.pitch.theta_1,0.0055381665
7.7522,B,mrac.pitch.theta_2,4.0723236e-08
7.7522,B,mrac.pitch.theta_3,9.77237e-05
7.7522,B,mrac.pitch.theta_4,0.053550646
7.7522,B,mrac.pitch.theta_5,0.14373165
7.7522,B,mrac.pitch.u_nom,-0.02913426
7.7522,B,mrac.pitch.xm,-0.070887655
7.7522,B,mrac.roll.theta_0,0.14802861
7.7522,B,mrac.roll.theta_1,0.0049803737
7.7522,B,mrac.roll.theta_2,0.00020096322
7.7522,B,mrac.roll.theta_3,8.956829e-05
7.7522,B,mrac.roll.theta_4,0.042161822
7.7522,B,mrac.roll.theta_5,0.14132375
7.7522,B,mrac.roll.u_nom,0.025462057
7.7522,B,mrac.roll.xm,0.038915787
7.7522,B,mrac.yaw.theta_0,0.082281858
7.7522,B,mrac.yaw.theta_1,0.003535076
7.7522,B,mrac.yaw.theta_2,0.00029914116
7.7522,B,mrac.yaw.theta_3,0
7.7522,B,mrac.yaw.theta_4,0.067933485
7.7522,B,mrac.yaw.theta_5,0.089248128
7.7522,B,mrac.yaw.u_nom,-0.0097827483
7.7522,B,mrac.yaw.xm,-0.00064005208
7.7522,B,mrac.z.theta_0,0
7.7522,B,mrac.z.theta_1,0
7.7522,B,mrac.z.theta_2,0
7.7522,B,mrac.z.theta_3,0
7.7522,B,mrac.z.theta_4,0
7.7522,B,mrac.z.theta_5,0
7.7522,B,mrac.z.u_nom,0
7.7522,B,mrac.z.xm,0
7.7522,B,path.active_path_mode,0
7.7522,B,path.circle_theta,0
7.7522,B,path.sinusoid_t_elapsed,0
7.7522,B,path.twc_arrived,0
7.7522,B,path.twc_target_x,0
7.7522,B,path.twc_target_y,0
7.7522,B,path.twc_target_z,0
7.7522,B,pid.gyrox.Des,2.2297094
7.7522,B,pid.gyrox.FB,-1.7835205
7.7522,B,pid.gyrox.U,29.790607
7.7522,B,pid.gyroy.Des,-4.0615616
7.7522,B,pid.gyroy.FB,0.61703169
7.7522,B,pid.gyroy.U,-34.087086
7.7522,B,pid.gyroz.Des,-0.036672268
7.7522,B,pid.gyroz.FB,2.2473805
7.7522,B,pid.gyroz.U,-18.313305
7.7522,B,pid.locx.Des,0
7.7522,B,pid.locx.FB,0
7.7522,B,pid.locx.U,-2
7.7522,B,pid.locxs.Des,-2
7.7522,B,pid.locxs.FB,0
7.7522,B,pid.locxs.U,-6
7.7522,B,pid.locy.Des,-0
7.7522,B,pid.locy.FB,-0
7.7522,B,pid.locy.U,-2
7.7522,B,pid.locys.Des,-2
7.7522,B,pid.locys.FB,0
7.7522,B,pid.locys.U,-6
7.7522,B,pid.pitch.Des,-0.014121906
7.7522,B,pid.pitch.FB,1.2966955
7.7522,B,pid.pitch.U,-4.0615616
7.7522,B,pid.roll.Des,0.001229073
7.7522,B,pid.roll.FB,-0.70204604
7.7522,B,pid.roll.U,2.2297094
7.7522,B,pid.yaw.Des,-5.5066948
7.7522,B,pid.yaw.FB,-5.5066948
7.7522,B,pid.yaw.U,-0.036672268
7.7522,B,pid.z_pos.Des,0
7.7522,B,pid.z_pos.FB,0
7.7522,B,pid.z_pos.U,0
7.7522,B,pid.z_rate.Des,0
7.7522,B,pid.z_rate.FB,0
7.7522,B,pid.z_rate.U,0
7.7522,B,status.vbat,16.188305
7.9683,A,mrac.pitch.e,0.080320098
7.9683,A,mrac.pitch.u_ad,-0.15893309
7.9683,A,mrac.roll.e,-0.01944921
7.9683,A,mrac.roll.u_ad,0.15338163
7.9683,A,mrac.yaw.e,-0.0024917065
7.9683,A,mrac.yaw.u_ad,0.082333162
7.9683,A,mrac.z.e,0
7.9683,A,mrac.z.u_ad,0
7.9683,A,status.arm,0
7.9683,A,status.estimator_ready,1
7.9683,A,status.flymode,1
7.9683,A,status.of_hold,0
7.9683,A,status.rc_authority,0
7.9683,A,status.sbus_lost,0
7.9683,A,status.twc_arrived,0
7.9683,A,status.twc_execute,0
7.9683,B,mrac.pitch.theta_0,-0.14837009
7.9683,B,mrac.pitch.theta_1,0.0055334992
7.9683,B,mrac.pitch.theta_2,4.0719321e-08
7.9683,B,mrac.pitch.theta_3,9.7758828e-05
7.9683,B,mrac.pitch.theta_4,0.05355097
7.9683,B,mrac.pitch.theta_5,0.14371368
7.9683,B,mrac.pitch.u_nom,-0.011372
7.9683,B,mrac.pitch.xm,-0.067572534
7.9683,B,mrac.roll.theta_0,0.14803775
7.9683,B,mrac.roll.theta_1,0.0049768458
7.9683,B,mrac.roll.theta_2,0.00020101642
7.9683,B,mrac.roll.theta_3,8.9575144e-05
7.9683,B,mrac.roll.theta_4,0.042162538
7.9683,B,mrac.roll.theta_5,0.14131917
7.9683,B,mrac.roll.u_nom,-0.0013278065
7.9683,B,mrac.roll.xm,0.03606423
7.9683,B,mrac.yaw.theta_0,0.082342833
7.9683,B,mrac.yaw.theta_1,0.0035344984
7.9683,B,mrac.yaw.theta_2,0.00029916875
7.9683,B,mrac.yaw.theta_3,0
7.9683,B,mrac.yaw.theta_4,0.067933276
7.9683,B,mrac.yaw.theta_5,0.089247547
7.9683,B,mrac.yaw.u_nom,-0.0027872224
7.9683,B,mrac.yaw.xm,-0.0011405625
7.9683,B,mrac.z.theta_0,0
7.9683,B,mrac.z.theta_1,0
7.9683,B,mrac.z.theta_2,0
7.9683,B,mrac.z.theta_3,0
7.9683,B,mrac.z.theta_4,0
7.9683,B,mrac.z.theta_5,0
7.9683,B,mrac.z.u_nom,0
7.9683,B,mrac.z.xm,0
7.9683,B,path.active_path_mode,0
7.9683,B,path.circle_theta,0
7.9683,B,path.sinusoid_t_elapsed,0
7.9683,B,path.twc_arrived,0
7.9683,B,path.twc_target_x,0
7.9683,B,path.twc_target_y,0
7.9683,B,path.twc_target_z,0
7.9683,B,pid.gyrox.Des,2.0339701
7.9683,B,pid.gyrox.FB,0.79869986
7.9683,B,pid.gyrox.U,3.7398651
7.9683,B,pid.gyroy.Des,-3.9217155
7.9683,B,pid.gyroy.FB,1.9079971
7.9683,B,pid.gyroy.U,-53.251854
7.9683,B,pid.gyroz.Des,-0.065349385
7.9683,B,pid.gyroz.FB,1.5647402
7.9683,B,pid.gyroz.U,-13.022805
7.9683,B,pid.locx.Des,0
7.9683,B,pid.locx.FB,0
7.9683,B,pid.locx.U,-2
7.9683,B,pid.locxs.Des,-2
7.9683,B,pid.locxs.FB,0
7.9683,B,pid.locxs.U,-6
7.9683,B,pid.locy.Des,-0
7.9683,B,pid.locy.FB,-0
7.9683,B,pid.locy.U,-2
7.9683,B,pid.locys.Des,-2
7.9683,B,pid.locys.FB,0
7.9683,B,pid.locys.U,-6
7.9683,B,pid.pitch.Des,0.016580621
7.9683,B,pid.pitch.FB,1.2746966
7.9683,B,pid.pitch.U,-3.9217155
7.9683,B,pid.roll.Des,0.0012290835
7.9683,B,pid.roll.FB,-0.6656425
7.9683,B,pid.roll.U,2.0339701
7.9683,B,pid.yaw.Des,-5.5319395
7.9683,B,pid.yaw.FB,-5.5319395
7.9683,B,pid.yaw.U,-0.065349385
7.9683,B,pid.z_pos.Des,0
7.9683,B,pid.z_pos.FB,0
7.9683,B,pid.z_pos.U,0
7.9683,B,pid.z_rate.Des,0
7.9683,B,pid.z_rate.FB,0
7.9683,B,pid.z_rate.U,0
7.9683,B,status.vbat,16.188305
8.1690,A,mrac.pitch.e,0.072367348
8.1690,A,mrac.pitch.u_ad,-0.15888935
8.1690,A,mrac.roll.e,-0.040406093
8.1690,A,mrac.roll.u_ad,0.15330502
8.1690,A,mrac.yaw.e,0.01507851
8.1690,A,mrac.yaw.u_ad,0.082252346
8.1690,A,mrac.z.e,0
8.1690,A,mrac.z.u_ad,0
8.1690,A,status.arm,0
8.1690,A,status.estimator_ready,1
8.1690,A,status.flymode,1
8.1690,A,status.of_hold,0
8.1690,A,status.rc_authority,0
8.1690,A,status.sbus_lost,0
8.1690,A,status.twc_arrived,0
8.1690,A,status.twc_execute,0
8.1691,B,mrac.pitch.theta_0,-0.14836273
8.1691,B,mrac.pitch.theta_1,0.0055233869
8.1691,B,mrac.pitch.theta_2,4.0712223e-08
8.1691,B,mrac.pitch.theta_3,9.7815959e-05
8.1691,B,mrac.pitch.theta_4,0.053552851
8.1691,B,mrac.pitch.theta_5,0.14368345
8.1691,B,mrac.pitch.u_nom,-0.017674793
8.1691,B,mrac.pitch.xm,-0.063646749
8.1691,B,mrac.roll.theta_0,0.14804059
8.1691,B,mrac.roll.theta_1,0.0049706264
8.1691,B,mrac.roll.theta_2,0.00020108426
8.1691,B,mrac.roll.theta_3,8.9597932e-05
8.1691,B,mrac.roll.theta_4,0.042162385
8.1691,B,mrac.roll.theta_5,0.14130846
8.1691,B,mrac.roll.u_nom,0.0016327238
8.1691,B,mrac.roll.xm,0.034103911
8.1691,B,mrac.yaw.theta_0,0.082342833
8.1691,B,mrac.yaw.theta_1,0.0035344984
8.1691,B,mrac.yaw.theta_2,0.00029916875
8.1691,B,mrac.yaw.theta_3,0
8.1691,B,mrac.yaw.theta_4,0.067933276
8.1691,B,mrac.yaw.theta_5,0.089247547
8.1691,B,mrac.yaw.u_nom,-0.0086606424
8.1691,B,mrac.yaw.xm,-0.00056103204
8.1691,B,mrac.z.theta_0,0
8.1691,B,mrac.z.theta_1,0
8.1691,B,mrac.z.theta_2,0
8.1691,B,mrac.z.theta_3,0
8.1691,B,mrac.z.theta_4,0
8.1691,B,mrac.z.theta_5,0
8.1691,B,mrac.z.u_nom,0
8.1691,B,mrac.z.xm,0
8.1691,B,path.active_path_mode,0
8.1691,B,path.circle_theta,0
8.1691,B,path.sinusoid_t_elapsed,0
8.1691,B,path.twc_arrived,0
8.1691,B,path.twc_target_x,0
8.1691,B,path.twc_target_y,0
8.1691,B,path.twc_target_z,0
8.1691,B,pid.gyrox.Des,1.9600835
8.1691,B,pid.gyrox.FB,0.13598417
8.1691,B,pid.gyrox.U,15.064026
8.1691,B,pid.gyroy.Des,-3.8760099
8.1691,B,pid.gyroy.FB,-0.61331874
8.1691,B,pid.gyroy.U,-7.1944904
8.1691,B,pid.gyroz.Des,-0.032144755
8.1691,B,pid.gyroz.FB,1.9894866
8.1691,B,pid.gyroz.U,-16.212723
8.1691,B,pid.locx.Des,0
8.1691,B,pid.locx.FB,0
8.1691,B,pid.locx.U,-2
8.1691,B,pid.locxs.Des,-2
8.1691,B,pid.locxs.FB,0
8.1691,B,pid.locxs.U,-6
8.1691,B,pid.locy.Des,-0
8.1691,B,pid.locy.FB,-0
8.1691,B,pid.locy.U,-2
8.1691,B,pid.locys.Des,-2
8.1691,B,pid.locys.FB,0
8.1691,B,pid.locys.U,-6
8.1691,B,pid.pitch.Des,0.016580714
8.1691,B,pid.pitch.FB,1.2661953
8.1691,B,pid.pitch.U,-3.8760099
8.1691,B,pid.roll.Des,0.0012290876
8.1691,B,pid.roll.FB,-0.63727951
8.1691,B,pid.roll.U,1.9600835
8.1691,B,pid.yaw.Des,-5.5330577
8.1691,B,pid.yaw.FB,-5.5330577
8.1691,B,pid.yaw.U,-0.032144755
8.1691,B,pid.z_pos.Des,0
8.1691,B,pid.z_pos.FB,0
8.1691,B,pid.z_pos.U,0
8.1691,B,pid.z_rate.Des,0
8.1691,B,pid.z_rate.FB,0
8.1691,B,pid.z_rate.U,0
8.1691,B,status.vbat,16.188305
8.3850,A,mrac.pitch.e,0.040498707
8.3850,A,mrac.pitch.u_ad,-0.15826257
8.3850,A,mrac.roll.e,-0.018019069
8.3850,A,mrac.roll.u_ad,0.15273118
8.3850,A,mrac.yaw.e,-0.041897822
8.3850,A,mrac.yaw.u_ad,0.082335718
8.3850,A,mrac.z.e,0
8.3850,A,mrac.z.u_ad,0
8.3850,A,status.arm,0
8.3850,A,status.estimator_ready,1
8.3850,A,status.flymode,1
8.3850,A,status.of_hold,0
8.3850,A,status.rc_authority,0
8.3850,A,status.sbus_lost,0
8.3850,A,status.twc_arrived,0
8.3850,A,status.twc_execute,0
8.3850,B,mrac.pitch.theta_0,-0.1483416
8.3850,B,mrac.pitch.theta_1,0.0055202781
8.3850,B,mrac.pitch.theta_2,4.070845e-08
8.3850,B,mrac.pitch.theta_3,9.786585e-05
8.3850,B,mrac.pitch.theta_4,0.05355233
8.3850,B,mrac.pitch.theta_5,0.14366527
8.3850,B,mrac.pitch.u_nom,-0.029262915
8.3850,B,mrac.pitch.xm,-0.064740561
8.3850,B,mrac.roll.theta_0,0.1480386
8.3850,B,mrac.roll.theta_1,0.0049676392
8.3850,B,mrac.roll.theta_2,0.00020110716
8.3850,B,mrac.roll.theta_3,8.959839e-05
8.3850,B,mrac.roll.theta_4,0.042162191
8.3850,B,mrac.roll.theta_5,0.14130236
8.3850,B,mrac.roll.u_nom,-0.0031113944
8.3850,B,mrac.roll.xm,0.034627236
8.3850,B,mrac.yaw.theta_0,0.082205661
8.3850,B,mrac.yaw.theta_1,0.0035320662
8.3850,B,mrac.yaw.theta_2,0.00029922041
8.3850,B,mrac.yaw.theta_3,0
8.3850,B,mrac.yaw.theta_4,0.067932099
8.3850,B,mrac.yaw.theta_5,0.089244694
8.3850,B,mrac.yaw.u_nom,0.0068845502
8.3850,B,mrac.yaw.xm,0.00035654515
8.3850,B,mrac.z.theta_0,0
8.3850,B,mrac.z.theta_1,0
8.3850,B,mrac.z.theta_2,0
8.3850,B,mrac.z.theta_3,0
8.3850,B,mrac.z.theta_4,0
8.3850,B,mrac.z.theta_5,0
8.3850,B,mrac.z.u_nom,0
8.3850,B,mrac.z.xm,0
8.3850,B,path.active_path_mode,0
8.3850,B,path.circle_theta,0
8.3850,B,path.sinusoid_t_elapsed,0
8.3850,B,path.twc_arrived,0
8.3850,B,path.twc_target_x,0
8.3850,B,path.twc_target_y,0
8.3850,B,path.twc_target_z,0
8.3850,B,pid.gyrox.Des,1.9839938
8.3850,B,pid.gyrox.FB,0.95611286
8.3850,B,pid.gyrox.U,-3.6403313
8.3850,B,pid.gyroy.Des,-3.7093592
8.3850,B,pid.gyroy.FB,1.1606475
8.3850,B,pid.gyroy.U,-34.23761
8.3850,B,pid.gyroz.Des,0.020428523
8.3850,B,pid.gyroz.FB,-1.5867182
8.3850,B,pid.gyroz.U,12.887878
8.3850,B,pid.locx.Des,0
8.3850,B,pid.locx.FB,0
8.3850,B,pid.locx.U,-2
8.3850,B,pid.locxs.Des,-2
8.3850,B,pid.locxs.FB,0
8.3850,B,pid.locxs.U,-6
8.3850,B,pid.locy.Des,-0
8.3850,B,pid.locy.FB,-0
8.3850,B,pid.locy.U,-2
8.3850,B,pid.locys.Des,-2
8.3850,B,pid.locys.FB,0
8.3850,B,pid.locys.U,-6
8.3850,B,pid.pitch.Des,0.016580684
8.3850,B,pid.pitch.FB,1.2051773
8.3850,B,pid.pitch.U,-3.7093592
8.3850,B,pid.roll.Des,0.0012291159
8.3850,B,pid.roll.FB,-0.64656675
8.3850,B,pid.roll.U,1.9839938
8.3850,B,pid.yaw.Des,-5.5564599
8.3850,B,pid.yaw.FB,-5.5564599
8.3850,B,pid.yaw.U,0.020428523
8.3850,B,pid.z_pos.Des,0
8.3850,B,pid.z_pos.FB,0
8.3850,B,pid.z_pos.U,0
8.3850,B,pid.z_rate.Des,0
8.3850,B,pid.z_rate.FB,0
8.3850,B,pid.z_rate.U,0
8.3850,B,status.vbat,16.188305
8.5862,A,mrac.pitch.e,0.03875275
8.5862,A,mrac.pitch.u_ad,-0.1581953
8.5862,A,mrac.roll.e,-0.051504925
8.5862,A,mrac.roll.u_ad,0.15240023
8.5862,A,mrac.yaw.e,0.02580042
8.5862,A,mrac.yaw.u_ad,0.081922323
8.5862,A,mrac.z.e,0
8.5862,A,mrac.z.u_ad,0
8.5862,A,status.arm,0
8.5862,A,status.estimator_ready,1
8.5862,A,status.flymode,1
8.5862,A,status.of_hold,0
8.5862,A,status.rc_authority,0
8.5862,A,status.sbus_lost,0
8.5862,A,status.twc_arrived,0
8.5862,A,status.twc_execute,0
8.5864,B,mrac.pitch.theta_0,-0.14832693
8.5864,B,mrac.pitch.theta_1,0.0055114045
8.5864,B,mrac.pitch.theta_2,4.0702012e-08
8.5864,B,mrac.pitch.theta_3,9.7895419e-05
8.5864,B,mrac.pitch.theta_4,0.053552933
8.5864,B,mrac.pitch.theta_5,0.14363676
8.5864,B,mrac.pitch.u_nom,-0.021636499
8.5864,B,mrac.pitch.xm,-0.064597286
8.5864,B,mrac.roll.theta_0,0.14803898
8.5864,B,mrac.roll.theta_1,0.0049666185
8.5864,B,mrac.roll.theta_2,0.00020111942
8.5864,B,mrac.roll.theta_3,8.9597896e-05
8.5864,B,mrac.roll.theta_4,0.042162314
8.5864,B,mrac.roll.theta_5,0.14130078
8.5864,B,mrac.roll.u_nom,0.010431978
8.5864,B,mrac.roll.xm,0.028961847
8.5864,B,mrac.yaw.theta_0,0.082036264
8.5864,B,mrac.yaw.theta_1,0.0035314239
8.5864,B,mrac.yaw.theta_2,0.00029921604
8.5864,B,mrac.yaw.theta_3,0
8.5864,B,mrac.yaw.theta_4,0.067931913
8.5864,B,mrac.yaw.theta_5,0.089244105
8.5864,B,mrac.yaw.u_nom,0.0097277751
8.5864,B,mrac.yaw.xm,0.0010254004
8.5864,B,mrac.z.theta_0,0
8.5864,B,mrac.z.theta_1,0
8.5864,B,mrac.z.theta_2,0
8.5864,B,mrac.z.theta_3,0
8.5864,B,mrac.z.theta_4,0
8.5864,B,mrac.z.theta_5,0
8.5864,B,mrac.z.u_nom,0
8.5864,B,mrac.z.xm,0
8.5864,B,path.active_path_mode,0
8.5864,B,path.circle_theta,0
8.5864,B,path.sinusoid_t_elapsed,0
8.5864,B,path.twc_arrived,0
8.5864,B,path.twc_target_x,0
8.5864,B,path.twc_target_y,0
8.5864,B,path.twc_target_z,0
8.5864,B,pid.gyrox.Des,1.6593909
8.5864,B,pid.gyrox.FB,-0.91227132
8.5864,B,pid.gyrox.U,12.205414
8.5864,B,pid.gyroy.Des,-3.7011502
8.5864,B,pid.gyroy.FB,0.21975559
8.5864,B,pid.gyroy.U,-25.314703
8.5864,B,pid.gyroz.Des,0.058751088
8.5864,B,pid.gyroz.FB,-2.2144244
8.5864,B,pid.gyroz.U,18.210396
8.5864,B,pid.locx.Des,0
8.5864,B,pid.locx.FB,0
8.5864,B,pid.locx.U,-2
8.5864,B,pid.locxs.Des,-2
8.5864,B,pid.locxs.FB,0.99521428
8.5864,B,pid.locxs.U,-14.957079
8.5864,B,pid.locy.Des,-0
8.5864,B,pid.locy.FB,-0
8.5864,B,pid.locy.U,-2
8.5864,B,pid.locys.Des,-2
8.5864,B,pid.locys.FB,0.097716555
8.5864,B,pid.locys.U,-6.8779278
8.5864,B,pid.pitch.Des,-0.014122383
8.5864,B,pid.pitch.FB,1.179849
8.5864,B,pid.pitch.U,-3.7011502
8.5864,B,pid.roll.Des,0.0012291273
8.5864,B,pid.roll.FB,-0.52031571
8.5864,B,pid.roll.U,1.6593909
8.5864,B,pid.yaw.Des,-5.6076989
8.5864,B,pid.yaw.FB,-5.6076989
8.5864,B,pid.yaw.U,0.058751088
8.5864,B,pid.z_pos.Des,0
8.5864,B,pid.z_pos.FB,0
8.5864,B,pid.z_pos.U,0
8.5864,B,pid.z_rate.Des,0
8.5864,B,pid.z_rate.FB,0
8.5864,B,pid.z_rate.U,0
8.5864,B,status.vbat,16.188305
8.8027,A,mrac.pitch.e,0.07028456
8.8027,A,mrac.pitch.u_ad,-0.15794113
8.8027,A,mrac.roll.e,-0.01594894
8.8027,A,mrac.roll.u_ad,0.15265661
8.8027,A,mrac.yaw.e,0.013720759
8.8027,A,mrac.yaw.u_ad,0.081865802
8.8027,A,mrac.z.e,0
8.8027,A,mrac.z.u_ad,0
8.8027,A,status.arm,0
8.8027,A,status.estimator_ready,1
8.8027,A,status.flymode,1
8.8027,A,status.of_hold,0
8.8027,A,status.rc_authority,0
8.8027,A,status.sbus_lost,0
8.8027,A,status.twc_arrived,0
8.8027,A,status.twc_execute,0
8.8028,B,mrac.pitch.theta_0,-0.1483234
8.8028,B,mrac.pitch.theta_1,0.0055068946
8.8028,B,mrac.pitch.theta_2,4.0699334e-08
8.8028,B,mrac.pitch.theta_3,9.790912e-05
8.8028,B,mrac.pitch.theta_4,0.053553183
8.8028,B,mrac.pitch.theta_5,0.14362423
8.8028,B,mrac.pitch.u_nom,-0.010481916
8.8028,B,mrac.pitch.xm,-0.055974849
8.8028,B,mrac.roll.theta_0,0.14803612
8.8028,B,mrac.roll.theta_1,0.0049644778
8.8028,B,mrac.roll.theta_2,0.00020114091
8.8028,B,mrac.roll.theta_3,8.9596477e-05
8.8028,B,mrac.roll.theta_4,0.042162437
8.8028,B,mrac.roll.theta_5,0.14129686
8.8028,B,mrac.roll.u_nom,0.0010378022
8.8028,B,mrac.roll.xm,0.029813929
8.8028,B,mrac.yaw.theta_0,0.081895992
8.8028,B,mrac.yaw.theta_1,0.0035309831
8.8028,B,mrac.yaw.theta_2,0.00029921322
8.8028,B,mrac.yaw.theta_3,0
8.8028,B,mrac.yaw.theta_4,0.06793166
8.8028,B,mrac.yaw.theta_5,0.089243539
8.8028,B,mrac.yaw.u_nom,-0.0069708801
8.8028,B,mrac.yaw.xm,-0.00060139666
8.8028,B,mrac.z.theta_0,0
8.8028,B,mrac.z.theta_1,0
8.8028,B,mrac.z.theta_2,0
8.8028,B,mrac.z.theta_3,0
8.8028,B,mrac.z.theta_4,0
8.8028,B,mrac.z.theta_5,0
8.8028,B,mrac.z.u_nom,0
8.8028,B,mrac.z.xm,0
8.8028,B,path.active_path_mode,0
8.8028,B,path.circle_theta,0
8.8028,B,path.sinusoid_t_elapsed,0
8.8028,B,path.twc_arrived,0
8.8028,B,path.twc_target_x,0
8.8028,B,path.twc_target_y,0
8.8028,B,path.twc_target_z,0
8.8028,B,pid.gyrox.Des,1.7082115
8.8028,B,pid.gyrox.FB,0.71047133
8.8028,B,pid.gyrox.U,1.2142286
8.8028,B,pid.gyroy.Des,-3.2071211
8.8028,B,pid.gyroy.FB,-2.9956391
8.8028,B,pid.gyroy.U,-12.263842
8.8028,B,pid.gyroz.Des,-0.034457475
8.8028,B,pid.gyroz.FB,1.5930431
8.8028,B,pid.gyroz.U,-13.049487
8.8028,B,pid.locx.Des,0
8.8028,B,pid.locx.FB,0
8.8028,B,pid.locx.U,-2
8.8028,B,pid.locxs.Des,-2
8.8028,B,pid.locxs.FB,0
8.8028,B,pid.locxs.U,-6
8.8028,B,pid.locy.Des,-0
8.8028,B,pid.locy.FB,-0
8.8028,B,pid.locy.U,-2
8.8028,B,pid.locys.Des,-2
8.8028,B,pid.locys.FB,0
8.8028,B,pid.locys.U,-6
8.8028,B,pid.pitch.Des,0.016580958
8.8028,B,pid.pitch.FB,1.0994616
8.8028,B,pid.pitch.U,-3.2071211
8.8028,B,pid.roll.Des,0.0012291615
8.8028,B,pid.roll.FB,-0.5562281
8.8028,B,pid.roll.U,1.7082115
8.8028,B,pid.yaw.Des,-5.5443397
8.8028,B,pid.yaw.FB,-5.5443397
8.8028,B,pid.yaw.U,-0.034457475
8.8028,B,pid.z_pos.Des,0
8.8028,B,pid.z_pos.FB,0
8.8028,B,pid.z_pos.U,0
8.8028,B,pid.z_rate.Des,0
8.8028,B,pid.z_rate.FB,0
8.8028,B,pid.z_rate.U,0
8.8028,B,status.vbat,16.188305
9.0187,A,mrac.pitch.e,0.088417813
9.0187,A,mrac.pitch.u_ad,-0.1576796
9.0187,A,mrac.roll.e,0.011489991
9.0187,A,mrac.roll.u_ad,0.15210006
9.0187,A,mrac.yaw.e,0.012973909
9.0187,A,mrac.yaw.u_ad,0.081820019
9.0187,A,mrac.z.e,0
9.0187,A,mrac.z.u_ad,0
9.0187,A,status.arm,0
9.0187,A,status.estimator_ready,1
9.0187,A,status.flymode,1
9.0187,A,status.of_hold,0
9.0187,A,status.rc_authority,0
9.0187,A,status.sbus_lost,0
9.0187,A,status.twc_arrived,0
9.0187,A,status.twc_execute,0
9.0187,B,mrac.pitch.theta_0,-0.1483126
9.0187,B,mrac.pitch.theta_1,0.0054957974
9.0187,B,mrac.pitch.theta_2,4.0693383e-08
9.0187,B,mrac.pitch.theta_3,9.7967175e-05
9.0187,B,mrac.pitch.theta_4,0.053553969
9.0187,B,mrac.pitch.theta_5,0.14359744
9.0187,B,mrac.pitch.u_nom,-0.011854876
9.0187,B,mrac.pitch.xm,-0.058554992
9.0187,B,mrac.roll.theta_0,0.14803949
9.0187,B,mrac.roll.theta_1,0.0049605877
9.0187,B,mrac.roll.theta_2,0.00020119997
9.0187,B,mrac.roll.theta_3,8.9599234e-05
9.0187,B,mrac.roll.theta_4,0.042162932
9.0187,B,mrac.roll.theta_5,0.14129137
9.0187,B,mrac.roll.u_nom,0.015553303
9.0187,B,mrac.roll.xm,0.029046077
9.0187,B,mrac.yaw.theta_0,0.08184424
9.0187,B,mrac.yaw.theta_1,0.0035296236
9.0187,B,mrac.yaw.theta_2,0.0002992402
9.0187,B,mrac.yaw.theta_3,0
9.0187,B,mrac.yaw.theta_4,0.067930914
9.0187,B,mrac.yaw.theta_5,0.089241832
9.0187,B,mrac.yaw.u_nom,-0.01490294
9.0187,B,mrac.yaw.xm,-0.0010588783
9.0187,B,mrac.z.theta_0,0
9.0187,B,mrac.z.theta_1,0
9.0187,B,mrac.z.theta_2,0
9.0187,B,mrac.z.theta_3,0
9.0187,B,mrac.z.theta_4,0
9.0187,B,mrac.z.theta_5,0
9.0187,B,mrac.z.u_nom,0
9.0187,B,mrac.z.xm,0
9.0187,B,path.active_path_mode,0
9.0187,B,path.circle_theta,0
9.0187,B,path.sinusoid_t_elapsed,0
9.0187,B,path.twc_arrived,0
9.0187,B,path.twc_target_x,0
9.0187,B,path.twc_target_y,0
9.0187,B,path.twc_target_z,0
9.0187,B,pid.gyrox.Des,1.664217
9.0187,B,pid.gyrox.FB,-0.63238615
9.0187,B,pid.gyrox.U,18.197365
9.0187,B,pid.gyroy.Des,-3.3549526
9.0187,B,pid.gyroy.FB,-0.43702978
9.0187,B,pid.gyroy.U,-13.870205
9.0187,B,pid.gyroz.Des,-0.060669232
9.0187,B,pid.gyroz.FB,3.4210308
9.0187,B,pid.gyroz.U,-27.898304
9.0187,B,pid.locx.Des,0
9.0187,B,pid.locx.FB,0
9.0187,B,pid.locx.U,-2
9.0187,B,pid.locxs.Des,-2
9.0187,B,pid.locxs.FB,0.99527335
9.0187,B,pid.locxs.U,-8.9860191
9.0187,B,pid.locy.Des,-0
9.0187,B,pid.locy.FB,-0
9.0187,B,pid.locy.U,-2
9.0187,B,pid.locys.Des,-2
9.0187,B,pid.locys.FB,0.097112894
9.0187,B,pid.locys.U,-6.2892947
9.0187,B,pid.pitch.Des,0.016581029
9.0187,B,pid.pitch.FB,1.1116517
9.0187,B,pid.pitch.U,-3.3549526
9.0187,B,pid.roll.Des,0.0012291566
9.0187,B,pid.roll.FB,-0.53080034
9.0187,B,pid.roll.U,1.664217
9.0187,B,pid.yaw.Des,-5.5729465
9.0187,B,pid.yaw.FB,-5.5729465
9.0187,B,pid.yaw.U,-0.060669232
9.0187,B,pid.z_pos.Des,0
9.0187,B,pid.z_pos.FB,0
9.0187,B,pid.z_pos.U,0
9.0187,B,pid.z_rate.Des,0
9.0187,B,pid.z_rate.FB,0
9.0187,B,pid.z_rate.U,0
9.0187,B,status.vbat,16.188305
9.2191,A,mrac.pitch.e,0.081349641
9.2191,A,mrac.pitch.u_ad,-0.15740779
9.2191,A,mrac.roll.e,-0.053301215
9.2191,A,mrac.roll.u_ad,0.15197489
9.2191,A,mrac.yaw.e,0.038603071
9.2191,A,mrac.yaw.u_ad,0.081811912
9.2191,A,mrac.z.e,0
9.2191,A,mrac.z.u_ad,0
9.2191,A,status.arm,0
9.2191,A,status.estimator_ready,1
9.2191,A,status.flymode,1
9.2191,A,status.of_hold,0
9.2191,A,status.rc_authority,0
9.2191,A,status.sbus_lost,0
9.2191,A,status.twc_arrived,0
9.2191,A,status.twc_execute,0
9.2191,B,mrac.pitch.theta_0,-0.14830397
9.2191,B,mrac.pitch.theta_1,0.0054903412
9.2191,B,mrac.pitch.theta_2,4.0690384e-08
9.2191,B,mrac.pitch.theta_3,9.7978067e-05
9.2191,B,mrac.pitch.theta_4,0.053554207
9.2191,B,mrac.pitch.theta_5,0.14358319
9.2191,B,mrac.pitch.u_nom,-0.0013863579
9.2191,B,mrac.pitch.xm,-0.05799938
9.2191,B,mrac.roll.theta_0,0.14803891
9.2191,B,mrac.roll.theta_1,0.0049595209
9.2191,B,mrac.roll.theta_2,0.00020121461
9.2191,B,mrac.roll.theta_3,8.9600195e-05
9.2191,B,mrac.roll.theta_4,0.042163175
9.2191,B,mrac.roll.theta_5,0.14128974
9.2191,B,mrac.roll.u_nom,0.0071382015
9.2191,B,mrac.roll.xm,0.02494821
9.2191,B,mrac.yaw.theta_0,0.081687286
9.2191,B,mrac.yaw.theta_1,0.0035290748
9.2191,B,mrac.yaw.theta_2,0.00029923659
9.2191,B,mrac.yaw.theta_3,0
9.2191,B,mrac.yaw.theta_4,0.067930698
9.2191,B,mrac.yaw.theta_5,0.089241251
9.2191,B,mrac.yaw.u_nom,-0.0012184301
9.2191,B,mrac.yaw.xm,-0.00045547099
9.2191,B,mrac.z.theta_0,0
9.2191,B,mrac.z.theta_1,0
9.2191,B,mrac.z.theta_2,0
9.2191,B,mrac.z.theta_3,0
9.2191,B,mrac.z.theta_4,0
9.2191,B,mrac.z.theta_5,0
9.2191,B,mrac.z.u_nom,0
9.2191,B,mrac.z.xm,0
9.2191,B,path.active_path_mode,0
9.2191,B,path.circle_theta,0
9.2191,B,path.sinusoid_t_elapsed,0
9.2191,B,path.twc_arrived,0
9.2191,B,path.twc_target_x,0
9.2191,B,path.twc_target_y,0
9.2191,B,path.twc_target_z,0
9.2191,B,pid.gyrox.Des,1.467603
9.2191,B,pid.gyrox.FB,-1.6021854
9.2191,B,pid.gyrox.U,25.057007
9.2191,B,pid.gyroy.Des,-3.2775538
9.2191,B,pid.gyroy.FB,-0.60803717
9.2191,B,pid.gyroy.U,-13.845947
9.2191,B,pid.gyroz.Des,-0.026096554
9.2191,B,pid.gyroz.FB,0.26098332
9.2191,B,pid.gyroz.U,-2.2809012
9.2191,B,pid.locx.Des,0
9.2191,B,pid.locx.FB,0
9.2191,B,pid.locx.U,-2
9.2191,B,pid.locxs.Des,-2
9.2191,B,pid.locxs.FB,0
9.2191,B,pid.locxs.U,-6
9.2191,B,pid.locy.Des,-0
9.2191,B,pid.locy.FB,-0
9.2191,B,pid.locy.U,-2
9.2191,B,pid.locys.Des,-2
9.2191,B,pid.locys.FB,0
9.2191,B,pid.locys.U,-6
9.2191,B,pid.pitch.Des,0.016581209
9.2191,B,pid.pitch.FB,1.083154
9.2191,B,pid.pitch.U,-3.2775538
9.2191,B,pid.roll.Des,0.001229168
9.2191,B,pid.roll.FB,-0.45832297
9.2191,B,pid.roll.U,1.467603
9.2191,B,pid.yaw.Des,-5.5571008
9.2191,B,pid.yaw.FB,-5.5571008
9.2191,B,pid.yaw.U,-0.026096554
9.2191,B,pid.z_pos.Des,0
9.2191,B,pid.z_pos.FB,0
9.2191,B,pid.z_pos.U,0
9.2191,B,pid.z_rate.Des,0
9.2191,B,pid.z_rate.FB,0
9.2191,B,pid.z_rate.U,0
9.2191,B,status.vbat,16.188305
9.4356,A,mrac.pitch.e,0.044056416
9.4356,A,mrac.pitch.u_ad,-0.15702522
9.4356,A,mrac.roll.e,-0.02731706
9.4356,A,mrac.roll.u_ad,0.15165628
9.4356,A,mrac.yaw.e,0.033437323
9.4356,A,mrac.yaw.u_ad,0.081236579
9.4356,A,mrac.z.e,0
9.4356,A,mrac.z.u_ad,0
9.4356,A,status.arm,0
9.4356,A,status.estimator_ready,1
9.4356,A,status.flymode,1
9.4356,A,status.of_hold,0
9.4356,A,status.rc_authority,0
9.4356,A,status.sbus_lost,0
9.4356,A,status.twc_arrived,0
9.4356,A,status.twc_execute,0
9.4356,B,mrac.pitch.theta_0,-0.14827502
9.4356,B,mrac.pitch.theta_1,0.0054847072
9.4356,B,mrac.pitch.theta_2,4.0686448e-08
9.4356,B,mrac.pitch.theta_3,9.8001619e-05
9.4356,B,mrac.pitch.theta_4,0.053553171
9.4356,B,mrac.pitch.theta_5,0.14356293
9.4356,B,mrac.pitch.u_nom,-0.012263712
9.4356,B,mrac.pitch.xm,-0.054896504
9.4356,B,mrac.roll.theta_0,0.14804026
9.4356,B,mrac.roll.theta_1,0.0049558431
9.4356,B,mrac.roll.theta_2,0.0002012789
9.4356,B,mrac.roll.theta_3,8.9606605e-05
9.4356,B,mrac.roll.theta_4,0.042163327
9.4356,B,mrac.roll.theta_5,0.1412849
9.4356,B,mrac.roll.u_nom,0.015471365
9.4356,B,mrac.roll.xm,0.024259297
9.4356,B,mrac.yaw.theta_0,0.081396811
9.4356,B,mrac.yaw.theta_1,0.0035272124
9.4356,B,mrac.yaw.theta_2,0.00029924809
9.4356,B,mrac.yaw.theta_3,0
9.4356,B,mrac.yaw.theta_4,0.067930117
9.4356,B,mrac.yaw.theta_5,0.089239486
9.4356,B,mrac.yaw.u_nom,-0.0017190158
9.4356,B,mrac.yaw.xm,-0.00022600127
9.4356,B,mrac.z.theta_0,0
9.4356,B,mrac.z.theta_1,0
9.4356,B,mrac.z.theta_2,0
9.4356,B,mrac.z.theta_3,0
9.4356,B,mrac.z.theta_4,0
9.4356,B,mrac.z.theta_5,0
9.4356,B,mrac.z.u_nom,0
9.4356,B,mrac.z.xm,0
9.4356,B,path.active_path_mode,0
9.4356,B,path.circle_theta,0
9.4356,B,path.sinusoid_t_elapsed,0
9.4356,B,path.twc_arrived,0
9.4356,B,path.twc_target_x,0
9.4356,B,path.twc_target_y,0
9.4356,B,path.twc_target_z,0
9.4356,B,pid.gyrox.Des,1.4034472
9.4356,B,pid.gyrox.FB,-0.90534818
9.4356,B,pid.gyrox.U,9.6115856
9.4356,B,pid.gyroy.Des,-3.1065731
9.4356,B,pid.gyroy.FB,-1.1925325
9.4356,B,pid.gyroy.U,-0.25206566
9.4356,B,pid.gyroz.Des,-0.012948913
9.4356,B,pid.gyroz.FB,0.3891381
9.4356,B,pid.gyroz.U,-3.2179976
9.4356,B,pid.locx.Des,0
9.4356,B,pid.locx.FB,0
9.4356,B,pid.locx.U,-2
9.4356,B,pid.locxs.Des,-2
9.4356,B,pid.locxs.FB,0
9.4356,B,pid.locxs.U,-6
9.4356,B,pid.locy.Des,-0
9.4356,B,pid.locy.FB,-0
9.4356,B,pid.locy.U,-2
9.4356,B,pid.locys.Des,-2
9.4356,B,pid.locys.FB,0
9.4356,B,pid.locys.U,-6
9.4356,B,pid.pitch.Des,0.016581252
9.4356,B,pid.pitch.FB,1.0275524
9.4356,B,pid.pitch.U,-3.1065731
9.4356,B,pid.roll.Des,0.00122919
9.4356,B,pid.roll.FB,-0.43985149
9.4356,B,pid.roll.U,1.4034472
9.4356,B,pid.yaw.Des,-5.493577
9.4356,B,pid.yaw.FB,-5.493577
9.4356,B,pid.yaw.U,-0.012948913
9.4356,B,pid.z_pos.Des,0
9.4356,B,pid.z_pos.FB,0
9.4356,B,pid.z_pos.U,0
9.4356,B,pid.z_rate.Des,0
9.4356,B,pid.z_rate.FB,0
9.4356,B,pid.z_rate.U,0
9.4356,B,status.vbat,16.188305
9.6360,A,mrac.pitch.e,0.049220238
9.6360,A,mrac.pitch.u_ad,-0.1571023
9.6360,A,mrac.roll.e,-0.018188525
9.6360,A,mrac.roll.u_ad,0.15141621
9.6360,A,mrac.yaw.e,-0.001564091
9.6360,A,mrac.yaw.u_ad,0.081295274
9.6360,A,mrac.z.e,0
9.6360,A,mrac.z.u_ad,0
9.6360,A,status.arm,0
9.6360,A,status.estimator_ready,1
9.6360,A,status.flymode,1
9.6360,A,status.of_hold,0
9.6360,A,status.rc_authority,0
9.6360,A,status.sbus_lost,0
9.6360,A,status.twc_arrived,0
9.6360,A,status.twc_execute,0
9.6361,B,mrac.pitch.theta_0,-0.1482808
9.6361,B,mrac.pitch.theta_1,0.0054764929
9.6361,B,mrac.pitch.theta_2,4.068308e-08
9.6361,B,mrac.pitch.theta_3,9.8010896e-05
9.6361,B,mrac.pitch.theta_4,0.053554047
9.6361,B,mrac.pitch.theta_5,0.1435492
9.6361,B,mrac.pitch.u_nom,-0.010749276
9.6361,B,mrac.pitch.xm,-0.05549882
9.6361,B,mrac.roll.theta_0,0.14804222
9.6361,B,mrac.roll.theta_1,0.0049538901
9.6361,B,mrac.roll.theta_2,0.00020131176
9.6361,B,mrac.roll.theta_3,8.9605717e-05
9.6361,B,mrac.roll.theta_4,0.042163491
9.6361,B,mrac.roll.theta_5,0.14128245
9.6361,B,mrac.roll.u_nom,-0.003191828
9.6361,B,mrac.roll.xm,0.02410212
9.6361,B,mrac.yaw.theta_0,0.081245288
9.6361,B,mrac.yaw.theta_1,0.0035250527
9.6361,B,mrac.yaw.theta_2,0.00029930327
9.6361,B,mrac.yaw.theta_3,0
9.6361,B,mrac.yaw.theta_4,0.067929246
9.6361,B,mrac.yaw.theta_5,0.089237176
9.6361,B,mrac.yaw.u_nom,-0.0028731974
9.6361,B,mrac.yaw.xm,-0.00058601488
9.6361,B,mrac.z.theta_0,0
9.6361,B,mrac.z.theta_1,0
9.6361,B,mrac.z.theta_2,0
9.6361,B,mrac.z.theta_3,0
9.6361,B,mrac.z.theta_4,0
9.6361,B,mrac.z.theta_5,0
9.6361,B,mrac.z.u_nom,0
9.6361,B,mrac.z.xm,0
9.6361,B,path.active_path_mode,0
9.6361,B,path.circle_theta,0
9.6361,B,path.sinusoid_t_elapsed,0
9.6361,B,path.twc_arrived,0
9.6361,B,path.twc_target_x,0
9.6361,B,path.twc_target_y,0
9.6361,B,path.twc_target_z,0
9.6361,B,pid.gyrox.Des,1.3809491
9.6361,B,pid.gyrox.FB,-0.21637377
9.6361,B,pid.gyrox.U,-3.7344389
9.6361,B,pid.gyroy.Des,-3.1798468
9.6361,B,pid.gyroy.FB,-0.044328
9.6361,B,pid.gyroy.U,-12.576653
9.6361,B,pid.gyroz.Des,-0.033576164
9.6361,B,pid.gyroz.FB,0.64033628
9.6361,B,pid.gyroz.U,-5.3786254
9.6361,B,pid.locx.Des,0
9.6361,B,pid.locx.FB,0
9.6361,B,pid.locx.U,-2
9.6361,B,pid.locxs.Des,-2
9.6361,B,pid.locxs.FB,0
9.6361,B,pid.locxs.U,-6
9.6361,B,pid.locy.Des,-0
9.6361,B,pid.locy.FB,-0
9.6361,B,pid.locy.U,-2
9.6361,B,pid.locys.Des,-2
9.6361,B,pid.locys.FB,0
9.6361,B,pid.locys.U,-6
9.6361,B,pid.pitch.Des,0.016581269
9.6361,B,pid.pitch.FB,1.0425872
9.6361,B,pid.pitch.U,-3.1798468
9.6361,B,pid.roll.Des,0.0012291842
9.6361,B,pid.roll.FB,-0.43215144
9.6361,B,pid.roll.U,1.3809491
9.6361,B,pid.yaw.Des,-5.4771457
9.6361,B,pid.yaw.FB,-5.4771457
9.6361,B,pid.yaw.U,-0.033576164
9.6361,B,pid.z_pos.Des,0
9.6361,B,pid.z_pos.FB,0
9.6361,B,pid.z_pos.U,0
9.6361,B,pid.z_rate.Des,0
9.6361,B,pid.z_rate.FB,0
9.6361,B,pid.z_rate.U,0
9.6361,B,status.vbat,16.188305
9.8364,A,mrac.pitch.e,0.049713552
9.8364,A,mrac.pitch.u_ad,-0.15721491
9.8364,A,mrac.roll.e,-0.056033432
9.8364,A,mrac.roll.u_ad,0.15232052
9.8364,A,mrac.yaw.e,0.015955061
9.8364,A,mrac.yaw.u_ad,0.081141017
9.8364,A,mrac.z.e,0
9.8364,A,mrac.z.u_ad,0
9.8364,A,status.arm,0
9.8364,A,status.estimator_ready,1
9.8364,A,status.flymode,1
9.8364,A,status.of_hold,0
9.8364,A,status.rc_authority,0
9.8364,A,status.sbus_lost,0
9.8364,A,status.twc_arrived,0
9.8364,A,status.twc_execute,0
9.8365,B,mrac.pitch.theta_0,-0.14827718
9.8365,B,mrac.pitch.theta_1,0.0054647201
9.8365,B,mrac.pitch.theta_2,4.0677293e-08
9.8365,B,mrac.pitch.theta_3,9.8016593e-05
9.8365,B,mrac.pitch.theta_4,0.05355401
9.8365,B,mrac.pitch.theta_5,0.14352442
9.8365,B,mrac.pitch.u_nom,0.0034609917
9.8365,B,mrac.pitch.xm,-0.057785798
9.8365,B,mrac.roll.theta_0,0.14804435
9.8365,B,mrac.roll.theta_1,0.0049490849
9.8365,B,mrac.roll.theta_2,0.00020139322
9.8365,B,mrac.roll.theta_3,8.9606488e-05
9.8365,B,mrac.roll.theta_4,0.042163786
9.8365,B,mrac.roll.theta_5,0.14127602
9.8365,B,mrac.roll.u_nom,-0.0031537788
9.8365,B,mrac.roll.xm,0.028440751
9.8365,B,mrac.yaw.theta_0,0.081106685
9.8365,B,mrac.yaw.theta_1,0.0035246217
9.8365,B,mrac.yaw.theta_2,0.0002993005
9.8365,B,mrac.yaw.theta_3,0
9.8365,B,mrac.yaw.theta_4,0.067928992
9.8365,B,mrac.yaw.theta_5,0.08923661
9.8365,B,mrac.yaw.u_nom,0.0071396986
9.8365,B,mrac.yaw.xm,0.00035247352
9.8365,B,mrac.z.theta_0,0
9.8365,B,mrac.z.theta_1,0
9.8365,B,mrac.z.theta_2,0
9.8365,B,mrac.z.theta_3,0
9.8365,B,mrac.z.theta_4,0
9.8365,B,mrac.z.theta_5,0
9.8365,B,mrac.z.u_nom,0
9.8365,B,mrac.z.xm,0
9.8365,B,path.active_path_mode,0
9.8365,B,path.circle_theta,0
9.8365,B,path.sinusoid_t_elapsed,0
9.8365,B,path.twc_arrived,0
9.8365,B,path.twc_target_x,0
9.8365,B,path.twc_target_y,0
9.8365,B,path.twc_target_z,0
9.8365,B,pid.gyrox.Des,1.6295344
9.8365,B,pid.gyrox.FB,-0.077731587
9.8365,B,pid.gyrox.U,-3.6899214
9.8365,B,pid.gyroy.Des,-3.3108809
9.8365,B,pid.gyroy.FB,-1.4542109
9.8365,B,pid.gyroy.U,4.0493603
9.8365,B,pid.gyroz.Des,0.020195236
9.8365,B,pid.gyroz.FB,-1.6451505
9.8365,B,pid.gyroz.U,13.365516
9.8365,B,pid.locx.Des,0
9.8365,B,pid.locx.FB,0
9.8365,B,pid.locx.U,-2
9.8365,B,pid.locxs.Des,-2
9.8365,B,pid.locxs.FB,0
9.8365,B,pid.locxs.U,-6
9.8365,B,pid.locy.Des,-0
9.8365,B,pid.locy.FB,-0
9.8365,B,pid.locy.U,-2
9.8365,B,pid.locys.Des,-2
9.8365,B,pid.locys.FB,0
9.8365,B,pid.locys.U,-6
9.8365,B,pid.pitch.Des,0.016581073
9.8365,B,pid.pitch.FB,1.0916847
9.8365,B,pid.pitch.U,-3.3108809
9.8365,B,pid.roll.Des,0.0012291647
9.8365,B,pid.roll.FB,-0.51406664
9.8365,B,pid.roll.U,1.6295344
9.8365,B,pid.yaw.Des,-5.5130668
9.8365,B,pid.yaw.FB,-5.5130668
9.8365,B,pid.yaw.U,0.020195236
9.8365,B,pid.z_pos.Des,0
9.8365,B,pid.z_pos.FB,0
9.8365,B,pid.z_pos.U,0
9.8365,B,pid.z_rate.Des,0
9.8365,B,pid.z_rate.FB,0
9.8365,B,pid.z_rate.U,0
9.8365,B,status.vbat,16.188305
10.0523,A,mrac.pitch.e,0.03002343
10.0523,A,mrac.pitch.u_ad,-0.15709728
10.0523,A,mrac.roll.e,-0.030267566
10.0523,A,mrac.roll.u_ad,0.15246174
10.0523,A,mrac.yaw.e,0.036927827
10.0523,A,mrac.yaw.u_ad,0.08104822
10.0523,A,mrac.z.e,0
10.0523,A,mrac.z.u_ad,0
10.0523,A,status.arm,0
10.0523,A,status.estimator_ready,1
10.0523,A,status.flymode,1
10.0523,A,status.of_hold,0
10.0523,A,status.rc_authority,0
10.0523,A,status.sbus_lost,0
10.0523,A,status.twc_arrived,0
10.0523,A,status.twc_execute,0
10.0524,B,mrac.pitch.theta_0,-0.14828022
10.0524,B,mrac.pitch.theta_1,0.0054570446
10.0524,B,mrac.pitch.theta_2,4.0674006e-08
10.0524,B,mrac.pitch.theta_3,9.8038006e-05
10.0524,B,mrac.pitch.theta_4,0.053555608
10.0524,B,mrac.pitch.theta_5,0.14351006
10.0524,B,mrac.pitch.u_nom,-0.028880557
10.0524,B,mrac.pitch.xm,-0.057829943
10.0524,B,mrac.roll.theta_0,0.14804605
10.0524,B,mrac.roll.theta_1,0.004944759
10.0524,B,mrac.roll.theta_2,0.00020145327
10.0524,B,mrac.roll.theta_3,8.961861e-05
10.0524,B,mrac.roll.theta_4,0.042164166
10.0524,B,mrac.roll.theta_5,0.14126967
10.0524,B,mrac.roll.u_nom,-0.014005273
10.0524,B,mrac.roll.xm,0.029876834
10.0524,B,mrac.yaw.theta_0,0.0809903
10.0524,B,mrac.yaw.theta_1,0.0035234271
10.0524,B,mrac.yaw.theta_2,0.00029931508
10.0524,B,mrac.yaw.theta_3,0
10.0524,B,mrac.yaw.theta_4,0.06792859
10.0524,B,mrac.yaw.theta_5,0.089235432
10.0524,B,mrac.yaw.u_nom,-0.0045537669
10.0524,B,mrac.yaw.xm,-0.00040455034
10.0524,B,mrac.z.theta_0,0
10.0524,B,mrac.z.theta_1,0
10.0524,B,mrac.z.theta_2,0
10.0524,B,mrac.z.theta_3,0
10.0524,B,mrac.z.theta_4,0
10.0524,B,mrac.z.theta_5,0
10.0524,B,mrac.z.u_nom,0
10.0524,B,mrac.z.xm,0
10.0524,B,path.active_path_mode,0
10.0524,B,path.circle_theta,0
10.0524,B,path.sinusoid_t_elapsed,0
10.0524,B,path.twc_arrived,0
10.0524,B,path.twc_target_x,0
10.0524,B,path.twc_target_y,0
10.0524,B,path.twc_target_z,0
10.0524,B,pid.gyrox.Des,1.7118157
10.0524,B,pid.gyrox.FB,0.73096377
10.0524,B,pid.gyrox.U,-16.386169
10.0524,B,pid.gyroy.Des,-3.3134103
10.0524,B,pid.gyroy.FB,1.2142874
10.0524,B,pid.gyroy.U,-33.790253
10.0524,B,pid.gyroz.Des,-0.023179017
10.0524,B,pid.gyroz.FB,1.0404743
10.0524,B,pid.gyroz.U,-8.5246515
10.0524,B,pid.locx.Des,0
10.0524,B,pid.locx.FB,0
10.0524,B,pid.locx.U,-2
10.0524,B,pid.locxs.Des,-2
10.0524,B,pid.locxs.FB,0
10.0524,B,pid.locxs.U,-6
10.0524,B,pid.locy.Des,-0
10.0524,B,pid.locy.FB,-0
10.0524,B,pid.locy.U,-2
10.0524,B,pid.locys.Des,-2
10.0524,B,pid.locys.FB,0
10.0524,B,pid.locys.U,-6
10.0524,B,pid.pitch.Des,0.016580991
10.0524,B,pid.pitch.FB,1.0753866
10.0524,B,pid.pitch.U,-3.3134103
10.0524,B,pid.roll.Des,0.0012291714
10.0524,B,pid.roll.FB,-0.54441482
10.0524,B,pid.roll.U,1.7118157
10.0524,B,pid.yaw.Des,-5.4882307
10.0524,B,pid.yaw.FB,-5.4882307
10.0524,B,pid.yaw.U,-0.023179017
10.0524,B,pid.z_pos.Des,0
10.0524,B,pid.z_pos.FB,0
10.0524,B,pid.z_pos.U,0
10.0524,B,pid.z_rate.Des,0
10.0524,B,pid.z_rate.FB,0
10.0524,B,pid.z_rate.U,0
10.0524,B,status.vbat,16.188305
10.2525,A,mrac.pitch.e,0.049196661
10.2525,A,mrac.pitch.u_ad,-0.1574097
10.2525,A,mrac.roll.e,-0.037218984
10.2525,A,mrac.roll.u_ad,0.1523077
10.2525,A,mrac.yaw.e,0.0098867714
10.2525,A,mrac.yaw.u_ad,0.080722407
10.2525,A,mrac.z.e,0
10.2525,A,mrac.z.u_ad,0
10.2525,A,status.arm,0
10.2525,A,status.estimator_ready,1
10.2525,A,status.flymode,1
10.2525,A,status.of_hold,0
10.2525,A,status.rc_authority,0
10.2525,A,status.sbus_lost,0
10.2525,A,status.twc_arrived,0
10.2525,A,status.twc_execute,0
10.2525,B,mrac.pitch.theta_0,-0.14826807
10.2525,B,mrac.pitch.theta_1,0.0054470259
10.2525,B,mrac.pitch.theta_2,4.0668883e-08
10.2525,B,mrac.pitch.theta_3,9.8048942e-05
10.2525,B,mrac.pitch.theta_4,0.053555347
10.2525,B,mrac.pitch.theta_5,0.14348671
10.2525,B,mrac.pitch.u_nom,-0.015532641
10.2525,B,mrac.pitch.xm,-0.057126056
10.2525,B,mrac.roll.theta_0,0.14805524
10.2525,B,mrac.roll.theta_1,0.0049408614
10.2525,B,mrac.roll.theta_2,0.00020152968
10.2525,B,mrac.roll.theta_3,8.9621339e-05
10.2525,B,mrac.roll.theta_4,0.042165004
10.2525,B,mrac.roll.theta_5,0.14126565
10.2525,B,mrac.roll.u_nom,0.015115679
10.2525,B,mrac.roll.xm,0.024858089
10.2525,B,mrac.yaw.theta_0,0.080834456
10.2525,B,mrac.yaw.theta_1,0.0035228825
10.2525,B,mrac.yaw.theta_2,0.0002993115
10.2525,B,mrac.yaw.theta_3,0
10.2525,B,mrac.yaw.theta_4,0.067928374
10.2525,B,mrac.yaw.theta_5,0.089234851
10.2525,B,mrac.yaw.u_nom,-0.0051130769
10.2525,B,mrac.yaw.xm,1.8297256e-05
10.2525,B,mrac.z.theta_0,0
10.2525,B,mrac.z.theta_1,0
10.2525,B,mrac.z.theta_2,0
10.2525,B,mrac.z.theta_3,0
10.2525,B,mrac.z.theta_4,0
10.2525,B,mrac.z.theta_5,0
10.2525,B,mrac.z.u_nom,0
10.2525,B,mrac.z.xm,0
10.2525,B,path.active_path_mode,0
10.2525,B,path.circle_theta,0
10.2525,B,path.sinusoid_t_elapsed,0
10.2525,B,path.twc_arrived,0
10.2525,B,path.twc_target_x,0
10.2525,B,path.twc_target_y,0
10.2525,B,path.twc_target_z,0
10.2525,B,pid.gyrox.Des,1.424263
10.2525,B,pid.gyrox.FB,0.11147977
10.2525,B,pid.gyrox.U,17.685345
10.2525,B,pid.gyroy.Des,-3.2730806
10.2525,B,pid.gyroy.FB,0.25128371
10.2525,B,pid.gyroy.U,-18.173189
10.2525,B,pid.gyroz.Des,0.0010483551
10.2525,B,pid.gyroz.FB,1.1924425
10.2525,B,pid.gyroz.U,-9.5716801
10.2525,B,pid.locx.Des,0
10.2525,B,pid.locx.FB,0
10.2525,B,pid.locx.U,-2
10.2525,B,pid.locxs.Des,-2
10.2525,B,pid.locxs.FB,0
10.2525,B,pid.locxs.U,-6
10.2525,B,pid.locy.Des,-0
10.2525,B,pid.locy.FB,-0
10.2525,B,pid.locy.U,-2
10.2525,B,pid.locys.Des,-2
10.2525,B,pid.locys.FB,0
10.2525,B,pid.locys.U,-6
10.2525,B,pid.pitch.Des,0.016581142
10.2525,B,pid.pitch.FB,1.0707773
10.2525,B,pid.pitch.U,-3.2730806
10.2525,B,pid.roll.Des,-0.014120501
10.2525,B,pid.roll.FB,-0.4866145
10.2525,B,pid.roll.U,1.424263
10.2525,B,pid.yaw.Des,-5.5019646
10.2525,B,pid.yaw.FB,-5.5019646
10.2525,B,pid.yaw.U,0.0010483551
10.2525,B,pid.z_pos.Des,0
10.2525,B,pid.z_pos.FB,0
10.2525,B,pid.z_pos.U,0
10.2525,B,pid.z_rate.Des,0
10.2525,B,pid.z_rate.FB,0
10.2525,B,pid.z_rate.U,0
10.2525,B,status.vbat,16.188305
10.4697,A,mrac.pitch.e,0.078606084
10.4697,A,mrac.pitch.u_ad,-0.15811113
10.4697,A,mrac.roll.e,-0.036852226
10.4697,A,mrac.roll.u_ad,0.15219764
10.4697,A,mrac.yaw.e,0.0038992213
10.4697,A,mrac.yaw.u_ad,0.080764197
10.4697,A,mrac.z.e,0
10.4697,A,mrac.z.u_ad,0
10.4697,A,status.arm,0
10.4697,A,status.estimator_ready,1
10.4697,A,status.flymode,1
10.4697,A,status.of_hold,0
10.4697,A,status.rc_authority,0
10.4697,A,status.sbus_lost,0
10.4697,A,status.twc_arrived,0
10.4697,A,status.twc_execute,0
10.4698,B,mrac.pitch.theta_0,-0.14825958
10.4698,B,mrac.pitch.theta_1,0.0054401425
10.4698,B,mrac.pitch.theta_2,4.0664528e-08
10.4698,B,mrac.pitch.theta_3,9.80724e-05
10.4698,B,mrac.pitch.theta_4,0.053554241
10.4698,B,mrac.pitch.theta_5,0.14346598
10.4698,B,mrac.pitch.u_nom,-0.020049842
10.4698,B,mrac.pitch.xm,-0.059668288
10.4698,B,mrac.roll.theta_0,0.14805537
10.4698,B,mrac.roll.theta_1,0.0049398108
10.4698,B,mrac.roll.theta_2,0.00020154307
10.4698,B,mrac.roll.theta_3,8.963186e-05
10.4698,B,mrac.roll.theta_4,0.042165171
10.4698,B,mrac.roll.theta_5,0.14126405
10.4698,B,mrac.roll.u_nom,0.0012719737
10.4698,B,mrac.roll.xm,0.025503566
10.4698,B,mrac.yaw.theta_0,0.080834456
10.4698,B,mrac.yaw.theta_1,0.0035228825
10.4698,B,mrac.yaw.theta_2,0.0002993115
10.4698,B,mrac.yaw.theta_3,0
10.4698,B,mrac.yaw.theta_4,0.067928374
10.4698,B,mrac.yaw.theta_5,0.089234851
10.4698,B,mrac.yaw.u_nom,0.00501581
10.4698,B,mrac.yaw.xm,0.00020081742
10.4698,B,mrac.z.theta_0,0
10.4698,B,mrac.z.theta_1,0
10.4698,B,mrac.z.theta_2,0
10.4698,B,mrac.z.theta_3,0
10.4698,B,mrac.z.theta_4,0
10.4698,B,mrac.z.theta_5,0
10.4698,B,mrac.z.u_nom,0
10.4698,B,mrac.z.xm,0
10.4698,B,path.active_path_mode,0
10.4698,B,path.circle_theta,0
10.4698,B,path.sinusoid_t_elapsed,0
10.4698,B,path.twc_arrived,0
10.4698,B,path.twc_target_x,0
10.4698,B,path.twc_target_y,0
10.4698,B,path.twc_target_z,0
10.4698,B,pid.gyrox.Des,1.4593154
10.4698,B,pid.gyrox.FB,0.15362827
10.4698,B,pid.gyrox.U,8.0946665
10.4698,B,pid.gyroy.Des,-3.4526219
10.4698,B,pid.gyroy.FB,0.8887127
10.4698,B,pid.gyroy.U,-29.958397
10.4698,B,pid.gyroz.Des,0.011505986
10.4698,B,pid.gyroz.FB,1.1627593
10.4698,B,pid.gyroz.U,-9.2576532
10.4698,B,pid.locx.Des,0
10.4698,B,pid.locx.FB,0
10.4698,B,pid.locx.U,-2
10.4698,B,pid.locxs.Des,-2
10.4698,B,pid.locxs.FB,0
10.4698,B,pid.locxs.U,-6
10.4698,B,pid.locy.Des,-0
10.4698,B,pid.locy.FB,-0
10.4698,B,pid.locy.U,-2
10.4698,B,pid.locys.Des,-2
10.4698,B,pid.locys.FB,0
10.4698,B,pid.locys.U,-6
10.4698,B,pid.pitch.Des,0.016581178
10.4698,B,pid.pitch.FB,1.1246543
10.4698,B,pid.pitch.U,-3.4526219
10.4698,B,pid.roll.Des,0.0012291512
10.4698,B,pid.roll.FB,-0.47185642
10.4698,B,pid.roll.U,1.4593154
10.4698,B,pid.yaw.Des,-5.51086
10.4698,B,pid.yaw.FB,-5.51086
10.4698,B,pid.yaw.U,0.011505986
10.4698,B,pid.z_pos.Des,0
10.4698,B,pid.z_pos.FB,0
10.4698,B,pid.z_pos.U,0
10.4698,B,pid.z_rate.Des,0
10.4698,B,pid.z_rate.FB,0
10.4698,B,pid.z_rate.U,0
10.4698,B,status.vbat,16.188305
10.6701,A,mrac.pitch.e,0.069642216
10.6701,A,mrac.pitch.u_ad,-0.15797724
10.6701,A,mrac.roll.e,-0.041802421
10.6701,A,mrac.roll.u_ad,0.15236361
10.6701,A,mrac.yaw.e,0.0084705921
10.6701,A,mrac.yaw.u_ad,0.081071146
10.6701,A,mrac.z.e,0
10.6701,A,mrac.z.u_ad,0
10.6701,A,status.arm,0
10.6701,A,status.estimator_ready,1
10.6701,A,status.flymode,1
10.6701,A,status.of_hold,0
10.6701,A,status.rc_authority,0
10.6701,A,status.sbus_lost,0
10.6701,A,status.twc_arrived,0
10.6701,A,status.twc_execute,0
10.6702,B,mrac.pitch.theta_0,-0.14828061
10.6702,B,mrac.pitch.theta_1,0.0054280725
10.6702,B,mrac.pitch.theta_2,4.065847e-08
10.6702,B,mrac.pitch.theta_3,9.8128548e-05
10.6702,B,mrac.pitch.theta_4,0.053555232
10.6702,B,mrac.pitch.theta_5,0.1434381
10.6702,B,mrac.pitch.u_nom,-0.01243222
10.6702,B,mrac.pitch.xm,-0.063739717
10.6702,B,mrac.roll.theta_0,0.14806493
10.6702,B,mrac.roll.theta_1,0.004933184
10.6702,B,mrac.roll.theta_2,0.0002016549
10.6702,B,mrac.roll.theta_3,8.9634617e-05
10.6702,B,mrac.roll.theta_4,0.04216617
10.6702,B,mrac.roll.theta_5,0.14125605
10.6702,B,mrac.roll.u_nom,0.010689155
10.6702,B,mrac.roll.xm,0.02878321
10.6702,B,mrac.yaw.theta_0,0.081022732
10.6702,B,mrac.yaw.theta_1,0.0035210119
10.6702,B,mrac.yaw.theta_2,0.00029943301
10.6702,B,mrac.yaw.theta_3,0
10.6702,B,mrac.yaw.theta_4,0.067928202
10.6702,B,mrac.yaw.theta_5,0.089233607
10.6702,B,mrac.yaw.u_nom,0.0031872743
10.6702,B,mrac.yaw.xm,0.00033100942
10.6702,B,mrac.z.theta_0,0
10.6702,B,mrac.z.theta_1,0
10.6702,B,mrac.z.theta_2,0
10.6702,B,mrac.z.theta_3,0
10.6702,B,mrac.z.theta_4,0
10.6702,B,mrac.z.theta_5,0
10.6702,B,mrac.z.u_nom,0
10.6702,B,mrac.z.xm,0
10.6702,B,path.active_path_mode,0
10.6702,B,path.circle_theta,0
10.6702,B,path.sinusoid_t_elapsed,0
10.6702,B,path.twc_arrived,0
10.6702,B,path.twc_target_x,0
10.6702,B,path.twc_target_y,0
10.6702,B,path.twc_target_z,0
10.6702,B,pid.gyrox.Des,1.6210606
10.6702,B,pid.gyrox.FB,0.74336576
10.6702,B,pid.gyrox.U,-8.7670326
10.6702,B,pid.gyroy.Des,-3.6061504
10.6702,B,pid.gyroy.FB,-0.84022695
10.6702,B,pid.gyroy.U,-0.81655025
10.6702,B,pid.gyroz.Des,0.018965434
10.6702,B,pid.gyroz.FB,-0.72666633
10.6702,B,pid.gyroz.U,5.9665775
10.6702,B,pid.locx.Des,0
10.6702,B,pid.locx.FB,0
10.6702,B,pid.locx.U,-2
10.6702,B,pid.locxs.Des,-2
10.6702,B,pid.locxs.FB,0
10.6702,B,pid.locxs.U,-6
10.6702,B,pid.locy.Des,-0
10.6702,B,pid.locy.FB,-0
10.6702,B,pid.locy.U,-2
10.6702,B,pid.locys.Des,-2
10.6702,B,pid.locys.FB,0
10.6702,B,pid.locys.U,-6
10.6702,B,pid.pitch.Des,-0.01412238
10.6702,B,pid.pitch.FB,1.149802
10.6702,B,pid.pitch.U,-3.6061504
10.6702,B,pid.roll.Des,0.0012291402
10.6702,B,pid.roll.FB,-0.52131522
10.6702,B,pid.roll.U,1.6210606
10.6702,B,pid.yaw.Des,-5.6118016
10.6702,B,pid.yaw.FB,-5.6118016
10.6702,B,pid.yaw.U,0.018965434
10.6702,B,pid.z_pos.Des,0
10.6702,B,pid.z_pos.FB,0
10.6702,B,pid.z_pos.U,0
10.6702,B,pid.z_rate.Des,0
10.6702,B,pid.z_rate.FB,0
10.6702,B,pid.z_rate.U,0
10.6702,B,status.vbat,16.188305
10.8707,A,mrac.pitch.e,0.07216081
10.8707,A,mrac.pitch.u_ad,-0.1579935
10.8707,A,mrac.roll.e,-0.045773558
10.8707,A,mrac.roll.u_ad,0.15283595
10.8707,A,mrac.yaw.e,0.044152673
10.8707,A,mrac.yaw.u_ad,0.081221744
10.8707,A,mrac.z.e,0
10.8707,A,mrac.z.u_ad,0
10.8707,A,status.arm,0
10.8707,A,status.estimator_ready,1
10.8707,A,status.flymode,1
10.8707,A,status.of_hold,0
10.8707,A,status.rc_authority,0
10.8707,A,status.sbus_lost,0
10.8707,A,status.twc_arrived,0
10.8707,A,status.twc_execute,0
10.8709,B,mrac.pitch.theta_0,-0.14826608
10.8709,B,mrac.pitch.theta_1,0.0054239691
10.8709,B,mrac.pitch.theta_2,4.0654847e-08
10.8709,B,mrac.pitch.theta_3,9.8162061e-05
10.8709,B,mrac.pitch.theta_4,0.05355411
10.8709,B,mrac.pitch.theta_5,0.14341977
10.8709,B,mrac.pitch.u_nom,0.0083373683
10.8709,B,mrac.pitch.xm,-0.055103838
10.8709,B,mrac.roll.theta_0,0.14806467
10.8709,B,mrac.roll.theta_1,0.0049276892
10.8709,B,mrac.roll.theta_2,0.00020172723
10.8709,B,mrac.roll.theta_3,8.9648318e-05
10.8709,B,mrac.roll.theta_4,0.042166732
10.8709,B,mrac.roll.theta_5,0.14124745
10.8709,B,mrac.roll.u_nom,-0.010622066
10.8709,B,mrac.roll.xm,0.030579787
10.8709,B,mrac.yaw.theta_0,0.08128757
10.8709,B,mrac.yaw.theta_1,0.0035189816
10.8709,B,mrac.yaw.theta_2,0.00029952364
10.8709,B,mrac.yaw.theta_3,0
10.8709,B,mrac.yaw.theta_4,0.067927279
10.8709,B,mrac.yaw.theta_5,0.089231297
10.8709,B,mrac.yaw.u_nom,0.0054000732
10.8709,B,mrac.yaw.xm,0.0012364723
10.8709,B,mrac.z.theta_0,0
10.8709,B,mrac.z.theta_1,0
10.8709,B,mrac.z.theta_2,0
10.8709,B,mrac.z.theta_3,0
10.8709,B,mrac.z.theta_4,0
10.8709,B,mrac.z.theta_5,0
10.8709,B,mrac.z.u_nom,0
10.8709,B,mrac.z.xm,0
10.8709,B,path.active_path_mode,0
10.8709,B,path.circle_theta,0
10.8709,B,path.sinusoid_t_elapsed,0
10.8709,B,path.twc_arrived,0
10.8709,B,path.twc_target_x,0
10.8709,B,path.twc_target_y,0
10.8709,B,path.twc_target_z,0
10.8709,B,pid.gyrox.Des,1.752092
10.8709,B,pid.gyrox.FB,2.0689404
10.8709,B,pid.gyrox.U,-12.427816
10.8709,B,pid.gyroy.Des,-3.1572161
10.8709,B,pid.gyroy.FB,-2.3324289
10.8709,B,pid.gyroy.U,9.7547207
10.8709,B,pid.gyroz.Des,0.070844613
10.8709,B,pid.gyroz.FB,-1.1982131
10.8709,B,pid.gyroz.U,10.108937
10.8709,B,pid.locx.Des,0
10.8709,B,pid.locx.FB,0
10.8709,B,pid.locx.U,-2
10.8709,B,pid.locxs.Des,-2
10.8709,B,pid.locxs.FB,0
10.8709,B,pid.locxs.U,-6
10.8709,B,pid.locy.Des,-0
10.8709,B,pid.locy.FB,-0
10.8709,B,pid.locy.U,-2
10.8709,B,pid.locys.Des,-2
10.8709,B,pid.locys.FB,0
10.8709,B,pid.locys.U,-6
10.8709,B,pid.pitch.Des,0.016580872
10.8709,B,pid.pitch.FB,1.1381369
10.8709,B,pid.pitch.U,-3.1572161
10.8709,B,pid.roll.Des,0.0012291453
10.8709,B,pid.roll.FB,-0.58611411
10.8709,B,pid.roll.U,1.752092
10.8709,B,pid.yaw.Des,-5.7004604
10.8709,B,pid.yaw.FB,-5.7004604
10.8709,B,pid.yaw.U,0.070844613
10.8709,B,pid.z_pos.Des,0
10.8709,B,pid.z_pos.FB,0
10.8709,B,pid.z_pos.U,0
10.8709,B,pid.z_rate.Des,0
10.8709,B,pid.z_rate.FB,0
10.8709,B,pid.z_rate.U,0
10.8709,B,status.vbat,16.188305
11.0885,A,mrac.pitch.e,0.052699696
11.0885,A,mrac.pitch.u_ad,-0.15880042
11.0885,A,mrac.roll.e,-0.12250902
11.0885,A,mrac.roll.u_ad,0.15364441
11.0885,A,mrac.yaw.e,-0.017171843
11.0885,A,mrac.yaw.u_ad,0.081146978
11.0885,A,mrac.z.e,0
11.0885,A,mrac.z.u_ad,0
11.0885,A,status.arm,0
11.0885,A,status.estimator_ready,1
11.0885,A,status.flymode,1
11.0885,A,status.of_hold,0
11.0885,A,status.rc_authority,0
11.0885,A,status.sbus_lost,0
11.0885,A,status.twc_arrived,0
11.0885,A,status.twc_execute,0
11.0887,B,mrac.pitch.theta_0,-0.14831156
11.0887,B,mrac.pitch.theta_1,0.0054041212
11.0887,B,mrac.pitch.theta_2,4.0645354e-08
11.0887,B,mrac.pitch.theta_3,9.8254764e-05
11.0887,B,mrac.pitch.theta_4,0.05355728
11.0887,B,mrac.pitch.theta_5,0.14338802
11.0887,B,mrac.pitch.u_nom,-0.017593192
11.0887,B,mrac.pitch.xm,-0.069437414
11.0887,B,mrac.roll.theta_0,0.14807884
11.0887,B,mrac.roll.theta_1,0.0049184933
11.0887,B,mrac.roll.theta_2,0.00020187633
11.0887,B,mrac.roll.theta_3,8.9669375e-05
11.0887,B,mrac.roll.theta_4,0.042169273
11.0887,B,mrac.roll.theta_5,0.14123575
11.0887,B,mrac.roll.u_nom,0.029445127
11.0887,B,mrac.roll.xm,0.032723702
11.0887,B,mrac.yaw.theta_0,0.080993719
11.0887,B,mrac.yaw.theta_1,0.0035180007
11.0887,B,mrac.yaw.theta_2,0.00029951718
11.0887,B,mrac.yaw.theta_3,0
11.0887,B,mrac.yaw.theta_4,0.067926802
11.0887,B,mrac.yaw.theta_5,0.08923015
11.0887,B,mrac.yaw.u_nom,0.0034047423
11.0887,B,mrac.yaw.xm,-0.00056701386
11.0887,B,mrac.z.theta_0,0
11.0887,B,mrac.z.theta_1,0
11.0887,B,mrac.z.theta_2,0
11.0887,B,mrac.z.theta_3,0
11.0887,B,mrac.z.theta_4,0
11.0887,B,mrac.z.theta_5,0
11.0887,B,mrac.z.u_nom,0
11.0887,B,mrac.z.xm,0
11.0887,B,path.active_path_mode,0
11.0887,B,path.circle_theta,0
11.0887,B,path.sinusoid_t_elapsed,0
11.0887,B,path.twc_arrived,0
11.0887,B,path.twc_target_x,0
11.0887,B,path.twc_target_y,0
11.0887,B,path.twc_target_z,0
11.0887,B,pid.gyrox.Des,1.8749292
11.0887,B,pid.gyrox.FB,-1.3805996
11.0887,B,pid.gyrox.U,34.450798
11.0887,B,pid.gyroy.Des,-3.9784691
11.0887,B,pid.gyroy.FB,2.0346656
11.0887,B,pid.gyroy.U,-20.584034
11.0887,B,pid.gyroz.Des,-0.032487489
11.0887,B,pid.gyroz.FB,-0.82088315
11.0887,B,pid.gyroz.U,6.3736777
11.0887,B,pid.locx.Des,0
11.0887,B,pid.locx.FB,0
11.0887,B,pid.locx.U,-2
11.0887,B,pid.locxs.Des,-2
11.0887,B,pid.locxs.FB,0
11.0887,B,pid.locxs.U,-6
11.0887,B,pid.locy.Des,-0
11.0887,B,pid.locy.FB,-0
11.0887,B,pid.locy.U,-2
11.0887,B,pid.locys.Des,-2
11.0887,B,pid.locys.FB,0
11.0887,B,pid.locys.U,-6
11.0887,B,pid.pitch.Des,0.016580833
11.0887,B,pid.pitch.FB,1.2666119
11.0887,B,pid.pitch.U,-3.9784691
11.0887,B,pid.roll.Des,0.0012290875
11.0887,B,pid.roll.FB,-0.59931213
11.0887,B,pid.roll.U,1.8749292
11.0887,B,pid.yaw.Des,-5.6475463
11.0887,B,pid.yaw.FB,-5.6475463
11.0887,B,pid.yaw.U,-0.032487489
11.0887,B,pid.z_pos.Des,0
11.0887,B,pid.z_pos.FB,0
11.0887,B,pid.z_pos.U,0
11.0887,B,pid.z_rate.Des,0
11.0887,B,pid.z_rate.FB,0
11.0887,B,pid.z_rate.U,0
11.0887,B,status.vbat,16.188305
11.3036,A,mrac.pitch.e,0.076879762
11.3036,A,mrac.pitch.u_ad,-0.15888587
11.3036,A,mrac.roll.e,-0.049153853
11.3036,A,mrac.roll.u_ad,0.15424545
11.3036,A,mrac.yaw.e,0.0074139955
11.3036,A,mrac.yaw.u_ad,0.081103869
11.3036,A,mrac.z.e,0
11.3036,A,mrac.z.u_ad,0
11.3036,A,status.arm,0
11.3036,A,status.estimator_ready,1
11.3036,A,status.flymode,1
11.3036,A,status.of_hold,0
11.3036,A,status.rc_authority,0
11.3036,A,status.sbus_lost,0
11.3036,A,status.twc_arrived,0
11.3036,A,status.twc_execute,0
11.3036,B,mrac.pitch.theta_0,-0.14829981
11.3036,B,mrac.pitch.theta_1,0.0054011559
11.3036,B,mrac.pitch.theta_2,4.0641041e-08
11.3036,B,mrac.pitch.theta_3,9.8295546e-05
11.3036,B,mrac.pitch.theta_4,0.053556465
11.3036,B,mrac.pitch.theta_5,0.14336804
11.3036,B,mrac.pitch.u_nom,-0.024544287
11.3036,B,mrac.pitch.xm,-0.06716726
11.3036,B,mrac.roll.theta_0,0.14811455
11.3036,B,mrac.roll.theta_1,0.0049039107
11.3036,B,mrac.roll.theta_2,0.00020223334
11.3036,B,mrac.roll.theta_3,8.9706329e-05
11.3036,B,mrac.roll.theta_4,0.042171687
11.3036,B,mrac.roll.theta_5,0.14122134
11.3036,B,mrac.roll.u_nom,-0.012766866
11.3036,B,mrac.roll.xm,0.039916504
11.3036,B,mrac.yaw.theta_0,0.080993719
11.3036,B,mrac.yaw.theta_1,0.0035180007
11.3036,B,mrac.yaw.theta_2,0.00029951718
11.3036,B,mrac.yaw.theta_3,0
11.3036,B,mrac.yaw.theta_4,0.067926802
11.3036,B,mrac.yaw.theta_5,0.08923015
11.3036,B,mrac.yaw.u_nom,7.4670868e-05
11.3036,B,mrac.yaw.xm,-4.2576306e-05
11.3036,B,mrac.z.theta_0,0
11.3036,B,mrac.z.theta_1,0
11.3036,B,mrac.z.theta_2,0
11.3036,B,mrac.z.theta_3,0
11.3036,B,mrac.z.theta_4,0
11.3036,B,mrac.z.theta_5,0
11.3036,B,mrac.z.u_nom,0
11.3036,B,mrac.z.xm,0
11.3036,B,path.active_path_mode,0
11.3036,B,path.circle_theta,0
11.3036,B,path.sinusoid_t_elapsed,0
11.3036,B,path.twc_arrived,0
11.3036,B,path.twc_target_x,0
11.3036,B,path.twc_target_y,0
11.3036,B,path.twc_target_z,0
11.3036,B,pid.gyrox.Des,2.2870462
11.3036,B,pid.gyrox.FB,1.9203099
11.3036,B,pid.gyrox.U,-14.937233
11.3036,B,pid.gyroy.Des,-3.8483989
11.3036,B,pid.gyroy.FB,0.38005891
11.3036,B,pid.gyroy.U,-28.716816
11.3036,B,pid.gyroz.Des,-0.0024394416
11.3036,B,pid.gyroz.FB,-0.020098114
11.3036,B,pid.gyroz.U,0.13978386
11.3036,B,pid.locx.Des,0
11.3036,B,pid.locx.FB,0
11.3036,B,pid.locx.U,-2
11.3036,B,pid.locxs.Des,-2
11.3036,B,pid.locxs.FB,0
11.3036,B,pid.locxs.U,-6
11.3036,B,pid.locy.Des,-0
11.3036,B,pid.locy.FB,-0
11.3036,B,pid.locy.U,-2
11.3036,B,pid.locys.Des,-2
11.3036,B,pid.locys.FB,0
11.3036,B,pid.locys.U,-6
11.3036,B,pid.pitch.Des,0.016580326
11.3036,B,pid.pitch.FB,1.254886
11.3036,B,pid.pitch.U,-3.8483989
11.3036,B,pid.roll.Des,0.0012290929
11.3036,B,pid.roll.FB,-0.74835193
11.3036,B,pid.roll.U,2.2870462
11.3036,B,pid.yaw.Des,-5.645081
11.3036,B,pid.yaw.FB,-5.645081
11.3036,B,pid.yaw.U,-0.0024394416
11.3036,B,pid.z_pos.Des,0
11.3036,B,pid.z_pos.FB,0
11.3036,B,pid.z_pos.U,0
11.3036,B,pid.z_rate.Des,0
11.3036,B,pid.z_rate.FB,0
11.3036,B,pid.z_rate.U,0
11.3036,B,status.vbat,16.188305
11.5200,A,mrac.pitch.e,0.084234253
11.5200,A,mrac.pitch.u_ad,-0.15896325
11.5200,A,mrac.roll.e,-0.066287681
11.5200,A,mrac.roll.u_ad,0.15415461
11.5200,A,mrac.yaw.e,0.041595832
11.5200,A,mrac.yaw.u_ad,0.080987602
11.5200,A,mrac.z.e,0
11.5200,A,mrac.z.u_ad,0
11.5200,A,status.arm,0
11.5200,A,status.estimator_ready,1
11.5200,A,status.flymode,1
11.5200,A,status.of_hold,0
11.5200,A,status.rc_authority,0
11.5200,A,status.sbus_lost,0
11.5200,A,status.twc_arrived,0
11.5200,A,status.twc_execute,0
11.5200,B,mrac.pitch.theta_0,-0.14831869
11.5200,B,mrac.pitch.theta_1,0.0053904555
11.5200,B,mrac.pitch.theta_2,4.063358e-08
11.5200,B,mrac.pitch.theta_3,9.8351411e-05
11.5200,B,mrac.pitch.theta_4,0.053557515
11.5200,B,mrac.pitch.theta_5,0.14333627
11.5200,B,mrac.pitch.u_nom,-0.028362026
11.5200,B,mrac.pitch.xm,-0.068212584
11.5200,B,mrac.roll.theta_0,0.14811231
11.5200,B,mrac.roll.theta_1,0.0048955707
11.5200,B,mrac.roll.theta_2,0.00020231765
11.5200,B,mrac.roll.theta_3,8.9745452e-05
11.5200,B,mrac.roll.theta_4,0.042172607
11.5200,B,mrac.roll.theta_5,0.14120585
11.5200,B,mrac.roll.u_nom,0.027636014
11.5200,B,mrac.roll.xm,0.03960773
11.5200,B,mrac.yaw.theta_0,0.081055611
11.5200,B,mrac.yaw.theta_1,0.0035175637
11.5200,B,mrac.yaw.theta_2,0.00029953491
11.5200,B,mrac.yaw.theta_3,0
11.5200,B,mrac.yaw.theta_4,0.067926548
11.5200,B,mrac.yaw.theta_5,0.089229584
11.5200,B,mrac.yaw.u_nom,0.00045291643
11.5200,B,mrac.yaw.xm,0.00060551858
11.5200,B,mrac.z.theta_0,0
11.5200,B,mrac.z.theta_1,0
11.5200,B,mrac.z.theta_2,0
11.5200,B,mrac.z.theta_3,0
11.5200,B,mrac.z.theta_4,0
11.5200,B,mrac.z.theta_5,0
11.5200,B,mrac.z.u_nom,0
11.5200,B,mrac.z.xm,0
11.5200,B,path.active_path_mode,0
11.5200,B,path.circle_theta,0
11.5200,B,path.sinusoid_t_elapsed,0
11.5200,B,path.twc_arrived,0
11.5200,B,path.twc_target_x,0
11.5200,B,path.twc_target_y,0
11.5200,B,path.twc_target_z,0
11.5200,B,pid.gyrox.Des,2.2693548
11.5200,B,pid.gyrox.FB,-1.1088883
11.5200,B,pid.gyrox.U,32.334137
11.5200,B,pid.gyroy.Des,-3.9082916
11.5200,B,pid.gyroy.FB,0.52806377
11.5200,B,pid.gyroy.U,-33.183571
11.5200,B,pid.gyroz.Des,0.034693643
11.5200,B,pid.gyroz.FB,-0.075930871
11.5200,B,pid.gyroz.U,0.84785956
11.5200,B,pid.locx.Des,0
11.5200,B,pid.locx.FB,0
11.5200,B,pid.locx.U,-2
11.5200,B,pid.locxs.Des,-2
11.5200,B,pid.locxs.FB,0
11.5200,B,pid.locxs.U,-6
11.5200,B,pid.locy.Des,-0
11.5200,B,pid.locy.FB,-0
11.5200,B,pid.locy.U,-2
11.5200,B,pid.locys.Des,-2
11.5200,B,pid.locys.FB,0
11.5200,B,pid.locys.U,-6
11.5200,B,pid.pitch.Des,0.016580416
11.5200,B,pid.pitch.FB,1.2745881
11.5200,B,pid.pitch.U,-3.9082916
11.5200,B,pid.roll.Des,0.0012290836
11.5200,B,pid.roll.FB,-0.72415054
11.5200,B,pid.roll.U,2.2693548
11.5200,B,pid.yaw.Des,-5.6652498
11.5200,B,pid.yaw.FB,-5.6652498
11.5200,B,pid.yaw.U,0.034693643
11.5200,B,pid.z_pos.Des,0
11.5200,B,pid.z_pos.FB,0
11.5200,B,pid.z_pos.U,0
11.5200,B,pid.z_rate.Des,0
11.5200,B,pid.z_rate.FB,0
11.5200,B,pid.z_rate.U,0
11.5200,B,status.vbat,16.188305
11.7212,A,mrac.pitch.e,0.036746904
11.7212,A,mrac.pitch.u_ad,-0.15919949
11.7212,A,mrac.roll.e,-0.055997692
11.7212,A,mrac.roll.u_ad,0.1545186
11.7212,A,mrac.yaw.e,0.0050327517
11.7212,A,mrac.yaw.u_ad,0.081022695
11.7212,A,mrac.z.e,0
11.7212,A,mrac.z.u_ad,0
11.7212,A,status.arm,0
11.7212,A,status.estimator_ready,1
11.7212,A,status.flymode,1
11.7212,A,status.of_hold,0
11.7212,A,status.rc_authority,0
11.7212,A,status.sbus_lost,0
11.7212,A,status.twc_arrived,0
11.7212,A,status.twc_execute,0
11.7213,B,mrac.pitch.theta_0,-0.14834224
11.7213,B,mrac.pitch.theta_1,0.0053807693
11.7213,B,mrac.pitch.theta_2,4.0628528e-08
11.7213,B,mrac.pitch.theta_3,9.8365963e-05
11.7213,B,mrac.pitch.theta_4,0.053559642
11.7213,B,mrac.pitch.theta_5,0.14331736
11.7213,B,mrac.pitch.u_nom,-0.0070569925
11.7213,B,mrac.pitch.xm,-0.070742205
11.7213,B,mrac.roll.theta_0,0.14813632
11.7213,B,mrac.roll.theta_1,0.0048873695
11.7213,B,mrac.roll.theta_2,0.0002024883
11.7213,B,mrac.roll.theta_3,8.9754663e-05
11.7213,B,mrac.roll.theta_4,0.042174447
11.7213,B,mrac.roll.theta_5,0.1411977
11.7213,B,mrac.roll.u_nom,0.0057225903
11.7213,B,mrac.roll.xm,0.040110659
11.7213,B,mrac.yaw.theta_0,0.080921106
11.7213,B,mrac.yaw.theta_1,0.0035171567
11.7213,B,mrac.yaw.theta_2,0.00029953232
11.7213,B,mrac.yaw.theta_3,0
11.7213,B,mrac.yaw.theta_4,0.067926288
11.7213,B,mrac.yaw.theta_5,0.089229025
11.7213,B,mrac.yaw.u_nom,-0.0048547662
11.7213,B,mrac.yaw.xm,-0.00092974189
11.7213,B,mrac.z.theta_0,0
11.7213,B,mrac.z.theta_1,0
11.7213,B,mrac.z.theta_2,0
11.7213,B,mrac.z.theta_3,0
11.7213,B,mrac.z.theta_4,0
11.7213,B,mrac.z.theta_5,0
11.7213,B,mrac.z.u_nom,0
11.7213,B,mrac.z.xm,0
11.7213,B,path.active_path_mode,0
11.7213,B,path.circle_theta,0
11.7213,B,path.sinusoid_t_elapsed,0
11.7213,B,path.twc_arrived,0
11.7213,B,path.twc_target_x,0
11.7213,B,path.twc_target_y,0
11.7213,B,path.twc_target_z,0
11.7213,B,pid.gyrox.Des,2.2981706
11.7213,B,pid.gyrox.FB,1.1901762
11.7213,B,pid.gyrox.U,6.6954308
11.7213,B,pid.gyroy.Des,-4.0532279
11.7213,B,pid.gyroy.FB,0.018840931
11.7213,B,pid.gyroy.U,-8.2566814
11.7213,B,pid.gyroz.Des,-0.053270265
11.7213,B,pid.gyroz.FB,1.0854114
11.7213,B,pid.gyroz.U,-9.0881224
11.7213,B,pid.locx.Des,0
11.7213,B,pid.locx.FB,0
11.7213,B,pid.locx.U,-2
11.7213,B,pid.locxs.Des,-2
11.7213,B,pid.locxs.FB,0
11.7213,B,pid.locxs.U,-6
11.7213,B,pid.locy.Des,-0
11.7213,B,pid.locy.FB,-0
11.7213,B,pid.locy.U,-2
11.7213,B,pid.locys.Des,-2
11.7213,B,pid.locys.FB,0
11.7213,B,pid.locys.U,-6
11.7213,B,pid.pitch.Des,0.016580282
11.7213,B,pid.pitch.FB,1.3149846
11.7213,B,pid.pitch.U,-4.0532279
11.7213,B,pid.roll.Des,0.0012290641
11.7213,B,pid.roll.FB,-0.75946385
11.7213,B,pid.roll.U,2.2981706
11.7213,B,pid.yaw.Des,-5.687861
11.7213,B,pid.yaw.FB,-5.687861
11.7213,B,pid.yaw.U,-0.053270265
11.7213,B,pid.z_pos.Des,0
11.7213,B,pid.z_pos.FB,0
11.7213,B,pid.z_pos.U,0
11.7213,B,pid.z_rate.Des,0
11.7213,B,pid.z_rate.FB,0
11.7213,B,pid.z_rate.U,0
11.7213,B,status.vbat,16.188305
11.9377,A,mrac.pitch.e,0.034886058
11.9377,A,mrac.pitch.u_ad,-0.1589161
11.9377,A,mrac.roll.e,-0.054772194
11.9377,A,mrac.roll.u_ad,0.15533401
11.9377,A,mrac.yaw.e,-0.071358748
11.9377,A,mrac.yaw.u_ad,0.080647901
11.9377,A,mrac.z.e,0
11.9377,A,mrac.z.u_ad,0
11.9377,A,status.arm,0
11.9377,A,status.estimator_ready,1
11.9377,A,status.flymode,1
11.9377,A,status.of_hold,0
11.9377,A,status.rc_authority,0
11.9377,A,status.sbus_lost,0
11.9377,A,status.twc_arrived,0
11.9377,A,status.twc_execute,0
11.9378,B,mrac.pitch.theta_0,-0.14834833
11.9378,B,mrac.pitch.theta_1,0.0053719864
11.9378,B,mrac.pitch.theta_2,4.0622069e-08
11.9378,B,mrac.pitch.theta_3,9.8464698e-05
11.9378,B,mrac.pitch.theta_4,0.053561043
11.9378,B,mrac.pitch.theta_5,0.14328948
11.9378,B,mrac.pitch.u_nom,-0.015737576
11.9378,B,mrac.pitch.xm,-0.069190554
11.9378,B,mrac.roll.theta_0,0.1481545
11.9378,B,mrac.roll.theta_1,0.0048739039
11.9378,B,mrac.roll.theta_2,0.00020264422
11.9378,B,mrac.roll.theta_3,8.9815076e-05
11.9378,B,mrac.roll.theta_4,0.042176042
11.9378,B,mrac.roll.theta_5,0.14117664
11.9378,B,mrac.roll.u_nom,0.014013168
11.9378,B,mrac.roll.xm,0.047606569
11.9378,B,mrac.yaw.theta_0,0.080473877
11.9378,B,mrac.yaw.theta_1,0.0035146135
11.9378,B,mrac.yaw.theta_2,0.00029954332
11.9378,B,mrac.yaw.theta_3,0
11.9378,B,mrac.yaw.theta_4,0.067925535
11.9378,B,mrac.yaw.theta_5,0.089226663
11.9378,B,mrac.yaw.u_nom,-0.017316662
11.9378,B,mrac.yaw.xm,-0.0021612376
11.9378,B,mrac.z.theta_0,0
11.9378,B,mrac.z.theta_1,0
11.9378,B,mrac.z.theta_2,0
11.9378,B,mrac.z.theta_3,0
11.9378,B,mrac.z.theta_4,0
11.9378,B,mrac.z.theta_5,0
11.9378,B,mrac.z.u_nom,0
11.9378,B,mrac.z.xm,0
11.9378,B,path.active_path_mode,0
11.9378,B,path.circle_theta,0
11.9378,B,path.sinusoid_t_elapsed,0
11.9378,B,path.twc_arrived,0
11.9378,B,path.twc_target_x,0
11.9378,B,path.twc_target_y,0
11.9378,B,path.twc_target_z,0
11.9378,B,pid.gyrox.Des,2.7276542
11.9378,B,pid.gyrox.FB,-1.1466341
11.9378,B,pid.gyrox.U,16.395407
11.9378,B,pid.gyroy.Des,-3.9643252
11.9378,B,pid.gyroy.FB,0.087313943
11.9378,B,pid.gyroy.U,-18.412964
11.9378,B,pid.gyroz.Des,-0.12382974
11.9378,B,pid.gyroz.FB,3.927073
11.9378,B,pid.gyroz.U,-32.41679
11.9378,B,pid.locx.Des,0
11.9378,B,pid.locx.FB,0
11.9378,B,pid.locx.U,-2
11.9378,B,pid.locxs.Des,-2
11.9378,B,pid.locxs.FB,0
11.9378,B,pid.locxs.U,-6
11.9378,B,pid.locy.Des,-0
11.9378,B,pid.locy.FB,-0
11.9378,B,pid.locy.U,-2
11.9378,B,pid.locys.Des,-2
11.9378,B,pid.locys.FB,0
11.9378,B,pid.locys.U,-6
11.9378,B,pid.pitch.Des,0.016579859
11.9378,B,pid.pitch.FB,1.2932905
11.9378,B,pid.pitch.U,-3.9643252
11.9378,B,pid.roll.Des,0.0012290748
11.9378,B,pid.roll.FB,-0.86283857
11.9378,B,pid.roll.U,2.7276542
11.9378,B,pid.yaw.Des,-5.7238293
11.9378,B,pid.yaw.FB,-5.7238293
11.9378,B,pid.yaw.U,-0.12382974
11.9378,B,pid.z_pos.Des,0
11.9378,B,pid.z_pos.FB,0
11.9378,B,pid.z_pos.U,0
11.9378,B,pid.z_rate.Des,0
11.9378,B,pid.z_rate.FB,0
11.9378,B,pid.z_rate.U,0
11.9378,B,status.vbat,16.188305
12.1531,A,mrac.pitch.e,0.04808598
12.1531,A,mrac.pitch.u_ad,-0.1581789
12.1531,A,mrac.roll.e,-0.029981477
12.1531,A,mrac.roll.u_ad,0.15459283
12.1531,A,mrac.yaw.e,0.019051347
12.1531,A,mrac.yaw.u_ad,0.080779158
12.1531,A,mrac.z.e,0
12.1531,A,mrac.z.u_ad,0
12.1531,A,status.arm,0
12.1531,A,status.estimator_ready,1
12.1531,A,status.flymode,1
12.1531,A,status.of_hold,0
12.1531,A,status.rc_authority,0
12.1531,A,status.sbus_lost,0
12.1531,A,status.twc_arrived,0
12.1531,A,status.twc_execute,0
12.1531,B,mrac.pitch.theta_0,-0.14834183
12.1531,B,mrac.pitch.theta_1,0.005368032
12.1531,B,mrac.pitch.theta_2,4.0618797e-08
12.1531,B,mrac.pitch.theta_3,9.8475874e-05
12.1531,B,mrac.pitch.theta_4,0.053561307
12.1531,B,mrac.pitch.theta_5,0.14327393
12.1531,B,mrac.pitch.u_nom,0.023759635
12.1531,B,mrac.pitch.xm,-0.06611158
12.1531,B,mrac.roll.theta_0,0.14814997
12.1531,B,mrac.roll.theta_1,0.0048700729
12.1531,B,mrac.roll.theta_2,0.00020267353
12.1531,B,mrac.roll.theta_3,8.9848239e-05
12.1531,B,mrac.roll.theta_4,0.042176824
12.1531,B,mrac.roll.theta_5,0.14116804
12.1531,B,mrac.roll.u_nom,0.003251591
12.1531,B,mrac.roll.xm,0.045304518
12.1531,B,mrac.yaw.theta_0,0.08086098
12.1531,B,mrac.yaw.theta_1,0.0035115655
12.1531,B,mrac.yaw.theta_2,0.00029969731
12.1531,B,mrac.yaw.theta_3,0
12.1531,B,mrac.yaw.theta_4,0.067924552
12.1531,B,mrac.yaw.theta_5,0.089223735
12.1531,B,mrac.yaw.u_nom,0.016895834
12.1531,B,mrac.yaw.xm,0.001747589
12.1531,B,mrac.z.theta_0,0
12.1531,B,mrac.z.theta_1,0
12.1531,B,mrac.z.theta_2,0
12.1531,B,mrac.z.theta_3,0
12.1531,B,mrac.z.theta_4,0
12.1531,B,mrac.z.theta_5,0
12.1531,B,mrac.z.u_nom,0
12.1531,B,mrac.z.xm,0
12.1531,B,path.active_path_mode,0
12.1531,B,path.circle_theta,0
12.1531,B,path.sinusoid_t_elapsed,0
12.1531,B,path.twc_arrived,0
12.1531,B,path.twc_target_x,0
12.1531,B,path.twc_target_y,0
12.1531,B,path.twc_target_z,0
12.1531,B,pid.gyrox.Des,2.5957565
12.1531,B,pid.gyrox.FB,-0.52444333
12.1531,B,pid.gyrox.U,3.8043613
12.1531,B,pid.gyroy.Des,-3.7879128
12.1531,B,pid.gyroy.FB,-2.1510518
12.1531,B,pid.gyroy.U,27.798773
12.1531,B,pid.gyroz.Des,0.10012943
12.1531,B,pid.gyroz.FB,-3.8490312
12.1531,B,pid.gyroz.U,31.629004
12.1531,B,pid.locx.Des,0
12.1531,B,pid.locx.FB,0
12.1531,B,pid.locx.U,-2
12.1531,B,pid.locxs.Des,-2
12.1531,B,pid.locxs.FB,0
12.1531,B,pid.locxs.U,-6
12.1531,B,pid.locy.Des,-0
12.1531,B,pid.locy.FB,-0
12.1531,B,pid.locy.U,-2
12.1531,B,pid.locys.Des,-2
12.1531,B,pid.locys.FB,0
12.1531,B,pid.locys.U,-6
12.1531,B,pid.pitch.Des,0.016580053
12.1531,B,pid.pitch.FB,1.2365152
12.1531,B,pid.pitch.U,-3.7879128
12.1531,B,pid.roll.Des,0.0012291014
12.1531,B,pid.roll.FB,-0.81755257
12.1531,B,pid.roll.U,2.5957565
12.1531,B,pid.yaw.Des,-5.8435669
12.1531,B,pid.yaw.FB,-5.8435669
12.1531,B,pid.yaw.U,0.10012943
12.1531,B,pid.z_pos.Des,0
12.1531,B,pid.z_pos.FB,0
12.1531,B,pid.z_pos.U,0
12.1531,B,pid.z_rate.Des,0
12.1531,B,pid.z_rate.FB,0
12.1531,B,pid.z_rate.U,0
12.1531,B,status.vbat,16.188305
12.3535,A,mrac.pitch.e,0.045792494
12.3535,A,mrac.pitch.u_ad,-0.15789503
12.3535,A,mrac.roll.e,-0.028111015
12.3535,A,mrac.roll.u_ad,0.15415736
12.3535,A,mrac.yaw.e,-0.022760633
12.3535,A,mrac.yaw.u_ad,0.080993824
12.3535,A,mrac.z.e,0
12.3535,A,mrac.z.u_ad,0
12.3535,A,status.arm,0
12.3535,A,status.estimator_ready,1
12.3535,A,status.flymode,1
12.3535,A,status.of_hold,0
12.3535,A,status.rc_authority,0
12.3535,A,status.sbus_lost,0
12.3535,A,status.twc_arrived,0
12.3535,A,status.twc_execute,0
12.3535,B,mrac.pitch.theta_0,-0.14832287
12.3535,B,mrac.pitch.theta_1,0.0053614741
12.3535,B,mrac.pitch.theta_2,4.0613742e-08
12.3535,B,mrac.pitch.theta_3,9.852487e-05
12.3535,B,mrac.pitch.theta_4,0.053561762
12.3535,B,mrac.pitch.theta_5,0.14325027
12.3535,B,mrac.pitch.u_nom,-0.00078298291
12.3535,B,mrac.pitch.xm,-0.063288353
12.3535,B,mrac.roll.theta_0,0.14815196
12.3535,B,mrac.roll.theta_1,0.0048635271
12.3535,B,mrac.roll.theta_2,0.0002027415
12.3535,B,mrac.roll.theta_3,8.9859321e-05
12.3535,B,mrac.roll.theta_4,0.042177711
12.3535,B,mrac.roll.theta_5,0.14115705
12.3535,B,mrac.roll.u_nom,0.0053888974
12.3535,B,mrac.roll.xm,0.039480131
12.3535,B,mrac.yaw.theta_0,0.08076869
12.3535,B,mrac.yaw.theta_1,0.003510518
12.3535,B,mrac.yaw.theta_2,0.00029971433
12.3535,B,mrac.yaw.theta_3,0
12.3535,B,mrac.yaw.theta_4,0.067924105
12.3535,B,mrac.yaw.theta_5,0.08922258
12.3535,B,mrac.yaw.u_nom,0.0027611931
12.3535,B,mrac.yaw.xm,-0.0001715619
12.3535,B,mrac.z.theta_0,0
12.3535,B,mrac.z.theta_1,0
12.3535,B,mrac.z.theta_2,0
12.3535,B,mrac.z.theta_3,0
12.3535,B,mrac.z.theta_4,0
12.3535,B,mrac.z.theta_5,0
12.3535,B,mrac.z.u_nom,0
12.3535,B,mrac.z.xm,0
12.3535,B,path.active_path_mode,0
12.3535,B,path.circle_theta,0
12.3535,B,path.sinusoid_t_elapsed,0
12.3535,B,path.twc_arrived,0
12.3535,B,path.twc_target_x,0
12.3535,B,path.twc_target_y,0
12.3535,B,path.twc_target_z,0
12.3535,B,pid.gyrox.Des,2.262044
12.3535,B,pid.gyrox.FB,1.4038942
12.3535,B,pid.gyrox.U,6.3050098
12.3535,B,pid.gyroy.Des,-3.6261539
12.3535,B,pid.gyroy.FB,-0.78773212
12.3535,B,pid.gyroy.U,-0.91609001
12.3535,B,pid.gyroz.Des,-0.0098297689
12.3535,B,pid.gyroz.FB,-0.65101796
12.3535,B,pid.gyroz.U,5.1689534
12.3535,B,pid.locx.Des,0
12.3535,B,pid.locx.FB,0
12.3535,B,pid.locx.U,-2
12.3535,B,pid.locxs.Des,-2
12.3535,B,pid.locxs.FB,0
12.3535,B,pid.locxs.U,-6
12.3535,B,pid.locy.Des,-0
12.3535,B,pid.locy.FB,-0
12.3535,B,pid.locy.U,-2
12.3535,B,pid.locys.Des,-2
12.3535,B,pid.locys.FB,0
12.3535,B,pid.locys.U,-6
12.3535,B,pid.pitch.Des,-0.014121756
12.3535,B,pid.pitch.FB,1.1584879
12.3535,B,pid.pitch.U,-3.6261539
12.3535,B,pid.roll.Des,0.0012291367
12.3535,B,pid.roll.FB,-0.74967617
12.3535,B,pid.roll.U,2.262044
12.3535,B,pid.yaw.Des,-5.8748431
12.3535,B,pid.yaw.FB,-5.8748431
12.3535,B,pid.yaw.U,-0.0098297689
12.3535,B,pid.z_pos.Des,0
12.3535,B,pid.z_pos.FB,0
12.3535,B,pid.z_pos.U,0
12.3535,B,pid.z_rate.Des,0
12.3535,B,pid.z_rate.FB,0
12.3535,B,pid.z_rate.U,0
12.3535,B,status.vbat,16.188305
12.5555,A,mrac.pitch.e,0.063998178
12.5555,A,mrac.pitch.u_ad,-0.15746707
12.5555,A,mrac.roll.e,-0.055305701
12.5555,A,mrac.roll.u_ad,0.1541719
12.5555,A,mrac.yaw.e,-3.0219045
12.5555,A,mrac.yaw.u_ad,0
12.5555,A,mrac.z.e,0
12.5555,A,mrac.z.u_ad,0
12.5555,A,status.arm,0
12.5555,A,status.estimator_ready,1
12.5555,A,status.flymode,1
12.5555,A,status.of_hold,0
12.5555,A,status.rc_authority,0
12.5555,A,status.sbus_lost,0
12.5555,A,status.twc_arrived,0
12.5555,A,status.twc_execute,0
12.5557,B,mrac.pitch.theta_0,-0.14830102
12.5557,B,mrac.pitch.theta_1,0.0053590476
12.5557,B,mrac.pitch.theta_2,4.0611209e-08
12.5557,B,mrac.pitch.theta_3,9.8547986e-05
12.5557,B,mrac.pitch.theta_4,0.053560831
12.5557,B,mrac.pitch.theta_5,0.14323714
12.5557,B,mrac.pitch.u_nom,-0.00087570125
12.5557,B,mrac.pitch.xm,-0.058715761
12.5557,B,mrac.roll.theta_0,0.14815477
12.5557,B,mrac.roll.theta_1,0.0048599467
12.5557,B,mrac.roll.theta_2,0.00020278791
12.5557,B,mrac.roll.theta_3,8.9863315e-05
12.5557,B,mrac.roll.theta_4,0.042178798
12.5557,B,mrac.roll.theta_5,0.14115183
12.5557,B,mrac.roll.u_nom,-0.0016828313
12.5557,B,mrac.roll.xm,0.039424263
12.5557,B,mrac.yaw.theta_0,0.083099075
12.5557,B,mrac.yaw.theta_1,0.0035150258
12.5557,B,mrac.yaw.theta_2,0.00029974963
12.5557,B,mrac.yaw.theta_3,0
12.5557,B,mrac.yaw.theta_4,0.068006605
12.5557,B,mrac.yaw.theta_5,0.089226812
12.5557,B,mrac.yaw.u_nom,0.18696581
12.5557,B,mrac.yaw.xm,1.6650448
12.5557,B,mrac.z.theta_0,0
12.5557,B,mrac.z.theta_1,0
12.5557,B,mrac.z.theta_2,0
12.5557,B,mrac.z.theta_3,0
12.5557,B,mrac.z.theta_4,0
12.5557,B,mrac.z.theta_5,0
12.5557,B,mrac.z.u_nom,0
12.5557,B,mrac.z.xm,0
12.5557,B,path.active_path_mode,0
12.5557,B,path.circle_theta,0
12.5557,B,path.sinusoid_t_elapsed,0
12.5557,B,path.twc_arrived,0
12.5557,B,path.twc_target_x,0
12.5557,B,path.twc_target_y,0
12.5557,B,path.twc_target_z,0
12.5557,B,pid.gyrox.Des,2.2588429
12.5557,B,pid.gyrox.FB,0.94171339
12.5557,B,pid.gyrox.U,-1.9689126
12.5557,B,pid.gyroy.Des,-3.3641639
12.5557,B,pid.gyroy.FB,-1.7250109
12.5557,B,pid.gyroy.U,-1.0245705
12.5557,B,pid.gyroz.Des,95.400002
12.5557,B,pid.gyroz.FB,-2.3211634
12.5557,B,pid.gyroz.U,350
12.5557,B,pid.locx.Des,0
12.5557,B,pid.locx.FB,0
12.5557,B,pid.locx.U,-2
12.5557,B,pid.locxs.Des,-2
12.5557,B,pid.locxs.FB,0
12.5557,B,pid.locxs.U,-6
12.5557,B,pid.locy.Des,-0
12.5557,B,pid.locy.FB,-0
12.5557,B,pid.locy.U,-2
12.5557,B,pid.locys.Des,-2
12.5557,B,pid.locys.FB,0
12.5557,B,pid.locys.U,-6
12.5557,B,pid.pitch.Des,-0.014121809
12.5557,B,pid.pitch.FB,1.0869498
12.5557,B,pid.pitch.U,-3.3641639
12.5557,B,pid.roll.Des,0.0012291666
12.5557,B,pid.roll.FB,-0.73286474
12.5557,B,pid.roll.U,2.2588429
12.5557,B,pid.yaw.Des,-5.9026461
12.5557,B,pid.yaw.FB,-5.9026461
12.5557,B,pid.yaw.U,0.053592835
12.5557,B,pid.z_pos.Des,0
12.5557,B,pid.z_pos.FB,0
12.5557,B,pid.z_pos.U,0
12.5557,B,pid.z_rate.Des,0
12.5557,B,pid.z_rate.FB,0
12.5557,B,pid.z_rate.U,0
12.5557,B,status.vbat,16.188305
12.7702,A,mrac.pitch.e,0.091468439
12.7702,A,mrac.pitch.u_ad,-0.15811193
12.7702,A,mrac.roll.e,-0.032028846
12.7702,A,mrac.roll.u_ad,0.1545064
12.7702,A,mrac.yaw.e,-3.0174479
12.7702,A,mrac.yaw.u_ad,0
12.7702,A,mrac.z.e,0
12.7702,A,mrac.z.u_ad,0
12.7702,A,status.arm,0
12.7702,A,status.estimator_ready,1
12.7702,A,status.flymode,1
12.7702,A,status.of_hold,0
12.7702,A,status.rc_authority,0
12.7702,A,status.sbus_lost,0
12.7702,A,status.twc_arrived,0
12.7702,A,status.twc_execute,0
12.7702,B,mrac.pitch.theta_0,-0.14829861
12.7702,B,mrac.pitch.theta_1,0.0053466898
12.7702,B,mrac.pitch.theta_2,4.0604974e-08
12.7702,B,mrac.pitch.theta_3,9.8568933e-05
12.7702,B,mrac.pitch.theta_4,0.05356089
12.7702,B,mrac.pitch.theta_5,0.14321291
12.7702,B,mrac.pitch.u_nom,-0.013003292
12.7702,B,mrac.pitch.xm,-0.059689336
12.7702,B,mrac.roll.theta_0,0.14814992
12.7702,B,mrac.roll.theta_1,0.0048496504
12.7702,B,mrac.roll.theta_2,0.00020288891
12.7702,B,mrac.roll.theta_3,8.9860201e-05
12.7702,B,mrac.roll.theta_4,0.042179581
12.7702,B,mrac.roll.theta_5,0.14113337
12.7702,B,mrac.roll.u_nom,0.0063111749
12.7702,B,mrac.roll.xm,0.042822532
12.7702,B,mrac.yaw.theta_0,0.083099075
12.7702,B,mrac.yaw.theta_1,0.0035150258
12.7702,B,mrac.yaw.theta_2,0.00029974963
12.7702,B,mrac.yaw.theta_3,0
12.7702,B,mrac.yaw.theta_4,0.068006605
12.7702,B,mrac.yaw.theta_5,0.089226812
12.7702,B,mrac.yaw.u_nom,0.18696581
12.7702,B,mrac.yaw.xm,3.0368741
12.7702,B,mrac.z.theta_0,0
12.7702,B,mrac.z.theta_1,0
12.7702,B,mrac.z.theta_2,0
12.7702,B,mrac.z.theta_3,0
12.7702,B,mrac.z.theta_4,0
12.7702,B,mrac.z.theta_5,0
12.7702,B,mrac.z.u_nom,0
12.7702,B,mrac.z.xm,0
12.7702,B,path.active_path_mode,0
12.7702,B,path.circle_theta,0
12.7702,B,path.sinusoid_t_elapsed,0
12.7702,B,path.twc_arrived,0
12.7702,B,path.twc_target_x,0
12.7702,B,path.twc_target_y,0
12.7702,B,path.twc_target_z,0
12.7702,B,pid.gyrox.Des,2.4535494
12.7702,B,pid.gyrox.FB,-0.52044225
12.7702,B,pid.gyrox.U,7.3840747
12.7702,B,pid.gyroy.Des,-3.4199455
12.7702,B,pid.gyroy.FB,0.085485384
12.7702,B,pid.gyroy.U,-15.213851
12.7702,B,pid.gyroz.Des,174
12.7702,B,pid.gyroz.FB,-1.1239183
12.7702,B,pid.gyroz.U,350
12.7702,B,pid.locx.Des,0
12.7702,B,pid.locx.FB,0
12.7702,B,pid.locx.U,-2
12.7702,B,pid.locxs.Des,-2
12.7702,B,pid.locxs.FB,0
12.7702,B,pid.locxs.U,-6
12.7702,B,pid.locy.Des,-0
12.7702,B,pid.locy.FB,-0
12.7702,B,pid.locy.U,-2
12.7702,B,pid.locys.Des,-2
12.7702,B,pid.locys.FB,0
12.7702,B,pid.locys.U,-6
12.7702,B,pid.pitch.Des,0.016580213
12.7702,B,pid.pitch.FB,1.1200216
12.7702,B,pid.pitch.U,-3.4199455
12.7702,B,pid.roll.Des,0.0012291529
12.7702,B,pid.roll.FB,-0.77763176
12.7702,B,pid.roll.U,2.4535494
12.7702,B,pid.yaw.Des,-5.9224625
12.7702,B,pid.yaw.FB,-5.9224625
12.7702,B,pid.yaw.U,-0.0087439725
12.7702,B,pid.z_pos.Des,0
12.7702,B,pid.z_pos.FB,0
12.7702,B,pid.z_pos.U,0
12.7702,B,pid.z_rate.Des,0
12.7702,B,pid.z_rate.FB,0
12.7702,B,pid.z_rate.U,0
12.7702,B,status.vbat,16.188305
12.9718,A,mrac.pitch.e,0.052104373
12.9718,A,mrac.pitch.u_ad,-0.15765212
12.9718,A,mrac.roll.e,-0.036048047
12.9718,A,mrac.roll.u_ad,0.15431562
12.9718,A,mrac.yaw.e,-2.9974744
12.9718,A,mrac.yaw.u_ad,0
12.9718,A,mrac.z.e,0
12.9718,A,mrac.z.u_ad,0
12.9718,A,status.arm,0
12.9718,A,status.estimator_ready,1
12.9718,A,status.flymode,1
12.9718,A,status.of_hold,0
12.9718,A,status.rc_authority,0
12.9718,A,status.sbus_lost,0
12.9718,A,status.twc_arrived,0
12.9718,A,status.twc_execute,0
12.9718,B,mrac.pitch.theta_0,-0.14831553
12.9718,B,mrac.pitch.theta_1,0.0053374288
12.9718,B,mrac.pitch.theta_2,4.0600934e-08
12.9718,B,mrac.pitch.theta_3,9.8596625e-05
12.9718,B,mrac.pitch.theta_4,0.053562585
12.9718,B,mrac.pitch.theta_5,0.14319639
12.9718,B,mrac.pitch.u_nom,-0.032409444
12.9718,B,mrac.pitch.xm,-0.061646286
12.9718,B,mrac.roll.theta_0,0.14814328
12.9718,B,mrac.roll.theta_1,0.0048463456
12.9718,B,mrac.roll.theta_2,0.00020290937
12.9718,B,mrac.roll.theta_3,8.987631e-05
12.9718,B,mrac.roll.theta_4,0.042180255
12.9718,B,mrac.roll.theta_5,0.14112605
12.9718,B,mrac.roll.u_nom,0.022337858
12.9718,B,mrac.roll.xm,0.041663337
12.9718,B,mrac.yaw.theta_0,0.083099075
12.9718,B,mrac.yaw.theta_1,0.0035150258
12.9718,B,mrac.yaw.theta_2,0.00029974963
12.9718,B,mrac.yaw.theta_3,0
12.9718,B,mrac.yaw.theta_4,0.068006605
12.9718,B,mrac.yaw.theta_5,0.089226812
12.9718,B,mrac.yaw.u_nom,0.18696581
12.9718,B,mrac.yaw.xm,3.0368741
12.9718,B,mrac.z.theta_0,0
12.9718,B,mrac.z.theta_1,0
12.9718,B,mrac.z.theta_2,0
12.9718,B,mrac.z.theta_3,0
12.9718,B,mrac.z.theta_4,0
12.9718,B,mrac.z.theta_5,0
12.9718,B,mrac.z.u_nom,0
12.9718,B,mrac.z.xm,0
12.9718,B,path.active_path_mode,0
12.9718,B,path.circle_theta,0
12.9718,B,path.sinusoid_t_elapsed,0
12.9718,B,path.twc_arrived,0
12.9718,B,path.twc_target_x,0
12.9718,B,path.twc_target_y,0
12.9718,B,path.twc_target_z,0
12.9718,B,pid.gyrox.Des,2.3871324
12.9718,B,pid.gyrox.FB,-1.4826158
12.9718,B,pid.gyrox.U,26.135294
12.9718,B,pid.gyroy.Des,-3.5320706
12.9718,B,pid.gyroy.FB,0.65683907
12.9718,B,pid.gyroy.U,-37.919052
12.9718,B,pid.gyroz.Des,174
12.9718,B,pid.gyroz.FB,-1.2327739
12.9718,B,pid.gyroz.U,350
12.9718,B,pid.locx.Des,0
12.9718,B,pid.locx.FB,0
12.9718,B,pid.locx.U,-2
12.9718,B,pid.locxs.Des,-2
12.9718,B,pid.locxs.FB,0
12.9718,B,pid.locxs.U,-6
12.9718,B,pid.locy.Des,-0
12.9718,B,pid.locy.FB,-0
12.9718,B,pid.locy.U,-2
12.9718,B,pid.locys.Des,-2
12.9718,B,pid.locys.FB,0
12.9718,B,pid.locys.U,-6
12.9718,B,pid.pitch.Des,0.016580306
12.9718,B,pid.pitch.FB,1.1610328
12.9718,B,pid.pitch.U,-3.5320706
12.9718,B,pid.roll.Des,0.0012291354
12.9718,B,pid.roll.FB,-0.75393981
12.9718,B,pid.roll.U,2.3871324
12.9718,B,pid.yaw.Des,-5.8638411
12.9718,B,pid.yaw.FB,-5.8638411
12.9718,B,pid.yaw.U,0.0051553724
12.9718,B,pid.z_pos.Des,0
12.9718,B,pid.z_pos.FB,0
12.9718,B,pid.z_pos.U,0
12.9718,B,pid.z_rate.Des,0
12.9718,B,pid.z_rate.FB,0
12.9718,B,pid.z_rate.U,0
12.9718,B,status.vbat,16.188305
13.1873,A,mrac.pitch.e,0.060890555
13.1873,A,mrac.pitch.u_ad,-0.15719862
13.1873,A,mrac.roll.e,-0.04555247
13.1873,A,mrac.roll.u_ad,0.15394709
13.1873,A,mrac.yaw.e,-3.033143
13.1873,A,mrac.yaw.u_ad,0
13.1873,A,mrac.z.e,0
13.1873,A,mrac.z.u_ad,0
13.1873,A,status.arm,0
13.1873,A,status.estimator_ready,1
13.1873,A,status.flymode,1
13.1873,A,status.of_hold,0
13.1873,A,status.rc_authority,0
13.1873,A,status.sbus_lost,0
13.1873,A,status.twc_arrived,0
13.1873,A,status.twc_execute,0
13.1873,B,mrac.pitch.theta_0,-0.14829271
13.1873,B,mrac.pitch.theta_1,0.0053310967
13.1873,B,mrac.pitch.theta_2,4.0596483e-08
13.1873,B,mrac.pitch.theta_3,9.8620891e-05
13.1873,B,mrac.pitch.theta_4,0.053563416
13.1873,B,mrac.pitch.theta_5,0.14317662
13.1873,B,mrac.pitch.u_nom,-0.025101734
13.1873,B,mrac.pitch.xm,-0.056442145
13.1873,B,mrac.roll.theta_0,0.14815959
13.1873,B,mrac.roll.theta_1,0.0048374655
13.1873,B,mrac.roll.theta_2,0.00020304746
13.1873,B,mrac.roll.theta_3,8.9878617e-05
13.1873,B,mrac.roll.theta_4,0.042182937
13.1873,B,mrac.roll.theta_5,0.14111497
13.1873,B,mrac.roll.u_nom,0.0061819083
13.1873,B,mrac.roll.xm,0.038829684
13.1873,B,mrac.yaw.theta_0,0.083099075
13.1873,B,mrac.yaw.theta_1,0.0035150258
13.1873,B,mrac.yaw.theta_2,0.00029974963
13.1873,B,mrac.yaw.theta_3,0
13.1873,B,mrac.yaw.theta_4,0.068006605
13.1873,B,mrac.yaw.theta_5,0.089226812
13.1873,B,mrac.yaw.u_nom,0.18696581
13.1873,B,mrac.yaw.xm,3.0368741
13.1873,B,mrac.z.theta_0,0
13.1873,B,mrac.z.theta_1,0
13.1873,B,mrac.z.theta_2,0
13.1873,B,mrac.z.theta_3,0
13.1873,B,mrac.z.theta_4,0
13.1873,B,mrac.z.theta_5,0
13.1873,B,mrac.z.u_nom,0
13.1873,B,mrac.z.xm,0
13.1873,B,path.active_path_mode,0
13.1873,B,path.circle_theta,0
13.1873,B,path.sinusoid_t_elapsed,0
13.1873,B,path.twc_arrived,0
13.1873,B,path.twc_target_x,0
13.1873,B,path.twc_target_y,0
13.1873,B,path.twc_target_z,0
13.1873,B,pid.gyrox.Des,2.224776
13.1873,B,pid.gyrox.FB,0.40294483
13.1873,B,pid.gyrox.U,7.2328329
13.1873,B,pid.gyroy.Des,-3.2338953
13.1873,B,pid.gyroy.FB,-0.25496018
13.1873,B,pid.gyroy.U,-29.36903
13.1873,B,pid.gyroz.Des,174
13.1873,B,pid.gyroz.FB,1.7677168
13.1873,B,pid.gyroz.U,350
13.1873,B,pid.locx.Des,0
13.1873,B,pid.locx.FB,0
13.1873,B,pid.locx.U,-2
13.1873,B,pid.locxs.Des,-2
13.1873,B,pid.locxs.FB,0
13.1873,B,pid.locxs.U,-6
13.1873,B,pid.locy.Des,-0
13.1873,B,pid.locy.FB,-0
13.1873,B,pid.locy.U,-2
13.1873,B,pid.locys.Des,-2
13.1873,B,pid.locys.FB,0
13.1873,B,pid.locys.U,-6
13.1873,B,pid.pitch.Des,0.016580425
13.1873,B,pid.pitch.FB,1.0690644
13.1873,B,pid.pitch.U,-3.2338953
13.1873,B,pid.roll.Des,0.001229174
13.1873,B,pid.roll.FB,-0.7217285
13.1873,B,pid.roll.U,2.224776
13.1873,B,pid.yaw.Des,-5.8326182
13.1873,B,pid.yaw.FB,-5.8326182
13.1873,B,pid.yaw.U,-0.072342262
13.1873,B,pid.z_pos.Des,0
13.1873,B,pid.z_pos.FB,0
13.1873,B,pid.z_pos.U,0
13.1873,B,pid.z_rate.Des,0
13.1873,B,pid.z_rate.FB,0
13.1873,B,pid.z_rate.U,0
13.1873,B,status.vbat,16.188305
13.3879,A,mrac.pitch.e,0.057431776
13.3879,A,mrac.pitch.u_ad,-0.15816346
13.3879,A,mrac.roll.e,-0.05764813
13.3879,A,mrac.roll.u_ad,0.1542348
13.3879,A,mrac.yaw.e,-3.0784616
13.3879,A,mrac.yaw.u_ad,0
13.3879,A,mrac.z.e,0
13.3879,A,mrac.z.u_ad,0
13.3879,A,status.arm,1
13.3879,A,status.estimator_ready,1
13.3879,A,status.flymode,1
13.3879,A,status.of_hold,0
13.3879,A,status.rc_authority,0
13.3879,A,status.sbus_lost,0
13.3879,A,status.twc_arrived,0
13.3879,A,status.twc_execute,0
13.3880,B,mrac.pitch.theta_0,-0.14829779
13.3880,B,mrac.pitch.theta_1,0.0053231744
13.3880,B,mrac.pitch.theta_2,4.0593026e-08
13.3880,B,mrac.pitch.theta_3,9.8626864e-05
13.3880,B,mrac.pitch.theta_4,0.053564221
13.3880,B,mrac.pitch.theta_5,0.14316191
13.3880,B,mrac.pitch.u_nom,0.0028665576
13.3880,B,mrac.pitch.xm,-0.056824952
13.3880,B,mrac.roll.theta_0,0.14815088
13.3880,B,mrac.roll.theta_1,0.0048356373
13.3880,B,mrac.roll.theta_2,0.0002030577
13.3880,B,mrac.roll.theta_3,8.9881265e-05
13.3880,B,mrac.roll.theta_4,0.042183194
13.3880,B,mrac.roll.theta_5,0.14111049
13.3880,B,mrac.roll.u_nom,-0.0083238147
13.3880,B,mrac.roll.xm,0.035974912
13.3880,B,mrac.yaw.theta_0,0.083099075
13.3880,B,mrac.yaw.theta_1,0.0035150258
13.3880,B,mrac.yaw.theta_2,0.00029974963
13.3880,B,mrac.yaw.theta_3,0
13.3880,B,mrac.yaw.theta_4,0.068006605
13.3880,B,mrac.yaw.theta_5,0.089226812
13.3880,B,mrac.yaw.u_nom,0.18695365
13.3880,B,mrac.yaw.xm,3.0368741
13.3880,B,mrac.z.theta_0,0
13.3880,B,mrac.z.theta_1,0
13.3880,B,mrac.z.theta_2,0
13.3880,B,mrac.z.theta_3,0
13.3880,B,mrac.z.theta_4,0
13.3880,B,mrac.z.theta_5,0
13.3880,B,mrac.z.u_nom,0
13.3880,B,mrac.z.xm,0
13.3880,B,path.active_path_mode,0
13.3880,B,path.circle_theta,0
13.3880,B,path.sinusoid_t_elapsed,0
13.3880,B,path.twc_arrived,0
13.3880,B,path.twc_target_x,0
13.3880,B,path.twc_target_y,0
13.3880,B,path.twc_target_z,0
13.3880,B,pid.gyrox.Des,2.0612097
13.3880,B,pid.gyrox.FB,0.80561477
13.3880,B,pid.gyrox.U,-9.738863
13.3880,B,pid.gyroy.Des,-3.2558286
13.3880,B,pid.gyroy.FB,-1.1033982
13.3880,B,pid.gyroy.U,3.3538723
13.3880,B,pid.gyroz.Des,174
13.3880,B,pid.gyroz.FB,-0.66825897
13.3880,B,pid.gyroz.U,349.97723
13.3880,B,pid.locx.Des,0
13.3880,B,pid.locx.FB,0
13.3880,B,pid.locx.U,-2
13.3880,B,pid.locxs.Des,-2
13.3880,B,pid.locxs.FB,0
13.3880,B,pid.locxs.U,-6
13.3880,B,pid.locy.Des,-0
13.3880,B,pid.locy.FB,-0
13.3880,B,pid.locy.U,-2
13.3880,B,pid.locys.Des,-2
13.3880,B,pid.locys.FB,0
13.3880,B,pid.locys.U,-6
13.3880,B,pid.pitch.Des,0.016580643
13.3880,B,pid.pitch.FB,1.0699456
13.3880,B,pid.pitch.U,-3.2558286
13.3880,B,pid.roll.Des,0.0012291735
13.3880,B,pid.roll.FB,-0.6592263
13.3880,B,pid.roll.U,2.0612097
13.3880,B,pid.yaw.Des,-5.8035321
13.3880,B,pid.yaw.FB,-5.8035321
13.3880,B,pid.yaw.U,0.05164589
13.3880,B,pid.z_pos.Des,0
13.3880,B,pid.z_pos.FB,0
13.3880,B,pid.z_pos.U,0
13.3880,B,pid.z_rate.Des,0
13.3880,B,pid.z_rate.FB,0
13.3880,B,pid.z_rate.U,0
13.3880,B,status.vbat,16.188305
13.5881,A,mrac.pitch.e,0.10234126
13.5881,A,mrac.pitch.u_ad,-0.16822825
13.5881,A,mrac.roll.e,-0.073227145
13.5881,A,mrac.roll.u_ad,0.15938947
13.5881,A,mrac.yaw.e,-3.0145657
13.5881,A,mrac.yaw.u_ad,0
13.5881,A,mrac.z.e,0
13.5881,A,mrac.z.u_ad,0
13.5881,A,status.arm,1
13.5881,A,status.estimator_ready,1
13.5881,A,status.flymode,1
13.5881,A,status.of_hold,0
13.5881,A,status.rc_authority,0
13.5881,A,status.sbus_lost,0
13.5881,A,status.twc_arrived,0
13.5881,A,status.twc_execute,0
13.5881,B,mrac.pitch.theta_0,-0.14837196
13.5881,B,mrac.pitch.theta_1,0.0053150719
13.5881,B,mrac.pitch.theta_2,4.0587736e-08
13.5881,B,mrac.pitch.theta_3,9.8743767e-05
13.5881,B,mrac.pitch.theta_4,0.05356957
13.5881,B,mrac.pitch.theta_5,0.14314392
13.5881,B,mrac.pitch.u_nom,-0.025545167
13.5881,B,mrac.pitch.xm,-0.11371253
13.5881,B,mrac.roll.theta_0,0.14815497
13.5881,B,mrac.roll.theta_1,0.0048315809
13.5881,B,mrac.roll.theta_2,0.00020307949
13.5881,B,mrac.roll.theta_3,8.9952322e-05
13.5881,B,mrac.roll.theta_4,0.042184494
13.5881,B,mrac.roll.theta_5,0.14110032
13.5881,B,mrac.roll.u_nom,0.027564803
13.5881,B,mrac.roll.xm,0.065402336
13.5881,B,mrac.yaw.theta_0,0.083099075
13.5881,B,mrac.yaw.theta_1,0.0035150258
13.5881,B,mrac.yaw.theta_2,0.00029974963
13.5881,B,mrac.yaw.theta_3,0
13.5881,B,mrac.yaw.theta_4,0.068006605
13.5881,B,mrac.yaw.theta_5,0.089226812
13.5881,B,mrac.yaw.u_nom,0.1869522
13.5881,B,mrac.yaw.xm,3.0368741
13.5881,B,mrac.z.theta_0,0
13.5881,B,mrac.z.theta_1,0
13.5881,B,mrac.z.theta_2,0
13.5881,B,mrac.z.theta_3,0
13.5881,B,mrac.z.theta_4,0
13.5881,B,mrac.z.theta_5,0
13.5881,B,mrac.z.u_nom,0
13.5881,B,mrac.z.xm,0
13.5881,B,path.active_path_mode,0
13.5881,B,path.circle_theta,0
13.5881,B,path.sinusoid_t_elapsed,0
13.5881,B,path.twc_arrived,0
13.5881,B,path.twc_target_x,0
13.5881,B,path.twc_target_y,0
13.5881,B,path.twc_target_z,0
13.5881,B,pid.gyrox.Des,3.7472763
13.5881,B,pid.gyrox.FB,-1.4042729
13.5881,B,pid.gyrox.U,32.25082
13.5881,B,pid.gyroy.Des,-6.5152454
13.5881,B,pid.gyroy.FB,0.23954253
13.5881,B,pid.gyroy.U,-29.887846
13.5881,B,pid.gyroz.Des,174
13.5881,B,pid.gyroz.FB,0.1162922
13.5881,B,pid.gyroz.U,349.97452
13.5881,B,pid.locx.Des,0
13.5881,B,pid.locx.FB,0
13.5881,B,pid.locx.U,-2
13.5881,B,pid.locxs.Des,-2
13.5881,B,pid.locxs.FB,0
13.5881,B,pid.locxs.U,-6
13.5881,B,pid.locy.Des,-0
13.5881,B,pid.locy.FB,-0
13.5881,B,pid.locy.U,-2
13.5881,B,pid.locys.Des,-2
13.5881,B,pid.locys.FB,0
13.5881,B,pid.locys.U,-6
13.5881,B,pid.pitch.Des,-0.014122167
13.5881,B,pid.pitch.FB,1.1217035
13.5881,B,pid.pitch.U,-6.5152454
13.5881,B,pid.roll.Des,0.0012291522
13.5881,B,pid.roll.FB,-0.60985816
13.5881,B,pid.roll.U,3.7472763
13.5881,B,pid.yaw.Des,-5.7766056
13.5881,B,pid.yaw.FB,-5.7446742
13.5881,B,pid.yaw.U,-0.22049904
13.5881,B,pid.z_pos.Des,0
13.5881,B,pid.z_pos.FB,0
13.5881,B,pid.z_pos.U,0
13.5881,B,pid.z_rate.Des,0
13.5881,B,pid.z_rate.FB,0
13.5881,B,pid.z_rate.U,0
13.5881,B,status.vbat,16.188305
13.8046,A,mrac.pitch.e,0.26606449
13.8046,A,mrac.pitch.u_ad,-0.18522289
13.8046,A,mrac.roll.e,-0.14368567
13.8046,A,mrac.roll.u_ad,0.16812989
13.8046,A,mrac.yaw.e,-0.0063357293
13.8046,A,mrac.yaw.u_ad,0.057282381
13.8046,A,mrac.z.e,0
13.8046,A,mrac.z.u_ad,0
13.8046,A,status.arm,1
13.8046,A,status.estimator_ready,1
13.8046,A,status.flymode,1
13.8046,A,status.of_hold,0
13.8046,A,status.rc_authority,0
13.8046,A,status.sbus_lost,0
13.8046,A,status.twc_arrived,0
13.8046,A,status.twc_execute,0
13.8047,B,mrac.pitch.theta_0,-0.14875726
13.8047,B,mrac.pitch.theta_1,0.0053057936
13.8047,B,mrac.pitch.theta_2,4.0574697e-08
13.8047,B,mrac.pitch.theta_3,9.8898301e-05
13.8047,B,mrac.pitch.theta_4,0.053632647
13.8047,B,mrac.pitch.theta_5,0.14315373
13.8047,B,mrac.pitch.u_nom,-0.078750685
13.8047,B,mrac.pitch.xm,-0.21366443
13.8047,B,mrac.roll.theta_0,0.14836016
13.8047,B,mrac.roll.theta_1,0.0048289229
13.8047,B,mrac.roll.theta_2,0.00020324347
13.8047,B,mrac.roll.theta_3,9.0014924e-05
13.8047,B,mrac.roll.theta_4,0.042200111
13.8047,B,mrac.roll.theta_5,0.14108215
13.8047,B,mrac.roll.u_nom,0.055508409
13.8047,B,mrac.roll.xm,0.11847133
13.8047,B,mrac.yaw.theta_0,0.083099075
13.8047,B,mrac.yaw.theta_1,0.0035150258
13.8047,B,mrac.yaw.theta_2,0.00029974963
13.8047,B,mrac.yaw.theta_3,0
13.8047,B,mrac.yaw.theta_4,0.068006605
13.8047,B,mrac.yaw.theta_5,0.089226812
13.8047,B,mrac.yaw.u_nom,0.18696581
13.8047,B,mrac.yaw.xm,1.4241892
13.8047,B,mrac.z.theta_0,0
13.8047,B,mrac.z.theta_1,0
13.8047,B,mrac.z.theta_2,0
13.8047,B,mrac.z.theta_3,0
13.8047,B,mrac.z.theta_4,0
13.8047,B,mrac.z.theta_5,0
13.8047,B,mrac.z.u_nom,0
13.8047,B,mrac.z.xm,0
13.8047,B,path.active_path_mode,0
13.8047,B,path.circle_theta,0
13.8047,B,path.sinusoid_t_elapsed,0
13.8047,B,path.twc_arrived,0
13.8047,B,path.twc_target_x,0
13.8047,B,path.twc_target_y,0
13.8047,B,path.twc_target_z,0
13.8047,B,pid.gyrox.Des,6.7879043
13.8047,B,pid.gyrox.FB,-0.11874643
13.8047,B,pid.gyrox.U,64.944839
13.8047,B,pid.gyroy.Des,-12.242064
13.8047,B,pid.gyroy.FB,1.3012108
13.8047,B,pid.gyroy.U,-92.138298
13.8047,B,pid.gyroz.Des,81.599998
13.8047,B,pid.gyroz.FB,0.19022158
13.8047,B,pid.gyroz.U,350
13.8047,B,pid.locx.Des,0
13.8047,B,pid.locx.FB,0
13.8047,B,pid.locx.U,-2
13.8047,B,pid.locxs.Des,-2
13.8047,B,pid.locxs.FB,0
13.8047,B,pid.locxs.U,-6
13.8047,B,pid.locy.Des,-0
13.8047,B,pid.locy.FB,-0
13.8047,B,pid.locy.U,-2
13.8047,B,pid.locys.Des,-2
13.8047,B,pid.locys.FB,0
13.8047,B,pid.locys.U,-6
13.8047,B,pid.pitch.Des,-0.014122183
13.8047,B,pid.pitch.FB,1.1761465
13.8047,B,pid.pitch.U,-12.242064
13.8047,B,pid.roll.Des,0.0012291288
13.8047,B,pid.roll.FB,-0.60374451
13.8047,B,pid.roll.U,6.7879043
13.8047,B,pid.yaw.Des,-5.7766056
13.8047,B,pid.yaw.FB,-5.7347941
13.8047,B,pid.yaw.U,-0.3741273
13.8047,B,pid.z_pos.Des,0
13.8047,B,pid.z_pos.FB,0
13.8047,B,pid.z_pos.U,0
13.8047,B,pid.z_rate.Des,0
13.8047,B,pid.z_rate.FB,0
13.8047,B,pid.z_rate.U,0
13.8047,B,status.vbat,16.188305
14.0071,A,mrac.pitch.e,0.26914492
14.0071,A,mrac.pitch.u_ad,-0.18683949
14.0071,A,mrac.roll.e,-0.13904434
14.0071,A,mrac.roll.u_ad,0.17378946
14.0071,A,mrac.yaw.e,0.023901327
14.0071,A,mrac.yaw.u_ad,0.082805172
14.0071,A,mrac.z.e,0
14.0071,A,mrac.z.u_ad,0
14.0071,A,status.arm,1
14.0071,A,status.estimator_ready,1
14.0071,A,status.flymode,1
14.0071,A,status.of_hold,0
14.0071,A,status.rc_authority,0
14.0071,A,status.sbus_lost,0
14.0071,A,status.twc_arrived,0
14.0071,A,status.twc_execute,0
14.0072,B,mrac.pitch.theta_0,-0.14901109
14.0072,B,mrac.pitch.theta_1,0.0052905814
14.0072,B,mrac.pitch.theta_2,4.0555815e-08
14.0072,B,mrac.pitch.theta_3,9.9289107e-05
14.0072,B,mrac.pitch.theta_4,0.05376992
14.0072,B,mrac.pitch.theta_5,0.1432226
14.0072,B,mrac.pitch.u_nom,-0.04836015
14.0072,B,mrac.pitch.xm,-0.23999792
14.0072,B,mrac.roll.theta_0,0.14870247
14.0072,B,mrac.roll.theta_1,0.0048286961
14.0072,B,mrac.roll.theta_2,0.00020386053
14.0072,B,mrac.roll.theta_3,9.0201109e-05
14.0072,B,mrac.roll.theta_4,0.042254958
14.0072,B,mrac.roll.theta_5,0.14110175
14.0072,B,mrac.roll.u_nom,0.037162967
14.0072,B,mrac.roll.xm,0.17810893
14.0072,B,mrac.yaw.theta_0,0.083612286
14.0072,B,mrac.yaw.theta_1,0.0035150361
14.0072,B,mrac.yaw.theta_2,0.00029984274
14.0072,B,mrac.yaw.theta_3,0
14.0072,B,mrac.yaw.theta_4,0.0680338
14.0072,B,mrac.yaw.theta_5,0.089226268
14.0072,B,mrac.yaw.u_nom,-0.002812783
14.0072,B,mrac.yaw.xm,-0.0026979451
14.0072,B,mrac.z.theta_0,0
14.0072,B,mrac.z.theta_1,0
14.0072,B,mrac.z.theta_2,0
14.0072,B,mrac.z.theta_3,0
14.0072,B,mrac.z.theta_4,0
14.0072,B,mrac.z.theta_5,0
14.0072,B,mrac.z.u_nom,0
14.0072,B,mrac.z.xm,0
14.0072,B,path.active_path_mode,0
14.0072,B,path.circle_theta,0
14.0072,B,path.sinusoid_t_elapsed,0
14.0072,B,path.twc_arrived,0
14.0072,B,path.twc_target_x,0
14.0072,B,path.twc_target_y,0
14.0072,B,path.twc_target_z,0
14.0072,B,pid.gyrox.Des,10.204885
14.0072,B,pid.gyrox.FB,0.01356514
14.0072,B,pid.gyrox.U,43.480671
14.0072,B,pid.gyroy.Des,-13.750862
14.0072,B,pid.gyroy.FB,-1.0119408
14.0072,B,pid.gyroy.U,-56.581375
14.0072,B,pid.gyroz.Des,-0.1545808
14.0072,B,pid.gyroz.FB,0.50314301
14.0072,B,pid.gyroz.U,-5.2655296
14.0072,B,pid.locx.Des,0
14.0072,B,pid.locx.FB,0
14.0072,B,pid.locx.U,-2
14.0072,B,pid.locxs.Des,-2
14.0072,B,pid.locxs.FB,0
14.0072,B,pid.locxs.U,-6
14.0072,B,pid.locy.Des,-0
14.0072,B,pid.locy.FB,-0
14.0072,B,pid.locy.U,-2
14.0072,B,pid.locys.Des,-2
14.0072,B,pid.locys.FB,0
14.0072,B,pid.locys.U,-6
14.0072,B,pid.pitch.Des,0.016580734
14.0072,B,pid.pitch.FB,1.2826144
14.0072,B,pid.pitch.U,-13.750862
14.0072,B,pid.roll.Des,0.0012290798
14.0072,B,pid.roll.FB,-0.63110894
14.0072,B,pid.roll.U,10.204885
14.0072,B,pid.yaw.Des,-5.7369752
14.0072,B,pid.yaw.FB,-5.7268515
14.0072,B,pid.yaw.U,-0.1545808
14.0072,B,pid.z_pos.Des,0
14.0072,B,pid.z_pos.FB,0
14.0072,B,pid.z_pos.U,0
14.0072,B,pid.z_rate.Des,0
14.0072,B,pid.z_rate.FB,0
14.0072,B,pid.z_rate.U,0
14.0072,B,status.vbat,16.188305
14.2211,A,mrac.pitch.e,0.2216049
14.2211,A,mrac.pitch.u_ad,-0.18656838
14.2211,A,mrac.roll.e,-0.25431478
14.2211,A,mrac.roll.u_ad,0.18014932
14.2211,A,mrac.yaw.e,-0.035656065
14.2211,A,mrac.yaw.u_ad,0.084636979
14.2211,A,mrac.z.e,0
14.2211,A,mrac.z.u_ad,0
14.2211,A,status.arm,1
14.2211,A,status.estimator_ready,1
14.2211,A,status.flymode,1
14.2211,A,status.of_hold,0
14.2211,A,status.rc_authority,0
14.2211,A,status.sbus_lost,0
14.2211,A,status.twc_arrived,0
14.2211,A,status.twc_execute,0
14.2212,B,mrac.pitch.theta_0,-0.14905244
14.2212,B,mrac.pitch.theta_1,0.0053102067
14.2212,B,mrac.pitch.theta_2,4.0545924e-08
14.2212,B,mrac.pitch.theta_3,9.9602446e-05
14.2212,B,mrac.pitch.theta_4,0.053852215
14.2212,B,mrac.pitch.theta_5,0.14326525
14.2212,B,mrac.pitch.u_nom,-0.043861452
14.2212,B,mrac.pitch.xm,-0.23953937
14.2212,B,mrac.roll.theta_0,0.1488625
14.2212,B,mrac.roll.theta_1,0.0048501943
14.2212,B,mrac.roll.theta_2,0.0002041933
14.2212,B,mrac.roll.theta_3,9.02795e-05
14.2212,B,mrac.roll.theta_4,0.04230909
14.2212,B,mrac.roll.theta_5,0.14113936
14.2212,B,mrac.roll.u_nom,0.039070744
14.2212,B,mrac.roll.xm,0.20294468
14.2212,B,mrac.yaw.theta_0,0.083798334
14.2212,B,mrac.yaw.theta_1,0.0035103664
14.2212,B,mrac.yaw.theta_2,0.00030006157
14.2212,B,mrac.yaw.theta_3,0
14.2212,B,mrac.yaw.theta_4,0.068032615
14.2212,B,mrac.yaw.theta_5,0.089222021
14.2212,B,mrac.yaw.u_nom,0.011118242
14.2212,B,mrac.yaw.xm,0.012000842
14.2212,B,mrac.z.theta_0,0
14.2212,B,mrac.z.theta_1,0
14.2212,B,mrac.z.theta_2,0
14.2212,B,mrac.z.theta_3,0
14.2212,B,mrac.z.theta_4,0
14.2212,B,mrac.z.theta_5,0
14.2212,B,mrac.z.u_nom,0
14.2212,B,mrac.z.xm,0
14.2212,B,path.active_path_mode,0
14.2212,B,path.circle_theta,0
14.2212,B,path.sinusoid_t_elapsed,0
14.2212,B,path.twc_arrived,0
14.2212,B,path.twc_target_x,0
14.2212,B,path.twc_target_y,0
14.2212,B,path.twc_target_z,0
14.2212,B,pid.gyrox.Des,11.627869
14.2212,B,pid.gyrox.FB,1.0090768
14.2212,B,pid.gyrox.U,45.712769
14.2212,B,pid.gyroy.Des,-13.724589
14.2212,B,pid.gyroy.FB,0.26867661
14.2212,B,pid.gyroy.U,-51.317898
14.2212,B,pid.gyroz.Des,0.68759733
14.2212,B,pid.gyroz.FB,-1.9129275
14.2212,B,pid.gyroz.U,20.813349
14.2212,B,pid.locx.Des,0
14.2212,B,pid.locx.FB,0
14.2212,B,pid.locx.U,-2
14.2212,B,pid.locxs.Des,-2
14.2212,B,pid.locxs.FB,0
14.2212,B,pid.locxs.U,-6
14.2212,B,pid.locy.Des,-0
14.2212,B,pid.locy.FB,-0
14.2212,B,pid.locy.U,-2
14.2212,B,pid.locys.Des,-2
14.2212,B,pid.locys.FB,0
14.2212,B,pid.locys.U,-6
14.2212,B,pid.pitch.Des,0.01658095
14.2212,B,pid.pitch.FB,1.2342099
14.2212,B,pid.pitch.U,-13.724589
14.2212,B,pid.roll.Des,0.0012291027
14.2212,B,pid.roll.FB,-0.55925524
14.2212,B,pid.roll.U,11.627869
14.2212,B,pid.yaw.Des,-5.7369752
14.2212,B,pid.yaw.FB,-5.8573575
14.2212,B,pid.yaw.U,0.68759733
14.2212,B,pid.z_pos.Des,0
14.2212,B,pid.z_pos.FB,0
14.2212,B,pid.z_pos.U,0
14.2212,B,pid.z_rate.Des,0
14.2212,B,pid.z_rate.FB,0
14.2212,B,pid.z_rate.U,0
14.2212,B,status.vbat,16.188305
14.4391,A,mrac.pitch.e,0.24902081
14.4391,A,mrac.pitch.u_ad,-0.18672301
14.4391,A,mrac.roll.e,-0.2174498
14.4391,A,mrac.roll.u_ad,0.18046951
14.4391,A,mrac.yaw.e,0.01637703
14.4391,A,mrac.yaw.u_ad,0.084819734
14.4391,A,mrac.z.e,0
14.4391,A,mrac.z.u_ad,0
14.4391,A,status.arm,1
14.4391,A,status.estimator_ready,1
14.4391,A,status.flymode,1
14.4391,A,status.of_hold,0
14.4391,A,status.rc_authority,0
14.4391,A,status.sbus_lost,0
14.4391,A,status.twc_arrived,0
14.4391,A,status.twc_execute,0
14.4392,B,mrac.pitch.theta_0,-0.14908373
14.4392,B,mrac.pitch.theta_1,0.005304982
14.4392,B,mrac.pitch.theta_2,4.0528331e-08
14.4392,B,mrac.pitch.theta_3,0.00010003445
14.4392,B,mrac.pitch.theta_4,0.053987741
14.4392,B,mrac.pitch.theta_5,0.14333263
14.4392,B,mrac.pitch.u_nom,-0.0210404
14.4392,B,mrac.pitch.xm,-0.24165143
14.4392,B,mrac.roll.theta_0,0.14900026
14.4392,B,mrac.roll.theta_1,0.0048375921
14.4392,B,mrac.roll.theta_2,0.00020459993
14.4392,B,mrac.roll.theta_3,9.076274e-05
14.4392,B,mrac.roll.theta_4,0.042417459
14.4392,B,mrac.roll.theta_5,0.14121585
14.4392,B,mrac.roll.u_nom,0.042472996
14.4392,B,mrac.roll.xm,0.20581989
14.4392,B,mrac.yaw.theta_0,0.083254382
14.4392,B,mrac.yaw.theta_1,0.0034965472
14.4392,B,mrac.yaw.theta_2,0.00030040066
14.4392,B,mrac.yaw.theta_3,0
14.4392,B,mrac.yaw.theta_4,0.068029769
14.4392,B,mrac.yaw.theta_5,0.089209229
14.4392,B,mrac.yaw.u_nom,0.011635112
14.4392,B,mrac.yaw.xm,0.015748838
14.4392,B,mrac.z.theta_0,0
14.4392,B,mrac.z.theta_1,0
14.4392,B,mrac.z.theta_2,0
14.4392,B,mrac.z.theta_3,0
14.4392,B,mrac.z.theta_4,0
14.4392,B,mrac.z.theta_5,0
14.4392,B,mrac.z.u_nom,0
14.4392,B,mrac.z.xm,0
14.4392,B,path.active_path_mode,0
14.4392,B,path.circle_theta,0
14.4392,B,path.sinusoid_t_elapsed,0
14.4392,B,path.twc_arrived,0
14.4392,B,path.twc_target_x,0
14.4392,B,path.twc_target_y,0
14.4392,B,path.twc_target_z,0
14.4392,B,pid.gyrox.Des,11.792606
14.4392,B,pid.gyrox.FB,0.79357421
14.4392,B,pid.gyrox.U,49.693405
14.4392,B,pid.gyroy.Des,-13.845601
14.4392,B,pid.gyroy.FB,-1.4811475
14.4392,B,pid.gyroy.U,-24.617268
14.4392,B,pid.gyroz.Des,0.9023416
14.4392,B,pid.gyroz.FB,-1.8052227
14.4392,B,pid.gyroz.U,21.78093
14.4392,B,pid.locx.Des,0
14.4392,B,pid.locx.FB,0
14.4392,B,pid.locx.U,-2
14.4392,B,pid.locxs.Des,-2
14.4392,B,pid.locxs.FB,0
14.4392,B,pid.locxs.U,-6
14.4392,B,pid.locy.Des,-0
14.4392,B,pid.locy.FB,-0
14.4392,B,pid.locy.U,-2
14.4392,B,pid.locys.Des,-2
14.4392,B,pid.locys.FB,0
14.4392,B,pid.locys.U,-6
14.4392,B,pid.pitch.Des,0.016580809
14.4392,B,pid.pitch.FB,1.2821577
14.4392,B,pid.pitch.U,-13.845601
14.4392,B,pid.roll.Des,0.00122908
14.4392,B,pid.roll.FB,-0.6070807
14.4392,B,pid.roll.U,11.792606
14.4392,B,pid.yaw.Des,-5.7369752
14.4392,B,pid.yaw.FB,-5.8581057
14.4392,B,pid.yaw.U,0.9023416
14.4392,B,pid.z_pos.Des,0
14.4392,B,pid.z_pos.FB,0
14.4392,B,pid.z_pos.U,0
14.4392,B,pid.z_rate.Des,0
14.4392,B,pid.z_rate.FB,0
14.4392,B,pid.z_rate.U,0
14.4392,B,status.vbat,16.188305
14.6548,A,mrac.pitch.e,0.22927502
14.6548,A,mrac.pitch.u_ad,-0.18627641
14.6548,A,mrac.roll.e,-0.22699966
14.6548,A,mrac.roll.u_ad,0.1806815
14.6548,A,mrac.yaw.e,-0.027285891
14.6548,A,mrac.yaw.u_ad,0.086867288
14.6548,A,mrac.z.e,0
14.6548,A,mrac.z.u_ad,0
14.6548,A,status.arm,1
14.6548,A,status.estimator_ready,1
14.6548,A,status.flymode,1
14.6548,A,status.of_hold,0
14.6548,A,status.rc_authority,0
14.6548,A,status.sbus_lost,0
14.6548,A,status.twc_arrived,0
14.6548,A,status.twc_execute,0
14.6549,B,mrac.pitch.theta_0,-0.14908473
14.6549,B,mrac.pitch.theta_1,0.0053157387
14.6549,B,mrac.pitch.theta_2,4.051812e-08
14.6549,B,mrac.pitch.theta_3,0.00010045568
14.6549,B,mrac.pitch.theta_4,0.054073017
14.6549,B,mrac.pitch.theta_5,0.14337446
14.6549,B,mrac.pitch.u_nom,-0.068633132
14.6549,B,mrac.pitch.xm,-0.23818959
14.6549,B,mrac.roll.theta_0,0.14903297
14.6549,B,mrac.roll.theta_1,0.0048303441
14.6549,B,mrac.roll.theta_2,0.00020504683
14.6549,B,mrac.roll.theta_3,9.115351e-05
14.6549,B,mrac.roll.theta_4,0.042490385
14.6549,B,mrac.roll.theta_5,0.14126661
14.6549,B,mrac.roll.u_nom,0.059579182
14.6549,B,mrac.roll.xm,0.20883243
14.6549,B,mrac.yaw.theta_0,0.083907612
14.6549,B,mrac.yaw.theta_1,0.0034907123
14.6549,B,mrac.yaw.theta_2,0.00030062691
14.6549,B,mrac.yaw.theta_3,0
14.6549,B,mrac.yaw.theta_4,0.06802772
14.6549,B,mrac.yaw.theta_5,0.08920227
14.6549,B,mrac.yaw.u_nom,0.016702222
14.6549,B,mrac.yaw.xm,0.029178768
14.6549,B,mrac.z.theta_0,0
14.6549,B,mrac.z.theta_1,0
14.6549,B,mrac.z.theta_2,0
14.6549,B,mrac.z.theta_3,0
14.6549,B,mrac.z.theta_4,0
14.6549,B,mrac.z.theta_5,0
14.6549,B,mrac.z.u_nom,0
14.6549,B,mrac.z.xm,0
14.6549,B,path.active_path_mode,0
14.6549,B,path.circle_theta,0
14.6549,B,path.sinusoid_t_elapsed,0
14.6549,B,path.twc_arrived,0
14.6549,B,path.twc_target_x,0
14.6549,B,path.twc_target_y,0
14.6549,B,path.twc_target_z,0
14.6549,B,pid.gyrox.Des,11.965212
14.6549,B,pid.gyrox.FB,0.48648426
14.6549,B,pid.gyrox.U,69.707642
14.6549,B,pid.gyroy.Des,-13.647253
14.6549,B,pid.gyroy.FB,0.8876909
14.6549,B,pid.gyroy.U,-80.300766
14.6549,B,pid.gyroz.Des,1.6718196
14.6549,B,pid.gyroz.FB,-2.2180922
14.6549,B,pid.gyroz.U,31.26656
14.6549,B,pid.locx.Des,0
14.6549,B,pid.locx.FB,0
14.6549,B,pid.locx.U,-2
14.6549,B,pid.locxs.Des,-2
14.6549,B,pid.locxs.FB,0
14.6549,B,pid.locxs.U,-6
14.6549,B,pid.locy.Des,-0
14.6549,B,pid.locy.FB,-0
14.6549,B,pid.locy.U,-2
14.6549,B,pid.locys.Des,-2
14.6549,B,pid.locys.FB,0
14.6549,B,pid.locys.U,-6
14.6549,B,pid.pitch.Des,0.016580671
14.6549,B,pid.pitch.FB,1.2182928
14.6549,B,pid.pitch.U,-13.647253
14.6549,B,pid.roll.Des,0.0012291099
14.6549,B,pid.roll.FB,-0.650868
14.6549,B,pid.roll.U,11.965212
14.6549,B,pid.yaw.Des,-5.7369752
14.6549,B,pid.yaw.FB,-5.9521432
14.6549,B,pid.yaw.U,1.6718196
14.6549,B,pid.z_pos.Des,0
14.6549,B,pid.z_pos.FB,0
14.6549,B,pid.z_pos.U,0
14.6549,B,pid.z_rate.Des,0
14.6549,B,pid.z_rate.FB,0
14.6549,B,pid.z_rate.U,0
14.6549,B,status.vbat,16.188305
14.8557,A,mrac.pitch.e,0.25126499
14.8557,A,mrac.pitch.u_ad,-0.18583779
14.8557,A,mrac.roll.e,-0.20540054
14.8557,A,mrac.roll.u_ad,0.18087508
14.8557,A,mrac.yaw.e,-0.081612527
14.8557,A,mrac.yaw.u_ad,0.08723262
14.8557,A,mrac.z.e,0
14.8557,A,mrac.z.u_ad,0
14.8557,A,status.arm,1
14.8557,A,status.estimator_ready,1
14.8557,A,status.flymode,1
14.8557,A,status.of_hold,0
14.8557,A,status.rc_authority,0
14.8557,A,status.sbus_lost,0
14.8557,A,status.twc_arrived,0
14.8557,A,status.twc_execute,0
14.8557,B,mrac.pitch.theta_0,-0.14908132
14.8557,B,mrac.pitch.theta_1,0.0053357226
14.8557,B,mrac.pitch.theta_2,4.0503991e-08
14.8557,B,mrac.pitch.theta_3,0.00010078902
14.8557,B,mrac.pitch.theta_4,0.054196626
14.8557,B,mrac.pitch.theta_5,0.14343511
14.8557,B,mrac.pitch.u_nom,-0.059174862
14.8557,B,mrac.pitch.xm,-0.23390765
14.8557,B,mrac.roll.theta_0,0.14905149
14.8557,B,mrac.roll.theta_1,0.0048270123
14.8557,B,mrac.roll.theta_2,0.00020573176
14.8557,B,mrac.roll.theta_3,9.1475675e-05
14.8557,B,mrac.roll.theta_4,0.042600382
14.8557,B,mrac.roll.theta_5,0.14134304
14.8557,B,mrac.roll.u_nom,0.031972144
14.8557,B,mrac.roll.xm,0.212244
14.8557,B,mrac.yaw.theta_0,0.084448978
14.8557,B,mrac.yaw.theta_1,0.0034856983
14.8557,B,mrac.yaw.theta_2,0.00030081035
14.8557,B,mrac.yaw.theta_3,0
14.8557,B,mrac.yaw.theta_4,0.068025865
14.8557,B,mrac.yaw.theta_5,0.0891959
14.8557,B,mrac.yaw.u_nom,0.020316858
14.8557,B,mrac.yaw.xm,0.027791575
14.8557,B,mrac.z.theta_0,0
14.8557,B,mrac.z.theta_1,0
14.8557,B,mrac.z.theta_2,0
14.8557,B,mrac.z.theta_3,0
14.8557,B,mrac.z.theta_4,0
14.8557,B,mrac.z.theta_5,0
14.8557,B,mrac.z.u_nom,0
14.8557,B,mrac.z.xm,0
14.8557,B,path.active_path_mode,0
14.8557,B,path.circle_theta,0
14.8557,B,path.sinusoid_t_elapsed,0
14.8557,B,path.twc_arrived,0
14.8557,B,path.twc_target_x,0
14.8557,B,path.twc_target_y,0
14.8557,B,path.twc_target_z,0
14.8557,B,pid.gyrox.Des,12.160681
14.8557,B,pid.gyrox.FB,0.48495045
14.8557,B,pid.gyrox.U,37.40741
14.8557,B,pid.gyroy.Des,-13.401916
14.8557,B,pid.gyroy.FB,-0.54671472
14.8557,B,pid.gyroy.U,-69.234589
14.8557,B,pid.gyroz.Des,1.5923393
14.8557,B,pid.gyroz.FB,-3.1360385
14.8557,B,pid.gyroz.U,38.033157
14.8557,B,pid.locx.Des,0
14.8557,B,pid.locx.FB,0
14.8557,B,pid.locx.U,-2
14.8557,B,pid.locxs.Des,-2
14.8557,B,pid.locxs.FB,0
14.8557,B,pid.locxs.U,-6
14.8557,B,pid.locy.Des,-0
14.8557,B,pid.locy.FB,-0
14.8557,B,pid.locy.U,-2
14.8557,B,pid.locys.Des,-2
14.8557,B,pid.locys.FB,0
14.8557,B,pid.locys.U,-6
14.8557,B,pid.pitch.Des,0.016580507
14.8557,B,pid.pitch.FB,1.1641577
14.8557,B,pid.pitch.U,-13.401916
14.8557,B,pid.roll.Des,0.001229134
14.8557,B,pid.roll.FB,-0.69852263
14.8557,B,pid.roll.U,12.160681
14.8557,B,pid.yaw.Des,-5.7369752
14.8557,B,pid.yaw.FB,-5.8898611
14.8557,B,pid.yaw.U,1.5923393
14.8557,B,pid.z_pos.Des,0
14.8557,B,pid.z_pos.FB,0
14.8557,B,pid.z_pos.U,0
14.8557,B,pid.z_rate.Des,0
14.8557,B,pid.z_rate.FB,0
14.8557,B,pid.z_rate.U,0
14.8557,B,status.vbat,16.188305
15.0725,A,mrac.pitch.e,0.23677257
15.0725,A,mrac.pitch.u_ad,-0.18619187
15.0725,A,mrac.roll.e,-0.18061134
15.0725,A,mrac.roll.u_ad,0.18048115
15.0725,A,mrac.yaw.e,-0.024626628
15.0725,A,mrac.yaw.u_ad,0.088716023
15.0725,A,mrac.z.e,0
15.0725,A,mrac.z.u_ad,0
15.0725,A,status.arm,1
15.0725,A,status.estimator_ready,1
15.0725,A,status.flymode,1
15.0725,A,status.of_hold,0
15.0725,A,status.rc_authority,0
15.0725,A,status.sbus_lost,0
15.0725,A,status.twc_arrived,0
15.0725,A,status.twc_execute,0
15.0726,B,mrac.pitch.theta_0,-0.14908464
15.0726,B,mrac.pitch.theta_1,0.0053404239
15.0726,B,mrac.pitch.theta_2,4.049221e-08
15.0726,B,mrac.pitch.theta_3,0.00010097854
15.0726,B,mrac.pitch.theta_4,0.054283146
15.0726,B,mrac.pitch.theta_5,0.14347491
15.0726,B,mrac.pitch.u_nom,-0.053278487
15.0726,B,mrac.pitch.xm,-0.23583628
15.0726,B,mrac.roll.theta_0,0.14905377
15.0726,B,mrac.roll.theta_1,0.0048321849
15.0726,B,mrac.roll.theta_2,0.00020603929
15.0726,B,mrac.roll.theta_3,9.172492e-05
15.0726,B,mrac.roll.theta_4,0.042672563
15.0726,B,mrac.roll.theta_5,0.14139396
15.0726,B,mrac.roll.u_nom,0.056578521
15.0726,B,mrac.roll.xm,0.20941274
15.0726,B,mrac.yaw.theta_0,0.084816553
15.0726,B,mrac.yaw.theta_1,0.003479678
15.0726,B,mrac.yaw.theta_2,0.00030100142
15.0726,B,mrac.yaw.theta_3,0
15.0726,B,mrac.yaw.theta_4,0.068024039
15.0726,B,mrac.yaw.theta_5,0.089188531
15.0726,B,mrac.yaw.u_nom,0.015244558
15.0726,B,mrac.yaw.xm,0.028450092
15.0726,B,mrac.z.theta_0,0
15.0726,B,mrac.z.theta_1,0
15.0726,B,mrac.z.theta_2,0
15.0726,B,mrac.z.theta_3,0
15.0726,B,mrac.z.theta_4,0
15.0726,B,mrac.z.theta_5,0
15.0726,B,mrac.z.u_nom,0
15.0726,B,mrac.z.xm,0
15.0726,B,path.active_path_mode,0
15.0726,B,path.circle_theta,0
15.0726,B,path.sinusoid_t_elapsed,0
15.0726,B,path.twc_arrived,0
15.0726,B,path.twc_target_x,0
15.0726,B,path.twc_target_y,0
15.0726,B,path.twc_target_z,0
15.0726,B,pid.gyrox.Des,11.998461
15.0726,B,pid.gyrox.FB,0.63705271
15.0726,B,pid.gyrox.U,66.196869
15.0726,B,pid.gyroy.Des,-13.512418
15.0726,B,pid.gyroy.FB,-0.53362447
15.0726,B,pid.gyroy.U,-62.335831
15.0726,B,pid.gyroz.Des,1.6300695
15.0726,B,pid.gyroz.FB,-1.9009367
15.0726,B,pid.gyroz.U,28.537811
15.0726,B,pid.locx.Des,0
15.0726,B,pid.locx.FB,0
15.0726,B,pid.locx.U,-2
15.0726,B,pid.locxs.Des,-2
15.0726,B,pid.locxs.FB,0
15.0726,B,pid.locxs.U,-6
15.0726,B,pid.locy.Des,-0
15.0726,B,pid.locy.FB,-0
15.0726,B,pid.locy.U,-2
15.0726,B,pid.locys.Des,-2
15.0726,B,pid.locys.FB,0
15.0726,B,pid.locys.U,-6
15.0726,B,pid.pitch.Des,0.016580537
15.0726,B,pid.pitch.FB,1.1952221
15.0726,B,pid.pitch.U,-13.512418
15.0726,B,pid.roll.Des,0.0012291203
15.0726,B,pid.roll.FB,-0.69033629
15.0726,B,pid.roll.U,11.998461
15.0726,B,pid.yaw.Des,-5.7369752
15.0726,B,pid.yaw.FB,-5.864028
15.0726,B,pid.yaw.U,1.6300695
15.0726,B,pid.z_pos.Des,0
15.0726,B,pid.z_pos.FB,0
15.0726,B,pid.z_pos.U,0
15.0726,B,pid.z_rate.Des,0
15.0726,B,pid.z_rate.FB,0
15.0726,B,pid.z_rate.U,0
15.0726,B,status.vbat,16.188305
15.2887,A,mrac.pitch.e,0.23732419
15.2887,A,mrac.pitch.u_ad,-0.18587038
15.2887,A,mrac.roll.e,-0.15787432
15.2887,A,mrac.roll.u_ad,0.18023673
15.2887,A,mrac.yaw.e,-0.068709008
15.2887,A,mrac.yaw.u_ad,0.089619935
15.2887,A,mrac.z.e,0
15.2887,A,mrac.z.u_ad,0
15.2887,A,status.arm,1
15.2887,A,status.estimator_ready,1
15.2887,A,status.flymode,1
15.2887,A,status.of_hold,0
15.2887,A,status.rc_authority,0
15.2887,A,status.sbus_lost,0
15.2887,A,status.twc_arrived,0
15.2887,A,status.twc_execute,0
15.2888,B,mrac.pitch.theta_0,-0.14908478
15.2888,B,mrac.pitch.theta_1,0.0053514987
15.2888,B,mrac.pitch.theta_2,4.0474035e-08
15.2888,B,mrac.pitch.theta_3,0.00010181737
15.2888,B,mrac.pitch.theta_4,0.05440918
15.2888,B,mrac.pitch.theta_5,0.14353193
15.2888,B,mrac.pitch.u_nom,-0.042398553
15.2888,B,mrac.pitch.xm,-0.23451455
15.2888,B,mrac.roll.theta_0,0.14905295
15.2888,B,mrac.roll.theta_1,0.0048465896
15.2888,B,mrac.roll.theta_2,0.00020690472
15.2888,B,mrac.roll.theta_3,9.2213639e-05
15.2888,B,mrac.roll.theta_4,0.042776309
15.2888,B,mrac.roll.theta_5,0.14146261
15.2888,B,mrac.roll.u_nom,0.084483743
15.2888,B,mrac.roll.xm,0.20897923
15.2888,B,mrac.yaw.theta_0,0.08558923
15.2888,B,mrac.yaw.theta_1,0.0034695736
15.2888,B,mrac.yaw.theta_2,0.00030148556
15.2888,B,mrac.yaw.theta_3,0
15.2888,B,mrac.yaw.theta_4,0.068023346
15.2888,B,mrac.yaw.theta_5,0.089179017
15.2888,B,mrac.yaw.u_nom,0.010939765
15.2888,B,mrac.yaw.xm,0.040815208
15.2888,B,mrac.z.theta_0,0
15.2888,B,mrac.z.theta_1,0
15.2888,B,mrac.z.theta_2,0
15.2888,B,mrac.z.theta_3,0
15.2888,B,mrac.z.theta_4,0
15.2888,B,mrac.z.theta_5,0
15.2888,B,mrac.z.u_nom,0
15.2888,B,mrac.z.xm,0
15.2888,B,path.active_path_mode,0
15.2888,B,path.circle_theta,0
15.2888,B,path.sinusoid_t_elapsed,0
15.2888,B,path.twc_arrived,0
15.2888,B,path.twc_target_x,0
15.2888,B,path.twc_target_y,0
15.2888,B,path.twc_target_z,0
15.2888,B,pid.gyrox.Des,11.973623
15.2888,B,pid.gyrox.FB,-3.9543507
15.2888,B,pid.gyrox.U,98.845978
15.2888,B,pid.gyroy.Des,-13.436688
15.2888,B,pid.gyroy.FB,-0.99540824
15.2888,B,pid.gyroy.U,-49.606308
15.2888,B,pid.gyroz.Des,2.3385382
15.2888,B,pid.gyroz.FB,-0.1767402
15.2888,B,pid.gyroz.U,20.47924
15.2888,B,pid.locx.Des,0
15.2888,B,pid.locx.FB,0
15.2888,B,pid.locx.U,-2
15.2888,B,pid.locxs.Des,-2
15.2888,B,pid.locxs.FB,0
15.2888,B,pid.locxs.U,-6
15.2888,B,pid.locy.Des,-0
15.2888,B,pid.locy.FB,-0
15.2888,B,pid.locy.U,-2
15.2888,B,pid.locys.Des,-2
15.2888,B,pid.locys.FB,0
15.2888,B,pid.locys.U,-6
15.2888,B,pid.pitch.Des,0.01658072
15.2888,B,pid.pitch.FB,1.1723207
15.2888,B,pid.pitch.U,-13.436688
15.2888,B,pid.roll.Des,0.0012291305
15.2888,B,pid.roll.FB,-0.63536692
15.2888,B,pid.roll.U,11.973623
15.2888,B,pid.yaw.Des,-5.7369752
15.2888,B,pid.yaw.FB,-5.9242573
15.2888,B,pid.yaw.U,2.3385382
15.2888,B,pid.z_pos.Des,0
15.2888,B,pid.z_pos.FB,0
15.2888,B,pid.z_pos.U,0
15.2888,B,pid.z_rate.Des,0
15.2888,B,pid.z_rate.FB,0
15.2888,B,pid.z_rate.U,0
15.2888,B,status.vbat,16.188305
15.5052,A,mrac.pitch.e,0.2177425
15.5052,A,mrac.pitch.u_ad,-0.18589513
15.5052,A,mrac.roll.e,-0.21899669
15.5052,A,mrac.roll.u_ad,0.18042564
15.5052,A,mrac.yaw.e,-0.065430105
15.5052,A,mrac.yaw.u_ad,0.090639658
15.5052,A,mrac.z.e,0
15.5052,A,mrac.z.u_ad,0
15.5052,A,status.arm,1
15.5052,A,status.estimator_ready,1
15.5052,A,status.flymode,1
15.5052,A,status.of_hold,0
15.5052,A,status.rc_authority,0
15.5052,A,status.sbus_lost,0
15.5052,A,status.twc_arrived,0
15.5052,A,status.twc_execute,0
15.5053,B,mrac.pitch.theta_0,-0.14908676
15.5053,B,mrac.pitch.theta_1,0.0053495108
15.5053,B,mrac.pitch.theta_2,4.0464244e-08
15.5053,B,mrac.pitch.theta_3,0.00010216102
15.5053,B,mrac.pitch.theta_4,0.05449475
15.5053,B,mrac.pitch.theta_5,0.14356966
15.5053,B,mrac.pitch.u_nom,-0.070593812
15.5053,B,mrac.pitch.xm,-0.23657753
15.5053,B,mrac.roll.theta_0,0.14904721
15.5053,B,mrac.roll.theta_1,0.0048599178
15.5053,B,mrac.roll.theta_2,0.000207246
15.5053,B,mrac.roll.theta_3,9.2385482e-05
15.5053,B,mrac.roll.theta_4,0.042839345
15.5053,B,mrac.roll.theta_5,0.14150624
15.5053,B,mrac.roll.u_nom,0.042897601
15.5053,B,mrac.roll.xm,0.20660312
15.5053,B,mrac.yaw.theta_0,0.085986502
15.5053,B,mrac.yaw.theta_1,0.003465987
15.5053,B,mrac.yaw.theta_2,0.00030156685
15.5053,B,mrac.yaw.theta_3,0
15.5053,B,mrac.yaw.theta_4,0.068021268
15.5053,B,mrac.yaw.theta_5,0.089172244
15.5053,B,mrac.yaw.u_nom,0.0007595974
15.5053,B,mrac.yaw.xm,0.042270835
15.5053,B,mrac.z.theta_0,0
15.5053,B,mrac.z.theta_1,0
15.5053,B,mrac.z.theta_2,0
15.5053,B,mrac.z.theta_3,0
15.5053,B,mrac.z.theta_4,0
15.5053,B,mrac.z.theta_5,0
15.5053,B,mrac.z.u_nom,0
15.5053,B,mrac.z.xm,0
15.5053,B,path.active_path_mode,0
15.5053,B,path.circle_theta,0
15.5053,B,path.sinusoid_t_elapsed,0
15.5053,B,path.twc_arrived,0
15.5053,B,path.twc_target_x,0
15.5053,B,path.twc_target_y,0
15.5053,B,path.twc_target_z,0
15.5053,B,pid.gyrox.Des,11.837482
15.5053,B,pid.gyrox.FB,-0.15367259
15.5053,B,pid.gyrox.U,50.190193
15.5053,B,pid.gyroy.Des,-13.554888
15.5053,B,pid.gyroy.FB,1.3652787
15.5053,B,pid.gyroy.U,-82.594757
15.5053,B,pid.gyroz.Des,2.4219394
15.5053,B,pid.gyroz.FB,2.2928872
15.5053,B,pid.gyroz.U,1.4219663
15.5053,B,pid.locx.Des,0
15.5053,B,pid.locx.FB,0
15.5053,B,pid.locx.U,-2
15.5053,B,pid.locxs.Des,-2
15.5053,B,pid.locxs.FB,0
15.5053,B,pid.locxs.U,-6
15.5053,B,pid.locy.Des,-0
15.5053,B,pid.locy.FB,-0
15.5053,B,pid.locy.U,-2
15.5053,B,pid.locys.Des,-2
15.5053,B,pid.locys.FB,0
15.5053,B,pid.locys.U,-6
15.5053,B,pid.pitch.Des,0.016580852
15.5053,B,pid.pitch.FB,1.1759901
15.5053,B,pid.pitch.U,-13.554888
15.5053,B,pid.roll.Des,0.0012291288
15.5053,B,pid.roll.FB,-0.59354955
15.5053,B,pid.roll.U,11.837482
15.5053,B,pid.yaw.Des,-5.7369752
15.5053,B,pid.yaw.FB,-5.9048738
15.5053,B,pid.yaw.U,2.4219394
15.5053,B,pid.z_pos.Des,0
15.5053,B,pid.z_pos.FB,0
15.5053,B,pid.z_pos.U,0
15.5053,B,pid.z_rate.Des,0
15.5053,B,pid.z_rate.FB,0
15.5053,B,pid.z_rate.U,0
15.5053,B,status.vbat,16.188305
15.7052,A,mrac.pitch.e,0.18988495
15.7052,A,mrac.pitch.u_ad,-0.18517637
15.7052,A,mrac.roll.e,-0.22736973
15.7052,A,mrac.roll.u_ad,0.17921083
15.7052,A,mrac.yaw.e,-0.0098221749
15.7052,A,mrac.yaw.u_ad,0.092446446
15.7052,A,mrac.z.e,0
15.7052,A,mrac.z.u_ad,0
15.7052,A,status.arm,1
15.7052,A,status.estimator_ready,1
15.7052,A,status.flymode,1
15.7052,A,status.of_hold,0
15.7052,A,status.rc_authority,0
15.7052,A,status.sbus_lost,0
15.7052,A,status.twc_arrived,0
15.7052,A,status.twc_execute,0
15.7052,B,mrac.pitch.theta_0,-0.14907759
15.7052,B,mrac.pitch.theta_1,0.0053817253
15.7052,B,mrac.pitch.theta_2,4.0446618e-08
15.7052,B,mrac.pitch.theta_3,0.00010239858
15.7052,B,mrac.pitch.theta_4,0.054618444
15.7052,B,mrac.pitch.theta_5,0.14362465
15.7052,B,mrac.pitch.u_nom,-0.062745526
15.7052,B,mrac.pitch.xm,-0.23178677
15.7052,B,mrac.roll.theta_0,0.14902297
15.7052,B,mrac.roll.theta_1,0.0049045999
15.7052,B,mrac.roll.theta_2,0.00020781149
15.7052,B,mrac.roll.theta_3,9.2655813e-05
15.7052,B,mrac.roll.theta_4,0.042928878
15.7052,B,mrac.roll.theta_5,0.14156674
15.7052,B,mrac.roll.u_nom,0.022679912
15.7052,B,mrac.roll.xm,0.19535325
15.7052,B,mrac.yaw.theta_0,0.086775437
15.7052,B,mrac.yaw.theta_1,0.0034581304
15.7052,B,mrac.yaw.theta_2,0.00030177226
15.7052,B,mrac.yaw.theta_3,0
15.7052,B,mrac.yaw.theta_4,0.068018034
15.7052,B,mrac.yaw.theta_5,0.089157522
15.7052,B,mrac.yaw.u_nom,0.0039643557
15.7052,B,mrac.yaw.xm,0.054039039
15.7052,B,mrac.z.theta_0,0
15.7052,B,mrac.z.theta_1,0
15.7052,B,mrac.z.theta_2,0
15.7052,B,mrac.z.theta_3,0
15.7052,B,mrac.z.theta_4,0
15.7052,B,mrac.z.theta_5,0
15.7052,B,mrac.z.u_nom,0
15.7052,B,mrac.z.xm,0
15.7052,B,path.active_path_mode,0
15.7052,B,path.circle_theta,0
15.7052,B,path.sinusoid_t_elapsed,0
15.7052,B,path.twc_arrived,0
15.7052,B,path.twc_target_x,0
15.7052,B,path.twc_target_y,0
15.7052,B,path.twc_target_z,0
15.7052,B,pid.gyrox.Des,11.192912
15.7052,B,pid.gyrox.FB,2.1282604
15.7052,B,pid.gyrox.U,26.535498
15.7052,B,pid.gyroy.Des,-13.280398
15.7052,B,pid.gyroy.FB,-0.53149551
15.7052,B,pid.gyroy.U,-73.412262
15.7052,B,pid.gyroz.Des,3.0962076
15.7052,B,pid.gyroz.FB,2.2309616
15.7052,B,pid.gyroz.U,7.4212742
15.7052,B,pid.locx.Des,0
15.7052,B,pid.locx.FB,0
15.7052,B,pid.locx.U,-2
15.7052,B,pid.locxs.Des,-2
15.7052,B,pid.locxs.FB,0
15.7052,B,pid.locxs.U,-6
15.7052,B,pid.locy.Des,-0
15.7052,B,pid.locy.FB,-0
15.7052,B,pid.locy.U,-2
15.7052,B,pid.locys.Des,-2
15.7052,B,pid.locys.FB,0
15.7052,B,pid.locys.U,-6
15.7052,B,pid.pitch.Des,0.016581282
15.7052,B,pid.pitch.FB,1.1082081
15.7052,B,pid.pitch.U,-13.280398
15.7052,B,pid.roll.Des,0.0012291579
15.7052,B,pid.roll.FB,-0.42658025
15.7052,B,pid.roll.U,11.192912
15.7052,B,pid.yaw.Des,-5.7369752
15.7052,B,pid.yaw.FB,-5.9480548
15.7052,B,pid.yaw.U,3.0962076
15.7052,B,pid.z_pos.Des,0
15.7052,B,pid.z_pos.FB,0
15.7052,B,pid.z_pos.U,0
15.7052,B,pid.z_rate.Des,0
15.7052,B,pid.z_rate.FB,0
15.7052,B,pid.z_rate.U,0
15.7052,B,status.vbat,16.188305
15.9055,A,mrac.pitch.e,0.26635912
15.9055,A,mrac.pitch.u_ad,-0.18543841
15.9055,A,mrac.roll.e,-0.18190132
15.9055,A,mrac.roll.u_ad,0.17987011
15.9055,A,mrac.yaw.e,-0.058413878
15.9055,A,mrac.yaw.u_ad,0.094355009
15.9055,A,mrac.z.e,0
15.9055,A,mrac.z.u_ad,0
15.9055,A,status.arm,1
15.9055,A,status.estimator_ready,1
15.9055,A,status.flymode,1
15.9055,A,status.of_hold,0
15.9055,A,status.rc_authority,0
15.9055,A,status.sbus_lost,0
15.9055,A,status.twc_arrived,0
15.9055,A,status.twc_execute,0
15.9055,B,mrac.pitch.theta_0,-0.14907669
15.9055,B,mrac.pitch.theta_1,0.0053936755
15.9055,B,mrac.pitch.theta_2,4.0435339e-08
15.9055,B,mrac.pitch.theta_3,0.00010259973
15.9055,B,mrac.pitch.theta_4,0.054700784
15.9055,B,mrac.pitch.theta_5,0.14365877
15.9055,B,mrac.pitch.u_nom,-0.063678198
15.9055,B,mrac.pitch.xm,-0.23197255
15.9055,B,mrac.roll.theta_0,0.14903671
15.9055,B,mrac.roll.theta_1,0.0048939153
15.9055,B,mrac.roll.theta_2,0.00020844293
15.9055,B,mrac.roll.theta_3,9.2757837e-05
15.9055,B,mrac.roll.theta_4,0.04300021
15.9055,B,mrac.roll.theta_5,0.14160904
15.9055,B,mrac.roll.u_nom,0.06241601
15.9055,B,mrac.roll.xm,0.20192707
15.9055,B,mrac.yaw.theta_0,0.087398224
15.9055,B,mrac.yaw.theta_1,0.0034505732
15.9055,B,mrac.yaw.theta_2,0.00030199179
15.9055,B,mrac.yaw.theta_3,0
15.9055,B,mrac.yaw.theta_4,0.068016559
15.9055,B,mrac.yaw.theta_5,0.089143857
15.9055,B,mrac.yaw.u_nom,0.019195151
15.9055,B,mrac.yaw.xm,0.062159985
15.9055,B,mrac.z.theta_0,0
15.9055,B,mrac.z.theta_1,0
15.9055,B,mrac.z.theta_2,0
15.9055,B,mrac.z.theta_3,0
15.9055,B,mrac.z.theta_4,0
15.9055,B,mrac.z.theta_5,0
15.9055,B,mrac.z.u_nom,0
15.9055,B,mrac.z.xm,0
15.9055,B,path.active_path_mode,0
15.9055,B,path.circle_theta,0
15.9055,B,path.sinusoid_t_elapsed,0
15.9055,B,path.twc_arrived,0
15.9055,B,path.twc_target_x,0
15.9055,B,path.twc_target_y,0
15.9055,B,path.twc_target_z,0
15.9055,B,pid.gyrox.Des,11.569564
15.9055,B,pid.gyrox.FB,-0.44730404
15.9055,B,pid.gyrox.U,73.026733
15.9055,B,pid.gyroy.Des,-13.291042
15.9055,B,pid.gyroy.FB,1.9379015
15.9055,B,pid.gyroy.U,-74.503494
15.9055,B,pid.gyroz.Des,3.5615034
15.9055,B,pid.gyroz.FB,-0.84185696
15.9055,B,pid.gyroz.U,35.933323
15.9055,B,pid.locx.Des,0
15.9055,B,pid.locx.FB,0
15.9055,B,pid.locx.U,-2
15.9055,B,pid.locxs.Des,-2
15.9055,B,pid.locxs.FB,0
15.9055,B,pid.locxs.U,-6
15.9055,B,pid.locy.Des,-0
15.9055,B,pid.locy.FB,-0
15.9055,B,pid.locy.U,-2
15.9055,B,pid.locys.Des,-2
15.9055,B,pid.locys.FB,0
15.9055,B,pid.locys.U,-6
15.9055,B,pid.pitch.Des,0.016581092
15.9055,B,pid.pitch.FB,1.0789677
15.9055,B,pid.pitch.U,-13.291042
15.9055,B,pid.roll.Des,0.0012291699
15.9055,B,pid.roll.FB,-0.50712436
15.9055,B,pid.roll.U,11.569564
15.9055,B,pid.yaw.Des,-5.7369752
15.9055,B,pid.yaw.FB,-5.9972258
15.9055,B,pid.yaw.U,3.5615034
15.9055,B,pid.z_pos.Des,0
15.9055,B,pid.z_pos.FB,0
15.9055,B,pid.z_pos.U,0
15.9055,B,pid.z_rate.Des,0
15.9055,B,pid.z_rate.FB,0
15.9055,B,pid.z_rate.U,0
15.9055,B,status.vbat,16.188305
16.1217,A,mrac.pitch.e,-0.20518403
16.1217,A,mrac.pitch.u_ad,-0.18112293
16.1217,A,mrac.roll.e,-0.36889273
16.1217,A,mrac.roll.u_ad,0.18164127
16.1217,A,mrac.yaw.e,0.36245498
16.1217,A,mrac.yaw.u_ad,0.0888559
16.1217,A,mrac.z.e,-0.241
16.1217,A,mrac.z.u_ad,0.031158604
16.1217,A,status.arm,1
16.1217,A,status.estimator_ready,1
16.1217,A,status.flymode,1
16.1217,A,status.of_hold,0
16.1217,A,status.rc_authority,0
16.1217,A,status.sbus_lost,0
16.1217,A,status.twc_arrived,0
16.1217,A,status.twc_execute,0
16.1218,B,mrac.pitch.theta_0,-0.14907245
16.1218,B,mrac.pitch.theta_1,0.0053877528
16.1218,B,mrac.pitch.theta_2,4.0398145e-08
16.1218,B,mrac.pitch.theta_3,0.00010340077
16.1218,B,mrac.pitch.theta_4,0.054833639
16.1218,B,mrac.pitch.theta_5,0.14371127
16.1218,B,mrac.pitch.u_nom,-0.068924539
16.1218,B,mrac.pitch.xm,-0.22758959
16.1218,B,mrac.roll.theta_0,0.14903525
16.1218,B,mrac.roll.theta_1,0.0048778486
16.1218,B,mrac.roll.theta_2,0.00021187485
16.1218,B,mrac.roll.theta_3,9.3116389e-05
16.1218,B,mrac.roll.theta_4,0.04311749
16.1218,B,mrac.roll.theta_5,0.14166935
16.1218,B,mrac.roll.u_nom,0.017205289
16.1218,B,mrac.roll.xm,0.20550521
16.1218,B,mrac.yaw.theta_0,0.08747869
16.1218,B,mrac.yaw.theta_1,0.0034323293
16.1218,B,mrac.yaw.theta_2,0.00030219051
16.1218,B,mrac.yaw.theta_3,0
16.1218,B,mrac.yaw.theta_4,0.068017386
16.1218,B,mrac.yaw.theta_5,0.089116834
16.1218,B,mrac.yaw.u_nom,-0.044926465
16.1218,B,mrac.yaw.xm,0.061284989
16.1218,B,mrac.z.theta_0,0.032192867
16.1218,B,mrac.z.theta_1,0
16.1218,B,mrac.z.theta_2,0
16.1218,B,mrac.z.theta_3,0
16.1218,B,mrac.z.theta_4,0.0012563838
16.1218,B,mrac.z.theta_5,0.00069729309
16.1218,B,mrac.z.u_nom,0.4198198
16.1218,B,mrac.z.xm,0.233
16.1218,B,path.active_path_mode,0
16.1218,B,path.circle_theta,0
16.1218,B,path.sinusoid_t_elapsed,0
16.1218,B,path.twc_arrived,0
16.1218,B,path.twc_target_x,0
16.1218,B,path.twc_target_y,0
16.1218,B,path.twc_target_z,0
16.1218,B,pid.gyrox.Des,11.774576
16.1218,B,pid.gyrox.FB,-2.1754291
16.1218,B,pid.gyrox.U,20.130188
16.1218,B,pid.gyroy.Des,-13.039918
16.1218,B,pid.gyroy.FB,-3.4581323
16.1218,B,pid.gyroy.U,-80.641708
16.1218,B,pid.gyroz.Des,3.5113697
16.1218,B,pid.gyroz.FB,14.120644
16.1218,B,pid.gyroz.U,-84.102341
16.1218,B,pid.locx.Des,0
16.1218,B,pid.locx.FB,0
16.1218,B,pid.locx.U,-2
16.1218,B,pid.locxs.Des,-2
16.1218,B,pid.locxs.FB,0.1043352
16.1218,B,pid.locxs.U,-6.9390178
16.1218,B,pid.locy.Des,-0
16.1218,B,pid.locy.FB,-0
16.1218,B,pid.locy.U,-2
16.1218,B,pid.locys.Des,-2
16.1218,B,pid.locys.FB,-0.99454218
16.1218,B,pid.locys.U,2.9508791
16.1218,B,pid.pitch.Des,0.016581168
16.1218,B,pid.pitch.FB,1.1178737
16.1218,B,pid.pitch.U,-13.039918
16.1218,B,pid.roll.Des,0.0012291539
16.1218,B,pid.roll.FB,-0.47593406
16.1218,B,pid.roll.U,11.774576
16.1218,B,pid.yaw.Des,-5.7369752
16.1218,B,pid.yaw.FB,-5.9888701
16.1218,B,pid.yaw.U,3.5113697
16.1218,B,pid.z_pos.Des,0
16.1218,B,pid.z_pos.FB,0
16.1218,B,pid.z_pos.U,0
16.1218,B,pid.z_rate.Des,0.233
16.1218,B,pid.z_rate.FB,0
16.1218,B,pid.z_rate.U,93.199997
16.1218,B,status.vbat,16.188305
16.3219,A,mrac.pitch.e,-0.012724429
16.3219,A,mrac.pitch.u_ad,-0.14340706
16.3219,A,mrac.roll.e,0.082341582
16.3219,A,mrac.roll.u_ad,0.17230959
16.3219,A,mrac.yaw.e,0.7357806
16.3219,A,mrac.yaw.u_ad,0.017047815
16.3219,A,mrac.z.e,0.75915539
16.3219,A,mrac.z.u_ad,0.043690186
16.3219,A,status.arm,1
16.3219,A,status.estimator_ready,1
16.3219,A,status.flymode,1
16.3219,A,status.of_hold,0
16.3219,A,status.rc_authority,0
16.3219,A,status.sbus_lost,0
16.3219,A,status.twc_arrived,0
16.3219,A,status.twc_execute,0
16.3219,B,mrac.pitch.theta_0,-0.13848096
16.3219,B,mrac.pitch.theta_1,0.0050788098
16.3219,B,mrac.pitch.theta_2,5.6239303e-05
16.3219,B,mrac.pitch.theta_3,0.00011353354
16.3219,B,mrac.pitch.theta_4,0.054915302
16.3219,B,mrac.pitch.theta_5,0.14356789
16.3219,B,mrac.pitch.u_nom,0.064334929
16.3219,B,mrac.pitch.xm,-0.10671905
16.3219,B,mrac.roll.theta_0,0.14278385
16.3219,B,mrac.roll.theta_1,0.0045046895
16.3219,B,mrac.roll.theta_2,0.00023265483
16.3219,B,mrac.roll.theta_3,9.9169993e-05
16.3219,B,mrac.roll.theta_4,0.043272819
16.3219,B,mrac.roll.theta_5,0.14160468
16.3219,B,mrac.roll.u_nom,0.14078353
16.3219,B,mrac.roll.xm,0.172406
16.3219,B,mrac.yaw.theta_0,0.059711616
16.3219,B,mrac.yaw.theta_1,0.002985887
16.3219,B,mrac.yaw.theta_2,0.00028987147
16.3219,B,mrac.yaw.theta_3,0
16.3219,B,mrac.yaw.theta_4,0.068263859
16.3219,B,mrac.yaw.theta_5,0.089078844
16.3219,B,mrac.yaw.u_nom,-0.14642814
16.3219,B,mrac.yaw.xm,-0.25144073
16.3219,B,mrac.z.theta_0,0.062731028
16.3219,B,mrac.z.theta_1,0
16.3219,B,mrac.z.theta_2,0
16.3219,B,mrac.z.theta_3,0
16.3219,B,mrac.z.theta_4,0.0025877582
16.3219,B,mrac.z.theta_5,0.0014362056
16.3219,B,mrac.z.u_nom,-1.3513514
16.3219,B,mrac.z.xm,0.23999999
16.3219,B,path.active_path_mode,0
16.3219,B,path.circle_theta,0
16.3219,B,path.sinusoid_t_elapsed,0
16.3219,B,path.twc_arrived,0
16.3219,B,path.twc_target_x,0
16.3219,B,path.twc_target_y,0
16.3219,B,path.twc_target_z,0
16.3219,B,pid.gyrox.Des,9.8781319
16.3219,B,pid.gyrox.FB,-18.620935
16.3219,B,pid.gyrox.U,164.71674
16.3219,B,pid.gyroy.Des,-6.1145482
16.3219,B,pid.gyroy.FB,-21.022421
16.3219,B,pid.gyroy.U,75.271866
16.3219,B,pid.gyroz.Des,-14.406487
16.3219,B,pid.gyroz.FB,19.94153
16.3219,B,pid.gyroz.U,-274.11346
16.3219,B,pid.locx.Des,0
16.3219,B,pid.locx.FB,-0.01488679
16.3219,B,pid.locx.U,-1.9783679
16.3219,B,pid.locxs.Des,-1.9783679
16.3219,B,pid.locxs.FB,-0.77787769
16.3219,B,pid.locxs.U,2.2186389
16.3219,B,pid.locy.Des,-0
16.3219,B,pid.locy.FB,-0.22159484
16.3219,B,pid.locy.U,-1.6877189
16.3219,B,pid.locys.Des,-1.6877189
16.3219,B,pid.locys.FB,-4.0490623
16.3219,B,pid.locys.U,13.730778
16.3219,B,pid.pitch.Des,0.016581461
16.3219,B,pid.pitch.FB,-0.94465649
16.3219,B,pid.pitch.U,-6.1145482
16.3219,B,pid.roll.Des,0.0012292208
16.3219,B,pid.roll.FB,0.33218324
16.3219,B,pid.roll.U,9.8781319
16.3219,B,pid.yaw.Des,-5.7369752
16.3219,B,pid.yaw.FB,-3.1614738
16.3219,B,pid.yaw.U,-14.406487
16.3219,B,pid.z_pos.Des,0
16.3219,B,pid.z_pos.FB,0.079987787
16.3219,B,pid.z_pos.U,0
16.3219,B,pid.z_rate.Des,0.23999999
16.3219,B,pid.z_rate.FB,1.5997558
16.3219,B,pid.z_rate.U,-300
16.3219,B,status.vbat,16.188305
16.5388,A,mrac.pitch.e,-0.73117578
16.5388,A,mrac.pitch.u_ad,-0.11770307
16.5388,A,mrac.roll.e,-0.35203686
16.5388,A,mrac.roll.u_ad,0.12628634
16.5388,A,mrac.yaw.e,0.47746298
16.5388,A,mrac.yaw.u_ad,-0.039664887
16.5388,A,mrac.z.e,0.60134679
16.5388,A,mrac.z.u_ad,0.024592908
16.5388,A,status.arm,1
16.5388,A,status.estimator_ready,1
16.5388,A,status.flymode,1
16.5388,A,status.of_hold,0
16.5388,A,status.rc_authority,0
16.5388,A,status.sbus_lost,0
16.5388,A,status.twc_arrived,0
16.5388,A,status.twc_execute,0
16.5389,B,mrac.pitch.theta_0,-0.1322194
16.5389,B,mrac.pitch.theta_1,0.0040940708
16.5389,B,mrac.pitch.theta_2,0.00022361874
16.5389,B,mrac.pitch.theta_3,0.00011158086
16.5389,B,mrac.pitch.theta_4,0.0551879
16.5389,B,mrac.pitch.theta_5,0.14342982
16.5389,B,mrac.pitch.u_nom,0.25641027
16.5389,B,mrac.pitch.xm,0.0059533077
16.5389,B,mrac.roll.theta_0,0.1198364
16.5389,B,mrac.roll.theta_1,0.0031987668
16.5389,B,mrac.roll.theta_2,0.00030906466
16.5389,B,mrac.roll.theta_3,0.00010228725
16.5389,B,mrac.roll.theta_4,0.043670774
16.5389,B,mrac.roll.theta_5,0.14140773
16.5389,B,mrac.roll.u_nom,0.19195165
16.5389,B,mrac.roll.xm,-0.0029274477
16.5389,B,mrac.yaw.theta_0,0.027023712
16.5389,B,mrac.yaw.theta_1,0.00249466
16.5389,B,mrac.yaw.theta_2,0.00027217891
16.5389,B,mrac.yaw.theta_3,0
16.5389,B,mrac.yaw.theta_4,0.068778962
16.5389,B,mrac.yaw.theta_5,0.089091681
16.5389,B,mrac.yaw.u_nom,-0.18656215
16.5389,B,mrac.yaw.xm,-0.84008199
16.5389,B,mrac.z.theta_0,0.052987821
16.5389,B,mrac.z.theta_1,0
16.5389,B,mrac.z.theta_2,0
16.5389,B,mrac.z.theta_3,0
16.5389,B,mrac.z.theta_4,0.0065037399
16.5389,B,mrac.z.theta_5,0.0014525261
16.5389,B,mrac.z.u_nom,-1.3513514
16.5389,B,mrac.z.xm,-0.070074476
16.5389,B,path.active_path_mode,0
16.5389,B,path.circle_theta,0
16.5389,B,path.sinusoid_t_elapsed,0
16.5389,B,path.twc_arrived,0
16.5389,B,path.twc_target_x,0
16.5389,B,path.twc_target_y,0
16.5389,B,path.twc_target_z,0
16.5389,B,pid.gyrox.Des,-0.16773033
16.5389,B,pid.gyrox.FB,-40.605064
16.5389,B,pid.gyrox.U,224.58342
16.5389,B,pid.gyroy.Des,0.34109926
16.5389,B,pid.gyroy.FB,-61.80883
16.5389,B,pid.gyroy.U,300
16.5389,B,pid.gyroz.Des,-48.133133
16.5389,B,pid.gyroz.FB,1.7353666
16.5389,B,pid.gyroz.U,-349.24435
16.5389,B,pid.locx.Des,0
16.5389,B,pid.locx.FB,-0.36102208
16.5389,B,pid.locx.U,-1.6571026
16.5389,B,pid.locxs.Des,-1.6571026
16.5389,B,pid.locxs.FB,-0.042915504
16.5389,B,pid.locxs.U,-10.822523
16.5389,B,pid.locy.Des,-0
16.5389,B,pid.locy.FB,-0.70602977
16.5389,B,pid.locy.U,-1.2924232
16.5389,B,pid.locys.Des,-1.2924232
16.5389,B,pid.locys.FB,-0.99907869
16.5389,B,pid.locys.U,-0.82375878
16.5389,B,pid.pitch.Des,-0.01409166
16.5389,B,pid.pitch.FB,-1.2417618
16.5389,B,pid.pitch.U,0.34109926
16.5389,B,pid.roll.Des,0.001229099
16.5389,B,pid.roll.FB,3.8156576
16.5389,B,pid.roll.U,-0.16773033
16.5389,B,pid.yaw.Des,-5.7369752
16.5389,B,pid.yaw.FB,2.4596345
16.5389,B,pid.yaw.U,-48.133133
16.5389,B,pid.z_pos.Des,0.20979834
16.5389,B,pid.z_pos.FB,0.29926467
16.5389,B,pid.z_pos.U,-0.070074476
16.5389,B,pid.z_rate.Des,-0.070074476
16.5389,B,pid.z_rate.FB,1.1135266
16.5389,B,pid.z_rate.U,-300
16.5389,B,status.vbat,16.188305
16.7407,A,mrac.pitch.e,-0.2538082
16.7407,A,mrac.pitch.u_ad,-0.10261663
16.7407,A,mrac.roll.e,0.067960449
16.7407,A,mrac.roll.u_ad,0.12818654
16.7407,A,mrac.yaw.e,0.29925036
16.7407,A,mrac.yaw.u_ad,-0.051948722
16.7407,A,mrac.z.e,0.69366884
16.7407,A,mrac.z.u_ad,0.015432436
16.7407,A,status.arm,1
16.7407,A,status.estimator_ready,1
16.7407,A,status.flymode,1
16.7407,A,status.of_hold,0
16.7407,A,status.rc_authority,0
16.7407,A,status.sbus_lost,0
16.7407,A,status.twc_arrived,0
16.7407,A,status.twc_execute,0
16.7408,B,mrac.pitch.theta_0,-0.12969962
16.7408,B,mrac.pitch.theta_1,0.003134409
16.7408,B,mrac.pitch.theta_2,0.00037601154
16.7408,B,mrac.pitch.theta_3,0.00023039602
16.7408,B,mrac.pitch.theta_4,0.055468321
16.7408,B,mrac.pitch.theta_5,0.14332414
16.7408,B,mrac.pitch.u_nom,0.049899109
16.7408,B,mrac.pitch.xm,0.013910006
16.7408,B,mrac.roll.theta_0,0.12086223
16.7408,B,mrac.roll.theta_1,0.0025553943
16.7408,B,mrac.roll.theta_2,0.00047047826
16.7408,B,mrac.roll.theta_3,0.00028385391
16.7408,B,mrac.roll.theta_4,0.043940011
16.7408,B,mrac.roll.theta_5,0.14132571
16.7408,B,mrac.roll.u_nom,0.1762308
16.7408,B,mrac.roll.xm,-0.015004763
16.7408,B,mrac.yaw.theta_0,0.0037154246
16.7408,B,mrac.yaw.theta_1,0.0031028278
16.7408,B,mrac.yaw.theta_2,0.00026404677
16.7408,B,mrac.yaw.theta_3,0
16.7408,B,mrac.yaw.theta_4,0.068995528
16.7408,B,mrac.yaw.theta_5,0.089126863
16.7408,B,mrac.yaw.u_nom,-0.087860681
16.7408,B,mrac.yaw.xm,-0.55798697
16.7408,B,mrac.z.theta_0,0.046054985
16.7408,B,mrac.z.theta_1,0
16.7408,B,mrac.z.theta_2,0
16.7408,B,mrac.z.theta_3,0
16.7408,B,mrac.z.theta_4,0.0096380785
16.7408,B,mrac.z.theta_5,0.0017243393
16.7408,B,mrac.z.u_nom,-1.3513514
16.7408,B,mrac.z.xm,-0.15550278
16.7408,B,path.active_path_mode,0
16.7408,B,path.circle_theta,0
16.7408,B,path.sinusoid_t_elapsed,0
16.7408,B,path.twc_arrived,0
16.7408,B,path.twc_target_x,0
16.7408,B,path.twc_target_y,0
16.7408,B,path.twc_target_z,0
16.7408,B,pid.gyrox.Des,-0.85970926
16.7408,B,pid.gyrox.FB,-39.581062
16.7408,B,pid.gyrox.U,206.19003
16.7408,B,pid.gyroy.Des,0.79698431
16.7408,B,pid.gyroy.FB,-19.530859
16.7408,B,pid.gyroy.U,58.381958
16.7408,B,pid.gyroz.Des,-31.970285
16.7408,B,pid.gyroz.FB,-11.360051
16.7408,B,pid.gyroz.U,-164.47519
16.7408,B,pid.locx.Des,0
16.7408,B,pid.locx.FB,-0.20756391
16.7408,B,pid.locx.U,-1.8128242
16.7408,B,pid.locxs.Des,-1.8128242
16.7408,B,pid.locxs.FB,3.9958794
16.7408,B,pid.locxs.U,-23.404085
16.7408,B,pid.locy.Des,-0
16.7408,B,pid.locy.FB,-0.54056388
16.7408,B,pid.locy.U,-1.3359469
16.7408,B,pid.locys.Des,-1.3359469
16.7408,B,pid.locys.FB,1.01634
16.7408,B,pid.locys.U,-7.2076249
16.7408,B,pid.pitch.Des,0.016560337
16.7408,B,pid.pitch.FB,-0.54487449
16.7408,B,pid.pitch.U,0.79698431
16.7408,B,pid.roll.Des,0.0012293323
16.7408,B,pid.roll.FB,2.9115119
16.7408,B,pid.roll.U,-0.85970926
16.7408,B,pid.yaw.Des,-5.7369752
16.7408,B,pid.yaw.FB,-0.23417427
16.7408,B,pid.yaw.U,-31.970285
16.7408,B,pid.z_pos.Des,0.20979834
16.7408,B,pid.z_pos.FB,0.40945223
16.7408,B,pid.z_pos.U,-0.15550278
16.7408,B,pid.z_rate.Des,-0.15550278
16.7408,B,pid.z_rate.FB,0.87565422
16.7408,B,pid.z_rate.U,-300
16.7408,B,status.vbat,16.188305
16.9418,A,mrac.pitch.e,0.0027339086
16.9418,A,mrac.pitch.u_ad,-0.10410566
16.9418,A,mrac.roll.e,-0.073540114
16.9418,A,mrac.roll.u_ad,0.12286799
16.9418,A,mrac.yaw.e,0.4018617
16.9418,A,mrac.yaw.u_ad,-0.063824013
16.9418,A,mrac.z.e,0.83940971
16.9418,A,mrac.z.u_ad,0.022994325
16.9418,A,status.arm,1
16.9418,A,status.estimator_ready,1
16.9418,A,status.flymode,1
16.9418,A,status.of_hold,0
16.9418,A,status.rc_authority,0
16.9418,A,status.sbus_lost,0
16.9418,A,status.twc_arrived,0
16.9418,A,status.twc_execute,0
16.9419,B,mrac.pitch.theta_0,-0.11588782
16.9419,B,mrac.pitch.theta_1,0.0026155254
16.9419,B,mrac.pitch.theta_2,0.00048533222
16.9419,B,mrac.pitch.theta_3,0.00028912703
16.9419,B,mrac.pitch.theta_4,0.055686273
16.9419,B,mrac.pitch.theta_5,0.14320061
16.9419,B,mrac.pitch.u_nom,0.028210489
16.9419,B,mrac.pitch.xm,0.10529667
16.9419,B,mrac.roll.theta_0,0.12944107
16.9419,B,mrac.roll.theta_1,0.002014027
16.9419,B,mrac.roll.theta_2,0.0006750719
16.9419,B,mrac.roll.theta_3,0.00035024749
16.9419,B,mrac.roll.theta_4,0.044214495
16.9419,B,mrac.roll.theta_5,0.14119305
16.9419,B,mrac.roll.u_nom,-0.028444121
16.9419,B,mrac.roll.xm,-0.018650983
16.9419,B,mrac.yaw.theta_0,-0.031373408
16.9419,B,mrac.yaw.theta_1,0.0034210358
16.9419,B,mrac.yaw.theta_2,0.00026152917
16.9419,B,mrac.yaw.theta_3,0
16.9419,B,mrac.yaw.theta_4,0.069248423
16.9419,B,mrac.yaw.theta_5,0.089140818
16.9419,B,mrac.yaw.u_nom,-0.09541218
16.9419,B,mrac.yaw.xm,-0.40100354
16.9419,B,mrac.z.theta_0,0.035878498
16.9419,B,mrac.z.theta_1,0
16.9419,B,mrac.z.theta_2,0
16.9419,B,mrac.z.theta_3,0
16.9419,B,mrac.z.theta_4,0.015182752
16.9419,B,mrac.z.theta_5,0.0027500172
16.9419,B,mrac.z.u_nom,-1.1668469
16.9419,B,mrac.z.xm,-0.25437674
16.9419,B,path.active_path_mode,0
16.9419,B,path.circle_theta,0
16.9419,B,path.sinusoid_t_elapsed,0
16.9419,B,path.twc_arrived,0
16.9419,B,path.twc_target_x,0
16.9419,B,path.twc_target_y,0
16.9419,B,path.twc_target_z,0
16.9419,B,pid.gyrox.Des,-1.0686221
16.9419,B,pid.gyrox.FB,3.7900529
16.9419,B,pid.gyrox.U,-33.279621
16.9419,B,pid.gyroy.Des,6.0330524
16.9419,B,pid.gyroy.FB,2.3819509
16.9419,B,pid.gyroy.U,33.006271
16.9419,B,pid.gyroz.Des,-22.975801
16.9419,B,pid.gyroz.FB,-0.64249986
16.9419,B,pid.gyroz.U,-178.6116
16.9419,B,pid.locx.Des,0
16.9419,B,pid.locx.FB,0.83563918
16.9419,B,pid.locx.U,-2.7588022
16.9419,B,pid.locxs.Des,-2.7588022
16.9419,B,pid.locxs.FB,4.9069729
16.9419,B,pid.locxs.U,-23.232647
16.9419,B,pid.locy.Des,-0
16.9419,B,pid.locy.FB,0.15648529
16.9419,B,pid.locy.U,-1.9694598
16.9419,B,pid.locys.Des,-1.9694598
16.9419,B,pid.locys.FB,3.1498592
16.9419,B,pid.locys.U,-15.563528
16.9419,B,pid.pitch.Des,0.016581738
16.9419,B,pid.pitch.FB,-0.68165058
16.9419,B,pid.pitch.U,6.0330524
16.9419,B,pid.roll.Des,0.0012293009
16.9419,B,pid.roll.FB,-0.017417843
16.9419,B,pid.roll.U,-1.0686221
16.9419,B,pid.yaw.Des,-5.7369752
16.9419,B,pid.yaw.FB,-1.7332543
16.9419,B,pid.yaw.U,-22.975801
16.9419,B,pid.z_pos.Des,0.20979834
16.9419,B,pid.z_pos.FB,0.50996387
16.9419,B,pid.z_pos.U,-0.25437674
16.9419,B,pid.z_rate.Des,-0.25437674
16.9419,B,pid.z_rate.FB,0.39322329
16.9419,B,pid.z_rate.U,-259.04001
16.9419,B,status.vbat,16.188305
17.1590,A,mrac.pitch.e,-0.037841734
17.1590,A,mrac.pitch.u_ad,-0.11800447
17.1590,A,mrac.roll.e,-0.044935547
17.1590,A,mrac.roll.u_ad,0.13141179
17.1590,A,mrac.yaw.e,0.45420256
17.1590,A,mrac.yaw.u_ad,-0.10355094
17.1590,A,mrac.z.e,0.35648605
17.1590,A,mrac.z.u_ad,0.016213603
17.1590,A,status.arm,1
17.1590,A,status.estimator_ready,1
17.1590,A,status.flymode,1
17.1590,A,status.of_hold,0
17.1590,A,status.rc_authority,0
17.1590,A,status.sbus_lost,0
17.1590,A,status.twc_arrived,0
17.1590,A,status.twc_execute,0
17.1592,B,mrac.pitch.theta_0,-0.11788845
17.1592,B,mrac.pitch.theta_1,0.0025000223
17.1592,B,mrac.pitch.theta_2,0.00048577343
17.1592,B,mrac.pitch.theta_3,0.0002916879
17.1592,B,mrac.pitch.theta_4,0.055746049
17.1592,B,mrac.pitch.theta_5,0.14312109
17.1592,B,mrac.pitch.u_nom,-0.049465176
17.1592,B,mrac.pitch.xm,0.065888457
17.1592,B,mrac.roll.theta_0,0.13146779
17.1592,B,mrac.roll.theta_1,0.0018102146
17.1592,B,mrac.roll.theta_2,0.00073734915
17.1592,B,mrac.roll.theta_3,0.00035456737
17.1592,B,mrac.roll.theta_4,0.044342246
17.1592,B,mrac.roll.theta_5,0.14113049
17.1592,B,mrac.roll.u_nom,0.070027858
17.1592,B,mrac.roll.xm,0.024369214
17.1592,B,mrac.yaw.theta_0,-0.057554085
17.1592,B,mrac.yaw.theta_1,0.0034477415
17.1592,B,mrac.yaw.theta_2,0.00026119873
17.1592,B,mrac.yaw.theta_3,0
17.1592,B,mrac.yaw.theta_4,0.06946566
17.1592,B,mrac.yaw.theta_5,0.089147173
17.1592,B,mrac.yaw.u_nom,-0.10492383
17.1592,B,mrac.yaw.xm,-0.39054444
17.1592,B,mrac.z.theta_0,0.029983394
17.1592,B,mrac.z.theta_1,6.7963709e-05
17.1592,B,mrac.z.theta_2,0
17.1592,B,mrac.z.theta_3,0
17.1592,B,mrac.z.theta_4,0.01746856
17.1592,B,mrac.z.theta_5,0.0036529722
17.1592,B,mrac.z.u_nom,-0.5461393
17.1592,B,mrac.z.xm,-0.26162094
17.1592,B,path.active_path_mode,0
17.1592,B,path.circle_theta,0
17.1592,B,path.sinusoid_t_elapsed,0
17.1592,B,path.twc_arrived,0
17.1592,B,path.twc_target_x,0
17.1592,B,path.twc_target_y,0
17.1592,B,path.twc_target_z,0
17.1592,B,pid.gyrox.Des,1.3962525
17.1592,B,pid.gyrox.FB,-6.5363097
17.1592,B,pid.gyrox.U,81.932594
17.1592,B,pid.gyroy.Des,3.7751288
17.1592,B,pid.gyroy.FB,14.405928
17.1592,B,pid.gyroy.U,-57.874256
17.1592,B,pid.gyroz.Des,-22.376539
17.1592,B,pid.gyroz.FB,2.1523614
17.1592,B,pid.gyroz.U,-196.4174
17.1592,B,pid.locx.Des,0
17.1592,B,pid.locx.FB,1.4947097
17.1592,B,pid.locx.U,-3.313149
17.1592,B,pid.locxs.Des,-3.313149
17.1592,B,pid.locxs.FB,3.9339755
17.1592,B,pid.locxs.U,-22.071678
17.1592,B,pid.locy.Des,-0
17.1592,B,pid.locy.FB,0.66778487
17.1592,B,pid.locy.U,-2.3886454
17.1592,B,pid.locys.Des,-2.3886454
17.1592,B,pid.locys.FB,2.1269312
17.1592,B,pid.locys.U,-7.6935339
17.1592,B,pid.pitch.Des,0.016580092
17.1592,B,pid.pitch.FB,0.052671161
17.1592,B,pid.pitch.U,3.7751288
17.1592,B,pid.roll.Des,0.0012293874
17.1592,B,pid.roll.FB,-0.80751306
17.1592,B,pid.roll.U,1.3962525
17.1592,B,pid.yaw.Des,-5.7369752
17.1592,B,pid.yaw.FB,-1.8331318
17.1592,B,pid.yaw.U,-22.376539
17.1592,B,pid.z_pos.Des,0.20979834
17.1592,B,pid.z_pos.FB,0.50994909
17.1592,B,pid.z_pos.U,-0.26162094
17.1592,B,pid.z_rate.Des,-0.26162094
17.1592,B,pid.z_rate.FB,0.041486382
17.1592,B,pid.z_rate.U,-121.24293
17.1592,B,status.vbat,16.188305
17.3729,A,mrac.pitch.e,-0.15390433
17.3729,A,mrac.pitch.u_ad,-0.11606107
17.3729,A,mrac.roll.e,0.020827025
17.3729,A,mrac.roll.u_ad,0.15261
17.3729,A,mrac.yaw.e,0.40892917
17.3729,A,mrac.yaw.u_ad,-0.13198219
17.3729,A,mrac.z.e,0.55533099
17.3729,A,mrac.z.u_ad,0.015986802
17.3729,A,status.arm,1
17.3729,A,status.estimator_ready,1
17.3729,A,status.flymode,1
17.3729,A,status.of_hold,1
17.3729,A,status.rc_authority,0
17.3729,A,status.sbus_lost,0
17.3729,A,status.twc_arrived,0
17.3729,A,status.twc_execute,0
17.3730,B,mrac.pitch.theta_0,-0.1203199
17.3730,B,mrac.pitch.theta_1,0.0022391339
17.3730,B,mrac.pitch.theta_2,0.00050580275
17.3730,B,mrac.pitch.theta_3,0.0002923061
17.3730,B,mrac.pitch.theta_4,0.055882204
17.3730,B,mrac.pitch.theta_5,0.14302491
17.3730,B,mrac.pitch.u_nom,-0.039089002
17.3730,B,mrac.pitch.xm,-0.002452529
17.3730,B,mrac.roll.theta_0,0.13739891
17.3730,B,mrac.roll.theta_1,0.0017328839
17.3730,B,mrac.roll.theta_2,0.0007537338
17.3730,B,mrac.roll.theta_3,0.0003556046
17.3730,B,mrac.roll.theta_4,0.044434067
17.3730,B,mrac.roll.theta_5,0.14109968
17.3730,B,mrac.roll.u_nom,0.096806124
17.3730,B,mrac.roll.xm,0.16209114
17.3730,B,mrac.yaw.theta_0,-0.086600818
17.3730,B,mrac.yaw.theta_1,0.0033681714
17.3730,B,mrac.yaw.theta_2,0.0002605062
17.3730,B,mrac.yaw.theta_3,0
17.3730,B,mrac.yaw.theta_4,0.069907255
17.3730,B,mrac.yaw.theta_5,0.089163221
17.3730,B,mrac.yaw.u_nom,-0.10540504
17.3730,B,mrac.yaw.xm,-0.4372775
17.3730,B,mrac.z.theta_0,0.024070926
17.3730,B,mrac.z.theta_1,6.3737003e-05
17.3730,B,mrac.z.theta_2,5.0340332e-06
17.3730,B,mrac.z.theta_3,0
17.3730,B,mrac.z.theta_4,0.020758403
17.3730,B,mrac.z.theta_5,0.0049966169
17.3730,B,mrac.z.u_nom,-0.068735816
17.3730,B,mrac.z.xm,-0.2615625
17.3730,B,path.active_path_mode,0
17.3730,B,path.circle_theta,0
17.3730,B,path.sinusoid_t_elapsed,0
17.3730,B,path.twc_arrived,0
17.3730,B,path.twc_target_x,0
17.3730,B,path.twc_target_y,0
17.3730,B,path.twc_target_z,0
17.3730,B,pid.gyrox.Des,9.2871342
17.3730,B,pid.gyrox.FB,-7.3320799
17.3730,B,pid.gyrox.U,113.26317
17.3730,B,pid.gyroy.Des,-0.1405195
17.3730,B,pid.gyroy.FB,-10.450744
17.3730,B,pid.gyroy.U,-45.734131
17.3730,B,pid.gyroz.Des,-25.054144
17.3730,B,pid.gyroz.FB,-0.40491018
17.3730,B,pid.gyroz.U,-197.31824
17.3730,B,pid.locx.Des,0
17.3730,B,pid.locx.FB,1.7083873
17.3730,B,pid.locx.U,-3.2886701
17.3730,B,pid.locxs.Des,-3.2886701
17.3730,B,pid.locxs.FB,-1.9510082
17.3730,B,pid.locxs.U,-3.8001213
17.3730,B,pid.locy.Des,-0
17.3730,B,pid.locy.FB,0.69466573
17.3730,B,pid.locy.U,-2.4351168
17.3730,B,pid.locys.Des,-2.4351168
17.3730,B,pid.locys.FB,-2.0478201
17.3730,B,pid.locys.U,-1.101644
17.3730,B,pid.pitch.Des,-0.058961283
17.3730,B,pid.pitch.FB,0.77850997
17.3730,B,pid.pitch.U,-0.1405195
17.3730,B,pid.roll.Des,0.22349486
17.3730,B,pid.roll.FB,-1.0695448
17.3730,B,pid.roll.U,9.2871342
17.3730,B,pid.yaw.Des,-5.7369752
17.3730,B,pid.yaw.FB,-1.3868643
17.3730,B,pid.yaw.U,-25.054144
17.3730,B,pid.z_pos.Des,0.20979834
17.3730,B,pid.z_pos.FB,0.50986403
17.3730,B,pid.z_pos.U,-0.2615625
17.3730,B,pid.z_rate.Des,-0.2615625
17.3730,B,pid.z_rate.FB,-0.22331578
17.3730,B,pid.z_rate.U,-15.259351
17.3730,B,status.vbat,16.188305
17.5889,A,mrac.pitch.e,0.18115182
17.5889,A,mrac.pitch.u_ad,-0.11646637
17.5889,A,mrac.roll.e,0.34365392
17.5889,A,mrac.roll.u_ad,0.14426687
17.5889,A,mrac.yaw.e,0.39168379
17.5889,A,mrac.yaw.u_ad,-0.13848838
17.5889,A,mrac.z.e,0.34589005
17.5889,A,mrac.z.u_ad,0.002162779
17.5889,A,status.arm,1
17.5889,A,status.estimator_ready,1
17.5889,A,status.flymode,1
17.5889,A,status.of_hold,1
17.5889,A,status.rc_authority,0
17.5889,A,status.sbus_lost,0
17.5889,A,status.twc_arrived,0
17.5889,A,status.twc_execute,0
17.5890,B,mrac.pitch.theta_0,-0.11736702
17.5890,B,mrac.pitch.theta_1,0.0021369648
17.5890,B,mrac.pitch.theta_2,0.00052001246
17.5890,B,mrac.pitch.theta_3,0.00029376158
17.5890,B,mrac.pitch.theta_4,0.05594581
17.5890,B,mrac.pitch.theta_5,0.14298837
17.5890,B,mrac.pitch.u_nom,0.051589828
17.5890,B,mrac.pitch.xm,0.017839164
17.5890,B,mrac.roll.theta_0,0.13664374
17.5890,B,mrac.roll.theta_1,0.0015961581
17.5890,B,mrac.roll.theta_2,0.00079571788
17.5890,B,mrac.roll.theta_3,0.00035717097
17.5890,B,mrac.roll.theta_4,0.044557981
17.5890,B,mrac.roll.theta_5,0.14104649
17.5890,B,mrac.roll.u_nom,0.040728506
17.5890,B,mrac.roll.xm,0.10586732
17.5890,B,mrac.yaw.theta_0,-0.089161411
17.5890,B,mrac.yaw.theta_1,0.0033387407
17.5890,B,mrac.yaw.theta_2,0.00026015952
17.5890,B,mrac.yaw.theta_3,0
17.5890,B,mrac.yaw.theta_4,0.070220016
17.5890,B,mrac.yaw.theta_5,0.089177035
17.5890,B,mrac.yaw.u_nom,-0.11676527
17.5890,B,mrac.yaw.xm,-0.45723793
17.5890,B,mrac.z.theta_0,0.020445013
17.5890,B,mrac.z.theta_1,0.00025440875
17.5890,B,mrac.z.theta_2,5.016489e-06
17.5890,B,mrac.z.theta_3,0
17.5890,B,mrac.z.theta_4,0.022785861
17.5890,B,mrac.z.theta_5,0.0058654598
17.5890,B,mrac.z.u_nom,-0.58910465
17.5890,B,mrac.z.xm,-0.27560142
17.5890,B,path.active_path_mode,0
17.5890,B,path.circle_theta,0
17.5890,B,path.sinusoid_t_elapsed,0
17.5890,B,path.twc_arrived,0
17.5890,B,path.twc_target_x,0
17.5890,B,path.twc_target_y,0
17.5890,B,path.twc_target_z,0
17.5890,B,pid.gyrox.Des,6.0657482
17.5890,B,pid.gyrox.FB,-17.179771
17.5890,B,pid.gyrox.U,47.652351
17.5890,B,pid.gyroy.Des,1.0221083
17.5890,B,pid.gyroy.FB,-8.5852194
17.5890,B,pid.gyroy.U,60.3601
17.5890,B,pid.gyroz.Des,-26.197792
17.5890,B,pid.gyroz.FB,1.0960093
17.5890,B,pid.gyroz.U,-218.58458
17.5890,B,pid.locx.Des,0
17.5890,B,pid.locx.FB,1.0069374
17.5890,B,pid.locx.U,-2.5925612
17.5890,B,pid.locxs.Des,-2.5925612
17.5890,B,pid.locxs.FB,-4.8945246
17.5890,B,pid.locxs.U,7.3050914
17.5890,B,pid.locy.Des,-0
17.5890,B,pid.locy.FB,0.28918669
17.5890,B,pid.locy.U,-2.082932
17.5890,B,pid.locys.Des,-2.082932
17.5890,B,pid.locys.FB,-5.1032953
17.5890,B,pid.locys.U,9.2660589
17.5890,B,pid.pitch.Des,0.53225809
17.5890,B,pid.pitch.FB,0.47173923
17.5890,B,pid.pitch.U,1.0221083
17.5890,B,pid.roll.Des,-0.43798926
17.5890,B,pid.roll.FB,-0.94248003
17.5890,B,pid.roll.U,6.0657482
17.5890,B,pid.yaw.Des,-5.7369752
17.5890,B,pid.yaw.FB,-1.196256
17.5890,B,pid.yaw.U,-26.197792
17.5890,B,pid.z_pos.Des,0.20979834
17.5890,B,pid.z_pos.FB,0.52991027
17.5890,B,pid.z_pos.U,-0.27560142
17.5890,B,pid.z_rate.Des,-0.27560142
17.5890,B,pid.z_rate.FB,0.051189102
17.5890,B,pid.z_rate.U,-130.78123
17.5890,B,status.vbat,16.188305
17.7901,A,mrac.pitch.e,-0.22464019
17.7901,A,mrac.pitch.u_ad,-0.10359105
17.7901,A,mrac.roll.e,-0.10992179
17.7901,A,mrac.roll.u_ad,0.12860361
17.7901,A,mrac.yaw.e,0.51568913
17.7901,A,mrac.yaw.u_ad,-0.13847084
17.7901,A,mrac.z.e,0.5807364
17.7901,A,mrac.z.u_ad,-0.012928879
17.7901,A,status.arm,1
17.7901,A,status.estimator_ready,1
17.7901,A,status.flymode,1
17.7901,A,status.of_hold,1
17.7901,A,status.rc_authority,0
17.7901,A,status.sbus_lost,0
17.7901,A,status.twc_arrived,0
17.7901,A,status.twc_execute,0
17.7902,B,mrac.pitch.theta_0,-0.12119845
17.7902,B,mrac.pitch.theta_1,0.0019604727
17.7902,B,mrac.pitch.theta_2,0.00052879157
17.7902,B,mrac.pitch.theta_3,0.00029577359
17.7902,B,mrac.pitch.theta_4,0.056057401
17.7902,B,mrac.pitch.theta_5,0.14287786
17.7902,B,mrac.pitch.u_nom,0.085853748
17.7902,B,mrac.pitch.xm,0.074284658
17.7902,B,mrac.roll.theta_0,0.13431171
17.7902,B,mrac.roll.theta_1,0.0014436141
17.7902,B,mrac.roll.theta_2,0.00084298692
17.7902,B,mrac.roll.theta_3,0.00035929016
17.7902,B,mrac.roll.theta_4,0.044705521
17.7902,B,mrac.roll.theta_5,0.14098056
17.7902,B,mrac.roll.u_nom,0.082290351
17.7902,B,mrac.roll.xm,-0.037067465
17.7902,B,mrac.yaw.theta_0,-0.089663088
17.7902,B,mrac.yaw.theta_1,0.0033742255
17.7902,B,mrac.yaw.theta_2,0.00025969881
17.7902,B,mrac.yaw.theta_3,0
17.7902,B,mrac.yaw.theta_4,0.070666552
17.7902,B,mrac.yaw.theta_5,0.089197196
17.7902,B,mrac.yaw.u_nom,-0.10564988
17.7902,B,mrac.yaw.xm,-0.44824156
17.7902,B,mrac.z.theta_0,0.015372894
17.7902,B,mrac.z.theta_1,0.00023371613
17.7902,B,mrac.z.theta_2,4.9819614e-06
17.7902,B,mrac.z.theta_3,0
17.7902,B,mrac.z.theta_4,0.026867222
17.7902,B,mrac.z.theta_5,0.0074657071
17.7902,B,mrac.z.u_nom,-1.0201422
17.7902,B,mrac.z.xm,-0.30346957
17.7902,B,path.active_path_mode,0
17.7902,B,path.circle_theta,0
17.7902,B,path.sinusoid_t_elapsed,0
17.7902,B,path.twc_arrived,0
17.7902,B,path.twc_target_x,0
17.7902,B,path.twc_target_y,0
17.7902,B,path.twc_target_z,0
17.7902,B,pid.gyrox.Des,-2.1238084
17.7902,B,pid.gyrox.FB,-8.8295984
17.7902,B,pid.gyrox.U,96.279709
17.7902,B,pid.gyroy.Des,4.2561955
17.7902,B,pid.gyroy.FB,4.1681905
17.7902,B,pid.gyroy.U,100.44888
17.7902,B,pid.gyroz.Des,-25.682339
17.7902,B,pid.gyroz.FB,-0.97665977
17.7902,B,pid.gyroz.U,-197.77658
17.7902,B,pid.locx.Des,0
17.7902,B,pid.locx.FB,-1.2431428
17.7902,B,pid.locx.U,-0.51308
17.7902,B,pid.locxs.Des,-0.51308
17.7902,B,pid.locxs.FB,-12.728231
17.7902,B,pid.locxs.U,37.331909
17.7902,B,pid.locy.Des,-0
17.7902,B,pid.locy.FB,-1.6773422
17.7902,B,pid.locy.U,-0.10921013
17.7902,B,pid.locys.Des,-0.10921013
17.7902,B,pid.locys.FB,-12.287885
17.7902,B,pid.locys.U,34.192299
17.7902,B,pid.pitch.Des,1.9472971
17.7902,B,pid.pitch.FB,1.4714121
17.7902,B,pid.pitch.U,4.2561955
17.7902,B,pid.roll.Des,-2.2234387
17.7902,B,pid.roll.FB,-1.0839866
17.7902,B,pid.roll.U,-2.1238084
17.7902,B,pid.yaw.Des,-5.7369752
17.7902,B,pid.yaw.FB,-1.2821648
17.7902,B,pid.yaw.U,-25.682339
17.7902,B,pid.z_pos.Des,0.20979834
17.7902,B,pid.z_pos.FB,0.56971008
17.7902,B,pid.z_pos.U,-0.30346957
17.7902,B,pid.z_rate.Des,-0.30346957
17.7902,B,pid.z_rate.FB,0.26254672
17.7902,B,pid.z_rate.U,-226.47156
17.7902,B,status.vbat,16.188305
18.0070,A,mrac.pitch.e,-0.081034735
18.0070,A,mrac.pitch.u_ad,-0.074045852
18.0070,A,mrac.roll.e,-0.36698499
18.0070,A,mrac.roll.u_ad,0.11162893
18.0070,A,mrac.yaw.e,0.34579882
18.0070,A,mrac.yaw.u_ad,-0.13696532
18.0070,A,mrac.z.e,0.32340825
18.0070,A,mrac.z.u_ad,-0.010467557
18.0070,A,status.arm,1
18.0070,A,status.estimator_ready,1
18.0070,A,status.flymode,1
18.0070,A,status.of_hold,1
18.0070,A,status.rc_authority,0
18.0070,A,status.sbus_lost,0
18.0070,A,status.twc_arrived,0
18.0070,A,status.twc_execute,0
18.0071,B,mrac.pitch.theta_0,-0.11062063
18.0071,B,mrac.pitch.theta_1,0.001910725
18.0071,B,mrac.pitch.theta_2,0.00053432339
18.0071,B,mrac.pitch.theta_3,0.00029645336
18.0071,B,mrac.pitch.theta_4,0.056129631
18.0071,B,mrac.pitch.theta_5,0.1428258
18.0071,B,mrac.pitch.u_nom,-0.093309216
18.0071,B,mrac.pitch.xm,0.2073478
18.0071,B,mrac.roll.theta_0,0.13145244
18.0071,B,mrac.roll.theta_1,0.0014158445
18.0071,B,mrac.roll.theta_2,0.00085931498
18.0071,B,mrac.roll.theta_3,0.00036329604
18.0071,B,mrac.roll.theta_4,0.044770315
18.0071,B,mrac.roll.theta_5,0.14093368
18.0071,B,mrac.roll.u_nom,0.10750511
18.0071,B,mrac.roll.xm,-0.17676058
18.0071,B,mrac.yaw.theta_0,-0.089696497
18.0071,B,mrac.yaw.theta_1,0.0033861913
18.0071,B,mrac.yaw.theta_2,0.00025919534
18.0071,B,mrac.yaw.theta_3,0
18.0071,B,mrac.yaw.theta_4,0.07098265
18.0071,B,mrac.yaw.theta_5,0.089209951
18.0071,B,mrac.yaw.u_nom,-0.092988551
18.0071,B,mrac.yaw.xm,-0.44932508
18.0071,B,mrac.z.theta_0,0.01271899
18.0071,B,mrac.z.theta_1,0.00021071281
18.0071,B,mrac.z.theta_2,4.9220039e-06
18.0071,B,mrac.z.theta_3,0
18.0071,B,mrac.z.theta_4,0.030418808
18.0071,B,mrac.z.theta_5,0.0086490866
18.0071,B,mrac.z.u_nom,-0.66168243
18.0071,B,mrac.z.xm,-0.32409739
18.0071,B,path.active_path_mode,0
18.0071,B,path.circle_theta,0
18.0071,B,path.sinusoid_t_elapsed,0
18.0071,B,path.twc_arrived,0
18.0071,B,path.twc_target_x,0
18.0071,B,path.twc_target_y,0
18.0071,B,path.twc_target_z,0
18.0071,B,pid.gyrox.Des,-10.127631
18.0071,B,pid.gyrox.FB,-15.255427
18.0071,B,pid.gyrox.U,125.78098
18.0071,B,pid.gyroy.Des,11.880149
18.0071,B,pid.gyroy.FB,18.924356
18.0071,B,pid.gyroy.U,-109.17178
18.0071,B,pid.gyroz.Des,-25.744421
18.0071,B,pid.gyroz.FB,-4.002439
18.0071,B,pid.gyroz.U,-174.07457
18.0071,B,pid.locx.Des,0
18.0071,B,pid.locx.FB,-3.8808181
18.0071,B,pid.locx.U,2.2627358
18.0071,B,pid.locxs.Des,2.2627358
18.0071,B,pid.locxs.FB,-19.639944
18.0071,B,pid.locxs.U,72.865074
18.0071,B,pid.locy.Des,-0
18.0071,B,pid.locy.FB,-4.0704465
18.0071,B,pid.locy.U,2.4735465
18.0071,B,pid.locys.Des,2.4735465
18.0071,B,pid.locys.FB,-16.43997
18.0071,B,pid.locys.U,64.224174
18.0071,B,pid.pitch.Des,3.6495087
18.0071,B,pid.pitch.FB,2.1662343
18.0071,B,pid.pitch.U,11.880149
18.0071,B,pid.roll.Des,-4.3280611
18.0071,B,pid.roll.FB,-2.1020358
18.0071,B,pid.roll.U,-10.127631
18.0071,B,pid.yaw.Des,-5.7369752
18.0071,B,pid.yaw.FB,-1.271818
18.0071,B,pid.yaw.U,-25.744421
18.0071,B,pid.z_pos.Des,0.20979834
18.0071,B,pid.z_pos.FB,0.5991677
18.0071,B,pid.z_pos.U,-0.32409739
18.0071,B,pid.z_rate.Des,-0.32409739
18.0071,B,pid.z_rate.FB,0.042973749
18.0071,B,pid.z_rate.U,-146.89349
18.0071,B,status.vbat,16.188305
18.2228,A,mrac.pitch.e,0.061929345
18.2228,A,mrac.pitch.u_ad,-0.062375207
18.2228,A,mrac.roll.e,0.075377107
18.2228,A,mrac.roll.u_ad,0.083512455
18.2228,A,mrac.yaw.e,0.4845953
18.2228,A,mrac.yaw.u_ad,-0.13792385
18.2228,A,mrac.z.e,0.33929035
18.2228,A,mrac.z.u_ad,-0.0096042352
18.2228,A,status.arm,1
18.2228,A,status.estimator_ready,1
18.2228,A,status.flymode,1
18.2228,A,status.of_hold,1
18.2228,A,status.rc_authority,0
18.2228,A,status.sbus_lost,0
18.2228,A,status.twc_arrived,0
18.2228,A,status.twc_execute,0
18.2228,B,mrac.pitch.theta_0,-0.10170572
18.2228,B,mrac.pitch.theta_1,0.0020895365
18.2228,B,mrac.pitch.theta_2,0.00054166449
18.2228,B,mrac.pitch.theta_3,0.00029903426
18.2228,B,mrac.pitch.theta_4,0.056189884
18.2228,B,mrac.pitch.theta_5,0.14279093
18.2228,B,mrac.pitch.u_nom,-0.097890332
18.2228,B,mrac.pitch.xm,0.31898785
18.2228,B,mrac.roll.theta_0,0.13487205
18.2228,B,mrac.roll.theta_1,0.0013984198
18.2228,B,mrac.roll.theta_2,0.0010022597
18.2228,B,mrac.roll.theta_3,0.00036702811
18.2228,B,mrac.roll.theta_4,0.044907156
18.2228,B,mrac.roll.theta_5,0.14064473
18.2228,B,mrac.roll.u_nom,0.10892502
18.2228,B,mrac.roll.xm,-0.35394609
18.2228,B,mrac.yaw.theta_0,-0.089706533
18.2228,B,mrac.yaw.theta_1,0.0033610421
18.2228,B,mrac.yaw.theta_2,0.00025856736
18.2228,B,mrac.yaw.theta_3,0
18.2228,B,mrac.yaw.theta_4,0.071429379
18.2228,B,mrac.yaw.theta_5,0.08922331
18.2228,B,mrac.yaw.u_nom,-0.1153815
18.2228,B,mrac.yaw.xm,-0.44749737
18.2228,B,mrac.z.theta_0,0.0098560527
18.2228,B,mrac.z.theta_1,0.00052272616
18.2228,B,mrac.z.theta_2,4.9124769e-06
18.2228,B,mrac.z.theta_3,0
18.2228,B,mrac.z.theta_4,0.033374924
18.2228,B,mrac.z.theta_5,0.010262166
18.2228,B,mrac.z.u_nom,-0.18949808
18.2228,B,mrac.z.xm,-0.31359136
18.2228,B,path.active_path_mode,0
18.2228,B,path.circle_theta,0
18.2228,B,path.sinusoid_t_elapsed,0
18.2228,B,path.twc_arrived,0
18.2228,B,path.twc_target_x,0
18.2228,B,path.twc_target_y,0
18.2228,B,path.twc_target_z,0
18.2228,B,pid.gyrox.Des,-20.279608
18.2228,B,pid.gyrox.FB,-25.72888
18.2228,B,pid.gyrox.U,127.44228
18.2228,B,pid.gyroy.Des,18.276649
18.2228,B,pid.gyroy.FB,21.176533
18.2228,B,pid.gyroy.U,-114.53168
18.2228,B,pid.gyroz.Des,-25.6397
18.2228,B,pid.gyroz.FB,1.3372355
18.2228,B,pid.gyroz.U,-215.99417
18.2228,B,pid.locx.Des,0
18.2228,B,pid.locx.FB,-11.033674
18.2228,B,pid.locx.U,10.498473
18.2228,B,pid.locxs.Des,10.498473
18.2228,B,pid.locxs.FB,-41.291866
18.2228,B,pid.locxs.U,176.03256
18.2228,B,pid.locy.Des,-0
18.2228,B,pid.locy.FB,-9.7266874
18.2228,B,pid.locy.U,9.1355038
18.2228,B,pid.locys.Des,9.1355038
18.2228,B,pid.locys.FB,-31.937159
18.2228,B,pid.locys.U,137.85257
18.2228,B,pid.pitch.Des,7.7217741
18.2228,B,pid.pitch.FB,4.7787695
18.2228,B,pid.pitch.U,18.276649
18.2228,B,pid.roll.Des,-10.314154
18.2228,B,pid.roll.FB,-6.5975394
18.2228,B,pid.roll.U,-20.279608
18.2228,B,pid.yaw.Des,-5.7369752
18.2228,B,pid.yaw.FB,-1.2892714
18.2228,B,pid.yaw.U,-25.6397
18.2228,B,pid.z_pos.Des,0.20979834
18.2228,B,pid.z_pos.FB,0.58405542
18.2228,B,pid.z_pos.U,-0.31359136
18.2228,B,pid.z_rate.Des,-0.31359136
18.2228,B,pid.z_rate.FB,-0.20878799
18.2228,B,pid.z_rate.U,-42.068573
18.2228,B,status.vbat,16.188305
18.4236,A,mrac.pitch.e,-0.13721873
18.4236,A,mrac.pitch.u_ad,-0.039394531
18.4236,A,mrac.roll.e,-0.3503651
18.4236,A,mrac.roll.u_ad,0.081797265
18.4236,A,mrac.yaw.e,0.50080174
18.4236,A,mrac.yaw.u_ad,-0.14160909
18.4236,A,mrac.z.e,0.58423281
18.4236,A,mrac.z.u_ad,-0.012925159
18.4236,A,status.arm,1
18.4236,A,status.estimator_ready,1
18.4236,A,status.flymode,1
18.4236,A,status.of_hold,1
18.4236,A,status.rc_authority,0
18.4236,A,status.sbus_lost,0
18.4236,A,status.twc_arrived,0
18.4236,A,status.twc_execute,0
18.4237,B,mrac.pitch.theta_0,-0.094366565
18.4237,B,mrac.pitch.theta_1,0.0022550155
18.4237,B,mrac.pitch.theta_2,0.00055019191
18.4237,B,mrac.pitch.theta_3,0.0003015713
18.4237,B,mrac.pitch.theta_4,0.056276679
18.4237,B,mrac.pitch.theta_5,0.14275631
18.4237,B,mrac.pitch.u_nom,-0.080339171
18.4237,B,mrac.pitch.xm,0.25019717
18.4237,B,mrac.roll.theta_0,0.13407362
18.4237,B,mrac.roll.theta_1,0.0015226963
18.4237,B,mrac.roll.theta_2,0.0010912013
18.4237,B,mrac.roll.theta_3,0.00037186994
18.4237,B,mrac.roll.theta_4,0.045014728
18.4237,B,mrac.roll.theta_5,0.14046757
18.4237,B,mrac.roll.u_nom,-0.072799496
18.4237,B,mrac.roll.xm,-0.41522706
18.4237,B,mrac.yaw.theta_0,-0.089702167
18.4237,B,mrac.yaw.theta_1,0.003212092
18.4237,B,mrac.yaw.theta_2,0.0002572565
18.4237,B,mrac.yaw.theta_3,0
18.4237,B,mrac.yaw.theta_4,0.071834117
18.4237,B,mrac.yaw.theta_5,0.08923544
18.4237,B,mrac.yaw.u_nom,-0.14252327
18.4237,B,mrac.yaw.xm,-0.49401137
18.4237,B,mrac.z.theta_0,0.008258827
18.4237,B,mrac.z.theta_1,0.00066908408
18.4237,B,mrac.z.theta_2,4.9070291e-06
18.4237,B,mrac.z.theta_3,0
18.4237,B,mrac.z.theta_4,0.035459608
18.4237,B,mrac.z.theta_5,0.011363198
18.4237,B,mrac.z.u_nom,-0.65914905
18.4237,B,mrac.z.xm,-0.32195333
18.4237,B,path.active_path_mode,0
18.4237,B,path.circle_theta,0
18.4237,B,path.sinusoid_t_elapsed,0
18.4237,B,path.twc_arrived,0
18.4237,B,path.twc_target_x,0
18.4237,B,path.twc_target_y,0
18.4237,B,path.twc_target_z,0
18.4237,B,pid.gyrox.Des,-23.790749
18.4237,B,pid.gyrox.FB,-21.848698
18.4237,B,pid.gyrox.U,-85.175415
18.4237,B,pid.gyroy.Des,14.335236
18.4237,B,pid.gyroy.FB,23.934277
18.4237,B,pid.gyroy.U,-93.996834
18.4237,B,pid.gyroz.Des,-28.304754
18.4237,B,pid.gyroz.FB,5.0174356
18.4237,B,pid.gyroz.U,-266.80356
18.4237,B,pid.locx.Des,0
18.4237,B,pid.locx.FB,-19.758305
18.4237,B,pid.locx.U,20.458996
18.4237,B,pid.locxs.Des,20.458996
18.4237,B,pid.locxs.FB,-67.284637
18.4237,B,pid.locxs.U,266.93686
18.4237,B,pid.locy.Des,-0
18.4237,B,pid.locy.FB,-16.201611
18.4237,B,pid.locy.U,16.840923
18.4237,B,pid.locys.Des,16.840923
18.4237,B,pid.locys.FB,-48.997719
18.4237,B,pid.locys.U,199.95433
18.4237,B,pid.pitch.Des,11.133483
18.4237,B,pid.pitch.FB,6.9548225
18.4237,B,pid.pitch.U,14.335236
18.4237,B,pid.roll.Des,-15
18.4237,B,pid.roll.FB,-10.040349
18.4237,B,pid.roll.U,-23.790749
18.4237,B,pid.yaw.Des,-5.7369752
18.4237,B,pid.yaw.FB,-0.84509563
18.4237,B,pid.yaw.U,-28.304754
18.4237,B,pid.z_pos.Des,0.20979834
18.4237,B,pid.z_pos.FB,0.59623832
18.4237,B,pid.z_pos.U,-0.32195333
18.4237,B,pid.z_rate.Des,-0.32195333
18.4237,B,pid.z_rate.FB,0.043506332
18.4237,B,pid.z_rate.U,-146.33109
18.4237,B,status.vbat,16.188305
18.6238,A,mrac.pitch.e,-0.74385178
18.6238,A,mrac.pitch.u_ad,-0.042617507
18.6238,A,mrac.roll.e,0.30605686
18.6238,A,mrac.roll.u_ad,0.07585261
18.6238,A,mrac.yaw.e,0.81087929
18.6238,A,mrac.yaw.u_ad,0.0036491165
18.6238,A,mrac.z.e,-0.70538843
18.6238,A,mrac.z.u_ad,0.051273935
18.6238,A,status.arm,1
18.6238,A,status.estimator_ready,1
18.6238,A,status.flymode,1
18.6238,A,status.of_hold,1
18.6238,A,status.rc_authority,0
18.6238,A,status.sbus_lost,0
18.6238,A,status.twc_arrived,0
18.6238,A,status.twc_execute,0
18.6240,B,mrac.pitch.theta_0,-0.091257527
18.6240,B,mrac.pitch.theta_1,0.0023157911
18.6240,B,mrac.pitch.theta_2,0.00054902514
18.6240,B,mrac.pitch.theta_3,0.00043571866
18.6240,B,mrac.pitch.theta_4,0.056419235
18.6240,B,mrac.pitch.theta_5,0.14250275
18.6240,B,mrac.pitch.u_nom,-0.053565018
18.6240,B,mrac.pitch.xm,0.25674555
18.6240,B,mrac.roll.theta_0,0.12707879
18.6240,B,mrac.roll.theta_1,0.0014948457
18.6240,B,mrac.roll.theta_2,0.0011889127
18.6240,B,mrac.roll.theta_3,0.00044239595
18.6240,B,mrac.roll.theta_4,0.045116484
18.6240,B,mrac.roll.theta_5,0.1402707
18.6240,B,mrac.roll.u_nom,0.0019055383
18.6240,B,mrac.roll.xm,-0.30256158
18.6240,B,mrac.yaw.theta_0,-0.08065474
18.6240,B,mrac.yaw.theta_1,0.0034399442
18.6240,B,mrac.yaw.theta_2,0.00036659528
18.6240,B,mrac.yaw.theta_3,0
18.6240,B,mrac.yaw.theta_4,0.072284184
18.6240,B,mrac.yaw.theta_5,0.089152679
18.6240,B,mrac.yaw.u_nom,-0.18696581
18.6240,B,mrac.yaw.xm,0.98087537
18.6240,B,mrac.z.theta_0,0.018203804
18.6240,B,mrac.z.theta_1,0.00097040209
18.6240,B,mrac.z.theta_2,1.3182278e-05
18.6240,B,mrac.z.theta_3,0
18.6240,B,mrac.z.theta_4,0.03842333
18.6240,B,mrac.z.theta_5,0.012693464
18.6240,B,mrac.z.u_nom,1.0300877
18.6240,B,mrac.z.xm,0.55299997
18.6240,B,path.active_path_mode,0
18.6240,B,path.circle_theta,0
18.6240,B,path.sinusoid_t_elapsed,0
18.6240,B,path.twc_arrived,0
18.6240,B,path.twc_target_x,0
18.6240,B,path.twc_target_y,0
18.6240,B,path.twc_target_z,0
18.6240,B,pid.gyrox.Des,-17.335495
18.6240,B,pid.gyrox.FB,-15.720242
18.6240,B,pid.gyrox.U,2.2294798
18.6240,B,pid.gyroy.Des,14.71043
18.6240,B,pid.gyroy.FB,21.073027
18.6240,B,pid.gyroy.U,-62.67107
18.6240,B,pid.gyroz.Des,56.199997
18.6240,B,pid.gyroz.FB,107.72379
18.6240,B,pid.gyroz.U,-350
18.6240,B,pid.locx.Des,0
18.6240,B,pid.locx.FB,-43.239441
18.6240,B,pid.locx.U,41.483566
18.6240,B,pid.locxs.Des,41.483566
18.6240,B,pid.locxs.FB,-129.60446
18.6240,B,pid.locxs.U,550.49823
18.6240,B,pid.locy.Des,-0
18.6240,B,pid.locy.FB,-32.794579
18.6240,B,pid.locy.U,31.635489
18.6240,B,pid.locys.Des,31.635489
18.6240,B,pid.locys.FB,-91.540588
18.6240,B,pid.locys.U,419.24268
18.6240,B,pid.pitch.Des,15
18.6240,B,pid.pitch.FB,12.94188
18.6240,B,pid.pitch.U,14.71043
18.6240,B,pid.roll.Des,-15
18.6240,B,pid.roll.FB,-12.692637
18.6240,B,pid.roll.U,-17.335495
18.6240,B,pid.yaw.Des,-5.7369752
18.6240,B,pid.yaw.FB,3.3695741
18.6240,B,pid.yaw.U,-53.592773
18.6240,B,pid.z_pos.Des,0.20979834
18.6240,B,pid.z_pos.FB,0.58948445
18.6240,B,pid.z_pos.U,-0.3172234
18.6240,B,pid.z_rate.Des,0.55299997
18.6240,B,pid.z_rate.FB,-0.019282969
18.6240,B,pid.z_rate.U,228.67946
18.6240,B,status.vbat,16.188305
18.8403,A,mrac.pitch.e,-0.22535115
18.8403,A,mrac.pitch.u_ad,-0.032184687
18.8403,A,mrac.roll.e,-0.15478542
18.8403,A,mrac.roll.u_ad,0.061794572
18.8403,A,mrac.yaw.e,1.9006069
18.8403,A,mrac.yaw.u_ad,0
18.8403,A,mrac.z.e,0.94294453
18.8403,A,mrac.z.u_ad,0.00020604278
18.8403,A,status.arm,1
18.8403,A,status.estimator_ready,1
18.8403,A,status.flymode,1
18.8403,A,status.of_hold,1
18.8403,A,status.rc_authority,0
18.8403,A,status.sbus_lost,0
18.8403,A,status.twc_arrived,0
18.8403,A,status.twc_execute,0
18.8403,B,mrac.pitch.theta_0,-0.066939846
18.8403,B,mrac.pitch.theta_1,0.0020954255
18.8403,B,mrac.pitch.theta_2,0.00065526448
18.8403,B,mrac.pitch.theta_3,0.00044989042
18.8403,B,mrac.pitch.theta_4,0.056664839
18.8403,B,mrac.pitch.theta_5,0.1425343
18.8403,B,mrac.pitch.u_nom,0.027014535
18.8403,B,mrac.pitch.xm,0.21230617
18.8403,B,mrac.roll.theta_0,0.1082252
18.8403,B,mrac.roll.theta_1,0.0017932736
18.8403,B,mrac.roll.theta_2,0.0011979382
18.8403,B,mrac.roll.theta_3,0.00061966706
18.8403,B,mrac.roll.theta_4,0.04521022
18.8403,B,mrac.roll.theta_5,0.1403493
18.8403,B,mrac.roll.u_nom,0.043172915
18.8403,B,mrac.roll.xm,-0.41581863
18.8403,B,mrac.yaw.theta_0,-0.082169175
18.8403,B,mrac.yaw.theta_1,0.003123018
18.8403,B,mrac.yaw.theta_2,0.00033534979
18.8403,B,mrac.yaw.theta_3,0
18.8403,B,mrac.yaw.theta_4,0.072333157
18.8403,B,mrac.yaw.theta_5,0.088869318
18.8403,B,mrac.yaw.u_nom,-0.18696581
18.8403,B,mrac.yaw.xm,-0.8547892
18.8403,B,mrac.z.theta_0,0.031603254
18.8403,B,mrac.z.theta_1,0.0014031692
18.8403,B,mrac.z.theta_2,2.9800241e-05
18.8403,B,mrac.z.theta_3,0
18.8403,B,mrac.z.theta_4,0.041525442
18.8403,B,mrac.z.theta_5,0.014420265
18.8403,B,mrac.z.u_nom,0.51311702
18.8403,B,mrac.z.xm,0.44499999
18.8403,B,path.active_path_mode,0
18.8403,B,path.circle_theta,0
18.8403,B,path.sinusoid_t_elapsed,0
18.8403,B,path.twc_arrived,0
18.8403,B,path.twc_target_x,0
18.8403,B,path.twc_target_y,0
18.8403,B,path.twc_target_z,0
18.8403,B,pid.gyrox.Des,-23.824642
18.8403,B,pid.gyrox.FB,-34.467083
18.8403,B,pid.gyrox.U,50.51231
18.8403,B,pid.gyroy.Des,12.164243
18.8403,B,pid.gyroy.FB,9.0665073
18.8403,B,pid.gyroy.U,31.607006
18.8403,B,pid.gyroz.Des,-48.975792
18.8403,B,pid.gyroz.FB,66.938965
18.8403,B,pid.gyroz.U,-350
18.8403,B,pid.locx.Des,0
18.8403,B,pid.locx.FB,-67.825035
18.8403,B,pid.locx.U,62.413429
18.8403,B,pid.locxs.Des,62.413429
18.8403,B,pid.locxs.FB,-184.30704
18.8403,B,pid.locxs.U,600
18.8403,B,pid.locy.Des,-0
18.8403,B,pid.locy.FB,-49.671967
18.8403,B,pid.locy.U,45.80431
18.8403,B,pid.locys.Des,45.80431
18.8403,B,pid.locys.FB,-126.39983
18.8403,B,pid.locys.U,485.28073
18.8403,B,pid.pitch.Des,15
18.8403,B,pid.pitch.FB,14.12217
18.8403,B,pid.pitch.U,12.164243
18.8403,B,pid.roll.Des,-15
18.8403,B,pid.roll.FB,-10.24448
18.8403,B,pid.roll.U,-23.824642
18.8403,B,pid.yaw.Des,8.7891102
18.8403,B,pid.yaw.FB,17.097631
18.8403,B,pid.yaw.U,-48.975792
18.8403,B,pid.z_pos.Des,0.20979834
18.8403,B,pid.z_pos.FB,0.62984943
18.8403,B,pid.z_pos.U,-0.34570131
18.8403,B,pid.z_rate.Des,0.44499999
18.8403,B,pid.z_rate.FB,0.15969208
18.8403,B,pid.z_rate.U,113.91198
18.8403,B,status.vbat,16.188305
19.0564,A,mrac.pitch.e,-0.26181206
19.0564,A,mrac.pitch.u_ad,0.01234462
19.0564,A,mrac.roll.e,0.20319147
19.0564,A,mrac.roll.u_ad,0.057281189
19.0564,A,mrac.yaw.e,1.548079
19.0564,A,mrac.yaw.u_ad,0
19.0564,A,mrac.z.e,0.082708508
19.0564,A,mrac.z.u_ad,-0.0068254727
19.0564,A,status.arm,0
19.0564,A,status.estimator_ready,1
19.0564,A,status.flymode,0
19.0564,A,status.of_hold,1
19.0564,A,status.rc_authority,0
19.0564,A,status.sbus_lost,0
19.0564,A,status.twc_arrived,0
19.0564,A,status.twc_execute,0
19.0564,B,mrac.pitch.theta_0,-0.028229242
19.0564,B,mrac.pitch.theta_1,0.0019603793
19.0564,B,mrac.pitch.theta_2,0.000704684
19.0564,B,mrac.pitch.theta_3,0.00043888838
19.0564,B,mrac.pitch.theta_4,0.056883961
19.0564,B,mrac.pitch.theta_5,0.14258045
19.0564,B,mrac.pitch.u_nom,-0.027937161
19.0564,B,mrac.pitch.xm,0.22956653
19.0564,B,mrac.roll.theta_0,0.10131925
19.0564,B,mrac.roll.theta_1,0.0019483699
19.0564,B,mrac.roll.theta_2,0.0013058274
19.0564,B,mrac.roll.theta_3,0.00065514731
19.0564,B,mrac.roll.theta_4,0.045314558
19.0564,B,mrac.roll.theta_5,0.14018027
19.0564,B,mrac.roll.u_nom,0.08147604
19.0564,B,mrac.roll.xm,-0.307399
19.0564,B,mrac.yaw.theta_0,-0.082169175
19.0564,B,mrac.yaw.theta_1,0.003123018
19.0564,B,mrac.yaw.theta_2,0.00033534979
19.0564,B,mrac.yaw.theta_3,0
19.0564,B,mrac.yaw.theta_4,0.072333157
19.0564,B,mrac.yaw.theta_5,0.088869318
19.0564,B,mrac.yaw.u_nom,-0.18696581
19.0564,B,mrac.yaw.xm,-1.0471979
19.0564,B,mrac.z.theta_0,0.026776105
19.0564,B,mrac.z.theta_1,0.001106297
19.0564,B,mrac.z.theta_2,3.0556883e-05
19.0564,B,mrac.z.theta_3,0
19.0564,B,mrac.z.theta_4,0.04595644
19.0564,B,mrac.z.theta_5,0.014782011
19.0564,B,mrac.z.u_nom,-1.3513514
19.0564,B,mrac.z.xm,0
19.0564,B,path.active_path_mode,0
19.0564,B,path.circle_theta,0
19.0564,B,path.sinusoid_t_elapsed,0
19.0564,B,path.twc_arrived,0
19.0564,B,path.twc_target_x,0
19.0564,B,path.twc_target_y,0
19.0564,B,path.twc_target_z,0
19.0564,B,pid.gyrox.Des,-17.612658
19.0564,B,pid.gyrox.FB,-21.399214
19.0564,B,pid.gyrox.U,95.326965
19.0564,B,pid.gyroy.Des,13.153188
19.0564,B,pid.gyroy.FB,0.33355325
19.0564,B,pid.gyroy.U,-32.686478
19.0564,B,pid.gyroz.Des,-60
19.0564,B,pid.gyroz.FB,24.71666
19.0564,B,pid.gyroz.U,-350
19.0564,B,pid.locx.Des,0
19.0564,B,pid.locx.FB,-120.60297
19.0564,B,pid.locx.U,107.1175
19.0564,B,pid.locxs.Des,107.1175
19.0564,B,pid.locxs.FB,-250.2905
19.0564,B,pid.locxs.U,600
19.0564,B,pid.locy.Des,-0
19.0564,B,pid.locy.FB,-83.672173
19.0564,B,pid.locy.U,74.390129
19.0564,B,pid.locys.Des,74.390129
19.0564,B,pid.locys.FB,-152.17316
19.0564,B,pid.locys.U,600
19.0564,B,pid.pitch.Des,15
19.0564,B,pid.pitch.FB,14.031434
19.0564,B,pid.pitch.U,13.153188
19.0564,B,pid.roll.Des,-14.038762
19.0564,B,pid.roll.FB,-11.213233
19.0564,B,pid.roll.U,-17.612658
19.0564,B,pid.yaw.Des,8.7891102
19.0564,B,pid.yaw.FB,27.670151
19.0564,B,pid.yaw.U,-112.4109
19.0564,B,pid.z_pos.Des,0.78986353
19.0564,B,pid.z_pos.FB,0.78986353
19.0564,B,pid.z_pos.U,-0.054802358
19.0564,B,pid.z_rate.Des,0
19.0564,B,pid.z_rate.FB,0.77563184
19.0564,B,pid.z_rate.U,-300
19.0564,B,status.vbat,16.188305
19.2565,A,mrac.pitch.e,-1.2227492
19.2565,A,mrac.pitch.u_ad,0
19.2565,A,mrac.roll.e,0.3557803
19.2565,A,mrac.roll.u_ad,0.041856788
19.2565,A,mrac.yaw.e,1.7702999
19.2565,A,mrac.yaw.u_ad,0
19.2565,A,mrac.z.e,-0.34798339
19.2565,A,mrac.z.u_ad,0.051419638
19.2565,A,status.arm,0
19.2565,A,status.estimator_ready,1
19.2565,A,status.flymode,0
19.2565,A,status.of_hold,1
19.2565,A,status.rc_authority,0
19.2565,A,status.sbus_lost,0
19.2565,A,status.twc_arrived,0
19.2565,A,status.twc_execute,0
19.2565,B,mrac.pitch.theta_0,0.011886073
19.2565,B,mrac.pitch.theta_1,0.0017416504
19.2565,B,mrac.pitch.theta_2,0.00079298025
19.2565,B,mrac.pitch.theta_3,0.00049964397
19.2565,B,mrac.pitch.theta_4,0.057195794
19.2565,B,mrac.pitch.theta_5,0.14266935
19.2565,B,mrac.pitch.u_nom,0.25430384
19.2565,B,mrac.pitch.xm,0.30209768
19.2565,B,mrac.roll.theta_0,0.074925154
19.2565,B,mrac.roll.theta_1,0.001980749
19.2565,B,mrac.roll.theta_2,0.0013012026
19.2565,B,mrac.roll.theta_3,0.00078232912
19.2565,B,mrac.roll.theta_4,0.045436207
19.2565,B,mrac.roll.theta_5,0.1402521
19.2565,B,mrac.roll.u_nom,-0.11930679
19.2565,B,mrac.roll.xm,-0.17752944
19.2565,B,mrac.yaw.theta_0,-0.082169175
19.2565,B,mrac.yaw.theta_1,0.003123018
19.2565,B,mrac.yaw.theta_2,0.00033534979
19.2565,B,mrac.yaw.theta_3,0
19.2565,B,mrac.yaw.theta_4,0.072333157
19.2565,B,mrac.yaw.theta_5,0.088869318
19.2565,B,mrac.yaw.u_nom,-0.18696581
19.2565,B,mrac.yaw.xm,-1.0471979
19.2565,B,mrac.z.theta_0,0.027285455
19.2565,B,mrac.z.theta_1,0.0009765072
19.2565,B,mrac.z.theta_2,3.8434064e-05
19.2565,B,mrac.z.theta_3,0
19.2565,B,mrac.z.theta_4,0.047724444
19.2565,B,mrac.z.theta_5,0.014776976
19.2565,B,mrac.z.u_nom,0.29521298
19.2565,B,mrac.z.xm,0
19.2565,B,path.active_path_mode,0
19.2565,B,path.circle_theta,0
19.2565,B,path.sinusoid_t_elapsed,0
19.2565,B,path.twc_arrived,0
19.2565,B,path.twc_target_x,0
19.2565,B,path.twc_target_y,0
19.2565,B,path.twc_target_z,0
19.2565,B,pid.gyrox.Des,-10.171683
19.2565,B,pid.gyrox.FB,12.234742
19.2565,B,pid.gyrox.U,-139.58894
19.2565,B,pid.gyroy.Des,17.308914
19.2565,B,pid.gyroy.FB,-27.70039
19.2565,B,pid.gyroy.U,297.53549
19.2565,B,pid.gyroz.Des,-60
19.2565,B,pid.gyroz.FB,39.473778
19.2565,B,pid.gyroz.U,-350
19.2565,B,pid.locx.Des,0
19.2565,B,pid.locx.FB,-163.95709
19.2565,B,pid.locx.U,142.66722
19.2565,B,pid.locxs.Des,120
19.2565,B,pid.locxs.FB,-274.04211
19.2565,B,pid.locxs.U,600
19.2565,B,pid.locy.Des,-0
19.2565,B,pid.locy.FB,-110.56823
19.2565,B,pid.locy.U,96.233772
19.2565,B,pid.locys.Des,96.233772
19.2565,B,pid.locys.FB,-160.39301
19.2565,B,pid.locys.U,594.32428
19.2565,B,pid.pitch.Des,15
19.2565,B,pid.pitch.FB,12.705856
19.2565,B,pid.pitch.U,17.308914
19.2565,B,pid.roll.Des,-9.7269325
19.2565,B,pid.roll.FB,-9.4033728
19.2565,B,pid.roll.U,-10.171683
19.2565,B,pid.yaw.Des,8.7891102
19.2565,B,pid.yaw.FB,33.498615
19.2565,B,pid.yaw.U,-147.3817
19.2565,B,pid.z_pos.Des,0.78917104
19.2565,B,pid.z_pos.FB,0.78917104
19.2565,B,pid.z_pos.U,-0.054802358
19.2565,B,pid.z_rate.Des,0
19.2565,B,pid.z_rate.FB,-0.16510798
19.2565,B,pid.z_rate.U,65.537285
19.2565,B,status.vbat,16.188305
19.4569,A,mrac.pitch.e,-18.732075
19.4569,A,mrac.pitch.u_ad,0
19.4569,A,mrac.roll.e,5.4231253
19.4569,A,mrac.roll.u_ad,0
19.4569,A,mrac.yaw.e,3.2664156
19.4569,A,mrac.yaw.u_ad,0
19.4569,A,mrac.z.e,-0.5941112
19.4569,A,mrac.z.u_ad,0.064723581
19.4569,A,status.arm,0
19.4569,A,status.estimator_ready,1
19.4569,A,status.flymode,0
19.4569,A,status.of_hold,1
19.4569,A,status.rc_authority,0
19.4569,A,status.sbus_lost,0
19.4569,A,status.twc_arrived,0
19.4569,A,status.twc_execute,0
19.4569,B,mrac.pitch.theta_0,0.024948688
19.4569,B,mrac.pitch.theta_1,0.0015604432
19.4569,B,mrac.pitch.theta_2,0.00094392209
19.4569,B,mrac.pitch.theta_3,0.00057701312
19.4569,B,mrac.pitch.theta_4,0.05738524
19.4569,B,mrac.pitch.theta_5,0.14270304
19.4569,B,mrac.pitch.u_nom,0.25641027
19.4569,B,mrac.pitch.xm,2.1346331
19.4569,B,mrac.roll.theta_0,0.047594439
19.4569,B,mrac.roll.theta_1,0.0017830227
19.4569,B,mrac.roll.theta_2,0.0012804569
19.4569,B,mrac.roll.theta_3,0.0014964072
19.4569,B,mrac.roll.theta_4,0.045602918
19.4569,B,mrac.roll.theta_5,0.14024404
19.4569,B,mrac.roll.u_nom,-0.25641027
19.4569,B,mrac.roll.xm,-0.12578335
19.4569,B,mrac.yaw.theta_0,-0.082169175
19.4569,B,mrac.yaw.theta_1,0.003123018
19.4569,B,mrac.yaw.theta_2,0.00033534979
19.4569,B,mrac.yaw.theta_3,0
19.4569,B,mrac.yaw.theta_4,0.072333157
19.4569,B,mrac.yaw.theta_5,0.088869318
19.4569,B,mrac.yaw.u_nom,-0.18696581
19.4569,B,mrac.yaw.xm,-1.0471979
19.4569,B,mrac.z.theta_0,0.057368211
19.4569,B,mrac.z.theta_1,0.0007886574
19.4569,B,mrac.z.theta_2,0.00052028731
19.4569,B,mrac.z.theta_3,0
19.4569,B,mrac.z.theta_4,0.050524853
19.4569,B,mrac.z.theta_5,0.014771941
19.4569,B,mrac.z.u_nom,1.3494704
19.4569,B,mrac.z.xm,0
19.4569,B,path.active_path_mode,0
19.4569,B,path.circle_theta,0
19.4569,B,path.sinusoid_t_elapsed,0
19.4569,B,path.twc_arrived,0
19.4569,B,path.twc_target_x,0
19.4569,B,path.twc_target_y,0
19.4569,B,path.twc_target_z,0
19.4569,B,pid.gyrox.Des,-7.206852
19.4569,B,pid.gyrox.FB,254.94456
19.4569,B,pid.gyrox.U,-300
19.4569,B,pid.gyroy.Des,122.30542
19.4569,B,pid.gyroy.FB,-693.09485
19.4569,B,pid.gyroy.U,300
19.4569,B,pid.gyroz.Des,-60
19.4569,B,pid.gyroz.FB,117.42066
19.4569,B,pid.gyroz.U,-350
19.4569,B,pid.locx.Des,0
19.4569,B,pid.locx.FB,-233.87242
19.4569,B,pid.locx.U,199.34508
19.4569,B,pid.locxs.Des,120
19.4569,B,pid.locxs.FB,-267.89368
19.4569,B,pid.locxs.U,500
19.4569,B,pid.locy.Des,-0
19.4569,B,pid.locy.FB,-150.07736
19.4569,B,pid.locy.U,127.54977
19.4569,B,pid.locys.Des,120
19.4569,B,pid.locys.FB,-142.24969
19.4569,B,pid.locys.U,600
19.4569,B,pid.pitch.Des,15
19.4569,B,pid.pitch.FB,-19.101807
19.4569,B,pid.pitch.U,122.30542
19.4569,B,pid.roll.Des,9.2848997
19.4569,B,pid.roll.FB,6.0231996
19.4569,B,pid.roll.U,-7.206852
19.4569,B,pid.yaw.Des,8.7891102
19.4569,B,pid.yaw.FB,52.352345
19.4569,B,pid.yaw.U,-159.12466
19.4569,B,pid.z_pos.Des,0.53911382
19.4569,B,pid.z_pos.FB,0.53911382
19.4569,B,pid.z_pos.U,-0.054802358
19.4569,B,pid.z_rate.Des,0
19.4569,B,pid.z_rate.FB,-1.1179253
19.4569,B,pid.z_rate.U,299.58243
19.4569,B,status.vbat,16.188305
19.6750,A,mrac.pitch.e,-2.4796019
19.6750,A,mrac.pitch.u_ad,0
19.6750,A,mrac.roll.e,6.0825348
19.6750,A,mrac.roll.u_ad,0
19.6750,A,mrac.yaw.e,1.1795168
19.6750,A,mrac.yaw.u_ad,0
19.6750,A,mrac.z.e,-0.38067916
19.6750,A,mrac.z.u_ad,0.085115813
19.6750,A,status.arm,0
19.6750,A,status.estimator_ready,1
19.6750,A,status.flymode,0
19.6750,A,status.of_hold,1
19.6750,A,status.rc_authority,0
19.6750,A,status.sbus_lost,0
19.6750,A,status.twc_arrived,0
19.6750,A,status.twc_execute,0
19.6751,B,mrac.pitch.theta_0,0.024948688
19.6751,B,mrac.pitch.theta_1,0.0015604432
19.6751,B,mrac.pitch.theta_2,0.00094392209
19.6751,B,mrac.pitch.theta_3,0.00057701312
19.6751,B,mrac.pitch.theta_4,0.05738524
19.6751,B,mrac.pitch.theta_5,0.14270304
19.6751,B,mrac.pitch.u_nom,0.22422759
19.6751,B,mrac.pitch.xm,3.49066
19.6751,B,mrac.roll.theta_0,0.047452964
19.6751,B,mrac.roll.theta_1,0.001822419
19.6751,B,mrac.roll.theta_2,0.0012850588
19.6751,B,mrac.roll.theta_3,0.0014938617
19.6751,B,mrac.roll.theta_4,0.045602471
19.6751,B,mrac.roll.theta_5,0.14023185
19.6751,B,mrac.roll.u_nom,-0.19302021
19.6751,B,mrac.roll.xm,-3.4596205
19.6751,B,mrac.yaw.theta_0,-0.080993868
19.6751,B,mrac.yaw.theta_1,0.0031041158
19.6751,B,mrac.yaw.theta_2,0.0003501059
19.6751,B,mrac.yaw.theta_3,0
19.6751,B,mrac.yaw.theta_4,0.072360411
19.6751,B,mrac.yaw.theta_5,0.088732295
19.6751,B,mrac.yaw.u_nom,0.18693168
19.6751,B,mrac.yaw.xm,0.68505991
19.6751,B,mrac.z.theta_0,0.071014129
19.6751,B,mrac.z.theta_1,0.00072003331
19.6751,B,mrac.z.theta_2,0.00071150425
19.6751,B,mrac.z.theta_3,0
19.6751,B,mrac.z.theta_4,0.051752973
19.6751,B,mrac.z.theta_5,0.014769868
19.6751,B,mrac.z.u_nom,1.3494704
19.6751,B,mrac.z.xm,0
19.6751,B,path.active_path_mode,0
19.6751,B,path.circle_theta,0
19.6751,B,path.sinusoid_t_elapsed,0
19.6751,B,path.twc_arrived,0
19.6751,B,path.twc_target_x,0
19.6751,B,path.twc_target_y,0
19.6751,B,path.twc_target_z,0
19.6751,B,pid.gyrox.Des,-198.22157
19.6751,B,pid.gyrox.FB,190.04546
19.6751,B,pid.gyrox.U,-225.83365
19.6751,B,pid.gyroy.Des,200
19.6751,B,pid.gyroy.FB,18.735191
19.6751,B,pid.gyroy.U,262.34628
19.6751,B,pid.gyroz.Des,39.251026
19.6751,B,pid.gyroz.FB,-42.894592
19.6751,B,pid.gyroz.U,349.93613
19.6751,B,pid.locx.Des,0
19.6751,B,pid.locx.FB,-264.21091
19.6751,B,pid.locx.U,219.81502
19.6751,B,pid.locxs.Des,120
19.6751,B,pid.locxs.FB,184.43048
19.6751,B,pid.locxs.U,-293.29144
19.6751,B,pid.locy.Des,-0
19.6751,B,pid.locy.FB,-169.73788
19.6751,B,pid.locy.U,141.03372
19.6751,B,pid.locys.Des,120
19.6751,B,pid.locys.FB,126.42152
19.6751,B,pid.locys.U,-119.26457
19.6751,B,pid.pitch.Des,-3.2054749
19.6751,B,pid.pitch.FB,-82.696915
19.6751,B,pid.pitch.U,200
19.6751,B,pid.roll.Des,2.1384618
19.6751,B,pid.roll.FB,65.29084
19.6751,B,pid.roll.U,-198.22157
19.6751,B,pid.yaw.Des,8.7891102
19.6751,B,pid.yaw.FB,2.38919
19.6751,B,pid.yaw.U,39.251026
19.6751,B,pid.z_pos.Des,0.0026568733
19.6751,B,pid.z_pos.FB,0.0026568733
19.6751,B,pid.z_pos.U,-0.054802358
19.6751,B,pid.z_rate.Des,0
19.6751,B,pid.z_rate.FB,-1.7821568
19.6751,B,pid.z_rate.U,299.58243
19.6751,B,status.vbat,16.188305
19.8908,A,mrac.pitch.e,-3.9923701
19.8908,A,mrac.pitch.u_ad,0
19.8908,A,mrac.roll.e,2.6691346
19.8908,A,mrac.roll.u_ad,0
19.8908,A,mrac.yaw.e,-0.51272655
19.8908,A,mrac.yaw.u_ad,-0.14001353
19.8908,A,mrac.z.e,-0.0010318442
19.8908,A,mrac.z.u_ad,0.08850991
19.8908,A,status.arm,0
19.8908,A,status.estimator_ready,1
19.8908,A,status.flymode,0
19.8908,A,status.of_hold,1
19.8908,A,status.rc_authority,0
19.8908,A,status.sbus_lost,0
19.8908,A,status.twc_arrived,0
19.8908,A,status.twc_execute,0
19.8908,B,mrac.pitch.theta_0,0.024948688
19.8908,B,mrac.pitch.theta_1,0.0015604432
19.8908,B,mrac.pitch.theta_2,0.00094392209
19.8908,B,mrac.pitch.theta_3,0.00057701312
19.8908,B,mrac.pitch.theta_4,0.05738524
19.8908,B,mrac.pitch.theta_5,0.14270304
19.8908,B,mrac.pitch.u_nom,0.23054995
19.8908,B,mrac.pitch.xm,3.488343
19.8908,B,mrac.roll.theta_0,0.041248109
19.8908,B,mrac.roll.theta_1,0.0022651691
19.8908,B,mrac.roll.theta_2,0.001267636
19.8908,B,mrac.roll.theta_3,0.0015115853
19.8908,B,mrac.roll.theta_4,0.045650143
19.8908,B,mrac.roll.theta_5,0.14036427
19.8908,B,mrac.roll.u_nom,-0.25641027
19.8908,B,mrac.roll.xm,-1.801365
19.8908,B,mrac.yaw.theta_0,-0.080968358
19.8908,B,mrac.yaw.theta_1,0.0031643494
19.8908,B,mrac.yaw.theta_2,0.00040337208
19.8908,B,mrac.yaw.theta_3,0
19.8908,B,mrac.yaw.theta_4,0.072460592
19.8908,B,mrac.yaw.theta_5,0.088722564
19.8908,B,mrac.yaw.u_nom,-0.0075543686
19.8908,B,mrac.yaw.xm,-1.0471979
19.8908,B,mrac.z.theta_0,0.088329554
19.8908,B,mrac.z.theta_1,0.00065223727
19.8908,B,mrac.z.theta_2,0.00091580674
19.8908,B,mrac.z.theta_3,0
19.8908,B,mrac.z.theta_4,0.053054247
19.8908,B,mrac.z.theta_5,0.014766758
19.8908,B,mrac.z.u_nom,0.0039102621
19.8908,B,mrac.z.xm,0
19.8908,B,path.active_path_mode,0
19.8908,B,path.circle_theta,0
19.8908,B,path.sinusoid_t_elapsed,0
19.8908,B,path.twc_arrived,0
19.8908,B,path.twc_target_x,0
19.8908,B,path.twc_target_y,0
19.8908,B,path.twc_target_z,0
19.8908,B,pid.gyrox.Des,-103.21057
19.8908,B,pid.gyrox.FB,-28.177341
19.8908,B,pid.gyrox.U,-300
19.8908,B,pid.gyroy.Des,199.86725
19.8908,B,pid.gyroy.FB,-50.293289
19.8908,B,pid.gyroy.U,269.74344
19.8908,B,pid.gyroz.Des,-60
19.8908,B,pid.gyroz.FB,-58.245293
19.8908,B,pid.gyroz.U,-14.141778
19.8908,B,pid.locx.Des,0
19.8908,B,pid.locx.FB,-210.9176
19.8908,B,pid.locx.U,160.70082
19.8908,B,pid.locxs.Des,120
19.8908,B,pid.locxs.FB,261.08167
19.8908,B,pid.locxs.U,-405.40558
19.8908,B,pid.locy.Des,-0
19.8908,B,pid.locy.FB,-151.53935
19.8908,B,pid.locy.U,121.75095
19.8908,B,pid.locys.Des,120
19.8908,B,pid.locys.FB,45.43544
19.8908,B,pid.locys.U,123.69368
19.8908,B,pid.pitch.Des,-14.75051
19.8908,B,pid.pitch.FB,-81.372925
19.8908,B,pid.pitch.U,199.86725
19.8908,B,pid.roll.Des,2.6186323
19.8908,B,pid.roll.FB,30.744785
19.8908,B,pid.roll.U,-103.21057
19.8908,B,pid.yaw.Des,8.7891102
19.8908,B,pid.yaw.FB,62.103142
19.8908,B,pid.yaw.U,-159.22784
19.8908,B,pid.z_pos.Des,0.016070778
19.8908,B,pid.z_pos.FB,0.016070778
19.8908,B,pid.z_pos.U,-0.054802358
19.8908,B,pid.z_rate.Des,0
19.8908,B,pid.z_rate.FB,-0.0029593008
19.8908,B,pid.z_rate.U,0.86807823
19.8908,B,status.vbat,16.188305
20.0915,A,mrac.pitch.e,-2.7683821
20.0915,A,mrac.pitch.u_ad,0
20.0915,A,mrac.roll.e,3.695045
20.0915,A,mrac.roll.u_ad,0
20.0915,A,mrac.yaw.e,1.1174569
20.0915,A,mrac.yaw.u_ad,0
20.0915,A,mrac.z.e,0.062205877
20.0915,A,mrac.z.u_ad,0.091843739
20.0915,A,status.arm,0
20.0915,A,status.estimator_ready,1
20.0915,A,status.flymode,0
20.0915,A,status.of_hold,1
20.0915,A,status.rc_authority,0
20.0915,A,status.sbus_lost,0
20.0915,A,status.twc_arrived,0
20.0915,A,status.twc_execute,0
20.0916,B,mrac.pitch.theta_0,0.024948688
20.0916,B,mrac.pitch.theta_1,0.0015604432
20.0916,B,mrac.pitch.theta_2,0.00094392209
20.0916,B,mrac.pitch.theta_3,0.00057701312
20.0916,B,mrac.pitch.theta_4,0.05738524
20.0916,B,mrac.pitch.theta_5,0.14270304
20.0916,B,mrac.pitch.u_nom,0.22299659
20.0916,B,mrac.pitch.xm,3.49066
20.0916,B,mrac.roll.theta_0,0.041248109
20.0916,B,mrac.roll.theta_1,0.0022651691
20.0916,B,mrac.roll.theta_2,0.001267636
20.0916,B,mrac.roll.theta_3,0.0015115853
20.0916,B,mrac.roll.theta_4,0.045650143
20.0916,B,mrac.roll.theta_5,0.14036427
20.0916,B,mrac.roll.u_nom,-0.25641027
20.0916,B,mrac.roll.xm,-3.49066
20.0916,B,mrac.yaw.theta_0,-0.082720168
20.0916,B,mrac.yaw.theta_1,0.003132435
20.0916,B,mrac.yaw.theta_2,0.0006300612
20.0916,B,mrac.yaw.theta_3,0
20.0916,B,mrac.yaw.theta_4,0.072560892
20.0916,B,mrac.yaw.theta_5,0.088346995
20.0916,B,mrac.yaw.u_nom,-0.14182922
20.0916,B,mrac.yaw.xm,-0.5143882
20.0916,B,mrac.z.theta_0,0.091794431
20.0916,B,mrac.z.theta_1,0.00064760499
20.0916,B,mrac.z.theta_2,0.00092031766
20.0916,B,mrac.z.theta_3,0
20.0916,B,mrac.z.theta_4,0.053151969
20.0916,B,mrac.z.theta_5,0.014766018
20.0916,B,mrac.z.u_nom,0.21845412
20.0916,B,mrac.z.xm,0
20.0916,B,path.active_path_mode,0
20.0916,B,path.circle_theta,0
20.0916,B,path.sinusoid_t_elapsed,0
20.0916,B,path.twc_arrived,0
20.0916,B,path.twc_target_x,0
20.0916,B,path.twc_target_y,0
20.0916,B,path.twc_target_z,0
20.0916,B,pid.gyrox.Des,-200
20.0916,B,pid.gyrox.FB,-29.454498
20.0916,B,pid.gyrox.U,-300
20.0916,B,pid.gyroy.Des,200
20.0916,B,pid.gyroy.FB,6.8374014
20.0916,B,pid.gyroy.U,260.90601
20.0916,B,pid.gyroz.Des,-29.472261
20.0916,B,pid.gyroz.FB,3.6704395
20.0916,B,pid.gyroz.U,-265.5043
20.0916,B,pid.locx.Des,0
20.0916,B,pid.locx.FB,-170.81921
20.0916,B,pid.locx.U,131.76408
20.0916,B,pid.locxs.Des,120
20.0916,B,pid.locxs.FB,236.43625
20.0916,B,pid.locxs.U,-342.80374
20.0916,B,pid.locy.Des,-0
20.0916,B,pid.locy.FB,-139.24886
20.0916,B,pid.locy.U,111.10894
20.0916,B,pid.locys.Des,111.10894
20.0916,B,pid.locys.FB,77.736053
20.0916,B,pid.locys.U,128.79993
20.0916,B,pid.pitch.Des,0.78870565
20.0916,B,pid.pitch.FB,-76.283127
20.0916,B,pid.pitch.U,200
20.0916,B,pid.roll.Des,5.0251951
20.0916,B,pid.roll.FB,71.755936
20.0916,B,pid.roll.U,-200
20.0916,B,pid.yaw.Des,8.7891102
20.0916,B,pid.yaw.FB,13.829845
20.0916,B,pid.yaw.U,-29.472261
20.0916,B,pid.z_pos.Des,0.0066812309
20.0916,B,pid.z_pos.FB,0.0066812309
20.0916,B,pid.z_pos.U,-0.054802358
20.0916,B,pid.z_rate.Des,0
20.0916,B,pid.z_rate.FB,-0.12200318
20.0916,B,pid.z_rate.U,48.496815
20.0916,B,status.vbat,16.188305
20.3074,A,mrac.pitch.e,-3.3598404
20.3074,A,mrac.pitch.u_ad,0
20.3074,A,mrac.roll.e,3.4041762
20.3074,A,mrac.roll.u_ad,0
20.3074,A,mrac.yaw.e,1.1789889
20.3074,A,mrac.yaw.u_ad,0
20.3074,A,mrac.z.e,0.048537731
20.3074,A,mrac.z.u_ad,0.0803032
20.3074,A,status.arm,0
20.3074,A,status.estimator_ready,1
20.3074,A,status.flymode,0
20.3074,A,status.of_hold,1
20.3074,A,status.rc_authority,0
20.3074,A,status.sbus_lost,0
20.3074,A,status.twc_arrived,0
20.3074,A,status.twc_execute,0
20.3075,B,mrac.pitch.theta_0,0.024948688
20.3075,B,mrac.pitch.theta_1,0.0015604432
20.3075,B,mrac.pitch.theta_2,0.00094392209
20.3075,B,mrac.pitch.theta_3,0.00057701312
20.3075,B,mrac.pitch.theta_4,0.05738524
20.3075,B,mrac.pitch.theta_5,0.14270304
20.3075,B,mrac.pitch.u_nom,0.25641027
20.3075,B,mrac.pitch.xm,3.49066
20.3075,B,mrac.roll.theta_0,0.041248109
20.3075,B,mrac.roll.theta_1,0.0022651691
20.3075,B,mrac.roll.theta_2,0.001267636
20.3075,B,mrac.roll.theta_3,0.0015115853
20.3075,B,mrac.roll.theta_4,0.045650143
20.3075,B,mrac.roll.theta_5,0.14036427
20.3075,B,mrac.roll.u_nom,-0.25641027
20.3075,B,mrac.roll.xm,-1.6693906
20.3075,B,mrac.yaw.theta_0,-0.085472353
20.3075,B,mrac.yaw.theta_1,0.0030945786
20.3075,B,mrac.yaw.theta_2,0.00062930339
20.3075,B,mrac.yaw.theta_3,0
20.3075,B,mrac.yaw.theta_4,0.072702743
20.3075,B,mrac.yaw.theta_5,0.088385127
20.3075,B,mrac.yaw.u_nom,-0.18696581
20.3075,B,mrac.yaw.xm,-1.0471979
20.3075,B,mrac.z.theta_0,0.087962255
20.3075,B,mrac.z.theta_1,0.00063386746
20.3075,B,mrac.z.theta_2,0.00091998908
20.3075,B,mrac.z.theta_3,0
20.3075,B,mrac.z.theta_4,0.053436402
20.3075,B,mrac.z.theta_5,0.014761427
20.3075,B,mrac.z.u_nom,-0.16807243
20.3075,B,mrac.z.xm,0
20.3075,B,path.active_path_mode,0
20.3075,B,path.circle_theta,0
20.3075,B,path.sinusoid_t_elapsed,0
20.3075,B,path.twc_arrived,0
20.3075,B,path.twc_target_x,0
20.3075,B,path.twc_target_y,0
20.3075,B,path.twc_target_z,0
20.3075,B,pid.gyrox.Des,-95.648994
20.3075,B,pid.gyrox.FB,68.317497
20.3075,B,pid.gyrox.U,-300
20.3075,B,pid.gyroy.Des,200
20.3075,B,pid.gyroy.FB,46.211231
20.3075,B,pid.gyroy.U,300
20.3075,B,pid.gyroz.Des,-60
20.3075,B,pid.gyroz.FB,9.8862762
20.3075,B,pid.gyroz.U,-350
20.3075,B,pid.locx.Des,0
20.3075,B,pid.locx.FB,-132.1879
20.3075,B,pid.locx.U,103.47168
20.3075,B,pid.locxs.Des,103.47168
20.3075,B,pid.locxs.FB,184.74585
20.3075,B,pid.locxs.U,-270.59338
20.3075,B,pid.locy.Des,-0
20.3075,B,pid.locy.FB,-132.53192
20.3075,B,pid.locy.U,107.63891
20.3075,B,pid.locys.Des,107.63891
20.3075,B,pid.locys.FB,34.043713
20.3075,B,pid.locys.U,274.12341
20.3075,B,pid.pitch.Des,-5.1423488
20.3075,B,pid.pitch.FB,-70.92366
20.3075,B,pid.pitch.U,200
20.3075,B,pid.roll.Des,7.0160246
20.3075,B,pid.roll.FB,36.335911
20.3075,B,pid.roll.U,-95.648994
20.3075,B,pid.yaw.Des,8.7891102
20.3075,B,pid.yaw.FB,61.895763
20.3075,B,pid.yaw.U,-159.22784
20.3075,B,pid.z_pos.Des,0.030111745
20.3075,B,pid.z_pos.FB,0.030111745
20.3075,B,pid.z_pos.U,-0.054802358
20.3075,B,pid.z_rate.Des,0
20.3075,B,pid.z_rate.FB,0.091332324
20.3075,B,pid.z_rate.U,-37.31208
20.3075,B,status.vbat,16.188305
20.5078,A,mrac.pitch.e,-3.5453935
20.5078,A,mrac.pitch.u_ad,0
20.5078,A,mrac.roll.e,1.214577
20.5078,A,mrac.roll.u_ad,0
20.5078,A,mrac.yaw.e,0.838916
20.5078,A,mrac.yaw.u_ad,-0.14448631
20.5078,A,mrac.z.e,0.00071742979
20.5078,A,mrac.z.u_ad,0.086552471
20.5078,A,status.arm,0
20.5078,A,status.estimator_ready,1
20.5078,A,status.flymode,0
20.5078,A,status.of_hold,1
20.5078,A,status.rc_authority,0
20.5078,A,status.sbus_lost,0
20.5078,A,status.twc_arrived,0
20.5078,A,status.twc_execute,0
20.5078,B,mrac.pitch.theta_0,0.024948688
20.5078,B,mrac.pitch.theta_1,0.0015604432
20.5078,B,mrac.pitch.theta_2,0.00094392209
20.5078,B,mrac.pitch.theta_3,0.00057701312
20.5078,B,mrac.pitch.theta_4,0.05738524
20.5078,B,mrac.pitch.theta_5,0.14270304
20.5078,B,mrac.pitch.u_nom,0.2472578
20.5078,B,mrac.pitch.xm,3.49066
20.5078,B,mrac.roll.theta_0,0.041248109
20.5078,B,mrac.roll.theta_1,0.0022651691
20.5078,B,mrac.roll.theta_2,0.001267636
20.5078,B,mrac.roll.theta_3,0.0015115853
20.5078,B,mrac.roll.theta_4,0.045650143
20.5078,B,mrac.roll.theta_5,0.14036427
20.5078,B,mrac.roll.u_nom,-0.25641027
20.5078,B,mrac.roll.xm,-2.2473345
20.5078,B,mrac.yaw.theta_0,-0.085472353
20.5078,B,mrac.yaw.theta_1,0.0030945786
20.5078,B,mrac.yaw.theta_2,0.00062930339
20.5078,B,mrac.yaw.theta_3,0
20.5078,B,mrac.yaw.theta_4,0.072702743
20.5078,B,mrac.yaw.theta_5,0.088385127
20.5078,B,mrac.yaw.u_nom,-0.18696581
20.5078,B,mrac.yaw.xm,-1.0471979
20.5078,B,mrac.z.theta_0,0.087195866
20.5078,B,mrac.z.theta_1,0.00063289073
20.5078,B,mrac.z.theta_2,0.00091992953
20.5078,B,mrac.z.theta_3,0
20.5078,B,mrac.z.theta_4,0.053454798
20.5078,B,mrac.z.theta_5,0.014760692
20.5078,B,mrac.z.u_nom,-0.010156084
20.5078,B,mrac.z.xm,0
20.5078,B,path.active_path_mode,0
20.5078,B,path.circle_theta,0
20.5078,B,path.sinusoid_t_elapsed,0
20.5078,B,path.twc_arrived,0
20.5078,B,path.twc_target_x,0
20.5078,B,path.twc_target_y,0
20.5078,B,path.twc_target_z,0
20.5078,B,pid.gyrox.Des,-128.76273
20.5078,B,pid.gyrox.FB,-26.846087
20.5078,B,pid.gyrox.U,-300
20.5078,B,pid.gyroy.Des,200
20.5078,B,pid.gyroy.FB,20.680359
20.5078,B,pid.gyroy.U,289.29163
20.5078,B,pid.gyroz.Des,-60
20.5078,B,pid.gyroz.FB,-1.5949473
20.5078,B,pid.gyroz.U,-350
20.5078,B,pid.locx.Des,0
20.5078,B,pid.locx.FB,-117.88757
20.5078,B,pid.locx.U,93.85717
20.5078,B,pid.locxs.Des,93.85717
20.5078,B,pid.locxs.FB,132.41792
20.5078,B,pid.locxs.U,-73.776787
20.5078,B,pid.locy.Des,-0
20.5078,B,pid.locy.FB,-127.66994
20.5078,B,pid.locy.U,102.77621
20.5078,B,pid.locys.Des,102.77621
20.5078,B,pid.locys.FB,56.898991
20.5078,B,pid.locys.U,130.01982
20.5078,B,pid.pitch.Des,-0.44956934
20.5078,B,pid.pitch.FB,-71.462807
20.5078,B,pid.pitch.U,200
20.5078,B,pid.roll.Des,2.7680917
20.5078,B,pid.roll.FB,41.370174
20.5078,B,pid.roll.U,-128.76273
20.5078,B,pid.yaw.Des,8.7891102
20.5078,B,pid.yaw.FB,64.361267
20.5078,B,pid.yaw.U,-159.22784
20.5078,B,pid.z_pos.Des,0.030111745
20.5078,B,pid.z_pos.FB,0.030111745
20.5078,B,pid.z_pos.U,-0.054802358
20.5078,B,pid.z_rate.Des,0
20.5078,B,pid.z_rate.FB,0.0028224543
20.5078,B,pid.z_rate.U,-2.2546506
20.5078,B,status.vbat,16.188305
20.7237,A,mrac.pitch.e,-3.8284228
20.7237,A,mrac.pitch.u_ad,0
20.7237,A,mrac.roll.e,0.74554288
20.7237,A,mrac.roll.u_ad,-0.28644624
20.7237,A,mrac.yaw.e,0.61300981
20.7237,A,mrac.yaw.u_ad,-0.19533785
20.7237,A,mrac.z.e,-0.0038278517
20.7237,A,mrac.z.u_ad,0.10070238
20.7237,A,status.arm,0
20.7237,A,status.estimator_ready,1
20.7237,A,status.flymode,0
20.7237,A,status.of_hold,1
20.7237,A,status.rc_authority,0
20.7237,A,status.sbus_lost,0
20.7237,A,status.twc_arrived,0
20.7237,A,status.twc_execute,0
20.7237,B,mrac.pitch.theta_0,0.024948688
20.7237,B,mrac.pitch.theta_1,0.0015604432
20.7237,B,mrac.pitch.theta_2,0.00094392209
20.7237,B,mrac.pitch.theta_3,0.00057701312
20.7237,B,mrac.pitch.theta_4,0.05738524
20.7237,B,mrac.pitch.theta_5,0.14270304
20.7237,B,mrac.pitch.u_nom,0.25641027
20.7237,B,mrac.pitch.xm,3.49066
20.7237,B,mrac.roll.theta_0,0.026809502
20.7237,B,mrac.roll.theta_1,0.00435453
20.7237,B,mrac.roll.theta_2,0.0011636295
20.7237,B,mrac.roll.theta_3,0.0015055438
20.7237,B,mrac.roll.theta_4,0.045810334
20.7237,B,mrac.roll.theta_5,0.1408392
20.7237,B,mrac.roll.u_nom,-0.18999317
20.7237,B,mrac.roll.xm,-2.1415069
20.7237,B,mrac.yaw.theta_0,-0.089232385
20.7237,B,mrac.yaw.theta_1,0.0041744439
20.7237,B,mrac.yaw.theta_2,0.00060075044
20.7237,B,mrac.yaw.theta_3,0
20.7237,B,mrac.yaw.theta_4,0.073432066
20.7237,B,mrac.yaw.theta_5,0.088656686
20.7237,B,mrac.yaw.u_nom,-0.16773401
20.7237,B,mrac.yaw.xm,-1.0471979
20.7237,B,mrac.z.theta_0,0.099565431
20.7237,B,mrac.z.theta_1,0.00061351445
20.7237,B,mrac.z.theta_2,0.00094790763
20.7237,B,mrac.z.theta_3,0
20.7237,B,mrac.z.theta_4,0.053878997
20.7237,B,mrac.z.theta_5,0.014757896
20.7237,B,mrac.z.u_nom,0.010940503
20.7237,B,mrac.z.xm,0
20.7237,B,path.active_path_mode,0
20.7237,B,path.circle_theta,0
20.7237,B,path.sinusoid_t_elapsed,0
20.7237,B,path.twc_arrived,0
20.7237,B,path.twc_target_x,0
20.7237,B,path.twc_target_y,0
20.7237,B,path.twc_target_z,0
20.7237,B,pid.gyrox.Des,-122.69926
20.7237,B,pid.gyrox.FB,-81.841454
20.7237,B,pid.gyrox.U,-222.29201
20.7237,B,pid.gyroy.Des,200
20.7237,B,pid.gyroy.FB,-10.245177
20.7237,B,pid.gyroy.U,300
20.7237,B,pid.gyroz.Des,-60
20.7237,B,pid.gyroz.FB,-20.791889
20.7237,B,pid.gyroz.U,-313.99808
20.7237,B,pid.locx.Des,0
20.7237,B,pid.locx.FB,-111.34154
20.7237,B,pid.locx.U,91.039177
20.7237,B,pid.locxs.Des,91.039177
20.7237,B,pid.locxs.FB,62.552727
20.7237,B,pid.locxs.U,88.142944
20.7237,B,pid.locy.Des,-0
20.7237,B,pid.locy.FB,-121.73741
20.7237,B,pid.locy.U,98.852852
20.7237,B,pid.locys.Des,98.852852
20.7237,B,pid.locys.FB,37.029125
20.7237,B,pid.locys.U,180.22464
20.7237,B,pid.pitch.Des,8.1374969
20.7237,B,pid.pitch.FB,-71.540726
20.7237,B,pid.pitch.U,200
20.7237,B,pid.roll.Des,1.5919411
20.7237,B,pid.roll.FB,39.306026
20.7237,B,pid.roll.U,-122.69926
20.7237,B,pid.yaw.Des,8.7891102
20.7237,B,pid.yaw.FB,51.468761
20.7237,B,pid.yaw.U,-159.22784
20.7237,B,pid.z_pos.Des,0.012563892
20.7237,B,pid.z_pos.FB,0.012563892
20.7237,B,pid.z_pos.U,-0.054802358
20.7237,B,pid.z_rate.Des,0
20.7237,B,pid.z_rate.FB,-0.0080030886
20.7237,B,pid.z_rate.U,2.4287918
20.7237,B,status.vbat,16.188305
20.9407,A,mrac.pitch.e,-4.1004848
20.9407,A,mrac.pitch.u_ad,0
20.9407,A,mrac.roll.e,2.1643043
20.9407,A,mrac.roll.u_ad,0
20.9407,A,mrac.yaw.e,0.81037056
20.9407,A,mrac.yaw.u_ad,-0.19736172
20.9407,A,mrac.z.e,-5.6578963e-05
20.9407,A,mrac.z.u_ad,0.09942665
20.9407,A,status.arm,0
20.9407,A,status.estimator_ready,1
20.9407,A,status.flymode,0
20.9407,A,status.of_hold,1
20.9407,A,status.rc_authority,0
20.9407,A,status.sbus_lost,0
20.9407,A,status.twc_arrived,0
20.9407,A,status.twc_execute,0
20.9407,B,mrac.pitch.theta_0,0.024948688
20.9407,B,mrac.pitch.theta_1,0.0015604432
20.9407,B,mrac.pitch.theta_2,0.00094392209
20.9407,B,mrac.pitch.theta_3,0.00057701312
20.9407,B,mrac.pitch.theta_4,0.05738524
20.9407,B,mrac.pitch.theta_5,0.14270304
20.9407,B,mrac.pitch.u_nom,0.25641027
20.9407,B,mrac.pitch.xm,3.49066
20.9407,B,mrac.roll.theta_0,0.018430023
20.9407,B,mrac.roll.theta_1,0.0057697259
20.9407,B,mrac.roll.theta_2,0.0010939733
20.9407,B,mrac.roll.theta_3,0.0014986815
20.9407,B,mrac.roll.theta_4,0.04590134
20.9407,B,mrac.roll.theta_5,0.141111
20.9407,B,mrac.roll.u_nom,-0.24808455
20.9407,B,mrac.roll.xm,-2.5194151
20.9407,B,mrac.yaw.theta_0,-0.089484014
20.9407,B,mrac.yaw.theta_1,0.0051399032
20.9407,B,mrac.yaw.theta_2,0.00056700961
20.9407,B,mrac.yaw.theta_3,0
20.9407,B,mrac.yaw.theta_4,0.073816404
20.9407,B,mrac.yaw.theta_5,0.088788025
20.9407,B,mrac.yaw.u_nom,-0.18696581
20.9407,B,mrac.yaw.xm,-1.0471979
20.9407,B,mrac.z.theta_0,0.099565431
20.9407,B,mrac.z.theta_1,0.00061351445
20.9407,B,mrac.z.theta_2,0.00094790763
20.9407,B,mrac.z.theta_3,0
20.9407,B,mrac.z.theta_4,0.053878997
20.9407,B,mrac.z.theta_5,0.014757896
20.9407,B,mrac.z.u_nom,-0.0028970805
20.9407,B,mrac.z.xm,0
20.9407,B,path.active_path_mode,0
20.9407,B,path.circle_theta,0
20.9407,B,path.sinusoid_t_elapsed,0
20.9407,B,path.twc_arrived,0
20.9407,B,path.twc_target_x,0
20.9407,B,path.twc_target_y,0
20.9407,B,path.twc_target_z,0
20.9407,B,pid.gyrox.Des,-144.35179
20.9407,B,pid.gyrox.FB,-56.134163
20.9407,B,pid.gyrox.U,-290.25891
20.9407,B,pid.gyroy.Des,200
20.9407,B,pid.gyroy.FB,-41.273026
20.9407,B,pid.gyroy.U,300
20.9407,B,pid.gyroz.Des,-60
20.9407,B,pid.gyroz.FB,-16.252203
20.9407,B,pid.gyroz.U,-350
20.9407,B,pid.locx.Des,0
20.9407,B,pid.locx.FB,-112.42117
20.9407,B,pid.locx.U,92.225395
20.9407,B,pid.locxs.Des,92.225395
20.9407,B,pid.locxs.FB,40.722095
20.9407,B,pid.locxs.U,156.59677
20.9407,B,pid.locy.Des,-0
20.9407,B,pid.locy.FB,-120.45956
20.9407,B,pid.locy.U,98.20742
20.9407,B,pid.locys.Des,98.20742
20.9407,B,pid.locys.FB,24.304546
20.9407,B,pid.locys.U,210.64529
20.9407,B,pid.pitch.Des,10.90299
20.9407,B,pid.pitch.FB,-72.350281
20.9407,B,pid.pitch.U,200
20.9407,B,pid.roll.Des,-0.19486535
20.9407,B,pid.roll.FB,43.919701
20.9407,B,pid.roll.U,-144.35179
20.9407,B,pid.yaw.Des,8.7891102
20.9407,B,pid.yaw.FB,34.225708
20.9407,B,pid.yaw.U,-151.84743
20.9407,B,pid.z_pos.Des,0.012563892
20.9407,B,pid.z_pos.FB,0.012563892
20.9407,B,pid.z_pos.U,-0.054802358
20.9407,B,pid.z_rate.Des,0
20.9407,B,pid.z_rate.FB,-0.00024732045
20.9407,B,pid.z_rate.U,-0.64315188
20.9407,B,status.vbat,16.188305
21.1412,A,mrac.pitch.e,-3.3974626
21.1412,A,mrac.pitch.u_ad,0
21.1412,A,mrac.roll.e,3.156981
21.1412,A,mrac.roll.u_ad,0
21.1412,A,mrac.yaw.e,1.1096386
21.1412,A,mrac.yaw.u_ad,0
21.1412,A,mrac.z.e,-6.096526e-07
21.1412,A,mrac.z.u_ad,0.099386267
21.1412,A,status.arm,0
21.1412,A,status.estimator_ready,1
21.1412,A,status.flymode,0
21.1412,A,status.of_hold,1
21.1412,A,status.rc_authority,0
21.1412,A,status.sbus_lost,0
21.1412,A,status.twc_arrived,0
21.1412,A,status.twc_execute,0
21.1413,B,mrac.pitch.theta_0,0.024948688
21.1413,B,mrac.pitch.theta_1,0.0015604432
21.1413,B,mrac.pitch.theta_2,0.00094392209
21.1413,B,mrac.pitch.theta_3,0.00057701312
21.1413,B,mrac.pitch.theta_4,0.05738524
21.1413,B,mrac.pitch.theta_5,0.14270304
21.1413,B,mrac.pitch.u_nom,0.25537625
21.1413,B,mrac.pitch.xm,3.49066
21.1413,B,mrac.roll.theta_0,0.018430023
21.1413,B,mrac.roll.theta_1,0.0057697259
21.1413,B,mrac.roll.theta_2,0.0010939733
21.1413,B,mrac.roll.theta_3,0.0014986815
21.1413,B,mrac.roll.theta_4,0.04590134
21.1413,B,mrac.roll.theta_5,0.141111
21.1413,B,mrac.roll.u_nom,-0.23998651
21.1413,B,mrac.roll.xm,-3.0272586
21.1413,B,mrac.yaw.theta_0,-0.089579351
21.1413,B,mrac.yaw.theta_1,0.0057332092
21.1413,B,mrac.yaw.theta_2,0.00055339112
21.1413,B,mrac.yaw.theta_3,0
21.1413,B,mrac.yaw.theta_4,0.074621782
21.1413,B,mrac.yaw.theta_5,0.088962317
21.1413,B,mrac.yaw.u_nom,-0.18696581
21.1413,B,mrac.yaw.xm,-0.89887804
21.1413,B,mrac.z.theta_0,0.099565431
21.1413,B,mrac.z.theta_1,0.00061351445
21.1413,B,mrac.z.theta_2,0.00094790763
21.1413,B,mrac.z.theta_3,0
21.1413,B,mrac.z.theta_4,0.053878997
21.1413,B,mrac.z.theta_5,0.014757896
21.1413,B,mrac.z.u_nom,-0.003336068
21.1413,B,mrac.z.xm,0
21.1413,B,path.active_path_mode,0
21.1413,B,path.circle_theta,0
21.1413,B,path.sinusoid_t_elapsed,0
21.1413,B,path.twc_arrived,0
21.1413,B,path.twc_target_x,0
21.1413,B,path.twc_target_y,0
21.1413,B,path.twc_target_z,0
21.1413,B,pid.gyrox.Des,-173.44907
21.1413,B,pid.gyrox.FB,4.6356525
21.1413,B,pid.gyrox.U,-280.78421
21.1413,B,pid.gyroy.Des,200
21.1413,B,pid.gyroy.FB,1.164639
21.1413,B,pid.gyroy.U,298.79022
21.1413,B,pid.gyroz.Des,-51.501896
21.1413,B,pid.gyroz.FB,0.8818022
21.1413,B,pid.gyroz.U,-350
21.1413,B,pid.locx.Des,0
21.1413,B,pid.locx.FB,-112.55982
21.1413,B,pid.locx.U,91.790276
21.1413,B,pid.locxs.Des,91.790276
21.1413,B,pid.locxs.FB,44.2061
21.1413,B,pid.locxs.U,141.6608
21.1413,B,pid.locy.Des,-0
21.1413,B,pid.locy.FB,-119.59064
21.1413,B,pid.locy.U,97.451164
21.1413,B,pid.locys.Des,97.451164
21.1413,B,pid.locys.FB,23.807999
21.1413,B,pid.locys.U,221.47375
21.1413,B,pid.pitch.Des,8.6560678
21.1413,B,pid.pitch.FB,-73.704231
21.1413,B,pid.pitch.U,200
21.1413,B,pid.roll.Des,-1.1228369
21.1413,B,pid.roll.FB,53.972218
21.1413,B,pid.roll.U,-173.44907
21.1413,B,pid.yaw.Des,8.7891102
21.1413,B,pid.yaw.FB,17.501451
21.1413,B,pid.yaw.U,-51.501896
21.1413,B,pid.z_pos.Des,0.012563892
21.1413,B,pid.z_pos.FB,0.012563892
21.1413,B,pid.z_pos.U,-0.054802358
21.1413,B,pid.z_rate.Des,0
21.1413,B,pid.z_rate.FB,-1.2746324e-06
21.1413,B,pid.z_rate.U,-0.74060708
21.1413,B,status.vbat,16.188305
21.3417,A,mrac.pitch.e,-3.3887494
21.3417,A,mrac.pitch.u_ad,0
21.3417,A,mrac.roll.e,2.7839749
21.3417,A,mrac.roll.u_ad,0
21.3417,A,mrac.yaw.e,1.0678521
21.3417,A,mrac.yaw.u_ad,0
21.3417,A,mrac.z.e,-9.0111962e-09
21.3417,A,mrac.z.u_ad,0.099385604
21.3417,A,status.arm,0
21.3417,A,status.estimator_ready,1
21.3417,A,status.flymode,0
21.3417,A,status.of_hold,1
21.3417,A,status.rc_authority,0
21.3417,A,status.sbus_lost,0
21.3417,A,status.twc_arrived,0
21.3417,A,status.twc_execute,0
21.3418,B,mrac.pitch.theta_0,0.024948688
21.3418,B,mrac.pitch.theta_1,0.0015604432
21.3418,B,mrac.pitch.theta_2,0.00094392209
21.3418,B,mrac.pitch.theta_3,0.00057701312
21.3418,B,mrac.pitch.theta_4,0.05738524
21.3418,B,mrac.pitch.theta_5,0.14270304
21.3418,B,mrac.pitch.u_nom,0.25641027
21.3418,B,mrac.pitch.xm,3.49066
21.3418,B,mrac.roll.theta_0,0.018430023
21.3418,B,mrac.roll.theta_1,0.0057697259
21.3418,B,mrac.roll.theta_2,0.0010939733
21.3418,B,mrac.roll.theta_3,0.0014986815
21.3418,B,mrac.roll.theta_4,0.04590134
21.3418,B,mrac.roll.theta_5,0.141111
21.3418,B,mrac.roll.u_nom,-0.25011861
21.3418,B,mrac.roll.xm,-2.711169
21.3418,B,mrac.yaw.theta_0,-0.089578338
21.3418,B,mrac.yaw.theta_1,0.0057272539
21.3418,B,mrac.yaw.theta_2,0.00055335159
21.3418,B,mrac.yaw.theta_3,0
21.3418,B,mrac.yaw.theta_4,0.074639708
21.3418,B,mrac.yaw.theta_5,0.088965371
21.3418,B,mrac.yaw.u_nom,-0.18696581
21.3418,B,mrac.yaw.xm,-1.0471979
21.3418,B,mrac.z.theta_0,0.099565431
21.3418,B,mrac.z.theta_1,0.00061351445
21.3418,B,mrac.z.theta_2,0.00094790763
21.3418,B,mrac.z.theta_3,0
21.3418,B,mrac.z.theta_4,0.053878997
21.3418,B,mrac.z.theta_5,0.014757896
21.3418,B,mrac.z.u_nom,-0.0033382787
21.3418,B,mrac.z.xm,0
21.3418,B,path.active_path_mode,0
21.3418,B,path.circle_theta,0
21.3418,B,path.sinusoid_t_elapsed,0
21.3418,B,path.twc_arrived,0
21.3418,B,path.twc_target_x,0
21.3418,B,path.twc_target_y,0
21.3418,B,path.twc_target_z,0
21.3418,B,pid.gyrox.Des,-155.33847
21.3418,B,pid.gyrox.FB,8.7463999
21.3418,B,pid.gyrox.U,-292.63876
21.3418,B,pid.gyroy.Des,200
21.3418,B,pid.gyroy.FB,5.7271523
21.3418,B,pid.gyroy.U,300
21.3418,B,pid.gyroz.Des,-60
21.3418,B,pid.gyroz.FB,0.85810721
21.3418,B,pid.gyroz.U,-350
21.3418,B,pid.locx.Des,0
21.3418,B,pid.locx.FB,-109.9672
21.3418,B,pid.locx.U,89.238113
21.3418,B,pid.locxs.Des,89.238113
21.3418,B,pid.locxs.FB,55.791229
21.3418,B,pid.locxs.U,99.75988
21.3418,B,pid.locy.Des,-0
21.3418,B,pid.locy.FB,-118.1076
21.3418,B,pid.locy.U,96.145828
21.3418,B,pid.locys.Des,96.145828
21.3418,B,pid.locys.FB,24.35854
21.3418,B,pid.locys.U,219.52986
21.3418,B,pid.pitch.Des,9.1324215
21.3418,B,pid.pitch.FB,-73.016968
21.3418,B,pid.pitch.U,200
21.3418,B,pid.roll.Des,-0.025955843
21.3418,B,pid.roll.FB,49.172523
21.3418,B,pid.roll.U,-155.33847
21.3418,B,pid.yaw.Des,8.7891102
21.3418,B,pid.yaw.FB,24.076862
21.3418,B,pid.yaw.U,-90.954369
21.3418,B,pid.z_pos.Des,0.012563892
21.3418,B,pid.z_pos.FB,0.012563892
21.3418,B,pid.z_pos.U,-0.054802358
21.3418,B,pid.z_rate.Des,0
21.3418,B,pid.z_rate.FB,-3.5451119e-08
21.3418,B,pid.z_rate.U,-0.74109787
21.3418,B,status.vbat,16.188305
21.5576,A,mrac.pitch.e,-3.136945
21.5576,A,mrac.pitch.u_ad,0
21.5576,A,mrac.roll.e,2.4735324
21.5576,A,mrac.roll.u_ad,0
21.5576,A,mrac.yaw.e,1.1171417
21.5576,A,mrac.yaw.u_ad,0
21.5576,A,mrac.z.e,-9.7097913e-11
21.5576,A,mrac.z.u_ad,0.099385604
21.5576,A,status.arm,0
21.5576,A,status.estimator_ready,1
21.5576,A,status.flymode,0
21.5576,A,status.of_hold,1
21.5576,A,status.rc_authority,0
21.5576,A,status.sbus_lost,0
21.5576,A,status.twc_arrived,0
21.5576,A,status.twc_execute,0
21.5577,B,mrac.pitch.theta_0,0.024948688
21.5577,B,mrac.pitch.theta_1,0.0015604432
21.5577,B,mrac.pitch.theta_2,0.00094392209
21.5577,B,mrac.pitch.theta_3,0.00057701312
21.5577,B,mrac.pitch.theta_4,0.05738524
21.5577,B,mrac.pitch.theta_5,0.14270304
21.5577,B,mrac.pitch.u_nom,0.25449881
21.5577,B,mrac.pitch.xm,3.49066
21.5577,B,mrac.roll.theta_0,0.018430023
21.5577,B,mrac.roll.theta_1,0.0057697259
21.5577,B,mrac.roll.theta_2,0.0010939733
21.5577,B,mrac.roll.theta_3,0.0014986815
21.5577,B,mrac.roll.theta_4,0.04590134
21.5577,B,mrac.roll.theta_5,0.141111
21.5577,B,mrac.roll.u_nom,-0.2292528
21.5577,B,mrac.roll.xm,-2.2794628
21.5577,B,mrac.yaw.theta_0,-0.089578338
21.5577,B,mrac.yaw.theta_1,0.0057272539
21.5577,B,mrac.yaw.theta_2,0.00055335159
21.5577,B,mrac.yaw.theta_3,0
21.5577,B,mrac.yaw.theta_4,0.074639708
21.5577,B,mrac.yaw.theta_5,0.088965371
21.5577,B,mrac.yaw.u_nom,-0.18696581
21.5577,B,mrac.yaw.xm,-1.0471979
21.5577,B,mrac.z.theta_0,0.099565431
21.5577,B,mrac.z.theta_1,0.00061351445
21.5577,B,mrac.z.theta_2,0.00094790763
21.5577,B,mrac.z.theta_3,0
21.5577,B,mrac.z.theta_4,0.053878997
21.5577,B,mrac.z.theta_5,0.014757896
21.5577,B,mrac.z.u_nom,-0.0033383423
21.5577,B,mrac.z.xm,0
21.5577,B,path.active_path_mode,0
21.5577,B,path.circle_theta,0
21.5577,B,path.sinusoid_t_elapsed,0
21.5577,B,path.twc_arrived,0
21.5577,B,path.twc_target_x,0
21.5577,B,path.twc_target_y,0
21.5577,B,path.twc_target_z,0
21.5577,B,pid.gyrox.Des,-130.60355
21.5577,B,pid.gyrox.FB,11.548366
21.5577,B,pid.gyrox.U,-268.22577
21.5577,B,pid.gyroy.Des,200
21.5577,B,pid.gyroy.FB,16.527977
21.5577,B,pid.gyroy.U,297.76361
21.5577,B,pid.gyroz.Des,-60
21.5577,B,pid.gyroz.FB,1.645496
21.5577,B,pid.gyroz.U,-350
21.5577,B,pid.locx.Des,0
21.5577,B,pid.locx.FB,-103.45801
21.5577,B,pid.locx.U,83.798737
21.5577,B,pid.locxs.Des,83.798737
21.5577,B,pid.locxs.FB,58.758194
21.5577,B,pid.locxs.U,78.289192
21.5577,B,pid.locy.Des,-0
21.5577,B,pid.locy.FB,-116.404
21.5577,B,pid.locy.U,95.024719
21.5577,B,pid.locys.Des,95.024719
21.5577,B,pid.locys.FB,16.23189
21.5577,B,pid.locys.U,235.72348
21.5577,B,pid.pitch.Des,10.256533
21.5577,B,pid.pitch.FB,-71.28167
21.5577,B,pid.pitch.U,200
21.5577,B,pid.roll.Des,1.2189559
21.5577,B,pid.roll.FB,42.249535
21.5577,B,pid.roll.U,-130.60355
21.5577,B,pid.yaw.Des,8.7891102
21.5577,B,pid.yaw.FB,33.54818
21.5577,B,pid.yaw.U,-147.78226
21.5577,B,pid.z_pos.Des,0.012563892
21.5577,B,pid.z_pos.FB,0.012563892
21.5577,B,pid.z_pos.U,-0.054802358
21.5577,B,pid.z_rate.Des,0
21.5577,B,pid.z_rate.FB,-1.8270688e-10
21.5577,B,pid.z_rate.U,-0.74111199
21.5577,B,status.vbat,16.188305
21.7580,A,mrac.pitch.e,-3.2455339
21.7580,A,mrac.pitch.u_ad,0
21.7580,A,mrac.roll.e,2.8403826
21.7580,A,mrac.roll.u_ad,0
21.7580,A,mrac.yaw.e,1.3415759
21.7580,A,mrac.yaw.u_ad,0
21.7580,A,mrac.z.e,-1.4351912e-12
21.7580,A,mrac.z.u_ad,0.099385604
21.7580,A,status.arm,0
21.7580,A,status.estimator_ready,1
21.7580,A,status.flymode,0
21.7580,A,status.of_hold,1
21.7580,A,status.rc_authority,0
21.7580,A,status.sbus_lost,0
21.7580,A,status.twc_arrived,0
21.7580,A,status.twc_execute,0
21.7581,B,mrac.pitch.theta_0,0.024948688
21.7581,B,mrac.pitch.theta_1,0.0015604432
21.7581,B,mrac.pitch.theta_2,0.00094392209
21.7581,B,mrac.pitch.theta_3,0.00057701312
21.7581,B,mrac.pitch.theta_4,0.05738524
21.7581,B,mrac.pitch.theta_5,0.14270304
21.7581,B,mrac.pitch.u_nom,0.25072128
21.7581,B,mrac.pitch.xm,3.49066
21.7581,B,mrac.roll.theta_0,0.018430023
21.7581,B,mrac.roll.theta_1,0.0057697259
21.7581,B,mrac.roll.theta_2,0.0010939733
21.7581,B,mrac.roll.theta_3,0.0014986815
21.7581,B,mrac.roll.theta_4,0.04590134
21.7581,B,mrac.roll.theta_5,0.141111
21.7581,B,mrac.roll.u_nom,-0.21896902
21.7581,B,mrac.roll.xm,-1.8772776
21.7581,B,mrac.yaw.theta_0,-0.089578338
21.7581,B,mrac.yaw.theta_1,0.0057272539
21.7581,B,mrac.yaw.theta_2,0.00055335159
21.7581,B,mrac.yaw.theta_3,0
21.7581,B,mrac.yaw.theta_4,0.074639708
21.7581,B,mrac.yaw.theta_5,0.088965371
21.7581,B,mrac.yaw.u_nom,-0.18696581
21.7581,B,mrac.yaw.xm,-1.0471979
21.7581,B,mrac.z.theta_0,0.099565431
21.7581,B,mrac.z.theta_1,0.00061351445
21.7581,B,mrac.z.theta_2,0.00094790763
21.7581,B,mrac.z.theta_3,0
21.7581,B,mrac.z.theta_4,0.053878997
21.7581,B,mrac.z.theta_5,0.014757896
21.7581,B,mrac.z.u_nom,-0.0033383425
21.7581,B,mrac.z.xm,0
21.7581,B,path.active_path_mode,0
21.7581,B,path.circle_theta,0
21.7581,B,path.sinusoid_t_elapsed,0
21.7581,B,path.twc_arrived,0
21.7581,B,path.twc_target_x,0
21.7581,B,path.twc_target_y,0
21.7581,B,path.twc_target_z,0
21.7581,B,pid.gyrox.Des,-107.56004
21.7581,B,pid.gyrox.FB,41.300907
21.7581,B,pid.gyrox.U,-256.19376
21.7581,B,pid.gyroy.Des,200
21.7581,B,pid.gyroy.FB,19.561466
21.7581,B,pid.gyroy.U,293.3439
21.7581,B,pid.gyroz.Des,-60
21.7581,B,pid.gyroz.FB,12.31267
21.7581,B,pid.gyroz.U,-350
21.7581,B,pid.locx.Des,0
21.7581,B,pid.locx.FB,-99.559975
21.7581,B,pid.locx.U,80.855164
21.7581,B,pid.locxs.Des,80.855164
21.7581,B,pid.locxs.FB,49.367939
21.7581,B,pid.locxs.U,92.870506
21.7581,B,pid.locy.Des,-0
21.7581,B,pid.locy.FB,-116.36488
21.7581,B,pid.locy.U,95.134727
21.7581,B,pid.locys.Des,95.134727
21.7581,B,pid.locys.FB,9.2090549
21.7581,B,pid.locys.U,261.22198
21.7581,B,pid.pitch.Des,11.702487
21.7581,B,pid.pitch.FB,-69.59684
21.7581,B,pid.pitch.U,200
21.7581,B,pid.roll.Des,2.3484814
21.7581,B,pid.roll.FB,36.316189
21.7581,B,pid.roll.U,-107.56004
21.7581,B,pid.yaw.Des,8.7891102
21.7581,B,pid.yaw.FB,44.161148
21.7581,B,pid.yaw.U,-159.22784
21.7581,B,pid.z_pos.Des,0.012563892
21.7581,B,pid.z_pos.FB,0.012563892
21.7581,B,pid.z_pos.U,-0.054802358
21.7581,B,pid.z_rate.Des,0
21.7581,B,pid.z_rate.FB,-5.6462135e-12
21.7581,B,pid.z_rate.U,-0.74111205
21.7581,B,status.vbat,16.188305
21.9580,A,mrac.pitch.e,-3.2842991
21.9580,A,mrac.pitch.u_ad,0
21.9580,A,mrac.roll.e,2.3676066
21.9580,A,mrac.roll.u_ad,0
21.9580,A,mrac.yaw.e,1.242483
21.9580,A,mrac.yaw.u_ad,0
21.9580,A,mrac.z.e,-3.9916709e-14
21.9580,A,mrac.z.u_ad,0.099385604
21.9580,A,status.arm,0
21.9580,A,status.estimator_ready,1
21.9580,A,status.flymode,0
21.9580,A,status.of_hold,1
21.9580,A,status.rc_authority,0
21.9580,A,status.sbus_lost,0
21.9580,A,status.twc_arrived,0
21.9580,A,status.twc_execute,0
21.9581,B,mrac.pitch.theta_0,0.024948688
21.9581,B,mrac.pitch.theta_1,0.0015604432
21.9581,B,mrac.pitch.theta_2,0.00094392209
21.9581,B,mrac.pitch.theta_3,0.00057701312
21.9581,B,mrac.pitch.theta_4,0.05738524
21.9581,B,mrac.pitch.theta_5,0.14270304
21.9581,B,mrac.pitch.u_nom,0.25623205
21.9581,B,mrac.pitch.xm,3.49066
21.9581,B,mrac.roll.theta_0,0.018430023
21.9581,B,mrac.roll.theta_1,0.0057697259
21.9581,B,mrac.roll.theta_2,0.0010939733
21.9581,B,mrac.roll.theta_3,0.0014986815
21.9581,B,mrac.roll.theta_4,0.04590134
21.9581,B,mrac.roll.theta_5,0.141111
21.9581,B,mrac.roll.u_nom,-0.25641027
21.9581,B,mrac.roll.xm,-1.9633888
21.9581,B,mrac.yaw.theta_0,-0.089578338
21.9581,B,mrac.yaw.theta_1,0.0057272539
21.9581,B,mrac.yaw.theta_2,0.00055335159
21.9581,B,mrac.yaw.theta_3,0
21.9581,B,mrac.yaw.theta_4,0.074639708
21.9581,B,mrac.yaw.theta_5,0.088965371
21.9581,B,mrac.yaw.u_nom,-0.18696581
21.9581,B,mrac.yaw.xm,-1.0471979
21.9581,B,mrac.z.theta_0,0.099565431
21.9581,B,mrac.z.theta_1,0.00061351445
21.9581,B,mrac.z.theta_2,0.00094790763
21.9581,B,mrac.z.theta_3,0
21.9581,B,mrac.z.theta_4,0.053878997
21.9581,B,mrac.z.theta_5,0.014757896
21.9581,B,mrac.z.u_nom,-0.0033383425
21.9581,B,mrac.z.xm,0
21.9581,B,path.active_path_mode,0
21.9581,B,path.circle_theta,0
21.9581,B,path.sinusoid_t_elapsed,0
21.9581,B,path.twc_arrived,0
21.9581,B,path.twc_target_x,0
21.9581,B,path.twc_target_y,0
21.9581,B,path.twc_target_z,0
21.9581,B,pid.gyrox.Des,-112.49384
21.9581,B,pid.gyrox.FB,18.11924
21.9581,B,pid.gyrox.U,-300
21.9581,B,pid.gyroy.Des,200
21.9581,B,pid.gyroy.FB,9.7669048
21.9581,B,pid.gyroy.U,299.7915
21.9581,B,pid.gyroz.Des,-60
21.9581,B,pid.gyroz.FB,5.4966826
21.9581,B,pid.gyroz.U,-350
21.9581,B,pid.locx.Des,0
21.9581,B,pid.locx.FB,-97.425705
21.9581,B,pid.locx.U,80.003128
21.9581,B,pid.locxs.Des,80.003128
21.9581,B,pid.locxs.FB,20.803524
21.9581,B,pid.locxs.U,189.02153
21.9581,B,pid.locy.Des,-0
21.9581,B,pid.locy.FB,-115.74686
21.9581,B,pid.locy.U,94.352371
21.9581,B,pid.locys.Des,94.352371
21.9581,B,pid.locys.FB,15.723018
21.9581,B,pid.locys.U,229.4438
21.9581,B,pid.pitch.Des,13.208168
21.9581,B,pid.pitch.FB,-69.101067
21.9581,B,pid.pitch.U,200
21.9581,B,pid.roll.Des,1.8968825
21.9581,B,pid.roll.FB,35.579159
21.9581,B,pid.roll.U,-112.49384
21.9581,B,pid.yaw.Des,8.7891102
21.9581,B,pid.yaw.FB,57.317265
21.9581,B,pid.yaw.U,-159.22784
21.9581,B,pid.z_pos.Des,0.012563892
21.9581,B,pid.z_pos.FB,0.012563892
21.9581,B,pid.z_pos.U,-0.054802358
21.9581,B,pid.z_rate.Des,0
21.9581,B,pid.z_rate.FB,-2.9099278e-14
21.9581,B,pid.z_rate.U,-0.74111205
21.9581,B,status.vbat,16.188305
22.1591,A,mrac.pitch.e,-3.6311593
22.1591,A,mrac.pitch.u_ad,0
22.1591,A,mrac.roll.e,1.6423324
22.1591,A,mrac.roll.u_ad,0
22.1591,A,mrac.yaw.e,0.94026744
22.1591,A,mrac.yaw.u_ad,-0.16447292
22.1591,A,mrac.z.e,-3.1355198e-16
22.1591,A,mrac.z.u_ad,0.099385604
22.1591,A,status.arm,0
22.1591,A,status.estimator_ready,1
22.1591,A,status.flymode,0
22.1591,A,status.of_hold,1
22.1591,A,status.rc_authority,0
22.1591,A,status.sbus_lost,0
22.1591,A,status.twc_arrived,0
22.1591,A,status.twc_execute,0
22.1591,B,mrac.pitch.theta_0,0.024948688
22.1591,B,mrac.pitch.theta_1,0.0015604432
22.1591,B,mrac.pitch.theta_2,0.00094392209
22.1591,B,mrac.pitch.theta_3,0.00057701312
22.1591,B,mrac.pitch.theta_4,0.05738524
22.1591,B,mrac.pitch.theta_5,0.14270304
22.1591,B,mrac.pitch.u_nom,0.25641027
22.1591,B,mrac.pitch.xm,3.49066
22.1591,B,mrac.roll.theta_0,0.018430023
22.1591,B,mrac.roll.theta_1,0.0057697259
22.1591,B,mrac.roll.theta_2,0.0010939733
22.1591,B,mrac.roll.theta_3,0.0014986815
22.1591,B,mrac.roll.theta_4,0.04590134
22.1591,B,mrac.roll.theta_5,0.141111
22.1591,B,mrac.roll.u_nom,-0.23443204
22.1591,B,mrac.roll.xm,-2.0029516
22.1591,B,mrac.yaw.theta_0,-0.089554146
22.1591,B,mrac.yaw.theta_1,0.0058047762
22.1591,B,mrac.yaw.theta_2,0.00055264239
22.1591,B,mrac.yaw.theta_3,0
22.1591,B,mrac.yaw.theta_4,0.074801587
22.1591,B,mrac.yaw.theta_5,0.088997729
22.1591,B,mrac.yaw.u_nom,-0.18696581
22.1591,B,mrac.yaw.xm,-1.0471979
22.1591,B,mrac.z.theta_0,0.099565431
22.1591,B,mrac.z.theta_1,0.00061351445
22.1591,B,mrac.z.theta_2,0.00094790763
22.1591,B,mrac.z.theta_3,0
22.1591,B,mrac.z.theta_4,0.053878997
22.1591,B,mrac.z.theta_5,0.014757896
22.1591,B,mrac.z.u_nom,-0.0033383425
22.1591,B,mrac.z.xm,0
22.1591,B,path.active_path_mode,0
22.1591,B,path.circle_theta,0
22.1591,B,path.sinusoid_t_elapsed,0
22.1591,B,path.twc_arrived,0
22.1591,B,path.twc_target_x,0
22.1591,B,path.twc_target_y,0
22.1591,B,path.twc_target_z,0
22.1591,B,pid.gyrox.Des,-114.76063
22.1591,B,pid.gyrox.FB,-15.379952
22.1591,B,pid.gyrox.U,-274.28549
22.1591,B,pid.gyroy.Des,200
22.1591,B,pid.gyroy.FB,-6.6207433
22.1591,B,pid.gyroy.U,300
22.1591,B,pid.gyroz.Des,-60
22.1591,B,pid.gyroz.FB,-6.6972008
22.1591,B,pid.gyroz.U,-350
22.1591,B,pid.locx.Des,0
22.1591,B,pid.locx.FB,-98.859619
22.1591,B,pid.locx.U,81.6231
22.1591,B,pid.locxs.Des,81.6231
22.1591,B,pid.locxs.FB,1.2631383
22.1591,B,pid.locxs.U,255.75716
22.1591,B,pid.locy.Des,-0
22.1591,B,pid.locy.FB,-114.44842
22.1591,B,pid.locy.U,93.262276
22.1591,B,pid.locys.Des,93.262276
22.1591,B,pid.locys.FB,16.352507
22.1591,B,pid.locys.U,231.70982
22.1591,B,pid.pitch.Des,15
22.1591,B,pid.pitch.FB,-69.244186
22.1591,B,pid.pitch.U,200
22.1591,B,pid.roll.Des,1.1206567
22.1591,B,pid.roll.FB,36.281906
22.1591,B,pid.roll.U,-114.76063
22.1591,B,pid.yaw.Des,8.7891102
22.1591,B,pid.yaw.FB,56.848454
22.1591,B,pid.yaw.U,-159.22784
22.1591,B,pid.z_pos.Des,0.012563892
22.1591,B,pid.z_pos.FB,0.012563892
22.1591,B,pid.z_pos.U,-0.054802358
22.1591,B,pid.z_rate.Des,0
22.1591,B,pid.z_rate.FB,-8.9925856e-16
22.1591,B,pid.z_rate.U,-0.74111205
22.1591,B,status.vbat,16.188305
22.3760,A,mrac.pitch.e,-3.6445916
22.3760,A,mrac.pitch.u_ad,0
22.3760,A,mrac.roll.e,1.4903357
22.3760,A,mrac.roll.u_ad,0
22.3760,A,mrac.yaw.e,0.89591104
22.3760,A,mrac.yaw.u_ad,-0.19720306
22.3760,A,mrac.z.e,-6.3574352e-18
22.3760,A,mrac.z.u_ad,0.099385604
22.3760,A,status.arm,0
22.3760,A,status.estimator_ready,1
22.3760,A,status.flymode,0
22.3760,A,status.of_hold,1
22.3760,A,status.rc_authority,0
22.3760,A,status.sbus_lost,0
22.3760,A,status.twc_arrived,0
22.3760,A,status.twc_execute,0
22.3761,B,mrac.pitch.theta_0,0.024948688
22.3761,B,mrac.pitch.theta_1,0.0015604432
22.3761,B,mrac.pitch.theta_2,0.00094392209
22.3761,B,mrac.pitch.theta_3,0.00057701312
22.3761,B,mrac.pitch.theta_4,0.05738524
22.3761,B,mrac.pitch.theta_5,0.14270304
22.3761,B,mrac.pitch.u_nom,0.24628463
22.3761,B,mrac.pitch.xm,3.49066
22.3761,B,mrac.roll.theta_0,0.018430023
22.3761,B,mrac.roll.theta_1,0.0057697259
22.3761,B,mrac.roll.theta_2,0.0010939733
22.3761,B,mrac.roll.theta_3,0.0014986815
22.3761,B,mrac.roll.theta_4,0.04590134
22.3761,B,mrac.roll.theta_5,0.141111
22.3761,B,mrac.roll.u_nom,-0.2374212
22.3761,B,mrac.roll.xm,-2.0770898
22.3761,B,mrac.yaw.theta_0,-0.089534923
22.3761,B,mrac.yaw.theta_1,0.0064355717
22.3761,B,mrac.yaw.theta_2,0.00054421392
22.3761,B,mrac.yaw.theta_3,0
22.3761,B,mrac.yaw.theta_4,0.075592861
22.3761,B,mrac.yaw.theta_5,0.089133784
22.3761,B,mrac.yaw.u_nom,-0.18696581
22.3761,B,mrac.yaw.xm,-1.0471979
22.3761,B,mrac.z.theta_0,0.099565431
22.3761,B,mrac.z.theta_1,0.00061351445
22.3761,B,mrac.z.theta_2,0.00094790763
22.3761,B,mrac.z.theta_3,0
22.3761,B,mrac.z.theta_4,0.053878997
22.3761,B,mrac.z.theta_5,0.014757896
22.3761,B,mrac.z.u_nom,-0.0033383425
22.3761,B,mrac.z.xm,0
22.3761,B,path.active_path_mode,0
22.3761,B,path.circle_theta,0
22.3761,B,path.sinusoid_t_elapsed,0
22.3761,B,path.twc_arrived,0
22.3761,B,path.twc_target_x,0
22.3761,B,path.twc_target_y,0
22.3761,B,path.twc_target_z,0
22.3761,B,pid.gyrox.Des,-119.00843
22.3761,B,pid.gyrox.FB,-36.284382
22.3761,B,pid.gyrox.U,-277.78281
22.3761,B,pid.gyroy.Des,200
22.3761,B,pid.gyroy.FB,-7.4380546
22.3761,B,pid.gyroy.U,288.15302
22.3761,B,pid.gyroz.Des,-60
22.3761,B,pid.gyroz.FB,-6.9440632
22.3761,B,pid.gyroz.U,-350
22.3761,B,pid.locx.Des,0
22.3761,B,pid.locx.FB,-104.1637
22.3761,B,pid.locx.U,86.139168
22.3761,B,pid.locxs.Des,86.139168
22.3761,B,pid.locxs.FB,-14.797608
22.3761,B,pid.locxs.U,304.21735
22.3761,B,pid.locy.Des,-0
22.3761,B,pid.locy.FB,-112.99763
22.3761,B,pid.locy.U,92.284401
22.3761,B,pid.locys.Des,92.284401
22.3761,B,pid.locys.FB,11.001399
22.3761,B,pid.locys.U,244.16154
22.3761,B,pid.pitch.Des,15
22.3761,B,pid.pitch.FB,-69.837234
22.3761,B,pid.pitch.U,200
22.3761,B,pid.roll.Des,-0.28673479
22.3761,B,pid.roll.FB,36.459324
22.3761,B,pid.roll.U,-119.00843
22.3761,B,pid.yaw.Des,8.7891102
22.3761,B,pid.yaw.FB,49.158092
22.3761,B,pid.yaw.U,-159.22784
22.3761,B,pid.z_pos.Des,0.012563892
22.3761,B,pid.z_pos.FB,0.012563892
22.3761,B,pid.z_pos.U,-0.054802358
22.3761,B,pid.z_rate.Des,0
22.3761,B,pid.z_rate.FB,-4.6345701e-18
22.3761,B,pid.z_rate.U,-0.74111205
22.3761,B,status.vbat,16.188305
22.5946,A,mrac.pitch.e,-3.7374084
22.5946,A,mrac.pitch.u_ad,0
22.5946,A,mrac.roll.e,2.0623796
22.5946,A,mrac.roll.u_ad,0
22.5946,A,mrac.yaw.e,0.95585126
22.5946,A,mrac.yaw.u_ad,-0.19792585
22.5946,A,mrac.z.e,-3.276475e-20
22.5946,A,mrac.z.u_ad,0.099385604
22.5946,A,status.arm,0
22.5946,A,status.estimator_ready,1
22.5946,A,status.flymode,0
22.5946,A,status.of_hold,1
22.5946,A,status.rc_authority,0
22.5946,A,status.sbus_lost,0
22.5946,A,status.twc_arrived,0
22.5946,A,status.twc_execute,0
22.5948,B,mrac.pitch.theta_0,0.024948688
22.5948,B,mrac.pitch.theta_1,0.0015604432
22.5948,B,mrac.pitch.theta_2,0.00094392209
22.5948,B,mrac.pitch.theta_3,0.00057701312
22.5948,B,mrac.pitch.theta_4,0.05738524
22.5948,B,mrac.pitch.theta_5,0.14270304
22.5948,B,mrac.pitch.u_nom,0.2370545
22.5948,B,mrac.pitch.xm,3.49066
22.5948,B,mrac.roll.theta_0,0.018430023
22.5948,B,mrac.roll.theta_1,0.0057697259
22.5948,B,mrac.roll.theta_2,0.0010939733
22.5948,B,mrac.roll.theta_3,0.0014986815
22.5948,B,mrac.roll.theta_4,0.04590134
22.5948,B,mrac.roll.theta_5,0.141111
22.5948,B,mrac.roll.u_nom,-0.25641027
22.5948,B,mrac.roll.xm,-2.2569458
22.5948,B,mrac.yaw.theta_0,-0.089534767
22.5948,B,mrac.yaw.theta_1,0.0069242702
22.5948,B,mrac.yaw.theta_2,0.00053696224
22.5948,B,mrac.yaw.theta_3,0
22.5948,B,mrac.yaw.theta_4,0.0761251
22.5948,B,mrac.yaw.theta_5,0.089206532
22.5948,B,mrac.yaw.u_nom,-0.18696581
22.5948,B,mrac.yaw.xm,-1.0471979
22.5948,B,mrac.z.theta_0,0.099565431
22.5948,B,mrac.z.theta_1,0.00061351445
22.5948,B,mrac.z.theta_2,0.00094790763
22.5948,B,mrac.z.theta_3,0
22.5948,B,mrac.z.theta_4,0.053878997
22.5948,B,mrac.z.theta_5,0.014757896
22.5948,B,mrac.z.u_nom,-0.0033383425
22.5948,B,mrac.z.xm,0
22.5948,B,path.active_path_mode,0
22.5948,B,path.circle_theta,0
22.5948,B,path.sinusoid_t_elapsed,0
22.5948,B,path.twc_arrived,0
22.5948,B,path.twc_target_x,0
22.5948,B,path.twc_target_y,0
22.5948,B,path.twc_target_z,0
22.5948,B,pid.gyrox.Des,-129.31342
22.5948,B,pid.gyrox.FB,-22.020773
22.5948,B,pid.gyrox.U,-300
22.5948,B,pid.gyroy.Des,200
22.5948,B,pid.gyroy.FB,-17.286333
22.5948,B,pid.gyroy.U,277.35376
22.5948,B,pid.gyroz.Des,-60
22.5948,B,pid.gyroz.FB,-9.037096
22.5948,B,pid.gyroz.U,-350
22.5948,B,pid.locx.Des,0
22.5948,B,pid.locx.FB,-107.46267
22.5948,B,pid.locx.U,88.541656
22.5948,B,pid.locxs.Des,88.541656
22.5948,B,pid.locxs.FB,-12.750292
22.5948,B,pid.locxs.U,296.55347
22.5948,B,pid.locy.Des,-0
22.5948,B,pid.locy.FB,-112.23767
22.5948,B,pid.locy.U,91.562561
22.5948,B,pid.locys.Des,91.562561
22.5948,B,pid.locys.FB,12.744805
22.5948,B,pid.locys.U,236.18616
22.5948,B,pid.pitch.Des,15
22.5948,B,pid.pitch.FB,-70.397217
22.5948,B,pid.pitch.U,200
22.5948,B,pid.roll.Des,-1.2464014
22.5948,B,pid.roll.FB,38.430214
22.5948,B,pid.roll.U,-129.31342
22.5948,B,pid.yaw.Des,8.7891102
22.5948,B,pid.yaw.FB,41.807869
22.5948,B,pid.yaw.U,-159.22784
22.5948,B,pid.z_pos.Des,0.012563892
22.5948,B,pid.z_pos.FB,0.012563892
22.5948,B,pid.z_pos.U,-0.054802358
22.5948,B,pid.z_rate.Des,0
22.5948,B,pid.z_rate.FB,-1.2890043e-19
22.5948,B,pid.z_rate.U,-0.74111205
22.5948,B,status.vbat,16.188305
22.8089,A,mrac.pitch.e,-3.4782767
22.8089,A,mrac.pitch.u_ad,0
22.8089,A,mrac.roll.e,2.2445724
22.8089,A,mrac.roll.u_ad,0
22.8089,A,mrac.yaw.e,1.0143561
22.8089,A,mrac.yaw.u_ad,0
22.8089,A,mrac.z.e,-3.5304853e-22
22.8089,A,mrac.z.u_ad,0.099385604
22.8089,A,status.arm,0
22.8089,A,status.estimator_ready,1
22.8089,A,status.flymode,0
22.8089,A,status.of_hold,1
22.8089,A,status.rc_authority,0
22.8089,A,status.sbus_lost,0
22.8089,A,status.twc_arrived,0
22.8089,A,status.twc_execute,0
22.8089,B,mrac.pitch.theta_0,0.024948688
22.8089,B,mrac.pitch.theta_1,0.0015604432
22.8089,B,mrac.pitch.theta_2,0.00094392209
22.8089,B,mrac.pitch.theta_3,0.00057701312
22.8089,B,mrac.pitch.theta_4,0.05738524
22.8089,B,mrac.pitch.theta_5,0.14270304
22.8089,B,mrac.pitch.u_nom,0.25641027
22.8089,B,mrac.pitch.xm,3.49066
22.8089,B,mrac.roll.theta_0,0.018430023
22.8089,B,mrac.roll.theta_1,0.0057697259
22.8089,B,mrac.roll.theta_2,0.0010939733
22.8089,B,mrac.roll.theta_3,0.0014986815
22.8089,B,mrac.roll.theta_4,0.04590134
22.8089,B,mrac.roll.theta_5,0.141111
22.8089,B,mrac.roll.u_nom,-0.24686712
22.8089,B,mrac.roll.xm,-2.3542705
22.8089,B,mrac.yaw.theta_0,-0.089523464
22.8089,B,mrac.yaw.theta_1,0.0072467513
22.8089,B,mrac.yaw.theta_2,0.00053390668
22.8089,B,mrac.yaw.theta_3,0
22.8089,B,mrac.yaw.theta_4,0.076736517
22.8089,B,mrac.yaw.theta_5,0.08927279
22.8089,B,mrac.yaw.u_nom,-0.18696581
22.8089,B,mrac.yaw.xm,-1.0471979
22.8089,B,mrac.z.theta_0,0.099565431
22.8089,B,mrac.z.theta_1,0.00061351445
22.8089,B,mrac.z.theta_2,0.00094790763
22.8089,B,mrac.z.theta_3,0
22.8089,B,mrac.z.theta_4,0.053878997
22.8089,B,mrac.z.theta_5,0.014757896
22.8089,B,mrac.z.u_nom,-0.0033383425
22.8089,B,mrac.z.xm,0
22.8089,B,path.active_path_mode,0
22.8089,B,path.circle_theta,0
22.8089,B,path.sinusoid_t_elapsed,0
22.8089,B,path.twc_arrived,0
22.8089,B,path.twc_target_x,0
22.8089,B,path.twc_target_y,0
22.8089,B,path.twc_target_z,0
22.8089,B,pid.gyrox.Des,-134.88971
22.8089,B,pid.gyrox.FB,-7.6740055
22.8089,B,pid.gyrox.U,-288.83453
22.8089,B,pid.gyroy.Des,200
22.8089,B,pid.gyroy.FB,2.4222791
22.8089,B,pid.gyroy.U,300
22.8089,B,pid.gyroz.Des,-60
22.8089,B,pid.gyroz.FB,-1.4502374
22.8089,B,pid.gyroz.U,-350
22.8089,B,pid.locx.Des,0
22.8089,B,pid.locx.FB,-109.23125
22.8089,B,pid.locx.U,89.396484
22.8089,B,pid.locxs.Des,89.396484
22.8089,B,pid.locxs.FB,2.1135359
22.8089,B,pid.locxs.U,265.98273
22.8089,B,pid.locy.Des,-0
22.8089,B,pid.locy.FB,-110.02132
22.8089,B,pid.locy.U,89.657982
22.8089,B,pid.locys.Des,89.657982
22.8089,B,pid.locys.FB,18.235485
22.8089,B,pid.locys.U,214.45596
22.8089,B,pid.pitch.Des,14.349934
22.8089,B,pid.pitch.FB,-70.769905
22.8089,B,pid.pitch.U,200
22.8089,B,pid.roll.Des,-1.7180796
22.8089,B,pid.roll.FB,40.472309
22.8089,B,pid.roll.U,-134.88971
22.8089,B,pid.yaw.Des,8.7891102
22.8089,B,pid.yaw.FB,35.968998
22.8089,B,pid.yaw.U,-159.22784
22.8089,B,pid.z_pos.Des,0.012563892
22.8089,B,pid.z_pos.FB,0.012563892
22.8089,B,pid.z_pos.U,-0.054802358
22.8089,B,pid.z_rate.Des,0
22.8089,B,pid.z_rate.FB,-6.6432312e-22
22.8089,B,pid.z_rate.U,-0.74111205
22.8089,B,status.vbat,16.188305
23.0097,A,mrac.pitch.e,-3.3972545
23.0097,A,mrac.pitch.u_ad,0
23.0097,A,mrac.roll.e,2.3399916
23.0097,A,mrac.roll.u_ad,0
23.0097,A,mrac.yaw.e,1.1106396
23.0097,A,mrac.yaw.u_ad,0
23.0097,A,mrac.z.e,-5.2183634e-24
23.0097,A,mrac.z.u_ad,0.099385604
23.0097,A,status.arm,0
23.0097,A,status.estimator_ready,1
23.0097,A,status.flymode,0
23.0097,A,status.of_hold,1
23.0097,A,status.rc_authority,0
23.0097,A,status.sbus_lost,0
23.0097,A,status.twc_arrived,0
23.0097,A,status.twc_execute,0
23.0098,B,mrac.pitch.theta_0,0.024948688
23.0098,B,mrac.pitch.theta_1,0.0015604432
23.0098,B,mrac.pitch.theta_2,0.00094392209
23.0098,B,mrac.pitch.theta_3,0.00057701312
23.0098,B,mrac.pitch.theta_4,0.05738524
23.0098,B,mrac.pitch.theta_5,0.14270304
23.0098,B,mrac.pitch.u_nom,0.25641027
23.0098,B,mrac.pitch.xm,3.49066
23.0098,B,mrac.roll.theta_0,0.018430023
23.0098,B,mrac.roll.theta_1,0.0057697259
23.0098,B,mrac.roll.theta_2,0.0010939733
23.0098,B,mrac.roll.theta_3,0.0014986815
23.0098,B,mrac.roll.theta_4,0.04590134
23.0098,B,mrac.roll.theta_5,0.141111
23.0098,B,mrac.roll.u_nom,-0.25010321
23.0098,B,mrac.roll.xm,-2.238107
23.0098,B,mrac.yaw.theta_0,-0.089522108
23.0098,B,mrac.yaw.theta_1,0.0072686863
23.0098,B,mrac.yaw.theta_2,0.0005337568
23.0098,B,mrac.yaw.theta_3,0
23.0098,B,mrac.yaw.theta_4,0.076801561
23.0098,B,mrac.yaw.theta_5,0.089278899
23.0098,B,mrac.yaw.u_nom,-0.18696581
23.0098,B,mrac.yaw.xm,-1.0471979
23.0098,B,mrac.z.theta_0,0.099565431
23.0098,B,mrac.z.theta_1,0.00061351445
23.0098,B,mrac.z.theta_2,0.00094790763
23.0098,B,mrac.z.theta_3,0
23.0098,B,mrac.z.theta_4,0.053878997
23.0098,B,mrac.z.theta_5,0.014757896
23.0098,B,mrac.z.u_nom,-0.0033383425
23.0098,B,mrac.z.xm,0
23.0098,B,path.active_path_mode,0
23.0098,B,path.circle_theta,0
23.0098,B,path.sinusoid_t_elapsed,0
23.0098,B,path.twc_arrived,0
23.0098,B,path.twc_target_x,0
23.0098,B,path.twc_target_y,0
23.0098,B,path.twc_target_z,0
23.0098,B,pid.gyrox.Des,-128.23402
23.0098,B,pid.gyrox.FB,5.703444
23.0098,B,pid.gyrox.U,-292.62076
23.0098,B,pid.gyroy.Des,200
23.0098,B,pid.gyroy.FB,-1.5264757
23.0098,B,pid.gyroy.U,300
23.0098,B,pid.gyroz.Des,-60
23.0098,B,pid.gyroz.FB,-1.8894224
23.0098,B,pid.gyroz.U,-350
23.0098,B,pid.locx.Des,0
23.0098,B,pid.locx.FB,-108.40506
23.0098,B,pid.locx.U,88.387932
23.0098,B,pid.locxs.Des,88.387932
23.0098,B,pid.locxs.FB,10.806846
23.0098,B,pid.locxs.U,227.31601
23.0098,B,pid.locy.Des,-0
23.0098,B,pid.locy.FB,-108.62607
23.0098,B,pid.locy.U,88.653023
23.0098,B,pid.locys.Des,88.653023
23.0098,B,pid.locys.FB,14.394863
23.0098,B,pid.locys.U,226.24631
23.0098,B,pid.pitch.Des,14.056837
23.0098,B,pid.pitch.FB,-70.420937
23.0098,B,pid.pitch.U,200
23.0098,B,pid.roll.Des,-0.89965481
23.0098,B,pid.roll.FB,39.323647
23.0098,B,pid.roll.U,-128.23402
23.0098,B,pid.yaw.Des,8.7891102
23.0098,B,pid.yaw.FB,36.897167
23.0098,B,pid.yaw.U,-159.22784
23.0098,B,pid.z_pos.Des,0.012563892
23.0098,B,pid.z_pos.FB,0.012563892
23.0098,B,pid.z_pos.U,-0.054802358
23.0098,B,pid.z_rate.Des,0
23.0098,B,pid.z_rate.FB,-2.0529663e-23
23.0098,B,pid.z_rate.U,-0.74111205
23.0098,B,status.vbat,16.188305
23.2251,A,mrac.pitch.e,-3.3787863
23.2251,A,mrac.pitch.u_ad,0
23.2251,A,mrac.roll.e,2.4030254
23.2251,A,mrac.roll.u_ad,0
23.2251,A,mrac.yaw.e,1.1689825
23.2251,A,mrac.yaw.u_ad,0
23.2251,A,mrac.z.e,-5.0606259e-26
23.2251,A,mrac.z.u_ad,0.099385604
23.2251,A,status.arm,0
23.2251,A,status.estimator_ready,1
23.2251,A,status.flymode,0
23.2251,A,status.of_hold,1
23.2251,A,status.rc_authority,0
23.2251,A,status.sbus_lost,0
23.2251,A,status.twc_arrived,0
23.2251,A,status.twc_execute,0
23.2252,B,mrac.pitch.theta_0,0.024948688
23.2252,B,mrac.pitch.theta_1,0.0015604432
23.2252,B,mrac.pitch.theta_2,0.00094392209
23.2252,B,mrac.pitch.theta_3,0.00057701312
23.2252,B,mrac.pitch.theta_4,0.05738524
23.2252,B,mrac.pitch.theta_5,0.14270304
23.2252,B,mrac.pitch.u_nom,0.25641027
23.2252,B,mrac.pitch.xm,3.49066
23.2252,B,mrac.roll.theta_0,0.018430023
23.2252,B,mrac.roll.theta_1,0.0057697259
23.2252,B,mrac.roll.theta_2,0.0010939733
23.2252,B,mrac.roll.theta_3,0.0014986815
23.2252,B,mrac.roll.theta_4,0.04590134
23.2252,B,mrac.roll.theta_5,0.141111
23.2252,B,mrac.roll.u_nom,-0.25400907
23.2252,B,mrac.roll.xm,-2.0338135
23.2252,B,mrac.yaw.theta_0,-0.089522108
23.2252,B,mrac.yaw.theta_1,0.0072686863
23.2252,B,mrac.yaw.theta_2,0.0005337568
23.2252,B,mrac.yaw.theta_3,0
23.2252,B,mrac.yaw.theta_4,0.076801561
23.2252,B,mrac.yaw.theta_5,0.089278899
23.2252,B,mrac.yaw.u_nom,-0.18696581
23.2252,B,mrac.yaw.xm,-1.0471979
23.2252,B,mrac.z.theta_0,0.099565431
23.2252,B,mrac.z.theta_1,0.00061351445
23.2252,B,mrac.z.theta_2,0.00094790763
23.2252,B,mrac.z.theta_3,0
23.2252,B,mrac.z.theta_4,0.053878997
23.2252,B,mrac.z.theta_5,0.014757896
23.2252,B,mrac.z.u_nom,-0.0033383425
23.2252,B,mrac.z.xm,0
23.2252,B,path.active_path_mode,0
23.2252,B,path.circle_theta,0
23.2252,B,path.sinusoid_t_elapsed,0
23.2252,B,path.twc_arrived,0
23.2252,B,path.twc_target_x,0
23.2252,B,path.twc_target_y,0
23.2252,B,path.twc_target_z,0
23.2252,B,pid.gyrox.Des,-116.52888
23.2252,B,pid.gyrox.FB,19.603247
23.2252,B,pid.gyrox.U,-297.19061
23.2252,B,pid.gyroy.Des,200
23.2252,B,pid.gyroy.FB,8.9868565
23.2252,B,pid.gyroy.U,300
23.2252,B,pid.gyroz.Des,-60
23.2252,B,pid.gyroz.FB,4.6889176
23.2252,B,pid.gyroz.U,-350
23.2252,B,pid.locx.Des,0
23.2252,B,pid.locx.FB,-105.76402
23.2252,B,pid.locx.U,86.160629
23.2252,B,pid.locxs.Des,86.160629
23.2252,B,pid.locxs.FB,15.254099
23.2252,B,pid.locxs.U,211.86867
23.2252,B,pid.locy.Des,-0
23.2252,B,pid.locy.FB,-107.74233
23.2252,B,pid.locy.U,88.123283
23.2252,B,pid.locys.Des,88.123283
23.2252,B,pid.locys.FB,10.359173
23.2252,B,pid.locys.U,233.6722
23.2252,B,pid.pitch.Des,14.552309
23.2252,B,pid.pitch.FB,-69.368469
23.2252,B,pid.pitch.U,200
23.2252,B,pid.roll.Des,0.12376665
23.2252,B,pid.roll.FB,36.173679
23.2252,B,pid.roll.U,-116.52888
23.2252,B,pid.yaw.Des,8.7891102
23.2252,B,pid.yaw.FB,43.290504
23.2252,B,pid.yaw.U,-159.22784
23.2252,B,pid.z_pos.Des,0.012563892
23.2252,B,pid.z_pos.FB,0.012563892
23.2252,B,pid.z_pos.U,-0.054802358
23.2252,B,pid.z_rate.Des,0
23.2252,B,pid.z_rate.FB,-1.0580513e-25
23.2252,B,pid.z_rate.U,-0.74111205
23.2252,B,status.vbat,16.188305
23.4259,A,mrac.pitch.e,-3.3270476
23.4259,A,mrac.pitch.u_ad,0
23.4259,A,mrac.roll.e,2.3092163
23.4259,A,mrac.roll.u_ad,0
23.4259,A,mrac.yaw.e,1.1549634
23.4259,A,mrac.yaw.u_ad,0
23.4259,A,mrac.z.e,-7.4800423e-28
23.4259,A,mrac.z.u_ad,0.099385604
23.4259,A,status.arm,0
23.4259,A,status.estimator_ready,1
23.4259,A,status.flymode,0
23.4259,A,status.of_hold,1
23.4259,A,status.rc_authority,0
23.4259,A,status.sbus_lost,0
23.4259,A,status.twc_arrived,0
23.4259,A,status.twc_execute,0
23.4259,B,mrac.pitch.theta_0,0.024948688
23.4259,B,mrac.pitch.theta_1,0.0015604432
23.4259,B,mrac.pitch.theta_2,0.00094392209
23.4259,B,mrac.pitch.theta_3,0.00057701312
23.4259,B,mrac.pitch.theta_4,0.05738524
23.4259,B,mrac.pitch.theta_5,0.14270304
23.4259,B,mrac.pitch.u_nom,0.25641027
23.4259,B,mrac.pitch.xm,3.49066
23.4259,B,mrac.roll.theta_0,0.018430023
23.4259,B,mrac.roll.theta_1,0.0057697259
23.4259,B,mrac.roll.theta_2,0.0010939733
23.4259,B,mrac.roll.theta_3,0.0014986815
23.4259,B,mrac.roll.theta_4,0.04590134
23.4259,B,mrac.roll.theta_5,0.141111
23.4259,B,mrac.roll.u_nom,-0.24496686
23.4259,B,mrac.roll.xm,-2.014112
23.4259,B,mrac.yaw.theta_0,-0.089522108
23.4259,B,mrac.yaw.theta_1,0.0072686863
23.4259,B,mrac.yaw.theta_2,0.0005337568
23.4259,B,mrac.yaw.theta_3,0
23.4259,B,mrac.yaw.theta_4,0.076801561
23.4259,B,mrac.yaw.theta_5,0.089278899
23.4259,B,mrac.yaw.u_nom,-0.18696581
23.4259,B,mrac.yaw.xm,-1.0471979
23.4259,B,mrac.z.theta_0,0.099565431
23.4259,B,mrac.z.theta_1,0.00061351445
23.4259,B,mrac.z.theta_2,0.00094790763
23.4259,B,mrac.z.theta_3,0
23.4259,B,mrac.z.theta_4,0.053878997
23.4259,B,mrac.z.theta_5,0.014757896
23.4259,B,mrac.z.u_nom,-0.0033383425
23.4259,B,mrac.z.xm,0
23.4259,B,path.active_path_mode,0
23.4259,B,path.circle_theta,0
23.4259,B,path.sinusoid_t_elapsed,0
23.4259,B,path.twc_arrived,0
23.4259,B,path.twc_target_x,0
23.4259,B,path.twc_target_y,0
23.4259,B,path.twc_target_z,0
23.4259,B,pid.gyrox.Des,-115.40007
23.4259,B,pid.gyrox.FB,20.767679
23.4259,B,pid.gyrox.U,-286.61124
23.4259,B,pid.gyroy.Des,200
23.4259,B,pid.gyroy.FB,6.7885995
23.4259,B,pid.gyroy.U,300
23.4259,B,pid.gyroz.Des,-60
23.4259,B,pid.gyroz.FB,8.3793535
23.4259,B,pid.gyroz.U,-350
23.4259,B,pid.locx.Des,0
23.4259,B,pid.locx.FB,-104.20531
23.4259,B,pid.locx.U,85.07795
23.4259,B,pid.locxs.Des,85.07795
23.4259,B,pid.locxs.FB,12.491686
23.4259,B,pid.locxs.U,217.21313
23.4259,B,pid.locy.Des,-0
23.4259,B,pid.locy.FB,-107.20238
23.4259,B,pid.locy.U,87.593987
23.4259,B,pid.locys.Des,87.593987
23.4259,B,pid.locys.FB,11.530732
23.4259,B,pid.locys.U,228.14386
23.4259,B,pid.pitch.Des,14.529646
23.4259,B,pid.pitch.FB,-69.025208
23.4259,B,pid.pitch.U,200
23.4259,B,pid.roll.Des,0.42475888
23.4259,B,pid.roll.FB,36.049492
23.4259,B,pid.roll.U,-115.40007
23.4259,B,pid.yaw.Des,8.7891102
23.4259,B,pid.yaw.FB,47.290779
23.4259,B,pid.yaw.U,-159.22784
23.4259,B,pid.z_pos.Des,0.012563892
23.4259,B,pid.z_pos.FB,0.012563892
23.4259,B,pid.z_pos.U,-0.054802358
23.4259,B,pid.z_rate.Des,0
23.4259,B,pid.z_rate.FB,-3.2697087e-27
23.4259,B,pid.z_rate.U,-0.74111205
23.4259,B,status.vbat,16.188305
23.6427,A,mrac.pitch.e,-3.4856179
23.6427,A,mrac.pitch.u_ad,0
23.6427,A,mrac.roll.e,2.001766
23.6427,A,mrac.roll.u_ad,0
23.6427,A,mrac.yaw.e,1.0852393
23.6427,A,mrac.yaw.u_ad,0
23.6427,A,mrac.z.e,-8.0599341e-30
23.6427,A,mrac.z.u_ad,0.099385604
23.6427,A,status.arm,0
23.6427,A,status.estimator_ready,1
23.6427,A,status.flymode,0
23.6427,A,status.of_hold,1
23.6427,A,status.rc_authority,0
23.6427,A,status.sbus_lost,0
23.6427,A,status.twc_arrived,0
23.6427,A,status.twc_execute,0
23.6427,B,mrac.pitch.theta_0,0.024948688
23.6427,B,mrac.pitch.theta_1,0.0015604432
23.6427,B,mrac.pitch.theta_2,0.00094392209
23.6427,B,mrac.pitch.theta_3,0.00057701312
23.6427,B,mrac.pitch.theta_4,0.05738524
23.6427,B,mrac.pitch.theta_5,0.14270304
23.6427,B,mrac.pitch.u_nom,0.25641027
23.6427,B,mrac.pitch.xm,3.49066
23.6427,B,mrac.roll.theta_0,0.018430023
23.6427,B,mrac.roll.theta_1,0.0057697259
23.6427,B,mrac.roll.theta_2,0.0010939733
23.6427,B,mrac.roll.theta_3,0.0014986815
23.6427,B,mrac.roll.theta_4,0.04590134
23.6427,B,mrac.roll.theta_5,0.141111
23.6427,B,mrac.roll.u_nom,-0.24346173
23.6427,B,mrac.roll.xm,-1.9889181
23.6427,B,mrac.yaw.theta_0,-0.089522108
23.6427,B,mrac.yaw.theta_1,0.0072686863
23.6427,B,mrac.yaw.theta_2,0.0005337568
23.6427,B,mrac.yaw.theta_3,0
23.6427,B,mrac.yaw.theta_4,0.076801561
23.6427,B,mrac.yaw.theta_5,0.089278899
23.6427,B,mrac.yaw.u_nom,-0.18696581
23.6427,B,mrac.yaw.xm,-1.0471979
23.6427,B,mrac.z.theta_0,0.099565431
23.6427,B,mrac.z.theta_1,0.00061351445
23.6427,B,mrac.z.theta_2,0.00094790763
23.6427,B,mrac.z.theta_3,0
23.6427,B,mrac.z.theta_4,0.053878997
23.6427,B,mrac.z.theta_5,0.014757896
23.6427,B,mrac.z.u_nom,-0.0033383425
23.6427,B,mrac.z.xm,0
23.6427,B,path.active_path_mode,0
23.6427,B,path.circle_theta,0
23.6427,B,path.sinusoid_t_elapsed,0
23.6427,B,path.twc_arrived,0
23.6427,B,path.twc_target_x,0
23.6427,B,path.twc_target_y,0
23.6427,B,path.twc_target_z,0
23.6427,B,pid.gyrox.Des,-113.95657
23.6427,B,pid.gyrox.FB,5.868113
23.6427,B,pid.gyrox.U,-284.85022
23.6427,B,pid.gyroy.Des,200
23.6427,B,pid.gyroy.FB,0.29133734
23.6427,B,pid.gyroy.U,300
23.6427,B,pid.gyroz.Des,-60
23.6427,B,pid.gyroz.FB,1.9166985
23.6427,B,pid.gyroz.U,-350
23.6427,B,pid.locx.Des,0
23.6427,B,pid.locx.FB,-103.52147
23.6427,B,pid.locx.U,84.928833
23.6427,B,pid.locxs.Des,84.928833
23.6427,B,pid.locxs.FB,0.53651953
23.6427,B,pid.locxs.U,263.02917
23.6427,B,pid.locy.Des,-0
23.6427,B,pid.locy.FB,-106.07963
23.6427,B,pid.locy.U,86.722511
23.6427,B,pid.locys.Des,86.722511
23.6427,B,pid.locys.FB,10.616597
23.6427,B,pid.locys.U,235.53952
23.6427,B,pid.pitch.Des,15
23.6427,B,pid.pitch.FB,-68.758751
23.6427,B,pid.pitch.U,200
23.6427,B,pid.roll.Des,0.46291116
23.6427,B,pid.roll.FB,35.479939
23.6427,B,pid.roll.U,-113.95657
23.6427,B,pid.yaw.Des,8.7891102
23.6427,B,pid.yaw.FB,51.707146
23.6427,B,pid.yaw.U,-159.22784
23.6427,B,pid.z_pos.Des,0.012563892
23.6427,B,pid.z_pos.FB,0.012563892
23.6427,B,pid.z_pos.U,-0.054802358
23.6427,B,pid.z_rate.Des,0
23.6427,B,pid.z_rate.FB,-1.6851323e-29
23.6427,B,pid.z_rate.U,-0.74111205
23.6427,B,status.vbat,16.188305
23.8584,A,mrac.pitch.e,-3.5478973
23.8584,A,mrac.pitch.u_ad,0
23.8584,A,mrac.roll.e,1.7750821
23.8584,A,mrac.roll.u_ad,0
23.8584,A,mrac.yaw.e,1.0271469
23.8584,A,mrac.yaw.u_ad,0
23.8584,A,mrac.z.e,-1.1913285e-31
23.8584,A,mrac.z.u_ad,0.099385604
23.8584,A,status.arm,0
23.8584,A,status.estimator_ready,1
23.8584,A,status.flymode,0
23.8584,A,status.of_hold,1
23.8584,A,status.rc_authority,0
23.8584,A,status.sbus_lost,0
23.8584,A,status.twc_arrived,0
23.8584,A,status.twc_execute,0
23.8585,B,mrac.pitch.theta_0,0.024948688
23.8585,B,mrac.pitch.theta_1,0.0015604432
23.8585,B,mrac.pitch.theta_2,0.00094392209
23.8585,B,mrac.pitch.theta_3,0.00057701312
23.8585,B,mrac.pitch.theta_4,0.05738524
23.8585,B,mrac.pitch.theta_5,0.14270304
23.8585,B,mrac.pitch.u_nom,0.25641027
23.8585,B,mrac.pitch.xm,3.49066
23.8585,B,mrac.roll.theta_0,0.018430023
23.8585,B,mrac.roll.theta_1,0.0057697259
23.8585,B,mrac.roll.theta_2,0.0010939733
23.8585,B,mrac.roll.theta_3,0.0014986815
23.8585,B,mrac.roll.theta_4,0.04590134
23.8585,B,mrac.roll.theta_5,0.141111
23.8585,B,mrac.roll.u_nom,-0.24650884
23.8585,B,mrac.roll.xm,-1.9951137
23.8585,B,mrac.yaw.theta_0,-0.089521773
23.8585,B,mrac.yaw.theta_1,0.0072738351
23.8585,B,mrac.yaw.theta_2,0.0005337231
23.8585,B,mrac.yaw.theta_3,0
23.8585,B,mrac.yaw.theta_4,0.076817833
23.8585,B,mrac.yaw.theta_5,0.089280404
23.8585,B,mrac.yaw.u_nom,-0.18696581
23.8585,B,mrac.yaw.xm,-1.0471979
23.8585,B,mrac.z.theta_0,0.099565431
23.8585,B,mrac.z.theta_1,0.00061351445
23.8585,B,mrac.z.theta_2,0.00094790763
23.8585,B,mrac.z.theta_3,0
23.8585,B,mrac.z.theta_4,0.053878997
23.8585,B,mrac.z.theta_5,0.014757896
23.8585,B,mrac.z.u_nom,-0.0033383425
23.8585,B,mrac.z.xm,0
23.8585,B,path.active_path_mode,0
23.8585,B,path.circle_theta,0
23.8585,B,path.sinusoid_t_elapsed,0
23.8585,B,path.twc_arrived,0
23.8585,B,path.twc_target_x,0
23.8585,B,path.twc_target_y,0
23.8585,B,path.twc_target_z,0
23.8585,B,pid.gyrox.Des,-114.31155
23.8585,B,pid.gyrox.FB,-9.0198011
23.8585,B,pid.gyrox.U,-288.41534
23.8585,B,pid.gyroy.Des,200
23.8585,B,pid.gyroy.FB,-2.1209552
23.8585,B,pid.gyroy.U,300
23.8585,B,pid.gyroz.Des,-60
23.8585,B,pid.gyroz.FB,-0.31533557
23.8585,B,pid.gyroz.U,-350
23.8585,B,pid.locx.Des,0
23.8585,B,pid.locx.FB,-104.55254
23.8585,B,pid.locx.U,85.934059
23.8585,B,pid.locxs.Des,85.934059
23.8585,B,pid.locxs.FB,-7.4639554
23.8585,B,pid.locxs.U,278.78418
23.8585,B,pid.locy.Des,-0
23.8585,B,pid.locy.FB,-105.56155
23.8585,B,pid.locy.U,86.364304
23.8585,B,pid.locys.Des,86.364304
23.8585,B,pid.locys.FB,9.3962421
23.8585,B,pid.locys.U,233.18825
23.8585,B,pid.pitch.Des,15
23.8585,B,pid.pitch.FB,-69.001701
23.8585,B,pid.pitch.U,200
23.8585,B,pid.roll.Des,0.19236952
23.8585,B,pid.roll.FB,35.396748
23.8585,B,pid.roll.U,-114.31155
23.8585,B,pid.yaw.Des,8.7891102
23.8585,B,pid.yaw.FB,51.537979
23.8585,B,pid.yaw.U,-159.22784
23.8585,B,pid.z_pos.Des,0.012563892
23.8585,B,pid.z_pos.FB,0.012563892
23.8585,B,pid.z_pos.U,-0.054802358
23.8585,B,pid.z_rate.Des,0
23.8585,B,pid.z_rate.FB,-4.6868281e-31
23.8585,B,pid.z_rate.U,-0.74111205
23.8585,B,status.vbat,16.188305
24.0586,A,mrac.pitch.e,-3.6030695
24.0586,A,mrac.pitch.u_ad,0
24.0586,A,mrac.roll.e,1.8297036
24.0586,A,mrac.roll.u_ad,0
24.0586,A,mrac.yaw.e,0.98959941
24.0586,A,mrac.yaw.u_ad,-0.18399732
24.0586,A,mrac.z.e,-1.2836868e-33
24.0586,A,mrac.z.u_ad,0.099385604
24.0586,A,status.arm,0
24.0586,A,status.estimator_ready,1
24.0586,A,status.flymode,0
24.0586,A,status.of_hold,1
24.0586,A,status.rc_authority,0
24.0586,A,status.sbus_lost,0
24.0586,A,status.twc_arrived,0
24.0586,A,status.twc_execute,0
24.0587,B,mrac.pitch.theta_0,0.024948688
24.0587,B,mrac.pitch.theta_1,0.0015604432
24.0587,B,mrac.pitch.theta_2,0.00094392209
24.0587,B,mrac.pitch.theta_3,0.00057701312
24.0587,B,mrac.pitch.theta_4,0.05738524
24.0587,B,mrac.pitch.theta_5,0.14270304
24.0587,B,mrac.pitch.u_nom,0.25641027
24.0587,B,mrac.pitch.xm,3.49066
24.0587,B,mrac.roll.theta_0,0.018430023
24.0587,B,mrac.roll.theta_1,0.0057697259
24.0587,B,mrac.roll.theta_2,0.0010939733
24.0587,B,mrac.roll.theta_3,0.0014986815
24.0587,B,mrac.roll.theta_4,0.04590134
24.0587,B,mrac.roll.theta_5,0.141111
24.0587,B,mrac.roll.u_nom,-0.22528277
24.0587,B,mrac.roll.xm,-2.0956903
24.0587,B,mrac.yaw.theta_0,-0.089524463
24.0587,B,mrac.yaw.theta_1,0.0076110419
24.0587,B,mrac.yaw.theta_2,0.00053052203
24.0587,B,mrac.yaw.theta_3,0
24.0587,B,mrac.yaw.theta_4,0.077460654
24.0587,B,mrac.yaw.theta_5,0.089334644
24.0587,B,mrac.yaw.u_nom,-0.18696581
24.0587,B,mrac.yaw.xm,-1.0471979
24.0587,B,mrac.z.theta_0,0.099565431
24.0587,B,mrac.z.theta_1,0.00061351445
24.0587,B,mrac.z.theta_2,0.00094790763
24.0587,B,mrac.z.theta_3,0
24.0587,B,mrac.z.theta_4,0.053878997
24.0587,B,mrac.z.theta_5,0.014757896
24.0587,B,mrac.z.u_nom,-0.0033383425
24.0587,B,mrac.z.xm,0
24.0587,B,path.active_path_mode,0
24.0587,B,path.circle_theta,0
24.0587,B,path.sinusoid_t_elapsed,0
24.0587,B,path.twc_arrived,0
24.0587,B,path.twc_target_x,0
24.0587,B,path.twc_target_y,0
24.0587,B,path.twc_target_z,0
24.0587,B,pid.gyrox.Des,-120.07415
24.0587,B,pid.gyrox.FB,-19.39436
24.0587,B,pid.gyrox.U,-263.58084
24.0587,B,pid.gyroy.Des,200
24.0587,B,pid.gyroy.FB,-7.0949774
24.0587,B,pid.gyroy.U,300
24.0587,B,pid.gyroz.Des,-60
24.0587,B,pid.gyroz.FB,-4.019412
24.0587,B,pid.gyroz.U,-350
24.0587,B,pid.locx.Des,0
24.0587,B,pid.locx.FB,-107.22567
24.0587,B,pid.locx.U,88.179604
24.0587,B,pid.locxs.Des,88.179604
24.0587,B,pid.locxs.FB,-12.314841
24.0587,B,pid.locxs.U,302.05518
24.0587,B,pid.locy.Des,-0
24.0587,B,pid.locy.FB,-104.57749
24.0587,B,pid.locy.U,85.442635
24.0587,B,pid.locys.Des,85.442635
24.0587,B,pid.locys.FB,11.762001
24.0587,B,pid.locys.U,212.33942
24.0587,B,pid.pitch.Des,15
24.0587,B,pid.pitch.FB,-69.206139
24.0587,B,pid.pitch.U,200
24.0587,B,pid.roll.Des,-1.0448352
24.0587,B,pid.roll.FB,35.979164
24.0587,B,pid.roll.U,-120.07415
24.0587,B,pid.yaw.Des,8.7891102
24.0587,B,pid.yaw.FB,47.051128
24.0587,B,pid.yaw.U,-159.22784
24.0587,B,pid.z_pos.Des,0.012563892
24.0587,B,pid.z_pos.FB,0.012563892
24.0587,B,pid.z_pos.U,-0.054802358
24.0587,B,pid.z_rate.Des,0
24.0587,B,pid.z_rate.FB,-2.4154835e-33
24.0587,B,pid.z_rate.U,-0.74111205
24.0587,B,status.vbat,16.188305
24.2588,A,mrac.pitch.e,-3.5355802
24.2588,A,mrac.pitch.u_ad,0
24.2588,A,mrac.roll.e,2.0120306
24.2588,A,mrac.roll.u_ad,0
24.2588,A,mrac.yaw.e,1.0046343
24.2588,A,mrac.yaw.u_ad,0
24.2588,A,mrac.z.e,-1.7076602e-35
24.2588,A,mrac.z.u_ad,0.099385604
24.2588,A,status.arm,0
24.2588,A,status.estimator_ready,1
24.2588,A,status.flymode,0
24.2588,A,status.of_hold,1
24.2588,A,status.rc_authority,0
24.2588,A,status.sbus_lost,0
24.2588,A,status.twc_arrived,0
24.2588,A,status.twc_execute,0
24.2588,B,mrac.pitch.theta_0,0.024948688
24.2588,B,mrac.pitch.theta_1,0.0015604432
24.2588,B,mrac.pitch.theta_2,0.00094392209
24.2588,B,mrac.pitch.theta_3,0.00057701312
24.2588,B,mrac.pitch.theta_4,0.05738524
24.2588,B,mrac.pitch.theta_5,0.14270304
24.2588,B,mrac.pitch.u_nom,0.25641027
24.2588,B,mrac.pitch.xm,3.49066
24.2588,B,mrac.roll.theta_0,0.018430023
24.2588,B,mrac.roll.theta_1,0.0057697259
24.2588,B,mrac.roll.theta_2,0.0010939733
24.2588,B,mrac.roll.theta_3,0.0014986815
24.2588,B,mrac.roll.theta_4,0.04590134
24.2588,B,mrac.roll.theta_5,0.141111
24.2588,B,mrac.roll.u_nom,-0.2495378
24.2588,B,mrac.roll.xm,-2.1603088
24.2588,B,mrac.yaw.theta_0,-0.089521378
24.2588,B,mrac.yaw.theta_1,0.0078788195
24.2588,B,mrac.yaw.theta_2,0.00052809552
24.2588,B,mrac.yaw.theta_3,0
24.2588,B,mrac.yaw.theta_4,0.078007616
24.2588,B,mrac.yaw.theta_5,0.089371733
24.2588,B,mrac.yaw.u_nom,-0.18696581
24.2588,B,mrac.yaw.xm,-1.0471979
24.2588,B,mrac.z.theta_0,0.099565431
24.2588,B,mrac.z.theta_1,0.00061351445
24.2588,B,mrac.z.theta_2,0.00094790763
24.2588,B,mrac.z.theta_3,0
24.2588,B,mrac.z.theta_4,0.053878997
24.2588,B,mrac.z.theta_5,0.014757896
24.2588,B,mrac.z.u_nom,-0.0033383425
24.2588,B,mrac.z.xm,0
24.2588,B,path.active_path_mode,0
24.2588,B,path.circle_theta,0
24.2588,B,path.sinusoid_t_elapsed,0
24.2588,B,path.twc_arrived,0
24.2588,B,path.twc_target_x,0
24.2588,B,path.twc_target_y,0
24.2588,B,path.twc_target_z,0
24.2588,B,pid.gyrox.Des,-123.77653
24.2588,B,pid.gyrox.FB,-11.358657
24.2588,B,pid.gyrox.U,-291.95923
24.2588,B,pid.gyroy.Des,200
24.2588,B,pid.gyroy.FB,-5.2675309
24.2588,B,pid.gyroy.U,300
24.2588,B,pid.gyroz.Des,-60
24.2588,B,pid.gyroz.FB,-3.3457973
24.2588,B,pid.gyroz.U,-350
24.2588,B,pid.locx.Des,0
24.2588,B,pid.locx.FB,-108.80633
24.2588,B,pid.locx.U,89.28093
24.2588,B,pid.locxs.Des,89.28093
24.2588,B,pid.locxs.FB,-9.5365915
24.2588,B,pid.locxs.U,292.53204
24.2588,B,pid.locy.Des,-0
24.2588,B,pid.locy.FB,-103.28119
24.2588,B,pid.locy.U,84.350616
24.2588,B,pid.locys.Des,84.350616
24.2588,B,pid.locys.FB,13.192931
24.2588,B,pid.locys.U,208.64571
24.2588,B,pid.pitch.Des,15
24.2588,B,pid.pitch.FB,-69.438499
24.2588,B,pid.pitch.U,200
24.2588,B,pid.roll.Des,-1.4044456
24.2588,B,pid.roll.FB,36.891335
24.2588,B,pid.roll.U,-123.77653
24.2588,B,pid.yaw.Des,8.7891102
24.2588,B,pid.yaw.FB,43.51886
24.2588,B,pid.yaw.U,-159.22784
24.2588,B,pid.z_pos.Des,0.012563892
24.2588,B,pid.z_pos.FB,0.012563892
24.2588,B,pid.z_pos.U,-0.054802358
24.2588,B,pid.z_rate.Des,0
24.2588,B,pid.z_rate.FB,-5.4416922e-35
24.2588,B,pid.z_rate.U,-0.74111205
24.2588,B,status.vbat,16.188305
24.4756,A,mrac.pitch.e,-3.4579732
24.4756,A,mrac.pitch.u_ad,0
24.4756,A,mrac.roll.e,2.0658493
24.4756,A,mrac.roll.u_ad,0
24.4756,A,mrac.yaw.e,1.0770663
24.4756,A,mrac.yaw.u_ad,0
24.4756,A,mrac.z.e,-3.8470822e-37
24.4756,A,mrac.z.u_ad,0.099385604
24.4756,A,status.arm,0
24.4756,A,status.estimator_ready,1
24.4756,A,status.flymode,0
24.4756,A,status.of_hold,1
24.4756,A,status.rc_authority,0
24.4756,A,status.sbus_lost,0
24.4756,A,status.twc_arrived,0
24.4756,A,status.twc_execute,0
24.4756,B,mrac.pitch.theta_0,0.024948688
24.4756,B,mrac.pitch.theta_1,0.0015604432
24.4756,B,mrac.pitch.theta_2,0.00094392209
24.4756,B,mrac.pitch.theta_3,0.00057701312
24.4756,B,mrac.pitch.theta_4,0.05738524
24.4756,B,mrac.pitch.theta_5,0.14270304
24.4756,B,mrac.pitch.u_nom,0.24316701
24.4756,B,mrac.pitch.xm,3.49066
24.4756,B,mrac.roll.theta_0,0.018430023
24.4756,B,mrac.roll.theta_1,0.0057697259
24.4756,B,mrac.roll.theta_2,0.0010939733
24.4756,B,mrac.roll.theta_3,0.0014986815
24.4756,B,mrac.roll.theta_4,0.04590134
24.4756,B,mrac.roll.theta_5,0.141111
24.4756,B,mrac.roll.u_nom,-0.25641027
24.4756,B,mrac.roll.xm,-2.1137459
24.4756,B,mrac.yaw.theta_0,-0.089520589
24.4756,B,mrac.yaw.theta_1,0.0079250298
24.4756,B,mrac.yaw.theta_2,0.00052772794
24.4756,B,mrac.yaw.theta_3,0
24.4756,B,mrac.yaw.theta_4,0.078120701
24.4756,B,mrac.yaw.theta_5,0.089378446
24.4756,B,mrac.yaw.u_nom,-0.18696581
24.4756,B,mrac.yaw.xm,-1.0471979
24.4756,B,mrac.z.theta_0,0.099565431
24.4756,B,mrac.z.theta_1,0.00061351445
24.4756,B,mrac.z.theta_2,0.00094790763
24.4756,B,mrac.z.theta_3,0
24.4756,B,mrac.z.theta_4,0.053878997
24.4756,B,mrac.z.theta_5,0.014757896
24.4756,B,mrac.z.u_nom,-0.0033383425
24.4756,B,mrac.z.xm,0
24.4756,B,path.active_path_mode,0
24.4756,B,path.circle_theta,0
24.4756,B,path.sinusoid_t_elapsed,0
24.4756,B,path.twc_arrived,0
24.4756,B,path.twc_target_x,0
24.4756,B,path.twc_target_y,0
24.4756,B,path.twc_target_z,0
24.4756,B,pid.gyrox.Des,-121.10867
24.4756,B,pid.gyrox.FB,-0.60239017
24.4756,B,pid.gyrox.U,-300
24.4756,B,pid.gyroy.Des,200
24.4756,B,pid.gyroy.FB,1.3302692
24.4756,B,pid.gyroy.U,284.5054
24.4756,B,pid.gyroz.Des,-60
24.4756,B,pid.gyroz.FB,-1.4936858
24.4756,B,pid.gyroz.U,-350
24.4756,B,pid.locx.Des,0
24.4756,B,pid.locx.FB,-109.51055
24.4756,B,pid.locx.U,89.587204
24.4756,B,pid.locxs.Des,89.587204
24.4756,B,pid.locxs.FB,-1.8154116
24.4756,B,pid.locxs.U,274.19366
24.4756,B,pid.locy.Des,-0
24.4756,B,pid.locy.FB,-101.71747
24.4756,B,pid.locy.U,83.175125
24.4756,B,pid.locys.Des,83.175125
24.4756,B,pid.locys.FB,11.2563
24.4756,B,pid.locys.U,215.51967
24.4756,B,pid.pitch.Des,15
24.4756,B,pid.pitch.FB,-69.218819
24.4756,B,pid.pitch.U,200
24.4756,B,pid.roll.Des,-1.1144669
24.4756,B,pid.roll.FB,36.306931
24.4756,B,pid.roll.U,-121.10867
24.4756,B,pid.yaw.Des,8.7891102
24.4756,B,pid.yaw.FB,42.963299
24.4756,B,pid.yaw.U,-159.22784
24.4756,B,pid.z_pos.Des,0.012563892
24.4756,B,pid.z_pos.FB,0.012563892
24.4756,B,pid.z_pos.U,-0.054802358
24.4756,B,pid.z_rate.Des,0
24.4756,B,pid.z_rate.FB,-2.5240704e-37
24.4756,B,pid.z_rate.U,-0.74111205
24.4756,B,status.vbat,16.188305
24.6756,A,mrac.pitch.e,-3.4285908
24.6756,A,mrac.pitch.u_ad,0
24.6756,A,mrac.roll.e,2.1818347
24.6756,A,mrac.roll.u_ad,0
24.6756,A,mrac.yaw.e,1.1070201
24.6756,A,mrac.yaw.u_ad,0
24.6756,A,mrac.z.e,-2.7197494e-39
24.6756,A,mrac.z.u_ad,0.099385604
24.6756,A,status.arm,0
24.6756,A,status.estimator_ready,1
24.6756,A,status.flymode,0
24.6756,A,status.of_hold,1
24.6756,A,status.rc_authority,0
24.6756,A,status.sbus_lost,0
24.6756,A,status.twc_arrived,0
24.6756,A,status.twc_execute,0
24.6757,B,mrac.pitch.theta_0,0.024948688
24.6757,B,mrac.pitch.theta_1,0.0015604432
24.6757,B,mrac.pitch.theta_2,0.00094392209
24.6757,B,mrac.pitch.theta_3,0.00057701312
24.6757,B,mrac.pitch.theta_4,0.05738524
24.6757,B,mrac.pitch.theta_5,0.14270304
24.6757,B,mrac.pitch.u_nom,0.24268173
24.6757,B,mrac.pitch.xm,3.49066
24.6757,B,mrac.roll.theta_0,0.018430023
24.6757,B,mrac.roll.theta_1,0.0057697259
24.6757,B,mrac.roll.theta_2,0.0010939733
24.6757,B,mrac.roll.theta_3,0.0014986815
24.6757,B,mrac.roll.theta_4,0.04590134
24.6757,B,mrac.roll.theta_5,0.141111
24.6757,B,mrac.roll.u_nom,-0.24471717
24.6757,B,mrac.roll.xm,-2.0714309
24.6757,B,mrac.yaw.theta_0,-0.089520253
24.6757,B,mrac.yaw.theta_1,0.007929557
24.6757,B,mrac.yaw.theta_2,0.0005277
24.6757,B,mrac.yaw.theta_3,0
24.6757,B,mrac.yaw.theta_4,0.078136966
24.6757,B,mrac.yaw.theta_5,0.089379363
24.6757,B,mrac.yaw.u_nom,-0.18696581
24.6757,B,mrac.yaw.xm,-1.0471979
24.6757,B,mrac.z.theta_0,0.099565431
24.6757,B,mrac.z.theta_1,0.00061351445
24.6757,B,mrac.z.theta_2,0.00094790763
24.6757,B,mrac.z.theta_3,0
24.6757,B,mrac.z.theta_4,0.053878997
24.6757,B,mrac.z.theta_5,0.014757896
24.6757,B,mrac.z.u_nom,-0.0033383425
24.6757,B,mrac.z.xm,0
24.6757,B,path.active_path_mode,0
24.6757,B,path.circle_theta,0
24.6757,B,path.sinusoid_t_elapsed,0
24.6757,B,path.twc_arrived,0
24.6757,B,path.twc_target_x,0
24.6757,B,path.twc_target_y,0
24.6757,B,path.twc_target_z,0
24.6757,B,pid.gyrox.Des,-118.6842
24.6757,B,pid.gyrox.FB,6.8086557
24.6757,B,pid.gyrox.U,-286.31909
24.6757,B,pid.gyroy.Des,200
24.6757,B,pid.gyroy.FB,4.7739086
24.6757,B,pid.gyroy.U,283.93762
24.6757,B,pid.gyroz.Des,-60
24.6757,B,pid.gyroz.FB,2.366168
24.6757,B,pid.gyroz.U,-350
24.6757,B,pid.locx.Des,0
24.6757,B,pid.locx.FB,-109.14256
24.6757,B,pid.locx.U,89.214813
24.6757,B,pid.locxs.Des,89.214813
24.6757,B,pid.locxs.FB,1.9600754
24.6757,B,pid.locxs.U,261.56918
24.6757,B,pid.locy.Des,-0
24.6757,B,pid.locy.FB,-100.97193
24.6757,B,pid.locy.U,82.623116
24.6757,B,pid.locys.Des,82.623116
24.6757,B,pid.locys.FB,10.637579
24.6757,B,pid.locys.U,215.76288
24.6757,B,pid.pitch.Des,15
24.6757,B,pid.pitch.FB,-69.00132
24.6757,B,pid.pitch.U,200
24.6757,B,pid.roll.Des,-0.78527445
24.6757,B,pid.roll.FB,35.898636
24.6757,B,pid.roll.U,-118.6842
24.6757,B,pid.yaw.Des,8.7891102
24.6757,B,pid.yaw.FB,44.130291
24.6757,B,pid.yaw.U,-159.22784
24.6757,B,pid.z_pos.Des,0.012563892
24.6757,B,pid.z_pos.FB,0.012563892
24.6757,B,pid.z_pos.U,-0.054802358
24.6757,B,pid.z_rate.Des,0
24.6757,B,pid.z_rate.FB,-7.8001682e-39
24.6757,B,pid.z_rate.U,-0.74111205
24.6757,B,status.vbat,16.188305
24.8781,A,mrac.pitch.e,-3.4427454
24.8781,A,mrac.pitch.u_ad,0
24.8781,A,mrac.roll.e,2.1758721
24.8781,A,mrac.roll.u_ad,0
24.8781,A,mrac.yaw.e,1.122658
24.8781,A,mrac.yaw.u_ad,0
24.8781,A,mrac.z.e,-5.5143897e-41
24.8781,A,mrac.z.u_ad,0.099385604
24.8781,A,status.arm,0
24.8781,A,status.estimator_ready,1
24.8781,A,status.flymode,0
24.8781,A,status.of_hold,1
24.8781,A,status.rc_authority,0
24.8781,A,status.sbus_lost,0
24.8781,A,status.twc_arrived,0
24.8781,A,status.twc_execute,0
24.8782,B,mrac.pitch.theta_0,0.024948688
24.8782,B,mrac.pitch.theta_1,0.0015604432
24.8782,B,mrac.pitch.theta_2,0.00094392209
24.8782,B,mrac.pitch.theta_3,0.00057701312
24.8782,B,mrac.pitch.theta_4,0.05738524
24.8782,B,mrac.pitch.theta_5,0.14270304
24.8782,B,mrac.pitch.u_nom,0.24429825
24.8782,B,mrac.pitch.xm,3.49066
24.8782,B,mrac.roll.theta_0,0.018430023
24.8782,B,mrac.roll.theta_1,0.0057697259
24.8782,B,mrac.roll.theta_2,0.0010939733
24.8782,B,mrac.roll.theta_3,0.0014986815
24.8782,B,mrac.roll.theta_4,0.04590134
24.8782,B,mrac.roll.theta_5,0.141111
24.8782,B,mrac.roll.u_nom,-0.25641027
24.8782,B,mrac.roll.xm,-2.0290275
24.8782,B,mrac.yaw.theta_0,-0.089520253
24.8782,B,mrac.yaw.theta_1,0.007929557
24.8782,B,mrac.yaw.theta_2,0.0005277
24.8782,B,mrac.yaw.theta_3,0
24.8782,B,mrac.yaw.theta_4,0.078136966
24.8782,B,mrac.yaw.theta_5,0.089379363
24.8782,B,mrac.yaw.u_nom,-0.18696581
24.8782,B,mrac.yaw.xm,-1.0471979
24.8782,B,mrac.z.theta_0,0.099565431
24.8782,B,mrac.z.theta_1,0.00061351445
24.8782,B,mrac.z.theta_2,0.00094790763
24.8782,B,mrac.z.theta_3,0
24.8782,B,mrac.z.theta_4,0.053878997
24.8782,B,mrac.z.theta_5,0.014757896
24.8782,B,mrac.z.u_nom,-0.0033383425
24.8782,B,mrac.z.xm,0
24.8782,B,path.active_path_mode,0
24.8782,B,path.circle_theta,0
24.8782,B,path.sinusoid_t_elapsed,0
24.8782,B,path.twc_arrived,0
24.8782,B,path.twc_target_x,0
24.8782,B,path.twc_target_y,0
24.8782,B,path.twc_target_z,0
24.8782,B,pid.gyrox.Des,-116.25466
24.8782,B,pid.gyrox.FB,11.808845
24.8782,B,pid.gyrox.U,-300
24.8782,B,pid.gyroy.Des,200
24.8782,B,pid.gyroy.FB,2.2332716
24.8782,B,pid.gyroy.U,285.82895
24.8782,B,pid.gyroz.Des,-60
24.8782,B,pid.gyroz.FB,1.7080063
24.8782,B,pid.gyroz.U,-350
24.8782,B,pid.locx.Des,0
24.8782,B,pid.locx.FB,-108.55872
24.8782,B,pid.locx.U,88.701927
24.8782,B,pid.locxs.Des,88.701927
24.8782,B,pid.locxs.FB,1.6749301
24.8782,B,pid.locxs.U,260.7915
24.8782,B,pid.locy.Des,-0
24.8782,B,pid.locy.FB,-100.38929
24.8782,B,pid.locy.U,82.173737
24.8782,B,pid.locys.Des,82.173737
24.8782,B,pid.locys.FB,9.8587322
24.8782,B,pid.locys.U,216.80077
24.8782,B,pid.pitch.Des,15
24.8782,B,pid.pitch.FB,-68.801361
24.8782,B,pid.pitch.U,200
24.8782,B,pid.roll.Des,-0.46867815
24.8782,B,pid.roll.FB,35.327232
24.8782,B,pid.roll.U,-116.25466
24.8782,B,pid.yaw.Des,8.7891102
24.8782,B,pid.yaw.FB,46.51202
24.8782,B,pid.yaw.U,-159.22784
24.8782,B,pid.z_pos.Des,0.012563892
24.8782,B,pid.z_pos.FB,0.012563892
24.8782,B,pid.z_pos.U,-0.054802358
24.8782,B,pid.z_rate.Des,0
24.8782,B,pid.z_rate.FB,-2.4104856e-40
24.8782,B,pid.z_rate.U,-0.74111205
24.8782,B,status.vbat,16.188305
25.0950,A,mrac.pitch.e,-3.476506
25.0950,A,mrac.pitch.u_ad,0
25.0950,A,mrac.roll.e,2.1061139
25.0950,A,mrac.roll.u_ad,0
25.0950,A,mrac.yaw.e,1.1168556
25.0950,A,mrac.yaw.u_ad,0
25.0950,A,mrac.z.e,-4.3300123e-43
25.0950,A,mrac.z.u_ad,0.099385604
25.0950,A,status.arm,0
25.0950,A,status.estimator_ready,1
25.0950,A,status.flymode,0
25.0950,A,status.of_hold,1
25.0950,A,status.rc_authority,0
25.0950,A,status.sbus_lost,0
25.0950,A,status.twc_arrived,0
25.0950,A,status.twc_execute,0
25.0953,B,mrac.pitch.theta_0,0.024948688
25.0953,B,mrac.pitch.theta_1,0.0015604432
25.0953,B,mrac.pitch.theta_2,0.00094392209
25.0953,B,mrac.pitch.theta_3,0.00057701312
25.0953,B,mrac.pitch.theta_4,0.05738524
25.0953,B,mrac.pitch.theta_5,0.14270304
25.0953,B,mrac.pitch.u_nom,0.25641027
25.0953,B,mrac.pitch.xm,3.49066
25.0953,B,mrac.roll.theta_0,0.018430023
25.0953,B,mrac.roll.theta_1,0.0057697259
25.0953,B,mrac.roll.theta_2,0.0010939733
25.0953,B,mrac.roll.theta_3,0.0014986815
25.0953,B,mrac.roll.theta_4,0.04590134
25.0953,B,mrac.roll.theta_5,0.141111
25.0953,B,mrac.roll.u_nom,-0.25641027
25.0953,B,mrac.roll.xm,-1.9968458
25.0953,B,mrac.yaw.theta_0,-0.089520253
25.0953,B,mrac.yaw.theta_1,0.007929557
25.0953,B,mrac.yaw.theta_2,0.0005277
25.0953,B,mrac.yaw.theta_3,0
25.0953,B,mrac.yaw.theta_4,0.078136966
25.0953,B,mrac.yaw.theta_5,0.089379363
25.0953,B,mrac.yaw.u_nom,-0.18696581
25.0953,B,mrac.yaw.xm,-1.0471979
25.0953,B,mrac.z.theta_0,0.099565431
25.0953,B,mrac.z.theta_1,0.00061351445
25.0953,B,mrac.z.theta_2,0.00094790763
25.0953,B,mrac.z.theta_3,0
25.0953,B,mrac.z.theta_4,0.053878997
25.0953,B,mrac.z.theta_5,0.014757896
25.0953,B,mrac.z.u_nom,-0.0033383425
25.0953,B,mrac.z.xm,0
25.0953,B,path.active_path_mode,0
25.0953,B,path.circle_theta,0
25.0953,B,path.sinusoid_t_elapsed,0
25.0953,B,path.twc_arrived,0
25.0953,B,path.twc_target_x,0
25.0953,B,path.twc_target_y,0
25.0953,B,path.twc_target_z,0
25.0953,B,pid.gyrox.Des,-114.41079
25.0953,B,pid.gyrox.FB,6.0955353
25.0953,B,pid.gyrox.U,-300
25.0953,B,pid.gyroy.Des,200
25.0953,B,pid.gyroy.FB,1.212801
25.0953,B,pid.gyroy.U,300
25.0953,B,pid.gyroz.Des,-60
25.0953,B,pid.gyroz.FB,-0.79729235
25.0953,B,pid.gyroz.U,-350
25.0953,B,pid.locx.Des,0
25.0953,B,pid.locx.FB,-108.30305
25.0953,B,pid.locx.U,88.6903
25.0953,B,pid.locxs.Des,88.6903
25.0953,B,pid.locxs.FB,-2.1780045
25.0953,B,pid.locxs.U,272.61523
25.0953,B,pid.locy.Des,-0
25.0953,B,pid.locy.FB,-99.577019
25.0953,B,pid.locy.U,81.544548
25.0953,B,pid.locys.Des,81.544548
25.0953,B,pid.locys.FB,8.6750383
25.0953,B,pid.locys.U,218.45622
25.0953,B,pid.pitch.Des,15
25.0953,B,pid.pitch.FB,-68.443954
25.0953,B,pid.pitch.U,200
25.0953,B,pid.roll.Des,-0.25547695
25.0953,B,pid.roll.FB,34.885738
25.0953,B,pid.roll.U,-114.41079
25.0953,B,pid.yaw.Des,8.7891102
25.0953,B,pid.yaw.FB,49.34129
25.0953,B,pid.yaw.U,-159.22784
25.0953,B,pid.z_pos.Des,0.012563892
25.0953,B,pid.z_pos.FB,0.012563892
25.0953,B,pid.z_pos.U,-0.054802358
25.0953,B,pid.z_rate.Des,0
25.0953,B,pid.z_rate.FB,-1.2415504e-42
25.0953,B,pid.z_rate.U,-0.74111205
25.0953,B,status.vbat,16.188305
25.3111,A,mrac.pitch.e,-3.4908242
25.3111,A,mrac.pitch.u_ad,0
25.3111,A,mrac.roll.e,1.959872
25.3111,A,mrac.roll.u_ad,0
25.3111,A,mrac.yaw.e,1.0041686
25.3111,A,mrac.yaw.u_ad,0
25.3111,A,mrac.z.e,-8.4077908e-45
25.3111,A,mrac.z.u_ad,0.099385604
25.3111,A,status.arm,0
25.3111,A,status.estimator_ready,1
25.3111,A,status.flymode,0
25.3111,A,status.of_hold,1
25.3111,A,status.rc_authority,0
25.3111,A,status.sbus_lost,0
25.3111,A,status.twc_arrived,0
25.3111,A,status.twc_execute,0
25.3112,B,mrac.pitch.theta_0,0.024948688
25.3112,B,mrac.pitch.theta_1,0.0015604432
25.3112,B,mrac.pitch.theta_2,0.00094392209
25.3112,B,mrac.pitch.theta_3,0.00057701312
25.3112,B,mrac.pitch.theta_4,0.05738524
25.3112,B,mrac.pitch.theta_5,0.14270304
25.3112,B,mrac.pitch.u_nom,0.25641027
25.3112,B,mrac.pitch.xm,3.49066
25.3112,B,mrac.roll.theta_0,0.018430023
25.3112,B,mrac.roll.theta_1,0.0057697259
25.3112,B,mrac.roll.theta_2,0.0010939733
25.3112,B,mrac.roll.theta_3,0.0014986815
25.3112,B,mrac.roll.theta_4,0.04590134
25.3112,B,mrac.roll.theta_5,0.141111
25.3112,B,mrac.roll.u_nom,-0.25641027
25.3112,B,mrac.roll.xm,-2.0194409
25.3112,B,mrac.yaw.theta_0,-0.089520007
25.3112,B,mrac.yaw.theta_1,0.007934602
25.3112,B,mrac.yaw.theta_2,0.00052766746
25.3112,B,mrac.yaw.theta_3,0
25.3112,B,mrac.yaw.theta_4,0.078153208
25.3112,B,mrac.yaw.theta_5,0.089380279
25.3112,B,mrac.yaw.u_nom,-0.18696581
25.3112,B,mrac.yaw.xm,-1.0471979
25.3112,B,mrac.z.theta_0,0.099565431
25.3112,B,mrac.z.theta_1,0.00061351445
25.3112,B,mrac.z.theta_2,0.00094790763
25.3112,B,mrac.z.theta_3,0
25.3112,B,mrac.z.theta_4,0.053878997
25.3112,B,mrac.z.theta_5,0.014757896
25.3112,B,mrac.z.u_nom,-0.0033383425
25.3112,B,mrac.z.xm,0
25.3112,B,path.active_path_mode,0
25.3112,B,path.circle_theta,0
25.3112,B,path.sinusoid_t_elapsed,0
25.3112,B,path.twc_arrived,0
25.3112,B,path.twc_target_x,0
25.3112,B,path.twc_target_y,0
25.3112,B,path.twc_target_z,0
25.3112,B,pid.gyrox.Des,-115.70539
25.3112,B,pid.gyrox.FB,-5.7688661
25.3112,B,pid.gyrox.U,-300
25.3112,B,pid.gyroy.Des,200
25.3112,B,pid.gyroy.FB,-2.4385507
25.3112,B,pid.gyroy.U,300
25.3112,B,pid.gyroz.Des,-60
25.3112,B,pid.gyroz.FB,-0.31609616
25.3112,B,pid.gyroz.U,-350
25.3112,B,pid.locx.Des,0
25.3112,B,pid.locx.FB,-109.35188
25.3112,B,pid.locx.U,89.72448
25.3112,B,pid.locxs.Des,89.72448
25.3112,B,pid.locxs.FB,-7.8102884
25.3112,B,pid.locxs.U,292.90363
25.3112,B,pid.locy.Des,-0
25.3112,B,pid.locy.FB,-98.670753
25.3112,B,pid.locy.U,80.776085
25.3112,B,pid.locys.Des,80.776085
25.3112,B,pid.locys.FB,9.1103992
25.3112,B,pid.locys.U,214.81136
25.3112,B,pid.pitch.Des,15
25.3112,B,pid.pitch.FB,-68.615608
25.3112,B,pid.pitch.U,200
25.3112,B,pid.roll.Des,-0.5869652
25.3112,B,pid.roll.FB,35.091927
25.3112,B,pid.roll.U,-115.70539
25.3112,B,pid.yaw.Des,8.7891102
25.3112,B,pid.yaw.FB,49.393761
25.3112,B,pid.yaw.U,-159.22784
25.3112,B,pid.z_pos.Des,0.012563892
25.3112,B,pid.z_pos.FB,0.012563892
25.3112,B,pid.z_pos.U,-0.054802358
25.3112,B,pid.z_rate.Des,0
25.3112,B,pid.z_rate.FB,-5.6051939e-45
25.3112,B,pid.z_rate.U,-0.74111205
25.3112,B,status.vbat,16.188305
25.5121,A,mrac.pitch.e,-3.5275619
25.5121,A,mrac.pitch.u_ad,0
25.5121,A,mrac.roll.e,1.9367546
25.5121,A,mrac.roll.u_ad,0
25.5121,A,mrac.yaw.e,0.99296218
25.5121,A,mrac.yaw.u_ad,-0.019821312
25.5121,A,mrac.z.e,-5.6051939e-45
25.5121,A,mrac.z.u_ad,0.099385604
25.5121,A,status.arm,0
25.5121,A,status.estimator_ready,1
25.5121,A,status.flymode,0
25.5121,A,status.of_hold,1
25.5121,A,status.rc_authority,0
25.5121,A,status.sbus_lost,0
25.5121,A,status.twc_arrived,0
25.5121,A,status.twc_execute,0
25.5123,B,mrac.pitch.theta_0,0.024948688
25.5123,B,mrac.pitch.theta_1,0.0015604432
25.5123,B,mrac.pitch.theta_2,0.00094392209
25.5123,B,mrac.pitch.theta_3,0.00057701312
25.5123,B,mrac.pitch.theta_4,0.05738524
25.5123,B,mrac.pitch.theta_5,0.14270304
25.5123,B,mrac.pitch.u_nom,0.25641027
25.5123,B,mrac.pitch.xm,3.49066
25.5123,B,mrac.roll.theta_0,0.018430023
25.5123,B,mrac.roll.theta_1,0.0057697259
25.5123,B,mrac.roll.theta_2,0.0010939733
25.5123,B,mrac.roll.theta_3,0.0014986815
25.5123,B,mrac.roll.theta_4,0.04590134
25.5123,B,mrac.roll.theta_5,0.141111
25.5123,B,mrac.roll.u_nom,-0.25641027
25.5123,B,mrac.roll.xm,-2.0692956
25.5123,B,mrac.yaw.theta_0,-0.089518405
25.5123,B,mrac.yaw.theta_1,0.0079992237
25.5123,B,mrac.yaw.theta_2,0.00052723085
25.5123,B,mrac.yaw.theta_3,0
25.5123,B,mrac.yaw.theta_4,0.078347825
25.5123,B,mrac.yaw.theta_5,0.089390934
25.5123,B,mrac.yaw.u_nom,-0.18696581
25.5123,B,mrac.yaw.xm,-1.0471979
25.5123,B,mrac.z.theta_0,0.099565431
25.5123,B,mrac.z.theta_1,0.00061351445
25.5123,B,mrac.z.theta_2,0.00094790763
25.5123,B,mrac.z.theta_3,0
25.5123,B,mrac.z.theta_4,0.053878997
25.5123,B,mrac.z.theta_5,0.014757896
25.5123,B,mrac.z.u_nom,-0.0033383425
25.5123,B,mrac.z.xm,0
25.5123,B,path.active_path_mode,0
25.5123,B,path.circle_theta,0
25.5123,B,path.sinusoid_t_elapsed,0
25.5123,B,path.twc_arrived,0
25.5123,B,path.twc_target_x,0
25.5123,B,path.twc_target_y,0
25.5123,B,path.twc_target_z,0
25.5123,B,pid.gyrox.Des,-118.56185
25.5123,B,pid.gyrox.FB,-7.222106
25.5123,B,pid.gyrox.U,-300
25.5123,B,pid.gyroy.Des,200
25.5123,B,pid.gyroy.FB,-2.0799787
25.5123,B,pid.gyroy.U,300
25.5123,B,pid.gyroz.Des,-60
25.5123,B,pid.gyroz.FB,-3.1101475
25.5123,B,pid.gyroz.U,-350
25.5123,B,pid.locx.Des,0
25.5123,B,pid.locx.FB,-110.61372
25.5123,B,pid.locx.U,90.794846
25.5123,B,pid.locxs.Des,90.794846
25.5123,B,pid.locxs.FB,-10.890839
25.5123,B,pid.locxs.U,305.54053
25.5123,B,pid.locy.Des,-0
25.5123,B,pid.locy.FB,-98.0037
25.5123,B,pid.locy.U,80.246529
25.5123,B,pid.locys.Des,80.246529
25.5123,B,pid.locys.FB,9.0216208
25.5123,B,pid.locys.U,213.63127
25.5123,B,pid.pitch.Des,15
25.5123,B,pid.pitch.FB,-68.776115
25.5123,B,pid.pitch.U,200
25.5123,B,pid.roll.Des,-0.99799681
25.5123,B,pid.roll.FB,35.475819
25.5123,B,pid.roll.U,-118.56185
25.5123,B,pid.yaw.Des,8.7891102
25.5123,B,pid.yaw.FB,47.767399
25.5123,B,pid.yaw.U,-159.22784
25.5123,B,pid.z_pos.Des,0.012563892
25.5123,B,pid.z_pos.FB,0.012563892
25.5123,B,pid.z_pos.U,-0.054802358
25.5123,B,pid.z_rate.Des,0
25.5123,B,pid.z_rate.FB,-5.6051939e-45
25.5123,B,pid.z_rate.U,-0.74111205
25.5123,B,status.vbat,16.188305
25.7258,A,mrac.pitch.e,-3.5536642
25.7258,A,mrac.pitch.u_ad,0
25.7258,A,mrac.roll.e,1.9645447
25.7258,A,mrac.roll.u_ad,0
25.7258,A,mrac.yaw.e,1.019805
25.7258,A,mrac.yaw.u_ad,0
25.7258,A,mrac.z.e,-5.6051939e-45
25.7258,A,mrac.z.u_ad,0.099385604
25.7258,A,status.arm,0
25.7258,A,status.estimator_ready,1
25.7258,A,status.flymode,0
25.7258,A,status.of_hold,1
25.7258,A,status.rc_authority,0
25.7258,A,status.sbus_lost,0
25.7258,A,status.twc_arrived,0
25.7258,A,status.twc_execute,0
25.7258,B,mrac.pitch.theta_0,0.024948688
25.7258,B,mrac.pitch.theta_1,0.0015604432
25.7258,B,mrac.pitch.theta_2,0.00094392209
25.7258,B,mrac.pitch.theta_3,0.00057701312
25.7258,B,mrac.pitch.theta_4,0.05738524
25.7258,B,mrac.pitch.theta_5,0.14270304
25.7258,B,mrac.pitch.u_nom,0.25596026
25.7258,B,mrac.pitch.xm,3.49066
25.7258,B,mrac.roll.theta_0,0.018430023
25.7258,B,mrac.roll.theta_1,0.0057697259
25.7258,B,mrac.roll.theta_2,0.0010939733
25.7258,B,mrac.roll.theta_3,0.0014986815
25.7258,B,mrac.roll.theta_4,0.04590134
25.7258,B,mrac.roll.theta_5,0.141111
25.7258,B,mrac.roll.u_nom,-0.25641027
25.7258,B,mrac.roll.xm,-2.0920007
25.7258,B,mrac.yaw.theta_0,-0.089517735
25.7258,B,mrac.yaw.theta_1,0.0080725923
25.7258,B,mrac.yaw.theta_2,0.00052671932
25.7258,B,mrac.yaw.theta_3,0
25.7258,B,mrac.yaw.theta_4,0.078558423
25.7258,B,mrac.yaw.theta_5,0.089401685
25.7258,B,mrac.yaw.u_nom,-0.18696581
25.7258,B,mrac.yaw.xm,-1.0471979
25.7258,B,mrac.z.theta_0,0.099565431
25.7258,B,mrac.z.theta_1,0.00061351445
25.7258,B,mrac.z.theta_2,0.00094790763
25.7258,B,mrac.z.theta_3,0
25.7258,B,mrac.z.theta_4,0.053878997
25.7258,B,mrac.z.theta_5,0.014757896
25.7258,B,mrac.z.u_nom,-0.0033383425
25.7258,B,mrac.z.xm,0
25.7258,B,path.active_path_mode,0
25.7258,B,path.circle_theta,0
25.7258,B,path.sinusoid_t_elapsed,0
25.7258,B,path.twc_arrived,0
25.7258,B,path.twc_target_x,0
25.7258,B,path.twc_target_y,0
25.7258,B,path.twc_target_z,0
25.7258,B,pid.gyrox.Des,-119.86276
25.7258,B,pid.gyrox.FB,-3.2090127
25.7258,B,pid.gyrox.U,-300
25.7258,B,pid.gyroy.Des,200
25.7258,B,pid.gyroy.FB,-1.8018124
25.7258,B,pid.gyroy.U,299.47351
25.7258,B,pid.gyroz.Des,-60
25.7258,B,pid.gyroz.FB,-3.2466433
25.7258,B,pid.gyroz.U,-350
25.7258,B,pid.locx.Des,0
25.7258,B,pid.locx.FB,-112.31037
25.7258,B,pid.locx.U,92.070923
25.7258,B,pid.locxs.Des,92.070923
25.7258,B,pid.locxs.FB,-8.9991531
25.7258,B,pid.locxs.U,303.57828
25.7258,B,pid.locy.Des,-0
25.7258,B,pid.locy.FB,-96.931366
25.7258,B,pid.locy.U,79.370628
25.7258,B,pid.locys.Des,79.370628
25.7258,B,pid.locys.FB,9.3816433
25.7258,B,pid.locys.U,209.85484
25.7258,B,pid.pitch.Des,15
25.7258,B,pid.pitch.FB,-68.852348
25.7258,B,pid.pitch.U,200
25.7258,B,pid.roll.Des,-1.2372115
25.7258,B,pid.roll.FB,35.331902
25.7258,B,pid.roll.U,-119.86276
25.7258,B,pid.yaw.Des,8.7891102
25.7258,B,pid.yaw.FB,46.192142
25.7258,B,pid.yaw.U,-159.22784
25.7258,B,pid.z_pos.Des,0.012563892
25.7258,B,pid.z_pos.FB,0.012563892
25.7258,B,pid.z_pos.U,-0.054802358
25.7258,B,pid.z_rate.Des,0
25.7258,B,pid.z_rate.FB,-5.6051939e-45
25.7258,B,pid.z_rate.U,-0.74111205
25.7258,B,status.vbat,16.188305
25.9263,A,mrac.pitch.e,-3.494179
25.9263,A,mrac.pitch.u_ad,0
25.9263,A,mrac.roll.e,2.0681953
25.9263,A,mrac.roll.u_ad,0
25.9263,A,mrac.yaw.e,1.0416527
25.9263,A,mrac.yaw.u_ad,0
25.9263,A,mrac.z.e,-5.6051939e-45
25.9263,A,mrac.z.u_ad,0.099385604
25.9263,A,status.arm,0
25.9263,A,status.estimator_ready,1
25.9263,A,status.flymode,0
25.9263,A,status.of_hold,1
25.9263,A,status.rc_authority,0
25.9263,A,status.sbus_lost,0
25.9263,A,status.twc_arrived,0
25.9263,A,status.twc_execute,0
25.9263,B,mrac.pitch.theta_0,0.024948688
25.9263,B,mrac.pitch.theta_1,0.0015604432
25.9263,B,mrac.pitch.theta_2,0.00094392209
25.9263,B,mrac.pitch.theta_3,0.00057701312
25.9263,B,mrac.pitch.theta_4,0.05738524
25.9263,B,mrac.pitch.theta_5,0.14270304
25.9263,B,mrac.pitch.u_nom,0.2427005
25.9263,B,mrac.pitch.xm,3.49066
25.9263,B,mrac.roll.theta_0,0.018430023
25.9263,B,mrac.roll.theta_1,0.0057697259
25.9263,B,mrac.roll.theta_2,0.0010939733
25.9263,B,mrac.roll.theta_3,0.0014986815
25.9263,B,mrac.roll.theta_4,0.04590134
25.9263,B,mrac.roll.theta_5,0.141111
25.9263,B,mrac.roll.u_nom,-0.24670716
25.9263,B,mrac.roll.xm,-2.0700185
25.9263,B,mrac.yaw.theta_0,-0.08951734
25.9263,B,mrac.yaw.theta_1,0.0081099384
25.9263,B,mrac.yaw.theta_2,0.00052646786
25.9263,B,mrac.yaw.theta_3,0
25.9263,B,mrac.yaw.theta_4,0.078671895
25.9263,B,mrac.yaw.theta_5,0.089407131
25.9263,B,mrac.yaw.u_nom,-0.18696581
25.9263,B,mrac.yaw.xm,-1.0471979
25.9263,B,mrac.z.theta_0,0.099565431
25.9263,B,mrac.z.theta_1,0.00061351445
25.9263,B,mrac.z.theta_2,0.00094790763
25.9263,B,mrac.z.theta_3,0
25.9263,B,mrac.z.theta_4,0.053878997
25.9263,B,mrac.z.theta_5,0.014757896
25.9263,B,mrac.z.u_nom,-0.0033383425
25.9263,B,mrac.z.xm,0
25.9263,B,path.active_path_mode,0
25.9263,B,path.circle_theta,0
25.9263,B,path.sinusoid_t_elapsed,0
25.9263,B,path.twc_arrived,0
25.9263,B,path.twc_target_x,0
25.9263,B,path.twc_target_y,0
25.9263,B,path.twc_target_z,0
25.9263,B,pid.gyrox.Des,-118.60328
25.9263,B,pid.gyrox.FB,-2.6840682
25.9263,B,pid.gyrox.U,-288.64737
25.9263,B,pid.gyroy.Des,200
25.9263,B,pid.gyroy.FB,0.93727291
25.9263,B,pid.gyroy.U,283.95959
25.9263,B,pid.gyroz.Des,-60
25.9263,B,pid.gyroz.FB,0.62559384
25.9263,B,pid.gyroz.U,-350
25.9263,B,pid.locx.Des,0
25.9263,B,pid.locx.FB,-113.03797
25.9263,B,pid.locx.U,92.584091
25.9263,B,pid.locxs.Des,92.584091
25.9263,B,pid.locxs.FB,-7.6735573
25.9263,B,pid.locxs.U,301.00616
25.9263,B,pid.locy.Des,-0
25.9263,B,pid.locy.FB,-96.181267
25.9263,B,pid.locy.U,78.787651
25.9263,B,pid.locys.Des,78.787651
25.9263,B,pid.locys.FB,9.2798996
25.9263,B,pid.locys.U,208.34381
25.9263,B,pid.pitch.Des,15
25.9263,B,pid.pitch.FB,-68.795578
25.9263,B,pid.pitch.U,200
25.9263,B,pid.roll.Des,-1.2981181
25.9263,B,pid.roll.FB,35.295353
25.9263,B,pid.roll.U,-118.60328
25.9263,B,pid.yaw.Des,8.7891102
25.9263,B,pid.yaw.FB,45.649014
25.9263,B,pid.yaw.U,-159.22784
25.9263,B,pid.z_pos.Des,0.012563892
25.9263,B,pid.z_pos.FB,0.012563892
25.9263,B,pid.z_pos.U,-0.054802358
25.9263,B,pid.z_rate.Des,0
25.9263,B,pid.z_rate.FB,-5.6051939e-45
25.9263,B,pid.z_rate.U,-0.74111205
25.9263,B,status.vbat,16.188305
