t_s,frame,key,value
0.0774,A,mrac.pitch.e,0.044704136
0.0774,A,mrac.pitch.u_ad,-0.015355999
0.0774,A,mrac.roll.e,-0.018945962
0.0774,A,mrac.roll.u_ad,0.025561299
0.0774,A,mrac.yaw.e,0.13057761
0.0774,A,mrac.yaw.u_ad,-0.014594196
0.0774,A,mrac.z.e,0.20271337
0.0774,A,mrac.z.u_ad,-0.12613118
0.0774,A,status.arm,1
0.0774,A,status.flymode,1
0.0774,A,status.rc_authority,0
0.0774,A,status.sbus_lost,0
0.0774,A,status.twc_arrived,1
0.0774,A,status.twc_execute,1
0.0775,B,mrac.pitch.theta_0,0.0025168352
0.0775,B,mrac.pitch.theta_1,0.00041309415
0.0775,B,mrac.pitch.theta_2,0.0074560395
0.0775,B,mrac.pitch.theta_3,0.0050690384
0.0775,B,mrac.pitch.theta_4,0.17338757
0.0775,B,mrac.pitch.theta_5,0.1401509
0.0775,B,mrac.pitch.u_nom,0.077497199
0.0775,B,mrac.pitch.xm,-0.10441415
0.0775,B,mrac.roll.theta_0,0.029855721
0.0775,B,mrac.roll.theta_1,4.0415754e-05
0.0775,B,mrac.roll.theta_2,0.0029675951
0.0775,B,mrac.roll.theta_3,0.0029612826
0.0775,B,mrac.roll.theta_4,0.11094564
0.0775,B,mrac.roll.theta_5,0.12023427
0.0775,B,mrac.roll.u_nom,-0.072425008
0.0775,B,mrac.roll.xm,0.02604394
0.0775,B,mrac.yaw.theta_0,1.907806e-11
0.0775,B,mrac.yaw.theta_1,0.0013726361
0.0775,B,mrac.yaw.theta_2,0.0021426724
0.0775,B,mrac.yaw.theta_3,0
0.0775,B,mrac.yaw.theta_4,0.073184878
0.0775,B,mrac.yaw.theta_5,0.088064782
0.0775,B,mrac.yaw.u_nom,-0.03077559
0.0775,B,mrac.yaw.xm,-0.14096047
0.0775,B,mrac.z.theta_0,0.00048292673
0.0775,B,mrac.z.theta_1,0.011984059
0.0775,B,mrac.z.theta_2,0.0030677165
0.0775,B,mrac.z.theta_3,0
0.0775,B,mrac.z.theta_4,0.19879706
0.0775,B,mrac.z.theta_5,0.19542331
0.0775,B,mrac.z.u_nom,-0.36477861
0.0775,B,mrac.z.xm,-0.22698295
0.0775,B,path.active_path_mode,1
0.0775,B,path.circle_theta,0
0.0775,B,path.sinusoid_t_elapsed,30.002968
0.0775,B,path.twc_arrived,1
0.0775,B,path.twc_target_x,0
0.0775,B,path.twc_target_y,-20
0.0775,B,path.twc_target_z,0
0.0775,B,pid.gyrox.Des,1.4922073
0.0775,B,pid.gyrox.FB,3.5558503
0.0775,B,pid.gyrox.U,-84.737259
0.0775,B,pid.gyroy.Des,-5.9824877
0.0775,B,pid.gyroy.FB,-6.9455624
0.0775,B,pid.gyroy.U,90.671722
0.0775,B,pid.gyroz.Des,-8.076437
0.0775,B,pid.gyroz.FB,-1.1103288
0.0775,B,pid.gyroz.U,-57.611904
0.0775,B,pid.locx.Des,0
0.0775,B,pid.locx.FB,-3.680094
0.0775,B,pid.locx.U,5.0626545
0.0775,B,pid.locxs.Des,5.0626545
0.0775,B,pid.locxs.FB,-3.9817004
0.0775,B,pid.locxs.U,27.390827
0.0775,B,pid.locy.Des,-20
0.0775,B,pid.locy.FB,-11.462023
0.0775,B,pid.locy.U,-8.9124737
0.0775,B,pid.locys.Des,-8.9124737
0.0775,B,pid.locys.FB,1.0705426
0.0775,B,pid.locys.U,-30.178484
0.0775,B,pid.pitch.Des,-1.7337445
0.0775,B,pid.pitch.FB,0.27641615
0.0775,B,pid.pitch.U,-5.9824877
0.0775,B,pid.roll.Des,-1.6307764
0.0775,B,pid.roll.FB,-1.1633465
0.0775,B,pid.roll.U,1.4922073
0.0775,B,pid.yaw.Des,0
0.0775,B,pid.yaw.FB,1.0127394
0.0775,B,pid.yaw.U,-8.076437
0.0775,B,pid.z_pos.Des,0
0.0775,B,pid.z_pos.FB,0.10997605
0.0775,B,pid.z_pos.U,-0.22698295
0.0775,B,pid.z_rate.Des,-0.22698295
0.0775,B,pid.z_rate.FB,-0.050602574
0.0775,B,pid.z_rate.U,-80.98085
0.2812,A,mrac.pitch.e,0.044704136
0.2812,A,mrac.pitch.u_ad,-0.015355999
0.2812,A,mrac.roll.e,-0.018945962
0.2812,A,mrac.roll.u_ad,0.025561299
0.2812,A,mrac.yaw.e,0.13057761
0.2812,A,mrac.yaw.u_ad,-0.014594196
0.2812,A,mrac.z.e,0.20271337
0.2812,A,mrac.z.u_ad,-0.12613118
0.2812,A,status.arm,1
0.2812,A,status.flymode,1
0.2812,A,status.rc_authority,0
0.2812,A,status.sbus_lost,0
0.2812,A,status.twc_arrived,1
0.2812,A,status.twc_execute,1
0.2813,B,mrac.pitch.theta_0,0.0025168352
0.2813,B,mrac.pitch.theta_1,0.00041309415
0.2813,B,mrac.pitch.theta_2,0.0074560395
0.2813,B,mrac.pitch.theta_3,0.0050690384
0.2813,B,mrac.pitch.theta_4,0.17338757
0.2813,B,mrac.pitch.theta_5,0.1401509
0.2813,B,mrac.pitch.u_nom,0.077497199
0.2813,B,mrac.pitch.xm,-0.10441415
0.2813,B,mrac.roll.theta_0,0.029855721
0.2813,B,mrac.roll.theta_1,4.0415754e-05
0.2813,B,mrac.roll.theta_2,0.0029675951
0.2813,B,mrac.roll.theta_3,0.0029612826
0.2813,B,mrac.roll.theta_4,0.11094564
0.2813,B,mrac.roll.theta_5,0.12023427
0.2813,B,mrac.roll.u_nom,-0.072425008
0.2813,B,mrac.roll.xm,0.02604394
0.2813,B,mrac.yaw.theta_0,1.907806e-11
0.2813,B,mrac.yaw.theta_1,0.0013726361
0.2813,B,mrac.yaw.theta_2,0.0021426724
0.2813,B,mrac.yaw.theta_3,0
0.2813,B,mrac.yaw.theta_4,0.073184878
0.2813,B,mrac.yaw.theta_5,0.088064782
0.2813,B,mrac.yaw.u_nom,-0.03077559
0.2813,B,mrac.yaw.xm,-0.14096047
0.2813,B,mrac.z.theta_0,0.00048292673
0.2813,B,mrac.z.theta_1,0.011984059
0.2813,B,mrac.z.theta_2,0.0030677165
0.2813,B,mrac.z.theta_3,0
0.2813,B,mrac.z.theta_4,0.19879706
0.2813,B,mrac.z.theta_5,0.19542331
0.2813,B,mrac.z.u_nom,-0.36477861
0.2813,B,mrac.z.xm,-0.22698295
0.2813,B,path.active_path_mode,1
0.2813,B,path.circle_theta,0
0.2813,B,path.sinusoid_t_elapsed,30.002968
0.2813,B,path.twc_arrived,1
0.2813,B,path.twc_target_x,0
0.2813,B,path.twc_target_y,-20
0.2813,B,path.twc_target_z,0
0.2813,B,pid.gyrox.Des,1.4922073
0.2813,B,pid.gyrox.FB,3.5558503
0.2813,B,pid.gyrox.U,-84.737259
0.2813,B,pid.gyroy.Des,-5.9824877
0.2813,B,pid.gyroy.FB,-6.9455624
0.2813,B,pid.gyroy.U,90.671722
0.2813,B,pid.gyroz.Des,-8.076437
0.2813,B,pid.gyroz.FB,-1.1103288
0.2813,B,pid.gyroz.U,-57.611904
0.2813,B,pid.locx.Des,0
0.2813,B,pid.locx.FB,-3.680094
0.2813,B,pid.locx.U,5.0626545
0.2813,B,pid.locxs.Des,5.0626545
0.2813,B,pid.locxs.FB,-3.9817004
0.2813,B,pid.locxs.U,27.390827
0.2813,B,pid.locy.Des,-20
0.2813,B,pid.locy.FB,-11.462023
0.2813,B,pid.locy.U,-8.9124737
0.2813,B,pid.locys.Des,-8.9124737
0.2813,B,pid.locys.FB,1.0705426
0.2813,B,pid.locys.U,-30.178484
0.2813,B,pid.pitch.Des,-1.7337445
0.2813,B,pid.pitch.FB,0.27641615
0.2813,B,pid.pitch.U,-5.9824877
0.2813,B,pid.roll.Des,-1.6307764
0.2813,B,pid.roll.FB,-1.1633465
0.2813,B,pid.roll.U,1.4922073
0.2813,B,pid.yaw.Des,0
0.2813,B,pid.yaw.FB,1.0127394
0.2813,B,pid.yaw.U,-8.076437
0.2813,B,pid.z_pos.Des,0
0.2813,B,pid.z_pos.FB,0.10997605
0.2813,B,pid.z_pos.U,-0.22698295
0.2813,B,pid.z_rate.Des,-0.22698295
0.2813,B,pid.z_rate.FB,-0.050602574
0.2813,B,pid.z_rate.U,-80.98085
0.4933,A,mrac.pitch.e,0.27555054
0.4933,A,mrac.pitch.u_ad,-0.037402116
0.4933,A,mrac.roll.e,0.093477704
0.4933,A,mrac.roll.u_ad,0.029543163
0.4933,A,mrac.yaw.e,0.043280922
0.4933,A,mrac.yaw.u_ad,-0.011713482
0.4933,A,mrac.z.e,0.15419213
0.4933,A,mrac.z.u_ad,-0.092507832
0.4933,A,status.arm,1
0.4933,A,status.flymode,1
0.4933,A,status.rc_authority,0
0.4933,A,status.sbus_lost,0
0.4933,A,status.twc_arrived,0
0.4933,A,status.twc_execute,1
0.4934,B,mrac.pitch.theta_0,0.0042450139
0.4934,B,mrac.pitch.theta_1,0.00043699102
0.4934,B,mrac.pitch.theta_2,0.0073826686
0.4934,B,mrac.pitch.theta_3,0.0050702267
0.4934,B,mrac.pitch.theta_4,0.17388241
0.4934,B,mrac.pitch.theta_5,0.14035636
0.4934,B,mrac.pitch.u_nom,-0.092079729
0.4934,B,mrac.pitch.xm,-0.079861879
0.4934,B,mrac.roll.theta_0,0.03307873
0.4934,B,mrac.roll.theta_1,5.8800902e-05
0.4934,B,mrac.roll.theta_2,0.0029810315
0.4934,B,mrac.roll.theta_3,0.0029634351
0.4934,B,mrac.roll.theta_4,0.11150347
0.4934,B,mrac.roll.theta_5,0.12033408
0.4934,B,mrac.roll.u_nom,-0.11058183
0.4934,B,mrac.roll.xm,-0.00051023276
0.4934,B,mrac.yaw.theta_0,3.8353538e-15
0.4934,B,mrac.yaw.theta_1,0.0014430681
0.4934,B,mrac.yaw.theta_2,0.0021339122
0.4934,B,mrac.yaw.theta_3,0
0.4934,B,mrac.yaw.theta_4,0.073661268
0.4934,B,mrac.yaw.theta_5,0.088146895
0.4934,B,mrac.yaw.u_nom,-0.018127704
0.4934,B,mrac.yaw.xm,-0.12901296
0.4934,B,mrac.z.theta_0,5.7748206e-05
0.4934,B,mrac.z.theta_1,0.011449019
0.4934,B,mrac.z.theta_2,0.0030491122
0.4934,B,mrac.z.theta_3,0
0.4934,B,mrac.z.theta_4,0.19899184
0.4934,B,mrac.z.theta_5,0.19608492
0.4934,B,mrac.z.u_nom,-0.427609
0.4934,B,mrac.z.xm,-0.17691277
0.4934,B,path.active_path_mode,1
0.4934,B,path.circle_theta,0
0.4934,B,path.sinusoid_t_elapsed,30.002968
0.4934,B,path.twc_arrived,0
0.4934,B,path.twc_target_x,-3.680094
0.4934,B,path.twc_target_y,-11.462023
0.4934,B,path.twc_target_z,0.5
0.4934,B,pid.gyrox.Des,-0.029234171
0.4934,B,pid.gyrox.FB,17.568939
0.4934,B,pid.gyrox.U,-129.38074
0.4934,B,pid.gyroy.Des,-4.5757465
0.4934,B,pid.gyroy.FB,12.227957
0.4934,B,pid.gyroy.U,-107.73328
0.4934,B,pid.gyroz.Des,-7.3918948
0.4934,B,pid.gyroz.FB,-3.3851492
0.4934,B,pid.gyroz.U,-33.935062
0.4934,B,pid.locx.Des,-3.680094
0.4934,B,pid.locx.FB,-10.208309
0.4934,B,pid.locx.U,7.3654261
0.4934,B,pid.locxs.Des,7.3654261
0.4934,B,pid.locxs.FB,-4.9993849
0.4934,B,pid.locxs.U,37.284966
0.4934,B,pid.locy.Des,-11.462023
0.4934,B,pid.locy.FB,-4.9832134
0.4934,B,pid.locy.U,-7.2572999
0.4934,B,pid.locys.Des,-7.2572999
0.4934,B,pid.locys.FB,0.078418665
0.4934,B,pid.locys.U,-22.107635
0.4934,B,pid.pitch.Des,-1.2559216
0.4934,B,pid.pitch.FB,0.10571332
0.4934,B,pid.pitch.U,-4.5757465
0.4934,B,pid.roll.Des,-2.1973002
0.4934,B,pid.roll.FB,-2.5053668
0.4934,B,pid.roll.U,-0.029234171
0.4934,B,pid.yaw.Des,0
0.4934,B,pid.yaw.FB,0.89864916
0.4934,B,pid.yaw.U,-7.3918948
0.4934,B,pid.z_pos.Des,0.085000001
0.4934,B,pid.z_pos.FB,0.11988508
0.4934,B,pid.z_pos.U,-0.17691277
0.4934,B,pid.z_rate.Des,-0.17691277
0.4934,B,pid.z_rate.FB,0.033645965
0.4934,B,pid.z_rate.U,-94.929199
0.6936,A,mrac.pitch.e,0.25858963
0.6936,A,mrac.pitch.u_ad,-0.032082032
0.6936,A,mrac.roll.e,0.040054385
0.6936,A,mrac.roll.u_ad,0.023815641
0.6936,A,mrac.yaw.e,0.18162899
0.6936,A,mrac.yaw.u_ad,-0.013884571
0.6936,A,mrac.z.e,0.23383304
0.6936,A,mrac.z.u_ad,-0.10210834
0.6936,A,status.arm,1
0.6936,A,status.flymode,1
0.6936,A,status.rc_authority,0
0.6936,A,status.sbus_lost,0
0.6936,A,status.twc_arrived,0
0.6936,A,status.twc_execute,1
0.6936,B,mrac.pitch.theta_0,0.0043911627
0.6936,B,mrac.pitch.theta_1,0.00042822323
0.6936,B,mrac.pitch.theta_2,0.0073667183
0.6936,B,mrac.pitch.theta_3,0.0050718505
0.6936,B,mrac.pitch.theta_4,0.1739331
0.6936,B,mrac.pitch.theta_5,0.1403601
0.6936,B,mrac.pitch.u_nom,-0.11013398
0.6936,B,mrac.pitch.xm,-0.091245845
0.6936,B,mrac.roll.theta_0,0.033023376
0.6936,B,mrac.roll.theta_1,5.7256904e-05
0.6936,B,mrac.roll.theta_2,0.002980341
0.6936,B,mrac.roll.theta_3,0.0029646615
0.6936,B,mrac.roll.theta_4,0.11158559
0.6936,B,mrac.roll.theta_5,0.12032261
0.6936,B,mrac.roll.u_nom,0.11540231
0.6936,B,mrac.roll.xm,0.011404355
0.6936,B,mrac.yaw.theta_0,2.3543935e-15
0.6936,B,mrac.yaw.theta_1,0.0014465447
0.6936,B,mrac.yaw.theta_2,0.0021333511
0.6936,B,mrac.yaw.theta_3,0
0.6936,B,mrac.yaw.theta_4,0.073681705
0.6936,B,mrac.yaw.theta_5,0.088147469
0.6936,B,mrac.yaw.u_nom,-0.026335973
0.6936,B,mrac.yaw.xm,-0.11706336
0.6936,B,mrac.z.theta_0,5.234436e-05
0.6936,B,mrac.z.theta_1,0.011412709
0.6936,B,mrac.z.theta_2,0.0030488102
0.6936,B,mrac.z.theta_3,0
0.6936,B,mrac.z.theta_4,0.19897491
0.6936,B,mrac.z.theta_5,0.19607767
0.6936,B,mrac.z.u_nom,-0.14710675
0.6936,B,mrac.z.xm,-0.053363018
0.6936,B,path.active_path_mode,1
0.6936,B,path.circle_theta,0
0.6936,B,path.sinusoid_t_elapsed,30.002968
0.6936,B,path.twc_arrived,0
0.6936,B,path.twc_target_x,-3.680094
0.6936,B,path.twc_target_y,-11.462023
0.6936,B,path.twc_target_z,0.5
0.6936,B,pid.gyrox.Des,0.65342116
0.6936,B,pid.gyrox.FB,-10.933958
0.6936,B,pid.gyrox.U,135.02071
0.6936,B,pid.gyroy.Des,-5.2279997
0.6936,B,pid.gyroy.FB,5.5451469
0.6936,B,pid.gyroy.U,-128.85675
0.6936,B,pid.gyroz.Des,-6.7072334
0.6936,B,pid.gyroz.FB,-0.80625588
0.6936,B,pid.gyroz.U,-49.300941
0.6936,B,pid.locx.Des,-3.680094
0.6936,B,pid.locx.FB,-10.816289
0.6936,B,pid.locx.U,7.9067178
0.6936,B,pid.locxs.Des,7.9067178
0.6936,B,pid.locxs.FB,-5.9720526
0.6936,B,pid.locxs.U,41.878563
0.6936,B,pid.locy.Des,-11.462023
0.6936,B,pid.locy.FB,-4.4795718
0.6936,B,pid.locy.U,-7.7487206
0.6936,B,pid.locys.Des,-7.7487206
0.6936,B,pid.locys.FB,2.0819666
0.6936,B,pid.locys.U,-29.673204
0.6936,B,pid.pitch.Des,-1.697876
0.6936,B,pid.pitch.FB,-0.0026051074
0.6936,B,pid.pitch.U,-5.2279997
0.6936,B,pid.roll.Des,-2.4687548
0.6936,B,pid.roll.FB,-2.5116446
0.6936,B,pid.roll.U,0.65342116
0.6936,B,pid.yaw.Des,0
0.6936,B,pid.yaw.FB,0.78453892
0.6936,B,pid.yaw.U,-6.7072334
0.6936,B,pid.z_pos.Des,0.2499999
0.6936,B,pid.z_pos.FB,0.11988472
0.6936,B,pid.z_pos.U,-0.053363018
0.6936,B,pid.z_rate.Des,-0.053363018
0.6936,B,pid.z_rate.FB,0.00061191828
0.6936,B,pid.z_rate.U,-32.6577
0.8941,A,mrac.pitch.e,0.25858963
0.8941,A,mrac.pitch.u_ad,-0.032082032
0.8941,A,mrac.roll.e,0.040054385
0.8941,A,mrac.roll.u_ad,0.023815641
0.8941,A,mrac.yaw.e,0.18162899
0.8941,A,mrac.yaw.u_ad,-0.013884571
0.8941,A,mrac.z.e,0.23383304
0.8941,A,mrac.z.u_ad,-0.10210834
0.8941,A,status.arm,1
0.8941,A,status.flymode,1
0.8941,A,status.rc_authority,0
0.8941,A,status.sbus_lost,0
0.8941,A,status.twc_arrived,0
0.8941,A,status.twc_execute,1
0.8941,B,mrac.pitch.theta_0,0.0043911627
0.8941,B,mrac.pitch.theta_1,0.00042822323
0.8941,B,mrac.pitch.theta_2,0.0073667183
0.8941,B,mrac.pitch.theta_3,0.0050718505
0.8941,B,mrac.pitch.theta_4,0.1739331
0.8941,B,mrac.pitch.theta_5,0.1403601
0.8941,B,mrac.pitch.u_nom,-0.11013398
0.8941,B,mrac.pitch.xm,-0.091245845
0.8941,B,mrac.roll.theta_0,0.033023376
0.8941,B,mrac.roll.theta_1,5.7256904e-05
0.8941,B,mrac.roll.theta_2,0.002980341
0.8941,B,mrac.roll.theta_3,0.0029646615
0.8941,B,mrac.roll.theta_4,0.11158559
0.8941,B,mrac.roll.theta_5,0.12032261
0.8941,B,mrac.roll.u_nom,0.11540231
0.8941,B,mrac.roll.xm,0.011404355
0.8941,B,mrac.yaw.theta_0,2.3543935e-15
0.8941,B,mrac.yaw.theta_1,0.0014465447
0.8941,B,mrac.yaw.theta_2,0.0021333511
0.8941,B,mrac.yaw.theta_3,0
0.8941,B,mrac.yaw.theta_4,0.073681705
0.8941,B,mrac.yaw.theta_5,0.088147469
0.8941,B,mrac.yaw.u_nom,-0.026335973
0.8941,B,mrac.yaw.xm,-0.11706336
0.8941,B,mrac.z.theta_0,5.234436e-05
0.8941,B,mrac.z.theta_1,0.011412709
0.8941,B,mrac.z.theta_2,0.0030488102
0.8941,B,mrac.z.theta_3,0
0.8941,B,mrac.z.theta_4,0.19897491
0.8941,B,mrac.z.theta_5,0.19607767
0.8941,B,mrac.z.u_nom,-0.14710675
0.8941,B,mrac.z.xm,-0.053363018
0.8941,B,path.active_path_mode,1
0.8941,B,path.circle_theta,0
0.8941,B,path.sinusoid_t_elapsed,30.002968
0.8941,B,path.twc_arrived,0
0.8941,B,path.twc_target_x,-3.680094
0.8941,B,path.twc_target_y,-11.462023
0.8941,B,path.twc_target_z,0.5
0.8941,B,pid.gyrox.Des,0.65342116
0.8941,B,pid.gyrox.FB,-10.933958
0.8941,B,pid.gyrox.U,135.02071
0.8941,B,pid.gyroy.Des,-5.2279997
0.8941,B,pid.gyroy.FB,5.5451469
0.8941,B,pid.gyroy.U,-128.85675
0.8941,B,pid.gyroz.Des,-6.7072334
0.8941,B,pid.gyroz.FB,-0.80625588
0.8941,B,pid.gyroz.U,-49.300941
0.8941,B,pid.locx.Des,-3.680094
0.8941,B,pid.locx.FB,-10.816289
0.8941,B,pid.locx.U,7.9067178
0.8941,B,pid.locxs.Des,7.9067178
0.8941,B,pid.locxs.FB,-5.9720526
0.8941,B,pid.locxs.U,41.878563
0.8941,B,pid.locy.Des,-11.462023
0.8941,B,pid.locy.FB,-4.4795718
0.8941,B,pid.locy.U,-7.7487206
0.8941,B,pid.locys.Des,-7.7487206
0.8941,B,pid.locys.FB,2.0819666
0.8941,B,pid.locys.U,-29.673204
0.8941,B,pid.pitch.Des,-1.697876
0.8941,B,pid.pitch.FB,-0.0026051074
0.8941,B,pid.pitch.U,-5.2279997
0.8941,B,pid.roll.Des,-2.4687548
0.8941,B,pid.roll.FB,-2.5116446
0.8941,B,pid.roll.U,0.65342116
0.8941,B,pid.yaw.Des,0
0.8941,B,pid.yaw.FB,0.78453892
0.8941,B,pid.yaw.U,-6.7072334
0.8941,B,pid.z_pos.Des,0.2499999
0.8941,B,pid.z_pos.FB,0.11988472
0.8941,B,pid.z_pos.U,-0.053363018
0.8941,B,pid.z_rate.Des,-0.053363018
0.8941,B,pid.z_rate.FB,0.00061191828
0.8941,B,pid.z_rate.U,-32.6577
1.1115,A,mrac.pitch.e,0.25858963
1.1115,A,mrac.pitch.u_ad,-0.032082032
1.1115,A,mrac.roll.e,0.040054385
1.1115,A,mrac.roll.u_ad,0.023815641
1.1115,A,mrac.yaw.e,0.18162899
1.1115,A,mrac.yaw.u_ad,-0.013884571
1.1115,A,mrac.z.e,0.23383304
1.1115,A,mrac.z.u_ad,-0.10210834
1.1115,A,status.arm,1
1.1115,A,status.flymode,1
1.1115,A,status.rc_authority,0
1.1115,A,status.sbus_lost,0
1.1115,A,status.twc_arrived,0
1.1115,A,status.twc_execute,1
1.1115,B,mrac.pitch.theta_0,0.0043911627
1.1115,B,mrac.pitch.theta_1,0.00042822323
1.1115,B,mrac.pitch.theta_2,0.0073667183
1.1115,B,mrac.pitch.theta_3,0.0050718505
1.1115,B,mrac.pitch.theta_4,0.1739331
1.1115,B,mrac.pitch.theta_5,0.1403601
1.1115,B,mrac.pitch.u_nom,-0.11013398
1.1115,B,mrac.pitch.xm,-0.091245845
1.1115,B,mrac.roll.theta_0,0.033023376
1.1115,B,mrac.roll.theta_1,5.7256904e-05
1.1115,B,mrac.roll.theta_2,0.002980341
1.1115,B,mrac.roll.theta_3,0.0029646615
1.1115,B,mrac.roll.theta_4,0.11158559
1.1115,B,mrac.roll.theta_5,0.12032261
1.1115,B,mrac.roll.u_nom,0.11540231
1.1115,B,mrac.roll.xm,0.011404355
1.1115,B,mrac.yaw.theta_0,2.3543935e-15
1.1115,B,mrac.yaw.theta_1,0.0014465447
1.1115,B,mrac.yaw.theta_2,0.0021333511
1.1115,B,mrac.yaw.theta_3,0
1.1115,B,mrac.yaw.theta_4,0.073681705
1.1115,B,mrac.yaw.theta_5,0.088147469
1.1115,B,mrac.yaw.u_nom,-0.026335973
1.1115,B,mrac.yaw.xm,-0.11706336
1.1115,B,mrac.z.theta_0,5.234436e-05
1.1115,B,mrac.z.theta_1,0.011412709
1.1115,B,mrac.z.theta_2,0.0030488102
1.1115,B,mrac.z.theta_3,0
1.1115,B,mrac.z.theta_4,0.19897491
1.1115,B,mrac.z.theta_5,0.19607767
1.1115,B,mrac.z.u_nom,-0.14710675
1.1115,B,mrac.z.xm,-0.053363018
1.1115,B,path.active_path_mode,1
1.1115,B,path.circle_theta,0
1.1115,B,path.sinusoid_t_elapsed,30.002968
1.1115,B,path.twc_arrived,0
1.1115,B,path.twc_target_x,-3.680094
1.1115,B,path.twc_target_y,-11.462023
1.1115,B,path.twc_target_z,0.5
1.1115,B,pid.gyrox.Des,0.65342116
1.1115,B,pid.gyrox.FB,-10.933958
1.1115,B,pid.gyrox.U,135.02071
1.1115,B,pid.gyroy.Des,-5.2279997
1.1115,B,pid.gyroy.FB,5.5451469
1.1115,B,pid.gyroy.U,-128.85675
1.1115,B,pid.gyroz.Des,-6.7072334
1.1115,B,pid.gyroz.FB,-0.80625588
1.1115,B,pid.gyroz.U,-49.300941
1.1115,B,pid.locx.Des,-3.680094
1.1115,B,pid.locx.FB,-10.816289
1.1115,B,pid.locx.U,7.9067178
1.1115,B,pid.locxs.Des,7.9067178
1.1115,B,pid.locxs.FB,-5.9720526
1.1115,B,pid.locxs.U,41.878563
1.1115,B,pid.locy.Des,-11.462023
1.1115,B,pid.locy.FB,-4.4795718
1.1115,B,pid.locy.U,-7.7487206
1.1115,B,pid.locys.Des,-7.7487206
1.1115,B,pid.locys.FB,2.0819666
1.1115,B,pid.locys.U,-29.673204
1.1115,B,pid.pitch.Des,-1.697876
1.1115,B,pid.pitch.FB,-0.0026051074
1.1115,B,pid.pitch.U,-5.2279997
1.1115,B,pid.roll.Des,-2.4687548
1.1115,B,pid.roll.FB,-2.5116446
1.1115,B,pid.roll.U,0.65342116
1.1115,B,pid.yaw.Des,0
1.1115,B,pid.yaw.FB,0.78453892
1.1115,B,pid.yaw.U,-6.7072334
1.1115,B,pid.z_pos.Des,0.2499999
1.1115,B,pid.z_pos.FB,0.11988472
1.1115,B,pid.z_pos.U,-0.053363018
1.1115,B,pid.z_rate.Des,-0.053363018
1.1115,B,pid.z_rate.FB,0.00061191828
1.1115,B,pid.z_rate.U,-32.6577
1.3275,A,mrac.pitch.e,0.25858963
1.3275,A,mrac.pitch.u_ad,-0.032082032
1.3275,A,mrac.roll.e,0.040054385
1.3275,A,mrac.roll.u_ad,0.023815641
1.3275,A,mrac.yaw.e,0.18162899
1.3275,A,mrac.yaw.u_ad,-0.013884571
1.3275,A,mrac.z.e,0.23383304
1.3275,A,mrac.z.u_ad,-0.10210834
1.3275,A,status.arm,1
1.3275,A,status.flymode,1
1.3275,A,status.rc_authority,0
1.3275,A,status.sbus_lost,0
1.3275,A,status.twc_arrived,0
1.3275,A,status.twc_execute,1
1.3275,B,mrac.pitch.theta_0,0.0043911627
1.3275,B,mrac.pitch.theta_1,0.00042822323
1.3275,B,mrac.pitch.theta_2,0.0073667183
1.3275,B,mrac.pitch.theta_3,0.0050718505
1.3275,B,mrac.pitch.theta_4,0.1739331
1.3275,B,mrac.pitch.theta_5,0.1403601
1.3275,B,mrac.pitch.u_nom,-0.11013398
1.3275,B,mrac.pitch.xm,-0.091245845
1.3275,B,mrac.roll.theta_0,0.033023376
1.3275,B,mrac.roll.theta_1,5.7256904e-05
1.3275,B,mrac.roll.theta_2,0.002980341
1.3275,B,mrac.roll.theta_3,0.0029646615
1.3275,B,mrac.roll.theta_4,0.11158559
1.3275,B,mrac.roll.theta_5,0.12032261
1.3275,B,mrac.roll.u_nom,0.11540231
1.3275,B,mrac.roll.xm,0.011404355
1.3275,B,mrac.yaw.theta_0,2.3543935e-15
1.3275,B,mrac.yaw.theta_1,0.0014465447
1.3275,B,mrac.yaw.theta_2,0.0021333511
1.3275,B,mrac.yaw.theta_3,0
1.3275,B,mrac.yaw.theta_4,0.073681705
1.3275,B,mrac.yaw.theta_5,0.088147469
1.3275,B,mrac.yaw.u_nom,-0.026335973
1.3275,B,mrac.yaw.xm,-0.11706336
1.3275,B,mrac.z.theta_0,5.234436e-05
1.3275,B,mrac.z.theta_1,0.011412709
1.3275,B,mrac.z.theta_2,0.0030488102
1.3275,B,mrac.z.theta_3,0
1.3275,B,mrac.z.theta_4,0.19897491
1.3275,B,mrac.z.theta_5,0.19607767
1.3275,B,mrac.z.u_nom,-0.14710675
1.3275,B,mrac.z.xm,-0.053363018
1.3275,B,path.active_path_mode,1
1.3275,B,path.circle_theta,0
1.3275,B,path.sinusoid_t_elapsed,30.002968
1.3275,B,path.twc_arrived,0
1.3275,B,path.twc_target_x,-3.680094
1.3275,B,path.twc_target_y,-11.462023
1.3275,B,path.twc_target_z,0.5
1.3275,B,pid.gyrox.Des,0.65342116
1.3275,B,pid.gyrox.FB,-10.933958
1.3275,B,pid.gyrox.U,135.02071
1.3275,B,pid.gyroy.Des,-5.2279997
1.3275,B,pid.gyroy.FB,5.5451469
1.3275,B,pid.gyroy.U,-128.85675
1.3275,B,pid.gyroz.Des,-6.7072334
1.3275,B,pid.gyroz.FB,-0.80625588
1.3275,B,pid.gyroz.U,-49.300941
1.3275,B,pid.locx.Des,-3.680094
1.3275,B,pid.locx.FB,-10.816289
1.3275,B,pid.locx.U,7.9067178
1.3275,B,pid.locxs.Des,7.9067178
1.3275,B,pid.locxs.FB,-5.9720526
1.3275,B,pid.locxs.U,41.878563
1.3275,B,pid.locy.Des,-11.462023
1.3275,B,pid.locy.FB,-4.4795718
1.3275,B,pid.locy.U,-7.7487206
1.3275,B,pid.locys.Des,-7.7487206
1.3275,B,pid.locys.FB,2.0819666
1.3275,B,pid.locys.U,-29.673204
1.3275,B,pid.pitch.Des,-1.697876
1.3275,B,pid.pitch.FB,-0.0026051074
1.3275,B,pid.pitch.U,-5.2279997
1.3275,B,pid.roll.Des,-2.4687548
1.3275,B,pid.roll.FB,-2.5116446
1.3275,B,pid.roll.U,0.65342116
1.3275,B,pid.yaw.Des,0
1.3275,B,pid.yaw.FB,0.78453892
1.3275,B,pid.yaw.U,-6.7072334
1.3275,B,pid.z_pos.Des,0.2499999
1.3275,B,pid.z_pos.FB,0.11988472
1.3275,B,pid.z_pos.U,-0.053363018
1.3275,B,pid.z_rate.Des,-0.053363018
1.3275,B,pid.z_rate.FB,0.00061191828
1.3275,B,pid.z_rate.U,-32.6577
1.5442,A,mrac.pitch.e,0.25858963
1.5442,A,mrac.pitch.u_ad,-0.032082032
1.5442,A,mrac.roll.e,0.040054385
1.5442,A,mrac.roll.u_ad,0.023815641
1.5442,A,mrac.yaw.e,0.18162899
1.5442,A,mrac.yaw.u_ad,-0.013884571
1.5442,A,mrac.z.e,0.23383304
1.5442,A,mrac.z.u_ad,-0.10210834
1.5442,A,status.arm,1
1.5442,A,status.flymode,1
1.5442,A,status.rc_authority,0
1.5442,A,status.sbus_lost,0
1.5442,A,status.twc_arrived,0
1.5442,A,status.twc_execute,1
1.5442,B,mrac.pitch.theta_0,0.0043911627
1.5442,B,mrac.pitch.theta_1,0.00042822323
1.5442,B,mrac.pitch.theta_2,0.0073667183
1.5442,B,mrac.pitch.theta_3,0.0050718505
1.5442,B,mrac.pitch.theta_4,0.1739331
1.5442,B,mrac.pitch.theta_5,0.1403601
1.5442,B,mrac.pitch.u_nom,-0.11013398
1.5442,B,mrac.pitch.xm,-0.091245845
1.5442,B,mrac.roll.theta_0,0.033023376
1.5442,B,mrac.roll.theta_1,5.7256904e-05
1.5442,B,mrac.roll.theta_2,0.002980341
1.5442,B,mrac.roll.theta_3,0.0029646615
1.5442,B,mrac.roll.theta_4,0.11158559
1.5442,B,mrac.roll.theta_5,0.12032261
1.5442,B,mrac.roll.u_nom,0.11540231
1.5442,B,mrac.roll.xm,0.011404355
1.5442,B,mrac.yaw.theta_0,2.3543935e-15
1.5442,B,mrac.yaw.theta_1,0.0014465447
1.5442,B,mrac.yaw.theta_2,0.0021333511
1.5442,B,mrac.yaw.theta_3,0
1.5442,B,mrac.yaw.theta_4,0.073681705
1.5442,B,mrac.yaw.theta_5,0.088147469
1.5442,B,mrac.yaw.u_nom,-0.026335973
1.5442,B,mrac.yaw.xm,-0.11706336
1.5442,B,mrac.z.theta_0,5.234436e-05
1.5442,B,mrac.z.theta_1,0.011412709
1.5442,B,mrac.z.theta_2,0.0030488102
1.5442,B,mrac.z.theta_3,0
1.5442,B,mrac.z.theta_4,0.19897491
1.5442,B,mrac.z.theta_5,0.19607767
1.5442,B,mrac.z.u_nom,-0.14710675
1.5442,B,mrac.z.xm,-0.053363018
1.5442,B,path.active_path_mode,1
1.5442,B,path.circle_theta,0
1.5442,B,path.sinusoid_t_elapsed,30.002968
1.5442,B,path.twc_arrived,0
1.5442,B,path.twc_target_x,-3.680094
1.5442,B,path.twc_target_y,-11.462023
1.5442,B,path.twc_target_z,0.5
1.5442,B,pid.gyrox.Des,0.65342116
1.5442,B,pid.gyrox.FB,-10.933958
1.5442,B,pid.gyrox.U,135.02071
1.5442,B,pid.gyroy.Des,-5.2279997
1.5442,B,pid.gyroy.FB,5.5451469
1.5442,B,pid.gyroy.U,-128.85675
1.5442,B,pid.gyroz.Des,-6.7072334
1.5442,B,pid.gyroz.FB,-0.80625588
1.5442,B,pid.gyroz.U,-49.300941
1.5442,B,pid.locx.Des,-3.680094
1.5442,B,pid.locx.FB,-10.816289
1.5442,B,pid.locx.U,7.9067178
1.5442,B,pid.locxs.Des,7.9067178
1.5442,B,pid.locxs.FB,-5.9720526
1.5442,B,pid.locxs.U,41.878563
1.5442,B,pid.locy.Des,-11.462023
1.5442,B,pid.locy.FB,-4.4795718
1.5442,B,pid.locy.U,-7.7487206
1.5442,B,pid.locys.Des,-7.7487206
1.5442,B,pid.locys.FB,2.0819666
1.5442,B,pid.locys.U,-29.673204
1.5442,B,pid.pitch.Des,-1.697876
1.5442,B,pid.pitch.FB,-0.0026051074
1.5442,B,pid.pitch.U,-5.2279997
1.5442,B,pid.roll.Des,-2.4687548
1.5442,B,pid.roll.FB,-2.5116446
1.5442,B,pid.roll.U,0.65342116
1.5442,B,pid.yaw.Des,0
1.5442,B,pid.yaw.FB,0.78453892
1.5442,B,pid.yaw.U,-6.7072334
1.5442,B,pid.z_pos.Des,0.2499999
1.5442,B,pid.z_pos.FB,0.11988472
1.5442,B,pid.z_pos.U,-0.053363018
1.5442,B,pid.z_rate.Des,-0.053363018
1.5442,B,pid.z_rate.FB,0.00061191828
1.5442,B,pid.z_rate.U,-32.6577
1.7603,A,mrac.pitch.e,0.25858963
1.7603,A,mrac.pitch.u_ad,-0.032082032
1.7603,A,mrac.roll.e,0.040054385
1.7603,A,mrac.roll.u_ad,0.023815641
1.7603,A,mrac.yaw.e,0.18162899
1.7603,A,mrac.yaw.u_ad,-0.013884571
1.7603,A,mrac.z.e,0.23383304
1.7603,A,mrac.z.u_ad,-0.10210834
1.7603,A,status.arm,1
1.7603,A,status.flymode,1
1.7603,A,status.rc_authority,0
1.7603,A,status.sbus_lost,0
1.7603,A,status.twc_arrived,0
1.7603,A,status.twc_execute,1
1.7603,B,mrac.pitch.theta_0,0.0043911627
1.7603,B,mrac.pitch.theta_1,0.00042822323
1.7603,B,mrac.pitch.theta_2,0.0073667183
1.7603,B,mrac.pitch.theta_3,0.0050718505
1.7603,B,mrac.pitch.theta_4,0.1739331
1.7603,B,mrac.pitch.theta_5,0.1403601
1.7603,B,mrac.pitch.u_nom,-0.11013398
1.7603,B,mrac.pitch.xm,-0.091245845
1.7603,B,mrac.roll.theta_0,0.033023376
1.7603,B,mrac.roll.theta_1,5.7256904e-05
1.7603,B,mrac.roll.theta_2,0.002980341
1.7603,B,mrac.roll.theta_3,0.0029646615
1.7603,B,mrac.roll.theta_4,0.11158559
1.7603,B,mrac.roll.theta_5,0.12032261
1.7603,B,mrac.roll.u_nom,0.11540231
1.7603,B,mrac.roll.xm,0.011404355
1.7603,B,mrac.yaw.theta_0,2.3543935e-15
1.7603,B,mrac.yaw.theta_1,0.0014465447
1.7603,B,mrac.yaw.theta_2,0.0021333511
1.7603,B,mrac.yaw.theta_3,0
1.7603,B,mrac.yaw.theta_4,0.073681705
1.7603,B,mrac.yaw.theta_5,0.088147469
1.7603,B,mrac.yaw.u_nom,-0.026335973
1.7603,B,mrac.yaw.xm,-0.11706336
1.7603,B,mrac.z.theta_0,5.234436e-05
1.7603,B,mrac.z.theta_1,0.011412709
1.7603,B,mrac.z.theta_2,0.0030488102
1.7603,B,mrac.z.theta_3,0
1.7603,B,mrac.z.theta_4,0.19897491
1.7603,B,mrac.z.theta_5,0.19607767
1.7603,B,mrac.z.u_nom,-0.14710675
1.7603,B,mrac.z.xm,-0.053363018
1.7603,B,path.active_path_mode,1
1.7603,B,path.circle_theta,0
1.7603,B,path.sinusoid_t_elapsed,30.002968
1.7603,B,path.twc_arrived,0
1.7603,B,path.twc_target_x,-3.680094
1.7603,B,path.twc_target_y,-11.462023
1.7603,B,path.twc_target_z,0.5
1.7603,B,pid.gyrox.Des,0.65342116
1.7603,B,pid.gyrox.FB,-10.933958
1.7603,B,pid.gyrox.U,135.02071
1.7603,B,pid.gyroy.Des,-5.2279997
1.7603,B,pid.gyroy.FB,5.5451469
1.7603,B,pid.gyroy.U,-128.85675
1.7603,B,pid.gyroz.Des,-6.7072334
1.7603,B,pid.gyroz.FB,-0.80625588
1.7603,B,pid.gyroz.U,-49.300941
1.7603,B,pid.locx.Des,-3.680094
1.7603,B,pid.locx.FB,-10.816289
1.7603,B,pid.locx.U,7.9067178
1.7603,B,pid.locxs.Des,7.9067178
1.7603,B,pid.locxs.FB,-5.9720526
1.7603,B,pid.locxs.U,41.878563
1.7603,B,pid.locy.Des,-11.462023
1.7603,B,pid.locy.FB,-4.4795718
1.7603,B,pid.locy.U,-7.7487206
1.7603,B,pid.locys.Des,-7.7487206
1.7603,B,pid.locys.FB,2.0819666
1.7603,B,pid.locys.U,-29.673204
1.7603,B,pid.pitch.Des,-1.697876
1.7603,B,pid.pitch.FB,-0.0026051074
1.7603,B,pid.pitch.U,-5.2279997
1.7603,B,pid.roll.Des,-2.4687548
1.7603,B,pid.roll.FB,-2.5116446
1.7603,B,pid.roll.U,0.65342116
1.7603,B,pid.yaw.Des,0
1.7603,B,pid.yaw.FB,0.78453892
1.7603,B,pid.yaw.U,-6.7072334
1.7603,B,pid.z_pos.Des,0.2499999
1.7603,B,pid.z_pos.FB,0.11988472
1.7603,B,pid.z_pos.U,-0.053363018
1.7603,B,pid.z_rate.Des,-0.053363018
1.7603,B,pid.z_rate.FB,0.00061191828
1.7603,B,pid.z_rate.U,-32.6577
1.9601,A,mrac.pitch.e,0.25858963
1.9601,A,mrac.pitch.u_ad,-0.032082032
1.9601,A,mrac.roll.e,0.040054385
1.9601,A,mrac.roll.u_ad,0.023815641
1.9601,A,mrac.yaw.e,0.18162899
1.9601,A,mrac.yaw.u_ad,-0.013884571
1.9601,A,mrac.z.e,0.23383304
1.9601,A,mrac.z.u_ad,-0.10210834
1.9601,A,status.arm,1
1.9601,A,status.flymode,1
1.9601,A,status.rc_authority,0
1.9601,A,status.sbus_lost,0
1.9601,A,status.twc_arrived,0
1.9601,A,status.twc_execute,1
1.9602,B,mrac.pitch.theta_0,0.0043911627
1.9602,B,mrac.pitch.theta_1,0.00042822323
1.9602,B,mrac.pitch.theta_2,0.0073667183
1.9602,B,mrac.pitch.theta_3,0.0050718505
1.9602,B,mrac.pitch.theta_4,0.1739331
1.9602,B,mrac.pitch.theta_5,0.1403601
1.9602,B,mrac.pitch.u_nom,-0.11013398
1.9602,B,mrac.pitch.xm,-0.091245845
1.9602,B,mrac.roll.theta_0,0.033023376
1.9602,B,mrac.roll.theta_1,5.7256904e-05
1.9602,B,mrac.roll.theta_2,0.002980341
1.9602,B,mrac.roll.theta_3,0.0029646615
1.9602,B,mrac.roll.theta_4,0.11158559
1.9602,B,mrac.roll.theta_5,0.12032261
1.9602,B,mrac.roll.u_nom,0.11540231
1.9602,B,mrac.roll.xm,0.011404355
1.9602,B,mrac.yaw.theta_0,2.3543935e-15
1.9602,B,mrac.yaw.theta_1,0.0014465447
1.9602,B,mrac.yaw.theta_2,0.0021333511
1.9602,B,mrac.yaw.theta_3,0
1.9602,B,mrac.yaw.theta_4,0.073681705
1.9602,B,mrac.yaw.theta_5,0.088147469
1.9602,B,mrac.yaw.u_nom,-0.026335973
1.9602,B,mrac.yaw.xm,-0.11706336
1.9602,B,mrac.z.theta_0,5.234436e-05
1.9602,B,mrac.z.theta_1,0.011412709
1.9602,B,mrac.z.theta_2,0.0030488102
1.9602,B,mrac.z.theta_3,0
1.9602,B,mrac.z.theta_4,0.19897491
1.9602,B,mrac.z.theta_5,0.19607767
1.9602,B,mrac.z.u_nom,-0.14710675
1.9602,B,mrac.z.xm,-0.053363018
1.9602,B,path.active_path_mode,1
1.9602,B,path.circle_theta,0
1.9602,B,path.sinusoid_t_elapsed,30.002968
1.9602,B,path.twc_arrived,0
1.9602,B,path.twc_target_x,-3.680094
1.9602,B,path.twc_target_y,-11.462023
1.9602,B,path.twc_target_z,0.5
1.9602,B,pid.gyrox.Des,0.65342116
1.9602,B,pid.gyrox.FB,-10.933958
1.9602,B,pid.gyrox.U,135.02071
1.9602,B,pid.gyroy.Des,-5.2279997
1.9602,B,pid.gyroy.FB,5.5451469
1.9602,B,pid.gyroy.U,-128.85675
1.9602,B,pid.gyroz.Des,-6.7072334
1.9602,B,pid.gyroz.FB,-0.80625588
1.9602,B,pid.gyroz.U,-49.300941
1.9602,B,pid.locx.Des,-3.680094
1.9602,B,pid.locx.FB,-10.816289
1.9602,B,pid.locx.U,7.9067178
1.9602,B,pid.locxs.Des,7.9067178
1.9602,B,pid.locxs.FB,-5.9720526
1.9602,B,pid.locxs.U,41.878563
1.9602,B,pid.locy.Des,-11.462023
1.9602,B,pid.locy.FB,-4.4795718
1.9602,B,pid.locy.U,-7.7487206
1.9602,B,pid.locys.Des,-7.7487206
1.9602,B,pid.locys.FB,2.0819666
1.9602,B,pid.locys.U,-29.673204
1.9602,B,pid.pitch.Des,-1.697876
1.9602,B,pid.pitch.FB,-0.0026051074
1.9602,B,pid.pitch.U,-5.2279997
1.9602,B,pid.roll.Des,-2.4687548
1.9602,B,pid.roll.FB,-2.5116446
1.9602,B,pid.roll.U,0.65342116
1.9602,B,pid.yaw.Des,0
1.9602,B,pid.yaw.FB,0.78453892
1.9602,B,pid.yaw.U,-6.7072334
1.9602,B,pid.z_pos.Des,0.2499999
1.9602,B,pid.z_pos.FB,0.11988472
1.9602,B,pid.z_pos.U,-0.053363018
1.9602,B,pid.z_rate.Des,-0.053363018
1.9602,B,pid.z_rate.FB,0.00061191828
1.9602,B,pid.z_rate.U,-32.6577
2.1603,A,mrac.pitch.e,0.23986733
2.1603,A,mrac.pitch.u_ad,-0.035428599
2.1603,A,mrac.roll.e,0.020445945
2.1603,A,mrac.roll.u_ad,0.038408659
2.1603,A,mrac.yaw.e,0.02667515
2.1603,A,mrac.yaw.u_ad,-0.010495993
2.1603,A,mrac.z.e,0.045334514
2.1603,A,mrac.z.u_ad,-0.025406625
2.1603,A,status.arm,1
2.1603,A,status.flymode,1
2.1603,A,status.rc_authority,0
2.1603,A,status.sbus_lost,0
2.1603,A,status.twc_arrived,0
2.1603,A,status.twc_execute,1
2.1604,B,mrac.pitch.theta_0,0.0030813327
2.1604,B,mrac.pitch.theta_1,0.00041076116
2.1604,B,mrac.pitch.theta_2,0.0073101735
2.1604,B,mrac.pitch.theta_3,0.0050719394
2.1604,B,mrac.pitch.theta_4,0.17430827
2.1604,B,mrac.pitch.theta_5,0.14044107
2.1604,B,mrac.pitch.u_nom,-0.15318958
2.1604,B,mrac.pitch.xm,-0.090122685
2.1604,B,mrac.roll.theta_0,0.039454892
2.1604,B,mrac.roll.theta_1,5.4246528e-05
2.1604,B,mrac.roll.theta_2,0.0029875322
2.1604,B,mrac.roll.theta_3,0.0029659963
2.1604,B,mrac.roll.theta_4,0.11187886
2.1604,B,mrac.roll.theta_5,0.12027882
2.1604,B,mrac.roll.u_nom,-0.043183077
2.1604,B,mrac.roll.xm,0.00058201328
2.1604,B,mrac.yaw.theta_0,1.2081335e-17
2.1604,B,mrac.yaw.theta_1,0.0014786579
2.1604,B,mrac.yaw.theta_2,0.0021268777
2.1604,B,mrac.yaw.theta_3,0
2.1604,B,mrac.yaw.theta_4,0.073928803
2.1604,B,mrac.yaw.theta_5,0.088165238
2.1604,B,mrac.yaw.u_nom,-0.03114902
2.1604,B,mrac.yaw.xm,-0.11677296
2.1604,B,mrac.z.theta_0,1.9040452e-05
2.1604,B,mrac.z.theta_1,0.0055037811
2.1604,B,mrac.z.theta_2,0.0027588662
2.1604,B,mrac.z.theta_3,0
2.1604,B,mrac.z.theta_4,0.19900222
2.1604,B,mrac.z.theta_5,0.19494523
2.1604,B,mrac.z.u_nom,-0.25466499
2.1604,B,mrac.z.xm,0.010111326
2.1604,B,path.active_path_mode,1
2.1604,B,path.circle_theta,0
2.1604,B,path.sinusoid_t_elapsed,30.002968
2.1604,B,path.twc_arrived,0
2.1604,B,path.twc_target_x,-3.680094
2.1604,B,path.twc_target_y,-11.462023
2.1604,B,path.twc_target_z,0.5
2.1604,B,pid.gyrox.Des,0.033346891
2.1604,B,pid.gyrox.FB,3.2481463
2.1604,B,pid.gyrox.U,-50.5242
2.1604,B,pid.gyroy.Des,-5.1636472
2.1604,B,pid.gyroy.FB,9.189106
2.1604,B,pid.gyroy.U,-179.23181
2.1604,B,pid.gyroz.Des,-6.6905951
2.1604,B,pid.gyroz.FB,0.3565509
2.1604,B,pid.gyroz.U,-58.310966
2.1604,B,pid.locx.Des,-3.680094
2.1604,B,pid.locx.FB,-12.833811
2.1604,B,pid.locx.U,9.3220186
2.1604,B,pid.locxs.Des,9.3220186
2.1604,B,pid.locxs.FB,-1.9998138
2.1604,B,pid.locxs.U,33.964233
2.1604,B,pid.locy.Des,-11.462023
2.1604,B,pid.locy.FB,0.71800989
2.1604,B,pid.locy.U,-11.816021
2.1604,B,pid.locys.Des,-11.816021
2.1604,B,pid.locys.FB,0.02728791
2.1604,B,pid.locys.U,-35.6264
2.1604,B,pid.pitch.Des,-2.0520072
2.1604,B,pid.pitch.FB,-0.3375212
2.1604,B,pid.pitch.U,-5.1636472
2.1604,B,pid.roll.Des,-2.0117292
2.1604,B,pid.roll.FB,-2.0663197
2.1604,B,pid.roll.U,0.033346891
2.1604,B,pid.yaw.Des,0
2.1604,B,pid.yaw.FB,0.78176588
2.1604,B,pid.yaw.U,-6.6905951
2.1604,B,pid.z_pos.Des,0.5
2.1604,B,pid.z_pos.FB,0.43970627
2.1604,B,pid.z_pos.U,0.010111326
2.1604,B,pid.z_rate.Des,0.010111326
2.1604,B,pid.z_rate.FB,0.1188254
2.1604,B,pid.z_rate.U,-56.535629
2.3607,A,mrac.pitch.e,0.094145209
2.3607,A,mrac.pitch.u_ad,-0.015738465
2.3607,A,mrac.roll.e,0.039288338
2.3607,A,mrac.roll.u_ad,0.034106884
2.3607,A,mrac.yaw.e,0.11519264
2.3607,A,mrac.yaw.u_ad,-0.013721869
2.3607,A,mrac.z.e,0.028420454
2.3607,A,mrac.z.u_ad,-0.019734295
2.3607,A,status.arm,1
2.3607,A,status.flymode,1
2.3607,A,status.rc_authority,0
2.3607,A,status.sbus_lost,0
2.3607,A,status.twc_arrived,0
2.3607,A,status.twc_execute,1
2.3608,B,mrac.pitch.theta_0,0.0034306063
2.3608,B,mrac.pitch.theta_1,0.00041141835
2.3608,B,mrac.pitch.theta_2,0.0073070279
2.3608,B,mrac.pitch.theta_3,0.0050723297
2.3608,B,mrac.pitch.theta_4,0.17434727
2.3608,B,mrac.pitch.theta_5,0.14044513
2.3608,B,mrac.pitch.u_nom,0.074933402
2.3608,B,mrac.pitch.xm,-0.089939073
2.3608,B,mrac.roll.theta_0,0.038257681
2.3608,B,mrac.roll.theta_1,5.369608e-05
2.3608,B,mrac.roll.theta_2,0.0029875527
2.3608,B,mrac.roll.theta_3,0.0029662531
2.3608,B,mrac.roll.theta_4,0.11191889
2.3608,B,mrac.roll.theta_5,0.12027387
2.3608,B,mrac.roll.u_nom,-0.065127909
2.3608,B,mrac.roll.xm,0.010298848
2.3608,B,mrac.yaw.theta_0,6.8448679e-18
2.3608,B,mrac.yaw.theta_1,0.0014749799
2.3608,B,mrac.yaw.theta_2,0.0021260947
2.3608,B,mrac.yaw.theta_3,0
2.3608,B,mrac.yaw.theta_4,0.073955499
2.3608,B,mrac.yaw.theta_5,0.088165835
2.3608,B,mrac.yaw.u_nom,-0.047036216
2.3608,B,mrac.yaw.xm,-0.12515086
2.3608,B,mrac.z.theta_0,1.853848e-05
2.3608,B,mrac.z.theta_1,0.0054525086
2.3608,B,mrac.z.theta_2,0.002757208
2.3608,B,mrac.z.theta_3,0
2.3608,B,mrac.z.theta_4,0.1989966
2.3608,B,mrac.z.theta_5,0.19493131
2.3608,B,mrac.z.u_nom,-0.31281656
2.3608,B,mrac.z.xm,0.0081170388
2.3608,B,path.active_path_mode,1
2.3608,B,path.circle_theta,0
2.3608,B,path.sinusoid_t_elapsed,30.002968
2.3608,B,path.twc_arrived,0
2.3608,B,path.twc_target_x,-3.680094
2.3608,B,path.twc_target_y,-11.462023
2.3608,B,path.twc_target_z,0.5
2.3608,B,pid.gyrox.Des,0.59008026
2.3608,B,pid.gyrox.FB,4.2202477
2.3608,B,pid.gyrox.U,-76.199654
2.3608,B,pid.gyroy.Des,-5.1531272
2.3608,B,pid.gyroy.FB,-5.846024
2.3608,B,pid.gyroy.U,87.672081
2.3608,B,pid.gyroz.Des,-7.1706133
2.3608,B,pid.gyroz.FB,3.5798299
2.3608,B,pid.gyroz.U,-88.051796
2.3608,B,pid.locx.Des,-3.680094
2.3608,B,pid.locx.FB,-12.828591
2.3608,B,pid.locx.U,9.3172131
2.3608,B,pid.locxs.Des,9.3172131
2.3608,B,pid.locxs.FB,-0.98484677
2.3608,B,pid.locxs.U,30.901531
2.3608,B,pid.locy.Des,-11.462023
2.3608,B,pid.locy.FB,1.1079748
2.3608,B,pid.locy.U,-12.163987
2.3608,B,pid.locys.Des,-12.163987
2.3608,B,pid.locys.FB,1.014927
2.3608,B,pid.locys.U,-39.682945
2.3608,B,pid.pitch.Des,-2.2885203
2.3608,B,pid.pitch.FB,-0.4951658
2.3608,B,pid.pitch.U,-5.1531272
2.3608,B,pid.roll.Des,-1.8394015
2.3608,B,pid.roll.FB,-1.960005
2.3608,B,pid.roll.U,0.59008026
2.3608,B,pid.yaw.Des,0
2.3608,B,pid.yaw.FB,0.86176884
2.3608,B,pid.yaw.U,-7.1706133
2.3608,B,pid.z_pos.Des,0.5
2.3608,B,pid.z_pos.FB,0.44971991
2.3608,B,pid.z_pos.U,0.0081170388
2.3608,B,pid.z_rate.Des,0.0081170388
2.3608,B,pid.z_rate.FB,0.14916173
2.3608,B,pid.z_rate.U,-69.445274
2.5616,A,mrac.pitch.e,-0.049061097
2.5616,A,mrac.pitch.u_ad,-0.0019363314
2.5616,A,mrac.roll.e,-0.094975621
2.5616,A,mrac.roll.u_ad,0.048487518
2.5616,A,mrac.yaw.e,0.14118458
2.5616,A,mrac.yaw.u_ad,-0.014944839
2.5616,A,mrac.z.e,0.089806184
2.5616,A,mrac.z.u_ad,-0.043606818
2.5616,A,status.arm,1
2.5616,A,status.flymode,1
2.5616,A,status.rc_authority,0
2.5616,A,status.sbus_lost,0
2.5616,A,status.twc_arrived,0
2.5616,A,status.twc_execute,1
2.5616,B,mrac.pitch.theta_0,0.0020683485
2.5616,B,mrac.pitch.theta_1,0.00041055476
2.5616,B,mrac.pitch.theta_2,0.007300409
2.5616,B,mrac.pitch.theta_3,0.0050729522
2.5616,B,mrac.pitch.theta_4,0.17438722
2.5616,B,mrac.pitch.theta_5,0.14046353
2.5616,B,mrac.pitch.u_nom,0.0019129338
2.5616,B,mrac.pitch.xm,-0.11049888
2.5616,B,mrac.roll.theta_0,0.04111021
2.5616,B,mrac.roll.theta_1,5.3390886e-05
2.5616,B,mrac.roll.theta_2,0.0029885184
2.5616,B,mrac.roll.theta_3,0.0029666547
2.5616,B,mrac.roll.theta_4,0.11193784
2.5616,B,mrac.roll.theta_5,0.12026948
2.5616,B,mrac.roll.u_nom,-0.0093259169
2.5616,B,mrac.roll.xm,0.016058231
2.5616,B,mrac.yaw.theta_0,3.3912453e-18
2.5616,B,mrac.yaw.theta_1,0.0014704335
2.5616,B,mrac.yaw.theta_2,0.0021248769
2.5616,B,mrac.yaw.theta_3,0
2.5616,B,mrac.yaw.theta_4,0.073996343
2.5616,B,mrac.yaw.theta_5,0.088170305
2.5616,B,mrac.yaw.u_nom,-0.041187271
2.5616,B,mrac.yaw.xm,-0.14321113
2.5616,B,mrac.z.theta_0,1.7505305e-05
2.5616,B,mrac.z.theta_1,0.0053511146
2.5616,B,mrac.z.theta_2,0.0027540273
2.5616,B,mrac.z.theta_3,0
2.5616,B,mrac.z.theta_4,0.19898371
2.5616,B,mrac.z.theta_5,0.19490503
2.5616,B,mrac.z.u_nom,-0.12452516
2.5616,B,mrac.z.xm,0.0049573621
2.5616,B,path.active_path_mode,1
2.5616,B,path.circle_theta,0
2.5616,B,path.sinusoid_t_elapsed,30.002968
2.5616,B,path.twc_arrived,0
2.5616,B,path.twc_target_x,-3.680094
2.5616,B,path.twc_target_y,-11.462023
2.5616,B,path.twc_target_z,0.5
2.5616,B,pid.gyrox.Des,0.9200685
2.5616,B,pid.gyrox.FB,-1.2684571
2.5616,B,pid.gyrox.U,-10.911323
2.5616,B,pid.gyroy.Des,-6.3311167
2.5616,B,pid.gyroy.FB,-3.6224003
2.5616,B,pid.gyroy.U,2.2381325
2.5616,B,pid.gyroz.Des,-8.20539
2.5616,B,pid.gyroz.FB,1.1840115
2.5616,B,pid.gyroz.U,-77.10257
2.5616,B,pid.locx.Des,-3.680094
2.5616,B,pid.locx.FB,-12.820314
2.5616,B,pid.locx.U,9.3100252
2.5616,B,pid.locxs.Des,9.3100252
2.5616,B,pid.locxs.FB,-0.98178732
2.5616,B,pid.locxs.U,30.871336
2.5616,B,pid.locy.Des,-11.462023
2.5616,B,pid.locy.FB,1.6029054
2.5616,B,pid.locy.U,-12.571922
2.5616,B,pid.locys.Des,-12.571922
2.5616,B,pid.locys.FB,1.0178869
2.5616,B,pid.locys.U,-40.914696
2.5616,B,pid.pitch.Des,-2.3546922
2.5616,B,pid.pitch.FB,-0.22407994
2.5616,B,pid.pitch.U,-6.3311167
2.5616,B,pid.roll.Des,-1.8458729
2.5616,B,pid.roll.FB,-2.041589
2.5616,B,pid.roll.U,0.9200685
2.5616,B,pid.yaw.Des,0
2.5616,B,pid.yaw.FB,1.0342317
2.5616,B,pid.yaw.U,-8.20539
2.5616,B,pid.z_pos.Des,0.5
2.5616,B,pid.z_pos.FB,0.45970446
2.5616,B,pid.z_pos.U,0.0049573621
2.5616,B,pid.z_rate.Des,0.0049573621
2.5616,B,pid.z_rate.FB,0.041443825
2.5616,B,pid.z_rate.U,-27.644585
2.7780,A,mrac.pitch.e,0.15555014
2.7780,A,mrac.pitch.u_ad,-0.025278457
2.7780,A,mrac.roll.e,0.048045494
2.7780,A,mrac.roll.u_ad,0.041347291
2.7780,A,mrac.yaw.e,0.13121997
2.7780,A,mrac.yaw.u_ad,-0.014783791
2.7780,A,mrac.z.e,0.16339239
2.7780,A,mrac.z.u_ad,-0.075035505
2.7780,A,status.arm,1
2.7780,A,status.flymode,1
2.7780,A,status.rc_authority,0
2.7780,A,status.sbus_lost,0
2.7780,A,status.twc_arrived,0
2.7780,A,status.twc_execute,1
2.7781,B,mrac.pitch.theta_0,0.0017498106
2.7781,B,mrac.pitch.theta_1,0.00041626836
2.7781,B,mrac.pitch.theta_2,0.0072919028
2.7781,B,mrac.pitch.theta_3,0.0050727818
2.7781,B,mrac.pitch.theta_4,0.17444459
2.7781,B,mrac.pitch.theta_5,0.14047985
2.7781,B,mrac.pitch.u_nom,-0.0086937901
2.7781,B,mrac.pitch.xm,-0.10572091
2.7781,B,mrac.roll.theta_0,0.040005252
2.7781,B,mrac.roll.theta_1,5.2697105e-05
2.7781,B,mrac.roll.theta_2,0.0029880418
2.7781,B,mrac.roll.theta_3,0.0029666335
2.7781,B,mrac.roll.theta_4,0.11197788
2.7781,B,mrac.roll.theta_5,0.12026548
2.7781,B,mrac.roll.u_nom,-0.031666365
2.7781,B,mrac.roll.xm,0.0025376107
2.7781,B,mrac.yaw.theta_0,1.2493471e-18
2.7781,B,mrac.yaw.theta_1,0.0014789188
2.7781,B,mrac.yaw.theta_2,0.0021237112
2.7781,B,mrac.yaw.theta_3,0
2.7781,B,mrac.yaw.theta_4,0.074049376
2.7781,B,mrac.yaw.theta_5,0.088177323
2.7781,B,mrac.yaw.u_nom,-0.035229828
2.7781,B,mrac.yaw.xm,-0.14529471
2.7781,B,mrac.z.theta_0,1.4760636e-05
2.7781,B,mrac.z.theta_1,0.0049780929
2.7781,B,mrac.z.theta_2,0.0027387352
2.7781,B,mrac.z.theta_3,0
2.7781,B,mrac.z.theta_4,0.19897333
2.7781,B,mrac.z.theta_5,0.19486718
2.7781,B,mrac.z.u_nom,-0.37382695
2.7781,B,mrac.z.xm,-0.020933375
2.7781,B,path.active_path_mode,1
2.7781,B,path.circle_theta,0
2.7781,B,path.sinusoid_t_elapsed,30.002968
2.7781,B,path.twc_arrived,0
2.7781,B,path.twc_target_x,-3.680094
2.7781,B,path.twc_target_y,-11.462023
2.7781,B,path.twc_target_z,0.5
2.7781,B,pid.gyrox.Des,0.14539433
2.7781,B,pid.gyrox.FB,-0.39666727
2.7781,B,pid.gyrox.U,-37.049644
2.7781,B,pid.gyroy.Des,-6.0573597
2.7781,B,pid.gyroy.FB,-5.4631205
2.7781,B,pid.gyroy.U,-10.171734
2.7781,B,pid.gyroz.Des,-8.32477
2.7781,B,pid.gyroz.FB,-0.31873551
2.7781,B,pid.gyroz.U,-65.950241
2.7781,B,pid.locx.Des,-3.680094
2.7781,B,pid.locx.FB,-12.666836
2.7781,B,pid.locx.U,9.1872044
2.7781,B,pid.locxs.Des,9.1872044
2.7781,B,pid.locxs.FB,-0.98143381
2.7781,B,pid.locxs.U,30.500256
2.7781,B,pid.locy.Des,-11.462023
2.7781,B,pid.locy.FB,2.3502865
2.7781,B,pid.locy.U,-13.169827
2.7781,B,pid.locys.Des,-13.169827
2.7781,B,pid.locys.FB,1.0182277
2.7781,B,pid.locys.U,-42.710865
2.7781,B,pid.pitch.Des,-2.4594083
2.7781,B,pid.pitch.FB,-0.27293947
2.7781,B,pid.pitch.U,-6.0573597
2.7781,B,pid.roll.Des,-1.8269579
2.7781,B,pid.roll.FB,-1.8454154
2.7781,B,pid.roll.U,0.14539433
2.7781,B,pid.yaw.Des,0
2.7781,B,pid.yaw.FB,1.0541284
2.7781,B,pid.yaw.U,-8.32477
2.7781,B,pid.z_pos.Des,0.5
2.7781,B,pid.z_pos.FB,0.499735
2.7781,B,pid.z_pos.U,-0.020933375
2.7781,B,pid.z_rate.Des,-0.020933375
2.7781,B,pid.z_rate.FB,0.15391558
2.7781,B,pid.z_rate.U,-82.989586
2.9942,A,mrac.pitch.e,0.17823449
2.9942,A,mrac.pitch.u_ad,-0.03238355
2.9942,A,mrac.roll.e,0.10373738
2.9942,A,mrac.roll.u_ad,0.033984434
2.9942,A,mrac.yaw.e,0.092356086
2.9942,A,mrac.yaw.u_ad,-0.014112288
2.9942,A,mrac.z.e,0.24793611
2.9942,A,mrac.z.u_ad,-0.10822519
2.9942,A,status.arm,1
2.9942,A,status.flymode,1
2.9942,A,status.rc_authority,0
2.9942,A,status.sbus_lost,0
2.9942,A,status.twc_arrived,0
2.9942,A,status.twc_execute,1
2.9942,B,mrac.pitch.theta_0,0.0032630344
2.9942,B,mrac.pitch.theta_1,0.00041408814
2.9942,B,mrac.pitch.theta_2,0.0072887018
2.9942,B,mrac.pitch.theta_3,0.0050726449
2.9942,B,mrac.pitch.theta_4,0.17450388
2.9942,B,mrac.pitch.theta_5,0.14047904
2.9942,B,mrac.pitch.u_nom,0.062158469
2.9942,B,mrac.pitch.xm,-0.089623004
2.9942,B,mrac.roll.theta_0,0.039973859
2.9942,B,mrac.roll.theta_1,5.2253345e-05
2.9942,B,mrac.roll.theta_2,0.0029891981
2.9942,B,mrac.roll.theta_3,0.0029664014
2.9942,B,mrac.roll.theta_4,0.11201911
2.9942,B,mrac.roll.theta_5,0.12026147
2.9942,B,mrac.roll.u_nom,-0.061887138
2.9942,B,mrac.roll.xm,-0.0020185916
2.9942,B,mrac.yaw.theta_0,4.8263145e-19
2.9942,B,mrac.yaw.theta_1,0.0014853302
2.9942,B,mrac.yaw.theta_2,0.0021226867
2.9942,B,mrac.yaw.theta_3,0
2.9942,B,mrac.yaw.theta_4,0.074098997
2.9942,B,mrac.yaw.theta_5,0.088183306
2.9942,B,mrac.yaw.u_nom,-0.036547605
2.9942,B,mrac.yaw.xm,-0.14374761
2.9942,B,mrac.z.theta_0,1.2752173e-05
2.9942,B,mrac.z.theta_1,0.0047415439
2.9942,B,mrac.z.theta_2,0.0027297491
2.9942,B,mrac.z.theta_3,0
2.9942,B,mrac.z.theta_4,0.19895741
2.9942,B,mrac.z.theta_5,0.19483706
2.9942,B,mrac.z.u_nom,-0.21102668
2.9942,B,mrac.z.xm,-0.036460526
2.9942,B,path.active_path_mode,1
2.9942,B,path.circle_theta,0
2.9942,B,path.sinusoid_t_elapsed,30.002968
2.9942,B,path.twc_arrived,0
2.9942,B,path.twc_target_x,-3.680094
2.9942,B,path.twc_target_y,-11.462023
2.9942,B,path.twc_target_z,0.5
2.9942,B,pid.gyrox.Des,-0.11565673
2.9942,B,pid.gyrox.FB,5.5782366
2.9942,B,pid.gyrox.U,-72.407951
2.9942,B,pid.gyroy.Des,-5.1350179
2.9942,B,pid.gyroy.FB,-8.765708
2.9942,B,pid.gyroy.U,72.72541
2.9942,B,pid.gyroz.Des,-8.2361279
2.9942,B,pid.gyroz.FB,0.069770657
2.9942,B,pid.gyroz.U,-68.417114
2.9942,B,pid.locx.Des,-3.680094
2.9942,B,pid.locx.FB,-12.421411
2.9942,B,pid.locx.U,8.9501762
2.9942,B,pid.locxs.Des,8.9501762
2.9942,B,pid.locxs.FB,0.01813915
2.9942,B,pid.locxs.U,26.74605
2.9942,B,pid.locy.Des,-11.462023
2.9942,B,pid.locy.FB,3.2261376
2.9942,B,pid.locy.U,-13.909777
2.9942,B,pid.locys.Des,-13.909777
2.9942,B,pid.locys.FB,0.99983549
2.9942,B,pid.locys.U,-44.920044
2.9942,B,pid.pitch.Des,-2.5928438
2.9942,B,pid.pitch.FB,-0.72607833
2.9942,B,pid.pitch.U,-5.1350179
2.9942,B,pid.roll.Des,-1.6094465
2.9942,B,pid.roll.FB,-1.6550268
2.9942,B,pid.roll.U,-0.11565673
2.9942,B,pid.yaw.Des,0
2.9942,B,pid.yaw.FB,1.0393546
2.9942,B,pid.yaw.U,-8.2361279
2.9942,B,pid.z_pos.Des,0.5
2.9942,B,pid.z_pos.FB,0.51974136
2.9942,B,pid.z_pos.U,-0.036460526
2.9942,B,pid.z_rate.Des,-0.036460526
2.9942,B,pid.z_rate.FB,0.048034281
2.9942,B,pid.z_rate.U,-46.847923
3.2112,A,mrac.pitch.e,-0.076499872
3.2112,A,mrac.pitch.u_ad,0.0071461536
3.2112,A,mrac.roll.e,0.18136021
3.2112,A,mrac.roll.u_ad,0.021979317
3.2112,A,mrac.yaw.e,0.19369134
3.2112,A,mrac.yaw.u_ad,-0.014830763
3.2112,A,mrac.z.e,0.12703924
3.2112,A,mrac.z.u_ad,-0.067403033
3.2112,A,status.arm,1
3.2112,A,status.flymode,1
3.2112,A,status.rc_authority,0
3.2112,A,status.sbus_lost,0
3.2112,A,status.twc_arrived,0
3.2112,A,status.twc_execute,1
3.2113,B,mrac.pitch.theta_0,0.0022531077
3.2113,B,mrac.pitch.theta_1,0.0004062854
3.2113,B,mrac.pitch.theta_2,0.0072806999
3.2113,B,mrac.pitch.theta_3,0.0050729206
3.2113,B,mrac.pitch.theta_4,0.17454703
3.2113,B,mrac.pitch.theta_5,0.14049105
3.2113,B,mrac.pitch.u_nom,0.10000895
3.2113,B,mrac.pitch.xm,-0.098137341
3.2113,B,mrac.roll.theta_0,0.039018519
3.2113,B,mrac.roll.theta_1,5.178768e-05
3.2113,B,mrac.roll.theta_2,0.0029903604
3.2113,B,mrac.roll.theta_3,0.0029666342
3.2113,B,mrac.roll.theta_4,0.11204264
3.2113,B,mrac.roll.theta_5,0.12025581
3.2113,B,mrac.roll.u_nom,-0.11267044
3.2113,B,mrac.roll.xm,0.0051656715
3.2113,B,mrac.yaw.theta_0,2.9871343e-19
3.2113,B,mrac.yaw.theta_1,0.0014949287
3.2113,B,mrac.yaw.theta_2,0.0021222576
3.2113,B,mrac.yaw.theta_3,0
3.2113,B,mrac.yaw.theta_4,0.074118018
3.2113,B,mrac.yaw.theta_5,0.088184312
3.2113,B,mrac.yaw.u_nom,-0.03723352
3.2113,B,mrac.yaw.xm,-0.12191897
3.2113,B,mrac.z.theta_0,1.1653946e-05
3.2113,B,mrac.z.theta_1,0.0046390579
3.2113,B,mrac.z.theta_2,0.0027262219
3.2113,B,mrac.z.theta_3,0
3.2113,B,mrac.z.theta_4,0.19894044
3.2113,B,mrac.z.theta_5,0.19481628
3.2113,B,mrac.z.u_nom,-0.16428027
3.2113,B,mrac.z.xm,-0.045759767
3.2113,B,path.active_path_mode,1
3.2113,B,path.circle_theta,0
3.2113,B,path.sinusoid_t_elapsed,30.002968
3.2113,B,path.twc_arrived,0
3.2113,B,path.twc_target_x,-3.680094
3.2113,B,path.twc_target_y,-11.462023
3.2113,B,path.twc_target_z,0.5
3.2113,B,pid.gyrox.Des,0.29597104
3.2113,B,pid.gyrox.FB,4.6734776
3.2113,B,pid.gyrox.U,-131.82442
3.2113,B,pid.gyroy.Des,-5.6228533
3.2113,B,pid.gyroy.FB,-10.51136
3.2113,B,pid.gyroy.U,117.01048
3.2113,B,pid.gyroz.Des,-6.9854393
3.2113,B,pid.gyroz.FB,1.4818748
3.2113,B,pid.gyroz.U,-69.701149
3.2113,B,pid.locx.Des,-3.680094
3.2113,B,pid.locx.FB,-12.250003
3.2113,B,pid.locx.U,8.8189125
3.2113,B,pid.locxs.Des,8.8189125
3.2113,B,pid.locxs.FB,0
3.2113,B,pid.locxs.U,26.407356
3.2113,B,pid.locy.Des,-11.462023
3.2113,B,pid.locy.FB,3.6234894
3.2113,B,pid.locy.U,-14.139894
3.2113,B,pid.locys.Des,-14.139894
3.2113,B,pid.locys.FB,0
3.2113,B,pid.locys.U,-42.514999
3.2113,B,pid.pitch.Des,-2.4588444
3.2113,B,pid.pitch.FB,-0.59898627
3.2113,B,pid.pitch.U,-5.6228533
3.2113,B,pid.roll.Des,-1.5782357
3.2113,B,pid.roll.FB,-1.6079307
3.2113,B,pid.roll.U,0.29597104
3.2113,B,pid.yaw.Des,0
3.2113,B,pid.yaw.FB,0.83090651
3.2113,B,pid.yaw.U,-6.9854393
3.2113,B,pid.z_pos.Des,0.5
3.2113,B,pid.z_pos.FB,0.52976233
3.2113,B,pid.z_pos.U,-0.045759767
3.2113,B,pid.z_rate.Des,-0.045759767
3.2113,B,pid.z_rate.FB,0.012790779
3.2113,B,pid.z_rate.U,-36.470219
3.4280,A,mrac.pitch.e,0.050470378
3.4280,A,mrac.pitch.u_ad,-0.014256029
3.4280,A,mrac.roll.e,0.069074444
3.4280,A,mrac.roll.u_ad,0.027580485
3.4280,A,mrac.yaw.e,0.15746252
3.4280,A,mrac.yaw.u_ad,-0.014638321
3.4280,A,mrac.z.e,0.071448565
3.4280,A,mrac.z.u_ad,-0.050239205
3.4280,A,status.arm,1
3.4280,A,status.flymode,1
3.4280,A,status.rc_authority,0
3.4280,A,status.sbus_lost,0
3.4280,A,status.twc_arrived,0
3.4280,A,status.twc_execute,1
3.4281,B,mrac.pitch.theta_0,0.0020541782
3.4281,B,mrac.pitch.theta_1,0.00040535055
3.4281,B,mrac.pitch.theta_2,0.0072730989
3.4281,B,mrac.pitch.theta_3,0.0050723287
3.4281,B,mrac.pitch.theta_4,0.1745913
3.4281,B,mrac.pitch.theta_5,0.140498
3.4281,B,mrac.pitch.u_nom,0.028211271
3.4281,B,mrac.pitch.xm,-0.10475381
3.4281,B,mrac.roll.theta_0,0.03999003
3.4281,B,mrac.roll.theta_1,5.0718136e-05
3.4281,B,mrac.roll.theta_2,0.0029925627
3.4281,B,mrac.roll.theta_3,0.0029669725
3.4281,B,mrac.roll.theta_4,0.1120809
3.4281,B,mrac.roll.theta_5,0.12024477
3.4281,B,mrac.roll.u_nom,-0.052630194
3.4281,B,mrac.roll.xm,0.0028517412
3.4281,B,mrac.yaw.theta_0,1.1180605e-19
3.4281,B,mrac.yaw.theta_1,0.0014935262
3.4281,B,mrac.yaw.theta_2,0.0021208629
3.4281,B,mrac.yaw.theta_3,0
3.4281,B,mrac.yaw.theta_4,0.074170232
3.4281,B,mrac.yaw.theta_5,0.088189147
3.4281,B,mrac.yaw.u_nom,-0.045320775
3.4281,B,mrac.yaw.xm,-0.13631873
3.4281,B,mrac.z.theta_0,9.8944829e-06
3.4281,B,mrac.z.theta_1,0.0044487799
3.4281,B,mrac.z.theta_2,0.0027195578
3.4281,B,mrac.z.theta_3,0
3.4281,B,mrac.z.theta_4,0.19892335
3.4281,B,mrac.z.theta_5,0.19479485
3.4281,B,mrac.z.u_nom,-0.20095575
3.4281,B,mrac.z.xm,-0.065315276
3.4281,B,path.active_path_mode,1
3.4281,B,path.circle_theta,0
3.4281,B,path.sinusoid_t_elapsed,30.002968
3.4281,B,path.twc_arrived,0
3.4281,B,path.twc_target_x,-3.680094
3.4281,B,path.twc_target_y,-11.462023
3.4281,B,path.twc_target_z,0.5
3.4281,B,pid.gyrox.Des,0.16339266
3.4281,B,pid.gyrox.FB,7.3897634
3.4281,B,pid.gyrox.U,-61.577328
3.4281,B,pid.gyroy.Des,-6.0019488
3.4281,B,pid.gyroy.FB,-3.278991
3.4281,B,pid.gyroy.U,33.007187
3.4281,B,pid.gyroz.Des,-7.8104849
3.4281,B,pid.gyroz.FB,2.5369489
3.4281,B,pid.gyroz.U,-84.840492
3.4281,B,pid.locx.Des,-3.680094
3.4281,B,pid.locx.FB,-12.071929
3.4281,B,pid.locx.U,8.6762667
3.4281,B,pid.locxs.Des,8.6762667
3.4281,B,pid.locxs.FB,-0.016901197
3.4281,B,pid.locxs.U,25.790167
3.4281,B,pid.locy.Des,-11.462023
3.4281,B,pid.locy.FB,4.1206875
3.4281,B,pid.locy.U,-14.537552
3.4281,B,pid.locys.Des,-14.537552
3.4281,B,pid.locys.FB,-0.99985719
3.4281,B,pid.locys.U,-40.704231
3.4281,B,pid.pitch.Des,-2.3500547
3.4281,B,pid.pitch.FB,-0.45689216
3.4281,B,pid.pitch.U,-6.0019488
3.4281,B,pid.roll.Des,-1.5463566
3.4281,B,pid.roll.FB,-1.6572993
3.4281,B,pid.roll.U,0.16339266
3.4281,B,pid.yaw.Des,0
3.4281,B,pid.yaw.FB,0.96841413
3.4281,B,pid.yaw.U,-7.8104849
3.4281,B,pid.z_pos.Des,0.5
3.4281,B,pid.z_pos.FB,0.54975247
3.4281,B,pid.z_pos.U,-0.065315276
3.4281,B,pid.z_rate.Des,-0.065315276
3.4281,B,pid.z_rate.FB,0.01359016
3.4281,B,pid.z_rate.U,-44.612175
3.6455,A,mrac.pitch.e,0.1064462
3.6455,A,mrac.pitch.u_ad,-0.023252966
3.6455,A,mrac.roll.e,0.031528521
3.6455,A,mrac.roll.u_ad,0.040166415
3.6455,A,mrac.yaw.e,0.046579719
3.6455,A,mrac.yaw.u_ad,-0.010765833
3.6455,A,mrac.z.e,0.071756288
3.6455,A,mrac.z.u_ad,-0.051278803
3.6455,A,status.arm,1
3.6455,A,status.flymode,1
3.6455,A,status.rc_authority,0
3.6455,A,status.sbus_lost,0
3.6455,A,status.twc_arrived,0
3.6455,A,status.twc_execute,1
3.6455,B,mrac.pitch.theta_0,0.0026566868
3.6455,B,mrac.pitch.theta_1,0.00040258333
3.6455,B,mrac.pitch.theta_2,0.0072715306
3.6455,B,mrac.pitch.theta_3,0.0050718458
3.6455,B,mrac.pitch.theta_4,0.1746206
3.6455,B,mrac.pitch.theta_5,0.14049123
3.6455,B,mrac.pitch.u_nom,-0.030213051
3.6455,B,mrac.pitch.xm,-0.073556148
3.6455,B,mrac.roll.theta_0,0.039206874
3.6455,B,mrac.roll.theta_1,4.9995488e-05
3.6455,B,mrac.roll.theta_2,0.0029926926
3.6455,B,mrac.roll.theta_3,0.0029666927
3.6455,B,mrac.roll.theta_4,0.11211148
3.6455,B,mrac.roll.theta_5,0.12023687
3.6455,B,mrac.roll.u_nom,-0.02461181
3.6455,B,mrac.roll.xm,-0.0026517315
3.6455,B,mrac.yaw.theta_0,6.4635686e-20
3.6455,B,mrac.yaw.theta_1,0.0015023156
3.6455,B,mrac.yaw.theta_2,0.0021203994
3.6455,B,mrac.yaw.theta_3,0
3.6455,B,mrac.yaw.theta_4,0.074193239
3.6455,B,mrac.yaw.theta_5,0.088190697
3.6455,B,mrac.yaw.u_nom,-0.043009918
3.6455,B,mrac.yaw.xm,-0.1245817
3.6455,B,mrac.z.theta_0,9.3098215e-06
3.6455,B,mrac.z.theta_1,0.0044446071
3.6455,B,mrac.z.theta_2,0.0027193257
3.6455,B,mrac.z.theta_3,0
3.6455,B,mrac.z.theta_4,0.19889618
3.6455,B,mrac.z.theta_5,0.19477275
3.6455,B,mrac.z.u_nom,-0.18387561
3.6455,B,mrac.z.xm,-0.069529124
3.6455,B,path.active_path_mode,1
3.6455,B,path.circle_theta,0
3.6455,B,path.sinusoid_t_elapsed,30.002968
3.6455,B,path.twc_arrived,0
3.6455,B,path.twc_target_x,-3.680094
3.6455,B,path.twc_target_y,-11.462023
3.6455,B,path.twc_target_z,0.5
3.6455,B,pid.gyrox.Des,-0.15193295
3.6455,B,pid.gyrox.FB,-0.086996727
3.6455,B,pid.gyrox.U,-28.795818
3.6455,B,pid.gyroy.Des,-4.2144551
3.6455,B,pid.gyroy.FB,-1.154449
3.6455,B,pid.gyroy.U,-35.34927
3.6455,B,pid.gyroz.Des,-7.1380029
3.6455,B,pid.gyroz.FB,2.6655967
3.6455,B,pid.gyroz.U,-80.514565
3.6455,B,pid.locx.Des,-3.680094
3.6455,B,pid.locx.FB,-11.985136
3.6455,B,pid.locx.U,8.6440334
3.6455,B,pid.locxs.Des,8.6440334
3.6455,B,pid.locxs.FB,-1.0297788
3.6455,B,pid.locxs.U,29.018755
3.6455,B,pid.locy.Des,-11.462023
3.6455,B,pid.locy.FB,4.2292647
3.6455,B,pid.locy.U,-14.553031
3.6455,B,pid.locys.Des,-14.553031
3.6455,B,pid.locys.FB,-1.9848313
3.6455,B,pid.locys.U,-37.703205
3.6455,B,pid.pitch.Des,-2.175262
3.6455,B,pid.pitch.FB,-0.71493334
3.6455,B,pid.pitch.U,-4.2144551
3.6455,B,pid.roll.Des,-1.7275088
3.6455,B,pid.roll.FB,-1.6790738
3.6455,B,pid.roll.U,-0.15193295
3.6455,B,pid.yaw.Des,0
3.6455,B,pid.yaw.FB,0.85633379
3.6455,B,pid.yaw.U,-7.1380029
3.6455,B,pid.z_pos.Des,0.5
3.6455,B,pid.z_pos.FB,0.54972106
3.6455,B,pid.z_pos.U,-0.069529124
3.6455,B,pid.z_rate.Des,-0.069529124
3.6455,B,pid.z_rate.FB,-0.00010316205
3.6455,B,pid.z_rate.U,-40.820385
3.8614,A,mrac.pitch.e,0.049921565
3.8614,A,mrac.pitch.u_ad,-0.019711142
3.8614,A,mrac.roll.e,0.063114576
3.8614,A,mrac.roll.u_ad,0.031950131
3.8614,A,mrac.yaw.e,0.14580506
3.8614,A,mrac.yaw.u_ad,-0.011602841
3.8614,A,mrac.z.e,0.088561341
3.8614,A,mrac.z.u_ad,-0.059949078
3.8614,A,status.arm,1
3.8614,A,status.flymode,1
3.8614,A,status.rc_authority,0
3.8614,A,status.sbus_lost,0
3.8614,A,status.twc_arrived,0
3.8614,A,status.twc_execute,1
3.8614,B,mrac.pitch.theta_0,0.0022368331
3.8614,B,mrac.pitch.theta_1,0.00038969197
3.8614,B,mrac.pitch.theta_2,0.0072589521
3.8614,B,mrac.pitch.theta_3,0.0050720074
3.8614,B,mrac.pitch.theta_4,0.17467934
3.8614,B,mrac.pitch.theta_5,0.14049454
3.8614,B,mrac.pitch.u_nom,-0.0016169817
3.8614,B,mrac.pitch.xm,-0.096549951
3.8614,B,mrac.roll.theta_0,0.039687779
3.8614,B,mrac.roll.theta_1,5.0670722e-05
3.8614,B,mrac.roll.theta_2,0.0029932393
3.8614,B,mrac.roll.theta_3,0.0029669309
3.8614,B,mrac.roll.theta_4,0.11214391
3.8614,B,mrac.roll.theta_5,0.12022848
3.8614,B,mrac.roll.u_nom,-0.043882679
3.8614,B,mrac.roll.xm,0.011186257
3.8614,B,mrac.yaw.theta_0,3.8775274e-20
3.8614,B,mrac.yaw.theta_1,0.0015064743
3.8614,B,mrac.yaw.theta_2,0.002119675
3.8614,B,mrac.yaw.theta_3,0
3.8614,B,mrac.yaw.theta_4,0.074210197
3.8614,B,mrac.yaw.theta_5,0.088188499
3.8614,B,mrac.yaw.u_nom,-0.030086165
3.8614,B,mrac.yaw.xm,-0.089805573
3.8614,B,mrac.z.theta_0,8.1070093e-06
3.8614,B,mrac.z.theta_1,0.0043517924
3.8614,B,mrac.z.theta_2,0.0027162354
3.8614,B,mrac.z.theta_3,0
3.8614,B,mrac.z.theta_4,0.19887193
3.8614,B,mrac.z.theta_5,0.19475387
3.8614,B,mrac.z.u_nom,-0.22850825
3.8614,B,mrac.z.xm,-0.083490208
3.8614,B,path.active_path_mode,1
3.8614,B,path.circle_theta,0
3.8614,B,path.sinusoid_t_elapsed,30.002968
3.8614,B,path.twc_arrived,0
3.8614,B,path.twc_target_x,-3.680094
3.8614,B,path.twc_target_y,-11.462023
3.8614,B,path.twc_target_z,0.5
3.8614,B,pid.gyrox.Des,0.64092505
3.8614,B,pid.gyrox.FB,0.55381322
3.8614,B,pid.gyrox.U,-51.342735
3.8614,B,pid.gyroy.Des,-5.5319023
3.8614,B,pid.gyroy.FB,1.5081834
3.8614,B,pid.gyroy.U,-1.8918686
3.8614,B,pid.gyroz.Des,-5.1454782
3.8614,B,pid.gyroz.FB,1.6385638
3.8614,B,pid.gyroz.U,-56.321301
3.8614,B,pid.locx.Des,-3.680094
3.8614,B,pid.locx.FB,-11.912201
3.8614,B,pid.locx.U,8.5500183
3.8614,B,pid.locxs.Des,8.5500183
3.8614,B,pid.locxs.FB,-0.036598764
3.8614,B,pid.locxs.U,25.709936
3.8614,B,pid.locy.Des,-11.462023
3.8614,B,pid.locy.FB,4.033534
3.8614,B,pid.locy.U,-14.360119
3.8614,B,pid.locys.Des,-14.360119
3.8614,B,pid.locys.FB,-3.9998326
3.8614,B,pid.locys.U,-31.032429
3.8614,B,pid.pitch.Des,-1.7979531
3.8614,B,pid.pitch.FB,-0.14169818
3.8614,B,pid.pitch.U,-5.5319023
3.8614,B,pid.roll.Des,-1.5182815
3.8614,B,pid.roll.FB,-1.6220821
3.8614,B,pid.roll.U,0.64092505
3.8614,B,pid.yaw.Des,0
3.8614,B,pid.yaw.FB,0.52424639
3.8614,B,pid.yaw.U,-5.1454782
3.8614,B,pid.z_pos.Des,0.5
3.8614,B,pid.z_pos.FB,0.55977386
3.8614,B,pid.z_pos.U,-0.083490208
3.8614,B,pid.z_rate.Des,-0.083490208
3.8614,B,pid.z_rate.FB,0.010706869
3.8614,B,pid.z_rate.U,-50.728832
4.0784,A,mrac.pitch.e,0.014298931
4.0784,A,mrac.pitch.u_ad,-0.013156974
4.0784,A,mrac.roll.e,0.1403307
4.0784,A,mrac.roll.u_ad,0.033896416
4.0784,A,mrac.yaw.e,0.089992598
4.0784,A,mrac.yaw.u_ad,-0.013200283
4.0784,A,mrac.z.e,0.092712887
4.0784,A,mrac.z.u_ad,-0.062778048
4.0784,A,status.arm,1
4.0784,A,status.flymode,1
4.0784,A,status.rc_authority,0
4.0784,A,status.sbus_lost,0
4.0784,A,status.twc_arrived,0
4.0784,A,status.twc_execute,1
4.0785,B,mrac.pitch.theta_0,0.0027508766
4.0785,B,mrac.pitch.theta_1,0.0003826071
4.0785,B,mrac.pitch.theta_2,0.0072534834
4.0785,B,mrac.pitch.theta_3,0.0050726021
4.0785,B,mrac.pitch.theta_4,0.17472777
4.0785,B,mrac.pitch.theta_5,0.14049628
4.0785,B,mrac.pitch.u_nom,0.0637995
4.0785,B,mrac.pitch.xm,-0.090945788
4.0785,B,mrac.roll.theta_0,0.042505622
4.0785,B,mrac.roll.theta_1,5.002238e-05
4.0785,B,mrac.roll.theta_2,0.0029942004
4.0785,B,mrac.roll.theta_3,0.0029675134
4.0785,B,mrac.roll.theta_4,0.11218121
4.0785,B,mrac.roll.theta_5,0.12022114
4.0785,B,mrac.roll.u_nom,0.075840287
4.0785,B,mrac.roll.xm,0.019059466
4.0785,B,mrac.yaw.theta_0,1.5304777e-20
4.0785,B,mrac.yaw.theta_1,0.0014956119
4.0785,B,mrac.yaw.theta_2,0.0021178874
4.0785,B,mrac.yaw.theta_3,0
4.0785,B,mrac.yaw.theta_4,0.074255198
4.0785,B,mrac.yaw.theta_5,0.088188469
4.0785,B,mrac.yaw.u_nom,-0.055040885
4.0785,B,mrac.yaw.xm,-0.1257214
4.0785,B,mrac.z.theta_0,7.2559369e-06
4.0785,B,mrac.z.theta_1,0.0043477896
4.0785,B,mrac.z.theta_2,0.0027159047
4.0785,B,mrac.z.theta_3,0
4.0785,B,mrac.z.theta_4,0.19883715
4.0785,B,mrac.z.theta_5,0.19473141
4.0785,B,mrac.z.u_nom,-0.22290778
4.0785,B,mrac.z.xm,-0.090917289
4.0785,B,path.active_path_mode,1
4.0785,B,path.circle_theta,0
4.0785,B,path.sinusoid_t_elapsed,30.002968
4.0785,B,path.twc_arrived,0
4.0785,B,path.twc_target_x,-3.680094
4.0785,B,path.twc_target_y,-11.462023
4.0785,B,path.twc_target_z,0.5
4.0785,B,pid.gyrox.Des,1.0920265
4.0785,B,pid.gyrox.FB,1.3514822
4.0785,B,pid.gyrox.U,88.733131
4.0785,B,pid.gyroy.Des,-5.2108078
4.0785,B,pid.gyroy.FB,-9.3886871
4.0785,B,pid.gyroy.U,74.645416
4.0785,B,pid.gyroz.Des,-7.2033019
4.0785,B,pid.gyroz.FB,5.4158654
4.0785,B,pid.gyroz.U,-103.03654
4.0785,B,pid.locx.Des,-3.680094
4.0785,B,pid.locx.FB,-11.405717
4.0785,B,pid.locx.U,8.07304
4.0785,B,pid.locxs.Des,8.07304
4.0785,B,pid.locxs.FB,0.95447981
4.0785,B,pid.locxs.U,21.097439
4.0785,B,pid.locy.Des,-11.462023
4.0785,B,pid.locy.FB,3.7372148
4.0785,B,pid.locy.U,-14.1218
4.0785,B,pid.locys.Des,-14.1218
4.0785,B,pid.locys.FB,-3.0147915
4.0785,B,pid.locys.U,-33.267372
4.0785,B,pid.pitch.Des,-1.9231561
4.0785,B,pid.pitch.FB,-0.15810944
4.0785,B,pid.pitch.U,-5.2108078
4.0785,B,pid.roll.Des,-1.2616955
4.0785,B,pid.roll.FB,-1.7565507
4.0785,B,pid.roll.U,1.0920265
4.0785,B,pid.yaw.Des,0
4.0785,B,pid.yaw.FB,0.867217
4.0785,B,pid.yaw.U,-7.2033019
4.0785,B,pid.z_pos.Des,0.5
4.0785,B,pid.z_pos.FB,0.5597347
4.0785,B,pid.z_pos.U,-0.090917289
4.0785,B,pid.z_rate.Des,-0.090917289
4.0785,B,pid.z_rate.FB,0.00017153787
4.0785,B,pid.z_rate.U,-49.485527
4.2791,A,mrac.pitch.e,-0.073632278
4.2791,A,mrac.pitch.u_ad,-0.0010111146
4.2791,A,mrac.roll.e,0.047906481
4.2791,A,mrac.roll.u_ad,0.037369747
4.2791,A,mrac.yaw.e,0.14314549
4.2791,A,mrac.yaw.u_ad,-0.014134981
4.2791,A,mrac.z.e,0.097633637
4.2791,A,mrac.z.u_ad,-0.065705091
4.2791,A,status.arm,1
4.2791,A,status.flymode,1
4.2791,A,status.rc_authority,0
4.2791,A,status.sbus_lost,0
4.2791,A,status.twc_arrived,0
4.2791,A,status.twc_execute,1
4.2791,B,mrac.pitch.theta_0,0.0022705351
4.2791,B,mrac.pitch.theta_1,0.00037367252
4.2791,B,mrac.pitch.theta_2,0.0072416696
4.2791,B,mrac.pitch.theta_3,0.0050729285
4.2791,B,mrac.pitch.theta_4,0.17477332
4.2791,B,mrac.pitch.theta_5,0.140503
4.2791,B,mrac.pitch.u_nom,-0.032622598
4.2791,B,mrac.pitch.xm,-0.098485254
4.2791,B,mrac.roll.theta_0,0.041075427
4.2791,B,mrac.roll.theta_1,4.9233506e-05
4.2791,B,mrac.roll.theta_2,0.0029945164
4.2791,B,mrac.roll.theta_3,0.0029678568
4.2791,B,mrac.roll.theta_4,0.11222412
4.2791,B,mrac.roll.theta_5,0.12020914
4.2791,B,mrac.roll.u_nom,0.10590842
4.2791,B,mrac.roll.xm,0.018640989
4.2791,B,mrac.yaw.theta_0,8.7031978e-21
4.2791,B,mrac.yaw.theta_1,0.0014998744
4.2791,B,mrac.yaw.theta_2,0.0021171914
4.2791,B,mrac.yaw.theta_3,0
4.2791,B,mrac.yaw.theta_4,0.074280463
4.2791,B,mrac.yaw.theta_5,0.088189714
4.2791,B,mrac.yaw.u_nom,-0.044973977
4.2791,B,mrac.yaw.xm,-0.12478197
4.2791,B,mrac.z.theta_0,6.7176961e-06
4.2791,B,mrac.z.theta_1,0.0043456899
4.2791,B,mrac.z.theta_2,0.0027156896
4.2791,B,mrac.z.theta_3,0
4.2791,B,mrac.z.theta_4,0.19881539
4.2791,B,mrac.z.theta_5,0.19471884
4.2791,B,mrac.z.u_nom,-0.23126803
4.2791,B,mrac.z.xm,-0.096058771
4.2791,B,path.active_path_mode,1
4.2791,B,path.circle_theta,0
4.2791,B,path.sinusoid_t_elapsed,30.002968
4.2791,B,path.twc_arrived,0
4.2791,B,path.twc_target_x,-3.680094
4.2791,B,path.twc_target_y,-11.462023
4.2791,B,path.twc_target_z,0.5
4.2791,B,pid.gyrox.Des,1.0680496
4.2791,B,pid.gyrox.FB,-5.7108088
4.2791,B,pid.gyrox.U,123.91286
4.2791,B,pid.gyroy.Des,-5.642787
4.2791,B,pid.gyroy.FB,1.5340353
4.2791,B,pid.gyroy.U,-38.168438
4.2791,B,pid.gyroz.Des,-7.149477
4.2791,B,pid.gyroz.FB,3.1175597
4.2791,B,pid.gyroz.U,-84.191284
4.2791,B,pid.locx.Des,-3.680094
4.2791,B,pid.locx.FB,-10.972069
4.2791,B,pid.locx.U,7.7535858
4.2791,B,pid.locxs.Des,7.7535858
4.2791,B,pid.locxs.FB,0.95495188
4.2791,B,pid.locxs.U,20.305344
4.2791,B,pid.locy.Des,-11.462023
4.2791,B,pid.locy.FB,3.6456356
4.2791,B,pid.locy.U,-14.084929
4.2791,B,pid.locys.Des,-14.084929
4.2791,B,pid.locys.FB,-3.014642
4.2791,B,pid.locys.U,-33.207573
4.2791,B,pid.pitch.Des,-1.9207911
4.2791,B,pid.pitch.FB,-0.067293637
4.2791,B,pid.pitch.U,-5.642787
4.2791,B,pid.roll.Des,-1.2150941
4.2791,B,pid.roll.FB,-1.5122851
4.2791,B,pid.roll.U,1.0680496
4.2791,B,pid.yaw.Des,0
4.2791,B,pid.yaw.FB,0.85824621
4.2791,B,pid.yaw.U,-7.149477
4.2791,B,pid.z_pos.Des,0.5
4.2791,B,pid.z_pos.FB,0.5598045
4.2791,B,pid.z_pos.U,-0.096058771
4.2791,B,pid.z_rate.Des,-0.096058771
4.2791,B,pid.z_rate.FB,-0.00033001529
4.2791,B,pid.z_rate.U,-51.341503
4.4802,A,mrac.pitch.e,0.14673913
4.4802,A,mrac.pitch.u_ad,-0.023236226
4.4802,A,mrac.roll.e,0.061045751
4.4802,A,mrac.roll.u_ad,0.036761768
4.4802,A,mrac.yaw.e,0.06956543
4.4802,A,mrac.yaw.u_ad,-0.010922765
4.4802,A,mrac.z.e,0.14058927
4.4802,A,mrac.z.u_ad,-0.083404914
4.4802,A,status.arm,1
4.4802,A,status.flymode,1
4.4802,A,status.rc_authority,0
4.4802,A,status.sbus_lost,0
4.4802,A,status.twc_arrived,0
4.4802,A,status.twc_execute,1
4.4803,B,mrac.pitch.theta_0,0.0021006861
4.4803,B,mrac.pitch.theta_1,0.00038072953
4.4803,B,mrac.pitch.theta_2,0.0072325375
4.4803,B,mrac.pitch.theta_3,0.0050726924
4.4803,B,mrac.pitch.theta_4,0.17482795
4.4803,B,mrac.pitch.theta_5,0.14051816
4.4803,B,mrac.pitch.u_nom,-0.12766103
4.4803,B,mrac.pitch.xm,-0.10179911
4.4803,B,mrac.roll.theta_0,0.041548871
4.4803,B,mrac.roll.theta_1,4.898613e-05
4.4803,B,mrac.roll.theta_2,0.0029947883
4.4803,B,mrac.roll.theta_3,0.0029679022
4.4803,B,mrac.roll.theta_4,0.11224104
4.4803,B,mrac.roll.theta_5,0.12020327
4.4803,B,mrac.roll.u_nom,0.00085380994
4.4803,B,mrac.roll.xm,0.010823486
4.4803,B,mrac.yaw.theta_0,4.172755e-21
4.4803,B,mrac.yaw.theta_1,0.0015091954
4.4803,B,mrac.yaw.theta_2,0.0021166753
4.4803,B,mrac.yaw.theta_3,0
4.4803,B,mrac.yaw.theta_4,0.074308068
4.4803,B,mrac.yaw.theta_5,0.088189967
4.4803,B,mrac.yaw.u_nom,-0.022374054
4.4803,B,mrac.yaw.xm,-0.10776983
4.4803,B,mrac.z.theta_0,5.7010898e-06
4.4803,B,mrac.z.theta_1,0.0042480654
4.4803,B,mrac.z.theta_2,0.0027123464
4.4803,B,mrac.z.theta_3,0
4.4803,B,mrac.z.theta_4,0.19880186
4.4803,B,mrac.z.theta_5,0.19471736
4.4803,B,mrac.z.u_nom,-0.29865378
4.4803,B,mrac.z.xm,-0.11109523
4.4803,B,path.active_path_mode,1
4.4803,B,path.circle_theta,0
4.4803,B,path.sinusoid_t_elapsed,30.002968
4.4803,B,path.twc_arrived,0
4.4803,B,path.twc_target_x,-3.680094
4.4803,B,path.twc_target_y,-11.462023
4.4803,B,path.twc_target_z,0.5
4.4803,B,pid.gyrox.Des,0.62013984
4.4803,B,pid.gyrox.FB,1.2761165
4.4803,B,pid.gyrox.U,0.99895763
4.4803,B,pid.gyroy.Des,-5.8326569
4.4803,B,pid.gyroy.FB,3.1786981
4.4803,B,pid.gyroy.U,-149.3634
4.4803,B,pid.gyroz.Des,-6.1747541
4.4803,B,pid.gyroz.FB,-1.1867313
4.4803,B,pid.gyroz.U,-41.884232
4.4803,B,pid.locx.Des,-3.680094
4.4803,B,pid.locx.FB,-10.35183
4.4803,B,pid.locx.U,7.2573953
4.4803,B,pid.locxs.Des,7.2573953
4.4803,B,pid.locxs.FB,0.98778272
4.4803,B,pid.locxs.U,18.953037
4.4803,B,pid.locy.Des,-11.462023
4.4803,B,pid.locy.FB,3.6568282
4.4803,B,pid.locy.U,-14.094104
4.4803,B,pid.locys.Des,-14.094104
4.4803,B,pid.locys.FB,-1.0120698
4.4803,B,pid.locys.U,-39.247581
4.4803,B,pid.pitch.Des,-2.2775419
4.4803,B,pid.pitch.FB,-0.22812244
4.4803,B,pid.pitch.U,-5.8326569
4.4803,B,pid.roll.Des,-1.1349468
4.4803,B,pid.roll.FB,-1.4202569
4.4803,B,pid.roll.U,0.62013984
4.4803,B,pid.yaw.Des,0
4.4803,B,pid.yaw.FB,0.69579238
4.4803,B,pid.yaw.U,-6.1747541
4.4803,B,pid.z_pos.Des,0.5
4.4803,B,pid.z_pos.FB,0.56982034
4.4803,B,pid.z_pos.U,-0.11109523
4.4803,B,pid.z_rate.Des,-0.11109523
4.4803,B,pid.z_rate.FB,0.022032619
4.4803,B,pid.z_rate.U,-66.30114
4.6954,A,mrac.pitch.e,0.098454729
4.6954,A,mrac.pitch.u_ad,-0.023420531
4.6954,A,mrac.roll.e,0.1203099
4.6954,A,mrac.roll.u_ad,0.044199482
4.6954,A,mrac.yaw.e,0.042518288
4.6954,A,mrac.yaw.u_ad,-0.010883211
4.6954,A,mrac.z.e,0.10137719
4.6954,A,mrac.z.u_ad,-0.068748787
4.6954,A,status.arm,1
4.6954,A,status.flymode,1
4.6954,A,status.rc_authority,0
4.6954,A,status.sbus_lost,0
4.6954,A,status.twc_arrived,0
4.6954,A,status.twc_execute,1
4.6954,B,mrac.pitch.theta_0,0.002094443
4.6954,B,mrac.pitch.theta_1,0.00037996145
4.6954,B,mrac.pitch.theta_2,0.0072306651
4.6954,B,mrac.pitch.theta_3,0.0050728093
4.6954,B,mrac.pitch.theta_4,0.17485842
4.6954,B,mrac.pitch.theta_5,0.14052363
4.6954,B,mrac.pitch.u_nom,0.011026007
4.6954,B,mrac.pitch.xm,-0.066557057
4.6954,B,mrac.roll.theta_0,0.044433951
4.6954,B,mrac.roll.theta_1,4.8578429e-05
4.6954,B,mrac.roll.theta_2,0.0029960922
4.6954,B,mrac.roll.theta_3,0.0029678643
4.6954,B,mrac.roll.theta_4,0.11226923
4.6954,B,mrac.roll.theta_5,0.12020057
4.6954,B,mrac.roll.u_nom,-0.070689902
4.6954,B,mrac.roll.xm,0.0090416642
4.6954,B,mrac.yaw.theta_0,2.506349e-21
4.6954,B,mrac.yaw.theta_1,0.0015094653
4.6954,B,mrac.yaw.theta_2,0.0021157046
4.6954,B,mrac.yaw.theta_3,0
4.6954,B,mrac.yaw.theta_4,0.074329711
4.6954,B,mrac.yaw.theta_5,0.088189155
4.6954,B,mrac.yaw.u_nom,-0.015716292
4.6954,B,mrac.yaw.xm,-0.11271024
4.6954,B,mrac.z.theta_0,0.0010079899
4.6954,B,mrac.z.theta_1,0.0042426605
4.6954,B,mrac.z.theta_2,0.0027137788
4.6954,B,mrac.z.theta_3,0
4.6954,B,mrac.z.theta_4,0.19878837
4.6954,B,mrac.z.theta_5,0.19470072
4.6954,B,mrac.z.u_nom,-0.17399082
4.6954,B,mrac.z.xm,-0.10931738
4.6954,B,path.active_path_mode,1
4.6954,B,path.circle_theta,0
4.6954,B,path.sinusoid_t_elapsed,30.002968
4.6954,B,path.twc_arrived,0
4.6954,B,path.twc_target_x,-3.680094
4.6954,B,path.twc_target_y,-11.462023
4.6954,B,path.twc_target_z,0.5
4.6954,B,pid.gyrox.Des,0.518049
4.6954,B,pid.gyrox.FB,1.5050629
4.6954,B,pid.gyrox.U,-82.707184
4.6954,B,pid.gyroy.Des,-3.813437
4.6954,B,pid.gyroy.FB,-4.5481377
4.6954,B,pid.gyroy.U,12.900429
4.6954,B,pid.gyroz.Des,-6.4578185
4.6954,B,pid.gyroz.FB,-3.0172505
4.6954,B,pid.gyroz.U,-29.420898
4.6954,B,pid.locx.Des,-3.680094
4.6954,B,pid.locx.FB,-9.9813557
4.6954,B,pid.locx.U,6.9690146
4.6954,B,pid.locxs.Des,6.9690146
4.6954,B,pid.locxs.FB,-0.012966895
4.6954,B,pid.locxs.U,20.927832
4.6954,B,pid.locy.Des,-11.462023
4.6954,B,pid.locy.FB,3.6922841
4.6954,B,pid.locy.U,-14.122512
4.6954,B,pid.locys.Des,-14.122512
4.6954,B,pid.locys.FB,-0.9999159
4.6954,B,pid.locys.U,-33.367119
4.6954,B,pid.pitch.Des,-1.9321191
4.6954,B,pid.pitch.FB,-0.51084888
4.6954,B,pid.pitch.U,-3.813437
4.6954,B,pid.roll.Des,-1.2476475
4.6954,B,pid.roll.FB,-1.4497247
4.6954,B,pid.roll.U,0.518049
4.6954,B,pid.yaw.Des,0
4.6954,B,pid.yaw.FB,0.74296975
4.6954,B,pid.yaw.U,-6.4578185
4.6954,B,pid.z_pos.Des,0.5
4.6954,B,pid.z_pos.FB,0.55979854
4.6954,B,pid.z_pos.U,-0.10931738
4.6954,B,pid.z_rate.Des,-0.10931738
4.6954,B,pid.z_rate.FB,-0.045377485
4.6954,B,pid.z_rate.U,-38.625961
4.9127,A,mrac.pitch.e,-0.065531969
4.9127,A,mrac.pitch.u_ad,0.003661559
4.9127,A,mrac.roll.e,0.10322551
4.9127,A,mrac.roll.u_ad,0.032285441
4.9127,A,mrac.yaw.e,0.092590615
4.9127,A,mrac.yaw.u_ad,-0.012565526
4.9127,A,mrac.z.e,0.11781479
4.9127,A,mrac.z.u_ad,-0.075985998
4.9127,A,status.arm,1
4.9127,A,status.flymode,1
4.9127,A,status.rc_authority,0
4.9127,A,status.sbus_lost,0
4.9127,A,status.twc_arrived,0
4.9127,A,status.twc_execute,1
4.9127,B,mrac.pitch.theta_0,0.0012639633
4.9127,B,mrac.pitch.theta_1,0.00037814415
4.9127,B,mrac.pitch.theta_2,0.0072240625
4.9127,B,mrac.pitch.theta_3,0.005073308
4.9127,B,mrac.pitch.theta_4,0.17491464
4.9127,B,mrac.pitch.theta_5,0.14054629
4.9127,B,mrac.pitch.u_nom,-0.073587924
4.9127,B,mrac.pitch.xm,-0.10483862
4.9127,B,mrac.roll.theta_0,0.044775605
4.9127,B,mrac.roll.theta_1,4.8179652e-05
4.9127,B,mrac.roll.theta_2,0.0029963965
4.9127,B,mrac.roll.theta_3,0.0029681856
4.9127,B,mrac.roll.theta_4,0.11232308
4.9127,B,mrac.roll.theta_5,0.12019226
4.9127,B,mrac.roll.u_nom,0.0091534415
4.9127,B,mrac.roll.xm,0.0030911262
4.9127,B,mrac.yaw.theta_0,1.1012182e-21
4.9127,B,mrac.yaw.theta_1,0.0015112059
4.9127,B,mrac.yaw.theta_2,0.0021147444
4.9127,B,mrac.yaw.theta_3,0
4.9127,B,mrac.yaw.theta_4,0.074363485
4.9127,B,mrac.yaw.theta_5,0.088188723
4.9127,B,mrac.yaw.u_nom,-0.021146867
4.9127,B,mrac.yaw.xm,-0.12058223
4.9127,B,mrac.z.theta_0,0.00088568963
4.9127,B,mrac.z.theta_1,0.0042826636
4.9127,B,mrac.z.theta_2,0.0027134046
4.9127,B,mrac.z.theta_3,0
4.9127,B,mrac.z.theta_4,0.19875999
4.9127,B,mrac.z.theta_5,0.19469197
4.9127,B,mrac.z.u_nom,-0.2683242
4.9127,B,mrac.z.xm,-0.11681426
4.9127,B,path.active_path_mode,1
4.9127,B,path.circle_theta,0
4.9127,B,path.sinusoid_t_elapsed,30.002968
4.9127,B,path.twc_arrived,0
4.9127,B,path.twc_target_x,-3.680094
4.9127,B,path.twc_target_y,-11.462023
4.9127,B,path.twc_target_z,0.5
4.9127,B,pid.gyrox.Des,0.17710841
4.9127,B,pid.gyrox.FB,-0.22609428
4.9127,B,pid.gyrox.U,10.709527
4.9127,B,pid.gyroy.Des,-6.0068083
4.9127,B,pid.gyroy.FB,0.23876266
4.9127,B,pid.gyroy.U,-86.09787
4.9127,B,pid.gyroz.Des,-6.9088502
4.9127,B,pid.gyroz.FB,-2.2021027
4.9127,B,pid.gyroz.U,-39.586937
4.9127,B,pid.locx.Des,-3.680094
4.9127,B,pid.locx.FB,-9.4392099
4.9127,B,pid.locx.U,6.5702691
4.9127,B,pid.locxs.Des,6.5702691
4.9127,B,pid.locxs.FB,0
4.9127,B,pid.locxs.U,19.661283
4.9127,B,pid.locy.Des,-11.462023
4.9127,B,pid.locy.FB,3.8502266
4.9127,B,pid.locy.U,-14.32128
4.9127,B,pid.locys.Des,-14.32128
4.9127,B,pid.locys.FB,0
4.9127,B,pid.locys.U,-43.059078
4.9127,B,pid.pitch.Des,-2.4968178
4.9127,B,pid.pitch.FB,-0.38762811
4.9127,B,pid.pitch.U,-6.0068083
4.9127,B,pid.roll.Des,-1.1843287
4.9127,B,pid.roll.FB,-1.3453717
4.9127,B,pid.roll.U,0.17710841
4.9127,B,pid.yaw.Des,0
4.9127,B,pid.yaw.FB,0.8181417
4.9127,B,pid.yaw.U,-6.9088502
4.9127,B,pid.z_pos.Des,0.5
4.9127,B,pid.z_pos.FB,0.55983281
4.9127,B,pid.z_pos.U,-0.11681426
4.9127,B,pid.z_rate.Des,-0.11681426
4.9127,B,pid.z_rate.FB,-0.00051933096
4.9127,B,pid.z_rate.U,-59.567974
5.1292,A,mrac.pitch.e,-0.0086145625
5.1292,A,mrac.pitch.u_ad,-0.0071602827
5.1292,A,mrac.roll.e,0.082098968
5.1292,A,mrac.roll.u_ad,0.037857931
5.1292,A,mrac.yaw.e,0.17666633
5.1292,A,mrac.yaw.u_ad,-0.015172565
5.1292,A,mrac.z.e,0.12382665
5.1292,A,mrac.z.u_ad,-0.079396121
5.1292,A,status.arm,1
5.1292,A,status.flymode,1
5.1292,A,status.rc_authority,0
5.1292,A,status.sbus_lost,0
5.1292,A,status.twc_arrived,0
5.1292,A,status.twc_execute,1
5.1292,B,mrac.pitch.theta_0,0.0014843404
5.1292,B,mrac.pitch.theta_1,0.00037982527
5.1292,B,mrac.pitch.theta_2,0.0072204373
5.1292,B,mrac.pitch.theta_3,0.005073491
5.1292,B,mrac.pitch.theta_4,0.17495345
5.1292,B,mrac.pitch.theta_5,0.14055453
5.1292,B,mrac.pitch.u_nom,-0.15007727
5.1292,B,mrac.pitch.xm,-0.11517975
5.1292,B,mrac.roll.theta_0,0.043802984
5.1292,B,mrac.roll.theta_1,4.781564e-05
5.1292,B,mrac.roll.theta_2,0.0029963357
5.1292,B,mrac.roll.theta_3,0.002968211
5.1292,B,mrac.roll.theta_4,0.11234808
5.1292,B,mrac.roll.theta_5,0.12018354
5.1292,B,mrac.roll.u_nom,0.10140099
5.1292,B,mrac.roll.xm,0.0029996673
5.1292,B,mrac.yaw.theta_0,6.0642724e-22
5.1292,B,mrac.yaw.theta_1,0.0015130874
5.1292,B,mrac.yaw.theta_2,0.0021138005
5.1292,B,mrac.yaw.theta_3,0
5.1292,B,mrac.yaw.theta_4,0.074390732
5.1292,B,mrac.yaw.theta_5,0.088189386
5.1292,B,mrac.yaw.u_nom,-0.02961308
5.1292,B,mrac.yaw.xm,-0.12710738
5.1292,B,mrac.z.theta_0,0.00080216193
5.1292,B,mrac.z.theta_1,0.0042812023
5.1292,B,mrac.z.theta_2,0.0027131829
5.1292,B,mrac.z.theta_3,0
5.1292,B,mrac.z.theta_4,0.19874428
5.1292,B,mrac.z.theta_5,0.19469114
5.1292,B,mrac.z.u_nom,-0.27829415
5.1292,B,mrac.z.xm,-0.12192326
5.1292,B,path.active_path_mode,1
5.1292,B,path.circle_theta,0
5.1292,B,path.sinusoid_t_elapsed,30.002968
5.1292,B,path.twc_arrived,0
5.1292,B,path.twc_target_x,-3.680094
5.1292,B,path.twc_target_y,-11.462023
5.1292,B,path.twc_target_z,0.5
5.1292,B,pid.gyrox.Des,0.17186821
5.1292,B,pid.gyrox.FB,-6.2705083
5.1292,B,pid.gyrox.U,118.63916
5.1292,B,pid.gyroy.Des,-6.5993109
5.1292,B,pid.gyroy.FB,6.9952025
5.1292,B,pid.gyroy.U,-175.59041
5.1292,B,pid.gyroz.Des,-7.2827139
5.1292,B,pid.gyroz.FB,-0.59609932
5.1292,B,pid.gyroz.U,-55.435684
5.1292,B,pid.locx.Des,-3.680094
5.1292,B,pid.locx.FB,-9.0994539
5.1292,B,pid.locx.U,6.2584109
5.1292,B,pid.locxs.Des,6.2584109
5.1292,B,pid.locxs.FB,0
5.1292,B,pid.locxs.U,18.677589
5.1292,B,pid.locy.Des,-11.462023
5.1292,B,pid.locy.FB,4.1854811
5.1292,B,pid.locy.U,-14.588847
5.1292,B,pid.locys.Des,-14.588847
5.1292,B,pid.locys.FB,0
5.1292,B,pid.locys.U,-43.860851
5.1292,B,pid.pitch.Des,-2.5432758
5.1292,B,pid.pitch.FB,-0.41342002
5.1292,B,pid.pitch.U,-6.5993109
5.1292,B,pid.roll.Des,-1.1303191
5.1292,B,pid.roll.FB,-1.2155219
5.1292,B,pid.roll.U,0.17186821
5.1292,B,pid.yaw.Des,0
5.1292,B,pid.yaw.FB,0.88045228
5.1292,B,pid.yaw.U,-7.2827139
5.1292,B,pid.z_pos.Des,0.5
5.1292,B,pid.z_pos.FB,0.5598594
5.1292,B,pid.z_pos.U,-0.12192326
5.1292,B,pid.z_rate.Des,-0.12192326
5.1292,B,pid.z_rate.FB,-9.5004158e-05
5.1292,B,pid.z_rate.U,-61.781303
5.3460,A,mrac.pitch.e,-0.055070691
5.3460,A,mrac.pitch.u_ad,0.0002790587
5.3460,A,mrac.roll.e,-0.016011272
5.3460,A,mrac.roll.u_ad,0.049102671
5.3460,A,mrac.yaw.e,0.15159765
5.3460,A,mrac.yaw.u_ad,-0.013296746
5.3460,A,mrac.z.e,0.11840021
5.3460,A,mrac.z.u_ad,-0.076719001
5.3460,A,status.arm,1
5.3460,A,status.flymode,1
5.3460,A,status.rc_authority,0
5.3460,A,status.sbus_lost,0
5.3460,A,status.twc_arrived,0
5.3460,A,status.twc_execute,1
5.3461,B,mrac.pitch.theta_0,0.0015015113
5.3461,B,mrac.pitch.theta_1,0.00038292617
5.3461,B,mrac.pitch.theta_2,0.007216421
5.3461,B,mrac.pitch.theta_3,0.0050736354
5.3461,B,mrac.pitch.theta_4,0.17500153
5.3461,B,mrac.pitch.theta_5,0.14056402
5.3461,B,mrac.pitch.u_nom,-0.1518393
5.3461,B,mrac.pitch.xm,-0.10203249
5.3461,B,mrac.roll.theta_0,0.044297073
5.3461,B,mrac.roll.theta_1,4.7633574e-05
5.3461,B,mrac.roll.theta_2,0.0029980605
5.3461,B,mrac.roll.theta_3,0.0029686766
5.3461,B,mrac.roll.theta_4,0.11237596
5.3461,B,mrac.roll.theta_5,0.1201767
5.3461,B,mrac.roll.u_nom,0.01525756
5.3461,B,mrac.roll.xm,-0.027306749
5.3461,B,mrac.yaw.theta_0,2.460287e-22
5.3461,B,mrac.yaw.theta_1,0.0015201055
5.3461,B,mrac.yaw.theta_2,0.0021125872
5.3461,B,mrac.yaw.theta_3,0
5.3461,B,mrac.yaw.theta_4,0.07443431
5.3461,B,mrac.yaw.theta_5,0.088192619
5.3461,B,mrac.yaw.u_nom,-0.029280834
5.3461,B,mrac.yaw.xm,-0.12803715
5.3461,B,mrac.z.theta_0,0.0013598547
5.3461,B,mrac.z.theta_1,0.0043275533
5.3461,B,mrac.z.theta_2,0.0027139834
5.3461,B,mrac.z.theta_3,0
5.3461,B,mrac.z.theta_4,0.19872141
5.3461,B,mrac.z.theta_5,0.19467752
5.3461,B,mrac.z.u_nom,-0.25444803
5.3461,B,mrac.z.xm,-0.12176109
5.3461,B,path.active_path_mode,1
5.3461,B,path.circle_theta,0
5.3461,B,path.sinusoid_t_elapsed,30.002968
5.3461,B,path.twc_arrived,0
5.3461,B,path.twc_target_x,-3.680094
5.3461,B,path.twc_target_y,-11.462023
5.3461,B,path.twc_target_z,0.5
5.3461,B,pid.gyrox.Des,-1.5645608
5.3461,B,pid.gyrox.FB,0.021673348
5.3461,B,pid.gyrox.U,17.851345
5.3461,B,pid.gyroy.Des,-5.8460288
5.3461,B,pid.gyroy.FB,8.1682367
5.3461,B,pid.gyroy.U,-177.65198
5.3461,B,pid.gyroz.Des,-7.3359852
5.3461,B,pid.gyroz.FB,-0.72393984
5.3461,B,pid.gyroz.U,-54.813721
5.3461,B,pid.locx.Des,-3.680094
5.3461,B,pid.locx.FB,-8.7783785
5.3461,B,pid.locx.U,6.078083
5.3461,B,pid.locxs.Des,6.078083
5.3461,B,pid.locxs.FB,-0.99987954
5.3461,B,pid.locxs.U,27.232422
5.3461,B,pid.locy.Des,-11.462023
5.3461,B,pid.locy.FB,4.5653777
5.3461,B,pid.locy.U,-14.857923
5.3461,B,pid.locys.Des,-14.857923
5.3461,B,pid.locys.FB,0.015521117
5.3461,B,pid.locys.U,-44.760864
5.3461,B,pid.pitch.Des,-2.5879149
5.3461,B,pid.pitch.FB,-0.64310265
5.3461,B,pid.pitch.U,-5.8460288
5.3461,B,pid.roll.Des,-1.6309224
5.3461,B,pid.roll.FB,-1.1126485
5.3461,B,pid.roll.U,-1.5645608
5.3461,B,pid.yaw.Des,0
5.3461,B,pid.yaw.FB,0.88933086
5.3461,B,pid.yaw.U,-7.3359852
5.3461,B,pid.z_pos.Des,0.5
5.3461,B,pid.z_pos.FB,0.54986167
5.3461,B,pid.z_pos.U,-0.12176109
5.3461,B,pid.z_rate.Des,-0.12176109
5.3461,B,pid.z_rate.FB,-0.01316744
5.3461,B,pid.z_rate.U,-56.487461
5.5634,A,mrac.pitch.e,-0.034980439
5.5634,A,mrac.pitch.u_ad,0.0019268002
5.5634,A,mrac.roll.e,-0.0034297244
5.5634,A,mrac.roll.u_ad,0.046787806
5.5634,A,mrac.yaw.e,0.16502528
5.5634,A,mrac.yaw.u_ad,-0.01486853
5.5634,A,mrac.z.e,-0.043203443
5.5634,A,mrac.z.u_ad,-0.018174157
5.5634,A,status.arm,1
5.5634,A,status.flymode,1
5.5634,A,status.rc_authority,0
5.5634,A,status.sbus_lost,0
5.5634,A,status.twc_arrived,0
5.5634,A,status.twc_execute,1
5.5634,B,mrac.pitch.theta_0,0.0012507676
5.5634,B,mrac.pitch.theta_1,0.00037946404
5.5634,B,mrac.pitch.theta_2,0.0072083636
5.5634,B,mrac.pitch.theta_3,0.0050740023
5.5634,B,mrac.pitch.theta_4,0.17505623
5.5634,B,mrac.pitch.theta_5,0.14057711
5.5634,B,mrac.pitch.u_nom,-0.13006851
5.5634,B,mrac.pitch.xm,-0.095028289
5.5634,B,mrac.roll.theta_0,0.045510881
5.5634,B,mrac.roll.theta_1,4.7007285e-05
5.5634,B,mrac.roll.theta_2,0.0030000904
5.5634,B,mrac.roll.theta_3,0.0029687611
5.5634,B,mrac.roll.theta_4,0.11240933
5.5634,B,mrac.roll.theta_5,0.12016737
5.5634,B,mrac.roll.u_nom,0.028395632
5.5634,B,mrac.roll.xm,-0.001721622
5.5634,B,mrac.yaw.theta_0,1.0337933e-22
5.5634,B,mrac.yaw.theta_1,0.0015204772
5.5634,B,mrac.yaw.theta_2,0.0021114326
5.5634,B,mrac.yaw.theta_3,0
5.5634,B,mrac.yaw.theta_4,0.074475937
5.5634,B,mrac.yaw.theta_5,0.088194765
5.5634,B,mrac.yaw.u_nom,-0.022195706
5.5634,B,mrac.yaw.xm,-0.13314693
5.5634,B,mrac.z.theta_0,0.0018517314
5.5634,B,mrac.z.theta_1,0.0043346854
5.5634,B,mrac.z.theta_2,0.0027148749
5.5634,B,mrac.z.theta_3,0
5.5634,B,mrac.z.theta_4,0.19870126
5.5634,B,mrac.z.theta_5,0.19466908
5.5634,B,mrac.z.u_nom,-0.084047943
5.5634,B,mrac.z.xm,-0.12082718
5.5634,B,path.active_path_mode,1
5.5634,B,path.circle_theta,0
5.5634,B,path.sinusoid_t_elapsed,30.002968
5.5634,B,path.twc_arrived,0
5.5634,B,path.twc_target_x,-3.680094
5.5634,B,path.twc_target_y,-11.462023
5.5634,B,path.twc_target_z,0.5
5.5634,B,pid.gyrox.Des,-0.098641634
5.5634,B,pid.gyrox.FB,0.7637977
5.5634,B,pid.gyrox.U,33.222889
5.5634,B,pid.gyroy.Des,-5.4447174
5.5634,B,pid.gyroy.FB,3.4717336
5.5634,B,pid.gyroy.U,-152.18016
5.5634,B,pid.gyroz.Des,-7.6287541
5.5634,B,pid.gyroz.FB,-2.680759
5.5634,B,pid.gyroz.U,-41.550362
5.5634,B,pid.locx.Des,-3.680094
5.5634,B,pid.locx.FB,-8.5871754
5.5634,B,pid.locx.U,5.9296646
5.5634,B,pid.locxs.Des,5.9296646
5.5634,B,pid.locxs.FB,-1.0326113
5.5634,B,pid.locxs.U,20.838448
5.5634,B,pid.locy.Des,-11.462023
5.5634,B,pid.locy.FB,4.6476188
5.5634,B,pid.locy.U,-14.887779
5.5634,B,pid.locys.Des,-14.887779
5.5634,B,pid.locys.FB,-1.9833592
5.5634,B,pid.locys.U,-41.713623
5.5634,B,pid.pitch.Des,-2.4148364
5.5634,B,pid.pitch.FB,-0.53945619
5.5634,B,pid.pitch.U,-5.4447174
5.5634,B,pid.roll.Des,-1.2569777
5.5634,B,pid.roll.FB,-1.2877377
5.5634,B,pid.roll.U,-0.098641634
5.5634,B,pid.yaw.Des,0
5.5634,B,pid.yaw.FB,0.93812567
5.5634,B,pid.yaw.U,-7.6287541
5.5634,B,pid.z_pos.Des,0.5
5.5634,B,pid.z_pos.FB,0.53983963
5.5634,B,pid.z_pos.U,-0.12082718
5.5634,B,pid.z_rate.Des,-0.12082718
5.5634,B,pid.z_rate.FB,-0.10658996
5.5634,B,pid.z_rate.U,-18.658644
5.7626,A,mrac.pitch.e,0.021172322
5.7626,A,mrac.pitch.u_ad,7.2602183e-05
5.7626,A,mrac.roll.e,0.074238472
5.7626,A,mrac.roll.u_ad,0.036514461
5.7626,A,mrac.yaw.e,0.17446028
5.7626,A,mrac.yaw.u_ad,-0.013889121
5.7626,A,mrac.z.e,0.12433881
5.7626,A,mrac.z.u_ad,-0.078910239
5.7626,A,status.arm,1
5.7626,A,status.flymode,1
5.7626,A,status.rc_authority,0
5.7626,A,status.sbus_lost,0
5.7626,A,status.twc_arrived,0
5.7626,A,status.twc_execute,1
5.7626,B,mrac.pitch.theta_0,0.0018107181
5.7626,B,mrac.pitch.theta_1,0.00036823022
5.7626,B,mrac.pitch.theta_2,0.0071922247
5.7626,B,mrac.pitch.theta_3,0.0050744959
5.7626,B,mrac.pitch.theta_4,0.17510968
5.7626,B,mrac.pitch.theta_5,0.14058357
5.7626,B,mrac.pitch.u_nom,-0.14503764
5.7626,B,mrac.pitch.xm,-0.097155452
5.7626,B,mrac.roll.theta_0,0.044996396
5.7626,B,mrac.roll.theta_1,4.7726044e-05
5.7626,B,mrac.roll.theta_2,0.0030002398
5.7626,B,mrac.roll.theta_3,0.0029690664
5.7626,B,mrac.roll.theta_4,0.11243243
5.7626,B,mrac.roll.theta_5,0.12016304
5.7626,B,mrac.roll.u_nom,0.10927807
5.7626,B,mrac.roll.xm,0.0012685204
5.7626,B,mrac.yaw.theta_0,6.0942982e-23
5.7626,B,mrac.yaw.theta_1,0.0015283636
5.7626,B,mrac.yaw.theta_2,0.0021104163
5.7626,B,mrac.yaw.theta_3,0
5.7626,B,mrac.yaw.theta_4,0.0744996
5.7626,B,mrac.yaw.theta_5,0.0881956
5.7626,B,mrac.yaw.u_nom,-0.014404044
5.7626,B,mrac.yaw.xm,-0.12013362
5.7626,B,mrac.z.theta_0,0.001719253
5.7626,B,mrac.z.theta_1,0.0043997969
5.7626,B,mrac.z.theta_2,0.0027145559
5.7626,B,mrac.z.theta_3,0
5.7626,B,mrac.z.theta_4,0.19868428
5.7626,B,mrac.z.theta_5,0.19466475
5.7626,B,mrac.z.u_nom,-0.27749234
5.7626,B,mrac.z.xm,-0.12426111
5.7626,B,path.active_path_mode,1
5.7626,B,path.circle_theta,0
5.7626,B,path.sinusoid_t_elapsed,30.002968
5.7626,B,path.twc_arrived,0
5.7626,B,path.twc_target_x,-3.680094
5.7626,B,path.twc_target_y,-11.462023
5.7626,B,path.twc_target_z,0.5
5.7626,B,pid.gyrox.Des,0.072680831
5.7626,B,pid.gyrox.FB,-7.4774652
5.7626,B,pid.gyrox.U,127.85534
5.7626,B,pid.gyroy.Des,-5.5665951
5.7626,B,pid.gyroy.FB,6.8517389
5.7626,B,pid.gyroy.U,-169.69403
5.7626,B,pid.gyroz.Des,-6.8831468
5.7626,B,pid.gyroz.FB,-3.772851
5.7626,B,pid.gyroz.U,-26.964371
5.7626,B,pid.locx.Des,-3.680094
5.7626,B,pid.locx.FB,-8.4251404
5.7626,B,pid.locx.U,5.7572079
5.7626,B,pid.locxs.Des,5.7572079
5.7626,B,pid.locxs.FB,-0.056816038
5.7626,B,pid.locxs.U,17.376751
5.7626,B,pid.locy.Des,-11.462023
5.7626,B,pid.locy.FB,4.4501123
5.7626,B,pid.locy.U,-14.649138
5.7626,B,pid.locys.Des,-14.649138
5.7626,B,pid.locys.FB,-3.9995964
5.7626,B,pid.locys.U,-31.851763
5.7626,B,pid.pitch.Des,-1.8453736
5.7626,B,pid.pitch.FB,-0.027387558
5.7626,B,pid.pitch.U,-5.5665951
5.7626,B,pid.roll.Des,-1.0414606
5.7626,B,pid.roll.FB,-1.0897443
5.7626,B,pid.roll.U,0.072680831
5.7626,B,pid.yaw.Des,0
5.7626,B,pid.yaw.FB,0.81385779
5.7626,B,pid.yaw.U,-6.8831468
5.7626,B,pid.z_pos.Des,0.5
5.7626,B,pid.z_pos.FB,0.53990227
5.7626,B,pid.z_pos.U,-0.12426111
5.7626,B,pid.z_rate.Des,-0.12426111
5.7626,B,pid.z_rate.FB,-0.0028778606
5.7626,B,pid.z_rate.U,-61.603298
5.9800,A,mrac.pitch.e,-0.027594246
5.9800,A,mrac.pitch.u_ad,0.0063416725
5.9800,A,mrac.roll.e,0.092951141
5.9800,A,mrac.roll.u_ad,0.029272426
5.9800,A,mrac.yaw.e,0.042158738
5.9800,A,mrac.yaw.u_ad,-0.010866445
5.9800,A,mrac.z.e,0.12858599
5.9800,A,mrac.z.u_ad,-0.081301883
5.9800,A,status.arm,1
5.9800,A,status.flymode,1
5.9800,A,status.rc_authority,0
5.9800,A,status.sbus_lost,0
5.9800,A,status.twc_arrived,0
5.9800,A,status.twc_execute,1
5.9800,B,mrac.pitch.theta_0,0.0025551142
5.9800,B,mrac.pitch.theta_1,0.00036155988
5.9800,B,mrac.pitch.theta_2,0.0071878713
5.9800,B,mrac.pitch.theta_3,0.0050742356
5.9800,B,mrac.pitch.theta_4,0.17516162
5.9800,B,mrac.pitch.theta_5,0.14058216
5.9800,B,mrac.pitch.u_nom,-0.12514554
5.9800,B,mrac.pitch.xm,-0.11752593
5.9800,B,mrac.roll.theta_0,0.042430125
5.9800,B,mrac.roll.theta_1,4.8107286e-05
5.9800,B,mrac.roll.theta_2,0.0029999889
5.9800,B,mrac.roll.theta_3,0.0029691763
5.9800,B,mrac.roll.theta_4,0.11245323
5.9800,B,mrac.roll.theta_5,0.12015864
5.9800,B,mrac.roll.u_nom,-0.043650445
5.9800,B,mrac.roll.xm,-0.0097479206
5.9800,B,mrac.yaw.theta_0,2.8483726e-23
5.9800,B,mrac.yaw.theta_1,0.0015332066
5.9800,B,mrac.yaw.theta_2,0.0021093299
5.9800,B,mrac.yaw.theta_3,0
5.9800,B,mrac.yaw.theta_4,0.074531578
5.9800,B,mrac.yaw.theta_5,0.088195674
5.9800,B,mrac.yaw.u_nom,-0.017713498
5.9800,B,mrac.yaw.xm,-0.11118856
5.9800,B,mrac.z.theta_0,0.0014752407
5.9800,B,mrac.z.theta_1,0.0044008759
5.9800,B,mrac.z.theta_2,0.00271423
5.9800,B,mrac.z.theta_3,0
5.9800,B,mrac.z.theta_4,0.1986655
5.9800,B,mrac.z.theta_5,0.19466925
5.9800,B,mrac.z.u_nom,-0.29150188
5.9800,B,mrac.z.xm,-0.12925054
5.9800,B,path.active_path_mode,1
5.9800,B,path.circle_theta,0
5.9800,B,path.sinusoid_t_elapsed,30.002968
5.9800,B,path.twc_arrived,0
5.9800,B,path.twc_target_x,-3.680094
5.9800,B,path.twc_target_y,-11.462023
5.9800,B,path.twc_target_z,0.5
5.9800,B,pid.gyrox.Des,-0.55851448
5.9800,B,pid.gyrox.FB,2.4886286
5.9800,B,pid.gyrox.U,-51.071018
5.9800,B,pid.gyroy.Des,-6.733737
5.9800,B,pid.gyroy.FB,1.032788
5.9800,B,pid.gyroy.U,-146.42027
5.9800,B,pid.gyroz.Des,-6.3706326
5.9800,B,pid.gyroz.FB,-2.4641147
5.9800,B,pid.gyroz.U,-33.159668
5.9800,B,pid.locx.Des,-3.680094
5.9800,B,pid.locx.FB,-8.2760572
5.9800,B,pid.locx.U,5.678297
5.9800,B,pid.locxs.Des,5.678297
5.9800,B,pid.locxs.FB,-1.0634857
5.9800,B,pid.locxs.U,20.231037
5.9800,B,pid.locy.Des,-11.462023
5.9800,B,pid.locy.FB,4.012918
5.9800,B,pid.locy.U,-14.259966
5.9800,B,pid.locys.Des,-14.259966
5.9800,B,pid.locys.FB,-4.9868822
5.9800,B,pid.locys.U,-27.676144
5.9800,B,pid.pitch.Des,-1.6011332
5.9800,B,pid.pitch.FB,-0.14004199
5.9800,B,pid.pitch.U,-6.733737
5.9800,B,pid.roll.Des,-1.2022895
5.9800,B,pid.roll.FB,-1.0782511
5.9800,B,pid.roll.U,-0.55851448
5.9800,B,pid.yaw.Des,0
5.9800,B,pid.yaw.FB,0.72843879
5.9800,B,pid.yaw.U,-6.3706326
5.9800,B,pid.z_pos.Des,0.5
5.9800,B,pid.z_pos.FB,0.53990275
5.9800,B,pid.z_pos.U,-0.12925054
5.9800,B,pid.z_rate.Des,-0.12925054
5.9800,B,pid.z_rate.FB,-9.2002825e-05
5.9800,B,pid.z_rate.U,-64.713417
6.1958,A,mrac.pitch.e,0.14529097
6.1958,A,mrac.pitch.u_ad,-0.016870197
6.1958,A,mrac.roll.e,0.073910825
6.1958,A,mrac.roll.u_ad,0.036447667
6.1958,A,mrac.yaw.e,0.067565881
6.1958,A,mrac.yaw.u_ad,-0.011925498
6.1958,A,mrac.z.e,0.1208244
6.1958,A,mrac.z.u_ad,-0.077552333
6.1958,A,status.arm,1
6.1958,A,status.flymode,1
6.1958,A,status.rc_authority,0
6.1958,A,status.sbus_lost,0
6.1958,A,status.twc_arrived,0
6.1958,A,status.twc_execute,1
6.1960,B,mrac.pitch.theta_0,0.0033780024
6.1960,B,mrac.pitch.theta_1,0.00036081215
6.1960,B,mrac.pitch.theta_2,0.0071838694
6.1960,B,mrac.pitch.theta_3,0.0050745746
6.1960,B,mrac.pitch.theta_4,0.17519698
6.1960,B,mrac.pitch.theta_5,0.14057936
6.1960,B,mrac.pitch.u_nom,-0.05738464
6.1960,B,mrac.pitch.xm,-0.082599431
6.1960,B,mrac.roll.theta_0,0.043209895
6.1960,B,mrac.roll.theta_1,4.7606332e-05
6.1960,B,mrac.roll.theta_2,0.0030016012
6.1960,B,mrac.roll.theta_3,0.0029693723
6.1960,B,mrac.roll.theta_4,0.11247864
6.1960,B,mrac.roll.theta_5,0.12015269
6.1960,B,mrac.roll.u_nom,-0.0021939923
6.1960,B,mrac.roll.xm,0.0077166352
6.1960,B,mrac.yaw.theta_0,1.5117986e-23
6.1960,B,mrac.yaw.theta_1,0.0015313784
6.1960,B,mrac.yaw.theta_2,0.0021082207
6.1960,B,mrac.yaw.theta_3,0
6.1960,B,mrac.yaw.theta_4,0.074560605
6.1960,B,mrac.yaw.theta_5,0.088195905
6.1960,B,mrac.yaw.u_nom,-0.034153882
6.1960,B,mrac.yaw.xm,-0.11890225
6.1960,B,mrac.z.theta_0,0.0019715601
6.1960,B,mrac.z.theta_1,0.0044472385
6.1960,B,mrac.z.theta_2,0.0027150298
6.1960,B,mrac.z.theta_3,0
6.1960,B,mrac.z.theta_4,0.19864988
6.1960,B,mrac.z.theta_5,0.19465765
6.1960,B,mrac.z.u_nom,-0.25518051
6.1960,B,mrac.z.xm,-0.12520984
6.1960,B,path.active_path_mode,1
6.1960,B,path.circle_theta,0
6.1960,B,path.sinusoid_t_elapsed,30.002968
6.1960,B,path.twc_arrived,0
6.1960,B,path.twc_target_x,-3.680094
6.1960,B,path.twc_target_y,-11.462023
6.1960,B,path.twc_target_z,0.5
6.1960,B,pid.gyrox.Des,0.44213045
6.1960,B,pid.gyrox.FB,2.0145268
6.1960,B,pid.gyrox.U,-2.5669708
6.1960,B,pid.gyroy.Des,-4.7325969
6.1960,B,pid.gyroy.FB,1.699023
6.1960,B,pid.gyroy.U,-67.14003
6.1960,B,pid.gyroz.Des,-6.8125944
6.1960,B,pid.gyroz.FB,0.91867775
6.1960,B,pid.gyroz.U,-63.936069
6.1960,B,pid.locx.Des,-3.680094
6.1960,B,pid.locx.FB,-8.282506
6.1960,B,pid.locx.U,5.6829548
6.1960,B,pid.locxs.Des,5.6829548
6.1960,B,pid.locxs.FB,-1.0558972
6.1960,B,pid.locxs.U,20.223221
6.1960,B,pid.locy.Des,-11.462023
6.1960,B,pid.locy.FB,3.5329614
6.1960,B,pid.locy.U,-13.923992
6.1960,B,pid.locys.Des,-13.923992
6.1960,B,pid.locys.FB,-3.9856093
6.1960,B,pid.locys.U,-29.720501
6.1960,B,pid.pitch.Des,-1.7187445
6.1960,B,pid.pitch.FB,-0.13464049
6.1960,B,pid.pitch.U,-4.7325969
6.1960,B,pid.roll.Des,-1.2055621
6.1960,B,pid.roll.FB,-1.330465
6.1960,B,pid.roll.U,0.44213045
6.1960,B,pid.yaw.Des,0
6.1960,B,pid.yaw.FB,0.80209905
6.1960,B,pid.yaw.U,-6.8125944
6.1960,B,pid.z_pos.Des,0.5
6.1960,B,pid.z_pos.FB,0.52985567
6.1960,B,pid.z_pos.U,-0.12520984
6.1960,B,pid.z_rate.Des,-0.12520984
6.1960,B,pid.z_rate.FB,-0.01620966
6.1960,B,pid.z_rate.U,-56.65007
6.3958,A,mrac.pitch.e,0.075534135
6.3958,A,mrac.pitch.u_ad,-0.0096140346
6.3958,A,mrac.roll.e,0.059875205
6.3958,A,mrac.roll.u_ad,0.037918407
6.3958,A,mrac.yaw.e,0.087184206
6.3958,A,mrac.yaw.u_ad,-0.011477472
6.3958,A,mrac.z.e,0.051306255
6.3958,A,mrac.z.u_ad,-0.051524505
6.3958,A,status.arm,1
6.3958,A,status.flymode,1
6.3958,A,status.rc_authority,0
6.3958,A,status.sbus_lost,0
6.3958,A,status.twc_arrived,0
6.3958,A,status.twc_execute,1
6.3959,B,mrac.pitch.theta_0,0.0031280299
6.3959,B,mrac.pitch.theta_1,0.00035977014
6.3959,B,mrac.pitch.theta_2,0.0071775885
6.3959,B,mrac.pitch.theta_3,0.0050745187
6.3959,B,mrac.pitch.theta_4,0.17523322
6.3959,B,mrac.pitch.theta_5,0.14058737
6.3959,B,mrac.pitch.u_nom,0.01278969
6.3959,B,mrac.pitch.xm,-0.082701638
6.3959,B,mrac.roll.theta_0,0.043290585
6.3959,B,mrac.roll.theta_1,4.7375775e-05
6.3959,B,mrac.roll.theta_2,0.0030020536
6.3959,B,mrac.roll.theta_3,0.0029694778
6.3959,B,mrac.roll.theta_4,0.11248912
6.3959,B,mrac.roll.theta_5,0.12015204
6.3959,B,mrac.roll.u_nom,0.080467768
6.3959,B,mrac.roll.xm,0.006175736
6.3959,B,mrac.yaw.theta_0,8.9744666e-24
6.3959,B,mrac.yaw.theta_1,0.0015351897
6.3959,B,mrac.yaw.theta_2,0.0021074086
6.3959,B,mrac.yaw.theta_3,0
6.3959,B,mrac.yaw.theta_4,0.074582987
6.3959,B,mrac.yaw.theta_5,0.088196307
6.3959,B,mrac.yaw.u_nom,-0.027572716
6.3959,B,mrac.yaw.xm,-0.11384784
6.3959,B,mrac.z.theta_0,0.0017874248
6.3959,B,mrac.z.theta_1,0.0044654529
6.3959,B,mrac.z.theta_2,0.0027148079
6.3959,B,mrac.z.theta_3,0
6.3959,B,mrac.z.theta_4,0.19863684
6.3959,B,mrac.z.theta_5,0.19465953
6.3959,B,mrac.z.u_nom,-0.286915
6.3959,B,mrac.z.xm,-0.12772839
6.3959,B,path.active_path_mode,1
6.3959,B,path.circle_theta,0
6.3959,B,path.sinusoid_t_elapsed,30.002968
6.3959,B,path.twc_arrived,0
6.3959,B,path.twc_target_x,-3.680094
6.3959,B,path.twc_target_y,-11.462023
6.3959,B,path.twc_target_z,0.5
6.3959,B,pid.gyrox.Des,0.35384345
6.3959,B,pid.gyrox.FB,-7.5783625
6.3959,B,pid.gyrox.U,94.147285
6.3959,B,pid.gyroy.Des,-4.7384529
6.3959,B,pid.gyroy.FB,-4.5664363
6.3959,B,pid.gyroy.U,14.963938
6.3959,B,pid.gyroz.Des,-6.5229979
6.3959,B,pid.gyroz.FB,-0.33047146
6.3959,B,pid.gyroz.U,-51.616123
6.3959,B,pid.locx.Des,-3.680094
6.3959,B,pid.locx.FB,-8.2895145
6.3959,B,pid.locx.U,5.6891274
6.3959,B,pid.locxs.Des,5.6891274
6.3959,B,pid.locxs.FB,-2.0524528
6.3959,B,pid.locxs.U,23.216534
6.3959,B,pid.locy.Des,-11.462023
6.3959,B,pid.locy.FB,3.0430126
6.3959,B,pid.locy.U,-13.484041
6.3959,B,pid.locys.Des,-13.484041
6.3959,B,pid.locys.FB,-3.9733407
6.3959,B,pid.locys.U,-28.383018
6.3959,B,pid.pitch.Des,-1.6393285
6.3959,B,pid.pitch.FB,-0.01111194
6.3959,B,pid.pitch.U,-4.7384529
6.3959,B,pid.roll.Des,-1.3778712
6.3959,B,pid.roll.FB,-1.4504498
6.3959,B,pid.roll.U,0.35384345
6.3959,B,pid.yaw.Des,0
6.3959,B,pid.yaw.FB,0.75383294
6.3959,B,pid.yaw.U,-6.5229979
6.3959,B,pid.z_pos.Des,0.5
6.3959,B,pid.z_pos.FB,0.52983016
6.3959,B,pid.z_pos.U,-0.12772839
6.3959,B,pid.z_rate.Des,-0.12772839
6.3959,B,pid.z_rate.FB,-0.0011155613
6.3959,B,pid.z_rate.U,-63.695129
6.6126,A,mrac.pitch.e,0.16658193
6.6126,A,mrac.pitch.u_ad,-0.018335359
6.6126,A,mrac.roll.e,-0.10032025
6.6126,A,mrac.roll.u_ad,0.053195823
6.6126,A,mrac.yaw.e,0.09041743
6.6126,A,mrac.yaw.u_ad,-0.013921552
6.6126,A,mrac.z.e,0.081998594
6.6126,A,mrac.z.u_ad,-0.060872689
6.6126,A,status.arm,1
6.6126,A,status.flymode,1
6.6126,A,status.rc_authority,0
6.6126,A,status.sbus_lost,0
6.6126,A,status.twc_arrived,1
6.6126,A,status.twc_execute,1
6.6126,B,mrac.pitch.theta_0,0.0027184344
6.6126,B,mrac.pitch.theta_1,0.00035396797
6.6126,B,mrac.pitch.theta_2,0.0071703829
6.6126,B,mrac.pitch.theta_3,0.0050747795
6.6126,B,mrac.pitch.theta_4,0.1752851
6.6126,B,mrac.pitch.theta_5,0.14059073
6.6126,B,mrac.pitch.u_nom,-0.023849405
6.6126,B,mrac.pitch.xm,-0.087129362
6.6126,B,mrac.roll.theta_0,0.043862857
6.6126,B,mrac.roll.theta_1,4.6979105e-05
6.6126,B,mrac.roll.theta_2,0.0030026108
6.6126,B,mrac.roll.theta_3,0.0029696862
6.6126,B,mrac.roll.theta_4,0.11251979
6.6126,B,mrac.roll.theta_5,0.12014632
6.6126,B,mrac.roll.u_nom,-0.0015501626
6.6126,B,mrac.roll.xm,-0.0051713199
6.6126,B,mrac.yaw.theta_0,3.5537411e-24
6.6126,B,mrac.yaw.theta_1,0.0015270535
6.6126,B,mrac.yaw.theta_2,0.0021055816
6.6126,B,mrac.yaw.theta_3,0
6.6126,B,mrac.yaw.theta_4,0.074632406
6.6126,B,mrac.yaw.theta_5,0.088198729
6.6126,B,mrac.yaw.u_nom,-0.026091715
6.6126,B,mrac.yaw.xm,-0.13669369
6.6126,B,mrac.z.theta_0,0.0029679572
6.6126,B,mrac.z.theta_1,0.0045166267
6.6126,B,mrac.z.theta_2,0.0027169518
6.6126,B,mrac.z.theta_3,0
6.6126,B,mrac.z.theta_4,0.198616
6.6126,B,mrac.z.theta_5,0.19463478
6.6126,B,mrac.z.u_nom,-0.09316989
6.6126,B,mrac.z.xm,-0.11607675
6.6126,B,path.active_path_mode,1
6.6126,B,path.circle_theta,0
6.6126,B,path.sinusoid_t_elapsed,30.002968
6.6126,B,path.twc_arrived,1
6.6126,B,path.twc_target_x,-3.680094
6.6126,B,path.twc_target_y,-11.462023
6.6126,B,path.twc_target_z,0.5
6.6126,B,pid.gyrox.Des,-0.29629469
6.6126,B,pid.gyrox.FB,1.3230759
6.6126,B,pid.gyrox.U,-1.8136902
6.6126,B,pid.gyroy.Des,-4.9921427
6.6126,B,pid.gyroy.FB,0.43879849
6.6126,B,pid.gyroy.U,-27.903805
6.6126,B,pid.gyroz.Des,-7.8319678
6.6126,B,pid.gyroz.FB,-1.9750766
6.6126,B,pid.gyroz.U,-48.843693
6.6126,B,pid.locx.Des,-3.680094
6.6126,B,pid.locx.FB,-8.3012848
6.6126,B,pid.locx.U,5.6996803
6.6126,B,pid.locxs.Des,5.6996803
6.6126,B,pid.locxs.FB,-2.0675669
6.6126,B,pid.locxs.U,23.297314
6.6126,B,pid.locy.Des,-11.462023
6.6126,B,pid.locy.FB,2.2230978
6.6126,B,pid.locy.U,-12.788119
6.6126,B,pid.locys.Des,-12.788119
6.6126,B,pid.locys.FB,-3.965497
6.6126,B,pid.locys.U,-26.271921
6.6126,B,pid.pitch.Des,-1.510875
6.6126,B,pid.pitch.FB,0.2202253
6.6126,B,pid.pitch.U,-4.9921427
6.6126,B,pid.roll.Des,-1.386718
6.6126,B,pid.roll.FB,-1.339278
6.6126,B,pid.roll.U,-0.29629469
6.6126,B,pid.yaw.Des,0
6.6126,B,pid.yaw.FB,0.97199464
6.6126,B,pid.yaw.U,-7.8319678
6.6126,B,pid.z_pos.Des,0.5
6.6126,B,pid.z_pos.FB,0.50985694
6.6126,B,pid.z_pos.U,-0.11607675
6.6126,B,pid.z_rate.Des,-0.11607675
6.6126,B,pid.z_rate.FB,-0.096752226
6.6126,B,pid.z_rate.U,-20.683716
6.8130,A,mrac.pitch.e,-0.015266672
6.8130,A,mrac.pitch.u_ad,0.0032960884
6.8130,A,mrac.roll.e,0.020780865
6.8130,A,mrac.roll.u_ad,0.043355409
6.8130,A,mrac.yaw.e,0.085180014
6.8130,A,mrac.yaw.u_ad,-0.014050075
6.8130,A,mrac.z.e,0.13128012
6.8130,A,mrac.z.u_ad,-0.080438726
6.8130,A,status.arm,1
6.8130,A,status.flymode,1
6.8130,A,status.rc_authority,0
6.8130,A,status.sbus_lost,0
6.8130,A,status.twc_arrived,1
6.8130,A,status.twc_execute,1
6.8131,B,mrac.pitch.theta_0,0.0022294931
6.8131,B,mrac.pitch.theta_1,0.00035090451
6.8131,B,mrac.pitch.theta_2,0.0071658241
6.8131,B,mrac.pitch.theta_3,0.0050747287
6.8131,B,mrac.pitch.theta_4,0.17531642
6.8131,B,mrac.pitch.theta_5,0.14059679
6.8131,B,mrac.pitch.u_nom,-0.033311635
6.8131,B,mrac.pitch.xm,-0.089117594
6.8131,B,mrac.roll.theta_0,0.046072714
6.8131,B,mrac.roll.theta_1,4.643622e-05
6.8131,B,mrac.roll.theta_2,0.0030039866
6.8131,B,mrac.roll.theta_3,0.0029698701
6.8131,B,mrac.roll.theta_4,0.11255319
6.8131,B,mrac.roll.theta_5,0.12014424
6.8131,B,mrac.roll.u_nom,0.058834668
6.8131,B,mrac.roll.xm,0.0064356793
6.8131,B,mrac.yaw.theta_0,1.8140365e-24
6.8131,B,mrac.yaw.theta_1,0.0015291719
6.8131,B,mrac.yaw.theta_2,0.0021048142
6.8131,B,mrac.yaw.theta_3,0
6.8131,B,mrac.yaw.theta_4,0.07466872
6.8131,B,mrac.yaw.theta_5,0.088202998
6.8131,B,mrac.yaw.u_nom,-0.032072164
6.8131,B,mrac.yaw.xm,-0.14277634
6.8131,B,mrac.z.theta_0,0.0026572326
6.8131,B,mrac.z.theta_1,0.0044625993
6.8131,B,mrac.z.theta_2,0.0027142963
6.8131,B,mrac.z.theta_3,0
6.8131,B,mrac.z.theta_4,0.19861835
6.8131,B,mrac.z.theta_5,0.19464347
6.8131,B,mrac.z.u_nom,-0.32751995
6.8131,B,mrac.z.xm,-0.12435444
6.8131,B,path.active_path_mode,1
6.8131,B,path.circle_theta,0
6.8131,B,path.sinusoid_t_elapsed,30.002968
6.8131,B,path.twc_arrived,1
6.8131,B,path.twc_target_x,-3.680094
6.8131,B,path.twc_target_y,-11.462023
6.8131,B,path.twc_target_z,0.5
6.8131,B,pid.gyrox.Des,0.3687371
6.8131,B,pid.gyrox.FB,1.5757666
6.8131,B,pid.gyrox.U,68.836563
6.8131,B,pid.gyroy.Des,-5.10606
6.8131,B,pid.gyroy.FB,0.052208729
6.8131,B,pid.gyroy.U,-38.974613
6.8131,B,pid.gyroz.Des,-8.1804781
6.8131,B,pid.gyroz.FB,-0.91882402
6.8131,B,pid.gyroz.U,-60.039093
6.8131,B,pid.locx.Des,-3.680094
6.8131,B,pid.locx.FB,-8.3112478
6.8131,B,pid.locx.U,5.706851
6.8131,B,pid.locxs.Des,5.706851
6.8131,B,pid.locxs.FB,-0.053931903
6.8131,B,pid.locxs.U,17.284569
6.8131,B,pid.locy.Des,-11.462023
6.8131,B,pid.locy.FB,1.6531852
6.8131,B,pid.locy.U,-12.384181
6.8131,B,pid.locys.Des,-12.384181
6.8131,B,pid.locys.FB,-2.9995153
6.8131,B,pid.locys.U,-28.009998
6.8131,B,pid.pitch.Des,-1.6172212
6.8131,B,pid.pitch.FB,0.18041542
6.8131,B,pid.pitch.U,-5.10606
6.8131,B,pid.roll.Des,-1.0389966
6.8131,B,pid.roll.FB,-1.3169503
6.8131,B,pid.roll.U,0.3687371
6.8131,B,pid.yaw.Des,0
6.8131,B,pid.yaw.FB,1.0300797
6.8131,B,pid.yaw.U,-8.1804781
6.8131,B,pid.z_pos.Des,0.5
6.8131,B,pid.z_pos.FB,0.51986003
6.8131,B,pid.z_pos.U,-0.12435444
6.8131,B,pid.z_rate.Des,-0.12435444
6.8131,B,pid.z_rate.FB,0.024794124
6.8131,B,pid.z_rate.U,-72.709427
7.0131,A,mrac.pitch.e,0.21496132
7.0131,A,mrac.pitch.u_ad,-0.033447504
7.0131,A,mrac.roll.e,-0.094589576
7.0131,A,mrac.roll.u_ad,0.052811284
7.0131,A,mrac.yaw.e,0.076213174
7.0131,A,mrac.yaw.u_ad,-0.013438858
7.0131,A,mrac.z.e,0.060965288
7.0131,A,mrac.z.u_ad,-0.050848477
7.0131,A,status.arm,1
7.0131,A,status.flymode,1
7.0131,A,status.rc_authority,0
7.0131,A,status.sbus_lost,0
7.0131,A,status.twc_arrived,1
7.0131,A,status.twc_execute,1
7.0131,B,mrac.pitch.theta_0,0.0023097857
7.0131,B,mrac.pitch.theta_1,0.00034918444
7.0131,B,mrac.pitch.theta_2,0.0071606697
7.0131,B,mrac.pitch.theta_3,0.0050745062
7.0131,B,mrac.pitch.theta_4,0.17535791
7.0131,B,mrac.pitch.theta_5,0.1406012
7.0131,B,mrac.pitch.u_nom,0.047471423
7.0131,B,mrac.pitch.xm,-0.082103767
7.0131,B,mrac.roll.theta_0,0.043027416
7.0131,B,mrac.roll.theta_1,4.5697627e-05
7.0131,B,mrac.roll.theta_2,0.00300358
7.0131,B,mrac.roll.theta_3,0.0029697907
7.0131,B,mrac.roll.theta_4,0.1125998
7.0131,B,mrac.roll.theta_5,0.12013249
7.0131,B,mrac.roll.u_nom,-0.045170859
7.0131,B,mrac.roll.xm,-0.0155742
7.0131,B,mrac.yaw.theta_0,7.6957084e-25
7.0131,B,mrac.yaw.theta_1,0.0015382143
7.0131,B,mrac.yaw.theta_2,0.0021040025
7.0131,B,mrac.yaw.theta_3,0
7.0131,B,mrac.yaw.theta_4,0.07470829
7.0131,B,mrac.yaw.theta_5,0.088206328
7.0131,B,mrac.yaw.u_nom,-0.028322719
7.0131,B,mrac.yaw.xm,-0.13118501
7.0131,B,mrac.z.theta_0,0.0046697385
7.0131,B,mrac.z.theta_1,0.00446244
7.0131,B,mrac.z.theta_2,0.0027182486
7.0131,B,mrac.z.theta_3,0
7.0131,B,mrac.z.theta_4,0.19860078
7.0131,B,mrac.z.theta_5,0.19461226
7.0131,B,mrac.z.u_nom,-0.067763574
7.0131,B,mrac.z.xm,-0.11197966
7.0131,B,path.active_path_mode,1
7.0131,B,path.circle_theta,0
7.0131,B,path.sinusoid_t_elapsed,30.002968
7.0131,B,path.twc_arrived,1
7.0131,B,path.twc_target_x,-3.680094
7.0131,B,path.twc_target_y,-11.462023
7.0131,B,path.twc_target_z,0.5
7.0131,B,pid.gyrox.Des,-0.89233553
7.0131,B,pid.gyrox.FB,4.4007974
7.0131,B,pid.gyrox.U,-52.849903
7.0131,B,pid.gyroy.Des,-4.7041974
7.0131,B,pid.gyroy.FB,-3.9920635
7.0131,B,pid.gyroy.U,55.541565
7.0131,B,pid.gyroz.Des,-7.5163445
7.0131,B,pid.gyroz.FB,-1.132477
7.0131,B,pid.gyroz.U,-53.02013
7.0131,B,pid.locx.Des,-3.680094
7.0131,B,pid.locx.FB,-8.2446451
7.0131,B,pid.locx.U,5.6533756
7.0131,B,pid.locxs.Des,5.6533756
7.0131,B,pid.locxs.FB,-1.0480083
7.0131,B,pid.locxs.U,20.10112
7.0131,B,pid.locy.Des,-11.462023
7.0131,B,pid.locy.FB,0.84189767
7.0131,B,pid.locy.U,-11.735147
7.0131,B,pid.locys.Des,-11.735147
7.0131,B,pid.locys.FB,-2.983568
7.0131,B,pid.locys.U,-26.108894
7.0131,B,pid.pitch.Des,-1.5057775
7.0131,B,pid.pitch.FB,0.09375263
7.0131,B,pid.pitch.U,-4.7041974
7.0131,B,pid.roll.Des,-1.1985662
7.0131,B,pid.roll.FB,-1.0636004
7.0131,B,pid.roll.U,-0.89233553
7.0131,B,pid.yaw.Des,0
7.0131,B,pid.yaw.FB,0.91939074
7.0131,B,pid.yaw.U,-7.5163445
7.0131,B,pid.z_pos.Des,0.5
7.0131,B,pid.z_pos.FB,0.49991319
7.0131,B,pid.z_pos.U,-0.11197966
7.0131,B,pid.z_rate.Des,-0.11197966
7.0131,B,pid.z_rate.FB,-0.10670588
7.0131,B,pid.z_rate.U,-15.043514
7.2296,A,mrac.pitch.e,-0.060018815
7.2296,A,mrac.pitch.u_ad,-0.0092065781
7.2296,A,mrac.roll.e,0.066882662
7.2296,A,mrac.roll.u_ad,0.044080626
7.2296,A,mrac.yaw.e,0.099241614
7.2296,A,mrac.yaw.u_ad,-0.01440827
7.2296,A,mrac.z.e,0.11111985
7.2296,A,mrac.z.u_ad,-0.069000989
7.2296,A,status.arm,1
7.2296,A,status.flymode,1
7.2296,A,status.rc_authority,0
7.2296,A,status.sbus_lost,0
7.2296,A,status.twc_arrived,1
7.2296,A,status.twc_execute,1
7.2297,B,mrac.pitch.theta_0,0.0017461946
7.2297,B,mrac.pitch.theta_1,0.00034434607
7.2297,B,mrac.pitch.theta_2,0.0071544349
7.2297,B,mrac.pitch.theta_3,0.0050745523
7.2297,B,mrac.pitch.theta_4,0.17539626
7.2297,B,mrac.pitch.theta_5,0.14061119
7.2297,B,mrac.pitch.u_nom,-0.095473394
7.2297,B,mrac.pitch.xm,-0.097514607
7.2297,B,mrac.roll.theta_0,0.04706597
7.2297,B,mrac.roll.theta_1,4.5247343e-05
7.2297,B,mrac.roll.theta_2,0.0030063414
7.2297,B,mrac.roll.theta_3,0.0029698471
7.2297,B,mrac.roll.theta_4,0.11263053
7.2297,B,mrac.roll.theta_5,0.12012585
7.2297,B,mrac.roll.u_nom,-0.0291673
7.2297,B,mrac.roll.xm,4.2980941e-05
7.2297,B,mrac.yaw.theta_0,3.7687734e-25
7.2297,B,mrac.yaw.theta_1,0.0015338769
7.2297,B,mrac.yaw.theta_2,0.0021026602
7.2297,B,mrac.yaw.theta_3,0
7.2297,B,mrac.yaw.theta_4,0.07475087
7.2297,B,mrac.yaw.theta_5,0.088210732
7.2297,B,mrac.yaw.u_nom,-0.050232299
7.2297,B,mrac.yaw.xm,-0.14564927
7.2297,B,mrac.z.theta_0,0.0043681627
7.2297,B,mrac.z.theta_1,0.0045147031
7.2297,B,mrac.z.theta_2,0.0027179762
7.2297,B,mrac.z.theta_3,0
7.2297,B,mrac.z.theta_4,0.19858354
7.2297,B,mrac.z.theta_5,0.19460465
7.2297,B,mrac.z.u_nom,-0.25430879
7.2297,B,mrac.z.xm,-0.11193427
7.2297,B,path.active_path_mode,1
7.2297,B,path.circle_theta,0
7.2297,B,path.sinusoid_t_elapsed,30.002968
7.2297,B,path.twc_arrived,1
7.2297,B,path.twc_target_x,-3.680094
7.2297,B,path.twc_target_y,-11.462023
7.2297,B,path.twc_target_z,0.5
7.2297,B,pid.gyrox.Des,0.0024626255
7.2297,B,pid.gyrox.FB,0.31466427
7.2297,B,pid.gyrox.U,-34.12574
7.2297,B,pid.gyroy.Des,-5.587173
7.2297,B,pid.gyroy.FB,0.2471915
7.2297,B,pid.gyroy.U,-111.70387
7.2297,B,pid.gyroz.Des,-8.3450851
7.2297,B,pid.gyroz.FB,3.1534104
7.2297,B,pid.gyroz.U,-94.034866
7.2297,B,pid.locx.Des,-3.680094
7.2297,B,pid.locx.FB,-8.2499313
7.2297,B,pid.locx.U,5.6565247
7.2297,B,pid.locxs.Des,5.6565247
7.2297,B,pid.locxs.FB,-2.0365715
7.2297,B,pid.locxs.U,23.084349
7.2297,B,pid.locy.Des,-11.462023
7.2297,B,pid.locy.FB,0.52694219
7.2297,B,pid.locy.U,-11.555179
7.2297,B,pid.locys.Des,-11.555179
7.2297,B,pid.locys.FB,-1.9627472
7.2297,B,pid.locys.U,-28.733545
7.2297,B,pid.pitch.Des,-1.6526653
7.2297,B,pid.pitch.FB,0.27961895
7.2297,B,pid.pitch.U,-5.587173
7.2297,B,pid.roll.Des,-1.3791848
7.2297,B,pid.roll.FB,-1.3649586
7.2297,B,pid.roll.U,0.0024626255
7.2297,B,pid.yaw.Des,0
7.2297,B,pid.yaw.FB,1.0575142
7.2297,B,pid.yaw.U,-8.3450851
7.2297,B,pid.z_pos.Des,0.5
7.2297,B,pid.z_pos.FB,0.49985215
7.2297,B,pid.z_pos.U,-0.11193427
7.2297,B,pid.z_rate.Des,-0.11193427
7.2297,B,pid.z_rate.FB,-0.0034178859
7.2297,B,pid.z_rate.U,-56.456554
7.4462,A,mrac.pitch.e,0.22287408
7.4462,A,mrac.pitch.u_ad,-0.035378434
7.4462,A,mrac.roll.e,0.044050638
7.4462,A,mrac.roll.u_ad,0.047683921
7.4462,A,mrac.yaw.e,0.12185326
7.4462,A,mrac.yaw.u_ad,-0.014754113
7.4462,A,mrac.z.e,0.11202923
7.4462,A,mrac.z.u_ad,-0.069404952
7.4462,A,status.arm,1
7.4462,A,status.flymode,1
7.4462,A,status.rc_authority,0
7.4462,A,status.sbus_lost,0
7.4462,A,status.twc_arrived,1
7.4462,A,status.twc_execute,1
7.4462,B,mrac.pitch.theta_0,0.0028828182
7.4462,B,mrac.pitch.theta_1,0.00034589157
7.4462,B,mrac.pitch.theta_2,0.0071553919
7.4462,B,mrac.pitch.theta_3,0.0050744382
7.4462,B,mrac.pitch.theta_4,0.17540148
7.4462,B,mrac.pitch.theta_5,0.14060207
7.4462,B,mrac.pitch.u_nom,0.075794719
7.4462,B,mrac.pitch.xm,-0.082557462
7.4462,B,mrac.roll.theta_0,0.046485353
7.4462,B,mrac.roll.theta_1,4.5135108e-05
7.4462,B,mrac.roll.theta_2,0.0030062424
7.4462,B,mrac.roll.theta_3,0.0029697956
7.4462,B,mrac.roll.theta_4,0.1126371
7.4462,B,mrac.roll.theta_5,0.12012448
7.4462,B,mrac.roll.u_nom,0.015066653
7.4462,B,mrac.roll.xm,0.00093814259
7.4462,B,mrac.yaw.theta_0,2.7921853e-25
7.4462,B,mrac.yaw.theta_1,0.0015394796
7.4462,B,mrac.yaw.theta_2,0.0021022372
7.4462,B,mrac.yaw.theta_3,0
7.4462,B,mrac.yaw.theta_4,0.074765809
7.4462,B,mrac.yaw.theta_5,0.088212565
7.4462,B,mrac.yaw.u_nom,-0.03741337
7.4462,B,mrac.yaw.xm,-0.14247543
7.4462,B,mrac.z.theta_0,0.0041828752
7.4462,B,mrac.z.theta_1,0.0045169042
7.4462,B,mrac.z.theta_2,0.0027178719
7.4462,B,mrac.z.theta_3,0
7.4462,B,mrac.z.theta_4,0.19857606
7.4462,B,mrac.z.theta_5,0.1946025
7.4462,B,mrac.z.u_nom,-0.25978914
7.4462,B,mrac.z.xm,-0.1119402
7.4462,B,path.active_path_mode,1
7.4462,B,path.circle_theta,0
7.4462,B,path.sinusoid_t_elapsed,30.002968
7.4462,B,path.twc_arrived,1
7.4462,B,path.twc_target_x,-3.680094
7.4462,B,path.twc_target_y,-11.462023
7.4462,B,path.twc_target_z,0.5
7.4462,B,pid.gyrox.Des,0.053751588
7.4462,B,pid.gyrox.FB,2.8196447
7.4462,B,pid.gyrox.U,17.627983
7.4462,B,pid.gyroy.Des,-4.7301922
7.4462,B,pid.gyroy.FB,-7.4582677
7.4462,B,pid.gyroy.U,88.679817
7.4462,B,pid.gyroz.Des,-8.1632376
7.4462,B,pid.gyroz.FB,0.33691525
7.4462,B,pid.gyroz.U,-70.037827
7.4462,B,pid.locx.Des,-3.680094
7.4462,B,pid.locx.FB,-8.2513971
7.4462,B,pid.locx.U,5.6576843
7.4462,B,pid.locxs.Des,5.6576843
7.4462,B,pid.locxs.FB,-1.0177665
7.4462,B,pid.locxs.U,20.084856
7.4462,B,pid.locy.Des,-11.462023
7.4462,B,pid.locy.FB,0.44695562
7.4462,B,pid.locy.U,-11.491189
7.4462,B,pid.locys.Des,-11.491189
7.4462,B,pid.locys.FB,-0.98191214
7.4462,B,pid.locys.U,-28.482336
7.4462,B,pid.pitch.Des,-1.6419222
7.4462,B,pid.pitch.FB,-0.025180439
7.4462,B,pid.pitch.U,-4.7301922
7.4462,B,pid.roll.Des,-1.2029341
7.4462,B,pid.roll.FB,-1.2920444
7.4462,B,pid.roll.U,0.053751588
7.4462,B,pid.yaw.Des,0
7.4462,B,pid.yaw.FB,1.0272063
7.4462,B,pid.yaw.U,-8.1632376
7.4462,B,pid.z_pos.Des,0.5
7.4462,B,pid.z_pos.FB,0.4998728
7.4462,B,pid.z_pos.U,-0.1119402
7.4462,B,pid.z_rate.Des,-0.1119402
7.4462,B,pid.z_rate.FB,-0.00038222849
7.4462,B,pid.z_rate.U,-57.673187
7.6466,A,mrac.pitch.e,0.22287408
7.6466,A,mrac.pitch.u_ad,-0.035378434
7.6466,A,mrac.roll.e,0.044050638
7.6466,A,mrac.roll.u_ad,0.047683921
7.6466,A,mrac.yaw.e,0.12185326
7.6466,A,mrac.yaw.u_ad,-0.014754113
7.6466,A,mrac.z.e,0.11202923
7.6466,A,mrac.z.u_ad,-0.069404952
7.6466,A,status.arm,1
7.6466,A,status.flymode,1
7.6466,A,status.rc_authority,0
7.6466,A,status.sbus_lost,0
7.6466,A,status.twc_arrived,1
7.6466,A,status.twc_execute,1
7.6467,B,mrac.pitch.theta_0,0.0028828182
7.6467,B,mrac.pitch.theta_1,0.00034589157
7.6467,B,mrac.pitch.theta_2,0.0071553919
7.6467,B,mrac.pitch.theta_3,0.0050744382
7.6467,B,mrac.pitch.theta_4,0.17540148
7.6467,B,mrac.pitch.theta_5,0.14060207
7.6467,B,mrac.pitch.u_nom,0.075794719
7.6467,B,mrac.pitch.xm,-0.082557462
7.6467,B,mrac.roll.theta_0,0.046485353
7.6467,B,mrac.roll.theta_1,4.5135108e-05
7.6467,B,mrac.roll.theta_2,0.0030062424
7.6467,B,mrac.roll.theta_3,0.0029697956
7.6467,B,mrac.roll.theta_4,0.1126371
7.6467,B,mrac.roll.theta_5,0.12012448
7.6467,B,mrac.roll.u_nom,0.015066653
7.6467,B,mrac.roll.xm,0.00093814259
7.6467,B,mrac.yaw.theta_0,2.7921853e-25
7.6467,B,mrac.yaw.theta_1,0.0015394796
7.6467,B,mrac.yaw.theta_2,0.0021022372
7.6467,B,mrac.yaw.theta_3,0
7.6467,B,mrac.yaw.theta_4,0.074765809
7.6467,B,mrac.yaw.theta_5,0.088212565
7.6467,B,mrac.yaw.u_nom,-0.03741337
7.6467,B,mrac.yaw.xm,-0.14247543
7.6467,B,mrac.z.theta_0,0.0041828752
7.6467,B,mrac.z.theta_1,0.0045169042
7.6467,B,mrac.z.theta_2,0.0027178719
7.6467,B,mrac.z.theta_3,0
7.6467,B,mrac.z.theta_4,0.19857606
7.6467,B,mrac.z.theta_5,0.1946025
7.6467,B,mrac.z.u_nom,-0.25978914
7.6467,B,mrac.z.xm,-0.1119402
7.6467,B,path.active_path_mode,1
7.6467,B,path.circle_theta,0
7.6467,B,path.sinusoid_t_elapsed,30.002968
7.6467,B,path.twc_arrived,1
7.6467,B,path.twc_target_x,-3.680094
7.6467,B,path.twc_target_y,-11.462023
7.6467,B,path.twc_target_z,0.5
7.6467,B,pid.gyrox.Des,0.053751588
7.6467,B,pid.gyrox.FB,2.8196447
7.6467,B,pid.gyrox.U,17.627983
7.6467,B,pid.gyroy.Des,-4.7301922
7.6467,B,pid.gyroy.FB,-7.4582677
7.6467,B,pid.gyroy.U,88.679817
7.6467,B,pid.gyroz.Des,-8.1632376
7.6467,B,pid.gyroz.FB,0.33691525
7.6467,B,pid.gyroz.U,-70.037827
7.6467,B,pid.locx.Des,-3.680094
7.6467,B,pid.locx.FB,-8.2513971
7.6467,B,pid.locx.U,5.6576843
7.6467,B,pid.locxs.Des,5.6576843
7.6467,B,pid.locxs.FB,-1.0177665
7.6467,B,pid.locxs.U,20.084856
7.6467,B,pid.locy.Des,-11.462023
7.6467,B,pid.locy.FB,0.44695562
7.6467,B,pid.locy.U,-11.491189
7.6467,B,pid.locys.Des,-11.491189
7.6467,B,pid.locys.FB,-0.98191214
7.6467,B,pid.locys.U,-28.482336
7.6467,B,pid.pitch.Des,-1.6419222
7.6467,B,pid.pitch.FB,-0.025180439
7.6467,B,pid.pitch.U,-4.7301922
7.6467,B,pid.roll.Des,-1.2029341
7.6467,B,pid.roll.FB,-1.2920444
7.6467,B,pid.roll.U,0.053751588
7.6467,B,pid.yaw.Des,0
7.6467,B,pid.yaw.FB,1.0272063
7.6467,B,pid.yaw.U,-8.1632376
7.6467,B,pid.z_pos.Des,0.5
7.6467,B,pid.z_pos.FB,0.4998728
7.6467,B,pid.z_pos.U,-0.1119402
7.6467,B,pid.z_rate.Des,-0.1119402
7.6467,B,pid.z_rate.FB,-0.00038222849
7.6467,B,pid.z_rate.U,-57.673187
7.8469,A,mrac.pitch.e,0.22287408
7.8469,A,mrac.pitch.u_ad,-0.035378434
7.8469,A,mrac.roll.e,0.044050638
7.8469,A,mrac.roll.u_ad,0.047683921
7.8469,A,mrac.yaw.e,0.12185326
7.8469,A,mrac.yaw.u_ad,-0.014754113
7.8469,A,mrac.z.e,0.11202923
7.8469,A,mrac.z.u_ad,-0.069404952
7.8469,A,status.arm,1
7.8469,A,status.flymode,1
7.8469,A,status.rc_authority,0
7.8469,A,status.sbus_lost,0
7.8469,A,status.twc_arrived,1
7.8469,A,status.twc_execute,1
7.8469,B,mrac.pitch.theta_0,0.0028828182
7.8469,B,mrac.pitch.theta_1,0.00034589157
7.8469,B,mrac.pitch.theta_2,0.0071553919
7.8469,B,mrac.pitch.theta_3,0.0050744382
7.8469,B,mrac.pitch.theta_4,0.17540148
7.8469,B,mrac.pitch.theta_5,0.14060207
7.8469,B,mrac.pitch.u_nom,0.075794719
7.8469,B,mrac.pitch.xm,-0.082557462
7.8469,B,mrac.roll.theta_0,0.046485353
7.8469,B,mrac.roll.theta_1,4.5135108e-05
7.8469,B,mrac.roll.theta_2,0.0030062424
7.8469,B,mrac.roll.theta_3,0.0029697956
7.8469,B,mrac.roll.theta_4,0.1126371
7.8469,B,mrac.roll.theta_5,0.12012448
7.8469,B,mrac.roll.u_nom,0.015066653
7.8469,B,mrac.roll.xm,0.00093814259
7.8469,B,mrac.yaw.theta_0,2.7921853e-25
7.8469,B,mrac.yaw.theta_1,0.0015394796
7.8469,B,mrac.yaw.theta_2,0.0021022372
7.8469,B,mrac.yaw.theta_3,0
7.8469,B,mrac.yaw.theta_4,0.074765809
7.8469,B,mrac.yaw.theta_5,0.088212565
7.8469,B,mrac.yaw.u_nom,-0.03741337
7.8469,B,mrac.yaw.xm,-0.14247543
7.8469,B,mrac.z.theta_0,0.0041828752
7.8469,B,mrac.z.theta_1,0.0045169042
7.8469,B,mrac.z.theta_2,0.0027178719
7.8469,B,mrac.z.theta_3,0
7.8469,B,mrac.z.theta_4,0.19857606
7.8469,B,mrac.z.theta_5,0.1946025
7.8469,B,mrac.z.u_nom,-0.25978914
7.8469,B,mrac.z.xm,-0.1119402
7.8469,B,path.active_path_mode,1
7.8469,B,path.circle_theta,0
7.8469,B,path.sinusoid_t_elapsed,30.002968
7.8469,B,path.twc_arrived,1
7.8469,B,path.twc_target_x,-3.680094
7.8469,B,path.twc_target_y,-11.462023
7.8469,B,path.twc_target_z,0.5
7.8469,B,pid.gyrox.Des,0.053751588
7.8469,B,pid.gyrox.FB,2.8196447
7.8469,B,pid.gyrox.U,17.627983
7.8469,B,pid.gyroy.Des,-4.7301922
7.8469,B,pid.gyroy.FB,-7.4582677
7.8469,B,pid.gyroy.U,88.679817
7.8469,B,pid.gyroz.Des,-8.1632376
7.8469,B,pid.gyroz.FB,0.33691525
7.8469,B,pid.gyroz.U,-70.037827
7.8469,B,pid.locx.Des,-3.680094
7.8469,B,pid.locx.FB,-8.2513971
7.8469,B,pid.locx.U,5.6576843
7.8469,B,pid.locxs.Des,5.6576843
7.8469,B,pid.locxs.FB,-1.0177665
7.8469,B,pid.locxs.U,20.084856
7.8469,B,pid.locy.Des,-11.462023
7.8469,B,pid.locy.FB,0.44695562
7.8469,B,pid.locy.U,-11.491189
7.8469,B,pid.locys.Des,-11.491189
7.8469,B,pid.locys.FB,-0.98191214
7.8469,B,pid.locys.U,-28.482336
7.8469,B,pid.pitch.Des,-1.6419222
7.8469,B,pid.pitch.FB,-0.025180439
7.8469,B,pid.pitch.U,-4.7301922
7.8469,B,pid.roll.Des,-1.2029341
7.8469,B,pid.roll.FB,-1.2920444
7.8469,B,pid.roll.U,0.053751588
7.8469,B,pid.yaw.Des,0
7.8469,B,pid.yaw.FB,1.0272063
7.8469,B,pid.yaw.U,-8.1632376
7.8469,B,pid.z_pos.Des,0.5
7.8469,B,pid.z_pos.FB,0.4998728
7.8469,B,pid.z_pos.U,-0.1119402
7.8469,B,pid.z_rate.Des,-0.1119402
7.8469,B,pid.z_rate.FB,-0.00038222849
7.8469,B,pid.z_rate.U,-57.673187
8.0630,A,mrac.pitch.e,0.22287408
8.0630,A,mrac.pitch.u_ad,-0.035378434
8.0630,A,mrac.roll.e,0.044050638
8.0630,A,mrac.roll.u_ad,0.047683921
8.0630,A,mrac.yaw.e,0.12185326
8.0630,A,mrac.yaw.u_ad,-0.014754113
8.0630,A,mrac.z.e,0.11202923
8.0630,A,mrac.z.u_ad,-0.069404952
8.0630,A,status.arm,1
8.0630,A,status.flymode,1
8.0630,A,status.rc_authority,0
8.0630,A,status.sbus_lost,0
8.0630,A,status.twc_arrived,1
8.0630,A,status.twc_execute,1
8.0630,B,mrac.pitch.theta_0,0.0028828182
8.0630,B,mrac.pitch.theta_1,0.00034589157
8.0630,B,mrac.pitch.theta_2,0.0071553919
8.0630,B,mrac.pitch.theta_3,0.0050744382
8.0630,B,mrac.pitch.theta_4,0.17540148
8.0630,B,mrac.pitch.theta_5,0.14060207
8.0630,B,mrac.pitch.u_nom,0.075794719
8.0630,B,mrac.pitch.xm,-0.082557462
8.0630,B,mrac.roll.theta_0,0.046485353
8.0630,B,mrac.roll.theta_1,4.5135108e-05
8.0630,B,mrac.roll.theta_2,0.0030062424
8.0630,B,mrac.roll.theta_3,0.0029697956
8.0630,B,mrac.roll.theta_4,0.1126371
8.0630,B,mrac.roll.theta_5,0.12012448
8.0630,B,mrac.roll.u_nom,0.015066653
8.0630,B,mrac.roll.xm,0.00093814259
8.0630,B,mrac.yaw.theta_0,2.7921853e-25
8.0630,B,mrac.yaw.theta_1,0.0015394796
8.0630,B,mrac.yaw.theta_2,0.0021022372
8.0630,B,mrac.yaw.theta_3,0
8.0630,B,mrac.yaw.theta_4,0.074765809
8.0630,B,mrac.yaw.theta_5,0.088212565
8.0630,B,mrac.yaw.u_nom,-0.03741337
8.0630,B,mrac.yaw.xm,-0.14247543
8.0630,B,mrac.z.theta_0,0.0041828752
8.0630,B,mrac.z.theta_1,0.0045169042
8.0630,B,mrac.z.theta_2,0.0027178719
8.0630,B,mrac.z.theta_3,0
8.0630,B,mrac.z.theta_4,0.19857606
8.0630,B,mrac.z.theta_5,0.1946025
8.0630,B,mrac.z.u_nom,-0.25978914
8.0630,B,mrac.z.xm,-0.1119402
8.0630,B,path.active_path_mode,1
8.0630,B,path.circle_theta,0
8.0630,B,path.sinusoid_t_elapsed,30.002968
8.0630,B,path.twc_arrived,1
8.0630,B,path.twc_target_x,-3.680094
8.0630,B,path.twc_target_y,-11.462023
8.0630,B,path.twc_target_z,0.5
8.0630,B,pid.gyrox.Des,0.053751588
8.0630,B,pid.gyrox.FB,2.8196447
8.0630,B,pid.gyrox.U,17.627983
8.0630,B,pid.gyroy.Des,-4.7301922
8.0630,B,pid.gyroy.FB,-7.4582677
8.0630,B,pid.gyroy.U,88.679817
8.0630,B,pid.gyroz.Des,-8.1632376
8.0630,B,pid.gyroz.FB,0.33691525
8.0630,B,pid.gyroz.U,-70.037827
8.0630,B,pid.locx.Des,-3.680094
8.0630,B,pid.locx.FB,-8.2513971
8.0630,B,pid.locx.U,5.6576843
8.0630,B,pid.locxs.Des,5.6576843
8.0630,B,pid.locxs.FB,-1.0177665
8.0630,B,pid.locxs.U,20.084856
8.0630,B,pid.locy.Des,-11.462023
8.0630,B,pid.locy.FB,0.44695562
8.0630,B,pid.locy.U,-11.491189
8.0630,B,pid.locys.Des,-11.491189
8.0630,B,pid.locys.FB,-0.98191214
8.0630,B,pid.locys.U,-28.482336
8.0630,B,pid.pitch.Des,-1.6419222
8.0630,B,pid.pitch.FB,-0.025180439
8.0630,B,pid.pitch.U,-4.7301922
8.0630,B,pid.roll.Des,-1.2029341
8.0630,B,pid.roll.FB,-1.2920444
8.0630,B,pid.roll.U,0.053751588
8.0630,B,pid.yaw.Des,0
8.0630,B,pid.yaw.FB,1.0272063
8.0630,B,pid.yaw.U,-8.1632376
8.0630,B,pid.z_pos.Des,0.5
8.0630,B,pid.z_pos.FB,0.4998728
8.0630,B,pid.z_pos.U,-0.1119402
8.0630,B,pid.z_rate.Des,-0.1119402
8.0630,B,pid.z_rate.FB,-0.00038222849
8.0630,B,pid.z_rate.U,-57.673187
