t_s,frame,key,value
0.0015,ID,id.arm,1
0.0015,ID,id.axis,2
0.0015,ID,id.dither,-0
0.0015,ID,id.mode,1
0.0015,ID,id.sample_counter,43004
0.0015,ID,id.sysid_state,3
0.0015,ID,id.vbat,0
0.0015,ID,id.yaw.r,-0.062748663
0.0015,ID,id.yaw.u_ad,-0.001354845
0.0015,ID,id.yaw.u_nom,-0.026160913
0.0015,ID,id.yaw.x,0.047560573
0.0015,ID,id.yaw.xm,-0.062748663
0.0248,ID,id.arm,1
0.0248,ID,id.axis,2
0.0248,ID,id.dither,0
0.0248,ID,id.mode,1
0.0248,ID,id.sample_counter,43005
0.0248,ID,id.sysid_state,0
0.0248,ID,id.vbat,0
0.0248,ID,id.yaw.r,-0.1888245
0.0248,ID,id.yaw.u_ad,-0.021784108
0.0248,ID,id.yaw.u_nom,-0.055698492
0.0248,ID,id.yaw.x,0.034353368
0.0248,ID,id.yaw.xm,-0.1888245
0.1036,ID,id.arm,1
0.1036,ID,id.axis,0
0.1036,ID,id.dither,7.7522445e-06
0.1036,ID,id.mode,1
0.1036,ID,id.pitch.r,-0.015545432
0.1036,ID,id.pitch.u_ad,-0.0026872733
0.1036,ID,id.pitch.u_nom,-0.0066706534
0.1036,ID,id.pitch.x,0.23719864
0.1036,ID,id.pitch.xm,-0.015545432
0.1036,ID,id.sample_counter,43006
0.1036,ID,id.sysid_state,1
0.1036,ID,id.vbat,0
0.1084,ID,id.arm,1
0.1084,ID,id.axis,0
0.1084,ID,id.dither,6.2016734e-05
0.1084,ID,id.mode,1
0.1084,ID,id.pitch.r,-0.0073876572
0.1084,ID,id.pitch.u_ad,-0.0040635485
0.1084,ID,id.pitch.u_nom,-0.11111677
0.1084,ID,id.pitch.x,0.3007496
0.1084,ID,id.pitch.xm,-0.0073876572
0.1084,ID,id.sample_counter,43007
0.1084,ID,id.sysid_state,1
0.1084,ID,id.vbat,0
0.1153,ID,id.arm,1
0.1153,ID,id.axis,0
0.1153,ID,id.dither,0.00020927431
0.1153,ID,id.mode,1
0.1153,ID,id.pitch.r,-0.020443074
0.1153,ID,id.pitch.u_ad,-0.0047166469
0.1153,ID,id.pitch.u_nom,-0.067986473
0.1153,ID,id.pitch.x,0.26590723
0.1153,ID,id.pitch.xm,-0.020443074
0.1153,ID,id.sample_counter,43008
0.1153,ID,id.sysid_state,1
0.1153,ID,id.vbat,0
0.1185,ID,id.arm,1
0.1185,ID,id.axis,0
0.1185,ID,id.dither,0.00049595989
0.1185,ID,id.mode,1
0.1185,ID,id.pitch.r,-0.014947183
0.1185,ID,id.pitch.u_ad,-0.0050473604
0.1185,ID,id.pitch.u_nom,-0.061290905
0.1185,ID,id.pitch.x,0.2477634
0.1185,ID,id.pitch.xm,-0.014947183
0.1185,ID,id.sample_counter,43009
0.1185,ID,id.sysid_state,1
0.1185,ID,id.vbat,0
0.1235,ID,id.arm,1
0.1235,ID,id.axis,0
0.1235,ID,id.dither,0.00096858275
0.1235,ID,id.mode,1
0.1235,ID,id.pitch.r,-0.025818562
0.1235,ID,id.pitch.u_ad,-0.0080060028
0.1235,ID,id.pitch.u_nom,-0.19249316
0.1235,ID,id.pitch.x,0.39974537
0.1235,ID,id.pitch.xm,-0.025818562
0.1235,ID,id.sample_counter,43010
0.1235,ID,id.sysid_state,1
0.1235,ID,id.vbat,0
0.1283,ID,id.arm,1
0.1283,ID,id.axis,0
0.1283,ID,id.dither,0.0016733917
0.1283,ID,id.mode,1
0.1283,ID,id.pitch.r,-0.029557709
0.1283,ID,id.pitch.u_ad,-0.0065903463
0.1283,ID,id.pitch.u_nom,0.023413425
0.1283,ID,id.pitch.x,0.18900089
0.1283,ID,id.pitch.xm,-0.029557709
0.1283,ID,id.sample_counter,43011
0.1283,ID,id.sysid_state,1
0.1283,ID,id.vbat,0
0.1334,ID,id.arm,1
0.1334,ID,id.axis,0
0.1334,ID,id.dither,0.0026567653
0.1334,ID,id.mode,1
0.1334,ID,id.pitch.r,-0.026365615
0.1334,ID,id.pitch.u_ad,-0.0092705954
0.1334,ID,id.pitch.u_nom,-0.18741234
0.1334,ID,id.pitch.x,0.36284685
0.1334,ID,id.pitch.xm,-0.026365615
0.1334,ID,id.sample_counter,43012
0.1334,ID,id.sysid_state,1
0.1334,ID,id.vbat,0
0.1384,ID,id.arm,1
0.1384,ID,id.axis,0
0.1384,ID,id.dither,0.0039648092
0.1384,ID,id.mode,1
0.1384,ID,id.pitch.r,-0.038886745
0.1384,ID,id.pitch.u_ad,-0.0078522302
0.1384,ID,id.pitch.u_nom,0.025511345
0.1384,ID,id.pitch.x,0.17110379
0.1384,ID,id.pitch.xm,-0.038886745
0.1384,ID,id.sample_counter,43013
0.1384,ID,id.sysid_state,1
0.1384,ID,id.vbat,0
0.1437,ID,id.arm,1
0.1437,ID,id.axis,0
0.1437,ID,id.dither,0.0056437128
0.1437,ID,id.mode,1
0.1437,ID,id.pitch.r,-0.032589789
0.1437,ID,id.pitch.u_ad,-0.0097972509
0.1437,ID,id.pitch.u_nom,-0.14935695
0.1437,ID,id.pitch.x,0.29910365
0.1437,ID,id.pitch.xm,-0.032589789
0.1437,ID,id.sample_counter,43014
0.1437,ID,id.sysid_state,1
0.1437,ID,id.vbat,0
0.1490,ID,id.arm,1
0.1490,ID,id.axis,0
0.1490,ID,id.dither,0.0077393642
0.1490,ID,id.mode,1
0.1490,ID,id.pitch.r,-0.04648789
0.1490,ID,id.pitch.u_ad,-0.010277947
0.1490,ID,id.pitch.u_nom,-0.070771463
0.1490,ID,id.pitch.x,0.2593579
0.1490,ID,id.pitch.xm,-0.04648789
0.1490,ID,id.sample_counter,43015
0.1490,ID,id.sysid_state,1
0.1490,ID,id.vbat,0
0.1534,ID,id.arm,1
0.1534,ID,id.axis,0
0.1534,ID,id.dither,0.010297682
0.1534,ID,id.mode,1
0.1534,ID,id.pitch.r,-0.04198264
0.1534,ID,id.pitch.u_ad,-0.0098485081
0.1534,ID,id.pitch.u_nom,-0.029849855
0.1534,ID,id.pitch.x,0.19092242
0.1534,ID,id.pitch.xm,-0.04198264
0.1534,ID,id.sample_counter,43016
0.1534,ID,id.sysid_state,1
0.1534,ID,id.vbat,0
0.1583,ID,id.arm,1
0.1583,ID,id.axis,0
0.1583,ID,id.dither,0.013364388
0.1583,ID,id.mode,1
0.1583,ID,id.pitch.r,-0.15228027
0.1583,ID,id.pitch.u_ad,-0.015026802
0.1583,ID,id.pitch.u_nom,-0.19860636
0.1583,ID,id.pitch.x,0.27489111
0.1583,ID,id.pitch.xm,-0.15228027
0.1583,ID,id.sample_counter,43017
0.1583,ID,id.sysid_state,1
0.1583,ID,id.vbat,0
0.1635,ID,id.arm,1
0.1635,ID,id.axis,0
0.1635,ID,id.dither,0.016984958
0.1635,ID,id.mode,1
0.1635,ID,id.pitch.r,-0.077608481
0.1635,ID,id.pitch.u_ad,-0.013614241
0.1635,ID,id.pitch.u_nom,0.026592424
0.1635,ID,id.pitch.x,0.12796684
0.1635,ID,id.pitch.xm,-0.077608481
0.1635,ID,id.sample_counter,43018
0.1635,ID,id.sysid_state,1
0.1635,ID,id.vbat,0
0.1641,A,mrac.pitch.e,0.20661747
0.1641,A,mrac.pitch.u_ad,-0.027108217
0.1641,A,mrac.roll.e,-0.2173617
0.1641,A,mrac.roll.u_ad,0.16147248
0.1641,A,mrac.yaw.e,0.21340318
0.1641,A,mrac.yaw.u_ad,-0.021338467
0.1641,A,mrac.z.e,0.10621598
0.1641,A,mrac.z.u_ad,-0.057903521
0.1641,A,status.arm,1
0.1641,A,status.flymode,1
0.1641,A,status.rc_authority,0
0.1641,A,status.sbus_lost,0
0.1641,A,status.twc_arrived,0
0.1641,A,status.twc_execute,0
0.1642,B,mrac.pitch.theta_0,3.8353875e-08
0.1642,B,mrac.pitch.theta_1,0.0026793308
0.1642,B,mrac.pitch.theta_2,0.00036447751
0.1642,B,mrac.pitch.theta_3,0.0021368773
0.1642,B,mrac.pitch.theta_4,0.12672588
0.1642,B,mrac.pitch.theta_5,0.14228033
0.1642,B,mrac.pitch.u_nom,-0.13606945
0.1642,B,mrac.pitch.xm,-0.13345523
0.1642,B,mrac.roll.theta_0,0.14801875
0.1642,B,mrac.roll.theta_1,0.0010706458
0.1642,B,mrac.roll.theta_2,0.0078351134
0.1642,B,mrac.roll.theta_3,0.0017508217
0.1642,B,mrac.roll.theta_4,0.1164327
0.1642,B,mrac.roll.theta_5,0.13305739
0.1642,B,mrac.roll.u_nom,0.13481887
0.1642,B,mrac.roll.xm,0.06991189
0.1642,B,mrac.yaw.theta_0,1.9618179e-44
0.1642,B,mrac.yaw.theta_1,0.0038231763
0.1642,B,mrac.yaw.theta_2,0.0011539053
0.1642,B,mrac.yaw.theta_3,0
0.1642,B,mrac.yaw.theta_4,0.11176347
0.1642,B,mrac.yaw.theta_5,0.088189892
0.1642,B,mrac.yaw.u_nom,-0.05672732
0.1642,B,mrac.yaw.xm,-0.17635128
0.1642,B,mrac.z.theta_0,0.010391511
0.1642,B,mrac.z.theta_1,0.0020866562
0.1642,B,mrac.z.theta_2,0.0010444676
0.1642,B,mrac.z.theta_3,0
0.1642,B,mrac.z.theta_4,0.19652115
0.1642,B,mrac.z.theta_5,0.19049689
0.1642,B,mrac.z.u_nom,-0.248189
0.1642,B,mrac.z.xm,-0.10660028
0.1642,B,path.active_path_mode,0
0.1642,B,path.circle_theta,0
0.1642,B,path.sinusoid_t_elapsed,0
0.1642,B,path.twc_arrived,0
0.1642,B,path.twc_target_x,0
0.1642,B,path.twc_target_y,0
0.1642,B,path.twc_target_z,0
0.1642,B,pid.gyrox.Des,4.0056543
0.1642,B,pid.gyrox.FB,-5.558001
0.1642,B,pid.gyrox.U,157.73808
0.1642,B,pid.gyroy.Des,-7.6464181
0.1642,B,pid.gyroy.FB,6.5247588
0.1642,B,pid.gyroy.U,-159.20125
0.1642,B,pid.gyroz.Des,-10.104179
0.1642,B,pid.gyroz.FB,2.9126422
0.1642,B,pid.gyroz.U,-106.19354
0.1642,B,pid.locx.Des,0
0.1642,B,pid.locx.FB,0.76229656
0.1642,B,pid.locx.U,-2.4688075
0.1642,B,pid.locxs.Des,-2.4688075
0.1642,B,pid.locxs.FB,-3.9176743
0.1642,B,pid.locxs.U,4.4412475
0.1642,B,pid.locy.Des,-47.210907
0.1642,B,pid.locy.FB,-23.9251
0.1642,B,pid.locy.U,-20.516798
0.1642,B,pid.locys.Des,-20.516798
0.1642,B,pid.locys.FB,-3.1067393
0.1642,B,pid.locys.U,-49.070194
0.1642,B,pid.pitch.Des,-2.8694906
0.1642,B,pid.pitch.FB,-0.36534271
0.1642,B,pid.pitch.U,-7.6464181
0.1642,B,pid.roll.Des,-0.18209788
0.1642,B,pid.roll.FB,-1.5195327
0.1642,B,pid.roll.U,4.0056543
0.1642,B,pid.yaw.Des,-2.8954291
0.1642,B,pid.yaw.FB,-1.5447326
0.1642,B,pid.yaw.U,-10.104179
0.1642,B,pid.z_pos.Des,1.0195838
0.1642,B,pid.z_pos.FB,1.0296168
0.1642,B,pid.z_pos.U,-0.10660028
0.1642,B,pid.z_rate.Des,-0.10660028
0.1642,B,pid.z_rate.FB,-0.0014803832
0.1642,B,pid.z_rate.U,-55.097958
0.1642,B,status.vbat,0
0.1684,ID,id.arm,1
0.1684,ID,id.axis,0
0.1684,ID,id.dither,0.02120482
0.1684,ID,id.mode,1
0.1684,ID,id.pitch.r,-0.0045146779
0.1684,ID,id.pitch.u_ad,-0.013257443
0.1684,ID,id.pitch.u_nom,-0.10209523
0.1684,ID,id.pitch.x,0.25989521
0.1684,ID,id.pitch.xm,-0.0045146779
0.1684,ID,id.sample_counter,43019
0.1684,ID,id.sysid_state,1
0.1684,ID,id.vbat,0
0.1736,ID,id.arm,1
0.1736,ID,id.axis,0
0.1736,ID,id.dither,0.02606912
0.1736,ID,id.mode,1
0.1736,ID,id.pitch.r,-0.064069889
0.1736,ID,id.pitch.u_ad,-0.011913335
0.1736,ID,id.pitch.u_nom,0.023520119
0.1736,ID,id.pitch.x,0.068555638
0.1736,ID,id.pitch.xm,-0.064069889
0.1736,ID,id.sample_counter,43020
0.1736,ID,id.sysid_state,1
0.1736,ID,id.vbat,0
0.1783,ID,id.arm,1
0.1783,ID,id.axis,0
0.1783,ID,id.dither,0.031622823
0.1783,ID,id.mode,1
0.1783,ID,id.pitch.r,-0.053744737
0.1783,ID,id.pitch.u_ad,-0.013501366
0.1783,ID,id.pitch.u_nom,-0.13390769
0.1783,ID,id.pitch.x,0.20534007
0.1783,ID,id.pitch.xm,-0.053744737
0.1783,ID,id.sample_counter,43021
0.1783,ID,id.sysid_state,1
0.1783,ID,id.vbat,0
0.1835,ID,id.arm,1
0.1835,ID,id.axis,0
0.1835,ID,id.dither,0.037910704
0.1835,ID,id.mode,1
0.1835,ID,id.pitch.r,-0.066494696
0.1835,ID,id.pitch.u_ad,-0.013304872
0.1835,ID,id.pitch.u_nom,-0.036661759
0.1835,ID,id.pitch.x,0.14450982
0.1835,ID,id.pitch.xm,-0.066494696
0.1835,ID,id.sample_counter,43022
0.1835,ID,id.sysid_state,1
0.1835,ID,id.vbat,0
0.1887,ID,id.arm,1
0.1887,ID,id.axis,0
0.1887,ID,id.dither,0.044977341
0.1887,ID,id.mode,1
0.1887,ID,id.pitch.r,-0.05942494
0.1887,ID,id.pitch.u_ad,-0.012369735
0.1887,ID,id.pitch.u_nom,-0.002677249
0.1887,ID,id.pitch.x,0.073261015
0.1887,ID,id.pitch.xm,-0.05942494
0.1887,ID,id.sample_counter,43023
0.1887,ID,id.sysid_state,1
0.1887,ID,id.vbat,0
0.1934,ID,id.arm,1
0.1934,ID,id.axis,0
0.1934,ID,id.dither,0.052866943
0.1934,ID,id.mode,1
0.1934,ID,id.pitch.r,-0.064130619
0.1934,ID,id.pitch.u_ad,-0.013175338
0.1934,ID,id.pitch.u_nom,-0.082274653
0.1934,ID,id.pitch.x,0.12470345
0.1934,ID,id.pitch.xm,-0.064130619
0.1934,ID,id.sample_counter,43024
0.1934,ID,id.sysid_state,1
0.1934,ID,id.vbat,0
0.1986,ID,id.arm,1
0.1986,ID,id.axis,0
0.1986,ID,id.dither,0.061623648
0.1986,ID,id.mode,1
0.1986,ID,id.pitch.r,-0.16788423
0.1986,ID,id.pitch.u_ad,-0.014619445
0.1986,ID,id.pitch.u_nom,-0.0021212585
0.1986,ID,id.pitch.x,-0.050735481
0.1986,ID,id.pitch.xm,-0.16788423
0.1986,ID,id.sample_counter,43025
0.1986,ID,id.sysid_state,1
0.1986,ID,id.vbat,0
0.2034,ID,id.arm,1
0.2034,ID,id.axis,0
0.2034,ID,id.dither,0.071291029
0.2034,ID,id.mode,1
0.2034,ID,id.pitch.r,-0.086674564
0.2034,ID,id.pitch.u_ad,-0.016394233
0.2034,ID,id.pitch.u_nom,-0.12568104
0.2034,ID,id.pitch.x,0.15089299
0.2034,ID,id.pitch.xm,-0.086674564
0.2034,ID,id.sample_counter,43026
0.2034,ID,id.sysid_state,1
0.2034,ID,id.vbat,0
0.2085,ID,id.arm,1
0.2085,ID,id.axis,0
0.2085,ID,id.dither,0.081912749
0.2085,ID,id.mode,1
0.2085,ID,id.pitch.r,-0.025337879
0.2085,ID,id.pitch.u_ad,-0.012884886
0.2085,ID,id.pitch.u_nom,0.072378352
0.2085,ID,id.pitch.x,-0.0067768907
0.2085,ID,id.pitch.xm,-0.025337879
0.2085,ID,id.sample_counter,43027
0.2085,ID,id.sysid_state,1
0.2085,ID,id.vbat,0
0.2137,ID,id.arm,1
0.2137,ID,id.axis,0
0.2137,ID,id.dither,0.093531847
0.2137,ID,id.mode,1
0.2137,ID,id.pitch.r,-0.066142499
0.2137,ID,id.pitch.u_ad,-0.013546891
0.2137,ID,id.pitch.u_nom,-0.074166007
0.2137,ID,id.pitch.x,0.0355624
0.2137,ID,id.pitch.xm,-0.066142499
0.2137,ID,id.sample_counter,43028
0.2137,ID,id.sysid_state,1
0.2137,ID,id.vbat,0
0.2183,ID,id.arm,1
0.2183,ID,id.axis,0
0.2183,ID,id.dither,0.10619126
0.2183,ID,id.mode,1
0.2183,ID,id.pitch.r,-0.17501856
0.2183,ID,id.pitch.u_ad,-0.017049316
0.2183,ID,id.pitch.u_nom,-0.10599107
0.2183,ID,id.pitch.x,0.025440903
0.2183,ID,id.pitch.xm,-0.17501856
0.2183,ID,id.sample_counter,43029
0.2183,ID,id.sysid_state,1
0.2183,ID,id.vbat,0
0.2234,ID,id.arm,1
0.2234,ID,id.axis,0
0.2234,ID,id.dither,0.11993326
0.2234,ID,id.mode,1
0.2234,ID,id.pitch.r,-0.094015837
0.2234,ID,id.pitch.u_ad,-0.015851231
0.2234,ID,id.pitch.u_nom,0.023235407
0.2234,ID,id.pitch.x,-0.0036434142
0.2234,ID,id.pitch.xm,-0.094015837
0.2234,ID,id.sample_counter,43030
0.2234,ID,id.sysid_state,1
0.2234,ID,id.vbat,0
0.2284,ID,id.arm,1
0.2284,ID,id.axis,0
0.2284,ID,id.dither,0.13480039
0.2284,ID,id.mode,1
0.2284,ID,id.pitch.r,-0.028638324
0.2284,ID,id.pitch.u_ad,-0.013922218
0.2284,ID,id.pitch.u_nom,-0.0027393894
0.2284,ID,id.pitch.x,0.023703713
0.2284,ID,id.pitch.xm,-0.028638324
0.2284,ID,id.sample_counter,43031
0.2284,ID,id.sysid_state,1
0.2284,ID,id.vbat,0
0.2334,ID,id.arm,1
0.2334,ID,id.axis,0
0.2334,ID,id.dither,0.15083432
0.2334,ID,id.mode,1
0.2334,ID,id.pitch.r,-0.072598167
0.2334,ID,id.pitch.u_ad,-0.011950077
0.2334,ID,id.pitch.u_nom,0.065275155
0.2334,ID,id.pitch.x,-0.13820182
0.2334,ID,id.pitch.xm,-0.072598167
0.2334,ID,id.sample_counter,43032
0.2334,ID,id.sysid_state,1
0.2334,ID,id.vbat,0
0.2384,ID,id.arm,1
0.2384,ID,id.axis,0
0.2384,ID,id.dither,0.16807635
0.2384,ID,id.mode,1
0.2384,ID,id.pitch.r,-0.16733059
0.2384,ID,id.pitch.u_ad,-0.015991108
0.2384,ID,id.pitch.u_nom,-0.13092259
0.2384,ID,id.pitch.x,-0.016605902
0.2384,ID,id.pitch.xm,-0.16733059
0.2384,ID,id.sample_counter,43033
0.2384,ID,id.sysid_state,1
0.2384,ID,id.vbat,0
0.2433,ID,id.arm,1
0.2433,ID,id.axis,0
0.2433,ID,id.dither,0.18656786
0.2433,ID,id.mode,1
0.2433,ID,id.pitch.r,-0.097520612
0.2433,ID,id.pitch.u_ad,-0.013960628
0.2433,ID,id.pitch.u_nom,0.079653241
0.2433,ID,id.pitch.x,-0.1170965
0.2433,ID,id.pitch.xm,-0.097520612
0.2433,ID,id.sample_counter,43034
0.2433,ID,id.sysid_state,1
0.2433,ID,id.vbat,0
0.2490,ID,id.arm,1
0.2490,ID,id.axis,0
0.2490,ID,id.dither,0.20634946
0.2490,ID,id.mode,1
0.2490,ID,id.pitch.r,-0.020761611
0.2490,ID,id.pitch.u_ad,-0.012095507
0.2490,ID,id.pitch.u_nom,-0.00022277077
0.2490,ID,id.pitch.x,-0.045115173
0.2490,ID,id.pitch.xm,-0.020761611
0.2490,ID,id.sample_counter,43035
0.2490,ID,id.sysid_state,1
0.2490,ID,id.vbat,0
0.2534,ID,id.arm,1
0.2534,ID,id.axis,0
0.2534,ID,id.dither,0.22746117
0.2534,ID,id.mode,1
0.2534,ID,id.pitch.r,-0.077182189
0.2534,ID,id.pitch.u_ad,-0.012499253
0.2534,ID,id.pitch.u_nom,-0.041616291
0.2534,ID,id.pitch.x,-0.048388693
0.2534,ID,id.pitch.xm,-0.077182189
0.2534,ID,id.sample_counter,43036
0.2534,ID,id.sysid_state,1
0.2534,ID,id.vbat,0
0.2584,ID,id.arm,1
0.2584,ID,id.axis,0
0.2584,ID,id.dither,0.24994309
0.2584,ID,id.mode,1
0.2584,ID,id.pitch.r,-0.074128166
0.2584,ID,id.pitch.u_ad,-0.012773791
0.2584,ID,id.pitch.u_nom,-0.041963983
0.2584,ID,id.pitch.x,-0.0094299605
0.2584,ID,id.pitch.xm,-0.074128166
0.2584,ID,id.sample_counter,43037
0.2584,ID,id.sysid_state,1
0.2584,ID,id.vbat,0
0.2639,ID,id.arm,1
0.2639,ID,id.axis,0
0.2639,ID,id.dither,0.2738345
0.2639,ID,id.mode,1
0.2639,ID,id.pitch.r,-0.078509443
0.2639,ID,id.pitch.u_ad,-0.014706623
0.2639,ID,id.pitch.u_nom,-0.12881161
0.2639,ID,id.pitch.x,0.12835589
0.2639,ID,id.pitch.xm,-0.078509443
0.2639,ID,id.sample_counter,43038
0.2639,ID,id.sysid_state,1
0.2639,ID,id.vbat,0
0.2685,ID,id.arm,1
0.2685,ID,id.axis,0
0.2685,ID,id.dither,0.29917467
0.2685,ID,id.mode,1
0.2685,ID,id.pitch.r,-0.080381669
0.2685,ID,id.pitch.u_ad,-0.013214815
0.2685,ID,id.pitch.u_nom,0.040907849
0.2685,ID,id.pitch.x,-0.0097870976
0.2685,ID,id.pitch.xm,-0.080381669
0.2685,ID,id.sample_counter,43039
0.2685,ID,id.sysid_state,1
0.2685,ID,id.vbat,0
0.2735,ID,id.arm,1
0.2735,ID,id.axis,0
0.2735,ID,id.dither,0.32600179
0.2735,ID,id.mode,1
0.2735,ID,id.pitch.r,-0.074886248
0.2735,ID,id.pitch.u_ad,-0.014414703
0.2735,ID,id.pitch.u_nom,-0.096706606
0.2735,ID,id.pitch.x,0.092203617
0.2735,ID,id.pitch.xm,-0.074886248
0.2735,ID,id.sample_counter,43040
0.2735,ID,id.sysid_state,1
0.2735,ID,id.vbat,0
0.2784,ID,id.arm,1
0.2784,ID,id.axis,0
0.2784,ID,id.dither,0.35435385
0.2784,ID,id.mode,1
0.2784,ID,id.pitch.r,-0.18056931
0.2784,ID,id.pitch.u_ad,-0.01672863
0.2784,ID,id.pitch.u_nom,-0.043730419
0.2784,ID,id.pitch.x,-0.021268785
0.2784,ID,id.pitch.xm,-0.18056931
0.2784,ID,id.sample_counter,43041
0.2784,ID,id.sysid_state,1
0.2784,ID,id.vbat,0
0.2835,ID,id.arm,1
0.2835,ID,id.axis,0
0.2835,ID,id.dither,0.3842687
0.2835,ID,id.mode,1
0.2835,ID,id.pitch.r,-0.10048223
0.2835,ID,id.pitch.u_ad,-0.017175868
0.2835,ID,id.pitch.u_nom,-0.05526131
0.2835,ID,id.pitch.x,0.06932307
0.2835,ID,id.pitch.xm,-0.10048223
0.2835,ID,id.sample_counter,43042
0.2835,ID,id.sysid_state,1
0.2835,ID,id.vbat,0
0.2883,ID,id.arm,1
0.2883,ID,id.axis,0
0.2883,ID,id.dither,0.41578352
0.2883,ID,id.mode,1
0.2883,ID,id.pitch.r,-0.039360199
0.2883,ID,id.pitch.u_ad,-0.01556533
0.2883,ID,id.pitch.u_nom,-0.019420229
0.2883,ID,id.pitch.x,0.08865577
0.2883,ID,id.pitch.xm,-0.039360199
0.2883,ID,id.sample_counter,43043
0.2883,ID,id.sysid_state,1
0.2883,ID,id.vbat,0
0.2934,ID,id.arm,1
0.2934,ID,id.axis,0
0.2934,ID,id.dither,0.44893461
0.2934,ID,id.mode,1
0.2934,ID,id.pitch.r,-0.082463928
0.2934,ID,id.pitch.u_ad,-0.015184826
0.2934,ID,id.pitch.u_nom,-0.021584
0.2934,ID,id.pitch.x,0.020638153
0.2934,ID,id.pitch.xm,-0.082463928
0.2934,ID,id.sample_counter,43044
0.2934,ID,id.sysid_state,1
0.2934,ID,id.vbat,0
0.2987,ID,id.arm,1
0.2987,ID,id.axis,0
0.2987,ID,id.dither,0.48375794
0.2987,ID,id.mode,1
0.2987,ID,id.pitch.r,-0.18976223
0.2987,ID,id.pitch.u_ad,-0.01981068
0.2987,ID,id.pitch.u_nom,-0.162212
0.2987,ID,id.pitch.x,0.088780962
0.2987,ID,id.pitch.xm,-0.18976223
0.2987,ID,id.sample_counter,43045
0.2987,ID,id.sysid_state,1
0.2987,ID,id.vbat,0
0.3033,ID,id.arm,1
0.3033,ID,id.axis,0
0.3033,ID,id.dither,0.5202893
0.3033,ID,id.mode,1
0.3033,ID,id.pitch.r,-0.11533742
0.3033,ID,id.pitch.u_ad,-0.018120874
0.3033,ID,id.pitch.u_nom,0.051779661
0.3033,ID,id.pitch.x,-0.012619624
0.3033,ID,id.pitch.xm,-0.11533742
0.3033,ID,id.sample_counter,43046
0.3033,ID,id.sysid_state,1
0.3033,ID,id.vbat,0
0.3085,ID,id.arm,1
0.3085,ID,id.axis,0
0.3085,ID,id.dither,0.55856317
0.3085,ID,id.mode,1
0.3085,ID,id.pitch.r,-0.046973314
0.3085,ID,id.pitch.u_ad,-0.017404806
0.3085,ID,id.pitch.u_nom,-0.064707898
0.3085,ID,id.pitch.x,0.097970366
0.3085,ID,id.pitch.xm,-0.046973314
0.3085,ID,id.sample_counter,43047
0.3085,ID,id.sysid_state,1
0.3085,ID,id.vbat,0
0.3137,ID,id.arm,1
0.3137,ID,id.axis,0
0.3137,ID,id.dither,0.59861481
0.3137,ID,id.mode,1
0.3137,ID,id.pitch.r,-0.09970811
0.3137,ID,id.pitch.u_ad,-0.017391527
0.3137,ID,id.pitch.u_nom,-0.035513721
0.3137,ID,id.pitch.x,0.03364243
0.3137,ID,id.pitch.xm,-0.09970811
0.3137,ID,id.sample_counter,43048
0.3137,ID,id.sysid_state,1
0.3137,ID,id.vbat,0
0.3184,ID,id.arm,1
0.3184,ID,id.axis,0
0.3184,ID,id.dither,0.64047742
0.3184,ID,id.mode,1
0.3184,ID,id.pitch.r,-0.095877685
0.3184,ID,id.pitch.u_ad,-0.018635066
0.3184,ID,id.pitch.u_nom,-0.10720967
0.3184,ID,id.pitch.x,0.1273479
0.3184,ID,id.pitch.xm,-0.095877685
0.3184,ID,id.sample_counter,43049
0.3184,ID,id.sysid_state,1
0.3184,ID,id.vbat,0
0.3234,ID,id.arm,1
0.3234,ID,id.axis,0
0.3234,ID,id.dither,0.68418419
0.3234,ID,id.mode,1
0.3234,ID,id.pitch.r,-0.10130163
0.3234,ID,id.pitch.u_ad,-0.018537048
0.3234,ID,id.pitch.u_nom,-0.03955441
0.3234,ID,id.pitch.x,0.089737691
0.3234,ID,id.pitch.xm,-0.10130163
0.3234,ID,id.sample_counter,43050
0.3234,ID,id.sysid_state,1
0.3234,ID,id.vbat,0
0.3283,ID,id.arm,1
0.3283,ID,id.axis,0
0.3283,ID,id.dither,0.72976834
0.3283,ID,id.mode,1
0.3283,ID,id.pitch.r,-0.097254954
0.3283,ID,id.pitch.u_ad,-0.018632241
0.3283,ID,id.pitch.u_nom,-0.053230114
0.3283,ID,id.pitch.x,0.090944357
0.3283,ID,id.pitch.xm,-0.097254954
0.3283,ID,id.sample_counter,43051
0.3283,ID,id.sysid_state,1
0.3283,ID,id.vbat,0
0.3336,ID,id.arm,1
0.3336,ID,id.axis,0
0.3336,ID,id.dither,0.77726191
0.3336,ID,id.mode,1
0.3336,ID,id.pitch.r,-0.10155678
0.3336,ID,id.pitch.u_ad,-0.019668315
0.3336,ID,id.pitch.u_nom,-0.099455558
0.3336,ID,id.pitch.x,0.14767855
0.3336,ID,id.pitch.xm,-0.10155678
0.3336,ID,id.sample_counter,43052
0.3336,ID,id.sysid_state,1
0.3336,ID,id.vbat,0
0.3384,ID,id.arm,1
0.3384,ID,id.axis,0
0.3384,ID,id.dither,0.82669562
0.3384,ID,id.mode,1
0.3384,ID,id.pitch.r,-0.20044182
0.3384,ID,id.pitch.u_ad,-0.020998843
0.3384,ID,id.pitch.u_nom,-0.0084511451
0.3384,ID,id.pitch.x,-0.034405343
0.3384,ID,id.pitch.xm,-0.20044182
0.3384,ID,id.sample_counter,43053
0.3384,ID,id.sysid_state,1
0.3384,ID,id.vbat,0
0.3433,ID,id.arm,1
0.3433,ID,id.axis,0
0.3433,ID,id.dither,0.87810165
0.3433,ID,id.mode,1
0.3433,ID,id.pitch.r,-0.12179191
0.3433,ID,id.pitch.u_ad,-0.022456337
0.3433,ID,id.pitch.u_nom,-0.11684684
0.3433,ID,id.pitch.x,0.13634393
0.3433,ID,id.pitch.xm,-0.12179191
0.3433,ID,id.sample_counter,43054
0.3433,ID,id.sysid_state,1
0.3433,ID,id.vbat,0
0.3487,ID,id.arm,1
0.3487,ID,id.axis,0
0.3487,ID,id.dither,0.93150926
0.3487,ID,id.mode,1
0.3487,ID,id.pitch.r,-0.061360102
0.3487,ID,id.pitch.u_ad,-0.019386521
0.3487,ID,id.pitch.u_nom,0.043751303
0.3487,ID,id.pitch.x,0.039543863
0.3487,ID,id.pitch.xm,-0.061360102
0.3487,ID,id.sample_counter,43055
0.3487,ID,id.sysid_state,1
0.3487,ID,id.vbat,0
0.3534,ID,id.arm,1
0.3534,ID,id.axis,0
0.3534,ID,id.dither,0.98694813
0.3534,ID,id.mode,1
0.3534,ID,id.pitch.r,-0.10369876
0.3534,ID,id.pitch.u_ad,-0.020416314
0.3534,ID,id.pitch.u_nom,-0.10070882
0.3534,ID,id.pitch.x,0.0890458
0.3534,ID,id.pitch.xm,-0.10369876
0.3534,ID,id.sample_counter,43056
0.3534,ID,id.sysid_state,1
0.3534,ID,id.vbat,0
0.3585,ID,id.arm,1
0.3585,ID,id.axis,0
0.3585,ID,id.dither,1.0444477
0.3585,ID,id.mode,1
0.3585,ID,id.pitch.r,-0.21374455
0.3585,ID,id.pitch.u_ad,-0.02382254
0.3585,ID,id.pitch.u_nom,-0.10939487
0.3585,ID,id.pitch.x,0.052051902
0.3585,ID,id.pitch.xm,-0.21374455
0.3585,ID,id.sample_counter,43057
0.3585,ID,id.sysid_state,1
0.3585,ID,id.vbat,0
0.3638,ID,id.arm,1
0.3638,ID,id.axis,0
0.3638,ID,id.dither,1.104036
0.3638,ID,id.mode,1
0.3638,ID,id.pitch.r,-0.12945299
0.3638,ID,id.pitch.u_ad,-0.022159014
0.3638,ID,id.pitch.u_nom,0.037114404
0.3638,ID,id.pitch.x,-0.01440676
0.3638,ID,id.pitch.xm,-0.12945299
0.3638,ID,id.sample_counter,43058
0.3638,ID,id.sysid_state,1
0.3638,ID,id.vbat,0
0.3685,ID,id.arm,1
0.3685,ID,id.axis,0
0.3685,ID,id.dither,1.1657405
0.3685,ID,id.mode,1
0.3685,ID,id.pitch.r,-0.068164274
0.3685,ID,id.pitch.u_ad,-0.021300036
0.3685,ID,id.pitch.u_nom,-0.062568426
0.3685,ID,id.pitch.x,0.082085766
0.3685,ID,id.pitch.xm,-0.068164274
0.3685,ID,id.sample_counter,43059
0.3685,ID,id.sysid_state,1
0.3685,ID,id.vbat,0
0.3733,ID,id.arm,1
0.3733,ID,id.axis,0
0.3733,ID,id.dither,1.2295883
0.3733,ID,id.mode,1
0.3733,ID,id.pitch.r,-0.11417954
0.3733,ID,id.pitch.u_ad,-0.019763274
0.3733,ID,id.pitch.u_nom,0.034422275
0.3733,ID,id.pitch.x,-0.072499298
0.3733,ID,id.pitch.xm,-0.11417954
0.3733,ID,id.sample_counter,43060
0.3733,ID,id.sysid_state,1
0.3733,ID,id.vbat,0
0.3785,ID,id.arm,1
0.3785,ID,id.axis,0
0.3785,ID,id.dither,1.295606
0.3785,ID,id.mode,1
0.3785,ID,id.pitch.r,-0.111353
0.3785,ID,id.pitch.u_ad,-0.021399945
0.3785,ID,id.pitch.u_nom,-0.12603065
0.3785,ID,id.pitch.x,0.076381162
0.3785,ID,id.pitch.xm,-0.111353
0.3785,ID,id.sample_counter,43061
0.3785,ID,id.sysid_state,1
0.3785,ID,id.vbat,0
0.3805,A,mrac.pitch.e,0.20661747
0.3805,A,mrac.pitch.u_ad,-0.027108217
0.3805,A,mrac.roll.e,-0.2173617
0.3805,A,mrac.roll.u_ad,0.16147248
0.3805,A,mrac.yaw.e,0.21340318
0.3805,A,mrac.yaw.u_ad,-0.021338467
0.3805,A,mrac.z.e,0.10621598
0.3805,A,mrac.z.u_ad,-0.057903521
0.3805,A,status.arm,1
0.3805,A,status.flymode,1
0.3805,A,status.rc_authority,0
0.3805,A,status.sbus_lost,0
0.3805,A,status.twc_arrived,0
0.3805,A,status.twc_execute,0
0.3806,B,mrac.pitch.theta_0,3.8353875e-08
0.3806,B,mrac.pitch.theta_1,0.0026793308
0.3806,B,mrac.pitch.theta_2,0.00036447751
0.3806,B,mrac.pitch.theta_3,0.0021368773
0.3806,B,mrac.pitch.theta_4,0.12672588
0.3806,B,mrac.pitch.theta_5,0.14228033
0.3806,B,mrac.pitch.u_nom,-0.13606945
0.3806,B,mrac.pitch.xm,-0.13345523
0.3806,B,mrac.roll.theta_0,0.14801875
0.3806,B,mrac.roll.theta_1,0.0010706458
0.3806,B,mrac.roll.theta_2,0.0078351134
0.3806,B,mrac.roll.theta_3,0.0017508217
0.3806,B,mrac.roll.theta_4,0.1164327
0.3806,B,mrac.roll.theta_5,0.13305739
0.3806,B,mrac.roll.u_nom,0.13481887
0.3806,B,mrac.roll.xm,0.06991189
0.3806,B,mrac.yaw.theta_0,1.9618179e-44
0.3806,B,mrac.yaw.theta_1,0.0038231763
0.3806,B,mrac.yaw.theta_2,0.0011539053
0.3806,B,mrac.yaw.theta_3,0
0.3806,B,mrac.yaw.theta_4,0.11176347
0.3806,B,mrac.yaw.theta_5,0.088189892
0.3806,B,mrac.yaw.u_nom,-0.05672732
0.3806,B,mrac.yaw.xm,-0.17635128
0.3806,B,mrac.z.theta_0,0.010391511
0.3806,B,mrac.z.theta_1,0.0020866562
0.3806,B,mrac.z.theta_2,0.0010444676
0.3806,B,mrac.z.theta_3,0
0.3806,B,mrac.z.theta_4,0.19652115
0.3806,B,mrac.z.theta_5,0.19049689
0.3806,B,mrac.z.u_nom,-0.248189
0.3806,B,mrac.z.xm,-0.10660028
0.3806,B,path.active_path_mode,0
0.3806,B,path.circle_theta,0
0.3806,B,path.sinusoid_t_elapsed,0
0.3806,B,path.twc_arrived,0
0.3806,B,path.twc_target_x,0
0.3806,B,path.twc_target_y,0
0.3806,B,path.twc_target_z,0
0.3806,B,pid.gyrox.Des,4.0056543
0.3806,B,pid.gyrox.FB,-5.558001
0.3806,B,pid.gyrox.U,157.73808
0.3806,B,pid.gyroy.Des,-7.6464181
0.3806,B,pid.gyroy.FB,6.5247588
0.3806,B,pid.gyroy.U,-159.20125
0.3806,B,pid.gyroz.Des,-10.104179
0.3806,B,pid.gyroz.FB,2.9126422
0.3806,B,pid.gyroz.U,-106.19354
0.3806,B,pid.locx.Des,0
0.3806,B,pid.locx.FB,0.76229656
0.3806,B,pid.locx.U,-2.4688075
0.3806,B,pid.locxs.Des,-2.4688075
0.3806,B,pid.locxs.FB,-3.9176743
0.3806,B,pid.locxs.U,4.4412475
0.3806,B,pid.locy.Des,-47.210907
0.3806,B,pid.locy.FB,-23.9251
0.3806,B,pid.locy.U,-20.516798
0.3806,B,pid.locys.Des,-20.516798
0.3806,B,pid.locys.FB,-3.1067393
0.3806,B,pid.locys.U,-49.070194
0.3806,B,pid.pitch.Des,-2.8694906
0.3806,B,pid.pitch.FB,-0.36534271
0.3806,B,pid.pitch.U,-7.6464181
0.3806,B,pid.roll.Des,-0.18209788
0.3806,B,pid.roll.FB,-1.5195327
0.3806,B,pid.roll.U,4.0056543
0.3806,B,pid.yaw.Des,-2.8954291
0.3806,B,pid.yaw.FB,-1.5447326
0.3806,B,pid.yaw.U,-10.104179
0.3806,B,pid.z_pos.Des,1.0195838
0.3806,B,pid.z_pos.FB,1.0296168
0.3806,B,pid.z_pos.U,-0.10660028
0.3806,B,pid.z_rate.Des,-0.10660028
0.3806,B,pid.z_rate.FB,-0.0014803832
0.3806,B,pid.z_rate.U,-55.097958
0.3806,B,status.vbat,0
0.3834,ID,id.arm,1
0.3834,ID,id.axis,0
0.3834,ID,id.dither,1.3638188
0.3834,ID,id.mode,1
0.3834,ID,id.pitch.r,-0.11210932
0.3834,ID,id.pitch.u_ad,-0.019412724
0.3834,ID,id.pitch.u_nom,0.055166129
0.3834,ID,id.pitch.x,-0.07367947
0.3834,ID,id.pitch.xm,-0.11210932
0.3834,ID,id.sample_counter,43062
0.3834,ID,id.sysid_state,1
0.3834,ID,id.vbat,0
0.3883,ID,id.arm,1
0.3883,ID,id.axis,0
0.3883,ID,id.dither,1.4342513
0.3883,ID,id.mode,1
0.3883,ID,id.pitch.r,-0.10441284
0.3883,ID,id.pitch.u_ad,-0.020792639
0.3883,ID,id.pitch.u_nom,-0.11723959
0.3883,ID,id.pitch.x,0.069186606
0.3883,ID,id.pitch.xm,-0.10441284
0.3883,ID,id.sample_counter,43063
0.3883,ID,id.sysid_state,1
0.3883,ID,id.vbat,0
0.3933,ID,id.arm,1
0.3933,ID,id.axis,0
0.3933,ID,id.dither,1.5069289
0.3933,ID,id.mode,1
0.3933,ID,id.pitch.r,-0.11036827
0.3933,ID,id.pitch.u_ad,-0.020176966
0.3933,ID,id.pitch.u_nom,-0.015590492
0.3933,ID,id.pitch.x,0.014963477
0.3933,ID,id.pitch.xm,-0.11036827
0.3933,ID,id.sample_counter,43064
0.3933,ID,id.sysid_state,1
0.3933,ID,id.vbat,0
0.3984,ID,id.arm,1
0.3984,ID,id.axis,0
0.3984,ID,id.dither,1.5818737
0.3984,ID,id.mode,1
0.3984,ID,id.pitch.r,-0.20352891
0.3984,ID,id.pitch.u_ad,-0.023322217
0.3984,ID,id.pitch.u_nom,-0.10345442
0.3984,ID,id.pitch.x,0.0092385877
0.3984,ID,id.pitch.xm,-0.20352891
0.3984,ID,id.sample_counter,43065
0.3984,ID,id.sysid_state,1
0.3984,ID,id.vbat,0
0.4034,ID,id.arm,1
0.4034,ID,id.axis,0
0.4034,ID,id.dither,1.6591089
0.4034,ID,id.mode,1
0.4034,ID,id.pitch.r,-0.13645816
0.4034,ID,id.pitch.u_ad,-0.024262622
0.4034,ID,id.pitch.u_nom,-0.089643791
0.4034,ID,id.pitch.x,0.11579863
0.4034,ID,id.pitch.xm,-0.13645816
0.4034,ID,id.sample_counter,43066
0.4034,ID,id.sysid_state,1
0.4034,ID,id.vbat,0
0.4082,ID,id.arm,1
0.4082,ID,id.axis,0
0.4082,ID,id.dither,1.7386569
0.4082,ID,id.mode,1
0.4082,ID,id.pitch.r,-0.068278536
0.4082,ID,id.pitch.u_ad,-0.020174645
0.4082,ID,id.pitch.u_nom,0.09369155
0.4082,ID,id.pitch.x,-0.13673194
0.4082,ID,id.pitch.xm,-0.068278536
0.4082,ID,id.sample_counter,43067
0.4082,ID,id.sysid_state,1
0.4082,ID,id.vbat,0
0.4137,ID,id.arm,1
0.4137,ID,id.axis,0
0.4137,ID,id.dither,1.8205385
0.4137,ID,id.mode,1
0.4137,ID,id.pitch.r,-0.10842723
0.4137,ID,id.pitch.u_ad,-0.02197971
0.4137,ID,id.pitch.u_nom,-0.14280401
0.4137,ID,id.pitch.x,0.090852298
0.4137,ID,id.pitch.xm,-0.10842723
0.4137,ID,id.sample_counter,43068
0.4137,ID,id.sysid_state,1
0.4137,ID,id.vbat,0
0.4185,ID,id.arm,1
0.4185,ID,id.axis,0
0.4185,ID,id.dither,1.904774
0.4185,ID,id.mode,1
0.4185,ID,id.pitch.r,-0.21843903
0.4185,ID,id.pitch.u_ad,-0.023853978
0.4185,ID,id.pitch.u_nom,-0.034412038
0.4185,ID,id.pitch.x,-0.050364364
0.4185,ID,id.pitch.xm,-0.21843903
0.4185,ID,id.sample_counter,43069
0.4185,ID,id.sysid_state,1
0.4185,ID,id.vbat,0
0.4233,ID,id.arm,1
0.4233,ID,id.axis,0
0.4233,ID,id.dither,1.9913839
0.4233,ID,id.mode,1
0.4233,ID,id.pitch.r,-0.12914392
0.4233,ID,id.pitch.u_ad,-0.023461252
0.4233,ID,id.pitch.u_nom,-0.031288538
0.4233,ID,id.pitch.x,0.013875301
0.4233,ID,id.pitch.xm,-0.12914392
0.4233,ID,id.sample_counter,43070
0.4233,ID,id.sysid_state,1
0.4233,ID,id.vbat,0
0.4283,ID,id.arm,1
0.4283,ID,id.axis,0
0.4283,ID,id.dither,2.0803864
0.4283,ID,id.mode,1
0.4283,ID,id.pitch.r,-0.069011949
0.4283,ID,id.pitch.u_ad,-0.021470837
0.4283,ID,id.pitch.u_nom,-0.011835398
0.4283,ID,id.pitch.x,0.030820966
0.4283,ID,id.pitch.xm,-0.069011949
0.4283,ID,id.sample_counter,43071
0.4283,ID,id.sysid_state,1
0.4283,ID,id.vbat,0
0.4334,ID,id.arm,1
0.4334,ID,id.axis,0
0.4334,ID,id.dither,2.1718004
0.4334,ID,id.mode,1
0.4334,ID,id.pitch.r,-0.10998408
0.4334,ID,id.pitch.u_ad,-0.020655368
0.4334,ID,id.pitch.u_nom,-0.010633823
0.4334,ID,id.pitch.x,-0.040577821
0.4334,ID,id.pitch.xm,-0.10998408
0.4334,ID,id.sample_counter,43072
0.4334,ID,id.sysid_state,1
0.4334,ID,id.vbat,0
0.4383,ID,id.arm,1
0.4383,ID,id.axis,0
0.4383,ID,id.dither,2.2656426
0.4383,ID,id.mode,1
0.4383,ID,id.pitch.r,-0.21736014
0.4383,ID,id.pitch.u_ad,-0.025231764
0.4383,ID,id.pitch.u_nom,-0.16915824
0.4383,ID,id.pitch.x,0.089551985
0.4383,ID,id.pitch.xm,-0.21736014
0.4383,ID,id.sample_counter,43073
0.4383,ID,id.sysid_state,1
0.4383,ID,id.vbat,0
0.4433,ID,id.arm,1
0.4433,ID,id.axis,0
0.4433,ID,id.dither,2.3619304
0.4433,ID,id.mode,1
0.4433,ID,id.pitch.r,-0.14025077
0.4433,ID,id.pitch.u_ad,-0.023048399
0.4433,ID,id.pitch.u_nom,0.066964008
0.4433,ID,id.pitch.x,-0.099546924
0.4433,ID,id.pitch.xm,-0.14025077
0.4433,ID,id.sample_counter,43074
0.4433,ID,id.sysid_state,1
0.4433,ID,id.vbat,0
0.4487,ID,id.arm,1
0.4487,ID,id.axis,0
0.4487,ID,id.dither,2.4606793
0.4487,ID,id.mode,1
0.4487,ID,id.pitch.r,-0.069103912
0.4487,ID,id.pitch.u_ad,-0.023497984
0.4487,ID,id.pitch.u_nom,-0.13821065
0.4487,ID,id.pitch.x,0.13456064
0.4487,ID,id.pitch.xm,-0.069103912
0.4487,ID,id.sample_counter,43075
0.4487,ID,id.sysid_state,1
0.4487,ID,id.vbat,0
0.4534,ID,id.arm,1
0.4534,ID,id.axis,0
0.4534,ID,id.dither,2.5619042
0.4534,ID,id.mode,1
0.4534,ID,id.pitch.r,-0.1266707
0.4534,ID,id.pitch.u_ad,-0.021951638
0.4534,ID,id.pitch.u_nom,0.031192893
0.4534,ID,id.pitch.x,-0.044984441
0.4534,ID,id.pitch.xm,-0.1266707
0.4534,ID,id.sample_counter,43076
0.4534,ID,id.sysid_state,1
0.4534,ID,id.vbat,0
0.4585,ID,id.arm,1
0.4585,ID,id.axis,0
0.4585,ID,id.dither,2.6656199
0.4585,ID,id.mode,1
0.4585,ID,id.pitch.r,-0.21843088
0.4585,ID,id.pitch.u_ad,-0.026302055
0.4585,ID,id.pitch.u_nom,-0.16549137
0.4585,ID,id.pitch.x,0.073505491
0.4585,ID,id.pitch.xm,-0.21843088
0.4585,ID,id.sample_counter,43077
0.4585,ID,id.sysid_state,1
0.4585,ID,id.vbat,0
0.4638,ID,id.arm,1
0.4638,ID,id.axis,0
0.4638,ID,id.dither,2.7718394
0.4638,ID,id.mode,1
0.4638,ID,id.pitch.r,-0.15164165
0.4638,ID,id.pitch.u_ad,-0.02569717
0.4638,ID,id.pitch.u_nom,-0.013739669
0.4638,ID,id.pitch.x,0.050061751
0.4638,ID,id.pitch.xm,-0.15164165
0.4638,ID,id.sample_counter,43078
0.4638,ID,id.sysid_state,1
0.4638,ID,id.vbat,0
0.4684,ID,id.arm,1
0.4684,ID,id.axis,0
0.4684,ID,id.dither,2.8805759
0.4684,ID,id.mode,1
0.4684,ID,id.pitch.r,-0.075195685
0.4684,ID,id.pitch.u_ad,-0.021692034
0.4684,ID,id.pitch.u_nom,0.087064639
0.4684,ID,id.pitch.x,-0.11658428
0.4684,ID,id.pitch.xm,-0.075195685
0.4684,ID,id.sample_counter,43079
0.4684,ID,id.sysid_state,1
0.4684,ID,id.vbat,0
0.4733,ID,id.arm,1
0.4733,ID,id.axis,0
0.4733,ID,id.dither,2.9918404
0.4733,ID,id.mode,1
0.4733,ID,id.pitch.r,-0.11658437
0.4733,ID,id.pitch.u_ad,-0.023568545
0.4733,ID,id.pitch.u_nom,-0.14790343
0.4733,ID,id.pitch.x,0.10352159
0.4733,ID,id.pitch.xm,-0.11658437
0.4733,ID,id.sample_counter,43080
0.4733,ID,id.sysid_state,1
0.4733,ID,id.vbat,0
0.4783,ID,id.arm,1
0.4783,ID,id.axis,0
0.4783,ID,id.dither,3.105644
0.4783,ID,id.mode,1
0.4783,ID,id.pitch.r,-0.12150458
0.4783,ID,id.pitch.u_ad,-0.021004848
0.4783,ID,id.pitch.u_nom,0.080590092
0.4783,ID,id.pitch.x,-0.13642082
0.4783,ID,id.pitch.xm,-0.12150458
0.4783,ID,id.sample_counter,43081
0.4783,ID,id.sysid_state,1
0.4783,ID,id.vbat,0
0.4834,ID,id.arm,1
0.4834,ID,id.axis,0
0.4834,ID,id.dither,3.2219963
0.4834,ID,id.mode,1
0.4834,ID,id.pitch.r,-0.10595361
0.4834,ID,id.pitch.u_ad,-0.022363361
0.4834,ID,id.pitch.u_nom,-0.12589422
0.4834,ID,id.pitch.x,0.043873772
0.4834,ID,id.pitch.xm,-0.10595361
0.4834,ID,id.sample_counter,43082
0.4834,ID,id.sysid_state,1
0.4834,ID,id.vbat,0
0.4884,ID,id.arm,1
0.4884,ID,id.axis,0
0.4884,ID,id.dither,3.3409088
0.4884,ID,id.mode,1
0.4884,ID,id.pitch.r,-0.1188207
0.4884,ID,id.pitch.u_ad,-0.021935444
0.4884,ID,id.pitch.u_nom,-0.027622702
0.4884,ID,id.pitch.x,0.0070530945
0.4884,ID,id.pitch.xm,-0.1188207
0.4884,ID,id.sample_counter,43083
0.4884,ID,id.sysid_state,1
0.4884,ID,id.vbat,0
0.4933,ID,id.arm,1
0.4933,ID,id.axis,0
0.4933,ID,id.dither,3.462388
0.4933,ID,id.mode,1
0.4933,ID,id.pitch.r,-0.10553611
0.4933,ID,id.pitch.u_ad,-0.020382807
0.4933,ID,id.pitch.u_nom,0.021312367
0.4933,ID,id.pitch.x,-0.062249493
0.4933,ID,id.pitch.xm,-0.10553611
0.4933,ID,id.sample_counter,43084
0.4933,ID,id.sysid_state,1
0.4933,ID,id.vbat,0
0.4984,ID,id.arm,1
0.4984,ID,id.axis,0
0.4984,ID,id.dither,3.5864427
0.4984,ID,id.mode,1
0.4984,ID,id.pitch.r,-0.21356471
0.4984,ID,id.pitch.u_ad,-0.024970734
0.4984,ID,id.pitch.u_nom,-0.17077425
0.4984,ID,id.pitch.x,0.099977195
0.4984,ID,id.pitch.xm,-0.21356471
0.4984,ID,id.sample_counter,43085
0.4984,ID,id.sysid_state,1
0.4984,ID,id.vbat,0
0.5034,ID,id.arm,1
0.5034,ID,id.axis,0
0.5034,ID,id.dither,3.7130792
0.5034,ID,id.mode,1
0.5034,ID,id.pitch.r,-0.13574322
0.5034,ID,id.pitch.u_ad,-0.022699071
0.5034,ID,id.pitch.u_nom,0.070092157
0.5034,ID,id.pitch.x,-0.10784093
0.5034,ID,id.pitch.xm,-0.13574322
0.5034,ID,id.sample_counter,43086
0.5034,ID,id.sysid_state,1
0.5034,ID,id.vbat,0
0.5083,ID,id.arm,1
0.5083,ID,id.axis,0
0.5083,ID,id.dither,3.8423033
0.5083,ID,id.mode,1
0.5083,ID,id.pitch.r,-0.062649161
0.5083,ID,id.pitch.u_ad,-0.022425959
0.5083,ID,id.pitch.u_nom,-0.10241715
0.5083,ID,id.pitch.x,0.083744608
0.5083,ID,id.pitch.xm,-0.062649161
0.5083,ID,id.sample_counter,43087
0.5083,ID,id.sysid_state,1
0.5083,ID,id.vbat,0
0.5137,ID,id.arm,1
0.5137,ID,id.axis,0
0.5137,ID,id.dither,3.9741201
0.5137,ID,id.mode,1
0.5137,ID,id.pitch.r,-0.11620261
0.5137,ID,id.pitch.u_ad,-0.020729791
0.5137,ID,id.pitch.u_nom,0.037631005
0.5137,ID,id.pitch.x,-0.08147154
0.5137,ID,id.pitch.xm,-0.11620261
0.5137,ID,id.sample_counter,43088
0.5137,ID,id.sysid_state,1
0.5137,ID,id.vbat,0
0.5183,ID,id.arm,1
0.5183,ID,id.axis,0
0.5183,ID,id.dither,4.1085339
0.5183,ID,id.mode,1
0.5183,ID,id.pitch.r,-0.20339333
0.5183,ID,id.pitch.u_ad,-0.024775013
0.5183,ID,id.pitch.u_nom,-0.15514188
0.5183,ID,id.pitch.x,0.046244662
0.5183,ID,id.pitch.xm,-0.20339333
0.5183,ID,id.sample_counter,43089
0.5183,ID,id.sysid_state,1
0.5183,ID,id.vbat,0
0.5233,ID,id.arm,1
0.5233,ID,id.axis,0
0.5233,ID,id.dither,4.2455497
0.5233,ID,id.mode,1
0.5233,ID,id.pitch.r,-0.14071503
0.5233,ID,id.pitch.u_ad,-0.024942571
0.5233,ID,id.pitch.u_nom,-0.054151498
0.5233,ID,id.pitch.x,0.087794311
0.5233,ID,id.pitch.xm,-0.14071503
0.5233,ID,id.sample_counter,43090
0.5233,ID,id.sysid_state,1
0.5233,ID,id.vbat,0
0.5282,ID,id.arm,1
0.5282,ID,id.axis,0
0.5282,ID,id.dither,4.3851686
0.5282,ID,id.mode,1
0.5282,ID,id.pitch.r,-0.067314416
0.5282,ID,id.pitch.u_ad,-0.020995015
0.5282,ID,id.pitch.u_nom,0.081672862
0.5282,ID,id.pitch.x,-0.086674169
0.5282,ID,id.pitch.xm,-0.067314416
0.5282,ID,id.sample_counter,43091
0.5282,ID,id.sysid_state,1
0.5282,ID,id.vbat,0
0.5335,ID,id.arm,1
0.5335,ID,id.axis,0
0.5335,ID,id.dither,4.5273924
0.5335,ID,id.mode,1
0.5335,ID,id.pitch.r,-0.11327559
0.5335,ID,id.pitch.u_ad,-0.023390038
0.5335,ID,id.pitch.u_nom,-0.17440403
0.5335,ID,id.pitch.x,0.21506914
0.5335,ID,id.pitch.xm,-0.11327559
0.5335,ID,id.sample_counter,43092
0.5335,ID,id.sysid_state,1
0.5335,ID,id.vbat,0
0.5384,ID,id.arm,1
0.5384,ID,id.axis,0
0.5384,ID,id.dither,4.6722217
0.5384,ID,id.mode,1
0.5384,ID,id.pitch.r,-0.12482592
0.5384,ID,id.pitch.u_ad,-0.021351293
0.5384,ID,id.pitch.u_nom,0.057585705
0.5384,ID,id.pitch.x,-0.045811962
0.5384,ID,id.pitch.xm,-0.12482592
0.5384,ID,id.sample_counter,43093
0.5384,ID,id.sysid_state,1
0.5384,ID,id.vbat,0
0.5435,ID,id.arm,1
0.5435,ID,id.axis,0
0.5435,ID,id.dither,4.8196573
0.5435,ID,id.mode,1
0.5435,ID,id.pitch.r,-0.10429629
0.5435,ID,id.pitch.u_ad,-0.022459358
0.5435,ID,id.pitch.u_nom,-0.11711531
0.5435,ID,id.pitch.x,0.096192844
0.5435,ID,id.pitch.xm,-0.10429629
0.5435,ID,id.sample_counter,43094
0.5435,ID,id.sysid_state,1
0.5435,ID,id.vbat,0
0.5489,ID,id.arm,1
0.5489,ID,id.axis,0
0.5489,ID,id.dither,4.969698
0.5489,ID,id.mode,1
0.5489,ID,id.pitch.r,-0.12119434
0.5489,ID,id.pitch.u_ad,-0.022887861
0.5489,ID,id.pitch.u_nom,-0.071103178
0.5489,ID,id.pitch.x,0.0976393
0.5489,ID,id.pitch.xm,-0.12119434
0.5489,ID,id.sample_counter,43095
0.5489,ID,id.sysid_state,1
0.5489,ID,id.vbat,0
0.5536,ID,id.arm,1
0.5536,ID,id.axis,0
0.5536,ID,id.dither,5.1223426
0.5536,ID,id.mode,1
0.5536,ID,id.pitch.r,-0.10795643
0.5536,ID,id.pitch.u_ad,-0.020589693
0.5536,ID,id.pitch.u_nom,0.056724958
0.5536,ID,id.pitch.x,-0.050912917
0.5536,ID,id.pitch.xm,-0.10795643
0.5536,ID,id.sample_counter,43096
0.5536,ID,id.sysid_state,1
0.5536,ID,id.vbat,0
0.5586,ID,id.arm,1
0.5586,ID,id.axis,0
0.5586,ID,id.dither,5.277586
0.5586,ID,id.mode,1
0.5586,ID,id.pitch.r,-0.21182363
0.5586,ID,id.pitch.u_ad,-0.025415098
0.5586,ID,id.pitch.u_nom,-0.1867193
0.5586,ID,id.pitch.x,0.16681759
0.5586,ID,id.pitch.xm,-0.21182363
0.5586,ID,id.sample_counter,43097
0.5586,ID,id.sysid_state,1
0.5586,ID,id.vbat,0
0.5635,ID,id.arm,1
0.5635,ID,id.axis,0
0.5635,ID,id.dither,5.4354286
0.5635,ID,id.mode,1
0.5635,ID,id.pitch.r,-0.13734159
0.5635,ID,id.pitch.u_ad,-0.023483273
0.5635,ID,id.pitch.u_nom,0.050337479
0.5635,ID,id.pitch.x,-0.028725369
0.5635,ID,id.pitch.xm,-0.13734159
0.5635,ID,id.sample_counter,43098
0.5635,ID,id.sysid_state,1
0.5635,ID,id.vbat,0
0.5685,ID,id.arm,1
0.5685,ID,id.axis,0
0.5685,ID,id.dither,5.5958629
0.5685,ID,id.mode,1
0.5685,ID,id.pitch.r,-0.064629182
0.5685,ID,id.pitch.u_ad,-0.023640051
0.5685,ID,id.pitch.u_nom,-0.12926044
0.5685,ID,id.pitch.x,0.17212868
0.5685,ID,id.pitch.xm,-0.064629182
0.5685,ID,id.sample_counter,43099
0.5685,ID,id.sysid_state,1
0.5685,ID,id.vbat,0
0.5733,ID,id.arm,1
0.5733,ID,id.axis,0
0.5733,ID,id.dither,5.7588863
0.5733,ID,id.mode,1
0.5733,ID,id.pitch.r,-0.12187569
0.5733,ID,id.pitch.u_ad,-0.023852395
0.5733,ID,id.pitch.u_nom,-0.068037443
0.5733,ID,id.pitch.x,0.11696353
0.5733,ID,id.pitch.xm,-0.12187569
0.5733,ID,id.sample_counter,43100
0.5733,ID,id.sysid_state,1
0.5733,ID,id.vbat,0
0.5784,ID,id.arm,1
0.5784,ID,id.axis,0
0.5784,ID,id.dither,5.9244905
0.5784,ID,id.mode,1
0.5784,ID,id.pitch.r,-0.21364337
0.5784,ID,id.pitch.u_ad,-0.026523964
0.5784,ID,id.pitch.u_nom,-0.094822332
0.5784,ID,id.pitch.x,0.063047238
0.5784,ID,id.pitch.xm,-0.21364337
0.5784,ID,id.sample_counter,43101
0.5784,ID,id.sysid_state,1
0.5784,ID,id.vbat,0
0.5834,ID,id.arm,1
0.5834,ID,id.axis,0
0.5834,ID,id.dither,6.0926709
0.5834,ID,id.mode,1
0.5834,ID,id.pitch.r,-0.14012773
0.5834,ID,id.pitch.u_ad,-0.026932828
0.5834,ID,id.pitch.u_nom,-0.080786183
0.5834,ID,id.pitch.x,0.14268892
0.5834,ID,id.pitch.xm,-0.14012773
0.5834,ID,id.sample_counter,43102
0.5834,ID,id.sysid_state,1
0.5834,ID,id.vbat,0
0.5884,ID,id.arm,1
0.5884,ID,id.axis,0
0.5884,ID,id.dither,6.2634168
0.5884,ID,id.mode,1
0.5884,ID,id.pitch.r,-0.072345592
0.5884,ID,id.pitch.u_ad,-0.023195034
0.5884,ID,id.pitch.u_nom,0.060601678
0.5884,ID,id.pitch.x,-0.0056490754
0.5884,ID,id.pitch.xm,-0.072345592
0.5884,ID,id.sample_counter,43103
0.5884,ID,id.sysid_state,1
0.5884,ID,id.vbat,0
0.5935,ID,id.arm,1
0.5935,ID,id.axis,0
0.5935,ID,id.dither,6.4367208
0.5935,ID,id.mode,1
0.5935,ID,id.pitch.r,-0.11454635
0.5935,ID,id.pitch.u_ad,-0.025308603
0.5935,ID,id.pitch.u_nom,-0.17387545
0.5935,ID,id.pitch.x,0.21163969
0.5935,ID,id.pitch.xm,-0.11454635
0.5935,ID,id.sample_counter,43104
0.5935,ID,id.sysid_state,1
0.5935,ID,id.vbat,0
0.5970,A,mrac.pitch.e,0.20661747
0.5970,A,mrac.pitch.u_ad,-0.027108217
0.5970,A,mrac.roll.e,-0.2173617
0.5970,A,mrac.roll.u_ad,0.16147248
0.5970,A,mrac.yaw.e,0.21340318
0.5970,A,mrac.yaw.u_ad,-0.021338467
0.5970,A,mrac.z.e,0.10621598
0.5970,A,mrac.z.u_ad,-0.057903521
0.5970,A,status.arm,1
0.5970,A,status.flymode,1
0.5970,A,status.rc_authority,0
0.5970,A,status.sbus_lost,0
0.5970,A,status.twc_arrived,0
0.5970,A,status.twc_execute,0
0.5971,B,mrac.pitch.theta_0,3.8353875e-08
0.5971,B,mrac.pitch.theta_1,0.0026793308
0.5971,B,mrac.pitch.theta_2,0.00036447751
0.5971,B,mrac.pitch.theta_3,0.0021368773
0.5971,B,mrac.pitch.theta_4,0.12672588
0.5971,B,mrac.pitch.theta_5,0.14228033
0.5971,B,mrac.pitch.u_nom,-0.13606945
0.5971,B,mrac.pitch.xm,-0.13345523
0.5971,B,mrac.roll.theta_0,0.14801875
0.5971,B,mrac.roll.theta_1,0.0010706458
0.5971,B,mrac.roll.theta_2,0.0078351134
0.5971,B,mrac.roll.theta_3,0.0017508217
0.5971,B,mrac.roll.theta_4,0.1164327
0.5971,B,mrac.roll.theta_5,0.13305739
0.5971,B,mrac.roll.u_nom,0.13481887
0.5971,B,mrac.roll.xm,0.06991189
0.5971,B,mrac.yaw.theta_0,1.9618179e-44
0.5971,B,mrac.yaw.theta_1,0.0038231763
0.5971,B,mrac.yaw.theta_2,0.0011539053
0.5971,B,mrac.yaw.theta_3,0
0.5971,B,mrac.yaw.theta_4,0.11176347
0.5971,B,mrac.yaw.theta_5,0.088189892
0.5971,B,mrac.yaw.u_nom,-0.05672732
0.5971,B,mrac.yaw.xm,-0.17635128
0.5971,B,mrac.z.theta_0,0.010391511
0.5971,B,mrac.z.theta_1,0.0020866562
0.5971,B,mrac.z.theta_2,0.0010444676
0.5971,B,mrac.z.theta_3,0
0.5971,B,mrac.z.theta_4,0.19652115
0.5971,B,mrac.z.theta_5,0.19049689
0.5971,B,mrac.z.u_nom,-0.248189
0.5971,B,mrac.z.xm,-0.10660028
0.5971,B,path.active_path_mode,0
0.5971,B,path.circle_theta,0
0.5971,B,path.sinusoid_t_elapsed,0
0.5971,B,path.twc_arrived,0
0.5971,B,path.twc_target_x,0
0.5971,B,path.twc_target_y,0
0.5971,B,path.twc_target_z,0
0.5971,B,pid.gyrox.Des,4.0056543
0.5971,B,pid.gyrox.FB,-5.558001
0.5971,B,pid.gyrox.U,157.73808
0.5971,B,pid.gyroy.Des,-7.6464181
0.5971,B,pid.gyroy.FB,6.5247588
0.5971,B,pid.gyroy.U,-159.20125
0.5971,B,pid.gyroz.Des,-10.104179
0.5971,B,pid.gyroz.FB,2.9126422
0.5971,B,pid.gyroz.U,-106.19354
0.5971,B,pid.locx.Des,0
0.5971,B,pid.locx.FB,0.76229656
0.5971,B,pid.locx.U,-2.4688075
0.5971,B,pid.locxs.Des,-2.4688075
0.5971,B,pid.locxs.FB,-3.9176743
0.5971,B,pid.locxs.U,4.4412475
0.5971,B,pid.locy.Des,-47.210907
0.5971,B,pid.locy.FB,-23.9251
0.5971,B,pid.locy.U,-20.516798
0.5971,B,pid.locys.Des,-20.516798
0.5971,B,pid.locys.FB,-3.1067393
0.5971,B,pid.locys.U,-49.070194
0.5971,B,pid.pitch.Des,-2.8694906
0.5971,B,pid.pitch.FB,-0.36534271
0.5971,B,pid.pitch.U,-7.6464181
0.5971,B,pid.roll.Des,-0.18209788
0.5971,B,pid.roll.FB,-1.5195327
0.5971,B,pid.roll.U,4.0056543
0.5971,B,pid.yaw.Des,-2.8954291
0.5971,B,pid.yaw.FB,-1.5447326
0.5971,B,pid.yaw.U,-10.104179
0.5971,B,pid.z_pos.Des,1.0195838
0.5971,B,pid.z_pos.FB,1.0296168
0.5971,B,pid.z_pos.U,-0.10660028
0.5971,B,pid.z_rate.Des,-0.10660028
0.5971,B,pid.z_rate.FB,-0.0014803832
0.5971,B,pid.z_rate.U,-55.097958
0.5971,B,status.vbat,0
0.5983,ID,id.arm,1
0.5983,ID,id.axis,0
0.5983,ID,id.dither,6.6125741
0.5983,ID,id.mode,1
0.5983,ID,id.pitch.r,-0.22836483
0.5983,ID,id.pitch.u_ad,-0.026646061
0.5983,ID,id.pitch.u_nom,-0.018044895
0.5983,ID,id.pitch.x,0.0020354574
0.5983,ID,id.pitch.xm,-0.22836483
0.5983,ID,id.sample_counter,43105
0.5983,ID,id.sysid_state,1
0.5983,ID,id.vbat,0
0.6033,ID,id.arm,1
0.6033,ID,id.axis,0
0.6033,ID,id.dither,6.7909675
0.6033,ID,id.mode,1
0.6033,ID,id.pitch.r,-0.13705659
0.6033,ID,id.pitch.u_ad,-0.025869919
0.6033,ID,id.pitch.u_nom,-0.020498797
0.6033,ID,id.pitch.x,0.032827165
0.6033,ID,id.pitch.xm,-0.13705659
0.6033,ID,id.sample_counter,43106
0.6033,ID,id.sysid_state,1
0.6033,ID,id.vbat,0
0.6082,ID,id.arm,1
0.6082,ID,id.axis,0
0.6082,ID,id.dither,6.9718866
0.6082,ID,id.mode,1
0.6082,ID,id.pitch.r,-0.081184618
0.6082,ID,id.pitch.u_ad,-0.024206826
0.6082,ID,id.pitch.u_nom,-0.030872567
0.6082,ID,id.pitch.x,0.062477183
0.6082,ID,id.pitch.xm,-0.081184618
0.6082,ID,id.sample_counter,43107
0.6082,ID,id.sysid_state,1
0.6082,ID,id.vbat,0
0.6137,ID,id.arm,1
0.6137,ID,id.axis,0
0.6137,ID,id.dither,7.1553221
0.6137,ID,id.mode,1
0.6137,ID,id.pitch.r,-0.11594553
0.6137,ID,id.pitch.u_ad,-0.022521578
0.6137,ID,id.pitch.u_nom,0.02477725
0.6137,ID,id.pitch.x,-0.065524317
0.6137,ID,id.pitch.xm,-0.11594553
0.6137,ID,id.sample_counter,43108
0.6137,ID,id.sysid_state,1
0.6137,ID,id.vbat,0
0.6184,ID,id.arm,1
0.6184,ID,id.axis,0
0.6184,ID,id.dither,7.3412576
0.6184,ID,id.mode,1
0.6184,ID,id.pitch.r,-0.21918048
0.6184,ID,id.pitch.u_ad,-0.026950397
0.6184,ID,id.pitch.u_nom,-0.17001089
0.6184,ID,id.pitch.x,0.091222405
0.6184,ID,id.pitch.xm,-0.21918048
0.6184,ID,id.sample_counter,43109
0.6184,ID,id.sysid_state,1
0.6184,ID,id.vbat,0
0.6233,ID,id.arm,1
0.6233,ID,id.axis,0
0.6233,ID,id.dither,7.5296836
0.6233,ID,id.mode,1
0.6233,ID,id.pitch.r,-0.14182797
0.6233,ID,id.pitch.u_ad,-0.024604768
0.6233,ID,id.pitch.u_nom,0.067660384
0.6233,ID,id.pitch.x,-0.10395974
0.6233,ID,id.pitch.xm,-0.14182797
0.6233,ID,id.sample_counter,43110
0.6233,ID,id.sysid_state,1
0.6233,ID,id.vbat,0
0.6282,ID,id.arm,1
0.6282,ID,id.axis,0
0.6282,ID,id.dither,7.720583
0.6282,ID,id.mode,1
0.6282,ID,id.pitch.r,-0.062585197
0.6282,ID,id.pitch.u_ad,-0.023494747
0.6282,ID,id.pitch.u_nom,-0.070260398
0.6282,ID,id.pitch.x,0.046687171
0.6282,ID,id.pitch.xm,-0.062585197
0.6282,ID,id.sample_counter,43111
0.6282,ID,id.sysid_state,1
0.6282,ID,id.vbat,0
0.6333,ID,id.arm,1
0.6333,ID,id.axis,0
0.6333,ID,id.dither,7.9139385
0.6333,ID,id.mode,1
0.6333,ID,id.pitch.r,-0.11481664
0.6333,ID,id.pitch.u_ad,-0.023980087
0.6333,ID,id.pitch.u_nom,-0.08702068
0.6333,ID,id.pitch.x,0.064875215
0.6333,ID,id.pitch.xm,-0.11481664
0.6333,ID,id.sample_counter,43112
0.6333,ID,id.sysid_state,1
0.6333,ID,id.vbat,0
0.6382,ID,id.arm,1
0.6382,ID,id.axis,0
0.6382,ID,id.dither,8.1097393
0.6382,ID,id.mode,1
0.6382,ID,id.pitch.r,-0.1075539
0.6382,ID,id.pitch.u_ad,-0.021170907
0.6382,ID,id.pitch.u_nom,0.077205949
0.6382,ID,id.pitch.x,-0.1086682
0.6382,ID,id.pitch.xm,-0.1075539
0.6382,ID,id.sample_counter,43113
0.6382,ID,id.sysid_state,1
0.6382,ID,id.vbat,0
0.6433,ID,id.arm,1
0.6433,ID,id.axis,0
0.6433,ID,id.dither,8.3079634
0.6433,ID,id.mode,1
0.6433,ID,id.pitch.r,-0.10034314
0.6433,ID,id.pitch.u_ad,-0.020914033
0.6433,ID,id.pitch.u_nom,-0.043806527
0.6433,ID,id.pitch.x,-0.053071555
0.6433,ID,id.pitch.xm,-0.10034314
0.6433,ID,id.sample_counter,43114
0.6433,ID,id.sysid_state,1
0.6433,ID,id.vbat,0
0.6488,ID,id.arm,1
0.6488,ID,id.axis,0
0.6488,ID,id.dither,8.5085926
0.6488,ID,id.mode,1
0.6488,ID,id.pitch.r,-0.099475533
0.6488,ID,id.pitch.u_ad,-0.018982237
0.6488,ID,id.pitch.u_nom,0.046877593
0.6488,ID,id.pitch.x,-0.14340018
0.6488,ID,id.pitch.xm,-0.099475533
0.6488,ID,id.sample_counter,43115
0.6488,ID,id.sysid_state,1
0.6488,ID,id.vbat,0
0.6533,ID,id.arm,1
0.6533,ID,id.axis,0
0.6533,ID,id.dither,8.7116117
0.6533,ID,id.mode,1
0.6533,ID,id.pitch.r,-0.09383098
0.6533,ID,id.pitch.u_ad,-0.020507554
0.6533,ID,id.pitch.u_nom,-0.12916347
0.6533,ID,id.pitch.x,0.049750295
0.6533,ID,id.pitch.xm,-0.09383098
0.6533,ID,id.sample_counter,43116
0.6533,ID,id.sysid_state,1
0.6533,ID,id.vbat,0
0.6582,ID,id.arm,1
0.6582,ID,id.axis,0
0.6582,ID,id.dither,8.9169979
0.6582,ID,id.mode,1
0.6582,ID,id.pitch.r,-0.20121862
0.6582,ID,id.pitch.u_ad,-0.021908587
0.6582,ID,id.pitch.u_nom,-0.011493787
0.6582,ID,id.pitch.x,-0.1014725
0.6582,ID,id.pitch.xm,-0.20121862
0.6582,ID,id.sample_counter,43117
0.6582,ID,id.sysid_state,1
0.6582,ID,id.vbat,0
0.6639,ID,id.arm,1
0.6639,ID,id.axis,0
0.6639,ID,id.dither,9.1247339
0.6639,ID,id.mode,1
0.6639,ID,id.pitch.r,-0.10917699
0.6639,ID,id.pitch.u_ad,-0.020917123
0.6639,ID,id.pitch.u_nom,-0.00093465624
0.6639,ID,id.pitch.x,-0.053029053
0.6639,ID,id.pitch.xm,-0.10917699
0.6639,ID,id.sample_counter,43118
0.6639,ID,id.sysid_state,1
0.6639,ID,id.vbat,0
0.6683,ID,id.arm,1
0.6683,ID,id.axis,0
0.6683,ID,id.dither,9.334795
0.6683,ID,id.mode,1
0.6683,ID,id.pitch.r,-0.050569955
0.6683,ID,id.pitch.u_ad,-0.018708613
0.6683,ID,id.pitch.u_nom,0.0046484321
0.6683,ID,id.pitch.x,-0.031101041
0.6683,ID,id.pitch.xm,-0.050569955
0.6683,ID,id.sample_counter,43119
0.6683,ID,id.sysid_state,1
0.6683,ID,id.vbat,0
0.6733,ID,id.arm,1
0.6733,ID,id.axis,0
0.6733,ID,id.dither,9.5471582
0.6733,ID,id.mode,1
0.6733,ID,id.pitch.r,-0.083473623
0.6733,ID,id.pitch.u_ad,-0.017931662
0.6733,ID,id.pitch.u_nom,-0.015634712
0.6733,ID,id.pitch.x,-0.06084545
0.6733,ID,id.pitch.xm,-0.083473623
0.6733,ID,id.sample_counter,43120
0.6733,ID,id.sysid_state,1
0.6733,ID,id.vbat,0
0.6782,ID,id.arm,1
0.6782,ID,id.axis,0
0.6782,ID,id.dither,9.7618046
0.6782,ID,id.mode,1
0.6782,ID,id.pitch.r,-0.18818836
0.6782,ID,id.pitch.u_ad,-0.021884307
0.6782,ID,id.pitch.u_nom,-0.14161925
0.6782,ID,id.pitch.x,0.0080559598
0.6782,ID,id.pitch.xm,-0.18818836
0.6782,ID,id.sample_counter,43121
0.6782,ID,id.sysid_state,1
0.6782,ID,id.vbat,0
0.6834,ID,id.arm,1
0.6834,ID,id.axis,0
0.6834,ID,id.dither,9.9787083
0.6834,ID,id.mode,1
0.6834,ID,id.pitch.r,-0.10425771
0.6834,ID,id.pitch.u_ad,-0.019335158
0.6834,ID,id.pitch.u_nom,0.076528907
0.6834,ID,id.pitch.x,-0.10264789
0.6834,ID,id.pitch.xm,-0.10425771
0.6834,ID,id.sample_counter,43122
0.6834,ID,id.sysid_state,1
0.6834,ID,id.vbat,0
0.6882,ID,id.arm,1
0.6882,ID,id.axis,0
0.6882,ID,id.dither,10.197846
0.6882,ID,id.mode,1
0.6882,ID,id.pitch.r,-0.037617847
0.6882,ID,id.pitch.u_ad,-0.018890588
0.6882,ID,id.pitch.u_nom,-0.091837816
0.6882,ID,id.pitch.x,0.076843925
0.6882,ID,id.pitch.xm,-0.037617847
0.6882,ID,id.sample_counter,43123
0.6882,ID,id.sysid_state,1
0.6882,ID,id.vbat,0
0.6932,ID,id.arm,1
0.6932,ID,id.axis,0
0.6932,ID,id.dither,10.419189
0.6932,ID,id.mode,1
0.6932,ID,id.pitch.r,-0.085708834
0.6932,ID,id.pitch.u_ad,-0.01755812
0.6932,ID,id.pitch.u_nom,0.014345871
0.6932,ID,id.pitch.x,-0.040566377
0.6932,ID,id.pitch.xm,-0.085708834
0.6932,ID,id.sample_counter,43124
0.6932,ID,id.sysid_state,1
0.6932,ID,id.vbat,0
0.6983,ID,id.arm,1
0.6983,ID,id.axis,0
0.6983,ID,id.dither,10.642715
0.6983,ID,id.mode,1
0.6983,ID,id.pitch.r,-0.18029971
0.6983,ID,id.pitch.u_ad,-0.020739771
0.6983,ID,id.pitch.u_nom,-0.10646177
0.6983,ID,id.pitch.x,-0.016907755
0.6983,ID,id.pitch.xm,-0.18029971
0.6983,ID,id.sample_counter,43125
0.6983,ID,id.sysid_state,1
0.6983,ID,id.vbat,0
0.7034,ID,id.arm,1
0.7034,ID,id.axis,0
0.7034,ID,id.dither,10.868395
0.7034,ID,id.mode,1
0.7034,ID,id.pitch.r,-0.10607924
0.7034,ID,id.pitch.u_ad,-0.020401435
0.7034,ID,id.pitch.u_nom,-0.030847976
0.7034,ID,id.pitch.x,0.033208318
0.7034,ID,id.pitch.xm,-0.10607924
0.7034,ID,id.sample_counter,43126
0.7034,ID,id.sysid_state,1
0.7034,ID,id.vbat,0
0.7083,ID,id.arm,1
0.7083,ID,id.axis,0
0.7083,ID,id.dither,11.096202
0.7083,ID,id.mode,1
0.7083,ID,id.pitch.r,-0.036565233
0.7083,ID,id.pitch.u_ad,-0.017776215
0.7083,ID,id.pitch.u_nom,0.0141562
0.7083,ID,id.pitch.x,0.025385957
0.7083,ID,id.pitch.xm,-0.036565233
0.7083,ID,id.sample_counter,43127
0.7083,ID,id.sysid_state,1
0.7083,ID,id.vbat,0
0.7140,ID,id.arm,1
0.7140,ID,id.axis,0
0.7140,ID,id.dither,11.326109
0.7140,ID,id.mode,1
0.7140,ID,id.pitch.r,-0.08170931
0.7140,ID,id.pitch.u_ad,-0.018050341
0.7140,ID,id.pitch.u_nom,-0.066979617
0.7140,ID,id.pitch.x,0.039139137
0.7140,ID,id.pitch.xm,-0.08170931
0.7140,ID,id.sample_counter,43128
0.7140,ID,id.sysid_state,1
0.7140,ID,id.vbat,0
0.7184,ID,id.arm,1
0.7184,ID,id.axis,0
0.7184,ID,id.dither,11.558082
0.7184,ID,id.mode,1
0.7184,ID,id.pitch.r,-0.17993563
0.7184,ID,id.pitch.u_ad,-0.021123923
0.7184,ID,id.pitch.u_nom,-0.10583635
0.7184,ID,id.pitch.x,0.033075567
0.7184,ID,id.pitch.xm,-0.17993563
0.7184,ID,id.sample_counter,43129
0.7184,ID,id.sysid_state,1
0.7184,ID,id.vbat,0
0.7235,ID,id.arm,1
0.7235,ID,id.axis,0
0.7235,ID,id.dither,11.792093
0.7235,ID,id.mode,1
0.7235,ID,id.pitch.r,-0.10637685
0.7235,ID,id.pitch.u_ad,-0.02151617
0.7235,ID,id.pitch.u_nom,-0.073334746
0.7235,ID,id.pitch.x,0.12382988
0.7235,ID,id.pitch.xm,-0.10637685
0.7235,ID,id.sample_counter,43130
0.7235,ID,id.sysid_state,1
0.7235,ID,id.vbat,0
0.7284,ID,id.arm,1
0.7284,ID,id.axis,0
0.7284,ID,id.dither,12.028117
0.7284,ID,id.mode,1
0.7284,ID,id.pitch.r,-0.043074269
0.7284,ID,id.pitch.u_ad,-0.018795343
0.7284,ID,id.pitch.u_nom,0.016990496
0.7284,ID,id.pitch.x,0.075631216
0.7284,ID,id.pitch.xm,-0.043074269
0.7284,ID,id.sample_counter,43131
0.7284,ID,id.sysid_state,1
0.7284,ID,id.vbat,0
0.7334,ID,id.arm,1
0.7334,ID,id.axis,0
0.7334,ID,id.dither,12.266115
0.7334,ID,id.mode,1
0.7334,ID,id.pitch.r,-0.083098881
0.7334,ID,id.pitch.u_ad,-0.020229708
0.7334,ID,id.pitch.u_nom,-0.13651869
0.7334,ID,id.pitch.x,0.17025331
0.7334,ID,id.pitch.xm,-0.083098881
0.7334,ID,id.sample_counter,43132
0.7334,ID,id.sysid_state,1
0.7334,ID,id.vbat,0
0.7383,ID,id.arm,1
0.7383,ID,id.axis,0
0.7383,ID,id.dither,12.506059
0.7383,ID,id.mode,1
0.7383,ID,id.pitch.r,-0.19376014
0.7383,ID,id.pitch.u_ad,-0.022893408
0.7383,ID,id.pitch.u_nom,-0.086502261
0.7383,ID,id.pitch.x,0.081266277
0.7383,ID,id.pitch.xm,-0.19376014
0.7383,ID,id.sample_counter,43133
0.7383,ID,id.sysid_state,1
0.7383,ID,id.vbat,0
0.7434,ID,id.arm,1
0.7434,ID,id.axis,0
0.7434,ID,id.dither,12.747911
0.7434,ID,id.mode,1
0.7434,ID,id.pitch.r,-0.10504567
0.7434,ID,id.pitch.u_ad,-0.022727333
0.7434,ID,id.pitch.u_nom,-0.059677031
0.7434,ID,id.pitch.x,0.14791152
0.7434,ID,id.pitch.xm,-0.10504567
0.7434,ID,id.sample_counter,43134
0.7434,ID,id.sysid_state,1
0.7434,ID,id.vbat,0
0.7486,ID,id.arm,1
0.7486,ID,id.axis,0
0.7486,ID,id.dither,12.991645
0.7486,ID,id.mode,1
0.7486,ID,id.pitch.r,-0.048527058
0.7486,ID,id.pitch.u_ad,-0.020747425
0.7486,ID,id.pitch.u_nom,-0.026287796
0.7486,ID,id.pitch.x,0.14426261
0.7486,ID,id.pitch.xm,-0.048527058
0.7486,ID,id.sample_counter,43135
0.7486,ID,id.sysid_state,1
0.7486,ID,id.vbat,0
0.7535,ID,id.arm,1
0.7535,ID,id.axis,0
0.7535,ID,id.dither,13.237222
0.7535,ID,id.mode,1
0.7535,ID,id.pitch.r,-0.084332146
0.7535,ID,id.pitch.u_ad,-0.020031709
0.7535,ID,id.pitch.u_nom,-0.035673533
0.7535,ID,id.pitch.x,0.081123203
0.7535,ID,id.pitch.xm,-0.084332146
0.7535,ID,id.sample_counter,43136
0.7535,ID,id.sysid_state,1
0.7535,ID,id.vbat,0
0.7583,ID,id.arm,1
0.7583,ID,id.axis,0
0.7583,ID,id.dither,13.484606
0.7583,ID,id.mode,1
0.7583,ID,id.pitch.r,-0.1885124
0.7583,ID,id.pitch.u_ad,-0.024317436
0.7583,ID,id.pitch.u_nom,-0.17697613
0.7583,ID,id.pitch.x,0.15108337
0.7583,ID,id.pitch.xm,-0.1885124
0.7583,ID,id.sample_counter,43137
0.7583,ID,id.sysid_state,1
0.7583,ID,id.vbat,0
0.7634,ID,id.arm,1
0.7634,ID,id.axis,0
0.7634,ID,id.dither,13.733764
0.7634,ID,id.mode,1
0.7634,ID,id.pitch.r,-0.1080746
0.7634,ID,id.pitch.u_ad,-0.022206472
0.7634,ID,id.pitch.u_nom,0.036711499
0.7634,ID,id.pitch.x,0.0561524
0.7634,ID,id.pitch.xm,-0.1080746
0.7634,ID,id.sample_counter,43138
0.7634,ID,id.sysid_state,1
0.7634,ID,id.vbat,0
0.7684,ID,id.arm,1
0.7684,ID,id.axis,0
0.7684,ID,id.dither,13.984658
0.7684,ID,id.mode,1
0.7684,ID,id.pitch.r,-0.042168129
0.7684,ID,id.pitch.u_ad,-0.021130037
0.7684,ID,id.pitch.u_nom,-0.076746844
0.7684,ID,id.pitch.x,0.1601609
0.7684,ID,id.pitch.xm,-0.042168129
0.7684,ID,id.sample_counter,43139
0.7684,ID,id.sysid_state,1
0.7684,ID,id.vbat,0
0.7734,ID,id.arm,1
0.7734,ID,id.axis,0
0.7734,ID,id.dither,14.23725
0.7734,ID,id.mode,1
0.7734,ID,id.pitch.r,-0.089612894
0.7734,ID,id.pitch.u_ad,-0.020567477
0.7734,ID,id.pitch.u_nom,-0.040697489
0.7734,ID,id.pitch.x,0.089041412
0.7734,ID,id.pitch.xm,-0.089612894
0.7734,ID,id.sample_counter,43140
0.7734,ID,id.sysid_state,1
0.7734,ID,id.vbat,0
0.7783,ID,id.arm,1
0.7783,ID,id.axis,0
0.7783,ID,id.dither,14.491503
0.7783,ID,id.mode,1
0.7783,ID,id.pitch.r,-0.18681583
0.7783,ID,id.pitch.u_ad,-0.024290435
0.7783,ID,id.pitch.u_nom,-0.15282959
0.7783,ID,id.pitch.x,0.12870719
0.7783,ID,id.pitch.xm,-0.18681583
0.7783,ID,id.sample_counter,43141
0.7783,ID,id.sysid_state,1
0.7783,ID,id.vbat,0
0.7833,ID,id.arm,1
0.7833,ID,id.axis,0
0.7833,ID,id.dither,14.747379
0.7833,ID,id.mode,1
0.7833,ID,id.pitch.r,-0.11301319
0.7833,ID,id.pitch.u_ad,-0.022922294
0.7833,ID,id.pitch.u_nom,0.0032460988
0.7833,ID,id.pitch.x,0.081280872
0.7833,ID,id.pitch.xm,-0.11301319
0.7833,ID,id.sample_counter,43142
0.7833,ID,id.sysid_state,1
0.7833,ID,id.vbat,0
0.7881,ID,id.arm,1
0.7881,ID,id.axis,0
0.7881,ID,id.dither,15.004842
0.7881,ID,id.mode,1
0.7881,ID,id.pitch.r,-0.041472808
0.7881,ID,id.pitch.u_ad,-0.0202248
0.7881,ID,id.pitch.u_nom,0.0038742227
0.7881,ID,id.pitch.x,0.071146831
0.7881,ID,id.pitch.xm,-0.041472808
0.7881,ID,id.sample_counter,43143
0.7881,ID,id.sysid_state,1
0.7881,ID,id.vbat,0
0.7932,ID,id.arm,1
0.7932,ID,id.axis,0
0.7932,ID,id.dither,15.263846
0.7932,ID,id.mode,1
0.7932,ID,id.pitch.r,-0.087408163
0.7932,ID,id.pitch.u_ad,-0.021654764
0.7932,ID,id.pitch.u_nom,-0.14177729
0.7932,ID,id.pitch.x,0.16904561
0.7932,ID,id.pitch.xm,-0.087408163
0.7932,ID,id.sample_counter,43144
0.7932,ID,id.sysid_state,1
0.7932,ID,id.vbat,0
0.7973,A,mrac.pitch.e,0.20661747
0.7973,A,mrac.pitch.u_ad,-0.027108217
0.7973,A,mrac.roll.e,-0.2173617
0.7973,A,mrac.roll.u_ad,0.16147248
0.7973,A,mrac.yaw.e,0.21340318
0.7973,A,mrac.yaw.u_ad,-0.021338467
0.7973,A,mrac.z.e,0.10621598
0.7973,A,mrac.z.u_ad,-0.057903521
0.7973,A,status.arm,1
0.7973,A,status.flymode,1
0.7973,A,status.rc_authority,0
0.7973,A,status.sbus_lost,0
0.7973,A,status.twc_arrived,0
0.7973,A,status.twc_execute,0
0.7973,B,mrac.pitch.theta_0,3.8353875e-08
0.7973,B,mrac.pitch.theta_1,0.0026793308
0.7973,B,mrac.pitch.theta_2,0.00036447751
0.7973,B,mrac.pitch.theta_3,0.0021368773
0.7973,B,mrac.pitch.theta_4,0.12672588
0.7973,B,mrac.pitch.theta_5,0.14228033
0.7973,B,mrac.pitch.u_nom,-0.13606945
0.7973,B,mrac.pitch.xm,-0.13345523
0.7973,B,mrac.roll.theta_0,0.14801875
0.7973,B,mrac.roll.theta_1,0.0010706458
0.7973,B,mrac.roll.theta_2,0.0078351134
0.7973,B,mrac.roll.theta_3,0.0017508217
0.7973,B,mrac.roll.theta_4,0.1164327
0.7973,B,mrac.roll.theta_5,0.13305739
0.7973,B,mrac.roll.u_nom,0.13481887
0.7973,B,mrac.roll.xm,0.06991189
0.7973,B,mrac.yaw.theta_0,1.9618179e-44
0.7973,B,mrac.yaw.theta_1,0.0038231763
0.7973,B,mrac.yaw.theta_2,0.0011539053
0.7973,B,mrac.yaw.theta_3,0
0.7973,B,mrac.yaw.theta_4,0.11176347
0.7973,B,mrac.yaw.theta_5,0.088189892
0.7973,B,mrac.yaw.u_nom,-0.05672732
0.7973,B,mrac.yaw.xm,-0.17635128
0.7973,B,mrac.z.theta_0,0.010391511
0.7973,B,mrac.z.theta_1,0.0020866562
0.7973,B,mrac.z.theta_2,0.0010444676
0.7973,B,mrac.z.theta_3,0
0.7973,B,mrac.z.theta_4,0.19652115
0.7973,B,mrac.z.theta_5,0.19049689
0.7973,B,mrac.z.u_nom,-0.248189
0.7973,B,mrac.z.xm,-0.10660028
0.7973,B,path.active_path_mode,0
0.7973,B,path.circle_theta,0
0.7973,B,path.sinusoid_t_elapsed,0
0.7973,B,path.twc_arrived,0
0.7973,B,path.twc_target_x,0
0.7973,B,path.twc_target_y,0
0.7973,B,path.twc_target_z,0
0.7973,B,pid.gyrox.Des,4.0056543
0.7973,B,pid.gyrox.FB,-5.558001
0.7973,B,pid.gyrox.U,157.73808
0.7973,B,pid.gyroy.Des,-7.6464181
0.7973,B,pid.gyroy.FB,6.5247588
0.7973,B,pid.gyroy.U,-159.20125
0.7973,B,pid.gyroz.Des,-10.104179
0.7973,B,pid.gyroz.FB,2.9126422
0.7973,B,pid.gyroz.U,-106.19354
0.7973,B,pid.locx.Des,0
0.7973,B,pid.locx.FB,0.76229656
0.7973,B,pid.locx.U,-2.4688075
0.7973,B,pid.locxs.Des,-2.4688075
0.7973,B,pid.locxs.FB,-3.9176743
0.7973,B,pid.locxs.U,4.4412475
0.7973,B,pid.locy.Des,-47.210907
0.7973,B,pid.locy.FB,-23.9251
0.7973,B,pid.locy.U,-20.516798
0.7973,B,pid.locys.Des,-20.516798
0.7973,B,pid.locys.FB,-3.1067393
0.7973,B,pid.locys.U,-49.070194
0.7973,B,pid.pitch.Des,-2.8694906
0.7973,B,pid.pitch.FB,-0.36534271
0.7973,B,pid.pitch.U,-7.6464181
0.7973,B,pid.roll.Des,-0.18209788
0.7973,B,pid.roll.FB,-1.5195327
0.7973,B,pid.roll.U,4.0056543
0.7973,B,pid.yaw.Des,-2.8954291
0.7973,B,pid.yaw.FB,-1.5447326
0.7973,B,pid.yaw.U,-10.104179
0.7973,B,pid.z_pos.Des,1.0195838
0.7973,B,pid.z_pos.FB,1.0296168
0.7973,B,pid.z_pos.U,-0.10660028
0.7973,B,pid.z_rate.Des,-0.10660028
0.7973,B,pid.z_rate.FB,-0.0014803832
0.7973,B,pid.z_rate.U,-55.097958
0.7973,B,status.vbat,0
0.7984,ID,id.arm,1
0.7984,ID,id.axis,0
0.7984,ID,id.dither,15.524354
0.7984,ID,id.mode,1
0.7984,ID,id.pitch.r,-0.19611022
0.7984,ID,id.pitch.u_ad,-0.022707546
0.7984,ID,id.pitch.u_nom,-0.0079773115
0.7984,ID,id.pitch.x,-0.025916602
0.7984,ID,id.pitch.xm,-0.19611022
0.7984,ID,id.sample_counter,43145
0.7984,ID,id.sysid_state,1
0.7984,ID,id.vbat,0
0.8034,ID,id.arm,1
0.8034,ID,id.axis,0
0.8034,ID,id.dither,15.786327
0.8034,ID,id.mode,1
0.8034,ID,id.pitch.r,-0.10581712
0.8034,ID,id.pitch.u_ad,-0.023217339
0.8034,ID,id.pitch.u_nom,-0.091251001
0.8034,ID,id.pitch.x,0.12023497
0.8034,ID,id.pitch.xm,-0.10581712
0.8034,ID,id.sample_counter,43146
0.8034,ID,id.sysid_state,1
0.8034,ID,id.vbat,0
0.8083,ID,id.arm,1
0.8083,ID,id.axis,0
0.8083,ID,id.dither,16.049719
0.8083,ID,id.mode,1
0.8083,ID,id.pitch.r,-0.049487781
0.8083,ID,id.pitch.u_ad,-0.019973323
0.8083,ID,id.pitch.u_nom,0.039995939
0.8083,ID,id.pitch.x,0.03512932
0.8083,ID,id.pitch.xm,-0.049487781
0.8083,ID,id.sample_counter,43147
0.8083,ID,id.sysid_state,1
0.8083,ID,id.vbat,0
0.8136,ID,id.arm,1
0.8136,ID,id.axis,0
0.8136,ID,id.dither,16.314491
0.8136,ID,id.mode,1
0.8136,ID,id.pitch.r,-0.076981634
0.8136,ID,id.pitch.u_ad,-0.019168384
0.8136,ID,id.pitch.u_nom,-0.031050742
0.8136,ID,id.pitch.x,0.010065393
0.8136,ID,id.pitch.xm,-0.076981634
0.8136,ID,id.sample_counter,43148
0.8136,ID,id.sysid_state,1
0.8136,ID,id.vbat,0
0.8183,ID,id.arm,1
0.8183,ID,id.axis,0
0.8183,ID,id.dither,16.580601
0.8183,ID,id.mode,1
0.8183,ID,id.pitch.r,-0.18246023
0.8183,ID,id.pitch.u_ad,-0.022415413
0.8183,ID,id.pitch.u_nom,-0.11945539
0.8183,ID,id.pitch.x,0.026557062
0.8183,ID,id.pitch.xm,-0.18246023
0.8183,ID,id.sample_counter,43149
0.8183,ID,id.sysid_state,1
0.8183,ID,id.vbat,0
0.8235,ID,id.arm,1
0.8235,ID,id.axis,0
0.8235,ID,id.dither,16.848001
0.8235,ID,id.mode,1
0.8235,ID,id.pitch.r,-0.096590661
0.8235,ID,id.pitch.u_ad,-0.0201253
0.8235,ID,id.pitch.u_nom,0.050525513
0.8235,ID,id.pitch.x,-0.037664615
0.8235,ID,id.pitch.xm,-0.096590661
0.8235,ID,id.sample_counter,43150
0.8235,ID,id.sysid_state,1
0.8235,ID,id.vbat,0
0.8283,ID,id.arm,1
0.8283,ID,id.axis,0
0.8283,ID,id.dither,17.116652
0.8283,ID,id.mode,1
0.8283,ID,id.pitch.r,-0.036561389
0.8283,ID,id.pitch.u_ad,-0.019674368
0.8283,ID,id.pitch.u_nom,-0.098150477
0.8283,ID,id.pitch.x,0.12470499
0.8283,ID,id.pitch.xm,-0.036561389
0.8283,ID,id.sample_counter,43151
0.8283,ID,id.sysid_state,1
0.8283,ID,id.vbat,0
0.8333,ID,id.arm,1
0.8333,ID,id.axis,0
0.8333,ID,id.dither,17.386503
0.8333,ID,id.mode,1
0.8333,ID,id.pitch.r,-0.076514415
0.8333,ID,id.pitch.u_ad,-0.01687967
0.8333,ID,id.pitch.u_nom,0.076817587
0.8333,ID,id.pitch.x,-0.085209429
0.8333,ID,id.pitch.xm,-0.076514415
0.8333,ID,id.sample_counter,43152
0.8333,ID,id.sysid_state,1
0.8333,ID,id.vbat,0
0.8383,ID,id.arm,1
0.8383,ID,id.axis,0
0.8383,ID,id.dither,17.657518
0.8383,ID,id.mode,1
0.8383,ID,id.pitch.r,-0.069647953
0.8383,ID,id.pitch.u_ad,-0.017624713
0.8383,ID,id.pitch.u_nom,-0.096554853
0.8383,ID,id.pitch.x,0.044371299
0.8383,ID,id.pitch.xm,-0.069647953
0.8383,ID,id.sample_counter,43153
0.8383,ID,id.sysid_state,1
0.8383,ID,id.vbat,0
0.8432,ID,id.arm,1
0.8432,ID,id.axis,0
0.8432,ID,id.dither,17.929649
0.8432,ID,id.mode,1
0.8432,ID,id.pitch.r,-0.068857923
0.8432,ID,id.pitch.u_ad,-0.016150605
0.8432,ID,id.pitch.u_nom,0.014161824
0.8432,ID,id.pitch.x,-0.023754131
0.8432,ID,id.pitch.xm,-0.068857923
0.8432,ID,id.sample_counter,43154
0.8432,ID,id.sysid_state,1
0.8432,ID,id.vbat,0
0.8485,ID,id.arm,1
0.8485,ID,id.axis,0
0.8485,ID,id.dither,18.202845
0.8485,ID,id.mode,1
0.8485,ID,id.pitch.r,-0.16693227
0.8485,ID,id.pitch.u_ad,-0.019510753
0.8485,ID,id.pitch.u_nom,-0.11865342
0.8485,ID,id.pitch.x,0.013036894
0.8485,ID,id.pitch.xm,-0.16693227
0.8485,ID,id.sample_counter,43155
0.8485,ID,id.sysid_state,1
0.8485,ID,id.vbat,0
0.8533,ID,id.arm,1
0.8533,ID,id.axis,0
0.8533,ID,id.dither,18.477066
0.8533,ID,id.mode,1
0.8533,ID,id.pitch.r,-0.088618919
0.8533,ID,id.pitch.u_ad,-0.018441895
0.8533,ID,id.pitch.u_nom,-0.00058170548
0.8533,ID,id.pitch.x,0.020522695
0.8533,ID,id.pitch.xm,-0.088618919
0.8533,ID,id.sample_counter,43156
0.8533,ID,id.sysid_state,1
0.8533,ID,id.vbat,0
0.8583,ID,id.arm,1
0.8583,ID,id.axis,0
0.8583,ID,id.dither,18.75226
0.8583,ID,id.mode,1
0.8583,ID,id.pitch.r,-0.013583858
0.8583,ID,id.pitch.u_ad,-0.014246533
0.8583,ID,id.pitch.u_nom,0.087892644
0.8583,ID,id.pitch.x,-0.072105825
0.8583,ID,id.pitch.xm,-0.013583858
0.8583,ID,id.sample_counter,43157
0.8583,ID,id.sysid_state,1
0.8583,ID,id.vbat,0
0.8635,ID,id.arm,1
0.8635,ID,id.axis,0
0.8635,ID,id.dither,19.028378
0.8635,ID,id.mode,1
0.8635,ID,id.pitch.r,-0.059697378
0.8635,ID,id.pitch.u_ad,-0.015953016
0.8635,ID,id.pitch.u_nom,-0.14082058
0.8635,ID,id.pitch.x,0.13146882
0.8635,ID,id.pitch.xm,-0.059697378
0.8635,ID,id.sample_counter,43158
0.8635,ID,id.sysid_state,1
0.8635,ID,id.vbat,0
0.8684,ID,id.arm,1
0.8684,ID,id.axis,0
0.8684,ID,id.dither,19.30538
0.8684,ID,id.mode,1
0.8684,ID,id.pitch.r,-0.1608748
0.8684,ID,id.pitch.u_ad,-0.015650613
0.8684,ID,id.pitch.u_nom,0.06936793
0.8684,ID,id.pitch.x,-0.13950075
0.8684,ID,id.pitch.xm,-0.1608748
0.8684,ID,id.sample_counter,43159
0.8684,ID,id.sysid_state,1
0.8684,ID,id.vbat,0
0.8732,ID,id.arm,1
0.8732,ID,id.axis,0
0.8732,ID,id.dither,19.583212
0.8732,ID,id.mode,1
0.8732,ID,id.pitch.r,-0.069585003
0.8732,ID,id.pitch.u_ad,-0.016980501
0.8732,ID,id.pitch.u_nom,-0.1202041
0.8732,ID,id.pitch.x,0.096669562
0.8732,ID,id.pitch.xm,-0.069585003
0.8732,ID,id.sample_counter,43160
0.8732,ID,id.sysid_state,1
0.8732,ID,id.vbat,0
0.8783,ID,id.arm,1
0.8783,ID,id.axis,0
0.8783,ID,id.dither,19.861822
0.8783,ID,id.mode,1
0.8783,ID,id.pitch.r,-0.11911453
0.8783,ID,id.pitch.u_ad,-0.01688173
0.8783,ID,id.pitch.u_nom,0.0018884805
0.8783,ID,id.pitch.x,-0.022484574
0.8783,ID,id.pitch.xm,-0.11911453
0.8783,ID,id.sample_counter,43161
0.8783,ID,id.sysid_state,1
0.8783,ID,id.vbat,0
0.8834,ID,id.arm,1
0.8834,ID,id.axis,0
0.8834,ID,id.dither,20.141171
0.8834,ID,id.mode,1
0.8834,ID,id.pitch.r,-0.074775338
0.8834,ID,id.pitch.u_ad,-0.01652308
0.8834,ID,id.pitch.u_nom,-0.034056719
0.8834,ID,id.pitch.x,0.02437246
0.8834,ID,id.pitch.xm,-0.074775338
0.8834,ID,id.sample_counter,43162
0.8834,ID,id.sysid_state,1
0.8834,ID,id.vbat,0
0.8883,ID,id.arm,1
0.8883,ID,id.axis,0
0.8883,ID,id.dither,20.421196
0.8883,ID,id.mode,1
0.8883,ID,id.pitch.r,-0.021468483
0.8883,ID,id.pitch.u_ad,-0.014479612
0.8883,ID,id.pitch.u_nom,-0.0028638563
0.8883,ID,id.pitch.x,0.036893249
0.8883,ID,id.pitch.xm,-0.021468483
0.8883,ID,id.sample_counter,43163
0.8883,ID,id.sysid_state,1
0.8883,ID,id.vbat,0
0.8934,ID,id.arm,1
0.8934,ID,id.axis,0
0.8934,ID,id.dither,20.701859
0.8934,ID,id.mode,1
0.8934,ID,id.pitch.r,-0.05139184
0.8934,ID,id.pitch.u_ad,-0.014040735
0.8934,ID,id.pitch.u_nom,-0.037104655
0.8934,ID,id.pitch.x,0.026393143
0.8934,ID,id.pitch.xm,-0.05139184
0.8934,ID,id.sample_counter,43164
0.8934,ID,id.sysid_state,1
0.8934,ID,id.vbat,0
0.8983,ID,id.arm,1
0.8983,ID,id.axis,0
0.8983,ID,id.dither,20.983101
0.8983,ID,id.mode,1
0.8983,ID,id.pitch.r,-0.05862176
0.8983,ID,id.pitch.u_ad,-0.015375535
0.8983,ID,id.pitch.u_nom,-0.1208969
0.8983,ID,id.pitch.x,0.14618324
0.8983,ID,id.pitch.xm,-0.05862176
0.8983,ID,id.sample_counter,43165
0.8983,ID,id.sysid_state,1
0.8983,ID,id.vbat,0
0.9033,ID,id.arm,1
0.9033,ID,id.axis,0
0.9033,ID,id.dither,21.264879
0.9033,ID,id.mode,1
0.9033,ID,id.pitch.r,-0.045053814
0.9033,ID,id.pitch.u_ad,-0.012524194
0.9033,ID,id.pitch.u_nom,0.076695606
0.9033,ID,id.pitch.x,-0.044124786
0.9033,ID,id.pitch.xm,-0.045053814
0.9033,ID,id.sample_counter,43166
0.9033,ID,id.sysid_state,1
0.9033,ID,id.vbat,0
0.9083,ID,id.arm,1
0.9083,ID,id.axis,0
0.9083,ID,id.dither,21.547132
0.9083,ID,id.mode,1
0.9083,ID,id.pitch.r,-0.15560351
0.9083,ID,id.pitch.u_ad,-0.017121408
0.9083,ID,id.pitch.u_nom,-0.17155093
0.9083,ID,id.pitch.x,0.16105026
0.9083,ID,id.pitch.xm,-0.15560351
0.9083,ID,id.sample_counter,43167
0.9083,ID,id.sysid_state,1
0.9083,ID,id.vbat,0
0.9135,ID,id.arm,1
0.9135,ID,id.axis,0
0.9135,ID,id.dither,21.829819
0.9135,ID,id.mode,1
0.9135,ID,id.pitch.r,-0.072453588
0.9135,ID,id.pitch.u_ad,-0.014695136
0.9135,ID,id.pitch.u_nom,0.071400017
0.9135,ID,id.pitch.x,-0.049897004
0.9135,ID,id.pitch.xm,-0.072453588
0.9135,ID,id.sample_counter,43168
0.9135,ID,id.sysid_state,1
0.9135,ID,id.vbat,0
0.9184,ID,id.arm,1
0.9184,ID,id.axis,0
0.9184,ID,id.dither,22.112883
0.9184,ID,id.mode,1
0.9184,ID,id.pitch.r,0.0045012436
0.9184,ID,id.pitch.u_ad,-0.014027126
0.9184,ID,id.pitch.u_nom,-0.09112563
0.9184,ID,id.pitch.x,0.13195799
0.9184,ID,id.pitch.xm,0.0045012436
0.9184,ID,id.sample_counter,43169
0.9184,ID,id.sysid_state,1
0.9184,ID,id.vbat,0
0.9232,ID,id.arm,1
0.9232,ID,id.axis,0
0.9232,ID,id.dither,22.396271
0.9232,ID,id.mode,1
0.9232,ID,id.pitch.r,-0.049995545
0.9232,ID,id.pitch.u_ad,-0.01308451
0.9232,ID,id.pitch.u_nom,-0.0086834049
0.9232,ID,id.pitch.x,0.035161305
0.9232,ID,id.pitch.xm,-0.049995545
0.9232,ID,id.sample_counter,43170
0.9232,ID,id.sysid_state,1
0.9232,ID,id.vbat,0
0.9283,ID,id.arm,1
0.9283,ID,id.axis,0
0.9283,ID,id.dither,22.679928
0.9283,ID,id.mode,1
0.9283,ID,id.pitch.r,-0.1472529
0.9283,ID,id.pitch.u_ad,-0.017086152
0.9283,ID,id.pitch.u_nom,-0.15281889
0.9283,ID,id.pitch.x,0.10592391
0.9283,ID,id.pitch.xm,-0.1472529
0.9283,ID,id.sample_counter,43171
0.9283,ID,id.sysid_state,1
0.9283,ID,id.vbat,0
0.9336,ID,id.arm,1
0.9336,ID,id.axis,0
0.9336,ID,id.dither,22.963808
0.9336,ID,id.mode,1
0.9336,ID,id.pitch.r,-0.075591564
0.9336,ID,id.pitch.u_ad,-0.017683361
0.9336,ID,id.pitch.u_nom,-0.087810211
0.9336,ID,id.pitch.x,0.20109853
0.9336,ID,id.pitch.xm,-0.075591564
0.9336,ID,id.sample_counter,43172
0.9336,ID,id.sysid_state,1
0.9336,ID,id.vbat,0
0.9383,ID,id.arm,1
0.9383,ID,id.axis,0
0.9383,ID,id.dither,23.247854
0.9383,ID,id.mode,1
0.9383,ID,id.pitch.r,-0.0035807216
0.9383,ID,id.pitch.u_ad,-0.013557239
0.9383,ID,id.pitch.u_nom,0.078568771
0.9383,ID,id.pitch.x,-0.010288424
0.9383,ID,id.pitch.xm,-0.0035807216
0.9383,ID,id.sample_counter,43173
0.9383,ID,id.sysid_state,1
0.9383,ID,id.vbat,0
0.9433,ID,id.arm,1
0.9433,ID,id.axis,0
0.9433,ID,id.dither,23.532009
0.9433,ID,id.mode,1
0.9433,ID,id.pitch.r,-0.044675477
0.9433,ID,id.pitch.u_ad,-0.015615646
0.9433,ID,id.pitch.u_nom,-0.17259552
0.9433,ID,id.pitch.x,0.2762579
0.9433,ID,id.pitch.xm,-0.044675477
0.9433,ID,id.sample_counter,43174
0.9433,ID,id.sysid_state,1
0.9433,ID,id.vbat,0
0.9485,ID,id.arm,1
0.9485,ID,id.axis,0
0.9485,ID,id.dither,23.816223
0.9485,ID,id.mode,1
0.9485,ID,id.pitch.r,-0.16061904
0.9485,ID,id.pitch.u_ad,-0.016383737
0.9485,ID,id.pitch.u_nom,0.01346549
0.9485,ID,id.pitch.x,0.023374122
0.9485,ID,id.pitch.xm,-0.16061904
0.9485,ID,id.sample_counter,43175
0.9485,ID,id.sysid_state,1
0.9485,ID,id.vbat,0
0.9533,ID,id.arm,1
0.9533,ID,id.axis,0
0.9533,ID,id.dither,24.100449
0.9533,ID,id.mode,1
0.9533,ID,id.pitch.r,-0.064131878
0.9533,ID,id.pitch.u_ad,-0.017118305
0.9533,ID,id.pitch.u_nom,-0.10172198
0.9533,ID,id.pitch.x,0.18537915
0.9533,ID,id.pitch.xm,-0.064131878
0.9533,ID,id.sample_counter,43176
0.9533,ID,id.sysid_state,1
0.9533,ID,id.vbat,0
0.9582,ID,id.arm,1
0.9582,ID,id.axis,0
0.9582,ID,id.dither,24.384623
0.9582,ID,id.mode,1
0.9582,ID,id.pitch.r,-0.01288085
0.9582,ID,id.pitch.u_ad,-0.014473407
0.9582,ID,id.pitch.u_nom,0.013550594
0.9582,ID,id.pitch.x,0.12338156
0.9582,ID,id.pitch.xm,-0.01288085
0.9582,ID,id.sample_counter,43177
0.9582,ID,id.sysid_state,1
0.9582,ID,id.vbat,0
0.9634,ID,id.arm,1
0.9634,ID,id.axis,0
0.9634,ID,id.dither,24.668692
0.9634,ID,id.mode,1
0.9634,ID,id.pitch.r,-0.043013532
0.9634,ID,id.pitch.u_ad,-0.013192524
0.9634,ID,id.pitch.u_nom,-0.0019017162
0.9634,ID,id.pitch.x,0.038785927
0.9634,ID,id.pitch.xm,-0.043013532
0.9634,ID,id.sample_counter,43178
0.9634,ID,id.sysid_state,1
0.9634,ID,id.vbat,0
0.9684,ID,id.arm,1
0.9684,ID,id.axis,0
0.9684,ID,id.dither,24.95261
0.9684,ID,id.mode,1
0.9684,ID,id.pitch.r,-0.16033268
0.9684,ID,id.pitch.u_ad,-0.01795187
0.9684,ID,id.pitch.u_nom,-0.17993474
0.9684,ID,id.pitch.x,0.19057466
0.9684,ID,id.pitch.xm,-0.16033268
0.9684,ID,id.sample_counter,43179
0.9684,ID,id.sysid_state,1
0.9684,ID,id.vbat,0
0.9733,ID,id.arm,1
0.9733,ID,id.axis,0
0.9733,ID,id.dither,25.236311
0.9733,ID,id.mode,1
0.9733,ID,id.pitch.r,-0.069836803
0.9733,ID,id.pitch.u_ad,-0.01572891
0.9733,ID,id.pitch.u_nom,0.05032444
0.9733,ID,id.pitch.x,0.038807381
0.9733,ID,id.pitch.xm,-0.069836803
0.9733,ID,id.sample_counter,43180
0.9733,ID,id.sysid_state,1
0.9733,ID,id.vbat,0
0.9783,ID,id.arm,1
0.9783,ID,id.axis,0
0.9783,ID,id.dither,25.519743
0.9783,ID,id.mode,1
0.9783,ID,id.pitch.r,-0.00068596401
0.9783,ID,id.pitch.u_ad,-0.015431972
0.9783,ID,id.pitch.u_nom,-0.11378936
0.9783,ID,id.pitch.x,0.2150204
0.9783,ID,id.pitch.xm,-0.00068596401
0.9783,ID,id.sample_counter,43181
0.9783,ID,id.sysid_state,1
0.9783,ID,id.vbat,0
0.9833,ID,id.arm,1
0.9833,ID,id.axis,0
0.9833,ID,id.dither,25.80286
0.9833,ID,id.mode,1
0.9833,ID,id.pitch.r,-0.049632121
0.9833,ID,id.pitch.u_ad,-0.013709434
0.9833,ID,id.pitch.u_nom,0.021173242
0.9833,ID,id.pitch.x,0.053716715
0.9833,ID,id.pitch.xm,-0.049632121
0.9833,ID,id.sample_counter,43182
0.9833,ID,id.sysid_state,1
0.9833,ID,id.vbat,0
0.9882,ID,id.arm,1
0.9882,ID,id.axis,0
0.9882,ID,id.dither,26.085594
0.9882,ID,id.mode,1
0.9882,ID,id.pitch.r,-0.15014589
0.9882,ID,id.pitch.u_ad,-0.018065173
0.9882,ID,id.pitch.u_nom,-0.17361826
0.9882,ID,id.pitch.x,0.17496441
0.9882,ID,id.pitch.xm,-0.15014589
0.9882,ID,id.sample_counter,43183
0.9882,ID,id.sysid_state,1
0.9882,ID,id.vbat,0
0.9933,ID,id.arm,1
0.9933,ID,id.axis,0
0.9933,ID,id.dither,26.367897
0.9933,ID,id.mode,1
0.9933,ID,id.pitch.r,-0.076532155
0.9933,ID,id.pitch.u_ad,-0.017079631
0.9933,ID,id.pitch.u_nom,-0.0096466327
0.9933,ID,id.pitch.x,0.14170951
0.9933,ID,id.pitch.xm,-0.076532155
0.9933,ID,id.sample_counter,43184
0.9933,ID,id.sysid_state,1
0.9933,ID,id.vbat,0
0.9974,A,mrac.pitch.e,0.20661747
0.9974,A,mrac.pitch.u_ad,-0.027108217
0.9974,A,mrac.roll.e,-0.2173617
0.9974,A,mrac.roll.u_ad,0.16147248
0.9974,A,mrac.yaw.e,0.21340318
0.9974,A,mrac.yaw.u_ad,-0.021338467
0.9974,A,mrac.z.e,0.10621598
0.9974,A,mrac.z.u_ad,-0.057903521
0.9974,A,status.arm,1
0.9974,A,status.flymode,1
0.9974,A,status.rc_authority,0
0.9974,A,status.sbus_lost,0
0.9974,A,status.twc_arrived,0
0.9974,A,status.twc_execute,0
0.9975,B,mrac.pitch.theta_0,3.8353875e-08
0.9975,B,mrac.pitch.theta_1,0.0026793308
0.9975,B,mrac.pitch.theta_2,0.00036447751
0.9975,B,mrac.pitch.theta_3,0.0021368773
0.9975,B,mrac.pitch.theta_4,0.12672588
0.9975,B,mrac.pitch.theta_5,0.14228033
0.9975,B,mrac.pitch.u_nom,-0.13606945
0.9975,B,mrac.pitch.xm,-0.13345523
0.9975,B,mrac.roll.theta_0,0.14801875
0.9975,B,mrac.roll.theta_1,0.0010706458
0.9975,B,mrac.roll.theta_2,0.0078351134
0.9975,B,mrac.roll.theta_3,0.0017508217
0.9975,B,mrac.roll.theta_4,0.1164327
0.9975,B,mrac.roll.theta_5,0.13305739
0.9975,B,mrac.roll.u_nom,0.13481887
0.9975,B,mrac.roll.xm,0.06991189
0.9975,B,mrac.yaw.theta_0,1.9618179e-44
0.9975,B,mrac.yaw.theta_1,0.0038231763
0.9975,B,mrac.yaw.theta_2,0.0011539053
0.9975,B,mrac.yaw.theta_3,0
0.9975,B,mrac.yaw.theta_4,0.11176347
0.9975,B,mrac.yaw.theta_5,0.088189892
0.9975,B,mrac.yaw.u_nom,-0.05672732
0.9975,B,mrac.yaw.xm,-0.17635128
0.9975,B,mrac.z.theta_0,0.010391511
0.9975,B,mrac.z.theta_1,0.0020866562
0.9975,B,mrac.z.theta_2,0.0010444676
0.9975,B,mrac.z.theta_3,0
0.9975,B,mrac.z.theta_4,0.19652115
0.9975,B,mrac.z.theta_5,0.19049689
0.9975,B,mrac.z.u_nom,-0.248189
0.9975,B,mrac.z.xm,-0.10660028
0.9975,B,path.active_path_mode,0
0.9975,B,path.circle_theta,0
0.9975,B,path.sinusoid_t_elapsed,0
0.9975,B,path.twc_arrived,0
0.9975,B,path.twc_target_x,0
0.9975,B,path.twc_target_y,0
0.9975,B,path.twc_target_z,0
0.9975,B,pid.gyrox.Des,4.0056543
0.9975,B,pid.gyrox.FB,-5.558001
0.9975,B,pid.gyrox.U,157.73808
0.9975,B,pid.gyroy.Des,-7.6464181
0.9975,B,pid.gyroy.FB,6.5247588
0.9975,B,pid.gyroy.U,-159.20125
0.9975,B,pid.gyroz.Des,-10.104179
0.9975,B,pid.gyroz.FB,2.9126422
0.9975,B,pid.gyroz.U,-106.19354
0.9975,B,pid.locx.Des,0
0.9975,B,pid.locx.FB,0.76229656
0.9975,B,pid.locx.U,-2.4688075
0.9975,B,pid.locxs.Des,-2.4688075
0.9975,B,pid.locxs.FB,-3.9176743
0.9975,B,pid.locxs.U,4.4412475
0.9975,B,pid.locy.Des,-47.210907
0.9975,B,pid.locy.FB,-23.9251
0.9975,B,pid.locy.U,-20.516798
0.9975,B,pid.locys.Des,-20.516798
0.9975,B,pid.locys.FB,-3.1067393
0.9975,B,pid.locys.U,-49.070194
0.9975,B,pid.pitch.Des,-2.8694906
0.9975,B,pid.pitch.FB,-0.36534271
0.9975,B,pid.pitch.U,-7.6464181
0.9975,B,pid.roll.Des,-0.18209788
0.9975,B,pid.roll.FB,-1.5195327
0.9975,B,pid.roll.U,4.0056543
0.9975,B,pid.yaw.Des,-2.8954291
0.9975,B,pid.yaw.FB,-1.5447326
0.9975,B,pid.yaw.U,-10.104179
0.9975,B,pid.z_pos.Des,1.0195838
0.9975,B,pid.z_pos.FB,1.0296168
0.9975,B,pid.z_pos.U,-0.10660028
0.9975,B,pid.z_rate.Des,-0.10660028
0.9975,B,pid.z_rate.FB,-0.0014803832
0.9975,B,pid.z_rate.U,-55.097958
0.9975,B,status.vbat,0
0.9984,ID,id.arm,1
0.9984,ID,id.axis,0
0.9984,ID,id.dither,26.649715
0.9984,ID,id.mode,1
0.9984,ID,id.pitch.r,-0.0029060426
0.9984,ID,id.pitch.u_ad,-0.013249723
0.9984,ID,id.pitch.u_nom,0.066765547
0.9984,ID,id.pitch.x,0.038591433
0.9984,ID,id.pitch.xm,-0.0029060426
0.9984,ID,id.sample_counter,43185
0.9984,ID,id.sysid_state,1
0.9984,ID,id.vbat,0
1.0034,ID,id.arm,1
1.0034,ID,id.axis,0
1.0034,ID,id.dither,26.930984
1.0034,ID,id.mode,1
1.0034,ID,id.pitch.r,-0.048255701
1.0034,ID,id.pitch.u_ad,-0.015053128
1.0034,ID,id.pitch.u_nom,-0.1502638
1.0034,ID,id.pitch.x,0.18147339
1.0034,ID,id.pitch.xm,-0.048255701
1.0034,ID,id.sample_counter,43186
1.0034,ID,id.sysid_state,1
1.0034,ID,id.vbat,0
1.0082,ID,id.arm,1
1.0082,ID,id.axis,0
1.0082,ID,id.dither,27.211662
1.0082,ID,id.mode,1
1.0082,ID,id.pitch.r,-0.25569811
1.0082,ID,id.pitch.u_ad,-0.019914337
1.0082,ID,id.pitch.u_nom,-0.089376613
1.0082,ID,id.pitch.x,0.0074970461
1.0082,ID,id.pitch.xm,-0.25569811
1.0082,ID,id.sample_counter,43187
1.0082,ID,id.sysid_state,1
1.0082,ID,id.vbat,0
1.0136,ID,id.arm,1
1.0136,ID,id.axis,0
1.0136,ID,id.dither,27.49168
1.0136,ID,id.mode,1
1.0136,ID,id.pitch.r,-0.09233962
1.0136,ID,id.pitch.u_ad,-0.021280991
1.0136,ID,id.pitch.u_nom,-0.13162115
1.0136,ID,id.pitch.x,0.25067621
1.0136,ID,id.pitch.xm,-0.09233962
1.0136,ID,id.sample_counter,43188
1.0136,ID,id.sysid_state,1
1.0136,ID,id.vbat,0
1.0183,ID,id.arm,1
1.0183,ID,id.axis,0
1.0183,ID,id.dither,27.770992
1.0183,ID,id.mode,1
1.0183,ID,id.pitch.r,0.025363624
1.0183,ID,id.pitch.u_ad,-0.016047543
1.0183,ID,id.pitch.u_nom,0.076088525
1.0183,ID,id.pitch.x,0.028778566
1.0183,ID,id.pitch.xm,0.025363624
1.0183,ID,id.sample_counter,43189
1.0183,ID,id.sysid_state,1
1.0183,ID,id.vbat,0
1.0233,ID,id.arm,1
1.0233,ID,id.axis,0
1.0233,ID,id.dither,28.04954
1.0233,ID,id.mode,1
1.0233,ID,id.pitch.r,-0.047607951
1.0233,ID,id.pitch.u_ad,-0.016934998
1.0233,ID,id.pitch.u_nom,-0.12341322
1.0233,ID,id.pitch.x,0.11104482
1.0233,ID,id.pitch.xm,-0.047607951
1.0233,ID,id.sample_counter,43190
1.0233,ID,id.sysid_state,1
1.0233,ID,id.vbat,0
1.0283,ID,id.arm,1
1.0283,ID,id.axis,0
1.0283,ID,id.dither,28.327263
1.0283,ID,id.mode,1
1.0283,ID,id.pitch.r,-0.17035396
1.0283,ID,id.pitch.u_ad,-0.021325991
1.0283,ID,id.pitch.u_nom,-0.17781188
1.0283,ID,id.pitch.x,0.17187648
1.0283,ID,id.pitch.xm,-0.17035396
1.0283,ID,id.sample_counter,43191
1.0283,ID,id.sysid_state,1
1.0283,ID,id.vbat,0
1.0333,ID,id.arm,1
1.0333,ID,id.axis,0
1.0333,ID,id.dither,28.604109
1.0333,ID,id.mode,1
1.0333,ID,id.pitch.r,-0.078145869
1.0333,ID,id.pitch.u_ad,-0.018677911
1.0333,ID,id.pitch.u_nom,0.056539644
1.0333,ID,id.pitch.x,0.0051081469
1.0333,ID,id.pitch.xm,-0.078145869
1.0333,ID,id.sample_counter,43192
1.0333,ID,id.sysid_state,1
1.0333,ID,id.vbat,0
1.0383,ID,id.arm,1
1.0383,ID,id.axis,0
1.0383,ID,id.dither,28.880026
1.0383,ID,id.mode,1
1.0383,ID,id.pitch.r,-0.014587571
1.0383,ID,id.pitch.u_ad,-0.018663255
1.0383,ID,id.pitch.u_nom,-0.13555254
1.0383,ID,id.pitch.x,0.21381721
1.0383,ID,id.pitch.xm,-0.014587571
1.0383,ID,id.sample_counter,43193
1.0383,ID,id.sysid_state,1
1.0383,ID,id.vbat,0
1.0433,ID,id.arm,1
1.0433,ID,id.axis,0
1.0433,ID,id.dither,29.154953
1.0433,ID,id.mode,1
1.0433,ID,id.pitch.r,-0.058915205
1.0433,ID,id.pitch.u_ad,-0.015427005
1.0433,ID,id.pitch.u_nom,0.088826939
1.0433,ID,id.pitch.x,-0.10752486
1.0433,ID,id.pitch.xm,-0.058915205
1.0433,ID,id.sample_counter,43194
1.0433,ID,id.sysid_state,1
1.0433,ID,id.vbat,0
1.0484,ID,id.arm,1
1.0484,ID,id.axis,0
1.0484,ID,id.dither,29.428839
1.0484,ID,id.mode,1
1.0484,ID,id.pitch.r,-0.15629117
1.0484,ID,id.pitch.u_ad,-0.019016908
1.0484,ID,id.pitch.u_nom,-0.1367498
1.0484,ID,id.pitch.x,0.018238872
1.0484,ID,id.pitch.xm,-0.15629117
1.0484,ID,id.sample_counter,43195
1.0484,ID,id.sysid_state,1
1.0484,ID,id.vbat,0
1.0534,ID,id.arm,1
1.0534,ID,id.axis,0
1.0534,ID,id.dither,29.701622
1.0534,ID,id.mode,1
1.0534,ID,id.pitch.r,-0.074832194
1.0534,ID,id.pitch.u_ad,-0.017293813
1.0534,ID,id.pitch.u_nom,0.022724802
1.0534,ID,id.pitch.x,-0.0010487546
1.0534,ID,id.pitch.xm,-0.074832194
1.0534,ID,id.sample_counter,43196
1.0534,ID,id.sysid_state,1
1.0534,ID,id.vbat,0
1.0582,ID,id.arm,1
1.0582,ID,id.axis,0
1.0582,ID,id.dither,29.973249
1.0582,ID,id.mode,1
1.0582,ID,id.pitch.r,0.0027147944
1.0582,ID,id.pitch.u_ad,-0.013663337
1.0582,ID,id.pitch.u_nom,0.049956363
1.0582,ID,id.pitch.x,-0.02771776
1.0582,ID,id.pitch.xm,0.0027147944
1.0582,ID,id.sample_counter,43197
1.0582,ID,id.sysid_state,1
1.0582,ID,id.vbat,0
1.0635,ID,id.arm,1
1.0635,ID,id.axis,0
1.0635,ID,id.dither,30.243673
1.0635,ID,id.mode,1
1.0635,ID,id.pitch.r,-0.041531049
1.0635,ID,id.pitch.u_ad,-0.014289883
1.0635,ID,id.pitch.u_nom,-0.096608698
1.0635,ID,id.pitch.x,0.0580865
1.0635,ID,id.pitch.xm,-0.041531049
1.0635,ID,id.sample_counter,43198
1.0635,ID,id.sysid_state,1
1.0635,ID,id.vbat,0
1.0683,ID,id.arm,1
1.0683,ID,id.axis,0
1.0683,ID,id.dither,30.512823
1.0683,ID,id.mode,1
1.0683,ID,id.pitch.r,-0.25125149
1.0683,ID,id.pitch.u_ad,-0.018142775
1.0683,ID,id.pitch.u_nom,-0.032336291
1.0683,ID,id.pitch.x,-0.15243158
1.0683,ID,id.pitch.xm,-0.25125149
1.0683,ID,id.sample_counter,43199
1.0683,ID,id.sysid_state,1
1.0683,ID,id.vbat,0
1.0732,ID,id.arm,1
1.0732,ID,id.axis,0
1.0732,ID,id.dither,30.780657
1.0732,ID,id.mode,1
1.0732,ID,id.pitch.r,-0.085115962
1.0732,ID,id.pitch.u_ad,-0.019097781
1.0732,ID,id.pitch.u_nom,-0.10110393
1.0732,ID,id.pitch.x,0.10678951
1.0732,ID,id.pitch.xm,-0.085115962
1.0732,ID,id.sample_counter,43200
1.0732,ID,id.sysid_state,1
1.0732,ID,id.vbat,0
1.0782,ID,id.arm,1
1.0782,ID,id.axis,0
1.0782,ID,id.dither,31.047123
1.0782,ID,id.mode,1
1.0782,ID,id.pitch.r,0.031640962
1.0782,ID,id.pitch.u_ad,-0.013948453
1.0782,ID,id.pitch.u_nom,0.082429126
1.0782,ID,id.pitch.x,0.0092660515
1.0782,ID,id.pitch.xm,0.031640962
1.0782,ID,id.sample_counter,43201
1.0782,ID,id.sysid_state,1
1.0782,ID,id.vbat,0
1.0834,ID,id.arm,1
1.0834,ID,id.axis,0
1.0834,ID,id.dither,31.312143
1.0834,ID,id.mode,1
1.0834,ID,id.pitch.r,-0.044792157
1.0834,ID,id.pitch.u_ad,-0.013897342
1.0834,ID,id.pitch.u_nom,-0.058700416
1.0834,ID,id.pitch.x,0.0086053452
1.0834,ID,id.pitch.xm,-0.044792157
1.0834,ID,id.sample_counter,43202
1.0834,ID,id.sysid_state,1
1.0834,ID,id.vbat,0
1.0881,ID,id.arm,1
1.0881,ID,id.axis,0
1.0881,ID,id.dither,31.575693
1.0881,ID,id.mode,1
1.0881,ID,id.pitch.r,-0.15722787
1.0881,ID,id.pitch.u_ad,-0.016827039
1.0881,ID,id.pitch.u_nom,-0.088379242
1.0881,ID,id.pitch.x,-0.012911937
1.0881,ID,id.pitch.xm,-0.15722787
1.0881,ID,id.sample_counter,43203
1.0881,ID,id.sysid_state,1
1.0881,ID,id.vbat,0
1.0933,ID,id.arm,1
1.0933,ID,id.axis,0
1.0933,ID,id.dither,31.837694
1.0933,ID,id.mode,1
1.0933,ID,id.pitch.r,-0.06481348
1.0933,ID,id.pitch.u_ad,-0.014429611
1.0933,ID,id.pitch.u_nom,0.065354384
1.0933,ID,id.pitch.x,-0.069168761
1.0933,ID,id.pitch.xm,-0.06481348
1.0933,ID,id.sample_counter,43204
1.0933,ID,id.sysid_state,1
1.0933,ID,id.vbat,0
1.0988,ID,id.arm,1
1.0988,ID,id.axis,0
1.0988,ID,id.dither,32.098106
1.0988,ID,id.mode,1
1.0988,ID,id.pitch.r,-0.0086210556
1.0988,ID,id.pitch.u_ad,-0.014601516
1.0988,ID,id.pitch.u_nom,-0.11683848
1.0988,ID,id.pitch.x,0.13593912
1.0988,ID,id.pitch.xm,-0.0086210556
1.0988,ID,id.sample_counter,43205
1.0988,ID,id.sysid_state,1
1.0988,ID,id.vbat,0
1.1033,ID,id.arm,1
1.1033,ID,id.axis,0
1.1033,ID,id.dither,32.356869
1.1033,ID,id.mode,1
1.1033,ID,id.pitch.r,-0.045932159
1.1033,ID,id.pitch.u_ad,-0.011582959
1.1033,ID,id.pitch.u_nom,0.093147941
1.1033,ID,id.pitch.x,-0.11207476
1.1033,ID,id.pitch.xm,-0.045932159
1.1033,ID,id.sample_counter,43206
1.1033,ID,id.sysid_state,1
1.1033,ID,id.vbat,0
1.1083,ID,id.arm,1
1.1083,ID,id.axis,0
1.1083,ID,id.dither,32.61393
1.1083,ID,id.mode,1
1.1083,ID,id.pitch.r,-0.24006896
1.1083,ID,id.pitch.u_ad,-0.018025592
1.1083,ID,id.pitch.u_nom,-0.16453218
1.1083,ID,id.pitch.x,0.048040658
1.1083,ID,id.pitch.xm,-0.24006896
1.1083,ID,id.sample_counter,43207
1.1083,ID,id.sysid_state,1
1.1083,ID,id.vbat,0
1.1135,ID,id.arm,1
1.1135,ID,id.axis,0
1.1135,ID,id.dither,32.869232
1.1135,ID,id.mode,1
1.1135,ID,id.pitch.r,-0.094240725
1.1135,ID,id.pitch.u_ad,-0.016129017
1.1135,ID,id.pitch.u_nom,0.060096648
1.1135,ID,id.pitch.x,-0.025399471
1.1135,ID,id.pitch.xm,-0.094240725
1.1135,ID,id.sample_counter,43208
1.1135,ID,id.sysid_state,1
1.1135,ID,id.vbat,0
1.1183,ID,id.arm,1
1.1183,ID,id.axis,0
1.1183,ID,id.dither,33.122726
1.1183,ID,id.mode,1
1.1183,ID,id.pitch.r,0.03795439
1.1183,ID,id.pitch.u_ad,-0.011225613
1.1183,ID,id.pitch.u_nom,0.082751811
1.1183,ID,id.pitch.x,-0.04040147
1.1183,ID,id.pitch.xm,0.03795439
1.1183,ID,id.sample_counter,43209
1.1183,ID,id.sysid_state,1
1.1183,ID,id.vbat,0
1.1232,ID,id.arm,1
1.1232,ID,id.axis,0
1.1232,ID,id.dither,33.374363
1.1232,ID,id.mode,1
1.1232,ID,id.pitch.r,-0.049203385
1.1232,ID,id.pitch.u_ad,-0.012733092
1.1232,ID,id.pitch.u_nom,-0.11855335
1.1232,ID,id.pitch.x,0.051125336
1.1232,ID,id.pitch.xm,-0.049203385
1.1232,ID,id.sample_counter,43210
1.1232,ID,id.sysid_state,1
1.1232,ID,id.vbat,0
1.1283,ID,id.arm,1
1.1283,ID,id.axis,0
1.1283,ID,id.dither,33.624077
1.1283,ID,id.mode,1
1.1283,ID,id.pitch.r,-0.14898515
1.1283,ID,id.pitch.u_ad,-0.013322785
1.1283,ID,id.pitch.u_nom,0.032389753
1.1283,ID,id.pitch.x,-0.13779604
1.1283,ID,id.pitch.xm,-0.14898515
1.1283,ID,id.sample_counter,43211
1.1283,ID,id.sysid_state,1
1.1283,ID,id.vbat,0
1.1334,ID,id.arm,1
1.1334,ID,id.axis,0
1.1334,ID,id.dither,33.87183
1.1334,ID,id.mode,1
1.1334,ID,id.pitch.r,-0.06167138
1.1334,ID,id.pitch.u_ad,-0.015003884
1.1334,ID,id.pitch.u_nom,-0.13122919
1.1334,ID,id.pitch.x,0.11283516
1.1334,ID,id.pitch.xm,-0.06167138
1.1334,ID,id.sample_counter,43212
1.1334,ID,id.sysid_state,1
1.1334,ID,id.vbat,0
1.1383,ID,id.arm,1
1.1383,ID,id.axis,0
1.1383,ID,id.dither,34.117558
1.1383,ID,id.mode,1
1.1383,ID,id.pitch.r,-0.016104609
1.1383,ID,id.pitch.u_ad,-0.011262638
1.1383,ID,id.pitch.u_nom,0.090227485
1.1383,ID,id.pitch.x,-0.070342235
1.1383,ID,id.pitch.xm,-0.016104609
1.1383,ID,id.sample_counter,43213
1.1383,ID,id.sysid_state,1
1.1383,ID,id.vbat,0
1.1433,ID,id.arm,1
1.1433,ID,id.axis,0
1.1433,ID,id.dither,34.361214
1.1433,ID,id.mode,1
1.1433,ID,id.pitch.r,-0.037343126
1.1433,ID,id.pitch.u_ad,-0.011293701
1.1433,ID,id.pitch.u_nom,-0.055219118
1.1433,ID,id.pitch.x,-0.009949537
1.1433,ID,id.pitch.xm,-0.037343126
1.1433,ID,id.sample_counter,43214
1.1433,ID,id.sysid_state,1
1.1433,ID,id.vbat,0
1.1483,ID,id.arm,1
1.1483,ID,id.axis,0
1.1483,ID,id.dither,34.602749
1.1483,ID,id.mode,1
1.1483,ID,id.pitch.r,-0.25041682
1.1483,ID,id.pitch.u_ad,-0.01797103
1.1483,ID,id.pitch.u_nom,-0.16618729
1.1483,ID,id.pitch.x,0.044375226
1.1483,ID,id.pitch.xm,-0.25041682
1.1483,ID,id.sample_counter,43215
1.1483,ID,id.sysid_state,1
1.1483,ID,id.vbat,0
1.1533,ID,id.arm,1
1.1533,ID,id.axis,0
1.1533,ID,id.dither,34.84211
1.1533,ID,id.mode,1
1.1533,ID,id.pitch.r,-0.089784518
1.1533,ID,id.pitch.u_ad,-0.015801936
1.1533,ID,id.pitch.u_nom,0.066771977
1.1533,ID,id.pitch.x,-0.048282959
1.1533,ID,id.pitch.xm,-0.089784518
1.1533,ID,id.sample_counter,43216
1.1533,ID,id.sysid_state,1
1.1533,ID,id.vbat,0
1.1583,ID,id.arm,1
1.1583,ID,id.axis,0
1.1583,ID,id.dither,35.079239
1.1583,ID,id.mode,1
1.1583,ID,id.pitch.r,0.029950188
1.1583,ID,id.pitch.u_ad,-0.014021011
1.1583,ID,id.pitch.u_nom,-0.073681824
1.1583,ID,id.pitch.x,0.14630423
1.1583,ID,id.pitch.xm,0.029950188
1.1583,ID,id.sample_counter,43217
1.1583,ID,id.sysid_state,1
1.1583,ID,id.vbat,0
1.1634,ID,id.arm,1
1.1634,ID,id.axis,0
1.1634,ID,id.dither,35.314091
1.1634,ID,id.mode,1
1.1634,ID,id.pitch.r,-0.055936992
1.1634,ID,id.pitch.u_ad,-0.012241033
1.1634,ID,id.pitch.u_nom,0.039601021
1.1634,ID,id.pitch.x,-0.043907747
1.1634,ID,id.pitch.xm,-0.055936992
1.1634,ID,id.sample_counter,43218
1.1634,ID,id.sysid_state,1
1.1634,ID,id.vbat,0
1.1683,ID,id.arm,1
1.1683,ID,id.axis,0
1.1683,ID,id.dither,35.546623
1.1683,ID,id.mode,1
1.1683,ID,id.pitch.r,-0.15424517
1.1683,ID,id.pitch.u_ad,-0.01657002
1.1683,ID,id.pitch.u_nom,-0.15900578
1.1683,ID,id.pitch.x,0.11119298
1.1683,ID,id.pitch.xm,-0.15424517
1.1683,ID,id.sample_counter,43219
1.1683,ID,id.sysid_state,1
1.1683,ID,id.vbat,0
1.1734,ID,id.arm,1
1.1734,ID,id.axis,0
1.1734,ID,id.dither,35.776779
1.1734,ID,id.mode,1
1.1734,ID,id.pitch.r,-0.08241275
1.1734,ID,id.pitch.u_ad,-0.015510419
1.1734,ID,id.pitch.u_nom,0.0096988641
1.1734,ID,id.pitch.x,0.069713421
1.1734,ID,id.pitch.xm,-0.08241275
1.1734,ID,id.sample_counter,43220
1.1734,ID,id.sysid_state,1
1.1734,ID,id.vbat,0
1.1783,ID,id.arm,1
1.1783,ID,id.axis,0
1.1783,ID,id.dither,36.004501
1.1783,ID,id.mode,1
1.1783,ID,id.pitch.r,-0.019118842
1.1783,ID,id.pitch.u_ad,-0.013201714
1.1783,ID,id.pitch.u_nom,0.01311809
1.1783,ID,id.pitch.x,0.052811224
1.1783,ID,id.pitch.xm,-0.019118842
1.1783,ID,id.sample_counter,43221
1.1783,ID,id.sysid_state,1
1.1783,ID,id.vbat,0
1.1834,ID,id.arm,1
1.1834,ID,id.axis,0
1.1834,ID,id.dither,36.229759
1.1834,ID,id.mode,1
1.1834,ID,id.pitch.r,-0.057278827
1.1834,ID,id.pitch.u_ad,-0.013652516
1.1834,ID,id.pitch.u_nom,-0.071033977
1.1834,ID,id.pitch.x,0.075748198
1.1834,ID,id.pitch.xm,-0.057278827
1.1834,ID,id.sample_counter,43222
1.1834,ID,id.sysid_state,1
1.1834,ID,id.vbat,0
1.1884,ID,id.arm,1
1.1884,ID,id.axis,0
1.1884,ID,id.dither,36.452488
1.1884,ID,id.mode,1
1.1884,ID,id.pitch.r,-0.16203931
1.1884,ID,id.pitch.u_ad,-0.016253572
1.1884,ID,id.pitch.u_nom,-0.068746723
1.1884,ID,id.pitch.x,0.0086052613
1.1884,ID,id.pitch.xm,-0.16203931
1.1884,ID,id.sample_counter,43223
1.1884,ID,id.sysid_state,1
1.1884,ID,id.vbat,0
1.1934,ID,id.arm,1
1.1934,ID,id.axis,0
1.1934,ID,id.dither,36.672646
1.1934,ID,id.mode,1
1.1934,ID,id.pitch.r,-0.081615135
1.1934,ID,id.pitch.u_ad,-0.018120034
1.1934,ID,id.pitch.u_nom,-0.14408837
1.1934,ID,id.pitch.x,0.21667472
1.1934,ID,id.pitch.xm,-0.081615135
1.1934,ID,id.sample_counter,43224
1.1934,ID,id.sysid_state,1
1.1934,ID,id.vbat,0
1.1996,A,mrac.pitch.e,0.20661747
1.1996,A,mrac.pitch.u_ad,-0.027108217
1.1996,A,mrac.roll.e,-0.2173617
1.1996,A,mrac.roll.u_ad,0.16147248
1.1996,A,mrac.yaw.e,0.21340318
1.1996,A,mrac.yaw.u_ad,-0.021338467
1.1996,A,mrac.z.e,0.10621598
1.1996,A,mrac.z.u_ad,-0.057903521
1.1996,A,status.arm,1
1.1996,A,status.flymode,1
1.1996,A,status.rc_authority,0
1.1996,A,status.sbus_lost,0
1.1996,A,status.twc_arrived,0
1.1996,A,status.twc_execute,0
1.1997,B,mrac.pitch.theta_0,3.8353875e-08
1.1997,B,mrac.pitch.theta_1,0.0026793308
1.1997,B,mrac.pitch.theta_2,0.00036447751
1.1997,B,mrac.pitch.theta_3,0.0021368773
1.1997,B,mrac.pitch.theta_4,0.12672588
1.1997,B,mrac.pitch.theta_5,0.14228033
1.1997,B,mrac.pitch.u_nom,-0.13606945
1.1997,B,mrac.pitch.xm,-0.13345523
1.1997,B,mrac.roll.theta_0,0.14801875
1.1997,B,mrac.roll.theta_1,0.0010706458
1.1997,B,mrac.roll.theta_2,0.0078351134
1.1997,B,mrac.roll.theta_3,0.0017508217
1.1997,B,mrac.roll.theta_4,0.1164327
1.1997,B,mrac.roll.theta_5,0.13305739
1.1997,B,mrac.roll.u_nom,0.13481887
1.1997,B,mrac.roll.xm,0.06991189
1.1997,B,mrac.yaw.theta_0,1.9618179e-44
1.1997,B,mrac.yaw.theta_1,0.0038231763
1.1997,B,mrac.yaw.theta_2,0.0011539053
1.1997,B,mrac.yaw.theta_3,0
1.1997,B,mrac.yaw.theta_4,0.11176347
1.1997,B,mrac.yaw.theta_5,0.088189892
1.1997,B,mrac.yaw.u_nom,-0.05672732
1.1997,B,mrac.yaw.xm,-0.17635128
1.1997,B,mrac.z.theta_0,0.010391511
1.1997,B,mrac.z.theta_1,0.0020866562
1.1997,B,mrac.z.theta_2,0.0010444676
1.1997,B,mrac.z.theta_3,0
1.1997,B,mrac.z.theta_4,0.19652115
1.1997,B,mrac.z.theta_5,0.19049689
1.1997,B,mrac.z.u_nom,-0.248189
1.1997,B,mrac.z.xm,-0.10660028
1.1997,B,path.active_path_mode,0
1.1997,B,path.circle_theta,0
1.1997,B,path.sinusoid_t_elapsed,0
1.1997,B,path.twc_arrived,0
1.1997,B,path.twc_target_x,0
1.1997,B,path.twc_target_y,0
1.1997,B,path.twc_target_z,0
1.1997,B,pid.gyrox.Des,4.0056543
1.1997,B,pid.gyrox.FB,-5.558001
1.1997,B,pid.gyrox.U,157.73808
1.1997,B,pid.gyroy.Des,-7.6464181
1.1997,B,pid.gyroy.FB,6.5247588
1.1997,B,pid.gyroy.U,-159.20125
1.1997,B,pid.gyroz.Des,-10.104179
1.1997,B,pid.gyroz.FB,2.9126422
1.1997,B,pid.gyroz.U,-106.19354
1.1997,B,pid.locx.Des,0
1.1997,B,pid.locx.FB,0.76229656
1.1997,B,pid.locx.U,-2.4688075
1.1997,B,pid.locxs.Des,-2.4688075
1.1997,B,pid.locxs.FB,-3.9176743
1.1997,B,pid.locxs.U,4.4412475
1.1997,B,pid.locy.Des,-47.210907
1.1997,B,pid.locy.FB,-23.9251
1.1997,B,pid.locy.U,-20.516798
1.1997,B,pid.locys.Des,-20.516798
1.1997,B,pid.locys.FB,-3.1067393
1.1997,B,pid.locys.U,-49.070194
1.1997,B,pid.pitch.Des,-2.8694906
1.1997,B,pid.pitch.FB,-0.36534271
1.1997,B,pid.pitch.U,-7.6464181
1.1997,B,pid.roll.Des,-0.18209788
1.1997,B,pid.roll.FB,-1.5195327
1.1997,B,pid.roll.U,4.0056543
1.1997,B,pid.yaw.Des,-2.8954291
1.1997,B,pid.yaw.FB,-1.5447326
1.1997,B,pid.yaw.U,-10.104179
1.1997,B,pid.z_pos.Des,1.0195838
1.1997,B,pid.z_pos.FB,1.0296168
1.1997,B,pid.z_pos.U,-0.10660028
1.1997,B,pid.z_rate.Des,-0.10660028
1.1997,B,pid.z_rate.FB,-0.0014803832
1.1997,B,pid.z_rate.U,-55.097958
1.1997,B,status.vbat,0
1.2000,ID,id.arm,1
1.2000,ID,id.axis,0
1.2000,ID,id.dither,36.890182
1.2000,ID,id.mode,1
1.2000,ID,id.pitch.r,-0.0343231
1.2000,ID,id.pitch.u_ad,-0.0148119
1.2000,ID,id.pitch.u_nom,0.062874876
1.2000,ID,id.pitch.x,0.023070455
1.2000,ID,id.pitch.xm,-0.0343231
1.2000,ID,id.sample_counter,43225
1.2000,ID,id.sysid_state,1
1.2000,ID,id.vbat,0
1.2033,ID,id.arm,1
1.2033,ID,id.axis,0
1.2033,ID,id.dither,37.105057
1.2033,ID,id.mode,1
1.2033,ID,id.pitch.r,-0.060156573
1.2033,ID,id.pitch.u_ad,-0.016155735
1.2033,ID,id.pitch.u_nom,-0.12774193
1.2033,ID,id.pitch.x,0.14037924
1.2033,ID,id.pitch.xm,-0.060156573
1.2033,ID,id.sample_counter,43226
1.2033,ID,id.sysid_state,1
1.2033,ID,id.vbat,0
1.2084,ID,id.arm,1
1.2084,ID,id.axis,0
1.2084,ID,id.dither,37.317219
1.2084,ID,id.mode,1
1.2084,ID,id.pitch.r,-0.17429817
1.2084,ID,id.pitch.u_ad,-0.018922541
1.2084,ID,id.pitch.u_nom,-0.083870307
1.2084,ID,id.pitch.x,0.061940849
1.2084,ID,id.pitch.xm,-0.17429817
1.2084,ID,id.sample_counter,43227
1.2084,ID,id.sysid_state,1
1.2084,ID,id.vbat,0
1.2133,ID,id.arm,1
1.2133,ID,id.axis,0
1.2133,ID,id.dither,37.526623
1.2133,ID,id.mode,1
1.2133,ID,id.pitch.r,-0.082762957
1.2133,ID,id.pitch.u_ad,-0.017905958
1.2133,ID,id.pitch.u_nom,-0.0097512268
1.2133,ID,id.pitch.x,0.076375663
1.2133,ID,id.pitch.xm,-0.082762957
1.2133,ID,id.sample_counter,43228
1.2133,ID,id.sysid_state,1
1.2133,ID,id.vbat,0
1.2185,ID,id.arm,1
1.2185,ID,id.axis,0
1.2185,ID,id.dither,37.733219
1.2185,ID,id.mode,1
1.2185,ID,id.pitch.r,-0.038564119
1.2185,ID,id.pitch.u_ad,-0.01735086
1.2185,ID,id.pitch.u_nom,-0.076740846
1.2185,ID,id.pitch.x,0.16037104
1.2185,ID,id.pitch.xm,-0.038564119
1.2185,ID,id.sample_counter,43229
1.2185,ID,id.sysid_state,1
1.2185,ID,id.vbat,0
1.2232,ID,id.arm,1
1.2232,ID,id.axis,0
1.2232,ID,id.dither,37.93697
1.2232,ID,id.mode,1
1.2232,ID,id.pitch.r,-0.069954284
1.2232,ID,id.pitch.u_ad,-0.014500652
1.2232,ID,id.pitch.u_nom,0.087724157
1.2232,ID,id.pitch.x,-0.11404697
1.2232,ID,id.pitch.xm,-0.069954284
1.2232,ID,id.sample_counter,43230
1.2232,ID,id.sysid_state,1
1.2232,ID,id.vbat,0
1.2285,ID,id.arm,1
1.2285,ID,id.axis,0
1.2285,ID,id.dither,38.137821
1.2285,ID,id.mode,1
1.2285,ID,id.pitch.r,-0.1670583
1.2285,ID,id.pitch.u_ad,-0.018830996
1.2285,ID,id.pitch.u_nom,-0.16102399
1.2285,ID,id.pitch.x,0.10662243
1.2285,ID,id.pitch.xm,-0.1670583
1.2285,ID,id.sample_counter,43231
1.2285,ID,id.sysid_state,1
1.2285,ID,id.vbat,0
1.2341,ID,id.arm,1
1.2341,ID,id.axis,0
1.2341,ID,id.dither,38.335747
1.2341,ID,id.mode,1
1.2341,ID,id.pitch.r,-0.093621202
1.2341,ID,id.pitch.u_ad,-0.017017713
1.2341,ID,id.pitch.u_nom,0.04623951
1.2341,ID,id.pitch.x,0.014255143
1.2341,ID,id.pitch.xm,-0.093621202
1.2341,ID,id.sample_counter,43232
1.2341,ID,id.sysid_state,1
1.2341,ID,id.vbat,0
1.2382,ID,id.arm,1
1.2382,ID,id.axis,0
1.2382,ID,id.dither,38.530685
1.2382,ID,id.mode,1
1.2382,ID,id.pitch.r,-0.028133379
1.2382,ID,id.pitch.u_ad,-0.014584769
1.2382,ID,id.pitch.u_nom,0.019976927
1.2382,ID,id.pitch.x,0.0049529136
1.2382,ID,id.pitch.xm,-0.028133379
1.2382,ID,id.sample_counter,43233
1.2382,ID,id.sysid_state,1
1.2382,ID,id.vbat,0
1.2432,ID,id.arm,1
1.2432,ID,id.axis,0
1.2432,ID,id.dither,38.722599
1.2432,ID,id.mode,1
1.2432,ID,id.pitch.r,-0.067324407
1.2432,ID,id.pitch.u_ad,-0.015651617
1.2432,ID,id.pitch.u_nom,-0.10174531
1.2432,ID,id.pitch.x,0.081609309
1.2432,ID,id.pitch.xm,-0.067324407
1.2432,ID,id.sample_counter,43234
1.2432,ID,id.sysid_state,1
1.2432,ID,id.vbat,0
1.2483,ID,id.arm,1
1.2483,ID,id.axis,0
1.2483,ID,id.dither,38.911453
1.2483,ID,id.mode,1
1.2483,ID,id.pitch.r,-0.26990178
1.2483,ID,id.pitch.u_ad,-0.020912526
1.2483,ID,id.pitch.u_nom,-0.10096011
1.2483,ID,id.pitch.x,-0.04480537
1.2483,ID,id.pitch.xm,-0.26990178
1.2483,ID,id.sample_counter,43235
1.2483,ID,id.sysid_state,1
1.2483,ID,id.vbat,0
1.2533,ID,id.arm,1
1.2533,ID,id.axis,0
1.2533,ID,id.dither,39.097195
1.2533,ID,id.mode,1
1.2533,ID,id.pitch.r,-0.11576786
1.2533,ID,id.pitch.u_ad,-0.021710053
1.2533,ID,id.pitch.u_nom,-0.083865426
1.2533,ID,id.pitch.x,0.13683169
1.2533,ID,id.pitch.xm,-0.11576786
1.2533,ID,id.sample_counter,43236
1.2533,ID,id.sysid_state,1
1.2533,ID,id.vbat,0
1.2581,ID,id.arm,1
1.2581,ID,id.axis,0
1.2581,ID,id.dither,39.279789
1.2581,ID,id.mode,1
1.2581,ID,id.pitch.r,-0.0037428748
1.2581,ID,id.pitch.u_ad,-0.016654057
1.2581,ID,id.pitch.u_nom,0.092961825
1.2581,ID,id.pitch.x,-0.069246277
1.2581,ID,id.pitch.xm,-0.0037428748
1.2581,ID,id.sample_counter,43237
1.2581,ID,id.sysid_state,1
1.2581,ID,id.vbat,0
1.2632,ID,id.arm,1
1.2632,ID,id.axis,0
1.2632,ID,id.dither,39.459198
1.2632,ID,id.mode,1
1.2632,ID,id.pitch.r,-0.072058178
1.2632,ID,id.pitch.u_ad,-0.016852967
1.2632,ID,id.pitch.u_nom,-0.066727906
1.2632,ID,id.pitch.x,-0.03652212
1.2632,ID,id.pitch.xm,-0.072058178
1.2632,ID,id.sample_counter,43238
1.2632,ID,id.sysid_state,1
1.2632,ID,id.vbat,0
1.2683,ID,id.arm,1
1.2683,ID,id.axis,0
1.2683,ID,id.dither,39.63538
1.2683,ID,id.mode,1
1.2683,ID,id.pitch.r,-0.18547054
1.2683,ID,id.pitch.u_ad,-0.020946657
1.2683,ID,id.pitch.u_nom,-0.14653428
1.2683,ID,id.pitch.x,0.029013418
1.2683,ID,id.pitch.xm,-0.18547054
1.2683,ID,id.sample_counter,43239
1.2683,ID,id.sysid_state,1
1.2683,ID,id.vbat,0
1.2732,ID,id.arm,1
1.2732,ID,id.axis,0
1.2732,ID,id.dither,39.808289
1.2732,ID,id.mode,1
1.2732,ID,id.pitch.r,-0.10168579
1.2732,ID,id.pitch.u_ad,-0.019081749
1.2732,ID,id.pitch.u_nom,0.04071299
1.2732,ID,id.pitch.x,-0.025756946
1.2732,ID,id.pitch.xm,-0.10168579
1.2732,ID,id.sample_counter,43240
1.2732,ID,id.sysid_state,1
1.2732,ID,id.vbat,0
1.2782,ID,id.arm,1
1.2782,ID,id.axis,0
1.2782,ID,id.dither,39.977894
1.2782,ID,id.mode,1
1.2782,ID,id.pitch.r,-0.051066536
1.2782,ID,id.pitch.u_ad,-0.018318651
1.2782,ID,id.pitch.u_nom,-0.060540903
1.2782,ID,id.pitch.x,0.070334964
1.2782,ID,id.pitch.xm,-0.051066536
1.2782,ID,id.sample_counter,43241
1.2782,ID,id.sysid_state,1
1.2782,ID,id.vbat,0
1.2834,ID,id.arm,1
1.2834,ID,id.axis,0
1.2834,ID,id.dither,40.144157
1.2834,ID,id.mode,1
1.2834,ID,id.pitch.r,-0.084954344
1.2834,ID,id.pitch.u_ad,-0.016323859
1.2834,ID,id.pitch.u_nom,0.050614081
1.2834,ID,id.pitch.x,-0.084559396
1.2834,ID,id.pitch.xm,-0.084954344
1.2834,ID,id.sample_counter,43242
1.2834,ID,id.sysid_state,1
1.2834,ID,id.vbat,0
1.2882,ID,id.arm,1
1.2882,ID,id.axis,0
1.2882,ID,id.dither,40.307045
1.2882,ID,id.mode,1
1.2882,ID,id.pitch.r,-0.18468817
1.2882,ID,id.pitch.u_ad,-0.020274878
1.2882,ID,id.pitch.u_nom,-0.13465597
1.2882,ID,id.pitch.x,-0.012745494
1.2882,ID,id.pitch.xm,-0.18468817
1.2882,ID,id.sample_counter,43243
1.2882,ID,id.sysid_state,1
1.2882,ID,id.vbat,0
1.2932,ID,id.arm,1
1.2932,ID,id.axis,0
1.2932,ID,id.dither,40.466515
1.2932,ID,id.mode,1
1.2932,ID,id.pitch.r,-0.10567854
1.2932,ID,id.pitch.u_ad,-0.018577725
1.2932,ID,id.pitch.u_nom,0.042515695
1.2932,ID,id.pitch.x,-0.060564671
1.2932,ID,id.pitch.xm,-0.10567854
1.2932,ID,id.sample_counter,43244
1.2932,ID,id.sysid_state,1
1.2932,ID,id.vbat,0
1.2984,ID,id.arm,1
1.2984,ID,id.axis,0
1.2984,ID,id.dither,40.622532
1.2984,ID,id.mode,1
1.2984,ID,id.pitch.r,-0.047297627
1.2984,ID,id.pitch.u_ad,-0.016219659
1.2984,ID,id.pitch.u_nom,0.025291152
1.2984,ID,id.pitch.x,-0.063276894
1.2984,ID,id.pitch.xm,-0.047297627
1.2984,ID,id.sample_counter,43245
1.2984,ID,id.sysid_state,1
1.2984,ID,id.vbat,0
1.3033,ID,id.arm,1
1.3033,ID,id.axis,0
1.3033,ID,id.dither,40.775063
1.3033,ID,id.mode,1
1.3033,ID,id.pitch.r,-0.085142694
1.3033,ID,id.pitch.u_ad,-0.017041102
1.3033,ID,id.pitch.u_nom,-0.081507511
1.3033,ID,id.pitch.x,0.003540433
1.3033,ID,id.pitch.xm,-0.085142694
1.3033,ID,id.sample_counter,43246
1.3033,ID,id.sysid_state,1
1.3033,ID,id.vbat,0
1.3083,ID,id.arm,1
1.3083,ID,id.axis,0
1.3083,ID,id.dither,40.924072
1.3083,ID,id.mode,1
1.3083,ID,id.pitch.r,-0.28555083
1.3083,ID,id.pitch.u_ad,-0.022511173
1.3083,ID,id.pitch.u_nom,-0.10560511
1.3083,ID,id.pitch.x,-0.094287343
1.3083,ID,id.pitch.xm,-0.28555083
1.3083,ID,id.sample_counter,43247
1.3083,ID,id.sysid_state,1
1.3083,ID,id.vbat,0
1.3163,ID,id.arm,1
1.3163,ID,id.axis,0
1.3163,ID,id.dither,41.06953
1.3163,ID,id.mode,1
1.3163,ID,id.pitch.r,-0.12803219
1.3163,ID,id.pitch.u_ad,-0.021723142
1.3163,ID,id.pitch.u_nom,0.0017966735
1.3163,ID,id.pitch.x,-0.014593989
1.3163,ID,id.pitch.xm,-0.12803219
1.3163,ID,id.sample_counter,43248
1.3163,ID,id.sysid_state,1
1.3163,ID,id.vbat,0
1.3184,ID,id.arm,1
1.3184,ID,id.axis,0
1.3184,ID,id.dither,41.211399
1.3184,ID,id.mode,1
1.3184,ID,id.pitch.r,-0.014870099
1.3184,ID,id.pitch.u_ad,-0.016875554
1.3184,ID,id.pitch.u_nom,0.093380935
1.3184,ID,id.pitch.x,-0.082053229
1.3184,ID,id.pitch.xm,-0.014870099
1.3184,ID,id.sample_counter,43249
1.3184,ID,id.sysid_state,1
1.3184,ID,id.vbat,0
1.3235,ID,id.arm,1
1.3235,ID,id.axis,0
1.3235,ID,id.dither,41.349648
1.3235,ID,id.mode,1
1.3235,ID,id.pitch.r,-0.089591242
1.3235,ID,id.pitch.u_ad,-0.018131042
1.3235,ID,id.pitch.u_nom,-0.10602313
1.3235,ID,id.pitch.x,-0.0016694969
1.3235,ID,id.pitch.xm,-0.089591242
1.3235,ID,id.sample_counter,43250
1.3235,ID,id.sysid_state,1
1.3235,ID,id.vbat,0
1.3284,ID,id.arm,1
1.3284,ID,id.axis,0
1.3284,ID,id.dither,41.484249
1.3284,ID,id.mode,1
1.3284,ID,id.pitch.r,-0.20230532
1.3284,ID,id.pitch.u_ad,-0.020767603
1.3284,ID,id.pitch.u_nom,-0.060785767
1.3284,ID,id.pitch.x,-0.072564557
1.3284,ID,id.pitch.xm,-0.20230532
1.3284,ID,id.sample_counter,43251
1.3284,ID,id.sysid_state,1
1.3284,ID,id.vbat,0
1.3335,ID,id.arm,1
1.3335,ID,id.axis,0
1.3335,ID,id.dither,41.615166
1.3335,ID,id.mode,1
1.3335,ID,id.pitch.r,-0.11374479
1.3335,ID,id.pitch.u_ad,-0.018820174
1.3335,ID,id.pitch.u_nom,0.060345929
1.3335,ID,id.pitch.x,-0.12102334
1.3335,ID,id.pitch.xm,-0.11374479
1.3335,ID,id.sample_counter,43252
1.3335,ID,id.sysid_state,1
1.3335,ID,id.vbat,0
1.3382,ID,id.arm,1
1.3382,ID,id.axis,0
1.3382,ID,id.dither,41.742378
1.3382,ID,id.mode,1
1.3382,ID,id.pitch.r,-0.064047851
1.3382,ID,id.pitch.u_ad,-0.01807238
1.3382,ID,id.pitch.u_nom,-0.044442318
1.3382,ID,id.pitch.x,-0.020018376
1.3382,ID,id.pitch.xm,-0.064047851
1.3382,ID,id.sample_counter,43253
1.3382,ID,id.sysid_state,1
1.3382,ID,id.vbat,0
1.3432,ID,id.arm,1
1.3432,ID,id.axis,0
1.3432,ID,id.dither,41.865841
1.3432,ID,id.mode,1
1.3432,ID,id.pitch.r,-0.097347766
1.3432,ID,id.pitch.u_ad,-0.015881496
1.3432,ID,id.pitch.u_nom,0.074623764
1.3432,ID,id.pitch.x,-0.18120442
1.3432,ID,id.pitch.xm,-0.097347766
1.3432,ID,id.sample_counter,43254
1.3432,ID,id.sysid_state,1
1.3432,ID,id.vbat,0
1.3484,ID,id.arm,1
1.3484,ID,id.axis,0
1.3484,ID,id.dither,41.98555
1.3484,ID,id.mode,1
1.3484,ID,id.pitch.r,-0.19667533
1.3484,ID,id.pitch.u_ad,-0.02001431
1.3484,ID,id.pitch.u_nom,-0.13043828
1.3484,ID,id.pitch.x,-0.047882017
1.3484,ID,id.pitch.xm,-0.19667533
1.3484,ID,id.sample_counter,43255
1.3484,ID,id.sysid_state,1
1.3484,ID,id.vbat,0
1.3533,ID,id.arm,1
1.3533,ID,id.axis,0
1.3533,ID,id.dither,42.101456
1.3533,ID,id.mode,1
1.3533,ID,id.pitch.r,-0.12152103
1.3533,ID,id.pitch.u_ad,-0.018397089
1.3533,ID,id.pitch.u_nom,0.055313312
1.3533,ID,id.pitch.x,-0.10925488
1.3533,ID,id.pitch.xm,-0.12152103
1.3533,ID,id.sample_counter,43256
1.3533,ID,id.sysid_state,1
1.3533,ID,id.vbat,0
1.3584,ID,id.arm,1
1.3584,ID,id.axis,0
1.3584,ID,id.dither,42.213547
1.3584,ID,id.mode,1
1.3584,ID,id.pitch.r,-0.060960315
1.3584,ID,id.pitch.u_ad,-0.01697655
1.3584,ID,id.pitch.u_nom,-0.01106587
1.3584,ID,id.pitch.x,-0.049353819
1.3584,ID,id.pitch.xm,-0.060960315
1.3584,ID,id.sample_counter,43257
1.3584,ID,id.sysid_state,1
1.3584,ID,id.vbat,0
1.3638,ID,id.arm,1
1.3638,ID,id.axis,0
1.3638,ID,id.dither,42.321793
1.3638,ID,id.mode,1
1.3638,ID,id.pitch.r,-0.10033564
1.3638,ID,id.pitch.u_ad,-0.017901588
1.3638,ID,id.pitch.u_nom,-0.079475679
1.3638,ID,id.pitch.x,0.0039612921
1.3638,ID,id.pitch.xm,-0.10033564
1.3638,ID,id.sample_counter,43258
1.3638,ID,id.sysid_state,1
1.3638,ID,id.vbat,0
1.3686,ID,id.arm,1
1.3686,ID,id.axis,0
1.3686,ID,id.dither,42.426159
1.3686,ID,id.mode,1
1.3686,ID,id.pitch.r,-0.20318882
1.3686,ID,id.pitch.u_ad,-0.019457774
1.3686,ID,id.pitch.u_nom,-0.0023108718
1.3686,ID,id.pitch.x,-0.14214715
1.3686,ID,id.pitch.xm,-0.20318882
1.3686,ID,id.sample_counter,43259
1.3686,ID,id.sysid_state,1
1.3686,ID,id.vbat,0
1.3736,ID,id.arm,1
1.3736,ID,id.axis,0
1.3736,ID,id.dither,42.52663
1.3736,ID,id.mode,1
1.3736,ID,id.pitch.r,-0.1204272
1.3736,ID,id.pitch.u_ad,-0.020679509
1.3736,ID,id.pitch.u_nom,-0.092365257
1.3736,ID,id.pitch.x,0.03437385
1.3736,ID,id.pitch.xm,-0.1204272
1.3736,ID,id.sample_counter,43260
1.3736,ID,id.sysid_state,1
1.3736,ID,id.vbat,0
1.3786,ID,id.arm,1
1.3786,ID,id.axis,0
1.3786,ID,id.dither,42.623192
1.3786,ID,id.mode,1
1.3786,ID,id.pitch.r,-0.074491978
1.3786,ID,id.pitch.u_ad,-0.017174002
1.3786,ID,id.pitch.u_nom,0.095289312
1.3786,ID,id.pitch.x,-0.14950103
1.3786,ID,id.pitch.xm,-0.074491978
1.3786,ID,id.sample_counter,43261
1.3786,ID,id.sysid_state,1
1.3786,ID,id.vbat,0
1.3837,ID,id.arm,1
1.3837,ID,id.axis,0
1.3837,ID,id.dither,42.715809
1.3837,ID,id.mode,1
1.3837,ID,id.pitch.r,-0.097946711
1.3837,ID,id.pitch.u_ad,-0.01891925
1.3837,ID,id.pitch.u_nom,-0.12911002
1.3837,ID,id.pitch.x,0.045375362
1.3837,ID,id.pitch.xm,-0.097946711
1.3837,ID,id.sample_counter,43262
1.3837,ID,id.sysid_state,1
1.3837,ID,id.vbat,0
1.3886,ID,id.arm,1
1.3886,ID,id.axis,0
1.3886,ID,id.dither,42.804466
1.3886,ID,id.mode,1
1.3886,ID,id.pitch.r,-0.19257532
1.3886,ID,id.pitch.u_ad,-0.021011999
1.3886,ID,id.pitch.u_nom,-0.053627394
1.3886,ID,id.pitch.x,-0.035656761
1.3886,ID,id.pitch.xm,-0.19257532
1.3886,ID,id.sample_counter,43263
1.3886,ID,id.sysid_state,1
1.3886,ID,id.vbat,0
1.3934,ID,id.arm,1
1.3934,ID,id.axis,0
1.3934,ID,id.dither,42.889137
1.3934,ID,id.mode,1
1.3934,ID,id.pitch.r,-0.1201001
1.3934,ID,id.pitch.u_ad,-0.019501932
1.3934,ID,id.pitch.u_nom,0.038290899
1.3934,ID,id.pitch.x,-0.079250857
1.3934,ID,id.pitch.xm,-0.1201001
1.3934,ID,id.sample_counter,43264
1.3934,ID,id.sysid_state,1
1.3934,ID,id.vbat,0
1.3989,A,mrac.pitch.e,0.20661747
1.3989,A,mrac.pitch.u_ad,-0.027108217
1.3989,A,mrac.roll.e,-0.2173617
1.3989,A,mrac.roll.u_ad,0.16147248
1.3989,A,mrac.yaw.e,0.21340318
1.3989,A,mrac.yaw.u_ad,-0.021338467
1.3989,A,mrac.z.e,0.10621598
1.3989,A,mrac.z.u_ad,-0.057903521
1.3989,A,status.arm,1
1.3989,A,status.flymode,1
1.3989,A,status.rc_authority,0
1.3989,A,status.sbus_lost,0
1.3989,A,status.twc_arrived,0
1.3989,A,status.twc_execute,0
1.3989,B,mrac.pitch.theta_0,3.8353875e-08
1.3989,B,mrac.pitch.theta_1,0.0026793308
1.3989,B,mrac.pitch.theta_2,0.00036447751
1.3989,B,mrac.pitch.theta_3,0.0021368773
1.3989,B,mrac.pitch.theta_4,0.12672588
1.3989,B,mrac.pitch.theta_5,0.14228033
1.3989,B,mrac.pitch.u_nom,-0.13606945
1.3989,B,mrac.pitch.xm,-0.13345523
1.3989,B,mrac.roll.theta_0,0.14801875
1.3989,B,mrac.roll.theta_1,0.0010706458
1.3989,B,mrac.roll.theta_2,0.0078351134
1.3989,B,mrac.roll.theta_3,0.0017508217
1.3989,B,mrac.roll.theta_4,0.1164327
1.3989,B,mrac.roll.theta_5,0.13305739
1.3989,B,mrac.roll.u_nom,0.13481887
1.3989,B,mrac.roll.xm,0.06991189
1.3989,B,mrac.yaw.theta_0,1.9618179e-44
1.3989,B,mrac.yaw.theta_1,0.0038231763
1.3989,B,mrac.yaw.theta_2,0.0011539053
1.3989,B,mrac.yaw.theta_3,0
1.3989,B,mrac.yaw.theta_4,0.11176347
1.3989,B,mrac.yaw.theta_5,0.088189892
1.3989,B,mrac.yaw.u_nom,-0.05672732
1.3989,B,mrac.yaw.xm,-0.17635128
1.3989,B,mrac.z.theta_0,0.010391511
1.3989,B,mrac.z.theta_1,0.0020866562
1.3989,B,mrac.z.theta_2,0.0010444676
1.3989,B,mrac.z.theta_3,0
1.3989,B,mrac.z.theta_4,0.19652115
1.3989,B,mrac.z.theta_5,0.19049689
1.3989,B,mrac.z.u_nom,-0.248189
1.3989,B,mrac.z.xm,-0.10660028
1.3989,B,path.active_path_mode,0
1.3989,B,path.circle_theta,0
1.3989,B,path.sinusoid_t_elapsed,0
1.3989,B,path.twc_arrived,0
1.3989,B,path.twc_target_x,0
1.3989,B,path.twc_target_y,0
1.3989,B,path.twc_target_z,0
1.3989,B,pid.gyrox.Des,4.0056543
1.3989,B,pid.gyrox.FB,-5.558001
1.3989,B,pid.gyrox.U,157.73808
1.3989,B,pid.gyroy.Des,-7.6464181
1.3989,B,pid.gyroy.FB,6.5247588
1.3989,B,pid.gyroy.U,-159.20125
1.3989,B,pid.gyroz.Des,-10.104179
1.3989,B,pid.gyroz.FB,2.9126422
1.3989,B,pid.gyroz.U,-106.19354
1.3989,B,pid.locx.Des,0
1.3989,B,pid.locx.FB,0.76229656
1.3989,B,pid.locx.U,-2.4688075
1.3989,B,pid.locxs.Des,-2.4688075
1.3989,B,pid.locxs.FB,-3.9176743
1.3989,B,pid.locxs.U,4.4412475
1.3989,B,pid.locy.Des,-47.210907
1.3989,B,pid.locy.FB,-23.9251
1.3989,B,pid.locy.U,-20.516798
1.3989,B,pid.locys.Des,-20.516798
1.3989,B,pid.locys.FB,-3.1067393
1.3989,B,pid.locys.U,-49.070194
1.3989,B,pid.pitch.Des,-2.8694906
1.3989,B,pid.pitch.FB,-0.36534271
1.3989,B,pid.pitch.U,-7.6464181
1.3989,B,pid.roll.Des,-0.18209788
1.3989,B,pid.roll.FB,-1.5195327
1.3989,B,pid.roll.U,4.0056543
1.3989,B,pid.yaw.Des,-2.8954291
1.3989,B,pid.yaw.FB,-1.5447326
1.3989,B,pid.yaw.U,-10.104179
1.3989,B,pid.z_pos.Des,1.0195838
1.3989,B,pid.z_pos.FB,1.0296168
1.3989,B,pid.z_pos.U,-0.10660028
1.3989,B,pid.z_rate.Des,-0.10660028
1.3989,B,pid.z_rate.FB,-0.0014803832
1.3989,B,pid.z_rate.U,-55.097958
1.3989,B,status.vbat,0
1.4003,ID,id.arm,1
1.4003,ID,id.axis,0
1.4003,ID,id.dither,42.969807
1.4003,ID,id.mode,1
1.4003,ID,id.pitch.r,-0.10258041
1.4003,ID,id.pitch.u_ad,-0.020443313
1.4003,ID,id.pitch.u_nom,-0.099696875
1.4003,ID,id.pitch.x,0.048739955
1.4003,ID,id.pitch.xm,-0.10258041
1.4003,ID,id.sample_counter,43265
1.4003,ID,id.sysid_state,1
1.4003,ID,id.vbat,0
1.4035,ID,id.arm,1
1.4035,ID,id.axis,0
1.4035,ID,id.dither,43.046452
1.4035,ID,id.mode,1
1.4035,ID,id.pitch.r,-0.11413601
1.4035,ID,id.pitch.u_ad,-0.018324738
1.4035,ID,id.pitch.u_nom,0.068822704
1.4035,ID,id.pitch.x,-0.11858063
1.4035,ID,id.pitch.xm,-0.11413601
1.4035,ID,id.sample_counter,43266
1.4035,ID,id.sysid_state,1
1.4035,ID,id.vbat,0
1.4083,ID,id.arm,1
1.4083,ID,id.axis,0
1.4083,ID,id.dither,43.119061
1.4083,ID,id.mode,1
1.4083,ID,id.pitch.r,-0.12804185
1.4083,ID,id.pitch.u_ad,-0.020688243
1.4083,ID,id.pitch.u_nom,-0.13608424
1.4083,ID,id.pitch.x,0.043772347
1.4083,ID,id.pitch.xm,-0.12804185
1.4083,ID,id.sample_counter,43267
1.4083,ID,id.sysid_state,1
1.4083,ID,id.vbat,0
1.4164,ID,id.arm,1
1.4164,ID,id.axis,0
1.4164,ID,id.dither,43.187611
1.4164,ID,id.mode,1
1.4164,ID,id.pitch.r,-0.11858921
1.4164,ID,id.pitch.u_ad,-0.018422645
1.4164,ID,id.pitch.u_nom,0.080068387
1.4164,ID,id.pitch.x,-0.13140039
1.4164,ID,id.pitch.xm,-0.11858921
1.4164,ID,id.sample_counter,43268
1.4164,ID,id.sysid_state,1
1.4164,ID,id.vbat,0
1.4182,ID,id.arm,1
1.4182,ID,id.axis,0
1.4182,ID,id.dither,43.252087
1.4182,ID,id.mode,1
1.4182,ID,id.pitch.r,-0.10688674
1.4182,ID,id.pitch.u_ad,-0.019014787
1.4182,ID,id.pitch.u_nom,-0.066324763
1.4182,ID,id.pitch.x,-0.036759838
1.4182,ID,id.pitch.xm,-0.10688674
1.4182,ID,id.sample_counter,43269
1.4182,ID,id.sysid_state,1
1.4182,ID,id.vbat,0
1.4233,ID,id.arm,1
1.4233,ID,id.axis,0
1.4233,ID,id.dither,43.312477
1.4233,ID,id.mode,1
1.4233,ID,id.pitch.r,-0.11544382
1.4233,ID,id.pitch.u_ad,-0.019410653
1.4233,ID,id.pitch.u_nom,-0.051421877
1.4233,ID,id.pitch.x,-0.010313029
1.4233,ID,id.pitch.xm,-0.11544382
1.4233,ID,id.sample_counter,43270
1.4233,ID,id.sysid_state,1
1.4233,ID,id.vbat,0
1.4286,ID,id.arm,1
1.4286,ID,id.axis,0
1.4286,ID,id.dither,43.368767
1.4286,ID,id.mode,1
1.4286,ID,id.pitch.r,-0.10888026
1.4286,ID,id.pitch.u_ad,-0.01838778
1.4286,ID,id.pitch.u_nom,0.013332471
1.4286,ID,id.pitch.x,-0.068567351
1.4286,ID,id.pitch.xm,-0.10888026
1.4286,ID,id.sample_counter,43271
1.4286,ID,id.sysid_state,1
1.4286,ID,id.vbat,0
1.4337,ID,id.arm,1
1.4337,ID,id.axis,0
1.4337,ID,id.dither,43.420933
1.4337,ID,id.mode,1
1.4337,ID,id.pitch.r,-0.10962461
1.4337,ID,id.pitch.u_ad,-0.019381518
1.4337,ID,id.pitch.u_nom,-0.084673047
1.4337,ID,id.pitch.x,0.020896912
1.4337,ID,id.pitch.xm,-0.10962461
1.4337,ID,id.sample_counter,43272
1.4337,ID,id.sysid_state,1
1.4337,ID,id.vbat,0
1.4384,ID,id.arm,1
1.4384,ID,id.axis,0
1.4384,ID,id.dither,43.468979
1.4384,ID,id.mode,1
1.4384,ID,id.pitch.r,-0.10590524
1.4384,ID,id.pitch.u_ad,-0.017103756
1.4384,ID,id.pitch.u_nom,0.077266686
1.4384,ID,id.pitch.x,-0.13568264
1.4384,ID,id.pitch.xm,-0.10590524
1.4384,ID,id.sample_counter,43273
1.4384,ID,id.sysid_state,1
1.4384,ID,id.vbat,0
1.4432,ID,id.arm,1
1.4432,ID,id.axis,0
1.4432,ID,id.dither,43.512878
1.4432,ID,id.mode,1
1.4432,ID,id.pitch.r,-0.099748209
1.4432,ID,id.pitch.u_ad,-0.018800061
1.4432,ID,id.pitch.u_nom,-0.12251587
1.4432,ID,id.pitch.x,0.035583887
1.4432,ID,id.pitch.xm,-0.099748209
1.4432,ID,id.sample_counter,43274
1.4432,ID,id.sysid_state,1
1.4432,ID,id.vbat,0
1.4485,ID,id.arm,1
1.4485,ID,id.axis,0
1.4485,ID,id.dither,43.552628
1.4485,ID,id.mode,1
1.4485,ID,id.pitch.r,-0.10614299
1.4485,ID,id.pitch.u_ad,-0.017762583
1.4485,ID,id.pitch.u_nom,0.015972115
1.4485,ID,id.pitch.x,-0.049269527
1.4485,ID,id.pitch.xm,-0.10614299
1.4485,ID,id.sample_counter,43275
1.4485,ID,id.sysid_state,1
1.4485,ID,id.vbat,0
1.4534,ID,id.arm,1
1.4534,ID,id.axis,0
1.4534,ID,id.dither,43.588211
1.4534,ID,id.mode,1
1.4534,ID,id.pitch.r,-0.09800224
1.4534,ID,id.pitch.u_ad,-0.018069342
1.4534,ID,id.pitch.u_nom,-0.056195643
1.4534,ID,id.pitch.x,0.0048115784
1.4534,ID,id.pitch.xm,-0.09800224
1.4534,ID,id.sample_counter,43276
1.4534,ID,id.sysid_state,1
1.4534,ID,id.vbat,0
1.4584,ID,id.arm,1
1.4584,ID,id.axis,0
1.4584,ID,id.dither,43.619625
1.4584,ID,id.mode,1
1.4584,ID,id.pitch.r,-0.10474144
1.4584,ID,id.pitch.u_ad,-0.017531874
1.4584,ID,id.pitch.u_nom,-0.0059606438
1.4584,ID,id.pitch.x,-0.039688509
1.4584,ID,id.pitch.xm,-0.10474144
1.4584,ID,id.sample_counter,43277
1.4584,ID,id.sysid_state,1
1.4584,ID,id.vbat,0
1.4633,ID,id.arm,1
1.4633,ID,id.axis,0
1.4633,ID,id.dither,43.646862
1.4633,ID,id.mode,1
1.4633,ID,id.pitch.r,-0.096827187
1.4633,ID,id.pitch.u_ad,-0.017011862
1.4633,ID,id.pitch.u_nom,-0.011466878
1.4633,ID,id.pitch.x,-0.049452223
1.4633,ID,id.pitch.xm,-0.096827187
1.4633,ID,id.sample_counter,43278
1.4633,ID,id.sysid_state,1
1.4633,ID,id.vbat,0
1.4684,ID,id.arm,1
1.4684,ID,id.axis,0
1.4684,ID,id.dither,43.669907
1.4684,ID,id.mode,1
1.4684,ID,id.pitch.r,-0.10081188
1.4684,ID,id.pitch.u_ad,-0.018280938
1.4684,ID,id.pitch.u_nom,-0.098001897
1.4684,ID,id.pitch.x,0.052582853
1.4684,ID,id.pitch.xm,-0.10081188
1.4684,ID,id.sample_counter,43279
1.4684,ID,id.sysid_state,1
1.4684,ID,id.vbat,0
1.4732,ID,id.arm,1
1.4732,ID,id.axis,0
1.4732,ID,id.dither,43.688759
1.4732,ID,id.mode,1
1.4732,ID,id.pitch.r,-0.098958582
1.4732,ID,id.pitch.u_ad,-0.016238231
1.4732,ID,id.pitch.u_nom,0.065920599
1.4732,ID,id.pitch.x,-0.098041698
1.4732,ID,id.pitch.xm,-0.098958582
1.4732,ID,id.sample_counter,43280
1.4732,ID,id.sysid_state,1
1.4732,ID,id.vbat,0
1.4784,ID,id.arm,1
1.4784,ID,id.axis,0
1.4784,ID,id.dither,43.703419
1.4784,ID,id.mode,1
1.4784,ID,id.pitch.r,-0.095185414
1.4784,ID,id.pitch.u_ad,-0.017587528
1.4784,ID,id.pitch.u_nom,-0.10202184
1.4784,ID,id.pitch.x,0.032709233
1.4784,ID,id.pitch.xm,-0.095185414
1.4784,ID,id.sample_counter,43281
1.4784,ID,id.sysid_state,1
1.4784,ID,id.vbat,0
1.4834,ID,id.arm,1
1.4834,ID,id.axis,0
1.4834,ID,id.dither,43.713871
1.4834,ID,id.mode,1
1.4834,ID,id.pitch.r,-0.10182274
1.4834,ID,id.pitch.u_ad,-0.016316522
1.4834,ID,id.pitch.u_nom,0.033921238
1.4834,ID,id.pitch.x,-0.074361674
1.4834,ID,id.pitch.xm,-0.10182274
1.4834,ID,id.sample_counter,43282
1.4834,ID,id.sysid_state,1
1.4834,ID,id.vbat,0
1.4883,ID,id.arm,1
1.4883,ID,id.axis,0
1.4883,ID,id.dither,43.720119
1.4883,ID,id.mode,1
1.4883,ID,id.pitch.r,-0.094007298
1.4883,ID,id.pitch.u_ad,-0.017367203
1.4883,ID,id.pitch.u_nom,-0.088240705
1.4883,ID,id.pitch.x,0.032804124
1.4883,ID,id.pitch.xm,-0.094007298
1.4883,ID,id.sample_counter,43283
1.4883,ID,id.sysid_state,1
1.4883,ID,id.vbat,0
1.4934,ID,id.arm,1
1.4934,ID,id.axis,0
1.4934,ID,id.dither,43.722153
1.4934,ID,id.mode,1
1.4934,ID,id.pitch.r,-0.10397451
1.4934,ID,id.pitch.u_ad,-0.017666319
1.4934,ID,id.pitch.u_nom,-0.045713268
1.4934,ID,id.pitch.x,0.031175433
1.4934,ID,id.pitch.xm,-0.10397451
1.4934,ID,id.sample_counter,43284
1.4934,ID,id.sysid_state,1
1.4934,ID,id.vbat,0
1.4986,ID,id.arm,1
1.4986,ID,id.axis,0
1.4986,ID,id.dither,43.719982
1.4986,ID,id.mode,1
1.4986,ID,id.pitch.r,-0.096745096
1.4986,ID,id.pitch.u_ad,-0.016087238
1.4986,ID,id.pitch.u_nom,0.044037059
1.4986,ID,id.pitch.x,-0.078230739
1.4986,ID,id.pitch.xm,-0.096745096
1.4986,ID,id.sample_counter,43285
1.4986,ID,id.sysid_state,1
1.4986,ID,id.vbat,0
1.5033,ID,id.arm,1
1.5033,ID,id.axis,0
1.5033,ID,id.dither,43.713596
1.5033,ID,id.mode,1
1.5033,ID,id.pitch.r,-0.098207571
1.5033,ID,id.pitch.u_ad,-0.018124111
1.5033,ID,id.pitch.u_nom,-0.13392642
1.5033,ID,id.pitch.x,0.084821597
1.5033,ID,id.pitch.xm,-0.098207571
1.5033,ID,id.sample_counter,43286
1.5033,ID,id.sysid_state,1
1.5033,ID,id.vbat,0
1.5082,ID,id.arm,1
1.5082,ID,id.axis,0
1.5082,ID,id.dither,43.702995
1.5082,ID,id.mode,1
1.5082,ID,id.pitch.r,-0.10243721
1.5082,ID,id.pitch.u_ad,-0.016190194
1.5082,ID,id.pitch.u_nom,0.065658323
1.5082,ID,id.pitch.x,-0.081437729
1.5082,ID,id.pitch.xm,-0.10243721
1.5082,ID,id.sample_counter,43287
1.5082,ID,id.sysid_state,1
1.5082,ID,id.vbat,0
1.5134,ID,id.arm,1
1.5134,ID,id.axis,0
1.5134,ID,id.dither,43.68819
1.5134,ID,id.mode,1
1.5134,ID,id.pitch.r,-0.093323931
1.5134,ID,id.pitch.u_ad,-0.017149057
1.5134,ID,id.pitch.u_nom,-0.082451686
1.5134,ID,id.pitch.x,0.021286407
1.5134,ID,id.pitch.xm,-0.093323931
1.5134,ID,id.sample_counter,43288
1.5134,ID,id.sysid_state,1
1.5134,ID,id.vbat,0
1.5183,ID,id.arm,1
1.5183,ID,id.axis,0
1.5183,ID,id.dither,43.669174
1.5183,ID,id.mode,1
1.5183,ID,id.pitch.r,-0.1018063
1.5183,ID,id.pitch.u_ad,-0.016223058
1.5183,ID,id.pitch.u_nom,0.019685213
1.5183,ID,id.pitch.x,-0.063833557
1.5183,ID,id.pitch.xm,-0.1018063
1.5183,ID,id.sample_counter,43289
1.5183,ID,id.sysid_state,1
1.5183,ID,id.vbat,0
1.5233,ID,id.arm,1
1.5233,ID,id.axis,0
1.5233,ID,id.dither,43.645947
1.5233,ID,id.mode,1
1.5233,ID,id.pitch.r,-0.091901332
1.5233,ID,id.pitch.u_ad,-0.016370993
1.5233,ID,id.pitch.u_nom,-0.040901694
1.5233,ID,id.pitch.x,-0.022539884
1.5233,ID,id.pitch.xm,-0.091901332
1.5233,ID,id.sample_counter,43290
1.5233,ID,id.sysid_state,1
1.5233,ID,id.vbat,0
1.5282,ID,id.arm,1
1.5282,ID,id.axis,0
1.5282,ID,id.dither,43.618523
1.5282,ID,id.mode,1
1.5282,ID,id.pitch.r,-0.10017232
1.5282,ID,id.pitch.u_ad,-0.017492216
1.5282,ID,id.pitch.u_nom,-0.084980339
1.5282,ID,id.pitch.x,0.050121725
1.5282,ID,id.pitch.xm,-0.10017232
1.5282,ID,id.sample_counter,43291
1.5282,ID,id.sysid_state,1
1.5282,ID,id.vbat,0
1.5334,ID,id.arm,1
1.5334,ID,id.axis,0
1.5334,ID,id.dither,43.586899
1.5334,ID,id.mode,1
1.5334,ID,id.pitch.r,-0.096461535
1.5334,ID,id.pitch.u_ad,-0.015203819
1.5334,ID,id.pitch.u_nom,0.08357764
1.5334,ID,id.pitch.x,-0.12358502
1.5334,ID,id.pitch.xm,-0.096461535
1.5334,ID,id.sample_counter,43292
1.5334,ID,id.sysid_state,1
1.5334,ID,id.vbat,0
1.5384,ID,id.arm,1
1.5384,ID,id.axis,0
1.5384,ID,id.dither,43.551083
1.5384,ID,id.mode,1
1.5384,ID,id.pitch.r,-0.09219794
1.5384,ID,id.pitch.u_ad,-0.017231066
1.5384,ID,id.pitch.u_nom,-0.1322668
1.5384,ID,id.pitch.x,0.064070895
1.5384,ID,id.pitch.xm,-0.09219794
1.5384,ID,id.sample_counter,43293
1.5384,ID,id.sysid_state,1
1.5384,ID,id.vbat,0
1.5433,ID,id.arm,1
1.5433,ID,id.axis,0
1.5433,ID,id.dither,43.511078
1.5433,ID,id.mode,1
1.5433,ID,id.pitch.r,-0.099964522
1.5433,ID,id.pitch.u_ad,-0.015195923
1.5433,ID,id.pitch.u_nom,0.076228097
1.5433,ID,id.pitch.x,-0.11116897
1.5433,ID,id.pitch.xm,-0.099964522
1.5433,ID,id.sample_counter,43294
1.5433,ID,id.sysid_state,1
1.5433,ID,id.vbat,0
1.5484,ID,id.arm,1
1.5484,ID,id.axis,0
1.5484,ID,id.dither,43.4669
1.5484,ID,id.mode,1
1.5484,ID,id.pitch.r,-0.089498959
1.5484,ID,id.pitch.u_ad,-0.015757397
1.5484,ID,id.pitch.u_nom,-0.056740485
1.5484,ID,id.pitch.x,-0.031334486
1.5484,ID,id.pitch.xm,-0.089498959
1.5484,ID,id.sample_counter,43295
1.5484,ID,id.sysid_state,1
1.5484,ID,id.vbat,0
1.5534,ID,id.arm,1
1.5534,ID,id.axis,0
1.5534,ID,id.dither,43.418556
1.5534,ID,id.mode,1
1.5534,ID,id.pitch.r,-0.098772295
1.5534,ID,id.pitch.u_ad,-0.015879063
1.5534,ID,id.pitch.u_nom,-0.027624803
1.5534,ID,id.pitch.x,-0.033998728
1.5534,ID,id.pitch.xm,-0.098772295
1.5534,ID,id.sample_counter,43296
1.5534,ID,id.sysid_state,1
1.5534,ID,id.vbat,0
1.5590,ID,id.arm,1
1.5590,ID,id.axis,0
1.5590,ID,id.dither,43.366043
1.5590,ID,id.mode,1
1.5590,ID,id.pitch.r,-0.090998389
1.5590,ID,id.pitch.u_ad,-0.014987485
1.5590,ID,id.pitch.u_nom,0.016620776
1.5590,ID,id.pitch.x,-0.082058765
1.5590,ID,id.pitch.xm,-0.090998389
1.5590,ID,id.sample_counter,43297
1.5590,ID,id.sysid_state,1
1.5590,ID,id.vbat,0
1.5634,ID,id.arm,1
1.5634,ID,id.axis,0
1.5634,ID,id.dither,43.309383
1.5634,ID,id.mode,1
1.5634,ID,id.pitch.r,-0.097099826
1.5634,ID,id.pitch.u_ad,-0.015887037
1.5634,ID,id.pitch.u_nom,-0.064411104
1.5634,ID,id.pitch.x,-0.015069488
1.5634,ID,id.pitch.xm,-0.097099826
1.5634,ID,id.sample_counter,43298
1.5634,ID,id.sysid_state,1
1.5634,ID,id.vbat,0
1.5684,ID,id.arm,1
1.5684,ID,id.axis,0
1.5684,ID,id.dither,43.248585
1.5684,ID,id.mode,1
1.5684,ID,id.pitch.r,-0.094301373
1.5684,ID,id.pitch.u_ad,-0.01387986
1.5684,ID,id.pitch.u_nom,0.078259788
1.5684,ID,id.pitch.x,-0.15776996
1.5684,ID,id.pitch.xm,-0.094301373
1.5684,ID,id.sample_counter,43299
1.5684,ID,id.sysid_state,1
1.5684,ID,id.vbat,0
1.5738,ID,id.arm,1
1.5738,ID,id.axis,0
1.5738,ID,id.dither,43.183655
1.5738,ID,id.mode,1
1.5738,ID,id.pitch.r,-0.08765053
1.5738,ID,id.pitch.u_ad,-0.015053718
1.5738,ID,id.pitch.u_nom,-0.082124613
1.5738,ID,id.pitch.x,-0.029777903
1.5738,ID,id.pitch.xm,-0.08765053
1.5738,ID,id.sample_counter,43300
1.5738,ID,id.sysid_state,1
1.5738,ID,id.vbat,0
1.5784,ID,id.arm,1
1.5784,ID,id.axis,0
1.5784,ID,id.dither,43.11462
1.5784,ID,id.mode,1
1.5784,ID,id.pitch.r,-0.091721036
1.5784,ID,id.pitch.u_ad,-0.012880303
1.5784,ID,id.pitch.u_nom,0.08839602
1.5784,ID,id.pitch.x,-0.18509381
1.5784,ID,id.pitch.xm,-0.091721036
1.5784,ID,id.sample_counter,43301
1.5784,ID,id.sysid_state,1
1.5784,ID,id.vbat,0
1.5836,ID,id.arm,1
1.5836,ID,id.axis,0
1.5836,ID,id.dither,43.041477
1.5836,ID,id.mode,1
1.5836,ID,id.pitch.r,-0.081461802
1.5836,ID,id.pitch.u_ad,-0.01411207
1.5836,ID,id.pitch.u_nom,-0.086747602
1.5836,ID,id.pitch.x,-0.037231769
1.5836,ID,id.pitch.xm,-0.081461802
1.5836,ID,id.sample_counter,43302
1.5836,ID,id.sysid_state,1
1.5836,ID,id.vbat,0
1.5885,ID,id.arm,1
1.5885,ID,id.axis,0
1.5885,ID,id.dither,42.964252
1.5885,ID,id.mode,1
1.5885,ID,id.pitch.r,-0.092481434
1.5885,ID,id.pitch.u_ad,-0.013449854
1.5885,ID,id.pitch.u_nom,0.016140828
1.5885,ID,id.pitch.x,-0.096581392
1.5885,ID,id.pitch.xm,-0.092481434
1.5885,ID,id.sample_counter,43303
1.5885,ID,id.sysid_state,1
1.5885,ID,id.vbat,0
1.5934,ID,id.arm,1
1.5934,ID,id.axis,0
1.5934,ID,id.dither,42.882957
1.5934,ID,id.mode,1
1.5934,ID,id.pitch.r,-0.086584061
1.5934,ID,id.pitch.u_ad,-0.013846184
1.5934,ID,id.pitch.u_nom,-0.041492868
1.5934,ID,id.pitch.x,-0.044443954
1.5934,ID,id.pitch.xm,-0.086584061
1.5934,ID,id.sample_counter,43304
1.5934,ID,id.sysid_state,1
1.5934,ID,id.vbat,0
1.5984,ID,id.arm,1
1.5984,ID,id.axis,0
1.5984,ID,id.dither,42.797607
1.5984,ID,id.mode,1
1.5984,ID,id.pitch.r,-0.09847375
1.5984,ID,id.pitch.u_ad,-0.015291486
1.5984,ID,id.pitch.u_nom,-0.087589346
1.5984,ID,id.pitch.x,0.037246849
1.5984,ID,id.pitch.xm,-0.09847375
1.5984,ID,id.sample_counter,43305
1.5984,ID,id.sysid_state,1
1.5984,ID,id.vbat,0
1.6034,ID,id.arm,1
1.6034,ID,id.axis,0
1.6034,ID,id.dither,42.709339
1.6034,ID,id.mode,1
1.6034,ID,id.pitch.r,-0.097061679
1.6034,ID,id.pitch.u_ad,-0.012961338
1.6034,ID,id.pitch.u_nom,0.098419532
1.6034,ID,id.pitch.x,-0.18478778
1.6034,ID,id.pitch.xm,-0.097061679
1.6034,ID,id.sample_counter,43306
1.6034,ID,id.sysid_state,2
1.6034,ID,id.vbat,0
1.6083,ID,id.arm,1
1.6083,ID,id.axis,0
1.6083,ID,id.dither,42.619335
1.6083,ID,id.mode,1
1.6083,ID,id.pitch.r,-0.094601244
1.6083,ID,id.pitch.u_ad,-0.015354734
1.6083,ID,id.pitch.u_nom,-0.13759398
1.6083,ID,id.pitch.x,0.083436929
1.6083,ID,id.pitch.xm,-0.094601244
1.6083,ID,id.sample_counter,43307
1.6083,ID,id.sysid_state,2
1.6083,ID,id.vbat,0
1.6132,ID,id.arm,1
1.6132,ID,id.axis,0
1.6132,ID,id.dither,42.527592
1.6132,ID,id.mode,1
1.6132,ID,id.pitch.r,-0.10504211
1.6132,ID,id.pitch.u_ad,-0.013386286
1.6132,ID,id.pitch.u_nom,0.087703124
1.6132,ID,id.pitch.x,-0.14900161
1.6132,ID,id.pitch.xm,-0.10504211
1.6132,ID,id.sample_counter,43308
1.6132,ID,id.sysid_state,2
1.6132,ID,id.vbat,0
1.6139,A,mrac.pitch.e,0.20661747
1.6139,A,mrac.pitch.u_ad,-0.027108217
1.6139,A,mrac.roll.e,-0.2173617
1.6139,A,mrac.roll.u_ad,0.16147248
1.6139,A,mrac.yaw.e,0.21340318
1.6139,A,mrac.yaw.u_ad,-0.021338467
1.6139,A,mrac.z.e,0.10621598
1.6139,A,mrac.z.u_ad,-0.057903521
1.6139,A,status.arm,1
1.6139,A,status.flymode,1
1.6139,A,status.rc_authority,0
1.6139,A,status.sbus_lost,0
1.6139,A,status.twc_arrived,0
1.6139,A,status.twc_execute,0
1.6139,B,mrac.pitch.theta_0,3.8353875e-08
1.6139,B,mrac.pitch.theta_1,0.0026793308
1.6139,B,mrac.pitch.theta_2,0.00036447751
1.6139,B,mrac.pitch.theta_3,0.0021368773
1.6139,B,mrac.pitch.theta_4,0.12672588
1.6139,B,mrac.pitch.theta_5,0.14228033
1.6139,B,mrac.pitch.u_nom,-0.13606945
1.6139,B,mrac.pitch.xm,-0.13345523
1.6139,B,mrac.roll.theta_0,0.14801875
1.6139,B,mrac.roll.theta_1,0.0010706458
1.6139,B,mrac.roll.theta_2,0.0078351134
1.6139,B,mrac.roll.theta_3,0.0017508217
1.6139,B,mrac.roll.theta_4,0.1164327
1.6139,B,mrac.roll.theta_5,0.13305739
1.6139,B,mrac.roll.u_nom,0.13481887
1.6139,B,mrac.roll.xm,0.06991189
1.6139,B,mrac.yaw.theta_0,1.9618179e-44
1.6139,B,mrac.yaw.theta_1,0.0038231763
1.6139,B,mrac.yaw.theta_2,0.0011539053
1.6139,B,mrac.yaw.theta_3,0
1.6139,B,mrac.yaw.theta_4,0.11176347
1.6139,B,mrac.yaw.theta_5,0.088189892
1.6139,B,mrac.yaw.u_nom,-0.05672732
1.6139,B,mrac.yaw.xm,-0.17635128
1.6139,B,mrac.z.theta_0,0.010391511
1.6139,B,mrac.z.theta_1,0.0020866562
1.6139,B,mrac.z.theta_2,0.0010444676
1.6139,B,mrac.z.theta_3,0
1.6139,B,mrac.z.theta_4,0.19652115
1.6139,B,mrac.z.theta_5,0.19049689
1.6139,B,mrac.z.u_nom,-0.248189
1.6139,B,mrac.z.xm,-0.10660028
1.6139,B,path.active_path_mode,0
1.6139,B,path.circle_theta,0
1.6139,B,path.sinusoid_t_elapsed,0
1.6139,B,path.twc_arrived,0
1.6139,B,path.twc_target_x,0
1.6139,B,path.twc_target_y,0
1.6139,B,path.twc_target_z,0
1.6139,B,pid.gyrox.Des,4.0056543
1.6139,B,pid.gyrox.FB,-5.558001
1.6139,B,pid.gyrox.U,157.73808
1.6139,B,pid.gyroy.Des,-7.6464181
1.6139,B,pid.gyroy.FB,6.5247588
1.6139,B,pid.gyroy.U,-159.20125
1.6139,B,pid.gyroz.Des,-10.104179
1.6139,B,pid.gyroz.FB,2.9126422
1.6139,B,pid.gyroz.U,-106.19354
1.6139,B,pid.locx.Des,0
1.6139,B,pid.locx.FB,0.76229656
1.6139,B,pid.locx.U,-2.4688075
1.6139,B,pid.locxs.Des,-2.4688075
1.6139,B,pid.locxs.FB,-3.9176743
1.6139,B,pid.locxs.U,4.4412475
1.6139,B,pid.locy.Des,-47.210907
1.6139,B,pid.locy.FB,-23.9251
1.6139,B,pid.locy.U,-20.516798
1.6139,B,pid.locys.Des,-20.516798
1.6139,B,pid.locys.FB,-3.1067393
1.6139,B,pid.locys.U,-49.070194
1.6139,B,pid.pitch.Des,-2.8694906
1.6139,B,pid.pitch.FB,-0.36534271
1.6139,B,pid.pitch.U,-7.6464181
1.6139,B,pid.roll.Des,-0.18209788
1.6139,B,pid.roll.FB,-1.5195327
1.6139,B,pid.roll.U,4.0056543
1.6139,B,pid.yaw.Des,-2.8954291
1.6139,B,pid.yaw.FB,-1.5447326
1.6139,B,pid.yaw.U,-10.104179
1.6139,B,pid.z_pos.Des,1.0195838
1.6139,B,pid.z_pos.FB,1.0296168
1.6139,B,pid.z_pos.U,-0.10660028
1.6139,B,pid.z_rate.Des,-0.10660028
1.6139,B,pid.z_rate.FB,-0.0014803832
1.6139,B,pid.z_rate.U,-55.097958
1.6139,B,status.vbat,0
1.6183,ID,id.arm,1
1.6183,ID,id.axis,0
1.6183,ID,id.dither,42.434113
1.6183,ID,id.mode,1
1.6183,ID,id.pitch.r,-0.090316549
1.6183,ID,id.pitch.u_ad,-0.014626478
1.6183,ID,id.pitch.u_nom,-0.083424874
1.6183,ID,id.pitch.x,-0.017665025
1.6183,ID,id.pitch.xm,-0.090316549
1.6183,ID,id.sample_counter,43309
1.6183,ID,id.sysid_state,2
1.6183,ID,id.vbat,0
1.6234,ID,id.arm,1
1.6234,ID,id.axis,0
1.6234,ID,id.dither,42.338894
1.6234,ID,id.mode,1
1.6234,ID,id.pitch.r,-0.10315033
1.6234,ID,id.pitch.u_ad,-0.015254879
1.6234,ID,id.pitch.u_nom,-0.046898261
1.6234,ID,id.pitch.x,-0.0024838927
1.6234,ID,id.pitch.xm,-0.10315033
1.6234,ID,id.sample_counter,43310
1.6234,ID,id.sysid_state,2
1.6234,ID,id.vbat,0
1.6283,ID,id.arm,1
1.6283,ID,id.axis,0
1.6283,ID,id.dither,42.24194
1.6283,ID,id.mode,1
1.6283,ID,id.pitch.r,-0.095668443
1.6283,ID,id.pitch.u_ad,-0.014230764
1.6283,ID,id.pitch.u_nom,0.027614433
1.6283,ID,id.pitch.x,-0.077775732
1.6283,ID,id.pitch.xm,-0.095668443
1.6283,ID,id.sample_counter,43311
1.6283,ID,id.sysid_state,2
1.6283,ID,id.vbat,0
1.6347,ID,id.arm,1
1.6347,ID,id.axis,0
1.6347,ID,id.dither,42.143253
1.6347,ID,id.mode,1
1.6347,ID,id.pitch.r,-0.10402678
1.6347,ID,id.pitch.u_ad,-0.016519107
1.6347,ID,id.pitch.u_nom,-0.13078266
1.6347,ID,id.pitch.x,0.074318513
1.6347,ID,id.pitch.xm,-0.10402678
1.6347,ID,id.sample_counter,43312
1.6347,ID,id.sysid_state,2
1.6347,ID,id.vbat,0
1.6385,ID,id.arm,1
1.6385,ID,id.axis,0
1.6385,ID,id.dither,42.042831
1.6385,ID,id.mode,1
1.6385,ID,id.pitch.r,-0.10470761
1.6385,ID,id.pitch.u_ad,-0.014313993
1.6385,ID,id.pitch.u_nom,0.089795455
1.6385,ID,id.pitch.x,-0.15724815
1.6385,ID,id.pitch.xm,-0.10470761
1.6385,ID,id.sample_counter,43313
1.6385,ID,id.sysid_state,2
1.6385,ID,id.vbat,0
1.6433,ID,id.arm,1
1.6433,ID,id.axis,0
1.6433,ID,id.dither,41.940674
1.6433,ID,id.mode,1
1.6433,ID,id.pitch.r,-0.1005891
1.6433,ID,id.pitch.u_ad,-0.016597074
1.6433,ID,id.pitch.u_nom,-0.13612439
1.6433,ID,id.pitch.x,0.071411304
1.6433,ID,id.pitch.xm,-0.1005891
1.6433,ID,id.sample_counter,43314
1.6433,ID,id.sysid_state,2
1.6433,ID,id.vbat,0
1.6484,ID,id.arm,1
1.6484,ID,id.axis,0
1.6484,ID,id.dither,41.836788
1.6484,ID,id.mode,1
1.6484,ID,id.pitch.r,-0.11223225
1.6484,ID,id.pitch.u_ad,-0.014955357
1.6484,ID,id.pitch.u_nom,0.067401193
1.6484,ID,id.pitch.x,-0.10095508
1.6484,ID,id.pitch.xm,-0.11223225
1.6484,ID,id.sample_counter,43315
1.6484,ID,id.sysid_state,2
1.6484,ID,id.vbat,0
1.6533,ID,id.arm,1
1.6533,ID,id.axis,0
1.6533,ID,id.dither,41.731174
1.6533,ID,id.mode,1
1.6533,ID,id.pitch.r,-0.10246084
1.6533,ID,id.pitch.u_ad,-0.016120316
1.6533,ID,id.pitch.u_nom,-0.079122856
1.6533,ID,id.pitch.x,0.0011391108
1.6533,ID,id.pitch.xm,-0.10246084
1.6533,ID,id.sample_counter,43316
1.6533,ID,id.sysid_state,2
1.6533,ID,id.vbat,0
1.6583,ID,id.arm,1
1.6583,ID,id.axis,0
1.6583,ID,id.dither,41.623829
1.6583,ID,id.mode,1
1.6583,ID,id.pitch.r,-0.11645276
1.6583,ID,id.pitch.u_ad,-0.015947685
1.6583,ID,id.pitch.u_nom,-0.0015052519
1.6583,ID,id.pitch.x,-0.056969598
1.6583,ID,id.pitch.xm,-0.11645276
1.6583,ID,id.sample_counter,43317
1.6583,ID,id.sysid_state,2
1.6583,ID,id.vbat,0
1.6634,ID,id.arm,1
1.6634,ID,id.axis,0
1.6634,ID,id.dither,41.514755
1.6634,ID,id.mode,1
1.6634,ID,id.pitch.r,-0.10473318
1.6634,ID,id.pitch.u_ad,-0.015179793
1.6634,ID,id.pitch.u_nom,0.018721186
1.6634,ID,id.pitch.x,-0.10219831
1.6634,ID,id.pitch.xm,-0.10473318
1.6634,ID,id.sample_counter,43318
1.6634,ID,id.sysid_state,2
1.6634,ID,id.vbat,0
1.6683,ID,id.arm,1
1.6683,ID,id.axis,0
1.6683,ID,id.dither,41.403957
1.6683,ID,id.mode,1
1.6683,ID,id.pitch.r,-0.11219449
1.6683,ID,id.pitch.u_ad,-0.017027959
1.6683,ID,id.pitch.u_nom,-0.10574286
1.6683,ID,id.pitch.x,0.021814894
1.6683,ID,id.pitch.xm,-0.11219449
1.6683,ID,id.sample_counter,43319
1.6683,ID,id.sysid_state,2
1.6683,ID,id.vbat,0
1.6733,ID,id.arm,1
1.6733,ID,id.axis,0
1.6733,ID,id.dither,41.291431
1.6733,ID,id.mode,1
1.6733,ID,id.pitch.r,-0.11148656
1.6733,ID,id.pitch.u_ad,-0.01494452
1.6733,ID,id.pitch.u_nom,0.087828562
1.6733,ID,id.pitch.x,-0.15602177
1.6733,ID,id.pitch.xm,-0.11148656
1.6733,ID,id.sample_counter,43320
1.6733,ID,id.sysid_state,2
1.6733,ID,id.vbat,0
1.6783,ID,id.arm,1
1.6783,ID,id.axis,0
1.6783,ID,id.dither,41.177185
1.6783,ID,id.mode,1
1.6783,ID,id.pitch.r,-0.10917833
1.6783,ID,id.pitch.u_ad,-0.017356934
1.6783,ID,id.pitch.u_nom,-0.13735124
1.6783,ID,id.pitch.x,0.067805067
1.6783,ID,id.pitch.xm,-0.10917833
1.6783,ID,id.sample_counter,43321
1.6783,ID,id.sysid_state,2
1.6783,ID,id.vbat,0
1.6833,ID,id.arm,1
1.6833,ID,id.axis,0
1.6833,ID,id.dither,41.061218
1.6833,ID,id.mode,1
1.6833,ID,id.pitch.r,-0.11578697
1.6833,ID,id.pitch.u_ad,-0.01500527
1.6833,ID,id.pitch.u_nom,0.10251249
1.6833,ID,id.pitch.x,-0.22029245
1.6833,ID,id.pitch.xm,-0.11578697
1.6833,ID,id.sample_counter,43322
1.6833,ID,id.sysid_state,2
1.6833,ID,id.vbat,0
1.6883,ID,id.arm,1
1.6883,ID,id.axis,0
1.6883,ID,id.dither,40.943535
1.6883,ID,id.mode,1
1.6883,ID,id.pitch.r,-0.10194904
1.6883,ID,id.pitch.u_ad,-0.016905352
1.6883,ID,id.pitch.u_nom,-0.12060586
1.6883,ID,id.pitch.x,0.0066449973
1.6883,ID,id.pitch.xm,-0.10194904
1.6883,ID,id.sample_counter,43323
1.6883,ID,id.sysid_state,2
1.6883,ID,id.vbat,0
1.6931,ID,id.arm,1
1.6931,ID,id.axis,0
1.6931,ID,id.dither,40.824131
1.6931,ID,id.mode,1
1.6931,ID,id.pitch.r,-0.11995649
1.6931,ID,id.pitch.u_ad,-0.017154852
1.6931,ID,id.pitch.u_nom,-0.028336087
1.6931,ID,id.pitch.x,-0.020619258
1.6931,ID,id.pitch.xm,-0.11995649
1.6931,ID,id.sample_counter,43324
1.6931,ID,id.sysid_state,2
1.6931,ID,id.vbat,0
1.6984,ID,id.arm,1
1.6984,ID,id.axis,0
1.6984,ID,id.dither,40.703011
1.6984,ID,id.mode,1
1.6984,ID,id.pitch.r,-0.10974452
1.6984,ID,id.pitch.u_ad,-0.015579453
1.6984,ID,id.pitch.u_nom,0.055674784
1.6984,ID,id.pitch.x,-0.1309332
1.6984,ID,id.pitch.xm,-0.10974452
1.6984,ID,id.sample_counter,43325
1.6984,ID,id.sysid_state,2
1.6984,ID,id.vbat,0
1.7033,ID,id.arm,1
1.7033,ID,id.axis,0
1.7033,ID,id.dither,40.580177
1.7033,ID,id.mode,1
1.7033,ID,id.pitch.r,-0.11531599
1.7033,ID,id.pitch.u_ad,-0.017733945
1.7033,ID,id.pitch.u_nom,-0.12337716
1.7033,ID,id.pitch.x,0.026898395
1.7033,ID,id.pitch.xm,-0.11531599
1.7033,ID,id.sample_counter,43326
1.7033,ID,id.sysid_state,2
1.7033,ID,id.vbat,0
1.7082,ID,id.arm,1
1.7082,ID,id.axis,0
1.7082,ID,id.dither,40.455639
1.7082,ID,id.mode,1
1.7082,ID,id.pitch.r,-0.11597811
1.7082,ID,id.pitch.u_ad,-0.015641049
1.7082,ID,id.pitch.u_nom,0.08564996
1.7082,ID,id.pitch.x,-0.1515734
1.7082,ID,id.pitch.xm,-0.11597811
1.7082,ID,id.sample_counter,43327
1.7082,ID,id.sysid_state,2
1.7082,ID,id.vbat,0
1.7133,ID,id.arm,1
1.7133,ID,id.axis,0
1.7133,ID,id.dither,40.329388
1.7133,ID,id.mode,1
1.7133,ID,id.pitch.r,-0.11543663
1.7133,ID,id.pitch.u_ad,-0.018197268
1.7133,ID,id.pitch.u_nom,-0.14556096
1.7133,ID,id.pitch.x,0.095118232
1.7133,ID,id.pitch.xm,-0.11543663
1.7133,ID,id.sample_counter,43328
1.7133,ID,id.sysid_state,2
1.7133,ID,id.vbat,0
1.7183,ID,id.arm,1
1.7183,ID,id.axis,0
1.7183,ID,id.dither,40.201427
1.7183,ID,id.mode,1
1.7183,ID,id.pitch.r,-0.12599353
1.7183,ID,id.pitch.u_ad,-0.016447928
1.7183,ID,id.pitch.u_nom,0.075142413
1.7183,ID,id.pitch.x,-0.11868985
1.7183,ID,id.pitch.xm,-0.12599353
1.7183,ID,id.sample_counter,43329
1.7183,ID,id.sysid_state,2
1.7183,ID,id.vbat,0
1.7234,ID,id.arm,1
1.7234,ID,id.axis,0
1.7234,ID,id.dither,40.07177
1.7234,ID,id.mode,1
1.7234,ID,id.pitch.r,-0.11322448
1.7234,ID,id.pitch.u_ad,-0.016479073
1.7234,ID,id.pitch.u_nom,-0.018910088
1.7234,ID,id.pitch.x,-0.094247498
1.7234,ID,id.pitch.xm,-0.11322448
1.7234,ID,id.sample_counter,43330
1.7234,ID,id.sysid_state,2
1.7234,ID,id.vbat,0
1.7282,ID,id.arm,1
1.7282,ID,id.axis,0
1.7282,ID,id.dither,39.940403
1.7282,ID,id.mode,1
1.7282,ID,id.pitch.r,-0.12337852
1.7282,ID,id.pitch.u_ad,-0.016805699
1.7282,ID,id.pitch.u_nom,-0.02328272
1.7282,ID,id.pitch.x,-0.090666622
1.7282,ID,id.pitch.xm,-0.12337852
1.7282,ID,id.sample_counter,43331
1.7282,ID,id.sysid_state,2
1.7282,ID,id.vbat,0
1.7338,ID,id.arm,1
1.7338,ID,id.axis,0
1.7338,ID,id.dither,39.807346
1.7338,ID,id.mode,1
1.7338,ID,id.pitch.r,-0.11637086
1.7338,ID,id.pitch.u_ad,-0.016215859
1.7338,ID,id.pitch.u_nom,0.01476081
1.7338,ID,id.pitch.x,-0.1262866
1.7338,ID,id.pitch.xm,-0.11637086
1.7338,ID,id.sample_counter,43332
1.7338,ID,id.sysid_state,2
1.7338,ID,id.vbat,0
1.7383,ID,id.arm,1
1.7383,ID,id.axis,0
1.7383,ID,id.dither,39.672585
1.7383,ID,id.mode,1
1.7383,ID,id.pitch.r,-0.12091369
1.7383,ID,id.pitch.u_ad,-0.017307464
1.7383,ID,id.pitch.u_nom,-0.064459369
1.7383,ID,id.pitch.x,-0.051400859
1.7383,ID,id.pitch.xm,-0.12091369
1.7383,ID,id.sample_counter,43333
1.7383,ID,id.sysid_state,2
1.7383,ID,id.vbat,0
1.7434,ID,id.arm,1
1.7434,ID,id.axis,0
1.7434,ID,id.dither,39.536137
1.7434,ID,id.mode,1
1.7434,ID,id.pitch.r,-0.11640755
1.7434,ID,id.pitch.u_ad,-0.015073546
1.7434,ID,id.pitch.u_nom,0.095766172
1.7434,ID,id.pitch.x,-0.21206658
1.7434,ID,id.pitch.xm,-0.11640755
1.7434,ID,id.sample_counter,43334
1.7434,ID,id.sysid_state,2
1.7434,ID,id.vbat,0
1.7484,ID,id.arm,1
1.7484,ID,id.axis,0
1.7484,ID,id.dither,39.397999
1.7484,ID,id.mode,1
1.7484,ID,id.pitch.r,-0.11602419
1.7484,ID,id.pitch.u_ad,-0.016907001
1.7484,ID,id.pitch.u_nom,-0.10247978
1.7484,ID,id.pitch.x,-0.051914204
1.7484,ID,id.pitch.xm,-0.11602419
1.7484,ID,id.sample_counter,43335
1.7484,ID,id.sysid_state,2
1.7484,ID,id.vbat,0
1.7535,ID,id.arm,1
1.7535,ID,id.axis,0
1.7535,ID,id.dither,39.258167
1.7535,ID,id.mode,1
1.7535,ID,id.pitch.r,-0.12216791
1.7535,ID,id.pitch.u_ad,-0.014912223
1.7535,ID,id.pitch.u_nom,0.090517811
1.7535,ID,id.pitch.x,-0.21428393
1.7535,ID,id.pitch.xm,-0.12216791
1.7535,ID,id.sample_counter,43336
1.7535,ID,id.sysid_state,2
1.7535,ID,id.vbat,0
1.7596,ID,id.arm,1
1.7596,ID,id.axis,0
1.7596,ID,id.dither,39.116653
1.7596,ID,id.mode,1
1.7596,ID,id.pitch.r,-0.11697041
1.7596,ID,id.pitch.u_ad,-0.016863026
1.7596,ID,id.pitch.u_nom,-0.10882985
1.7596,ID,id.pitch.x,-0.041853692
1.7596,ID,id.pitch.xm,-0.11697041
1.7596,ID,id.sample_counter,43337
1.7596,ID,id.sysid_state,2
1.7596,ID,id.vbat,0
1.7633,ID,id.arm,1
1.7633,ID,id.axis,0
1.7633,ID,id.dither,38.973461
1.7633,ID,id.mode,1
1.7633,ID,id.pitch.r,-0.12909032
1.7633,ID,id.pitch.u_ad,-0.016360883
1.7633,ID,id.pitch.u_nom,0.019042021
1.7633,ID,id.pitch.x,-0.11657105
1.7633,ID,id.pitch.xm,-0.12909032
1.7633,ID,id.sample_counter,43338
1.7633,ID,id.sysid_state,2
1.7633,ID,id.vbat,0
1.7683,ID,id.arm,1
1.7683,ID,id.axis,0
1.7683,ID,id.dither,38.82859
1.7683,ID,id.mode,1
1.7683,ID,id.pitch.r,-0.11915068
1.7683,ID,id.pitch.u_ad,-0.016606962
1.7683,ID,id.pitch.u_nom,-0.027814036
1.7683,ID,id.pitch.x,-0.084575176
1.7683,ID,id.pitch.xm,-0.11915068
1.7683,ID,id.sample_counter,43339
1.7683,ID,id.sysid_state,2
1.7683,ID,id.vbat,0
1.7733,ID,id.arm,1
1.7733,ID,id.axis,0
1.7733,ID,id.dither,38.682041
1.7733,ID,id.mode,1
1.7733,ID,id.pitch.r,-0.12920111
1.7733,ID,id.pitch.u_ad,-0.017400302
1.7733,ID,id.pitch.u_nom,-0.047306303
1.7733,ID,id.pitch.x,-0.05338553
1.7733,ID,id.pitch.xm,-0.12920111
1.7733,ID,id.sample_counter,43340
1.7733,ID,id.sysid_state,2
1.7733,ID,id.vbat,0
1.7781,ID,id.arm,1
1.7781,ID,id.axis,0
1.7781,ID,id.dither,38.533817
1.7781,ID,id.mode,1
1.7781,ID,id.pitch.r,-0.12206285
1.7781,ID,id.pitch.u_ad,-0.016526956
1.7781,ID,id.pitch.u_nom,0.026584281
1.7781,ID,id.pitch.x,-0.11934536
1.7781,ID,id.pitch.xm,-0.12206285
1.7781,ID,id.sample_counter,43341
1.7781,ID,id.sysid_state,2
1.7781,ID,id.vbat,0
1.7833,ID,id.arm,1
1.7833,ID,id.axis,0
1.7833,ID,id.dither,38.383923
1.7833,ID,id.mode,1
1.7833,ID,id.pitch.r,-0.12815556
1.7833,ID,id.pitch.u_ad,-0.019009909
1.7833,ID,id.pitch.u_nom,-0.13777061
1.7833,ID,id.pitch.x,0.05053696
1.7833,ID,id.pitch.xm,-0.12815556
1.7833,ID,id.sample_counter,43342
1.7833,ID,id.sysid_state,2
1.7833,ID,id.vbat,0
1.7882,ID,id.arm,1
1.7882,ID,id.axis,0
1.7882,ID,id.dither,38.232368
1.7882,ID,id.mode,1
1.7882,ID,id.pitch.r,-0.13191867
1.7882,ID,id.pitch.u_ad,-0.017353551
1.7882,ID,id.pitch.u_nom,0.066324674
1.7882,ID,id.pitch.x,-0.11471743
1.7882,ID,id.pitch.xm,-0.13191867
1.7882,ID,id.sample_counter,43343
1.7882,ID,id.sysid_state,2
1.7882,ID,id.vbat,0
1.7932,ID,id.arm,1
1.7932,ID,id.axis,0
1.7932,ID,id.dither,38.079151
1.7932,ID,id.mode,1
1.7932,ID,id.pitch.r,-0.13187014
1.7932,ID,id.pitch.u_ad,-0.020239789
1.7932,ID,id.pitch.u_nom,-0.16230936
1.7932,ID,id.pitch.x,0.14704035
1.7932,ID,id.pitch.xm,-0.13187014
1.7932,ID,id.sample_counter,43344
1.7932,ID,id.sysid_state,2
1.7932,ID,id.vbat,0
1.7985,ID,id.arm,1
1.7985,ID,id.axis,0
1.7985,ID,id.dither,37.924274
1.7985,ID,id.mode,1
1.7985,ID,id.pitch.r,-0.14572404
1.7985,ID,id.pitch.u_ad,-0.019819185
1.7985,ID,id.pitch.u_nom,0.0060081482
1.7985,ID,id.pitch.x,0.020401511
1.7985,ID,id.pitch.xm,-0.14572404
1.7985,ID,id.sample_counter,43345
1.7985,ID,id.sysid_state,2
1.7985,ID,id.vbat,0
1.8034,ID,id.arm,1
1.8034,ID,id.axis,0
1.8034,ID,id.dither,37.76775
1.8034,ID,id.mode,1
1.8034,ID,id.pitch.r,-0.14136538
1.8034,ID,id.pitch.u_ad,-0.02163412
1.8034,ID,id.pitch.u_nom,-0.11336378
1.8034,ID,id.pitch.x,0.11207808
1.8034,ID,id.pitch.xm,-0.14136538
1.8034,ID,id.sample_counter,43346
1.8034,ID,id.sysid_state,2
1.8034,ID,id.vbat,0
1.8081,ID,id.arm,1
1.8081,ID,id.axis,0
1.8081,ID,id.dither,37.609566
1.8081,ID,id.mode,1
1.8081,ID,id.pitch.r,-0.15426314
1.8081,ID,id.pitch.u_ad,-0.02172064
1.8081,ID,id.pitch.u_nom,-0.020826353
1.8081,ID,id.pitch.x,0.031415746
1.8081,ID,id.pitch.xm,-0.15426314
1.8081,ID,id.sample_counter,43347
1.8081,ID,id.sysid_state,2
1.8081,ID,id.vbat,0
1.8133,ID,id.arm,1
1.8133,ID,id.axis,0
1.8133,ID,id.dither,37.449734
1.8133,ID,id.mode,1
1.8133,ID,id.pitch.r,-0.14820124
1.8133,ID,id.pitch.u_ad,-0.020939084
1.8133,ID,id.pitch.u_nom,0.018640041
1.8133,ID,id.pitch.x,-0.061426617
1.8133,ID,id.pitch.xm,-0.14820124
1.8133,ID,id.sample_counter,43348
1.8133,ID,id.sysid_state,2
1.8133,ID,id.vbat,0
1.8140,A,mrac.pitch.e,0.20661747
1.8140,A,mrac.pitch.u_ad,-0.027108217
1.8140,A,mrac.roll.e,-0.2173617
1.8140,A,mrac.roll.u_ad,0.16147248
1.8140,A,mrac.yaw.e,0.21340318
1.8140,A,mrac.yaw.u_ad,-0.021338467
1.8140,A,mrac.z.e,0.10621598
1.8140,A,mrac.z.u_ad,-0.057903521
1.8140,A,status.arm,1
1.8140,A,status.flymode,1
1.8140,A,status.rc_authority,0
1.8140,A,status.sbus_lost,0
1.8140,A,status.twc_arrived,0
1.8140,A,status.twc_execute,0
1.8141,B,mrac.pitch.theta_0,3.8353875e-08
1.8141,B,mrac.pitch.theta_1,0.0026793308
1.8141,B,mrac.pitch.theta_2,0.00036447751
1.8141,B,mrac.pitch.theta_3,0.0021368773
1.8141,B,mrac.pitch.theta_4,0.12672588
1.8141,B,mrac.pitch.theta_5,0.14228033
1.8141,B,mrac.pitch.u_nom,-0.13606945
1.8141,B,mrac.pitch.xm,-0.13345523
1.8141,B,mrac.roll.theta_0,0.14801875
1.8141,B,mrac.roll.theta_1,0.0010706458
1.8141,B,mrac.roll.theta_2,0.0078351134
1.8141,B,mrac.roll.theta_3,0.0017508217
1.8141,B,mrac.roll.theta_4,0.1164327
1.8141,B,mrac.roll.theta_5,0.13305739
1.8141,B,mrac.roll.u_nom,0.13481887
1.8141,B,mrac.roll.xm,0.06991189
1.8141,B,mrac.yaw.theta_0,1.9618179e-44
1.8141,B,mrac.yaw.theta_1,0.0038231763
1.8141,B,mrac.yaw.theta_2,0.0011539053
1.8141,B,mrac.yaw.theta_3,0
1.8141,B,mrac.yaw.theta_4,0.11176347
1.8141,B,mrac.yaw.theta_5,0.088189892
1.8141,B,mrac.yaw.u_nom,-0.05672732
1.8141,B,mrac.yaw.xm,-0.17635128
1.8141,B,mrac.z.theta_0,0.010391511
1.8141,B,mrac.z.theta_1,0.0020866562
1.8141,B,mrac.z.theta_2,0.0010444676
1.8141,B,mrac.z.theta_3,0
1.8141,B,mrac.z.theta_4,0.19652115
1.8141,B,mrac.z.theta_5,0.19049689
1.8141,B,mrac.z.u_nom,-0.248189
1.8141,B,mrac.z.xm,-0.10660028
1.8141,B,path.active_path_mode,0
1.8141,B,path.circle_theta,0
1.8141,B,path.sinusoid_t_elapsed,0
1.8141,B,path.twc_arrived,0
1.8141,B,path.twc_target_x,0
1.8141,B,path.twc_target_y,0
1.8141,B,path.twc_target_z,0
1.8141,B,pid.gyrox.Des,4.0056543
1.8141,B,pid.gyrox.FB,-5.558001
1.8141,B,pid.gyrox.U,157.73808
1.8141,B,pid.gyroy.Des,-7.6464181
1.8141,B,pid.gyroy.FB,6.5247588
1.8141,B,pid.gyroy.U,-159.20125
1.8141,B,pid.gyroz.Des,-10.104179
1.8141,B,pid.gyroz.FB,2.9126422
1.8141,B,pid.gyroz.U,-106.19354
1.8141,B,pid.locx.Des,0
1.8141,B,pid.locx.FB,0.76229656
1.8141,B,pid.locx.U,-2.4688075
1.8141,B,pid.locxs.Des,-2.4688075
1.8141,B,pid.locxs.FB,-3.9176743
1.8141,B,pid.locxs.U,4.4412475
1.8141,B,pid.locy.Des,-47.210907
1.8141,B,pid.locy.FB,-23.9251
1.8141,B,pid.locy.U,-20.516798
1.8141,B,pid.locys.Des,-20.516798
1.8141,B,pid.locys.FB,-3.1067393
1.8141,B,pid.locys.U,-49.070194
1.8141,B,pid.pitch.Des,-2.8694906
1.8141,B,pid.pitch.FB,-0.36534271
1.8141,B,pid.pitch.U,-7.6464181
1.8141,B,pid.roll.Des,-0.18209788
1.8141,B,pid.roll.FB,-1.5195327
1.8141,B,pid.roll.U,4.0056543
1.8141,B,pid.yaw.Des,-2.8954291
1.8141,B,pid.yaw.FB,-1.5447326
1.8141,B,pid.yaw.U,-10.104179
1.8141,B,pid.z_pos.Des,1.0195838
1.8141,B,pid.z_pos.FB,1.0296168
1.8141,B,pid.z_pos.U,-0.10660028
1.8141,B,pid.z_rate.Des,-0.10660028
1.8141,B,pid.z_rate.FB,-0.0014803832
1.8141,B,pid.z_rate.U,-55.097958
1.8141,B,status.vbat,0
1.8185,ID,id.arm,1
1.8185,ID,id.axis,0
1.8185,ID,id.dither,37.288261
1.8185,ID,id.mode,1
1.8185,ID,id.pitch.r,-0.15160769
1.8185,ID,id.pitch.u_ad,-0.021684395
1.8185,ID,id.pitch.u_nom,-0.051035404
1.8185,ID,id.pitch.x,-0.03591606
1.8185,ID,id.pitch.xm,-0.15160769
1.8185,ID,id.sample_counter,43349
1.8185,ID,id.sysid_state,2
1.8185,ID,id.vbat,0
1.8232,ID,id.arm,1
1.8232,ID,id.axis,0
1.8232,ID,id.dither,37.125153
1.8232,ID,id.mode,1
1.8232,ID,id.pitch.r,-0.15097307
1.8232,ID,id.pitch.u_ad,-0.021250943
1.8232,ID,id.pitch.u_nom,0.0046350723
1.8232,ID,id.pitch.x,-0.091790833
1.8232,ID,id.pitch.xm,-0.15097307
1.8232,ID,id.sample_counter,43350
1.8232,ID,id.sysid_state,2
1.8232,ID,id.vbat,0
1.8284,ID,id.arm,1
1.8284,ID,id.axis,0
1.8284,ID,id.dither,36.960411
1.8284,ID,id.mode,1
1.8284,ID,id.pitch.r,-0.15617129
1.8284,ID,id.pitch.u_ad,-0.02263402
1.8284,ID,id.pitch.u_nom,-0.081826419
1.8284,ID,id.pitch.x,-0.016957005
1.8284,ID,id.pitch.xm,-0.15617129
1.8284,ID,id.sample_counter,43351
1.8284,ID,id.sysid_state,2
1.8284,ID,id.vbat,0
1.8336,ID,id.arm,1
1.8336,ID,id.axis,0
1.8336,ID,id.dither,36.794033
1.8336,ID,id.mode,1
1.8336,ID,id.pitch.r,-0.1578172
1.8336,ID,id.pitch.u_ad,-0.022288404
1.8336,ID,id.pitch.u_nom,0.00061753753
1.8336,ID,id.pitch.x,-0.077483892
1.8336,ID,id.pitch.xm,-0.1578172
1.8336,ID,id.sample_counter,43352
1.8336,ID,id.sysid_state,2
1.8336,ID,id.vbat,0
1.8382,ID,id.arm,1
1.8382,ID,id.axis,0
1.8382,ID,id.dither,36.62603
1.8382,ID,id.mode,1
1.8382,ID,id.pitch.r,-0.15835555
1.8382,ID,id.pitch.u_ad,-0.023248028
1.8382,ID,id.pitch.u_nom,-0.064912252
1.8382,ID,id.pitch.x,-0.028066773
1.8382,ID,id.pitch.xm,-0.15835555
1.8382,ID,id.sample_counter,43353
1.8382,ID,id.sysid_state,2
1.8382,ID,id.vbat,0
1.8433,ID,id.arm,1
1.8433,ID,id.axis,0
1.8433,ID,id.dither,36.456409
1.8433,ID,id.mode,1
1.8433,ID,id.pitch.r,-0.1602627
1.8433,ID,id.pitch.u_ad,-0.021944698
1.8433,ID,id.pitch.u_nom,0.050239954
1.8433,ID,id.pitch.x,-0.15343359
1.8433,ID,id.pitch.xm,-0.1602627
1.8433,ID,id.sample_counter,43354
1.8433,ID,id.sysid_state,2
1.8433,ID,id.vbat,0
1.8490,ID,id.arm,1
1.8490,ID,id.axis,0
1.8490,ID,id.dither,36.285168
1.8490,ID,id.mode,1
1.8490,ID,id.pitch.r,-0.15773557
1.8490,ID,id.pitch.u_ad,-0.023421658
1.8490,ID,id.pitch.u_nom,-0.089492276
1.8490,ID,id.pitch.x,-0.04298738
1.8490,ID,id.pitch.xm,-0.15773557
1.8490,ID,id.sample_counter,43355
1.8490,ID,id.sysid_state,2
1.8490,ID,id.vbat,0
1.8533,ID,id.arm,1
1.8533,ID,id.axis,0
1.8533,ID,id.dither,36.112309
1.8533,ID,id.mode,1
1.8533,ID,id.pitch.r,-0.16548005
1.8533,ID,id.pitch.u_ad,-0.021528326
1.8533,ID,id.pitch.u_nom,0.085306905
1.8533,ID,id.pitch.x,-0.21674998
1.8533,ID,id.pitch.xm,-0.16548005
1.8533,ID,id.sample_counter,43356
1.8533,ID,id.sysid_state,2
1.8533,ID,id.vbat,0
1.8582,ID,id.arm,1
1.8582,ID,id.axis,0
1.8582,ID,id.dither,35.937847
1.8582,ID,id.mode,1
1.8582,ID,id.pitch.r,-0.15509051
1.8582,ID,id.pitch.u_ad,-0.022180159
1.8582,ID,id.pitch.u_nom,-0.045746665
1.8582,ID,id.pitch.x,-0.13862844
1.8582,ID,id.pitch.xm,-0.15509051
1.8582,ID,id.sample_counter,43357
1.8582,ID,id.sysid_state,2
1.8582,ID,id.vbat,0
1.8633,ID,id.arm,1
1.8633,ID,id.axis,0
1.8633,ID,id.dither,35.76178
1.8633,ID,id.mode,1
1.8633,ID,id.pitch.r,-0.16407476
1.8633,ID,id.pitch.u_ad,-0.022223141
1.8633,ID,id.pitch.u_nom,-0.0088375453
1.8633,ID,id.pitch.x,-0.15270452
1.8633,ID,id.pitch.xm,-0.16407476
1.8633,ID,id.sample_counter,43358
1.8633,ID,id.sysid_state,2
1.8633,ID,id.vbat,0
1.8683,ID,id.arm,1
1.8683,ID,id.axis,0
1.8683,ID,id.dither,35.584114
1.8683,ID,id.mode,1
1.8683,ID,id.pitch.r,-0.15801327
1.8683,ID,id.pitch.u_ad,-0.022238281
1.8683,ID,id.pitch.u_nom,-0.014585406
1.8683,ID,id.pitch.x,-0.14221269
1.8683,ID,id.pitch.xm,-0.15801327
1.8683,ID,id.sample_counter,43359
1.8683,ID,id.sysid_state,2
1.8683,ID,id.vbat,0
1.8732,ID,id.arm,1
1.8732,ID,id.axis,0
1.8732,ID,id.dither,35.404858
1.8732,ID,id.mode,1
1.8732,ID,id.pitch.r,-0.16606967
1.8732,ID,id.pitch.u_ad,-0.023603311
1.8732,ID,id.pitch.u_nom,-0.077742934
1.8732,ID,id.pitch.x,-0.061335564
1.8732,ID,id.pitch.xm,-0.16606967
1.8732,ID,id.sample_counter,43360
1.8732,ID,id.sysid_state,2
1.8732,ID,id.vbat,0
1.8783,ID,id.arm,1
1.8783,ID,id.axis,0
1.8783,ID,id.dither,35.224007
1.8783,ID,id.mode,1
1.8783,ID,id.pitch.r,-0.16241062
1.8783,ID,id.pitch.u_ad,-0.02133728
1.8783,ID,id.pitch.u_nom,0.098440483
1.8783,ID,id.pitch.x,-0.25028929
1.8783,ID,id.pitch.xm,-0.16241062
1.8783,ID,id.sample_counter,43361
1.8783,ID,id.sysid_state,2
1.8783,ID,id.vbat,0
1.8834,ID,id.arm,1
1.8834,ID,id.axis,0
1.8834,ID,id.dither,35.041576
1.8834,ID,id.mode,1
1.8834,ID,id.pitch.r,-0.1622716
1.8834,ID,id.pitch.u_ad,-0.023470256
1.8834,ID,id.pitch.u_nom,-0.11709215
1.8834,ID,id.pitch.x,-0.068031393
1.8834,ID,id.pitch.xm,-0.1622716
1.8834,ID,id.sample_counter,43362
1.8834,ID,id.sysid_state,2
1.8834,ID,id.vbat,0
1.8882,ID,id.arm,1
1.8882,ID,id.axis,0
1.8882,ID,id.dither,34.857563
1.8882,ID,id.mode,1
1.8882,ID,id.pitch.r,-0.1681287
1.8882,ID,id.pitch.u_ad,-0.022105558
1.8882,ID,id.pitch.u_nom,0.058021285
1.8882,ID,id.pitch.x,-0.19590661
1.8882,ID,id.pitch.xm,-0.1681287
1.8882,ID,id.sample_counter,43363
1.8882,ID,id.sysid_state,2
1.8882,ID,id.vbat,0
1.8931,ID,id.arm,1
1.8931,ID,id.axis,0
1.8931,ID,id.dither,34.671978
1.8931,ID,id.mode,1
1.8931,ID,id.pitch.r,-0.16739565
1.8931,ID,id.pitch.u_ad,-0.024527038
1.8931,ID,id.pitch.u_nom,-0.13307187
1.8931,ID,id.pitch.x,-0.0078375302
1.8931,ID,id.pitch.xm,-0.16739565
1.8931,ID,id.sample_counter,43364
1.8931,ID,id.sysid_state,2
1.8931,ID,id.vbat,0
1.8983,ID,id.arm,1
1.8983,ID,id.axis,0
1.8983,ID,id.dither,34.484825
1.8983,ID,id.mode,1
1.8983,ID,id.pitch.r,-0.17555192
1.8983,ID,id.pitch.u_ad,-0.023289341
1.8983,ID,id.pitch.u_nom,0.051100463
1.8983,ID,id.pitch.x,-0.15037963
1.8983,ID,id.pitch.xm,-0.17555192
1.8983,ID,id.sample_counter,43365
1.8983,ID,id.sysid_state,2
1.8983,ID,id.vbat,0
1.9033,ID,id.arm,1
1.9033,ID,id.axis,0
1.9033,ID,id.dither,34.296112
1.9033,ID,id.mode,1
1.9033,ID,id.pitch.r,-0.16958271
1.9033,ID,id.pitch.u_ad,-0.024378076
1.9033,ID,id.pitch.u_nom,-0.068817481
1.9033,ID,id.pitch.x,-0.070749797
1.9033,ID,id.pitch.xm,-0.16958271
1.9033,ID,id.sample_counter,43366
1.9033,ID,id.sysid_state,2
1.9033,ID,id.vbat,0
1.9083,ID,id.arm,1
1.9083,ID,id.axis,0
1.9083,ID,id.dither,34.105835
1.9083,ID,id.mode,1
1.9083,ID,id.pitch.r,-0.17737658
1.9083,ID,id.pitch.u_ad,-0.023686368
1.9083,ID,id.pitch.u_nom,0.026164593
1.9083,ID,id.pitch.x,-0.15874287
1.9083,ID,id.pitch.xm,-0.17737658
1.9083,ID,id.sample_counter,43367
1.9083,ID,id.sysid_state,2
1.9083,ID,id.vbat,0
1.9132,ID,id.arm,1
1.9132,ID,id.axis,0
1.9132,ID,id.dither,33.914013
1.9132,ID,id.mode,1
1.9132,ID,id.pitch.r,-0.16837057
1.9132,ID,id.pitch.u_ad,-0.024150185
1.9132,ID,id.pitch.u_nom,-0.039817162
1.9132,ID,id.pitch.x,-0.11337825
1.9132,ID,id.pitch.xm,-0.16837057
1.9132,ID,id.sample_counter,43368
1.9132,ID,id.sysid_state,2
1.9132,ID,id.vbat,0
1.9183,ID,id.arm,1
1.9183,ID,id.axis,0
1.9183,ID,id.dither,33.720634
1.9183,ID,id.mode,1
1.9183,ID,id.pitch.r,-0.18162286
1.9183,ID,id.pitch.u_ad,-0.025685299
1.9183,ID,id.pitch.u_nom,-0.085406855
1.9183,ID,id.pitch.x,-0.04032759
1.9183,ID,id.pitch.xm,-0.18162286
1.9183,ID,id.sample_counter,43369
1.9183,ID,id.sysid_state,2
1.9183,ID,id.vbat,0
1.9231,ID,id.arm,1
1.9231,ID,id.axis,0
1.9231,ID,id.dither,33.525726
1.9231,ID,id.mode,1
1.9231,ID,id.pitch.r,-0.17894013
1.9231,ID,id.pitch.u_ad,-0.024400372
1.9231,ID,id.pitch.u_nom,0.048967164
1.9231,ID,id.pitch.x,-0.16304062
1.9231,ID,id.pitch.xm,-0.17894013
1.9231,ID,id.sample_counter,43370
1.9231,ID,id.sysid_state,2
1.9231,ID,id.vbat,0
1.9282,ID,id.arm,1
1.9282,ID,id.axis,0
1.9282,ID,id.dither,33.329281
1.9282,ID,id.mode,1
1.9282,ID,id.pitch.r,-0.18632647
1.9282,ID,id.pitch.u_ad,-0.027194049
1.9282,ID,id.pitch.u_nom,-0.14899372
1.9282,ID,id.pitch.x,0.038201988
1.9282,ID,id.pitch.xm,-0.18632647
1.9282,ID,id.sample_counter,43371
1.9282,ID,id.sysid_state,2
1.9282,ID,id.vbat,0
1.9336,ID,id.arm,1
1.9336,ID,id.axis,0
1.9336,ID,id.dither,33.131302
1.9336,ID,id.mode,1
1.9336,ID,id.pitch.r,-0.19112396
1.9336,ID,id.pitch.u_ad,-0.025447665
1.9336,ID,id.pitch.u_nom,0.075846836
1.9336,ID,id.pitch.x,-0.18672854
1.9336,ID,id.pitch.xm,-0.19112396
1.9336,ID,id.sample_counter,43372
1.9336,ID,id.sysid_state,2
1.9336,ID,id.vbat,0
1.9387,ID,id.arm,1
1.9387,ID,id.axis,0
1.9387,ID,id.dither,32.931801
1.9387,ID,id.mode,1
1.9387,ID,id.pitch.r,-0.1871227
1.9387,ID,id.pitch.u_ad,-0.027915141
1.9387,ID,id.pitch.u_nom,-0.13804317
1.9387,ID,id.pitch.x,-0.0073170303
1.9387,ID,id.pitch.xm,-0.1871227
1.9387,ID,id.sample_counter,43373
1.9387,ID,id.sysid_state,2
1.9387,ID,id.vbat,0
1.9436,ID,id.arm,1
1.9436,ID,id.axis,0
1.9436,ID,id.dither,32.730789
1.9436,ID,id.mode,1
1.9436,ID,id.pitch.r,-0.19369352
1.9436,ID,id.pitch.u_ad,-0.026366781
1.9436,ID,id.pitch.u_nom,0.062856369
1.9436,ID,id.pitch.x,-0.1710286
1.9436,ID,id.pitch.xm,-0.19369352
1.9436,ID,id.sample_counter,43374
1.9436,ID,id.sysid_state,2
1.9436,ID,id.vbat,0
1.9501,ID,id.arm,1
1.9501,ID,id.axis,0
1.9501,ID,id.dither,32.528259
1.9501,ID,id.mode,1
1.9501,ID,id.pitch.r,-0.18592441
1.9501,ID,id.pitch.u_ad,-0.027590541
1.9501,ID,id.pitch.u_nom,-0.080002517
1.9501,ID,id.pitch.x,-0.073537976
1.9501,ID,id.pitch.xm,-0.18592441
1.9501,ID,id.sample_counter,43375
1.9501,ID,id.sysid_state,2
1.9501,ID,id.vbat,0
1.9535,ID,id.arm,1
1.9535,ID,id.axis,0
1.9535,ID,id.dither,32.32423
1.9535,ID,id.mode,1
1.9535,ID,id.pitch.r,-0.19592811
1.9535,ID,id.pitch.u_ad,-0.027716486
1.9535,ID,id.pitch.u_nom,-0.020376159
1.9535,ID,id.pitch.x,-0.10490012
1.9535,ID,id.pitch.xm,-0.19592811
1.9535,ID,id.sample_counter,43376
1.9535,ID,id.sysid_state,2
1.9535,ID,id.vbat,0
1.9583,ID,id.arm,1
1.9583,ID,id.axis,0
1.9583,ID,id.dither,32.118698
1.9583,ID,id.mode,1
1.9583,ID,id.pitch.r,-0.19170114
1.9583,ID,id.pitch.u_ad,-0.027409507
1.9583,ID,id.pitch.u_nom,-0.0026844433
1.9583,ID,id.pitch.x,-0.13899685
1.9583,ID,id.pitch.xm,-0.19170114
1.9583,ID,id.sample_counter,43377
1.9583,ID,id.sysid_state,2
1.9583,ID,id.vbat,0
1.9633,ID,id.arm,1
1.9633,ID,id.axis,0
1.9633,ID,id.dither,31.911678
1.9633,ID,id.mode,1
1.9633,ID,id.pitch.r,-0.20152847
1.9633,ID,id.pitch.u_ad,-0.0288337
1.9633,ID,id.pitch.u_nom,-0.08090014
1.9633,ID,id.pitch.x,-0.067893825
1.9633,ID,id.pitch.xm,-0.20152847
1.9633,ID,id.sample_counter,43378
1.9633,ID,id.sysid_state,2
1.9633,ID,id.vbat,0
1.9683,ID,id.arm,1
1.9683,ID,id.axis,0
1.9683,ID,id.dither,31.703171
1.9683,ID,id.mode,1
1.9683,ID,id.pitch.r,-0.20108439
1.9683,ID,id.pitch.u_ad,-0.028090321
1.9683,ID,id.pitch.u_nom,0.022393169
1.9683,ID,id.pitch.x,-0.15411526
1.9683,ID,id.pitch.xm,-0.20108439
1.9683,ID,id.sample_counter,43379
1.9683,ID,id.sysid_state,2
1.9683,ID,id.vbat,0
1.9734,ID,id.arm,1
1.9734,ID,id.axis,0
1.9734,ID,id.dither,31.493187
1.9734,ID,id.mode,1
1.9734,ID,id.pitch.r,-0.20530997
1.9734,ID,id.pitch.u_ad,-0.029618643
1.9734,ID,id.pitch.u_nom,-0.087173529
1.9734,ID,id.pitch.x,-0.066958427
1.9734,ID,id.pitch.xm,-0.20530997
1.9734,ID,id.sample_counter,43380
1.9734,ID,id.sysid_state,2
1.9734,ID,id.vbat,0
1.9782,ID,id.arm,1
1.9782,ID,id.axis,0
1.9782,ID,id.dither,31.281727
1.9782,ID,id.mode,1
1.9782,ID,id.pitch.r,-0.20539239
1.9782,ID,id.pitch.u_ad,-0.028888879
1.9782,ID,id.pitch.u_nom,0.020655859
1.9782,ID,id.pitch.x,-0.15291357
1.9782,ID,id.pitch.xm,-0.20539239
1.9782,ID,id.sample_counter,43381
1.9782,ID,id.sysid_state,2
1.9782,ID,id.vbat,0
1.9834,ID,id.arm,1
1.9834,ID,id.axis,0
1.9834,ID,id.dither,31.068806
1.9834,ID,id.mode,1
1.9834,ID,id.pitch.r,-0.20542249
1.9834,ID,id.pitch.u_ad,-0.030097287
1.9834,ID,id.pitch.u_nom,-0.076000549
1.9834,ID,id.pitch.x,-0.078608222
1.9834,ID,id.pitch.xm,-0.20542249
1.9834,ID,id.sample_counter,43382
1.9834,ID,id.sysid_state,2
1.9834,ID,id.vbat,0
1.9883,ID,id.arm,1
1.9883,ID,id.axis,0
1.9883,ID,id.dither,30.854422
1.9883,ID,id.mode,1
1.9883,ID,id.pitch.r,-0.20963584
1.9883,ID,id.pitch.u_ad,-0.029265478
1.9883,ID,id.pitch.u_nom,0.027635353
1.9883,ID,id.pitch.x,-0.17435013
1.9883,ID,id.pitch.xm,-0.20963584
1.9883,ID,id.sample_counter,43383
1.9883,ID,id.sysid_state,2
1.9883,ID,id.vbat,0
1.9933,ID,id.arm,1
1.9933,ID,id.axis,0
1.9933,ID,id.dither,30.638586
1.9933,ID,id.mode,1
1.9933,ID,id.pitch.r,-0.20787789
1.9933,ID,id.pitch.u_ad,-0.031049578
1.9933,ID,id.pitch.u_nom,-0.10649041
1.9933,ID,id.pitch.x,-0.051018093
1.9933,ID,id.pitch.xm,-0.20787789
1.9933,ID,id.sample_counter,43384
1.9933,ID,id.sysid_state,2
1.9933,ID,id.vbat,0
1.9983,ID,id.arm,1
1.9983,ID,id.axis,0
1.9983,ID,id.dither,30.421307
1.9983,ID,id.mode,1
1.9983,ID,id.pitch.r,-0.21692495
1.9983,ID,id.pitch.u_ad,-0.03050595
1.9983,ID,id.pitch.u_nom,0.013127564
1.9983,ID,id.pitch.x,-0.14185859
1.9983,ID,id.pitch.xm,-0.21692495
1.9983,ID,id.sample_counter,43385
1.9983,ID,id.sysid_state,2
1.9983,ID,id.vbat,0
2.0033,ID,id.arm,1
2.0033,ID,id.axis,0
2.0033,ID,id.dither,30.202593
2.0033,ID,id.mode,1
2.0033,ID,id.pitch.r,-0.20963544
2.0033,ID,id.pitch.u_ad,-0.030514123
2.0033,ID,id.pitch.u_nom,-0.019431839
2.0033,ID,id.pitch.x,-0.14477307
2.0033,ID,id.pitch.xm,-0.20963544
2.0033,ID,id.sample_counter,43386
2.0033,ID,id.sysid_state,2
2.0033,ID,id.vbat,0
2.0083,ID,id.arm,1
2.0083,ID,id.axis,0
2.0083,ID,id.dither,29.982443
2.0083,ID,id.mode,1
2.0083,ID,id.pitch.r,-0.21753044
2.0083,ID,id.pitch.u_ad,-0.030971067
2.0083,ID,id.pitch.u_nom,-0.034107409
2.0083,ID,id.pitch.x,-0.13949202
2.0083,ID,id.pitch.xm,-0.21753044
2.0083,ID,id.sample_counter,43387
2.0083,ID,id.sysid_state,2
2.0083,ID,id.vbat,0
2.0133,ID,id.arm,1
2.0133,ID,id.axis,0
2.0133,ID,id.dither,29.760876
2.0133,ID,id.mode,1
2.0133,ID,id.pitch.r,-0.21357402
2.0133,ID,id.pitch.u_ad,-0.030014807
2.0133,ID,id.pitch.u_nom,0.033195399
2.0133,ID,id.pitch.x,-0.21837154
2.0133,ID,id.pitch.xm,-0.21357402
2.0133,ID,id.sample_counter,43388
2.0133,ID,id.sysid_state,2
2.0133,ID,id.vbat,0
2.0183,ID,id.arm,1
2.0183,ID,id.axis,0
2.0183,ID,id.dither,29.537891
2.0183,ID,id.mode,1
2.0183,ID,id.pitch.r,-0.21876965
2.0183,ID,id.pitch.u_ad,-0.030921986
2.0183,ID,id.pitch.u_nom,-0.051841222
2.0183,ID,id.pitch.x,-0.1630259
2.0183,ID,id.pitch.xm,-0.21876965
2.0183,ID,id.sample_counter,43389
2.0183,ID,id.sysid_state,2
2.0183,ID,id.vbat,0
2.0231,ID,id.arm,1
2.0231,ID,id.axis,0
2.0231,ID,id.dither,29.313499
2.0231,ID,id.mode,1
2.0231,ID,id.pitch.r,-0.21747269
2.0231,ID,id.pitch.u_ad,-0.030435411
2.0231,ID,id.pitch.u_nom,0.013341077
2.0231,ID,id.pitch.x,-0.2101077
2.0231,ID,id.pitch.xm,-0.21747269
2.0231,ID,id.sample_counter,43390
2.0231,ID,id.sysid_state,2
2.0231,ID,id.vbat,0
2.0281,ID,id.arm,1
2.0281,ID,id.axis,0
2.0281,ID,id.dither,29.087704
2.0281,ID,id.mode,1
2.0281,ID,id.pitch.r,-0.221452
2.0281,ID,id.pitch.u_ad,-0.031585328
2.0281,ID,id.pitch.u_nom,-0.065178752
2.0281,ID,id.pitch.x,-0.13944595
2.0281,ID,id.pitch.xm,-0.221452
2.0281,ID,id.sample_counter,43391
2.0281,ID,id.sysid_state,2
2.0281,ID,id.vbat,0
2.0312,A,mrac.pitch.e,0.20661747
2.0312,A,mrac.pitch.u_ad,-0.027108217
2.0312,A,mrac.roll.e,-0.2173617
2.0312,A,mrac.roll.u_ad,0.16147248
2.0312,A,mrac.yaw.e,0.21340318
2.0312,A,mrac.yaw.u_ad,-0.021338467
2.0312,A,mrac.z.e,0.10621598
2.0312,A,mrac.z.u_ad,-0.057903521
2.0312,A,status.arm,1
2.0312,A,status.flymode,1
2.0312,A,status.rc_authority,0
2.0312,A,status.sbus_lost,0
2.0312,A,status.twc_arrived,0
2.0312,A,status.twc_execute,0
2.0313,B,mrac.pitch.theta_0,3.8353875e-08
2.0313,B,mrac.pitch.theta_1,0.0026793308
2.0313,B,mrac.pitch.theta_2,0.00036447751
2.0313,B,mrac.pitch.theta_3,0.0021368773
2.0313,B,mrac.pitch.theta_4,0.12672588
2.0313,B,mrac.pitch.theta_5,0.14228033
2.0313,B,mrac.pitch.u_nom,-0.13606945
2.0313,B,mrac.pitch.xm,-0.13345523
2.0313,B,mrac.roll.theta_0,0.14801875
2.0313,B,mrac.roll.theta_1,0.0010706458
2.0313,B,mrac.roll.theta_2,0.0078351134
2.0313,B,mrac.roll.theta_3,0.0017508217
2.0313,B,mrac.roll.theta_4,0.1164327
2.0313,B,mrac.roll.theta_5,0.13305739
2.0313,B,mrac.roll.u_nom,0.13481887
2.0313,B,mrac.roll.xm,0.06991189
2.0313,B,mrac.yaw.theta_0,1.9618179e-44
2.0313,B,mrac.yaw.theta_1,0.0038231763
2.0313,B,mrac.yaw.theta_2,0.0011539053
2.0313,B,mrac.yaw.theta_3,0
2.0313,B,mrac.yaw.theta_4,0.11176347
2.0313,B,mrac.yaw.theta_5,0.088189892
2.0313,B,mrac.yaw.u_nom,-0.05672732
2.0313,B,mrac.yaw.xm,-0.17635128
2.0313,B,mrac.z.theta_0,0.010391511
2.0313,B,mrac.z.theta_1,0.0020866562
2.0313,B,mrac.z.theta_2,0.0010444676
2.0313,B,mrac.z.theta_3,0
2.0313,B,mrac.z.theta_4,0.19652115
2.0313,B,mrac.z.theta_5,0.19049689
2.0313,B,mrac.z.u_nom,-0.248189
2.0313,B,mrac.z.xm,-0.10660028
2.0313,B,path.active_path_mode,0
2.0313,B,path.circle_theta,0
2.0313,B,path.sinusoid_t_elapsed,0
2.0313,B,path.twc_arrived,0
2.0313,B,path.twc_target_x,0
2.0313,B,path.twc_target_y,0
2.0313,B,path.twc_target_z,0
2.0313,B,pid.gyrox.Des,4.0056543
2.0313,B,pid.gyrox.FB,-5.558001
2.0313,B,pid.gyrox.U,157.73808
2.0313,B,pid.gyroy.Des,-7.6464181
2.0313,B,pid.gyroy.FB,6.5247588
2.0313,B,pid.gyroy.U,-159.20125
2.0313,B,pid.gyroz.Des,-10.104179
2.0313,B,pid.gyroz.FB,2.9126422
2.0313,B,pid.gyroz.U,-106.19354
2.0313,B,pid.locx.Des,0
2.0313,B,pid.locx.FB,0.76229656
2.0313,B,pid.locx.U,-2.4688075
2.0313,B,pid.locxs.Des,-2.4688075
2.0313,B,pid.locxs.FB,-3.9176743
2.0313,B,pid.locxs.U,4.4412475
2.0313,B,pid.locy.Des,-47.210907
2.0313,B,pid.locy.FB,-23.9251
2.0313,B,pid.locy.U,-20.516798
2.0313,B,pid.locys.Des,-20.516798
2.0313,B,pid.locys.FB,-3.1067393
2.0313,B,pid.locys.U,-49.070194
2.0313,B,pid.pitch.Des,-2.8694906
2.0313,B,pid.pitch.FB,-0.36534271
2.0313,B,pid.pitch.U,-7.6464181
2.0313,B,pid.roll.Des,-0.18209788
2.0313,B,pid.roll.FB,-1.5195327
2.0313,B,pid.roll.U,4.0056543
2.0313,B,pid.yaw.Des,-2.8954291
2.0313,B,pid.yaw.FB,-1.5447326
2.0313,B,pid.yaw.U,-10.104179
2.0313,B,pid.z_pos.Des,1.0195838
2.0313,B,pid.z_pos.FB,1.0296168
2.0313,B,pid.z_pos.U,-0.10660028
2.0313,B,pid.z_rate.Des,-0.10660028
2.0313,B,pid.z_rate.FB,-0.0014803832
2.0313,B,pid.z_rate.U,-55.097958
2.0313,B,status.vbat,0
2.0337,ID,id.arm,1
2.0337,ID,id.axis,0
2.0337,ID,id.dither,28.860521
2.0337,ID,id.mode,1
2.0337,ID,id.pitch.r,-0.22112013
2.0337,ID,id.pitch.u_ad,-0.030612079
2.0337,ID,id.pitch.u_nom,0.038152777
2.0337,ID,id.pitch.x,-0.2300186
2.0337,ID,id.pitch.xm,-0.22112013
2.0337,ID,id.sample_counter,43392
2.0337,ID,id.sysid_state,2
2.0337,ID,id.vbat,0
2.0384,ID,id.arm,1
2.0384,ID,id.axis,0
2.0384,ID,id.dither,28.63195
2.0384,ID,id.mode,1
2.0384,ID,id.pitch.r,-0.22146091
2.0384,ID,id.pitch.u_ad,-0.031052826
2.0384,ID,id.pitch.u_nom,-0.028298758
2.0384,ID,id.pitch.x,-0.20050403
2.0384,ID,id.pitch.xm,-0.22146091
2.0384,ID,id.sample_counter,43393
2.0384,ID,id.sysid_state,2
2.0384,ID,id.vbat,0
2.0433,ID,id.arm,1
2.0433,ID,id.axis,0
2.0433,ID,id.dither,28.402004
2.0433,ID,id.mode,1
2.0433,ID,id.pitch.r,-0.2235226
2.0433,ID,id.pitch.u_ad,-0.029737867
2.0433,ID,id.pitch.u_nom,0.061961196
2.0433,ID,id.pitch.x,-0.30553821
2.0433,ID,id.pitch.xm,-0.2235226
2.0433,ID,id.sample_counter,43394
2.0433,ID,id.sysid_state,2
2.0433,ID,id.vbat,0
2.0508,ID,id.arm,1
2.0508,ID,id.axis,0
2.0508,ID,id.dither,28.170687
2.0508,ID,id.mode,1
2.0508,ID,id.pitch.r,-0.22204012
2.0508,ID,id.pitch.u_ad,-0.030908119
2.0508,ID,id.pitch.u_nom,-0.06099898
2.0508,ID,id.pitch.x,-0.20531131
2.0508,ID,id.pitch.xm,-0.22204012
2.0508,ID,id.sample_counter,43395
2.0508,ID,id.sysid_state,2
2.0508,ID,id.vbat,0
2.0533,ID,id.arm,1
2.0533,ID,id.axis,0
2.0533,ID,id.dither,27.938004
2.0533,ID,id.mode,1
2.0533,ID,id.pitch.r,-0.22744524
2.0533,ID,id.pitch.u_ad,-0.029379904
2.0533,ID,id.pitch.u_nom,0.076242886
2.0533,ID,id.pitch.x,-0.33172205
2.0533,ID,id.pitch.xm,-0.22744524
2.0533,ID,id.sample_counter,43396
2.0533,ID,id.sysid_state,2
2.0533,ID,id.vbat,0
2.0583,ID,id.arm,1
2.0583,ID,id.axis,0
2.0583,ID,id.dither,27.703972
2.0583,ID,id.mode,1
2.0583,ID,id.pitch.r,-0.21985403
2.0583,ID,id.pitch.u_ad,-0.030741202
2.0583,ID,id.pitch.u_nom,-0.073436707
2.0583,ID,id.pitch.x,-0.20103385
2.0583,ID,id.pitch.xm,-0.21985403
2.0583,ID,id.sample_counter,43397
2.0583,ID,id.sysid_state,2
2.0583,ID,id.vbat,0
2.0634,ID,id.arm,1
2.0634,ID,id.axis,0
2.0634,ID,id.dither,27.468592
2.0634,ID,id.mode,1
2.0634,ID,id.pitch.r,-0.22867964
2.0634,ID,id.pitch.u_ad,-0.029650085
2.0634,ID,id.pitch.u_nom,0.053672269
2.0634,ID,id.pitch.x,-0.30083552
2.0634,ID,id.pitch.xm,-0.22867964
2.0634,ID,id.sample_counter,43398
2.0634,ID,id.sysid_state,2
2.0634,ID,id.vbat,0
2.0683,ID,id.arm,1
2.0683,ID,id.axis,0
2.0683,ID,id.dither,27.231878
2.0683,ID,id.mode,1
2.0683,ID,id.pitch.r,-0.22008449
2.0683,ID,id.pitch.u_ad,-0.030941997
2.0683,ID,id.pitch.u_nom,-0.073823743
2.0683,ID,id.pitch.x,-0.17932345
2.0683,ID,id.pitch.xm,-0.22008449
2.0683,ID,id.sample_counter,43399
2.0683,ID,id.sysid_state,2
2.0683,ID,id.vbat,0
2.0734,ID,id.arm,1
2.0734,ID,id.axis,0
2.0734,ID,id.dither,26.993832
2.0734,ID,id.mode,1
2.0734,ID,id.pitch.r,-0.23383696
2.0734,ID,id.pitch.u_ad,-0.031621914
2.0734,ID,id.pitch.u_nom,-0.03691994
2.0734,ID,id.pitch.x,-0.16803724
2.0734,ID,id.pitch.xm,-0.23383696
2.0734,ID,id.sample_counter,43400
2.0734,ID,id.sysid_state,2
2.0734,ID,id.vbat,0
2.0782,ID,id.arm,1
2.0782,ID,id.axis,0
2.0782,ID,id.dither,26.754463
2.0782,ID,id.mode,1
2.0782,ID,id.pitch.r,-0.22780231
2.0782,ID,id.pitch.u_ad,-0.031725738
2.0782,ID,id.pitch.u_nom,-0.0185418
2.0782,ID,id.pitch.x,-0.17032933
2.0782,ID,id.pitch.xm,-0.22780231
2.0782,ID,id.sample_counter,43401
2.0782,ID,id.sysid_state,2
2.0782,ID,id.vbat,0
2.0834,ID,id.arm,1
2.0834,ID,id.axis,0
2.0834,ID,id.dither,26.513786
2.0834,ID,id.mode,1
2.0834,ID,id.pitch.r,-0.23651823
2.0834,ID,id.pitch.u_ad,-0.033635855
2.0834,ID,id.pitch.u_nom,-0.10555695
2.0834,ID,id.pitch.x,-0.066137716
2.0834,ID,id.pitch.xm,-0.23651823
2.0834,ID,id.sample_counter,43402
2.0834,ID,id.sysid_state,2
2.0834,ID,id.vbat,0
2.0885,ID,id.arm,1
2.0885,ID,id.axis,0
2.0885,ID,id.dither,26.271805
2.0885,ID,id.mode,1
2.0885,ID,id.pitch.r,-0.23774615
2.0885,ID,id.pitch.u_ad,-0.032739662
2.0885,ID,id.pitch.u_nom,0.029943014
2.0885,ID,id.pitch.x,-0.17655782
2.0885,ID,id.pitch.xm,-0.23774615
2.0885,ID,id.sample_counter,43403
2.0885,ID,id.sysid_state,2
2.0885,ID,id.vbat,0
2.0932,ID,id.arm,1
2.0932,ID,id.axis,0
2.0932,ID,id.dither,0
2.0932,ID,id.mode,1
2.0932,ID,id.pitch.r,-0.69714886
2.0932,ID,id.pitch.u_ad,-0.047053915
2.0932,ID,id.pitch.u_nom,-0.24685852
2.0932,ID,id.pitch.x,-0.072933584
2.0932,ID,id.pitch.xm,-0.69714886
2.0932,ID,id.sample_counter,43404
2.0932,ID,id.sysid_state,4
2.0932,ID,id.vbat,0
2.0983,ID,id.arm,1
2.0983,ID,id.axis,0
2.0983,ID,id.dither,0
2.0983,ID,id.mode,1
2.0983,ID,id.pitch.r,-0.69824606
2.0983,ID,id.pitch.u_ad,-0.05668854
2.0983,ID,id.pitch.u_nom,-0.11074033
2.0983,ID,id.pitch.x,-0.14298084
2.0983,ID,id.pitch.xm,-0.69824606
2.0983,ID,id.sample_counter,43405
2.0983,ID,id.sysid_state,4
2.0983,ID,id.vbat,0
2.1034,ID,id.arm,1
2.1034,ID,id.axis,0
2.1034,ID,id.dither,0
2.1034,ID,id.mode,1
2.1034,ID,id.pitch.r,-0.69721401
2.1034,ID,id.pitch.u_ad,-0.066956349
2.1034,ID,id.pitch.u_nom,-0.22148696
2.1034,ID,id.pitch.x,-0.037149861
2.1034,ID,id.pitch.xm,-0.69721401
2.1034,ID,id.sample_counter,43406
2.1034,ID,id.sysid_state,4
2.1034,ID,id.vbat,0
2.1081,ID,id.arm,1
2.1081,ID,id.axis,0
2.1081,ID,id.dither,0
2.1081,ID,id.mode,1
2.1081,ID,id.pitch.r,-0.69727564
2.1081,ID,id.pitch.u_ad,-0.073417559
2.1081,ID,id.pitch.u_nom,-0.10051348
2.1081,ID,id.pitch.x,-0.13203366
2.1081,ID,id.pitch.xm,-0.69727564
2.1081,ID,id.sample_counter,43407
2.1081,ID,id.sysid_state,4
2.1081,ID,id.vbat,0
2.1133,ID,id.arm,1
2.1133,ID,id.axis,0
2.1133,ID,id.dither,0
2.1133,ID,id.mode,1
2.1133,ID,id.pitch.r,-0.69172019
2.1133,ID,id.pitch.u_ad,-0.080707997
2.1133,ID,id.pitch.u_nom,-0.20058416
2.1133,ID,id.pitch.x,-0.053461
2.1133,ID,id.pitch.xm,-0.69172019
2.1133,ID,id.sample_counter,43408
2.1133,ID,id.sysid_state,4
2.1133,ID,id.vbat,0
2.1183,ID,id.arm,1
2.1183,ID,id.axis,0
2.1183,ID,id.dither,0
2.1183,ID,id.mode,1
2.1183,ID,id.pitch.r,-0.69610113
2.1183,ID,id.pitch.u_ad,-0.084853537
2.1183,ID,id.pitch.u_nom,-0.086358368
2.1183,ID,id.pitch.x,-0.16466595
2.1183,ID,id.pitch.xm,-0.69610113
2.1183,ID,id.sample_counter,43409
2.1183,ID,id.sysid_state,4
2.1183,ID,id.vbat,0
2.1232,ID,id.arm,1
2.1232,ID,id.axis,0
2.1232,ID,id.dither,0
2.1232,ID,id.mode,1
2.1232,ID,id.pitch.r,-0.68783337
2.1232,ID,id.pitch.u_ad,-0.089941077
2.1232,ID,id.pitch.u_nom,-0.17591177
2.1232,ID,id.pitch.x,-0.1057
2.1232,ID,id.pitch.xm,-0.68783337
2.1232,ID,id.sample_counter,43410
2.1232,ID,id.sysid_state,4
2.1232,ID,id.vbat,0
2.1283,ID,id.arm,1
2.1283,ID,id.axis,0
2.1283,ID,id.dither,0
2.1283,ID,id.mode,1
2.1283,ID,id.pitch.r,-0.6924125
2.1283,ID,id.pitch.u_ad,-0.09284433
2.1283,ID,id.pitch.u_nom,-0.096311979
2.1283,ID,id.pitch.x,-0.18484414
2.1283,ID,id.pitch.xm,-0.6924125
2.1283,ID,id.sample_counter,43411
2.1283,ID,id.sysid_state,4
2.1283,ID,id.vbat,0
2.1336,ID,id.arm,1
2.1336,ID,id.axis,0
2.1336,ID,id.dither,0
2.1336,ID,id.mode,1
2.1336,ID,id.pitch.r,-0.68160075
2.1336,ID,id.pitch.u_ad,-0.095218144
2.1336,ID,id.pitch.u_nom,-0.10049539
2.1336,ID,id.pitch.x,-0.2180472
2.1336,ID,id.pitch.xm,-0.68160075
2.1336,ID,id.sample_counter,43412
2.1336,ID,id.sysid_state,4
2.1336,ID,id.vbat,0
2.1382,ID,id.arm,1
2.1382,ID,id.axis,0
2.1382,ID,id.dither,0
2.1382,ID,id.mode,1
2.1382,ID,id.pitch.r,-0.68515056
2.1382,ID,id.pitch.u_ad,-0.096909888
2.1382,ID,id.pitch.u_nom,-0.079719119
2.1382,ID,id.pitch.x,-0.27922416
2.1382,ID,id.pitch.xm,-0.68515056
2.1382,ID,id.sample_counter,43413
2.1382,ID,id.sysid_state,4
2.1382,ID,id.vbat,0
2.1433,ID,id.arm,1
2.1433,ID,id.axis,0
2.1433,ID,id.dither,0
2.1433,ID,id.mode,1
2.1433,ID,id.pitch.r,-0.66959304
2.1433,ID,id.pitch.u_ad,-0.096720487
2.1433,ID,id.pitch.u_nom,-0.0084000481
2.1433,ID,id.pitch.x,-0.39917549
2.1433,ID,id.pitch.xm,-0.66959304
2.1433,ID,id.sample_counter,43414
2.1433,ID,id.sysid_state,4
2.1433,ID,id.vbat,0
2.1484,ID,id.arm,1
2.1484,ID,id.axis,0
2.1484,ID,id.dither,0
2.1484,ID,id.mode,1
2.1484,ID,id.pitch.r,-0.66800618
2.1484,ID,id.pitch.u_ad,-0.0984006
2.1484,ID,id.pitch.u_nom,-0.10824502
2.1484,ID,id.pitch.x,-0.35200319
2.1484,ID,id.pitch.xm,-0.66800618
2.1484,ID,id.sample_counter,43415
2.1484,ID,id.sysid_state,4
2.1484,ID,id.vbat,0
2.1533,ID,id.arm,1
2.1533,ID,id.axis,0
2.1533,ID,id.dither,0
2.1533,ID,id.mode,1
2.1533,ID,id.pitch.r,-0.65375054
2.1533,ID,id.pitch.u_ad,-0.096250616
2.1533,ID,id.pitch.u_nom,0.069427162
2.1533,ID,id.pitch.x,-0.6231367
2.1533,ID,id.pitch.xm,-0.65375054
2.1533,ID,id.sample_counter,43416
2.1533,ID,id.sysid_state,4
2.1533,ID,id.vbat,0
2.1582,ID,id.arm,1
2.1582,ID,id.axis,0
2.1582,ID,id.dither,0
2.1582,ID,id.mode,1
2.1582,ID,id.pitch.r,-0.64486748
2.1582,ID,id.pitch.u_ad,-0.098107271
2.1582,ID,id.pitch.u_nom,-0.13725927
2.1582,ID,id.pitch.x,-0.44923484
2.1582,ID,id.pitch.xm,-0.64486748
2.1582,ID,id.sample_counter,43417
2.1582,ID,id.sysid_state,4
2.1582,ID,id.vbat,0
2.1631,ID,id.arm,1
2.1631,ID,id.axis,0
2.1631,ID,id.dither,0
2.1631,ID,id.mode,1
2.1631,ID,id.pitch.r,-0.63786709
2.1631,ID,id.pitch.u_ad,-0.095418155
2.1631,ID,id.pitch.u_nom,0.084336452
2.1631,ID,id.pitch.x,-0.66808343
2.1631,ID,id.pitch.xm,-0.63786709
2.1631,ID,id.sample_counter,43418
2.1631,ID,id.sysid_state,4
2.1631,ID,id.vbat,0
2.1683,ID,id.arm,1
2.1683,ID,id.axis,0
2.1683,ID,id.dither,0
2.1683,ID,id.mode,1
2.1683,ID,id.pitch.r,-0.62793958
2.1683,ID,id.pitch.u_ad,-0.095929436
2.1683,ID,id.pitch.u_nom,-0.076642513
2.1683,ID,id.pitch.x,-0.55536127
2.1683,ID,id.pitch.xm,-0.62793958
2.1683,ID,id.sample_counter,43419
2.1683,ID,id.sysid_state,4
2.1683,ID,id.vbat,0
2.1732,ID,id.arm,1
2.1732,ID,id.axis,0
2.1732,ID,id.dither,0
2.1732,ID,id.mode,1
2.1732,ID,id.pitch.r,-0.61817449
2.1732,ID,id.pitch.u_ad,-0.094191857
2.1732,ID,id.pitch.u_nom,0.028650574
2.1732,ID,id.pitch.x,-0.62040657
2.1732,ID,id.pitch.xm,-0.61817449
2.1732,ID,id.sample_counter,43420
2.1732,ID,id.sysid_state,4
2.1732,ID,id.vbat,0
2.1782,ID,id.arm,1
2.1782,ID,id.axis,0
2.1782,ID,id.dither,0
2.1782,ID,id.mode,1
2.1782,ID,id.pitch.r,-0.61411154
2.1782,ID,id.pitch.u_ad,-0.095197842
2.1782,ID,id.pitch.u_nom,-0.11001512
2.1782,ID,id.pitch.x,-0.47744361
2.1782,ID,id.pitch.xm,-0.61411154
2.1782,ID,id.sample_counter,43421
2.1782,ID,id.sysid_state,4
2.1782,ID,id.vbat,0
2.1835,ID,id.arm,1
2.1835,ID,id.axis,0
2.1835,ID,id.dither,0
2.1835,ID,id.mode,1
2.1835,ID,id.pitch.r,-0.60600817
2.1835,ID,id.pitch.u_ad,-0.0937953
2.1835,ID,id.pitch.u_nom,0.0011495085
2.1835,ID,id.pitch.x,-0.52807498
2.1835,ID,id.pitch.xm,-0.60600817
2.1835,ID,id.sample_counter,43422
2.1835,ID,id.sysid_state,4
2.1835,ID,id.vbat,0
2.1881,ID,id.arm,1
2.1881,ID,id.axis,0
2.1881,ID,id.dither,0
2.1881,ID,id.mode,1
2.1881,ID,id.pitch.r,-0.60394901
2.1881,ID,id.pitch.u_ad,-0.092704304
2.1881,ID,id.pitch.u_nom,-0.0055962554
2.1881,ID,id.pitch.x,-0.55598897
2.1881,ID,id.pitch.xm,-0.60394901
2.1881,ID,id.sample_counter,43423
2.1881,ID,id.sysid_state,4
2.1881,ID,id.vbat,0
2.1932,ID,id.arm,1
2.1932,ID,id.axis,0
2.1932,ID,id.dither,0
2.1932,ID,id.mode,1
2.1932,ID,id.pitch.r,-0.59071296
2.1932,ID,id.pitch.u_ad,-0.0925586
2.1932,ID,id.pitch.u_nom,-0.060569815
2.1932,ID,id.pitch.x,-0.48789632
2.1932,ID,id.pitch.xm,-0.59071296
2.1932,ID,id.sample_counter,43424
2.1932,ID,id.sysid_state,4
2.1932,ID,id.vbat,0
2.1984,ID,id.arm,1
2.1984,ID,id.axis,0
2.1984,ID,id.dither,0
2.1984,ID,id.mode,1
2.1984,ID,id.pitch.r,-0.59192407
2.1984,ID,id.pitch.u_ad,-0.092524961
2.1984,ID,id.pitch.u_nom,-0.063970976
2.1984,ID,id.pitch.x,-0.4479062
2.1984,ID,id.pitch.xm,-0.59192407
2.1984,ID,id.sample_counter,43425
2.1984,ID,id.sysid_state,4
2.1984,ID,id.vbat,0
2.2033,ID,id.arm,1
2.2033,ID,id.axis,0
2.2033,ID,id.dither,0
2.2033,ID,id.mode,1
2.2033,ID,id.pitch.r,-0.57798231
2.2033,ID,id.pitch.u_ad,-0.092869379
2.2033,ID,id.pitch.u_nom,-0.098604992
2.2033,ID,id.pitch.x,-0.35934764
2.2033,ID,id.pitch.xm,-0.57798231
2.2033,ID,id.sample_counter,43426
2.2033,ID,id.sysid_state,4
2.2033,ID,id.vbat,0
2.2082,ID,id.arm,1
2.2082,ID,id.axis,0
2.2082,ID,id.dither,0
2.2082,ID,id.mode,1
2.2082,ID,id.pitch.r,-0.57805336
2.2082,ID,id.pitch.u_ad,-0.091767602
2.2082,ID,id.pitch.u_nom,-0.026406046
2.2082,ID,id.pitch.x,-0.40796274
2.2082,ID,id.pitch.xm,-0.57805336
2.2082,ID,id.sample_counter,43427
2.2082,ID,id.sysid_state,4
2.2082,ID,id.vbat,0
2.2132,ID,id.arm,1
2.2132,ID,id.axis,0
2.2132,ID,id.dither,0
2.2132,ID,id.mode,1
2.2132,ID,id.pitch.r,-0.56593263
2.2132,ID,id.pitch.u_ad,-0.094120793
2.2132,ID,id.pitch.u_nom,-0.2155268
2.2132,ID,id.pitch.x,-0.069613285
2.2132,ID,id.pitch.xm,-0.56593263
2.2132,ID,id.sample_counter,43428
2.2132,ID,id.sysid_state,4
2.2132,ID,id.vbat,0
2.2183,ID,id.arm,1
2.2183,ID,id.axis,0
2.2183,ID,id.dither,0
2.2183,ID,id.mode,1
2.2183,ID,id.pitch.r,-0.57651538
2.2183,ID,id.pitch.u_ad,-0.096910104
2.2183,ID,id.pitch.u_nom,-0.25641027
2.2183,ID,id.pitch.x,0.41766679
2.2183,ID,id.pitch.xm,-0.57651538
2.2183,ID,id.sample_counter,43429
2.2183,ID,id.sysid_state,4
2.2183,ID,id.vbat,0
2.2233,ID,id.arm,1
2.2233,ID,id.axis,0
2.2233,ID,id.dither,0
2.2233,ID,id.mode,1
2.2233,ID,id.pitch.r,-0.59804314
2.2233,ID,id.pitch.u_ad,0
2.2233,ID,id.pitch.u_nom,-0.25641027
2.2233,ID,id.pitch.x,0.80118233
2.2233,ID,id.pitch.xm,-0.59804314
2.2233,ID,id.sample_counter,43430
2.2233,ID,id.sysid_state,4
2.2233,ID,id.vbat,0
2.2283,ID,id.arm,1
2.2283,ID,id.axis,0
2.2283,ID,id.dither,0
2.2283,ID,id.mode,1
2.2283,ID,id.pitch.r,-0.61782056
2.2283,ID,id.pitch.u_ad,0
2.2283,ID,id.pitch.u_nom,-0.25641027
2.2283,ID,id.pitch.x,1.1516806
2.2283,ID,id.pitch.xm,-0.61782056
2.2283,ID,id.sample_counter,43431
2.2283,ID,id.sysid_state,4
2.2283,ID,id.vbat,0
2.2316,A,mrac.pitch.e,0.20661747
2.2316,A,mrac.pitch.u_ad,-0.027108217
2.2316,A,mrac.roll.e,-0.2173617
2.2316,A,mrac.roll.u_ad,0.16147248
2.2316,A,mrac.yaw.e,0.21340318
2.2316,A,mrac.yaw.u_ad,-0.021338467
2.2316,A,mrac.z.e,0.10621598
2.2316,A,mrac.z.u_ad,-0.057903521
2.2316,A,status.arm,1
2.2316,A,status.flymode,1
2.2316,A,status.rc_authority,0
2.2316,A,status.sbus_lost,0
2.2316,A,status.twc_arrived,0
2.2316,A,status.twc_execute,0
2.2317,B,mrac.pitch.theta_0,3.8353875e-08
2.2317,B,mrac.pitch.theta_1,0.0026793308
2.2317,B,mrac.pitch.theta_2,0.00036447751
2.2317,B,mrac.pitch.theta_3,0.0021368773
2.2317,B,mrac.pitch.theta_4,0.12672588
2.2317,B,mrac.pitch.theta_5,0.14228033
2.2317,B,mrac.pitch.u_nom,-0.13606945
2.2317,B,mrac.pitch.xm,-0.13345523
2.2317,B,mrac.roll.theta_0,0.14801875
2.2317,B,mrac.roll.theta_1,0.0010706458
2.2317,B,mrac.roll.theta_2,0.0078351134
2.2317,B,mrac.roll.theta_3,0.0017508217
2.2317,B,mrac.roll.theta_4,0.1164327
2.2317,B,mrac.roll.theta_5,0.13305739
2.2317,B,mrac.roll.u_nom,0.13481887
2.2317,B,mrac.roll.xm,0.06991189
2.2317,B,mrac.yaw.theta_0,1.9618179e-44
2.2317,B,mrac.yaw.theta_1,0.0038231763
2.2317,B,mrac.yaw.theta_2,0.0011539053
2.2317,B,mrac.yaw.theta_3,0
2.2317,B,mrac.yaw.theta_4,0.11176347
2.2317,B,mrac.yaw.theta_5,0.088189892
2.2317,B,mrac.yaw.u_nom,-0.05672732
2.2317,B,mrac.yaw.xm,-0.17635128
2.2317,B,mrac.z.theta_0,0.010391511
2.2317,B,mrac.z.theta_1,0.0020866562
2.2317,B,mrac.z.theta_2,0.0010444676
2.2317,B,mrac.z.theta_3,0
2.2317,B,mrac.z.theta_4,0.19652115
2.2317,B,mrac.z.theta_5,0.19049689
2.2317,B,mrac.z.u_nom,-0.248189
2.2317,B,mrac.z.xm,-0.10660028
2.2317,B,path.active_path_mode,0
2.2317,B,path.circle_theta,0
2.2317,B,path.sinusoid_t_elapsed,0
2.2317,B,path.twc_arrived,0
2.2317,B,path.twc_target_x,0
2.2317,B,path.twc_target_y,0
2.2317,B,path.twc_target_z,0
2.2317,B,pid.gyrox.Des,4.0056543
2.2317,B,pid.gyrox.FB,-5.558001
2.2317,B,pid.gyrox.U,157.73808
2.2317,B,pid.gyroy.Des,-7.6464181
2.2317,B,pid.gyroy.FB,6.5247588
2.2317,B,pid.gyroy.U,-159.20125
2.2317,B,pid.gyroz.Des,-10.104179
2.2317,B,pid.gyroz.FB,2.9126422
2.2317,B,pid.gyroz.U,-106.19354
2.2317,B,pid.locx.Des,0
2.2317,B,pid.locx.FB,0.76229656
2.2317,B,pid.locx.U,-2.4688075
2.2317,B,pid.locxs.Des,-2.4688075
2.2317,B,pid.locxs.FB,-3.9176743
2.2317,B,pid.locxs.U,4.4412475
2.2317,B,pid.locy.Des,-47.210907
2.2317,B,pid.locy.FB,-23.9251
2.2317,B,pid.locy.U,-20.516798
2.2317,B,pid.locys.Des,-20.516798
2.2317,B,pid.locys.FB,-3.1067393
2.2317,B,pid.locys.U,-49.070194
2.2317,B,pid.pitch.Des,-2.8694906
2.2317,B,pid.pitch.FB,-0.36534271
2.2317,B,pid.pitch.U,-7.6464181
2.2317,B,pid.roll.Des,-0.18209788
2.2317,B,pid.roll.FB,-1.5195327
2.2317,B,pid.roll.U,4.0056543
2.2317,B,pid.yaw.Des,-2.8954291
2.2317,B,pid.yaw.FB,-1.5447326
2.2317,B,pid.yaw.U,-10.104179
2.2317,B,pid.z_pos.Des,1.0195838
2.2317,B,pid.z_pos.FB,1.0296168
2.2317,B,pid.z_pos.U,-0.10660028
2.2317,B,pid.z_rate.Des,-0.10660028
2.2317,B,pid.z_rate.FB,-0.0014803832
2.2317,B,pid.z_rate.U,-55.097958
2.2317,B,status.vbat,0
2.2338,ID,id.arm,1
2.2338,ID,id.axis,0
2.2338,ID,id.dither,0
2.2338,ID,id.mode,1
2.2338,ID,id.pitch.r,-0.66906184
2.2338,ID,id.pitch.u_ad,0
2.2338,ID,id.pitch.u_nom,-0.25641027
2.2338,ID,id.pitch.x,2.1625991
2.2338,ID,id.pitch.xm,-0.66906184
2.2338,ID,id.sample_counter,43432
2.2338,ID,id.sysid_state,4
2.2338,ID,id.vbat,0
2.2382,ID,id.arm,1
2.2382,ID,id.axis,0
2.2382,ID,id.dither,0
2.2382,ID,id.mode,1
2.2382,ID,id.pitch.r,-0.7208457
2.2382,ID,id.pitch.u_ad,0
2.2382,ID,id.pitch.u_nom,-0.25641027
2.2382,ID,id.pitch.x,2.1699595
2.2382,ID,id.pitch.xm,-0.7208457
2.2382,ID,id.sample_counter,43433
2.2382,ID,id.sysid_state,4
2.2382,ID,id.vbat,0
2.2431,ID,id.arm,1
2.2431,ID,id.axis,0
2.2431,ID,id.dither,0
2.2431,ID,id.mode,1
2.2431,ID,id.pitch.r,-0.78778362
2.2431,ID,id.pitch.u_ad,0
2.2431,ID,id.pitch.u_nom,-0.25641027
2.2431,ID,id.pitch.x,2.8860552
2.2431,ID,id.pitch.xm,-0.78778362
2.2431,ID,id.sample_counter,43434
2.2431,ID,id.sysid_state,4
2.2431,ID,id.vbat,0
2.2483,ID,id.arm,1
2.2483,ID,id.axis,0
2.2483,ID,id.dither,0
2.2483,ID,id.mode,1
2.2483,ID,id.pitch.r,-0.84605819
2.2483,ID,id.pitch.u_ad,0
2.2483,ID,id.pitch.u_nom,-0.1794713
2.2483,ID,id.pitch.x,2.4683242
2.2483,ID,id.pitch.xm,-0.84605819
2.2483,ID,id.sample_counter,43435
2.2483,ID,id.sysid_state,4
2.2483,ID,id.vbat,0
2.2533,ID,id.arm,1
2.2533,ID,id.axis,0
2.2533,ID,id.dither,0
2.2533,ID,id.mode,1
2.2533,ID,id.pitch.r,-0.89433247
2.2533,ID,id.pitch.u_ad,0
2.2533,ID,id.pitch.u_nom,-0.25641027
2.2533,ID,id.pitch.x,2.9288926
2.2533,ID,id.pitch.xm,-0.89433247
2.2533,ID,id.sample_counter,43436
2.2533,ID,id.sysid_state,4
2.2533,ID,id.vbat,0
2.2582,ID,id.arm,1
2.2582,ID,id.axis,0
2.2582,ID,id.dither,0
2.2582,ID,id.mode,1
2.2582,ID,id.pitch.r,-0.92055166
2.2582,ID,id.pitch.u_ad,0
2.2582,ID,id.pitch.u_nom,-0.1794713
2.2582,ID,id.pitch.x,2.549674
2.2582,ID,id.pitch.xm,-0.92055166
2.2582,ID,id.sample_counter,43437
2.2582,ID,id.sysid_state,4
2.2582,ID,id.vbat,0
2.2634,ID,id.arm,1
2.2634,ID,id.axis,0
2.2634,ID,id.dither,0
2.2634,ID,id.mode,1
2.2634,ID,id.pitch.r,-0.95868051
2.2634,ID,id.pitch.u_ad,0
2.2634,ID,id.pitch.u_nom,-0.25641027
2.2634,ID,id.pitch.x,2.7681389
2.2634,ID,id.pitch.xm,-0.95868051
2.2634,ID,id.sample_counter,43438
2.2634,ID,id.sysid_state,4
2.2634,ID,id.vbat,0
2.2683,ID,id.arm,1
2.2683,ID,id.axis,0
2.2683,ID,id.dither,0
2.2683,ID,id.mode,1
2.2683,ID,id.pitch.r,-0.99691099
2.2683,ID,id.pitch.u_ad,0
2.2683,ID,id.pitch.u_nom,-0.23312381
2.2683,ID,id.pitch.x,2.6649358
2.2683,ID,id.pitch.xm,-0.99691099
2.2683,ID,id.sample_counter,43439
2.2683,ID,id.sysid_state,4
2.2683,ID,id.vbat,0
2.2732,ID,id.arm,1
2.2732,ID,id.axis,0
2.2732,ID,id.dither,0
2.2732,ID,id.mode,1
2.2732,ID,id.pitch.r,-1.0423231
2.2732,ID,id.pitch.u_ad,0
2.2732,ID,id.pitch.u_nom,-0.25641027
2.2732,ID,id.pitch.x,3.6278431
2.2732,ID,id.pitch.xm,-1.0423231
2.2732,ID,id.sample_counter,43440
2.2732,ID,id.sysid_state,4
2.2732,ID,id.vbat,0
2.2782,ID,id.arm,1
2.2782,ID,id.axis,0
2.2782,ID,id.dither,0
2.2782,ID,id.mode,1
2.2782,ID,id.pitch.r,-1.1237584
2.2782,ID,id.pitch.u_ad,0
2.2782,ID,id.pitch.u_nom,-0.25347513
2.2782,ID,id.pitch.x,3.5229928
2.2782,ID,id.pitch.xm,-1.1237584
2.2782,ID,id.sample_counter,43441
2.2782,ID,id.sysid_state,4
2.2782,ID,id.vbat,0
2.2834,ID,id.arm,1
2.2834,ID,id.axis,0
2.2834,ID,id.dither,0
2.2834,ID,id.mode,1
2.2834,ID,id.pitch.r,-1.1885408
2.2834,ID,id.pitch.u_ad,0
2.2834,ID,id.pitch.u_nom,-0.25641027
2.2834,ID,id.pitch.x,3.7216687
2.2834,ID,id.pitch.xm,-1.1885408
2.2834,ID,id.sample_counter,43442
2.2834,ID,id.sysid_state,4
2.2834,ID,id.vbat,0
2.2882,ID,id.arm,1
2.2882,ID,id.axis,0
2.2882,ID,id.dither,0
2.2882,ID,id.mode,1
2.2882,ID,id.pitch.r,-1.2534776
2.2882,ID,id.pitch.u_ad,0
2.2882,ID,id.pitch.u_nom,-0.25641027
2.2882,ID,id.pitch.x,3.730479
2.2882,ID,id.pitch.xm,-1.2534776
2.2882,ID,id.sample_counter,43443
2.2882,ID,id.sysid_state,4
2.2882,ID,id.vbat,0
2.2931,ID,id.arm,1
2.2931,ID,id.axis,0
2.2931,ID,id.dither,0
2.2931,ID,id.mode,1
2.2931,ID,id.pitch.r,-1.3265134
2.2931,ID,id.pitch.u_ad,0
2.2931,ID,id.pitch.u_nom,-0.25641027
2.2931,ID,id.pitch.x,4.2307854
2.2931,ID,id.pitch.xm,-1.3265134
2.2931,ID,id.sample_counter,43444
2.2931,ID,id.sysid_state,4
2.2931,ID,id.vbat,0
2.2984,ID,id.arm,1
2.2984,ID,id.axis,0
2.2984,ID,id.dither,0
2.2984,ID,id.mode,1
2.2984,ID,id.pitch.r,-1.4010409
2.2984,ID,id.pitch.u_ad,0
2.2984,ID,id.pitch.u_nom,-0.25641027
2.2984,ID,id.pitch.x,4.3293934
2.2984,ID,id.pitch.xm,-1.4010409
2.2984,ID,id.sample_counter,43445
2.2984,ID,id.sysid_state,4
2.2984,ID,id.vbat,0
2.3033,ID,id.arm,1
2.3033,ID,id.axis,0
2.3033,ID,id.dither,0
2.3033,ID,id.mode,1
2.3033,ID,id.pitch.r,-1.4691137
2.3033,ID,id.pitch.u_ad,0
2.3033,ID,id.pitch.u_nom,-0.25641027
2.3033,ID,id.pitch.x,4.4159584
2.3033,ID,id.pitch.xm,-1.4691137
2.3033,ID,id.sample_counter,43446
2.3033,ID,id.sysid_state,4
2.3033,ID,id.vbat,0.019001348
2.3083,ID,id.arm,1
2.3083,ID,id.axis,0
2.3083,ID,id.dither,0
2.3083,ID,id.mode,1
2.3083,ID,id.pitch.r,-1.5360706
2.3083,ID,id.pitch.u_ad,0
2.3083,ID,id.pitch.u_nom,-0.20702241
2.3083,ID,id.pitch.x,4.2307291
2.3083,ID,id.pitch.xm,-1.5360706
2.3083,ID,id.sample_counter,43447
2.3083,ID,id.sysid_state,4
2.3083,ID,id.vbat,0.019001348
2.3134,ID,id.arm,1
2.3134,ID,id.axis,0
2.3134,ID,id.dither,0
2.3134,ID,id.mode,1
2.3134,ID,id.pitch.r,-1.6022459
2.3134,ID,id.pitch.u_ad,0
2.3134,ID,id.pitch.u_nom,-0.25641027
2.3134,ID,id.pitch.x,4.2800093
2.3134,ID,id.pitch.xm,-1.6022459
2.3134,ID,id.sample_counter,43448
2.3134,ID,id.sysid_state,4
2.3134,ID,id.vbat,0.019001348
2.3183,ID,id.arm,1
2.3183,ID,id.axis,0
2.3183,ID,id.dither,0
2.3183,ID,id.mode,1
2.3183,ID,id.pitch.r,-1.6639171
2.3183,ID,id.pitch.u_ad,0
2.3183,ID,id.pitch.u_nom,-0.1794713
2.3183,ID,id.pitch.x,3.9331977
2.3183,ID,id.pitch.xm,-1.6639171
2.3183,ID,id.sample_counter,43449
2.3183,ID,id.sysid_state,4
2.3183,ID,id.vbat,0.019001348
2.3232,ID,id.arm,1
2.3232,ID,id.axis,0
2.3232,ID,id.dither,0
2.3232,ID,id.mode,1
2.3232,ID,id.pitch.r,-1.7098272
2.3232,ID,id.pitch.u_ad,0
2.3232,ID,id.pitch.u_nom,-0.19926077
2.3232,ID,id.pitch.x,3.7531655
2.3232,ID,id.pitch.xm,-1.7098272
2.3232,ID,id.sample_counter,43450
2.3232,ID,id.sysid_state,4
2.3232,ID,id.vbat,0.019001348
2.3283,ID,id.arm,1
2.3283,ID,id.axis,0
2.3283,ID,id.dither,0
2.3283,ID,id.mode,1
2.3283,ID,id.pitch.r,-1.7532787
2.3283,ID,id.pitch.u_ad,0
2.3283,ID,id.pitch.u_nom,-0.22372857
2.3283,ID,id.pitch.x,3.625556
2.3283,ID,id.pitch.xm,-1.7532787
2.3283,ID,id.sample_counter,43451
2.3283,ID,id.sysid_state,4
2.3283,ID,id.vbat,0.019001348
2.3338,ID,id.arm,1
2.3338,ID,id.axis,0
2.3338,ID,id.dither,0
2.3338,ID,id.mode,1
2.3338,ID,id.pitch.r,-1.8140666
2.3338,ID,id.pitch.u_ad,0
2.3338,ID,id.pitch.u_nom,-0.25641027
2.3338,ID,id.pitch.x,3.8228021
2.3338,ID,id.pitch.xm,-1.8140666
2.3338,ID,id.sample_counter,43452
2.3338,ID,id.sysid_state,4
2.3338,ID,id.vbat,0.019001348
2.3382,ID,id.arm,1
2.3382,ID,id.axis,0
2.3382,ID,id.dither,0
2.3382,ID,id.mode,1
2.3382,ID,id.pitch.r,-1.8778474
2.3382,ID,id.pitch.u_ad,0
2.3382,ID,id.pitch.u_nom,-0.25641027
2.3382,ID,id.pitch.x,3.8077931
2.3382,ID,id.pitch.xm,-1.8778474
2.3382,ID,id.sample_counter,43453
2.3382,ID,id.sysid_state,4
2.3382,ID,id.vbat,0.019001348
2.3432,ID,id.arm,1
2.3432,ID,id.axis,0
2.3432,ID,id.dither,0
2.3432,ID,id.mode,1
2.3432,ID,id.pitch.r,-1.9299263
2.3432,ID,id.pitch.u_ad,0
2.3432,ID,id.pitch.u_nom,-0.25641027
2.3432,ID,id.pitch.x,3.8979959
2.3432,ID,id.pitch.xm,-1.9299263
2.3432,ID,id.sample_counter,43454
2.3432,ID,id.sysid_state,4
2.3432,ID,id.vbat,0.019001348
2.3483,ID,id.arm,1
2.3483,ID,id.axis,0
2.3483,ID,id.dither,0
2.3483,ID,id.mode,1
2.3483,ID,id.pitch.r,-1.983353
2.3483,ID,id.pitch.u_ad,0
2.3483,ID,id.pitch.u_nom,-0.19262671
2.3483,ID,id.pitch.x,3.6969004
2.3483,ID,id.pitch.xm,-1.983353
2.3483,ID,id.sample_counter,43455
2.3483,ID,id.sysid_state,4
2.3483,ID,id.vbat,0.019001348
2.3532,ID,id.arm,1
2.3532,ID,id.axis,0
2.3532,ID,id.dither,0
2.3532,ID,id.mode,1
2.3532,ID,id.pitch.r,-2.0307019
2.3532,ID,id.pitch.u_ad,0
2.3532,ID,id.pitch.u_nom,-0.25353903
2.3532,ID,id.pitch.x,3.6262674
2.3532,ID,id.pitch.xm,-2.0307019
2.3532,ID,id.sample_counter,43456
2.3532,ID,id.sysid_state,4
2.3532,ID,id.vbat,0.019001348
2.3582,ID,id.arm,1
2.3582,ID,id.axis,0
2.3582,ID,id.dither,0
2.3582,ID,id.mode,1
2.3582,ID,id.pitch.r,-2.0699666
2.3582,ID,id.pitch.u_ad,0
2.3582,ID,id.pitch.u_nom,-0.1794713
2.3582,ID,id.pitch.x,3.4037635
2.3582,ID,id.pitch.xm,-2.0699666
2.3582,ID,id.sample_counter,43457
2.3582,ID,id.sysid_state,4
2.3582,ID,id.vbat,0.019001348
2.3632,ID,id.arm,1
2.3632,ID,id.axis,0
2.3632,ID,id.dither,0
2.3632,ID,id.mode,1
2.3632,ID,id.pitch.r,-2.126657
2.3632,ID,id.pitch.u_ad,0
2.3632,ID,id.pitch.u_nom,-0.25641027
2.3632,ID,id.pitch.x,3.5314722
2.3632,ID,id.pitch.xm,-2.126657
2.3632,ID,id.sample_counter,43458
2.3632,ID,id.sysid_state,4
2.3632,ID,id.vbat,0.019001348
2.3683,ID,id.arm,1
2.3683,ID,id.axis,0
2.3683,ID,id.dither,0
2.3683,ID,id.mode,1
2.3683,ID,id.pitch.r,-2.1861141
2.3683,ID,id.pitch.u_ad,0
2.3683,ID,id.pitch.u_nom,-0.20354523
2.3683,ID,id.pitch.x,3.3466415
2.3683,ID,id.pitch.xm,-2.1861141
2.3683,ID,id.sample_counter,43459
2.3683,ID,id.sysid_state,4
2.3683,ID,id.vbat,0.019001348
2.3733,ID,id.arm,1
2.3733,ID,id.axis,0
2.3733,ID,id.dither,0
2.3733,ID,id.mode,1
2.3733,ID,id.pitch.r,-2.2411628
2.3733,ID,id.pitch.u_ad,0
2.3733,ID,id.pitch.u_nom,-0.25641027
2.3733,ID,id.pitch.x,3.5615938
2.3733,ID,id.pitch.xm,-2.2411628
2.3733,ID,id.sample_counter,43460
2.3733,ID,id.sysid_state,4
2.3733,ID,id.vbat,0.019001348
2.3783,ID,id.arm,1
2.3783,ID,id.axis,0
2.3783,ID,id.dither,0
2.3783,ID,id.mode,1
2.3783,ID,id.pitch.r,-2.2788818
2.3783,ID,id.pitch.u_ad,0
2.3783,ID,id.pitch.u_nom,-0.20952615
2.3783,ID,id.pitch.x,3.4107151
2.3783,ID,id.pitch.xm,-2.2788818
2.3783,ID,id.sample_counter,43461
2.3783,ID,id.sysid_state,4
2.3783,ID,id.vbat,0.019001348
2.3838,ID,id.arm,1
2.3838,ID,id.axis,0
2.3838,ID,id.dither,0
2.3838,ID,id.mode,1
2.3838,ID,id.pitch.r,-2.3248
2.3838,ID,id.pitch.u_ad,0
2.3838,ID,id.pitch.u_nom,-0.25641027
2.3838,ID,id.pitch.x,3.5620418
2.3838,ID,id.pitch.xm,-2.3248
2.3838,ID,id.sample_counter,43462
2.3838,ID,id.sysid_state,4
2.3838,ID,id.vbat,0.019001348
2.3884,ID,id.arm,1
2.3884,ID,id.axis,0
2.3884,ID,id.dither,0
2.3884,ID,id.mode,1
2.3884,ID,id.pitch.r,-2.3650506
2.3884,ID,id.pitch.u_ad,0
2.3884,ID,id.pitch.u_nom,-0.25641027
2.3884,ID,id.pitch.x,3.5255489
2.3884,ID,id.pitch.xm,-2.3650506
2.3884,ID,id.sample_counter,43463
2.3884,ID,id.sysid_state,4
2.3884,ID,id.vbat,0.019001348
2.3936,ID,id.arm,1
2.3936,ID,id.axis,0
2.3936,ID,id.dither,0
2.3936,ID,id.mode,1
2.3936,ID,id.pitch.r,-2.4204879
2.3936,ID,id.pitch.u_ad,0
2.3936,ID,id.pitch.u_nom,-0.25641027
2.3936,ID,id.pitch.x,3.4783561
2.3936,ID,id.pitch.xm,-2.4204879
2.3936,ID,id.sample_counter,43464
2.3936,ID,id.sysid_state,4
2.3936,ID,id.vbat,0.019001348
2.3987,ID,id.arm,1
2.3987,ID,id.axis,0
2.3987,ID,id.dither,0
2.3987,ID,id.mode,1
2.3987,ID,id.pitch.r,-2.4655924
2.3987,ID,id.pitch.u_ad,0
2.3987,ID,id.pitch.u_nom,-0.25641027
2.3987,ID,id.pitch.x,3.4322553
2.3987,ID,id.pitch.xm,-2.4655924
2.3987,ID,id.sample_counter,43465
2.3987,ID,id.sysid_state,4
2.3987,ID,id.vbat,0.019001348
2.4034,ID,id.arm,1
2.4034,ID,id.axis,0
2.4034,ID,id.dither,0
2.4034,ID,id.mode,1
2.4034,ID,id.pitch.r,-2.5204155
2.4034,ID,id.pitch.u_ad,0
2.4034,ID,id.pitch.u_nom,-0.25641027
2.4034,ID,id.pitch.x,3.4618077
2.4034,ID,id.pitch.xm,-2.5204155
2.4034,ID,id.sample_counter,43466
2.4034,ID,id.sysid_state,4
2.4034,ID,id.vbat,0.019001348
2.4083,ID,id.arm,1
2.4083,ID,id.axis,0
2.4083,ID,id.dither,0
2.4083,ID,id.mode,1
2.4083,ID,id.pitch.r,-2.5664103
2.4083,ID,id.pitch.u_ad,0
2.4083,ID,id.pitch.u_nom,-0.18140225
2.4083,ID,id.pitch.x,3.2452233
2.4083,ID,id.pitch.xm,-2.5664103
2.4083,ID,id.sample_counter,43467
2.4083,ID,id.sysid_state,4
2.4083,ID,id.vbat,0.019001348
2.4133,ID,id.arm,1
2.4133,ID,id.axis,0
2.4133,ID,id.dither,0
2.4133,ID,id.mode,1
2.4133,ID,id.pitch.r,-2.6011183
2.4133,ID,id.pitch.u_ad,0
2.4133,ID,id.pitch.u_nom,-0.24751663
2.4133,ID,id.pitch.x,3.1749332
2.4133,ID,id.pitch.xm,-2.6011183
2.4133,ID,id.sample_counter,43468
2.4133,ID,id.sysid_state,4
2.4133,ID,id.vbat,0.019001348
2.4184,ID,id.arm,1
2.4184,ID,id.axis,0
2.4184,ID,id.dither,0
2.4184,ID,id.mode,1
2.4184,ID,id.pitch.r,-2.6256182
2.4184,ID,id.pitch.u_ad,0
2.4184,ID,id.pitch.u_nom,-0.25641027
2.4184,ID,id.pitch.x,3.2366505
2.4184,ID,id.pitch.xm,-2.6256182
2.4184,ID,id.sample_counter,43469
2.4184,ID,id.sysid_state,4
2.4184,ID,id.vbat,0.019001348
2.4233,ID,id.arm,1
2.4233,ID,id.axis,0
2.4233,ID,id.dither,0
2.4233,ID,id.mode,1
2.4233,ID,id.pitch.r,-2.6805992
2.4233,ID,id.pitch.u_ad,0
2.4233,ID,id.pitch.u_nom,-0.25641027
2.4233,ID,id.pitch.x,3.3027751
2.4233,ID,id.pitch.xm,-2.6805992
2.4233,ID,id.sample_counter,43470
2.4233,ID,id.sysid_state,4
2.4233,ID,id.vbat,0.019001348
2.4283,ID,id.arm,1
2.4283,ID,id.axis,0
2.4283,ID,id.dither,0
2.4283,ID,id.mode,1
2.4283,ID,id.pitch.r,-2.7189062
2.4283,ID,id.pitch.u_ad,0
2.4283,ID,id.pitch.u_nom,-0.25641027
2.4283,ID,id.pitch.x,3.6115904
2.4283,ID,id.pitch.xm,-2.7189062
2.4283,ID,id.sample_counter,43471
2.4283,ID,id.sysid_state,4
2.4283,ID,id.vbat,0.019001348
2.4315,A,mrac.pitch.e,0.20661747
2.4315,A,mrac.pitch.u_ad,-0.027108217
2.4315,A,mrac.roll.e,-0.2173617
2.4315,A,mrac.roll.u_ad,0.16147248
2.4315,A,mrac.yaw.e,0.21340318
2.4315,A,mrac.yaw.u_ad,-0.021338467
2.4315,A,mrac.z.e,0.10621598
2.4315,A,mrac.z.u_ad,-0.057903521
2.4315,A,status.arm,1
2.4315,A,status.flymode,1
2.4315,A,status.rc_authority,0
2.4315,A,status.sbus_lost,0
2.4315,A,status.twc_arrived,0
2.4315,A,status.twc_execute,0
2.4315,B,mrac.pitch.theta_0,3.8353875e-08
2.4315,B,mrac.pitch.theta_1,0.0026793308
2.4315,B,mrac.pitch.theta_2,0.00036447751
2.4315,B,mrac.pitch.theta_3,0.0021368773
2.4315,B,mrac.pitch.theta_4,0.12672588
2.4315,B,mrac.pitch.theta_5,0.14228033
2.4315,B,mrac.pitch.u_nom,-0.13606945
2.4315,B,mrac.pitch.xm,-0.13345523
2.4315,B,mrac.roll.theta_0,0.14801875
2.4315,B,mrac.roll.theta_1,0.0010706458
2.4315,B,mrac.roll.theta_2,0.0078351134
2.4315,B,mrac.roll.theta_3,0.0017508217
2.4315,B,mrac.roll.theta_4,0.1164327
2.4315,B,mrac.roll.theta_5,0.13305739
2.4315,B,mrac.roll.u_nom,0.13481887
2.4315,B,mrac.roll.xm,0.06991189
2.4315,B,mrac.yaw.theta_0,1.9618179e-44
2.4315,B,mrac.yaw.theta_1,0.0038231763
2.4315,B,mrac.yaw.theta_2,0.0011539053
2.4315,B,mrac.yaw.theta_3,0
2.4315,B,mrac.yaw.theta_4,0.11176347
2.4315,B,mrac.yaw.theta_5,0.088189892
2.4315,B,mrac.yaw.u_nom,-0.05672732
2.4315,B,mrac.yaw.xm,-0.17635128
2.4315,B,mrac.z.theta_0,0.010391511
2.4315,B,mrac.z.theta_1,0.0020866562
2.4315,B,mrac.z.theta_2,0.0010444676
2.4315,B,mrac.z.theta_3,0
2.4315,B,mrac.z.theta_4,0.19652115
2.4315,B,mrac.z.theta_5,0.19049689
2.4315,B,mrac.z.u_nom,-0.248189
2.4315,B,mrac.z.xm,-0.10660028
2.4315,B,path.active_path_mode,0
2.4315,B,path.circle_theta,0
2.4315,B,path.sinusoid_t_elapsed,0
2.4315,B,path.twc_arrived,0
2.4315,B,path.twc_target_x,0
2.4315,B,path.twc_target_y,0
2.4315,B,path.twc_target_z,0
2.4315,B,pid.gyrox.Des,4.0056543
2.4315,B,pid.gyrox.FB,-5.558001
2.4315,B,pid.gyrox.U,157.73808
2.4315,B,pid.gyroy.Des,-7.6464181
2.4315,B,pid.gyroy.FB,6.5247588
2.4315,B,pid.gyroy.U,-159.20125
2.4315,B,pid.gyroz.Des,-10.104179
2.4315,B,pid.gyroz.FB,2.9126422
2.4315,B,pid.gyroz.U,-106.19354
2.4315,B,pid.locx.Des,0
2.4315,B,pid.locx.FB,0.76229656
2.4315,B,pid.locx.U,-2.4688075
2.4315,B,pid.locxs.Des,-2.4688075
2.4315,B,pid.locxs.FB,-3.9176743
2.4315,B,pid.locxs.U,4.4412475
2.4315,B,pid.locy.Des,-47.210907
2.4315,B,pid.locy.FB,-23.9251
2.4315,B,pid.locy.U,-20.516798
2.4315,B,pid.locys.Des,-20.516798
2.4315,B,pid.locys.FB,-3.1067393
2.4315,B,pid.locys.U,-49.070194
2.4315,B,pid.pitch.Des,-2.8694906
2.4315,B,pid.pitch.FB,-0.36534271
2.4315,B,pid.pitch.U,-7.6464181
2.4315,B,pid.roll.Des,-0.18209788
2.4315,B,pid.roll.FB,-1.5195327
2.4315,B,pid.roll.U,4.0056543
2.4315,B,pid.yaw.Des,-2.8954291
2.4315,B,pid.yaw.FB,-1.5447326
2.4315,B,pid.yaw.U,-10.104179
2.4315,B,pid.z_pos.Des,1.0195838
2.4315,B,pid.z_pos.FB,1.0296168
2.4315,B,pid.z_pos.U,-0.10660028
2.4315,B,pid.z_rate.Des,-0.10660028
2.4315,B,pid.z_rate.FB,-0.0014803832
2.4315,B,pid.z_rate.U,-55.097958
2.4315,B,status.vbat,0
2.4337,ID,id.arm,1
2.4337,ID,id.axis,0
2.4337,ID,id.dither,0
2.4337,ID,id.mode,1
2.4337,ID,id.pitch.r,-2.7745678
2.4337,ID,id.pitch.u_ad,0
2.4337,ID,id.pitch.u_nom,-0.1794713
2.4337,ID,id.pitch.x,3.3695161
2.4337,ID,id.pitch.xm,-2.7745678
2.4337,ID,id.sample_counter,43472
2.4337,ID,id.sysid_state,4
2.4337,ID,id.vbat,0.019001348
2.4383,ID,id.arm,1
2.4383,ID,id.axis,0
2.4383,ID,id.dither,0
2.4383,ID,id.mode,1
2.4383,ID,id.pitch.r,-2.8123307
2.4383,ID,id.pitch.u_ad,0
2.4383,ID,id.pitch.u_nom,-0.25641027
2.4383,ID,id.pitch.x,3.8772409
2.4383,ID,id.pitch.xm,-2.8123307
2.4383,ID,id.sample_counter,43473
2.4383,ID,id.sysid_state,4
2.4383,ID,id.vbat,0.019001348
2.4434,ID,id.arm,1
2.4434,ID,id.axis,0
2.4434,ID,id.dither,0
2.4434,ID,id.mode,1
2.4434,ID,id.pitch.r,-2.9027381
2.4434,ID,id.pitch.u_ad,0
2.4434,ID,id.pitch.u_nom,-0.1794713
2.4434,ID,id.pitch.x,3.262013
2.4434,ID,id.pitch.xm,-2.9027381
2.4434,ID,id.sample_counter,43474
2.4434,ID,id.sysid_state,4
2.4434,ID,id.vbat,0.019001348
2.4483,ID,id.arm,1
2.4483,ID,id.axis,0
2.4483,ID,id.dither,0
2.4483,ID,id.mode,1
2.4483,ID,id.pitch.r,-2.9500141
2.4483,ID,id.pitch.u_ad,0
2.4483,ID,id.pitch.u_nom,-0.25641027
2.4483,ID,id.pitch.x,3.8009472
2.4483,ID,id.pitch.xm,-2.9500141
2.4483,ID,id.sample_counter,43475
2.4483,ID,id.sysid_state,4
2.4483,ID,id.vbat,0.019001348
2.4533,ID,id.arm,1
2.4533,ID,id.axis,0
2.4533,ID,id.dither,0
2.4533,ID,id.mode,1
2.4533,ID,id.pitch.r,-3.0200658
2.4533,ID,id.pitch.u_ad,0
2.4533,ID,id.pitch.u_nom,-0.1794713
2.4533,ID,id.pitch.x,3.3802671
2.4533,ID,id.pitch.xm,-3.0200658
2.4533,ID,id.sample_counter,43476
2.4533,ID,id.sysid_state,4
2.4533,ID,id.vbat,0.019001348
2.4582,ID,id.arm,1
2.4582,ID,id.axis,0
2.4582,ID,id.dither,0
2.4582,ID,id.mode,1
2.4582,ID,id.pitch.r,-3.0386262
2.4582,ID,id.pitch.u_ad,0
2.4582,ID,id.pitch.u_nom,-0.24988551
2.4582,ID,id.pitch.x,3.3309622
2.4582,ID,id.pitch.xm,-3.0386262
2.4582,ID,id.sample_counter,43477
2.4582,ID,id.sysid_state,4
2.4582,ID,id.vbat,0.019001348
2.4633,ID,id.arm,1
2.4633,ID,id.axis,0
2.4633,ID,id.dither,0
2.4633,ID,id.mode,1
2.4633,ID,id.pitch.r,-3.0552714
2.4633,ID,id.pitch.u_ad,0
2.4633,ID,id.pitch.u_nom,-0.1794713
2.4633,ID,id.pitch.x,2.7071624
2.4633,ID,id.pitch.xm,-3.0552714
2.4633,ID,id.sample_counter,43478
2.4633,ID,id.sysid_state,4
2.4633,ID,id.vbat,0.019001348
2.4683,ID,id.arm,1
2.4683,ID,id.axis,0
2.4683,ID,id.dither,0
2.4683,ID,id.mode,1
2.4683,ID,id.pitch.r,-3.0668175
2.4683,ID,id.pitch.u_ad,0
2.4683,ID,id.pitch.u_nom,-0.25641027
2.4683,ID,id.pitch.x,3.0087368
2.4683,ID,id.pitch.xm,-3.0668175
2.4683,ID,id.sample_counter,43479
2.4683,ID,id.sysid_state,4
2.4683,ID,id.vbat,0.019001348
2.4734,ID,id.arm,1
2.4734,ID,id.axis,0
2.4734,ID,id.dither,0
2.4734,ID,id.mode,1
2.4734,ID,id.pitch.r,-3.1201119
2.4734,ID,id.pitch.u_ad,0
2.4734,ID,id.pitch.u_nom,-0.25641027
2.4734,ID,id.pitch.x,3.5877173
2.4734,ID,id.pitch.xm,-3.1201119
2.4734,ID,id.sample_counter,43480
2.4734,ID,id.sysid_state,4
2.4734,ID,id.vbat,0.019001348
2.4783,ID,id.arm,1
2.4783,ID,id.axis,0
2.4783,ID,id.dither,0
2.4783,ID,id.mode,1
2.4783,ID,id.pitch.r,-3.21048
2.4783,ID,id.pitch.u_ad,0
2.4783,ID,id.pitch.u_nom,-0.25641027
2.4783,ID,id.pitch.x,4.0750599
2.4783,ID,id.pitch.xm,-3.21048
2.4783,ID,id.sample_counter,43481
2.4783,ID,id.sysid_state,4
2.4783,ID,id.vbat,0.019001348
2.4850,ID,id.arm,1
2.4850,ID,id.axis,0
2.4850,ID,id.dither,0
2.4850,ID,id.mode,1
2.4850,ID,id.pitch.r,-3.2714777
2.4850,ID,id.pitch.u_ad,0
2.4850,ID,id.pitch.u_nom,-0.24893634
2.4850,ID,id.pitch.x,3.981379
2.4850,ID,id.pitch.xm,-3.2714777
2.4850,ID,id.sample_counter,43482
2.4850,ID,id.sysid_state,4
2.4850,ID,id.vbat,0.019001348
2.4883,ID,id.arm,1
2.4883,ID,id.axis,0
2.4883,ID,id.dither,0
2.4883,ID,id.mode,1
2.4883,ID,id.pitch.r,-3.3347399
2.4883,ID,id.pitch.u_ad,0
2.4883,ID,id.pitch.u_nom,-0.2261512
2.4883,ID,id.pitch.x,3.8389063
2.4883,ID,id.pitch.xm,-3.3347399
2.4883,ID,id.sample_counter,43483
2.4883,ID,id.sysid_state,4
2.4883,ID,id.vbat,0.019001348
2.4933,ID,id.arm,1
2.4933,ID,id.axis,0
2.4933,ID,id.dither,0
2.4933,ID,id.mode,1
2.4933,ID,id.pitch.r,-3.378895
2.4933,ID,id.pitch.u_ad,0
2.4933,ID,id.pitch.u_nom,-0.25641027
2.4933,ID,id.pitch.x,3.9992468
2.4933,ID,id.pitch.xm,-3.378895
2.4933,ID,id.sample_counter,43484
2.4933,ID,id.sysid_state,4
2.4933,ID,id.vbat,0.019001348
2.4988,ID,id.arm,1
2.4988,ID,id.axis,0
2.4988,ID,id.dither,0
2.4988,ID,id.mode,1
2.4988,ID,id.pitch.r,-3.4561868
2.4988,ID,id.pitch.u_ad,0
2.4988,ID,id.pitch.u_nom,-0.25641027
2.4988,ID,id.pitch.x,4.1670284
2.4988,ID,id.pitch.xm,-3.4561868
2.4988,ID,id.sample_counter,43485
2.4988,ID,id.sysid_state,4
2.4988,ID,id.vbat,0.019001348
2.5033,ID,id.arm,1
2.5033,ID,id.axis,0
2.5033,ID,id.dither,0
2.5033,ID,id.mode,1
2.5033,ID,id.pitch.r,-3.49066
2.5033,ID,id.pitch.u_ad,0
2.5033,ID,id.pitch.u_nom,-0.24444374
2.5033,ID,id.pitch.x,4.0906982
2.5033,ID,id.pitch.xm,-3.49066
2.5033,ID,id.sample_counter,43486
2.5033,ID,id.sysid_state,4
2.5033,ID,id.vbat,0.019001348
2.5085,ID,id.arm,1
2.5085,ID,id.axis,0
2.5085,ID,id.dither,0
2.5085,ID,id.mode,1
2.5085,ID,id.pitch.r,-3.49066
2.5085,ID,id.pitch.u_ad,0
2.5085,ID,id.pitch.u_nom,-0.25641027
2.5085,ID,id.pitch.x,4.3126769
2.5085,ID,id.pitch.xm,-3.49066
2.5085,ID,id.sample_counter,43487
2.5085,ID,id.sysid_state,4
2.5085,ID,id.vbat,0.019001348
2.5137,ID,id.arm,1
2.5137,ID,id.axis,0
2.5137,ID,id.dither,0
2.5137,ID,id.mode,1
2.5137,ID,id.pitch.r,-3.49066
2.5137,ID,id.pitch.u_ad,0
2.5137,ID,id.pitch.u_nom,-0.25641027
2.5137,ID,id.pitch.x,4.3583021
2.5137,ID,id.pitch.xm,-3.49066
2.5137,ID,id.sample_counter,43488
2.5137,ID,id.sysid_state,4
2.5137,ID,id.vbat,0.019001348
2.5183,ID,id.arm,1
2.5183,ID,id.axis,0
2.5183,ID,id.dither,0
2.5183,ID,id.mode,1
2.5183,ID,id.pitch.r,-3.49066
2.5183,ID,id.pitch.u_ad,0
2.5183,ID,id.pitch.u_nom,-0.25641027
2.5183,ID,id.pitch.x,4.6550636
2.5183,ID,id.pitch.xm,-3.49066
2.5183,ID,id.sample_counter,43489
2.5183,ID,id.sysid_state,4
2.5183,ID,id.vbat,0.019001348
2.5233,ID,id.arm,1
2.5233,ID,id.axis,0
2.5233,ID,id.dither,0
2.5233,ID,id.mode,1
2.5233,ID,id.pitch.r,-3.49066
2.5233,ID,id.pitch.u_ad,0
2.5233,ID,id.pitch.u_nom,-0.1794713
2.5233,ID,id.pitch.x,4.4738984
2.5233,ID,id.pitch.xm,-3.49066
2.5233,ID,id.sample_counter,43490
2.5233,ID,id.sysid_state,4
2.5233,ID,id.vbat,0.019001348
2.5296,ID,id.arm,1
2.5296,ID,id.axis,0
2.5296,ID,id.dither,0
2.5296,ID,id.mode,1
2.5296,ID,id.pitch.r,-3.49066
2.5296,ID,id.pitch.u_ad,0
2.5296,ID,id.pitch.u_nom,-0.25641027
2.5296,ID,id.pitch.x,4.6703997
2.5296,ID,id.pitch.xm,-3.49066
2.5296,ID,id.sample_counter,43491
2.5296,ID,id.sysid_state,4
2.5296,ID,id.vbat,0.019001348
2.5339,ID,id.arm,1
2.5339,ID,id.axis,0
2.5339,ID,id.dither,0
2.5339,ID,id.mode,1
2.5339,ID,id.pitch.r,-3.49066
2.5339,ID,id.pitch.u_ad,0
2.5339,ID,id.pitch.u_nom,-0.1794713
2.5339,ID,id.pitch.x,4.3168216
2.5339,ID,id.pitch.xm,-3.49066
2.5339,ID,id.sample_counter,43492
2.5339,ID,id.sysid_state,4
2.5339,ID,id.vbat,0.019001348
2.5384,ID,id.arm,1
2.5384,ID,id.axis,0
2.5384,ID,id.dither,0
2.5384,ID,id.mode,1
2.5384,ID,id.pitch.r,-3.49066
2.5384,ID,id.pitch.u_ad,0
2.5384,ID,id.pitch.u_nom,-0.25641027
2.5384,ID,id.pitch.x,4.4021111
2.5384,ID,id.pitch.xm,-3.49066
2.5384,ID,id.sample_counter,43493
2.5384,ID,id.sysid_state,4
2.5384,ID,id.vbat,0.019001348
2.5433,ID,id.arm,1
2.5433,ID,id.axis,0
2.5433,ID,id.dither,0
2.5433,ID,id.mode,1
2.5433,ID,id.pitch.r,-3.49066
2.5433,ID,id.pitch.u_ad,0
2.5433,ID,id.pitch.u_nom,-0.1794713
2.5433,ID,id.pitch.x,4.1246219
2.5433,ID,id.pitch.xm,-3.49066
2.5433,ID,id.sample_counter,43494
2.5433,ID,id.sysid_state,4
2.5433,ID,id.vbat,0.019001348
2.5483,ID,id.arm,1
2.5483,ID,id.axis,0
2.5483,ID,id.dither,0
2.5483,ID,id.mode,1
2.5483,ID,id.pitch.r,-3.49066
2.5483,ID,id.pitch.u_ad,0
2.5483,ID,id.pitch.u_nom,-0.25641027
2.5483,ID,id.pitch.x,4.574966
2.5483,ID,id.pitch.xm,-3.49066
2.5483,ID,id.sample_counter,43495
2.5483,ID,id.sysid_state,4
2.5483,ID,id.vbat,0.019001348
2.5535,ID,id.arm,1
2.5535,ID,id.axis,0
2.5535,ID,id.dither,0
2.5535,ID,id.mode,1
2.5535,ID,id.pitch.r,-3.49066
2.5535,ID,id.pitch.u_ad,0
2.5535,ID,id.pitch.u_nom,-0.22898985
2.5535,ID,id.pitch.x,4.5015516
2.5535,ID,id.pitch.xm,-3.49066
2.5535,ID,id.sample_counter,43496
2.5535,ID,id.sysid_state,4
2.5535,ID,id.vbat,0.019001348
2.5582,ID,id.arm,1
2.5582,ID,id.axis,0
2.5582,ID,id.dither,0
2.5582,ID,id.mode,1
2.5582,ID,id.pitch.r,-3.49066
2.5582,ID,id.pitch.u_ad,0
2.5582,ID,id.pitch.u_nom,-0.25641027
2.5582,ID,id.pitch.x,4.5398855
2.5582,ID,id.pitch.xm,-3.49066
2.5582,ID,id.sample_counter,43497
2.5582,ID,id.sysid_state,4
2.5582,ID,id.vbat,0.019001348
2.5632,ID,id.arm,1
2.5632,ID,id.axis,0
2.5632,ID,id.dither,0
2.5632,ID,id.mode,1
2.5632,ID,id.pitch.r,-3.49066
2.5632,ID,id.pitch.u_ad,0
2.5632,ID,id.pitch.u_nom,-0.20157984
2.5632,ID,id.pitch.x,4.4104991
2.5632,ID,id.pitch.xm,-3.49066
2.5632,ID,id.sample_counter,43498
2.5632,ID,id.sysid_state,4
2.5632,ID,id.vbat,0.019001348
2.5683,ID,id.arm,1
2.5683,ID,id.axis,0
2.5683,ID,id.dither,0
2.5683,ID,id.mode,1
2.5683,ID,id.pitch.r,-3.49066
2.5683,ID,id.pitch.u_ad,0
2.5683,ID,id.pitch.u_nom,-0.18223822
2.5683,ID,id.pitch.x,4.2416167
2.5683,ID,id.pitch.xm,-3.49066
2.5683,ID,id.sample_counter,43499
2.5683,ID,id.sysid_state,4
2.5683,ID,id.vbat,0.019001348
2.5734,ID,id.arm,1
2.5734,ID,id.axis,0
2.5734,ID,id.dither,0
2.5734,ID,id.mode,1
2.5734,ID,id.pitch.r,-3.49066
2.5734,ID,id.pitch.u_ad,0
2.5734,ID,id.pitch.u_nom,-0.25641027
2.5734,ID,id.pitch.x,4.51087
2.5734,ID,id.pitch.xm,-3.49066
2.5734,ID,id.sample_counter,43500
2.5734,ID,id.sysid_state,4
2.5734,ID,id.vbat,0.019001348
2.5781,ID,id.arm,1
2.5781,ID,id.axis,0
2.5781,ID,id.dither,0
2.5781,ID,id.mode,1
2.5781,ID,id.pitch.r,-3.49066
2.5781,ID,id.pitch.u_ad,0
2.5781,ID,id.pitch.u_nom,-0.1794713
2.5781,ID,id.pitch.x,4.3307295
2.5781,ID,id.pitch.xm,-3.49066
2.5781,ID,id.sample_counter,43501
2.5781,ID,id.sysid_state,4
2.5781,ID,id.vbat,0.019001348
2.5836,ID,id.arm,1
2.5836,ID,id.axis,0
2.5836,ID,id.dither,0
2.5836,ID,id.mode,1
2.5836,ID,id.pitch.r,-3.49066
2.5836,ID,id.pitch.u_ad,0
2.5836,ID,id.pitch.u_nom,-0.1794713
2.5836,ID,id.pitch.x,3.7017062
2.5836,ID,id.pitch.xm,-3.49066
2.5836,ID,id.sample_counter,43502
2.5836,ID,id.sysid_state,4
2.5836,ID,id.vbat,0.019001348
2.5883,ID,id.arm,1
2.5883,ID,id.axis,0
2.5883,ID,id.dither,0
2.5883,ID,id.mode,1
2.5883,ID,id.pitch.r,-3.49066
2.5883,ID,id.pitch.u_ad,0
2.5883,ID,id.pitch.u_nom,-0.25641027
2.5883,ID,id.pitch.x,4.7300735
2.5883,ID,id.pitch.xm,-3.49066
2.5883,ID,id.sample_counter,43503
2.5883,ID,id.sysid_state,4
2.5883,ID,id.vbat,0.019001348
2.5932,ID,id.arm,1
2.5932,ID,id.axis,0
2.5932,ID,id.dither,0
2.5932,ID,id.mode,1
2.5932,ID,id.pitch.r,-3.49066
2.5932,ID,id.pitch.u_ad,0
2.5932,ID,id.pitch.u_nom,-0.1794713
2.5932,ID,id.pitch.x,3.5707088
2.5932,ID,id.pitch.xm,-3.49066
2.5932,ID,id.sample_counter,43504
2.5932,ID,id.sysid_state,4
2.5932,ID,id.vbat,0.019001348
2.5997,ID,id.arm,1
2.5997,ID,id.axis,0
2.5997,ID,id.dither,0
2.5997,ID,id.mode,1
2.5997,ID,id.pitch.r,-3.49066
2.5997,ID,id.pitch.u_ad,0
2.5997,ID,id.pitch.u_nom,-0.1794713
2.5997,ID,id.pitch.x,2.8756857
2.5997,ID,id.pitch.xm,-3.49066
2.5997,ID,id.sample_counter,43505
2.5997,ID,id.sysid_state,4
2.5997,ID,id.vbat,0.019001348
2.6032,ID,id.arm,1
2.6032,ID,id.axis,0
2.6032,ID,id.dither,0
2.6032,ID,id.mode,1
2.6032,ID,id.pitch.r,-3.49066
2.6032,ID,id.pitch.u_ad,0
2.6032,ID,id.pitch.u_nom,-0.1794713
2.6032,ID,id.pitch.x,1.9786906
2.6032,ID,id.pitch.xm,-3.49066
2.6032,ID,id.sample_counter,43506
2.6032,ID,id.sysid_state,4
2.6032,ID,id.vbat,0.019001348
2.6083,ID,id.arm,1
2.6083,ID,id.axis,0
2.6083,ID,id.dither,0
2.6083,ID,id.mode,1
2.6083,ID,id.pitch.r,-3.49066
2.6083,ID,id.pitch.u_ad,0
2.6083,ID,id.pitch.u_nom,-0.25641027
2.6083,ID,id.pitch.x,3.3530486
2.6083,ID,id.pitch.xm,-3.49066
2.6083,ID,id.sample_counter,43507
2.6083,ID,id.sysid_state,4
2.6083,ID,id.vbat,0.019001348
2.6134,ID,id.arm,1
2.6134,ID,id.axis,0
2.6134,ID,id.dither,0
2.6134,ID,id.mode,1
2.6134,ID,id.pitch.r,-3.49066
2.6134,ID,id.pitch.u_ad,0
2.6134,ID,id.pitch.u_nom,-0.25641027
2.6134,ID,id.pitch.x,3.632252
2.6134,ID,id.pitch.xm,-3.49066
2.6134,ID,id.sample_counter,43508
2.6134,ID,id.sysid_state,4
2.6134,ID,id.vbat,0.019001348
2.6183,ID,id.arm,1
2.6183,ID,id.axis,0
2.6183,ID,id.dither,0
2.6183,ID,id.mode,1
2.6183,ID,id.pitch.r,-3.49066
2.6183,ID,id.pitch.u_ad,0
2.6183,ID,id.pitch.u_nom,-0.25641027
2.6183,ID,id.pitch.x,4.0260329
2.6183,ID,id.pitch.xm,-3.49066
2.6183,ID,id.sample_counter,43509
2.6183,ID,id.sysid_state,4
2.6183,ID,id.vbat,0.019001348
2.6230,ID,id.arm,1
2.6230,ID,id.axis,0
2.6230,ID,id.dither,0
2.6230,ID,id.mode,1
2.6230,ID,id.pitch.r,-3.49066
2.6230,ID,id.pitch.u_ad,0
2.6230,ID,id.pitch.u_nom,-0.1794713
2.6230,ID,id.pitch.x,3.3479717
2.6230,ID,id.pitch.xm,-3.49066
2.6230,ID,id.sample_counter,43510
2.6230,ID,id.sysid_state,4
2.6230,ID,id.vbat,0.019001348
2.6293,ID,id.arm,1
2.6293,ID,id.axis,0
2.6293,ID,id.dither,0
2.6293,ID,id.mode,1
2.6293,ID,id.pitch.r,-3.49066
2.6293,ID,id.pitch.u_ad,0
2.6293,ID,id.pitch.u_nom,-0.25127316
2.6293,ID,id.pitch.x,3.3200612
2.6293,ID,id.pitch.xm,-3.49066
2.6293,ID,id.sample_counter,43511
2.6293,ID,id.sysid_state,4
2.6293,ID,id.vbat,0.019001348
2.6318,A,mrac.pitch.e,0.20661747
2.6318,A,mrac.pitch.u_ad,-0.027108217
2.6318,A,mrac.roll.e,-0.2173617
2.6318,A,mrac.roll.u_ad,0.16147248
2.6318,A,mrac.yaw.e,0.21340318
2.6318,A,mrac.yaw.u_ad,-0.021338467
2.6318,A,mrac.z.e,0.10621598
2.6318,A,mrac.z.u_ad,-0.057903521
2.6318,A,status.arm,1
2.6318,A,status.flymode,1
2.6318,A,status.rc_authority,0
2.6318,A,status.sbus_lost,0
2.6318,A,status.twc_arrived,0
2.6318,A,status.twc_execute,0
2.6319,B,mrac.pitch.theta_0,3.8353875e-08
2.6319,B,mrac.pitch.theta_1,0.0026793308
2.6319,B,mrac.pitch.theta_2,0.00036447751
2.6319,B,mrac.pitch.theta_3,0.0021368773
2.6319,B,mrac.pitch.theta_4,0.12672588
2.6319,B,mrac.pitch.theta_5,0.14228033
2.6319,B,mrac.pitch.u_nom,-0.13606945
2.6319,B,mrac.pitch.xm,-0.13345523
2.6319,B,mrac.roll.theta_0,0.14801875
2.6319,B,mrac.roll.theta_1,0.0010706458
2.6319,B,mrac.roll.theta_2,0.0078351134
2.6319,B,mrac.roll.theta_3,0.0017508217
2.6319,B,mrac.roll.theta_4,0.1164327
2.6319,B,mrac.roll.theta_5,0.13305739
2.6319,B,mrac.roll.u_nom,0.13481887
2.6319,B,mrac.roll.xm,0.06991189
2.6319,B,mrac.yaw.theta_0,1.9618179e-44
2.6319,B,mrac.yaw.theta_1,0.0038231763
2.6319,B,mrac.yaw.theta_2,0.0011539053
2.6319,B,mrac.yaw.theta_3,0
2.6319,B,mrac.yaw.theta_4,0.11176347
2.6319,B,mrac.yaw.theta_5,0.088189892
2.6319,B,mrac.yaw.u_nom,-0.05672732
2.6319,B,mrac.yaw.xm,-0.17635128
2.6319,B,mrac.z.theta_0,0.010391511
2.6319,B,mrac.z.theta_1,0.0020866562
2.6319,B,mrac.z.theta_2,0.0010444676
2.6319,B,mrac.z.theta_3,0
2.6319,B,mrac.z.theta_4,0.19652115
2.6319,B,mrac.z.theta_5,0.19049689
2.6319,B,mrac.z.u_nom,-0.248189
2.6319,B,mrac.z.xm,-0.10660028
2.6319,B,path.active_path_mode,0
2.6319,B,path.circle_theta,0
2.6319,B,path.sinusoid_t_elapsed,0
2.6319,B,path.twc_arrived,0
2.6319,B,path.twc_target_x,0
2.6319,B,path.twc_target_y,0
2.6319,B,path.twc_target_z,0
2.6319,B,pid.gyrox.Des,4.0056543
2.6319,B,pid.gyrox.FB,-5.558001
2.6319,B,pid.gyrox.U,157.73808
2.6319,B,pid.gyroy.Des,-7.6464181
2.6319,B,pid.gyroy.FB,6.5247588
2.6319,B,pid.gyroy.U,-159.20125
2.6319,B,pid.gyroz.Des,-10.104179
2.6319,B,pid.gyroz.FB,2.9126422
2.6319,B,pid.gyroz.U,-106.19354
2.6319,B,pid.locx.Des,0
2.6319,B,pid.locx.FB,0.76229656
2.6319,B,pid.locx.U,-2.4688075
2.6319,B,pid.locxs.Des,-2.4688075
2.6319,B,pid.locxs.FB,-3.9176743
2.6319,B,pid.locxs.U,4.4412475
2.6319,B,pid.locy.Des,-47.210907
2.6319,B,pid.locy.FB,-23.9251
2.6319,B,pid.locy.U,-20.516798
2.6319,B,pid.locys.Des,-20.516798
2.6319,B,pid.locys.FB,-3.1067393
2.6319,B,pid.locys.U,-49.070194
2.6319,B,pid.pitch.Des,-2.8694906
2.6319,B,pid.pitch.FB,-0.36534271
2.6319,B,pid.pitch.U,-7.6464181
2.6319,B,pid.roll.Des,-0.18209788
2.6319,B,pid.roll.FB,-1.5195327
2.6319,B,pid.roll.U,4.0056543
2.6319,B,pid.yaw.Des,-2.8954291
2.6319,B,pid.yaw.FB,-1.5447326
2.6319,B,pid.yaw.U,-10.104179
2.6319,B,pid.z_pos.Des,1.0195838
2.6319,B,pid.z_pos.FB,1.0296168
2.6319,B,pid.z_pos.U,-0.10660028
2.6319,B,pid.z_rate.Des,-0.10660028
2.6319,B,pid.z_rate.FB,-0.0014803832
2.6319,B,pid.z_rate.U,-55.097958
2.6319,B,status.vbat,0
2.6335,ID,id.arm,1
2.6335,ID,id.axis,0
2.6335,ID,id.dither,0
2.6335,ID,id.mode,1
2.6335,ID,id.pitch.r,-3.49066
2.6335,ID,id.pitch.u_ad,0
2.6335,ID,id.pitch.u_nom,-0.1794713
2.6335,ID,id.pitch.x,2.3823512
2.6335,ID,id.pitch.xm,-3.49066
2.6335,ID,id.sample_counter,43512
2.6335,ID,id.sysid_state,4
2.6335,ID,id.vbat,0.019001348
2.6383,ID,id.arm,1
2.6383,ID,id.axis,0
2.6383,ID,id.dither,0
2.6383,ID,id.mode,1
2.6383,ID,id.pitch.r,-3.49066
2.6383,ID,id.pitch.u_ad,0
2.6383,ID,id.pitch.u_nom,-0.1794713
2.6383,ID,id.pitch.x,1.5963151
2.6383,ID,id.pitch.xm,-3.49066
2.6383,ID,id.sample_counter,43513
2.6383,ID,id.sysid_state,4
2.6383,ID,id.vbat,0.019001348
2.6432,ID,id.arm,1
2.6432,ID,id.axis,0
2.6432,ID,id.dither,0
2.6432,ID,id.mode,1
2.6432,ID,id.pitch.r,-3.49066
2.6432,ID,id.pitch.u_ad,0
2.6432,ID,id.pitch.u_nom,-0.1794713
2.6432,ID,id.pitch.x,1.4137613
2.6432,ID,id.pitch.xm,-3.49066
2.6432,ID,id.sample_counter,43514
2.6432,ID,id.sysid_state,4
2.6432,ID,id.vbat,0.019001348
2.6485,ID,id.arm,1
2.6485,ID,id.axis,0
2.6485,ID,id.dither,0
2.6485,ID,id.mode,1
2.6485,ID,id.pitch.r,-3.49066
2.6485,ID,id.pitch.u_ad,0
2.6485,ID,id.pitch.u_nom,-0.25641027
2.6485,ID,id.pitch.x,1.6025628
2.6485,ID,id.pitch.xm,-3.49066
2.6485,ID,id.sample_counter,43515
2.6485,ID,id.sysid_state,4
2.6485,ID,id.vbat,0.019001348
2.6533,ID,id.arm,1
2.6533,ID,id.axis,0
2.6533,ID,id.dither,0
2.6533,ID,id.mode,1
2.6533,ID,id.pitch.r,-3.49066
2.6533,ID,id.pitch.u_ad,0
2.6533,ID,id.pitch.u_nom,-0.1794713
2.6533,ID,id.pitch.x,1.3505745
2.6533,ID,id.pitch.xm,-3.49066
2.6533,ID,id.sample_counter,43516
2.6533,ID,id.sysid_state,4
2.6533,ID,id.vbat,0.019001348
2.6582,ID,id.arm,1
2.6582,ID,id.axis,0
2.6582,ID,id.dither,0
2.6582,ID,id.mode,1
2.6582,ID,id.pitch.r,-3.49066
2.6582,ID,id.pitch.u_ad,0
2.6582,ID,id.pitch.u_nom,-0.1794713
2.6582,ID,id.pitch.x,0.71904331
2.6582,ID,id.pitch.xm,-3.49066
2.6582,ID,id.sample_counter,43517
2.6582,ID,id.sysid_state,4
2.6582,ID,id.vbat,0.019001348
2.6632,ID,id.arm,1
2.6632,ID,id.axis,0
2.6632,ID,id.dither,0
2.6632,ID,id.mode,1
2.6632,ID,id.pitch.r,-3.49066
2.6632,ID,id.pitch.u_ad,0
2.6632,ID,id.pitch.u_nom,-0.1794713
2.6632,ID,id.pitch.x,0.51779222
2.6632,ID,id.pitch.xm,-3.49066
2.6632,ID,id.sample_counter,43518
2.6632,ID,id.sysid_state,4
2.6632,ID,id.vbat,0.019001348
2.6683,ID,id.arm,1
2.6683,ID,id.axis,0
2.6683,ID,id.dither,0
2.6683,ID,id.mode,1
2.6683,ID,id.pitch.r,-3.49066
2.6683,ID,id.pitch.u_ad,0
2.6683,ID,id.pitch.u_nom,-0.1794713
2.6683,ID,id.pitch.x,0.30806568
2.6683,ID,id.pitch.xm,-3.49066
2.6683,ID,id.sample_counter,43519
2.6683,ID,id.sysid_state,4
2.6683,ID,id.vbat,0.019001348
2.6732,ID,id.arm,1
2.6732,ID,id.axis,0
2.6732,ID,id.dither,0
2.6732,ID,id.mode,1
2.6732,ID,id.pitch.r,-3.49066
2.6732,ID,id.pitch.u_ad,0
2.6732,ID,id.pitch.u_nom,-0.2366161
2.6732,ID,id.pitch.x,0.25022444
2.6732,ID,id.pitch.xm,-3.49066
2.6732,ID,id.sample_counter,43520
2.6732,ID,id.sysid_state,4
2.6732,ID,id.vbat,0.019001348
2.6796,ID,id.arm,1
2.6796,ID,id.axis,0
2.6796,ID,id.dither,0
2.6796,ID,id.mode,1
2.6796,ID,id.pitch.r,-3.49066
2.6796,ID,id.pitch.u_ad,0
2.6796,ID,id.pitch.u_nom,-0.22833593
2.6796,ID,id.pitch.x,0.17547475
2.6796,ID,id.pitch.xm,-3.49066
2.6796,ID,id.sample_counter,43521
2.6796,ID,id.sysid_state,4
2.6796,ID,id.vbat,0.019001348
2.6833,ID,id.arm,1
2.6833,ID,id.axis,0
2.6833,ID,id.dither,0
2.6833,ID,id.mode,1
2.6833,ID,id.pitch.r,-3.49066
2.6833,ID,id.pitch.u_ad,0
2.6833,ID,id.pitch.u_nom,-0.25641027
2.6833,ID,id.pitch.x,0.16816679
2.6833,ID,id.pitch.xm,-3.49066
2.6833,ID,id.sample_counter,43522
2.6833,ID,id.sysid_state,4
2.6833,ID,id.vbat,0.019001348
2.6883,ID,id.arm,1
2.6883,ID,id.axis,0
2.6883,ID,id.dither,0
2.6883,ID,id.mode,1
2.6883,ID,id.pitch.r,-3.49066
2.6883,ID,id.pitch.u_ad,0
2.6883,ID,id.pitch.u_nom,-0.24240963
2.6883,ID,id.pitch.x,0.122156
2.6883,ID,id.pitch.xm,-3.49066
2.6883,ID,id.sample_counter,43523
2.6883,ID,id.sysid_state,4
2.6883,ID,id.vbat,0.019001348
2.6933,ID,id.arm,1
2.6933,ID,id.axis,0
2.6933,ID,id.dither,0
2.6933,ID,id.mode,1
2.6933,ID,id.pitch.r,-3.49066
2.6933,ID,id.pitch.u_ad,0
2.6933,ID,id.pitch.u_nom,-0.20855285
2.6933,ID,id.pitch.x,0.0070085274
2.6933,ID,id.pitch.xm,-3.49066
2.6933,ID,id.sample_counter,43524
2.6933,ID,id.sysid_state,4
2.6933,ID,id.vbat,0.019001348
2.7072,ID,id.arm,1
2.7072,ID,id.axis,0
2.7072,ID,id.dither,0
2.7072,ID,id.mode,1
2.7072,ID,id.pitch.r,-3.49066
2.7072,ID,id.pitch.u_ad,0
2.7072,ID,id.pitch.u_nom,-0.1794713
2.7072,ID,id.pitch.x,-0.23576286
2.7072,ID,id.pitch.xm,-3.49066
2.7072,ID,id.sample_counter,43525
2.7072,ID,id.sysid_state,4
2.7072,ID,id.vbat,0.019001348
2.7078,ID,id.arm,1
2.7078,ID,id.axis,0
2.7078,ID,id.dither,0
2.7078,ID,id.mode,1
2.7078,ID,id.pitch.r,-3.4797399
2.7078,ID,id.pitch.u_ad,0
2.7078,ID,id.pitch.u_nom,-0.1794713
2.7078,ID,id.pitch.x,-0.62649304
2.7078,ID,id.pitch.xm,-3.4797399
2.7078,ID,id.sample_counter,43526
2.7078,ID,id.sysid_state,4
2.7078,ID,id.vbat,0.019001348
2.7670,ID,id.arm,1
2.7670,ID,id.axis,0
2.7670,ID,id.dither,0
2.7670,ID,id.mode,1
2.7670,ID,id.pitch.r,-3.4682958
2.7670,ID,id.pitch.u_ad,0
2.7670,ID,id.pitch.u_nom,-0.1794713
2.7670,ID,id.pitch.x,-1.0466971
2.7670,ID,id.pitch.xm,-3.4682958
2.7670,ID,id.sample_counter,43527
2.7670,ID,id.sysid_state,4
2.7670,ID,id.vbat,0.019001348
2.7718,ID,id.arm,1
2.7718,ID,id.axis,0
2.7718,ID,id.dither,0
2.7718,ID,id.mode,1
2.7718,ID,id.pitch.r,-3.4453659
2.7718,ID,id.pitch.u_ad,0
2.7718,ID,id.pitch.u_nom,-0.1794713
2.7718,ID,id.pitch.x,-1.4589024
2.7718,ID,id.pitch.xm,-3.4453659
2.7718,ID,id.sample_counter,43528
2.7718,ID,id.sysid_state,4
2.7718,ID,id.vbat,0.019001348
2.7733,ID,id.arm,1
2.7733,ID,id.axis,0
2.7733,ID,id.dither,0
2.7733,ID,id.mode,1
2.7733,ID,id.pitch.r,-3.4441581
2.7733,ID,id.pitch.u_ad,0
2.7733,ID,id.pitch.u_nom,-0.1794713
2.7733,ID,id.pitch.x,-1.742596
2.7733,ID,id.pitch.xm,-3.4441581
2.7733,ID,id.sample_counter,43529
2.7733,ID,id.sysid_state,4
2.7733,ID,id.vbat,0.019001348
2.7750,ID,id.arm,1
2.7750,ID,id.axis,0
2.7750,ID,id.dither,0
2.7750,ID,id.mode,1
2.7750,ID,id.pitch.r,-3.4314685
2.7750,ID,id.pitch.u_ad,0
2.7750,ID,id.pitch.u_nom,-0.21824707
2.7750,ID,id.pitch.x,-1.825258
2.7750,ID,id.pitch.xm,-3.4314685
2.7750,ID,id.sample_counter,43530
2.7750,ID,id.sysid_state,4
2.7750,ID,id.vbat,0.019001348
2.7765,ID,id.arm,1
2.7765,ID,id.axis,0
2.7765,ID,id.dither,0
2.7765,ID,id.mode,1
2.7765,ID,id.pitch.r,-3.3161271
2.7765,ID,id.pitch.u_ad,0
2.7765,ID,id.pitch.u_nom,-0.25641027
2.7765,ID,id.pitch.x,-1.7130288
2.7765,ID,id.pitch.xm,-3.3161271
2.7765,ID,id.sample_counter,43531
2.7765,ID,id.sysid_state,4
2.7765,ID,id.vbat,0.019001348
2.7778,ID,id.arm,1
2.7778,ID,id.axis,0
2.7778,ID,id.dither,0
2.7778,ID,id.mode,1
2.7778,ID,id.pitch.r,-3.3161271
2.7778,ID,id.pitch.u_ad,0
2.7778,ID,id.pitch.u_nom,-0.25641027
2.7778,ID,id.pitch.x,-1.6653322
2.7778,ID,id.pitch.xm,-3.3161271
2.7778,ID,id.sample_counter,43532
2.7778,ID,id.sysid_state,4
2.7778,ID,id.vbat,0.019001348
2.7790,ID,id.arm,1
2.7790,ID,id.axis,0
2.7790,ID,id.dither,0
2.7790,ID,id.mode,1
2.7790,ID,id.pitch.r,-3.49066
2.7790,ID,id.pitch.u_ad,0
2.7790,ID,id.pitch.u_nom,-0.25641027
2.7790,ID,id.pitch.x,-1.8156196
2.7790,ID,id.pitch.xm,-3.49066
2.7790,ID,id.sample_counter,43533
2.7790,ID,id.sysid_state,4
2.7790,ID,id.vbat,0.019001348
2.7804,ID,id.arm,1
2.7804,ID,id.axis,0
2.7804,ID,id.dither,0
2.7804,ID,id.mode,1
2.7804,ID,id.pitch.r,-3.4131629
2.7804,ID,id.pitch.u_ad,-0.077172861
2.7804,ID,id.pitch.u_nom,-0.1794713
2.7804,ID,id.pitch.x,-2.3289793
2.7804,ID,id.pitch.xm,-3.4131629
2.7804,ID,id.sample_counter,43534
2.7804,ID,id.sysid_state,4
2.7804,ID,id.vbat,0.019001348
2.7824,ID,id.arm,1
2.7824,ID,id.axis,0
2.7824,ID,id.dither,0
2.7824,ID,id.mode,1
2.7824,ID,id.pitch.r,-3.3161271
2.7824,ID,id.pitch.u_ad,-0.13761693
2.7824,ID,id.pitch.u_nom,-0.0073007634
2.7824,ID,id.pitch.x,-2.9720857
2.7824,ID,id.pitch.xm,-3.3161271
2.7824,ID,id.sample_counter,43535
2.7824,ID,id.sysid_state,4
2.7824,ID,id.vbat,0.019001348
2.7847,ID,id.arm,1
2.7847,ID,id.axis,0
2.7847,ID,id.dither,0
2.7847,ID,id.mode,1
2.7847,ID,id.pitch.r,-3.4037077
2.7847,ID,id.pitch.u_ad,-0.18875866
2.7847,ID,id.pitch.u_nom,0.10721528
2.7847,ID,id.pitch.x,-3.5273583
2.7847,ID,id.pitch.xm,-3.4037077
2.7847,ID,id.sample_counter,43536
2.7847,ID,id.sysid_state,4
2.7847,ID,id.vbat,0.019001348
2.7857,ID,id.arm,1
2.7857,ID,id.axis,0
2.7857,ID,id.dither,0
2.7857,ID,id.mode,1
2.7857,ID,id.pitch.r,-3.49066
2.7857,ID,id.pitch.u_ad,-0.23170827
2.7857,ID,id.pitch.u_nom,0.2380863
2.7857,ID,id.pitch.x,-4.1487975
2.7857,ID,id.pitch.xm,-3.49066
2.7857,ID,id.sample_counter,43537
2.7857,ID,id.sysid_state,4
2.7857,ID,id.vbat,0.019001348
2.7865,ID,id.arm,1
2.7865,ID,id.axis,0
2.7865,ID,id.dither,0
2.7865,ID,id.mode,1
2.7865,ID,id.pitch.r,-3.392874
2.7865,ID,id.pitch.u_ad,-0.26580647
2.7865,ID,id.pitch.u_nom,0.25641027
2.7865,ID,id.pitch.x,-4.3428407
2.7865,ID,id.pitch.xm,-3.392874
2.7865,ID,id.sample_counter,43538
2.7865,ID,id.sysid_state,4
2.7865,ID,id.vbat,0.019001348
2.7873,ID,id.arm,1
2.7873,ID,id.axis,0
2.7873,ID,id.dither,0
2.7873,ID,id.mode,1
2.7873,ID,id.pitch.r,-3.3161271
2.7873,ID,id.pitch.u_ad,-0.29541525
2.7873,ID,id.pitch.u_nom,0.13407908
2.7873,ID,id.pitch.x,-4.1435814
2.7873,ID,id.pitch.xm,-3.3161271
2.7873,ID,id.sample_counter,43539
2.7873,ID,id.sysid_state,4
2.7873,ID,id.vbat,0.019001348
2.7880,ID,id.arm,1
2.7880,ID,id.axis,0
2.7880,ID,id.dither,0
2.7880,ID,id.mode,1
2.7880,ID,id.pitch.r,-3.3944166
2.7880,ID,id.pitch.u_ad,-0.32379478
2.7880,ID,id.pitch.u_nom,0.048906479
2.7880,ID,id.pitch.x,-3.9780617
2.7880,ID,id.pitch.xm,-3.3944166
2.7880,ID,id.sample_counter,43540
2.7880,ID,id.sysid_state,4
2.7880,ID,id.vbat,0.019001348
2.7887,ID,id.arm,1
2.7887,ID,id.axis,0
2.7887,ID,id.dither,0
2.7887,ID,id.mode,1
2.7887,ID,id.pitch.r,-3.49066
2.7887,ID,id.pitch.u_ad,-0.34994721
2.7887,ID,id.pitch.u_nom,0.04729975
2.7887,ID,id.pitch.x,-3.9557626
2.7887,ID,id.pitch.xm,-3.49066
2.7887,ID,id.sample_counter,43541
2.7887,ID,id.sysid_state,4
2.7887,ID,id.vbat,0.019001348
2.7895,ID,id.arm,1
2.7895,ID,id.axis,0
2.7895,ID,id.dither,0
2.7895,ID,id.mode,1
2.7895,ID,id.pitch.r,-3.3672948
2.7895,ID,id.pitch.u_ad,-0.36558497
2.7895,ID,id.pitch.u_nom,0.25641027
2.7895,ID,id.pitch.x,-4.1388769
2.7895,ID,id.pitch.xm,-3.3672948
2.7895,ID,id.sample_counter,43542
2.7895,ID,id.sysid_state,4
2.7895,ID,id.vbat,0.019001348
2.7902,ID,id.arm,1
2.7902,ID,id.axis,0
2.7902,ID,id.dither,0
2.7902,ID,id.mode,1
2.7902,ID,id.pitch.r,-3.3161271
2.7902,ID,id.pitch.u_ad,-0.37786508
2.7902,ID,id.pitch.u_nom,0.25641027
2.7902,ID,id.pitch.x,-4.4701481
2.7902,ID,id.pitch.xm,-3.3161271
2.7902,ID,id.sample_counter,43543
2.7902,ID,id.sysid_state,4
2.7902,ID,id.vbat,0.019001348
2.7933,ID,id.arm,1
2.7933,ID,id.axis,0
2.7933,ID,id.dither,0
2.7933,ID,id.mode,1
2.7933,ID,id.pitch.r,-3.3422408
2.7933,ID,id.pitch.u_ad,0
2.7933,ID,id.pitch.u_nom,0.25641027
2.7933,ID,id.pitch.x,-4.6425247
2.7933,ID,id.pitch.xm,-3.3422408
2.7933,ID,id.sample_counter,43544
2.7933,ID,id.sysid_state,4
2.7933,ID,id.vbat,0.019001348
2.7984,ID,id.arm,1
2.7984,ID,id.axis,0
2.7984,ID,id.dither,0
2.7984,ID,id.mode,1
2.7984,ID,id.pitch.r,-3.4876792
2.7984,ID,id.pitch.u_ad,-0.072117925
2.7984,ID,id.pitch.u_nom,0.1885214
2.7984,ID,id.pitch.x,-4.6667523
2.7984,ID,id.pitch.xm,-3.4876792
2.7984,ID,id.sample_counter,43545
2.7984,ID,id.sysid_state,4
2.7984,ID,id.vbat,0.019001348
2.8034,ID,id.arm,1
2.8034,ID,id.axis,0
2.8034,ID,id.dither,0
2.8034,ID,id.mode,1
2.8034,ID,id.pitch.r,-3.3520381
2.8034,ID,id.pitch.u_ad,0
2.8034,ID,id.pitch.u_nom,0.25641027
2.8034,ID,id.pitch.x,-4.5945764
2.8034,ID,id.pitch.xm,-3.3520381
2.8034,ID,id.sample_counter,43546
2.8034,ID,id.sysid_state,4
2.8034,ID,id.vbat,0.019001348
2.8082,ID,id.arm,1
2.8082,ID,id.axis,0
2.8082,ID,id.dither,0
2.8082,ID,id.mode,1
2.8082,ID,id.pitch.r,-3.3161271
2.8082,ID,id.pitch.u_ad,0
2.8082,ID,id.pitch.u_nom,0.25641027
2.8082,ID,id.pitch.x,-4.8863449
2.8082,ID,id.pitch.xm,-3.3161271
2.8082,ID,id.sample_counter,43547
2.8082,ID,id.sysid_state,4
2.8082,ID,id.vbat,0.019001348
2.8132,ID,id.arm,1
2.8132,ID,id.axis,0
2.8132,ID,id.dither,0
2.8132,ID,id.mode,1
2.8132,ID,id.pitch.r,-3.3408816
2.8132,ID,id.pitch.u_ad,0
2.8132,ID,id.pitch.u_nom,0.25620574
2.8132,ID,id.pitch.x,-4.928103
2.8132,ID,id.pitch.xm,-3.3408816
2.8132,ID,id.sample_counter,43548
2.8132,ID,id.sysid_state,4
2.8132,ID,id.vbat,0.019001348
2.8184,ID,id.arm,1
2.8184,ID,id.axis,0
2.8184,ID,id.dither,0
2.8184,ID,id.mode,1
2.8184,ID,id.pitch.r,-3.49066
2.8184,ID,id.pitch.u_ad,0
2.8184,ID,id.pitch.u_nom,0.24970888
2.8184,ID,id.pitch.x,-5.0816178
2.8184,ID,id.pitch.xm,-3.49066
2.8184,ID,id.sample_counter,43549
2.8184,ID,id.sysid_state,4
2.8184,ID,id.vbat,0.019001348
2.8232,ID,id.arm,1
2.8232,ID,id.axis,0
2.8232,ID,id.dither,0
2.8232,ID,id.mode,1
2.8232,ID,id.pitch.r,-3.3367984
2.8232,ID,id.pitch.u_ad,0
2.8232,ID,id.pitch.u_nom,0.25641027
2.8232,ID,id.pitch.x,-5.2392449
2.8232,ID,id.pitch.xm,-3.3367984
2.8232,ID,id.sample_counter,43550
2.8232,ID,id.sysid_state,4
2.8232,ID,id.vbat,0.019001348
2.8281,ID,id.arm,1
2.8281,ID,id.axis,0
2.8281,ID,id.dither,0
2.8281,ID,id.mode,1
2.8281,ID,id.pitch.r,-3.3161271
2.8281,ID,id.pitch.u_ad,0
2.8281,ID,id.pitch.u_nom,0.25641027
2.8281,ID,id.pitch.x,-5.2648811
2.8281,ID,id.pitch.xm,-3.3161271
2.8281,ID,id.sample_counter,43551
2.8281,ID,id.sysid_state,4
2.8281,ID,id.vbat,0.019001348
2.8341,ID,id.arm,1
2.8341,ID,id.axis,0
2.8341,ID,id.dither,0
2.8341,ID,id.mode,1
2.8341,ID,id.pitch.r,-3.3251369
2.8341,ID,id.pitch.u_ad,0
2.8341,ID,id.pitch.u_nom,0.19156037
2.8341,ID,id.pitch.x,-5.158886
2.8341,ID,id.pitch.xm,-3.3251369
2.8341,ID,id.sample_counter,43552
2.8341,ID,id.sysid_state,4
2.8341,ID,id.vbat,0.019001348
2.8383,ID,id.arm,1
2.8383,ID,id.axis,0
2.8383,ID,id.dither,0
2.8383,ID,id.mode,1
2.8383,ID,id.pitch.r,-3.49066
2.8383,ID,id.pitch.u_ad,0
2.8383,ID,id.pitch.u_nom,0.16240905
2.8383,ID,id.pitch.x,-5.0954046
2.8383,ID,id.pitch.xm,-3.49066
2.8383,ID,id.sample_counter,43553
2.8383,ID,id.sysid_state,4
2.8383,ID,id.vbat,0.019001348
2.8432,ID,id.arm,1
2.8432,ID,id.axis,0
2.8432,ID,id.dither,0
2.8432,ID,id.mode,1
2.8432,ID,id.pitch.r,-3.2994311
2.8432,ID,id.pitch.u_ad,0
2.8432,ID,id.pitch.u_nom,0.25641027
2.8432,ID,id.pitch.x,-4.9344416
2.8432,ID,id.pitch.xm,-3.2994311
2.8432,ID,id.sample_counter,43554
2.8432,ID,id.sysid_state,4
2.8432,ID,id.vbat,0.019001348
2.8486,A,mrac.pitch.e,0.20661747
2.8486,A,mrac.pitch.u_ad,-0.027108217
2.8486,A,mrac.roll.e,-0.2173617
2.8486,A,mrac.roll.u_ad,0.16147248
2.8486,A,mrac.yaw.e,0.21340318
2.8486,A,mrac.yaw.u_ad,-0.021338467
2.8486,A,mrac.z.e,0.10621598
2.8486,A,mrac.z.u_ad,-0.057903521
2.8486,A,status.arm,1
2.8486,A,status.flymode,1
2.8486,A,status.rc_authority,0
2.8486,A,status.sbus_lost,0
2.8486,A,status.twc_arrived,0
2.8486,A,status.twc_execute,0
2.8486,B,mrac.pitch.theta_0,3.8353875e-08
2.8486,B,mrac.pitch.theta_1,0.0026793308
2.8486,B,mrac.pitch.theta_2,0.00036447751
2.8486,B,mrac.pitch.theta_3,0.0021368773
2.8486,B,mrac.pitch.theta_4,0.12672588
2.8486,B,mrac.pitch.theta_5,0.14228033
2.8486,B,mrac.pitch.u_nom,-0.13606945
2.8486,B,mrac.pitch.xm,-0.13345523
2.8486,B,mrac.roll.theta_0,0.14801875
2.8486,B,mrac.roll.theta_1,0.0010706458
2.8486,B,mrac.roll.theta_2,0.0078351134
2.8486,B,mrac.roll.theta_3,0.0017508217
2.8486,B,mrac.roll.theta_4,0.1164327
2.8486,B,mrac.roll.theta_5,0.13305739
2.8486,B,mrac.roll.u_nom,0.13481887
2.8486,B,mrac.roll.xm,0.06991189
2.8486,B,mrac.yaw.theta_0,1.9618179e-44
2.8486,B,mrac.yaw.theta_1,0.0038231763
2.8486,B,mrac.yaw.theta_2,0.0011539053
2.8486,B,mrac.yaw.theta_3,0
2.8486,B,mrac.yaw.theta_4,0.11176347
2.8486,B,mrac.yaw.theta_5,0.088189892
2.8486,B,mrac.yaw.u_nom,-0.05672732
2.8486,B,mrac.yaw.xm,-0.17635128
2.8486,B,mrac.z.theta_0,0.010391511
2.8486,B,mrac.z.theta_1,0.0020866562
2.8486,B,mrac.z.theta_2,0.0010444676
2.8486,B,mrac.z.theta_3,0
2.8486,B,mrac.z.theta_4,0.19652115
2.8486,B,mrac.z.theta_5,0.19049689
2.8486,B,mrac.z.u_nom,-0.248189
2.8486,B,mrac.z.xm,-0.10660028
2.8486,B,path.active_path_mode,0
2.8486,B,path.circle_theta,0
2.8486,B,path.sinusoid_t_elapsed,0
2.8486,B,path.twc_arrived,0
2.8486,B,path.twc_target_x,0
2.8486,B,path.twc_target_y,0
2.8486,B,path.twc_target_z,0
2.8486,B,pid.gyrox.Des,4.0056543
2.8486,B,pid.gyrox.FB,-5.558001
2.8486,B,pid.gyrox.U,157.73808
2.8486,B,pid.gyroy.Des,-7.6464181
2.8486,B,pid.gyroy.FB,6.5247588
2.8486,B,pid.gyroy.U,-159.20125
2.8486,B,pid.gyroz.Des,-10.104179
2.8486,B,pid.gyroz.FB,2.9126422
2.8486,B,pid.gyroz.U,-106.19354
2.8486,B,pid.locx.Des,0
2.8486,B,pid.locx.FB,0.76229656
2.8486,B,pid.locx.U,-2.4688075
2.8486,B,pid.locxs.Des,-2.4688075
2.8486,B,pid.locxs.FB,-3.9176743
2.8486,B,pid.locxs.U,4.4412475
2.8486,B,pid.locy.Des,-47.210907
2.8486,B,pid.locy.FB,-23.9251
2.8486,B,pid.locy.U,-20.516798
2.8486,B,pid.locys.Des,-20.516798
2.8486,B,pid.locys.FB,-3.1067393
2.8486,B,pid.locys.U,-49.070194
2.8486,B,pid.pitch.Des,-2.8694906
2.8486,B,pid.pitch.FB,-0.36534271
2.8486,B,pid.pitch.U,-7.6464181
2.8486,B,pid.roll.Des,-0.18209788
2.8486,B,pid.roll.FB,-1.5195327
2.8486,B,pid.roll.U,4.0056543
2.8486,B,pid.yaw.Des,-2.8954291
2.8486,B,pid.yaw.FB,-1.5447326
2.8486,B,pid.yaw.U,-10.104179
2.8486,B,pid.z_pos.Des,1.0195838
2.8486,B,pid.z_pos.FB,1.0296168
2.8486,B,pid.z_pos.U,-0.10660028
2.8486,B,pid.z_rate.Des,-0.10660028
2.8486,B,pid.z_rate.FB,-0.0014803832
2.8486,B,pid.z_rate.U,-55.097958
2.8486,B,status.vbat,0
2.8491,ID,id.arm,1
2.8491,ID,id.axis,0
2.8491,ID,id.dither,0
2.8491,ID,id.mode,1
2.8491,ID,id.pitch.r,-3.1379361
2.8491,ID,id.pitch.u_ad,0
2.8491,ID,id.pitch.u_nom,0.25641027
2.8491,ID,id.pitch.x,-5.0332255
2.8491,ID,id.pitch.xm,-3.1379361
2.8491,ID,id.sample_counter,43555
2.8491,ID,id.sysid_state,4
2.8491,ID,id.vbat,0.019001348
2.8533,ID,id.arm,1
2.8533,ID,id.axis,0
2.8533,ID,id.dither,0
2.8533,ID,id.mode,1
2.8533,ID,id.pitch.r,-3.0797794
2.8533,ID,id.pitch.u_ad,0
2.8533,ID,id.pitch.u_nom,0.25641027
2.8533,ID,id.pitch.x,-5.1056967
2.8533,ID,id.pitch.xm,-3.0797794
2.8533,ID,id.sample_counter,43556
2.8533,ID,id.sysid_state,4
2.8533,ID,id.vbat,0.019001348
2.8582,ID,id.arm,1
2.8582,ID,id.axis,0
2.8582,ID,id.dither,0
2.8582,ID,id.mode,1
2.8582,ID,id.pitch.r,-3.2217362
2.8582,ID,id.pitch.u_ad,0
2.8582,ID,id.pitch.u_nom,0.21563731
2.8582,ID,id.pitch.x,-5.1818147
2.8582,ID,id.pitch.xm,-3.2217362
2.8582,ID,id.sample_counter,43557
2.8582,ID,id.sysid_state,4
2.8582,ID,id.vbat,0.019001348
2.8633,ID,id.arm,1
2.8633,ID,id.axis,0
2.8633,ID,id.dither,0
2.8633,ID,id.mode,1
2.8633,ID,id.pitch.r,-3.0082903
2.8633,ID,id.pitch.u_ad,0
2.8633,ID,id.pitch.u_nom,0.25641027
2.8633,ID,id.pitch.x,-5.2733817
2.8633,ID,id.pitch.xm,-3.0082903
2.8633,ID,id.sample_counter,43558
2.8633,ID,id.sysid_state,4
2.8633,ID,id.vbat,0.019001348
2.8683,ID,id.arm,1
2.8683,ID,id.axis,0
2.8683,ID,id.dither,0
2.8683,ID,id.mode,1
2.8683,ID,id.pitch.r,-2.8510747
2.8683,ID,id.pitch.u_ad,0
2.8683,ID,id.pitch.u_nom,0.20038152
2.8683,ID,id.pitch.x,-5.0191746
2.8683,ID,id.pitch.xm,-2.8510747
2.8683,ID,id.sample_counter,43559
2.8683,ID,id.sysid_state,4
2.8683,ID,id.vbat,0.019001348
2.8734,ID,id.arm,1
2.8734,ID,id.axis,0
2.8734,ID,id.dither,0
2.8734,ID,id.mode,1
2.8734,ID,id.pitch.r,-2.7902451
2.8734,ID,id.pitch.u_ad,0
2.8734,ID,id.pitch.u_nom,0.18844771
2.8734,ID,id.pitch.x,-4.8369837
2.8734,ID,id.pitch.xm,-2.7902451
2.8734,ID,id.sample_counter,43560
2.8734,ID,id.sysid_state,4
2.8734,ID,id.vbat,0.019001348
2.8784,ID,id.arm,1
2.8784,ID,id.axis,0
2.8784,ID,id.dither,0
2.8784,ID,id.mode,1
2.8784,ID,id.pitch.r,-2.9324358
2.8784,ID,id.pitch.u_ad,0
2.8784,ID,id.pitch.u_nom,0.16240905
2.8784,ID,id.pitch.x,-4.6609797
2.8784,ID,id.pitch.xm,-2.9324358
2.8784,ID,id.sample_counter,43561
2.8784,ID,id.sysid_state,4
2.8784,ID,id.vbat,0.019001348
2.8836,ID,id.arm,1
2.8836,ID,id.axis,0
2.8836,ID,id.dither,0
2.8836,ID,id.mode,1
2.8836,ID,id.pitch.r,-2.7323916
2.8836,ID,id.pitch.u_ad,0
2.8836,ID,id.pitch.u_nom,0.25641027
2.8836,ID,id.pitch.x,-4.700161
2.8836,ID,id.pitch.xm,-2.7323916
2.8836,ID,id.sample_counter,43562
2.8836,ID,id.sysid_state,4
2.8836,ID,id.vbat,0.019001348
2.8882,ID,id.arm,1
2.8882,ID,id.axis,0
2.8882,ID,id.dither,0
2.8882,ID,id.mode,1
2.8882,ID,id.pitch.r,-2.598057
2.8882,ID,id.pitch.u_ad,0
2.8882,ID,id.pitch.u_nom,0.25641027
2.8882,ID,id.pitch.x,-4.7769208
2.8882,ID,id.pitch.xm,-2.598057
2.8882,ID,id.sample_counter,43563
2.8882,ID,id.sysid_state,4
2.8882,ID,id.vbat,0.019001348
2.8933,ID,id.arm,1
2.8933,ID,id.axis,0
2.8933,ID,id.dither,0
2.8933,ID,id.mode,1
2.8933,ID,id.pitch.r,-2.549881
2.8933,ID,id.pitch.u_ad,0
2.8933,ID,id.pitch.u_nom,0.19443476
2.8933,ID,id.pitch.x,-4.6196094
2.8933,ID,id.pitch.xm,-2.549881
2.8933,ID,id.sample_counter,43564
2.8933,ID,id.sysid_state,4
2.8933,ID,id.vbat,0.019001348
2.8986,ID,id.arm,1
2.8986,ID,id.axis,0
2.8986,ID,id.dither,0
2.8986,ID,id.mode,1
2.8986,ID,id.pitch.r,-2.6304307
2.8986,ID,id.pitch.u_ad,0
2.8986,ID,id.pitch.u_nom,0.16240905
2.8986,ID,id.pitch.x,-4.4480357
2.8986,ID,id.pitch.xm,-2.6304307
2.8986,ID,id.sample_counter,43565
2.8986,ID,id.sysid_state,4
2.8986,ID,id.vbat,0.019001348
2.9033,ID,id.arm,1
2.9033,ID,id.axis,0
2.9033,ID,id.dither,0
2.9033,ID,id.mode,1
2.9033,ID,id.pitch.r,-2.4990139
2.9033,ID,id.pitch.u_ad,0
2.9033,ID,id.pitch.u_nom,0.16240905
2.9033,ID,id.pitch.x,-4.0143147
2.9033,ID,id.pitch.xm,-2.4990139
2.9033,ID,id.sample_counter,43566
2.9033,ID,id.sysid_state,4
2.9033,ID,id.vbat,0.019001348
2.9084,ID,id.arm,1
2.9084,ID,id.axis,0
2.9084,ID,id.dither,0
2.9084,ID,id.mode,1
2.9084,ID,id.pitch.r,-2.3592391
2.9084,ID,id.pitch.u_ad,0
2.9084,ID,id.pitch.u_nom,0.25641027
2.9084,ID,id.pitch.x,-3.8941402
2.9084,ID,id.pitch.xm,-2.3592391
2.9084,ID,id.sample_counter,43567
2.9084,ID,id.sysid_state,4
2.9084,ID,id.vbat,0.019001348
2.9135,ID,id.arm,1
2.9135,ID,id.axis,0
2.9135,ID,id.dither,0
2.9135,ID,id.mode,1
2.9135,ID,id.pitch.r,-2.3607337
2.9135,ID,id.pitch.u_ad,0
2.9135,ID,id.pitch.u_nom,0.20863131
2.9135,ID,id.pitch.x,-3.8154893
2.9135,ID,id.pitch.xm,-2.3607337
2.9135,ID,id.sample_counter,43568
2.9135,ID,id.sysid_state,4
2.9135,ID,id.vbat,0.019001348
2.9348,ID,id.arm,1
2.9348,ID,id.axis,0
2.9348,ID,id.dither,0
2.9348,ID,id.mode,1
2.9348,ID,id.pitch.r,-2.4525204
2.9348,ID,id.pitch.u_ad,-0.050564524
2.9348,ID,id.pitch.u_nom,0.16240905
2.9348,ID,id.pitch.x,-3.5725195
2.9348,ID,id.pitch.xm,-2.4525204
2.9348,ID,id.sample_counter,43569
2.9348,ID,id.sysid_state,4
2.9348,ID,id.vbat,0.019001348
2.9359,ID,id.arm,1
2.9359,ID,id.axis,0
2.9359,ID,id.dither,0
2.9359,ID,id.mode,1
2.9359,ID,id.pitch.r,-2.3290067
2.9359,ID,id.pitch.u_ad,-0.089770831
2.9359,ID,id.pitch.u_nom,0.22334313
2.9359,ID,id.pitch.x,-3.3989024
2.9359,ID,id.pitch.xm,-2.3290067
2.9359,ID,id.sample_counter,43570
2.9359,ID,id.sysid_state,4
2.9359,ID,id.vbat,0.019001348
2.9377,ID,id.arm,1
2.9377,ID,id.axis,0
2.9377,ID,id.dither,0
2.9377,ID,id.mode,1
2.9377,ID,id.pitch.r,-2.1133738
2.9377,ID,id.pitch.u_ad,0
2.9377,ID,id.pitch.u_nom,0.25641027
2.9377,ID,id.pitch.x,-3.3535223
2.9377,ID,id.pitch.xm,-2.1133738
2.9377,ID,id.sample_counter,43571
2.9377,ID,id.sysid_state,4
2.9377,ID,id.vbat,0.019001348
2.9386,ID,id.arm,1
2.9386,ID,id.axis,0
2.9386,ID,id.dither,0
2.9386,ID,id.mode,1
2.9386,ID,id.pitch.r,-2.1445694
2.9386,ID,id.pitch.u_ad,-0.043410942
2.9386,ID,id.pitch.u_nom,0.19234732
2.9386,ID,id.pitch.x,-3.2713201
2.9386,ID,id.pitch.xm,-2.1445694
2.9386,ID,id.sample_counter,43572
2.9386,ID,id.sysid_state,4
2.9386,ID,id.vbat,0.019001348
2.9408,ID,id.arm,1
2.9408,ID,id.axis,0
2.9408,ID,id.dither,0
2.9408,ID,id.mode,1
2.9408,ID,id.pitch.r,-2.3691292
2.9408,ID,id.pitch.u_ad,-0.087606087
2.9408,ID,id.pitch.u_nom,0.05253455
2.9408,ID,id.pitch.x,-2.9675918
2.9408,ID,id.pitch.xm,-2.3691292
2.9408,ID,id.sample_counter,43573
2.9408,ID,id.sysid_state,4
2.9408,ID,id.vbat,0.019001348
2.9435,ID,id.arm,1
2.9435,ID,id.axis,0
2.9435,ID,id.dither,0
2.9435,ID,id.mode,1
2.9435,ID,id.pitch.r,-2.1572061
2.9435,ID,id.pitch.u_ad,-0.11918154
2.9435,ID,id.pitch.u_nom,0.12018961
2.9435,ID,id.pitch.x,-2.7314162
2.9435,ID,id.pitch.xm,-2.1572061
2.9435,ID,id.sample_counter,43574
2.9435,ID,id.sysid_state,4
2.9435,ID,id.vbat,0.019001348
2.9490,ID,id.arm,1
2.9490,ID,id.axis,0
2.9490,ID,id.dither,0
2.9490,ID,id.mode,1
2.9490,ID,id.pitch.r,-1.8546376
2.9490,ID,id.pitch.u_ad,-0.13871081
2.9490,ID,id.pitch.u_nom,0.15861776
2.9490,ID,id.pitch.x,-2.4649937
2.9490,ID,id.pitch.xm,-1.8546376
2.9490,ID,id.sample_counter,43575
2.9490,ID,id.sysid_state,4
2.9490,ID,id.vbat,0.019001348
2.9534,ID,id.arm,1
2.9534,ID,id.axis,0
2.9534,ID,id.dither,0
2.9534,ID,id.mode,1
2.9534,ID,id.pitch.r,-1.9293787
2.9534,ID,id.pitch.u_ad,-0.15931442
2.9534,ID,id.pitch.u_nom,0.029668674
2.9534,ID,id.pitch.x,-2.3882864
2.9534,ID,id.pitch.xm,-1.9293787
2.9534,ID,id.sample_counter,43576
2.9534,ID,id.sysid_state,4
2.9534,ID,id.vbat,0.019001348
2.9584,ID,id.arm,1
2.9584,ID,id.axis,0
2.9584,ID,id.dither,0
2.9584,ID,id.mode,1
2.9584,ID,id.pitch.r,-2.2713945
2.9584,ID,id.pitch.u_ad,-0.18593587
2.9584,ID,id.pitch.u_nom,-0.065714732
2.9584,ID,id.pitch.x,-2.3869185
2.9584,ID,id.pitch.xm,-2.2713945
2.9584,ID,id.sample_counter,43577
2.9584,ID,id.sysid_state,4
2.9584,ID,id.vbat,0.019001348
2.9634,ID,id.arm,1
2.9634,ID,id.axis,0
2.9634,ID,id.dither,0
2.9634,ID,id.mode,1
2.9634,ID,id.pitch.r,-2.0054603
2.9634,ID,id.pitch.u_ad,-0.1998698
2.9634,ID,id.pitch.u_nom,0.091802366
2.9634,ID,id.pitch.x,-2.2190661
2.9634,ID,id.pitch.xm,-2.0054603
2.9634,ID,id.sample_counter,43578
2.9634,ID,id.sysid_state,4
2.9634,ID,id.vbat,0.019001348
2.9686,ID,id.arm,1
2.9686,ID,id.axis,0
2.9686,ID,id.dither,0
2.9686,ID,id.mode,1
2.9686,ID,id.pitch.r,-1.7141001
2.9686,ID,id.pitch.u_ad,-0.20378524
2.9686,ID,id.pitch.u_nom,0.17814007
2.9686,ID,id.pitch.x,-2.1274128
2.9686,ID,id.pitch.xm,-1.7141001
2.9686,ID,id.sample_counter,43579
2.9686,ID,id.sysid_state,4
2.9686,ID,id.vbat,0.019001348
2.9733,ID,id.arm,1
2.9733,ID,id.axis,0
2.9733,ID,id.dither,0
2.9733,ID,id.mode,1
2.9733,ID,id.pitch.r,-1.8060783
2.9733,ID,id.pitch.u_ad,-0.21360523
2.9733,ID,id.pitch.u_nom,-0.064358398
2.9733,ID,id.pitch.x,-1.9271417
2.9733,ID,id.pitch.xm,-1.8060783
2.9733,ID,id.sample_counter,43580
2.9733,ID,id.sysid_state,4
2.9733,ID,id.vbat,0.019001348
2.9786,ID,id.arm,1
2.9786,ID,id.axis,0
2.9786,ID,id.dither,0
2.9786,ID,id.mode,1
2.9786,ID,id.pitch.r,-2.126457
2.9786,ID,id.pitch.u_ad,-0.23100848
2.9786,ID,id.pitch.u_nom,-0.18419656
2.9786,ID,id.pitch.x,-1.7580926
2.9786,ID,id.pitch.xm,-2.126457
2.9786,ID,id.sample_counter,43581
2.9786,ID,id.sysid_state,4
2.9786,ID,id.vbat,0.019001348
2.9840,ID,id.arm,1
2.9840,ID,id.axis,0
2.9840,ID,id.dither,0
2.9840,ID,id.mode,1
2.9840,ID,id.pitch.r,-1.8880416
2.9840,ID,id.pitch.u_ad,-0.23671839
2.9840,ID,id.pitch.u_nom,0.021217098
2.9840,ID,id.pitch.x,-1.6829634
2.9840,ID,id.pitch.xm,-1.8880416
2.9840,ID,id.sample_counter,43582
2.9840,ID,id.sysid_state,4
2.9840,ID,id.vbat,0.019001348
2.9884,ID,id.arm,1
2.9884,ID,id.axis,0
2.9884,ID,id.dither,0
2.9884,ID,id.mode,1
2.9884,ID,id.pitch.r,-1.6111408
2.9884,ID,id.pitch.u_ad,-0.23662633
2.9884,ID,id.pitch.u_nom,-0.035228357
2.9884,ID,id.pitch.x,-1.4380774
2.9884,ID,id.pitch.xm,-1.6111408
2.9884,ID,id.sample_counter,43583
2.9884,ID,id.sysid_state,4
2.9884,ID,id.vbat,0.019001348
2.9934,ID,id.arm,1
2.9934,ID,id.axis,0
2.9934,ID,id.dither,0
2.9934,ID,id.mode,1
2.9934,ID,id.pitch.r,-1.7391807
2.9934,ID,id.pitch.u_ad,-0.24233925
2.9934,ID,id.pitch.u_nom,-0.19373672
2.9934,ID,id.pitch.x,-1.3318536
2.9934,ID,id.pitch.xm,-1.7391807
2.9934,ID,id.sample_counter,43584
2.9934,ID,id.sysid_state,4
2.9934,ID,id.vbat,0.019001348
2.9986,ID,id.arm,1
2.9986,ID,id.axis,0
2.9986,ID,id.dither,0
2.9986,ID,id.mode,1
2.9986,ID,id.pitch.r,-2.0246651
2.9986,ID,id.pitch.u_ad,-0.25441247
2.9986,ID,id.pitch.u_nom,-0.25641027
2.9986,ID,id.pitch.x,-1.103999
2.9986,ID,id.pitch.xm,-2.0246651
2.9986,ID,id.sample_counter,43585
2.9986,ID,id.sysid_state,4
2.9986,ID,id.vbat,0.019001348
3.0033,ID,id.arm,1
3.0033,ID,id.axis,0
3.0033,ID,id.dither,0
3.0033,ID,id.mode,1
3.0033,ID,id.pitch.r,-1.8302064
3.0033,ID,id.pitch.u_ad,-0.25825825
3.0033,ID,id.pitch.u_nom,-0.13662913
3.0033,ID,id.pitch.x,-1.0420419
3.0033,ID,id.pitch.xm,-1.8302064
3.0033,ID,id.sample_counter,43586
3.0033,ID,id.sysid_state,4
3.0033,ID,id.vbat,0.019001348
3.0082,ID,id.arm,1
3.0082,ID,id.axis,0
3.0082,ID,id.dither,0
3.0082,ID,id.mode,1
3.0082,ID,id.pitch.r,-1.5056829
3.0082,ID,id.pitch.u_ad,-0.25296125
3.0082,ID,id.pitch.u_nom,-0.053862222
3.0082,ID,id.pitch.x,-0.9714815
3.0082,ID,id.pitch.xm,-1.5056829
3.0082,ID,id.sample_counter,43587
3.0082,ID,id.sysid_state,4
3.0082,ID,id.vbat,0.019001348
3.0132,ID,id.arm,1
3.0132,ID,id.axis,0
3.0132,ID,id.dither,0
3.0132,ID,id.mode,1
3.0132,ID,id.pitch.r,-1.6703049
3.0132,ID,id.pitch.u_ad,-0.25573012
3.0132,ID,id.pitch.u_nom,-0.25641027
3.0132,ID,id.pitch.x,-0.66946071
3.0132,ID,id.pitch.xm,-1.6703049
3.0132,ID,id.sample_counter,43588
3.0132,ID,id.sysid_state,4
3.0132,ID,id.vbat,0.019001348
3.0183,ID,id.arm,1
3.0183,ID,id.axis,0
3.0183,ID,id.dither,0
3.0183,ID,id.mode,1
3.0183,ID,id.pitch.r,-1.9565467
3.0183,ID,id.pitch.u_ad,0
3.0183,ID,id.pitch.u_nom,-0.25641027
3.0183,ID,id.pitch.x,-0.45151678
3.0183,ID,id.pitch.xm,-1.9565467
3.0183,ID,id.sample_counter,43589
3.0183,ID,id.sysid_state,4
3.0183,ID,id.vbat,0.019001348
3.0232,ID,id.arm,1
3.0232,ID,id.axis,0
3.0232,ID,id.dither,0
3.0232,ID,id.mode,1
3.0232,ID,id.pitch.r,-1.8002079
3.0232,ID,id.pitch.u_ad,0
3.0232,ID,id.pitch.u_nom,-0.25641027
3.0232,ID,id.pitch.x,-0.093841001
3.0232,ID,id.pitch.xm,-1.8002079
3.0232,ID,id.sample_counter,43590
3.0232,ID,id.sysid_state,4
3.0232,ID,id.vbat,0.019001348
3.0282,ID,id.arm,1
3.0282,ID,id.axis,0
3.0282,ID,id.dither,0
3.0282,ID,id.mode,1
3.0282,ID,id.pitch.r,-1.4358474
3.0282,ID,id.pitch.u_ad,0
3.0282,ID,id.pitch.u_nom,-0.1794713
3.0282,ID,id.pitch.x,-0.1686186
3.0282,ID,id.pitch.xm,-1.4358474
3.0282,ID,id.sample_counter,43591
3.0282,ID,id.sysid_state,4
3.0282,ID,id.vbat,0.019001348
3.0336,ID,id.arm,1
3.0336,ID,id.axis,0
3.0336,ID,id.dither,0
3.0336,ID,id.mode,1
3.0336,ID,id.pitch.r,-1.6409193
3.0336,ID,id.pitch.u_ad,0
3.0336,ID,id.pitch.u_nom,-0.25641027
3.0336,ID,id.pitch.x,-0.10984842
3.0336,ID,id.pitch.xm,-1.6409193
3.0336,ID,id.sample_counter,43592
3.0336,ID,id.sysid_state,4
3.0336,ID,id.vbat,0.019001348
3.0384,ID,id.arm,1
3.0384,ID,id.axis,0
3.0384,ID,id.dither,0
3.0384,ID,id.mode,1
3.0384,ID,id.pitch.r,-1.9263514
3.0384,ID,id.pitch.u_ad,0
3.0384,ID,id.pitch.u_nom,-0.25641027
3.0384,ID,id.pitch.x,0.031114731
3.0384,ID,id.pitch.xm,-1.9263514
3.0384,ID,id.sample_counter,43593
3.0384,ID,id.sysid_state,4
3.0384,ID,id.vbat,0.019001348
3.0435,ID,id.arm,1
3.0435,ID,id.axis,0
3.0435,ID,id.dither,0
3.0435,ID,id.mode,1
3.0435,ID,id.pitch.r,-1.7952347
3.0435,ID,id.pitch.u_ad,0
3.0435,ID,id.pitch.u_nom,-0.25641027
3.0435,ID,id.pitch.x,0.17417099
3.0435,ID,id.pitch.xm,-1.7952347
3.0435,ID,id.sample_counter,43594
3.0435,ID,id.sysid_state,4
3.0435,ID,id.vbat,0.019001348
3.0488,ID,id.arm,1
3.0488,ID,id.axis,0
3.0488,ID,id.dither,0
3.0488,ID,id.mode,1
3.0488,ID,id.pitch.r,-1.4184951
3.0488,ID,id.pitch.u_ad,0
3.0488,ID,id.pitch.u_nom,-0.22641012
3.0488,ID,id.pitch.x,0.47222853
3.0488,ID,id.pitch.xm,-1.4184951
3.0488,ID,id.sample_counter,43595
3.0488,ID,id.sysid_state,4
3.0488,ID,id.vbat,0.019001348
3.0492,A,mrac.pitch.e,0.20661747
3.0492,A,mrac.pitch.u_ad,-0.027108217
3.0492,A,mrac.roll.e,-0.2173617
3.0492,A,mrac.roll.u_ad,0.16147248
3.0492,A,mrac.yaw.e,0.21340318
3.0492,A,mrac.yaw.u_ad,-0.021338467
3.0492,A,mrac.z.e,0.10621598
3.0492,A,mrac.z.u_ad,-0.057903521
3.0492,A,status.arm,1
3.0492,A,status.flymode,1
3.0492,A,status.rc_authority,0
3.0492,A,status.sbus_lost,0
3.0492,A,status.twc_arrived,0
3.0492,A,status.twc_execute,0
3.0492,B,mrac.pitch.theta_0,3.8353875e-08
3.0492,B,mrac.pitch.theta_1,0.0026793308
3.0492,B,mrac.pitch.theta_2,0.00036447751
3.0492,B,mrac.pitch.theta_3,0.0021368773
3.0492,B,mrac.pitch.theta_4,0.12672588
3.0492,B,mrac.pitch.theta_5,0.14228033
3.0492,B,mrac.pitch.u_nom,-0.13606945
3.0492,B,mrac.pitch.xm,-0.13345523
3.0492,B,mrac.roll.theta_0,0.14801875
3.0492,B,mrac.roll.theta_1,0.0010706458
3.0492,B,mrac.roll.theta_2,0.0078351134
3.0492,B,mrac.roll.theta_3,0.0017508217
3.0492,B,mrac.roll.theta_4,0.1164327
3.0492,B,mrac.roll.theta_5,0.13305739
3.0492,B,mrac.roll.u_nom,0.13481887
3.0492,B,mrac.roll.xm,0.06991189
3.0492,B,mrac.yaw.theta_0,1.9618179e-44
3.0492,B,mrac.yaw.theta_1,0.0038231763
3.0492,B,mrac.yaw.theta_2,0.0011539053
3.0492,B,mrac.yaw.theta_3,0
3.0492,B,mrac.yaw.theta_4,0.11176347
3.0492,B,mrac.yaw.theta_5,0.088189892
3.0492,B,mrac.yaw.u_nom,-0.05672732
3.0492,B,mrac.yaw.xm,-0.17635128
3.0492,B,mrac.z.theta_0,0.010391511
3.0492,B,mrac.z.theta_1,0.0020866562
3.0492,B,mrac.z.theta_2,0.0010444676
3.0492,B,mrac.z.theta_3,0
3.0492,B,mrac.z.theta_4,0.19652115
3.0492,B,mrac.z.theta_5,0.19049689
3.0492,B,mrac.z.u_nom,-0.248189
3.0492,B,mrac.z.xm,-0.10660028
3.0492,B,path.active_path_mode,0
3.0492,B,path.circle_theta,0
3.0492,B,path.sinusoid_t_elapsed,0
3.0492,B,path.twc_arrived,0
3.0492,B,path.twc_target_x,0
3.0492,B,path.twc_target_y,0
3.0492,B,path.twc_target_z,0
3.0492,B,pid.gyrox.Des,4.0056543
3.0492,B,pid.gyrox.FB,-5.558001
3.0492,B,pid.gyrox.U,157.73808
3.0492,B,pid.gyroy.Des,-7.6464181
3.0492,B,pid.gyroy.FB,6.5247588
3.0492,B,pid.gyroy.U,-159.20125
3.0492,B,pid.gyroz.Des,-10.104179
3.0492,B,pid.gyroz.FB,2.9126422
3.0492,B,pid.gyroz.U,-106.19354
3.0492,B,pid.locx.Des,0
3.0492,B,pid.locx.FB,0.76229656
3.0492,B,pid.locx.U,-2.4688075
3.0492,B,pid.locxs.Des,-2.4688075
3.0492,B,pid.locxs.FB,-3.9176743
3.0492,B,pid.locxs.U,4.4412475
3.0492,B,pid.locy.Des,-47.210907
3.0492,B,pid.locy.FB,-23.9251
3.0492,B,pid.locy.U,-20.516798
3.0492,B,pid.locys.Des,-20.516798
3.0492,B,pid.locys.FB,-3.1067393
3.0492,B,pid.locys.U,-49.070194
3.0492,B,pid.pitch.Des,-2.8694906
3.0492,B,pid.pitch.FB,-0.36534271
3.0492,B,pid.pitch.U,-7.6464181
3.0492,B,pid.roll.Des,-0.18209788
3.0492,B,pid.roll.FB,-1.5195327
3.0492,B,pid.roll.U,4.0056543
3.0492,B,pid.yaw.Des,-2.8954291
3.0492,B,pid.yaw.FB,-1.5447326
3.0492,B,pid.yaw.U,-10.104179
3.0492,B,pid.z_pos.Des,1.0195838
3.0492,B,pid.z_pos.FB,1.0296168
3.0492,B,pid.z_pos.U,-0.10660028
3.0492,B,pid.z_rate.Des,-0.10660028
3.0492,B,pid.z_rate.FB,-0.0014803832
3.0492,B,pid.z_rate.U,-55.097958
3.0492,B,status.vbat,0
3.0537,ID,id.arm,1
3.0537,ID,id.axis,0
3.0537,ID,id.dither,0
3.0537,ID,id.mode,1
3.0537,ID,id.pitch.r,-1.6659055
3.0537,ID,id.pitch.u_ad,0
3.0537,ID,id.pitch.u_nom,-0.25641027
3.0537,ID,id.pitch.x,0.65011716
3.0537,ID,id.pitch.xm,-1.6659055
3.0537,ID,id.sample_counter,43596
3.0537,ID,id.sysid_state,4
3.0537,ID,id.vbat,0.019001348
3.0583,ID,id.arm,1
3.0583,ID,id.axis,0
3.0583,ID,id.dither,0
3.0583,ID,id.mode,1
3.0583,ID,id.pitch.r,-1.9298909
3.0583,ID,id.pitch.u_ad,0
3.0583,ID,id.pitch.u_nom,-0.25641027
3.0583,ID,id.pitch.x,0.72058862
3.0583,ID,id.pitch.xm,-1.9298909
3.0583,ID,id.sample_counter,43597
3.0583,ID,id.sysid_state,4
3.0583,ID,id.vbat,0.019001348
3.0633,ID,id.arm,1
3.0633,ID,id.axis,0
3.0633,ID,id.dither,0
3.0633,ID,id.mode,1
3.0633,ID,id.pitch.r,-1.8391739
3.0633,ID,id.pitch.u_ad,0
3.0633,ID,id.pitch.u_nom,-0.24217422
3.0633,ID,id.pitch.x,0.76481414
3.0633,ID,id.pitch.xm,-1.8391739
3.0633,ID,id.sample_counter,43598
3.0633,ID,id.sysid_state,4
3.0633,ID,id.vbat,0.019001348
3.0683,ID,id.arm,1
3.0683,ID,id.axis,0
3.0683,ID,id.dither,0
3.0683,ID,id.mode,1
3.0683,ID,id.pitch.r,-1.4110167
3.0683,ID,id.pitch.u_ad,0
3.0683,ID,id.pitch.u_nom,-0.1794713
3.0683,ID,id.pitch.x,0.80872041
3.0683,ID,id.pitch.xm,-1.4110167
3.0683,ID,id.sample_counter,43599
3.0683,ID,id.sysid_state,4
3.0683,ID,id.vbat,0.019001348
3.0732,ID,id.arm,1
3.0732,ID,id.axis,0
3.0732,ID,id.dither,0
3.0732,ID,id.mode,1
3.0732,ID,id.pitch.r,-1.6777195
3.0732,ID,id.pitch.u_ad,0
3.0732,ID,id.pitch.u_nom,-0.25641027
3.0732,ID,id.pitch.x,0.94443202
3.0732,ID,id.pitch.xm,-1.6777195
3.0732,ID,id.sample_counter,43600
3.0732,ID,id.sysid_state,4
3.0732,ID,id.vbat,0.019001348
3.0782,ID,id.arm,1
3.0782,ID,id.axis,0
3.0782,ID,id.dither,0
3.0782,ID,id.mode,1
3.0782,ID,id.pitch.r,-1.9527427
3.0782,ID,id.pitch.u_ad,0
3.0782,ID,id.pitch.u_nom,-0.25641027
3.0782,ID,id.pitch.x,1.1598096
3.0782,ID,id.pitch.xm,-1.9527427
3.0782,ID,id.sample_counter,43601
3.0782,ID,id.sysid_state,4
3.0782,ID,id.vbat,0.019001348
3.0837,ID,id.arm,1
3.0837,ID,id.axis,0
3.0837,ID,id.dither,0
3.0837,ID,id.mode,1
3.0837,ID,id.pitch.r,-1.8843842
3.0837,ID,id.pitch.u_ad,0
3.0837,ID,id.pitch.u_nom,-0.25641027
3.0837,ID,id.pitch.x,1.338975
3.0837,ID,id.pitch.xm,-1.8843842
3.0837,ID,id.sample_counter,43602
3.0837,ID,id.sysid_state,4
3.0837,ID,id.vbat,0.019001348
3.0882,ID,id.arm,1
3.0882,ID,id.axis,0
3.0882,ID,id.dither,0
3.0882,ID,id.mode,1
3.0882,ID,id.pitch.r,-1.4740183
3.0882,ID,id.pitch.u_ad,0
3.0882,ID,id.pitch.u_nom,-0.23198904
3.0882,ID,id.pitch.x,1.6820508
3.0882,ID,id.pitch.xm,-1.4740183
3.0882,ID,id.sample_counter,43603
3.0882,ID,id.sysid_state,4
3.0882,ID,id.vbat,0.019001348
3.0931,ID,id.arm,1
3.0931,ID,id.axis,0
3.0931,ID,id.dither,0
3.0931,ID,id.mode,1
3.0931,ID,id.pitch.r,-1.7852316
3.0931,ID,id.pitch.u_ad,0
3.0931,ID,id.pitch.u_nom,-0.25641027
3.0931,ID,id.pitch.x,1.9141524
3.0931,ID,id.pitch.xm,-1.7852316
3.0931,ID,id.sample_counter,43604
3.0931,ID,id.sysid_state,4
3.0931,ID,id.vbat,0.019001348
3.0986,ID,id.arm,1
3.0986,ID,id.axis,0
3.0986,ID,id.dither,0
3.0986,ID,id.mode,1
3.0986,ID,id.pitch.r,-2.0229549
3.0986,ID,id.pitch.u_ad,0
3.0986,ID,id.pitch.u_nom,-0.25641027
3.0986,ID,id.pitch.x,1.8246388
3.0986,ID,id.pitch.xm,-2.0229549
3.0986,ID,id.sample_counter,43605
3.0986,ID,id.sysid_state,4
3.0986,ID,id.vbat,0.019001348
3.1034,ID,id.arm,1
3.1034,ID,id.axis,0
3.1034,ID,id.dither,0
3.1034,ID,id.mode,1
3.1034,ID,id.pitch.r,-1.9908167
3.1034,ID,id.pitch.u_ad,0
3.1034,ID,id.pitch.u_nom,-0.21634357
3.1034,ID,id.pitch.x,1.757539
3.1034,ID,id.pitch.xm,-1.9908167
3.1034,ID,id.sample_counter,43606
3.1034,ID,id.sysid_state,4
3.1034,ID,id.vbat,0.019001348
3.1082,ID,id.arm,1
3.1082,ID,id.axis,0
3.1082,ID,id.dither,0
3.1082,ID,id.mode,1
3.1082,ID,id.pitch.r,-1.5862966
3.1082,ID,id.pitch.u_ad,0
3.1082,ID,id.pitch.u_nom,-0.1794713
3.1082,ID,id.pitch.x,1.7359431
3.1082,ID,id.pitch.xm,-1.5862966
3.1082,ID,id.sample_counter,43607
3.1082,ID,id.sysid_state,4
3.1082,ID,id.vbat,0.019001348
3.1132,ID,id.arm,1
3.1132,ID,id.axis,0
3.1132,ID,id.dither,0
3.1132,ID,id.mode,1
3.1132,ID,id.pitch.r,-1.9034065
3.1132,ID,id.pitch.u_ad,0
3.1132,ID,id.pitch.u_nom,-0.25641027
3.1132,ID,id.pitch.x,1.6764544
3.1132,ID,id.pitch.xm,-1.9034065
3.1132,ID,id.sample_counter,43608
3.1132,ID,id.sysid_state,4
3.1132,ID,id.vbat,0.019001348
3.1183,ID,id.arm,1
3.1183,ID,id.axis,0
3.1183,ID,id.dither,0
3.1183,ID,id.mode,1
3.1183,ID,id.pitch.r,-2.1172786
3.1183,ID,id.pitch.u_ad,0
3.1183,ID,id.pitch.u_nom,-0.25641027
3.1183,ID,id.pitch.x,1.6571002
3.1183,ID,id.pitch.xm,-2.1172786
3.1183,ID,id.sample_counter,43609
3.1183,ID,id.sysid_state,4
3.1183,ID,id.vbat,0.019001348
3.1233,ID,id.arm,1
3.1233,ID,id.axis,0
3.1233,ID,id.dither,0
3.1233,ID,id.mode,1
3.1233,ID,id.pitch.r,-2.0757415
3.1233,ID,id.pitch.u_ad,0
3.1233,ID,id.pitch.u_nom,-0.25641027
3.1233,ID,id.pitch.x,1.8075643
3.1233,ID,id.pitch.xm,-2.0757415
3.1233,ID,id.sample_counter,43610
3.1233,ID,id.sysid_state,4
3.1233,ID,id.vbat,0.019001348
3.1281,ID,id.arm,1
3.1281,ID,id.axis,0
3.1281,ID,id.dither,0
3.1281,ID,id.mode,1
3.1281,ID,id.pitch.r,-1.814724
3.1281,ID,id.pitch.u_ad,0
3.1281,ID,id.pitch.u_nom,-0.20343542
3.1281,ID,id.pitch.x,1.9429846
3.1281,ID,id.pitch.xm,-1.814724
3.1281,ID,id.sample_counter,43611
3.1281,ID,id.sysid_state,4
3.1281,ID,id.vbat,0.019001348
3.1337,ID,id.arm,1
3.1337,ID,id.axis,0
3.1337,ID,id.dither,0
3.1337,ID,id.mode,1
3.1337,ID,id.pitch.r,-2.0758736
3.1337,ID,id.pitch.u_ad,0
3.1337,ID,id.pitch.u_nom,-0.25641027
3.1337,ID,id.pitch.x,2.156909
3.1337,ID,id.pitch.xm,-2.0758736
3.1337,ID,id.sample_counter,43612
3.1337,ID,id.sysid_state,4
3.1337,ID,id.vbat,0.019001348
3.1385,ID,id.arm,1
3.1385,ID,id.axis,0
3.1385,ID,id.dither,0
3.1385,ID,id.mode,1
3.1385,ID,id.pitch.r,-2.2407589
3.1385,ID,id.pitch.u_ad,0
3.1385,ID,id.pitch.u_nom,-0.25641027
3.1385,ID,id.pitch.x,2.2056887
3.1385,ID,id.pitch.xm,-2.2407589
3.1385,ID,id.sample_counter,43613
3.1385,ID,id.sysid_state,4
3.1385,ID,id.vbat,0.019001348
3.1432,ID,id.arm,1
3.1432,ID,id.axis,0
3.1432,ID,id.dither,0
3.1432,ID,id.mode,1
3.1432,ID,id.pitch.r,-2.2257681
3.1432,ID,id.pitch.u_ad,0
3.1432,ID,id.pitch.u_nom,-0.25641027
3.1432,ID,id.pitch.x,2.2589564
3.1432,ID,id.pitch.xm,-2.2257681
3.1432,ID,id.sample_counter,43614
3.1432,ID,id.sysid_state,4
3.1432,ID,id.vbat,0.019001348
3.1485,ID,id.arm,1
3.1485,ID,id.axis,0
3.1485,ID,id.dither,0
3.1485,ID,id.mode,1
3.1485,ID,id.pitch.r,-2.0700877
3.1485,ID,id.pitch.u_ad,0
3.1485,ID,id.pitch.u_nom,-0.1794713
3.1485,ID,id.pitch.x,2.1893449
3.1485,ID,id.pitch.xm,-2.0700877
3.1485,ID,id.sample_counter,43615
3.1485,ID,id.sysid_state,4
3.1485,ID,id.vbat,0.019001348
3.1532,ID,id.arm,1
3.1532,ID,id.axis,0
3.1532,ID,id.dither,0
3.1532,ID,id.mode,1
3.1532,ID,id.pitch.r,-2.2519729
3.1532,ID,id.pitch.u_ad,0
3.1532,ID,id.pitch.u_nom,-0.25641027
3.1532,ID,id.pitch.x,2.2013712
3.1532,ID,id.pitch.xm,-2.2519729
3.1532,ID,id.sample_counter,43616
3.1532,ID,id.sysid_state,4
3.1532,ID,id.vbat,0.019001348
3.1581,ID,id.arm,1
3.1581,ID,id.axis,0
3.1581,ID,id.dither,0
3.1581,ID,id.mode,1
3.1581,ID,id.pitch.r,-2.3896699
3.1581,ID,id.pitch.u_ad,0
3.1581,ID,id.pitch.u_nom,-0.25641027
3.1581,ID,id.pitch.x,2.1598847
3.1581,ID,id.pitch.xm,-2.3896699
3.1581,ID,id.sample_counter,43617
3.1581,ID,id.sysid_state,4
3.1581,ID,id.vbat,0.019001348
3.1631,ID,id.arm,1
3.1631,ID,id.axis,0
3.1631,ID,id.dither,0
3.1631,ID,id.mode,1
3.1631,ID,id.pitch.r,-2.3613486
3.1631,ID,id.pitch.u_ad,0
3.1631,ID,id.pitch.u_nom,-0.25641027
3.1631,ID,id.pitch.x,2.2058568
3.1631,ID,id.pitch.xm,-2.3613486
3.1631,ID,id.sample_counter,43618
3.1631,ID,id.sysid_state,4
3.1631,ID,id.vbat,0.019001348
3.1683,ID,id.arm,1
3.1683,ID,id.axis,0
3.1683,ID,id.dither,0
3.1683,ID,id.mode,1
3.1683,ID,id.pitch.r,-2.1962469
3.1683,ID,id.pitch.u_ad,0
3.1683,ID,id.pitch.u_nom,-0.20495439
3.1683,ID,id.pitch.x,2.2484632
3.1683,ID,id.pitch.xm,-2.1962469
3.1683,ID,id.sample_counter,43619
3.1683,ID,id.sysid_state,4
3.1683,ID,id.vbat,0.019001348
3.1732,ID,id.arm,1
3.1732,ID,id.axis,0
3.1732,ID,id.dither,0
3.1732,ID,id.mode,1
3.1732,ID,id.pitch.r,-2.3892972
3.1732,ID,id.pitch.u_ad,0
3.1732,ID,id.pitch.u_nom,-0.25641027
3.1732,ID,id.pitch.x,2.299633
3.1732,ID,id.pitch.xm,-2.3892972
3.1732,ID,id.sample_counter,43620
3.1732,ID,id.sysid_state,4
3.1732,ID,id.vbat,0.019001348
3.1782,ID,id.arm,1
3.1782,ID,id.axis,0
3.1782,ID,id.dither,0
3.1782,ID,id.mode,1
3.1782,ID,id.pitch.r,-2.529938
3.1782,ID,id.pitch.u_ad,0
3.1782,ID,id.pitch.u_nom,-0.25641027
3.1782,ID,id.pitch.x,2.3131752
3.1782,ID,id.pitch.xm,-2.529938
3.1782,ID,id.sample_counter,43621
3.1782,ID,id.sysid_state,4
3.1782,ID,id.vbat,0.019001348
3.1835,ID,id.arm,1
3.1835,ID,id.axis,0
3.1835,ID,id.dither,0
3.1835,ID,id.mode,1
3.1835,ID,id.pitch.r,-2.5023859
3.1835,ID,id.pitch.u_ad,0
3.1835,ID,id.pitch.u_nom,-0.25281337
3.1835,ID,id.pitch.x,2.3159618
3.1835,ID,id.pitch.xm,-2.5023859
3.1835,ID,id.sample_counter,43622
3.1835,ID,id.sysid_state,4
3.1835,ID,id.vbat,0.019001348
3.1882,ID,id.arm,1
3.1882,ID,id.axis,0
3.1882,ID,id.dither,0
3.1882,ID,id.mode,1
3.1882,ID,id.pitch.r,-2.4219506
3.1882,ID,id.pitch.u_ad,0
3.1882,ID,id.pitch.u_nom,-0.2114232
3.1882,ID,id.pitch.x,2.2871108
3.1882,ID,id.pitch.xm,-2.4219506
3.1882,ID,id.sample_counter,43623
3.1882,ID,id.sysid_state,4
3.1882,ID,id.vbat,0.019001348
3.1932,ID,id.arm,1
3.1932,ID,id.axis,0
3.1932,ID,id.dither,0
3.1932,ID,id.mode,1
3.1932,ID,id.pitch.r,-2.5340781
3.1932,ID,id.pitch.u_ad,0
3.1932,ID,id.pitch.u_nom,-0.1794713
3.1932,ID,id.pitch.x,1.9087486
3.1932,ID,id.pitch.xm,-2.5340781
3.1932,ID,id.sample_counter,43624
3.1932,ID,id.sysid_state,4
3.1932,ID,id.vbat,0.019001348
3.1989,ID,id.arm,1
3.1989,ID,id.axis,0
3.1989,ID,id.dither,0
3.1989,ID,id.mode,1
3.1989,ID,id.pitch.r,-2.5987854
3.1989,ID,id.pitch.u_ad,0
3.1989,ID,id.pitch.u_nom,-0.1794713
3.1989,ID,id.pitch.x,1.4561434
3.1989,ID,id.pitch.xm,-2.5987854
3.1989,ID,id.sample_counter,43625
3.1989,ID,id.sysid_state,4
3.1989,ID,id.vbat,0.019001348
3.2033,ID,id.arm,1
3.2033,ID,id.axis,0
3.2033,ID,id.dither,0
3.2033,ID,id.mode,1
3.2033,ID,id.pitch.r,-2.5608425
3.2033,ID,id.pitch.u_ad,0
3.2033,ID,id.pitch.u_nom,-0.1794713
3.2033,ID,id.pitch.x,1.0539458
3.2033,ID,id.pitch.xm,-2.5608425
3.2033,ID,id.sample_counter,43626
3.2033,ID,id.sysid_state,4
3.2033,ID,id.vbat,0.019001348
3.2082,ID,id.arm,1
3.2082,ID,id.axis,0
3.2082,ID,id.dither,0
3.2082,ID,id.mode,1
3.2082,ID,id.pitch.r,-2.657304
3.2082,ID,id.pitch.u_ad,0
3.2082,ID,id.pitch.u_nom,-0.18465523
3.2082,ID,id.pitch.x,0.7935372
3.2082,ID,id.pitch.xm,-2.657304
3.2082,ID,id.sample_counter,43627
3.2082,ID,id.sysid_state,4
3.2082,ID,id.vbat,0.019001348
3.2131,ID,id.arm,1
3.2131,ID,id.axis,0
3.2131,ID,id.dither,0
3.2131,ID,id.mode,1
3.2131,ID,id.pitch.r,-2.586385
3.2131,ID,id.pitch.u_ad,0
3.2131,ID,id.pitch.u_nom,-0.1794713
3.2131,ID,id.pitch.x,0.45880628
3.2131,ID,id.pitch.xm,-2.586385
3.2131,ID,id.sample_counter,43628
3.2131,ID,id.sysid_state,4
3.2131,ID,id.vbat,0.019001348
3.2184,ID,id.arm,1
3.2184,ID,id.axis,0
3.2184,ID,id.dither,0
3.2184,ID,id.mode,1
3.2184,ID,id.pitch.r,-2.5006571
3.2184,ID,id.pitch.u_ad,0
3.2184,ID,id.pitch.u_nom,-0.1794713
3.2184,ID,id.pitch.x,0.33418885
3.2184,ID,id.pitch.xm,-2.5006571
3.2184,ID,id.sample_counter,43629
3.2184,ID,id.sysid_state,4
3.2184,ID,id.vbat,0.019001348
3.2233,ID,id.arm,1
3.2233,ID,id.axis,0
3.2233,ID,id.dither,0
3.2233,ID,id.mode,1
3.2233,ID,id.pitch.r,-2.5595827
3.2233,ID,id.pitch.u_ad,0
3.2233,ID,id.pitch.u_nom,-0.21846102
3.2233,ID,id.pitch.x,0.18034866
3.2233,ID,id.pitch.xm,-2.5595827
3.2233,ID,id.sample_counter,43630
3.2233,ID,id.sysid_state,4
3.2233,ID,id.vbat,0.019001348
3.2282,ID,id.arm,1
3.2282,ID,id.axis,0
3.2282,ID,id.dither,0
3.2282,ID,id.mode,1
3.2282,ID,id.pitch.r,-2.8554993
3.2282,ID,id.pitch.u_ad,0
3.2282,ID,id.pitch.u_nom,-0.22880217
3.2282,ID,id.pitch.x,-0.18936548
3.2282,ID,id.pitch.xm,-2.8554993
3.2282,ID,id.sample_counter,43631
3.2282,ID,id.sysid_state,4
3.2282,ID,id.vbat,0.019001348
3.2349,ID,id.arm,1
3.2349,ID,id.axis,0
3.2349,ID,id.dither,0
3.2349,ID,id.mode,1
3.2349,ID,id.pitch.r,-2.6652608
3.2349,ID,id.pitch.u_ad,0
3.2349,ID,id.pitch.u_nom,-0.1794713
3.2349,ID,id.pitch.x,-0.4499543
3.2349,ID,id.pitch.xm,-2.6652608
3.2349,ID,id.sample_counter,43632
3.2349,ID,id.sysid_state,4
3.2349,ID,id.vbat,0.019001348
3.2381,ID,id.arm,1
3.2381,ID,id.axis,0
3.2381,ID,id.dither,0
3.2381,ID,id.mode,1
3.2381,ID,id.pitch.r,-2.3991544
3.2381,ID,id.pitch.u_ad,0
3.2381,ID,id.pitch.u_nom,-0.1794713
3.2381,ID,id.pitch.x,-0.585181
3.2381,ID,id.pitch.xm,-2.3991544
3.2381,ID,id.sample_counter,43633
3.2381,ID,id.sysid_state,4
3.2381,ID,id.vbat,0.019001348
3.2432,ID,id.arm,1
3.2432,ID,id.axis,0
3.2432,ID,id.dither,0
3.2432,ID,id.mode,1
3.2432,ID,id.pitch.r,-2.543818
3.2432,ID,id.pitch.u_ad,0
3.2432,ID,id.pitch.u_nom,-0.25641027
3.2432,ID,id.pitch.x,-0.53504759
3.2432,ID,id.pitch.xm,-2.543818
3.2432,ID,id.sample_counter,43634
3.2432,ID,id.sysid_state,4
3.2432,ID,id.vbat,0.019001348
3.2484,ID,id.arm,1
3.2484,ID,id.axis,0
3.2484,ID,id.dither,0
3.2484,ID,id.mode,1
3.2484,ID,id.pitch.r,-2.8942921
3.2484,ID,id.pitch.u_ad,0
3.2484,ID,id.pitch.u_nom,-0.25641027
3.2484,ID,id.pitch.x,-0.36558267
3.2484,ID,id.pitch.xm,-2.8942921
3.2484,ID,id.sample_counter,43635
3.2484,ID,id.sysid_state,4
3.2484,ID,id.vbat,0.019001348
3.2532,ID,id.arm,1
3.2532,ID,id.axis,0
3.2532,ID,id.dither,0
3.2532,ID,id.mode,1
3.2532,ID,id.pitch.r,-2.7038417
3.2532,ID,id.pitch.u_ad,0
3.2532,ID,id.pitch.u_nom,-0.25641027
3.2532,ID,id.pitch.x,-0.19155081
3.2532,ID,id.pitch.xm,-2.7038417
3.2532,ID,id.sample_counter,43636
3.2532,ID,id.sysid_state,4
3.2532,ID,id.vbat,0.019001348
3.2582,ID,id.arm,0
3.2582,ID,id.axis,0
3.2582,ID,id.dither,0
3.2582,ID,id.mode,0
3.2582,ID,id.pitch.r,-2.4271483
3.2582,ID,id.pitch.u_ad,0
3.2582,ID,id.pitch.u_nom,-0.2187465
3.2582,ID,id.pitch.x,-0.009189086
3.2582,ID,id.pitch.xm,-2.4271483
3.2582,ID,id.sample_counter,43637
3.2582,ID,id.sysid_state,4
3.2582,ID,id.vbat,0.019001348
3.2630,ID,id.arm,0
3.2630,ID,id.axis,0
3.2630,ID,id.dither,0
3.2630,ID,id.mode,0
3.2630,ID,id.pitch.r,-2.6034317
3.2630,ID,id.pitch.u_ad,0
3.2630,ID,id.pitch.u_nom,-0.25641027
3.2630,ID,id.pitch.x,0.06438835
3.2630,ID,id.pitch.xm,-2.6034317
3.2630,ID,id.sample_counter,43638
3.2630,ID,id.sysid_state,4
3.2630,ID,id.vbat,0.019001348
3.2651,A,mrac.pitch.e,0.20661747
3.2651,A,mrac.pitch.u_ad,-0.027108217
3.2651,A,mrac.roll.e,-0.2173617
3.2651,A,mrac.roll.u_ad,0.16147248
3.2651,A,mrac.yaw.e,0.21340318
3.2651,A,mrac.yaw.u_ad,-0.021338467
3.2651,A,mrac.z.e,0.10621598
3.2651,A,mrac.z.u_ad,-0.057903521
3.2651,A,status.arm,1
3.2651,A,status.flymode,1
3.2651,A,status.rc_authority,0
3.2651,A,status.sbus_lost,0
3.2651,A,status.twc_arrived,0
3.2651,A,status.twc_execute,0
3.2651,B,mrac.pitch.theta_0,3.8353875e-08
3.2651,B,mrac.pitch.theta_1,0.0026793308
3.2651,B,mrac.pitch.theta_2,0.00036447751
3.2651,B,mrac.pitch.theta_3,0.0021368773
3.2651,B,mrac.pitch.theta_4,0.12672588
3.2651,B,mrac.pitch.theta_5,0.14228033
3.2651,B,mrac.pitch.u_nom,-0.13606945
3.2651,B,mrac.pitch.xm,-0.13345523
3.2651,B,mrac.roll.theta_0,0.14801875
3.2651,B,mrac.roll.theta_1,0.0010706458
3.2651,B,mrac.roll.theta_2,0.0078351134
3.2651,B,mrac.roll.theta_3,0.0017508217
3.2651,B,mrac.roll.theta_4,0.1164327
3.2651,B,mrac.roll.theta_5,0.13305739
3.2651,B,mrac.roll.u_nom,0.13481887
3.2651,B,mrac.roll.xm,0.06991189
3.2651,B,mrac.yaw.theta_0,1.9618179e-44
3.2651,B,mrac.yaw.theta_1,0.0038231763
3.2651,B,mrac.yaw.theta_2,0.0011539053
3.2651,B,mrac.yaw.theta_3,0
3.2651,B,mrac.yaw.theta_4,0.11176347
3.2651,B,mrac.yaw.theta_5,0.088189892
3.2651,B,mrac.yaw.u_nom,-0.05672732
3.2651,B,mrac.yaw.xm,-0.17635128
3.2651,B,mrac.z.theta_0,0.010391511
3.2651,B,mrac.z.theta_1,0.0020866562
3.2651,B,mrac.z.theta_2,0.0010444676
3.2651,B,mrac.z.theta_3,0
3.2651,B,mrac.z.theta_4,0.19652115
3.2651,B,mrac.z.theta_5,0.19049689
3.2651,B,mrac.z.u_nom,-0.248189
3.2651,B,mrac.z.xm,-0.10660028
3.2651,B,path.active_path_mode,0
3.2651,B,path.circle_theta,0
3.2651,B,path.sinusoid_t_elapsed,0
3.2651,B,path.twc_arrived,0
3.2651,B,path.twc_target_x,0
3.2651,B,path.twc_target_y,0
3.2651,B,path.twc_target_z,0
3.2651,B,pid.gyrox.Des,4.0056543
3.2651,B,pid.gyrox.FB,-5.558001
3.2651,B,pid.gyrox.U,157.73808
3.2651,B,pid.gyroy.Des,-7.6464181
3.2651,B,pid.gyroy.FB,6.5247588
3.2651,B,pid.gyroy.U,-159.20125
3.2651,B,pid.gyroz.Des,-10.104179
3.2651,B,pid.gyroz.FB,2.9126422
3.2651,B,pid.gyroz.U,-106.19354
3.2651,B,pid.locx.Des,0
3.2651,B,pid.locx.FB,0.76229656
3.2651,B,pid.locx.U,-2.4688075
3.2651,B,pid.locxs.Des,-2.4688075
3.2651,B,pid.locxs.FB,-3.9176743
3.2651,B,pid.locxs.U,4.4412475
3.2651,B,pid.locy.Des,-47.210907
3.2651,B,pid.locy.FB,-23.9251
3.2651,B,pid.locy.U,-20.516798
3.2651,B,pid.locys.Des,-20.516798
3.2651,B,pid.locys.FB,-3.1067393
3.2651,B,pid.locys.U,-49.070194
3.2651,B,pid.pitch.Des,-2.8694906
3.2651,B,pid.pitch.FB,-0.36534271
3.2651,B,pid.pitch.U,-7.6464181
3.2651,B,pid.roll.Des,-0.18209788
3.2651,B,pid.roll.FB,-1.5195327
3.2651,B,pid.roll.U,4.0056543
3.2651,B,pid.yaw.Des,-2.8954291
3.2651,B,pid.yaw.FB,-1.5447326
3.2651,B,pid.yaw.U,-10.104179
3.2651,B,pid.z_pos.Des,1.0195838
3.2651,B,pid.z_pos.FB,1.0296168
3.2651,B,pid.z_pos.U,-0.10660028
3.2651,B,pid.z_rate.Des,-0.10660028
3.2651,B,pid.z_rate.FB,-0.0014803832
3.2651,B,pid.z_rate.U,-55.097958
3.2651,B,status.vbat,0
3.2683,ID,id.arm,0
3.2683,ID,id.axis,0
3.2683,ID,id.dither,0
3.2683,ID,id.mode,0
3.2683,ID,id.pitch.r,-2.8544927
3.2683,ID,id.pitch.u_ad,0
3.2683,ID,id.pitch.u_nom,-0.25641027
3.2683,ID,id.pitch.x,0.10455611
3.2683,ID,id.pitch.xm,-2.8544927
3.2683,ID,id.sample_counter,43639
3.2683,ID,id.sysid_state,4
3.2683,ID,id.vbat,0.019001348
3.2732,ID,id.arm,0
3.2732,ID,id.axis,0
3.2732,ID,id.dither,0
3.2732,ID,id.mode,0
3.2732,ID,id.pitch.r,-2.6830928
3.2732,ID,id.pitch.u_ad,0
3.2732,ID,id.pitch.u_nom,-0.1794713
3.2732,ID,id.pitch.x,0.086699747
3.2732,ID,id.pitch.xm,-2.6830928
3.2732,ID,id.sample_counter,43640
3.2732,ID,id.sysid_state,4
3.2732,ID,id.vbat,0.019001348
3.2784,ID,id.arm,0
3.2784,ID,id.axis,0
3.2784,ID,id.dither,0
3.2784,ID,id.mode,0
3.2784,ID,id.pitch.r,-2.4668839
3.2784,ID,id.pitch.u_ad,0
3.2784,ID,id.pitch.u_nom,-0.1794713
3.2784,ID,id.pitch.x,-0.14584176
3.2784,ID,id.pitch.xm,-2.4668839
3.2784,ID,id.sample_counter,43641
3.2784,ID,id.sysid_state,4
3.2784,ID,id.vbat,0.019001348
3.2837,ID,id.arm,0
3.2837,ID,id.axis,0
3.2837,ID,id.dither,0
3.2837,ID,id.mode,0
3.2837,ID,id.pitch.r,-2.6045082
3.2837,ID,id.pitch.u_ad,0
3.2837,ID,id.pitch.u_nom,-0.20730515
3.2837,ID,id.pitch.x,-0.40116113
3.2837,ID,id.pitch.xm,-2.6045082
3.2837,ID,id.sample_counter,43642
3.2837,ID,id.sysid_state,4
3.2837,ID,id.vbat,0.019001348
3.2883,ID,id.arm,0
3.2883,ID,id.axis,0
3.2883,ID,id.dither,0
3.2883,ID,id.mode,0
3.2883,ID,id.pitch.r,-2.768954
3.2883,ID,id.pitch.u_ad,0
3.2883,ID,id.pitch.u_nom,-0.20775405
3.2883,ID,id.pitch.x,-0.68238544
3.2883,ID,id.pitch.xm,-2.768954
3.2883,ID,id.sample_counter,43643
3.2883,ID,id.sysid_state,4
3.2883,ID,id.vbat,0.019001348
3.2931,ID,id.arm,0
3.2931,ID,id.axis,0
3.2931,ID,id.dither,0
3.2931,ID,id.mode,0
3.2931,ID,id.pitch.r,-2.6128666
3.2931,ID,id.pitch.u_ad,0
3.2931,ID,id.pitch.u_nom,-0.1794713
3.2931,ID,id.pitch.x,-0.88727957
3.2931,ID,id.pitch.xm,-2.6128666
3.2931,ID,id.sample_counter,43644
3.2931,ID,id.sysid_state,4
3.2931,ID,id.vbat,0.019001348
3.2987,ID,id.arm,0
3.2987,ID,id.axis,0
3.2987,ID,id.dither,0
3.2987,ID,id.mode,0
3.2987,ID,id.pitch.r,-2.4464645
3.2987,ID,id.pitch.u_ad,0
3.2987,ID,id.pitch.u_nom,-0.1794713
3.2987,ID,id.pitch.x,-1.0251161
3.2987,ID,id.pitch.xm,-2.4464645
3.2987,ID,id.sample_counter,43645
3.2987,ID,id.sysid_state,4
3.2987,ID,id.vbat,0.019001348
3.3033,ID,id.arm,0
3.3033,ID,id.axis,0
3.3033,ID,id.dither,0
3.3033,ID,id.mode,0
3.3033,ID,id.pitch.r,-2.5324953
3.3033,ID,id.pitch.u_ad,0
3.3033,ID,id.pitch.u_nom,-0.25641027
3.3033,ID,id.pitch.x,-1.0892041
3.3033,ID,id.pitch.xm,-2.5324953
3.3033,ID,id.sample_counter,43646
3.3033,ID,id.sysid_state,4
3.3033,ID,id.vbat,0
3.3084,ID,id.arm,0
3.3084,ID,id.axis,0
3.3084,ID,id.dither,0
3.3084,ID,id.mode,0
3.3084,ID,id.pitch.r,-2.7976494
3.3084,ID,id.pitch.u_ad,0
3.3084,ID,id.pitch.u_nom,-0.25641027
3.3084,ID,id.pitch.x,-1.0896968
3.3084,ID,id.pitch.xm,-2.7976494
3.3084,ID,id.sample_counter,43647
3.3084,ID,id.sysid_state,4
3.3084,ID,id.vbat,0
3.3134,ID,id.arm,0
3.3134,ID,id.axis,0
3.3134,ID,id.dither,0
3.3134,ID,id.mode,0
3.3134,ID,id.pitch.r,-2.5780125
3.3134,ID,id.pitch.u_ad,0
3.3134,ID,id.pitch.u_nom,-0.18815635
3.3134,ID,id.pitch.x,-1.0268574
3.3134,ID,id.pitch.xm,-2.5780125
3.3134,ID,id.sample_counter,43648
3.3134,ID,id.sysid_state,4
3.3134,ID,id.vbat,0
3.3182,ID,id.arm,0
3.3182,ID,id.axis,0
3.3182,ID,id.dither,0
3.3182,ID,id.mode,0
3.3182,ID,id.pitch.r,-2.3730421
3.3182,ID,id.pitch.u_ad,0
3.3182,ID,id.pitch.u_nom,-0.24338515
3.3182,ID,id.pitch.x,-0.86590576
3.3182,ID,id.pitch.xm,-2.3730421
3.3182,ID,id.sample_counter,43649
3.3182,ID,id.sysid_state,4
3.3182,ID,id.vbat,0
3.3233,ID,id.arm,0
3.3233,ID,id.axis,0
3.3233,ID,id.dither,0
3.3233,ID,id.mode,0
3.3233,ID,id.pitch.r,-2.5077648
3.3233,ID,id.pitch.u_ad,0
3.3233,ID,id.pitch.u_nom,-0.25641027
3.3233,ID,id.pitch.x,-0.54478365
3.3233,ID,id.pitch.xm,-2.5077648
3.3233,ID,id.sample_counter,43650
3.3233,ID,id.sysid_state,4
3.3233,ID,id.vbat,0
3.3285,ID,id.arm,0
3.3285,ID,id.axis,0
3.3285,ID,id.dither,0
3.3285,ID,id.mode,0
3.3285,ID,id.pitch.r,-2.6889987
3.3285,ID,id.pitch.u_ad,0
3.3285,ID,id.pitch.u_nom,-0.25641027
3.3285,ID,id.pitch.x,-0.086108491
3.3285,ID,id.pitch.xm,-2.6889987
3.3285,ID,id.sample_counter,43651
3.3285,ID,id.sysid_state,4
3.3285,ID,id.vbat,0
3.3351,ID,id.arm,0
3.3351,ID,id.axis,0
3.3351,ID,id.dither,0
3.3351,ID,id.mode,0
3.3351,ID,id.pitch.r,-2.587996
3.3351,ID,id.pitch.u_ad,0
3.3351,ID,id.pitch.u_nom,-0.25641027
3.3351,ID,id.pitch.x,0.27339748
3.3351,ID,id.pitch.xm,-2.587996
3.3351,ID,id.sample_counter,43652
3.3351,ID,id.sysid_state,4
3.3351,ID,id.vbat,0
3.3383,ID,id.arm,0
3.3383,ID,id.axis,0
3.3383,ID,id.dither,0
3.3383,ID,id.mode,0
3.3383,ID,id.pitch.r,-2.4517245
3.3383,ID,id.pitch.u_ad,0
3.3383,ID,id.pitch.u_nom,-0.25641027
3.3383,ID,id.pitch.x,0.4397155
3.3383,ID,id.pitch.xm,-2.4517245
3.3383,ID,id.sample_counter,43653
3.3383,ID,id.sysid_state,4
3.3383,ID,id.vbat,0
3.3432,ID,id.arm,0
3.3432,ID,id.axis,0
3.3432,ID,id.dither,0
3.3432,ID,id.mode,0
3.3432,ID,id.pitch.r,-2.5748048
3.3432,ID,id.pitch.u_ad,0
3.3432,ID,id.pitch.u_nom,-0.25641027
3.3432,ID,id.pitch.x,0.47390768
3.3432,ID,id.pitch.xm,-2.5748048
3.3432,ID,id.sample_counter,43654
3.3432,ID,id.sysid_state,4
3.3432,ID,id.vbat,0
3.3486,ID,id.arm,0
3.3486,ID,id.axis,0
3.3486,ID,id.dither,0
3.3486,ID,id.mode,0
3.3486,ID,id.pitch.r,-2.461931
3.3486,ID,id.pitch.u_ad,0
3.3486,ID,id.pitch.u_nom,-0.19678037
3.3486,ID,id.pitch.x,0.44759431
3.3486,ID,id.pitch.xm,-2.461931
3.3486,ID,id.sample_counter,43655
3.3486,ID,id.sysid_state,4
3.3486,ID,id.vbat,0
3.3532,ID,id.arm,0
3.3532,ID,id.axis,0
3.3532,ID,id.dither,0
3.3532,ID,id.mode,0
3.3532,ID,id.pitch.r,-2.5575342
3.3532,ID,id.pitch.u_ad,0
3.3532,ID,id.pitch.u_nom,-0.25641027
3.3532,ID,id.pitch.x,0.43479231
3.3532,ID,id.pitch.xm,-2.5575342
3.3532,ID,id.sample_counter,43656
3.3532,ID,id.sysid_state,4
3.3532,ID,id.vbat,0
3.3582,ID,id.arm,0
3.3582,ID,id.axis,0
3.3582,ID,id.dither,0
3.3582,ID,id.mode,0
3.3582,ID,id.pitch.r,-2.6026006
3.3582,ID,id.pitch.u_ad,0
3.3582,ID,id.pitch.u_nom,-0.25641027
3.3582,ID,id.pitch.x,0.51369613
3.3582,ID,id.pitch.xm,-2.6026006
3.3582,ID,id.sample_counter,43657
3.3582,ID,id.sysid_state,4
3.3582,ID,id.vbat,0
3.3632,ID,id.arm,0
3.3632,ID,id.axis,0
3.3632,ID,id.dither,0
3.3632,ID,id.mode,0
3.3632,ID,id.pitch.r,-2.5910866
3.3632,ID,id.pitch.u_ad,0
3.3632,ID,id.pitch.u_nom,-0.25641027
3.3632,ID,id.pitch.x,0.66919941
3.3632,ID,id.pitch.xm,-2.5910866
3.3632,ID,id.sample_counter,43658
3.3632,ID,id.sysid_state,4
3.3632,ID,id.vbat,0
3.3683,ID,id.arm,0
3.3683,ID,id.axis,0
3.3683,ID,id.dither,0
3.3683,ID,id.mode,0
3.3683,ID,id.pitch.r,-2.4972701
3.3683,ID,id.pitch.u_ad,0
3.3683,ID,id.pitch.u_nom,-0.25641027
3.3683,ID,id.pitch.x,0.86792934
3.3683,ID,id.pitch.xm,-2.4972701
3.3683,ID,id.sample_counter,43659
3.3683,ID,id.sysid_state,4
3.3683,ID,id.vbat,0
3.3732,ID,id.arm,0
3.3732,ID,id.axis,0
3.3732,ID,id.dither,0
3.3732,ID,id.mode,0
3.3732,ID,id.pitch.r,-2.6065137
3.3732,ID,id.pitch.u_ad,0
3.3732,ID,id.pitch.u_nom,-0.25641027
3.3732,ID,id.pitch.x,1.0007533
3.3732,ID,id.pitch.xm,-2.6065137
3.3732,ID,id.sample_counter,43660
3.3732,ID,id.sysid_state,4
3.3732,ID,id.vbat,0
3.3782,ID,id.arm,0
3.3782,ID,id.axis,0
3.3782,ID,id.dither,0
3.3782,ID,id.mode,0
3.3782,ID,id.pitch.r,-2.6643622
3.3782,ID,id.pitch.u_ad,0
3.3782,ID,id.pitch.u_nom,-0.25641027
3.3782,ID,id.pitch.x,1.081688
3.3782,ID,id.pitch.xm,-2.6643622
3.3782,ID,id.sample_counter,43661
3.3782,ID,id.sysid_state,4
3.3782,ID,id.vbat,0
3.3836,ID,id.arm,0
3.3836,ID,id.axis,0
3.3836,ID,id.dither,0
3.3836,ID,id.mode,0
3.3836,ID,id.pitch.r,-2.6598051
3.3836,ID,id.pitch.u_ad,0
3.3836,ID,id.pitch.u_nom,-0.25641027
3.3836,ID,id.pitch.x,1.1253451
3.3836,ID,id.pitch.xm,-2.6598051
3.3836,ID,id.sample_counter,43662
3.3836,ID,id.sysid_state,4
3.3836,ID,id.vbat,0
3.3882,ID,id.arm,0
3.3882,ID,id.axis,0
3.3882,ID,id.dither,0
3.3882,ID,id.mode,0
3.3882,ID,id.pitch.r,-2.6592574
3.3882,ID,id.pitch.u_ad,0
3.3882,ID,id.pitch.u_nom,-0.25641027
3.3882,ID,id.pitch.x,1.2057501
3.3882,ID,id.pitch.xm,-2.6592574
3.3882,ID,id.sample_counter,43663
3.3882,ID,id.sysid_state,4
3.3882,ID,id.vbat,0
3.3931,ID,id.arm,0
3.3931,ID,id.axis,0
3.3931,ID,id.dither,0
3.3931,ID,id.mode,0
3.3931,ID,id.pitch.r,-2.7077315
3.3931,ID,id.pitch.u_ad,0
3.3931,ID,id.pitch.u_nom,-0.25641027
3.3931,ID,id.pitch.x,1.3657408
3.3931,ID,id.pitch.xm,-2.7077315
3.3931,ID,id.sample_counter,43664
3.3931,ID,id.sysid_state,4
3.3931,ID,id.vbat,0
3.3988,ID,id.arm,0
3.3988,ID,id.axis,0
3.3988,ID,id.dither,0
3.3988,ID,id.mode,0
3.3988,ID,id.pitch.r,-2.7029786
3.3988,ID,id.pitch.u_ad,0
3.3988,ID,id.pitch.u_nom,-0.25641027
3.3988,ID,id.pitch.x,1.5457478
3.3988,ID,id.pitch.xm,-2.7029786
3.3988,ID,id.sample_counter,43665
3.3988,ID,id.sysid_state,4
3.3988,ID,id.vbat,0
3.4032,ID,id.arm,0
3.4032,ID,id.axis,0
3.4032,ID,id.dither,0
3.4032,ID,id.mode,0
3.4032,ID,id.pitch.r,-2.7641704
3.4032,ID,id.pitch.u_ad,0
3.4032,ID,id.pitch.u_nom,-0.25641027
3.4032,ID,id.pitch.x,1.7544044
3.4032,ID,id.pitch.xm,-2.7641704
3.4032,ID,id.sample_counter,43666
3.4032,ID,id.sysid_state,4
3.4032,ID,id.vbat,0
3.4082,ID,id.arm,0
3.4082,ID,id.axis,0
3.4082,ID,id.dither,0
3.4082,ID,id.mode,0
3.4082,ID,id.pitch.r,-2.6690276
3.4082,ID,id.pitch.u_ad,0
3.4082,ID,id.pitch.u_nom,-0.25641027
3.4082,ID,id.pitch.x,1.8843658
3.4082,ID,id.pitch.xm,-2.6690276
3.4082,ID,id.sample_counter,43667
3.4082,ID,id.sysid_state,4
3.4082,ID,id.vbat,0
3.4133,ID,id.arm,0
3.4133,ID,id.axis,0
3.4133,ID,id.dither,0
3.4133,ID,id.mode,0
3.4133,ID,id.pitch.r,-2.7985771
3.4133,ID,id.pitch.u_ad,0
3.4133,ID,id.pitch.u_nom,-0.25641027
3.4133,ID,id.pitch.x,1.9175168
3.4133,ID,id.pitch.xm,-2.7985771
3.4133,ID,id.sample_counter,43668
3.4133,ID,id.sysid_state,4
3.4133,ID,id.vbat,0
3.4183,ID,id.arm,0
3.4183,ID,id.axis,0
3.4183,ID,id.dither,0
3.4183,ID,id.mode,0
3.4183,ID,id.pitch.r,-2.8784559
3.4183,ID,id.pitch.u_ad,0
3.4183,ID,id.pitch.u_nom,-0.25641027
3.4183,ID,id.pitch.x,1.9216551
3.4183,ID,id.pitch.xm,-2.8784559
3.4183,ID,id.sample_counter,43669
3.4183,ID,id.sysid_state,4
3.4183,ID,id.vbat,0
3.4233,ID,id.arm,0
3.4233,ID,id.axis,0
3.4233,ID,id.dither,0
3.4233,ID,id.mode,0
3.4233,ID,id.pitch.r,-2.8775849
3.4233,ID,id.pitch.u_ad,0
3.4233,ID,id.pitch.u_nom,-0.25641027
3.4233,ID,id.pitch.x,1.9130661
3.4233,ID,id.pitch.xm,-2.8775849
3.4233,ID,id.sample_counter,43670
3.4233,ID,id.sysid_state,4
3.4233,ID,id.vbat,0
3.4283,ID,id.arm,0
3.4283,ID,id.axis,0
3.4283,ID,id.dither,0
3.4283,ID,id.mode,0
3.4283,ID,id.pitch.r,-2.8634448
3.4283,ID,id.pitch.u_ad,0
3.4283,ID,id.pitch.u_nom,-0.24823053
3.4283,ID,id.pitch.x,1.8930823
3.4283,ID,id.pitch.xm,-2.8634448
3.4283,ID,id.sample_counter,43671
3.4283,ID,id.sysid_state,4
3.4283,ID,id.vbat,0
3.4333,ID,id.arm,0
3.4333,ID,id.axis,0
3.4333,ID,id.dither,0
3.4333,ID,id.mode,0
3.4333,ID,id.pitch.r,-2.9255884
3.4333,ID,id.pitch.u_ad,0
3.4333,ID,id.pitch.u_nom,-0.25641027
3.4333,ID,id.pitch.x,1.9446824
3.4333,ID,id.pitch.xm,-2.9255884
3.4333,ID,id.sample_counter,43672
3.4333,ID,id.sysid_state,4
3.4333,ID,id.vbat,0
3.4384,ID,id.arm,0
3.4384,ID,id.axis,0
3.4384,ID,id.dither,0
3.4384,ID,id.mode,0
3.4384,ID,id.pitch.r,-2.9444401
3.4384,ID,id.pitch.u_ad,0
3.4384,ID,id.pitch.u_nom,-0.25641027
3.4384,ID,id.pitch.x,1.9921949
3.4384,ID,id.pitch.xm,-2.9444401
3.4384,ID,id.sample_counter,43673
3.4384,ID,id.sysid_state,4
3.4384,ID,id.vbat,0
3.4434,ID,id.arm,0
3.4434,ID,id.axis,0
3.4434,ID,id.dither,0
3.4434,ID,id.mode,0
3.4434,ID,id.pitch.r,-2.9910355
3.4434,ID,id.pitch.u_ad,0
3.4434,ID,id.pitch.u_nom,-0.25641027
3.4434,ID,id.pitch.x,2.0568326
3.4434,ID,id.pitch.xm,-2.9910355
3.4434,ID,id.sample_counter,43674
3.4434,ID,id.sysid_state,4
3.4434,ID,id.vbat,0
3.4500,ID,id.arm,0
3.4500,ID,id.axis,0
3.4500,ID,id.dither,0
3.4500,ID,id.mode,0
3.4500,ID,id.pitch.r,-2.9945467
3.4500,ID,id.pitch.u_ad,0
3.4500,ID,id.pitch.u_nom,-0.25641027
3.4500,ID,id.pitch.x,2.0953686
3.4500,ID,id.pitch.xm,-2.9945467
3.4500,ID,id.sample_counter,43675
3.4500,ID,id.sysid_state,4
3.4500,ID,id.vbat,0
3.4533,ID,id.arm,0
3.4533,ID,id.axis,0
3.4533,ID,id.dither,0
3.4533,ID,id.mode,0
3.4533,ID,id.pitch.r,-3.0499599
3.4533,ID,id.pitch.u_ad,0
3.4533,ID,id.pitch.u_nom,-0.25641027
3.4533,ID,id.pitch.x,2.0609059
3.4533,ID,id.pitch.xm,-3.0499599
3.4533,ID,id.sample_counter,43676
3.4533,ID,id.sysid_state,4
3.4533,ID,id.vbat,0
3.4583,ID,id.arm,0
3.4583,ID,id.axis,0
3.4583,ID,id.dither,0
3.4583,ID,id.mode,0
3.4583,ID,id.pitch.r,-3.0715473
3.4583,ID,id.pitch.u_ad,0
3.4583,ID,id.pitch.u_nom,-0.2298665
3.4583,ID,id.pitch.x,1.9676948
3.4583,ID,id.pitch.xm,-3.0715473
3.4583,ID,id.sample_counter,43677
3.4583,ID,id.sysid_state,4
3.4583,ID,id.vbat,0
3.4632,ID,id.arm,0
3.4632,ID,id.axis,0
3.4632,ID,id.dither,0
3.4632,ID,id.mode,0
3.4632,ID,id.pitch.r,-3.1066818
3.4632,ID,id.pitch.u_ad,0
3.4632,ID,id.pitch.u_nom,-0.25641027
3.4632,ID,id.pitch.x,1.9473108
3.4632,ID,id.pitch.xm,-3.1066818
3.4632,ID,id.sample_counter,43678
3.4632,ID,id.sysid_state,4
3.4632,ID,id.vbat,0
3.4683,ID,id.arm,0
3.4683,ID,id.axis,0
3.4683,ID,id.dither,0
3.4683,ID,id.mode,0
3.4683,ID,id.pitch.r,-3.1140921
3.4683,ID,id.pitch.u_ad,0
3.4683,ID,id.pitch.u_nom,-0.25402445
3.4683,ID,id.pitch.x,1.9176075
3.4683,ID,id.pitch.xm,-3.1140921
3.4683,ID,id.sample_counter,43679
3.4683,ID,id.sysid_state,4
3.4683,ID,id.vbat,0
3.4748,ID,id.arm,0
3.4748,ID,id.axis,0
3.4748,ID,id.dither,0
3.4748,ID,id.mode,0
3.4748,ID,id.pitch.r,-3.1585665
3.4748,ID,id.pitch.u_ad,0
3.4748,ID,id.pitch.u_nom,-0.25641027
3.4748,ID,id.pitch.x,1.9143132
3.4748,ID,id.pitch.xm,-3.1585665
3.4748,ID,id.sample_counter,43680
3.4748,ID,id.sysid_state,4
3.4748,ID,id.vbat,0
3.4782,ID,id.arm,0
3.4782,ID,id.axis,0
3.4782,ID,id.dither,0
3.4782,ID,id.mode,0
3.4782,ID,id.pitch.r,-3.2926602
3.4782,ID,id.pitch.u_ad,0
3.4782,ID,id.pitch.u_nom,-0.25641027
3.4782,ID,id.pitch.x,1.8814214
3.4782,ID,id.pitch.xm,-3.2926602
3.4782,ID,id.sample_counter,43681
3.4782,ID,id.sysid_state,4
3.4782,ID,id.vbat,0
3.4815,A,mrac.pitch.e,0.20661747
3.4815,A,mrac.pitch.u_ad,-0.027108217
3.4815,A,mrac.roll.e,-0.2173617
3.4815,A,mrac.roll.u_ad,0.16147248
3.4815,A,mrac.yaw.e,0.21340318
3.4815,A,mrac.yaw.u_ad,-0.021338467
3.4815,A,mrac.z.e,0.10621598
3.4815,A,mrac.z.u_ad,-0.057903521
3.4815,A,status.arm,1
3.4815,A,status.flymode,1
3.4815,A,status.rc_authority,0
3.4815,A,status.sbus_lost,0
3.4815,A,status.twc_arrived,0
3.4815,A,status.twc_execute,0
3.4815,B,mrac.pitch.theta_0,3.8353875e-08
3.4815,B,mrac.pitch.theta_1,0.0026793308
3.4815,B,mrac.pitch.theta_2,0.00036447751
3.4815,B,mrac.pitch.theta_3,0.0021368773
3.4815,B,mrac.pitch.theta_4,0.12672588
3.4815,B,mrac.pitch.theta_5,0.14228033
3.4815,B,mrac.pitch.u_nom,-0.13606945
3.4815,B,mrac.pitch.xm,-0.13345523
3.4815,B,mrac.roll.theta_0,0.14801875
3.4815,B,mrac.roll.theta_1,0.0010706458
3.4815,B,mrac.roll.theta_2,0.0078351134
3.4815,B,mrac.roll.theta_3,0.0017508217
3.4815,B,mrac.roll.theta_4,0.1164327
3.4815,B,mrac.roll.theta_5,0.13305739
3.4815,B,mrac.roll.u_nom,0.13481887
3.4815,B,mrac.roll.xm,0.06991189
3.4815,B,mrac.yaw.theta_0,1.9618179e-44
3.4815,B,mrac.yaw.theta_1,0.0038231763
3.4815,B,mrac.yaw.theta_2,0.0011539053
3.4815,B,mrac.yaw.theta_3,0
3.4815,B,mrac.yaw.theta_4,0.11176347
3.4815,B,mrac.yaw.theta_5,0.088189892
3.4815,B,mrac.yaw.u_nom,-0.05672732
3.4815,B,mrac.yaw.xm,-0.17635128
3.4815,B,mrac.z.theta_0,0.010391511
3.4815,B,mrac.z.theta_1,0.0020866562
3.4815,B,mrac.z.theta_2,0.0010444676
3.4815,B,mrac.z.theta_3,0
3.4815,B,mrac.z.theta_4,0.19652115
3.4815,B,mrac.z.theta_5,0.19049689
3.4815,B,mrac.z.u_nom,-0.248189
3.4815,B,mrac.z.xm,-0.10660028
3.4815,B,path.active_path_mode,0
3.4815,B,path.circle_theta,0
3.4815,B,path.sinusoid_t_elapsed,0
3.4815,B,path.twc_arrived,0
3.4815,B,path.twc_target_x,0
3.4815,B,path.twc_target_y,0
3.4815,B,path.twc_target_z,0
3.4815,B,pid.gyrox.Des,4.0056543
3.4815,B,pid.gyrox.FB,-5.558001
3.4815,B,pid.gyrox.U,157.73808
3.4815,B,pid.gyroy.Des,-7.6464181
3.4815,B,pid.gyroy.FB,6.5247588
3.4815,B,pid.gyroy.U,-159.20125
3.4815,B,pid.gyroz.Des,-10.104179
3.4815,B,pid.gyroz.FB,2.9126422
3.4815,B,pid.gyroz.U,-106.19354
3.4815,B,pid.locx.Des,0
3.4815,B,pid.locx.FB,0.76229656
3.4815,B,pid.locx.U,-2.4688075
3.4815,B,pid.locxs.Des,-2.4688075
3.4815,B,pid.locxs.FB,-3.9176743
3.4815,B,pid.locxs.U,4.4412475
3.4815,B,pid.locy.Des,-47.210907
3.4815,B,pid.locy.FB,-23.9251
3.4815,B,pid.locy.U,-20.516798
3.4815,B,pid.locys.Des,-20.516798
3.4815,B,pid.locys.FB,-3.1067393
3.4815,B,pid.locys.U,-49.070194
3.4815,B,pid.pitch.Des,-2.8694906
3.4815,B,pid.pitch.FB,-0.36534271
3.4815,B,pid.pitch.U,-7.6464181
3.4815,B,pid.roll.Des,-0.18209788
3.4815,B,pid.roll.FB,-1.5195327
3.4815,B,pid.roll.U,4.0056543
3.4815,B,pid.yaw.Des,-2.8954291
3.4815,B,pid.yaw.FB,-1.5447326
3.4815,B,pid.yaw.U,-10.104179
3.4815,B,pid.z_pos.Des,1.0195838
3.4815,B,pid.z_pos.FB,1.0296168
3.4815,B,pid.z_pos.U,-0.10660028
3.4815,B,pid.z_rate.Des,-0.10660028
3.4815,B,pid.z_rate.FB,-0.0014803832
3.4815,B,pid.z_rate.U,-55.097958
3.4815,B,status.vbat,0
3.4838,ID,id.arm,0
3.4838,ID,id.axis,0
3.4838,ID,id.dither,0
3.4838,ID,id.mode,0
3.4838,ID,id.pitch.r,-3.2436714
3.4838,ID,id.pitch.u_ad,0
3.4838,ID,id.pitch.u_nom,-0.20729941
3.4838,ID,id.pitch.x,1.8127029
3.4838,ID,id.pitch.xm,-3.2436714
3.4838,ID,id.sample_counter,43682
3.4838,ID,id.sysid_state,4
3.4838,ID,id.vbat,0
3.4889,ID,id.arm,0
3.4889,ID,id.axis,0
3.4889,ID,id.dither,0
3.4889,ID,id.mode,0
3.4889,ID,id.pitch.r,-3.1912971
3.4889,ID,id.pitch.u_ad,0
3.4889,ID,id.pitch.u_nom,-0.19861181
3.4889,ID,id.pitch.x,1.7296301
3.4889,ID,id.pitch.xm,-3.1912971
3.4889,ID,id.sample_counter,43683
3.4889,ID,id.sysid_state,4
3.4889,ID,id.vbat,0
3.4931,ID,id.arm,0
3.4931,ID,id.axis,0
3.4931,ID,id.dither,0
3.4931,ID,id.mode,0
3.4931,ID,id.pitch.r,-3.2681291
3.4931,ID,id.pitch.u_ad,0
3.4931,ID,id.pitch.u_nom,-0.21323678
3.4931,ID,id.pitch.x,1.5472157
3.4931,ID,id.pitch.xm,-3.2681291
3.4931,ID,id.sample_counter,43684
3.4931,ID,id.sysid_state,4
3.4931,ID,id.vbat,0
3.4986,ID,id.arm,0
3.4986,ID,id.axis,0
3.4986,ID,id.dither,0
3.4986,ID,id.mode,0
3.4986,ID,id.pitch.r,-3.1863394
3.4986,ID,id.pitch.u_ad,0
3.4986,ID,id.pitch.u_nom,-0.1794713
3.4986,ID,id.pitch.x,1.3456368
3.4986,ID,id.pitch.xm,-3.1863394
3.4986,ID,id.sample_counter,43685
3.4986,ID,id.sysid_state,4
3.4986,ID,id.vbat,0
3.5033,ID,id.arm,0
3.5033,ID,id.axis,0
3.5033,ID,id.dither,0
3.5033,ID,id.mode,0
3.5033,ID,id.pitch.r,-3.267947
3.5033,ID,id.pitch.u_ad,0
3.5033,ID,id.pitch.u_nom,-0.24264373
3.5033,ID,id.pitch.x,1.2184966
3.5033,ID,id.pitch.xm,-3.267947
3.5033,ID,id.sample_counter,43686
3.5033,ID,id.sysid_state,4
3.5033,ID,id.vbat,0
3.5081,ID,id.arm,0
3.5081,ID,id.axis,0
3.5081,ID,id.dither,0
3.5081,ID,id.mode,0
3.5081,ID,id.pitch.r,-3.3746502
3.5081,ID,id.pitch.u_ad,0
3.5081,ID,id.pitch.u_nom,-0.25641027
3.5081,ID,id.pitch.x,1.1087456
3.5081,ID,id.pitch.xm,-3.3746502
3.5081,ID,id.sample_counter,43687
3.5081,ID,id.sysid_state,4
3.5081,ID,id.vbat,0
3.5131,ID,id.arm,0
3.5131,ID,id.axis,0
3.5131,ID,id.dither,0
3.5131,ID,id.mode,0
3.5131,ID,id.pitch.r,-3.3184135
3.5131,ID,id.pitch.u_ad,0
3.5131,ID,id.pitch.u_nom,-0.18104935
3.5131,ID,id.pitch.x,0.99367148
3.5131,ID,id.pitch.xm,-3.3184135
3.5131,ID,id.sample_counter,43688
3.5131,ID,id.sysid_state,4
3.5131,ID,id.vbat,0
3.5183,ID,id.arm,0
3.5183,ID,id.axis,0
3.5183,ID,id.dither,0
3.5183,ID,id.mode,0
3.5183,ID,id.pitch.r,-3.2392354
3.5183,ID,id.pitch.u_ad,0
3.5183,ID,id.pitch.u_nom,-0.1794713
3.5183,ID,id.pitch.x,0.83911783
3.5183,ID,id.pitch.xm,-3.2392354
3.5183,ID,id.sample_counter,43689
3.5183,ID,id.sysid_state,4
3.5183,ID,id.vbat,0
3.5232,ID,id.arm,0
3.5232,ID,id.axis,0
3.5232,ID,id.dither,0
3.5232,ID,id.mode,0
3.5232,ID,id.pitch.r,-3.3053098
3.5232,ID,id.pitch.u_ad,0
3.5232,ID,id.pitch.u_nom,-0.20903748
3.5232,ID,id.pitch.x,0.65888578
3.5232,ID,id.pitch.xm,-3.3053098
3.5232,ID,id.sample_counter,43690
3.5232,ID,id.sysid_state,4
3.5232,ID,id.vbat,0
3.5281,ID,id.arm,0
3.5281,ID,id.axis,0
3.5281,ID,id.dither,0
3.5281,ID,id.mode,0
3.5281,ID,id.pitch.r,-3.4142389
3.5281,ID,id.pitch.u_ad,0
3.5281,ID,id.pitch.u_nom,-0.23609392
3.5281,ID,id.pitch.x,0.49104896
3.5281,ID,id.pitch.xm,-3.4142389
3.5281,ID,id.sample_counter,43691
3.5281,ID,id.sysid_state,4
3.5281,ID,id.vbat,0
3.5333,ID,id.arm,0
3.5333,ID,id.axis,0
3.5333,ID,id.dither,0
3.5333,ID,id.mode,0
3.5333,ID,id.pitch.r,-3.3301616
3.5333,ID,id.pitch.u_ad,0
3.5333,ID,id.pitch.u_nom,-0.1794713
3.5333,ID,id.pitch.x,0.33345315
3.5333,ID,id.pitch.xm,-3.3301616
3.5333,ID,id.sample_counter,43692
3.5333,ID,id.sysid_state,4
3.5333,ID,id.vbat,0
3.5382,ID,id.arm,0
3.5382,ID,id.axis,0
3.5382,ID,id.dither,0
3.5382,ID,id.mode,0
3.5382,ID,id.pitch.r,-3.1491482
3.5382,ID,id.pitch.u_ad,0
3.5382,ID,id.pitch.u_nom,-0.1794713
3.5382,ID,id.pitch.x,0.14844026
3.5382,ID,id.pitch.xm,-3.1491482
3.5382,ID,id.sample_counter,43693
3.5382,ID,id.sysid_state,4
3.5382,ID,id.vbat,0
3.5432,ID,id.arm,0
3.5432,ID,id.axis,0
3.5432,ID,id.dither,0
3.5432,ID,id.mode,0
3.5432,ID,id.pitch.r,-3.2624669
3.5432,ID,id.pitch.u_ad,0
3.5432,ID,id.pitch.u_nom,-0.22231875
3.5432,ID,id.pitch.x,-0.051915508
3.5432,ID,id.pitch.xm,-3.2624669
3.5432,ID,id.sample_counter,43694
3.5432,ID,id.sysid_state,4
3.5432,ID,id.vbat,0
3.5485,ID,id.arm,0
3.5485,ID,id.axis,0
3.5485,ID,id.dither,0
3.5485,ID,id.mode,0
3.5485,ID,id.pitch.r,-3.4534464
3.5485,ID,id.pitch.u_ad,0
3.5485,ID,id.pitch.u_nom,-0.25641027
3.5485,ID,id.pitch.x,-0.24502912
3.5485,ID,id.pitch.xm,-3.4534464
3.5485,ID,id.sample_counter,43695
3.5485,ID,id.sysid_state,4
3.5485,ID,id.vbat,0
3.5536,ID,id.arm,0
3.5536,ID,id.axis,0
3.5536,ID,id.dither,0
3.5536,ID,id.mode,0
3.5536,ID,id.pitch.r,-3.2880266
3.5536,ID,id.pitch.u_ad,0
3.5536,ID,id.pitch.u_nom,-0.1794713
3.5536,ID,id.pitch.x,-0.50106585
3.5536,ID,id.pitch.xm,-3.2880266
3.5536,ID,id.sample_counter,43696
3.5536,ID,id.sysid_state,4
3.5536,ID,id.vbat,0
3.5583,ID,id.arm,0
3.5583,ID,id.axis,0
3.5583,ID,id.dither,0
3.5583,ID,id.mode,0
3.5583,ID,id.pitch.r,-3.0476387
3.5583,ID,id.pitch.u_ad,0
3.5583,ID,id.pitch.u_nom,-0.1794713
3.5583,ID,id.pitch.x,-0.82724637
3.5583,ID,id.pitch.xm,-3.0476387
3.5583,ID,id.sample_counter,43697
3.5583,ID,id.sysid_state,4
3.5583,ID,id.vbat,0
3.5631,ID,id.arm,0
3.5631,ID,id.axis,0
3.5631,ID,id.dither,0
3.5631,ID,id.mode,0
3.5631,ID,id.pitch.r,-3.1606014
3.5631,ID,id.pitch.u_ad,0
3.5631,ID,id.pitch.u_nom,-0.25641027
3.5631,ID,id.pitch.x,-0.94258863
3.5631,ID,id.pitch.xm,-3.1606014
3.5631,ID,id.sample_counter,43698
3.5631,ID,id.sysid_state,4
3.5631,ID,id.vbat,0
3.5683,ID,id.arm,0
3.5683,ID,id.axis,0
3.5683,ID,id.dither,0
3.5683,ID,id.mode,0
3.5683,ID,id.pitch.r,-3.3941166
3.5683,ID,id.pitch.u_ad,0
3.5683,ID,id.pitch.u_nom,-0.25641027
3.5683,ID,id.pitch.x,-1.1918787
3.5683,ID,id.pitch.xm,-3.3941166
3.5683,ID,id.sample_counter,43699
3.5683,ID,id.sysid_state,4
3.5683,ID,id.vbat,0
3.5732,ID,id.arm,0
3.5732,ID,id.axis,0
3.5732,ID,id.dither,0
3.5732,ID,id.mode,0
3.5732,ID,id.pitch.r,-3.1583667
3.5732,ID,id.pitch.u_ad,0
3.5732,ID,id.pitch.u_nom,-0.1794713
3.5732,ID,id.pitch.x,-1.435675
3.5732,ID,id.pitch.xm,-3.1583667
3.5732,ID,id.sample_counter,43700
3.5732,ID,id.sysid_state,4
3.5732,ID,id.vbat,0
3.5783,ID,id.arm,0
3.5783,ID,id.axis,0
3.5783,ID,id.dither,0
3.5783,ID,id.mode,0
3.5783,ID,id.pitch.r,-2.9512706
3.5783,ID,id.pitch.u_ad,0
3.5783,ID,id.pitch.u_nom,-0.1794713
3.5783,ID,id.pitch.x,-1.6902076
3.5783,ID,id.pitch.xm,-2.9512706
3.5783,ID,id.sample_counter,43701
3.5783,ID,id.sysid_state,4
3.5783,ID,id.vbat,0
3.5837,ID,id.arm,0
3.5837,ID,id.axis,0
3.5837,ID,id.dither,0
3.5837,ID,id.mode,0
3.5837,ID,id.pitch.r,-3.0047612
3.5837,ID,id.pitch.u_ad,-0.06900619
3.5837,ID,id.pitch.u_nom,-0.20489889
3.5837,ID,id.pitch.x,-1.8663071
3.5837,ID,id.pitch.xm,-3.0047612
3.5837,ID,id.sample_counter,43702
3.5837,ID,id.sysid_state,4
3.5837,ID,id.vbat,0
3.5882,ID,id.arm,0
3.5882,ID,id.axis,0
3.5882,ID,id.dither,0
3.5882,ID,id.mode,0
3.5882,ID,id.pitch.r,-3.1937456
3.5882,ID,id.pitch.u_ad,-0.13189444
3.5882,ID,id.pitch.u_nom,-0.20689961
3.5882,ID,id.pitch.x,-2.1647258
3.5882,ID,id.pitch.xm,-3.1937456
3.5882,ID,id.sample_counter,43703
3.5882,ID,id.sysid_state,4
3.5882,ID,id.vbat,0
3.5933,ID,id.arm,0
3.5933,ID,id.axis,0
3.5933,ID,id.dither,0
3.5933,ID,id.mode,0
3.5933,ID,id.pitch.r,-2.9601548
3.5933,ID,id.pitch.u_ad,-0.17799744
3.5933,ID,id.pitch.u_nom,-0.079224311
3.5933,ID,id.pitch.x,-2.3223727
3.5933,ID,id.pitch.xm,-2.9601548
3.5933,ID,id.sample_counter,43704
3.5933,ID,id.sysid_state,4
3.5933,ID,id.vbat,0
3.5985,ID,id.arm,0
3.5985,ID,id.axis,0
3.5985,ID,id.dither,0
3.5985,ID,id.mode,0
3.5985,ID,id.pitch.r,-2.7520235
3.5985,ID,id.pitch.u_ad,-0.21114151
3.5985,ID,id.pitch.u_nom,0.013414934
3.5985,ID,id.pitch.x,-2.4925866
3.5985,ID,id.pitch.xm,-2.7520235
3.5985,ID,id.sample_counter,43705
3.5985,ID,id.sysid_state,4
3.5985,ID,id.vbat,0
3.6033,ID,id.arm,0
3.6033,ID,id.axis,0
3.6033,ID,id.dither,0
3.6033,ID,id.mode,0
3.6033,ID,id.pitch.r,-2.7538548
3.6033,ID,id.pitch.u_ad,-0.23858473
3.6033,ID,id.pitch.u_nom,0.063890032
3.6033,ID,id.pitch.x,-2.700562
3.6033,ID,id.pitch.xm,-2.7538548
3.6033,ID,id.sample_counter,43706
3.6033,ID,id.sysid_state,4
3.6033,ID,id.vbat,0
3.6081,ID,id.arm,0
3.6081,ID,id.axis,0
3.6081,ID,id.dither,0
3.6081,ID,id.mode,0
3.6081,ID,id.pitch.r,-2.9723532
3.6081,ID,id.pitch.u_ad,-0.26838738
3.6081,ID,id.pitch.u_nom,-0.025132615
3.6081,ID,id.pitch.x,-2.9142241
3.6081,ID,id.pitch.xm,-2.9723532
3.6081,ID,id.sample_counter,43707
3.6081,ID,id.sysid_state,4
3.6081,ID,id.vbat,0
3.6146,ID,id.arm,0
3.6146,ID,id.axis,0
3.6146,ID,id.dither,0
3.6146,ID,id.mode,0
3.6146,ID,id.pitch.r,-2.701422
3.6146,ID,id.pitch.u_ad,-0.28431478
3.6146,ID,id.pitch.u_nom,0.16583948
3.6146,ID,id.pitch.x,-3.0644982
3.6146,ID,id.pitch.xm,-2.701422
3.6146,ID,id.sample_counter,43708
3.6146,ID,id.sysid_state,4
3.6146,ID,id.vbat,0
3.6197,ID,id.arm,0
3.6197,ID,id.axis,0
3.6197,ID,id.dither,0
3.6197,ID,id.mode,0
3.6197,ID,id.pitch.r,-2.5350943
3.6197,ID,id.pitch.u_ad,-0.29270643
3.6197,ID,id.pitch.u_nom,0.25366086
3.6197,ID,id.pitch.x,-3.256839
3.6197,ID,id.pitch.xm,-2.5350943
3.6197,ID,id.sample_counter,43709
3.6197,ID,id.sysid_state,4
3.6197,ID,id.vbat,0
3.6240,ID,id.arm,0
3.6240,ID,id.axis,0
3.6240,ID,id.dither,0
3.6240,ID,id.mode,0
3.6240,ID,id.pitch.r,-2.4940937
3.6240,ID,id.pitch.u_ad,-0.29902625
3.6240,ID,id.pitch.u_nom,0.25641027
3.6240,ID,id.pitch.x,-3.4015155
3.6240,ID,id.pitch.xm,-2.4940937
3.6240,ID,id.sample_counter,43710
3.6240,ID,id.sysid_state,4
3.6240,ID,id.vbat,0
3.6289,ID,id.arm,0
3.6289,ID,id.axis,0
3.6289,ID,id.dither,0
3.6289,ID,id.mode,0
3.6289,ID,id.pitch.r,-2.6255808
3.6289,ID,id.pitch.u_ad,-0.30770716
3.6289,ID,id.pitch.u_nom,0.23612511
3.6289,ID,id.pitch.x,-3.5635931
3.6289,ID,id.pitch.xm,-2.6255808
3.6289,ID,id.sample_counter,43711
3.6289,ID,id.sysid_state,4
3.6289,ID,id.vbat,0
3.6338,ID,id.arm,0
3.6338,ID,id.axis,0
3.6338,ID,id.dither,0
3.6338,ID,id.mode,0
3.6338,ID,id.pitch.r,-2.4045081
3.6338,ID,id.pitch.u_ad,0
3.6338,ID,id.pitch.u_nom,0.25641027
3.6338,ID,id.pitch.x,-3.7721751
3.6338,ID,id.pitch.xm,-2.4045081
3.6338,ID,id.sample_counter,43712
3.6338,ID,id.sysid_state,4
3.6338,ID,id.vbat,0
3.6386,ID,id.arm,0
3.6386,ID,id.axis,0
3.6386,ID,id.dither,0
3.6386,ID,id.mode,0
3.6386,ID,id.pitch.r,-2.306308
3.6386,ID,id.pitch.u_ad,0
3.6386,ID,id.pitch.u_nom,0.25641027
3.6386,ID,id.pitch.x,-3.9317985
3.6386,ID,id.pitch.xm,-2.306308
3.6386,ID,id.sample_counter,43713
3.6386,ID,id.sysid_state,4
3.6386,ID,id.vbat,0
3.6434,ID,id.arm,0
3.6434,ID,id.axis,0
3.6434,ID,id.dither,0
3.6434,ID,id.mode,0
3.6434,ID,id.pitch.r,-2.237674
3.6434,ID,id.pitch.u_ad,0
3.6434,ID,id.pitch.u_nom,0.25641027
3.6434,ID,id.pitch.x,-4.03233
3.6434,ID,id.pitch.xm,-2.237674
3.6434,ID,id.sample_counter,43714
3.6434,ID,id.sysid_state,4
3.6434,ID,id.vbat,0
3.6492,ID,id.arm,0
3.6492,ID,id.axis,0
3.6492,ID,id.dither,0
3.6492,ID,id.mode,0
3.6492,ID,id.pitch.r,-2.2139485
3.6492,ID,id.pitch.u_ad,0
3.6492,ID,id.pitch.u_nom,0.25641027
3.6492,ID,id.pitch.x,-4.1469836
3.6492,ID,id.pitch.xm,-2.2139485
3.6492,ID,id.sample_counter,43715
3.6492,ID,id.sysid_state,4
3.6492,ID,id.vbat,0
3.6536,ID,id.arm,0
3.6536,ID,id.axis,0
3.6536,ID,id.dither,0
3.6536,ID,id.mode,0
3.6536,ID,id.pitch.r,-2.1109681
3.6536,ID,id.pitch.u_ad,0
3.6536,ID,id.pitch.u_nom,0.25641027
3.6536,ID,id.pitch.x,-4.2732444
3.6536,ID,id.pitch.xm,-2.1109681
3.6536,ID,id.sample_counter,43716
3.6536,ID,id.sysid_state,4
3.6536,ID,id.vbat,0
3.6584,ID,id.arm,0
3.6584,ID,id.axis,0
3.6584,ID,id.dither,0
3.6584,ID,id.mode,0
3.6584,ID,id.pitch.r,-2.094579
3.6584,ID,id.pitch.u_ad,0
3.6584,ID,id.pitch.u_nom,0.25641027
3.6584,ID,id.pitch.x,-4.4205046
3.6584,ID,id.pitch.xm,-2.094579
3.6584,ID,id.sample_counter,43717
3.6584,ID,id.sysid_state,4
3.6584,ID,id.vbat,0
3.6634,ID,id.arm,0
3.6634,ID,id.axis,0
3.6634,ID,id.dither,0
3.6634,ID,id.mode,0
3.6634,ID,id.pitch.r,-1.9828079
3.6634,ID,id.pitch.u_ad,0
3.6634,ID,id.pitch.u_nom,0.25641027
3.6634,ID,id.pitch.x,-4.5529728
3.6634,ID,id.pitch.xm,-1.9828079
3.6634,ID,id.sample_counter,43718
3.6634,ID,id.sysid_state,4
3.6634,ID,id.vbat,0
3.6683,ID,id.arm,0
3.6683,ID,id.axis,0
3.6683,ID,id.dither,0
3.6683,ID,id.mode,0
3.6683,ID,id.pitch.r,-1.8851827
3.6683,ID,id.pitch.u_ad,0
3.6683,ID,id.pitch.u_nom,0.25641027
3.6683,ID,id.pitch.x,-4.6593218
3.6683,ID,id.pitch.xm,-1.8851827
3.6683,ID,id.sample_counter,43719
3.6683,ID,id.sysid_state,4
3.6683,ID,id.vbat,0
3.6731,ID,id.arm,0
3.6731,ID,id.axis,0
3.6731,ID,id.dither,0
3.6731,ID,id.mode,0
3.6731,ID,id.pitch.r,-1.8058181
3.6731,ID,id.pitch.u_ad,0
3.6731,ID,id.pitch.u_nom,0.25641027
3.6731,ID,id.pitch.x,-4.744524
3.6731,ID,id.pitch.xm,-1.8058181
3.6731,ID,id.sample_counter,43720
3.6731,ID,id.sysid_state,4
3.6731,ID,id.vbat,0
3.6800,ID,id.arm,0
3.6800,ID,id.axis,0
3.6800,ID,id.dither,0
3.6800,ID,id.mode,0
3.6800,ID,id.pitch.r,-1.9646542
3.6800,ID,id.pitch.u_ad,0
3.6800,ID,id.pitch.u_nom,0.18001287
3.6800,ID,id.pitch.x,-4.7647748
3.6800,ID,id.pitch.xm,-1.9646542
3.6800,ID,id.sample_counter,43721
3.6800,ID,id.sysid_state,4
3.6800,ID,id.vbat,0
3.6858,ID,id.arm,0
3.6858,ID,id.axis,0
3.6858,ID,id.dither,0
3.6858,ID,id.mode,0
3.6858,ID,id.pitch.r,-1.72225
3.6858,ID,id.pitch.u_ad,0
3.6858,ID,id.pitch.u_nom,0.25641027
3.6858,ID,id.pitch.x,-4.7716398
3.6858,ID,id.pitch.xm,-1.72225
3.6858,ID,id.sample_counter,43722
3.6858,ID,id.sysid_state,4
3.6858,ID,id.vbat,0
3.6879,A,mrac.pitch.e,0.20661747
3.6879,A,mrac.pitch.u_ad,-0.027108217
3.6879,A,mrac.roll.e,-0.2173617
3.6879,A,mrac.roll.u_ad,0.16147248
3.6879,A,mrac.yaw.e,0.21340318
3.6879,A,mrac.yaw.u_ad,-0.021338467
3.6879,A,mrac.z.e,0.10621598
3.6879,A,mrac.z.u_ad,-0.057903521
3.6879,A,status.arm,1
3.6879,A,status.flymode,1
3.6879,A,status.rc_authority,0
3.6879,A,status.sbus_lost,0
3.6879,A,status.twc_arrived,0
3.6879,A,status.twc_execute,0
3.6880,B,mrac.pitch.theta_0,3.8353875e-08
3.6880,B,mrac.pitch.theta_1,0.0026793308
3.6880,B,mrac.pitch.theta_2,0.00036447751
3.6880,B,mrac.pitch.theta_3,0.0021368773
3.6880,B,mrac.pitch.theta_4,0.12672588
3.6880,B,mrac.pitch.theta_5,0.14228033
3.6880,B,mrac.pitch.u_nom,-0.13606945
3.6880,B,mrac.pitch.xm,-0.13345523
3.6880,B,mrac.roll.theta_0,0.14801875
3.6880,B,mrac.roll.theta_1,0.0010706458
3.6880,B,mrac.roll.theta_2,0.0078351134
3.6880,B,mrac.roll.theta_3,0.0017508217
3.6880,B,mrac.roll.theta_4,0.1164327
3.6880,B,mrac.roll.theta_5,0.13305739
3.6880,B,mrac.roll.u_nom,0.13481887
3.6880,B,mrac.roll.xm,0.06991189
3.6880,B,mrac.yaw.theta_0,1.9618179e-44
3.6880,B,mrac.yaw.theta_1,0.0038231763
3.6880,B,mrac.yaw.theta_2,0.0011539053
3.6880,B,mrac.yaw.theta_3,0
3.6880,B,mrac.yaw.theta_4,0.11176347
3.6880,B,mrac.yaw.theta_5,0.088189892
3.6880,B,mrac.yaw.u_nom,-0.05672732
3.6880,B,mrac.yaw.xm,-0.17635128
3.6880,B,mrac.z.theta_0,0.010391511
3.6880,B,mrac.z.theta_1,0.0020866562
3.6880,B,mrac.z.theta_2,0.0010444676
3.6880,B,mrac.z.theta_3,0
3.6880,B,mrac.z.theta_4,0.19652115
3.6880,B,mrac.z.theta_5,0.19049689
3.6880,B,mrac.z.u_nom,-0.248189
3.6880,B,mrac.z.xm,-0.10660028
3.6880,B,path.active_path_mode,0
3.6880,B,path.circle_theta,0
3.6880,B,path.sinusoid_t_elapsed,0
3.6880,B,path.twc_arrived,0
3.6880,B,path.twc_target_x,0
3.6880,B,path.twc_target_y,0
3.6880,B,path.twc_target_z,0
3.6880,B,pid.gyrox.Des,4.0056543
3.6880,B,pid.gyrox.FB,-5.558001
3.6880,B,pid.gyrox.U,157.73808
3.6880,B,pid.gyroy.Des,-7.6464181
3.6880,B,pid.gyroy.FB,6.5247588
3.6880,B,pid.gyroy.U,-159.20125
3.6880,B,pid.gyroz.Des,-10.104179
3.6880,B,pid.gyroz.FB,2.9126422
3.6880,B,pid.gyroz.U,-106.19354
3.6880,B,pid.locx.Des,0
3.6880,B,pid.locx.FB,0.76229656
3.6880,B,pid.locx.U,-2.4688075
3.6880,B,pid.locxs.Des,-2.4688075
3.6880,B,pid.locxs.FB,-3.9176743
3.6880,B,pid.locxs.U,4.4412475
3.6880,B,pid.locy.Des,-47.210907
3.6880,B,pid.locy.FB,-23.9251
3.6880,B,pid.locy.U,-20.516798
3.6880,B,pid.locys.Des,-20.516798
3.6880,B,pid.locys.FB,-3.1067393
3.6880,B,pid.locys.U,-49.070194
3.6880,B,pid.pitch.Des,-2.8694906
3.6880,B,pid.pitch.FB,-0.36534271
3.6880,B,pid.pitch.U,-7.6464181
3.6880,B,pid.roll.Des,-0.18209788
3.6880,B,pid.roll.FB,-1.5195327
3.6880,B,pid.roll.U,4.0056543
3.6880,B,pid.yaw.Des,-2.8954291
3.6880,B,pid.yaw.FB,-1.5447326
3.6880,B,pid.yaw.U,-10.104179
3.6880,B,pid.z_pos.Des,1.0195838
3.6880,B,pid.z_pos.FB,1.0296168
3.6880,B,pid.z_pos.U,-0.10660028
3.6880,B,pid.z_rate.Des,-0.10660028
3.6880,B,pid.z_rate.FB,-0.0014803832
3.6880,B,pid.z_rate.U,-55.097958
3.6880,B,status.vbat,0
3.6902,ID,id.arm,0
3.6902,ID,id.axis,0
3.6902,ID,id.dither,0
3.6902,ID,id.mode,0
3.6902,ID,id.pitch.r,-1.5861752
3.6902,ID,id.pitch.u_ad,0
3.6902,ID,id.pitch.u_nom,0.25641027
3.6902,ID,id.pitch.x,-4.7951951
3.6902,ID,id.pitch.xm,-1.5861752
3.6902,ID,id.sample_counter,43723
3.6902,ID,id.sysid_state,4
3.6902,ID,id.vbat,0
3.6940,ID,id.arm,0
3.6940,ID,id.axis,0
3.6940,ID,id.dither,0
3.6940,ID,id.mode,0
3.6940,ID,id.pitch.r,-1.505705
3.6940,ID,id.pitch.u_ad,0
3.6940,ID,id.pitch.u_nom,0.25641027
3.6940,ID,id.pitch.x,-4.8580208
3.6940,ID,id.pitch.xm,-1.505705
3.6940,ID,id.sample_counter,43724
3.6940,ID,id.sysid_state,4
3.6940,ID,id.vbat,0
3.6987,ID,id.arm,0
3.6987,ID,id.axis,0
3.6987,ID,id.dither,0
3.6987,ID,id.mode,0
3.6987,ID,id.pitch.r,-1.6782994
3.6987,ID,id.pitch.u_ad,0
3.6987,ID,id.pitch.u_nom,0.16240905
3.6987,ID,id.pitch.x,-4.8386517
3.6987,ID,id.pitch.xm,-1.6782994
3.6987,ID,id.sample_counter,43725
3.6987,ID,id.sysid_state,4
3.6987,ID,id.vbat,0
3.7035,ID,id.arm,0
3.7035,ID,id.axis,0
3.7035,ID,id.dither,0
3.7035,ID,id.mode,0
3.7035,ID,id.pitch.r,-1.4254643
3.7035,ID,id.pitch.u_ad,0
3.7035,ID,id.pitch.u_nom,0.25641027
3.7035,ID,id.pitch.x,-4.8139133
3.7035,ID,id.pitch.xm,-1.4254643
3.7035,ID,id.sample_counter,43726
3.7035,ID,id.sysid_state,4
3.7035,ID,id.vbat,0
3.7085,ID,id.arm,0
3.7085,ID,id.axis,0
3.7085,ID,id.dither,0
3.7085,ID,id.mode,0
3.7085,ID,id.pitch.r,-1.2880732
3.7085,ID,id.pitch.u_ad,0
3.7085,ID,id.pitch.u_nom,0.25641027
3.7085,ID,id.pitch.x,-4.7809787
3.7085,ID,id.pitch.xm,-1.2880732
3.7085,ID,id.sample_counter,43727
3.7085,ID,id.sysid_state,4
3.7085,ID,id.vbat,0
3.7132,ID,id.arm,0
3.7132,ID,id.axis,0
3.7132,ID,id.dither,0
3.7132,ID,id.mode,0
3.7132,ID,id.pitch.r,-1.2089434
3.7132,ID,id.pitch.u_ad,0
3.7132,ID,id.pitch.u_nom,0.25641027
3.7132,ID,id.pitch.x,-4.7554913
3.7132,ID,id.pitch.xm,-1.2089434
3.7132,ID,id.sample_counter,43728
3.7132,ID,id.sysid_state,4
3.7132,ID,id.vbat,0
3.7184,ID,id.arm,0
3.7184,ID,id.axis,0
3.7184,ID,id.dither,0
3.7184,ID,id.mode,0
3.7184,ID,id.pitch.r,-1.4003216
3.7184,ID,id.pitch.u_ad,0
3.7184,ID,id.pitch.u_nom,0.16240905
3.7184,ID,id.pitch.x,-4.6899157
3.7184,ID,id.pitch.xm,-1.4003216
3.7184,ID,id.sample_counter,43729
3.7184,ID,id.sysid_state,4
3.7184,ID,id.vbat,0
3.7231,ID,id.arm,0
3.7231,ID,id.axis,0
3.7231,ID,id.dither,0
3.7231,ID,id.mode,0
3.7231,ID,id.pitch.r,-1.1374507
3.7231,ID,id.pitch.u_ad,0
3.7231,ID,id.pitch.u_nom,0.25641027
3.7231,ID,id.pitch.x,-4.5843925
3.7231,ID,id.pitch.xm,-1.1374507
3.7231,ID,id.sample_counter,43730
3.7231,ID,id.sysid_state,4
3.7231,ID,id.vbat,0
3.7281,ID,id.arm,0
3.7281,ID,id.axis,0
3.7281,ID,id.dither,0
3.7281,ID,id.mode,0
3.7281,ID,id.pitch.r,-1.0042925
3.7281,ID,id.pitch.u_ad,0
3.7281,ID,id.pitch.u_nom,0.25641027
3.7281,ID,id.pitch.x,-4.4971976
3.7281,ID,id.pitch.xm,-1.0042925
3.7281,ID,id.sample_counter,43731
3.7281,ID,id.sysid_state,4
3.7281,ID,id.vbat,0
3.7333,ID,id.arm,0
3.7333,ID,id.axis,0
3.7333,ID,id.dither,0
3.7333,ID,id.mode,0
3.7333,ID,id.pitch.r,-0.93143308
3.7333,ID,id.pitch.u_ad,0
3.7333,ID,id.pitch.u_nom,0.25395721
3.7333,ID,id.pitch.x,-4.4367504
3.7333,ID,id.pitch.xm,-0.93143308
3.7333,ID,id.sample_counter,43732
3.7333,ID,id.sysid_state,4
3.7333,ID,id.vbat,0
3.7383,ID,id.arm,0
3.7383,ID,id.axis,0
3.7383,ID,id.dither,0
3.7383,ID,id.mode,0
3.7383,ID,id.pitch.r,-1.1604953
3.7383,ID,id.pitch.u_ad,0
3.7383,ID,id.pitch.u_nom,0.16240905
3.7383,ID,id.pitch.x,-4.35429
3.7383,ID,id.pitch.xm,-1.1604953
3.7383,ID,id.sample_counter,43733
3.7383,ID,id.sysid_state,4
3.7383,ID,id.vbat,0
3.7432,ID,id.arm,0
3.7432,ID,id.axis,0
3.7432,ID,id.dither,0
3.7432,ID,id.mode,0
3.7432,ID,id.pitch.r,-0.87660551
3.7432,ID,id.pitch.u_ad,0
3.7432,ID,id.pitch.u_nom,0.25641027
3.7432,ID,id.pitch.x,-4.2911391
3.7432,ID,id.pitch.xm,-0.87660551
3.7432,ID,id.sample_counter,43734
3.7432,ID,id.sysid_state,4
3.7432,ID,id.vbat,0
3.7485,ID,id.arm,0
3.7485,ID,id.axis,0
3.7485,ID,id.dither,0
3.7485,ID,id.mode,0
3.7485,ID,id.pitch.r,-0.75084829
3.7485,ID,id.pitch.u_ad,0
3.7485,ID,id.pitch.u_nom,0.25641027
3.7485,ID,id.pitch.x,-4.2427783
3.7485,ID,id.pitch.xm,-0.75084829
3.7485,ID,id.sample_counter,43735
3.7485,ID,id.sysid_state,4
3.7485,ID,id.vbat,0
3.7532,ID,id.arm,0
3.7532,ID,id.axis,0
3.7532,ID,id.dither,0
3.7532,ID,id.mode,0
3.7532,ID,id.pitch.r,-0.68390518
3.7532,ID,id.pitch.u_ad,0
3.7532,ID,id.pitch.u_nom,0.25111347
3.7532,ID,id.pitch.x,-4.1824398
3.7532,ID,id.pitch.xm,-0.68390518
3.7532,ID,id.sample_counter,43736
3.7532,ID,id.sysid_state,4
3.7532,ID,id.vbat,0
3.7581,ID,id.arm,0
3.7581,ID,id.axis,0
3.7581,ID,id.dither,0
3.7581,ID,id.mode,0
3.7581,ID,id.pitch.r,-0.93890291
3.7581,ID,id.pitch.u_ad,0
3.7581,ID,id.pitch.u_nom,0.16240905
3.7581,ID,id.pitch.x,-4.1312385
3.7581,ID,id.pitch.xm,-0.93890291
3.7581,ID,id.sample_counter,43737
3.7581,ID,id.sysid_state,4
3.7581,ID,id.vbat,0
3.7631,ID,id.arm,0
3.7631,ID,id.axis,0
3.7631,ID,id.dither,0
3.7631,ID,id.mode,0
3.7631,ID,id.pitch.r,-0.64608705
3.7631,ID,id.pitch.u_ad,0
3.7631,ID,id.pitch.u_nom,0.25641027
3.7631,ID,id.pitch.x,-4.102272
3.7631,ID,id.pitch.xm,-0.64608705
3.7631,ID,id.sample_counter,43738
3.7631,ID,id.sysid_state,4
3.7631,ID,id.vbat,0
3.7683,ID,id.arm,0
3.7683,ID,id.axis,0
3.7683,ID,id.dither,0
3.7683,ID,id.mode,0
3.7683,ID,id.pitch.r,-0.52403611
3.7683,ID,id.pitch.u_ad,0
3.7683,ID,id.pitch.u_nom,0.25641027
3.7683,ID,id.pitch.x,-4.0853853
3.7683,ID,id.pitch.xm,-0.52403611
3.7683,ID,id.sample_counter,43739
3.7683,ID,id.sysid_state,4
3.7683,ID,id.vbat,0
3.7732,ID,id.arm,0
3.7732,ID,id.axis,0
3.7732,ID,id.dither,0
3.7732,ID,id.mode,0
3.7732,ID,id.pitch.r,-0.4717198
3.7732,ID,id.pitch.u_ad,0
3.7732,ID,id.pitch.u_nom,0.25641027
3.7732,ID,id.pitch.x,-4.0977387
3.7732,ID,id.pitch.xm,-0.4717198
3.7732,ID,id.sample_counter,43740
3.7732,ID,id.sysid_state,4
3.7732,ID,id.vbat,0
3.7781,ID,id.arm,0
3.7781,ID,id.axis,0
3.7781,ID,id.dither,0
3.7781,ID,id.mode,0
3.7781,ID,id.pitch.r,-0.64844525
3.7781,ID,id.pitch.u_ad,0
3.7781,ID,id.pitch.u_nom,0.20432624
3.7781,ID,id.pitch.x,-4.1855278
3.7781,ID,id.pitch.xm,-0.64844525
3.7781,ID,id.sample_counter,43741
3.7781,ID,id.sysid_state,4
3.7781,ID,id.vbat,0
3.7847,ID,id.arm,0
3.7847,ID,id.axis,0
3.7847,ID,id.dither,0
3.7847,ID,id.mode,0
3.7847,ID,id.pitch.r,-0.41708681
3.7847,ID,id.pitch.u_ad,0
3.7847,ID,id.pitch.u_nom,0.25641027
3.7847,ID,id.pitch.x,-4.429615
3.7847,ID,id.pitch.xm,-0.41708681
3.7847,ID,id.sample_counter,43742
3.7847,ID,id.sysid_state,4
3.7847,ID,id.vbat,0
3.7883,ID,id.arm,0
3.7883,ID,id.axis,0
3.7883,ID,id.dither,0
3.7883,ID,id.mode,0
3.7883,ID,id.pitch.r,-0.30498573
3.7883,ID,id.pitch.u_ad,0
3.7883,ID,id.pitch.u_nom,0.25641027
3.7883,ID,id.pitch.x,-4.5854497
3.7883,ID,id.pitch.xm,-0.30498573
3.7883,ID,id.sample_counter,43743
3.7883,ID,id.sysid_state,4
3.7883,ID,id.vbat,0
3.7932,ID,id.arm,0
3.7932,ID,id.axis,0
3.7932,ID,id.dither,0
3.7932,ID,id.mode,0
3.7932,ID,id.pitch.r,-0.24179359
3.7932,ID,id.pitch.u_ad,0
3.7932,ID,id.pitch.u_nom,0.25641027
3.7932,ID,id.pitch.x,-4.68542
3.7932,ID,id.pitch.xm,-0.24179359
3.7932,ID,id.sample_counter,43744
3.7932,ID,id.sysid_state,4
3.7932,ID,id.vbat,0
3.7986,ID,id.arm,0
3.7986,ID,id.axis,0
3.7986,ID,id.dither,0
3.7986,ID,id.mode,0
3.7986,ID,id.pitch.r,-0.40116596
3.7986,ID,id.pitch.u_ad,0
3.7986,ID,id.pitch.u_nom,0.2118573
3.7986,ID,id.pitch.x,-4.7712345
3.7986,ID,id.pitch.xm,-0.40116596
3.7986,ID,id.sample_counter,43745
3.7986,ID,id.sysid_state,4
3.7986,ID,id.vbat,0
3.8033,ID,id.arm,0
3.8033,ID,id.axis,0
3.8033,ID,id.dither,0
3.8033,ID,id.mode,0
3.8033,ID,id.pitch.r,-0.16966447
3.8033,ID,id.pitch.u_ad,0
3.8033,ID,id.pitch.u_nom,0.25641027
3.8033,ID,id.pitch.x,-4.889123
3.8033,ID,id.pitch.xm,-0.16966447
3.8033,ID,id.sample_counter,43746
3.8033,ID,id.sysid_state,4
3.8033,ID,id.vbat,0
3.8081,ID,id.arm,0
3.8081,ID,id.axis,0
3.8081,ID,id.dither,0
3.8081,ID,id.mode,0
3.8081,ID,id.pitch.r,-0.065731503
3.8081,ID,id.pitch.u_ad,0
3.8081,ID,id.pitch.u_nom,0.25641027
3.8081,ID,id.pitch.x,-5.0333242
3.8081,ID,id.pitch.xm,-0.065731503
3.8081,ID,id.sample_counter,43747
3.8081,ID,id.sysid_state,4
3.8081,ID,id.vbat,0
3.8131,ID,id.arm,0
3.8131,ID,id.axis,0
3.8131,ID,id.dither,0
3.8131,ID,id.mode,0
3.8131,ID,id.pitch.r,0.0031313461
3.8131,ID,id.pitch.u_ad,0
3.8131,ID,id.pitch.u_nom,0.25641027
3.8131,ID,id.pitch.x,-5.0884314
3.8131,ID,id.pitch.xm,0.0031313461
3.8131,ID,id.sample_counter,43748
3.8131,ID,id.sysid_state,4
3.8131,ID,id.vbat,0
3.8183,ID,id.arm,0
3.8183,ID,id.axis,0
3.8183,ID,id.dither,0
3.8183,ID,id.mode,0
3.8183,ID,id.pitch.r,0.054712519
3.8183,ID,id.pitch.u_ad,0
3.8183,ID,id.pitch.u_nom,0.25641027
3.8183,ID,id.pitch.x,-5.1890683
3.8183,ID,id.pitch.xm,0.054712519
3.8183,ID,id.sample_counter,43749
3.8183,ID,id.sysid_state,4
3.8183,ID,id.vbat,0
3.8232,ID,id.arm,0
3.8232,ID,id.axis,0
3.8232,ID,id.dither,0
3.8232,ID,id.mode,0
3.8232,ID,id.pitch.r,0.13184531
3.8232,ID,id.pitch.u_ad,0
3.8232,ID,id.pitch.u_nom,0.25641027
3.8232,ID,id.pitch.x,-5.1885567
3.8232,ID,id.pitch.xm,0.13184531
3.8232,ID,id.sample_counter,43750
3.8232,ID,id.sysid_state,4
3.8232,ID,id.vbat,0
3.8282,ID,id.arm,0
3.8282,ID,id.axis,0
3.8282,ID,id.dither,0
3.8282,ID,id.mode,0
3.8282,ID,id.pitch.r,0.19840997
3.8282,ID,id.pitch.u_ad,0
3.8282,ID,id.pitch.u_nom,0.25641027
3.8282,ID,id.pitch.x,-5.1452761
3.8282,ID,id.pitch.xm,0.19840997
3.8282,ID,id.sample_counter,43751
3.8282,ID,id.sysid_state,4
3.8282,ID,id.vbat,0
3.8333,ID,id.arm,0
3.8333,ID,id.axis,0
3.8333,ID,id.dither,0
3.8333,ID,id.mode,0
3.8333,ID,id.pitch.r,0.25882646
3.8333,ID,id.pitch.u_ad,0
3.8333,ID,id.pitch.u_nom,0.23577853
3.8333,ID,id.pitch.x,-5.0601497
3.8333,ID,id.pitch.xm,0.25882646
3.8333,ID,id.sample_counter,43752
3.8333,ID,id.sysid_state,4
3.8333,ID,id.vbat,0
3.8384,ID,id.arm,0
3.8384,ID,id.axis,0
3.8384,ID,id.dither,0
3.8384,ID,id.mode,0
3.8384,ID,id.pitch.r,0.19701388
3.8384,ID,id.pitch.u_ad,0
3.8384,ID,id.pitch.u_nom,0.16240905
3.8384,ID,id.pitch.x,-4.9270844
3.8384,ID,id.pitch.xm,0.19701388
3.8384,ID,id.sample_counter,43753
3.8384,ID,id.sysid_state,4
3.8384,ID,id.vbat,0
3.8434,ID,id.arm,0
3.8434,ID,id.axis,0
3.8434,ID,id.dither,0
3.8434,ID,id.mode,0
3.8434,ID,id.pitch.r,0.31546569
3.8434,ID,id.pitch.u_ad,0
3.8434,ID,id.pitch.u_nom,0.25641027
3.8434,ID,id.pitch.x,-4.8376379
3.8434,ID,id.pitch.xm,0.31546569
3.8434,ID,id.sample_counter,43754
3.8434,ID,id.sysid_state,4
3.8434,ID,id.vbat,0
3.8489,ID,id.arm,0
3.8489,ID,id.axis,0
3.8489,ID,id.dither,0
3.8489,ID,id.mode,0
3.8489,ID,id.pitch.r,0.4216598
3.8489,ID,id.pitch.u_ad,0
3.8489,ID,id.pitch.u_nom,0.25641027
3.8489,ID,id.pitch.x,-4.7745576
3.8489,ID,id.pitch.xm,0.4216598
3.8489,ID,id.sample_counter,43755
3.8489,ID,id.sysid_state,4
3.8489,ID,id.vbat,0
3.8532,ID,id.arm,0
3.8532,ID,id.axis,0
3.8532,ID,id.dither,0
3.8532,ID,id.mode,0
3.8532,ID,id.pitch.r,0.43277189
3.8532,ID,id.pitch.u_ad,0
3.8532,ID,id.pitch.u_nom,0.23354553
3.8532,ID,id.pitch.x,-4.7341757
3.8532,ID,id.pitch.xm,0.43277189
3.8532,ID,id.sample_counter,43756
3.8532,ID,id.sysid_state,4
3.8532,ID,id.vbat,0
3.8581,ID,id.arm,0
3.8581,ID,id.axis,0
3.8581,ID,id.dither,0
3.8581,ID,id.mode,0
3.8581,ID,id.pitch.r,0.37043005
3.8581,ID,id.pitch.u_ad,0
3.8581,ID,id.pitch.u_nom,0.22979812
3.8581,ID,id.pitch.x,-4.7595954
3.8581,ID,id.pitch.xm,0.37043005
3.8581,ID,id.sample_counter,43757
3.8581,ID,id.sysid_state,4
3.8581,ID,id.vbat,0
3.8631,ID,id.arm,0
3.8631,ID,id.axis,0
3.8631,ID,id.dither,0
3.8631,ID,id.mode,0
3.8631,ID,id.pitch.r,0.47578278
3.8631,ID,id.pitch.u_ad,0
3.8631,ID,id.pitch.u_nom,0.25165391
3.8631,ID,id.pitch.x,-4.6619506
3.8631,ID,id.pitch.xm,0.47578278
3.8631,ID,id.sample_counter,43758
3.8631,ID,id.sysid_state,4
3.8631,ID,id.vbat,0
3.8683,ID,id.arm,0
3.8683,ID,id.axis,0
3.8683,ID,id.dither,0
3.8683,ID,id.mode,0
3.8683,ID,id.pitch.r,0.60437238
3.8683,ID,id.pitch.u_ad,0
3.8683,ID,id.pitch.u_nom,0.22192146
3.8683,ID,id.pitch.x,-4.4803548
3.8683,ID,id.pitch.xm,0.60437238
3.8683,ID,id.sample_counter,43759
3.8683,ID,id.sysid_state,4
3.8683,ID,id.vbat,0
3.8732,ID,id.arm,0
3.8732,ID,id.axis,0
3.8732,ID,id.dither,0
3.8732,ID,id.mode,0
3.8732,ID,id.pitch.r,0.57353354
3.8732,ID,id.pitch.u_ad,0
3.8732,ID,id.pitch.u_nom,0.1634769
3.8732,ID,id.pitch.x,-4.338841
3.8732,ID,id.pitch.xm,0.57353354
3.8732,ID,id.sample_counter,43760
3.8732,ID,id.sysid_state,4
3.8732,ID,id.vbat,0
3.8782,ID,id.arm,0
3.8782,ID,id.axis,0
3.8782,ID,id.dither,0
3.8782,ID,id.mode,0
3.8782,ID,id.pitch.r,0.42924127
3.8782,ID,id.pitch.u_ad,0
3.8782,ID,id.pitch.u_nom,0.16240905
3.8782,ID,id.pitch.x,-4.2564268
3.8782,ID,id.pitch.xm,0.42924127
3.8782,ID,id.sample_counter,43761
3.8782,ID,id.sysid_state,4
3.8782,ID,id.vbat,0
3.8837,ID,id.arm,0
3.8837,ID,id.axis,0
3.8837,ID,id.dither,0
3.8837,ID,id.mode,0
3.8837,ID,id.pitch.r,0.56994891
3.8837,ID,id.pitch.u_ad,0
3.8837,ID,id.pitch.u_nom,0.25641027
3.8837,ID,id.pitch.x,-4.2915292
3.8837,ID,id.pitch.xm,0.56994891
3.8837,ID,id.sample_counter,43762
3.8837,ID,id.sysid_state,4
3.8837,ID,id.vbat,0
3.8881,ID,id.arm,0
3.8881,ID,id.axis,0
3.8881,ID,id.dither,0
3.8881,ID,id.mode,0
3.8881,ID,id.pitch.r,0.73695904
3.8881,ID,id.pitch.u_ad,0
3.8881,ID,id.pitch.u_nom,0.25641027
3.8881,ID,id.pitch.x,-4.2948442
3.8881,ID,id.pitch.xm,0.73695904
3.8881,ID,id.sample_counter,43763
3.8881,ID,id.sysid_state,4
3.8881,ID,id.vbat,0
3.8931,ID,id.arm,0
3.8931,ID,id.axis,0
3.8931,ID,id.dither,0
3.8931,ID,id.mode,0
3.8931,ID,id.pitch.r,0.67119116
3.8931,ID,id.pitch.u_ad,0
3.8931,ID,id.pitch.u_nom,0.2308545
3.8931,ID,id.pitch.x,-4.3258467
3.8931,ID,id.pitch.xm,0.67119116
3.8931,ID,id.sample_counter,43764
3.8931,ID,id.sysid_state,4
3.8931,ID,id.vbat,0
3.8986,ID,id.arm,0
3.8986,ID,id.axis,0
3.8986,ID,id.dither,0
3.8986,ID,id.mode,0
3.8986,ID,id.pitch.r,0.54084575
3.8986,ID,id.pitch.u_ad,0
3.8986,ID,id.pitch.u_nom,0.18673886
3.8986,ID,id.pitch.x,-4.3313417
3.8986,ID,id.pitch.xm,0.54084575
3.8986,ID,id.sample_counter,43765
3.8986,ID,id.sysid_state,4
3.8986,ID,id.vbat,0
3.8992,A,mrac.pitch.e,0.20661747
3.8992,A,mrac.pitch.u_ad,-0.027108217
3.8992,A,mrac.roll.e,-0.2173617
3.8992,A,mrac.roll.u_ad,0.16147248
3.8992,A,mrac.yaw.e,0.21340318
3.8992,A,mrac.yaw.u_ad,-0.021338467
3.8992,A,mrac.z.e,0.10621598
3.8992,A,mrac.z.u_ad,-0.057903521
3.8992,A,status.arm,1
3.8992,A,status.flymode,1
3.8992,A,status.rc_authority,0
3.8992,A,status.sbus_lost,0
3.8992,A,status.twc_arrived,0
3.8992,A,status.twc_execute,0
3.8992,B,mrac.pitch.theta_0,3.8353875e-08
3.8992,B,mrac.pitch.theta_1,0.0026793308
3.8992,B,mrac.pitch.theta_2,0.00036447751
3.8992,B,mrac.pitch.theta_3,0.0021368773
3.8992,B,mrac.pitch.theta_4,0.12672588
3.8992,B,mrac.pitch.theta_5,0.14228033
3.8992,B,mrac.pitch.u_nom,-0.13606945
3.8992,B,mrac.pitch.xm,-0.13345523
3.8992,B,mrac.roll.theta_0,0.14801875
3.8992,B,mrac.roll.theta_1,0.0010706458
3.8992,B,mrac.roll.theta_2,0.0078351134
3.8992,B,mrac.roll.theta_3,0.0017508217
3.8992,B,mrac.roll.theta_4,0.1164327
3.8992,B,mrac.roll.theta_5,0.13305739
3.8992,B,mrac.roll.u_nom,0.13481887
3.8992,B,mrac.roll.xm,0.06991189
3.8992,B,mrac.yaw.theta_0,1.9618179e-44
3.8992,B,mrac.yaw.theta_1,0.0038231763
3.8992,B,mrac.yaw.theta_2,0.0011539053
3.8992,B,mrac.yaw.theta_3,0
3.8992,B,mrac.yaw.theta_4,0.11176347
3.8992,B,mrac.yaw.theta_5,0.088189892
3.8992,B,mrac.yaw.u_nom,-0.05672732
3.8992,B,mrac.yaw.xm,-0.17635128
3.8992,B,mrac.z.theta_0,0.010391511
3.8992,B,mrac.z.theta_1,0.0020866562
3.8992,B,mrac.z.theta_2,0.0010444676
3.8992,B,mrac.z.theta_3,0
3.8992,B,mrac.z.theta_4,0.19652115
3.8992,B,mrac.z.theta_5,0.19049689
3.8992,B,mrac.z.u_nom,-0.248189
3.8992,B,mrac.z.xm,-0.10660028
3.8992,B,path.active_path_mode,0
3.8992,B,path.circle_theta,0
3.8992,B,path.sinusoid_t_elapsed,0
3.8992,B,path.twc_arrived,0
3.8992,B,path.twc_target_x,0
3.8992,B,path.twc_target_y,0
3.8992,B,path.twc_target_z,0
3.8992,B,pid.gyrox.Des,4.0056543
3.8992,B,pid.gyrox.FB,-5.558001
3.8992,B,pid.gyrox.U,157.73808
3.8992,B,pid.gyroy.Des,-7.6464181
3.8992,B,pid.gyroy.FB,6.5247588
3.8992,B,pid.gyroy.U,-159.20125
3.8992,B,pid.gyroz.Des,-10.104179
3.8992,B,pid.gyroz.FB,2.9126422
3.8992,B,pid.gyroz.U,-106.19354
3.8992,B,pid.locx.Des,0
3.8992,B,pid.locx.FB,0.76229656
3.8992,B,pid.locx.U,-2.4688075
3.8992,B,pid.locxs.Des,-2.4688075
3.8992,B,pid.locxs.FB,-3.9176743
3.8992,B,pid.locxs.U,4.4412475
3.8992,B,pid.locy.Des,-47.210907
3.8992,B,pid.locy.FB,-23.9251
3.8992,B,pid.locy.U,-20.516798
3.8992,B,pid.locys.Des,-20.516798
3.8992,B,pid.locys.FB,-3.1067393
3.8992,B,pid.locys.U,-49.070194
3.8992,B,pid.pitch.Des,-2.8694906
3.8992,B,pid.pitch.FB,-0.36534271
3.8992,B,pid.pitch.U,-7.6464181
3.8992,B,pid.roll.Des,-0.18209788
3.8992,B,pid.roll.FB,-1.5195327
3.8992,B,pid.roll.U,4.0056543
3.8992,B,pid.yaw.Des,-2.8954291
3.8992,B,pid.yaw.FB,-1.5447326
3.8992,B,pid.yaw.U,-10.104179
3.8992,B,pid.z_pos.Des,1.0195838
3.8992,B,pid.z_pos.FB,1.0296168
3.8992,B,pid.z_pos.U,-0.10660028
3.8992,B,pid.z_rate.Des,-0.10660028
3.8992,B,pid.z_rate.FB,-0.0014803832
3.8992,B,pid.z_rate.U,-55.097958
3.8992,B,status.vbat,0
3.9033,ID,id.arm,0
3.9033,ID,id.axis,0
3.9033,ID,id.dither,0
3.9033,ID,id.mode,0
3.9033,ID,id.pitch.r,0.6597929
3.9033,ID,id.pitch.u_ad,0
3.9033,ID,id.pitch.u_nom,0.25641027
3.9033,ID,id.pitch.x,-4.2574644
3.9033,ID,id.pitch.xm,0.6597929
3.9033,ID,id.sample_counter,43766
3.9033,ID,id.sysid_state,4
3.9033,ID,id.vbat,0
3.9082,ID,id.arm,0
3.9082,ID,id.axis,0
3.9082,ID,id.dither,0
3.9082,ID,id.mode,0
3.9082,ID,id.pitch.r,0.84463024
3.9082,ID,id.pitch.u_ad,0
3.9082,ID,id.pitch.u_nom,0.25641027
3.9082,ID,id.pitch.x,-4.1314888
3.9082,ID,id.pitch.xm,0.84463024
3.9082,ID,id.sample_counter,43767
3.9082,ID,id.sysid_state,4
3.9082,ID,id.vbat,0
3.9130,ID,id.arm,0
3.9130,ID,id.axis,0
3.9130,ID,id.dither,0
3.9130,ID,id.mode,0
3.9130,ID,id.pitch.r,0.74676222
3.9130,ID,id.pitch.u_ad,0
3.9130,ID,id.pitch.u_nom,0.16240905
3.9130,ID,id.pitch.x,-4.0266628
3.9130,ID,id.pitch.xm,0.74676222
3.9130,ID,id.sample_counter,43768
3.9130,ID,id.sysid_state,4
3.9130,ID,id.vbat,0
3.9182,ID,id.arm,0
3.9182,ID,id.axis,0
3.9182,ID,id.dither,0
3.9182,ID,id.mode,0
3.9182,ID,id.pitch.r,0.43776387
3.9182,ID,id.pitch.u_ad,0
3.9182,ID,id.pitch.u_nom,0.16240905
3.9182,ID,id.pitch.x,-3.9421122
3.9182,ID,id.pitch.xm,0.43776387
3.9182,ID,id.sample_counter,43769
3.9182,ID,id.sysid_state,4
3.9182,ID,id.vbat,0
3.9231,ID,id.arm,0
3.9231,ID,id.axis,0
3.9231,ID,id.dither,0
3.9231,ID,id.mode,0
3.9231,ID,id.pitch.r,0.66398221
3.9231,ID,id.pitch.u_ad,0
3.9231,ID,id.pitch.u_nom,0.25641027
3.9231,ID,id.pitch.x,-3.9044082
3.9231,ID,id.pitch.xm,0.66398221
3.9231,ID,id.sample_counter,43770
3.9231,ID,id.sysid_state,4
3.9231,ID,id.vbat,0
3.9281,ID,id.arm,0
3.9281,ID,id.axis,0
3.9281,ID,id.dither,0
3.9281,ID,id.mode,0
3.9281,ID,id.pitch.r,0.90172011
3.9281,ID,id.pitch.u_ad,0
3.9281,ID,id.pitch.u_nom,0.25641027
3.9281,ID,id.pitch.x,-3.802036
3.9281,ID,id.pitch.xm,0.90172011
3.9281,ID,id.sample_counter,43771
3.9281,ID,id.sysid_state,4
3.9281,ID,id.vbat,0
3.9333,ID,id.arm,0
3.9333,ID,id.axis,0
3.9333,ID,id.dither,0
3.9333,ID,id.mode,0
3.9333,ID,id.pitch.r,0.7786324
3.9333,ID,id.pitch.u_ad,0
3.9333,ID,id.pitch.u_nom,0.16240905
3.9333,ID,id.pitch.x,-3.6683455
3.9333,ID,id.pitch.xm,0.7786324
3.9333,ID,id.sample_counter,43772
3.9333,ID,id.sysid_state,4
3.9333,ID,id.vbat,0
3.9383,ID,id.arm,0
3.9383,ID,id.axis,0
3.9383,ID,id.dither,0
3.9383,ID,id.mode,0
3.9383,ID,id.pitch.r,0.45243931
3.9383,ID,id.pitch.u_ad,0
3.9383,ID,id.pitch.u_nom,0.16240905
3.9383,ID,id.pitch.x,-3.5908778
3.9383,ID,id.pitch.xm,0.45243931
3.9383,ID,id.sample_counter,43773
3.9383,ID,id.sysid_state,4
3.9383,ID,id.vbat,0
3.9431,ID,id.arm,0
3.9431,ID,id.axis,0
3.9431,ID,id.dither,0
3.9431,ID,id.mode,0
3.9431,ID,id.pitch.r,0.65951747
3.9431,ID,id.pitch.u_ad,0
3.9431,ID,id.pitch.u_nom,0.25641027
3.9431,ID,id.pitch.x,-3.4503541
3.9431,ID,id.pitch.xm,0.65951747
3.9431,ID,id.sample_counter,43774
3.9431,ID,id.sysid_state,4
3.9431,ID,id.vbat,0
3.9486,ID,id.arm,0
3.9486,ID,id.axis,0
3.9486,ID,id.dither,0
3.9486,ID,id.mode,0
3.9486,ID,id.pitch.r,0.92538559
3.9486,ID,id.pitch.u_ad,0
3.9486,ID,id.pitch.u_nom,0.25641027
3.9486,ID,id.pitch.x,-3.3196533
3.9486,ID,id.pitch.xm,0.92538559
3.9486,ID,id.sample_counter,43775
3.9486,ID,id.sysid_state,4
3.9486,ID,id.vbat,0
3.9533,ID,id.arm,0
3.9533,ID,id.axis,0
3.9533,ID,id.dither,0
3.9533,ID,id.mode,0
3.9533,ID,id.pitch.r,0.78014153
3.9533,ID,id.pitch.u_ad,0
3.9533,ID,id.pitch.u_nom,0.16240905
3.9533,ID,id.pitch.x,-3.2431757
3.9533,ID,id.pitch.xm,0.78014153
3.9533,ID,id.sample_counter,43776
3.9533,ID,id.sysid_state,4
3.9533,ID,id.vbat,0
3.9582,ID,id.arm,0
3.9582,ID,id.axis,0
3.9582,ID,id.dither,0
3.9582,ID,id.mode,0
3.9582,ID,id.pitch.r,0.46794462
3.9582,ID,id.pitch.u_ad,0
3.9582,ID,id.pitch.u_nom,0.16240905
3.9582,ID,id.pitch.x,-3.2141702
3.9582,ID,id.pitch.xm,0.46794462
3.9582,ID,id.sample_counter,43777
3.9582,ID,id.sysid_state,4
3.9582,ID,id.vbat,0
3.9632,ID,id.arm,0
3.9632,ID,id.axis,0
3.9632,ID,id.dither,0
3.9632,ID,id.mode,0
3.9632,ID,id.pitch.r,0.65505427
3.9632,ID,id.pitch.u_ad,0
3.9632,ID,id.pitch.u_nom,0.25641027
3.9632,ID,id.pitch.x,-3.1783068
3.9632,ID,id.pitch.xm,0.65505427
3.9632,ID,id.sample_counter,43778
3.9632,ID,id.sysid_state,4
3.9632,ID,id.vbat,0
3.9682,ID,id.arm,0
3.9682,ID,id.axis,0
3.9682,ID,id.dither,0
3.9682,ID,id.mode,0
3.9682,ID,id.pitch.r,0.92960513
3.9682,ID,id.pitch.u_ad,0
3.9682,ID,id.pitch.u_nom,0.25641027
3.9682,ID,id.pitch.x,-3.0424824
3.9682,ID,id.pitch.xm,0.92960513
3.9682,ID,id.sample_counter,43779
3.9682,ID,id.sysid_state,4
3.9682,ID,id.vbat,0
3.9731,ID,id.arm,0
3.9731,ID,id.axis,0
3.9731,ID,id.dither,0
3.9731,ID,id.mode,0
3.9731,ID,id.pitch.r,0.77059639
3.9731,ID,id.pitch.u_ad,0
3.9731,ID,id.pitch.u_nom,0.16240905
3.9731,ID,id.pitch.x,-2.9180944
3.9731,ID,id.pitch.xm,0.77059639
3.9731,ID,id.sample_counter,43780
3.9731,ID,id.sysid_state,4
3.9731,ID,id.vbat,0
3.9782,ID,id.arm,0
3.9782,ID,id.axis,0
3.9782,ID,id.dither,0
3.9782,ID,id.mode,0
3.9782,ID,id.pitch.r,0.44760299
3.9782,ID,id.pitch.u_ad,0
3.9782,ID,id.pitch.u_nom,0.16240905
3.9782,ID,id.pitch.x,-2.7805333
3.9782,ID,id.pitch.xm,0.44760299
3.9782,ID,id.sample_counter,43781
3.9782,ID,id.sysid_state,4
3.9782,ID,id.vbat,0
3.9836,ID,id.arm,0
3.9836,ID,id.axis,0
3.9836,ID,id.dither,0
3.9836,ID,id.mode,0
3.9836,ID,id.pitch.r,0.62474698
3.9836,ID,id.pitch.u_ad,0
3.9836,ID,id.pitch.u_nom,0.25641027
3.9836,ID,id.pitch.x,-2.6632247
3.9836,ID,id.pitch.xm,0.62474698
3.9836,ID,id.sample_counter,43782
3.9836,ID,id.sysid_state,4
3.9836,ID,id.vbat,0
3.9882,ID,id.arm,0
3.9882,ID,id.axis,0
3.9882,ID,id.dither,0
3.9882,ID,id.mode,0
3.9882,ID,id.pitch.r,0.91185385
3.9882,ID,id.pitch.u_ad,0
3.9882,ID,id.pitch.u_nom,0.25641027
3.9882,ID,id.pitch.x,-2.5753157
3.9882,ID,id.pitch.xm,0.91185385
3.9882,ID,id.sample_counter,43783
3.9882,ID,id.sysid_state,4
3.9882,ID,id.vbat,0
3.9932,ID,id.arm,0
3.9932,ID,id.axis,0
3.9932,ID,id.dither,0
3.9932,ID,id.mode,0
3.9932,ID,id.pitch.r,0.73983657
3.9932,ID,id.pitch.u_ad,0
3.9932,ID,id.pitch.u_nom,0.16240905
3.9932,ID,id.pitch.x,-2.5023587
3.9932,ID,id.pitch.xm,0.73983657
3.9932,ID,id.sample_counter,43784
3.9932,ID,id.sysid_state,4
3.9932,ID,id.vbat,0
3.9997,ID,id.arm,0
3.9997,ID,id.axis,0
3.9997,ID,id.dither,0
3.9997,ID,id.mode,0
3.9997,ID,id.pitch.r,0.44233146
3.9997,ID,id.pitch.u_ad,0
3.9997,ID,id.pitch.u_nom,0.16240905
3.9997,ID,id.pitch.x,-2.4146895
3.9997,ID,id.pitch.xm,0.44233146
3.9997,ID,id.sample_counter,43785
3.9997,ID,id.sysid_state,4
3.9997,ID,id.vbat,0
4.0032,ID,id.arm,0
4.0032,ID,id.axis,0
4.0032,ID,id.dither,0
4.0032,ID,id.mode,0
4.0032,ID,id.pitch.r,0.61116254
4.0032,ID,id.pitch.u_ad,0
4.0032,ID,id.pitch.u_nom,0.25641027
4.0032,ID,id.pitch.x,-2.3404815
4.0032,ID,id.pitch.xm,0.61116254
4.0032,ID,id.sample_counter,43786
4.0032,ID,id.sysid_state,4
4.0032,ID,id.vbat,0
4.0082,ID,id.arm,0
4.0082,ID,id.axis,0
4.0082,ID,id.dither,0
4.0082,ID,id.mode,0
4.0082,ID,id.pitch.r,0.88865262
4.0082,ID,id.pitch.u_ad,0
4.0082,ID,id.pitch.u_nom,0.25641027
4.0082,ID,id.pitch.x,-2.2425346
4.0082,ID,id.pitch.xm,0.88865262
4.0082,ID,id.sample_counter,43787
4.0082,ID,id.sysid_state,4
4.0082,ID,id.vbat,0
4.0131,ID,id.arm,0
4.0131,ID,id.axis,0
4.0131,ID,id.dither,0
4.0131,ID,id.mode,0
4.0131,ID,id.pitch.r,0.70918399
4.0131,ID,id.pitch.u_ad,0
4.0131,ID,id.pitch.u_nom,0.16240905
4.0131,ID,id.pitch.x,-2.1201723
4.0131,ID,id.pitch.xm,0.70918399
4.0131,ID,id.sample_counter,43788
4.0131,ID,id.sysid_state,4
4.0131,ID,id.vbat,0
4.0182,ID,id.arm,0
4.0182,ID,id.axis,0
4.0182,ID,id.dither,0
4.0182,ID,id.mode,0
4.0182,ID,id.pitch.r,0.43002525
4.0182,ID,id.pitch.u_ad,0
4.0182,ID,id.pitch.u_nom,0.16240905
4.0182,ID,id.pitch.x,-2.0329428
4.0182,ID,id.pitch.xm,0.43002525
4.0182,ID,id.sample_counter,43789
4.0182,ID,id.sysid_state,4
4.0182,ID,id.vbat,0
4.0230,ID,id.arm,0
4.0230,ID,id.axis,0
4.0230,ID,id.dither,0
4.0230,ID,id.mode,0
4.0230,ID,id.pitch.r,0.59309685
4.0230,ID,id.pitch.u_ad,0
4.0230,ID,id.pitch.u_nom,0.25641027
4.0230,ID,id.pitch.x,-1.9692202
4.0230,ID,id.pitch.xm,0.59309685
4.0230,ID,id.sample_counter,43790
4.0230,ID,id.sysid_state,4
4.0230,ID,id.vbat,0
4.0281,ID,id.arm,0
4.0281,ID,id.axis,0
4.0281,ID,id.dither,0
4.0281,ID,id.mode,0
4.0281,ID,id.pitch.r,0.86095721
4.0281,ID,id.pitch.u_ad,0
4.0281,ID,id.pitch.u_nom,0.25641027
4.0281,ID,id.pitch.x,-1.8804756
4.0281,ID,id.pitch.xm,0.86095721
4.0281,ID,id.sample_counter,43791
4.0281,ID,id.sysid_state,4
4.0281,ID,id.vbat,0
4.0333,ID,id.arm,0
4.0333,ID,id.axis,0
4.0333,ID,id.dither,0
4.0333,ID,id.mode,0
4.0333,ID,id.pitch.r,0.67704827
4.0333,ID,id.pitch.u_ad,0
4.0333,ID,id.pitch.u_nom,0.16240905
4.0333,ID,id.pitch.x,-1.7843186
4.0333,ID,id.pitch.xm,0.67704827
4.0333,ID,id.sample_counter,43792
4.0333,ID,id.sysid_state,4
4.0333,ID,id.vbat,0
4.0382,ID,id.arm,0
4.0382,ID,id.axis,0
4.0382,ID,id.dither,0
4.0382,ID,id.mode,0
4.0382,ID,id.pitch.r,0.41566336
4.0382,ID,id.pitch.u_ad,0
4.0382,ID,id.pitch.u_nom,0.16240905
4.0382,ID,id.pitch.x,-1.6735208
4.0382,ID,id.pitch.xm,0.41566336
4.0382,ID,id.sample_counter,43793
4.0382,ID,id.sysid_state,4
4.0382,ID,id.vbat,0
4.0432,ID,id.arm,0
4.0432,ID,id.axis,0
4.0432,ID,id.dither,0
4.0432,ID,id.mode,0
4.0432,ID,id.pitch.r,0.57477629
4.0432,ID,id.pitch.u_ad,0
4.0432,ID,id.pitch.u_nom,0.25284299
4.0432,ID,id.pitch.x,-1.5245442
4.0432,ID,id.pitch.xm,0.57477629
4.0432,ID,id.sample_counter,43794
4.0432,ID,id.sysid_state,4
4.0432,ID,id.vbat,0
4.0485,ID,id.arm,0
4.0485,ID,id.axis,0
4.0485,ID,id.dither,0
4.0485,ID,id.mode,0
4.0485,ID,id.pitch.r,0.82973886
4.0485,ID,id.pitch.u_ad,0
4.0485,ID,id.pitch.u_nom,0.25641027
4.0485,ID,id.pitch.x,-1.4271809
4.0485,ID,id.pitch.xm,0.82973886
4.0485,ID,id.sample_counter,43795
4.0485,ID,id.sysid_state,4
4.0485,ID,id.vbat,0
4.0532,ID,id.arm,0
4.0532,ID,id.axis,0
4.0532,ID,id.dither,0
4.0532,ID,id.mode,0
4.0532,ID,id.pitch.r,0.63899904
4.0532,ID,id.pitch.u_ad,0
4.0532,ID,id.pitch.u_nom,0.16240905
4.0532,ID,id.pitch.x,-1.3564007
4.0532,ID,id.pitch.xm,0.63899904
4.0532,ID,id.sample_counter,43796
4.0532,ID,id.sysid_state,4
4.0532,ID,id.vbat,0
4.0581,ID,id.arm,0
4.0581,ID,id.axis,0
4.0581,ID,id.dither,0
4.0581,ID,id.mode,0
4.0581,ID,id.pitch.r,0.37629986
4.0581,ID,id.pitch.u_ad,0
4.0581,ID,id.pitch.u_nom,0.16240905
4.0581,ID,id.pitch.x,-1.2838995
4.0581,ID,id.pitch.xm,0.37629986
4.0581,ID,id.sample_counter,43797
4.0581,ID,id.sysid_state,4
4.0581,ID,id.vbat,0
4.0632,ID,id.arm,0
4.0632,ID,id.axis,0
4.0632,ID,id.dither,0
4.0632,ID,id.mode,0
4.0632,ID,id.pitch.r,0.52882367
4.0632,ID,id.pitch.u_ad,0
4.0632,ID,id.pitch.u_nom,0.25641027
4.0632,ID,id.pitch.x,-1.2372596
4.0632,ID,id.pitch.xm,0.52882367
4.0632,ID,id.sample_counter,43798
4.0632,ID,id.sysid_state,4
4.0632,ID,id.vbat,0
4.0682,ID,id.arm,0
4.0682,ID,id.axis,0
4.0682,ID,id.dither,0
4.0682,ID,id.mode,0
4.0682,ID,id.pitch.r,0.789289
4.0682,ID,id.pitch.u_ad,0
4.0682,ID,id.pitch.u_nom,0.25641027
4.0682,ID,id.pitch.x,-1.1254108
4.0682,ID,id.pitch.xm,0.789289
4.0682,ID,id.sample_counter,43799
4.0682,ID,id.sysid_state,4
4.0682,ID,id.vbat,0
4.0732,ID,id.arm,0
4.0732,ID,id.axis,0
4.0732,ID,id.dither,0
4.0732,ID,id.mode,0
4.0732,ID,id.pitch.r,0.59490615
4.0732,ID,id.pitch.u_ad,0
4.0732,ID,id.pitch.u_nom,0.16240905
4.0732,ID,id.pitch.x,-0.9994058
4.0732,ID,id.pitch.xm,0.59490615
4.0732,ID,id.sample_counter,43800
4.0732,ID,id.sysid_state,4
4.0732,ID,id.vbat,0
4.0780,ID,id.arm,0
4.0780,ID,id.axis,0
4.0780,ID,id.dither,0
4.0780,ID,id.mode,0
4.0780,ID,id.pitch.r,0.3480916
4.0780,ID,id.pitch.u_ad,0
4.0780,ID,id.pitch.u_nom,0.16240905
4.0780,ID,id.pitch.x,-0.89380783
4.0780,ID,id.pitch.xm,0.3480916
4.0780,ID,id.sample_counter,43801
4.0780,ID,id.sysid_state,4
4.0780,ID,id.vbat,0
4.0835,ID,id.arm,0
4.0835,ID,id.axis,0
4.0835,ID,id.dither,0
4.0835,ID,id.mode,0
4.0835,ID,id.pitch.r,0.49540886
4.0835,ID,id.pitch.u_ad,0
4.0835,ID,id.pitch.u_nom,0.25641027
4.0835,ID,id.pitch.x,-0.79815805
4.0835,ID,id.pitch.xm,0.49540886
4.0835,ID,id.sample_counter,43802
4.0835,ID,id.sysid_state,4
4.0835,ID,id.vbat,0
4.0883,ID,id.arm,0
4.0883,ID,id.axis,0
4.0883,ID,id.dither,0
4.0883,ID,id.mode,0
4.0883,ID,id.pitch.r,0.71321547
4.0883,ID,id.pitch.u_ad,0
4.0883,ID,id.pitch.u_nom,0.25641027
4.0883,ID,id.pitch.x,-0.65892518
4.0883,ID,id.pitch.xm,0.71321547
4.0883,ID,id.sample_counter,43803
4.0883,ID,id.sysid_state,4
4.0883,ID,id.vbat,0
4.0934,ID,id.arm,0
4.0934,ID,id.axis,0
4.0934,ID,id.dither,0
4.0934,ID,id.mode,0
4.0934,ID,id.pitch.r,0.53860486
4.0934,ID,id.pitch.u_ad,0.016494866
4.0934,ID,id.pitch.u_nom,0.16240905
4.0934,ID,id.pitch.x,-0.5771479
4.0934,ID,id.pitch.xm,0.53860486
4.0934,ID,id.sample_counter,43804
4.0934,ID,id.sysid_state,4
4.0934,ID,id.vbat,0
4.1036,A,mrac.pitch.e,0.20661747
4.1036,A,mrac.pitch.u_ad,-0.027108217
4.1036,A,mrac.roll.e,-0.2173617
4.1036,A,mrac.roll.u_ad,0.16147248
4.1036,A,mrac.yaw.e,0.21340318
4.1036,A,mrac.yaw.u_ad,-0.021338467
4.1036,A,mrac.z.e,0.10621598
4.1036,A,mrac.z.u_ad,-0.057903521
4.1036,A,status.arm,1
4.1036,A,status.flymode,1
4.1036,A,status.rc_authority,0
4.1036,A,status.sbus_lost,0
4.1036,A,status.twc_arrived,0
4.1036,A,status.twc_execute,0
4.1036,B,mrac.pitch.theta_0,3.8353875e-08
4.1036,B,mrac.pitch.theta_1,0.0026793308
4.1036,B,mrac.pitch.theta_2,0.00036447751
4.1036,B,mrac.pitch.theta_3,0.0021368773
4.1036,B,mrac.pitch.theta_4,0.12672588
4.1036,B,mrac.pitch.theta_5,0.14228033
4.1036,B,mrac.pitch.u_nom,-0.13606945
4.1036,B,mrac.pitch.xm,-0.13345523
4.1036,B,mrac.roll.theta_0,0.14801875
4.1036,B,mrac.roll.theta_1,0.0010706458
4.1036,B,mrac.roll.theta_2,0.0078351134
4.1036,B,mrac.roll.theta_3,0.0017508217
4.1036,B,mrac.roll.theta_4,0.1164327
4.1036,B,mrac.roll.theta_5,0.13305739
4.1036,B,mrac.roll.u_nom,0.13481887
4.1036,B,mrac.roll.xm,0.06991189
4.1036,B,mrac.yaw.theta_0,1.9618179e-44
4.1036,B,mrac.yaw.theta_1,0.0038231763
4.1036,B,mrac.yaw.theta_2,0.0011539053
4.1036,B,mrac.yaw.theta_3,0
4.1036,B,mrac.yaw.theta_4,0.11176347
4.1036,B,mrac.yaw.theta_5,0.088189892
4.1036,B,mrac.yaw.u_nom,-0.05672732
4.1036,B,mrac.yaw.xm,-0.17635128
4.1036,B,mrac.z.theta_0,0.010391511
4.1036,B,mrac.z.theta_1,0.0020866562
4.1036,B,mrac.z.theta_2,0.0010444676
4.1036,B,mrac.z.theta_3,0
4.1036,B,mrac.z.theta_4,0.19652115
4.1036,B,mrac.z.theta_5,0.19049689
4.1036,B,mrac.z.u_nom,-0.248189
4.1036,B,mrac.z.xm,-0.10660028
4.1036,B,path.active_path_mode,0
4.1036,B,path.circle_theta,0
4.1036,B,path.sinusoid_t_elapsed,0
4.1036,B,path.twc_arrived,0
4.1036,B,path.twc_target_x,0
4.1036,B,path.twc_target_y,0
4.1036,B,path.twc_target_z,0
4.1036,B,pid.gyrox.Des,4.0056543
4.1036,B,pid.gyrox.FB,-5.558001
4.1036,B,pid.gyrox.U,157.73808
4.1036,B,pid.gyroy.Des,-7.6464181
4.1036,B,pid.gyroy.FB,6.5247588
4.1036,B,pid.gyroy.U,-159.20125
4.1036,B,pid.gyroz.Des,-10.104179
4.1036,B,pid.gyroz.FB,2.9126422
4.1036,B,pid.gyroz.U,-106.19354
4.1036,B,pid.locx.Des,0
4.1036,B,pid.locx.FB,0.76229656
4.1036,B,pid.locx.U,-2.4688075
4.1036,B,pid.locxs.Des,-2.4688075
4.1036,B,pid.locxs.FB,-3.9176743
4.1036,B,pid.locxs.U,4.4412475
4.1036,B,pid.locy.Des,-47.210907
4.1036,B,pid.locy.FB,-23.9251
4.1036,B,pid.locy.U,-20.516798
4.1036,B,pid.locys.Des,-20.516798
4.1036,B,pid.locys.FB,-3.1067393
4.1036,B,pid.locys.U,-49.070194
4.1036,B,pid.pitch.Des,-2.8694906
4.1036,B,pid.pitch.FB,-0.36534271
4.1036,B,pid.pitch.U,-7.6464181
4.1036,B,pid.roll.Des,-0.18209788
4.1036,B,pid.roll.FB,-1.5195327
4.1036,B,pid.roll.U,4.0056543
4.1036,B,pid.yaw.Des,-2.8954291
4.1036,B,pid.yaw.FB,-1.5447326
4.1036,B,pid.yaw.U,-10.104179
4.1036,B,pid.z_pos.Des,1.0195838
4.1036,B,pid.z_pos.FB,1.0296168
4.1036,B,pid.z_pos.U,-0.10660028
4.1036,B,pid.z_rate.Des,-0.10660028
4.1036,B,pid.z_rate.FB,-0.0014803832
4.1036,B,pid.z_rate.U,-55.097958
4.1036,B,status.vbat,0
4.2999,A,mrac.pitch.e,0.7748915
4.2999,A,mrac.pitch.u_ad,-0.030777305
4.2999,A,mrac.roll.e,-0.14448273
4.2999,A,mrac.roll.u_ad,0.15723164
4.2999,A,mrac.yaw.e,1.1269668
4.2999,A,mrac.yaw.u_ad,0
4.2999,A,mrac.z.e,-0.42046773
4.2999,A,mrac.z.u_ad,0.17062598
4.2999,A,status.arm,0
4.2999,A,status.flymode,0
4.2999,A,status.rc_authority,0
4.2999,A,status.sbus_lost,0
4.2999,A,status.twc_arrived,0
4.2999,A,status.twc_execute,0
4.2999,B,mrac.pitch.theta_0,0.0030925344
4.2999,B,mrac.pitch.theta_1,0.0027227174
4.2999,B,mrac.pitch.theta_2,0.0005473732
4.2999,B,mrac.pitch.theta_3,0.0023608382
4.2999,B,mrac.pitch.theta_4,0.12758154
4.2999,B,mrac.pitch.theta_5,0.14188899
4.2999,B,mrac.pitch.u_nom,-0.16082975
4.2999,B,mrac.pitch.xm,-0.061743267
4.2999,B,mrac.roll.theta_0,0.12355326
4.2999,B,mrac.roll.theta_1,0.0012100538
4.2999,B,mrac.roll.theta_2,0.0074997814
4.2999,B,mrac.roll.theta_3,0.0026239434
4.2999,B,mrac.roll.theta_4,0.11697643
4.2999,B,mrac.roll.theta_5,0.13255697
4.2999,B,mrac.roll.u_nom,-0.24447615
4.2999,B,mrac.roll.xm,0.67139012
4.2999,B,mrac.yaw.theta_0,0.0011841938
4.2999,B,mrac.yaw.theta_1,0.0041871788
4.2999,B,mrac.yaw.theta_2,0.0009829324
4.2999,B,mrac.yaw.theta_3,0
4.2999,B,mrac.yaw.theta_4,0.11158096
4.2999,B,mrac.yaw.theta_5,0.088035479
4.2999,B,mrac.yaw.u_nom,-0.13354701
4.2999,B,mrac.yaw.xm,-1.0471979
4.2999,B,mrac.z.theta_0,0.12372201
4.2999,B,mrac.z.theta_1,0.0015714389
4.2999,B,mrac.z.theta_2,0.0023428926
4.2999,B,mrac.z.theta_3,0
4.2999,B,mrac.z.theta_4,0.19745429
4.2999,B,mrac.z.theta_5,0.1903919
4.2999,B,mrac.z.u_nom,-0.47472757
4.2999,B,mrac.z.xm,0
4.2999,B,path.active_path_mode,0
4.2999,B,path.circle_theta,0
4.2999,B,path.sinusoid_t_elapsed,0
4.2999,B,path.twc_arrived,0
4.2999,B,path.twc_target_x,0
4.2999,B,path.twc_target_y,0
4.2999,B,path.twc_target_z,0
4.2999,B,pid.gyrox.Des,38.467804
4.2999,B,pid.gyrox.FB,82.598518
4.2999,B,pid.gyrox.U,-286.03711
4.2999,B,pid.gyroy.Des,-3.5376272
4.2999,B,pid.gyroy.FB,47.656559
4.2999,B,pid.gyroy.U,-188.17081
4.2999,B,pid.gyroz.Des,-60
4.2999,B,pid.gyroz.FB,23.349791
4.2999,B,pid.gyroz.U,-250
4.2999,B,pid.locx.Des,0
4.2999,B,pid.locx.FB,10.03557
4.2999,B,pid.locx.U,-11.038636
4.2999,B,pid.locxs.Des,-11.038636
4.2999,B,pid.locxs.FB,27.03076
4.2999,B,pid.locxs.U,-119.27955
4.2999,B,pid.locy.Des,0
4.2999,B,pid.locy.FB,69.244965
4.2999,B,pid.locy.U,-56.63221
4.2999,B,pid.locys.Des,-56.63221
4.2999,B,pid.locys.FB,-28.606607
4.2999,B,pid.locys.U,-68.271652
4.2999,B,pid.pitch.Des,-7.4664221
4.2999,B,pid.pitch.FB,-7.058466
4.2999,B,pid.pitch.U,-3.5376272
4.2999,B,pid.roll.Des,-1.8763824
4.2999,B,pid.roll.FB,-15.800243
4.2999,B,pid.roll.U,38.467804
4.2999,B,pid.yaw.Des,-49.635666
4.2999,B,pid.yaw.FB,73.838554
4.2999,B,pid.yaw.U,-120
4.2999,B,pid.z_pos.Des,0.89762908
4.2999,B,pid.z_pos.FB,0.89762908
4.2999,B,pid.z_pos.U,-0.088317379
4.2999,B,pid.z_rate.Des,0
4.2999,B,pid.z_rate.FB,0.23111816
4.2999,B,pid.z_rate.U,-105.38952
4.2999,B,status.vbat,0
4.5156,A,mrac.pitch.e,-0.15066904
4.5156,A,mrac.pitch.u_ad,0.0035130945
4.5156,A,mrac.roll.e,-2.0988059
4.5156,A,mrac.roll.u_ad,0
4.5156,A,mrac.yaw.e,-0.40977144
4.5156,A,mrac.yaw.u_ad,-0.088176511
4.5156,A,mrac.z.e,-0.0065622479
4.5156,A,mrac.z.u_ad,0.1694254
4.5156,A,status.arm,0
4.5156,A,status.flymode,0
4.5156,A,status.rc_authority,0
4.5156,A,status.sbus_lost,0
4.5156,A,status.twc_arrived,0
4.5156,A,status.twc_execute,0
4.5156,B,mrac.pitch.theta_0,0.0020893877
4.5156,B,mrac.pitch.theta_1,0.0023121331
4.5156,B,mrac.pitch.theta_2,0.00052527804
4.5156,B,mrac.pitch.theta_3,0.0023622673
4.5156,B,mrac.pitch.theta_4,0.12778741
4.5156,B,mrac.pitch.theta_5,0.1418943
4.5156,B,mrac.pitch.u_nom,0.065871201
4.5156,B,mrac.pitch.xm,-0.15489432
4.5156,B,mrac.roll.theta_0,0.12933442
4.5156,B,mrac.roll.theta_1,0.0011598107
4.5156,B,mrac.roll.theta_2,0.0074598012
4.5156,B,mrac.roll.theta_3,0.0026107319
4.5156,B,mrac.roll.theta_4,0.11711297
4.5156,B,mrac.roll.theta_5,0.13257819
4.5156,B,mrac.roll.u_nom,0.25641027
4.5156,B,mrac.roll.xm,0.61725706
4.5156,B,mrac.yaw.theta_0,0.00065438915
4.5156,B,mrac.yaw.theta_1,0.0046663471
4.5156,B,mrac.yaw.theta_2,0.00094922248
4.5156,B,mrac.yaw.theta_3,0
4.5156,B,mrac.yaw.theta_4,0.11159003
4.5156,B,mrac.yaw.theta_5,0.088133834
4.5156,B,mrac.yaw.u_nom,0.020442108
4.5156,B,mrac.yaw.xm,-1.0471979
4.5156,B,mrac.z.theta_0,0.15513185
4.5156,B,mrac.z.theta_1,0.0013699392
4.5156,B,mrac.z.theta_2,0.0025385884
4.5156,B,mrac.z.theta_3,0
4.5156,B,mrac.z.theta_4,0.19749758
4.5156,B,mrac.z.theta_5,0.19032705
4.5156,B,mrac.z.u_nom,0.2602959
4.5156,B,mrac.z.xm,0
4.5156,B,path.active_path_mode,0
4.5156,B,path.circle_theta,0
4.5156,B,path.sinusoid_t_elapsed,0
4.5156,B,path.twc_arrived,0
4.5156,B,path.twc_target_x,0
4.5156,B,path.twc_target_y,0
4.5156,B,path.twc_target_z,0
4.5156,B,pid.gyrox.Des,35.366211
4.5156,B,pid.gyrox.FB,-82.150139
4.5156,B,pid.gyrox.U,300
4.5156,B,pid.gyroy.Des,-8.8747873
4.5156,B,pid.gyroy.FB,-15.080189
4.5156,B,pid.gyroy.U,77.069305
4.5156,B,pid.gyroz.Des,-60
4.5156,B,pid.gyroz.FB,-65.02256
4.5156,B,pid.gyroz.U,38.267624
4.5156,B,pid.locx.Des,0
4.5156,B,pid.locx.FB,13.938136
4.5156,B,pid.locx.U,-13.858861
4.5156,B,pid.locxs.Des,-13.858861
4.5156,B,pid.locxs.FB,23.320511
4.5156,B,pid.locxs.U,-112.01585
4.5156,B,pid.locy.Des,0
4.5156,B,pid.locy.FB,67.594994
4.5156,B,pid.locy.U,-56.018291
4.5156,B,pid.locys.Des,-56.018291
4.5156,B,pid.locys.FB,3.1864944
4.5156,B,pid.locys.U,-197.66245
4.5156,B,pid.pitch.Des,-9.4647541
4.5156,B,pid.pitch.FB,-6.0647001
4.5156,B,pid.pitch.U,-8.8747873
4.5156,B,pid.roll.Des,-8.4947176
4.5156,B,pid.roll.FB,-19.071907
4.5156,B,pid.roll.U,35.366211
4.5156,B,pid.yaw.Des,-49.635666
4.5156,B,pid.yaw.FB,69.95462
4.5156,B,pid.yaw.U,-120
4.5156,B,pid.z_pos.Des,0.82704139
4.5156,B,pid.z_pos.FB,0.82704139
4.5156,B,pid.z_pos.U,-0.088317379
4.5156,B,pid.z_rate.Des,0
4.5156,B,pid.z_rate.FB,-0.17681986
4.5156,B,pid.z_rate.U,57.78569
4.5156,B,status.vbat,0
4.7155,A,mrac.pitch.e,1.1590681
4.7155,A,mrac.pitch.u_ad,-0.014609405
4.7155,A,mrac.roll.e,-1.1155285
4.7155,A,mrac.roll.u_ad,0.21872899
4.7155,A,mrac.yaw.e,-0.7624414
4.7155,A,mrac.yaw.u_ad,-0.065525293
4.7155,A,mrac.z.e,0.1878549
4.7155,A,mrac.z.u_ad,0.087819487
4.7155,A,status.arm,0
4.7155,A,status.flymode,0
4.7155,A,status.rc_authority,0
4.7155,A,status.sbus_lost,0
4.7155,A,status.twc_arrived,0
4.7155,A,status.twc_execute,0
4.7156,B,mrac.pitch.theta_0,0.0030422152
4.7156,B,mrac.pitch.theta_1,0.0018112175
4.7156,B,mrac.pitch.theta_2,0.00049200107
4.7156,B,mrac.pitch.theta_3,0.0025132862
4.7156,B,mrac.pitch.theta_4,0.12796862
4.7156,B,mrac.pitch.theta_5,0.14159733
4.7156,B,mrac.pitch.u_nom,-0.25641027
4.7156,B,mrac.pitch.xm,0.099724442
4.7156,B,mrac.roll.theta_0,0.13046353
4.7156,B,mrac.roll.theta_1,0.0011567543
4.7156,B,mrac.roll.theta_2,0.0074598384
4.7156,B,mrac.roll.theta_3,0.0025754157
4.7156,B,mrac.roll.theta_4,0.11712963
4.7156,B,mrac.roll.theta_5,0.13264757
4.7156,B,mrac.roll.u_nom,0.25641027
4.7156,B,mrac.roll.xm,1.1277448
4.7156,B,mrac.yaw.theta_0,0.014182898
4.7156,B,mrac.yaw.theta_1,0.003227687
4.7156,B,mrac.yaw.theta_2,0.0019627202
4.7156,B,mrac.yaw.theta_3,0
4.7156,B,mrac.yaw.theta_4,0.11154409
4.7156,B,mrac.yaw.theta_5,0.086629085
4.7156,B,mrac.yaw.u_nom,0.13253947
4.7156,B,mrac.yaw.xm,-1.0471979
4.7156,B,mrac.z.theta_0,0.1499778
4.7156,B,mrac.z.theta_1,0.0012694926
4.7156,B,mrac.z.theta_2,0.0025606211
4.7156,B,mrac.z.theta_3,0
4.7156,B,mrac.z.theta_4,0.19748336
4.7156,B,mrac.z.theta_5,0.19024503
4.7156,B,mrac.z.u_nom,-0.33341938
4.7156,B,mrac.z.xm,0
4.7156,B,path.active_path_mode,0
4.7156,B,path.circle_theta,0
4.7156,B,path.sinusoid_t_elapsed,0
4.7156,B,path.twc_arrived,0
4.7156,B,path.twc_target_x,0
4.7156,B,path.twc_target_y,0
4.7156,B,path.twc_target_z,0
4.7156,B,pid.gyrox.Des,64.61499
4.7156,B,pid.gyrox.FB,-3.3862803
4.7156,B,pid.gyrox.U,300
4.7156,B,pid.gyroy.Des,5.7137871
4.7156,B,pid.gyroy.FB,66.526054
4.7156,B,pid.gyroy.U,-300
4.7156,B,pid.gyroz.Des,-60
4.7156,B,pid.gyroz.FB,-102.53524
4.7156,B,pid.gyroz.U,248.11388
4.7156,B,pid.locx.Des,0
4.7156,B,pid.locx.FB,17.445971
4.7156,B,pid.locx.U,-16.220644
4.7156,B,pid.locxs.Des,-16.220644
4.7156,B,pid.locxs.FB,9.5810671
4.7156,B,pid.locxs.U,-72.200684
4.7156,B,pid.locy.Des,0
4.7156,B,pid.locy.FB,69.93499
4.7156,B,pid.locy.U,-58.570751
4.7156,B,pid.locys.Des,-58.570751
4.7156,B,pid.locys.FB,10.25686
4.7156,B,pid.locys.U,-204.34077
4.7156,B,pid.pitch.Des,-9.8721275
4.7156,B,pid.pitch.FB,-12.116188
4.7156,B,pid.pitch.U,5.7137871
4.7156,B,pid.roll.Des,-5.7306662
4.7156,B,pid.roll.FB,-27.22781
4.7156,B,pid.roll.U,64.61499
4.7156,B,pid.yaw.Des,-49.635666
4.7156,B,pid.yaw.FB,47.134583
4.7156,B,pid.yaw.U,-120
4.7156,B,pid.z_pos.Des,0.8519991
4.7156,B,pid.z_pos.FB,0.8519991
4.7156,B,pid.z_pos.U,-0.088317379
4.7156,B,pid.z_rate.Des,0
4.7156,B,pid.z_rate.FB,0.15255548
4.7156,B,pid.z_rate.U,-74.019104
4.7156,B,status.vbat,0
4.9328,A,mrac.pitch.e,0.62507254
4.9328,A,mrac.pitch.u_ad,-0.029435027
4.9328,A,mrac.roll.e,-1.7376537
4.9328,A,mrac.roll.u_ad,0
4.9328,A,mrac.yaw.e,-0.61423945
4.9328,A,mrac.yaw.u_ad,-0.048969988
4.9328,A,mrac.z.e,-0.090755574
4.9328,A,mrac.z.u_ad,0.16799796
4.9328,A,status.arm,0
4.9328,A,status.flymode,0
4.9328,A,status.rc_authority,0
4.9328,A,status.sbus_lost,0
4.9328,A,status.twc_arrived,0
4.9328,A,status.twc_execute,0
4.9329,B,mrac.pitch.theta_0,0.0010933223
4.9329,B,mrac.pitch.theta_1,0.0011951004
4.9329,B,mrac.pitch.theta_2,0.00041887703
4.9329,B,mrac.pitch.theta_3,0.0024707303
4.9329,B,mrac.pitch.theta_4,0.12831748
4.9329,B,mrac.pitch.theta_5,0.14144447
4.9329,B,mrac.pitch.u_nom,-0.17524536
4.9329,B,mrac.pitch.xm,-0.077965707
4.9329,B,mrac.roll.theta_0,0.13521324
4.9329,B,mrac.roll.theta_1,0.001157983
4.9329,B,mrac.roll.theta_2,0.0074587944
4.9329,B,mrac.roll.theta_3,0.0023832223
4.9329,B,mrac.roll.theta_4,0.11721645
4.9329,B,mrac.roll.theta_5,0.13299274
4.9329,B,mrac.roll.u_nom,0.25641027
4.9329,B,mrac.roll.xm,1.1328208
4.9329,B,mrac.yaw.theta_0,0.023696294
4.9329,B,mrac.yaw.theta_1,0.0023736136
4.9329,B,mrac.yaw.theta_2,0.0028360921
4.9329,B,mrac.yaw.theta_3,0
4.9329,B,mrac.yaw.theta_4,0.11149327
4.9329,B,mrac.yaw.theta_5,0.085541569
4.9329,B,mrac.yaw.u_nom,0.13255131
4.9329,B,mrac.yaw.xm,-1.0471979
4.9329,B,mrac.z.theta_0,0.15077998
4.9329,B,mrac.z.theta_1,0.001229591
4.9329,B,mrac.z.theta_2,0.0025666899
4.9329,B,mrac.z.theta_3,0
4.9329,B,mrac.z.theta_4,0.1974569
4.9329,B,mrac.z.theta_5,0.19019163
4.9329,B,mrac.z.u_nom,0.11443757
4.9329,B,mrac.z.xm,0
4.9329,B,path.active_path_mode,0
4.9329,B,path.circle_theta,0
4.9329,B,path.sinusoid_t_elapsed,0
4.9329,B,path.twc_arrived,0
4.9329,B,path.twc_target_x,0
4.9329,B,path.twc_target_y,0
4.9329,B,path.twc_target_z,0
4.9329,B,pid.gyrox.Des,64.905823
4.9329,B,pid.gyrox.FB,-18.233694
4.9329,B,pid.gyrox.U,300
4.9329,B,pid.gyroy.Des,-4.467104
4.9329,B,pid.gyroy.FB,41.44524
4.9329,B,pid.gyroy.U,-205.03708
4.9329,B,pid.gyroz.Des,-60
4.9329,B,pid.gyroz.FB,-108.08736
4.9329,B,pid.gyroz.U,248.13606
4.9329,B,pid.locx.Des,0
4.9329,B,pid.locx.FB,17.665998
4.9329,B,pid.locx.U,-16.008692
4.9329,B,pid.locxs.Des,-16.008692
4.9329,B,pid.locxs.FB,-1.4028625
4.9329,B,pid.locxs.U,-41.659512
4.9329,B,pid.locy.Des,0
4.9329,B,pid.locy.FB,73.567772
4.9329,B,pid.locy.U,-61.856079
4.9329,B,pid.locys.Des,-61.856079
4.9329,B,pid.locys.FB,15.199737
4.9329,B,pid.locys.U,-232.20094
4.9329,B,pid.pitch.Des,-11.88845
4.9329,B,pid.pitch.FB,-10.426644
4.9329,B,pid.pitch.U,-4.467104
4.9329,B,pid.roll.Des,-3.7680087
4.9329,B,pid.roll.FB,-24.33523
4.9329,B,pid.roll.U,64.905823
4.9329,B,pid.yaw.Des,-49.635666
4.9329,B,pid.yaw.FB,26.334337
4.9329,B,pid.yaw.U,-120
4.9329,B,pid.z_pos.Des,0.8423385
4.9329,B,pid.z_pos.FB,0.8423385
4.9329,B,pid.z_pos.U,-0.088317379
4.9329,B,pid.z_rate.Des,0
4.9329,B,pid.z_rate.FB,-0.095692702
4.9329,B,pid.z_rate.U,25.40514
4.9329,B,status.vbat,0
5.1339,A,mrac.pitch.e,0.023012687
5.1339,A,mrac.pitch.u_ad,-0.0052415747
5.1339,A,mrac.roll.e,-1.7829051
5.1339,A,mrac.roll.u_ad,0
5.1339,A,mrac.yaw.e,0.75548935
5.1339,A,mrac.yaw.u_ad,-0.070807531
5.1339,A,mrac.z.e,-1.1201165
5.1339,A,mrac.z.u_ad,0.041581046
5.1339,A,status.arm,0
5.1339,A,status.flymode,0
5.1339,A,status.rc_authority,0
5.1339,A,status.sbus_lost,0
5.1339,A,status.twc_arrived,0
5.1339,A,status.twc_execute,0
5.1340,B,mrac.pitch.theta_0,0.00022255618
5.1340,B,mrac.pitch.theta_1,0.00090001617
5.1340,B,mrac.pitch.theta_2,0.00039264697
5.1340,B,mrac.pitch.theta_3,0.0022066471
5.1340,B,mrac.pitch.theta_4,0.12860374
5.1340,B,mrac.pitch.theta_5,0.14137368
5.1340,B,mrac.pitch.u_nom,-0.094295479
5.1340,B,mrac.pitch.xm,-0.093043879
5.1340,B,mrac.roll.theta_0,0.13521324
5.1340,B,mrac.roll.theta_1,0.001157983
5.1340,B,mrac.roll.theta_2,0.0074587944
5.1340,B,mrac.roll.theta_3,0.0023832223
5.1340,B,mrac.roll.theta_4,0.11721645
5.1340,B,mrac.roll.theta_5,0.13299274
5.1340,B,mrac.roll.u_nom,0.21195419
5.1340,B,mrac.roll.xm,1.2584165
5.1340,B,mrac.yaw.theta_0,0.028292572
5.1340,B,mrac.yaw.theta_1,0.0021649227
5.1340,B,mrac.yaw.theta_2,0.0033848726
5.1340,B,mrac.yaw.theta_3,0
5.1340,B,mrac.yaw.theta_4,0.1114558
5.1340,B,mrac.yaw.theta_5,0.08468724
5.1340,B,mrac.yaw.u_nom,-0.11062007
5.1340,B,mrac.yaw.xm,-1.0471979
5.1340,B,mrac.z.theta_0,0.15351389
5.1340,B,mrac.z.theta_1,0.0011012019
5.1340,B,mrac.z.theta_2,0.0025725942
5.1340,B,mrac.z.theta_3,0
5.1340,B,mrac.z.theta_4,0.19748446
5.1340,B,mrac.z.theta_5,0.19013059
5.1340,B,mrac.z.u_nom,0.74805528
5.1340,B,mrac.z.xm,0
5.1340,B,path.active_path_mode,0
5.1340,B,path.circle_theta,0
5.1340,B,path.sinusoid_t_elapsed,0
5.1340,B,path.twc_arrived,0
5.1340,B,path.twc_target_x,0
5.1340,B,path.twc_target_y,0
5.1340,B,path.twc_target_z,0
5.1340,B,pid.gyrox.Des,72.101929
5.1340,B,pid.gyrox.FB,-24.174753
5.1340,B,pid.gyrox.U,247.9864
5.1340,B,pid.gyroy.Des,-5.3310194
5.1340,B,pid.gyroy.FB,7.3176079
5.1340,B,pid.gyroy.U,-110.32571
5.1340,B,pid.gyroz.Des,-60
5.1340,B,pid.gyroz.FB,-34.350716
5.1340,B,pid.gyroz.U,-207.08078
5.1340,B,pid.locx.Des,0
5.1340,B,pid.locx.FB,14.262007
5.1340,B,pid.locx.U,-12.521674
5.1340,B,pid.locxs.Des,-12.521674
5.1340,B,pid.locxs.FB,-20.09631
5.1340,B,pid.locxs.U,29.868534
5.1340,B,pid.locy.Des,0
5.1340,B,pid.locy.FB,80.350304
5.1340,B,pid.locy.U,-67.380981
5.1340,B,pid.locys.Des,-67.380981
5.1340,B,pid.locys.FB,19.212975
5.1340,B,pid.locys.U,-266.92908
5.1340,B,pid.pitch.Des,-13.235698
5.1340,B,pid.pitch.FB,-12.55102
5.1340,B,pid.pitch.U,-5.3310194
5.1340,B,pid.roll.Des,-3.2864742
5.1340,B,pid.roll.FB,-28.444712
5.1340,B,pid.roll.U,72.101929
5.1340,B,pid.yaw.Des,-49.635666
5.1340,B,pid.yaw.FB,6.018466
5.1340,B,pid.yaw.U,-120
5.1340,B,pid.z_pos.Des,0.76385605
5.1340,B,pid.z_pos.FB,0.76385605
5.1340,B,pid.z_pos.U,-0.088317379
5.1340,B,pid.z_rate.Des,0
5.1340,B,pid.z_rate.FB,-0.44609231
5.1340,B,pid.z_rate.U,166.06827
5.1340,B,status.vbat,0
5.3491,A,mrac.pitch.e,-0.50059223
5.3491,A,mrac.pitch.u_ad,0.052741703
5.3491,A,mrac.roll.e,-1.6415293
5.3491,A,mrac.roll.u_ad,0
5.3491,A,mrac.yaw.e,1.7948844
5.3491,A,mrac.yaw.u_ad,0
5.3491,A,mrac.z.e,0.96990132
5.3491,A,mrac.z.u_ad,-0.041723773
5.3491,A,status.arm,0
5.3491,A,status.flymode,0
5.3491,A,status.rc_authority,0
5.3491,A,status.sbus_lost,0
5.3491,A,status.twc_arrived,0
5.3491,A,status.twc_execute,0
5.3491,B,mrac.pitch.theta_0,0.019518346
5.3491,B,mrac.pitch.theta_1,0.00082825223
5.3491,B,mrac.pitch.theta_2,0.00045722598
5.3491,B,mrac.pitch.theta_3,0.0021983699
5.3491,B,mrac.pitch.theta_4,0.12867597
5.3491,B,mrac.pitch.theta_5,0.1413407
5.3491,B,mrac.pitch.u_nom,0.093501754
5.3491,B,mrac.pitch.xm,0.061752573
5.3491,B,mrac.roll.theta_0,0.13521324
5.3491,B,mrac.roll.theta_1,0.001157983
5.3491,B,mrac.roll.theta_2,0.0074587944
5.3491,B,mrac.roll.theta_3,0.0023832223
5.3491,B,mrac.roll.theta_4,0.11721645
5.3491,B,mrac.roll.theta_5,0.13299274
5.3491,B,mrac.roll.u_nom,0.23581378
5.3491,B,mrac.roll.xm,1.4890944
5.3491,B,mrac.yaw.theta_0,0.014947434
5.3491,B,mrac.yaw.theta_1,0.0025271322
5.3491,B,mrac.yaw.theta_2,0.0033234369
5.3491,B,mrac.yaw.theta_3,0
5.3491,B,mrac.yaw.theta_4,0.11147659
5.3491,B,mrac.yaw.theta_5,0.085057378
5.3491,B,mrac.yaw.u_nom,-0.13354701
5.3491,B,mrac.yaw.xm,-1.0471979
5.3491,B,mrac.z.theta_0,0.16718037
5.3491,B,mrac.z.theta_1,0.00090641371
5.3491,B,mrac.z.theta_2,0.0029206849
5.3491,B,mrac.z.theta_3,0
5.3491,B,mrac.z.theta_4,0.19758146
5.3491,B,mrac.z.theta_5,0.19008482
5.3491,B,mrac.z.u_nom,-1.2568845
5.3491,B,mrac.z.xm,0
5.3491,B,path.active_path_mode,0
5.3491,B,path.circle_theta,0
5.3491,B,path.sinusoid_t_elapsed,0
5.3491,B,path.twc_arrived,0
5.3491,B,path.twc_target_x,0
5.3491,B,path.twc_target_y,0
5.3491,B,path.twc_target_z,0
5.3491,B,pid.gyrox.Des,85.318787
5.3491,B,pid.gyrox.FB,-12.171343
5.3491,B,pid.gyrox.U,275.90213
5.3491,B,pid.gyroy.Des,3.5381603
5.3491,B,pid.gyroy.FB,-24.917305
5.3491,B,pid.gyroy.U,109.39705
5.3491,B,pid.gyroz.Des,-60
5.3491,B,pid.gyroz.FB,25.712482
5.3491,B,pid.gyroz.U,-250
5.3491,B,pid.locx.Des,0
5.3491,B,pid.locx.FB,10.313148
5.3491,B,pid.locx.U,-9.42593
5.3491,B,pid.locxs.Des,-9.42593
5.3491,B,pid.locxs.FB,-20.084307
5.3491,B,pid.locxs.U,27.130991
5.3491,B,pid.locy.Des,0
5.3491,B,pid.locy.FB,84.892693
5.3491,B,pid.locy.U,-70.855186
5.3491,B,pid.locys.Des,-70.855186
5.3491,B,pid.locys.FB,18.347223
5.3491,B,pid.locys.U,-262.67014
5.3491,B,pid.pitch.Des,-12.645365
5.3491,B,pid.pitch.FB,-13.677685
5.3491,B,pid.pitch.U,3.5381603
5.3491,B,pid.roll.Des,-3.18554
5.3491,B,pid.roll.FB,-31.492252
5.3491,B,pid.roll.U,85.318787
5.3491,B,pid.yaw.Des,-49.635666
5.3491,B,pid.yaw.FB,6.3846583
5.3491,B,pid.yaw.U,-120
5.3491,B,pid.z_pos.Des,0.76224691
5.3491,B,pid.z_pos.FB,0.76224691
5.3491,B,pid.z_pos.U,-0.088317379
5.3491,B,pid.z_rate.Des,0
5.3491,B,pid.z_rate.FB,0.66664928
5.3491,B,pid.z_rate.U,-279.02835
5.3491,B,status.vbat,0
5.5493,A,mrac.pitch.e,-0.44858551
5.5493,A,mrac.pitch.u_ad,0.11968951
5.5493,A,mrac.roll.e,-1.3483573
5.5493,A,mrac.roll.u_ad,0
5.5493,A,mrac.yaw.e,1.7808387
5.5493,A,mrac.yaw.u_ad,0
5.5493,A,mrac.z.e,0.193582
5.5493,A,mrac.z.u_ad,0.067234196
5.5493,A,status.arm,0
5.5493,A,status.flymode,0
5.5493,A,status.rc_authority,0
5.5493,A,status.sbus_lost,0
5.5493,A,status.twc_arrived,0
5.5493,A,status.twc_execute,0
5.5493,B,mrac.pitch.theta_0,0.08432088
5.5493,B,mrac.pitch.theta_1,0.00054181129
5.5493,B,mrac.pitch.theta_2,0.00092930981
5.5493,B,mrac.pitch.theta_3,0.0022286579
5.5493,B,mrac.pitch.theta_4,0.12913519
5.5493,B,mrac.pitch.theta_5,0.14132296
5.5493,B,mrac.pitch.u_nom,0.14290726
5.5493,B,mrac.pitch.xm,0.11682469
5.5493,B,mrac.roll.theta_0,0.13521324
5.5493,B,mrac.roll.theta_1,0.001157983
5.5493,B,mrac.roll.theta_2,0.0074587944
5.5493,B,mrac.roll.theta_3,0.0023832223
5.5493,B,mrac.roll.theta_4,0.11721645
5.5493,B,mrac.roll.theta_5,0.13299274
5.5493,B,mrac.roll.u_nom,0.25641027
5.5493,B,mrac.roll.xm,1.6394669
5.5493,B,mrac.yaw.theta_0,0.014947434
5.5493,B,mrac.yaw.theta_1,0.0025271322
5.5493,B,mrac.yaw.theta_2,0.0033234369
5.5493,B,mrac.yaw.theta_3,0
5.5493,B,mrac.yaw.theta_4,0.11147659
5.5493,B,mrac.yaw.theta_5,0.085057378
5.5493,B,mrac.yaw.u_nom,-0.13354701
5.5493,B,mrac.yaw.xm,-1.0471979
5.5493,B,mrac.z.theta_0,0.13958511
5.5493,B,mrac.z.theta_1,0.00076350046
5.5493,B,mrac.z.theta_2,0.0028261065
5.5493,B,mrac.z.theta_3,0
5.5493,B,mrac.z.theta_4,0.19764251
5.5493,B,mrac.z.theta_5,0.19000089
5.5493,B,mrac.z.u_nom,-0.2686736
5.5493,B,mrac.z.xm,0
5.5493,B,path.active_path_mode,0
5.5493,B,path.circle_theta,0
5.5493,B,path.sinusoid_t_elapsed,0
5.5493,B,path.twc_arrived,0
5.5493,B,path.twc_target_x,0
5.5493,B,path.twc_target_y,0
5.5493,B,path.twc_target_z,0
5.5493,B,pid.gyrox.Des,93.934494
5.5493,B,pid.gyrox.FB,6.8500905
5.5493,B,pid.gyrox.U,300
5.5493,B,pid.gyroy.Des,6.6935587
5.5493,B,pid.gyroy.FB,-25.532972
5.5493,B,pid.gyroy.U,167.20149
5.5493,B,pid.gyroz.Des,-60
5.5493,B,pid.gyroz.FB,42.250736
5.5493,B,pid.gyroz.U,-250
5.5493,B,pid.locx.Des,0
5.5493,B,pid.locx.FB,7.1515908
5.5493,B,pid.locx.U,-7.666698
5.5493,B,pid.locxs.Des,-7.666698
5.5493,B,pid.locxs.FB,0.38025439
5.5493,B,pid.locxs.U,-24.515038
5.5493,B,pid.locy.Des,0
5.5493,B,pid.locy.FB,89.431641
5.5493,B,pid.locy.U,-73.830368
5.5493,B,pid.locys.Des,-73.830368
5.5493,B,pid.locys.FB,4.1055336
5.5493,B,pid.locys.U,-233.83688
5.5493,B,pid.pitch.Des,-10.880255
5.5493,B,pid.pitch.FB,-13.133225
5.5493,B,pid.pitch.U,6.6935587
5.5493,B,pid.roll.Des,-3.0842929
5.5493,B,pid.roll.FB,-34.518166
5.5493,B,pid.roll.U,93.934494
5.5493,B,pid.yaw.Des,-49.635666
5.5493,B,pid.yaw.FB,19.327894
5.5493,B,pid.yaw.U,-120
5.5493,B,pid.z_pos.Des,0.86658764
5.5493,B,pid.z_pos.FB,0.86658764
5.5493,B,pid.z_pos.U,-0.088317379
5.5493,B,pid.z_rate.Des,0
5.5493,B,pid.z_rate.FB,0.11783271
5.5493,B,pid.z_rate.U,-59.645538
5.5493,B,status.vbat,0
5.7662,A,mrac.pitch.e,-0.46998522
5.7662,A,mrac.pitch.u_ad,0.16926405
5.7662,A,mrac.roll.e,-1.8322774
5.7662,A,mrac.roll.u_ad,0
5.7662,A,mrac.yaw.e,1.2774997
5.7662,A,mrac.yaw.u_ad,0
5.7662,A,mrac.z.e,0.067406408
5.7662,A,mrac.z.u_ad,0.096657202
5.7662,A,status.arm,0
5.7662,A,status.flymode,0
5.7662,A,status.rc_authority,0
5.7662,A,status.sbus_lost,0
5.7662,A,status.twc_arrived,0
5.7662,A,status.twc_execute,0
5.7663,B,mrac.pitch.theta_0,0.12449367
5.7663,B,mrac.pitch.theta_1,0.00045995877
5.7663,B,mrac.pitch.theta_2,0.0010489054
5.7663,B,mrac.pitch.theta_3,0.0023722101
5.7663,B,mrac.pitch.theta_4,0.1293368
5.7663,B,mrac.pitch.theta_5,0.14136623
5.7663,B,mrac.pitch.u_nom,0.097996041
5.7663,B,mrac.pitch.xm,0.14917533
5.7663,B,mrac.roll.theta_0,0.13521324
5.7663,B,mrac.roll.theta_1,0.001157983
5.7663,B,mrac.roll.theta_2,0.0074587944
5.7663,B,mrac.roll.theta_3,0.0023832223
5.7663,B,mrac.roll.theta_4,0.11721645
5.7663,B,mrac.roll.theta_5,0.13299274
5.7663,B,mrac.roll.u_nom,0.25641027
5.7663,B,mrac.roll.xm,1.7196667
5.7663,B,mrac.yaw.theta_0,0.014947434
5.7663,B,mrac.yaw.theta_1,0.0025271322
5.7663,B,mrac.yaw.theta_2,0.0033234369
5.7663,B,mrac.yaw.theta_3,0
5.7663,B,mrac.yaw.theta_4,0.11147659
5.7663,B,mrac.yaw.theta_5,0.085057378
5.7663,B,mrac.yaw.u_nom,-0.13354701
5.7663,B,mrac.yaw.xm,-1.0471979
5.7663,B,mrac.z.theta_0,0.12944859
5.7663,B,mrac.z.theta_1,0.00074162206
5.7663,B,mrac.z.theta_2,0.0028206024
5.7663,B,mrac.z.theta_3,0
5.7663,B,mrac.z.theta_4,0.19762224
5.7663,B,mrac.z.theta_5,0.18995349
5.7663,B,mrac.z.u_nom,-0.12215784
5.7663,B,mrac.z.xm,0
5.7663,B,path.active_path_mode,0
5.7663,B,path.circle_theta,0
5.7663,B,path.sinusoid_t_elapsed,0
5.7663,B,path.twc_arrived,0
5.7663,B,path.twc_target_x,0
5.7663,B,path.twc_target_y,0
5.7663,B,path.twc_target_z,0
5.7663,B,pid.gyrox.Des,98.529602
5.7663,B,pid.gyrox.FB,9.651453
5.7663,B,pid.gyrox.U,300
5.7663,B,pid.gyroy.Des,8.5471134
5.7663,B,pid.gyroy.FB,-9.8806276
5.7663,B,pid.gyroy.U,114.65536
5.7663,B,pid.gyroz.Des,-60
5.7663,B,pid.gyroz.FB,23.851749
5.7663,B,pid.gyroz.U,-250
5.7663,B,pid.locx.Des,0
5.7663,B,pid.locx.FB,8.143301
5.7663,B,pid.locx.U,-8.9179668
5.7663,B,pid.locxs.Des,-8.9179668
5.7663,B,pid.locxs.FB,17.706245
5.7663,B,pid.locxs.U,-73.301094
5.7663,B,pid.locy.Des,0
5.7663,B,pid.locy.FB,89.19751
5.7663,B,pid.locy.U,-73.051163
5.7663,B,pid.locys.Des,-73.051163
5.7663,B,pid.locys.FB,-16.263115
5.7663,B,pid.locys.U,-176.20865
5.7663,B,pid.pitch.Des,-9.1954241
5.7663,B,pid.pitch.FB,-12.131282
5.7663,B,pid.pitch.U,8.5471134
5.7663,B,pid.roll.Des,-0.58058041
5.7663,B,pid.roll.FB,-33.590389
5.7663,B,pid.roll.U,98.529602
5.7663,B,pid.yaw.Des,-49.635666
5.7663,B,pid.yaw.FB,25.639854
5.7663,B,pid.yaw.U,-120
5.7663,B,pid.z_pos.Des,0.87956494
5.7663,B,pid.z_pos.FB,0.87956494
5.7663,B,pid.z_pos.U,-0.088317379
5.7663,B,pid.z_rate.Des,0
5.7663,B,pid.z_rate.FB,0.036357492
5.7663,B,pid.z_rate.U,-27.119041
5.7663,B,status.vbat,0
5.9663,A,mrac.pitch.e,-0.31161705
5.9663,A,mrac.pitch.u_ad,0.19149834
5.9663,A,mrac.roll.e,-1.5474433
5.9663,A,mrac.roll.u_ad,0
5.9663,A,mrac.yaw.e,1.1574066
5.9663,A,mrac.yaw.u_ad,0
5.9663,A,mrac.z.e,-0.0022313204
5.9663,A,mrac.z.u_ad,0.11766702
5.9663,A,status.arm,0
5.9663,A,status.flymode,0
5.9663,A,status.rc_authority,0
5.9663,A,status.sbus_lost,0
5.9663,A,status.twc_arrived,0
5.9663,A,status.twc_execute,0
5.9664,B,mrac.pitch.theta_0,0.14502122
5.9664,B,mrac.pitch.theta_1,0.00042450509
5.9664,B,mrac.pitch.theta_2,0.0010748741
5.9664,B,mrac.pitch.theta_3,0.0024287798
5.9664,B,mrac.pitch.theta_4,0.12952413
5.9664,B,mrac.pitch.theta_5,0.14150235
5.9664,B,mrac.pitch.u_nom,0.039429575
5.9664,B,mrac.pitch.xm,0.27292994
5.9664,B,mrac.roll.theta_0,0.13521324
5.9664,B,mrac.roll.theta_1,0.001157983
5.9664,B,mrac.roll.theta_2,0.0074587944
5.9664,B,mrac.roll.theta_3,0.0023832223
5.9664,B,mrac.roll.theta_4,0.11721645
5.9664,B,mrac.roll.theta_5,0.13299274
5.9664,B,mrac.roll.u_nom,0.22518706
5.9664,B,mrac.roll.xm,1.8371158
5.9664,B,mrac.yaw.theta_0,0.014947434
5.9664,B,mrac.yaw.theta_1,0.0025271322
5.9664,B,mrac.yaw.theta_2,0.0033234369
5.9664,B,mrac.yaw.theta_3,0
5.9664,B,mrac.yaw.theta_4,0.11147659
5.9664,B,mrac.yaw.theta_5,0.085057378
5.9664,B,mrac.yaw.u_nom,-0.13354701
5.9664,B,mrac.yaw.xm,-1.0471979
5.9664,B,mrac.z.theta_0,0.12549022
5.9664,B,mrac.z.theta_1,0.00073459285
5.9664,B,mrac.z.theta_2,0.00282013
5.9664,B,mrac.z.theta_3,0
5.9664,B,mrac.z.theta_4,0.19757086
5.9664,B,mrac.z.theta_5,0.18989483
5.9664,B,mrac.z.u_nom,-0.15613614
5.9664,B,mrac.z.xm,0
5.9664,B,path.active_path_mode,0
5.9664,B,path.circle_theta,0
5.9664,B,path.sinusoid_t_elapsed,0
5.9664,B,path.twc_arrived,0
5.9664,B,path.twc_target_x,0
5.9664,B,path.twc_target_y,0
5.9664,B,path.twc_target_z,0
5.9664,B,pid.gyrox.Des,105.25893
5.9664,B,pid.gyrox.FB,13.488358
5.9664,B,pid.gyrox.U,263.46887
5.9664,B,pid.gyroy.Des,15.637728
5.9664,B,pid.gyroy.FB,-3.4396291
5.9664,B,pid.gyroy.U,46.132603
5.9664,B,pid.gyroz.Des,-60
5.9664,B,pid.gyroz.FB,6.2518177
5.9664,B,pid.gyroz.U,-250
5.9664,B,pid.locx.Des,0
5.9664,B,pid.locx.FB,12.491194
5.9664,B,pid.locx.U,-12.708274
5.9664,B,pid.locxs.Des,-12.708274
5.9664,B,pid.locxs.FB,28.024452
5.9664,B,pid.locxs.U,-125.18008
5.9664,B,pid.locy.Des,0
5.9664,B,pid.locy.FB,83.669769
5.9664,B,pid.locy.U,-67.844994
5.9664,B,pid.locys.Des,-67.844994
5.9664,B,pid.locys.FB,-38.257416
5.9664,B,pid.locys.U,-78.780258
5.9664,B,pid.pitch.Des,-6.4403286
5.9664,B,pid.pitch.FB,-11.692936
5.9664,B,pid.pitch.U,15.637728
5.9664,B,pid.roll.Des,4.0934911
5.9664,B,pid.roll.FB,-31.175102
5.9664,B,pid.roll.U,105.25893
5.9664,B,pid.yaw.Des,-49.635666
5.9664,B,pid.yaw.FB,28.832468
5.9664,B,pid.yaw.U,-120
5.9664,B,pid.z_pos.Des,0.88810414
5.9664,B,pid.z_pos.FB,0.88810414
5.9664,B,pid.z_pos.U,-0.088317379
5.9664,B,pid.z_rate.Des,0
5.9664,B,pid.z_rate.FB,0.054052219
5.9664,B,pid.z_rate.U,-34.662224
5.9664,B,status.vbat,0
6.1665,A,mrac.pitch.e,-0.16452484
6.1665,A,mrac.pitch.u_ad,0.19835328
6.1665,A,mrac.roll.e,-1.5886056
6.1665,A,mrac.roll.u_ad,0
6.1665,A,mrac.yaw.e,1.1152787
6.1665,A,mrac.yaw.u_ad,0
6.1665,A,mrac.z.e,-0.024459828
6.1665,A,mrac.z.u_ad,0.12649892
6.1665,A,status.arm,0
6.1665,A,status.flymode,0
6.1665,A,status.rc_authority,0
6.1665,A,status.sbus_lost,0
6.1665,A,status.twc_arrived,0
6.1665,A,status.twc_execute,0
6.1666,B,mrac.pitch.theta_0,0.14774935
6.1666,B,mrac.pitch.theta_1,0.00044715311
6.1666,B,mrac.pitch.theta_2,0.0010758608
6.1666,B,mrac.pitch.theta_3,0.0024432894
6.1666,B,mrac.pitch.theta_4,0.12961923
6.1666,B,mrac.pitch.theta_5,0.14162388
6.1666,B,mrac.pitch.u_nom,0.003983147
6.1666,B,mrac.pitch.xm,0.26704031
6.1666,B,mrac.roll.theta_0,0.13521324
6.1666,B,mrac.roll.theta_1,0.001157983
6.1666,B,mrac.roll.theta_2,0.0074587944
6.1666,B,mrac.roll.theta_3,0.0023832223
6.1666,B,mrac.roll.theta_4,0.11721645
6.1666,B,mrac.roll.theta_5,0.13299274
6.1666,B,mrac.roll.u_nom,0.25641027
6.1666,B,mrac.roll.xm,1.7840699
6.1666,B,mrac.yaw.theta_0,0.014947434
6.1666,B,mrac.yaw.theta_1,0.0025271322
6.1666,B,mrac.yaw.theta_2,0.0033234369
6.1666,B,mrac.yaw.theta_3,0
6.1666,B,mrac.yaw.theta_4,0.11147659
6.1666,B,mrac.yaw.theta_5,0.085057378
6.1666,B,mrac.yaw.u_nom,-0.13354701
6.1666,B,mrac.yaw.xm,-1.0471979
6.1666,B,mrac.z.theta_0,0.130427
6.1666,B,mrac.z.theta_1,0.00072996842
6.1666,B,mrac.z.theta_2,0.0028223866
6.1666,B,mrac.z.theta_3,0
6.1666,B,mrac.z.theta_4,0.19755064
6.1666,B,mrac.z.theta_5,0.18987212
6.1666,B,mrac.z.u_nom,-0.096029125
6.1666,B,mrac.z.xm,0
6.1666,B,path.active_path_mode,0
6.1666,B,path.circle_theta,0
6.1666,B,path.sinusoid_t_elapsed,0
6.1666,B,path.twc_arrived,0
6.1666,B,path.twc_target_x,0
6.1666,B,path.twc_target_y,0
6.1666,B,path.twc_target_z,0
6.1666,B,pid.gyrox.Des,102.21964
6.1666,B,pid.gyrox.FB,8.3952332
6.1666,B,pid.gyrox.U,300
6.1666,B,pid.gyroy.Des,15.300276
6.1666,B,pid.gyroy.FB,3.3663983
6.1666,B,pid.gyroy.U,4.6602821
6.1666,B,pid.gyroz.Des,-60
6.1666,B,pid.gyroz.FB,2.8991153
6.1666,B,pid.gyroz.U,-250
6.1666,B,pid.locx.Des,0
6.1666,B,pid.locx.FB,15.889564
6.1666,B,pid.locx.U,-15.537899
6.1666,B,pid.locxs.Des,-15.537899
6.1666,B,pid.locxs.FB,25.923691
6.1666,B,pid.locxs.U,-125.31355
6.1666,B,pid.locy.Des,0
6.1666,B,pid.locy.FB,78.252693
6.1666,B,pid.locy.U,-63.217484
6.1666,B,pid.locys.Des,-63.217484
6.1666,B,pid.locys.FB,-45.628525
6.1666,B,pid.locys.U,-51.069511
6.1666,B,pid.pitch.Des,-5.3903689
6.1666,B,pid.pitch.FB,-11.309139
6.1666,B,pid.pitch.U,15.300276
6.1666,B,pid.roll.Des,4.8036275
6.1666,B,pid.roll.FB,-29.251852
6.1666,B,pid.roll.U,102.21964
6.1666,B,pid.yaw.Des,-49.635666
6.1666,B,pid.yaw.FB,29.43334
6.1666,B,pid.yaw.U,-120
6.1666,B,pid.z_pos.Des,0.88120598
6.1666,B,pid.z_pos.FB,0.88120598
6.1666,B,pid.z_pos.U,-0.088317379
6.1666,B,pid.z_rate.Des,0
6.1666,B,pid.z_rate.FB,0.021360468
6.1666,B,pid.z_rate.U,-21.318466
6.1666,B,status.vbat,0
6.3673,A,mrac.pitch.e,-0.020554572
6.3673,A,mrac.pitch.u_ad,0.18372615
6.3673,A,mrac.roll.e,-1.433265
6.3673,A,mrac.roll.u_ad,0
6.3673,A,mrac.yaw.e,1.2537155
6.3673,A,mrac.yaw.u_ad,0
6.3673,A,mrac.z.e,-0.57862419
6.3673,A,mrac.z.u_ad,0.24958579
6.3673,A,status.arm,0
6.3673,A,status.flymode,0
6.3673,A,status.rc_authority,0
6.3673,A,status.sbus_lost,0
6.3673,A,status.twc_arrived,0
6.3673,A,status.twc_execute,0
6.3674,B,mrac.pitch.theta_0,0.14841154
6.3674,B,mrac.pitch.theta_1,0.00085933966
6.3674,B,mrac.pitch.theta_2,0.0010891126
6.3674,B,mrac.pitch.theta_3,0.0024602558
6.3674,B,mrac.pitch.theta_4,0.12963377
6.3674,B,mrac.pitch.theta_5,0.14171378
6.3674,B,mrac.pitch.u_nom,-0.016450696
6.3674,B,mrac.pitch.xm,0.15516208
6.3674,B,mrac.roll.theta_0,0.13521324
6.3674,B,mrac.roll.theta_1,0.001157983
6.3674,B,mrac.roll.theta_2,0.0074587944
6.3674,B,mrac.roll.theta_3,0.0023832223
6.3674,B,mrac.roll.theta_4,0.11721645
6.3674,B,mrac.roll.theta_5,0.13299274
6.3674,B,mrac.roll.u_nom,0.19633479
6.3674,B,mrac.roll.xm,1.530109
6.3674,B,mrac.yaw.theta_0,0.014947434
6.3674,B,mrac.yaw.theta_1,0.0025271322
6.3674,B,mrac.yaw.theta_2,0.0033234369
6.3674,B,mrac.yaw.theta_3,0
6.3674,B,mrac.yaw.theta_4,0.11147659
6.3674,B,mrac.yaw.theta_5,0.085057378
6.3674,B,mrac.yaw.u_nom,-0.13354701
6.3674,B,mrac.yaw.xm,-1.0471979
6.3674,B,mrac.z.theta_0,0.13972306
6.3674,B,mrac.z.theta_1,0.00070247485
6.3674,B,mrac.z.theta_2,0.0029058664
6.3674,B,mrac.z.theta_3,0
6.3674,B,mrac.z.theta_4,0.1975309
6.3674,B,mrac.z.theta_5,0.18982859
6.3674,B,mrac.z.u_nom,1.2950138
6.3674,B,mrac.z.xm,0
6.3674,B,path.active_path_mode,0
6.3674,B,path.circle_theta,0
6.3674,B,path.sinusoid_t_elapsed,0
6.3674,B,path.twc_arrived,0
6.3674,B,path.twc_target_x,0
6.3674,B,path.twc_target_y,0
6.3674,B,path.twc_target_z,0
6.3674,B,pid.gyrox.Des,87.668755
6.3674,B,pid.gyrox.FB,13.240186
6.3674,B,pid.gyrox.U,229.71172
6.3674,B,pid.gyroy.Des,8.8901291
6.3674,B,pid.gyroy.FB,7.2525187
6.3674,B,pid.gyroy.U,-19.247314
6.3674,B,pid.gyroz.Des,-60
6.3674,B,pid.gyroz.FB,9.1523113
6.3674,B,pid.gyroz.U,-250
6.3674,B,pid.locx.Des,0
6.3674,B,pid.locx.FB,20.018341
6.3674,B,pid.locx.U,-18.523371
6.3674,B,pid.locxs.Des,-18.523371
6.3674,B,pid.locxs.FB,17.078957
6.3674,B,pid.locxs.U,-104.85285
6.3674,B,pid.locy.Des,0
6.3674,B,pid.locy.FB,69.288773
6.3674,B,pid.locy.U,-56.03014
6.3674,B,pid.locys.Des,-56.03014
6.3674,B,pid.locys.FB,-44.466946
6.3674,B,pid.locys.U,-41.164581
6.3674,B,pid.pitch.Des,-4.5886178
6.3674,B,pid.pitch.FB,-8.8780451
6.3674,B,pid.pitch.U,8.8901291
6.3674,B,pid.roll.Des,4.0510068
6.3674,B,pid.roll.FB,-26.594732
6.3674,B,pid.roll.U,87.668755
6.3674,B,pid.yaw.Des,-49.635666
6.3674,B,pid.yaw.FB,29.953621
6.3674,B,pid.yaw.U,-120
6.3674,B,pid.z_pos.Des,0.82163852
6.3674,B,pid.z_pos.FB,0.82163852
6.3674,B,pid.z_pos.U,-0.088317379
6.3674,B,pid.z_rate.Des,0
6.3674,B,pid.z_rate.FB,-0.82649684
6.3674,B,pid.z_rate.U,287.49307
6.3674,B,status.vbat,0
6.5833,A,mrac.pitch.e,-0.19719651
6.5833,A,mrac.pitch.u_ad,0.16906057
6.5833,A,mrac.roll.e,-1.2989886
6.5833,A,mrac.roll.u_ad,0
6.5833,A,mrac.yaw.e,1.490005
6.5833,A,mrac.yaw.u_ad,0
6.5833,A,mrac.z.e,-0.019724315
6.5833,A,mrac.z.u_ad,0.11927398
6.5833,A,status.arm,0
6.5833,A,status.flymode,0
6.5833,A,status.rc_authority,0
6.5833,A,status.sbus_lost,0
6.5833,A,status.twc_arrived,0
6.5833,A,status.twc_execute,0
6.5834,B,mrac.pitch.theta_0,0.14862514
6.5834,B,mrac.pitch.theta_1,0.00092714967
6.5834,B,mrac.pitch.theta_2,0.0010911047
6.5834,B,mrac.pitch.theta_3,0.0024867274
6.5834,B,mrac.pitch.theta_4,0.12964153
6.5834,B,mrac.pitch.theta_5,0.14172676
6.5834,B,mrac.pitch.u_nom,0.058582116
6.5834,B,mrac.pitch.xm,0.11010958
6.5834,B,mrac.roll.theta_0,0.13562562
6.5834,B,mrac.roll.theta_1,0.0011789203
6.5834,B,mrac.roll.theta_2,0.007459511
6.5834,B,mrac.roll.theta_3,0.0023829958
6.5834,B,mrac.roll.theta_4,0.11722416
6.5834,B,mrac.roll.theta_5,0.13303643
6.5834,B,mrac.roll.u_nom,0.25641027
6.5834,B,mrac.roll.xm,1.4519666
6.5834,B,mrac.yaw.theta_0,0.014947434
6.5834,B,mrac.yaw.theta_1,0.0025271322
6.5834,B,mrac.yaw.theta_2,0.0033234369
6.5834,B,mrac.yaw.theta_3,0
6.5834,B,mrac.yaw.theta_4,0.11147659
6.5834,B,mrac.yaw.theta_5,0.085057378
6.5834,B,mrac.yaw.u_nom,-0.13354701
6.5834,B,mrac.yaw.xm,-1.0471979
6.5834,B,mrac.z.theta_0,0.13465503
6.5834,B,mrac.z.theta_1,0.0006286843
6.5834,B,mrac.z.theta_2,0.0029909327
6.5834,B,mrac.z.theta_3,0
6.5834,B,mrac.z.theta_4,0.19755818
6.5834,B,mrac.z.theta_5,0.18975857
6.5834,B,mrac.z.u_nom,-0.22536792
6.5834,B,mrac.z.xm,0
6.5834,B,path.active_path_mode,0
6.5834,B,path.circle_theta,0
6.5834,B,path.sinusoid_t_elapsed,0
6.5834,B,path.twc_arrived,0
6.5834,B,path.twc_target_x,0
6.5834,B,path.twc_target_y,0
6.5834,B,path.twc_target_z,0
6.5834,B,pid.gyrox.Des,83.191528
6.5834,B,pid.gyrox.FB,9.0500259
6.5834,B,pid.gyrox.U,300
6.5834,B,pid.gyroy.Des,6.3088117
6.5834,B,pid.gyroy.FB,-4.1288128
6.5834,B,pid.gyroy.U,68.541077
6.5834,B,pid.gyroz.Des,-60
6.5834,B,pid.gyroz.FB,22.555429
6.5834,B,pid.gyroz.U,-250
6.5834,B,pid.locx.Des,0
6.5834,B,pid.locx.FB,21.857281
6.5834,B,pid.locx.U,-19.76615
6.5834,B,pid.locxs.Des,-19.76615
6.5834,B,pid.locxs.FB,10.129527
6.5834,B,pid.locxs.U,-87.588249
6.5834,B,pid.locy.Des,0
6.5834,B,pid.locy.FB,63.467819
6.5834,B,pid.locy.U,-51.76469
6.5834,B,pid.locys.Des,-51.76469
6.5834,B,pid.locys.FB,-32.517574
6.5834,B,pid.locys.U,-64.664886
6.5834,B,pid.pitch.Des,-5.3390741
6.5834,B,pid.pitch.FB,-7.5090852
6.5834,B,pid.pitch.U,6.3088117
6.5834,B,pid.roll.Des,2.2691784
6.5834,B,pid.roll.FB,-25.539074
6.5834,B,pid.roll.U,83.191528
6.5834,B,pid.yaw.Des,-49.635666
6.5834,B,pid.yaw.FB,32.461369
6.5834,B,pid.yaw.U,-120
6.5834,B,pid.z_pos.Des,0.86771709
6.5834,B,pid.z_pos.FB,0.86771709
6.5834,B,pid.z_pos.U,-0.088317379
6.5834,B,pid.z_rate.Des,0
6.5834,B,pid.z_rate.FB,0.093406886
6.5834,B,pid.z_rate.U,-50.031677
6.5834,B,status.vbat,0
6.7880,A,mrac.pitch.e,-0.24982549
6.7880,A,mrac.pitch.u_ad,0.15798703
6.7880,A,mrac.roll.e,-1.1988331
6.7880,A,mrac.roll.u_ad,0.24493822
6.7880,A,mrac.yaw.e,1.3564718
6.7880,A,mrac.yaw.u_ad,0
6.7880,A,mrac.z.e,-0.090044051
6.7880,A,mrac.z.u_ad,0.13612393
6.7880,A,status.arm,0
6.7880,A,status.flymode,0
6.7880,A,status.rc_authority,0
6.7880,A,status.sbus_lost,0
6.7880,A,status.twc_arrived,0
6.7880,A,status.twc_execute,0
6.7881,B,mrac.pitch.theta_0,0.14883117
6.7881,B,mrac.pitch.theta_1,0.00089516561
6.7881,B,mrac.pitch.theta_2,0.0011013752
6.7881,B,mrac.pitch.theta_3,0.0025314277
6.7881,B,mrac.pitch.theta_4,0.12967543
6.7881,B,mrac.pitch.theta_5,0.14171712
6.7881,B,mrac.pitch.u_nom,-0.070707366
6.7881,B,mrac.pitch.xm,-0.12332363
6.7881,B,mrac.roll.theta_0,0.13908938
6.7881,B,mrac.roll.theta_1,0.0014065282
6.7881,B,mrac.roll.theta_2,0.0074684583
6.7881,B,mrac.roll.theta_3,0.0023786812
6.7881,B,mrac.roll.theta_4,0.11733179
6.7881,B,mrac.roll.theta_5,0.13346149
6.7881,B,mrac.roll.u_nom,0.20903076
6.7881,B,mrac.roll.xm,1.2335291
6.7881,B,mrac.yaw.theta_0,0.014947434
6.7881,B,mrac.yaw.theta_1,0.0025271322
6.7881,B,mrac.yaw.theta_2,0.0033234369
6.7881,B,mrac.yaw.theta_3,0
6.7881,B,mrac.yaw.theta_4,0.11147659
6.7881,B,mrac.yaw.theta_5,0.085057378
6.7881,B,mrac.yaw.u_nom,-0.13354701
6.7881,B,mrac.yaw.xm,-1.0471979
6.7881,B,mrac.z.theta_0,0.13629909
6.7881,B,mrac.z.theta_1,0.0006276301
6.7881,B,mrac.z.theta_2,0.0029913257
6.7881,B,mrac.z.theta_3,0
6.7881,B,mrac.z.theta_4,0.19754906
6.7881,B,mrac.z.theta_5,0.18974911
6.7881,B,mrac.z.u_nom,-0.10993589
6.7881,B,mrac.z.xm,0
6.7881,B,path.active_path_mode,0
6.7881,B,path.circle_theta,0
6.7881,B,path.sinusoid_t_elapsed,0
6.7881,B,path.twc_arrived,0
6.7881,B,path.twc_target_x,0
6.7881,B,path.twc_target_y,0
6.7881,B,path.twc_target_z,0
6.7881,B,pid.gyrox.Des,70.67598
6.7881,B,pid.gyrox.FB,10.554794
6.7881,B,pid.gyrox.U,244.56599
6.7881,B,pid.gyroy.Des,-7.0659208
6.7881,B,pid.gyroy.FB,-9.2810793
6.7881,B,pid.gyroy.U,-82.727615
6.7881,B,pid.gyroz.Des,-60
6.7881,B,pid.gyroz.FB,20.622795
6.7881,B,pid.gyroz.U,-250
6.7881,B,pid.locx.Des,0
6.7881,B,pid.locx.FB,22.659142
6.7881,B,pid.locx.U,-20.277384
6.7881,B,pid.locxs.Des,-20.277384
6.7881,B,pid.locxs.FB,6.3653722
6.7881,B,pid.locxs.U,-81.97316
6.7881,B,pid.locy.Des,0
6.7881,B,pid.locy.FB,59.931614
6.7881,B,pid.locy.U,-49.338757
6.7881,B,pid.locys.Des,-49.338757
6.7881,B,pid.locys.FB,-18.343447
6.7881,B,pid.locys.U,-105.86084
6.7881,B,pid.pitch.Des,-7.0571122
6.7881,B,pid.pitch.FB,-7.264894
6.7881,B,pid.pitch.U,-7.0659208
6.7881,B,pid.roll.Des,0.18934111
6.7881,B,pid.roll.FB,-24.903866
6.7881,B,pid.roll.U,70.67598
6.7881,B,pid.yaw.Des,-49.635666
6.7881,B,pid.yaw.FB,36.354183
6.7881,B,pid.yaw.U,-120
6.7881,B,pid.z_pos.Des,0.86374497
6.7881,B,pid.z_pos.FB,0.86374497
6.7881,B,pid.z_pos.U,-0.088317379
6.7881,B,pid.z_rate.Des,0
6.7881,B,pid.z_rate.FB,0.029581353
6.7881,B,pid.z_rate.U,-24.405769
6.7881,B,status.vbat,0
7.0051,A,mrac.pitch.e,-0.096841022
7.0051,A,mrac.pitch.u_ad,0.1559381
7.0051,A,mrac.roll.e,-0.93555266
7.0051,A,mrac.roll.u_ad,0.084598191
7.0051,A,mrac.yaw.e,1.0348406
7.0051,A,mrac.yaw.u_ad,0
7.0051,A,mrac.z.e,-0.040988304
7.0051,A,mrac.z.u_ad,0.14229462
7.0051,A,status.arm,0
7.0051,A,status.flymode,0
7.0051,A,status.rc_authority,0
7.0051,A,status.sbus_lost,0
7.0051,A,status.twc_arrived,0
7.0051,A,status.twc_execute,0
7.0052,B,mrac.pitch.theta_0,0.14892922
7.0052,B,mrac.pitch.theta_1,0.00083704398
7.0052,B,mrac.pitch.theta_2,0.001129024
7.0052,B,mrac.pitch.theta_3,0.002559778
7.0052,B,mrac.pitch.theta_4,0.1297169
7.0052,B,mrac.pitch.theta_5,0.14166097
7.0052,B,mrac.pitch.u_nom,0.065711781
7.0052,B,mrac.pitch.xm,0.067531146
7.0052,B,mrac.roll.theta_0,0.14621386
7.0052,B,mrac.roll.theta_1,0.0019797385
7.0052,B,mrac.roll.theta_2,0.0074848137
7.0052,B,mrac.roll.theta_3,0.0023628883
7.0052,B,mrac.roll.theta_4,0.11786953
7.0052,B,mrac.roll.theta_5,0.13516961
7.0052,B,mrac.roll.u_nom,0.25641027
7.0052,B,mrac.roll.xm,1.2264479
7.0052,B,mrac.yaw.theta_0,0.014947434
7.0052,B,mrac.yaw.theta_1,0.0025271322
7.0052,B,mrac.yaw.theta_2,0.0033234369
7.0052,B,mrac.yaw.theta_3,0
7.0052,B,mrac.yaw.theta_4,0.11147659
7.0052,B,mrac.yaw.theta_5,0.085057378
7.0052,B,mrac.yaw.u_nom,-0.13354701
7.0052,B,mrac.yaw.xm,-1.0471979
7.0052,B,mrac.z.theta_0,0.14019938
7.0052,B,mrac.z.theta_1,0.0006242941
7.0052,B,mrac.z.theta_2,0.0029934209
7.0052,B,mrac.z.theta_3,0
7.0052,B,mrac.z.theta_4,0.19753438
7.0052,B,mrac.z.theta_5,0.18973207
7.0052,B,mrac.z.u_nom,0.01195301
7.0052,B,mrac.z.xm,0
7.0052,B,path.active_path_mode,0
7.0052,B,path.circle_theta,0
7.0052,B,path.sinusoid_t_elapsed,0
7.0052,B,path.twc_arrived,0
7.0052,B,path.twc_target_x,0
7.0052,B,path.twc_target_y,0
7.0052,B,path.twc_target_z,0
7.0052,B,pid.gyrox.Des,70.270264
7.0052,B,pid.gyrox.FB,-1.3450205
7.0052,B,pid.gyrox.U,300
7.0052,B,pid.gyroy.Des,3.8692479
7.0052,B,pid.gyroy.FB,-5.5178328
7.0052,B,pid.gyroy.U,76.882782
7.0052,B,pid.gyroz.Des,-60
7.0052,B,pid.gyroz.FB,3.1453266
7.0052,B,pid.gyroz.U,-250
7.0052,B,pid.locx.Des,0
7.0052,B,pid.locx.FB,22.805454
7.0052,B,pid.locx.U,-20.127169
7.0052,B,pid.locxs.Des,-20.127169
7.0052,B,pid.locxs.FB,-1.5195622
7.0052,B,pid.locxs.U,-55.600155
7.0052,B,pid.locy.Des,0
7.0052,B,pid.locy.FB,58.329445
7.0052,B,pid.locy.U,-48.711163
7.0052,B,pid.locys.Des,-48.711163
7.0052,B,pid.locys.FB,1.3003579
7.0052,B,pid.locys.U,-150.181
7.0052,B,pid.pitch.Des,-7.9214301
7.0052,B,pid.pitch.FB,-8.3253622
7.0052,B,pid.pitch.U,3.8692479
7.0052,B,pid.roll.Des,-3.1993659
7.0052,B,pid.roll.FB,-24.750553
7.0052,B,pid.roll.U,70.270264
7.0052,B,pid.yaw.Des,-49.635666
7.0052,B,pid.yaw.FB,40.555126
7.0052,B,pid.yaw.U,-120
7.0052,B,pid.z_pos.Des,0.85364062
7.0052,B,pid.z_pos.FB,0.85364062
7.0052,B,pid.z_pos.U,-0.088317379
7.0052,B,pid.z_rate.Des,0
7.0052,B,pid.z_rate.FB,-0.037049111
7.0052,B,pid.z_rate.U,2.6535683
7.0052,B,status.vbat,0
7.2210,A,mrac.pitch.e,0.033853054
7.2210,A,mrac.pitch.u_ad,0.15399434
7.2210,A,mrac.roll.e,-1.2085729
7.2210,A,mrac.roll.u_ad,0
7.2210,A,mrac.yaw.e,0.73845232
7.2210,A,mrac.yaw.u_ad,-0.09936659
7.2210,A,mrac.z.e,-0.059034046
7.2210,A,mrac.z.u_ad,0.1545051
7.2210,A,status.arm,0
7.2210,A,status.flymode,0
7.2210,A,status.rc_authority,0
7.2210,A,status.sbus_lost,0
7.2210,A,status.twc_arrived,0
7.2210,A,status.twc_execute,0
7.2211,B,mrac.pitch.theta_0,0.148211
7.2211,B,mrac.pitch.theta_1,0.00082907005
7.2211,B,mrac.pitch.theta_2,0.0011307513
7.2211,B,mrac.pitch.theta_3,0.0025607205
7.2211,B,mrac.pitch.theta_4,0.12970449
7.2211,B,mrac.pitch.theta_5,0.14163773
7.2211,B,mrac.pitch.u_nom,-0.02549983
7.2211,B,mrac.pitch.xm,0.05427533
7.2211,B,mrac.roll.theta_0,0.14775267
7.2211,B,mrac.roll.theta_1,0.0018864373
7.2211,B,mrac.roll.theta_2,0.0074914489
7.2211,B,mrac.roll.theta_3,0.0023613432
7.2211,B,mrac.roll.theta_4,0.11838554
7.2211,B,mrac.roll.theta_5,0.13644077
7.2211,B,mrac.roll.u_nom,0.20976166
7.2211,B,mrac.roll.xm,0.93873888
7.2211,B,mrac.yaw.theta_0,0.0022762101
7.2211,B,mrac.yaw.theta_1,0.0030980154
7.2211,B,mrac.yaw.theta_2,0.0032655548
7.2211,B,mrac.yaw.theta_3,0
7.2211,B,mrac.yaw.theta_4,0.11152738
7.2211,B,mrac.yaw.theta_5,0.085845508
7.2211,B,mrac.yaw.u_nom,-0.13354701
7.2211,B,mrac.yaw.xm,-1.0471979
7.2211,B,mrac.z.theta_0,0.14578328
7.2211,B,mrac.z.theta_1,0.00062146102
7.2211,B,mrac.z.theta_2,0.0029939597
7.2211,B,mrac.z.theta_3,0
7.2211,B,mrac.z.theta_4,0.1974926
7.2211,B,mrac.z.theta_5,0.18969044
7.2211,B,mrac.z.u_nom,0.053651098
7.2211,B,mrac.z.xm,0
7.2211,B,path.active_path_mode,0
7.2211,B,path.circle_theta,0
7.2211,B,path.sinusoid_t_elapsed,0
7.2211,B,path.twc_arrived,0
7.2211,B,path.twc_target_x,0
7.2211,B,path.twc_target_y,0
7.2211,B,path.twc_target_z,0
7.2211,B,pid.gyrox.Des,53.785755
7.2211,B,pid.gyrox.FB,-6.0259728
7.2211,B,pid.gyrox.U,245.42114
7.2211,B,pid.gyroy.Des,3.109746
7.2211,B,pid.gyroy.FB,5.4521408
7.2211,B,pid.gyroy.U,-29.834801
7.2211,B,pid.gyroz.Des,-60
7.2211,B,pid.gyroz.FB,-15.453152
7.2211,B,pid.gyroz.U,-250
7.2211,B,pid.locx.Des,0
7.2211,B,pid.locx.FB,20.822195
7.2211,B,pid.locx.U,-18.160305
7.2211,B,pid.locxs.Des,-18.160305
7.2211,B,pid.locxs.FB,-13.609584
7.2211,B,pid.locxs.U,-8.0488157
7.2211,B,pid.locy.Des,0
7.2211,B,pid.locy.FB,60.46199
7.2211,B,pid.locy.U,-50.930416
7.2211,B,pid.locys.Des,-50.930416
7.2211,B,pid.locys.FB,14.959251
7.2211,B,pid.locys.U,-201.97394
7.2211,B,pid.pitch.Des,-8.4111338
7.2211,B,pid.pitch.FB,-9.4088669
7.2211,B,pid.pitch.U,3.109746
7.2211,B,pid.roll.Des,-6.9597034
7.2211,B,pid.roll.FB,-26.235975
7.2211,B,pid.roll.U,53.785755
7.2211,B,pid.yaw.Des,-49.635666
7.2211,B,pid.yaw.FB,39.174057
7.2211,B,pid.yaw.U,-120
7.2211,B,pid.z_pos.Des,0.84066826
7.2211,B,pid.z_pos.FB,0.84066826
7.2211,B,pid.z_pos.U,-0.088317379
7.2211,B,pid.z_rate.Des,0
7.2211,B,pid.z_rate.FB,-0.057570916
7.2211,B,pid.z_rate.U,11.910543
7.2211,B,status.vbat,0
7.4172,A,mrac.pitch.e,0.14958939
7.4172,A,mrac.pitch.u_ad,0.14083961
7.4172,A,mrac.roll.e,-1.321346
7.4172,A,mrac.roll.u_ad,0
7.4172,A,mrac.yaw.e,0.6257596
7.4172,A,mrac.yaw.u_ad,-0.10601748
7.4172,A,mrac.z.e,0.093275592
7.4172,A,mrac.z.u_ad,0.11728691
7.4172,A,status.arm,0
7.4172,A,status.flymode,0
7.4172,A,status.rc_authority,0
7.4172,A,status.sbus_lost,0
7.4172,A,status.twc_arrived,0
7.4172,A,status.twc_execute,0
7.4172,B,mrac.pitch.theta_0,0.14124504
7.4172,B,mrac.pitch.theta_1,0.00081962743
7.4172,B,mrac.pitch.theta_2,0.0011298639
7.4172,B,mrac.pitch.theta_3,0.002555971
7.4172,B,mrac.pitch.theta_4,0.12970288
7.4172,B,mrac.pitch.theta_5,0.14159983
7.4172,B,mrac.pitch.u_nom,0.0078771655
7.4172,B,mrac.pitch.xm,0.09251716
7.4172,B,mrac.roll.theta_0,0.14785869
7.4172,B,mrac.roll.theta_1,0.0018380849
7.4172,B,mrac.roll.theta_2,0.007502981
7.4172,B,mrac.roll.theta_3,0.0023580824
7.4172,B,mrac.roll.theta_4,0.11850119
7.4172,B,mrac.roll.theta_5,0.13668421
7.4172,B,mrac.roll.u_nom,0.25641027
7.4172,B,mrac.roll.xm,1.1020234
7.4172,B,mrac.yaw.theta_0,0.00045724609
7.4172,B,mrac.yaw.theta_1,0.0040462865
7.4172,B,mrac.yaw.theta_2,0.0031079431
7.4172,B,mrac.yaw.theta_3,0
7.4172,B,mrac.yaw.theta_4,0.1115734
7.4172,B,mrac.yaw.theta_5,0.08641161
7.4172,B,mrac.yaw.u_nom,-0.13354701
7.4172,B,mrac.yaw.xm,-1.0471979
7.4172,B,mrac.z.theta_0,0.149215
7.4172,B,mrac.z.theta_1,0.00061508501
7.4172,B,mrac.z.theta_2,0.0029942682
7.4172,B,mrac.z.theta_3,0
7.4172,B,mrac.z.theta_4,0.19744714
7.4172,B,mrac.z.theta_5,0.18963934
7.4172,B,mrac.z.u_nom,-0.19744593
7.4172,B,mrac.z.xm,0
7.4172,B,path.active_path_mode,0
7.4172,B,path.circle_theta,0
7.4172,B,path.sinusoid_t_elapsed,0
7.4172,B,path.twc_arrived,0
7.4172,B,path.twc_target_x,0
7.4172,B,path.twc_target_y,0
7.4172,B,path.twc_target_z,0
7.4172,B,pid.gyrox.Des,63.141262
7.4172,B,pid.gyrox.FB,-15.782338
7.4172,B,pid.gyrox.U,300
7.4172,B,pid.gyroy.Des,5.3008404
7.4172,B,pid.gyroy.FB,8.0239048
7.4172,B,pid.gyroy.U,9.2162838
7.4172,B,pid.gyroz.Des,-60
7.4172,B,pid.gyroz.FB,-21.927803
7.4172,B,pid.gyroz.U,-250
7.4172,B,pid.locx.Des,0
7.4172,B,pid.locx.FB,18.319288
7.4172,B,pid.locx.U,-16.007809
7.4172,B,pid.locxs.Des,-16.007809
7.4172,B,pid.locxs.FB,-18.418922
7.4172,B,pid.locxs.U,8.5276222
7.4172,B,pid.locy.Des,0
7.4172,B,pid.locy.FB,63.46413
7.4172,B,pid.locy.U,-53.583088
7.4172,B,pid.locys.Des,-53.583088
7.4172,B,pid.locys.FB,20.633547
7.4172,B,pid.locys.U,-223.16617
7.4172,B,pid.pitch.Des,-9.025239
7.4172,B,pid.pitch.FB,-9.9346876
7.4172,B,pid.pitch.U,5.3008404
7.4172,B,pid.roll.Des,-7.8465719
7.4172,B,pid.roll.FB,-27.876469
7.4172,B,pid.roll.U,63.141262
7.4172,B,pid.yaw.Des,-49.635666
7.4172,B,pid.yaw.FB,35.716927
7.4172,B,pid.yaw.U,-120
7.4172,B,pid.z_pos.Des,0.8445819
7.4172,B,pid.z_pos.FB,0.8445819
7.4172,B,pid.z_pos.U,-0.088317379
7.4172,B,pid.z_rate.Des,0
7.4172,B,pid.z_rate.FB,0.082725883
7.4172,B,pid.z_rate.U,-43.832996
7.4172,B,status.vbat,0
7.6339,A,mrac.pitch.e,0.074817255
7.6339,A,mrac.pitch.u_ad,0.12775898
7.6339,A,mrac.roll.e,-1.4553423
7.6339,A,mrac.roll.u_ad,0
7.6339,A,mrac.yaw.e,0.63623035
7.6339,A,mrac.yaw.u_ad,-0.10766088
7.6339,A,mrac.z.e,0.61123931
7.6339,A,mrac.z.u_ad,-0.050972797
7.6339,A,status.arm,0
7.6339,A,status.flymode,0
7.6339,A,status.rc_authority,0
7.6339,A,status.sbus_lost,0
7.6339,A,status.twc_arrived,0
7.6339,A,status.twc_execute,0
7.6339,B,mrac.pitch.theta_0,0.12573341
7.6339,B,mrac.pitch.theta_1,0.00079666439
7.6339,B,mrac.pitch.theta_2,0.0011274673
7.6339,B,mrac.pitch.theta_3,0.0025420892
7.6339,B,mrac.pitch.theta_4,0.12970282
7.6339,B,mrac.pitch.theta_5,0.14151709
7.6339,B,mrac.pitch.u_nom,-0.020207498
7.6339,B,mrac.pitch.xm,0.051436082
7.6339,B,mrac.roll.theta_0,0.14785869
7.6339,B,mrac.roll.theta_1,0.0018380849
7.6339,B,mrac.roll.theta_2,0.007502981
7.6339,B,mrac.roll.theta_3,0.0023580824
7.6339,B,mrac.roll.theta_4,0.11850119
7.6339,B,mrac.roll.theta_5,0.13668421
7.6339,B,mrac.roll.u_nom,0.25641027
7.6339,B,mrac.roll.xm,1.2016805
7.6339,B,mrac.yaw.theta_0,5.2179315e-05
7.6339,B,mrac.yaw.theta_1,0.0056063635
7.6339,B,mrac.yaw.theta_2,0.0028071478
7.6339,B,mrac.yaw.theta_3,0
7.6339,B,mrac.yaw.theta_4,0.11163461
7.6339,B,mrac.yaw.theta_5,0.087044112
7.6339,B,mrac.yaw.u_nom,-0.13354701
7.6339,B,mrac.yaw.xm,-1.0471979
7.6339,B,mrac.z.theta_0,0.14562859
7.6339,B,mrac.z.theta_1,0.00058951328
7.6339,B,mrac.z.theta_2,0.0029599764
7.6339,B,mrac.z.theta_3,0
7.6339,B,mrac.z.theta_4,0.1974479
7.6339,B,mrac.z.theta_5,0.18961096
7.6339,B,mrac.z.u_nom,-1.3513514
7.6339,B,mrac.z.xm,0
7.6339,B,path.active_path_mode,0
7.6339,B,path.circle_theta,0
7.6339,B,path.sinusoid_t_elapsed,0
7.6339,B,path.twc_arrived,0
7.6339,B,path.twc_target_x,0
7.6339,B,path.twc_target_y,0
7.6339,B,path.twc_target_z,0
7.6339,B,pid.gyrox.Des,68.851196
7.6339,B,pid.gyrox.FB,-12.821063
7.6339,B,pid.gyrox.U,300
7.6339,B,pid.gyroy.Des,2.9470692
7.6339,B,pid.gyroy.FB,5.7261519
7.6339,B,pid.gyroy.U,-23.642773
7.6339,B,pid.gyroz.Des,-60
7.6339,B,pid.gyroz.FB,-23.563992
7.6339,B,pid.gyroz.U,-250
7.6339,B,pid.locx.Des,0
7.6339,B,pid.locx.FB,14.410131
7.6339,B,pid.locx.U,-12.935125
7.6339,B,pid.locxs.Des,-12.935125
7.6339,B,pid.locxs.FB,-17.198856
7.6339,B,pid.locxs.U,14.083031
7.6339,B,pid.locy.Des,0
7.6339,B,pid.locy.FB,69.240334
7.6339,B,pid.locy.U,-58.373074
7.6339,B,pid.locys.Des,-58.373074
7.6339,B,pid.locys.FB,22.387482
7.6339,B,pid.locys.U,-243.01886
7.6339,B,pid.pitch.Des,-10.19428
7.6339,B,pid.pitch.FB,-11.112987
7.6339,B,pid.pitch.U,2.9470692
7.6339,B,pid.roll.Des,-7.5268755
7.6339,B,pid.roll.FB,-30.418427
7.6339,B,pid.roll.U,68.851196
7.6339,B,pid.yaw.Des,-49.635666
7.6339,B,pid.yaw.FB,29.535175
7.6339,B,pid.yaw.U,-120
7.6339,B,pid.z_pos.Des,0.84618115
7.6339,B,pid.z_pos.FB,0.84618115
7.6339,B,pid.z_pos.U,-0.088317379
7.6339,B,pid.z_rate.Des,0
7.6339,B,pid.z_rate.FB,0.87053204
7.6339,B,pid.z_rate.U,-300
7.6339,B,status.vbat,0
7.8352,A,mrac.pitch.e,-0.0012807921
7.8352,A,mrac.pitch.u_ad,0.12829988
7.8352,A,mrac.roll.e,-1.5116081
7.8352,A,mrac.roll.u_ad,0
7.8352,A,mrac.yaw.e,0.75072843
7.8352,A,mrac.yaw.u_ad,-0.10828893
7.8352,A,mrac.z.e,-0.0073648803
7.8352,A,mrac.z.u_ad,0.10214087
7.8352,A,status.arm,0
7.8352,A,status.flymode,0
7.8352,A,status.rc_authority,0
7.8352,A,status.sbus_lost,0
7.8352,A,status.twc_arrived,0
7.8352,A,status.twc_execute,0
7.8353,B,mrac.pitch.theta_0,0.1217306
7.8353,B,mrac.pitch.theta_1,0.0007916661
7.8353,B,mrac.pitch.theta_2,0.0011270029
7.8353,B,mrac.pitch.theta_3,0.0025393497
7.8353,B,mrac.pitch.theta_4,0.12970299
7.8353,B,mrac.pitch.theta_5,0.14149636
7.8353,B,mrac.pitch.u_nom,-0.031400226
7.8353,B,mrac.pitch.xm,0.062196389
7.8353,B,mrac.roll.theta_0,0.14785869
7.8353,B,mrac.roll.theta_1,0.0018380849
7.8353,B,mrac.roll.theta_2,0.007502981
7.8353,B,mrac.roll.theta_3,0.0023580824
7.8353,B,mrac.roll.theta_4,0.11850119
7.8353,B,mrac.roll.theta_5,0.13668421
7.8353,B,mrac.roll.u_nom,0.25641027
7.8353,B,mrac.roll.xm,1.3254993
7.8353,B,mrac.yaw.theta_0,1.1534471e-05
7.8353,B,mrac.yaw.theta_1,0.0065748626
7.8353,B,mrac.yaw.theta_2,0.0026494667
7.8353,B,mrac.yaw.theta_3,0
7.8353,B,mrac.yaw.theta_4,0.11167642
7.8353,B,mrac.yaw.theta_5,0.087407537
7.8353,B,mrac.yaw.u_nom,-0.13354701
7.8353,B,mrac.yaw.xm,-1.0471979
7.8353,B,mrac.z.theta_0,0.13017374
7.8353,B,mrac.z.theta_1,0.00053740916
7.8353,B,mrac.z.theta_2,0.002915018
7.8353,B,mrac.z.theta_3,0
7.8353,B,mrac.z.theta_4,0.19748016
7.8353,B,mrac.z.theta_5,0.18955608
7.8353,B,mrac.z.u_nom,-0.16187868
7.8353,B,mrac.z.xm,0
7.8353,B,path.active_path_mode,0
7.8353,B,path.circle_theta,0
7.8353,B,path.sinusoid_t_elapsed,0
7.8353,B,path.twc_arrived,0
7.8353,B,path.twc_target_x,0
7.8353,B,path.twc_target_y,0
7.8353,B,path.twc_target_z,0
7.8353,B,pid.gyrox.Des,75.94548
7.8353,B,pid.gyrox.FB,-9.7405071
7.8353,B,pid.gyrox.U,300
7.8353,B,pid.gyroy.Des,3.5635891
7.8353,B,pid.gyroy.FB,6.5499473
7.8353,B,pid.gyroy.U,-36.738266
7.8353,B,pid.gyroz.Des,-60
7.8353,B,pid.gyroz.FB,-17.088396
7.8353,B,pid.gyroz.U,-250
7.8353,B,pid.locx.Des,0
7.8353,B,pid.locx.FB,12.405363
7.8353,B,pid.locx.U,-11.56335
7.8353,B,pid.locxs.Des,-11.56335
7.8353,B,pid.locxs.FB,-11.401257
7.8353,B,pid.locxs.U,3.0275087
7.8353,B,pid.locy.Des,0
7.8353,B,pid.locy.FB,73.207016
7.8353,B,pid.locy.U,-61.383759
7.8353,B,pid.locys.Des,-61.383759
7.8353,B,pid.locys.FB,20.000284
7.8353,B,pid.locys.U,-246.35829
7.8353,B,pid.pitch.Des,-10.840388
7.8353,B,pid.pitch.FB,-12.000196
7.8353,B,pid.pitch.U,3.5635891
7.8353,B,pid.roll.Des,-6.2875404
7.8353,B,pid.roll.FB,-31.492409
7.8353,B,pid.roll.U,75.94548
7.8353,B,pid.yaw.Des,-49.635666
7.8353,B,pid.yaw.FB,25.93417
7.8353,B,pid.yaw.U,-120
7.8353,B,pid.z_pos.Des,0.85075676
7.8353,B,pid.z_pos.FB,0.85075676
7.8353,B,pid.z_pos.U,-0.088317379
7.8353,B,pid.z_rate.Des,0
7.8353,B,pid.z_rate.FB,0.062337838
7.8353,B,pid.z_rate.U,-35.937065
7.8353,B,status.vbat,0
8.0512,A,mrac.pitch.e,-0.12563364
8.0512,A,mrac.pitch.u_ad,0.14022814
8.0512,A,mrac.roll.e,-1.8027422
8.0512,A,mrac.roll.u_ad,0
8.0512,A,mrac.yaw.e,0.89083743
8.0512,A,mrac.yaw.u_ad,-0.1084682
8.0512,A,mrac.z.e,0.05882762
8.0512,A,mrac.z.u_ad,0.092276171
8.0512,A,status.arm,0
8.0512,A,status.flymode,0
8.0512,A,status.rc_authority,0
8.0512,A,status.sbus_lost,0
8.0512,A,status.twc_arrived,0
8.0512,A,status.twc_execute,0
8.0513,B,mrac.pitch.theta_0,0.1220237
8.0513,B,mrac.pitch.theta_1,0.00080895162
8.0513,B,mrac.pitch.theta_2,0.0011270993
8.0513,B,mrac.pitch.theta_3,0.0025401136
8.0513,B,mrac.pitch.theta_4,0.12969978
8.0513,B,mrac.pitch.theta_5,0.1414808
8.0513,B,mrac.pitch.u_nom,0.0016281173
8.0513,B,mrac.pitch.xm,0.107886
8.0513,B,mrac.roll.theta_0,0.14785869
8.0513,B,mrac.roll.theta_1,0.0018380849
8.0513,B,mrac.roll.theta_2,0.007502981
8.0513,B,mrac.roll.theta_3,0.0023580824
8.0513,B,mrac.roll.theta_4,0.11850119
8.0513,B,mrac.roll.theta_5,0.13668421
8.0513,B,mrac.roll.u_nom,0.23028789
8.0513,B,mrac.roll.xm,1.5155799
8.0513,B,mrac.yaw.theta_0,9.1607103e-07
8.0513,B,mrac.yaw.theta_1,0.0077284845
8.0513,B,mrac.yaw.theta_2,0.0025169249
8.0513,B,mrac.yaw.theta_3,0
8.0513,B,mrac.yaw.theta_4,0.11174323
8.0513,B,mrac.yaw.theta_5,0.08790186
8.0513,B,mrac.yaw.u_nom,-0.13354701
8.0513,B,mrac.yaw.xm,-1.0471979
8.0513,B,mrac.z.theta_0,0.12496818
8.0513,B,mrac.z.theta_1,0.00053120474
8.0513,B,mrac.z.theta_2,0.0029131819
8.0513,B,mrac.z.theta_3,0
8.0513,B,mrac.z.theta_4,0.19746129
8.0513,B,mrac.z.theta_5,0.1895258
8.0513,B,mrac.z.u_nom,-0.2058316
8.0513,B,mrac.z.xm,0
8.0513,B,path.active_path_mode,0
8.0513,B,path.circle_theta,0
8.0513,B,path.sinusoid_t_elapsed,0
8.0513,B,path.twc_arrived,0
8.0513,B,path.twc_target_x,0
8.0513,B,path.twc_target_y,0
8.0513,B,path.twc_target_z,0
8.0513,B,pid.gyrox.Des,86.836296
8.0513,B,pid.gyrox.FB,-4.0428243
8.0513,B,pid.gyrox.U,269.43683
8.0513,B,pid.gyroy.Des,6.1814098
8.0513,B,pid.gyroy.FB,3.4432185
8.0513,B,pid.gyroy.U,1.9048972
8.0513,B,pid.gyroz.Des,-60
8.0513,B,pid.gyroz.FB,-13.711603
8.0513,B,pid.gyroz.U,-250
8.0513,B,pid.locx.Des,0
8.0513,B,pid.locx.FB,11.084845
8.0513,B,pid.locx.U,-10.824953
8.0513,B,pid.locxs.Des,-10.824953
8.0513,B,pid.locxs.FB,-1.6533368
8.0513,B,pid.locxs.U,-32.985523
8.0513,B,pid.locy.Des,0
8.0513,B,pid.locy.FB,77.743256
8.0513,B,pid.locy.U,-64.621895
8.0513,B,pid.locys.Des,-64.621895
8.0513,B,pid.locys.FB,9.2879744
8.0513,B,pid.locys.U,-219.86481
8.0513,B,pid.pitch.Des,-10.611675
8.0513,B,pid.pitch.FB,-12.652861
8.0513,B,pid.pitch.U,6.1814098
8.0513,B,pid.roll.Des,-2.9302592
8.0513,B,pid.roll.FB,-31.845728
8.0513,B,pid.roll.U,86.836296
8.0513,B,pid.yaw.Des,-49.635666
8.0513,B,pid.yaw.FB,21.911997
8.0513,B,pid.yaw.U,-120
8.0513,B,pid.z_pos.Des,0.86199647
8.0513,B,pid.z_pos.FB,0.86199647
8.0513,B,pid.z_pos.U,-0.088317379
8.0513,B,pid.z_rate.Des,0
8.0513,B,pid.z_rate.FB,0.085675374
8.0513,B,pid.z_rate.U,-45.694614
8.0513,B,status.vbat,0
8.2686,A,mrac.pitch.e,-0.23593599
8.2686,A,mrac.pitch.u_ad,0.16989391
8.2686,A,mrac.roll.e,-1.6820602
8.2686,A,mrac.roll.u_ad,0
8.2686,A,mrac.yaw.e,0.95310575
8.2686,A,mrac.yaw.u_ad,-0.10820612
8.2686,A,mrac.z.e,0.029635228
8.2686,A,mrac.z.u_ad,0.074079566
8.2686,A,status.arm,0
8.2686,A,status.flymode,0
8.2686,A,status.rc_authority,0
8.2686,A,status.sbus_lost,0
8.2686,A,status.twc_arrived,0
8.2686,A,status.twc_execute,0
8.2687,B,mrac.pitch.theta_0,0.13073725
8.2687,B,mrac.pitch.theta_1,0.00087789842
8.2687,B,mrac.pitch.theta_2,0.0011279241
8.2687,B,mrac.pitch.theta_3,0.0025443172
8.2687,B,mrac.pitch.theta_4,0.12970944
8.2687,B,mrac.pitch.theta_5,0.14149459
8.2687,B,mrac.pitch.u_nom,-0.021257661
8.2687,B,mrac.pitch.xm,0.13973874
8.2687,B,mrac.roll.theta_0,0.14785869
8.2687,B,mrac.roll.theta_1,0.0018380849
8.2687,B,mrac.roll.theta_2,0.007502981
8.2687,B,mrac.roll.theta_3,0.0023580824
8.2687,B,mrac.roll.theta_4,0.11850119
8.2687,B,mrac.roll.theta_5,0.13668421
8.2687,B,mrac.roll.u_nom,0.20168757
8.2687,B,mrac.roll.xm,1.5093997
8.2687,B,mrac.yaw.theta_0,1.5665344e-07
8.2687,B,mrac.yaw.theta_1,0.008302697
8.2687,B,mrac.yaw.theta_2,0.0024693843
8.2687,B,mrac.yaw.theta_3,0
8.2687,B,mrac.yaw.theta_4,0.11178683
8.2687,B,mrac.yaw.theta_5,0.088176332
8.2687,B,mrac.yaw.u_nom,-0.13354701
8.2687,B,mrac.yaw.xm,-1.0471979
8.2687,B,mrac.z.theta_0,0.12414996
8.2687,B,mrac.z.theta_1,0.00053062313
8.2687,B,mrac.z.theta_2,0.0029130473
8.2687,B,mrac.z.theta_3,0
8.2687,B,mrac.z.theta_4,0.19745472
8.2687,B,mrac.z.theta_5,0.18951823
8.2687,B,mrac.z.u_nom,-0.084030956
8.2687,B,mrac.z.xm,0
8.2687,B,path.active_path_mode,0
8.2687,B,path.circle_theta,0
8.2687,B,path.sinusoid_t_elapsed,0
8.2687,B,path.twc_arrived,0
8.2687,B,path.twc_target_x,0
8.2687,B,path.twc_target_y,0
8.2687,B,path.twc_target_z,0
8.2687,B,pid.gyrox.Des,86.482193
8.2687,B,pid.gyrox.FB,-1.2340959
8.2687,B,pid.gyrox.U,235.97446
8.2687,B,pid.gyroy.Des,8.0064363
8.2687,B,pid.gyroy.FB,3.5129166
8.2687,B,pid.gyroy.U,-24.871464
8.2687,B,pid.gyroz.Des,-60
8.2687,B,pid.gyroz.FB,-7.1786685
8.2687,B,pid.gyroz.U,-250
8.2687,B,pid.locx.Des,0
8.2687,B,pid.locx.FB,11.33636
8.2687,B,pid.locx.U,-11.219433
8.2687,B,pid.locxs.Des,-11.219433
8.2687,B,pid.locxs.FB,4.3573732
8.2687,B,pid.locxs.U,-47.010887
8.2687,B,pid.locy.Des,0
8.2687,B,pid.locy.FB,78.52919
8.2687,B,pid.locy.U,-64.7686
8.2687,B,pid.locys.Des,-64.7686
8.2687,B,pid.locys.FB,-2.6482635
8.2687,B,pid.locys.U,-186.18895
8.2687,B,pid.pitch.Des,-9.4040537
8.2687,B,pid.pitch.FB,-12.861168
8.2687,B,pid.pitch.U,8.0064363
8.2687,B,pid.roll.Des,-1.1070167
8.2687,B,pid.roll.FB,-31.771177
8.2687,B,pid.roll.U,86.482193
8.2687,B,pid.yaw.Des,-49.635666
8.2687,B,pid.yaw.FB,19.979897
8.2687,B,pid.yaw.U,-120
8.2687,B,pid.z_pos.Des,0.86198252
8.2687,B,pid.z_pos.FB,0.86198252
8.2687,B,pid.z_pos.U,-0.088317379
8.2687,B,pid.z_rate.Des,0
8.2687,B,pid.z_rate.FB,0.017410915
8.2687,B,pid.z_rate.U,-18.654873
8.2687,B,status.vbat,0
8.4841,A,mrac.pitch.e,-0.69724643
8.4841,A,mrac.pitch.u_ad,0.22087517
8.4841,A,mrac.roll.e,-2.15554
8.4841,A,mrac.roll.u_ad,0
8.4841,A,mrac.yaw.e,1.172563
8.4841,A,mrac.yaw.u_ad,0
8.4841,A,mrac.z.e,0.014278192
8.4841,A,mrac.z.u_ad,0.13593693
8.4841,A,status.arm,0
8.4841,A,status.flymode,0
8.4841,A,status.rc_authority,0
8.4841,A,status.sbus_lost,0
8.4841,A,status.twc_arrived,0
8.4841,A,status.twc_execute,0
8.4841,B,mrac.pitch.theta_0,0.14593624
8.4841,B,mrac.pitch.theta_1,0.0008148019
8.4841,B,mrac.pitch.theta_2,0.0012211928
8.4841,B,mrac.pitch.theta_3,0.0025522818
8.4841,B,mrac.pitch.theta_4,0.13001424
8.4841,B,mrac.pitch.theta_5,0.14166285
8.4841,B,mrac.pitch.u_nom,0.25641027
8.4841,B,mrac.pitch.xm,0.52459913
8.4841,B,mrac.roll.theta_0,0.14785869
8.4841,B,mrac.roll.theta_1,0.0018380849
8.4841,B,mrac.roll.theta_2,0.007502981
8.4841,B,mrac.roll.theta_3,0.0023580824
8.4841,B,mrac.roll.theta_4,0.11850119
8.4841,B,mrac.roll.theta_5,0.13668421
8.4841,B,mrac.roll.u_nom,0.21790734
8.4841,B,mrac.roll.xm,1.6894553
8.4841,B,mrac.yaw.theta_0,6.0006755e-08
8.4841,B,mrac.yaw.theta_1,0.0084525552
8.4841,B,mrac.yaw.theta_2,0.0024625259
8.4841,B,mrac.yaw.theta_3,0
8.4841,B,mrac.yaw.theta_4,0.11180823
8.4841,B,mrac.yaw.theta_5,0.088304311
8.4841,B,mrac.yaw.u_nom,-0.13354701
8.4841,B,mrac.yaw.xm,-1.0471979
8.4841,B,mrac.z.theta_0,0.12680282
8.4841,B,mrac.z.theta_1,0.00051243306
8.4841,B,mrac.z.theta_2,0.002915188
8.4841,B,mrac.z.theta_3,0
8.4841,B,mrac.z.theta_4,0.19741531
8.4841,B,mrac.z.theta_5,0.1894501
8.4841,B,mrac.z.u_nom,0.23829919
8.4841,B,mrac.z.xm,0
8.4841,B,path.active_path_mode,0
8.4841,B,path.circle_theta,0
8.4841,B,path.sinusoid_t_elapsed,0
8.4841,B,path.twc_arrived,0
8.4841,B,path.twc_target_x,0
8.4841,B,path.twc_target_y,0
8.4841,B,path.twc_target_z,0
8.4841,B,pid.gyrox.Des,96.798615
8.4841,B,pid.gyrox.FB,-23.105947
8.4841,B,pid.gyrox.U,254.95158
8.4841,B,pid.gyroy.Des,30.057302
8.4841,B,pid.gyroy.FB,-19.974842
8.4841,B,pid.gyroy.U,300
8.4841,B,pid.gyroz.Des,-60
8.4841,B,pid.gyroz.FB,-4.4678245
8.4841,B,pid.gyroz.U,-250
8.4841,B,pid.locx.Des,0
8.4841,B,pid.locx.FB,14.501223
8.4841,B,pid.locx.U,-13.972114
8.4841,B,pid.locxs.Des,-13.972114
8.4841,B,pid.locxs.FB,12.247999
8.4841,B,pid.locxs.U,-68.971771
8.4841,B,pid.locy.Des,0
8.4841,B,pid.locy.FB,75.803444
8.4841,B,pid.locy.U,-62.096645
8.4841,B,pid.locys.Des,-62.096645
8.4841,B,pid.locys.FB,-18.519896
8.4841,B,pid.locys.U,-120.79388
8.4841,B,pid.pitch.Des,-6.773684
8.4841,B,pid.pitch.FB,-14.166903
8.4841,B,pid.pitch.U,30.057302
8.4841,B,pid.roll.Des,1.238148
8.4841,B,pid.roll.FB,-32.01239
8.4841,B,pid.roll.U,96.798615
8.4841,B,pid.yaw.Des,-49.635666
8.4841,B,pid.yaw.FB,20.683992
8.4841,B,pid.yaw.U,-120
8.4841,B,pid.z_pos.Des,0.85503119
8.4841,B,pid.z_pos.FB,0.85503119
8.4841,B,pid.z_pos.U,-0.088317379
8.4841,B,pid.z_rate.Des,0
8.4841,B,pid.z_rate.FB,-0.16105644
8.4841,B,pid.z_rate.U,52.90242
8.4841,B,status.vbat,0
8.7010,A,mrac.pitch.e,-0.93066466
8.7010,A,mrac.pitch.u_ad,0.24159449
8.7010,A,mrac.roll.e,-2.2666619
8.7010,A,mrac.roll.u_ad,0
8.7010,A,mrac.yaw.e,1.3521094
8.7010,A,mrac.yaw.u_ad,0
8.7010,A,mrac.z.e,-2.5870786
8.7010,A,mrac.z.u_ad,0
8.7010,A,status.arm,0
8.7010,A,status.flymode,0
8.7010,A,status.rc_authority,0
8.7010,A,status.sbus_lost,0
8.7010,A,status.twc_arrived,0
8.7010,A,status.twc_execute,0
8.7010,B,mrac.pitch.theta_0,0.14829731
8.7010,B,mrac.pitch.theta_1,0.00065486942
8.7010,B,mrac.pitch.theta_2,0.0013974896
8.7010,B,mrac.pitch.theta_3,0.0025286179
8.7010,B,mrac.pitch.theta_4,0.13049237
8.7010,B,mrac.pitch.theta_5,0.14194457
8.7010,B,mrac.pitch.u_nom,0.14691511
8.7010,B,mrac.pitch.xm,0.42069221
8.7010,B,mrac.roll.theta_0,0.14785869
8.7010,B,mrac.roll.theta_1,0.0018380849
8.7010,B,mrac.roll.theta_2,0.007502981
8.7010,B,mrac.roll.theta_3,0.0023580824
8.7010,B,mrac.roll.theta_4,0.11850119
8.7010,B,mrac.roll.theta_5,0.13668421
8.7010,B,mrac.roll.u_nom,0.17944208
8.7010,B,mrac.roll.xm,1.7694752
8.7010,B,mrac.yaw.theta_0,5.6661872e-08
8.7010,B,mrac.yaw.theta_1,0.0084578348
8.7010,B,mrac.yaw.theta_2,0.0024623636
8.7010,B,mrac.yaw.theta_3,0
8.7010,B,mrac.yaw.theta_4,0.11180944
8.7010,B,mrac.yaw.theta_5,0.088311523
8.7010,B,mrac.yaw.u_nom,-0.13354701
8.7010,B,mrac.yaw.xm,-1.0471979
8.7010,B,mrac.z.theta_0,0.13559221
8.7010,B,mrac.z.theta_1,0.0004951455
8.7010,B,mrac.z.theta_2,0.0029328004
8.7010,B,mrac.z.theta_3,0
8.7010,B,mrac.z.theta_4,0.19739692
8.7010,B,mrac.z.theta_5,0.18940468
8.7010,B,mrac.z.u_nom,1.2997173
8.7010,B,mrac.z.xm,0
8.7010,B,path.active_path_mode,0
8.7010,B,path.circle_theta,0
8.7010,B,path.sinusoid_t_elapsed,0
8.7010,B,path.twc_arrived,0
8.7010,B,path.twc_target_x,0
8.7010,B,path.twc_target_y,0
8.7010,B,path.twc_target_z,0
8.7010,B,pid.gyrox.Des,101.38342
8.7010,B,pid.gyrox.FB,-16.565338
8.7010,B,pid.gyrox.U,209.94724
8.7010,B,pid.gyroy.Des,24.103878
8.7010,B,pid.gyroy.FB,-18.735229
8.7010,B,pid.gyroy.U,171.89067
8.7010,B,pid.gyroz.Des,-60
8.7010,B,pid.gyroz.FB,16.682644
8.7010,B,pid.gyroz.U,-250
8.7010,B,pid.locx.Des,0
8.7010,B,pid.locx.FB,15.583672
8.7010,B,pid.locx.U,-14.604503
8.7010,B,pid.locxs.Des,-14.604503
8.7010,B,pid.locxs.FB,8.9729748
8.7010,B,pid.locxs.U,-61.446018
8.7010,B,pid.locy.Des,0
8.7010,B,pid.locy.FB,73.889244
8.7010,B,pid.locy.U,-60.83091
8.7010,B,pid.locys.Des,-60.83091
8.7010,B,pid.locys.FB,-21.551931
8.7010,B,pid.locys.U,-128.02084
8.7010,B,pid.pitch.Des,-6.6694708
8.7010,B,pid.pitch.FB,-15.717903
8.7010,B,pid.pitch.U,24.103878
8.7010,B,pid.roll.Des,0.21015409
8.7010,B,pid.roll.FB,-36.117634
8.7010,B,pid.roll.U,101.38342
8.7010,B,pid.yaw.Des,-49.635666
8.7010,B,pid.yaw.FB,24.131708
8.7010,B,pid.yaw.U,-120
8.7010,B,pid.z_pos.Des,0.48988962
8.7010,B,pid.z_pos.FB,0.48988962
8.7010,B,pid.z_pos.U,-0.088317379
8.7010,B,pid.z_rate.Des,0
8.7010,B,pid.z_rate.FB,-6.5494928
8.7010,B,pid.z_rate.U,288.53723
8.7010,B,status.vbat,0
8.9012,A,mrac.pitch.e,-1.0235308
8.9012,A,mrac.pitch.u_ad,0.26642734
8.9012,A,mrac.roll.e,-2.6849198
8.9012,A,mrac.roll.u_ad,0
8.9012,A,mrac.yaw.e,1.0524945
8.9012,A,mrac.yaw.u_ad,0
8.9012,A,mrac.z.e,-0.34859267
8.9012,A,mrac.z.u_ad,0.29950777
8.9012,A,status.arm,0
8.9012,A,status.flymode,0
8.9012,A,status.rc_authority,0
8.9012,A,status.sbus_lost,0
8.9012,A,status.twc_arrived,0
8.9012,A,status.twc_execute,0
8.9012,B,mrac.pitch.theta_0,0.14839508
8.9012,B,mrac.pitch.theta_1,0.00044652927
8.9012,B,mrac.pitch.theta_2,0.0018355814
8.9012,B,mrac.pitch.theta_3,0.00248949
8.9012,B,mrac.pitch.theta_4,0.13120386
8.9012,B,mrac.pitch.theta_5,0.14231947
8.9012,B,mrac.pitch.u_nom,0.22818191
8.9012,B,mrac.pitch.xm,0.69625145
8.9012,B,mrac.roll.theta_0,0.14785869
8.9012,B,mrac.roll.theta_1,0.0018380849
8.9012,B,mrac.roll.theta_2,0.007502981
8.9012,B,mrac.roll.theta_3,0.0023580824
8.9012,B,mrac.roll.theta_4,0.11850119
8.9012,B,mrac.roll.theta_5,0.13668421
8.9012,B,mrac.roll.u_nom,0.25641027
8.9012,B,mrac.roll.xm,2.2530236
8.9012,B,mrac.yaw.theta_0,5.6661872e-08
8.9012,B,mrac.yaw.theta_1,0.0084578348
8.9012,B,mrac.yaw.theta_2,0.0024623636
8.9012,B,mrac.yaw.theta_3,0
8.9012,B,mrac.yaw.theta_4,0.11180944
8.9012,B,mrac.yaw.theta_5,0.088311523
8.9012,B,mrac.yaw.u_nom,-0.13354701
8.9012,B,mrac.yaw.xm,-1.0471979
8.9012,B,mrac.z.theta_0,0.1536541
8.9012,B,mrac.z.theta_1,0.0004084144
8.9012,B,mrac.z.theta_2,0.0034636448
8.9012,B,mrac.z.theta_3,0
8.9012,B,mrac.z.theta_4,0.19749422
8.9012,B,mrac.z.theta_5,0.18936305
8.9012,B,mrac.z.u_nom,0.83510292
8.9012,B,mrac.z.xm,0
8.9012,B,path.active_path_mode,0
8.9012,B,path.circle_theta,0
8.9012,B,path.sinusoid_t_elapsed,0
8.9012,B,path.twc_arrived,0
8.9012,B,path.twc_target_x,0
8.9012,B,path.twc_target_y,0
8.9012,B,path.twc_target_z,0
8.9012,B,pid.gyrox.Des,129.08868
8.9012,B,pid.gyrox.FB,-25.520523
8.9012,B,pid.gyrox.U,300
8.9012,B,pid.gyroy.Des,39.892254
8.9012,B,pid.gyroy.FB,-18.656261
8.9012,B,pid.gyroy.U,266.97284
8.9012,B,pid.gyroz.Des,-60
8.9012,B,pid.gyroz.FB,0.52858049
8.9012,B,pid.gyroz.U,-250
8.9012,B,pid.locx.Des,0
8.9012,B,pid.locx.FB,15.585855
8.9012,B,pid.locx.U,-14.400462
8.9012,B,pid.locxs.Des,-14.400462
8.9012,B,pid.locxs.FB,1.1243327
8.9012,B,pid.locxs.U,-46.354313
8.9012,B,pid.locy.Des,0
8.9012,B,pid.locy.FB,73.909813
8.9012,B,pid.locy.U,-61.169628
8.9012,B,pid.locys.Des,-61.169628
8.9012,B,pid.locys.FB,-7.728899
8.9012,B,pid.locys.U,-160.35315
8.9012,B,pid.pitch.Des,-6.6024728
8.9012,B,pid.pitch.FB,-19.650038
8.9012,B,pid.pitch.U,39.892254
8.9012,B,pid.roll.Des,-2.438329
8.9012,B,pid.roll.FB,-45.140354
8.9012,B,pid.roll.U,129.08868
8.9012,B,pid.yaw.Des,-49.635666
8.9012,B,pid.yaw.FB,31.528763
8.9012,B,pid.yaw.U,-120
8.9012,B,pid.z_pos.Des,0.29893273
8.9012,B,pid.z_pos.FB,0.29893273
8.9012,B,pid.z_pos.U,-0.088317379
8.9012,B,pid.z_rate.Des,0
8.9012,B,pid.z_rate.FB,-0.49213904
8.9012,B,pid.z_rate.U,185.39285
8.9012,B,status.vbat,0
9.1023,A,mrac.pitch.e,-0.43633193
9.1023,A,mrac.pitch.u_ad,0.28491709
9.1023,A,mrac.roll.e,-1.8163905
9.1023,A,mrac.roll.u_ad,0
9.1023,A,mrac.yaw.e,0.18704247
9.1023,A,mrac.yaw.u_ad,-0.10379393
9.1023,A,mrac.z.e,0.17039837
9.1023,A,mrac.z.u_ad,0.17602344
9.1023,A,status.arm,0
9.1023,A,status.flymode,0
9.1023,A,status.rc_authority,0
9.1023,A,status.sbus_lost,0
9.1023,A,status.twc_arrived,0
9.1023,A,status.twc_execute,0
9.1024,B,mrac.pitch.theta_0,0.14847147
9.1024,B,mrac.pitch.theta_1,0.00057135639
9.1024,B,mrac.pitch.theta_2,0.0019368822
9.1024,B,mrac.pitch.theta_3,0.0025884088
9.1024,B,mrac.pitch.theta_4,0.13167879
9.1024,B,mrac.pitch.theta_5,0.14272247
9.1024,B,mrac.pitch.u_nom,0.11029731
9.1024,B,mrac.pitch.xm,0.88191587
9.1024,B,mrac.roll.theta_0,0.14785869
9.1024,B,mrac.roll.theta_1,0.0018380849
9.1024,B,mrac.roll.theta_2,0.007502981
9.1024,B,mrac.roll.theta_3,0.0023580824
9.1024,B,mrac.roll.theta_4,0.11850119
9.1024,B,mrac.roll.theta_5,0.13668421
9.1024,B,mrac.roll.u_nom,0.25641027
9.1024,B,mrac.roll.xm,2.472296
9.1024,B,mrac.yaw.theta_0,1.9182925e-08
9.1024,B,mrac.yaw.theta_1,0.0090064313
9.1024,B,mrac.yaw.theta_2,0.0023845227
9.1024,B,mrac.yaw.theta_3,0
9.1024,B,mrac.yaw.theta_4,0.11183438
9.1024,B,mrac.yaw.theta_5,0.088443272
9.1024,B,mrac.yaw.u_nom,-0.099698536
9.1024,B,mrac.yaw.xm,-1.0471979
9.1024,B,mrac.z.theta_0,0.18749531
9.1024,B,mrac.z.theta_1,0.00035962704
9.1024,B,mrac.z.theta_2,0.0036125167
9.1024,B,mrac.z.theta_3,0
9.1024,B,mrac.z.theta_4,0.19753087
9.1024,B,mrac.z.theta_5,0.1893006
9.1024,B,mrac.z.u_nom,0.29339591
9.1024,B,mrac.z.xm,0
9.1024,B,path.active_path_mode,0
9.1024,B,path.circle_theta,0
9.1024,B,path.sinusoid_t_elapsed,0
9.1024,B,path.twc_arrived,0
9.1024,B,path.twc_target_x,0
9.1024,B,path.twc_target_y,0
9.1024,B,path.twc_target_z,0
9.1024,B,pid.gyrox.Des,141.65207
9.1024,B,pid.gyrox.FB,13.410459
9.1024,B,pid.gyrox.U,300
9.1024,B,pid.gyroy.Des,50.530037
9.1024,B,pid.gyroy.FB,20.035019
9.1024,B,pid.gyroy.U,129.04785
9.1024,B,pid.gyroz.Des,-60
9.1024,B,pid.gyroz.FB,-36.902145
9.1024,B,pid.gyroz.U,-186.63567
9.1024,B,pid.locx.Des,0
9.1024,B,pid.locx.FB,15.347893
9.1024,B,pid.locx.U,-14.305382
9.1024,B,pid.locxs.Des,-14.305382
9.1024,B,pid.locxs.FB,2.6239047
9.1024,B,pid.locxs.U,-51.218159
9.1024,B,pid.locy.Des,0
9.1024,B,pid.locy.FB,73.775841
9.1024,B,pid.locy.U,-60.791756
9.1024,B,pid.locys.Des,-60.791756
9.1024,B,pid.locys.FB,-11.005232
9.1024,B,pid.locys.U,-148.8826
9.1024,B,pid.pitch.Des,-5.8267012
9.1024,B,pid.pitch.FB,-22.500902
9.1024,B,pid.pitch.U,50.530037
9.1024,B,pid.roll.Des,-1.8540771
9.1024,B,pid.roll.FB,-49.359852
9.1024,B,pid.roll.U,141.65207
9.1024,B,pid.yaw.Des,-49.635666
9.1024,B,pid.yaw.FB,31.589733
9.1024,B,pid.yaw.U,-120
9.1024,B,pid.z_pos.Des,0.264759
9.1024,B,pid.z_pos.FB,0.264759
9.1024,B,pid.z_pos.U,-0.088317379
9.1024,B,pid.z_rate.Des,0
9.1024,B,pid.z_rate.FB,-0.19149166
9.1024,B,pid.z_rate.U,65.133888
9.1024,B,status.vbat,0
9.3184,A,mrac.pitch.e,-1.1635844
9.3184,A,mrac.pitch.u_ad,0.22016321
9.3184,A,mrac.roll.e,-1.9597812
9.3184,A,mrac.roll.u_ad,0
9.3184,A,mrac.yaw.e,0.15093601
9.3184,A,mrac.yaw.u_ad,-0.10415569
9.3184,A,mrac.z.e,0.014701026
9.3184,A,mrac.z.u_ad,0.1458991
9.3184,A,status.arm,0
9.3184,A,status.flymode,0
9.3184,A,status.rc_authority,0
9.3184,A,status.sbus_lost,0
9.3184,A,status.twc_arrived,0
9.3184,A,status.twc_execute,0
9.3184,B,mrac.pitch.theta_0,0.14825569
9.3184,B,mrac.pitch.theta_1,0.0016758504
9.3184,B,mrac.pitch.theta_2,0.0020520387
9.3184,B,mrac.pitch.theta_3,0.0026335639
9.3184,B,mrac.pitch.theta_4,0.13214852
9.3184,B,mrac.pitch.theta_5,0.14331582
9.3184,B,mrac.pitch.u_nom,0.25641027
9.3184,B,mrac.pitch.xm,1.1695443
9.3184,B,mrac.roll.theta_0,0.14785869
9.3184,B,mrac.roll.theta_1,0.0018380849
9.3184,B,mrac.roll.theta_2,0.007502981
9.3184,B,mrac.roll.theta_3,0.0023580824
9.3184,B,mrac.roll.theta_4,0.11850119
9.3184,B,mrac.roll.theta_5,0.13668421
9.3184,B,mrac.roll.u_nom,0.24037056
9.3184,B,mrac.roll.xm,2.1440301
9.3184,B,mrac.yaw.theta_0,1.0182843e-08
9.3184,B,mrac.yaw.theta_1,0.0099283075
9.3184,B,mrac.yaw.theta_2,0.0021459947
9.3184,B,mrac.yaw.theta_3,0
9.3184,B,mrac.yaw.theta_4,0.11180083
9.3184,B,mrac.yaw.theta_5,0.08849968
9.3184,B,mrac.yaw.u_nom,-0.037567563
9.3184,B,mrac.yaw.xm,-1.0471979
9.3184,B,mrac.z.theta_0,0.16511133
9.3184,B,mrac.z.theta_1,0.00031974356
9.3184,B,mrac.z.theta_2,0.0035518531
9.3184,B,mrac.z.theta_3,0
9.3184,B,mrac.z.theta_4,0.19757442
9.3184,B,mrac.z.theta_5,0.18923625
9.3184,B,mrac.z.u_nom,-0.031147588
9.3184,B,mrac.z.xm,0
9.3184,B,path.active_path_mode,0
9.3184,B,path.circle_theta,0
9.3184,B,path.sinusoid_t_elapsed,0
9.3184,B,path.twc_arrived,0
9.3184,B,path.twc_target_x,0
9.3184,B,path.twc_target_y,0
9.3184,B,path.twc_target_z,0
9.3184,B,pid.gyrox.Des,122.84383
9.3184,B,pid.gyrox.FB,4.4655104
9.3184,B,pid.gyrox.U,281.23355
9.3184,B,pid.gyroy.Des,67.009926
9.3184,B,pid.gyroy.FB,-0.82691675
9.3184,B,pid.gyroy.U,300
9.3184,B,pid.gyroz.Des,-60
9.3184,B,pid.gyroz.FB,-51.461277
9.3184,B,pid.gyroz.U,-70.326477
9.3184,B,pid.locx.Des,0
9.3184,B,pid.locx.FB,14.592887
9.3184,B,pid.locx.U,-13.384873
9.3184,B,pid.locxs.Des,-13.384873
9.3184,B,pid.locxs.FB,-6.6663232
9.3184,B,pid.locxs.U,-20.78495
9.3184,B,pid.locy.Des,0
9.3184,B,pid.locy.FB,73.384346
9.3184,B,pid.locy.U,-60.858551
9.3184,B,pid.locys.Des,-60.858551
9.3184,B,pid.locys.FB,-0.74842405
9.3184,B,pid.locys.U,-183.09985
9.3184,B,pid.pitch.Des,-7.5591474
9.3184,B,pid.pitch.FB,-29.486971
9.3184,B,pid.pitch.U,67.009926
9.3184,B,pid.roll.Des,-2.2157927
9.3184,B,pid.roll.FB,-43.378304
9.3184,B,pid.roll.U,122.84383
9.3184,B,pid.yaw.Des,-49.635666
9.3184,B,pid.yaw.FB,20.159328
9.3184,B,pid.yaw.U,-120
9.3184,B,pid.z_pos.Des,0.31634334
9.3184,B,pid.z_pos.FB,0.31634334
9.3184,B,pid.z_pos.U,-0.088317379
9.3184,B,pid.z_rate.Des,0
9.3184,B,pid.z_rate.FB,-0.01086967
9.3184,B,pid.z_rate.U,-6.9147644
9.3184,B,status.vbat,0
9.5344,A,mrac.pitch.e,-1.2816767
9.5344,A,mrac.pitch.u_ad,0
9.5344,A,mrac.roll.e,-1.6636565
9.5344,A,mrac.roll.u_ad,0
9.5344,A,mrac.yaw.e,0.58529985
9.5344,A,mrac.yaw.u_ad,-0.11151115
9.5344,A,mrac.z.e,0.15127048
9.5344,A,mrac.z.u_ad,0.09465535
9.5344,A,status.arm,0
9.5344,A,status.flymode,0
9.5344,A,status.rc_authority,0
9.5344,A,status.sbus_lost,0
9.5344,A,status.twc_arrived,0
9.5344,A,status.twc_execute,0
9.5344,B,mrac.pitch.theta_0,0.14807807
9.5344,B,mrac.pitch.theta_1,0.0017870888
9.5344,B,mrac.pitch.theta_2,0.0020536068
9.5344,B,mrac.pitch.theta_3,0.002622366
9.5344,B,mrac.pitch.theta_4,0.1323057
9.5344,B,mrac.pitch.theta_5,0.14349285
9.5344,B,mrac.pitch.u_nom,0.24991477
9.5344,B,mrac.pitch.xm,1.378719
9.5344,B,mrac.roll.theta_0,0.14785869
9.5344,B,mrac.roll.theta_1,0.0018380849
9.5344,B,mrac.roll.theta_2,0.007502981
9.5344,B,mrac.roll.theta_3,0.0023580824
9.5344,B,mrac.roll.theta_4,0.11850119
9.5344,B,mrac.roll.theta_5,0.13668421
9.5344,B,mrac.roll.u_nom,0.24656445
9.5344,B,mrac.roll.xm,1.9408523
9.5344,B,mrac.yaw.theta_0,5.6217653e-09
9.5344,B,mrac.yaw.theta_1,0.010705192
9.5344,B,mrac.yaw.theta_2,0.0019752171
9.5344,B,mrac.yaw.theta_3,0
9.5344,B,mrac.yaw.theta_4,0.11178515
9.5344,B,mrac.yaw.theta_5,0.088555947
9.5344,B,mrac.yaw.u_nom,-0.10437773
9.5344,B,mrac.yaw.xm,-1.0471979
9.5344,B,mrac.z.theta_0,0.16190377
9.5344,B,mrac.z.theta_1,0.00031736188
9.5344,B,mrac.z.theta_2,0.0035500929
9.5344,B,mrac.z.theta_3,0
9.5344,B,mrac.z.theta_4,0.19757017
9.5344,B,mrac.z.theta_5,0.1892249
9.5344,B,mrac.z.u_nom,-0.3055644
9.5344,B,mrac.z.xm,0
9.5344,B,path.active_path_mode,0
9.5344,B,path.circle_theta,0
9.5344,B,path.sinusoid_t_elapsed,0
9.5344,B,path.twc_arrived,0
9.5344,B,path.twc_target_x,0
9.5344,B,path.twc_target_y,0
9.5344,B,path.twc_target_z,0
9.5344,B,pid.gyrox.Des,111.2026
9.5344,B,pid.gyrox.FB,13.436172
9.5344,B,pid.gyrox.U,288.48041
9.5344,B,pid.gyroy.Des,78.994743
9.5344,B,pid.gyroy.FB,-1.3022037
9.5344,B,pid.gyroy.U,292.40027
9.5344,B,pid.gyroz.Des,-60
9.5344,B,pid.gyroz.FB,-35.825146
9.5344,B,pid.gyroz.U,-195.39511
9.5344,B,pid.locx.Des,0
9.5344,B,pid.locx.FB,13.397941
9.5344,B,pid.locx.U,-12.4756
9.5344,B,pid.locxs.Des,-12.4756
9.5344,B,pid.locxs.FB,-5.7843418
9.5344,B,pid.locxs.U,-20.109627
9.5344,B,pid.locy.Des,0
9.5344,B,pid.locy.FB,73.688347
9.5344,B,pid.locy.U,-60.967159
9.5344,B,pid.locys.Des,-60.967159
9.5344,B,pid.locys.FB,-2.7461591
9.5344,B,pid.locys.U,-174.4169
9.5344,B,pid.pitch.Des,-7.9370518
9.5344,B,pid.pitch.FB,-34.001507
9.5344,B,pid.pitch.U,78.994743
9.5344,B,pid.roll.Des,-0.99008018
9.5344,B,pid.roll.FB,-38.365211
9.5344,B,pid.roll.U,111.2026
9.5344,B,pid.yaw.Des,-49.635666
9.5344,B,pid.yaw.FB,13.26344
9.5344,B,pid.yaw.U,-120
9.5344,B,pid.z_pos.Des,0.33150652
9.5344,B,pid.z_pos.FB,0.33150652
9.5344,B,pid.z_pos.U,-0.088317379
9.5344,B,pid.z_rate.Des,0
9.5344,B,pid.z_rate.FB,0.14048785
9.5344,B,pid.z_rate.U,-67.835297
9.5344,B,status.vbat,0
9.7353,A,mrac.pitch.e,-1.2765603
9.7353,A,mrac.pitch.u_ad,0
9.7353,A,mrac.roll.e,-1.6681478
9.7353,A,mrac.roll.u_ad,0
9.7353,A,mrac.yaw.e,0.8410629
9.7353,A,mrac.yaw.u_ad,-0.11105368
9.7353,A,mrac.z.e,0.2450271
9.7353,A,mrac.z.u_ad,0.060700741
9.7353,A,status.arm,0
9.7353,A,status.flymode,0
9.7353,A,status.rc_authority,0
9.7353,A,status.sbus_lost,0
9.7353,A,status.twc_arrived,0
9.7353,A,status.twc_execute,0
9.7354,B,mrac.pitch.theta_0,0.14805973
9.7354,B,mrac.pitch.theta_1,0.0018107505
9.7354,B,mrac.pitch.theta_2,0.0020547102
9.7354,B,mrac.pitch.theta_3,0.0026220186
9.7354,B,mrac.pitch.theta_4,0.13231447
9.7354,B,mrac.pitch.theta_5,0.14350629
9.7354,B,mrac.pitch.u_nom,0.24385558
9.7354,B,mrac.pitch.xm,1.4670635
9.7354,B,mrac.roll.theta_0,0.14785869
9.7354,B,mrac.roll.theta_1,0.0018380849
9.7354,B,mrac.roll.theta_2,0.007502981
9.7354,B,mrac.roll.theta_3,0.0023580824
9.7354,B,mrac.roll.theta_4,0.11850119
9.7354,B,mrac.roll.theta_5,0.13668421
9.7354,B,mrac.roll.u_nom,0.24754976
9.7354,B,mrac.roll.xm,1.6678472
9.7354,B,mrac.yaw.theta_0,6.4176586e-10
9.7354,B,mrac.yaw.theta_1,0.012200625
9.7354,B,mrac.yaw.theta_2,0.001790095
9.7354,B,mrac.yaw.theta_3,0
9.7354,B,mrac.yaw.theta_4,0.11183894
9.7354,B,mrac.yaw.theta_5,0.088759407
9.7354,B,mrac.yaw.u_nom,-0.13354701
9.7354,B,mrac.yaw.xm,-1.0471979
9.7354,B,mrac.z.theta_0,0.13445519
9.7354,B,mrac.z.theta_1,0.00029251981
9.7354,B,mrac.z.theta_2,0.0035279931
9.7354,B,mrac.z.theta_3,0
9.7354,B,mrac.z.theta_4,0.19755341
9.7354,B,mrac.z.theta_5,0.18913028
9.7354,B,mrac.z.u_nom,-0.38898373
9.7354,B,mrac.z.xm,0
9.7354,B,path.active_path_mode,0
9.7354,B,path.circle_theta,0
9.7354,B,path.sinusoid_t_elapsed,0
9.7354,B,path.twc_arrived,0
9.7354,B,path.twc_target_x,0
9.7354,B,path.twc_target_y,0
9.7354,B,path.twc_target_z,0
9.7354,B,pid.gyrox.Des,95.560562
9.7354,B,pid.gyrox.FB,9.5585032
9.7354,B,pid.gyrox.U,289.63321
9.7354,B,pid.gyroy.Des,84.056511
9.7354,B,pid.gyroy.FB,3.907881
9.7354,B,pid.gyroy.U,285.31104
9.7354,B,pid.gyroz.Des,-60
9.7354,B,pid.gyroz.FB,-16.567404
9.7354,B,pid.gyroz.U,-250
9.7354,B,pid.locx.Des,0
9.7354,B,pid.locx.FB,12.65004
9.7354,B,pid.locx.U,-12.111003
9.7354,B,pid.locxs.Des,-12.111003
9.7354,B,pid.locxs.FB,1.5397205
9.7354,B,pid.locxs.U,-41.03614
9.7354,B,pid.locy.Des,0
9.7354,B,pid.locy.FB,73.31263
9.7354,B,pid.locy.U,-60.570637
9.7354,B,pid.locys.Des,-60.570637
9.7354,B,pid.locys.FB,-4.1987214
9.7354,B,pid.locys.U,-169.05431
9.7354,B,pid.pitch.Des,-8.5017548
9.7354,B,pid.pitch.FB,-36.46801
9.7354,B,pid.pitch.U,84.056511
9.7354,B,pid.roll.Des,1.0268145
9.7354,B,pid.roll.FB,-31.854721
9.7354,B,pid.roll.U,95.560562
9.7354,B,pid.yaw.Des,-49.635666
9.7354,B,pid.yaw.FB,6.4264736
9.7354,B,pid.yaw.U,-120
9.7354,B,pid.z_pos.Des,0.37568828
9.7354,B,pid.z_pos.FB,0.37568828
9.7354,B,pid.z_pos.U,-0.088317379
9.7354,B,pid.z_rate.Des,0
9.7354,B,pid.z_rate.FB,0.1865824
9.7354,B,pid.z_rate.U,-86.354385
9.7354,B,status.vbat,0
9.9409,A,mrac.pitch.e,-1.1321267
9.9409,A,mrac.pitch.u_ad,0.099097922
9.9409,A,mrac.roll.e,-1.8887312
9.9409,A,mrac.roll.u_ad,0
9.9409,A,mrac.yaw.e,1.3752271
9.9409,A,mrac.yaw.u_ad,0
9.9409,A,mrac.z.e,0.21774396
9.9409,A,mrac.z.u_ad,0.03013885
9.9409,A,status.arm,0
9.9409,A,status.flymode,0
9.9409,A,status.rc_authority,0
9.9409,A,status.sbus_lost,0
9.9409,A,status.twc_arrived,0
9.9409,A,status.twc_execute,0
9.9410,B,mrac.pitch.theta_0,0.14784545
9.9410,B,mrac.pitch.theta_1,0.0024703965
9.9410,B,mrac.pitch.theta_2,0.0021020421
9.9410,B,mrac.pitch.theta_3,0.0026197133
9.9410,B,mrac.pitch.theta_4,0.13250552
9.9410,B,mrac.pitch.theta_5,0.14375232
9.9410,B,mrac.pitch.u_nom,0.19993491
9.9410,B,mrac.pitch.xm,1.2798891
9.9410,B,mrac.roll.theta_0,0.14785869
9.9410,B,mrac.roll.theta_1,0.0018380849
9.9410,B,mrac.roll.theta_2,0.007502981
9.9410,B,mrac.roll.theta_3,0.0023580824
9.9410,B,mrac.roll.theta_4,0.11850119
9.9410,B,mrac.roll.theta_5,0.13668421
9.9410,B,mrac.roll.u_nom,0.25641027
9.9410,B,mrac.roll.xm,1.7399764
9.9410,B,mrac.yaw.theta_0,2.2955843e-10
9.9410,B,mrac.yaw.theta_1,0.012490062
9.9410,B,mrac.yaw.theta_2,0.0017731235
9.9410,B,mrac.yaw.theta_3,0
9.9410,B,mrac.yaw.theta_4,0.11186285
9.9410,B,mrac.yaw.theta_5,0.088839166
9.9410,B,mrac.yaw.u_nom,-0.13354701
9.9410,B,mrac.yaw.xm,-1.0471979
9.9410,B,mrac.z.theta_0,0.11575799
9.9410,B,mrac.z.theta_1,0.00026827762
9.9410,B,mrac.z.theta_2,0.0034973382
9.9410,B,mrac.z.theta_3,0
9.9410,B,mrac.z.theta_4,0.19757093
9.9410,B,mrac.z.theta_5,0.18906593
9.9410,B,mrac.z.u_nom,-0.42946348
9.9410,B,mrac.z.xm,0
9.9410,B,path.active_path_mode,0
9.9410,B,path.circle_theta,0
9.9410,B,path.sinusoid_t_elapsed,0
9.9410,B,path.twc_arrived,0
9.9410,B,path.twc_target_x,0
9.9410,B,path.twc_target_y,0
9.9410,B,path.twc_target_z,0
9.9410,B,pid.gyrox.Des,99.69326
9.9410,B,pid.gyrox.FB,-8.195219
9.9410,B,pid.gyrox.U,300
9.9410,B,pid.gyroy.Des,73.332214
9.9410,B,pid.gyroy.FB,12.753228
9.9410,B,pid.gyroy.U,233.92384
9.9410,B,pid.gyroz.Des,-60
9.9410,B,pid.gyroz.FB,10.175505
9.9410,B,pid.gyroz.U,-250
9.9410,B,pid.locx.Des,0
9.9410,B,pid.locx.FB,12.88525
9.9410,B,pid.locx.U,-12.427855
9.9410,B,pid.locxs.Des,-12.427855
9.9410,B,pid.locxs.FB,5.7546468
9.9410,B,pid.locxs.U,-55.142189
9.9410,B,pid.locy.Des,0
9.9410,B,pid.locy.FB,73.133804
9.9410,B,pid.locy.U,-60.497952
9.9410,B,pid.locys.Des,-60.497952
9.9410,B,pid.locys.FB,-3.4473233
9.9410,B,pid.locys.U,-177.33319
9.9410,B,pid.pitch.Des,-8.9825354
9.9410,B,pid.pitch.FB,-34.840473
9.9410,B,pid.pitch.U,73.332214
9.9410,B,pid.roll.Des,1.9894863
9.9410,B,pid.roll.FB,-31.086754
9.9410,B,pid.roll.U,99.69326
9.9410,B,pid.yaw.Des,-49.635666
9.9410,B,pid.yaw.FB,4.358685
9.9410,B,pid.yaw.U,-120
9.9410,B,pid.z_pos.Des,0.41469684
9.9410,B,pid.z_pos.FB,0.41469684
9.9410,B,pid.z_pos.U,-0.088317379
9.9410,B,pid.z_rate.Des,0
9.9410,B,pid.z_rate.FB,0.20904866
9.9410,B,pid.z_rate.U,-95.340889
9.9410,B,status.vbat,0
10.1511,A,mrac.pitch.e,-1.3752776
10.1511,A,mrac.pitch.u_ad,0
10.1511,A,mrac.roll.e,-1.4831965
10.1511,A,mrac.roll.u_ad,0
10.1511,A,mrac.yaw.e,1.0993011
10.1511,A,mrac.yaw.u_ad,0
10.1511,A,mrac.z.e,-0.15628599
10.1511,A,mrac.z.u_ad,0.076262757
10.1511,A,status.arm,0
10.1511,A,status.flymode,0
10.1511,A,status.rc_authority,0
10.1511,A,status.sbus_lost,0
10.1511,A,status.twc_arrived,0
10.1511,A,status.twc_execute,0
10.1512,B,mrac.pitch.theta_0,0.14792205
10.1512,B,mrac.pitch.theta_1,0.0028663259
10.1512,B,mrac.pitch.theta_2,0.0021124547
10.1512,B,mrac.pitch.theta_3,0.0026291413
10.1512,B,mrac.pitch.theta_4,0.13291326
10.1512,B,mrac.pitch.theta_5,0.14417396
10.1512,B,mrac.pitch.u_nom,0.25641027
10.1512,B,mrac.pitch.xm,1.1712518
10.1512,B,mrac.roll.theta_0,0.14785869
10.1512,B,mrac.roll.theta_1,0.0018380849
10.1512,B,mrac.roll.theta_2,0.007502981
10.1512,B,mrac.roll.theta_3,0.0023580824
10.1512,B,mrac.roll.theta_4,0.11850119
10.1512,B,mrac.roll.theta_5,0.13668421
10.1512,B,mrac.roll.u_nom,0.24848406
10.1512,B,mrac.roll.xm,1.8105892
10.1512,B,mrac.yaw.theta_0,2.2955843e-10
10.1512,B,mrac.yaw.theta_1,0.012490062
10.1512,B,mrac.yaw.theta_2,0.0017731235
10.1512,B,mrac.yaw.theta_3,0
10.1512,B,mrac.yaw.theta_4,0.11186285
10.1512,B,mrac.yaw.theta_5,0.088839166
10.1512,B,mrac.yaw.u_nom,-0.13354701
10.1512,B,mrac.yaw.xm,-1.0471979
10.1512,B,mrac.z.theta_0,0.095951378
10.1512,B,mrac.z.theta_1,0.00024661099
10.1512,B,mrac.z.theta_2,0.0034741608
10.1512,B,mrac.z.theta_3,0
10.1512,B,mrac.z.theta_4,0.19755647
10.1512,B,mrac.z.theta_5,0.18897131
10.1512,B,mrac.z.u_nom,-0.24989253
10.1512,B,mrac.z.xm,0
10.1512,B,path.active_path_mode,0
10.1512,B,path.circle_theta,0
10.1512,B,path.sinusoid_t_elapsed,0
10.1512,B,path.twc_arrived,0
10.1512,B,path.twc_target_x,0
10.1512,B,path.twc_target_y,0
10.1512,B,path.twc_target_z,0
10.1512,B,pid.gyrox.Des,103.73907
10.1512,B,pid.gyrox.FB,9.9048576
10.1512,B,pid.gyrox.U,290.72635
10.1512,B,pid.gyroy.Des,67.107758
10.1512,B,pid.gyroy.FB,-10.281007
10.1512,B,pid.gyroy.U,300
10.1512,B,pid.gyroz.Des,-60
10.1512,B,pid.gyroz.FB,3.5827749
10.1512,B,pid.gyroz.U,-250
10.1512,B,pid.locx.Des,0
10.1512,B,pid.locx.FB,13.562027
10.1512,B,pid.locx.U,-12.934476
10.1512,B,pid.locxs.Des,-12.934476
10.1512,B,pid.locxs.FB,5.2366519
10.1512,B,pid.locxs.U,-54.616459
10.1512,B,pid.locy.Des,0
10.1512,B,pid.locy.FB,73.859428
10.1512,B,pid.locy.U,-61.39867
10.1512,B,pid.locys.Des,-61.39867
10.1512,B,pid.locys.FB,8.3413105
10.1512,B,pid.locys.U,-209.6653
10.1512,B,pid.pitch.Des,-10.382165
10.1512,B,pid.pitch.FB,-31.965345
10.1512,B,pid.pitch.U,67.107758
10.1512,B,pid.roll.Des,1.2048576
10.1512,B,pid.roll.FB,-33.432686
10.1512,B,pid.roll.U,103.73907
10.1512,B,pid.yaw.Des,-49.635666
10.1512,B,pid.yaw.FB,8.1580048
10.1512,B,pid.yaw.U,-120
10.1512,B,pid.z_pos.Des,0.45311517
10.1512,B,pid.z_pos.FB,0.45311517
10.1512,B,pid.z_pos.U,-0.088317379
10.1512,B,pid.z_rate.Des,0
10.1512,B,pid.z_rate.FB,0.10927847
10.1512,B,pid.z_rate.U,-55.476143
10.1512,B,status.vbat,0
10.3512,A,mrac.pitch.e,-1.8014407
10.3512,A,mrac.pitch.u_ad,0
10.3512,A,mrac.roll.e,-1.120162
10.3512,A,mrac.roll.u_ad,0.15520088
10.3512,A,mrac.yaw.e,0.750651
10.3512,A,mrac.yaw.u_ad,-0.098092824
10.3512,A,mrac.z.e,-0.24132331
10.3512,A,mrac.z.u_ad,0.19414413
10.3512,A,status.arm,0
10.3512,A,status.flymode,0
10.3512,A,status.rc_authority,0
10.3512,A,status.sbus_lost,0
10.3512,A,status.twc_arrived,0
10.3512,A,status.twc_execute,0
10.3512,B,mrac.pitch.theta_0,0.14792205
10.3512,B,mrac.pitch.theta_1,0.0028663259
10.3512,B,mrac.pitch.theta_2,0.0021124547
10.3512,B,mrac.pitch.theta_3,0.0026291413
10.3512,B,mrac.pitch.theta_4,0.13291326
10.3512,B,mrac.pitch.theta_5,0.14417396
10.3512,B,mrac.pitch.u_nom,0.21791635
10.3512,B,mrac.pitch.xm,1.3431374
10.3512,B,mrac.roll.theta_0,0.14783391
10.3512,B,mrac.roll.theta_1,0.0018833147
10.3512,B,mrac.roll.theta_2,0.0075077731
10.3512,B,mrac.roll.theta_3,0.0023581542
10.3512,B,mrac.roll.theta_4,0.11850754
10.3512,B,mrac.roll.theta_5,0.13671526
10.3512,B,mrac.roll.u_nom,0.25641027
10.3512,B,mrac.roll.xm,1.6824275
10.3512,B,mrac.yaw.theta_0,1.5605693e-10
10.3512,B,mrac.yaw.theta_1,0.012578742
10.3512,B,mrac.yaw.theta_2,0.0017688221
10.3512,B,mrac.yaw.theta_3,0
10.3512,B,mrac.yaw.theta_4,0.11187153
10.3512,B,mrac.yaw.theta_5,0.088866837
10.3512,B,mrac.yaw.u_nom,-0.13354701
10.3512,B,mrac.yaw.xm,-1.0471979
10.3512,B,mrac.z.theta_0,0.12122026
10.3512,B,mrac.z.theta_1,0.00022993302
10.3512,B,mrac.z.theta_2,0.0035326441
10.3512,B,mrac.z.theta_3,0
10.3512,B,mrac.z.theta_4,0.1975442
10.3512,B,mrac.z.theta_5,0.18890886
10.3512,B,mrac.z.u_nom,0.33706942
10.3512,B,mrac.z.xm,0
10.3512,B,path.active_path_mode,0
10.3512,B,path.circle_theta,0
10.3512,B,path.sinusoid_t_elapsed,0
10.3512,B,path.twc_arrived,0
10.3512,B,path.twc_target_x,0
10.3512,B,path.twc_target_y,0
10.3512,B,path.twc_target_z,0
10.3512,B,pid.gyrox.Des,96.395958
10.3512,B,pid.gyrox.FB,14.141495
10.3512,B,pid.gyrox.U,300
10.3512,B,pid.gyroy.Des,76.95607
10.3512,B,pid.gyroy.FB,-39.876492
10.3512,B,pid.gyroy.U,254.96213
10.3512,B,pid.gyroz.Des,-60
10.3512,B,pid.gyroz.FB,-10.796242
10.3512,B,pid.gyroz.U,-250
10.3512,B,pid.locx.Des,0
10.3512,B,pid.locx.FB,14.151016
10.3512,B,pid.locx.U,-13.456314
10.3512,B,pid.locxs.Des,-13.456314
10.3512,B,pid.locxs.FB,4.9984298
10.3512,B,pid.locxs.U,-48.653847
10.3512,B,pid.locy.Des,0
10.3512,B,pid.locy.FB,75.345154
10.3512,B,pid.locy.U,-62.579132
10.3512,B,pid.locys.Des,-62.579132
10.3512,B,pid.locys.FB,14.283406
10.3512,B,pid.locys.U,-226.24008
10.3512,B,pid.pitch.Des,-11.296757
10.3512,B,pid.pitch.FB,-36.459114
10.3512,B,pid.pitch.U,76.95607
10.3512,B,pid.roll.Des,0.084296741
10.3512,B,pid.roll.FB,-32.160736
10.3512,B,pid.roll.U,96.395958
10.3512,B,pid.yaw.Des,-49.635666
10.3512,B,pid.yaw.FB,11.692686
10.3512,B,pid.yaw.U,-120
10.3512,B,pid.z_pos.Des,0.40852267
10.3512,B,pid.z_pos.FB,0.40852267
10.3512,B,pid.z_pos.U,-0.088317379
10.3512,B,pid.z_rate.Des,0
10.3512,B,pid.z_rate.FB,-0.21668559
10.3512,B,pid.z_rate.U,74.829414
10.3512,B,status.vbat,0
10.5686,A,mrac.pitch.e,-0.69597042
10.5686,A,mrac.pitch.u_ad,0.36614603
10.5686,A,mrac.roll.e,-1.5105113
10.5686,A,mrac.roll.u_ad,0
10.5686,A,mrac.yaw.e,0.92554253
10.5686,A,mrac.yaw.u_ad,-0.029636156
10.5686,A,mrac.z.e,0.29904327
10.5686,A,mrac.z.u_ad,-0.038886793
10.5686,A,status.arm,0
10.5686,A,status.flymode,0
10.5686,A,status.rc_authority,0
10.5686,A,status.sbus_lost,0
10.5686,A,status.twc_arrived,0
10.5686,A,status.twc_execute,0
10.5686,B,mrac.pitch.theta_0,0.14783168
10.5686,B,mrac.pitch.theta_1,0.0046124868
10.5686,B,mrac.pitch.theta_2,0.0023494507
10.5686,B,mrac.pitch.theta_3,0.0026265273
10.5686,B,mrac.pitch.theta_4,0.13307416
10.5686,B,mrac.pitch.theta_5,0.14446428
10.5686,B,mrac.pitch.u_nom,0.17448464
10.5686,B,mrac.pitch.xm,1.3393379
10.5686,B,mrac.roll.theta_0,0.14763139
10.5686,B,mrac.roll.theta_1,0.0025568721
10.5686,B,mrac.roll.theta_2,0.0075819548
10.5686,B,mrac.roll.theta_3,0.0023738092
10.5686,B,mrac.roll.theta_4,0.1186322
10.5686,B,mrac.roll.theta_5,0.13713825
10.5686,B,mrac.roll.u_nom,0.25641027
10.5686,B,mrac.roll.xm,1.456818
10.5686,B,mrac.yaw.theta_0,5.4148616e-11
10.5686,B,mrac.yaw.theta_1,0.013047998
10.5686,B,mrac.yaw.theta_2,0.0017297381
10.5686,B,mrac.yaw.theta_3,0
10.5686,B,mrac.yaw.theta_4,0.11189719
10.5686,B,mrac.yaw.theta_5,0.088938974
10.5686,B,mrac.yaw.u_nom,-0.13354701
10.5686,B,mrac.yaw.xm,-1.0471979
10.5686,B,mrac.z.theta_0,0.11875167
10.5686,B,mrac.z.theta_1,0.00018377443
10.5686,B,mrac.z.theta_2,0.0034317537
10.5686,B,mrac.z.theta_3,0
10.5686,B,mrac.z.theta_4,0.19763425
10.5686,B,mrac.z.theta_5,0.18881424
10.5686,B,mrac.z.u_nom,-0.7917124
10.5686,B,mrac.z.xm,0
10.5686,B,path.active_path_mode,0
10.5686,B,path.circle_theta,0
10.5686,B,path.sinusoid_t_elapsed,0
10.5686,B,path.twc_arrived,0
10.5686,B,path.twc_target_x,0
10.5686,B,path.twc_target_y,0
10.5686,B,path.twc_target_z,0
10.5686,B,pid.gyrox.Des,83.46949
10.5686,B,pid.gyrox.FB,-8.0502882
10.5686,B,pid.gyrox.U,300
10.5686,B,pid.gyroy.Des,76.73838
10.5686,B,pid.gyroy.FB,34.894981
10.5686,B,pid.gyroy.U,204.14703
10.5686,B,pid.gyroz.Des,-60
10.5686,B,pid.gyroz.FB,4.8552752
10.5686,B,pid.gyroz.U,-250
10.5686,B,pid.locx.Des,0
10.5686,B,pid.locx.FB,13.506252
10.5686,B,pid.locx.U,-12.438517
10.5686,B,pid.locxs.Des,-12.438517
10.5686,B,pid.locxs.FB,-10.263403
10.5686,B,pid.locxs.U,-6.1003733
10.5686,B,pid.locy.Des,0
10.5686,B,pid.locy.FB,74.32209
10.5686,B,pid.locy.U,-61.048237
10.5686,B,pid.locys.Des,-61.048237
10.5686,B,pid.locys.FB,-6.297823
10.5686,B,pid.locys.U,-163.60529
10.5686,B,pid.pitch.Des,-8.2356005
10.5686,B,pid.pitch.FB,-34.249859
10.5686,B,pid.pitch.U,76.73838
10.5686,B,pid.roll.Des,-1.095345
10.5686,B,pid.roll.FB,-28.907251
10.5686,B,pid.roll.U,83.46949
10.5686,B,pid.yaw.Des,-49.635666
10.5686,B,pid.yaw.FB,10.099461
10.5686,B,pid.yaw.U,-120
10.5686,B,pid.z_pos.Des,0.49928465
10.5686,B,pid.z_pos.FB,0.49928465
10.5686,B,pid.z_pos.U,-0.088317379
10.5686,B,pid.z_rate.Des,0
10.5686,B,pid.z_rate.FB,0.40988863
10.5686,B,pid.z_rate.U,-175.76015
10.5686,B,status.vbat,0
10.7700,A,mrac.pitch.e,-1.3680503
10.7700,A,mrac.pitch.u_ad,0
10.7700,A,mrac.roll.e,-0.49276274
10.7700,A,mrac.roll.u_ad,0.33384287
10.7700,A,mrac.yaw.e,0.57918108
10.7700,A,mrac.yaw.u_ad,-0.11294548
10.7700,A,mrac.z.e,0.65040201
10.7700,A,mrac.z.u_ad,-0.092531361
10.7700,A,status.arm,0
10.7700,A,status.flymode,0
10.7700,A,status.rc_authority,0
10.7700,A,status.sbus_lost,0
10.7700,A,status.twc_arrived,0
10.7700,A,status.twc_execute,0
10.7701,B,mrac.pitch.theta_0,0.14786887
10.7701,B,mrac.pitch.theta_1,0.0055282353
10.7701,B,mrac.pitch.theta_2,0.0024476359
10.7701,B,mrac.pitch.theta_3,0.0026286389
10.7701,B,mrac.pitch.theta_4,0.13325779
10.7701,B,mrac.pitch.theta_5,0.14466336
10.7701,B,mrac.pitch.u_nom,0.20224218
10.7701,B,mrac.pitch.xm,1.2575442
10.7701,B,mrac.roll.theta_0,0.14768821
10.7701,B,mrac.roll.theta_1,0.0032726298
10.7701,B,mrac.roll.theta_2,0.0076625352
10.7701,B,mrac.roll.theta_3,0.0023864417
10.7701,B,mrac.roll.theta_4,0.11873873
10.7701,B,mrac.roll.theta_5,0.13753659
10.7701,B,mrac.roll.u_nom,0.21857107
10.7701,B,mrac.roll.xm,1.3900719
10.7701,B,mrac.yaw.theta_0,1.1712241e-11
10.7701,B,mrac.yaw.theta_1,0.013913664
10.7701,B,mrac.yaw.theta_2,0.0016408563
10.7701,B,mrac.yaw.theta_3,0
10.7701,B,mrac.yaw.theta_4,0.1119341
10.7701,B,mrac.yaw.theta_5,0.089030765
10.7701,B,mrac.yaw.u_nom,-0.13354701
10.7701,B,mrac.yaw.xm,-1.0471979
10.7701,B,mrac.z.theta_0,0.097412892
10.7701,B,mrac.z.theta_1,0.00015484962
10.7701,B,mrac.z.theta_2,0.0033506772
10.7701,B,mrac.z.theta_3,0
10.7701,B,mrac.z.theta_4,0.19771558
10.7701,B,mrac.z.theta_5,0.18874422
10.7701,B,mrac.z.u_nom,-0.61662501
10.7701,B,mrac.z.xm,0
10.7701,B,path.active_path_mode,0
10.7701,B,path.circle_theta,0
10.7701,B,path.sinusoid_t_elapsed,0
10.7701,B,path.twc_arrived,0
10.7701,B,path.twc_target_x,0
10.7701,B,path.twc_target_y,0
10.7701,B,path.twc_target_z,0
10.7701,B,pid.gyrox.Des,79.645218
10.7701,B,pid.gyrox.FB,37.099098
10.7701,B,pid.gyrox.U,255.72815
10.7701,B,pid.gyroy.Des,72.051941
10.7701,B,pid.gyroy.FB,-7.0212336
10.7701,B,pid.gyroy.U,236.62335
10.7701,B,pid.gyroz.Des,-60
10.7701,B,pid.gyroz.FB,-26.57049
10.7701,B,pid.gyroz.U,-250
10.7701,B,pid.locx.Des,0
10.7701,B,pid.locx.FB,12.47294
10.7701,B,pid.locx.U,-11.964921
10.7701,B,pid.locxs.Des,-11.964921
10.7701,B,pid.locxs.FB,0.43180913
10.7701,B,pid.locxs.U,-44.157425
10.7701,B,pid.locy.Des,0
10.7701,B,pid.locy.FB,71.695465
10.7701,B,pid.locy.U,-58.795094
10.7701,B,pid.locys.Des,-58.795094
10.7701,B,pid.locys.FB,-6.0674162
10.7701,B,pid.locys.U,-162.87611
10.7701,B,pid.pitch.Des,-8.7675295
10.7701,B,pid.pitch.FB,-33.783897
10.7701,B,pid.pitch.U,72.051941
10.7701,B,pid.roll.Des,1.3913556
10.7701,B,pid.roll.FB,-24.570522
10.7701,B,pid.roll.U,79.645218
10.7701,B,pid.yaw.Des,-49.635666
10.7701,B,pid.yaw.FB,5.3915329
10.7701,B,pid.yaw.U,-120
10.7701,B,pid.z_pos.Des,0.55935234
10.7701,B,pid.z_pos.FB,0.55935234
10.7701,B,pid.z_pos.U,-0.088317379
10.7701,B,pid.z_rate.Des,0
10.7701,B,pid.z_rate.FB,0.31271511
10.7701,B,pid.z_rate.U,-136.89075
10.7701,B,status.vbat,0
10.9853,A,mrac.pitch.e,-1.3640149
10.9853,A,mrac.pitch.u_ad,0
10.9853,A,mrac.roll.e,-0.1816048
10.9853,A,mrac.roll.u_ad,0.26992443
10.9853,A,mrac.yaw.e,0.96106863
10.9853,A,mrac.yaw.u_ad,-0.11192639
10.9853,A,mrac.z.e,1.7374234
10.9853,A,mrac.z.u_ad,0
10.9853,A,status.arm,0
10.9853,A,status.flymode,0
10.9853,A,status.rc_authority,0
10.9853,A,status.sbus_lost,0
10.9853,A,status.twc_arrived,0
10.9853,A,status.twc_execute,0
10.9854,B,mrac.pitch.theta_0,0.14782055
10.9854,B,mrac.pitch.theta_1,0.0063321069
10.9854,B,mrac.pitch.theta_2,0.002513373
10.9854,B,mrac.pitch.theta_3,0.0025984934
10.9854,B,mrac.pitch.theta_4,0.13346983
10.9854,B,mrac.pitch.theta_5,0.14487624
10.9854,B,mrac.pitch.u_nom,0.25641027
10.9854,B,mrac.pitch.xm,1.4063182
10.9854,B,mrac.roll.theta_0,0.14844874
10.9854,B,mrac.roll.theta_1,0.005909563
10.9854,B,mrac.roll.theta_2,0.0079531344
10.9854,B,mrac.roll.theta_3,0.0023715084
10.9854,B,mrac.roll.theta_4,0.11904877
10.9854,B,mrac.roll.theta_5,0.13859092
10.9854,B,mrac.roll.u_nom,0.10819503
10.9854,B,mrac.roll.xm,0.81433016
10.9854,B,mrac.yaw.theta_0,1.3361919e-12
10.9854,B,mrac.yaw.theta_1,0.015408844
10.9854,B,mrac.yaw.theta_2,0.0014849664
10.9854,B,mrac.yaw.theta_3,0
10.9854,B,mrac.yaw.theta_4,0.1119865
10.9854,B,mrac.yaw.theta_5,0.089139327
10.9854,B,mrac.yaw.u_nom,-0.13354701
10.9854,B,mrac.yaw.xm,-1.0471979
10.9854,B,mrac.z.theta_0,0.088397458
10.9854,B,mrac.z.theta_1,0.00012992026
10.9854,B,mrac.z.theta_2,0.0031970378
10.9854,B,mrac.z.theta_3,0
10.9854,B,mrac.z.theta_4,0.19779213
10.9854,B,mrac.z.theta_5,0.18870069
10.9854,B,mrac.z.u_nom,-1.3513514
10.9854,B,mrac.z.xm,0
10.9854,B,path.active_path_mode,0
10.9854,B,path.circle_theta,0
10.9854,B,path.sinusoid_t_elapsed,0
10.9854,B,path.twc_arrived,0
10.9854,B,path.twc_target_x,0
10.9854,B,path.twc_target_y,0
10.9854,B,path.twc_target_z,0
10.9854,B,pid.gyrox.Des,46.657661
10.9854,B,pid.gyrox.FB,26.600695
10.9854,B,pid.gyrox.U,126.58818
10.9854,B,pid.gyroy.Des,80.576065
10.9854,B,pid.gyroy.FB,-6.5300689
10.9854,B,pid.gyroy.U,300
10.9854,B,pid.gyroz.Des,-60
10.9854,B,pid.gyroz.FB,-7.9175668
10.9854,B,pid.gyroz.U,-250
10.9854,B,pid.locx.Des,0
10.9854,B,pid.locx.FB,12.248624
10.9854,B,pid.locx.U,-11.563853
10.9854,B,pid.locxs.Des,-11.563853
10.9854,B,pid.locxs.FB,-5.9359837
10.9854,B,pid.locxs.U,-16.497337
10.9854,B,pid.locy.Des,0
10.9854,B,pid.locy.FB,69.223015
10.9854,B,pid.locy.U,-57.211208
10.9854,B,pid.locys.Des,-57.211208
10.9854,B,pid.locys.FB,-2.1826804
10.9854,B,pid.locys.U,-165.0625
10.9854,B,pid.pitch.Des,-9.2378912
10.9854,B,pid.pitch.FB,-34.239933
10.9854,B,pid.pitch.U,80.576065
10.9854,B,pid.roll.Des,1.0403088
10.9854,B,pid.roll.FB,-14.137607
10.9854,B,pid.roll.U,46.657661
10.9854,B,pid.yaw.Des,-49.635666
10.9854,B,pid.yaw.FB,-1.7536888
10.9854,B,pid.yaw.U,-120
10.9854,B,pid.z_pos.Des,1.0261121
10.9854,B,pid.z_pos.FB,1.0261121
10.9854,B,pid.z_pos.U,-0.088317379
10.9854,B,pid.z_rate.Des,0
10.9854,B,pid.z_rate.FB,2.3715277
10.9854,B,pid.z_rate.U,-300
10.9854,B,status.vbat,0
11.2019,A,mrac.pitch.e,-1.1821814
11.2019,A,mrac.pitch.u_ad,0.056616295
11.2019,A,mrac.roll.e,-0.29367003
11.2019,A,mrac.roll.u_ad,0.23186909
11.2019,A,mrac.yaw.e,1.0650504
11.2019,A,mrac.yaw.u_ad,0
11.2019,A,mrac.z.e,-0.32491338
11.2019,A,mrac.z.u_ad,0.22759824
11.2019,A,status.arm,0
11.2019,A,status.flymode,0
11.2019,A,status.rc_authority,0
11.2019,A,status.sbus_lost,0
11.2019,A,status.twc_arrived,0
11.2019,A,status.twc_execute,0
11.2020,B,mrac.pitch.theta_0,0.14782055
11.2020,B,mrac.pitch.theta_1,0.0063321069
11.2020,B,mrac.pitch.theta_2,0.002513373
11.2020,B,mrac.pitch.theta_3,0.0025984934
11.2020,B,mrac.pitch.theta_4,0.13346983
11.2020,B,mrac.pitch.theta_5,0.14487624
11.2020,B,mrac.pitch.u_nom,0.2423647
11.2020,B,mrac.pitch.xm,1.3645835
11.2020,B,mrac.roll.theta_0,0.14821704
11.2020,B,mrac.roll.theta_1,0.0062825447
11.2020,B,mrac.roll.theta_2,0.0079921074
11.2020,B,mrac.roll.theta_3,0.0023709838
11.2020,B,mrac.roll.theta_4,0.11905005
11.2020,B,mrac.roll.theta_5,0.13865979
11.2020,B,mrac.roll.u_nom,0.042859454
11.2020,B,mrac.roll.xm,0.51140618
11.2020,B,mrac.yaw.theta_0,8.9889538e-13
11.2020,B,mrac.yaw.theta_1,0.015463417
11.2020,B,mrac.yaw.theta_2,0.0014834302
11.2020,B,mrac.yaw.theta_3,0
11.2020,B,mrac.yaw.theta_4,0.11199446
11.2020,B,mrac.yaw.theta_5,0.089155458
11.2020,B,mrac.yaw.u_nom,-0.13354701
11.2020,B,mrac.yaw.xm,-1.0471979
11.2020,B,mrac.z.theta_0,0.086385377
11.2020,B,mrac.z.theta_1,0.00011843503
11.2020,B,mrac.z.theta_2,0.0031984386
11.2020,B,mrac.z.theta_3,0
11.2020,B,mrac.z.theta_4,0.19783147
11.2020,B,mrac.z.theta_5,0.18867987
11.2020,B,mrac.z.u_nom,1.2981771
11.2020,B,mrac.z.xm,0
11.2020,B,path.active_path_mode,0
11.2020,B,path.circle_theta,0
11.2020,B,path.sinusoid_t_elapsed,0
11.2020,B,path.twc_arrived,0
11.2020,B,path.twc_target_x,0
11.2020,B,path.twc_target_y,0
11.2020,B,path.twc_target_z,0
11.2020,B,pid.gyrox.Des,29.301403
11.2020,B,pid.gyrox.FB,20.253193
11.2020,B,pid.gyrox.U,50.145561
11.2020,B,pid.gyroy.Des,78.184845
11.2020,B,pid.gyroy.FB,-7.7952199
11.2020,B,pid.gyroy.U,283.56671
11.2020,B,pid.gyroz.Des,-60
11.2020,B,pid.gyroz.FB,18.240084
11.2020,B,pid.gyroz.U,-250
11.2020,B,pid.locx.Des,0
11.2020,B,pid.locx.FB,10.565827
11.2020,B,pid.locx.U,-10.092671
11.2020,B,pid.locxs.Des,-10.092671
11.2020,B,pid.locxs.FB,-10.003844
11.2020,B,pid.locxs.U,0.077937126
11.2020,B,pid.locy.Des,0
11.2020,B,pid.locy.FB,68.96286
11.2020,B,pid.locy.U,-57.167763
11.2020,B,pid.locys.Des,-57.167763
11.2020,B,pid.locys.FB,0.96077812
11.2020,B,pid.locys.U,-174.56389
11.2020,B,pid.pitch.Des,-9.9456997
11.2020,B,pid.pitch.FB,-35.942104
11.2020,B,pid.pitch.U,78.184845
11.2020,B,pid.roll.Des,0.028693425
11.2020,B,pid.roll.FB,-9.9077625
11.2020,B,pid.roll.U,29.301403
11.2020,B,pid.yaw.Des,-49.635666
11.2020,B,pid.yaw.FB,-0.22468166
11.2020,B,pid.yaw.U,-120
11.2020,B,pid.z_pos.Des,0.77361012
11.2020,B,pid.z_pos.FB,0.77361012
11.2020,B,pid.z_pos.U,-0.088317379
11.2020,B,pid.z_rate.Des,0
11.2020,B,pid.z_rate.FB,-1.0657579
11.2020,B,pid.z_rate.U,288.19531
11.2020,B,status.vbat,0
11.4021,A,mrac.pitch.e,-1.0136908
11.4021,A,mrac.pitch.u_ad,0.3513799
11.4021,A,mrac.roll.e,-0.3579483
11.4021,A,mrac.roll.u_ad,0.20586656
11.4021,A,mrac.yaw.e,0.081983387
11.4021,A,mrac.yaw.u_ad,-0.10894505
11.4021,A,mrac.z.e,0.30546522
11.4021,A,mrac.z.u_ad,0.0055488981
11.4021,A,status.arm,0
11.4021,A,status.flymode,0
11.4021,A,status.rc_authority,0
11.4021,A,status.sbus_lost,0
11.4021,A,status.twc_arrived,0
11.4021,A,status.twc_execute,0
11.4021,B,mrac.pitch.theta_0,0.14797692
11.4021,B,mrac.pitch.theta_1,0.0079168212
11.4021,B,mrac.pitch.theta_2,0.0026440828
11.4021,B,mrac.pitch.theta_3,0.0025852448
11.4021,B,mrac.pitch.theta_4,0.13384508
11.4021,B,mrac.pitch.theta_5,0.14522673
11.4021,B,mrac.pitch.u_nom,0.1940033
11.4021,B,mrac.pitch.xm,1.1916975
11.4021,B,mrac.roll.theta_0,0.14875697
11.4021,B,mrac.roll.theta_1,0.0071663586
11.4021,B,mrac.roll.theta_2,0.0080469307
11.4021,B,mrac.roll.theta_3,0.0023354799
11.4021,B,mrac.roll.theta_4,0.11916934
11.4021,B,mrac.roll.theta_5,0.13897572
11.4021,B,mrac.roll.u_nom,0.11927181
11.4021,B,mrac.roll.xm,0.30702719
11.4021,B,mrac.yaw.theta_0,3.2957044e-13
11.4021,B,mrac.yaw.theta_1,0.016220812
11.4021,B,mrac.yaw.theta_2,0.001392359
11.4021,B,mrac.yaw.theta_3,0
11.4021,B,mrac.yaw.theta_4,0.11200179
11.4021,B,mrac.yaw.theta_5,0.089191794
11.4021,B,mrac.yaw.u_nom,-0.020904763
11.4021,B,mrac.yaw.xm,-1.0471979
11.4021,B,mrac.z.theta_0,0.090008773
11.4021,B,mrac.z.theta_1,9.7201199e-05
11.4021,B,mrac.z.theta_2,0.0034305472
11.4021,B,mrac.z.theta_3,0
11.4021,B,mrac.z.theta_4,0.19787887
11.4021,B,mrac.z.theta_5,0.18858714
11.4021,B,mrac.z.u_nom,-0.35740146
11.4021,B,mrac.z.xm,0
11.4021,B,path.active_path_mode,0
11.4021,B,path.circle_theta,0
11.4021,B,path.sinusoid_t_elapsed,0
11.4021,B,path.twc_arrived,0
11.4021,B,path.twc_target_x,0
11.4021,B,path.twc_target_y,0
11.4021,B,path.twc_target_z,0
11.4021,B,pid.gyrox.Des,17.591354
11.4021,B,pid.gyrox.FB,-3.8557475
11.4021,B,pid.gyrox.U,139.54802
11.4021,B,pid.gyroy.Des,68.279205
11.4021,B,pid.gyroy.FB,14.064161
11.4021,B,pid.gyroy.U,226.98386
11.4021,B,pid.gyroz.Des,-60
11.4021,B,pid.gyroz.FB,-55.357487
11.4021,B,pid.gyroz.U,-39.133717
11.4021,B,pid.locx.Des,0
11.4021,B,pid.locx.FB,10.174911
11.4021,B,pid.locx.U,-10.30899
11.4021,B,pid.locxs.Des,-10.30899
11.4021,B,pid.locxs.FB,3.5511551
11.4021,B,pid.locxs.U,-38.974865
11.4021,B,pid.locy.Des,0
11.4021,B,pid.locy.FB,69.067047
11.4021,B,pid.locy.U,-57.334358
11.4021,B,pid.locys.Des,-57.334358
11.4021,B,pid.locys.FB,4.4033279
11.4021,B,pid.locys.U,-182.17978
11.4021,B,pid.pitch.Des,-10.21374
11.4021,B,pid.pitch.FB,-33.043606
11.4021,B,pid.pitch.U,68.279205
11.4021,B,pid.roll.Des,2.8460329
11.4021,B,pid.roll.FB,-3.3334229
11.4021,B,pid.roll.U,17.591354
11.4021,B,pid.yaw.Des,-49.635666
11.4021,B,pid.yaw.FB,-6.1148434
11.4021,B,pid.yaw.U,-120
11.4021,B,pid.z_pos.Des,0.81173265
11.4021,B,pid.z_pos.FB,0.81173265
11.4021,B,pid.z_pos.U,-0.088317379
11.4021,B,pid.z_rate.Des,0
11.4021,B,pid.z_rate.FB,0.1690774
11.4021,B,pid.z_rate.U,-79.343124
11.4021,B,status.vbat,0
11.6021,A,mrac.pitch.e,-0.69013268
11.6021,A,mrac.pitch.u_ad,0.32301283
11.6021,A,mrac.roll.e,-0.67425513
11.6021,A,mrac.roll.u_ad,0.20137687
11.6021,A,mrac.yaw.e,1.6272929
11.6021,A,mrac.yaw.u_ad,0
11.6021,A,mrac.z.e,1.1854312
11.6021,A,mrac.z.u_ad,-0.017414045
11.6021,A,status.arm,0
11.6021,A,status.flymode,0
11.6021,A,status.rc_authority,0
11.6021,A,status.sbus_lost,0
11.6021,A,status.twc_arrived,0
11.6021,A,status.twc_execute,0
11.6021,B,mrac.pitch.theta_0,0.14818454
11.6021,B,mrac.pitch.theta_1,0.0085942596
11.6021,B,mrac.pitch.theta_2,0.0026743317
11.6021,B,mrac.pitch.theta_3,0.0026578188
11.6021,B,mrac.pitch.theta_4,0.13422562
11.6021,B,mrac.pitch.theta_5,0.14549369
11.6021,B,mrac.pitch.u_nom,0.19880635
11.6021,B,mrac.pitch.xm,1.0396564
11.6021,B,mrac.roll.theta_0,0.14901747
11.6021,B,mrac.roll.theta_1,0.0066562197
11.6021,B,mrac.roll.theta_2,0.008074889
11.6021,B,mrac.roll.theta_3,0.0023079317
11.6021,B,mrac.roll.theta_4,0.11940143
11.6021,B,mrac.roll.theta_5,0.13916087
11.6021,B,mrac.roll.u_nom,0.0018886403
11.6021,B,mrac.roll.xm,0.03012947
11.6021,B,mrac.yaw.theta_0,1.6645749e-13
11.6021,B,mrac.yaw.theta_1,0.01672258
11.6021,B,mrac.yaw.theta_2,0.001333362
11.6021,B,mrac.yaw.theta_3,0
11.6021,B,mrac.yaw.theta_4,0.11200394
11.6021,B,mrac.yaw.theta_5,0.089212991
11.6021,B,mrac.yaw.u_nom,-0.13354701
11.6021,B,mrac.yaw.xm,-1.0471979
11.6021,B,mrac.z.theta_0,0.091316186
11.6021,B,mrac.z.theta_1,9.0106987e-05
11.6021,B,mrac.z.theta_2,0.003455553
11.6021,B,mrac.z.theta_3,0
11.6021,B,mrac.z.theta_4,0.19787702
11.6021,B,mrac.z.theta_5,0.18852848
11.6021,B,mrac.z.u_nom,-0.13240676
11.6021,B,mrac.z.xm,0
11.6021,B,path.active_path_mode,0
11.6021,B,path.circle_theta,0
11.6021,B,path.sinusoid_t_elapsed,0
11.6021,B,path.twc_arrived,0
11.6021,B,path.twc_target_x,0
11.6021,B,path.twc_target_y,0
11.6021,B,path.twc_target_z,0
11.6021,B,pid.gyrox.Des,1.7262907
11.6021,B,pid.gyrox.FB,-16.720556
11.6021,B,pid.gyrox.U,2.2097092
11.6021,B,pid.gyroy.Des,59.567902
11.6021,B,pid.gyroy.FB,9.6149578
11.6021,B,pid.gyroy.U,232.60342
11.6021,B,pid.gyroz.Des,-60
11.6021,B,pid.gyroz.FB,11.236391
11.6021,B,pid.gyroz.U,-250
11.6021,B,pid.locx.Des,0
11.6021,B,pid.locx.FB,10.891261
11.6021,B,pid.locx.U,-10.572258
11.6021,B,pid.locxs.Des,-10.572258
11.6021,B,pid.locxs.FB,-5.676651
11.6021,B,pid.locxs.U,3.519886
11.6021,B,pid.locy.Des,0
11.6021,B,pid.locy.FB,70.700508
11.6021,B,pid.locy.U,-59.021038
11.6021,B,pid.locys.Des,-59.021038
11.6021,B,pid.locys.FB,12.073758
11.6021,B,pid.locys.U,-209.6947
11.6021,B,pid.pitch.Des,-11.840958
11.6021,B,pid.pitch.FB,-31.859354
11.6021,B,pid.pitch.U,59.567902
11.6021,B,pid.roll.Des,2.0250478
11.6021,B,pid.roll.FB,-1.8664815
11.6021,B,pid.roll.U,1.7262907
11.6021,B,pid.yaw.Des,-49.635666
11.6021,B,pid.yaw.FB,-12.186631
11.6021,B,pid.yaw.U,-120
11.6021,B,pid.z_pos.Des,0.81494009
11.6021,B,pid.z_pos.FB,0.81494009
11.6021,B,pid.z_pos.U,-0.088317379
11.6021,B,pid.z_rate.Des,0
11.6021,B,pid.z_rate.FB,0.044011872
11.6021,B,pid.z_rate.U,-29.394299
11.6021,B,status.vbat,0
11.8023,A,mrac.pitch.e,-0.9758057
11.8023,A,mrac.pitch.u_ad,0.21294339
11.8023,A,mrac.roll.e,-0.8994689
11.8023,A,mrac.roll.u_ad,0.24611722
11.8023,A,mrac.yaw.e,2.4462256
11.8023,A,mrac.yaw.u_ad,0
11.8023,A,mrac.z.e,0.12810226
11.8023,A,mrac.z.u_ad,0.013498741
11.8023,A,status.arm,0
11.8023,A,status.flymode,0
11.8023,A,status.rc_authority,0
11.8023,A,status.sbus_lost,0
11.8023,A,status.twc_arrived,0
11.8023,A,status.twc_execute,0
11.8023,B,mrac.pitch.theta_0,0.14826158
11.8023,B,mrac.pitch.theta_1,0.0089066643
11.8023,B,mrac.pitch.theta_2,0.0027042737
11.8023,B,mrac.pitch.theta_3,0.002622491
11.8023,B,mrac.pitch.theta_4,0.13446814
11.8023,B,mrac.pitch.theta_5,0.1456648
11.8023,B,mrac.pitch.u_nom,0.16242613
11.8023,B,mrac.pitch.xm,0.9697873
11.8023,B,mrac.roll.theta_0,0.14904524
11.8023,B,mrac.roll.theta_1,0.0058225151
11.8023,B,mrac.roll.theta_2,0.0081473291
11.8023,B,mrac.roll.theta_3,0.0023370427
11.8023,B,mrac.roll.theta_4,0.11976255
11.8023,B,mrac.roll.theta_5,0.13939424
11.8023,B,mrac.roll.u_nom,0.12034734
11.8023,B,mrac.roll.xm,0.36844882
11.8023,B,mrac.yaw.theta_0,1.6645749e-13
11.8023,B,mrac.yaw.theta_1,0.01672258
11.8023,B,mrac.yaw.theta_2,0.001333362
11.8023,B,mrac.yaw.theta_3,0
11.8023,B,mrac.yaw.theta_4,0.11200394
11.8023,B,mrac.yaw.theta_5,0.089212991
11.8023,B,mrac.yaw.u_nom,-0.13354701
11.8023,B,mrac.yaw.xm,-1.0471979
11.8023,B,mrac.z.theta_0,0.081765182
11.8023,B,mrac.z.theta_1,7.9807251e-05
11.8023,B,mrac.z.theta_2,0.0033649118
11.8023,B,mrac.z.theta_3,0
11.8023,B,mrac.z.theta_4,0.19790566
11.8023,B,mrac.z.theta_5,0.18847191
11.8023,B,mrac.z.u_nom,-0.10484874
11.8023,B,mrac.z.xm,0
11.8023,B,path.active_path_mode,0
11.8023,B,path.circle_theta,0
11.8023,B,path.sinusoid_t_elapsed,0
11.8023,B,path.twc_arrived,0
11.8023,B,path.twc_target_x,0
11.8023,B,path.twc_target_y,0
11.8023,B,path.twc_target_z,0
11.8023,B,pid.gyrox.Des,21.110554
11.8023,B,pid.gyrox.FB,-12.422722
11.8023,B,pid.gyrox.U,140.80638
11.8023,B,pid.gyroy.Des,55.564697
11.8023,B,pid.gyroy.FB,-10.093189
11.8023,B,pid.gyroy.U,190.03857
11.8023,B,pid.gyroz.Des,-60
11.8023,B,pid.gyroz.FB,71.312614
11.8023,B,pid.gyroz.U,-250
11.8023,B,pid.locx.Des,0
11.8023,B,pid.locx.FB,8.5738678
11.8023,B,pid.locx.U,-8.2006702
11.8023,B,pid.locxs.Des,-8.2006702
11.8023,B,pid.locxs.FB,-18.552156
11.8023,B,pid.locxs.U,32.332066
11.8023,B,pid.locy.Des,0
11.8023,B,pid.locy.FB,71.040337
11.8023,B,pid.locy.U,-58.504757
11.8023,B,pid.locys.Des,-58.504757
11.8023,B,pid.locys.FB,-7.2675653
11.8023,B,pid.locys.U,-154.55409
11.8023,B,pid.pitch.Des,-8.9619865
11.8023,B,pid.pitch.FB,-30.223003
11.8023,B,pid.pitch.U,55.564697
11.8023,B,pid.roll.Des,-1.1022533
11.8023,B,pid.roll.FB,-8.5241718
11.8023,B,pid.roll.U,21.110554
11.8023,B,pid.yaw.Des,-49.635666
11.8023,B,pid.yaw.FB,-3.8665488
11.8023,B,pid.yaw.U,-120
11.8023,B,pid.z_pos.Des,0.88016379
11.8023,B,pid.z_pos.FB,0.88016379
11.8023,B,pid.z_pos.U,-0.088317379
11.8023,B,pid.z_rate.Des,0
11.8023,B,pid.z_rate.FB,0.027831331
11.8023,B,pid.z_rate.U,-23.276419
11.8023,B,status.vbat,0
12.0046,A,mrac.pitch.e,-0.76478589
12.0046,A,mrac.pitch.u_ad,0.27628541
12.0046,A,mrac.roll.e,-1.4842287
12.0046,A,mrac.roll.u_ad,0
12.0046,A,mrac.yaw.e,1.4563875
12.0046,A,mrac.yaw.u_ad,0
12.0046,A,mrac.z.e,1.9582202
12.0046,A,mrac.z.u_ad,0
12.0046,A,status.arm,0
12.0046,A,status.flymode,0
12.0046,A,status.rc_authority,0
12.0046,A,status.sbus_lost,0
12.0046,A,status.twc_arrived,0
12.0046,A,status.twc_execute,0
12.0046,B,mrac.pitch.theta_0,0.14835712
12.0046,B,mrac.pitch.theta_1,0.010436291
12.0046,B,mrac.pitch.theta_2,0.0028615454
12.0046,B,mrac.pitch.theta_3,0.0024452687
12.0046,B,mrac.pitch.theta_4,0.13466366
12.0046,B,mrac.pitch.theta_5,0.14586242
12.0046,B,mrac.pitch.u_nom,-0.03251813
12.0046,B,mrac.pitch.xm,0.58211613
12.0046,B,mrac.roll.theta_0,0.14872406
12.0046,B,mrac.roll.theta_1,0.0051322416
12.0046,B,mrac.roll.theta_2,0.0082466416
12.0046,B,mrac.roll.theta_3,0.002507725
12.0046,B,mrac.roll.theta_4,0.1201321
12.0046,B,mrac.roll.theta_5,0.1397076
12.0046,B,mrac.roll.u_nom,0.25641027
12.0046,B,mrac.roll.xm,1.3920839
12.0046,B,mrac.yaw.theta_0,1.6645749e-13
12.0046,B,mrac.yaw.theta_1,0.01672258
12.0046,B,mrac.yaw.theta_2,0.001333362
12.0046,B,mrac.yaw.theta_3,0
12.0046,B,mrac.yaw.theta_4,0.11200394
12.0046,B,mrac.yaw.theta_5,0.089212991
12.0046,B,mrac.yaw.u_nom,-0.13354701
12.0046,B,mrac.yaw.xm,-1.0471979
12.0046,B,mrac.z.theta_0,0.070855886
12.0046,B,mrac.z.theta_1,6.6034445e-05
12.0046,B,mrac.z.theta_2,0.0032706088
12.0046,B,mrac.z.theta_3,0
12.0046,B,mrac.z.theta_4,0.19797282
12.0046,B,mrac.z.theta_5,0.1884062
12.0046,B,mrac.z.u_nom,-0.4657554
12.0046,B,mrac.z.xm,0
12.0046,B,path.active_path_mode,0
12.0046,B,path.circle_theta,0
12.0046,B,path.sinusoid_t_elapsed,0
12.0046,B,path.twc_arrived,0
12.0046,B,path.twc_target_x,0
12.0046,B,path.twc_target_y,0
12.0046,B,path.twc_target_z,0
12.0046,B,pid.gyrox.Des,79.760498
12.0046,B,pid.gyrox.FB,-28.634392
12.0046,B,pid.gyrox.U,300
12.0046,B,pid.gyroy.Des,33.352783
12.0046,B,pid.gyroy.FB,18.969742
12.0046,B,pid.gyroy.U,-38.046211
12.0046,B,pid.gyroz.Des,-60
12.0046,B,pid.gyroz.FB,34.699223
12.0046,B,pid.gyroz.U,-250
12.0046,B,pid.locx.Des,0
12.0046,B,pid.locx.FB,5.8496742
12.0046,B,pid.locx.U,-6.5769238
12.0046,B,pid.locxs.Des,-6.5769238
12.0046,B,pid.locxs.FB,-2.5986004
12.0046,B,pid.locxs.U,-31.88398
12.0046,B,pid.locy.Des,0
12.0046,B,pid.locy.FB,67.739021
12.0046,B,pid.locy.U,-55.681087
12.0046,B,pid.locys.Des,-55.681087
12.0046,B,pid.locys.FB,-10.688652
12.0046,B,pid.locys.U,-141.92535
12.0046,B,pid.pitch.Des,-7.7514029
12.0046,B,pid.pitch.FB,-21.713823
12.0046,B,pid.pitch.U,33.352783
12.0046,B,pid.roll.Des,-0.13821842
12.0046,B,pid.roll.FB,-23.391718
12.0046,B,pid.roll.U,79.760498
12.0046,B,pid.yaw.Des,-49.635666
12.0046,B,pid.yaw.FB,13.664525
12.0046,B,pid.yaw.U,-120
12.0046,B,pid.z_pos.Des,0.88679487
12.0046,B,pid.z_pos.FB,0.88679487
12.0046,B,pid.z_pos.U,-0.088317379
12.0046,B,pid.z_rate.Des,0
12.0046,B,pid.z_rate.FB,0.22819449
12.0046,B,pid.z_rate.U,-103.3977
12.0046,B,status.vbat,0
12.2035,A,mrac.pitch.e,-0.74780828
12.2035,A,mrac.pitch.u_ad,0.28492501
12.2035,A,mrac.roll.e,-2.4377818
12.2035,A,mrac.roll.u_ad,0
12.2035,A,mrac.yaw.e,0.29455024
12.2035,A,mrac.yaw.u_ad,-0.10930263
12.2035,A,mrac.z.e,0.22123227
12.2035,A,mrac.z.u_ad,0.10381142
12.2035,A,status.arm,0
12.2035,A,status.flymode,0
12.2035,A,status.rc_authority,0
12.2035,A,status.sbus_lost,0
12.2035,A,status.twc_arrived,0
12.2035,A,status.twc_execute,0
12.2036,B,mrac.pitch.theta_0,0.14869799
12.2036,B,mrac.pitch.theta_1,0.010179291
12.2036,B,mrac.pitch.theta_2,0.0028791961
12.2036,B,mrac.pitch.theta_3,0.0024863053
12.2036,B,mrac.pitch.theta_4,0.13506515
12.2036,B,mrac.pitch.theta_5,0.14601913
12.2036,B,mrac.pitch.u_nom,0.1884619
12.2036,B,mrac.pitch.xm,0.72648621
12.2036,B,mrac.roll.theta_0,0.14872406
12.2036,B,mrac.roll.theta_1,0.0051322416
12.2036,B,mrac.roll.theta_2,0.0082466416
12.2036,B,mrac.roll.theta_3,0.002507725
12.2036,B,mrac.roll.theta_4,0.1201321
12.2036,B,mrac.roll.theta_5,0.1397076
12.2036,B,mrac.roll.u_nom,0.24244088
12.2036,B,mrac.roll.xm,1.5273581
12.2036,B,mrac.yaw.theta_0,7.3003452e-14
12.2036,B,mrac.yaw.theta_1,0.017039316
12.2036,B,mrac.yaw.theta_2,0.0013145277
12.2036,B,mrac.yaw.theta_3,0
12.2036,B,mrac.yaw.theta_4,0.1120224
12.2036,B,mrac.yaw.theta_5,0.08924152
12.2036,B,mrac.yaw.u_nom,-0.13354701
12.2036,B,mrac.yaw.xm,-1.0471979
12.2036,B,mrac.z.theta_0,0.073404633
12.2036,B,mrac.z.theta_1,6.2442756e-05
12.2036,B,mrac.z.theta_2,0.0032320921
12.2036,B,mrac.z.theta_3,0
12.2036,B,mrac.z.theta_4,0.19796443
12.2036,B,mrac.z.theta_5,0.18836489
12.2036,B,mrac.z.u_nom,0.089824952
12.2036,B,mrac.z.xm,0
12.2036,B,path.active_path_mode,0
12.2036,B,path.circle_theta,0
12.2036,B,path.sinusoid_t_elapsed,0
12.2036,B,path.twc_arrived,0
12.2036,B,path.twc_target_x,0
12.2036,B,path.twc_target_y,0
12.2036,B,path.twc_target_z,0
12.2036,B,pid.gyrox.Des,87.511131
12.2036,B,pid.gyrox.FB,-26.415129
12.2036,B,pid.gyrox.U,283.65582
12.2036,B,pid.gyroy.Des,41.624577
12.2036,B,pid.gyroy.FB,-3.0590482
12.2036,B,pid.gyroy.U,220.50043
12.2036,B,pid.gyroz.Des,-60
12.2036,B,pid.gyroz.FB,-23.737303
12.2036,B,pid.gyroz.U,-250
12.2036,B,pid.locx.Des,0
12.2036,B,pid.locx.FB,7.4437423
12.2036,B,pid.locx.U,-8.6565533
12.2036,B,pid.locxs.Des,-8.6565533
12.2036,B,pid.locxs.FB,20.367865
12.2036,B,pid.locxs.U,-94.141876
12.2036,B,pid.locy.Des,0
12.2036,B,pid.locy.FB,65.663567
12.2036,B,pid.locy.U,-54.092377
12.2036,B,pid.locys.Des,-54.092377
12.2036,B,pid.locys.FB,-5.1137133
12.2036,B,pid.locys.U,-145.10483
12.2036,B,pid.pitch.Des,-8.5370836
12.2036,B,pid.pitch.FB,-22.18051
12.2036,B,pid.pitch.U,41.624577
12.2036,B,pid.roll.Des,3.0254626
12.2036,B,pid.roll.FB,-25.910234
12.2036,B,pid.roll.U,87.511131
12.2036,B,pid.yaw.Des,-49.635666
12.2036,B,pid.yaw.FB,14.093817
12.2036,B,pid.yaw.U,-120
12.2036,B,pid.z_pos.Des,0.93286771
12.2036,B,pid.z_pos.FB,0.93286771
12.2036,B,pid.z_pos.U,-0.088317379
12.2036,B,pid.z_rate.Des,0
12.2036,B,pid.z_rate.FB,-0.079431161
12.2036,B,pid.z_rate.U,19.941139
12.2036,B,status.vbat,0
12.4203,A,mrac.pitch.e,-1.4118903
12.4203,A,mrac.pitch.u_ad,0
12.4203,A,mrac.roll.e,-1.5488226
12.4203,A,mrac.roll.u_ad,0
12.4203,A,mrac.yaw.e,1.0200582
12.4203,A,mrac.yaw.u_ad,0
12.4203,A,mrac.z.e,-0.71331471
12.4203,A,mrac.z.u_ad,0.092758819
12.4203,A,status.arm,0
12.4203,A,status.flymode,0
12.4203,A,status.rc_authority,0
12.4203,A,status.sbus_lost,0
12.4203,A,status.twc_arrived,0
12.4203,A,status.twc_execute,0
12.4204,B,mrac.pitch.theta_0,0.14864901
12.4204,B,mrac.pitch.theta_1,0.010835411
12.4204,B,mrac.pitch.theta_2,0.0029362817
12.4204,B,mrac.pitch.theta_3,0.0031469869
12.4204,B,mrac.pitch.theta_4,0.13555272
12.4204,B,mrac.pitch.theta_5,0.14624578
12.4204,B,mrac.pitch.u_nom,0.25641027
12.4204,B,mrac.pitch.xm,0.81915712
12.4204,B,mrac.roll.theta_0,0.14872406
12.4204,B,mrac.roll.theta_1,0.0051322416
12.4204,B,mrac.roll.theta_2,0.0082466416
12.4204,B,mrac.roll.theta_3,0.002507725
12.4204,B,mrac.roll.theta_4,0.1201321
12.4204,B,mrac.roll.theta_5,0.1397076
12.4204,B,mrac.roll.u_nom,0.25641027
12.4204,B,mrac.roll.xm,2.0278151
12.4204,B,mrac.yaw.theta_0,2.525669e-14
12.4204,B,mrac.yaw.theta_1,0.018060001
12.4204,B,mrac.yaw.theta_2,0.001197212
12.4204,B,mrac.yaw.theta_3,0
12.4204,B,mrac.yaw.theta_4,0.11202555
12.4204,B,mrac.yaw.theta_5,0.089271493
12.4204,B,mrac.yaw.u_nom,-0.13354701
12.4204,B,mrac.yaw.xm,-1.0471979
12.4204,B,mrac.z.theta_0,0.086715013
12.4204,B,mrac.z.theta_1,5.9987728e-05
12.4204,B,mrac.z.theta_2,0.0032589117
12.4204,B,mrac.z.theta_3,0
12.4204,B,mrac.z.theta_4,0.19794472
12.4204,B,mrac.z.theta_5,0.18832171
12.4204,B,mrac.z.u_nom,1.2984457
12.4204,B,mrac.z.xm,0
12.4204,B,path.active_path_mode,0
12.4204,B,path.circle_theta,0
12.4204,B,path.sinusoid_t_elapsed,0
12.4204,B,path.twc_arrived,0
12.4204,B,path.twc_target_x,0
12.4204,B,path.twc_target_y,0
12.4204,B,path.twc_target_z,0
12.4204,B,pid.gyrox.Des,116.1852
12.4204,B,pid.gyrox.FB,2.9916356
12.4204,B,pid.gyrox.U,300
12.4204,B,pid.gyroy.Des,46.934227
12.4204,B,pid.gyroy.FB,-12.067366
12.4204,B,pid.gyroy.U,300
12.4204,B,pid.gyroz.Des,-60
12.4204,B,pid.gyroz.FB,13.296052
12.4204,B,pid.gyroz.U,-250
12.4204,B,pid.locx.Des,0
12.4204,B,pid.locx.FB,14.176944
12.4204,B,pid.locx.U,-14.243111
12.4204,B,pid.locxs.Des,-14.243111
12.4204,B,pid.locxs.FB,23.611067
12.4204,B,pid.locxs.U,-108.27457
12.4204,B,pid.locy.Des,0
12.4204,B,pid.locy.FB,63.460472
12.4204,B,pid.locy.U,-52.459034
12.4204,B,pid.locys.Des,-52.459034
12.4204,B,pid.locys.FB,-4.4178677
12.4204,B,pid.locys.U,-144.22873
12.4204,B,pid.pitch.Des,-7.6193299
12.4204,B,pid.pitch.FB,-23.319283
12.4204,B,pid.pitch.U,46.934227
12.4204,B,pid.roll.Des,4.6342192
12.4204,B,pid.roll.FB,-33.987976
12.4204,B,pid.roll.U,116.1852
12.4204,B,pid.yaw.Des,-49.635666
12.4204,B,pid.yaw.FB,8.2121325
12.4204,B,pid.yaw.U,-120
12.4204,B,pid.z_pos.Des,0.35786939
12.4204,B,pid.z_pos.FB,0.35786939
12.4204,B,pid.z_pos.U,-0.088317379
12.4204,B,pid.z_rate.Des,0
12.4204,B,pid.z_rate.FB,-1.9535303
12.4204,B,pid.z_rate.U,288.25494
12.4204,B,status.vbat,0
12.6364,A,mrac.pitch.e,-0.66840672
12.6364,A,mrac.pitch.u_ad,0.29571927
12.6364,A,mrac.roll.e,-1.664431
12.6364,A,mrac.roll.u_ad,0
12.6364,A,mrac.yaw.e,0.62065887
12.6364,A,mrac.yaw.u_ad,-0.11340946
12.6364,A,mrac.z.e,-1.689685
12.6364,A,mrac.z.u_ad,0
12.6364,A,status.arm,0
12.6364,A,status.flymode,0
12.6364,A,status.rc_authority,0
12.6364,A,status.sbus_lost,0
12.6364,A,status.twc_arrived,0
12.6364,A,status.twc_execute,0
12.6365,B,mrac.pitch.theta_0,0.14857118
12.6365,B,mrac.pitch.theta_1,0.010682591
12.6365,B,mrac.pitch.theta_2,0.0029450376
12.6365,B,mrac.pitch.theta_3,0.0031406388
12.6365,B,mrac.pitch.theta_4,0.1356291
12.6365,B,mrac.pitch.theta_5,0.14627445
12.6365,B,mrac.pitch.u_nom,0.25641027
12.6365,B,mrac.pitch.xm,1.0660726
12.6365,B,mrac.roll.theta_0,0.14872406
12.6365,B,mrac.roll.theta_1,0.0051322416
12.6365,B,mrac.roll.theta_2,0.0082466416
12.6365,B,mrac.roll.theta_3,0.002507725
12.6365,B,mrac.roll.theta_4,0.1201321
12.6365,B,mrac.roll.theta_5,0.1397076
12.6365,B,mrac.roll.u_nom,0.25641027
12.6365,B,mrac.roll.xm,1.8298483
12.6365,B,mrac.yaw.theta_0,6.517077e-15
12.6365,B,mrac.yaw.theta_1,0.018554188
12.6365,B,mrac.yaw.theta_2,0.0011722322
12.6365,B,mrac.yaw.theta_3,0
12.6365,B,mrac.yaw.theta_4,0.11205543
12.6365,B,mrac.yaw.theta_5,0.089309521
12.6365,B,mrac.yaw.u_nom,-0.13354701
12.6365,B,mrac.yaw.xm,-1.0471979
12.6365,B,mrac.z.theta_0,0.094118111
12.6365,B,mrac.z.theta_1,5.2594885e-05
12.6365,B,mrac.z.theta_2,0.0033581401
12.6365,B,mrac.z.theta_3,0
12.6365,B,mrac.z.theta_4,0.19799706
12.6365,B,mrac.z.theta_5,0.18828979
12.6365,B,mrac.z.u_nom,-1.3513514
12.6365,B,mrac.z.xm,0
12.6365,B,path.active_path_mode,0
12.6365,B,path.circle_theta,0
12.6365,B,path.sinusoid_t_elapsed,0
12.6365,B,path.twc_arrived,0
12.6365,B,path.twc_target_x,0
12.6365,B,path.twc_target_y,0
12.6365,B,path.twc_target_z,0
12.6365,B,pid.gyrox.Des,104.84254
12.6365,B,pid.gyrox.FB,18.088921
12.6365,B,pid.gyrox.U,300
12.6365,B,pid.gyroy.Des,61.081436
12.6365,B,pid.gyroy.FB,1.1001195
12.6365,B,pid.gyroy.U,300
12.6365,B,pid.gyroz.Des,-60
12.6365,B,pid.gyroz.FB,-19.72299
12.6365,B,pid.gyroz.U,-250
12.6365,B,pid.locx.Des,0
12.6365,B,pid.locx.FB,16.796795
12.6365,B,pid.locx.U,-15.729268
12.6365,B,pid.locxs.Des,-15.729268
12.6365,B,pid.locxs.FB,8.620389
12.6365,B,pid.locxs.U,-73.235428
12.6365,B,pid.locy.Des,0
12.6365,B,pid.locy.FB,63.140327
12.6365,B,pid.locy.U,-52.785824
12.6365,B,pid.locys.Des,-52.785824
12.6365,B,pid.locys.FB,8.6422739
12.6365,B,pid.locys.U,-184.77675
12.6365,B,pid.pitch.Des,-9.6031876
12.6365,B,pid.pitch.FB,-28.268354
12.6365,B,pid.pitch.U,61.081436
12.6365,B,pid.roll.Des,2.0705938
12.6365,B,pid.roll.FB,-31.520372
12.6365,B,pid.roll.U,104.84254
12.6365,B,pid.yaw.Des,-49.635666
12.6365,B,pid.yaw.FB,9.9353476
12.6365,B,pid.yaw.U,-120
12.6365,B,pid.z_pos.Des,0.96851933
12.6365,B,pid.z_pos.FB,0.96851933
12.6365,B,pid.z_pos.U,-0.088317379
12.6365,B,pid.z_rate.Des,0
12.6365,B,pid.z_rate.FB,4.5945377
12.6365,B,pid.z_rate.U,-300
12.6365,B,status.vbat,0
12.8368,A,mrac.pitch.e,-0.46525821
12.8368,A,mrac.pitch.u_ad,0.31159717
12.8368,A,mrac.roll.e,-1.4993626
12.8368,A,mrac.roll.u_ad,0
12.8368,A,mrac.yaw.e,1.4352928
12.8368,A,mrac.yaw.u_ad,0
12.8368,A,mrac.z.e,-0.97816181
12.8368,A,mrac.z.u_ad,0.069359288
12.8368,A,status.arm,0
12.8368,A,status.flymode,0
12.8368,A,status.rc_authority,0
12.8368,A,status.sbus_lost,0
12.8368,A,status.twc_arrived,0
12.8368,A,status.twc_execute,0
12.8369,B,mrac.pitch.theta_0,0.14840424
12.8369,B,mrac.pitch.theta_1,0.01130126
12.8369,B,mrac.pitch.theta_2,0.0030061139
12.8369,B,mrac.pitch.theta_3,0.0031419978
12.8369,B,mrac.pitch.theta_4,0.13620877
12.8369,B,mrac.pitch.theta_5,0.14652221
12.8369,B,mrac.pitch.u_nom,0.22490646
12.8369,B,mrac.pitch.xm,1.0556675
12.8369,B,mrac.roll.theta_0,0.14837401
12.8369,B,mrac.roll.theta_1,0.0057976837
12.8369,B,mrac.roll.theta_2,0.0083309133
12.8369,B,mrac.roll.theta_3,0.0025210455
12.8369,B,mrac.roll.theta_4,0.12022723
12.8369,B,mrac.roll.theta_5,0.13996895
12.8369,B,mrac.roll.u_nom,0.21614081
12.8369,B,mrac.roll.xm,1.4064593
12.8369,B,mrac.yaw.theta_0,6.8437695e-16
12.8369,B,mrac.yaw.theta_1,0.01998038
12.8369,B,mrac.yaw.theta_2,0.0010716942
12.8369,B,mrac.yaw.theta_3,0
12.8369,B,mrac.yaw.theta_4,0.11210675
12.8369,B,mrac.yaw.theta_5,0.089364208
12.8369,B,mrac.yaw.u_nom,-0.13354701
12.8369,B,mrac.yaw.xm,-1.0471979
12.8369,B,mrac.z.theta_0,0.10322659
12.8369,B,mrac.z.theta_1,4.2904609e-05
12.8369,B,mrac.z.theta_2,0.0034503688
12.8369,B,mrac.z.theta_3,0
12.8369,B,mrac.z.theta_4,0.19806187
12.8369,B,mrac.z.theta_5,0.18823722
12.8369,B,mrac.z.u_nom,1.2984457
12.8369,B,mrac.z.xm,0
12.8369,B,path.active_path_mode,0
12.8369,B,path.circle_theta,0
12.8369,B,path.sinusoid_t_elapsed,0
12.8369,B,path.twc_arrived,0
12.8369,B,path.twc_target_x,0
12.8369,B,path.twc_target_y,0
12.8369,B,path.twc_target_z,0
12.8369,B,pid.gyrox.Des,80.584152
12.8369,B,pid.gyrox.FB,26.434282
12.8369,B,pid.gyrox.U,252.88474
12.8369,B,pid.gyroy.Des,60.485271
12.8369,B,pid.gyroy.FB,6.7129006
12.8369,B,pid.gyroy.U,263.14056
12.8369,B,pid.gyroz.Des,-60
12.8369,B,pid.gyroz.FB,-5.1863093
12.8369,B,pid.gyroz.U,-250
12.8369,B,pid.locx.Des,0
12.8369,B,pid.locx.FB,17.889585
12.8369,B,pid.locx.U,-16.417015
12.8369,B,pid.locxs.Des,-16.417015
12.8369,B,pid.locxs.FB,2.8862026
12.8369,B,pid.locxs.U,-51.383064
12.8369,B,pid.locy.Des,0
12.8369,B,pid.locy.FB,67.116104
12.8369,B,pid.locy.U,-56.347179
12.8369,B,pid.locys.Des,-56.347179
12.8369,B,pid.locys.FB,12.832375
12.8369,B,pid.locys.U,-202.674
12.8369,B,pid.pitch.Des,-10.623086
12.8369,B,pid.pitch.FB,-29.629225
12.8369,B,pid.pitch.U,60.485271
12.8369,B,pid.roll.Des,1.897318
12.8369,B,pid.roll.FB,-26.605637
12.8369,B,pid.roll.U,80.584152
12.8369,B,pid.yaw.Des,-49.635666
12.8369,B,pid.yaw.FB,3.9296274
12.8369,B,pid.yaw.U,-120
12.8369,B,pid.z_pos.Des,0.67616326
12.8369,B,pid.z_pos.FB,0.67616326
12.8369,B,pid.z_pos.U,-0.088317379
12.8369,B,pid.z_rate.Des,0
12.8369,B,pid.z_rate.FB,-1.0901815
12.8369,B,pid.z_rate.U,288.25494
12.8369,B,status.vbat,0
13.0375,A,mrac.pitch.e,0.3802579
13.0375,A,mrac.pitch.u_ad,0.1909427
13.0375,A,mrac.roll.e,-1.4853513
13.0375,A,mrac.roll.u_ad,0
13.0375,A,mrac.yaw.e,1.5688803
13.0375,A,mrac.yaw.u_ad,0
13.0375,A,mrac.z.e,1.0826058
13.0375,A,mrac.z.u_ad,-0.029224422
13.0375,A,status.arm,0
13.0375,A,status.flymode,0
13.0375,A,status.rc_authority,0
13.0375,A,status.sbus_lost,0
13.0375,A,status.twc_arrived,0
13.0375,A,status.twc_execute,0
13.0376,B,mrac.pitch.theta_0,0.14384994
13.0376,B,mrac.pitch.theta_1,0.011602211
13.0376,B,mrac.pitch.theta_2,0.0030481995
13.0376,B,mrac.pitch.theta_3,0.0031454018
13.0376,B,mrac.pitch.theta_4,0.13624972
13.0376,B,mrac.pitch.theta_5,0.1463923
13.0376,B,mrac.pitch.u_nom,-0.071836099
13.0376,B,mrac.pitch.xm,0.5057922
13.0376,B,mrac.roll.theta_0,0.14834748
13.0376,B,mrac.roll.theta_1,0.0058392915
13.0376,B,mrac.roll.theta_2,0.0083345603
13.0376,B,mrac.roll.theta_3,0.0025209673
13.0376,B,mrac.roll.theta_4,0.12023763
13.0376,B,mrac.roll.theta_5,0.13999173
13.0376,B,mrac.roll.u_nom,0.2407165
13.0376,B,mrac.roll.xm,1.5760163
13.0376,B,mrac.yaw.theta_0,6.8437695e-16
13.0376,B,mrac.yaw.theta_1,0.01998038
13.0376,B,mrac.yaw.theta_2,0.0010716942
13.0376,B,mrac.yaw.theta_3,0
13.0376,B,mrac.yaw.theta_4,0.11210675
13.0376,B,mrac.yaw.theta_5,0.089364208
13.0376,B,mrac.yaw.u_nom,-0.13354701
13.0376,B,mrac.yaw.xm,-1.0471979
13.0376,B,mrac.z.theta_0,0.11112381
13.0376,B,mrac.z.theta_1,4.0208743e-05
13.0376,B,mrac.z.theta_2,0.0036174809
13.0376,B,mrac.z.theta_3,0
13.0376,B,mrac.z.theta_4,0.19807488
13.0376,B,mrac.z.theta_5,0.18821469
13.0376,B,mrac.z.u_nom,-1.3513514
13.0376,B,mrac.z.xm,0
13.0376,B,path.active_path_mode,0
13.0376,B,path.circle_theta,0
13.0376,B,path.sinusoid_t_elapsed,0
13.0376,B,path.twc_arrived,0
13.0376,B,path.twc_target_x,0
13.0376,B,path.twc_target_y,0
13.0376,B,path.twc_target_z,0
13.0376,B,pid.gyrox.Des,90.299042
13.0376,B,pid.gyrox.FB,2.0231471
13.0376,B,pid.gyrox.U,281.63831
13.0376,B,pid.gyroy.Des,28.979746
13.0376,B,pid.gyroy.FB,44.461742
13.0376,B,pid.gyroy.U,-84.048233
13.0376,B,pid.gyroz.Des,-60
13.0376,B,pid.gyroz.FB,49.776306
13.0376,B,pid.gyroz.U,-250
13.0376,B,pid.locx.Des,0
13.0376,B,pid.locx.FB,18.217327
13.0376,B,pid.locx.U,-16.691721
13.0376,B,pid.locxs.Des,-16.691721
13.0376,B,pid.locxs.FB,2.3481114
13.0376,B,pid.locxs.U,-57.586235
13.0376,B,pid.locy.Des,0
13.0376,B,pid.locy.FB,69.816223
13.0376,B,pid.locy.U,-58.483288
13.0376,B,pid.locys.Des,-58.483288
13.0376,B,pid.locys.FB,10.792885
13.0376,B,pid.locys.U,-208.51534
13.0376,B,pid.pitch.Des,-10.879482
13.0376,B,pid.pitch.FB,-21.430925
13.0376,B,pid.pitch.U,28.979746
13.0376,B,pid.roll.Des,1.7098161
13.0376,B,pid.roll.FB,-28.277662
13.0376,B,pid.roll.U,90.299042
13.0376,B,pid.yaw.Des,-49.635666
13.0376,B,pid.yaw.FB,7.0796361
13.0376,B,pid.yaw.U,-120
13.0376,B,pid.z_pos.Des,1.0001222
13.0376,B,pid.z_pos.FB,1.0001222
13.0376,B,pid.z_pos.U,-0.088317379
13.0376,B,pid.z_rate.Des,0
13.0376,B,pid.z_rate.FB,3.6562991
13.0376,B,pid.z_rate.U,-300
13.0376,B,status.vbat,0
13.2528,A,mrac.pitch.e,-0.34438178
13.2528,A,mrac.pitch.u_ad,0.18581676
13.2528,A,mrac.roll.e,-1.5829744
13.2528,A,mrac.roll.u_ad,0
13.2528,A,mrac.yaw.e,0.61676335
13.2528,A,mrac.yaw.u_ad,-0.11262497
13.2528,A,mrac.z.e,-1.2707642
13.2528,A,mrac.z.u_ad,0
13.2528,A,status.arm,0
13.2528,A,status.flymode,0
13.2528,A,status.rc_authority,0
13.2528,A,status.sbus_lost,0
13.2528,A,status.twc_arrived,0
13.2528,A,status.twc_execute,0
13.2528,B,mrac.pitch.theta_0,0.13471222
13.2528,B,mrac.pitch.theta_1,0.010363551
13.2528,B,mrac.pitch.theta_2,0.0029372619
13.2528,B,mrac.pitch.theta_3,0.0031607486
13.2528,B,mrac.pitch.theta_4,0.1363174
13.2528,B,mrac.pitch.theta_5,0.14601731
13.2528,B,mrac.pitch.u_nom,0.086939082
13.2528,B,mrac.pitch.xm,0.27226269
13.2528,B,mrac.roll.theta_0,0.14834748
13.2528,B,mrac.roll.theta_1,0.0058392915
13.2528,B,mrac.roll.theta_2,0.0083345603
13.2528,B,mrac.roll.theta_3,0.0025209673
13.2528,B,mrac.roll.theta_4,0.12023763
13.2528,B,mrac.roll.theta_5,0.13999173
13.2528,B,mrac.roll.u_nom,0.21759684
13.2528,B,mrac.roll.xm,1.4818922
13.2528,B,mrac.yaw.theta_0,2.4053507e-16
13.2528,B,mrac.yaw.theta_1,0.020659124
13.2528,B,mrac.yaw.theta_2,0.0010235629
13.2528,B,mrac.yaw.theta_3,0
13.2528,B,mrac.yaw.theta_4,0.11212904
13.2528,B,mrac.yaw.theta_5,0.089385182
13.2528,B,mrac.yaw.u_nom,-0.13354701
13.2528,B,mrac.yaw.xm,-1.0471979
13.2528,B,mrac.z.theta_0,0.12224823
13.2528,B,mrac.z.theta_1,3.3883196e-05
13.2528,B,mrac.z.theta_2,0.003852397
13.2528,B,mrac.z.theta_3,0
13.2528,B,mrac.z.theta_4,0.19812784
13.2528,B,mrac.z.theta_5,0.18817526
13.2528,B,mrac.z.u_nom,1.2984573
13.2528,B,mrac.z.xm,0
13.2528,B,path.active_path_mode,0
13.2528,B,path.circle_theta,0
13.2528,B,path.sinusoid_t_elapsed,0
13.2528,B,path.twc_arrived,0
13.2528,B,path.twc_target_x,0
13.2528,B,path.twc_target_y,0
13.2528,B,path.twc_target_z,0
13.2528,B,pid.gyrox.Des,84.906136
13.2528,B,pid.gyrox.FB,-1.6636243
13.2528,B,pid.gyrox.U,254.5883
13.2528,B,pid.gyroy.Des,15.599496
13.2528,B,pid.gyroy.FB,-2.3266587
13.2528,B,pid.gyroy.U,101.71873
13.2528,B,pid.gyroz.Des,-60
13.2528,B,pid.gyroz.FB,-24.780132
13.2528,B,pid.gyroz.U,-250
13.2528,B,pid.locx.Des,0
13.2528,B,pid.locx.FB,18.781553
13.2528,B,pid.locx.U,-17.016796
13.2528,B,pid.locxs.Des,-17.016796
13.2528,B,pid.locxs.FB,1.9713005
13.2528,B,pid.locxs.U,-50.620953
13.2528,B,pid.locy.Des,0
13.2528,B,pid.locy.FB,73.880905
13.2528,B,pid.locy.U,-61.628101
13.2528,B,pid.locys.Des,-61.628101
13.2528,B,pid.locys.FB,9.8546419
13.2528,B,pid.locys.U,-215.74443
13.2528,B,pid.pitch.Des,-11.182183
13.2528,B,pid.pitch.FB,-16.285023
13.2528,B,pid.pitch.U,15.599496
13.2528,B,pid.roll.Des,1.6439075
13.2528,B,pid.roll.FB,-28.046759
13.2528,B,pid.roll.U,84.906136
13.2528,B,pid.yaw.Des,-49.635666
13.2528,B,pid.yaw.FB,5.6014237
13.2528,B,pid.yaw.U,-120
13.2528,B,pid.z_pos.Des,0.64383757
13.2528,B,pid.z_pos.FB,0.64383757
13.2528,B,pid.z_pos.U,-0.088317379
13.2528,B,pid.z_rate.Des,0
13.2528,B,pid.z_rate.FB,-2.3816898
13.2528,B,pid.z_rate.U,288.25751
13.2528,B,status.vbat,0
13.4531,A,mrac.pitch.e,-0.46685848
13.4531,A,mrac.pitch.u_ad,0.22619979
13.4531,A,mrac.roll.e,-1.8753051
13.4531,A,mrac.roll.u_ad,0
13.4531,A,mrac.yaw.e,0.69474316
13.4531,A,mrac.yaw.u_ad,-0.1169466
13.4531,A,mrac.z.e,-0.81135398
13.4531,A,mrac.z.u_ad,0.13630454
13.4531,A,status.arm,0
13.4531,A,status.flymode,0
13.4531,A,status.rc_authority,0
13.4531,A,status.sbus_lost,0
13.4531,A,status.twc_arrived,0
13.4531,A,status.twc_execute,0
13.4531,B,mrac.pitch.theta_0,0.14542733
13.4531,B,mrac.pitch.theta_1,0.0098461285
13.4531,B,mrac.pitch.theta_2,0.0029507489
13.4531,B,mrac.pitch.theta_3,0.0032983804
13.4531,B,mrac.pitch.theta_4,0.13652146
13.4531,B,mrac.pitch.theta_5,0.14606221
13.4531,B,mrac.pitch.u_nom,0.14404736
13.4531,B,mrac.pitch.xm,0.41290385
13.4531,B,mrac.roll.theta_0,0.14834748
13.4531,B,mrac.roll.theta_1,0.0058392915
13.4531,B,mrac.roll.theta_2,0.0083345603
13.4531,B,mrac.roll.theta_3,0.0025209673
13.4531,B,mrac.roll.theta_4,0.12023763
13.4531,B,mrac.roll.theta_5,0.13999173
13.4531,B,mrac.roll.u_nom,0.24793816
13.4531,B,mrac.roll.xm,1.6431857
13.4531,B,mrac.yaw.theta_0,6.486622e-17
13.4531,B,mrac.yaw.theta_1,0.021719567
13.4531,B,mrac.yaw.theta_2,0.00094554655
13.4531,B,mrac.yaw.theta_3,0
13.4531,B,mrac.yaw.theta_4,0.11215634
13.4531,B,mrac.yaw.theta_5,0.089408755
13.4531,B,mrac.yaw.u_nom,-0.13354701
13.4531,B,mrac.yaw.xm,-1.0471979
13.4531,B,mrac.z.theta_0,0.12841813
13.4531,B,mrac.z.theta_1,3.1145719e-05
13.4531,B,mrac.z.theta_2,0.0039791204
13.4531,B,mrac.z.theta_3,0
13.4531,B,mrac.z.theta_4,0.19812772
13.4531,B,mrac.z.theta_5,0.18812644
13.4531,B,mrac.z.u_nom,0.80796069
13.4531,B,mrac.z.xm,0
13.4531,B,path.active_path_mode,0
13.4531,B,path.circle_theta,0
13.4531,B,path.sinusoid_t_elapsed,0
13.4531,B,path.twc_arrived,0
13.4531,B,path.twc_target_x,0
13.4531,B,path.twc_target_y,0
13.4531,B,path.twc_target_z,0
13.4531,B,pid.gyrox.Des,94.147568
13.4531,B,pid.gyrox.FB,-17.75153
13.4531,B,pid.gyrox.U,290.08765
13.4531,B,pid.gyroy.Des,23.657639
13.4531,B,pid.gyroy.FB,-8.1898623
13.4531,B,pid.gyroy.U,168.53542
13.4531,B,pid.gyroz.Des,-60
13.4531,B,pid.gyroz.FB,-22.383833
13.4531,B,pid.gyroz.U,-250
13.4531,B,pid.locx.Des,0
13.4531,B,pid.locx.FB,18.617352
13.4531,B,pid.locx.U,-16.842762
13.4531,B,pid.locxs.Des,-16.842762
13.4531,B,pid.locxs.FB,-2.5611379
13.4531,B,pid.locxs.U,-45.596256
13.4531,B,pid.locy.Des,0
13.4531,B,pid.locy.FB,75.979393
13.4531,B,pid.locy.U,-63.253662
13.4531,B,pid.locys.Des,-63.253662
13.4531,B,pid.locys.FB,13.093532
13.4531,B,pid.locys.U,-229.54758
13.4531,B,pid.pitch.Des,-11.632309
13.4531,B,pid.pitch.FB,-19.272598
13.4531,B,pid.pitch.U,23.657639
13.4531,B,pid.roll.Des,2.0866191
13.4531,B,pid.roll.FB,-29.05958
13.4531,B,pid.roll.U,94.147568
13.4531,B,pid.yaw.Des,-49.635666
13.4531,B,pid.yaw.FB,1.9271123
13.4531,B,pid.yaw.U,-120
13.4531,B,pid.z_pos.Des,0.66010314
13.4531,B,pid.z_pos.FB,0.66010314
13.4531,B,pid.z_pos.U,-0.088317379
13.4531,B,pid.z_rate.Des,0
13.4531,B,pid.z_rate.FB,-0.47705424
13.4531,B,pid.z_rate.U,179.36728
13.4531,B,status.vbat,0
13.6542,A,mrac.pitch.e,-0.40648732
13.6542,A,mrac.pitch.u_ad,0.23671883
13.6542,A,mrac.roll.e,-1.5631599
13.6542,A,mrac.roll.u_ad,0
13.6542,A,mrac.yaw.e,1.4096011
13.6542,A,mrac.yaw.u_ad,0
13.6542,A,mrac.z.e,0.67710578
13.6542,A,mrac.z.u_ad,-0.069116913
13.6542,A,status.arm,0
13.6542,A,status.flymode,0
13.6542,A,status.rc_authority,0
13.6542,A,status.sbus_lost,0
13.6542,A,status.twc_arrived,0
13.6542,A,status.twc_execute,0
13.6543,B,mrac.pitch.theta_0,0.14858547
13.6543,B,mrac.pitch.theta_1,0.0093222922
13.6543,B,mrac.pitch.theta_2,0.0030112178
13.6543,B,mrac.pitch.theta_3,0.0033339176
13.6543,B,mrac.pitch.theta_4,0.13693313
13.6543,B,mrac.pitch.theta_5,0.14619584
13.6543,B,mrac.pitch.u_nom,0.093815297
13.6543,B,mrac.pitch.xm,0.48977783
13.6543,B,mrac.roll.theta_0,0.14834748
13.6543,B,mrac.roll.theta_1,0.0058392915
13.6543,B,mrac.roll.theta_2,0.0083345603
13.6543,B,mrac.roll.theta_3,0.0025209673
13.6543,B,mrac.roll.theta_4,0.12023763
13.6543,B,mrac.roll.theta_5,0.13999173
13.6543,B,mrac.roll.u_nom,0.25641027
13.6543,B,mrac.roll.xm,1.6017761
13.6543,B,mrac.yaw.theta_0,1.2463499e-17
13.6543,B,mrac.yaw.theta_1,0.022626733
13.6543,B,mrac.yaw.theta_2,0.00089609087
13.6543,B,mrac.yaw.theta_3,0
13.6543,B,mrac.yaw.theta_4,0.11219201
13.6543,B,mrac.yaw.theta_5,0.08943408
13.6543,B,mrac.yaw.u_nom,-0.13354701
13.6543,B,mrac.yaw.xm,-1.0471979
13.6543,B,mrac.z.theta_0,0.13000444
13.6543,B,mrac.z.theta_1,2.6487873e-05
13.6543,B,mrac.z.theta_2,0.0040920451
13.6543,B,mrac.z.theta_3,0
13.6543,B,mrac.z.theta_4,0.19817381
13.6543,B,mrac.z.theta_5,0.18807951
13.6543,B,mrac.z.u_nom,-1.3513514
13.6543,B,mrac.z.xm,0
13.6543,B,path.active_path_mode,0
13.6543,B,path.circle_theta,0
13.6543,B,path.sinusoid_t_elapsed,0
13.6543,B,path.twc_arrived,0
13.6543,B,path.twc_target_x,0
13.6543,B,path.twc_target_y,0
13.6543,B,path.twc_target_z,0
13.6543,B,pid.gyrox.Des,91.774971
13.6543,B,pid.gyrox.FB,3.9284079
13.6543,B,pid.gyrox.U,300
13.6543,B,pid.gyroy.Des,28.062191
13.6543,B,pid.gyroy.FB,7.2030687
13.6543,B,pid.gyroy.U,109.76389
13.6543,B,pid.gyroz.Des,-60
13.6543,B,pid.gyroz.FB,23.608738
13.6543,B,pid.gyroz.U,-250
13.6543,B,pid.locx.Des,0
13.6543,B,pid.locx.FB,18.162481
13.6543,B,pid.locx.U,-16.457474
13.6543,B,pid.locxs.Des,-16.457474
13.6543,B,pid.locxs.FB,-1.9912391
13.6543,B,pid.locxs.U,-37.411728
13.6543,B,pid.locy.Des,0
13.6543,B,pid.locy.FB,78.973923
13.6543,B,pid.locy.U,-65.539032
13.6543,B,pid.locys.Des,-65.539032
13.6543,B,pid.locys.FB,8.0021849
13.6543,B,pid.locys.U,-221.11061
13.6543,B,pid.pitch.Des,-11.202732
13.6543,B,pid.pitch.FB,-20.824402
13.6543,B,pid.pitch.U,28.062191
13.6543,B,pid.roll.Des,2.0289383
13.6543,B,pid.roll.FB,-28.568533
13.6543,B,pid.roll.U,91.774971
13.6543,B,pid.yaw.Des,-49.635666
13.6543,B,pid.yaw.FB,0.062737465
13.6543,B,pid.yaw.U,-120
13.6543,B,pid.z_pos.Des,1.0014664
13.6543,B,pid.z_pos.FB,1.0014664
13.6543,B,pid.z_pos.U,-0.088317379
13.6543,B,pid.z_rate.Des,0
13.6543,B,pid.z_rate.FB,0.88784832
13.6543,B,pid.z_rate.U,-300
13.6543,B,status.vbat,0
13.8579,A,mrac.pitch.e,-0.38818574
13.8579,A,mrac.pitch.u_ad,0.24131285
13.8579,A,mrac.roll.e,-1.7880931
13.8579,A,mrac.roll.u_ad,0
13.8579,A,mrac.yaw.e,0.53613573
13.8579,A,mrac.yaw.u_ad,-0.11370786
13.8579,A,mrac.z.e,-2.4883802
13.8579,A,mrac.z.u_ad,0
13.8579,A,status.arm,0
13.8579,A,status.flymode,0
13.8579,A,status.rc_authority,0
13.8579,A,status.sbus_lost,0
13.8579,A,status.twc_arrived,0
13.8579,A,status.twc_execute,0
13.8579,B,mrac.pitch.theta_0,0.14889634
13.8579,B,mrac.pitch.theta_1,0.009770494
13.8579,B,mrac.pitch.theta_2,0.0030309521
13.8579,B,mrac.pitch.theta_3,0.003400902
13.8579,B,mrac.pitch.theta_4,0.13705769
13.8579,B,mrac.pitch.theta_5,0.14625859
13.8579,B,mrac.pitch.u_nom,0.12912762
13.8579,B,mrac.pitch.xm,0.51126152
13.8579,B,mrac.roll.theta_0,0.14834748
13.8579,B,mrac.roll.theta_1,0.0058392915
13.8579,B,mrac.roll.theta_2,0.0083345603
13.8579,B,mrac.roll.theta_3,0.0025209673
13.8579,B,mrac.roll.theta_4,0.12023763
13.8579,B,mrac.roll.theta_5,0.13999173
13.8579,B,mrac.roll.u_nom,0.24359168
13.8579,B,mrac.roll.xm,1.6644273
13.8579,B,mrac.yaw.theta_0,5.2343489e-18
13.8579,B,mrac.yaw.theta_1,0.023104956
13.8579,B,mrac.yaw.theta_2,0.00086884457
13.8579,B,mrac.yaw.theta_3,0
13.8579,B,mrac.yaw.theta_4,0.11220933
13.8579,B,mrac.yaw.theta_5,0.089445338
13.8579,B,mrac.yaw.u_nom,-0.12323467
13.8579,B,mrac.yaw.xm,-1.0471979
13.8579,B,mrac.z.theta_0,0.12345062
13.8579,B,mrac.z.theta_1,2.3209735e-05
13.8579,B,mrac.z.theta_2,0.0041609127
13.8579,B,mrac.z.theta_3,0
13.8579,B,mrac.z.theta_4,0.19821194
13.8579,B,mrac.z.theta_5,0.1880382
13.8579,B,mrac.z.u_nom,1.2997547
13.8579,B,mrac.z.xm,0
13.8579,B,path.active_path_mode,0
13.8579,B,path.circle_theta,0
13.8579,B,path.sinusoid_t_elapsed,0
13.8579,B,path.twc_arrived,0
13.8579,B,path.twc_target_x,0
13.8579,B,path.twc_target_y,0
13.8579,B,path.twc_target_z,0
13.8579,B,pid.gyrox.Des,95.364616
13.8579,B,pid.gyrox.FB,-8.5748472
13.8579,B,pid.gyrox.U,285.00226
13.8579,B,pid.gyroy.Des,29.293114
13.8579,B,pid.gyroy.FB,-1.9445627
13.8579,B,pid.gyroy.U,151.07932
13.8579,B,pid.gyroz.Des,-60
13.8579,B,pid.gyroz.FB,-31.411369
13.8579,B,pid.gyroz.U,-230.6953
13.8579,B,pid.locx.Des,0
13.8579,B,pid.locx.FB,17.396854
13.8579,B,pid.locx.U,-15.672435
13.8579,B,pid.locxs.Des,-15.672435
13.8579,B,pid.locxs.FB,-5.0661445
13.8579,B,pid.locxs.U,-31.433584
13.8579,B,pid.locy.Des,0
13.8579,B,pid.locy.FB,80.283882
13.8579,B,pid.locy.U,-66.461967
13.8579,B,pid.locys.Des,-66.461967
13.8579,B,pid.locys.FB,2.8868976
13.8579,B,pid.locys.U,-208.17421
13.8579,B,pid.pitch.Des,-10.404358
13.8579,B,pid.pitch.FB,-19.948608
13.8579,B,pid.pitch.U,29.293114
13.8579,B,pid.roll.Des,1.9819881
13.8579,B,pid.roll.FB,-29.75843
13.8579,B,pid.roll.U,95.364616
13.8579,B,pid.yaw.Des,-49.635666
13.8579,B,pid.yaw.FB,-1.2874868
13.8579,B,pid.yaw.U,-120
13.8579,B,pid.z_pos.Des,0.4733018
13.8579,B,pid.z_pos.FB,0.4733018
13.8579,B,pid.z_pos.U,-0.088317379
13.8579,B,pid.z_rate.Des,0
13.8579,B,pid.z_rate.FB,-5.4701838
13.8579,B,pid.z_rate.U,288.54556
13.8579,B,status.vbat,0
14.0714,A,mrac.pitch.e,-0.61438119
14.0714,A,mrac.pitch.u_ad,0.23638713
14.0714,A,mrac.roll.e,-1.8334303
14.0714,A,mrac.roll.u_ad,0
14.0714,A,mrac.yaw.e,1.3191006
14.0714,A,mrac.yaw.u_ad,0
14.0714,A,mrac.z.e,-0.55425173
14.0714,A,mrac.z.u_ad,0.21769667
14.0714,A,status.arm,0
14.0714,A,status.flymode,0
14.0714,A,status.rc_authority,0
14.0714,A,status.sbus_lost,0
14.0714,A,status.twc_arrived,0
14.0714,A,status.twc_execute,0
14.0714,B,mrac.pitch.theta_0,0.14902915
14.0714,B,mrac.pitch.theta_1,0.010682382
14.0714,B,mrac.pitch.theta_2,0.0030725542
14.0714,B,mrac.pitch.theta_3,0.0034144674
14.0714,B,mrac.pitch.theta_4,0.13725628
14.0714,B,mrac.pitch.theta_5,0.14637326
14.0714,B,mrac.pitch.u_nom,0.11307621
14.0714,B,mrac.pitch.xm,0.47618219
14.0714,B,mrac.roll.theta_0,0.14834748
14.0714,B,mrac.roll.theta_1,0.0058392915
14.0714,B,mrac.roll.theta_2,0.0083345603
14.0714,B,mrac.roll.theta_3,0.0025209673
14.0714,B,mrac.roll.theta_4,0.12023763
14.0714,B,mrac.roll.theta_5,0.13999173
14.0714,B,mrac.roll.u_nom,0.25641027
14.0714,B,mrac.roll.xm,1.8027953
14.0714,B,mrac.yaw.theta_0,1.8007217e-18
14.0714,B,mrac.yaw.theta_1,0.023770183
14.0714,B,mrac.yaw.theta_2,0.00082869537
14.0714,B,mrac.yaw.theta_3,0
14.0714,B,mrac.yaw.theta_4,0.11222806
14.0714,B,mrac.yaw.theta_5,0.089457586
14.0714,B,mrac.yaw.u_nom,-0.13354701
14.0714,B,mrac.yaw.xm,-1.0471979
14.0714,B,mrac.z.theta_0,0.14471653
14.0714,B,mrac.z.theta_1,1.8495572e-05
14.0714,B,mrac.z.theta_2,0.0047854511
14.0714,B,mrac.z.theta_3,0
14.0714,B,mrac.z.theta_4,0.19827613
14.0714,B,mrac.z.theta_5,0.18798938
14.0714,B,mrac.z.u_nom,1.2997547
14.0714,B,mrac.z.xm,0
14.0714,B,path.active_path_mode,0
14.0714,B,path.circle_theta,0
14.0714,B,path.sinusoid_t_elapsed,0
14.0714,B,path.twc_arrived,0
14.0714,B,path.twc_target_x,0
14.0714,B,path.twc_target_y,0
14.0714,B,path.twc_target_z,0
14.0714,B,pid.gyrox.Des,103.29252
14.0714,B,pid.gyrox.FB,-9.5140896
14.0714,B,pid.gyrox.U,300
14.0714,B,pid.gyroy.Des,27.283218
14.0714,B,pid.gyroy.FB,-1.1579263
14.0714,B,pid.gyroy.U,132.29916
14.0714,B,pid.gyroz.Des,-60
14.0714,B,pid.gyroz.FB,18.007401
14.0714,B,pid.gyroz.U,-250
14.0714,B,pid.locx.Des,0
14.0714,B,pid.locx.FB,16.667463
14.0714,B,pid.locx.U,-15.296724
14.0714,B,pid.locxs.Des,-15.296724
14.0714,B,pid.locxs.FB,0.19737442
14.0714,B,pid.locxs.U,-46.386978
14.0714,B,pid.locy.Des,0
14.0714,B,pid.locy.FB,80.845428
14.0714,B,pid.locy.U,-66.633774
14.0714,B,pid.locys.Des,-66.633774
14.0714,B,pid.locys.FB,-2.9935002
14.0714,B,pid.locys.U,-190.8671
14.0714,B,pid.pitch.Des,-9.3014193
14.0714,B,pid.pitch.FB,-18.51236
14.0714,B,pid.pitch.U,27.283218
14.0714,B,pid.roll.Des,3.2565744
14.0714,B,pid.roll.FB,-31.011761
14.0714,B,pid.roll.U,103.29252
14.0714,B,pid.yaw.Des,-49.635666
14.0714,B,pid.yaw.FB,-3.7723012
14.0714,B,pid.yaw.U,-120
14.0714,B,pid.z_pos.Des,0.27632254
14.0714,B,pid.z_pos.FB,0.27632254
14.0714,B,pid.z_pos.U,-0.088317379
14.0714,B,pid.z_rate.Des,0
14.0714,B,pid.z_rate.FB,-0.83169538
14.0714,B,pid.z_rate.U,288.54556
14.0714,B,status.vbat,0
14.2872,A,mrac.pitch.e,-0.47598624
14.2872,A,mrac.pitch.u_ad,0.24116084
14.2872,A,mrac.roll.e,-1.6166672
14.2872,A,mrac.roll.u_ad,0
14.2872,A,mrac.yaw.e,1.0794154
14.2872,A,mrac.yaw.u_ad,0
14.2872,A,mrac.z.e,0.63373917
14.2872,A,mrac.z.u_ad,0.056045715
14.2872,A,status.arm,0
14.2872,A,status.flymode,0
14.2872,A,status.rc_authority,0
14.2872,A,status.sbus_lost,0
14.2872,A,status.twc_arrived,0
14.2872,A,status.twc_execute,0
14.2872,B,mrac.pitch.theta_0,0.14889048
14.2872,B,mrac.pitch.theta_1,0.0089744302
14.2872,B,mrac.pitch.theta_2,0.0031986488
14.2872,B,mrac.pitch.theta_3,0.0034385428
14.2872,B,mrac.pitch.theta_4,0.13772829
14.2872,B,mrac.pitch.theta_5,0.14644621
14.2872,B,mrac.pitch.u_nom,0.10013407
14.2872,B,mrac.pitch.xm,0.45425865
14.2872,B,mrac.roll.theta_0,0.14834748
14.2872,B,mrac.roll.theta_1,0.0058392915
14.2872,B,mrac.roll.theta_2,0.0083345603
14.2872,B,mrac.roll.theta_3,0.0025209673
14.2872,B,mrac.roll.theta_4,0.12023763
14.2872,B,mrac.roll.theta_5,0.13999173
14.2872,B,mrac.roll.u_nom,0.25641027
14.2872,B,mrac.roll.xm,1.6732893
14.2872,B,mrac.yaw.theta_0,1.8007217e-18
14.2872,B,mrac.yaw.theta_1,0.023770183
14.2872,B,mrac.yaw.theta_2,0.00082869537
14.2872,B,mrac.yaw.theta_3,0
14.2872,B,mrac.yaw.theta_4,0.11222806
14.2872,B,mrac.yaw.theta_5,0.089457586
14.2872,B,mrac.yaw.u_nom,-0.13354701
14.2872,B,mrac.yaw.xm,-1.0471979
14.2872,B,mrac.z.theta_0,0.16407871
14.2872,B,mrac.z.theta_1,1.6990281e-05
14.2872,B,mrac.z.theta_2,0.004922329
14.2872,B,mrac.z.theta_3,0
14.2872,B,mrac.z.theta_4,0.19827601
14.2872,B,mrac.z.theta_5,0.18794432
14.2872,B,mrac.z.u_nom,-0.039970405
14.2872,B,mrac.z.xm,0
14.2872,B,path.active_path_mode,0
14.2872,B,path.circle_theta,0
14.2872,B,path.sinusoid_t_elapsed,0
14.2872,B,path.twc_arrived,0
14.2872,B,path.twc_target_x,0
14.2872,B,path.twc_target_y,0
14.2872,B,path.twc_target_z,0
14.2872,B,pid.gyrox.Des,95.872375
14.2872,B,pid.gyrox.FB,14.934159
14.2872,B,pid.gyrox.U,300
14.2872,B,pid.gyroy.Des,26.027092
14.2872,B,pid.gyroy.FB,-9.3549728
14.2872,B,pid.gyroy.U,117.15686
14.2872,B,pid.gyroz.Des,-60
14.2872,B,pid.gyroz.FB,3.0403585
14.2872,B,pid.gyroz.U,-250
14.2872,B,pid.locx.Des,0
14.2872,B,pid.locx.FB,16.329071
14.2872,B,pid.locx.U,-14.941401
14.2872,B,pid.locxs.Des,-14.941401
14.2872,B,pid.locxs.FB,-1.0230496
14.2872,B,pid.locxs.U,-41.463379
14.2872,B,pid.locy.Des,0
14.2872,B,pid.locy.FB,80.843094
14.2872,B,pid.locy.U,-66.751625
14.2872,B,pid.locys.Des,-66.751625
14.2872,B,pid.locys.FB,0.9764064
14.2872,B,pid.locys.U,-209.52487
14.2872,B,pid.pitch.Des,-10.470745
14.2872,B,pid.pitch.FB,-20.28603
14.2872,B,pid.pitch.U,26.027092
14.2872,B,pid.roll.Des,2.5377641
14.2872,B,pid.roll.FB,-29.62949
14.2872,B,pid.roll.U,95.872375
14.2872,B,pid.yaw.Des,-49.635666
14.2872,B,pid.yaw.FB,-1.3363515
14.2872,B,pid.yaw.U,-120
14.2872,B,pid.z_pos.Des,0.27721044
14.2872,B,pid.z_pos.FB,0.27721044
14.2872,B,pid.z_pos.U,-0.088317379
14.2872,B,pid.z_rate.Des,0
14.2872,B,pid.z_rate.FB,-0.0058761993
14.2872,B,pid.z_rate.U,-8.8734303
14.2872,B,status.vbat,0
14.4879,A,mrac.pitch.e,-0.33219486
14.4879,A,mrac.pitch.u_ad,0.23114252
14.4879,A,mrac.roll.e,-1.7346741
14.4879,A,mrac.roll.u_ad,0
14.4879,A,mrac.yaw.e,1.0733069
14.4879,A,mrac.yaw.u_ad,0
14.4879,A,mrac.z.e,-0.30458292
14.4879,A,mrac.z.u_ad,0.23958927
14.4879,A,status.arm,0
14.4879,A,status.flymode,0
14.4879,A,status.rc_authority,0
14.4879,A,status.sbus_lost,0
14.4879,A,status.twc_arrived,0
14.4879,A,status.twc_execute,0
14.4879,B,mrac.pitch.theta_0,0.14904831
14.4879,B,mrac.pitch.theta_1,0.0091616204
14.4879,B,mrac.pitch.theta_2,0.0032143244
14.4879,B,mrac.pitch.theta_3,0.0034451727
14.4879,B,mrac.pitch.theta_4,0.13802485
14.4879,B,mrac.pitch.theta_5,0.14655042
14.4879,B,mrac.pitch.u_nom,0.071250953
14.4879,B,mrac.pitch.xm,0.4332062
14.4879,B,mrac.roll.theta_0,0.14834748
14.4879,B,mrac.roll.theta_1,0.0058392915
14.4879,B,mrac.roll.theta_2,0.0083345603
14.4879,B,mrac.roll.theta_3,0.0025209673
14.4879,B,mrac.roll.theta_4,0.12023763
14.4879,B,mrac.roll.theta_5,0.13999173
14.4879,B,mrac.roll.u_nom,0.25641027
14.4879,B,mrac.roll.xm,1.6979457
14.4879,B,mrac.yaw.theta_0,1.0763558e-18
14.4879,B,mrac.yaw.theta_1,0.023820262
14.4879,B,mrac.yaw.theta_2,0.00082807936
14.4879,B,mrac.yaw.theta_3,0
14.4879,B,mrac.yaw.theta_4,0.11223686
14.4879,B,mrac.yaw.theta_5,0.089461908
14.4879,B,mrac.yaw.u_nom,-0.13354701
14.4879,B,mrac.yaw.xm,-1.0471979
14.4879,B,mrac.z.theta_0,0.16056316
14.4879,B,mrac.z.theta_1,1.4275884e-05
14.4879,B,mrac.z.theta_2,0.0049325107
14.4879,B,mrac.z.theta_3,0
14.4879,B,mrac.z.theta_4,0.19828506
14.4879,B,mrac.z.theta_5,0.18785045
14.4879,B,mrac.z.u_nom,0.37201062
14.4879,B,mrac.z.xm,0
14.4879,B,path.active_path_mode,0
14.4879,B,path.circle_theta,0
14.4879,B,path.sinusoid_t_elapsed,0
14.4879,B,path.twc_arrived,0
14.4879,B,path.twc_target_x,0
14.4879,B,path.twc_target_y,0
14.4879,B,path.twc_target_z,0
14.4879,B,pid.gyrox.Des,97.28508
14.4879,B,pid.gyrox.FB,-4.6174726
14.4879,B,pid.gyrox.U,300
14.4879,B,pid.gyroy.Des,24.820877
14.4879,B,pid.gyroy.FB,1.438933
14.4879,B,pid.gyroy.U,83.363617
14.4879,B,pid.gyroz.Des,-60
14.4879,B,pid.gyroz.FB,1.3101473
14.4879,B,pid.gyroz.U,-250
14.4879,B,pid.locx.Des,0
14.4879,B,pid.locx.FB,16.0851
14.4879,B,pid.locx.U,-14.826912
14.4879,B,pid.locxs.Des,-14.826912
14.4879,B,pid.locxs.FB,-0.029195545
14.4879,B,pid.locxs.U,-44.340797
14.4879,B,pid.locy.Des,0
14.4879,B,pid.locy.FB,81.738693
14.4879,B,pid.locy.U,-67.47036
14.4879,B,pid.locys.Des,-67.47036
14.4879,B,pid.locys.FB,1.9997869
14.4879,B,pid.locys.U,-208.50565
14.4879,B,pid.pitch.Des,-10.43017
14.4879,B,pid.pitch.FB,-19.542292
14.4879,B,pid.pitch.U,24.820877
14.4879,B,pid.roll.Des,2.6069243
14.4879,B,pid.roll.FB,-29.707617
14.4879,B,pid.roll.U,97.28508
14.4879,B,pid.yaw.Des,-49.635666
14.4879,B,pid.yaw.FB,-0.83642113
14.4879,B,pid.yaw.U,-120
14.4879,B,pid.z_pos.Des,0.28648621
14.4879,B,pid.z_pos.FB,0.28648621
14.4879,B,pid.z_pos.U,-0.088317379
14.4879,B,pid.z_rate.Des,0
14.4879,B,pid.z_rate.FB,-0.23442467
14.4879,B,pid.z_rate.U,82.586357
14.4879,B,status.vbat,0
14.6875,A,mrac.pitch.e,-0.40292639
14.6875,A,mrac.pitch.u_ad,0.22721039
14.6875,A,mrac.roll.e,-1.4486736
14.6875,A,mrac.roll.u_ad,0
14.6875,A,mrac.yaw.e,1.0090313
14.6875,A,mrac.yaw.u_ad,0
14.6875,A,mrac.z.e,0.013451366
14.6875,A,mrac.z.u_ad,0.1762225
14.6875,A,status.arm,0
14.6875,A,status.flymode,0
14.6875,A,status.rc_authority,0
14.6875,A,status.sbus_lost,0
14.6875,A,status.twc_arrived,0
14.6875,A,status.twc_execute,0
14.6876,B,mrac.pitch.theta_0,0.14907323
14.6876,B,mrac.pitch.theta_1,0.0094649531
14.6876,B,mrac.pitch.theta_2,0.0032293305
14.6876,B,mrac.pitch.theta_3,0.003441914
14.6876,B,mrac.pitch.theta_4,0.1381582
14.6876,B,mrac.pitch.theta_5,0.14659774
14.6876,B,mrac.pitch.u_nom,0.10737377
14.6876,B,mrac.pitch.xm,0.44361418
14.6876,B,mrac.roll.theta_0,0.14834748
14.6876,B,mrac.roll.theta_1,0.0058392915
14.6876,B,mrac.roll.theta_2,0.0083345603
14.6876,B,mrac.roll.theta_3,0.0025209673
14.6876,B,mrac.roll.theta_4,0.12023763
14.6876,B,mrac.roll.theta_5,0.13999173
14.6876,B,mrac.roll.u_nom,0.25641027
14.6876,B,mrac.roll.xm,1.6553665
14.6876,B,mrac.yaw.theta_0,7.2845133e-19
14.6876,B,mrac.yaw.theta_1,0.023893729
14.6876,B,mrac.yaw.theta_2,0.00082659797
14.6876,B,mrac.yaw.theta_3,0
14.6876,B,mrac.yaw.theta_4,0.112244
14.6876,B,mrac.yaw.theta_5,0.089465432
14.6876,B,mrac.yaw.u_nom,-0.13354701
14.6876,B,mrac.yaw.xm,-1.0471979
14.6876,B,mrac.z.theta_0,0.1789556
14.6876,B,mrac.z.theta_1,1.3563998e-05
14.6876,B,mrac.z.theta_2,0.0049805581
14.6876,B,mrac.z.theta_3,0
14.6876,B,mrac.z.theta_4,0.19826263
14.6876,B,mrac.z.theta_5,0.18780351
14.6876,B,mrac.z.u_nom,-0.028663386
14.6876,B,mrac.z.xm,0
14.6876,B,path.active_path_mode,0
14.6876,B,path.circle_theta,0
14.6876,B,path.sinusoid_t_elapsed,0
14.6876,B,path.twc_arrived,0
14.6876,B,path.twc_target_x,0
14.6876,B,path.twc_target_y,0
14.6876,B,path.twc_target_z,0
14.6876,B,pid.gyrox.Des,94.845474
14.6876,B,pid.gyrox.FB,11.196688
14.6876,B,pid.gyrox.U,300
14.6876,B,pid.gyroy.Des,25.41721
14.6876,B,pid.gyroy.FB,-5.0664639
14.6876,B,pid.gyroy.U,125.62732
14.6876,B,pid.gyroz.Des,-60
14.6876,B,pid.gyroz.FB,-8.3095322
14.6876,B,pid.gyroz.U,-250
14.6876,B,pid.locx.Des,0
14.6876,B,pid.locx.FB,15.754846
14.6876,B,pid.locx.U,-14.567883
14.6876,B,pid.locxs.Des,-14.567883
14.6876,B,pid.locxs.FB,-1.0153975
14.6876,B,pid.locxs.U,-40.603966
14.6876,B,pid.locy.Des,0
14.6876,B,pid.locy.FB,81.754288
14.6876,B,pid.locy.U,-67.402916
14.6876,B,pid.locys.Des,-67.402916
14.6876,B,pid.locys.FB,0.98436159
14.6876,B,pid.locys.U,-205.1553
14.6876,B,pid.pitch.Des,-10.300887
14.6876,B,pid.pitch.FB,-18.653778
14.6876,B,pid.pitch.U,25.41721
14.6876,B,pid.roll.Des,2.4222033
14.6876,B,pid.roll.FB,-29.360661
14.6876,B,pid.roll.U,94.845474
14.6876,B,pid.yaw.Des,-49.635666
14.6876,B,pid.yaw.FB,-0.88915163
14.6876,B,pid.yaw.U,-120
14.6876,B,pid.z_pos.Des,0.27250317
14.6876,B,pid.z_pos.FB,0.27250317
14.6876,B,pid.z_pos.U,-0.088317379
14.6876,B,pid.z_rate.Des,0
14.6876,B,pid.z_rate.FB,-0.011441059
14.6876,B,pid.z_rate.U,-6.3632717
14.6876,B,status.vbat,0
14.9036,A,mrac.pitch.e,-0.59560251
14.9036,A,mrac.pitch.u_ad,0.23216777
14.9036,A,mrac.roll.e,-1.503472
14.9036,A,mrac.roll.u_ad,0
14.9036,A,mrac.yaw.e,0.63032436
14.9036,A,mrac.yaw.u_ad,-0.11119704
14.9036,A,mrac.z.e,0.43469781
14.9036,A,mrac.z.u_ad,0.078110546
14.9036,A,status.arm,0
14.9036,A,status.flymode,0
14.9036,A,status.rc_authority,0
14.9036,A,status.sbus_lost,0
14.9036,A,status.twc_arrived,0
14.9036,A,status.twc_execute,0
14.9037,B,mrac.pitch.theta_0,0.14908981
14.9037,B,mrac.pitch.theta_1,0.0091398098
14.9037,B,mrac.pitch.theta_2,0.0032376968
14.9037,B,mrac.pitch.theta_3,0.0034370271
14.9037,B,mrac.pitch.theta_4,0.13847934
14.9037,B,mrac.pitch.theta_5,0.14667089
14.9037,B,mrac.pitch.u_nom,0.171516
14.9037,B,mrac.pitch.xm,0.44417617
14.9037,B,mrac.roll.theta_0,0.14834748
14.9037,B,mrac.roll.theta_1,0.0058392915
14.9037,B,mrac.roll.theta_2,0.0083345603
14.9037,B,mrac.roll.theta_3,0.0025209673
14.9037,B,mrac.roll.theta_4,0.12023763
14.9037,B,mrac.roll.theta_5,0.13999173
14.9037,B,mrac.roll.u_nom,0.25570497
14.9037,B,mrac.roll.xm,1.6184303
14.9037,B,mrac.yaw.theta_0,1.2563449e-19
14.9037,B,mrac.yaw.theta_1,0.024508234
14.9037,B,mrac.yaw.theta_2,0.0008027454
14.9037,B,mrac.yaw.theta_3,0
14.9037,B,mrac.yaw.theta_4,0.11227845
14.9037,B,mrac.yaw.theta_5,0.089481644
14.9037,B,mrac.yaw.u_nom,-0.13354701
14.9037,B,mrac.yaw.xm,-1.0471979
14.9037,B,mrac.z.theta_0,0.1704614
14.9037,B,mrac.z.theta_1,1.3205668e-05
14.9037,B,mrac.z.theta_2,0.0049605616
14.9037,B,mrac.z.theta_3,0
14.9037,B,mrac.z.theta_4,0.19824758
14.9037,B,mrac.z.theta_5,0.18777159
14.9037,B,mrac.z.u_nom,-1.1333919
14.9037,B,mrac.z.xm,0
14.9037,B,path.active_path_mode,0
14.9037,B,path.circle_theta,0
14.9037,B,path.sinusoid_t_elapsed,0
14.9037,B,path.twc_arrived,0
14.9037,B,path.twc_target_x,0
14.9037,B,path.twc_target_y,0
14.9037,B,path.twc_target_z,0
14.9037,B,pid.gyrox.Des,92.729187
14.9037,B,pid.gyrox.FB,3.643801
14.9037,B,pid.gyrox.U,299.1748
14.9037,B,pid.gyroy.Des,25.449409
14.9037,B,pid.gyroy.FB,-8.1159296
14.9037,B,pid.gyroy.U,200.67372
14.9037,B,pid.gyroz.Des,-60
14.9037,B,pid.gyroz.FB,-24.664064
14.9037,B,pid.gyroz.U,-250
14.9037,B,pid.locx.Des,0
14.9037,B,pid.locx.FB,16.076681
14.9037,B,pid.locx.U,-14.958132
14.9037,B,pid.locxs.Des,-14.958132
14.9037,B,pid.locxs.FB,4.5724483
14.9037,B,pid.locxs.U,-58.319866
14.9037,B,pid.locy.Des,0
14.9037,B,pid.locy.FB,82.675201
14.9037,B,pid.locy.U,-68.39669
14.9037,B,pid.locys.Des,-68.39669
14.9037,B,pid.locys.FB,9.2245703
14.9037,B,pid.locys.U,-239.27513
14.9037,B,pid.pitch.Des,-12.098014
14.9037,B,pid.pitch.FB,-20.337809
14.9037,B,pid.pitch.U,25.449409
14.9037,B,pid.roll.Des,3.8005574
14.9037,B,pid.roll.FB,-27.172403
14.9037,B,pid.roll.U,92.729187
14.9037,B,pid.yaw.Des,-49.635666
14.9037,B,pid.yaw.FB,-2.6878471
14.9037,B,pid.yaw.U,-120
14.9037,B,pid.z_pos.Des,0.31698707
14.9037,B,pid.z_pos.FB,0.31698707
14.9037,B,pid.z_pos.U,-0.088317379
14.9037,B,pid.z_rate.Des,0
14.9037,B,pid.z_rate.FB,0.60061383
14.9037,B,pid.z_rate.U,-251.61299
14.9037,B,status.vbat,0
15.1038,A,mrac.pitch.e,-0.80605578
15.1038,A,mrac.pitch.u_ad,0.25234503
15.1038,A,mrac.roll.e,-1.4270426
15.1038,A,mrac.roll.u_ad,0
15.1038,A,mrac.yaw.e,0.89999253
15.1038,A,mrac.yaw.u_ad,-0.11214261
15.1038,A,mrac.z.e,0.52182698
15.1038,A,mrac.z.u_ad,-0.034482151
15.1038,A,status.arm,0
15.1038,A,status.flymode,0
15.1038,A,status.rc_authority,0
15.1038,A,status.sbus_lost,0
15.1038,A,status.twc_arrived,0
15.1038,A,status.twc_execute,0
15.1038,B,mrac.pitch.theta_0,0.14902854
15.1038,B,mrac.pitch.theta_1,0.0087190894
15.1038,B,mrac.pitch.theta_2,0.0032498017
15.1038,B,mrac.pitch.theta_3,0.0034325239
15.1038,B,mrac.pitch.theta_4,0.13882618
15.1038,B,mrac.pitch.theta_5,0.14675207
15.1038,B,mrac.pitch.u_nom,0.14959994
15.1038,B,mrac.pitch.xm,0.53821093
15.1038,B,mrac.roll.theta_0,0.14834748
15.1038,B,mrac.roll.theta_1,0.0058392915
15.1038,B,mrac.roll.theta_2,0.0083345603
15.1038,B,mrac.roll.theta_3,0.0025209673
15.1038,B,mrac.roll.theta_4,0.12023763
15.1038,B,mrac.roll.theta_5,0.13999173
15.1038,B,mrac.roll.u_nom,0.21895736
15.1038,B,mrac.roll.xm,1.4624721
15.1038,B,mrac.yaw.theta_0,1.9075751e-20
15.1038,B,mrac.yaw.theta_1,0.02510879
15.1038,B,mrac.yaw.theta_2,0.00077467517
15.1038,B,mrac.yaw.theta_3,0
15.1038,B,mrac.yaw.theta_4,0.11231431
15.1038,B,mrac.yaw.theta_5,0.089495562
15.1038,B,mrac.yaw.u_nom,-0.13354701
15.1038,B,mrac.yaw.xm,-1.0471979
15.1038,B,mrac.z.theta_0,0.14104517
15.1038,B,mrac.z.theta_1,1.0490457e-05
15.1038,B,mrac.z.theta_2,0.0047422824
15.1038,B,mrac.z.theta_3,0
15.1038,B,mrac.z.theta_4,0.19831902
15.1038,B,mrac.z.theta_5,0.18770212
15.1038,B,mrac.z.u_nom,-0.6435703
15.1038,B,mrac.z.xm,0
15.1038,B,path.active_path_mode,0
15.1038,B,path.circle_theta,0
15.1038,B,path.sinusoid_t_elapsed,0
15.1038,B,path.twc_arrived,0
15.1038,B,path.twc_target_x,0
15.1038,B,path.twc_target_y,0
15.1038,B,path.twc_target_z,0
15.1038,B,pid.gyrox.Des,83.793442
15.1038,B,pid.gyrox.FB,5.6996269
15.1038,B,pid.gyrox.U,256.18011
15.1038,B,pid.gyroy.Des,30.8372
15.1038,B,pid.gyroy.FB,-2.749382
15.1038,B,pid.gyroy.U,175.03192
15.1038,B,pid.gyroz.Des,-60
15.1038,B,pid.gyroz.FB,-3.9196007
15.1038,B,pid.gyroz.U,-250
15.1038,B,pid.locx.Des,0
15.1038,B,pid.locx.FB,16.332287
15.1038,B,pid.locx.U,-15.046054
15.1038,B,pid.locxs.Des,-15.046054
15.1038,B,pid.locxs.FB,0.33623499
15.1038,B,pid.locxs.U,-40.106277
15.1038,B,pid.locy.Des,0
15.1038,B,pid.locy.FB,83.939827
15.1038,B,pid.locy.U,-69.39106
15.1038,B,pid.locys.Des,-69.39106
15.1038,B,pid.locys.FB,8.0552435
15.1038,B,pid.locys.U,-232.13663
15.1038,B,pid.pitch.Des,-11.794236
15.1038,B,pid.pitch.FB,-22.070726
15.1038,B,pid.pitch.U,30.8372
15.1038,B,pid.roll.Des,3.1982641
15.1038,B,pid.roll.FB,-26.107004
15.1038,B,pid.roll.U,83.793442
15.1038,B,pid.yaw.Des,-49.635666
15.1038,B,pid.yaw.FB,-4.7348166
15.1038,B,pid.yaw.U,-120
15.1038,B,pid.z_pos.Des,0.39944217
15.1038,B,pid.z_pos.FB,0.39944217
15.1038,B,pid.z_pos.U,-0.088317379
15.1038,B,pid.z_rate.Des,0
15.1038,B,pid.z_rate.FB,0.32876286
15.1038,B,pid.z_rate.U,-142.8726
15.1038,B,status.vbat,0
15.3045,A,mrac.pitch.e,-0.14228889
15.3045,A,mrac.pitch.u_ad,0.23264965
15.3045,A,mrac.roll.e,-1.9294842
15.3045,A,mrac.roll.u_ad,0
15.3045,A,mrac.yaw.e,1.5290787
15.3045,A,mrac.yaw.u_ad,0
15.3045,A,mrac.z.e,-0.89447796
15.3045,A,mrac.z.u_ad,0.10517961
15.3045,A,status.arm,0
15.3045,A,status.flymode,0
15.3045,A,status.rc_authority,0
15.3045,A,status.sbus_lost,0
15.3045,A,status.twc_arrived,0
15.3045,A,status.twc_execute,0
15.3046,B,mrac.pitch.theta_0,0.14895354
15.3046,B,mrac.pitch.theta_1,0.0083612408
15.3046,B,mrac.pitch.theta_2,0.0032814876
15.3046,B,mrac.pitch.theta_3,0.0034274813
15.3046,B,mrac.pitch.theta_4,0.13916899
15.3046,B,mrac.pitch.theta_5,0.14683281
15.3046,B,mrac.pitch.u_nom,0.049843676
15.3046,B,mrac.pitch.xm,0.58974516
15.3046,B,mrac.roll.theta_0,0.14834748
15.3046,B,mrac.roll.theta_1,0.0058392915
15.3046,B,mrac.roll.theta_2,0.0083345603
15.3046,B,mrac.roll.theta_3,0.0025209673
15.3046,B,mrac.roll.theta_4,0.12023763
15.3046,B,mrac.roll.theta_5,0.13999173
15.3046,B,mrac.roll.u_nom,0.25641027
15.3046,B,mrac.roll.xm,1.5422643
15.3046,B,mrac.yaw.theta_0,4.5493064e-21
15.3046,B,mrac.yaw.theta_1,0.025364507
15.3046,B,mrac.yaw.theta_2,0.00076785893
15.3046,B,mrac.yaw.theta_3,0
15.3046,B,mrac.yaw.theta_4,0.11234002
15.3046,B,mrac.yaw.theta_5,0.089503765
15.3046,B,mrac.yaw.u_nom,-0.13354701
15.3046,B,mrac.yaw.xm,-1.0471979
15.3046,B,mrac.z.theta_0,0.11946729
15.3046,B,mrac.z.theta_1,8.9408313e-06
15.3046,B,mrac.z.theta_2,0.004618919
15.3046,B,mrac.z.theta_3,0
15.3046,B,mrac.z.theta_4,0.19835515
15.3046,B,mrac.z.theta_5,0.18764016
15.3046,B,mrac.z.u_nom,-0.32467699
15.3046,B,mrac.z.xm,0
15.3046,B,path.active_path_mode,0
15.3046,B,path.circle_theta,0
15.3046,B,path.sinusoid_t_elapsed,0
15.3046,B,path.twc_arrived,0
15.3046,B,path.twc_target_x,0
15.3046,B,path.twc_target_y,0
15.3046,B,path.twc_target_z,0
15.3046,B,pid.gyrox.Des,88.365204
15.3046,B,pid.gyrox.FB,-16.413105
15.3046,B,pid.gyrox.U,300
15.3046,B,pid.gyroy.Des,33.789894
15.3046,B,pid.gyroy.FB,16.419531
15.3046,B,pid.gyroy.U,58.317101
15.3046,B,pid.gyroz.Des,-60
15.3046,B,pid.gyroz.FB,11.650884
15.3046,B,pid.gyroz.U,-250
15.3046,B,pid.locx.Des,0
15.3046,B,pid.locx.FB,16.218161
15.3046,B,pid.locx.U,-14.960998
15.3046,B,pid.locxs.Des,-14.960998
15.3046,B,pid.locxs.FB,-0.5619626
15.3046,B,pid.locxs.U,-43.20253
15.3046,B,pid.locy.Des,0
15.3046,B,pid.locy.FB,84.772858
15.3046,B,pid.locy.U,-69.961662
15.3046,B,pid.locys.Des,-69.961662
15.3046,B,pid.locys.FB,5.9736252
15.3046,B,pid.locys.U,-227.75835
15.3046,B,pid.pitch.Des,-11.556025
15.3046,B,pid.pitch.FB,-23.042786
15.3046,B,pid.pitch.U,33.789894
15.3046,B,pid.roll.Des,3.455219
15.3046,B,pid.roll.FB,-25.796185
15.3046,B,pid.roll.U,88.365204
15.3046,B,pid.yaw.Des,-49.635666
15.3046,B,pid.yaw.FB,-5.3742285
15.3046,B,pid.yaw.U,-120
15.3046,B,pid.z_pos.Des,0.45568147
15.3046,B,pid.z_pos.FB,0.45568147
15.3046,B,pid.z_pos.U,-0.088317379
15.3046,B,pid.z_rate.Des,0
15.3046,B,pid.z_rate.FB,0.15177709
15.3046,B,pid.z_rate.U,-72.078293
15.3046,B,status.vbat,0
15.5050,A,mrac.pitch.e,-0.32739958
15.5050,A,mrac.pitch.u_ad,0.22307318
15.5050,A,mrac.roll.e,-1.6846579
15.5050,A,mrac.roll.u_ad,0
15.5050,A,mrac.yaw.e,1.148701
15.5050,A,mrac.yaw.u_ad,0
15.5050,A,mrac.z.e,-0.092199378
15.5050,A,mrac.z.u_ad,0.22062862
15.5050,A,status.arm,0
15.5050,A,status.flymode,0
15.5050,A,status.rc_authority,0
15.5050,A,status.sbus_lost,0
15.5050,A,status.twc_arrived,0
15.5050,A,status.twc_execute,0
15.5051,B,mrac.pitch.theta_0,0.14904971
15.5051,B,mrac.pitch.theta_1,0.008814469
15.5051,B,mrac.pitch.theta_2,0.0033138818
15.5051,B,mrac.pitch.theta_3,0.003408429
15.5051,B,mrac.pitch.theta_4,0.13935275
15.5051,B,mrac.pitch.theta_5,0.14688456
15.5051,B,mrac.pitch.u_nom,0.09385594
15.5051,B,mrac.pitch.xm,0.43117434
15.5051,B,mrac.roll.theta_0,0.14834748
15.5051,B,mrac.roll.theta_1,0.0058392915
15.5051,B,mrac.roll.theta_2,0.0083345603
15.5051,B,mrac.roll.theta_3,0.0025209673
15.5051,B,mrac.roll.theta_4,0.12023763
15.5051,B,mrac.roll.theta_5,0.13999173
15.5051,B,mrac.roll.u_nom,0.25641027
15.5051,B,mrac.roll.xm,1.653342
15.5051,B,mrac.yaw.theta_0,4.5493064e-21
15.5051,B,mrac.yaw.theta_1,0.025364507
15.5051,B,mrac.yaw.theta_2,0.00076785893
15.5051,B,mrac.yaw.theta_3,0
15.5051,B,mrac.yaw.theta_4,0.11234002
15.5051,B,mrac.yaw.theta_5,0.089503765
15.5051,B,mrac.yaw.u_nom,-0.13354701
15.5051,B,mrac.yaw.xm,-1.0471979
15.5051,B,mrac.z.theta_0,0.15477251
15.5051,B,mrac.z.theta_1,7.0933161e-06
15.5051,B,mrac.z.theta_2,0.0051448271
15.5051,B,mrac.z.theta_3,0
15.5051,B,mrac.z.theta_4,0.19838451
15.5051,B,mrac.z.theta_5,0.18755943
15.5051,B,mrac.z.u_nom,0.20613869
15.5051,B,mrac.z.xm,0
15.5051,B,path.active_path_mode,0
15.5051,B,path.circle_theta,0
15.5051,B,path.sinusoid_t_elapsed,0
15.5051,B,path.twc_arrived,0
15.5051,B,path.twc_target_x,0
15.5051,B,path.twc_target_y,0
15.5051,B,path.twc_target_z,0
15.5051,B,pid.gyrox.Des,94.729477
15.5051,B,pid.gyrox.FB,2.6375461
15.5051,B,pid.gyrox.U,300
15.5051,B,pid.gyroy.Des,24.70446
15.5051,B,pid.gyroy.FB,-1.2799765
15.5051,B,pid.gyroy.U,109.81145
15.5051,B,pid.gyroz.Des,-60
15.5051,B,pid.gyroz.FB,7.4557986
15.5051,B,pid.gyroz.U,-250
15.5051,B,pid.locx.Des,0
15.5051,B,pid.locx.FB,15.746617
15.5051,B,pid.locx.U,-14.480045
15.5051,B,pid.locxs.Des,-14.480045
15.5051,B,pid.locxs.FB,-2.3028164
15.5051,B,pid.locxs.U,-36.553165
15.5051,B,pid.locy.Des,0
15.5051,B,pid.locy.FB,85.64666
15.5051,B,pid.locy.U,-70.615379
15.5051,B,pid.locys.Des,-70.615379
15.5051,B,pid.locys.FB,5.890419
15.5051,B,pid.locys.U,-226.66736
15.5051,B,pid.pitch.Des,-11.325571
15.5051,B,pid.pitch.FB,-19.57921
15.5051,B,pid.pitch.U,24.70446
15.5051,B,pid.roll.Des,2.6427867
15.5051,B,pid.roll.FB,-28.974833
15.5051,B,pid.roll.U,94.729477
15.5051,B,pid.yaw.Des,-49.635666
15.5051,B,pid.yaw.FB,-2.9177041
15.5051,B,pid.yaw.U,-120
15.5051,B,pid.z_pos.Des,0.28024474
15.5051,B,pid.z_pos.FB,0.28024474
15.5051,B,pid.z_pos.U,-0.088317379
15.5051,B,pid.z_rate.Des,0
15.5051,B,pid.z_rate.FB,-0.14256757
15.5051,B,pid.z_rate.U,45.762787
15.5051,B,status.vbat,0
15.7099,A,mrac.pitch.e,-0.18994239
15.7099,A,mrac.pitch.u_ad,0.19843097
15.7099,A,mrac.roll.e,-1.7839501
15.7099,A,mrac.roll.u_ad,0
15.7099,A,mrac.yaw.e,1.1912179
15.7099,A,mrac.yaw.u_ad,0
15.7099,A,mrac.z.e,-0.0045429585
15.7099,A,mrac.z.u_ad,0.15513125
15.7099,A,status.arm,0
15.7099,A,status.flymode,0
15.7099,A,status.rc_authority,0
15.7099,A,status.sbus_lost,0
15.7099,A,status.twc_arrived,0
15.7099,A,status.twc_execute,0
15.7099,B,mrac.pitch.theta_0,0.14900477
15.7099,B,mrac.pitch.theta_1,0.0092001408
15.7099,B,mrac.pitch.theta_2,0.0033281341
15.7099,B,mrac.pitch.theta_3,0.0033987337
15.7099,B,mrac.pitch.theta_4,0.13938259
15.7099,B,mrac.pitch.theta_5,0.14689322
15.7099,B,mrac.pitch.u_nom,0.007226543
15.7099,B,mrac.pitch.xm,0.31837487
15.7099,B,mrac.roll.theta_0,0.14834748
15.7099,B,mrac.roll.theta_1,0.0058392915
15.7099,B,mrac.roll.theta_2,0.0083345603
15.7099,B,mrac.roll.theta_3,0.0025209673
15.7099,B,mrac.roll.theta_4,0.12023763
15.7099,B,mrac.roll.theta_5,0.13999173
15.7099,B,mrac.roll.u_nom,0.25641027
15.7099,B,mrac.roll.xm,1.779512
15.7099,B,mrac.yaw.theta_0,4.5493064e-21
15.7099,B,mrac.yaw.theta_1,0.025364507
15.7099,B,mrac.yaw.theta_2,0.00076785893
15.7099,B,mrac.yaw.theta_3,0
15.7099,B,mrac.yaw.theta_4,0.11234002
15.7099,B,mrac.yaw.theta_5,0.089503765
15.7099,B,mrac.yaw.u_nom,-0.13354701
15.7099,B,mrac.yaw.xm,-1.0471979
15.7099,B,mrac.z.theta_0,0.15837941
15.7099,B,mrac.z.theta_1,7.0611068e-06
15.7099,B,mrac.z.theta_2,0.0051462962
15.7099,B,mrac.z.theta_3,0
15.7099,B,mrac.z.theta_4,0.1983684
15.7099,B,mrac.z.theta_5,0.18754253
15.7099,B,mrac.z.u_nom,-0.01487249
15.7099,B,mrac.z.xm,0
15.7099,B,path.active_path_mode,0
15.7099,B,path.circle_theta,0
15.7099,B,path.sinusoid_t_elapsed,0
15.7099,B,path.twc_arrived,0
15.7099,B,path.twc_target_x,0
15.7099,B,path.twc_target_y,0
15.7099,B,path.twc_target_z,0
15.7099,B,pid.gyrox.Des,101.95849
15.7099,B,pid.gyrox.FB,-5.9211421
15.7099,B,pid.gyrox.U,300
15.7099,B,pid.gyroy.Des,18.241529
15.7099,B,pid.gyroy.FB,6.2606101
15.7099,B,pid.gyroy.U,8.4550552
15.7099,B,pid.gyroz.Des,-60
15.7099,B,pid.gyroz.FB,11.705125
15.7099,B,pid.gyroz.U,-250
15.7099,B,pid.locx.Des,0
15.7099,B,pid.locx.FB,15.697654
15.7099,B,pid.locx.U,-14.588456
15.7099,B,pid.locxs.Des,-14.588456
15.7099,B,pid.locxs.FB,0.81897938
15.7099,B,pid.locxs.U,-46.492393
15.7099,B,pid.locy.Des,0
15.7099,B,pid.locy.FB,86.479202
15.7099,B,pid.locy.U,-71.364395
15.7099,B,pid.locys.Des,-71.364395
15.7099,B,pid.locys.FB,6.0273771
15.7099,B,pid.locys.U,-226.41475
15.7099,B,pid.pitch.Des,-11.132444
15.7099,B,pid.pitch.FB,-17.373489
15.7099,B,pid.pitch.U,18.241529
15.7099,B,pid.roll.Des,2.9685254
15.7099,B,pid.roll.FB,-30.907246
15.7099,B,pid.roll.U,101.95849
15.7099,B,pid.yaw.Des,-49.635666
15.7099,B,pid.yaw.FB,-1.724556
15.7099,B,pid.yaw.U,-120
15.7099,B,pid.z_pos.Des,0.27841142
15.7099,B,pid.z_pos.FB,0.27841142
15.7099,B,pid.z_pos.U,-0.088317379
15.7099,B,pid.z_rate.Des,0
15.7099,B,pid.z_rate.FB,-0.018671148
15.7099,B,pid.z_rate.U,-3.301693
15.7099,B,status.vbat,0
15.9060,A,mrac.pitch.e,-0.27755132
15.9060,A,mrac.pitch.u_ad,0.20136304
15.9060,A,mrac.roll.e,-1.8876282
15.9060,A,mrac.roll.u_ad,0
15.9060,A,mrac.yaw.e,1.3193594
15.9060,A,mrac.yaw.u_ad,0
15.9060,A,mrac.z.e,-0.01580465
15.9060,A,mrac.z.u_ad,0.15309455
15.9060,A,status.arm,0
15.9060,A,status.flymode,0
15.9060,A,status.rc_authority,0
15.9060,A,status.sbus_lost,0
15.9060,A,status.twc_arrived,0
15.9060,A,status.twc_execute,0
15.9060,B,mrac.pitch.theta_0,0.14906162
15.9060,B,mrac.pitch.theta_1,0.0092590693
15.9060,B,mrac.pitch.theta_2,0.0033310158
15.9060,B,mrac.pitch.theta_3,0.0033981444
15.9060,B,mrac.pitch.theta_4,0.13945398
15.9060,B,mrac.pitch.theta_5,0.146896
15.9060,B,mrac.pitch.u_nom,0.071382597
15.9060,B,mrac.pitch.xm,0.30681548
15.9060,B,mrac.roll.theta_0,0.14834748
15.9060,B,mrac.roll.theta_1,0.0058392915
15.9060,B,mrac.roll.theta_2,0.0083345603
15.9060,B,mrac.roll.theta_3,0.0025209673
15.9060,B,mrac.roll.theta_4,0.12023763
15.9060,B,mrac.roll.theta_5,0.13999173
15.9060,B,mrac.roll.u_nom,0.25641027
15.9060,B,mrac.roll.xm,1.800738
15.9060,B,mrac.yaw.theta_0,4.5493064e-21
15.9060,B,mrac.yaw.theta_1,0.025364507
15.9060,B,mrac.yaw.theta_2,0.00076785893
15.9060,B,mrac.yaw.theta_3,0
15.9060,B,mrac.yaw.theta_4,0.11234002
15.9060,B,mrac.yaw.theta_5,0.089503765
15.9060,B,mrac.yaw.u_nom,-0.13354701
15.9060,B,mrac.yaw.xm,-1.0471979
15.9060,B,mrac.z.theta_0,0.15837941
15.9060,B,mrac.z.theta_1,7.0611068e-06
15.9060,B,mrac.z.theta_2,0.0051462962
15.9060,B,mrac.z.theta_3,0
15.9060,B,mrac.z.theta_4,0.1983684
15.9060,B,mrac.z.theta_5,0.18754253
15.9060,B,mrac.z.u_nom,-0.031280152
15.9060,B,mrac.z.xm,0
15.9060,B,path.active_path_mode,0
15.9060,B,path.circle_theta,0
15.9060,B,path.sinusoid_t_elapsed,0
15.9060,B,path.twc_arrived,0
15.9060,B,path.twc_target_x,0
15.9060,B,path.twc_target_y,0
15.9060,B,path.twc_target_z,0
15.9060,B,pid.gyrox.Des,103.17464
15.9060,B,pid.gyrox.FB,-4.9599862
15.9060,B,pid.gyrox.U,300
15.9060,B,pid.gyroy.Des,17.579224
15.9060,B,pid.gyroy.FB,-2.2443361
15.9060,B,pid.gyroy.U,83.517639
15.9060,B,pid.gyroz.Des,-60
15.9060,B,pid.gyroz.FB,4.4862037
15.9060,B,pid.gyroz.U,-250
15.9060,B,pid.locx.Des,0
15.9060,B,pid.locx.FB,15.538255
15.9060,B,pid.locx.U,-14.27126
15.9060,B,pid.locxs.Des,-14.27126
15.9060,B,pid.locxs.FB,-3.9995115
15.9060,B,pid.locxs.U,-30.503378
15.9060,B,pid.locy.Des,0
15.9060,B,pid.locy.FB,86.621605
15.9060,B,pid.locy.U,-71.254745
15.9060,B,pid.locys.Des,-71.254745
15.9060,B,pid.locys.FB,-0.062519915
15.9060,B,pid.locys.U,-213.55075
15.9060,B,pid.pitch.Des,-10.487101
15.9060,B,pid.pitch.FB,-16.351076
15.9060,B,pid.pitch.U,17.579224
15.9060,B,pid.roll.Des,1.8963174
15.9060,B,pid.roll.FB,-31.564932
15.9060,B,pid.roll.U,103.17464
15.9060,B,pid.yaw.Des,-49.635666
15.9060,B,pid.yaw.FB,-0.89556897
15.9060,B,pid.yaw.U,-120
15.9060,B,pid.z_pos.Des,0.27797943
15.9060,B,pid.z_pos.FB,0.27797943
15.9060,B,pid.z_pos.U,-0.088317379
15.9060,B,pid.z_rate.Des,0
15.9060,B,pid.z_rate.FB,-0.0093799978
15.9060,B,pid.z_rate.U,-6.9441938
15.9060,B,status.vbat,0
16.1223,A,mrac.pitch.e,0.007995991
16.1223,A,mrac.pitch.u_ad,0.1652569
16.1223,A,mrac.roll.e,-1.693969
16.1223,A,mrac.roll.u_ad,0
16.1223,A,mrac.yaw.e,1.1788536
16.1223,A,mrac.yaw.u_ad,0
16.1223,A,mrac.z.e,0.018372349
16.1223,A,mrac.z.u_ad,0.14398238
16.1223,A,status.arm,0
16.1223,A,status.flymode,0
16.1223,A,status.rc_authority,0
16.1223,A,status.sbus_lost,0
16.1223,A,status.twc_arrived,0
16.1223,A,status.twc_execute,0
16.1224,B,mrac.pitch.theta_0,0.14904235
16.1224,B,mrac.pitch.theta_1,0.0092734387
16.1224,B,mrac.pitch.theta_2,0.003331848
16.1224,B,mrac.pitch.theta_3,0.0034101475
16.1224,B,mrac.pitch.theta_4,0.13950546
16.1224,B,mrac.pitch.theta_5,0.14688219
16.1224,B,mrac.pitch.u_nom,0.02625484
16.1224,B,mrac.pitch.xm,0.14113295
16.1224,B,mrac.roll.theta_0,0.14834748
16.1224,B,mrac.roll.theta_1,0.0058392915
16.1224,B,mrac.roll.theta_2,0.0083345603
16.1224,B,mrac.roll.theta_3,0.0025209673
16.1224,B,mrac.roll.theta_4,0.12023763
16.1224,B,mrac.roll.theta_5,0.13999173
16.1224,B,mrac.roll.u_nom,0.2373779
16.1224,B,mrac.roll.xm,1.7271537
16.1224,B,mrac.yaw.theta_0,4.5493064e-21
16.1224,B,mrac.yaw.theta_1,0.025364507
16.1224,B,mrac.yaw.theta_2,0.00076785893
16.1224,B,mrac.yaw.theta_3,0
16.1224,B,mrac.yaw.theta_4,0.11234002
16.1224,B,mrac.yaw.theta_5,0.089503765
16.1224,B,mrac.yaw.u_nom,-0.13354701
16.1224,B,mrac.yaw.xm,-1.0471979
16.1224,B,mrac.z.theta_0,0.15837941
16.1224,B,mrac.z.theta_1,7.0611068e-06
16.1224,B,mrac.z.theta_2,0.0051462962
16.1224,B,mrac.z.theta_3,0
16.1224,B,mrac.z.theta_4,0.1983684
16.1224,B,mrac.z.theta_5,0.18754253
16.1224,B,mrac.z.u_nom,-0.078688063
16.1224,B,mrac.z.xm,0
16.1224,B,path.active_path_mode,0
16.1224,B,path.circle_theta,0
16.1224,B,path.sinusoid_t_elapsed,0
16.1224,B,path.twc_arrived,0
16.1224,B,path.twc_target_x,0
16.1224,B,path.twc_target_y,0
16.1224,B,path.twc_target_z,0
16.1224,B,pid.gyrox.Des,98.958572
16.1224,B,pid.gyrox.FB,4.3650279
16.1224,B,pid.gyrox.U,277.73215
16.1224,B,pid.gyroy.Des,8.086319
16.1224,B,pid.gyroy.FB,0.82197291
16.1224,B,pid.gyroy.U,30.718163
16.1224,B,pid.gyroz.Des,-60
16.1224,B,pid.gyroz.FB,21.79966
16.1224,B,pid.gyroz.U,-250
16.1224,B,pid.locx.Des,0
16.1224,B,pid.locx.FB,14.351363
16.1224,B,pid.locx.U,-13.361382
16.1224,B,pid.locxs.Des,-13.361382
16.1224,B,pid.locxs.FB,-2.9925535
16.1224,B,pid.locxs.U,-30.967009
16.1224,B,pid.locy.Des,0
16.1224,B,pid.locy.FB,86.148994
16.1224,B,pid.locy.U,-70.927528
16.1224,B,pid.locys.Des,-70.927528
16.1224,B,pid.locys.FB,0.211243
16.1224,B,pid.locys.U,-213.48677
16.1224,B,pid.pitch.Des,-10.412886
16.1224,B,pid.pitch.FB,-13.234266
16.1224,B,pid.pitch.U,8.086319
16.1224,B,pid.roll.Des,0.90180856
16.1224,B,pid.roll.FB,-33.105427
16.1224,B,pid.roll.U,98.958572
16.1224,B,pid.yaw.Des,-49.635666
16.1224,B,pid.yaw.FB,4.0377884
16.1224,B,pid.yaw.U,-120
16.1224,B,pid.z_pos.Des,0.27724302
16.1224,B,pid.z_pos.FB,0.27724302
16.1224,B,pid.z_pos.U,-0.088317379
16.1224,B,pid.z_rate.Des,0
16.1224,B,pid.z_rate.FB,0.017353212
16.1224,B,pid.z_rate.U,-17.46875
16.1224,B,status.vbat,0
16.3397,A,mrac.pitch.e,-0.15441146
16.3397,A,mrac.pitch.u_ad,0.14257456
16.3397,A,mrac.roll.e,-1.9381262
16.3397,A,mrac.roll.u_ad,0
16.3397,A,mrac.yaw.e,0.43156385
16.3397,A,mrac.yaw.u_ad,-0.11339707
16.3397,A,mrac.z.e,-0.013633214
16.3397,A,mrac.z.u_ad,0.14953758
16.3397,A,status.arm,0
16.3397,A,status.flymode,0
16.3397,A,status.rc_authority,0
16.3397,A,status.sbus_lost,0
16.3397,A,status.twc_arrived,0
16.3397,A,status.twc_execute,0
16.3398,B,mrac.pitch.theta_0,0.13181153
16.3398,B,mrac.pitch.theta_1,0.0087203607
16.3398,B,mrac.pitch.theta_2,0.0033026126
16.3398,B,mrac.pitch.theta_3,0.003410182
16.3398,B,mrac.pitch.theta_4,0.13954154
16.3398,B,mrac.pitch.theta_5,0.14678071
16.3398,B,mrac.pitch.u_nom,-0.022267213
16.3398,B,mrac.pitch.xm,-0.013903172
16.3398,B,mrac.roll.theta_0,0.14834748
16.3398,B,mrac.roll.theta_1,0.0058392915
16.3398,B,mrac.roll.theta_2,0.0083345603
16.3398,B,mrac.roll.theta_3,0.0025209673
16.3398,B,mrac.roll.theta_4,0.12023763
16.3398,B,mrac.roll.theta_5,0.13999173
16.3398,B,mrac.roll.u_nom,0.25641027
16.3398,B,mrac.roll.xm,1.9117734
16.3398,B,mrac.yaw.theta_0,1.0591905e-21
16.3398,B,mrac.yaw.theta_1,0.025710795
16.3398,B,mrac.yaw.theta_2,0.00075134577
16.3398,B,mrac.yaw.theta_3,0
16.3398,B,mrac.yaw.theta_4,0.1123662
16.3398,B,mrac.yaw.theta_5,0.089511506
16.3398,B,mrac.yaw.u_nom,-0.12365023
16.3398,B,mrac.yaw.xm,-1.0471979
16.3398,B,mrac.z.theta_0,0.15837941
16.3398,B,mrac.z.theta_1,7.0611068e-06
16.3398,B,mrac.z.theta_2,0.0051462962
16.3398,B,mrac.z.theta_3,0
16.3398,B,mrac.z.theta_4,0.1983684
16.3398,B,mrac.z.theta_5,0.18754253
16.3398,B,mrac.z.u_nom,-0.032789391
16.3398,B,mrac.z.xm,0
16.3398,B,path.active_path_mode,0
16.3398,B,path.circle_theta,0
16.3398,B,path.sinusoid_t_elapsed,0
16.3398,B,path.twc_arrived,0
16.3398,B,path.twc_target_x,0
16.3398,B,path.twc_target_y,0
16.3398,B,path.twc_target_z,0
16.3398,B,pid.gyrox.Des,109.53651
16.3398,B,pid.gyrox.FB,-8.7435312
16.3398,B,pid.gyrox.U,300
16.3398,B,pid.gyroy.Des,-0.79659271
16.3398,B,pid.gyroy.FB,-2.4635093
16.3398,B,pid.gyroy.U,-26.052639
16.3398,B,pid.gyroz.Des,-60
16.3398,B,pid.gyroz.FB,-31.307961
16.3398,B,pid.gyroz.U,-231.47324
16.3398,B,pid.locx.Des,0
16.3398,B,pid.locx.FB,14.141575
16.3398,B,pid.locx.U,-13.278272
16.3398,B,pid.locxs.Des,-13.278272
16.3398,B,pid.locxs.FB,-0.79709053
16.3398,B,pid.locxs.U,-43.773964
16.3398,B,pid.locy.Des,0
16.3398,B,pid.locy.FB,86.734024
16.3398,B,pid.locy.U,-71.508774
16.3398,B,pid.locys.Des,-71.508774
16.3398,B,pid.locys.FB,5.0363326
16.3398,B,pid.locys.U,-235.4762
16.3398,B,pid.pitch.Des,-11.456216
16.3398,B,pid.pitch.FB,-12.074487
16.3398,B,pid.pitch.U,-0.79659271
16.3398,B,pid.roll.Des,1.9543644
16.3398,B,pid.roll.FB,-33.031651
16.3398,B,pid.roll.U,109.53651
16.3398,B,pid.yaw.Des,-49.635666
16.3398,B,pid.yaw.FB,2.3164396
16.3398,B,pid.yaw.U,-120
16.3398,B,pid.z_pos.Des,0.27873954
16.3398,B,pid.z_pos.FB,0.27873954
16.3398,B,pid.z_pos.U,-0.088317379
16.3398,B,pid.z_rate.Des,0
16.3398,B,pid.z_rate.FB,-0.0087010581
16.3398,B,pid.z_rate.U,-7.2792444
16.3398,B,status.vbat,0
16.5546,A,mrac.pitch.e,-0.35641661
16.5546,A,mrac.pitch.u_ad,0.21222946
16.5546,A,mrac.roll.e,-1.6449349
16.5546,A,mrac.roll.u_ad,0
16.5546,A,mrac.yaw.e,0.48170125
16.5546,A,mrac.yaw.u_ad,-0.12133139
16.5546,A,mrac.z.e,0.018547174
16.5546,A,mrac.z.u_ad,0.14477907
16.5546,A,status.arm,0
16.5546,A,status.flymode,0
16.5546,A,status.rc_authority,0
16.5546,A,status.sbus_lost,0
16.5546,A,status.twc_arrived,0
16.5546,A,status.twc_execute,0
16.5546,B,mrac.pitch.theta_0,0.1441651
16.5546,B,mrac.pitch.theta_1,0.0077402815
16.5546,B,mrac.pitch.theta_2,0.003376608
16.5546,B,mrac.pitch.theta_3,0.0033711917
16.5546,B,mrac.pitch.theta_4,0.13973303
16.5546,B,mrac.pitch.theta_5,0.14676131
16.5546,B,mrac.pitch.u_nom,0.13056654
16.5546,B,mrac.pitch.xm,0.31315365
16.5546,B,mrac.roll.theta_0,0.14834748
16.5546,B,mrac.roll.theta_1,0.0058392915
16.5546,B,mrac.roll.theta_2,0.0083345603
16.5546,B,mrac.roll.theta_3,0.0025209673
16.5546,B,mrac.roll.theta_4,0.12023763
16.5546,B,mrac.roll.theta_5,0.13999173
16.5546,B,mrac.roll.u_nom,0.19436578
16.5546,B,mrac.roll.xm,1.8286209
16.5546,B,mrac.yaw.theta_0,7.0171194e-22
16.5546,B,mrac.yaw.theta_1,0.026093896
16.5546,B,mrac.yaw.theta_2,0.00070513337
16.5546,B,mrac.yaw.theta_3,0
16.5546,B,mrac.yaw.theta_4,0.1123454
16.5546,B,mrac.yaw.theta_5,0.089503683
16.5546,B,mrac.yaw.u_nom,-0.058289856
16.5546,B,mrac.yaw.xm,-1.0471979
16.5546,B,mrac.z.theta_0,0.15837941
16.5546,B,mrac.z.theta_1,7.0611068e-06
16.5546,B,mrac.z.theta_2,0.0051462962
16.5546,B,mrac.z.theta_3,0
16.5546,B,mrac.z.theta_4,0.1983684
16.5546,B,mrac.z.theta_5,0.18754253
16.5546,B,mrac.z.u_nom,-0.062499672
16.5546,B,mrac.z.xm,0
16.5546,B,path.active_path_mode,0
16.5546,B,path.circle_theta,0
16.5546,B,path.sinusoid_t_elapsed,0
16.5546,B,path.twc_arrived,0
16.5546,B,path.twc_target_x,0
16.5546,B,path.twc_target_y,0
16.5546,B,path.twc_target_z,0
16.5546,B,pid.gyrox.Des,104.77222
16.5546,B,pid.gyrox.FB,11.344842
16.5546,B,pid.gyrox.U,227.40797
16.5546,B,pid.gyroy.Des,17.942375
16.5546,B,pid.gyroy.FB,-9.430542
16.5546,B,pid.gyroy.U,152.76285
16.5546,B,pid.gyroz.Des,-60
16.5546,B,pid.gyroz.FB,-46.615231
16.5546,B,pid.gyroz.U,-109.11861
16.5546,B,pid.locx.Des,0
16.5546,B,pid.locx.FB,14.270495
16.5546,B,pid.locx.U,-13.54127
16.5546,B,pid.locxs.Des,-13.54127
16.5546,B,pid.locxs.FB,4.2236309
16.5546,B,pid.locxs.U,-64.970757
16.5546,B,pid.locy.Des,0
16.5546,B,pid.locy.FB,87.847649
16.5546,B,pid.locy.U,-72.609947
16.5546,B,pid.locys.Des,-72.609947
16.5546,B,pid.locys.FB,12.294753
16.5546,B,pid.locys.U,-261.94348
16.5546,B,pid.pitch.Des,-12.721767
16.5546,B,pid.pitch.FB,-18.259563
16.5546,B,pid.pitch.U,17.942375
16.5546,B,pid.roll.Des,4.5160089
16.5546,B,pid.roll.FB,-30.618134
16.5546,B,pid.roll.U,104.77222
16.5546,B,pid.yaw.Des,-49.635666
16.5546,B,pid.yaw.FB,-3.6606727
16.5546,B,pid.yaw.U,-120
16.5546,B,pid.z_pos.Des,0.2778644
16.5546,B,pid.z_pos.FB,0.2778644
16.5546,B,pid.z_pos.U,-0.088317379
16.5546,B,pid.z_rate.Des,0
16.5546,B,pid.z_rate.FB,0.008143357
16.5546,B,pid.z_rate.U,-13.874928
16.5546,B,status.vbat,0
16.7714,A,mrac.pitch.e,-0.26193738
16.7714,A,mrac.pitch.u_ad,0.22468898
16.7714,A,mrac.roll.e,-1.8375633
16.7714,A,mrac.roll.u_ad,0
16.7714,A,mrac.yaw.e,1.0692667
16.7714,A,mrac.yaw.u_ad,0
16.7714,A,mrac.z.e,0.0045577232
16.7714,A,mrac.z.u_ad,0.14771491
16.7714,A,status.arm,0
16.7714,A,status.flymode,0
16.7714,A,status.rc_authority,0
16.7714,A,status.sbus_lost,0
16.7714,A,status.twc_arrived,0
16.7714,A,status.twc_execute,0
16.7716,B,mrac.pitch.theta_0,0.14830449
16.7716,B,mrac.pitch.theta_1,0.008019126
16.7716,B,mrac.pitch.theta_2,0.0033912163
16.7716,B,mrac.pitch.theta_3,0.0033619548
16.7716,B,mrac.pitch.theta_4,0.13993941
16.7716,B,mrac.pitch.theta_5,0.14681831
16.7716,B,mrac.pitch.u_nom,0.05091501
16.7716,B,mrac.pitch.xm,0.45250127
16.7716,B,mrac.roll.theta_0,0.14834748
16.7716,B,mrac.roll.theta_1,0.0058392915
16.7716,B,mrac.roll.theta_2,0.0083345603
16.7716,B,mrac.roll.theta_3,0.0025209673
16.7716,B,mrac.roll.theta_4,0.12023763
16.7716,B,mrac.roll.theta_5,0.13999173
16.7716,B,mrac.roll.u_nom,0.25641027
16.7716,B,mrac.roll.xm,1.7988433
16.7716,B,mrac.yaw.theta_0,9.3633334e-23
16.7716,B,mrac.yaw.theta_1,0.02677395
16.7716,B,mrac.yaw.theta_2,0.00065043312
16.7716,B,mrac.yaw.theta_3,0
16.7716,B,mrac.yaw.theta_4,0.11237387
16.7716,B,mrac.yaw.theta_5,0.08951389
16.7716,B,mrac.yaw.u_nom,-0.13354701
16.7716,B,mrac.yaw.xm,-1.0471979
16.7716,B,mrac.z.theta_0,0.15837941
16.7716,B,mrac.z.theta_1,7.0611068e-06
16.7716,B,mrac.z.theta_2,0.0051462962
16.7716,B,mrac.z.theta_3,0
16.7716,B,mrac.z.theta_4,0.1983684
16.7716,B,mrac.z.theta_5,0.18754253
16.7716,B,mrac.z.u_nom,-0.052630961
16.7716,B,mrac.z.xm,0
16.7716,B,path.active_path_mode,0
16.7716,B,path.circle_theta,0
16.7716,B,path.sinusoid_t_elapsed,0
16.7716,B,path.twc_arrived,0
16.7716,B,path.twc_target_x,0
16.7716,B,path.twc_target_y,0
16.7716,B,path.twc_target_z,0
16.7716,B,pid.gyrox.Des,103.06609
16.7716,B,pid.gyrox.FB,-6.2249107
16.7716,B,pid.gyrox.U,300
16.7716,B,pid.gyroy.Des,25.926401
16.7716,B,pid.gyroy.FB,13.548276
16.7716,B,pid.gyroy.U,59.57056
16.7716,B,pid.gyroz.Des,-60
16.7716,B,pid.gyroz.FB,0.128947
16.7716,B,pid.gyroz.U,-250
16.7716,B,pid.locx.Des,0
16.7716,B,pid.locx.FB,15.819468
16.7716,B,pid.locx.U,-14.887145
16.7716,B,pid.locxs.Des,-14.887145
16.7716,B,pid.locxs.FB,6.9333148
16.7716,B,pid.locxs.U,-65.72818
16.7716,B,pid.locy.Des,0
16.7716,B,pid.locy.FB,89.722122
16.7716,B,pid.locy.U,-73.924477
16.7716,B,pid.locys.Des,-73.924477
16.7716,B,pid.locys.FB,7.2061882
16.7716,B,pid.locys.U,-243.52904
16.7716,B,pid.pitch.Des,-11.62793
16.7716,B,pid.pitch.FB,-20.404394
16.7716,B,pid.pitch.U,25.926401
16.7716,B,pid.roll.Des,5.6742721
16.7716,B,pid.roll.FB,-28.590076
16.7716,B,pid.roll.U,103.06609
16.7716,B,pid.yaw.Des,-49.635666
16.7716,B,pid.yaw.FB,-9.2357035
16.7716,B,pid.yaw.U,-120
16.7716,B,pid.z_pos.Des,0.27981052
16.7716,B,pid.z_pos.FB,0.27981052
16.7716,B,pid.z_pos.U,-0.088317379
16.7716,B,pid.z_rate.Des,0
16.7716,B,pid.z_rate.FB,0.0021846197
16.7716,B,pid.z_rate.U,-11.684073
16.7716,B,status.vbat,0
16.9724,A,mrac.pitch.e,-0.63024712
16.9724,A,mrac.pitch.u_ad,0.24572566
16.9724,A,mrac.roll.e,-1.2718074
16.9724,A,mrac.roll.u_ad,0
16.9724,A,mrac.yaw.e,1.0729336
16.9724,A,mrac.yaw.u_ad,0
16.9724,A,mrac.z.e,0.14382139
16.9724,A,mrac.z.u_ad,0.12286158
16.9724,A,status.arm,0
16.9724,A,status.flymode,0
16.9724,A,status.rc_authority,0
16.9724,A,status.sbus_lost,0
16.9724,A,status.twc_arrived,0
16.9724,A,status.twc_execute,0
16.9724,B,mrac.pitch.theta_0,0.14882445
16.9724,B,mrac.pitch.theta_1,0.0077240607
16.9724,B,mrac.pitch.theta_2,0.0034286974
16.9724,B,mrac.pitch.theta_3,0.0033547874
16.9724,B,mrac.pitch.theta_4,0.14021653
16.9724,B,mrac.pitch.theta_5,0.14686428
16.9724,B,mrac.pitch.u_nom,0.18477347
16.9724,B,mrac.pitch.xm,0.4974843
16.9724,B,mrac.roll.theta_0,0.1483147
16.9724,B,mrac.roll.theta_1,0.0058806208
16.9724,B,mrac.roll.theta_2,0.0083383657
16.9724,B,mrac.roll.theta_3,0.0025211377
16.9724,B,mrac.roll.theta_4,0.12024525
16.9724,B,mrac.roll.theta_5,0.14001431
16.9724,B,mrac.roll.u_nom,0.25641027
16.9724,B,mrac.roll.xm,1.6292933
16.9724,B,mrac.yaw.theta_0,3.560016e-23
16.9724,B,mrac.yaw.theta_1,0.026827281
16.9724,B,mrac.yaw.theta_2,0.0006491433
16.9724,B,mrac.yaw.theta_3,0
16.9724,B,mrac.yaw.theta_4,0.11238923
16.9724,B,mrac.yaw.theta_5,0.089516751
16.9724,B,mrac.yaw.u_nom,-0.13354701
16.9724,B,mrac.yaw.xm,-1.0471979
16.9724,B,mrac.z.theta_0,0.15837941
16.9724,B,mrac.z.theta_1,7.0611068e-06
16.9724,B,mrac.z.theta_2,0.0051462962
16.9724,B,mrac.z.theta_3,0
16.9724,B,mrac.z.theta_4,0.1983684
16.9724,B,mrac.z.theta_5,0.18754253
16.9724,B,mrac.z.u_nom,-0.09209919
16.9724,B,mrac.z.xm,0
16.9724,B,path.active_path_mode,0
16.9724,B,path.circle_theta,0
16.9724,B,path.sinusoid_t_elapsed,0
16.9724,B,path.twc_arrived,0
16.9724,B,path.twc_target_x,0
16.9724,B,path.twc_target_y,0
16.9724,B,path.twc_target_z,0
16.9724,B,pid.gyrox.Des,93.351593
16.9724,B,pid.gyrox.FB,23.971832
16.9724,B,pid.gyrox.U,300
16.9724,B,pid.gyroy.Des,28.503738
16.9724,B,pid.gyroy.FB,-13.967968
16.9724,B,pid.gyroy.U,216.18497
16.9724,B,pid.gyroz.Des,-60
16.9724,B,pid.gyroz.FB,-1.3786252
16.9724,B,pid.gyroz.U,-250
16.9724,B,pid.locx.Des,0
16.9724,B,pid.locx.FB,16.314363
16.9724,B,pid.locx.U,-15.02982
16.9724,B,pid.locxs.Des,-15.02982
16.9724,B,pid.locxs.FB,-0.48830646
16.9724,B,pid.locxs.U,-37.564133
16.9724,B,pid.locy.Des,0
16.9724,B,pid.locy.FB,90.098495
16.9724,B,pid.locy.U,-74.111725
16.9724,B,pid.locys.Des,-74.111725
16.9724,B,pid.locys.FB,2.9599926
16.9724,B,pid.locys.U,-230.25732
16.9724,B,pid.pitch.Des,-11.323771
16.9724,B,pid.pitch.FB,-20.694494
16.9724,B,pid.pitch.U,28.503738
16.9724,B,pid.roll.Des,4.0672979
16.9724,B,pid.roll.FB,-27.339293
16.9724,B,pid.roll.U,93.351593
16.9724,B,pid.yaw.Des,-49.635666
16.9724,B,pid.yaw.FB,-9.3676529
16.9724,B,pid.yaw.U,-120
16.9724,B,pid.z_pos.Des,0.28253582
16.9724,B,pid.z_pos.FB,0.28253582
16.9724,B,pid.z_pos.U,-0.088317379
16.9724,B,pid.z_rate.Des,0
16.9724,B,pid.z_rate.FB,0.023707388
16.9724,B,pid.z_rate.U,-20.44602
16.9724,B,status.vbat,0
17.1886,A,mrac.pitch.e,-0.38177201
17.1886,A,mrac.pitch.u_ad,0.22359166
17.1886,A,mrac.roll.e,-1.6455737
17.1886,A,mrac.roll.u_ad,0
17.1886,A,mrac.yaw.e,1.1334939
17.1886,A,mrac.yaw.u_ad,0
17.1886,A,mrac.z.e,-0.016378541
17.1886,A,mrac.z.u_ad,0.14611666
17.1886,A,status.arm,0
17.1886,A,status.flymode,0
17.1886,A,status.rc_authority,0
17.1886,A,status.sbus_lost,0
17.1886,A,status.twc_arrived,0
17.1886,A,status.twc_execute,0
17.1887,B,mrac.pitch.theta_0,0.14902104
17.1887,B,mrac.pitch.theta_1,0.0078742187
17.1887,B,mrac.pitch.theta_2,0.0034683682
17.1887,B,mrac.pitch.theta_3,0.0033511736
17.1887,B,mrac.pitch.theta_4,0.14050971
17.1887,B,mrac.pitch.theta_5,0.14693874
17.1887,B,mrac.pitch.u_nom,0.024678906
17.1887,B,mrac.pitch.xm,0.43080485
17.1887,B,mrac.roll.theta_0,0.1483147
17.1887,B,mrac.roll.theta_1,0.0058806208
17.1887,B,mrac.roll.theta_2,0.0083383657
17.1887,B,mrac.roll.theta_3,0.0025211377
17.1887,B,mrac.roll.theta_4,0.12024525
17.1887,B,mrac.roll.theta_5,0.14001431
17.1887,B,mrac.roll.u_nom,0.25641027
17.1887,B,mrac.roll.xm,1.6643472
17.1887,B,mrac.yaw.theta_0,3.560016e-23
17.1887,B,mrac.yaw.theta_1,0.026827281
17.1887,B,mrac.yaw.theta_2,0.0006491433
17.1887,B,mrac.yaw.theta_3,0
17.1887,B,mrac.yaw.theta_4,0.11238923
17.1887,B,mrac.yaw.theta_5,0.089516751
17.1887,B,mrac.yaw.u_nom,-0.13354701
17.1887,B,mrac.yaw.xm,-1.0471979
17.1887,B,mrac.z.theta_0,0.14911206
17.1887,B,mrac.z.theta_1,6.8664222e-06
17.1887,B,mrac.z.theta_2,0.0051366468
17.1887,B,mrac.z.theta_3,0
17.1887,B,mrac.z.theta_4,0.19833942
17.1887,B,mrac.z.theta_5,0.18749747
17.1887,B,mrac.z.u_nom,0.0019033492
17.1887,B,mrac.z.xm,0
17.1887,B,path.active_path_mode,0
17.1887,B,path.circle_theta,0
17.1887,B,path.sinusoid_t_elapsed,0
17.1887,B,path.twc_arrived,0
17.1887,B,path.twc_target_x,0
17.1887,B,path.twc_target_y,0
17.1887,B,path.twc_target_z,0
17.1887,B,pid.gyrox.Des,95.360031
17.1887,B,pid.gyrox.FB,-15.066916
17.1887,B,pid.gyrox.U,300
17.1887,B,pid.gyroy.Des,24.683289
17.1887,B,pid.gyroy.FB,12.31935
17.1887,B,pid.gyroy.U,28.874321
17.1887,B,pid.gyroz.Des,-60
17.1887,B,pid.gyroz.FB,13.246175
17.1887,B,pid.gyroz.U,-250
17.1887,B,pid.locx.Des,0
17.1887,B,pid.locx.FB,15.771226
17.1887,B,pid.locx.U,-14.585963
17.1887,B,pid.locxs.Des,-14.585963
17.1887,B,pid.locxs.FB,-0.99167073
17.1887,B,pid.locxs.U,-40.740475
17.1887,B,pid.locy.Des,0
17.1887,B,pid.locy.FB,89.97123
17.1887,B,pid.locy.U,-73.936607
17.1887,B,pid.locys.Des,-73.936607
17.1887,B,pid.locys.FB,-0.12879887
17.1887,B,pid.locys.U,-221.37534
17.1887,B,pid.pitch.Des,-10.943444
17.1887,B,pid.pitch.FB,-19.364965
17.1887,B,pid.pitch.U,24.683289
17.1887,B,pid.roll.Des,3.7929976
17.1887,B,pid.roll.FB,-27.762276
17.1887,B,pid.roll.U,95.360031
17.1887,B,pid.yaw.Des,-49.635666
17.1887,B,pid.yaw.FB,-7.4001942
17.1887,B,pid.yaw.U,-120
17.1887,B,pid.z_pos.Des,0.29218912
17.1887,B,pid.z_pos.FB,0.29218912
17.1887,B,pid.z_pos.U,-0.088317379
17.1887,B,pid.z_rate.Des,0
17.1887,B,pid.z_rate.FB,-0.028003665
17.1887,B,pid.z_rate.U,0.42254353
17.1887,B,status.vbat,0
17.4054,A,mrac.pitch.e,-0.46587867
17.4054,A,mrac.pitch.u_ad,0.24059373
17.4054,A,mrac.roll.e,-1.7057813
17.4054,A,mrac.roll.u_ad,0
17.4054,A,mrac.yaw.e,1.0574975
17.4054,A,mrac.yaw.u_ad,0
17.4054,A,mrac.z.e,-0.00611166
17.4054,A,mrac.z.u_ad,0.14268038
17.4054,A,status.arm,0
17.4054,A,status.flymode,0
17.4054,A,status.rc_authority,0
17.4054,A,status.sbus_lost,0
17.4054,A,status.twc_arrived,0
17.4054,A,status.twc_execute,0
17.4054,B,mrac.pitch.theta_0,0.14904167
17.4054,B,mrac.pitch.theta_1,0.0076220785
17.4054,B,mrac.pitch.theta_2,0.0034840677
17.4054,B,mrac.pitch.theta_3,0.0033525662
17.4054,B,mrac.pitch.theta_4,0.14075965
17.4054,B,mrac.pitch.theta_5,0.14698035
17.4054,B,mrac.pitch.u_nom,0.059950251
17.4054,B,mrac.pitch.xm,0.46004874
17.4054,B,mrac.roll.theta_0,0.1483147
17.4054,B,mrac.roll.theta_1,0.0058806208
17.4054,B,mrac.roll.theta_2,0.0083383657
17.4054,B,mrac.roll.theta_3,0.0025211377
17.4054,B,mrac.roll.theta_4,0.12024525
17.4054,B,mrac.roll.theta_5,0.14001431
17.4054,B,mrac.roll.u_nom,0.25641027
17.4054,B,mrac.roll.xm,1.6889765
17.4054,B,mrac.yaw.theta_0,1.0114792e-23
17.4054,B,mrac.yaw.theta_1,0.027045762
17.4054,B,mrac.yaw.theta_2,0.00063739717
17.4054,B,mrac.yaw.theta_3,0
17.4054,B,mrac.yaw.theta_4,0.11241234
17.4054,B,mrac.yaw.theta_5,0.089522615
17.4054,B,mrac.yaw.u_nom,-0.13354701
17.4054,B,mrac.yaw.xm,-1.0471979
17.4054,B,mrac.z.theta_0,0.14911206
17.4054,B,mrac.z.theta_1,6.8664222e-06
17.4054,B,mrac.z.theta_2,0.0051366468
17.4054,B,mrac.z.theta_3,0
17.4054,B,mrac.z.theta_4,0.19833942
17.4054,B,mrac.z.theta_5,0.18749747
17.4054,B,mrac.z.u_nom,-0.023264207
17.4054,B,mrac.z.xm,0
17.4054,B,path.active_path_mode,0
17.4054,B,path.circle_theta,0
17.4054,B,path.sinusoid_t_elapsed,0
17.4054,B,path.twc_arrived,0
17.4054,B,path.twc_target_x,0
17.4054,B,path.twc_target_y,0
17.4054,B,path.twc_target_z,0
17.4054,B,pid.gyrox.Des,96.771187
17.4054,B,pid.gyrox.FB,-5.4870481
17.4054,B,pid.gyrox.U,300
17.4054,B,pid.gyroy.Des,26.358839
17.4054,B,pid.gyroy.FB,2.843493
17.4054,B,pid.gyroy.U,70.141792
17.4054,B,pid.gyroz.Des,-60
17.4054,B,pid.gyroz.FB,-12.669326
17.4054,B,pid.gyroz.U,-250
17.4054,B,pid.locx.Des,0
17.4054,B,pid.locx.FB,15.73696
17.4054,B,pid.locx.U,-14.527415
17.4054,B,pid.locxs.Des,-14.527415
17.4054,B,pid.locxs.FB,-1.6944864
17.4054,B,pid.locxs.U,-38.455933
17.4054,B,pid.locy.Des,0
17.4054,B,pid.locy.FB,89.739227
17.4054,B,pid.locy.U,-73.661224
17.4054,B,pid.locys.Des,-73.661224
17.4054,B,pid.locys.FB,-2.2646668
17.4054,B,pid.locys.U,-214.01019
17.4054,B,pid.pitch.Des,-10.569302
17.4054,B,pid.pitch.FB,-20.119482
17.4054,B,pid.pitch.U,26.358839
17.4054,B,pid.roll.Des,3.7563374
17.4054,B,pid.roll.FB,-27.527672
17.4054,B,pid.roll.U,96.771187
17.4054,B,pid.yaw.Des,-49.635666
17.4054,B,pid.yaw.FB,-8.1951542
17.4054,B,pid.yaw.U,-120
17.4054,B,pid.z_pos.Des,0.29143581
17.4054,B,pid.z_pos.FB,0.29143581
17.4054,B,pid.z_pos.U,-0.088317379
17.4054,B,pid.z_rate.Des,0
17.4054,B,pid.z_rate.FB,-0.013732137
17.4054,B,pid.z_rate.U,-5.1646538
17.4054,B,status.vbat,0
17.6212,A,mrac.pitch.e,-0.51348412
17.6212,A,mrac.pitch.u_ad,0.22068247
17.6212,A,mrac.roll.e,-1.642377
17.6212,A,mrac.roll.u_ad,0
17.6212,A,mrac.yaw.e,0.99758774
17.6212,A,mrac.yaw.u_ad,-0.01101049
17.6212,A,mrac.z.e,0.01263731
17.6212,A,mrac.z.u_ad,0.12562414
17.6212,A,status.arm,0
17.6212,A,status.flymode,0
17.6212,A,status.rc_authority,0
17.6212,A,status.sbus_lost,0
17.6212,A,status.twc_arrived,0
17.6212,A,status.twc_execute,0
17.6213,B,mrac.pitch.theta_0,0.14906429
17.6213,B,mrac.pitch.theta_1,0.0083071738
17.6213,B,mrac.pitch.theta_2,0.003507562
17.6213,B,mrac.pitch.theta_3,0.0033409623
17.6213,B,mrac.pitch.theta_4,0.14093959
17.6213,B,mrac.pitch.theta_5,0.14703692
17.6213,B,mrac.pitch.u_nom,0.050150707
17.6213,B,mrac.pitch.xm,0.31398532
17.6213,B,mrac.roll.theta_0,0.1483147
17.6213,B,mrac.roll.theta_1,0.0058806208
17.6213,B,mrac.roll.theta_2,0.0083383657
17.6213,B,mrac.roll.theta_3,0.0025211377
17.6213,B,mrac.roll.theta_4,0.12024525
17.6213,B,mrac.roll.theta_5,0.14001431
17.6213,B,mrac.roll.u_nom,0.25641027
17.6213,B,mrac.roll.xm,1.828198
17.6213,B,mrac.yaw.theta_0,6.4584334e-24
17.6213,B,mrac.yaw.theta_1,0.027079379
17.6213,B,mrac.yaw.theta_2,0.00063629803
17.6213,B,mrac.yaw.theta_3,0
17.6213,B,mrac.yaw.theta_4,0.11241964
17.6213,B,mrac.yaw.theta_5,0.089523822
17.6213,B,mrac.yaw.u_nom,-0.13354701
17.6213,B,mrac.yaw.xm,-1.0471979
17.6213,B,mrac.z.theta_0,0.14537181
17.6213,B,mrac.z.theta_1,6.8214513e-06
17.6213,B,mrac.z.theta_2,0.0051348978
17.6213,B,mrac.z.theta_3,0
17.6213,B,mrac.z.theta_4,0.19832233
17.6213,B,mrac.z.theta_5,0.18747681
17.6213,B,mrac.z.u_nom,-0.11458143
17.6213,B,mrac.z.xm,0
17.6213,B,path.active_path_mode,0
17.6213,B,path.circle_theta,0
17.6213,B,path.sinusoid_t_elapsed,0
17.6213,B,path.twc_arrived,0
17.6213,B,path.twc_target_x,0
17.6213,B,path.twc_target_y,0
17.6213,B,path.twc_target_z,0
17.6213,B,pid.gyrox.Des,104.74799
17.6213,B,pid.gyrox.FB,-1.259526
17.6213,B,pid.gyrox.U,300
17.6213,B,pid.gyroy.Des,17.990026
17.6213,B,pid.gyroy.FB,-1.5306239
17.6213,B,pid.gyroy.U,58.676327
17.6213,B,pid.gyroz.Des,-60
17.6213,B,pid.gyroz.FB,6.8818407
17.6213,B,pid.gyroz.U,-250
17.6213,B,pid.locx.Des,0
17.6213,B,pid.locx.FB,15.172334
17.6213,B,pid.locx.U,-14.071014
17.6213,B,pid.locxs.Des,-14.071014
17.6213,B,pid.locxs.FB,-0.61782908
17.6213,B,pid.locxs.U,-45.433266
17.6213,B,pid.locy.Des,0
17.6213,B,pid.locy.FB,88.572495
17.6213,B,pid.locy.U,-72.748772
17.6213,B,pid.locys.Des,-72.748772
17.6213,B,pid.locys.FB,-3.1013365
17.6213,B,pid.locys.U,-215.64485
17.6213,B,pid.pitch.Des,-10.464378
17.6213,B,pid.pitch.FB,-17.693293
17.6213,B,pid.pitch.U,17.990026
17.6213,B,pid.roll.Des,4.000433
17.6213,B,pid.roll.FB,-29.590145
17.6213,B,pid.roll.U,104.74799
17.6213,B,pid.yaw.Des,-49.635666
17.6213,B,pid.yaw.FB,-7.1683397
17.6213,B,pid.yaw.U,-120
17.6213,B,pid.z_pos.Des,0.29824072
17.6213,B,pid.z_pos.FB,0.29824072
17.6213,B,pid.z_pos.U,-0.088317379
17.6213,B,pid.z_rate.Des,0
17.6213,B,pid.z_rate.FB,0.036528967
17.6213,B,pid.z_rate.U,-25.437077
17.6213,B,status.vbat,0
17.8223,A,mrac.pitch.e,-0.31117383
17.8223,A,mrac.pitch.u_ad,0.2216576
17.8223,A,mrac.roll.e,-1.9851794
17.8223,A,mrac.roll.u_ad,0
17.8223,A,mrac.yaw.e,1.0212098
17.8223,A,mrac.yaw.u_ad,0
17.8223,A,mrac.z.e,-0.0083623268
17.8223,A,mrac.z.u_ad,0.13499348
17.8223,A,status.arm,0
17.8223,A,status.flymode,0
17.8223,A,status.rc_authority,0
17.8223,A,status.sbus_lost,0
17.8223,A,status.twc_arrived,0
17.8223,A,status.twc_execute,0
17.8223,B,mrac.pitch.theta_0,0.14909741
17.8223,B,mrac.pitch.theta_1,0.0079692164
17.8223,B,mrac.pitch.theta_2,0.0035156317
17.8223,B,mrac.pitch.theta_3,0.0033355365
17.8223,B,mrac.pitch.theta_4,0.14116229
17.8223,B,mrac.pitch.theta_5,0.14706394
17.8223,B,mrac.pitch.u_nom,0.092810124
17.8223,B,mrac.pitch.xm,0.42226338
17.8223,B,mrac.roll.theta_0,0.1483147
17.8223,B,mrac.roll.theta_1,0.0058806208
17.8223,B,mrac.roll.theta_2,0.0083383657
17.8223,B,mrac.roll.theta_3,0.0025211377
17.8223,B,mrac.roll.theta_4,0.12024525
17.8223,B,mrac.roll.theta_5,0.14001431
17.8223,B,mrac.roll.u_nom,0.22879229
17.8223,B,mrac.roll.xm,1.7366265
17.8223,B,mrac.yaw.theta_0,1.6569396e-24
17.8223,B,mrac.yaw.theta_1,0.027237536
17.8223,B,mrac.yaw.theta_2,0.00062911847
17.8223,B,mrac.yaw.theta_3,0
17.8223,B,mrac.yaw.theta_4,0.11244303
17.8223,B,mrac.yaw.theta_5,0.089528345
17.8223,B,mrac.yaw.u_nom,-0.13354701
17.8223,B,mrac.yaw.xm,-1.0471979
17.8223,B,mrac.z.theta_0,0.14537181
17.8223,B,mrac.z.theta_1,6.8214513e-06
17.8223,B,mrac.z.theta_2,0.0051348978
17.8223,B,mrac.z.theta_3,0
17.8223,B,mrac.z.theta_4,0.19832233
17.8223,B,mrac.z.theta_5,0.18747681
17.8223,B,mrac.z.u_nom,-0.061930891
17.8223,B,mrac.z.xm,0
17.8223,B,path.active_path_mode,0
17.8223,B,path.circle_theta,0
17.8223,B,path.sinusoid_t_elapsed,0
17.8223,B,path.twc_arrived,0
17.8223,B,path.twc_target_x,0
17.8223,B,path.twc_target_y,0
17.8223,B,path.twc_target_z,0
17.8223,B,pid.gyrox.Des,99.501328
17.8223,B,pid.gyrox.FB,1.6341439
17.8223,B,pid.gyrox.U,267.68698
17.8223,B,pid.gyroy.Des,24.193899
17.8223,B,pid.gyroy.FB,-0.48141858
17.8223,B,pid.gyroy.U,108.58784
17.8223,B,pid.gyroz.Des,-60
17.8223,B,pid.gyroz.FB,-12.9574
17.8223,B,pid.gyroz.U,-250
17.8223,B,pid.locx.Des,0
17.8223,B,pid.locx.FB,15.128174
17.8223,B,pid.locx.U,-14.108701
17.8223,B,pid.locxs.Des,-14.108701
17.8223,B,pid.locxs.FB,1.7086208
17.8223,B,pid.locxs.U,-53.50668
17.8223,B,pid.locy.Des,0
17.8223,B,pid.locy.FB,88.597351
17.8223,B,pid.locy.U,-72.951378
17.8223,B,pid.locys.Des,-72.951378
17.8223,B,pid.locys.FB,2.2540219
17.8223,B,pid.locys.U,-226.54573
17.8223,B,pid.pitch.Des,-11.001442
17.8223,B,pid.pitch.FB,-18.954096
17.8223,B,pid.pitch.U,24.193899
17.8223,B,pid.roll.Des,4.625845
17.8223,B,pid.roll.FB,-28.596052
17.8223,B,pid.roll.U,99.501328
17.8223,B,pid.yaw.Des,-49.635666
17.8223,B,pid.yaw.FB,-7.8367128
17.8223,B,pid.yaw.U,-120
17.8223,B,pid.z_pos.Des,0.29894736
17.8223,B,pid.z_pos.FB,0.29894736
17.8223,B,pid.z_pos.U,-0.088317379
17.8223,B,pid.z_rate.Des,0
17.8223,B,pid.z_rate.FB,0.0068638725
17.8223,B,pid.z_rate.U,-13.748658
17.8223,B,status.vbat,0
18.0388,A,mrac.pitch.e,0.15765345
18.0388,A,mrac.pitch.u_ad,0.15991634
18.0388,A,mrac.roll.e,-2.0230248
18.0388,A,mrac.roll.u_ad,0
18.0388,A,mrac.yaw.e,1.359269
18.0388,A,mrac.yaw.u_ad,0
18.0388,A,mrac.z.e,0.022408197
18.0388,A,mrac.z.u_ad,0.1160063
18.0388,A,status.arm,0
18.0388,A,status.flymode,0
18.0388,A,status.rc_authority,0
18.0388,A,status.sbus_lost,0
18.0388,A,status.twc_arrived,0
18.0388,A,status.twc_execute,0
18.0388,B,mrac.pitch.theta_0,0.14220691
18.0388,B,mrac.pitch.theta_1,0.0079350816
18.0388,B,mrac.pitch.theta_2,0.0035031848
18.0388,B,mrac.pitch.theta_3,0.0033437626
18.0388,B,mrac.pitch.theta_4,0.1412196
18.0388,B,mrac.pitch.theta_5,0.14695662
18.0388,B,mrac.pitch.u_nom,-0.069911979
18.0388,B,mrac.pitch.xm,0.18669681
18.0388,B,mrac.roll.theta_0,0.1483147
18.0388,B,mrac.roll.theta_1,0.0058806208
18.0388,B,mrac.roll.theta_2,0.0083383657
18.0388,B,mrac.roll.theta_3,0.0025211377
18.0388,B,mrac.roll.theta_4,0.12024525
18.0388,B,mrac.roll.theta_5,0.14001431
18.0388,B,mrac.roll.u_nom,0.25641027
18.0388,B,mrac.roll.xm,1.8526299
18.0388,B,mrac.yaw.theta_0,9.1297032e-25
18.0388,B,mrac.yaw.theta_1,0.027308743
18.0388,B,mrac.yaw.theta_2,0.00062580884
18.0388,B,mrac.yaw.theta_3,0
18.0388,B,mrac.yaw.theta_4,0.11245336
18.0388,B,mrac.yaw.theta_5,0.089530237
18.0388,B,mrac.yaw.u_nom,-0.13354701
18.0388,B,mrac.yaw.xm,-1.0471979
18.0388,B,mrac.z.theta_0,0.14063048
18.0388,B,mrac.z.theta_1,6.7624487e-06
18.0388,B,mrac.z.theta_2,0.0051325876
18.0388,B,mrac.z.theta_3,0
18.0388,B,mrac.z.theta_4,0.19830091
18.0388,B,mrac.z.theta_5,0.18745053
18.0388,B,mrac.z.u_nom,-0.15256274
18.0388,B,mrac.z.xm,0
18.0388,B,path.active_path_mode,0
18.0388,B,path.circle_theta,0
18.0388,B,path.sinusoid_t_elapsed,0
18.0388,B,path.twc_arrived,0
18.0388,B,path.twc_target_x,0
18.0388,B,path.twc_target_y,0
18.0388,B,path.twc_target_z,0
18.0388,B,pid.gyrox.Des,106.14783
18.0388,B,pid.gyrox.FB,-4.9787364
18.0388,B,pid.gyrox.U,300
18.0388,B,pid.gyroy.Des,10.696935
18.0388,B,pid.gyroy.FB,18.113678
18.0388,B,pid.gyroy.U,-81.797012
18.0388,B,pid.gyroz.Des,-60
18.0388,B,pid.gyroz.FB,16.145016
18.0388,B,pid.gyroz.U,-250
18.0388,B,pid.locx.Des,0
18.0388,B,pid.locx.FB,15.33808
18.0388,B,pid.locx.U,-14.240045
18.0388,B,pid.locxs.Des,-14.240045
18.0388,B,pid.locxs.FB,0.1484471
18.0388,B,pid.locxs.U,-43.136696
18.0388,B,pid.locy.Des,0
18.0388,B,pid.locy.FB,89.578636
18.0388,B,pid.locy.U,-73.876762
18.0388,B,pid.locys.Des,-73.876762
18.0388,B,pid.locys.FB,6.0809507
18.0388,B,pid.locys.U,-240.27649
18.0388,B,pid.pitch.Des,-11.449241
18.0388,B,pid.pitch.FB,-15.321943
18.0388,B,pid.pitch.U,10.696935
18.0388,B,pid.roll.Des,4.2978477
18.0388,B,pid.roll.FB,-31.057589
18.0388,B,pid.roll.U,106.14783
18.0388,B,pid.yaw.Des,-49.635666
18.0388,B,pid.yaw.FB,-8.0639114
18.0388,B,pid.yaw.U,-120
18.0388,B,pid.z_pos.Des,0.30569434
18.0388,B,pid.z_pos.FB,0.30569434
18.0388,B,pid.z_pos.U,-0.088317379
18.0388,B,pid.z_rate.Des,0
18.0388,B,pid.z_rate.FB,0.057016548
18.0388,B,pid.z_rate.U,-33.868927
18.0388,B,status.vbat,0
18.2391,A,mrac.pitch.e,0.08645726
18.2391,A,mrac.pitch.u_ad,0.096251853
18.2391,A,mrac.roll.e,-1.6934651
18.2391,A,mrac.roll.u_ad,0
18.2391,A,mrac.yaw.e,1.0125782
18.2391,A,mrac.yaw.u_ad,0
18.2391,A,mrac.z.e,0.079229064
18.2391,A,mrac.z.u_ad,0.090084895
18.2391,A,status.arm,0
18.2391,A,status.flymode,0
18.2391,A,status.rc_authority,0
18.2391,A,status.sbus_lost,0
18.2391,A,status.twc_arrived,0
18.2391,A,status.twc_execute,0
18.2391,B,mrac.pitch.theta_0,0.11829061
18.2391,B,mrac.pitch.theta_1,0.0072695301
18.2391,B,mrac.pitch.theta_2,0.0034607775
18.2391,B,mrac.pitch.theta_3,0.0033703512
18.2391,B,mrac.pitch.theta_4,0.14128619
18.2391,B,mrac.pitch.theta_5,0.14682794
18.2391,B,mrac.pitch.u_nom,-0.14595959
18.2391,B,mrac.pitch.xm,-0.037101761
18.2391,B,mrac.roll.theta_0,0.1483147
18.2391,B,mrac.roll.theta_1,0.0058806208
18.2391,B,mrac.roll.theta_2,0.0083383657
18.2391,B,mrac.roll.theta_3,0.0025211377
18.2391,B,mrac.roll.theta_4,0.12024525
18.2391,B,mrac.roll.theta_5,0.14001431
18.2391,B,mrac.roll.u_nom,0.24558538
18.2391,B,mrac.roll.xm,1.9561826
18.2391,B,mrac.yaw.theta_0,9.1297032e-25
18.2391,B,mrac.yaw.theta_1,0.027308743
18.2391,B,mrac.yaw.theta_2,0.00062580884
18.2391,B,mrac.yaw.theta_3,0
18.2391,B,mrac.yaw.theta_4,0.11245336
18.2391,B,mrac.yaw.theta_5,0.089530237
18.2391,B,mrac.yaw.u_nom,-0.13354701
18.2391,B,mrac.yaw.xm,-1.0471979
18.2391,B,mrac.z.theta_0,0.13635799
18.2391,B,mrac.z.theta_1,6.704784e-06
18.2391,B,mrac.z.theta_2,0.005130135
18.2391,B,mrac.z.theta_3,0
18.2391,B,mrac.z.theta_4,0.19828148
18.2391,B,mrac.z.theta_5,0.18742612
18.2391,B,mrac.z.u_nom,-0.11442056
18.2391,B,mrac.z.xm,0
18.2391,B,path.active_path_mode,0
18.2391,B,path.circle_theta,0
18.2391,B,path.sinusoid_t_elapsed,0
18.2391,B,path.twc_arrived,0
18.2391,B,path.twc_target_x,0
18.2391,B,path.twc_target_y,0
18.2391,B,path.twc_target_z,0
18.2391,B,pid.gyrox.Des,112.08096
18.2391,B,pid.gyrox.FB,-0.73252863
18.2391,B,pid.gyrox.U,287.3349
18.2391,B,pid.gyroy.Des,-2.1257734
18.2391,B,pid.gyroy.FB,20.715715
18.2391,B,pid.gyroy.U,-170.77272
18.2391,B,pid.gyroz.Des,-60
18.2391,B,pid.gyroz.FB,13.118447
18.2391,B,pid.gyroz.U,-250
18.2391,B,pid.locx.Des,0
18.2391,B,pid.locx.FB,15.520325
18.2391,B,pid.locx.U,-14.559214
18.2391,B,pid.locxs.Des,-14.559214
18.2391,B,pid.locxs.FB,4.7154369
18.2391,B,pid.locxs.U,-55.0341
18.2391,B,pid.locy.Des,0
18.2391,B,pid.locy.FB,90.841728
18.2391,B,pid.locy.U,-74.981438
18.2391,B,pid.locys.Des,-74.981438
18.2391,B,pid.locys.FB,10.666052
18.2391,B,pid.locys.U,-256.98279
18.2391,B,pid.pitch.Des,-12.064003
18.2391,B,pid.pitch.FB,-11.662757
18.2391,B,pid.pitch.U,-2.1257734
18.2391,B,pid.roll.Des,4.9334984
18.2391,B,pid.roll.FB,-32.383354
18.2391,B,pid.roll.U,112.08096
18.2391,B,pid.yaw.Des,-49.635666
18.2391,B,pid.yaw.FB,-7.1136503
18.2391,B,pid.yaw.U,-120
18.2391,B,pid.z_pos.Des,0.3142786
18.2391,B,pid.z_pos.FB,0.3142786
18.2391,B,pid.z_pos.U,-0.088317379
18.2391,B,pid.z_rate.Des,0
18.2391,B,pid.z_rate.FB,0.034527019
18.2391,B,pid.z_rate.U,-25.401363
18.2391,B,status.vbat,0
18.4395,A,mrac.pitch.e,-0.70481539
18.4395,A,mrac.pitch.u_ad,0.17176852
18.4395,A,mrac.roll.e,-0.69085252
18.4395,A,mrac.roll.u_ad,0.38361385
18.4395,A,mrac.yaw.e,0.7007544
18.4395,A,mrac.yaw.u_ad,-0.11940881
18.4395,A,mrac.z.e,-0.090881355
18.4395,A,mrac.z.u_ad,0.12718345
18.4395,A,status.arm,0
18.4395,A,status.flymode,0
18.4395,A,status.rc_authority,0
18.4395,A,status.sbus_lost,0
18.4395,A,status.twc_arrived,0
18.4395,A,status.twc_execute,0
18.4397,B,mrac.pitch.theta_0,0.13159715
18.4397,B,mrac.pitch.theta_1,0.005941587
18.4397,B,mrac.pitch.theta_2,0.0035668744
18.4397,B,mrac.pitch.theta_3,0.0032685574
18.4397,B,mrac.pitch.theta_4,0.14148508
18.4397,B,mrac.pitch.theta_5,0.14674142
18.4397,B,mrac.pitch.u_nom,0.11928247
18.4397,B,mrac.pitch.xm,0.15283032
18.4397,B,mrac.roll.theta_0,0.14790578
18.4397,B,mrac.roll.theta_1,0.0070940685
18.4397,B,mrac.roll.theta_2,0.0085214777
18.4397,B,mrac.roll.theta_3,0.0025994543
18.4397,B,mrac.roll.theta_4,0.12035659
18.4397,B,mrac.roll.theta_5,0.14039789
18.4397,B,mrac.roll.u_nom,0.23185748
18.4397,B,mrac.roll.xm,1.4984381
18.4397,B,mrac.yaw.theta_0,1.7442956e-25
18.4397,B,mrac.yaw.theta_1,0.027711224
18.4397,B,mrac.yaw.theta_2,0.000586076
18.4397,B,mrac.yaw.theta_3,0
18.4397,B,mrac.yaw.theta_4,0.11248337
18.4397,B,mrac.yaw.theta_5,0.089536451
18.4397,B,mrac.yaw.u_nom,-0.1334765
18.4397,B,mrac.yaw.xm,-1.0471979
18.4397,B,mrac.z.theta_0,0.12644769
18.4397,B,mrac.z.theta_1,6.5654781e-06
18.4397,B,mrac.z.theta_2,0.0051250178
18.4397,B,mrac.z.theta_3,0
18.4397,B,mrac.z.theta_4,0.19821221
18.4397,B,mrac.z.theta_5,0.18734539
18.4397,B,mrac.z.u_nom,-0.062117446
18.4397,B,mrac.z.xm,0
18.4397,B,path.active_path_mode,0
18.4397,B,path.circle_theta,0
18.4397,B,path.sinusoid_t_elapsed,0
18.4397,B,path.twc_arrived,0
18.4397,B,path.twc_target_x,0
18.4397,B,path.twc_target_y,0
18.4397,B,path.twc_target_z,0
18.4397,B,pid.gyrox.Des,85.854141
18.4397,B,pid.gyrox.FB,42.017303
18.4397,B,pid.gyrox.U,271.27325
18.4397,B,pid.gyroy.Des,8.7565289
18.4397,B,pid.gyroy.FB,-23.55689
18.4397,B,pid.gyroy.U,139.56049
18.4397,B,pid.gyroz.Des,-60
18.4397,B,pid.gyroz.FB,-29.01676
18.4397,B,pid.gyroz.U,-249.86801
18.4397,B,pid.locx.Des,0
18.4397,B,pid.locx.FB,14.979193
18.4397,B,pid.locx.U,-13.622272
18.4397,B,pid.locxs.Des,-13.622272
18.4397,B,pid.locxs.FB,-9.0213099
18.4397,B,pid.locxs.U,-7.196969
18.4397,B,pid.locy.Des,0
18.4397,B,pid.locy.FB,92.257454
18.4397,B,pid.locy.U,-75.909996
18.4397,B,pid.locys.Des,-75.909996
18.4397,B,pid.locys.FB,5.622808
18.4397,B,pid.locys.U,-243.79997
18.4397,B,pid.pitch.Des,-12.319129
18.4397,B,pid.pitch.FB,-14.845681
18.4397,B,pid.pitch.U,8.7565289
18.4397,B,pid.roll.Des,2.6129003
18.4397,B,pid.roll.FB,-26.579803
18.4397,B,pid.roll.U,85.854141
18.4397,B,pid.yaw.Des,-49.635666
18.4397,B,pid.yaw.FB,-9.2514448
18.4397,B,pid.yaw.U,-120
18.4397,B,pid.z_pos.Des,0.32849464
18.4397,B,pid.z_pos.FB,0.32849464
18.4397,B,pid.z_pos.U,-0.088317379
18.4397,B,pid.z_rate.Des,0
18.4397,B,pid.z_rate.FB,0.0033371733
18.4397,B,pid.z_rate.U,-13.790073
18.4397,B,status.vbat,0
18.6398,A,mrac.pitch.e,-0.22326314
18.6398,A,mrac.pitch.u_ad,0.20871265
18.6398,A,mrac.roll.e,-2.2253628
18.6398,A,mrac.roll.u_ad,0
18.6398,A,mrac.yaw.e,1.7211833
18.6398,A,mrac.yaw.u_ad,0
18.6398,A,mrac.z.e,-0.086479194
18.6398,A,mrac.z.u_ad,0.15152603
18.6398,A,status.arm,0
18.6398,A,status.flymode,0
18.6398,A,status.rc_authority,0
18.6398,A,status.sbus_lost,0
18.6398,A,status.twc_arrived,0
18.6398,A,status.twc_execute,0
18.6399,B,mrac.pitch.theta_0,0.14500411
18.6399,B,mrac.pitch.theta_1,0.0045939866
18.6399,B,mrac.pitch.theta_2,0.0038772558
18.6399,B,mrac.pitch.theta_3,0.0032307499
18.6399,B,mrac.pitch.theta_4,0.14186335
18.6399,B,mrac.pitch.theta_5,0.14672591
18.6399,B,mrac.pitch.u_nom,-0.028741777
18.6399,B,mrac.pitch.xm,0.29112604
18.6399,B,mrac.roll.theta_0,0.14789958
18.6399,B,mrac.roll.theta_1,0.0085422304
18.6399,B,mrac.roll.theta_2,0.0087074786
18.6399,B,mrac.roll.theta_3,0.002658478
18.6399,B,mrac.roll.theta_4,0.12056731
18.6399,B,mrac.roll.theta_5,0.14089027
18.6399,B,mrac.roll.u_nom,0.20837949
18.6399,B,mrac.roll.xm,1.2249718
18.6399,B,mrac.yaw.theta_0,7.5532606e-26
18.6399,B,mrac.yaw.theta_1,0.027844811
18.6399,B,mrac.yaw.theta_2,0.00057411776
18.6399,B,mrac.yaw.theta_3,0
18.6399,B,mrac.yaw.theta_4,0.11249827
18.6399,B,mrac.yaw.theta_5,0.089538991
18.6399,B,mrac.yaw.u_nom,-0.13354701
18.6399,B,mrac.yaw.xm,-1.0471979
18.6399,B,mrac.z.theta_0,0.13032328
18.6399,B,mrac.z.theta_1,6.5253826e-06
18.6399,B,mrac.z.theta_2,0.0051279264
18.6399,B,mrac.z.theta_3,0
18.6399,B,mrac.z.theta_4,0.19819918
18.6399,B,mrac.z.theta_5,0.18733037
18.6399,B,mrac.z.u_nom,0.25784656
18.6399,B,mrac.z.xm,0
18.6399,B,path.active_path_mode,0
18.6399,B,path.circle_theta,0
18.6399,B,path.sinusoid_t_elapsed,0
18.6399,B,path.twc_arrived,0
18.6399,B,path.twc_target_x,0
18.6399,B,path.twc_target_y,0
18.6399,B,path.twc_target_z,0
18.6399,B,pid.gyrox.Des,70.185684
18.6399,B,pid.gyrox.FB,-5.2254996
18.6399,B,pid.gyrox.U,243.804
18.6399,B,pid.gyroy.Des,16.680286
18.6399,B,pid.gyroy.FB,2.8397031
18.6399,B,pid.gyroy.U,-33.62788
18.6399,B,pid.gyroz.Des,-60
18.6399,B,pid.gyroz.FB,23.365133
18.6399,B,pid.gyroz.U,-250
18.6399,B,pid.locx.Des,0
18.6399,B,pid.locx.FB,13.208919
18.6399,B,pid.locx.U,-12.318794
18.6399,B,pid.locxs.Des,-12.318794
18.6399,B,pid.locxs.FB,-5.6527071
18.6399,B,pid.locxs.U,-19.90752
18.6399,B,pid.locy.Des,0
18.6399,B,pid.locy.FB,92.125397
18.6399,B,pid.locy.U,-75.462128
18.6399,B,pid.locys.Des,-75.462128
18.6399,B,pid.locys.FB,-2.8367071
18.6399,B,pid.locys.U,-217.51389
18.6399,B,pid.pitch.Des,-11.331748
18.6399,B,pid.pitch.FB,-18.66258
18.6399,B,pid.pitch.U,16.680286
18.6399,B,pid.roll.Des,2.8085768
18.6399,B,pid.roll.FB,-22.32044
18.6399,B,pid.roll.U,70.185684
18.6399,B,pid.yaw.Des,-49.635666
18.6399,B,pid.yaw.FB,-8.2140017
18.6399,B,pid.yaw.U,-120
18.6399,B,pid.z_pos.Des,0.31551605
18.6399,B,pid.z_pos.FB,0.31551605
18.6399,B,pid.z_pos.U,-0.088317379
18.6399,B,pid.z_rate.Des,0
18.6399,B,pid.z_rate.FB,-0.17376192
18.6399,B,pid.z_rate.U,57.241936
18.6399,B,status.vbat,0
18.8552,A,mrac.pitch.e,-0.10958593
18.8552,A,mrac.pitch.u_ad,0.16955157
18.8552,A,mrac.roll.e,-1.7225528
18.8552,A,mrac.roll.u_ad,0
18.8552,A,mrac.yaw.e,1.4648938
18.8552,A,mrac.yaw.u_ad,0
18.8552,A,mrac.z.e,-0.0089414874
18.8552,A,mrac.z.u_ad,0.12834707
18.8552,A,status.arm,0
18.8552,A,status.flymode,0
18.8552,A,status.rc_authority,0
18.8552,A,status.sbus_lost,0
18.8552,A,status.twc_arrived,0
18.8552,A,status.twc_execute,0
18.8552,B,mrac.pitch.theta_0,0.14699559
18.8552,B,mrac.pitch.theta_1,0.0049557658
18.8552,B,mrac.pitch.theta_2,0.0038901153
18.8552,B,mrac.pitch.theta_3,0.0031631601
18.8552,B,mrac.pitch.theta_4,0.14187215
18.8552,B,mrac.pitch.theta_5,0.14672115
18.8552,B,mrac.pitch.u_nom,-0.031025233
18.8552,B,mrac.pitch.xm,0.068762951
18.8552,B,mrac.roll.theta_0,0.14789958
18.8552,B,mrac.roll.theta_1,0.0085422304
18.8552,B,mrac.roll.theta_2,0.0087074786
18.8552,B,mrac.roll.theta_3,0.002658478
18.8552,B,mrac.roll.theta_4,0.12056731
18.8552,B,mrac.roll.theta_5,0.14089027
18.8552,B,mrac.roll.u_nom,0.25641027
18.8552,B,mrac.roll.xm,1.7629721
18.8552,B,mrac.yaw.theta_0,7.5532606e-26
18.8552,B,mrac.yaw.theta_1,0.027844811
18.8552,B,mrac.yaw.theta_2,0.00057411776
18.8552,B,mrac.yaw.theta_3,0
18.8552,B,mrac.yaw.theta_4,0.11249827
18.8552,B,mrac.yaw.theta_5,0.089538991
18.8552,B,mrac.yaw.u_nom,-0.13354701
18.8552,B,mrac.yaw.xm,-1.0471979
18.8552,B,mrac.z.theta_0,0.13698778
18.8552,B,mrac.z.theta_1,6.4172214e-06
18.8552,B,mrac.z.theta_2,0.005131809
18.8552,B,mrac.z.theta_3,0
18.8552,B,mrac.z.theta_4,0.1981547
18.8552,B,mrac.z.theta_5,0.18727967
18.8552,B,mrac.z.u_nom,-0.026356276
18.8552,B,mrac.z.xm,0
18.8552,B,path.active_path_mode,0
18.8552,B,path.circle_theta,0
18.8552,B,path.sinusoid_t_elapsed,0
18.8552,B,path.twc_arrived,0
18.8552,B,path.twc_target_x,0
18.8552,B,path.twc_target_y,0
18.8552,B,path.twc_target_z,0
18.8552,B,pid.gyrox.Des,101.01082
18.8552,B,pid.gyrox.FB,-7.8840528
18.8552,B,pid.gyrox.U,300
18.8552,B,pid.gyroy.Des,3.9398251
18.8552,B,pid.gyroy.FB,1.5317223
18.8552,B,pid.gyroy.U,-36.299522
18.8552,B,pid.gyroz.Des,-60
18.8552,B,pid.gyroz.FB,29.088972
18.8552,B,pid.gyroz.U,-250
18.8552,B,pid.locx.Des,0
18.8552,B,pid.locx.FB,13.351532
18.8552,B,pid.locx.U,-12.727849
18.8552,B,pid.locxs.Des,-12.727849
18.8552,B,pid.locxs.FB,0.12157829
18.8552,B,pid.locxs.U,-38.277996
18.8552,B,pid.locy.Des,0
18.8552,B,pid.locy.FB,90.061081
18.8552,B,pid.locy.U,-73.789986
18.8552,B,pid.locys.Des,-73.789986
18.8552,B,pid.locys.FB,-4.9985213
18.8552,B,pid.locys.U,-212.17613
18.8552,B,pid.pitch.Des,-10.447514
18.8552,B,pid.pitch.FB,-13.122984
18.8552,B,pid.pitch.U,3.9398251
18.8552,B,pid.roll.Des,2.4693892
18.8552,B,pid.roll.FB,-31.101292
18.8552,B,pid.roll.U,101.01082
18.8552,B,pid.yaw.Des,-49.635666
18.8552,B,pid.yaw.FB,-1.3933231
18.8552,B,pid.yaw.U,-120
18.8552,B,pid.z_pos.Des,0.3168799
18.8552,B,pid.z_pos.FB,0.3168799
18.8552,B,pid.z_pos.U,-0.088317379
18.8552,B,pid.z_rate.Des,0
18.8552,B,pid.z_rate.FB,-0.015445018
18.8552,B,pid.z_rate.U,-5.8510933
18.8552,B,status.vbat,0
19.0586,A,mrac.pitch.e,-0.10860639
19.0586,A,mrac.pitch.u_ad,0.15412542
19.0586,A,mrac.roll.e,-1.4853516
19.0586,A,mrac.roll.u_ad,0
19.0586,A,mrac.yaw.e,0.63641524
19.0586,A,mrac.yaw.u_ad,-0.11082574
19.0586,A,mrac.z.e,-0.074730739
19.0586,A,mrac.z.u_ad,0.14403866
19.0586,A,status.arm,0
19.0586,A,status.flymode,0
19.0586,A,status.rc_authority,0
19.0586,A,status.sbus_lost,0
19.0586,A,status.twc_arrived,0
19.0586,A,status.twc_execute,0
19.0587,B,mrac.pitch.theta_0,0.14020973
19.0587,B,mrac.pitch.theta_1,0.0048170406
19.0587,B,mrac.pitch.theta_2,0.0038778009
19.0587,B,mrac.pitch.theta_3,0.0031642816
19.0587,B,mrac.pitch.theta_4,0.14188613
19.0587,B,mrac.pitch.theta_5,0.14666831
19.0587,B,mrac.pitch.u_nom,0.036058515
19.0587,B,mrac.pitch.xm,0.065427817
19.0587,B,mrac.roll.theta_0,0.14789958
19.0587,B,mrac.roll.theta_1,0.0085422304
19.0587,B,mrac.roll.theta_2,0.0087074786
19.0587,B,mrac.roll.theta_3,0.002658478
19.0587,B,mrac.roll.theta_4,0.12056731
19.0587,B,mrac.roll.theta_5,0.14089027
19.0587,B,mrac.roll.u_nom,0.22819439
19.0587,B,mrac.roll.xm,1.8556347
19.0587,B,mrac.yaw.theta_0,3.9612869e-26
19.0587,B,mrac.yaw.theta_1,0.027904777
19.0587,B,mrac.yaw.theta_2,0.00057033676
19.0587,B,mrac.yaw.theta_3,0
19.0587,B,mrac.yaw.theta_4,0.11250906
19.0587,B,mrac.yaw.theta_5,0.08954037
19.0587,B,mrac.yaw.u_nom,-0.13354701
19.0587,B,mrac.yaw.xm,-1.0471979
19.0587,B,mrac.z.theta_0,0.13698778
19.0587,B,mrac.z.theta_1,6.4172214e-06
19.0587,B,mrac.z.theta_2,0.005131809
19.0587,B,mrac.z.theta_3,0
19.0587,B,mrac.z.theta_4,0.1981547
19.0587,B,mrac.z.theta_5,0.18727967
19.0587,B,mrac.z.u_nom,-0.053592067
19.0587,B,mrac.z.xm,0
19.0587,B,path.active_path_mode,0
19.0587,B,path.circle_theta,0
19.0587,B,path.sinusoid_t_elapsed,0
19.0587,B,path.twc_arrived,0
19.0587,B,path.twc_target_x,0
19.0587,B,path.twc_target_y,0
19.0587,B,path.twc_target_z,0
19.0587,B,pid.gyrox.Des,106.31999
19.0587,B,pid.gyrox.FB,0.27841604
19.0587,B,pid.gyrox.U,266.98743
19.0587,B,pid.gyroy.Des,3.7487364
19.0587,B,pid.gyroy.FB,-3.8573756
19.0587,B,pid.gyroy.U,42.188461
19.0587,B,pid.gyroz.Des,-60
19.0587,B,pid.gyroz.FB,-16.757372
19.0587,B,pid.gyroz.U,-250
19.0587,B,pid.locx.Des,0
19.0587,B,pid.locx.FB,13.910496
19.0587,B,pid.locx.U,-13.376383
19.0587,B,pid.locxs.Des,-13.376383
19.0587,B,pid.locxs.FB,7.9993687
19.0587,B,pid.locxs.U,-70.702362
19.0587,B,pid.locy.Des,0
19.0587,B,pid.locy.FB,89.635162
19.0587,B,pid.locy.U,-73.710808
19.0587,B,pid.locys.Des,-73.710808
19.0587,B,pid.locys.FB,0.10051952
19.0587,B,pid.locys.U,-221.55696
19.0587,B,pid.pitch.Des,-10.886639
19.0587,B,pid.pitch.FB,-11.96832
19.0587,B,pid.pitch.U,3.7487364
19.0587,B,pid.roll.Des,4.1923213
19.0587,B,pid.roll.FB,-31.264164
19.0587,B,pid.roll.U,106.31999
19.0587,B,pid.yaw.Des,-49.635666
19.0587,B,pid.yaw.FB,-0.7199375
19.0587,B,pid.yaw.U,-120
19.0587,B,pid.z_pos.Des,0.3177571
19.0587,B,pid.z_pos.FB,0.3177571
19.0587,B,pid.z_pos.U,-0.088317379
19.0587,B,pid.z_rate.Des,0
19.0587,B,pid.z_rate.FB,-0.00037242586
19.0587,B,pid.z_rate.U,-11.897439
19.0587,B,status.vbat,0
19.2743,A,mrac.pitch.e,-0.011112981
19.2743,A,mrac.pitch.u_ad,0.1560359
19.2743,A,mrac.roll.e,-1.1561162
19.2743,A,mrac.roll.u_ad,0.061313804
19.2743,A,mrac.yaw.e,0.58575463
19.2743,A,mrac.yaw.u_ad,-0.12121456
19.2743,A,mrac.z.e,0.0060240813
19.2743,A,mrac.z.u_ad,0.15500419
19.2743,A,status.arm,0
19.2743,A,status.flymode,0
19.2743,A,status.rc_authority,0
19.2743,A,status.sbus_lost,0
19.2743,A,status.twc_arrived,0
19.2743,A,status.twc_execute,0
19.2743,B,mrac.pitch.theta_0,0.14238104
19.2743,B,mrac.pitch.theta_1,0.0047801789
19.2743,B,mrac.pitch.theta_2,0.0038789127
19.2743,B,mrac.pitch.theta_3,0.0031546196
19.2743,B,mrac.pitch.theta_4,0.14189358
19.2743,B,mrac.pitch.theta_5,0.14664485
19.2743,B,mrac.pitch.u_nom,0.076489568
19.2743,B,mrac.pitch.xm,0.057227761
19.2743,B,mrac.roll.theta_0,0.14787461
19.2743,B,mrac.roll.theta_1,0.0085861664
19.2743,B,mrac.roll.theta_2,0.0087120235
19.2743,B,mrac.roll.theta_3,0.0026582445
19.2743,B,mrac.roll.theta_4,0.12057375
19.2743,B,mrac.roll.theta_5,0.14090998
19.2743,B,mrac.roll.u_nom,0.25641027
19.2743,B,mrac.roll.xm,1.6654006
19.2743,B,mrac.yaw.theta_0,8.8992947e-27
19.2743,B,mrac.yaw.theta_1,0.028221989
19.2743,B,mrac.yaw.theta_2,0.00053329632
19.2743,B,mrac.yaw.theta_3,0
19.2743,B,mrac.yaw.theta_4,0.11253707
19.2743,B,mrac.yaw.theta_5,0.08954557
19.2743,B,mrac.yaw.u_nom,-0.13354701
19.2743,B,mrac.yaw.xm,-1.0471979
19.2743,B,mrac.z.theta_0,0.14861073
19.2743,B,mrac.z.theta_1,6.2909789e-06
19.2743,B,mrac.z.theta_2,0.0051421179
19.2743,B,mrac.z.theta_3,0
19.2743,B,mrac.z.theta_4,0.19812106
19.2743,B,mrac.z.theta_5,0.18723837
19.2743,B,mrac.z.u_nom,0.12975946
19.2743,B,mrac.z.xm,0
19.2743,B,path.active_path_mode,0
19.2743,B,path.circle_theta,0
19.2743,B,path.sinusoid_t_elapsed,0
19.2743,B,path.twc_arrived,0
19.2743,B,path.twc_target_x,0
19.2743,B,path.twc_target_y,0
19.2743,B,path.twc_target_z,0
19.2743,B,pid.gyrox.Des,95.420387
19.2743,B,pid.gyrox.FB,9.3121872
19.2743,B,pid.gyrox.U,300
19.2743,B,pid.gyroy.Des,3.2789078
19.2743,B,pid.gyroy.FB,-1.6248156
19.2743,B,pid.gyroy.U,89.492798
19.2743,B,pid.gyroz.Des,-60
19.2743,B,pid.gyroz.FB,-26.151327
19.2743,B,pid.gyroz.U,-250
19.2743,B,pid.locx.Des,0
19.2743,B,pid.locx.FB,15.388973
19.2743,B,pid.locx.U,-14.505019
19.2743,B,pid.locxs.Des,-14.505019
19.2743,B,pid.locxs.FB,6.2122922
19.2743,B,pid.locxs.U,-55.205807
19.2743,B,pid.locy.Des,0
19.2743,B,pid.locy.FB,90.346321
19.2743,B,pid.locy.U,-74.614769
19.2743,B,pid.locys.Des,-74.614769
19.2743,B,pid.locys.FB,11.463307
19.2743,B,pid.locys.U,-270.59973
19.2743,B,pid.pitch.Des,-13.502481
19.2743,B,pid.pitch.FB,-14.421511
19.2743,B,pid.pitch.U,3.2789078
19.2743,B,pid.roll.Des,4.1812177
19.2743,B,pid.roll.FB,-27.74325
19.2743,B,pid.roll.U,95.420387
19.2743,B,pid.yaw.Des,-49.635666
19.2743,B,pid.yaw.FB,-4.0166712
19.2743,B,pid.yaw.U,-120
19.2743,B,pid.z_pos.Des,0.30000415
19.2743,B,pid.z_pos.FB,0.30000415
19.2743,B,pid.z_pos.U,-0.088317379
19.2743,B,pid.z_rate.Des,0
19.2743,B,pid.z_rate.FB,-0.10141016
19.2743,B,pid.z_rate.U,28.806601
19.2743,B,status.vbat,0
19.4754,A,mrac.pitch.e,-0.44216353
19.4754,A,mrac.pitch.u_ad,0.17524664
19.4754,A,mrac.roll.e,-1.1115954
19.4754,A,mrac.roll.u_ad,0.2309109
19.4754,A,mrac.yaw.e,1.1122162
19.4754,A,mrac.yaw.u_ad,0
19.4754,A,mrac.z.e,0.72571725
19.4754,A,mrac.z.u_ad,-0.053018145
19.4754,A,status.arm,0
19.4754,A,status.flymode,0
19.4754,A,status.rc_authority,0
19.4754,A,status.sbus_lost,0
19.4754,A,status.twc_arrived,0
19.4754,A,status.twc_execute,0
19.4754,B,mrac.pitch.theta_0,0.14110786
19.4754,B,mrac.pitch.theta_1,0.0047697797
19.4754,B,mrac.pitch.theta_2,0.0038770486
19.4754,B,mrac.pitch.theta_3,0.0031521358
19.4754,B,mrac.pitch.theta_4,0.14190014
19.4754,B,mrac.pitch.theta_5,0.14660925
19.4754,B,mrac.pitch.u_nom,-0.055653315
19.4754,B,mrac.pitch.xm,0.033156704
19.4754,B,mrac.roll.theta_0,0.14759345
19.4754,B,mrac.roll.theta_1,0.010173433
19.4754,B,mrac.roll.theta_2,0.0088613825
19.4754,B,mrac.roll.theta_3,0.00264869
19.4754,B,mrac.roll.theta_4,0.12095573
19.4754,B,mrac.roll.theta_5,0.14165229
19.4754,B,mrac.roll.u_nom,0.25641027
19.4754,B,mrac.roll.xm,1.4200958
19.4754,B,mrac.yaw.theta_0,1.1011916e-27
19.4754,B,mrac.yaw.theta_1,0.028504908
19.4754,B,mrac.yaw.theta_2,0.00049693912
19.4754,B,mrac.yaw.theta_3,0
19.4754,B,mrac.yaw.theta_4,0.11257294
19.4754,B,mrac.yaw.theta_5,0.089549668
19.4754,B,mrac.yaw.u_nom,-0.13354701
19.4754,B,mrac.yaw.xm,-1.0471979
19.4754,B,mrac.z.theta_0,0.13810949
19.4754,B,mrac.z.theta_1,5.9572062e-06
19.4754,B,mrac.z.theta_2,0.0051012379
19.4754,B,mrac.z.theta_3,0
19.4754,B,mrac.z.theta_4,0.19808656
19.4754,B,mrac.z.theta_5,0.18716702
19.4754,B,mrac.z.u_nom,-0.60716665
19.4754,B,mrac.z.xm,0
19.4754,B,path.active_path_mode,0
19.4754,B,path.circle_theta,0
19.4754,B,path.sinusoid_t_elapsed,0
19.4754,B,path.twc_arrived,0
19.4754,B,path.twc_target_x,0
19.4754,B,path.twc_target_y,0
19.4754,B,path.twc_target_z,0
19.4754,B,pid.gyrox.Des,81.365463
19.4754,B,pid.gyrox.FB,10.08484
19.4754,B,pid.gyrox.U,300
19.4754,B,pid.gyroy.Des,1.8997383
19.4754,B,pid.gyroy.FB,1.2835495
19.4754,B,pid.gyroy.U,-65.11438
19.4754,B,pid.gyroz.Des,-60
19.4754,B,pid.gyroz.FB,4.9358344
19.4754,B,pid.gyroz.U,-250
19.4754,B,pid.locx.Des,0
19.4754,B,pid.locx.FB,16.1161
19.4754,B,pid.locx.U,-14.9203
19.4754,B,pid.locxs.Des,-14.9203
19.4754,B,pid.locxs.FB,2.5114088
19.4754,B,pid.locxs.U,-52.234577
19.4754,B,pid.locy.Des,0
19.4754,B,pid.locy.FB,92.495277
19.4754,B,pid.locy.U,-76.081367
19.4754,B,pid.locys.Des,-76.081367
19.4754,B,pid.locys.FB,3.4194775
19.4754,B,pid.locys.U,-238.46289
19.4754,B,pid.pitch.Des,-12.20197
19.4754,B,pid.pitch.FB,-14.598413
19.4754,B,pid.pitch.U,1.8997383
19.4754,B,pid.roll.Des,4.9474621
19.4754,B,pid.roll.FB,-21.428926
19.4754,B,pid.roll.U,81.365463
19.4754,B,pid.yaw.Des,-49.635666
19.4754,B,pid.yaw.FB,-8.7048712
19.4754,B,pid.yaw.U,-120
19.4754,B,pid.z_pos.Des,0.34231144
19.4754,B,pid.z_pos.FB,0.34231144
19.4754,B,pid.z_pos.U,-0.088317379
19.4754,B,pid.z_rate.Des,0
19.4754,B,pid.z_rate.FB,0.30616668
19.4754,B,pid.z_rate.U,-134.791
19.4754,B,status.vbat,0
19.6902,A,mrac.pitch.e,0.02966059
19.6902,A,mrac.pitch.u_ad,0.14600141
19.6902,A,mrac.roll.e,-2.3563333
19.6902,A,mrac.roll.u_ad,0
19.6902,A,mrac.yaw.e,1.4243797
19.6902,A,mrac.yaw.u_ad,0
19.6902,A,mrac.z.e,-1.0929171
19.6902,A,mrac.z.u_ad,0.038595885
19.6902,A,status.arm,0
19.6902,A,status.flymode,0
19.6902,A,status.rc_authority,0
19.6902,A,status.sbus_lost,0
19.6902,A,status.twc_arrived,0
19.6902,A,status.twc_execute,0
19.6902,B,mrac.pitch.theta_0,0.13340335
19.6902,B,mrac.pitch.theta_1,0.0044139395
19.6902,B,mrac.pitch.theta_2,0.0038507606
19.6902,B,mrac.pitch.theta_3,0.0033366443
19.6902,B,mrac.pitch.theta_4,0.14198838
19.6902,B,mrac.pitch.theta_5,0.14647472
19.6902,B,mrac.pitch.u_nom,0.035542253
19.6902,B,mrac.pitch.xm,0.17004429
19.6902,B,mrac.roll.theta_0,0.14763378
19.6902,B,mrac.roll.theta_1,0.010622311
19.6902,B,mrac.roll.theta_2,0.0088821212
19.6902,B,mrac.roll.theta_3,0.0026471259
19.6902,B,mrac.roll.theta_4,0.12116498
19.6902,B,mrac.roll.theta_5,0.1419801
19.6902,B,mrac.roll.u_nom,0.19538403
19.6902,B,mrac.roll.xm,1.5269195
19.6902,B,mrac.yaw.theta_0,1.1011916e-27
19.6902,B,mrac.yaw.theta_1,0.028504908
19.6902,B,mrac.yaw.theta_2,0.00049693912
19.6902,B,mrac.yaw.theta_3,0
19.6902,B,mrac.yaw.theta_4,0.11257294
19.6902,B,mrac.yaw.theta_5,0.089549668
19.6902,B,mrac.yaw.u_nom,-0.13354701
19.6902,B,mrac.yaw.xm,-1.0471979
19.6902,B,mrac.z.theta_0,0.12432993
19.6902,B,mrac.z.theta_1,4.9790788e-06
19.6902,B,mrac.z.theta_2,0.004863644
19.6902,B,mrac.z.theta_3,0
19.6902,B,mrac.z.theta_4,0.19813937
19.6902,B,mrac.z.theta_5,0.18711632
19.6902,B,mrac.z.u_nom,1.2954087
19.6902,B,mrac.z.xm,0
19.6902,B,path.active_path_mode,0
19.6902,B,path.circle_theta,0
19.6902,B,path.sinusoid_t_elapsed,0
19.6902,B,path.twc_arrived,0
19.6902,B,path.twc_target_x,0
19.6902,B,path.twc_target_y,0
19.6902,B,path.twc_target_z,0
19.6902,B,pid.gyrox.Des,87.486008
19.6902,B,pid.gyrox.FB,-49.518906
19.6902,B,pid.gyrox.U,228.5993
19.6902,B,pid.gyroy.Des,9.742816
19.6902,B,pid.gyroy.FB,15.790512
19.6902,B,pid.gyroy.U,41.584435
19.6902,B,pid.gyroz.Des,-60
19.6902,B,pid.gyroz.FB,27.477528
19.6902,B,pid.gyroz.U,-250
19.6902,B,pid.locx.Des,0
19.6902,B,pid.locx.FB,16.852779
19.6902,B,pid.locx.U,-15.616585
19.6902,B,pid.locxs.Des,-15.616585
19.6902,B,pid.locxs.FB,2.4043083
19.6902,B,pid.locxs.U,-48.614216
19.6902,B,pid.locy.Des,0
19.6902,B,pid.locy.FB,91.038391
19.6902,B,pid.locy.U,-74.301628
19.6902,B,pid.locys.Des,-74.301628
19.6902,B,pid.locys.FB,-13.828207
19.6902,B,pid.locys.U,-174.02557
19.6902,B,pid.pitch.Des,-8.7620335
19.6902,B,pid.pitch.FB,-11.090762
19.6902,B,pid.pitch.U,9.742816
19.6902,B,pid.roll.Des,3.7720981
19.6902,B,pid.roll.FB,-26.054617
19.6902,B,pid.roll.U,87.486008
19.6902,B,pid.yaw.Des,-49.635666
19.6902,B,pid.yaw.FB,-5.7777925
19.6902,B,pid.yaw.U,-120
19.6902,B,pid.z_pos.Des,0.34382305
19.6902,B,pid.z_pos.FB,0.34382305
19.6902,B,pid.z_pos.U,-0.088317379
19.6902,B,pid.z_rate.Des,0
19.6902,B,pid.z_rate.FB,-1.4526622
19.6902,B,pid.z_rate.U,287.58075
19.6902,B,status.vbat,0
19.8928,A,mrac.pitch.e,-0.034474421
19.8928,A,mrac.pitch.u_ad,0.14455268
19.8928,A,mrac.roll.e,-1.7290074
19.8928,A,mrac.roll.u_ad,0
19.8928,A,mrac.yaw.e,0.69405162
19.8928,A,mrac.yaw.u_ad,-0.1003693
19.8928,A,mrac.z.e,-0.01718067
19.8928,A,mrac.z.u_ad,0.1650103
19.8928,A,status.arm,0
19.8928,A,status.flymode,0
19.8928,A,status.rc_authority,0
19.8928,A,status.sbus_lost,0
19.8928,A,status.twc_arrived,0
19.8928,A,status.twc_execute,0
19.8929,B,mrac.pitch.theta_0,0.13982064
19.8929,B,mrac.pitch.theta_1,0.0042522764
19.8929,B,mrac.pitch.theta_2,0.0038661628
19.8929,B,mrac.pitch.theta_3,0.0033411132
19.8929,B,mrac.pitch.theta_4,0.14202264
19.8929,B,mrac.pitch.theta_5,0.14643964
19.8929,B,mrac.pitch.u_nom,-0.055666514
19.8929,B,mrac.pitch.xm,0.09387181
19.8929,B,mrac.roll.theta_0,0.14763378
19.8929,B,mrac.roll.theta_1,0.010622311
19.8929,B,mrac.roll.theta_2,0.0088821212
19.8929,B,mrac.roll.theta_3,0.0026471259
19.8929,B,mrac.roll.theta_4,0.12116498
19.8929,B,mrac.roll.theta_5,0.1419801
19.8929,B,mrac.roll.u_nom,0.23191622
19.8929,B,mrac.roll.xm,1.7084899
19.8929,B,mrac.yaw.theta_0,6.7095803e-28
19.8929,B,mrac.yaw.theta_1,0.028527966
19.8929,B,mrac.yaw.theta_2,0.00049537566
19.8929,B,mrac.yaw.theta_3,0
19.8929,B,mrac.yaw.theta_4,0.11258059
19.8929,B,mrac.yaw.theta_5,0.089550011
19.8929,B,mrac.yaw.u_nom,-0.13354701
19.8929,B,mrac.yaw.xm,-1.0471979
19.8929,B,mrac.z.theta_0,0.14976692
19.8929,B,mrac.z.theta_1,4.3561504e-06
19.8929,B,mrac.z.theta_2,0.0051259529
19.8929,B,mrac.z.theta_3,0
19.8929,B,mrac.z.theta_4,0.19815402
19.8929,B,mrac.z.theta_5,0.18705812
19.8929,B,mrac.z.u_nom,0.069405518
19.8929,B,mrac.z.xm,0
19.8929,B,path.active_path_mode,0
19.8929,B,path.circle_theta,0
19.8929,B,path.sinusoid_t_elapsed,0
19.8929,B,path.twc_arrived,0
19.8929,B,path.twc_target_x,0
19.8929,B,path.twc_target_y,0
19.8929,B,path.twc_target_z,0
19.8929,B,pid.gyrox.Des,97.889221
19.8929,B,pid.gyrox.FB,0.85856974
19.8929,B,pid.gyrox.U,271.34198
19.8929,B,pid.gyroy.Des,5.3784561
19.8929,B,pid.gyroy.FB,7.4205146
19.8929,B,pid.gyroy.U,-65.129822
19.8929,B,pid.gyroz.Des,-60
19.8929,B,pid.gyroz.FB,-11.191083
19.8929,B,pid.gyroz.U,-250
19.8929,B,pid.locx.Des,0
19.8929,B,pid.locx.FB,17.270498
19.8929,B,pid.locx.U,-15.838228
19.8929,B,pid.locxs.Des,-15.838228
19.8929,B,pid.locxs.FB,0.45897919
19.8929,B,pid.locxs.U,-49.435417
19.8929,B,pid.locy.Des,0
19.8929,B,pid.locy.FB,89.066376
19.8929,B,pid.locy.U,-72.961929
19.8929,B,pid.locys.Des,-72.961929
19.8929,B,pid.locys.FB,-5.982419
19.8929,B,pid.locys.U,-194.57748
19.8929,B,pid.pitch.Des,-9.6318159
19.8929,B,pid.pitch.FB,-11.384631
19.8929,B,pid.pitch.U,5.3784561
19.8929,B,pid.roll.Des,3.670655
19.8929,B,pid.roll.FB,-28.967724
19.8929,B,pid.roll.U,97.889221
19.8929,B,pid.yaw.Des,-49.635666
19.8929,B,pid.yaw.FB,-4.387218
19.8929,B,pid.yaw.U,-120
19.8929,B,pid.z_pos.Des,0.33449465
19.8929,B,pid.z_pos.FB,0.33449465
19.8929,B,pid.z_pos.U,-0.088317379
19.8929,B,pid.z_rate.Des,0
19.8929,B,pid.z_rate.FB,-0.069209903
19.8929,B,pid.z_rate.U,15.408026
19.8929,B,status.vbat,0
20.0899,A,mrac.pitch.e,-0.514364
20.0899,A,mrac.pitch.u_ad,0.1899132
20.0899,A,mrac.roll.e,-1.7265173
20.0899,A,mrac.roll.u_ad,0
20.0899,A,mrac.yaw.e,1.0725192
20.0899,A,mrac.yaw.u_ad,0
20.0899,A,mrac.z.e,-0.017841361
20.0899,A,mrac.z.u_ad,0.14365274
20.0899,A,status.arm,0
20.0899,A,status.flymode,0
20.0899,A,status.rc_authority,0
20.0899,A,status.sbus_lost,0
20.0899,A,status.twc_arrived,0
20.0899,A,status.twc_execute,0
20.0900,B,mrac.pitch.theta_0,0.14388274
20.0900,B,mrac.pitch.theta_1,0.0039372896
20.0900,B,mrac.pitch.theta_2,0.0039124237
20.0900,B,mrac.pitch.theta_3,0.00333973
20.0900,B,mrac.pitch.theta_4,0.14212184
20.0900,B,mrac.pitch.theta_5,0.14641032
20.0900,B,mrac.pitch.u_nom,0.097346887
20.0900,B,mrac.pitch.xm,0.15357481
20.0900,B,mrac.roll.theta_0,0.14763378
20.0900,B,mrac.roll.theta_1,0.010622311
20.0900,B,mrac.roll.theta_2,0.0088821212
20.0900,B,mrac.roll.theta_3,0.0026471259
20.0900,B,mrac.roll.theta_4,0.12116498
20.0900,B,mrac.roll.theta_5,0.1419801
20.0900,B,mrac.roll.u_nom,0.22818135
20.0900,B,mrac.roll.xm,1.7081802
20.0900,B,mrac.yaw.theta_0,1.1994486e-28
20.0900,B,mrac.yaw.theta_1,0.0286803
20.0900,B,mrac.yaw.theta_2,0.00047854672
20.0900,B,mrac.yaw.theta_3,0
20.0900,B,mrac.yaw.theta_4,0.11260977
20.0900,B,mrac.yaw.theta_5,0.089553103
20.0900,B,mrac.yaw.u_nom,-0.13354701
20.0900,B,mrac.yaw.xm,-1.0471979
20.0900,B,mrac.z.theta_0,0.15030231
20.0900,B,mrac.z.theta_1,4.3541672e-06
20.0900,B,mrac.z.theta_2,0.0051259953
20.0900,B,mrac.z.theta_3,0
20.0900,B,mrac.z.theta_4,0.19815017
20.0900,B,mrac.z.theta_5,0.18705437
20.0900,B,mrac.z.u_nom,-0.045309085
20.0900,B,mrac.z.xm,0
20.0900,B,path.active_path_mode,0
20.0900,B,path.circle_theta,0
20.0900,B,path.sinusoid_t_elapsed,0
20.0900,B,path.twc_arrived,0
20.0900,B,path.twc_target_x,0
20.0900,B,path.twc_target_y,0
20.0900,B,path.twc_target_z,0
20.0900,B,pid.gyrox.Des,97.871475
20.0900,B,pid.gyrox.FB,7.6125884
20.0900,B,pid.gyrox.U,266.97217
20.0900,B,pid.gyroy.Des,8.7991848
20.0900,B,pid.gyroy.FB,-14.630546
20.0900,B,pid.gyroy.U,113.89586
20.0900,B,pid.gyroz.Des,-60
20.0900,B,pid.gyroz.FB,-6.7724562
20.0900,B,pid.gyroz.U,-250
20.0900,B,pid.locx.Des,0
20.0900,B,pid.locx.FB,17.305569
20.0900,B,pid.locx.U,-15.852132
20.0900,B,pid.locxs.Des,-15.852132
20.0900,B,pid.locxs.FB,0.99430376
20.0900,B,pid.locxs.U,-56.540932
20.0900,B,pid.locy.Des,0
20.0900,B,pid.locy.FB,88.672943
20.0900,B,pid.locy.U,-72.866783
20.0900,B,pid.locys.Des,-72.866783
20.0900,B,pid.locys.FB,0.10658341
20.0900,B,pid.locys.U,-219.22647
20.0900,B,pid.pitch.Des,-10.782573
20.0900,B,pid.pitch.FB,-13.519658
20.0900,B,pid.pitch.U,8.7991848
20.0900,B,pid.roll.Des,4.5115848
20.0900,B,pid.roll.FB,-28.21768
20.0900,B,pid.roll.U,97.871475
20.0900,B,pid.yaw.Des,-49.635666
20.0900,B,pid.yaw.FB,-6.1184058
20.0900,B,pid.yaw.U,-120
20.0900,B,pid.z_pos.Des,0.33412886
20.0900,B,pid.z_pos.FB,0.33412886
20.0900,B,pid.z_pos.U,-0.088317379
20.0900,B,pid.z_rate.Des,0
20.0900,B,pid.z_rate.FB,-0.0048336568
20.0900,B,pid.z_rate.U,-10.058617
20.0900,B,status.vbat,0
20.2902,A,mrac.pitch.e,-0.36305046
20.2902,A,mrac.pitch.u_ad,0.18389502
20.2902,A,mrac.roll.e,-1.5560589
20.2902,A,mrac.roll.u_ad,0
20.2902,A,mrac.yaw.e,1.0931754
20.2902,A,mrac.yaw.u_ad,0
20.2902,A,mrac.z.e,0.052070558
20.2902,A,mrac.z.u_ad,0.12044449
20.2902,A,status.arm,0
20.2902,A,status.flymode,0
20.2902,A,status.rc_authority,0
20.2902,A,status.sbus_lost,0
20.2902,A,status.twc_arrived,0
20.2902,A,status.twc_execute,0
20.2903,B,mrac.pitch.theta_0,0.14800166
20.2903,B,mrac.pitch.theta_1,0.0035803688
20.2903,B,mrac.pitch.theta_2,0.0039720708
20.2903,B,mrac.pitch.theta_3,0.0033337967
20.2903,B,mrac.pitch.theta_4,0.14228787
20.2903,B,mrac.pitch.theta_5,0.14639561
20.2903,B,mrac.pitch.u_nom,0.10368239
20.2903,B,mrac.pitch.xm,0.17743601
20.2903,B,mrac.roll.theta_0,0.14763378
20.2903,B,mrac.roll.theta_1,0.010622311
20.2903,B,mrac.roll.theta_2,0.0088821212
20.2903,B,mrac.roll.theta_3,0.0026471259
20.2903,B,mrac.roll.theta_4,0.12116498
20.2903,B,mrac.roll.theta_5,0.1419801
20.2903,B,mrac.roll.u_nom,0.24449781
20.2903,B,mrac.roll.xm,1.7323985
20.2903,B,mrac.yaw.theta_0,7.2342563e-29
20.2903,B,mrac.yaw.theta_1,0.028692348
20.2903,B,mrac.yaw.theta_2,0.00047767913
20.2903,B,mrac.yaw.theta_3,0
20.2903,B,mrac.yaw.theta_4,0.11261694
20.2903,B,mrac.yaw.theta_5,0.089552917
20.2903,B,mrac.yaw.u_nom,-0.13354701
20.2903,B,mrac.yaw.xm,-1.0471979
20.2903,B,mrac.z.theta_0,0.14812459
20.2903,B,mrac.z.theta_1,4.334594e-06
20.2903,B,mrac.z.theta_2,0.0051247291
20.2903,B,mrac.z.theta_3,0
20.2903,B,mrac.z.theta_4,0.19814388
20.2903,B,mrac.z.theta_5,0.18704498
20.2903,B,mrac.z.u_nom,-0.22522677
20.2903,B,mrac.z.xm,0
20.2903,B,path.active_path_mode,0
20.2903,B,path.circle_theta,0
20.2903,B,path.sinusoid_t_elapsed,0
20.2903,B,path.twc_arrived,0
20.2903,B,path.twc_target_x,0
20.2903,B,path.twc_target_y,0
20.2903,B,path.twc_target_z,0
20.2903,B,pid.gyrox.Des,99.259079
20.2903,B,pid.gyrox.FB,5.7163949
20.2903,B,pid.gyrox.U,286.06244
20.2903,B,pid.gyroy.Des,10.16633
20.2903,B,pid.gyroy.FB,-10.181731
20.2903,B,pid.gyroy.U,121.3084
20.2903,B,pid.gyroz.Des,-60
20.2903,B,pid.gyroz.FB,5.6599102
20.2903,B,pid.gyroz.U,-250
20.2903,B,pid.locx.Des,0
20.2903,B,pid.locx.FB,17.374395
20.2903,B,pid.locx.U,-15.899793
20.2903,B,pid.locxs.Des,-15.899793
20.2903,B,pid.locxs.FB,-0.1380662
20.2903,B,pid.locxs.U,-47.498856
20.2903,B,pid.locy.Des,0
20.2903,B,pid.locy.FB,88.393677
20.2903,B,pid.locy.U,-72.710953
20.2903,B,pid.locys.Des,-72.710953
20.2903,B,pid.locys.FB,1.9952288
20.2903,B,pid.locys.U,-221.12617
20.2903,B,pid.pitch.Des,-10.909855
20.2903,B,pid.pitch.FB,-14.285952
20.2903,B,pid.pitch.U,10.16633
20.2903,B,pid.roll.Des,3.5426753
20.2903,B,pid.roll.FB,-29.566513
20.2903,B,pid.roll.U,99.259079
20.2903,B,pid.yaw.Des,-49.635666
20.2903,B,pid.yaw.FB,-3.9584565
20.2903,B,pid.yaw.U,-120
20.2903,B,pid.z_pos.Des,0.33715469
20.2903,B,pid.z_pos.FB,0.33715469
20.2903,B,pid.z_pos.U,-0.088317379
20.2903,B,pid.z_rate.Des,0
20.2903,B,pid.z_rate.FB,0.09590625
20.2903,B,pid.z_rate.U,-50.000343
20.2903,B,status.vbat,0
20.5061,A,mrac.pitch.e,-0.33707488
20.5061,A,mrac.pitch.u_ad,0.17971776
20.5061,A,mrac.roll.e,-1.9987264
20.5061,A,mrac.roll.u_ad,0
20.5061,A,mrac.yaw.e,1.5266826
20.5061,A,mrac.yaw.u_ad,0
20.5061,A,mrac.z.e,0.014475135
20.5061,A,mrac.z.u_ad,0.11999685
20.5061,A,status.arm,0
20.5061,A,status.flymode,0
20.5061,A,status.rc_authority,0
20.5061,A,status.sbus_lost,0
20.5061,A,status.twc_arrived,0
20.5061,A,status.twc_execute,0
20.5061,B,mrac.pitch.theta_0,0.14861532
20.5061,B,mrac.pitch.theta_1,0.0034870377
20.5061,B,mrac.pitch.theta_2,0.003984638
20.5061,B,mrac.pitch.theta_3,0.0033129107
20.5061,B,mrac.pitch.theta_4,0.14233765
20.5061,B,mrac.pitch.theta_5,0.14638112
20.5061,B,mrac.pitch.u_nom,0.031226072
20.5061,B,mrac.pitch.xm,0.16089295
20.5061,B,mrac.roll.theta_0,0.14763378
20.5061,B,mrac.roll.theta_1,0.010622311
20.5061,B,mrac.roll.theta_2,0.0088821212
20.5061,B,mrac.roll.theta_3,0.0026471259
20.5061,B,mrac.roll.theta_4,0.12116498
20.5061,B,mrac.roll.theta_5,0.1419801
20.5061,B,mrac.roll.u_nom,0.2087779
20.5061,B,mrac.roll.xm,1.7013234
20.5061,B,mrac.yaw.theta_0,7.2342563e-29
20.5061,B,mrac.yaw.theta_1,0.028692348
20.5061,B,mrac.yaw.theta_2,0.00047767913
20.5061,B,mrac.yaw.theta_3,0
20.5061,B,mrac.yaw.theta_4,0.11261694
20.5061,B,mrac.yaw.theta_5,0.089552917
20.5061,B,mrac.yaw.u_nom,-0.13354701
20.5061,B,mrac.yaw.xm,-1.0471979
20.5061,B,mrac.z.theta_0,0.1449291
20.5061,B,mrac.z.theta_1,4.3141581e-06
20.5061,B,mrac.z.theta_2,0.0051235859
20.5061,B,mrac.z.theta_3,0
20.5061,B,mrac.z.theta_4,0.19812611
20.5061,B,mrac.z.theta_5,0.18702433
20.5061,B,mrac.z.u_nom,-0.062129136
20.5061,B,mrac.z.xm,0
20.5061,B,path.active_path_mode,0
20.5061,B,path.circle_theta,0
20.5061,B,path.sinusoid_t_elapsed,0
20.5061,B,path.twc_arrived,0
20.5061,B,path.twc_target_x,0
20.5061,B,path.twc_target_y,0
20.5061,B,path.twc_target_z,0
20.5061,B,pid.gyrox.Des,97.478607
20.5061,B,pid.gyrox.FB,-27.992302
20.5061,B,pid.gyrox.U,244.27016
20.5061,B,pid.gyroy.Des,9.218483
20.5061,B,pid.gyroy.FB,-3.5609376
20.5061,B,pid.gyroy.U,36.534504
20.5061,B,pid.gyroz.Des,-60
20.5061,B,pid.gyroz.FB,31.19927
20.5061,B,pid.gyroz.U,-250
20.5061,B,pid.locx.Des,0
20.5061,B,pid.locx.FB,17.177046
20.5061,B,pid.locx.U,-15.605506
20.5061,B,pid.locxs.Des,-15.605506
20.5061,B,pid.locxs.FB,-4.9197087
20.5061,B,pid.locxs.U,-25.682074
20.5061,B,pid.locy.Des,0
20.5061,B,pid.locy.FB,88.28569
20.5061,B,pid.locy.U,-72.484787
20.5061,B,pid.locys.Des,-72.484787
20.5061,B,pid.locys.FB,-3.1299303
20.5061,B,pid.locys.U,-207.7326
20.5061,B,pid.pitch.Des,-10.178539
20.5061,B,pid.pitch.FB,-13.376247
20.5061,B,pid.pitch.U,9.218483
20.5061,B,pid.roll.Des,1.7679838
20.5061,B,pid.roll.FB,-31.720097
20.5061,B,pid.roll.U,97.478607
20.5061,B,pid.yaw.Des,-49.635666
20.5061,B,pid.yaw.FB,-1.5008587
20.5061,B,pid.yaw.U,-120
20.5061,B,pid.z_pos.Des,0.33929595
20.5061,B,pid.z_pos.FB,0.33929595
20.5061,B,pid.z_pos.U,-0.088317379
20.5061,B,pid.z_rate.Des,0
20.5061,B,pid.z_rate.FB,0.0042945966
20.5061,B,pid.z_rate.U,-13.792668
20.5061,B,status.vbat,0
20.7066,A,mrac.pitch.e,-0.43329936
20.7066,A,mrac.pitch.u_ad,0.2060063
20.7066,A,mrac.roll.e,-2.0587132
20.7066,A,mrac.roll.u_ad,0
20.7066,A,mrac.yaw.e,1.1920643
20.7066,A,mrac.yaw.u_ad,0
20.7066,A,mrac.z.e,-0.040254962
20.7066,A,mrac.z.u_ad,0.13981128
20.7066,A,status.arm,0
20.7066,A,status.flymode,0
20.7066,A,status.rc_authority,0
20.7066,A,status.sbus_lost,0
20.7066,A,status.twc_arrived,0
20.7066,A,status.twc_execute,0
20.7066,B,mrac.pitch.theta_0,0.14900883
20.7066,B,mrac.pitch.theta_1,0.0026872973
20.7066,B,mrac.pitch.theta_2,0.0042035361
20.7066,B,mrac.pitch.theta_3,0.0032991697
20.7066,B,mrac.pitch.theta_4,0.14271171
20.7066,B,mrac.pitch.theta_5,0.14635669
20.7066,B,mrac.pitch.u_nom,0.099974804
20.7066,B,mrac.pitch.xm,0.28433996
20.7066,B,mrac.roll.theta_0,0.14763378
20.7066,B,mrac.roll.theta_1,0.010622311
20.7066,B,mrac.roll.theta_2,0.0088821212
20.7066,B,mrac.roll.theta_3,0.0026471259
20.7066,B,mrac.roll.theta_4,0.12116498
20.7066,B,mrac.roll.theta_5,0.1419801
20.7066,B,mrac.roll.u_nom,0.25641027
20.7066,B,mrac.roll.xm,2.0244615
20.7066,B,mrac.yaw.theta_0,3.3233889e-29
20.7066,B,mrac.yaw.theta_1,0.028717112
20.7066,B,mrac.yaw.theta_2,0.00047580074
20.7066,B,mrac.yaw.theta_3,0
20.7066,B,mrac.yaw.theta_4,0.11262829
20.7066,B,mrac.yaw.theta_5,0.089552946
20.7066,B,mrac.yaw.u_nom,-0.13354701
20.7066,B,mrac.yaw.xm,-1.0471979
20.7066,B,mrac.z.theta_0,0.14213963
20.7066,B,mrac.z.theta_1,4.2948755e-06
20.7066,B,mrac.z.theta_2,0.0051225084
20.7066,B,mrac.z.theta_3,0
20.7066,B,mrac.z.theta_4,0.19811209
20.7066,B,mrac.z.theta_5,0.18700744
20.7066,B,mrac.z.u_nom,0.0065549514
20.7066,B,mrac.z.xm,0
20.7066,B,path.active_path_mode,0
20.7066,B,path.circle_theta,0
20.7066,B,path.sinusoid_t_elapsed,0
20.7066,B,path.twc_arrived,0
20.7066,B,path.twc_target_x,0
20.7066,B,path.twc_target_y,0
20.7066,B,path.twc_target_z,0
20.7066,B,pid.gyrox.Des,115.99306
20.7066,B,pid.gyrox.FB,-7.8472962
20.7066,B,pid.gyrox.U,300
20.7066,B,pid.gyroy.Des,16.291473
20.7066,B,pid.gyroy.FB,-9.7714024
20.7066,B,pid.gyroy.U,116.97052
20.7066,B,pid.gyroz.Des,-60
20.7066,B,pid.gyroz.FB,3.7069554
20.7066,B,pid.gyroz.U,-250
20.7066,B,pid.locx.Des,0
20.7066,B,pid.locx.FB,16.267824
20.7066,B,pid.locx.U,-14.970116
20.7066,B,pid.locxs.Des,-14.970116
20.7066,B,pid.locxs.FB,-0.99859852
20.7066,B,pid.locxs.U,-47.85347
20.7066,B,pid.locy.Des,0
20.7066,B,pid.locy.FB,87.303581
20.7066,B,pid.locy.U,-71.765076
20.7066,B,pid.locys.Des,-71.765076
20.7066,B,pid.locys.FB,0.05292454
20.7066,B,pid.locys.U,-215.06326
20.7066,B,pid.pitch.Des,-10.267898
20.7066,B,pid.pitch.FB,-15.602152
20.7066,B,pid.pitch.U,16.291473
20.7066,B,pid.roll.Des,2.047693
20.7066,B,pid.roll.FB,-35.15963
20.7066,B,pid.roll.U,115.99306
20.7066,B,pid.yaw.Des,-49.635666
20.7066,B,pid.yaw.FB,3.0337725
20.7066,B,pid.yaw.U,-120
20.7066,B,pid.z_pos.Des,0.33859333
20.7066,B,pid.z_pos.FB,0.33859333
20.7066,B,pid.z_pos.U,-0.088317379
20.7066,B,pid.z_rate.Des,0
20.7066,B,pid.z_rate.FB,-0.0336737
20.7066,B,pid.z_rate.U,1.4551992
20.7066,B,status.vbat,0
20.9233,A,mrac.pitch.e,-0.16350862
20.9233,A,mrac.pitch.u_ad,0.18913318
20.9233,A,mrac.roll.e,-2.1615236
20.9233,A,mrac.roll.u_ad,0
20.9233,A,mrac.yaw.e,1.4508324
20.9233,A,mrac.yaw.u_ad,0
20.9233,A,mrac.z.e,0.040027536
20.9233,A,mrac.z.u_ad,0.11089539
20.9233,A,status.arm,0
20.9233,A,status.flymode,0
20.9233,A,status.rc_authority,0
20.9233,A,status.sbus_lost,0
20.9233,A,status.twc_arrived,0
20.9233,A,status.twc_execute,0
20.9234,B,mrac.pitch.theta_0,0.14903018
20.9234,B,mrac.pitch.theta_1,0.0027303603
20.9234,B,mrac.pitch.theta_2,0.0042171911
20.9234,B,mrac.pitch.theta_3,0.0032879438
20.9234,B,mrac.pitch.theta_4,0.14278774
20.9234,B,mrac.pitch.theta_5,0.14636444
20.9234,B,mrac.pitch.u_nom,0.054610949
20.9234,B,mrac.pitch.xm,0.25973091
20.9234,B,mrac.roll.theta_0,0.14763378
20.9234,B,mrac.roll.theta_1,0.010622311
20.9234,B,mrac.roll.theta_2,0.0088821212
20.9234,B,mrac.roll.theta_3,0.0026471259
20.9234,B,mrac.roll.theta_4,0.12116498
20.9234,B,mrac.roll.theta_5,0.1419801
20.9234,B,mrac.roll.u_nom,0.25641027
20.9234,B,mrac.roll.xm,2.0628858
20.9234,B,mrac.yaw.theta_0,3.3233889e-29
20.9234,B,mrac.yaw.theta_1,0.028717112
20.9234,B,mrac.yaw.theta_2,0.00047580074
20.9234,B,mrac.yaw.theta_3,0
20.9234,B,mrac.yaw.theta_4,0.11262829
20.9234,B,mrac.yaw.theta_5,0.089552946
20.9234,B,mrac.yaw.u_nom,-0.13354701
20.9234,B,mrac.yaw.xm,-1.0471979
20.9234,B,mrac.z.theta_0,0.14292939
20.9234,B,mrac.z.theta_1,4.2825282e-06
20.9234,B,mrac.z.theta_2,0.0051223282
20.9234,B,mrac.z.theta_3,0
20.9234,B,mrac.z.theta_4,0.19809195
20.9234,B,mrac.z.theta_5,0.18698695
20.9234,B,mrac.z.u_nom,-0.073850304
20.9234,B,mrac.z.xm,0
20.9234,B,path.active_path_mode,0
20.9234,B,path.circle_theta,0
20.9234,B,path.sinusoid_t_elapsed,0
20.9234,B,path.twc_arrived,0
20.9234,B,path.twc_target_x,0
20.9234,B,path.twc_target_y,0
20.9234,B,path.twc_target_z,0
20.9234,B,pid.gyrox.Des,118.1946
20.9234,B,pid.gyrox.FB,-6.1014409
20.9234,B,pid.gyrox.U,300
20.9234,B,pid.gyroy.Des,14.881479
20.9234,B,pid.gyroy.FB,-2.2164311
20.9234,B,pid.gyroy.U,63.89481
20.9234,B,pid.gyroz.Des,-60
20.9234,B,pid.gyroz.FB,22.079182
20.9234,B,pid.gyroz.U,-250
20.9234,B,pid.locx.Des,0
20.9234,B,pid.locx.FB,16.303572
20.9234,B,pid.locx.U,-15.031798
20.9234,B,pid.locxs.Des,-15.031798
20.9234,B,pid.locxs.FB,-0.23790333
20.9234,B,pid.locxs.U,-43.642128
20.9234,B,pid.locy.Des,0
20.9234,B,pid.locy.FB,86.79969
20.9234,B,pid.locy.U,-71.296158
20.9234,B,pid.locys.Des,-71.296158
20.9234,B,pid.locys.FB,-2.9905522
20.9234,B,pid.locys.U,-198.76273
20.9234,B,pid.pitch.Des,-9.2394371
20.9234,B,pid.pitch.FB,-14.378313
20.9234,B,pid.pitch.U,14.881479
20.9234,B,pid.roll.Des,1.5697106
20.9234,B,pid.roll.FB,-37.692165
20.9234,B,pid.roll.U,118.1946
20.9234,B,pid.yaw.Des,-49.635666
20.9234,B,pid.yaw.FB,4.548398
20.9234,B,pid.yaw.U,-120
20.9234,B,pid.z_pos.Des,0.33726948
20.9234,B,pid.z_pos.FB,0.33726948
20.9234,B,pid.z_pos.U,-0.088317379
20.9234,B,pid.z_rate.Des,0
20.9234,B,pid.z_rate.FB,0.011683078
20.9234,B,pid.z_rate.U,-16.394768
20.9234,B,status.vbat,0
21.1405,A,mrac.pitch.e,-0.37732649
21.1405,A,mrac.pitch.u_ad,0.16736315
21.1405,A,mrac.roll.e,-2.2352881
21.1405,A,mrac.roll.u_ad,0
21.1405,A,mrac.yaw.e,0.41314334
21.1405,A,mrac.yaw.u_ad,-0.082208544
21.1405,A,mrac.z.e,0.0626048
21.1405,A,mrac.z.u_ad,0.1012522
21.1405,A,status.arm,0
21.1405,A,status.flymode,0
21.1405,A,status.rc_authority,0
21.1405,A,status.sbus_lost,0
21.1405,A,status.twc_arrived,0
21.1405,A,status.twc_execute,0
21.1406,B,mrac.pitch.theta_0,0.14068373
21.1406,B,mrac.pitch.theta_1,0.0027003577
21.1406,B,mrac.pitch.theta_2,0.004200133
21.1406,B,mrac.pitch.theta_3,0.0032894022
21.1406,B,mrac.pitch.theta_4,0.14282592
21.1406,B,mrac.pitch.theta_5,0.14629255
21.1406,B,mrac.pitch.u_nom,0.061439402
21.1406,B,mrac.pitch.xm,0.077105023
21.1406,B,mrac.roll.theta_0,0.14763378
21.1406,B,mrac.roll.theta_1,0.010622311
21.1406,B,mrac.roll.theta_2,0.0088821212
21.1406,B,mrac.roll.theta_3,0.0026471259
21.1406,B,mrac.roll.theta_4,0.12116498
21.1406,B,mrac.roll.theta_5,0.1419801
21.1406,B,mrac.roll.u_nom,0.22992945
21.1406,B,mrac.roll.xm,2.2393589
21.1406,B,mrac.yaw.theta_0,3.1388156e-29
21.1406,B,mrac.yaw.theta_1,0.028717645
21.1406,B,mrac.yaw.theta_2,0.00047576046
21.1406,B,mrac.yaw.theta_3,0
21.1406,B,mrac.yaw.theta_4,0.11262904
21.1406,B,mrac.yaw.theta_5,0.089552887
21.1406,B,mrac.yaw.u_nom,-0.13354701
21.1406,B,mrac.yaw.xm,-1.0471979
21.1406,B,mrac.z.theta_0,0.13560791
21.1406,B,mrac.z.theta_1,4.2230431e-06
21.1406,B,mrac.z.theta_2,0.0051185833
21.1406,B,mrac.z.theta_3,0
21.1406,B,mrac.z.theta_4,0.19806032
21.1406,B,mrac.z.theta_5,0.18694597
21.1406,B,mrac.z.u_nom,-0.054134
21.1406,B,mrac.z.xm,0
21.1406,B,path.active_path_mode,0
21.1406,B,path.circle_theta,0
21.1406,B,path.sinusoid_t_elapsed,0
21.1406,B,path.twc_arrived,0
21.1406,B,path.twc_target_x,0
21.1406,B,path.twc_target_y,0
21.1406,B,path.twc_target_z,0
21.1406,B,pid.gyrox.Des,128.30576
21.1406,B,pid.gyrox.FB,0.54764682
21.1406,B,pid.gyrox.U,269.01746
21.1406,B,pid.gyroy.Des,4.4177904
21.1406,B,pid.gyroy.FB,-7.6911392
21.1406,B,pid.gyroy.U,71.884102
21.1406,B,pid.gyroz.Des,-60
21.1406,B,pid.gyroz.FB,-3.7238431
21.1406,B,pid.gyroz.U,-250
21.1406,B,pid.locx.Des,0
21.1406,B,pid.locx.FB,16.729557
21.1406,B,pid.locx.U,-15.582354
21.1406,B,pid.locxs.Des,-15.582354
21.1406,B,pid.locxs.FB,5.3983026
21.1406,B,pid.locxs.U,-63.207172
21.1406,B,pid.locy.Des,0
21.1406,B,pid.locy.FB,86.40625
21.1406,B,pid.locy.U,-71.252563
21.1406,B,pid.locys.Des,-71.252563
21.1406,B,pid.locys.FB,3.4435923
21.1406,B,pid.locys.U,-224.24419
21.1406,B,pid.pitch.Des,-10.094501
21.1406,B,pid.pitch.FB,-11.482836
21.1406,B,pid.pitch.U,4.4177904
21.1406,B,pid.roll.Des,2.2270768
21.1406,B,pid.roll.FB,-40.533108
21.1406,B,pid.roll.U,128.30576
21.1406,B,pid.yaw.Des,-49.635666
21.1406,B,pid.yaw.FB,6.125895
21.1406,B,pid.yaw.U,-120
21.1406,B,pid.z_pos.Des,0.35006467
21.1406,B,pid.z_pos.FB,0.35006467
21.1406,B,pid.z_pos.U,-0.088317379
21.1406,B,pid.z_rate.Des,0
21.1406,B,pid.z_rate.FB,-0.00088640442
21.1406,B,pid.z_rate.U,-12.017748
21.1406,B,status.vbat,0
21.3567,A,mrac.pitch.e,-0.021735966
21.3567,A,mrac.pitch.u_ad,0.18268844
21.3567,A,mrac.roll.e,-1.7377744
21.3567,A,mrac.roll.u_ad,0
21.3567,A,mrac.yaw.e,0.71714789
21.3567,A,mrac.yaw.u_ad,-0.1202463
21.3567,A,mrac.z.e,0.094325021
21.3567,A,mrac.z.u_ad,0.10096486
21.3567,A,status.arm,0
21.3567,A,status.flymode,0
21.3567,A,status.rc_authority,0
21.3567,A,status.sbus_lost,0
21.3567,A,status.twc_arrived,0
21.3567,A,status.twc_execute,0
21.3567,B,mrac.pitch.theta_0,0.14108898
21.3567,B,mrac.pitch.theta_1,0.0024795267
21.3567,B,mrac.pitch.theta_2,0.0042093783
21.3567,B,mrac.pitch.theta_3,0.0032941331
21.3567,B,mrac.pitch.theta_4,0.14296512
21.3567,B,mrac.pitch.theta_5,0.14615999
21.3567,B,mrac.pitch.u_nom,0.071461499
21.3567,B,mrac.pitch.xm,0.29211566
21.3567,B,mrac.roll.theta_0,0.14763378
21.3567,B,mrac.roll.theta_1,0.010622311
21.3567,B,mrac.roll.theta_2,0.0088821212
21.3567,B,mrac.roll.theta_3,0.0026471259
21.3567,B,mrac.roll.theta_4,0.12116498
21.3567,B,mrac.roll.theta_5,0.1419801
21.3567,B,mrac.roll.u_nom,0.25641027
21.3567,B,mrac.roll.xm,2.0714426
21.3567,B,mrac.yaw.theta_0,7.0932677e-30
21.3567,B,mrac.yaw.theta_1,0.028943354
21.3567,B,mrac.yaw.theta_2,0.00042767232
21.3567,B,mrac.yaw.theta_3,0
21.3567,B,mrac.yaw.theta_4,0.11263252
21.3567,B,mrac.yaw.theta_5,0.089549519
21.3567,B,mrac.yaw.u_nom,-0.13354701
21.3567,B,mrac.yaw.xm,-1.0471979
21.3567,B,mrac.z.theta_0,0.13398784
21.3567,B,mrac.z.theta_1,4.1616031e-06
21.3567,B,mrac.z.theta_2,0.0051186332
21.3567,B,mrac.z.theta_3,0
21.3567,B,mrac.z.theta_4,0.19801773
21.3567,B,mrac.z.theta_5,0.18689568
21.3567,B,mrac.z.u_nom,-0.21434808
21.3567,B,mrac.z.xm,0
21.3567,B,path.active_path_mode,0
21.3567,B,path.circle_theta,0
21.3567,B,path.sinusoid_t_elapsed,0
21.3567,B,path.twc_arrived,0
21.3567,B,path.twc_target_x,0
21.3567,B,path.twc_target_y,0
21.3567,B,path.twc_target_z,0
21.3567,B,pid.gyrox.Des,118.68488
21.3567,B,pid.gyrox.FB,18.46133
21.3567,B,pid.gyrox.U,300
21.3567,B,pid.gyroy.Des,16.736988
21.3567,B,pid.gyroy.FB,8.0183506
21.3567,B,pid.gyroy.U,83.609955
21.3567,B,pid.gyroz.Des,-60
21.3567,B,pid.gyroz.FB,-22.616079
21.3567,B,pid.gyroz.U,-250
21.3567,B,pid.locx.Des,0
21.3567,B,pid.locx.FB,17.624683
21.3567,B,pid.locx.U,-16.095966
21.3567,B,pid.locxs.Des,-16.095966
21.3567,B,pid.locxs.FB,1.8725194
21.3567,B,pid.locxs.U,-41.434093
21.3567,B,pid.locy.Des,0
21.3567,B,pid.locy.FB,87.186371
21.3567,B,pid.locy.U,-71.965065
21.3567,B,pid.locys.Des,-71.965065
21.3567,B,pid.locys.FB,6.0409989
21.3567,B,pid.locys.U,-240.412
21.3567,B,pid.pitch.Des,-11.00852
21.3567,B,pid.pitch.FB,-16.512918
21.3567,B,pid.pitch.U,16.736988
21.3567,B,pid.roll.Des,2.6037691
21.3567,B,pid.roll.FB,-37.192314
21.3567,B,pid.roll.U,118.68488
21.3567,B,pid.yaw.Des,-49.635666
21.3567,B,pid.yaw.FB,-1.2131606
21.3567,B,pid.yaw.U,-120
21.3567,B,pid.z_pos.Des,0.35896516
21.3567,B,pid.z_pos.FB,0.35896516
21.3567,B,pid.z_pos.U,-0.088317379
21.3567,B,pid.z_rate.Des,0
21.3567,B,pid.z_rate.FB,0.086945303
21.3567,B,pid.z_rate.U,-47.585274
21.3567,B,status.vbat,0
21.5566,A,mrac.pitch.e,-0.15873823
21.5566,A,mrac.pitch.u_ad,0.16630913
21.5566,A,mrac.roll.e,-1.1572987
21.5566,A,mrac.roll.u_ad,0.20535579
21.5566,A,mrac.yaw.e,0.79357183
21.5566,A,mrac.yaw.u_ad,-0.11670951
21.5566,A,mrac.z.e,0.12245037
21.5566,A,mrac.z.u_ad,0.07122913
21.5566,A,status.arm,0
21.5566,A,status.flymode,0
21.5566,A,status.rc_authority,0
21.5566,A,status.sbus_lost,0
21.5566,A,status.twc_arrived,0
21.5566,A,status.twc_execute,0
21.5567,B,mrac.pitch.theta_0,0.13712718
21.5567,B,mrac.pitch.theta_1,0.0024657482
21.5567,B,mrac.pitch.theta_2,0.0041873874
21.5567,B,mrac.pitch.theta_3,0.0033011292
21.5567,B,mrac.pitch.theta_4,0.14297807
21.5567,B,mrac.pitch.theta_5,0.14604601
21.5567,B,mrac.pitch.u_nom,-0.0029652701
21.5567,B,mrac.pitch.xm,0.1900259
21.5567,B,mrac.roll.theta_0,0.14763378
21.5567,B,mrac.roll.theta_1,0.010622311
21.5567,B,mrac.roll.theta_2,0.0088821212
21.5567,B,mrac.roll.theta_3,0.0026471259
21.5567,B,mrac.roll.theta_4,0.12116498
21.5567,B,mrac.roll.theta_5,0.1419801
21.5567,B,mrac.roll.u_nom,0.19579926
21.5567,B,mrac.roll.xm,1.8249094
21.5567,B,mrac.yaw.theta_0,1.2599094e-30
21.5567,B,mrac.yaw.theta_1,0.029047662
21.5567,B,mrac.yaw.theta_2,0.00041344453
21.5567,B,mrac.yaw.theta_3,0
21.5567,B,mrac.yaw.theta_4,0.11266123
21.5567,B,mrac.yaw.theta_5,0.089552976
21.5567,B,mrac.yaw.u_nom,-0.13354701
21.5567,B,mrac.yaw.xm,-1.0471979
21.5567,B,mrac.z.theta_0,0.12248816
21.5567,B,mrac.z.theta_1,4.0614818e-06
21.5567,B,mrac.z.theta_2,0.0051124934
21.5567,B,mrac.z.theta_3,0
21.5567,B,mrac.z.theta_4,0.19797243
21.5567,B,mrac.z.theta_5,0.18683235
21.5567,B,mrac.z.u_nom,-0.23405121
21.5567,B,mrac.z.xm,0
21.5567,B,path.active_path_mode,0
21.5567,B,path.circle_theta,0
21.5567,B,path.sinusoid_t_elapsed,0
21.5567,B,path.twc_arrived,0
21.5567,B,path.twc_target_x,0
21.5567,B,path.twc_target_y,0
21.5567,B,path.twc_target_z,0
21.5567,B,pid.gyrox.Des,104.55956
21.5567,B,pid.gyrox.FB,26.242529
21.5567,B,pid.gyrox.U,229.08514
21.5567,B,pid.gyroy.Des,10.887677
21.5567,B,pid.gyroy.FB,3.9310699
21.5567,B,pid.gyroy.U,-3.4693661
21.5567,B,pid.gyroz.Des,-60
21.5567,B,pid.gyroz.FB,-17.603731
21.5567,B,pid.gyroz.U,-250
21.5567,B,pid.locx.Des,0
21.5567,B,pid.locx.FB,16.575359
21.5567,B,pid.locx.U,-14.82092
21.5567,B,pid.locxs.Des,-14.82092
21.5567,B,pid.locxs.FB,-9.249568
21.5567,B,pid.locxs.U,-15.808132
21.5567,B,pid.locy.Des,0
21.5567,B,pid.locy.FB,89.021835
21.5567,B,pid.locy.U,-73.761093
21.5567,B,pid.locys.Des,-73.761093
21.5567,B,pid.locys.FB,15.311613
21.5567,B,pid.locys.U,-267.93665
21.5567,B,pid.pitch.Des,-12.794538
21.5567,B,pid.pitch.FB,-16.373516
21.5567,B,pid.pitch.U,10.887677
21.5567,B,pid.roll.Des,2.0792809
21.5567,B,pid.roll.FB,-33.093426
21.5567,B,pid.roll.U,104.55956
21.5567,B,pid.yaw.Des,-49.635666
21.5567,B,pid.yaw.FB,-4.5706391
21.5567,B,pid.yaw.U,-120
21.5567,B,pid.z_pos.Des,0.37778831
21.5567,B,pid.z_pos.FB,0.37778831
21.5567,B,pid.z_pos.U,-0.088317379
21.5567,B,pid.z_rate.Des,0
21.5567,B,pid.z_rate.FB,0.097273424
21.5567,B,pid.z_rate.U,-51.95937
21.5567,B,status.vbat,0
21.7570,A,mrac.pitch.e,0.51107073
21.7570,A,mrac.pitch.u_ad,0.10681747
21.7570,A,mrac.roll.e,-2.2349753
21.7570,A,mrac.roll.u_ad,0
21.7570,A,mrac.yaw.e,1.6310654
21.7570,A,mrac.yaw.u_ad,0
21.7570,A,mrac.z.e,0.086335301
21.7570,A,mrac.z.u_ad,0.068198487
21.7570,A,status.arm,0
21.7570,A,status.flymode,0
21.7570,A,status.rc_authority,0
21.7570,A,status.sbus_lost,0
21.7570,A,status.twc_arrived,0
21.7570,A,status.twc_execute,0
21.7570,B,mrac.pitch.theta_0,0.13446315
21.7570,B,mrac.pitch.theta_1,0.0024515784
21.7570,B,mrac.pitch.theta_2,0.0041775401
21.7570,B,mrac.pitch.theta_3,0.0032973783
21.7570,B,mrac.pitch.theta_4,0.14299197
21.7570,B,mrac.pitch.theta_5,0.14600264
21.7570,B,mrac.pitch.u_nom,-0.11055533
21.7570,B,mrac.pitch.xm,0.046748169
21.7570,B,mrac.roll.theta_0,0.1474764
21.7570,B,mrac.roll.theta_1,0.011142982
21.7570,B,mrac.roll.theta_2,0.0089490321
21.7570,B,mrac.roll.theta_3,0.0026466551
21.7570,B,mrac.roll.theta_4,0.12123813
21.7570,B,mrac.roll.theta_5,0.14213859
21.7570,B,mrac.roll.u_nom,0.25269735
21.7570,B,mrac.roll.xm,1.5859592
21.7570,B,mrac.yaw.theta_0,4.905558e-31
21.7570,B,mrac.yaw.theta_1,0.029087875
21.7570,B,mrac.yaw.theta_2,0.00040780156
21.7570,B,mrac.yaw.theta_3,0
21.7570,B,mrac.yaw.theta_4,0.11267599
21.7570,B,mrac.yaw.theta_5,0.089554086
21.7570,B,mrac.yaw.u_nom,-0.13354701
21.7570,B,mrac.yaw.xm,-1.0471979
21.7570,B,mrac.z.theta_0,0.11236111
21.7570,B,mrac.z.theta_1,3.9664328e-06
21.7570,B,mrac.z.theta_2,0.0051064049
21.7570,B,mrac.z.theta_3,0
21.7570,B,mrac.z.theta_4,0.19792891
21.7570,B,mrac.z.theta_5,0.18677089
21.7570,B,mrac.z.u_nom,-0.16485147
21.7570,B,mrac.z.xm,0
21.7570,B,path.active_path_mode,0
21.7570,B,path.circle_theta,0
21.7570,B,path.sinusoid_t_elapsed,0
21.7570,B,path.twc_arrived,0
21.7570,B,path.twc_target_x,0
21.7570,B,path.twc_target_y,0
21.7570,B,path.twc_target_z,0
21.7570,B,pid.gyrox.Des,90.868729
21.7570,B,pid.gyrox.FB,-14.237226
21.7570,B,pid.gyrox.U,295.65588
21.7570,B,pid.gyroy.Des,2.6784716
21.7570,B,pid.gyroy.FB,20.086588
21.7570,B,pid.gyroy.U,-129.34973
21.7570,B,pid.gyroz.Des,-60
21.7570,B,pid.gyroz.FB,22.011906
21.7570,B,pid.gyroz.U,-250
21.7570,B,pid.locx.Des,0
21.7570,B,pid.locx.FB,14.091685
21.7570,B,pid.locx.U,-12.711043
21.7570,B,pid.locxs.Des,-12.711043
21.7570,B,pid.locxs.FB,-12.059629
21.7570,B,pid.locxs.U,-1.4564238
21.7570,B,pid.locy.Des,0
21.7570,B,pid.locy.FB,92.084137
21.7570,B,pid.locy.U,-76.497147
21.7570,B,pid.locys.Des,-76.497147
21.7570,B,pid.locys.FB,20.941954
21.7570,B,pid.locys.U,-293.41586
21.7570,B,pid.pitch.Des,-14.532733
21.7570,B,pid.pitch.FB,-15.837633
21.7570,B,pid.pitch.U,2.6784716
21.7570,B,pid.roll.Des,1.6594251
21.7570,B,pid.roll.FB,-29.447285
21.7570,B,pid.roll.U,90.868729
21.7570,B,pid.yaw.Des,-49.635666
21.7570,B,pid.yaw.FB,-5.4919629
21.7570,B,pid.yaw.U,-120
21.7570,B,pid.z_pos.Des,0.39374334
21.7570,B,pid.z_pos.FB,0.39374334
21.7570,B,pid.z_pos.U,-0.088317379
21.7570,B,pid.z_rate.Des,0
21.7570,B,pid.z_rate.FB,0.058867563
21.7570,B,pid.z_rate.U,-36.597027
21.7570,B,status.vbat,0
21.9606,A,mrac.pitch.e,0.55525565
21.9606,A,mrac.pitch.u_ad,-0.0081225624
21.9606,A,mrac.roll.e,-2.4962566
21.9606,A,mrac.roll.u_ad,0
21.9606,A,mrac.yaw.e,0.94613183
21.9606,A,mrac.yaw.u_ad,-0.045563638
21.9606,A,mrac.z.e,0.0035797292
21.9606,A,mrac.z.u_ad,0.06872113
21.9606,A,status.arm,0
21.9606,A,status.flymode,0
21.9606,A,status.rc_authority,0
21.9606,A,status.sbus_lost,0
21.9606,A,status.twc_arrived,0
21.9606,A,status.twc_execute,0
21.9607,B,mrac.pitch.theta_0,0.068950124
21.9607,B,mrac.pitch.theta_1,0.0016244095
21.9607,B,mrac.pitch.theta_2,0.0038041163
21.9607,B,mrac.pitch.theta_3,0.0037753971
21.9607,B,mrac.pitch.theta_4,0.14357337
21.9607,B,mrac.pitch.theta_5,0.14593858
21.9607,B,mrac.pitch.u_nom,-0.15975793
21.9607,B,mrac.pitch.xm,-0.36286992
21.9607,B,mrac.roll.theta_0,0.1474764
21.9607,B,mrac.roll.theta_1,0.011142982
21.9607,B,mrac.roll.theta_2,0.0089490321
21.9607,B,mrac.roll.theta_3,0.0026466551
21.9607,B,mrac.roll.theta_4,0.12123813
21.9607,B,mrac.roll.theta_5,0.14213859
21.9607,B,mrac.roll.u_nom,0.25641027
21.9607,B,mrac.roll.xm,2.3314643
21.9607,B,mrac.yaw.theta_0,4.905558e-31
21.9607,B,mrac.yaw.theta_1,0.029087875
21.9607,B,mrac.yaw.theta_2,0.00040780156
21.9607,B,mrac.yaw.theta_3,0
21.9607,B,mrac.yaw.theta_4,0.11267599
21.9607,B,mrac.yaw.theta_5,0.089554086
21.9607,B,mrac.yaw.u_nom,-0.13354701
21.9607,B,mrac.yaw.xm,-1.0471979
21.9607,B,mrac.z.theta_0,0.10255913
21.9607,B,mrac.z.theta_1,3.8411772e-06
21.9607,B,mrac.z.theta_2,0.0050952281
21.9607,B,mrac.z.theta_3,0
21.9607,B,mrac.z.theta_4,0.19789454
21.9607,B,mrac.z.theta_5,0.18671128
21.9607,B,mrac.z.u_nom,-0.25306419
21.9607,B,mrac.z.xm,0
21.9607,B,path.active_path_mode,0
21.9607,B,path.circle_theta,0
21.9607,B,path.sinusoid_t_elapsed,0
21.9607,B,path.twc_arrived,0
21.9607,B,path.twc_target_x,0
21.9607,B,path.twc_target_y,0
21.9607,B,path.twc_target_z,0
21.9607,B,pid.gyrox.Des,133.58301
21.9607,B,pid.gyrox.FB,-23.45183
21.9607,B,pid.gyrox.U,300
21.9607,B,pid.gyroy.Des,-20.790907
21.9607,B,pid.gyroy.FB,16.721472
21.9607,B,pid.gyroy.U,-186.91678
21.9607,B,pid.gyroz.Des,-60
21.9607,B,pid.gyroz.FB,1.5260413
21.9607,B,pid.gyroz.U,-250
21.9607,B,pid.locx.Des,0
21.9607,B,pid.locx.FB,13.532363
21.9607,B,pid.locx.U,-13.161325
21.9607,B,pid.locxs.Des,-13.161325
21.9607,B,pid.locxs.FB,7.3791127
21.9607,B,pid.locxs.U,-67.995834
21.9607,B,pid.locy.Des,0
21.9607,B,pid.locy.FB,96.793427
21.9607,B,pid.locy.U,-80.302574
21.9607,B,pid.locys.Des,-80.302574
21.9607,B,pid.locys.FB,21.622873
21.9607,B,pid.locys.U,-307.36642
21.9607,B,pid.pitch.Des,-13.708477
21.9607,B,pid.pitch.FB,-6.9844151
21.9607,B,pid.pitch.U,-20.790907
21.9607,B,pid.roll.Des,5.2706475
21.9607,B,pid.roll.FB,-37.44846
21.9607,B,pid.roll.U,133.58301
21.9607,B,pid.yaw.Des,-49.635666
21.9607,B,pid.yaw.FB,-4.355659
21.9607,B,pid.yaw.U,-120
21.9607,B,pid.z_pos.Des,0.41764507
21.9607,B,pid.z_pos.FB,0.41764507
21.9607,B,pid.z_pos.U,-0.088317379
21.9607,B,pid.z_rate.Des,0
21.9607,B,pid.z_rate.FB,0.10782563
21.9607,B,pid.z_rate.U,-56.180252
21.9607,B,status.vbat,0
22.1761,A,mrac.pitch.e,-0.36017549
22.1761,A,mrac.pitch.u_ad,0.012259681
22.1761,A,mrac.roll.e,-1.4249811
22.1761,A,mrac.roll.u_ad,0
22.1761,A,mrac.yaw.e,0.87569159
22.1761,A,mrac.yaw.u_ad,-0.11195334
22.1761,A,mrac.z.e,-0.064200096
22.1761,A,mrac.z.u_ad,0.12818202
22.1761,A,status.arm,0
22.1761,A,status.flymode,0
22.1761,A,status.rc_authority,0
22.1761,A,status.sbus_lost,0
22.1761,A,status.twc_arrived,0
22.1761,A,status.twc_execute,0
22.1762,B,mrac.pitch.theta_0,0.039835773
22.1762,B,mrac.pitch.theta_1,0.0017860612
22.1762,B,mrac.pitch.theta_2,0.0037818989
22.1762,B,mrac.pitch.theta_3,0.0037821296
22.1762,B,mrac.pitch.theta_4,0.14371036
22.1762,B,mrac.pitch.theta_5,0.14597178
22.1762,B,mrac.pitch.u_nom,-0.070361428
22.1762,B,mrac.pitch.xm,-0.29884312
22.1762,B,mrac.roll.theta_0,0.1474764
22.1762,B,mrac.roll.theta_1,0.011142982
22.1762,B,mrac.roll.theta_2,0.0089490321
22.1762,B,mrac.roll.theta_3,0.0026466551
22.1762,B,mrac.roll.theta_4,0.12123813
22.1762,B,mrac.roll.theta_5,0.14213859
22.1762,B,mrac.roll.u_nom,0.25562915
22.1762,B,mrac.roll.xm,2.2120566
22.1762,B,mrac.yaw.theta_0,8.7039691e-32
22.1762,B,mrac.yaw.theta_1,0.029114606
22.1762,B,mrac.yaw.theta_2,0.0004046309
22.1762,B,mrac.yaw.theta_3,0
22.1762,B,mrac.yaw.theta_4,0.11269978
22.1762,B,mrac.yaw.theta_5,0.089553788
22.1762,B,mrac.yaw.u_nom,-0.13354701
22.1762,B,mrac.yaw.xm,-1.0471979
22.1762,B,mrac.z.theta_0,0.099349558
22.1762,B,mrac.z.theta_1,3.8024316e-06
22.1762,B,mrac.z.theta_2,0.0050925529
22.1762,B,mrac.z.theta_3,0
22.1762,B,mrac.z.theta_4,0.19787629
22.1762,B,mrac.z.theta_5,0.1866852
22.1762,B,mrac.z.u_nom,-0.088454492
22.1762,B,mrac.z.xm,0
22.1762,B,path.active_path_mode,0
22.1762,B,path.circle_theta,0
22.1762,B,path.sinusoid_t_elapsed,0
22.1762,B,path.twc_arrived,0
22.1762,B,path.twc_target_x,0
22.1762,B,path.twc_target_y,0
22.1762,B,path.twc_target_z,0
22.1762,B,pid.gyrox.Des,126.74146
22.1762,B,pid.gyrox.FB,26.569742
22.1762,B,pid.gyrox.U,299.08612
22.1762,B,pid.gyroy.Des,-17.122442
22.1762,B,pid.gyroy.FB,-14.907387
22.1762,B,pid.gyroy.U,-82.322868
22.1762,B,pid.gyroz.Des,-60
22.1762,B,pid.gyroz.FB,-8.7098951
22.1762,B,pid.gyroz.U,-250
22.1762,B,pid.locx.Des,0
22.1762,B,pid.locx.FB,14.982514
22.1762,B,pid.locx.U,-14.291759
22.1762,B,pid.locxs.Des,-14.291759
22.1762,B,pid.locxs.FB,9.3203793
22.1762,B,pid.locxs.U,-72.31041
22.1762,B,pid.locy.Des,0
22.1762,B,pid.locy.FB,100.3943
22.1762,B,pid.locy.U,-82.956284
22.1762,B,pid.locys.Des,-82.956284
22.1762,B,pid.locys.FB,19.87789
22.1762,B,pid.locys.U,-296.9292
22.1762,B,pid.pitch.Des,-13.27543
22.1762,B,pid.pitch.FB,-7.4647651
22.1762,B,pid.pitch.U,-17.122442
22.1762,B,pid.roll.Des,5.6385846
22.1762,B,pid.roll.FB,-36.966755
22.1762,B,pid.roll.U,126.74146
22.1762,B,pid.yaw.Des,-49.635666
22.1762,B,pid.yaw.FB,-4.9475646
22.1762,B,pid.yaw.U,-120
22.1762,B,pid.z_pos.Des,0.41987312
22.1762,B,pid.z_pos.FB,0.41987312
22.1762,B,pid.z_pos.U,-0.088317379
22.1762,B,pid.z_rate.Des,0
22.1762,B,pid.z_rate.FB,0.016723121
22.1762,B,pid.z_rate.U,-19.636898
22.1762,B,status.vbat,0
22.3923,A,mrac.pitch.e,-0.55161542
22.3923,A,mrac.pitch.u_ad,0.15686193
22.3923,A,mrac.roll.e,-2.4612808
22.3923,A,mrac.roll.u_ad,0
22.3923,A,mrac.yaw.e,0.91366255
22.3923,A,mrac.yaw.u_ad,-0.118054
22.3923,A,mrac.z.e,-0.25433341
22.3923,A,mrac.z.u_ad,0.1864735
22.3923,A,status.arm,0
22.3923,A,status.flymode,0
22.3923,A,status.rc_authority,0
22.3923,A,status.sbus_lost,0
22.3923,A,status.twc_arrived,0
22.3923,A,status.twc_execute,0
22.3923,B,mrac.pitch.theta_0,0.089110762
22.3923,B,mrac.pitch.theta_1,0.0012343373
22.3923,B,mrac.pitch.theta_2,0.0043005226
22.3923,B,mrac.pitch.theta_3,0.0037202002
22.3923,B,mrac.pitch.theta_4,0.14409302
22.3923,B,mrac.pitch.theta_5,0.14574514
22.3923,B,mrac.pitch.u_nom,0.16237913
22.3923,B,mrac.pitch.xm,0.26479092
22.3923,B,mrac.roll.theta_0,0.1474764
22.3923,B,mrac.roll.theta_1,0.011142982
22.3923,B,mrac.roll.theta_2,0.0089490321
22.3923,B,mrac.roll.theta_3,0.0026466551
22.3923,B,mrac.roll.theta_4,0.12123813
22.3923,B,mrac.roll.theta_5,0.14213859
22.3923,B,mrac.roll.u_nom,0.25641027
22.3923,B,mrac.roll.xm,1.8568738
22.3923,B,mrac.yaw.theta_0,9.3068795e-33
22.3923,B,mrac.yaw.theta_1,0.029255465
22.3923,B,mrac.yaw.theta_2,0.00037242656
22.3923,B,mrac.yaw.theta_3,0
22.3923,B,mrac.yaw.theta_4,0.11272937
22.3923,B,mrac.yaw.theta_5,0.089555845
22.3923,B,mrac.yaw.u_nom,-0.13354701
22.3923,B,mrac.yaw.xm,-1.0471979
22.3923,B,mrac.z.theta_0,0.11988234
22.3923,B,mrac.z.theta_1,3.6098872e-06
22.3923,B,mrac.z.theta_2,0.0051376931
22.3923,B,mrac.z.theta_3,0
22.3923,B,mrac.z.theta_4,0.19784392
22.3923,B,mrac.z.theta_5,0.18662374
22.3923,B,mrac.z.u_nom,0.28387544
22.3923,B,mrac.z.xm,0
22.3923,B,path.active_path_mode,0
22.3923,B,path.circle_theta,0
22.3923,B,path.sinusoid_t_elapsed,0
22.3923,B,path.twc_arrived,0
22.3923,B,path.twc_target_x,0
22.3923,B,path.twc_target_y,0
22.3923,B,path.twc_target_z,0
22.3923,B,pid.gyrox.Des,106.39098
22.3923,B,pid.gyrox.FB,-10.889784
22.3923,B,pid.gyrox.U,300
22.3923,B,pid.gyroy.Des,15.171395
22.3923,B,pid.gyroy.FB,-22.401258
22.3923,B,pid.gyroy.U,189.98358
22.3923,B,pid.gyroz.Des,-60
22.3923,B,pid.gyroz.FB,-25.592262
22.3923,B,pid.gyroz.U,-250
22.3923,B,pid.locx.Des,0
22.3923,B,pid.locx.FB,17.005444
22.3923,B,pid.locx.U,-15.727404
22.3923,B,pid.locxs.Des,-15.727404
22.3923,B,pid.locxs.FB,2.1677663
22.3923,B,pid.locxs.U,-53.871048
22.3923,B,pid.locy.Des,0
22.3923,B,pid.locy.FB,101.14042
22.3923,B,pid.locy.U,-82.742271
22.3923,B,pid.locys.Des,-82.742271
22.3923,B,pid.locys.FB,-1.8168076
22.3923,B,pid.locys.U,-242.57382
22.3923,B,pid.pitch.Des,-11.679057
22.3923,B,pid.pitch.FB,-16.2582
22.3923,B,pid.pitch.U,15.171395
22.3923,B,pid.roll.Des,4.196167
22.3923,B,pid.roll.FB,-31.169106
22.3923,B,pid.roll.U,106.39098
22.3923,B,pid.yaw.Des,-49.635666
22.3923,B,pid.yaw.FB,-5.0335889
22.3923,B,pid.yaw.U,-120
22.3923,B,pid.z_pos.Des,0.3860704
22.3923,B,pid.z_pos.FB,0.3860704
22.3923,B,pid.z_pos.U,-0.088317379
22.3923,B,pid.z_rate.Des,0
22.3923,B,pid.z_rate.FB,-0.18935297
22.3923,B,pid.z_rate.U,63.020344
22.3923,B,status.vbat,0
22.5910,A,mrac.pitch.e,-0.42098075
22.5910,A,mrac.pitch.u_ad,0.21584652
22.5910,A,mrac.roll.e,-1.9223896
22.5910,A,mrac.roll.u_ad,0
22.5910,A,mrac.yaw.e,1.0354081
22.5910,A,mrac.yaw.u_ad,0
22.5910,A,mrac.z.e,0.11572015
22.5910,A,mrac.z.u_ad,0.15877163
22.5910,A,status.arm,0
22.5910,A,status.flymode,0
22.5910,A,status.rc_authority,0
22.5910,A,status.sbus_lost,0
22.5910,A,status.twc_arrived,0
22.5910,A,status.twc_execute,0
22.5911,B,mrac.pitch.theta_0,0.13139363
22.5911,B,mrac.pitch.theta_1,0.0010647676
22.5911,B,mrac.pitch.theta_2,0.0044017504
22.5911,B,mrac.pitch.theta_3,0.0037925867
22.5911,B,mrac.pitch.theta_4,0.14442337
22.5911,B,mrac.pitch.theta_5,0.14580131
22.5911,B,mrac.pitch.u_nom,0.21123128
22.5911,B,mrac.pitch.xm,0.41313449
22.5911,B,mrac.roll.theta_0,0.1474764
22.5911,B,mrac.roll.theta_1,0.011142982
22.5911,B,mrac.roll.theta_2,0.0089490321
22.5911,B,mrac.roll.theta_3,0.0026466551
22.5911,B,mrac.roll.theta_4,0.12123813
22.5911,B,mrac.roll.theta_5,0.14213859
22.5911,B,mrac.roll.u_nom,0.22627421
22.5911,B,mrac.roll.xm,2.0332627
22.5911,B,mrac.yaw.theta_0,1.4658937e-33
22.5911,B,mrac.yaw.theta_1,0.029288813
22.5911,B,mrac.yaw.theta_2,0.00036665119
22.5911,B,mrac.yaw.theta_3,0
22.5911,B,mrac.yaw.theta_4,0.1127551
22.5911,B,mrac.yaw.theta_5,0.089556083
22.5911,B,mrac.yaw.u_nom,-0.13354701
22.5911,B,mrac.yaw.xm,-1.0471979
22.5911,B,mrac.z.theta_0,0.14840415
22.5911,B,mrac.z.theta_1,3.3397509e-06
22.5911,B,mrac.z.theta_2,0.0052048485
22.5911,B,mrac.z.theta_3,0
22.5911,B,mrac.z.theta_4,0.19782752
22.5911,B,mrac.z.theta_5,0.18656041
22.5911,B,mrac.z.u_nom,0.18708487
22.5911,B,mrac.z.xm,0
22.5911,B,path.active_path_mode,0
22.5911,B,path.circle_theta,0
22.5911,B,path.sinusoid_t_elapsed,0
22.5911,B,path.twc_arrived,0
22.5911,B,path.twc_target_x,0
22.5911,B,path.twc_target_y,0
22.5911,B,path.twc_target_z,0
22.5911,B,pid.gyrox.Des,116.49733
22.5911,B,pid.gyrox.FB,11.369505
22.5911,B,pid.gyrox.U,264.74081
22.5911,B,pid.gyroy.Des,23.670853
22.5911,B,pid.gyroy.FB,-21.663673
22.5911,B,pid.gyroy.U,247.14059
22.5911,B,pid.gyroz.Des,-60
22.5911,B,pid.gyroz.FB,-7.9877343
22.5911,B,pid.gyroz.U,-250
22.5911,B,pid.locx.Des,0
22.5911,B,pid.locx.FB,17.823442
22.5911,B,pid.locx.U,-16.526102
22.5911,B,pid.locxs.Des,-16.526102
22.5911,B,pid.locxs.FB,6.245842
22.5911,B,pid.locxs.U,-74.079315
22.5911,B,pid.locy.Des,0
22.5911,B,pid.locy.FB,100.44321
22.5911,B,pid.locy.U,-82.198288
22.5911,B,pid.locys.Des,-82.198288
22.5911,B,pid.locys.FB,-2.4473374
22.5911,B,pid.locys.U,-245.53094
22.5911,B,pid.pitch.Des,-11.409064
22.5911,B,pid.pitch.FB,-19.004429
22.5911,B,pid.pitch.U,23.670853
22.5911,B,pid.roll.Des,5.2823143
22.5911,B,pid.roll.FB,-33.695881
22.5911,B,pid.roll.U,116.49733
22.5911,B,pid.yaw.Des,-49.635666
22.5911,B,pid.yaw.FB,-5.1680865
22.5911,B,pid.yaw.U,-120
22.5911,B,pid.z_pos.Des,0.35399035
22.5911,B,pid.z_pos.FB,0.35399035
22.5911,B,pid.z_pos.U,-0.088317379
22.5911,B,pid.z_rate.Des,0
22.5911,B,pid.z_rate.FB,-0.13563421
22.5911,B,pid.z_rate.U,41.532841
22.5911,B,status.vbat,0
22.8086,A,mrac.pitch.e,-0.3222836
22.8086,A,mrac.pitch.u_ad,0.19197297
22.8086,A,mrac.roll.e,-2.0591245
22.8086,A,mrac.roll.u_ad,0
22.8086,A,mrac.yaw.e,0.82599586
22.8086,A,mrac.yaw.u_ad,-0.10286479
22.8086,A,mrac.z.e,-0.016234035
22.8086,A,mrac.z.u_ad,0.142784
22.8086,A,status.arm,0
22.8086,A,status.flymode,0
22.8086,A,status.rc_authority,0
22.8086,A,status.sbus_lost,0
22.8086,A,status.twc_arrived,0
22.8086,A,status.twc_execute,0
22.8091,B,mrac.pitch.theta_0,0.14285098
22.8091,B,mrac.pitch.theta_1,0.0013771181
22.8091,B,mrac.pitch.theta_2,0.0044420441
22.8091,B,mrac.pitch.theta_3,0.0037886123
22.8091,B,mrac.pitch.theta_4,0.14455587
22.8091,B,mrac.pitch.theta_5,0.14584604
22.8091,B,mrac.pitch.u_nom,0.0068757669
22.8091,B,mrac.pitch.xm,0.29024053
22.8091,B,mrac.roll.theta_0,0.1474764
22.8091,B,mrac.roll.theta_1,0.011142982
22.8091,B,mrac.roll.theta_2,0.0089490321
22.8091,B,mrac.roll.theta_3,0.0026466551
22.8091,B,mrac.roll.theta_4,0.12123813
22.8091,B,mrac.roll.theta_5,0.14213859
22.8091,B,mrac.roll.u_nom,0.24941839
22.8091,B,mrac.roll.xm,2.1388845
22.8091,B,mrac.yaw.theta_0,4.251179e-34
22.8091,B,mrac.yaw.theta_1,0.029295148
22.8091,B,mrac.yaw.theta_2,0.00036511864
22.8091,B,mrac.yaw.theta_3,0
22.8091,B,mrac.yaw.theta_4,0.11277064
22.8091,B,mrac.yaw.theta_5,0.089555226
22.8091,B,mrac.yaw.u_nom,-0.13354701
22.8091,B,mrac.yaw.xm,-1.0471979
22.8091,B,mrac.z.theta_0,0.15027472
22.8091,B,mrac.z.theta_1,3.2885102e-06
22.8091,B,mrac.z.theta_2,0.0052053859
22.8091,B,mrac.z.theta_3,0
22.8091,B,mrac.z.theta_4,0.19777156
22.8091,B,mrac.z.theta_5,0.18649708
22.8091,B,mrac.z.u_nom,-0.029155267
22.8091,B,mrac.z.xm,0
22.8091,B,path.active_path_mode,0
22.8091,B,path.circle_theta,0
22.8091,B,path.sinusoid_t_elapsed,0
22.8091,B,path.twc_arrived,0
22.8091,B,path.twc_target_x,0
22.8091,B,path.twc_target_y,0
22.8091,B,path.twc_target_z,0
22.8091,B,pid.gyrox.Des,122.54901
22.8091,B,pid.gyrox.FB,-12.34798
22.8091,B,pid.gyrox.U,291.81952
22.8091,B,pid.gyroy.Des,16.629551
22.8091,B,pid.gyroy.FB,18.793839
22.8091,B,pid.gyroy.U,8.0446472
22.8091,B,pid.gyroz.Des,-60
22.8091,B,pid.gyroz.FB,-10.293803
22.8091,B,pid.gyroz.U,-250
22.8091,B,pid.locx.Des,0
22.8091,B,pid.locx.FB,19.734993
22.8091,B,pid.locx.U,-18.042751
22.8091,B,pid.locxs.Des,-18.042751
22.8091,B,pid.locxs.FB,7.1647086
22.8091,B,pid.locxs.U,-74.924377
22.8091,B,pid.locy.Des,0
22.8091,B,pid.locy.FB,100.8256
22.8091,B,pid.locy.U,-82.978271
22.8091,B,pid.locys.Des,-82.978271
22.8091,B,pid.locys.FB,7.8528309
22.8091,B,pid.locys.U,-279.42715
22.8091,B,pid.pitch.Des,-12.703823
22.8091,B,pid.pitch.FB,-18.330093
22.8091,B,pid.pitch.U,16.629551
22.8091,B,pid.roll.Des,5.8463798
22.8091,B,pid.roll.FB,-34.813229
22.8091,B,pid.roll.U,122.54901
22.8091,B,pid.yaw.Des,-49.635666
22.8091,B,pid.yaw.FB,-6.4376063
22.8091,B,pid.yaw.U,-120
22.8091,B,pid.z_pos.Des,0.35850543
22.8091,B,pid.z_pos.FB,0.35850543
22.8091,B,pid.z_pos.U,-0.088317379
22.8091,B,pid.z_rate.Des,0
22.8091,B,pid.z_rate.FB,-0.015305433
22.8091,B,pid.z_rate.U,-6.4724693
22.8091,B,status.vbat,0
23.0081,A,mrac.pitch.e,-0.34321067
23.0081,A,mrac.pitch.u_ad,0.21077096
23.0081,A,mrac.roll.e,-1.7971542
23.0081,A,mrac.roll.u_ad,0
23.0081,A,mrac.yaw.e,0.73619831
23.0081,A,mrac.yaw.u_ad,-0.11915438
23.0081,A,mrac.z.e,0.042152651
23.0081,A,mrac.z.u_ad,0.11560661
23.0081,A,status.arm,0
23.0081,A,status.flymode,0
23.0081,A,status.rc_authority,0
23.0081,A,status.sbus_lost,0
23.0081,A,status.twc_arrived,0
23.0081,A,status.twc_execute,0
23.0081,B,mrac.pitch.theta_0,0.14667635
23.0081,B,mrac.pitch.theta_1,0.0014743381
23.0081,B,mrac.pitch.theta_2,0.0044477317
23.0081,B,mrac.pitch.theta_3,0.0037782791
23.0081,B,mrac.pitch.theta_4,0.14463572
23.0081,B,mrac.pitch.theta_5,0.1458696
23.0081,B,mrac.pitch.u_nom,0.033048075
23.0081,B,mrac.pitch.xm,0.34261709
23.0081,B,mrac.roll.theta_0,0.1474764
23.0081,B,mrac.roll.theta_1,0.011142982
23.0081,B,mrac.roll.theta_2,0.0089490321
23.0081,B,mrac.roll.theta_3,0.0026466551
23.0081,B,mrac.roll.theta_4,0.12123813
23.0081,B,mrac.roll.theta_5,0.14213859
23.0081,B,mrac.roll.u_nom,0.25641027
23.0081,B,mrac.roll.xm,2.0757358
23.0081,B,mrac.yaw.theta_0,8.5414037e-35
23.0081,B,mrac.yaw.theta_1,0.029364705
23.0081,B,mrac.yaw.theta_2,0.0003497522
23.0081,B,mrac.yaw.theta_3,0
23.0081,B,mrac.yaw.theta_4,0.11279536
23.0081,B,mrac.yaw.theta_5,0.089557804
23.0081,B,mrac.yaw.u_nom,-0.13354701
23.0081,B,mrac.yaw.xm,-1.0471979
23.0081,B,mrac.z.theta_0,0.14563258
23.0081,B,mrac.z.theta_1,3.2587536e-06
23.0081,B,mrac.z.theta_2,0.0052027875
23.0081,B,mrac.z.theta_3,0
23.0081,B,mrac.z.theta_4,0.1977568
23.0081,B,mrac.z.theta_5,0.18647473
23.0081,B,mrac.z.u_nom,-0.17665961
23.0081,B,mrac.z.xm,0
23.0081,B,path.active_path_mode,0
23.0081,B,path.circle_theta,0
23.0081,B,path.sinusoid_t_elapsed,0
23.0081,B,path.twc_arrived,0
23.0081,B,path.twc_target_x,0
23.0081,B,path.twc_target_y,0
23.0081,B,path.twc_target_z,0
23.0081,B,pid.gyrox.Des,118.93085
23.0081,B,pid.gyrox.FB,0.35042542
23.0081,B,pid.gyrox.U,300
23.0081,B,pid.gyroy.Des,19.630505
23.0081,B,pid.gyroy.FB,8.622407
23.0081,B,pid.gyroy.U,38.666248
23.0081,B,pid.gyroz.Des,-60
23.0081,B,pid.gyroz.FB,-21.828472
23.0081,B,pid.gyroz.U,-250
23.0081,B,pid.locx.Des,0
23.0081,B,pid.locx.FB,19.91403
23.0081,B,pid.locx.U,-17.790295
23.0081,B,pid.locxs.Des,-17.790295
23.0081,B,pid.locxs.FB,-2.5461848
23.0081,B,pid.locxs.U,-45.292957
23.0081,B,pid.locy.Des,0
23.0081,B,pid.locy.FB,102.65918
23.0081,B,pid.locy.U,-84.510124
23.0081,B,pid.locys.Des,-84.510124
23.0081,B,pid.locys.FB,9.721983
23.0081,B,pid.locys.U,-283.08429
23.0081,B,pid.pitch.Des,-12.989635
23.0081,B,pid.pitch.FB,-19.495705
23.0081,B,pid.pitch.U,19.630505
23.0081,B,pid.roll.Des,4.8819351
23.0081,B,pid.roll.FB,-33.906322
23.0081,B,pid.roll.U,118.93085
23.0081,B,pid.yaw.Des,-49.635666
23.0081,B,pid.yaw.FB,-8.965538
23.0081,B,pid.yaw.U,-120
23.0081,B,pid.z_pos.Des,0.36771253
23.0081,B,pid.z_pos.FB,0.36771253
23.0081,B,pid.z_pos.U,-0.088317379
23.0081,B,pid.z_rate.Des,0
23.0081,B,pid.z_rate.FB,0.06624043
23.0081,B,pid.z_rate.U,-39.218433
23.0081,B,status.vbat,0
23.2240,A,mrac.pitch.e,-0.67419052
23.2240,A,mrac.pitch.u_ad,0.24293937
23.2240,A,mrac.roll.e,-0.9769544
23.2240,A,mrac.roll.u_ad,0.34828782
23.2240,A,mrac.yaw.e,0.92222434
23.2240,A,mrac.yaw.u_ad,-0.11630049
23.2240,A,mrac.z.e,0.070231557
23.2240,A,mrac.z.u_ad,0.10199358
23.2240,A,status.arm,0
23.2240,A,status.flymode,0
23.2240,A,status.rc_authority,0
23.2240,A,status.sbus_lost,0
23.2240,A,status.twc_arrived,0
23.2240,A,status.twc_execute,0
23.2240,B,mrac.pitch.theta_0,0.14873469
23.2240,B,mrac.pitch.theta_1,0.001511311
23.2240,B,mrac.pitch.theta_2,0.0044725607
23.2240,B,mrac.pitch.theta_3,0.0037059709
23.2240,B,mrac.pitch.theta_4,0.14496692
23.2240,B,mrac.pitch.theta_5,0.14597139
23.2240,B,mrac.pitch.u_nom,0.15762518
23.2240,B,mrac.pitch.xm,0.4697977
23.2240,B,mrac.roll.theta_0,0.1474214
23.2240,B,mrac.roll.theta_1,0.011411701
23.2240,B,mrac.roll.theta_2,0.0089768581
23.2240,B,mrac.roll.theta_3,0.0026545338
23.2240,B,mrac.roll.theta_4,0.12127914
23.2240,B,mrac.roll.theta_5,0.14223643
23.2240,B,mrac.roll.u_nom,0.21815541
23.2240,B,mrac.roll.xm,1.5330036
23.2240,B,mrac.yaw.theta_0,7.3860857e-36
23.2240,B,mrac.yaw.theta_1,0.029455097
23.2240,B,mrac.yaw.theta_2,0.00032805913
23.2240,B,mrac.yaw.theta_3,0
23.2240,B,mrac.yaw.theta_4,0.11283305
23.2240,B,mrac.yaw.theta_5,0.089561485
23.2240,B,mrac.yaw.u_nom,-0.13354701
23.2240,B,mrac.yaw.xm,-1.0471979
23.2240,B,mrac.z.theta_0,0.1375231
23.2240,B,mrac.z.theta_1,3.2281814e-06
23.2240,B,mrac.z.theta_2,0.0052007362
23.2240,B,mrac.z.theta_3,0
23.2240,B,mrac.z.theta_4,0.19769824
23.2240,B,mrac.z.theta_5,0.18640953
23.2240,B,mrac.z.u_nom,-0.17720221
23.2240,B,mrac.z.xm,0
23.2240,B,path.active_path_mode,0
23.2240,B,path.circle_theta,0
23.2240,B,path.sinusoid_t_elapsed,0
23.2240,B,path.twc_arrived,0
23.2240,B,path.twc_target_x,0
23.2240,B,path.twc_target_y,0
23.2240,B,path.twc_target_z,0
23.2240,B,pid.gyrox.Des,87.834595
23.2240,B,pid.gyrox.FB,26.418558
23.2240,B,pid.gyrox.U,255.24184
23.2240,B,pid.gyroy.Des,26.917414
23.2240,B,pid.gyroy.FB,-11.851613
23.2240,B,pid.gyroy.U,184.42146
23.2240,B,pid.gyroz.Des,-60
23.2240,B,pid.gyroz.FB,-18.820477
23.2240,B,pid.gyroz.U,-250
23.2240,B,pid.locx.Des,0
23.2240,B,pid.locx.FB,17.148678
23.2240,B,pid.locx.U,-14.95801
23.2240,B,pid.locxs.Des,-14.95801
23.2240,B,pid.locxs.FB,-17.345852
23.2240,B,pid.locxs.U,14.106216
23.2240,B,pid.locy.Des,0
23.2240,B,pid.locy.FB,104.22665
23.2240,B,pid.locy.U,-85.582771
23.2240,B,pid.locys.Des,-85.582771
23.2240,B,pid.locys.FB,4.3728018
23.2240,B,pid.locys.U,-268.60532
23.2240,B,pid.pitch.Des,-13.357977
23.2240,B,pid.pitch.FB,-22.147427
23.2240,B,pid.pitch.U,26.917414
23.2240,B,pid.roll.Des,2.3783529
23.2240,B,pid.roll.FB,-28.650064
23.2240,B,pid.roll.U,87.834595
23.2240,B,pid.yaw.Des,-49.635666
23.2240,B,pid.yaw.FB,-12.415902
23.2240,B,pid.yaw.U,-120
23.2240,B,pid.z_pos.Des,0.38202316
23.2240,B,pid.z_pos.FB,0.38202316
23.2240,B,pid.z_pos.U,-0.088317379
23.2240,B,pid.z_rate.Des,0
23.2240,B,pid.z_rate.FB,0.065722227
23.2240,B,pid.z_rate.U,-39.33889
23.2240,B,status.vbat,0
23.4242,A,mrac.pitch.e,-0.51364625
23.4242,A,mrac.pitch.u_ad,0.23005685
23.4242,A,mrac.roll.e,-1.2248082
23.4242,A,mrac.roll.u_ad,0
23.4242,A,mrac.yaw.e,1.2447608
23.4242,A,mrac.yaw.u_ad,0
23.4242,A,mrac.z.e,0.11826738
23.4242,A,mrac.z.u_ad,0.087690756
23.4242,A,status.arm,0
23.4242,A,status.flymode,0
23.4242,A,status.rc_authority,0
23.4242,A,status.sbus_lost,0
23.4242,A,status.twc_arrived,0
23.4242,A,status.twc_execute,0
23.4242,B,mrac.pitch.theta_0,0.1489384
23.4242,B,mrac.pitch.theta_1,0.0016756582
23.4242,B,mrac.pitch.theta_2,0.0045103612
23.4242,B,mrac.pitch.theta_3,0.0037095
23.4242,B,mrac.pitch.theta_4,0.14521202
23.4242,B,mrac.pitch.theta_5,0.14606278
23.4242,B,mrac.pitch.u_nom,0.021073896
23.4242,B,mrac.pitch.xm,0.4810127
23.4242,B,mrac.roll.theta_0,0.14745921
23.4242,B,mrac.roll.theta_1,0.012817496
23.4242,B,mrac.roll.theta_2,0.0091297338
23.4242,B,mrac.roll.theta_3,0.0026770688
23.4242,B,mrac.roll.theta_4,0.12155864
23.4242,B,mrac.roll.theta_5,0.14270198
23.4242,B,mrac.roll.u_nom,0.25641027
23.4242,B,mrac.roll.xm,1.3751874
23.4242,B,mrac.yaw.theta_0,3.7360054e-36
23.4242,B,mrac.yaw.theta_1,0.029467624
23.4242,B,mrac.yaw.theta_2,0.00032483821
23.4242,B,mrac.yaw.theta_3,0
23.4242,B,mrac.yaw.theta_4,0.11284255
23.4242,B,mrac.yaw.theta_5,0.089561701
23.4242,B,mrac.yaw.u_nom,-0.13354701
23.4242,B,mrac.yaw.xm,-1.0471979
23.4242,B,mrac.z.theta_0,0.13326482
23.4242,B,mrac.z.theta_1,3.2044541e-06
23.4242,B,mrac.z.theta_2,0.0051994226
23.4242,B,mrac.z.theta_3,0
23.4242,B,mrac.z.theta_4,0.19766258
23.4242,B,mrac.z.theta_5,0.18636855
23.4242,B,mrac.z.u_nom,-0.11770501
23.4242,B,mrac.z.xm,0
23.4242,B,path.active_path_mode,0
23.4242,B,path.circle_theta,0
23.4242,B,path.sinusoid_t_elapsed,0
23.4242,B,path.twc_arrived,0
23.4242,B,path.twc_target_x,0
23.4242,B,path.twc_target_y,0
23.4242,B,path.twc_target_z,0
23.4242,B,pid.gyrox.Des,78.792404
23.4242,B,pid.gyrox.FB,7.7696972
23.4242,B,pid.gyrox.U,300
23.4242,B,pid.gyroy.Des,27.559986
23.4242,B,pid.gyroy.FB,13.97967
23.4242,B,pid.gyroy.U,24.65646
23.4242,B,pid.gyroz.Des,-60
23.4242,B,pid.gyroz.FB,11.095755
23.4242,B,pid.gyroz.U,-250
23.4242,B,pid.locx.Des,0
23.4242,B,pid.locx.FB,13.913015
23.4242,B,pid.locx.U,-12.454644
23.4242,B,pid.locxs.Des,-12.454644
23.4242,B,pid.locxs.FB,-17.249191
23.4242,B,pid.locxs.U,19.836681
23.4242,B,pid.locy.Des,0
23.4242,B,pid.locy.FB,104.7149
23.4242,B,pid.locy.U,-85.828964
23.4242,B,pid.locys.Des,-85.828964
23.4242,B,pid.locys.FB,-0.68217683
23.4242,B,pid.locys.U,-248.3542
23.4242,B,pid.pitch.Des,-12.898717
23.4242,B,pid.pitch.FB,-22.360273
23.4242,B,pid.pitch.U,27.559986
23.4242,B,pid.roll.Des,1.804533
23.4242,B,pid.roll.FB,-24.548073
23.4242,B,pid.roll.U,78.792404
23.4242,B,pid.yaw.Des,-49.635666
23.4242,B,pid.yaw.FB,-12.272762
23.4242,B,pid.yaw.U,-120
23.4242,B,pid.z_pos.Des,0.38696092
23.4242,B,pid.z_pos.FB,0.38696092
23.4242,B,pid.z_pos.U,-0.088317379
23.4242,B,pid.z_rate.Des,0
23.4242,B,pid.z_rate.FB,0.032854103
23.4242,B,pid.z_rate.U,-26.130512
23.4242,B,status.vbat,0
23.6414,A,mrac.pitch.e,0.39033473
23.6414,A,mrac.pitch.u_ad,0.18108074
23.6414,A,mrac.roll.e,-1.3186053
23.6414,A,mrac.roll.u_ad,0
23.6414,A,mrac.yaw.e,1.4883401
23.6414,A,mrac.yaw.u_ad,0
23.6414,A,mrac.z.e,-0.035770126
23.6414,A,mrac.z.u_ad,0.095795177
23.6414,A,status.arm,0
23.6414,A,status.flymode,0
23.6414,A,status.rc_authority,0
23.6414,A,status.sbus_lost,0
23.6414,A,status.twc_arrived,0
23.6414,A,status.twc_execute,0
23.6414,B,mrac.pitch.theta_0,0.14823416
23.6414,B,mrac.pitch.theta_1,0.0018214673
23.6414,B,mrac.pitch.theta_2,0.0045184037
23.6414,B,mrac.pitch.theta_3,0.0038966355
23.6414,B,mrac.pitch.theta_4,0.14547919
23.6414,B,mrac.pitch.theta_5,0.14614053
23.6414,B,mrac.pitch.u_nom,-0.056933194
23.6414,B,mrac.pitch.xm,0.30243412
23.6414,B,mrac.roll.theta_0,0.14784986
23.6414,B,mrac.roll.theta_1,0.014548387
23.6414,B,mrac.roll.theta_2,0.0093117785
23.6414,B,mrac.roll.theta_3,0.0027154575
23.6414,B,mrac.roll.theta_4,0.12188158
23.6414,B,mrac.roll.theta_5,0.14320555
23.6414,B,mrac.roll.u_nom,0.25641027
23.6414,B,mrac.roll.xm,1.1884316
23.6414,B,mrac.yaw.theta_0,3.7360054e-36
23.6414,B,mrac.yaw.theta_1,0.029467624
23.6414,B,mrac.yaw.theta_2,0.00032483821
23.6414,B,mrac.yaw.theta_3,0
23.6414,B,mrac.yaw.theta_4,0.11284255
23.6414,B,mrac.yaw.theta_5,0.089561701
23.6414,B,mrac.yaw.u_nom,-0.13354701
23.6414,B,mrac.yaw.xm,-1.0471979
23.6414,B,mrac.z.theta_0,0.12053903
23.6414,B,mrac.z.theta_1,3.1263028e-06
23.6414,B,mrac.z.theta_2,0.0051925885
23.6414,B,mrac.z.theta_3,0
23.6414,B,mrac.z.theta_4,0.19759636
23.6414,B,mrac.z.theta_5,0.18628101
23.6414,B,mrac.z.u_nom,-0.23650514
23.6414,B,mrac.z.xm,0
23.6414,B,path.active_path_mode,0
23.6414,B,path.circle_theta,0
23.6414,B,path.sinusoid_t_elapsed,0
23.6414,B,path.twc_arrived,0
23.6414,B,path.twc_target_x,0
23.6414,B,path.twc_target_y,0
23.6414,B,path.twc_target_z,0
23.6414,B,pid.gyrox.Des,68.092087
23.6414,B,pid.gyrox.FB,12.871903
23.6414,B,pid.gyrox.U,300
23.6414,B,pid.gyroy.Des,17.328192
23.6414,B,pid.gyroy.FB,25.188183
23.6414,B,pid.gyroy.U,-66.611839
23.6414,B,pid.gyroz.Des,-60
23.6414,B,pid.gyroz.FB,27.600636
23.6414,B,pid.gyroz.U,-250
23.6414,B,pid.locx.Des,0
23.6414,B,pid.locx.FB,9.7350473
23.6414,B,pid.locx.U,-9.3453693
23.6414,B,pid.locxs.Des,-9.3453693
23.6414,B,pid.locxs.FB,-11.168429
23.6414,B,pid.locxs.U,6.050643
23.6414,B,pid.locy.Des,0
23.6414,B,pid.locy.FB,104.76472
23.6414,B,pid.locy.U,-85.860092
23.6414,B,pid.locys.Des,-85.860092
23.6414,B,pid.locys.FB,0.5159229
23.6414,B,pid.locys.U,-259.38318
23.6414,B,pid.pitch.Des,-13.766165
23.6414,B,pid.pitch.FB,-19.978928
23.6414,B,pid.pitch.U,17.328192
23.6414,B,pid.roll.Des,1.5687783
23.6414,B,pid.roll.FB,-21.299818
23.6414,B,pid.roll.U,68.092087
23.6414,B,pid.yaw.Des,-49.635666
23.6414,B,pid.yaw.FB,-7.6599679
23.6414,B,pid.yaw.U,-120
23.6414,B,pid.z_pos.Des,0.41154224
23.6414,B,pid.z_pos.FB,0.41154224
23.6414,B,pid.z_pos.U,-0.088317379
23.6414,B,pid.z_rate.Des,0
23.6414,B,pid.z_rate.FB,0.098635353
23.6414,B,pid.z_rate.U,-52.504139
23.6414,B,status.vbat,0
23.8420,A,mrac.pitch.e,0.2490253
23.8420,A,mrac.pitch.u_ad,0.086594433
23.8420,A,mrac.roll.e,-1.8522973
23.8420,A,mrac.roll.u_ad,0
23.8420,A,mrac.yaw.e,1.1598709
23.8420,A,mrac.yaw.u_ad,0
23.8420,A,mrac.z.e,0.10528105
23.8420,A,mrac.z.u_ad,0.089030467
23.8420,A,status.arm,0
23.8420,A,status.flymode,0
23.8420,A,status.rc_authority,0
23.8420,A,status.sbus_lost,0
23.8420,A,status.twc_arrived,0
23.8420,A,status.twc_execute,0
23.8420,B,mrac.pitch.theta_0,0.1148418
23.8420,B,mrac.pitch.theta_1,0.0014535753
23.8420,B,mrac.pitch.theta_2,0.0042803036
23.8420,B,mrac.pitch.theta_3,0.0040379097
23.8420,B,mrac.pitch.theta_4,0.14564419
23.8420,B,mrac.pitch.theta_5,0.14579837
23.8420,B,mrac.pitch.u_nom,-0.11143792
23.8420,B,mrac.pitch.xm,-0.0048475876
23.8420,B,mrac.roll.theta_0,0.14786585
23.8420,B,mrac.roll.theta_1,0.014595616
23.8420,B,mrac.roll.theta_2,0.0093133915
23.8420,B,mrac.roll.theta_3,0.0027553495
23.8420,B,mrac.roll.theta_4,0.12195126
23.8420,B,mrac.roll.theta_5,0.14327405
23.8420,B,mrac.roll.u_nom,0.25509825
23.8420,B,mrac.roll.xm,1.3536785
23.8420,B,mrac.yaw.theta_0,3.7360054e-36
23.8420,B,mrac.yaw.theta_1,0.029467624
23.8420,B,mrac.yaw.theta_2,0.00032483821
23.8420,B,mrac.yaw.theta_3,0
23.8420,B,mrac.yaw.theta_4,0.11284255
23.8420,B,mrac.yaw.theta_5,0.089561701
23.8420,B,mrac.yaw.u_nom,-0.13354701
23.8420,B,mrac.yaw.xm,-1.0471979
23.8420,B,mrac.z.theta_0,0.11677766
23.8420,B,mrac.z.theta_1,3.0894169e-06
23.8420,B,mrac.z.theta_2,0.0051894044
23.8420,B,mrac.z.theta_3,0
23.8420,B,mrac.z.theta_4,0.197577
23.8420,B,mrac.z.theta_5,0.18625121
23.8420,B,mrac.z.u_nom,-0.051133294
23.8420,B,mrac.z.xm,0
23.8420,B,path.active_path_mode,0
23.8420,B,path.circle_theta,0
23.8420,B,path.sinusoid_t_elapsed,0
23.8420,B,path.twc_arrived,0
23.8420,B,path.twc_target_x,0
23.8420,B,path.twc_target_y,0
23.8420,B,path.twc_target_z,0
23.8420,B,pid.gyrox.Des,77.560028
23.8420,B,pid.gyrox.FB,-25.922615
23.8420,B,pid.gyrox.U,298.46497
23.8420,B,pid.gyroy.Des,-0.2777462
23.8420,B,pid.gyroy.FB,22.904594
23.8420,B,pid.gyroy.U,-130.38237
23.8420,B,pid.gyroz.Des,-60
23.8420,B,pid.gyroz.FB,27.236919
23.8420,B,pid.gyroz.U,-250
23.8420,B,pid.locx.Des,0
23.8420,B,pid.locx.FB,7.6499062
23.8420,B,pid.locx.U,-7.6212158
23.8420,B,pid.locxs.Des,-7.6212158
23.8420,B,pid.locxs.FB,-12.251766
23.8420,B,pid.locxs.U,14.464027
23.8420,B,pid.locy.Des,0
23.8420,B,pid.locy.FB,105.15513
23.8420,B,pid.locy.U,-86.271385
23.8420,B,pid.locys.Des,-86.271385
23.8420,B,pid.locys.FB,1.701241
23.8420,B,pid.locys.U,-264.27631
23.8420,B,pid.pitch.Des,-13.75686
23.8420,B,pid.pitch.FB,-14.091887
23.8420,B,pid.pitch.U,-0.2777462
23.8420,B,pid.roll.Des,0.78441936
23.8420,B,pid.roll.FB,-24.718626
23.8420,B,pid.roll.U,77.560028
23.8420,B,pid.yaw.Des,-49.635666
23.8420,B,pid.yaw.FB,-6.1308889
23.8420,B,pid.yaw.U,-120
23.8420,B,pid.z_pos.Des,0.41408709
23.8420,B,pid.z_pos.FB,0.41408709
23.8420,B,pid.z_pos.U,-0.088317379
23.8420,B,pid.z_rate.Des,0
23.8420,B,pid.z_rate.FB,-0.0042411415
23.8420,B,pid.z_rate.U,-11.351591
23.8420,B,status.vbat,0
24.0581,A,mrac.pitch.e,0.13058268
24.0581,A,mrac.pitch.u_ad,0.04483987
24.0581,A,mrac.roll.e,-1.2432399
24.0581,A,mrac.roll.u_ad,0
24.0581,A,mrac.yaw.e,0.98045182
24.0581,A,mrac.yaw.u_ad,-0.030045319
24.0581,A,mrac.z.e,-0.092369273
24.0581,A,mrac.z.u_ad,0.13789213
24.0581,A,status.arm,0
24.0581,A,status.flymode,0
24.0581,A,status.rc_authority,0
24.0581,A,status.sbus_lost,0
24.0581,A,status.twc_arrived,0
24.0581,A,status.twc_execute,0
24.0582,B,mrac.pitch.theta_0,0.069042034
24.0582,B,mrac.pitch.theta_1,0.0012583052
24.0582,B,mrac.pitch.theta_2,0.0041944869
24.0582,B,mrac.pitch.theta_3,0.0040984899
24.0582,B,mrac.pitch.theta_4,0.14580984
24.0582,B,mrac.pitch.theta_5,0.14574169
24.0582,B,mrac.pitch.u_nom,-0.053063769
24.0582,B,mrac.pitch.xm,-0.12129232
24.0582,B,mrac.roll.theta_0,0.14786585
24.0582,B,mrac.roll.theta_1,0.014595616
24.0582,B,mrac.roll.theta_2,0.0093133915
24.0582,B,mrac.roll.theta_3,0.0027553495
24.0582,B,mrac.roll.theta_4,0.12195126
24.0582,B,mrac.roll.theta_5,0.14327405
24.0582,B,mrac.roll.u_nom,0.25641027
24.0582,B,mrac.roll.xm,1.7072301
24.0582,B,mrac.yaw.theta_0,1.4810892e-36
24.0582,B,mrac.yaw.theta_1,0.02947644
24.0582,B,mrac.yaw.theta_2,0.00032237615
24.0582,B,mrac.yaw.theta_3,0
24.0582,B,mrac.yaw.theta_4,0.11285458
24.0582,B,mrac.yaw.theta_5,0.089561455
24.0582,B,mrac.yaw.u_nom,-0.13354701
24.0582,B,mrac.yaw.xm,-1.0471979
24.0582,B,mrac.z.theta_0,0.11641587
24.0582,B,mrac.z.theta_1,3.0260014e-06
24.0582,B,mrac.z.theta_2,0.0051890821
24.0582,B,mrac.z.theta_3,0
24.0582,B,mrac.z.theta_4,0.19754454
24.0582,B,mrac.z.theta_5,0.18620278
24.0582,B,mrac.z.u_nom,0.047277797
24.0582,B,mrac.z.xm,0
24.0582,B,path.active_path_mode,0
24.0582,B,path.circle_theta,0
24.0582,B,path.sinusoid_t_elapsed,0
24.0582,B,path.twc_arrived,0
24.0582,B,path.twc_target_x,0
24.0582,B,path.twc_target_y,0
24.0582,B,path.twc_target_z,0
24.0582,B,pid.gyrox.Des,97.817039
24.0582,B,pid.gyrox.FB,12.137162
24.0582,B,pid.gyrox.U,300
24.0582,B,pid.gyroy.Des,-6.9495354
24.0582,B,pid.gyroy.FB,5.6677799
24.0582,B,pid.gyroy.U,-62.08461
24.0582,B,pid.gyroz.Des,-60
24.0582,B,pid.gyroz.FB,-0.43013799
24.0582,B,pid.gyroz.U,-250
24.0582,B,pid.locx.Des,0
24.0582,B,pid.locx.FB,5.9924064
24.0582,B,pid.locx.U,-6.7866583
24.0582,B,pid.locxs.Des,-6.7866583
24.0582,B,pid.locxs.FB,0.75005126
24.0582,B,pid.locxs.U,-28.566181
24.0582,B,pid.locy.Des,0
24.0582,B,pid.locy.FB,105.62092
24.0582,B,pid.locy.U,-86.556305
24.0582,B,pid.locys.Des,-86.556305
24.0582,B,pid.locys.FB,2.1065192
24.0582,B,pid.locys.U,-266.66797
24.0582,B,pid.pitch.Des,-13.246865
24.0582,B,pid.pitch.FB,-11.014493
24.0582,B,pid.pitch.U,-6.9495354
24.0582,B,pid.roll.Des,3.476691
24.0582,B,pid.roll.FB,-27.905251
24.0582,B,pid.roll.U,97.817039
24.0582,B,pid.yaw.Des,-49.635666
24.0582,B,pid.yaw.FB,-6.9661775
24.0582,B,pid.yaw.U,-120
24.0582,B,pid.z_pos.Des,0.41637298
24.0582,B,pid.z_pos.FB,0.41637298
24.0582,B,pid.z_pos.U,-0.088317379
24.0582,B,pid.z_rate.Des,0
24.0582,B,pid.z_rate.FB,-0.058529601
24.0582,B,pid.z_rate.U,10.495671
24.0582,B,status.vbat,0
24.2583,A,mrac.pitch.e,0.065717541
24.2583,A,mrac.pitch.u_ad,0.057666447
24.2583,A,mrac.roll.e,-1.5992322
24.2583,A,mrac.roll.u_ad,0
24.2583,A,mrac.yaw.e,0.61227775
24.2583,A,mrac.yaw.u_ad,-0.12027173
24.2583,A,mrac.z.e,-0.027894545
24.2583,A,mrac.z.u_ad,0.12951134
24.2583,A,status.arm,0
24.2583,A,status.flymode,0
24.2583,A,status.rc_authority,0
24.2583,A,status.sbus_lost,0
24.2583,A,status.twc_arrived,0
24.2583,A,status.twc_execute,0
24.2584,B,mrac.pitch.theta_0,0.064309828
24.2584,B,mrac.pitch.theta_1,0.0012571769
24.2584,B,mrac.pitch.theta_2,0.0041955221
24.2584,B,mrac.pitch.theta_3,0.004102339
24.2584,B,mrac.pitch.theta_4,0.14580403
24.2584,B,mrac.pitch.theta_5,0.14571054
24.2584,B,mrac.pitch.u_nom,-0.0083707813
24.2584,B,mrac.pitch.xm,-0.033520456
24.2584,B,mrac.roll.theta_0,0.14784561
24.2584,B,mrac.roll.theta_1,0.014632305
24.2584,B,mrac.roll.theta_2,0.0093164137
24.2584,B,mrac.roll.theta_3,0.0027552797
24.2584,B,mrac.roll.theta_4,0.121959
24.2584,B,mrac.roll.theta_5,0.14328766
24.2584,B,mrac.roll.u_nom,0.2513113
24.2584,B,mrac.roll.xm,1.4856659
24.2584,B,mrac.yaw.theta_0,3.2838447e-37
24.2584,B,mrac.yaw.theta_1,0.029510278
24.2584,B,mrac.yaw.theta_2,0.00031205892
24.2584,B,mrac.yaw.theta_3,0
24.2584,B,mrac.yaw.theta_4,0.11287545
24.2584,B,mrac.yaw.theta_5,0.089562245
24.2584,B,mrac.yaw.u_nom,-0.13354701
24.2584,B,mrac.yaw.xm,-1.0471979
24.2584,B,mrac.z.theta_0,0.11964804
24.2584,B,mrac.z.theta_1,2.9639871e-06
24.2584,B,mrac.z.theta_2,0.0051931823
24.2584,B,mrac.z.theta_3,0
24.2584,B,mrac.z.theta_4,0.19751655
24.2584,B,mrac.z.theta_5,0.18615994
24.2584,B,mrac.z.u_nom,0.26003057
24.2584,B,mrac.z.xm,0
24.2584,B,path.active_path_mode,0
24.2584,B,path.circle_theta,0
24.2584,B,path.sinusoid_t_elapsed,0
24.2584,B,path.twc_arrived,0
24.2584,B,path.twc_target_x,0
24.2584,B,path.twc_target_y,0
24.2584,B,path.twc_target_z,0
24.2584,B,pid.gyrox.Des,85.122353
24.2584,B,pid.gyrox.FB,8.6183681
24.2584,B,pid.gyrox.U,294.03424
24.2584,B,pid.gyroy.Des,-1.9205799
24.2584,B,pid.gyroy.FB,-2.6007135
24.2584,B,pid.gyroy.U,-9.7938137
24.2584,B,pid.gyroz.Des,-60
24.2584,B,pid.gyroz.FB,-25.71209
24.2584,B,pid.gyroz.U,-250
24.2584,B,pid.locx.Des,0
24.2584,B,pid.locx.FB,6.4639707
24.2584,B,pid.locx.U,-7.4144683
24.2584,B,pid.locxs.Des,-7.4144683
24.2584,B,pid.locxs.FB,6.9175153
24.2584,B,pid.locxs.U,-43.38356
24.2584,B,pid.locy.Des,0
24.2584,B,pid.locy.FB,105.64668
24.2584,B,pid.locy.U,-86.514328
24.2584,B,pid.locys.Des,-86.514328
24.2584,B,pid.locys.FB,1.0714395
24.2584,B,pid.locys.U,-262.92752
24.2584,B,pid.pitch.Des,-13.204853
24.2584,B,pid.pitch.FB,-12.404516
24.2584,B,pid.pitch.U,-1.9205799
24.2584,B,pid.roll.Des,4.7319851
24.2584,B,pid.roll.FB,-24.658718
24.2584,B,pid.roll.U,85.122353
24.2584,B,pid.yaw.Des,-49.635666
24.2584,B,pid.yaw.FB,-8.8044682
24.2584,B,pid.yaw.U,-120
24.2584,B,pid.z_pos.Des,0.40829292
24.2584,B,pid.z_pos.FB,0.40829292
24.2584,B,pid.z_pos.U,-0.088317379
24.2584,B,pid.z_rate.Des,0
24.2584,B,pid.z_rate.FB,-0.17594367
24.2584,B,pid.z_rate.U,57.726788
24.2584,B,status.vbat,0
24.4789,A,mrac.pitch.e,-0.62562603
24.4789,A,mrac.pitch.u_ad,0.13129637
24.4789,A,mrac.roll.e,-2.4027572
24.4789,A,mrac.roll.u_ad,0
24.4789,A,mrac.yaw.e,0.725604
24.4789,A,mrac.yaw.u_ad,-0.11826845
24.4789,A,mrac.z.e,-0.12953378
24.4789,A,mrac.z.u_ad,0.17802435
24.4789,A,status.arm,0
24.4789,A,status.flymode,0
24.4789,A,status.rc_authority,0
24.4789,A,status.sbus_lost,0
24.4789,A,status.twc_arrived,0
24.4789,A,status.twc_execute,0
24.4794,B,mrac.pitch.theta_0,0.077435851
24.4794,B,mrac.pitch.theta_1,0.0012272508
24.4794,B,mrac.pitch.theta_2,0.0041996678
24.4794,B,mrac.pitch.theta_3,0.0041740695
24.4794,B,mrac.pitch.theta_4,0.14584136
24.4794,B,mrac.pitch.theta_5,0.14568985
24.4794,B,mrac.pitch.u_nom,0.012693288
24.4794,B,mrac.pitch.xm,0.12525888
24.4794,B,mrac.roll.theta_0,0.14784561
24.4794,B,mrac.roll.theta_1,0.014632305
24.4794,B,mrac.roll.theta_2,0.0093164137
24.4794,B,mrac.roll.theta_3,0.0027552797
24.4794,B,mrac.roll.theta_4,0.121959
24.4794,B,mrac.roll.theta_5,0.14328766
24.4794,B,mrac.roll.u_nom,0.25641027
24.4794,B,mrac.roll.xm,1.828797
24.4794,B,mrac.yaw.theta_0,3.6779556e-38
24.4794,B,mrac.yaw.theta_1,0.029592678
24.4794,B,mrac.yaw.theta_2,0.00028272718
24.4794,B,mrac.yaw.theta_3,0
24.4794,B,mrac.yaw.theta_4,0.11290801
24.4794,B,mrac.yaw.theta_5,0.089565083
24.4794,B,mrac.yaw.u_nom,-0.13354701
24.4794,B,mrac.yaw.xm,-1.0471979
24.4794,B,mrac.z.theta_0,0.14164196
24.4794,B,mrac.z.theta_1,2.8448178e-06
24.4794,B,mrac.z.theta_2,0.0052175685
24.4794,B,mrac.z.theta_3,0
24.4794,B,mrac.z.theta_4,0.19746798
24.4794,B,mrac.z.theta_5,0.1860873
24.4794,B,mrac.z.u_nom,0.19883874
24.4794,B,mrac.z.xm,0
24.4794,B,path.active_path_mode,0
24.4794,B,path.circle_theta,0
24.4794,B,path.sinusoid_t_elapsed,0
24.4794,B,path.twc_arrived,0
24.4794,B,path.twc_target_x,0
24.4794,B,path.twc_target_y,0
24.4794,B,path.twc_target_z,0
24.4794,B,pid.gyrox.Des,104.7823
24.4794,B,pid.gyrox.FB,-27.826382
24.4794,B,pid.gyrox.U,300
24.4794,B,pid.gyroy.Des,7.1768017
24.4794,B,pid.gyroy.FB,-9.082737
24.4794,B,pid.gyroy.U,14.851147
24.4794,B,pid.gyroz.Des,-60
24.4794,B,pid.gyroz.FB,-17.037409
24.4794,B,pid.gyroz.U,-250
24.4794,B,pid.locx.Des,0
24.4794,B,pid.locx.FB,10.191693
24.4794,B,pid.locx.U,-11.056927
24.4794,B,pid.locxs.Des,-11.056927
24.4794,B,pid.locxs.FB,22.346107
24.4794,B,pid.locxs.U,-101.38242
24.4794,B,pid.locy.Des,0
24.4794,B,pid.locy.FB,104.80753
24.4794,B,pid.locy.U,-85.539505
24.4794,B,pid.locys.Des,-85.539505
24.4794,B,pid.locys.FB,-6.6821728
24.4794,B,pid.locys.U,-236.49925
24.4794,B,pid.pitch.Des,-10.619071
24.4794,B,pid.pitch.FB,-14.425691
24.4794,B,pid.pitch.U,7.1768017
24.4794,B,pid.roll.Des,8.797472
24.4794,B,pid.roll.FB,-25.722439
24.4794,B,pid.roll.U,104.7823
24.4794,B,pid.yaw.Des,-49.635666
24.4794,B,pid.yaw.FB,-14.315487
24.4794,B,pid.yaw.U,-120
24.4794,B,pid.z_pos.Des,0.38390136
24.4794,B,pid.z_pos.FB,0.38390136
24.4794,B,pid.z_pos.U,-0.088317379
24.4794,B,pid.z_rate.Des,0
24.4794,B,pid.z_rate.FB,-0.14031215
24.4794,B,pid.z_rate.U,44.1422
24.4794,B,status.vbat,0
24.6784,A,mrac.pitch.e,-0.93495846
24.6784,A,mrac.pitch.u_ad,0.22334649
24.6784,A,mrac.roll.e,-1.4234166
24.6784,A,mrac.roll.u_ad,0
24.6784,A,mrac.yaw.e,0.70840544
24.6784,A,mrac.yaw.u_ad,-0.121036
24.6784,A,mrac.z.e,-0.12706886
24.6784,A,mrac.z.u_ad,0.21300764
24.6784,A,status.arm,0
24.6784,A,status.flymode,0
24.6784,A,status.rc_authority,0
24.6784,A,status.sbus_lost,0
24.6784,A,status.twc_arrived,0
24.6784,A,status.twc_execute,0
24.6785,B,mrac.pitch.theta_0,0.1159277
24.6785,B,mrac.pitch.theta_1,0.0010260269
24.6785,B,mrac.pitch.theta_2,0.0043737325
24.6785,B,mrac.pitch.theta_3,0.004231825
24.6785,B,mrac.pitch.theta_4,0.1461806
24.6785,B,mrac.pitch.theta_5,0.14573532
24.6785,B,mrac.pitch.u_nom,0.25641027
24.6785,B,mrac.pitch.xm,0.59351736
24.6785,B,mrac.roll.theta_0,0.14784561
24.6785,B,mrac.roll.theta_1,0.014632305
24.6785,B,mrac.roll.theta_2,0.0093164137
24.6785,B,mrac.roll.theta_3,0.0027552797
24.6785,B,mrac.roll.theta_4,0.121959
24.6785,B,mrac.roll.theta_5,0.14328766
24.6785,B,mrac.roll.u_nom,0.25420627
24.6785,B,mrac.roll.xm,1.8660843
24.6785,B,mrac.yaw.theta_0,8.6054271e-39
24.6785,B,mrac.yaw.theta_1,0.02963498
24.6785,B,mrac.yaw.theta_2,0.00026557804
24.6785,B,mrac.yaw.theta_3,0
24.6785,B,mrac.yaw.theta_4,0.11292853
24.6785,B,mrac.yaw.theta_5,0.089566357
24.6785,B,mrac.yaw.u_nom,-0.13324827
24.6785,B,mrac.yaw.xm,-1.0471979
24.6785,B,mrac.z.theta_0,0.16407327
24.6785,B,mrac.z.theta_1,2.7044584e-06
24.6785,B,mrac.z.theta_2,0.0052546682
24.6785,B,mrac.z.theta_3,0
24.6785,B,mrac.z.theta_4,0.19744055
24.6785,B,mrac.z.theta_5,0.18602583
24.6785,B,mrac.z.u_nom,0.26796207
24.6785,B,mrac.z.xm,0
24.6785,B,path.active_path_mode,0
24.6785,B,path.circle_theta,0
24.6785,B,path.sinusoid_t_elapsed,0
24.6785,B,path.twc_arrived,0
24.6785,B,path.twc_target_x,0
24.6785,B,path.twc_target_y,0
24.6785,B,path.twc_target_z,0
24.6785,B,pid.gyrox.Des,106.91871
24.6785,B,pid.gyrox.FB,22.645302
24.6785,B,pid.gyrox.U,297.42133
24.6785,B,pid.gyroy.Des,34.006027
24.6785,B,pid.gyroy.FB,-35.164268
24.6785,B,pid.gyroy.U,300
24.6785,B,pid.gyroz.Des,-60
24.6785,B,pid.gyroz.FB,-29.07379
24.6785,B,pid.gyroz.U,-249.44077
24.6785,B,pid.locx.Des,0
24.6785,B,pid.locx.FB,14.353151
24.6785,B,pid.locx.U,-14.442611
24.6785,B,pid.locxs.Des,-14.442611
24.6785,B,pid.locxs.FB,27.108625
24.6785,B,pid.locxs.U,-125.23777
24.6785,B,pid.locy.Des,0
24.6785,B,pid.locy.FB,102.3405
24.6785,B,pid.locy.U,-83.136566
24.6785,B,pid.locys.Des,-83.136566
24.6785,B,pid.locys.FB,-18.196768
24.6785,B,pid.locys.U,-196.92874
24.6785,B,pid.pitch.Des,-8.032115
24.6785,B,pid.pitch.FB,-18.760971
24.6785,B,pid.pitch.U,34.006027
24.6785,B,pid.roll.Des,9.5869732
24.6785,B,pid.roll.FB,-26.388451
24.6785,B,pid.roll.U,106.91871
24.6785,B,pid.yaw.Des,-49.635666
24.6785,B,pid.yaw.FB,-16.098118
24.6785,B,pid.yaw.U,-120
24.6785,B,pid.z_pos.Des,0.35624668
24.6785,B,pid.z_pos.FB,0.35624668
24.6785,B,pid.z_pos.U,-0.088317379
24.6785,B,pid.z_rate.Des,0
24.6785,B,pid.z_rate.FB,-0.17821974
24.6785,B,pid.z_rate.U,59.487579
24.6785,B,status.vbat,0
24.8939,A,mrac.pitch.e,-0.95941031
24.8939,A,mrac.pitch.u_ad,0.28563625
24.8939,A,mrac.roll.e,-1.4326118
24.8939,A,mrac.roll.u_ad,0
24.8939,A,mrac.yaw.e,0.9612906
24.8939,A,mrac.yaw.u_ad,-0.04571142
24.8939,A,mrac.z.e,-0.04465035
24.8939,A,mrac.z.u_ad,0.21153101
24.8939,A,status.arm,0
24.8939,A,status.flymode,0
24.8939,A,status.rc_authority,0
24.8939,A,status.sbus_lost,0
24.8939,A,status.twc_arrived,0
24.8939,A,status.twc_execute,0
24.8939,B,mrac.pitch.theta_0,0.14517744
24.8939,B,mrac.pitch.theta_1,0.0010200796
24.8939,B,mrac.pitch.theta_2,0.0044498318
24.8939,B,mrac.pitch.theta_3,0.0041941237
24.8939,B,mrac.pitch.theta_4,0.14681581
24.8939,B,mrac.pitch.theta_5,0.14598037
24.8939,B,mrac.pitch.u_nom,0.25641027
24.8939,B,mrac.pitch.xm,0.72525728
24.8939,B,mrac.roll.theta_0,0.14784561
24.8939,B,mrac.roll.theta_1,0.014632305
24.8939,B,mrac.roll.theta_2,0.0093164137
24.8939,B,mrac.roll.theta_3,0.0027552797
24.8939,B,mrac.roll.theta_4,0.121959
24.8939,B,mrac.roll.theta_5,0.14328766
24.8939,B,mrac.roll.u_nom,0.25641027
24.8939,B,mrac.roll.xm,1.7692959
24.8939,B,mrac.yaw.theta_0,1.9634209e-39
24.8939,B,mrac.yaw.theta_1,0.029652001
24.8939,B,mrac.yaw.theta_2,0.0002563849
24.8939,B,mrac.yaw.theta_3,0
24.8939,B,mrac.yaw.theta_4,0.11294746
24.8939,B,mrac.yaw.theta_5,0.089566022
24.8939,B,mrac.yaw.u_nom,-0.13354701
24.8939,B,mrac.yaw.xm,-1.0471979
24.8939,B,mrac.z.theta_0,0.19576752
24.8939,B,mrac.z.theta_1,2.5295531e-06
24.8939,B,mrac.z.theta_2,0.0052998583
24.8939,B,mrac.z.theta_3,0
24.8939,B,mrac.z.theta_4,0.19739163
24.8939,B,mrac.z.theta_5,0.1859327
24.8939,B,mrac.z.u_nom,0.068232194
24.8939,B,mrac.z.xm,0
24.8939,B,path.active_path_mode,0
24.8939,B,path.circle_theta,0
24.8939,B,path.sinusoid_t_elapsed,0
24.8939,B,path.twc_arrived,0
24.8939,B,path.twc_target_x,0
24.8939,B,path.twc_target_y,0
24.8939,B,path.twc_target_z,0
24.8939,B,pid.gyrox.Des,101.37315
24.8939,B,pid.gyrox.FB,1.4801522
24.8939,B,pid.gyrox.U,300
24.8939,B,pid.gyroy.Des,41.554165
24.8939,B,pid.gyroy.FB,-11.155958
24.8939,B,pid.gyroy.U,300
24.8939,B,pid.gyroz.Des,-60
24.8939,B,pid.gyroz.FB,-3.9702201
24.8939,B,pid.gyroz.U,-250
24.8939,B,pid.locx.Des,0
24.8939,B,pid.locx.FB,19.653481
24.8939,B,pid.locx.U,-18.189762
24.8939,B,pid.locxs.Des,-18.189762
24.8939,B,pid.locxs.FB,13.619675
24.8939,B,pid.locxs.U,-88.159012
24.8939,B,pid.locy.Des,0
24.8939,B,pid.locy.FB,97.154083
24.8939,B,pid.locy.U,-79.077538
24.8939,B,pid.locys.Des,-79.077538
24.8939,B,pid.locys.FB,-16.688452
24.8939,B,pid.locys.U,-190.33122
24.8939,B,pid.pitch.Des,-8.0860081
24.8939,B,pid.pitch.FB,-21.795576
24.8939,B,pid.pitch.U,41.554165
24.8939,B,pid.roll.Des,7.6088042
24.8939,B,pid.roll.FB,-26.153824
24.8939,B,pid.roll.U,101.37315
24.8939,B,pid.yaw.Des,-49.635666
24.8939,B,pid.yaw.FB,-17.41696
24.8939,B,pid.yaw.U,-120
24.8939,B,pid.z_pos.Des,0.3250446
24.8939,B,pid.z_pos.FB,0.3250446
24.8939,B,pid.z_pos.U,-0.088317379
24.8939,B,pid.z_rate.Des,0
24.8939,B,pid.z_rate.FB,-0.066368245
24.8939,B,pid.z_rate.U,15.147548
24.8939,B,status.vbat,0
25.0919,A,mrac.pitch.e,-1.1437415
25.0919,A,mrac.pitch.u_ad,0.15341689
25.0919,A,mrac.roll.e,-1.8644735
25.0919,A,mrac.roll.u_ad,0
25.0919,A,mrac.yaw.e,1.1916751
25.0919,A,mrac.yaw.u_ad,0
25.0919,A,mrac.z.e,-0.068524718
25.0919,A,mrac.z.u_ad,0.21536726
25.0919,A,status.arm,0
25.0919,A,status.flymode,0
25.0919,A,status.rc_authority,0
25.0919,A,status.sbus_lost,0
25.0919,A,status.twc_arrived,0
25.0919,A,status.twc_execute,0
25.0920,B,mrac.pitch.theta_0,0.1476749
25.0920,B,mrac.pitch.theta_1,0.00090002106
25.0920,B,mrac.pitch.theta_2,0.0045145871
25.0920,B,mrac.pitch.theta_3,0.0041747075
25.0920,B,mrac.pitch.theta_4,0.14734368
25.0920,B,mrac.pitch.theta_5,0.14614035
25.0920,B,mrac.pitch.u_nom,0.19577155
25.0920,B,mrac.pitch.xm,0.85254055
25.0920,B,mrac.roll.theta_0,0.14784561
25.0920,B,mrac.roll.theta_1,0.014632305
25.0920,B,mrac.roll.theta_2,0.0093164137
25.0920,B,mrac.roll.theta_3,0.0027552797
25.0920,B,mrac.roll.theta_4,0.121959
25.0920,B,mrac.roll.theta_5,0.14328766
25.0920,B,mrac.roll.u_nom,0.25641027
25.0920,B,mrac.roll.xm,1.6519784
25.0920,B,mrac.yaw.theta_0,3.6354306e-40
25.0920,B,mrac.yaw.theta_1,0.029654043
25.0920,B,mrac.yaw.theta_2,0.00025281968
25.0920,B,mrac.yaw.theta_3,0
25.0920,B,mrac.yaw.theta_4,0.11296746
25.0920,B,mrac.yaw.theta_5,0.089564912
25.0920,B,mrac.yaw.u_nom,-0.13354701
25.0920,B,mrac.yaw.xm,-1.0471979
25.0920,B,mrac.z.theta_0,0.19684148
25.0920,B,mrac.z.theta_1,2.5271709e-06
25.0920,B,mrac.z.theta_2,0.0052999496
25.0920,B,mrac.z.theta_3,0
25.0920,B,mrac.z.theta_4,0.19738415
25.0920,B,mrac.z.theta_5,0.18592525
25.0920,B,mrac.z.u_nom,-0.042561643
25.0920,B,mrac.z.xm,0
25.0920,B,path.active_path_mode,0
25.0920,B,path.circle_theta,0
25.0920,B,path.sinusoid_t_elapsed,0
25.0920,B,path.twc_arrived,0
25.0920,B,path.twc_target_x,0
25.0920,B,path.twc_target_y,0
25.0920,B,path.twc_target_z,0
25.0920,B,pid.gyrox.Des,94.651352
25.0920,B,pid.gyrox.FB,5.0425797
25.0920,B,pid.gyrox.U,300
25.0920,B,pid.gyroy.Des,48.846954
25.0920,B,pid.gyroy.FB,-7.6936703
25.0920,B,pid.gyroy.U,229.0527
25.0920,B,pid.gyroz.Des,-60
25.0920,B,pid.gyroz.FB,-16.384533
25.0920,B,pid.gyroz.U,-250
25.0920,B,pid.locx.Des,0
25.0920,B,pid.locx.FB,20.87466
25.0920,B,pid.locx.U,-18.840658
25.0920,B,pid.locxs.Des,-18.840658
25.0920,B,pid.locxs.FB,4.4869308
25.0920,B,pid.locxs.U,-70.317719
25.0920,B,pid.locy.Des,0
25.0920,B,pid.locy.FB,94.072533
25.0920,B,pid.locy.U,-76.421295
25.0920,B,pid.locys.Des,-76.421295
25.0920,B,pid.locys.FB,-20.612312
25.0920,B,pid.locys.U,-166.3246
25.0920,B,pid.pitch.Des,-7.2408848
25.0920,B,pid.pitch.FB,-24.093653
25.0920,B,pid.pitch.U,48.846954
25.0920,B,pid.roll.Des,6.2477617
25.0920,B,pid.roll.FB,-24.594023
25.0920,B,pid.roll.U,94.651352
25.0920,B,pid.yaw.Des,-49.635666
25.0920,B,pid.yaw.FB,-17.721025
25.0920,B,pid.yaw.U,-120
25.0920,B,pid.z_pos.Des,0.32372448
25.0920,B,pid.z_pos.FB,0.32372448
25.0920,B,pid.z_pos.U,-0.088317379
25.0920,B,pid.z_rate.Des,0
25.0920,B,pid.z_rate.FB,-0.0039799102
25.0920,B,pid.z_rate.U,-9.4486847
25.0920,B,status.vbat,0
25.2933,A,mrac.pitch.e,-1.2981064
25.2933,A,mrac.pitch.u_ad,0
25.2933,A,mrac.roll.e,-2.6007013
25.2933,A,mrac.roll.u_ad,0
25.2933,A,mrac.yaw.e,1.2416832
25.2933,A,mrac.yaw.u_ad,0
25.2933,A,mrac.z.e,-0.14548354
25.2933,A,mrac.z.u_ad,0.26052156
25.2933,A,status.arm,0
25.2933,A,status.flymode,0
25.2933,A,status.rc_authority,0
25.2933,A,status.sbus_lost,0
25.2933,A,status.twc_arrived,0
25.2933,A,status.twc_execute,0
25.2934,B,mrac.pitch.theta_0,0.14811315
25.2934,B,mrac.pitch.theta_1,0.0008275822
25.2934,B,mrac.pitch.theta_2,0.0045422786
25.2934,B,mrac.pitch.theta_3,0.0041239471
25.2934,B,mrac.pitch.theta_4,0.14789294
25.2934,B,mrac.pitch.theta_5,0.146336
25.2934,B,mrac.pitch.u_nom,0.21587549
25.2934,B,mrac.pitch.xm,0.91715032
25.2934,B,mrac.roll.theta_0,0.14784561
25.2934,B,mrac.roll.theta_1,0.014632305
25.2934,B,mrac.roll.theta_2,0.0093164137
25.2934,B,mrac.roll.theta_3,0.0027552797
25.2934,B,mrac.roll.theta_4,0.121959
25.2934,B,mrac.roll.theta_5,0.14328766
25.2934,B,mrac.roll.u_nom,0.25641027
25.2934,B,mrac.roll.xm,2.2057881
25.2934,B,mrac.yaw.theta_0,2.3500616e-40
25.2934,B,mrac.yaw.theta_1,0.029654186
25.2934,B,mrac.yaw.theta_2,0.0002519314
25.2934,B,mrac.yaw.theta_3,0
25.2934,B,mrac.yaw.theta_4,0.1129725
25.2934,B,mrac.yaw.theta_5,0.089564569
25.2934,B,mrac.yaw.u_nom,-0.13354701
25.2934,B,mrac.yaw.xm,-1.0471979
25.2934,B,mrac.z.theta_0,0.22025324
25.2934,B,mrac.z.theta_1,2.4194026e-06
25.2934,B,mrac.z.theta_2,0.005325763
25.2934,B,mrac.z.theta_3,0
25.2934,B,mrac.z.theta_4,0.19732422
25.2934,B,mrac.z.theta_5,0.1858377
25.2934,B,mrac.z.u_nom,0.22454825
25.2934,B,mrac.z.xm,0
25.2934,B,path.active_path_mode,0
25.2934,B,path.circle_theta,0
25.2934,B,path.sinusoid_t_elapsed,0
25.2934,B,path.twc_arrived,0
25.2934,B,path.twc_target_x,0
25.2934,B,path.twc_target_y,0
25.2934,B,path.twc_target_z,0
25.2934,B,pid.gyrox.Des,126.3823
25.2934,B,pid.gyrox.FB,-30.689819
25.2934,B,pid.gyrox.U,300
25.2934,B,pid.gyroy.Des,52.54882
25.2934,B,pid.gyroy.FB,-15.097114
25.2934,B,pid.gyroy.U,252.57433
25.2934,B,pid.gyroz.Des,-60
25.2934,B,pid.gyroz.FB,12.886891
25.2934,B,pid.gyroz.U,-250
25.2934,B,pid.locx.Des,0
25.2934,B,pid.locx.FB,23.151701
25.2934,B,pid.locx.U,-21.317106
25.2934,B,pid.locxs.Des,-21.317106
25.2934,B,pid.locxs.FB,20.360462
25.2934,B,pid.locxs.U,-135.99028
25.2934,B,pid.locy.Des,0
25.2934,B,pid.locy.FB,88.441521
25.2934,B,pid.locy.U,-72.011795
25.2934,B,pid.locys.Des,-72.011795
25.2934,B,pid.locys.FB,-18.424212
25.2934,B,pid.locys.U,-168.42258
25.2934,B,pid.pitch.Des,-6.4654322
25.2934,B,pid.pitch.FB,-24.986816
25.2934,B,pid.pitch.U,52.54882
25.2934,B,pid.roll.Des,9.1560383
25.2934,B,pid.roll.FB,-29.948509
25.2934,B,pid.roll.U,126.3823
25.2934,B,pid.yaw.Des,-49.635666
25.2934,B,pid.yaw.FB,-14.746682
25.2934,B,pid.yaw.U,-120
25.2934,B,pid.z_pos.Des,0.29058948
25.2934,B,pid.z_pos.FB,0.29058948
25.2934,B,pid.z_pos.U,-0.088317379
25.2934,B,pid.z_rate.Des,0
25.2934,B,pid.z_rate.FB,-0.15061909
25.2934,B,pid.z_rate.U,49.849712
25.2934,B,status.vbat,0
25.4943,A,mrac.pitch.e,-2.7225683
25.4943,A,mrac.pitch.u_ad,0
25.4943,A,mrac.roll.e,-1.1959661
25.4943,A,mrac.roll.u_ad,0.12614307
25.4943,A,mrac.yaw.e,-0.56019461
25.4943,A,mrac.yaw.u_ad,-0.11969744
25.4943,A,mrac.z.e,-0.21048605
25.4943,A,mrac.z.u_ad,0.33011773
25.4943,A,status.arm,0
25.4943,A,status.flymode,0
25.4943,A,status.rc_authority,0
25.4943,A,status.sbus_lost,0
25.4943,A,status.twc_arrived,0
25.4943,A,status.twc_execute,0
25.4944,B,mrac.pitch.theta_0,0.14811315
25.4944,B,mrac.pitch.theta_1,0.0008275822
25.4944,B,mrac.pitch.theta_2,0.0045422786
25.4944,B,mrac.pitch.theta_3,0.0041239471
25.4944,B,mrac.pitch.theta_4,0.14789294
25.4944,B,mrac.pitch.theta_5,0.146336
25.4944,B,mrac.pitch.u_nom,0.25641027
25.4944,B,mrac.pitch.xm,1.4851687
25.4944,B,mrac.roll.theta_0,0.14784561
25.4944,B,mrac.roll.theta_1,0.014632305
25.4944,B,mrac.roll.theta_2,0.0093164137
25.4944,B,mrac.roll.theta_3,0.0027552797
25.4944,B,mrac.roll.theta_4,0.121959
25.4944,B,mrac.roll.theta_5,0.14328766
25.4944,B,mrac.roll.u_nom,0.20595661
25.4944,B,mrac.roll.xm,1.939503
25.4944,B,mrac.yaw.theta_0,0.0016856098
25.4944,B,mrac.yaw.theta_1,0.029427813
25.4944,B,mrac.yaw.theta_2,0.00034886095
25.4944,B,mrac.yaw.theta_3,0
25.4944,B,mrac.yaw.theta_4,0.11296657
25.4944,B,mrac.yaw.theta_5,0.089377254
25.4944,B,mrac.yaw.u_nom,0.10831246
25.4944,B,mrac.yaw.xm,-1.0471979
25.4944,B,mrac.z.theta_0,0.24910754
25.4944,B,mrac.z.theta_1,2.2249242e-06
25.4944,B,mrac.z.theta_2,0.0054023936
25.4944,B,mrac.z.theta_3,0
25.4944,B,mrac.z.theta_4,0.19732781
25.4944,B,mrac.z.theta_5,0.18577437
25.4944,B,mrac.z.u_nom,0.33090293
25.4944,B,mrac.z.xm,0
25.4944,B,path.active_path_mode,0
25.4944,B,path.circle_theta,0
25.4944,B,path.sinusoid_t_elapsed,0
25.4944,B,path.twc_arrived,0
25.4944,B,path.twc_target_x,0
25.4944,B,path.twc_target_y,0
25.4944,B,path.twc_target_z,0
25.4944,B,pid.gyrox.Des,111.12529
25.4944,B,pid.gyrox.FB,24.541424
25.4944,B,pid.gyrox.U,240.96922
25.4944,B,pid.gyroy.Des,85.093864
25.4944,B,pid.gyroy.FB,-56.954475
25.4944,B,pid.gyroy.U,300
25.4944,B,pid.gyroz.Des,-60
25.4944,B,pid.gyroz.FB,-85.589035
25.4944,B,pid.gyroz.U,202.76093
25.4944,B,pid.locx.Des,0
25.4944,B,pid.locx.FB,27.235323
25.4944,B,pid.locx.U,-24.731993
25.4944,B,pid.locxs.Des,-24.731993
25.4944,B,pid.locxs.FB,22.830582
25.4944,B,pid.locxs.U,-138.50958
25.4944,B,pid.locy.Des,0
25.4944,B,pid.locy.FB,85.912903
25.4944,B,pid.locy.U,-70.158546
25.4944,B,pid.locys.Des,-70.158546
25.4944,B,pid.locys.FB,-11.347445
25.4944,B,pid.locys.U,-175.21558
25.4944,B,pid.pitch.Des,-6.6470609
25.4944,B,pid.pitch.FB,-33.698124
25.4944,B,pid.pitch.U,85.093864
25.4944,B,pid.roll.Des,8.6846418
25.4944,B,pid.roll.FB,-30.154718
25.4944,B,pid.roll.U,111.12529
25.4944,B,pid.yaw.Des,-49.635666
25.4944,B,pid.yaw.FB,-15.391504
25.4944,B,pid.yaw.U,-120
25.4944,B,pid.z_pos.Des,0.25178427
25.4944,B,pid.z_pos.FB,0.25178427
25.4944,B,pid.z_pos.U,-0.088317379
25.4944,B,pid.z_rate.Des,0
25.4944,B,pid.z_rate.FB,-0.20964593
25.4944,B,pid.z_rate.U,73.460449
25.4944,B,status.vbat,0
25.7086,A,mrac.pitch.e,-1.5708814
25.7086,A,mrac.pitch.u_ad,0
25.7086,A,mrac.roll.e,-2.1635523
25.7086,A,mrac.roll.u_ad,0
25.7086,A,mrac.yaw.e,1.948917
25.7086,A,mrac.yaw.u_ad,0
25.7086,A,mrac.z.e,0.11149958
25.7086,A,mrac.z.u_ad,0.030851202
25.7086,A,status.arm,0
25.7086,A,status.flymode,0
25.7086,A,status.rc_authority,0
25.7086,A,status.sbus_lost,0
25.7086,A,status.twc_arrived,0
25.7086,A,status.twc_execute,0
25.7086,B,mrac.pitch.theta_0,0.14811315
25.7086,B,mrac.pitch.theta_1,0.0008275822
25.7086,B,mrac.pitch.theta_2,0.0045422786
25.7086,B,mrac.pitch.theta_3,0.0041239471
25.7086,B,mrac.pitch.theta_4,0.14789294
25.7086,B,mrac.pitch.theta_5,0.146336
25.7086,B,mrac.pitch.u_nom,0.23090069
25.7086,B,mrac.pitch.xm,1.9135542
25.7086,B,mrac.roll.theta_0,0.14744528
25.7086,B,mrac.roll.theta_1,0.015437341
25.7086,B,mrac.roll.theta_2,0.0094191562
25.7086,B,mrac.roll.theta_3,0.0030876019
25.7086,B,mrac.roll.theta_4,0.12206519
25.7086,B,mrac.roll.theta_5,0.14346914
25.7086,B,mrac.roll.u_nom,0.25641027
25.7086,B,mrac.roll.xm,1.670081
25.7086,B,mrac.yaw.theta_0,0.0044175643
25.7086,B,mrac.yaw.theta_1,0.02872983
25.7086,B,mrac.yaw.theta_2,0.00067340687
25.7086,B,mrac.yaw.theta_3,0
25.7086,B,mrac.yaw.theta_4,0.11294861
25.7086,B,mrac.yaw.theta_5,0.088884808
25.7086,B,mrac.yaw.u_nom,-0.13354701
25.7086,B,mrac.yaw.xm,-1.0471979
25.7086,B,mrac.z.theta_0,0.23046914
25.7086,B,mrac.z.theta_1,1.7291118e-06
25.7086,B,mrac.z.theta_2,0.0051596197
25.7086,B,mrac.z.theta_3,0
25.7086,B,mrac.z.theta_4,0.19746104
25.7086,B,mrac.z.theta_5,0.18569428
25.7086,B,mrac.z.u_nom,-0.94504535
25.7086,B,mrac.z.xm,0
25.7086,B,path.active_path_mode,0
25.7086,B,path.circle_theta,0
25.7086,B,path.sinusoid_t_elapsed,0
25.7086,B,path.twc_arrived,0
25.7086,B,path.twc_target_x,0
25.7086,B,path.twc_target_y,0
25.7086,B,path.twc_target_z,0
25.7086,B,pid.gyrox.Des,95.688553
25.7086,B,pid.gyrox.FB,-24.343805
25.7086,B,pid.gyrox.U,300
25.7086,B,pid.gyroy.Des,109.63853
25.7086,B,pid.gyroy.FB,17.753925
25.7086,B,pid.gyroy.U,270.15381
25.7086,B,pid.gyroz.Des,-60
25.7086,B,pid.gyroz.FB,53.113155
25.7086,B,pid.gyroz.U,-250
25.7086,B,pid.locx.Des,0
25.7086,B,pid.locx.FB,31.84053
25.7086,B,pid.locx.U,-27.940947
25.7086,B,pid.locxs.Des,-27.940947
25.7086,B,pid.locxs.FB,12.00457
25.7086,B,pid.locxs.U,-119.76556
25.7086,B,pid.locy.Des,0
25.7086,B,pid.locy.FB,82.808197
25.7086,B,pid.locy.U,-67.855049
25.7086,B,pid.locys.Des,-67.855049
25.7086,B,pid.locys.FB,-10.765235
25.7086,B,pid.locys.U,-170.0849
25.7086,B,pid.pitch.Des,-6.5339246
25.7086,B,pid.pitch.FB,-43.51387
25.7086,B,pid.pitch.U,109.63853
25.7086,B,pid.roll.Des,7.0513649
25.7086,B,pid.roll.FB,-24.739647
25.7086,B,pid.roll.U,95.688553
25.7086,B,pid.yaw.Des,-49.635666
25.7086,B,pid.yaw.FB,-18.370602
25.7086,B,pid.yaw.U,-120
25.7086,B,pid.z_pos.Des,0.428121
25.7086,B,pid.z_pos.FB,0.428121
25.7086,B,pid.z_pos.U,-0.088317379
25.7086,B,pid.z_rate.Des,0
25.7086,B,pid.z_rate.FB,0.49842831
25.7086,B,pid.z_rate.U,-209.80006
25.7086,B,status.vbat,0
25.9087,A,mrac.pitch.e,-0.78866142
25.9087,A,mrac.pitch.u_ad,0.3295911
25.9087,A,mrac.roll.e,-2.5338879
25.9087,A,mrac.roll.u_ad,0
25.9087,A,mrac.yaw.e,1.0291743
25.9087,A,mrac.yaw.u_ad,0
25.9087,A,mrac.z.e,-0.60577261
25.9087,A,mrac.z.u_ad,0.29911697
25.9087,A,status.arm,0
25.9087,A,status.flymode,0
25.9087,A,status.rc_authority,0
25.9087,A,status.sbus_lost,0
25.9087,A,status.twc_arrived,0
25.9087,A,status.twc_execute,0
25.9087,B,mrac.pitch.theta_0,0.14802749
25.9087,B,mrac.pitch.theta_1,0.0010032358
25.9087,B,mrac.pitch.theta_2,0.0045591304
25.9087,B,mrac.pitch.theta_3,0.0041209743
25.9087,B,mrac.pitch.theta_4,0.1479139
25.9087,B,mrac.pitch.theta_5,0.14635655
25.9087,B,mrac.pitch.u_nom,0.18076834
25.9087,B,mrac.pitch.xm,1.6046985
25.9087,B,mrac.roll.theta_0,0.14744528
25.9087,B,mrac.roll.theta_1,0.015437341
25.9087,B,mrac.roll.theta_2,0.0094191562
25.9087,B,mrac.roll.theta_3,0.0030876019
25.9087,B,mrac.roll.theta_4,0.12206519
25.9087,B,mrac.roll.theta_5,0.14346914
25.9087,B,mrac.roll.u_nom,0.24962705
25.9087,B,mrac.roll.xm,2.0626249
25.9087,B,mrac.yaw.theta_0,0.0044175643
25.9087,B,mrac.yaw.theta_1,0.02872983
25.9087,B,mrac.yaw.theta_2,0.00067340687
25.9087,B,mrac.yaw.theta_3,0
25.9087,B,mrac.yaw.theta_4,0.11294861
25.9087,B,mrac.yaw.theta_5,0.088884808
25.9087,B,mrac.yaw.u_nom,-0.13354701
25.9087,B,mrac.yaw.xm,-1.0471979
25.9087,B,mrac.z.theta_0,0.23775238
25.9087,B,mrac.z.theta_1,1.6423459e-06
25.9087,B,mrac.z.theta_2,0.0051775002
25.9087,B,mrac.z.theta_3,0
25.9087,B,mrac.z.theta_4,0.19743983
25.9087,B,mrac.z.theta_5,0.18563281
25.9087,B,mrac.z.u_nom,0.57270974
25.9087,B,mrac.z.xm,0
25.9087,B,path.active_path_mode,0
25.9087,B,path.circle_theta,0
25.9087,B,path.sinusoid_t_elapsed,0
25.9087,B,path.twc_arrived,0
25.9087,B,path.twc_target_x,0
25.9087,B,path.twc_target_y,0
25.9087,B,path.twc_target_z,0
25.9087,B,pid.gyrox.Des,118.17966
25.9087,B,pid.gyrox.FB,-18.877516
25.9087,B,pid.gyrox.U,292.06366
25.9087,B,pid.gyroy.Des,91.942413
25.9087,B,pid.gyroy.FB,25.674664
25.9087,B,pid.gyroy.U,211.49896
25.9087,B,pid.gyroz.Des,-60
25.9087,B,pid.gyroz.FB,5.8648582
25.9087,B,pid.gyroz.U,-250
25.9087,B,pid.locx.Des,0
25.9087,B,pid.locx.FB,34.175198
25.9087,B,pid.locx.U,-29.808048
25.9087,B,pid.locxs.Des,-29.808048
25.9087,B,pid.locxs.FB,14.556435
25.9087,B,pid.locxs.U,-138.13303
25.9087,B,pid.locy.Des,0
25.9087,B,pid.locy.FB,82.066902
25.9087,B,pid.locy.U,-67.729744
25.9087,B,pid.locys.Des,-67.729744
25.9087,B,pid.locys.FB,-0.33197165
25.9087,B,pid.locys.U,-197.29701
25.9087,B,pid.pitch.Des,-7.7781482
25.9087,B,pid.pitch.FB,-38.699871
25.9087,B,pid.pitch.U,91.942413
25.9087,B,pid.roll.Des,8.3088455
25.9087,B,pid.roll.FB,-30.821049
25.9087,B,pid.roll.U,118.17966
25.9087,B,pid.yaw.Des,-49.635666
25.9087,B,pid.yaw.FB,-14.638956
25.9087,B,pid.yaw.U,-120
25.9087,B,pid.z_pos.Des,0.38202155
25.9087,B,pid.z_pos.FB,0.38202155
25.9087,B,pid.z_pos.U,-0.088317379
25.9087,B,pid.z_rate.Des,0
25.9087,B,pid.z_rate.FB,-0.34423894
25.9087,B,pid.z_rate.U,127.14156
25.9087,B,status.vbat,0
26.1141,A,mrac.pitch.e,0.28969407
26.1141,A,mrac.pitch.u_ad,0.29347101
26.1141,A,mrac.roll.e,-2.6594174
26.1141,A,mrac.roll.u_ad,0
26.1141,A,mrac.yaw.e,0.87947303
26.1141,A,mrac.yaw.u_ad,-0.068007626
26.1141,A,mrac.z.e,0.37713942
26.1141,A,mrac.z.u_ad,0.15119599
26.1141,A,status.arm,0
26.1141,A,status.flymode,0
26.1141,A,status.rc_authority,0
26.1141,A,status.sbus_lost,0
26.1141,A,status.twc_arrived,0
26.1141,A,status.twc_execute,0
26.1142,B,mrac.pitch.theta_0,0.14760268
26.1142,B,mrac.pitch.theta_1,0.0025141325
26.1142,B,mrac.pitch.theta_2,0.0047993315
26.1142,B,mrac.pitch.theta_3,0.0041294205
26.1142,B,mrac.pitch.theta_4,0.14797674
26.1142,B,mrac.pitch.theta_5,0.14643529
26.1142,B,mrac.pitch.u_nom,-0.13173755
26.1142,B,mrac.pitch.xm,0.98178196
26.1142,B,mrac.roll.theta_0,0.14744528
26.1142,B,mrac.roll.theta_1,0.015437341
26.1142,B,mrac.roll.theta_2,0.0094191562
26.1142,B,mrac.roll.theta_3,0.0030876019
26.1142,B,mrac.roll.theta_4,0.12206519
26.1142,B,mrac.roll.theta_5,0.14346914
26.1142,B,mrac.roll.u_nom,0.22267248
26.1142,B,mrac.roll.xm,2.0439405
26.1142,B,mrac.yaw.theta_0,0.0015294345
26.1142,B,mrac.yaw.theta_1,0.028758412
26.1142,B,mrac.yaw.theta_2,0.00067026675
26.1142,B,mrac.yaw.theta_3,0
26.1142,B,mrac.yaw.theta_4,0.11296027
26.1142,B,mrac.yaw.theta_5,0.088953286
26.1142,B,mrac.yaw.u_nom,-0.13354701
26.1142,B,mrac.yaw.xm,-1.0471979
26.1142,B,mrac.z.theta_0,0.25510648
26.1142,B,mrac.z.theta_1,1.5351945e-06
26.1142,B,mrac.z.theta_2,0.005266069
26.1142,B,mrac.z.theta_3,0
26.1142,B,mrac.z.theta_4,0.19744641
26.1142,B,mrac.z.theta_5,0.18558624
26.1142,B,mrac.z.u_nom,-0.081456207
26.1142,B,mrac.z.xm,0
26.1142,B,path.active_path_mode,0
26.1142,B,path.circle_theta,0
26.1142,B,path.sinusoid_t_elapsed,0
26.1142,B,path.twc_arrived,0
26.1142,B,path.twc_target_x,0
26.1142,B,path.twc_target_y,0
26.1142,B,path.twc_target_z,0
26.1142,B,pid.gyrox.Des,117.10912
26.1142,B,pid.gyrox.FB,-22.234863
26.1142,B,pid.gyrox.U,260.52679
26.1142,B,pid.gyroy.Des,56.251938
26.1142,B,pid.gyroy.FB,65.131348
26.1142,B,pid.gyroy.U,-154.13293
26.1142,B,pid.gyroz.Des,-60
26.1142,B,pid.gyroz.FB,-5.3616853
26.1142,B,pid.gyroz.U,-250
26.1142,B,pid.locx.Des,0
26.1142,B,pid.locx.FB,34.776306
26.1142,B,pid.locx.U,-29.656296
26.1142,B,pid.locxs.Des,-29.656296
26.1142,B,pid.locxs.FB,0.6264677
26.1142,B,pid.locxs.U,-78.187492
26.1142,B,pid.locy.Des,0
26.1142,B,pid.locy.FB,83.737526
26.1142,B,pid.locy.U,-69.611328
26.1142,B,pid.locys.Des,-69.611328
26.1142,B,pid.locys.FB,9.8289137
26.1142,B,pid.locys.U,-254.17018
26.1142,B,pid.pitch.Des,-10.333136
26.1142,B,pid.pitch.FB,-32.417114
26.1142,B,pid.pitch.U,56.251938
26.1142,B,pid.roll.Des,7.9179521
26.1142,B,pid.roll.FB,-32.161633
26.1142,B,pid.roll.U,117.10912
26.1142,B,pid.yaw.Des,-49.635666
26.1142,B,pid.yaw.FB,-20.315563
26.1142,B,pid.yaw.U,-120
26.1142,B,pid.z_pos.Des,0.37160787
26.1142,B,pid.z_pos.FB,0.37160787
26.1142,B,pid.z_pos.U,-0.088317379
26.1142,B,pid.z_rate.Des,0
26.1142,B,pid.z_rate.FB,0.018962305
26.1142,B,pid.z_rate.U,-18.083279
26.1142,B,status.vbat,0
26.3260,A,mrac.pitch.e,-0.12689465
26.3260,A,mrac.pitch.u_ad,0.22624183
26.3260,A,mrac.roll.e,-1.4823962
26.3260,A,mrac.roll.u_ad,0
26.3260,A,mrac.yaw.e,0.21452969
26.3260,A,mrac.yaw.u_ad,-0.11838669
26.3260,A,mrac.z.e,1.7186024
26.3260,A,mrac.z.u_ad,0
26.3260,A,status.arm,0
26.3260,A,status.flymode,0
26.3260,A,status.rc_authority,0
26.3260,A,status.sbus_lost,0
26.3260,A,status.twc_arrived,0
26.3260,A,status.twc_execute,0
26.3260,B,mrac.pitch.theta_0,0.13450506
26.3260,B,mrac.pitch.theta_1,0.0020254764
26.3260,B,mrac.pitch.theta_2,0.004350767
26.3260,B,mrac.pitch.theta_3,0.0040587331
26.3260,B,mrac.pitch.theta_4,0.14808886
26.3260,B,mrac.pitch.theta_5,0.14561667
26.3260,B,mrac.pitch.u_nom,0.13365325
26.3260,B,mrac.pitch.xm,0.73596472
26.3260,B,mrac.roll.theta_0,0.1473536
26.3260,B,mrac.roll.theta_1,0.01560605
26.3260,B,mrac.roll.theta_2,0.0094490852
26.3260,B,mrac.roll.theta_3,0.0031131846
26.3260,B,mrac.roll.theta_4,0.12207571
26.3260,B,mrac.roll.theta_5,0.14349721
26.3260,B,mrac.roll.u_nom,0.25641027
26.3260,B,mrac.roll.xm,2.0358899
26.3260,B,mrac.yaw.theta_0,0.0037075656
26.3260,B,mrac.yaw.theta_1,0.028252384
26.3260,B,mrac.yaw.theta_2,0.00093181594
26.3260,B,mrac.yaw.theta_3,0
26.3260,B,mrac.yaw.theta_4,0.11296352
26.3260,B,mrac.yaw.theta_5,0.088669598
26.3260,B,mrac.yaw.u_nom,0.13243392
26.3260,B,mrac.yaw.xm,-1.0471979
26.3260,B,mrac.z.theta_0,0.24204001
26.3260,B,mrac.z.theta_1,1.4445101e-06
26.3260,B,mrac.z.theta_2,0.0052146018
26.3260,B,mrac.z.theta_3,0
26.3260,B,mrac.z.theta_4,0.19747598
26.3260,B,mrac.z.theta_5,0.1855583
26.3260,B,mrac.z.u_nom,-1.3513514
26.3260,B,mrac.z.xm,0
26.3260,B,path.active_path_mode,0
26.3260,B,path.circle_theta,0
26.3260,B,path.sinusoid_t_elapsed,0
26.3260,B,path.twc_arrived,0
26.3260,B,path.twc_target_x,0
26.3260,B,path.twc_target_y,0
26.3260,B,path.twc_target_z,0
26.3260,B,pid.gyrox.Des,116.64784
26.3260,B,pid.gyrox.FB,49.327141
26.3260,B,pid.gyrox.U,300
26.3260,B,pid.gyroy.Des,42.167656
26.3260,B,pid.gyroy.FB,-10.309039
26.3260,B,pid.gyroy.U,156.3743
26.3260,B,pid.gyroz.Des,-60
26.3260,B,pid.gyroz.FB,-97.338959
26.3260,B,pid.gyroz.U,247.91629
26.3260,B,pid.locx.Des,0
26.3260,B,pid.locx.FB,31.877653
26.3260,B,pid.locx.U,-26.959894
26.3260,B,pid.locxs.Des,-26.959894
26.3260,B,pid.locxs.FB,-8.20681
26.3260,B,pid.locxs.U,-54.423679
26.3260,B,pid.locy.Des,0
26.3260,B,pid.locy.FB,89.814964
26.3260,B,pid.locy.U,-74.889816
26.3260,B,pid.locys.Des,-74.889816
26.3260,B,pid.locys.FB,28.577057
26.3260,B,pid.locys.U,-318.74887
26.3260,B,pid.pitch.Des,-11.653092
26.3260,B,pid.pitch.FB,-26.05357
26.3260,B,pid.pitch.U,42.167656
26.3260,B,pid.roll.Des,11.903754
26.3260,B,pid.roll.FB,-27.096842
26.3260,B,pid.roll.U,116.64784
26.3260,B,pid.yaw.Des,-49.635666
26.3260,B,pid.yaw.FB,-35.676952
26.3260,B,pid.yaw.U,-85.752281
26.3260,B,pid.z_pos.Des,1.111688
26.3260,B,pid.z_pos.FB,1.111688
26.3260,B,pid.z_pos.U,-0.088317379
26.3260,B,pid.z_rate.Des,0
26.3260,B,pid.z_rate.FB,1.7168124
26.3260,B,pid.z_rate.U,-300
26.3260,B,status.vbat,0
26.5265,A,mrac.pitch.e,-0.5044933
26.5265,A,mrac.pitch.u_ad,0.29330835
26.5265,A,mrac.roll.e,-3.390584
26.5265,A,mrac.roll.u_ad,0
26.5265,A,mrac.yaw.e,1.0472089
26.5265,A,mrac.yaw.u_ad,0
26.5265,A,mrac.z.e,-0.8606354
26.5265,A,mrac.z.u_ad,0.39908403
26.5265,A,status.arm,0
26.5265,A,status.flymode,0
26.5265,A,status.rc_authority,0
26.5265,A,status.sbus_lost,0
26.5265,A,status.twc_arrived,0
26.5265,A,status.twc_execute,0
26.5266,B,mrac.pitch.theta_0,0.14294086
26.5266,B,mrac.pitch.theta_1,0.0029444925
26.5266,B,mrac.pitch.theta_2,0.0044525801
26.5266,B,mrac.pitch.theta_3,0.0042511243
26.5266,B,mrac.pitch.theta_4,0.14826009
26.5266,B,mrac.pitch.theta_5,0.14574803
26.5266,B,mrac.pitch.u_nom,0.20312589
26.5266,B,mrac.pitch.xm,0.83482933
26.5266,B,mrac.roll.theta_0,0.14725654
26.5266,B,mrac.roll.theta_1,0.015822921
26.5266,B,mrac.roll.theta_2,0.0094834743
26.5266,B,mrac.roll.theta_3,0.0031086104
26.5266,B,mrac.roll.theta_4,0.12209234
26.5266,B,mrac.roll.theta_5,0.14353833
26.5266,B,mrac.roll.u_nom,0.25641027
26.5266,B,mrac.roll.xm,2.1228013
26.5266,B,mrac.yaw.theta_0,0.0037221352
26.5266,B,mrac.yaw.theta_1,0.02812873
26.5266,B,mrac.yaw.theta_2,0.00099833985
26.5266,B,mrac.yaw.theta_3,0
26.5266,B,mrac.yaw.theta_4,0.11294249
26.5266,B,mrac.yaw.theta_5,0.088527016
26.5266,B,mrac.yaw.u_nom,-0.08187376
26.5266,B,mrac.yaw.xm,-0.51272464
26.5266,B,mrac.z.theta_0,0.22950004
26.5266,B,mrac.z.theta_1,1.3252397e-06
26.5266,B,mrac.z.theta_2,0.0051291198
26.5266,B,mrac.z.theta_3,0
26.5266,B,mrac.z.theta_4,0.19751272
26.5266,B,mrac.z.theta_5,0.18552291
26.5266,B,mrac.z.u_nom,0.3264395
26.5266,B,mrac.z.xm,0
26.5266,B,path.active_path_mode,0
26.5266,B,path.circle_theta,0
26.5266,B,path.sinusoid_t_elapsed,0
26.5266,B,path.twc_arrived,0
26.5266,B,path.twc_target_x,0
26.5266,B,path.twc_target_y,0
26.5266,B,path.twc_target_z,0
26.5266,B,pid.gyrox.Des,121.6275
26.5266,B,pid.gyrox.FB,-71.295937
26.5266,B,pid.gyrox.U,300
26.5266,B,pid.gyroy.Des,47.832176
26.5266,B,pid.gyroy.FB,-6.0422578
26.5266,B,pid.gyroy.U,237.65729
26.5266,B,pid.gyroz.Des,-29.376945
26.5266,B,pid.gyroz.FB,-10.4742
26.5266,B,pid.gyroz.U,-153.26768
26.5266,B,pid.locx.Des,0
26.5266,B,pid.locx.FB,30.082653
26.5266,B,pid.locx.U,-25.810667
26.5266,B,pid.locxs.Des,-25.810667
26.5266,B,pid.locxs.FB,-7.101613
26.5266,B,pid.locxs.U,-55.551041
26.5266,B,pid.locy.Des,0
26.5266,B,pid.locy.FB,94.338371
26.5266,B,pid.locy.U,-78.460411
26.5266,B,pid.locys.Des,-78.460411
26.5266,B,pid.locys.FB,24.032627
26.5266,B,pid.locys.U,-308.58801
26.5266,B,pid.pitch.Des,-9.3383789
26.5266,B,pid.pitch.FB,-26.011629
26.5266,B,pid.pitch.U,47.832176
26.5266,B,pid.roll.Des,13.288279
26.5266,B,pid.roll.FB,-25.451099
26.5266,B,pid.roll.U,121.6275
26.5266,B,pid.yaw.Des,-49.635666
26.5266,B,pid.yaw.FB,-45.072842
26.5266,B,pid.yaw.U,-29.376945
26.5266,B,pid.z_pos.Des,1.1685429
26.5266,B,pid.z_pos.FB,1.1685429
26.5266,B,pid.z_pos.U,-0.088317379
26.5266,B,pid.z_rate.Des,0
26.5266,B,pid.z_rate.FB,-0.20776266
26.5266,B,pid.z_rate.U,72.469566
26.5266,B,status.vbat,0
26.7428,A,mrac.pitch.e,-0.0019492209
26.7428,A,mrac.pitch.u_ad,0.1881896
26.7428,A,mrac.roll.e,-1.9176391
26.7428,A,mrac.roll.u_ad,0
26.7428,A,mrac.yaw.e,0.59394872
26.7428,A,mrac.yaw.u_ad,-0.055899505
26.7428,A,mrac.z.e,-0.18586624
26.7428,A,mrac.z.u_ad,0.13348317
26.7428,A,status.arm,0
26.7428,A,status.flymode,0
26.7428,A,status.rc_authority,0
26.7428,A,status.sbus_lost,0
26.7428,A,status.twc_arrived,0
26.7428,A,status.twc_execute,0
26.7428,B,mrac.pitch.theta_0,0.14510517
26.7428,B,mrac.pitch.theta_1,0.0037025616
26.7428,B,mrac.pitch.theta_2,0.0045270845
26.7428,B,mrac.pitch.theta_3,0.0041621272
26.7428,B,mrac.pitch.theta_4,0.14840458
26.7428,B,mrac.pitch.theta_5,0.14582807
26.7428,B,mrac.pitch.u_nom,-0.087317973
26.7428,B,mrac.pitch.xm,0.28700659
26.7428,B,mrac.roll.theta_0,0.14725654
26.7428,B,mrac.roll.theta_1,0.015822921
26.7428,B,mrac.roll.theta_2,0.0094834743
26.7428,B,mrac.roll.theta_3,0.0031086104
26.7428,B,mrac.roll.theta_4,0.12209234
26.7428,B,mrac.roll.theta_5,0.14353833
26.7428,B,mrac.roll.u_nom,0.25641027
26.7428,B,mrac.roll.xm,2.6780641
26.7428,B,mrac.yaw.theta_0,0.0017929507
26.7428,B,mrac.yaw.theta_1,0.027882118
26.7428,B,mrac.yaw.theta_2,0.00098517619
26.7428,B,mrac.yaw.theta_3,0
26.7428,B,mrac.yaw.theta_4,0.11296033
26.7428,B,mrac.yaw.theta_5,0.088558212
26.7428,B,mrac.yaw.u_nom,-0.13354701
26.7428,B,mrac.yaw.xm,-0.82570636
26.7428,B,mrac.z.theta_0,0.23015361
26.7428,B,mrac.z.theta_1,1.0221617e-06
26.7428,B,mrac.z.theta_2,0.0055484325
26.7428,B,mrac.z.theta_3,0
26.7428,B,mrac.z.theta_4,0.19761731
26.7428,B,mrac.z.theta_5,0.18543789
26.7428,B,mrac.z.u_nom,-0.30640638
26.7428,B,mrac.z.xm,0
26.7428,B,path.active_path_mode,0
26.7428,B,path.circle_theta,0
26.7428,B,path.sinusoid_t_elapsed,0
26.7428,B,path.twc_arrived,0
26.7428,B,path.twc_target_x,0
26.7428,B,path.twc_target_y,0
26.7428,B,path.twc_target_z,0
26.7428,B,pid.gyrox.Des,153.44171
26.7428,B,pid.gyrox.FB,15.782555
26.7428,B,pid.gyrox.U,300
26.7428,B,pid.gyroy.Des,16.44426
26.7428,B,pid.gyroy.FB,19.535784
26.7428,B,pid.gyroy.U,-102.16203
26.7428,B,pid.gyroz.Des,-47.309471
26.7428,B,pid.gyroz.FB,12.89784
26.7428,B,pid.gyroz.U,-250
26.7428,B,pid.locx.Des,0
26.7428,B,pid.locx.FB,26.811943
26.7428,B,pid.locx.U,-22.564842
26.7428,B,pid.locxs.Des,-22.564842
26.7428,B,pid.locxs.FB,-25.396423
26.7428,B,pid.locxs.U,9.2235832
26.7428,B,pid.locy.Des,0
26.7428,B,pid.locy.FB,100.01971
26.7428,B,pid.locy.U,-82.995415
26.7428,B,pid.locys.Des,-82.995415
26.7428,B,pid.locys.FB,29.614552
26.7428,B,pid.locys.U,-347.71399
26.7428,B,pid.pitch.Des,-12.028254
26.7428,B,pid.pitch.FB,-19.028193
26.7428,B,pid.pitch.U,16.44426
26.7428,B,pid.roll.Des,12.301126
26.7428,B,pid.roll.FB,-37.743408
26.7428,B,pid.roll.U,153.44171
26.7428,B,pid.yaw.Des,-49.635666
26.7428,B,pid.yaw.FB,-42.084087
26.7428,B,pid.yaw.U,-47.309471
26.7428,B,pid.z_pos.Des,1.1362789
26.7428,B,pid.z_pos.FB,1.1362789
26.7428,B,pid.z_pos.U,-0.088317379
26.7428,B,pid.z_rate.Des,0
26.7428,B,pid.z_rate.FB,0.14278173
26.7428,B,pid.z_rate.U,-68.022217
26.7428,B,status.vbat,0
26.9436,A,mrac.pitch.e,-0.64483637
26.9436,A,mrac.pitch.u_ad,0.19152771
26.9436,A,mrac.roll.e,-1.379225
26.9436,A,mrac.roll.u_ad,0
26.9436,A,mrac.yaw.e,-0.26740164
26.9436,A,mrac.yaw.u_ad,-0.042594261
26.9436,A,mrac.z.e,-0.40443289
26.9436,A,mrac.z.u_ad,0.22997354
26.9436,A,status.arm,0
26.9436,A,status.flymode,0
26.9436,A,status.rc_authority,0
26.9436,A,status.sbus_lost,0
26.9436,A,status.twc_arrived,0
26.9436,A,status.twc_execute,0
26.9437,B,mrac.pitch.theta_0,0.137547
26.9437,B,mrac.pitch.theta_1,0.0036013592
26.9437,B,mrac.pitch.theta_2,0.004498384
26.9437,B,mrac.pitch.theta_3,0.0042174309
26.9437,B,mrac.pitch.theta_4,0.14841969
26.9437,B,mrac.pitch.theta_5,0.14570197
26.9437,B,mrac.pitch.u_nom,0.074596785
26.9437,B,mrac.pitch.xm,0.21804658
26.9437,B,mrac.roll.theta_0,0.14725654
26.9437,B,mrac.roll.theta_1,0.015822921
26.9437,B,mrac.roll.theta_2,0.0094834743
26.9437,B,mrac.roll.theta_3,0.0031086104
26.9437,B,mrac.roll.theta_4,0.12209234
26.9437,B,mrac.roll.theta_5,0.14353833
26.9437,B,mrac.roll.u_nom,0.25641027
26.9437,B,mrac.roll.xm,2.2194295
26.9437,B,mrac.yaw.theta_0,0.00066013553
26.9437,B,mrac.yaw.theta_1,0.027953196
26.9437,B,mrac.yaw.theta_2,0.00096843793
26.9437,B,mrac.yaw.theta_3,0
26.9437,B,mrac.yaw.theta_4,0.11296983
26.9437,B,mrac.yaw.theta_5,0.088623278
26.9437,B,mrac.yaw.u_nom,-0.0024704775
26.9437,B,mrac.yaw.xm,-0.44524863
26.9437,B,mrac.z.theta_0,0.21410638
26.9437,B,mrac.z.theta_1,9.3841857e-07
26.9437,B,mrac.z.theta_2,0.0055259746
26.9437,B,mrac.z.theta_3,0
26.9437,B,mrac.z.theta_4,0.19763681
26.9437,B,mrac.z.theta_5,0.1853843
26.9437,B,mrac.z.u_nom,0.81918079
26.9437,B,mrac.z.xm,0
26.9437,B,path.active_path_mode,0
26.9437,B,path.circle_theta,0
26.9437,B,path.sinusoid_t_elapsed,0
26.9437,B,path.twc_arrived,0
26.9437,B,path.twc_target_x,0
26.9437,B,path.twc_target_y,0
26.9437,B,path.twc_target_z,0
26.9437,B,pid.gyrox.Des,127.16389
26.9437,B,pid.gyrox.FB,43.862076
26.9437,B,pid.gyrox.U,300
26.9437,B,pid.gyroy.Des,12.493143
26.9437,B,pid.gyroy.FB,3.4734778
26.9437,B,pid.gyroy.U,87.278236
26.9437,B,pid.gyroz.Des,-25.510857
26.9437,B,pid.gyroz.FB,-25.184277
26.9437,B,pid.gyroz.U,-4.6247339
26.9437,B,pid.locx.Des,0
26.9437,B,pid.locx.FB,22.194424
26.9437,B,pid.locx.U,-18.591963
26.9437,B,pid.locxs.Des,-18.591963
26.9437,B,pid.locxs.FB,-35.741989
26.9437,B,pid.locxs.U,53.900627
26.9437,B,pid.locy.Des,0
26.9437,B,pid.locy.FB,103.80195
26.9437,B,pid.locy.U,-85.832176
26.9437,B,pid.locys.Des,-85.832176
26.9437,B,pid.locys.FB,30.667744
26.9437,B,pid.locys.U,-349.69647
26.9437,B,pid.pitch.Des,-13.83322
26.9437,B,pid.pitch.FB,-17.945934
26.9437,B,pid.pitch.U,12.493143
26.9437,B,pid.roll.Des,11.659657
26.9437,B,pid.roll.FB,-31.34585
26.9437,B,pid.roll.U,127.16389
26.9437,B,pid.yaw.Des,-49.635666
26.9437,B,pid.yaw.FB,-45.71719
26.9437,B,pid.yaw.U,-25.510857
26.9437,B,pid.z_pos.Des,1.1293638
26.9437,B,pid.z_pos.FB,1.1293638
26.9437,B,pid.z_pos.U,-0.088317379
26.9437,B,pid.z_rate.Des,0
26.9437,B,pid.z_rate.FB,-0.4819572
26.9437,B,pid.z_rate.U,181.85814
26.9437,B,status.vbat,0
27.1597,A,mrac.pitch.e,-0.42681435
27.1597,A,mrac.pitch.u_ad,0.27578273
27.1597,A,mrac.roll.e,-1.762561
27.1597,A,mrac.roll.u_ad,0
27.1597,A,mrac.yaw.e,0.25111082
27.1597,A,mrac.yaw.u_ad,0.040027458
27.1597,A,mrac.z.e,-0.064746767
27.1597,A,mrac.z.u_ad,0.17908446
27.1597,A,status.arm,0
27.1597,A,status.flymode,0
27.1597,A,status.rc_authority,0
27.1597,A,status.sbus_lost,0
27.1597,A,status.twc_arrived,0
27.1597,A,status.twc_execute,0
27.1597,B,mrac.pitch.theta_0,0.14691608
27.1597,B,mrac.pitch.theta_1,0.0028217162
27.1597,B,mrac.pitch.theta_2,0.0047609829
27.1597,B,mrac.pitch.theta_3,0.0039945724
27.1597,B,mrac.pitch.theta_4,0.14889789
27.1597,B,mrac.pitch.theta_5,0.14579295
27.1597,B,mrac.pitch.u_nom,0.24857162
27.1597,B,mrac.pitch.xm,0.74495757
27.1597,B,mrac.roll.theta_0,0.14725654
27.1597,B,mrac.roll.theta_1,0.015822921
27.1597,B,mrac.roll.theta_2,0.0094834743
27.1597,B,mrac.roll.theta_3,0.0031086104
27.1597,B,mrac.roll.theta_4,0.12209234
27.1597,B,mrac.roll.theta_5,0.14353833
27.1597,B,mrac.roll.u_nom,0.23048446
27.1597,B,mrac.roll.xm,1.7234172
27.1597,B,mrac.yaw.theta_0,0.033612244
27.1597,B,mrac.yaw.theta_1,0.026224576
27.1597,B,mrac.yaw.theta_2,0.0013845639
27.1597,B,mrac.yaw.theta_3,0
27.1597,B,mrac.yaw.theta_4,0.11298452
27.1597,B,mrac.yaw.theta_5,0.088120431
27.1597,B,mrac.yaw.u_nom,0.078663461
27.1597,B,mrac.yaw.xm,0.074003659
27.1597,B,mrac.z.theta_0,0.23162688
27.1597,B,mrac.z.theta_1,8.192365e-07
27.1597,B,mrac.z.theta_2,0.0055981092
27.1597,B,mrac.z.theta_3,0
27.1597,B,mrac.z.theta_4,0.1976527
27.1597,B,mrac.z.theta_5,0.18529746
27.1597,B,mrac.z.u_nom,-0.49959221
27.1597,B,mrac.z.xm,0
27.1597,B,path.active_path_mode,0
27.1597,B,path.circle_theta,0
27.1597,B,path.sinusoid_t_elapsed,0
27.1597,B,path.twc_arrived,0
27.1597,B,path.twc_target_x,0
27.1597,B,path.twc_target_y,0
27.1597,B,path.twc_target_z,0
27.1597,B,pid.gyrox.Des,98.744492
27.1597,B,pid.gyrox.FB,7.2672906
27.1597,B,pid.gyrox.U,269.66681
27.1597,B,pid.gyroy.Des,42.682907
27.1597,B,pid.gyroy.FB,-4.6860056
27.1597,B,pid.gyroy.U,290.8288
27.1597,B,pid.gyroz.Des,4.2400956
27.1597,B,pid.gyroz.FB,-14.393732
27.1597,B,pid.gyroz.U,147.258
27.1597,B,pid.locx.Des,0
27.1597,B,pid.locx.FB,17.080906
27.1597,B,pid.locx.U,-15.331321
27.1597,B,pid.locxs.Des,-15.331321
27.1597,B,pid.locxs.FB,-19.684315
27.1597,B,pid.locxs.U,13.574178
27.1597,B,pid.locy.Des,0
27.1597,B,pid.locy.FB,107.68734
27.1597,B,pid.locy.U,-88.424606
27.1597,B,pid.locys.Des,-88.424606
27.1597,B,pid.locys.FB,12.268976
27.1597,B,pid.locys.U,-302.11279
27.1597,B,pid.pitch.Des,-10.869717
27.1597,B,pid.pitch.FB,-24.959166
27.1597,B,pid.pitch.U,42.682907
27.1597,B,pid.roll.Des,11.748253
27.1597,B,pid.roll.FB,-21.301233
27.1597,B,pid.roll.U,98.744492
27.1597,B,pid.yaw.Des,-49.635666
27.1597,B,pid.yaw.FB,-50.633884
27.1597,B,pid.yaw.U,4.2400956
27.1597,B,pid.z_pos.Des,1.140308
27.1597,B,pid.z_pos.FB,1.140308
27.1597,B,pid.z_pos.U,-0.088317379
27.1597,B,pid.z_rate.Des,0
27.1597,B,pid.z_rate.FB,0.25019678
27.1597,B,pid.z_rate.U,-110.90947
27.1597,B,status.vbat,0
27.3593,A,mrac.pitch.e,-0.57660526
27.3593,A,mrac.pitch.u_ad,0.24621634
27.3593,A,mrac.roll.e,-1.1978134
27.3593,A,mrac.roll.u_ad,0.23978698
27.3593,A,mrac.yaw.e,1.8332446
27.3593,A,mrac.yaw.u_ad,0
27.3593,A,mrac.z.e,-0.026615616
27.3593,A,mrac.z.u_ad,0.25283471
27.3593,A,status.arm,0
27.3593,A,status.flymode,0
27.3593,A,status.rc_authority,0
27.3593,A,status.sbus_lost,0
27.3593,A,status.twc_arrived,0
27.3593,A,status.twc_execute,0
27.3594,B,mrac.pitch.theta_0,0.14829695
27.3594,B,mrac.pitch.theta_1,0.0036657401
27.3594,B,mrac.pitch.theta_2,0.0048182113
27.3594,B,mrac.pitch.theta_3,0.0039929827
27.3594,B,mrac.pitch.theta_4,0.14908844
27.3594,B,mrac.pitch.theta_5,0.14594007
27.3594,B,mrac.pitch.u_nom,0.17909507
27.3594,B,mrac.pitch.xm,0.57220203
27.3594,B,mrac.roll.theta_0,0.14725654
27.3594,B,mrac.roll.theta_1,0.015822921
27.3594,B,mrac.roll.theta_2,0.0094834743
27.3594,B,mrac.roll.theta_3,0.0031086104
27.3594,B,mrac.roll.theta_4,0.12209234
27.3594,B,mrac.roll.theta_5,0.14353833
27.3594,B,mrac.roll.u_nom,0.25641027
27.3594,B,mrac.roll.xm,1.7522891
27.3594,B,mrac.yaw.theta_0,0.021097859
27.3594,B,mrac.yaw.theta_1,0.025286024
27.3594,B,mrac.yaw.theta_2,0.0012729985
27.3594,B,mrac.yaw.theta_3,0
27.3594,B,mrac.yaw.theta_4,0.11299379
27.3594,B,mrac.yaw.theta_5,0.088059083
27.3594,B,mrac.yaw.u_nom,-0.13354701
27.3594,B,mrac.yaw.xm,-0.28548384
27.3594,B,mrac.z.theta_0,0.22425669
27.3594,B,mrac.z.theta_1,8.0203728e-07
27.3594,B,mrac.z.theta_2,0.0055968673
27.3594,B,mrac.z.theta_3,0
27.3594,B,mrac.z.theta_4,0.19763272
27.3594,B,mrac.z.theta_5,0.1852605
27.3594,B,mrac.z.u_nom,0.48565048
27.3594,B,mrac.z.xm,0
27.3594,B,path.active_path_mode,0
27.3594,B,path.circle_theta,0
27.3594,B,path.sinusoid_t_elapsed,0
27.3594,B,path.twc_arrived,0
27.3594,B,path.twc_target_x,0
27.3594,B,path.twc_target_y,0
27.3594,B,path.twc_target_z,0
27.3594,B,pid.gyrox.Des,100.39873
27.3594,B,pid.gyrox.FB,1.6947323
27.3594,B,pid.gyrox.U,300
27.3594,B,pid.gyroy.Des,32.784748
27.3594,B,pid.gyroy.FB,0.5945704
27.3594,B,pid.gyroy.U,209.54123
27.3594,B,pid.gyroz.Des,-16.357012
27.3594,B,pid.gyroz.FB,51.106564
27.3594,B,pid.gyroz.U,-250
27.3594,B,pid.locx.Des,0
27.3594,B,pid.locx.FB,15.906087
27.3594,B,pid.locx.U,-14.469392
27.3594,B,pid.locxs.Des,-14.469392
27.3594,B,pid.locxs.FB,-16.331244
27.3594,B,pid.locxs.U,5.816474
27.3594,B,pid.locy.Des,0
27.3594,B,pid.locy.FB,107.98248
27.3594,B,pid.locy.U,-88.404198
27.3594,B,pid.locys.Des,-88.404198
27.3594,B,pid.locys.FB,1.5134406
27.3594,B,pid.locys.U,-270.63452
27.3594,B,pid.pitch.Des,-10.041548
27.3594,B,pid.pitch.FB,-21.523722
27.3594,B,pid.pitch.U,32.784748
27.3594,B,pid.roll.Des,10.449188
27.3594,B,pid.roll.FB,-22.794909
27.3594,B,pid.roll.U,100.39873
27.3594,B,pid.yaw.Des,-49.635666
27.3594,B,pid.yaw.FB,-47.136883
27.3594,B,pid.yaw.U,-16.357012
27.3594,B,pid.z_pos.Des,1.123469
27.3594,B,pid.z_pos.FB,1.123469
27.3594,B,pid.z_pos.U,-0.088317379
27.3594,B,pid.z_rate.Des,0
27.3594,B,pid.z_rate.FB,-0.29674965
27.3594,B,pid.z_rate.U,107.81441
27.3594,B,status.vbat,0
27.5599,A,mrac.pitch.e,0.6794945
27.5599,A,mrac.pitch.u_ad,0.082847908
27.5599,A,mrac.roll.e,-0.92078042
27.5599,A,mrac.roll.u_ad,0.38855392
27.5599,A,mrac.yaw.e,1.4267619
27.5599,A,mrac.yaw.u_ad,0
27.5599,A,mrac.z.e,-0.31387401
27.5599,A,mrac.z.u_ad,0.30288255
27.5599,A,status.arm,0
27.5599,A,status.flymode,0
27.5599,A,status.rc_authority,0
27.5599,A,status.sbus_lost,0
27.5599,A,status.twc_arrived,0
27.5599,A,status.twc_execute,0
27.5599,B,mrac.pitch.theta_0,0.12627335
27.5599,B,mrac.pitch.theta_1,0.002998977
27.5599,B,mrac.pitch.theta_2,0.0044440744
27.5599,B,mrac.pitch.theta_3,0.0042046015
27.5599,B,mrac.pitch.theta_4,0.14939806
27.5599,B,mrac.pitch.theta_5,0.14571914
27.5599,B,mrac.pitch.u_nom,-0.21273777
27.5599,B,mrac.pitch.xm,-0.040868804
27.5599,B,mrac.roll.theta_0,0.14726725
27.5599,B,mrac.roll.theta_1,0.018016744
27.5599,B,mrac.roll.theta_2,0.009783213
27.5599,B,mrac.roll.theta_3,0.0034919567
27.5599,B,mrac.roll.theta_4,0.12236156
27.5599,B,mrac.roll.theta_5,0.14396711
27.5599,B,mrac.roll.u_nom,0.25641027
27.5599,B,mrac.roll.xm,1.5085804
27.5599,B,mrac.yaw.theta_0,0.021097859
27.5599,B,mrac.yaw.theta_1,0.025286024
27.5599,B,mrac.yaw.theta_2,0.0012729985
27.5599,B,mrac.yaw.theta_3,0
27.5599,B,mrac.yaw.theta_4,0.11299379
27.5599,B,mrac.yaw.theta_5,0.088059083
27.5599,B,mrac.yaw.u_nom,-0.13354701
27.5599,B,mrac.yaw.xm,-1.0471979
27.5599,B,mrac.z.theta_0,0.21834184
27.5599,B,mrac.z.theta_1,7.3360138e-07
27.5599,B,mrac.z.theta_2,0.0056253993
27.5599,B,mrac.z.theta_3,0
27.5599,B,mrac.z.theta_4,0.1976231
27.5599,B,mrac.z.theta_5,0.18518105
27.5599,B,mrac.z.u_nom,1.3023088
27.5599,B,mrac.z.xm,0
27.5599,B,path.active_path_mode,0
27.5599,B,path.circle_theta,0
27.5599,B,path.sinusoid_t_elapsed,0
27.5599,B,path.twc_arrived,0
27.5599,B,path.twc_target_x,0
27.5599,B,path.twc_target_y,0
27.5599,B,path.twc_target_z,0
27.5599,B,pid.gyrox.Des,86.435257
27.5599,B,pid.gyrox.FB,28.621103
27.5599,B,pid.gyrox.U,300
27.5599,B,pid.gyroy.Des,-2.341609
27.5599,B,pid.gyroy.FB,47.137634
27.5599,B,pid.gyroy.U,-248.9032
27.5599,B,pid.gyroz.Des,-60
27.5599,B,pid.gyroz.FB,35.319778
27.5599,B,pid.gyroz.U,-250
27.5599,B,pid.locx.Des,0
27.5599,B,pid.locx.FB,14.062757
27.5599,B,pid.locx.U,-13.010071
27.5599,B,pid.locxs.Des,-13.010071
27.5599,B,pid.locxs.FB,-10.801477
27.5599,B,pid.locxs.U,-11.315105
27.5599,B,pid.locy.Des,0
27.5599,B,pid.locy.FB,107.23269
27.5599,B,pid.locy.U,-87.706566
27.5599,B,pid.locys.Des,-87.706566
27.5599,B,pid.locys.FB,-0.57279682
27.5599,B,pid.locys.U,-265.25665
27.5599,B,pid.pitch.Des,-11.270289
27.5599,B,pid.pitch.FB,-11.335306
27.5599,B,pid.pitch.U,-2.341609
27.5599,B,pid.roll.Des,9.5176353
27.5599,B,pid.roll.FB,-18.301573
27.5599,B,pid.roll.U,86.435257
27.5599,B,pid.yaw.Des,-49.635666
27.5599,B,pid.yaw.FB,-36.725616
27.5599,B,pid.yaw.U,-78.824608
27.5599,B,pid.z_pos.Des,1.0984589
27.5599,B,pid.z_pos.FB,1.0984589
27.5599,B,pid.z_pos.U,-0.088317379
27.5599,B,pid.z_rate.Des,0
27.5599,B,pid.z_rate.FB,-0.92811972
27.5599,B,pid.z_rate.U,289.11255
27.5599,B,status.vbat,0
27.7759,A,mrac.pitch.e,-0.31733856
27.7759,A,mrac.pitch.u_ad,0.11399487
27.7759,A,mrac.roll.e,-0.35093182
27.7759,A,mrac.roll.u_ad,0.34225214
27.7759,A,mrac.yaw.e,0.3469522
27.7759,A,mrac.yaw.u_ad,-0.096603081
27.7759,A,mrac.z.e,-0.033453777
27.7759,A,mrac.z.u_ad,0.22576496
27.7759,A,status.arm,0
27.7759,A,status.flymode,0
27.7759,A,status.rc_authority,0
27.7759,A,status.sbus_lost,0
27.7759,A,status.twc_arrived,0
27.7759,A,status.twc_execute,0
27.7760,B,mrac.pitch.theta_0,0.10404841
27.7760,B,mrac.pitch.theta_1,0.0024730305
27.7760,B,mrac.pitch.theta_2,0.0042877658
27.7760,B,mrac.pitch.theta_3,0.0041313441
27.7760,B,mrac.pitch.theta_4,0.14960924
27.7760,B,mrac.pitch.theta_5,0.14562899
27.7760,B,mrac.pitch.u_nom,0.042633303
27.7760,B,mrac.pitch.xm,-0.16147773
27.7760,B,mrac.roll.theta_0,0.14773422
27.7760,B,mrac.roll.theta_1,0.019853774
27.7760,B,mrac.roll.theta_2,0.0099957911
27.7760,B,mrac.roll.theta_3,0.0036345599
27.7760,B,mrac.roll.theta_4,0.12263424
27.7760,B,mrac.roll.theta_5,0.14432728
27.7760,B,mrac.roll.u_nom,0.12104899
27.7760,B,mrac.roll.xm,1.1912876
27.7760,B,mrac.yaw.theta_0,0.013560244
27.7760,B,mrac.yaw.theta_1,0.025428046
27.7760,B,mrac.yaw.theta_2,0.0012621563
27.7760,B,mrac.yaw.theta_3,0
27.7760,B,mrac.yaw.theta_4,0.11299959
27.7760,B,mrac.yaw.theta_5,0.088128477
27.7760,B,mrac.yaw.u_nom,-0.13354701
27.7760,B,mrac.yaw.xm,-1.0471979
27.7760,B,mrac.z.theta_0,0.22361594
27.7760,B,mrac.z.theta_1,6.7521631e-07
27.7760,B,mrac.z.theta_2,0.0057191127
27.7760,B,mrac.z.theta_3,0
27.7760,B,mrac.z.theta_4,0.19763945
27.7760,B,mrac.z.theta_5,0.18513301
27.7760,B,mrac.z.u_nom,-0.074043289
27.7760,B,mrac.z.xm,0
27.7760,B,path.active_path_mode,0
27.7760,B,path.circle_theta,0
27.7760,B,path.sinusoid_t_elapsed,0
27.7760,B,path.twc_arrived,0
27.7760,B,path.twc_target_x,0
27.7760,B,path.twc_target_y,0
27.7760,B,path.twc_target_z,0
27.7760,B,pid.gyrox.Des,68.255722
27.7760,B,pid.gyrox.FB,37.023888
27.7760,B,pid.gyrox.U,141.62732
27.7760,B,pid.gyroy.Des,-9.2519884
27.7760,B,pid.gyroy.FB,-26.731165
27.7760,B,pid.gyroy.U,49.880962
27.7760,B,pid.gyroz.Des,-60
27.7760,B,pid.gyroz.FB,-20.51165
27.7760,B,pid.gyroz.U,-250
27.7760,B,pid.locx.Des,0
27.7760,B,pid.locx.FB,13.366051
27.7760,B,pid.locx.U,-12.674648
27.7760,B,pid.locxs.Des,-12.674648
27.7760,B,pid.locxs.FB,-6.3950419
27.7760,B,pid.locxs.U,-18.981377
27.7760,B,pid.locy.Des,0
27.7760,B,pid.locy.FB,107.00065
27.7760,B,pid.locy.U,-87.488853
27.7760,B,pid.locys.Des,-87.488853
27.7760,B,pid.locys.FB,0.32161784
27.7760,B,pid.locys.U,-263.18219
27.7760,B,pid.pitch.Des,-11.346301
27.7760,B,pid.pitch.FB,-8.6791725
27.7760,B,pid.pitch.U,-9.2519884
27.7760,B,pid.roll.Des,9.6835966
27.7760,B,pid.roll.FB,-13.546288
27.7760,B,pid.roll.U,68.255722
27.7760,B,pid.yaw.Des,-49.635666
27.7760,B,pid.yaw.FB,-35.780754
27.7760,B,pid.yaw.U,-84.493782
27.7760,B,pid.z_pos.Des,1.1244266
27.7760,B,pid.z_pos.FB,1.1244266
27.7760,B,pid.z_pos.U,-0.088317379
27.7760,B,pid.z_rate.Des,0
27.7760,B,pid.z_rate.FB,0.014113896
27.7760,B,pid.z_rate.U,-16.437611
27.7760,B,status.vbat,0
27.9793,A,mrac.pitch.e,0.58119613
27.9793,A,mrac.pitch.u_ad,0.062449098
27.9793,A,mrac.roll.e,-0.60758257
27.9793,A,mrac.roll.u_ad,0.28491098
27.9793,A,mrac.yaw.e,1.2964305
27.9793,A,mrac.yaw.u_ad,0
27.9793,A,mrac.z.e,0.1351743
27.9793,A,mrac.z.u_ad,0.15130331
27.9793,A,status.arm,0
27.9793,A,status.flymode,0
27.9793,A,status.rc_authority,0
27.9793,A,status.sbus_lost,0
27.9793,A,status.twc_arrived,0
27.9793,A,status.twc_execute,0
27.9793,B,mrac.pitch.theta_0,0.10123476
27.9793,B,mrac.pitch.theta_1,0.0021244911
27.9793,B,mrac.pitch.theta_2,0.0043376819
27.9793,B,mrac.pitch.theta_3,0.0040076342
27.9793,B,mrac.pitch.theta_4,0.14974287
27.9793,B,mrac.pitch.theta_5,0.14551282
27.9793,B,mrac.pitch.u_nom,-0.10215115
27.9793,B,mrac.pitch.xm,-0.12404154
27.9793,B,mrac.roll.theta_0,0.14848542
27.9793,B,mrac.roll.theta_1,0.022629876
27.9793,B,mrac.roll.theta_2,0.01033805
27.9793,B,mrac.roll.theta_3,0.0037686699
27.9793,B,mrac.roll.theta_4,0.12286302
27.9793,B,mrac.roll.theta_5,0.14469056
27.9793,B,mrac.roll.u_nom,0.1220367
27.9793,B,mrac.roll.xm,0.79315549
27.9793,B,mrac.yaw.theta_0,0.0036268139
27.9793,B,mrac.yaw.theta_1,0.026072556
27.9793,B,mrac.yaw.theta_2,0.0011708154
27.9793,B,mrac.yaw.theta_3,0
27.9793,B,mrac.yaw.theta_4,0.11300534
27.9793,B,mrac.yaw.theta_5,0.088307314
27.9793,B,mrac.yaw.u_nom,-0.13354701
27.9793,B,mrac.yaw.xm,-1.0471979
27.9793,B,mrac.z.theta_0,0.21382561
27.9793,B,mrac.z.theta_1,6.5524597e-07
27.9793,B,mrac.z.theta_2,0.0057084449
27.9793,B,mrac.z.theta_3,0
27.9793,B,mrac.z.theta_4,0.19761214
27.9793,B,mrac.z.theta_5,0.18508127
27.9793,B,mrac.z.u_nom,-0.376508
27.9793,B,mrac.z.xm,0
27.9793,B,path.active_path_mode,0
27.9793,B,path.circle_theta,0
27.9793,B,path.sinusoid_t_elapsed,0
27.9793,B,path.twc_arrived,0
27.9793,B,path.twc_target_x,0
27.9793,B,path.twc_target_y,0
27.9793,B,path.twc_target_z,0
27.9793,B,pid.gyrox.Des,45.444443
27.9793,B,pid.gyrox.FB,13.331864
27.9793,B,pid.gyrox.U,142.78294
27.9793,B,pid.gyroy.Des,-7.1070538
27.9793,B,pid.gyroy.FB,14.270028
27.9793,B,pid.gyroy.U,-119.51685
27.9793,B,pid.gyroz.Des,-60
27.9793,B,pid.gyroz.FB,18.383942
27.9793,B,pid.gyroz.U,-250
27.9793,B,pid.locx.Des,0
27.9793,B,pid.locx.FB,12.714766
27.9793,B,pid.locx.U,-11.939543
27.9793,B,pid.locxs.Des,-11.939543
27.9793,B,pid.locxs.FB,-10.503836
27.9793,B,pid.locxs.U,-4.0700054
27.9793,B,pid.locy.Des,0
27.9793,B,pid.locy.FB,107.47143
27.9793,B,pid.locy.U,-88.205864
27.9793,B,pid.locys.Des,-88.205864
27.9793,B,pid.locys.FB,8.2261419
27.9793,B,pid.locys.U,-289.73615
27.9793,B,pid.pitch.Des,-12.756965
27.9793,B,pid.pitch.FB,-10.661923
27.9793,B,pid.pitch.U,-7.1070538
27.9793,B,pid.roll.Des,10.517432
27.9793,B,pid.roll.FB,-4.7852864
27.9793,B,pid.roll.U,45.444443
27.9793,B,pid.yaw.Des,-49.635666
27.9793,B,pid.yaw.FB,-38.938927
27.9793,B,pid.yaw.U,-65.544746
27.9793,B,pid.z_pos.Des,1.1457932
27.9793,B,pid.z_pos.FB,1.1457932
27.9793,B,pid.z_pos.U,-0.088317379
27.9793,B,pid.z_rate.Des,0
27.9793,B,pid.z_rate.FB,0.1805262
27.9793,B,pid.z_rate.U,-83.584778
27.9793,B,status.vbat,0
28.1768,A,mrac.pitch.e,0.85058987
28.1768,A,mrac.pitch.u_ad,-0.018806623
28.1768,A,mrac.roll.e,-0.85051417
28.1768,A,mrac.roll.u_ad,0.25627553
28.1768,A,mrac.yaw.e,1.1568598
28.1768,A,mrac.yaw.u_ad,0
28.1768,A,mrac.z.e,0.19143936
28.1768,A,mrac.z.u_ad,0.13652219
28.1768,A,status.arm,0
28.1768,A,status.flymode,0
28.1768,A,status.rc_authority,0
28.1768,A,status.sbus_lost,0
28.1768,A,status.twc_arrived,0
28.1768,A,status.twc_execute,0
28.1768,B,mrac.pitch.theta_0,0.059933443
28.1768,B,mrac.pitch.theta_1,0.0018085301
28.1768,B,mrac.pitch.theta_2,0.0042338343
28.1768,B,mrac.pitch.theta_3,0.0039899759
28.1768,B,mrac.pitch.theta_4,0.15000416
28.1768,B,mrac.pitch.theta_5,0.14550188
28.1768,B,mrac.pitch.u_nom,-0.090979435
28.1768,B,mrac.pitch.xm,-0.11716985
28.1768,B,mrac.roll.theta_0,0.14882216
28.1768,B,mrac.roll.theta_1,0.023624258
28.1768,B,mrac.roll.theta_2,0.010390263
28.1768,B,mrac.roll.theta_3,0.0038207998
28.1768,B,mrac.roll.theta_4,0.12307808
28.1768,B,mrac.roll.theta_5,0.14488962
28.1768,B,mrac.roll.u_nom,0.04203774
28.1768,B,mrac.roll.xm,0.52078724
28.1768,B,mrac.yaw.theta_0,0.0036268139
28.1768,B,mrac.yaw.theta_1,0.026072556
28.1768,B,mrac.yaw.theta_2,0.0011708154
28.1768,B,mrac.yaw.theta_3,0
28.1768,B,mrac.yaw.theta_4,0.11300534
28.1768,B,mrac.yaw.theta_5,0.088307314
28.1768,B,mrac.yaw.u_nom,-0.13354701
28.1768,B,mrac.yaw.xm,-1.0471979
28.1768,B,mrac.z.theta_0,0.19669485
28.1768,B,mrac.z.theta_1,6.3940985e-07
28.1768,B,mrac.z.theta_2,0.00570093
28.1768,B,mrac.z.theta_3,0
28.1768,B,mrac.z.theta_4,0.19757245
28.1768,B,mrac.z.theta_5,0.1850203
28.1768,B,mrac.z.u_nom,-0.16792922
28.1768,B,mrac.z.xm,0
28.1768,B,path.active_path_mode,0
28.1768,B,path.circle_theta,0
28.1768,B,path.sinusoid_t_elapsed,0
28.1768,B,path.twc_arrived,0
28.1768,B,path.twc_target_x,0
28.1768,B,path.twc_target_y,0
28.1768,B,path.twc_target_z,0
28.1768,B,pid.gyrox.Des,29.838898
28.1768,B,pid.gyrox.FB,12.029534
28.1768,B,pid.gyrox.U,49.184158
28.1768,B,pid.gyroy.Des,-6.713335
28.1768,B,pid.gyroy.FB,17.768656
28.1768,B,pid.gyroy.U,-106.44594
28.1768,B,pid.gyroz.Des,-60
28.1768,B,pid.gyroz.FB,5.7344203
28.1768,B,pid.gyroz.U,-250
28.1768,B,pid.locx.Des,0
28.1768,B,pid.locx.FB,11.641403
28.1768,B,pid.locx.U,-11.075902
28.1768,B,pid.locxs.Des,-11.075902
28.1768,B,pid.locxs.FB,-10.714183
28.1768,B,pid.locxs.U,0.38223839
28.1768,B,pid.locy.Des,0
28.1768,B,pid.locy.FB,107.57195
28.1768,B,pid.locy.U,-87.873909
28.1768,B,pid.locys.Des,-87.873909
28.1768,B,pid.locys.FB,-5.7624912
28.1768,B,pid.locys.U,-237.65854
28.1768,B,pid.pitch.Des,-10.846723
28.1768,B,pid.pitch.FB,-7.5131803
28.1768,B,pid.pitch.U,-6.713335
28.1768,B,pid.roll.Des,8.3479824
28.1768,B,pid.roll.FB,-3.151545
28.1768,B,pid.roll.U,29.838898
28.1768,B,pid.yaw.Des,-49.635666
28.1768,B,pid.yaw.FB,-37.73539
28.1768,B,pid.yaw.U,-72.765968
28.1768,B,pid.z_pos.Des,1.158201
28.1768,B,pid.z_pos.FB,1.158201
28.1768,B,pid.z_pos.U,-0.088317379
28.1768,B,pid.z_rate.Des,0
28.1768,B,pid.z_rate.FB,0.063471794
28.1768,B,pid.z_rate.U,-37.280285
28.1768,B,status.vbat,0
28.3931,A,mrac.pitch.e,1.5680611
28.3931,A,mrac.pitch.u_ad,0
28.3931,A,mrac.roll.e,-0.4001247
28.3931,A,mrac.roll.u_ad,0.25685558
28.3931,A,mrac.yaw.e,1.4260569
28.3931,A,mrac.yaw.u_ad,0
28.3931,A,mrac.z.e,0.026473969
28.3931,A,mrac.z.u_ad,0.14048946
28.3931,A,status.arm,0
28.3931,A,status.flymode,0
28.3931,A,status.rc_authority,0
28.3931,A,status.sbus_lost,0
28.3931,A,status.twc_arrived,0
28.3931,A,status.twc_execute,0
28.3932,B,mrac.pitch.theta_0,0.020953715
28.3932,B,mrac.pitch.theta_1,0.0013119099
28.3932,B,mrac.pitch.theta_2,0.0038819604
28.3932,B,mrac.pitch.theta_3,0.0039970358
28.3932,B,mrac.pitch.theta_4,0.15048811
28.3932,B,mrac.pitch.theta_5,0.14550541
28.3932,B,mrac.pitch.u_nom,-0.25641027
28.3932,B,mrac.pitch.xm,-0.77120119
28.3932,B,mrac.roll.theta_0,0.14885415
28.3932,B,mrac.roll.theta_1,0.022438599
28.3932,B,mrac.roll.theta_2,0.010436792
28.3932,B,mrac.roll.theta_3,0.0038657067
28.3932,B,mrac.roll.theta_4,0.12379207
28.3932,B,mrac.roll.theta_5,0.14517763
28.3932,B,mrac.roll.u_nom,0.13051225
28.3932,B,mrac.roll.xm,0.61345309
28.3932,B,mrac.yaw.theta_0,0.0013952469
28.3932,B,mrac.yaw.theta_1,0.026170118
28.3932,B,mrac.yaw.theta_2,0.0011670172
28.3932,B,mrac.yaw.theta_3,0
28.3932,B,mrac.yaw.theta_4,0.11301506
28.3932,B,mrac.yaw.theta_5,0.088422775
28.3932,B,mrac.yaw.u_nom,-0.13354701
28.3932,B,mrac.yaw.xm,-1.0471979
28.3932,B,mrac.z.theta_0,0.17546156
28.3932,B,mrac.z.theta_1,6.1467978e-07
28.3932,B,mrac.z.theta_2,0.0056853839
28.3932,B,mrac.z.theta_3,0
28.3932,B,mrac.z.theta_4,0.19753066
28.3932,B,mrac.z.theta_5,0.18494269
28.3932,B,mrac.z.u_nom,-0.1999941
28.3932,B,mrac.z.xm,0
28.3932,B,path.active_path_mode,0
28.3932,B,path.circle_theta,0
28.3932,B,path.sinusoid_t_elapsed,0
28.3932,B,path.twc_arrived,0
28.3932,B,path.twc_target_x,0
28.3932,B,path.twc_target_y,0
28.3932,B,path.twc_target_z,0
28.3932,B,pid.gyrox.Des,35.148258
28.3932,B,pid.gyrox.FB,4.714397
28.3932,B,pid.gyrox.U,152.69934
28.3932,B,pid.gyroy.Des,-44.186554
28.3932,B,pid.gyroy.FB,40.488056
28.3932,B,pid.gyroy.U,-300
28.3932,B,pid.gyroz.Des,-60
28.3932,B,pid.gyroz.FB,7.299962
28.3932,B,pid.gyroz.U,-250
28.3932,B,pid.locx.Des,0
28.3932,B,pid.locx.FB,9.1021996
28.3932,B,pid.locx.U,-8.7469616
28.3932,B,pid.locxs.Des,-8.7469616
28.3932,B,pid.locxs.FB,-15.113235
28.3932,B,pid.locxs.U,23.816757
28.3932,B,pid.locy.Des,0
28.3932,B,pid.locy.FB,105.38044
28.3932,B,pid.locy.U,-85.884369
28.3932,B,pid.locys.Des,-85.884369
28.3932,B,pid.locys.FB,-13.137356
28.3932,B,pid.locys.U,-222.53229
28.3932,B,pid.pitch.Des,-10.909258
28.3932,B,pid.pitch.FB,1.8567208
28.3932,B,pid.pitch.U,-44.186554
28.3932,B,pid.roll.Des,6.8973675
28.3932,B,pid.roll.FB,-5.0192628
28.3932,B,pid.roll.U,35.148258
28.3932,B,pid.yaw.Des,-49.635666
28.3932,B,pid.yaw.FB,-38.136803
28.3932,B,pid.yaw.U,-70.357491
28.3932,B,pid.z_pos.Des,1.1848143
28.3932,B,pid.z_pos.FB,1.1848143
28.3932,B,pid.z_pos.U,-0.088317379
28.3932,B,pid.z_rate.Des,0
28.3932,B,pid.z_rate.FB,0.079350419
28.3932,B,pid.z_rate.U,-44.398689
28.3932,B,status.vbat,0
28.5939,A,mrac.pitch.e,2.0077057
28.5939,A,mrac.pitch.u_ad,0
28.5939,A,mrac.roll.e,-0.4879896
28.5939,A,mrac.roll.u_ad,0.23794651
28.5939,A,mrac.yaw.e,1.5643587
28.5939,A,mrac.yaw.u_ad,0
28.5939,A,mrac.z.e,0.30714351
28.5939,A,mrac.z.u_ad,0.050970826
28.5939,A,status.arm,0
28.5939,A,status.flymode,0
28.5939,A,status.rc_authority,0
28.5939,A,status.sbus_lost,0
28.5939,A,status.twc_arrived,0
28.5939,A,status.twc_execute,0
28.5940,B,mrac.pitch.theta_0,0.020953715
28.5940,B,mrac.pitch.theta_1,0.0013119099
28.5940,B,mrac.pitch.theta_2,0.0038819604
28.5940,B,mrac.pitch.theta_3,0.0039970358
28.5940,B,mrac.pitch.theta_4,0.15048811
28.5940,B,mrac.pitch.theta_5,0.14550541
28.5940,B,mrac.pitch.u_nom,-0.24122907
28.5940,B,mrac.pitch.xm,-1.2690884
28.5940,B,mrac.roll.theta_0,0.1489187
28.5940,B,mrac.roll.theta_1,0.022630123
28.5940,B,mrac.roll.theta_2,0.010459552
28.5940,B,mrac.roll.theta_3,0.0043377401
28.5940,B,mrac.roll.theta_4,0.12405932
28.5940,B,mrac.roll.theta_5,0.14531209
28.5940,B,mrac.roll.u_nom,0.14265837
28.5940,B,mrac.roll.xm,0.50454456
28.5940,B,mrac.yaw.theta_0,0.0013952469
28.5940,B,mrac.yaw.theta_1,0.026170118
28.5940,B,mrac.yaw.theta_2,0.0011670172
28.5940,B,mrac.yaw.theta_3,0
28.5940,B,mrac.yaw.theta_4,0.11301506
28.5940,B,mrac.yaw.theta_5,0.088422775
28.5940,B,mrac.yaw.u_nom,-0.13354701
28.5940,B,mrac.yaw.xm,-1.0471979
28.5940,B,mrac.z.theta_0,0.15774393
28.5940,B,mrac.z.theta_1,5.720712e-07
28.5940,B,mrac.z.theta_2,0.0056349137
28.5940,B,mrac.z.theta_3,0
28.5940,B,mrac.z.theta_4,0.1975497
28.5940,B,mrac.z.theta_5,0.18489465
28.5940,B,mrac.z.u_nom,-0.61779141
28.5940,B,mrac.z.xm,0
28.5940,B,path.active_path_mode,0
28.5940,B,path.circle_theta,0
28.5940,B,path.sinusoid_t_elapsed,0
28.5940,B,path.twc_arrived,0
28.5940,B,path.twc_target_x,0
28.5940,B,path.twc_target_y,0
28.5940,B,path.twc_target_z,0
28.5940,B,pid.gyrox.Des,28.90826
28.5940,B,pid.gyrox.FB,-6.7707567
28.5940,B,pid.gyrox.U,166.91029
28.5940,B,pid.gyroy.Des,-72.713379
28.5940,B,pid.gyroy.FB,54.190845
28.5940,B,pid.gyroy.U,-282.23801
28.5940,B,pid.gyroz.Des,-60
28.5940,B,pid.gyroz.FB,27.039814
28.5940,B,pid.gyroz.U,-250
28.5940,B,pid.locx.Des,0
28.5940,B,pid.locx.FB,6.0461001
28.5940,B,pid.locx.U,-5.8931489
28.5940,B,pid.locxs.Des,-5.8931489
28.5940,B,pid.locxs.FB,-23.841276
28.5940,B,pid.locxs.U,55.135529
28.5940,B,pid.locy.Des,0
28.5940,B,pid.locy.FB,104.41926
28.5940,B,pid.locy.U,-85.559303
28.5940,B,pid.locys.Des,-85.559303
28.5940,B,pid.locys.FB,-0.77043152
28.5940,B,pid.locys.U,-255.21805
28.5940,B,pid.pitch.Des,-13.770228
28.5940,B,pid.pitch.FB,10.454552
28.5940,B,pid.pitch.U,-72.713379
28.5940,B,pid.roll.Des,5.7660155
28.5940,B,pid.roll.FB,-3.9542794
28.5940,B,pid.roll.U,28.90826
28.5940,B,pid.yaw.Des,-49.635666
28.5940,B,pid.yaw.FB,-34.874763
28.5940,B,pid.yaw.U,-89.929726
28.5940,B,pid.z_pos.Des,1.2263227
28.5940,B,pid.z_pos.FB,1.2263227
28.5940,B,pid.z_pos.U,-0.088317379
28.5940,B,pid.z_rate.Des,0
28.5940,B,pid.z_rate.FB,0.31064409
28.5940,B,pid.z_rate.U,-137.14969
28.5940,B,status.vbat,0
28.8107,A,mrac.pitch.e,2.5836549
28.8107,A,mrac.pitch.u_ad,0
28.8107,A,mrac.roll.e,-0.35104999
28.8107,A,mrac.roll.u_ad,0.22180487
28.8107,A,mrac.yaw.e,1.3770337
28.8107,A,mrac.yaw.u_ad,0
28.8107,A,mrac.z.e,-0.090669543
28.8107,A,mrac.z.u_ad,0.098874539
28.8107,A,status.arm,0
28.8107,A,status.flymode,0
28.8107,A,status.rc_authority,0
28.8107,A,status.sbus_lost,0
28.8107,A,status.twc_arrived,0
28.8107,A,status.twc_execute,0
28.8109,B,mrac.pitch.theta_0,0.020953715
28.8109,B,mrac.pitch.theta_1,0.0013119099
28.8109,B,mrac.pitch.theta_2,0.0038819604
28.8109,B,mrac.pitch.theta_3,0.0039970358
28.8109,B,mrac.pitch.theta_4,0.15048811
28.8109,B,mrac.pitch.theta_5,0.14550541
28.8109,B,mrac.pitch.u_nom,-0.23288512
28.8109,B,mrac.pitch.xm,-1.7067546
28.8109,B,mrac.roll.theta_0,0.14902546
28.8109,B,mrac.roll.theta_1,0.021940993
28.8109,B,mrac.roll.theta_2,0.010471597
28.8109,B,mrac.roll.theta_3,0.0049912124
28.8109,B,mrac.roll.theta_4,0.12452264
28.8109,B,mrac.roll.theta_5,0.14546941
28.8109,B,mrac.roll.u_nom,0.22984369
28.8109,B,mrac.roll.xm,0.56151503
28.8109,B,mrac.yaw.theta_0,0.0013952469
28.8109,B,mrac.yaw.theta_1,0.026170118
28.8109,B,mrac.yaw.theta_2,0.0011670172
28.8109,B,mrac.yaw.theta_3,0
28.8109,B,mrac.yaw.theta_4,0.11301506
28.8109,B,mrac.yaw.theta_5,0.088422775
28.8109,B,mrac.yaw.u_nom,-0.13354701
28.8109,B,mrac.yaw.xm,-1.0471979
28.8109,B,mrac.z.theta_0,0.13145745
28.8109,B,mrac.z.theta_1,5.0743148e-07
28.8109,B,mrac.z.theta_2,0.0055511985
28.8109,B,mrac.z.theta_3,0
28.8109,B,mrac.z.theta_4,0.19757727
28.8109,B,mrac.z.theta_5,0.1848115
28.8109,B,mrac.z.u_nom,-0.25567991
28.8109,B,mrac.z.xm,0
28.8109,B,path.active_path_mode,0
28.8109,B,path.circle_theta,0
28.8109,B,path.sinusoid_t_elapsed,0
28.8109,B,path.twc_arrived,0
28.8109,B,path.twc_target_x,0
28.8109,B,path.twc_target_y,0
28.8109,B,path.twc_target_z,0
28.8109,B,pid.gyrox.Des,32.172428
28.8109,B,pid.gyrox.FB,-1.4670391
28.8109,B,pid.gyrox.U,268.91711
28.8109,B,pid.gyroy.Des,-97.789795
28.8109,B,pid.gyroy.FB,34.669788
28.8109,B,pid.gyroy.U,-272.47559
28.8109,B,pid.gyroz.Des,-60
28.8109,B,pid.gyroz.FB,21.24667
28.8109,B,pid.gyroz.U,-250
28.8109,B,pid.locx.Des,0
28.8109,B,pid.locx.FB,1.5435505
28.8109,B,pid.locx.U,-2.8232379
28.8109,B,pid.locxs.Des,-2.8232379
28.8109,B,pid.locxs.FB,-13.415598
28.8109,B,pid.locxs.U,18.647512
28.8109,B,pid.locy.Des,0
28.8109,B,pid.locy.FB,104.82054
28.8109,B,pid.locy.U,-85.869316
28.8109,B,pid.locys.Des,-85.869316
28.8109,B,pid.locys.FB,-0.14743614
28.8109,B,pid.locys.U,-257.86047
28.8109,B,pid.pitch.Des,-13.619831
28.8109,B,pid.pitch.FB,19.726789
28.8109,B,pid.pitch.U,-97.789795
28.8109,B,pid.roll.Des,5.5515289
28.8109,B,pid.roll.FB,-2.7373202
28.8109,B,pid.roll.U,32.172428
28.8109,B,pid.yaw.Des,-49.635666
28.8109,B,pid.yaw.FB,-27.194721
28.8109,B,pid.yaw.U,-120
28.8109,B,pid.z_pos.Des,1.2693224
28.8109,B,pid.z_pos.FB,1.2693224
28.8109,B,pid.z_pos.U,-0.088317379
28.8109,B,pid.z_rate.Des,0
28.8109,B,pid.z_rate.FB,0.10928775
28.8109,B,pid.z_rate.U,-56.760941
28.8109,B,status.vbat,0
29.0110,A,mrac.pitch.e,2.170974
29.0110,A,mrac.pitch.u_ad,0
29.0110,A,mrac.roll.e,-0.27575809
29.0110,A,mrac.roll.u_ad,0.21759583
29.0110,A,mrac.yaw.e,0.86357898
29.0110,A,mrac.yaw.u_ad,-0.079603352
29.0110,A,mrac.z.e,0.26697749
29.0110,A,mrac.z.u_ad,-0.014274029
29.0110,A,status.arm,0
29.0110,A,status.flymode,0
29.0110,A,status.rc_authority,0
29.0110,A,status.sbus_lost,0
29.0110,A,status.twc_arrived,0
29.0110,A,status.twc_execute,0
29.0111,B,mrac.pitch.theta_0,0.020953715
29.0111,B,mrac.pitch.theta_1,0.0013119099
29.0111,B,mrac.pitch.theta_2,0.0038819604
29.0111,B,mrac.pitch.theta_3,0.0039970358
29.0111,B,mrac.pitch.theta_4,0.15048811
29.0111,B,mrac.pitch.theta_5,0.14550541
29.0111,B,mrac.pitch.u_nom,-0.25641027
29.0111,B,mrac.pitch.xm,-1.9455929
29.0111,B,mrac.roll.theta_0,0.14904241
29.0111,B,mrac.roll.theta_1,0.02192821
29.0111,B,mrac.roll.theta_2,0.010479583
29.0111,B,mrac.roll.theta_3,0.0051314333
29.0111,B,mrac.roll.theta_4,0.12472738
29.0111,B,mrac.roll.theta_5,0.14555463
29.0111,B,mrac.roll.u_nom,0.0091262814
29.0111,B,mrac.roll.xm,0.43462694
29.0111,B,mrac.yaw.theta_0,0.0013952469
29.0111,B,mrac.yaw.theta_1,0.026170118
29.0111,B,mrac.yaw.theta_2,0.0011670172
29.0111,B,mrac.yaw.theta_3,0
29.0111,B,mrac.yaw.theta_4,0.11301506
29.0111,B,mrac.yaw.theta_5,0.088422775
29.0111,B,mrac.yaw.u_nom,-0.13354701
29.0111,B,mrac.yaw.xm,-1.0471979
29.0111,B,mrac.z.theta_0,0.12025954
29.0111,B,mrac.z.theta_1,4.6574823e-07
29.0111,B,mrac.z.theta_2,0.0054849591
29.0111,B,mrac.z.theta_3,0
29.0111,B,mrac.z.theta_4,0.19760218
29.0111,B,mrac.z.theta_5,0.18475977
29.0111,B,mrac.z.u_nom,-0.66738832
29.0111,B,mrac.z.xm,0
29.0111,B,path.active_path_mode,0
29.0111,B,path.circle_theta,0
29.0111,B,path.sinusoid_t_elapsed,0
29.0111,B,path.twc_arrived,0
29.0111,B,path.twc_target_x,0
29.0111,B,path.twc_target_y,0
29.0111,B,path.twc_target_z,0
29.0111,B,pid.gyrox.Des,24.902279
29.0111,B,pid.gyrox.FB,16.052998
29.0111,B,pid.gyrox.U,10.67775
29.0111,B,pid.gyroy.Des,-111.47421
29.0111,B,pid.gyroy.FB,15.825397
29.0111,B,pid.gyroy.U,-300
29.0111,B,pid.gyroz.Des,-60
29.0111,B,pid.gyroz.FB,-1.4573871
29.0111,B,pid.gyroz.U,-250
29.0111,B,pid.locx.Des,0
29.0111,B,pid.locx.FB,1.5572927
29.0111,B,pid.locx.U,-3.4896927
29.0111,B,pid.locxs.Des,-3.4896927
29.0111,B,pid.locxs.FB,2.6582179
29.0111,B,pid.locxs.U,-24.251732
29.0111,B,pid.locy.Des,0
29.0111,B,pid.locy.FB,104.59187
29.0111,B,pid.locy.U,-85.4916
29.0111,B,pid.locys.Des,-85.4916
29.0111,B,pid.locys.FB,-0.96637356
29.0111,B,pid.locys.U,-255.75197
29.0111,B,pid.pitch.Des,-12.722439
29.0111,B,pid.pitch.FB,24.290682
29.0111,B,pid.pitch.U,-111.47421
29.0111,B,pid.roll.Des,6.8973145
29.0111,B,pid.roll.FB,-1.5939001
29.0111,B,pid.roll.U,24.902279
29.0111,B,pid.yaw.Des,-49.635666
29.0111,B,pid.yaw.FB,-25.02169
29.0111,B,pid.yaw.U,-120
29.0111,B,pid.z_pos.Des,1.3120095
29.0111,B,pid.z_pos.FB,1.3120095
29.0111,B,pid.z_pos.U,-0.088317379
29.0111,B,pid.z_rate.Des,0
29.0111,B,pid.z_rate.FB,0.3377755
29.0111,B,pid.z_rate.U,-148.1602
29.0111,B,status.vbat,0
29.2274,A,mrac.pitch.e,1.2869579
29.2274,A,mrac.pitch.u_ad,0
29.2274,A,mrac.roll.e,-0.5359264
29.2274,A,mrac.roll.u_ad,0.24576412
29.2274,A,mrac.yaw.e,-0.40595615
29.2274,A,mrac.yaw.u_ad,-0.10747828
29.2274,A,mrac.z.e,-0.28327987
29.2274,A,mrac.z.u_ad,0.063620791
29.2274,A,status.arm,0
29.2274,A,status.flymode,0
29.2274,A,status.rc_authority,0
29.2274,A,status.sbus_lost,0
29.2274,A,status.twc_arrived,0
29.2274,A,status.twc_execute,0
29.2275,B,mrac.pitch.theta_0,0.020953715
29.2275,B,mrac.pitch.theta_1,0.0013119099
29.2275,B,mrac.pitch.theta_2,0.0038819604
29.2275,B,mrac.pitch.theta_3,0.0039970358
29.2275,B,mrac.pitch.theta_4,0.15048811
29.2275,B,mrac.pitch.theta_5,0.14550541
29.2275,B,mrac.pitch.u_nom,-0.19393875
29.2275,B,mrac.pitch.xm,-2.0490646
29.2275,B,mrac.roll.theta_0,0.14906175
29.2275,B,mrac.roll.theta_1,0.021859191
29.2275,B,mrac.roll.theta_2,0.010490132
29.2275,B,mrac.roll.theta_3,0.0051847911
29.2275,B,mrac.roll.theta_4,0.12498529
29.2275,B,mrac.roll.theta_5,0.14563625
29.2275,B,mrac.roll.u_nom,0.15641868
29.2275,B,mrac.roll.xm,0.48178396
29.2275,B,mrac.yaw.theta_0,0.00013762336
29.2275,B,mrac.yaw.theta_1,0.026549237
29.2275,B,mrac.yaw.theta_2,0.0011331199
29.2275,B,mrac.yaw.theta_3,0
29.2275,B,mrac.yaw.theta_4,0.11303683
29.2275,B,mrac.yaw.theta_5,0.088660881
29.2275,B,mrac.yaw.u_nom,-0.051322538
29.2275,B,mrac.yaw.xm,-1.0471979
29.2275,B,mrac.z.theta_0,0.09634424
29.2275,B,mrac.z.theta_1,3.8865869e-07
29.2275,B,mrac.z.theta_2,0.0053427466
29.2275,B,mrac.z.theta_3,0
29.2275,B,mrac.z.theta_4,0.19767848
29.2275,B,mrac.z.theta_5,0.18467477
29.2275,B,mrac.z.u_nom,-0.18062536
29.2275,B,mrac.z.xm,0
29.2275,B,path.active_path_mode,0
29.2275,B,path.circle_theta,0
29.2275,B,path.sinusoid_t_elapsed,0
29.2275,B,path.twc_arrived,0
29.2275,B,path.twc_target_x,0
29.2275,B,path.twc_target_y,0
29.2275,B,path.twc_target_z,0
29.2275,B,pid.gyrox.Des,27.604176
29.2275,B,pid.gyrox.FB,-7.9630971
29.2275,B,pid.gyrox.U,183.00986
29.2275,B,pid.gyroy.Des,-117.40271
29.2275,B,pid.gyroy.FB,-26.579632
29.2275,B,pid.gyroy.U,-226.90834
29.2275,B,pid.gyroz.Des,-60
29.2275,B,pid.gyroz.FB,-48.223904
29.2275,B,pid.gyroz.U,-96.07579
29.2275,B,pid.locx.Des,0
29.2275,B,pid.locx.FB,1.9196862
29.2275,B,pid.locx.U,-3.5147958
29.2275,B,pid.locxs.Des,-3.5147958
29.2275,B,pid.locxs.FB,-6.1455469
29.2275,B,pid.locxs.U,8.1409473
29.2275,B,pid.locy.Des,0
29.2275,B,pid.locy.FB,105.10358
29.2275,B,pid.locy.U,-86.436806
29.2275,B,pid.locys.Des,-86.436806
29.2275,B,pid.locys.FB,15.975989
29.2275,B,pid.locys.U,-307.94626
29.2275,B,pid.pitch.Des,-15
29.2275,B,pid.pitch.FB,24.442019
29.2275,B,pid.pitch.U,-117.40271
29.2275,B,pid.roll.Des,7.205164
29.2275,B,pid.roll.FB,-1.4317873
29.2275,B,pid.roll.U,27.604176
29.2275,B,pid.yaw.Des,-49.635666
29.2275,B,pid.yaw.FB,-27.75029
29.2275,B,pid.yaw.U,-120
29.2275,B,pid.z_pos.Des,1.3742455
29.2275,B,pid.z_pos.FB,1.3742455
29.2275,B,pid.z_pos.U,-0.088317379
29.2275,B,pid.z_rate.Des,0
29.2275,B,pid.z_rate.FB,0.06762208
29.2275,B,pid.z_rate.U,-40.098831
29.2275,B,status.vbat,0
29.4304,A,mrac.pitch.e,0.34921309
29.4304,A,mrac.pitch.u_ad,-0.085805446
29.4304,A,mrac.roll.e,-1.7661812
29.4304,A,mrac.roll.u_ad,0
29.4304,A,mrac.yaw.e,-3.0243692
29.4304,A,mrac.yaw.u_ad,0
29.4304,A,mrac.z.e,-0.22665378
29.4304,A,mrac.z.u_ad,0.22202264
29.4304,A,status.arm,0
29.4304,A,status.flymode,0
29.4304,A,status.rc_authority,0
29.4304,A,status.sbus_lost,0
29.4304,A,status.twc_arrived,0
29.4304,A,status.twc_execute,0
29.4305,B,mrac.pitch.theta_0,0.019769793
29.4305,B,mrac.pitch.theta_1,0.0017173319
29.4305,B,mrac.pitch.theta_2,0.0038795969
29.4305,B,mrac.pitch.theta_3,0.0040348829
29.4305,B,mrac.pitch.theta_4,0.15047911
29.4305,B,mrac.pitch.theta_5,0.14541486
29.4305,B,mrac.pitch.u_nom,0.20990467
29.4305,B,mrac.pitch.xm,-1.0046762
29.4305,B,mrac.roll.theta_0,0.14781655
29.4305,B,mrac.roll.theta_1,0.021877689
29.4305,B,mrac.roll.theta_2,0.010478075
29.4305,B,mrac.roll.theta_3,0.0054643266
29.4305,B,mrac.roll.theta_4,0.12501757
29.4305,B,mrac.roll.theta_5,0.14559931
29.4305,B,mrac.roll.u_nom,-0.033187378
29.4305,B,mrac.roll.xm,0.7864759
29.4305,B,mrac.yaw.theta_0,0.0026783822
29.4305,B,mrac.yaw.theta_1,0.026131094
29.4305,B,mrac.yaw.theta_2,0.0013258347
29.4305,B,mrac.yaw.theta_3,0
29.4305,B,mrac.yaw.theta_4,0.11302318
29.4305,B,mrac.yaw.theta_5,0.088378154
29.4305,B,mrac.yaw.u_nom,0.13255556
29.4305,B,mrac.yaw.xm,-0.23926865
29.4305,B,mrac.z.theta_0,0.1048889
29.4305,B,mrac.z.theta_1,3.4965083e-07
29.4305,B,mrac.z.theta_2,0.0055088163
29.4305,B,mrac.z.theta_3,0
29.4305,B,mrac.z.theta_4,0.19770455
29.4305,B,mrac.z.theta_5,0.18462303
29.4305,B,mrac.z.u_nom,1.058455
29.4305,B,mrac.z.xm,0
29.4305,B,path.active_path_mode,0
29.4305,B,path.circle_theta,0
29.4305,B,path.sinusoid_t_elapsed,0
29.4305,B,path.twc_arrived,0
29.4305,B,path.twc_target_x,0
29.4305,B,path.twc_target_y,0
29.4305,B,path.twc_target_z,0
29.4305,B,pid.gyrox.Des,45.061729
29.4305,B,pid.gyrox.FB,67.581337
29.4305,B,pid.gyrox.U,-38.829231
29.4305,B,pid.gyroy.Des,-57.563683
29.4305,B,pid.gyroy.FB,-126.39094
29.4305,B,pid.gyroy.U,245.58847
29.4305,B,pid.gyroz.Des,-13.709078
29.4305,B,pid.gyroz.FB,-154.08031
29.4305,B,pid.gyroz.U,248.144
29.4305,B,pid.locx.Des,0
29.4305,B,pid.locx.FB,2.5702825
29.4305,B,pid.locx.U,-4.3508749
29.4305,B,pid.locxs.Des,-4.3508749
29.4305,B,pid.locxs.FB,0.14049053
29.4305,B,pid.locxs.U,-9.2002716
29.4305,B,pid.locy.Des,0
29.4305,B,pid.locy.FB,106.93891
29.4305,B,pid.locy.U,-87.986984
29.4305,B,pid.locys.Des,-87.986984
29.4305,B,pid.locys.FB,28.319256
29.4305,B,pid.locys.U,-349.5737
29.4305,B,pid.pitch.Des,-13.143077
29.4305,B,pid.pitch.FB,8.9040861
29.4305,B,pid.pitch.U,-57.563683
29.4305,B,pid.roll.Des,14.907742
29.4305,B,pid.roll.FB,-1.0706745
29.4305,B,pid.roll.U,45.061729
29.4305,B,pid.yaw.Des,-49.635666
29.4305,B,pid.yaw.FB,-47.578205
29.4305,B,pid.yaw.U,-13.709078
29.4305,B,pid.z_pos.Des,1.3038647
29.4305,B,pid.z_pos.FB,1.3038647
29.4305,B,pid.z_pos.U,-0.088317379
29.4305,B,pid.z_rate.Des,0
29.4305,B,pid.z_rate.FB,-0.62006754
29.4305,B,pid.z_rate.U,234.97701
29.4305,B,status.vbat,0
29.6440,A,mrac.pitch.e,-1.5543218
29.6440,A,mrac.pitch.u_ad,0
29.6440,A,mrac.roll.e,0.0075695515
29.6440,A,mrac.roll.u_ad,0.31552163
29.6440,A,mrac.yaw.e,-2.0166349
29.6440,A,mrac.yaw.u_ad,0
29.6440,A,mrac.z.e,-0.33322397
29.6440,A,mrac.z.u_ad,0.25469115
29.6440,A,status.arm,0
29.6440,A,status.flymode,0
29.6440,A,status.rc_authority,0
29.6440,A,status.sbus_lost,0
29.6440,A,status.twc_arrived,0
29.6440,A,status.twc_execute,0
29.6441,B,mrac.pitch.theta_0,0.037614461
29.6441,B,mrac.pitch.theta_1,0.0015262412
29.6441,B,mrac.pitch.theta_2,0.0043336768
29.6441,B,mrac.pitch.theta_3,0.0041278773
29.6441,B,mrac.pitch.theta_4,0.15057963
29.6441,B,mrac.pitch.theta_5,0.14490776
29.6441,B,mrac.pitch.u_nom,0.25641027
29.6441,B,mrac.pitch.xm,0.20770082
29.6441,B,mrac.roll.theta_0,0.14759678
29.6441,B,mrac.roll.theta_1,0.022211086
29.6441,B,mrac.roll.theta_2,0.010514796
29.6441,B,mrac.roll.theta_3,0.0058858269
29.6441,B,mrac.roll.theta_4,0.12506805
29.6441,B,mrac.roll.theta_5,0.14562921
29.6441,B,mrac.roll.u_nom,0.040877201
29.6441,B,mrac.roll.xm,1.0648299
29.6441,B,mrac.yaw.theta_0,0.0026783822
29.6441,B,mrac.yaw.theta_1,0.026131094
29.6441,B,mrac.yaw.theta_2,0.0013258347
29.6441,B,mrac.yaw.theta_3,0
29.6441,B,mrac.yaw.theta_4,0.11302318
29.6441,B,mrac.yaw.theta_5,0.088378154
29.6441,B,mrac.yaw.u_nom,0.1325161
29.6441,B,mrac.yaw.xm,1.0471979
29.6441,B,mrac.z.theta_0,0.1563376
29.6441,B,mrac.z.theta_1,2.5648308e-07
29.6441,B,mrac.z.theta_2,0.0061009871
29.6441,B,mrac.z.theta_3,0
29.6441,B,mrac.z.theta_4,0.19782914
29.6441,B,mrac.z.theta_5,0.18453065
29.6441,B,mrac.z.u_nom,0.39305404
29.6441,B,mrac.z.xm,0
29.6441,B,path.active_path_mode,0
29.6441,B,path.circle_theta,0
29.6441,B,path.sinusoid_t_elapsed,0
29.6441,B,path.twc_arrived,0
29.6441,B,path.twc_target_x,0
29.6441,B,path.twc_target_y,0
29.6441,B,path.twc_target_z,0
29.6441,B,pid.gyrox.Des,61.010235
29.6441,B,pid.gyrox.FB,43.722801
29.6441,B,pid.gyrox.U,47.826324
29.6441,B,pid.gyroy.Des,11.900375
29.6441,B,pid.gyroy.FB,-67.256798
29.6441,B,pid.gyroy.U,300
29.6441,B,pid.gyroz.Des,60
29.6441,B,pid.gyroz.FB,-65.05397
29.6441,B,pid.gyroz.U,248.07014
29.6441,B,pid.locx.Des,0
29.6441,B,pid.locx.FB,2.8868389
29.6441,B,pid.locx.U,-4.3701773
29.6441,B,pid.locxs.Des,-4.3701773
29.6441,B,pid.locxs.FB,-2.264204
29.6441,B,pid.locxs.U,-14.55415
29.6441,B,pid.locy.Des,0
29.6441,B,pid.locy.FB,111.42387
29.6441,B,pid.locy.U,-91.787498
29.6441,B,pid.locys.Des,-91.787498
29.6441,B,pid.locys.FB,28.703196
29.6441,B,pid.locys.U,-352.68091
29.6441,B,pid.pitch.Des,-4.7605314
29.6441,B,pid.pitch.FB,-5.39399
29.6441,B,pid.pitch.U,11.900375
29.6441,B,pid.roll.Des,15
29.6441,B,pid.roll.FB,-5.8804197
29.6441,B,pid.roll.U,61.010235
29.6441,B,pid.yaw.Des,-49.635666
29.6441,B,pid.yaw.FB,-74.187263
29.6441,B,pid.yaw.U,118.67616
29.6441,B,pid.z_pos.Des,1.198303
29.6441,B,pid.z_pos.FB,1.198303
29.6441,B,pid.z_pos.U,-0.088317379
29.6441,B,pid.z_rate.Des,0
29.6441,B,pid.z_rate.FB,-0.25077
29.6441,B,pid.z_rate.U,87.257996
29.6441,B,status.vbat,0
29.8453,A,mrac.pitch.e,0.13775206
29.8453,A,mrac.pitch.u_ad,0.14628136
29.8453,A,mrac.roll.e,-1.0254806
29.8453,A,mrac.roll.u_ad,0.089510515
29.8453,A,mrac.yaw.e,0.17718697
29.8453,A,mrac.yaw.u_ad,0.12149368
29.8453,A,mrac.z.e,1.022234
29.8453,A,mrac.z.u_ad,-0.016547922
29.8453,A,status.arm,0
29.8453,A,status.flymode,0
29.8453,A,status.rc_authority,0
29.8453,A,status.sbus_lost,0
29.8453,A,status.twc_arrived,0
29.8453,A,status.twc_execute,0
29.8454,B,mrac.pitch.theta_0,0.046401121
29.8454,B,mrac.pitch.theta_1,0.0014904557
29.8454,B,mrac.pitch.theta_2,0.0043564681
29.8454,B,mrac.pitch.theta_3,0.0042391364
29.8454,B,mrac.pitch.theta_4,0.15065792
29.8454,B,mrac.pitch.theta_5,0.1449483
29.8454,B,mrac.pitch.u_nom,0.25641027
29.8454,B,mrac.pitch.xm,0.93152356
29.8454,B,mrac.roll.theta_0,0.14062543
29.8454,B,mrac.roll.theta_1,0.021534342
29.8454,B,mrac.roll.theta_2,0.01038143
29.8454,B,mrac.roll.theta_3,0.0059116432
29.8454,B,mrac.roll.theta_4,0.12507328
29.8454,B,mrac.roll.theta_5,0.14527622
29.8454,B,mrac.roll.u_nom,-0.076014943
29.8454,B,mrac.roll.xm,0.36732736
29.8454,B,mrac.yaw.theta_0,0.010057377
29.8454,B,mrac.yaw.theta_1,0.026327057
29.8454,B,mrac.yaw.theta_2,0.0014023843
29.8454,B,mrac.yaw.theta_3,0
29.8454,B,mrac.yaw.theta_4,0.11302364
29.8454,B,mrac.yaw.theta_5,0.088427603
29.8454,B,mrac.yaw.u_nom,0.059235517
29.8454,B,mrac.yaw.xm,1.0471979
29.8454,B,mrac.z.theta_0,0.1850937
29.8454,B,mrac.z.theta_1,2.1377228e-07
29.8454,B,mrac.z.theta_2,0.0064792917
29.8454,B,mrac.z.theta_3,0
29.8454,B,mrac.z.theta_4,0.19789293
29.8454,B,mrac.z.theta_5,0.18447521
29.8454,B,mrac.z.u_nom,1.1625643
29.8454,B,mrac.z.xm,0
29.8454,B,path.active_path_mode,0
29.8454,B,path.circle_theta,0
29.8454,B,path.sinusoid_t_elapsed,0
29.8454,B,path.twc_arrived,0
29.8454,B,path.twc_target_x,0
29.8454,B,path.twc_target_y,0
29.8454,B,path.twc_target_z,0
29.8454,B,pid.gyrox.Des,21.046299
29.8454,B,pid.gyrox.FB,20.831694
29.8454,B,pid.gyrox.U,-88.937485
29.8454,B,pid.gyroy.Des,53.372345
29.8454,B,pid.gyroy.FB,2.2492468
29.8454,B,pid.gyroy.U,300
29.8454,B,pid.gyroz.Des,60
29.8454,B,pid.gyroz.FB,45.903484
29.8454,B,pid.gyroz.U,110.88889
29.8454,B,pid.locx.Des,0
29.8454,B,pid.locx.FB,3.6558959
29.8454,B,pid.locx.U,-5.2503862
29.8454,B,pid.locxs.Des,-5.2503862
29.8454,B,pid.locxs.FB,5.6325884
29.8454,B,pid.locxs.U,-49.528858
29.8454,B,pid.locy.Des,0
29.8454,B,pid.locy.FB,111.82329
29.8454,B,pid.locy.U,-90.928421
29.8454,B,pid.locys.Des,-90.928421
29.8454,B,pid.locys.FB,-6.5018425
29.8454,B,pid.locys.U,-216.64828
29.8454,B,pid.pitch.Des,-0.1545451
29.8454,B,pid.pitch.FB,-14.611993
29.8454,B,pid.pitch.U,53.372345
29.8454,B,pid.roll.Des,12.367751
29.8454,B,pid.roll.FB,2.0189843
29.8454,B,pid.roll.U,21.046299
29.8454,B,pid.yaw.Des,-49.635666
29.8454,B,pid.yaw.FB,-76.440331
29.8454,B,pid.yaw.U,118.67616
29.8454,B,pid.z_pos.Des,1.073432
29.8454,B,pid.z_pos.FB,1.073432
29.8454,B,pid.z_pos.U,-0.088317379
29.8454,B,pid.z_rate.Des,0
29.8454,B,pid.z_rate.FB,-0.67784816
29.8454,B,pid.z_rate.U,258.08926
29.8454,B,status.vbat,0
30.0455,A,mrac.pitch.e,0.37711269
30.0455,A,mrac.pitch.u_ad,0.065258101
30.0455,A,mrac.roll.e,-0.20834562
30.0455,A,mrac.roll.u_ad,0.23795535
30.0455,A,mrac.yaw.e,-0.039280891
30.0455,A,mrac.yaw.u_ad,0.12750401
30.0455,A,mrac.z.e,0.14044073
30.0455,A,mrac.z.u_ad,0.068569019
30.0455,A,status.arm,0
30.0455,A,status.flymode,0
30.0455,A,status.rc_authority,0
30.0455,A,status.sbus_lost,0
30.0455,A,status.twc_arrived,0
30.0455,A,status.twc_execute,0
30.0455,B,mrac.pitch.theta_0,0.038747903
30.0455,B,mrac.pitch.theta_1,0.0015180195
30.0455,B,mrac.pitch.theta_2,0.00419717
30.0455,B,mrac.pitch.theta_3,0.0043534189
30.0455,B,mrac.pitch.theta_4,0.15072162
30.0455,B,mrac.pitch.theta_5,0.14455612
30.0455,B,mrac.pitch.u_nom,-0.10598904
30.0455,B,mrac.pitch.xm,0.38831928
30.0455,B,mrac.roll.theta_0,0.14553457
30.0455,B,mrac.roll.theta_1,0.020812865
30.0455,B,mrac.roll.theta_2,0.010466615
30.0455,B,mrac.roll.theta_3,0.0067232926
30.0455,B,mrac.roll.theta_4,0.1253043
30.0455,B,mrac.roll.theta_5,0.14534338
30.0455,B,mrac.roll.u_nom,0.10467102
30.0455,B,mrac.roll.xm,0.58628297
30.0455,B,mrac.yaw.theta_0,0.0081047183
30.0455,B,mrac.yaw.theta_1,0.025729645
30.0455,B,mrac.yaw.theta_2,0.0012995719
30.0455,B,mrac.yaw.theta_3,0
30.0455,B,mrac.yaw.theta_4,0.11299738
30.0455,B,mrac.yaw.theta_5,0.087902665
30.0455,B,mrac.yaw.u_nom,-0.059697527
30.0455,B,mrac.yaw.xm,1.0471979
30.0455,B,mrac.z.theta_0,0.16065627
30.0455,B,mrac.z.theta_1,1.8627583e-07
30.0455,B,mrac.z.theta_2,0.0063087698
30.0455,B,mrac.z.theta_3,0
30.0455,B,mrac.z.theta_4,0.19793244
30.0455,B,mrac.z.theta_5,0.18441609
30.0455,B,mrac.z.u_nom,-0.60782218
30.0455,B,mrac.z.xm,0
30.0455,B,path.active_path_mode,0
30.0455,B,path.circle_theta,0
30.0455,B,path.sinusoid_t_elapsed,0
30.0455,B,path.twc_arrived,0
30.0455,B,path.twc_target_x,0
30.0455,B,path.twc_target_y,0
30.0455,B,path.twc_target_z,0
30.0455,B,pid.gyrox.Des,33.591526
30.0455,B,pid.gyrox.FB,12.676991
30.0455,B,pid.gyrox.U,122.46509
30.0455,B,pid.gyroy.Des,22.249046
30.0455,B,pid.gyroy.FB,36.780628
30.0455,B,pid.gyroy.U,-124.00717
30.0455,B,pid.gyroz.Des,60
30.0455,B,pid.gyroz.FB,73.72007
30.0455,B,pid.gyroz.U,-111.75377
30.0455,B,pid.locx.Des,0
30.0455,B,pid.locx.FB,5.5147514
30.0455,B,pid.locx.U,-6.8429751
30.0455,B,pid.locxs.Des,-6.8429751
30.0455,B,pid.locxs.FB,14.834763
30.0455,B,pid.locxs.U,-68.710114
30.0455,B,pid.locy.Des,0
30.0455,B,pid.locy.FB,107.30764
30.0455,B,pid.locy.U,-86.539879
30.0455,B,pid.locys.Des,-86.539879
30.0455,B,pid.locys.FB,-41.254452
30.0455,B,pid.locys.U,-130.40793
30.0455,B,pid.pitch.Des,0.38457131
30.0455,B,pid.pitch.FB,-7.7164721
30.0455,B,pid.pitch.U,22.249046
30.0455,B,pid.roll.Des,8.4634104
30.0455,B,pid.roll.FB,-2.6998093
30.0455,B,pid.roll.U,33.591526
30.0455,B,pid.yaw.Des,-49.635666
30.0455,B,pid.yaw.FB,-64.778221
30.0455,B,pid.yaw.U,89.531487
30.0455,B,pid.z_pos.Des,1.1878136
30.0455,B,pid.z_pos.FB,1.1878136
30.0455,B,pid.z_pos.U,-0.088317379
30.0455,B,pid.z_rate.Des,0
30.0455,B,pid.z_rate.FB,0.30471632
30.0455,B,pid.z_rate.U,-134.93652
30.0455,B,status.vbat,0
30.2457,A,mrac.pitch.e,-0.004123807
30.2457,A,mrac.pitch.u_ad,-0.023567731
30.2457,A,mrac.roll.e,-0.7111367
30.2457,A,mrac.roll.u_ad,0.25535241
30.2457,A,mrac.yaw.e,-1.0071723
30.2457,A,mrac.yaw.u_ad,0
30.2457,A,mrac.z.e,-0.00078710588
30.2457,A,mrac.z.u_ad,0.13984159
30.2457,A,status.arm,0
30.2457,A,status.flymode,0
30.2457,A,status.rc_authority,0
30.2457,A,status.sbus_lost,0
30.2457,A,status.twc_arrived,0
30.2457,A,status.twc_execute,0
30.2459,B,mrac.pitch.theta_0,0.0077709961
30.2459,B,mrac.pitch.theta_1,0.0011097779
30.2459,B,mrac.pitch.theta_2,0.0038721466
30.2459,B,mrac.pitch.theta_3,0.0044954522
30.2459,B,mrac.pitch.theta_4,0.15099029
30.2459,B,mrac.pitch.theta_5,0.14420782
30.2459,B,mrac.pitch.u_nom,-0.076648682
30.2459,B,mrac.pitch.xm,-0.13598683
30.2459,B,mrac.roll.theta_0,0.14813779
30.2459,B,mrac.roll.theta_1,0.01991036
30.2459,B,mrac.roll.theta_2,0.010618262
30.2459,B,mrac.roll.theta_3,0.0072723157
30.2459,B,mrac.roll.theta_4,0.12568329
30.2459,B,mrac.roll.theta_5,0.14544831
30.2459,B,mrac.roll.u_nom,0.1581139
30.2459,B,mrac.roll.xm,0.52427876
30.2459,B,mrac.yaw.theta_0,0.014589734
30.2459,B,mrac.yaw.theta_1,0.025124425
30.2459,B,mrac.yaw.theta_2,0.0012312121
30.2459,B,mrac.yaw.theta_3,0
30.2459,B,mrac.yaw.theta_4,0.11298573
30.2459,B,mrac.yaw.theta_5,0.087506279
30.2459,B,mrac.yaw.u_nom,0.13257892
30.2459,B,mrac.yaw.xm,0.43580988
30.2459,B,mrac.z.theta_0,0.1512671
30.2459,B,mrac.z.theta_1,1.802444e-07
30.2459,B,mrac.z.theta_2,0.0062922677
30.2459,B,mrac.z.theta_3,0
30.2459,B,mrac.z.theta_4,0.19792059
30.2459,B,mrac.z.theta_5,0.18437913
30.2459,B,mrac.z.u_nom,-0.055470962
30.2459,B,mrac.z.xm,0
30.2459,B,path.active_path_mode,0
30.2459,B,path.circle_theta,0
30.2459,B,path.sinusoid_t_elapsed,0
30.2459,B,path.twc_arrived,0
30.2459,B,path.twc_target_x,0
30.2459,B,path.twc_target_y,0
30.2459,B,path.twc_target_z,0
30.2459,B,pid.gyrox.Des,30.038946
30.2459,B,pid.gyrox.FB,4.6109071
30.2459,B,pid.gyrox.U,184.99326
30.2459,B,pid.gyroy.Des,-7.7914686
30.2459,B,pid.gyroy.FB,3.6828606
30.2459,B,pid.gyroy.U,-89.678963
30.2459,B,pid.gyroz.Des,24.970057
30.2459,B,pid.gyroz.FB,-18.4736
30.2459,B,pid.gyroz.U,248.18774
30.2459,B,pid.locx.Des,0
30.2459,B,pid.locx.FB,6.3804832
30.2459,B,pid.locx.U,-7.1074119
30.2459,B,pid.locxs.Des,-7.1074119
30.2459,B,pid.locxs.FB,-1.6636066
30.2459,B,pid.locxs.U,-16.090405
30.2459,B,pid.locy.Des,0
30.2459,B,pid.locy.FB,97.559364
30.2459,B,pid.locy.U,-78.877037
30.2459,B,pid.locys.Des,-78.877037
30.2459,B,pid.locys.FB,-34.629936
30.2459,B,pid.locys.U,-120.3785
30.2459,B,pid.pitch.Des,-3.3599555
30.2459,B,pid.pitch.FB,-0.7736401
30.2459,B,pid.pitch.U,-7.7914686
30.2459,B,pid.roll.Des,6.2184825
30.2459,B,pid.roll.FB,-3.8678081
30.2459,B,pid.roll.U,30.038946
30.2459,B,pid.yaw.Des,-49.635666
30.2459,B,pid.yaw.FB,-54.017982
30.2459,B,pid.yaw.U,24.970057
30.2459,B,pid.z_pos.Des,1.1871812
30.2459,B,pid.z_pos.FB,1.1871812
30.2459,B,pid.z_pos.U,-0.088317379
30.2459,B,pid.z_rate.Des,0
30.2459,B,pid.z_rate.FB,-0.0012998795
30.2459,B,pid.z_rate.U,-12.314553
30.2459,B,status.vbat,0
30.4605,A,mrac.pitch.e,-0.45311886
30.4605,A,mrac.pitch.u_ad,0.018363617
30.4605,A,mrac.roll.e,-0.38392538
30.4605,A,mrac.roll.u_ad,0.25970742
30.4605,A,mrac.yaw.e,-0.56198323
30.4605,A,mrac.yaw.u_ad,0.1185761
30.4605,A,mrac.z.e,-0.021832706
30.4605,A,mrac.z.u_ad,0.14677006
30.4605,A,status.arm,0
30.4605,A,status.flymode,0
30.4605,A,status.rc_authority,0
30.4605,A,status.sbus_lost,0
30.4605,A,status.twc_arrived,0
30.4605,A,status.twc_execute,0
30.4606,B,mrac.pitch.theta_0,0.011336959
30.4606,B,mrac.pitch.theta_1,0.0011567436
30.4606,B,mrac.pitch.theta_2,0.0038789979
30.4606,B,mrac.pitch.theta_3,0.0044997334
30.4606,B,mrac.pitch.theta_4,0.15102631
30.4606,B,mrac.pitch.theta_5,0.14417018
30.4606,B,mrac.pitch.u_nom,-0.024680035
30.4606,B,mrac.pitch.xm,-0.2318331
30.4606,B,mrac.roll.theta_0,0.14866434
30.4606,B,mrac.roll.theta_1,0.019223327
30.4606,B,mrac.roll.theta_2,0.010648736
30.4606,B,mrac.roll.theta_3,0.0073159146
30.4606,B,mrac.roll.theta_4,0.12613644
30.4606,B,mrac.roll.theta_5,0.14561681
30.4606,B,mrac.roll.u_nom,0.20595928
30.4606,B,mrac.roll.xm,0.75008351
30.4606,B,mrac.yaw.theta_0,0.044216063
30.4606,B,mrac.yaw.theta_1,0.024457963
30.4606,B,mrac.yaw.theta_2,0.0013449803
30.4606,B,mrac.yaw.theta_3,0
30.4606,B,mrac.yaw.theta_4,0.11302533
30.4606,B,mrac.yaw.theta_5,0.087694958
30.4606,B,mrac.yaw.u_nom,0.13249362
30.4606,B,mrac.yaw.xm,0.68502599
30.4606,B,mrac.z.theta_0,0.1512671
30.4606,B,mrac.z.theta_1,1.802444e-07
30.4606,B,mrac.z.theta_2,0.0062922677
30.4606,B,mrac.z.theta_3,0
30.4606,B,mrac.z.theta_4,0.19792059
30.4606,B,mrac.z.theta_5,0.18437913
30.4606,B,mrac.z.u_nom,-0.022247899
30.4606,B,mrac.z.xm,0
30.4606,B,path.active_path_mode,0
30.4606,B,path.circle_theta,0
30.4606,B,path.sinusoid_t_elapsed,0
30.4606,B,path.twc_arrived,0
30.4606,B,path.twc_target_x,0
30.4606,B,path.twc_target_y,0
30.4606,B,path.twc_target_z,0
30.4606,B,pid.gyrox.Des,42.976601
30.4606,B,pid.gyrox.FB,4.4898739
30.4606,B,pid.gyrox.U,240.97235
30.4606,B,pid.gyroy.Des,-13.283052
30.4606,B,pid.gyroy.FB,-18.866945
30.4606,B,pid.gyroy.U,-28.875641
30.4606,B,pid.gyroz.Des,39.249081
30.4606,B,pid.gyroz.FB,7.830328
30.4606,B,pid.gyroz.U,248.02806
30.4606,B,pid.locx.Des,0
30.4606,B,pid.locx.FB,6.1011615
30.4606,B,pid.locx.U,-6.7380824
30.4606,B,pid.locxs.Des,-6.7380824
30.4606,B,pid.locxs.FB,-7.4574027
30.4606,B,pid.locxs.U,4.3162222
30.4606,B,pid.locy.Des,0
30.4606,B,pid.locy.FB,93.95417
30.4606,B,pid.locy.U,-76.441963
30.4606,B,pid.locys.Des,-76.441963
30.4606,B,pid.locys.FB,-20.258015
30.4606,B,pid.locys.U,-175.86221
30.4606,B,pid.pitch.Des,-5.8554645
30.4606,B,pid.pitch.FB,-2.5973029
30.4606,B,pid.pitch.U,-13.283052
30.4606,B,pid.roll.Des,8.3500767
30.4606,B,pid.roll.FB,-4.7724643
30.4606,B,pid.roll.U,42.976601
30.4606,B,pid.yaw.Des,-49.635666
30.4606,B,pid.yaw.FB,-56.39782
30.4606,B,pid.yaw.U,39.249081
30.4606,B,pid.z_pos.Des,1.184656
30.4606,B,pid.z_pos.FB,1.184656
30.4606,B,pid.z_pos.U,-0.088317379
30.4606,B,pid.z_rate.Des,0
30.4606,B,pid.z_rate.FB,-0.019366272
30.4606,B,pid.z_rate.U,-4.9390335
30.4606,B,status.vbat,0
30.6605,A,mrac.pitch.e,-0.51280916
30.6605,A,mrac.pitch.u_ad,0.10024082
30.6605,A,mrac.roll.e,-0.63903075
30.6605,A,mrac.roll.u_ad,0.26788917
30.6605,A,mrac.yaw.e,-0.33253309
30.6605,A,mrac.yaw.u_ad,0.1555019
30.6605,A,mrac.z.e,-0.065653294
30.6605,A,mrac.z.u_ad,0.16758895
30.6605,A,status.arm,0
30.6605,A,status.flymode,0
30.6605,A,status.rc_authority,0
30.6605,A,status.sbus_lost,0
30.6605,A,status.twc_arrived,0
30.6605,A,status.twc_execute,0
30.6605,B,mrac.pitch.theta_0,0.057012286
30.6605,B,mrac.pitch.theta_1,0.00093538512
30.6605,B,mrac.pitch.theta_2,0.004065962
30.6605,B,mrac.pitch.theta_3,0.0045133997
30.6605,B,mrac.pitch.theta_4,0.15117204
30.6605,B,mrac.pitch.theta_5,0.14398155
30.6605,B,mrac.pitch.u_nom,0.13269225
30.6605,B,mrac.pitch.xm,0.10175315
30.6605,B,mrac.roll.theta_0,0.14884746
30.6605,B,mrac.roll.theta_1,0.019296089
30.6605,B,mrac.roll.theta_2,0.010681685
30.6605,B,mrac.roll.theta_3,0.0073309415
30.6605,B,mrac.roll.theta_4,0.12666495
30.6605,B,mrac.roll.theta_5,0.1458437
30.6605,B,mrac.roll.u_nom,0.088681445
30.6605,B,mrac.roll.xm,0.57020116
30.6605,B,mrac.yaw.theta_0,0.084845625
30.6605,B,mrac.yaw.theta_1,0.024093535
30.6605,B,mrac.yaw.theta_2,0.0014092264
30.6605,B,mrac.yaw.theta_3,0
30.6605,B,mrac.yaw.theta_4,0.11309168
30.6605,B,mrac.yaw.theta_5,0.088006817
30.6605,B,mrac.yaw.u_nom,0.13249791
30.6605,B,mrac.yaw.xm,0.73725402
30.6605,B,mrac.z.theta_0,0.15629822
30.6605,B,mrac.z.theta_1,1.7694009e-07
30.6605,B,mrac.z.theta_2,0.0062925722
30.6605,B,mrac.z.theta_3,0
30.6605,B,mrac.z.theta_4,0.19786337
30.6605,B,mrac.z.theta_5,0.18431446
30.6605,B,mrac.z.u_nom,0.051903415
30.6605,B,mrac.z.xm,0
30.6605,B,path.active_path_mode,0
30.6605,B,path.circle_theta,0
30.6605,B,path.sinusoid_t_elapsed,0
30.6605,B,path.twc_arrived,0
30.6605,B,path.twc_target_x,0
30.6605,B,path.twc_target_y,0
30.6605,B,path.twc_target_z,0
30.6605,B,pid.gyrox.Des,32.670105
30.6605,B,pid.gyrox.FB,-4.2182708
30.6605,B,pid.gyrox.U,103.75729
30.6605,B,pid.gyroy.Des,5.8300238
30.6605,B,pid.gyroy.FB,-24.706337
30.6605,B,pid.gyroy.U,155.24992
30.6605,B,pid.gyroz.Des,42.241528
30.6605,B,pid.gyroz.FB,5.1569271
30.6605,B,pid.gyroz.U,248.03609
30.6605,B,pid.locx.Des,0
30.6605,B,pid.locx.FB,5.1447582
30.6605,B,pid.locx.U,-6.0314827
30.6605,B,pid.locxs.Des,-6.0314827
30.6605,B,pid.locxs.FB,-6.2253895
30.6605,B,pid.locxs.U,0.74443245
30.6605,B,pid.locy.Des,0
30.6605,B,pid.locy.FB,89.968971
30.6605,B,pid.locy.U,-73.552696
30.6605,B,pid.locys.Des,-73.552696
30.6605,B,pid.locys.FB,-15.041428
30.6605,B,pid.locys.U,-175.33089
30.6605,B,pid.pitch.Des,-5.5979676
30.6605,B,pid.pitch.FB,-7.2505145
30.6605,B,pid.pitch.U,5.8300238
30.6605,B,pid.roll.Des,8.4275913
30.6605,B,pid.roll.FB,-4.2195129
30.6605,B,pid.roll.U,32.670105
30.6605,B,pid.yaw.Des,-49.635666
30.6605,B,pid.yaw.FB,-56.896561
30.6605,B,pid.yaw.U,42.241528
30.6605,B,pid.z_pos.Des,1.1772847
30.6605,B,pid.z_pos.FB,1.1772847
30.6605,B,pid.z_pos.U,-0.088317379
30.6605,B,pid.z_rate.Des,0
30.6605,B,pid.z_rate.FB,-0.059223324
30.6605,B,pid.z_rate.U,11.522558
30.6605,B,status.vbat,0
30.8607,A,mrac.pitch.e,-0.47217715
30.8607,A,mrac.pitch.u_ad,0.15368594
30.8607,A,mrac.roll.e,-0.43195409
30.8607,A,mrac.roll.u_ad,0.26947379
30.8607,A,mrac.yaw.e,0.14036
30.8607,A,mrac.yaw.u_ad,0.12238125
30.8607,A,mrac.z.e,0.038474634
30.8607,A,mrac.z.u_ad,0.15453945
30.8607,A,status.arm,0
30.8607,A,status.flymode,0
30.8607,A,status.rc_authority,0
30.8607,A,status.sbus_lost,0
30.8607,A,status.twc_arrived,0
30.8607,A,status.twc_execute,0
30.8607,B,mrac.pitch.theta_0,0.097434886
30.8607,B,mrac.pitch.theta_1,0.00080379366
30.8607,B,mrac.pitch.theta_2,0.0041796626
30.8607,B,mrac.pitch.theta_3,0.0045099431
30.8607,B,mrac.pitch.theta_4,0.15136634
30.8607,B,mrac.pitch.theta_5,0.14399913
30.8607,B,mrac.pitch.u_nom,0.098401345
30.8607,B,mrac.pitch.xm,0.20541809
30.8607,B,mrac.roll.theta_0,0.14883436
30.8607,B,mrac.roll.theta_1,0.019106304
30.8607,B,mrac.roll.theta_2,0.010681531
30.8607,B,mrac.roll.theta_3,0.0072379806
30.8607,B,mrac.roll.theta_4,0.1271212
30.8607,B,mrac.roll.theta_5,0.14601171
30.8607,B,mrac.roll.u_nom,0.18106113
30.8607,B,mrac.roll.xm,0.70077652
30.8607,B,mrac.yaw.theta_0,0.087303944
30.8607,B,mrac.yaw.theta_1,0.024445096
30.8607,B,mrac.yaw.theta_2,0.0014668414
30.8607,B,mrac.yaw.theta_3,0
30.8607,B,mrac.yaw.theta_4,0.11308645
30.8607,B,mrac.yaw.theta_5,0.088069245
30.8607,B,mrac.yaw.u_nom,0.01690408
30.8607,B,mrac.yaw.xm,0.3588987
30.8607,B,mrac.z.theta_0,0.17204823
30.8607,B,mrac.z.theta_1,1.7224279e-07
30.8607,B,mrac.z.theta_2,0.0063079419
30.8607,B,mrac.z.theta_3,0
30.8607,B,mrac.z.theta_4,0.19781171
30.8607,B,mrac.z.theta_5,0.18425164
30.8607,B,mrac.z.u_nom,0.081717223
30.8607,B,mrac.z.xm,0
30.8607,B,path.active_path_mode,0
30.8607,B,path.circle_theta,0
30.8607,B,path.sinusoid_t_elapsed,0
30.8607,B,path.twc_arrived,0
30.8607,B,path.twc_target_x,0
30.8607,B,path.twc_target_y,0
30.8607,B,path.twc_target_z,0
30.8607,B,pid.gyrox.Des,40.15152
30.8607,B,pid.gyrox.FB,0.7247687
30.8607,B,pid.gyrox.U,211.84152
30.8607,B,pid.gyroy.Des,11.769585
30.8607,B,pid.gyroy.FB,-13.224446
30.8607,B,pid.gyroy.U,115.12958
30.8607,B,pid.gyroz.Des,20.563372
30.8607,B,pid.gyroz.FB,16.390339
30.8607,B,pid.gyroz.U,31.64444
30.8607,B,pid.locx.Des,0
30.8607,B,pid.locx.FB,4.9774628
30.8607,B,pid.locx.U,-5.9430928
30.8607,B,pid.locxs.Des,-5.9430928
30.8607,B,pid.locxs.FB,-3.5603647
30.8607,B,pid.locxs.U,-6.7685752
30.8607,B,pid.locy.Des,0
30.8607,B,pid.locy.FB,88.53299
30.8607,B,pid.locy.U,-72.506233
30.8607,B,pid.locys.Des,-72.506233
30.8607,B,pid.locys.FB,-14.809586
30.8607,B,pid.locys.U,-172.78406
30.8607,B,pid.pitch.Des,-5.6758666
30.8607,B,pid.pitch.FB,-9.4760284
30.8607,B,pid.pitch.U,11.769585
30.8607,B,pid.roll.Des,8.1593523
30.8607,B,pid.roll.FB,-5.2344522
30.8607,B,pid.roll.U,40.15152
30.8607,B,pid.yaw.Des,-49.635666
30.8607,B,pid.yaw.FB,-53.283535
30.8607,B,pid.yaw.U,20.563372
30.8607,B,pid.z_pos.Des,1.1590445
30.8607,B,pid.z_pos.FB,1.1590445
30.8607,B,pid.z_pos.U,-0.088317379
30.8607,B,pid.z_rate.Des,0
30.8607,B,pid.z_rate.FB,-0.074105076
30.8607,B,pid.z_rate.U,18.141224
30.8607,B,status.vbat,0
31.0642,A,mrac.pitch.e,-0.18866539
31.0642,A,mrac.pitch.u_ad,0.18676667
31.0642,A,mrac.roll.e,-0.75823462
31.0642,A,mrac.roll.u_ad,0.26319498
31.0642,A,mrac.yaw.e,-0.14689299
31.0642,A,mrac.yaw.u_ad,0.083188266
31.0642,A,mrac.z.e,-0.0032607913
31.0642,A,mrac.z.u_ad,0.15370607
31.0642,A,status.arm,0
31.0642,A,status.flymode,0
31.0642,A,status.rc_authority,0
31.0642,A,status.sbus_lost,0
31.0642,A,status.twc_arrived,0
31.0642,A,status.twc_execute,0
31.0644,B,mrac.pitch.theta_0,0.14075457
31.0644,B,mrac.pitch.theta_1,0.00069430552
31.0644,B,mrac.pitch.theta_2,0.0042545898
31.0644,B,mrac.pitch.theta_3,0.004595188
31.0644,B,mrac.pitch.theta_4,0.15162668
31.0644,B,mrac.pitch.theta_5,0.1440784
31.0644,B,mrac.pitch.u_nom,-0.033694111
31.0644,B,mrac.pitch.xm,0.17813987
31.0644,B,mrac.roll.theta_0,0.1489515
31.0644,B,mrac.roll.theta_1,0.02028385
31.0644,B,mrac.roll.theta_2,0.010738274
31.0644,B,mrac.roll.theta_3,0.0071889441
31.0644,B,mrac.roll.theta_4,0.12749445
31.0644,B,mrac.roll.theta_5,0.14620344
31.0644,B,mrac.roll.u_nom,0.24345683
31.0644,B,mrac.roll.xm,0.71105278
31.0644,B,mrac.yaw.theta_0,0.077733457
31.0644,B,mrac.yaw.theta_1,0.024066746
31.0644,B,mrac.yaw.theta_2,0.0014412828
31.0644,B,mrac.yaw.theta_3,0
31.0644,B,mrac.yaw.theta_4,0.11306492
31.0644,B,mrac.yaw.theta_5,0.087899216
31.0644,B,mrac.yaw.u_nom,0.033683237
31.0644,B,mrac.yaw.xm,0.038937293
31.0644,B,mrac.z.theta_0,0.16433272
31.0644,B,mrac.z.theta_1,1.6942938e-07
31.0644,B,mrac.z.theta_2,0.0063022645
31.0644,B,mrac.z.theta_3,0
31.0644,B,mrac.z.theta_4,0.19778138
31.0644,B,mrac.z.theta_5,0.18420914
31.0644,B,mrac.z.u_nom,-0.0254141
31.0644,B,mrac.z.xm,0
31.0644,B,path.active_path_mode,0
31.0644,B,path.circle_theta,0
31.0644,B,path.sinusoid_t_elapsed,0
31.0644,B,path.twc_arrived,0
31.0644,B,path.twc_target_x,0
31.0644,B,path.twc_target_y,0
31.0644,B,path.twc_target_z,0
31.0644,B,pid.gyrox.Des,40.740307
31.0644,B,pid.gyrox.FB,2.9994323
31.0644,B,pid.gyrox.U,284.84448
31.0644,B,pid.gyroy.Des,10.206658
31.0644,B,pid.gyroy.FB,1.2832593
31.0644,B,pid.gyroy.U,-39.422112
31.0644,B,pid.gyroz.Des,2.2309415
31.0644,B,pid.gyroz.FB,-5.8964105
31.0644,B,pid.gyroz.U,63.055019
31.0644,B,pid.locx.Des,0
31.0644,B,pid.locx.FB,4.8177838
31.0644,B,pid.locx.U,-5.8028469
31.0644,B,pid.locxs.Des,-5.8028469
31.0644,B,pid.locxs.FB,-2.1938374
31.0644,B,pid.locxs.U,-9.9026814
31.0644,B,pid.locy.Des,0
31.0644,B,pid.locy.FB,87.179214
31.0644,B,pid.locy.U,-71.68206
31.0644,B,pid.locys.Des,-71.68206
31.0644,B,pid.locys.FB,-7.2929468
31.0644,B,pid.locys.U,-201.68353
31.0644,B,pid.pitch.Des,-7.0739374
31.0644,B,pid.pitch.FB,-11.882877
31.0644,B,pid.pitch.U,10.206658
31.0644,B,pid.roll.Des,9.1263828
31.0644,B,pid.roll.FB,-3.2175086
31.0644,B,pid.roll.U,40.740307
31.0644,B,pid.yaw.Des,-49.635666
31.0644,B,pid.yaw.FB,-50.059303
31.0644,B,pid.yaw.U,2.2309415
31.0644,B,pid.z_pos.Des,1.1724335
31.0644,B,pid.z_pos.FB,1.1724335
31.0644,B,pid.z_pos.U,-0.088317379
31.0644,B,pid.z_rate.Des,0
31.0644,B,pid.z_rate.FB,-0.015439533
31.0644,B,pid.z_rate.U,-5.6419301
31.0644,B,status.vbat,0
31.2792,A,mrac.pitch.e,-0.25065604
31.2792,A,mrac.pitch.u_ad,0.16010511
31.2792,A,mrac.roll.e,-0.82044345
31.2792,A,mrac.roll.u_ad,0.29019085
31.2792,A,mrac.yaw.e,-0.90453446
31.2792,A,mrac.yaw.u_ad,0.12431191
31.2792,A,mrac.z.e,0.18432525
31.2792,A,mrac.z.u_ad,0.15504286
31.2792,A,status.arm,0
31.2792,A,status.flymode,0
31.2792,A,status.rc_authority,0
31.2792,A,status.sbus_lost,0
31.2792,A,status.twc_arrived,0
31.2792,A,status.twc_execute,0
31.2793,B,mrac.pitch.theta_0,0.13792016
31.2793,B,mrac.pitch.theta_1,0.00074685214
31.2793,B,mrac.pitch.theta_2,0.0042348113
31.2793,B,mrac.pitch.theta_3,0.0046042628
31.2793,B,mrac.pitch.theta_4,0.15165855
31.2793,B,mrac.pitch.theta_5,0.14402203
31.2793,B,mrac.pitch.u_nom,0.0044261087
31.2793,B,mrac.pitch.xm,0.15404911
31.2793,B,mrac.roll.theta_0,0.14868493
31.2793,B,mrac.roll.theta_1,0.019153399
31.2793,B,mrac.roll.theta_2,0.010792979
31.2793,B,mrac.roll.theta_3,0.0071362667
31.2793,B,mrac.roll.theta_4,0.12802476
31.2793,B,mrac.roll.theta_5,0.14633164
31.2793,B,mrac.roll.u_nom,0.19652724
31.2793,B,mrac.roll.xm,0.78533018
31.2793,B,mrac.yaw.theta_0,0.086884618
31.2793,B,mrac.yaw.theta_1,0.023366066
31.2793,B,mrac.yaw.theta_2,0.0015408387
31.2793,B,mrac.yaw.theta_3,0
31.2793,B,mrac.yaw.theta_4,0.11308799
31.2793,B,mrac.yaw.theta_5,0.087908968
31.2793,B,mrac.yaw.u_nom,0.13260284
31.2793,B,mrac.yaw.xm,0.30207649
31.2793,B,mrac.z.theta_0,0.18003023
31.2793,B,mrac.z.theta_1,1.6150516e-07
31.2793,B,mrac.z.theta_2,0.0063536298
31.2793,B,mrac.z.theta_3,0
31.2793,B,mrac.z.theta_4,0.19777504
31.2793,B,mrac.z.theta_5,0.18417218
31.2793,B,mrac.z.u_nom,0.19927384
31.2793,B,mrac.z.xm,0
31.2793,B,path.active_path_mode,0
31.2793,B,path.circle_theta,0
31.2793,B,path.sinusoid_t_elapsed,0
31.2793,B,path.twc_arrived,0
31.2793,B,path.twc_target_x,0
31.2793,B,path.twc_target_y,0
31.2793,B,path.twc_target_z,0
31.2793,B,pid.gyrox.Des,44.996086
31.2793,B,pid.gyrox.FB,-8.0580978
31.2793,B,pid.gyrox.U,229.93687
31.2793,B,pid.gyroy.Des,8.8263607
31.2793,B,pid.gyroy.FB,17.073658
31.2793,B,pid.gyroy.U,5.1785469
31.2793,B,pid.gyroz.Des,17.307701
31.2793,B,pid.gyroz.FB,-18.005596
31.2793,B,pid.gyroz.U,248.23251
31.2793,B,pid.locx.Des,0
31.2793,B,pid.locx.FB,4.5170412
31.2793,B,pid.locx.U,-5.4741235
31.2793,B,pid.locxs.Des,-5.4741235
31.2793,B,pid.locxs.FB,-2.3770428
31.2793,B,pid.locxs.U,-7.7902908
31.2793,B,pid.locy.Des,0
31.2793,B,pid.locy.FB,87.544411
31.2793,B,pid.locy.U,-72.325714
31.2793,B,pid.locys.Des,-72.325714
31.2793,B,pid.locys.FB,1.83021
31.2793,B,pid.locys.U,-231.72267
31.2793,B,pid.pitch.Des,-7.8283339
31.2793,B,pid.pitch.FB,-10.923814
31.2793,B,pid.pitch.U,8.8263607
31.2793,B,pid.roll.Des,10.680032
31.2793,B,pid.roll.FB,-4.2174888
31.2793,B,pid.roll.U,44.996086
31.2793,B,pid.yaw.Des,-49.635666
31.2793,B,pid.yaw.FB,-52.405476
31.2793,B,pid.yaw.U,17.307701
31.2793,B,pid.z_pos.Des,1.1456888
31.2793,B,pid.z_pos.FB,1.1456888
31.2793,B,pid.z_pos.U,-0.088317379
31.2793,B,pid.z_rate.Des,0
31.2793,B,pid.z_rate.FB,-0.13986228
31.2793,B,pid.z_rate.U,44.238792
31.2793,B,status.vbat,0
31.4783,A,mrac.pitch.e,-0.99652421
31.4783,A,mrac.pitch.u_ad,0.064327799
31.4783,A,mrac.roll.e,0.0036356449
31.4783,A,mrac.roll.u_ad,0.27305907
31.4783,A,mrac.yaw.e,-0.57216191
31.4783,A,mrac.yaw.u_ad,0.15793405
31.4783,A,mrac.z.e,-0.23070619
31.4783,A,mrac.z.u_ad,0.25609204
31.4783,A,status.arm,0
31.4783,A,status.flymode,0
31.4783,A,status.rc_authority,0
31.4783,A,status.sbus_lost,0
31.4783,A,status.twc_arrived,0
31.4783,A,status.twc_execute,0
31.4783,B,mrac.pitch.theta_0,0.14503111
31.4783,B,mrac.pitch.theta_1,0.0006437946
31.4783,B,mrac.pitch.theta_2,0.0044443537
31.4783,B,mrac.pitch.theta_3,0.0046128104
31.4783,B,mrac.pitch.theta_4,0.15188409
31.4783,B,mrac.pitch.theta_5,0.14401366
31.4783,B,mrac.pitch.u_nom,0.22191694
31.4783,B,mrac.pitch.xm,0.33346334
31.4783,B,mrac.roll.theta_0,0.14865248
31.4783,B,mrac.roll.theta_1,0.019189952
31.4783,B,mrac.roll.theta_2,0.010833438
31.4783,B,mrac.roll.theta_3,0.0071684383
31.4783,B,mrac.roll.theta_4,0.12861522
31.4783,B,mrac.roll.theta_5,0.14653027
31.4783,B,mrac.roll.u_nom,0.012283668
31.4783,B,mrac.roll.xm,0.74736255
31.4783,B,mrac.yaw.theta_0,0.089452542
31.4783,B,mrac.yaw.theta_1,0.022129627
31.4783,B,mrac.yaw.theta_2,0.0017553801
31.4783,B,mrac.yaw.theta_3,0
31.4783,B,mrac.yaw.theta_4,0.1131487
31.4783,B,mrac.yaw.theta_5,0.088112324
31.4783,B,mrac.yaw.u_nom,0.13260014
31.4783,B,mrac.yaw.xm,0.71701968
31.4783,B,mrac.z.theta_0,0.18837504
31.4783,B,mrac.z.theta_1,1.511786e-07
31.4783,B,mrac.z.theta_2,0.0063944412
31.4783,B,mrac.z.theta_3,0
31.4783,B,mrac.z.theta_4,0.1977461
31.4783,B,mrac.z.theta_5,0.18409827
31.4783,B,mrac.z.u_nom,0.39929783
31.4783,B,mrac.z.xm,0
31.4783,B,path.active_path_mode,0
31.4783,B,path.circle_theta,0
31.4783,B,path.sinusoid_t_elapsed,0
31.4783,B,path.twc_arrived,0
31.4783,B,path.twc_target_x,0
31.4783,B,path.twc_target_y,0
31.4783,B,path.twc_target_z,0
31.4783,B,pid.gyrox.Des,42.820702
31.4783,B,pid.gyrox.FB,41.56168
31.4783,B,pid.gyrox.U,14.371891
31.4783,B,pid.gyroy.Des,19.106033
31.4783,B,pid.gyroy.FB,-54.526737
31.4783,B,pid.gyroy.U,259.64282
31.4783,B,pid.gyroz.Des,41.082184
31.4783,B,pid.gyroz.FB,2.0553257
31.4783,B,pid.gyroz.U,248.22748
31.4783,B,pid.locx.Des,0
31.4783,B,pid.locx.FB,3.3414705
31.4783,B,pid.locx.U,-4.552525
31.4783,B,pid.locxs.Des,-4.552525
31.4783,B,pid.locxs.FB,-6.3930664
31.4783,B,pid.locxs.U,5.5569277
31.4783,B,pid.locy.Des,0
31.4783,B,pid.locy.FB,90.72731
31.4783,B,pid.locy.U,-75.050926
31.4783,B,pid.locys.Des,-75.050926
31.4783,B,pid.locys.FB,13.86105
31.4783,B,pid.locys.U,-267.30679
31.4783,B,pid.pitch.Des,-8.8403549
31.4783,B,pid.pitch.FB,-14.521754
31.4783,B,pid.pitch.U,19.106033
31.4783,B,pid.roll.Des,12.224869
31.4783,B,pid.roll.FB,-2.5806601
31.4783,B,pid.roll.U,42.820702
31.4783,B,pid.yaw.Des,-49.635666
31.4783,B,pid.yaw.FB,-56.367889
31.4783,B,pid.yaw.U,41.082184
31.4783,B,pid.z_pos.Des,1.1314727
31.4783,B,pid.z_pos.FB,1.1314727
31.4783,B,pid.z_pos.U,-0.088317379
31.4783,B,pid.z_rate.Des,0
31.4783,B,pid.z_rate.FB,-0.25214529
31.4783,B,pid.z_rate.U,88.644119
31.4783,B,status.vbat,0
31.6949,A,mrac.pitch.e,0.17823917
31.6949,A,mrac.pitch.u_ad,0.1794858
31.6949,A,mrac.roll.e,-0.98476744
31.6949,A,mrac.roll.u_ad,0.15582067
31.6949,A,mrac.yaw.e,0.68718898
31.6949,A,mrac.yaw.u_ad,0.10958359
31.6949,A,mrac.z.e,-0.31479436
31.6949,A,mrac.z.u_ad,0.19535665
31.6949,A,status.arm,0
31.6949,A,status.flymode,0
31.6949,A,status.rc_authority,0
31.6949,A,status.sbus_lost,0
31.6949,A,status.twc_arrived,0
31.6949,A,status.twc_execute,0
31.6949,B,mrac.pitch.theta_0,0.14574122
31.6949,B,mrac.pitch.theta_1,0.00072240841
31.6949,B,mrac.pitch.theta_2,0.004562112
31.6949,B,mrac.pitch.theta_3,0.0046943864
31.6949,B,mrac.pitch.theta_4,0.15206899
31.6949,B,mrac.pitch.theta_5,0.14406636
31.6949,B,mrac.pitch.u_nom,-0.0091191353
31.6949,B,mrac.pitch.xm,0.50824171
31.6949,B,mrac.roll.theta_0,0.14801715
31.6949,B,mrac.roll.theta_1,0.018619245
31.6949,B,mrac.roll.theta_2,0.010891844
31.6949,B,mrac.roll.theta_3,0.0072932281
31.6949,B,mrac.roll.theta_4,0.12881809
31.6949,B,mrac.roll.theta_5,0.14650495
31.6949,B,mrac.roll.u_nom,0.19011529
31.6949,B,mrac.roll.xm,0.43410701
31.6949,B,mrac.yaw.theta_0,0.087442338
31.6949,B,mrac.yaw.theta_1,0.022288552
31.6949,B,mrac.yaw.theta_2,0.0017672157
31.6949,B,mrac.yaw.theta_3,0
31.6949,B,mrac.yaw.theta_4,0.11315911
31.6949,B,mrac.yaw.theta_5,0.088107005
31.6949,B,mrac.yaw.u_nom,-0.079761714
31.6949,B,mrac.yaw.xm,0.38931131
31.6949,B,mrac.z.theta_0,0.17809846
31.6949,B,mrac.z.theta_1,1.2409008e-07
31.6949,B,mrac.z.theta_2,0.0061611803
31.6949,B,mrac.z.theta_3,0
31.6949,B,mrac.z.theta_4,0.19782563
31.6949,B,mrac.z.theta_5,0.1840373
31.6949,B,mrac.z.u_nom,-0.56783676
31.6949,B,mrac.z.xm,0
31.6949,B,path.active_path_mode,0
31.6949,B,path.circle_theta,0
31.6949,B,path.sinusoid_t_elapsed,0
31.6949,B,path.twc_arrived,0
31.6949,B,path.twc_target_x,0
31.6949,B,path.twc_target_y,0
31.6949,B,path.twc_target_z,0
31.6949,B,pid.gyrox.Des,24.872488
31.6949,B,pid.gyrox.FB,-33.8643
31.6949,B,pid.gyrox.U,222.43489
31.6949,B,pid.gyroy.Des,29.120094
31.6949,B,pid.gyroy.FB,36.863251
31.6949,B,pid.gyroy.U,-10.669388
31.6949,B,pid.gyroz.Des,22.305885
31.6949,B,pid.gyroz.FB,40.743729
31.6949,B,pid.gyroz.U,-149.31393
31.6949,B,pid.locx.Des,0
31.6949,B,pid.locx.FB,3.1359003
31.6949,B,pid.locx.U,-4.5087204
31.6949,B,pid.locxs.Des,-4.5087204
31.6949,B,pid.locxs.FB,-1.3901628
31.6949,B,pid.locxs.U,-6.8557453
31.6949,B,pid.locy.Des,0
31.6949,B,pid.locy.FB,91.63868
31.6949,B,pid.locy.U,-75.310944
31.6949,B,pid.locys.Des,-75.310944
31.6949,B,pid.locys.FB,-5.2026386
31.6949,B,pid.locys.U,-197.16129
31.6949,B,pid.pitch.Des,-6.5428939
31.6949,B,pid.pitch.FB,-15.50947
31.6949,B,pid.pitch.U,29.120094
31.6949,B,pid.roll.Des,9.0474501
31.6949,B,pid.roll.FB,-1.3136821
31.6949,B,pid.roll.U,24.872488
31.6949,B,pid.yaw.Des,-49.635666
31.6949,B,pid.yaw.FB,-53.238506
31.6949,B,pid.yaw.U,22.305885
31.6949,B,pid.z_pos.Des,1.223433
31.6949,B,pid.z_pos.FB,1.223433
31.6949,B,pid.z_pos.U,-0.088317379
31.6949,B,pid.z_rate.Des,0
31.6949,B,pid.z_rate.FB,0.28461441
31.6949,B,pid.z_rate.U,-126.05976
31.6949,B,status.vbat,0
31.9116,A,mrac.pitch.e,1.0835164
31.9116,A,mrac.pitch.u_ad,0.034600552
31.9116,A,mrac.roll.e,-0.49520066
31.9116,A,mrac.roll.u_ad,0.26207292
31.9116,A,mrac.yaw.e,1.4435859
31.9116,A,mrac.yaw.u_ad,0
31.9116,A,mrac.z.e,0.4072606
31.9116,A,mrac.z.u_ad,0.048444636
31.9116,A,status.arm,0
31.9116,A,status.flymode,0
31.9116,A,status.rc_authority,0
31.9116,A,status.sbus_lost,0
31.9116,A,status.twc_arrived,0
31.9116,A,status.twc_execute,0
31.9116,B,mrac.pitch.theta_0,0.10075123
31.9116,B,mrac.pitch.theta_1,0.0005151371
31.9116,B,mrac.pitch.theta_2,0.0041648643
31.9116,B,mrac.pitch.theta_3,0.0048142825
31.9116,B,mrac.pitch.theta_4,0.15233389
31.9116,B,mrac.pitch.theta_5,0.14355011
31.9116,B,mrac.pitch.u_nom,-0.25641027
31.9116,B,mrac.pitch.xm,-0.13138391
31.9116,B,mrac.roll.theta_0,0.14861301
31.9116,B,mrac.roll.theta_1,0.018533176
31.9116,B,mrac.roll.theta_2,0.010947998
31.9116,B,mrac.roll.theta_3,0.0079525169
31.9116,B,mrac.roll.theta_4,0.12924501
31.9116,B,mrac.roll.theta_5,0.14662994
31.9116,B,mrac.roll.u_nom,-0.038571805
31.9116,B,mrac.roll.xm,0.46274999
31.9116,B,mrac.yaw.theta_0,0.061003324
31.9116,B,mrac.yaw.theta_1,0.020341463
31.9116,B,mrac.yaw.theta_2,0.0014387988
31.9116,B,mrac.yaw.theta_3,0
31.9116,B,mrac.yaw.theta_4,0.11318534
31.9116,B,mrac.yaw.theta_5,0.087847531
31.9116,B,mrac.yaw.u_nom,-0.13354701
31.9116,B,mrac.yaw.xm,-0.77643758
31.9116,B,mrac.z.theta_0,0.17304862
31.9116,B,mrac.z.theta_1,1.0505288e-07
31.9116,B,mrac.z.theta_2,0.0062089846
31.9116,B,mrac.z.theta_3,0
31.9116,B,mrac.z.theta_4,0.19785692
31.9116,B,mrac.z.theta_5,0.18394558
31.9116,B,mrac.z.u_nom,-0.85144913
31.9116,B,mrac.z.xm,0
31.9116,B,path.active_path_mode,0
31.9116,B,path.circle_theta,0
31.9116,B,path.sinusoid_t_elapsed,0
31.9116,B,path.twc_arrived,0
31.9116,B,path.twc_target_x,0
31.9116,B,path.twc_target_y,0
31.9116,B,path.twc_target_z,0
31.9116,B,pid.gyrox.Des,26.513611
31.9116,B,pid.gyrox.FB,17.533941
31.9116,B,pid.gyrox.U,-45.129013
31.9116,B,pid.gyroy.Des,-7.52774
31.9116,B,pid.gyroy.FB,46.463787
31.9116,B,pid.gyroy.U,-300
31.9116,B,pid.gyroz.Des,-44.486576
31.9116,B,pid.gyroz.FB,32.898048
31.9116,B,pid.gyroz.U,-250
31.9116,B,pid.locx.Des,0
31.9116,B,pid.locx.FB,3.0144136
31.9116,B,pid.locx.U,-4.1448216
31.9116,B,pid.locxs.Des,-4.1448216
31.9116,B,pid.locxs.FB,-4.734766
31.9116,B,pid.locxs.U,11.788336
31.9116,B,pid.locy.Des,0
31.9116,B,pid.locy.FB,90.639961
31.9116,B,pid.locy.U,-74.27018
31.9116,B,pid.locys.Des,-74.27018
31.9116,B,pid.locys.FB,-9.6737785
31.9116,B,pid.locys.U,-185.41827
31.9116,B,pid.pitch.Des,-8.4004745
31.9116,B,pid.pitch.FB,-6.6414008
31.9116,B,pid.pitch.U,-7.52774
31.9116,B,pid.roll.Des,6.6789484
31.9116,B,pid.roll.FB,-5.2910242
31.9116,B,pid.roll.U,26.513611
31.9116,B,pid.yaw.Des,-49.635666
31.9116,B,pid.yaw.FB,-42.119495
31.9116,B,pid.yaw.U,-44.486576
31.9116,B,pid.z_pos.Des,1.2363216
31.9116,B,pid.z_pos.FB,1.2363216
31.9116,B,pid.z_pos.U,-0.088317379
31.9116,B,pid.z_rate.Des,0
31.9116,B,pid.z_rate.FB,0.44227377
31.9116,B,pid.z_rate.U,-189.02171
31.9116,B,status.vbat,0
32.1128,A,mrac.pitch.e,0.93671477
32.1128,A,mrac.pitch.u_ad,-0.047003023
32.1128,A,mrac.roll.e,-0.19632158
32.1128,A,mrac.roll.u_ad,0.24742271
32.1128,A,mrac.yaw.e,0.64316642
32.1128,A,mrac.yaw.u_ad,-0.037483059
32.1128,A,mrac.z.e,0.18015523
32.1128,A,mrac.z.u_ad,0.057245646
32.1128,A,status.arm,0
32.1128,A,status.flymode,0
32.1128,A,status.rc_authority,0
32.1128,A,status.sbus_lost,0
32.1128,A,status.twc_arrived,0
32.1128,A,status.twc_execute,0
32.1129,B,mrac.pitch.theta_0,0.086429298
32.1129,B,mrac.pitch.theta_1,0.00044056374
32.1129,B,mrac.pitch.theta_2,0.0039483211
32.1129,B,mrac.pitch.theta_3,0.0047933776
32.1129,B,mrac.pitch.theta_4,0.1525072
32.1129,B,mrac.pitch.theta_5,0.14353915
32.1129,B,mrac.pitch.u_nom,-0.18531857
32.1129,B,mrac.pitch.xm,-0.80041307
32.1129,B,mrac.roll.theta_0,0.14873803
32.1129,B,mrac.roll.theta_1,0.018467013
32.1129,B,mrac.roll.theta_2,0.01099439
32.1129,B,mrac.roll.theta_3,0.0086366106
32.1129,B,mrac.roll.theta_4,0.1295629
32.1129,B,mrac.roll.theta_5,0.14669912
32.1129,B,mrac.roll.u_nom,0.0073006069
32.1129,B,mrac.roll.xm,0.59359401
32.1129,B,mrac.yaw.theta_0,0.061003324
32.1129,B,mrac.yaw.theta_1,0.020341463
32.1129,B,mrac.yaw.theta_2,0.0014387988
32.1129,B,mrac.yaw.theta_3,0
32.1129,B,mrac.yaw.theta_4,0.11318534
32.1129,B,mrac.yaw.theta_5,0.087847531
32.1129,B,mrac.yaw.u_nom,-0.13354701
32.1129,B,mrac.yaw.xm,-1.0471979
32.1129,B,mrac.z.theta_0,0.14737472
32.1129,B,mrac.z.theta_1,9.4292361e-08
32.1129,B,mrac.z.theta_2,0.0061295838
32.1129,B,mrac.z.theta_3,0
32.1129,B,mrac.z.theta_4,0.19787462
32.1129,B,mrac.z.theta_5,0.18387777
32.1129,B,mrac.z.u_nom,-0.15637833
32.1129,B,mrac.z.xm,0
32.1129,B,path.active_path_mode,0
32.1129,B,path.circle_theta,0
32.1129,B,path.sinusoid_t_elapsed,0
32.1129,B,path.twc_arrived,0
32.1129,B,path.twc_target_x,0
32.1129,B,path.twc_target_y,0
32.1129,B,path.twc_target_z,0
32.1129,B,pid.gyrox.Des,34.010418
32.1129,B,pid.gyrox.FB,19.071209
32.1129,B,pid.gyrox.U,8.5417099
32.1129,B,pid.gyroy.Des,-45.860271
32.1129,B,pid.gyroy.FB,32.792728
32.1129,B,pid.gyroy.U,-216.82272
32.1129,B,pid.gyroz.Des,-60
32.1129,B,pid.gyroz.FB,9.3571892
32.1129,B,pid.gyroz.U,-250
32.1129,B,pid.locx.Des,0
32.1129,B,pid.locx.FB,0.77798933
32.1129,B,pid.locx.U,-2.0487385
32.1129,B,pid.locxs.Des,-2.0487385
32.1129,B,pid.locxs.FB,-14.199617
32.1129,B,pid.locxs.U,39.784264
32.1129,B,pid.locy.Des,0
32.1129,B,pid.locy.FB,89.857834
32.1129,B,pid.locy.U,-73.990746
32.1129,B,pid.locys.Des,-73.990746
32.1129,B,pid.locys.FB,0.60898733
32.1129,B,pid.locys.U,-237.4752
32.1129,B,pid.pitch.Des,-12.256996
32.1129,B,pid.pitch.FB,2.5398111
32.1129,B,pid.pitch.U,-45.860271
32.1129,B,pid.roll.Des,6.4239249
32.1129,B,pid.roll.FB,-5.1757193
32.1129,B,pid.roll.U,34.010418
32.1129,B,pid.yaw.Des,-49.635666
32.1129,B,pid.yaw.FB,-36.833664
32.1129,B,pid.yaw.U,-76.201561
32.1129,B,pid.z_pos.Des,1.2635794
32.1129,B,pid.z_pos.FB,1.2635794
32.1129,B,pid.z_pos.U,-0.088317379
32.1129,B,pid.z_rate.Des,0
32.1129,B,pid.z_rate.FB,0.056023479
32.1129,B,pid.z_rate.U,-34.715988
32.1129,B,status.vbat,0
32.3130,A,mrac.pitch.e,0.2347922
32.3130,A,mrac.pitch.u_ad,-0.074147455
32.3130,A,mrac.roll.e,-0.15117908
32.3130,A,mrac.roll.u_ad,0.24905306
32.3130,A,mrac.yaw.e,0.47697672
32.3130,A,mrac.yaw.u_ad,-0.05455092
32.3130,A,mrac.z.e,0.19239204
32.3130,A,mrac.z.u_ad,0.074239768
32.3130,A,status.arm,0
32.3130,A,status.flymode,0
32.3130,A,status.rc_authority,0
32.3130,A,status.sbus_lost,0
32.3130,A,status.twc_arrived,0
32.3130,A,status.twc_execute,0
32.3131,B,mrac.pitch.theta_0,0.048810102
32.3131,B,mrac.pitch.theta_1,0.00061331701
32.3131,B,mrac.pitch.theta_2,0.0039206669
32.3131,B,mrac.pitch.theta_3,0.0048541641
32.3131,B,mrac.pitch.theta_4,0.15288846
32.3131,B,mrac.pitch.theta_5,0.14384882
32.3131,B,mrac.pitch.u_nom,-0.12113734
32.3131,B,mrac.pitch.xm,-0.78487438
32.3131,B,mrac.roll.theta_0,0.14890349
32.3131,B,mrac.roll.theta_1,0.01899514
32.3131,B,mrac.roll.theta_2,0.011029035
32.3131,B,mrac.roll.theta_3,0.0086436719
32.3131,B,mrac.roll.theta_4,0.1297622
32.3131,B,mrac.roll.theta_5,0.14676137
32.3131,B,mrac.roll.u_nom,0.065256521
32.3131,B,mrac.roll.xm,0.58512241
32.3131,B,mrac.yaw.theta_0,0.040987056
32.3131,B,mrac.yaw.theta_1,0.021158634
32.3131,B,mrac.yaw.theta_2,0.0013497134
32.3131,B,mrac.yaw.theta_3,0
32.3131,B,mrac.yaw.theta_4,0.11318881
32.3131,B,mrac.yaw.theta_5,0.088031858
32.3131,B,mrac.yaw.u_nom,-0.066748388
32.3131,B,mrac.yaw.xm,-0.91268587
32.3131,B,mrac.z.theta_0,0.13094482
32.3131,B,mrac.z.theta_1,8.7912063e-08
32.3131,B,mrac.z.theta_2,0.0060819429
32.3131,B,mrac.z.theta_3,0
32.3131,B,mrac.z.theta_4,0.19787282
32.3131,B,mrac.z.theta_5,0.18382095
32.3131,B,mrac.z.u_nom,-0.16098748
32.3131,B,mrac.z.xm,0
32.3131,B,path.active_path_mode,0
32.3131,B,path.circle_theta,0
32.3131,B,path.sinusoid_t_elapsed,0
32.3131,B,path.twc_arrived,0
32.3131,B,path.twc_target_x,0
32.3131,B,path.twc_target_y,0
32.3131,B,path.twc_target_z,0
32.3131,B,pid.gyrox.Des,33.525032
32.3131,B,pid.gyrox.FB,10.878715
32.3131,B,pid.gyrox.U,76.350128
32.3131,B,pid.gyroy.Des,-44.969971
32.3131,B,pid.gyroy.FB,-13.55754
32.3131,B,pid.gyroy.U,-141.73068
32.3131,B,pid.gyroz.Des,-52.293026
32.3131,B,pid.gyroz.FB,-36.901199
32.3131,B,pid.gyroz.U,-124.95299
32.3131,B,pid.locx.Des,0
32.3131,B,pid.locx.FB,-1.4126529
32.3131,B,pid.locx.U,-0.41606688
32.3131,B,pid.locxs.Des,-0.41606688
32.3131,B,pid.locxs.FB,-11.627889
32.3131,B,pid.locxs.U,34.289772
32.3131,B,pid.locy.Des,0
32.3131,B,pid.locy.FB,90.462654
32.3131,B,pid.locy.U,-74.538551
32.3131,B,pid.locys.Des,-74.538551
32.3131,B,pid.locys.FB,5.8131061
32.3131,B,pid.locys.U,-240.87003
32.3131,B,pid.pitch.Des,-11.768171
32.3131,B,pid.pitch.FB,3.4463601
32.3131,B,pid.pitch.U,-44.969971
32.3131,B,pid.roll.Des,7.6236286
32.3131,B,pid.roll.FB,-3.5730252
32.3131,B,pid.roll.U,33.525032
32.3131,B,pid.yaw.Des,-49.635666
32.3131,B,pid.yaw.FB,-40.81842
32.3131,B,pid.yaw.U,-52.293026
32.3131,B,pid.z_pos.Des,1.2951266
32.3131,B,pid.z_pos.FB,1.2951266
32.3131,B,pid.z_pos.U,-0.088317379
32.3131,B,pid.z_rate.Des,0
32.3131,B,pid.z_rate.FB,0.057869349
32.3131,B,pid.z_rate.U,-35.73922
32.3131,B,status.vbat,0
32.5279,A,mrac.pitch.e,0.32546657
32.5279,A,mrac.pitch.u_ad,-0.074667141
32.5279,A,mrac.roll.e,-0.51023746
32.5279,A,mrac.roll.u_ad,0.22573306
32.5279,A,mrac.yaw.e,0.58990759
32.5279,A,mrac.yaw.u_ad,-0.062373593
32.5279,A,mrac.z.e,-0.16334306
32.5279,A,mrac.z.u_ad,0.15044524
32.5279,A,status.arm,0
32.5279,A,status.flymode,0
32.5279,A,status.rc_authority,0
32.5279,A,status.sbus_lost,0
32.5279,A,status.twc_arrived,0
32.5279,A,status.twc_execute,0
32.5279,B,mrac.pitch.theta_0,0.010408652
32.5279,B,mrac.pitch.theta_1,0.0020829476
32.5279,B,mrac.pitch.theta_2,0.0038474277
32.5279,B,mrac.pitch.theta_3,0.0049402667
32.5279,B,mrac.pitch.theta_4,0.15313461
32.5279,B,mrac.pitch.theta_5,0.14416179
32.5279,B,mrac.pitch.u_nom,-0.032183565
32.5279,B,mrac.pitch.xm,-0.45223737
32.5279,B,mrac.roll.theta_0,0.14897756
32.5279,B,mrac.roll.theta_1,0.019922679
32.5279,B,mrac.roll.theta_2,0.011087049
32.5279,B,mrac.roll.theta_3,0.0087018767
32.5279,B,mrac.roll.theta_4,0.12992355
32.5279,B,mrac.roll.theta_5,0.14681584
32.5279,B,mrac.roll.u_nom,0.13472915
32.5279,B,mrac.roll.xm,0.43682978
32.5279,B,mrac.yaw.theta_0,0.0060986145
32.5279,B,mrac.yaw.theta_1,0.021816082
32.5279,B,mrac.yaw.theta_2,0.0013075467
32.5279,B,mrac.yaw.theta_3,0
32.5279,B,mrac.yaw.theta_4,0.11323023
32.5279,B,mrac.yaw.theta_5,0.088258617
32.5279,B,mrac.yaw.u_nom,-0.097643837
32.5279,B,mrac.yaw.xm,-0.61464643
32.5279,B,mrac.z.theta_0,0.12805909
32.5279,B,mrac.z.theta_1,8.5222325e-08
32.5279,B,mrac.z.theta_2,0.0060769934
32.5279,B,mrac.z.theta_3,0
32.5279,B,mrac.z.theta_4,0.19782701
32.5279,B,mrac.z.theta_5,0.18375497
32.5279,B,mrac.z.u_nom,0.064819805
32.5279,B,mrac.z.xm,0
32.5279,B,path.active_path_mode,0
32.5279,B,path.circle_theta,0
32.5279,B,path.sinusoid_t_elapsed,0
32.5279,B,path.twc_arrived,0
32.5279,B,path.twc_target_x,0
32.5279,B,path.twc_target_y,0
32.5279,B,path.twc_target_z,0
32.5279,B,pid.gyrox.Des,25.028492
32.5279,B,pid.gyrox.FB,3.9674075
32.5279,B,pid.gyrox.U,157.6331
32.5279,B,pid.gyroy.Des,-25.911282
32.5279,B,pid.gyroy.FB,-8.3478394
32.5279,B,pid.gyroy.U,-37.65477
32.5279,B,pid.gyroz.Des,-35.216633
32.5279,B,pid.gyroz.FB,-12.605772
32.5279,B,pid.gyroz.U,-182.78926
32.5279,B,pid.locx.Des,0
32.5279,B,pid.locx.FB,-2.9689083
32.5279,B,pid.locx.U,1.2272063
32.5279,B,pid.locxs.Des,1.2272063
32.5279,B,pid.locxs.FB,-7.7595806
32.5279,B,pid.locxs.U,23.16003
32.5279,B,pid.locy.Des,0
32.5279,B,pid.locy.FB,90.638313
32.5279,B,pid.locy.U,-74.387787
32.5279,B,pid.locys.Des,-74.387787
32.5279,B,pid.locys.FB,0.88820529
32.5279,B,pid.locys.U,-220.97774
32.5279,B,pid.pitch.Des,-10.165311
32.5279,B,pid.pitch.FB,-0.035474408
32.5279,B,pid.pitch.U,-25.911282
32.5279,B,pid.roll.Des,7.8849936
32.5279,B,pid.roll.FB,-0.55843329
32.5279,B,pid.roll.U,25.028492
32.5279,B,pid.yaw.Des,-49.635666
32.5279,B,pid.yaw.FB,-43.664486
32.5279,B,pid.yaw.U,-35.216633
32.5279,B,pid.z_pos.Des,1.299938
32.5279,B,pid.z_pos.FB,1.299938
32.5279,B,pid.z_pos.U,-0.088317379
32.5279,B,pid.z_rate.Des,0
32.5279,B,pid.z_rate.FB,-0.068248488
32.5279,B,pid.z_rate.U,14.389997
32.5279,B,status.vbat,0
32.7281,A,mrac.pitch.e,0.071230769
32.7281,A,mrac.pitch.u_ad,-0.034616444
32.7281,A,mrac.roll.e,-0.19538729
32.7281,A,mrac.roll.u_ad,0.18665731
32.7281,A,mrac.yaw.e,0.42006719
32.7281,A,mrac.yaw.u_ad,-0.067270331
32.7281,A,mrac.z.e,0.061586738
32.7281,A,mrac.z.u_ad,0.13271168
32.7281,A,status.arm,0
32.7281,A,status.flymode,0
32.7281,A,status.rc_authority,0
32.7281,A,status.sbus_lost,0
32.7281,A,status.twc_arrived,0
32.7281,A,status.twc_execute,0
32.7281,B,mrac.pitch.theta_0,0.007190973
32.7281,B,mrac.pitch.theta_1,0.0025573529
32.7281,B,mrac.pitch.theta_2,0.0038353715
32.7281,B,mrac.pitch.theta_3,0.0049393866
32.7281,B,mrac.pitch.theta_4,0.15318236
32.7281,B,mrac.pitch.theta_5,0.14419447
32.7281,B,mrac.pitch.u_nom,-0.050648484
32.7281,B,mrac.pitch.xm,-0.38890252
32.7281,B,mrac.roll.theta_0,0.14400399
32.7281,B,mrac.roll.theta_1,0.019646358
32.7281,B,mrac.roll.theta_2,0.011049303
32.7281,B,mrac.roll.theta_3,0.0087084081
32.7281,B,mrac.roll.theta_4,0.13004866
32.7281,B,mrac.roll.theta_5,0.14673184
32.7281,B,mrac.roll.u_nom,0.0091788173
32.7281,B,mrac.roll.xm,0.31513616
32.7281,B,mrac.yaw.theta_0,0.00086613587
32.7281,B,mrac.yaw.theta_1,0.021734811
32.7281,B,mrac.yaw.theta_2,0.0012980566
32.7281,B,mrac.yaw.theta_3,0
32.7281,B,mrac.yaw.theta_4,0.11327539
32.7281,B,mrac.yaw.theta_5,0.08838588
32.7281,B,mrac.yaw.u_nom,-0.13354701
32.7281,B,mrac.yaw.xm,-0.61701894
32.7281,B,mrac.z.theta_0,0.14474891
32.7281,B,mrac.z.theta_1,8.2220872e-08
32.7281,B,mrac.z.theta_2,0.0061019594
32.7281,B,mrac.z.theta_3,0
32.7281,B,mrac.z.theta_4,0.19779798
32.7281,B,mrac.z.theta_5,0.18370731
32.7281,B,mrac.z.u_nom,0.096610159
32.7281,B,mrac.z.xm,0
32.7281,B,path.active_path_mode,0
32.7281,B,path.circle_theta,0
32.7281,B,path.sinusoid_t_elapsed,0
32.7281,B,path.twc_arrived,0
32.7281,B,path.twc_target_x,0
32.7281,B,path.twc_target_y,0
32.7281,B,path.twc_target_z,0
32.7281,B,pid.gyrox.Des,18.055965
32.7281,B,pid.gyrox.FB,27.499239
32.7281,B,pid.gyrox.U,10.739216
32.7281,B,pid.gyroy.Des,-22.282463
32.7281,B,pid.gyroy.FB,-20.674534
32.7281,B,pid.gyroy.U,-59.258728
32.7281,B,pid.gyroz.Des,-35.352566
32.7281,B,pid.gyroz.FB,-0.67261827
32.7281,B,pid.gyroz.U,-250
32.7281,B,pid.locx.Des,0
32.7281,B,pid.locx.FB,-3.7099819
32.7281,B,pid.locx.U,2.4129453
32.7281,B,pid.locxs.Des,2.4129453
32.7281,B,pid.locxs.FB,-7.9938755
32.7281,B,pid.locxs.U,31.79199
32.7281,B,pid.locy.Des,0
32.7281,B,pid.locy.FB,89.460739
32.7281,B,pid.locy.U,-73.092583
32.7281,B,pid.locys.Des,-73.092583
32.7281,B,pid.locys.FB,-9.0054398
32.7281,B,pid.locys.U,-191.44354
32.7281,B,pid.pitch.Des,-9.2930498
32.7281,B,pid.pitch.FB,-2.4602201
32.7281,B,pid.pitch.U,-22.282463
32.7281,B,pid.roll.Des,6.3433194
32.7281,B,pid.roll.FB,0.7859872
32.7281,B,pid.roll.U,18.055965
32.7281,B,pid.yaw.Des,-49.635666
32.7281,B,pid.yaw.FB,-43.64183
32.7281,B,pid.yaw.U,-35.352566
32.7281,B,pid.z_pos.Des,1.2786998
32.7281,B,pid.z_pos.FB,1.2786998
32.7281,B,pid.z_pos.U,-0.088317379
32.7281,B,pid.z_rate.Des,0
32.7281,B,pid.z_rate.FB,-0.084952295
32.7281,B,pid.z_rate.U,21.447454
32.7281,B,status.vbat,0
32.9287,A,mrac.pitch.e,0.53491592
32.9287,A,mrac.pitch.u_ad,-0.067905039
32.9287,A,mrac.roll.e,0.015940085
32.9287,A,mrac.roll.u_ad,0.17366067
32.9287,A,mrac.yaw.e,1.1470414
32.9287,A,mrac.yaw.u_ad,0
32.9287,A,mrac.z.e,0.011088517
32.9287,A,mrac.z.u_ad,0.12776981
32.9287,A,status.arm,0
32.9287,A,status.flymode,0
32.9287,A,status.rc_authority,0
32.9287,A,status.sbus_lost,0
32.9287,A,status.twc_arrived,0
32.9287,A,status.twc_execute,0
32.9287,B,mrac.pitch.theta_0,0.0025184762
32.9287,B,mrac.pitch.theta_1,0.0024335952
32.9287,B,mrac.pitch.theta_2,0.0038016262
32.9287,B,mrac.pitch.theta_3,0.0049371342
32.9287,B,mrac.pitch.theta_4,0.15339467
32.9287,B,mrac.pitch.theta_5,0.14421983
32.9287,B,mrac.pitch.u_nom,-0.18381004
32.9287,B,mrac.pitch.xm,-0.32607606
32.9287,B,mrac.roll.theta_0,0.14564772
32.9287,B,mrac.roll.theta_1,0.019613143
32.9287,B,mrac.roll.theta_2,0.011044251
32.9287,B,mrac.roll.theta_3,0.0087473486
32.9287,B,mrac.roll.theta_4,0.13008705
32.9287,B,mrac.roll.theta_5,0.14669338
32.9287,B,mrac.roll.u_nom,0.015774792
32.9287,B,mrac.roll.xm,0.15376495
32.9287,B,mrac.yaw.theta_0,0.00013114137
32.9287,B,mrac.yaw.theta_1,0.021598794
32.9287,B,mrac.yaw.theta_2,0.0012794614
32.9287,B,mrac.yaw.theta_3,0
32.9287,B,mrac.yaw.theta_4,0.11331756
32.9287,B,mrac.yaw.theta_5,0.088494107
32.9287,B,mrac.yaw.u_nom,-0.13354701
32.9287,B,mrac.yaw.xm,-0.8462916
32.9287,B,mrac.z.theta_0,0.14405128
32.9287,B,mrac.z.theta_1,8.1686082e-08
32.9287,B,mrac.z.theta_2,0.0061008707
32.9287,B,mrac.z.theta_3,0
32.9287,B,mrac.z.theta_4,0.19777565
32.9287,B,mrac.z.theta_5,0.18368165
32.9287,B,mrac.z.u_nom,-0.089475527
32.9287,B,mrac.z.xm,0
32.9287,B,path.active_path_mode,0
32.9287,B,path.circle_theta,0
32.9287,B,path.sinusoid_t_elapsed,0
32.9287,B,path.twc_arrived,0
32.9287,B,path.twc_target_x,0
32.9287,B,path.twc_target_y,0
32.9287,B,path.twc_target_z,0
32.9287,B,pid.gyrox.Des,8.8100786
32.9287,B,pid.gyrox.FB,2.74632
32.9287,B,pid.gyrox.U,18.456507
32.9287,B,pid.gyroy.Des,-18.682774
32.9287,B,pid.gyroy.FB,20.541618
32.9287,B,pid.gyroy.U,-215.05774
32.9287,B,pid.gyroz.Des,-48.488918
32.9287,B,pid.gyroz.FB,19.030912
32.9287,B,pid.gyroz.U,-250
32.9287,B,pid.locx.Des,0
32.9287,B,pid.locx.FB,-5.0959024
32.9287,B,pid.locx.U,4.6660023
32.9287,B,pid.locxs.Des,4.6660023
32.9287,B,pid.locxs.FB,-7.8450909
32.9287,B,pid.locxs.U,38.429546
32.9287,B,pid.locy.Des,0
32.9287,B,pid.locy.FB,86.49971
32.9287,B,pid.locy.U,-70.818329
32.9287,B,pid.locys.Des,-70.818329
32.9287,B,pid.locys.FB,-12.265991
32.9287,B,pid.locys.U,-175.38461
32.9287,B,pid.pitch.Des,-9.0838299
32.9287,B,pid.pitch.FB,-3.1337149
32.9287,B,pid.pitch.U,-18.682774
32.9287,B,pid.roll.Des,5.0796289
32.9287,B,pid.roll.FB,2.0357769
32.9287,B,pid.roll.U,8.8100786
32.9287,B,pid.yaw.Des,-49.635666
32.9287,B,pid.yaw.FB,-41.452438
32.9287,B,pid.yaw.U,-48.488918
32.9287,B,pid.z_pos.Des,1.287258
32.9287,B,pid.z_pos.FB,1.287258
32.9287,B,pid.z_pos.U,-0.088317379
32.9287,B,pid.z_rate.Des,0
32.9287,B,pid.z_rate.FB,0.017878283
32.9287,B,pid.z_rate.U,-19.863567
32.9287,B,status.vbat,0
33.1289,A,mrac.pitch.e,0.41985774
33.1289,A,mrac.pitch.u_ad,-0.07229019
33.1289,A,mrac.roll.e,0.060596392
33.1289,A,mrac.roll.u_ad,0.166508
33.1289,A,mrac.yaw.e,0.80772316
33.1289,A,mrac.yaw.u_ad,-0.060667917
33.1289,A,mrac.z.e,-0.0036897392
33.1289,A,mrac.z.u_ad,0.1191071
33.1289,A,status.arm,0
33.1289,A,status.flymode,0
33.1289,A,status.rc_authority,0
33.1289,A,status.sbus_lost,0
33.1289,A,status.twc_arrived,0
33.1289,A,status.twc_execute,0
33.1290,B,mrac.pitch.theta_0,0.00058914628
33.1290,B,mrac.pitch.theta_1,0.0022800108
33.1290,B,mrac.pitch.theta_2,0.003765818
33.1290,B,mrac.pitch.theta_3,0.0049258852
33.1290,B,mrac.pitch.theta_4,0.15367056
33.1290,B,mrac.pitch.theta_5,0.14433642
33.1290,B,mrac.pitch.u_nom,-0.12874076
33.1290,B,mrac.pitch.xm,-0.3931804
33.1290,B,mrac.roll.theta_0,0.14526714
33.1290,B,mrac.roll.theta_1,0.019437596
33.1290,B,mrac.roll.theta_2,0.011044224
33.1290,B,mrac.roll.theta_3,0.0087485882
33.1290,B,mrac.roll.theta_4,0.13011591
33.1290,B,mrac.roll.theta_5,0.14666282
33.1290,B,mrac.roll.u_nom,0.026244573
33.1290,B,mrac.roll.xm,0.13078342
33.1290,B,mrac.yaw.theta_0,0.00013114137
33.1290,B,mrac.yaw.theta_1,0.021598794
33.1290,B,mrac.yaw.theta_2,0.0012794614
33.1290,B,mrac.yaw.theta_3,0
33.1290,B,mrac.yaw.theta_4,0.11331756
33.1290,B,mrac.yaw.theta_5,0.088494107
33.1290,B,mrac.yaw.u_nom,-0.13354701
33.1290,B,mrac.yaw.xm,-1.0091792
33.1290,B,mrac.z.theta_0,0.13842116
33.1290,B,mrac.z.theta_1,8.0653578e-08
33.1290,B,mrac.z.theta_2,0.006096059
33.1290,B,mrac.z.theta_3,0
33.1290,B,mrac.z.theta_4,0.19775835
33.1290,B,mrac.z.theta_5,0.18365416
33.1290,B,mrac.z.u_nom,-0.1273931
33.1290,B,mrac.z.xm,0
33.1290,B,path.active_path_mode,0
33.1290,B,path.circle_theta,0
33.1290,B,path.sinusoid_t_elapsed,0
33.1290,B,path.twc_arrived,0
33.1290,B,path.twc_target_x,0
33.1290,B,path.twc_target_y,0
33.1290,B,path.twc_target_z,0
33.1290,B,pid.gyrox.Des,7.4933348
33.1290,B,pid.gyrox.FB,9.8140717
33.1290,B,pid.gyrox.U,30.70615
33.1290,B,pid.gyroy.Des,-22.527569
33.1290,B,pid.gyroy.FB,-3.1583257
33.1290,B,pid.gyroy.U,-150.62668
33.1290,B,pid.gyroz.Des,-57.82169
33.1290,B,pid.gyroz.FB,4.6214571
33.1290,B,pid.gyroz.U,-250
33.1290,B,pid.locx.Des,0
33.1290,B,pid.locx.FB,-5.8132386
33.1290,B,pid.locx.U,5.9912496
33.1290,B,pid.locxs.Des,5.9912496
33.1290,B,pid.locxs.FB,-5.747767
33.1290,B,pid.locxs.U,35.640064
33.1290,B,pid.locy.Des,0
33.1290,B,pid.locy.FB,85.074638
33.1290,B,pid.locy.U,-69.815147
33.1290,B,pid.locys.Des,-69.815147
33.1290,B,pid.locys.FB,-8.7156849
33.1290,B,pid.locys.U,-183.05038
33.1290,B,pid.pitch.Des,-9.4442997
33.1290,B,pid.pitch.FB,-1.8726772
33.1290,B,pid.pitch.U,-22.527569
33.1290,B,pid.roll.Des,5.2447057
33.1290,B,pid.roll.FB,2.6068854
33.1290,B,pid.roll.U,7.4933348
33.1290,B,pid.yaw.Des,-49.635666
33.1290,B,pid.yaw.FB,-39.896976
33.1290,B,pid.yaw.U,-57.82169
33.1290,B,pid.z_pos.Des,1.297961
33.1290,B,pid.z_pos.FB,1.297961
33.1290,B,pid.z_pos.U,-0.088317379
33.1290,B,pid.z_rate.Des,0
33.1290,B,pid.z_rate.FB,0.038080066
33.1290,B,pid.z_rate.U,-28.281269
33.1290,B,status.vbat,0
33.3489,A,mrac.pitch.e,-0.27177393
33.3489,A,mrac.pitch.u_ad,-0.030827712
33.3489,A,mrac.roll.e,-0.11500031
33.3489,A,mrac.roll.u_ad,0.20444885
33.3489,A,mrac.yaw.e,-0.34838003
33.3489,A,mrac.yaw.u_ad,-0.037070382
33.3489,A,mrac.z.e,-0.20487586
33.3489,A,mrac.z.u_ad,0.19078541
33.3489,A,status.arm,0
33.3489,A,status.flymode,0
33.3489,A,status.rc_authority,0
33.3489,A,status.sbus_lost,0
33.3489,A,status.twc_arrived,0
33.3489,A,status.twc_execute,0
33.3490,B,mrac.pitch.theta_0,0.00012753258
33.3490,B,mrac.pitch.theta_1,0.0025988943
33.3490,B,mrac.pitch.theta_2,0.003758657
33.3490,B,mrac.pitch.theta_3,0.0048805233
33.3490,B,mrac.pitch.theta_4,0.15384018
33.3490,B,mrac.pitch.theta_5,0.14445978
33.3490,B,mrac.pitch.u_nom,-0.053061146
33.3490,B,mrac.pitch.xm,-0.28517914
33.3490,B,mrac.roll.theta_0,0.14719979
33.3490,B,mrac.roll.theta_1,0.018085334
33.3490,B,mrac.roll.theta_2,0.011129678
33.3490,B,mrac.roll.theta_3,0.0088111879
33.3490,B,mrac.roll.theta_4,0.1303809
33.3490,B,mrac.roll.theta_5,0.14662562
33.3490,B,mrac.roll.u_nom,0.090372331
33.3490,B,mrac.roll.xm,0.33348736
33.3490,B,mrac.yaw.theta_0,0.002739741
33.3490,B,mrac.yaw.theta_1,0.022019317
33.3490,B,mrac.yaw.theta_2,0.0012831304
33.3490,B,mrac.yaw.theta_3,0
33.3490,B,mrac.yaw.theta_4,0.11331542
33.3490,B,mrac.yaw.theta_5,0.088463217
33.3490,B,mrac.yaw.u_nom,0.045322541
33.3490,B,mrac.yaw.xm,-0.41413108
33.3490,B,mrac.z.theta_0,0.14291272
33.3490,B,mrac.z.theta_1,7.8484447e-08
33.3490,B,mrac.z.theta_2,0.006103476
33.3490,B,mrac.z.theta_3,0
33.3490,B,mrac.z.theta_4,0.19772564
33.3490,B,mrac.z.theta_5,0.18360467
33.3490,B,mrac.z.u_nom,0.22191666
33.3490,B,mrac.z.xm,0
33.3490,B,path.active_path_mode,0
33.3490,B,path.circle_theta,0
33.3490,B,path.sinusoid_t_elapsed,0
33.3490,B,path.twc_arrived,0
33.3490,B,path.twc_target_x,0
33.3490,B,path.twc_target_y,0
33.3490,B,path.twc_target_z,0
33.3490,B,pid.gyrox.Des,19.10741
33.3490,B,pid.gyrox.FB,-10.081873
33.3490,B,pid.gyrox.U,105.73563
33.3490,B,pid.gyroy.Des,-16.339554
33.3490,B,pid.gyroy.FB,-14.59893
33.3490,B,pid.gyroy.U,-62.081543
33.3490,B,pid.gyroz.Des,-23.727953
33.3490,B,pid.gyroz.FB,-34.574314
33.3490,B,pid.gyroz.U,84.843796
33.3490,B,pid.locx.Des,0
33.3490,B,pid.locx.FB,-5.8697457
33.3490,B,pid.locx.U,6.557014
33.3490,B,pid.locxs.Des,6.557014
33.3490,B,pid.locxs.FB,2.8568761
33.3490,B,pid.locxs.U,2.2571497
33.3490,B,pid.locy.Des,0
33.3490,B,pid.locy.FB,84.330948
33.3490,B,pid.locy.U,-69.42868
33.3490,B,pid.locys.Des,-69.42868
33.3490,B,pid.locys.FB,-2.7996891
33.3490,B,pid.locys.U,-199.8466
33.3490,B,pid.pitch.Des,-8.2048931
33.3490,B,pid.pitch.FB,-2.525408
33.3490,B,pid.pitch.U,-16.339554
33.3490,B,pid.roll.Des,8.1829128
33.3490,B,pid.roll.FB,2.0192788
33.3490,B,pid.roll.U,19.10741
33.3490,B,pid.yaw.Des,-49.635666
33.3490,B,pid.yaw.FB,-45.579266
33.3490,B,pid.yaw.U,-23.727953
33.3490,B,pid.z_pos.Des,1.2879468
33.3490,B,pid.z_pos.FB,1.2879468
33.3490,B,pid.z_pos.U,-0.088317379
33.3490,B,pid.z_rate.Des,0
33.3490,B,pid.z_rate.FB,-0.15531549
33.3490,B,pid.z_rate.U,49.265499
33.3490,B,status.vbat,0
33.5636,A,mrac.pitch.e,0.25376618
33.5636,A,mrac.pitch.u_ad,-0.022751838
33.5636,A,mrac.roll.e,0.15164939
33.5636,A,mrac.roll.u_ad,0.18396412
33.5636,A,mrac.yaw.e,0.10129514
33.5636,A,mrac.yaw.u_ad,0.032701664
33.5636,A,mrac.z.e,0.085159577
33.5636,A,mrac.z.u_ad,0.21178374
33.5636,A,status.arm,0
33.5636,A,status.flymode,0
33.5636,A,status.rc_authority,0
33.5636,A,status.sbus_lost,0
33.5636,A,status.twc_arrived,0
33.5636,A,status.twc_execute,0
33.5637,B,mrac.pitch.theta_0,0.014713916
33.5637,B,mrac.pitch.theta_1,0.0023749173
33.5637,B,mrac.pitch.theta_2,0.0038597174
33.5637,B,mrac.pitch.theta_3,0.004854219
33.5637,B,mrac.pitch.theta_4,0.15386981
33.5637,B,mrac.pitch.theta_5,0.14422072
33.5637,B,mrac.pitch.u_nom,-0.10989196
33.5637,B,mrac.pitch.xm,-0.23814543
33.5637,B,mrac.roll.theta_0,0.1475126
33.5637,B,mrac.roll.theta_1,0.018151874
33.5637,B,mrac.roll.theta_2,0.011133665
33.5637,B,mrac.roll.theta_3,0.0088930782
33.5637,B,mrac.roll.theta_4,0.1304066
33.5637,B,mrac.roll.theta_5,0.14661703
33.5637,B,mrac.roll.u_nom,0.037623454
33.5637,B,mrac.roll.xm,0.25335881
33.5637,B,mrac.yaw.theta_0,0.025414543
33.5637,B,mrac.yaw.theta_1,0.020949945
33.5637,B,mrac.yaw.theta_2,0.0015232788
33.5637,B,mrac.yaw.theta_3,0
33.5637,B,mrac.yaw.theta_4,0.11331869
33.5637,B,mrac.yaw.theta_5,0.088147052
33.5637,B,mrac.yaw.u_nom,0.072678432
33.5637,B,mrac.yaw.xm,0.074285068
33.5637,B,mrac.z.theta_0,0.16642021
33.5637,B,mrac.z.theta_1,7.4251126e-08
33.5637,B,mrac.z.theta_2,0.0061458279
33.5637,B,mrac.z.theta_3,0
33.5637,B,mrac.z.theta_4,0.19769754
33.5637,B,mrac.z.theta_5,0.18354419
33.5637,B,mrac.z.u_nom,0.21029727
33.5637,B,mrac.z.xm,0
33.5637,B,path.active_path_mode,0
33.5637,B,path.circle_theta,0
33.5637,B,path.sinusoid_t_elapsed,0
33.5637,B,path.twc_arrived,0
33.5637,B,path.twc_target_x,0
33.5637,B,path.twc_target_y,0
33.5637,B,path.twc_target_z,0
33.5637,B,pid.gyrox.Des,14.516384
33.5637,B,pid.gyrox.FB,7.2656283
33.5637,B,pid.gyrox.U,44.01944
33.5637,B,pid.gyroy.Des,-13.644722
33.5637,B,pid.gyroy.FB,-1.3084358
33.5637,B,pid.gyroy.U,-128.57359
33.5637,B,pid.gyroz.Des,4.2562189
33.5637,B,pid.gyroz.FB,-12.945029
33.5637,B,pid.gyroz.U,136.05403
33.5637,B,pid.locx.Des,0
33.5637,B,pid.locx.FB,-5.1410723
33.5637,B,pid.locx.U,6.05653
33.5637,B,pid.locxs.Des,6.05653
33.5637,B,pid.locxs.FB,0.63857329
33.5637,B,pid.locxs.U,21.020214
33.5637,B,pid.locy.Des,0
33.5637,B,pid.locy.FB,83.920105
33.5637,B,pid.locy.U,-69.141304
33.5637,B,pid.locys.Des,-69.141304
33.5637,B,pid.locys.FB,0.76956099
33.5637,B,pid.locys.U,-214.08365
33.5637,B,pid.pitch.Des,-8.8411789
33.5637,B,pid.pitch.FB,-5.7244124
33.5637,B,pid.pitch.U,-13.644722
33.5637,B,pid.roll.Des,8.7291222
33.5637,B,pid.roll.FB,3.8656425
33.5637,B,pid.roll.U,14.516384
33.5637,B,pid.yaw.Des,-49.635666
33.5637,B,pid.yaw.FB,-50.314522
33.5637,B,pid.yaw.U,4.2562189
33.5637,B,pid.z_pos.Des,1.2607918
33.5637,B,pid.z_pos.FB,1.2607918
33.5637,B,pid.z_pos.U,-0.088317379
33.5637,B,pid.z_rate.Des,0
33.5637,B,pid.z_rate.FB,-0.14854905
33.5637,B,pid.z_rate.U,46.685993
33.5637,B,status.vbat,0
33.7627,A,mrac.pitch.e,0.55154133
33.7627,A,mrac.pitch.u_ad,-0.072975442
33.7627,A,mrac.roll.e,0.17507537
33.7627,A,mrac.roll.u_ad,0.12472271
33.7627,A,mrac.yaw.e,0.55740196
33.7627,A,mrac.yaw.u_ad,-0.0040707826
33.7627,A,mrac.z.e,0.0036498101
33.7627,A,mrac.z.u_ad,0.1509226
33.7627,A,status.arm,0
33.7627,A,status.flymode,0
33.7627,A,status.rc_authority,0
33.7627,A,status.sbus_lost,0
33.7627,A,status.twc_arrived,0
33.7627,A,status.twc_execute,0
33.7627,B,mrac.pitch.theta_0,0.0020695892
33.7627,B,mrac.pitch.theta_1,0.0018504161
33.7627,B,mrac.pitch.theta_2,0.0036714606
33.7627,B,mrac.pitch.theta_3,0.0048301867
33.7627,B,mrac.pitch.theta_4,0.15431561
33.7627,B,mrac.pitch.theta_5,0.14427109
33.7627,B,mrac.pitch.u_nom,-0.20941392
33.7627,B,mrac.pitch.xm,-0.4022409
33.7627,B,mrac.roll.theta_0,0.13077952
33.7627,B,mrac.roll.theta_1,0.01751486
33.7627,B,mrac.roll.theta_2,0.011078278
33.7627,B,mrac.roll.theta_3,0.0088787628
33.7627,B,mrac.roll.theta_4,0.13044402
33.7627,B,mrac.roll.theta_5,0.1464608
33.7627,B,mrac.roll.u_nom,0.072262742
33.7627,B,mrac.roll.xm,0.057421654
33.7627,B,mrac.yaw.theta_0,0.014739201
33.7627,B,mrac.yaw.theta_1,0.020730538
33.7627,B,mrac.yaw.theta_2,0.0015152933
33.7627,B,mrac.yaw.theta_3,0
33.7627,B,mrac.yaw.theta_4,0.113293
33.7627,B,mrac.yaw.theta_5,0.088102296
33.7627,B,mrac.yaw.u_nom,-0.069376029
33.7627,B,mrac.yaw.xm,-0.10750108
33.7627,B,mrac.z.theta_0,0.16665053
33.7627,B,mrac.z.theta_1,6.9891279e-08
33.7627,B,mrac.z.theta_2,0.0061411052
33.7627,B,mrac.z.theta_3,0
33.7627,B,mrac.z.theta_4,0.19769421
33.7627,B,mrac.z.theta_5,0.1834947
33.7627,B,mrac.z.u_nom,-0.065380059
33.7627,B,mrac.z.xm,0
33.7627,B,path.active_path_mode,0
33.7627,B,path.circle_theta,0
33.7627,B,path.sinusoid_t_elapsed,0
33.7627,B,path.twc_arrived,0
33.7627,B,path.twc_target_x,0
33.7627,B,path.twc_target_y,0
33.7627,B,path.twc_target_z,0
33.7627,B,pid.gyrox.Des,3.2900171
33.7627,B,pid.gyrox.FB,4.373291
33.7627,B,pid.gyrox.U,84.547409
33.7627,B,pid.gyroy.Des,-23.046696
33.7627,B,pid.gyroy.FB,19.662466
33.7627,B,pid.gyroy.U,-245.01428
33.7627,B,pid.gyroz.Des,-6.1593556
33.7627,B,pid.gyroz.FB,9.8480091
33.7627,B,pid.gyroz.U,-129.87193
33.7627,B,pid.locx.Des,0
33.7627,B,pid.locx.FB,-5.7224178
33.7627,B,pid.locx.U,6.7630234
33.7627,B,pid.locxs.Des,6.7630234
33.7627,B,pid.locxs.FB,-4.3644314
33.7627,B,pid.locxs.U,33.722404
33.7627,B,pid.locy.Des,0
33.7627,B,pid.locy.FB,83.821892
33.7627,B,pid.locy.U,-68.847404
33.7627,B,pid.locys.Des,-68.847404
33.7627,B,pid.locys.FB,-9.4842892
33.7627,B,pid.locys.U,-177.89227
33.7627,B,pid.pitch.Des,-8.2461596
33.7627,B,pid.pitch.FB,-1.7836207
33.7627,B,pid.pitch.U,-23.046696
33.7627,B,pid.roll.Des,6.4611654
33.7627,B,pid.roll.FB,6.1945953
33.7627,B,pid.roll.U,3.2900171
33.7627,B,pid.yaw.Des,-49.635666
33.7627,B,pid.yaw.FB,-48.590096
33.7627,B,pid.yaw.U,-6.1593556
33.7627,B,pid.z_pos.Des,1.2719097
33.7627,B,pid.z_pos.FB,1.2719097
33.7627,B,pid.z_pos.U,-0.088317379
33.7627,B,pid.z_rate.Des,0
33.7627,B,pid.z_rate.FB,0.0039551649
33.7627,B,pid.z_rate.U,-14.514374
33.7627,B,status.vbat,0
33.9792,A,mrac.pitch.e,0.56936288
33.9792,A,mrac.pitch.u_ad,-0.089180291
33.9792,A,mrac.roll.e,0.20381126
33.9792,A,mrac.roll.u_ad,0.096936971
33.9792,A,mrac.yaw.e,0.31715047
33.9792,A,mrac.yaw.u_ad,-0.040884763
33.9792,A,mrac.z.e,0.048012003
33.9792,A,mrac.z.u_ad,0.11268881
33.9792,A,status.arm,0
33.9792,A,status.flymode,0
33.9792,A,status.rc_authority,0
33.9792,A,status.sbus_lost,0
33.9792,A,status.twc_arrived,0
33.9792,A,status.twc_execute,0
33.9792,B,mrac.pitch.theta_0,0.0004073575
33.9792,B,mrac.pitch.theta_1,0.001630042
33.9792,B,mrac.pitch.theta_2,0.0036219687
33.9792,B,mrac.pitch.theta_3,0.0048178281
33.9792,B,mrac.pitch.theta_4,0.1546936
33.9792,B,mrac.pitch.theta_5,0.14441139
33.9792,B,mrac.pitch.u_nom,-0.20445395
33.9792,B,mrac.pitch.xm,-0.54061407
33.9792,B,mrac.roll.theta_0,0.11643738
33.9792,B,mrac.roll.theta_1,0.017321831
33.9792,B,mrac.roll.theta_2,0.011070769
33.9792,B,mrac.roll.theta_3,0.0088622291
33.9792,B,mrac.roll.theta_4,0.13045125
33.9792,B,mrac.roll.theta_5,0.14643137
33.9792,B,mrac.roll.u_nom,0.019489432
33.9792,B,mrac.roll.xm,0.023026474
33.9792,B,mrac.yaw.theta_0,0.002128643
33.9792,B,mrac.yaw.theta_1,0.019907091
33.9792,B,mrac.yaw.theta_2,0.0014581075
33.9792,B,mrac.yaw.theta_3,0
33.9792,B,mrac.yaw.theta_4,0.11334
33.9792,B,mrac.yaw.theta_5,0.088146813
33.9792,B,mrac.yaw.u_nom,-0.10815035
33.9792,B,mrac.yaw.xm,-0.37919948
33.9792,B,mrac.z.theta_0,0.16113521
33.9792,B,mrac.z.theta_1,6.902151e-08
33.9792,B,mrac.z.theta_2,0.0061356798
33.9792,B,mrac.z.theta_3,0
33.9792,B,mrac.z.theta_4,0.19768484
33.9792,B,mrac.z.theta_5,0.18347454
33.9792,B,mrac.z.u_nom,-0.51687932
33.9792,B,mrac.z.xm,0
33.9792,B,path.active_path_mode,0
33.9792,B,path.circle_theta,0
33.9792,B,path.sinusoid_t_elapsed,0
33.9792,B,path.twc_arrived,0
33.9792,B,path.twc_target_x,0
33.9792,B,path.twc_target_y,0
33.9792,B,path.twc_target_z,0
33.9792,B,pid.gyrox.Des,1.3193192
33.9792,B,pid.gyrox.FB,11.04337
33.9792,B,pid.gyrox.U,22.802635
33.9792,B,pid.gyroy.Des,-30.974892
33.9792,B,pid.gyroy.FB,4.7722988
33.9792,B,pid.gyroy.U,-239.21112
33.9792,B,pid.gyroz.Des,-21.726521
33.9792,B,pid.gyroz.FB,3.3482912
33.9792,B,pid.gyroz.U,-202.45746
33.9792,B,pid.locx.Des,0
33.9792,B,pid.locx.FB,-6.5503316
33.9792,B,pid.locx.U,7.4322228
33.9792,B,pid.locxs.Des,7.4322228
33.9792,B,pid.locxs.FB,-5.4933882
33.9792,B,pid.locxs.U,39.369339
33.9792,B,pid.locy.Des,0
33.9792,B,pid.locy.FB,82.227509
33.9792,B,pid.locy.U,-67.467125
33.9792,B,pid.locys.Des,-67.467125
33.9792,B,pid.locys.FB,-8.5920124
33.9792,B,pid.locys.U,-184.91214
33.9792,B,pid.pitch.Des,-9.0073662
33.9792,B,pid.pitch.FB,-0.16283333
33.9792,B,pid.pitch.U,-30.974892
33.9792,B,pid.roll.Des,6.1651568
33.9792,B,pid.roll.FB,6.9199219
33.9792,B,pid.roll.U,1.3193192
33.9792,B,pid.yaw.Des,-49.635666
33.9792,B,pid.yaw.FB,-46.096882
33.9792,B,pid.yaw.U,-21.726521
33.9792,B,pid.z_pos.Des,1.290525
33.9792,B,pid.z_pos.FB,1.290525
33.9792,B,pid.z_pos.U,-0.088317379
33.9792,B,pid.z_rate.Des,0
33.9792,B,pid.z_rate.FB,0.25424302
33.9792,B,pid.z_rate.U,-114.74721
33.9792,B,status.vbat,0
34.1792,A,mrac.pitch.e,0.4636786
34.1792,A,mrac.pitch.u_ad,-0.09461125
34.1792,A,mrac.roll.e,-0.04759293
34.1792,A,mrac.roll.u_ad,0.10191295
34.1792,A,mrac.yaw.e,0.47686881
34.1792,A,mrac.yaw.u_ad,-0.031623814
34.1792,A,mrac.z.e,-0.16459936
34.1792,A,mrac.z.u_ad,0.1320807
34.1792,A,status.arm,0
34.1792,A,status.flymode,0
34.1792,A,status.rc_authority,0
34.1792,A,status.sbus_lost,0
34.1792,A,status.twc_arrived,0
34.1792,A,status.twc_execute,0
34.1792,B,mrac.pitch.theta_0,3.7583886e-05
34.1792,B,mrac.pitch.theta_1,0.0014073123
34.1792,B,mrac.pitch.theta_2,0.0035663049
34.1792,B,mrac.pitch.theta_3,0.0048123505
34.1792,B,mrac.pitch.theta_4,0.15528736
34.1792,B,mrac.pitch.theta_5,0.14466223
34.1792,B,mrac.pitch.u_nom,-0.12379009
34.1792,B,mrac.pitch.xm,-0.50887072
34.1792,B,mrac.roll.theta_0,0.10325556
34.1792,B,mrac.roll.theta_1,0.016851842
34.1792,B,mrac.roll.theta_2,0.011076464
34.1792,B,mrac.roll.theta_3,0.0088681867
34.1792,B,mrac.roll.theta_4,0.13047412
34.1792,B,mrac.roll.theta_5,0.14635341
34.1792,B,mrac.roll.u_nom,0.092933603
34.1792,B,mrac.roll.xm,-0.0084807156
34.1792,B,mrac.yaw.theta_0,0.00051055232
34.1792,B,mrac.yaw.theta_1,0.02004437
34.1792,B,mrac.yaw.theta_2,0.0014529855
34.1792,B,mrac.yaw.theta_3,0
34.1792,B,mrac.yaw.theta_4,0.11333318
34.1792,B,mrac.yaw.theta_5,0.08819212
34.1792,B,mrac.yaw.u_nom,-0.071808301
34.1792,B,mrac.yaw.xm,-0.25390437
34.1792,B,mrac.z.theta_0,0.14999878
34.1792,B,mrac.z.theta_1,6.7321459e-08
34.1792,B,mrac.z.theta_2,0.0061255214
34.1792,B,mrac.z.theta_3,0
34.1792,B,mrac.z.theta_4,0.19766045
34.1792,B,mrac.z.theta_5,0.18342872
34.1792,B,mrac.z.u_nom,-0.12130676
34.1792,B,mrac.z.xm,0
34.1792,B,path.active_path_mode,0
34.1792,B,path.circle_theta,0
34.1792,B,path.sinusoid_t_elapsed,0
34.1792,B,path.twc_arrived,0
34.1792,B,path.twc_target_x,0
34.1792,B,path.twc_target_y,0
34.1792,B,path.twc_target_z,0
34.1792,B,pid.gyrox.Des,-0.48590899
34.1792,B,pid.gyrox.FB,-15.942458
34.1792,B,pid.gyrox.U,108.73232
34.1792,B,pid.gyroy.Des,-29.156134
34.1792,B,pid.gyroy.FB,-1.7863114
34.1792,B,pid.gyroy.U,-144.8344
34.1792,B,pid.gyroz.Des,-14.547643
34.1792,B,pid.gyroz.FB,2.0025284
34.1792,B,pid.gyroz.U,-134.42514
34.1792,B,pid.locx.Des,0
34.1792,B,pid.locx.FB,-7.0290499
34.1792,B,pid.locx.U,7.6345105
34.1792,B,pid.locxs.Des,7.6345105
34.1792,B,pid.locxs.FB,-2.2602577
34.1792,B,pid.locxs.U,29.709915
34.1792,B,pid.locy.Des,0
34.1792,B,pid.locy.FB,79.914948
34.1792,B,pid.locy.U,-65.506912
34.1792,B,pid.locys.Des,-65.506912
34.1792,B,pid.locys.FB,-14.24399
34.1792,B,pid.locys.U,-153.28064
34.1792,B,pid.pitch.Des,-7.2606692
34.1792,B,pid.pitch.FB,2.5043402
34.1792,B,pid.pitch.U,-29.156134
34.1792,B,pid.roll.Des,5.3824587
34.1792,B,pid.roll.FB,6.6722283
34.1792,B,pid.roll.U,-0.48590899
34.1792,B,pid.yaw.Des,-49.635666
34.1792,B,pid.yaw.FB,-47.293362
34.1792,B,pid.yaw.U,-14.547643
34.1792,B,pid.z_pos.Des,1.2998847
34.1792,B,pid.z_pos.FB,1.2998847
34.1792,B,pid.z_pos.U,-0.088317379
34.1792,B,pid.z_rate.Des,0
34.1792,B,pid.z_rate.FB,0.034700252
34.1792,B,pid.z_rate.U,-26.930101
34.1792,B,status.vbat,0
34.3796,A,mrac.pitch.e,0.42793348
34.3796,A,mrac.pitch.u_ad,-0.073934495
34.3796,A,mrac.roll.e,0.2484214
34.3796,A,mrac.roll.u_ad,0.064662211
34.3796,A,mrac.yaw.e,0.85791492
34.3796,A,mrac.yaw.u_ad,-0.0520638
34.3796,A,mrac.z.e,-0.034940343
34.3796,A,mrac.z.u_ad,0.1563694
34.3796,A,status.arm,0
34.3796,A,status.flymode,0
34.3796,A,status.rc_authority,0
34.3796,A,status.sbus_lost,0
34.3796,A,status.twc_arrived,0
34.3796,A,status.twc_execute,0
34.3796,B,mrac.pitch.theta_0,1.2973379e-05
34.3796,B,mrac.pitch.theta_1,0.0019002997
34.3796,B,mrac.pitch.theta_2,0.0035476068
34.3796,B,mrac.pitch.theta_3,0.0048126248
34.3796,B,mrac.pitch.theta_4,0.15542306
34.3796,B,mrac.pitch.theta_5,0.14478157
34.3796,B,mrac.pitch.u_nom,0.021024397
34.3796,B,mrac.pitch.xm,-0.46823189
34.3796,B,mrac.roll.theta_0,0.094845898
34.3796,B,mrac.roll.theta_1,0.016349124
34.3796,B,mrac.roll.theta_2,0.011078083
34.3796,B,mrac.roll.theta_3,0.008898179
34.3796,B,mrac.roll.theta_4,0.13050914
34.3796,B,mrac.roll.theta_5,0.14630443
34.3796,B,mrac.roll.u_nom,-0.066972718
34.3796,B,mrac.roll.xm,-0.093958758
34.3796,B,mrac.yaw.theta_0,7.3799187e-05
34.3796,B,mrac.yaw.theta_1,0.019261839
34.3796,B,mrac.yaw.theta_2,0.0014067105
34.3796,B,mrac.yaw.theta_3,0
34.3796,B,mrac.yaw.theta_4,0.11337874
34.3796,B,mrac.yaw.theta_5,0.088251486
34.3796,B,mrac.yaw.u_nom,-0.13354701
34.3796,B,mrac.yaw.xm,-0.44591129
34.3796,B,mrac.z.theta_0,0.1553376
34.3796,B,mrac.z.theta_1,6.6801682e-08
34.3796,B,mrac.z.theta_2,0.0061287051
34.3796,B,mrac.z.theta_3,0
34.3796,B,mrac.z.theta_4,0.1976411
34.3796,B,mrac.z.theta_5,0.18340673
34.3796,B,mrac.z.u_nom,-0.008047143
34.3796,B,mrac.z.xm,0
34.3796,B,path.active_path_mode,0
34.3796,B,path.circle_theta,0
34.3796,B,path.sinusoid_t_elapsed,0
34.3796,B,path.twc_arrived,0
34.3796,B,path.twc_target_x,0
34.3796,B,path.twc_target_y,0
34.3796,B,path.twc_target_z,0
34.3796,B,pid.gyrox.Des,-5.3834381
34.3796,B,pid.gyrox.FB,12.587353
34.3796,B,pid.gyrox.U,-78.358078
34.3796,B,pid.gyroy.Des,-26.8277
34.3796,B,pid.gyroy.FB,-20.397749
34.3796,B,pid.gyroy.U,24.598545
34.3796,B,pid.gyroz.Des,-25.548824
34.3796,B,pid.gyroz.FB,16.028999
34.3796,B,pid.gyroz.U,-250
34.3796,B,pid.locx.Des,0
34.3796,B,pid.locx.FB,-7.2235594
34.3796,B,pid.locx.U,7.8769546
34.3796,B,pid.locxs.Des,7.8769546
34.3796,B,pid.locxs.FB,-4.1517134
34.3796,B,pid.locxs.U,40.686405
34.3796,B,pid.locy.Des,0
34.3796,B,pid.locy.FB,78.199554
34.3796,B,pid.locy.U,-64.202209
34.3796,B,pid.locys.Des,-64.202209
34.3796,B,pid.locys.FB,-11.34739
34.3796,B,pid.locys.U,-162.33948
34.3796,B,pid.pitch.Des,-8.2334728
34.3796,B,pid.pitch.FB,0.96578997
34.3796,B,pid.pitch.U,-26.8277
34.3796,B,pid.roll.Des,5.0789399
34.3796,B,pid.roll.FB,6.6643586
34.3796,B,pid.roll.U,-5.3834381
34.3796,B,pid.yaw.Des,-49.635666
34.3796,B,pid.yaw.FB,-45.459831
34.3796,B,pid.yaw.U,-25.548824
34.3796,B,pid.z_pos.Des,1.2910326
34.3796,B,pid.z_pos.FB,1.2910326
34.3796,B,pid.z_pos.U,-0.088317379
34.3796,B,pid.z_rate.Des,0
34.3796,B,pid.z_rate.FB,-0.027182411
34.3796,B,pid.z_rate.U,-1.7864656
34.3796,B,status.vbat,0
34.5796,A,mrac.pitch.e,-0.031939119
34.5796,A,mrac.pitch.u_ad,-0.038893256
34.5796,A,mrac.roll.e,-0.36854708
34.5796,A,mrac.roll.u_ad,0.10816933
34.5796,A,mrac.yaw.e,0.33482206
34.5796,A,mrac.yaw.u_ad,-0.051308919
34.5796,A,mrac.z.e,-0.07852599
34.5796,A,mrac.z.u_ad,0.17456168
34.5796,A,status.arm,0
34.5796,A,status.flymode,0
34.5796,A,status.rc_authority,0
34.5796,A,status.sbus_lost,0
34.5796,A,status.twc_arrived,0
34.5796,A,status.twc_execute,0
34.5796,B,mrac.pitch.theta_0,0.0026012138
34.5796,B,mrac.pitch.theta_1,0.0022690624
34.5796,B,mrac.pitch.theta_2,0.0035479246
34.5796,B,mrac.pitch.theta_3,0.004796207
34.5796,B,mrac.pitch.theta_4,0.15550408
34.5796,B,mrac.pitch.theta_5,0.14479032
34.5796,B,mrac.pitch.u_nom,-0.034626596
34.5796,B,mrac.pitch.xm,-0.26858133
34.5796,B,mrac.roll.theta_0,0.091082044
34.5796,B,mrac.roll.theta_1,0.015561278
34.5796,B,mrac.roll.theta_2,0.011071214
34.5796,B,mrac.roll.theta_3,0.0089467363
34.5796,B,mrac.roll.theta_4,0.13059279
34.5796,B,mrac.roll.theta_5,0.14623114
34.5796,B,mrac.roll.u_nom,0.059737492
34.5796,B,mrac.roll.xm,0.02456346
34.5796,B,mrac.yaw.theta_0,5.5497967e-06
34.5796,B,mrac.yaw.theta_1,0.018877393
34.5796,B,mrac.yaw.theta_2,0.0013407167
34.5796,B,mrac.yaw.theta_3,0
34.5796,B,mrac.yaw.theta_4,0.1134159
34.5796,B,mrac.yaw.theta_5,0.088398568
34.5796,B,mrac.yaw.u_nom,-0.064562216
34.5796,B,mrac.yaw.xm,-0.43717158
34.5796,B,mrac.z.theta_0,0.15523016
34.5796,B,mrac.z.theta_1,6.5741737e-08
34.5796,B,mrac.z.theta_2,0.0061300592
34.5796,B,mrac.z.theta_3,0
34.5796,B,mrac.z.theta_4,0.19761914
34.5796,B,mrac.z.theta_5,0.18337373
34.5796,B,mrac.z.u_nom,0.28148523
34.5796,B,mrac.z.xm,0
34.5796,B,path.active_path_mode,0
34.5796,B,path.circle_theta,0
34.5796,B,path.sinusoid_t_elapsed,0
34.5796,B,path.twc_arrived,0
34.5796,B,path.twc_target_x,0
34.5796,B,path.twc_target_y,0
34.5796,B,path.twc_target_z,0
34.5796,B,pid.gyrox.Des,1.407382
34.5796,B,pid.gyrox.FB,-8.8632879
34.5796,B,pid.gyrox.U,69.892868
34.5796,B,pid.gyroy.Des,-15.388571
34.5796,B,pid.gyroy.FB,-17.026518
34.5796,B,pid.gyroy.U,-40.513119
34.5796,B,pid.gyroz.Des,-25.048077
34.5796,B,pid.gyroz.FB,-10.191402
34.5796,B,pid.gyroz.U,-120.86047
34.5796,B,pid.locx.Des,0
34.5796,B,pid.locx.FB,-6.5970531
34.5796,B,pid.locx.U,7.0251179
34.5796,B,pid.locxs.Des,7.0251179
34.5796,B,pid.locxs.FB,4.983047
34.5796,B,pid.locxs.U,7.8370876
34.5796,B,pid.locy.Des,0
34.5796,B,pid.locy.FB,76.156631
34.5796,B,pid.locy.U,-62.822567
34.5796,B,pid.locys.Des,-62.822567
34.5796,B,pid.locys.FB,-3.4884443
34.5796,B,pid.locys.U,-175.78094
34.5796,B,pid.pitch.Des,-7.4277506
34.5796,B,pid.pitch.FB,-2.0310965
34.5796,B,pid.pitch.U,-15.388571
34.5796,B,pid.roll.Des,6.9708843
34.5796,B,pid.roll.FB,6.6145945
34.5796,B,pid.roll.U,1.407382
34.5796,B,pid.yaw.Des,-49.635666
34.5796,B,pid.yaw.FB,-45.543289
34.5796,B,pid.yaw.U,-25.048077
34.5796,B,pid.z_pos.Des,1.2806081
34.5796,B,pid.z_pos.FB,1.2806081
34.5796,B,pid.z_pos.U,-0.088317379
34.5796,B,pid.z_rate.Des,0
34.5796,B,pid.z_rate.FB,-0.18696833
34.5796,B,pid.z_rate.U,62.489723
34.5796,B,status.vbat,0
34.7804,A,mrac.pitch.e,-0.28166291
34.7804,A,mrac.pitch.u_ad,-0.0014018889
34.7804,A,mrac.roll.e,-0.3802222
34.7804,A,mrac.roll.u_ad,0.16983415
34.7804,A,mrac.yaw.e,0.021033481
34.7804,A,mrac.yaw.u_ad,-0.02466826
34.7804,A,mrac.z.e,-0.059356503
34.7804,A,mrac.z.u_ad,0.20076121
34.7804,A,status.arm,0
34.7804,A,status.flymode,0
34.7804,A,status.rc_authority,0
34.7804,A,status.sbus_lost,0
34.7804,A,status.twc_arrived,0
34.7804,A,status.twc_execute,0
34.7804,B,mrac.pitch.theta_0,0.0077146683
34.7804,B,mrac.pitch.theta_1,0.0022619511
34.7804,B,mrac.pitch.theta_2,0.0035601037
34.7804,B,mrac.pitch.theta_3,0.0047972291
34.7804,B,mrac.pitch.theta_4,0.15549333
34.7804,B,mrac.pitch.theta_5,0.14470495
34.7804,B,mrac.pitch.u_nom,-0.061476775
34.7804,B,mrac.pitch.xm,-0.26931357
34.7804,B,mrac.roll.theta_0,0.12086204
34.7804,B,mrac.roll.theta_1,0.014804371
34.7804,B,mrac.roll.theta_2,0.011109818
34.7804,B,mrac.roll.theta_3,0.008976547
34.7804,B,mrac.roll.theta_4,0.13071358
34.7804,B,mrac.roll.theta_5,0.14620174
34.7804,B,mrac.roll.u_nom,0.14850688
34.7804,B,mrac.roll.xm,0.25152522
34.7804,B,mrac.yaw.theta_0,2.0176274e-06
34.7804,B,mrac.yaw.theta_1,0.019021284
34.7804,B,mrac.yaw.theta_2,0.0013363893
34.7804,B,mrac.yaw.theta_3,0
34.7804,B,mrac.yaw.theta_4,0.11341307
34.7804,B,mrac.yaw.theta_5,0.088428579
34.7804,B,mrac.yaw.u_nom,0.008774844
34.7804,B,mrac.yaw.xm,-0.29021898
34.7804,B,mrac.z.theta_0,0.17103547
34.7804,B,mrac.z.theta_1,6.3512395e-08
34.7804,B,mrac.z.theta_2,0.0061545903
34.7804,B,mrac.z.theta_3,0
34.7804,B,mrac.z.theta_4,0.19759372
34.7804,B,mrac.z.theta_5,0.18332791
34.7804,B,mrac.z.u_nom,0.29763815
34.7804,B,mrac.z.xm,0
34.7804,B,path.active_path_mode,0
34.7804,B,path.circle_theta,0
34.7804,B,path.sinusoid_t_elapsed,0
34.7804,B,path.twc_arrived,0
34.7804,B,path.twc_target_x,0
34.7804,B,path.twc_target_y,0
34.7804,B,path.twc_target_z,0
34.7804,B,pid.gyrox.Des,14.411327
34.7804,B,pid.gyrox.FB,-3.7706499
34.7804,B,pid.gyrox.U,173.75305
34.7804,B,pid.gyroy.Des,-15.430525
34.7804,B,pid.gyroy.FB,-15.845657
34.7804,B,pid.gyroy.U,-71.927826
34.7804,B,pid.gyroz.Des,-16.628315
34.7804,B,pid.gyroz.FB,-18.925024
34.7804,B,pid.gyroz.U,16.426508
34.7804,B,pid.locx.Des,0
34.7804,B,pid.locx.FB,-5.6331172
34.7804,B,pid.locx.U,6.3151717
34.7804,B,pid.locxs.Des,6.3151717
34.7804,B,pid.locxs.FB,2.7307215
34.7804,B,pid.locxs.U,10.681136
34.7804,B,pid.locy.Des,0
34.7804,B,pid.locy.FB,76.489647
34.7804,B,pid.locy.U,-63.396156
34.7804,B,pid.locys.Des,-63.396156
34.7804,B,pid.locys.FB,2.9228685
34.7804,B,pid.locys.U,-207.91628
34.7804,B,pid.pitch.Des,-8.6485415
34.7804,B,pid.pitch.FB,-4.6377974
34.7804,B,pid.pitch.U,-15.430525
34.7804,B,pid.roll.Des,8.3628721
34.7804,B,pid.roll.FB,5.0611091
34.7804,B,pid.roll.U,14.411327
34.7804,B,pid.yaw.Des,-49.635666
34.7804,B,pid.yaw.FB,-46.946583
34.7804,B,pid.yaw.U,-16.628315
34.7804,B,pid.z_pos.Des,1.2609065
34.7804,B,pid.z_pos.FB,1.2609065
34.7804,B,pid.z_pos.U,-0.088317379
34.7804,B,pid.z_rate.Des,0
34.7804,B,pid.z_rate.FB,-0.19521236
34.7804,B,pid.z_rate.U,66.075668
34.7804,B,status.vbat,0
34.9960,A,mrac.pitch.e,0.089850873
34.9960,A,mrac.pitch.u_ad,0.043916419
34.9960,A,mrac.roll.e,0.19978064
34.9960,A,mrac.roll.u_ad,0.17996946
34.9960,A,mrac.yaw.e,-0.59756768
34.9960,A,mrac.yaw.u_ad,0.016373299
34.9960,A,mrac.z.e,0.049416654
34.9960,A,mrac.z.u_ad,0.14117768
34.9960,A,status.arm,0
34.9960,A,status.flymode,0
34.9960,A,status.rc_authority,0
34.9960,A,status.sbus_lost,0
34.9960,A,status.twc_arrived,0
34.9960,A,status.twc_execute,0
34.9961,B,mrac.pitch.theta_0,0.047263466
34.9961,B,mrac.pitch.theta_1,0.0018464708
34.9961,B,mrac.pitch.theta_2,0.0037532919
34.9961,B,mrac.pitch.theta_3,0.0048100087
34.9961,B,mrac.pitch.theta_4,0.15560049
34.9961,B,mrac.pitch.theta_5,0.14447437
34.9961,B,mrac.pitch.u_nom,-0.032637689
34.9961,B,mrac.pitch.xm,0.044270396
34.9961,B,mrac.roll.theta_0,0.14317302
34.9961,B,mrac.roll.theta_1,0.014157885
34.9961,B,mrac.roll.theta_2,0.01113669
34.9961,B,mrac.roll.theta_3,0.0090538245
34.9961,B,mrac.roll.theta_4,0.13093063
34.9961,B,mrac.roll.theta_5,0.14620762
34.9961,B,mrac.roll.u_nom,-0.025819162
34.9961,B,mrac.roll.xm,0.25444058
34.9961,B,mrac.yaw.theta_0,0.0098112375
34.9961,B,mrac.yaw.theta_1,0.018584192
34.9961,B,mrac.yaw.theta_2,0.0014334871
34.9961,B,mrac.yaw.theta_3,0
34.9961,B,mrac.yaw.theta_4,0.11340134
34.9961,B,mrac.yaw.theta_5,0.08834058
34.9961,B,mrac.yaw.u_nom,0.1325292
34.9961,B,mrac.yaw.xm,0.038954772
34.9961,B,mrac.z.theta_0,0.17698565
34.9961,B,mrac.z.theta_1,6.1923615e-08
34.9961,B,mrac.z.theta_2,0.0061555495
34.9961,B,mrac.z.theta_3,0
34.9961,B,mrac.z.theta_4,0.19753209
34.9961,B,mrac.z.theta_5,0.18325277
34.9961,B,mrac.z.u_nom,-0.2799443
34.9961,B,mrac.z.xm,0
34.9961,B,path.active_path_mode,0
34.9961,B,path.circle_theta,0
34.9961,B,path.sinusoid_t_elapsed,0
34.9961,B,path.twc_arrived,0
34.9961,B,path.twc_target_x,0
34.9961,B,path.twc_target_y,0
34.9961,B,path.twc_target_z,0
34.9961,B,pid.gyrox.Des,14.578365
34.9961,B,pid.gyrox.FB,18.502884
34.9961,B,pid.gyrox.U,-30.20842
34.9961,B,pid.gyroy.Des,2.5365057
34.9961,B,pid.gyroy.FB,3.5007639
34.9961,B,pid.gyroy.U,-38.186096
34.9961,B,pid.gyroz.Des,2.2319431
34.9961,B,pid.gyroz.FB,-30.678888
34.9961,B,pid.gyroz.U,248.09467
34.9961,B,pid.locx.Des,0
34.9961,B,pid.locx.FB,-4.2085772
34.9961,B,pid.locx.U,5.2085309
34.9961,B,pid.locxs.Des,5.2085309
34.9961,B,pid.locxs.FB,4.2060542
34.9961,B,pid.locxs.U,3.2700863
34.9961,B,pid.locy.Des,0
34.9961,B,pid.locy.FB,79.036728
34.9961,B,pid.locy.U,-65.669968
34.9961,B,pid.locys.Des,-65.669968
34.9961,B,pid.locys.FB,8.2042122
34.9961,B,pid.locys.U,-222.28093
34.9961,B,pid.pitch.Des,-8.3510952
34.9961,B,pid.pitch.FB,-9.204463
34.9961,B,pid.pitch.U,2.5365057
34.9961,B,pid.roll.Des,9.6546564
34.9961,B,pid.roll.FB,4.5825686
34.9961,B,pid.roll.U,14.578365
34.9961,B,pid.yaw.Des,-49.635666
34.9961,B,pid.yaw.FB,-50.328377
34.9961,B,pid.yaw.U,2.2319431
34.9961,B,pid.z_pos.Des,1.2693191
34.9961,B,pid.z_pos.FB,1.2693191
34.9961,B,pid.z_pos.U,-0.088317379
34.9961,B,pid.z_rate.Des,0
34.9961,B,pid.z_rate.FB,0.12677987
34.9961,B,pid.z_rate.U,-62.147636
34.9961,B,status.vbat,0
35.1964,A,mrac.pitch.e,0.89676291
35.1964,A,mrac.pitch.u_ad,-0.0062262062
35.1964,A,mrac.roll.e,0.18592136
35.1964,A,mrac.roll.u_ad,0.091705576
35.1964,A,mrac.yaw.e,1.0296162
35.1964,A,mrac.yaw.u_ad,0
35.1964,A,mrac.z.e,-0.36565328
35.1964,A,mrac.z.u_ad,0.15045597
35.1964,A,status.arm,0
35.1964,A,status.flymode,0
35.1964,A,status.rc_authority,0
35.1964,A,status.sbus_lost,0
35.1964,A,status.twc_arrived,0
35.1964,A,status.twc_execute,0
35.1965,B,mrac.pitch.theta_0,0.037247322
35.1965,B,mrac.pitch.theta_1,0.0017775177
35.1965,B,mrac.pitch.theta_2,0.0037209596
35.1965,B,mrac.pitch.theta_3,0.0047873105
35.1965,B,mrac.pitch.theta_4,0.15565576
35.1965,B,mrac.pitch.theta_5,0.14442511
35.1965,B,mrac.pitch.u_nom,-0.0331438
35.1965,B,mrac.pitch.xm,0.26174328
35.1965,B,mrac.roll.theta_0,0.11000042
35.1965,B,mrac.roll.theta_1,0.011600666
35.1965,B,mrac.roll.theta_2,0.010784748
35.1965,B,mrac.roll.theta_3,0.0089832665
35.1965,B,mrac.roll.theta_4,0.13112926
35.1965,B,mrac.roll.theta_5,0.14592965
35.1965,B,mrac.roll.u_nom,-0.18351957
35.1965,B,mrac.roll.xm,-0.27633989
35.1965,B,mrac.yaw.theta_0,0.01856865
35.1965,B,mrac.yaw.theta_1,0.017594768
35.1965,B,mrac.yaw.theta_2,0.0014986331
35.1965,B,mrac.yaw.theta_3,0
35.1965,B,mrac.yaw.theta_4,0.11341851
35.1965,B,mrac.yaw.theta_5,0.088239715
35.1965,B,mrac.yaw.u_nom,-0.13354701
35.1965,B,mrac.yaw.xm,0.029318633
35.1965,B,mrac.z.theta_0,0.17141344
35.1965,B,mrac.z.theta_1,6.1371935e-08
35.1965,B,mrac.z.theta_2,0.0061524999
35.1965,B,mrac.z.theta_3,0
35.1965,B,mrac.z.theta_4,0.19751608
35.1965,B,mrac.z.theta_5,0.18322894
35.1965,B,mrac.z.u_nom,-0.01592033
35.1965,B,mrac.z.xm,0
35.1965,B,path.active_path_mode,0
35.1965,B,path.circle_theta,0
35.1965,B,path.sinusoid_t_elapsed,0
35.1965,B,path.twc_arrived,0
35.1965,B,path.twc_target_x,0
35.1965,B,path.twc_target_y,0
35.1965,B,path.twc_target_z,0
35.1965,B,pid.gyrox.Des,-15.833103
35.1965,B,pid.gyrox.FB,21.331686
35.1965,B,pid.gyrox.U,-214.7179
35.1965,B,pid.gyroy.Des,14.996779
35.1965,B,pid.gyroy.FB,39.589512
35.1965,B,pid.gyroy.U,-38.778244
35.1965,B,pid.gyroz.Des,1.6798332
35.1965,B,pid.gyroz.FB,36.686207
35.1965,B,pid.gyroz.U,-250
35.1965,B,pid.locx.Des,0
35.1965,B,pid.locx.FB,-4.0997224
35.1965,B,pid.locx.U,5.2619538
35.1965,B,pid.locxs.Des,5.2619538
35.1965,B,pid.locxs.FB,3.1911252
35.1965,B,pid.locxs.U,0.012064457
35.1965,B,pid.locy.Des,0
35.1965,B,pid.locy.FB,80.442825
35.1965,B,pid.locy.U,-66.313248
35.1965,B,pid.locys.Des,-66.313248
35.1965,B,pid.locys.FB,-3.9770241
35.1965,B,pid.locys.U,-165.86005
35.1965,B,pid.pitch.Des,-6.1128049
35.1965,B,pid.pitch.FB,-7.778398
35.1965,B,pid.pitch.U,14.996779
35.1965,B,pid.roll.Des,7.3201995
35.1965,B,pid.roll.FB,9.561904
35.1965,B,pid.roll.U,-15.833103
35.1965,B,pid.yaw.Des,-49.635666
35.1965,B,pid.yaw.FB,-50.053188
35.1965,B,pid.yaw.U,1.6798332
35.1965,B,pid.z_pos.Des,1.2701436
35.1965,B,pid.z_pos.FB,1.2701436
35.1965,B,pid.z_pos.U,-0.088317379
35.1965,B,pid.z_rate.Des,0
35.1965,B,pid.z_rate.FB,-0.020617137
35.1965,B,pid.z_rate.U,-3.5343132
35.1965,B,status.vbat,0
35.4134,A,mrac.pitch.e,0.79836589
35.4134,A,mrac.pitch.u_ad,-0.075670652
35.4134,A,mrac.roll.e,0.82014662
35.4134,A,mrac.roll.u_ad,-0.0039175367
35.4134,A,mrac.yaw.e,1.5272026
35.4134,A,mrac.yaw.u_ad,0
35.4134,A,mrac.z.e,0.1958607
35.4134,A,mrac.z.u_ad,0.14893618
35.4134,A,status.arm,0
35.4134,A,status.flymode,0
35.4134,A,status.rc_authority,0
35.4134,A,status.sbus_lost,0
35.4134,A,status.twc_arrived,0
35.4134,A,status.twc_execute,0
35.4134,B,mrac.pitch.theta_0,0.010025304
35.4134,B,mrac.pitch.theta_1,0.0011834721
35.4134,B,mrac.pitch.theta_2,0.003260015
35.4134,B,mrac.pitch.theta_3,0.0047364193
35.4134,B,mrac.pitch.theta_4,0.15608928
35.4134,B,mrac.pitch.theta_5,0.14434646
35.4134,B,mrac.pitch.u_nom,-0.23927325
35.4134,B,mrac.pitch.xm,-0.55182296
35.4134,B,mrac.roll.theta_0,0.06393604
35.4134,B,mrac.roll.theta_1,0.010459696
35.4134,B,mrac.roll.theta_2,0.010700123
35.4134,B,mrac.roll.theta_3,0.0084459623
35.4134,B,mrac.roll.theta_4,0.13136476
35.4134,B,mrac.roll.theta_5,0.1459381
35.4134,B,mrac.roll.u_nom,-0.11156613
35.4134,B,mrac.roll.xm,-0.24957319
35.4134,B,mrac.yaw.theta_0,0.0096001243
35.4134,B,mrac.yaw.theta_1,0.016729515
35.4134,B,mrac.yaw.theta_2,0.0013676859
35.4134,B,mrac.yaw.theta_3,0
35.4134,B,mrac.yaw.theta_4,0.11342697
35.4134,B,mrac.yaw.theta_5,0.088228106
35.4134,B,mrac.yaw.u_nom,-0.13354701
35.4134,B,mrac.yaw.xm,-1.0238094
35.4134,B,mrac.z.theta_0,0.17964549
35.4134,B,mrac.z.theta_1,5.8015686e-08
35.4134,B,mrac.z.theta_2,0.0061827311
35.4134,B,mrac.z.theta_3,0
35.4134,B,mrac.z.theta_4,0.19749992
35.4134,B,mrac.z.theta_5,0.18317029
35.4134,B,mrac.z.u_nom,0.052240398
35.4134,B,mrac.z.xm,0
35.4134,B,path.active_path_mode,0
35.4134,B,path.circle_theta,0
35.4134,B,path.sinusoid_t_elapsed,0
35.4134,B,path.twc_arrived,0
35.4134,B,path.twc_target_x,0
35.4134,B,path.twc_target_y,0
35.4134,B,path.twc_target_z,0
35.4134,B,pid.gyrox.Des,-14.299484
35.4134,B,pid.gyrox.FB,20.181993
35.4134,B,pid.gyrox.U,-130.53238
35.4134,B,pid.gyroy.Des,-31.617115
35.4134,B,pid.gyroy.FB,34.147861
35.4134,B,pid.gyroy.U,-279.94971
35.4134,B,pid.gyroz.Des,-58.659935
35.4134,B,pid.gyroz.FB,20.519581
35.4134,B,pid.gyroz.U,-250
35.4134,B,pid.locx.Des,0
35.4134,B,pid.locx.FB,-4.4287357
35.4134,B,pid.locx.U,5.6685095
35.4134,B,pid.locxs.Des,5.6685095
35.4134,B,pid.locxs.FB,-1.9867268
35.4134,B,pid.locxs.U,18.953829
35.4134,B,pid.locy.Des,0
35.4134,B,pid.locy.FB,78.022064
35.4134,B,pid.locy.U,-63.945816
35.4134,B,pid.locys.Des,-63.945816
35.4134,B,pid.locys.FB,-14.732716
35.4134,B,pid.locys.U,-151.0108
35.4134,B,pid.pitch.Des,-7.2992387
35.4134,B,pid.pitch.FB,2.753828
35.4134,B,pid.pitch.U,-31.617115
35.4134,B,pid.roll.Des,4.8120332
35.4134,B,pid.roll.FB,10.610002
35.4134,B,pid.roll.U,-14.299484
35.4134,B,pid.yaw.Des,-49.635666
35.4134,B,pid.yaw.FB,-40.046257
35.4134,B,pid.yaw.U,-58.659935
35.4134,B,pid.z_pos.Des,1.2566632
35.4134,B,pid.z_pos.FB,1.2566632
35.4134,B,pid.z_pos.U,-0.088317379
35.4134,B,pid.z_rate.Des,0
35.4134,B,pid.z_rate.FB,-0.057313371
35.4134,B,pid.z_rate.U,11.597368
35.4134,B,status.vbat,0
35.6295,A,mrac.pitch.e,-0.26809058
35.6295,A,mrac.pitch.u_ad,-0.065100171
35.6295,A,mrac.roll.e,0.65627414
35.6295,A,mrac.roll.u_ad,-0.066653229
35.6295,A,mrac.yaw.e,0.65442491
35.6295,A,mrac.yaw.u_ad,-0.095827751
35.6295,A,mrac.z.e,0.43320307
35.6295,A,mrac.z.u_ad,0.065990247
35.6295,A,status.arm,0
35.6295,A,status.flymode,0
35.6295,A,status.rc_authority,0
35.6295,A,status.sbus_lost,0
35.6295,A,status.twc_arrived,0
35.6295,A,status.twc_execute,0
35.6296,B,mrac.pitch.theta_0,0.0023416677
35.6296,B,mrac.pitch.theta_1,0.0012713849
35.6296,B,mrac.pitch.theta_2,0.0032204608
35.6296,B,mrac.pitch.theta_3,0.0046731248
35.6296,B,mrac.pitch.theta_4,0.15642656
35.6296,B,mrac.pitch.theta_5,0.14454143
35.6296,B,mrac.pitch.u_nom,-0.0010549952
35.6296,B,mrac.pitch.xm,-0.56332898
35.6296,B,mrac.roll.theta_0,0.019154131
35.6296,B,mrac.roll.theta_1,0.0085281292
35.6296,B,mrac.roll.theta_2,0.010508709
35.6296,B,mrac.roll.theta_3,0.0083721215
35.6296,B,mrac.roll.theta_4,0.13182627
35.6296,B,mrac.roll.theta_5,0.14600922
35.6296,B,mrac.roll.u_nom,-0.20256974
35.6296,B,mrac.roll.xm,-0.48176357
35.6296,B,mrac.yaw.theta_0,0.0061930306
35.6296,B,mrac.yaw.theta_1,0.016839681
35.6296,B,mrac.yaw.theta_2,0.0013634447
35.6296,B,mrac.yaw.theta_3,0
35.6296,B,mrac.yaw.theta_4,0.11343002
35.6296,B,mrac.yaw.theta_5,0.08828634
35.6296,B,mrac.yaw.u_nom,-0.13354701
35.6296,B,mrac.yaw.xm,-1.0471979
35.6296,B,mrac.z.theta_0,0.15929857
35.6296,B,mrac.z.theta_1,5.3771181e-08
35.6296,B,mrac.z.theta_2,0.0061308686
35.6296,B,mrac.z.theta_3,0
35.6296,B,mrac.z.theta_4,0.19751172
35.6296,B,mrac.z.theta_5,0.18311164
35.6296,B,mrac.z.u_nom,-0.28268811
35.6296,B,mrac.z.xm,0
35.6296,B,path.active_path_mode,0
35.6296,B,path.circle_theta,0
35.6296,B,path.sinusoid_t_elapsed,0
35.6296,B,path.twc_arrived,0
35.6296,B,path.twc_target_x,0
35.6296,B,path.twc_target_y,0
35.6296,B,path.twc_target_z,0
35.6296,B,pid.gyrox.Des,-27.603008
35.6296,B,pid.gyrox.FB,8.666894
35.6296,B,pid.gyrox.U,-237.00659
35.6296,B,pid.gyroy.Des,-32.27636
35.6296,B,pid.gyroy.FB,-18.141171
35.6296,B,pid.gyroy.U,-1.2343445
35.6296,B,pid.gyroz.Des,-60
35.6296,B,pid.gyroz.FB,-10.131207
35.6296,B,pid.gyroz.U,-250
35.6296,B,pid.locx.Des,0
35.6296,B,pid.locx.FB,-4.6522598
35.6296,B,pid.locx.U,5.6513987
35.6296,B,pid.locxs.Des,5.6513987
35.6296,B,pid.locxs.FB,0.051800251
35.6296,B,pid.locxs.U,15.523767
35.6296,B,pid.locy.Des,0
35.6296,B,pid.locy.FB,75.599648
35.6296,B,pid.locy.U,-62.006653
35.6296,B,pid.locys.Des,-62.006653
35.6296,B,pid.locys.FB,-11.401636
35.6296,B,pid.locys.U,-159.77888
35.6296,B,pid.pitch.Des,-7.618504
35.6296,B,pid.pitch.FB,3.3250284
35.6296,B,pid.pitch.U,-32.27636
35.6296,B,pid.roll.Des,5.0297956
35.6296,B,pid.roll.FB,14.126177
35.6296,B,pid.roll.U,-27.603008
35.6296,B,pid.yaw.Des,-49.635666
35.6296,B,pid.yaw.FB,-38.135319
35.6296,B,pid.yaw.U,-70.125565
35.6296,B,pid.z_pos.Des,1.2972916
35.6296,B,pid.z_pos.FB,1.2972916
35.6296,B,pid.z_pos.U,-0.088317379
35.6296,B,pid.z_rate.Des,0
35.6296,B,pid.z_rate.FB,0.12833303
35.6296,B,pid.z_rate.U,-62.75676
35.6296,B,status.vbat,0
35.8470,A,mrac.pitch.e,-0.29517302
35.8470,A,mrac.pitch.u_ad,0.020494238
35.8470,A,mrac.roll.e,0.69029582
35.8470,A,mrac.roll.u_ad,-0.10317481
35.8470,A,mrac.yaw.e,0.012266159
35.8470,A,mrac.yaw.u_ad,-0.043685112
35.8470,A,mrac.z.e,-0.20910423
35.8470,A,mrac.z.u_ad,0.21426414
35.8470,A,status.arm,0
35.8470,A,status.flymode,0
35.8470,A,status.rc_authority,0
35.8470,A,status.sbus_lost,0
35.8470,A,status.twc_arrived,0
35.8470,A,status.twc_execute,0
35.8471,B,mrac.pitch.theta_0,0.028242294
35.8471,B,mrac.pitch.theta_1,0.0011083275
35.8471,B,mrac.pitch.theta_2,0.0034768435
35.8471,B,mrac.pitch.theta_3,0.0046200226
35.8471,B,mrac.pitch.theta_4,0.15646295
35.8471,B,mrac.pitch.theta_5,0.14394869
35.8471,B,mrac.pitch.u_nom,0.076607652
35.8471,B,mrac.pitch.xm,-0.18450812
35.8471,B,mrac.roll.theta_0,0.0018698723
35.8471,B,mrac.roll.theta_1,0.0066777859
35.8471,B,mrac.roll.theta_2,0.010304835
35.8471,B,mrac.roll.theta_3,0.0079591097
35.8471,B,mrac.roll.theta_4,0.13245507
35.8471,B,mrac.roll.theta_5,0.14611758
35.8471,B,mrac.roll.u_nom,-0.17608625
35.8471,B,mrac.roll.xm,-0.55489534
35.8471,B,mrac.yaw.theta_0,0.0012452529
35.8471,B,mrac.yaw.theta_1,0.017882694
35.8471,B,mrac.yaw.theta_2,0.0012733066
35.8471,B,mrac.yaw.theta_3,0
35.8471,B,mrac.yaw.theta_4,0.11342317
35.8471,B,mrac.yaw.theta_5,0.088446394
35.8471,B,mrac.yaw.u_nom,-0.013904269
35.8471,B,mrac.yaw.xm,-0.4329074
35.8471,B,mrac.z.theta_0,0.15455346
35.8471,B,mrac.z.theta_1,5.0082196e-08
35.8471,B,mrac.z.theta_2,0.0060949647
35.8471,B,mrac.z.theta_3,0
35.8471,B,mrac.z.theta_4,0.19748814
35.8471,B,mrac.z.theta_5,0.18302916
35.8471,B,mrac.z.u_nom,0.18716334
35.8471,B,mrac.z.xm,0
35.8471,B,path.active_path_mode,0
35.8471,B,path.circle_theta,0
35.8471,B,path.sinusoid_t_elapsed,0
35.8471,B,path.twc_arrived,0
35.8471,B,path.twc_target_x,0
35.8471,B,path.twc_target_y,0
35.8471,B,path.twc_target_z,0
35.8471,B,pid.gyrox.Des,-31.793148
35.8471,B,pid.gyrox.FB,12.048031
35.8471,B,pid.gyrox.U,-206.0209
35.8471,B,pid.gyroy.Des,-10.571532
35.8471,B,pid.gyroy.FB,-27.671486
35.8471,B,pid.gyroy.U,89.630951
35.8471,B,pid.gyroz.Des,-24.803757
35.8471,B,pid.gyroz.FB,-21.80051
35.8471,B,pid.gyroz.U,-26.028791
35.8471,B,pid.locx.Des,0
35.8471,B,pid.locx.FB,-2.9756875
35.8471,B,pid.locx.U,4.1500902
35.8471,B,pid.locxs.Des,4.1500902
35.8471,B,pid.locxs.FB,4.9578915
35.8471,B,pid.locxs.U,-2.6689281
35.8471,B,pid.locy.Des,0
35.8471,B,pid.locy.FB,74.078812
35.8471,B,pid.locy.U,-61.086617
35.8471,B,pid.locys.Des,-61.086617
35.8471,B,pid.locys.FB,-0.64754176
35.8471,B,pid.locys.U,-181.12628
35.8471,B,pid.pitch.Des,-6.8879695
35.8471,B,pid.pitch.FB,-3.0644441
35.8471,B,pid.pitch.U,-10.571532
35.8471,B,pid.roll.Des,7.6249218
35.8471,B,pid.roll.FB,18.078737
35.8471,B,pid.roll.U,-31.793148
35.8471,B,pid.yaw.Des,-49.635666
35.8471,B,pid.yaw.FB,-45.688953
35.8471,B,pid.yaw.U,-24.803757
35.8471,B,pid.z_pos.Des,1.3005021
35.8471,B,pid.z_pos.FB,1.3005021
35.8471,B,pid.z_pos.U,-0.088317379
35.8471,B,pid.z_rate.Des,0
35.8471,B,pid.z_rate.FB,-0.13155779
35.8471,B,pid.z_rate.U,41.550262
35.8471,B,status.vbat,0
36.0483,A,mrac.pitch.e,0.15549074
36.0483,A,mrac.pitch.u_ad,0.024526574
36.0483,A,mrac.roll.e,-0.21528468
36.0483,A,mrac.roll.u_ad,-0.037510376
36.0483,A,mrac.yaw.e,0.047968332
36.0483,A,mrac.yaw.u_ad,-0.0058875466
36.0483,A,mrac.z.e,0.31462809
36.0483,A,mrac.z.u_ad,-0.0062422343
36.0483,A,status.arm,0
36.0483,A,status.flymode,0
36.0483,A,status.rc_authority,0
36.0483,A,status.sbus_lost,0
36.0483,A,status.twc_arrived,0
36.0483,A,status.twc_execute,0
36.0484,B,mrac.pitch.theta_0,0.046533741
36.0484,B,mrac.pitch.theta_1,0.0010106667
36.0484,B,mrac.pitch.theta_2,0.0035719124
36.0484,B,mrac.pitch.theta_3,0.004618248
36.0484,B,mrac.pitch.theta_4,0.15648952
36.0484,B,mrac.pitch.theta_5,0.14375462
36.0484,B,mrac.pitch.u_nom,-0.069935933
36.0484,B,mrac.pitch.xm,-0.18256848
36.0484,B,mrac.roll.theta_0,0.0023002478
36.0484,B,mrac.roll.theta_1,0.0066150203
36.0484,B,mrac.roll.theta_2,0.010280997
36.0484,B,mrac.roll.theta_3,0.0078773126
36.0484,B,mrac.roll.theta_4,0.13262735
36.0484,B,mrac.roll.theta_5,0.14613418
36.0484,B,mrac.roll.u_nom,0.045886092
36.0484,B,mrac.roll.xm,-0.44688934
36.0484,B,mrac.yaw.theta_0,0.0035255426
36.0484,B,mrac.yaw.theta_1,0.017832521
36.0484,B,mrac.yaw.theta_2,0.0012815215
36.0484,B,mrac.yaw.theta_3,0
36.0484,B,mrac.yaw.theta_4,0.1134138
36.0484,B,mrac.yaw.theta_5,0.088406511
36.0484,B,mrac.yaw.u_nom,0.036312498
36.0484,B,mrac.yaw.xm,-0.1132579
36.0484,B,mrac.z.theta_0,0.18180086
36.0484,B,mrac.z.theta_1,4.245339e-08
36.0484,B,mrac.z.theta_2,0.0063814037
36.0484,B,mrac.z.theta_3,0
36.0484,B,mrac.z.theta_4,0.19755273
36.0484,B,mrac.z.theta_5,0.18297234
36.0484,B,mrac.z.u_nom,-1.3513514
36.0484,B,mrac.z.xm,0
36.0484,B,path.active_path_mode,0
36.0484,B,path.circle_theta,0
36.0484,B,path.sinusoid_t_elapsed,0
36.0484,B,path.twc_arrived,0
36.0484,B,path.twc_target_x,0
36.0484,B,path.twc_target_y,0
36.0484,B,path.twc_target_z,0
36.0484,B,pid.gyrox.Des,-25.604862
36.0484,B,pid.gyrox.FB,-33.538273
36.0484,B,pid.gyrox.U,53.686729
36.0484,B,pid.gyroy.Des,-10.460399
36.0484,B,pid.gyroy.FB,-3.6873138
36.0484,B,pid.gyroy.U,-81.825043
36.0484,B,pid.gyroz.Des,-6.4891968
36.0484,B,pid.gyroz.FB,-15.225981
36.0484,B,pid.gyroz.U,67.976997
36.0484,B,pid.locx.Des,0
36.0484,B,pid.locx.FB,-2.085187
36.0484,B,pid.locx.U,3.4763408
36.0484,B,pid.locxs.Des,3.4763408
36.0484,B,pid.locxs.FB,2.0685003
36.0484,B,pid.locxs.U,8.5405531
36.0484,B,pid.locy.Des,0
36.0484,B,pid.locy.FB,73.597946
36.0484,B,pid.locy.U,-60.976318
36.0484,B,pid.locys.Des,-60.976318
36.0484,B,pid.locys.FB,0.84929776
36.0484,B,pid.locys.U,-189.92653
36.0484,B,pid.pitch.Des,-7.2975569
36.0484,B,pid.pitch.FB,-5.1821308
36.0484,B,pid.pitch.U,-10.460399
36.0484,B,pid.roll.Des,7.9480433
36.0484,B,pid.roll.FB,16.996334
36.0484,B,pid.roll.U,-25.604862
36.0484,B,pid.yaw.Des,-49.635666
36.0484,B,pid.yaw.FB,-48.887466
36.0484,B,pid.yaw.U,-6.4891968
36.0484,B,pid.z_pos.Des,1.2952839
36.0484,B,pid.z_pos.FB,1.2952839
36.0484,B,pid.z_pos.U,-0.088317379
36.0484,B,pid.z_rate.Des,0
36.0484,B,pid.z_rate.FB,1.1316283
36.0484,B,pid.z_rate.U,-300
36.0484,B,status.vbat,0
36.2638,A,mrac.pitch.e,-0.025982687
36.2638,A,mrac.pitch.u_ad,0.042362489
36.2638,A,mrac.roll.e,-0.092576832
36.2638,A,mrac.roll.u_ad,-0.0037805149
36.2638,A,mrac.yaw.e,0.015142614
36.2638,A,mrac.yaw.u_ad,0.01068502
36.2638,A,mrac.z.e,-0.31534269
36.2638,A,mrac.z.u_ad,0.29499152
36.2638,A,status.arm,0
36.2638,A,status.flymode,0
36.2638,A,status.rc_authority,0
36.2638,A,status.sbus_lost,0
36.2638,A,status.twc_arrived,0
36.2638,A,status.twc_execute,0
36.2638,B,mrac.pitch.theta_0,0.044429529
36.2638,B,mrac.pitch.theta_1,0.0010083453
36.2638,B,mrac.pitch.theta_2,0.0035729473
36.2638,B,mrac.pitch.theta_3,0.0046134195
36.2638,B,mrac.pitch.theta_4,0.15649109
36.2638,B,mrac.pitch.theta_5,0.14372818
36.2638,B,mrac.pitch.u_nom,0.0037863576
36.2638,B,mrac.pitch.xm,0.0030877036
36.2638,B,mrac.roll.theta_0,0.018862363
36.2638,B,mrac.roll.theta_1,0.0059777359
36.2638,B,mrac.roll.theta_2,0.0103956
36.2638,B,mrac.roll.theta_3,0.0078755077
36.2638,B,mrac.roll.theta_4,0.13264747
36.2638,B,mrac.roll.theta_5,0.14576411
36.2638,B,mrac.roll.u_nom,0.034507647
36.2638,B,mrac.roll.xm,-0.12597027
36.2638,B,mrac.yaw.theta_0,0.01010717
36.2638,B,mrac.yaw.theta_1,0.017724782
36.2638,B,mrac.yaw.theta_2,0.0012902856
36.2638,B,mrac.yaw.theta_3,0
36.2638,B,mrac.yaw.theta_4,0.11339312
36.2638,B,mrac.yaw.theta_5,0.088360466
36.2638,B,mrac.yaw.u_nom,-0.010111993
36.2638,B,mrac.yaw.xm,0.019374661
36.2638,B,mrac.z.theta_0,0.19616671
36.2638,B,mrac.z.theta_1,3.34608e-08
36.2638,B,mrac.z.theta_2,0.0064256736
36.2638,B,mrac.z.theta_3,0
36.2638,B,mrac.z.theta_4,0.1976469
36.2638,B,mrac.z.theta_5,0.1828807
36.2638,B,mrac.z.u_nom,0.81912798
36.2638,B,mrac.z.xm,0
36.2638,B,path.active_path_mode,0
36.2638,B,path.circle_theta,0
36.2638,B,path.sinusoid_t_elapsed,0
36.2638,B,path.twc_arrived,0
36.2638,B,path.twc_target_x,0
36.2638,B,path.twc_target_y,0
36.2638,B,path.twc_target_z,0
36.2638,B,pid.gyrox.Des,-7.2175617
36.2638,B,pid.gyrox.FB,-10.725682
36.2638,B,pid.gyrox.U,40.373947
36.2638,B,pid.gyroy.Des,0.17691231
36.2638,B,pid.gyroy.FB,-3.5084434
36.2638,B,pid.gyroy.U,4.4300385
36.2638,B,pid.gyroz.Des,1.1100858
36.2638,B,pid.gyroz.FB,3.2518411
36.2638,B,pid.gyroz.U,-18.929651
36.2638,B,pid.locx.Des,0
36.2638,B,pid.locx.FB,-0.39734736
36.2638,B,pid.locx.U,2.0417066
36.2638,B,pid.locxs.Des,2.0417066
36.2638,B,pid.locxs.FB,7.7961493
36.2638,B,pid.locxs.U,-17.496517
36.2638,B,pid.locy.Des,0
36.2638,B,pid.locy.FB,73.679993
36.2638,B,pid.locy.U,-60.71307
36.2638,B,pid.locys.Des,-60.71307
36.2638,B,pid.locys.FB,-7.8243241
36.2638,B,pid.locys.U,-158.27576
36.2638,B,pid.pitch.Des,-5.0383463
36.2638,B,pid.pitch.FB,-5.0017691
36.2638,B,pid.pitch.U,0.17691231
36.2638,B,pid.roll.Des,7.6734352
36.2638,B,pid.roll.FB,11.156942
36.2638,B,pid.roll.U,-7.2175617
36.2638,B,pid.yaw.Des,-49.635666
36.2638,B,pid.yaw.FB,-50.091125
36.2638,B,pid.yaw.U,1.1100858
36.2638,B,pid.z_pos.Des,1.221706
36.2638,B,pid.z_pos.FB,1.221706
36.2638,B,pid.z_pos.U,-0.088317379
36.2638,B,pid.z_rate.Des,0
36.2638,B,pid.z_rate.FB,-0.4820264
36.2638,B,pid.z_rate.U,181.84641
36.2638,B,status.vbat,0
36.4812,A,mrac.pitch.e,-0.82788515
36.4812,A,mrac.pitch.u_ad,0.13160262
36.4812,A,mrac.roll.e,0.83533168
36.4812,A,mrac.roll.u_ad,-0.052106526
36.4812,A,mrac.yaw.e,-0.18791413
36.4812,A,mrac.yaw.u_ad,0.018619819
36.4812,A,mrac.z.e,0.36052403
36.4812,A,mrac.z.u_ad,0.14409377
36.4812,A,status.arm,0
36.4812,A,status.flymode,0
36.4812,A,status.rc_authority,0
36.4812,A,status.sbus_lost,0
36.4812,A,status.twc_arrived,0
36.4812,A,status.twc_execute,0
36.4813,B,mrac.pitch.theta_0,0.059674583
36.4813,B,mrac.pitch.theta_1,0.000921058
36.4813,B,mrac.pitch.theta_2,0.0036770403
36.4813,B,mrac.pitch.theta_3,0.0046119825
36.4813,B,mrac.pitch.theta_4,0.1565828
36.4813,B,mrac.pitch.theta_5,0.14368345
36.4813,B,mrac.pitch.u_nom,0.21025527
36.4813,B,mrac.pitch.xm,0.075327799
36.4813,B,mrac.roll.theta_0,0.011842004
36.4813,B,mrac.roll.theta_1,0.0057150028
36.4813,B,mrac.roll.theta_2,0.010356536
36.4813,B,mrac.roll.theta_3,0.0078702318
36.4813,B,mrac.roll.theta_4,0.13271959
36.4813,B,mrac.roll.theta_5,0.14573826
36.4813,B,mrac.roll.u_nom,-0.17864577
36.4813,B,mrac.roll.xm,-0.1845772
36.4813,B,mrac.yaw.theta_0,0.010535681
36.4813,B,mrac.yaw.theta_1,0.017706878
36.4813,B,mrac.yaw.theta_2,0.001290225
36.4813,B,mrac.yaw.theta_3,0
36.4813,B,mrac.yaw.theta_4,0.11338429
36.4813,B,mrac.yaw.theta_5,0.088351987
36.4813,B,mrac.yaw.u_nom,0.0019514953
36.4813,B,mrac.yaw.xm,0.041795857
36.4813,B,mrac.z.theta_0,0.21754818
36.4813,B,mrac.z.theta_1,3.1431597e-08
36.4813,B,mrac.z.theta_2,0.0064907353
36.4813,B,mrac.z.theta_3,0
36.4813,B,mrac.z.theta_4,0.19762941
36.4813,B,mrac.z.theta_5,0.18282205
36.4813,B,mrac.z.u_nom,0.11942821
36.4813,B,mrac.z.xm,0
36.4813,B,path.active_path_mode,0
36.4813,B,path.circle_theta,0
36.4813,B,path.sinusoid_t_elapsed,0
36.4813,B,path.twc_arrived,0
36.4813,B,path.twc_target_x,0
36.4813,B,path.twc_target_y,0
36.4813,B,path.twc_target_z,0
36.4813,B,pid.gyrox.Des,-10.57549
36.4813,B,pid.gyrox.FB,27.477703
36.4813,B,pid.gyrox.U,-209.01556
36.4813,B,pid.gyroy.Des,4.3159633
36.4813,B,pid.gyroy.FB,-41.356483
36.4813,B,pid.gyroy.U,245.99866
36.4813,B,pid.gyroz.Des,2.3947253
36.4813,B,pid.gyroz.FB,1.7085783
36.4813,B,pid.gyroz.U,3.6531992
36.4813,B,pid.locx.Des,0
36.4813,B,pid.locx.FB,0.41012925
36.4813,B,pid.locx.U,1.5297632
36.4813,B,pid.locxs.Des,1.5297632
36.4813,B,pid.locxs.FB,3.3319292
36.4813,B,pid.locxs.U,-5.622366
36.4813,B,pid.locy.Des,0
36.4813,B,pid.locy.FB,72.799034
36.4813,B,pid.locy.U,-60.096283
36.4813,B,pid.locys.Des,-60.096283
36.4813,B,pid.locys.FB,-5.3757095
36.4813,B,pid.locys.U,-163.99521
36.4813,B,pid.pitch.Des,-5.7560143
36.4813,B,pid.pitch.FB,-6.6922617
36.4813,B,pid.pitch.U,4.3159633
36.4813,B,pid.roll.Des,7.4798622
36.4813,B,pid.roll.FB,10.686534
36.4813,B,pid.roll.U,-10.57549
36.4813,B,pid.yaw.Des,-49.635666
36.4813,B,pid.yaw.FB,-50.226116
36.4813,B,pid.yaw.U,2.3947253
36.4813,B,pid.z_pos.Des,1.2101916
36.4813,B,pid.z_pos.FB,1.2101916
36.4813,B,pid.z_pos.U,-0.088317379
36.4813,B,pid.z_rate.Des,0
36.4813,B,pid.z_rate.FB,-0.092422649
36.4813,B,pid.z_rate.U,26.513063
36.4813,B,status.vbat,0
36.6814,A,mrac.pitch.e,0.11325523
36.6814,A,mrac.pitch.u_ad,0.090265982
36.6814,A,mrac.roll.e,0.49928433
36.6814,A,mrac.roll.u_ad,-0.052639466
36.6814,A,mrac.yaw.e,-0.020269245
36.6814,A,mrac.yaw.u_ad,0.048573144
36.6814,A,mrac.z.e,-0.077984422
36.6814,A,mrac.z.u_ad,0.19212116
36.6814,A,status.arm,0
36.6814,A,status.flymode,0
36.6814,A,status.rc_authority,0
36.6814,A,status.sbus_lost,0
36.6814,A,status.twc_arrived,0
36.6814,A,status.twc_execute,0
36.6815,B,mrac.pitch.theta_0,0.078547254
36.6815,B,mrac.pitch.theta_1,0.0007091969
36.6815,B,mrac.pitch.theta_2,0.0039624306
36.6815,B,mrac.pitch.theta_3,0.0046154065
36.6815,B,mrac.pitch.theta_4,0.15686332
36.6815,B,mrac.pitch.theta_5,0.14351089
36.6815,B,mrac.pitch.u_nom,-0.082491271
36.6815,B,mrac.pitch.xm,0.1367131
36.6815,B,mrac.roll.theta_0,0.0024829528
36.6815,B,mrac.roll.theta_1,0.0048108902
36.6815,B,mrac.roll.theta_2,0.010086937
36.6815,B,mrac.roll.theta_3,0.0078825736
36.6815,B,mrac.roll.theta_4,0.13305326
36.6815,B,mrac.roll.theta_5,0.14576529
36.6815,B,mrac.roll.u_nom,-0.035898194
36.6815,B,mrac.roll.xm,-0.30652034
36.6815,B,mrac.yaw.theta_0,0.03105969
36.6815,B,mrac.yaw.theta_1,0.017553767
36.6815,B,mrac.yaw.theta_2,0.0013003218
36.6815,B,mrac.yaw.theta_3,0
36.6815,B,mrac.yaw.theta_4,0.11336941
36.6815,B,mrac.yaw.theta_5,0.088346958
36.6815,B,mrac.yaw.u_nom,0.035928234
36.6815,B,mrac.yaw.xm,0.17173515
36.6815,B,mrac.z.theta_0,0.19082075
36.6815,B,mrac.z.theta_1,2.8681647e-08
36.6815,B,mrac.z.theta_2,0.0064183907
36.6815,B,mrac.z.theta_3,0
36.6815,B,mrac.z.theta_4,0.19764048
36.6815,B,mrac.z.theta_5,0.18275423
36.6815,B,mrac.z.u_nom,-0.09140262
36.6815,B,mrac.z.xm,0
36.6815,B,path.active_path_mode,0
36.6815,B,path.circle_theta,0
36.6815,B,path.sinusoid_t_elapsed,0
36.6815,B,path.twc_arrived,0
36.6815,B,path.twc_target_x,0
36.6815,B,path.twc_target_y,0
36.6815,B,path.twc_target_z,0
36.6815,B,pid.gyrox.Des,-17.562315
36.6815,B,pid.gyrox.FB,-4.8746295
36.6815,B,pid.gyrox.U,-42.000885
36.6815,B,pid.gyroy.Des,7.8330803
36.6815,B,pid.gyroy.FB,19.040106
36.6815,B,pid.gyroy.U,-96.514786
36.6815,B,pid.gyroz.Des,9.839695
36.6815,B,pid.gyroz.FB,1.270367
36.6815,B,pid.gyroz.U,67.257652
36.6815,B,pid.locx.Des,0
36.6815,B,pid.locx.FB,0.81815469
36.6815,B,pid.locx.U,1.17434
36.6815,B,pid.locxs.Des,1.17434
36.6815,B,pid.locxs.FB,0.73963523
36.6815,B,pid.locxs.U,1.3852522
36.6815,B,pid.locy.Des,0
36.6815,B,pid.locy.FB,71.218552
36.6815,B,pid.locy.U,-58.918835
36.6815,B,pid.locys.Des,-58.918835
36.6815,B,pid.locys.FB,-7.0322781
36.6815,B,pid.locys.U,-155.74866
36.6815,B,pid.pitch.Des,-5.6255889
36.6815,B,pid.pitch.FB,-8.5020094
36.6815,B,pid.pitch.U,7.8330803
36.6815,B,pid.roll.Des,6.9104109
36.6815,B,pid.roll.FB,12.863072
36.6815,B,pid.roll.U,-17.562315
36.6815,B,pid.yaw.Des,-49.635666
36.6815,B,pid.yaw.FB,-51.004173
36.6815,B,pid.yaw.U,9.839695
36.6815,B,pid.z_pos.Des,1.2534487
36.6815,B,pid.z_pos.FB,1.2534487
36.6815,B,pid.z_pos.U,-0.088317379
36.6815,B,pid.z_rate.Des,0
36.6815,B,pid.z_rate.FB,0.024106339
36.6815,B,pid.z_rate.U,-20.291382
36.6815,B,status.vbat,0
36.8972,A,mrac.pitch.e,0.27882305
36.8972,A,mrac.pitch.u_ad,0.016881086
36.8972,A,mrac.roll.e,0.44482628
36.8972,A,mrac.roll.u_ad,-0.078215107
36.8972,A,mrac.yaw.e,0.30146903
36.8972,A,mrac.yaw.u_ad,0.0066704089
36.8972,A,mrac.z.e,-0.25858593
36.8972,A,mrac.z.u_ad,0.2708627
36.8972,A,status.arm,0
36.8972,A,status.flymode,0
36.8972,A,status.rc_authority,0
36.8972,A,status.sbus_lost,0
36.8972,A,status.twc_arrived,0
36.8972,A,status.twc_execute,0
36.8972,B,mrac.pitch.theta_0,0.04908077
36.8972,B,mrac.pitch.theta_1,0.00060019427
36.8972,B,mrac.pitch.theta_2,0.0038249805
36.8972,B,mrac.pitch.theta_3,0.0046047447
36.8972,B,mrac.pitch.theta_4,0.15701236
36.8972,B,mrac.pitch.theta_5,0.14338025
36.8972,B,mrac.pitch.u_nom,-0.1105805
36.8972,B,mrac.pitch.xm,-0.054935154
36.8972,B,mrac.roll.theta_0,0.00058103917
36.8972,B,mrac.roll.theta_1,0.004444222
36.8972,B,mrac.roll.theta_2,0.010050258
36.8972,B,mrac.roll.theta_3,0.0078071859
36.8972,B,mrac.roll.theta_4,0.13330945
36.8972,B,mrac.roll.theta_5,0.1458199
36.8972,B,mrac.roll.u_nom,-0.12391677
36.8972,B,mrac.roll.xm,-0.41760528
36.8972,B,mrac.yaw.theta_0,0.022342103
36.8972,B,mrac.yaw.theta_1,0.017364524
36.8972,B,mrac.yaw.theta_2,0.0012918159
36.8972,B,mrac.yaw.theta_3,0
36.8972,B,mrac.yaw.theta_4,0.11335636
36.8972,B,mrac.yaw.theta_5,0.088304549
36.8972,B,mrac.yaw.u_nom,-0.054510608
36.8972,B,mrac.yaw.xm,-0.08114326
36.8972,B,mrac.z.theta_0,0.19296966
36.8972,B,mrac.z.theta_1,2.8278508e-08
36.8972,B,mrac.z.theta_2,0.0064191697
36.8972,B,mrac.z.theta_3,0
36.8972,B,mrac.z.theta_4,0.19760394
36.8972,B,mrac.z.theta_5,0.18271025
36.8972,B,mrac.z.u_nom,-0.03118168
36.8972,B,mrac.z.xm,0
36.8972,B,path.active_path_mode,0
36.8972,B,path.circle_theta,0
36.8972,B,path.sinusoid_t_elapsed,0
36.8972,B,path.twc_arrived,0
36.8972,B,path.twc_target_x,0
36.8972,B,path.twc_target_y,0
36.8972,B,path.twc_target_z,0
36.8972,B,pid.gyrox.Des,-23.92701
36.8972,B,pid.gyrox.FB,12.607475
36.8972,B,pid.gyrox.U,-144.98262
36.8972,B,pid.gyroy.Des,-3.1475511
36.8972,B,pid.gyroy.FB,24.67836
36.8972,B,pid.gyroy.U,-129.37918
36.8972,B,pid.gyroz.Des,-4.6491642
36.8972,B,pid.gyroz.FB,7.9074779
36.8972,B,pid.gyroz.U,-102.04386
36.8972,B,pid.locx.Des,0
36.8972,B,pid.locx.FB,0.47335222
36.8972,B,pid.locx.U,1.4375118
36.8972,B,pid.locxs.Des,1.4375118
36.8972,B,pid.locxs.FB,-2.293155
36.8972,B,pid.locxs.U,15.485181
36.8972,B,pid.locy.Des,0
36.8972,B,pid.locy.FB,70.816086
36.8972,B,pid.locy.U,-58.478584
36.8972,B,pid.locys.Des,-58.478584
36.8972,B,pid.locys.FB,-8.6453133
36.8972,B,pid.locys.U,-144.6861
36.8972,B,pid.pitch.Des,-6.0741506
36.8972,B,pid.pitch.FB,-5.3820734
36.8972,B,pid.pitch.U,-3.1475511
36.8972,B,pid.roll.Des,5.6962481
36.8972,B,pid.roll.FB,13.528817
36.8972,B,pid.roll.U,-23.92701
36.8972,B,pid.yaw.Des,-49.635666
36.8972,B,pid.yaw.FB,-48.579464
36.8972,B,pid.yaw.U,-4.6491642
36.8972,B,pid.z_pos.Des,1.2486762
36.8972,B,pid.z_pos.FB,1.2486762
36.8972,B,pid.z_pos.U,-0.088317379
36.8972,B,pid.z_rate.Des,0
36.8972,B,pid.z_rate.FB,-0.0084946342
36.8972,B,pid.z_rate.U,-6.9223328
36.8972,B,status.vbat,0
37.1145,A,mrac.pitch.e,0.14257318
37.1145,A,mrac.pitch.u_ad,-0.019468777
37.1145,A,mrac.roll.e,0.5753749
37.1145,A,mrac.roll.u_ad,-0.087657399
37.1145,A,mrac.yaw.e,-0.096123993
37.1145,A,mrac.yaw.u_ad,-0.010500547
37.1145,A,mrac.z.e,0.078330129
37.1145,A,mrac.z.u_ad,0.15889879
37.1145,A,status.arm,0
37.1145,A,status.flymode,0
37.1145,A,status.rc_authority,0
37.1145,A,status.sbus_lost,0
37.1145,A,status.twc_arrived,0
37.1145,A,status.twc_execute,0
37.1146,B,mrac.pitch.theta_0,0.013621214
37.1146,B,mrac.pitch.theta_1,0.00054758193
37.1146,B,mrac.pitch.theta_2,0.0037876023
37.1146,B,mrac.pitch.theta_3,0.0046079205
37.1146,B,mrac.pitch.theta_4,0.15712883
37.1146,B,mrac.pitch.theta_5,0.14336881
37.1146,B,mrac.pitch.u_nom,-0.05608533
37.1146,B,mrac.pitch.xm,-0.15853047
37.1146,B,mrac.roll.theta_0,5.4980919e-05
37.1146,B,mrac.roll.theta_1,0.0038804417
37.1146,B,mrac.roll.theta_2,0.0099856155
37.1146,B,mrac.roll.theta_3,0.0077990717
37.1146,B,mrac.roll.theta_4,0.1338076
37.1146,B,mrac.roll.theta_5,0.14595956
37.1146,B,mrac.roll.u_nom,-0.12046698
37.1146,B,mrac.roll.xm,-0.48980516
37.1146,B,mrac.yaw.theta_0,0.0073548453
37.1146,B,mrac.yaw.theta_1,0.017306142
37.1146,B,mrac.yaw.theta_2,0.0012879393
37.1146,B,mrac.yaw.theta_3,0
37.1146,B,mrac.yaw.theta_4,0.11333106
37.1146,B,mrac.yaw.theta_5,0.08829587
37.1146,B,mrac.yaw.u_nom,-0.021826781
37.1146,B,mrac.yaw.xm,-0.18852533
37.1146,B,mrac.z.theta_0,0.20855771
37.1146,B,mrac.z.theta_1,2.6033304e-08
37.1146,B,mrac.z.theta_2,0.0064901584
37.1146,B,mrac.z.theta_3,0
37.1146,B,mrac.z.theta_4,0.19758056
37.1146,B,mrac.z.theta_5,0.18262777
37.1146,B,mrac.z.u_nom,-0.14629804
37.1146,B,mrac.z.xm,0
37.1146,B,path.active_path_mode,0
37.1146,B,path.circle_theta,0
37.1146,B,path.sinusoid_t_elapsed,0
37.1146,B,path.twc_arrived,0
37.1146,B,path.twc_target_x,0
37.1146,B,path.twc_target_y,0
37.1146,B,path.twc_target_z,0
37.1146,B,pid.gyrox.Des,-28.063757
37.1146,B,pid.gyrox.FB,3.7671435
37.1146,B,pid.gyrox.U,-140.94637
37.1146,B,pid.gyroy.Des,-9.0831232
37.1146,B,pid.gyroy.FB,2.9071524
37.1146,B,pid.gyroy.U,-65.619835
37.1146,B,pid.gyroz.Des,-10.801702
37.1146,B,pid.gyroz.FB,-5.9464121
37.1146,B,pid.gyroz.U,-40.859734
37.1146,B,pid.locx.Des,0
37.1146,B,pid.locx.FB,-0.35647941
37.1146,B,pid.locx.U,2.0024886
37.1146,B,pid.locxs.Des,2.0024886
37.1146,B,pid.locxs.FB,-1.1816299
37.1146,B,pid.locxs.U,9.5327358
37.1146,B,pid.locy.Des,0
37.1146,B,pid.locy.FB,69.254036
37.1146,B,pid.locy.U,-57.298836
37.1146,B,pid.locys.Des,-57.298836
37.1146,B,pid.locys.FB,-4.3132067
37.1146,B,pid.locys.U,-158.90115
37.1146,B,pid.pitch.Des,-6.3373895
37.1146,B,pid.pitch.FB,-3.3554575
37.1146,B,pid.pitch.U,-9.0831232
37.1146,B,pid.roll.Des,6.5005488
37.1146,B,pid.roll.FB,15.79294
37.1146,B,pid.roll.U,-28.063757
37.1146,B,pid.yaw.Des,-49.635666
37.1146,B,pid.yaw.FB,-48.114349
37.1146,B,pid.yaw.U,-10.801702
37.1146,B,pid.z_pos.Des,1.2295705
37.1146,B,pid.z_pos.FB,1.2295705
37.1146,B,pid.z_pos.U,-0.088317379
37.1146,B,pid.z_rate.Des,0
37.1146,B,pid.z_rate.FB,0.055255331
37.1146,B,pid.z_rate.U,-32.478165
37.1146,B,status.vbat,0
37.3153,A,mrac.pitch.e,-0.25272158
37.3153,A,mrac.pitch.u_ad,0.015142683
37.3153,A,mrac.roll.e,0.60335577
37.3153,A,mrac.roll.u_ad,-0.092563152
37.3153,A,mrac.yaw.e,-0.34595838
37.3153,A,mrac.yaw.u_ad,0.035791036
37.3153,A,mrac.z.e,-0.10777727
37.3153,A,mrac.z.u_ad,0.16203111
37.3153,A,status.arm,0
37.3153,A,status.flymode,0
37.3153,A,status.rc_authority,0
37.3153,A,status.sbus_lost,0
37.3153,A,status.twc_arrived,0
37.3153,A,status.twc_execute,0
37.3154,B,mrac.pitch.theta_0,0.011968196
37.3154,B,mrac.pitch.theta_1,0.00057033752
37.3154,B,mrac.pitch.theta_2,0.0037890174
37.3154,B,mrac.pitch.theta_3,0.0046121026
37.3154,B,mrac.pitch.theta_4,0.1571302
37.3154,B,mrac.pitch.theta_5,0.14335032
37.3154,B,mrac.pitch.u_nom,0.0059119598
37.3154,B,mrac.pitch.xm,-0.123007
37.3154,B,mrac.roll.theta_0,1.1565891e-05
37.3154,B,mrac.roll.theta_1,0.003593019
37.3154,B,mrac.roll.theta_2,0.0099549973
37.3154,B,mrac.roll.theta_3,0.0077678952
37.3154,B,mrac.roll.theta_4,0.13414602
37.3154,B,mrac.roll.theta_5,0.14605825
37.3154,B,mrac.roll.u_nom,-0.10809088
37.3154,B,mrac.roll.xm,-0.51161057
37.3154,B,mrac.yaw.theta_0,0.019502845
37.3154,B,mrac.yaw.theta_1,0.016995363
37.3154,B,mrac.yaw.theta_2,0.0013260194
37.3154,B,mrac.yaw.theta_3,0
37.3154,B,mrac.yaw.theta_4,0.11331734
37.3154,B,mrac.yaw.theta_5,0.088216312
37.3154,B,mrac.yaw.u_nom,0.068822183
37.3154,B,mrac.yaw.xm,0.057816163
37.3154,B,mrac.z.theta_0,0.1840822
37.3154,B,mrac.z.theta_1,2.4364295e-08
37.3154,B,mrac.z.theta_2,0.0064480258
37.3154,B,mrac.z.theta_3,0
37.3154,B,mrac.z.theta_4,0.1975794
37.3154,B,mrac.z.theta_5,0.18256728
37.3154,B,mrac.z.u_nom,-0.45539567
37.3154,B,mrac.z.xm,0
37.3154,B,path.active_path_mode,0
37.3154,B,path.circle_theta,0
37.3154,B,path.sinusoid_t_elapsed,0
37.3154,B,path.twc_arrived,0
37.3154,B,path.twc_target_x,0
37.3154,B,path.twc_target_y,0
37.3154,B,path.twc_target_z,0
37.3154,B,pid.gyrox.Des,-29.313114
37.3154,B,pid.gyrox.FB,1.6391941
37.3154,B,pid.gyrox.U,-126.46634
37.3154,B,pid.gyroy.Des,-7.0477791
37.3154,B,pid.gyroy.FB,-11.303117
37.3154,B,pid.gyroy.U,6.9169931
37.3154,B,pid.gyroz.Des,3.3126206
37.3154,B,pid.gyroz.FB,-12.999707
37.3154,B,pid.gyroz.U,128.83513
37.3154,B,pid.locx.Des,0
37.3154,B,pid.locx.FB,-0.2280077
37.3154,B,pid.locx.U,1.8189046
37.3154,B,pid.locxs.Des,1.8189046
37.3154,B,pid.locxs.FB,1.5429823
37.3154,B,pid.locxs.U,0.70855308
37.3154,B,pid.locy.Des,0
37.3154,B,pid.locy.FB,68.99968
37.3154,B,pid.locy.U,-57.123329
37.3154,B,pid.locys.Des,-57.123329
37.3154,B,pid.locys.FB,-1.27248
37.3154,B,pid.locys.U,-167.48721
37.3154,B,pid.pitch.Des,-5.9567027
37.3154,B,pid.pitch.FB,-3.5003974
37.3154,B,pid.pitch.U,-7.0477791
37.3154,B,pid.roll.Des,7.466516
37.3154,B,pid.roll.FB,17.192556
37.3154,B,pid.roll.U,-29.313114
37.3154,B,pid.yaw.Des,-49.635666
37.3154,B,pid.yaw.FB,-50.488026
37.3154,B,pid.yaw.U,3.3126206
37.3154,B,pid.z_pos.Des,1.268201
37.3154,B,pid.z_pos.FB,1.268201
37.3154,B,pid.z_pos.U,-0.088317379
37.3154,B,pid.z_rate.Des,0
37.3154,B,pid.z_rate.FB,0.2263934
37.3154,B,pid.z_rate.U,-101.09784
37.3154,B,status.vbat,0
37.5315,A,mrac.pitch.e,0.16263784
37.5315,A,mrac.pitch.u_ad,0.018568983
37.5315,A,mrac.roll.e,0.3896268
37.5315,A,mrac.roll.u_ad,-0.077635534
37.5315,A,mrac.yaw.e,-0.50217003
37.5315,A,mrac.yaw.u_ad,0.088727765
37.5315,A,mrac.z.e,-0.08642929
37.5315,A,mrac.z.u_ad,0.14789799
37.5315,A,status.arm,0
37.5315,A,status.flymode,0
37.5315,A,status.rc_authority,0
37.5315,A,status.sbus_lost,0
37.5315,A,status.twc_arrived,0
37.5315,A,status.twc_execute,0
37.5315,B,mrac.pitch.theta_0,0.029862324
37.5315,B,mrac.pitch.theta_1,0.00052269024
37.5315,B,mrac.pitch.theta_2,0.0038472568
37.5315,B,mrac.pitch.theta_3,0.0046097455
37.5315,B,mrac.pitch.theta_4,0.15715387
37.5315,B,mrac.pitch.theta_5,0.14322948
37.5315,B,mrac.pitch.u_nom,-0.023421137
37.5315,B,mrac.pitch.xm,-0.0051213023
37.5315,B,mrac.roll.theta_0,1.9967802e-06
37.5315,B,mrac.roll.theta_1,0.0039231749
37.5315,B,mrac.roll.theta_2,0.0099117029
37.5315,B,mrac.roll.theta_3,0.0077251587
37.5315,B,mrac.roll.theta_4,0.13443297
37.5315,B,mrac.roll.theta_5,0.1461727
37.5315,B,mrac.roll.u_nom,-0.17322852
37.5315,B,mrac.roll.xm,-0.55704075
37.5315,B,mrac.yaw.theta_0,0.05441431
37.5315,B,mrac.yaw.theta_1,0.016529834
37.5315,B,mrac.yaw.theta_2,0.0013710428
37.5315,B,mrac.yaw.theta_3,0
37.5315,B,mrac.yaw.theta_4,0.11332952
37.5315,B,mrac.yaw.theta_5,0.088239305
37.5315,B,mrac.yaw.u_nom,0.040737882
37.5315,B,mrac.yaw.xm,0.27049062
37.5315,B,mrac.z.theta_0,0.17658271
37.5315,B,mrac.z.theta_1,2.2588432e-08
37.5315,B,mrac.z.theta_2,0.0064455112
37.5315,B,mrac.z.theta_3,0
37.5315,B,mrac.z.theta_4,0.19754834
37.5315,B,mrac.z.theta_5,0.18247615
37.5315,B,mrac.z.u_nom,-0.28237134
37.5315,B,mrac.z.xm,0
37.5315,B,path.active_path_mode,0
37.5315,B,path.circle_theta,0
37.5315,B,path.sinusoid_t_elapsed,0
37.5315,B,path.twc_arrived,0
37.5315,B,path.twc_target_x,0
37.5315,B,path.twc_target_y,0
37.5315,B,path.twc_target_z,0
37.5315,B,pid.gyrox.Des,-31.916069
37.5315,B,pid.gyrox.FB,-4.0147085
37.5315,B,pid.gyrox.U,-202.67737
37.5315,B,pid.gyroy.Des,-0.2934289
37.5315,B,pid.gyroy.FB,-2.0691972
37.5315,B,pid.gyroy.U,-27.402729
37.5315,B,pid.gyroz.Des,15.497965
37.5315,B,pid.gyroz.FB,5.8138232
37.5315,B,pid.gyroz.U,76.261314
37.5315,B,pid.locx.Des,0
37.5315,B,pid.locx.FB,0.74913472
37.5315,B,pid.locx.U,0.97857308
37.5315,B,pid.locxs.Des,0.97857308
37.5315,B,pid.locxs.FB,0.72703147
37.5315,B,pid.locxs.U,4.4884968
37.5315,B,pid.locy.Des,0
37.5315,B,pid.locy.FB,68.275421
37.5315,B,pid.locy.U,-56.487404
37.5315,B,pid.locys.Des,-56.487404
37.5315,B,pid.locys.FB,-5.6099396
37.5315,B,pid.locys.U,-147.68732
37.5315,B,pid.pitch.Des,-5.2488742
37.5315,B,pid.pitch.FB,-5.0712547
37.5315,B,pid.pitch.U,-0.2934289
37.5315,B,pid.roll.Des,6.619184
37.5315,B,pid.roll.FB,15.950552
37.5315,B,pid.roll.U,-31.916069
37.5315,B,pid.yaw.Des,-49.635666
37.5315,B,pid.yaw.FB,-52.384243
37.5315,B,pid.yaw.U,15.497965
37.5315,B,pid.z_pos.Des,1.2737881
37.5315,B,pid.z_pos.FB,1.2737881
37.5315,B,pid.z_pos.U,-0.088317379
37.5315,B,pid.z_rate.Des,0
37.5315,B,pid.z_rate.FB,0.13056985
37.5315,B,pid.z_rate.U,-62.686436
37.5315,B,status.vbat,0
37.7479,A,mrac.pitch.e,0.2015979
37.7479,A,mrac.pitch.u_ad,-0.022120869
37.7479,A,mrac.roll.e,0.34779266
37.7479,A,mrac.roll.u_ad,-0.062941827
37.7479,A,mrac.yaw.e,-0.40191191
37.7479,A,mrac.yaw.u_ad,0.12723169
37.7479,A,mrac.z.e,0.042089254
37.7479,A,mrac.z.u_ad,0.14691716
37.7479,A,status.arm,0
37.7479,A,status.flymode,0
37.7479,A,status.rc_authority,0
37.7479,A,status.sbus_lost,0
37.7479,A,status.twc_arrived,0
37.7479,A,status.twc_execute,0
37.7480,B,mrac.pitch.theta_0,0.012645501
37.7480,B,mrac.pitch.theta_1,0.00048984413
37.7480,B,mrac.pitch.theta_2,0.003820607
37.7480,B,mrac.pitch.theta_3,0.0046007819
37.7480,B,mrac.pitch.theta_4,0.15723974
37.7480,B,mrac.pitch.theta_5,0.14321253
37.7480,B,mrac.pitch.u_nom,-0.10476382
37.7480,B,mrac.pitch.xm,-0.13704129
37.7480,B,mrac.roll.theta_0,7.0514454e-07
37.7480,B,mrac.roll.theta_1,0.0042674192
37.7480,B,mrac.roll.theta_2,0.0098965671
37.7480,B,mrac.roll.theta_3,0.0077543608
37.7480,B,mrac.roll.theta_4,0.13452682
37.7480,B,mrac.roll.theta_5,0.14622355
37.7480,B,mrac.roll.u_nom,0.041161668
37.7480,B,mrac.roll.xm,-0.40934625
37.7480,B,mrac.yaw.theta_0,0.082157165
37.7480,B,mrac.yaw.theta_1,0.015872506
37.7480,B,mrac.yaw.theta_2,0.0014464915
37.7480,B,mrac.yaw.theta_3,0
37.7480,B,mrac.yaw.theta_4,0.11337239
37.7480,B,mrac.yaw.theta_5,0.088293493
37.7480,B,mrac.yaw.u_nom,0.10184027
37.7480,B,mrac.yaw.xm,0.40158013
37.7480,B,mrac.z.theta_0,0.17175287
37.7480,B,mrac.z.theta_1,2.2196776e-08
37.7480,B,mrac.z.theta_2,0.0064417799
37.7480,B,mrac.z.theta_3,0
37.7480,B,mrac.z.theta_4,0.19751357
37.7480,B,mrac.z.theta_5,0.18242888
37.7480,B,mrac.z.u_nom,-0.041609719
37.7480,B,mrac.z.xm,0
37.7480,B,path.active_path_mode,0
37.7480,B,path.circle_theta,0
37.7480,B,path.sinusoid_t_elapsed,0
37.7480,B,path.twc_arrived,0
37.7480,B,path.twc_target_x,0
37.7480,B,path.twc_target_y,0
37.7480,B,path.twc_target_z,0
37.7480,B,pid.gyrox.Des,-23.453802
37.7480,B,pid.gyrox.FB,-19.458624
37.7480,B,pid.gyrox.U,48.159149
37.7480,B,pid.gyroy.Des,-7.8518844
37.7480,B,pid.gyroy.FB,14.38364
37.7480,B,pid.gyroy.U,-122.57367
37.7480,B,pid.gyroz.Des,23.008837
37.7480,B,pid.gyroz.FB,-0.98343921
37.7480,B,pid.gyroz.U,190.64499
37.7480,B,pid.locx.Des,0
37.7480,B,pid.locx.FB,0.6792022
37.7480,B,pid.locx.U,1.0122242
37.7480,B,pid.locxs.Des,1.0122242
37.7480,B,pid.locxs.FB,-0.97347188
37.7480,B,pid.locxs.U,9.4983177
37.7480,B,pid.locy.Des,0
37.7480,B,pid.locy.FB,67.975929
37.7480,B,pid.locy.U,-56.351742
37.7480,B,pid.locys.Des,-56.351742
37.7480,B,pid.locys.FB,-3.0087128
37.7480,B,pid.locys.U,-155.15796
37.7480,B,pid.pitch.Des,-5.6052389
37.7480,B,pid.pitch.FB,-3.2115674
37.7480,B,pid.pitch.U,-7.8518844
37.7480,B,pid.roll.Des,6.9259729
37.7480,B,pid.roll.FB,15.006816
37.7480,B,pid.roll.U,-23.453802
37.7480,B,pid.yaw.Des,-49.635666
37.7480,B,pid.yaw.FB,-53.636055
37.7480,B,pid.yaw.U,23.008837
37.7480,B,pid.z_pos.Des,1.272979
37.7480,B,pid.z_pos.FB,1.272979
37.7480,B,pid.z_pos.U,-0.088317379
37.7480,B,pid.z_rate.Des,0
37.7480,B,pid.z_rate.FB,-0.002811702
37.7480,B,pid.z_rate.U,-9.2373581
37.7480,B,status.vbat,0
37.9495,A,mrac.pitch.e,-0.10400172
37.9495,A,mrac.pitch.u_ad,-0.010576509
37.9495,A,mrac.roll.e,0.15953451
37.9495,A,mrac.roll.u_ad,-0.047920305
37.9495,A,mrac.yaw.e,-0.28940403
37.9495,A,mrac.yaw.u_ad,0.13394667
37.9495,A,mrac.z.e,0.037568912
37.9495,A,mrac.z.u_ad,0.14826712
37.9495,A,status.arm,0
37.9495,A,status.flymode,0
37.9495,A,status.rc_authority,0
37.9495,A,status.sbus_lost,0
37.9495,A,status.twc_arrived,0
37.9495,A,status.twc_execute,0
37.9496,B,mrac.pitch.theta_0,0.0057813488
37.9496,B,mrac.pitch.theta_1,0.00052526296
37.9496,B,mrac.pitch.theta_2,0.0038104737
37.9496,B,mrac.pitch.theta_3,0.0046004634
37.9496,B,mrac.pitch.theta_4,0.15728679
37.9496,B,mrac.pitch.theta_5,0.14321634
37.9496,B,mrac.pitch.u_nom,-0.042695619
37.9496,B,mrac.pitch.xm,-0.15025085
37.9496,B,mrac.roll.theta_0,1.8425411e-07
37.9496,B,mrac.roll.theta_1,0.0045952834
37.9496,B,mrac.roll.theta_2,0.0098826243
37.9496,B,mrac.roll.theta_3,0.0077561368
37.9496,B,mrac.roll.theta_4,0.13461415
37.9496,B,mrac.roll.theta_5,0.14625444
37.9496,B,mrac.roll.u_nom,-0.0056329807
37.9496,B,mrac.roll.xm,-0.30053613
37.9496,B,mrac.yaw.theta_0,0.088876009
37.9496,B,mrac.yaw.theta_1,0.015870789
37.9496,B,mrac.yaw.theta_2,0.0014526645
37.9496,B,mrac.yaw.theta_3,0
37.9496,B,mrac.yaw.theta_4,0.1133896
37.9496,B,mrac.yaw.theta_5,0.088366531
37.9496,B,mrac.yaw.u_nom,0.12041232
37.9496,B,mrac.yaw.xm,0.38768601
37.9496,B,mrac.z.theta_0,0.17023356
37.9496,B,mrac.z.theta_1,2.1873653e-08
37.9496,B,mrac.z.theta_2,0.0064417506
37.9496,B,mrac.z.theta_3,0
37.9496,B,mrac.z.theta_4,0.19747348
37.9496,B,mrac.z.theta_5,0.1823798
37.9496,B,mrac.z.u_nom,-0.10889821
37.9496,B,mrac.z.xm,0
37.9496,B,path.active_path_mode,0
37.9496,B,path.circle_theta,0
37.9496,B,path.sinusoid_t_elapsed,0
37.9496,B,path.twc_arrived,0
37.9496,B,path.twc_target_x,0
37.9496,B,path.twc_target_y,0
37.9496,B,path.twc_target_z,0
37.9496,B,pid.gyrox.Des,-17.219444
37.9496,B,pid.gyrox.FB,-10.931377
37.9496,B,pid.gyrox.U,-6.5905876
37.9496,B,pid.gyroy.Des,-8.608736
37.9496,B,pid.gyroy.FB,-6.0978613
37.9496,B,pid.gyroy.U,-49.953873
37.9496,B,pid.gyroz.Des,22.212763
37.9496,B,pid.gyroz.FB,-6.0756497
37.9496,B,pid.gyroz.U,225.41187
37.9496,B,pid.locx.Des,0
37.9496,B,pid.locx.FB,0.31718135
37.9496,B,pid.locx.U,1.2574693
37.9496,B,pid.locxs.Des,1.2574693
37.9496,B,pid.locxs.FB,-2.4116745
37.9496,B,pid.locxs.U,11.246593
37.9496,B,pid.locy.Des,0
37.9496,B,pid.locy.FB,68.058479
37.9496,B,pid.locy.U,-56.532574
37.9496,B,pid.locys.Des,-56.532574
37.9496,B,pid.locys.FB,1.7843281
37.9496,B,pid.locys.U,-175.12515
37.9496,B,pid.pitch.Des,-6.4000015
37.9496,B,pid.pitch.FB,-3.478869
37.9496,B,pid.pitch.U,-8.608736
37.9496,B,pid.roll.Des,7.7719574
37.9496,B,pid.roll.FB,13.660397
37.9496,B,pid.roll.U,-17.219444
37.9496,B,pid.yaw.Des,-49.635666
37.9496,B,pid.yaw.FB,-53.503376
37.9496,B,pid.yaw.U,22.212763
37.9496,B,pid.z_pos.Des,1.280297
37.9496,B,pid.z_pos.FB,1.280297
37.9496,B,pid.z_pos.U,-0.088317379
37.9496,B,pid.z_rate.Des,0
37.9496,B,pid.z_rate.FB,0.033405904
37.9496,B,pid.z_rate.U,-24.175404
37.9496,B,status.vbat,0
38.1499,A,mrac.pitch.e,0.52070636
38.1499,A,mrac.pitch.u_ad,-0.013036977
38.1499,A,mrac.roll.e,0.17778778
38.1499,A,mrac.roll.u_ad,-0.047848385
38.1499,A,mrac.yaw.e,0.72408485
38.1499,A,mrac.yaw.u_ad,0.093683414
38.1499,A,mrac.z.e,-0.46289444
38.1499,A,mrac.z.u_ad,0.1517705
38.1499,A,status.arm,0
38.1499,A,status.flymode,0
38.1499,A,status.rc_authority,0
38.1499,A,status.sbus_lost,0
38.1499,A,status.twc_arrived,0
38.1499,A,status.twc_execute,0
38.1500,B,mrac.pitch.theta_0,0.015000591
38.1500,B,mrac.pitch.theta_1,0.00050984428
38.1500,B,mrac.pitch.theta_2,0.0038227993
38.1500,B,mrac.pitch.theta_3,0.0046029594
38.1500,B,mrac.pitch.theta_4,0.15728399
38.1500,B,mrac.pitch.theta_5,0.14313693
38.1500,B,mrac.pitch.u_nom,-0.08952076
38.1500,B,mrac.pitch.xm,-0.048016913
38.1500,B,mrac.roll.theta_0,8.611768e-08
38.1500,B,mrac.roll.theta_1,0.0048145051
38.1500,B,mrac.roll.theta_2,0.0098721487
38.1500,B,mrac.roll.theta_3,0.0077760019
38.1500,B,mrac.roll.theta_4,0.13465327
38.1500,B,mrac.roll.theta_5,0.14626302
38.1500,B,mrac.roll.u_nom,-0.0061500687
38.1500,B,mrac.roll.xm,-0.30156165
38.1500,B,mrac.yaw.theta_0,0.088025257
38.1500,B,mrac.yaw.theta_1,0.015924565
38.1500,B,mrac.yaw.theta_2,0.001460079
38.1500,B,mrac.yaw.theta_3,0
38.1500,B,mrac.yaw.theta_4,0.11338072
38.1500,B,mrac.yaw.theta_5,0.088351943
38.1500,B,mrac.yaw.u_nom,-0.051469561
38.1500,B,mrac.yaw.xm,0.23968397
38.1500,B,mrac.z.theta_0,0.17023356
38.1500,B,mrac.z.theta_1,2.1873653e-08
38.1500,B,mrac.z.theta_2,0.0064417506
38.1500,B,mrac.z.theta_3,0
38.1500,B,mrac.z.theta_4,0.19747348
38.1500,B,mrac.z.theta_5,0.1823798
38.1500,B,mrac.z.u_nom,-0.086688988
38.1500,B,mrac.z.xm,0
38.1500,B,path.active_path_mode,0
38.1500,B,path.circle_theta,0
38.1500,B,path.sinusoid_t_elapsed,0
38.1500,B,path.twc_arrived,0
38.1500,B,path.twc_target_x,0
38.1500,B,path.twc_target_y,0
38.1500,B,path.twc_target_z,0
38.1500,B,pid.gyrox.Des,-17.278202
38.1500,B,pid.gyrox.FB,-11.219846
38.1500,B,pid.gyrox.U,-7.1955805
38.1500,B,pid.gyroy.Des,-2.7511654
38.1500,B,pid.gyroy.FB,10.584019
38.1500,B,pid.gyroy.U,-104.73929
38.1500,B,pid.gyroz.Des,13.732874
38.1500,B,pid.gyroz.FB,25.67293
38.1500,B,pid.gyroz.U,-96.351021
38.1500,B,pid.locx.Des,0
38.1500,B,pid.locx.FB,-0.30293629
38.1500,B,pid.locx.U,1.7708075
38.1500,B,pid.locxs.Des,1.7708075
38.1500,B,pid.locxs.FB,-3.1628726
38.1500,B,pid.locxs.U,16.150314
38.1500,B,pid.locy.Des,0
38.1500,B,pid.locy.FB,68.102844
38.1500,B,pid.locy.U,-56.370667
38.1500,B,pid.locys.Des,-56.370667
38.1500,B,pid.locys.FB,-8.9440613
38.1500,B,pid.locys.U,-150.5983
38.1500,B,pid.pitch.Des,-5.9897285
38.1500,B,pid.pitch.FB,-5.1491618
38.1500,B,pid.pitch.U,-2.7511654
38.1500,B,pid.roll.Des,6.3109503
38.1500,B,pid.roll.FB,12.203933
38.1500,B,pid.roll.U,-17.278202
38.1500,B,pid.yaw.Des,-49.635666
38.1500,B,pid.yaw.FB,-52.090061
38.1500,B,pid.yaw.U,13.732874
38.1500,B,pid.z_pos.Des,1.2849633
38.1500,B,pid.z_pos.FB,1.2849633
38.1500,B,pid.z_pos.U,-0.088317379
38.1500,B,pid.z_rate.Des,0
38.1500,B,pid.z_rate.FB,0.019933015
38.1500,B,pid.z_rate.U,-19.244955
38.1500,B,status.vbat,0
38.3654,A,mrac.pitch.e,0.12695746
38.3654,A,mrac.pitch.u_ad,-0.051961061
38.3654,A,mrac.roll.e,-0.29473135
38.3654,A,mrac.roll.u_ad,0.027748963
38.3654,A,mrac.yaw.e,0.97099727
38.3654,A,mrac.yaw.u_ad,-0.016744832
38.3654,A,mrac.z.e,-0.066481926
38.3654,A,mrac.z.u_ad,0.2149225
38.3654,A,status.arm,0
38.3654,A,status.flymode,0
38.3654,A,status.rc_authority,0
38.3654,A,status.sbus_lost,0
38.3654,A,status.twc_arrived,0
38.3654,A,status.twc_execute,0
38.3655,B,mrac.pitch.theta_0,0.0017786386
38.3655,B,mrac.pitch.theta_1,0.00034743495
38.3655,B,mrac.pitch.theta_2,0.0034914601
38.3655,B,mrac.pitch.theta_3,0.0051844562
38.3655,B,mrac.pitch.theta_4,0.15779331
38.3655,B,mrac.pitch.theta_5,0.14313443
38.3655,B,mrac.pitch.u_nom,-0.094541185
38.3655,B,mrac.pitch.xm,-0.30923161
38.3655,B,mrac.roll.theta_0,0.024105355
38.3655,B,mrac.roll.theta_1,0.0042356285
38.3655,B,mrac.roll.theta_2,0.010015951
38.3655,B,mrac.roll.theta_3,0.0079846065
38.3655,B,mrac.roll.theta_4,0.13474138
38.3655,B,mrac.roll.theta_5,0.14586163
38.3655,B,mrac.roll.u_nom,0.055724185
38.3655,B,mrac.roll.xm,-0.10283966
38.3655,B,mrac.yaw.theta_0,0.0703853
38.3655,B,mrac.yaw.theta_1,0.014732377
38.3655,B,mrac.yaw.theta_2,0.0012967327
38.3655,B,mrac.yaw.theta_3,0
38.3655,B,mrac.yaw.theta_4,0.11339576
38.3655,B,mrac.yaw.theta_5,0.088220768
38.3655,B,mrac.yaw.u_nom,-0.13354701
38.3655,B,mrac.yaw.xm,-0.83099455
38.3655,B,mrac.z.theta_0,0.19175102
38.3655,B,mrac.z.theta_1,2.0043744e-08
38.3655,B,mrac.z.theta_2,0.0065325471
38.3655,B,mrac.z.theta_3,0
38.3655,B,mrac.z.theta_4,0.19746403
38.3655,B,mrac.z.theta_5,0.18230526
38.3655,B,mrac.z.u_nom,-0.046898346
38.3655,B,mrac.z.xm,0
38.3655,B,path.active_path_mode,0
38.3655,B,path.circle_theta,0
38.3655,B,path.sinusoid_t_elapsed,0
38.3655,B,path.twc_arrived,0
38.3655,B,path.twc_target_x,0
38.3655,B,path.twc_target_y,0
38.3655,B,path.twc_target_z,0
38.3655,B,pid.gyrox.Des,-5.8922763
38.3655,B,pid.gyrox.FB,-29.259092
38.3655,B,pid.gyrox.U,65.197296
38.3655,B,pid.gyroy.Des,-17.717659
38.3655,B,pid.gyroy.FB,10.489475
38.3655,B,pid.gyroy.U,-110.61319
38.3655,B,pid.gyroz.Des,-47.612461
38.3655,B,pid.gyroz.FB,11.072214
38.3655,B,pid.gyroz.U,-250
38.3655,B,pid.locx.Des,0
38.3655,B,pid.locx.FB,-2.2282376
38.3655,B,pid.locx.U,3.7249126
38.3655,B,pid.locxs.Des,3.7249126
38.3655,B,pid.locxs.FB,-6.0678449
38.3655,B,pid.locxs.U,24.839321
38.3655,B,pid.locy.Des,0
38.3655,B,pid.locy.FB,64.729927
38.3655,B,pid.locy.U,-53.262295
38.3655,B,pid.locys.Des,-53.262295
38.3655,B,pid.locys.FB,-20.203495
38.3655,B,pid.locys.U,-111.3672
38.3655,B,pid.pitch.Des,-5.7680116
38.3655,B,pid.pitch.FB,0.015364523
38.3655,B,pid.pitch.U,-17.717659
38.3655,B,pid.roll.Des,3.2569623
38.3655,B,pid.roll.FB,5.5503759
38.3655,B,pid.roll.U,-5.8922763
38.3655,B,pid.yaw.Des,-49.635666
38.3655,B,pid.yaw.FB,-41.853542
38.3655,B,pid.yaw.U,-47.612461
38.3655,B,pid.z_pos.Des,1.2540925
38.3655,B,pid.z_pos.FB,1.2540925
38.3655,B,pid.z_pos.U,-0.088317379
38.3655,B,pid.z_rate.Des,0
38.3655,B,pid.z_rate.FB,-0.0020864541
38.3655,B,pid.z_rate.U,-10.411433
38.3655,B,status.vbat,0
38.5842,A,mrac.pitch.e,-0.35104778
38.5842,A,mrac.pitch.u_ad,-0.0086675296
38.5842,A,mrac.roll.e,0.2769807
38.5842,A,mrac.roll.u_ad,0.07029283
38.5842,A,mrac.yaw.e,0.88187712
38.5842,A,mrac.yaw.u_ad,-0.023393523
38.5842,A,mrac.z.e,-0.25637758
38.5842,A,mrac.z.u_ad,0.25945935
38.5842,A,status.arm,0
38.5842,A,status.flymode,0
38.5842,A,status.rc_authority,0
38.5842,A,status.sbus_lost,0
38.5842,A,status.twc_arrived,0
38.5842,A,status.twc_execute,0
38.5849,B,mrac.pitch.theta_0,0.0032033066
38.5849,B,mrac.pitch.theta_1,0.0005053092
38.5849,B,mrac.pitch.theta_2,0.0034976609
38.5849,B,mrac.pitch.theta_3,0.0052036899
38.5849,B,mrac.pitch.theta_4,0.1578377
38.5849,B,mrac.pitch.theta_5,0.14313863
38.5849,B,mrac.pitch.u_nom,0.089818239
38.5849,B,mrac.pitch.xm,-0.19786631
38.5849,B,mrac.roll.theta_0,0.056731608
38.5849,B,mrac.roll.theta_1,0.0036449854
38.5849,B,mrac.roll.theta_2,0.010144492
38.5849,B,mrac.roll.theta_3,0.0079719909
38.5849,B,mrac.roll.theta_4,0.13489527
38.5849,B,mrac.roll.theta_5,0.14574535
38.5849,B,mrac.roll.u_nom,0.00034060681
38.5849,B,mrac.roll.xm,0.033715766
38.5849,B,mrac.yaw.theta_0,0.038034514
38.5849,B,mrac.yaw.theta_1,0.014456693
38.5849,B,mrac.yaw.theta_2,0.0012910084
38.5849,B,mrac.yaw.theta_3,0
38.5849,B,mrac.yaw.theta_4,0.11341731
38.5849,B,mrac.yaw.theta_5,0.08840888
38.5849,B,mrac.yaw.u_nom,-0.13354701
38.5849,B,mrac.yaw.xm,-0.91422546
38.5849,B,mrac.z.theta_0,0.20296849
38.5849,B,mrac.z.theta_1,1.9618945e-08
38.5849,B,mrac.z.theta_2,0.006545526
38.5849,B,mrac.z.theta_3,0
38.5849,B,mrac.z.theta_4,0.19744004
38.5849,B,mrac.z.theta_5,0.1822689
38.5849,B,mrac.z.u_nom,0.43137634
38.5849,B,mrac.z.xm,0
38.5849,B,path.active_path_mode,0
38.5849,B,path.circle_theta,0
38.5849,B,path.sinusoid_t_elapsed,0
38.5849,B,path.twc_arrived,0
38.5849,B,path.twc_target_x,0
38.5849,B,path.twc_target_y,0
38.5849,B,path.twc_target_z,0
38.5849,B,pid.gyrox.Des,1.9317703
38.5849,B,pid.gyrox.FB,-7.8912749
38.5849,B,pid.gyrox.U,0.39850998
38.5849,B,pid.gyroy.Des,-11.3369
38.5849,B,pid.gyroy.FB,-26.617014
38.5849,B,pid.gyroy.U,105.08734
38.5849,B,pid.gyroz.Des,-52.381237
38.5849,B,pid.gyroz.FB,1.3190895
38.5849,B,pid.gyroz.U,-250
38.5849,B,pid.locx.Des,0
38.5849,B,pid.locx.FB,-2.9406247
38.5849,B,pid.locx.U,4.4809065
38.5849,B,pid.locxs.Des,4.4809065
38.5849,B,pid.locxs.FB,-3.4049664
38.5849,B,pid.locxs.U,23.831713
38.5849,B,pid.locy.Des,0
38.5849,B,pid.locy.FB,63.126968
38.5849,B,pid.locy.U,-52.283604
38.5849,B,pid.locys.Des,-52.283604
38.5849,B,pid.locys.FB,-8.2708044
38.5849,B,pid.locys.U,-131.78522
38.5849,B,pid.pitch.Des,-6.6835041
38.5849,B,pid.pitch.FB,-1.5689842
38.5849,B,pid.pitch.U,-11.3369
38.5849,B,pid.roll.Des,3.999438
38.5849,B,pid.roll.FB,2.4949157
38.5849,B,pid.roll.U,1.9317703
38.5849,B,pid.yaw.Des,-49.635666
38.5849,B,pid.yaw.FB,-41.058746
38.5849,B,pid.yaw.U,-52.381237
38.5849,B,pid.z_pos.Des,1.2283734
38.5849,B,pid.z_pos.FB,1.2283734
38.5849,B,pid.z_pos.U,-0.088317379
38.5849,B,pid.z_rate.Des,0
38.5849,B,pid.z_rate.FB,-0.26669663
38.5849,B,pid.z_rate.U,95.765549
38.5849,B,status.vbat,0
38.7993,A,mrac.pitch.e,-0.077333689
38.7993,A,mrac.pitch.u_ad,0.078818463
38.7993,A,mrac.roll.e,0.20928425
38.7993,A,mrac.roll.u_ad,-0.010010189
38.7993,A,mrac.yaw.e,1.3374949
38.7993,A,mrac.yaw.u_ad,0
38.7993,A,mrac.z.e,0.14696895
38.7993,A,mrac.z.u_ad,0.21118933
38.7993,A,status.arm,0
38.7993,A,status.flymode,0
38.7993,A,status.rc_authority,0
38.7993,A,status.sbus_lost,0
38.7993,A,status.twc_arrived,0
38.7993,A,status.twc_execute,0
38.7993,B,mrac.pitch.theta_0,0.055683818
38.7993,B,mrac.pitch.theta_1,0.00035668939
38.7993,B,mrac.pitch.theta_2,0.003919791
38.7993,B,mrac.pitch.theta_3,0.0052230349
38.7993,B,mrac.pitch.theta_4,0.15808502
38.7993,B,mrac.pitch.theta_5,0.14283809
38.7993,B,mrac.pitch.u_nom,0.003396489
38.7993,B,mrac.pitch.xm,0.12216802
38.7993,B,mrac.roll.theta_0,0.018365907
38.7993,B,mrac.roll.theta_1,0.002912129
38.7993,B,mrac.roll.theta_2,0.0099330945
38.7993,B,mrac.roll.theta_3,0.0079795038
38.7993,B,mrac.roll.theta_4,0.13509022
38.7993,B,mrac.roll.theta_5,0.14559951
38.7993,B,mrac.roll.u_nom,-0.067155093
38.7993,B,mrac.roll.xm,-0.098743804
38.7993,B,mrac.yaw.theta_0,0.0062717353
38.7993,B,mrac.yaw.theta_1,0.014414596
38.7993,B,mrac.yaw.theta_2,0.0012879869
38.7993,B,mrac.yaw.theta_3,0
38.7993,B,mrac.yaw.theta_4,0.11344375
38.7993,B,mrac.yaw.theta_5,0.088606521
38.7993,B,mrac.yaw.u_nom,-0.13354701
38.7993,B,mrac.yaw.xm,-0.92422628
38.7993,B,mrac.z.theta_0,0.23080054
38.7993,B,mrac.z.theta_1,1.8373749e-08
38.7993,B,mrac.z.theta_2,0.0065916469
38.7993,B,mrac.z.theta_3,0
38.7993,B,mrac.z.theta_4,0.19740775
38.7993,B,mrac.z.theta_5,0.18219255
38.7993,B,mrac.z.u_nom,-0.020040805
38.7993,B,mrac.z.xm,0
38.7993,B,path.active_path_mode,0
38.7993,B,path.circle_theta,0
38.7993,B,path.sinusoid_t_elapsed,0
38.7993,B,path.twc_arrived,0
38.7993,B,path.twc_target_x,0
38.7993,B,path.twc_target_y,0
38.7993,B,path.twc_target_z,0
38.7993,B,pid.gyrox.Des,-5.6576009
38.7993,B,pid.gyrox.FB,11.923901
38.7993,B,pid.gyrox.U,-78.571457
38.7993,B,pid.gyroy.Des,6.9997091
38.7993,B,pid.gyroy.FB,-2.1626737
38.7993,B,pid.gyroy.U,3.9738922
38.7993,B,pid.gyroz.Des,-52.954243
38.7993,B,pid.gyroz.FB,11.444215
38.7993,B,pid.gyroz.U,-250
38.7993,B,pid.locx.Des,0
38.7993,B,pid.locx.FB,-2.8208399
38.7993,B,pid.locx.U,4.1596384
38.7993,B,pid.locxs.Des,4.1596384
38.7993,B,pid.locxs.FB,3.2778718
38.7993,B,pid.locxs.U,2.5698445
38.7993,B,pid.locy.Des,0
38.7993,B,pid.locy.FB,61.744877
38.7993,B,pid.locy.U,-51.162273
38.7993,B,pid.locys.Des,-51.162273
38.7993,B,pid.locys.FB,-3.7756529
38.7993,B,pid.locys.U,-141.84491
38.7993,B,pid.pitch.Des,-6.2843351
38.7993,B,pid.pitch.FB,-8.5630836
38.7993,B,pid.pitch.U,6.9997091
38.7993,B,pid.roll.Des,5.2455959
38.7993,B,pid.roll.FB,6.9578166
38.7993,B,pid.roll.U,-5.6576009
38.7993,B,pid.yaw.Des,-49.635666
38.7993,B,pid.yaw.FB,-40.963245
38.7993,B,pid.yaw.U,-52.954243
38.7993,B,pid.z_pos.Des,1.2073314
38.7993,B,pid.z_pos.FB,1.2073314
38.7993,B,pid.z_pos.U,-0.088317379
38.7993,B,pid.z_rate.Des,0
38.7993,B,pid.z_rate.FB,-0.016340826
38.7993,B,pid.z_rate.U,-4.4490585
38.7993,B,status.vbat,0
39.0154,A,mrac.pitch.e,0.660447
39.0154,A,mrac.pitch.u_ad,0.017436501
39.0154,A,mrac.roll.e,0.27822822
39.0154,A,mrac.roll.u_ad,-0.037953008
39.0154,A,mrac.yaw.e,1.0061083
39.0154,A,mrac.yaw.u_ad,0
39.0154,A,mrac.z.e,0.0035717157
39.0154,A,mrac.z.u_ad,0.19844274
39.0154,A,status.arm,0
39.0154,A,status.flymode,0
39.0154,A,status.rc_authority,0
39.0154,A,status.sbus_lost,0
39.0154,A,status.twc_arrived,0
39.0154,A,status.twc_execute,0
39.0155,B,mrac.pitch.theta_0,0.050044868
39.0155,B,mrac.pitch.theta_1,0.00036104018
39.0155,B,mrac.pitch.theta_2,0.0038191567
39.0155,B,mrac.pitch.theta_3,0.0052427351
39.0155,B,mrac.pitch.theta_4,0.15817764
39.0155,B,mrac.pitch.theta_5,0.14274222
39.0155,B,mrac.pitch.u_nom,-0.25641027
39.0155,B,mrac.pitch.xm,-0.2057939
39.0155,B,mrac.roll.theta_0,0.0033307138
39.0155,B,mrac.roll.theta_1,0.0026090783
39.0155,B,mrac.roll.theta_2,0.0098559558
39.0155,B,mrac.roll.theta_3,0.0079582855
39.0155,B,mrac.roll.theta_4,0.13527261
39.0155,B,mrac.roll.theta_5,0.14559498
39.0155,B,mrac.roll.u_nom,-0.025468718
39.0155,B,mrac.roll.xm,-0.23850904
39.0155,B,mrac.yaw.theta_0,0.0062717353
39.0155,B,mrac.yaw.theta_1,0.014414596
39.0155,B,mrac.yaw.theta_2,0.0012879869
39.0155,B,mrac.yaw.theta_3,0
39.0155,B,mrac.yaw.theta_4,0.11344375
39.0155,B,mrac.yaw.theta_5,0.088606521
39.0155,B,mrac.yaw.u_nom,-0.13354701
39.0155,B,mrac.yaw.xm,-1.0471979
39.0155,B,mrac.z.theta_0,0.21786422
39.0155,B,mrac.z.theta_1,1.7967563e-08
39.0155,B,mrac.z.theta_2,0.0065825172
39.0155,B,mrac.z.theta_3,0
39.0155,B,mrac.z.theta_4,0.19739075
39.0155,B,mrac.z.theta_5,0.18215437
39.0155,B,mrac.z.u_nom,-0.28010634
39.0155,B,mrac.z.xm,0
39.0155,B,path.active_path_mode,0
39.0155,B,path.circle_theta,0
39.0155,B,path.sinusoid_t_elapsed,0
39.0155,B,path.twc_arrived,0
39.0155,B,path.twc_target_x,0
39.0155,B,path.twc_target_y,0
39.0155,B,path.twc_target_z,0
39.0155,B,pid.gyrox.Des,-13.665556
39.0155,B,pid.gyrox.FB,-6.1733818
39.0155,B,pid.gyrox.U,-29.798401
39.0155,B,pid.gyroy.Des,-11.791117
39.0155,B,pid.gyroy.FB,36.193928
39.0155,B,pid.gyroy.U,-300
39.0155,B,pid.gyroz.Des,-60
39.0155,B,pid.gyroz.FB,-1.7273877
39.0155,B,pid.gyroz.U,-250
39.0155,B,pid.locx.Des,0
39.0155,B,pid.locx.FB,-2.5940247
39.0155,B,pid.locx.U,4.2022696
39.0155,B,pid.locxs.Des,4.2022696
39.0155,B,pid.locxs.FB,-1.3533547
39.0155,B,pid.locxs.U,24.57181
39.0155,B,pid.locy.Des,0
39.0155,B,pid.locy.FB,60.260857
39.0155,B,pid.locy.U,-50.111443
39.0155,B,pid.locys.Des,-50.111443
39.0155,B,pid.locys.FB,-4.8133597
39.0155,B,pid.locys.U,-145.87973
39.0155,B,pid.pitch.Des,-7.5113974
39.0155,B,pid.pitch.FB,-6.9143586
39.0155,B,pid.pitch.U,-11.791117
39.0155,B,pid.roll.Des,4.0037894
39.0155,B,pid.roll.FB,8.6183519
39.0155,B,pid.roll.U,-13.665556
39.0155,B,pid.yaw.Des,-49.635666
39.0155,B,pid.yaw.FB,-37.425934
39.0155,B,pid.yaw.U,-74.178116
39.0155,B,pid.z_pos.Des,1.2268971
39.0155,B,pid.z_pos.FB,1.2268971
39.0155,B,pid.z_pos.U,-0.088317379
39.0155,B,pid.z_rate.Des,0
39.0155,B,pid.z_rate.FB,0.12772328
39.0155,B,pid.z_rate.U,-62.183605
39.0155,B,status.vbat,0
39.2162,A,mrac.pitch.e,0.31507397
39.2162,A,mrac.pitch.u_ad,-0.030105967
39.2162,A,mrac.roll.e,0.75108486
39.2162,A,mrac.roll.u_ad,-0.080499969
39.2162,A,mrac.yaw.e,1.2019782
39.2162,A,mrac.yaw.u_ad,0
39.2162,A,mrac.z.e,0.13413425
39.2162,A,mrac.z.u_ad,0.13673259
39.2162,A,status.arm,0
39.2162,A,status.flymode,0
39.2162,A,status.rc_authority,0
39.2162,A,status.sbus_lost,0
39.2162,A,status.twc_arrived,0
39.2162,A,status.twc_execute,0
39.2163,B,mrac.pitch.theta_0,0.018093748
39.2163,B,mrac.pitch.theta_1,0.00033669389
39.2163,B,mrac.pitch.theta_2,0.0036912493
39.2163,B,mrac.pitch.theta_3,0.0052300305
39.2163,B,mrac.pitch.theta_4,0.15836741
39.2163,B,mrac.pitch.theta_5,0.14275666
39.2163,B,mrac.pitch.u_nom,-0.076075032
39.2163,B,mrac.pitch.xm,-0.19937395
39.2163,B,mrac.roll.theta_0,0.00085027813
39.2163,B,mrac.roll.theta_1,0.0022009967
39.2163,B,mrac.roll.theta_2,0.0096814223
39.2163,B,mrac.roll.theta_3,0.007969887
39.2163,B,mrac.roll.theta_4,0.13558644
39.2163,B,mrac.roll.theta_5,0.14561255
39.2163,B,mrac.roll.u_nom,-0.16057603
39.2163,B,mrac.roll.xm,-0.36431119
39.2163,B,mrac.yaw.theta_0,0.0042053764
39.2163,B,mrac.yaw.theta_1,0.014457878
39.2163,B,mrac.yaw.theta_2,0.0012871776
39.2163,B,mrac.yaw.theta_3,0
39.2163,B,mrac.yaw.theta_4,0.11344568
39.2163,B,mrac.yaw.theta_5,0.088643946
39.2163,B,mrac.yaw.u_nom,-0.13354701
39.2163,B,mrac.yaw.xm,-1.0471979
39.2163,B,mrac.z.theta_0,0.21144027
39.2163,B,mrac.z.theta_1,1.7612294e-08
39.2163,B,mrac.z.theta_2,0.0065684905
39.2163,B,mrac.z.theta_3,0
39.2163,B,mrac.z.theta_4,0.19738759
39.2163,B,mrac.z.theta_5,0.18213256
39.2163,B,mrac.z.u_nom,-0.5732531
39.2163,B,mrac.z.xm,0
39.2163,B,path.active_path_mode,0
39.2163,B,path.circle_theta,0
39.2163,B,path.sinusoid_t_elapsed,0
39.2163,B,path.twc_arrived,0
39.2163,B,path.twc_target_x,0
39.2163,B,path.twc_target_y,0
39.2163,B,path.twc_target_z,0
39.2163,B,pid.gyrox.Des,-20.873486
39.2163,B,pid.gyrox.FB,23.610834
39.2163,B,pid.gyrox.U,-187.87395
39.2163,B,pid.gyroy.Des,-11.423281
39.2163,B,pid.gyroy.FB,-0.67870295
39.2163,B,pid.gyroy.U,-89.00779
39.2163,B,pid.gyroz.Des,-60
39.2163,B,pid.gyroz.FB,18.777529
39.2163,B,pid.gyroz.U,-250
39.2163,B,pid.locx.Des,0
39.2163,B,pid.locx.FB,-3.3088
39.2163,B,pid.locx.U,4.8122544
39.2163,B,pid.locxs.Des,4.8122544
39.2163,B,pid.locxs.FB,-3.778142
39.2163,B,pid.locxs.U,25.79916
39.2163,B,pid.locy.Des,0
39.2163,B,pid.locy.FB,60.691437
39.2163,B,pid.locy.U,-50.654579
39.2163,B,pid.locys.Des,-50.654579
39.2163,B,pid.locys.FB,3.424273
39.2163,B,pid.locys.U,-162.23459
39.2163,B,pid.pitch.Des,-8.3007393
39.2163,B,pid.pitch.FB,-4.4236636
39.2163,B,pid.pitch.U,-11.423281
39.2163,B,pid.roll.Des,4.4049692
39.2163,B,pid.roll.FB,11.002584
39.2163,B,pid.roll.U,-20.873486
39.2163,B,pid.yaw.Des,-49.635666
39.2163,B,pid.yaw.FB,-36.502888
39.2163,B,pid.yaw.U,-79.716393
39.2163,B,pid.z_pos.Des,1.2429417
39.2163,B,pid.z_pos.FB,1.2429417
39.2163,B,pid.z_pos.U,-0.088317379
39.2163,B,pid.z_rate.Des,0
39.2163,B,pid.z_rate.FB,0.29024383
39.2163,B,pid.z_rate.U,-127.26219
39.2163,B,status.vbat,0
39.4345,A,mrac.pitch.e,0.24839126
39.4345,A,mrac.pitch.u_ad,-0.032302935
39.4345,A,mrac.roll.e,0.5858196
39.4345,A,mrac.roll.u_ad,-0.097224832
39.4345,A,mrac.yaw.e,1.379966
39.4345,A,mrac.yaw.u_ad,0
39.4345,A,mrac.z.e,0.075433128
39.4345,A,mrac.z.u_ad,0.16017529
39.4345,A,status.arm,0
39.4345,A,status.flymode,0
39.4345,A,status.rc_authority,0
39.4345,A,status.sbus_lost,0
39.4345,A,status.twc_arrived,0
39.4345,A,status.twc_execute,0
39.4345,B,mrac.pitch.theta_0,0.0053105373
39.4345,B,mrac.pitch.theta_1,0.00037130641
39.4345,B,mrac.pitch.theta_2,0.0036772238
39.4345,B,mrac.pitch.theta_3,0.005197214
39.4345,B,mrac.pitch.theta_4,0.15847145
39.4345,B,mrac.pitch.theta_5,0.14279091
39.4345,B,mrac.pitch.u_nom,-0.082394697
39.4345,B,mrac.pitch.xm,-0.16826418
39.4345,B,mrac.roll.theta_0,7.3113173e-05
39.4345,B,mrac.roll.theta_1,0.001780433
39.4345,B,mrac.roll.theta_2,0.009551852
39.4345,B,mrac.roll.theta_3,0.0079457257
39.4345,B,mrac.roll.theta_4,0.13619949
39.4345,B,mrac.roll.theta_5,0.1457759
39.4345,B,mrac.roll.u_nom,-0.11331961
39.4345,B,mrac.roll.xm,-0.53697431
39.4345,B,mrac.yaw.theta_0,0.0042053764
39.4345,B,mrac.yaw.theta_1,0.014457878
39.4345,B,mrac.yaw.theta_2,0.0012871776
39.4345,B,mrac.yaw.theta_3,0
39.4345,B,mrac.yaw.theta_4,0.11344568
39.4345,B,mrac.yaw.theta_5,0.088643946
39.4345,B,mrac.yaw.u_nom,-0.13354701
39.4345,B,mrac.yaw.xm,-1.0471979
39.4345,B,mrac.z.theta_0,0.19433472
39.4345,B,mrac.z.theta_1,1.6992042e-08
39.4345,B,mrac.z.theta_2,0.0065502687
39.4345,B,mrac.z.theta_3,0
39.4345,B,mrac.z.theta_4,0.19737487
39.4345,B,mrac.z.theta_5,0.18208529
39.4345,B,mrac.z.u_nom,-0.35945445
39.4345,B,mrac.z.xm,0
39.4345,B,path.active_path_mode,0
39.4345,B,path.circle_theta,0
39.4345,B,path.sinusoid_t_elapsed,0
39.4345,B,path.twc_arrived,0
39.4345,B,path.twc_target_x,0
39.4345,B,path.twc_target_y,0
39.4345,B,path.twc_target_z,0
39.4345,B,pid.gyrox.Des,-30.76635
39.4345,B,pid.gyrox.FB,4.8541512
39.4345,B,pid.gyrox.U,-132.58394
39.4345,B,pid.gyroy.Des,-9.6408234
39.4345,B,pid.gyroy.FB,6.8970461
39.4345,B,pid.gyroy.U,-96.401794
39.4345,B,pid.gyroz.Des,-60
39.4345,B,pid.gyroz.FB,15.281797
39.4345,B,pid.gyroz.U,-250
39.4345,B,pid.locx.Des,0
39.4345,B,pid.locx.FB,-4.0613484
39.4345,B,pid.locx.U,5.2791252
39.4345,B,pid.locxs.Des,5.2791252
39.4345,B,pid.locxs.FB,-1.3847768
39.4345,B,pid.locxs.U,20.028732
39.4345,B,pid.locy.Des,0
39.4345,B,pid.locy.FB,60.511585
39.4345,B,pid.locy.U,-50.389446
39.4345,B,pid.locys.Des,-50.389446
39.4345,B,pid.locys.FB,0.28704232
39.4345,B,pid.locys.U,-152.02049
39.4345,B,pid.pitch.Des,-7.7774506
39.4345,B,pid.pitch.FB,-4.6040359
39.4345,B,pid.pitch.U,-9.6408234
39.4345,B,pid.roll.Des,3.8782873
39.4345,B,pid.roll.FB,14.04488
39.4345,B,pid.roll.U,-30.76635
39.4345,B,pid.yaw.Des,-49.635666
39.4345,B,pid.yaw.FB,-33.28936
39.4345,B,pid.yaw.U,-98.997559
39.4345,B,pid.z_pos.Des,1.2570684
39.4345,B,pid.z_pos.FB,1.2570684
39.4345,B,pid.z_pos.U,-0.088317379
39.4345,B,pid.z_rate.Des,0
39.4345,B,pid.z_rate.FB,0.17107166
39.4345,B,pid.z_rate.U,-79.798889
39.4345,B,status.vbat,0
39.6345,A,mrac.pitch.e,0.620951
39.6345,A,mrac.pitch.u_ad,-0.057166614
39.6345,A,mrac.roll.e,0.68169087
39.6345,A,mrac.roll.u_ad,-0.11039788
39.6345,A,mrac.yaw.e,1.167045
39.6345,A,mrac.yaw.u_ad,0
39.6345,A,mrac.z.e,-0.0067519331
39.6345,A,mrac.z.u_ad,0.16660646
39.6345,A,status.arm,0
39.6345,A,status.flymode,0
39.6345,A,status.rc_authority,0
39.6345,A,status.sbus_lost,0
39.6345,A,status.twc_arrived,0
39.6345,A,status.twc_execute,0
39.6345,B,mrac.pitch.theta_0,0.0017263303
39.6345,B,mrac.pitch.theta_1,0.00034139576
39.6345,B,mrac.pitch.theta_2,0.0036341283
39.6345,B,mrac.pitch.theta_3,0.0051853107
39.6345,B,mrac.pitch.theta_4,0.15863357
39.6345,B,mrac.pitch.theta_5,0.1428194
39.6345,B,mrac.pitch.u_nom,-0.2240645
39.6345,B,mrac.pitch.xm,-0.18683484
39.6345,B,mrac.roll.theta_0,1.5050344e-05
39.6345,B,mrac.roll.theta_1,0.0017127208
39.6345,B,mrac.roll.theta_2,0.0095415832
39.6345,B,mrac.roll.theta_3,0.0078926617
39.6345,B,mrac.roll.theta_4,0.13655338
39.6345,B,mrac.roll.theta_5,0.14591594
39.6345,B,mrac.roll.u_nom,-0.15443163
39.6345,B,mrac.roll.xm,-0.60302699
39.6345,B,mrac.yaw.theta_0,0.0042053764
39.6345,B,mrac.yaw.theta_1,0.014457878
39.6345,B,mrac.yaw.theta_2,0.0012871776
39.6345,B,mrac.yaw.theta_3,0
39.6345,B,mrac.yaw.theta_4,0.11344568
39.6345,B,mrac.yaw.theta_5,0.088643946
39.6345,B,mrac.yaw.u_nom,-0.13354701
39.6345,B,mrac.yaw.xm,-1.0471979
39.6345,B,mrac.z.theta_0,0.17805198
39.6345,B,mrac.z.theta_1,1.633027e-08
39.6345,B,mrac.z.theta_2,0.0065319357
39.6345,B,mrac.z.theta_3,0
39.6345,B,mrac.z.theta_4,0.19735245
39.6345,B,mrac.z.theta_5,0.1820253
39.6345,B,mrac.z.u_nom,0.036246035
39.6345,B,mrac.z.xm,0
39.6345,B,path.active_path_mode,0
39.6345,B,path.circle_theta,0
39.6345,B,path.sinusoid_t_elapsed,0
39.6345,B,path.twc_arrived,0
39.6345,B,path.twc_target_x,0
39.6345,B,path.twc_target_y,0
39.6345,B,path.twc_target_z,0
39.6345,B,pid.gyrox.Des,-34.550888
39.6345,B,pid.gyrox.FB,1.9792272
39.6345,B,pid.gyrox.U,-180.685
39.6345,B,pid.gyroy.Des,-10.704844
39.6345,B,pid.gyroy.FB,27.517265
39.6345,B,pid.gyroy.U,-262.15546
39.6345,B,pid.gyroz.Des,-60
39.6345,B,pid.gyroz.FB,7.2641783
39.6345,B,pid.gyroz.U,-250
39.6345,B,pid.locx.Des,0
39.6345,B,pid.locx.FB,-4.3567486
39.6345,B,pid.locx.U,5.5850124
39.6345,B,pid.locxs.Des,5.5850124
39.6345,B,pid.locxs.FB,-2.4831858
39.6345,B,pid.locxs.U,21.438023
39.6345,B,pid.locy.Des,0
39.6345,B,pid.locy.FB,60.416466
39.6345,B,pid.locy.U,-50.257603
39.6345,B,pid.locys.Des,-50.257603
39.6345,B,pid.locys.FB,-3.7193804
39.6345,B,pid.locys.U,-134.18216
39.6345,B,pid.pitch.Des,-7.1632357
39.6345,B,pid.pitch.FB,-3.9130347
39.6345,B,pid.pitch.U,-10.704844
39.6345,B,pid.roll.Des,2.7883625
39.6345,B,pid.roll.FB,14.269564
39.6345,B,pid.roll.U,-34.550888
39.6345,B,pid.yaw.Des,-49.635666
39.6345,B,pid.yaw.FB,-29.706539
39.6345,B,pid.yaw.U,-120
39.6345,B,pid.z_pos.Des,1.2666227
39.6345,B,pid.z_pos.FB,1.2666227
39.6345,B,pid.z_pos.U,-0.088317379
39.6345,B,pid.z_rate.Des,0
39.6345,B,pid.z_rate.FB,-0.048783366
39.6345,B,pid.z_rate.U,8.0466194
39.6345,B,status.vbat,0
39.8534,A,mrac.pitch.e,0.75941819
39.8534,A,mrac.pitch.u_ad,-0.089417338
39.8534,A,mrac.roll.e,0.57309341
39.8534,A,mrac.roll.u_ad,-0.11294175
39.8534,A,mrac.yaw.e,1.0407881
39.8534,A,mrac.yaw.u_ad,0
39.8534,A,mrac.z.e,0.41893175
39.8534,A,mrac.z.u_ad,0.11384019
39.8534,A,status.arm,0
39.8534,A,status.flymode,0
39.8534,A,status.rc_authority,0
39.8534,A,status.sbus_lost,0
39.8534,A,status.twc_arrived,0
39.8534,A,status.twc_execute,0
39.8534,B,mrac.pitch.theta_0,0.00014918107
39.8534,B,mrac.pitch.theta_1,0.00024629434
39.8534,B,mrac.pitch.theta_2,0.0034390669
39.8534,B,mrac.pitch.theta_3,0.0051722489
39.8534,B,mrac.pitch.theta_4,0.15926977
39.8534,B,mrac.pitch.theta_5,0.14302126
39.8534,B,mrac.pitch.u_nom,-0.1988724
39.8534,B,mrac.pitch.xm,-0.41468337
39.8534,B,mrac.roll.theta_0,1.4882887e-06
39.8534,B,mrac.roll.theta_1,0.0016632506
39.8534,B,mrac.roll.theta_2,0.0095281173
39.8534,B,mrac.roll.theta_3,0.0078069097
39.8534,B,mrac.roll.theta_4,0.13710819
39.8534,B,mrac.roll.theta_5,0.14613208
39.8534,B,mrac.roll.u_nom,-0.13994925
39.8534,B,mrac.roll.xm,-0.6558376
39.8534,B,mrac.yaw.theta_0,0.0042053764
39.8534,B,mrac.yaw.theta_1,0.014457878
39.8534,B,mrac.yaw.theta_2,0.0012871776
39.8534,B,mrac.yaw.theta_3,0
39.8534,B,mrac.yaw.theta_4,0.11344568
39.8534,B,mrac.yaw.theta_5,0.088643946
39.8534,B,mrac.yaw.u_nom,-0.13354701
39.8534,B,mrac.yaw.xm,-1.0471979
39.8534,B,mrac.z.theta_0,0.16069607
39.8534,B,mrac.z.theta_1,1.5583721e-08
39.8534,B,mrac.z.theta_2,0.0065040067
39.8534,B,mrac.z.theta_3,0
39.8534,B,mrac.z.theta_4,0.19733982
39.8534,B,mrac.z.theta_5,0.18196712
39.8534,B,mrac.z.u_nom,-0.14576375
39.8534,B,mrac.z.xm,0
39.8534,B,path.active_path_mode,0
39.8534,B,path.circle_theta,0
39.8534,B,path.sinusoid_t_elapsed,0
39.8534,B,path.twc_arrived,0
39.8534,B,path.twc_target_x,0
39.8534,B,path.twc_target_y,0
39.8534,B,path.twc_target_z,0
39.8534,B,pid.gyrox.Des,-37.57671
39.8534,B,pid.gyrox.FB,-2.6839187
39.8534,B,pid.gyrox.U,-163.74062
39.8534,B,pid.gyroy.Des,-23.759598
39.8534,B,pid.gyroy.FB,19.528465
39.8534,B,pid.gyroy.U,-232.68071
39.8534,B,pid.gyroz.Des,-60
39.8534,B,pid.gyroz.FB,4.1348271
39.8534,B,pid.gyroz.U,-250
39.8534,B,pid.locx.Des,0
39.8534,B,pid.locx.FB,-4.9378524
39.8534,B,pid.locx.U,6.0146914
39.8534,B,pid.locxs.Des,6.0146914
39.8534,B,pid.locxs.FB,-1.3474634
39.8534,B,pid.locxs.U,21.984617
39.8534,B,pid.locy.Des,0
39.8534,B,pid.locy.FB,59.71648
39.8534,B,pid.locy.U,-49.660484
39.8534,B,pid.locys.Des,-49.660484
39.8534,B,pid.locys.FB,-4.0229769
39.8534,B,pid.locys.U,-136.87892
39.8534,B,pid.pitch.Des,-7.4276352
39.8534,B,pid.pitch.FB,0.26977062
39.8534,B,pid.pitch.U,-23.759598
39.8534,B,pid.roll.Des,2.4149644
39.8534,B,pid.roll.FB,14.940187
39.8534,B,pid.roll.U,-37.57671
39.8534,B,pid.yaw.Des,-49.635666
39.8534,B,pid.yaw.FB,-26.482164
39.8534,B,pid.yaw.U,-120
39.8534,B,pid.z_pos.Des,1.2946876
39.8534,B,pid.z_pos.FB,1.2946876
39.8534,B,pid.z_pos.U,-0.088317379
39.8534,B,pid.z_rate.Des,0
39.8534,B,pid.z_rate.FB,0.051398743
39.8534,B,pid.z_rate.U,-32.359554
39.8534,B,status.vbat,0
40.0679,A,mrac.pitch.e,0.26542002
40.0679,A,mrac.pitch.u_ad,-0.082071945
40.0679,A,mrac.roll.e,0.42050114
40.0679,A,mrac.roll.u_ad,-0.088938005
40.0679,A,mrac.yaw.e,0.68543994
40.0679,A,mrac.yaw.u_ad,-0.10849403
40.0679,A,mrac.z.e,0.047833811
40.0679,A,mrac.z.u_ad,0.10152068
40.0679,A,status.arm,0
40.0679,A,status.flymode,0
40.0679,A,status.rc_authority,0
40.0679,A,status.sbus_lost,0
40.0679,A,status.twc_arrived,0
40.0679,A,status.twc_execute,0
40.0679,B,mrac.pitch.theta_0,3.1574524e-05
40.0679,B,mrac.pitch.theta_1,0.00028120895
40.0679,B,mrac.pitch.theta_2,0.0033872598
40.0679,B,mrac.pitch.theta_3,0.0051660882
40.0679,B,mrac.pitch.theta_4,0.15965649
40.0679,B,mrac.pitch.theta_5,0.14325996
40.0679,B,mrac.pitch.u_nom,-0.1002053
40.0679,B,mrac.pitch.xm,-0.52157962
40.0679,B,mrac.roll.theta_0,3.7003005e-07
40.0679,B,mrac.roll.theta_1,0.0020063147
40.0679,B,mrac.roll.theta_2,0.0095178522
40.0679,B,mrac.roll.theta_3,0.0078146504
40.0679,B,mrac.roll.theta_4,0.13735634
40.0679,B,mrac.roll.theta_5,0.14624953
40.0679,B,mrac.roll.u_nom,-0.15759626
40.0679,B,mrac.roll.xm,-0.60746771
40.0679,B,mrac.yaw.theta_0,0.0013360217
40.0679,B,mrac.yaw.theta_1,0.014884084
40.0679,B,mrac.yaw.theta_2,0.0012645351
40.0679,B,mrac.yaw.theta_3,0
40.0679,B,mrac.yaw.theta_4,0.11345459
40.0679,B,mrac.yaw.theta_5,0.088746004
40.0679,B,mrac.yaw.u_nom,-0.13354701
40.0679,B,mrac.yaw.xm,-1.0471979
40.0679,B,mrac.z.theta_0,0.14458026
40.0679,B,mrac.z.theta_1,1.4730118e-08
40.0679,B,mrac.z.theta_2,0.0064671501
40.0679,B,mrac.z.theta_3,0
40.0679,B,mrac.z.theta_4,0.19734491
40.0679,B,mrac.z.theta_5,0.18191622
40.0679,B,mrac.z.u_nom,-0.27877983
40.0679,B,mrac.z.xm,0
40.0679,B,path.active_path_mode,0
40.0679,B,path.circle_theta,0
40.0679,B,path.sinusoid_t_elapsed,0
40.0679,B,path.twc_arrived,0
40.0679,B,path.twc_target_x,0
40.0679,B,path.twc_target_y,0
40.0679,B,path.twc_target_z,0
40.0679,B,pid.gyrox.Des,-34.805321
40.0679,B,pid.gyrox.FB,-3.1673727
40.0679,B,pid.gyrox.U,-184.38762
40.0679,B,pid.gyroy.Des,-29.884298
40.0679,B,pid.gyroy.FB,-8.8576269
40.0679,B,pid.gyroy.U,-117.2402
40.0679,B,pid.gyroz.Des,-60
40.0679,B,pid.gyroz.FB,-16.324465
40.0679,B,pid.gyroz.U,-250
40.0679,B,pid.locx.Des,0
40.0679,B,pid.locx.FB,-4.7866883
40.0679,B,pid.locx.U,5.6504774
40.0679,B,pid.locxs.Des,5.6504774
40.0679,B,pid.locxs.FB,3.5536556
40.0679,B,pid.locxs.U,6.1102095
40.0679,B,pid.locy.Des,0
40.0679,B,pid.locy.FB,59.5592
40.0679,B,pid.locy.U,-49.649605
40.0679,B,pid.locys.Des,-49.649605
40.0679,B,pid.locys.FB,1.8361729
40.0679,B,pid.locys.U,-154.5303
40.0679,B,pid.pitch.Des,-7.8731527
40.0679,B,pid.pitch.FB,2.1219893
40.0679,B,pid.pitch.U,-29.884298
40.0679,B,pid.roll.Des,3.8190281
40.0679,B,pid.roll.FB,14.531722
40.0679,B,pid.roll.U,-34.805321
40.0679,B,pid.yaw.Des,-49.635666
40.0679,B,pid.yaw.FB,-27.325407
40.0679,B,pid.yaw.U,-120
40.0679,B,pid.z_pos.Des,1.3252628
40.0679,B,pid.z_pos.FB,1.3252628
40.0679,B,pid.z_pos.U,-0.088317379
40.0679,B,pid.z_rate.Des,0
40.0679,B,pid.z_rate.FB,0.12459092
40.0679,B,pid.z_rate.U,-61.889126
40.0679,B,status.vbat,0
40.2840,A,mrac.pitch.e,0.35431591
40.2840,A,mrac.pitch.u_ad,-0.075192682
40.2840,A,mrac.roll.e,0.37888277
40.2840,A,mrac.roll.u_ad,-0.074645221
40.2840,A,mrac.yaw.e,0.6692664
40.2840,A,mrac.yaw.u_ad,-0.11432558
40.2840,A,mrac.z.e,-0.0034891295
40.2840,A,mrac.z.u_ad,0.1296788
40.2840,A,status.arm,0
40.2840,A,status.flymode,0
40.2840,A,status.rc_authority,0
40.2840,A,status.sbus_lost,0
40.2840,A,status.twc_arrived,0
40.2840,A,status.twc_execute,0
40.2842,B,mrac.pitch.theta_0,7.4266277e-06
40.2842,B,mrac.pitch.theta_1,0.001276056
40.2842,B,mrac.pitch.theta_2,0.0033552106
40.2842,B,mrac.pitch.theta_3,0.0051633557
40.2842,B,mrac.pitch.theta_4,0.15978603
40.2842,B,mrac.pitch.theta_5,0.14346619
40.2842,B,mrac.pitch.u_nom,-0.078164786
40.2842,B,mrac.pitch.xm,-0.42270136
40.2842,B,mrac.roll.theta_0,5.3017558e-08
40.2842,B,mrac.roll.theta_1,0.0022811384
40.2842,B,mrac.roll.theta_2,0.0095039262
40.2842,B,mrac.roll.theta_3,0.0077210828
40.2842,B,mrac.roll.theta_4,0.13762693
40.2842,B,mrac.roll.theta_5,0.14634556
40.2842,B,mrac.roll.u_nom,-0.17442556
40.2842,B,mrac.roll.xm,-0.51004016
40.2842,B,mrac.yaw.theta_0,0.00012991406
40.2842,B,mrac.yaw.theta_1,0.016284099
40.2842,B,mrac.yaw.theta_2,0.0011661181
40.2842,B,mrac.yaw.theta_3,0
40.2842,B,mrac.yaw.theta_4,0.11347567
40.2842,B,mrac.yaw.theta_5,0.088922612
40.2842,B,mrac.yaw.u_nom,-0.13354701
40.2842,B,mrac.yaw.xm,-1.0471979
40.2842,B,mrac.z.theta_0,0.14121969
40.2842,B,mrac.z.theta_1,1.4658204e-08
40.2842,B,mrac.z.theta_2,0.0064657251
40.2842,B,mrac.z.theta_3,0
40.2842,B,mrac.z.theta_4,0.19732726
40.2842,B,mrac.z.theta_5,0.18189441
40.2842,B,mrac.z.u_nom,-0.044846009
40.2842,B,mrac.z.xm,0
40.2842,B,path.active_path_mode,0
40.2842,B,path.circle_theta,0
40.2842,B,path.sinusoid_t_elapsed,0
40.2842,B,path.twc_arrived,0
40.2842,B,path.twc_target_x,0
40.2842,B,path.twc_target_y,0
40.2842,B,path.twc_target_z,0
40.2842,B,pid.gyrox.Des,-29.223135
40.2842,B,pid.gyrox.FB,4.2579131
40.2842,B,pid.gyrox.U,-204.0779
40.2842,B,pid.gyroy.Des,-24.218994
40.2842,B,pid.gyroy.FB,-7.3813515
40.2842,B,pid.gyroy.U,-91.452797
40.2842,B,pid.gyroz.Des,-60
40.2842,B,pid.gyroz.FB,-23.459921
40.2842,B,pid.gyroz.U,-250
40.2842,B,pid.locx.Des,0
40.2842,B,pid.locx.FB,-2.3973894
40.2842,B,pid.locx.U,3.555006
40.2842,B,pid.locxs.Des,3.555006
40.2842,B,pid.locxs.FB,8.4052649
40.2842,B,pid.locxs.U,-9.6857843
40.2842,B,pid.locy.Des,0
40.2842,B,pid.locy.FB,60.330818
40.2842,B,pid.locy.U,-50.40287
40.2842,B,pid.locys.Des,-50.40287
40.2842,B,pid.locys.FB,5.4177041
40.2842,B,pid.locys.U,-164.55963
40.2842,B,pid.pitch.Des,-7.4993701
40.2842,B,pid.pitch.FB,0.61633259
40.2842,B,pid.pitch.U,-24.218994
40.2842,B,pid.roll.Des,5.6656222
40.2842,B,pid.roll.FB,14.036707
40.2842,B,pid.roll.U,-29.223135
40.2842,B,pid.yaw.Des,-49.635666
40.2842,B,pid.yaw.FB,-32.804264
40.2842,B,pid.yaw.U,-101.90813
40.2842,B,pid.z_pos.Des,1.3290157
40.2842,B,pid.z_pos.FB,1.3290157
40.2842,B,pid.z_pos.U,-0.088317379
40.2842,B,pid.z_rate.Des,0
40.2842,B,pid.z_rate.FB,-0.0071084886
40.2842,B,pid.z_rate.U,-9.9558144
40.2842,B,status.vbat,0
40.5006,A,mrac.pitch.e,0.38510269
40.5006,A,mrac.pitch.u_ad,-0.08380641
40.5006,A,mrac.roll.e,0.24451503
40.5006,A,mrac.roll.u_ad,-0.062695064
40.5006,A,mrac.yaw.e,0.85409248
40.5006,A,mrac.yaw.u_ad,-0.11249427
40.5006,A,mrac.z.e,-0.007923088
40.5006,A,mrac.z.u_ad,0.1447366
40.5006,A,status.arm,0
40.5006,A,status.flymode,0
40.5006,A,status.rc_authority,0
40.5006,A,status.sbus_lost,0
40.5006,A,status.twc_arrived,0
40.5006,A,status.twc_execute,0
40.5006,B,mrac.pitch.theta_0,2.1106487e-06
40.5006,B,mrac.pitch.theta_1,0.0014435333
40.5006,B,mrac.pitch.theta_2,0.0033514681
40.5006,B,mrac.pitch.theta_3,0.0051567936
40.5006,B,mrac.pitch.theta_4,0.15997735
40.5006,B,mrac.pitch.theta_5,0.1436193
40.5006,B,mrac.pitch.u_nom,-0.14974229
40.5006,B,mrac.pitch.xm,-0.43160301
40.5006,B,mrac.roll.theta_0,1.5651102e-08
40.5006,B,mrac.roll.theta_1,0.0024986116
40.5006,B,mrac.roll.theta_2,0.0094957622
40.5006,B,mrac.roll.theta_3,0.0077079767
40.5006,B,mrac.roll.theta_4,0.13775924
40.5006,B,mrac.roll.theta_5,0.14639893
40.5006,B,mrac.roll.u_nom,-0.032708637
40.5006,B,mrac.roll.xm,-0.41180533
40.5006,B,mrac.yaw.theta_0,2.5781135e-05
40.5006,B,mrac.yaw.theta_1,0.017081864
40.5006,B,mrac.yaw.theta_2,0.0011188448
40.5006,B,mrac.yaw.theta_3,0
40.5006,B,mrac.yaw.theta_4,0.11348893
40.5006,B,mrac.yaw.theta_5,0.089021668
40.5006,B,mrac.yaw.u_nom,-0.13354701
40.5006,B,mrac.yaw.xm,-1.0471979
40.5006,B,mrac.z.theta_0,0.14121969
40.5006,B,mrac.z.theta_1,1.4658204e-08
40.5006,B,mrac.z.theta_2,0.0064657251
40.5006,B,mrac.z.theta_3,0
40.5006,B,mrac.z.theta_4,0.19732726
40.5006,B,mrac.z.theta_5,0.18189441
40.5006,B,mrac.z.u_nom,-0.096666217
40.5006,B,mrac.z.xm,0
40.5006,B,path.active_path_mode,0
40.5006,B,path.circle_theta,0
40.5006,B,path.sinusoid_t_elapsed,0
40.5006,B,path.twc_arrived,0
40.5006,B,path.twc_target_x,0
40.5006,B,path.twc_target_y,0
40.5006,B,path.twc_target_z,0
40.5006,B,pid.gyrox.Des,-23.594698
40.5006,B,pid.gyrox.FB,-8.4613838
40.5006,B,pid.gyrox.U,-38.269104
40.5006,B,pid.gyroy.Des,-24.729021
40.5006,B,pid.gyroy.FB,5.7708163
40.5006,B,pid.gyroy.U,-175.19849
40.5006,B,pid.gyroz.Des,-60
40.5006,B,pid.gyroz.FB,-15.529016
40.5006,B,pid.gyroz.U,-250
40.5006,B,pid.locx.Des,0
40.5006,B,pid.locx.FB,-1.4920633
40.5006,B,pid.locx.U,3.0778351
40.5006,B,pid.locxs.Des,3.0778351
40.5006,B,pid.locxs.FB,4.065495
40.5006,B,pid.locxs.U,-2.9247465
40.5006,B,pid.locy.Des,0
40.5006,B,pid.locy.FB,60.64444
40.5006,B,pid.locy.U,-50.573601
40.5006,B,pid.locys.Des,-50.573601
40.5006,B,pid.locys.FB,2.9106269
40.5006,B,pid.locys.U,-160.58963
40.5006,B,pid.pitch.Des,-7.2806621
40.5006,B,pid.pitch.FB,0.89642155
40.5006,B,pid.pitch.U,-24.729021
40.5006,B,pid.roll.Des,5.5823331
40.5006,B,pid.roll.FB,13.542583
40.5006,B,pid.roll.U,-23.594698
40.5006,B,pid.yaw.Des,-49.635666
40.5006,B,pid.yaw.FB,-35.600197
40.5006,B,pid.yaw.U,-85.132538
40.5006,B,pid.z_pos.Des,1.3317459
40.5006,B,pid.z_pos.FB,1.3317459
40.5006,B,pid.z_pos.U,-0.088317379
40.5006,B,pid.z_rate.Des,0
40.5006,B,pid.z_rate.FB,0.02133633
40.5006,B,pid.z_rate.U,-21.4599
40.5006,B,status.vbat,0
40.6983,A,mrac.pitch.e,-0.33844942
40.6983,A,mrac.pitch.u_ad,-0.027862474
40.6983,A,mrac.roll.e,0.21410729
40.6983,A,mrac.roll.u_ad,-0.03623981
40.6983,A,mrac.yaw.e,0.80028594
40.6983,A,mrac.yaw.u_ad,-0.11203655
40.6983,A,mrac.z.e,-0.042547315
40.6983,A,mrac.z.u_ad,0.16361073
40.6983,A,status.arm,0
40.6983,A,status.flymode,0
40.6983,A,status.rc_authority,0
40.6983,A,status.sbus_lost,0
40.6983,A,status.twc_arrived,0
40.6983,A,status.twc_execute,0
40.6984,B,mrac.pitch.theta_0,0.00475951
40.6984,B,mrac.pitch.theta_1,0.0016754159
40.6984,B,mrac.pitch.theta_2,0.0033749416
40.6984,B,mrac.pitch.theta_3,0.0051227617
40.6984,B,mrac.pitch.theta_4,0.16020253
40.6984,B,mrac.pitch.theta_5,0.1436898
40.6984,B,mrac.pitch.u_nom,0.064742453
40.6984,B,mrac.pitch.xm,-0.31416696
40.6984,B,mrac.roll.theta_0,5.9260974e-09
40.6984,B,mrac.roll.theta_1,0.002850947
40.6984,B,mrac.roll.theta_2,0.0094772996
40.6984,B,mrac.roll.theta_3,0.0076746517
40.6984,B,mrac.roll.theta_4,0.13779563
40.6984,B,mrac.roll.theta_5,0.14640208
40.6984,B,mrac.roll.u_nom,-0.033444036
40.6984,B,mrac.roll.xm,-0.21034165
40.6984,B,mrac.yaw.theta_0,1.5251281e-06
40.6984,B,mrac.yaw.theta_1,0.018137496
40.6984,B,mrac.yaw.theta_2,0.00107386
40.6984,B,mrac.yaw.theta_3,0
40.6984,B,mrac.yaw.theta_4,0.11351005
40.6984,B,mrac.yaw.theta_5,0.089158654
40.6984,B,mrac.yaw.u_nom,-0.13354701
40.6984,B,mrac.yaw.xm,-1.0471979
40.6984,B,mrac.z.theta_0,0.15439747
40.6984,B,mrac.z.theta_1,1.4358342e-08
40.6984,B,mrac.z.theta_2,0.0064751296
40.6984,B,mrac.z.theta_3,0
40.6984,B,mrac.z.theta_4,0.19728811
40.6984,B,mrac.z.theta_5,0.18184532
40.6984,B,mrac.z.u_nom,0.055726532
40.6984,B,mrac.z.xm,0
40.6984,B,path.active_path_mode,0
40.6984,B,path.circle_theta,0
40.6984,B,path.sinusoid_t_elapsed,0
40.6984,B,path.twc_arrived,0
40.6984,B,path.twc_target_x,0
40.6984,B,path.twc_target_y,0
40.6984,B,path.twc_target_z,0
40.6984,B,pid.gyrox.Des,-12.051683
40.6984,B,pid.gyrox.FB,3.5535703
40.6984,B,pid.gyrox.U,-39.12952
40.6984,B,pid.gyroy.Des,-18.000433
40.6984,B,pid.gyroy.FB,-30.80036
40.6984,B,pid.gyroy.U,75.748672
40.6984,B,pid.gyroz.Des,-60
40.6984,B,pid.gyroz.FB,-12.598329
40.6984,B,pid.gyroz.U,-250
40.6984,B,pid.locx.Des,0
40.6984,B,pid.locx.FB,-0.08521302
40.6984,B,pid.locx.U,1.7159673
40.6984,B,pid.locxs.Des,1.7159673
40.6984,B,pid.locxs.FB,9.9071941
40.6984,B,pid.locxs.U,-25.115656
40.6984,B,pid.locy.Des,0
40.6984,B,pid.locy.FB,61.787815
40.6984,B,pid.locy.U,-51.625057
40.6984,B,pid.locys.Des,-51.625057
40.6984,B,pid.locys.FB,6.8445253
40.6984,B,pid.locys.U,-175.79297
40.6984,B,pid.pitch.Des,-6.8291187
40.6984,B,pid.pitch.FB,-0.41869125
40.6984,B,pid.pitch.U,-18.000433
40.6984,B,pid.roll.Des,7.6081991
40.6984,B,pid.roll.FB,11.603665
40.6984,B,pid.roll.U,-12.051683
40.6984,B,pid.yaw.Des,-49.635666
40.6984,B,pid.yaw.FB,-39.402878
40.6984,B,pid.yaw.U,-62.316448
40.6984,B,pid.z_pos.Des,1.3125784
40.6984,B,pid.z_pos.FB,1.3125784
40.6984,B,pid.z_pos.U,-0.088317379
40.6984,B,pid.z_rate.Des,0
40.6984,B,pid.z_rate.FB,-0.061963264
40.6984,B,pid.z_rate.U,12.37129
40.6984,B,status.vbat,0
40.8994,A,mrac.pitch.e,-0.30025905
40.8994,A,mrac.pitch.u_ad,0.035214953
40.8994,A,mrac.roll.e,0.081393659
40.8994,A,mrac.roll.u_ad,-0.012740902
40.8994,A,mrac.yaw.e,0.60829365
40.8994,A,mrac.yaw.u_ad,-0.082907908
40.8994,A,mrac.z.e,-0.12542531
40.8994,A,mrac.z.u_ad,0.21360917
40.8994,A,status.arm,0
40.8994,A,status.flymode,0
40.8994,A,status.rc_authority,0
40.8994,A,status.sbus_lost,0
40.8994,A,status.twc_arrived,0
40.8994,A,status.twc_execute,0
40.8995,B,mrac.pitch.theta_0,0.03130766
40.8995,B,mrac.pitch.theta_1,0.0014039942
40.8995,B,mrac.pitch.theta_2,0.0035827889
40.8995,B,mrac.pitch.theta_3,0.0051408377
40.8995,B,mrac.pitch.theta_4,0.1602633
40.8995,B,mrac.pitch.theta_5,0.14332312
40.8995,B,mrac.pitch.u_nom,0.023620296
40.8995,B,mrac.pitch.xm,-0.086249381
40.8995,B,mrac.roll.theta_0,0.0030813399
40.8995,B,mrac.roll.theta_1,0.0028575633
40.8995,B,mrac.roll.theta_2,0.0094834659
40.8995,B,mrac.roll.theta_3,0.0076354113
40.8995,B,mrac.roll.theta_4,0.13780154
40.8995,B,mrac.roll.theta_5,0.14635518
40.8995,B,mrac.roll.u_nom,0.027783321
40.8995,B,mrac.roll.xm,-0.13492788
40.8995,B,mrac.yaw.theta_0,2.951349e-07
40.8995,B,mrac.yaw.theta_1,0.018838277
40.8995,B,mrac.yaw.theta_2,0.0010422824
40.8995,B,mrac.yaw.theta_3,0
40.8995,B,mrac.yaw.theta_4,0.11353232
40.8995,B,mrac.yaw.theta_5,0.08921387
40.8995,B,mrac.yaw.u_nom,-0.13354701
40.8995,B,mrac.yaw.xm,-0.75156146
40.8995,B,mrac.z.theta_0,0.16600293
40.8995,B,mrac.z.theta_1,1.3989612e-08
40.8995,B,mrac.z.theta_2,0.0064937854
40.8995,B,mrac.z.theta_3,0
40.8995,B,mrac.z.theta_4,0.19727324
40.8995,B,mrac.z.theta_5,0.1818126
40.8995,B,mrac.z.u_nom,0.22819011
40.8995,B,mrac.z.xm,0
40.8995,B,path.active_path_mode,0
40.8995,B,path.circle_theta,0
40.8995,B,path.sinusoid_t_elapsed,0
40.8995,B,path.twc_arrived,0
40.8995,B,path.twc_target_x,0
40.8995,B,path.twc_target_y,0
40.8995,B,path.twc_target_z,0
40.8995,B,pid.gyrox.Des,-7.7307949
40.8995,B,pid.gyrox.FB,-15.053546
40.8995,B,pid.gyrox.U,32.506485
40.8995,B,pid.gyroy.Des,-4.9417233
40.8995,B,pid.gyroy.FB,-11.102419
40.8995,B,pid.gyroy.U,27.635746
40.8995,B,pid.gyroz.Des,-43.061283
40.8995,B,pid.gyroz.FB,-11.52137
40.8995,B,pid.gyroz.U,-250
40.8995,B,pid.locx.Des,0
40.8995,B,pid.locx.FB,1.55222
40.8995,B,pid.locx.U,0.25197339
40.8995,B,pid.locxs.Des,0.25197339
40.8995,B,pid.locxs.FB,9.449564
40.8995,B,pid.locxs.U,-28.043774
40.8995,B,pid.locy.Des,0
40.8995,B,pid.locy.FB,62.419701
40.8995,B,pid.locy.U,-52.118027
40.8995,B,pid.locys.Des,-52.118027
40.8995,B,pid.locys.FB,5.9754272
40.8995,B,pid.locys.U,-174.6479
40.8995,B,pid.pitch.Des,-6.2602019
40.8995,B,pid.pitch.FB,-4.4696541
40.8995,B,pid.pitch.U,-4.9417233
40.8995,B,pid.roll.Des,8.0363913
40.8995,B,pid.roll.FB,10.881234
40.8995,B,pid.roll.U,-7.7307949
40.8995,B,pid.yaw.Des,-49.635666
40.8995,B,pid.yaw.FB,-42.612072
40.8995,B,pid.yaw.U,-43.061283
40.8995,B,pid.z_pos.Des,1.2923249
40.8995,B,pid.z_pos.FB,1.2923249
40.8995,B,pid.z_pos.U,-0.088317379
40.8995,B,pid.z_rate.Des,0
40.8995,B,pid.z_rate.FB,-0.15674645
40.8995,B,pid.z_rate.U,50.658203
40.8995,B,status.vbat,0
41.1153,A,mrac.pitch.e,0.12940136
41.1153,A,mrac.pitch.u_ad,0.014039339
41.1153,A,mrac.roll.e,-0.015600661
41.1153,A,mrac.roll.u_ad,0.018176146
41.1153,A,mrac.yaw.e,0.66314161
41.1153,A,mrac.yaw.u_ad,-0.071036488
41.1153,A,mrac.z.e,-0.073178008
41.1153,A,mrac.z.u_ad,0.23786351
41.1153,A,status.arm,0
41.1153,A,status.flymode,0
41.1153,A,status.rc_authority,0
41.1153,A,status.sbus_lost,0
41.1153,A,status.twc_arrived,0
41.1153,A,status.twc_execute,0
41.1153,B,mrac.pitch.theta_0,0.032184657
41.1153,B,mrac.pitch.theta_1,0.0012918002
41.1153,B,mrac.pitch.theta_2,0.0036129134
41.1153,B,mrac.pitch.theta_3,0.0051399916
41.1153,B,mrac.pitch.theta_4,0.16030422
41.1153,B,mrac.pitch.theta_5,0.143224
41.1153,B,mrac.pitch.u_nom,-0.072165154
41.1153,B,mrac.pitch.xm,-0.064552546
41.1153,B,mrac.roll.theta_0,0.020365534
41.1153,B,mrac.roll.theta_1,0.0026747792
41.1153,B,mrac.roll.theta_2,0.0095269913
41.1153,B,mrac.roll.theta_3,0.0076298057
41.1153,B,mrac.roll.theta_4,0.13784453
41.1153,B,mrac.roll.theta_5,0.14622425
41.1153,B,mrac.roll.u_nom,0.025539776
41.1153,B,mrac.roll.xm,-0.03535619
41.1153,B,mrac.yaw.theta_0,1.868057e-08
41.1153,B,mrac.yaw.theta_1,0.019175295
41.1153,B,mrac.yaw.theta_2,0.0010336594
41.1153,B,mrac.yaw.theta_3,0
41.1153,B,mrac.yaw.theta_4,0.11359123
41.1153,B,mrac.yaw.theta_5,0.089260802
41.1153,B,mrac.yaw.u_nom,-0.13354701
41.1153,B,mrac.yaw.xm,-0.61728096
41.1153,B,mrac.z.theta_0,0.19709429
41.1153,B,mrac.z.theta_1,1.293381e-08
41.1153,B,mrac.z.theta_2,0.0065621696
41.1153,B,mrac.z.theta_3,0
41.1153,B,mrac.z.theta_4,0.1972474
41.1153,B,mrac.z.theta_5,0.18172897
41.1153,B,mrac.z.u_nom,0.27328542
41.1153,B,mrac.z.xm,0
41.1153,B,path.active_path_mode,0
41.1153,B,path.circle_theta,0
41.1153,B,path.sinusoid_t_elapsed,0
41.1153,B,path.twc_arrived,0
41.1153,B,path.twc_target_x,0
41.1153,B,path.twc_target_y,0
41.1153,B,path.twc_target_z,0
41.1153,B,pid.gyrox.Des,-2.0257597
41.1153,B,pid.gyrox.FB,-7.035161
41.1153,B,pid.gyrox.U,29.881538
41.1153,B,pid.gyroy.Des,-3.6985869
41.1153,B,pid.gyroy.FB,6.8355207
41.1153,B,pid.gyroy.U,-84.433228
41.1153,B,pid.gyroz.Des,-35.36758
41.1153,B,pid.gyroz.FB,-1.0996432
41.1153,B,pid.gyroz.U,-250
41.1153,B,pid.locx.Des,0
41.1153,B,pid.locx.FB,3.0855365
41.1153,B,pid.locx.U,-1.3272346
41.1153,B,pid.locxs.Des,-1.3272346
41.1153,B,pid.locxs.FB,3.5758095
41.1153,B,pid.locxs.U,-14.928628
41.1153,B,pid.locy.Des,0
41.1153,B,pid.locy.FB,63.388561
41.1153,B,pid.locy.U,-52.807911
41.1153,B,pid.locys.Des,-52.807911
41.1153,B,pid.locys.FB,2.052702
41.1153,B,pid.locys.U,-164.61539
41.1153,B,pid.pitch.Des,-6.2394934
41.1153,B,pid.pitch.FB,-5.0699449
41.1153,B,pid.pitch.U,-3.6985869
41.1153,B,pid.roll.Des,7.2296391
41.1153,B,pid.roll.FB,8.0103407
41.1153,B,pid.roll.U,-2.0257597
41.1153,B,pid.yaw.Des,-49.635666
41.1153,B,pid.yaw.FB,-43.894356
41.1153,B,pid.yaw.U,-35.36758
41.1153,B,pid.z_pos.Des,1.2526882
41.1153,B,pid.z_pos.FB,1.2526882
41.1153,B,pid.z_pos.U,-0.088317379
41.1153,B,pid.z_rate.Des,0
41.1153,B,pid.z_rate.FB,-0.18046448
41.1153,B,pid.z_rate.U,60.669365
41.1153,B,status.vbat,0
41.3166,A,mrac.pitch.e,-0.13959327
41.3166,A,mrac.pitch.u_ad,0.012385868
41.3166,A,mrac.roll.e,-0.36087716
41.3166,A,mrac.roll.u_ad,0.063031152
41.3166,A,mrac.yaw.e,0.55404896
41.3166,A,mrac.yaw.u_ad,-0.067963891
41.3166,A,mrac.z.e,-0.1622466
41.3166,A,mrac.z.u_ad,0.20004803
41.3166,A,status.arm,0
41.3166,A,status.flymode,0
41.3166,A,status.rc_authority,0
41.3166,A,status.sbus_lost,0
41.3166,A,status.twc_arrived,0
41.3166,A,status.twc_execute,0
41.3166,B,mrac.pitch.theta_0,0.023619132
41.3166,B,mrac.pitch.theta_1,0.0012896006
41.3166,B,mrac.pitch.theta_2,0.0036119549
41.3166,B,mrac.pitch.theta_3,0.0051388955
41.3166,B,mrac.pitch.theta_4,0.16030183
41.3166,B,mrac.pitch.theta_5,0.14321166
41.3166,B,mrac.pitch.u_nom,-0.018602258
41.3166,B,mrac.pitch.xm,-0.082397744
41.3166,B,mrac.roll.theta_0,0.033200398
41.3166,B,mrac.roll.theta_1,0.0025982806
41.3166,B,mrac.roll.theta_2,0.0095390528
41.3166,B,mrac.roll.theta_3,0.0076286625
41.3166,B,mrac.roll.theta_4,0.1378611
41.3166,B,mrac.roll.theta_5,0.14618781
41.3166,B,mrac.roll.u_nom,0.054193892
41.3166,B,mrac.roll.xm,0.036593057
41.3166,B,mrac.yaw.theta_0,2.6816072e-09
41.3166,B,mrac.yaw.theta_1,0.019169955
41.3166,B,mrac.yaw.theta_2,0.0010310999
41.3166,B,mrac.yaw.theta_3,0
41.3166,B,mrac.yaw.theta_4,0.11363336
41.3166,B,mrac.yaw.theta_5,0.089286044
41.3166,B,mrac.yaw.u_nom,-0.11795034
41.3166,B,mrac.yaw.xm,-0.61303419
41.3166,B,mrac.z.theta_0,0.20121075
41.3166,B,mrac.z.theta_1,1.2854811e-08
41.3166,B,mrac.z.theta_2,0.0065646861
41.3166,B,mrac.z.theta_3,0
41.3166,B,mrac.z.theta_4,0.19723397
41.3166,B,mrac.z.theta_5,0.18171261
41.3166,B,mrac.z.u_nom,-0.084193468
41.3166,B,mrac.z.xm,0
41.3166,B,path.active_path_mode,0
41.3166,B,path.circle_theta,0
41.3166,B,path.sinusoid_t_elapsed,0
41.3166,B,path.twc_arrived,0
41.3166,B,path.twc_target_x,0
41.3166,B,path.twc_target_y,0
41.3166,B,path.twc_target_z,0
41.3166,B,pid.gyrox.Des,2.0966268
41.3166,B,pid.gyrox.FB,-12.062414
41.3166,B,pid.gyrox.U,63.406853
41.3166,B,pid.gyroy.Des,-4.7210412
41.3166,B,pid.gyroy.FB,-0.50211352
41.3166,B,pid.gyroy.U,-21.764641
41.3166,B,pid.gyroz.Des,-35.124256
41.3166,B,pid.gyroz.FB,-7.6208391
41.3166,B,pid.gyroz.U,-220.80304
41.3166,B,pid.locx.Des,0
41.3166,B,pid.locx.FB,3.2891197
41.3166,B,pid.locx.U,-1.9573138
41.3166,B,pid.locxs.Des,-1.9573138
41.3166,B,pid.locxs.FB,2.1866753
41.3166,B,pid.locxs.U,-12.681215
41.3166,B,pid.locy.Des,0
41.3166,B,pid.locy.FB,64.151779
41.3166,B,pid.locy.U,-53.524036
41.3166,B,pid.locys.Des,-53.524036
41.3166,B,pid.locys.FB,3.4954901
41.3166,B,pid.locys.U,-171.34122
41.3166,B,pid.pitch.Des,-6.6171598
41.3166,B,pid.pitch.FB,-5.0418696
41.3166,B,pid.pitch.U,-4.7210412
41.3166,B,pid.roll.Des,7.4088597
41.3166,B,pid.roll.FB,6.8781729
41.3166,B,pid.roll.U,2.0966268
41.3166,B,pid.yaw.Des,-49.635666
41.3166,B,pid.yaw.FB,-43.93491
41.3166,B,pid.yaw.U,-35.124256
41.3166,B,pid.z_pos.Des,1.2559813
41.3166,B,pid.z_pos.FB,1.2559813
41.3166,B,pid.z_pos.U,-0.088317379
41.3166,B,pid.z_rate.Des,0
41.3166,B,pid.z_rate.FB,0.018594377
41.3166,B,pid.z_rate.U,-18.69095
41.3166,B,status.vbat,0
41.5322,A,mrac.pitch.e,-0.49254861
41.5322,A,mrac.pitch.u_ad,0.090441629
41.5322,A,mrac.roll.e,0.070768222
41.5322,A,mrac.roll.u_ad,0.086963654
41.5322,A,mrac.yaw.e,0.48574829
41.5322,A,mrac.yaw.u_ad,-0.059978589
41.5322,A,mrac.z.e,-0.11554892
41.5322,A,mrac.z.u_ad,0.26908326
41.5322,A,status.arm,0
41.5322,A,status.flymode,0
41.5322,A,status.rc_authority,0
41.5322,A,status.sbus_lost,0
41.5322,A,status.twc_arrived,0
41.5322,A,status.twc_execute,0
41.5322,B,mrac.pitch.theta_0,0.058395296
41.5322,B,mrac.pitch.theta_1,0.0011142319
41.5322,B,mrac.pitch.theta_2,0.0037334892
41.5322,B,mrac.pitch.theta_3,0.0051398519
41.5322,B,mrac.pitch.theta_4,0.16040695
41.5322,B,mrac.pitch.theta_5,0.14311148
41.5322,B,mrac.pitch.u_nom,0.065739676
41.5322,B,mrac.pitch.xm,0.094072595
41.5322,B,mrac.roll.theta_0,0.065723531
41.5322,B,mrac.roll.theta_1,0.0023846352
41.5322,B,mrac.roll.theta_2,0.0095699206
41.5322,B,mrac.roll.theta_3,0.0076345969
41.5322,B,mrac.roll.theta_4,0.13799238
41.5322,B,mrac.roll.theta_5,0.1461295
41.5322,B,mrac.roll.u_nom,0.053807851
41.5322,B,mrac.roll.xm,0.14036892
41.5322,B,mrac.yaw.theta_0,1.8895042e-10
41.5322,B,mrac.yaw.theta_1,0.019335277
41.5322,B,mrac.yaw.theta_2,0.0010260447
41.5322,B,mrac.yaw.theta_3,0
41.5322,B,mrac.yaw.theta_4,0.11368276
41.5322,B,mrac.yaw.theta_5,0.0893066
41.5322,B,mrac.yaw.u_nom,-0.12244692
41.5322,B,mrac.yaw.xm,-0.50977206
41.5322,B,mrac.z.theta_0,0.22363375
41.5322,B,mrac.z.theta_1,1.2206563e-08
41.5322,B,mrac.z.theta_2,0.0066044959
41.5322,B,mrac.z.theta_3,0
41.5322,B,mrac.z.theta_4,0.19720602
41.5322,B,mrac.z.theta_5,0.18164717
41.5322,B,mrac.z.u_nom,0.28660363
41.5322,B,mrac.z.xm,0
41.5322,B,path.active_path_mode,0
41.5322,B,path.circle_theta,0
41.5322,B,path.sinusoid_t_elapsed,0
41.5322,B,path.twc_arrived,0
41.5322,B,path.twc_target_x,0
41.5322,B,path.twc_target_y,0
41.5322,B,path.twc_target_z,0
41.5322,B,pid.gyrox.Des,8.0425434
41.5322,B,pid.gyrox.FB,-2.459331
41.5322,B,pid.gyrox.U,62.955185
41.5322,B,pid.gyroy.Des,5.3899603
41.5322,B,pid.gyroy.FB,-12.784079
41.5322,B,pid.gyroy.U,76.915421
41.5322,B,pid.gyroz.Des,-29.207777
41.5322,B,pid.gyroz.FB,-0.66032279
41.5322,B,pid.gyroz.U,-229.22064
41.5322,B,pid.locx.Des,0
41.5322,B,pid.locx.FB,3.8418496
41.5322,B,pid.locx.U,-3.3470163
41.5322,B,pid.locxs.Des,-3.3470163
41.5322,B,pid.locxs.FB,3.5443101
41.5322,B,pid.locxs.U,-21.040359
41.5322,B,pid.locy.Des,0
41.5322,B,pid.locy.FB,66.142471
41.5322,B,pid.locy.U,-55.142849
41.5322,B,pid.locys.Des,-55.142849
41.5322,B,pid.locys.FB,6.3590775
41.5322,B,pid.locys.U,-184.65964
41.5322,B,pid.pitch.Des,-6.7073507
41.5322,B,pid.pitch.FB,-8.3397331
41.5322,B,pid.pitch.U,5.3899603
41.5322,B,pid.roll.Des,8.3396025
41.5322,B,pid.roll.FB,5.6736398
41.5322,B,pid.roll.U,8.0425434
41.5322,B,pid.yaw.Des,-49.635666
41.5322,B,pid.yaw.FB,-44.92099
41.5322,B,pid.yaw.U,-29.207777
41.5322,B,pid.z_pos.Des,1.2208773
41.5322,B,pid.z_pos.FB,1.2208773
41.5322,B,pid.z_pos.U,-0.088317379
41.5322,B,pid.z_rate.Des,0
41.5322,B,pid.z_rate.FB,-0.18639567
41.5322,B,pid.z_rate.U,63.626007
41.5322,B,status.vbat,0
41.7323,A,mrac.pitch.e,-0.0040438026
41.7323,A,mrac.pitch.u_ad,0.13751899
41.7323,A,mrac.roll.e,0.052228346
41.7323,A,mrac.roll.u_ad,0.068786733
41.7323,A,mrac.yaw.e,1.1182295
41.7323,A,mrac.yaw.u_ad,0
41.7323,A,mrac.z.e,0.09981247
41.7323,A,mrac.z.u_ad,0.1590126
41.7323,A,status.arm,0
41.7323,A,status.flymode,0
41.7323,A,status.rc_authority,0
41.7323,A,status.sbus_lost,0
41.7323,A,status.twc_arrived,0
41.7323,A,status.twc_execute,0
41.7324,B,mrac.pitch.theta_0,0.099992558
41.7324,B,mrac.pitch.theta_1,0.00094715535
41.7324,B,mrac.pitch.theta_2,0.0038608508
41.7324,B,mrac.pitch.theta_3,0.0051368633
41.7324,B,mrac.pitch.theta_4,0.16061927
41.7324,B,mrac.pitch.theta_5,0.14315559
41.7324,B,mrac.pitch.u_nom,0.043673959
41.7324,B,mrac.pitch.xm,0.24768643
41.7324,B,mrac.roll.theta_0,0.06206939
41.7324,B,mrac.roll.theta_1,0.0023448269
41.7324,B,mrac.roll.theta_2,0.0095614633
41.7324,B,mrac.roll.theta_3,0.0076335818
41.7324,B,mrac.roll.theta_4,0.13799514
41.7324,B,mrac.roll.theta_5,0.14608389
41.7324,B,mrac.roll.u_nom,0.023526622
41.7324,B,mrac.roll.xm,0.050968613
41.7324,B,mrac.yaw.theta_0,3.3837506e-11
41.7324,B,mrac.yaw.theta_1,0.01937039
41.7324,B,mrac.yaw.theta_2,0.0010232838
41.7324,B,mrac.yaw.theta_3,0
41.7324,B,mrac.yaw.theta_4,0.11370847
41.7324,B,mrac.yaw.theta_5,0.089312032
41.7324,B,mrac.yaw.u_nom,-0.13354701
41.7324,B,mrac.yaw.xm,-0.45570683
41.7324,B,mrac.z.theta_0,0.21720544
41.7324,B,mrac.z.theta_1,1.1746781e-08
41.7324,B,mrac.z.theta_2,0.0065967445
41.7324,B,mrac.z.theta_3,0
41.7324,B,mrac.z.theta_4,0.19717892
41.7324,B,mrac.z.theta_5,0.18158536
41.7324,B,mrac.z.u_nom,-0.14285938
41.7324,B,mrac.z.xm,0
41.7324,B,path.active_path_mode,0
41.7324,B,path.circle_theta,0
41.7324,B,path.sinusoid_t_elapsed,0
41.7324,B,path.twc_arrived,0
41.7324,B,path.twc_target_x,0
41.7324,B,path.twc_target_y,0
41.7324,B,path.twc_target_z,0
41.7324,B,pid.gyrox.Des,2.9202852
41.7324,B,pid.gyrox.FB,0.82125288
41.7324,B,pid.gyrox.U,27.526148
41.7324,B,pid.gyroy.Des,14.191381
41.7324,B,pid.gyroy.FB,-0.86340415
41.7324,B,pid.gyroy.U,51.098534
41.7324,B,pid.gyroz.Des,-26.110067
41.7324,B,pid.gyroz.FB,8.3219233
41.7324,B,pid.gyroz.U,-250
41.7324,B,pid.locx.Des,0
41.7324,B,pid.locx.FB,4.0605078
41.7324,B,pid.locx.U,-4.0985546
41.7324,B,pid.locxs.Des,-4.0985546
41.7324,B,pid.locxs.FB,1.4141724
41.7324,B,pid.locxs.U,-16.787117
41.7324,B,pid.locy.Des,0
41.7324,B,pid.locy.FB,66.574318
41.7324,B,pid.locy.U,-55.28796
41.7324,B,pid.locys.Des,-55.28796
41.7324,B,pid.locys.FB,0.010792136
41.7324,B,pid.locys.U,-170.16876
41.7324,B,pid.pitch.Des,-6.2112975
41.7324,B,pid.pitch.FB,-10.913702
41.7324,B,pid.pitch.U,14.191381
41.7324,B,pid.roll.Des,7.5866337
41.7324,B,pid.roll.FB,6.6152296
41.7324,B,pid.roll.U,2.9202852
41.7324,B,pid.yaw.Des,-49.635666
41.7324,B,pid.yaw.FB,-45.437275
41.7324,B,pid.yaw.U,-26.110067
41.7324,B,pid.z_pos.Des,1.2387277
41.7324,B,pid.z_pos.FB,1.2387277
41.7324,B,pid.z_pos.U,-0.088317379
41.7324,B,pid.z_rate.Des,0
41.7324,B,pid.z_rate.FB,0.051254418
41.7324,B,pid.z_rate.U,-31.714783
41.7324,B,status.vbat,0
41.9339,A,mrac.pitch.e,0.096769042
41.9339,A,mrac.pitch.u_ad,0.11786851
41.9339,A,mrac.roll.e,0.12492833
41.9339,A,mrac.roll.u_ad,0.044293772
41.9339,A,mrac.yaw.e,1.1262946
41.9339,A,mrac.yaw.u_ad,0
41.9339,A,mrac.z.e,0.1525894
41.9339,A,mrac.z.u_ad,0.15770455
41.9339,A,status.arm,0
41.9339,A,status.flymode,0
41.9339,A,status.rc_authority,0
41.9339,A,status.sbus_lost,0
41.9339,A,status.twc_arrived,0
41.9339,A,status.twc_execute,0
41.9340,B,mrac.pitch.theta_0,0.10593386
41.9340,B,mrac.pitch.theta_1,0.0010551984
41.9340,B,mrac.pitch.theta_2,0.0038634448
41.9340,B,mrac.pitch.theta_3,0.0051393993
41.9340,B,mrac.pitch.theta_4,0.16060744
41.9340,B,mrac.pitch.theta_5,0.14315349
41.9340,B,mrac.pitch.u_nom,-0.036558963
41.9340,B,mrac.pitch.xm,0.16721267
41.9340,B,mrac.roll.theta_0,0.055942196
41.9340,B,mrac.roll.theta_1,0.0023231977
41.9340,B,mrac.roll.theta_2,0.0095585147
41.9340,B,mrac.roll.theta_3,0.0076231896
41.9340,B,mrac.roll.theta_4,0.13800271
41.9340,B,mrac.roll.theta_5,0.1460638
41.9340,B,mrac.roll.u_nom,0.0026889215
41.9340,B,mrac.roll.xm,-0.035198066
41.9340,B,mrac.yaw.theta_0,1.8269983e-11
41.9340,B,mrac.yaw.theta_1,0.019039571
41.9340,B,mrac.yaw.theta_2,0.0010055272
41.9340,B,mrac.yaw.theta_3,0
41.9340,B,mrac.yaw.theta_4,0.11372033
41.9340,B,mrac.yaw.theta_5,0.089312196
41.9340,B,mrac.yaw.u_nom,-0.13354701
41.9340,B,mrac.yaw.xm,-0.86003834
41.9340,B,mrac.z.theta_0,0.20406987
41.9340,B,mrac.z.theta_1,1.1486875e-08
41.9340,B,mrac.z.theta_2,0.0065868157
41.9340,B,mrac.z.theta_3,0
41.9340,B,mrac.z.theta_4,0.19715822
41.9340,B,mrac.z.theta_5,0.18154173
41.9340,B,mrac.z.u_nom,-0.11275477
41.9340,B,mrac.z.xm,0
41.9340,B,path.active_path_mode,0
41.9340,B,path.circle_theta,0
41.9340,B,path.sinusoid_t_elapsed,0
41.9340,B,path.twc_arrived,0
41.9340,B,path.twc_target_x,0
41.9340,B,path.twc_target_y,0
41.9340,B,path.twc_target_z,0
41.9340,B,pid.gyrox.Des,-2.0166998
41.9340,B,pid.gyrox.FB,4.1393766
41.9340,B,pid.gyrox.U,3.1460381
41.9340,B,pid.gyroy.Des,9.5805759
41.9340,B,pid.gyroy.FB,12.537991
41.9340,B,pid.gyroy.U,-42.773987
41.9340,B,pid.gyroz.Des,-49.276546
41.9340,B,pid.gyroz.FB,16.805429
41.9340,B,pid.gyroz.U,-250
41.9340,B,pid.locx.Des,0
41.9340,B,pid.locx.FB,3.5966635
41.9340,B,pid.locx.U,-4.10112
41.9340,B,pid.locxs.Des,-4.10112
41.9340,B,pid.locxs.FB,-4.5729046
41.9340,B,pid.locxs.U,1.7862253
41.9340,B,pid.locy.Des,0
41.9340,B,pid.locy.FB,66.163109
41.9340,B,pid.locy.U,-54.747841
41.9340,B,pid.locys.Des,-54.747841
41.9340,B,pid.locys.FB,-5.3933792
41.9340,B,pid.locys.U,-148.11639
41.9340,B,pid.pitch.Des,-6.4776773
41.9340,B,pid.pitch.FB,-9.8728437
41.9340,B,pid.pitch.U,9.5805759
41.9340,B,pid.roll.Des,5.5632653
41.9340,B,pid.roll.FB,6.137485
41.9340,B,pid.roll.U,-2.0166998
41.9340,B,pid.yaw.Des,-49.635666
41.9340,B,pid.yaw.FB,-41.576195
41.9340,B,pid.yaw.U,-49.276546
41.9340,B,pid.z_pos.Des,1.2538161
41.9340,B,pid.z_pos.FB,1.2538161
41.9340,B,pid.z_pos.U,-0.088317379
41.9340,B,pid.z_rate.Des,0
41.9340,B,pid.z_rate.FB,0.033178896
41.9340,B,pid.z_rate.U,-25.031559
41.9340,B,status.vbat,0
42.1341,A,mrac.pitch.e,-0.4967103
42.1341,A,mrac.pitch.u_ad,0.16244103
42.1341,A,mrac.roll.e,0.35950267
42.1341,A,mrac.roll.u_ad,-0.00084545638
42.1341,A,mrac.yaw.e,1.087373
42.1341,A,mrac.yaw.u_ad,0
42.1341,A,mrac.z.e,-0.036946971
42.1341,A,mrac.z.u_ad,0.16522987
42.1341,A,status.arm,0
42.1341,A,status.flymode,0
42.1341,A,status.rc_authority,0
42.1341,A,status.sbus_lost,0
42.1341,A,status.twc_arrived,0
42.1341,A,status.twc_execute,0
42.1342,B,mrac.pitch.theta_0,0.11639225
42.1342,B,mrac.pitch.theta_1,0.00096751354
42.1342,B,mrac.pitch.theta_2,0.0039079827
42.1342,B,mrac.pitch.theta_3,0.0051443805
42.1342,B,mrac.pitch.theta_4,0.16068099
42.1342,B,mrac.pitch.theta_5,0.1430936
42.1342,B,mrac.pitch.u_nom,0.060077883
42.1342,B,mrac.pitch.xm,0.086061634
42.1342,B,mrac.roll.theta_0,0.028851381
42.1342,B,mrac.roll.theta_1,0.0021772289
42.1342,B,mrac.roll.theta_2,0.0095204422
42.1342,B,mrac.roll.theta_3,0.0076179802
42.1342,B,mrac.roll.theta_4,0.13804685
42.1342,B,mrac.roll.theta_5,0.1460142
42.1342,B,mrac.roll.u_nom,-0.076924905
42.1342,B,mrac.roll.xm,-0.099607609
42.1342,B,mrac.yaw.theta_0,1.8269983e-11
42.1342,B,mrac.yaw.theta_1,0.019039571
42.1342,B,mrac.yaw.theta_2,0.0010055272
42.1342,B,mrac.yaw.theta_3,0
42.1342,B,mrac.yaw.theta_4,0.11372033
42.1342,B,mrac.yaw.theta_5,0.089312196
42.1342,B,mrac.yaw.u_nom,-0.13354701
42.1342,B,mrac.yaw.xm,-1.0471979
42.1342,B,mrac.z.theta_0,0.18512253
42.1342,B,mrac.z.theta_1,1.1094127e-08
42.1342,B,mrac.z.theta_2,0.0065711625
42.1342,B,mrac.z.theta_3,0
42.1342,B,mrac.z.theta_4,0.1971333
42.1342,B,mrac.z.theta_5,0.18147992
42.1342,B,mrac.z.u_nom,-0.26933327
42.1342,B,mrac.z.xm,0
42.1342,B,path.active_path_mode,0
42.1342,B,path.circle_theta,0
42.1342,B,path.sinusoid_t_elapsed,0
42.1342,B,path.twc_arrived,0
42.1342,B,path.twc_target_x,0
42.1342,B,path.twc_target_y,0
42.1342,B,path.twc_target_z,0
42.1342,B,pid.gyrox.Des,-5.7070932
42.1342,B,pid.gyrox.FB,15.775363
42.1342,B,pid.gyrox.U,-90.002136
42.1342,B,pid.gyroy.Des,4.9309664
42.1342,B,pid.gyroy.FB,-17.123709
42.1342,B,pid.gyroy.U,70.291122
42.1342,B,pid.gyroz.Des,-60
42.1342,B,pid.gyroz.FB,-0.91351742
42.1342,B,pid.gyroz.U,-250
42.1342,B,pid.locx.Des,0
42.1342,B,pid.locx.FB,1.76412
42.1342,B,pid.locx.U,-3.1804304
42.1342,B,pid.locxs.Des,-3.1804304
42.1342,B,pid.locxs.FB,-4.2205496
42.1342,B,pid.locxs.U,3.3230009
42.1342,B,pid.locy.Des,0
42.1342,B,pid.locy.FB,66.01281
42.1342,B,pid.locy.U,-54.777077
42.1342,B,pid.locys.Des,-54.777077
42.1342,B,pid.locys.FB,0.4323895
42.1342,B,pid.locys.U,-165.48122
42.1342,B,pid.pitch.Des,-7.5119991
42.1342,B,pid.pitch.FB,-9.8360033
42.1342,B,pid.pitch.U,4.9309664
42.1342,B,pid.roll.Des,5.8457499
42.1342,B,pid.roll.FB,7.4845009
42.1342,B,pid.roll.U,-5.7070932
42.1342,B,pid.yaw.Des,-49.635666
42.1342,B,pid.yaw.FB,-39.150566
42.1342,B,pid.yaw.U,-63.830318
42.1342,B,pid.z_pos.Des,1.279747
42.1342,B,pid.z_pos.FB,1.279747
42.1342,B,pid.z_pos.U,-0.088317379
42.1342,B,pid.z_rate.Des,0
42.1342,B,pid.z_rate.FB,0.11877094
42.1342,B,pid.z_rate.U,-59.791985
42.1342,B,status.vbat,0
42.3340,A,mrac.pitch.e,-0.027316064
42.3340,A,mrac.pitch.u_ad,0.17934941
42.3340,A,mrac.roll.e,-0.046590686
42.3340,A,mrac.roll.u_ad,-0.012954202
42.3340,A,mrac.yaw.e,1.2572277
42.3340,A,mrac.yaw.u_ad,0
42.3340,A,mrac.z.e,0.083851911
42.3340,A,mrac.z.u_ad,0.14247109
42.3340,A,status.arm,0
42.3340,A,status.flymode,0
42.3340,A,status.rc_authority,0
42.3340,A,status.sbus_lost,0
42.3340,A,status.twc_arrived,0
42.3340,A,status.twc_execute,0
42.3341,B,mrac.pitch.theta_0,0.1409694
42.3341,B,mrac.pitch.theta_1,0.00084921072
42.3341,B,mrac.pitch.theta_2,0.0040083374
42.3341,B,mrac.pitch.theta_3,0.0051534069
42.3341,B,mrac.pitch.theta_4,0.16087799
42.3341,B,mrac.pitch.theta_5,0.14315328
42.3341,B,mrac.pitch.u_nom,0.058038466
42.3341,B,mrac.pitch.xm,0.26436469
42.3341,B,mrac.roll.theta_0,0.0091216434
42.3341,B,mrac.roll.theta_1,0.0019952403
42.3341,B,mrac.roll.theta_2,0.0094730854
42.3341,B,mrac.roll.theta_3,0.0076267719
42.3341,B,mrac.roll.theta_4,0.13814791
42.3341,B,mrac.roll.theta_5,0.14599301
42.3341,B,mrac.roll.u_nom,-0.045637708
42.3341,B,mrac.roll.xm,-0.17218356
42.3341,B,mrac.yaw.theta_0,1.8269983e-11
42.3341,B,mrac.yaw.theta_1,0.019039571
42.3341,B,mrac.yaw.theta_2,0.0010055272
42.3341,B,mrac.yaw.theta_3,0
42.3341,B,mrac.yaw.theta_4,0.11372033
42.3341,B,mrac.yaw.theta_5,0.089312196
42.3341,B,mrac.yaw.u_nom,-0.13354701
42.3341,B,mrac.yaw.xm,-1.0471979
42.3341,B,mrac.z.theta_0,0.18237031
42.3341,B,mrac.z.theta_1,1.097551e-08
42.3341,B,mrac.z.theta_2,0.0065686866
42.3341,B,mrac.z.theta_3,0
42.3341,B,mrac.z.theta_4,0.19710964
42.3341,B,mrac.z.theta_5,0.18144719
42.3341,B,mrac.z.u_nom,-0.25507754
42.3341,B,mrac.z.xm,0
42.3341,B,path.active_path_mode,0
42.3341,B,path.circle_theta,0
42.3341,B,path.sinusoid_t_elapsed,0
42.3341,B,path.twc_arrived,0
42.3341,B,path.twc_target_x,0
42.3341,B,path.twc_target_y,0
42.3341,B,path.twc_target_z,0
42.3341,B,pid.gyrox.Des,-9.865387
42.3341,B,pid.gyrox.FB,1.0623046
42.3341,B,pid.gyrox.U,-53.396118
42.3341,B,pid.gyroy.Des,15.146975
42.3341,B,pid.gyroy.FB,2.6494808
42.3341,B,pid.gyroy.U,67.905006
42.3341,B,pid.gyroz.Des,-60
42.3341,B,pid.gyroz.FB,6.6928773
42.3341,B,pid.gyroz.U,-250
42.3341,B,pid.locx.Des,0
42.3341,B,pid.locx.FB,1.2004236
42.3341,B,pid.locx.U,-2.881762
42.3341,B,pid.locxs.Des,-2.881762
42.3341,B,pid.locxs.FB,-1.4066076
42.3341,B,pid.locxs.U,-4.3210883
42.3341,B,pid.locy.Des,0
42.3341,B,pid.locy.FB,65.778267
42.3341,B,pid.locy.U,-54.60511
42.3341,B,pid.locys.Des,-54.60511
42.3341,B,pid.locys.FB,0.14647454
42.3341,B,pid.locys.U,-164.23636
42.3341,B,pid.pitch.Des,-7.1581626
42.3341,B,pid.pitch.FB,-12.227098
42.3341,B,pid.pitch.U,15.146975
42.3341,B,pid.roll.Des,6.0774198
42.3341,B,pid.roll.FB,9.3394299
42.3341,B,pid.roll.U,-9.865387
42.3341,B,pid.yaw.Des,-49.635666
42.3341,B,pid.yaw.FB,-39.055065
42.3341,B,pid.yaw.U,-64.403328
42.3341,B,pid.z_pos.Des,1.2825999
42.3341,B,pid.z_pos.FB,1.2825999
42.3341,B,pid.z_pos.U,-0.088317379
42.3341,B,pid.z_rate.Des,0
42.3341,B,pid.z_rate.FB,0.11092287
42.3341,B,pid.z_rate.U,-56.627216
42.3341,B,status.vbat,0
42.5503,A,mrac.pitch.e,0.20178622
42.5503,A,mrac.pitch.u_ad,0.12906525
42.5503,A,mrac.roll.e,0.3055383
42.5503,A,mrac.roll.u_ad,-0.030071734
42.5503,A,mrac.yaw.e,1.2279804
42.5503,A,mrac.yaw.u_ad,0
42.5503,A,mrac.z.e,-0.11033125
42.5503,A,mrac.z.u_ad,0.20213164
42.5503,A,status.arm,0
42.5503,A,status.flymode,0
42.5503,A,status.rc_authority,0
42.5503,A,status.sbus_lost,0
42.5503,A,status.twc_arrived,0
42.5503,A,status.twc_execute,0
42.5503,B,mrac.pitch.theta_0,0.12916455
42.5503,B,mrac.pitch.theta_1,0.00087985792
42.5503,B,mrac.pitch.theta_2,0.0039852867
42.5503,B,mrac.pitch.theta_3,0.005153446
42.5503,B,mrac.pitch.theta_4,0.1608703
42.5503,B,mrac.pitch.theta_5,0.14300448
42.5503,B,mrac.pitch.u_nom,-0.053725071
42.5503,B,mrac.pitch.xm,0.096963078
42.5503,B,mrac.roll.theta_0,0.0065642293
42.5503,B,mrac.roll.theta_1,0.0019928475
42.5503,B,mrac.roll.theta_2,0.0094708977
42.5503,B,mrac.roll.theta_3,0.0076185488
42.5503,B,mrac.roll.theta_4,0.13815609
42.5503,B,mrac.roll.theta_5,0.14595193
42.5503,B,mrac.roll.u_nom,-0.062032219
42.5503,B,mrac.roll.xm,-0.13990992
42.5503,B,mrac.yaw.theta_0,1.8269983e-11
42.5503,B,mrac.yaw.theta_1,0.019039571
42.5503,B,mrac.yaw.theta_2,0.0010055272
42.5503,B,mrac.yaw.theta_3,0
42.5503,B,mrac.yaw.theta_4,0.11372033
42.5503,B,mrac.yaw.theta_5,0.089312196
42.5503,B,mrac.yaw.u_nom,-0.13354701
42.5503,B,mrac.yaw.xm,-1.0471979
42.5503,B,mrac.z.theta_0,0.18561059
42.5503,B,mrac.z.theta_1,1.0748825e-08
42.5503,B,mrac.z.theta_2,0.0065738219
42.5503,B,mrac.z.theta_3,0
42.5503,B,mrac.z.theta_4,0.19706428
42.5503,B,mrac.z.theta_5,0.1813872
42.5503,B,mrac.z.u_nom,-0.035883967
42.5503,B,mrac.z.xm,0
42.5503,B,path.active_path_mode,0
42.5503,B,path.circle_theta,0
42.5503,B,path.sinusoid_t_elapsed,0
42.5503,B,path.twc_arrived,0
42.5503,B,path.twc_target_x,0
42.5503,B,path.twc_target_y,0
42.5503,B,path.twc_target_z,0
42.5503,B,pid.gyrox.Des,-8.0162449
42.5503,B,pid.gyrox.FB,6.9255724
42.5503,B,pid.gyrox.U,-72.577698
42.5503,B,pid.gyroy.Des,5.555573
42.5503,B,pid.gyroy.FB,15.843549
42.5503,B,pid.gyroy.U,-62.858334
42.5503,B,pid.gyroz.Des,-60
42.5503,B,pid.gyroz.FB,7.5194154
42.5503,B,pid.gyroz.U,-250
42.5503,B,pid.locx.Des,0
42.5503,B,pid.locx.FB,0.5874024
42.5503,B,pid.locx.U,-2.3790305
42.5503,B,pid.locxs.Des,-2.3790305
42.5503,B,pid.locxs.FB,-4.2247658
42.5503,B,pid.locxs.U,3.2785943
42.5503,B,pid.locy.Des,0
42.5503,B,pid.locy.FB,65.456139
42.5503,B,pid.locy.U,-54.252502
42.5503,B,pid.locys.Des,-54.252502
42.5503,B,pid.locys.FB,-4.3762259
42.5503,B,pid.locys.U,-151.28543
42.5503,B,pid.pitch.Des,-7.1140914
42.5503,B,pid.pitch.FB,-9.1780996
42.5503,B,pid.pitch.U,5.555573
42.5503,B,pid.roll.Des,5.0310884
42.5503,B,pid.roll.FB,7.6459532
42.5503,B,pid.roll.U,-8.0162449
42.5503,B,pid.yaw.Des,-49.635666
42.5503,B,pid.yaw.FB,-36.546558
42.5503,B,pid.yaw.U,-79.454369
42.5503,B,pid.z_pos.Des,1.2719463
42.5503,B,pid.z_pos.FB,1.2719463
42.5503,B,pid.z_pos.U,-0.088317379
42.5503,B,pid.z_rate.Des,0
42.5503,B,pid.z_rate.FB,-0.010881073
42.5503,B,pid.z_rate.U,-7.9662404
42.5503,B,status.vbat,0
42.7503,A,mrac.pitch.e,0.38932475
42.7503,A,mrac.pitch.u_ad,0.069433667
42.7503,A,mrac.roll.e,0.43109515
42.7503,A,mrac.roll.u_ad,-0.051724203
42.7503,A,mrac.yaw.e,0.71274436
42.7503,A,mrac.yaw.u_ad,-0.087660715
42.7503,A,mrac.z.e,0.14379163
42.7503,A,mrac.z.u_ad,0.21153057
42.7503,A,status.arm,0
42.7503,A,status.flymode,0
42.7503,A,status.rc_authority,0
42.7503,A,status.sbus_lost,0
42.7503,A,status.twc_arrived,0
42.7503,A,status.twc_execute,0
42.7503,B,mrac.pitch.theta_0,0.10532189
42.7503,B,mrac.pitch.theta_1,0.0008176557
42.7503,B,mrac.pitch.theta_2,0.0039508054
42.7503,B,mrac.pitch.theta_3,0.0051462464
42.7503,B,mrac.pitch.theta_4,0.16090737
42.7503,B,mrac.pitch.theta_5,0.14290065
42.7503,B,mrac.pitch.u_nom,-0.095204465
42.7503,B,mrac.pitch.xm,-0.017514478
42.7503,B,mrac.roll.theta_0,0.001814444
42.7503,B,mrac.roll.theta_1,0.0018391017
42.7503,B,mrac.roll.theta_2,0.0094343349
42.7503,B,mrac.roll.theta_3,0.0075869458
42.7503,B,mrac.roll.theta_4,0.13831683
42.7503,B,mrac.roll.theta_5,0.1459578
42.7503,B,mrac.roll.u_nom,-0.093441412
42.7503,B,mrac.roll.xm,-0.2770918
42.7503,B,mrac.yaw.theta_0,1.7254122e-11
42.7503,B,mrac.yaw.theta_1,0.019045178
42.7503,B,mrac.yaw.theta_2,0.0010054483
42.7503,B,mrac.yaw.theta_3,0
42.7503,B,mrac.yaw.theta_4,0.11372044
42.7503,B,mrac.yaw.theta_5,0.089313529
42.7503,B,mrac.yaw.u_nom,-0.13354701
42.7503,B,mrac.yaw.xm,-1.0471979
42.7503,B,mrac.z.theta_0,0.20440754
42.7503,B,mrac.z.theta_1,1.0313769e-08
42.7503,B,mrac.z.theta_2,0.0066026645
42.7503,B,mrac.z.theta_3,0
42.7503,B,mrac.z.theta_4,0.19704239
42.7503,B,mrac.z.theta_5,0.18133448
42.7503,B,mrac.z.u_nom,0.17907976
42.7503,B,mrac.z.xm,0
42.7503,B,path.active_path_mode,0
42.7503,B,path.circle_theta,0
42.7503,B,path.sinusoid_t_elapsed,0
42.7503,B,path.twc_arrived,0
42.7503,B,path.twc_target_x,0
42.7503,B,path.twc_target_y,0
42.7503,B,path.twc_target_z,0
42.7503,B,pid.gyrox.Des,-15.876184
42.7503,B,pid.gyrox.FB,11.817866
42.7503,B,pid.gyrox.U,-109.32645
42.7503,B,pid.gyroy.Des,-1.0035052
42.7503,B,pid.gyroy.FB,15.295914
42.7503,B,pid.gyroy.U,-111.38922
42.7503,B,pid.gyroz.Des,-60
42.7503,B,pid.gyroz.FB,-3.5511975
42.7503,B,pid.gyroz.U,-250
42.7503,B,pid.locx.Des,0
42.7503,B,pid.locx.FB,-0.45336768
42.7503,B,pid.locx.U,-1.3288891
42.7503,B,pid.locxs.Des,-1.3288891
42.7503,B,pid.locxs.FB,-8.2147827
42.7503,B,pid.locxs.U,21.077988
42.7503,B,pid.locy.Des,0
42.7503,B,pid.locy.FB,64.600555
42.7503,B,pid.locy.U,-53.475166
42.7503,B,pid.locys.Des,-53.475166
42.7503,B,pid.locys.FB,-5.7023983
42.7503,B,pid.locys.U,-143.0463
42.7503,B,pid.pitch.Des,-7.4363694
42.7503,B,pid.pitch.FB,-7.2544746
42.7503,B,pid.pitch.U,-1.0035052
42.7503,B,pid.roll.Des,3.7188802
42.7503,B,pid.roll.FB,8.814743
42.7503,B,pid.roll.U,-15.876184
42.7503,B,pid.yaw.Des,-49.635666
42.7503,B,pid.yaw.FB,-34.766975
42.7503,B,pid.yaw.U,-90.131866
42.7503,B,pid.z_pos.Des,1.2449539
42.7503,B,pid.z_pos.FB,1.2449539
42.7503,B,pid.z_pos.U,-0.088317379
42.7503,B,pid.z_rate.Des,0
42.7503,B,pid.z_rate.FB,-0.12959613
42.7503,B,pid.z_rate.U,39.755707
42.7503,B,status.vbat,0
42.9505,A,mrac.pitch.e,-0.95356095
42.9505,A,mrac.pitch.u_ad,0.15592909
42.9505,A,mrac.roll.e,0.65566063
42.9505,A,mrac.roll.u_ad,-0.050342765
42.9505,A,mrac.yaw.e,1.0191935
42.9505,A,mrac.yaw.u_ad,0
42.9505,A,mrac.z.e,0.26604593
42.9505,A,mrac.z.u_ad,0.091475941
42.9505,A,status.arm,0
42.9505,A,status.flymode,0
42.9505,A,status.rc_authority,0
42.9505,A,status.sbus_lost,0
42.9505,A,status.twc_arrived,0
42.9505,A,status.twc_execute,0
42.9506,B,mrac.pitch.theta_0,0.10814747
42.9506,B,mrac.pitch.theta_1,0.0006177547
42.9506,B,mrac.pitch.theta_2,0.0041945251
42.9506,B,mrac.pitch.theta_3,0.0051696203
42.9506,B,mrac.pitch.theta_4,0.16118912
42.9506,B,mrac.pitch.theta_5,0.14274095
42.9506,B,mrac.pitch.u_nom,0.22111081
42.9506,B,mrac.pitch.xm,0.072271995
42.9506,B,mrac.roll.theta_0,0.00030844638
42.9506,B,mrac.roll.theta_1,0.0016853919
42.9506,B,mrac.roll.theta_2,0.0093919439
42.9506,B,mrac.roll.theta_3,0.0076107294
42.9506,B,mrac.roll.theta_4,0.13854031
42.9506,B,mrac.roll.theta_5,0.14597341
42.9506,B,mrac.roll.u_nom,-0.11808579
42.9506,B,mrac.roll.xm,-0.23513219
42.9506,B,mrac.yaw.theta_0,2.3484205e-12
42.9506,B,mrac.yaw.theta_1,0.019846931
42.9506,B,mrac.yaw.theta_2,0.00096905447
42.9506,B,mrac.yaw.theta_3,0
42.9506,B,mrac.yaw.theta_4,0.11373062
42.9506,B,mrac.yaw.theta_5,0.089360252
42.9506,B,mrac.yaw.u_nom,-0.13354701
42.9506,B,mrac.yaw.xm,-1.0471979
42.9506,B,mrac.z.theta_0,0.18418443
42.9506,B,mrac.z.theta_1,9.6846531e-09
42.9506,B,mrac.z.theta_2,0.0065657073
42.9506,B,mrac.z.theta_3,0
42.9506,B,mrac.z.theta_4,0.19702795
42.9506,B,mrac.z.theta_5,0.18125267
42.9506,B,mrac.z.u_nom,-0.12426245
42.9506,B,mrac.z.xm,0
42.9506,B,path.active_path_mode,0
42.9506,B,path.circle_theta,0
42.9506,B,path.sinusoid_t_elapsed,0
42.9506,B,path.twc_arrived,0
42.9506,B,path.twc_target_x,0
42.9506,B,path.twc_target_y,0
42.9506,B,path.twc_target_z,0
42.9506,B,pid.gyrox.Des,-13.472076
42.9506,B,pid.gyrox.FB,17.514898
42.9506,B,pid.gyrox.U,-138.16037
42.9506,B,pid.gyroy.Des,4.1408787
42.9506,B,pid.gyroy.FB,-43.188915
42.9506,B,pid.gyroy.U,258.69965
42.9506,B,pid.gyroz.Des,-60
42.9506,B,pid.gyroz.FB,1.9947071
42.9506,B,pid.gyroz.U,-250
42.9506,B,pid.locx.Des,0
42.9506,B,pid.locx.FB,-1.3351815
42.9506,B,pid.locx.U,-0.73993063
42.9506,B,pid.locxs.Des,-0.73993063
42.9506,B,pid.locxs.FB,1.6423311
42.9506,B,pid.locxs.U,-5.3035483
42.9506,B,pid.locy.Des,0
42.9506,B,pid.locy.FB,65.413551
42.9506,B,pid.locy.U,-54.548939
42.9506,B,pid.locys.Des,-54.548939
42.9506,B,pid.locys.FB,7.6356235
42.9506,B,pid.locys.U,-189.21388
42.9506,B,pid.pitch.Des,-8.2926092
42.9506,B,pid.pitch.FB,-9.1066256
42.9506,B,pid.pitch.U,4.1408787
42.9506,B,pid.roll.Des,6.9355016
42.9506,B,pid.roll.FB,11.221274
42.9506,B,pid.roll.U,-13.472076
42.9506,B,pid.yaw.Des,-49.635666
42.9506,B,pid.yaw.FB,-38.055756
42.9506,B,pid.yaw.U,-70.399185
42.9506,B,pid.z_pos.Des,1.2784456
42.9506,B,pid.z_pos.FB,1.2784456
42.9506,B,pid.z_pos.U,-0.088317379
42.9506,B,pid.z_rate.Des,0
42.9506,B,pid.z_rate.FB,0.038336255
42.9506,B,pid.z_rate.U,-27.586264
42.9506,B,status.vbat,0
43.1662,A,mrac.pitch.e,-0.28429276
43.1662,A,mrac.pitch.u_ad,0.18070866
43.1662,A,mrac.roll.e,0.88411522
43.1662,A,mrac.roll.u_ad,-0.085129365
43.1662,A,mrac.yaw.e,0.32157877
43.1662,A,mrac.yaw.u_ad,-0.099094108
43.1662,A,mrac.z.e,0.062837884
43.1662,A,mrac.z.u_ad,0.15733573
43.1662,A,status.arm,0
43.1662,A,status.flymode,0
43.1662,A,status.rc_authority,0
43.1662,A,status.sbus_lost,0
43.1662,A,status.twc_arrived,0
43.1662,A,status.twc_execute,0
43.1662,B,mrac.pitch.theta_0,0.13565567
43.1662,B,mrac.pitch.theta_1,0.00054551911
43.1662,B,mrac.pitch.theta_2,0.0045171943
43.1662,B,mrac.pitch.theta_3,0.0051494194
43.1662,B,mrac.pitch.theta_4,0.1614252
43.1662,B,mrac.pitch.theta_5,0.14277324
43.1662,B,mrac.pitch.u_nom,0.13711955
43.1662,B,mrac.pitch.xm,0.41916195
43.1662,B,mrac.roll.theta_0,6.6915447e-05
43.1662,B,mrac.roll.theta_1,0.001429446
43.1662,B,mrac.roll.theta_2,0.0092466883
43.1662,B,mrac.roll.theta_3,0.0075929016
43.1662,B,mrac.roll.theta_4,0.13885772
43.1662,B,mrac.roll.theta_5,0.1460081
43.1662,B,mrac.roll.u_nom,-0.1088967
43.1662,B,mrac.roll.xm,-0.37729669
43.1662,B,mrac.yaw.theta_0,8.3343429e-13
43.1662,B,mrac.yaw.theta_1,0.02037465
43.1662,B,mrac.yaw.theta_2,0.00093994674
43.1662,B,mrac.yaw.theta_3,0
43.1662,B,mrac.yaw.theta_4,0.11373613
43.1662,B,mrac.yaw.theta_5,0.089380726
43.1662,B,mrac.yaw.u_nom,-0.12257861
43.1662,B,mrac.yaw.xm,-0.94378573
43.1662,B,mrac.z.theta_0,0.16941848
43.1662,B,mrac.z.theta_1,9.1130028e-09
43.1662,B,mrac.z.theta_2,0.0065102596
43.1662,B,mrac.z.theta_3,0
43.1662,B,mrac.z.theta_4,0.19705726
43.1662,B,mrac.z.theta_5,0.1812145
43.1662,B,mrac.z.u_nom,-0.13725461
43.1662,B,mrac.z.xm,0
43.1662,B,path.active_path_mode,0
43.1662,B,path.circle_theta,0
43.1662,B,path.sinusoid_t_elapsed,0
43.1662,B,path.twc_arrived,0
43.1662,B,path.twc_target_x,0
43.1662,B,path.twc_target_y,0
43.1662,B,path.twc_target_z,0
43.1662,B,pid.gyrox.Des,-21.617498
43.1662,B,pid.gyrox.FB,2.6271913
43.1662,B,pid.gyrox.U,-127.40913
43.1662,B,pid.gyroy.Des,24.016201
43.1662,B,pid.gyroy.FB,10.035817
43.1662,B,pid.gyroy.U,160.42987
43.1662,B,pid.gyroz.Des,-54.074917
43.1662,B,pid.gyroz.FB,-25.497379
43.1662,B,pid.gyroz.U,-229.46715
43.1662,B,pid.locx.Des,0
43.1662,B,pid.locx.FB,-1.0699124
43.1662,B,pid.locx.U,-0.69707799
43.1662,B,pid.locxs.Des,-0.69707799
43.1662,B,pid.locxs.FB,1.826991
43.1662,B,pid.locxs.U,-15.224713
43.1662,B,pid.locy.Des,0
43.1662,B,pid.locy.FB,66.351715
43.1662,B,pid.locy.U,-55.333111
43.1662,B,pid.locys.Des,-55.333111
43.1662,B,pid.locys.FB,5.5373373
43.1662,B,pid.locys.U,-173.84036
43.1662,B,pid.pitch.Des,-6.8577542
43.1662,B,pid.pitch.FB,-12.44433
43.1662,B,pid.pitch.U,24.016201
43.1662,B,pid.roll.Des,7.0988135
43.1662,B,pid.roll.FB,14.279138
43.1662,B,pid.roll.U,-21.617498
43.1662,B,pid.yaw.Des,-49.635666
43.1662,B,pid.yaw.FB,-40.776466
43.1662,B,pid.yaw.U,-54.074917
43.1662,B,pid.z_pos.Des,1.3059456
43.1662,B,pid.z_pos.FB,1.3059456
43.1662,B,pid.z_pos.U,-0.088317379
43.1662,B,pid.z_rate.Des,0
43.1662,B,pid.z_rate.FB,0.044934325
43.1662,B,pid.z_rate.U,-30.470524
43.1662,B,status.vbat,0
43.3665,A,mrac.pitch.e,-1.0674047
43.3665,A,mrac.pitch.u_ad,0.23626913
43.3665,A,mrac.roll.e,1.3787236
43.3665,A,mrac.roll.u_ad,0
43.3665,A,mrac.yaw.e,-0.2034234
43.3665,A,mrac.yaw.u_ad,-0.035918619
43.3665,A,mrac.z.e,-0.92451227
43.3665,A,mrac.z.u_ad,0.17861047
43.3665,A,status.arm,0
43.3665,A,status.flymode,0
43.3665,A,status.rc_authority,0
43.3665,A,status.sbus_lost,0
43.3665,A,status.twc_arrived,0
43.3665,A,status.twc_execute,0
43.3665,B,mrac.pitch.theta_0,0.14514472
43.3665,B,mrac.pitch.theta_1,0.00052361027
43.3665,B,mrac.pitch.theta_2,0.0047646575
43.3665,B,mrac.pitch.theta_3,0.0050957887
43.3665,B,mrac.pitch.theta_4,0.16170202
43.3665,B,mrac.pitch.theta_5,0.14282987
43.3665,B,mrac.pitch.u_nom,0.25641027
43.3665,B,mrac.pitch.xm,0.44431365
43.3665,B,mrac.roll.theta_0,7.1308618e-06
43.3665,B,mrac.roll.theta_1,0.0012473791
43.3665,B,mrac.roll.theta_2,0.0090616364
43.3665,B,mrac.roll.theta_3,0.0075572995
43.3665,B,mrac.roll.theta_4,0.13943692
43.3665,B,mrac.roll.theta_5,0.14611578
43.3665,B,mrac.roll.u_nom,-0.25641027
43.3665,B,mrac.roll.xm,-0.55231863
43.3665,B,mrac.yaw.theta_0,2.7558389e-13
43.3665,B,mrac.yaw.theta_1,0.021003142
43.3665,B,mrac.yaw.theta_2,0.00090372656
43.3665,B,mrac.yaw.theta_3,0
43.3665,B,mrac.yaw.theta_4,0.11372094
43.3665,B,mrac.yaw.theta_5,0.089380391
43.3665,B,mrac.yaw.u_nom,-0.045944747
43.3665,B,mrac.yaw.xm,-0.30458808
43.3665,B,mrac.z.theta_0,0.17345499
43.3665,B,mrac.z.theta_1,8.2460225e-09
43.3665,B,mrac.z.theta_2,0.0066265706
43.3665,B,mrac.z.theta_3,0
43.3665,B,mrac.z.theta_4,0.1970803
43.3665,B,mrac.z.theta_5,0.18113996
43.3665,B,mrac.z.u_nom,0.6851896
43.3665,B,mrac.z.xm,0
43.3665,B,path.active_path_mode,0
43.3665,B,path.circle_theta,0
43.3665,B,path.sinusoid_t_elapsed,0
43.3665,B,path.twc_arrived,0
43.3665,B,path.twc_target_x,0
43.3665,B,path.twc_target_y,0
43.3665,B,path.twc_target_z,0
43.3665,B,pid.gyrox.Des,-31.645514
43.3665,B,pid.gyrox.FB,24.612196
43.3665,B,pid.gyrox.U,-300
43.3665,B,pid.gyroy.Des,25.457287
43.3665,B,pid.gyroy.FB,-34.122021
43.3665,B,pid.gyroy.U,300
43.3665,B,pid.gyroz.Des,-17.451605
43.3665,B,pid.gyroz.FB,-6.8389897
43.3665,B,pid.gyroz.U,-86.008568
43.3665,B,pid.locx.Des,0
43.3665,B,pid.locx.FB,-0.70669937
43.3665,B,pid.locx.U,-0.87489086
43.3665,B,pid.locxs.Des,-0.87489086
43.3665,B,pid.locxs.FB,2.6876953
43.3665,B,pid.locxs.U,-15.331577
43.3665,B,pid.locy.Des,0
43.3665,B,pid.locy.FB,67.544044
43.3665,B,pid.locy.U,-56.040668
43.3665,B,pid.locys.Des,-56.040668
43.3665,B,pid.locys.FB,4.3331623
43.3665,B,pid.locys.U,-176.55745
43.3665,B,pid.pitch.Des,-6.0584354
43.3665,B,pid.pitch.FB,-12.67681
43.3665,B,pid.pitch.U,25.457287
43.3665,B,pid.roll.Des,7.8930249
43.3665,B,pid.roll.FB,18.08161
43.3665,B,pid.roll.U,-31.645514
43.3665,B,pid.yaw.Des,-49.635666
43.3665,B,pid.yaw.FB,-46.880352
43.3665,B,pid.yaw.U,-17.451605
43.3665,B,pid.z_pos.Des,1.2705966
43.3665,B,pid.z_pos.FB,1.2705966
43.3665,B,pid.z_pos.U,-0.088317379
43.3665,B,pid.z_rate.Des,0
43.3665,B,pid.z_rate.FB,-0.41171524
43.3665,B,pid.z_rate.U,152.11209
43.3665,B,status.vbat,0
43.5666,A,mrac.pitch.e,0.042759165
43.5666,A,mrac.pitch.u_ad,0.1761613
43.5666,A,mrac.roll.e,1.9354054
43.5666,A,mrac.roll.u_ad,0
43.5666,A,mrac.yaw.e,-1.250285
43.5666,A,mrac.yaw.u_ad,0
43.5666,A,mrac.z.e,1.1524155
43.5666,A,mrac.z.u_ad,-0.0077833766
43.5666,A,status.arm,0
43.5666,A,status.flymode,0
43.5666,A,status.rc_authority,0
43.5666,A,status.sbus_lost,0
43.5666,A,status.twc_arrived,0
43.5666,A,status.twc_execute,0
43.5666,B,mrac.pitch.theta_0,0.14664437
43.5666,B,mrac.pitch.theta_1,0.00058662239
43.5666,B,mrac.pitch.theta_2,0.0049406537
43.5666,B,mrac.pitch.theta_3,0.0049783234
43.5666,B,mrac.pitch.theta_4,0.16188869
43.5666,B,mrac.pitch.theta_5,0.14292401
43.5666,B,mrac.pitch.u_nom,-0.029905219
43.5666,B,mrac.pitch.xm,0.32722753
43.5666,B,mrac.roll.theta_0,6.2190034e-06
43.5666,B,mrac.roll.theta_1,0.0012142037
43.5666,B,mrac.roll.theta_2,0.0090301037
43.5666,B,mrac.roll.theta_3,0.0075559323
43.5666,B,mrac.roll.theta_4,0.13948506
43.5666,B,mrac.roll.theta_5,0.14612232
43.5666,B,mrac.roll.u_nom,-0.22351544
43.5666,B,mrac.roll.xm,-0.94403708
43.5666,B,mrac.yaw.theta_0,0.018416394
43.5666,B,mrac.yaw.theta_1,0.019875206
43.5666,B,mrac.yaw.theta_2,0.0012157536
43.5666,B,mrac.yaw.theta_3,0
43.5666,B,mrac.yaw.theta_4,0.11372913
43.5666,B,mrac.yaw.theta_5,0.089249566
43.5666,B,mrac.yaw.u_nom,0.13299772
43.5666,B,mrac.yaw.xm,0.25942215
43.5666,B,mrac.z.theta_0,0.18905368
43.5666,B,mrac.z.theta_1,6.9542665e-09
43.5666,B,mrac.z.theta_2,0.0070059141
43.5666,B,mrac.z.theta_3,0
43.5666,B,mrac.z.theta_4,0.1971585
43.5666,B,mrac.z.theta_5,0.18108906
43.5666,B,mrac.z.u_nom,-1.3513514
43.5666,B,mrac.z.xm,0
43.5666,B,path.active_path_mode,0
43.5666,B,path.circle_theta,0
43.5666,B,path.sinusoid_t_elapsed,0
43.5666,B,path.twc_arrived,0
43.5666,B,path.twc_target_x,0
43.5666,B,path.twc_target_y,0
43.5666,B,path.twc_target_z,0
43.5666,B,pid.gyrox.Des,-54.089317
43.5666,B,pid.gyrox.FB,32.842022
43.5666,B,pid.gyrox.U,-261.51306
43.5666,B,pid.gyroy.Des,18.748749
43.5666,B,pid.gyroy.FB,23.232779
43.5666,B,pid.gyroy.U,-34.989105
43.5666,B,pid.gyroz.Des,14.863789
43.5666,B,pid.gyroz.FB,-54.507305
43.5666,B,pid.gyroz.U,248.97174
43.5666,B,pid.locx.Des,0
43.5666,B,pid.locx.FB,-0.34745976
43.5666,B,pid.locx.U,-0.85871899
43.5666,B,pid.locxs.Des,-0.85871899
43.5666,B,pid.locxs.FB,-1.0453227
43.5666,B,pid.locxs.U,4.4461679
43.5666,B,pid.locy.Des,0
43.5666,B,pid.locy.FB,67.289635
43.5666,B,pid.locy.U,-55.746685
43.5666,B,pid.locys.Des,-55.746685
43.5666,B,pid.locys.FB,-2.9845099
43.5666,B,pid.locys.U,-153.24307
43.5666,B,pid.pitch.Des,-5.1662531
43.5666,B,pid.pitch.FB,-11.930065
43.5666,B,pid.pitch.U,18.748749
43.5666,B,pid.roll.Des,6.7406955
43.5666,B,pid.roll.FB,24.331411
43.5666,B,pid.roll.U,-54.089317
43.5666,B,pid.yaw.Des,-49.635666
43.5666,B,pid.yaw.FB,-52.262321
43.5666,B,pid.yaw.U,14.863789
43.5666,B,pid.z_pos.Des,1.2480956
43.5666,B,pid.z_pos.FB,1.2480956
43.5666,B,pid.z_pos.U,-0.088317379
43.5666,B,pid.z_rate.Des,0
43.5666,B,pid.z_rate.FB,1.0342395
43.5666,B,pid.z_rate.U,-300
43.5666,B,status.vbat,0
43.7679,A,mrac.pitch.e,0.73660058
43.7679,A,mrac.pitch.u_ad,0.091036603
43.7679,A,mrac.roll.e,0.59100658
43.7679,A,mrac.roll.u_ad,-0.12903552
43.7679,A,mrac.yaw.e,-0.75944734
43.7679,A,mrac.yaw.u_ad,0.029338833
43.7679,A,mrac.z.e,-0.98985672
43.7679,A,mrac.z.u_ad,0.086143926
43.7679,A,status.arm,0
43.7679,A,status.flymode,0
43.7679,A,status.rc_authority,0
43.7679,A,status.sbus_lost,0
43.7679,A,status.twc_arrived,0
43.7679,A,status.twc_execute,0
43.7680,B,mrac.pitch.theta_0,0.112887
43.7680,B,mrac.pitch.theta_1,0.00047039386
43.7680,B,mrac.pitch.theta_2,0.0046723112
43.7680,B,mrac.pitch.theta_3,0.005259817
43.7680,B,mrac.pitch.theta_4,0.16204591
43.7680,B,mrac.pitch.theta_5,0.14275543
43.7680,B,mrac.pitch.u_nom,-0.044776957
43.7680,B,mrac.pitch.xm,-0.14522587
43.7680,B,mrac.roll.theta_0,4.8888014e-06
43.7680,B,mrac.roll.theta_1,0.0017334635
43.7680,B,mrac.roll.theta_2,0.0089596994
43.7680,B,mrac.roll.theta_3,0.0075782412
43.7680,B,mrac.roll.theta_4,0.1395269
43.7680,B,mrac.roll.theta_5,0.1461703
43.7680,B,mrac.roll.u_nom,-0.19344738
43.7680,B,mrac.roll.xm,-1.272162
43.7680,B,mrac.yaw.theta_0,0.024380706
43.7680,B,mrac.yaw.theta_1,0.019907687
43.7680,B,mrac.yaw.theta_2,0.0012215897
43.7680,B,mrac.yaw.theta_3,0
43.7680,B,mrac.yaw.theta_4,0.11373404
43.7680,B,mrac.yaw.theta_5,0.089257121
43.7680,B,mrac.yaw.u_nom,0.13295354
43.7680,B,mrac.yaw.xm,0.7716561
43.7680,B,mrac.z.theta_0,0.19288102
43.7680,B,mrac.z.theta_1,5.668972e-09
43.7680,B,mrac.z.theta_2,0.0071231164
43.7680,B,mrac.z.theta_3,0
43.7680,B,mrac.z.theta_4,0.19728231
43.7680,B,mrac.z.theta_5,0.18103284
43.7680,B,mrac.z.u_nom,1.2958646
43.7680,B,mrac.z.xm,0
43.7680,B,path.active_path_mode,0
43.7680,B,path.circle_theta,0
43.7680,B,path.sinusoid_t_elapsed,0
43.7680,B,path.twc_arrived,0
43.7680,B,path.twc_target_x,0
43.7680,B,path.twc_target_y,0
43.7680,B,path.twc_target_z,0
43.7680,B,pid.gyrox.Des,-72.889481
43.7680,B,pid.gyrox.FB,-27.569393
43.7680,B,pid.gyrox.U,-226.33344
43.7680,B,pid.gyroy.Des,-8.3208256
43.7680,B,pid.gyroy.FB,20.260984
43.7680,B,pid.gyroy.U,-52.389038
43.7680,B,pid.gyroz.Des,44.21262
43.7680,B,pid.gyroz.FB,12.745241
43.7680,B,pid.gyroz.U,248.88904
43.7680,B,pid.locx.Des,0
43.7680,B,pid.locx.FB,-1.2114236
43.7680,B,pid.locx.U,0.041928589
43.7680,B,pid.locxs.Des,0.041928589
43.7680,B,pid.locxs.FB,-3.2543197
43.7680,B,pid.locxs.U,10.190489
43.7680,B,pid.locy.Des,0
43.7680,B,pid.locy.FB,66.329033
43.7680,B,pid.locy.U,-55.151775
43.7680,B,pid.locys.Des,-55.151775
43.7680,B,pid.locys.FB,-5.0407743
43.7680,B,pid.locys.U,-150.68202
43.7680,B,pid.pitch.Des,-4.476738
43.7680,B,pid.pitch.FB,-2.1268647
43.7680,B,pid.pitch.U,-8.3208256
43.7680,B,pid.roll.Des,7.0328832
43.7680,B,pid.roll.FB,31.747982
43.7680,B,pid.roll.U,-72.889481
43.7680,B,pid.yaw.Des,-49.635666
43.7680,B,pid.yaw.FB,-57.153793
43.7680,B,pid.yaw.U,44.21262
43.7680,B,pid.z_pos.Des,1.0962228
43.7680,B,pid.z_pos.FB,1.0962228
43.7680,B,pid.z_pos.U,-0.088317379
43.7680,B,pid.z_rate.Des,0
43.7680,B,pid.z_rate.FB,-1.2094089
43.7680,B,pid.z_rate.U,287.68195
43.7680,B,status.vbat,0
43.9839,A,mrac.pitch.e,0.88745654
43.9839,A,mrac.pitch.u_ad,0.0091460133
43.9839,A,mrac.roll.e,0.92263269
43.9839,A,mrac.roll.u_ad,-0.19841319
43.9839,A,mrac.yaw.e,1.1913371
43.9839,A,mrac.yaw.u_ad,0
43.9839,A,mrac.z.e,0.46335721
43.9839,A,mrac.z.u_ad,0.08016222
43.9839,A,status.arm,0
43.9839,A,status.flymode,0
43.9839,A,status.rc_authority,0
43.9839,A,status.sbus_lost,0
43.9839,A,status.twc_arrived,0
43.9839,A,status.twc_execute,0
43.9839,B,mrac.pitch.theta_0,0.090000764
43.9839,B,mrac.pitch.theta_1,0.00041043526
43.9839,B,mrac.pitch.theta_2,0.0044745626
43.9839,B,mrac.pitch.theta_3,0.0054334425
43.9839,B,mrac.pitch.theta_4,0.16220242
43.9839,B,mrac.pitch.theta_5,0.14271329
43.9839,B,mrac.pitch.u_nom,-0.21688272
43.9839,B,mrac.pitch.xm,-0.13982381
43.9839,B,mrac.roll.theta_0,3.1572858e-06
43.9839,B,mrac.roll.theta_1,0.0024764654
43.9839,B,mrac.roll.theta_2,0.0088713914
43.9839,B,mrac.roll.theta_3,0.0074313493
43.9839,B,mrac.roll.theta_4,0.13962351
43.9839,B,mrac.roll.theta_5,0.14624833
43.9839,B,mrac.roll.u_nom,-0.13405123
43.9839,B,mrac.roll.xm,-1.2606978
43.9839,B,mrac.yaw.theta_0,0.014297294
43.9839,B,mrac.yaw.theta_1,0.018876487
43.9839,B,mrac.yaw.theta_2,0.0010944168
43.9839,B,mrac.yaw.theta_3,0
43.9839,B,mrac.yaw.theta_4,0.11372854
43.9839,B,mrac.yaw.theta_5,0.088836834
43.9839,B,mrac.yaw.u_nom,-0.13354701
43.9839,B,mrac.yaw.xm,-0.0057421364
43.9839,B,mrac.z.theta_0,0.21936274
43.9839,B,mrac.z.theta_1,4.8961479e-09
43.9839,B,mrac.z.theta_2,0.007381307
43.9839,B,mrac.z.theta_3,0
43.9839,B,mrac.z.theta_4,0.19734694
43.9839,B,mrac.z.theta_5,0.18097694
43.9839,B,mrac.z.u_nom,-0.26309791
43.9839,B,mrac.z.xm,0
43.9839,B,path.active_path_mode,0
43.9839,B,path.circle_theta,0
43.9839,B,path.sinusoid_t_elapsed,0
43.9839,B,path.twc_arrived,0
43.9839,B,path.twc_target_x,0
43.9839,B,path.twc_target_y,0
43.9839,B,path.twc_target_z,0
43.9839,B,pid.gyrox.Des,-72.232635
43.9839,B,pid.gyrox.FB,-35.357319
43.9839,B,pid.gyrox.U,-156.83994
43.9839,B,pid.gyroy.Des,-8.0113106
43.9839,B,pid.gyroy.FB,59.43121
43.9839,B,pid.gyroy.U,-253.75278
43.9839,B,pid.gyroz.Des,-0.32900006
43.9839,B,pid.gyroz.FB,47.582653
43.9839,B,pid.gyroz.U,-250
43.9839,B,pid.locx.Des,0
43.9839,B,pid.locx.FB,-0.42898858
43.9839,B,pid.locx.U,-0.60865808
43.9839,B,pid.locxs.Des,-0.60865808
43.9839,B,pid.locxs.FB,-2.009141
43.9839,B,pid.locxs.U,18.048349
43.9839,B,pid.locy.Des,0
43.9839,B,pid.locy.FB,66.16655
43.9839,B,pid.locy.U,-54.848999
43.9839,B,pid.locys.Des,-54.848999
43.9839,B,pid.locys.FB,-10.097691
43.9839,B,pid.locys.U,-137.41254
43.9839,B,pid.pitch.Des,-5.1814137
43.9839,B,pid.pitch.FB,-2.9391701
43.9839,B,pid.pitch.U,-8.0113106
43.9839,B,pid.roll.Des,5.4168043
43.9839,B,pid.roll.FB,29.971899
43.9839,B,pid.roll.U,-72.232635
43.9839,B,pid.yaw.Des,-49.635666
43.9839,B,pid.yaw.FB,-49.692234
43.9839,B,pid.yaw.U,-0.32900006
43.9839,B,pid.z_pos.Des,1.0987166
43.9839,B,pid.z_pos.FB,1.0987166
43.9839,B,pid.z_pos.U,-0.088317379
43.9839,B,pid.z_rate.Des,0
43.9839,B,pid.z_rate.FB,0.11535883
43.9839,B,pid.z_rate.U,-58.407738
43.9839,B,status.vbat,0
44.1888,A,mrac.pitch.e,0.89574105
44.1888,A,mrac.pitch.u_ad,-0.046013232
44.1888,A,mrac.roll.e,0.75572169
44.1888,A,mrac.roll.u_ad,-0.18485439
44.1888,A,mrac.yaw.e,1.2974377
44.1888,A,mrac.yaw.u_ad,0
44.1888,A,mrac.z.e,0.20166153
44.1888,A,mrac.z.u_ad,0.096528091
44.1888,A,status.arm,0
44.1888,A,status.flymode,0
44.1888,A,status.rc_authority,0
44.1888,A,status.sbus_lost,0
44.1888,A,status.twc_arrived,0
44.1888,A,status.twc_execute,0
44.1889,B,mrac.pitch.theta_0,0.030278666
44.1889,B,mrac.pitch.theta_1,0.00025757324
44.1889,B,mrac.pitch.theta_2,0.0039315051
44.1889,B,mrac.pitch.theta_3,0.0056825615
44.1889,B,mrac.pitch.theta_4,0.16277348
44.1889,B,mrac.pitch.theta_5,0.1428466
44.1889,B,mrac.pitch.u_nom,-0.22464323
44.1889,B,mrac.pitch.xm,-0.51050389
44.1889,B,mrac.roll.theta_0,6.2827519e-07
44.1889,B,mrac.roll.theta_1,0.0043601263
44.1889,B,mrac.roll.theta_2,0.0086990222
44.1889,B,mrac.roll.theta_3,0.0070781517
44.1889,B,mrac.roll.theta_4,0.14006644
44.1889,B,mrac.roll.theta_5,0.14649737
44.1889,B,mrac.roll.u_nom,-0.20137382
44.1889,B,mrac.roll.xm,-1.0709578
44.1889,B,mrac.yaw.theta_0,0.009391631
44.1889,B,mrac.yaw.theta_1,0.018304404
44.1889,B,mrac.yaw.theta_2,0.00102847
44.1889,B,mrac.yaw.theta_3,0
44.1889,B,mrac.yaw.theta_4,0.11373152
44.1889,B,mrac.yaw.theta_5,0.088826582
44.1889,B,mrac.yaw.u_nom,-0.13354701
44.1889,B,mrac.yaw.xm,-1.0471979
44.1889,B,mrac.z.theta_0,0.19847731
44.1889,B,mrac.z.theta_1,3.8677919e-09
44.1889,B,mrac.z.theta_2,0.0071970266
44.1889,B,mrac.z.theta_3,0
44.1889,B,mrac.z.theta_4,0.19746804
44.1889,B,mrac.z.theta_5,0.18088679
44.1889,B,mrac.z.u_nom,0.82227945
44.1889,B,mrac.z.xm,0
44.1889,B,path.active_path_mode,0
44.1889,B,path.circle_theta,0
44.1889,B,path.sinusoid_t_elapsed,0
44.1889,B,path.twc_arrived,0
44.1889,B,path.twc_target_x,0
44.1889,B,path.twc_target_y,0
44.1889,B,path.twc_target_z,0
44.1889,B,pid.gyrox.Des,-61.361332
44.1889,B,pid.gyrox.FB,-7.9835739
44.1889,B,pid.gyrox.U,-235.60736
44.1889,B,pid.gyroy.Des,-29.249706
44.1889,B,pid.gyroy.FB,14.037844
44.1889,B,pid.gyroy.U,-262.83258
44.1889,B,pid.gyroz.Des,-60
44.1889,B,pid.gyroz.FB,16.437361
44.1889,B,pid.gyroz.U,-250
44.1889,B,pid.locx.Des,0
44.1889,B,pid.locx.FB,-1.5224402
44.1889,B,pid.locx.U,0.83274513
44.1889,B,pid.locxs.Des,0.83274513
44.1889,B,pid.locxs.FB,-9.9910278
44.1889,B,pid.locxs.U,32.980614
44.1889,B,pid.locy.Des,0
44.1889,B,pid.locy.FB,66.259422
44.1889,B,pid.locy.U,-55.161182
44.1889,B,pid.locys.Des,-55.161182
44.1889,B,pid.locys.FB,-0.42350054
44.1889,B,pid.locys.U,-164.84714
44.1889,B,pid.pitch.Des,-7.8050189
44.1889,B,pid.pitch.FB,1.8051379
44.1889,B,pid.pitch.U,-29.249706
44.1889,B,pid.roll.Des,4.5965338
44.1889,B,pid.roll.FB,25.116152
44.1889,B,pid.roll.U,-61.361332
44.1889,B,pid.yaw.Des,-49.635666
44.1889,B,pid.yaw.FB,-39.297131
44.1889,B,pid.yaw.U,-62.975838
44.1889,B,pid.z_pos.Des,1.1312499
44.1889,B,pid.z_pos.FB,1.1312499
44.1889,B,pid.z_pos.U,-0.088317379
44.1889,B,pid.z_rate.Des,0
44.1889,B,pid.z_rate.FB,-0.48682851
44.1889,B,pid.z_rate.U,182.54604
44.1889,B,status.vbat,0
44.4014,A,mrac.pitch.e,0.62241995
44.4014,A,mrac.pitch.u_ad,-0.073700905
44.4014,A,mrac.roll.e,-0.09414196
44.4014,A,mrac.roll.u_ad,-0.12217923
44.4014,A,mrac.yaw.e,0.68976957
44.4014,A,mrac.yaw.u_ad,-0.079765223
44.4014,A,mrac.z.e,0.50078237
44.4014,A,mrac.z.u_ad,0.020544317
44.4014,A,status.arm,0
44.4014,A,status.flymode,0
44.4014,A,status.rc_authority,0
44.4014,A,status.sbus_lost,0
44.4014,A,status.twc_arrived,0
44.4014,A,status.twc_execute,0
44.4015,B,mrac.pitch.theta_0,0.013624867
44.4015,B,mrac.pitch.theta_1,0.00054768805
44.4015,B,mrac.pitch.theta_2,0.0039112871
44.4015,B,mrac.pitch.theta_3,0.0057138503
44.4015,B,mrac.pitch.theta_4,0.16289523
44.4015,B,mrac.pitch.theta_5,0.14296253
44.4015,B,mrac.pitch.u_nom,-0.15434638
44.4015,B,mrac.pitch.xm,-0.34276682
44.4015,B,mrac.roll.theta_0,1.8122716e-07
44.4015,B,mrac.roll.theta_1,0.0050407317
44.4015,B,mrac.roll.theta_2,0.0086538754
44.4015,B,mrac.roll.theta_3,0.0071792374
44.4015,B,mrac.roll.theta_4,0.14042975
44.4015,B,mrac.roll.theta_5,0.1466528
44.4015,B,mrac.roll.u_nom,-0.09508045
44.4015,B,mrac.roll.xm,-1.0537554
44.4015,B,mrac.yaw.theta_0,0.009391631
44.4015,B,mrac.yaw.theta_1,0.018304404
44.4015,B,mrac.yaw.theta_2,0.00102847
44.4015,B,mrac.yaw.theta_3,0
44.4015,B,mrac.yaw.theta_4,0.11373152
44.4015,B,mrac.yaw.theta_5,0.088826582
44.4015,B,mrac.yaw.u_nom,-0.13354701
44.4015,B,mrac.yaw.xm,-1.0471979
44.4015,B,mrac.z.theta_0,0.1808041
44.4015,B,mrac.z.theta_1,3.4642302e-09
44.4015,B,mrac.z.theta_2,0.0071581886
44.4015,B,mrac.z.theta_3,0
44.4015,B,mrac.z.theta_4,0.19750772
44.4015,B,mrac.z.theta_5,0.18082729
44.4015,B,mrac.z.u_nom,-0.34568244
44.4015,B,mrac.z.xm,0
44.4015,B,path.active_path_mode,0
44.4015,B,path.circle_theta,0
44.4015,B,path.sinusoid_t_elapsed,0
44.4015,B,path.twc_arrived,0
44.4015,B,path.twc_target_x,0
44.4015,B,path.twc_target_y,0
44.4015,B,path.twc_target_z,0
44.4015,B,pid.gyrox.Des,-60.37571
44.4015,B,pid.gyrox.FB,-32.86684
44.4015,B,pid.gyrox.U,-111.24413
44.4015,B,pid.gyroy.Des,-19.639084
44.4015,B,pid.gyroy.FB,9.3646202
44.4015,B,pid.gyroy.U,-180.58527
44.4015,B,pid.gyroz.Des,-60
44.4015,B,pid.gyroz.FB,-2.4590204
44.4015,B,pid.gyroz.U,-250
44.4015,B,pid.locx.Des,0
44.4015,B,pid.locx.FB,-2.4230552
44.4015,B,pid.locx.U,1.7445965
44.4015,B,pid.locxs.Des,1.7445965
44.4015,B,pid.locxs.FB,-3.8153298
44.4015,B,pid.locxs.U,16.954889
44.4015,B,pid.locy.Des,0
44.4015,B,pid.locy.FB,66.200211
44.4015,B,pid.locy.U,-54.833157
44.4015,B,pid.locys.Des,-54.833157
44.4015,B,pid.locys.FB,-1.5630927
44.4015,B,pid.locys.U,-159.66565
44.4015,B,pid.pitch.Des,-7.352118
44.4015,B,pid.pitch.FB,-0.84742755
44.4015,B,pid.pitch.U,-19.639084
44.4015,B,pid.roll.Des,4.7151361
44.4015,B,pid.roll.FB,24.174534
44.4015,B,pid.roll.U,-60.37571
44.4015,B,pid.yaw.Des,-49.635666
44.4015,B,pid.yaw.FB,-36.314568
44.4015,B,pid.yaw.U,-80.871216
44.4015,B,pid.z_pos.Des,1.1858634
44.4015,B,pid.z_pos.FB,1.1858634
44.4015,B,pid.z_pos.U,-0.088317379
44.4015,B,pid.z_rate.Des,0
44.4015,B,pid.z_rate.FB,0.16139033
44.4015,B,pid.z_rate.U,-76.741501
44.4015,B,status.vbat,0
44.6005,A,mrac.pitch.e,0.22068125
44.6005,A,mrac.pitch.u_ad,-0.044099066
44.6005,A,mrac.roll.e,0.59455591
44.6005,A,mrac.roll.u_ad,-0.11260791
44.6005,A,mrac.yaw.e,1.2920381
44.6005,A,mrac.yaw.u_ad,0
44.6005,A,mrac.z.e,0.07902319
44.6005,A,mrac.z.u_ad,0.055244748
44.6005,A,status.arm,0
44.6005,A,status.flymode,0
44.6005,A,status.rc_authority,0
44.6005,A,status.sbus_lost,0
44.6005,A,status.twc_arrived,0
44.6005,A,status.twc_execute,0
44.6005,B,mrac.pitch.theta_0,0.0055446653
44.6005,B,mrac.pitch.theta_1,0.00064057804
44.6005,B,mrac.pitch.theta_2,0.0038865358
44.6005,B,mrac.pitch.theta_3,0.0055870074
44.6005,B,mrac.pitch.theta_4,0.16308483
44.6005,B,mrac.pitch.theta_5,0.14307764
44.6005,B,mrac.pitch.u_nom,0.041385937
44.6005,B,mrac.pitch.xm,-0.39751029
44.6005,B,mrac.roll.theta_0,0.0022749892
44.6005,B,mrac.roll.theta_1,0.0052339584
44.6005,B,mrac.roll.theta_2,0.0086796125
44.6005,B,mrac.roll.theta_3,0.0071602762
44.6005,B,mrac.roll.theta_4,0.14049725
44.6005,B,mrac.roll.theta_5,0.14651132
44.6005,B,mrac.roll.u_nom,-0.13052976
44.6005,B,mrac.roll.xm,-0.59769946
44.6005,B,mrac.yaw.theta_0,0.0018303022
44.6005,B,mrac.yaw.theta_1,0.018977489
44.6005,B,mrac.yaw.theta_2,0.00099728873
44.6005,B,mrac.yaw.theta_3,0
44.6005,B,mrac.yaw.theta_4,0.11373997
44.6005,B,mrac.yaw.theta_5,0.088940822
44.6005,B,mrac.yaw.u_nom,-0.13354701
44.6005,B,mrac.yaw.xm,-1.0471979
44.6005,B,mrac.z.theta_0,0.15715872
44.6005,B,mrac.z.theta_1,2.8123588e-09
44.6005,B,mrac.z.theta_2,0.0068226601
44.6005,B,mrac.z.theta_3,0
44.6005,B,mrac.z.theta_4,0.19762437
44.6005,B,mrac.z.theta_5,0.1807732
44.6005,B,mrac.z.u_nom,-0.76633114
44.6005,B,mrac.z.xm,0
44.6005,B,path.active_path_mode,0
44.6005,B,path.circle_theta,0
44.6005,B,path.sinusoid_t_elapsed,0
44.6005,B,path.twc_arrived,0
44.6005,B,path.twc_target_x,0
44.6005,B,path.twc_target_y,0
44.6005,B,path.twc_target_z,0
44.6005,B,pid.gyrox.Des,-34.245644
44.6005,B,pid.gyrox.FB,-1.0583546
44.6005,B,pid.gyrox.U,-152.71982
44.6005,B,pid.gyroy.Des,-22.775652
44.6005,B,pid.gyroy.FB,-30.920622
44.6005,B,pid.gyroy.U,48.421547
44.6005,B,pid.gyroz.Des,-60
44.6005,B,pid.gyroz.FB,-1.9443526
44.6005,B,pid.gyroz.U,-250
44.6005,B,pid.locx.Des,0
44.6005,B,pid.locx.FB,-2.2067864
44.6005,B,pid.locx.U,1.750594
44.6005,B,pid.locxs.Des,1.750594
44.6005,B,pid.locxs.FB,2.2139659
44.6005,B,pid.locxs.U,-1.2894334
44.6005,B,pid.locy.Des,0
44.6005,B,pid.locy.FB,66.890221
44.6005,B,pid.locy.U,-55.680305
44.6005,B,pid.locys.Des,-55.680305
44.6005,B,pid.locys.FB,6.8628244
44.6005,B,pid.locys.U,-187.71057
44.6005,B,pid.pitch.Des,-8.057579
44.6005,B,pid.pitch.FB,-0.095674425
44.6005,B,pid.pitch.U,-22.775652
44.6005,B,pid.roll.Des,6.8429751
44.6005,B,pid.roll.FB,18.325098
44.6005,B,pid.roll.U,-34.245644
44.6005,B,pid.yaw.Des,-49.635666
44.6005,B,pid.yaw.FB,-38.430119
44.6005,B,pid.yaw.U,-68.17791
44.6005,B,pid.z_pos.Des,1.3100156
44.6005,B,pid.z_pos.FB,1.3100156
44.6005,B,pid.z_pos.U,-0.088317379
44.6005,B,pid.z_rate.Des,0
44.6005,B,pid.z_rate.FB,0.39485037
44.6005,B,pid.z_rate.U,-170.12552
44.6005,B,status.vbat,0
44.8001,A,mrac.pitch.e,0.103488
44.8001,A,mrac.pitch.u_ad,-0.070495203
44.8001,A,mrac.roll.e,-0.061289787
44.8001,A,mrac.roll.u_ad,-0.055999614
44.8001,A,mrac.yaw.e,1.0805583
44.8001,A,mrac.yaw.u_ad,0
44.8001,A,mrac.z.e,0.015963968
44.8001,A,mrac.z.u_ad,0.15449908
44.8001,A,status.arm,0
44.8001,A,status.flymode,0
44.8001,A,status.rc_authority,0
44.8001,A,status.sbus_lost,0
44.8001,A,status.twc_arrived,0
44.8001,A,status.twc_execute,0
44.8002,B,mrac.pitch.theta_0,0.0018133686
44.8002,B,mrac.pitch.theta_1,0.00062152033
44.8002,B,mrac.pitch.theta_2,0.003780514
44.8002,B,mrac.pitch.theta_3,0.0055180667
44.8002,B,mrac.pitch.theta_4,0.16345665
44.8002,B,mrac.pitch.theta_5,0.14315848
44.8002,B,mrac.pitch.u_nom,-0.076012909
44.8002,B,mrac.pitch.xm,-0.47974271
44.8002,B,mrac.roll.theta_0,0.00095883658
44.8002,B,mrac.roll.theta_1,0.005577167
44.8002,B,mrac.roll.theta_2,0.0086496193
44.8002,B,mrac.roll.theta_3,0.0071890685
44.8002,B,mrac.roll.theta_4,0.14070542
44.8002,B,mrac.roll.theta_5,0.14658901
44.8002,B,mrac.roll.u_nom,-0.014898786
44.8002,B,mrac.roll.xm,-0.4297668
44.8002,B,mrac.yaw.theta_0,0.00067608134
44.8002,B,mrac.yaw.theta_1,0.01951828
44.8002,B,mrac.yaw.theta_2,0.00096674572
44.8002,B,mrac.yaw.theta_3,0
44.8002,B,mrac.yaw.theta_4,0.11374556
44.8002,B,mrac.yaw.theta_5,0.089002118
44.8002,B,mrac.yaw.u_nom,-0.13354701
44.8002,B,mrac.yaw.xm,-1.0471979
44.8002,B,mrac.z.theta_0,0.14789587
44.8002,B,mrac.z.theta_1,2.6792026e-09
44.8002,B,mrac.z.theta_2,0.0068095825
44.8002,B,mrac.z.theta_3,0
44.8002,B,mrac.z.theta_4,0.19758436
44.8002,B,mrac.z.theta_5,0.18069567
44.8002,B,mrac.z.u_nom,-0.039056107
44.8002,B,mrac.z.xm,0
44.8002,B,path.active_path_mode,0
44.8002,B,path.circle_theta,0
44.8002,B,path.sinusoid_t_elapsed,0
44.8002,B,path.twc_arrived,0
44.8002,B,path.twc_target_x,0
44.8002,B,path.twc_target_y,0
44.8002,B,path.twc_target_z,0
44.8002,B,pid.gyrox.Des,-24.623814
44.8002,B,pid.gyrox.FB,-25.828201
44.8002,B,pid.gyrox.U,-17.43158
44.8002,B,pid.gyroy.Des,-27.487221
44.8002,B,pid.gyroy.FB,-7.1563692
44.8002,B,pid.gyroy.U,-88.935104
44.8002,B,pid.gyroz.Des,-60
44.8002,B,pid.gyroz.FB,-19.463709
44.8002,B,pid.gyroz.U,-250
44.8002,B,pid.locx.Des,0
44.8002,B,pid.locx.FB,-2.8229539
44.8002,B,pid.locx.U,3.060534
44.8002,B,pid.locxs.Des,3.060534
44.8002,B,pid.locxs.FB,-3.284709
44.8002,B,pid.locxs.U,14.637254
44.8002,B,pid.locy.Des,0
44.8002,B,pid.locy.FB,67.275848
44.8002,B,pid.locy.U,-55.898327
44.8002,B,pid.locys.Des,-55.898327
44.8002,B,pid.locys.FB,2.4921248
44.8002,B,pid.locys.U,-179.01149
44.8002,B,pid.pitch.Des,-8.354763
44.8002,B,pid.pitch.FB,0.7880159
44.8002,B,pid.pitch.U,-27.487221
44.8002,B,pid.roll.Des,5.8623238
44.8002,B,pid.roll.FB,14.448201
44.8002,B,pid.roll.U,-24.623814
44.8002,B,pid.yaw.Des,-49.635666
44.8002,B,pid.yaw.FB,-38.776016
44.8002,B,pid.yaw.U,-66.102524
44.8002,B,pid.z_pos.Des,1.3071809
44.8002,B,pid.z_pos.FB,1.3071809
44.8002,B,pid.z_pos.U,-0.088317379
44.8002,B,pid.z_rate.Des,0
44.8002,B,pid.z_rate.FB,-0.01010366
44.8002,B,pid.z_rate.U,-8.6704559
44.8002,B,status.vbat,0
45.0002,A,mrac.pitch.e,0.45293123
45.0002,A,mrac.pitch.u_ad,-0.01321316
45.0002,A,mrac.roll.e,-0.40691814
45.0002,A,mrac.roll.u_ad,-0.029148679
45.0002,A,mrac.yaw.e,1.1709262
45.0002,A,mrac.yaw.u_ad,0
45.0002,A,mrac.z.e,-0.52948314
45.0002,A,mrac.z.u_ad,0.20084566
45.0002,A,status.arm,0
45.0002,A,status.flymode,0
45.0002,A,status.rc_authority,0
45.0002,A,status.sbus_lost,0
45.0002,A,status.twc_arrived,0
45.0002,A,status.twc_execute,0
45.0002,B,mrac.pitch.theta_0,0.022361096
45.0002,B,mrac.pitch.theta_1,0.00067693146
45.0002,B,mrac.pitch.theta_2,0.0040379632
45.0002,B,mrac.pitch.theta_3,0.0055176252
45.0002,B,mrac.pitch.theta_4,0.16352089
45.0002,B,mrac.pitch.theta_5,0.14278634
45.0002,B,mrac.pitch.u_nom,0.0039691534
45.0002,B,mrac.pitch.xm,-0.19226706
45.0002,B,mrac.roll.theta_0,0.0013669237
45.0002,B,mrac.roll.theta_1,0.0055215554
45.0002,B,mrac.roll.theta_2,0.0086476235
45.0002,B,mrac.roll.theta_3,0.0073612118
45.0002,B,mrac.roll.theta_4,0.14078832
45.0002,B,mrac.roll.theta_5,0.14654902
45.0002,B,mrac.roll.u_nom,0.011697871
45.0002,B,mrac.roll.xm,-0.31319758
45.0002,B,mrac.yaw.theta_0,0.00044337561
45.0002,B,mrac.yaw.theta_1,0.019661725
45.0002,B,mrac.yaw.theta_2,0.00096126535
45.0002,B,mrac.yaw.theta_3,0
45.0002,B,mrac.yaw.theta_4,0.11374746
45.0002,B,mrac.yaw.theta_5,0.089025825
45.0002,B,mrac.yaw.u_nom,-0.13354701
45.0002,B,mrac.yaw.xm,-1.0471979
45.0002,B,mrac.z.theta_0,0.16772003
45.0002,B,mrac.z.theta_1,2.5560452e-09
45.0002,B,mrac.z.theta_2,0.0068462924
45.0002,B,mrac.z.theta_3,0
45.0002,B,mrac.z.theta_4,0.19756071
45.0002,B,mrac.z.theta_5,0.18064338
45.0002,B,mrac.z.u_nom,0.29280201
45.0002,B,mrac.z.xm,0
45.0002,B,path.active_path_mode,0
45.0002,B,path.circle_theta,0
45.0002,B,path.sinusoid_t_elapsed,0
45.0002,B,path.twc_arrived,0
45.0002,B,path.twc_target_x,0
45.0002,B,path.twc_target_y,0
45.0002,B,path.twc_target_z,0
45.0002,B,pid.gyrox.Des,-17.944893
45.0002,B,pid.gyrox.FB,-8.0442486
45.0002,B,pid.gyrox.U,13.686508
45.0002,B,pid.gyroy.Des,-11.016087
45.0002,B,pid.gyroy.FB,-23.185827
45.0002,B,pid.gyroy.U,4.6439095
45.0002,B,pid.gyroz.Des,-60
45.0002,B,pid.gyroz.FB,22.076515
45.0002,B,pid.gyroz.U,-250
45.0002,B,pid.locx.Des,0
45.0002,B,pid.locx.FB,-2.8113534
45.0002,B,pid.locx.U,3.4486115
45.0002,B,pid.locxs.Des,3.4486115
45.0002,B,pid.locxs.FB,-0.6193735
45.0002,B,pid.locxs.U,12.367791
45.0002,B,pid.locy.Des,0
45.0002,B,pid.locy.FB,67.228287
45.0002,B,pid.locy.U,-55.638893
45.0002,B,pid.locys.Des,-55.638893
45.0002,B,pid.locys.FB,0.78509647
45.0002,B,pid.locys.U,-168.94064
45.0002,B,pid.pitch.Des,-7.9528584
45.0002,B,pid.pitch.FB,-4.7847853
45.0002,B,pid.pitch.U,-11.016087
45.0002,B,pid.roll.Des,5.5098076
45.0002,B,pid.roll.FB,12.441009
45.0002,B,pid.roll.U,-17.944893
45.0002,B,pid.yaw.Des,-49.635666
45.0002,B,pid.yaw.FB,-38.270428
45.0002,B,pid.yaw.U,-69.136055
45.0002,B,pid.z_pos.Des,1.274781
45.0002,B,pid.z_pos.FB,1.274781
45.0002,B,pid.z_pos.U,-0.088317379
45.0002,B,pid.z_rate.Des,0
45.0002,B,pid.z_rate.FB,-0.1936114
45.0002,B,pid.z_rate.U,65.002045
45.0002,B,status.vbat,0
45.2017,A,mrac.pitch.e,0.50409281
45.2017,A,mrac.pitch.u_ad,-0.068514809
45.2017,A,mrac.roll.e,-0.24369808
45.2017,A,mrac.roll.u_ad,0.050270438
45.2017,A,mrac.yaw.e,0.7130807
45.2017,A,mrac.yaw.u_ad,-0.1076728
45.2017,A,mrac.z.e,0.0099598598
45.2017,A,mrac.z.u_ad,0.18362753
45.2017,A,status.arm,0
45.2017,A,status.flymode,0
45.2017,A,status.rc_authority,0
45.2017,A,status.sbus_lost,0
45.2017,A,status.twc_arrived,0
45.2017,A,status.twc_execute,0
45.2018,B,mrac.pitch.theta_0,0.007351086
45.2018,B,mrac.pitch.theta_1,0.00058106898
45.2018,B,mrac.pitch.theta_2,0.0039550834
45.2018,B,mrac.pitch.theta_3,0.0055135856
45.2018,B,mrac.pitch.theta_4,0.16375628
45.2018,B,mrac.pitch.theta_5,0.142822
45.2018,B,mrac.pitch.u_nom,-0.2303507
45.2018,B,mrac.pitch.xm,-0.41279536
45.2018,B,mrac.roll.theta_0,0.029870849
45.2018,B,mrac.roll.theta_1,0.004376553
45.2018,B,mrac.roll.theta_2,0.0089707226
45.2018,B,mrac.roll.theta_3,0.0073477961
45.2018,B,mrac.roll.theta_4,0.14096417
45.2018,B,mrac.roll.theta_5,0.14617281
45.2018,B,mrac.roll.u_nom,0.17862114
45.2018,B,mrac.roll.xm,0.05180756
45.2018,B,mrac.yaw.theta_0,0.00021097169
45.2018,B,mrac.yaw.theta_1,0.019904748
45.2018,B,mrac.yaw.theta_2,0.00095238368
45.2018,B,mrac.yaw.theta_3,0
45.2018,B,mrac.yaw.theta_4,0.1137507
45.2018,B,mrac.yaw.theta_5,0.08906512
45.2018,B,mrac.yaw.u_nom,-0.13354701
45.2018,B,mrac.yaw.xm,-1.0471979
45.2018,B,mrac.z.theta_0,0.18148705
45.2018,B,mrac.z.theta_1,2.4449762e-09
45.2018,B,mrac.z.theta_2,0.0069003189
45.2018,B,mrac.z.theta_3,0
45.2018,B,mrac.z.theta_4,0.19755697
45.2018,B,mrac.z.theta_5,0.18060912
45.2018,B,mrac.z.u_nom,0.20934643
45.2018,B,mrac.z.xm,0
45.2018,B,path.active_path_mode,0
45.2018,B,path.circle_theta,0
45.2018,B,path.sinusoid_t_elapsed,0
45.2018,B,path.twc_arrived,0
45.2018,B,path.twc_target_x,0
45.2018,B,path.twc_target_y,0
45.2018,B,path.twc_target_z,0
45.2018,B,pid.gyrox.Des,2.9683533
45.2018,B,pid.gyrox.FB,-25.254608
45.2018,B,pid.gyrox.U,208.98674
45.2018,B,pid.gyroy.Des,-23.651423
45.2018,B,pid.gyroy.FB,18.457203
45.2018,B,pid.gyroy.U,-269.51031
45.2018,B,pid.gyroz.Des,-60
45.2018,B,pid.gyroz.FB,-17.925461
45.2018,B,pid.gyroz.U,-250
45.2018,B,pid.locx.Des,0
45.2018,B,pid.locx.FB,-3.0417337
45.2018,B,pid.locx.U,4.2315331
45.2018,B,pid.locxs.Des,4.2315331
45.2018,B,pid.locxs.FB,-1.8846345
45.2018,B,pid.locxs.U,17.670822
45.2018,B,pid.locy.Des,0
45.2018,B,pid.locy.FB,67.4095
45.2018,B,pid.locy.U,-56.210651
45.2018,B,pid.locys.Des,-56.210651
45.2018,B,pid.locys.FB,7.3788991
45.2018,B,pid.locys.U,-199.75644
45.2018,B,pid.pitch.Des,-9.716238
45.2018,B,pid.pitch.FB,-3.5430834
45.2018,B,pid.pitch.U,-23.651423
45.2018,B,pid.roll.Des,6.2532334
45.2018,B,pid.roll.FB,7.0292687
45.2018,B,pid.roll.U,2.9683533
45.2018,B,pid.yaw.Des,-49.635666
45.2018,B,pid.yaw.FB,-37.526154
45.2018,B,pid.yaw.U,-73.6017
45.2018,B,pid.z_pos.Des,1.2580452
45.2018,B,pid.z_pos.FB,1.2580452
45.2018,B,pid.z_pos.U,-0.088317379
45.2018,B,pid.z_rate.Des,0
45.2018,B,pid.z_rate.FB,-0.14706555
45.2018,B,pid.z_rate.U,46.474907
45.2018,B,status.vbat,0
45.4010,A,mrac.pitch.e,-0.40994304
45.4010,A,mrac.pitch.u_ad,0.012505455
45.4010,A,mrac.roll.e,0.34397006
45.4010,A,mrac.roll.u_ad,0.013828631
45.4010,A,mrac.yaw.e,0.80907941
45.4010,A,mrac.yaw.u_ad,-0.087395668
45.4010,A,mrac.z.e,0.015182504
45.4010,A,mrac.z.u_ad,0.1382623
45.4010,A,status.arm,0
45.4010,A,status.flymode,0
45.4010,A,status.rc_authority,0
45.4010,A,status.sbus_lost,0
45.4010,A,status.twc_arrived,0
45.4010,A,status.twc_execute,0
45.4011,B,mrac.pitch.theta_0,0.015039595
45.4011,B,mrac.pitch.theta_1,0.00059976737
45.4011,B,mrac.pitch.theta_2,0.0040352894
45.4011,B,mrac.pitch.theta_3,0.0054469551
45.4011,B,mrac.pitch.theta_4,0.16393615
45.4011,B,mrac.pitch.theta_5,0.14270736
45.4011,B,mrac.pitch.u_nom,0.12063096
45.4011,B,mrac.pitch.xm,-0.10545212
45.4011,B,mrac.roll.theta_0,0.033649091
45.4011,B,mrac.roll.theta_1,0.0037341064
45.4011,B,mrac.roll.theta_2,0.0089592412
45.4011,B,mrac.roll.theta_3,0.0072620949
45.4011,B,mrac.roll.theta_4,0.14108971
45.4011,B,mrac.roll.theta_5,0.1460619
45.4011,B,mrac.roll.u_nom,-0.12635875
45.4011,B,mrac.roll.xm,-0.11688521
45.4011,B,mrac.yaw.theta_0,2.0113195e-05
45.4011,B,mrac.yaw.theta_1,0.021175079
45.4011,B,mrac.yaw.theta_2,0.00088797178
45.4011,B,mrac.yaw.theta_3,0
45.4011,B,mrac.yaw.theta_4,0.11377176
45.4011,B,mrac.yaw.theta_5,0.089165919
45.4011,B,mrac.yaw.u_nom,-0.13354701
45.4011,B,mrac.yaw.xm,-0.77771711
45.4011,B,mrac.z.theta_0,0.17440161
45.4011,B,mrac.z.theta_1,2.3977302e-09
45.4011,B,mrac.z.theta_2,0.006893578
45.4011,B,mrac.z.theta_3,0
45.4011,B,mrac.z.theta_4,0.19753093
45.4011,B,mrac.z.theta_5,0.18056765
45.4011,B,mrac.z.u_nom,-0.077742152
45.4011,B,mrac.z.xm,0
45.4011,B,path.active_path_mode,0
45.4011,B,path.circle_theta,0
45.4011,B,path.sinusoid_t_elapsed,0
45.4011,B,path.twc_arrived,0
45.4011,B,path.twc_target_x,0
45.4011,B,path.twc_target_y,0
45.4011,B,path.twc_target_z,0
45.4011,B,pid.gyrox.Des,-6.6970263
45.4011,B,pid.gyrox.FB,15.16507
45.4011,B,pid.gyrox.U,-147.83974
45.4011,B,pid.gyroy.Des,-6.0419588
45.4011,B,pid.gyroy.FB,-26.99597
45.4011,B,pid.gyroy.U,141.13823
45.4011,B,pid.gyroz.Des,-44.559891
45.4011,B,pid.gyroz.FB,-5.1954679
45.4011,B,pid.gyroz.U,-250
45.4011,B,pid.locx.Des,0
45.4011,B,pid.locx.FB,-3.7632186
45.4011,B,pid.locx.U,5.1157265
45.4011,B,pid.locxs.Des,5.1157265
45.4011,B,pid.locxs.FB,-1.022835
45.4011,B,pid.locxs.U,19.059151
45.4011,B,pid.locy.Des,0
45.4011,B,pid.locy.FB,69.324516
45.4011,B,pid.locy.U,-57.634388
45.4011,B,pid.locys.Des,-57.634388
45.4011,B,pid.locys.FB,8.5412998
45.4011,B,pid.locys.U,-189.90971
45.4011,B,pid.pitch.Des,-8.8080015
45.4011,B,pid.pitch.FB,-5.029911
45.4011,B,pid.pitch.U,-6.0419588
45.4011,B,pid.roll.Des,6.5992632
45.4011,B,pid.roll.FB,7.186573
45.4011,B,pid.roll.U,-6.6970263
45.4011,B,pid.yaw.Des,-49.635666
45.4011,B,pid.yaw.FB,-42.366455
45.4011,B,pid.yaw.U,-44.559891
45.4011,B,pid.z_pos.Des,1.274937
45.4011,B,pid.z_pos.FB,1.274937
45.4011,B,pid.z_pos.U,-0.088317379
45.4011,B,pid.z_rate.Des,0
45.4011,B,pid.z_rate.FB,0.011589166
45.4011,B,pid.z_rate.U,-17.258759
45.4011,B,status.vbat,0
45.6011,A,mrac.pitch.e,-0.27907559
45.6011,A,mrac.pitch.u_ad,0.1179433
45.6011,A,mrac.roll.e,0.096514702
45.6011,A,mrac.roll.u_ad,-0.032128967
45.6011,A,mrac.yaw.e,0.91613132
45.6011,A,mrac.yaw.u_ad,-0.06594573
45.6011,A,mrac.z.e,-0.16520953
45.6011,A,mrac.z.u_ad,0.1535148
45.6011,A,status.arm,0
45.6011,A,status.flymode,0
45.6011,A,status.rc_authority,0
45.6011,A,status.sbus_lost,0
45.6011,A,status.twc_arrived,0
45.6011,A,status.twc_execute,0
45.6012,B,mrac.pitch.theta_0,0.050650455
45.6012,B,mrac.pitch.theta_1,0.00041769884
45.6012,B,mrac.pitch.theta_2,0.0046101725
45.6012,B,mrac.pitch.theta_3,0.0054951436
45.6012,B,mrac.pitch.theta_4,0.16419384
45.6012,B,mrac.pitch.theta_5,0.14251728
45.6012,B,mrac.pitch.u_nom,0.15243536
45.6012,B,mrac.pitch.xm,0.26033753
45.6012,B,mrac.roll.theta_0,0.0088634742
45.6012,B,mrac.roll.theta_1,0.0031523088
45.6012,B,mrac.roll.theta_2,0.0088235913
45.6012,B,mrac.roll.theta_3,0.0074005234
45.6012,B,mrac.roll.theta_4,0.14129403
45.6012,B,mrac.roll.theta_5,0.14602984
45.6012,B,mrac.roll.u_nom,-0.13006029
45.6012,B,mrac.roll.xm,-0.21902888
45.6012,B,mrac.yaw.theta_0,2.6825853e-06
45.6012,B,mrac.yaw.theta_1,0.020769278
45.6012,B,mrac.yaw.theta_2,0.00087827293
45.6012,B,mrac.yaw.theta_3,0
45.6012,B,mrac.yaw.theta_4,0.11379817
45.6012,B,mrac.yaw.theta_5,0.089211911
45.6012,B,mrac.yaw.u_nom,-0.13354701
45.6012,B,mrac.yaw.xm,-0.77841103
45.6012,B,mrac.z.theta_0,0.1584519
45.6012,B,mrac.z.theta_1,2.2585653e-09
45.6012,B,mrac.z.theta_2,0.0068431399
45.6012,B,mrac.z.theta_3,0
45.6012,B,mrac.z.theta_4,0.19754061
45.6012,B,mrac.z.theta_5,0.18052258
45.6012,B,mrac.z.u_nom,-0.40375406
45.6012,B,mrac.z.xm,0
45.6012,B,path.active_path_mode,0
45.6012,B,path.circle_theta,0
45.6012,B,path.sinusoid_t_elapsed,0
45.6012,B,path.twc_arrived,0
45.6012,B,path.twc_target_x,0
45.6012,B,path.twc_target_y,0
45.6012,B,path.twc_target_z,0
45.6012,B,pid.gyrox.Des,-12.549425
45.6012,B,pid.gyrox.FB,19.885031
45.6012,B,pid.gyrox.U,-152.17053
45.6012,B,pid.gyroy.Des,14.916235
45.6012,B,pid.gyroy.FB,-38.744766
45.6012,B,pid.gyroy.U,178.34938
45.6012,B,pid.gyroz.Des,-44.599648
45.6012,B,pid.gyroz.FB,9.7081404
45.6012,B,pid.gyroz.U,-250
45.6012,B,pid.locx.Des,0
45.6012,B,pid.locx.FB,-3.9215345
45.6012,B,pid.locx.U,5.0671263
45.6012,B,pid.locxs.Des,5.0671263
45.6012,B,pid.locxs.FB,0.73892826
45.6012,B,pid.locxs.U,8.6748428
45.6012,B,pid.locy.Des,0
45.6012,B,pid.locy.FB,69.511719
45.6012,B,pid.locy.U,-57.532543
45.6012,B,pid.locys.Des,-57.532543
45.6012,B,pid.locys.FB,0.67378408
45.6012,B,pid.locys.U,-169.90224
45.6012,B,pid.pitch.Des,-7.5153718
45.6012,B,pid.pitch.FB,-11.886935
45.6012,B,pid.pitch.U,14.916235
45.6012,B,pid.roll.Des,6.1547098
45.6012,B,pid.roll.FB,10.049842
45.6012,B,pid.roll.U,-12.549425
45.6012,B,pid.yaw.Des,-49.635666
45.6012,B,pid.yaw.FB,-42.359829
45.6012,B,pid.yaw.U,-44.599648
45.6012,B,pid.z_pos.Des,1.3104163
45.6012,B,pid.z_pos.FB,1.3104163
45.6012,B,pid.z_pos.U,-0.088317379
45.6012,B,pid.z_rate.Des,0
45.6012,B,pid.z_rate.FB,0.19196463
45.6012,B,pid.z_rate.U,-89.6334
45.6012,B,status.vbat,0
45.8024,A,mrac.pitch.e,0.24027131
45.8024,A,mrac.pitch.u_ad,0.06420061
45.8024,A,mrac.roll.e,0.54072016
45.8024,A,mrac.roll.u_ad,-0.027495321
45.8024,A,mrac.yaw.e,0.45751572
45.8024,A,mrac.yaw.u_ad,-0.083489373
45.8024,A,mrac.z.e,-0.10888778
45.8024,A,mrac.z.u_ad,0.21100555
45.8024,A,status.arm,0
45.8024,A,status.flymode,0
45.8024,A,status.rc_authority,0
45.8024,A,status.sbus_lost,0
45.8024,A,status.twc_arrived,0
45.8024,A,status.twc_execute,0
45.8026,B,mrac.pitch.theta_0,0.060166437
45.8026,B,mrac.pitch.theta_1,0.00041611309
45.8026,B,mrac.pitch.theta_2,0.0046128477
45.8026,B,mrac.pitch.theta_3,0.0054963073
45.8026,B,mrac.pitch.theta_4,0.16429798
45.8026,B,mrac.pitch.theta_5,0.14237544
45.8026,B,mrac.pitch.u_nom,-0.062996097
45.8026,B,mrac.pitch.xm,0.11063385
45.8026,B,mrac.roll.theta_0,0.0080527859
45.8026,B,mrac.roll.theta_1,0.0030833806
45.8026,B,mrac.roll.theta_2,0.0088108527
45.8026,B,mrac.roll.theta_3,0.007426559
45.8026,B,mrac.roll.theta_4,0.14134106
45.8026,B,mrac.roll.theta_5,0.14596382
45.8026,B,mrac.roll.u_nom,-0.11598621
45.8026,B,mrac.roll.xm,-0.14757811
45.8026,B,mrac.yaw.theta_0,1.5022856e-07
45.8026,B,mrac.yaw.theta_1,0.020955671
45.8026,B,mrac.yaw.theta_2,0.00086124701
45.8026,B,mrac.yaw.theta_3,0
45.8026,B,mrac.yaw.theta_4,0.11383759
45.8026,B,mrac.yaw.theta_5,0.089274973
45.8026,B,mrac.yaw.u_nom,-0.12120627
45.8026,B,mrac.yaw.xm,-0.72634476
45.8026,B,mrac.z.theta_0,0.18166757
45.8026,B,mrac.z.theta_1,2.1063857e-09
45.8026,B,mrac.z.theta_2,0.0069080703
45.8026,B,mrac.z.theta_3,0
45.8026,B,mrac.z.theta_4,0.1975203
45.8026,B,mrac.z.theta_5,0.18045586
45.8026,B,mrac.z.u_nom,0.29952782
45.8026,B,mrac.z.xm,0
45.8026,B,path.active_path_mode,0
45.8026,B,path.circle_theta,0
45.8026,B,path.sinusoid_t_elapsed,0
45.8026,B,path.twc_arrived,0
45.8026,B,path.twc_target_x,0
45.8026,B,path.twc_target_y,0
45.8026,B,path.twc_target_z,0
45.8026,B,pid.gyrox.Des,-8.4555988
45.8026,B,pid.gyrox.FB,17.047239
45.8026,B,pid.gyrox.U,-135.70387
45.8026,B,pid.gyroy.Des,6.33885
45.8026,B,pid.gyroy.FB,16.502028
45.8026,B,pid.gyroy.U,-73.705429
45.8026,B,pid.gyroz.Des,-41.61647
45.8026,B,pid.gyroz.FB,-13.387106
45.8026,B,pid.gyroz.U,-226.89813
45.8026,B,pid.locx.Des,0
45.8026,B,pid.locx.FB,-3.6583445
45.8026,B,pid.locx.U,4.9452081
45.8026,B,pid.locxs.Des,4.9452081
45.8026,B,pid.locxs.FB,0.05288285
45.8026,B,pid.locxs.U,14.713451
45.8026,B,pid.locy.Des,0
45.8026,B,pid.locy.FB,69.724777
45.8026,B,pid.locy.U,-57.958843
45.8026,B,pid.locys.Des,-57.958843
45.8026,B,pid.locys.FB,1.4132245
45.8026,B,pid.locys.U,-178.35492
45.8026,B,pid.pitch.Des,-8.0691166
45.8026,B,pid.pitch.FB,-10.439342
45.8026,B,pid.pitch.U,6.33885
45.8026,B,pid.roll.Des,6.3248329
45.8026,B,pid.roll.FB,8.9703274
45.8026,B,pid.roll.U,-8.4555988
45.8026,B,pid.yaw.Des,-49.635666
45.8026,B,pid.yaw.FB,-42.857025
45.8026,B,pid.yaw.U,-41.61647
45.8026,B,pid.z_pos.Des,1.2628447
45.8026,B,pid.z_pos.FB,1.2628447
45.8026,B,pid.z_pos.U,-0.088317379
45.8026,B,pid.z_rate.Des,0
45.8026,B,pid.z_rate.FB,-0.19756284
45.8026,B,pid.z_rate.U,66.495178
45.8026,B,status.vbat,0
46.0189,A,mrac.pitch.e,0.17508554
46.0189,A,mrac.pitch.u_ad,0.010373087
46.0189,A,mrac.roll.e,0.36078602
46.0189,A,mrac.roll.u_ad,-0.0571227
46.0189,A,mrac.yaw.e,0.024179459
46.0189,A,mrac.yaw.u_ad,-0.045017362
46.0189,A,mrac.z.e,0.014483724
46.0189,A,mrac.z.u_ad,0.13749839
46.0189,A,status.arm,0
46.0189,A,status.flymode,0
46.0189,A,status.rc_authority,0
46.0189,A,status.sbus_lost,0
46.0189,A,status.twc_arrived,0
46.0189,A,status.twc_execute,0
46.0190,B,mrac.pitch.theta_0,0.036879346
46.0190,B,mrac.pitch.theta_1,0.00038320656
46.0190,B,mrac.pitch.theta_2,0.0045619765
46.0190,B,mrac.pitch.theta_3,0.0055727055
46.0190,B,mrac.pitch.theta_4,0.16434045
46.0190,B,mrac.pitch.theta_5,0.14227186
46.0190,B,mrac.pitch.u_nom,-0.14213341
46.0190,B,mrac.pitch.xm,-0.023153782
46.0190,B,mrac.roll.theta_0,0.0017249781
46.0190,B,mrac.roll.theta_1,0.0024962046
46.0190,B,mrac.roll.theta_2,0.0086228875
46.0190,B,mrac.roll.theta_3,0.0075451867
46.0190,B,mrac.roll.theta_4,0.14165466
46.0190,B,mrac.roll.theta_5,0.14596447
46.0190,B,mrac.roll.u_nom,-0.064330727
46.0190,B,mrac.roll.xm,-0.31460866
46.0190,B,mrac.yaw.theta_0,5.376905e-08
46.0190,B,mrac.yaw.theta_1,0.02140294
46.0190,B,mrac.yaw.theta_2,0.00084423815
46.0190,B,mrac.yaw.theta_3,0
46.0190,B,mrac.yaw.theta_4,0.11383925
46.0190,B,mrac.yaw.theta_5,0.089287303
46.0190,B,mrac.yaw.u_nom,0.0034344494
46.0190,B,mrac.yaw.xm,-0.47344396
46.0190,B,mrac.z.theta_0,0.17620134
46.0190,B,mrac.z.theta_1,2.0430562e-09
46.0190,B,mrac.z.theta_2,0.0069024744
46.0190,B,mrac.z.theta_3,0
46.0190,B,mrac.z.theta_4,0.19749004
46.0190,B,mrac.z.theta_5,0.18040177
46.0190,B,mrac.z.u_nom,-0.36547226
46.0190,B,mrac.z.xm,0
46.0190,B,path.active_path_mode,0
46.0190,B,path.circle_theta,0
46.0190,B,path.sinusoid_t_elapsed,0
46.0190,B,path.twc_arrived,0
46.0190,B,path.twc_target_x,0
46.0190,B,path.twc_target_y,0
46.0190,B,path.twc_target_z,0
46.0190,B,pid.gyrox.Des,-18.025742
46.0190,B,pid.gyrox.FB,7.3416471
46.0190,B,pid.gyrox.U,-75.266953
46.0190,B,pid.gyroy.Des,-1.3266134
46.0190,B,pid.gyroy.FB,21.291319
46.0190,B,pid.gyroy.U,-166.2961
46.0190,B,pid.gyroz.Des,-27.126329
46.0190,B,pid.gyroz.FB,-28.077602
46.0190,B,pid.gyroz.U,6.4292893
46.0190,B,pid.locx.Des,0
46.0190,B,pid.locx.FB,-3.7881536
46.0190,B,pid.locx.U,5.0589123
46.0190,B,pid.locxs.Des,5.0589123
46.0190,B,pid.locxs.FB,0.70374179
46.0190,B,pid.locxs.U,13.117833
46.0190,B,pid.locy.Des,0
46.0190,B,pid.locy.FB,70.289406
46.0190,B,pid.locy.U,-58.259693
46.0190,B,pid.locys.Des,-58.259693
46.0190,B,pid.locys.FB,0.71045583
46.0190,B,pid.locys.U,-176.96098
46.0190,B,pid.pitch.Des,-7.5875072
46.0190,B,pid.pitch.FB,-7.4378138
46.0190,B,pid.pitch.U,-1.3266134
46.0190,B,pid.roll.Des,6.7178464
46.0190,B,pid.roll.FB,12.599905
46.0190,B,pid.roll.U,-18.025742
46.0190,B,pid.yaw.Des,-49.635666
46.0190,B,pid.yaw.FB,-45.272049
46.0190,B,pid.yaw.U,-27.126329
46.0190,B,pid.z_pos.Des,1.2870486
46.0190,B,pid.z_pos.FB,1.2870486
46.0190,B,pid.z_pos.U,-0.088317379
46.0190,B,pid.z_rate.Des,0
46.0190,B,pid.z_rate.FB,0.17058326
46.0190,B,pid.z_rate.U,-81.134842
46.0190,B,status.vbat,0
46.2349,A,mrac.pitch.e,0.35226846
46.2349,A,mrac.pitch.u_ad,0.011252316
46.2349,A,mrac.roll.e,8.8632107e-05
46.2349,A,mrac.roll.u_ad,-0.054328755
46.2349,A,mrac.yaw.e,1.3891909
46.2349,A,mrac.yaw.u_ad,0
46.2349,A,mrac.z.e,0.023219682
46.2349,A,mrac.z.u_ad,0.0976834
46.2349,A,status.arm,0
46.2349,A,status.flymode,0
46.2349,A,status.rc_authority,0
46.2349,A,status.sbus_lost,0
46.2349,A,status.twc_arrived,0
46.2349,A,status.twc_execute,0
46.2350,B,mrac.pitch.theta_0,0.02407949
46.2350,B,mrac.pitch.theta_1,0.00036924012
46.2350,B,mrac.pitch.theta_2,0.0045355028
46.2350,B,mrac.pitch.theta_3,0.005618887
46.2350,B,mrac.pitch.theta_4,0.16436671
46.2350,B,mrac.pitch.theta_5,0.14224289
46.2350,B,mrac.pitch.u_nom,-0.026973277
46.2350,B,mrac.pitch.xm,0.023459829
46.2350,B,mrac.roll.theta_0,0.00020502978
46.2350,B,mrac.roll.theta_1,0.002121499
46.2350,B,mrac.roll.theta_2,0.0085156532
46.2350,B,mrac.roll.theta_3,0.0076096803
46.2350,B,mrac.roll.theta_4,0.14203109
46.2350,B,mrac.roll.theta_5,0.14601293
46.2350,B,mrac.roll.u_nom,-0.14515728
46.2350,B,mrac.roll.xm,-0.43588695
46.2350,B,mrac.yaw.theta_0,0.00054959574
46.2350,B,mrac.yaw.theta_1,0.020990511
46.2350,B,mrac.yaw.theta_2,0.00083227793
46.2350,B,mrac.yaw.theta_3,0
46.2350,B,mrac.yaw.theta_4,0.11384206
46.2350,B,mrac.yaw.theta_5,0.089238875
46.2350,B,mrac.yaw.u_nom,-0.13354701
46.2350,B,mrac.yaw.xm,-0.87170064
46.2350,B,mrac.z.theta_0,0.15673479
46.2350,B,mrac.z.theta_1,1.9408402e-09
46.2350,B,mrac.z.theta_2,0.0068697119
46.2350,B,mrac.z.theta_3,0
46.2350,B,mrac.z.theta_4,0.19746923
46.2350,B,mrac.z.theta_5,0.18033326
46.2350,B,mrac.z.u_nom,-0.60977519
46.2350,B,mrac.z.xm,0
46.2350,B,path.active_path_mode,0
46.2350,B,path.circle_theta,0
46.2350,B,path.sinusoid_t_elapsed,0
46.2350,B,path.twc_arrived,0
46.2350,B,path.twc_target_x,0
46.2350,B,path.twc_target_y,0
46.2350,B,path.twc_target_z,0
46.2350,B,pid.gyrox.Des,-24.974472
46.2350,B,pid.gyrox.FB,0.070955127
46.2350,B,pid.gyrox.U,-169.83401
46.2350,B,pid.gyroy.Des,1.3441486
46.2350,B,pid.gyroy.FB,5.0404916
46.2350,B,pid.gyroy.U,-31.558735
46.2350,B,pid.gyroz.Des,-49.944748
46.2350,B,pid.gyroz.FB,43.170143
46.2350,B,pid.gyroz.U,-250
46.2350,B,pid.locx.Des,0
46.2350,B,pid.locx.FB,-2.2293246
46.2350,B,pid.locx.U,3.3215847
46.2350,B,pid.locxs.Des,3.3215847
46.2350,B,pid.locxs.FB,11.553533
46.2350,B,pid.locxs.U,-20.952641
46.2350,B,pid.locy.Des,0
46.2350,B,pid.locy.FB,71.663383
46.2350,B,pid.locy.U,-59.473103
46.2350,B,pid.locys.Des,-59.473103
46.2350,B,pid.locys.FB,3.5377805
46.2350,B,pid.locys.U,-184.65417
46.2350,B,pid.pitch.Des,-6.9927092
46.2350,B,pid.pitch.FB,-7.3758402
46.2350,B,pid.pitch.U,1.3441486
46.2350,B,pid.roll.Des,7.943594
46.2350,B,pid.roll.FB,14.934736
46.2350,B,pid.roll.U,-24.974472
46.2350,B,pid.yaw.Des,-49.635666
46.2350,B,pid.yaw.FB,-41.468979
46.2350,B,pid.yaw.U,-49.944748
46.2350,B,pid.z_pos.Des,1.3223505
46.2350,B,pid.z_pos.FB,1.3223505
46.2350,B,pid.z_pos.U,-0.088317379
46.2350,B,pid.z_rate.Des,0
46.2350,B,pid.z_rate.FB,0.3058002
46.2350,B,pid.z_rate.U,-135.37009
46.2350,B,status.vbat,0
46.4517,A,mrac.pitch.e,-0.063327931
46.4517,A,mrac.pitch.u_ad,0.018461706
46.4517,A,mrac.roll.e,0.071282789
46.4517,A,mrac.roll.u_ad,-0.042942673
46.4517,A,mrac.yaw.e,1.463737
46.4517,A,mrac.yaw.u_ad,0
46.4517,A,mrac.z.e,-0.030182749
46.4517,A,mrac.z.u_ad,0.17621042
46.4517,A,status.arm,0
46.4517,A,status.flymode,0
46.4517,A,status.rc_authority,0
46.4517,A,status.sbus_lost,0
46.4517,A,status.twc_arrived,0
46.4517,A,status.twc_execute,0
46.4517,B,mrac.pitch.theta_0,0.018290706
46.4517,B,mrac.pitch.theta_1,0.00034918202
46.4517,B,mrac.pitch.theta_2,0.0045031388
46.4517,B,mrac.pitch.theta_3,0.0056501357
46.4517,B,mrac.pitch.theta_4,0.16439435
46.4517,B,mrac.pitch.theta_5,0.14219235
46.4517,B,mrac.pitch.u_nom,0.031092782
46.4517,B,mrac.pitch.xm,0.0023577474
46.4517,B,mrac.roll.theta_0,0.0012827461
46.4517,B,mrac.roll.theta_1,0.0023007775
46.4517,B,mrac.roll.theta_2,0.0085078385
46.4517,B,mrac.roll.theta_3,0.0075864154
46.4517,B,mrac.roll.theta_4,0.14210083
46.4517,B,mrac.roll.theta_5,0.14600392
46.4517,B,mrac.roll.u_nom,-0.015851825
46.4517,B,mrac.roll.xm,-0.26431075
46.4517,B,mrac.yaw.theta_0,0.00054959574
46.4517,B,mrac.yaw.theta_1,0.020990511
46.4517,B,mrac.yaw.theta_2,0.00083227793
46.4517,B,mrac.yaw.theta_3,0
46.4517,B,mrac.yaw.theta_4,0.11384206
46.4517,B,mrac.yaw.theta_5,0.089238875
46.4517,B,mrac.yaw.u_nom,-0.13354701
46.4517,B,mrac.yaw.xm,-1.0471979
46.4517,B,mrac.z.theta_0,0.16703269
46.4517,B,mrac.z.theta_1,1.8327085e-09
46.4517,B,mrac.z.theta_2,0.0068951198
46.4517,B,mrac.z.theta_3,0
46.4517,B,mrac.z.theta_4,0.1974463
46.4517,B,mrac.z.theta_5,0.18026835
46.4517,B,mrac.z.u_nom,0.58621359
46.4517,B,mrac.z.xm,0
46.4517,B,path.active_path_mode,0
46.4517,B,path.circle_theta,0
46.4517,B,path.sinusoid_t_elapsed,0
46.4517,B,path.twc_arrived,0
46.4517,B,path.twc_target_x,0
46.4517,B,path.twc_target_y,0
46.4517,B,path.twc_target_z,0
46.4517,B,pid.gyrox.Des,-15.143885
46.4517,B,pid.gyrox.FB,-11.598296
46.4517,B,pid.gyrox.U,-18.546637
46.4517,B,pid.gyroy.Des,0.13508892
46.4517,B,pid.gyroy.FB,-11.122588
46.4517,B,pid.gyroy.U,36.378555
46.4517,B,pid.gyroz.Des,-60
46.4517,B,pid.gyroz.FB,23.288229
46.4517,B,pid.gyroz.U,-250
46.4517,B,pid.locx.Des,0
46.4517,B,pid.locx.FB,0.3062647
46.4517,B,pid.locx.U,1.2646809
46.4517,B,pid.locxs.Des,1.2646809
46.4517,B,pid.locxs.FB,11.303755
46.4517,B,pid.locxs.U,-30.594801
46.4517,B,pid.locy.Des,0
46.4517,B,pid.locy.FB,71.574348
46.4517,B,pid.locy.U,-59.067097
46.4517,B,pid.locys.Des,-59.067097
46.4517,B,pid.locys.FB,-5.4060259
46.4517,B,pid.locys.U,-160.49318
46.4517,B,pid.pitch.Des,-6.3847356
46.4517,B,pid.pitch.FB,-7.183969
46.4517,B,pid.pitch.U,0.13508892
46.4517,B,pid.roll.Des,6.8510108
46.4517,B,pid.roll.FB,12.060338
46.4517,B,pid.roll.U,-15.143885
46.4517,B,pid.yaw.Des,-49.635666
46.4517,B,pid.yaw.FB,-35.830086
46.4517,B,pid.yaw.U,-83.778107
46.4517,B,pid.z_pos.Des,1.2807314
46.4517,B,pid.z_pos.FB,1.2807314
46.4517,B,pid.z_pos.U,-0.088317379
46.4517,B,pid.z_rate.Des,0
46.4517,B,pid.z_rate.FB,-0.35706729
46.4517,B,pid.z_rate.U,130.13942
46.4517,B,status.vbat,0
46.6680,A,mrac.pitch.e,0.35135055
46.6680,A,mrac.pitch.u_ad,0.088090792
46.6680,A,mrac.roll.e,-0.19214542
46.6680,A,mrac.roll.u_ad,-0.028468104
46.6680,A,mrac.yaw.e,1.2613546
46.6680,A,mrac.yaw.u_ad,0
46.6680,A,mrac.z.e,0.14168836
46.6680,A,mrac.z.u_ad,0.15568092
46.6680,A,status.arm,0
46.6680,A,status.flymode,0
46.6680,A,status.rc_authority,0
46.6680,A,status.sbus_lost,0
46.6680,A,status.twc_arrived,0
46.6680,A,status.twc_execute,0
46.6680,B,mrac.pitch.theta_0,0.061733786
46.6680,B,mrac.pitch.theta_1,0.00028098127
46.6680,B,mrac.pitch.theta_2,0.004725182
46.6680,B,mrac.pitch.theta_3,0.0057095722
46.6680,B,mrac.pitch.theta_4,0.16464064
46.6680,B,mrac.pitch.theta_5,0.1422576
46.6680,B,mrac.pitch.u_nom,0.064390071
46.6680,B,mrac.pitch.xm,0.30903444
46.6680,B,mrac.roll.theta_0,0.00041890005
46.6680,B,mrac.roll.theta_1,0.0022795692
46.6680,B,mrac.roll.theta_2,0.0084936125
46.6680,B,mrac.roll.theta_3,0.0078605199
46.6680,B,mrac.roll.theta_4,0.14221273
46.6680,B,mrac.roll.theta_5,0.14602326
46.6680,B,mrac.roll.u_nom,0.029342292
46.6680,B,mrac.roll.xm,-0.30250996
46.6680,B,mrac.yaw.theta_0,0.00054959574
46.6680,B,mrac.yaw.theta_1,0.020990511
46.6680,B,mrac.yaw.theta_2,0.00083227793
46.6680,B,mrac.yaw.theta_3,0
46.6680,B,mrac.yaw.theta_4,0.11384206
46.6680,B,mrac.yaw.theta_5,0.089238875
46.6680,B,mrac.yaw.u_nom,-0.13354701
46.6680,B,mrac.yaw.xm,-1.0471979
46.6680,B,mrac.z.theta_0,0.18692587
46.6680,B,mrac.z.theta_1,1.7492356e-09
46.6680,B,mrac.z.theta_2,0.0069290316
46.6680,B,mrac.z.theta_3,0
46.6680,B,mrac.z.theta_4,0.19742383
46.6680,B,mrac.z.theta_5,0.18021606
46.6680,B,mrac.z.u_nom,-0.09131144
46.6680,B,mrac.z.xm,0
46.6680,B,path.active_path_mode,0
46.6680,B,path.circle_theta,0
46.6680,B,path.sinusoid_t_elapsed,0
46.6680,B,path.twc_arrived,0
46.6680,B,path.twc_target_x,0
46.6680,B,path.twc_target_y,0
46.6680,B,path.twc_target_z,0
46.6680,B,pid.gyrox.Des,-17.332537
46.6680,B,pid.gyrox.FB,-11.193808
46.6680,B,pid.gyrox.U,34.330482
46.6680,B,pid.gyroy.Des,17.706362
46.6680,B,pid.gyroy.FB,0.45795998
46.6680,B,pid.gyroy.U,75.33638
46.6680,B,pid.gyroz.Des,-60
46.6680,B,pid.gyroz.FB,32.586102
46.6680,B,pid.gyroz.U,-250
46.6680,B,pid.locx.Des,0
46.6680,B,pid.locx.FB,2.1060233
46.6680,B,pid.locx.U,-0.23011756
46.6680,B,pid.locxs.Des,-0.23011756
46.6680,B,pid.locxs.FB,9.1971436
46.6680,B,pid.locxs.U,-28.467688
46.6680,B,pid.locy.Des,0
46.6680,B,pid.locy.FB,69.989487
46.6680,B,pid.locy.U,-57.502911
46.6680,B,pid.locys.Des,-57.502911
46.6680,B,pid.locys.FB,-9.6650162
46.6680,B,pid.locys.U,-142.75519
46.6680,B,pid.pitch.Des,-6.1835637
46.6680,B,pid.pitch.FB,-11.96941
46.6680,B,pid.pitch.U,17.706362
46.6680,B,pid.roll.Des,5.534905
46.6680,B,pid.roll.FB,11.458997
46.6680,B,pid.roll.U,-17.332537
46.6680,B,pid.yaw.Des,-49.635666
46.6680,B,pid.yaw.FB,-30.584482
46.6680,B,pid.yaw.U,-115.25172
46.6680,B,pid.z_pos.Des,1.2751493
46.6680,B,pid.z_pos.FB,1.2751493
46.6680,B,pid.z_pos.U,-0.088317379
46.6680,B,pid.z_rate.Des,0
46.6680,B,pid.z_rate.FB,0.018758258
46.6680,B,pid.z_rate.U,-20.271139
46.6680,B,status.vbat,0
46.8683,A,mrac.pitch.e,-0.1028978
46.8683,A,mrac.pitch.u_ad,0.060127221
46.8683,A,mrac.roll.e,0.37893394
46.8683,A,mrac.roll.u_ad,-0.029528758
46.8683,A,mrac.yaw.e,1.6905539
46.8683,A,mrac.yaw.u_ad,0
46.8683,A,mrac.z.e,0.071928702
46.8683,A,mrac.z.u_ad,0.22266397
46.8683,A,status.arm,0
46.8683,A,status.flymode,0
46.8683,A,status.rc_authority,0
46.8683,A,status.sbus_lost,0
46.8683,A,status.twc_arrived,0
46.8683,A,status.twc_execute,0
46.8684,B,mrac.pitch.theta_0,0.039374325
46.8684,B,mrac.pitch.theta_1,0.00027481277
46.8684,B,mrac.pitch.theta_2,0.0045305821
46.8684,B,mrac.pitch.theta_3,0.0057842657
46.8684,B,mrac.pitch.theta_4,0.16470143
46.8684,B,mrac.pitch.theta_5,0.14191212
46.8684,B,mrac.pitch.u_nom,0.0046576345
46.8684,B,mrac.pitch.xm,0.21173325
46.8684,B,mrac.roll.theta_0,0.0068555069
46.8684,B,mrac.roll.theta_1,0.0020553602
46.8684,B,mrac.roll.theta_2,0.0085496334
46.8684,B,mrac.roll.theta_3,0.0078836875
46.8684,B,mrac.roll.theta_4,0.1423163
46.8684,B,mrac.roll.theta_5,0.14581895
46.8684,B,mrac.roll.u_nom,-0.078763969
46.8684,B,mrac.roll.xm,-0.30596098
46.8684,B,mrac.yaw.theta_0,0.00054959574
46.8684,B,mrac.yaw.theta_1,0.020990511
46.8684,B,mrac.yaw.theta_2,0.00083227793
46.8684,B,mrac.yaw.theta_3,0
46.8684,B,mrac.yaw.theta_4,0.11384206
46.8684,B,mrac.yaw.theta_5,0.089238875
46.8684,B,mrac.yaw.u_nom,-0.13354701
46.8684,B,mrac.yaw.xm,-1.0471979
46.8684,B,mrac.z.theta_0,0.19504388
46.8684,B,mrac.z.theta_1,1.6351199e-09
46.8684,B,mrac.z.theta_2,0.0069812266
46.8684,B,mrac.z.theta_3,0
46.8684,B,mrac.z.theta_4,0.19740158
46.8684,B,mrac.z.theta_5,0.18014213
46.8684,B,mrac.z.u_nom,-0.16933417
46.8684,B,mrac.z.xm,0
46.8684,B,path.active_path_mode,0
46.8684,B,path.circle_theta,0
46.8684,B,path.sinusoid_t_elapsed,0
46.8684,B,path.twc_arrived,0
46.8684,B,path.twc_target_x,0
46.8684,B,path.twc_target_y,0
46.8684,B,path.twc_target_z,0
46.8684,B,pid.gyrox.Des,-17.530266
46.8684,B,pid.gyrox.FB,-4.5956845
46.8684,B,pid.gyrox.U,-92.153847
46.8684,B,pid.gyroy.Des,12.131416
46.8684,B,pid.gyroy.FB,16.666586
46.8684,B,pid.gyroy.U,5.4494324
46.8684,B,pid.gyroz.Des,-60
46.8684,B,pid.gyroz.FB,44.020397
46.8684,B,pid.gyroz.U,-250
46.8684,B,pid.locx.Des,0
46.8684,B,pid.locx.FB,3.7094455
46.8684,B,pid.locx.U,-2.0485144
46.8684,B,pid.locxs.Des,-2.0485144
46.8684,B,pid.locxs.FB,5.9076443
46.8684,B,pid.locxs.U,-20.086353
46.8684,B,pid.locy.Des,0
46.8684,B,pid.locy.FB,67.289398
46.8684,B,pid.locy.U,-55.128578
46.8684,B,pid.locys.Des,-55.128578
46.8684,B,pid.locys.FB,-15.971841
46.8684,B,pid.locys.U,-108.01245
46.8684,B,pid.pitch.Des,-5.2438154
46.8684,B,pid.pitch.FB,-7.9524426
46.8684,B,pid.pitch.U,12.131416
46.8684,B,pid.roll.Des,3.568567
46.8684,B,pid.roll.FB,7.9056215
46.8684,B,pid.roll.U,-17.530266
46.8684,B,pid.yaw.Des,-49.635666
46.8684,B,pid.yaw.FB,-23.664841
46.8684,B,pid.yaw.U,-120
46.8684,B,pid.z_pos.Des,1.265452
46.8684,B,pid.z_pos.FB,1.265452
46.8684,B,pid.z_pos.U,-0.088317379
46.8684,B,pid.z_rate.Des,0
46.8684,B,pid.z_rate.FB,0.061355468
46.8684,B,pid.z_rate.U,-37.592186
46.8684,B,status.vbat,0
47.0688,A,mrac.pitch.e,0.69670188
47.0688,A,mrac.pitch.u_ad,-0.010850187
47.0688,A,mrac.roll.e,0.24272977
47.0688,A,mrac.roll.u_ad,-0.032462865
47.0688,A,mrac.yaw.e,1.7532699
47.0688,A,mrac.yaw.u_ad,0
47.0688,A,mrac.z.e,0.15720193
47.0688,A,mrac.z.u_ad,0.10627785
47.0688,A,status.arm,0
47.0688,A,status.flymode,0
47.0688,A,status.rc_authority,0
47.0688,A,status.sbus_lost,0
47.0688,A,status.twc_arrived,0
47.0688,A,status.twc_execute,0
47.0688,B,mrac.pitch.theta_0,0.017012853
47.0688,B,mrac.pitch.theta_1,0.00024379032
47.0688,B,mrac.pitch.theta_2,0.0044410028
47.0688,B,mrac.pitch.theta_3,0.0058416296
47.0688,B,mrac.pitch.theta_4,0.16476825
47.0688,B,mrac.pitch.theta_5,0.14172538
47.0688,B,mrac.pitch.u_nom,-0.12248474
47.0688,B,mrac.pitch.xm,0.033486411
47.0688,B,mrac.roll.theta_0,0.0041521383
47.0688,B,mrac.roll.theta_1,0.0021949371
47.0688,B,mrac.roll.theta_2,0.0085448911
47.0688,B,mrac.roll.theta_3,0.0077727488
47.0688,B,mrac.roll.theta_4,0.14231825
47.0688,B,mrac.roll.theta_5,0.14581275
47.0688,B,mrac.roll.u_nom,-0.050137389
47.0688,B,mrac.roll.xm,-0.21797833
47.0688,B,mrac.yaw.theta_0,0.00054959574
47.0688,B,mrac.yaw.theta_1,0.020990511
47.0688,B,mrac.yaw.theta_2,0.00083227793
47.0688,B,mrac.yaw.theta_3,0
47.0688,B,mrac.yaw.theta_4,0.11384206
47.0688,B,mrac.yaw.theta_5,0.089238875
47.0688,B,mrac.yaw.u_nom,-0.13354701
47.0688,B,mrac.yaw.xm,-1.0471979
47.0688,B,mrac.z.theta_0,0.17812499
47.0688,B,mrac.z.theta_1,1.5832424e-09
47.0688,B,mrac.z.theta_2,0.0069650114
47.0688,B,mrac.z.theta_3,0
47.0688,B,mrac.z.theta_4,0.19737275
47.0688,B,mrac.z.theta_5,0.18008263
47.0688,B,mrac.z.u_nom,-0.2144257
47.0688,B,mrac.z.xm,0
47.0688,B,path.active_path_mode,0
47.0688,B,path.circle_theta,0
47.0688,B,path.sinusoid_t_elapsed,0
47.0688,B,path.twc_arrived,0
47.0688,B,path.twc_target_x,0
47.0688,B,path.twc_target_y,0
47.0688,B,path.twc_target_z,0
47.0688,B,pid.gyrox.Des,-12.489233
47.0688,B,pid.gyrox.FB,0.017974459
47.0688,B,pid.gyrox.U,-58.660744
47.0688,B,pid.gyroy.Des,1.9186292
47.0688,B,pid.gyroy.FB,25.02668
47.0688,B,pid.gyroy.U,-143.30714
47.0688,B,pid.gyroz.Des,-60
47.0688,B,pid.gyroz.FB,47.502483
47.0688,B,pid.gyroz.U,-250
47.0688,B,pid.locx.Des,0
47.0688,B,pid.locx.FB,3.9140372
47.0688,B,pid.locx.U,-2.7356391
47.0688,B,pid.locxs.Des,-2.7356391
47.0688,B,pid.locxs.FB,-0.2236433
47.0688,B,pid.locxs.U,-6.8957448
47.0688,B,pid.locy.Des,0
47.0688,B,pid.locy.FB,63.799343
47.0688,B,pid.locy.U,-52.253235
47.0688,B,pid.locys.Des,-52.253235
47.0688,B,pid.locys.FB,-21.839186
47.0688,B,pid.locys.U,-90.19342
47.0688,B,pid.pitch.Des,-4.9355555
47.0688,B,pid.pitch.FB,-5.8351159
47.0688,B,pid.pitch.U,1.9186292
47.0688,B,pid.roll.Des,1.7743951
47.0688,B,pid.roll.FB,5.9601154
47.0688,B,pid.roll.U,-12.489233
47.0688,B,pid.yaw.Des,-49.635666
47.0688,B,pid.yaw.FB,-15.358693
47.0688,B,pid.yaw.U,-120
47.0688,B,pid.z_pos.Des,1.2862734
47.0688,B,pid.z_pos.FB,1.2862734
47.0688,B,pid.z_pos.U,-0.088317379
47.0688,B,pid.z_rate.Des,0
47.0688,B,pid.z_rate.FB,0.086381264
47.0688,B,pid.z_rate.U,-47.602505
47.0688,B,status.vbat,0
47.2727,A,mrac.pitch.e,1.2392156
47.2727,A,mrac.pitch.u_ad,0
47.2727,A,mrac.roll.e,0.48865163
47.2727,A,mrac.roll.u_ad,-0.061406381
47.2727,A,mrac.yaw.e,1.1819985
47.2727,A,mrac.yaw.u_ad,0
47.2727,A,mrac.z.e,0.16892724
47.2727,A,mrac.z.u_ad,0.063207321
47.2727,A,status.arm,0
47.2727,A,status.flymode,0
47.2727,A,status.rc_authority,0
47.2727,A,status.sbus_lost,0
47.2727,A,status.twc_arrived,0
47.2727,A,status.twc_execute,0
47.2727,B,mrac.pitch.theta_0,0.0040904102
47.2727,B,mrac.pitch.theta_1,0.00016800441
47.2727,B,mrac.pitch.theta_2,0.0039830911
47.2727,B,mrac.pitch.theta_3,0.0058340062
47.2727,B,mrac.pitch.theta_4,0.16512236
47.2727,B,mrac.pitch.theta_5,0.14170556
47.2727,B,mrac.pitch.u_nom,-0.22916886
47.2727,B,mrac.pitch.xm,-0.25284255
47.2727,B,mrac.roll.theta_0,0.0016593352
47.2727,B,mrac.roll.theta_1,0.0021799754
47.2727,B,mrac.roll.theta_2,0.0085418345
47.2727,B,mrac.roll.theta_3,0.0075334273
47.2727,B,mrac.roll.theta_4,0.14237465
47.2727,B,mrac.roll.theta_5,0.14581884
47.2727,B,mrac.roll.u_nom,-0.094819382
47.2727,B,mrac.roll.xm,-0.26907369
47.2727,B,mrac.yaw.theta_0,0.00054959574
47.2727,B,mrac.yaw.theta_1,0.020990511
47.2727,B,mrac.yaw.theta_2,0.00083227793
47.2727,B,mrac.yaw.theta_3,0
47.2727,B,mrac.yaw.theta_4,0.11384206
47.2727,B,mrac.yaw.theta_5,0.089238875
47.2727,B,mrac.yaw.u_nom,-0.13354701
47.2727,B,mrac.yaw.xm,-1.0471979
47.2727,B,mrac.z.theta_0,0.15395026
47.2727,B,mrac.z.theta_1,1.4553361e-09
47.2727,B,mrac.z.theta_2,0.0069072857
47.2727,B,mrac.z.theta_3,0
47.2727,B,mrac.z.theta_4,0.19739708
47.2727,B,mrac.z.theta_5,0.18002313
47.2727,B,mrac.z.u_nom,-0.64005655
47.2727,B,mrac.z.xm,0
47.2727,B,path.active_path_mode,0
47.2727,B,path.circle_theta,0
47.2727,B,path.sinusoid_t_elapsed,0
47.2727,B,path.twc_arrived,0
47.2727,B,path.twc_target_x,0
47.2727,B,path.twc_target_y,0
47.2727,B,path.twc_target_z,0
47.2727,B,pid.gyrox.Des,-15.41678
47.2727,B,pid.gyrox.FB,5.9246631
47.2727,B,pid.gyrox.U,-110.93867
47.2727,B,pid.gyroy.Des,-14.486804
47.2727,B,pid.gyroy.FB,43.526176
47.2727,B,pid.gyroy.U,-268.12756
47.2727,B,pid.gyroz.Des,-60
47.2727,B,pid.gyroz.FB,11.961078
47.2727,B,pid.gyroz.U,-250
47.2727,B,pid.locx.Des,0
47.2727,B,pid.locx.FB,3.4746847
47.2727,B,pid.locx.U,-2.8091836
47.2727,B,pid.locxs.Des,-2.8091836
47.2727,B,pid.locxs.FB,-5.452302
47.2727,B,pid.locxs.U,8.2947435
47.2727,B,pid.locy.Des,0
47.2727,B,pid.locy.FB,60.622158
47.2727,B,pid.locy.U,-49.853485
47.2727,B,pid.locys.Des,-49.853485
47.2727,B,pid.locys.FB,-16.101938
47.2727,B,pid.locys.U,-100.58686
47.2727,B,pid.pitch.Des,-5.829896
47.2727,B,pid.pitch.FB,-0.5279237
47.2727,B,pid.pitch.U,-14.486804
47.2727,B,pid.roll.Des,0.47818252
47.2727,B,pid.roll.FB,5.5207791
47.2727,B,pid.roll.U,-15.41678
47.2727,B,pid.yaw.Des,-49.635666
47.2727,B,pid.yaw.FB,-9.3657999
47.2727,B,pid.yaw.U,-120
47.2727,B,pid.z_pos.Des,1.3337276
47.2727,B,pid.z_pos.FB,1.3337276
47.2727,B,pid.z_pos.U,-0.088317379
47.2727,B,pid.z_rate.Des,0
47.2727,B,pid.z_rate.FB,0.32260638
47.2727,B,pid.z_rate.U,-142.09256
47.2727,B,status.vbat,0
47.4895,A,mrac.pitch.e,0.99211419
47.4895,A,mrac.pitch.u_ad,-0.12033194
47.4895,A,mrac.roll.e,1.2202954
47.4895,A,mrac.roll.u_ad,0
47.4895,A,mrac.yaw.e,1.3463942
47.4895,A,mrac.yaw.u_ad,0
47.4895,A,mrac.z.e,0.6712622
47.4895,A,mrac.z.u_ad,0.097686805
47.4895,A,status.arm,0
47.4895,A,status.flymode,0
47.4895,A,status.rc_authority,0
47.4895,A,status.sbus_lost,0
47.4895,A,status.twc_arrived,0
47.4895,A,status.twc_execute,0
47.4896,B,mrac.pitch.theta_0,0.0004378618
47.4896,B,mrac.pitch.theta_1,0.00027651948
47.4896,B,mrac.pitch.theta_2,0.0037077721
47.4896,B,mrac.pitch.theta_3,0.0057414472
47.4896,B,mrac.pitch.theta_4,0.16565207
47.4896,B,mrac.pitch.theta_5,0.14214472
47.4896,B,mrac.pitch.u_nom,-0.20518211
47.4896,B,mrac.pitch.xm,-0.69509763
47.4896,B,mrac.roll.theta_0,0.00025607899
47.4896,B,mrac.roll.theta_1,0.0018932475
47.4896,B,mrac.roll.theta_2,0.00840942
47.4896,B,mrac.roll.theta_3,0.0074393963
47.4896,B,mrac.roll.theta_4,0.14276604
47.4896,B,mrac.roll.theta_5,0.14589073
47.4896,B,mrac.roll.u_nom,-0.25641027
47.4896,B,mrac.roll.xm,-0.60974646
47.4896,B,mrac.yaw.theta_0,0.00054959574
47.4896,B,mrac.yaw.theta_1,0.020990511
47.4896,B,mrac.yaw.theta_2,0.00083227793
47.4896,B,mrac.yaw.theta_3,0
47.4896,B,mrac.yaw.theta_4,0.11384206
47.4896,B,mrac.yaw.theta_5,0.089238875
47.4896,B,mrac.yaw.u_nom,-0.13354701
47.4896,B,mrac.yaw.xm,-1.0471979
47.4896,B,mrac.z.theta_0,0.12979272
47.4896,B,mrac.z.theta_1,1.3436514e-09
47.4896,B,mrac.z.theta_2,0.0068606343
47.4896,B,mrac.z.theta_3,0
47.4896,B,mrac.z.theta_4,0.19739059
47.4896,B,mrac.z.theta_5,0.17993839
47.4896,B,mrac.z.u_nom,-0.059065092
47.4896,B,mrac.z.xm,0
47.4896,B,path.active_path_mode,0
47.4896,B,path.circle_theta,0
47.4896,B,path.sinusoid_t_elapsed,0
47.4896,B,path.twc_arrived,0
47.4896,B,path.twc_target_x,0
47.4896,B,path.twc_target_y,0
47.4896,B,path.twc_target_z,0
47.4896,B,pid.gyrox.Des,-34.935883
47.4896,B,pid.gyrox.FB,41.278854
47.4896,B,pid.gyrox.U,-300
47.4896,B,pid.gyroy.Des,-39.826145
47.4896,B,pid.gyroy.FB,-4.6209621
47.4896,B,pid.gyroy.U,-240.06306
47.4896,B,pid.gyroz.Des,-60
47.4896,B,pid.gyroz.FB,18.655964
47.4896,B,pid.gyroz.U,-250
47.4896,B,pid.locx.Des,0
47.4896,B,pid.locx.FB,0.41957173
47.4896,B,pid.locx.U,-0.39659512
47.4896,B,pid.locxs.Des,-0.39659512
47.4896,B,pid.locxs.FB,-13.937654
47.4896,B,pid.locxs.U,42.201054
47.4896,B,pid.locy.Des,0
47.4896,B,pid.locy.FB,57.931107
47.4896,B,pid.locy.U,-48.055565
47.4896,B,pid.locys.Des,-48.055565
47.4896,B,pid.locys.FB,-1.3197653
47.4896,B,pid.locys.U,-146.2045
47.4896,B,pid.pitch.Des,-8.5571508
47.4896,B,pid.pitch.FB,3.4799421
47.4896,B,pid.pitch.U,-39.826145
47.4896,B,pid.roll.Des,-1.645891
47.4896,B,pid.roll.FB,9.3113708
47.4896,B,pid.roll.U,-34.935883
47.4896,B,pid.yaw.Des,-49.635666
47.4896,B,pid.yaw.FB,-5.4092488
47.4896,B,pid.yaw.U,-120
47.4896,B,pid.z_pos.Des,1.3593056
47.4896,B,pid.z_pos.FB,1.3593056
47.4896,B,pid.z_pos.U,-0.088317379
47.4896,B,pid.z_rate.Des,0
47.4896,B,pid.z_rate.FB,0.00015612505
47.4896,B,pid.z_rate.U,-13.112451
47.4896,B,status.vbat,0
47.7030,A,mrac.pitch.e,1.3783219
47.7030,A,mrac.pitch.u_ad,0
47.7030,A,mrac.roll.e,1.1406417
47.7030,A,mrac.roll.u_ad,-0.13631535
47.7030,A,mrac.yaw.e,1.5838033
47.7030,A,mrac.yaw.u_ad,0
47.7030,A,mrac.z.e,0.35054561
47.7030,A,mrac.z.u_ad,-0.02872015
47.7030,A,status.arm,0
47.7030,A,status.flymode,0
47.7030,A,status.rc_authority,0
47.7030,A,status.sbus_lost,0
47.7030,A,status.twc_arrived,0
47.7030,A,status.twc_execute,0
47.7031,B,mrac.pitch.theta_0,0.00021953144
47.7031,B,mrac.pitch.theta_1,0.00026746007
47.7031,B,mrac.pitch.theta_2,0.0036599983
47.7031,B,mrac.pitch.theta_3,0.0056723841
47.7031,B,mrac.pitch.theta_4,0.16584417
47.7031,B,mrac.pitch.theta_5,0.14230125
47.7031,B,mrac.pitch.u_nom,-0.25641027
47.7031,B,mrac.pitch.xm,-1.0164042
47.7031,B,mrac.roll.theta_0,0.00013860771
47.7031,B,mrac.roll.theta_1,0.0018053491
47.7031,B,mrac.roll.theta_2,0.0083789155
47.7031,B,mrac.roll.theta_3,0.0073239687
47.7031,B,mrac.roll.theta_4,0.14296883
47.7031,B,mrac.roll.theta_5,0.1459706
47.7031,B,mrac.roll.u_nom,-0.17901786
47.7031,B,mrac.roll.xm,-0.91650432
47.7031,B,mrac.yaw.theta_0,0.00054959574
47.7031,B,mrac.yaw.theta_1,0.020990511
47.7031,B,mrac.yaw.theta_2,0.00083227793
47.7031,B,mrac.yaw.theta_3,0
47.7031,B,mrac.yaw.theta_4,0.11384206
47.7031,B,mrac.yaw.theta_5,0.089238875
47.7031,B,mrac.yaw.u_nom,-0.13354701
47.7031,B,mrac.yaw.xm,-1.0471979
47.7031,B,mrac.z.theta_0,0.11049167
47.7031,B,mrac.z.theta_1,1.1378701e-09
47.7031,B,mrac.z.theta_2,0.006679011
47.7031,B,mrac.z.theta_3,0
47.7031,B,mrac.z.theta_4,0.19746673
47.7031,B,mrac.z.theta_5,0.17985725
47.7031,B,mrac.z.u_nom,-0.44705361
47.7031,B,mrac.z.xm,0
47.7031,B,path.active_path_mode,0
47.7031,B,path.circle_theta,0
47.7031,B,path.sinusoid_t_elapsed,0
47.7031,B,path.twc_arrived,0
47.7031,B,path.twc_target_x,0
47.7031,B,path.twc_target_y,0
47.7031,B,path.twc_target_z,0
47.7031,B,pid.gyrox.Des,-52.511806
47.7031,B,pid.gyrox.FB,5.7801538
47.7031,B,pid.gyrox.U,-209.4509
47.7031,B,pid.gyroy.Des,-58.235645
47.7031,B,pid.gyroy.FB,27.386414
47.7031,B,pid.gyroy.U,-300
47.7031,B,pid.gyroz.Des,-60
47.7031,B,pid.gyroz.FB,28.786993
47.7031,B,pid.gyroz.U,-250
47.7031,B,pid.locx.Des,0
47.7031,B,pid.locx.FB,-3.3863668
47.7031,B,pid.locx.U,2.7222259
47.7031,B,pid.locxs.Des,2.7222259
47.7031,B,pid.locxs.FB,-9.6616058
47.7031,B,pid.locxs.U,30.733965
47.7031,B,pid.locy.Des,0
47.7031,B,pid.locy.FB,57.815136
47.7031,B,pid.locy.U,-48.583378
47.7031,B,pid.locys.Des,-48.583378
47.7031,B,pid.locys.FB,10.327312
47.7031,B,pid.locys.U,-183.56473
47.7031,B,pid.pitch.Des,-10.107968
47.7031,B,pid.pitch.FB,7.7111039
47.7031,B,pid.pitch.U,-58.235645
47.7031,B,pid.roll.Des,-2.131191
47.7031,B,pid.roll.FB,16.614067
47.7031,B,pid.roll.U,-52.511806
47.7031,B,pid.yaw.Des,-49.635666
47.7031,B,pid.yaw.FB,1.9074601
47.7031,B,pid.yaw.U,-120
47.7031,B,pid.z_pos.Des,1.4338768
47.7031,B,pid.z_pos.FB,1.4338768
47.7031,B,pid.z_pos.U,-0.088317379
47.7031,B,pid.z_rate.Des,0
47.7031,B,pid.z_rate.FB,0.2156278
47.7031,B,pid.z_rate.U,-99.245903
47.7031,B,status.vbat,0
47.9048,A,mrac.pitch.e,0.98028731
47.9048,A,mrac.pitch.u_ad,-0.19215101
47.9048,A,mrac.roll.e,0.51999974
47.9048,A,mrac.roll.u_ad,-0.14730088
47.9048,A,mrac.yaw.e,0.30378425
47.9048,A,mrac.yaw.u_ad,-0.11233027
47.9048,A,mrac.z.e,0.095210604
47.9048,A,mrac.z.u_ad,0.053300276
47.9048,A,status.arm,0
47.9048,A,status.flymode,0
47.9048,A,status.rc_authority,0
47.9048,A,status.sbus_lost,0
47.9048,A,status.twc_arrived,0
47.9048,A,status.twc_execute,0
47.9048,B,mrac.pitch.theta_0,0.0001285443
47.9048,B,mrac.pitch.theta_1,0.00041860921
47.9048,B,mrac.pitch.theta_2,0.0036551114
47.9048,B,mrac.pitch.theta_3,0.0056993617
47.9048,B,mrac.pitch.theta_4,0.16597977
47.9048,B,mrac.pitch.theta_5,0.14252618
47.9048,B,mrac.pitch.u_nom,-0.2374488
47.9048,B,mrac.pitch.xm,-1.1001081
47.9048,B,mrac.roll.theta_0,4.4416895e-05
47.9048,B,mrac.roll.theta_1,0.001733621
47.9048,B,mrac.roll.theta_2,0.0083630234
47.9048,B,mrac.roll.theta_3,0.0072516608
47.9048,B,mrac.roll.theta_4,0.14335014
47.9048,B,mrac.roll.theta_5,0.14613016
47.9048,B,mrac.roll.u_nom,-0.25641027
47.9048,B,mrac.roll.xm,-1.0556124
47.9048,B,mrac.yaw.theta_0,0.00024935885
47.9048,B,mrac.yaw.theta_1,0.021505244
47.9048,B,mrac.yaw.theta_2,0.00079937902
47.9048,B,mrac.yaw.theta_3,0
47.9048,B,mrac.yaw.theta_4,0.11383991
47.9048,B,mrac.yaw.theta_5,0.089263357
47.9048,B,mrac.yaw.u_nom,-0.082832992
47.9048,B,mrac.yaw.xm,-1.0471979
47.9048,B,mrac.z.theta_0,0.097017094
47.9048,B,mrac.z.theta_1,1.047138e-09
47.9048,B,mrac.z.theta_2,0.0066110785
47.9048,B,mrac.z.theta_3,0
47.9048,B,mrac.z.theta_4,0.1974853
47.9048,B,mrac.z.theta_5,0.17979775
47.9048,B,mrac.z.u_nom,-0.14723071
47.9048,B,mrac.z.xm,0
47.9048,B,path.active_path_mode,0
47.9048,B,path.circle_theta,0
47.9048,B,path.sinusoid_t_elapsed,0
47.9048,B,path.twc_arrived,0
47.9048,B,path.twc_target_x,0
47.9048,B,path.twc_target_y,0
47.9048,B,path.twc_target_z,0
47.9048,B,pid.gyrox.Des,-60.482113
47.9048,B,pid.gyrox.FB,-0.86862224
47.9048,B,pid.gyrox.U,-300
47.9048,B,pid.gyroy.Des,-63.031525
47.9048,B,pid.gyroy.FB,-10.113278
47.9048,B,pid.gyroy.U,-277.81509
47.9048,B,pid.gyroz.Des,-60
47.9048,B,pid.gyroz.FB,-40.771908
47.9048,B,pid.gyroz.U,-155.06335
47.9048,B,pid.locx.Des,0
47.9048,B,pid.locx.FB,-4.4008617
47.9048,B,pid.locx.U,4.0117178
47.9048,B,pid.locxs.Des,4.0117178
47.9048,B,pid.locxs.FB,-2.5986285
47.9048,B,pid.locxs.U,20.983509
47.9048,B,pid.locy.Des,0
47.9048,B,pid.locy.FB,59.690781
47.9048,B,pid.locy.U,-50.23674
47.9048,B,pid.locys.Des,-50.23674
47.9048,B,pid.locys.FB,16.07007
47.9048,B,pid.locys.U,-199.38588
47.9048,B,pid.pitch.Des,-10.926058
47.9048,B,pid.pitch.FB,10.006275
47.9048,B,pid.pitch.U,-63.031525
47.9048,B,pid.roll.Des,-1.4937164
47.9048,B,pid.roll.FB,17.77446
47.9048,B,pid.roll.U,-60.482113
47.9048,B,pid.yaw.Des,-49.635666
47.9048,B,pid.yaw.FB,1.4340923
47.9048,B,pid.yaw.U,-120
47.9048,B,pid.z_pos.Des,1.4629375
47.9048,B,pid.z_pos.FB,1.4629375
47.9048,B,pid.z_pos.U,-0.088317379
47.9048,B,pid.z_rate.Des,0
47.9048,B,pid.z_rate.FB,0.049088042
47.9048,B,pid.z_rate.U,-32.685219
47.9048,B,status.vbat,0
48.1027,A,mrac.pitch.e,0.27496052
48.1027,A,mrac.pitch.u_ad,-0.15877742
48.1027,A,mrac.roll.e,0.062966645
48.1027,A,mrac.roll.u_ad,-0.072424076
48.1027,A,mrac.yaw.e,-0.099237084
48.1027,A,mrac.yaw.u_ad,-0.11569278
48.1027,A,mrac.z.e,-0.16486189
48.1027,A,mrac.z.u_ad,0.18321691
48.1027,A,status.arm,0
48.1027,A,status.flymode,0
48.1027,A,status.rc_authority,0
48.1027,A,status.sbus_lost,0
48.1027,A,status.twc_arrived,0
48.1027,A,status.twc_execute,0
48.1028,B,mrac.pitch.theta_0,4.6619087e-05
48.1028,B,mrac.pitch.theta_1,0.001882368
48.1028,B,mrac.pitch.theta_2,0.003544223
48.1028,B,mrac.pitch.theta_3,0.0055828257
48.1028,B,mrac.pitch.theta_4,0.16615477
48.1028,B,mrac.pitch.theta_5,0.14294918
48.1028,B,mrac.pitch.u_nom,-0.094356723
48.1028,B,mrac.pitch.xm,-1.0416069
48.1028,B,mrac.roll.theta_0,1.4845035e-05
48.1028,B,mrac.roll.theta_1,0.0027500046
48.1028,B,mrac.roll.theta_2,0.0082942685
48.1028,B,mrac.roll.theta_3,0.0069871973
48.1028,B,mrac.roll.theta_4,0.14353225
48.1028,B,mrac.roll.theta_5,0.14626011
48.1028,B,mrac.roll.u_nom,-0.04836414
48.1028,B,mrac.roll.xm,-0.61250728
48.1028,B,mrac.yaw.theta_0,0.00016622714
48.1028,B,mrac.yaw.theta_1,0.022065133
48.1028,B,mrac.yaw.theta_2,0.00075110182
48.1028,B,mrac.yaw.theta_3,0
48.1028,B,mrac.yaw.theta_4,0.1138199
48.1028,B,mrac.yaw.theta_5,0.08926896
48.1028,B,mrac.yaw.u_nom,0.0004112391
48.1028,B,mrac.yaw.xm,-1.0471979
48.1028,B,mrac.z.theta_0,0.10304597
48.1028,B,mrac.z.theta_1,1.0035623e-09
48.1028,B,mrac.z.theta_2,0.0066486872
48.1028,B,mrac.z.theta_3,0
48.1028,B,mrac.z.theta_4,0.19747104
48.1028,B,mrac.z.theta_5,0.17975087
48.1028,B,mrac.z.u_nom,0.27708498
48.1028,B,mrac.z.xm,0
48.1028,B,path.active_path_mode,0
48.1028,B,path.circle_theta,0
48.1028,B,path.sinusoid_t_elapsed,0
48.1028,B,path.twc_arrived,0
48.1028,B,path.twc_target_x,0
48.1028,B,path.twc_target_y,0
48.1028,B,path.twc_target_z,0
48.1028,B,pid.gyrox.Des,-35.094067
48.1028,B,pid.gyrox.FB,-10.045166
48.1028,B,pid.gyrox.U,-56.586044
48.1028,B,pid.gyroy.Des,-59.679653
48.1028,B,pid.gyroy.FB,-42.180702
48.1028,B,pid.gyroy.U,-110.39737
48.1028,B,pid.gyroz.Des,-60
48.1028,B,pid.gyroz.FB,-60.300961
48.1028,B,pid.gyroz.U,0.76983958
48.1028,B,pid.locx.Des,0
48.1028,B,pid.locx.FB,-3.6978066
48.1028,B,pid.locx.U,3.6639957
48.1028,B,pid.locxs.Des,3.6639957
48.1028,B,pid.locxs.FB,7.4592338
48.1028,B,pid.locxs.U,-10.568908
48.1028,B,pid.locy.Des,0
48.1028,B,pid.locy.FB,61.461838
48.1028,B,pid.locy.U,-51.60553
48.1028,B,pid.locys.Des,-51.60553
48.1028,B,pid.locys.FB,20.133551
48.1028,B,pid.locys.U,-216.25951
48.1028,B,pid.pitch.Des,-11.885684
48.1028,B,pid.pitch.FB,8.3900299
48.1028,B,pid.pitch.U,-59.679653
48.1028,B,pid.roll.Des,2.220947
48.1028,B,pid.roll.FB,14.379037
48.1028,B,pid.roll.U,-35.094067
48.1028,B,pid.yaw.Des,-49.635666
48.1028,B,pid.yaw.FB,-7.4294939
48.1028,B,pid.yaw.U,-120
48.1028,B,pid.z_pos.Des,1.4470437
48.1028,B,pid.z_pos.FB,1.4470437
48.1028,B,pid.z_pos.U,-0.088317379
48.1028,B,pid.z_rate.Des,0
48.1028,B,pid.z_rate.FB,-0.18640716
48.1028,B,pid.z_rate.U,61.512867
48.1028,B,status.vbat,0
48.3193,A,mrac.pitch.e,-0.046669304
48.3193,A,mrac.pitch.u_ad,-0.080335058
48.3193,A,mrac.roll.e,-0.55243725
48.3193,A,mrac.roll.u_ad,0.068833947
48.3193,A,mrac.yaw.e,-0.27083504
48.3193,A,mrac.yaw.u_ad,-0.10249849
48.3193,A,mrac.z.e,-0.2760058
48.3193,A,mrac.z.u_ad,0.26274964
48.3193,A,status.arm,0
48.3193,A,status.flymode,0
48.3193,A,status.rc_authority,0
48.3193,A,status.sbus_lost,0
48.3193,A,status.twc_arrived,0
48.3193,A,status.twc_execute,0
48.3193,B,mrac.pitch.theta_0,0.00045783303
48.3193,B,mrac.pitch.theta_1,0.0032935857
48.3193,B,mrac.pitch.theta_2,0.0034042497
48.3193,B,mrac.pitch.theta_3,0.0054723984
48.3193,B,mrac.pitch.theta_4,0.16615908
48.3193,B,mrac.pitch.theta_5,0.14310044
48.3193,B,mrac.pitch.u_nom,-0.061312526
48.3193,B,mrac.pitch.xm,-0.56915843
48.3193,B,mrac.roll.theta_0,0.022546517
48.3193,B,mrac.roll.theta_1,0.0025315932
48.3193,B,mrac.roll.theta_2,0.0084742326
48.3193,B,mrac.roll.theta_3,0.0073996345
48.3193,B,mrac.roll.theta_4,0.14369558
48.3193,B,mrac.roll.theta_5,0.14608271
48.3193,B,mrac.roll.u_nom,0.17601198
48.3193,B,mrac.roll.xm,0.047079474
48.3193,B,mrac.yaw.theta_0,0.0081893662
48.3193,B,mrac.yaw.theta_1,0.020962777
48.3193,B,mrac.yaw.theta_2,0.0012291687
48.3193,B,mrac.yaw.theta_3,0
48.3193,B,mrac.yaw.theta_4,0.11378212
48.3193,B,mrac.yaw.theta_5,0.088385098
48.3193,B,mrac.yaw.u_nom,0.083380952
48.3193,B,mrac.yaw.xm,-1.0471979
48.3193,B,mrac.z.theta_0,0.14895351
48.3193,B,mrac.z.theta_1,8.0780171e-10
48.3193,B,mrac.z.theta_2,0.0069999648
48.3193,B,mrac.z.theta_3,0
48.3193,B,mrac.z.theta_4,0.19754802
48.3193,B,mrac.z.theta_5,0.17966072
48.3193,B,mrac.z.u_nom,0.47213209
48.3193,B,mrac.z.xm,0
48.3193,B,path.active_path_mode,0
48.3193,B,path.circle_theta,0
48.3193,B,path.sinusoid_t_elapsed,0
48.3193,B,path.twc_arrived,0
48.3193,B,path.twc_target_x,0
48.3193,B,path.twc_target_y,0
48.3193,B,path.twc_target_z,0
48.3193,B,pid.gyrox.Des,2.697454
48.3193,B,pid.gyrox.FB,-26.328466
48.3193,B,pid.gyrox.U,205.93402
48.3193,B,pid.gyroy.Des,-32.610363
48.3193,B,pid.gyroy.FB,-30.877535
48.3193,B,pid.gyroy.U,-71.735657
48.3193,B,pid.gyroz.Des,-60
48.3193,B,pid.gyroz.FB,-79.669945
48.3193,B,pid.gyroz.U,156.08914
48.3193,B,pid.locx.Des,0
48.3193,B,pid.locx.FB,-0.032618046
48.3193,B,pid.locx.U,0.9421466
48.3193,B,pid.locxs.Des,0.9421466
48.3193,B,pid.locxs.FB,16.382471
48.3193,B,pid.locxs.U,-45.973263
48.3193,B,pid.locy.Des,0
48.3193,B,pid.locy.FB,65.03524
48.3193,B,pid.locy.U,-54.392773
48.3193,B,pid.locys.Des,-54.392773
48.3193,B,pid.locys.FB,14.057548
48.3193,B,pid.locys.U,-193.42593
48.3193,B,pid.pitch.Des,-8.6814842
48.3193,B,pid.pitch.FB,2.6106822
48.3193,B,pid.pitch.U,-32.610363
48.3193,B,pid.roll.Des,7.5096436
48.3193,B,pid.roll.FB,7.2101855
48.3193,B,pid.roll.U,2.697454
48.3193,B,pid.yaw.Des,-49.635666
48.3193,B,pid.yaw.FB,-27.23991
48.3193,B,pid.yaw.U,-120
48.3193,B,pid.z_pos.Des,1.3577559
48.3193,B,pid.z_pos.FB,1.3577559
48.3193,B,pid.z_pos.U,-0.088317379
48.3193,B,pid.z_rate.Des,0
48.3193,B,pid.z_rate.FB,-0.2942439
48.3193,B,pid.z_rate.U,104.81332
48.3193,B,status.vbat,0
48.5200,A,mrac.pitch.e,-0.92569768
48.5200,A,mrac.pitch.u_ad,-0.0017354265
48.5200,A,mrac.roll.e,-0.58255714
48.5200,A,mrac.roll.u_ad,0.16290103
48.5200,A,mrac.yaw.e,0.47360906
48.5200,A,mrac.yaw.u_ad,-0.089197211
48.5200,A,mrac.z.e,-0.19334598
48.5200,A,mrac.z.u_ad,0.19428144
48.5200,A,status.arm,0
48.5200,A,status.flymode,0
48.5200,A,status.rc_authority,0
48.5200,A,status.sbus_lost,0
48.5200,A,status.twc_arrived,0
48.5200,A,status.twc_execute,0
48.5201,B,mrac.pitch.theta_0,0.0018069135
48.5201,B,mrac.pitch.theta_1,0.0035400426
48.5201,B,mrac.pitch.theta_2,0.0034005223
48.5201,B,mrac.pitch.theta_3,0.0054503018
48.5201,B,mrac.pitch.theta_4,0.16616832
48.5201,B,mrac.pitch.theta_5,0.14308453
48.5201,B,mrac.pitch.u_nom,0.1334492
48.5201,B,mrac.pitch.xm,-0.40946531
48.5201,B,mrac.roll.theta_0,0.06051714
48.5201,B,mrac.roll.theta_1,0.0020826955
48.5201,B,mrac.roll.theta_2,0.0086523825
48.5201,B,mrac.roll.theta_3,0.0081505328
48.5201,B,mrac.roll.theta_4,0.14401764
48.5201,B,mrac.roll.theta_5,0.14606674
48.5201,B,mrac.roll.u_nom,0.20666163
48.5201,B,mrac.roll.xm,0.39271536
48.5201,B,mrac.yaw.theta_0,0.012806518
48.5201,B,mrac.yaw.theta_1,0.020353401
48.5201,B,mrac.yaw.theta_2,0.0014956828
48.5201,B,mrac.yaw.theta_3,0
48.5201,B,mrac.yaw.theta_4,0.11375462
48.5201,B,mrac.yaw.theta_5,0.087851286
48.5201,B,mrac.yaw.u_nom,-0.029234668
48.5201,B,mrac.yaw.xm,-1.0471979
48.5201,B,mrac.z.theta_0,0.1728632
48.5201,B,mrac.z.theta_1,7.2128808e-10
48.5201,B,mrac.z.theta_2,0.0071783443
48.5201,B,mrac.z.theta_3,0
48.5201,B,mrac.z.theta_4,0.19759059
48.5201,B,mrac.z.theta_5,0.17961745
48.5201,B,mrac.z.u_nom,-0.064082868
48.5201,B,mrac.z.xm,0
48.5201,B,path.active_path_mode,0
48.5201,B,path.circle_theta,0
48.5201,B,path.sinusoid_t_elapsed,0
48.5201,B,path.twc_arrived,0
48.5201,B,path.twc_target_x,0
48.5201,B,path.twc_target_y,0
48.5201,B,path.twc_target_z,0
48.5201,B,pid.gyrox.Des,22.500923
48.5201,B,pid.gyrox.FB,-26.085333
48.5201,B,pid.gyrox.U,241.7941
48.5201,B,pid.gyroy.Des,-23.460625
48.5201,B,pid.gyroy.FB,-37.815796
48.5201,B,pid.gyroy.U,156.13556
48.5201,B,pid.gyroz.Des,-60
48.5201,B,pid.gyroz.FB,-53.277012
48.5201,B,pid.gyroz.U,-54.727299
48.5201,B,pid.locx.Des,0
48.5201,B,pid.locx.FB,1.8317448
48.5201,B,pid.locx.U,-0.47076142
48.5201,B,pid.locxs.Des,-0.47076142
48.5201,B,pid.locxs.FB,9.0821123
48.5201,B,pid.locxs.U,-27.643398
48.5201,B,pid.locy.Des,0
48.5201,B,pid.locy.FB,67.602158
48.5201,B,pid.locy.U,-56.984222
48.5201,B,pid.locys.Des,-56.984222
48.5201,B,pid.locys.FB,26.805134
48.5201,B,pid.locys.U,-253.09186
48.5201,B,pid.pitch.Des,-10.292224
48.5201,B,pid.pitch.FB,-1.2244469
48.5201,B,pid.pitch.U,-23.460625
48.5201,B,pid.roll.Des,10.490246
48.5201,B,pid.roll.FB,3.5205345
48.5201,B,pid.roll.U,22.500923
48.5201,B,pid.yaw.Des,-49.635666
48.5201,B,pid.yaw.FB,-39.277245
48.5201,B,pid.yaw.U,-63.095154
48.5201,B,pid.z_pos.Des,1.3271868
48.5201,B,pid.z_pos.FB,1.3271868
48.5201,B,pid.z_pos.U,-0.088317379
48.5201,B,pid.z_rate.Des,0
48.5201,B,pid.z_rate.FB,0.003497903
48.5201,B,pid.z_rate.U,-14.226397
48.5201,B,status.vbat,0
48.7355,A,mrac.pitch.e,0.42992774
48.7355,A,mrac.pitch.u_ad,0.04540626
48.7355,A,mrac.roll.e,-0.43944982
48.7355,A,mrac.roll.u_ad,0.18875909
48.7355,A,mrac.yaw.e,2.3572712
48.7355,A,mrac.yaw.u_ad,0
48.7355,A,mrac.z.e,-0.13613139
48.7355,A,mrac.z.u_ad,0.27499869
48.7355,A,status.arm,0
48.7355,A,status.flymode,0
48.7355,A,status.rc_authority,0
48.7355,A,status.sbus_lost,0
48.7355,A,status.twc_arrived,0
48.7355,A,status.twc_execute,0
48.7356,B,mrac.pitch.theta_0,0.047867123
48.7356,B,mrac.pitch.theta_1,0.0024610495
48.7356,B,mrac.pitch.theta_2,0.0039433837
48.7356,B,mrac.pitch.theta_3,0.0055328333
48.7356,B,mrac.pitch.theta_4,0.16635981
48.7356,B,mrac.pitch.theta_5,0.14266908
48.7356,B,mrac.pitch.u_nom,-0.11454453
48.7356,B,mrac.pitch.xm,0.010811398
48.7356,B,mrac.roll.theta_0,0.12016422
48.7356,B,mrac.roll.theta_1,0.001819142
48.7356,B,mrac.roll.theta_2,0.0087332586
48.7356,B,mrac.roll.theta_3,0.0084589245
48.7356,B,mrac.roll.theta_4,0.14451165
48.7356,B,mrac.roll.theta_5,0.14615022
48.7356,B,mrac.roll.u_nom,0.19462153
48.7356,B,mrac.roll.xm,0.44562423
48.7356,B,mrac.yaw.theta_0,0.0037973083
48.7356,B,mrac.yaw.theta_1,0.020557106
48.7356,B,mrac.yaw.theta_2,0.001450211
48.7356,B,mrac.yaw.theta_3,0
48.7356,B,mrac.yaw.theta_4,0.11376008
48.7356,B,mrac.yaw.theta_5,0.087999843
48.7356,B,mrac.yaw.u_nom,-0.13354701
48.7356,B,mrac.yaw.xm,-1.0471979
48.7356,B,mrac.z.theta_0,0.20931163
48.7356,B,mrac.z.theta_1,6.3088107e-10
48.7356,B,mrac.z.theta_2,0.0073408843
48.7356,B,mrac.z.theta_3,0
48.7356,B,mrac.z.theta_4,0.1976154
48.7356,B,mrac.z.theta_5,0.17954722
48.7356,B,mrac.z.u_nom,0.27289948
48.7356,B,mrac.z.xm,0
48.7356,B,path.active_path_mode,0
48.7356,B,path.circle_theta,0
48.7356,B,path.sinusoid_t_elapsed,0
48.7356,B,path.twc_arrived,0
48.7356,B,path.twc_target_x,0
48.7356,B,path.twc_target_y,0
48.7356,B,path.twc_target_z,0
48.7356,B,pid.gyrox.Des,25.532377
48.7356,B,pid.gyrox.FB,-1.1242813
48.7356,B,pid.gyrox.U,227.7072
48.7356,B,pid.gyroy.Des,0.61944723
48.7356,B,pid.gyroy.FB,9.2310686
48.7356,B,pid.gyroy.U,-134.01711
48.7356,B,pid.gyroz.Des,-60
48.7356,B,pid.gyroz.FB,52.185642
48.7356,B,pid.gyroz.U,-250
48.7356,B,pid.locx.Des,0
48.7356,B,pid.locx.FB,3.9243731
48.7356,B,pid.locx.U,-2.7191958
48.7356,B,pid.locxs.Des,-2.7191958
48.7356,B,pid.locxs.FB,4.2969961
48.7356,B,pid.locxs.U,-21.128342
48.7356,B,pid.locy.Des,0
48.7356,B,pid.locy.FB,69.779518
48.7356,B,pid.locy.U,-57.49482
48.7356,B,pid.locys.Des,-57.49482
48.7356,B,pid.locys.FB,-6.8217168
48.7356,B,pid.locys.U,-151.40028
48.7356,B,pid.pitch.Des,-6.0371385
48.7356,B,pid.pitch.FB,-8.3027601
48.7356,B,pid.pitch.U,0.61944723
48.7356,B,pid.roll.Des,6.464931
48.7356,B,pid.roll.FB,-0.14252853
48.7356,B,pid.roll.U,25.532377
48.7356,B,pid.yaw.Des,-49.635666
48.7356,B,pid.yaw.FB,-39.331852
48.7356,B,pid.yaw.U,-62.767509
48.7356,B,pid.z_pos.Des,1.2665802
48.7356,B,pid.z_pos.FB,1.2665802
48.7356,B,pid.z_pos.U,-0.088317379
48.7356,B,pid.z_rate.Des,0
48.7356,B,pid.z_rate.FB,-0.18352166
48.7356,B,pid.z_rate.U,60.583687
48.7356,B,status.vbat,0
48.9393,A,mrac.pitch.e,0.37785685
48.9393,A,mrac.pitch.u_ad,-0.049661603
48.9393,A,mrac.roll.e,-0.37283781
48.9393,A,mrac.roll.u_ad,0.22950076
48.9393,A,mrac.yaw.e,1.1539131
48.9393,A,mrac.yaw.u_ad,0
48.9393,A,mrac.z.e,0.11104562
48.9393,A,mrac.z.u_ad,0.2083575
48.9393,A,status.arm,0
48.9393,A,status.flymode,0
48.9393,A,status.rc_authority,0
48.9393,A,status.sbus_lost,0
48.9393,A,status.twc_arrived,0
48.9393,A,status.twc_execute,0
48.9394,B,mrac.pitch.theta_0,0.016073158
48.9394,B,mrac.pitch.theta_1,0.0018102451
48.9394,B,mrac.pitch.theta_2,0.0036065998
48.9394,B,mrac.pitch.theta_3,0.005815329
48.9394,B,mrac.pitch.theta_4,0.1666216
48.9394,B,mrac.pitch.theta_5,0.14259256
48.9394,B,mrac.pitch.u_nom,-0.16681172
48.9394,B,mrac.pitch.xm,-0.27331275
48.9394,B,mrac.roll.theta_0,0.14109169
48.9394,B,mrac.roll.theta_1,0.0016256679
48.9394,B,mrac.roll.theta_2,0.0088013299
48.9394,B,mrac.roll.theta_3,0.009211814
48.9394,B,mrac.roll.theta_4,0.14481731
48.9394,B,mrac.roll.theta_5,0.14617464
48.9394,B,mrac.roll.u_nom,0.22555278
48.9394,B,mrac.roll.xm,0.52805477
48.9394,B,mrac.yaw.theta_0,0.0037973083
48.9394,B,mrac.yaw.theta_1,0.020557106
48.9394,B,mrac.yaw.theta_2,0.001450211
48.9394,B,mrac.yaw.theta_3,0
48.9394,B,mrac.yaw.theta_4,0.11376008
48.9394,B,mrac.yaw.theta_5,0.087999843
48.9394,B,mrac.yaw.u_nom,-0.13354701
48.9394,B,mrac.yaw.xm,-1.0471979
48.9394,B,mrac.z.theta_0,0.21963519
48.9394,B,mrac.z.theta_1,6.1532074e-10
48.9394,B,mrac.z.theta_2,0.0073605548
48.9394,B,mrac.z.theta_3,0
48.9394,B,mrac.z.theta_4,0.19760323
48.9394,B,mrac.z.theta_5,0.1795204
48.9394,B,mrac.z.u_nom,0.23776701
48.9394,B,mrac.z.xm,0
48.9394,B,path.active_path_mode,0
48.9394,B,path.circle_theta,0
48.9394,B,path.sinusoid_t_elapsed,0
48.9394,B,path.twc_arrived,0
48.9394,B,path.twc_target_x,0
48.9394,B,path.twc_target_y,0
48.9394,B,path.twc_target_z,0
48.9394,B,pid.gyrox.Des,30.255299
48.9394,B,pid.gyrox.FB,-9.7811956
48.9394,B,pid.gyrox.U,263.89676
48.9394,B,pid.gyroy.Des,-15.65966
48.9394,B,pid.gyroy.FB,27.389067
48.9394,B,pid.gyroy.U,-195.16971
48.9394,B,pid.gyroz.Des,-60
48.9394,B,pid.gyroz.FB,26.396898
48.9394,B,pid.gyroz.U,-250
48.9394,B,pid.locx.Des,0
48.9394,B,pid.locx.FB,3.7928586
48.9394,B,pid.locx.U,-3.0831022
48.9394,B,pid.locxs.Des,-3.0831022
48.9394,B,pid.locxs.FB,1.703809
48.9394,B,pid.locxs.U,-19.77165
48.9394,B,pid.locy.Des,0
48.9394,B,pid.locy.FB,68.581261
48.9394,B,pid.locy.U,-56.75597
48.9394,B,pid.locys.Des,-56.75597
48.9394,B,pid.locys.FB,-7.0779257
48.9394,B,pid.locys.U,-151.95267
48.9394,B,pid.pitch.Des,-7.1122007
48.9394,B,pid.pitch.FB,-2.3602479
48.9394,B,pid.pitch.U,-15.65966
48.9394,B,pid.roll.Des,5.3544245
48.9394,B,pid.roll.FB,-3.1773894
48.9394,B,pid.roll.U,30.255299
48.9394,B,pid.yaw.Des,-49.635666
48.9394,B,pid.yaw.FB,-29.48023
48.9394,B,pid.yaw.U,-120
48.9394,B,pid.z_pos.Des,1.2569958
48.9394,B,pid.z_pos.FB,1.2569958
48.9394,B,pid.z_pos.U,-0.088317379
48.9394,B,pid.z_rate.Des,0
48.9394,B,pid.z_rate.FB,-0.16416092
48.9394,B,pid.z_rate.U,52.784275
48.9394,B,status.vbat,0
49.1524,A,mrac.pitch.e,-1.2824899
49.1524,A,mrac.pitch.u_ad,0
49.1524,A,mrac.roll.e,-0.44439074
49.1524,A,mrac.roll.u_ad,0.23305695
49.1524,A,mrac.yaw.e,0.95693332
49.1524,A,mrac.yaw.u_ad,-0.10820121
49.1524,A,mrac.z.e,0.020804927
49.1524,A,mrac.z.u_ad,0.25654954
49.1524,A,status.arm,0
49.1524,A,status.flymode,0
49.1524,A,status.rc_authority,0
49.1524,A,status.sbus_lost,0
49.1524,A,status.twc_arrived,0
49.1524,A,status.twc_execute,0
49.1525,B,mrac.pitch.theta_0,0.037997931
49.1525,B,mrac.pitch.theta_1,0.001287276
49.1525,B,mrac.pitch.theta_2,0.0040338961
49.1525,B,mrac.pitch.theta_3,0.005836294
49.1525,B,mrac.pitch.theta_4,0.16692001
49.1525,B,mrac.pitch.theta_5,0.14247641
49.1525,B,mrac.pitch.u_nom,0.19791864
49.1525,B,mrac.pitch.xm,0.17839028
49.1525,B,mrac.roll.theta_0,0.14807795
49.1525,B,mrac.roll.theta_1,0.0019040582
49.1525,B,mrac.roll.theta_2,0.0088239172
49.1525,B,mrac.roll.theta_3,0.0094054844
49.1525,B,mrac.roll.theta_4,0.14517903
49.1525,B,mrac.roll.theta_5,0.14628202
49.1525,B,mrac.roll.u_nom,0.051506668
49.1525,B,mrac.roll.xm,0.47073728
49.1525,B,mrac.yaw.theta_0,0.0005985889
49.1525,B,mrac.yaw.theta_1,0.021063527
49.1525,B,mrac.yaw.theta_2,0.0014279009
49.1525,B,mrac.yaw.theta_3,0
49.1525,B,mrac.yaw.theta_4,0.11376709
49.1525,B,mrac.yaw.theta_5,0.088268228
49.1525,B,mrac.yaw.u_nom,-0.13354701
49.1525,B,mrac.yaw.xm,-1.0471979
49.1525,B,mrac.z.theta_0,0.22270124
49.1525,B,mrac.z.theta_1,5.996264e-10
49.1525,B,mrac.z.theta_2,0.0073712664
49.1525,B,mrac.z.theta_3,0
49.1525,B,mrac.z.theta_4,0.19756451
49.1525,B,mrac.z.theta_5,0.17946675
49.1525,B,mrac.z.u_nom,0.33908525
49.1525,B,mrac.z.xm,0
49.1525,B,path.active_path_mode,0
49.1525,B,path.circle_theta,0
49.1525,B,path.sinusoid_t_elapsed,0
49.1525,B,path.twc_arrived,0
49.1525,B,path.twc_target_x,0
49.1525,B,path.twc_target_y,0
49.1525,B,path.twc_target_z,0
49.1525,B,pid.gyrox.Des,26.971249
49.1525,B,pid.gyrox.FB,7.5930686
49.1525,B,pid.gyrox.U,60.262802
49.1525,B,pid.gyroy.Des,10.221005
49.1525,B,pid.gyroy.FB,-45.548542
49.1525,B,pid.gyroy.U,231.5648
49.1525,B,pid.gyroz.Des,-60
49.1525,B,pid.gyroz.FB,-6.6978755
49.1525,B,pid.gyroz.U,-250
49.1525,B,pid.locx.Des,0
49.1525,B,pid.locx.FB,5.326304
49.1525,B,pid.locx.U,-5.8890767
49.1525,B,pid.locxs.Des,-5.8890767
49.1525,B,pid.locxs.FB,10.773881
49.1525,B,pid.locxs.U,-59.251728
49.1525,B,pid.locy.Des,0
49.1525,B,pid.locy.FB,65.755875
49.1525,B,pid.locy.U,-53.906399
49.1525,B,pid.locys.Des,-53.906399
49.1525,B,pid.locys.FB,-16.879677
49.1525,B,pid.locys.U,-107.7233
49.1525,B,pid.pitch.Des,-3.742553
49.1525,B,pid.pitch.FB,-6.5485969
49.1525,B,pid.pitch.U,10.221005
49.1525,B,pid.roll.Des,6.061799
49.1525,B,pid.roll.FB,-3.0555294
49.1525,B,pid.roll.U,26.971249
49.1525,B,pid.yaw.Des,-49.635666
49.1525,B,pid.yaw.FB,-29.686703
49.1525,B,pid.yaw.U,-120
49.1525,B,pid.z_pos.Des,1.2499995
49.1525,B,pid.z_pos.FB,1.2499995
49.1525,B,pid.z_pos.U,-0.088317379
49.1525,B,pid.z_rate.Des,0
49.1525,B,pid.z_rate.FB,-0.22025843
49.1525,B,pid.z_rate.U,75.276924
49.1525,B,status.vbat,0
49.3525,A,mrac.pitch.e,-0.56612986
49.3525,A,mrac.pitch.u_ad,0.18139644
49.3525,A,mrac.roll.e,-1.4723781
49.3525,A,mrac.roll.u_ad,0
49.3525,A,mrac.yaw.e,0.28688663
49.3525,A,mrac.yaw.u_ad,-0.11631774
49.3525,A,mrac.z.e,0.01120986
49.3525,A,mrac.z.u_ad,0.24718416
49.3525,A,status.arm,0
49.3525,A,status.flymode,0
49.3525,A,status.rc_authority,0
49.3525,A,status.sbus_lost,0
49.3525,A,status.twc_arrived,0
49.3525,A,status.twc_execute,0
49.3525,B,mrac.pitch.theta_0,0.053177133
49.3525,B,mrac.pitch.theta_1,0.0011110988
49.3525,B,mrac.pitch.theta_2,0.0042635296
49.3525,B,mrac.pitch.theta_3,0.0059052953
49.3525,B,mrac.pitch.theta_4,0.16703179
49.3525,B,mrac.pitch.theta_5,0.1425183
49.3525,B,mrac.pitch.u_nom,0.25641027
49.3525,B,mrac.pitch.xm,0.91503358
49.3525,B,mrac.roll.theta_0,0.14857626
49.3525,B,mrac.roll.theta_1,0.0017632169
49.3525,B,mrac.roll.theta_2,0.0089113032
49.3525,B,mrac.roll.theta_3,0.0096680894
49.3525,B,mrac.roll.theta_4,0.14555585
49.3525,B,mrac.roll.theta_5,0.14634584
49.3525,B,mrac.roll.u_nom,0.25641027
49.3525,B,mrac.roll.xm,0.82634538
49.3525,B,mrac.yaw.theta_0,0.00013013113
49.3525,B,mrac.yaw.theta_1,0.021785341
49.3525,B,mrac.yaw.theta_2,0.0013650084
49.3525,B,mrac.yaw.theta_3,0
49.3525,B,mrac.yaw.theta_4,0.11376981
49.3525,B,mrac.yaw.theta_5,0.088455111
49.3525,B,mrac.yaw.u_nom,-0.082649492
49.3525,B,mrac.yaw.xm,-1.0471979
49.3525,B,mrac.z.theta_0,0.24332386
49.3525,B,mrac.z.theta_1,5.6658483e-10
49.3525,B,mrac.z.theta_2,0.0074238479
49.3525,B,mrac.z.theta_3,0
49.3525,B,mrac.z.theta_4,0.19755109
49.3525,B,mrac.z.theta_5,0.17941669
49.3525,B,mrac.z.u_nom,0.46239665
49.3525,B,mrac.z.xm,0
49.3525,B,path.active_path_mode,0
49.3525,B,path.circle_theta,0
49.3525,B,path.sinusoid_t_elapsed,0
49.3525,B,path.twc_arrived,0
49.3525,B,path.twc_target_x,0
49.3525,B,path.twc_target_y,0
49.3525,B,path.twc_target_z,0
49.3525,B,pid.gyrox.Des,47.346085
49.3525,B,pid.gyrox.FB,-36.730576
49.3525,B,pid.gyrox.U,300
49.3525,B,pid.gyroy.Des,52.42754
49.3525,B,pid.gyroy.FB,-18.135765
49.3525,B,pid.gyroy.U,300
49.3525,B,pid.gyroz.Des,-60
49.3525,B,pid.gyroz.FB,-40.788479
49.3525,B,pid.gyroz.U,-154.71985
49.3525,B,pid.locx.Des,0
49.3525,B,pid.locx.FB,8.3765202
49.3525,B,pid.locx.U,-9.8422794
49.3525,B,pid.locxs.Des,-9.8422794
49.3525,B,pid.locxs.FB,26.118624
49.3525,B,pid.locxs.U,-130.73454
49.3525,B,pid.locy.Des,0
49.3525,B,pid.locy.FB,62.042976
49.3525,B,pid.locy.U,-50.651958
49.3525,B,pid.locys.Des,-50.651958
49.3525,B,pid.locys.FB,-22.512608
49.3525,B,pid.locys.U,-75.101578
49.3525,B,pid.pitch.Des,0.38431022
49.3525,B,pid.pitch.FB,-13.758204
49.3525,B,pid.pitch.U,52.42754
49.3525,B,pid.roll.Des,8.4853306
49.3525,B,pid.roll.FB,-4.0402989
49.3525,B,pid.roll.U,47.346085
49.3525,B,pid.yaw.Des,-49.635666
49.3525,B,pid.yaw.FB,-32.382362
49.3525,B,pid.yaw.U,-104.46445
49.3525,B,pid.z_pos.Des,1.2208066
49.3525,B,pid.z_pos.FB,1.2208066
49.3525,B,pid.z_pos.U,-0.088317379
49.3525,B,pid.z_rate.Des,0
49.3525,B,pid.z_rate.FB,-0.28829038
49.3525,B,pid.z_rate.U,102.65205
49.3525,B,status.vbat,0
49.5691,A,mrac.pitch.e,-0.69874966
49.5691,A,mrac.pitch.u_ad,0.23311432
49.5691,A,mrac.roll.e,-1.6022798
49.5691,A,mrac.roll.u_ad,0
49.5691,A,mrac.yaw.e,-0.26494932
49.5691,A,mrac.yaw.u_ad,-0.082310677
49.5691,A,mrac.z.e,0.57810342
49.5691,A,mrac.z.u_ad,0.061522987
49.5691,A,status.arm,0
49.5691,A,status.flymode,0
49.5691,A,status.rc_authority,0
49.5691,A,status.sbus_lost,0
49.5691,A,status.twc_arrived,0
49.5691,A,status.twc_execute,0
49.5691,B,mrac.pitch.theta_0,0.10257348
49.5691,B,mrac.pitch.theta_1,0.0023101596
49.5691,B,mrac.pitch.theta_2,0.004347451
49.5691,B,mrac.pitch.theta_3,0.006601383
49.5691,B,mrac.pitch.theta_4,0.16721894
49.5691,B,mrac.pitch.theta_5,0.14296909
49.5691,B,mrac.pitch.u_nom,0.13141741
49.5691,B,mrac.pitch.xm,0.6816991
49.5691,B,mrac.roll.theta_0,0.14857626
49.5691,B,mrac.roll.theta_1,0.0017632169
49.5691,B,mrac.roll.theta_2,0.0089113032
49.5691,B,mrac.roll.theta_3,0.0096680894
49.5691,B,mrac.roll.theta_4,0.14555585
49.5691,B,mrac.roll.theta_5,0.14634584
49.5691,B,mrac.roll.u_nom,0.25641027
49.5691,B,mrac.roll.xm,1.1403699
49.5691,B,mrac.yaw.theta_0,4.3540855e-05
49.5691,B,mrac.yaw.theta_1,0.023068672
49.5691,B,mrac.yaw.theta_2,0.0012014484
49.5691,B,mrac.yaw.theta_3,0
49.5691,B,mrac.yaw.theta_4,0.11374208
49.5691,B,mrac.yaw.theta_5,0.088563241
49.5691,B,mrac.yaw.u_nom,0.0023974632
49.5691,B,mrac.yaw.xm,-0.72542834
49.5691,B,mrac.z.theta_0,0.20822051
49.5691,B,mrac.z.theta_1,4.5754373e-10
49.5691,B,mrac.z.theta_2,0.0071707107
49.5691,B,mrac.z.theta_3,0
49.5691,B,mrac.z.theta_4,0.19765127
49.5691,B,mrac.z.theta_5,0.17933443
49.5691,B,mrac.z.u_nom,-0.5821864
49.5691,B,mrac.z.xm,0
49.5691,B,path.active_path_mode,0
49.5691,B,path.circle_theta,0
49.5691,B,path.sinusoid_t_elapsed,0
49.5691,B,path.twc_arrived,0
49.5691,B,path.twc_target_x,0
49.5691,B,path.twc_target_y,0
49.5691,B,path.twc_target_z,0
49.5691,B,pid.gyrox.Des,65.338356
49.5691,B,pid.gyrox.FB,-20.003506
49.5691,B,pid.gyrox.U,300
49.5691,B,pid.gyroy.Des,39.058464
49.5691,B,pid.gyroy.FB,5.7816033
49.5691,B,pid.gyroy.U,153.75836
49.5691,B,pid.gyroz.Des,-41.563965
49.5691,B,pid.gyroz.FB,-42.301464
49.5691,B,pid.gyroz.U,4.4880509
49.5691,B,pid.locx.Des,0
49.5691,B,pid.locx.FB,16.664352
49.5691,B,pid.locx.U,-16.606621
49.5691,B,pid.locxs.Des,-16.606621
49.5691,B,pid.locxs.FB,34.545197
49.5691,B,pid.locxs.U,-155.14429
49.5691,B,pid.locy.Des,0
49.5691,B,pid.locy.FB,59.58823
49.5691,B,pid.locy.U,-49.705559
49.5691,B,pid.locys.Des,-49.705559
49.5691,B,pid.locys.FB,-3.4101906
49.5691,B,pid.locys.U,-140.5455
49.5691,B,pid.pitch.Des,0.14563167
49.5691,B,pid.pitch.FB,-12.787049
49.5691,B,pid.pitch.U,39.058464
49.5691,B,pid.roll.Des,11.758614
49.5691,B,pid.roll.FB,-9.757369
49.5691,B,pid.roll.U,65.338356
49.5691,B,pid.yaw.Des,-49.635666
49.5691,B,pid.yaw.FB,-42.865776
49.5691,B,pid.yaw.U,-41.563965
49.5691,B,pid.z_pos.Des,1.3263077
49.5691,B,pid.z_pos.FB,1.3263077
49.5691,B,pid.z_pos.U,-0.088317379
49.5691,B,pid.z_rate.Des,0
49.5691,B,pid.z_rate.FB,0.29111832
49.5691,B,pid.z_rate.U,-129.24538
49.5691,B,status.vbat,0
49.7693,A,mrac.pitch.e,0.062131107
49.7693,A,mrac.pitch.u_ad,0.23573424
49.7693,A,mrac.roll.e,-1.9606924
49.7693,A,mrac.roll.u_ad,0
49.7693,A,mrac.yaw.e,-1.5169394
49.7693,A,mrac.yaw.u_ad,0
49.7693,A,mrac.z.e,0.69243038
49.7693,A,mrac.z.u_ad,0.06194184
49.7693,A,status.arm,0
49.7693,A,status.flymode,0
49.7693,A,status.rc_authority,0
49.7693,A,status.sbus_lost,0
49.7693,A,status.twc_arrived,0
49.7693,A,status.twc_execute,0
49.7694,B,mrac.pitch.theta_0,0.13361025
49.7694,B,mrac.pitch.theta_1,0.0028980514
49.7694,B,mrac.pitch.theta_2,0.00437997
49.7694,B,mrac.pitch.theta_3,0.0070765014
49.7694,B,mrac.pitch.theta_4,0.16740145
49.7694,B,mrac.pitch.theta_5,0.14330122
49.7694,B,mrac.pitch.u_nom,-0.081803381
49.7694,B,mrac.pitch.xm,0.59218413
49.7694,B,mrac.roll.theta_0,0.14857626
49.7694,B,mrac.roll.theta_1,0.0017632169
49.7694,B,mrac.roll.theta_2,0.0089113032
49.7694,B,mrac.roll.theta_3,0.0096680894
49.7694,B,mrac.roll.theta_4,0.14555585
49.7694,B,mrac.roll.theta_5,0.14634584
49.7694,B,mrac.roll.u_nom,0.20868625
49.7694,B,mrac.roll.xm,1.1953124
49.7694,B,mrac.yaw.theta_0,0.013173766
49.7694,B,mrac.yaw.theta_1,0.021792857
49.7694,B,mrac.yaw.theta_2,0.0016736477
49.7694,B,mrac.yaw.theta_3,0
49.7694,B,mrac.yaw.theta_4,0.11373426
49.7694,B,mrac.yaw.theta_5,0.088111103
49.7694,B,mrac.yaw.u_nom,0.13281685
49.7694,B,mrac.yaw.xm,0.27608266
49.7694,B,mrac.z.theta_0,0.17670549
49.7694,B,mrac.z.theta_1,3.9196954e-10
49.7694,B,mrac.z.theta_2,0.0069918628
49.7694,B,mrac.z.theta_3,0
49.7694,B,mrac.z.theta_4,0.19772267
49.7694,B,mrac.z.theta_5,0.17927364
49.7694,B,mrac.z.u_nom,-0.63536602
49.7694,B,mrac.z.xm,0
49.7694,B,path.active_path_mode,0
49.7694,B,path.circle_theta,0
49.7694,B,path.sinusoid_t_elapsed,0
49.7694,B,path.twc_arrived,0
49.7694,B,path.twc_target_x,0
49.7694,B,path.twc_target_y,0
49.7694,B,path.twc_target_z,0
49.7694,B,pid.gyrox.Des,68.486328
49.7694,B,pid.gyrox.FB,-18.063499
49.7694,B,pid.gyrox.U,244.16292
49.7694,B,pid.gyroy.Des,33.929638
49.7694,B,pid.gyroy.FB,31.163187
49.7694,B,pid.gyroy.U,-95.709953
49.7694,B,pid.gyroz.Des,15.818365
49.7694,B,pid.gyroz.FB,-58.96785
49.7694,B,pid.gyroz.U,248.63313
49.7694,B,pid.locx.Des,0
49.7694,B,pid.locx.FB,22.1959
49.7694,B,pid.locx.U,-20.745283
49.7694,B,pid.locxs.Des,-20.745283
49.7694,B,pid.locxs.FB,31.643715
49.7694,B,pid.locxs.U,-144.25467
49.7694,B,pid.locy.Des,0
49.7694,B,pid.locy.FB,60.11684
49.7694,B,pid.locy.U,-50.390667
49.7694,B,pid.locys.Des,-50.390667
49.7694,B,pid.locys.FB,3.4169044
49.7694,B,pid.locys.U,-167.02905
49.7694,B,pid.pitch.Des,0.71629137
49.7694,B,pid.pitch.FB,-13.563233
49.7694,B,pid.pitch.U,33.929638
49.7694,B,pid.roll.Des,12.321161
49.7694,B,pid.roll.FB,-11.637446
49.7694,B,pid.roll.U,68.486328
49.7694,B,pid.yaw.Des,-49.635666
49.7694,B,pid.yaw.FB,-52.43602
49.7694,B,pid.yaw.U,15.818365
49.7694,B,pid.z_pos.Des,1.3901079
49.7694,B,pid.z_pos.FB,1.3901079
49.7694,B,pid.z_pos.U,-0.088317379
49.7694,B,pid.z_rate.Des,0
49.7694,B,pid.z_rate.FB,0.32063302
49.7694,B,pid.z_rate.U,-141.05125
49.7694,B,status.vbat,0
49.9701,A,mrac.pitch.e,-0.91335106
49.9701,A,mrac.pitch.u_ad,0.23360609
49.9701,A,mrac.roll.e,-1.5502279
49.9701,A,mrac.roll.u_ad,0
49.9701,A,mrac.yaw.e,-1.2032738
49.9701,A,mrac.yaw.u_ad,0
49.9701,A,mrac.z.e,0.17349158
49.9701,A,mrac.z.u_ad,0.12532696
49.9701,A,status.arm,0
49.9701,A,status.flymode,0
49.9701,A,status.rc_authority,0
49.9701,A,status.sbus_lost,0
49.9701,A,status.twc_arrived,0
49.9701,A,status.twc_execute,0
49.9702,B,mrac.pitch.theta_0,0.14274286
49.9702,B,mrac.pitch.theta_1,0.0032403821
49.9702,B,mrac.pitch.theta_2,0.0044733686
49.9702,B,mrac.pitch.theta_3,0.0072493353
49.9702,B,mrac.pitch.theta_4,0.1675534
49.9702,B,mrac.pitch.theta_5,0.1433901
49.9702,B,mrac.pitch.u_nom,0.25641027
49.9702,B,mrac.pitch.xm,0.59451109
49.9702,B,mrac.roll.theta_0,0.14857626
49.9702,B,mrac.roll.theta_1,0.0017632169
49.9702,B,mrac.roll.theta_2,0.0089113032
49.9702,B,mrac.roll.theta_3,0.0096680894
49.9702,B,mrac.roll.theta_4,0.14555585
49.9702,B,mrac.roll.theta_5,0.14634584
49.9702,B,mrac.roll.u_nom,0.19711807
49.9702,B,mrac.roll.xm,1.5909944
49.9702,B,mrac.yaw.theta_0,0.013173766
49.9702,B,mrac.yaw.theta_1,0.021792857
49.9702,B,mrac.yaw.theta_2,0.0016736477
49.9702,B,mrac.yaw.theta_3,0
49.9702,B,mrac.yaw.theta_4,0.11373426
49.9702,B,mrac.yaw.theta_5,0.088111103
49.9702,B,mrac.yaw.u_nom,0.13279678
49.9702,B,mrac.yaw.xm,1.0471979
49.9702,B,mrac.z.theta_0,0.15810882
49.9702,B,mrac.z.theta_1,3.5549555e-10
49.9702,B,mrac.z.theta_2,0.0069071809
49.9702,B,mrac.z.theta_3,0
49.9702,B,mrac.z.theta_4,0.1977237
49.9702,B,mrac.z.theta_5,0.17919675
49.9702,B,mrac.z.u_nom,-0.19642447
49.9702,B,mrac.z.xm,0
49.9702,B,path.active_path_mode,0
49.9702,B,path.circle_theta,0
49.9702,B,path.sinusoid_t_elapsed,0
49.9702,B,path.twc_arrived,0
49.9702,B,path.twc_target_x,0
49.9702,B,path.twc_target_y,0
49.9702,B,path.twc_target_z,0
49.9702,B,pid.gyrox.Des,91.157227
49.9702,B,pid.gyrox.FB,8.6860886
49.9702,B,pid.gyrox.U,230.62814
49.9702,B,pid.gyroy.Des,34.062962
49.9702,B,pid.gyroy.FB,-31.692154
49.9702,B,pid.gyroy.U,300
49.9702,B,pid.gyroz.Des,60
49.9702,B,pid.gyroz.FB,-4.483592
49.9702,B,pid.gyroz.U,248.59558
49.9702,B,pid.locx.Des,0
49.9702,B,pid.locx.FB,24.273521
49.9702,B,pid.locx.U,-21.452486
49.9702,B,pid.locxs.Des,-21.452486
49.9702,B,pid.locxs.FB,4.1147404
49.9702,B,pid.locxs.U,-76.866264
49.9702,B,pid.locy.Des,0
49.9702,B,pid.locy.FB,64.477882
49.9702,B,pid.locy.U,-54.565582
49.9702,B,pid.locys.Des,-54.565582
49.9702,B,pid.locys.FB,28.496822
49.9702,B,pid.locys.U,-250.34935
49.9702,B,pid.pitch.Des,-2.8957946
49.9702,B,pid.pitch.FB,-12.113366
49.9702,B,pid.pitch.U,34.062962
49.9702,B,pid.roll.Des,14.35321
49.9702,B,pid.roll.FB,-17.736631
49.9702,B,pid.roll.U,91.157227
49.9702,B,pid.yaw.Des,-49.635666
49.9702,B,pid.yaw.FB,-61.460587
49.9702,B,pid.yaw.U,69.965767
49.9702,B,pid.z_pos.Des,1.4155146
49.9702,B,pid.z_pos.FB,1.4155146
49.9702,B,pid.z_pos.U,-0.088317379
49.9702,B,pid.z_rate.Des,0
49.9702,B,pid.z_rate.FB,0.077407278
49.9702,B,pid.z_rate.U,-43.606232
49.9702,B,status.vbat,0
