t_s,frame,key,value
0.0015,ID,id.arm,1
0.0015,ID,id.axis,1
0.0015,ID,id.dither,0
0.0015,ID,id.mode,1
0.0015,ID,id.roll.r,0.11034215
0.0015,ID,id.roll.u_ad,0.16437237
0.0015,ID,id.roll.u_nom,0.023121461
0.0015,ID,id.roll.x,0.024038743
0.0015,ID,id.roll.xm,0.11034215
0.0015,ID,id.sample_counter,14443
0.0015,ID,id.sysid_state,4
0.0015,ID,id.vbat,0
0.0347,ID,id.arm,1
0.0347,ID,id.axis,1
0.0347,ID,id.dither,0
0.0347,ID,id.mode,1
0.0347,ID,id.roll.r,-0.13891307
0.0347,ID,id.roll.u_ad,0.16482034
0.0347,ID,id.roll.u_nom,-0.097008839
0.0347,ID,id.roll.x,-0.067171596
0.0347,ID,id.roll.xm,-0.13891307
0.0347,ID,id.sample_counter,14444
0.0347,ID,id.sysid_state,0
0.0347,ID,id.vbat,0
0.0395,ID,id.arm,1
0.0395,ID,id.axis,1
0.0395,ID,id.dither,0
0.0395,ID,id.mode,1
0.0395,ID,id.roll.r,0.04101035
0.0395,ID,id.roll.u_ad,0.16434953
0.0395,ID,id.roll.u_nom,0.082891628
0.0395,ID,id.roll.x,-0.015801674
0.0395,ID,id.roll.xm,0.04101035
0.0395,ID,id.sample_counter,14445
0.0395,ID,id.sysid_state,0
0.0395,ID,id.vbat,0
0.0445,ID,id.arm,1
0.0445,ID,id.axis,1
0.0445,ID,id.dither,0
0.0445,ID,id.mode,1
0.0445,ID,id.roll.r,0.27836931
0.0445,ID,id.roll.u_ad,0.17035657
0.0445,ID,id.roll.u_nom,0.18201588
0.0445,ID,id.roll.x,-0.091314398
0.0445,ID,id.roll.xm,0.27836931
0.0445,ID,id.sample_counter,14446
0.0445,ID,id.sysid_state,0
0.0445,ID,id.vbat,0
0.0497,ID,id.arm,1
0.0497,ID,id.axis,1
0.0497,ID,id.dither,0
0.0497,ID,id.mode,1
0.0497,ID,id.roll.r,0.11039004
0.0497,ID,id.roll.u_ad,0.16846929
0.0497,ID,id.roll.u_nom,-0.055918794
0.0497,ID,id.roll.x,0.014316803
0.0497,ID,id.roll.xm,0.11039004
0.0497,ID,id.sample_counter,14447
0.0497,ID,id.sysid_state,0
0.0497,ID,id.vbat,0
0.0545,ID,id.arm,1
0.0545,ID,id.axis,1
0.0545,ID,id.dither,0
0.0545,ID,id.mode,1
0.0545,ID,id.roll.r,0.10476837
0.0545,ID,id.roll.u_ad,0.16822122
0.0545,ID,id.roll.u_nom,0.044291895
0.0545,ID,id.roll.x,-0.011372103
0.0545,ID,id.roll.xm,0.10476837
0.0545,ID,id.sample_counter,14448
0.0545,ID,id.sysid_state,0
0.0545,ID,id.vbat,0
0.0595,ID,id.arm,1
0.0595,ID,id.axis,1
0.0595,ID,id.dither,0
0.0595,ID,id.mode,1
0.0595,ID,id.roll.r,0.10855664
0.0595,ID,id.roll.u_ad,0.16820106
0.0595,ID,id.roll.u_nom,0.051767744
0.0595,ID,id.roll.x,-0.031139286
0.0595,ID,id.roll.xm,0.10855664
0.0595,ID,id.sample_counter,14449
0.0595,ID,id.sysid_state,0
0.0595,ID,id.vbat,0
0.0650,ID,id.arm,1
0.0650,ID,id.axis,1
0.0650,ID,id.dither,0
0.0650,ID,id.mode,1
0.0650,ID,id.roll.r,0.10642595
0.0650,ID,id.roll.u_ad,0.16719103
0.0650,ID,id.roll.u_nom,-0.013166964
0.0650,ID,id.roll.x,0.039425727
0.0650,ID,id.roll.xm,0.10642595
0.0650,ID,id.sample_counter,14450
0.0650,ID,id.sysid_state,0
0.0650,ID,id.vbat,0
0.0695,ID,id.arm,1
0.0695,ID,id.axis,1
0.0695,ID,id.dither,0
0.0695,ID,id.mode,1
0.0695,ID,id.roll.r,0.10633536
0.0695,ID,id.roll.u_ad,0.16820717
0.0695,ID,id.roll.u_nom,0.11448192
0.0695,ID,id.roll.x,-0.085976809
0.0695,ID,id.roll.xm,0.10633536
0.0695,ID,id.sample_counter,14451
0.0695,ID,id.sysid_state,0
0.0695,ID,id.vbat,0
0.0745,ID,id.arm,1
0.0745,ID,id.axis,1
0.0745,ID,id.dither,0
0.0745,ID,id.mode,1
0.0745,ID,id.roll.r,0.11660197
0.0745,ID,id.roll.u_ad,0.1674625
0.0745,ID,id.roll.u_nom,-0.0096194893
0.0745,ID,id.roll.x,0.0096948761
0.0745,ID,id.roll.xm,0.11660197
0.0745,ID,id.sample_counter,14452
0.0745,ID,id.sysid_state,0
0.0745,ID,id.vbat,0
0.0797,ID,id.arm,1
0.0797,ID,id.axis,1
0.0797,ID,id.dither,0
0.0797,ID,id.mode,1
0.0797,ID,id.roll.r,0.11047985
0.0797,ID,id.roll.u_ad,0.16773798
0.0797,ID,id.roll.u_nom,0.060832318
0.0797,ID,id.roll.x,-0.035400629
0.0797,ID,id.roll.xm,0.11047985
0.0797,ID,id.sample_counter,14453
0.0797,ID,id.sysid_state,0
0.0797,ID,id.vbat,0
0.0848,ID,id.arm,1
0.0848,ID,id.axis,1
0.0848,ID,id.dither,0
0.0848,ID,id.mode,1
0.0848,ID,id.roll.r,0.11748531
0.0848,ID,id.roll.u_ad,0.16729471
0.0848,ID,id.roll.u_nom,0.0045100255
0.0848,ID,id.roll.x,0.022297356
0.0848,ID,id.roll.xm,0.11748531
0.0848,ID,id.sample_counter,14454
0.0848,ID,id.sysid_state,0
0.0848,ID,id.vbat,0
0.0896,ID,id.arm,1
0.0896,ID,id.axis,1
0.0896,ID,id.dither,0
0.0896,ID,id.mode,1
0.0896,ID,id.roll.r,0.1109899
0.0896,ID,id.roll.u_ad,0.16743602
0.0896,ID,id.roll.u_nom,0.049072728
0.0896,ID,id.roll.x,-0.011068805
0.0896,ID,id.roll.xm,0.1109899
0.0896,ID,id.sample_counter,14455
0.0896,ID,id.sysid_state,0
0.0896,ID,id.vbat,0
0.0946,ID,id.arm,1
0.0946,ID,id.axis,1
0.0946,ID,id.dither,0
0.0946,ID,id.mode,1
0.0946,ID,id.roll.r,0.11509977
0.0946,ID,id.roll.u_ad,0.16715147
0.0946,ID,id.roll.u_nom,0.015410715
0.0946,ID,id.roll.x,0.020953272
0.0946,ID,id.roll.xm,0.11509977
0.0946,ID,id.sample_counter,14456
0.0946,ID,id.sysid_state,0
0.0946,ID,id.vbat,0
0.0996,ID,id.arm,1
0.0996,ID,id.axis,1
0.0996,ID,id.dither,0
0.0996,ID,id.mode,1
0.0996,ID,id.roll.r,0.11010177
0.0996,ID,id.roll.u_ad,0.16674951
0.0996,ID,id.roll.u_nom,0.01155333
0.0996,ID,id.roll.x,0.039814677
0.0996,ID,id.roll.xm,0.11010177
0.0996,ID,id.sample_counter,14457
0.0996,ID,id.sysid_state,0
0.0996,ID,id.vbat,0
0.1044,ID,id.arm,1
0.1044,ID,id.axis,1
0.1044,ID,id.dither,0
0.1044,ID,id.mode,1
0.1044,ID,id.roll.r,0.11107343
0.1044,ID,id.roll.u_ad,0.16613156
0.1044,ID,id.roll.u_nom,-0.0093897162
0.1044,ID,id.roll.x,0.085220814
0.1044,ID,id.roll.xm,0.11107343
0.1044,ID,id.sample_counter,14458
0.1044,ID,id.sysid_state,0
0.1044,ID,id.vbat,0
0.1094,ID,id.arm,1
0.1094,ID,id.axis,1
0.1094,ID,id.dither,0
0.1094,ID,id.mode,1
0.1094,ID,id.roll.r,0.10469924
0.1094,ID,id.roll.u_ad,0.16643721
0.1094,ID,id.roll.u_nom,0.056927882
0.1094,ID,id.roll.x,0.018187664
0.1094,ID,id.roll.xm,0.10469924
0.1094,ID,id.sample_counter,14459
0.1094,ID,id.sysid_state,0
0.1094,ID,id.vbat,0
0.1146,ID,id.arm,1
0.1146,ID,id.axis,1
0.1146,ID,id.dither,0
0.1146,ID,id.mode,1
0.1146,ID,id.roll.r,0.11174557
0.1146,ID,id.roll.u_ad,0.16639505
0.1146,ID,id.roll.u_nom,0.026149388
0.1146,ID,id.roll.x,0.026695214
0.1146,ID,id.roll.xm,0.11174557
0.1146,ID,id.sample_counter,14460
0.1146,ID,id.sysid_state,0
0.1146,ID,id.vbat,0
0.1195,ID,id.arm,1
0.1195,ID,id.axis,1
0.1195,ID,id.dither,0
0.1195,ID,id.mode,1
0.1195,ID,id.roll.r,0.1066032
0.1195,ID,id.roll.u_ad,0.16549648
0.1195,ID,id.roll.u_nom,-0.026194682
0.1195,ID,id.roll.x,0.09379451
0.1195,ID,id.roll.xm,0.1066032
0.1195,ID,id.sample_counter,14461
0.1195,ID,id.sysid_state,0
0.1195,ID,id.vbat,0
0.1245,ID,id.arm,1
0.1245,ID,id.axis,1
0.1245,ID,id.dither,0
0.1245,ID,id.mode,1
0.1245,ID,id.roll.r,0.1079914
0.1245,ID,id.roll.u_ad,0.16617195
0.1245,ID,id.roll.u_nom,0.070952274
0.1245,ID,id.roll.x,0.011092095
0.1245,ID,id.roll.xm,0.1079914
0.1245,ID,id.sample_counter,14462
0.1245,ID,id.sysid_state,0
0.1245,ID,id.vbat,0
0.1293,A,mrac.pitch.e,0.1463972
0.1293,A,mrac.pitch.u_ad,-0.028021792
0.1293,A,mrac.roll.e,-0.14693192
0.1293,A,mrac.roll.u_ad,0.16433598
0.1293,A,mrac.yaw.e,0.11745733
0.1293,A,mrac.yaw.u_ad,-0.014582132
0.1293,A,mrac.z.e,0.15468168
0.1293,A,mrac.z.u_ad,-0.093455635
0.1293,A,status.arm,1
0.1293,A,status.flymode,1
0.1293,A,status.rc_authority,0
0.1293,A,status.sbus_lost,0
0.1293,A,status.twc_arrived,0
0.1293,A,status.twc_execute,0
0.1293,B,mrac.pitch.theta_0,4.132549e-07
0.1293,B,mrac.pitch.theta_1,0.0037695603
0.1293,B,mrac.pitch.theta_2,0.00027770072
0.1293,B,mrac.pitch.theta_3,0.0012366422
0.1293,B,mrac.pitch.theta_4,0.073575653
0.1293,B,mrac.pitch.theta_5,0.14285959
0.1293,B,mrac.pitch.u_nom,-0.026228076
0.1293,B,mrac.pitch.xm,-0.16262314
0.1293,B,mrac.roll.theta_0,0.14804436
0.1293,B,mrac.roll.theta_1,0.00057235436
0.1293,B,mrac.roll.theta_2,0.0070380601
0.1293,B,mrac.roll.theta_3,0.001227985
0.1293,B,mrac.roll.theta_4,0.097986192
0.1293,B,mrac.roll.theta_5,0.13872628
0.1293,B,mrac.roll.u_nom,0.10521706
0.1293,B,mrac.roll.xm,0.10237975
0.1293,B,mrac.yaw.theta_0,2.4751674e-27
0.1293,B,mrac.yaw.theta_1,0.00253204
0.1293,B,mrac.yaw.theta_2,7.3484814e-05
0.1293,B,mrac.yaw.theta_3,0
0.1293,B,mrac.yaw.theta_4,0.067201026
0.1293,B,mrac.yaw.theta_5,0.087773129
0.1293,B,mrac.yaw.u_nom,-0.040193453
0.1293,B,mrac.yaw.xm,-0.12174182
0.1293,B,mrac.z.theta_0,0.00035542116
0.1293,B,mrac.z.theta_1,0.0050095906
0.1293,B,mrac.z.theta_2,0.00028025839
0.1293,B,mrac.z.theta_3,0
0.1293,B,mrac.z.theta_4,0.19748773
0.1293,B,mrac.z.theta_5,0.19379342
0.1293,B,mrac.z.u_nom,-0.31841227
0.1293,B,mrac.z.xm,-0.15719284
0.1293,B,path.active_path_mode,0
0.1293,B,path.circle_theta,0
0.1293,B,path.sinusoid_t_elapsed,0
0.1293,B,path.twc_arrived,0
0.1293,B,path.twc_target_x,0
0.1293,B,path.twc_target_y,0
0.1293,B,path.twc_target_z,0
0.1293,B,pid.gyrox.Des,5.8659253
0.1293,B,pid.gyrox.FB,-3.3990817
0.1293,B,pid.gyrox.U,123.10397
0.1293,B,pid.gyroy.Des,-9.3176155
0.1293,B,pid.gyroy.FB,-2.2133393
0.1293,B,pid.gyroy.U,-30.686848
0.1293,B,pid.gyroz.Des,-6.9752893
0.1293,B,pid.gyroz.FB,2.1769795
0.1293,B,pid.gyroz.U,-75.242142
0.1293,B,pid.locx.Des,0
0.1293,B,pid.locx.FB,-1.095263
0.1293,B,pid.locx.U,2.5476522
0.1293,B,pid.locxs.Des,2.5476522
0.1293,B,pid.locxs.FB,9.0815659
0.1293,B,pid.locxs.U,-19.920658
0.1293,B,pid.locy.Des,0
0.1293,B,pid.locy.FB,26.621151
0.1293,B,pid.locy.U,-23.390139
0.1293,B,pid.locys.Des,-23.390139
0.1293,B,pid.locys.FB,1.5890749
0.1293,B,pid.locys.U,-75.063477
0.1293,B,pid.pitch.Des,-4.4244676
0.1293,B,pid.pitch.FB,-1.3322791
0.1293,B,pid.pitch.U,-9.3176155
0.1293,B,pid.roll.Des,0.96308702
0.1293,B,pid.roll.FB,-1.0052773
0.1293,B,pid.roll.U,5.8659253
0.1293,B,pid.yaw.Des,1.7745692
0.1293,B,pid.yaw.FB,2.6037841
0.1293,B,pid.yaw.U,-6.9752893
0.1293,B,pid.z_pos.Des,1.499074
0.1293,B,pid.z_pos.FB,1.5093596
0.1293,B,pid.z_pos.U,-0.15719284
0.1293,B,pid.z_rate.Des,-0.15719284
0.1293,B,pid.z_rate.FB,-0.013099051
0.1293,B,pid.z_rate.U,-70.687523
0.1293,B,status.vbat,0
0.1300,ID,id.arm,1
0.1300,ID,id.axis,1
0.1300,ID,id.dither,0
0.1300,ID,id.mode,1
0.1300,ID,id.roll.r,0.10663611
0.1300,ID,id.roll.u_ad,0.16507922
0.1300,ID,id.roll.u_nom,-0.041917577
0.1300,ID,id.roll.x,0.10733213
0.1300,ID,id.roll.xm,0.10663611
0.1300,ID,id.sample_counter,14463
0.1300,ID,id.sysid_state,0
0.1300,ID,id.vbat,0
0.1346,ID,id.arm,1
0.1346,ID,id.axis,1
0.1346,ID,id.dither,0
0.1346,ID,id.mode,1
0.1346,ID,id.roll.r,0.10808203
0.1346,ID,id.roll.u_ad,0.16561013
0.1346,ID,id.roll.u_nom,0.056391992
0.1346,ID,id.roll.x,0.040007163
0.1346,ID,id.roll.xm,0.10808203
0.1346,ID,id.sample_counter,14464
0.1346,ID,id.sysid_state,0
0.1346,ID,id.vbat,0
0.1393,ID,id.arm,1
0.1393,ID,id.axis,1
0.1393,ID,id.dither,0
0.1393,ID,id.mode,1
0.1393,ID,id.roll.r,0.10898986
0.1393,ID,id.roll.u_ad,0.16553807
0.1393,ID,id.roll.u_nom,0.019456465
0.1393,ID,id.roll.x,0.045350168
0.1393,ID,id.roll.xm,0.10898986
0.1393,ID,id.sample_counter,14465
0.1393,ID,id.sysid_state,0
0.1393,ID,id.vbat,0
0.1445,ID,id.arm,1
0.1445,ID,id.axis,1
0.1445,ID,id.dither,0
0.1445,ID,id.mode,1
0.1445,ID,id.roll.r,0.10724627
0.1445,ID,id.roll.u_ad,0.16526598
0.1445,ID,id.roll.u_nom,0.0074630128
0.1445,ID,id.roll.x,0.062890753
0.1445,ID,id.roll.xm,0.10724627
0.1445,ID,id.sample_counter,14466
0.1445,ID,id.sysid_state,0
0.1445,ID,id.vbat,0
0.1495,ID,id.arm,1
0.1495,ID,id.axis,1
0.1495,ID,id.dither,0
0.1495,ID,id.mode,1
0.1495,ID,id.roll.r,0.10523769
0.1495,ID,id.roll.u_ad,0.16519402
0.1495,ID,id.roll.u_nom,0.021118205
0.1495,ID,id.roll.x,0.055148687
0.1495,ID,id.roll.xm,0.10523769
0.1495,ID,id.sample_counter,14467
0.1495,ID,id.sysid_state,0
0.1495,ID,id.vbat,0
0.1544,ID,id.arm,1
0.1544,ID,id.axis,1
0.1544,ID,id.dither,0
0.1544,ID,id.mode,1
0.1544,ID,id.roll.r,0.10831762
0.1544,ID,id.roll.u_ad,0.1654292
0.1544,ID,id.roll.u_nom,0.037187252
0.1544,ID,id.roll.x,0.032530576
0.1544,ID,id.roll.xm,0.10831762
0.1544,ID,id.sample_counter,14468
0.1544,ID,id.sysid_state,0
0.1544,ID,id.vbat,0
0.1594,ID,id.arm,1
0.1594,ID,id.axis,1
0.1594,ID,id.dither,0
0.1594,ID,id.mode,1
0.1594,ID,id.roll.r,0.10675222
0.1594,ID,id.roll.u_ad,0.16542256
0.1594,ID,id.roll.u_nom,0.025368866
0.1594,ID,id.roll.x,0.029922202
0.1594,ID,id.roll.xm,0.10675222
0.1594,ID,id.sample_counter,14469
0.1594,ID,id.sysid_state,0
0.1594,ID,id.vbat,0
0.1648,ID,id.arm,1
0.1648,ID,id.axis,1
0.1648,ID,id.dither,0
0.1648,ID,id.mode,1
0.1648,ID,id.roll.r,0.10076327
0.1648,ID,id.roll.u_ad,0.16471365
0.1648,ID,id.roll.u_nom,-0.014666243
0.1648,ID,id.roll.x,0.077755354
0.1648,ID,id.roll.xm,0.10076327
0.1648,ID,id.sample_counter,14470
0.1648,ID,id.sysid_state,0
0.1648,ID,id.vbat,0
0.1695,ID,id.arm,1
0.1695,ID,id.axis,1
0.1695,ID,id.dither,0
0.1695,ID,id.mode,1
0.1695,ID,id.roll.r,0.095686719
0.1695,ID,id.roll.u_ad,0.16463518
0.1695,ID,id.roll.u_nom,0.028641211
0.1695,ID,id.roll.x,0.049603291
0.1695,ID,id.roll.xm,0.095686719
0.1695,ID,id.sample_counter,14471
0.1695,ID,id.sysid_state,0
0.1695,ID,id.vbat,0
0.1744,ID,id.arm,1
0.1744,ID,id.axis,1
0.1744,ID,id.dither,0
0.1744,ID,id.mode,1
0.1744,ID,id.roll.r,0.10508991
0.1744,ID,id.roll.u_ad,0.16428304
0.1744,ID,id.roll.u_nom,-0.0047889301
0.1744,ID,id.roll.x,0.089143805
0.1744,ID,id.roll.xm,0.10508991
0.1744,ID,id.sample_counter,14472
0.1744,ID,id.sysid_state,0
0.1744,ID,id.vbat,0
0.1797,ID,id.arm,1
0.1797,ID,id.axis,1
0.1797,ID,id.dither,0
0.1797,ID,id.mode,1
0.1797,ID,id.roll.r,0.097254023
0.1797,ID,id.roll.u_ad,0.16353171
0.1797,ID,id.roll.u_nom,-0.025275119
0.1797,ID,id.roll.x,0.12926714
0.1797,ID,id.roll.xm,0.097254023
0.1797,ID,id.sample_counter,14473
0.1797,ID,id.sysid_state,0
0.1797,ID,id.vbat,0
0.1844,ID,id.arm,1
0.1844,ID,id.axis,1
0.1844,ID,id.dither,0
0.1844,ID,id.mode,1
0.1844,ID,id.roll.r,0.10102924
0.1844,ID,id.roll.u_ad,0.16464417
0.1844,ID,id.roll.u_nom,0.0903427
0.1844,ID,id.roll.x,0.0076180059
0.1844,ID,id.roll.xm,0.10102924
0.1844,ID,id.sample_counter,14474
0.1844,ID,id.sysid_state,0
0.1844,ID,id.vbat,0
0.1894,ID,id.arm,1
0.1894,ID,id.axis,1
0.1894,ID,id.dither,0
0.1894,ID,id.mode,1
0.1894,ID,id.roll.r,0.10292336
0.1894,ID,id.roll.u_ad,0.16329566
0.1894,ID,id.roll.u_nom,-0.07075613
0.1894,ID,id.roll.x,0.14520898
0.1894,ID,id.roll.xm,0.10292336
0.1894,ID,id.sample_counter,14475
0.1894,ID,id.sysid_state,0
0.1894,ID,id.vbat,0
0.1944,ID,id.arm,1
0.1944,ID,id.axis,1
0.1944,ID,id.dither,0
0.1944,ID,id.mode,1
0.1944,ID,id.roll.r,0.099220119
0.1944,ID,id.roll.u_ad,0.16496506
0.1944,ID,id.roll.u_nom,0.12834099
0.1944,ID,id.roll.x,-0.051161565
0.1944,ID,id.roll.xm,0.099220119
0.1944,ID,id.sample_counter,14476
0.1944,ID,id.sysid_state,0
0.1944,ID,id.vbat,0
0.1996,ID,id.arm,1
0.1996,ID,id.axis,1
0.1996,ID,id.dither,0
0.1996,ID,id.mode,1
0.1996,ID,id.roll.r,0.10967951
0.1996,ID,id.roll.u_ad,0.16404128
0.1996,ID,id.roll.u_nom,-0.046828296
0.1996,ID,id.roll.x,0.08142934
0.1996,ID,id.roll.xm,0.10967951
0.1996,ID,id.sample_counter,14477
0.1996,ID,id.sysid_state,0
0.1996,ID,id.vbat,0
0.2045,ID,id.arm,1
0.2045,ID,id.axis,1
0.2045,ID,id.dither,0
0.2045,ID,id.mode,1
0.2045,ID,id.roll.r,-0.00061246072
0.2045,ID,id.roll.u_ad,0.16049336
0.2045,ID,id.roll.u_nom,-0.075179867
0.2045,ID,id.roll.x,0.091154978
0.2045,ID,id.roll.xm,-0.00061246072
0.2045,ID,id.sample_counter,14478
0.2045,ID,id.sysid_state,0
0.2045,ID,id.vbat,0
0.2095,ID,id.arm,1
0.2095,ID,id.axis,1
0.2095,ID,id.dither,0
0.2095,ID,id.mode,1
0.2095,ID,id.roll.r,0.079521477
0.2095,ID,id.roll.u_ad,0.16203719
0.2095,ID,id.roll.u_nom,0.12261054
0.2095,ID,id.roll.x,-0.04740015
0.2095,ID,id.roll.xm,0.079521477
0.2095,ID,id.sample_counter,14479
0.2095,ID,id.sysid_state,0
0.2095,ID,id.vbat,0
0.2147,ID,id.arm,1
0.2147,ID,id.axis,1
0.2147,ID,id.dither,0
0.2147,ID,id.mode,1
0.2147,ID,id.roll.r,0.14636253
0.2147,ID,id.roll.u_ad,0.16205612
0.2147,ID,id.roll.u_nom,-0.062739827
0.2147,ID,id.roll.x,0.15540764
0.2147,ID,id.roll.xm,0.14636253
0.2147,ID,id.sample_counter,14480
0.2147,ID,id.sysid_state,0
0.2147,ID,id.vbat,0
0.2195,ID,id.arm,1
0.2195,ID,id.axis,1
0.2195,ID,id.dither,0
0.2195,ID,id.mode,1
0.2195,ID,id.roll.r,0.094447166
0.2195,ID,id.roll.u_ad,0.16408014
0.2195,ID,id.roll.u_nom,0.14898223
0.2195,ID,id.roll.x,-0.14019638
0.2195,ID,id.roll.xm,0.094447166
0.2195,ID,id.sample_counter,14481
0.2195,ID,id.sysid_state,0
0.2195,ID,id.vbat,0
0.2246,ID,id.arm,1
0.2246,ID,id.axis,1
0.2246,ID,id.dither,0
0.2246,ID,id.mode,1
0.2246,ID,id.roll.r,0.10558069
0.2246,ID,id.roll.u_ad,0.16264336
0.2246,ID,id.roll.u_nom,-0.082583085
0.2246,ID,id.roll.x,0.11850869
0.2246,ID,id.roll.xm,0.10558069
0.2246,ID,id.sample_counter,14482
0.2246,ID,id.sysid_state,0
0.2246,ID,id.vbat,0
0.2296,ID,id.arm,1
0.2296,ID,id.axis,1
0.2296,ID,id.dither,0
0.2296,ID,id.mode,1
0.2296,ID,id.roll.r,0.088320784
0.2296,ID,id.roll.u_ad,0.16378744
0.2296,ID,id.roll.u_nom,0.1043691
0.2296,ID,id.roll.x,-0.036904622
0.2296,ID,id.roll.xm,0.088320784
0.2296,ID,id.sample_counter,14483
0.2296,ID,id.sysid_state,0
0.2296,ID,id.vbat,0
0.2350,ID,id.arm,1
0.2350,ID,id.axis,1
0.2350,ID,id.dither,0
0.2350,ID,id.mode,1
0.2350,ID,id.roll.r,0.10672562
0.2350,ID,id.roll.u_ad,0.16416273
0.2350,ID,id.roll.u_nom,0.037478868
0.2350,ID,id.roll.x,-0.019540545
0.2350,ID,id.roll.xm,0.10672562
0.2350,ID,id.sample_counter,14484
0.2350,ID,id.sysid_state,0
0.2350,ID,id.vbat,0
0.2395,ID,id.arm,1
0.2395,ID,id.axis,1
0.2395,ID,id.dither,0
0.2395,ID,id.mode,1
0.2395,ID,id.roll.r,0.091881029
0.2395,ID,id.roll.u_ad,0.16386239
0.2395,ID,id.roll.u_nom,0.016192758
0.2395,ID,id.roll.x,-0.0061009708
0.2395,ID,id.roll.xm,0.091881029
0.2395,ID,id.sample_counter,14485
0.2395,ID,id.sysid_state,0
0.2395,ID,id.vbat,0
0.2448,ID,id.arm,1
0.2448,ID,id.axis,1
0.2448,ID,id.dither,0
0.2448,ID,id.mode,1
0.2448,ID,id.roll.r,0.10139541
0.2448,ID,id.roll.u_ad,0.16560113
0.2448,ID,id.roll.u_nom,0.13737263
0.2448,ID,id.roll.x,-0.14269958
0.2448,ID,id.roll.xm,0.10139541
0.2448,ID,id.sample_counter,14486
0.2448,ID,id.sysid_state,0
0.2448,ID,id.vbat,0
0.2496,ID,id.arm,1
0.2496,ID,id.axis,1
0.2496,ID,id.dither,0
0.2496,ID,id.mode,1
0.2496,ID,id.roll.r,0.098688878
0.2496,ID,id.roll.u_ad,0.16402875
0.2496,ID,id.roll.u_nom,-0.066073418
0.2496,ID,id.roll.x,0.044190213
0.2496,ID,id.roll.xm,0.098688878
0.2496,ID,id.sample_counter,14487
0.2496,ID,id.sysid_state,0
0.2496,ID,id.vbat,0
0.2545,ID,id.arm,1
0.2545,ID,id.axis,1
0.2545,ID,id.dither,0
0.2545,ID,id.mode,1
0.2545,ID,id.roll.r,0.10417053
0.2545,ID,id.roll.u_ad,0.16618668
0.2545,ID,id.roll.u_nom,0.16246754
0.2545,ID,id.roll.x,-0.18557391
0.2545,ID,id.roll.xm,0.10417053
0.2545,ID,id.sample_counter,14488
0.2545,ID,id.sysid_state,0
0.2545,ID,id.vbat,0
0.2595,ID,id.arm,1
0.2595,ID,id.axis,1
0.2595,ID,id.dither,0
0.2595,ID,id.mode,1
0.2595,ID,id.roll.r,0.10813895
0.2595,ID,id.roll.u_ad,0.16457829
0.2595,ID,id.roll.u_nom,-0.077229097
0.2595,ID,id.roll.x,0.099218756
0.2595,ID,id.roll.xm,0.10813895
0.2595,ID,id.sample_counter,14489
0.2595,ID,id.sysid_state,0
0.2595,ID,id.vbat,0
0.2649,ID,id.arm,1
0.2649,ID,id.axis,1
0.2649,ID,id.dither,0
0.2649,ID,id.mode,1
0.2649,ID,id.roll.r,-0.0015599722
0.2649,ID,id.roll.u_ad,0.16340747
0.2649,ID,id.roll.u_nom,0.092199549
0.2649,ID,id.roll.x,-0.12477779
0.2649,ID,id.roll.xm,-0.0015599722
0.2649,ID,id.sample_counter,14490
0.2649,ID,id.sysid_state,0
0.2649,ID,id.vbat,0
0.2695,ID,id.arm,1
0.2695,ID,id.axis,1
0.2695,ID,id.dither,0
0.2695,ID,id.mode,1
0.2695,ID,id.roll.r,0.087378345
0.2695,ID,id.roll.u_ad,0.16339293
0.2695,ID,id.roll.u_nom,0.033391722
0.2695,ID,id.roll.x,-0.031979404
0.2695,ID,id.roll.xm,0.087378345
0.2695,ID,id.sample_counter,14491
0.2695,ID,id.sysid_state,0
0.2695,ID,id.vbat,0
0.2744,ID,id.arm,1
0.2744,ID,id.axis,1
0.2744,ID,id.dither,0
0.2744,ID,id.mode,1
0.2744,ID,id.roll.r,0.14679196
0.2744,ID,id.roll.u_ad,0.16503105
0.2744,ID,id.roll.u_nom,0.061281506
0.2744,ID,id.roll.x,-0.0079603679
0.2744,ID,id.roll.xm,0.14679196
0.2744,ID,id.sample_counter,14492
0.2744,ID,id.sysid_state,0
0.2744,ID,id.vbat,0
0.2795,ID,id.arm,1
0.2795,ID,id.axis,1
0.2795,ID,id.dither,0
0.2795,ID,id.mode,1
0.2795,ID,id.roll.r,0.10348118
0.2795,ID,id.roll.u_ad,0.16588967
0.2795,ID,id.roll.u_nom,0.085740671
0.2795,ID,id.roll.x,-0.10816521
0.2795,ID,id.roll.xm,0.10348118
0.2795,ID,id.sample_counter,14493
0.2795,ID,id.sysid_state,0
0.2795,ID,id.vbat,0
0.2845,ID,id.arm,1
0.2845,ID,id.axis,1
0.2845,ID,id.dither,0
0.2845,ID,id.mode,1
0.2845,ID,id.roll.r,0.095719762
0.2845,ID,id.roll.u_ad,0.16397519
0.2845,ID,id.roll.u_nom,-0.084522933
0.2845,ID,id.roll.x,0.11654642
0.2845,ID,id.roll.xm,0.095719762
0.2845,ID,id.sample_counter,14494
0.2845,ID,id.sysid_state,0
0.2845,ID,id.vbat,0
0.2895,ID,id.arm,1
0.2895,ID,id.axis,1
0.2895,ID,id.dither,0
0.2895,ID,id.mode,1
0.2895,ID,id.roll.r,0.094042011
0.2895,ID,id.roll.u_ad,0.16563405
0.2895,ID,id.roll.u_nom,0.14236443
0.2895,ID,id.roll.x,-0.11362366
0.2895,ID,id.roll.xm,0.094042011
0.2895,ID,id.sample_counter,14495
0.2895,ID,id.sysid_state,0
0.2895,ID,id.vbat,0
0.2944,ID,id.arm,1
0.2944,ID,id.axis,1
0.2944,ID,id.dither,0
0.2944,ID,id.mode,1
0.2944,ID,id.roll.r,0.10594454
0.2944,ID,id.roll.u_ad,0.16409118
0.2944,ID,id.roll.u_nom,-0.076081298
0.2944,ID,id.roll.x,0.09232223
0.2944,ID,id.roll.xm,0.10594454
0.2944,ID,id.sample_counter,14496
0.2944,ID,id.sysid_state,0
0.2944,ID,id.vbat,0
0.2997,ID,id.arm,1
0.2997,ID,id.axis,1
0.2997,ID,id.dither,0
0.2997,ID,id.mode,1
0.2997,ID,id.roll.r,0.092655011
0.2997,ID,id.roll.u_ad,0.16481255
0.2997,ID,id.roll.u_nom,0.081952438
0.2997,ID,id.roll.x,-0.01975237
0.2997,ID,id.roll.xm,0.092655011
0.2997,ID,id.sample_counter,14497
0.2997,ID,id.sysid_state,0
0.2997,ID,id.vbat,0
0.3045,ID,id.arm,1
0.3045,ID,id.axis,1
0.3045,ID,id.dither,0
0.3045,ID,id.mode,1
0.3045,ID,id.roll.r,0.0052524135
0.3045,ID,id.roll.u_ad,0.16123609
0.3045,ID,id.roll.u_nom,-0.079678111
0.3045,ID,id.roll.x,0.047025267
0.3045,ID,id.roll.xm,0.0052524135
0.3045,ID,id.sample_counter,14498
0.3045,ID,id.sysid_state,0
0.3045,ID,id.vbat,0
0.3095,ID,id.arm,1
0.3095,ID,id.axis,1
0.3095,ID,id.dither,0
0.3095,ID,id.mode,1
0.3095,ID,id.roll.r,0.068191297
0.3095,ID,id.roll.u_ad,0.16179389
0.3095,ID,id.roll.u_nom,0.076180115
0.3095,ID,id.roll.x,0.00057222275
0.3095,ID,id.roll.xm,0.068191297
0.3095,ID,id.sample_counter,14499
0.3095,ID,id.sysid_state,0
0.3095,ID,id.vbat,0
0.3146,ID,id.arm,1
0.3146,ID,id.axis,1
0.3146,ID,id.dither,0
0.3146,ID,id.mode,1
0.3146,ID,id.roll.r,0.1473514
0.3146,ID,id.roll.u_ad,0.16453102
0.3146,ID,id.roll.u_nom,0.11792295
0.3146,ID,id.roll.x,-0.050022539
0.3146,ID,id.roll.xm,0.1473514
0.3146,ID,id.sample_counter,14500
0.3146,ID,id.sysid_state,0
0.3146,ID,id.vbat,0
0.3195,ID,id.arm,1
0.3195,ID,id.axis,1
0.3195,ID,id.dither,0
0.3195,ID,id.mode,1
0.3195,ID,id.roll.r,0.088521279
0.3195,ID,id.roll.u_ad,0.16277686
0.3195,ID,id.roll.u_nom,-0.077254653
0.3195,ID,id.roll.x,0.079708658
0.3195,ID,id.roll.xm,0.088521279
0.3195,ID,id.sample_counter,14501
0.3195,ID,id.sysid_state,0
0.3195,ID,id.vbat,0
0.3244,ID,id.arm,1
0.3244,ID,id.axis,1
0.3244,ID,id.dither,0
0.3244,ID,id.mode,1
0.3244,ID,id.roll.r,0.091349475
0.3244,ID,id.roll.u_ad,0.16414072
0.3244,ID,id.roll.u_nom,0.11358979
0.3244,ID,id.roll.x,-0.06091531
0.3244,ID,id.roll.xm,0.091349475
0.3244,ID,id.sample_counter,14502
0.3244,ID,id.sysid_state,0
0.3244,ID,id.vbat,0
0.3308,A,mrac.pitch.e,0.1463972
0.3308,A,mrac.pitch.u_ad,-0.028021792
0.3308,A,mrac.roll.e,-0.14693192
0.3308,A,mrac.roll.u_ad,0.16433598
0.3308,A,mrac.yaw.e,0.11745733
0.3308,A,mrac.yaw.u_ad,-0.014582132
0.3308,A,mrac.z.e,0.15468168
0.3308,A,mrac.z.u_ad,-0.093455635
0.3308,A,status.arm,1
0.3308,A,status.flymode,1
0.3308,A,status.rc_authority,0
0.3308,A,status.sbus_lost,0
0.3308,A,status.twc_arrived,0
0.3308,A,status.twc_execute,0
0.3308,B,mrac.pitch.theta_0,4.132549e-07
0.3308,B,mrac.pitch.theta_1,0.0037695603
0.3308,B,mrac.pitch.theta_2,0.00027770072
0.3308,B,mrac.pitch.theta_3,0.0012366422
0.3308,B,mrac.pitch.theta_4,0.073575653
0.3308,B,mrac.pitch.theta_5,0.14285959
0.3308,B,mrac.pitch.u_nom,-0.026228076
0.3308,B,mrac.pitch.xm,-0.16262314
0.3308,B,mrac.roll.theta_0,0.14804436
0.3308,B,mrac.roll.theta_1,0.00057235436
0.3308,B,mrac.roll.theta_2,0.0070380601
0.3308,B,mrac.roll.theta_3,0.001227985
0.3308,B,mrac.roll.theta_4,0.097986192
0.3308,B,mrac.roll.theta_5,0.13872628
0.3308,B,mrac.roll.u_nom,0.10521706
0.3308,B,mrac.roll.xm,0.10237975
0.3308,B,mrac.yaw.theta_0,2.4751674e-27
0.3308,B,mrac.yaw.theta_1,0.00253204
0.3308,B,mrac.yaw.theta_2,7.3484814e-05
0.3308,B,mrac.yaw.theta_3,0
0.3308,B,mrac.yaw.theta_4,0.067201026
0.3308,B,mrac.yaw.theta_5,0.087773129
0.3308,B,mrac.yaw.u_nom,-0.040193453
0.3308,B,mrac.yaw.xm,-0.12174182
0.3308,B,mrac.z.theta_0,0.00035542116
0.3308,B,mrac.z.theta_1,0.0050095906
0.3308,B,mrac.z.theta_2,0.00028025839
0.3308,B,mrac.z.theta_3,0
0.3308,B,mrac.z.theta_4,0.19748773
0.3308,B,mrac.z.theta_5,0.19379342
0.3308,B,mrac.z.u_nom,-0.31841227
0.3308,B,mrac.z.xm,-0.15719284
0.3308,B,path.active_path_mode,0
0.3308,B,path.circle_theta,0
0.3308,B,path.sinusoid_t_elapsed,0
0.3308,B,path.twc_arrived,0
0.3308,B,path.twc_target_x,0
0.3308,B,path.twc_target_y,0
0.3308,B,path.twc_target_z,0
0.3308,B,pid.gyrox.Des,5.8659253
0.3308,B,pid.gyrox.FB,-3.3990817
0.3308,B,pid.gyrox.U,123.10397
0.3308,B,pid.gyroy.Des,-9.3176155
0.3308,B,pid.gyroy.FB,-2.2133393
0.3308,B,pid.gyroy.U,-30.686848
0.3308,B,pid.gyroz.Des,-6.9752893
0.3308,B,pid.gyroz.FB,2.1769795
0.3308,B,pid.gyroz.U,-75.242142
0.3308,B,pid.locx.Des,0
0.3308,B,pid.locx.FB,-1.095263
0.3308,B,pid.locx.U,2.5476522
0.3308,B,pid.locxs.Des,2.5476522
0.3308,B,pid.locxs.FB,9.0815659
0.3308,B,pid.locxs.U,-19.920658
0.3308,B,pid.locy.Des,0
0.3308,B,pid.locy.FB,26.621151
0.3308,B,pid.locy.U,-23.390139
0.3308,B,pid.locys.Des,-23.390139
0.3308,B,pid.locys.FB,1.5890749
0.3308,B,pid.locys.U,-75.063477
0.3308,B,pid.pitch.Des,-4.4244676
0.3308,B,pid.pitch.FB,-1.3322791
0.3308,B,pid.pitch.U,-9.3176155
0.3308,B,pid.roll.Des,0.96308702
0.3308,B,pid.roll.FB,-1.0052773
0.3308,B,pid.roll.U,5.8659253
0.3308,B,pid.yaw.Des,1.7745692
0.3308,B,pid.yaw.FB,2.6037841
0.3308,B,pid.yaw.U,-6.9752893
0.3308,B,pid.z_pos.Des,1.499074
0.3308,B,pid.z_pos.FB,1.5093596
0.3308,B,pid.z_pos.U,-0.15719284
0.3308,B,pid.z_rate.Des,-0.15719284
0.3308,B,pid.z_rate.FB,-0.013099051
0.3308,B,pid.z_rate.U,-70.687523
0.3308,B,status.vbat,0
0.3318,ID,id.arm,1
0.3318,ID,id.axis,1
0.3318,ID,id.dither,0
0.3318,ID,id.mode,1
0.3318,ID,id.roll.r,0.093340911
0.3318,ID,id.roll.u_ad,0.16240743
0.3318,ID,id.roll.u_nom,-0.087822683
0.3318,ID,id.roll.x,0.12762031
0.3318,ID,id.roll.xm,0.093340911
0.3318,ID,id.sample_counter,14503
0.3318,ID,id.sysid_state,0
0.3318,ID,id.vbat,0
0.3345,ID,id.arm,1
0.3345,ID,id.axis,1
0.3345,ID,id.dither,0
0.3345,ID,id.mode,1
0.3345,ID,id.roll.r,0.087644227
0.3345,ID,id.roll.u_ad,0.16406272
0.3345,ID,id.roll.u_nom,0.13447469
0.3345,ID,id.roll.x,-0.087822907
0.3345,ID,id.roll.xm,0.087644227
0.3345,ID,id.sample_counter,14504
0.3345,ID,id.sysid_state,0
0.3345,ID,id.vbat,0
0.3395,ID,id.arm,1
0.3395,ID,id.axis,1
0.3395,ID,id.dither,0
0.3395,ID,id.mode,1
0.3395,ID,id.roll.r,0.097286366
0.3395,ID,id.roll.u_ad,0.1625274
0.3395,ID,id.roll.u_nom,-0.08034154
0.3395,ID,id.roll.x,0.10100479
0.3395,ID,id.roll.xm,0.097286366
0.3395,ID,id.sample_counter,14505
0.3395,ID,id.sysid_state,0
0.3395,ID,id.vbat,0
0.3446,ID,id.arm,1
0.3446,ID,id.axis,1
0.3446,ID,id.dither,0
0.3446,ID,id.mode,1
0.3446,ID,id.roll.r,0.087931432
0.3446,ID,id.roll.u_ad,0.16283645
0.3446,ID,id.roll.u_nom,0.043527301
0.3446,ID,id.roll.x,0.039375436
0.3446,ID,id.roll.xm,0.087931432
0.3446,ID,id.sample_counter,14506
0.3446,ID,id.sysid_state,0
0.3446,ID,id.vbat,0
0.3495,ID,id.arm,1
0.3495,ID,id.axis,1
0.3495,ID,id.dither,0
0.3495,ID,id.mode,1
0.3495,ID,id.roll.r,0.10192011
0.3495,ID,id.roll.u_ad,0.16433957
0.3495,ID,id.roll.u_nom,0.10830685
0.3495,ID,id.roll.x,-0.069673635
0.3495,ID,id.roll.xm,0.10192011
0.3495,ID,id.sample_counter,14507
0.3495,ID,id.sysid_state,0
0.3495,ID,id.vbat,0
0.3544,ID,id.arm,1
0.3544,ID,id.axis,1
0.3544,ID,id.dither,0
0.3544,ID,id.mode,1
0.3544,ID,id.roll.r,0.098219872
0.3544,ID,id.roll.u_ad,0.16259119
0.3544,ID,id.roll.u_nom,-0.092578612
0.3544,ID,id.roll.x,0.15191542
0.3544,ID,id.roll.xm,0.098219872
0.3544,ID,id.sample_counter,14508
0.3544,ID,id.sysid_state,0
0.3544,ID,id.vbat,0
0.3594,ID,id.arm,1
0.3594,ID,id.axis,1
0.3594,ID,id.dither,0
0.3594,ID,id.mode,1
0.3594,ID,id.roll.r,0.091889985
0.3594,ID,id.roll.u_ad,0.1642838
0.3594,ID,id.roll.u_nom,0.134792
0.3594,ID,id.roll.x,-0.084880434
0.3594,ID,id.roll.xm,0.091889985
0.3594,ID,id.sample_counter,14509
0.3594,ID,id.sysid_state,0
0.3594,ID,id.vbat,0
0.3649,ID,id.arm,1
0.3649,ID,id.axis,1
0.3649,ID,id.dither,0
0.3649,ID,id.mode,1
0.3649,ID,id.roll.r,0.099154487
0.3649,ID,id.roll.u_ad,0.16273306
0.3649,ID,id.roll.u_nom,-0.079966605
0.3649,ID,id.roll.x,0.10133729
0.3649,ID,id.roll.xm,0.099154487
0.3649,ID,id.sample_counter,14510
0.3649,ID,id.sysid_state,0
0.3649,ID,id.vbat,0
0.3695,ID,id.arm,1
0.3695,ID,id.axis,1
0.3695,ID,id.dither,0
0.3695,ID,id.mode,1
0.3695,ID,id.roll.r,0.090793744
0.3695,ID,id.roll.u_ad,0.16438831
0.3695,ID,id.roll.u_nom,0.13495237
0.3695,ID,id.roll.x,-0.086636037
0.3695,ID,id.roll.xm,0.090793744
0.3695,ID,id.sample_counter,14511
0.3695,ID,id.sysid_state,0
0.3695,ID,id.vbat,0
0.3745,ID,id.arm,1
0.3745,ID,id.axis,1
0.3745,ID,id.dither,0
0.3745,ID,id.mode,1
0.3745,ID,id.roll.r,0.10526007
0.3745,ID,id.roll.u_ad,0.16426906
0.3745,ID,id.roll.u_nom,0.010786198
0.3745,ID,id.roll.x,-0.019490527
0.3745,ID,id.roll.xm,0.10526007
0.3745,ID,id.sample_counter,14512
0.3745,ID,id.sysid_state,0
0.3745,ID,id.vbat,0
0.3796,ID,id.arm,1
0.3796,ID,id.axis,1
0.3796,ID,id.dither,0
0.3796,ID,id.mode,1
0.3796,ID,id.roll.r,0.094659731
0.3796,ID,id.roll.u_ad,0.16420163
0.3796,ID,id.roll.u_nom,0.027942058
0.3796,ID,id.roll.x,-0.018326651
0.3796,ID,id.roll.xm,0.094659731
0.3796,ID,id.sample_counter,14513
0.3796,ID,id.sysid_state,0
0.3796,ID,id.vbat,0
0.3845,ID,id.arm,1
0.3845,ID,id.axis,1
0.3845,ID,id.dither,0
0.3845,ID,id.mode,1
0.3845,ID,id.roll.r,0.0059333839
0.3845,ID,id.roll.u_ad,0.16247801
0.3845,ID,id.roll.u_nom,0.039735038
0.3845,ID,id.roll.x,-0.11526465
0.3845,ID,id.roll.xm,0.0059333839
0.3845,ID,id.sample_counter,14514
0.3845,ID,id.sysid_state,0
0.3845,ID,id.vbat,0
0.3895,ID,id.arm,1
0.3895,ID,id.axis,1
0.3895,ID,id.dither,0
0.3895,ID,id.mode,1
0.3895,ID,id.roll.r,0.074607939
0.3895,ID,id.roll.u_ad,0.16202939
0.3895,ID,id.roll.u_nom,0.01197827
0.3895,ID,id.roll.x,-0.014277645
0.3895,ID,id.roll.xm,0.074607939
0.3895,ID,id.sample_counter,14515
0.3895,ID,id.sysid_state,0
0.3895,ID,id.vbat,0
0.3946,ID,id.arm,1
0.3946,ID,id.axis,1
0.3946,ID,id.dither,0
0.3946,ID,id.mode,1
0.3946,ID,id.roll.r,0.1448479
0.3946,ID,id.roll.u_ad,0.16464299
0.3946,ID,id.roll.u_nom,0.11593338
0.3946,ID,id.roll.x,-0.064016134
0.3946,ID,id.roll.xm,0.1448479
0.3946,ID,id.sample_counter,14516
0.3946,ID,id.sysid_state,0
0.3946,ID,id.vbat,0
0.3996,ID,id.arm,1
0.3996,ID,id.axis,1
0.3996,ID,id.dither,0
0.3996,ID,id.mode,1
0.3996,ID,id.roll.r,0.095502377
0.3996,ID,id.roll.u_ad,0.16304575
0.3996,ID,id.roll.u_nom,-0.074769981
0.3996,ID,id.roll.x,0.076499812
0.3996,ID,id.roll.xm,0.095502377
0.3996,ID,id.sample_counter,14517
0.3996,ID,id.sysid_state,0
0.3996,ID,id.vbat,0
0.4045,ID,id.arm,1
0.4045,ID,id.axis,1
0.4045,ID,id.dither,0
0.4045,ID,id.mode,1
0.4045,ID,id.roll.r,0.095856093
0.4045,ID,id.roll.u_ad,0.16426659
0.4045,ID,id.roll.u_nom,0.10077296
0.4045,ID,id.roll.x,-0.045767821
0.4045,ID,id.roll.xm,0.095856093
0.4045,ID,id.sample_counter,14518
0.4045,ID,id.sysid_state,0
0.4045,ID,id.vbat,0
0.4094,ID,id.arm,1
0.4094,ID,id.axis,1
0.4094,ID,id.dither,0
0.4094,ID,id.mode,1
0.4094,ID,id.roll.r,0.10030224
0.4094,ID,id.roll.u_ad,0.16411948
0.4094,ID,id.roll.u_nom,0.013791334
0.4094,ID,id.roll.x,-0.0046561537
0.4094,ID,id.roll.xm,0.10030224
0.4094,ID,id.sample_counter,14519
0.4094,ID,id.sysid_state,0
0.4094,ID,id.vbat,0
0.4146,ID,id.arm,1
0.4146,ID,id.axis,1
0.4146,ID,id.dither,0
0.4146,ID,id.mode,1
0.4146,ID,id.roll.r,0.098112442
0.4146,ID,id.roll.u_ad,0.16490856
0.4146,ID,id.roll.u_nom,0.07886336
0.4146,ID,id.roll.x,-0.070988566
0.4146,ID,id.roll.xm,0.098112442
0.4146,ID,id.sample_counter,14520
0.4146,ID,id.sysid_state,0
0.4146,ID,id.vbat,0
0.4197,ID,id.arm,1
0.4197,ID,id.axis,1
0.4197,ID,id.dither,0
0.4197,ID,id.mode,1
0.4197,ID,id.roll.r,0.10107534
0.4197,ID,id.roll.u_ad,0.16529253
0.4197,ID,id.roll.u_nom,0.054947481
0.4197,ID,id.roll.x,-0.078229353
0.4197,ID,id.roll.xm,0.10107534
0.4197,ID,id.sample_counter,14521
0.4197,ID,id.sysid_state,0
0.4197,ID,id.vbat,0
0.4251,ID,id.arm,1
0.4251,ID,id.axis,1
0.4251,ID,id.dither,0
0.4251,ID,id.mode,1
0.4251,ID,id.roll.r,0.10202842
0.4251,ID,id.roll.u_ad,0.16518442
0.4251,ID,id.roll.u_nom,0.024082175
0.4251,ID,id.roll.x,-0.042059995
0.4251,ID,id.roll.xm,0.10202842
0.4251,ID,id.sample_counter,14522
0.4251,ID,id.sysid_state,0
0.4251,ID,id.vbat,0
0.4320,ID,id.arm,1
0.4320,ID,id.axis,1
0.4320,ID,id.dither,0
0.4320,ID,id.mode,1
0.4320,ID,id.roll.r,0.10083546
0.4320,ID,id.roll.u_ad,0.16570573
0.4320,ID,id.roll.u_nom,0.067040756
0.4320,ID,id.roll.x,-0.078257434
0.4320,ID,id.roll.xm,0.10083546
0.4320,ID,id.sample_counter,14523
0.4320,ID,id.sysid_state,0
0.4320,ID,id.vbat,0
0.4346,ID,id.arm,1
0.4346,ID,id.axis,1
0.4346,ID,id.dither,0
0.4346,ID,id.mode,1
0.4346,ID,id.roll.r,0.10374775
0.4346,ID,id.roll.u_ad,0.16607577
0.4346,ID,id.roll.u_nom,0.057767332
0.4346,ID,id.roll.x,-0.086057015
0.4346,ID,id.roll.xm,0.10374775
0.4346,ID,id.sample_counter,14524
0.4346,ID,id.sysid_state,0
0.4346,ID,id.vbat,0
0.4397,ID,id.arm,1
0.4397,ID,id.axis,1
0.4397,ID,id.dither,0
0.4397,ID,id.mode,1
0.4397,ID,id.roll.r,0.10369791
0.4397,ID,id.roll.u_ad,0.16558702
0.4397,ID,id.roll.u_nom,0.0032045282
0.4397,ID,id.roll.x,-0.018968632
0.4397,ID,id.roll.xm,0.10369791
0.4397,ID,id.sample_counter,14525
0.4397,ID,id.sysid_state,0
0.4397,ID,id.vbat,0
0.4450,ID,id.arm,1
0.4450,ID,id.axis,1
0.4450,ID,id.dither,0
0.4450,ID,id.mode,1
0.4450,ID,id.roll.r,0.0038901975
0.4450,ID,id.roll.u_ad,0.16339098
0.4450,ID,id.roll.u_nom,0.023063663
0.4450,ID,id.roll.x,-0.10105291
0.4450,ID,id.roll.xm,0.0038901975
0.4450,ID,id.sample_counter,14526
0.4450,ID,id.sysid_state,0
0.4450,ID,id.vbat,0
0.4496,ID,id.arm,1
0.4496,ID,id.axis,1
0.4496,ID,id.dither,0
0.4496,ID,id.mode,1
0.4496,ID,id.roll.r,0.082281686
0.4496,ID,id.roll.u_ad,0.16368204
0.4496,ID,id.roll.u_nom,0.058947474
0.4496,ID,id.roll.x,-0.059696488
0.4496,ID,id.roll.xm,0.082281686
0.4496,ID,id.sample_counter,14527
0.4496,ID,id.sysid_state,0
0.4496,ID,id.vbat,0
0.4546,ID,id.arm,1
0.4546,ID,id.axis,1
0.4546,ID,id.dither,0
0.4546,ID,id.mode,1
0.4546,ID,id.roll.r,0.14936057
0.4546,ID,id.roll.u_ad,0.16524909
0.4546,ID,id.roll.u_nom,0.053520419
0.4546,ID,id.roll.x,-0.0099194879
0.4546,ID,id.roll.xm,0.14936057
0.4546,ID,id.sample_counter,14528
0.4546,ID,id.sysid_state,0
0.4546,ID,id.vbat,0
0.4596,ID,id.arm,1
0.4596,ID,id.axis,1
0.4596,ID,id.dither,0
0.4596,ID,id.mode,1
0.4596,ID,id.roll.r,0.097631708
0.4596,ID,id.roll.u_ad,0.1656505
0.4596,ID,id.roll.u_nom,0.063287914
0.4596,ID,id.roll.x,-0.086479977
0.4596,ID,id.roll.xm,0.097631708
0.4596,ID,id.sample_counter,14529
0.4596,ID,id.sysid_state,0
0.4596,ID,id.vbat,0
0.4650,ID,id.arm,1
0.4650,ID,id.axis,1
0.4650,ID,id.dither,0
0.4650,ID,id.mode,1
0.4650,ID,id.roll.r,0.099801689
0.4650,ID,id.roll.u_ad,0.16473794
0.4650,ID,id.roll.u_nom,-0.02523038
0.4650,ID,id.roll.x,0.019640597
0.4650,ID,id.roll.xm,0.099801689
0.4650,ID,id.sample_counter,14530
0.4650,ID,id.sysid_state,0
0.4650,ID,id.vbat,0
0.4696,ID,id.arm,1
0.4696,ID,id.axis,1
0.4696,ID,id.dither,0
0.4696,ID,id.mode,1
0.4696,ID,id.roll.r,0.095556341
0.4696,ID,id.roll.u_ad,0.16562605
0.4696,ID,id.roll.u_nom,0.093814187
0.4696,ID,id.roll.x,-0.077366553
0.4696,ID,id.roll.xm,0.095556341
0.4696,ID,id.sample_counter,14531
0.4696,ID,id.sysid_state,0
0.4696,ID,id.vbat,0
0.4744,ID,id.arm,1
0.4744,ID,id.axis,1
0.4744,ID,id.dither,0
0.4744,ID,id.mode,1
0.4744,ID,id.roll.r,0.10123388
0.4744,ID,id.roll.u_ad,0.16471122
0.4744,ID,id.roll.u_nom,-0.028038293
0.4744,ID,id.roll.x,0.032354571
0.4744,ID,id.roll.xm,0.10123388
0.4744,ID,id.sample_counter,14532
0.4744,ID,id.sysid_state,0
0.4744,ID,id.vbat,0
0.4796,ID,id.arm,1
0.4796,ID,id.axis,1
0.4796,ID,id.dither,0
0.4796,ID,id.mode,1
0.4796,ID,id.roll.r,0.09428075
0.4796,ID,id.roll.u_ad,0.16481085
0.4796,ID,id.roll.u_nom,0.041653983
0.4796,ID,id.roll.x,-0.00011226907
0.4796,ID,id.roll.xm,0.09428075
0.4796,ID,id.sample_counter,14533
0.4796,ID,id.sysid_state,0
0.4796,ID,id.vbat,0
0.4848,ID,id.arm,1
0.4848,ID,id.axis,1
0.4848,ID,id.dither,0
0.4848,ID,id.mode,1
0.4848,ID,id.roll.r,0.10326
0.4848,ID,id.roll.u_ad,0.16498365
0.4848,ID,id.roll.u_nom,0.034885544
0.4848,ID,id.roll.x,0.001072103
0.4848,ID,id.roll.xm,0.10326
0.4848,ID,id.sample_counter,14534
0.4848,ID,id.sysid_state,0
0.4848,ID,id.vbat,0
0.4894,ID,id.arm,1
0.4894,ID,id.axis,1
0.4894,ID,id.dither,0
0.4894,ID,id.mode,1
0.4894,ID,id.roll.r,0.096600853
0.4894,ID,id.roll.u_ad,0.16466022
0.4894,ID,id.roll.u_nom,0.012207824
0.4894,ID,id.roll.x,0.020088848
0.4894,ID,id.roll.xm,0.096600853
0.4894,ID,id.sample_counter,14535
0.4894,ID,id.sysid_state,0
0.4894,ID,id.vbat,0
0.4945,ID,id.arm,1
0.4945,ID,id.axis,1
0.4945,ID,id.dither,0
0.4945,ID,id.mode,1
0.4945,ID,id.roll.r,0.10308326
0.4945,ID,id.roll.u_ad,0.16494244
0.4945,ID,id.roll.u_nom,0.040953767
0.4945,ID,id.roll.x,0.0045550219
0.4945,ID,id.roll.xm,0.10308326
0.4945,ID,id.sample_counter,14536
0.4945,ID,id.sysid_state,0
0.4945,ID,id.vbat,0
0.4998,ID,id.arm,1
0.4998,ID,id.axis,1
0.4998,ID,id.dither,0
0.4998,ID,id.mode,1
0.4998,ID,id.roll.r,0.096702531
0.4998,ID,id.roll.u_ad,0.16428186
0.4998,ID,id.roll.u_nom,-0.011686038
0.4998,ID,id.roll.x,0.055158392
0.4998,ID,id.roll.xm,0.096702531
0.4998,ID,id.sample_counter,14537
0.4998,ID,id.sysid_state,0
0.4998,ID,id.vbat,0
0.5046,ID,id.arm,1
0.5046,ID,id.axis,1
0.5046,ID,id.dither,0
0.5046,ID,id.mode,1
0.5046,ID,id.roll.r,0.10184833
0.5046,ID,id.roll.u_ad,0.16559103
0.5046,ID,id.roll.u_nom,0.10859778
0.5046,ID,id.roll.x,-0.065455683
0.5046,ID,id.roll.xm,0.10184833
0.5046,ID,id.sample_counter,14538
0.5046,ID,id.sysid_state,0
0.5046,ID,id.vbat,0
0.5095,ID,id.arm,1
0.5095,ID,id.axis,1
0.5095,ID,id.dither,0
0.5095,ID,id.mode,1
0.5095,ID,id.roll.r,0.10183854
0.5095,ID,id.roll.u_ad,0.16429131
0.5095,ID,id.roll.u_nom,-0.056230295
0.5095,ID,id.roll.x,0.075102359
0.5095,ID,id.roll.xm,0.10183854
0.5095,ID,id.sample_counter,14539
0.5095,ID,id.sysid_state,0
0.5095,ID,id.vbat,0
0.5147,ID,id.arm,1
0.5147,ID,id.axis,1
0.5147,ID,id.dither,0
0.5147,ID,id.mode,1
0.5147,ID,id.roll.r,0.10225892
0.5147,ID,id.roll.u_ad,0.16619724
0.5147,ID,id.roll.u_nom,0.14790769
0.5147,ID,id.roll.x,-0.12798987
0.5147,ID,id.roll.xm,0.10225892
0.5147,ID,id.sample_counter,14540
0.5147,ID,id.sysid_state,0
0.5147,ID,id.vbat,0
0.5194,ID,id.arm,1
0.5194,ID,id.axis,1
0.5194,ID,id.dither,0
0.5194,ID,id.mode,1
0.5194,ID,id.roll.r,0.10952047
0.5194,ID,id.roll.u_ad,0.1648683
0.5194,ID,id.roll.u_nom,-0.062816039
0.5194,ID,id.roll.x,0.049786657
0.5194,ID,id.roll.xm,0.10952047
0.5194,ID,id.sample_counter,14541
0.5194,ID,id.sysid_state,0
0.5194,ID,id.vbat,0
0.5245,ID,id.arm,1
0.5245,ID,id.axis,1
0.5245,ID,id.dither,0
0.5245,ID,id.mode,1
0.5245,ID,id.roll.r,0.091912352
0.5245,ID,id.roll.u_ad,0.1648189
0.5245,ID,id.roll.u_nom,0.035923611
0.5245,ID,id.roll.x,0.011435234
0.5245,ID,id.roll.xm,0.091912352
0.5245,ID,id.sample_counter,14542
0.5245,ID,id.sysid_state,0
0.5245,ID,id.vbat,0
0.5298,ID,id.arm,1
0.5298,ID,id.axis,1
0.5298,ID,id.dither,0
0.5298,ID,id.mode,1
0.5298,ID,id.roll.r,0.10008486
0.5298,ID,id.roll.u_ad,0.1649487
0.5298,ID,id.roll.u_nom,0.036102802
0.5298,ID,id.roll.x,0.0055349399
0.5298,ID,id.roll.xm,0.10008486
0.5298,ID,id.sample_counter,14543
0.5298,ID,id.sysid_state,0
0.5298,ID,id.vbat,0
0.5346,ID,id.arm,1
0.5346,ID,id.axis,1
0.5346,ID,id.dither,0
0.5346,ID,id.mode,1
0.5346,ID,id.roll.r,0.097951457
0.5346,ID,id.roll.u_ad,0.16376308
0.5346,ID,id.roll.u_nom,-0.050515071
0.5346,ID,id.roll.x,0.11192822
0.5346,ID,id.roll.xm,0.097951457
0.5346,ID,id.sample_counter,14544
0.5346,ID,id.sysid_state,0
0.5346,ID,id.vbat,0
0.5395,ID,id.arm,1
0.5395,ID,id.axis,1
0.5395,ID,id.dither,0
0.5395,ID,id.mode,1
0.5395,ID,id.roll.r,0.09919998
0.5395,ID,id.roll.u_ad,0.16525114
0.5395,ID,id.roll.u_nom,0.11895511
0.5395,ID,id.roll.x,-0.045181602
0.5395,ID,id.roll.xm,0.09919998
0.5395,ID,id.sample_counter,14545
0.5395,ID,id.sysid_state,0
0.5395,ID,id.vbat,0
0.5444,ID,id.arm,1
0.5444,ID,id.axis,1
0.5444,ID,id.dither,0
0.5444,ID,id.mode,1
0.5444,ID,id.roll.r,0.20411511
0.5444,ID,id.roll.u_ad,0.16649051
0.5444,ID,id.roll.u_nom,-0.034162108
0.5444,ID,id.roll.x,0.16260853
0.5444,ID,id.roll.xm,0.20411511
0.5444,ID,id.sample_counter,14546
0.5444,ID,id.sysid_state,0
0.5444,ID,id.vbat,0
0.5479,A,mrac.pitch.e,0.1463972
0.5479,A,mrac.pitch.u_ad,-0.028021792
0.5479,A,mrac.roll.e,-0.14693192
0.5479,A,mrac.roll.u_ad,0.16433598
0.5479,A,mrac.yaw.e,0.11745733
0.5479,A,mrac.yaw.u_ad,-0.014582132
0.5479,A,mrac.z.e,0.15468168
0.5479,A,mrac.z.u_ad,-0.093455635
0.5479,A,status.arm,1
0.5479,A,status.flymode,1
0.5479,A,status.rc_authority,0
0.5479,A,status.sbus_lost,0
0.5479,A,status.twc_arrived,0
0.5479,A,status.twc_execute,0
0.5480,B,mrac.pitch.theta_0,4.132549e-07
0.5480,B,mrac.pitch.theta_1,0.0037695603
0.5480,B,mrac.pitch.theta_2,0.00027770072
0.5480,B,mrac.pitch.theta_3,0.0012366422
0.5480,B,mrac.pitch.theta_4,0.073575653
0.5480,B,mrac.pitch.theta_5,0.14285959
0.5480,B,mrac.pitch.u_nom,-0.026228076
0.5480,B,mrac.pitch.xm,-0.16262314
0.5480,B,mrac.roll.theta_0,0.14804436
0.5480,B,mrac.roll.theta_1,0.00057235436
0.5480,B,mrac.roll.theta_2,0.0070380601
0.5480,B,mrac.roll.theta_3,0.001227985
0.5480,B,mrac.roll.theta_4,0.097986192
0.5480,B,mrac.roll.theta_5,0.13872628
0.5480,B,mrac.roll.u_nom,0.10521706
0.5480,B,mrac.roll.xm,0.10237975
0.5480,B,mrac.yaw.theta_0,2.4751674e-27
0.5480,B,mrac.yaw.theta_1,0.00253204
0.5480,B,mrac.yaw.theta_2,7.3484814e-05
0.5480,B,mrac.yaw.theta_3,0
0.5480,B,mrac.yaw.theta_4,0.067201026
0.5480,B,mrac.yaw.theta_5,0.087773129
0.5480,B,mrac.yaw.u_nom,-0.040193453
0.5480,B,mrac.yaw.xm,-0.12174182
0.5480,B,mrac.z.theta_0,0.00035542116
0.5480,B,mrac.z.theta_1,0.0050095906
0.5480,B,mrac.z.theta_2,0.00028025839
0.5480,B,mrac.z.theta_3,0
0.5480,B,mrac.z.theta_4,0.19748773
0.5480,B,mrac.z.theta_5,0.19379342
0.5480,B,mrac.z.u_nom,-0.31841227
0.5480,B,mrac.z.xm,-0.15719284
0.5480,B,path.active_path_mode,0
0.5480,B,path.circle_theta,0
0.5480,B,path.sinusoid_t_elapsed,0
0.5480,B,path.twc_arrived,0
0.5480,B,path.twc_target_x,0
0.5480,B,path.twc_target_y,0
0.5480,B,path.twc_target_z,0
0.5480,B,pid.gyrox.Des,5.8659253
0.5480,B,pid.gyrox.FB,-3.3990817
0.5480,B,pid.gyrox.U,123.10397
0.5480,B,pid.gyroy.Des,-9.3176155
0.5480,B,pid.gyroy.FB,-2.2133393
0.5480,B,pid.gyroy.U,-30.686848
0.5480,B,pid.gyroz.Des,-6.9752893
0.5480,B,pid.gyroz.FB,2.1769795
0.5480,B,pid.gyroz.U,-75.242142
0.5480,B,pid.locx.Des,0
0.5480,B,pid.locx.FB,-1.095263
0.5480,B,pid.locx.U,2.5476522
0.5480,B,pid.locxs.Des,2.5476522
0.5480,B,pid.locxs.FB,9.0815659
0.5480,B,pid.locxs.U,-19.920658
0.5480,B,pid.locy.Des,0
0.5480,B,pid.locy.FB,26.621151
0.5480,B,pid.locy.U,-23.390139
0.5480,B,pid.locys.Des,-23.390139
0.5480,B,pid.locys.FB,1.5890749
0.5480,B,pid.locys.U,-75.063477
0.5480,B,pid.pitch.Des,-4.4244676
0.5480,B,pid.pitch.FB,-1.3322791
0.5480,B,pid.pitch.U,-9.3176155
0.5480,B,pid.roll.Des,0.96308702
0.5480,B,pid.roll.FB,-1.0052773
0.5480,B,pid.roll.U,5.8659253
0.5480,B,pid.yaw.Des,1.7745692
0.5480,B,pid.yaw.FB,2.6037841
0.5480,B,pid.yaw.U,-6.9752893
0.5480,B,pid.z_pos.Des,1.499074
0.5480,B,pid.z_pos.FB,1.5093596
0.5480,B,pid.z_pos.U,-0.15719284
0.5480,B,pid.z_rate.Des,-0.15719284
0.5480,B,pid.z_rate.FB,-0.013099051
0.5480,B,pid.z_rate.U,-70.687523
0.5480,B,status.vbat,0
0.5497,ID,id.arm,1
0.5497,ID,id.axis,1
0.5497,ID,id.dither,0
0.5497,ID,id.mode,1
0.5497,ID,id.roll.r,0.12101028
0.5497,ID,id.roll.u_ad,0.16843437
0.5497,ID,id.roll.u_nom,0.14633752
0.5497,ID,id.roll.x,-0.10285381
0.5497,ID,id.roll.xm,0.12101028
0.5497,ID,id.sample_counter,14547
0.5497,ID,id.sysid_state,0
0.5497,ID,id.vbat,0
0.5546,ID,id.arm,1
0.5546,ID,id.axis,1
0.5546,ID,id.dither,0
0.5546,ID,id.mode,1
0.5546,ID,id.roll.r,0.070641145
0.5546,ID,id.roll.u_ad,0.16562739
0.5546,ID,id.roll.u_nom,-0.086523369
0.5546,ID,id.roll.x,0.099607848
0.5546,ID,id.roll.xm,0.070641145
0.5546,ID,id.sample_counter,14548
0.5546,ID,id.sysid_state,0
0.5546,ID,id.vbat,0
0.5596,ID,id.arm,1
0.5596,ID,id.axis,1
0.5596,ID,id.dither,0
0.5596,ID,id.mode,1
0.5596,ID,id.roll.r,0.10066708
0.5596,ID,id.roll.u_ad,0.16589883
0.5596,ID,id.roll.u_nom,0.052224889
0.5596,ID,id.roll.x,0.057103146
0.5596,ID,id.roll.xm,0.10066708
0.5596,ID,id.sample_counter,14549
0.5596,ID,id.sysid_state,0
0.5596,ID,id.vbat,0
0.5649,ID,id.arm,1
0.5649,ID,id.axis,1
0.5649,ID,id.dither,0
0.5649,ID,id.mode,1
0.5649,ID,id.roll.r,0.11453636
0.5649,ID,id.roll.u_ad,0.16578746
0.5649,ID,id.roll.u_nom,0.0089802388
0.5649,ID,id.roll.x,0.081512108
0.5649,ID,id.roll.xm,0.11453636
0.5649,ID,id.sample_counter,14550
0.5649,ID,id.sysid_state,0
0.5649,ID,id.vbat,0
0.5696,ID,id.arm,1
0.5696,ID,id.axis,1
0.5696,ID,id.dither,0
0.5696,ID,id.mode,1
0.5696,ID,id.roll.r,0.099721767
0.5696,ID,id.roll.u_ad,0.16445307
0.5696,ID,id.roll.u_nom,-0.053682093
0.5696,ID,id.roll.x,0.1590298
0.5696,ID,id.roll.xm,0.099721767
0.5696,ID,id.sample_counter,14551
0.5696,ID,id.sysid_state,0
0.5696,ID,id.vbat,0
0.5745,ID,id.arm,1
0.5745,ID,id.axis,1
0.5745,ID,id.dither,0
0.5745,ID,id.mode,1
0.5745,ID,id.roll.r,0.10583848
0.5745,ID,id.roll.u_ad,0.16628169
0.5745,ID,id.roll.u_nom,0.1413306
0.5745,ID,id.roll.x,-0.097568825
0.5745,ID,id.roll.xm,0.10583848
0.5745,ID,id.sample_counter,14552
0.5745,ID,id.sysid_state,0
0.5745,ID,id.vbat,0
0.5796,ID,id.arm,1
0.5796,ID,id.axis,1
0.5796,ID,id.dither,0
0.5796,ID,id.mode,1
0.5796,ID,id.roll.r,0.10909266
0.5796,ID,id.roll.u_ad,0.16427748
0.5796,ID,id.roll.u_nom,-0.10541543
0.5796,ID,id.roll.x,0.21528198
0.5796,ID,id.roll.xm,0.10909266
0.5796,ID,id.sample_counter,14553
0.5796,ID,id.sysid_state,0
0.5796,ID,id.vbat,0
0.5845,ID,id.arm,1
0.5845,ID,id.axis,1
0.5845,ID,id.dither,0
0.5845,ID,id.mode,1
0.5845,ID,id.roll.r,-0.0013297752
0.5845,ID,id.roll.u_ad,0.16348831
0.5845,ID,id.roll.u_nom,0.11702109
0.5845,ID,id.roll.x,-0.10545525
0.5845,ID,id.roll.xm,-0.0013297752
0.5845,ID,id.sample_counter,14554
0.5845,ID,id.sysid_state,0
0.5845,ID,id.vbat,0
0.5895,ID,id.arm,1
0.5895,ID,id.axis,1
0.5895,ID,id.dither,0
0.5895,ID,id.mode,1
0.5895,ID,id.roll.r,0.088630952
0.5895,ID,id.roll.u_ad,0.16274676
0.5895,ID,id.roll.u_nom,-0.015276696
0.5895,ID,id.roll.x,0.048254702
0.5895,ID,id.roll.xm,0.088630952
0.5895,ID,id.sample_counter,14555
0.5895,ID,id.sysid_state,0
0.5895,ID,id.vbat,0
0.5945,ID,id.arm,1
0.5945,ID,id.axis,1
0.5945,ID,id.dither,0
0.5945,ID,id.mode,1
0.5945,ID,id.roll.r,0.13895229
0.5945,ID,id.roll.u_ad,0.16441326
0.5945,ID,id.roll.u_nom,0.069783121
0.5945,ID,id.roll.x,0.025278701
0.5945,ID,id.roll.xm,0.13895229
0.5945,ID,id.sample_counter,14556
0.5945,ID,id.sysid_state,0
0.5945,ID,id.vbat,0
0.5996,ID,id.arm,1
0.5996,ID,id.axis,1
0.5996,ID,id.dither,0
0.5996,ID,id.mode,1
0.5996,ID,id.roll.r,0.10276172
0.5996,ID,id.roll.u_ad,0.16452266
0.5996,ID,id.roll.u_nom,0.032284148
0.5996,ID,id.roll.x,-0.0087272441
0.5996,ID,id.roll.xm,0.10276172
0.5996,ID,id.sample_counter,14557
0.5996,ID,id.sysid_state,0
0.5996,ID,id.vbat,0
0.6044,ID,id.arm,1
0.6044,ID,id.axis,1
0.6044,ID,id.dither,0
0.6044,ID,id.mode,1
0.6044,ID,id.roll.r,0.097522445
0.6044,ID,id.roll.u_ad,0.16344681
0.6044,ID,id.roll.u_nom,-0.040852986
0.6044,ID,id.roll.x,0.087062642
0.6044,ID,id.roll.xm,0.097522445
0.6044,ID,id.sample_counter,14558
0.6044,ID,id.sysid_state,0
0.6044,ID,id.vbat,0
0.6094,ID,id.arm,1
0.6094,ID,id.axis,1
0.6094,ID,id.dither,0
0.6094,ID,id.mode,1
0.6094,ID,id.roll.r,0.10100402
0.6094,ID,id.roll.u_ad,0.16520947
0.6094,ID,id.roll.u_nom,0.13678926
0.6094,ID,id.roll.x,-0.083937593
0.6094,ID,id.roll.xm,0.10100402
0.6094,ID,id.sample_counter,14559
0.6094,ID,id.sysid_state,0
0.6094,ID,id.vbat,0
0.6146,ID,id.arm,1
0.6146,ID,id.axis,1
0.6146,ID,id.dither,0
0.6146,ID,id.mode,1
0.6146,ID,id.roll.r,0.10472842
0.6146,ID,id.roll.u_ad,0.1635188
0.6146,ID,id.roll.u_nom,-0.087224394
0.6146,ID,id.roll.x,0.13658144
0.6146,ID,id.roll.xm,0.10472842
0.6146,ID,id.sample_counter,14560
0.6146,ID,id.sysid_state,0
0.6146,ID,id.vbat,0
0.6195,ID,id.arm,1
0.6195,ID,id.axis,1
0.6195,ID,id.dither,0
0.6195,ID,id.mode,1
0.6195,ID,id.roll.r,0.097655438
0.6195,ID,id.roll.u_ad,0.16539016
0.6195,ID,id.roll.u_nom,0.14880987
0.6195,ID,id.roll.x,-0.1363405
0.6195,ID,id.roll.xm,0.097655438
0.6195,ID,id.sample_counter,14561
0.6195,ID,id.sysid_state,0
0.6195,ID,id.vbat,0
0.6245,ID,id.arm,1
0.6245,ID,id.axis,1
0.6245,ID,id.dither,0
0.6245,ID,id.mode,1
0.6245,ID,id.roll.r,0.10999204
0.6245,ID,id.roll.u_ad,0.16374891
0.6245,ID,id.roll.u_nom,-0.090151556
0.6245,ID,id.roll.x,0.15379979
0.6245,ID,id.roll.xm,0.10999204
0.6245,ID,id.sample_counter,14562
0.6245,ID,id.sysid_state,0
0.6245,ID,id.vbat,0
0.6296,ID,id.arm,1
0.6296,ID,id.axis,1
0.6296,ID,id.dither,0
0.6296,ID,id.mode,1
0.6296,ID,id.roll.r,0.091078766
0.6296,ID,id.roll.u_ad,0.16507925
0.6296,ID,id.roll.u_nom,0.12413536
0.6296,ID,id.roll.x,-0.042144723
0.6296,ID,id.roll.xm,0.091078766
0.6296,ID,id.sample_counter,14563
0.6296,ID,id.sysid_state,0
0.6296,ID,id.vbat,0
0.6345,ID,id.arm,1
0.6345,ID,id.axis,1
0.6345,ID,id.dither,0
0.6345,ID,id.mode,1
0.6345,ID,id.roll.r,0.11011998
0.6345,ID,id.roll.u_ad,0.16486742
0.6345,ID,id.roll.u_nom,0.0055920398
0.6345,ID,id.roll.x,0.021920981
0.6345,ID,id.roll.xm,0.11011998
0.6345,ID,id.sample_counter,14564
0.6345,ID,id.sysid_state,0
0.6345,ID,id.vbat,0
0.6395,ID,id.arm,1
0.6395,ID,id.axis,1
0.6395,ID,id.dither,0
0.6395,ID,id.mode,1
0.6395,ID,id.roll.r,0.094396964
0.6395,ID,id.roll.u_ad,0.1641943
0.6395,ID,id.roll.u_nom,-0.0058659008
0.6395,ID,id.roll.x,0.051812649
0.6395,ID,id.roll.xm,0.094396964
0.6395,ID,id.sample_counter,14565
0.6395,ID,id.sysid_state,0
0.6395,ID,id.vbat,0
0.6445,ID,id.arm,1
0.6445,ID,id.axis,1
0.6445,ID,id.dither,0
0.6445,ID,id.mode,1
0.6445,ID,id.roll.r,0.0026497799
0.6445,ID,id.roll.u_ad,0.16277803
0.6445,ID,id.roll.u_nom,0.066585653
0.6445,ID,id.roll.x,-0.10815721
0.6445,ID,id.roll.xm,0.0026497799
0.6445,ID,id.sample_counter,14566
0.6445,ID,id.sysid_state,0
0.6445,ID,id.vbat,0
0.6496,ID,id.arm,1
0.6496,ID,id.axis,1
0.6496,ID,id.dither,0
0.6496,ID,id.mode,1
0.6496,ID,id.roll.r,0.075460367
0.6496,ID,id.roll.u_ad,0.1610709
0.6496,ID,id.roll.u_nom,-0.071752578
0.6496,ID,id.roll.x,0.10747802
0.6496,ID,id.roll.xm,0.075460367
0.6496,ID,id.sample_counter,14567
0.6496,ID,id.sysid_state,0
0.6496,ID,id.vbat,0
0.6545,ID,id.arm,1
0.6545,ID,id.axis,1
0.6545,ID,id.dither,0
0.6545,ID,id.mode,1
0.6545,ID,id.roll.r,0.14235477
0.6545,ID,id.roll.u_ad,0.16429636
0.6545,ID,id.roll.u_nom,0.15221764
0.6545,ID,id.roll.x,-0.10562283
0.6545,ID,id.roll.xm,0.14235477
0.6545,ID,id.sample_counter,14568
0.6545,ID,id.sysid_state,0
0.6545,ID,id.vbat,0
0.6595,ID,id.arm,1
0.6595,ID,id.axis,1
0.6595,ID,id.dither,0
0.6595,ID,id.mode,1
0.6595,ID,id.roll.r,0.097256318
0.6595,ID,id.roll.u_ad,0.16264717
0.6595,ID,id.roll.u_nom,-0.083679765
0.6595,ID,id.roll.x,0.11453423
0.6595,ID,id.roll.xm,0.097256318
0.6595,ID,id.sample_counter,14569
0.6595,ID,id.sysid_state,0
0.6595,ID,id.vbat,0
0.6649,ID,id.arm,1
0.6649,ID,id.axis,1
0.6649,ID,id.dither,0
0.6649,ID,id.mode,1
0.6649,ID,id.roll.r,0.088686354
0.6649,ID,id.roll.u_ad,0.16426446
0.6649,ID,id.roll.u_nom,0.13483886
0.6649,ID,id.roll.x,-0.088349618
0.6649,ID,id.roll.xm,0.088686354
0.6649,ID,id.sample_counter,14570
0.6649,ID,id.sysid_state,0
0.6649,ID,id.vbat,0
0.6694,ID,id.arm,1
0.6694,ID,id.axis,1
0.6694,ID,id.dither,0
0.6694,ID,id.mode,1
0.6694,ID,id.roll.r,0.10123318
0.6694,ID,id.roll.u_ad,0.16336207
0.6694,ID,id.roll.u_nom,-0.037926272
0.6694,ID,id.roll.x,0.043036975
0.6694,ID,id.roll.xm,0.10123318
0.6694,ID,id.sample_counter,14571
0.6694,ID,id.sysid_state,0
0.6694,ID,id.vbat,0
0.6744,ID,id.arm,1
0.6744,ID,id.axis,1
0.6744,ID,id.dither,0
0.6744,ID,id.mode,1
0.6744,ID,id.roll.r,0.088143356
0.6744,ID,id.roll.u_ad,0.16403475
0.6744,ID,id.roll.u_nom,0.078752719
0.6744,ID,id.roll.x,-0.049668156
0.6744,ID,id.roll.xm,0.088143356
0.6744,ID,id.sample_counter,14572
0.6744,ID,id.sysid_state,0
0.6744,ID,id.vbat,0
0.6796,ID,id.arm,1
0.6796,ID,id.axis,1
0.6796,ID,id.dither,0
0.6796,ID,id.mode,1
0.6796,ID,id.roll.r,0.098996989
0.6796,ID,id.roll.u_ad,0.16349714
0.6796,ID,id.roll.u_nom,-0.012449199
0.6796,ID,id.roll.x,0.032267019
0.6796,ID,id.roll.xm,0.098996989
0.6796,ID,id.sample_counter,14573
0.6796,ID,id.sysid_state,0
0.6796,ID,id.vbat,0
0.6845,ID,id.arm,1
0.6845,ID,id.axis,1
0.6845,ID,id.dither,0
0.6845,ID,id.mode,1
0.6845,ID,id.roll.r,0.090063237
0.6845,ID,id.roll.u_ad,0.16277801
0.6845,ID,id.roll.u_nom,-0.018204561
0.6845,ID,id.roll.x,0.078563735
0.6845,ID,id.roll.xm,0.090063237
0.6845,ID,id.sample_counter,14574
0.6845,ID,id.sysid_state,0
0.6845,ID,id.vbat,0
0.6895,ID,id.arm,1
0.6895,ID,id.axis,1
0.6895,ID,id.dither,0
0.6895,ID,id.mode,1
0.6895,ID,id.roll.r,0.096389495
0.6895,ID,id.roll.u_ad,0.16484591
0.6895,ID,id.roll.u_nom,0.15442392
0.6895,ID,id.roll.x,-0.16061027
0.6895,ID,id.roll.xm,0.096389495
0.6895,ID,id.sample_counter,14575
0.6895,ID,id.sysid_state,0
0.6895,ID,id.vbat,0
0.6943,ID,id.arm,1
0.6943,ID,id.axis,1
0.6943,ID,id.dither,0
0.6943,ID,id.mode,1
0.6943,ID,id.roll.r,0.099389337
0.6943,ID,id.roll.u_ad,0.16332421
0.6943,ID,id.roll.u_nom,-0.072366394
0.6943,ID,id.roll.x,0.070543289
0.6943,ID,id.roll.xm,0.099389337
0.6943,ID,id.sample_counter,14576
0.6943,ID,id.sysid_state,0
0.6943,ID,id.vbat,0
0.6995,ID,id.arm,1
0.6995,ID,id.axis,1
0.6995,ID,id.dither,0
0.6995,ID,id.mode,1
0.6995,ID,id.roll.r,0.094530404
0.6995,ID,id.roll.u_ad,0.16543083
0.6995,ID,id.roll.u_nom,0.16407749
0.6995,ID,id.roll.x,-0.20183757
0.6995,ID,id.roll.xm,0.094530404
0.6995,ID,id.sample_counter,14577
0.6995,ID,id.sysid_state,0
0.6995,ID,id.vbat,0
0.7044,ID,id.arm,1
0.7044,ID,id.axis,1
0.7044,ID,id.dither,0
0.7044,ID,id.mode,1
0.7044,ID,id.roll.r,0.01253111
0.7044,ID,id.roll.u_ad,0.16187827
0.7044,ID,id.roll.u_nom,-0.081284277
0.7044,ID,id.roll.x,0.020091221
0.7044,ID,id.roll.xm,0.01253111
0.7044,ID,id.sample_counter,14578
0.7044,ID,id.sysid_state,0
0.7044,ID,id.vbat,0
0.7095,ID,id.arm,1
0.7095,ID,id.axis,1
0.7095,ID,id.dither,0
0.7095,ID,id.mode,1
0.7095,ID,id.roll.r,0.067719623
0.7095,ID,id.roll.u_ad,0.16270186
0.7095,ID,id.roll.u_nom,0.10175444
0.7095,ID,id.roll.x,-0.057546046
0.7095,ID,id.roll.xm,0.067719623
0.7095,ID,id.sample_counter,14579
0.7095,ID,id.sysid_state,0
0.7095,ID,id.vbat,0
0.7148,ID,id.arm,1
0.7148,ID,id.axis,1
0.7148,ID,id.dither,0
0.7148,ID,id.mode,1
0.7148,ID,id.roll.r,0.14606503
0.7148,ID,id.roll.u_ad,0.16441359
0.7148,ID,id.roll.u_nom,0.059567295
0.7148,ID,id.roll.x,-0.010319366
0.7148,ID,id.roll.xm,0.14606503
0.7148,ID,id.sample_counter,14580
0.7148,ID,id.sysid_state,0
0.7148,ID,id.vbat,0
0.7196,ID,id.arm,1
0.7196,ID,id.axis,1
0.7196,ID,id.dither,0
0.7196,ID,id.mode,1
0.7196,ID,id.roll.r,0.086791329
0.7196,ID,id.roll.u_ad,0.16349778
0.7196,ID,id.roll.u_nom,-0.01787331
0.7196,ID,id.roll.x,0.015085451
0.7196,ID,id.roll.xm,0.086791329
0.7196,ID,id.sample_counter,14581
0.7196,ID,id.sysid_state,0
0.7196,ID,id.vbat,0
0.7245,ID,id.arm,1
0.7245,ID,id.axis,1
0.7245,ID,id.dither,0
0.7245,ID,id.mode,1
0.7245,ID,id.roll.r,0.096726045
0.7245,ID,id.roll.u_ad,0.1648173
0.7245,ID,id.roll.u_nom,0.1103342
0.7245,ID,id.roll.x,-0.093063734
0.7245,ID,id.roll.xm,0.096726045
0.7245,ID,id.sample_counter,14582
0.7245,ID,id.sysid_state,0
0.7245,ID,id.vbat,0
0.7298,ID,id.arm,1
0.7298,ID,id.axis,1
0.7298,ID,id.dither,0
0.7298,ID,id.mode,1
0.7298,ID,id.roll.r,0.09279754
0.7298,ID,id.roll.u_ad,0.16303763
0.7298,ID,id.roll.u_nom,-0.082457289
0.7298,ID,id.roll.x,0.10512367
0.7298,ID,id.roll.xm,0.09279754
0.7298,ID,id.sample_counter,14583
0.7298,ID,id.sysid_state,0
0.7298,ID,id.vbat,0
0.7346,ID,id.arm,1
0.7346,ID,id.axis,1
0.7346,ID,id.dither,0
0.7346,ID,id.mode,1
0.7346,ID,id.roll.r,0.092195287
0.7346,ID,id.roll.u_ad,0.16471656
0.7346,ID,id.roll.u_nom,0.13623911
0.7346,ID,id.roll.x,-0.090518475
0.7346,ID,id.roll.xm,0.092195287
0.7346,ID,id.sample_counter,14584
0.7346,ID,id.sysid_state,0
0.7346,ID,id.vbat,0
0.7395,ID,id.arm,1
0.7395,ID,id.axis,1
0.7395,ID,id.dither,0
0.7395,ID,id.mode,1
0.7395,ID,id.roll.r,0.097205453
0.7395,ID,id.roll.u_ad,0.16308305
0.7395,ID,id.roll.u_nom,-0.079831533
0.7395,ID,id.roll.x,0.098804601
0.7395,ID,id.roll.xm,0.097205453
0.7395,ID,id.sample_counter,14585
0.7395,ID,id.sysid_state,0
0.7395,ID,id.vbat,0
0.7445,ID,id.arm,1
0.7445,ID,id.axis,1
0.7445,ID,id.dither,0
0.7445,ID,id.mode,1
0.7445,ID,id.roll.r,0.089670651
0.7445,ID,id.roll.u_ad,0.16451177
0.7445,ID,id.roll.u_nom,0.12323666
0.7445,ID,id.roll.x,-0.068823233
0.7445,ID,id.roll.xm,0.089670651
0.7445,ID,id.sample_counter,14586
0.7445,ID,id.sysid_state,0
0.7445,ID,id.vbat,0
0.7496,ID,id.arm,1
0.7496,ID,id.axis,1
0.7496,ID,id.dither,0
0.7496,ID,id.mode,1
0.7496,ID,id.roll.r,0.097865857
0.7496,ID,id.roll.u_ad,0.16331464
0.7496,ID,id.roll.u_nom,-0.052885033
0.7496,ID,id.roll.x,0.072424799
0.7496,ID,id.roll.xm,0.097865857
0.7496,ID,id.sample_counter,14587
0.7496,ID,id.sysid_state,0
0.7496,ID,id.vbat,0
0.7544,ID,id.arm,1
0.7544,ID,id.axis,1
0.7544,ID,id.dither,0
0.7544,ID,id.mode,1
0.7544,ID,id.roll.r,0.085178643
0.7544,ID,id.roll.u_ad,0.16383563
0.7544,ID,id.roll.u_nom,0.070235334
0.7544,ID,id.roll.x,-0.019171353
0.7544,ID,id.roll.xm,0.085178643
0.7544,ID,id.sample_counter,14588
0.7544,ID,id.sysid_state,0
0.7544,ID,id.vbat,0
0.7594,ID,id.arm,1
0.7594,ID,id.axis,1
0.7594,ID,id.dither,0
0.7594,ID,id.mode,1
0.7594,ID,id.roll.r,0.095980622
0.7594,ID,id.roll.u_ad,0.16446383
0.7594,ID,id.roll.u_nom,0.067390494
0.7594,ID,id.roll.x,-0.057102498
0.7594,ID,id.roll.xm,0.095980622
0.7594,ID,id.sample_counter,14589
0.7594,ID,id.sysid_state,0
0.7594,ID,id.vbat,0
0.7649,A,mrac.pitch.e,0.1463972
0.7649,A,mrac.pitch.u_ad,-0.028021792
0.7649,A,mrac.roll.e,-0.14693192
0.7649,A,mrac.roll.u_ad,0.16433598
0.7649,A,mrac.yaw.e,0.11745733
0.7649,A,mrac.yaw.u_ad,-0.014582132
0.7649,A,mrac.z.e,0.15468168
0.7649,A,mrac.z.u_ad,-0.093455635
0.7649,A,status.arm,1
0.7649,A,status.flymode,1
0.7649,A,status.rc_authority,0
0.7649,A,status.sbus_lost,0
0.7649,A,status.twc_arrived,0
0.7649,A,status.twc_execute,0
0.7649,B,mrac.pitch.theta_0,4.132549e-07
0.7649,B,mrac.pitch.theta_1,0.0037695603
0.7649,B,mrac.pitch.theta_2,0.00027770072
0.7649,B,mrac.pitch.theta_3,0.0012366422
0.7649,B,mrac.pitch.theta_4,0.073575653
0.7649,B,mrac.pitch.theta_5,0.14285959
0.7649,B,mrac.pitch.u_nom,-0.026228076
0.7649,B,mrac.pitch.xm,-0.16262314
0.7649,B,mrac.roll.theta_0,0.14804436
0.7649,B,mrac.roll.theta_1,0.00057235436
0.7649,B,mrac.roll.theta_2,0.0070380601
0.7649,B,mrac.roll.theta_3,0.001227985
0.7649,B,mrac.roll.theta_4,0.097986192
0.7649,B,mrac.roll.theta_5,0.13872628
0.7649,B,mrac.roll.u_nom,0.10521706
0.7649,B,mrac.roll.xm,0.10237975
0.7649,B,mrac.yaw.theta_0,2.4751674e-27
0.7649,B,mrac.yaw.theta_1,0.00253204
0.7649,B,mrac.yaw.theta_2,7.3484814e-05
0.7649,B,mrac.yaw.theta_3,0
0.7649,B,mrac.yaw.theta_4,0.067201026
0.7649,B,mrac.yaw.theta_5,0.087773129
0.7649,B,mrac.yaw.u_nom,-0.040193453
0.7649,B,mrac.yaw.xm,-0.12174182
0.7649,B,mrac.z.theta_0,0.00035542116
0.7649,B,mrac.z.theta_1,0.0050095906
0.7649,B,mrac.z.theta_2,0.00028025839
0.7649,B,mrac.z.theta_3,0
0.7649,B,mrac.z.theta_4,0.19748773
0.7649,B,mrac.z.theta_5,0.19379342
0.7649,B,mrac.z.u_nom,-0.31841227
0.7649,B,mrac.z.xm,-0.15719284
0.7649,B,path.active_path_mode,0
0.7649,B,path.circle_theta,0
0.7649,B,path.sinusoid_t_elapsed,0
0.7649,B,path.twc_arrived,0
0.7649,B,path.twc_target_x,0
0.7649,B,path.twc_target_y,0
0.7649,B,path.twc_target_z,0
0.7649,B,pid.gyrox.Des,5.8659253
0.7649,B,pid.gyrox.FB,-3.3990817
0.7649,B,pid.gyrox.U,123.10397
0.7649,B,pid.gyroy.Des,-9.3176155
0.7649,B,pid.gyroy.FB,-2.2133393
0.7649,B,pid.gyroy.U,-30.686848
0.7649,B,pid.gyroz.Des,-6.9752893
0.7649,B,pid.gyroz.FB,2.1769795
0.7649,B,pid.gyroz.U,-75.242142
0.7649,B,pid.locx.Des,0
0.7649,B,pid.locx.FB,-1.095263
0.7649,B,pid.locx.U,2.5476522
0.7649,B,pid.locxs.Des,2.5476522
0.7649,B,pid.locxs.FB,9.0815659
0.7649,B,pid.locxs.U,-19.920658
0.7649,B,pid.locy.Des,0
0.7649,B,pid.locy.FB,26.621151
0.7649,B,pid.locy.U,-23.390139
0.7649,B,pid.locys.Des,-23.390139
0.7649,B,pid.locys.FB,1.5890749
0.7649,B,pid.locys.U,-75.063477
0.7649,B,pid.pitch.Des,-4.4244676
0.7649,B,pid.pitch.FB,-1.3322791
0.7649,B,pid.pitch.U,-9.3176155
0.7649,B,pid.roll.Des,0.96308702
0.7649,B,pid.roll.FB,-1.0052773
0.7649,B,pid.roll.U,5.8659253
0.7649,B,pid.yaw.Des,1.7745692
0.7649,B,pid.yaw.FB,2.6037841
0.7649,B,pid.yaw.U,-6.9752893
0.7649,B,pid.z_pos.Des,1.499074
0.7649,B,pid.z_pos.FB,1.5093596
0.7649,B,pid.z_pos.U,-0.15719284
0.7649,B,pid.z_rate.Des,-0.15719284
0.7649,B,pid.z_rate.FB,-0.013099051
0.7649,B,pid.z_rate.U,-70.687523
0.7649,B,status.vbat,0
0.7652,ID,id.arm,1
0.7652,ID,id.axis,1
0.7652,ID,id.dither,0
0.7652,ID,id.mode,1
0.7652,ID,id.roll.r,0.092370912
0.7652,ID,id.roll.u_ad,0.16319865
0.7652,ID,id.roll.u_nom,-0.050440047
0.7652,ID,id.roll.x,0.067225285
0.7652,ID,id.roll.xm,0.092370912
0.7652,ID,id.sample_counter,14590
0.7652,ID,id.sysid_state,0
0.7652,ID,id.vbat,0
0.7694,ID,id.arm,1
0.7694,ID,id.axis,1
0.7694,ID,id.dither,0
0.7694,ID,id.mode,1
0.7694,ID,id.roll.r,0.093260966
0.7694,ID,id.roll.u_ad,0.16496491
0.7694,ID,id.roll.u_nom,0.14145964
0.7694,ID,id.roll.x,-0.11067587
0.7694,ID,id.roll.xm,0.093260966
0.7694,ID,id.sample_counter,14591
0.7694,ID,id.sysid_state,0
0.7694,ID,id.vbat,0
0.7745,ID,id.arm,1
0.7745,ID,id.axis,1
0.7745,ID,id.dither,0
0.7745,ID,id.mode,1
0.7745,ID,id.roll.r,0.097422183
0.7745,ID,id.roll.u_ad,0.1632186
0.7745,ID,id.roll.u_nom,-0.086578935
0.7745,ID,id.roll.x,0.12662099
0.7745,ID,id.roll.xm,0.097422183
0.7745,ID,id.sample_counter,14592
0.7745,ID,id.sysid_state,0
0.7745,ID,id.vbat,0
0.7795,ID,id.arm,1
0.7795,ID,id.axis,1
0.7795,ID,id.dither,0
0.7795,ID,id.mode,1
0.7795,ID,id.roll.r,0.08673349
0.7795,ID,id.roll.u_ad,0.16417898
0.7795,ID,id.roll.u_nom,0.096437067
0.7795,ID,id.roll.x,-0.016862564
0.7795,ID,id.roll.xm,0.08673349
0.7795,ID,id.sample_counter,14593
0.7795,ID,id.sysid_state,0
0.7795,ID,id.vbat,0
0.7845,ID,id.arm,1
0.7845,ID,id.axis,1
0.7845,ID,id.dither,0
0.7845,ID,id.mode,1
0.7845,ID,id.roll.r,0.093777031
0.7845,ID,id.roll.u_ad,0.16350126
0.7845,ID,id.roll.u_nom,-0.015463277
0.7845,ID,id.roll.x,0.053987436
0.7845,ID,id.roll.xm,0.093777031
0.7845,ID,id.sample_counter,14594
0.7845,ID,id.sysid_state,0
0.7845,ID,id.vbat,0
0.7894,ID,id.arm,1
0.7894,ID,id.axis,1
0.7894,ID,id.dither,0
0.7894,ID,id.mode,1
0.7894,ID,id.roll.r,0.086531617
0.7894,ID,id.roll.u_ad,0.16381553
0.7894,ID,id.roll.u_nom,0.055639323
0.7894,ID,id.roll.x,-0.0075163934
0.7894,ID,id.roll.xm,0.086531617
0.7894,ID,id.sample_counter,14595
0.7894,ID,id.sysid_state,0
0.7894,ID,id.vbat,0
0.7945,ID,id.arm,1
0.7945,ID,id.axis,1
0.7945,ID,id.dither,0
0.7945,ID,id.mode,1
0.7945,ID,id.roll.r,0.097894199
0.7945,ID,id.roll.u_ad,0.16438492
0.7945,ID,id.roll.u_nom,0.060091849
0.7945,ID,id.roll.x,-0.038387574
0.7945,ID,id.roll.xm,0.097894199
0.7945,ID,id.sample_counter,14596
0.7945,ID,id.sysid_state,0
0.7945,ID,id.vbat,0
0.7995,ID,id.arm,1
0.7995,ID,id.axis,1
0.7995,ID,id.dither,0
0.7995,ID,id.mode,1
0.7995,ID,id.roll.r,0.093432583
0.7995,ID,id.roll.u_ad,0.16419356
0.7995,ID,id.roll.u_nom,0.020433433
0.7995,ID,id.roll.x,-0.017015737
0.7995,ID,id.roll.xm,0.093432583
0.7995,ID,id.sample_counter,14597
0.7995,ID,id.sysid_state,0
0.7995,ID,id.vbat,0
0.8044,ID,id.arm,1
0.8044,ID,id.axis,1
0.8044,ID,id.dither,0
0.8044,ID,id.mode,1
0.8044,ID,id.roll.r,0.097302742
0.8044,ID,id.roll.u_ad,0.16456516
0.8044,ID,id.roll.u_nom,0.051149167
0.8044,ID,id.roll.x,-0.037738368
0.8044,ID,id.roll.xm,0.097302742
0.8044,ID,id.sample_counter,14598
0.8044,ID,id.sysid_state,0
0.8044,ID,id.vbat,0
0.8093,ID,id.arm,1
0.8093,ID,id.axis,1
0.8093,ID,id.dither,0
0.8093,ID,id.mode,1
0.8093,ID,id.roll.r,0.092736535
0.8093,ID,id.roll.u_ad,0.16351078
0.8093,ID,id.roll.u_nom,-0.036031544
0.8093,ID,id.roll.x,0.060006145
0.8093,ID,id.roll.xm,0.092736535
0.8093,ID,id.sample_counter,14599
0.8093,ID,id.sysid_state,0
0.8093,ID,id.vbat,0
0.8147,ID,id.arm,1
0.8147,ID,id.axis,1
0.8147,ID,id.dither,0
0.8147,ID,id.mode,1
0.8147,ID,id.roll.r,0.091181949
0.8147,ID,id.roll.u_ad,0.16409901
0.8147,ID,id.roll.u_nom,0.067387506
0.8147,ID,id.roll.x,-0.014131579
0.8147,ID,id.roll.xm,0.091181949
0.8147,ID,id.sample_counter,14600
0.8147,ID,id.sysid_state,0
0.8147,ID,id.vbat,0
0.8194,ID,id.arm,1
0.8194,ID,id.axis,1
0.8194,ID,id.dither,0
0.8194,ID,id.mode,1
0.8194,ID,id.roll.r,0.090428568
0.8194,ID,id.roll.u_ad,0.16262817
0.8194,ID,id.roll.u_nom,-0.06707985
0.8194,ID,id.roll.x,0.11976486
0.8194,ID,id.roll.xm,0.090428568
0.8194,ID,id.sample_counter,14601
0.8194,ID,id.sysid_state,0
0.8194,ID,id.vbat,0
0.8244,ID,id.arm,1
0.8244,ID,id.axis,1
0.8244,ID,id.dither,0
0.8244,ID,id.mode,1
0.8244,ID,id.roll.r,0.08306025
0.8244,ID,id.roll.u_ad,0.16312493
0.8244,ID,id.roll.u_nom,0.063428722
0.8244,ID,id.roll.x,0.024494281
0.8244,ID,id.roll.xm,0.08306025
0.8244,ID,id.sample_counter,14602
0.8244,ID,id.sysid_state,0
0.8244,ID,id.vbat,0
0.8297,ID,id.arm,1
0.8297,ID,id.axis,1
0.8297,ID,id.dither,0
0.8297,ID,id.mode,1
0.8297,ID,id.roll.r,0.090463407
0.8297,ID,id.roll.u_ad,0.16342095
0.8297,ID,id.roll.u_nom,0.044583209
0.8297,ID,id.roll.x,-0.0010485965
0.8297,ID,id.roll.xm,0.090463407
0.8297,ID,id.sample_counter,14603
0.8297,ID,id.sysid_state,0
0.8297,ID,id.vbat,0
0.8346,ID,id.arm,1
0.8346,ID,id.axis,1
0.8346,ID,id.dither,0
0.8346,ID,id.mode,1
0.8346,ID,id.roll.r,0.088497594
0.8346,ID,id.roll.u_ad,0.16262791
0.8346,ID,id.roll.u_nom,-0.024276014
0.8346,ID,id.roll.x,0.068776727
0.8346,ID,id.roll.xm,0.088497594
0.8346,ID,id.sample_counter,14604
0.8346,ID,id.sysid_state,0
0.8346,ID,id.vbat,0
0.8395,ID,id.arm,1
0.8395,ID,id.axis,1
0.8395,ID,id.dither,0
0.8395,ID,id.mode,1
0.8395,ID,id.roll.r,0.086679071
0.8395,ID,id.roll.u_ad,0.16296251
0.8395,ID,id.roll.u_nom,0.047336675
0.8395,ID,id.roll.x,0.017328499
0.8395,ID,id.roll.xm,0.086679071
0.8395,ID,id.sample_counter,14605
0.8395,ID,id.sysid_state,0
0.8395,ID,id.vbat,0
0.8445,ID,id.arm,1
0.8445,ID,id.axis,1
0.8445,ID,id.dither,0
0.8445,ID,id.mode,1
0.8445,ID,id.roll.r,-0.011934349
0.8445,ID,id.roll.u_ad,0.15887882
0.8445,ID,id.roll.u_nom,-0.10670201
0.8445,ID,id.roll.x,0.099494793
0.8445,ID,id.roll.xm,-0.011934349
0.8445,ID,id.sample_counter,14606
0.8445,ID,id.sysid_state,0
0.8445,ID,id.vbat,0
0.8495,ID,id.arm,1
0.8495,ID,id.axis,1
0.8495,ID,id.dither,0
0.8495,ID,id.mode,1
0.8495,ID,id.roll.r,0.055900406
0.8495,ID,id.roll.u_ad,0.15947281
0.8495,ID,id.roll.u_nom,0.074345864
0.8495,ID,id.roll.x,0.037226468
0.8495,ID,id.roll.xm,0.055900406
0.8495,ID,id.sample_counter,14607
0.8495,ID,id.sysid_state,0
0.8495,ID,id.vbat,0
0.8545,ID,id.arm,1
0.8545,ID,id.axis,1
0.8545,ID,id.dither,0
0.8545,ID,id.mode,1
0.8545,ID,id.roll.r,0.12507585
0.8545,ID,id.roll.u_ad,0.16105998
0.8545,ID,id.roll.u_nom,0.049822271
0.8545,ID,id.roll.x,0.053051885
0.8545,ID,id.roll.xm,0.12507585
0.8545,ID,id.sample_counter,14608
0.8545,ID,id.sysid_state,0
0.8545,ID,id.vbat,0
0.8594,ID,id.arm,1
0.8594,ID,id.axis,1
0.8594,ID,id.dither,0
0.8594,ID,id.mode,1
0.8594,ID,id.roll.r,0.073808439
0.8594,ID,id.roll.u_ad,0.16077812
0.8594,ID,id.roll.u_nom,0.011938068
0.8594,ID,id.roll.x,0.017791744
0.8594,ID,id.roll.xm,0.073808439
0.8594,ID,id.sample_counter,14609
0.8594,ID,id.sysid_state,0
0.8594,ID,id.vbat,0
0.8649,ID,id.arm,1
0.8649,ID,id.axis,1
0.8649,ID,id.dither,0
0.8649,ID,id.mode,1
0.8649,ID,id.roll.r,0.080946349
0.8649,ID,id.roll.u_ad,0.1615393
0.8649,ID,id.roll.u_nom,0.069867998
0.8649,ID,id.roll.x,-0.043262176
0.8649,ID,id.roll.xm,0.080946349
0.8649,ID,id.sample_counter,14610
0.8649,ID,id.sysid_state,0
0.8649,ID,id.vbat,0
0.8696,ID,id.arm,1
0.8696,ID,id.axis,1
0.8696,ID,id.dither,0
0.8696,ID,id.mode,1
0.8696,ID,id.roll.r,0.080490813
0.8696,ID,id.roll.u_ad,0.16080229
0.8696,ID,id.roll.u_nom,-0.023918053
0.8696,ID,id.roll.x,0.038497403
0.8696,ID,id.roll.xm,0.080490813
0.8696,ID,id.sample_counter,14611
0.8696,ID,id.sysid_state,0
0.8696,ID,id.vbat,0
0.8745,ID,id.arm,1
0.8745,ID,id.axis,1
0.8745,ID,id.dither,0
0.8745,ID,id.mode,1
0.8745,ID,id.roll.r,0.077371471
0.8745,ID,id.roll.u_ad,0.16025679
0.8745,ID,id.roll.u_nom,-0.01454681
0.8745,ID,id.roll.x,0.077430487
0.8745,ID,id.roll.xm,0.077371471
0.8745,ID,id.sample_counter,14612
0.8745,ID,id.sysid_state,0
0.8745,ID,id.vbat,0
0.8814,ID,id.arm,1
0.8814,ID,id.axis,1
0.8814,ID,id.dither,0
0.8814,ID,id.mode,1
0.8814,ID,id.roll.r,0.074346028
0.8814,ID,id.roll.u_ad,0.16060795
0.8814,ID,id.roll.u_nom,0.045763656
0.8814,ID,id.roll.x,0.02033589
0.8814,ID,id.roll.xm,0.074346028
0.8814,ID,id.sample_counter,14613
0.8814,ID,id.sysid_state,0
0.8814,ID,id.vbat,0
0.8847,ID,id.arm,1
0.8847,ID,id.axis,1
0.8847,ID,id.dither,0
0.8847,ID,id.mode,1
0.8847,ID,id.roll.r,0.082945473
0.8847,ID,id.roll.u_ad,0.16191129
0.8847,ID,id.roll.u_nom,0.10173172
0.8847,ID,id.roll.x,-0.083303295
0.8847,ID,id.roll.xm,0.082945473
0.8847,ID,id.sample_counter,14614
0.8847,ID,id.sysid_state,0
0.8847,ID,id.vbat,0
0.8899,ID,id.arm,1
0.8899,ID,id.axis,1
0.8899,ID,id.dither,0
0.8899,ID,id.mode,1
0.8899,ID,id.roll.r,0.087099433
0.8899,ID,id.roll.u_ad,0.16187036
0.8899,ID,id.roll.u_nom,0.017804375
0.8899,ID,id.roll.x,-0.039719988
0.8899,ID,id.roll.xm,0.087099433
0.8899,ID,id.sample_counter,14615
0.8899,ID,id.sysid_state,0
0.8899,ID,id.vbat,0
0.8947,ID,id.arm,1
0.8947,ID,id.axis,1
0.8947,ID,id.dither,0
0.8947,ID,id.mode,1
0.8947,ID,id.roll.r,0.086476408
0.8947,ID,id.roll.u_ad,0.16191235
0.8947,ID,id.roll.u_nom,0.023767333
0.8947,ID,id.roll.x,-0.022174494
0.8947,ID,id.roll.xm,0.086476408
0.8947,ID,id.sample_counter,14616
0.8947,ID,id.sysid_state,0
0.8947,ID,id.vbat,0
0.8997,ID,id.arm,1
0.8997,ID,id.axis,1
0.8997,ID,id.dither,0
0.8997,ID,id.mode,1
0.8997,ID,id.roll.r,0.084304027
0.8997,ID,id.roll.u_ad,0.16227315
0.8997,ID,id.roll.u_nom,0.048756208
0.8997,ID,id.roll.x,-0.046253309
0.8997,ID,id.roll.xm,0.084304027
0.8997,ID,id.sample_counter,14617
0.8997,ID,id.sysid_state,0
0.8997,ID,id.vbat,0
0.9044,ID,id.arm,1
0.9044,ID,id.axis,1
0.9044,ID,id.dither,0
0.9044,ID,id.mode,1
0.9044,ID,id.roll.r,0.087842263
0.9044,ID,id.roll.u_ad,0.16288325
0.9044,ID,id.roll.u_nom,0.064108633
0.9044,ID,id.roll.x,-0.078219518
0.9044,ID,id.roll.xm,0.087842263
0.9044,ID,id.sample_counter,14618
0.9044,ID,id.sysid_state,0
0.9044,ID,id.vbat,0
0.9094,ID,id.arm,1
0.9094,ID,id.axis,1
0.9094,ID,id.dither,0
0.9094,ID,id.mode,1
0.9094,ID,id.roll.r,0.087082908
0.9094,ID,id.roll.u_ad,0.16314401
0.9094,ID,id.roll.u_nom,0.047399718
0.9094,ID,id.roll.x,-0.079901688
0.9094,ID,id.roll.xm,0.087082908
0.9094,ID,id.sample_counter,14619
0.9094,ID,id.sysid_state,0
0.9094,ID,id.vbat,0
0.9148,ID,id.arm,1
0.9148,ID,id.axis,1
0.9148,ID,id.dither,0
0.9148,ID,id.mode,1
0.9148,ID,id.roll.r,-0.011197112
0.9148,ID,id.roll.u_ad,0.16005011
0.9148,ID,id.roll.u_nom,-0.038810425
0.9148,ID,id.roll.x,-0.061434101
0.9148,ID,id.roll.xm,-0.011197112
0.9148,ID,id.sample_counter,14620
0.9148,ID,id.sysid_state,0
0.9148,ID,id.vbat,0
0.9198,ID,id.arm,1
0.9198,ID,id.axis,1
0.9198,ID,id.dither,0
0.9198,ID,id.mode,1
0.9198,ID,id.roll.r,0.062071104
0.9198,ID,id.roll.u_ad,0.16009054
0.9198,ID,id.roll.u_nom,0.038938344
0.9198,ID,id.roll.x,-0.016178014
0.9198,ID,id.roll.xm,0.062071104
0.9198,ID,id.sample_counter,14621
0.9198,ID,id.sysid_state,0
0.9198,ID,id.vbat,0
0.9245,ID,id.arm,1
0.9245,ID,id.axis,1
0.9245,ID,id.dither,0
0.9245,ID,id.mode,1
0.9245,ID,id.roll.r,0.12762566
0.9245,ID,id.roll.u_ad,0.16332398
0.9245,ID,id.roll.u_nom,0.16211742
0.9245,ID,id.roll.x,-0.16065395
0.9245,ID,id.roll.xm,0.12762566
0.9245,ID,id.sample_counter,14622
0.9245,ID,id.sysid_state,0
0.9245,ID,id.vbat,0
0.9299,ID,id.arm,1
0.9299,ID,id.axis,1
0.9299,ID,id.dither,0
0.9299,ID,id.mode,1
0.9299,ID,id.roll.r,0.087107062
0.9299,ID,id.roll.u_ad,0.1623887
0.9299,ID,id.roll.u_nom,-0.029751223
0.9299,ID,id.roll.x,-0.056326102
0.9299,ID,id.roll.xm,0.087107062
0.9299,ID,id.sample_counter,14623
0.9299,ID,id.sysid_state,0
0.9299,ID,id.vbat,0
0.9345,ID,id.arm,1
0.9345,ID,id.axis,1
0.9345,ID,id.dither,0
0.9345,ID,id.mode,1
0.9345,ID,id.roll.r,0.08455655
0.9345,ID,id.roll.u_ad,0.16236399
0.9345,ID,id.roll.u_nom,0.025942592
0.9345,ID,id.roll.x,-0.038131483
0.9345,ID,id.roll.xm,0.08455655
0.9345,ID,id.sample_counter,14624
0.9345,ID,id.sysid_state,0
0.9345,ID,id.vbat,0
0.9396,ID,id.arm,1
0.9396,ID,id.axis,1
0.9396,ID,id.dither,0
0.9396,ID,id.mode,1
0.9396,ID,id.roll.r,0.086755723
0.9396,ID,id.roll.u_ad,0.16333646
0.9396,ID,id.roll.u_nom,0.089717299
0.9396,ID,id.roll.x,-0.10892238
0.9396,ID,id.roll.xm,0.086755723
0.9396,ID,id.sample_counter,14625
0.9396,ID,id.sysid_state,0
0.9396,ID,id.vbat,0
0.9445,ID,id.arm,1
0.9445,ID,id.axis,1
0.9445,ID,id.dither,0
0.9445,ID,id.mode,1
0.9445,ID,id.roll.r,0.090443909
0.9445,ID,id.roll.u_ad,0.16240598
0.9445,ID,id.roll.u_nom,-0.034733579
0.9445,ID,id.roll.x,0.015527865
0.9445,ID,id.roll.xm,0.090443909
0.9445,ID,id.sample_counter,14626
0.9445,ID,id.sysid_state,0
0.9445,ID,id.vbat,0
0.9498,ID,id.arm,1
0.9498,ID,id.axis,1
0.9498,ID,id.dither,0
0.9498,ID,id.mode,1
0.9498,ID,id.roll.r,0.08692649
0.9498,ID,id.roll.u_ad,0.16354892
0.9498,ID,id.roll.u_nom,0.10138179
0.9498,ID,id.roll.x,-0.092783183
0.9498,ID,id.roll.xm,0.08692649
0.9498,ID,id.sample_counter,14627
0.9498,ID,id.sysid_state,0
0.9498,ID,id.vbat,0
0.9544,ID,id.arm,1
0.9544,ID,id.axis,1
0.9544,ID,id.dither,0
0.9544,ID,id.mode,1
0.9544,ID,id.roll.r,0.094680317
0.9544,ID,id.roll.u_ad,0.16296773
0.9544,ID,id.roll.u_nom,-0.015029725
0.9544,ID,id.roll.x,0.0035859107
0.9544,ID,id.roll.xm,0.094680317
0.9544,ID,id.sample_counter,14628
0.9544,ID,id.sysid_state,0
0.9544,ID,id.vbat,0
0.9595,ID,id.arm,1
0.9595,ID,id.axis,1
0.9595,ID,id.dither,0
0.9595,ID,id.mode,1
0.9595,ID,id.roll.r,0.087722249
0.9595,ID,id.roll.u_ad,0.16343388
0.9595,ID,id.roll.u_nom,0.059944212
0.9595,ID,id.roll.x,-0.046361633
0.9595,ID,id.roll.xm,0.087722249
0.9595,ID,id.sample_counter,14629
0.9595,ID,id.sysid_state,0
0.9595,ID,id.vbat,0
0.9629,A,mrac.pitch.e,0.1463972
0.9629,A,mrac.pitch.u_ad,-0.028021792
0.9629,A,mrac.roll.e,-0.14693192
0.9629,A,mrac.roll.u_ad,0.16433598
0.9629,A,mrac.yaw.e,0.11745733
0.9629,A,mrac.yaw.u_ad,-0.014582132
0.9629,A,mrac.z.e,0.15468168
0.9629,A,mrac.z.u_ad,-0.093455635
0.9629,A,status.arm,1
0.9629,A,status.flymode,1
0.9629,A,status.rc_authority,0
0.9629,A,status.sbus_lost,0
0.9629,A,status.twc_arrived,0
0.9629,A,status.twc_execute,0
0.9630,B,mrac.pitch.theta_0,4.132549e-07
0.9630,B,mrac.pitch.theta_1,0.0037695603
0.9630,B,mrac.pitch.theta_2,0.00027770072
0.9630,B,mrac.pitch.theta_3,0.0012366422
0.9630,B,mrac.pitch.theta_4,0.073575653
0.9630,B,mrac.pitch.theta_5,0.14285959
0.9630,B,mrac.pitch.u_nom,-0.026228076
0.9630,B,mrac.pitch.xm,-0.16262314
0.9630,B,mrac.roll.theta_0,0.14804436
0.9630,B,mrac.roll.theta_1,0.00057235436
0.9630,B,mrac.roll.theta_2,0.0070380601
0.9630,B,mrac.roll.theta_3,0.001227985
0.9630,B,mrac.roll.theta_4,0.097986192
0.9630,B,mrac.roll.theta_5,0.13872628
0.9630,B,mrac.roll.u_nom,0.10521706
0.9630,B,mrac.roll.xm,0.10237975
0.9630,B,mrac.yaw.theta_0,2.4751674e-27
0.9630,B,mrac.yaw.theta_1,0.00253204
0.9630,B,mrac.yaw.theta_2,7.3484814e-05
0.9630,B,mrac.yaw.theta_3,0
0.9630,B,mrac.yaw.theta_4,0.067201026
0.9630,B,mrac.yaw.theta_5,0.087773129
0.9630,B,mrac.yaw.u_nom,-0.040193453
0.9630,B,mrac.yaw.xm,-0.12174182
0.9630,B,mrac.z.theta_0,0.00035542116
0.9630,B,mrac.z.theta_1,0.0050095906
0.9630,B,mrac.z.theta_2,0.00028025839
0.9630,B,mrac.z.theta_3,0
0.9630,B,mrac.z.theta_4,0.19748773
0.9630,B,mrac.z.theta_5,0.19379342
0.9630,B,mrac.z.u_nom,-0.31841227
0.9630,B,mrac.z.xm,-0.15719284
0.9630,B,path.active_path_mode,0
0.9630,B,path.circle_theta,0
0.9630,B,path.sinusoid_t_elapsed,0
0.9630,B,path.twc_arrived,0
0.9630,B,path.twc_target_x,0
0.9630,B,path.twc_target_y,0
0.9630,B,path.twc_target_z,0
0.9630,B,pid.gyrox.Des,5.8659253
0.9630,B,pid.gyrox.FB,-3.3990817
0.9630,B,pid.gyrox.U,123.10397
0.9630,B,pid.gyroy.Des,-9.3176155
0.9630,B,pid.gyroy.FB,-2.2133393
0.9630,B,pid.gyroy.U,-30.686848
0.9630,B,pid.gyroz.Des,-6.9752893
0.9630,B,pid.gyroz.FB,2.1769795
0.9630,B,pid.gyroz.U,-75.242142
0.9630,B,pid.locx.Des,0
0.9630,B,pid.locx.FB,-1.095263
0.9630,B,pid.locx.U,2.5476522
0.9630,B,pid.locxs.Des,2.5476522
0.9630,B,pid.locxs.FB,9.0815659
0.9630,B,pid.locxs.U,-19.920658
0.9630,B,pid.locy.Des,0
0.9630,B,pid.locy.FB,26.621151
0.9630,B,pid.locy.U,-23.390139
0.9630,B,pid.locys.Des,-23.390139
0.9630,B,pid.locys.FB,1.5890749
0.9630,B,pid.locys.U,-75.063477
0.9630,B,pid.pitch.Des,-4.4244676
0.9630,B,pid.pitch.FB,-1.3322791
0.9630,B,pid.pitch.U,-9.3176155
0.9630,B,pid.roll.Des,0.96308702
0.9630,B,pid.roll.FB,-1.0052773
0.9630,B,pid.roll.U,5.8659253
0.9630,B,pid.yaw.Des,1.7745692
0.9630,B,pid.yaw.FB,2.6037841
0.9630,B,pid.yaw.U,-6.9752893
0.9630,B,pid.z_pos.Des,1.499074
0.9630,B,pid.z_pos.FB,1.5093596
0.9630,B,pid.z_pos.U,-0.15719284
0.9630,B,pid.z_rate.Des,-0.15719284
0.9630,B,pid.z_rate.FB,-0.013099051
0.9630,B,pid.z_rate.U,-70.687523
0.9630,B,status.vbat,0
0.9647,ID,id.arm,1
0.9647,ID,id.axis,1
0.9647,ID,id.dither,0
0.9647,ID,id.mode,1
0.9647,ID,id.roll.r,0.095049351
0.9647,ID,id.roll.u_ad,0.16366953
0.9647,ID,id.roll.u_nom,0.038564112
0.9647,ID,id.roll.x,-0.03858823
0.9647,ID,id.roll.xm,0.095049351
0.9647,ID,id.sample_counter,14630
0.9647,ID,id.sysid_state,0
0.9647,ID,id.vbat,0
0.9695,ID,id.arm,1
0.9695,ID,id.axis,1
0.9695,ID,id.dither,0
0.9695,ID,id.mode,1
0.9695,ID,id.roll.r,0.09045963
0.9695,ID,id.roll.u_ad,0.1631857
0.9695,ID,id.roll.u_nom,-0.001620146
0.9695,ID,id.roll.x,0.011824725
0.9695,ID,id.roll.xm,0.09045963
0.9695,ID,id.sample_counter,14631
0.9695,ID,id.sysid_state,0
0.9695,ID,id.vbat,0
0.9745,ID,id.arm,1
0.9745,ID,id.axis,1
0.9745,ID,id.dither,0
0.9745,ID,id.mode,1
0.9745,ID,id.roll.r,0.098529056
0.9745,ID,id.roll.u_ad,0.16445178
0.9745,ID,id.roll.u_nom,0.10072634
0.9745,ID,id.roll.x,-0.082767539
0.9745,ID,id.roll.xm,0.098529056
0.9745,ID,id.sample_counter,14632
0.9745,ID,id.sysid_state,0
0.9745,ID,id.vbat,0
0.9796,ID,id.arm,1
0.9796,ID,id.axis,1
0.9796,ID,id.dither,0
0.9796,ID,id.mode,1
0.9796,ID,id.roll.r,0.093933567
0.9796,ID,id.roll.u_ad,0.16404879
0.9796,ID,id.roll.u_nom,0.006763869
0.9796,ID,id.roll.x,-0.027887659
0.9796,ID,id.roll.xm,0.093933567
0.9796,ID,id.sample_counter,14633
0.9796,ID,id.sysid_state,0
0.9796,ID,id.vbat,0
0.9845,ID,id.arm,1
0.9845,ID,id.axis,1
0.9845,ID,id.dither,0
0.9845,ID,id.mode,1
0.9845,ID,id.roll.r,0.091768041
0.9845,ID,id.roll.u_ad,0.16495518
0.9845,ID,id.roll.u_nom,0.09398029
0.9845,ID,id.roll.x,-0.10913566
0.9845,ID,id.roll.xm,0.091768041
0.9845,ID,id.sample_counter,14634
0.9845,ID,id.sysid_state,0
0.9845,ID,id.vbat,0
0.9894,ID,id.arm,1
0.9894,ID,id.axis,1
0.9894,ID,id.dither,0
0.9894,ID,id.mode,1
0.9894,ID,id.roll.r,0.096921012
0.9894,ID,id.roll.u_ad,0.16380441
0.9894,ID,id.roll.u_nom,-0.04370527
0.9894,ID,id.roll.x,0.030734921
0.9894,ID,id.roll.xm,0.096921012
0.9894,ID,id.sample_counter,14635
0.9894,ID,id.sysid_state,0
0.9894,ID,id.vbat,0
0.9944,ID,id.arm,1
0.9944,ID,id.axis,1
0.9944,ID,id.dither,0
0.9944,ID,id.mode,1
0.9944,ID,id.roll.r,0.09100911
0.9944,ID,id.roll.u_ad,0.16496126
0.9944,ID,id.roll.u_nom,0.10942615
0.9944,ID,id.roll.x,-0.09383183
0.9944,ID,id.roll.xm,0.09100911
0.9944,ID,id.sample_counter,14636
0.9944,ID,id.sysid_state,0
0.9944,ID,id.vbat,0
0.9995,ID,id.arm,1
0.9995,ID,id.axis,1
0.9995,ID,id.dither,0
0.9995,ID,id.mode,1
0.9995,ID,id.roll.r,0.10010591
0.9995,ID,id.roll.u_ad,0.16467631
0.9995,ID,id.roll.u_nom,0.01061642
0.9995,ID,id.roll.x,-0.029322902
0.9995,ID,id.roll.xm,0.10010591
0.9995,ID,id.sample_counter,14637
0.9995,ID,id.sysid_state,0
0.9995,ID,id.vbat,0
1.0044,ID,id.arm,1
1.0044,ID,id.axis,1
1.0044,ID,id.dither,0
1.0044,ID,id.mode,1
1.0044,ID,id.roll.r,0.094142824
1.0044,ID,id.roll.u_ad,0.1640842
1.0044,ID,id.roll.u_nom,-0.0049094697
1.0044,ID,id.roll.x,0.022791697
1.0044,ID,id.roll.xm,0.094142824
1.0044,ID,id.sample_counter,14638
1.0044,ID,id.sysid_state,0
1.0044,ID,id.vbat,0
1.0095,ID,id.arm,1
1.0095,ID,id.axis,1
1.0095,ID,id.dither,0
1.0095,ID,id.mode,1
1.0095,ID,id.roll.r,0.09571252
1.0095,ID,id.roll.u_ad,0.16480379
1.0095,ID,id.roll.u_nom,0.075920545
1.0095,ID,id.roll.x,-0.046958666
1.0095,ID,id.roll.xm,0.09571252
1.0095,ID,id.sample_counter,14639
1.0095,ID,id.sysid_state,0
1.0095,ID,id.vbat,0
1.0150,ID,id.arm,1
1.0150,ID,id.axis,1
1.0150,ID,id.dither,0
1.0150,ID,id.mode,1
1.0150,ID,id.roll.r,-0.0089547085
1.0150,ID,id.roll.u_ad,0.16073674
1.0150,ID,id.roll.u_nom,-0.09213008
1.0150,ID,id.roll.x,0.042998813
1.0150,ID,id.roll.xm,-0.0089547085
1.0150,ID,id.sample_counter,14640
1.0150,ID,id.sysid_state,0
1.0150,ID,id.vbat,0
1.0197,ID,id.arm,1
1.0197,ID,id.axis,1
1.0197,ID,id.dither,0
1.0197,ID,id.mode,1
1.0197,ID,id.roll.r,0.066334285
1.0197,ID,id.roll.u_ad,0.16219088
1.0197,ID,id.roll.u_nom,0.13478817
1.0197,ID,id.roll.x,-0.11033071
1.0197,ID,id.roll.xm,0.066334285
1.0197,ID,id.sample_counter,14641
1.0197,ID,id.sysid_state,0
1.0197,ID,id.vbat,0
1.0248,ID,id.arm,1
1.0248,ID,id.axis,1
1.0248,ID,id.dither,0
1.0248,ID,id.mode,1
1.0248,ID,id.roll.r,0.14192763
1.0248,ID,id.roll.u_ad,0.1635312
1.0248,ID,id.roll.u_nom,0.035208676
1.0248,ID,id.roll.x,-0.015529401
1.0248,ID,id.roll.xm,0.14192763
1.0248,ID,id.sample_counter,14642
1.0248,ID,id.sysid_state,0
1.0248,ID,id.vbat,0
1.0299,ID,id.arm,1
1.0299,ID,id.axis,1
1.0299,ID,id.dither,0
1.0299,ID,id.mode,1
1.0299,ID,id.roll.r,0.085331798
1.0299,ID,id.roll.u_ad,0.16368006
1.0299,ID,id.roll.u_nom,0.047717657
1.0299,ID,id.roll.x,-0.076349132
1.0299,ID,id.roll.xm,0.085331798
1.0299,ID,id.sample_counter,14643
1.0299,ID,id.sysid_state,0
1.0299,ID,id.vbat,0
1.0348,ID,id.arm,1
1.0348,ID,id.axis,1
1.0348,ID,id.dither,0
1.0348,ID,id.mode,1
1.0348,ID,id.roll.r,0.092737481
1.0348,ID,id.roll.u_ad,0.16293493
1.0348,ID,id.roll.u_nom,-0.022095529
1.0348,ID,id.roll.x,0.023281325
1.0348,ID,id.roll.xm,0.092737481
1.0348,ID,id.sample_counter,14644
1.0348,ID,id.sysid_state,0
1.0348,ID,id.vbat,0
1.0395,ID,id.arm,1
1.0395,ID,id.axis,1
1.0395,ID,id.dither,0
1.0395,ID,id.mode,1
1.0395,ID,id.roll.r,0.082828753
1.0395,ID,id.roll.u_ad,0.16273224
1.0395,ID,id.roll.u_nom,0.02113452
1.0395,ID,id.roll.x,0.016004227
1.0395,ID,id.roll.xm,0.082828753
1.0395,ID,id.sample_counter,14645
1.0395,ID,id.sysid_state,0
1.0395,ID,id.vbat,0
1.0445,ID,id.arm,1
1.0445,ID,id.axis,1
1.0445,ID,id.dither,0
1.0445,ID,id.mode,1
1.0445,ID,id.roll.r,0.090490803
1.0445,ID,id.roll.u_ad,0.16297916
1.0445,ID,id.roll.u_nom,0.038791578
1.0445,ID,id.roll.x,0.0013831316
1.0445,ID,id.roll.xm,0.090490803
1.0445,ID,id.sample_counter,14646
1.0445,ID,id.sysid_state,0
1.0445,ID,id.vbat,0
1.0495,ID,id.arm,1
1.0495,ID,id.axis,1
1.0495,ID,id.dither,0
1.0495,ID,id.mode,1
1.0495,ID,id.roll.r,0.084921233
1.0495,ID,id.roll.u_ad,0.1622262
1.0495,ID,id.roll.u_nom,-0.019245032
1.0495,ID,id.roll.x,0.059983321
1.0495,ID,id.roll.xm,0.084921233
1.0495,ID,id.sample_counter,14647
1.0495,ID,id.sysid_state,0
1.0495,ID,id.vbat,0
1.0543,ID,id.arm,1
1.0543,ID,id.axis,1
1.0543,ID,id.dither,0
1.0543,ID,id.mode,1
1.0543,ID,id.roll.r,0.094017826
1.0543,ID,id.roll.u_ad,0.16386501
1.0543,ID,id.roll.u_nom,0.12293336
1.0543,ID,id.roll.x,-0.081695862
1.0543,ID,id.roll.xm,0.094017826
1.0543,ID,id.sample_counter,14648
1.0543,ID,id.sysid_state,0
1.0543,ID,id.vbat,0
1.0595,ID,id.arm,1
1.0595,ID,id.axis,1
1.0595,ID,id.dither,0
1.0595,ID,id.mode,1
1.0595,ID,id.roll.r,0.09221492
1.0595,ID,id.roll.u_ad,0.16238213
1.0595,ID,id.roll.u_nom,-0.070579991
1.0595,ID,id.roll.x,0.079433426
1.0595,ID,id.roll.xm,0.09221492
1.0595,ID,id.sample_counter,14649
1.0595,ID,id.sysid_state,0
1.0595,ID,id.vbat,0
1.0645,ID,id.arm,1
1.0645,ID,id.axis,1
1.0645,ID,id.dither,0
1.0645,ID,id.mode,1
1.0645,ID,id.roll.r,0.086933486
1.0645,ID,id.roll.u_ad,0.1641067
1.0645,ID,id.roll.u_nom,0.13986795
1.0645,ID,id.roll.x,-0.11040221
1.0645,ID,id.roll.xm,0.086933486
1.0645,ID,id.sample_counter,14650
1.0645,ID,id.sysid_state,0
1.0645,ID,id.vbat,0
1.0695,ID,id.arm,1
1.0695,ID,id.axis,1
1.0695,ID,id.dither,0
1.0695,ID,id.mode,1
1.0695,ID,id.roll.r,0.099337205
1.0695,ID,id.roll.u_ad,0.16295311
1.0695,ID,id.roll.u_nom,-0.055687707
1.0695,ID,id.roll.x,0.051867314
1.0695,ID,id.roll.xm,0.099337205
1.0695,ID,id.sample_counter,14651
1.0695,ID,id.sysid_state,0
1.0695,ID,id.vbat,0
1.0744,ID,id.arm,1
1.0744,ID,id.axis,1
1.0744,ID,id.dither,0
1.0744,ID,id.mode,1
1.0744,ID,id.roll.r,0.086989753
1.0744,ID,id.roll.u_ad,0.16282418
1.0744,ID,id.roll.u_nom,0.019770896
1.0744,ID,id.roll.x,0.036704265
1.0744,ID,id.roll.xm,0.086989753
1.0744,ID,id.sample_counter,14652
1.0744,ID,id.sysid_state,0
1.0744,ID,id.vbat,0
1.0796,ID,id.arm,1
1.0796,ID,id.axis,1
1.0796,ID,id.dither,0
1.0796,ID,id.mode,1
1.0796,ID,id.roll.r,0.095090985
1.0796,ID,id.roll.u_ad,0.16379231
1.0796,ID,id.roll.u_nom,0.081716597
1.0796,ID,id.roll.x,-0.041401818
1.0796,ID,id.roll.xm,0.095090985
1.0796,ID,id.sample_counter,14653
1.0796,ID,id.sysid_state,0
1.0796,ID,id.vbat,0
1.0846,ID,id.arm,1
1.0846,ID,id.axis,1
1.0846,ID,id.dither,0
1.0846,ID,id.mode,1
1.0846,ID,id.roll.r,0.091185875
1.0846,ID,id.roll.u_ad,0.16221987
1.0846,ID,id.roll.u_nom,-0.076999731
1.0846,ID,id.roll.x,0.11327647
1.0846,ID,id.roll.xm,0.091185875
1.0846,ID,id.sample_counter,14654
1.0846,ID,id.sysid_state,0
1.0846,ID,id.vbat,0
1.0895,ID,id.arm,1
1.0895,ID,id.axis,1
1.0895,ID,id.dither,0
1.0895,ID,id.mode,1
1.0895,ID,id.roll.r,0.089532204
1.0895,ID,id.roll.u_ad,0.16375485
1.0895,ID,id.roll.u_nom,0.12171275
1.0895,ID,id.roll.x,-0.053173654
1.0895,ID,id.roll.xm,0.089532204
1.0895,ID,id.sample_counter,14655
1.0895,ID,id.sysid_state,0
1.0895,ID,id.vbat,0
1.0945,ID,id.arm,1
1.0945,ID,id.axis,1
1.0945,ID,id.dither,0
1.0945,ID,id.mode,1
1.0945,ID,id.roll.r,0.093090452
1.0945,ID,id.roll.u_ad,0.16210529
1.0945,ID,id.roll.u_nom,-0.08565902
1.0945,ID,id.roll.x,0.12280759
1.0945,ID,id.roll.xm,0.093090452
1.0945,ID,id.sample_counter,14656
1.0945,ID,id.sysid_state,0
1.0945,ID,id.vbat,0
1.0995,ID,id.arm,1
1.0995,ID,id.axis,1
1.0995,ID,id.dither,0
1.0995,ID,id.mode,1
1.0995,ID,id.roll.r,0.083810963
1.0995,ID,id.roll.u_ad,0.16357023
1.0995,ID,id.roll.u_nom,0.12376187
1.0995,ID,id.roll.x,-0.056619924
1.0995,ID,id.roll.xm,0.083810963
1.0995,ID,id.sample_counter,14657
1.0995,ID,id.sysid_state,0
1.0995,ID,id.vbat,0
1.1045,ID,id.arm,1
1.1045,ID,id.axis,1
1.1045,ID,id.dither,0
1.1045,ID,id.mode,1
1.1045,ID,id.roll.r,0.099294923
1.1045,ID,id.roll.u_ad,0.16329801
1.1045,ID,id.roll.u_nom,-0.0012633103
1.1045,ID,id.roll.x,0.015635969
1.1045,ID,id.roll.xm,0.099294923
1.1045,ID,id.sample_counter,14658
1.1045,ID,id.sysid_state,0
1.1045,ID,id.vbat,0
1.1096,ID,id.arm,1
1.1096,ID,id.axis,1
1.1096,ID,id.dither,0
1.1096,ID,id.mode,1
1.1096,ID,id.roll.r,0.088969402
1.1096,ID,id.roll.u_ad,0.16354206
1.1096,ID,id.roll.u_nom,0.045660391
1.1096,ID,id.roll.x,-0.020721525
1.1096,ID,id.roll.xm,0.088969402
1.1096,ID,id.sample_counter,14659
1.1096,ID,id.sysid_state,0
1.1096,ID,id.vbat,0
1.1148,ID,id.arm,1
1.1148,ID,id.axis,1
1.1148,ID,id.dither,0
1.1148,ID,id.mode,1
1.1148,ID,id.roll.r,0.20285414
1.1148,ID,id.roll.u_ad,0.16729164
1.1148,ID,id.roll.u_nom,0.12493236
1.1148,ID,id.roll.x,-0.032108922
1.1148,ID,id.roll.xm,0.20285414
1.1148,ID,id.sample_counter,14660
1.1148,ID,id.sysid_state,0
1.1148,ID,id.vbat,0
1.1195,ID,id.arm,1
1.1195,ID,id.axis,1
1.1195,ID,id.dither,0
1.1195,ID,id.mode,1
1.1195,ID,id.roll.r,0.12084549
1.1195,ID,id.roll.u_ad,0.16584347
1.1195,ID,id.roll.u_nom,-0.075246252
1.1195,ID,id.roll.x,0.10385007
1.1195,ID,id.roll.xm,0.12084549
1.1195,ID,id.sample_counter,14661
1.1195,ID,id.sysid_state,0
1.1195,ID,id.vbat,0
1.1243,ID,id.arm,1
1.1243,ID,id.axis,1
1.1243,ID,id.dither,0
1.1243,ID,id.mode,1
1.1243,ID,id.roll.r,0.05713851
1.1243,ID,id.roll.u_ad,0.16643925
1.1243,ID,id.roll.u_nom,0.13929063
1.1243,ID,id.roll.x,-0.13790901
1.1243,ID,id.roll.xm,0.05713851
1.1243,ID,id.sample_counter,14662
1.1243,ID,id.sysid_state,0
1.1243,ID,id.vbat,0
1.1300,ID,id.arm,1
1.1300,ID,id.axis,1
1.1300,ID,id.dither,0
1.1300,ID,id.mode,1
1.1300,ID,id.roll.r,0.11015838
1.1300,ID,id.roll.u_ad,0.16482155
1.1300,ID,id.roll.u_nom,-0.080756322
1.1300,ID,id.roll.x,0.11565547
1.1300,ID,id.roll.xm,0.11015838
1.1300,ID,id.sample_counter,14663
1.1300,ID,id.sysid_state,0
1.1300,ID,id.vbat,0
1.1345,ID,id.arm,1
1.1345,ID,id.axis,1
1.1345,ID,id.dither,0
1.1345,ID,id.mode,1
1.1345,ID,id.roll.r,0.099308409
1.1345,ID,id.roll.u_ad,0.16657934
1.1345,ID,id.roll.u_nom,0.14795339
1.1345,ID,id.roll.x,-0.13112943
1.1345,ID,id.roll.xm,0.099308409
1.1345,ID,id.sample_counter,14664
1.1345,ID,id.sysid_state,0
1.1345,ID,id.vbat,0
1.1394,ID,id.arm,1
1.1394,ID,id.axis,1
1.1394,ID,id.dither,0
1.1394,ID,id.mode,1
1.1394,ID,id.roll.r,0.11496725
1.1394,ID,id.roll.u_ad,0.16579339
1.1394,ID,id.roll.u_nom,-0.028519442
1.1394,ID,id.roll.x,0.0084166685
1.1394,ID,id.roll.xm,0.11496725
1.1394,ID,id.sample_counter,14665
1.1394,ID,id.sysid_state,0
1.1394,ID,id.vbat,0
1.1444,ID,id.arm,1
1.1444,ID,id.axis,1
1.1444,ID,id.dither,0
1.1444,ID,id.mode,1
1.1444,ID,id.roll.r,0.10026029
1.1444,ID,id.roll.u_ad,0.16505483
1.1444,ID,id.roll.u_nom,-0.012973688
1.1444,ID,id.roll.x,0.055137876
1.1444,ID,id.roll.xm,0.10026029
1.1444,ID,id.sample_counter,14666
1.1444,ID,id.sysid_state,0
1.1444,ID,id.vbat,0
1.1495,ID,id.arm,1
1.1495,ID,id.axis,1
1.1495,ID,id.dither,0
1.1495,ID,id.mode,1
1.1495,ID,id.roll.r,0.11012152
1.1495,ID,id.roll.u_ad,0.1669593
1.1495,ID,id.roll.u_nom,0.14497146
1.1495,ID,id.roll.x,-0.10906856
1.1495,ID,id.roll.xm,0.11012152
1.1495,ID,id.sample_counter,14667
1.1495,ID,id.sysid_state,0
1.1495,ID,id.vbat,0
1.1544,ID,id.arm,1
1.1544,ID,id.axis,1
1.1544,ID,id.dither,0
1.1544,ID,id.mode,1
1.1544,ID,id.roll.r,0.0096589644
1.1544,ID,id.roll.u_ad,0.16275619
1.1544,ID,id.roll.u_nom,-0.10543954
1.1544,ID,id.roll.x,0.11596412
1.1544,ID,id.roll.xm,0.0096589644
1.1544,ID,id.sample_counter,14668
1.1544,ID,id.sysid_state,0
1.1544,ID,id.vbat,0
1.1595,ID,id.arm,1
1.1595,ID,id.axis,1
1.1595,ID,id.dither,0
1.1595,ID,id.mode,1
1.1595,ID,id.roll.r,0.080654971
1.1595,ID,id.roll.u_ad,0.16428362
1.1595,ID,id.roll.u_nom,0.14126176
1.1595,ID,id.roll.x,-0.12245379
1.1595,ID,id.roll.xm,0.080654971
1.1595,ID,id.sample_counter,14669
1.1595,ID,id.sysid_state,0
1.1595,ID,id.vbat,0
1.1648,ID,id.arm,1
1.1648,ID,id.axis,1
1.1648,ID,id.dither,0
1.1648,ID,id.mode,1
1.1648,ID,id.roll.r,0.15718096
1.1648,ID,id.roll.u_ad,0.16415161
1.1648,ID,id.roll.u_nom,-0.065128475
1.1648,ID,id.roll.x,0.11868774
1.1648,ID,id.roll.xm,0.15718096
1.1648,ID,id.sample_counter,14670
1.1648,ID,id.sysid_state,0
1.1648,ID,id.vbat,0
1.1695,ID,id.arm,1
1.1695,ID,id.axis,1
1.1695,ID,id.dither,0
1.1695,ID,id.mode,1
1.1695,ID,id.roll.r,0.093275905
1.1695,ID,id.roll.u_ad,0.16511671
1.1695,ID,id.roll.u_nom,0.099739499
1.1695,ID,id.roll.x,-0.059917849
1.1695,ID,id.roll.xm,0.093275905
1.1695,ID,id.sample_counter,14671
1.1695,ID,id.sysid_state,0
1.1695,ID,id.vbat,0
1.1744,ID,id.arm,1
1.1744,ID,id.axis,1
1.1744,ID,id.dither,0
1.1744,ID,id.mode,1
1.1744,ID,id.roll.r,0.21035041
1.1744,ID,id.roll.u_ad,0.16821758
1.1744,ID,id.roll.u_nom,0.08882086
1.1744,ID,id.roll.x,-0.0044462043
1.1744,ID,id.roll.xm,0.21035041
1.1744,ID,id.sample_counter,14672
1.1744,ID,id.sysid_state,0
1.1744,ID,id.vbat,0
1.1796,ID,id.arm,1
1.1796,ID,id.axis,1
1.1796,ID,id.dither,0
1.1796,ID,id.mode,1
1.1796,ID,id.roll.r,0.12427723
1.1796,ID,id.roll.u_ad,0.16766857
1.1796,ID,id.roll.u_nom,-0.0058733295
1.1796,ID,id.roll.x,-0.0026753328
1.1796,ID,id.roll.xm,0.12427723
1.1796,ID,id.sample_counter,14673
1.1796,ID,id.sysid_state,0
1.1796,ID,id.vbat,0
1.1797,A,mrac.pitch.e,0.1463972
1.1797,A,mrac.pitch.u_ad,-0.028021792
1.1797,A,mrac.roll.e,-0.14693192
1.1797,A,mrac.roll.u_ad,0.16433598
1.1797,A,mrac.yaw.e,0.11745733
1.1797,A,mrac.yaw.u_ad,-0.014582132
1.1797,A,mrac.z.e,0.15468168
1.1797,A,mrac.z.u_ad,-0.093455635
1.1797,A,status.arm,1
1.1797,A,status.flymode,1
1.1797,A,status.rc_authority,0
1.1797,A,status.sbus_lost,0
1.1797,A,status.twc_arrived,0
1.1797,A,status.twc_execute,0
1.1798,B,mrac.pitch.theta_0,4.132549e-07
1.1798,B,mrac.pitch.theta_1,0.0037695603
1.1798,B,mrac.pitch.theta_2,0.00027770072
1.1798,B,mrac.pitch.theta_3,0.0012366422
1.1798,B,mrac.pitch.theta_4,0.073575653
1.1798,B,mrac.pitch.theta_5,0.14285959
1.1798,B,mrac.pitch.u_nom,-0.026228076
1.1798,B,mrac.pitch.xm,-0.16262314
1.1798,B,mrac.roll.theta_0,0.14804436
1.1798,B,mrac.roll.theta_1,0.00057235436
1.1798,B,mrac.roll.theta_2,0.0070380601
1.1798,B,mrac.roll.theta_3,0.001227985
1.1798,B,mrac.roll.theta_4,0.097986192
1.1798,B,mrac.roll.theta_5,0.13872628
1.1798,B,mrac.roll.u_nom,0.10521706
1.1798,B,mrac.roll.xm,0.10237975
1.1798,B,mrac.yaw.theta_0,2.4751674e-27
1.1798,B,mrac.yaw.theta_1,0.00253204
1.1798,B,mrac.yaw.theta_2,7.3484814e-05
1.1798,B,mrac.yaw.theta_3,0
1.1798,B,mrac.yaw.theta_4,0.067201026
1.1798,B,mrac.yaw.theta_5,0.087773129
1.1798,B,mrac.yaw.u_nom,-0.040193453
1.1798,B,mrac.yaw.xm,-0.12174182
1.1798,B,mrac.z.theta_0,0.00035542116
1.1798,B,mrac.z.theta_1,0.0050095906
1.1798,B,mrac.z.theta_2,0.00028025839
1.1798,B,mrac.z.theta_3,0
1.1798,B,mrac.z.theta_4,0.19748773
1.1798,B,mrac.z.theta_5,0.19379342
1.1798,B,mrac.z.u_nom,-0.31841227
1.1798,B,mrac.z.xm,-0.15719284
1.1798,B,path.active_path_mode,0
1.1798,B,path.circle_theta,0
1.1798,B,path.sinusoid_t_elapsed,0
1.1798,B,path.twc_arrived,0
1.1798,B,path.twc_target_x,0
1.1798,B,path.twc_target_y,0
1.1798,B,path.twc_target_z,0
1.1798,B,pid.gyrox.Des,5.8659253
1.1798,B,pid.gyrox.FB,-3.3990817
1.1798,B,pid.gyrox.U,123.10397
1.1798,B,pid.gyroy.Des,-9.3176155
1.1798,B,pid.gyroy.FB,-2.2133393
1.1798,B,pid.gyroy.U,-30.686848
1.1798,B,pid.gyroz.Des,-6.9752893
1.1798,B,pid.gyroz.FB,2.1769795
1.1798,B,pid.gyroz.U,-75.242142
1.1798,B,pid.locx.Des,0
1.1798,B,pid.locx.FB,-1.095263
1.1798,B,pid.locx.U,2.5476522
1.1798,B,pid.locxs.Des,2.5476522
1.1798,B,pid.locxs.FB,9.0815659
1.1798,B,pid.locxs.U,-19.920658
1.1798,B,pid.locy.Des,0
1.1798,B,pid.locy.FB,26.621151
1.1798,B,pid.locy.U,-23.390139
1.1798,B,pid.locys.Des,-23.390139
1.1798,B,pid.locys.FB,1.5890749
1.1798,B,pid.locys.U,-75.063477
1.1798,B,pid.pitch.Des,-4.4244676
1.1798,B,pid.pitch.FB,-1.3322791
1.1798,B,pid.pitch.U,-9.3176155
1.1798,B,pid.roll.Des,0.96308702
1.1798,B,pid.roll.FB,-1.0052773
1.1798,B,pid.roll.U,5.8659253
1.1798,B,pid.yaw.Des,1.7745692
1.1798,B,pid.yaw.FB,2.6037841
1.1798,B,pid.yaw.U,-6.9752893
1.1798,B,pid.z_pos.Des,1.499074
1.1798,B,pid.z_pos.FB,1.5093596
1.1798,B,pid.z_pos.U,-0.15719284
1.1798,B,pid.z_rate.Des,-0.15719284
1.1798,B,pid.z_rate.FB,-0.013099051
1.1798,B,pid.z_rate.U,-70.687523
1.1798,B,status.vbat,0
1.1845,ID,id.arm,1
1.1845,ID,id.axis,1
1.1845,ID,id.dither,0
1.1845,ID,id.mode,1
1.1845,ID,id.roll.r,0.064670511
1.1845,ID,id.roll.u_ad,0.16677772
1.1845,ID,id.roll.u_nom,0.049351957
1.1845,ID,id.roll.x,-0.078900702
1.1845,ID,id.roll.xm,0.064670511
1.1845,ID,id.sample_counter,14674
1.1845,ID,id.sysid_state,0
1.1845,ID,id.vbat,0
1.1895,ID,id.arm,1
1.1895,ID,id.axis,1
1.1895,ID,id.dither,0
1.1895,ID,id.mode,1
1.1895,ID,id.roll.r,0.10945188
1.1895,ID,id.roll.u_ad,0.16601643
1.1895,ID,id.roll.u_nom,-0.014590709
1.1895,ID,id.roll.x,0.041850388
1.1895,ID,id.roll.xm,0.10945188
1.1895,ID,id.sample_counter,14675
1.1895,ID,id.sysid_state,0
1.1895,ID,id.vbat,0
1.1944,ID,id.arm,1
1.1944,ID,id.axis,1
1.1944,ID,id.dither,0
1.1944,ID,id.mode,1
1.1944,ID,id.roll.r,0.11239336
1.1944,ID,id.roll.u_ad,0.16800028
1.1944,ID,id.roll.u_nom,0.15872282
1.1944,ID,id.roll.x,-0.1620276
1.1944,ID,id.roll.xm,0.11239336
1.1944,ID,id.sample_counter,14676
1.1944,ID,id.sysid_state,0
1.1944,ID,id.vbat,0
1.1995,ID,id.arm,1
1.1995,ID,id.axis,1
1.1995,ID,id.dither,0
1.1995,ID,id.mode,1
1.1995,ID,id.roll.r,0.11720505
1.1995,ID,id.roll.u_ad,0.1662298
1.1995,ID,id.roll.u_nom,-0.083607256
1.1995,ID,id.roll.x,0.13431136
1.1995,ID,id.roll.xm,0.11720505
1.1995,ID,id.sample_counter,14677
1.1995,ID,id.sysid_state,0
1.1995,ID,id.vbat,0
1.2043,ID,id.arm,1
1.2043,ID,id.axis,1
1.2043,ID,id.dither,0
1.2043,ID,id.mode,1
1.2043,ID,id.roll.r,0.10570436
1.2043,ID,id.roll.u_ad,0.16786949
1.2043,ID,id.roll.u_nom,0.14729132
1.2043,ID,id.roll.x,-0.12206379
1.2043,ID,id.roll.xm,0.10570436
1.2043,ID,id.sample_counter,14678
1.2043,ID,id.sysid_state,0
1.2043,ID,id.vbat,0
1.2094,ID,id.arm,1
1.2094,ID,id.axis,1
1.2094,ID,id.dither,0
1.2094,ID,id.mode,1
1.2094,ID,id.roll.r,0.12207964
1.2094,ID,id.roll.u_ad,0.16639635
1.2094,ID,id.roll.u_nom,-0.070976287
1.2094,ID,id.roll.x,0.087668978
1.2094,ID,id.roll.xm,0.12207964
1.2094,ID,id.sample_counter,14679
1.2094,ID,id.sysid_state,0
1.2094,ID,id.vbat,0
1.2149,ID,id.arm,1
1.2149,ID,id.axis,1
1.2149,ID,id.dither,0
1.2149,ID,id.mode,1
1.2149,ID,id.roll.r,0.10424344
1.2149,ID,id.roll.u_ad,0.16708742
1.2149,ID,id.roll.u_nom,0.087060124
1.2149,ID,id.roll.x,-0.028955916
1.2149,ID,id.roll.xm,0.10424344
1.2149,ID,id.sample_counter,14680
1.2149,ID,id.sysid_state,0
1.2149,ID,id.vbat,0
1.2194,ID,id.arm,1
1.2194,ID,id.axis,1
1.2194,ID,id.dither,0
1.2194,ID,id.mode,1
1.2194,ID,id.roll.r,0.12158085
1.2194,ID,id.roll.u_ad,0.16821131
1.2194,ID,id.roll.u_nom,0.098485157
1.2194,ID,id.roll.x,-0.093031198
1.2194,ID,id.roll.xm,0.12158085
1.2194,ID,id.sample_counter,14681
1.2194,ID,id.sysid_state,0
1.2194,ID,id.vbat,0
1.2244,ID,id.arm,1
1.2244,ID,id.axis,1
1.2244,ID,id.dither,0
1.2244,ID,id.mode,1
1.2244,ID,id.roll.r,0.11340307
1.2244,ID,id.roll.u_ad,0.16643503
1.2244,ID,id.roll.u_nom,-0.076434545
1.2244,ID,id.roll.x,0.10130855
1.2244,ID,id.roll.xm,0.11340307
1.2244,ID,id.sample_counter,14682
1.2244,ID,id.sysid_state,0
1.2244,ID,id.vbat,0
1.2300,ID,id.arm,1
1.2300,ID,id.axis,1
1.2300,ID,id.dither,0
1.2300,ID,id.mode,1
1.2300,ID,id.roll.r,0.11394473
1.2300,ID,id.roll.u_ad,0.16829635
1.2300,ID,id.roll.u_nom,0.151889
1.2300,ID,id.roll.x,-0.13250767
1.2300,ID,id.roll.xm,0.11394473
1.2300,ID,id.sample_counter,14683
1.2300,ID,id.sysid_state,0
1.2300,ID,id.vbat,0
1.2345,ID,id.arm,1
1.2345,ID,id.axis,1
1.2345,ID,id.dither,0
1.2345,ID,id.mode,1
1.2345,ID,id.roll.r,0.11675839
1.2345,ID,id.roll.u_ad,0.16654883
1.2345,ID,id.roll.u_nom,-0.078969702
1.2345,ID,id.roll.x,0.1150211
1.2345,ID,id.roll.xm,0.11675839
1.2345,ID,id.sample_counter,14684
1.2345,ID,id.sysid_state,0
1.2345,ID,id.vbat,0
1.2395,ID,id.arm,1
1.2395,ID,id.axis,1
1.2395,ID,id.dither,0
1.2395,ID,id.mode,1
1.2395,ID,id.roll.r,0.10810379
1.2395,ID,id.roll.u_ad,0.16823749
1.2395,ID,id.roll.u_nom,0.14934963
1.2395,ID,id.roll.x,-0.12797415
1.2395,ID,id.roll.xm,0.10810379
1.2395,ID,id.sample_counter,14685
1.2395,ID,id.sysid_state,0
1.2395,ID,id.vbat,0
1.2444,ID,id.arm,1
1.2444,ID,id.axis,1
1.2444,ID,id.dither,0
1.2444,ID,id.mode,1
1.2444,ID,id.roll.r,0.12352207
1.2444,ID,id.roll.u_ad,0.16711798
1.2444,ID,id.roll.u_nom,-0.04550983
1.2444,ID,id.roll.x,0.036362164
1.2444,ID,id.roll.xm,0.12352207
1.2444,ID,id.sample_counter,14686
1.2444,ID,id.sysid_state,0
1.2444,ID,id.vbat,0
1.2495,ID,id.arm,1
1.2495,ID,id.axis,1
1.2495,ID,id.dither,0
1.2495,ID,id.mode,1
1.2495,ID,id.roll.r,0.10793615
1.2495,ID,id.roll.u_ad,0.16681799
1.2495,ID,id.roll.u_nom,0.02066469
1.2495,ID,id.roll.x,0.02996777
1.2495,ID,id.roll.xm,0.10793615
1.2495,ID,id.sample_counter,14687
1.2495,ID,id.sysid_state,0
1.2495,ID,id.vbat,0
1.2545,ID,id.arm,1
1.2545,ID,id.axis,1
1.2545,ID,id.dither,0
1.2545,ID,id.mode,1
1.2545,ID,id.roll.r,0.11799951
1.2545,ID,id.roll.u_ad,0.16695258
1.2545,ID,id.roll.u_nom,0.032835372
1.2545,ID,id.roll.x,0.029590156
1.2545,ID,id.roll.xm,0.11799951
1.2545,ID,id.sample_counter,14688
1.2545,ID,id.sysid_state,0
1.2545,ID,id.vbat,0
1.2593,ID,id.arm,1
1.2593,ID,id.axis,1
1.2593,ID,id.dither,0
1.2593,ID,id.mode,1
1.2593,ID,id.roll.r,0.10597489
1.2593,ID,id.roll.u_ad,0.16531663
1.2593,ID,id.roll.u_nom,-0.071163759
1.2593,ID,id.roll.x,0.15218487
1.2593,ID,id.roll.xm,0.10597489
1.2593,ID,id.sample_counter,14689
1.2593,ID,id.sysid_state,0
1.2593,ID,id.vbat,0
1.2646,ID,id.arm,1
1.2646,ID,id.axis,1
1.2646,ID,id.dither,0
1.2646,ID,id.mode,1
1.2646,ID,id.roll.r,0.10844322
1.2646,ID,id.roll.u_ad,0.16664749
1.2646,ID,id.roll.u_nom,0.11233498
1.2646,ID,id.roll.x,-0.005407949
1.2646,ID,id.roll.xm,0.10844322
1.2646,ID,id.sample_counter,14690
1.2646,ID,id.sysid_state,0
1.2646,ID,id.vbat,0
1.2695,ID,id.arm,1
1.2695,ID,id.axis,1
1.2695,ID,id.dither,0
1.2695,ID,id.mode,1
1.2695,ID,id.roll.r,0.1086745
1.2695,ID,id.roll.u_ad,0.16467923
1.2695,ID,id.roll.u_nom,-0.098677695
1.2695,ID,id.roll.x,0.18742608
1.2695,ID,id.roll.xm,0.1086745
1.2695,ID,id.sample_counter,14691
1.2695,ID,id.sysid_state,0
1.2695,ID,id.vbat,0
1.2744,ID,id.arm,1
1.2744,ID,id.axis,1
1.2744,ID,id.dither,0
1.2744,ID,id.mode,1
1.2744,ID,id.roll.r,0.10601594
1.2744,ID,id.roll.u_ad,0.16640739
1.2744,ID,id.roll.u_nom,0.13888218
1.2744,ID,id.roll.x,-0.087312125
1.2744,ID,id.roll.xm,0.10601594
1.2744,ID,id.sample_counter,14692
1.2744,ID,id.sysid_state,0
1.2744,ID,id.vbat,0
1.2800,ID,id.arm,1
1.2800,ID,id.axis,1
1.2800,ID,id.dither,0
1.2800,ID,id.mode,1
1.2800,ID,id.roll.r,0.11793336
1.2800,ID,id.roll.u_ad,0.16484509
1.2800,ID,id.roll.u_nom,-0.085694075
1.2800,ID,id.roll.x,0.14360754
1.2800,ID,id.roll.xm,0.11793336
1.2800,ID,id.sample_counter,14693
1.2800,ID,id.sysid_state,0
1.2800,ID,id.vbat,0
1.2845,ID,id.arm,1
1.2845,ID,id.axis,1
1.2845,ID,id.dither,0
1.2845,ID,id.mode,1
1.2845,ID,id.roll.r,0.10154105
1.2845,ID,id.roll.u_ad,0.1659373
1.2845,ID,id.roll.u_nom,0.10376086
1.2845,ID,id.roll.x,-0.014345324
1.2845,ID,id.roll.xm,0.10154105
1.2845,ID,id.sample_counter,14694
1.2845,ID,id.sysid_state,0
1.2845,ID,id.vbat,0
1.2894,ID,id.arm,1
1.2894,ID,id.axis,1
1.2894,ID,id.dither,0
1.2894,ID,id.mode,1
1.2894,ID,id.roll.r,0.11743353
1.2894,ID,id.roll.u_ad,0.1661717
1.2894,ID,id.roll.u_nom,0.03407814
1.2894,ID,id.roll.x,0.0020365559
1.2894,ID,id.roll.xm,0.11743353
1.2894,ID,id.sample_counter,14695
1.2894,ID,id.sysid_state,0
1.2894,ID,id.vbat,0
1.2945,ID,id.arm,1
1.2945,ID,id.axis,1
1.2945,ID,id.dither,0
1.2945,ID,id.mode,1
1.2945,ID,id.roll.r,0.20545985
1.2945,ID,id.roll.u_ad,0.16821632
1.2945,ID,id.roll.u_nom,0.033796329
1.2945,ID,id.roll.x,0.090772778
1.2945,ID,id.roll.xm,0.20545985
1.2945,ID,id.sample_counter,14696
1.2945,ID,id.sysid_state,0
1.2945,ID,id.vbat,0
1.2996,ID,id.arm,1
1.2996,ID,id.axis,1
1.2996,ID,id.dither,0
1.2996,ID,id.mode,1
1.2996,ID,id.roll.r,0.13615967
1.2996,ID,id.roll.u_ad,0.16992722
1.2996,ID,id.roll.u_nom,0.13017605
1.2996,ID,id.roll.x,-0.10926137
1.2996,ID,id.roll.xm,0.13615967
1.2996,ID,id.sample_counter,14697
1.2996,ID,id.sysid_state,0
1.2996,ID,id.vbat,0
1.3044,ID,id.arm,1
1.3044,ID,id.axis,1
1.3044,ID,id.dither,0
1.3044,ID,id.mode,1
1.3044,ID,id.roll.r,0.067349322
1.3044,ID,id.roll.u_ad,0.16651148
1.3044,ID,id.roll.u_nom,-0.10178666
1.3044,ID,id.roll.x,0.15874676
1.3044,ID,id.roll.xm,0.067349322
1.3044,ID,id.sample_counter,14698
1.3044,ID,id.sysid_state,0
1.3044,ID,id.vbat,0
1.3094,ID,id.arm,1
1.3094,ID,id.axis,1
1.3094,ID,id.dither,0
1.3094,ID,id.mode,1
1.3094,ID,id.roll.r,0.11130903
1.3094,ID,id.roll.u_ad,0.1682657
1.3094,ID,id.roll.u_nom,0.15358801
1.3094,ID,id.roll.x,-0.14213012
1.3094,ID,id.roll.xm,0.11130903
1.3094,ID,id.sample_counter,14699
1.3094,ID,id.sysid_state,0
1.3094,ID,id.vbat,0
1.3149,ID,id.arm,1
1.3149,ID,id.axis,1
1.3149,ID,id.dither,0
1.3149,ID,id.mode,1
1.3149,ID,id.roll.r,0.025826098
1.3149,ID,id.roll.u_ad,0.1644441
1.3149,ID,id.roll.u_nom,-0.085831255
1.3149,ID,id.roll.x,0.052008174
1.3149,ID,id.roll.xm,0.025826098
1.3149,ID,id.sample_counter,14700
1.3149,ID,id.sysid_state,0
1.3149,ID,id.vbat,0
1.3196,ID,id.arm,1
1.3196,ID,id.axis,1
1.3196,ID,id.dither,0
1.3196,ID,id.mode,1
1.3196,ID,id.roll.r,0.084731549
1.3196,ID,id.roll.u_ad,0.1653624
1.3196,ID,id.roll.u_nom,0.11395723
1.3196,ID,id.roll.x,-0.044714563
1.3196,ID,id.roll.xm,0.084731549
1.3196,ID,id.sample_counter,14701
1.3196,ID,id.sysid_state,0
1.3196,ID,id.vbat,0
1.3246,ID,id.arm,1
1.3246,ID,id.axis,1
1.3246,ID,id.dither,0
1.3246,ID,id.mode,1
1.3246,ID,id.roll.r,0.16584574
1.3246,ID,id.roll.u_ad,0.16764387
1.3246,ID,id.roll.u_nom,0.10083611
1.3246,ID,id.roll.x,-0.049489968
1.3246,ID,id.roll.xm,0.16584574
1.3246,ID,id.sample_counter,14702
1.3246,ID,id.sysid_state,0
1.3246,ID,id.vbat,0
1.3298,ID,id.arm,1
1.3298,ID,id.axis,1
1.3298,ID,id.dither,0
1.3298,ID,id.mode,1
1.3298,ID,id.roll.r,0.10655141
1.3298,ID,id.roll.u_ad,0.16614483
1.3298,ID,id.roll.u_nom,-0.049017794
1.3298,ID,id.roll.x,0.037960678
1.3298,ID,id.roll.xm,0.10655141
1.3298,ID,id.sample_counter,14703
1.3298,ID,id.sysid_state,0
1.3298,ID,id.vbat,0
1.3346,ID,id.arm,1
1.3346,ID,id.axis,1
1.3346,ID,id.dither,0
1.3346,ID,id.mode,1
1.3346,ID,id.roll.r,0.11430368
1.3346,ID,id.roll.u_ad,0.16777666
1.3346,ID,id.roll.u_nom,0.13673811
1.3346,ID,id.roll.x,-0.10933723
1.3346,ID,id.roll.xm,0.11430368
1.3346,ID,id.sample_counter,14704
1.3346,ID,id.sysid_state,0
1.3346,ID,id.vbat,0
1.3396,ID,id.arm,1
1.3396,ID,id.axis,1
1.3396,ID,id.dither,0
1.3396,ID,id.mode,1
1.3396,ID,id.roll.r,0.11335444
1.3396,ID,id.roll.u_ad,0.16609254
1.3396,ID,id.roll.u_nom,-0.070754081
1.3396,ID,id.roll.x,0.077960223
1.3396,ID,id.roll.xm,0.11335444
1.3396,ID,id.sample_counter,14705
1.3396,ID,id.sysid_state,0
1.3396,ID,id.vbat,0
1.3445,ID,id.arm,1
1.3445,ID,id.axis,1
1.3445,ID,id.dither,0
1.3445,ID,id.mode,1
1.3445,ID,id.roll.r,0.1096293
1.3445,ID,id.roll.u_ad,0.16774881
1.3445,ID,id.roll.u_nom,0.14412065
1.3445,ID,id.roll.x,-0.10519679
1.3445,ID,id.roll.xm,0.1096293
1.3445,ID,id.sample_counter,14706
1.3445,ID,id.sysid_state,0
1.3445,ID,id.vbat,0
1.3496,ID,id.arm,1
1.3496,ID,id.axis,1
1.3496,ID,id.dither,0
1.3496,ID,id.mode,1
1.3496,ID,id.roll.r,0.11550057
1.3496,ID,id.roll.u_ad,0.16606279
1.3496,ID,id.roll.u_nom,-0.074870147
1.3496,ID,id.roll.x,0.09695375
1.3496,ID,id.roll.xm,0.11550057
1.3496,ID,id.sample_counter,14707
1.3496,ID,id.sysid_state,0
1.3496,ID,id.vbat,0
1.3545,ID,id.arm,1
1.3545,ID,id.axis,1
1.3545,ID,id.dither,0
1.3545,ID,id.mode,1
1.3545,ID,id.roll.r,0.10421181
1.3545,ID,id.roll.u_ad,0.1675379
1.3545,ID,id.roll.u_nom,0.13895988
1.3545,ID,id.roll.x,-0.089500293
1.3545,ID,id.roll.xm,0.10421181
1.3545,ID,id.sample_counter,14708
1.3545,ID,id.sysid_state,0
1.3545,ID,id.vbat,0
1.3595,ID,id.arm,1
1.3595,ID,id.axis,1
1.3595,ID,id.dither,0
1.3595,ID,id.mode,1
1.3595,ID,id.roll.r,0.118996
1.3595,ID,id.roll.u_ad,0.16669413
1.3595,ID,id.roll.u_nom,-0.024255635
1.3595,ID,id.roll.x,0.031123232
1.3595,ID,id.roll.xm,0.118996
1.3595,ID,id.sample_counter,14709
1.3595,ID,id.sysid_state,0
1.3595,ID,id.vbat,0
1.3647,ID,id.arm,1
1.3647,ID,id.axis,1
1.3647,ID,id.dither,0
1.3647,ID,id.mode,1
1.3647,ID,id.roll.r,0.10324784
1.3647,ID,id.roll.u_ad,0.16584256
1.3647,ID,id.roll.u_nom,-0.011664052
1.3647,ID,id.roll.x,0.068815932
1.3647,ID,id.roll.xm,0.10324784
1.3647,ID,id.sample_counter,14710
1.3647,ID,id.sysid_state,0
1.3647,ID,id.vbat,0
1.3694,ID,id.arm,1
1.3694,ID,id.axis,1
1.3694,ID,id.dither,0
1.3694,ID,id.mode,1
1.3694,ID,id.roll.r,0.11285247
1.3694,ID,id.roll.u_ad,0.16725178
1.3694,ID,id.roll.u_nom,0.11989403
1.3694,ID,id.roll.x,-0.065049767
1.3694,ID,id.roll.xm,0.11285247
1.3694,ID,id.sample_counter,14711
1.3694,ID,id.sysid_state,0
1.3694,ID,id.vbat,0
1.3744,ID,id.arm,1
1.3744,ID,id.axis,1
1.3744,ID,id.dither,0
1.3744,ID,id.mode,1
1.3744,ID,id.roll.r,0.11004641
1.3744,ID,id.roll.u_ad,0.16536617
1.3744,ID,id.roll.u_nom,-0.087452993
1.3744,ID,id.roll.x,0.14289202
1.3744,ID,id.roll.xm,0.11004641
1.3744,ID,id.sample_counter,14712
1.3744,ID,id.sysid_state,0
1.3744,ID,id.vbat,0
1.3795,A,mrac.pitch.e,0.1463972
1.3795,A,mrac.pitch.u_ad,-0.028021792
1.3795,A,mrac.roll.e,-0.14693192
1.3795,A,mrac.roll.u_ad,0.16433598
1.3795,A,mrac.yaw.e,0.11745733
1.3795,A,mrac.yaw.u_ad,-0.014582132
1.3795,A,mrac.z.e,0.15468168
1.3795,A,mrac.z.u_ad,-0.093455635
1.3795,A,status.arm,1
1.3795,A,status.flymode,1
1.3795,A,status.rc_authority,0
1.3795,A,status.sbus_lost,0
1.3795,A,status.twc_arrived,0
1.3795,A,status.twc_execute,0
1.3796,B,mrac.pitch.theta_0,4.132549e-07
1.3796,B,mrac.pitch.theta_1,0.0037695603
1.3796,B,mrac.pitch.theta_2,0.00027770072
1.3796,B,mrac.pitch.theta_3,0.0012366422
1.3796,B,mrac.pitch.theta_4,0.073575653
1.3796,B,mrac.pitch.theta_5,0.14285959
1.3796,B,mrac.pitch.u_nom,-0.026228076
1.3796,B,mrac.pitch.xm,-0.16262314
1.3796,B,mrac.roll.theta_0,0.14804436
1.3796,B,mrac.roll.theta_1,0.00057235436
1.3796,B,mrac.roll.theta_2,0.0070380601
1.3796,B,mrac.roll.theta_3,0.001227985
1.3796,B,mrac.roll.theta_4,0.097986192
1.3796,B,mrac.roll.theta_5,0.13872628
1.3796,B,mrac.roll.u_nom,0.10521706
1.3796,B,mrac.roll.xm,0.10237975
1.3796,B,mrac.yaw.theta_0,2.4751674e-27
1.3796,B,mrac.yaw.theta_1,0.00253204
1.3796,B,mrac.yaw.theta_2,7.3484814e-05
1.3796,B,mrac.yaw.theta_3,0
1.3796,B,mrac.yaw.theta_4,0.067201026
1.3796,B,mrac.yaw.theta_5,0.087773129
1.3796,B,mrac.yaw.u_nom,-0.040193453
1.3796,B,mrac.yaw.xm,-0.12174182
1.3796,B,mrac.z.theta_0,0.00035542116
1.3796,B,mrac.z.theta_1,0.0050095906
1.3796,B,mrac.z.theta_2,0.00028025839
1.3796,B,mrac.z.theta_3,0
1.3796,B,mrac.z.theta_4,0.19748773
1.3796,B,mrac.z.theta_5,0.19379342
1.3796,B,mrac.z.u_nom,-0.31841227
1.3796,B,mrac.z.xm,-0.15719284
1.3796,B,path.active_path_mode,0
1.3796,B,path.circle_theta,0
1.3796,B,path.sinusoid_t_elapsed,0
1.3796,B,path.twc_arrived,0
1.3796,B,path.twc_target_x,0
1.3796,B,path.twc_target_y,0
1.3796,B,path.twc_target_z,0
1.3796,B,pid.gyrox.Des,5.8659253
1.3796,B,pid.gyrox.FB,-3.3990817
1.3796,B,pid.gyrox.U,123.10397
1.3796,B,pid.gyroy.Des,-9.3176155
1.3796,B,pid.gyroy.FB,-2.2133393
1.3796,B,pid.gyroy.U,-30.686848
1.3796,B,pid.gyroz.Des,-6.9752893
1.3796,B,pid.gyroz.FB,2.1769795
1.3796,B,pid.gyroz.U,-75.242142
1.3796,B,pid.locx.Des,0
1.3796,B,pid.locx.FB,-1.095263
1.3796,B,pid.locx.U,2.5476522
1.3796,B,pid.locxs.Des,2.5476522
1.3796,B,pid.locxs.FB,9.0815659
1.3796,B,pid.locxs.U,-19.920658
1.3796,B,pid.locy.Des,0
1.3796,B,pid.locy.FB,26.621151
1.3796,B,pid.locy.U,-23.390139
1.3796,B,pid.locys.Des,-23.390139
1.3796,B,pid.locys.FB,1.5890749
1.3796,B,pid.locys.U,-75.063477
1.3796,B,pid.pitch.Des,-4.4244676
1.3796,B,pid.pitch.FB,-1.3322791
1.3796,B,pid.pitch.U,-9.3176155
1.3796,B,pid.roll.Des,0.96308702
1.3796,B,pid.roll.FB,-1.0052773
1.3796,B,pid.roll.U,5.8659253
1.3796,B,pid.yaw.Des,1.7745692
1.3796,B,pid.yaw.FB,2.6037841
1.3796,B,pid.yaw.U,-6.9752893
1.3796,B,pid.z_pos.Des,1.499074
1.3796,B,pid.z_pos.FB,1.5093596
1.3796,B,pid.z_pos.U,-0.15719284
1.3796,B,pid.z_rate.Des,-0.15719284
1.3796,B,pid.z_rate.FB,-0.013099051
1.3796,B,pid.z_rate.U,-70.687523
1.3796,B,status.vbat,0
1.3802,ID,id.arm,1
1.3802,ID,id.axis,1
1.3802,ID,id.dither,0
1.3802,ID,id.mode,1
1.3802,ID,id.roll.r,0.10452501
1.3802,ID,id.roll.u_ad,0.16689888
1.3802,ID,id.roll.u_nom,0.13486646
1.3802,ID,id.roll.x,-0.072466075
1.3802,ID,id.roll.xm,0.10452501
1.3802,ID,id.sample_counter,14713
1.3802,ID,id.sysid_state,0
1.3802,ID,id.vbat,0
1.3845,ID,id.arm,1
1.3845,ID,id.axis,1
1.3845,ID,id.dither,0
1.3845,ID,id.mode,1
1.3845,ID,id.roll.r,0.11127582
1.3845,ID,id.roll.u_ad,0.16490008
1.3845,ID,id.roll.u_nom,-0.099042848
1.3845,ID,id.roll.x,0.19145526
1.3845,ID,id.roll.xm,0.11127582
1.3845,ID,id.sample_counter,14714
1.3845,ID,id.sysid_state,0
1.3845,ID,id.vbat,0
1.3895,ID,id.arm,1
1.3895,ID,id.axis,1
1.3895,ID,id.dither,0
1.3895,ID,id.mode,1
1.3895,ID,id.roll.r,0.096496172
1.3895,ID,id.roll.u_ad,0.1660123
1.3895,ID,id.roll.u_nom,0.11587834
1.3895,ID,id.roll.x,-0.0029460103
1.3895,ID,id.roll.xm,0.096496172
1.3895,ID,id.sample_counter,14715
1.3895,ID,id.sysid_state,0
1.3895,ID,id.vbat,0
1.3943,ID,id.arm,1
1.3943,ID,id.axis,1
1.3943,ID,id.dither,0
1.3943,ID,id.mode,1
1.3943,ID,id.roll.r,0.11243191
1.3943,ID,id.roll.u_ad,0.16631635
1.3943,ID,id.roll.u_nom,0.049817789
1.3943,ID,id.roll.x,-0.01343359
1.3943,ID,id.roll.xm,0.11243191
1.3943,ID,id.sample_counter,14716
1.3943,ID,id.sysid_state,0
1.3943,ID,id.vbat,0
1.3995,ID,id.arm,1
1.3995,ID,id.axis,1
1.3995,ID,id.dither,0
1.3995,ID,id.mode,1
1.3995,ID,id.roll.r,0.1029283
1.3995,ID,id.roll.u_ad,0.16487269
1.3995,ID,id.roll.u_nom,-0.053522144
1.3995,ID,id.roll.x,0.1001317
1.3995,ID,id.roll.xm,0.1029283
1.3995,ID,id.sample_counter,14717
1.3995,ID,id.sysid_state,0
1.3995,ID,id.vbat,0
1.4044,ID,id.arm,1
1.4044,ID,id.axis,1
1.4044,ID,id.dither,0
1.4044,ID,id.mode,1
1.4044,ID,id.roll.r,0.10662558
1.4044,ID,id.roll.u_ad,0.16661626
1.4044,ID,id.roll.u_nom,0.14332598
1.4044,ID,id.roll.x,-0.10490923
1.4044,ID,id.roll.xm,0.10662558
1.4044,ID,id.sample_counter,14718
1.4044,ID,id.sysid_state,0
1.4044,ID,id.vbat,0
1.4095,ID,id.arm,1
1.4095,ID,id.axis,1
1.4095,ID,id.dither,0
1.4095,ID,id.mode,1
1.4095,ID,id.roll.r,0.10779384
1.4095,ID,id.roll.u_ad,0.16479467
1.4095,ID,id.roll.u_nom,-0.08384186
1.4095,ID,id.roll.x,0.12586081
1.4095,ID,id.roll.xm,0.10779384
1.4095,ID,id.sample_counter,14719
1.4095,ID,id.sysid_state,0
1.4095,ID,id.vbat,0
1.4150,ID,id.arm,1
1.4150,ID,id.axis,1
1.4150,ID,id.dither,0
1.4150,ID,id.mode,1
1.4150,ID,id.roll.r,0.098473653
1.4150,ID,id.roll.u_ad,0.16613492
1.4150,ID,id.roll.u_nom,0.12669562
1.4150,ID,id.roll.x,-0.053720795
1.4150,ID,id.roll.xm,0.098473653
1.4150,ID,id.sample_counter,14720
1.4150,ID,id.sysid_state,0
1.4150,ID,id.vbat,0
1.4194,ID,id.arm,1
1.4194,ID,id.axis,1
1.4194,ID,id.dither,0
1.4194,ID,id.mode,1
1.4194,ID,id.roll.r,0.10998777
1.4194,ID,id.roll.u_ad,0.16514762
1.4194,ID,id.roll.u_nom,-0.034274366
1.4194,ID,id.roll.x,0.06342338
1.4194,ID,id.roll.xm,0.10998777
1.4194,ID,id.sample_counter,14721
1.4194,ID,id.sysid_state,0
1.4194,ID,id.vbat,0
1.4244,ID,id.arm,1
1.4244,ID,id.axis,1
1.4244,ID,id.dither,0
1.4244,ID,id.mode,1
1.4244,ID,id.roll.r,0.099216439
1.4244,ID,id.roll.u_ad,0.16474378
1.4244,ID,id.roll.u_nom,0.010305251
1.4244,ID,id.roll.x,0.062383305
1.4244,ID,id.roll.xm,0.099216439
1.4244,ID,id.sample_counter,14722
1.4244,ID,id.sysid_state,0
1.4244,ID,id.vbat,0
1.4301,ID,id.arm,1
1.4301,ID,id.axis,1
1.4301,ID,id.dither,0
1.4301,ID,id.mode,1
1.4301,ID,id.roll.r,0.10618638
1.4301,ID,id.roll.u_ad,0.16544791
1.4301,ID,id.roll.u_nom,0.072008185
1.4301,ID,id.roll.x,-0.0081589818
1.4301,ID,id.roll.xm,0.10618638
1.4301,ID,id.sample_counter,14723
1.4301,ID,id.sysid_state,0
1.4301,ID,id.vbat,0
1.4345,ID,id.arm,1
1.4345,ID,id.axis,1
1.4345,ID,id.dither,0
1.4345,ID,id.mode,1
1.4345,ID,id.roll.r,0.099793464
1.4345,ID,id.roll.u_ad,0.16393434
1.4345,ID,id.roll.u_nom,-0.063806571
1.4345,ID,id.roll.x,0.1186531
1.4345,ID,id.roll.xm,0.099793464
1.4345,ID,id.sample_counter,14724
1.4345,ID,id.sysid_state,0
1.4345,ID,id.vbat,0
1.4395,ID,id.arm,1
1.4395,ID,id.axis,1
1.4395,ID,id.dither,0
1.4395,ID,id.mode,1
1.4395,ID,id.roll.r,0.098253079
1.4395,ID,id.roll.u_ad,0.16546504
1.4395,ID,id.roll.u_nom,0.13075557
1.4395,ID,id.roll.x,-0.062017117
1.4395,ID,id.roll.xm,0.098253079
1.4395,ID,id.sample_counter,14725
1.4395,ID,id.sysid_state,0
1.4395,ID,id.vbat,0
1.4443,ID,id.arm,1
1.4443,ID,id.axis,1
1.4443,ID,id.dither,0
1.4443,ID,id.mode,1
1.4443,ID,id.roll.r,0.10250977
1.4443,ID,id.roll.u_ad,0.16366631
1.4443,ID,id.roll.u_nom,-0.087443665
1.4443,ID,id.roll.x,0.13518369
1.4443,ID,id.roll.xm,0.10250977
1.4443,ID,id.sample_counter,14726
1.4443,ID,id.sysid_state,0
1.4443,ID,id.vbat,0
1.4495,ID,id.arm,1
1.4495,ID,id.axis,1
1.4495,ID,id.dither,0
1.4495,ID,id.mode,1
1.4495,ID,id.roll.r,0.093091182
1.4495,ID,id.roll.u_ad,0.16507882
1.4495,ID,id.roll.u_nom,0.1271065
1.4495,ID,id.roll.x,-0.0523412
1.4495,ID,id.roll.xm,0.093091182
1.4495,ID,id.sample_counter,14727
1.4495,ID,id.sysid_state,0
1.4495,ID,id.vbat,0
1.4544,ID,id.arm,1
1.4544,ID,id.axis,1
1.4544,ID,id.dither,0
1.4544,ID,id.mode,1
1.4544,ID,id.roll.r,0.10522614
1.4544,ID,id.roll.u_ad,0.16442358
1.4544,ID,id.roll.u_nom,-0.016232116
1.4544,ID,id.roll.x,0.038573489
1.4544,ID,id.roll.xm,0.10522614
1.4544,ID,id.sample_counter,14728
1.4544,ID,id.sysid_state,0
1.4544,ID,id.vbat,0
1.4594,ID,id.arm,1
1.4594,ID,id.axis,1
1.4594,ID,id.dither,0
1.4594,ID,id.mode,1
1.4594,ID,id.roll.r,0.09587764
1.4594,ID,id.roll.u_ad,0.16437413
1.4594,ID,id.roll.u_nom,0.031475052
1.4594,ID,id.roll.x,0.016798299
1.4594,ID,id.roll.xm,0.09587764
1.4594,ID,id.sample_counter,14729
1.4594,ID,id.sysid_state,0
1.4594,ID,id.vbat,0
1.4646,ID,id.arm,1
1.4646,ID,id.axis,1
1.4646,ID,id.dither,0
1.4646,ID,id.mode,1
1.4646,ID,id.roll.r,0.10497333
1.4646,ID,id.roll.u_ad,0.16558041
1.4646,ID,id.roll.u_nom,0.1030458
1.4646,ID,id.roll.x,-0.079823837
1.4646,ID,id.roll.xm,0.10497333
1.4646,ID,id.sample_counter,14730
1.4646,ID,id.sysid_state,0
1.4646,ID,id.vbat,0
1.4695,ID,id.arm,1
1.4695,ID,id.axis,1
1.4695,ID,id.dither,0
1.4695,ID,id.mode,1
1.4695,ID,id.roll.r,0.10118423
1.4695,ID,id.roll.u_ad,0.16376875
1.4695,ID,id.roll.u_nom,-0.085668042
1.4695,ID,id.roll.x,0.12655564
1.4695,ID,id.roll.xm,0.10118423
1.4695,ID,id.sample_counter,14731
1.4695,ID,id.sysid_state,0
1.4695,ID,id.vbat,0
1.4743,ID,id.arm,1
1.4743,ID,id.axis,1
1.4743,ID,id.dither,0
1.4743,ID,id.mode,1
1.4743,ID,id.roll.r,0.09752512
1.4743,ID,id.roll.u_ad,0.16559789
1.4743,ID,id.roll.u_nom,0.14865322
1.4743,ID,id.roll.x,-0.13595644
1.4743,ID,id.roll.xm,0.09752512
1.4743,ID,id.sample_counter,14732
1.4743,ID,id.sysid_state,0
1.4743,ID,id.vbat,0
1.4798,ID,id.arm,1
1.4798,ID,id.axis,1
1.4798,ID,id.dither,0
1.4798,ID,id.mode,1
1.4798,ID,id.roll.r,0.10621415
1.4798,ID,id.roll.u_ad,0.16396916
1.4798,ID,id.roll.u_nom,-0.080165237
1.4798,ID,id.roll.x,0.10910592
1.4798,ID,id.roll.xm,0.10621415
1.4798,ID,id.sample_counter,14733
1.4798,ID,id.sysid_state,0
1.4798,ID,id.vbat,0
1.4846,ID,id.arm,1
1.4846,ID,id.axis,1
1.4846,ID,id.dither,0
1.4846,ID,id.mode,1
1.4846,ID,id.roll.r,0.09155409
1.4846,ID,id.roll.u_ad,0.16467361
1.4846,ID,id.roll.u_nom,0.083355442
1.4846,ID,id.roll.x,-0.011808883
1.4846,ID,id.roll.xm,0.09155409
1.4846,ID,id.sample_counter,14734
1.4846,ID,id.sysid_state,0
1.4846,ID,id.vbat,0
1.4895,ID,id.arm,1
1.4895,ID,id.axis,1
1.4895,ID,id.dither,0
1.4895,ID,id.mode,1
1.4895,ID,id.roll.r,0.10459909
1.4895,ID,id.roll.u_ad,0.16498965
1.4895,ID,id.roll.u_nom,0.045737613
1.4895,ID,id.roll.x,-0.018389074
1.4895,ID,id.roll.xm,0.10459909
1.4895,ID,id.sample_counter,14735
1.4895,ID,id.sysid_state,0
1.4895,ID,id.vbat,0
1.4945,ID,id.arm,1
1.4945,ID,id.axis,1
1.4945,ID,id.dither,0
1.4945,ID,id.mode,1
1.4945,ID,id.roll.r,0.095984757
1.4945,ID,id.roll.u_ad,0.16339879
1.4945,ID,id.roll.u_nom,-0.069835335
1.4945,ID,id.roll.x,0.11723505
1.4945,ID,id.roll.xm,0.095984757
1.4945,ID,id.sample_counter,14736
1.4945,ID,id.sysid_state,0
1.4945,ID,id.vbat,0
1.4995,ID,id.arm,1
1.4995,ID,id.axis,1
1.4995,ID,id.dither,0
1.4995,ID,id.mode,1
1.4995,ID,id.roll.r,0.098853678
1.4995,ID,id.roll.u_ad,0.1652313
1.4995,ID,id.roll.u_nom,0.14294431
1.4995,ID,id.roll.x,-0.11136052
1.4995,ID,id.roll.xm,0.098853678
1.4995,ID,id.sample_counter,14737
1.4995,ID,id.sysid_state,0
1.4995,ID,id.vbat,0
1.5044,ID,id.arm,1
1.5044,ID,id.axis,1
1.5044,ID,id.dither,0
1.5044,ID,id.mode,1
1.5044,ID,id.roll.r,0.1030855
1.5044,ID,id.roll.u_ad,0.16365446
1.5044,ID,id.roll.u_nom,-0.076183081
1.5044,ID,id.roll.x,0.089698121
1.5044,ID,id.roll.xm,0.1030855
1.5044,ID,id.sample_counter,14738
1.5044,ID,id.sysid_state,0
1.5044,ID,id.vbat,0
1.5094,ID,id.arm,1
1.5094,ID,id.axis,1
1.5094,ID,id.dither,0
1.5094,ID,id.mode,1
1.5094,ID,id.roll.r,0.09544339
1.5094,ID,id.roll.u_ad,0.16527313
1.5094,ID,id.roll.u_nom,0.13577178
1.5094,ID,id.roll.x,-0.090134956
1.5094,ID,id.roll.xm,0.09544339
1.5094,ID,id.sample_counter,14739
1.5094,ID,id.sysid_state,0
1.5094,ID,id.vbat,0
1.5149,ID,id.arm,1
1.5149,ID,id.axis,1
1.5149,ID,id.dither,0
1.5149,ID,id.mode,1
1.5149,ID,id.roll.r,0.10803722
1.5149,ID,id.roll.u_ad,0.16448666
1.5149,ID,id.roll.u_nom,-0.028656606
1.5149,ID,id.roll.x,0.031510673
1.5149,ID,id.roll.xm,0.10803722
1.5149,ID,id.sample_counter,14740
1.5149,ID,id.sysid_state,0
1.5149,ID,id.vbat,0
1.5194,ID,id.arm,1
1.5194,ID,id.axis,1
1.5194,ID,id.dither,0
1.5194,ID,id.mode,1
1.5194,ID,id.roll.r,0.096288711
1.5194,ID,id.roll.u_ad,0.16439465
1.5194,ID,id.roll.u_nom,0.026980398
1.5194,ID,id.roll.x,0.016721534
1.5194,ID,id.roll.xm,0.096288711
1.5194,ID,id.sample_counter,14741
1.5194,ID,id.sysid_state,0
1.5194,ID,id.vbat,0
1.5245,ID,id.arm,1
1.5245,ID,id.axis,1
1.5245,ID,id.dither,0
1.5245,ID,id.mode,1
1.5245,ID,id.roll.r,0.10680854
1.5245,ID,id.roll.u_ad,0.16564983
1.5245,ID,id.roll.u_nom,0.10236964
1.5245,ID,id.roll.x,-0.077417441
1.5245,ID,id.roll.xm,0.10680854
1.5245,ID,id.sample_counter,14742
1.5245,ID,id.sysid_state,0
1.5245,ID,id.vbat,0
1.5312,ID,id.arm,1
1.5312,ID,id.axis,1
1.5312,ID,id.dither,0
1.5312,ID,id.mode,1
1.5312,ID,id.roll.r,0.10280623
1.5312,ID,id.roll.u_ad,0.16445388
1.5312,ID,id.roll.u_nom,-0.045718763
1.5312,ID,id.roll.x,0.050408956
1.5312,ID,id.roll.xm,0.10280623
1.5312,ID,id.sample_counter,14743
1.5312,ID,id.sysid_state,0
1.5312,ID,id.vbat,0
1.5345,ID,id.arm,1
1.5345,ID,id.axis,1
1.5345,ID,id.dither,0
1.5345,ID,id.mode,1
1.5345,ID,id.roll.r,-0.00025087819
1.5345,ID,id.roll.u_ad,0.16281231
1.5345,ID,id.roll.u_nom,0.057329841
1.5345,ID,id.roll.x,-0.10504831
1.5345,ID,id.roll.xm,-0.00025087819
1.5345,ID,id.sample_counter,14744
1.5345,ID,id.sysid_state,0
1.5345,ID,id.vbat,0
1.5394,ID,id.arm,1
1.5394,ID,id.axis,1
1.5394,ID,id.dither,0
1.5394,ID,id.mode,1
1.5394,ID,id.roll.r,0.07941924
1.5394,ID,id.roll.u_ad,0.16196407
1.5394,ID,id.roll.u_nom,-0.017987851
1.5394,ID,id.roll.x,0.042222656
1.5394,ID,id.roll.xm,0.07941924
1.5394,ID,id.sample_counter,14745
1.5394,ID,id.sysid_state,0
1.5394,ID,id.vbat,0
1.5444,ID,id.arm,1
1.5444,ID,id.axis,1
1.5444,ID,id.dither,0
1.5444,ID,id.mode,1
1.5444,ID,id.roll.r,0.1383768
1.5444,ID,id.roll.u_ad,0.1650728
1.5444,ID,id.roll.u_nom,0.15767236
1.5444,ID,id.roll.x,-0.13196105
1.5444,ID,id.roll.xm,0.1383768
1.5444,ID,id.sample_counter,14746
1.5444,ID,id.sysid_state,0
1.5444,ID,id.vbat,0
1.5496,ID,id.arm,1
1.5496,ID,id.axis,1
1.5496,ID,id.dither,0
1.5496,ID,id.mode,1
1.5496,ID,id.roll.r,0.10238973
1.5496,ID,id.roll.u_ad,0.16393054
1.5496,ID,id.roll.u_nom,-0.047435071
1.5496,ID,id.roll.x,-0.005078923
1.5496,ID,id.roll.xm,0.10238973
1.5496,ID,id.sample_counter,14747
1.5496,ID,id.sysid_state,0
1.5496,ID,id.vbat,0
1.5546,ID,id.arm,1
1.5546,ID,id.axis,1
1.5546,ID,id.dither,0
1.5546,ID,id.mode,1
1.5546,ID,id.roll.r,0.092196442
1.5546,ID,id.roll.u_ad,0.16387697
1.5546,ID,id.roll.u_nom,0.028952762
1.5546,ID,id.roll.x,-0.010683904
1.5546,ID,id.roll.xm,0.092196442
1.5546,ID,id.sample_counter,14748
1.5546,ID,id.sysid_state,0
1.5546,ID,id.vbat,0
1.5595,ID,id.arm,1
1.5595,ID,id.axis,1
1.5595,ID,id.dither,0
1.5595,ID,id.mode,1
1.5595,ID,id.roll.r,0.099702351
1.5595,ID,id.roll.u_ad,0.16502939
1.5595,ID,id.roll.u_nom,0.099079758
1.5595,ID,id.roll.x,-0.09558703
1.5595,ID,id.roll.xm,0.099702351
1.5595,ID,id.sample_counter,14749
1.5595,ID,id.sysid_state,0
1.5595,ID,id.vbat,0
1.5645,ID,id.arm,1
1.5645,ID,id.axis,1
1.5645,ID,id.dither,0
1.5645,ID,id.mode,1
1.5645,ID,id.roll.r,0.095023908
1.5645,ID,id.roll.u_ad,0.16326062
1.5645,ID,id.roll.u_nom,-0.081697173
1.5645,ID,id.roll.x,0.10413826
1.5645,ID,id.roll.xm,0.095023908
1.5645,ID,id.sample_counter,14750
1.5645,ID,id.sysid_state,0
1.5645,ID,id.vbat,0
1.5697,ID,id.arm,1
1.5697,ID,id.axis,1
1.5697,ID,id.dither,0
1.5697,ID,id.mode,1
1.5697,ID,id.roll.r,0.091823325
1.5697,ID,id.roll.u_ad,0.16512807
1.5697,ID,id.roll.u_nom,0.15134716
1.5697,ID,id.roll.x,-0.15270016
1.5697,ID,id.roll.xm,0.091823325
1.5697,ID,id.sample_counter,14751
1.5697,ID,id.sysid_state,0
1.5697,ID,id.vbat,0
1.5747,ID,id.arm,1
1.5747,ID,id.axis,1
1.5747,ID,id.dither,0
1.5747,ID,id.mode,1
1.5747,ID,id.roll.r,0.10368346
1.5747,ID,id.roll.u_ad,0.16393842
1.5747,ID,id.roll.u_nom,-0.052810289
1.5747,ID,id.roll.x,0.020735877
1.5747,ID,id.roll.xm,0.10368346
1.5747,ID,id.sample_counter,14752
1.5747,ID,id.sysid_state,0
1.5747,ID,id.vbat,0
1.5803,ID,id.arm,1
1.5803,ID,id.axis,1
1.5803,ID,id.dither,0
1.5803,ID,id.mode,1
1.5803,ID,id.roll.r,0.094070256
1.5803,ID,id.roll.u_ad,0.164822
1.5803,ID,id.roll.u_nom,0.088990837
1.5803,ID,id.roll.x,-0.074202068
1.5803,ID,id.roll.xm,0.094070256
1.5803,ID,id.sample_counter,14753
1.5803,ID,id.sysid_state,0
1.5803,ID,id.vbat,0
1.5808,A,mrac.pitch.e,0.1463972
1.5808,A,mrac.pitch.u_ad,-0.028021792
1.5808,A,mrac.roll.e,-0.14693192
1.5808,A,mrac.roll.u_ad,0.16433598
1.5808,A,mrac.yaw.e,0.11745733
1.5808,A,mrac.yaw.u_ad,-0.014582132
1.5808,A,mrac.z.e,0.15468168
1.5808,A,mrac.z.u_ad,-0.093455635
1.5808,A,status.arm,1
1.5808,A,status.flymode,1
1.5808,A,status.rc_authority,0
1.5808,A,status.sbus_lost,0
1.5808,A,status.twc_arrived,0
1.5808,A,status.twc_execute,0
1.5809,B,mrac.pitch.theta_0,4.132549e-07
1.5809,B,mrac.pitch.theta_1,0.0037695603
1.5809,B,mrac.pitch.theta_2,0.00027770072
1.5809,B,mrac.pitch.theta_3,0.0012366422
1.5809,B,mrac.pitch.theta_4,0.073575653
1.5809,B,mrac.pitch.theta_5,0.14285959
1.5809,B,mrac.pitch.u_nom,-0.026228076
1.5809,B,mrac.pitch.xm,-0.16262314
1.5809,B,mrac.roll.theta_0,0.14804436
1.5809,B,mrac.roll.theta_1,0.00057235436
1.5809,B,mrac.roll.theta_2,0.0070380601
1.5809,B,mrac.roll.theta_3,0.001227985
1.5809,B,mrac.roll.theta_4,0.097986192
1.5809,B,mrac.roll.theta_5,0.13872628
1.5809,B,mrac.roll.u_nom,0.10521706
1.5809,B,mrac.roll.xm,0.10237975
1.5809,B,mrac.yaw.theta_0,2.4751674e-27
1.5809,B,mrac.yaw.theta_1,0.00253204
1.5809,B,mrac.yaw.theta_2,7.3484814e-05
1.5809,B,mrac.yaw.theta_3,0
1.5809,B,mrac.yaw.theta_4,0.067201026
1.5809,B,mrac.yaw.theta_5,0.087773129
1.5809,B,mrac.yaw.u_nom,-0.040193453
1.5809,B,mrac.yaw.xm,-0.12174182
1.5809,B,mrac.z.theta_0,0.00035542116
1.5809,B,mrac.z.theta_1,0.0050095906
1.5809,B,mrac.z.theta_2,0.00028025839
1.5809,B,mrac.z.theta_3,0
1.5809,B,mrac.z.theta_4,0.19748773
1.5809,B,mrac.z.theta_5,0.19379342
1.5809,B,mrac.z.u_nom,-0.31841227
1.5809,B,mrac.z.xm,-0.15719284
1.5809,B,path.active_path_mode,0
1.5809,B,path.circle_theta,0
1.5809,B,path.sinusoid_t_elapsed,0
1.5809,B,path.twc_arrived,0
1.5809,B,path.twc_target_x,0
1.5809,B,path.twc_target_y,0
1.5809,B,path.twc_target_z,0
1.5809,B,pid.gyrox.Des,5.8659253
1.5809,B,pid.gyrox.FB,-3.3990817
1.5809,B,pid.gyrox.U,123.10397
1.5809,B,pid.gyroy.Des,-9.3176155
1.5809,B,pid.gyroy.FB,-2.2133393
1.5809,B,pid.gyroy.U,-30.686848
1.5809,B,pid.gyroz.Des,-6.9752893
1.5809,B,pid.gyroz.FB,2.1769795
1.5809,B,pid.gyroz.U,-75.242142
1.5809,B,pid.locx.Des,0
1.5809,B,pid.locx.FB,-1.095263
1.5809,B,pid.locx.U,2.5476522
1.5809,B,pid.locxs.Des,2.5476522
1.5809,B,pid.locxs.FB,9.0815659
1.5809,B,pid.locxs.U,-19.920658
1.5809,B,pid.locy.Des,0
1.5809,B,pid.locy.FB,26.621151
1.5809,B,pid.locy.U,-23.390139
1.5809,B,pid.locys.Des,-23.390139
1.5809,B,pid.locys.FB,1.5890749
1.5809,B,pid.locys.U,-75.063477
1.5809,B,pid.pitch.Des,-4.4244676
1.5809,B,pid.pitch.FB,-1.3322791
1.5809,B,pid.pitch.U,-9.3176155
1.5809,B,pid.roll.Des,0.96308702
1.5809,B,pid.roll.FB,-1.0052773
1.5809,B,pid.roll.U,5.8659253
1.5809,B,pid.yaw.Des,1.7745692
1.5809,B,pid.yaw.FB,2.6037841
1.5809,B,pid.yaw.U,-6.9752893
1.5809,B,pid.z_pos.Des,1.499074
1.5809,B,pid.z_pos.FB,1.5093596
1.5809,B,pid.z_pos.U,-0.15719284
1.5809,B,pid.z_rate.Des,-0.15719284
1.5809,B,pid.z_rate.FB,-0.013099051
1.5809,B,pid.z_rate.U,-70.687523
1.5809,B,status.vbat,0
1.5848,ID,id.arm,1
1.5848,ID,id.axis,1
1.5848,ID,id.dither,0
1.5848,ID,id.mode,1
1.5848,ID,id.roll.r,0.1049146
1.5848,ID,id.roll.u_ad,0.16505434
1.5848,ID,id.roll.u_nom,0.038521625
1.5848,ID,id.roll.x,-0.051534247
1.5848,ID,id.roll.xm,0.1049146
1.5848,ID,id.sample_counter,14754
1.5848,ID,id.sysid_state,0
1.5848,ID,id.vbat,0
1.5898,ID,id.arm,1
1.5898,ID,id.axis,1
1.5898,ID,id.dither,0
1.5898,ID,id.mode,1
1.5898,ID,id.roll.r,0.097818613
1.5898,ID,id.roll.u_ad,0.16389765
1.5898,ID,id.roll.u_nom,-0.043950371
1.5898,ID,id.roll.x,0.061525945
1.5898,ID,id.roll.xm,0.097818613
1.5898,ID,id.sample_counter,14755
1.5898,ID,id.sysid_state,0
1.5898,ID,id.vbat,0
1.5947,ID,id.arm,1
1.5947,ID,id.axis,1
1.5947,ID,id.dither,0
1.5947,ID,id.mode,1
1.5947,ID,id.roll.r,0.10282586
1.5947,ID,id.roll.u_ad,0.1658646
1.5947,ID,id.roll.u_nom,0.14864278
1.5947,ID,id.roll.x,-0.13065277
1.5947,ID,id.roll.xm,0.10282586
1.5947,ID,id.sample_counter,14756
1.5947,ID,id.sysid_state,0
1.5947,ID,id.vbat,0
1.5995,ID,id.arm,1
1.5995,ID,id.axis,1
1.5995,ID,id.dither,0
1.5995,ID,id.mode,1
1.5995,ID,id.roll.r,0.10545628
1.5995,ID,id.roll.u_ad,0.16464308
1.5995,ID,id.roll.u_nom,-0.050746102
1.5995,ID,id.roll.x,0.02706185
1.5995,ID,id.roll.xm,0.10545628
1.5995,ID,id.sample_counter,14757
1.5995,ID,id.sysid_state,0
1.5995,ID,id.vbat,0
1.6045,ID,id.arm,1
1.6045,ID,id.axis,1
1.6045,ID,id.dither,0
1.6045,ID,id.mode,1
1.6045,ID,id.roll.r,0.096479066
1.6045,ID,id.roll.u_ad,0.16566727
1.6045,ID,id.roll.u_nom,0.10150914
1.6045,ID,id.roll.x,-0.085799709
1.6045,ID,id.roll.xm,0.096479066
1.6045,ID,id.sample_counter,14758
1.6045,ID,id.sysid_state,0
1.6045,ID,id.vbat,0
1.6096,ID,id.arm,1
1.6096,ID,id.axis,1
1.6096,ID,id.dither,0
1.6096,ID,id.mode,1
1.6096,ID,id.roll.r,0.10432021
1.6096,ID,id.roll.u_ad,0.16441447
1.6096,ID,id.roll.u_nom,-0.053946327
1.6096,ID,id.roll.x,0.064415671
1.6096,ID,id.roll.xm,0.10432021
1.6096,ID,id.sample_counter,14759
1.6096,ID,id.sysid_state,0
1.6096,ID,id.vbat,0
1.6149,ID,id.arm,1
1.6149,ID,id.axis,1
1.6149,ID,id.dither,0
1.6149,ID,id.mode,1
1.6149,ID,id.roll.r,0.095621072
1.6149,ID,id.roll.u_ad,0.16485646
1.6149,ID,id.roll.u_nom,0.060967658
1.6149,ID,id.roll.x,-0.0058063329
1.6149,ID,id.roll.xm,0.095621072
1.6149,ID,id.sample_counter,14760
1.6149,ID,id.sysid_state,0
1.6149,ID,id.vbat,0
1.6194,ID,id.arm,1
1.6194,ID,id.axis,1
1.6194,ID,id.dither,0
1.6194,ID,id.mode,1
1.6194,ID,id.roll.r,0.10615598
1.6194,ID,id.roll.u_ad,0.16527271
1.6194,ID,id.roll.u_nom,0.048843045
1.6194,ID,id.roll.x,-0.019780736
1.6194,ID,id.roll.xm,0.10615598
1.6194,ID,id.sample_counter,14761
1.6194,ID,id.sysid_state,0
1.6194,ID,id.vbat,0
1.6245,ID,id.arm,1
1.6245,ID,id.axis,1
1.6245,ID,id.dither,0
1.6245,ID,id.mode,1
1.6245,ID,id.roll.r,0.10071491
1.6245,ID,id.roll.u_ad,0.16506609
1.6245,ID,id.roll.u_nom,0.018385716
1.6245,ID,id.roll.x,-9.802945e-05
1.6245,ID,id.roll.xm,0.10071491
1.6245,ID,id.sample_counter,14762
1.6245,ID,id.sysid_state,0
1.6245,ID,id.vbat,0
1.6297,ID,id.arm,1
1.6297,ID,id.axis,1
1.6297,ID,id.dither,0
1.6297,ID,id.mode,1
1.6297,ID,id.roll.r,0.10652311
1.6297,ID,id.roll.u_ad,0.166619
1.6297,ID,id.roll.u_nom,0.12655306
1.6297,ID,id.roll.x,-0.12479506
1.6297,ID,id.roll.xm,0.10652311
1.6297,ID,id.sample_counter,14763
1.6297,ID,id.sysid_state,0
1.6297,ID,id.vbat,0
1.6345,ID,id.arm,1
1.6345,ID,id.axis,1
1.6345,ID,id.dither,0
1.6345,ID,id.mode,1
1.6345,ID,id.roll.r,0.1058796
1.6345,ID,id.roll.u_ad,0.16514277
1.6345,ID,id.roll.u_nom,-0.06181141
1.6345,ID,id.roll.x,0.043989304
1.6345,ID,id.roll.xm,0.1058796
1.6345,ID,id.sample_counter,14764
1.6345,ID,id.sysid_state,0
1.6345,ID,id.vbat,0
1.6394,ID,id.arm,1
1.6394,ID,id.axis,1
1.6394,ID,id.dither,0
1.6394,ID,id.mode,1
1.6394,ID,id.roll.r,0.099765159
1.6394,ID,id.roll.u_ad,0.16678739
1.6394,ID,id.roll.u_nom,0.14278959
1.6394,ID,id.roll.x,-0.12770829
1.6394,ID,id.roll.xm,0.099765159
1.6394,ID,id.sample_counter,14765
1.6394,ID,id.sysid_state,0
1.6394,ID,id.vbat,0
1.6444,ID,id.arm,1
1.6444,ID,id.axis,1
1.6444,ID,id.dither,0
1.6444,ID,id.mode,1
1.6444,ID,id.roll.r,0.10728007
1.6444,ID,id.roll.u_ad,0.16516934
1.6444,ID,id.roll.u_nom,-0.072446309
1.6444,ID,id.roll.x,0.078670457
1.6444,ID,id.roll.xm,0.10728007
1.6444,ID,id.sample_counter,14766
1.6444,ID,id.sysid_state,0
1.6444,ID,id.vbat,0
1.6495,ID,id.arm,1
1.6495,ID,id.axis,1
1.6495,ID,id.dither,0
1.6495,ID,id.mode,1
1.6495,ID,id.roll.r,0.094652332
1.6495,ID,id.roll.u_ad,0.1654848
1.6495,ID,id.roll.u_nom,0.060640514
1.6495,ID,id.roll.x,0.0012193137
1.6495,ID,id.roll.xm,0.094652332
1.6495,ID,id.sample_counter,14767
1.6495,ID,id.sysid_state,0
1.6495,ID,id.vbat,0
1.6544,ID,id.arm,1
1.6544,ID,id.axis,1
1.6544,ID,id.dither,0
1.6544,ID,id.mode,1
1.6544,ID,id.roll.r,0.1053867
1.6544,ID,id.roll.u_ad,0.16605486
1.6544,ID,id.roll.u_nom,0.065957241
1.6544,ID,id.roll.x,-0.038499866
1.6544,ID,id.roll.xm,0.1053867
1.6544,ID,id.sample_counter,14768
1.6544,ID,id.sysid_state,0
1.6544,ID,id.vbat,0
1.6594,ID,id.arm,1
1.6594,ID,id.axis,1
1.6594,ID,id.dither,0
1.6594,ID,id.mode,1
1.6594,ID,id.roll.r,0.10009655
1.6594,ID,id.roll.u_ad,0.1649639
1.6594,ID,id.roll.u_nom,-0.033973146
1.6594,ID,id.roll.x,0.058615237
1.6594,ID,id.roll.xm,0.10009655
1.6594,ID,id.sample_counter,14769
1.6594,ID,id.sysid_state,0
1.6594,ID,id.vbat,0
1.6646,ID,id.arm,1
1.6646,ID,id.axis,1
1.6646,ID,id.dither,0
1.6646,ID,id.mode,1
1.6646,ID,id.roll.r,0.10305811
1.6646,ID,id.roll.u_ad,0.16681539
1.6646,ID,id.roll.u_nom,0.14981045
1.6646,ID,id.roll.x,-0.13513218
1.6646,ID,id.roll.xm,0.10305811
1.6646,ID,id.sample_counter,14770
1.6646,ID,id.sysid_state,0
1.6646,ID,id.vbat,0
1.6695,ID,id.arm,1
1.6695,ID,id.axis,1
1.6695,ID,id.dither,0
1.6695,ID,id.mode,1
1.6695,ID,id.roll.r,0.10701571
1.6695,ID,id.roll.u_ad,0.16516817
1.6695,ID,id.roll.u_nom,-0.074335486
1.6695,ID,id.roll.x,0.08616332
1.6695,ID,id.roll.xm,0.10701571
1.6695,ID,id.sample_counter,14771
1.6695,ID,id.sysid_state,0
1.6695,ID,id.vbat,0
1.6745,ID,id.arm,1
1.6745,ID,id.axis,1
1.6745,ID,id.dither,0
1.6745,ID,id.mode,1
1.6745,ID,id.roll.r,0.093316175
1.6745,ID,id.roll.u_ad,0.16567682
1.6745,ID,id.roll.u_nom,0.075215109
1.6745,ID,id.roll.x,-0.014772688
1.6745,ID,id.roll.xm,0.093316175
1.6745,ID,id.sample_counter,14772
1.6745,ID,id.sysid_state,0
1.6745,ID,id.vbat,0
1.6798,ID,id.arm,1
1.6798,ID,id.axis,1
1.6798,ID,id.dither,0
1.6798,ID,id.mode,1
1.6798,ID,id.roll.r,0.10232467
1.6798,ID,id.roll.u_ad,0.16463512
1.6798,ID,id.roll.u_nom,-0.038417254
1.6798,ID,id.roll.x,0.090780124
1.6798,ID,id.roll.xm,0.10232467
1.6798,ID,id.sample_counter,14773
1.6798,ID,id.sysid_state,0
1.6798,ID,id.vbat,0
1.6845,ID,id.arm,1
1.6845,ID,id.axis,1
1.6845,ID,id.dither,0
1.6845,ID,id.mode,1
1.6845,ID,id.roll.r,0.091548122
1.6845,ID,id.roll.u_ad,0.16437289
1.6845,ID,id.roll.u_nom,0.019308263
1.6845,ID,id.roll.x,0.065798551
1.6845,ID,id.roll.xm,0.091548122
1.6845,ID,id.sample_counter,14774
1.6845,ID,id.sysid_state,0
1.6845,ID,id.vbat,0
1.6894,ID,id.arm,1
1.6894,ID,id.axis,1
1.6894,ID,id.dither,0
1.6894,ID,id.mode,1
1.6894,ID,id.roll.r,0.099342309
1.6894,ID,id.roll.u_ad,0.16493052
1.6894,ID,id.roll.u_nom,0.061816022
1.6894,ID,id.roll.x,0.0062544649
1.6894,ID,id.roll.xm,0.099342309
1.6894,ID,id.sample_counter,14775
1.6894,ID,id.sysid_state,0
1.6894,ID,id.vbat,0
1.6943,ID,id.arm,1
1.6943,ID,id.axis,1
1.6943,ID,id.dither,0
1.6943,ID,id.mode,1
1.6943,ID,id.roll.r,0.092538431
1.6943,ID,id.roll.u_ad,0.16389412
1.6943,ID,id.roll.u_nom,-0.03175633
1.6943,ID,id.roll.x,0.081950881
1.6943,ID,id.roll.xm,0.092538431
1.6943,ID,id.sample_counter,14776
1.6943,ID,id.sysid_state,0
1.6943,ID,id.vbat,0
1.6996,ID,id.arm,1
1.6996,ID,id.axis,1
1.6996,ID,id.dither,0
1.6996,ID,id.mode,1
1.6996,ID,id.roll.r,0.092277057
1.6996,ID,id.roll.u_ad,0.16541581
1.6996,ID,id.roll.u_nom,0.1319256
1.6996,ID,id.roll.x,-0.086139895
1.6996,ID,id.roll.xm,0.092277057
1.6996,ID,id.sample_counter,14777
1.6996,ID,id.sysid_state,0
1.6996,ID,id.vbat,0
1.7046,ID,id.arm,1
1.7046,ID,id.axis,1
1.7046,ID,id.dither,0
1.7046,ID,id.mode,1
1.7046,ID,id.roll.r,0.097557522
1.7046,ID,id.roll.u_ad,0.16405347
1.7046,ID,id.roll.u_nom,-0.05574286
1.7046,ID,id.roll.x,0.062761344
1.7046,ID,id.roll.xm,0.097557522
1.7046,ID,id.sample_counter,14778
1.7046,ID,id.sysid_state,0
1.7046,ID,id.vbat,0
1.7095,ID,id.arm,1
1.7095,ID,id.axis,1
1.7095,ID,id.dither,0
1.7095,ID,id.mode,1
1.7095,ID,id.roll.r,0.091788009
1.7095,ID,id.roll.u_ad,0.16479287
1.7095,ID,id.roll.u_nom,0.081340268
1.7095,ID,id.roll.x,-0.033880126
1.7095,ID,id.roll.xm,0.091788009
1.7095,ID,id.sample_counter,14779
1.7095,ID,id.sysid_state,0
1.7095,ID,id.vbat,0
1.7152,ID,id.arm,1
1.7152,ID,id.axis,1
1.7152,ID,id.dither,0
1.7152,ID,id.mode,1
1.7152,ID,id.roll.r,0.10104913
1.7152,ID,id.roll.u_ad,0.16431355
1.7152,ID,id.roll.u_nom,-0.0070260218
1.7152,ID,id.roll.x,0.035097793
1.7152,ID,id.roll.xm,0.10104913
1.7152,ID,id.sample_counter,14780
1.7152,ID,id.sysid_state,0
1.7152,ID,id.vbat,0
1.7195,ID,id.arm,1
1.7195,ID,id.axis,1
1.7195,ID,id.dither,0
1.7195,ID,id.mode,1
1.7195,ID,id.roll.r,0.093342364
1.7195,ID,id.roll.u_ad,0.16434476
1.7195,ID,id.roll.u_nom,0.033713482
1.7195,ID,id.roll.x,0.011741198
1.7195,ID,id.roll.xm,0.093342364
1.7195,ID,id.sample_counter,14781
1.7195,ID,id.sysid_state,0
1.7195,ID,id.vbat,0
1.7245,ID,id.arm,1
1.7245,ID,id.axis,1
1.7245,ID,id.dither,0
1.7245,ID,id.mode,1
1.7245,ID,id.roll.r,0.098790057
1.7245,ID,id.roll.u_ad,0.16495919
1.7245,ID,id.roll.u_nom,0.065931424
1.7245,ID,id.roll.x,-0.037104454
1.7245,ID,id.roll.xm,0.098790057
1.7245,ID,id.sample_counter,14782
1.7245,ID,id.sysid_state,0
1.7245,ID,id.vbat,0
1.7298,ID,id.arm,1
1.7298,ID,id.axis,1
1.7298,ID,id.dither,0
1.7298,ID,id.mode,1
1.7298,ID,id.roll.r,0.09581089
1.7298,ID,id.roll.u_ad,0.16309187
1.7298,ID,id.roll.u_nom,-0.092070043
1.7298,ID,id.roll.x,0.14755306
1.7298,ID,id.roll.xm,0.09581089
1.7298,ID,id.sample_counter,14783
1.7298,ID,id.sysid_state,0
1.7298,ID,id.vbat,0
1.7346,ID,id.arm,1
1.7346,ID,id.axis,1
1.7346,ID,id.dither,0
1.7346,ID,id.mode,1
1.7346,ID,id.roll.r,0.091444552
1.7346,ID,id.roll.u_ad,0.16463546
1.7346,ID,id.roll.u_nom,0.12833264
1.7346,ID,id.roll.x,-0.058821775
1.7346,ID,id.roll.xm,0.091444552
1.7346,ID,id.sample_counter,14784
1.7346,ID,id.sysid_state,0
1.7346,ID,id.vbat,0
1.7396,ID,id.arm,1
1.7396,ID,id.axis,1
1.7396,ID,id.dither,0
1.7396,ID,id.mode,1
1.7396,ID,id.roll.r,0.09898375
1.7396,ID,id.roll.u_ad,0.16314968
1.7396,ID,id.roll.u_nom,-0.073210247
1.7396,ID,id.roll.x,0.10672884
1.7396,ID,id.roll.xm,0.09898375
1.7396,ID,id.sample_counter,14785
1.7396,ID,id.sysid_state,0
1.7396,ID,id.vbat,0
1.7445,ID,id.arm,1
1.7445,ID,id.axis,1
1.7445,ID,id.dither,0
1.7445,ID,id.mode,1
1.7445,ID,id.roll.r,0.088675857
1.7445,ID,id.roll.u_ad,0.1642506
1.7445,ID,id.roll.u_nom,0.10275739
1.7445,ID,id.roll.x,-0.037792966
1.7445,ID,id.roll.xm,0.088675857
1.7445,ID,id.sample_counter,14786
1.7445,ID,id.sysid_state,0
1.7445,ID,id.vbat,0
1.7494,ID,id.arm,1
1.7494,ID,id.axis,1
1.7494,ID,id.dither,0
1.7494,ID,id.mode,1
1.7494,ID,id.roll.r,0.10024325
1.7494,ID,id.roll.u_ad,0.16481939
1.7494,ID,id.roll.u_nom,0.061424211
1.7494,ID,id.roll.x,-0.059432268
1.7494,ID,id.roll.xm,0.10024325
1.7494,ID,id.sample_counter,14787
1.7494,ID,id.sysid_state,0
1.7494,ID,id.vbat,0
1.7544,ID,id.arm,1
1.7544,ID,id.axis,1
1.7544,ID,id.dither,0
1.7544,ID,id.mode,1
1.7544,ID,id.roll.r,0.093645155
1.7544,ID,id.roll.u_ad,0.16363949
1.7544,ID,id.roll.u_nom,-0.042498112
1.7544,ID,id.roll.x,0.053307261
1.7544,ID,id.roll.xm,0.093645155
1.7544,ID,id.sample_counter,14788
1.7544,ID,id.sysid_state,0
1.7544,ID,id.vbat,0
1.7595,ID,id.arm,1
1.7595,ID,id.axis,1
1.7595,ID,id.dither,0
1.7595,ID,id.mode,1
1.7595,ID,id.roll.r,0.096009411
1.7595,ID,id.roll.u_ad,0.16493432
1.7595,ID,id.roll.u_nom,0.11005306
1.7595,ID,id.roll.x,-0.072446756
1.7595,ID,id.roll.xm,0.096009411
1.7595,ID,id.sample_counter,14789
1.7595,ID,id.sysid_state,0
1.7595,ID,id.vbat,0
1.7648,ID,id.arm,1
1.7648,ID,id.axis,1
1.7648,ID,id.dither,0
1.7648,ID,id.mode,1
1.7648,ID,id.roll.r,0.096306801
1.7648,ID,id.roll.u_ad,0.1634023
1.7648,ID,id.roll.u_nom,-0.06958507
1.7648,ID,id.roll.x,0.086996377
1.7648,ID,id.roll.xm,0.096306801
1.7648,ID,id.sample_counter,14790
1.7648,ID,id.sysid_state,0
1.7648,ID,id.vbat,0
1.7695,ID,id.arm,1
1.7695,ID,id.axis,1
1.7695,ID,id.dither,0
1.7695,ID,id.mode,1
1.7695,ID,id.roll.r,0.090330034
1.7695,ID,id.roll.u_ad,0.16456231
1.7695,ID,id.roll.u_nom,0.10649305
1.7695,ID,id.roll.x,-0.052588478
1.7695,ID,id.roll.xm,0.090330034
1.7695,ID,id.sample_counter,14791
1.7695,ID,id.sysid_state,0
1.7695,ID,id.vbat,0
1.7743,ID,id.arm,1
1.7743,ID,id.axis,1
1.7743,ID,id.dither,0
1.7743,ID,id.mode,1
1.7743,ID,id.roll.r,-0.0026341504
1.7743,ID,id.roll.u_ad,0.16072397
1.7743,ID,id.roll.u_nom,-0.089536041
1.7743,ID,id.roll.x,0.0387621
1.7743,ID,id.roll.xm,-0.0026341504
1.7743,ID,id.sample_counter,14792
1.7743,ID,id.sysid_state,0
1.7743,ID,id.vbat,0
1.7799,ID,id.arm,1
1.7799,ID,id.axis,1
1.7799,ID,id.dither,0
1.7799,ID,id.mode,1
1.7799,ID,id.roll.r,0.064330392
1.7799,ID,id.roll.u_ad,0.16120604
1.7799,ID,id.roll.u_nom,0.069885418
1.7799,ID,id.roll.x,0.0050524077
1.7799,ID,id.roll.xm,0.064330392
1.7799,ID,id.sample_counter,14793
1.7799,ID,id.sysid_state,0
1.7799,ID,id.vbat,0
1.7849,ID,id.arm,1
1.7849,ID,id.axis,1
1.7849,ID,id.dither,0
1.7849,ID,id.mode,1
1.7849,ID,id.roll.r,0.13999292
1.7849,ID,id.roll.u_ad,0.16413426
1.7849,ID,id.roll.u_nom,0.13360116
1.7849,ID,id.roll.x,-0.073141128
1.7849,ID,id.roll.xm,0.13999292
1.7849,ID,id.sample_counter,14794
1.7849,ID,id.sysid_state,0
1.7849,ID,id.vbat,0
1.7898,ID,id.arm,1
1.7898,ID,id.axis,1
1.7898,ID,id.dither,0
1.7898,ID,id.mode,1
1.7898,ID,id.roll.r,0.08776626
1.7898,ID,id.roll.u_ad,0.16363624
1.7898,ID,id.roll.u_nom,0.0049823662
1.7898,ID,id.roll.x,-0.052842353
1.7898,ID,id.roll.xm,0.08776626
1.7898,ID,id.sample_counter,14795
1.7898,ID,id.sysid_state,0
1.7898,ID,id.vbat,0
1.7946,ID,id.arm,1
1.7946,ID,id.axis,1
1.7946,ID,id.dither,0
1.7946,ID,id.mode,1
1.7946,ID,id.roll.r,0.091336101
1.7946,ID,id.roll.u_ad,0.16476759
1.7946,ID,id.roll.u_nom,0.10426767
1.7946,ID,id.roll.x,-0.13608499
1.7946,ID,id.roll.xm,0.091336101
1.7946,ID,id.sample_counter,14796
1.7946,ID,id.sysid_state,0
1.7946,ID,id.vbat,0
1.7971,A,mrac.pitch.e,0.1463972
1.7971,A,mrac.pitch.u_ad,-0.028021792
1.7971,A,mrac.roll.e,-0.14693192
1.7971,A,mrac.roll.u_ad,0.16433598
1.7971,A,mrac.yaw.e,0.11745733
1.7971,A,mrac.yaw.u_ad,-0.014582132
1.7971,A,mrac.z.e,0.15468168
1.7971,A,mrac.z.u_ad,-0.093455635
1.7971,A,status.arm,1
1.7971,A,status.flymode,1
1.7971,A,status.rc_authority,0
1.7971,A,status.sbus_lost,0
1.7971,A,status.twc_arrived,0
1.7971,A,status.twc_execute,0
1.7971,B,mrac.pitch.theta_0,4.132549e-07
1.7971,B,mrac.pitch.theta_1,0.0037695603
1.7971,B,mrac.pitch.theta_2,0.00027770072
1.7971,B,mrac.pitch.theta_3,0.0012366422
1.7971,B,mrac.pitch.theta_4,0.073575653
1.7971,B,mrac.pitch.theta_5,0.14285959
1.7971,B,mrac.pitch.u_nom,-0.026228076
1.7971,B,mrac.pitch.xm,-0.16262314
1.7971,B,mrac.roll.theta_0,0.14804436
1.7971,B,mrac.roll.theta_1,0.00057235436
1.7971,B,mrac.roll.theta_2,0.0070380601
1.7971,B,mrac.roll.theta_3,0.001227985
1.7971,B,mrac.roll.theta_4,0.097986192
1.7971,B,mrac.roll.theta_5,0.13872628
1.7971,B,mrac.roll.u_nom,0.10521706
1.7971,B,mrac.roll.xm,0.10237975
1.7971,B,mrac.yaw.theta_0,2.4751674e-27
1.7971,B,mrac.yaw.theta_1,0.00253204
1.7971,B,mrac.yaw.theta_2,7.3484814e-05
1.7971,B,mrac.yaw.theta_3,0
1.7971,B,mrac.yaw.theta_4,0.067201026
1.7971,B,mrac.yaw.theta_5,0.087773129
1.7971,B,mrac.yaw.u_nom,-0.040193453
1.7971,B,mrac.yaw.xm,-0.12174182
1.7971,B,mrac.z.theta_0,0.00035542116
1.7971,B,mrac.z.theta_1,0.0050095906
1.7971,B,mrac.z.theta_2,0.00028025839
1.7971,B,mrac.z.theta_3,0
1.7971,B,mrac.z.theta_4,0.19748773
1.7971,B,mrac.z.theta_5,0.19379342
1.7971,B,mrac.z.u_nom,-0.31841227
1.7971,B,mrac.z.xm,-0.15719284
1.7971,B,path.active_path_mode,0
1.7971,B,path.circle_theta,0
1.7971,B,path.sinusoid_t_elapsed,0
1.7971,B,path.twc_arrived,0
1.7971,B,path.twc_target_x,0
1.7971,B,path.twc_target_y,0
1.7971,B,path.twc_target_z,0
1.7971,B,pid.gyrox.Des,5.8659253
1.7971,B,pid.gyrox.FB,-3.3990817
1.7971,B,pid.gyrox.U,123.10397
1.7971,B,pid.gyroy.Des,-9.3176155
1.7971,B,pid.gyroy.FB,-2.2133393
1.7971,B,pid.gyroy.U,-30.686848
1.7971,B,pid.gyroz.Des,-6.9752893
1.7971,B,pid.gyroz.FB,2.1769795
1.7971,B,pid.gyroz.U,-75.242142
1.7971,B,pid.locx.Des,0
1.7971,B,pid.locx.FB,-1.095263
1.7971,B,pid.locx.U,2.5476522
1.7971,B,pid.locxs.Des,2.5476522
1.7971,B,pid.locxs.FB,9.0815659
1.7971,B,pid.locxs.U,-19.920658
1.7971,B,pid.locy.Des,0
1.7971,B,pid.locy.FB,26.621151
1.7971,B,pid.locy.U,-23.390139
1.7971,B,pid.locys.Des,-23.390139
1.7971,B,pid.locys.FB,1.5890749
1.7971,B,pid.locys.U,-75.063477
1.7971,B,pid.pitch.Des,-4.4244676
1.7971,B,pid.pitch.FB,-1.3322791
1.7971,B,pid.pitch.U,-9.3176155
1.7971,B,pid.roll.Des,0.96308702
1.7971,B,pid.roll.FB,-1.0052773
1.7971,B,pid.roll.U,5.8659253
1.7971,B,pid.yaw.Des,1.7745692
1.7971,B,pid.yaw.FB,2.6037841
1.7971,B,pid.yaw.U,-6.9752893
1.7971,B,pid.z_pos.Des,1.499074
1.7971,B,pid.z_pos.FB,1.5093596
1.7971,B,pid.z_pos.U,-0.15719284
1.7971,B,pid.z_rate.Des,-0.15719284
1.7971,B,pid.z_rate.FB,-0.013099051
1.7971,B,pid.z_rate.U,-70.687523
1.7971,B,status.vbat,0
1.7995,ID,id.arm,1
1.7995,ID,id.axis,1
1.7995,ID,id.dither,0
1.7995,ID,id.mode,1
1.7995,ID,id.roll.r,0.093513593
1.7995,ID,id.roll.u_ad,0.1634074
1.7995,ID,id.roll.u_nom,-0.055611577
1.7995,ID,id.roll.x,0.02587029
1.7995,ID,id.roll.xm,0.093513593
1.7995,ID,id.sample_counter,14797
1.7995,ID,id.sysid_state,0
1.7995,ID,id.vbat,0
1.8050,ID,id.arm,1
1.8050,ID,id.axis,1
1.8050,ID,id.dither,0
1.8050,ID,id.mode,1
1.8050,ID,id.roll.r,0.087938547
1.8050,ID,id.roll.u_ad,0.16459443
1.8050,ID,id.roll.u_nom,0.11069889
1.8050,ID,id.roll.x,-0.099594221
1.8050,ID,id.roll.xm,0.087938547
1.8050,ID,id.sample_counter,14798
1.8050,ID,id.sysid_state,0
1.8050,ID,id.vbat,0
1.8098,ID,id.arm,1
1.8098,ID,id.axis,1
1.8098,ID,id.dither,0
1.8098,ID,id.mode,1
1.8098,ID,id.roll.r,0.096459031
1.8098,ID,id.roll.u_ad,0.16379824
1.8098,ID,id.roll.u_nom,-0.02345915
1.8098,ID,id.roll.x,0.011637014
1.8098,ID,id.roll.xm,0.096459031
1.8098,ID,id.sample_counter,14799
1.8098,ID,id.sysid_state,0
1.8098,ID,id.vbat,0
1.8150,ID,id.arm,1
1.8150,ID,id.axis,1
1.8150,ID,id.dither,0
1.8150,ID,id.mode,1
1.8150,ID,id.roll.r,0.090142146
1.8150,ID,id.roll.u_ad,0.16464877
1.8150,ID,id.roll.u_nom,0.088716425
1.8150,ID,id.roll.x,-0.078917094
1.8150,ID,id.roll.xm,0.090142146
1.8150,ID,id.sample_counter,14800
1.8150,ID,id.sysid_state,0
1.8150,ID,id.vbat,0
1.8195,ID,id.arm,1
1.8195,ID,id.axis,1
1.8195,ID,id.dither,0
1.8195,ID,id.mode,1
1.8195,ID,id.roll.r,0.097848855
1.8195,ID,id.roll.u_ad,0.16486801
1.8195,ID,id.roll.u_nom,0.043642379
1.8195,ID,id.roll.x,-0.066006638
1.8195,ID,id.roll.xm,0.097848855
1.8195,ID,id.sample_counter,14801
1.8195,ID,id.sysid_state,0
1.8195,ID,id.vbat,0
1.8246,ID,id.arm,1
1.8246,ID,id.axis,1
1.8246,ID,id.dither,0
1.8246,ID,id.mode,1
1.8246,ID,id.roll.r,0.093156599
1.8246,ID,id.roll.u_ad,0.16419725
1.8246,ID,id.roll.u_nom,-0.007817775
1.8246,ID,id.roll.x,0.0028259265
1.8246,ID,id.roll.xm,0.093156599
1.8246,ID,id.sample_counter,14802
1.8246,ID,id.sysid_state,0
1.8246,ID,id.vbat,0
1.8296,ID,id.arm,1
1.8296,ID,id.axis,1
1.8296,ID,id.dither,0
1.8296,ID,id.mode,1
1.8296,ID,id.roll.r,0.0966148
1.8296,ID,id.roll.u_ad,0.16558971
1.8296,ID,id.roll.u_nom,0.11961015
1.8296,ID,id.roll.x,-0.11817428
1.8296,ID,id.roll.xm,0.0966148
1.8296,ID,id.sample_counter,14803
1.8296,ID,id.sysid_state,0
1.8296,ID,id.vbat,0
1.8347,ID,id.arm,1
1.8347,ID,id.axis,1
1.8347,ID,id.dither,0
1.8347,ID,id.mode,1
1.8347,ID,id.roll.r,0.10033655
1.8347,ID,id.roll.u_ad,0.16490212
1.8347,ID,id.roll.u_nom,-0.011890121
1.8347,ID,id.roll.x,-0.01840594
1.8347,ID,id.roll.xm,0.10033655
1.8347,ID,id.sample_counter,14804
1.8347,ID,id.sysid_state,0
1.8347,ID,id.vbat,0
1.8394,ID,id.arm,1
1.8394,ID,id.axis,1
1.8394,ID,id.dither,0
1.8394,ID,id.mode,1
1.8394,ID,id.roll.r,0.099251077
1.8394,ID,id.roll.u_ad,0.16571464
1.8394,ID,id.roll.u_nom,0.083810128
1.8394,ID,id.roll.x,-0.085742578
1.8394,ID,id.roll.xm,0.099251077
1.8394,ID,id.sample_counter,14805
1.8394,ID,id.sysid_state,0
1.8394,ID,id.vbat,0
1.8445,ID,id.arm,1
1.8445,ID,id.axis,1
1.8445,ID,id.dither,0
1.8445,ID,id.mode,1
1.8445,ID,id.roll.r,0.10182118
1.8445,ID,id.roll.u_ad,0.165843
1.8445,ID,id.roll.u_nom,0.042130318
1.8445,ID,id.roll.x,-0.070598818
1.8445,ID,id.roll.xm,0.10182118
1.8445,ID,id.sample_counter,14806
1.8445,ID,id.sysid_state,0
1.8445,ID,id.vbat,0
1.8496,ID,id.arm,1
1.8496,ID,id.axis,1
1.8496,ID,id.dither,0
1.8496,ID,id.mode,1
1.8496,ID,id.roll.r,0.097526431
1.8496,ID,id.roll.u_ad,0.1650582
1.8496,ID,id.roll.u_nom,-0.012457093
1.8496,ID,id.roll.x,0.007801855
1.8496,ID,id.roll.xm,0.097526431
1.8496,ID,id.sample_counter,14807
1.8496,ID,id.sysid_state,0
1.8496,ID,id.vbat,0
1.8545,ID,id.arm,1
1.8545,ID,id.axis,1
1.8545,ID,id.dither,0
1.8545,ID,id.mode,1
1.8545,ID,id.roll.r,0.097027138
1.8545,ID,id.roll.u_ad,0.16478196
1.8545,ID,id.roll.u_nom,0.014556822
1.8545,ID,id.roll.x,0.02565725
1.8545,ID,id.roll.xm,0.097027138
1.8545,ID,id.sample_counter,14808
1.8545,ID,id.sysid_state,0
1.8545,ID,id.vbat,0
1.8596,ID,id.arm,1
1.8596,ID,id.axis,1
1.8596,ID,id.dither,0
1.8596,ID,id.mode,1
1.8596,ID,id.roll.r,0.09414117
1.8596,ID,id.roll.u_ad,0.16425779
1.8596,ID,id.roll.u_nom,-0.0013123357
1.8596,ID,id.roll.x,0.056611344
1.8596,ID,id.roll.xm,0.09414117
1.8596,ID,id.sample_counter,14809
1.8596,ID,id.sysid_state,0
1.8596,ID,id.vbat,0
1.8648,ID,id.arm,1
1.8648,ID,id.axis,1
1.8648,ID,id.dither,0
1.8648,ID,id.mode,1
1.8648,ID,id.roll.r,0.091403291
1.8648,ID,id.roll.u_ad,0.16451445
1.8648,ID,id.roll.u_nom,0.050450884
1.8648,ID,id.roll.x,0.005965258
1.8648,ID,id.roll.xm,0.091403291
1.8648,ID,id.sample_counter,14810
1.8648,ID,id.sysid_state,0
1.8648,ID,id.vbat,0
1.8696,ID,id.arm,1
1.8696,ID,id.axis,1
1.8696,ID,id.dither,0
1.8696,ID,id.mode,1
1.8696,ID,id.roll.r,0.093461864
1.8696,ID,id.roll.u_ad,0.16445149
1.8696,ID,id.roll.u_nom,0.028622082
1.8696,ID,id.roll.x,0.0058018332
1.8696,ID,id.roll.xm,0.093461864
1.8696,ID,id.sample_counter,14811
1.8696,ID,id.sysid_state,0
1.8696,ID,id.vbat,0
1.8745,ID,id.arm,1
1.8745,ID,id.axis,1
1.8745,ID,id.dither,0
1.8745,ID,id.mode,1
1.8745,ID,id.roll.r,0.095924683
1.8745,ID,id.roll.u_ad,0.16494758
1.8745,ID,id.roll.u_nom,0.062340658
1.8745,ID,id.roll.x,-0.039119717
1.8745,ID,id.roll.xm,0.095924683
1.8745,ID,id.sample_counter,14812
1.8745,ID,id.sysid_state,0
1.8745,ID,id.vbat,0
1.8798,ID,id.arm,1
1.8798,ID,id.axis,1
1.8798,ID,id.dither,0
1.8798,ID,id.mode,1
1.8798,ID,id.roll.r,0.10028872
1.8798,ID,id.roll.u_ad,0.16472875
1.8798,ID,id.roll.u_nom,0.012762031
1.8798,ID,id.roll.x,0.001148977
1.8798,ID,id.roll.xm,0.10028872
1.8798,ID,id.sample_counter,14813
1.8798,ID,id.sysid_state,0
1.8798,ID,id.vbat,0
1.8845,ID,id.arm,1
1.8845,ID,id.axis,1
1.8845,ID,id.dither,0
1.8845,ID,id.mode,1
1.8845,ID,id.roll.r,0.095836692
1.8845,ID,id.roll.u_ad,0.16484992
1.8845,ID,id.roll.u_nom,0.039819688
1.8845,ID,id.roll.x,-0.016201761
1.8845,ID,id.roll.xm,0.095836692
1.8845,ID,id.sample_counter,14814
1.8845,ID,id.sysid_state,0
1.8845,ID,id.vbat,0
1.8894,ID,id.arm,1
1.8894,ID,id.axis,1
1.8894,ID,id.dither,0
1.8894,ID,id.mode,1
1.8894,ID,id.roll.r,0.098624974
1.8894,ID,id.roll.u_ad,0.16471255
1.8894,ID,id.roll.u_nom,0.019494127
1.8894,ID,id.roll.x,0.0056577413
1.8894,ID,id.roll.xm,0.098624974
1.8894,ID,id.sample_counter,14815
1.8894,ID,id.sysid_state,0
1.8894,ID,id.vbat,0
1.8944,ID,id.arm,1
1.8944,ID,id.axis,1
1.8944,ID,id.dither,0
1.8944,ID,id.mode,1
1.8944,ID,id.roll.r,0.09602306
1.8944,ID,id.roll.u_ad,0.16458884
1.8944,ID,id.roll.u_nom,0.022605799
1.8944,ID,id.roll.x,0.011533862
1.8944,ID,id.roll.xm,0.09602306
1.8944,ID,id.sample_counter,14816
1.8944,ID,id.sysid_state,0
1.8944,ID,id.vbat,0
1.8995,ID,id.arm,1
1.8995,ID,id.axis,1
1.8995,ID,id.dither,0
1.8995,ID,id.mode,1
1.8995,ID,id.roll.r,0.096194953
1.8995,ID,id.roll.u_ad,0.16516973
1.8995,ID,id.roll.u_nom,0.068927757
1.8995,ID,id.roll.x,-0.045702964
1.8995,ID,id.roll.xm,0.096194953
1.8995,ID,id.sample_counter,14817
1.8995,ID,id.sysid_state,0
1.8995,ID,id.vbat,0
1.9044,ID,id.arm,1
1.9044,ID,id.axis,1
1.9044,ID,id.dither,0
1.9044,ID,id.mode,1
1.9044,ID,id.roll.r,0.19172011
1.9044,ID,id.roll.u_ad,0.16723821
1.9044,ID,id.roll.u_nom,0.040255219
1.9044,ID,id.roll.x,0.050583299
1.9044,ID,id.roll.xm,0.19172011
1.9044,ID,id.sample_counter,14818
1.9044,ID,id.sysid_state,0
1.9044,ID,id.vbat,0
1.9093,ID,id.arm,1
1.9093,ID,id.axis,1
1.9093,ID,id.dither,0
1.9093,ID,id.mode,1
1.9093,ID,id.roll.r,0.11594246
1.9093,ID,id.roll.u_ad,0.16723023
1.9093,ID,id.roll.u_nom,0.027953206
1.9093,ID,id.roll.x,-0.0079395073
1.9093,ID,id.roll.xm,0.11594246
1.9093,ID,id.sample_counter,14819
1.9093,ID,id.sysid_state,0
1.9093,ID,id.vbat,0
1.9148,ID,id.arm,1
1.9148,ID,id.axis,1
1.9148,ID,id.dither,0
1.9148,ID,id.mode,1
1.9148,ID,id.roll.r,0.054013688
1.9148,ID,id.roll.u_ad,0.16525146
1.9148,ID,id.roll.u_nom,-0.018490119
1.9148,ID,id.roll.x,0.0048609055
1.9148,ID,id.roll.xm,0.054013688
1.9148,ID,id.sample_counter,14820
1.9148,ID,id.sysid_state,0
1.9148,ID,id.vbat,0
1.9200,ID,id.arm,1
1.9200,ID,id.axis,1
1.9200,ID,id.dither,0
1.9200,ID,id.mode,1
1.9200,ID,id.roll.r,0.10135438
1.9200,ID,id.roll.u_ad,0.16501224
1.9200,ID,id.roll.u_nom,0.011942557
1.9200,ID,id.roll.x,0.06059131
1.9200,ID,id.roll.xm,0.10135438
1.9200,ID,id.sample_counter,14821
1.9200,ID,id.sysid_state,0
1.9200,ID,id.vbat,0
1.9244,ID,id.arm,1
1.9244,ID,id.axis,1
1.9244,ID,id.dither,0
1.9244,ID,id.mode,1
1.9244,ID,id.roll.r,0.10163958
1.9244,ID,id.roll.u_ad,0.16564211
1.9244,ID,id.roll.u_nom,0.068551958
1.9244,ID,id.roll.x,-0.010595972
1.9244,ID,id.roll.xm,0.10163958
1.9244,ID,id.sample_counter,14822
1.9244,ID,id.sysid_state,0
1.9244,ID,id.vbat,0
1.9297,ID,id.arm,1
1.9297,ID,id.axis,1
1.9297,ID,id.dither,0
1.9297,ID,id.mode,1
1.9297,ID,id.roll.r,0.10620272
1.9297,ID,id.roll.u_ad,0.16526565
1.9297,ID,id.roll.u_nom,-4.2923493e-06
1.9297,ID,id.roll.x,0.039648399
1.9297,ID,id.roll.xm,0.10620272
1.9297,ID,id.sample_counter,14823
1.9297,ID,id.sysid_state,0
1.9297,ID,id.vbat,0
1.9346,ID,id.arm,1
1.9346,ID,id.axis,1
1.9346,ID,id.dither,0
1.9346,ID,id.mode,1
1.9346,ID,id.roll.r,0.10002531
1.9346,ID,id.roll.u_ad,0.16524929
1.9346,ID,id.roll.u_nom,0.029497337
1.9346,ID,id.roll.x,0.023762876
1.9346,ID,id.roll.xm,0.10002531
1.9346,ID,id.sample_counter,14824
1.9346,ID,id.sysid_state,0
1.9346,ID,id.vbat,0
1.9394,ID,id.arm,1
1.9394,ID,id.axis,1
1.9394,ID,id.dither,0
1.9394,ID,id.mode,1
1.9394,ID,id.roll.r,0.10330183
1.9394,ID,id.roll.u_ad,0.16589342
1.9394,ID,id.roll.u_nom,0.069577366
1.9394,ID,id.roll.x,-0.033995904
1.9394,ID,id.roll.xm,0.10330183
1.9394,ID,id.sample_counter,14825
1.9394,ID,id.sysid_state,0
1.9394,ID,id.vbat,0
1.9444,ID,id.arm,1
1.9444,ID,id.axis,1
1.9444,ID,id.dither,0
1.9444,ID,id.mode,1
1.9444,ID,id.roll.r,0.00065032759
1.9444,ID,id.roll.u_ad,0.16217525
1.9444,ID,id.roll.u_nom,-0.074674748
1.9444,ID,id.roll.x,0.019028807
1.9444,ID,id.roll.xm,0.00065032759
1.9444,ID,id.sample_counter,14826
1.9444,ID,id.sysid_state,0
1.9444,ID,id.vbat,0
1.9495,ID,id.arm,1
1.9495,ID,id.axis,1
1.9495,ID,id.dither,0
1.9495,ID,id.mode,1
1.9495,ID,id.roll.r,0.072902769
1.9495,ID,id.roll.u_ad,0.16268131
1.9495,ID,id.roll.u_nom,0.07175409
1.9495,ID,id.roll.x,-0.0042765923
1.9495,ID,id.roll.xm,0.072902769
1.9495,ID,id.sample_counter,14827
1.9495,ID,id.sysid_state,0
1.9495,ID,id.vbat,0
1.9544,ID,id.arm,1
1.9544,ID,id.axis,1
1.9544,ID,id.dither,0
1.9544,ID,id.mode,1
1.9544,ID,id.roll.r,0.14051875
1.9544,ID,id.roll.u_ad,0.16402541
1.9544,ID,id.roll.u_nom,0.037885599
1.9544,ID,id.roll.x,0.045741301
1.9544,ID,id.roll.xm,0.14051875
1.9544,ID,id.sample_counter,14828
1.9544,ID,id.sysid_state,0
1.9544,ID,id.vbat,0
1.9594,ID,id.arm,1
1.9594,ID,id.axis,1
1.9594,ID,id.dither,0
1.9594,ID,id.mode,1
1.9594,ID,id.roll.r,0.089318842
1.9594,ID,id.roll.u_ad,0.16419542
1.9594,ID,id.roll.u_nom,0.044641133
1.9594,ID,id.roll.x,-0.026387386
1.9594,ID,id.roll.xm,0.089318842
1.9594,ID,id.sample_counter,14829
1.9594,ID,id.sysid_state,0
1.9594,ID,id.vbat,0
1.9651,ID,id.arm,1
1.9651,ID,id.axis,1
1.9651,ID,id.dither,0
1.9651,ID,id.mode,1
1.9651,ID,id.roll.r,0.093919292
1.9651,ID,id.roll.u_ad,0.16406004
1.9651,ID,id.roll.u_nom,0.01909266
1.9651,ID,id.roll.x,-0.00095883943
1.9651,ID,id.roll.xm,0.093919292
1.9651,ID,id.sample_counter,14830
1.9651,ID,id.sysid_state,0
1.9651,ID,id.vbat,0
1.9695,ID,id.arm,1
1.9695,ID,id.axis,1
1.9695,ID,id.dither,0
1.9695,ID,id.mode,1
1.9695,ID,id.roll.r,0.088654272
1.9695,ID,id.roll.u_ad,0.16389464
1.9695,ID,id.roll.u_nom,0.023121018
1.9695,ID,id.roll.x,0.0021775041
1.9695,ID,id.roll.xm,0.088654272
1.9695,ID,id.sample_counter,14831
1.9695,ID,id.sysid_state,0
1.9695,ID,id.vbat,0
1.9743,ID,id.arm,1
1.9743,ID,id.axis,1
1.9743,ID,id.dither,0
1.9743,ID,id.mode,1
1.9743,ID,id.roll.r,0.093235411
1.9743,ID,id.roll.u_ad,0.16445388
1.9743,ID,id.roll.u_nom,0.064058706
1.9743,ID,id.roll.x,-0.043371275
1.9743,ID,id.roll.xm,0.093235411
1.9743,ID,id.sample_counter,14832
1.9743,ID,id.sysid_state,0
1.9743,ID,id.vbat,0
1.9798,ID,id.arm,1
1.9798,ID,id.axis,1
1.9798,ID,id.dither,0
1.9798,ID,id.mode,1
1.9798,ID,id.roll.r,0.092783324
1.9798,ID,id.roll.u_ad,0.16321877
1.9798,ID,id.roll.u_nom,-0.052181121
1.9798,ID,id.roll.x,0.081008486
1.9798,ID,id.roll.xm,0.092783324
1.9798,ID,id.sample_counter,14833
1.9798,ID,id.sysid_state,0
1.9798,ID,id.vbat,0
1.9847,ID,id.arm,1
1.9847,ID,id.axis,1
1.9847,ID,id.dither,0
1.9847,ID,id.mode,1
1.9847,ID,id.roll.r,0.084023409
1.9847,ID,id.roll.u_ad,0.1647729
1.9847,ID,id.roll.u_nom,0.13707133
1.9847,ID,id.roll.x,-0.1021704
1.9847,ID,id.roll.xm,0.084023409
1.9847,ID,id.sample_counter,14834
1.9847,ID,id.sysid_state,0
1.9847,ID,id.vbat,0
1.9896,ID,id.arm,1
1.9896,ID,id.axis,1
1.9896,ID,id.dither,0
1.9896,ID,id.mode,1
1.9896,ID,id.roll.r,0.097033441
1.9896,ID,id.roll.u_ad,0.16314679
1.9896,ID,id.roll.u_nom,-0.081935272
1.9896,ID,id.roll.x,0.10735377
1.9896,ID,id.roll.xm,0.097033441
1.9896,ID,id.sample_counter,14835
1.9896,ID,id.sysid_state,0
1.9896,ID,id.vbat,0
1.9946,ID,id.arm,1
1.9946,ID,id.axis,1
1.9946,ID,id.dither,0
1.9946,ID,id.mode,1
1.9946,ID,id.roll.r,0.083940111
1.9946,ID,id.roll.u_ad,0.16391051
1.9946,ID,id.roll.u_nom,0.083178192
1.9946,ID,id.roll.x,-0.014162656
1.9946,ID,id.roll.xm,0.083940111
1.9946,ID,id.sample_counter,14836
1.9946,ID,id.sysid_state,0
1.9946,ID,id.vbat,0
1.9981,A,mrac.pitch.e,0.1463972
1.9981,A,mrac.pitch.u_ad,-0.028021792
1.9981,A,mrac.roll.e,-0.14693192
1.9981,A,mrac.roll.u_ad,0.16433598
1.9981,A,mrac.yaw.e,0.11745733
1.9981,A,mrac.yaw.u_ad,-0.014582132
1.9981,A,mrac.z.e,0.15468168
1.9981,A,mrac.z.u_ad,-0.093455635
1.9981,A,status.arm,1
1.9981,A,status.flymode,1
1.9981,A,status.rc_authority,0
1.9981,A,status.sbus_lost,0
1.9981,A,status.twc_arrived,0
1.9981,A,status.twc_execute,0
1.9982,B,mrac.pitch.theta_0,4.132549e-07
1.9982,B,mrac.pitch.theta_1,0.0037695603
1.9982,B,mrac.pitch.theta_2,0.00027770072
1.9982,B,mrac.pitch.theta_3,0.0012366422
1.9982,B,mrac.pitch.theta_4,0.073575653
1.9982,B,mrac.pitch.theta_5,0.14285959
1.9982,B,mrac.pitch.u_nom,-0.026228076
1.9982,B,mrac.pitch.xm,-0.16262314
1.9982,B,mrac.roll.theta_0,0.14804436
1.9982,B,mrac.roll.theta_1,0.00057235436
1.9982,B,mrac.roll.theta_2,0.0070380601
1.9982,B,mrac.roll.theta_3,0.001227985
1.9982,B,mrac.roll.theta_4,0.097986192
1.9982,B,mrac.roll.theta_5,0.13872628
1.9982,B,mrac.roll.u_nom,0.10521706
1.9982,B,mrac.roll.xm,0.10237975
1.9982,B,mrac.yaw.theta_0,2.4751674e-27
1.9982,B,mrac.yaw.theta_1,0.00253204
1.9982,B,mrac.yaw.theta_2,7.3484814e-05
1.9982,B,mrac.yaw.theta_3,0
1.9982,B,mrac.yaw.theta_4,0.067201026
1.9982,B,mrac.yaw.theta_5,0.087773129
1.9982,B,mrac.yaw.u_nom,-0.040193453
1.9982,B,mrac.yaw.xm,-0.12174182
1.9982,B,mrac.z.theta_0,0.00035542116
1.9982,B,mrac.z.theta_1,0.0050095906
1.9982,B,mrac.z.theta_2,0.00028025839
1.9982,B,mrac.z.theta_3,0
1.9982,B,mrac.z.theta_4,0.19748773
1.9982,B,mrac.z.theta_5,0.19379342
1.9982,B,mrac.z.u_nom,-0.31841227
1.9982,B,mrac.z.xm,-0.15719284
1.9982,B,path.active_path_mode,0
1.9982,B,path.circle_theta,0
1.9982,B,path.sinusoid_t_elapsed,0
1.9982,B,path.twc_arrived,0
1.9982,B,path.twc_target_x,0
1.9982,B,path.twc_target_y,0
1.9982,B,path.twc_target_z,0
1.9982,B,pid.gyrox.Des,5.8659253
1.9982,B,pid.gyrox.FB,-3.3990817
1.9982,B,pid.gyrox.U,123.10397
1.9982,B,pid.gyroy.Des,-9.3176155
1.9982,B,pid.gyroy.FB,-2.2133393
1.9982,B,pid.gyroy.U,-30.686848
1.9982,B,pid.gyroz.Des,-6.9752893
1.9982,B,pid.gyroz.FB,2.1769795
1.9982,B,pid.gyroz.U,-75.242142
1.9982,B,pid.locx.Des,0
1.9982,B,pid.locx.FB,-1.095263
1.9982,B,pid.locx.U,2.5476522
1.9982,B,pid.locxs.Des,2.5476522
1.9982,B,pid.locxs.FB,9.0815659
1.9982,B,pid.locxs.U,-19.920658
1.9982,B,pid.locy.Des,0
1.9982,B,pid.locy.FB,26.621151
1.9982,B,pid.locy.U,-23.390139
1.9982,B,pid.locys.Des,-23.390139
1.9982,B,pid.locys.FB,1.5890749
1.9982,B,pid.locys.U,-75.063477
1.9982,B,pid.pitch.Des,-4.4244676
1.9982,B,pid.pitch.FB,-1.3322791
1.9982,B,pid.pitch.U,-9.3176155
1.9982,B,pid.roll.Des,0.96308702
1.9982,B,pid.roll.FB,-1.0052773
1.9982,B,pid.roll.U,5.8659253
1.9982,B,pid.yaw.Des,1.7745692
1.9982,B,pid.yaw.FB,2.6037841
1.9982,B,pid.yaw.U,-6.9752893
1.9982,B,pid.z_pos.Des,1.499074
1.9982,B,pid.z_pos.FB,1.5093596
1.9982,B,pid.z_pos.U,-0.15719284
1.9982,B,pid.z_rate.Des,-0.15719284
1.9982,B,pid.z_rate.FB,-0.013099051
1.9982,B,pid.z_rate.U,-70.687523
1.9982,B,status.vbat,0
2.0005,ID,id.arm,1
2.0005,ID,id.axis,1
2.0005,ID,id.dither,0
2.0005,ID,id.mode,1
2.0005,ID,id.roll.r,0.096548557
2.0005,ID,id.roll.u_ad,0.16491182
2.0005,ID,id.roll.u_nom,0.089050256
2.0005,ID,id.roll.x,-0.081830256
2.0005,ID,id.roll.xm,0.096548557
2.0005,ID,id.sample_counter,14837
2.0005,ID,id.sysid_state,0
2.0005,ID,id.vbat,0
