t_s,frame,key,value
0.0585,ID,id.arm,1
0.0585,ID,id.mode,1
0.0585,ID,id.pitch.r,-0.0054744557
0.0585,ID,id.pitch.u_ad,0.00044582924
0.0585,ID,id.pitch.u_nom,-0.016359773
0.0585,ID,id.pitch.x,0.054973826
0.0585,ID,id.pitch.xm,-0.0054744557
0.0585,ID,id.roll.r,0.18587095
0.0585,ID,id.roll.u_ad,0.15781771
0.0585,ID,id.roll.u_nom,0.12559262
0.0585,ID,id.roll.x,-0.026824903
0.0585,ID,id.roll.xm,0.18587095
0.0585,ID,id.sample_counter,209
0.0585,ID,id.sysid_state,1
0.0585,ID,id.vbat,0
0.0585,ID,id.yaw.r,-0.11872874
0.0585,ID,id.yaw.u_ad,-0.0062150587
0.0585,ID,id.yaw.u_nom,-0.021985453
0.0585,ID,id.yaw.x,-0.033257786
0.0585,ID,id.yaw.xm,-0.11872874
0.0585,ID,id.z.r,0.083449833
0.0585,ID,id.z.u_ad,0.65213245
0.0585,ID,id.z.u_nom,0.21369205
0.0585,ID,id.z.x,-0.018608699
0.0585,ID,id.z.xm,0.083449833
0.0653,A,mrac.pitch.e,0.052405611
0.0653,A,mrac.pitch.u_ad,-0.03203455
0.0653,A,mrac.roll.e,-0.15494034
0.0653,A,mrac.roll.u_ad,0.1569387
0.0653,A,mrac.yaw.e,0.14553335
0.0653,A,mrac.yaw.u_ad,-0.0056122229
0.0653,A,mrac.z.e,-0.13639829
0.0653,A,mrac.z.u_ad,0.65154296
0.0653,A,status.arm,1
0.0653,A,status.flymode,1
0.0653,A,status.rc_authority,0
0.0653,A,status.sbus_lost,0
0.0653,A,status.twc_arrived,0
0.0653,A,status.twc_execute,0
0.0653,B,mrac.pitch.theta_0,9.1096346e-25
0.0653,B,mrac.pitch.theta_1,0.0043900576
0.0653,B,mrac.pitch.theta_2,0.00039052742
0.0653,B,mrac.pitch.theta_3,0.00076791376
0.0653,B,mrac.pitch.theta_4,0.05256496
0.0653,B,mrac.pitch.theta_5,0.14142013
0.0653,B,mrac.pitch.u_nom,-0.076234512
0.0653,B,mrac.pitch.xm,-0.21348412
0.0653,B,mrac.roll.theta_0,0.14831175
0.0653,B,mrac.roll.theta_1,0.0016315561
0.0653,B,mrac.roll.theta_2,0.0034727852
0.0653,B,mrac.roll.theta_3,0.0002785284
0.0653,B,mrac.roll.theta_4,0.033332087
0.0653,B,mrac.roll.theta_5,0.039887998
0.0653,B,mrac.roll.u_nom,-0.052652057
0.0653,B,mrac.roll.xm,0.18068948
0.0653,B,mrac.yaw.theta_0,0.00027064836
0.0653,B,mrac.yaw.theta_1,0.0014738701
0.0653,B,mrac.yaw.theta_2,2.3952616e-05
0.0653,B,mrac.yaw.theta_3,0
0.0653,B,mrac.yaw.theta_4,0.014937497
0.0653,B,mrac.yaw.theta_5,0.053855266
0.0653,B,mrac.yaw.u_nom,-0.051006522
0.0653,B,mrac.yaw.xm,-0.10599887
0.0653,B,mrac.z.theta_0,0.58554208
0.0653,B,mrac.z.theta_1,0.0033673737
0.0653,B,mrac.z.theta_2,0.0064274729
0.0653,B,mrac.z.theta_3,0
0.0653,B,mrac.z.theta_4,0.19729561
0.0653,B,mrac.z.theta_5,0.18995114
0.0653,B,mrac.z.u_nom,0.32502872
0.0653,B,mrac.z.xm,0.083512075
0.0653,B,path.active_path_mode,0
0.0653,B,path.circle_theta,0
0.0653,B,path.sinusoid_t_elapsed,0
0.0653,B,path.twc_arrived,0
0.0653,B,path.twc_target_x,0
0.0653,B,path.twc_target_y,0
0.0653,B,path.twc_target_z,0
0.0653,B,pid.gyrox.Des,10.35274
0.0653,B,pid.gyrox.FB,7.5327945
0.0653,B,pid.gyrox.U,-61.602905
0.0653,B,pid.gyroy.Des,-12.231734
0.0653,B,pid.gyroy.FB,-0.80288416
0.0653,B,pid.gyroy.U,-89.194382
0.0653,B,pid.gyroz.Des,-6.0732856
0.0653,B,pid.gyroz.FB,5.6084971
0.0653,B,pid.gyroz.U,-95.484207
0.0653,B,pid.locx.Des,19.198217
0.0653,B,pid.locx.FB,17.505693
0.0653,B,pid.locx.U,2.8339081
0.0653,B,pid.locxs.Des,2.8339081
0.0653,B,pid.locxs.FB,13.003392
0.0653,B,pid.locxs.U,-31.144979
0.0653,B,pid.locy.Des,17.858948
0.0653,B,pid.locy.FB,47.054852
0.0653,B,pid.locy.U,-25.476261
0.0653,B,pid.locys.Des,-25.476261
0.0653,B,pid.locys.FB,2.9852612
0.0653,B,pid.locys.U,-85.474358
0.0653,B,pid.pitch.Des,-4.9811172
0.0653,B,pid.pitch.FB,-0.85190886
0.0653,B,pid.pitch.U,-12.231734
0.0653,B,pid.roll.Des,1.8131919
0.0653,B,pid.roll.FB,-1.7145113
0.0653,B,pid.roll.U,10.35274
0.0653,B,pid.yaw.Des,-0.61393034
0.0653,B,pid.yaw.FB,0.064950556
0.0653,B,pid.yaw.U,-6.0732856
0.0653,B,pid.z_pos.Des,1.1495126
0.0653,B,pid.z_pos.FB,1.149358
0.0653,B,pid.z_pos.U,0.083512075
0.0653,B,pid.z_rate.Des,0.083512075
0.0653,B,pid.z_rate.FB,-0.080338284
0.0653,B,pid.z_rate.U,72.156372
0.0653,B,status.vbat,0
0.0734,ID,id.arm,1
0.0734,ID,id.mode,1
0.0734,ID,id.pitch.r,-0.0036978028
0.0734,ID,id.pitch.u_ad,0.00094704726
0.0734,ID,id.pitch.u_nom,0.034162931
0.0734,ID,id.pitch.x,0.053682189
0.0734,ID,id.pitch.xm,-0.0036978028
0.0734,ID,id.roll.r,9.7314223e-06
0.0734,ID,id.roll.u_ad,0.15348038
0.0734,ID,id.roll.u_nom,-0.12308634
0.0734,ID,id.roll.x,0.15590641
0.0734,ID,id.roll.xm,9.7314223e-06
0.0734,ID,id.sample_counter,210
0.0734,ID,id.sysid_state,1
0.0734,ID,id.vbat,0
0.0734,ID,id.yaw.r,-0.11578127
0.0734,ID,id.yaw.u_ad,-0.006287497
0.0734,ID,id.yaw.u_nom,-0.03365393
0.0734,ID,id.yaw.x,0.017135998
0.0734,ID,id.yaw.xm,-0.11578127
0.0734,ID,id.z.r,0.083422557
0.0734,ID,id.z.u_ad,0.65149498
0.0734,ID,id.z.u_nom,0.20430206
0.0734,ID,id.z.x,-0.013212785
0.0734,ID,id.z.xm,0.083422557
0.0896,ID,id.arm,1
0.0896,ID,id.mode,1
0.0896,ID,id.pitch.r,0.0088843126
0.0896,ID,id.pitch.u_ad,0.0017453816
0.0896,ID,id.pitch.u_nom,-0.17216329
0.0896,ID,id.pitch.x,0.36107737
0.0896,ID,id.pitch.xm,0.0088843126
0.0896,ID,id.roll.r,7.7606761e-05
0.0896,ID,id.roll.u_ad,0.15107661
0.0896,ID,id.roll.u_nom,-0.0058274586
0.0896,ID,id.roll.x,0.059638429
0.0896,ID,id.roll.xm,7.7606761e-05
0.0896,ID,id.sample_counter,211
0.0896,ID,id.sysid_state,1
0.0896,ID,id.vbat,0
0.0896,ID,id.yaw.r,-0.1157002
0.0896,ID,id.yaw.u_ad,-0.0063433801
0.0896,ID,id.yaw.u_nom,-0.034251574
0.0896,ID,id.yaw.x,0.019783212
0.0896,ID,id.yaw.xm,-0.1157002
0.0896,ID,id.z.r,0.083369978
0.0896,ID,id.z.u_ad,0.65085298
0.0896,ID,id.z.u_nom,0.19482693
0.0896,ID,id.z.x,-0.0077039814
0.0896,ID,id.z.xm,0.083369978
0.1065,ID,id.arm,1
0.1065,ID,id.mode,1
0.1065,ID,id.pitch.r,-0.023634728
0.1065,ID,id.pitch.u_ad,-0.0010642811
0.1065,ID,id.pitch.u_nom,-0.12734704
0.1065,ID,id.pitch.x,0.34862974
0.1065,ID,id.pitch.xm,-0.023634728
0.1065,ID,id.roll.r,0.00026057515
0.1065,ID,id.roll.u_ad,0.14981332
0.1065,ID,id.roll.u_nom,0.11344475
0.1065,ID,id.roll.x,-0.11169823
0.1065,ID,id.roll.xm,0.00026057515
0.1065,ID,id.sample_counter,212
0.1065,ID,id.sysid_state,1
0.1065,ID,id.vbat,0
0.1065,ID,id.yaw.r,-0.11901525
0.1065,ID,id.yaw.u_ad,-0.0064474843
0.1065,ID,id.yaw.u_nom,-0.048953407
0.1065,ID,id.yaw.x,0.076515913
0.1065,ID,id.yaw.xm,-0.11901525
0.1065,ID,id.z.r,0.083303124
0.1065,ID,id.z.u_ad,0.65033865
0.1065,ID,id.z.u_nom,0.18956296
0.1065,ID,id.z.x,-0.0045596021
0.1065,ID,id.z.xm,0.083303124
0.1305,ID,id.arm,1
0.1305,ID,id.mode,1
0.1305,ID,id.pitch.r,-0.041554537
0.1305,ID,id.pitch.u_ad,-0.0039531812
0.1305,ID,id.pitch.u_nom,-0.20198646
0.1305,ID,id.pitch.x,0.43243849
0.1305,ID,id.pitch.xm,-0.041554537
0.1305,ID,id.roll.r,0.00077739073
0.1305,ID,id.roll.u_ad,0.14815138
0.1305,ID,id.roll.u_nom,0.035858683
0.1305,ID,id.roll.x,-0.042570632
0.1305,ID,id.roll.xm,0.00077739073
0.1305,ID,id.sample_counter,213
0.1305,ID,id.sysid_state,1
0.1305,ID,id.vbat,0
0.1305,ID,id.yaw.r,-0.1209039
0.1305,ID,id.yaw.u_ad,-0.0065826075
0.1305,ID,id.yaw.u_nom,-0.036638014
0.1305,ID,id.yaw.x,0.024346665
0.1305,ID,id.yaw.xm,-0.1209039
0.1305,ID,id.z.r,0.083272293
0.1305,ID,id.z.u_ad,0.6500414
0.1305,ID,id.z.u_nom,0.1859795
0.1305,ID,id.z.x,-0.0022260405
0.1305,ID,id.z.xm,0.083272293
0.1398,ID,id.arm,1
0.1398,ID,id.mode,1
0.1398,ID,id.pitch.r,-0.061652873
0.1398,ID,id.pitch.u_ad,-0.0063452329
0.1398,ID,id.pitch.u_nom,-0.18762417
0.1398,ID,id.pitch.x,0.39406019
0.1398,ID,id.pitch.xm,-0.061652873
0.1398,ID,id.roll.r,0.0014348631
0.1398,ID,id.roll.u_ad,0.14809515
0.1398,ID,id.roll.u_nom,0.085310839
0.1398,ID,id.roll.x,-0.16085237
0.1398,ID,id.roll.xm,0.0014348631
0.1398,ID,id.sample_counter,214
0.1398,ID,id.sysid_state,1
0.1398,ID,id.vbat,0
0.1398,ID,id.yaw.r,-0.12282557
0.1398,ID,id.yaw.u_ad,-0.0066821133
0.1398,ID,id.yaw.u_nom,-0.027855109
0.1398,ID,id.yaw.x,-0.013294281
0.1398,ID,id.yaw.xm,-0.12282557
0.1398,ID,id.z.r,0.083292574
0.1398,ID,id.z.u_ad,0.65017849
0.1398,ID,id.z.u_nom,0.18658406
0.1398,ID,id.z.x,-0.0022622459
0.1398,ID,id.z.xm,0.083292574
0.1570,ID,id.arm,1
0.1570,ID,id.mode,1
0.1570,ID,id.pitch.r,-0.08349067
0.1570,ID,id.pitch.u_ad,-0.0085010109
0.1570,ID,id.pitch.u_nom,-0.040508721
0.1570,ID,id.pitch.x,0.29451066
0.1570,ID,id.pitch.xm,-0.08349067
0.1570,ID,id.roll.r,0.0023737233
0.1570,ID,id.roll.u_ad,0.14823683
0.1570,ID,id.roll.u_nom,0.070291884
0.1570,ID,id.roll.x,-0.24126528
0.1570,ID,id.roll.xm,0.0023737233
0.1570,ID,id.sample_counter,215
0.1570,ID,id.sysid_state,1
0.1570,ID,id.vbat,0
0.1570,ID,id.yaw.r,-0.12122137
0.1570,ID,id.yaw.u_ad,-0.006737228
0.1570,ID,id.yaw.u_nom,-0.037054881
0.1570,ID,id.yaw.x,0.025639348
0.1570,ID,id.yaw.xm,-0.12122137
0.1570,ID,id.z.r,0.08337941
0.1570,ID,id.z.u_ad,0.65067434
0.1570,ID,id.z.u_nom,0.18973187
0.1570,ID,id.z.x,-0.0036408782
0.1570,ID,id.z.xm,0.08337941
0.1735,ID,id.arm,1
0.1735,ID,id.mode,1
0.1735,ID,id.pitch.r,-0.086768769
0.1735,ID,id.pitch.u_ad,-0.011163674
0.1735,ID,id.pitch.u_nom,-0.17936777
0.1735,ID,id.pitch.x,0.30944997
0.1735,ID,id.pitch.xm,-0.086768769
0.1735,ID,id.roll.r,0.004129115
0.1735,ID,id.roll.u_ad,0.1485028
0.1735,ID,id.roll.u_nom,0.094166771
0.1735,ID,id.roll.x,-0.26353121
0.1735,ID,id.roll.xm,0.004129115
0.1735,ID,id.sample_counter,216
0.1735,ID,id.sysid_state,1
0.1735,ID,id.vbat,0
0.1735,ID,id.yaw.r,-0.12635863
0.1735,ID,id.yaw.u_ad,-0.0068773911
0.1735,ID,id.yaw.u_nom,-0.038971357
0.1735,ID,id.yaw.x,0.02856815
0.1735,ID,id.yaw.xm,-0.12635863
0.1735,ID,id.z.r,0.083513528
0.1735,ID,id.z.u_ad,0.65186226
0.1735,ID,id.z.u_nom,0.19428833
0.1735,ID,id.z.x,-0.0056517646
0.1735,ID,id.z.xm,0.083513528
0.1900,ID,id.arm,1
0.1900,ID,id.mode,1
0.1900,ID,id.pitch.r,-0.11990344
0.1900,ID,id.pitch.u_ad,-0.014582844
0.1900,ID,id.pitch.u_nom,0.009284419
0.1900,ID,id.pitch.x,0.14377469
0.1900,ID,id.pitch.xm,-0.11990344
0.1900,ID,id.roll.r,0.0058628861
0.1900,ID,id.roll.u_ad,0.14896509
0.1900,ID,id.roll.u_nom,0.1337031
0.1900,ID,id.roll.x,-0.32599261
0.1900,ID,id.roll.xm,0.0058628861
0.1900,ID,id.sample_counter,217
0.1900,ID,id.sysid_state,1
0.1900,ID,id.vbat,0
0.1900,ID,id.yaw.r,-0.126486
0.1900,ID,id.yaw.u_ad,-0.006966352
0.1900,ID,id.yaw.u_nom,-0.032156222
0.1900,ID,id.yaw.x,0.00049113762
0.1900,ID,id.yaw.xm,-0.126486
0.1900,ID,id.z.r,0.083627723
0.1900,ID,id.z.u_ad,0.65313548
0.1900,ID,id.z.u_nom,0.1997527
0.1900,ID,id.z.x,-0.0082730781
0.1900,ID,id.z.xm,0.083627723
0.2065,ID,id.arm,1
0.2065,ID,id.mode,1
0.2065,ID,id.pitch.r,-0.2084166
0.2065,ID,id.pitch.u_ad,-0.016407637
0.2065,ID,id.pitch.u_nom,-0.02040893
0.2065,ID,id.pitch.x,-0.0027185283
0.2065,ID,id.pitch.xm,-0.2084166
0.2065,ID,id.roll.r,0.0079787169
0.2065,ID,id.roll.u_ad,0.14900932
0.2065,ID,id.roll.u_nom,0.091589667
0.2065,ID,id.roll.x,-0.26947829
0.2065,ID,id.roll.xm,0.0079787169
0.2065,ID,id.sample_counter,218
0.2065,ID,id.sysid_state,1
0.2065,ID,id.vbat,0
0.2065,ID,id.yaw.r,-0.12894149
0.2065,ID,id.yaw.u_ad,-0.007074757
0.2065,ID,id.yaw.u_nom,-0.038016096
0.2065,ID,id.yaw.x,0.021960881
0.2065,ID,id.yaw.xm,-0.12894149
0.2065,ID,id.z.r,0.083810136
0.2065,ID,id.z.u_ad,0.65457904
0.2065,ID,id.z.u_nom,0.20251754
0.2065,ID,id.z.x,-0.0093221078
0.2065,ID,id.z.xm,0.083810136
0.2231,ID,id.arm,1
0.2231,ID,id.mode,1
0.2231,ID,id.pitch.r,-0.22268493
0.2231,ID,id.pitch.u_ad,-0.019177971
0.2231,ID,id.pitch.u_nom,-0.10785877
0.2231,ID,id.pitch.x,0.058345549
0.2231,ID,id.pitch.xm,-0.22268493
0.2231,ID,id.roll.r,0.01141476
0.2231,ID,id.roll.u_ad,0.14901927
0.2231,ID,id.roll.u_nom,0.08579164
0.2231,ID,id.roll.x,-0.20738962
0.2231,ID,id.roll.xm,0.01141476
0.2231,ID,id.sample_counter,219
0.2231,ID,id.sysid_state,1
0.2231,ID,id.vbat,0
0.2231,ID,id.yaw.r,-0.13030738
0.2231,ID,id.yaw.u_ad,-0.0071940878
0.2231,ID,id.yaw.u_nom,-0.032552607
0.2231,ID,id.yaw.x,-0.0016905722
0.2231,ID,id.yaw.xm,-0.13030738
0.2231,ID,id.z.r,0.076838925
0.2231,ID,id.z.u_ad,0.63771468
0.2231,ID,id.z.u_nom,-0.10241627
0.2231,ID,id.z.x,0.15286033
0.2231,ID,id.z.xm,0.076838925
0.2395,ID,id.arm,1
0.2395,ID,id.mode,1
0.2395,ID,id.pitch.r,-0.12849781
0.2395,ID,id.pitch.u_ad,-0.017497431
0.2395,ID,id.pitch.u_nom,0.033922322
0.2395,ID,id.pitch.x,-0.079830162
0.2395,ID,id.pitch.xm,-0.12849781
0.2395,ID,id.roll.r,0.014455487
0.2395,ID,id.roll.u_ad,0.14909212
0.2395,ID,id.roll.u_nom,0.099720009
0.2395,ID,id.roll.x,-0.19385418
0.2395,ID,id.roll.xm,0.014455487
0.2395,ID,id.sample_counter,220
0.2395,ID,id.sysid_state,1
0.2395,ID,id.vbat,0
0.2395,ID,id.yaw.r,-0.13191842
0.2395,ID,id.yaw.u_ad,-0.0072907568
0.2395,ID,id.yaw.u_nom,-0.050558537
0.2395,ID,id.yaw.x,0.0700574
0.2395,ID,id.yaw.xm,-0.13191842
0.2395,ID,id.z.r,0.07684923
0.2395,ID,id.z.u_ad,0.6295433
0.2395,ID,id.z.u_nom,-0.023709694
0.2395,ID,id.z.x,0.10903925
0.2395,ID,id.z.xm,0.07684923
0.2562,ID,id.arm,1
0.2562,ID,id.mode,1
0.2562,ID,id.pitch.r,-0.080811776
0.2562,ID,id.pitch.u_ad,-0.018413134
0.2562,ID,id.pitch.u_nom,0.079041652
0.2562,ID,id.pitch.x,-0.10717868
0.2562,ID,id.pitch.xm,-0.080811776
0.2562,ID,id.roll.r,0.017884212
0.2562,ID,id.roll.u_ad,0.14874582
0.2562,ID,id.roll.u_nom,-0.04504567
0.2562,ID,id.roll.x,-0.054607742
0.2562,ID,id.roll.xm,0.017884212
0.2562,ID,id.sample_counter,221
0.2562,ID,id.sysid_state,1
0.2562,ID,id.vbat,0
0.2562,ID,id.yaw.r,-0.1331435
0.2562,ID,id.yaw.u_ad,-0.0073730997
0.2562,ID,id.yaw.u_nom,-0.027080413
0.2562,ID,id.yaw.x,-0.026893286
0.2562,ID,id.yaw.xm,-0.1331435
0.2562,ID,id.z.r,0.076862007
0.2562,ID,id.z.u_ad,0.62689483
0.2562,ID,id.z.u_nom,0.032754976
0.2562,ID,id.z.x,0.077679545
0.2562,ID,id.z.xm,0.076862007
0.2650,A,mrac.pitch.e,0.052405611
0.2650,A,mrac.pitch.u_ad,-0.03203455
0.2650,A,mrac.roll.e,-0.15494034
0.2650,A,mrac.roll.u_ad,0.1569387
0.2650,A,mrac.yaw.e,0.14553335
0.2650,A,mrac.yaw.u_ad,-0.0056122229
0.2650,A,mrac.z.e,-0.13639829
0.2650,A,mrac.z.u_ad,0.65154296
0.2650,A,status.arm,1
0.2650,A,status.flymode,1
0.2650,A,status.rc_authority,0
0.2650,A,status.sbus_lost,0
0.2650,A,status.twc_arrived,0
0.2650,A,status.twc_execute,0
0.2650,B,mrac.pitch.theta_0,9.1096346e-25
0.2650,B,mrac.pitch.theta_1,0.0043900576
0.2650,B,mrac.pitch.theta_2,0.00039052742
0.2650,B,mrac.pitch.theta_3,0.00076791376
0.2650,B,mrac.pitch.theta_4,0.05256496
0.2650,B,mrac.pitch.theta_5,0.14142013
0.2650,B,mrac.pitch.u_nom,-0.076234512
0.2650,B,mrac.pitch.xm,-0.21348412
0.2650,B,mrac.roll.theta_0,0.14831175
0.2650,B,mrac.roll.theta_1,0.0016315561
0.2650,B,mrac.roll.theta_2,0.0034727852
0.2650,B,mrac.roll.theta_3,0.0002785284
0.2650,B,mrac.roll.theta_4,0.033332087
0.2650,B,mrac.roll.theta_5,0.039887998
0.2650,B,mrac.roll.u_nom,-0.052652057
0.2650,B,mrac.roll.xm,0.18068948
0.2650,B,mrac.yaw.theta_0,0.00027064836
0.2650,B,mrac.yaw.theta_1,0.0014738701
0.2650,B,mrac.yaw.theta_2,2.3952616e-05
0.2650,B,mrac.yaw.theta_3,0
0.2650,B,mrac.yaw.theta_4,0.014937497
0.2650,B,mrac.yaw.theta_5,0.053855266
0.2650,B,mrac.yaw.u_nom,-0.051006522
0.2650,B,mrac.yaw.xm,-0.10599887
0.2650,B,mrac.z.theta_0,0.58554208
0.2650,B,mrac.z.theta_1,0.0033673737
0.2650,B,mrac.z.theta_2,0.0064274729
0.2650,B,mrac.z.theta_3,0
0.2650,B,mrac.z.theta_4,0.19729561
0.2650,B,mrac.z.theta_5,0.18995114
0.2650,B,mrac.z.u_nom,0.32502872
0.2650,B,mrac.z.xm,0.083512075
0.2650,B,path.active_path_mode,0
0.2650,B,path.circle_theta,0
0.2650,B,path.sinusoid_t_elapsed,0
0.2650,B,path.twc_arrived,0
0.2650,B,path.twc_target_x,0
0.2650,B,path.twc_target_y,0
0.2650,B,path.twc_target_z,0
0.2650,B,pid.gyrox.Des,10.35274
0.2650,B,pid.gyrox.FB,7.5327945
0.2650,B,pid.gyrox.U,-61.602905
0.2650,B,pid.gyroy.Des,-12.231734
0.2650,B,pid.gyroy.FB,-0.80288416
0.2650,B,pid.gyroy.U,-89.194382
0.2650,B,pid.gyroz.Des,-6.0732856
0.2650,B,pid.gyroz.FB,5.6084971
0.2650,B,pid.gyroz.U,-95.484207
0.2650,B,pid.locx.Des,19.198217
0.2650,B,pid.locx.FB,17.505693
0.2650,B,pid.locx.U,2.8339081
0.2650,B,pid.locxs.Des,2.8339081
0.2650,B,pid.locxs.FB,13.003392
0.2650,B,pid.locxs.U,-31.144979
0.2650,B,pid.locy.Des,17.858948
0.2650,B,pid.locy.FB,47.054852
0.2650,B,pid.locy.U,-25.476261
0.2650,B,pid.locys.Des,-25.476261
0.2650,B,pid.locys.FB,2.9852612
0.2650,B,pid.locys.U,-85.474358
0.2650,B,pid.pitch.Des,-4.9811172
0.2650,B,pid.pitch.FB,-0.85190886
0.2650,B,pid.pitch.U,-12.231734
0.2650,B,pid.roll.Des,1.8131919
0.2650,B,pid.roll.FB,-1.7145113
0.2650,B,pid.roll.U,10.35274
0.2650,B,pid.yaw.Des,-0.61393034
0.2650,B,pid.yaw.FB,0.064950556
0.2650,B,pid.yaw.U,-6.0732856
0.2650,B,pid.z_pos.Des,1.1495126
0.2650,B,pid.z_pos.FB,1.149358
0.2650,B,pid.z_pos.U,0.083512075
0.2650,B,pid.z_rate.Des,0.083512075
0.2650,B,pid.z_rate.FB,-0.080338284
0.2650,B,pid.z_rate.U,72.156372
0.2650,B,status.vbat,0
0.2730,ID,id.arm,1
0.2730,ID,id.mode,1
0.2730,ID,id.pitch.r,-0.13382812
0.2730,ID,id.pitch.u_ad,-0.0189959
0.2730,ID,id.pitch.u_nom,0.0079792589
0.2730,ID,id.pitch.x,-0.028384218
0.2730,ID,id.pitch.xm,-0.13382812
0.2730,ID,id.roll.r,0.023024697
0.2730,ID,id.roll.u_ad,0.14945774
0.2730,ID,id.roll.u_nom,0.14530298
0.2730,ID,id.roll.x,-0.21905951
0.2730,ID,id.roll.xm,0.023024697
0.2730,ID,id.sample_counter,222
0.2730,ID,id.sysid_state,1
0.2730,ID,id.vbat,0
0.2730,ID,id.yaw.r,-0.13289401
0.2730,ID,id.yaw.u_ad,-0.0074366443
0.2730,ID,id.yaw.u_nom,-0.039197724
0.2730,ID,id.yaw.x,0.022866264
0.2730,ID,id.yaw.xm,-0.13289401
0.2730,ID,id.z.r,0.076800227
0.2730,ID,id.z.u_ad,0.62780666
0.2730,ID,id.z.u_nom,0.082456611
0.2730,ID,id.z.x,0.05010749
0.2730,ID,id.z.xm,0.076800227
0.2898,ID,id.arm,1
0.2898,ID,id.mode,1
0.2898,ID,id.pitch.r,-0.15342724
0.2898,ID,id.pitch.u_ad,-0.021534525
0.2898,ID,id.pitch.u_nom,0.036711823
0.2898,ID,id.pitch.x,-0.040024597
0.2898,ID,id.pitch.xm,-0.15342724
0.2898,ID,id.roll.r,0.027266705
0.2898,ID,id.roll.u_ad,0.1494226
0.2898,ID,id.roll.u_nom,0.0080512417
0.2898,ID,id.roll.x,-0.11687602
0.2898,ID,id.roll.xm,0.027266705
0.2898,ID,id.sample_counter,223
0.2898,ID,id.sysid_state,1
0.2898,ID,id.vbat,0
0.2898,ID,id.yaw.r,-0.13580406
0.2898,ID,id.yaw.u_ad,-0.0075303805
0.2898,ID,id.yaw.u_nom,-0.039314035
0.2898,ID,id.yaw.x,0.020428797
0.2898,ID,id.yaw.xm,-0.13580406
0.2898,ID,id.z.r,0.076793544
0.2898,ID,id.z.u_ad,0.6301747
0.2898,ID,id.z.u_nom,0.110804
0.2898,ID,id.z.x,0.034490019
0.2898,ID,id.z.xm,0.076793544
0.3062,ID,id.arm,1
0.3062,ID,id.mode,1
0.3062,ID,id.pitch.r,-0.13424344
0.3062,ID,id.pitch.u_ad,-0.020546554
0.3062,ID,id.pitch.u_nom,-0.12211666
0.3062,ID,id.pitch.x,0.073673442
0.3062,ID,id.pitch.xm,-0.13424344
0.3062,ID,id.roll.r,0.031794012
0.3062,ID,id.roll.u_ad,0.14922608
0.3062,ID,id.roll.u_nom,-0.076279081
0.3062,ID,id.roll.x,-0.0034351838
0.3062,ID,id.roll.xm,0.031794012
0.3062,ID,id.sample_counter,224
0.3062,ID,id.sysid_state,1
0.3062,ID,id.vbat,0
0.3062,ID,id.yaw.r,-0.13610563
0.3062,ID,id.yaw.u_ad,-0.0075969491
0.3062,ID,id.yaw.u_nom,-0.027523538
0.3062,ID,id.yaw.x,-0.027958415
0.3062,ID,id.yaw.xm,-0.13610563
0.3062,ID,id.z.r,0.076795161
0.3062,ID,id.z.u_ad,0.63307291
0.3062,ID,id.z.u_nom,0.13021539
0.3062,ID,id.z.x,0.023879556
0.3062,ID,id.z.xm,0.076795161
0.3232,ID,id.arm,1
0.3232,ID,id.mode,1
0.3232,ID,id.pitch.r,-0.24240245
0.3232,ID,id.pitch.u_ad,-0.023482658
0.3232,ID,id.pitch.u_nom,-0.093427189
0.3232,ID,id.pitch.x,0.033186641
0.3232,ID,id.pitch.xm,-0.24240245
0.3232,ID,id.roll.r,0.038183186
0.3232,ID,id.roll.u_ad,0.14989008
0.3232,ID,id.roll.u_nom,0.027178144
0.3232,ID,id.roll.x,-0.10444029
0.3232,ID,id.roll.xm,0.038183186
0.3232,ID,id.sample_counter,225
0.3232,ID,id.sysid_state,1
0.3232,ID,id.vbat,0
0.3232,ID,id.yaw.r,-0.13118453
0.3232,ID,id.yaw.u_ad,-0.0075808298
0.3232,ID,id.yaw.u_nom,-0.022505488
0.3232,ID,id.yaw.x,-0.043706454
0.3232,ID,id.yaw.xm,-0.13118453
0.3232,ID,id.z.r,0.076798871
0.3232,ID,id.z.u_ad,0.63727236
0.3232,ID,id.z.u_nom,0.14962967
0.3232,ID,id.z.x,0.013367668
0.3232,ID,id.z.xm,0.076798871
0.3398,ID,id.arm,1
0.3398,ID,id.mode,1
0.3398,ID,id.pitch.r,-0.15492593
0.3398,ID,id.pitch.u_ad,-0.023196327
0.3398,ID,id.pitch.u_nom,-0.10922696
0.3398,ID,id.pitch.x,0.11928231
0.3398,ID,id.pitch.xm,-0.15492593
0.3398,ID,id.roll.r,0.04315874
0.3398,ID,id.roll.u_ad,0.14967431
0.3398,ID,id.roll.u_nom,-0.057913154
0.3398,ID,id.roll.x,0.016323397
0.3398,ID,id.roll.xm,0.04315874
0.3398,ID,id.sample_counter,226
0.3398,ID,id.sysid_state,1
0.3398,ID,id.vbat,0
0.3398,ID,id.yaw.r,-0.12823986
0.3398,ID,id.yaw.u_ad,-0.0075147157
0.3398,ID,id.yaw.u_nom,-0.02913592
0.3398,ID,id.yaw.x,-0.013596317
0.3398,ID,id.yaw.xm,-0.12823986
0.3398,ID,id.z.r,0.07677123
0.3398,ID,id.z.u_ad,0.64034641
0.3398,ID,id.z.u_nom,0.15887786
0.3398,ID,id.z.x,0.0084245
0.3398,ID,id.z.xm,0.07677123
0.3564,ID,id.arm,1
0.3564,ID,id.mode,1
0.3564,ID,id.pitch.r,-0.15863115
0.3564,ID,id.pitch.u_ad,-0.023609152
0.3564,ID,id.pitch.u_nom,-0.082670003
0.3564,ID,id.pitch.x,0.092335105
0.3564,ID,id.pitch.xm,-0.15863115
0.3564,ID,id.roll.r,0.04821229
0.3564,ID,id.roll.u_ad,0.1500939
0.3564,ID,id.roll.u_nom,0.030481068
0.3564,ID,id.roll.x,-0.040243801
0.3564,ID,id.roll.xm,0.04821229
0.3564,ID,id.sample_counter,227
0.3564,ID,id.sysid_state,1
0.3564,ID,id.vbat,0
0.3564,ID,id.yaw.r,-0.1276117
0.3564,ID,id.yaw.u_ad,-0.0074626561
0.3564,ID,id.yaw.u_nom,-0.034122813
0.3564,ID,id.yaw.x,0.0074007306
0.3564,ID,id.yaw.xm,-0.1276117
0.3564,ID,id.z.r,0.076755218
0.3564,ID,id.z.u_ad,0.64321917
0.3564,ID,id.z.u_nom,0.16510369
0.3564,ID,id.z.x,0.0051836851
0.3564,ID,id.z.xm,0.076755218
0.3734,ID,id.arm,1
0.3734,ID,id.mode,1
0.3734,ID,id.pitch.r,-0.16477354
0.3734,ID,id.pitch.u_ad,-0.024664899
0.3734,ID,id.pitch.u_nom,-0.11505625
0.3734,ID,id.pitch.x,0.12344626
0.3734,ID,id.pitch.xm,-0.16477354
0.3734,ID,id.roll.r,0.05493293
0.3734,ID,id.roll.u_ad,0.1502029
0.3734,ID,id.roll.u_nom,-0.08548037
0.3734,ID,id.roll.x,0.057354573
0.3734,ID,id.roll.xm,0.05493293
0.3734,ID,id.sample_counter,228
0.3734,ID,id.sysid_state,1
0.3734,ID,id.vbat,0
0.3734,ID,id.yaw.r,-0.12334181
0.3734,ID,id.yaw.u_ad,-0.0073392885
0.3734,ID,id.yaw.u_nom,-0.012975557
0.3734,ID,id.yaw.x,-0.074649267
0.3734,ID,id.yaw.xm,-0.12334181
0.3734,ID,id.z.r,0.07676971
0.3734,ID,id.z.u_ad,0.64672828
0.3734,ID,id.z.u_nom,0.17326185
0.3734,ID,id.z.x,0.0009939631
0.3734,ID,id.z.xm,0.07676971
0.3899,ID,id.arm,1
0.3899,ID,id.mode,1
0.3899,ID,id.pitch.r,-0.19662845
0.3899,ID,id.pitch.u_ad,-0.028182685
0.3899,ID,id.pitch.u_nom,-0.080655843
0.3899,ID,id.pitch.x,0.12247335
0.3899,ID,id.pitch.xm,-0.19662845
0.3899,ID,id.roll.r,0.059847165
0.3899,ID,id.roll.u_ad,0.15032539
0.3899,ID,id.roll.u_nom,-0.058089957
0.3899,ID,id.roll.x,0.066294827
0.3899,ID,id.roll.xm,0.059847165
0.3899,ID,id.sample_counter,229
0.3899,ID,id.sysid_state,1
0.3899,ID,id.vbat,0
0.3899,ID,id.yaw.r,-0.11845148
0.3899,ID,id.yaw.u_ad,-0.0071854419
0.3899,ID,id.yaw.u_nom,-0.023933349
0.3899,ID,id.yaw.x,-0.025050085
0.3899,ID,id.yaw.xm,-0.11845148
0.3899,ID,id.z.r,0.076740555
0.3899,ID,id.z.u_ad,0.64900988
0.3899,ID,id.z.u_nom,0.17466818
0.3899,ID,id.z.x,0.00043256016
0.3899,ID,id.z.xm,0.076740555
0.4063,ID,id.arm,1
0.4063,ID,id.mode,1
0.4063,ID,id.pitch.r,-0.18313287
0.4063,ID,id.pitch.u_ad,-0.027124012
0.4063,ID,id.pitch.u_nom,-0.072194874
0.4063,ID,id.pitch.x,0.056045134
0.4063,ID,id.pitch.xm,-0.18313287
0.4063,ID,id.roll.r,0.064549707
0.4063,ID,id.roll.u_ad,0.15114965
0.4063,ID,id.roll.u_nom,0.13135378
0.4063,ID,id.roll.x,-0.1204754
0.4063,ID,id.roll.xm,0.064549707
0.4063,ID,id.sample_counter,230
0.4063,ID,id.sysid_state,1
0.4063,ID,id.vbat,0
0.4063,ID,id.yaw.r,-0.11485137
0.4063,ID,id.yaw.u_ad,-0.0070239739
0.4063,ID,id.yaw.u_nom,-0.021378743
0.4063,ID,id.yaw.x,-0.031952891
0.4063,ID,id.yaw.xm,-0.11485137
0.4063,ID,id.z.r,0.076658696
0.4063,ID,id.z.u_ad,0.650998
0.4063,ID,id.z.u_nom,0.17549641
0.4063,ID,id.z.x,0.00014114773
0.4063,ID,id.z.xm,0.076658696
0.4231,ID,id.arm,1
0.4231,ID,id.mode,1
0.4231,ID,id.pitch.r,-0.28513348
0.4231,ID,id.pitch.u_ad,-0.029956786
0.4231,ID,id.pitch.u_nom,-0.14049751
0.4231,ID,id.pitch.x,0.014239637
0.4231,ID,id.pitch.xm,-0.28513348
0.4231,ID,id.roll.r,0.070321247
0.4231,ID,id.roll.u_ad,0.15124273
0.4231,ID,id.roll.u_nom,-0.075421557
0.4231,ID,id.roll.x,0.03164956
0.4231,ID,id.roll.xm,0.070321247
0.4231,ID,id.sample_counter,231
0.4231,ID,id.sysid_state,1
0.4231,ID,id.vbat,0
0.4231,ID,id.yaw.r,-0.10874928
0.4231,ID,id.yaw.u_ad,-0.0067655835
0.4231,ID,id.yaw.u_nom,-0.013866988
0.4231,ID,id.yaw.x,-0.0565053
0.4231,ID,id.yaw.xm,-0.10874928
0.4231,ID,id.z.r,0.076678619
0.4231,ID,id.z.u_ad,0.65345621
0.4231,ID,id.z.u_nom,0.18037483
0.4231,ID,id.z.x,-0.0022061176
0.4231,ID,id.z.xm,0.076678619
0.4396,ID,id.arm,1
0.4396,ID,id.mode,1
0.4396,ID,id.pitch.r,-0.18460523
0.4396,ID,id.pitch.u_ad,-0.028077321
0.4396,ID,id.pitch.u_nom,-0.055874567
0.4396,ID,id.pitch.x,-0.057066083
0.4396,ID,id.pitch.xm,-0.18460523
0.4396,ID,id.roll.r,0.074145377
0.4396,ID,id.roll.u_ad,0.15191247
0.4396,ID,id.roll.u_nom,0.10410524
0.4396,ID,id.roll.x,-0.10160727
0.4396,ID,id.roll.xm,0.074145377
0.4396,ID,id.sample_counter,232
0.4396,ID,id.sysid_state,1
0.4396,ID,id.vbat,0
0.4396,ID,id.yaw.r,-0.10699407
0.4396,ID,id.yaw.u_ad,-0.0065888418
0.4396,ID,id.yaw.u_nom,-0.01336754
0.4396,ID,id.yaw.x,-0.056637108
0.4396,ID,id.yaw.xm,-0.10699407
0.4396,ID,id.z.r,0.076653093
0.4396,ID,id.z.u_ad,0.6550566
0.4396,ID,id.z.u_nom,0.17885533
0.4396,ID,id.z.x,-0.0011326862
0.4396,ID,id.z.xm,0.076653093
0.4565,ID,id.arm,1
0.4565,ID,id.mode,1
0.4565,ID,id.pitch.r,-0.18745217
0.4565,ID,id.pitch.u_ad,-0.02796275
0.4565,ID,id.pitch.u_nom,-0.024836816
0.4565,ID,id.pitch.x,-0.052298043
0.4565,ID,id.pitch.xm,-0.18745217
0.4565,ID,id.roll.r,0.077423535
0.4565,ID,id.roll.u_ad,0.15213512
0.4565,ID,id.roll.u_nom,0.14576168
0.4565,ID,id.roll.x,-0.16643943
0.4565,ID,id.roll.xm,0.077423535
0.4565,ID,id.sample_counter,233
0.4565,ID,id.sysid_state,1
0.4565,ID,id.vbat,0
0.4565,ID,id.yaw.r,-0.10399783
0.4565,ID,id.yaw.u_ad,-0.0064105089
0.4565,ID,id.yaw.u_nom,-0.021182088
0.4565,ID,id.yaw.x,-0.021817334
0.4565,ID,id.yaw.xm,-0.10399783
0.4565,ID,id.z.r,0.07656455
0.4565,ID,id.z.u_ad,0.65650862
0.4565,ID,id.z.u_nom,0.17998752
0.4565,ID,id.z.x,-0.0015937698
0.4565,ID,id.z.xm,0.07656455
0.4655,A,mrac.pitch.e,0.052405611
0.4655,A,mrac.pitch.u_ad,-0.03203455
0.4655,A,mrac.roll.e,-0.15494034
0.4655,A,mrac.roll.u_ad,0.1569387
0.4655,A,mrac.yaw.e,0.14553335
0.4655,A,mrac.yaw.u_ad,-0.0056122229
0.4655,A,mrac.z.e,-0.13639829
0.4655,A,mrac.z.u_ad,0.65154296
0.4655,A,status.arm,1
0.4655,A,status.flymode,1
0.4655,A,status.rc_authority,0
0.4655,A,status.sbus_lost,0
0.4655,A,status.twc_arrived,0
0.4655,A,status.twc_execute,0
0.4656,B,mrac.pitch.theta_0,9.1096346e-25
0.4656,B,mrac.pitch.theta_1,0.0043900576
0.4656,B,mrac.pitch.theta_2,0.00039052742
0.4656,B,mrac.pitch.theta_3,0.00076791376
0.4656,B,mrac.pitch.theta_4,0.05256496
0.4656,B,mrac.pitch.theta_5,0.14142013
0.4656,B,mrac.pitch.u_nom,-0.076234512
0.4656,B,mrac.pitch.xm,-0.21348412
0.4656,B,mrac.roll.theta_0,0.14831175
0.4656,B,mrac.roll.theta_1,0.0016315561
0.4656,B,mrac.roll.theta_2,0.0034727852
0.4656,B,mrac.roll.theta_3,0.0002785284
0.4656,B,mrac.roll.theta_4,0.033332087
0.4656,B,mrac.roll.theta_5,0.039887998
0.4656,B,mrac.roll.u_nom,-0.052652057
0.4656,B,mrac.roll.xm,0.18068948
0.4656,B,mrac.yaw.theta_0,0.00027064836
0.4656,B,mrac.yaw.theta_1,0.0014738701
0.4656,B,mrac.yaw.theta_2,2.3952616e-05
0.4656,B,mrac.yaw.theta_3,0
0.4656,B,mrac.yaw.theta_4,0.014937497
0.4656,B,mrac.yaw.theta_5,0.053855266
0.4656,B,mrac.yaw.u_nom,-0.051006522
0.4656,B,mrac.yaw.xm,-0.10599887
0.4656,B,mrac.z.theta_0,0.58554208
0.4656,B,mrac.z.theta_1,0.0033673737
0.4656,B,mrac.z.theta_2,0.0064274729
0.4656,B,mrac.z.theta_3,0
0.4656,B,mrac.z.theta_4,0.19729561
0.4656,B,mrac.z.theta_5,0.18995114
0.4656,B,mrac.z.u_nom,0.32502872
0.4656,B,mrac.z.xm,0.083512075
0.4656,B,path.active_path_mode,0
0.4656,B,path.circle_theta,0
0.4656,B,path.sinusoid_t_elapsed,0
0.4656,B,path.twc_arrived,0
0.4656,B,path.twc_target_x,0
0.4656,B,path.twc_target_y,0
0.4656,B,path.twc_target_z,0
0.4656,B,pid.gyrox.Des,10.35274
0.4656,B,pid.gyrox.FB,7.5327945
0.4656,B,pid.gyrox.U,-61.602905
0.4656,B,pid.gyroy.Des,-12.231734
0.4656,B,pid.gyroy.FB,-0.80288416
0.4656,B,pid.gyroy.U,-89.194382
0.4656,B,pid.gyroz.Des,-6.0732856
0.4656,B,pid.gyroz.FB,5.6084971
0.4656,B,pid.gyroz.U,-95.484207
0.4656,B,pid.locx.Des,19.198217
0.4656,B,pid.locx.FB,17.505693
0.4656,B,pid.locx.U,2.8339081
0.4656,B,pid.locxs.Des,2.8339081
0.4656,B,pid.locxs.FB,13.003392
0.4656,B,pid.locxs.U,-31.144979
0.4656,B,pid.locy.Des,17.858948
0.4656,B,pid.locy.FB,47.054852
0.4656,B,pid.locy.U,-25.476261
0.4656,B,pid.locys.Des,-25.476261
0.4656,B,pid.locys.FB,2.9852612
0.4656,B,pid.locys.U,-85.474358
0.4656,B,pid.pitch.Des,-4.9811172
0.4656,B,pid.pitch.FB,-0.85190886
0.4656,B,pid.pitch.U,-12.231734
0.4656,B,pid.roll.Des,1.8131919
0.4656,B,pid.roll.FB,-1.7145113
0.4656,B,pid.roll.U,10.35274
0.4656,B,pid.yaw.Des,-0.61393034
0.4656,B,pid.yaw.FB,0.064950556
0.4656,B,pid.yaw.U,-6.0732856
0.4656,B,pid.z_pos.Des,1.1495126
0.4656,B,pid.z_pos.FB,1.149358
0.4656,B,pid.z_pos.U,0.083512075
0.4656,B,pid.z_rate.Des,0.083512075
0.4656,B,pid.z_rate.FB,-0.080338284
0.4656,B,pid.z_rate.U,72.156372
0.4656,B,status.vbat,0
0.4731,ID,id.arm,1
0.4731,ID,id.mode,1
0.4731,ID,id.pitch.r,-0.15049297
0.4731,ID,id.pitch.u_ad,-0.029824471
0.4731,ID,id.pitch.u_nom,-0.057099734
0.4731,ID,id.pitch.x,0.027328027
0.4731,ID,id.pitch.xm,-0.15049297
0.4731,ID,id.roll.r,0.080769472
0.4731,ID,id.roll.u_ad,0.15168832
0.4731,ID,id.roll.u_nom,-0.022785611
0.4731,ID,id.roll.x,0.06241082
0.4731,ID,id.roll.xm,0.080769472
0.4731,ID,id.sample_counter,234
0.4731,ID,id.sysid_state,1
0.4731,ID,id.vbat,0
0.4731,ID,id.yaw.r,-0.10310183
0.4731,ID,id.yaw.u_ad,-0.0062282356
0.4731,ID,id.yaw.u_nom,-0.033567827
0.4731,ID,id.yaw.x,0.029670758
0.4731,ID,id.yaw.xm,-0.10310183
0.4731,ID,id.z.r,0.076467998
0.4731,ID,id.z.u_ad,0.65820467
0.4731,ID,id.z.u_nom,0.17851099
0.4731,ID,id.z.x,-0.00053199707
0.4731,ID,id.z.xm,0.076467998
0.4914,ID,id.arm,1
0.4914,ID,id.mode,1
0.4914,ID,id.pitch.r,-0.22622736
0.4914,ID,id.pitch.u_ad,-0.032778762
0.4914,ID,id.pitch.u_nom,-0.062495284
0.4914,ID,id.pitch.x,0.010252671
0.4914,ID,id.pitch.xm,-0.22622736
0.4914,ID,id.roll.r,0.082381152
0.4914,ID,id.roll.u_ad,0.15228733
0.4914,ID,id.roll.u_nom,0.12542647
0.4914,ID,id.roll.x,-0.078394681
0.4914,ID,id.roll.xm,0.082381152
0.4914,ID,id.sample_counter,235
0.4914,ID,id.sysid_state,1
0.4914,ID,id.vbat,0
0.4914,ID,id.yaw.r,-0.10776167
0.4914,ID,id.yaw.u_ad,-0.0062260674
0.4914,ID,id.yaw.u_nom,-0.044173505
0.4914,ID,id.yaw.x,0.0682569
0.4914,ID,id.yaw.xm,-0.10776167
0.4914,ID,id.z.r,0.076417789
0.4914,ID,id.z.u_ad,0.65925241
0.4914,ID,id.z.u_nom,0.17628254
0.4914,ID,id.z.x,0.00090383063
0.4914,ID,id.z.xm,0.076417789
0.5097,ID,id.arm,1
0.5097,ID,id.mode,1
0.5097,ID,id.pitch.r,-0.31480899
0.5097,ID,id.pitch.u_ad,-0.033878274
0.5097,ID,id.pitch.u_nom,-0.079477206
0.5097,ID,id.pitch.x,-0.088165708
0.5097,ID,id.pitch.xm,-0.31480899
0.5097,ID,id.roll.r,0.083116978
0.5097,ID,id.roll.u_ad,0.15202019
0.5097,ID,id.roll.u_nom,0.012539156
0.5097,ID,id.roll.x,0.016339662
0.5097,ID,id.roll.xm,0.083116978
0.5097,ID,id.sample_counter,236
0.5097,ID,id.sysid_state,1
0.5097,ID,id.vbat,0
0.5097,ID,id.yaw.r,-0.10915139
0.5097,ID,id.yaw.u_ad,-0.0062425146
0.5097,ID,id.yaw.u_nom,-0.027146775
0.5097,ID,id.yaw.x,-0.0026797415
0.5097,ID,id.yaw.xm,-0.10915139
0.5097,ID,id.z.r,0.076290421
0.5097,ID,id.z.u_ad,0.66020173
0.5097,ID,id.z.u_nom,0.17673244
0.5097,ID,id.z.x,0.00077311881
0.5097,ID,id.z.xm,0.076290421
0.5267,ID,id.arm,1
0.5267,ID,id.mode,1
0.5267,ID,id.pitch.r,-0.21017726
0.5267,ID,id.pitch.u_ad,-0.032483444
0.5267,ID,id.pitch.u_nom,-0.097349063
0.5267,ID,id.pitch.x,0.0089147771
0.5267,ID,id.pitch.xm,-0.21017726
0.5267,ID,id.roll.r,0.08258073
0.5267,ID,id.roll.u_ad,0.15226549
0.5267,ID,id.roll.u_nom,0.11699896
0.5267,ID,id.roll.x,-0.043852895
0.5267,ID,id.roll.xm,0.08258073
0.5267,ID,id.sample_counter,237
0.5267,ID,id.sysid_state,1
0.5267,ID,id.vbat,0
0.5267,ID,id.yaw.r,-0.10998031
0.5267,ID,id.yaw.u_ad,-0.0062692654
0.5267,ID,id.yaw.u_nom,-0.028455228
0.5267,ID,id.yaw.x,0.0019100951
0.5267,ID,id.yaw.xm,-0.10998031
0.5267,ID,id.z.r,0.07614097
0.5267,ID,id.z.u_ad,0.66136807
0.5267,ID,id.z.u_nom,0.17458433
0.5267,ID,id.z.x,0.0021404079
0.5267,ID,id.z.xm,0.07614097
0.5449,ID,id.arm,1
0.5449,ID,id.mode,1
0.5449,ID,id.pitch.r,-0.20865114
0.5449,ID,id.pitch.u_ad,-0.03226167
0.5449,ID,id.pitch.u_nom,-0.095675282
0.5449,ID,id.pitch.x,0.011050664
0.5449,ID,id.pitch.xm,-0.20865114
0.5449,ID,id.roll.r,0.080933921
0.5449,ID,id.roll.u_ad,0.15223458
0.5449,ID,id.roll.u_nom,0.10711861
0.5449,ID,id.roll.x,-0.064459026
0.5449,ID,id.roll.xm,0.080933921
0.5449,ID,id.sample_counter,238
0.5449,ID,id.sysid_state,1
0.5449,ID,id.vbat,0
0.5449,ID,id.yaw.r,-0.11180632
0.5449,ID,id.yaw.u_ad,-0.0063177035
0.5449,ID,id.yaw.u_nom,-0.032593943
0.5449,ID,id.yaw.x,0.016982693
0.5449,ID,id.yaw.xm,-0.11180632
0.5449,ID,id.z.r,0.076087192
0.5449,ID,id.z.u_ad,0.66223758
0.5449,ID,id.z.u_nom,0.17493749
0.5449,ID,id.z.x,0.0021329434
0.5449,ID,id.z.xm,0.076087192
0.5579,ID,id.arm,1
0.5579,ID,id.mode,1
0.5579,ID,id.pitch.r,-0.17416129
0.5579,ID,id.pitch.u_ad,-0.032999769
0.5579,ID,id.pitch.u_nom,0.065181702
0.5579,ID,id.pitch.x,-0.093159601
0.5579,ID,id.pitch.xm,-0.17416129
0.5579,ID,id.roll.r,0.078138925
0.5579,ID,id.roll.u_ad,0.15157573
0.5579,ID,id.roll.u_nom,-0.048505742
0.5579,ID,id.roll.x,0.042471975
0.5579,ID,id.roll.xm,0.078138925
0.5579,ID,id.sample_counter,239
0.5579,ID,id.sysid_state,1
0.5579,ID,id.vbat,0
0.5579,ID,id.yaw.r,-0.11457527
0.5579,ID,id.yaw.u_ad,-0.0064038909
0.5579,ID,id.yaw.u_nom,-0.039088294
0.5579,ID,id.yaw.x,0.040648218
0.5579,ID,id.yaw.xm,-0.11457527
0.5579,ID,id.z.r,0.075943276
0.5579,ID,id.z.u_ad,0.66302055
0.5579,ID,id.z.u_nom,0.17397599
0.5579,ID,id.z.x,0.0027612182
0.5579,ID,id.z.xm,0.075943276
0.5749,ID,id.arm,1
0.5749,ID,id.mode,1
0.5749,ID,id.pitch.r,-0.22804773
0.5749,ID,id.pitch.u_ad,-0.034328651
0.5749,ID,id.pitch.u_nom,-0.12059018
0.5749,ID,id.pitch.x,0.054920286
0.5749,ID,id.pitch.xm,-0.22804773
0.5749,ID,id.roll.r,0.07251931
0.5749,ID,id.roll.u_ad,0.15182108
0.5749,ID,id.roll.u_nom,0.14724633
0.5749,ID,id.roll.x,-0.17744912
0.5749,ID,id.roll.xm,0.07251931
0.5749,ID,id.sample_counter,240
0.5749,ID,id.sysid_state,1
0.5749,ID,id.vbat,0
0.5749,ID,id.yaw.r,-0.11702527
0.5749,ID,id.yaw.u_ad,-0.0065279235
0.5749,ID,id.yaw.u_nom,-0.027289586
0.5749,ID,id.yaw.x,-0.0099152373
0.5749,ID,id.yaw.xm,-0.11702527
0.5749,ID,id.z.r,0.08384975
0.5749,ID,id.z.u_ad,0.67163402
0.5749,ID,id.z.u_nom,0.54819912
0.5749,ID,id.z.x,-0.19678931
0.5749,ID,id.z.xm,0.08384975
0.5930,ID,id.arm,1
0.5930,ID,id.mode,1
0.5930,ID,id.pitch.r,-0.22841123
0.5930,ID,id.pitch.u_ad,-0.033893373
0.5930,ID,id.pitch.u_nom,0.024809347
0.5930,ID,id.pitch.x,-0.06755197
0.5930,ID,id.pitch.xm,-0.22841123
0.5930,ID,id.roll.r,0.066820368
0.5930,ID,id.roll.u_ad,0.15151966
0.5930,ID,id.roll.u_nom,0.053344812
0.5930,ID,id.roll.x,-0.067831337
0.5930,ID,id.roll.xm,0.066820368
0.5930,ID,id.sample_counter,241
0.5930,ID,id.sysid_state,1
0.5930,ID,id.vbat,0
0.5930,ID,id.yaw.r,-0.11610864
0.5930,ID,id.yaw.u_ad,-0.0065764817
0.5930,ID,id.yaw.u_nom,-0.030898955
0.5930,ID,id.yaw.x,0.0056827022
0.5930,ID,id.yaw.xm,-0.11610864
0.5930,ID,id.z.r,0.082857072
0.5930,ID,id.z.u_ad,0.68755013
0.5930,ID,id.z.u_nom,0.45161387
0.5930,ID,id.z.x,-0.14417715
0.5930,ID,id.z.xm,0.082857072
0.6108,ID,id.arm,1
0.6108,ID,id.mode,1
0.6108,ID,id.pitch.r,-0.22257717
0.6108,ID,id.pitch.u_ad,-0.033973739
0.6108,ID,id.pitch.u_nom,0.019480886
0.6108,ID,id.pitch.x,-0.046451967
0.6108,ID,id.pitch.xm,-0.22257717
0.6108,ID,id.roll.r,0.059808876
0.6108,ID,id.roll.u_ad,0.15099165
0.6108,ID,id.roll.u_nom,-0.084643431
0.6108,ID,id.roll.x,0.058814727
0.6108,ID,id.roll.xm,0.059808876
0.6108,ID,id.sample_counter,242
0.6108,ID,id.sysid_state,1
0.6108,ID,id.vbat,0
0.6108,ID,id.yaw.r,-0.11775351
0.6108,ID,id.yaw.u_ad,-0.0066447034
0.6108,ID,id.yaw.u_nom,-0.037393451
0.6108,ID,id.yaw.x,0.030526908
0.6108,ID,id.yaw.xm,-0.11775351
0.6108,ID,id.z.r,0.082909398
0.6108,ID,id.z.u_ad,0.69564712
0.6108,ID,id.z.u_nom,0.38170508
0.6108,ID,id.z.x,-0.10532545
0.6108,ID,id.z.xm,0.082909398
0.6246,ID,id.arm,1
0.6246,ID,id.mode,1
0.6246,ID,id.pitch.r,-0.18745759
0.6246,ID,id.pitch.u_ad,-0.035540186
0.6246,ID,id.pitch.u_nom,-0.043991279
0.6246,ID,id.pitch.x,0.03949523
0.6246,ID,id.pitch.xm,-0.18745759
0.6246,ID,id.roll.r,0.048382677
0.6246,ID,id.roll.u_ad,0.15102141
0.6246,ID,id.roll.u_nom,0.08416754
0.6246,ID,id.roll.x,-0.082785323
0.6246,ID,id.roll.xm,0.048382677
0.6246,ID,id.sample_counter,243
0.6246,ID,id.sysid_state,1
0.6246,ID,id.vbat,0
0.6246,ID,id.yaw.r,-0.11826584
0.6246,ID,id.yaw.u_ad,-0.0067153811
0.6246,ID,id.yaw.u_nom,-0.032062992
0.6246,ID,id.yaw.x,0.0082896138
0.6246,ID,id.yaw.xm,-0.11826584
0.6246,ID,id.z.r,0.082966469
0.6246,ID,id.z.u_ad,0.69973367
0.6246,ID,id.z.u_nom,0.31856218
0.6246,ID,id.z.x,-0.070224054
0.6246,ID,id.z.xm,0.082966469
0.6413,ID,id.arm,1
0.6413,ID,id.mode,1
0.6413,ID,id.pitch.r,-0.22949371
0.6413,ID,id.pitch.u_ad,-0.034770627
0.6413,ID,id.pitch.u_nom,0.066903703
0.6413,ID,id.pitch.x,-0.15552483
0.6413,ID,id.pitch.xm,-0.22949371
0.6413,ID,id.roll.r,0.038248252
0.6413,ID,id.roll.u_ad,0.15053734
0.6413,ID,id.roll.u_nom,0.0074991584
0.6413,ID,id.roll.x,-0.042025685
0.6413,ID,id.roll.xm,0.038248252
0.6413,ID,id.sample_counter,244
0.6413,ID,id.sysid_state,1
0.6413,ID,id.vbat,0
0.6413,ID,id.yaw.r,-0.12012674
0.6413,ID,id.yaw.u_ad,-0.0067842039
0.6413,ID,id.yaw.u_nom,-0.035434518
0.6413,ID,id.yaw.x,0.020177439
0.6413,ID,id.yaw.xm,-0.12012674
0.6413,ID,id.z.r,0.082979389
0.6413,ID,id.z.u_ad,0.70014185
0.6413,ID,id.z.u_nom,0.28576562
0.6413,ID,id.z.x,-0.052009054
0.6413,ID,id.z.xm,0.082979389
0.6579,ID,id.arm,1
0.6579,ID,id.mode,1
0.6579,ID,id.pitch.r,-0.22675233
0.6579,ID,id.pitch.u_ad,-0.034943108
0.6579,ID,id.pitch.u_nom,-0.033164091
0.6579,ID,id.pitch.x,-0.044145245
0.6579,ID,id.pitch.xm,-0.22675233
0.6579,ID,id.roll.r,0.026785048
0.6579,ID,id.roll.u_ad,0.14984545
0.6579,ID,id.roll.u_nom,-0.054175105
0.6579,ID,id.roll.x,0.036189996
0.6579,ID,id.roll.xm,0.026785048
0.6579,ID,id.sample_counter,245
0.6579,ID,id.sysid_state,1
0.6579,ID,id.vbat,0
0.6579,ID,id.yaw.r,-0.12128139
0.6579,ID,id.yaw.u_ad,-0.0068485267
0.6579,ID,id.yaw.u_nom,-0.047148794
0.6579,ID,id.yaw.x,0.066785105
0.6579,ID,id.yaw.xm,-0.12128139
0.6579,ID,id.z.r,0.083034068
0.6579,ID,id.z.u_ad,0.6994403
0.6579,ID,id.z.u_nom,0.26121503
0.6579,ID,id.z.x,-0.0383288
0.6579,ID,id.z.xm,0.083034068
0.6690,A,mrac.pitch.e,0.052405611
0.6690,A,mrac.pitch.u_ad,-0.03203455
0.6690,A,mrac.roll.e,-0.15494034
0.6690,A,mrac.roll.u_ad,0.1569387
0.6690,A,mrac.yaw.e,0.14553335
0.6690,A,mrac.yaw.u_ad,-0.0056122229
0.6690,A,mrac.z.e,-0.13639829
0.6690,A,mrac.z.u_ad,0.65154296
0.6690,A,status.arm,1
0.6690,A,status.flymode,1
0.6690,A,status.rc_authority,0
0.6690,A,status.sbus_lost,0
0.6690,A,status.twc_arrived,0
0.6690,A,status.twc_execute,0
0.6693,B,mrac.pitch.theta_0,9.1096346e-25
0.6693,B,mrac.pitch.theta_1,0.0043900576
0.6693,B,mrac.pitch.theta_2,0.00039052742
0.6693,B,mrac.pitch.theta_3,0.00076791376
0.6693,B,mrac.pitch.theta_4,0.05256496
0.6693,B,mrac.pitch.theta_5,0.14142013
0.6693,B,mrac.pitch.u_nom,-0.076234512
0.6693,B,mrac.pitch.xm,-0.21348412
0.6693,B,mrac.roll.theta_0,0.14831175
0.6693,B,mrac.roll.theta_1,0.0016315561
0.6693,B,mrac.roll.theta_2,0.0034727852
0.6693,B,mrac.roll.theta_3,0.0002785284
0.6693,B,mrac.roll.theta_4,0.033332087
0.6693,B,mrac.roll.theta_5,0.039887998
0.6693,B,mrac.roll.u_nom,-0.052652057
0.6693,B,mrac.roll.xm,0.18068948
0.6693,B,mrac.yaw.theta_0,0.00027064836
0.6693,B,mrac.yaw.theta_1,0.0014738701
0.6693,B,mrac.yaw.theta_2,2.3952616e-05
0.6693,B,mrac.yaw.theta_3,0
0.6693,B,mrac.yaw.theta_4,0.014937497
0.6693,B,mrac.yaw.theta_5,0.053855266
0.6693,B,mrac.yaw.u_nom,-0.051006522
0.6693,B,mrac.yaw.xm,-0.10599887
0.6693,B,mrac.z.theta_0,0.58554208
0.6693,B,mrac.z.theta_1,0.0033673737
0.6693,B,mrac.z.theta_2,0.0064274729
0.6693,B,mrac.z.theta_3,0
0.6693,B,mrac.z.theta_4,0.19729561
0.6693,B,mrac.z.theta_5,0.18995114
0.6693,B,mrac.z.u_nom,0.32502872
0.6693,B,mrac.z.xm,0.083512075
0.6693,B,path.active_path_mode,0
0.6693,B,path.circle_theta,0
0.6693,B,path.sinusoid_t_elapsed,0
0.6693,B,path.twc_arrived,0
0.6693,B,path.twc_target_x,0
0.6693,B,path.twc_target_y,0
0.6693,B,path.twc_target_z,0
0.6693,B,pid.gyrox.Des,10.35274
0.6693,B,pid.gyrox.FB,7.5327945
0.6693,B,pid.gyrox.U,-61.602905
0.6693,B,pid.gyroy.Des,-12.231734
0.6693,B,pid.gyroy.FB,-0.80288416
0.6693,B,pid.gyroy.U,-89.194382
0.6693,B,pid.gyroz.Des,-6.0732856
0.6693,B,pid.gyroz.FB,5.6084971
0.6693,B,pid.gyroz.U,-95.484207
0.6693,B,pid.locx.Des,19.198217
0.6693,B,pid.locx.FB,17.505693
0.6693,B,pid.locx.U,2.8339081
0.6693,B,pid.locxs.Des,2.8339081
0.6693,B,pid.locxs.FB,13.003392
0.6693,B,pid.locxs.U,-31.144979
0.6693,B,pid.locy.Des,17.858948
0.6693,B,pid.locy.FB,47.054852
0.6693,B,pid.locy.U,-25.476261
0.6693,B,pid.locys.Des,-25.476261
0.6693,B,pid.locys.FB,2.9852612
0.6693,B,pid.locys.U,-85.474358
0.6693,B,pid.pitch.Des,-4.9811172
0.6693,B,pid.pitch.FB,-0.85190886
0.6693,B,pid.pitch.U,-12.231734
0.6693,B,pid.roll.Des,1.8131919
0.6693,B,pid.roll.FB,-1.7145113
0.6693,B,pid.roll.U,10.35274
0.6693,B,pid.yaw.Des,-0.61393034
0.6693,B,pid.yaw.FB,0.064950556
0.6693,B,pid.yaw.U,-6.0732856
0.6693,B,pid.z_pos.Des,1.1495126
0.6693,B,pid.z_pos.FB,1.149358
0.6693,B,pid.z_pos.U,0.083512075
0.6693,B,pid.z_rate.Des,0.083512075
0.6693,B,pid.z_rate.FB,-0.080338284
0.6693,B,pid.z_rate.U,72.156372
0.6693,B,status.vbat,0
0.6746,ID,id.arm,1
0.6746,ID,id.mode,1
0.6746,ID,id.pitch.r,-0.32775488
0.6746,ID,id.pitch.u_ad,-0.037273549
0.6746,ID,id.pitch.u_nom,-0.093658939
0.6746,ID,id.pitch.x,-0.05053737
0.6746,ID,id.pitch.xm,-0.32775488
0.6746,ID,id.roll.r,0.0094846319
0.6746,ID,id.roll.u_ad,0.1497605
0.6746,ID,id.roll.u_nom,0.10743529
0.6746,ID,id.roll.x,-0.13859245
0.6746,ID,id.roll.xm,0.0094846319
0.6746,ID,id.sample_counter,246
0.6746,ID,id.sysid_state,1
0.6746,ID,id.vbat,0
0.6746,ID,id.yaw.r,-0.12482221
0.6746,ID,id.yaw.u_ad,-0.0069797593
0.6746,ID,id.yaw.u_nom,-0.03317567
0.6746,ID,id.yaw.x,0.0063124294
0.6746,ID,id.yaw.xm,-0.12482221
0.6746,ID,id.z.r,0.066987313
0.6746,ID,id.z.u_ad,0.68284363
0.6746,ID,id.z.u_nom,-0.51030964
0.6746,ID,id.z.x,0.37382063
0.6746,ID,id.z.xm,0.066987313
0.6914,ID,id.arm,1
0.6914,ID,id.mode,1
0.6914,ID,id.pitch.r,-0.22807997
0.6914,ID,id.pitch.u_ad,-0.035396349
0.6914,ID,id.pitch.u_nom,-0.044059131
0.6914,ID,id.pitch.x,-0.074027881
0.6914,ID,id.pitch.xm,-0.22807997
0.6914,ID,id.roll.r,-0.00494229
0.6914,ID,id.roll.u_ad,0.149066
0.6914,ID,id.roll.u_nom,0.0047807922
0.6914,ID,id.roll.x,-0.08253359
0.6914,ID,id.roll.xm,-0.00494229
0.6914,ID,id.sample_counter,247
0.6914,ID,id.sysid_state,1
0.6914,ID,id.vbat,0
0.6914,ID,id.yaw.r,-0.12726715
0.6914,ID,id.yaw.u_ad,-0.0070874421
0.6914,ID,id.yaw.u_nom,-0.031698108
0.6914,ID,id.yaw.x,-0.0021236488
0.6914,ID,id.yaw.xm,-0.12726715
0.6914,ID,id.z.r,0.068885915
0.6914,ID,id.z.u_ad,0.65169579
0.6914,ID,id.z.u_nom,-0.32331395
0.6914,ID,id.z.x,0.27193663
0.6914,ID,id.z.xm,0.068885915
0.7079,ID,id.arm,1
0.7079,ID,id.mode,1
0.7079,ID,id.pitch.r,-0.22959457
0.7079,ID,id.pitch.u_ad,-0.035293676
0.7079,ID,id.pitch.u_nom,-0.084128015
0.7079,ID,id.pitch.x,-0.054770794
0.7079,ID,id.pitch.xm,-0.22959457
0.7079,ID,id.roll.r,-0.020542305
0.7079,ID,id.roll.u_ad,0.14838356
0.7079,ID,id.roll.u_nom,-0.091107361
0.7079,ID,id.roll.x,0.0048767636
0.7079,ID,id.roll.xm,-0.020542305
0.7079,ID,id.sample_counter,248
0.7079,ID,id.sysid_state,1
0.7079,ID,id.vbat,0
0.7079,ID,id.yaw.r,-0.12341565
0.7079,ID,id.yaw.u_ad,-0.007093281
0.7079,ID,id.yaw.u_nom,-0.015653027
0.7079,ID,id.yaw.x,-0.063855812
0.7079,ID,id.yaw.xm,-0.12341565
0.7079,ID,id.z.r,0.068783969
0.7079,ID,id.z.u_ad,0.63617051
0.7079,ID,id.z.u_nom,-0.18834154
0.7079,ID,id.z.x,0.196925
0.7079,ID,id.z.xm,0.068783969
0.7249,ID,id.arm,1
0.7249,ID,id.mode,1
0.7249,ID,id.pitch.r,-0.22784849
0.7249,ID,id.pitch.u_ad,-0.034662575
0.7249,ID,id.pitch.u_nom,0.014362684
0.7249,ID,id.pitch.x,-0.10728216
0.7249,ID,id.pitch.xm,-0.22784849
0.7249,ID,id.roll.r,-0.043024454
0.7249,ID,id.roll.u_ad,0.14823344
0.7249,ID,id.roll.u_nom,0.13515362
0.7249,ID,id.roll.x,-0.2435279
0.7249,ID,id.roll.xm,-0.043024454
0.7249,ID,id.sample_counter,249
0.7249,ID,id.sysid_state,1
0.7249,ID,id.vbat,0
0.7249,ID,id.yaw.r,-0.11888701
0.7249,ID,id.yaw.u_ad,-0.0070178006
0.7249,ID,id.yaw.u_nom,-0.012225037
0.7249,ID,id.yaw.x,-0.073236167
0.7249,ID,id.yaw.xm,-0.11888701
0.7249,ID,id.z.r,0.076712012
0.7249,ID,id.z.u_ad,0.63704443
0.7249,ID,id.z.u_nom,0.31102464
0.7249,ID,id.z.x,-0.072472945
0.7249,ID,id.z.xm,0.076712012
0.7413,ID,id.arm,1
0.7413,ID,id.mode,1
0.7413,ID,id.pitch.r,-0.22364612
0.7413,ID,id.pitch.u_ad,-0.034480285
0.7413,ID,id.pitch.u_nom,-0.027862595
0.7413,ID,id.pitch.x,-0.061243758
0.7413,ID,id.pitch.xm,-0.22364612
0.7413,ID,id.roll.r,-0.061018858
0.7413,ID,id.roll.u_ad,0.14690125
0.7413,ID,id.roll.u_nom,-0.080017008
0.7413,ID,id.roll.x,-0.080842316
0.7413,ID,id.roll.xm,-0.061018858
0.7413,ID,id.sample_counter,250
0.7413,ID,id.sysid_state,1
0.7413,ID,id.vbat,0
0.7413,ID,id.yaw.r,-0.11596976
0.7413,ID,id.yaw.u_ad,-0.006931812
0.7413,ID,id.yaw.u_nom,-0.039540164
0.7413,ID,id.yaw.x,0.041022711
0.7413,ID,id.yaw.xm,-0.11596976
0.7413,ID,id.z.r,0.075687282
0.7413,ID,id.z.u_ad,0.6529513
0.7413,ID,id.z.u_nom,0.27796075
0.7413,ID,id.z.x,-0.055147219
0.7413,ID,id.z.xm,0.075687282
0.7594,ID,id.arm,1
0.7594,ID,id.mode,1
0.7594,ID,id.pitch.r,-0.22454277
0.7594,ID,id.pitch.u_ad,-0.034356412
0.7594,ID,id.pitch.u_nom,-0.049766995
0.7594,ID,id.pitch.x,-0.068072341
0.7594,ID,id.pitch.xm,-0.22454277
0.7594,ID,id.roll.r,-0.079855867
0.7594,ID,id.roll.u_ad,0.14597692
0.7594,ID,id.roll.u_nom,-0.096546307
0.7594,ID,id.roll.x,-0.032148328
0.7594,ID,id.roll.xm,-0.079855867
0.7594,ID,id.sample_counter,251
0.7594,ID,id.sysid_state,1
0.7594,ID,id.vbat,0
0.7594,ID,id.yaw.r,-0.11853666
0.7594,ID,id.yaw.u_ad,-0.0069150557
0.7594,ID,id.yaw.u_nom,-0.031628165
0.7594,ID,id.yaw.x,0.0063116979
0.7594,ID,id.yaw.xm,-0.11853666
0.7594,ID,id.z.r,0.075725101
0.7594,ID,id.z.u_ad,0.66350847
0.7594,ID,id.z.u_nom,0.25332218
0.7594,ID,id.z.x,-0.041435014
0.7594,ID,id.z.xm,0.075725101
0.7735,ID,id.arm,1
0.7735,ID,id.mode,1
0.7735,ID,id.pitch.r,-0.23163262
0.7735,ID,id.pitch.u_ad,-0.034871873
0.7735,ID,id.pitch.u_nom,-0.01273727
0.7735,ID,id.pitch.x,-0.039357666
0.7735,ID,id.pitch.xm,-0.23163262
0.7735,ID,id.roll.r,-0.10605444
0.7735,ID,id.roll.u_ad,0.14528041
0.7735,ID,id.roll.u_nom,-0.0041185035
0.7735,ID,id.roll.x,-0.16491716
0.7735,ID,id.roll.xm,-0.10605444
0.7735,ID,id.sample_counter,252
0.7735,ID,id.sysid_state,1
0.7735,ID,id.vbat,0
0.7735,ID,id.yaw.r,-0.11826095
0.7735,ID,id.yaw.u_ad,-0.0069023995
0.7735,ID,id.yaw.u_nom,-0.025701052
0.7735,ID,id.yaw.x,-0.017676722
0.7735,ID,id.yaw.xm,-0.11826095
0.7735,ID,id.z.r,0.075859092
0.7735,ID,id.z.u_ad,0.67264527
0.7735,ID,id.z.u_nom,0.23740508
0.7735,ID,id.z.x,-0.032467023
0.7735,ID,id.z.xm,0.075859092
0.7921,ID,id.arm,1
0.7921,ID,id.mode,1
0.7921,ID,id.pitch.r,-0.22927992
0.7921,ID,id.pitch.u_ad,-0.034987003
0.7921,ID,id.pitch.u_nom,-0.021168467
0.7921,ID,id.pitch.x,-0.021868542
0.7921,ID,id.pitch.xm,-0.22927992
0.7921,ID,id.roll.r,-0.12632589
0.7921,ID,id.roll.u_ad,0.14387856
0.7921,ID,id.roll.u_nom,-0.11008511
0.7921,ID,id.roll.x,-0.023325035
0.7921,ID,id.roll.xm,-0.12632589
0.7921,ID,id.sample_counter,253
0.7921,ID,id.sysid_state,1
0.7921,ID,id.vbat,0
0.7921,ID,id.yaw.r,-0.11503877
0.7921,ID,id.yaw.u_ad,-0.0068358923
0.7921,ID,id.yaw.u_nom,-0.019463733
0.7921,ID,id.yaw.x,-0.039947599
0.7921,ID,id.yaw.xm,-0.11503877
0.7921,ID,id.z.r,0.083900586
0.7921,ID,id.z.u_ad,0.69543028
0.7921,ID,id.z.u_nom,0.53325272
0.7921,ID,id.z.x,-0.18862098
0.7921,ID,id.z.xm,0.083900586
0.8066,ID,id.arm,1
0.8066,ID,id.mode,1
0.8066,ID,id.pitch.r,-0.23167367
0.8066,ID,id.pitch.u_ad,-0.034854908
0.8066,ID,id.pitch.u_nom,0.010837369
0.8066,ID,id.pitch.x,-0.10972255
0.8066,ID,id.pitch.xm,-0.23167367
0.8066,ID,id.roll.r,-0.14695431
0.8066,ID,id.roll.u_ad,0.14282195
0.8066,ID,id.roll.u_nom,-0.033237182
0.8066,ID,id.roll.x,-0.090386592
0.8066,ID,id.roll.xm,-0.14695431
0.8066,ID,id.sample_counter,254
0.8066,ID,id.sysid_state,1
0.8066,ID,id.vbat,0
0.8066,ID,id.yaw.r,-0.11259653
0.8066,ID,id.yaw.u_ad,-0.0067536645
0.8066,ID,id.yaw.u_nom,-0.032836426
0.8066,ID,id.yaw.x,0.01700253
0.8066,ID,id.yaw.xm,-0.11259653
0.8066,ID,id.z.r,0.083037674
0.8066,ID,id.z.u_ad,0.70782125
0.8066,ID,id.z.u_nom,0.44151074
0.8066,ID,id.z.x,-0.13856708
0.8066,ID,id.z.xm,0.083037674
0.8234,ID,id.arm,1
0.8234,ID,id.mode,1
0.8234,ID,id.pitch.r,-0.19017507
0.8234,ID,id.pitch.u_ad,-0.035767335
0.8234,ID,id.pitch.u_nom,0.037411246
0.8234,ID,id.pitch.x,-0.10059366
0.8234,ID,id.pitch.xm,-0.19017507
0.8234,ID,id.roll.r,-0.17471857
0.8234,ID,id.roll.u_ad,0.14152218
0.8234,ID,id.roll.u_nom,-0.04595172
0.8234,ID,id.roll.x,-0.16726734
0.8234,ID,id.roll.xm,-0.17471857
0.8234,ID,id.sample_counter,255
0.8234,ID,id.sysid_state,1
0.8234,ID,id.vbat,0
0.8234,ID,id.yaw.r,-0.11636954
0.8234,ID,id.yaw.u_ad,-0.0067497836
0.8234,ID,id.yaw.u_nom,-0.027461553
0.8234,ID,id.yaw.x,-0.0085078962
0.8234,ID,id.yaw.xm,-0.11636954
0.8234,ID,id.z.r,0.083230793
0.8234,ID,id.z.u_ad,0.71485406
0.8234,ID,id.z.u_nom,0.36339101
0.8234,ID,id.z.x,-0.09501753
0.8234,ID,id.z.xm,0.083230793
0.8398,ID,id.arm,1
0.8398,ID,id.mode,1
0.8398,ID,id.pitch.r,-0.23224606
0.8398,ID,id.pitch.u_ad,-0.035877135
0.8398,ID,id.pitch.u_nom,-0.0080745928
0.8398,ID,id.pitch.x,-0.09251149
0.8398,ID,id.pitch.xm,-0.23224606
0.8398,ID,id.roll.r,-0.19550261
0.8398,ID,id.roll.u_ad,0.14026552
0.8398,ID,id.roll.u_nom,-0.083005659
0.8398,ID,id.roll.x,-0.13322851
0.8398,ID,id.roll.xm,-0.19550261
0.8398,ID,id.sample_counter,256
0.8398,ID,id.sysid_state,1
0.8398,ID,id.vbat,0
0.8398,ID,id.yaw.r,-0.11695356
0.8398,ID,id.yaw.u_ad,-0.0067619104
0.8398,ID,id.yaw.u_nom,-0.03462192
0.8398,ID,id.yaw.x,0.02001613
0.8398,ID,id.yaw.xm,-0.11695356
0.8398,ID,id.z.r,0.083359964
0.8398,ID,id.z.u_ad,0.7164138
0.8398,ID,id.z.u_nom,0.32504556
0.8398,ID,id.z.x,-0.07360661
0.8398,ID,id.z.xm,0.083359964
0.8565,ID,id.arm,1
0.8565,ID,id.mode,1
0.8565,ID,id.pitch.r,-0.23621939
0.8565,ID,id.pitch.u_ad,-0.036433332
0.8565,ID,id.pitch.u_nom,-0.09744066
0.8565,ID,id.pitch.x,0.0064800847
0.8565,ID,id.pitch.xm,-0.23621939
0.8565,ID,id.roll.r,-0.21604419
0.8565,ID,id.roll.u_ad,0.13890238
0.8565,ID,id.roll.u_nom,-0.037819214
0.8565,ID,id.roll.x,-0.12895924
0.8565,ID,id.roll.xm,-0.21604419
0.8565,ID,id.sample_counter,257
0.8565,ID,id.sysid_state,1
0.8565,ID,id.vbat,0
0.8565,ID,id.yaw.r,-0.116455
0.8565,ID,id.yaw.u_ad,-0.0067615258
0.8565,ID,id.yaw.u_nom,-0.030049805
0.8565,ID,id.yaw.x,0.0018312973
0.8565,ID,id.yaw.xm,-0.116455
0.8565,ID,id.z.r,0.083555818
0.8565,ID,id.z.u_ad,0.7163468
0.8565,ID,id.z.u_nom,0.29479143
0.8565,ID,id.z.x,-0.056619707
0.8565,ID,id.z.xm,0.083555818
0.8719,A,mrac.pitch.e,0.052405611
0.8719,A,mrac.pitch.u_ad,-0.03203455
0.8719,A,mrac.roll.e,-0.15494034
0.8719,A,mrac.roll.u_ad,0.1569387
0.8719,A,mrac.yaw.e,0.14553335
0.8719,A,mrac.yaw.u_ad,-0.0056122229
0.8719,A,mrac.z.e,-0.13639829
0.8719,A,mrac.z.u_ad,0.65154296
0.8719,A,status.arm,1
0.8719,A,status.flymode,1
0.8719,A,status.rc_authority,0
0.8719,A,status.sbus_lost,0
0.8719,A,status.twc_arrived,0
0.8719,A,status.twc_execute,0
0.8722,B,mrac.pitch.theta_0,9.1096346e-25
0.8722,B,mrac.pitch.theta_1,0.0043900576
0.8722,B,mrac.pitch.theta_2,0.00039052742
0.8722,B,mrac.pitch.theta_3,0.00076791376
0.8722,B,mrac.pitch.theta_4,0.05256496
0.8722,B,mrac.pitch.theta_5,0.14142013
0.8722,B,mrac.pitch.u_nom,-0.076234512
0.8722,B,mrac.pitch.xm,-0.21348412
0.8722,B,mrac.roll.theta_0,0.14831175
0.8722,B,mrac.roll.theta_1,0.0016315561
0.8722,B,mrac.roll.theta_2,0.0034727852
0.8722,B,mrac.roll.theta_3,0.0002785284
0.8722,B,mrac.roll.theta_4,0.033332087
0.8722,B,mrac.roll.theta_5,0.039887998
0.8722,B,mrac.roll.u_nom,-0.052652057
0.8722,B,mrac.roll.xm,0.18068948
0.8722,B,mrac.yaw.theta_0,0.00027064836
0.8722,B,mrac.yaw.theta_1,0.0014738701
0.8722,B,mrac.yaw.theta_2,2.3952616e-05
0.8722,B,mrac.yaw.theta_3,0
0.8722,B,mrac.yaw.theta_4,0.014937497
0.8722,B,mrac.yaw.theta_5,0.053855266
0.8722,B,mrac.yaw.u_nom,-0.051006522
0.8722,B,mrac.yaw.xm,-0.10599887
0.8722,B,mrac.z.theta_0,0.58554208
0.8722,B,mrac.z.theta_1,0.0033673737
0.8722,B,mrac.z.theta_2,0.0064274729
0.8722,B,mrac.z.theta_3,0
0.8722,B,mrac.z.theta_4,0.19729561
0.8722,B,mrac.z.theta_5,0.18995114
0.8722,B,mrac.z.u_nom,0.32502872
0.8722,B,mrac.z.xm,0.083512075
0.8722,B,path.active_path_mode,0
0.8722,B,path.circle_theta,0
0.8722,B,path.sinusoid_t_elapsed,0
0.8722,B,path.twc_arrived,0
0.8722,B,path.twc_target_x,0
0.8722,B,path.twc_target_y,0
0.8722,B,path.twc_target_z,0
0.8722,B,pid.gyrox.Des,10.35274
0.8722,B,pid.gyrox.FB,7.5327945
0.8722,B,pid.gyrox.U,-61.602905
0.8722,B,pid.gyroy.Des,-12.231734
0.8722,B,pid.gyroy.FB,-0.80288416
0.8722,B,pid.gyroy.U,-89.194382
0.8722,B,pid.gyroz.Des,-6.0732856
0.8722,B,pid.gyroz.FB,5.6084971
0.8722,B,pid.gyroz.U,-95.484207
0.8722,B,pid.locx.Des,19.198217
0.8722,B,pid.locx.FB,17.505693
0.8722,B,pid.locx.U,2.8339081
0.8722,B,pid.locxs.Des,2.8339081
0.8722,B,pid.locxs.FB,13.003392
0.8722,B,pid.locxs.U,-31.144979
0.8722,B,pid.locy.Des,17.858948
0.8722,B,pid.locy.FB,47.054852
0.8722,B,pid.locy.U,-25.476261
0.8722,B,pid.locys.Des,-25.476261
0.8722,B,pid.locys.FB,2.9852612
0.8722,B,pid.locys.U,-85.474358
0.8722,B,pid.pitch.Des,-4.9811172
0.8722,B,pid.pitch.FB,-0.85190886
0.8722,B,pid.pitch.U,-12.231734
0.8722,B,pid.roll.Des,1.8131919
0.8722,B,pid.roll.FB,-1.7145113
0.8722,B,pid.roll.U,10.35274
0.8722,B,pid.yaw.Des,-0.61393034
0.8722,B,pid.yaw.FB,0.064950556
0.8722,B,pid.yaw.U,-6.0732856
0.8722,B,pid.z_pos.Des,1.1495126
0.8722,B,pid.z_pos.FB,1.149358
0.8722,B,pid.z_pos.U,0.083512075
0.8722,B,pid.z_rate.Des,0.083512075
0.8722,B,pid.z_rate.FB,-0.080338284
0.8722,B,pid.z_rate.U,72.156372
0.8722,B,status.vbat,0
0.8752,ID,id.arm,1
0.8752,ID,id.mode,1
0.8752,ID,id.pitch.r,-0.2286022
0.8752,ID,id.pitch.u_ad,-0.03527835
0.8752,ID,id.pitch.u_nom,0.011143181
0.8752,ID,id.pitch.x,-0.11801622
0.8752,ID,id.pitch.xm,-0.2286022
0.8752,ID,id.roll.r,-0.24272062
0.8752,ID,id.roll.u_ad,0.13781902
0.8752,ID,id.roll.u_nom,0.047165096
0.8752,ID,id.roll.x,-0.27609754
0.8752,ID,id.roll.xm,-0.24272062
0.8752,ID,id.sample_counter,258
0.8752,ID,id.sysid_state,1
0.8752,ID,id.vbat,0
0.8752,ID,id.yaw.r,-0.11681408
0.8752,ID,id.yaw.u_ad,-0.0067645735
0.8752,ID,id.yaw.u_nom,-0.03179583
0.8752,ID,id.yaw.x,0.0086796377
0.8752,ID,id.yaw.xm,-0.11681408
0.8752,ID,id.z.r,0.083859459
0.8752,ID,id.z.u_ad,0.71532667
0.8752,ID,id.z.u_nom,0.27195734
0.8752,ID,id.z.x,-0.043643158
0.8752,ID,id.z.xm,0.083859459
0.8905,ID,id.arm,1
0.8905,ID,id.mode,1
0.8905,ID,id.pitch.r,-0.22456506
0.8905,ID,id.pitch.u_ad,-0.03512834
0.8905,ID,id.pitch.u_nom,-0.012252909
0.8905,ID,id.pitch.x,-0.081961349
0.8905,ID,id.pitch.xm,-0.22456506
0.8905,ID,id.roll.r,-0.26193833
0.8905,ID,id.roll.u_ad,0.13651283
0.8905,ID,id.roll.u_nom,-0.065359168
0.8905,ID,id.roll.x,-0.23321626
0.8905,ID,id.roll.xm,-0.26193833
0.8905,ID,id.sample_counter,259
0.8905,ID,id.sysid_state,1
0.8905,ID,id.vbat,0
0.8905,ID,id.yaw.r,-0.11563204
0.8905,ID,id.yaw.u_ad,-0.006746063
0.8905,ID,id.yaw.u_nom,-0.024136007
0.8905,ID,id.yaw.x,-0.021449748
0.8905,ID,id.yaw.xm,-0.11563204
0.8905,ID,id.z.r,0.092027329
0.8905,ID,id.z.u_ad,0.73278779
0.8905,ID,id.z.u_nom,0.56808215
0.8905,ID,id.z.x,-0.19982456
0.8905,ID,id.z.xm,0.092027329
0.9072,ID,id.arm,1
0.9072,ID,id.mode,1
0.9072,ID,id.pitch.r,-0.22968526
0.9072,ID,id.pitch.u_ad,-0.035684545
0.9072,ID,id.pitch.u_nom,-0.13590252
0.9072,ID,id.pitch.x,0.025118036
0.9072,ID,id.pitch.xm,-0.22968526
0.9072,ID,id.roll.r,-0.28025925
0.9072,ID,id.roll.u_ad,0.13535888
0.9072,ID,id.roll.u_nom,-0.079194307
0.9072,ID,id.roll.x,-0.20157026
0.9072,ID,id.roll.xm,-0.28025925
0.9072,ID,id.sample_counter,260
0.9072,ID,id.sysid_state,1
0.9072,ID,id.vbat,0
0.9072,ID,id.yaw.r,-0.11374141
0.9072,ID,id.yaw.u_ad,-0.0067010131
0.9072,ID,id.yaw.u_nom,-0.024442608
0.9072,ID,id.yaw.x,-0.018268555
0.9072,ID,id.yaw.xm,-0.11374141
0.9072,ID,id.z.r,0.091554776
0.9072,ID,id.z.u_ad,0.74151438
0.9072,ID,id.z.u_nom,0.48151875
0.9072,ID,id.z.x,-0.15225443
0.9072,ID,id.z.xm,0.091554776
0.9235,ID,id.arm,1
0.9235,ID,id.mode,1
0.9235,ID,id.pitch.r,-0.19757947
0.9235,ID,id.pitch.u_ad,-0.036592867
0.9235,ID,id.pitch.u_nom,0.060176805
0.9235,ID,id.pitch.x,-0.096137419
0.9235,ID,id.pitch.xm,-0.19757947
0.9235,ID,id.roll.r,-0.30295259
0.9235,ID,id.roll.u_ad,0.13462439
0.9235,ID,id.roll.u_nom,-0.03333921
0.9235,ID,id.roll.x,-0.33907849
0.9235,ID,id.roll.xm,-0.30295259
0.9235,ID,id.sample_counter,261
0.9235,ID,id.sysid_state,1
0.9235,ID,id.vbat,0
0.9235,ID,id.yaw.r,-0.11108647
0.9235,ID,id.yaw.u_ad,-0.0066169235
0.9235,ID,id.yaw.u_nom,-0.028606668
0.9235,ID,id.yaw.x,0.0013343281
0.9235,ID,id.yaw.xm,-0.11108647
0.9235,ID,id.z.r,0.092143811
0.9235,ID,id.z.u_ad,0.7455852
0.9235,ID,id.z.u_nom,0.40804026
0.9235,ID,id.z.x,-0.11088485
0.9235,ID,id.z.xm,0.092143811
0.9403,ID,id.arm,1
0.9403,ID,id.mode,1
0.9403,ID,id.pitch.r,-0.2404381
0.9403,ID,id.pitch.u_ad,-0.036970988
0.9403,ID,id.pitch.u_nom,-0.02602832
0.9403,ID,id.pitch.x,-0.059242468
0.9403,ID,id.pitch.xm,-0.2404381
0.9403,ID,id.roll.r,-0.31842238
0.9403,ID,id.roll.u_ad,0.1334883
0.9403,ID,id.roll.u_nom,-0.10699663
0.9403,ID,id.roll.x,-0.22810994
0.9403,ID,id.roll.xm,-0.31842238
0.9403,ID,id.sample_counter,262
0.9403,ID,id.sysid_state,1
0.9403,ID,id.vbat,0
0.9403,ID,id.yaw.r,-0.10910448
0.9403,ID,id.yaw.u_ad,-0.0065338649
0.9403,ID,id.yaw.u_nom,-0.01997151
0.9403,ID,id.yaw.x,-0.031876769
0.9403,ID,id.yaw.xm,-0.10910448
0.9403,ID,id.z.r,0.092444703
0.9403,ID,id.z.u_ad,0.74580663
0.9403,ID,id.z.u_nom,0.37085471
0.9403,ID,id.z.x,-0.08994595
0.9403,ID,id.z.xm,0.092444703
0.9578,ID,id.arm,1
0.9578,ID,id.mode,1
0.9578,ID,id.pitch.r,-0.24878395
0.9578,ID,id.pitch.u_ad,-0.038106646
0.9578,ID,id.pitch.u_nom,-0.13862336
0.9578,ID,id.pitch.x,0.054665957
0.9578,ID,id.pitch.xm,-0.24878395
0.9578,ID,id.roll.r,-0.33235651
0.9578,ID,id.roll.u_ad,0.1331819
0.9578,ID,id.roll.u_nom,0.061174944
0.9578,ID,id.roll.x,-0.40420794
0.9578,ID,id.roll.xm,-0.33235651
0.9578,ID,id.sample_counter,263
0.9578,ID,id.sysid_state,1
0.9578,ID,id.vbat,0
0.9578,ID,id.yaw.r,-0.10697635
0.9578,ID,id.yaw.u_ad,-0.0064408435
0.9578,ID,id.yaw.u_nom,-0.01339944
0.9578,ID,id.yaw.x,-0.056486875
0.9578,ID,id.yaw.xm,-0.10697635
0.9578,ID,id.z.r,0.093071677
0.9578,ID,id.z.u_ad,0.74502033
0.9578,ID,id.z.u_nom,0.34383616
0.9578,ID,id.z.x,-0.074323677
0.9578,ID,id.z.xm,0.093071677
0.9735,ID,id.arm,1
0.9735,ID,id.mode,1
0.9735,ID,id.pitch.r,-0.25064328
0.9735,ID,id.pitch.u_ad,-0.037772145
0.9735,ID,id.pitch.u_nom,-0.021320196
0.9735,ID,id.pitch.x,-0.058230679
0.9735,ID,id.pitch.xm,-0.25064328
0.9735,ID,id.roll.r,-0.34824112
0.9735,ID,id.roll.u_ad,0.13196263
0.9735,ID,id.roll.u_nom,-0.10613772
0.9735,ID,id.roll.x,-0.26152837
0.9735,ID,id.roll.xm,-0.34824112
0.9735,ID,id.sample_counter,264
0.9735,ID,id.sysid_state,1
0.9735,ID,id.vbat,0
0.9735,ID,id.yaw.r,-0.10432121
0.9735,ID,id.yaw.u_ad,-0.0063023102
0.9735,ID,id.yaw.u_nom,-0.038076572
0.9735,ID,id.yaw.x,0.046743266
0.9735,ID,id.yaw.xm,-0.10432121
0.9735,ID,id.z.r,0.093990862
0.9735,ID,id.z.u_ad,0.74404716
0.9735,ID,id.z.u_nom,0.33213472
0.9735,ID,id.z.x,-0.066910207
0.9735,ID,id.z.xm,0.093990862
0.9903,ID,id.arm,1
0.9903,ID,id.mode,1
0.9903,ID,id.pitch.r,-0.23997076
0.9903,ID,id.pitch.u_ad,-0.037613153
0.9903,ID,id.pitch.u_nom,-0.076415621
0.9903,ID,id.pitch.x,-0.047452483
0.9903,ID,id.pitch.xm,-0.23997076
0.9903,ID,id.roll.r,-0.35791934
0.9903,ID,id.roll.u_ad,0.13156047
0.9903,ID,id.roll.u_nom,0.027585328
0.9903,ID,id.roll.x,-0.37738937
0.9903,ID,id.roll.xm,-0.35791934
0.9903,ID,id.sample_counter,265
0.9903,ID,id.sysid_state,1
0.9903,ID,id.vbat,0
0.9903,ID,id.yaw.r,-0.10636167
0.9903,ID,id.yaw.u_ad,-0.0062664491
0.9903,ID,id.yaw.u_nom,-0.032243527
0.9903,ID,id.yaw.x,0.020958148
0.9903,ID,id.yaw.xm,-0.10636167
0.9903,ID,id.z.r,0.086375743
0.9903,ID,id.z.u_ad,0.72541386
0.9903,ID,id.z.u_nom,0.016998161
0.9903,ID,id.z.x,0.10028297
0.9903,ID,id.z.xm,0.086375743
1.0069,ID,id.arm,1
1.0069,ID,id.mode,1
1.0069,ID,id.pitch.r,-0.24789749
1.0069,ID,id.pitch.u_ad,-0.03748522
1.0069,ID,id.pitch.u_nom,-0.048996892
1.0069,ID,id.pitch.x,-0.055396594
1.0069,ID,id.pitch.xm,-0.24789749
1.0069,ID,id.roll.r,-0.36551252
1.0069,ID,id.roll.u_ad,0.13096496
1.0069,ID,id.roll.u_nom,0.045791559
1.0069,ID,id.roll.x,-0.3849611
1.0069,ID,id.roll.xm,-0.36551252
1.0069,ID,id.sample_counter,266
1.0069,ID,id.sysid_state,1
1.0069,ID,id.vbat,0
1.0069,ID,id.yaw.r,-0.10695159
1.0069,ID,id.yaw.u_ad,-0.0062513221
1.0069,ID,id.yaw.u_nom,-0.028960224
1.0069,ID,id.yaw.x,0.0069470708
1.0069,ID,id.yaw.xm,-0.10695159
1.0069,ID,id.z.r,0.088179402
1.0069,ID,id.z.u_ad,0.71614093
1.0069,ID,id.z.u_nom,0.095605642
1.0069,ID,id.z.x,0.058516297
1.0069,ID,id.z.xm,0.088179402
1.0341,ID,id.arm,1
1.0341,ID,id.mode,1
1.0341,ID,id.pitch.r,-0.20697206
1.0341,ID,id.pitch.u_ad,-0.038558729
1.0341,ID,id.pitch.u_nom,-0.037735499
1.0341,ID,id.pitch.x,-0.025747692
1.0341,ID,id.pitch.xm,-0.20697206
1.0341,ID,id.roll.r,-0.37215886
1.0341,ID,id.roll.u_ad,0.12992422
1.0341,ID,id.roll.u_nom,-0.10832672
1.0341,ID,id.roll.x,-0.27644476
1.0341,ID,id.roll.xm,-0.37215886
1.0341,ID,id.sample_counter,267
1.0341,ID,id.sysid_state,1
1.0341,ID,id.vbat,0
1.0341,ID,id.yaw.r,-0.10703184
1.0341,ID,id.yaw.u_ad,-0.0062366938
1.0341,ID,id.yaw.u_nom,-0.042846784
1.0341,ID,id.yaw.x,0.06345737
1.0341,ID,id.yaw.xm,-0.10703184
1.0341,ID,id.z.r,0.089043222
1.0341,ID,id.z.u_ad,0.71239287
1.0341,ID,id.z.u_nom,0.1678995
1.0341,ID,id.z.x,0.019498412
1.0341,ID,id.z.xm,0.089043222
1.0404,ID,id.arm,1
1.0404,ID,id.mode,1
1.0404,ID,id.pitch.r,-0.25275627
1.0404,ID,id.pitch.u_ad,-0.03883598
1.0404,ID,id.pitch.u_nom,-0.070991121
1.0404,ID,id.pitch.x,-0.030426167
1.0404,ID,id.pitch.xm,-0.25275627
1.0404,ID,id.roll.r,-0.37438223
1.0404,ID,id.roll.u_ad,0.12897886
1.0404,ID,id.roll.u_nom,-0.11487129
1.0404,ID,id.roll.x,-0.21323071
1.0404,ID,id.roll.xm,-0.37438223
1.0404,ID,id.sample_counter,268
1.0404,ID,id.sysid_state,1
1.0404,ID,id.vbat,0
1.0404,ID,id.yaw.r,-0.10590614
1.0404,ID,id.yaw.u_ad,-0.0062127495
1.0404,ID,id.yaw.u_nom,-0.025443655
1.0404,ID,id.yaw.x,-0.006446409
1.0404,ID,id.yaw.xm,-0.10590614
1.0404,ID,id.z.r,0.089351699
1.0404,ID,id.z.u_ad,0.71303809
1.0404,ID,id.z.u_nom,0.19606049
1.0404,ID,id.z.x,0.0044385837
1.0404,ID,id.z.xm,0.089351699
1.0595,ID,id.arm,1
1.0595,ID,id.mode,1
1.0595,ID,id.pitch.r,-0.25761324
1.0595,ID,id.pitch.u_ad,-0.038720742
1.0595,ID,id.pitch.u_nom,-0.049364787
1.0595,ID,id.pitch.x,-0.096739337
1.0595,ID,id.pitch.xm,-0.25761324
1.0595,ID,id.roll.r,-0.37412888
1.0595,ID,id.roll.u_ad,0.12900211
1.0595,ID,id.roll.u_nom,0.097240373
1.0595,ID,id.roll.x,-0.41988331
1.0595,ID,id.roll.xm,-0.37412888
1.0595,ID,id.sample_counter,269
1.0595,ID,id.sysid_state,1
1.0595,ID,id.vbat,0
1.0595,ID,id.yaw.r,-0.10646465
1.0595,ID,id.yaw.u_ad,-0.0061995811
1.0595,ID,id.yaw.u_nom,-0.013854768
1.0595,ID,id.yaw.x,-0.054125261
1.0595,ID,id.yaw.xm,-0.10646465
1.0595,ID,id.z.r,0.089973986
1.0595,ID,id.z.u_ad,0.71521199
1.0595,ID,id.z.u_nom,0.21878628
1.0595,ID,id.z.x,-0.0072443187
1.0595,ID,id.z.xm,0.089973986
1.0735,ID,id.arm,1
1.0735,ID,id.mode,1
1.0735,ID,id.pitch.r,-0.25398439
1.0735,ID,id.pitch.u_ad,-0.038370978
1.0735,ID,id.pitch.u_nom,-0.0016405889
1.0735,ID,id.pitch.x,-0.14182715
1.0735,ID,id.pitch.xm,-0.25398439
1.0735,ID,id.roll.r,-0.36980653
1.0735,ID,id.roll.u_ad,0.12811573
1.0735,ID,id.roll.u_nom,-0.12206048
1.0735,ID,id.roll.x,-0.21805246
1.0735,ID,id.roll.xm,-0.36980653
1.0735,ID,id.sample_counter,270
1.0735,ID,id.sysid_state,1
1.0735,ID,id.vbat,0
1.0735,ID,id.yaw.r,-0.10469038
1.0735,ID,id.yaw.u_ad,-0.0061431713
1.0735,ID,id.yaw.u_nom,-0.011902965
1.0735,ID,id.yaw.x,-0.060300592
1.0735,ID,id.yaw.xm,-0.10469038
1.0735,ID,id.z.r,0.090889357
1.0735,ID,id.z.u_ad,0.71951228
1.0735,ID,id.z.u_nom,0.25072259
1.0735,ID,id.z.x,-0.024053587
1.0735,ID,id.z.xm,0.090889357
1.0836,A,mrac.pitch.e,0.052405611
1.0836,A,mrac.pitch.u_ad,-0.03203455
1.0836,A,mrac.roll.e,-0.15494034
1.0836,A,mrac.roll.u_ad,0.1569387
1.0836,A,mrac.yaw.e,0.14553335
1.0836,A,mrac.yaw.u_ad,-0.0056122229
1.0836,A,mrac.z.e,-0.13639829
1.0836,A,mrac.z.u_ad,0.65154296
1.0836,A,status.arm,1
1.0836,A,status.flymode,1
1.0836,A,status.rc_authority,0
1.0836,A,status.sbus_lost,0
1.0836,A,status.twc_arrived,0
1.0836,A,status.twc_execute,0
1.0837,B,mrac.pitch.theta_0,9.1096346e-25
1.0837,B,mrac.pitch.theta_1,0.0043900576
1.0837,B,mrac.pitch.theta_2,0.00039052742
1.0837,B,mrac.pitch.theta_3,0.00076791376
1.0837,B,mrac.pitch.theta_4,0.05256496
1.0837,B,mrac.pitch.theta_5,0.14142013
1.0837,B,mrac.pitch.u_nom,-0.076234512
1.0837,B,mrac.pitch.xm,-0.21348412
1.0837,B,mrac.roll.theta_0,0.14831175
1.0837,B,mrac.roll.theta_1,0.0016315561
1.0837,B,mrac.roll.theta_2,0.0034727852
1.0837,B,mrac.roll.theta_3,0.0002785284
1.0837,B,mrac.roll.theta_4,0.033332087
1.0837,B,mrac.roll.theta_5,0.039887998
1.0837,B,mrac.roll.u_nom,-0.052652057
1.0837,B,mrac.roll.xm,0.18068948
1.0837,B,mrac.yaw.theta_0,0.00027064836
1.0837,B,mrac.yaw.theta_1,0.0014738701
1.0837,B,mrac.yaw.theta_2,2.3952616e-05
1.0837,B,mrac.yaw.theta_3,0
1.0837,B,mrac.yaw.theta_4,0.014937497
1.0837,B,mrac.yaw.theta_5,0.053855266
1.0837,B,mrac.yaw.u_nom,-0.051006522
1.0837,B,mrac.yaw.xm,-0.10599887
1.0837,B,mrac.z.theta_0,0.58554208
1.0837,B,mrac.z.theta_1,0.0033673737
1.0837,B,mrac.z.theta_2,0.0064274729
1.0837,B,mrac.z.theta_3,0
1.0837,B,mrac.z.theta_4,0.19729561
1.0837,B,mrac.z.theta_5,0.18995114
1.0837,B,mrac.z.u_nom,0.32502872
1.0837,B,mrac.z.xm,0.083512075
1.0837,B,path.active_path_mode,0
1.0837,B,path.circle_theta,0
1.0837,B,path.sinusoid_t_elapsed,0
1.0837,B,path.twc_arrived,0
1.0837,B,path.twc_target_x,0
1.0837,B,path.twc_target_y,0
1.0837,B,path.twc_target_z,0
1.0837,B,pid.gyrox.Des,10.35274
1.0837,B,pid.gyrox.FB,7.5327945
1.0837,B,pid.gyrox.U,-61.602905
1.0837,B,pid.gyroy.Des,-12.231734
1.0837,B,pid.gyroy.FB,-0.80288416
1.0837,B,pid.gyroy.U,-89.194382
1.0837,B,pid.gyroz.Des,-6.0732856
1.0837,B,pid.gyroz.FB,5.6084971
1.0837,B,pid.gyroz.U,-95.484207
1.0837,B,pid.locx.Des,19.198217
1.0837,B,pid.locx.FB,17.505693
1.0837,B,pid.locx.U,2.8339081
1.0837,B,pid.locxs.Des,2.8339081
1.0837,B,pid.locxs.FB,13.003392
1.0837,B,pid.locxs.U,-31.144979
1.0837,B,pid.locy.Des,17.858948
1.0837,B,pid.locy.FB,47.054852
1.0837,B,pid.locy.U,-25.476261
1.0837,B,pid.locys.Des,-25.476261
1.0837,B,pid.locys.FB,2.9852612
1.0837,B,pid.locys.U,-85.474358
1.0837,B,pid.pitch.Des,-4.9811172
1.0837,B,pid.pitch.FB,-0.85190886
1.0837,B,pid.pitch.U,-12.231734
1.0837,B,pid.roll.Des,1.8131919
1.0837,B,pid.roll.FB,-1.7145113
1.0837,B,pid.roll.U,10.35274
1.0837,B,pid.yaw.Des,-0.61393034
1.0837,B,pid.yaw.FB,0.064950556
1.0837,B,pid.yaw.U,-6.0732856
1.0837,B,pid.z_pos.Des,1.1495126
1.0837,B,pid.z_pos.FB,1.149358
1.0837,B,pid.z_pos.U,0.083512075
1.0837,B,pid.z_rate.Des,0.083512075
1.0837,B,pid.z_rate.FB,-0.080338284
1.0837,B,pid.z_rate.U,72.156372
1.0837,B,status.vbat,0
1.0902,ID,id.arm,1
1.0902,ID,id.mode,1
1.0902,ID,id.pitch.r,-0.24388868
1.0902,ID,id.pitch.u_ad,-0.038492166
1.0902,ID,id.pitch.u_nom,-0.089253105
1.0902,ID,id.pitch.x,-0.049171321
1.0902,ID,id.pitch.xm,-0.24388868
1.0902,ID,id.roll.r,-0.36350635
1.0902,ID,id.roll.u_ad,0.12794085
1.0902,ID,id.roll.u_nom,-0.012215849
1.0902,ID,id.roll.x,-0.32388133
1.0902,ID,id.roll.xm,-0.36350635
1.0902,ID,id.sample_counter,271
1.0902,ID,id.sysid_state,1
1.0902,ID,id.vbat,0
1.0902,ID,id.yaw.r,-0.10046952
1.0902,ID,id.yaw.u_ad,-0.0060499534
1.0902,ID,id.yaw.u_nom,-0.017991861
1.0902,ID,id.yaw.x,-0.031429376
1.0902,ID,id.yaw.xm,-0.10046952
1.0902,ID,id.z.r,0.091351479
1.0902,ID,id.z.u_ad,0.72334415
1.0902,ID,id.z.u_nom,0.26493222
1.0902,ID,id.z.x,-0.031477805
1.0902,ID,id.z.xm,0.091351479
1.2840,A,mrac.pitch.e,0.052405611
1.2840,A,mrac.pitch.u_ad,-0.03203455
1.2840,A,mrac.roll.e,-0.15494034
1.2840,A,mrac.roll.u_ad,0.1569387
1.2840,A,mrac.yaw.e,0.14553335
1.2840,A,mrac.yaw.u_ad,-0.0056122229
1.2840,A,mrac.z.e,-0.13639829
1.2840,A,mrac.z.u_ad,0.65154296
1.2840,A,status.arm,1
1.2840,A,status.flymode,1
1.2840,A,status.rc_authority,0
1.2840,A,status.sbus_lost,0
1.2840,A,status.twc_arrived,0
1.2840,A,status.twc_execute,0
1.2842,B,mrac.pitch.theta_0,9.1096346e-25
1.2842,B,mrac.pitch.theta_1,0.0043900576
1.2842,B,mrac.pitch.theta_2,0.00039052742
1.2842,B,mrac.pitch.theta_3,0.00076791376
1.2842,B,mrac.pitch.theta_4,0.05256496
1.2842,B,mrac.pitch.theta_5,0.14142013
1.2842,B,mrac.pitch.u_nom,-0.076234512
1.2842,B,mrac.pitch.xm,-0.21348412
1.2842,B,mrac.roll.theta_0,0.14831175
1.2842,B,mrac.roll.theta_1,0.0016315561
1.2842,B,mrac.roll.theta_2,0.0034727852
1.2842,B,mrac.roll.theta_3,0.0002785284
1.2842,B,mrac.roll.theta_4,0.033332087
1.2842,B,mrac.roll.theta_5,0.039887998
1.2842,B,mrac.roll.u_nom,-0.052652057
1.2842,B,mrac.roll.xm,0.18068948
1.2842,B,mrac.yaw.theta_0,0.00027064836
1.2842,B,mrac.yaw.theta_1,0.0014738701
1.2842,B,mrac.yaw.theta_2,2.3952616e-05
1.2842,B,mrac.yaw.theta_3,0
1.2842,B,mrac.yaw.theta_4,0.014937497
1.2842,B,mrac.yaw.theta_5,0.053855266
1.2842,B,mrac.yaw.u_nom,-0.051006522
1.2842,B,mrac.yaw.xm,-0.10599887
1.2842,B,mrac.z.theta_0,0.58554208
1.2842,B,mrac.z.theta_1,0.0033673737
1.2842,B,mrac.z.theta_2,0.0064274729
1.2842,B,mrac.z.theta_3,0
1.2842,B,mrac.z.theta_4,0.19729561
1.2842,B,mrac.z.theta_5,0.18995114
1.2842,B,mrac.z.u_nom,0.32502872
1.2842,B,mrac.z.xm,0.083512075
1.2842,B,path.active_path_mode,0
1.2842,B,path.circle_theta,0
1.2842,B,path.sinusoid_t_elapsed,0
1.2842,B,path.twc_arrived,0
1.2842,B,path.twc_target_x,0
1.2842,B,path.twc_target_y,0
1.2842,B,path.twc_target_z,0
1.2842,B,pid.gyrox.Des,10.35274
1.2842,B,pid.gyrox.FB,7.5327945
1.2842,B,pid.gyrox.U,-61.602905
1.2842,B,pid.gyroy.Des,-12.231734
1.2842,B,pid.gyroy.FB,-0.80288416
1.2842,B,pid.gyroy.U,-89.194382
1.2842,B,pid.gyroz.Des,-6.0732856
1.2842,B,pid.gyroz.FB,5.6084971
1.2842,B,pid.gyroz.U,-95.484207
1.2842,B,pid.locx.Des,19.198217
1.2842,B,pid.locx.FB,17.505693
1.2842,B,pid.locx.U,2.8339081
1.2842,B,pid.locxs.Des,2.8339081
1.2842,B,pid.locxs.FB,13.003392
1.2842,B,pid.locxs.U,-31.144979
1.2842,B,pid.locy.Des,17.858948
1.2842,B,pid.locy.FB,47.054852
1.2842,B,pid.locy.U,-25.476261
1.2842,B,pid.locys.Des,-25.476261
1.2842,B,pid.locys.FB,2.9852612
1.2842,B,pid.locys.U,-85.474358
1.2842,B,pid.pitch.Des,-4.9811172
1.2842,B,pid.pitch.FB,-0.85190886
1.2842,B,pid.pitch.U,-12.231734
1.2842,B,pid.roll.Des,1.8131919
1.2842,B,pid.roll.FB,-1.7145113
1.2842,B,pid.roll.U,10.35274
1.2842,B,pid.yaw.Des,-0.61393034
1.2842,B,pid.yaw.FB,0.064950556
1.2842,B,pid.yaw.U,-6.0732856
1.2842,B,pid.z_pos.Des,1.1495126
1.2842,B,pid.z_pos.FB,1.149358
1.2842,B,pid.z_pos.U,0.083512075
1.2842,B,pid.z_rate.Des,0.083512075
1.2842,B,pid.z_rate.FB,-0.080338284
1.2842,B,pid.z_rate.U,72.156372
1.2842,B,status.vbat,0
1.5004,A,mrac.pitch.e,0.052405611
1.5004,A,mrac.pitch.u_ad,-0.03203455
1.5004,A,mrac.roll.e,-0.15494034
1.5004,A,mrac.roll.u_ad,0.1569387
1.5004,A,mrac.yaw.e,0.14553335
1.5004,A,mrac.yaw.u_ad,-0.0056122229
1.5004,A,mrac.z.e,-0.13639829
1.5004,A,mrac.z.u_ad,0.65154296
1.5004,A,status.arm,1
1.5004,A,status.flymode,1
1.5004,A,status.rc_authority,0
1.5004,A,status.sbus_lost,0
1.5004,A,status.twc_arrived,0
1.5004,A,status.twc_execute,0
1.5005,B,mrac.pitch.theta_0,9.1096346e-25
1.5005,B,mrac.pitch.theta_1,0.0043900576
1.5005,B,mrac.pitch.theta_2,0.00039052742
1.5005,B,mrac.pitch.theta_3,0.00076791376
1.5005,B,mrac.pitch.theta_4,0.05256496
1.5005,B,mrac.pitch.theta_5,0.14142013
1.5005,B,mrac.pitch.u_nom,-0.076234512
1.5005,B,mrac.pitch.xm,-0.21348412
1.5005,B,mrac.roll.theta_0,0.14831175
1.5005,B,mrac.roll.theta_1,0.0016315561
1.5005,B,mrac.roll.theta_2,0.0034727852
1.5005,B,mrac.roll.theta_3,0.0002785284
1.5005,B,mrac.roll.theta_4,0.033332087
1.5005,B,mrac.roll.theta_5,0.039887998
1.5005,B,mrac.roll.u_nom,-0.052652057
1.5005,B,mrac.roll.xm,0.18068948
1.5005,B,mrac.yaw.theta_0,0.00027064836
1.5005,B,mrac.yaw.theta_1,0.0014738701
1.5005,B,mrac.yaw.theta_2,2.3952616e-05
1.5005,B,mrac.yaw.theta_3,0
1.5005,B,mrac.yaw.theta_4,0.014937497
1.5005,B,mrac.yaw.theta_5,0.053855266
1.5005,B,mrac.yaw.u_nom,-0.051006522
1.5005,B,mrac.yaw.xm,-0.10599887
1.5005,B,mrac.z.theta_0,0.58554208
1.5005,B,mrac.z.theta_1,0.0033673737
1.5005,B,mrac.z.theta_2,0.0064274729
1.5005,B,mrac.z.theta_3,0
1.5005,B,mrac.z.theta_4,0.19729561
1.5005,B,mrac.z.theta_5,0.18995114
1.5005,B,mrac.z.u_nom,0.32502872
1.5005,B,mrac.z.xm,0.083512075
1.5005,B,path.active_path_mode,0
1.5005,B,path.circle_theta,0
1.5005,B,path.sinusoid_t_elapsed,0
1.5005,B,path.twc_arrived,0
1.5005,B,path.twc_target_x,0
1.5005,B,path.twc_target_y,0
1.5005,B,path.twc_target_z,0
1.5005,B,pid.gyrox.Des,10.35274
1.5005,B,pid.gyrox.FB,7.5327945
1.5005,B,pid.gyrox.U,-61.602905
1.5005,B,pid.gyroy.Des,-12.231734
1.5005,B,pid.gyroy.FB,-0.80288416
1.5005,B,pid.gyroy.U,-89.194382
1.5005,B,pid.gyroz.Des,-6.0732856
1.5005,B,pid.gyroz.FB,5.6084971
1.5005,B,pid.gyroz.U,-95.484207
1.5005,B,pid.locx.Des,19.198217
1.5005,B,pid.locx.FB,17.505693
1.5005,B,pid.locx.U,2.8339081
1.5005,B,pid.locxs.Des,2.8339081
1.5005,B,pid.locxs.FB,13.003392
1.5005,B,pid.locxs.U,-31.144979
1.5005,B,pid.locy.Des,17.858948
1.5005,B,pid.locy.FB,47.054852
1.5005,B,pid.locy.U,-25.476261
1.5005,B,pid.locys.Des,-25.476261
1.5005,B,pid.locys.FB,2.9852612
1.5005,B,pid.locys.U,-85.474358
1.5005,B,pid.pitch.Des,-4.9811172
1.5005,B,pid.pitch.FB,-0.85190886
1.5005,B,pid.pitch.U,-12.231734
1.5005,B,pid.roll.Des,1.8131919
1.5005,B,pid.roll.FB,-1.7145113
1.5005,B,pid.roll.U,10.35274
1.5005,B,pid.yaw.Des,-0.61393034
1.5005,B,pid.yaw.FB,0.064950556
1.5005,B,pid.yaw.U,-6.0732856
1.5005,B,pid.z_pos.Des,1.1495126
1.5005,B,pid.z_pos.FB,1.149358
1.5005,B,pid.z_pos.U,0.083512075
1.5005,B,pid.z_rate.Des,0.083512075
1.5005,B,pid.z_rate.FB,-0.080338284
1.5005,B,pid.z_rate.U,72.156372
1.5005,B,status.vbat,0
1.7171,A,mrac.pitch.e,0.052405611
1.7171,A,mrac.pitch.u_ad,-0.03203455
1.7171,A,mrac.roll.e,-0.15494034
1.7171,A,mrac.roll.u_ad,0.1569387
1.7171,A,mrac.yaw.e,0.14553335
1.7171,A,mrac.yaw.u_ad,-0.0056122229
1.7171,A,mrac.z.e,-0.13639829
1.7171,A,mrac.z.u_ad,0.65154296
1.7171,A,status.arm,1
1.7171,A,status.flymode,1
1.7171,A,status.rc_authority,0
1.7171,A,status.sbus_lost,0
1.7171,A,status.twc_arrived,0
1.7171,A,status.twc_execute,0
1.7171,B,mrac.pitch.theta_0,9.1096346e-25
1.7171,B,mrac.pitch.theta_1,0.0043900576
1.7171,B,mrac.pitch.theta_2,0.00039052742
1.7171,B,mrac.pitch.theta_3,0.00076791376
1.7171,B,mrac.pitch.theta_4,0.05256496
1.7171,B,mrac.pitch.theta_5,0.14142013
1.7171,B,mrac.pitch.u_nom,-0.076234512
1.7171,B,mrac.pitch.xm,-0.21348412
1.7171,B,mrac.roll.theta_0,0.14831175
1.7171,B,mrac.roll.theta_1,0.0016315561
1.7171,B,mrac.roll.theta_2,0.0034727852
1.7171,B,mrac.roll.theta_3,0.0002785284
1.7171,B,mrac.roll.theta_4,0.033332087
1.7171,B,mrac.roll.theta_5,0.039887998
1.7171,B,mrac.roll.u_nom,-0.052652057
1.7171,B,mrac.roll.xm,0.18068948
1.7171,B,mrac.yaw.theta_0,0.00027064836
1.7171,B,mrac.yaw.theta_1,0.0014738701
1.7171,B,mrac.yaw.theta_2,2.3952616e-05
1.7171,B,mrac.yaw.theta_3,0
1.7171,B,mrac.yaw.theta_4,0.014937497
1.7171,B,mrac.yaw.theta_5,0.053855266
1.7171,B,mrac.yaw.u_nom,-0.051006522
1.7171,B,mrac.yaw.xm,-0.10599887
1.7171,B,mrac.z.theta_0,0.58554208
1.7171,B,mrac.z.theta_1,0.0033673737
1.7171,B,mrac.z.theta_2,0.0064274729
1.7171,B,mrac.z.theta_3,0
1.7171,B,mrac.z.theta_4,0.19729561
1.7171,B,mrac.z.theta_5,0.18995114
1.7171,B,mrac.z.u_nom,0.32502872
1.7171,B,mrac.z.xm,0.083512075
1.7171,B,path.active_path_mode,0
1.7171,B,path.circle_theta,0
1.7171,B,path.sinusoid_t_elapsed,0
1.7171,B,path.twc_arrived,0
1.7171,B,path.twc_target_x,0
1.7171,B,path.twc_target_y,0
1.7171,B,path.twc_target_z,0
1.7171,B,pid.gyrox.Des,10.35274
1.7171,B,pid.gyrox.FB,7.5327945
1.7171,B,pid.gyrox.U,-61.602905
1.7171,B,pid.gyroy.Des,-12.231734
1.7171,B,pid.gyroy.FB,-0.80288416
1.7171,B,pid.gyroy.U,-89.194382
1.7171,B,pid.gyroz.Des,-6.0732856
1.7171,B,pid.gyroz.FB,5.6084971
1.7171,B,pid.gyroz.U,-95.484207
1.7171,B,pid.locx.Des,19.198217
1.7171,B,pid.locx.FB,17.505693
1.7171,B,pid.locx.U,2.8339081
1.7171,B,pid.locxs.Des,2.8339081
1.7171,B,pid.locxs.FB,13.003392
1.7171,B,pid.locxs.U,-31.144979
1.7171,B,pid.locy.Des,17.858948
1.7171,B,pid.locy.FB,47.054852
1.7171,B,pid.locy.U,-25.476261
1.7171,B,pid.locys.Des,-25.476261
1.7171,B,pid.locys.FB,2.9852612
1.7171,B,pid.locys.U,-85.474358
1.7171,B,pid.pitch.Des,-4.9811172
1.7171,B,pid.pitch.FB,-0.85190886
1.7171,B,pid.pitch.U,-12.231734
1.7171,B,pid.roll.Des,1.8131919
1.7171,B,pid.roll.FB,-1.7145113
1.7171,B,pid.roll.U,10.35274
1.7171,B,pid.yaw.Des,-0.61393034
1.7171,B,pid.yaw.FB,0.064950556
1.7171,B,pid.yaw.U,-6.0732856
1.7171,B,pid.z_pos.Des,1.1495126
1.7171,B,pid.z_pos.FB,1.149358
1.7171,B,pid.z_pos.U,0.083512075
1.7171,B,pid.z_rate.Des,0.083512075
1.7171,B,pid.z_rate.FB,-0.080338284
1.7171,B,pid.z_rate.U,72.156372
1.7171,B,status.vbat,0
1.9327,A,mrac.pitch.e,0.052405611
1.9327,A,mrac.pitch.u_ad,-0.03203455
1.9327,A,mrac.roll.e,-0.15494034
1.9327,A,mrac.roll.u_ad,0.1569387
1.9327,A,mrac.yaw.e,0.14553335
1.9327,A,mrac.yaw.u_ad,-0.0056122229
1.9327,A,mrac.z.e,-0.13639829
1.9327,A,mrac.z.u_ad,0.65154296
1.9327,A,status.arm,1
1.9327,A,status.flymode,1
1.9327,A,status.rc_authority,0
1.9327,A,status.sbus_lost,0
1.9327,A,status.twc_arrived,0
1.9327,A,status.twc_execute,0
1.9327,B,mrac.pitch.theta_0,9.1096346e-25
1.9327,B,mrac.pitch.theta_1,0.0043900576
1.9327,B,mrac.pitch.theta_2,0.00039052742
1.9327,B,mrac.pitch.theta_3,0.00076791376
1.9327,B,mrac.pitch.theta_4,0.05256496
1.9327,B,mrac.pitch.theta_5,0.14142013
1.9327,B,mrac.pitch.u_nom,-0.076234512
1.9327,B,mrac.pitch.xm,-0.21348412
1.9327,B,mrac.roll.theta_0,0.14831175
1.9327,B,mrac.roll.theta_1,0.0016315561
1.9327,B,mrac.roll.theta_2,0.0034727852
1.9327,B,mrac.roll.theta_3,0.0002785284
1.9327,B,mrac.roll.theta_4,0.033332087
1.9327,B,mrac.roll.theta_5,0.039887998
1.9327,B,mrac.roll.u_nom,-0.052652057
1.9327,B,mrac.roll.xm,0.18068948
1.9327,B,mrac.yaw.theta_0,0.00027064836
1.9327,B,mrac.yaw.theta_1,0.0014738701
1.9327,B,mrac.yaw.theta_2,2.3952616e-05
1.9327,B,mrac.yaw.theta_3,0
1.9327,B,mrac.yaw.theta_4,0.014937497
1.9327,B,mrac.yaw.theta_5,0.053855266
1.9327,B,mrac.yaw.u_nom,-0.051006522
1.9327,B,mrac.yaw.xm,-0.10599887
1.9327,B,mrac.z.theta_0,0.58554208
1.9327,B,mrac.z.theta_1,0.0033673737
1.9327,B,mrac.z.theta_2,0.0064274729
1.9327,B,mrac.z.theta_3,0
1.9327,B,mrac.z.theta_4,0.19729561
1.9327,B,mrac.z.theta_5,0.18995114
1.9327,B,mrac.z.u_nom,0.32502872
1.9327,B,mrac.z.xm,0.083512075
1.9327,B,path.active_path_mode,0
1.9327,B,path.circle_theta,0
1.9327,B,path.sinusoid_t_elapsed,0
1.9327,B,path.twc_arrived,0
1.9327,B,path.twc_target_x,0
1.9327,B,path.twc_target_y,0
1.9327,B,path.twc_target_z,0
1.9327,B,pid.gyrox.Des,10.35274
1.9327,B,pid.gyrox.FB,7.5327945
1.9327,B,pid.gyrox.U,-61.602905
1.9327,B,pid.gyroy.Des,-12.231734
1.9327,B,pid.gyroy.FB,-0.80288416
1.9327,B,pid.gyroy.U,-89.194382
1.9327,B,pid.gyroz.Des,-6.0732856
1.9327,B,pid.gyroz.FB,5.6084971
1.9327,B,pid.gyroz.U,-95.484207
1.9327,B,pid.locx.Des,19.198217
1.9327,B,pid.locx.FB,17.505693
1.9327,B,pid.locx.U,2.8339081
1.9327,B,pid.locxs.Des,2.8339081
1.9327,B,pid.locxs.FB,13.003392
1.9327,B,pid.locxs.U,-31.144979
1.9327,B,pid.locy.Des,17.858948
1.9327,B,pid.locy.FB,47.054852
1.9327,B,pid.locy.U,-25.476261
1.9327,B,pid.locys.Des,-25.476261
1.9327,B,pid.locys.FB,2.9852612
1.9327,B,pid.locys.U,-85.474358
1.9327,B,pid.pitch.Des,-4.9811172
1.9327,B,pid.pitch.FB,-0.85190886
1.9327,B,pid.pitch.U,-12.231734
1.9327,B,pid.roll.Des,1.8131919
1.9327,B,pid.roll.FB,-1.7145113
1.9327,B,pid.roll.U,10.35274
1.9327,B,pid.yaw.Des,-0.61393034
1.9327,B,pid.yaw.FB,0.064950556
1.9327,B,pid.yaw.U,-6.0732856
1.9327,B,pid.z_pos.Des,1.1495126
1.9327,B,pid.z_pos.FB,1.149358
1.9327,B,pid.z_pos.U,0.083512075
1.9327,B,pid.z_rate.Des,0.083512075
1.9327,B,pid.z_rate.FB,-0.080338284
1.9327,B,pid.z_rate.U,72.156372
1.9327,B,status.vbat,0
2.1347,A,mrac.pitch.e,0.052405611
2.1347,A,mrac.pitch.u_ad,-0.03203455
2.1347,A,mrac.roll.e,-0.15494034
2.1347,A,mrac.roll.u_ad,0.1569387
2.1347,A,mrac.yaw.e,0.14553335
2.1347,A,mrac.yaw.u_ad,-0.0056122229
2.1347,A,mrac.z.e,-0.13639829
2.1347,A,mrac.z.u_ad,0.65154296
2.1347,A,status.arm,1
2.1347,A,status.flymode,1
2.1347,A,status.rc_authority,0
2.1347,A,status.sbus_lost,0
2.1347,A,status.twc_arrived,0
2.1347,A,status.twc_execute,0
2.1349,B,mrac.pitch.theta_0,9.1096346e-25
2.1349,B,mrac.pitch.theta_1,0.0043900576
2.1349,B,mrac.pitch.theta_2,0.00039052742
2.1349,B,mrac.pitch.theta_3,0.00076791376
2.1349,B,mrac.pitch.theta_4,0.05256496
2.1349,B,mrac.pitch.theta_5,0.14142013
2.1349,B,mrac.pitch.u_nom,-0.076234512
2.1349,B,mrac.pitch.xm,-0.21348412
2.1349,B,mrac.roll.theta_0,0.14831175
2.1349,B,mrac.roll.theta_1,0.0016315561
2.1349,B,mrac.roll.theta_2,0.0034727852
2.1349,B,mrac.roll.theta_3,0.0002785284
2.1349,B,mrac.roll.theta_4,0.033332087
2.1349,B,mrac.roll.theta_5,0.039887998
2.1349,B,mrac.roll.u_nom,-0.052652057
2.1349,B,mrac.roll.xm,0.18068948
2.1349,B,mrac.yaw.theta_0,0.00027064836
2.1349,B,mrac.yaw.theta_1,0.0014738701
2.1349,B,mrac.yaw.theta_2,2.3952616e-05
2.1349,B,mrac.yaw.theta_3,0
2.1349,B,mrac.yaw.theta_4,0.014937497
2.1349,B,mrac.yaw.theta_5,0.053855266
2.1349,B,mrac.yaw.u_nom,-0.051006522
2.1349,B,mrac.yaw.xm,-0.10599887
2.1349,B,mrac.z.theta_0,0.58554208
2.1349,B,mrac.z.theta_1,0.0033673737
2.1349,B,mrac.z.theta_2,0.0064274729
2.1349,B,mrac.z.theta_3,0
2.1349,B,mrac.z.theta_4,0.19729561
2.1349,B,mrac.z.theta_5,0.18995114
2.1349,B,mrac.z.u_nom,0.32502872
2.1349,B,mrac.z.xm,0.083512075
2.1349,B,path.active_path_mode,0
2.1349,B,path.circle_theta,0
2.1349,B,path.sinusoid_t_elapsed,0
2.1349,B,path.twc_arrived,0
2.1349,B,path.twc_target_x,0
2.1349,B,path.twc_target_y,0
2.1349,B,path.twc_target_z,0
2.1349,B,pid.gyrox.Des,10.35274
2.1349,B,pid.gyrox.FB,7.5327945
2.1349,B,pid.gyrox.U,-61.602905
2.1349,B,pid.gyroy.Des,-12.231734
2.1349,B,pid.gyroy.FB,-0.80288416
2.1349,B,pid.gyroy.U,-89.194382
2.1349,B,pid.gyroz.Des,-6.0732856
2.1349,B,pid.gyroz.FB,5.6084971
2.1349,B,pid.gyroz.U,-95.484207
2.1349,B,pid.locx.Des,19.198217
2.1349,B,pid.locx.FB,17.505693
2.1349,B,pid.locx.U,2.8339081
2.1349,B,pid.locxs.Des,2.8339081
2.1349,B,pid.locxs.FB,13.003392
2.1349,B,pid.locxs.U,-31.144979
2.1349,B,pid.locy.Des,17.858948
2.1349,B,pid.locy.FB,47.054852
2.1349,B,pid.locy.U,-25.476261
2.1349,B,pid.locys.Des,-25.476261
2.1349,B,pid.locys.FB,2.9852612
2.1349,B,pid.locys.U,-85.474358
2.1349,B,pid.pitch.Des,-4.9811172
2.1349,B,pid.pitch.FB,-0.85190886
2.1349,B,pid.pitch.U,-12.231734
2.1349,B,pid.roll.Des,1.8131919
2.1349,B,pid.roll.FB,-1.7145113
2.1349,B,pid.roll.U,10.35274
2.1349,B,pid.yaw.Des,-0.61393034
2.1349,B,pid.yaw.FB,0.064950556
2.1349,B,pid.yaw.U,-6.0732856
2.1349,B,pid.z_pos.Des,1.1495126
2.1349,B,pid.z_pos.FB,1.149358
2.1349,B,pid.z_pos.U,0.083512075
2.1349,B,pid.z_rate.Des,0.083512075
2.1349,B,pid.z_rate.FB,-0.080338284
2.1349,B,pid.z_rate.U,72.156372
2.1349,B,status.vbat,0
2.3515,A,mrac.pitch.e,0.052405611
2.3515,A,mrac.pitch.u_ad,-0.03203455
2.3515,A,mrac.roll.e,-0.15494034
2.3515,A,mrac.roll.u_ad,0.1569387
2.3515,A,mrac.yaw.e,0.14553335
2.3515,A,mrac.yaw.u_ad,-0.0056122229
2.3515,A,mrac.z.e,-0.13639829
2.3515,A,mrac.z.u_ad,0.65154296
2.3515,A,status.arm,1
2.3515,A,status.flymode,1
2.3515,A,status.rc_authority,0
2.3515,A,status.sbus_lost,0
2.3515,A,status.twc_arrived,0
2.3515,A,status.twc_execute,0
2.3516,B,mrac.pitch.theta_0,9.1096346e-25
2.3516,B,mrac.pitch.theta_1,0.0043900576
2.3516,B,mrac.pitch.theta_2,0.00039052742
2.3516,B,mrac.pitch.theta_3,0.00076791376
2.3516,B,mrac.pitch.theta_4,0.05256496
2.3516,B,mrac.pitch.theta_5,0.14142013
2.3516,B,mrac.pitch.u_nom,-0.076234512
2.3516,B,mrac.pitch.xm,-0.21348412
2.3516,B,mrac.roll.theta_0,0.14831175
2.3516,B,mrac.roll.theta_1,0.0016315561
2.3516,B,mrac.roll.theta_2,0.0034727852
2.3516,B,mrac.roll.theta_3,0.0002785284
2.3516,B,mrac.roll.theta_4,0.033332087
2.3516,B,mrac.roll.theta_5,0.039887998
2.3516,B,mrac.roll.u_nom,-0.052652057
2.3516,B,mrac.roll.xm,0.18068948
2.3516,B,mrac.yaw.theta_0,0.00027064836
2.3516,B,mrac.yaw.theta_1,0.0014738701
2.3516,B,mrac.yaw.theta_2,2.3952616e-05
2.3516,B,mrac.yaw.theta_3,0
2.3516,B,mrac.yaw.theta_4,0.014937497
2.3516,B,mrac.yaw.theta_5,0.053855266
2.3516,B,mrac.yaw.u_nom,-0.051006522
2.3516,B,mrac.yaw.xm,-0.10599887
2.3516,B,mrac.z.theta_0,0.58554208
2.3516,B,mrac.z.theta_1,0.0033673737
2.3516,B,mrac.z.theta_2,0.0064274729
2.3516,B,mrac.z.theta_3,0
2.3516,B,mrac.z.theta_4,0.19729561
2.3516,B,mrac.z.theta_5,0.18995114
2.3516,B,mrac.z.u_nom,0.32502872
2.3516,B,mrac.z.xm,0.083512075
2.3516,B,path.active_path_mode,0
2.3516,B,path.circle_theta,0
2.3516,B,path.sinusoid_t_elapsed,0
2.3516,B,path.twc_arrived,0
2.3516,B,path.twc_target_x,0
2.3516,B,path.twc_target_y,0
2.3516,B,path.twc_target_z,0
2.3516,B,pid.gyrox.Des,10.35274
2.3516,B,pid.gyrox.FB,7.5327945
2.3516,B,pid.gyrox.U,-61.602905
2.3516,B,pid.gyroy.Des,-12.231734
2.3516,B,pid.gyroy.FB,-0.80288416
2.3516,B,pid.gyroy.U,-89.194382
2.3516,B,pid.gyroz.Des,-6.0732856
2.3516,B,pid.gyroz.FB,5.6084971
2.3516,B,pid.gyroz.U,-95.484207
2.3516,B,pid.locx.Des,19.198217
2.3516,B,pid.locx.FB,17.505693
2.3516,B,pid.locx.U,2.8339081
2.3516,B,pid.locxs.Des,2.8339081
2.3516,B,pid.locxs.FB,13.003392
2.3516,B,pid.locxs.U,-31.144979
2.3516,B,pid.locy.Des,17.858948
2.3516,B,pid.locy.FB,47.054852
2.3516,B,pid.locy.U,-25.476261
2.3516,B,pid.locys.Des,-25.476261
2.3516,B,pid.locys.FB,2.9852612
2.3516,B,pid.locys.U,-85.474358
2.3516,B,pid.pitch.Des,-4.9811172
2.3516,B,pid.pitch.FB,-0.85190886
2.3516,B,pid.pitch.U,-12.231734
2.3516,B,pid.roll.Des,1.8131919
2.3516,B,pid.roll.FB,-1.7145113
2.3516,B,pid.roll.U,10.35274
2.3516,B,pid.yaw.Des,-0.61393034
2.3516,B,pid.yaw.FB,0.064950556
2.3516,B,pid.yaw.U,-6.0732856
2.3516,B,pid.z_pos.Des,1.1495126
2.3516,B,pid.z_pos.FB,1.149358
2.3516,B,pid.z_pos.U,0.083512075
2.3516,B,pid.z_rate.Des,0.083512075
2.3516,B,pid.z_rate.FB,-0.080338284
2.3516,B,pid.z_rate.U,72.156372
2.3516,B,status.vbat,0
2.5675,A,mrac.pitch.e,0.052405611
2.5675,A,mrac.pitch.u_ad,-0.03203455
2.5675,A,mrac.roll.e,-0.15494034
2.5675,A,mrac.roll.u_ad,0.1569387
2.5675,A,mrac.yaw.e,0.14553335
2.5675,A,mrac.yaw.u_ad,-0.0056122229
2.5675,A,mrac.z.e,-0.13639829
2.5675,A,mrac.z.u_ad,0.65154296
2.5675,A,status.arm,1
2.5675,A,status.flymode,1
2.5675,A,status.rc_authority,0
2.5675,A,status.sbus_lost,0
2.5675,A,status.twc_arrived,0
2.5675,A,status.twc_execute,0
2.5676,B,mrac.pitch.theta_0,9.1096346e-25
2.5676,B,mrac.pitch.theta_1,0.0043900576
2.5676,B,mrac.pitch.theta_2,0.00039052742
2.5676,B,mrac.pitch.theta_3,0.00076791376
2.5676,B,mrac.pitch.theta_4,0.05256496
2.5676,B,mrac.pitch.theta_5,0.14142013
2.5676,B,mrac.pitch.u_nom,-0.076234512
2.5676,B,mrac.pitch.xm,-0.21348412
2.5676,B,mrac.roll.theta_0,0.14831175
2.5676,B,mrac.roll.theta_1,0.0016315561
2.5676,B,mrac.roll.theta_2,0.0034727852
2.5676,B,mrac.roll.theta_3,0.0002785284
2.5676,B,mrac.roll.theta_4,0.033332087
2.5676,B,mrac.roll.theta_5,0.039887998
2.5676,B,mrac.roll.u_nom,-0.052652057
2.5676,B,mrac.roll.xm,0.18068948
2.5676,B,mrac.yaw.theta_0,0.00027064836
2.5676,B,mrac.yaw.theta_1,0.0014738701
2.5676,B,mrac.yaw.theta_2,2.3952616e-05
2.5676,B,mrac.yaw.theta_3,0
2.5676,B,mrac.yaw.theta_4,0.014937497
2.5676,B,mrac.yaw.theta_5,0.053855266
2.5676,B,mrac.yaw.u_nom,-0.051006522
2.5676,B,mrac.yaw.xm,-0.10599887
2.5676,B,mrac.z.theta_0,0.58554208
2.5676,B,mrac.z.theta_1,0.0033673737
2.5676,B,mrac.z.theta_2,0.0064274729
2.5676,B,mrac.z.theta_3,0
2.5676,B,mrac.z.theta_4,0.19729561
2.5676,B,mrac.z.theta_5,0.18995114
2.5676,B,mrac.z.u_nom,0.32502872
2.5676,B,mrac.z.xm,0.083512075
2.5676,B,path.active_path_mode,0
2.5676,B,path.circle_theta,0
2.5676,B,path.sinusoid_t_elapsed,0
2.5676,B,path.twc_arrived,0
2.5676,B,path.twc_target_x,0
2.5676,B,path.twc_target_y,0
2.5676,B,path.twc_target_z,0
2.5676,B,pid.gyrox.Des,10.35274
2.5676,B,pid.gyrox.FB,7.5327945
2.5676,B,pid.gyrox.U,-61.602905
2.5676,B,pid.gyroy.Des,-12.231734
2.5676,B,pid.gyroy.FB,-0.80288416
2.5676,B,pid.gyroy.U,-89.194382
2.5676,B,pid.gyroz.Des,-6.0732856
2.5676,B,pid.gyroz.FB,5.6084971
2.5676,B,pid.gyroz.U,-95.484207
2.5676,B,pid.locx.Des,19.198217
2.5676,B,pid.locx.FB,17.505693
2.5676,B,pid.locx.U,2.8339081
2.5676,B,pid.locxs.Des,2.8339081
2.5676,B,pid.locxs.FB,13.003392
2.5676,B,pid.locxs.U,-31.144979
2.5676,B,pid.locy.Des,17.858948
2.5676,B,pid.locy.FB,47.054852
2.5676,B,pid.locy.U,-25.476261
2.5676,B,pid.locys.Des,-25.476261
2.5676,B,pid.locys.FB,2.9852612
2.5676,B,pid.locys.U,-85.474358
2.5676,B,pid.pitch.Des,-4.9811172
2.5676,B,pid.pitch.FB,-0.85190886
2.5676,B,pid.pitch.U,-12.231734
2.5676,B,pid.roll.Des,1.8131919
2.5676,B,pid.roll.FB,-1.7145113
2.5676,B,pid.roll.U,10.35274
2.5676,B,pid.yaw.Des,-0.61393034
2.5676,B,pid.yaw.FB,0.064950556
2.5676,B,pid.yaw.U,-6.0732856
2.5676,B,pid.z_pos.Des,1.1495126
2.5676,B,pid.z_pos.FB,1.149358
2.5676,B,pid.z_pos.U,0.083512075
2.5676,B,pid.z_rate.Des,0.083512075
2.5676,B,pid.z_rate.FB,-0.080338284
2.5676,B,pid.z_rate.U,72.156372
2.5676,B,status.vbat,0
2.6906,ID,id.arm,1
2.6906,ID,id.mode,1
2.6906,ID,id.pitch.r,-0.21161427
2.6906,ID,id.pitch.u_ad,-0.032476719
2.6906,ID,id.pitch.u_nom,-0.069856942
2.6906,ID,id.pitch.x,0.041067064
2.6906,ID,id.pitch.xm,-0.21161427
2.6906,ID,id.roll.r,-0.25625065
2.6906,ID,id.roll.u_ad,0.12925632
2.6906,ID,id.roll.u_nom,0.11338368
2.6906,ID,id.roll.x,-0.59071463
2.6906,ID,id.roll.xm,-0.25625065
2.6906,ID,id.sample_counter,367
2.6906,ID,id.sysid_state,4
2.6906,ID,id.vbat,0
2.6906,ID,id.yaw.r,-0.13803743
2.6906,ID,id.yaw.u_ad,-0.007834712
2.6906,ID,id.yaw.u_nom,-0.049374666
2.6906,ID,id.yaw.x,0.05916854
2.6906,ID,id.yaw.xm,-0.13803743
2.6906,ID,id.z.r,0.17707123
2.6906,ID,id.z.u_ad,0.98505193
2.6906,ID,id.z.u_nom,0.4658699
2.6906,ID,id.z.x,-0.05530782
2.6906,ID,id.z.xm,0.17707123
2.7073,ID,id.arm,1
2.7073,ID,id.mode,1
2.7073,ID,id.pitch.r,-0.20417222
2.7073,ID,id.pitch.u_ad,-0.03197718
2.7073,ID,id.pitch.u_nom,0.025625154
2.7073,ID,id.pitch.x,-0.054625887
2.7073,ID,id.pitch.xm,-0.20417222
2.7073,ID,id.roll.r,-0.12820813
2.7073,ID,id.roll.u_ad,0.12862568
2.7073,ID,id.roll.u_nom,0.13565144
2.7073,ID,id.roll.x,-0.4385854
2.7073,ID,id.roll.xm,-0.12820813
2.7073,ID,id.sample_counter,368
2.7073,ID,id.sysid_state,4
2.7073,ID,id.vbat,0
2.7073,ID,id.yaw.r,-0.13748488
2.7073,ID,id.yaw.u_ad,-0.0079099014
2.7073,ID,id.yaw.u_nom,-0.023605047
2.7073,ID,id.yaw.x,-0.045460619
2.7073,ID,id.yaw.xm,-0.13748488
2.7073,ID,id.z.r,0.18417767
2.7073,ID,id.z.u_ad,0.9979741
2.7073,ID,id.z.u_nom,0.71330577
2.7073,ID,id.z.x,-0.18552832
2.7073,ID,id.z.xm,0.18417767
2.7240,ID,id.arm,1
2.7240,ID,id.mode,1
2.7240,ID,id.pitch.r,-0.21325015
2.7240,ID,id.pitch.u_ad,-0.032284796
2.7240,ID,id.pitch.u_nom,-0.037366077
2.7240,ID,id.pitch.x,-0.024044197
2.7240,ID,id.pitch.xm,-0.21325015
2.7240,ID,id.roll.r,-0.14881118
2.7240,ID,id.roll.u_ad,0.12827073
2.7240,ID,id.roll.u_nom,0.18813302
2.7240,ID,id.roll.x,-0.56600499
2.7240,ID,id.roll.xm,-0.14881118
2.7240,ID,id.sample_counter,369
2.7240,ID,id.sysid_state,4
2.7240,ID,id.vbat,0
2.7240,ID,id.yaw.r,-0.13612288
2.7240,ID,id.yaw.u_ad,-0.0079559907
2.7240,ID,id.yaw.u_nom,-0.024185969
2.7240,ID,id.yaw.x,-0.041661792
2.7240,ID,id.yaw.xm,-0.13612288
2.7240,ID,id.z.r,0.18442228
2.7240,ID,id.z.u_ad,1.0007172
2.7240,ID,id.z.u_nom,0.56796288
2.7240,ID,id.z.x,-0.10461836
2.7240,ID,id.z.xm,0.18442228
2.7412,ID,id.arm,1
2.7412,ID,id.mode,1
2.7412,ID,id.pitch.r,-0.20692311
2.7412,ID,id.pitch.u_ad,-0.031584274
2.7412,ID,id.pitch.u_nom,0.066000104
2.7412,ID,id.pitch.x,-0.12919958
2.7412,ID,id.pitch.xm,-0.20692311
2.7412,ID,id.roll.r,-0.36549789
2.7412,ID,id.roll.u_ad,0.12639728
2.7412,ID,id.roll.u_nom,0.12197873
2.7412,ID,id.roll.x,-0.53656352
2.7412,ID,id.roll.xm,-0.36549789
2.7412,ID,id.sample_counter,370
2.7412,ID,id.sysid_state,4
2.7412,ID,id.vbat,0
2.7412,ID,id.yaw.r,-0.13546856
2.7412,ID,id.yaw.u_ad,-0.0079689184
2.7412,ID,id.yaw.u_nom,-0.046151459
2.7412,ID,id.yaw.x,0.048599958
2.7412,ID,id.yaw.xm,-0.13546856
2.7412,ID,id.z.r,0.18455112
2.7412,ID,id.z.u_ad,0.99754244
2.7412,ID,id.z.u_nom,0.49276882
2.7412,ID,id.z.x,-0.062756836
2.7412,ID,id.z.xm,0.18455112
2.7564,ID,id.arm,1
2.7564,ID,id.mode,1
2.7564,ID,id.pitch.r,-0.20476975
2.7564,ID,id.pitch.u_ad,-0.031750824
2.7564,ID,id.pitch.u_nom,-0.041216537
2.7564,ID,id.pitch.x,-0.066916943
2.7564,ID,id.pitch.xm,-0.20476975
2.7564,ID,id.roll.r,-0.58340645
2.7564,ID,id.roll.u_ad,0.12607078
2.7564,ID,id.roll.u_nom,-0.10288299
2.7564,ID,id.roll.x,-0.51018476
2.7564,ID,id.roll.xm,-0.58340645
2.7564,ID,id.sample_counter,371
2.7564,ID,id.sysid_state,4
2.7564,ID,id.vbat,0
2.7564,ID,id.yaw.r,-0.13924761
2.7564,ID,id.yaw.u_ad,-0.0080426177
2.7564,ID,id.yaw.u_nom,-0.041652579
2.7564,ID,id.yaw.x,0.02659467
2.7564,ID,id.yaw.xm,-0.13924761
2.7564,ID,id.z.r,0.18483946
2.7564,ID,id.z.u_ad,0.9926334
2.7564,ID,id.z.u_nom,0.44183862
2.7564,ID,id.z.x,-0.034202237
2.7564,ID,id.z.xm,0.18483946
2.7731,ID,id.arm,1
2.7731,ID,id.mode,1
2.7731,ID,id.pitch.r,-0.20526907
2.7731,ID,id.pitch.u_ad,-0.030861715
2.7731,ID,id.pitch.u_nom,0.021054234
2.7731,ID,id.pitch.x,-0.11911737
2.7731,ID,id.pitch.xm,-0.20526907
2.7731,ID,id.roll.r,-0.5896008
2.7731,ID,id.roll.u_ad,0.12642772
2.7731,ID,id.roll.u_nom,-0.081576809
2.7731,ID,id.roll.x,-0.60336757
2.7731,ID,id.roll.xm,-0.5896008
2.7731,ID,id.sample_counter,372
2.7731,ID,id.sysid_state,4
2.7731,ID,id.vbat,0
2.7731,ID,id.yaw.r,-0.13834196
2.7731,ID,id.yaw.u_ad,-0.0080865519
2.7731,ID,id.yaw.u_nom,-0.056757715
2.7731,ID,id.yaw.x,0.088954523
2.7731,ID,id.yaw.xm,-0.13834196
2.7731,ID,id.z.r,0.18518935
2.7731,ID,id.z.u_ad,0.98563844
2.7731,ID,id.z.u_nom,0.3962943
2.7731,ID,id.z.x,-0.0085752411
2.7731,ID,id.z.xm,0.18518935
2.7835,A,mrac.pitch.e,0.052405611
2.7835,A,mrac.pitch.u_ad,-0.03203455
2.7835,A,mrac.roll.e,-0.15494034
2.7835,A,mrac.roll.u_ad,0.1569387
2.7835,A,mrac.yaw.e,0.14553335
2.7835,A,mrac.yaw.u_ad,-0.0056122229
2.7835,A,mrac.z.e,-0.13639829
2.7835,A,mrac.z.u_ad,0.65154296
2.7835,A,status.arm,1
2.7835,A,status.flymode,1
2.7835,A,status.rc_authority,0
2.7835,A,status.sbus_lost,0
2.7835,A,status.twc_arrived,0
2.7835,A,status.twc_execute,0
2.7836,B,mrac.pitch.theta_0,9.1096346e-25
2.7836,B,mrac.pitch.theta_1,0.0043900576
2.7836,B,mrac.pitch.theta_2,0.00039052742
2.7836,B,mrac.pitch.theta_3,0.00076791376
2.7836,B,mrac.pitch.theta_4,0.05256496
2.7836,B,mrac.pitch.theta_5,0.14142013
2.7836,B,mrac.pitch.u_nom,-0.076234512
2.7836,B,mrac.pitch.xm,-0.21348412
2.7836,B,mrac.roll.theta_0,0.14831175
2.7836,B,mrac.roll.theta_1,0.0016315561
2.7836,B,mrac.roll.theta_2,0.0034727852
2.7836,B,mrac.roll.theta_3,0.0002785284
2.7836,B,mrac.roll.theta_4,0.033332087
2.7836,B,mrac.roll.theta_5,0.039887998
2.7836,B,mrac.roll.u_nom,-0.052652057
2.7836,B,mrac.roll.xm,0.18068948
2.7836,B,mrac.yaw.theta_0,0.00027064836
2.7836,B,mrac.yaw.theta_1,0.0014738701
2.7836,B,mrac.yaw.theta_2,2.3952616e-05
2.7836,B,mrac.yaw.theta_3,0
2.7836,B,mrac.yaw.theta_4,0.014937497
2.7836,B,mrac.yaw.theta_5,0.053855266
2.7836,B,mrac.yaw.u_nom,-0.051006522
2.7836,B,mrac.yaw.xm,-0.10599887
2.7836,B,mrac.z.theta_0,0.58554208
2.7836,B,mrac.z.theta_1,0.0033673737
2.7836,B,mrac.z.theta_2,0.0064274729
2.7836,B,mrac.z.theta_3,0
2.7836,B,mrac.z.theta_4,0.19729561
2.7836,B,mrac.z.theta_5,0.18995114
2.7836,B,mrac.z.u_nom,0.32502872
2.7836,B,mrac.z.xm,0.083512075
2.7836,B,path.active_path_mode,0
2.7836,B,path.circle_theta,0
2.7836,B,path.sinusoid_t_elapsed,0
2.7836,B,path.twc_arrived,0
2.7836,B,path.twc_target_x,0
2.7836,B,path.twc_target_y,0
2.7836,B,path.twc_target_z,0
2.7836,B,pid.gyrox.Des,10.35274
2.7836,B,pid.gyrox.FB,7.5327945
2.7836,B,pid.gyrox.U,-61.602905
2.7836,B,pid.gyroy.Des,-12.231734
2.7836,B,pid.gyroy.FB,-0.80288416
2.7836,B,pid.gyroy.U,-89.194382
2.7836,B,pid.gyroz.Des,-6.0732856
2.7836,B,pid.gyroz.FB,5.6084971
2.7836,B,pid.gyroz.U,-95.484207
2.7836,B,pid.locx.Des,19.198217
2.7836,B,pid.locx.FB,17.505693
2.7836,B,pid.locx.U,2.8339081
2.7836,B,pid.locxs.Des,2.8339081
2.7836,B,pid.locxs.FB,13.003392
2.7836,B,pid.locxs.U,-31.144979
2.7836,B,pid.locy.Des,17.858948
2.7836,B,pid.locy.FB,47.054852
2.7836,B,pid.locy.U,-25.476261
2.7836,B,pid.locys.Des,-25.476261
2.7836,B,pid.locys.FB,2.9852612
2.7836,B,pid.locys.U,-85.474358
2.7836,B,pid.pitch.Des,-4.9811172
2.7836,B,pid.pitch.FB,-0.85190886
2.7836,B,pid.pitch.U,-12.231734
2.7836,B,pid.roll.Des,1.8131919
2.7836,B,pid.roll.FB,-1.7145113
2.7836,B,pid.roll.U,10.35274
2.7836,B,pid.yaw.Des,-0.61393034
2.7836,B,pid.yaw.FB,0.064950556
2.7836,B,pid.yaw.U,-6.0732856
2.7836,B,pid.z_pos.Des,1.1495126
2.7836,B,pid.z_pos.FB,1.149358
2.7836,B,pid.z_pos.U,0.083512075
2.7836,B,pid.z_rate.Des,0.083512075
2.7836,B,pid.z_rate.FB,-0.080338284
2.7836,B,pid.z_rate.U,72.156372
2.7836,B,status.vbat,0
2.9377,ID,id.arm,1
2.9377,ID,id.mode,1
2.9377,ID,id.pitch.r,-0.19477329
2.9377,ID,id.pitch.u_ad,-0.030847929
2.9377,ID,id.pitch.u_nom,-0.12724112
2.9377,ID,id.pitch.x,-0.0045511499
2.9377,ID,id.pitch.xm,-0.19477329
2.9377,ID,id.roll.r,-0.3146106
2.9377,ID,id.roll.u_ad,0.12865525
2.9377,ID,id.roll.u_nom,-0.04470627
2.9377,ID,id.roll.x,-0.47895929
2.9377,ID,id.roll.xm,-0.3146106
2.9377,ID,id.sample_counter,373
2.9377,ID,id.sysid_state,4
2.9377,ID,id.vbat,0
2.9377,ID,id.yaw.r,-0.13409837
2.9377,ID,id.yaw.u_ad,-0.0080423513
2.9377,ID,id.yaw.u_nom,-0.01743082
2.9377,ID,id.yaw.x,-0.067363836
2.9377,ID,id.yaw.xm,-0.13409837
2.9377,ID,id.z.r,0.18540804
2.9377,ID,id.z.u_ad,0.98101979
2.9377,ID,id.z.u_nom,0.37674493
2.9377,ID,id.z.x,0.0024933422
2.9377,ID,id.z.xm,0.18540804
2.9392,ID,id.arm,1
2.9392,ID,id.mode,1
2.9392,ID,id.pitch.r,-0.19705203
2.9392,ID,id.pitch.u_ad,-0.030204756
2.9392,ID,id.pitch.u_nom,-0.066741496
2.9392,ID,id.pitch.x,-0.049496248
2.9392,ID,id.pitch.xm,-0.19705203
2.9392,ID,id.roll.r,-0.20394346
2.9392,ID,id.roll.u_ad,0.128988
2.9392,ID,id.roll.u_nom,0.17762208
2.9392,ID,id.roll.x,-0.57810348
2.9392,ID,id.roll.xm,-0.20394346
2.9392,ID,id.sample_counter,374
2.9392,ID,id.sysid_state,4
2.9392,ID,id.vbat,0
2.9392,ID,id.yaw.r,-0.13317667
2.9392,ID,id.yaw.u_ad,-0.007997348
2.9392,ID,id.yaw.u_nom,-0.030436195
2.9392,ID,id.yaw.x,-0.013167817
2.9392,ID,id.yaw.xm,-0.13317667
2.9392,ID,id.z.r,0.19304174
2.9392,ID,id.z.u_ad,0.99586439
2.9392,ID,id.z.u_nom,0.67095995
2.9392,ID,id.z.x,-0.15316232
2.9392,ID,id.z.xm,0.19304174
2.9407,ID,id.arm,1
2.9407,ID,id.mode,1
2.9407,ID,id.pitch.r,-0.18797867
2.9407,ID,id.pitch.u_ad,-0.030054191
2.9407,ID,id.pitch.u_nom,-0.12486085
2.9407,ID,id.pitch.x,0.022290971
2.9407,ID,id.pitch.xm,-0.18797867
2.9407,ID,id.roll.r,-0.25093961
2.9407,ID,id.roll.u_ad,0.12859868
2.9407,ID,id.roll.u_nom,0.077292852
2.9407,ID,id.roll.x,-0.50343525
2.9407,ID,id.roll.xm,-0.25093961
2.9407,ID,id.sample_counter,375
2.9407,ID,id.sysid_state,4
2.9407,ID,id.vbat,0
2.9407,ID,id.yaw.r,-0.13527286
2.9407,ID,id.yaw.u_ad,-0.0079938024
2.9407,ID,id.yaw.u_nom,-0.025380101
2.9407,ID,id.yaw.x,-0.035828933
2.9407,ID,id.yaw.xm,-0.13527286
2.9407,ID,id.z.r,0.19378351
2.9407,ID,id.z.u_ad,1.0030854
2.9407,ID,id.z.u_nom,0.56582683
2.9407,ID,id.z.x,-0.094071634
2.9407,ID,id.z.xm,0.19378351
2.9422,ID,id.arm,1
2.9422,ID,id.mode,1
2.9422,ID,id.pitch.r,-0.19405708
2.9422,ID,id.pitch.u_ad,-0.030046003
2.9422,ID,id.pitch.u_nom,-0.093557119
2.9422,ID,id.pitch.x,0.026788449
2.9422,ID,id.pitch.xm,-0.19405708
2.9422,ID,id.roll.r,-0.37724045
2.9422,ID,id.roll.u_ad,0.12776475
2.9422,ID,id.roll.u_nom,0.12692785
2.9422,ID,id.roll.x,-0.54436153
2.9422,ID,id.roll.xm,-0.37724045
2.9422,ID,id.sample_counter,376
2.9422,ID,id.sysid_state,4
2.9422,ID,id.vbat,0
2.9422,ID,id.yaw.r,-0.13707258
2.9422,ID,id.yaw.u_ad,-0.0080258604
2.9422,ID,id.yaw.u_nom,-0.035012234
2.9422,ID,id.yaw.x,0.001692038
2.9422,ID,id.yaw.xm,-0.13707258
2.9422,ID,id.z.r,0.19418545
2.9422,ID,id.z.u_ad,1.0037551
2.9422,ID,id.z.u_nom,0.51447994
2.9422,ID,id.z.x,-0.065172166
2.9422,ID,id.z.xm,0.19418545
2.9437,ID,id.arm,1
2.9437,ID,id.mode,1
2.9437,ID,id.pitch.r,-0.18158959
2.9437,ID,id.pitch.u_ad,-0.029000804
2.9437,ID,id.pitch.u_nom,0.021594239
2.9437,ID,id.pitch.x,-0.088051707
2.9437,ID,id.pitch.xm,-0.18158959
2.9437,ID,id.roll.r,-0.55666333
2.9437,ID,id.roll.u_ad,0.12700734
2.9437,ID,id.roll.u_nom,-0.078931212
2.9437,ID,id.roll.x,-0.54447663
2.9437,ID,id.roll.xm,-0.55666333
2.9437,ID,id.sample_counter,377
2.9437,ID,id.sysid_state,4
2.9437,ID,id.vbat,0
2.9437,ID,id.yaw.r,-0.13374472
2.9437,ID,id.yaw.u_ad,-0.0079955189
2.9437,ID,id.yaw.u_nom,-0.034361597
2.9437,ID,id.yaw.x,0.0020652432
2.9437,ID,id.yaw.xm,-0.13374472
2.9437,ID,id.z.r,0.20217599
2.9437,ID,id.z.u_ad,1.0211487
2.9437,ID,id.z.u_nom,0.78541666
2.9437,ID,id.z.x,-0.20755154
2.9437,ID,id.z.xm,0.20217599
2.9452,ID,id.arm,1
2.9452,ID,id.mode,1
2.9452,ID,id.pitch.r,-0.19841866
2.9452,ID,id.pitch.u_ad,-0.02933128
2.9452,ID,id.pitch.u_nom,0.017734032
2.9452,ID,id.pitch.x,-0.073303975
2.9452,ID,id.pitch.xm,-0.19841866
2.9452,ID,id.roll.r,-0.46071598
2.9452,ID,id.roll.u_ad,0.12823932
2.9452,ID,id.roll.u_nom,0.036751714
2.9452,ID,id.roll.x,-0.55911708
2.9452,ID,id.roll.xm,-0.46071598
2.9452,ID,id.sample_counter,378
2.9452,ID,id.sysid_state,4
2.9452,ID,id.vbat,0
2.9452,ID,id.yaw.r,-0.13162555
2.9452,ID,id.yaw.u_ad,-0.0079208501
2.9452,ID,id.yaw.u_nom,-0.032362208
2.9452,ID,id.yaw.x,-0.0037845315
2.9452,ID,id.yaw.xm,-0.13162555
2.9452,ID,id.z.r,0.20323437
2.9452,ID,id.z.u_ad,1.0291911
2.9452,ID,id.z.u_nom,0.65706056
2.9452,ID,id.z.x,-0.13525552
2.9452,ID,id.z.xm,0.20323437
2.9466,ID,id.arm,1
2.9466,ID,id.mode,1
2.9466,ID,id.pitch.r,-0.19027533
2.9466,ID,id.pitch.u_ad,-0.029411843
2.9466,ID,id.pitch.u_nom,0.0071441163
2.9466,ID,id.pitch.x,-0.042009726
2.9466,ID,id.pitch.xm,-0.19027533
2.9466,ID,id.roll.r,-0.32724765
2.9466,ID,id.roll.u_ad,0.12931652
2.9466,ID,id.roll.u_nom,-0.0081847459
2.9466,ID,id.roll.x,-0.46690461
2.9466,ID,id.roll.xm,-0.32724765
2.9466,ID,id.sample_counter,379
2.9466,ID,id.sysid_state,4
2.9466,ID,id.vbat,0
2.9466,ID,id.yaw.r,-0.13138428
2.9466,ID,id.yaw.u_ad,-0.0078840926
2.9466,ID,id.yaw.u_nom,-0.043741267
2.9466,ID,id.yaw.x,0.042771328
2.9466,ID,id.yaw.xm,-0.13138428
2.9466,ID,id.z.r,0.2037937
2.9466,ID,id.z.u_ad,1.0294412
2.9466,ID,id.z.u_nom,0.59318686
2.9466,ID,id.z.x,-0.099246264
2.9466,ID,id.z.xm,0.2037937
2.9481,ID,id.arm,1
2.9481,ID,id.mode,1
2.9481,ID,id.pitch.r,-0.18364514
2.9481,ID,id.pitch.u_ad,-0.030000586
2.9481,ID,id.pitch.u_nom,-0.1181187
2.9481,ID,id.pitch.x,0.05989169
2.9481,ID,id.pitch.xm,-0.18364514
2.9481,ID,id.roll.r,-0.31221172
2.9481,ID,id.roll.u_ad,0.12914526
2.9481,ID,id.roll.u_nom,0.0030797126
2.9481,ID,id.roll.x,-0.43277478
2.9481,ID,id.roll.xm,-0.31221172
2.9481,ID,id.sample_counter,380
2.9481,ID,id.sysid_state,4
2.9481,ID,id.vbat,0
2.9481,ID,id.yaw.r,-0.13011014
2.9481,ID,id.yaw.u_ad,-0.0078303535
2.9481,ID,id.yaw.u_nom,-0.017405221
2.9481,ID,id.yaw.x,-0.063324846
2.9481,ID,id.yaw.xm,-0.13011014
2.9481,ID,id.z.r,0.20496653
2.9481,ID,id.z.u_ad,1.0275134
2.9481,ID,id.z.u_nom,0.54964679
2.9481,ID,id.z.x,-0.073908709
2.9481,ID,id.z.xm,0.20496653
2.9496,ID,id.arm,1
2.9496,ID,id.mode,1
2.9496,ID,id.pitch.r,-0.19240116
2.9496,ID,id.pitch.u_ad,-0.029632751
2.9496,ID,id.pitch.u_nom,0.025456818
2.9496,ID,id.pitch.x,-0.049415652
2.9496,ID,id.pitch.xm,-0.19240116
2.9496,ID,id.roll.r,-0.30611327
2.9496,ID,id.roll.u_ad,0.1296353
2.9496,ID,id.roll.u_nom,0.039817762
2.9496,ID,id.roll.x,-0.45177543
2.9496,ID,id.roll.xm,-0.30611327
2.9496,ID,id.sample_counter,381
2.9496,ID,id.sysid_state,4
2.9496,ID,id.vbat,0
2.9496,ID,id.yaw.r,-0.12605122
2.9496,ID,id.yaw.u_ad,-0.0077082701
2.9496,ID,id.yaw.u_nom,-0.031620324
2.9496,ID,id.yaw.x,-0.0013642013
2.9496,ID,id.yaw.xm,-0.12605122
2.9496,ID,id.z.r,0.20621245
2.9496,ID,id.z.u_ad,1.0238708
2.9496,ID,id.z.u_nom,0.51264089
2.9496,ID,id.z.x,-0.052124526
2.9496,ID,id.z.xm,0.20621245
2.9518,ID,id.arm,1
2.9518,ID,id.mode,1
2.9518,ID,id.pitch.r,-0.19068375
2.9518,ID,id.pitch.u_ad,-0.030139919
2.9518,ID,id.pitch.u_nom,-0.12097677
2.9518,ID,id.pitch.x,0.054551955
2.9518,ID,id.pitch.xm,-0.19068375
2.9518,ID,id.roll.r,-0.37507972
2.9518,ID,id.roll.u_ad,0.12869181
2.9518,ID,id.roll.u_nom,0.07803645
2.9518,ID,id.roll.x,-0.46211579
2.9518,ID,id.roll.xm,-0.37507972
2.9518,ID,id.sample_counter,382
2.9518,ID,id.sysid_state,4
2.9518,ID,id.vbat,0
2.9518,ID,id.yaw.r,-0.12319931
2.9518,ID,id.yaw.u_ad,-0.007583241
2.9518,ID,id.yaw.u_nom,-0.0076478734
2.9518,ID,id.yaw.x,-0.096156202
2.9518,ID,id.yaw.xm,-0.12319931
2.9518,ID,id.z.r,0.20686102
2.9518,ID,id.z.u_ad,1.0212928
2.9518,ID,id.z.u_nom,0.49534836
2.9518,ID,id.z.x,-0.041878585
2.9518,ID,id.z.xm,0.20686102
2.9572,ID,id.arm,1
2.9572,ID,id.mode,1
2.9572,ID,id.pitch.r,-0.19369523
2.9572,ID,id.pitch.u_ad,-0.029950598
2.9572,ID,id.pitch.u_nom,-0.073772162
2.9572,ID,id.pitch.x,0.032533105
2.9572,ID,id.pitch.xm,-0.19369523
2.9572,ID,id.roll.r,-0.46148354
2.9572,ID,id.roll.u_ad,0.12948912
2.9572,ID,id.roll.u_nom,0.05348191
2.9572,ID,id.roll.x,-0.58803761
2.9572,ID,id.roll.xm,-0.46148354
2.9572,ID,id.sample_counter,383
2.9572,ID,id.sysid_state,4
2.9572,ID,id.vbat,0
2.9572,ID,id.yaw.r,-0.11614187
2.9572,ID,id.yaw.u_ad,-0.0073854835
2.9572,ID,id.yaw.u_nom,-0.027492775
2.9572,ID,id.yaw.x,-0.0083577251
2.9572,ID,id.yaw.xm,-0.11614187
2.9572,ID,id.z.r,0.20819892
2.9572,ID,id.z.u_ad,1.0192618
2.9572,ID,id.z.u_nom,0.48573261
2.9572,ID,id.z.x,-0.035203945
2.9572,ID,id.z.xm,0.20819892
2.9738,ID,id.arm,1
2.9738,ID,id.mode,1
2.9738,ID,id.pitch.r,-0.19408131
2.9738,ID,id.pitch.u_ad,-0.030687982
2.9738,ID,id.pitch.u_nom,-0.13290951
2.9738,ID,id.pitch.x,0.1054386
2.9738,ID,id.pitch.xm,-0.19408131
2.9738,ID,id.roll.r,-0.35676321
2.9738,ID,id.roll.u_ad,0.1302554
2.9738,ID,id.roll.u_nom,-0.063586302
2.9738,ID,id.roll.x,-0.39695388
2.9738,ID,id.roll.xm,-0.35676321
2.9738,ID,id.sample_counter,384
2.9738,ID,id.sysid_state,4
2.9738,ID,id.vbat,0
2.9738,ID,id.yaw.r,-0.11666465
2.9738,ID,id.yaw.u_ad,-0.0072278595
2.9738,ID,id.yaw.u_nom,-0.033421088
2.9738,ID,id.yaw.x,0.01543495
2.9738,ID,id.yaw.xm,-0.11666465
2.9738,ID,id.z.r,0.20963381
2.9738,ID,id.z.u_ad,1.0176382
2.9738,ID,id.z.u_nom,0.48075122
2.9738,ID,id.z.x,-0.031004367
2.9738,ID,id.z.xm,0.20963381
2.9854,A,mrac.pitch.e,0.052405611
2.9854,A,mrac.pitch.u_ad,-0.03203455
2.9854,A,mrac.roll.e,-0.15494034
2.9854,A,mrac.roll.u_ad,0.1569387
2.9854,A,mrac.yaw.e,0.14553335
2.9854,A,mrac.yaw.u_ad,-0.0056122229
2.9854,A,mrac.z.e,-0.13639829
2.9854,A,mrac.z.u_ad,0.65154296
2.9854,A,status.arm,1
2.9854,A,status.flymode,1
2.9854,A,status.rc_authority,0
2.9854,A,status.sbus_lost,0
2.9854,A,status.twc_arrived,0
2.9854,A,status.twc_execute,0
2.9855,B,mrac.pitch.theta_0,9.1096346e-25
2.9855,B,mrac.pitch.theta_1,0.0043900576
2.9855,B,mrac.pitch.theta_2,0.00039052742
2.9855,B,mrac.pitch.theta_3,0.00076791376
2.9855,B,mrac.pitch.theta_4,0.05256496
2.9855,B,mrac.pitch.theta_5,0.14142013
2.9855,B,mrac.pitch.u_nom,-0.076234512
2.9855,B,mrac.pitch.xm,-0.21348412
2.9855,B,mrac.roll.theta_0,0.14831175
2.9855,B,mrac.roll.theta_1,0.0016315561
2.9855,B,mrac.roll.theta_2,0.0034727852
2.9855,B,mrac.roll.theta_3,0.0002785284
2.9855,B,mrac.roll.theta_4,0.033332087
2.9855,B,mrac.roll.theta_5,0.039887998
2.9855,B,mrac.roll.u_nom,-0.052652057
2.9855,B,mrac.roll.xm,0.18068948
2.9855,B,mrac.yaw.theta_0,0.00027064836
2.9855,B,mrac.yaw.theta_1,0.0014738701
2.9855,B,mrac.yaw.theta_2,2.3952616e-05
2.9855,B,mrac.yaw.theta_3,0
2.9855,B,mrac.yaw.theta_4,0.014937497
2.9855,B,mrac.yaw.theta_5,0.053855266
2.9855,B,mrac.yaw.u_nom,-0.051006522
2.9855,B,mrac.yaw.xm,-0.10599887
2.9855,B,mrac.z.theta_0,0.58554208
2.9855,B,mrac.z.theta_1,0.0033673737
2.9855,B,mrac.z.theta_2,0.0064274729
2.9855,B,mrac.z.theta_3,0
2.9855,B,mrac.z.theta_4,0.19729561
2.9855,B,mrac.z.theta_5,0.18995114
2.9855,B,mrac.z.u_nom,0.32502872
2.9855,B,mrac.z.xm,0.083512075
2.9855,B,path.active_path_mode,0
2.9855,B,path.circle_theta,0
2.9855,B,path.sinusoid_t_elapsed,0
2.9855,B,path.twc_arrived,0
2.9855,B,path.twc_target_x,0
2.9855,B,path.twc_target_y,0
2.9855,B,path.twc_target_z,0
2.9855,B,pid.gyrox.Des,10.35274
2.9855,B,pid.gyrox.FB,7.5327945
2.9855,B,pid.gyrox.U,-61.602905
2.9855,B,pid.gyroy.Des,-12.231734
2.9855,B,pid.gyroy.FB,-0.80288416
2.9855,B,pid.gyroy.U,-89.194382
2.9855,B,pid.gyroz.Des,-6.0732856
2.9855,B,pid.gyroz.FB,5.6084971
2.9855,B,pid.gyroz.U,-95.484207
2.9855,B,pid.locx.Des,19.198217
2.9855,B,pid.locx.FB,17.505693
2.9855,B,pid.locx.U,2.8339081
2.9855,B,pid.locxs.Des,2.8339081
2.9855,B,pid.locxs.FB,13.003392
2.9855,B,pid.locxs.U,-31.144979
2.9855,B,pid.locy.Des,17.858948
2.9855,B,pid.locy.FB,47.054852
2.9855,B,pid.locy.U,-25.476261
2.9855,B,pid.locys.Des,-25.476261
2.9855,B,pid.locys.FB,2.9852612
2.9855,B,pid.locys.U,-85.474358
2.9855,B,pid.pitch.Des,-4.9811172
2.9855,B,pid.pitch.FB,-0.85190886
2.9855,B,pid.pitch.U,-12.231734
2.9855,B,pid.roll.Des,1.8131919
2.9855,B,pid.roll.FB,-1.7145113
2.9855,B,pid.roll.U,10.35274
2.9855,B,pid.yaw.Des,-0.61393034
2.9855,B,pid.yaw.FB,0.064950556
2.9855,B,pid.yaw.U,-6.0732856
2.9855,B,pid.z_pos.Des,1.1495126
2.9855,B,pid.z_pos.FB,1.149358
2.9855,B,pid.z_pos.U,0.083512075
2.9855,B,pid.z_rate.Des,0.083512075
2.9855,B,pid.z_rate.FB,-0.080338284
2.9855,B,pid.z_rate.U,72.156372
2.9855,B,status.vbat,0
2.9929,ID,id.arm,1
2.9929,ID,id.mode,1
2.9929,ID,id.pitch.r,-0.20022459
2.9929,ID,id.pitch.u_ad,-0.030502394
2.9929,ID,id.pitch.u_nom,-0.046997182
2.9929,ID,id.pitch.x,0.001492155
2.9929,ID,id.pitch.xm,-0.20022459
2.9929,ID,id.roll.r,-0.32516685
2.9929,ID,id.roll.u_ad,0.13144097
2.9929,ID,id.roll.u_nom,0.12543687
2.9929,ID,id.roll.x,-0.55197418
2.9929,ID,id.roll.xm,-0.32516685
2.9929,ID,id.sample_counter,385
2.9929,ID,id.sysid_state,4
2.9929,ID,id.vbat,0
2.9929,ID,id.yaw.r,-0.11778315
2.9929,ID,id.yaw.u_ad,-0.0071631917
2.9929,ID,id.yaw.u_nom,-0.033702843
2.9929,ID,id.yaw.x,0.015514168
2.9929,ID,id.yaw.xm,-0.11778315
2.9929,ID,id.z.r,0.21035935
2.9929,ID,id.z.u_ad,1.0171303
2.9929,ID,id.z.u_nom,0.47824681
2.9929,ID,id.z.x,-0.028888898
2.9929,ID,id.z.xm,0.21035935
3.0071,ID,id.arm,1
3.0071,ID,id.mode,1
3.0071,ID,id.pitch.r,-0.19214106
3.0071,ID,id.pitch.u_ad,-0.029677343
3.0071,ID,id.pitch.u_nom,0.031785667
3.0071,ID,id.pitch.x,-0.09537901
3.0071,ID,id.pitch.xm,-0.19214106
3.0071,ID,id.roll.r,-0.29841998
3.0071,ID,id.roll.u_ad,0.13176018
3.0071,ID,id.roll.u_nom,0.15223406
3.0071,ID,id.roll.x,-0.56904137
3.0071,ID,id.roll.xm,-0.29841998
3.0071,ID,id.sample_counter,386
3.0071,ID,id.sysid_state,4
3.0071,ID,id.vbat,0
3.0071,ID,id.yaw.r,-0.11681166
3.0071,ID,id.yaw.u_ad,-0.0070967856
3.0071,ID,id.yaw.u_nom,-0.014961445
3.0071,ID,id.yaw.x,-0.060029943
3.0071,ID,id.yaw.xm,-0.11681166
3.0071,ID,id.z.r,0.21187742
3.0071,ID,id.z.u_ad,1.0173181
3.0071,ID,id.z.u_nom,0.48201796
3.0071,ID,id.z.x,-0.029463807
3.0071,ID,id.z.xm,0.21187742
3.0340,ID,id.arm,1
3.0340,ID,id.mode,1
3.0340,ID,id.pitch.r,-0.19431093
3.0340,ID,id.pitch.u_ad,-0.029941728
3.0340,ID,id.pitch.u_nom,-0.12268528
3.0340,ID,id.pitch.x,0.022293748
3.0340,ID,id.pitch.xm,-0.19431093
3.0340,ID,id.roll.r,-0.34691688
3.0340,ID,id.roll.u_ad,0.13193743
3.0340,ID,id.roll.u_nom,0.064807311
3.0340,ID,id.roll.x,-0.48733234
3.0340,ID,id.roll.xm,-0.34691688
3.0340,ID,id.sample_counter,387
3.0340,ID,id.sysid_state,4
3.0340,ID,id.vbat,0
3.0340,ID,id.yaw.r,-0.11230888
3.0340,ID,id.yaw.u_ad,-0.0069390121
3.0340,ID,id.yaw.u_nom,-0.025798146
3.0340,ID,id.yaw.x,-0.011281149
3.0340,ID,id.yaw.xm,-0.11230888
3.0340,ID,id.z.r,0.21342646
3.0340,ID,id.z.u_ad,1.0183928
3.0340,ID,id.z.u_nom,0.48529384
3.0340,ID,id.z.x,-0.029732885
3.0340,ID,id.z.xm,0.21342646
3.0405,ID,id.arm,1
3.0405,ID,id.mode,1
3.0405,ID,id.pitch.r,-0.19477357
3.0405,ID,id.pitch.u_ad,-0.029572027
3.0405,ID,id.pitch.u_nom,-0.014704809
3.0405,ID,id.pitch.x,-0.03818655
3.0405,ID,id.pitch.xm,-0.19477357
3.0405,ID,id.roll.r,-0.30441463
3.0405,ID,id.roll.u_ad,0.13289571
3.0405,ID,id.roll.u_nom,0.14955369
3.0405,ID,id.roll.x,-0.56408912
3.0405,ID,id.roll.xm,-0.30441463
3.0405,ID,id.sample_counter,388
3.0405,ID,id.sysid_state,4
3.0405,ID,id.vbat,0
3.0405,ID,id.yaw.r,-0.11092989
3.0405,ID,id.yaw.u_ad,-0.0068471846
3.0405,ID,id.yaw.u_nom,-0.027057452
3.0405,ID,id.yaw.x,-0.0048937621
3.0405,ID,id.yaw.xm,-0.11092989
3.0405,ID,id.z.r,0.21422131
3.0405,ID,id.z.u_ad,1.0196217
3.0405,ID,id.z.u_nom,0.48897171
3.0405,ID,id.z.x,-0.030979248
3.0405,ID,id.z.xm,0.21422131
3.0571,ID,id.arm,1
3.0571,ID,id.mode,1
3.0571,ID,id.pitch.r,-0.19325596
3.0571,ID,id.pitch.u_ad,-0.029607376
3.0571,ID,id.pitch.u_nom,0.0018000709
3.0571,ID,id.pitch.x,-0.047492586
3.0571,ID,id.pitch.xm,-0.19325596
3.0571,ID,id.roll.r,-0.32045648
3.0571,ID,id.roll.u_ad,0.13259728
3.0571,ID,id.roll.u_nom,-0.075484291
3.0571,ID,id.roll.x,-0.35920942
3.0571,ID,id.roll.xm,-0.32045648
3.0571,ID,id.sample_counter,389
3.0571,ID,id.sysid_state,4
3.0571,ID,id.vbat,0
3.0571,ID,id.yaw.r,-0.11261946
3.0571,ID,id.yaw.u_ad,-0.0068081911
3.0571,ID,id.yaw.u_nom,-0.041034646
3.0571,ID,id.yaw.x,0.05049431
3.0571,ID,id.yaw.xm,-0.11261946
3.0571,ID,id.z.r,0.21588305
3.0571,ID,id.z.u_ad,1.0212137
3.0571,ID,id.z.u_nom,0.49549222
3.0571,ID,id.z.x,-0.032936387
3.0571,ID,id.z.xm,0.21588305
3.0737,ID,id.arm,1
3.0737,ID,id.mode,1
3.0737,ID,id.pitch.r,-0.1969482
3.0737,ID,id.pitch.u_ad,-0.029753277
3.0737,ID,id.pitch.u_nom,0.011558771
3.0737,ID,id.pitch.x,-0.025697678
3.0737,ID,id.pitch.xm,-0.1969482
3.0737,ID,id.roll.r,-0.22181258
3.0737,ID,id.roll.u_ad,0.13458827
3.0737,ID,id.roll.u_nom,0.17700963
3.0737,ID,id.roll.x,-0.59363687
3.0737,ID,id.roll.xm,-0.22181258
3.0737,ID,id.sample_counter,390
3.0737,ID,id.sysid_state,4
3.0737,ID,id.vbat,0
3.0737,ID,id.yaw.r,-0.113041
3.0737,ID,id.yaw.u_ad,-0.0067792004
3.0737,ID,id.yaw.u_nom,-0.039013788
3.0737,ID,id.yaw.x,0.041819975
3.0737,ID,id.yaw.xm,-0.113041
3.0737,ID,id.z.r,0.21752357
3.0737,ID,id.z.u_ad,1.023657
3.0737,ID,id.z.u_nom,0.50075811
3.0737,ID,id.z.x,-0.034218438
3.0737,ID,id.z.xm,0.21752357
3.0902,ID,id.arm,1
3.0902,ID,id.mode,1
3.0902,ID,id.pitch.r,-0.19088727
3.0902,ID,id.pitch.u_ad,-0.029640425
3.0902,ID,id.pitch.u_nom,0.031834926
3.0902,ID,id.pitch.x,-0.065976478
3.0902,ID,id.pitch.xm,-0.19088727
3.0902,ID,id.roll.r,-0.27128476
3.0902,ID,id.roll.u_ad,0.13420436
3.0902,ID,id.roll.u_nom,-0.0564944
3.0902,ID,id.roll.x,-0.34635377
3.0902,ID,id.roll.xm,-0.27128476
3.0902,ID,id.sample_counter,391
3.0902,ID,id.sysid_state,4
3.0902,ID,id.vbat,0
3.0902,ID,id.yaw.r,-0.11630218
3.0902,ID,id.yaw.u_ad,-0.0068169013
3.0902,ID,id.yaw.u_nom,-0.033003461
3.0902,ID,id.yaw.x,0.014137252
3.0902,ID,id.yaw.xm,-0.11630218
3.0902,ID,id.z.r,0.21835609
3.0902,ID,id.z.u_ad,1.025794
3.0902,ID,id.z.u_nom,0.50749844
3.0902,ID,id.z.x,-0.037126832
3.0902,ID,id.z.xm,0.21835609
3.1114,ID,id.arm,1
3.1114,ID,id.mode,1
3.1114,ID,id.pitch.r,-0.18401302
3.1114,ID,id.pitch.u_ad,-0.030333394
3.1114,ID,id.pitch.u_nom,-0.13230661
3.1114,ID,id.pitch.x,0.051168095
3.1114,ID,id.pitch.xm,-0.18401302
3.1114,ID,id.roll.r,-0.31100377
3.1114,ID,id.roll.u_ad,0.13393945
3.1114,ID,id.roll.u_nom,-0.081055053
3.1114,ID,id.roll.x,-0.30555943
3.1114,ID,id.roll.xm,-0.31100377
3.1114,ID,id.sample_counter,392
3.1114,ID,id.sysid_state,4
3.1114,ID,id.vbat,0
3.1114,ID,id.yaw.r,-0.11272442
3.1114,ID,id.yaw.u_ad,-0.0067734001
3.1114,ID,id.yaw.u_nom,-0.014735532
3.1114,ID,id.yaw.x,-0.056894355
3.1114,ID,id.yaw.xm,-0.11272442
3.1114,ID,id.z.r,0.21297826
3.1114,ID,id.z.u_ad,1.0095417
3.1114,ID,id.z.u_nom,0.20523404
3.1114,ID,id.z.x,0.12547423
3.1114,ID,id.z.xm,0.21297826
3.1239,ID,id.arm,1
3.1239,ID,id.mode,1
3.1239,ID,id.pitch.r,-0.19472373
3.1239,ID,id.pitch.u_ad,-0.030081911
3.1239,ID,id.pitch.u_nom,0.047383573
3.1239,ID,id.pitch.x,-0.041021798
3.1239,ID,id.pitch.xm,-0.19472373
3.1239,ID,id.roll.r,-0.32822144
3.1239,ID,id.roll.u_ad,0.13488491
3.1239,ID,id.roll.u_nom,-0.084555298
3.1239,ID,id.roll.x,-0.32993516
3.1239,ID,id.roll.xm,-0.32822144
3.1239,ID,id.sample_counter,393
3.1239,ID,id.sysid_state,4
3.1239,ID,id.vbat,0
3.1239,ID,id.yaw.r,-0.11027903
3.1239,ID,id.yaw.u_ad,-0.0067041041
3.1239,ID,id.yaw.u_nom,-0.033293243
3.1239,ID,id.yaw.x,0.021194028
3.1239,ID,id.yaw.xm,-0.11027903
3.1239,ID,id.z.r,0.21468203
3.1239,ID,id.z.u_ad,1.0020287
3.1239,ID,id.z.u_nom,0.31466344
3.1239,ID,id.z.x,0.066444688
3.1239,ID,id.z.xm,0.21468203
3.1405,ID,id.arm,1
3.1405,ID,id.mode,1
3.1405,ID,id.pitch.r,-0.1901606
3.1405,ID,id.pitch.u_ad,-0.030595813
3.1405,ID,id.pitch.u_nom,-0.1049235
3.1405,ID,id.pitch.x,0.064512342
3.1405,ID,id.pitch.xm,-0.1901606
3.1405,ID,id.roll.r,-0.26499665
3.1405,ID,id.roll.u_ad,0.13535503
3.1405,ID,id.roll.u_nom,-0.017815504
3.1405,ID,id.roll.x,-0.3390592
3.1405,ID,id.roll.xm,-0.26499665
3.1405,ID,id.sample_counter,394
3.1405,ID,id.sysid_state,4
3.1405,ID,id.vbat,0
3.1405,ID,id.yaw.r,-0.11102096
3.1405,ID,id.yaw.u_ad,-0.0066742757
3.1405,ID,id.yaw.u_nom,-0.026834853
3.1405,ID,id.yaw.x,-0.0057147853
3.1405,ID,id.yaw.xm,-0.11102096
3.1405,ID,id.z.r,0.21549818
3.1405,ID,id.z.u_ad,1.0023291
3.1405,ID,id.z.u_nom,0.36724907
3.1405,ID,id.z.x,0.038075812
3.1405,ID,id.z.xm,0.21549818
3.1571,ID,id.arm,1
3.1571,ID,id.mode,1
3.1571,ID,id.pitch.r,-0.20537972
3.1571,ID,id.pitch.u_ad,-0.031239044
3.1571,ID,id.pitch.u_nom,-0.12154429
3.1571,ID,id.pitch.x,0.092128716
3.1571,ID,id.pitch.xm,-0.20537972
3.1571,ID,id.roll.r,-0.32855073
3.1571,ID,id.roll.u_ad,0.1366818
3.1571,ID,id.roll.u_nom,0.14218074
3.1571,ID,id.roll.x,-0.55813879
3.1571,ID,id.roll.xm,-0.32855073
3.1571,ID,id.sample_counter,395
3.1571,ID,id.sysid_state,4
3.1571,ID,id.vbat,0
3.1571,ID,id.yaw.r,-0.11185139
3.1571,ID,id.yaw.u_ad,-0.0066722212
3.1571,ID,id.yaw.u_nom,-0.027401811
3.1571,ID,id.yaw.x,-0.0042526051
3.1571,ID,id.yaw.xm,-0.11185139
3.1571,ID,id.z.r,0.21714489
3.1571,ID,id.z.u_ad,1.005397
3.1571,ID,id.z.u_nom,0.41000924
3.1571,ID,id.z.x,0.015990641
3.1571,ID,id.z.xm,0.21714489
3.1737,ID,id.arm,1
3.1737,ID,id.mode,1
3.1737,ID,id.pitch.r,-0.20361346
3.1737,ID,id.pitch.u_ad,-0.031794842
3.1737,ID,id.pitch.u_nom,-0.11847584
3.1737,ID,id.pitch.x,0.083663762
3.1737,ID,id.pitch.xm,-0.20361346
3.1737,ID,id.roll.r,-0.3109163
3.1737,ID,id.roll.u_ad,0.13679047
3.1737,ID,id.roll.u_nom,-0.086625166
3.1737,ID,id.roll.x,-0.30419001
3.1737,ID,id.roll.xm,-0.3109163
3.1737,ID,id.sample_counter,396
3.1737,ID,id.sysid_state,4
3.1737,ID,id.vbat,0
3.1737,ID,id.yaw.r,-0.1159967
3.1737,ID,id.yaw.u_ad,-0.0067502088
3.1737,ID,id.yaw.u_nom,-0.042179316
3.1737,ID,id.yaw.x,0.051853511
3.1737,ID,id.yaw.xm,-0.1159967
3.1737,ID,id.z.r,0.21893038
3.1737,ID,id.z.u_ad,1.0116045
3.1737,ID,id.z.u_nom,0.45360991
3.1737,ID,id.z.x,-0.0064222524
3.1737,ID,id.z.xm,0.21893038
3.1852,A,mrac.pitch.e,0.052405611
3.1852,A,mrac.pitch.u_ad,-0.03203455
3.1852,A,mrac.roll.e,-0.15494034
3.1852,A,mrac.roll.u_ad,0.1569387
3.1852,A,mrac.yaw.e,0.14553335
3.1852,A,mrac.yaw.u_ad,-0.0056122229
3.1852,A,mrac.z.e,-0.13639829
3.1852,A,mrac.z.u_ad,0.65154296
3.1852,A,status.arm,1
3.1852,A,status.flymode,1
3.1852,A,status.rc_authority,0
3.1852,A,status.sbus_lost,0
3.1852,A,status.twc_arrived,0
3.1852,A,status.twc_execute,0
3.1853,B,mrac.pitch.theta_0,9.1096346e-25
3.1853,B,mrac.pitch.theta_1,0.0043900576
3.1853,B,mrac.pitch.theta_2,0.00039052742
3.1853,B,mrac.pitch.theta_3,0.00076791376
3.1853,B,mrac.pitch.theta_4,0.05256496
3.1853,B,mrac.pitch.theta_5,0.14142013
3.1853,B,mrac.pitch.u_nom,-0.076234512
3.1853,B,mrac.pitch.xm,-0.21348412
3.1853,B,mrac.roll.theta_0,0.14831175
3.1853,B,mrac.roll.theta_1,0.0016315561
3.1853,B,mrac.roll.theta_2,0.0034727852
3.1853,B,mrac.roll.theta_3,0.0002785284
3.1853,B,mrac.roll.theta_4,0.033332087
3.1853,B,mrac.roll.theta_5,0.039887998
3.1853,B,mrac.roll.u_nom,-0.052652057
3.1853,B,mrac.roll.xm,0.18068948
3.1853,B,mrac.yaw.theta_0,0.00027064836
3.1853,B,mrac.yaw.theta_1,0.0014738701
3.1853,B,mrac.yaw.theta_2,2.3952616e-05
3.1853,B,mrac.yaw.theta_3,0
3.1853,B,mrac.yaw.theta_4,0.014937497
3.1853,B,mrac.yaw.theta_5,0.053855266
3.1853,B,mrac.yaw.u_nom,-0.051006522
3.1853,B,mrac.yaw.xm,-0.10599887
3.1853,B,mrac.z.theta_0,0.58554208
3.1853,B,mrac.z.theta_1,0.0033673737
3.1853,B,mrac.z.theta_2,0.0064274729
3.1853,B,mrac.z.theta_3,0
3.1853,B,mrac.z.theta_4,0.19729561
3.1853,B,mrac.z.theta_5,0.18995114
3.1853,B,mrac.z.u_nom,0.32502872
3.1853,B,mrac.z.xm,0.083512075
3.1853,B,path.active_path_mode,0
3.1853,B,path.circle_theta,0
3.1853,B,path.sinusoid_t_elapsed,0
3.1853,B,path.twc_arrived,0
3.1853,B,path.twc_target_x,0
3.1853,B,path.twc_target_y,0
3.1853,B,path.twc_target_z,0
3.1853,B,pid.gyrox.Des,10.35274
3.1853,B,pid.gyrox.FB,7.5327945
3.1853,B,pid.gyrox.U,-61.602905
3.1853,B,pid.gyroy.Des,-12.231734
3.1853,B,pid.gyroy.FB,-0.80288416
3.1853,B,pid.gyroy.U,-89.194382
3.1853,B,pid.gyroz.Des,-6.0732856
3.1853,B,pid.gyroz.FB,5.6084971
3.1853,B,pid.gyroz.U,-95.484207
3.1853,B,pid.locx.Des,19.198217
3.1853,B,pid.locx.FB,17.505693
3.1853,B,pid.locx.U,2.8339081
3.1853,B,pid.locxs.Des,2.8339081
3.1853,B,pid.locxs.FB,13.003392
3.1853,B,pid.locxs.U,-31.144979
3.1853,B,pid.locy.Des,17.858948
3.1853,B,pid.locy.FB,47.054852
3.1853,B,pid.locy.U,-25.476261
3.1853,B,pid.locys.Des,-25.476261
3.1853,B,pid.locys.FB,2.9852612
3.1853,B,pid.locys.U,-85.474358
3.1853,B,pid.pitch.Des,-4.9811172
3.1853,B,pid.pitch.FB,-0.85190886
3.1853,B,pid.pitch.U,-12.231734
3.1853,B,pid.roll.Des,1.8131919
3.1853,B,pid.roll.FB,-1.7145113
3.1853,B,pid.roll.U,10.35274
3.1853,B,pid.yaw.Des,-0.61393034
3.1853,B,pid.yaw.FB,0.064950556
3.1853,B,pid.yaw.U,-6.0732856
3.1853,B,pid.z_pos.Des,1.1495126
3.1853,B,pid.z_pos.FB,1.149358
3.1853,B,pid.z_pos.U,0.083512075
3.1853,B,pid.z_rate.Des,0.083512075
3.1853,B,pid.z_rate.FB,-0.080338284
3.1853,B,pid.z_rate.U,72.156372
3.1853,B,status.vbat,0
3.2111,ID,id.arm,1
3.2111,ID,id.mode,1
3.2111,ID,id.pitch.r,-0.23021874
3.2111,ID,id.pitch.u_ad,-0.034855802
3.2111,ID,id.pitch.u_nom,-0.10531116
3.2111,ID,id.pitch.x,0.10474232
3.2111,ID,id.pitch.xm,-0.23021874
3.2111,ID,id.roll.r,-0.20980474
3.2111,ID,id.roll.u_ad,0.13852181
3.2111,ID,id.roll.u_nom,0.1472874
3.2111,ID,id.roll.x,-0.48360705
3.2111,ID,id.roll.xm,-0.20980474
3.2111,ID,id.sample_counter,397
3.2111,ID,id.sysid_state,4
3.2111,ID,id.vbat,0
3.2111,ID,id.yaw.r,-0.11928194
3.2111,ID,id.yaw.u_ad,-0.0068478901
3.2111,ID,id.yaw.u_nom,-0.035731472
3.2111,ID,id.yaw.x,0.022315118
3.2111,ID,id.yaw.xm,-0.11928194
3.2111,ID,id.z.r,0.21982537
3.2111,ID,id.z.u_ad,1.0167128
3.2111,ID,id.z.u_nom,0.47346166
3.2111,ID,id.z.x,-0.016544981
3.2111,ID,id.z.xm,0.21982537
3.2117,ID,id.arm,1
3.2117,ID,id.mode,1
3.2117,ID,id.pitch.r,-0.2188668
3.2117,ID,id.pitch.u_ad,-0.033229105
3.2117,ID,id.pitch.u_nom,-0.016691094
3.2117,ID,id.pitch.x,-0.021541258
3.2117,ID,id.pitch.xm,-0.2188668
3.2117,ID,id.roll.r,-0.047176037
3.2117,ID,id.roll.u_ad,0.13973293
3.2117,ID,id.roll.u_nom,0.17813659
3.2117,ID,id.roll.x,-0.42362383
3.2117,ID,id.roll.xm,-0.047176037
3.2117,ID,id.sample_counter,398
3.2117,ID,id.sysid_state,4
3.2117,ID,id.vbat,0
3.2117,ID,id.yaw.r,-0.11998592
3.2117,ID,id.yaw.u_ad,-0.0069281147
3.2117,ID,id.yaw.u_nom,-0.036942031
3.2117,ID,id.yaw.x,0.0264787
3.2117,ID,id.yaw.xm,-0.11998592
3.2117,ID,id.z.r,0.21452814
3.2117,ID,id.z.u_ad,1.0036182
3.2117,ID,id.z.u_nom,0.19185716
3.2117,ID,id.z.x,0.13463713
3.2117,ID,id.z.xm,0.21452814
3.2230,ID,id.arm,1
3.2230,ID,id.mode,1
3.2230,ID,id.pitch.r,-0.20908192
3.2230,ID,id.pitch.u_ad,-0.033158306
3.2230,ID,id.pitch.u_nom,-0.07611265
3.2230,ID,id.pitch.x,-0.0037162146
3.2230,ID,id.pitch.xm,-0.20908192
3.2230,ID,id.roll.r,-0.030206684
3.2230,ID,id.roll.u_ad,0.14078817
3.2230,ID,id.roll.u_nom,0.17107898
3.2230,ID,id.roll.x,-0.37783068
3.2230,ID,id.roll.xm,-0.030206684
3.2230,ID,id.sample_counter,399
3.2230,ID,id.sysid_state,4
3.2230,ID,id.vbat,0
3.2230,ID,id.yaw.r,-0.12080061
3.2230,ID,id.yaw.u_ad,-0.0070165279
3.2230,ID,id.yaw.u_nom,-0.019478843
3.2230,ID,id.yaw.x,-0.045569945
3.2230,ID,id.yaw.xm,-0.12080061
3.2230,ID,id.z.r,0.2161337
3.2230,ID,id.z.u_ad,0.99950677
3.2230,ID,id.z.u_nom,0.30476859
3.2230,ID,id.z.x,0.073682673
3.2230,ID,id.z.xm,0.2161337
3.2396,ID,id.arm,1
3.2396,ID,id.mode,1
3.2396,ID,id.pitch.r,-0.21070014
3.2396,ID,id.pitch.u_ad,-0.033021037
3.2396,ID,id.pitch.u_nom,-0.090039276
3.2396,ID,id.pitch.x,0.0017491524
3.2396,ID,id.pitch.xm,-0.21070014
3.2396,ID,id.roll.r,-0.18359819
3.2396,ID,id.roll.u_ad,0.13996623
3.2396,ID,id.roll.u_nom,0.1390228
3.2396,ID,id.roll.x,-0.4003028
3.2396,ID,id.roll.xm,-0.18359819
3.2396,ID,id.sample_counter,400
3.2396,ID,id.sysid_state,4
3.2396,ID,id.vbat,0
3.2396,ID,id.yaw.r,-0.12117952
3.2396,ID,id.yaw.u_ad,-0.0070623844
3.2396,ID,id.yaw.u_nom,-0.032218844
3.2396,ID,id.yaw.x,0.0060862652
3.2396,ID,id.yaw.xm,-0.12117952
3.2396,ID,id.z.r,0.21693559
3.2396,ID,id.z.u_ad,1.0018173
3.2396,ID,id.z.u_nom,0.36385471
3.2396,ID,id.z.x,0.041691791
3.2396,ID,id.z.xm,0.21693559
3.2562,ID,id.arm,1
3.2562,ID,id.mode,1
3.2562,ID,id.pitch.r,-0.21543518
3.2562,ID,id.pitch.u_ad,-0.032946937
3.2562,ID,id.pitch.u_nom,-0.043373179
3.2562,ID,id.pitch.x,-0.020082643
3.2562,ID,id.pitch.xm,-0.21543518
3.2562,ID,id.roll.r,-0.28609946
3.2562,ID,id.roll.u_ad,0.14022459
3.2562,ID,id.roll.u_nom,-0.081574485
3.2562,ID,id.roll.x,-0.2999731
3.2562,ID,id.roll.xm,-0.28609946
3.2562,ID,id.sample_counter,401
3.2562,ID,id.sysid_state,4
3.2562,ID,id.vbat,0
3.2562,ID,id.yaw.r,-0.12440034
3.2562,ID,id.yaw.u_ad,-0.0071564149
3.2562,ID,id.yaw.u_nom,-0.037875742
3.2562,ID,id.yaw.x,0.025980635
3.2562,ID,id.yaw.xm,-0.12440034
3.2562,ID,id.z.r,0.21857657
3.2562,ID,id.z.u_ad,1.0063897
3.2562,ID,id.z.u_nom,0.40858939
3.2562,ID,id.z.x,0.018505
3.2562,ID,id.z.xm,0.21857657
3.2730,ID,id.arm,1
3.2730,ID,id.mode,1
3.2730,ID,id.pitch.r,-0.17204754
3.2730,ID,id.pitch.u_ad,-0.034126006
3.2730,ID,id.pitch.u_nom,-0.033321213
3.2730,ID,id.pitch.x,0.013315379
3.2730,ID,id.pitch.xm,-0.17204754
3.2730,ID,id.roll.r,-0.27238086
3.2730,ID,id.roll.u_ad,0.14124449
3.2730,ID,id.roll.u_nom,-0.053209126
3.2730,ID,id.roll.x,-0.33239788
3.2730,ID,id.roll.xm,-0.27238086
3.2730,ID,id.sample_counter,402
3.2730,ID,id.sysid_state,4
3.2730,ID,id.vbat,0
3.2730,ID,id.yaw.r,-0.12778211
3.2730,ID,id.yaw.u_ad,-0.0073006637
3.2730,ID,id.yaw.u_nom,-0.03049908
3.2730,ID,id.yaw.x,-0.0074695982
3.2730,ID,id.yaw.xm,-0.12778211
3.2730,ID,id.z.r,0.2201589
3.2730,ID,id.z.u_ad,1.0137354
3.2730,ID,id.z.u_nom,0.44788802
3.2730,ID,id.z.x,-0.0017233836
3.2730,ID,id.z.xm,0.2201589
3.2895,ID,id.arm,1
3.2895,ID,id.mode,1
3.2895,ID,id.pitch.r,-0.22597277
3.2895,ID,id.pitch.u_ad,-0.034182049
3.2895,ID,id.pitch.u_nom,-0.041023687
3.2895,ID,id.pitch.x,-0.028749833
3.2895,ID,id.pitch.xm,-0.22597277
3.2895,ID,id.roll.r,-0.10108878
3.2895,ID,id.roll.u_ad,0.14357725
3.2895,ID,id.roll.u_nom,0.015570636
3.2895,ID,id.roll.x,-0.3461051
3.2895,ID,id.roll.xm,-0.10108878
3.2895,ID,id.sample_counter,403
3.2895,ID,id.sysid_state,4
3.2895,ID,id.vbat,0
3.2895,ID,id.yaw.r,-0.12969269
3.2895,ID,id.yaw.u_ad,-0.0074123614
3.2895,ID,id.yaw.u_nom,-0.047050327
3.2895,ID,id.yaw.x,0.058109827
3.2895,ID,id.yaw.xm,-0.12969269
3.2895,ID,id.z.r,0.220965
3.2895,ID,id.z.u_ad,1.0194197
3.2895,ID,id.z.u_nom,0.46600074
3.2895,ID,id.z.x,-0.010969853
3.2895,ID,id.z.xm,0.220965
3.3063,ID,id.arm,1
3.3063,ID,id.mode,1
3.3063,ID,id.pitch.r,-0.21785495
3.3063,ID,id.pitch.u_ad,-0.034174357
3.3063,ID,id.pitch.u_nom,0.00061012985
3.3063,ID,id.pitch.x,-0.058986507
3.3063,ID,id.pitch.xm,-0.21785495
3.3063,ID,id.roll.r,0.045775965
3.3063,ID,id.roll.u_ad,0.14458454
3.3063,ID,id.roll.u_nom,0.18925087
3.3063,ID,id.roll.x,-0.37603599
3.3063,ID,id.roll.xm,0.045775965
3.3063,ID,id.sample_counter,404
3.3063,ID,id.sysid_state,4
3.3063,ID,id.vbat,0
3.3063,ID,id.yaw.r,-0.13104099
3.3063,ID,id.yaw.u_ad,-0.0075165173
3.3063,ID,id.yaw.u_nom,-0.022072569
3.3063,ID,id.yaw.x,-0.045195751
3.3063,ID,id.yaw.xm,-0.13104099
3.3063,ID,id.z.r,0.21544129
3.3063,ID,id.z.u_ad,1.006441
3.3063,ID,id.z.u_nom,0.17990766
3.3063,ID,id.z.x,0.14245507
3.3063,ID,id.z.xm,0.21544129
3.3999,A,mrac.pitch.e,0.24333636
3.3999,A,mrac.pitch.u_ad,-0.035615355
3.3999,A,mrac.roll.e,-0.26296398
3.3999,A,mrac.roll.u_ad,0.14852618
3.3999,A,mrac.yaw.e,0.10484606
3.3999,A,mrac.yaw.u_ad,-0.0075060641
3.3999,A,mrac.z.e,-0.13952546
3.3999,A,mrac.z.u_ad,0.99087274
3.3999,A,status.arm,1
3.3999,A,status.flymode,1
3.3999,A,status.rc_authority,0
3.3999,A,status.sbus_lost,0
3.3999,A,status.twc_arrived,0
3.3999,A,status.twc_execute,0
3.4000,B,mrac.pitch.theta_0,1.0549648e-07
3.4000,B,mrac.pitch.theta_1,0.0042963843
3.4000,B,mrac.pitch.theta_2,0.00037945333
3.4000,B,mrac.pitch.theta_3,0.00083837874
3.4000,B,mrac.pitch.theta_4,0.054218907
3.4000,B,mrac.pitch.theta_5,0.14208822
3.4000,B,mrac.pitch.u_nom,-0.047065262
3.4000,B,mrac.pitch.xm,-0.23761244
3.4000,B,mrac.roll.theta_0,0.14779967
3.4000,B,mrac.roll.theta_1,0.0015068871
3.4000,B,mrac.roll.theta_2,0.003848938
3.4000,B,mrac.roll.theta_3,0.00028691615
3.4000,B,mrac.roll.theta_4,0.034877807
3.4000,B,mrac.roll.theta_5,0.039746258
3.4000,B,mrac.roll.u_nom,0.017000189
3.4000,B,mrac.roll.xm,-0.22729944
3.4000,B,mrac.yaw.theta_0,1.2702351e-08
3.4000,B,mrac.yaw.theta_1,0.0015034849
3.4000,B,mrac.yaw.theta_2,2.3787099e-05
3.4000,B,mrac.yaw.theta_3,0
3.4000,B,mrac.yaw.theta_4,0.015445037
3.4000,B,mrac.yaw.theta_5,0.055622026
3.4000,B,mrac.yaw.u_nom,-0.030157188
3.4000,B,mrac.yaw.xm,-0.1259926
3.4000,B,mrac.z.theta_0,0.90369385
3.4000,B,mrac.z.theta_1,0.002529159
3.4000,B,mrac.z.theta_2,0.0066796313
3.4000,B,mrac.z.theta_3,0
3.4000,B,mrac.z.theta_4,0.197405
3.4000,B,mrac.z.theta_5,0.19017968
3.4000,B,mrac.z.u_nom,0.22775002
3.4000,B,mrac.z.xm,0.21060756
3.4000,B,path.active_path_mode,0
3.4000,B,path.circle_theta,0
3.4000,B,path.sinusoid_t_elapsed,0
3.4000,B,path.twc_arrived,0
3.4000,B,path.twc_target_x,0
3.4000,B,path.twc_target_y,0
3.4000,B,path.twc_target_z,0
3.4000,B,pid.gyrox.Des,-13.023293
3.4000,B,pid.gyrox.FB,-18.95031
3.4000,B,pid.gyrox.U,19.890221
3.4000,B,pid.gyroy.Des,-13.614184
3.4000,B,pid.gyroy.FB,1.8589357
3.4000,B,pid.gyroy.U,-55.066357
3.4000,B,pid.gyroz.Des,-7.2188406
3.4000,B,pid.gyroz.FB,-0.40831003
3.4000,B,pid.gyroz.U,-56.454254
3.4000,B,pid.locx.Des,0
3.4000,B,pid.locx.FB,41.415585
3.4000,B,pid.locx.U,-31.133583
3.4000,B,pid.locxs.Des,-31.133583
3.4000,B,pid.locxs.FB,-95.981186
3.4000,B,pid.locxs.U,199.33986
3.4000,B,pid.locy.Des,0
3.4000,B,pid.locy.FB,24.495871
3.4000,B,pid.locy.U,-21.854662
3.4000,B,pid.locys.Des,-21.854662
3.4000,B,pid.locys.FB,4.4286833
3.4000,B,pid.locys.U,-79.198334
3.4000,B,pid.pitch.Des,-4.4930592
3.4000,B,pid.pitch.FB,-0.086312525
3.4000,B,pid.pitch.U,-13.614184
3.4000,B,pid.roll.Des,-11.509701
3.4000,B,pid.roll.FB,-10.238407
3.4000,B,pid.roll.U,-13.023293
3.4000,B,pid.yaw.Des,-0.61393034
3.4000,B,pid.yaw.FB,0.25587645
3.4000,B,pid.yaw.U,-7.2188406
3.4000,B,pid.z_pos.Des,1.1493505
3.4000,B,pid.z_pos.FB,1.0628016
3.4000,B,pid.z_pos.U,0.21060756
3.4000,B,pid.z_rate.Des,0.21060756
3.4000,B,pid.z_rate.FB,0.11149399
3.4000,B,pid.z_rate.U,50.560505
3.4000,B,status.vbat,0
3.6031,A,mrac.pitch.e,0.31420568
3.6031,A,mrac.pitch.u_ad,-0.037172064
3.6031,A,mrac.roll.e,-0.35133636
3.6031,A,mrac.roll.u_ad,0.15602723
3.6031,A,mrac.yaw.e,0.17169809
3.6031,A,mrac.yaw.u_ad,-0.0078525683
3.6031,A,mrac.z.e,-0.2000704
3.6031,A,mrac.z.u_ad,1.0267469
3.6031,A,status.arm,1
3.6031,A,status.flymode,1
3.6031,A,status.rc_authority,0
3.6031,A,status.sbus_lost,0
3.6031,A,status.twc_arrived,0
3.6031,A,status.twc_execute,0
3.6033,B,mrac.pitch.theta_0,4.6144656e-08
3.6033,B,mrac.pitch.theta_1,0.0043447721
3.6033,B,mrac.pitch.theta_2,0.00037917166
3.6033,B,mrac.pitch.theta_3,0.00083950459
3.6033,B,mrac.pitch.theta_4,0.054308128
3.6033,B,mrac.pitch.theta_5,0.14214027
3.6033,B,mrac.pitch.u_nom,-0.082027353
3.6033,B,mrac.pitch.xm,-0.23463996
3.6033,B,mrac.roll.theta_0,0.14743543
3.6033,B,mrac.roll.theta_1,0.0014347323
3.6033,B,mrac.roll.theta_2,0.0038786326
3.6033,B,mrac.roll.theta_3,0.00028710751
3.6033,B,mrac.roll.theta_4,0.035026733
3.6033,B,mrac.roll.theta_5,0.039926838
3.6033,B,mrac.roll.u_nom,0.059790976
3.6033,B,mrac.roll.xm,0.068107091
3.6033,B,mrac.yaw.theta_0,7.3111286e-09
3.6033,B,mrac.yaw.theta_1,0.0015074397
3.6033,B,mrac.yaw.theta_2,2.3780638e-05
3.6033,B,mrac.yaw.theta_3,0
3.6033,B,mrac.yaw.theta_4,0.015472946
3.6033,B,mrac.yaw.theta_5,0.055726413
3.6033,B,mrac.yaw.u_nom,-0.031998225
3.6033,B,mrac.yaw.xm,-0.12937012
3.6033,B,mrac.z.theta_0,0.91004932
3.6033,B,mrac.z.theta_1,0.0027422688
3.6033,B,mrac.z.theta_2,0.0066817552
3.6033,B,mrac.z.theta_3,0
3.6033,B,mrac.z.theta_4,0.19739047
3.6033,B,mrac.z.theta_5,0.19022168
3.6033,B,mrac.z.u_nom,0.40298122
3.6033,B,mrac.z.xm,0.2054591
3.6033,B,path.active_path_mode,0
3.6033,B,path.circle_theta,0
3.6033,B,path.sinusoid_t_elapsed,0
3.6033,B,path.twc_arrived,0
3.6033,B,path.twc_target_x,0
3.6033,B,path.twc_target_y,0
3.6033,B,path.twc_target_z,0
3.6033,B,pid.gyrox.Des,3.9022474
3.6033,B,pid.gyrox.FB,-1.7539113
3.6033,B,pid.gyrox.U,69.955444
3.6033,B,pid.gyroy.Des,-13.443873
3.6033,B,pid.gyroy.FB,1.0715852
3.6033,B,pid.gyroy.U,-95.972008
3.6033,B,pid.gyroz.Des,-7.4123592
3.6033,B,pid.gyroz.FB,-0.16988149
3.6033,B,pid.gyroz.U,-59.900673
3.6033,B,pid.locx.Des,0
3.6033,B,pid.locx.FB,26.834583
3.6033,B,pid.locx.U,-20.616743
3.6033,B,pid.locxs.Des,-20.616743
3.6033,B,pid.locxs.FB,-70.973953
3.6033,B,pid.locxs.U,163.85365
3.6033,B,pid.locy.Des,0
3.6033,B,pid.locy.FB,25.619045
3.6033,B,pid.locy.U,-22.725019
3.6033,B,pid.locys.Des,-22.725019
3.6033,B,pid.locys.FB,5.3569808
3.6033,B,pid.locys.U,-84.713028
3.6033,B,pid.pitch.Des,-4.8012252
3.6033,B,pid.pitch.FB,-0.30718303
3.6033,B,pid.pitch.U,-13.443873
3.6033,B,pid.roll.Des,-9.5095673
3.6033,B,pid.roll.FB,-10.917169
3.6033,B,pid.roll.U,3.9022474
3.6033,B,pid.yaw.Des,-0.61393034
3.6033,B,pid.yaw.FB,0.28812951
3.6033,B,pid.yaw.U,-7.4123592
3.6033,B,pid.z_pos.Des,1.1493505
3.6033,B,pid.z_pos.FB,1.0702579
3.6033,B,pid.z_pos.U,0.2054591
3.6033,B,pid.z_rate.Des,0.2054591
3.6033,B,pid.z_rate.FB,0.0094062425
3.6033,B,pid.z_rate.U,89.46183
3.6033,B,status.vbat,0
3.8191,A,mrac.pitch.e,0.17892295
3.8191,A,mrac.pitch.u_ad,-0.033085145
3.8191,A,mrac.roll.e,-0.48150653
3.8191,A,mrac.roll.u_ad,0.16277303
3.8191,A,mrac.yaw.e,0.16201536
3.8191,A,mrac.yaw.u_ad,-0.009800761
3.8191,A,mrac.z.e,-0.15717243
3.8191,A,mrac.z.u_ad,1.0216913
3.8191,A,status.arm,1
3.8191,A,status.flymode,1
3.8191,A,status.rc_authority,0
3.8191,A,status.sbus_lost,0
3.8191,A,status.twc_arrived,0
3.8191,A,status.twc_execute,0
3.8192,B,mrac.pitch.theta_0,1.4299892e-08
3.8192,B,mrac.pitch.theta_1,0.0044252318
3.8192,B,mrac.pitch.theta_2,0.00037873446
3.8192,B,mrac.pitch.theta_3,0.00084152271
3.8192,B,mrac.pitch.theta_4,0.054442391
3.8192,B,mrac.pitch.theta_5,0.14220896
3.8192,B,mrac.pitch.u_nom,-0.15898038
3.8192,B,mrac.pitch.xm,-0.22730935
3.8192,B,mrac.roll.theta_0,0.14800796
3.8192,B,mrac.roll.theta_1,0.0015564468
3.8192,B,mrac.roll.theta_2,0.003895239
3.8192,B,mrac.roll.theta_3,0.00028774
3.8192,B,mrac.roll.theta_4,0.035278078
3.8192,B,mrac.roll.theta_5,0.040595632
3.8192,B,mrac.roll.u_nom,-0.027580822
3.8192,B,mrac.roll.xm,0.32170767
3.8192,B,mrac.yaw.theta_0,2.2964588e-09
3.8192,B,mrac.yaw.theta_1,0.0015002877
3.8192,B,mrac.yaw.theta_2,2.3760462e-05
3.8192,B,mrac.yaw.theta_3,0
3.8192,B,mrac.yaw.theta_4,0.015556726
3.8192,B,mrac.yaw.theta_5,0.056009438
3.8192,B,mrac.yaw.u_nom,-0.044128921
3.8192,B,mrac.yaw.xm,-0.16480605
3.8192,B,mrac.z.theta_0,0.91945016
3.8192,B,mrac.z.theta_1,0.0030237576
3.8192,B,mrac.z.theta_2,0.0066836202
3.8192,B,mrac.z.theta_3,0
3.8192,B,mrac.z.theta_4,0.19737065
3.8192,B,mrac.z.theta_5,0.19028892
3.8192,B,mrac.z.u_nom,0.3355948
3.8192,B,mrac.z.xm,0.19576822
3.8192,B,path.active_path_mode,0
3.8192,B,path.circle_theta,0
3.8192,B,path.sinusoid_t_elapsed,0
3.8192,B,path.twc_arrived,0
3.8192,B,path.twc_target_x,0
3.8192,B,path.twc_target_y,0
3.8192,B,path.twc_target_z,0
3.8192,B,pid.gyrox.Des,18.432484
3.8192,B,pid.gyrox.FB,8.8884373
3.8192,B,pid.gyrox.U,-32.269562
3.8192,B,pid.gyroy.Des,-13.023861
3.8192,B,pid.gyroy.FB,5.4680791
3.8192,B,pid.gyroy.U,-186.00705
3.8192,B,pid.gyroz.Des,-9.442687
3.8192,B,pid.gyroz.FB,0.62641507
3.8192,B,pid.gyroz.U,-82.609337
3.8192,B,pid.locx.Des,0
3.8192,B,pid.locx.FB,11.982261
3.8192,B,pid.locx.U,-10.075918
3.8192,B,pid.locxs.Des,-10.075918
3.8192,B,pid.locxs.FB,-33.943295
3.8192,B,pid.locxs.U,54.908108
3.8192,B,pid.locy.Des,0
3.8192,B,pid.locy.FB,27.185278
3.8192,B,pid.locy.U,-23.945137
3.8192,B,pid.locys.Des,-23.945137
3.8192,B,pid.locys.FB,5.3714762
3.8192,B,pid.locys.U,-87.925323
3.8192,B,pid.pitch.Des,-5.0162091
3.8192,B,pid.pitch.FB,-0.69990742
3.8192,B,pid.pitch.U,-13.023861
3.8192,B,pid.roll.Des,-3.2602453
3.8192,B,pid.roll.FB,-9.6795197
3.8192,B,pid.roll.U,18.432484
3.8192,B,pid.yaw.Des,-0.61393034
3.8192,B,pid.yaw.FB,0.62651753
3.8192,B,pid.yaw.U,-9.442687
3.8192,B,pid.z_pos.Des,1.1493505
3.8192,B,pid.z_pos.FB,1.0842592
3.8192,B,pid.z_pos.U,0.19576822
3.8192,B,pid.z_rate.Des,0.19576822
3.8192,B,pid.z_rate.FB,0.037493415
3.8192,B,pid.z_rate.U,74.502045
3.8192,B,status.vbat,0
4.0333,A,mrac.pitch.e,0.21978804
4.0333,A,mrac.pitch.u_ad,-0.029598374
4.0333,A,mrac.roll.e,-0.4429611
4.0333,A,mrac.roll.u_ad,0.16649494
4.0333,A,mrac.yaw.e,0.044618323
4.0333,A,mrac.yaw.u_ad,-0.0085758641
4.0333,A,mrac.z.e,-0.21767038
4.0333,A,mrac.z.u_ad,1.0647541
4.0333,A,status.arm,1
4.0333,A,status.flymode,1
4.0333,A,status.rc_authority,0
4.0333,A,status.sbus_lost,0
4.0333,A,status.twc_arrived,0
4.0333,A,status.twc_execute,0
4.0333,B,mrac.pitch.theta_0,6.8178574e-09
4.0333,B,mrac.pitch.theta_1,0.0044450322
4.0333,B,mrac.pitch.theta_2,0.00037837931
4.0333,B,mrac.pitch.theta_3,0.00084343192
4.0333,B,mrac.pitch.theta_4,0.054534357
4.0333,B,mrac.pitch.theta_5,0.14224374
4.0333,B,mrac.pitch.u_nom,-0.15853295
4.0333,B,mrac.pitch.xm,-0.20566906
4.0333,B,mrac.roll.theta_0,0.14821701
4.0333,B,mrac.roll.theta_1,0.0018273712
4.0333,B,mrac.roll.theta_2,0.0039059629
4.0333,B,mrac.roll.theta_3,0.00028831695
4.0333,B,mrac.roll.theta_4,0.035404976
4.0333,B,mrac.roll.theta_5,0.041095711
4.0333,B,mrac.roll.u_nom,-0.013810037
4.0333,B,mrac.roll.xm,0.18755247
4.0333,B,mrac.yaw.theta_0,1.2198962e-09
4.0333,B,mrac.yaw.theta_1,0.0015195897
4.0333,B,mrac.yaw.theta_2,2.3753135e-05
4.0333,B,mrac.yaw.theta_3,0
4.0333,B,mrac.yaw.theta_4,0.015593477
4.0333,B,mrac.yaw.theta_5,0.056170698
4.0333,B,mrac.yaw.u_nom,-0.041993719
4.0333,B,mrac.yaw.xm,-0.14916341
4.0333,B,mrac.z.theta_0,0.92746449
4.0333,B,mrac.z.theta_1,0.0030375205
4.0333,B,mrac.z.theta_2,0.0066882716
4.0333,B,mrac.z.theta_3,0
4.0333,B,mrac.z.theta_4,0.19739328
4.0333,B,mrac.z.theta_5,0.19036588
4.0333,B,mrac.z.u_nom,0.3570565
4.0333,B,mrac.z.xm,0.19839403
4.0333,B,path.active_path_mode,0
4.0333,B,path.circle_theta,0
4.0333,B,path.sinusoid_t_elapsed,0
4.0333,B,path.twc_arrived,0
4.0333,B,path.twc_target_x,0
4.0333,B,path.twc_target_y,0
4.0333,B,path.twc_target_z,0
4.0333,B,pid.gyrox.Des,10.74596
4.0333,B,pid.gyrox.FB,8.5303869
4.0333,B,pid.gyrox.U,-16.157743
4.0333,B,pid.gyroy.Des,-11.783964
4.0333,B,pid.gyroy.FB,5.5089712
4.0333,B,pid.gyroy.U,-185.48355
4.0333,B,pid.gyroz.Des,-8.5464306
4.0333,B,pid.gyroz.FB,1.0318835
4.0333,B,pid.gyroz.U,-78.612244
4.0333,B,pid.locx.Des,0
4.0333,B,pid.locx.FB,7.0383949
4.0333,B,pid.locx.U,-6.8714023
4.0333,B,pid.locxs.Des,-6.8714023
4.0333,B,pid.locxs.FB,-11.974602
4.0333,B,pid.locxs.U,15.859602
4.0333,B,pid.locy.Des,0
4.0333,B,pid.locy.FB,27.829206
4.0333,B,pid.locy.U,-24.349638
4.0333,B,pid.locys.Des,-24.349638
4.0333,B,pid.locys.FB,3.0998271
4.0333,B,pid.locys.U,-82.337158
4.0333,B,pid.pitch.Des,-4.748961
4.0333,B,pid.pitch.FB,-0.84130102
4.0333,B,pid.pitch.U,-11.783964
4.0333,B,pid.roll.Des,-0.96643722
4.0333,B,pid.roll.FB,-7.6584873
4.0333,B,pid.roll.U,10.74596
4.0333,B,pid.yaw.Des,-0.61393034
4.0333,B,pid.yaw.FB,0.47714156
4.0333,B,pid.yaw.U,-8.5464306
4.0333,B,pid.z_pos.Des,1.1493505
4.0333,B,pid.z_pos.FB,1.0801609
4.0333,B,pid.z_pos.U,0.19839403
4.0333,B,pid.z_rate.Des,0.19839403
4.0333,B,pid.z_rate.FB,0.028208006
4.0333,B,pid.z_rate.U,79.266541
4.0333,B,status.vbat,0
4.2351,A,mrac.pitch.e,0.16811106
4.2351,A,mrac.pitch.u_ad,-0.028562147
4.2351,A,mrac.roll.e,-0.083661452
4.2351,A,mrac.roll.u_ad,0.16523108
4.2351,A,mrac.yaw.e,0.077212781
4.2351,A,mrac.yaw.u_ad,-0.0063954825
4.2351,A,mrac.z.e,-0.18248497
4.2351,A,mrac.z.u_ad,1.0492721
4.2351,A,status.arm,1
4.2351,A,status.flymode,1
4.2351,A,status.rc_authority,0
4.2351,A,status.sbus_lost,0
4.2351,A,status.twc_arrived,0
4.2351,A,status.twc_execute,0
4.2351,B,mrac.pitch.theta_0,2.2779298e-09
4.2351,B,mrac.pitch.theta_1,0.0044455118
4.2351,B,mrac.pitch.theta_2,0.0003780252
4.2351,B,mrac.pitch.theta_3,0.00085085549
4.2351,B,mrac.pitch.theta_4,0.054641943
4.2351,B,mrac.pitch.theta_5,0.14227898
4.2351,B,mrac.pitch.u_nom,-0.14657368
4.2351,B,mrac.pitch.xm,-0.18252245
4.2351,B,mrac.roll.theta_0,0.14833575
4.2351,B,mrac.roll.theta_1,0.0024192415
4.2351,B,mrac.roll.theta_2,0.003934646
4.2351,B,mrac.roll.theta_3,0.00028877342
4.2351,B,mrac.roll.theta_4,0.035540007
4.2351,B,mrac.roll.theta_5,0.041740701
4.2351,B,mrac.roll.u_nom,-0.088933371
4.2351,B,mrac.roll.xm,0.24920417
4.2351,B,mrac.yaw.theta_0,6.4874545e-10
4.2351,B,mrac.yaw.theta_1,0.0015440916
4.2351,B,mrac.yaw.theta_2,2.3744169e-05
4.2351,B,mrac.yaw.theta_3,0
4.2351,B,mrac.yaw.theta_4,0.015618639
4.2351,B,mrac.yaw.theta_5,0.056293618
4.2351,B,mrac.yaw.u_nom,-0.00074890867
4.2351,B,mrac.yaw.xm,-0.10420851
4.2351,B,mrac.z.theta_0,0.93718266
4.2351,B,mrac.z.theta_1,0.0031060667
4.2351,B,mrac.z.theta_2,0.0066930638
4.2351,B,mrac.z.theta_3,0
4.2351,B,mrac.z.theta_4,0.19741705
4.2351,B,mrac.z.theta_5,0.19047748
4.2351,B,mrac.z.u_nom,0.37467009
4.2351,B,mrac.z.xm,0.20036821
4.2351,B,path.active_path_mode,0
4.2351,B,path.circle_theta,0
4.2351,B,path.sinusoid_t_elapsed,0
4.2351,B,path.twc_arrived,0
4.2351,B,path.twc_target_x,0
4.2351,B,path.twc_target_y,0
4.2351,B,path.twc_target_z,0
4.2351,B,pid.gyrox.Des,14.278341
4.2351,B,pid.gyrox.FB,15.206286
4.2351,B,pid.gyrox.U,-104.05205
4.2351,B,pid.gyroy.Des,-10.457762
4.2351,B,pid.gyroy.FB,5.1137943
4.2351,B,pid.gyroy.U,-171.49121
4.2351,B,pid.gyroz.Des,-5.9707055
4.2351,B,pid.gyroz.FB,-6.035264
4.2351,B,pid.gyroz.U,-1.401957
4.2351,B,pid.locx.Des,0
4.2351,B,pid.locx.FB,5.5249162
4.2351,B,pid.locx.U,-6.5399318
4.2351,B,pid.locxs.Des,-6.5399318
4.2351,B,pid.locxs.FB,9.9999962
4.2351,B,pid.locxs.U,-49.763821
4.2351,B,pid.locy.Des,0
4.2351,B,pid.locy.FB,28.114151
4.2351,B,pid.locy.U,-24.491199
4.2351,B,pid.locys.Des,-24.491199
4.2351,B,pid.locys.FB,-0.0083520748
4.2351,B,pid.locys.U,-73.479172
4.2351,B,pid.pitch.Des,-4.2774825
4.2351,B,pid.pitch.FB,-0.78659904
4.2351,B,pid.pitch.U,-10.457762
4.2351,B,pid.roll.Des,2.9011323
4.2351,B,pid.roll.FB,-3.917515
4.2351,B,pid.roll.U,14.278341
4.2351,B,pid.yaw.Des,-0.61393034
4.2351,B,pid.yaw.FB,0.047853909
4.2351,B,pid.yaw.U,-5.9707055
4.2351,B,pid.z_pos.Des,1.1493505
4.2351,B,pid.z_pos.FB,1.0773748
4.2351,B,pid.z_pos.U,0.20036821
4.2351,B,pid.z_rate.Des,0.20036821
4.2351,B,pid.z_rate.FB,0.020406654
4.2351,B,pid.z_rate.U,83.176758
4.2351,B,status.vbat,0
4.4358,A,mrac.pitch.e,0.18485191
4.4358,A,mrac.pitch.u_ad,-0.029216297
4.4358,A,mrac.roll.e,-0.074936271
4.4358,A,mrac.roll.u_ad,0.16552989
4.4358,A,mrac.yaw.e,0.035820212
4.4358,A,mrac.yaw.u_ad,-0.0055306251
4.4358,A,mrac.z.e,-0.18377422
4.4358,A,mrac.z.u_ad,1.0509424
4.4358,A,status.arm,1
4.4358,A,status.flymode,1
4.4358,A,status.rc_authority,0
4.4358,A,status.sbus_lost,0
4.4358,A,status.twc_arrived,0
4.4358,A,status.twc_execute,0
4.4359,B,mrac.pitch.theta_0,2.2779298e-09
4.4359,B,mrac.pitch.theta_1,0.0044455118
4.4359,B,mrac.pitch.theta_2,0.0003780252
4.4359,B,mrac.pitch.theta_3,0.00085085549
4.4359,B,mrac.pitch.theta_4,0.054641943
4.4359,B,mrac.pitch.theta_5,0.14227898
4.4359,B,mrac.pitch.u_nom,-0.14657368
4.4359,B,mrac.pitch.xm,-0.18252245
4.4359,B,mrac.roll.theta_0,0.14833575
4.4359,B,mrac.roll.theta_1,0.0024192415
4.4359,B,mrac.roll.theta_2,0.003934646
4.4359,B,mrac.roll.theta_3,0.00028877342
4.4359,B,mrac.roll.theta_4,0.035540007
4.4359,B,mrac.roll.theta_5,0.041740701
4.4359,B,mrac.roll.u_nom,-0.088933371
4.4359,B,mrac.roll.xm,0.24920417
4.4359,B,mrac.yaw.theta_0,6.4874545e-10
4.4359,B,mrac.yaw.theta_1,0.0015440916
4.4359,B,mrac.yaw.theta_2,2.3744169e-05
4.4359,B,mrac.yaw.theta_3,0
4.4359,B,mrac.yaw.theta_4,0.015618639
4.4359,B,mrac.yaw.theta_5,0.056293618
4.4359,B,mrac.yaw.u_nom,-0.00074890867
4.4359,B,mrac.yaw.xm,-0.10420851
4.4359,B,mrac.z.theta_0,0.93718266
4.4359,B,mrac.z.theta_1,0.0031060667
4.4359,B,mrac.z.theta_2,0.0066930638
4.4359,B,mrac.z.theta_3,0
4.4359,B,mrac.z.theta_4,0.19741705
4.4359,B,mrac.z.theta_5,0.19047748
4.4359,B,mrac.z.u_nom,0.37467009
4.4359,B,mrac.z.xm,0.20036821
4.4359,B,path.active_path_mode,0
4.4359,B,path.circle_theta,0
4.4359,B,path.sinusoid_t_elapsed,0
4.4359,B,path.twc_arrived,0
4.4359,B,path.twc_target_x,0
4.4359,B,path.twc_target_y,0
4.4359,B,path.twc_target_z,0
4.4359,B,pid.gyrox.Des,14.278341
4.4359,B,pid.gyrox.FB,15.206286
4.4359,B,pid.gyrox.U,-104.05205
4.4359,B,pid.gyroy.Des,-10.457762
4.4359,B,pid.gyroy.FB,5.1137943
4.4359,B,pid.gyroy.U,-171.49121
4.4359,B,pid.gyroz.Des,-5.9707055
4.4359,B,pid.gyroz.FB,-6.035264
4.4359,B,pid.gyroz.U,-1.401957
4.4359,B,pid.locx.Des,0
4.4359,B,pid.locx.FB,5.5249162
4.4359,B,pid.locx.U,-6.5399318
4.4359,B,pid.locxs.Des,-6.5399318
4.4359,B,pid.locxs.FB,9.9999962
4.4359,B,pid.locxs.U,-49.763821
4.4359,B,pid.locy.Des,0
4.4359,B,pid.locy.FB,28.114151
4.4359,B,pid.locy.U,-24.491199
4.4359,B,pid.locys.Des,-24.491199
4.4359,B,pid.locys.FB,-0.0083520748
4.4359,B,pid.locys.U,-73.479172
4.4359,B,pid.pitch.Des,-4.2774825
4.4359,B,pid.pitch.FB,-0.78659904
4.4359,B,pid.pitch.U,-10.457762
4.4359,B,pid.roll.Des,2.9011323
4.4359,B,pid.roll.FB,-3.917515
4.4359,B,pid.roll.U,14.278341
4.4359,B,pid.yaw.Des,-0.61393034
4.4359,B,pid.yaw.FB,0.047853909
4.4359,B,pid.yaw.U,-5.9707055
4.4359,B,pid.z_pos.Des,1.1493505
4.4359,B,pid.z_pos.FB,1.0773748
4.4359,B,pid.z_pos.U,0.20036821
4.4359,B,pid.z_rate.Des,0.20036821
4.4359,B,pid.z_rate.FB,0.020406654
4.4359,B,pid.z_rate.U,83.176758
4.4359,B,status.vbat,0
4.6521,A,mrac.pitch.e,0.18485191
4.6521,A,mrac.pitch.u_ad,-0.029216297
4.6521,A,mrac.roll.e,-0.074936271
4.6521,A,mrac.roll.u_ad,0.16552989
4.6521,A,mrac.yaw.e,0.035820212
4.6521,A,mrac.yaw.u_ad,-0.0055306251
4.6521,A,mrac.z.e,-0.18377422
4.6521,A,mrac.z.u_ad,1.0509424
4.6521,A,status.arm,1
4.6521,A,status.flymode,1
4.6521,A,status.rc_authority,0
4.6521,A,status.sbus_lost,0
4.6521,A,status.twc_arrived,0
4.6521,A,status.twc_execute,0
4.6522,B,mrac.pitch.theta_0,2.2779298e-09
4.6522,B,mrac.pitch.theta_1,0.0044455118
4.6522,B,mrac.pitch.theta_2,0.0003780252
4.6522,B,mrac.pitch.theta_3,0.00085085549
4.6522,B,mrac.pitch.theta_4,0.054641943
4.6522,B,mrac.pitch.theta_5,0.14227898
4.6522,B,mrac.pitch.u_nom,-0.14657368
4.6522,B,mrac.pitch.xm,-0.18252245
4.6522,B,mrac.roll.theta_0,0.14833575
4.6522,B,mrac.roll.theta_1,0.0024192415
4.6522,B,mrac.roll.theta_2,0.003934646
4.6522,B,mrac.roll.theta_3,0.00028877342
4.6522,B,mrac.roll.theta_4,0.035540007
4.6522,B,mrac.roll.theta_5,0.041740701
4.6522,B,mrac.roll.u_nom,-0.088933371
4.6522,B,mrac.roll.xm,0.24920417
4.6522,B,mrac.yaw.theta_0,6.4874545e-10
4.6522,B,mrac.yaw.theta_1,0.0015440916
4.6522,B,mrac.yaw.theta_2,2.3744169e-05
4.6522,B,mrac.yaw.theta_3,0
4.6522,B,mrac.yaw.theta_4,0.015618639
4.6522,B,mrac.yaw.theta_5,0.056293618
4.6522,B,mrac.yaw.u_nom,-0.00074890867
4.6522,B,mrac.yaw.xm,-0.10420851
4.6522,B,mrac.z.theta_0,0.93718266
4.6522,B,mrac.z.theta_1,0.0031060667
4.6522,B,mrac.z.theta_2,0.0066930638
4.6522,B,mrac.z.theta_3,0
4.6522,B,mrac.z.theta_4,0.19741705
4.6522,B,mrac.z.theta_5,0.19047748
4.6522,B,mrac.z.u_nom,0.37467009
4.6522,B,mrac.z.xm,0.20036821
4.6522,B,path.active_path_mode,0
4.6522,B,path.circle_theta,0
4.6522,B,path.sinusoid_t_elapsed,0
4.6522,B,path.twc_arrived,0
4.6522,B,path.twc_target_x,0
4.6522,B,path.twc_target_y,0
4.6522,B,path.twc_target_z,0
4.6522,B,pid.gyrox.Des,14.278341
4.6522,B,pid.gyrox.FB,15.206286
4.6522,B,pid.gyrox.U,-104.05205
4.6522,B,pid.gyroy.Des,-10.457762
4.6522,B,pid.gyroy.FB,5.1137943
4.6522,B,pid.gyroy.U,-171.49121
4.6522,B,pid.gyroz.Des,-5.9707055
4.6522,B,pid.gyroz.FB,-6.035264
4.6522,B,pid.gyroz.U,-1.401957
4.6522,B,pid.locx.Des,0
4.6522,B,pid.locx.FB,5.5249162
4.6522,B,pid.locx.U,-6.5399318
4.6522,B,pid.locxs.Des,-6.5399318
4.6522,B,pid.locxs.FB,9.9999962
4.6522,B,pid.locxs.U,-49.763821
4.6522,B,pid.locy.Des,0
4.6522,B,pid.locy.FB,28.114151
4.6522,B,pid.locy.U,-24.491199
4.6522,B,pid.locys.Des,-24.491199
4.6522,B,pid.locys.FB,-0.0083520748
4.6522,B,pid.locys.U,-73.479172
4.6522,B,pid.pitch.Des,-4.2774825
4.6522,B,pid.pitch.FB,-0.78659904
4.6522,B,pid.pitch.U,-10.457762
4.6522,B,pid.roll.Des,2.9011323
4.6522,B,pid.roll.FB,-3.917515
4.6522,B,pid.roll.U,14.278341
4.6522,B,pid.yaw.Des,-0.61393034
4.6522,B,pid.yaw.FB,0.047853909
4.6522,B,pid.yaw.U,-5.9707055
4.6522,B,pid.z_pos.Des,1.1493505
4.6522,B,pid.z_pos.FB,1.0773748
4.6522,B,pid.z_pos.U,0.20036821
4.6522,B,pid.z_rate.Des,0.20036821
4.6522,B,pid.z_rate.FB,0.020406654
4.6522,B,pid.z_rate.U,83.176758
4.6522,B,status.vbat,0
4.8672,A,mrac.pitch.e,0.18485191
4.8672,A,mrac.pitch.u_ad,-0.029216297
4.8672,A,mrac.roll.e,-0.074936271
4.8672,A,mrac.roll.u_ad,0.16552989
4.8672,A,mrac.yaw.e,0.035820212
4.8672,A,mrac.yaw.u_ad,-0.0055306251
4.8672,A,mrac.z.e,-0.18377422
4.8672,A,mrac.z.u_ad,1.0509424
4.8672,A,status.arm,1
4.8672,A,status.flymode,1
4.8672,A,status.rc_authority,0
4.8672,A,status.sbus_lost,0
4.8672,A,status.twc_arrived,0
4.8672,A,status.twc_execute,0
4.8672,B,mrac.pitch.theta_0,2.2779298e-09
4.8672,B,mrac.pitch.theta_1,0.0044455118
4.8672,B,mrac.pitch.theta_2,0.0003780252
4.8672,B,mrac.pitch.theta_3,0.00085085549
4.8672,B,mrac.pitch.theta_4,0.054641943
4.8672,B,mrac.pitch.theta_5,0.14227898
4.8672,B,mrac.pitch.u_nom,-0.14657368
4.8672,B,mrac.pitch.xm,-0.18252245
4.8672,B,mrac.roll.theta_0,0.14833575
4.8672,B,mrac.roll.theta_1,0.0024192415
4.8672,B,mrac.roll.theta_2,0.003934646
4.8672,B,mrac.roll.theta_3,0.00028877342
4.8672,B,mrac.roll.theta_4,0.035540007
4.8672,B,mrac.roll.theta_5,0.041740701
4.8672,B,mrac.roll.u_nom,-0.088933371
4.8672,B,mrac.roll.xm,0.24920417
4.8672,B,mrac.yaw.theta_0,6.4874545e-10
4.8672,B,mrac.yaw.theta_1,0.0015440916
4.8672,B,mrac.yaw.theta_2,2.3744169e-05
4.8672,B,mrac.yaw.theta_3,0
4.8672,B,mrac.yaw.theta_4,0.015618639
4.8672,B,mrac.yaw.theta_5,0.056293618
4.8672,B,mrac.yaw.u_nom,-0.00074890867
4.8672,B,mrac.yaw.xm,-0.10420851
4.8672,B,mrac.z.theta_0,0.93718266
4.8672,B,mrac.z.theta_1,0.0031060667
4.8672,B,mrac.z.theta_2,0.0066930638
4.8672,B,mrac.z.theta_3,0
4.8672,B,mrac.z.theta_4,0.19741705
4.8672,B,mrac.z.theta_5,0.19047748
4.8672,B,mrac.z.u_nom,0.37467009
4.8672,B,mrac.z.xm,0.20036821
4.8672,B,path.active_path_mode,0
4.8672,B,path.circle_theta,0
4.8672,B,path.sinusoid_t_elapsed,0
4.8672,B,path.twc_arrived,0
4.8672,B,path.twc_target_x,0
4.8672,B,path.twc_target_y,0
4.8672,B,path.twc_target_z,0
4.8672,B,pid.gyrox.Des,14.278341
4.8672,B,pid.gyrox.FB,15.206286
4.8672,B,pid.gyrox.U,-104.05205
4.8672,B,pid.gyroy.Des,-10.457762
4.8672,B,pid.gyroy.FB,5.1137943
4.8672,B,pid.gyroy.U,-171.49121
4.8672,B,pid.gyroz.Des,-5.9707055
4.8672,B,pid.gyroz.FB,-6.035264
4.8672,B,pid.gyroz.U,-1.401957
4.8672,B,pid.locx.Des,0
4.8672,B,pid.locx.FB,5.5249162
4.8672,B,pid.locx.U,-6.5399318
4.8672,B,pid.locxs.Des,-6.5399318
4.8672,B,pid.locxs.FB,9.9999962
4.8672,B,pid.locxs.U,-49.763821
4.8672,B,pid.locy.Des,0
4.8672,B,pid.locy.FB,28.114151
4.8672,B,pid.locy.U,-24.491199
4.8672,B,pid.locys.Des,-24.491199
4.8672,B,pid.locys.FB,-0.0083520748
4.8672,B,pid.locys.U,-73.479172
4.8672,B,pid.pitch.Des,-4.2774825
4.8672,B,pid.pitch.FB,-0.78659904
4.8672,B,pid.pitch.U,-10.457762
4.8672,B,pid.roll.Des,2.9011323
4.8672,B,pid.roll.FB,-3.917515
4.8672,B,pid.roll.U,14.278341
4.8672,B,pid.yaw.Des,-0.61393034
4.8672,B,pid.yaw.FB,0.047853909
4.8672,B,pid.yaw.U,-5.9707055
4.8672,B,pid.z_pos.Des,1.1493505
4.8672,B,pid.z_pos.FB,1.0773748
4.8672,B,pid.z_pos.U,0.20036821
4.8672,B,pid.z_rate.Des,0.20036821
4.8672,B,pid.z_rate.FB,0.020406654
4.8672,B,pid.z_rate.U,83.176758
4.8672,B,status.vbat,0
5.0680,A,mrac.pitch.e,0.20442434
5.0680,A,mrac.pitch.u_ad,-0.034638256
5.0680,A,mrac.roll.e,-0.12739584
5.0680,A,mrac.roll.u_ad,0.1538619
5.0680,A,mrac.yaw.e,0.042487342
5.0680,A,mrac.yaw.u_ad,-0.0045023691
5.0680,A,mrac.z.e,-0.18431138
5.0680,A,mrac.z.u_ad,1.0636098
5.0680,A,status.arm,1
5.0680,A,status.flymode,1
5.0680,A,status.rc_authority,0
5.0680,A,status.sbus_lost,0
5.0680,A,status.twc_arrived,0
5.0680,A,status.twc_execute,0
5.0682,B,mrac.pitch.theta_0,4.6987709e-11
5.0682,B,mrac.pitch.theta_1,0.0044915178
5.0682,B,mrac.pitch.theta_2,0.00037672796
5.0682,B,mrac.pitch.theta_3,0.00086208677
5.0682,B,mrac.pitch.theta_4,0.055022568
5.0682,B,mrac.pitch.theta_5,0.14243181
5.0682,B,mrac.pitch.u_nom,-0.1073771
5.0682,B,mrac.pitch.xm,-0.22081953
5.0682,B,mrac.roll.theta_0,0.14862011
5.0682,B,mrac.roll.theta_1,0.0029154283
5.0682,B,mrac.roll.theta_2,0.0039615338
5.0682,B,mrac.roll.theta_3,0.00029051371
5.0682,B,mrac.roll.theta_4,0.035897665
5.0682,B,mrac.roll.theta_5,0.042722046
5.0682,B,mrac.roll.u_nom,0.1319498
5.0682,B,mrac.roll.xm,0.10883851
5.0682,B,mrac.yaw.theta_0,1.5614773e-10
5.0682,B,mrac.yaw.theta_1,0.0015357105
5.0682,B,mrac.yaw.theta_2,2.3724457e-05
5.0682,B,mrac.yaw.theta_3,0
5.0682,B,mrac.yaw.theta_4,0.01566668
5.0682,B,mrac.yaw.theta_5,0.056435052
5.0682,B,mrac.yaw.u_nom,-0.0032196506
5.0682,B,mrac.yaw.xm,-0.074318804
5.0682,B,mrac.z.theta_0,0.95335847
5.0682,B,mrac.z.theta_1,0.0036477209
5.0682,B,mrac.z.theta_2,0.0067031346
5.0682,B,mrac.z.theta_3,0
5.0682,B,mrac.z.theta_4,0.19739012
5.0682,B,mrac.z.theta_5,0.19069901
5.0682,B,mrac.z.u_nom,0.3849003
5.0682,B,mrac.z.xm,0.18458755
5.0682,B,path.active_path_mode,0
5.0682,B,path.circle_theta,0
5.0682,B,path.sinusoid_t_elapsed,0
5.0682,B,path.twc_arrived,0
5.0682,B,path.twc_target_x,0
5.0682,B,path.twc_target_y,0
5.0682,B,path.twc_target_z,0
5.0682,B,pid.gyrox.Des,6.2359848
5.0682,B,pid.gyrox.FB,-5.9788108
5.0682,B,pid.gyrox.U,154.38126
5.0682,B,pid.gyroy.Des,-12.652022
5.0682,B,pid.gyroy.FB,0.82267886
5.0682,B,pid.gyroy.U,-125.63121
5.0682,B,pid.gyroz.Des,-4.258152
5.0682,B,pid.gyroz.FB,-3.7430696
5.0682,B,pid.gyroz.U,-6.0271859
5.0682,B,pid.locx.Des,0
5.0682,B,pid.locx.FB,13.523132
5.0682,B,pid.locx.U,-12.817912
5.0682,B,pid.locxs.Des,-12.817912
5.0682,B,pid.locxs.FB,0.99169862
5.0682,B,pid.locxs.U,-41.429573
5.0682,B,pid.locy.Des,0
5.0682,B,pid.locy.FB,28.912535
5.0682,B,pid.locy.U,-25.274031
5.0682,B,pid.locys.Des,-25.274031
5.0682,B,pid.locys.FB,2.0041292
5.0682,B,pid.locys.U,-82.025734
5.0682,B,pid.pitch.Des,-4.7711849
5.0682,B,pid.pitch.FB,-0.53210163
5.0682,B,pid.pitch.U,-12.652022
5.0682,B,pid.roll.Des,2.4388137
5.0682,B,pid.roll.FB,0.31352949
5.0682,B,pid.roll.U,6.2359848
5.0682,B,pid.yaw.Des,-0.61393034
5.0682,B,pid.yaw.FB,-0.23757173
5.0682,B,pid.yaw.U,-4.258152
5.0682,B,pid.z_pos.Des,1.1493505
5.0682,B,pid.z_pos.FB,1.0999361
5.0682,B,pid.z_pos.U,0.18458755
5.0682,B,pid.z_rate.Des,0.18458755
5.0682,B,pid.z_rate.FB,0.00019854051
5.0682,B,pid.z_rate.U,85.447868
5.0682,B,status.vbat,0
5.2851,A,mrac.pitch.e,0.22540413
5.2851,A,mrac.pitch.u_ad,-0.034579087
5.2851,A,mrac.roll.e,-0.25237811
5.2851,A,mrac.roll.u_ad,0.15432243
5.2851,A,mrac.yaw.e,0.084325455
5.2851,A,mrac.yaw.u_ad,-0.0044529359
5.2851,A,mrac.z.e,-0.18549243
5.2851,A,mrac.z.u_ad,1.0679257
5.2851,A,status.arm,1
5.2851,A,status.flymode,1
5.2851,A,status.rc_authority,0
5.2851,A,status.sbus_lost,0
5.2851,A,status.twc_arrived,0
5.2851,A,status.twc_execute,0
5.2851,B,mrac.pitch.theta_0,2.1641203e-11
5.2851,B,mrac.pitch.theta_1,0.0045376858
5.2851,B,mrac.pitch.theta_2,0.0003765478
5.2851,B,mrac.pitch.theta_3,0.00086287601
5.2851,B,mrac.pitch.theta_4,0.05509783
5.2851,B,mrac.pitch.theta_5,0.14247051
5.2851,B,mrac.pitch.u_nom,-0.044933453
5.2851,B,mrac.pitch.xm,-0.23064177
5.2851,B,mrac.roll.theta_0,0.14850834
5.2851,B,mrac.roll.theta_1,0.0028513276
5.2851,B,mrac.roll.theta_2,0.0039695222
5.2851,B,mrac.roll.theta_3,0.00029061784
5.2851,B,mrac.roll.theta_4,0.035993606
5.2851,B,mrac.roll.theta_5,0.042836595
5.2851,B,mrac.roll.u_nom,-0.094095983
5.2851,B,mrac.roll.xm,0.011533747
5.2851,B,mrac.yaw.theta_0,1.145332e-10
5.2851,B,mrac.yaw.theta_1,0.0015333354
5.2851,B,mrac.yaw.theta_2,2.3720251e-05
5.2851,B,mrac.yaw.theta_3,0
5.2851,B,mrac.yaw.theta_4,0.015676707
5.2851,B,mrac.yaw.theta_5,0.056463286
5.2851,B,mrac.yaw.u_nom,-0.018705582
5.2851,B,mrac.yaw.xm,-0.076435804
5.2851,B,mrac.z.theta_0,0.95611411
5.2851,B,mrac.z.theta_1,0.0036449793
5.2851,B,mrac.z.theta_2,0.0067020282
5.2851,B,mrac.z.theta_3,0
5.2851,B,mrac.z.theta_4,0.19739062
5.2851,B,mrac.z.theta_5,0.19074769
5.2851,B,mrac.z.u_nom,0.3854861
5.2851,B,mrac.z.xm,0.18460482
5.2851,B,path.active_path_mode,0
5.2851,B,path.circle_theta,0
5.2851,B,path.sinusoid_t_elapsed,0
5.2851,B,path.twc_arrived,0
5.2851,B,path.twc_target_x,0
5.2851,B,path.twc_target_y,0
5.2851,B,path.twc_target_z,0
5.2851,B,pid.gyrox.Des,0.66083479
5.2851,B,pid.gyrox.FB,2.791496
5.2851,B,pid.gyrox.U,-110.0923
5.2851,B,pid.gyroy.Des,-13.214794
5.2851,B,pid.gyroy.FB,-0.62385744
5.2851,B,pid.gyroy.U,-52.57214
5.2851,B,pid.gyroz.Des,-4.379447
5.2851,B,pid.gyroz.FB,-0.2435649
5.2851,B,pid.gyroz.U,-35.01685
5.2851,B,pid.locx.Des,0
5.2851,B,pid.locx.FB,13.299782
5.2851,B,pid.locx.U,-12.479052
5.2851,B,pid.locxs.Des,-12.479052
5.2851,B,pid.locxs.FB,-3.011359
5.2851,B,pid.locxs.U,-22.219221
5.2851,B,pid.locy.Des,0
5.2851,B,pid.locy.FB,29.601522
5.2851,B,pid.locy.U,-25.880598
5.2851,B,pid.locys.Des,-25.880598
5.2851,B,pid.locys.FB,2.9885976
5.2851,B,pid.locys.U,-86.830292
5.2851,B,pid.pitch.Des,-5.0549588
5.2851,B,pid.pitch.FB,-0.68900108
5.2851,B,pid.pitch.U,-13.214794
5.2851,B,pid.roll.Des,1.3170769
5.2851,B,pid.roll.FB,-0.18089454
5.2851,B,pid.roll.U,0.66083479
5.2851,B,pid.yaw.Des,-0.61393034
5.2851,B,pid.yaw.FB,-0.21735582
5.2851,B,pid.yaw.U,-4.379447
5.2851,B,pid.z_pos.Des,1.1493505
5.2851,B,pid.z_pos.FB,1.099915
5.2851,B,pid.z_pos.U,0.18460482
5.2851,B,pid.z_rate.Des,0.18460482
5.2851,B,pid.z_rate.FB,-0.00010929879
5.2851,B,pid.z_rate.U,85.577911
5.2851,B,status.vbat,0
5.4846,A,mrac.pitch.e,0.19715321
5.4846,A,mrac.pitch.u_ad,-0.032665271
5.4846,A,mrac.roll.e,-0.16343766
5.4846,A,mrac.roll.u_ad,0.15366143
5.4846,A,mrac.yaw.e,0.079086043
5.4846,A,mrac.yaw.u_ad,-0.0044484884
5.4846,A,mrac.z.e,-0.29964375
5.4846,A,mrac.z.u_ad,1.0985894
5.4846,A,status.arm,1
5.4846,A,status.flymode,1
5.4846,A,status.rc_authority,0
5.4846,A,status.sbus_lost,0
5.4846,A,status.twc_arrived,0
5.4846,A,status.twc_execute,0
5.4846,B,mrac.pitch.theta_0,1.1109709e-11
5.4846,B,mrac.pitch.theta_1,0.0046300227
5.4846,B,mrac.pitch.theta_2,0.00037632318
5.4846,B,mrac.pitch.theta_3,0.00086311635
5.4846,B,mrac.pitch.theta_4,0.055156693
5.4846,B,mrac.pitch.theta_5,0.14249896
5.4846,B,mrac.pitch.u_nom,-0.068321228
5.4846,B,mrac.pitch.xm,-0.21239814
5.4846,B,mrac.roll.theta_0,0.14870189
5.4846,B,mrac.roll.theta_1,0.0027877693
5.4846,B,mrac.roll.theta_2,0.003977566
5.4846,B,mrac.roll.theta_3,0.00029076455
5.4846,B,mrac.roll.theta_4,0.036081966
5.4846,B,mrac.roll.theta_5,0.042929478
5.4846,B,mrac.roll.u_nom,0.086308353
5.4846,B,mrac.roll.xm,0.092244335
5.4846,B,mrac.yaw.theta_0,8.6314275e-11
5.4846,B,mrac.yaw.theta_1,0.001531981
5.4846,B,mrac.yaw.theta_2,2.3717024e-05
5.4846,B,mrac.yaw.theta_3,0
5.4846,B,mrac.yaw.theta_4,0.015685514
5.4846,B,mrac.yaw.theta_5,0.056490939
5.4846,B,mrac.yaw.u_nom,-0.0092546158
5.4846,B,mrac.yaw.xm,-0.073071264
5.4846,B,mrac.z.theta_0,0.95867723
5.4846,B,mrac.z.theta_1,0.0036307327
5.4846,B,mrac.z.theta_2,0.0067031528
5.4846,B,mrac.z.theta_3,0
5.4846,B,mrac.z.theta_4,0.19739515
5.4846,B,mrac.z.theta_5,0.19079934
5.4846,B,mrac.z.u_nom,0.76219386
5.4846,B,mrac.z.xm,0.19271412
5.4846,B,path.active_path_mode,0
5.4846,B,path.circle_theta,0
5.4846,B,path.sinusoid_t_elapsed,0
5.4846,B,path.twc_arrived,0
5.4846,B,path.twc_target_x,0
5.4846,B,path.twc_target_y,0
5.4846,B,path.twc_target_z,0
5.4846,B,pid.gyrox.Des,5.2852087
5.4846,B,pid.gyrox.FB,-9.583107
5.4846,B,pid.gyrox.U,100.98077
5.4846,B,pid.gyroy.Des,-12.169512
5.4846,B,pid.gyroy.FB,-0.48371744
5.4846,B,pid.gyroy.U,-79.935837
5.4846,B,pid.gyroz.Des,-4.1866732
5.4846,B,pid.gyroz.FB,-2.2670214
5.4846,B,pid.gyroz.U,-17.32464
5.4846,B,pid.locx.Des,0
5.4846,B,pid.locx.FB,12.176508
5.4846,B,pid.locx.U,-11.42052
5.4846,B,pid.locxs.Des,-11.42052
5.4846,B,pid.locxs.FB,-6.0086517
5.4846,B,pid.locxs.U,-15.848607
5.4846,B,pid.locy.Des,0
5.4846,B,pid.locy.FB,30.386854
5.4846,B,pid.locy.U,-26.468107
5.4846,B,pid.locys.Des,-26.468107
5.4846,B,pid.locys.FB,1.9738551
5.4846,B,pid.locys.U,-85.509857
5.4846,B,pid.pitch.Des,-4.97894
5.4846,B,pid.pitch.FB,-0.97882879
5.4846,B,pid.pitch.U,-12.169512
5.4846,B,pid.roll.Des,0.94748288
5.4846,B,pid.roll.FB,-0.69364846
5.4846,B,pid.roll.U,5.2852087
5.4846,B,pid.yaw.Des,-0.61393034
5.4846,B,pid.yaw.FB,-0.24948476
5.4846,B,pid.yaw.U,-4.1866732
5.4846,B,pid.z_pos.Des,1.1493505
5.4846,B,pid.z_pos.FB,1.0897611
5.4846,B,pid.z_pos.U,0.19271412
5.4846,B,pid.z_rate.Des,0.19271412
5.4846,B,pid.z_rate.FB,-0.20107278
5.4846,B,pid.z_rate.U,169.20703
5.4846,B,status.vbat,0
5.6856,A,mrac.pitch.e,0.19715321
5.6856,A,mrac.pitch.u_ad,-0.032665271
5.6856,A,mrac.roll.e,-0.16343766
5.6856,A,mrac.roll.u_ad,0.15366143
5.6856,A,mrac.yaw.e,0.079086043
5.6856,A,mrac.yaw.u_ad,-0.0044484884
5.6856,A,mrac.z.e,-0.29964375
5.6856,A,mrac.z.u_ad,1.0985894
5.6856,A,status.arm,1
5.6856,A,status.flymode,1
5.6856,A,status.rc_authority,0
5.6856,A,status.sbus_lost,0
5.6856,A,status.twc_arrived,0
5.6856,A,status.twc_execute,0
5.6856,B,mrac.pitch.theta_0,1.1109709e-11
5.6856,B,mrac.pitch.theta_1,0.0046300227
5.6856,B,mrac.pitch.theta_2,0.00037632318
5.6856,B,mrac.pitch.theta_3,0.00086311635
5.6856,B,mrac.pitch.theta_4,0.055156693
5.6856,B,mrac.pitch.theta_5,0.14249896
5.6856,B,mrac.pitch.u_nom,-0.068321228
5.6856,B,mrac.pitch.xm,-0.21239814
5.6856,B,mrac.roll.theta_0,0.14870189
5.6856,B,mrac.roll.theta_1,0.0027877693
5.6856,B,mrac.roll.theta_2,0.003977566
5.6856,B,mrac.roll.theta_3,0.00029076455
5.6856,B,mrac.roll.theta_4,0.036081966
5.6856,B,mrac.roll.theta_5,0.042929478
5.6856,B,mrac.roll.u_nom,0.086308353
5.6856,B,mrac.roll.xm,0.092244335
5.6856,B,mrac.yaw.theta_0,8.6314275e-11
5.6856,B,mrac.yaw.theta_1,0.001531981
5.6856,B,mrac.yaw.theta_2,2.3717024e-05
5.6856,B,mrac.yaw.theta_3,0
5.6856,B,mrac.yaw.theta_4,0.015685514
5.6856,B,mrac.yaw.theta_5,0.056490939
5.6856,B,mrac.yaw.u_nom,-0.0092546158
5.6856,B,mrac.yaw.xm,-0.073071264
5.6856,B,mrac.z.theta_0,0.95867723
5.6856,B,mrac.z.theta_1,0.0036307327
5.6856,B,mrac.z.theta_2,0.0067031528
5.6856,B,mrac.z.theta_3,0
5.6856,B,mrac.z.theta_4,0.19739515
5.6856,B,mrac.z.theta_5,0.19079934
5.6856,B,mrac.z.u_nom,0.76219386
5.6856,B,mrac.z.xm,0.19271412
5.6856,B,path.active_path_mode,0
5.6856,B,path.circle_theta,0
5.6856,B,path.sinusoid_t_elapsed,0
5.6856,B,path.twc_arrived,0
5.6856,B,path.twc_target_x,0
5.6856,B,path.twc_target_y,0
5.6856,B,path.twc_target_z,0
5.6856,B,pid.gyrox.Des,5.2852087
5.6856,B,pid.gyrox.FB,-9.583107
5.6856,B,pid.gyrox.U,100.98077
5.6856,B,pid.gyroy.Des,-12.169512
5.6856,B,pid.gyroy.FB,-0.48371744
5.6856,B,pid.gyroy.U,-79.935837
5.6856,B,pid.gyroz.Des,-4.1866732
5.6856,B,pid.gyroz.FB,-2.2670214
5.6856,B,pid.gyroz.U,-17.32464
5.6856,B,pid.locx.Des,0
5.6856,B,pid.locx.FB,12.176508
5.6856,B,pid.locx.U,-11.42052
5.6856,B,pid.locxs.Des,-11.42052
5.6856,B,pid.locxs.FB,-6.0086517
5.6856,B,pid.locxs.U,-15.848607
5.6856,B,pid.locy.Des,0
5.6856,B,pid.locy.FB,30.386854
5.6856,B,pid.locy.U,-26.468107
5.6856,B,pid.locys.Des,-26.468107
5.6856,B,pid.locys.FB,1.9738551
5.6856,B,pid.locys.U,-85.509857
5.6856,B,pid.pitch.Des,-4.97894
5.6856,B,pid.pitch.FB,-0.97882879
5.6856,B,pid.pitch.U,-12.169512
5.6856,B,pid.roll.Des,0.94748288
5.6856,B,pid.roll.FB,-0.69364846
5.6856,B,pid.roll.U,5.2852087
5.6856,B,pid.yaw.Des,-0.61393034
5.6856,B,pid.yaw.FB,-0.24948476
5.6856,B,pid.yaw.U,-4.1866732
5.6856,B,pid.z_pos.Des,1.1493505
5.6856,B,pid.z_pos.FB,1.0897611
5.6856,B,pid.z_pos.U,0.19271412
5.6856,B,pid.z_rate.Des,0.19271412
5.6856,B,pid.z_rate.FB,-0.20107278
5.6856,B,pid.z_rate.U,169.20703
5.6856,B,status.vbat,0
5.8863,A,mrac.pitch.e,0.19715321
5.8863,A,mrac.pitch.u_ad,-0.032665271
5.8863,A,mrac.roll.e,-0.16343766
5.8863,A,mrac.roll.u_ad,0.15366143
5.8863,A,mrac.yaw.e,0.079086043
5.8863,A,mrac.yaw.u_ad,-0.0044484884
5.8863,A,mrac.z.e,-0.29964375
5.8863,A,mrac.z.u_ad,1.0985894
5.8863,A,status.arm,1
5.8863,A,status.flymode,1
5.8863,A,status.rc_authority,0
5.8863,A,status.sbus_lost,0
5.8863,A,status.twc_arrived,0
5.8863,A,status.twc_execute,0
5.8864,B,mrac.pitch.theta_0,1.1109709e-11
5.8864,B,mrac.pitch.theta_1,0.0046300227
5.8864,B,mrac.pitch.theta_2,0.00037632318
5.8864,B,mrac.pitch.theta_3,0.00086311635
5.8864,B,mrac.pitch.theta_4,0.055156693
5.8864,B,mrac.pitch.theta_5,0.14249896
5.8864,B,mrac.pitch.u_nom,-0.068321228
5.8864,B,mrac.pitch.xm,-0.21239814
5.8864,B,mrac.roll.theta_0,0.14870189
5.8864,B,mrac.roll.theta_1,0.0027877693
5.8864,B,mrac.roll.theta_2,0.003977566
5.8864,B,mrac.roll.theta_3,0.00029076455
5.8864,B,mrac.roll.theta_4,0.036081966
5.8864,B,mrac.roll.theta_5,0.042929478
5.8864,B,mrac.roll.u_nom,0.086308353
5.8864,B,mrac.roll.xm,0.092244335
5.8864,B,mrac.yaw.theta_0,8.6314275e-11
5.8864,B,mrac.yaw.theta_1,0.001531981
5.8864,B,mrac.yaw.theta_2,2.3717024e-05
5.8864,B,mrac.yaw.theta_3,0
5.8864,B,mrac.yaw.theta_4,0.015685514
5.8864,B,mrac.yaw.theta_5,0.056490939
5.8864,B,mrac.yaw.u_nom,-0.0092546158
5.8864,B,mrac.yaw.xm,-0.073071264
5.8864,B,mrac.z.theta_0,0.95867723
5.8864,B,mrac.z.theta_1,0.0036307327
5.8864,B,mrac.z.theta_2,0.0067031528
5.8864,B,mrac.z.theta_3,0
5.8864,B,mrac.z.theta_4,0.19739515
5.8864,B,mrac.z.theta_5,0.19079934
5.8864,B,mrac.z.u_nom,0.76219386
5.8864,B,mrac.z.xm,0.19271412
5.8864,B,path.active_path_mode,0
5.8864,B,path.circle_theta,0
5.8864,B,path.sinusoid_t_elapsed,0
5.8864,B,path.twc_arrived,0
5.8864,B,path.twc_target_x,0
5.8864,B,path.twc_target_y,0
5.8864,B,path.twc_target_z,0
5.8864,B,pid.gyrox.Des,5.2852087
5.8864,B,pid.gyrox.FB,-9.583107
5.8864,B,pid.gyrox.U,100.98077
5.8864,B,pid.gyroy.Des,-12.169512
5.8864,B,pid.gyroy.FB,-0.48371744
5.8864,B,pid.gyroy.U,-79.935837
5.8864,B,pid.gyroz.Des,-4.1866732
5.8864,B,pid.gyroz.FB,-2.2670214
5.8864,B,pid.gyroz.U,-17.32464
5.8864,B,pid.locx.Des,0
5.8864,B,pid.locx.FB,12.176508
5.8864,B,pid.locx.U,-11.42052
5.8864,B,pid.locxs.Des,-11.42052
5.8864,B,pid.locxs.FB,-6.0086517
5.8864,B,pid.locxs.U,-15.848607
5.8864,B,pid.locy.Des,0
5.8864,B,pid.locy.FB,30.386854
5.8864,B,pid.locy.U,-26.468107
5.8864,B,pid.locys.Des,-26.468107
5.8864,B,pid.locys.FB,1.9738551
5.8864,B,pid.locys.U,-85.509857
5.8864,B,pid.pitch.Des,-4.97894
5.8864,B,pid.pitch.FB,-0.97882879
5.8864,B,pid.pitch.U,-12.169512
5.8864,B,pid.roll.Des,0.94748288
5.8864,B,pid.roll.FB,-0.69364846
5.8864,B,pid.roll.U,5.2852087
5.8864,B,pid.yaw.Des,-0.61393034
5.8864,B,pid.yaw.FB,-0.24948476
5.8864,B,pid.yaw.U,-4.1866732
5.8864,B,pid.z_pos.Des,1.1493505
5.8864,B,pid.z_pos.FB,1.0897611
5.8864,B,pid.z_pos.U,0.19271412
5.8864,B,pid.z_rate.Des,0.19271412
5.8864,B,pid.z_rate.FB,-0.20107278
5.8864,B,pid.z_rate.U,169.20703
5.8864,B,status.vbat,0
6.1013,A,mrac.pitch.e,0.19715321
6.1013,A,mrac.pitch.u_ad,-0.032665271
6.1013,A,mrac.roll.e,-0.16343766
6.1013,A,mrac.roll.u_ad,0.15366143
6.1013,A,mrac.yaw.e,0.079086043
6.1013,A,mrac.yaw.u_ad,-0.0044484884
6.1013,A,mrac.z.e,-0.29964375
6.1013,A,mrac.z.u_ad,1.0985894
6.1013,A,status.arm,1
6.1013,A,status.flymode,1
6.1013,A,status.rc_authority,0
6.1013,A,status.sbus_lost,0
6.1013,A,status.twc_arrived,0
6.1013,A,status.twc_execute,0
6.1013,B,mrac.pitch.theta_0,1.1109709e-11
6.1013,B,mrac.pitch.theta_1,0.0046300227
6.1013,B,mrac.pitch.theta_2,0.00037632318
6.1013,B,mrac.pitch.theta_3,0.00086311635
6.1013,B,mrac.pitch.theta_4,0.055156693
6.1013,B,mrac.pitch.theta_5,0.14249896
6.1013,B,mrac.pitch.u_nom,-0.068321228
6.1013,B,mrac.pitch.xm,-0.21239814
6.1013,B,mrac.roll.theta_0,0.14870189
6.1013,B,mrac.roll.theta_1,0.0027877693
6.1013,B,mrac.roll.theta_2,0.003977566
6.1013,B,mrac.roll.theta_3,0.00029076455
6.1013,B,mrac.roll.theta_4,0.036081966
6.1013,B,mrac.roll.theta_5,0.042929478
6.1013,B,mrac.roll.u_nom,0.086308353
6.1013,B,mrac.roll.xm,0.092244335
6.1013,B,mrac.yaw.theta_0,8.6314275e-11
6.1013,B,mrac.yaw.theta_1,0.001531981
6.1013,B,mrac.yaw.theta_2,2.3717024e-05
6.1013,B,mrac.yaw.theta_3,0
6.1013,B,mrac.yaw.theta_4,0.015685514
6.1013,B,mrac.yaw.theta_5,0.056490939
6.1013,B,mrac.yaw.u_nom,-0.0092546158
6.1013,B,mrac.yaw.xm,-0.073071264
6.1013,B,mrac.z.theta_0,0.95867723
6.1013,B,mrac.z.theta_1,0.0036307327
6.1013,B,mrac.z.theta_2,0.0067031528
6.1013,B,mrac.z.theta_3,0
6.1013,B,mrac.z.theta_4,0.19739515
6.1013,B,mrac.z.theta_5,0.19079934
6.1013,B,mrac.z.u_nom,0.76219386
6.1013,B,mrac.z.xm,0.19271412
6.1013,B,path.active_path_mode,0
6.1013,B,path.circle_theta,0
6.1013,B,path.sinusoid_t_elapsed,0
6.1013,B,path.twc_arrived,0
6.1013,B,path.twc_target_x,0
6.1013,B,path.twc_target_y,0
6.1013,B,path.twc_target_z,0
6.1013,B,pid.gyrox.Des,5.2852087
6.1013,B,pid.gyrox.FB,-9.583107
6.1013,B,pid.gyrox.U,100.98077
6.1013,B,pid.gyroy.Des,-12.169512
6.1013,B,pid.gyroy.FB,-0.48371744
6.1013,B,pid.gyroy.U,-79.935837
6.1013,B,pid.gyroz.Des,-4.1866732
6.1013,B,pid.gyroz.FB,-2.2670214
6.1013,B,pid.gyroz.U,-17.32464
6.1013,B,pid.locx.Des,0
6.1013,B,pid.locx.FB,12.176508
6.1013,B,pid.locx.U,-11.42052
6.1013,B,pid.locxs.Des,-11.42052
6.1013,B,pid.locxs.FB,-6.0086517
6.1013,B,pid.locxs.U,-15.848607
6.1013,B,pid.locy.Des,0
6.1013,B,pid.locy.FB,30.386854
6.1013,B,pid.locy.U,-26.468107
6.1013,B,pid.locys.Des,-26.468107
6.1013,B,pid.locys.FB,1.9738551
6.1013,B,pid.locys.U,-85.509857
6.1013,B,pid.pitch.Des,-4.97894
6.1013,B,pid.pitch.FB,-0.97882879
6.1013,B,pid.pitch.U,-12.169512
6.1013,B,pid.roll.Des,0.94748288
6.1013,B,pid.roll.FB,-0.69364846
6.1013,B,pid.roll.U,5.2852087
6.1013,B,pid.yaw.Des,-0.61393034
6.1013,B,pid.yaw.FB,-0.24948476
6.1013,B,pid.yaw.U,-4.1866732
6.1013,B,pid.z_pos.Des,1.1493505
6.1013,B,pid.z_pos.FB,1.0897611
6.1013,B,pid.z_pos.U,0.19271412
6.1013,B,pid.z_rate.Des,0.19271412
6.1013,B,pid.z_rate.FB,-0.20107278
6.1013,B,pid.z_rate.U,169.20703
6.1013,B,status.vbat,0
6.3023,A,mrac.pitch.e,0.19715321
6.3023,A,mrac.pitch.u_ad,-0.032665271
6.3023,A,mrac.roll.e,-0.16343766
6.3023,A,mrac.roll.u_ad,0.15366143
6.3023,A,mrac.yaw.e,0.079086043
6.3023,A,mrac.yaw.u_ad,-0.0044484884
6.3023,A,mrac.z.e,-0.29964375
6.3023,A,mrac.z.u_ad,1.0985894
6.3023,A,status.arm,1
6.3023,A,status.flymode,1
6.3023,A,status.rc_authority,0
6.3023,A,status.sbus_lost,0
6.3023,A,status.twc_arrived,0
6.3023,A,status.twc_execute,0
6.3024,B,mrac.pitch.theta_0,1.1109709e-11
6.3024,B,mrac.pitch.theta_1,0.0046300227
6.3024,B,mrac.pitch.theta_2,0.00037632318
6.3024,B,mrac.pitch.theta_3,0.00086311635
6.3024,B,mrac.pitch.theta_4,0.055156693
6.3024,B,mrac.pitch.theta_5,0.14249896
6.3024,B,mrac.pitch.u_nom,-0.068321228
6.3024,B,mrac.pitch.xm,-0.21239814
6.3024,B,mrac.roll.theta_0,0.14870189
6.3024,B,mrac.roll.theta_1,0.0027877693
6.3024,B,mrac.roll.theta_2,0.003977566
6.3024,B,mrac.roll.theta_3,0.00029076455
6.3024,B,mrac.roll.theta_4,0.036081966
6.3024,B,mrac.roll.theta_5,0.042929478
6.3024,B,mrac.roll.u_nom,0.086308353
6.3024,B,mrac.roll.xm,0.092244335
6.3024,B,mrac.yaw.theta_0,8.6314275e-11
6.3024,B,mrac.yaw.theta_1,0.001531981
6.3024,B,mrac.yaw.theta_2,2.3717024e-05
6.3024,B,mrac.yaw.theta_3,0
6.3024,B,mrac.yaw.theta_4,0.015685514
6.3024,B,mrac.yaw.theta_5,0.056490939
6.3024,B,mrac.yaw.u_nom,-0.0092546158
6.3024,B,mrac.yaw.xm,-0.073071264
6.3024,B,mrac.z.theta_0,0.95867723
6.3024,B,mrac.z.theta_1,0.0036307327
6.3024,B,mrac.z.theta_2,0.0067031528
6.3024,B,mrac.z.theta_3,0
6.3024,B,mrac.z.theta_4,0.19739515
6.3024,B,mrac.z.theta_5,0.19079934
6.3024,B,mrac.z.u_nom,0.76219386
6.3024,B,mrac.z.xm,0.19271412
6.3024,B,path.active_path_mode,0
6.3024,B,path.circle_theta,0
6.3024,B,path.sinusoid_t_elapsed,0
6.3024,B,path.twc_arrived,0
6.3024,B,path.twc_target_x,0
6.3024,B,path.twc_target_y,0
6.3024,B,path.twc_target_z,0
6.3024,B,pid.gyrox.Des,5.2852087
6.3024,B,pid.gyrox.FB,-9.583107
6.3024,B,pid.gyrox.U,100.98077
6.3024,B,pid.gyroy.Des,-12.169512
6.3024,B,pid.gyroy.FB,-0.48371744
6.3024,B,pid.gyroy.U,-79.935837
6.3024,B,pid.gyroz.Des,-4.1866732
6.3024,B,pid.gyroz.FB,-2.2670214
6.3024,B,pid.gyroz.U,-17.32464
6.3024,B,pid.locx.Des,0
6.3024,B,pid.locx.FB,12.176508
6.3024,B,pid.locx.U,-11.42052
6.3024,B,pid.locxs.Des,-11.42052
6.3024,B,pid.locxs.FB,-6.0086517
6.3024,B,pid.locxs.U,-15.848607
6.3024,B,pid.locy.Des,0
6.3024,B,pid.locy.FB,30.386854
6.3024,B,pid.locy.U,-26.468107
6.3024,B,pid.locys.Des,-26.468107
6.3024,B,pid.locys.FB,1.9738551
6.3024,B,pid.locys.U,-85.509857
6.3024,B,pid.pitch.Des,-4.97894
6.3024,B,pid.pitch.FB,-0.97882879
6.3024,B,pid.pitch.U,-12.169512
6.3024,B,pid.roll.Des,0.94748288
6.3024,B,pid.roll.FB,-0.69364846
6.3024,B,pid.roll.U,5.2852087
6.3024,B,pid.yaw.Des,-0.61393034
6.3024,B,pid.yaw.FB,-0.24948476
6.3024,B,pid.yaw.U,-4.1866732
6.3024,B,pid.z_pos.Des,1.1493505
6.3024,B,pid.z_pos.FB,1.0897611
6.3024,B,pid.z_pos.U,0.19271412
6.3024,B,pid.z_rate.Des,0.19271412
6.3024,B,pid.z_rate.FB,-0.20107278
6.3024,B,pid.z_rate.U,169.20703
6.3024,B,status.vbat,0
6.5199,A,mrac.pitch.e,0.19715321
6.5199,A,mrac.pitch.u_ad,-0.032665271
6.5199,A,mrac.roll.e,-0.16343766
6.5199,A,mrac.roll.u_ad,0.15366143
6.5199,A,mrac.yaw.e,0.079086043
6.5199,A,mrac.yaw.u_ad,-0.0044484884
6.5199,A,mrac.z.e,-0.29964375
6.5199,A,mrac.z.u_ad,1.0985894
6.5199,A,status.arm,1
6.5199,A,status.flymode,1
6.5199,A,status.rc_authority,0
6.5199,A,status.sbus_lost,0
6.5199,A,status.twc_arrived,0
6.5199,A,status.twc_execute,0
6.5200,B,mrac.pitch.theta_0,1.1109709e-11
6.5200,B,mrac.pitch.theta_1,0.0046300227
6.5200,B,mrac.pitch.theta_2,0.00037632318
6.5200,B,mrac.pitch.theta_3,0.00086311635
6.5200,B,mrac.pitch.theta_4,0.055156693
6.5200,B,mrac.pitch.theta_5,0.14249896
6.5200,B,mrac.pitch.u_nom,-0.068321228
6.5200,B,mrac.pitch.xm,-0.21239814
6.5200,B,mrac.roll.theta_0,0.14870189
6.5200,B,mrac.roll.theta_1,0.0027877693
6.5200,B,mrac.roll.theta_2,0.003977566
6.5200,B,mrac.roll.theta_3,0.00029076455
6.5200,B,mrac.roll.theta_4,0.036081966
6.5200,B,mrac.roll.theta_5,0.042929478
6.5200,B,mrac.roll.u_nom,0.086308353
6.5200,B,mrac.roll.xm,0.092244335
6.5200,B,mrac.yaw.theta_0,8.6314275e-11
6.5200,B,mrac.yaw.theta_1,0.001531981
6.5200,B,mrac.yaw.theta_2,2.3717024e-05
6.5200,B,mrac.yaw.theta_3,0
6.5200,B,mrac.yaw.theta_4,0.015685514
6.5200,B,mrac.yaw.theta_5,0.056490939
6.5200,B,mrac.yaw.u_nom,-0.0092546158
6.5200,B,mrac.yaw.xm,-0.073071264
6.5200,B,mrac.z.theta_0,0.95867723
6.5200,B,mrac.z.theta_1,0.0036307327
6.5200,B,mrac.z.theta_2,0.0067031528
6.5200,B,mrac.z.theta_3,0
6.5200,B,mrac.z.theta_4,0.19739515
6.5200,B,mrac.z.theta_5,0.19079934
6.5200,B,mrac.z.u_nom,0.76219386
6.5200,B,mrac.z.xm,0.19271412
6.5200,B,path.active_path_mode,0
6.5200,B,path.circle_theta,0
6.5200,B,path.sinusoid_t_elapsed,0
6.5200,B,path.twc_arrived,0
6.5200,B,path.twc_target_x,0
6.5200,B,path.twc_target_y,0
6.5200,B,path.twc_target_z,0
6.5200,B,pid.gyrox.Des,5.2852087
6.5200,B,pid.gyrox.FB,-9.583107
6.5200,B,pid.gyrox.U,100.98077
6.5200,B,pid.gyroy.Des,-12.169512
6.5200,B,pid.gyroy.FB,-0.48371744
6.5200,B,pid.gyroy.U,-79.935837
6.5200,B,pid.gyroz.Des,-4.1866732
6.5200,B,pid.gyroz.FB,-2.2670214
6.5200,B,pid.gyroz.U,-17.32464
6.5200,B,pid.locx.Des,0
6.5200,B,pid.locx.FB,12.176508
6.5200,B,pid.locx.U,-11.42052
6.5200,B,pid.locxs.Des,-11.42052
6.5200,B,pid.locxs.FB,-6.0086517
6.5200,B,pid.locxs.U,-15.848607
6.5200,B,pid.locy.Des,0
6.5200,B,pid.locy.FB,30.386854
6.5200,B,pid.locy.U,-26.468107
6.5200,B,pid.locys.Des,-26.468107
6.5200,B,pid.locys.FB,1.9738551
6.5200,B,pid.locys.U,-85.509857
6.5200,B,pid.pitch.Des,-4.97894
6.5200,B,pid.pitch.FB,-0.97882879
6.5200,B,pid.pitch.U,-12.169512
6.5200,B,pid.roll.Des,0.94748288
6.5200,B,pid.roll.FB,-0.69364846
6.5200,B,pid.roll.U,5.2852087
6.5200,B,pid.yaw.Des,-0.61393034
6.5200,B,pid.yaw.FB,-0.24948476
6.5200,B,pid.yaw.U,-4.1866732
6.5200,B,pid.z_pos.Des,1.1493505
6.5200,B,pid.z_pos.FB,1.0897611
6.5200,B,pid.z_pos.U,0.19271412
6.5200,B,pid.z_rate.Des,0.19271412
6.5200,B,pid.z_rate.FB,-0.20107278
6.5200,B,pid.z_rate.U,169.20703
6.5200,B,status.vbat,0
6.7197,A,mrac.pitch.e,0.19715321
6.7197,A,mrac.pitch.u_ad,-0.032665271
6.7197,A,mrac.roll.e,-0.16343766
6.7197,A,mrac.roll.u_ad,0.15366143
6.7197,A,mrac.yaw.e,0.079086043
6.7197,A,mrac.yaw.u_ad,-0.0044484884
6.7197,A,mrac.z.e,-0.29964375
6.7197,A,mrac.z.u_ad,1.0985894
6.7197,A,status.arm,1
6.7197,A,status.flymode,1
6.7197,A,status.rc_authority,0
6.7197,A,status.sbus_lost,0
6.7197,A,status.twc_arrived,0
6.7197,A,status.twc_execute,0
6.7199,B,mrac.pitch.theta_0,1.1109709e-11
6.7199,B,mrac.pitch.theta_1,0.0046300227
6.7199,B,mrac.pitch.theta_2,0.00037632318
6.7199,B,mrac.pitch.theta_3,0.00086311635
6.7199,B,mrac.pitch.theta_4,0.055156693
6.7199,B,mrac.pitch.theta_5,0.14249896
6.7199,B,mrac.pitch.u_nom,-0.068321228
6.7199,B,mrac.pitch.xm,-0.21239814
6.7199,B,mrac.roll.theta_0,0.14870189
6.7199,B,mrac.roll.theta_1,0.0027877693
6.7199,B,mrac.roll.theta_2,0.003977566
6.7199,B,mrac.roll.theta_3,0.00029076455
6.7199,B,mrac.roll.theta_4,0.036081966
6.7199,B,mrac.roll.theta_5,0.042929478
6.7199,B,mrac.roll.u_nom,0.086308353
6.7199,B,mrac.roll.xm,0.092244335
6.7199,B,mrac.yaw.theta_0,8.6314275e-11
6.7199,B,mrac.yaw.theta_1,0.001531981
6.7199,B,mrac.yaw.theta_2,2.3717024e-05
6.7199,B,mrac.yaw.theta_3,0
6.7199,B,mrac.yaw.theta_4,0.015685514
6.7199,B,mrac.yaw.theta_5,0.056490939
6.7199,B,mrac.yaw.u_nom,-0.0092546158
6.7199,B,mrac.yaw.xm,-0.073071264
6.7199,B,mrac.z.theta_0,0.95867723
6.7199,B,mrac.z.theta_1,0.0036307327
6.7199,B,mrac.z.theta_2,0.0067031528
6.7199,B,mrac.z.theta_3,0
6.7199,B,mrac.z.theta_4,0.19739515
6.7199,B,mrac.z.theta_5,0.19079934
6.7199,B,mrac.z.u_nom,0.76219386
6.7199,B,mrac.z.xm,0.19271412
6.7199,B,path.active_path_mode,0
6.7199,B,path.circle_theta,0
6.7199,B,path.sinusoid_t_elapsed,0
6.7199,B,path.twc_arrived,0
6.7199,B,path.twc_target_x,0
6.7199,B,path.twc_target_y,0
6.7199,B,path.twc_target_z,0
6.7199,B,pid.gyrox.Des,5.2852087
6.7199,B,pid.gyrox.FB,-9.583107
6.7199,B,pid.gyrox.U,100.98077
6.7199,B,pid.gyroy.Des,-12.169512
6.7199,B,pid.gyroy.FB,-0.48371744
6.7199,B,pid.gyroy.U,-79.935837
6.7199,B,pid.gyroz.Des,-4.1866732
6.7199,B,pid.gyroz.FB,-2.2670214
6.7199,B,pid.gyroz.U,-17.32464
6.7199,B,pid.locx.Des,0
6.7199,B,pid.locx.FB,12.176508
6.7199,B,pid.locx.U,-11.42052
6.7199,B,pid.locxs.Des,-11.42052
6.7199,B,pid.locxs.FB,-6.0086517
6.7199,B,pid.locxs.U,-15.848607
6.7199,B,pid.locy.Des,0
6.7199,B,pid.locy.FB,30.386854
6.7199,B,pid.locy.U,-26.468107
6.7199,B,pid.locys.Des,-26.468107
6.7199,B,pid.locys.FB,1.9738551
6.7199,B,pid.locys.U,-85.509857
6.7199,B,pid.pitch.Des,-4.97894
6.7199,B,pid.pitch.FB,-0.97882879
6.7199,B,pid.pitch.U,-12.169512
6.7199,B,pid.roll.Des,0.94748288
6.7199,B,pid.roll.FB,-0.69364846
6.7199,B,pid.roll.U,5.2852087
6.7199,B,pid.yaw.Des,-0.61393034
6.7199,B,pid.yaw.FB,-0.24948476
6.7199,B,pid.yaw.U,-4.1866732
6.7199,B,pid.z_pos.Des,1.1493505
6.7199,B,pid.z_pos.FB,1.0897611
6.7199,B,pid.z_pos.U,0.19271412
6.7199,B,pid.z_rate.Des,0.19271412
6.7199,B,pid.z_rate.FB,-0.20107278
6.7199,B,pid.z_rate.U,169.20703
6.7199,B,status.vbat,0
6.9200,A,mrac.pitch.e,0.19715321
6.9200,A,mrac.pitch.u_ad,-0.032665271
6.9200,A,mrac.roll.e,-0.16343766
6.9200,A,mrac.roll.u_ad,0.15366143
6.9200,A,mrac.yaw.e,0.079086043
6.9200,A,mrac.yaw.u_ad,-0.0044484884
6.9200,A,mrac.z.e,-0.29964375
6.9200,A,mrac.z.u_ad,1.0985894
6.9200,A,status.arm,1
6.9200,A,status.flymode,1
6.9200,A,status.rc_authority,0
6.9200,A,status.sbus_lost,0
6.9200,A,status.twc_arrived,0
6.9200,A,status.twc_execute,0
6.9201,B,mrac.pitch.theta_0,1.1109709e-11
6.9201,B,mrac.pitch.theta_1,0.0046300227
6.9201,B,mrac.pitch.theta_2,0.00037632318
6.9201,B,mrac.pitch.theta_3,0.00086311635
6.9201,B,mrac.pitch.theta_4,0.055156693
6.9201,B,mrac.pitch.theta_5,0.14249896
6.9201,B,mrac.pitch.u_nom,-0.068321228
6.9201,B,mrac.pitch.xm,-0.21239814
6.9201,B,mrac.roll.theta_0,0.14870189
6.9201,B,mrac.roll.theta_1,0.0027877693
6.9201,B,mrac.roll.theta_2,0.003977566
6.9201,B,mrac.roll.theta_3,0.00029076455
6.9201,B,mrac.roll.theta_4,0.036081966
6.9201,B,mrac.roll.theta_5,0.042929478
6.9201,B,mrac.roll.u_nom,0.086308353
6.9201,B,mrac.roll.xm,0.092244335
6.9201,B,mrac.yaw.theta_0,8.6314275e-11
6.9201,B,mrac.yaw.theta_1,0.001531981
6.9201,B,mrac.yaw.theta_2,2.3717024e-05
6.9201,B,mrac.yaw.theta_3,0
6.9201,B,mrac.yaw.theta_4,0.015685514
6.9201,B,mrac.yaw.theta_5,0.056490939
6.9201,B,mrac.yaw.u_nom,-0.0092546158
6.9201,B,mrac.yaw.xm,-0.073071264
6.9201,B,mrac.z.theta_0,0.95867723
6.9201,B,mrac.z.theta_1,0.0036307327
6.9201,B,mrac.z.theta_2,0.0067031528
6.9201,B,mrac.z.theta_3,0
6.9201,B,mrac.z.theta_4,0.19739515
6.9201,B,mrac.z.theta_5,0.19079934
6.9201,B,mrac.z.u_nom,0.76219386
6.9201,B,mrac.z.xm,0.19271412
6.9201,B,path.active_path_mode,0
6.9201,B,path.circle_theta,0
6.9201,B,path.sinusoid_t_elapsed,0
6.9201,B,path.twc_arrived,0
6.9201,B,path.twc_target_x,0
6.9201,B,path.twc_target_y,0
6.9201,B,path.twc_target_z,0
6.9201,B,pid.gyrox.Des,5.2852087
6.9201,B,pid.gyrox.FB,-9.583107
6.9201,B,pid.gyrox.U,100.98077
6.9201,B,pid.gyroy.Des,-12.169512
6.9201,B,pid.gyroy.FB,-0.48371744
6.9201,B,pid.gyroy.U,-79.935837
6.9201,B,pid.gyroz.Des,-4.1866732
6.9201,B,pid.gyroz.FB,-2.2670214
6.9201,B,pid.gyroz.U,-17.32464
6.9201,B,pid.locx.Des,0
6.9201,B,pid.locx.FB,12.176508
6.9201,B,pid.locx.U,-11.42052
6.9201,B,pid.locxs.Des,-11.42052
6.9201,B,pid.locxs.FB,-6.0086517
6.9201,B,pid.locxs.U,-15.848607
6.9201,B,pid.locy.Des,0
6.9201,B,pid.locy.FB,30.386854
6.9201,B,pid.locy.U,-26.468107
6.9201,B,pid.locys.Des,-26.468107
6.9201,B,pid.locys.FB,1.9738551
6.9201,B,pid.locys.U,-85.509857
6.9201,B,pid.pitch.Des,-4.97894
6.9201,B,pid.pitch.FB,-0.97882879
6.9201,B,pid.pitch.U,-12.169512
6.9201,B,pid.roll.Des,0.94748288
6.9201,B,pid.roll.FB,-0.69364846
6.9201,B,pid.roll.U,5.2852087
6.9201,B,pid.yaw.Des,-0.61393034
6.9201,B,pid.yaw.FB,-0.24948476
6.9201,B,pid.yaw.U,-4.1866732
6.9201,B,pid.z_pos.Des,1.1493505
6.9201,B,pid.z_pos.FB,1.0897611
6.9201,B,pid.z_pos.U,0.19271412
6.9201,B,pid.z_rate.Des,0.19271412
6.9201,B,pid.z_rate.FB,-0.20107278
6.9201,B,pid.z_rate.U,169.20703
6.9201,B,status.vbat,0
7.1204,A,mrac.pitch.e,0.19715321
7.1204,A,mrac.pitch.u_ad,-0.032665271
7.1204,A,mrac.roll.e,-0.16343766
7.1204,A,mrac.roll.u_ad,0.15366143
7.1204,A,mrac.yaw.e,0.079086043
7.1204,A,mrac.yaw.u_ad,-0.0044484884
7.1204,A,mrac.z.e,-0.29964375
7.1204,A,mrac.z.u_ad,1.0985894
7.1204,A,status.arm,1
7.1204,A,status.flymode,1
7.1204,A,status.rc_authority,0
7.1204,A,status.sbus_lost,0
7.1204,A,status.twc_arrived,0
7.1204,A,status.twc_execute,0
7.1205,B,mrac.pitch.theta_0,1.1109709e-11
7.1205,B,mrac.pitch.theta_1,0.0046300227
7.1205,B,mrac.pitch.theta_2,0.00037632318
7.1205,B,mrac.pitch.theta_3,0.00086311635
7.1205,B,mrac.pitch.theta_4,0.055156693
7.1205,B,mrac.pitch.theta_5,0.14249896
7.1205,B,mrac.pitch.u_nom,-0.068321228
7.1205,B,mrac.pitch.xm,-0.21239814
7.1205,B,mrac.roll.theta_0,0.14870189
7.1205,B,mrac.roll.theta_1,0.0027877693
7.1205,B,mrac.roll.theta_2,0.003977566
7.1205,B,mrac.roll.theta_3,0.00029076455
7.1205,B,mrac.roll.theta_4,0.036081966
7.1205,B,mrac.roll.theta_5,0.042929478
7.1205,B,mrac.roll.u_nom,0.086308353
7.1205,B,mrac.roll.xm,0.092244335
7.1205,B,mrac.yaw.theta_0,8.6314275e-11
7.1205,B,mrac.yaw.theta_1,0.001531981
7.1205,B,mrac.yaw.theta_2,2.3717024e-05
7.1205,B,mrac.yaw.theta_3,0
7.1205,B,mrac.yaw.theta_4,0.015685514
7.1205,B,mrac.yaw.theta_5,0.056490939
7.1205,B,mrac.yaw.u_nom,-0.0092546158
7.1205,B,mrac.yaw.xm,-0.073071264
7.1205,B,mrac.z.theta_0,0.95867723
7.1205,B,mrac.z.theta_1,0.0036307327
7.1205,B,mrac.z.theta_2,0.0067031528
7.1205,B,mrac.z.theta_3,0
7.1205,B,mrac.z.theta_4,0.19739515
7.1205,B,mrac.z.theta_5,0.19079934
7.1205,B,mrac.z.u_nom,0.76219386
7.1205,B,mrac.z.xm,0.19271412
7.1205,B,path.active_path_mode,0
7.1205,B,path.circle_theta,0
7.1205,B,path.sinusoid_t_elapsed,0
7.1205,B,path.twc_arrived,0
7.1205,B,path.twc_target_x,0
7.1205,B,path.twc_target_y,0
7.1205,B,path.twc_target_z,0
7.1205,B,pid.gyrox.Des,5.2852087
7.1205,B,pid.gyrox.FB,-9.583107
7.1205,B,pid.gyrox.U,100.98077
7.1205,B,pid.gyroy.Des,-12.169512
7.1205,B,pid.gyroy.FB,-0.48371744
7.1205,B,pid.gyroy.U,-79.935837
7.1205,B,pid.gyroz.Des,-4.1866732
7.1205,B,pid.gyroz.FB,-2.2670214
7.1205,B,pid.gyroz.U,-17.32464
7.1205,B,pid.locx.Des,0
7.1205,B,pid.locx.FB,12.176508
7.1205,B,pid.locx.U,-11.42052
7.1205,B,pid.locxs.Des,-11.42052
7.1205,B,pid.locxs.FB,-6.0086517
7.1205,B,pid.locxs.U,-15.848607
7.1205,B,pid.locy.Des,0
7.1205,B,pid.locy.FB,30.386854
7.1205,B,pid.locy.U,-26.468107
7.1205,B,pid.locys.Des,-26.468107
7.1205,B,pid.locys.FB,1.9738551
7.1205,B,pid.locys.U,-85.509857
7.1205,B,pid.pitch.Des,-4.97894
7.1205,B,pid.pitch.FB,-0.97882879
7.1205,B,pid.pitch.U,-12.169512
7.1205,B,pid.roll.Des,0.94748288
7.1205,B,pid.roll.FB,-0.69364846
7.1205,B,pid.roll.U,5.2852087
7.1205,B,pid.yaw.Des,-0.61393034
7.1205,B,pid.yaw.FB,-0.24948476
7.1205,B,pid.yaw.U,-4.1866732
7.1205,B,pid.z_pos.Des,1.1493505
7.1205,B,pid.z_pos.FB,1.0897611
7.1205,B,pid.z_pos.U,0.19271412
7.1205,B,pid.z_rate.Des,0.19271412
7.1205,B,pid.z_rate.FB,-0.20107278
7.1205,B,pid.z_rate.U,169.20703
7.1205,B,status.vbat,0
7.3353,A,mrac.pitch.e,0.19715321
7.3353,A,mrac.pitch.u_ad,-0.032665271
7.3353,A,mrac.roll.e,-0.16343766
7.3353,A,mrac.roll.u_ad,0.15366143
7.3353,A,mrac.yaw.e,0.079086043
7.3353,A,mrac.yaw.u_ad,-0.0044484884
7.3353,A,mrac.z.e,-0.29964375
7.3353,A,mrac.z.u_ad,1.0985894
7.3353,A,status.arm,1
7.3353,A,status.flymode,1
7.3353,A,status.rc_authority,0
7.3353,A,status.sbus_lost,0
7.3353,A,status.twc_arrived,0
7.3353,A,status.twc_execute,0
7.3354,B,mrac.pitch.theta_0,1.1109709e-11
7.3354,B,mrac.pitch.theta_1,0.0046300227
7.3354,B,mrac.pitch.theta_2,0.00037632318
7.3354,B,mrac.pitch.theta_3,0.00086311635
7.3354,B,mrac.pitch.theta_4,0.055156693
7.3354,B,mrac.pitch.theta_5,0.14249896
7.3354,B,mrac.pitch.u_nom,-0.068321228
7.3354,B,mrac.pitch.xm,-0.21239814
7.3354,B,mrac.roll.theta_0,0.14870189
7.3354,B,mrac.roll.theta_1,0.0027877693
7.3354,B,mrac.roll.theta_2,0.003977566
7.3354,B,mrac.roll.theta_3,0.00029076455
7.3354,B,mrac.roll.theta_4,0.036081966
7.3354,B,mrac.roll.theta_5,0.042929478
7.3354,B,mrac.roll.u_nom,0.086308353
7.3354,B,mrac.roll.xm,0.092244335
7.3354,B,mrac.yaw.theta_0,8.6314275e-11
7.3354,B,mrac.yaw.theta_1,0.001531981
7.3354,B,mrac.yaw.theta_2,2.3717024e-05
7.3354,B,mrac.yaw.theta_3,0
7.3354,B,mrac.yaw.theta_4,0.015685514
7.3354,B,mrac.yaw.theta_5,0.056490939
7.3354,B,mrac.yaw.u_nom,-0.0092546158
7.3354,B,mrac.yaw.xm,-0.073071264
7.3354,B,mrac.z.theta_0,0.95867723
7.3354,B,mrac.z.theta_1,0.0036307327
7.3354,B,mrac.z.theta_2,0.0067031528
7.3354,B,mrac.z.theta_3,0
7.3354,B,mrac.z.theta_4,0.19739515
7.3354,B,mrac.z.theta_5,0.19079934
7.3354,B,mrac.z.u_nom,0.76219386
7.3354,B,mrac.z.xm,0.19271412
7.3354,B,path.active_path_mode,0
7.3354,B,path.circle_theta,0
7.3354,B,path.sinusoid_t_elapsed,0
7.3354,B,path.twc_arrived,0
7.3354,B,path.twc_target_x,0
7.3354,B,path.twc_target_y,0
7.3354,B,path.twc_target_z,0
7.3354,B,pid.gyrox.Des,5.2852087
7.3354,B,pid.gyrox.FB,-9.583107
7.3354,B,pid.gyrox.U,100.98077
7.3354,B,pid.gyroy.Des,-12.169512
7.3354,B,pid.gyroy.FB,-0.48371744
7.3354,B,pid.gyroy.U,-79.935837
7.3354,B,pid.gyroz.Des,-4.1866732
7.3354,B,pid.gyroz.FB,-2.2670214
7.3354,B,pid.gyroz.U,-17.32464
7.3354,B,pid.locx.Des,0
7.3354,B,pid.locx.FB,12.176508
7.3354,B,pid.locx.U,-11.42052
7.3354,B,pid.locxs.Des,-11.42052
7.3354,B,pid.locxs.FB,-6.0086517
7.3354,B,pid.locxs.U,-15.848607
7.3354,B,pid.locy.Des,0
7.3354,B,pid.locy.FB,30.386854
7.3354,B,pid.locy.U,-26.468107
7.3354,B,pid.locys.Des,-26.468107
7.3354,B,pid.locys.FB,1.9738551
7.3354,B,pid.locys.U,-85.509857
7.3354,B,pid.pitch.Des,-4.97894
7.3354,B,pid.pitch.FB,-0.97882879
7.3354,B,pid.pitch.U,-12.169512
7.3354,B,pid.roll.Des,0.94748288
7.3354,B,pid.roll.FB,-0.69364846
7.3354,B,pid.roll.U,5.2852087
7.3354,B,pid.yaw.Des,-0.61393034
7.3354,B,pid.yaw.FB,-0.24948476
7.3354,B,pid.yaw.U,-4.1866732
7.3354,B,pid.z_pos.Des,1.1493505
7.3354,B,pid.z_pos.FB,1.0897611
7.3354,B,pid.z_pos.U,0.19271412
7.3354,B,pid.z_rate.Des,0.19271412
7.3354,B,pid.z_rate.FB,-0.20107278
7.3354,B,pid.z_rate.U,169.20703
7.3354,B,status.vbat,0
7.5361,A,mrac.pitch.e,0.32279766
7.5361,A,mrac.pitch.u_ad,-0.03537691
7.5361,A,mrac.roll.e,-0.15342785
7.5361,A,mrac.roll.u_ad,0.15618724
7.5361,A,mrac.yaw.e,0.2394937
7.5361,A,mrac.yaw.u_ad,-0.0099936873
7.5361,A,mrac.z.e,-0.24972647
7.5361,A,mrac.z.u_ad,1.1260301
7.5361,A,status.arm,1
7.5361,A,status.flymode,1
7.5361,A,status.rc_authority,0
7.5361,A,status.sbus_lost,0
7.5361,A,status.twc_arrived,0
7.5361,A,status.twc_execute,0
7.5362,B,mrac.pitch.theta_0,5.2491129e-16
7.5362,B,mrac.pitch.theta_1,0.0046687494
7.5362,B,mrac.pitch.theta_2,0.00037304792
7.5362,B,mrac.pitch.theta_3,0.00087185943
7.5362,B,mrac.pitch.theta_4,0.056174327
7.5362,B,mrac.pitch.theta_5,0.14287907
7.5362,B,mrac.pitch.u_nom,-0.15455998
7.5362,B,mrac.pitch.xm,-0.21354038
7.5362,B,mrac.roll.theta_0,0.14886546
7.5362,B,mrac.roll.theta_1,0.0025821938
7.5362,B,mrac.roll.theta_2,0.0040256777
7.5362,B,mrac.roll.theta_3,0.000294242
7.5362,B,mrac.roll.theta_4,0.037002593
7.5362,B,mrac.roll.theta_5,0.04460001
7.5362,B,mrac.roll.u_nom,0.059220392
7.5362,B,mrac.roll.xm,0.13911004
7.5362,B,mrac.yaw.theta_0,5.5516523e-13
7.5362,B,mrac.yaw.theta_1,0.0014898328
7.5362,B,mrac.yaw.theta_2,2.3628685e-05
7.5362,B,mrac.yaw.theta_3,0
7.5362,B,mrac.yaw.theta_4,0.015918696
7.5362,B,mrac.yaw.theta_5,0.05719487
7.5362,B,mrac.yaw.u_nom,-0.044494893
7.5362,B,mrac.yaw.xm,-0.15831254
7.5362,B,mrac.z.theta_0,0.97690755
7.5362,B,mrac.z.theta_1,0.0029396482
7.5362,B,mrac.z.theta_2,0.0068451264
7.5362,B,mrac.z.theta_3,0
7.5362,B,mrac.z.theta_4,0.1978226
7.5362,B,mrac.z.theta_5,0.19178826
7.5362,B,mrac.z.u_nom,0.5088011
7.5362,B,mrac.z.xm,0.2476936
7.5362,B,path.active_path_mode,0
7.5362,B,path.circle_theta,0
7.5362,B,path.sinusoid_t_elapsed,0
7.5362,B,path.twc_arrived,0
7.5362,B,path.twc_target_x,0
7.5362,B,path.twc_target_y,0
7.5362,B,path.twc_target_z,0
7.5362,B,pid.gyrox.Des,7.9704151
7.5362,B,pid.gyrox.FB,-3.8858955
7.5362,B,pid.gyrox.U,69.287857
7.5362,B,pid.gyroy.Des,-12.234957
7.5362,B,pid.gyroy.FB,3.8182273
7.5362,B,pid.gyroy.U,-180.83519
7.5362,B,pid.gyroz.Des,-9.0706367
7.5362,B,pid.gyroz.FB,1.0999379
7.5362,B,pid.gyroz.U,-83.294441
7.5362,B,pid.locx.Des,0
7.5362,B,pid.locx.FB,5.199935
7.5362,B,pid.locx.U,-6.2407203
7.5362,B,pid.locxs.Des,-6.2407203
7.5362,B,pid.locxs.FB,3.009707
7.5362,B,pid.locxs.U,-27.852591
7.5362,B,pid.locy.Des,0
7.5362,B,pid.locy.FB,29.408346
7.5362,B,pid.locy.U,-25.605902
7.5362,B,pid.locys.Des,-25.605902
7.5362,B,pid.locys.FB,0.97039437
7.5362,B,pid.locys.U,-79.811066
7.5362,B,pid.pitch.Des,-4.6676779
7.5362,B,pid.pitch.FB,-0.51242155
7.5362,B,pid.pitch.U,-12.234957
7.5362,B,pid.roll.Des,1.5808153
7.5362,B,pid.roll.FB,-1.0432788
7.5362,B,pid.roll.U,7.9704151
7.5362,B,pid.yaw.Des,-0.61393034
7.5362,B,pid.yaw.FB,0.56450897
7.5362,B,pid.yaw.U,-9.0706367
7.5362,B,pid.z_pos.Des,1.1493505
7.5362,B,pid.z_pos.FB,1.0097922
7.5362,B,pid.z_pos.U,0.2476936
7.5362,B,pid.z_rate.Des,0.2476936
7.5362,B,pid.z_rate.FB,-0.0047556157
7.5362,B,pid.z_rate.U,112.95385
7.5362,B,status.vbat,0
7.7361,A,mrac.pitch.e,0.037972309
7.7361,A,mrac.pitch.u_ad,-0.030210905
7.7361,A,mrac.roll.e,-0.076402366
7.7361,A,mrac.roll.u_ad,0.15700163
7.7361,A,mrac.yaw.e,0.19400293
7.7361,A,mrac.yaw.u_ad,-0.011510787
7.7361,A,mrac.z.e,-0.54650056
7.7361,A,mrac.z.u_ad,1.1737095
7.7361,A,status.arm,1
7.7361,A,status.flymode,1
7.7361,A,status.rc_authority,0
7.7361,A,status.sbus_lost,0
7.7361,A,status.twc_arrived,0
7.7361,A,status.twc_execute,0
7.7362,B,mrac.pitch.theta_0,2.3380402e-16
7.7362,B,mrac.pitch.theta_1,0.0046809972
7.7362,B,mrac.pitch.theta_2,0.00037273119
7.7362,B,mrac.pitch.theta_3,0.0008727294
7.7362,B,mrac.pitch.theta_4,0.056268264
7.7362,B,mrac.pitch.theta_5,0.14291318
7.7362,B,mrac.pitch.u_nom,-0.15490486
7.7362,B,mrac.pitch.xm,-0.21065257
7.7362,B,mrac.roll.theta_0,0.1489096
7.7362,B,mrac.roll.theta_1,0.0025619918
7.7362,B,mrac.roll.theta_2,0.0040283566
7.7362,B,mrac.roll.theta_3,0.00029483877
7.7362,B,mrac.roll.theta_4,0.03706748
7.7362,B,mrac.roll.theta_5,0.044771105
7.7362,B,mrac.roll.u_nom,-0.06176585
7.7362,B,mrac.roll.xm,0.14636144
7.7362,B,mrac.yaw.theta_0,2.2270492e-13
7.7362,B,mrac.yaw.theta_1,0.001482074
7.7362,B,mrac.yaw.theta_2,2.3609213e-05
7.7362,B,mrac.yaw.theta_3,0
7.7362,B,mrac.yaw.theta_4,0.015998514
7.7362,B,mrac.yaw.theta_5,0.057463385
7.7362,B,mrac.yaw.u_nom,-0.046102785
7.7362,B,mrac.yaw.xm,-0.1853428
7.7362,B,mrac.z.theta_0,0.97757792
7.7362,B,mrac.z.theta_1,0.0028643897
7.7362,B,mrac.z.theta_2,0.0068558096
7.7362,B,mrac.z.theta_3,0
7.7362,B,mrac.z.theta_4,0.19787049
7.7362,B,mrac.z.theta_5,0.19190079
7.7362,B,mrac.z.u_nom,0.56325299
7.7362,B,mrac.z.xm,0.25477284
7.7362,B,path.active_path_mode,0
7.7362,B,path.circle_theta,0
7.7362,B,path.sinusoid_t_elapsed,0
7.7362,B,path.twc_arrived,0
7.7362,B,path.twc_target_x,0
7.7362,B,path.twc_target_y,0
7.7362,B,path.twc_target_z,0
7.7362,B,pid.gyrox.Des,8.3858891
7.7362,B,pid.gyrox.FB,4.1800237
7.7362,B,pid.gyrox.U,-72.266045
7.7362,B,pid.gyroy.Des,-12.069498
7.7362,B,pid.gyroy.FB,4.0643845
7.7362,B,pid.gyroy.U,-181.23868
7.7362,B,pid.gyroz.Des,-10.619356
7.7362,B,pid.gyroz.FB,-0.073916882
7.7362,B,pid.gyroz.U,-86.304413
7.7362,B,pid.locx.Des,0
7.7362,B,pid.locx.FB,5.4742856
7.7362,B,pid.locx.U,-6.4524398
7.7362,B,pid.locxs.Des,-6.4524398
7.7362,B,pid.locxs.FB,2.0141509
7.7362,B,pid.locxs.U,-25.495361
7.7362,B,pid.locy.Des,0
7.7362,B,pid.locy.FB,29.734751
7.7362,B,pid.locy.U,-25.858774
7.7362,B,pid.locys.Des,-25.858774
7.7362,B,pid.locys.FB,0.97118276
7.7362,B,pid.locys.U,-80.587982
7.7362,B,pid.pitch.Des,-4.7172885
7.7362,B,pid.pitch.FB,-0.61293048
7.7362,B,pid.pitch.U,-12.069498
7.7362,B,pid.roll.Des,1.4214531
7.7362,B,pid.roll.FB,-1.3518944
7.7362,B,pid.roll.U,8.3858891
7.7362,B,pid.yaw.Des,-0.61393034
7.7362,B,pid.yaw.FB,0.82262909
7.7362,B,pid.yaw.U,-10.619356
7.7362,B,pid.z_pos.Des,1.1493505
7.7362,B,pid.z_pos.FB,0.99966443
7.7362,B,pid.z_pos.U,0.25477284
7.7362,B,pid.z_rate.Des,0.25477284
7.7362,B,pid.z_rate.FB,-0.027897162
7.7362,B,pid.z_rate.U,125.04216
7.7362,B,status.vbat,0
7.9542,A,mrac.pitch.e,0.12948276
7.9542,A,mrac.pitch.u_ad,-0.034557194
7.9542,A,mrac.roll.e,-0.082700372
7.9542,A,mrac.roll.u_ad,0.15691605
7.9542,A,mrac.yaw.e,0.2731716
7.9542,A,mrac.yaw.u_ad,-0.014201631
7.9542,A,mrac.z.e,-0.061571002
7.9542,A,mrac.z.u_ad,1.1318263
7.9542,A,status.arm,1
7.9542,A,status.flymode,1
7.9542,A,status.rc_authority,0
7.9542,A,status.sbus_lost,0
7.9542,A,status.twc_arrived,0
7.9542,A,status.twc_execute,0
7.9543,B,mrac.pitch.theta_0,6.7932995e-17
7.9543,B,mrac.pitch.theta_1,0.0046626097
7.9543,B,mrac.pitch.theta_2,0.00037233878
7.9543,B,mrac.pitch.theta_3,0.00087419653
7.9543,B,mrac.pitch.theta_4,0.056403399
7.9543,B,mrac.pitch.theta_5,0.14296056
7.9543,B,mrac.pitch.u_nom,-0.12111159
7.9543,B,mrac.pitch.xm,-0.21441258
7.9543,B,mrac.roll.theta_0,0.14891897
7.9543,B,mrac.roll.theta_1,0.0025515631
7.9543,B,mrac.roll.theta_2,0.0040381029
7.9543,B,mrac.roll.theta_3,0.00029517492
7.9543,B,mrac.roll.theta_4,0.037208632
7.9543,B,mrac.roll.theta_5,0.045001287
7.9543,B,mrac.roll.u_nom,-0.071816646
7.9543,B,mrac.roll.xm,0.14841902
7.9543,B,mrac.yaw.theta_0,4.9666482e-14
7.9543,B,mrac.yaw.theta_1,0.0014671849
7.9543,B,mrac.yaw.theta_2,2.3587712e-05
7.9543,B,mrac.yaw.theta_3,0
7.9543,B,mrac.yaw.theta_4,0.016141145
7.9543,B,mrac.yaw.theta_5,0.057965551
7.9543,B,mrac.yaw.u_nom,-0.059748638
7.9543,B,mrac.yaw.xm,-0.2213822
7.9543,B,mrac.z.theta_0,0.9785642
7.9543,B,mrac.z.theta_1,0.0026988422
7.9543,B,mrac.z.theta_2,0.0068887081
7.9543,B,mrac.z.theta_3,0
7.9543,B,mrac.z.theta_4,0.19796446
7.9543,B,mrac.z.theta_5,0.19209185
7.9543,B,mrac.z.u_nom,0.54841506
7.9543,B,mrac.z.xm,0.26875475
7.9543,B,path.active_path_mode,0
7.9543,B,path.circle_theta,0
7.9543,B,path.sinusoid_t_elapsed,0
7.9543,B,path.twc_arrived,0
7.9543,B,path.twc_target_x,0
7.9543,B,path.twc_target_y,0
7.9543,B,path.twc_target_z,0
7.9543,B,pid.gyrox.Des,8.5037804
7.9543,B,pid.gyrox.FB,5.466074
7.9543,B,pid.gyrox.U,-84.025475
7.9543,B,pid.gyroy.Des,-12.284931
7.9543,B,pid.gyroy.FB,2.4642427
7.9543,B,pid.gyroy.U,-141.70056
7.9543,B,pid.gyroz.Des,-12.68426
7.9543,B,pid.gyroz.FB,1.0557588
7.9543,B,pid.gyroz.U,-111.84945
7.9543,B,pid.locx.Des,0
7.9543,B,pid.locx.FB,5.9634275
7.9543,B,pid.locx.U,-6.8394432
7.9543,B,pid.locxs.Des,-6.8394432
7.9543,B,pid.locxs.FB,1.9995853
7.9543,B,pid.locxs.U,-26.614
7.9543,B,pid.locy.Des,0
7.9543,B,pid.locy.FB,29.976524
7.9543,B,pid.locy.U,-26.015871
7.9543,B,pid.locys.Des,-26.015871
7.9543,B,pid.locys.FB,-0.040725451
7.9543,B,pid.locys.U,-77.965775
7.9543,B,pid.pitch.Des,-4.5748696
7.9543,B,pid.pitch.FB,-0.44169471
7.9543,B,pid.pitch.U,-12.284931
7.9543,B,pid.roll.Des,1.4614966
7.9543,B,pid.roll.FB,-1.3590271
7.9543,B,pid.roll.U,8.5037804
7.9543,B,pid.yaw.Des,-0.61393034
7.9543,B,pid.yaw.FB,1.1667798
7.9543,B,pid.yaw.U,-12.68426
7.9543,B,pid.z_pos.Des,1.1493505
7.9543,B,pid.z_pos.FB,0.97969514
7.9543,B,pid.z_pos.U,0.26875475
7.9543,B,pid.z_rate.Des,0.26875475
7.9543,B,pid.z_rate.FB,-0.0056801885
7.9543,B,pid.z_rate.U,121.74814
7.9543,B,status.vbat,0
8.1705,A,mrac.pitch.e,0.25964198
8.1705,A,mrac.pitch.u_ad,-0.035104059
8.1705,A,mrac.roll.e,-0.11373788
8.1705,A,mrac.roll.u_ad,0.15630633
8.1705,A,mrac.yaw.e,0.28703275
8.1705,A,mrac.yaw.u_ad,-0.016367134
8.1705,A,mrac.z.e,-0.63673794
8.1705,A,mrac.z.u_ad,1.1338741
8.1705,A,status.arm,1
8.1705,A,status.flymode,1
8.1705,A,status.rc_authority,0
8.1705,A,status.sbus_lost,0
8.1705,A,status.twc_arrived,0
8.1705,A,status.twc_execute,0
8.1706,B,mrac.pitch.theta_0,1.8771995e-17
8.1706,B,mrac.pitch.theta_1,0.0046924669
8.1706,B,mrac.pitch.theta_2,0.00037179035
8.1706,B,mrac.pitch.theta_3,0.00087581214
8.1706,B,mrac.pitch.theta_4,0.056557082
8.1706,B,mrac.pitch.theta_5,0.14302395
8.1706,B,mrac.pitch.u_nom,-0.086239934
8.1706,B,mrac.pitch.xm,-0.23721242
8.1706,B,mrac.roll.theta_0,0.14880213
8.1706,B,mrac.roll.theta_1,0.0025585659
8.1706,B,mrac.roll.theta_2,0.0040411241
8.1706,B,mrac.roll.theta_3,0.00029696722
8.1706,B,mrac.roll.theta_4,0.037306655
8.1706,B,mrac.roll.theta_5,0.04519942
8.1706,B,mrac.roll.u_nom,0.037448738
8.1706,B,mrac.roll.xm,0.13880701
8.1706,B,mrac.yaw.theta_0,8.2062136e-15
8.1706,B,mrac.yaw.theta_1,0.0014560322
8.1706,B,mrac.yaw.theta_2,2.3524995e-05
8.1706,B,mrac.yaw.theta_3,0
8.1706,B,mrac.yaw.theta_4,0.01636151
8.1706,B,mrac.yaw.theta_5,0.058733411
8.1706,B,mrac.yaw.u_nom,-0.026271801
8.1706,B,mrac.yaw.xm,-0.26191401
8.1706,B,mrac.z.theta_0,0.9623732
8.1706,B,mrac.z.theta_1,0.0024264124
8.1706,B,mrac.z.theta_2,0.0068822089
8.1706,B,mrac.z.theta_3,0
8.1706,B,mrac.z.theta_4,0.19800603
8.1706,B,mrac.z.theta_5,0.1917949
8.1706,B,mrac.z.u_nom,-0.10413904
8.1706,B,mrac.z.xm,0.24069835
8.1706,B,path.active_path_mode,0
8.1706,B,path.circle_theta,0
8.1706,B,path.sinusoid_t_elapsed,0
8.1706,B,path.twc_arrived,0
8.1706,B,path.twc_target_x,0
8.1706,B,path.twc_target_y,0
8.1706,B,path.twc_target_z,0
8.1706,B,pid.gyrox.Des,7.9530525
8.1706,B,pid.gyrox.FB,1.0866779
8.1706,B,pid.gyrox.U,43.815025
8.1706,B,pid.gyroy.Des,-13.591265
8.1706,B,pid.gyroy.FB,-2.2313519
8.1706,B,pid.gyroy.U,-100.90073
8.1706,B,pid.gyroz.Des,-15.006561
8.1706,B,pid.gyroz.FB,-9.106843
8.1706,B,pid.gyroz.U,-49.180813
8.1706,B,pid.locx.Des,0
8.1706,B,pid.locx.FB,6.7212253
8.1706,B,pid.locx.U,-7.4869814
8.1706,B,pid.locxs.Des,-7.4869814
8.1706,B,pid.locxs.FB,3.053129
8.1706,B,pid.locxs.U,-31.754511
8.1706,B,pid.locy.Des,0
8.1706,B,pid.locy.FB,30.262123
8.1706,B,pid.locy.U,-26.278603
8.1706,B,pid.locys.Des,-26.278603
8.1706,B,pid.locys.FB,1.9179163
8.1706,B,pid.locys.U,-84.701385
8.1706,B,pid.pitch.Des,-4.9837584
8.1706,B,pid.pitch.FB,-0.42685276
8.1706,B,pid.pitch.U,-13.591265
8.1706,B,pid.roll.Des,1.7198355
8.1706,B,pid.roll.FB,-1.0520093
8.1706,B,pid.roll.U,7.9530525
8.1706,B,pid.yaw.Des,-0.61393034
8.1706,B,pid.yaw.FB,1.5538298
8.1706,B,pid.yaw.U,-15.006561
8.1706,B,pid.z_pos.Des,1.1493505
8.1706,B,pid.z_pos.FB,1.0197997
8.1706,B,pid.z_pos.U,0.24069835
8.1706,B,pid.z_rate.Des,0.24069835
8.1706,B,pid.z_rate.FB,0.32849076
8.1706,B,pid.z_rate.U,-23.118866
8.1706,B,status.vbat,0
8.3870,A,mrac.pitch.e,0.0427185
8.3870,A,mrac.pitch.u_ad,-0.033009171
8.3870,A,mrac.roll.e,0.041118696
8.3870,A,mrac.roll.u_ad,0.15512061
8.3870,A,mrac.yaw.e,0.30980125
8.3870,A,mrac.yaw.u_ad,-0.015162105
8.3870,A,mrac.z.e,-0.46170545
8.3870,A,mrac.z.u_ad,1.1939956
8.3870,A,status.arm,1
8.3870,A,status.flymode,1
8.3870,A,status.rc_authority,0
8.3870,A,status.sbus_lost,0
8.3870,A,status.twc_arrived,0
8.3870,A,status.twc_execute,0
8.3871,B,mrac.pitch.theta_0,9.1169109e-18
8.3871,B,mrac.pitch.theta_1,0.0047256844
8.3871,B,mrac.pitch.theta_2,0.00037158816
8.3871,B,mrac.pitch.theta_3,0.00087822106
8.3871,B,mrac.pitch.theta_4,0.056643609
8.3871,B,mrac.pitch.theta_5,0.14305408
8.3871,B,mrac.pitch.u_nom,0.027505223
8.3871,B,mrac.pitch.xm,-0.22125518
8.3871,B,mrac.roll.theta_0,0.14885515
8.3871,B,mrac.roll.theta_1,0.00253842
8.3871,B,mrac.roll.theta_2,0.0040473463
8.3871,B,mrac.roll.theta_3,0.00029791504
8.3871,B,mrac.roll.theta_4,0.037399027
8.3871,B,mrac.roll.theta_5,0.045336515
8.3871,B,mrac.roll.u_nom,-0.002104342
8.3871,B,mrac.roll.xm,0.14147583
8.3871,B,mrac.yaw.theta_0,2.9738501e-15
8.3871,B,mrac.yaw.theta_1,0.0014946777
8.3871,B,mrac.yaw.theta_2,2.3470158e-05
8.3871,B,mrac.yaw.theta_3,0
8.3871,B,mrac.yaw.theta_4,0.016473129
8.3871,B,mrac.yaw.theta_5,0.059169032
8.3871,B,mrac.yaw.u_nom,-0.037580982
8.3871,B,mrac.yaw.xm,-0.2442297
8.3871,B,mrac.z.theta_0,0.96504551
8.3871,B,mrac.z.theta_1,0.0021854613
8.3871,B,mrac.z.theta_2,0.0070043965
8.3871,B,mrac.z.theta_3,0
8.3871,B,mrac.z.theta_4,0.19810088
8.3871,B,mrac.z.theta_5,0.19191074
8.3871,B,mrac.z.u_nom,0.8854019
8.3871,B,mrac.z.xm,0.28273395
8.3871,B,path.active_path_mode,0
8.3871,B,path.circle_theta,0
8.3871,B,path.sinusoid_t_elapsed,0
8.3871,B,path.twc_arrived,0
8.3871,B,path.twc_target_x,0
8.3871,B,path.twc_target_y,0
8.3871,B,path.twc_target_z,0
8.3871,B,pid.gyrox.Des,8.1059647
8.3871,B,pid.gyrox.FB,2.8225553
8.3871,B,pid.gyrox.U,-2.46208
8.3871,B,pid.gyroy.Des,-12.676983
8.3871,B,pid.gyroy.FB,-3.7945876
8.3871,B,pid.gyroy.U,32.18111
8.3871,B,pid.gyroz.Des,-13.993325
8.3871,B,pid.gyroz.FB,-5.444581
8.3871,B,pid.gyroz.U,-70.351601
8.3871,B,pid.locx.Des,0
8.3871,B,pid.locx.FB,6.980062
8.3871,B,pid.locx.U,-7.6250119
8.3871,B,pid.locxs.Des,-7.6250119
8.3871,B,pid.locxs.FB,1.0238776
8.3871,B,pid.locxs.U,-25.992994
8.3871,B,pid.locy.Des,0
8.3871,B,pid.locy.FB,30.405357
8.3871,B,pid.locy.U,-26.363295
8.3871,B,pid.locys.Des,-26.363295
8.3871,B,pid.locys.FB,0.97553819
8.3871,B,pid.locys.U,-82.066231
8.3871,B,pid.pitch.Des,-4.8176203
8.3871,B,pid.pitch.FB,-0.64951396
8.3871,B,pid.pitch.U,-12.676983
8.3871,B,pid.roll.Des,1.4019514
8.3871,B,pid.roll.FB,-1.1996398
8.3871,B,pid.roll.U,8.1059647
8.3871,B,pid.yaw.Des,-0.61393034
8.3871,B,pid.yaw.FB,1.3849572
8.3871,B,pid.yaw.U,-13.993325
8.3871,B,pid.z_pos.Des,1.1493505
8.3871,B,pid.z_pos.FB,0.95972788
8.3871,B,pid.z_pos.U,0.28273395
8.3871,B,pid.z_rate.Des,0.28273395
8.3871,B,pid.z_rate.FB,-0.1787558
8.3871,B,pid.z_rate.U,196.55922
8.3871,B,status.vbat,0
8.5880,A,mrac.pitch.e,0.20965797
8.5880,A,mrac.pitch.u_ad,-0.032391589
8.5880,A,mrac.roll.e,-0.186234
8.5880,A,mrac.roll.u_ad,0.15487474
8.5880,A,mrac.yaw.e,0.17051019
8.5880,A,mrac.yaw.u_ad,-0.013922891
8.5880,A,mrac.z.e,-0.18921226
8.5880,A,mrac.z.u_ad,1.1127919
8.5880,A,status.arm,1
8.5880,A,status.flymode,1
8.5880,A,status.rc_authority,0
8.5880,A,status.sbus_lost,0
8.5880,A,status.twc_arrived,0
8.5880,A,status.twc_execute,0
8.5881,B,mrac.pitch.theta_0,3.0195347e-18
8.5881,B,mrac.pitch.theta_1,0.0047705346
8.5881,B,mrac.pitch.theta_2,0.00037119479
8.5881,B,mrac.pitch.theta_3,0.00087905017
8.5881,B,mrac.pitch.theta_4,0.056767158
8.5881,B,mrac.pitch.theta_5,0.14309061
8.5881,B,mrac.pitch.u_nom,-0.018638534
8.5881,B,mrac.pitch.xm,-0.21078064
8.5881,B,mrac.roll.theta_0,0.14872681
8.5881,B,mrac.roll.theta_1,0.0025256153
8.5881,B,mrac.roll.theta_2,0.0040496136
8.5881,B,mrac.roll.theta_3,0.00029840064
8.5881,B,mrac.roll.theta_4,0.037480067
8.5881,B,mrac.roll.theta_5,0.045473836
8.5881,B,mrac.roll.u_nom,0.1455252
8.5881,B,mrac.roll.xm,0.10568482
8.5881,B,mrac.yaw.theta_0,7.075056e-16
8.5881,B,mrac.yaw.theta_1,0.0015434048
8.5881,B,mrac.yaw.theta_2,2.3449687e-05
8.5881,B,mrac.yaw.theta_3,0
8.5881,B,mrac.yaw.theta_4,0.01660556
8.5881,B,mrac.yaw.theta_5,0.059733827
8.5881,B,mrac.yaw.u_nom,-0.046253271
8.5881,B,mrac.yaw.xm,-0.21654457
8.5881,B,mrac.z.theta_0,0.96901929
8.5881,B,mrac.z.theta_1,0.0020961419
8.5881,B,mrac.z.theta_2,0.0070297145
8.5881,B,mrac.z.theta_3,0
8.5881,B,mrac.z.theta_4,0.19817714
8.5881,B,mrac.z.theta_5,0.19212353
8.5881,B,mrac.z.u_nom,0.20843345
8.5881,B,mrac.z.xm,0.28173056
8.5881,B,path.active_path_mode,0
8.5881,B,path.circle_theta,0
8.5881,B,path.sinusoid_t_elapsed,0
8.5881,B,path.twc_arrived,0
8.5881,B,path.twc_target_x,0
8.5881,B,path.twc_target_y,0
8.5881,B,path.twc_target_z,0
8.5881,B,pid.gyrox.Des,6.0552917
8.5881,B,pid.gyrox.FB,-7.8443098
8.5881,B,pid.gyrox.U,170.26448
8.5881,B,pid.gyroy.Des,-12.076836
8.5881,B,pid.gyroy.FB,-2.2302096
8.5881,B,pid.gyroy.U,-21.807085
8.5881,B,pid.gyroz.Des,-12.407084
8.5881,B,pid.gyroz.FB,-1.8365484
8.5881,B,pid.gyroz.U,-86.586121
8.5881,B,pid.locx.Des,0
8.5881,B,pid.locx.FB,6.9217415
8.5881,B,pid.locx.U,-7.4981875
8.5881,B,pid.locxs.Des,-7.4981875
8.5881,B,pid.locxs.FB,-0.98025209
8.5881,B,pid.locxs.U,-19.503355
8.5881,B,pid.locy.Des,0
8.5881,B,pid.locy.FB,30.701681
8.5881,B,pid.locy.U,-26.602125
8.5881,B,pid.locys.Des,-26.602125
8.5881,B,pid.locys.FB,1.0193653
8.5881,B,pid.locys.U,-82.91011
8.5881,B,pid.pitch.Des,-4.8529873
8.5881,B,pid.pitch.FB,-0.85233647
8.5881,B,pid.pitch.U,-12.076836
8.5881,B,pid.roll.Des,1.04431
8.5881,B,pid.roll.FB,-1.0360508
8.5881,B,pid.roll.U,6.0552917
8.5881,B,pid.yaw.Des,-0.61393034
8.5881,B,pid.yaw.FB,1.1205838
8.5881,B,pid.yaw.U,-12.407084
8.5881,B,pid.z_pos.Des,1.1493505
8.5881,B,pid.z_pos.FB,0.95973688
8.5881,B,pid.z_pos.U,0.28173056
8.5881,B,pid.z_rate.Des,0.28173056
8.5881,B,pid.z_rate.FB,0.19605148
8.5881,B,pid.z_rate.U,46.272224
8.5881,B,status.vbat,0
8.8024,A,mrac.pitch.e,0.19959006
8.8024,A,mrac.pitch.u_ad,-0.030592849
8.8024,A,mrac.roll.e,-0.13531299
8.8024,A,mrac.roll.u_ad,0.15299039
8.8024,A,mrac.yaw.e,0.13033569
8.8024,A,mrac.yaw.u_ad,-0.011405755
8.8024,A,mrac.z.e,0.086969316
8.8024,A,mrac.z.u_ad,1.0328346
8.8024,A,status.arm,1
8.8024,A,status.flymode,1
8.8024,A,status.rc_authority,0
8.8024,A,status.sbus_lost,0
8.8024,A,status.twc_arrived,0
8.8024,A,status.twc_execute,0
8.8024,B,mrac.pitch.theta_0,1.4243127e-18
8.8024,B,mrac.pitch.theta_1,0.0047814683
8.8024,B,mrac.pitch.theta_2,0.00037090929
8.8024,B,mrac.pitch.theta_3,0.00088011887
8.8024,B,mrac.pitch.theta_4,0.056847118
8.8024,B,mrac.pitch.theta_5,0.14311117
8.8024,B,mrac.pitch.u_nom,0.029723121
8.8024,B,mrac.pitch.xm,-0.19652775
8.8024,B,mrac.roll.theta_0,0.147955
8.8024,B,mrac.roll.theta_1,0.0025002589
8.8024,B,mrac.roll.theta_2,0.0040525384
8.8024,B,mrac.roll.theta_3,0.00029877183
8.8024,B,mrac.roll.theta_4,0.037549119
8.8024,B,mrac.roll.theta_5,0.045540571
8.8024,B,mrac.roll.u_nom,-0.032013293
8.8024,B,mrac.roll.xm,0.097091906
8.8024,B,mrac.yaw.theta_0,3.3376883e-16
8.8024,B,mrac.yaw.theta_1,0.0015844892
8.8024,B,mrac.yaw.theta_2,2.3437606e-05
8.8024,B,mrac.yaw.theta_3,0
8.8024,B,mrac.yaw.theta_4,0.016656535
8.8024,B,mrac.yaw.theta_5,0.059978612
8.8024,B,mrac.yaw.u_nom,-0.036534943
8.8024,B,mrac.yaw.xm,-0.18186247
8.8024,B,mrac.z.theta_0,0.97041309
8.8024,B,mrac.z.theta_1,0.0023419443
8.8024,B,mrac.z.theta_2,0.0070410105
8.8024,B,mrac.z.theta_3,0
8.8024,B,mrac.z.theta_4,0.19819142
8.8024,B,mrac.z.theta_5,0.19223233
8.8024,B,mrac.z.u_nom,0.34706163
8.8024,B,mrac.z.xm,0.28275397
8.8024,B,path.active_path_mode,0
8.8024,B,path.circle_theta,0
8.8024,B,path.sinusoid_t_elapsed,0
8.8024,B,path.twc_arrived,0
8.8024,B,path.twc_target_x,0
8.8024,B,path.twc_target_y,0
8.8024,B,path.twc_target_z,0
8.8024,B,pid.gyrox.Des,5.5629539
8.8024,B,pid.gyrox.FB,0.70456445
8.8024,B,pid.gyrox.U,-37.455551
8.8024,B,pid.gyroy.Des,-11.260206
8.8024,B,pid.gyroy.FB,-3.1136789
8.8024,B,pid.gyroy.U,34.776051
8.8024,B,pid.gyroz.Des,-10.419948
8.8024,B,pid.gyroz.FB,-2.1195199
8.8024,B,pid.gyroz.U,-68.39341
8.8024,B,pid.locx.Des,0
8.8024,B,pid.locx.FB,6.6124444
8.8024,B,pid.locx.U,-7.1699681
8.8024,B,pid.locxs.Des,-7.1699681
8.8024,B,pid.locxs.FB,-2.9997153
8.8024,B,pid.locxs.U,-12.366723
8.8024,B,pid.locy.Des,0
8.8024,B,pid.locy.FB,30.741549
8.8024,B,pid.locy.U,-26.594902
8.8024,B,pid.locys.Des,-26.594902
8.8024,B,pid.locys.FB,0.041331246
8.8024,B,pid.locys.U,-79.90696
8.8024,B,pid.pitch.Des,-4.6669507
8.8024,B,pid.pitch.FB,-0.93743706
8.8024,B,pid.pitch.U,-11.260206
8.8024,B,pid.roll.Des,0.6580264
8.8024,B,pid.roll.FB,-1.0694528
8.8024,B,pid.roll.U,5.5629539
8.8024,B,pid.yaw.Des,-0.61393034
8.8024,B,pid.yaw.FB,0.7893942
8.8024,B,pid.yaw.U,-10.419948
8.8024,B,pid.z_pos.Des,1.1493505
8.8024,B,pid.z_pos.FB,0.95970422
8.8024,B,pid.z_pos.U,0.28275397
8.8024,B,pid.z_rate.Des,0.28275397
8.8024,B,pid.z_rate.FB,0.12024239
8.8024,B,pid.z_rate.U,77.047684
8.8024,B,status.vbat,0
9.0029,A,mrac.pitch.e,0.25674275
9.0029,A,mrac.pitch.u_ad,-0.033013199
9.0029,A,mrac.roll.e,-0.28116721
9.0029,A,mrac.roll.u_ad,0.15444316
9.0029,A,mrac.yaw.e,0.12194806
9.0029,A,mrac.yaw.u_ad,-0.0081823254
9.0029,A,mrac.z.e,-0.21123433
9.0029,A,mrac.z.u_ad,1.1156492
9.0029,A,status.arm,1
9.0029,A,status.flymode,1
9.0029,A,status.rc_authority,0
9.0029,A,status.sbus_lost,0
9.0029,A,status.twc_arrived,0
9.0029,A,status.twc_execute,0
9.0029,B,mrac.pitch.theta_0,4.0885056e-19
9.0029,B,mrac.pitch.theta_1,0.0047334456
9.0029,B,mrac.pitch.theta_2,0.00037037942
9.0029,B,mrac.pitch.theta_3,0.0008808659
9.0029,B,mrac.pitch.theta_4,0.056989208
9.0029,B,mrac.pitch.theta_5,0.14314926
9.0029,B,mrac.pitch.u_nom,-0.14834438
9.0029,B,mrac.pitch.xm,-0.20092508
9.0029,B,mrac.roll.theta_0,0.14820434
9.0029,B,mrac.roll.theta_1,0.0024572632
9.0029,B,mrac.roll.theta_2,0.0040558851
9.0029,B,mrac.roll.theta_3,0.0002991673
9.0029,B,mrac.roll.theta_4,0.037624795
9.0029,B,mrac.roll.theta_5,0.045637928
9.0029,B,mrac.roll.u_nom,-0.066223092
9.0029,B,mrac.roll.xm,0.085937031
9.0029,B,mrac.yaw.theta_0,1.4971311e-16
9.0029,B,mrac.yaw.theta_1,0.0016287949
9.0029,B,mrac.yaw.theta_2,2.342388e-05
9.0029,B,mrac.yaw.theta_3,0
9.0029,B,mrac.yaw.theta_4,0.016696716
9.0029,B,mrac.yaw.theta_5,0.060182545
9.0029,B,mrac.yaw.u_nom,-0.019364925
9.0029,B,mrac.yaw.xm,-0.12379517
9.0029,B,mrac.z.theta_0,0.96710825
9.0029,B,mrac.z.theta_1,0.0023307647
9.0029,B,mrac.z.theta_2,0.0070233182
9.0029,B,mrac.z.theta_3,0
9.0029,B,mrac.z.theta_4,0.19823213
9.0029,B,mrac.z.theta_5,0.19221759
9.0029,B,mrac.z.u_nom,0.32995364
9.0029,B,mrac.z.xm,0.27582246
9.0029,B,path.active_path_mode,0
9.0029,B,path.circle_theta,0
9.0029,B,path.sinusoid_t_elapsed,0
9.0029,B,path.twc_arrived,0
9.0029,B,path.twc_target_x,0
9.0029,B,path.twc_target_y,0
9.0029,B,path.twc_target_z,0
9.0029,B,pid.gyrox.Des,4.9238272
9.0029,B,pid.gyrox.FB,3.8132677
9.0029,B,pid.gyrox.U,-77.481018
9.0029,B,pid.gyroy.Des,-11.512155
9.0029,B,pid.gyroy.FB,6.6049037
9.0029,B,pid.gyroy.U,-173.56293
9.0029,B,pid.gyroz.Des,-7.0929379
9.0029,B,pid.gyroz.FB,-2.810427
9.0029,B,pid.gyroz.U,-36.251141
9.0029,B,pid.locx.Des,0
9.0029,B,pid.locx.FB,5.5224953
9.0029,B,pid.locx.U,-6.2579966
9.0029,B,pid.locxs.Des,-6.2579966
9.0029,B,pid.locxs.FB,-4.999958
9.0029,B,pid.locxs.U,-3.5820522
9.0029,B,pid.locy.Des,0
9.0029,B,pid.locy.FB,30.751753
9.0029,B,pid.locy.U,-26.602074
9.0029,B,pid.locys.Des,-26.602074
9.0029,B,pid.locys.FB,0.020498179
9.0029,B,pid.locys.U,-79.853714
9.0029,B,pid.pitch.Des,-4.6545715
9.0029,B,pid.pitch.FB,-0.76483136
9.0029,B,pid.pitch.U,-11.512155
9.0029,B,pid.roll.Des,0.19013688
9.0029,B,pid.roll.FB,-1.4398133
9.0029,B,pid.roll.U,4.9238272
9.0029,B,pid.yaw.Des,-0.61393034
9.0029,B,pid.yaw.FB,0.23489267
9.0029,B,pid.yaw.U,-7.0929379
9.0029,B,pid.z_pos.Des,1.1493505
9.0029,B,pid.z_pos.FB,0.96960729
9.0029,B,pid.z_pos.U,0.27582246
9.0029,B,pid.z_rate.Des,0.27582246
9.0029,B,pid.z_rate.FB,0.12264132
9.0029,B,pid.z_rate.U,73.24971
9.0029,B,status.vbat,0
9.2041,A,mrac.pitch.e,0.20741266
9.2041,A,mrac.pitch.u_ad,-0.034819644
9.2041,A,mrac.roll.e,-0.24449916
9.2041,A,mrac.roll.u_ad,0.15508349
9.2041,A,mrac.yaw.e,0.079842001
9.2041,A,mrac.yaw.u_ad,-0.0067181741
9.2041,A,mrac.z.e,0.16180068
9.2041,A,mrac.z.u_ad,0.98896241
9.2041,A,status.arm,1
9.2041,A,status.flymode,1
9.2041,A,status.rc_authority,0
9.2041,A,status.sbus_lost,0
9.2041,A,status.twc_arrived,0
9.2041,A,status.twc_execute,0
9.2042,B,mrac.pitch.theta_0,1.4827984e-19
9.2042,B,mrac.pitch.theta_1,0.0046201241
9.2042,B,mrac.pitch.theta_2,0.00036986973
9.2042,B,mrac.pitch.theta_3,0.0008810712
9.2042,B,mrac.pitch.theta_4,0.05711282
9.2042,B,mrac.pitch.theta_5,0.14319237
9.2042,B,mrac.pitch.u_nom,-0.13181153
9.2042,B,mrac.pitch.xm,-0.2217866
9.2042,B,mrac.roll.theta_0,0.14825216
9.2042,B,mrac.roll.theta_1,0.0024311256
9.2042,B,mrac.roll.theta_2,0.0040613213
9.2042,B,mrac.roll.theta_3,0.00029929451
9.2042,B,mrac.roll.theta_4,0.037692294
9.2042,B,mrac.roll.theta_5,0.045721613
9.2042,B,mrac.roll.u_nom,0.052806895
9.2042,B,mrac.roll.xm,0.10944195
9.2042,B,mrac.yaw.theta_0,9.8646344e-17
9.2042,B,mrac.yaw.theta_1,0.0016371518
9.2042,B,mrac.yaw.theta_2,2.3418963e-05
9.2042,B,mrac.yaw.theta_3,0
9.2042,B,mrac.yaw.theta_4,0.016713265
9.2042,B,mrac.yaw.theta_5,0.060251895
9.2042,B,mrac.yaw.u_nom,-0.0080866348
9.2042,B,mrac.yaw.xm,-0.10502695
9.2042,B,mrac.z.theta_0,0.96273029
9.2042,B,mrac.z.theta_1,0.0022390469
9.2042,B,mrac.z.theta_2,0.0070236912
9.2042,B,mrac.z.theta_3,0
9.2042,B,mrac.z.theta_4,0.1982616
9.2042,B,mrac.z.theta_5,0.19213624
9.2042,B,mrac.z.u_nom,1.0023589
9.2042,B,mrac.z.xm,0.28281841
9.2042,B,path.active_path_mode,0
9.2042,B,path.circle_theta,0
9.2042,B,path.sinusoid_t_elapsed,0
9.2042,B,path.twc_arrived,0
9.2042,B,path.twc_target_x,0
9.2042,B,path.twc_target_y,0
9.2042,B,path.twc_target_z,0
9.2042,B,pid.gyrox.Des,6.2705593
9.2042,B,pid.gyrox.FB,-1.0164422
9.2042,B,pid.gyrox.U,61.784065
9.2042,B,pid.gyroy.Des,-12.707431
9.2042,B,pid.gyroy.FB,3.0584285
9.2042,B,pid.gyroy.U,-154.21948
9.2042,B,pid.gyroz.Des,-6.0175982
9.2042,B,pid.gyroz.FB,-4.3697228
9.2042,B,pid.gyroz.U,-15.138181
9.2042,B,pid.locx.Des,0
9.2042,B,pid.locx.FB,5.0324988
9.2042,B,pid.locx.U,-5.9539995
9.2042,B,pid.locxs.Des,-5.9539995
9.2042,B,pid.locxs.FB,-2.9999986
9.2042,B,pid.locxs.U,-8.7659798
9.2042,B,pid.locy.Des,0
9.2042,B,pid.locy.FB,30.752836
9.2042,B,pid.locy.U,-26.602377
9.2042,B,pid.locys.Des,-26.602377
9.2042,B,pid.locys.FB,0.002914835
9.2042,B,pid.locys.U,-79.808014
9.2042,B,pid.pitch.Des,-4.6512885
9.2042,B,pid.pitch.FB,-0.38769588
9.2042,B,pid.pitch.U,-12.707431
9.2042,B,pid.roll.Des,0.50760084
9.2042,B,pid.roll.FB,-1.5848763
9.2042,B,pid.roll.U,6.2705593
9.2042,B,pid.yaw.Des,-0.61393034
9.2042,B,pid.yaw.FB,0.0556693
9.2042,B,pid.yaw.U,-6.0175982
9.2042,B,pid.z_pos.Des,1.1493505
9.2042,B,pid.z_pos.FB,0.95961082
9.2042,B,pid.z_pos.U,0.28281841
9.2042,B,pid.z_rate.Des,0.28281841
9.2042,B,pid.z_rate.FB,-0.24374509
9.2042,B,pid.z_rate.U,222.52368
9.2042,B,status.vbat,0
9.4232,A,mrac.pitch.e,0.3969121
9.4232,A,mrac.pitch.u_ad,-0.039088484
9.4232,A,mrac.roll.e,-0.15146361
9.4232,A,mrac.roll.u_ad,0.1555604
9.4232,A,mrac.yaw.e,0.11746332
9.4232,A,mrac.yaw.u_ad,-0.0073862178
9.4232,A,mrac.z.e,-0.38944522
9.4232,A,mrac.z.u_ad,1.1712548
9.4232,A,status.arm,1
9.4232,A,status.flymode,1
9.4232,A,status.rc_authority,0
9.4232,A,status.sbus_lost,0
9.4232,A,status.twc_arrived,0
9.4232,A,status.twc_execute,0
9.4233,B,mrac.pitch.theta_0,3.7634039e-20
9.4233,B,mrac.pitch.theta_1,0.0045748977
9.4233,B,mrac.pitch.theta_2,0.00036893855
9.4233,B,mrac.pitch.theta_3,0.00088382966
9.4233,B,mrac.pitch.theta_4,0.057278339
9.4233,B,mrac.pitch.theta_5,0.14325508
9.4233,B,mrac.pitch.u_nom,0.008196272
9.4233,B,mrac.pitch.xm,-0.23964481
9.4233,B,mrac.roll.theta_0,0.14863069
9.4233,B,mrac.roll.theta_1,0.0023874198
9.4233,B,mrac.roll.theta_2,0.0040663201
9.4233,B,mrac.roll.theta_3,0.00030178906
9.4233,B,mrac.roll.theta_4,0.037795898
9.4233,B,mrac.roll.theta_5,0.04588078
9.4233,B,mrac.roll.u_nom,0.070108257
9.4233,B,mrac.roll.xm,0.12357575
9.4233,B,mrac.yaw.theta_0,4.4877774e-17
9.4233,B,mrac.yaw.theta_1,0.0016254635
9.4233,B,mrac.yaw.theta_2,2.338312e-05
9.4233,B,mrac.yaw.theta_3,0
9.4233,B,mrac.yaw.theta_4,0.016761694
9.4233,B,mrac.yaw.theta_5,0.060382195
9.4233,B,mrac.yaw.u_nom,-0.025415285
9.4233,B,mrac.yaw.xm,-0.11767071
9.4233,B,mrac.z.theta_0,0.95738614
9.4233,B,mrac.z.theta_1,0.001795745
9.4233,B,mrac.z.theta_2,0.0071491417
9.4233,B,mrac.z.theta_3,0
9.4233,B,mrac.z.theta_4,0.19836244
9.4233,B,mrac.z.theta_5,0.19205835
9.4233,B,mrac.z.u_nom,0.79769224
9.4233,B,mrac.z.xm,0.32489675
9.4233,B,path.active_path_mode,0
9.4233,B,path.circle_theta,0
9.4233,B,path.sinusoid_t_elapsed,0
9.4233,B,path.twc_arrived,0
9.4233,B,path.twc_target_x,0
9.4233,B,path.twc_target_y,0
9.4233,B,path.twc_target_z,0
9.4233,B,pid.gyrox.Des,7.0803661
9.4233,B,pid.gyrox.FB,-4.875052
9.4233,B,pid.gyrox.U,82.026657
9.4233,B,pid.gyroy.Des,-13.730631
9.4233,B,pid.gyroy.FB,-2.3571992
9.4233,B,pid.gyroy.U,9.5896378
9.4233,B,pid.gyroz.Des,-6.7420321
9.4233,B,pid.gyroz.FB,-1.0522572
9.4233,B,pid.gyroz.U,-47.577412
9.4233,B,pid.locx.Des,0
9.4233,B,pid.locx.FB,4.5324974
9.4233,B,pid.locx.U,-5.5539999
9.4233,B,pid.locxs.Des,-5.5539999
9.4233,B,pid.locxs.FB,-2.9938278
9.4233,B,pid.locxs.U,-7.5820727
9.4233,B,pid.locy.Des,0
9.4233,B,pid.locy.FB,30.75363
9.4233,B,pid.locy.U,-26.603155
9.4233,B,pid.locys.Des,-26.603155
9.4233,B,pid.locys.FB,2.0092273
9.4233,B,pid.locys.U,-85.833786
9.4233,B,pid.pitch.Des,-5.0007691
9.4233,B,pid.pitch.FB,-0.39843193
9.4233,B,pid.pitch.U,-13.730631
9.4233,B,pid.roll.Des,0.42752546
9.4233,B,pid.roll.FB,-1.8848791
9.4233,B,pid.roll.U,7.0803661
9.4233,B,pid.yaw.Des,-0.61393034
9.4233,B,pid.yaw.FB,0.17640832
9.4233,B,pid.yaw.U,-6.7420321
9.4233,B,pid.z_pos.Des,1.1493505
9.4233,B,pid.z_pos.FB,0.89949125
9.4233,B,pid.z_pos.U,0.32489675
9.4233,B,pid.z_rate.Des,0.32489675
9.4233,B,pid.z_rate.FB,-0.088076763
9.4233,B,pid.z_rate.U,177.08768
9.4233,B,status.vbat,0
9.6363,A,mrac.pitch.e,0.30034202
9.6363,A,mrac.pitch.u_ad,-0.042372968
9.6363,A,mrac.roll.e,-0.18613511
9.6363,A,mrac.roll.u_ad,0.15394178
9.6363,A,mrac.yaw.e,0.18381494
9.6363,A,mrac.yaw.u_ad,-0.0073111979
9.6363,A,mrac.z.e,-0.33592501
9.6363,A,mrac.z.u_ad,1.1606969
9.6363,A,status.arm,1
9.6363,A,status.flymode,1
9.6363,A,status.rc_authority,0
9.6363,A,status.sbus_lost,0
9.6363,A,status.twc_arrived,0
9.6363,A,status.twc_execute,0
9.6364,B,mrac.pitch.theta_0,1.4278942e-20
9.6364,B,mrac.pitch.theta_1,0.0045605982
9.6364,B,mrac.pitch.theta_2,0.00036820429
9.6364,B,mrac.pitch.theta_3,0.00088583468
9.6364,B,mrac.pitch.theta_4,0.057415571
9.6364,B,mrac.pitch.theta_5,0.14331362
9.6364,B,mrac.pitch.u_nom,0.061754823
9.6364,B,mrac.pitch.xm,-0.21671544
9.6364,B,mrac.roll.theta_0,0.14754958
9.6364,B,mrac.roll.theta_1,0.0023686117
9.6364,B,mrac.roll.theta_2,0.0040671462
9.6364,B,mrac.roll.theta_3,0.00030207992
9.6364,B,mrac.roll.theta_4,0.037866239
9.6364,B,mrac.roll.theta_5,0.045956269
9.6364,B,mrac.roll.u_nom,-0.015175011
9.6364,B,mrac.roll.xm,0.1476513
9.6364,B,mrac.yaw.theta_0,2.6798514e-17
9.6364,B,mrac.yaw.theta_1,0.0016248369
9.6364,B,mrac.yaw.theta_2,2.3373199e-05
9.6364,B,mrac.yaw.theta_3,0
9.6364,B,mrac.yaw.theta_4,0.016789578
9.6364,B,mrac.yaw.theta_5,0.060474437
9.6364,B,mrac.yaw.u_nom,-0.027885929
9.6364,B,mrac.yaw.xm,-0.11639835
9.6364,B,mrac.z.theta_0,0.96163189
9.6364,B,mrac.z.theta_1,0.0017300766
9.6364,B,mrac.z.theta_2,0.0071658408
9.6364,B,mrac.z.theta_3,0
9.6364,B,mrac.z.theta_4,0.19841382
9.6364,B,mrac.z.theta_5,0.19223274
9.6364,B,mrac.z.u_nom,0.67812669
9.6364,B,mrac.z.xm,0.33178934
9.6364,B,path.active_path_mode,0
9.6364,B,path.circle_theta,0
9.6364,B,path.sinusoid_t_elapsed,0
9.6364,B,path.twc_arrived,0
9.6364,B,path.twc_target_x,0
9.6364,B,path.twc_target_y,0
9.6364,B,path.twc_target_z,0
9.6364,B,pid.gyrox.Des,8.4597931
9.6364,B,pid.gyrox.FB,4.5272198
9.6364,B,pid.gyrox.U,-17.754763
9.6364,B,pid.gyroy.Des,-12.416875
9.6364,B,pid.gyroy.FB,-9.7411165
9.6364,B,pid.gyroy.U,72.253143
9.6364,B,pid.gyroz.Des,-6.6691313
9.6364,B,pid.gyroz.FB,-0.38939732
9.6364,B,pid.gyroz.U,-52.202457
9.6364,B,pid.locx.Des,0
9.6364,B,pid.locx.FB,4.188313
9.6364,B,pid.locx.U,-5.2309914
9.6364,B,pid.locxs.Des,-5.2309914
9.6364,B,pid.locxs.FB,-2.9856534
9.6364,B,pid.locxs.U,-6.4793358
9.6364,B,pid.locy.Des,0
9.6364,B,pid.locy.FB,31.039637
9.6364,B,pid.locy.U,-26.952047
9.6364,B,pid.locys.Des,-26.952047
9.6364,B,pid.locys.FB,5.0085802
9.6364,B,pid.locys.U,-96.030769
9.6364,B,pid.pitch.Des,-5.591836
9.6364,B,pid.pitch.FB,-0.42094624
9.6364,B,pid.pitch.U,-12.416875
9.6364,B,pid.roll.Des,0.36245725
9.6364,B,pid.roll.FB,-1.548388
9.6364,B,pid.roll.U,8.4597931
9.6364,B,pid.yaw.Des,-0.61393034
9.6364,B,pid.yaw.FB,0.16425821
9.6364,B,pid.yaw.U,-6.6691313
9.6364,B,pid.z_pos.Des,1.1493505
9.6364,B,pid.z_pos.FB,0.889651
9.6364,B,pid.z_pos.U,0.33178934
9.6364,B,pid.z_rate.Des,0.33178934
9.6364,B,pid.z_rate.FB,-0.01482531
9.6364,B,pid.z_rate.U,150.54413
9.6364,B,status.vbat,0
9.8368,A,mrac.pitch.e,0.36131448
9.8368,A,mrac.pitch.u_ad,-0.047866635
9.8368,A,mrac.roll.e,-0.041757599
9.8368,A,mrac.roll.u_ad,0.15372659
9.8368,A,mrac.yaw.e,0.16231929
9.8368,A,mrac.yaw.u_ad,-0.00861922
9.8368,A,mrac.z.e,-0.33199742
9.8368,A,mrac.z.u_ad,1.1586688
9.8368,A,status.arm,1
9.8368,A,status.flymode,1
9.8368,A,status.rc_authority,0
9.8368,A,status.sbus_lost,0
9.8368,A,status.twc_arrived,0
9.8368,A,status.twc_execute,0
9.8369,B,mrac.pitch.theta_0,4.9828443e-21
9.8369,B,mrac.pitch.theta_1,0.0045646052
9.8369,B,mrac.pitch.theta_2,0.00036790833
9.8369,B,mrac.pitch.theta_3,0.00088673807
9.8369,B,mrac.pitch.theta_4,0.057554957
9.8369,B,mrac.pitch.theta_5,0.14338402
9.8369,B,mrac.pitch.u_nom,0.062944986
9.8369,B,mrac.pitch.xm,-0.24664371
9.8369,B,mrac.roll.theta_0,0.14808404
9.8369,B,mrac.roll.theta_1,0.0023434004
9.8369,B,mrac.roll.theta_2,0.0040701497
9.8369,B,mrac.roll.theta_3,0.00030258141
9.8369,B,mrac.roll.theta_4,0.03793418
9.8369,B,mrac.roll.theta_5,0.046049919
9.8369,B,mrac.roll.u_nom,-0.075128622
9.8369,B,mrac.roll.xm,0.11812232
9.8369,B,mrac.yaw.theta_0,1.4270631e-17
9.8369,B,mrac.yaw.theta_1,0.0016170754
9.8369,B,mrac.yaw.theta_2,2.3361403e-05
9.8369,B,mrac.yaw.theta_3,0
9.8369,B,mrac.yaw.theta_4,0.016827837
9.8369,B,mrac.yaw.theta_5,0.060592469
9.8369,B,mrac.yaw.u_nom,-0.053129803
9.8369,B,mrac.yaw.xm,-0.13302706
9.8369,B,mrac.z.theta_0,0.96507335
9.8369,B,mrac.z.theta_1,0.0017251043
9.8369,B,mrac.z.theta_2,0.0071646781
9.8369,B,mrac.z.theta_3,0
9.8369,B,mrac.z.theta_4,0.19844143
9.8369,B,mrac.z.theta_5,0.19240108
9.8369,B,mrac.z.u_nom,0.65480226
9.8369,B,mrac.z.xm,0.33190602
9.8369,B,path.active_path_mode,0
9.8369,B,path.circle_theta,0
9.8369,B,path.sinusoid_t_elapsed,0
9.8369,B,path.twc_arrived,0
9.8369,B,path.twc_target_x,0
9.8369,B,path.twc_target_y,0
9.8369,B,path.twc_target_z,0
9.8369,B,pid.gyrox.Des,6.7679076
9.8369,B,pid.gyrox.FB,4.5290699
9.8369,B,pid.gyrox.U,-87.90049
9.8369,B,pid.gyroy.Des,-14.131638
9.8369,B,pid.gyroy.FB,-8.9730387
9.8369,B,pid.gyroy.U,73.645638
9.8369,B,pid.gyroz.Des,-7.6218863
9.8369,B,pid.gyroz.FB,4.5511279
9.8369,B,pid.gyroz.U,-99.458992
9.8369,B,pid.locx.Des,0
9.8369,B,pid.locx.FB,3.6811655
9.8369,B,pid.locx.U,-4.8262639
9.8369,B,pid.locxs.Des,-4.8262639
9.8369,B,pid.locxs.FB,-2.9604845
9.8369,B,pid.locxs.U,-5.4721384
9.8369,B,pid.locy.Des,0
9.8369,B,pid.locy.FB,31.841333
9.8369,B,pid.locy.U,-27.713728
9.8369,B,pid.locys.Des,-27.713728
9.8369,B,pid.locys.FB,7.0168033
9.8369,B,pid.locys.U,-104.48767
9.8369,B,pid.pitch.Des,-6.0802145
9.8369,B,pid.pitch.FB,-0.46691802
9.8369,B,pid.pitch.U,-14.131638
9.8369,B,pid.roll.Des,0.28527516
9.8369,B,pid.roll.FB,-1.8858087
9.8369,B,pid.roll.U,6.7679076
9.8369,B,pid.yaw.Des,-0.61393034
9.8369,B,pid.yaw.FB,0.32305077
9.8369,B,pid.yaw.U,-7.6218863
9.8369,B,pid.z_pos.Des,1.1493505
9.8369,B,pid.z_pos.FB,0.88948846
9.8369,B,pid.z_pos.U,0.33190602
9.8369,B,pid.z_rate.Des,0.33190602
9.8369,B,pid.z_rate.FB,-0.0017635496
9.8369,B,pid.z_rate.U,145.3661
9.8369,B,status.vbat,0
10.0542,A,mrac.pitch.e,0.36131448
10.0542,A,mrac.pitch.u_ad,-0.047866635
10.0542,A,mrac.roll.e,-0.041757599
10.0542,A,mrac.roll.u_ad,0.15372659
10.0542,A,mrac.yaw.e,0.16231929
10.0542,A,mrac.yaw.u_ad,-0.00861922
10.0542,A,mrac.z.e,-0.33199742
10.0542,A,mrac.z.u_ad,1.1586688
10.0542,A,status.arm,1
10.0542,A,status.flymode,1
10.0542,A,status.rc_authority,0
10.0542,A,status.sbus_lost,0
10.0542,A,status.twc_arrived,0
10.0542,A,status.twc_execute,0
10.0544,B,mrac.pitch.theta_0,4.9828443e-21
10.0544,B,mrac.pitch.theta_1,0.0045646052
10.0544,B,mrac.pitch.theta_2,0.00036790833
10.0544,B,mrac.pitch.theta_3,0.00088673807
10.0544,B,mrac.pitch.theta_4,0.057554957
10.0544,B,mrac.pitch.theta_5,0.14338402
10.0544,B,mrac.pitch.u_nom,0.062944986
10.0544,B,mrac.pitch.xm,-0.24664371
10.0544,B,mrac.roll.theta_0,0.14808404
10.0544,B,mrac.roll.theta_1,0.0023434004
10.0544,B,mrac.roll.theta_2,0.0040701497
10.0544,B,mrac.roll.theta_3,0.00030258141
10.0544,B,mrac.roll.theta_4,0.03793418
10.0544,B,mrac.roll.theta_5,0.046049919
10.0544,B,mrac.roll.u_nom,-0.075128622
10.0544,B,mrac.roll.xm,0.11812232
10.0544,B,mrac.yaw.theta_0,1.4270631e-17
10.0544,B,mrac.yaw.theta_1,0.0016170754
10.0544,B,mrac.yaw.theta_2,2.3361403e-05
10.0544,B,mrac.yaw.theta_3,0
10.0544,B,mrac.yaw.theta_4,0.016827837
10.0544,B,mrac.yaw.theta_5,0.060592469
10.0544,B,mrac.yaw.u_nom,-0.053129803
10.0544,B,mrac.yaw.xm,-0.13302706
10.0544,B,mrac.z.theta_0,0.96507335
10.0544,B,mrac.z.theta_1,0.0017251043
10.0544,B,mrac.z.theta_2,0.0071646781
10.0544,B,mrac.z.theta_3,0
10.0544,B,mrac.z.theta_4,0.19844143
10.0544,B,mrac.z.theta_5,0.19240108
10.0544,B,mrac.z.u_nom,0.65480226
10.0544,B,mrac.z.xm,0.33190602
10.0544,B,path.active_path_mode,0
10.0544,B,path.circle_theta,0
10.0544,B,path.sinusoid_t_elapsed,0
10.0544,B,path.twc_arrived,0
10.0544,B,path.twc_target_x,0
10.0544,B,path.twc_target_y,0
10.0544,B,path.twc_target_z,0
10.0544,B,pid.gyrox.Des,6.7679076
10.0544,B,pid.gyrox.FB,4.5290699
10.0544,B,pid.gyrox.U,-87.90049
10.0544,B,pid.gyroy.Des,-14.131638
10.0544,B,pid.gyroy.FB,-8.9730387
10.0544,B,pid.gyroy.U,73.645638
10.0544,B,pid.gyroz.Des,-7.6218863
10.0544,B,pid.gyroz.FB,4.5511279
10.0544,B,pid.gyroz.U,-99.458992
10.0544,B,pid.locx.Des,0
10.0544,B,pid.locx.FB,3.6811655
10.0544,B,pid.locx.U,-4.8262639
10.0544,B,pid.locxs.Des,-4.8262639
10.0544,B,pid.locxs.FB,-2.9604845
10.0544,B,pid.locxs.U,-5.4721384
10.0544,B,pid.locy.Des,0
10.0544,B,pid.locy.FB,31.841333
10.0544,B,pid.locy.U,-27.713728
10.0544,B,pid.locys.Des,-27.713728
10.0544,B,pid.locys.FB,7.0168033
10.0544,B,pid.locys.U,-104.48767
10.0544,B,pid.pitch.Des,-6.0802145
10.0544,B,pid.pitch.FB,-0.46691802
10.0544,B,pid.pitch.U,-14.131638
10.0544,B,pid.roll.Des,0.28527516
10.0544,B,pid.roll.FB,-1.8858087
10.0544,B,pid.roll.U,6.7679076
10.0544,B,pid.yaw.Des,-0.61393034
10.0544,B,pid.yaw.FB,0.32305077
10.0544,B,pid.yaw.U,-7.6218863
10.0544,B,pid.z_pos.Des,1.1493505
10.0544,B,pid.z_pos.FB,0.88948846
10.0544,B,pid.z_pos.U,0.33190602
10.0544,B,pid.z_rate.Des,0.33190602
10.0544,B,pid.z_rate.FB,-0.0017635496
10.0544,B,pid.z_rate.U,145.3661
10.0544,B,status.vbat,0
10.2545,A,mrac.pitch.e,0.36131448
10.2545,A,mrac.pitch.u_ad,-0.047866635
10.2545,A,mrac.roll.e,-0.041757599
10.2545,A,mrac.roll.u_ad,0.15372659
10.2545,A,mrac.yaw.e,0.16231929
10.2545,A,mrac.yaw.u_ad,-0.00861922
10.2545,A,mrac.z.e,-0.33199742
10.2545,A,mrac.z.u_ad,1.1586688
10.2545,A,status.arm,1
10.2545,A,status.flymode,1
10.2545,A,status.rc_authority,0
10.2545,A,status.sbus_lost,0
10.2545,A,status.twc_arrived,0
10.2545,A,status.twc_execute,0
10.2546,B,mrac.pitch.theta_0,4.9828443e-21
10.2546,B,mrac.pitch.theta_1,0.0045646052
10.2546,B,mrac.pitch.theta_2,0.00036790833
10.2546,B,mrac.pitch.theta_3,0.00088673807
10.2546,B,mrac.pitch.theta_4,0.057554957
10.2546,B,mrac.pitch.theta_5,0.14338402
10.2546,B,mrac.pitch.u_nom,0.062944986
10.2546,B,mrac.pitch.xm,-0.24664371
10.2546,B,mrac.roll.theta_0,0.14808404
10.2546,B,mrac.roll.theta_1,0.0023434004
10.2546,B,mrac.roll.theta_2,0.0040701497
10.2546,B,mrac.roll.theta_3,0.00030258141
10.2546,B,mrac.roll.theta_4,0.03793418
10.2546,B,mrac.roll.theta_5,0.046049919
10.2546,B,mrac.roll.u_nom,-0.075128622
10.2546,B,mrac.roll.xm,0.11812232
10.2546,B,mrac.yaw.theta_0,1.4270631e-17
10.2546,B,mrac.yaw.theta_1,0.0016170754
10.2546,B,mrac.yaw.theta_2,2.3361403e-05
10.2546,B,mrac.yaw.theta_3,0
10.2546,B,mrac.yaw.theta_4,0.016827837
10.2546,B,mrac.yaw.theta_5,0.060592469
10.2546,B,mrac.yaw.u_nom,-0.053129803
10.2546,B,mrac.yaw.xm,-0.13302706
10.2546,B,mrac.z.theta_0,0.96507335
10.2546,B,mrac.z.theta_1,0.0017251043
10.2546,B,mrac.z.theta_2,0.0071646781
10.2546,B,mrac.z.theta_3,0
10.2546,B,mrac.z.theta_4,0.19844143
10.2546,B,mrac.z.theta_5,0.19240108
10.2546,B,mrac.z.u_nom,0.65480226
10.2546,B,mrac.z.xm,0.33190602
10.2546,B,path.active_path_mode,0
10.2546,B,path.circle_theta,0
10.2546,B,path.sinusoid_t_elapsed,0
10.2546,B,path.twc_arrived,0
10.2546,B,path.twc_target_x,0
10.2546,B,path.twc_target_y,0
10.2546,B,path.twc_target_z,0
10.2546,B,pid.gyrox.Des,6.7679076
10.2546,B,pid.gyrox.FB,4.5290699
10.2546,B,pid.gyrox.U,-87.90049
10.2546,B,pid.gyroy.Des,-14.131638
10.2546,B,pid.gyroy.FB,-8.9730387
10.2546,B,pid.gyroy.U,73.645638
10.2546,B,pid.gyroz.Des,-7.6218863
10.2546,B,pid.gyroz.FB,4.5511279
10.2546,B,pid.gyroz.U,-99.458992
10.2546,B,pid.locx.Des,0
10.2546,B,pid.locx.FB,3.6811655
10.2546,B,pid.locx.U,-4.8262639
10.2546,B,pid.locxs.Des,-4.8262639
10.2546,B,pid.locxs.FB,-2.9604845
10.2546,B,pid.locxs.U,-5.4721384
10.2546,B,pid.locy.Des,0
10.2546,B,pid.locy.FB,31.841333
10.2546,B,pid.locy.U,-27.713728
10.2546,B,pid.locys.Des,-27.713728
10.2546,B,pid.locys.FB,7.0168033
10.2546,B,pid.locys.U,-104.48767
10.2546,B,pid.pitch.Des,-6.0802145
10.2546,B,pid.pitch.FB,-0.46691802
10.2546,B,pid.pitch.U,-14.131638
10.2546,B,pid.roll.Des,0.28527516
10.2546,B,pid.roll.FB,-1.8858087
10.2546,B,pid.roll.U,6.7679076
10.2546,B,pid.yaw.Des,-0.61393034
10.2546,B,pid.yaw.FB,0.32305077
10.2546,B,pid.yaw.U,-7.6218863
10.2546,B,pid.z_pos.Des,1.1493505
10.2546,B,pid.z_pos.FB,0.88948846
10.2546,B,pid.z_pos.U,0.33190602
10.2546,B,pid.z_rate.Des,0.33190602
10.2546,B,pid.z_rate.FB,-0.0017635496
10.2546,B,pid.z_rate.U,145.3661
10.2546,B,status.vbat,0
10.4697,A,mrac.pitch.e,0.36131448
10.4697,A,mrac.pitch.u_ad,-0.047866635
10.4697,A,mrac.roll.e,-0.041757599
10.4697,A,mrac.roll.u_ad,0.15372659
10.4697,A,mrac.yaw.e,0.16231929
10.4697,A,mrac.yaw.u_ad,-0.00861922
10.4697,A,mrac.z.e,-0.33199742
10.4697,A,mrac.z.u_ad,1.1586688
10.4697,A,status.arm,1
10.4697,A,status.flymode,1
10.4697,A,status.rc_authority,0
10.4697,A,status.sbus_lost,0
10.4697,A,status.twc_arrived,0
10.4697,A,status.twc_execute,0
10.4698,B,mrac.pitch.theta_0,4.9828443e-21
10.4698,B,mrac.pitch.theta_1,0.0045646052
10.4698,B,mrac.pitch.theta_2,0.00036790833
10.4698,B,mrac.pitch.theta_3,0.00088673807
10.4698,B,mrac.pitch.theta_4,0.057554957
10.4698,B,mrac.pitch.theta_5,0.14338402
10.4698,B,mrac.pitch.u_nom,0.062944986
10.4698,B,mrac.pitch.xm,-0.24664371
10.4698,B,mrac.roll.theta_0,0.14808404
10.4698,B,mrac.roll.theta_1,0.0023434004
10.4698,B,mrac.roll.theta_2,0.0040701497
10.4698,B,mrac.roll.theta_3,0.00030258141
10.4698,B,mrac.roll.theta_4,0.03793418
10.4698,B,mrac.roll.theta_5,0.046049919
10.4698,B,mrac.roll.u_nom,-0.075128622
10.4698,B,mrac.roll.xm,0.11812232
10.4698,B,mrac.yaw.theta_0,1.4270631e-17
10.4698,B,mrac.yaw.theta_1,0.0016170754
10.4698,B,mrac.yaw.theta_2,2.3361403e-05
10.4698,B,mrac.yaw.theta_3,0
10.4698,B,mrac.yaw.theta_4,0.016827837
10.4698,B,mrac.yaw.theta_5,0.060592469
10.4698,B,mrac.yaw.u_nom,-0.053129803
10.4698,B,mrac.yaw.xm,-0.13302706
10.4698,B,mrac.z.theta_0,0.96507335
10.4698,B,mrac.z.theta_1,0.0017251043
10.4698,B,mrac.z.theta_2,0.0071646781
10.4698,B,mrac.z.theta_3,0
10.4698,B,mrac.z.theta_4,0.19844143
10.4698,B,mrac.z.theta_5,0.19240108
10.4698,B,mrac.z.u_nom,0.65480226
10.4698,B,mrac.z.xm,0.33190602
10.4698,B,path.active_path_mode,0
10.4698,B,path.circle_theta,0
10.4698,B,path.sinusoid_t_elapsed,0
10.4698,B,path.twc_arrived,0
10.4698,B,path.twc_target_x,0
10.4698,B,path.twc_target_y,0
10.4698,B,path.twc_target_z,0
10.4698,B,pid.gyrox.Des,6.7679076
10.4698,B,pid.gyrox.FB,4.5290699
10.4698,B,pid.gyrox.U,-87.90049
10.4698,B,pid.gyroy.Des,-14.131638
10.4698,B,pid.gyroy.FB,-8.9730387
10.4698,B,pid.gyroy.U,73.645638
10.4698,B,pid.gyroz.Des,-7.6218863
10.4698,B,pid.gyroz.FB,4.5511279
10.4698,B,pid.gyroz.U,-99.458992
10.4698,B,pid.locx.Des,0
10.4698,B,pid.locx.FB,3.6811655
10.4698,B,pid.locx.U,-4.8262639
10.4698,B,pid.locxs.Des,-4.8262639
10.4698,B,pid.locxs.FB,-2.9604845
10.4698,B,pid.locxs.U,-5.4721384
10.4698,B,pid.locy.Des,0
10.4698,B,pid.locy.FB,31.841333
10.4698,B,pid.locy.U,-27.713728
10.4698,B,pid.locys.Des,-27.713728
10.4698,B,pid.locys.FB,7.0168033
10.4698,B,pid.locys.U,-104.48767
10.4698,B,pid.pitch.Des,-6.0802145
10.4698,B,pid.pitch.FB,-0.46691802
10.4698,B,pid.pitch.U,-14.131638
10.4698,B,pid.roll.Des,0.28527516
10.4698,B,pid.roll.FB,-1.8858087
10.4698,B,pid.roll.U,6.7679076
10.4698,B,pid.yaw.Des,-0.61393034
10.4698,B,pid.yaw.FB,0.32305077
10.4698,B,pid.yaw.U,-7.6218863
10.4698,B,pid.z_pos.Des,1.1493505
10.4698,B,pid.z_pos.FB,0.88948846
10.4698,B,pid.z_pos.U,0.33190602
10.4698,B,pid.z_rate.Des,0.33190602
10.4698,B,pid.z_rate.FB,-0.0017635496
10.4698,B,pid.z_rate.U,145.3661
10.4698,B,status.vbat,0
10.6718,A,mrac.pitch.e,0.36131448
10.6718,A,mrac.pitch.u_ad,-0.047866635
10.6718,A,mrac.roll.e,-0.041757599
10.6718,A,mrac.roll.u_ad,0.15372659
10.6718,A,mrac.yaw.e,0.16231929
10.6718,A,mrac.yaw.u_ad,-0.00861922
10.6718,A,mrac.z.e,-0.33199742
10.6718,A,mrac.z.u_ad,1.1586688
10.6718,A,status.arm,1
10.6718,A,status.flymode,1
10.6718,A,status.rc_authority,0
10.6718,A,status.sbus_lost,0
10.6718,A,status.twc_arrived,0
10.6718,A,status.twc_execute,0
10.6719,B,mrac.pitch.theta_0,4.9828443e-21
10.6719,B,mrac.pitch.theta_1,0.0045646052
10.6719,B,mrac.pitch.theta_2,0.00036790833
10.6719,B,mrac.pitch.theta_3,0.00088673807
10.6719,B,mrac.pitch.theta_4,0.057554957
10.6719,B,mrac.pitch.theta_5,0.14338402
10.6719,B,mrac.pitch.u_nom,0.062944986
10.6719,B,mrac.pitch.xm,-0.24664371
10.6719,B,mrac.roll.theta_0,0.14808404
10.6719,B,mrac.roll.theta_1,0.0023434004
10.6719,B,mrac.roll.theta_2,0.0040701497
10.6719,B,mrac.roll.theta_3,0.00030258141
10.6719,B,mrac.roll.theta_4,0.03793418
10.6719,B,mrac.roll.theta_5,0.046049919
10.6719,B,mrac.roll.u_nom,-0.075128622
10.6719,B,mrac.roll.xm,0.11812232
10.6719,B,mrac.yaw.theta_0,1.4270631e-17
10.6719,B,mrac.yaw.theta_1,0.0016170754
10.6719,B,mrac.yaw.theta_2,2.3361403e-05
10.6719,B,mrac.yaw.theta_3,0
10.6719,B,mrac.yaw.theta_4,0.016827837
10.6719,B,mrac.yaw.theta_5,0.060592469
10.6719,B,mrac.yaw.u_nom,-0.053129803
10.6719,B,mrac.yaw.xm,-0.13302706
10.6719,B,mrac.z.theta_0,0.96507335
10.6719,B,mrac.z.theta_1,0.0017251043
10.6719,B,mrac.z.theta_2,0.0071646781
10.6719,B,mrac.z.theta_3,0
10.6719,B,mrac.z.theta_4,0.19844143
10.6719,B,mrac.z.theta_5,0.19240108
10.6719,B,mrac.z.u_nom,0.65480226
10.6719,B,mrac.z.xm,0.33190602
10.6719,B,path.active_path_mode,0
10.6719,B,path.circle_theta,0
10.6719,B,path.sinusoid_t_elapsed,0
10.6719,B,path.twc_arrived,0
10.6719,B,path.twc_target_x,0
10.6719,B,path.twc_target_y,0
10.6719,B,path.twc_target_z,0
10.6719,B,pid.gyrox.Des,6.7679076
10.6719,B,pid.gyrox.FB,4.5290699
10.6719,B,pid.gyrox.U,-87.90049
10.6719,B,pid.gyroy.Des,-14.131638
10.6719,B,pid.gyroy.FB,-8.9730387
10.6719,B,pid.gyroy.U,73.645638
10.6719,B,pid.gyroz.Des,-7.6218863
10.6719,B,pid.gyroz.FB,4.5511279
10.6719,B,pid.gyroz.U,-99.458992
10.6719,B,pid.locx.Des,0
10.6719,B,pid.locx.FB,3.6811655
10.6719,B,pid.locx.U,-4.8262639
10.6719,B,pid.locxs.Des,-4.8262639
10.6719,B,pid.locxs.FB,-2.9604845
10.6719,B,pid.locxs.U,-5.4721384
10.6719,B,pid.locy.Des,0
10.6719,B,pid.locy.FB,31.841333
10.6719,B,pid.locy.U,-27.713728
10.6719,B,pid.locys.Des,-27.713728
10.6719,B,pid.locys.FB,7.0168033
10.6719,B,pid.locys.U,-104.48767
10.6719,B,pid.pitch.Des,-6.0802145
10.6719,B,pid.pitch.FB,-0.46691802
10.6719,B,pid.pitch.U,-14.131638
10.6719,B,pid.roll.Des,0.28527516
10.6719,B,pid.roll.FB,-1.8858087
10.6719,B,pid.roll.U,6.7679076
10.6719,B,pid.yaw.Des,-0.61393034
10.6719,B,pid.yaw.FB,0.32305077
10.6719,B,pid.yaw.U,-7.6218863
10.6719,B,pid.z_pos.Des,1.1493505
10.6719,B,pid.z_pos.FB,0.88948846
10.6719,B,pid.z_pos.U,0.33190602
10.6719,B,pid.z_rate.Des,0.33190602
10.6719,B,pid.z_rate.FB,-0.0017635496
10.6719,B,pid.z_rate.U,145.3661
10.6719,B,status.vbat,0
10.8887,A,mrac.pitch.e,0.36131448
10.8887,A,mrac.pitch.u_ad,-0.047866635
10.8887,A,mrac.roll.e,-0.041757599
10.8887,A,mrac.roll.u_ad,0.15372659
10.8887,A,mrac.yaw.e,0.16231929
10.8887,A,mrac.yaw.u_ad,-0.00861922
10.8887,A,mrac.z.e,-0.33199742
10.8887,A,mrac.z.u_ad,1.1586688
10.8887,A,status.arm,1
10.8887,A,status.flymode,1
10.8887,A,status.rc_authority,0
10.8887,A,status.sbus_lost,0
10.8887,A,status.twc_arrived,0
10.8887,A,status.twc_execute,0
10.8888,B,mrac.pitch.theta_0,4.9828443e-21
10.8888,B,mrac.pitch.theta_1,0.0045646052
10.8888,B,mrac.pitch.theta_2,0.00036790833
10.8888,B,mrac.pitch.theta_3,0.00088673807
10.8888,B,mrac.pitch.theta_4,0.057554957
10.8888,B,mrac.pitch.theta_5,0.14338402
10.8888,B,mrac.pitch.u_nom,0.062944986
10.8888,B,mrac.pitch.xm,-0.24664371
10.8888,B,mrac.roll.theta_0,0.14808404
10.8888,B,mrac.roll.theta_1,0.0023434004
10.8888,B,mrac.roll.theta_2,0.0040701497
10.8888,B,mrac.roll.theta_3,0.00030258141
10.8888,B,mrac.roll.theta_4,0.03793418
10.8888,B,mrac.roll.theta_5,0.046049919
10.8888,B,mrac.roll.u_nom,-0.075128622
10.8888,B,mrac.roll.xm,0.11812232
10.8888,B,mrac.yaw.theta_0,1.4270631e-17
10.8888,B,mrac.yaw.theta_1,0.0016170754
10.8888,B,mrac.yaw.theta_2,2.3361403e-05
10.8888,B,mrac.yaw.theta_3,0
10.8888,B,mrac.yaw.theta_4,0.016827837
10.8888,B,mrac.yaw.theta_5,0.060592469
10.8888,B,mrac.yaw.u_nom,-0.053129803
10.8888,B,mrac.yaw.xm,-0.13302706
10.8888,B,mrac.z.theta_0,0.96507335
10.8888,B,mrac.z.theta_1,0.0017251043
10.8888,B,mrac.z.theta_2,0.0071646781
10.8888,B,mrac.z.theta_3,0
10.8888,B,mrac.z.theta_4,0.19844143
10.8888,B,mrac.z.theta_5,0.19240108
10.8888,B,mrac.z.u_nom,0.65480226
10.8888,B,mrac.z.xm,0.33190602
10.8888,B,path.active_path_mode,0
10.8888,B,path.circle_theta,0
10.8888,B,path.sinusoid_t_elapsed,0
10.8888,B,path.twc_arrived,0
10.8888,B,path.twc_target_x,0
10.8888,B,path.twc_target_y,0
10.8888,B,path.twc_target_z,0
10.8888,B,pid.gyrox.Des,6.7679076
10.8888,B,pid.gyrox.FB,4.5290699
10.8888,B,pid.gyrox.U,-87.90049
10.8888,B,pid.gyroy.Des,-14.131638
10.8888,B,pid.gyroy.FB,-8.9730387
10.8888,B,pid.gyroy.U,73.645638
10.8888,B,pid.gyroz.Des,-7.6218863
10.8888,B,pid.gyroz.FB,4.5511279
10.8888,B,pid.gyroz.U,-99.458992
10.8888,B,pid.locx.Des,0
10.8888,B,pid.locx.FB,3.6811655
10.8888,B,pid.locx.U,-4.8262639
10.8888,B,pid.locxs.Des,-4.8262639
10.8888,B,pid.locxs.FB,-2.9604845
10.8888,B,pid.locxs.U,-5.4721384
10.8888,B,pid.locy.Des,0
10.8888,B,pid.locy.FB,31.841333
10.8888,B,pid.locy.U,-27.713728
10.8888,B,pid.locys.Des,-27.713728
10.8888,B,pid.locys.FB,7.0168033
10.8888,B,pid.locys.U,-104.48767
10.8888,B,pid.pitch.Des,-6.0802145
10.8888,B,pid.pitch.FB,-0.46691802
10.8888,B,pid.pitch.U,-14.131638
10.8888,B,pid.roll.Des,0.28527516
10.8888,B,pid.roll.FB,-1.8858087
10.8888,B,pid.roll.U,6.7679076
10.8888,B,pid.yaw.Des,-0.61393034
10.8888,B,pid.yaw.FB,0.32305077
10.8888,B,pid.yaw.U,-7.6218863
10.8888,B,pid.z_pos.Des,1.1493505
10.8888,B,pid.z_pos.FB,0.88948846
10.8888,B,pid.z_pos.U,0.33190602
10.8888,B,pid.z_rate.Des,0.33190602
10.8888,B,pid.z_rate.FB,-0.0017635496
10.8888,B,pid.z_rate.U,145.3661
10.8888,B,status.vbat,0
11.0888,A,mrac.pitch.e,0.36131448
11.0888,A,mrac.pitch.u_ad,-0.047866635
11.0888,A,mrac.roll.e,-0.041757599
11.0888,A,mrac.roll.u_ad,0.15372659
11.0888,A,mrac.yaw.e,0.16231929
11.0888,A,mrac.yaw.u_ad,-0.00861922
11.0888,A,mrac.z.e,-0.33199742
11.0888,A,mrac.z.u_ad,1.1586688
11.0888,A,status.arm,1
11.0888,A,status.flymode,1
11.0888,A,status.rc_authority,0
11.0888,A,status.sbus_lost,0
11.0888,A,status.twc_arrived,0
11.0888,A,status.twc_execute,0
11.0889,B,mrac.pitch.theta_0,4.9828443e-21
11.0889,B,mrac.pitch.theta_1,0.0045646052
11.0889,B,mrac.pitch.theta_2,0.00036790833
11.0889,B,mrac.pitch.theta_3,0.00088673807
11.0889,B,mrac.pitch.theta_4,0.057554957
11.0889,B,mrac.pitch.theta_5,0.14338402
11.0889,B,mrac.pitch.u_nom,0.062944986
11.0889,B,mrac.pitch.xm,-0.24664371
11.0889,B,mrac.roll.theta_0,0.14808404
11.0889,B,mrac.roll.theta_1,0.0023434004
11.0889,B,mrac.roll.theta_2,0.0040701497
11.0889,B,mrac.roll.theta_3,0.00030258141
11.0889,B,mrac.roll.theta_4,0.03793418
11.0889,B,mrac.roll.theta_5,0.046049919
11.0889,B,mrac.roll.u_nom,-0.075128622
11.0889,B,mrac.roll.xm,0.11812232
11.0889,B,mrac.yaw.theta_0,1.4270631e-17
11.0889,B,mrac.yaw.theta_1,0.0016170754
11.0889,B,mrac.yaw.theta_2,2.3361403e-05
11.0889,B,mrac.yaw.theta_3,0
11.0889,B,mrac.yaw.theta_4,0.016827837
11.0889,B,mrac.yaw.theta_5,0.060592469
11.0889,B,mrac.yaw.u_nom,-0.053129803
11.0889,B,mrac.yaw.xm,-0.13302706
11.0889,B,mrac.z.theta_0,0.96507335
11.0889,B,mrac.z.theta_1,0.0017251043
11.0889,B,mrac.z.theta_2,0.0071646781
11.0889,B,mrac.z.theta_3,0
11.0889,B,mrac.z.theta_4,0.19844143
11.0889,B,mrac.z.theta_5,0.19240108
11.0889,B,mrac.z.u_nom,0.65480226
11.0889,B,mrac.z.xm,0.33190602
11.0889,B,path.active_path_mode,0
11.0889,B,path.circle_theta,0
11.0889,B,path.sinusoid_t_elapsed,0
11.0889,B,path.twc_arrived,0
11.0889,B,path.twc_target_x,0
11.0889,B,path.twc_target_y,0
11.0889,B,path.twc_target_z,0
11.0889,B,pid.gyrox.Des,6.7679076
11.0889,B,pid.gyrox.FB,4.5290699
11.0889,B,pid.gyrox.U,-87.90049
11.0889,B,pid.gyroy.Des,-14.131638
11.0889,B,pid.gyroy.FB,-8.9730387
11.0889,B,pid.gyroy.U,73.645638
11.0889,B,pid.gyroz.Des,-7.6218863
11.0889,B,pid.gyroz.FB,4.5511279
11.0889,B,pid.gyroz.U,-99.458992
11.0889,B,pid.locx.Des,0
11.0889,B,pid.locx.FB,3.6811655
11.0889,B,pid.locx.U,-4.8262639
11.0889,B,pid.locxs.Des,-4.8262639
11.0889,B,pid.locxs.FB,-2.9604845
11.0889,B,pid.locxs.U,-5.4721384
11.0889,B,pid.locy.Des,0
11.0889,B,pid.locy.FB,31.841333
11.0889,B,pid.locy.U,-27.713728
11.0889,B,pid.locys.Des,-27.713728
11.0889,B,pid.locys.FB,7.0168033
11.0889,B,pid.locys.U,-104.48767
11.0889,B,pid.pitch.Des,-6.0802145
11.0889,B,pid.pitch.FB,-0.46691802
11.0889,B,pid.pitch.U,-14.131638
11.0889,B,pid.roll.Des,0.28527516
11.0889,B,pid.roll.FB,-1.8858087
11.0889,B,pid.roll.U,6.7679076
11.0889,B,pid.yaw.Des,-0.61393034
11.0889,B,pid.yaw.FB,0.32305077
11.0889,B,pid.yaw.U,-7.6218863
11.0889,B,pid.z_pos.Des,1.1493505
11.0889,B,pid.z_pos.FB,0.88948846
11.0889,B,pid.z_pos.U,0.33190602
11.0889,B,pid.z_rate.Des,0.33190602
11.0889,B,pid.z_rate.FB,-0.0017635496
11.0889,B,pid.z_rate.U,145.3661
11.0889,B,status.vbat,0
11.3054,A,mrac.pitch.e,0.36131448
11.3054,A,mrac.pitch.u_ad,-0.047866635
11.3054,A,mrac.roll.e,-0.041757599
11.3054,A,mrac.roll.u_ad,0.15372659
11.3054,A,mrac.yaw.e,0.16231929
11.3054,A,mrac.yaw.u_ad,-0.00861922
11.3054,A,mrac.z.e,-0.33199742
11.3054,A,mrac.z.u_ad,1.1586688
11.3054,A,status.arm,1
11.3054,A,status.flymode,1
11.3054,A,status.rc_authority,0
11.3054,A,status.sbus_lost,0
11.3054,A,status.twc_arrived,0
11.3054,A,status.twc_execute,0
11.3055,B,mrac.pitch.theta_0,4.9828443e-21
11.3055,B,mrac.pitch.theta_1,0.0045646052
11.3055,B,mrac.pitch.theta_2,0.00036790833
11.3055,B,mrac.pitch.theta_3,0.00088673807
11.3055,B,mrac.pitch.theta_4,0.057554957
11.3055,B,mrac.pitch.theta_5,0.14338402
11.3055,B,mrac.pitch.u_nom,0.062944986
11.3055,B,mrac.pitch.xm,-0.24664371
11.3055,B,mrac.roll.theta_0,0.14808404
11.3055,B,mrac.roll.theta_1,0.0023434004
11.3055,B,mrac.roll.theta_2,0.0040701497
11.3055,B,mrac.roll.theta_3,0.00030258141
11.3055,B,mrac.roll.theta_4,0.03793418
11.3055,B,mrac.roll.theta_5,0.046049919
11.3055,B,mrac.roll.u_nom,-0.075128622
11.3055,B,mrac.roll.xm,0.11812232
11.3055,B,mrac.yaw.theta_0,1.4270631e-17
11.3055,B,mrac.yaw.theta_1,0.0016170754
11.3055,B,mrac.yaw.theta_2,2.3361403e-05
11.3055,B,mrac.yaw.theta_3,0
11.3055,B,mrac.yaw.theta_4,0.016827837
11.3055,B,mrac.yaw.theta_5,0.060592469
11.3055,B,mrac.yaw.u_nom,-0.053129803
11.3055,B,mrac.yaw.xm,-0.13302706
11.3055,B,mrac.z.theta_0,0.96507335
11.3055,B,mrac.z.theta_1,0.0017251043
11.3055,B,mrac.z.theta_2,0.0071646781
11.3055,B,mrac.z.theta_3,0
11.3055,B,mrac.z.theta_4,0.19844143
11.3055,B,mrac.z.theta_5,0.19240108
11.3055,B,mrac.z.u_nom,0.65480226
11.3055,B,mrac.z.xm,0.33190602
11.3055,B,path.active_path_mode,0
11.3055,B,path.circle_theta,0
11.3055,B,path.sinusoid_t_elapsed,0
11.3055,B,path.twc_arrived,0
11.3055,B,path.twc_target_x,0
11.3055,B,path.twc_target_y,0
11.3055,B,path.twc_target_z,0
11.3055,B,pid.gyrox.Des,6.7679076
11.3055,B,pid.gyrox.FB,4.5290699
11.3055,B,pid.gyrox.U,-87.90049
11.3055,B,pid.gyroy.Des,-14.131638
11.3055,B,pid.gyroy.FB,-8.9730387
11.3055,B,pid.gyroy.U,73.645638
11.3055,B,pid.gyroz.Des,-7.6218863
11.3055,B,pid.gyroz.FB,4.5511279
11.3055,B,pid.gyroz.U,-99.458992
11.3055,B,pid.locx.Des,0
11.3055,B,pid.locx.FB,3.6811655
11.3055,B,pid.locx.U,-4.8262639
11.3055,B,pid.locxs.Des,-4.8262639
11.3055,B,pid.locxs.FB,-2.9604845
11.3055,B,pid.locxs.U,-5.4721384
11.3055,B,pid.locy.Des,0
11.3055,B,pid.locy.FB,31.841333
11.3055,B,pid.locy.U,-27.713728
11.3055,B,pid.locys.Des,-27.713728
11.3055,B,pid.locys.FB,7.0168033
11.3055,B,pid.locys.U,-104.48767
11.3055,B,pid.pitch.Des,-6.0802145
11.3055,B,pid.pitch.FB,-0.46691802
11.3055,B,pid.pitch.U,-14.131638
11.3055,B,pid.roll.Des,0.28527516
11.3055,B,pid.roll.FB,-1.8858087
11.3055,B,pid.roll.U,6.7679076
11.3055,B,pid.yaw.Des,-0.61393034
11.3055,B,pid.yaw.FB,0.32305077
11.3055,B,pid.yaw.U,-7.6218863
11.3055,B,pid.z_pos.Des,1.1493505
11.3055,B,pid.z_pos.FB,0.88948846
11.3055,B,pid.z_pos.U,0.33190602
11.3055,B,pid.z_rate.Des,0.33190602
11.3055,B,pid.z_rate.FB,-0.0017635496
11.3055,B,pid.z_rate.U,145.3661
11.3055,B,status.vbat,0
11.5208,A,mrac.pitch.e,0.14856365
11.5208,A,mrac.pitch.u_ad,-0.040204521
11.5208,A,mrac.roll.e,-0.10563797
11.5208,A,mrac.roll.u_ad,0.15653123
11.5208,A,mrac.yaw.e,0.12489825
11.5208,A,mrac.yaw.u_ad,-0.0086931325
11.5208,A,mrac.z.e,-0.50518996
11.5208,A,mrac.z.u_ad,1.2098899
11.5208,A,status.arm,1
11.5208,A,status.flymode,1
11.5208,A,status.rc_authority,0
11.5208,A,status.sbus_lost,0
11.5208,A,status.twc_arrived,0
11.5208,A,status.twc_execute,0
11.5209,B,mrac.pitch.theta_0,4.4685519e-25
11.5209,B,mrac.pitch.theta_1,0.0046264869
11.5209,B,mrac.pitch.theta_2,0.00036355949
11.5209,B,mrac.pitch.theta_3,0.00089131139
11.5209,B,mrac.pitch.theta_4,0.058662228
11.5209,B,mrac.pitch.theta_5,0.14376549
11.5209,B,mrac.pitch.u_nom,-0.063858971
11.5209,B,mrac.pitch.xm,-0.26083937
11.5209,B,mrac.roll.theta_0,0.14864168
11.5209,B,mrac.roll.theta_1,0.0021296716
11.5209,B,mrac.roll.theta_2,0.004106849
11.5209,B,mrac.roll.theta_3,0.00030462572
11.5209,B,mrac.roll.theta_4,0.038605761
11.5209,B,mrac.roll.theta_5,0.046966672
11.5209,B,mrac.roll.u_nom,0.16441038
11.5209,B,mrac.roll.xm,0.13806537
11.5209,B,mrac.yaw.theta_0,4.1963523e-21
11.5209,B,mrac.yaw.theta_1,0.0016965411
11.5209,B,mrac.yaw.theta_2,2.3256476e-05
11.5209,B,mrac.yaw.theta_3,0
11.5209,B,mrac.yaw.theta_4,0.017418982
11.5209,B,mrac.yaw.theta_5,0.062880874
11.5209,B,mrac.yaw.u_nom,-0.045006014
11.5209,B,mrac.yaw.xm,-0.12673022
11.5209,B,mrac.z.theta_0,0.97921729
11.5209,B,mrac.z.theta_1,0.0016501262
11.5209,B,mrac.z.theta_2,0.0074060773
11.5209,B,mrac.z.theta_3,0
11.5209,B,mrac.z.theta_4,0.19877131
11.5209,B,mrac.z.theta_5,0.19403215
11.5209,B,mrac.z.u_nom,1.014228
11.5209,B,mrac.z.xm,0.40198627
11.5209,B,path.active_path_mode,0
11.5209,B,path.circle_theta,0
11.5209,B,path.sinusoid_t_elapsed,0
11.5209,B,path.twc_arrived,0
11.5209,B,path.twc_target_x,0
11.5209,B,path.twc_target_y,0
11.5209,B,path.twc_target_z,0
11.5209,B,pid.gyrox.Des,7.9105597
11.5209,B,pid.gyrox.FB,-10.37231
11.5209,B,pid.gyrox.U,192.36015
11.5209,B,pid.gyroy.Des,-14.944988
11.5209,B,pid.gyroy.FB,-1.3702536
11.5209,B,pid.gyroy.U,-74.714996
11.5209,B,pid.gyroz.Des,-7.2611036
11.5209,B,pid.gyroz.FB,3.0168266
11.5209,B,pid.gyroz.U,-84.251259
11.5209,B,pid.locx.Des,0
11.5209,B,pid.locx.FB,-0.86029106
11.5209,B,pid.locx.U,-1.0072746
11.5209,B,pid.locxs.Des,-1.0072746
11.5209,B,pid.locxs.FB,0.99998945
11.5209,B,pid.locxs.U,-5.9703398
11.5209,B,pid.locy.Des,0
11.5209,B,pid.locy.FB,36.529205
11.5209,B,pid.locy.U,-31.259373
11.5209,B,pid.locys.Des,-31.259373
11.5209,B,pid.locys.FB,-0.0045888037
11.5209,B,pid.locys.U,-93.813339
11.5209,B,pid.pitch.Des,-5.4618082
11.5209,B,pid.pitch.FB,-0.51266724
11.5209,B,pid.pitch.U,-14.944988
11.5209,B,pid.roll.Des,0.32364815
11.5209,B,pid.roll.FB,-2.2483227
11.5209,B,pid.roll.U,7.9105597
11.5209,B,pid.yaw.Des,-0.61393034
11.5209,B,pid.yaw.FB,0.26292023
11.5209,B,pid.yaw.U,-7.2611036
11.5209,B,pid.z_pos.Des,1.1493505
11.5209,B,pid.z_pos.FB,0.77936828
11.5209,B,pid.z_pos.U,0.40198627
11.5209,B,pid.z_rate.Des,0.40198627
11.5209,B,pid.z_rate.FB,-0.13116458
11.5209,B,pid.z_rate.U,225.15862
11.5209,B,status.vbat,0
11.7216,A,mrac.pitch.e,0.22948964
11.7216,A,mrac.pitch.u_ad,-0.044360284
11.7216,A,mrac.roll.e,-0.19201431
11.7216,A,mrac.roll.u_ad,0.15618475
11.7216,A,mrac.yaw.e,0.14940542
11.7216,A,mrac.yaw.u_ad,-0.0091895964
11.7216,A,mrac.z.e,-0.37001655
11.7216,A,mrac.z.u_ad,1.1929972
11.7216,A,status.arm,1
11.7216,A,status.flymode,1
11.7216,A,status.rc_authority,0
11.7216,A,status.sbus_lost,0
11.7216,A,status.twc_arrived,0
11.7216,A,status.twc_execute,0
11.7217,B,mrac.pitch.theta_0,1.6276091e-25
11.7217,B,mrac.pitch.theta_1,0.0046068532
11.7217,B,mrac.pitch.theta_2,0.00036315832
11.7217,B,mrac.pitch.theta_3,0.00089167664
11.7217,B,mrac.pitch.theta_4,0.058798324
11.7217,B,mrac.pitch.theta_5,0.1438193
11.7217,B,mrac.pitch.u_nom,-0.040212739
11.7217,B,mrac.pitch.xm,-0.2764498
11.7217,B,mrac.roll.theta_0,0.14821316
11.7217,B,mrac.roll.theta_1,0.0021294642
11.7217,B,mrac.roll.theta_2,0.0041068881
11.7217,B,mrac.roll.theta_3,0.00030501056
11.7217,B,mrac.roll.theta_4,0.038659334
11.7217,B,mrac.roll.theta_5,0.047061075
11.7217,B,mrac.roll.u_nom,-0.03518774
11.7217,B,mrac.roll.xm,0.13156444
11.7217,B,mrac.yaw.theta_0,2.1709884e-21
11.7217,B,mrac.yaw.theta_1,0.0016947737
11.7217,B,mrac.yaw.theta_2,2.3248695e-05
11.7217,B,mrac.yaw.theta_3,0
11.7217,B,mrac.yaw.theta_4,0.017458463
11.7217,B,mrac.yaw.theta_5,0.063019902
11.7217,B,mrac.yaw.u_nom,-0.042264424
11.7217,B,mrac.yaw.xm,-0.13806579
11.7217,B,mrac.z.theta_0,0.97963679
11.7217,B,mrac.z.theta_1,0.0017693227
11.7217,B,mrac.z.theta_2,0.0074137026
11.7217,B,mrac.z.theta_3,0
11.7217,B,mrac.z.theta_4,0.19879444
11.7217,B,mrac.z.theta_5,0.19418213
11.7217,B,mrac.z.u_nom,0.52168894
11.7217,B,mrac.z.xm,0.40188965
11.7217,B,path.active_path_mode,0
11.7217,B,path.circle_theta,0
11.7217,B,path.sinusoid_t_elapsed,0
11.7217,B,path.twc_arrived,0
11.7217,B,path.twc_target_x,0
11.7217,B,path.twc_target_y,0
11.7217,B,path.twc_target_z,0
11.7217,B,pid.gyrox.Des,7.2037096
11.7217,B,pid.gyrox.FB,-4.5339909
11.7217,B,pid.gyrox.U,129.28564
11.7217,B,pid.gyroy.Des,-15.888211
11.7217,B,pid.gyroy.FB,1.6269256
11.7217,B,pid.gyroy.U,-116.23498
11.7217,B,pid.gyroz.Des,-7.9405518
11.7217,B,pid.gyroz.FB,-0.12227116
11.7217,B,pid.gyroz.U,-64.509933
11.7217,B,pid.locx.Des,0
11.7217,B,pid.locx.FB,-0.71877146
11.7217,B,pid.locx.U,-1.0204477
11.7217,B,pid.locxs.Des,-1.0204477
11.7217,B,pid.locxs.FB,2.0065219
11.7217,B,pid.locxs.U,-9.0851994
11.7217,B,pid.locy.Des,0
11.7217,B,pid.locy.FB,36.778358
11.7217,B,pid.locy.U,-31.494455
11.7217,B,pid.locys.Des,-31.494455
11.7217,B,pid.locys.FB,0.986848
11.7217,B,pid.locys.U,-97.54126
11.7217,B,pid.pitch.Des,-5.6801395
11.7217,B,pid.pitch.FB,-0.40377206
11.7217,B,pid.pitch.U,-15.839399
11.7217,B,pid.roll.Des,0.49385375
11.7217,B,pid.roll.FB,-1.9766186
11.7217,B,pid.roll.U,7.538084
11.7217,B,pid.yaw.Des,-0.61393034
11.7217,B,pid.yaw.FB,0.37616163
11.7217,B,pid.yaw.U,-7.9405518
11.7217,B,pid.z_pos.Des,1.1493505
11.7217,B,pid.z_pos.FB,0.78951949
11.7217,B,pid.z_pos.U,0.40188965
11.7217,B,pid.z_rate.Des,0.40188965
11.7217,B,pid.z_rate.FB,0.12807293
11.7217,B,pid.z_rate.U,121.42496
11.7217,B,status.vbat,0
11.9219,A,mrac.pitch.e,0.19956143
11.9219,A,mrac.pitch.u_ad,-0.044521403
11.9219,A,mrac.roll.e,-0.0016484559
11.9219,A,mrac.roll.u_ad,0.15567431
11.9219,A,mrac.yaw.e,0.098286308
11.9219,A,mrac.yaw.u_ad,-0.0086529041
11.9219,A,mrac.z.e,-0.4014473
11.9219,A,mrac.z.u_ad,1.2110474
11.9219,A,status.arm,1
11.9219,A,status.flymode,1
11.9219,A,status.rc_authority,0
11.9219,A,status.sbus_lost,0
11.9219,A,status.twc_arrived,0
11.9219,A,status.twc_execute,0
11.9220,B,mrac.pitch.theta_0,6.2685932e-26
11.9220,B,mrac.pitch.theta_1,0.0047109169
11.9220,B,mrac.pitch.theta_2,0.0003628319
11.9220,B,mrac.pitch.theta_3,0.00089171261
11.9220,B,mrac.pitch.theta_4,0.058913823
11.9220,B,mrac.pitch.theta_5,0.14387596
11.9220,B,mrac.pitch.u_nom,0.031045415
11.9220,B,mrac.pitch.xm,-0.23576093
11.9220,B,mrac.roll.theta_0,0.14849082
11.9220,B,mrac.roll.theta_1,0.0021177002
11.9220,B,mrac.roll.theta_2,0.004109202
11.9220,B,mrac.roll.theta_3,0.00030517741
11.9220,B,mrac.roll.theta_4,0.038731001
11.9220,B,mrac.roll.theta_5,0.047179881
11.9220,B,mrac.roll.u_nom,0.057450008
11.9220,B,mrac.roll.xm,0.12718783
11.9220,B,mrac.yaw.theta_0,1.1871476e-21
11.9220,B,mrac.yaw.theta_1,0.0017022936
11.9220,B,mrac.yaw.theta_2,2.3243789e-05
11.9220,B,mrac.yaw.theta_3,0
11.9220,B,mrac.yaw.theta_4,0.017489322
11.9220,B,mrac.yaw.theta_5,0.063146487
11.9220,B,mrac.yaw.u_nom,-0.03570604
11.9220,B,mrac.yaw.xm,-0.1334684
11.9220,B,mrac.z.theta_0,0.98000181
11.9220,B,mrac.z.theta_1,0.0020904064
11.9220,B,mrac.z.theta_2,0.0074167764
11.9220,B,mrac.z.theta_3,0
11.9220,B,mrac.z.theta_4,0.19880539
11.9220,B,mrac.z.theta_5,0.1943274
11.9220,B,mrac.z.u_nom,0.77101725
11.9220,B,mrac.z.xm,0.4019126
11.9220,B,path.active_path_mode,0
11.9220,B,path.circle_theta,0
11.9220,B,path.sinusoid_t_elapsed,0
11.9220,B,path.twc_arrived,0
11.9220,B,path.twc_target_x,0
11.9220,B,path.twc_target_y,0
11.9220,B,path.twc_target_z,0
11.9220,B,pid.gyrox.Des,7.287323
11.9220,B,pid.gyrox.FB,-0.29749978
11.9220,B,pid.gyrox.U,67.216507
11.9220,B,pid.gyroy.Des,-13.508101
11.9220,B,pid.gyroy.FB,-5.9180722
11.9220,B,pid.gyroy.U,36.323135
11.9220,B,pid.gyroz.Des,-7.6471729
11.9220,B,pid.gyroz.FB,0.45609617
11.9220,B,pid.gyroz.U,-66.841705
11.9220,B,pid.locx.Des,0
11.9220,B,pid.locx.FB,-0.55065018
11.9220,B,pid.locx.U,-1.0519063
11.9220,B,pid.locxs.Des,-1.0519063
11.9220,B,pid.locxs.FB,2.0228145
11.9220,B,pid.locxs.U,-9.2408686
11.9220,B,pid.locy.Des,0
11.9220,B,pid.locy.FB,37.312366
11.9220,B,pid.locy.U,-32.009651
11.9220,B,pid.locys.Des,-32.009651
11.9220,B,pid.locys.FB,3.9885111
11.9220,B,pid.locys.U,-108.18587
11.9220,B,pid.pitch.Des,-6.2948089
11.9220,B,pid.pitch.FB,-0.82758683
11.9220,B,pid.pitch.U,-13.508101
11.9220,B,pid.roll.Des,0.50372446
11.9220,B,pid.roll.FB,-1.9156997
11.9220,B,pid.roll.U,7.287323
11.9220,B,pid.yaw.Des,-0.61393034
11.9220,B,pid.yaw.FB,0.32726511
11.9220,B,pid.yaw.U,-7.6471729
11.9220,B,pid.z_pos.Des,1.1493505
11.9220,B,pid.z_pos.FB,0.78947604
11.9220,B,pid.z_pos.U,0.4019126
11.9220,B,pid.z_rate.Des,0.4019126
11.9220,B,pid.z_rate.FB,0.0037436788
11.9220,B,pid.z_rate.U,171.16583
11.9220,B,status.vbat,0
12.1229,A,mrac.pitch.e,0.28174391
12.1229,A,mrac.pitch.u_ad,-0.044300873
12.1229,A,mrac.roll.e,0.0081508681
12.1229,A,mrac.roll.u_ad,0.15421826
12.1229,A,mrac.yaw.e,0.087002851
12.1229,A,mrac.yaw.u_ad,-0.0070557068
12.1229,A,mrac.z.e,-0.44067723
12.1229,A,mrac.z.u_ad,1.2373891
12.1229,A,status.arm,1
12.1229,A,status.flymode,1
12.1229,A,status.rc_authority,0
12.1229,A,status.sbus_lost,0
12.1229,A,status.twc_arrived,0
12.1229,A,status.twc_execute,0
12.1229,B,mrac.pitch.theta_0,2.5203108e-26
12.1229,B,mrac.pitch.theta_1,0.0048089246
12.1229,B,mrac.pitch.theta_2,0.00036256039
12.1229,B,mrac.pitch.theta_3,0.00089258212
12.1229,B,mrac.pitch.theta_4,0.059022252
12.1229,B,mrac.pitch.theta_5,0.143925
12.1229,B,mrac.pitch.u_nom,-0.12605293
12.1229,B,mrac.pitch.xm,-0.27612102
12.1229,B,mrac.roll.theta_0,0.14839645
12.1229,B,mrac.roll.theta_1,0.0021097674
12.1229,B,mrac.roll.theta_2,0.0041112909
12.1229,B,mrac.roll.theta_3,0.0003054855
12.1229,B,mrac.roll.theta_4,0.038795177
12.1229,B,mrac.roll.theta_5,0.047281314
12.1229,B,mrac.roll.u_nom,0.0089838738
12.1229,B,mrac.roll.xm,0.10964804
12.1229,B,mrac.yaw.theta_0,8.0877539e-22
12.1229,B,mrac.yaw.theta_1,0.0017172786
12.1229,B,mrac.yaw.theta_2,2.3238732e-05
12.1229,B,mrac.yaw.theta_3,0
12.1229,B,mrac.yaw.theta_4,0.017502686
12.1229,B,mrac.yaw.theta_5,0.063214347
12.1229,B,mrac.yaw.u_nom,-0.021078939
12.1229,B,mrac.yaw.xm,-0.10397125
12.1229,B,mrac.z.theta_0,0.98035014
12.1229,B,mrac.z.theta_1,0.0020580688
12.1229,B,mrac.z.theta_2,0.0074255778
12.1229,B,mrac.z.theta_3,0
12.1229,B,mrac.z.theta_4,0.19883102
12.1229,B,mrac.z.theta_5,0.1944679
12.1229,B,mrac.z.u_nom,0.91442448
12.1229,B,mrac.z.xm,0.40892243
12.1229,B,path.active_path_mode,0
12.1229,B,path.circle_theta,0
12.1229,B,path.sinusoid_t_elapsed,0
12.1229,B,path.twc_arrived,0
12.1229,B,path.twc_target_x,0
12.1229,B,path.twc_target_y,0
12.1229,B,path.twc_target_z,0
12.1229,B,pid.gyrox.Des,6.2823672
12.1229,B,pid.gyrox.FB,4.91326
12.1229,B,pid.gyrox.U,10.511132
12.1229,B,pid.gyroy.Des,-15.820563
12.1229,B,pid.gyroy.FB,0.62515384
12.1229,B,pid.gyroy.U,-147.48193
12.1229,B,pid.gyroz.Des,-5.9571114
12.1229,B,pid.gyroz.FB,-1.2736286
12.1229,B,pid.gyroz.U,-39.459774
12.1229,B,pid.locx.Des,0
12.1229,B,pid.locx.FB,-0.38337821
12.1229,B,pid.locx.U,-1.1066813
12.1229,B,pid.locxs.Des,-1.1066813
12.1229,B,pid.locxs.FB,2.0031822
12.1229,B,pid.locxs.U,-9.3393917
12.1229,B,pid.locy.Des,0
12.1229,B,pid.locy.FB,38.031818
12.1229,B,pid.locy.U,-32.569416
12.1229,B,pid.locys.Des,-32.569416
12.1229,B,pid.locys.FB,3.9984074
12.1229,B,pid.locys.U,-109.78271
12.1229,B,pid.pitch.Des,-6.3850026
12.1229,B,pid.pitch.FB,-1.1155429
12.1229,B,pid.pitch.U,-15.820563
12.1229,B,pid.roll.Des,0.54043621
12.1229,B,pid.roll.FB,-1.7455006
12.1229,B,pid.roll.U,6.2823672
12.1229,B,pid.yaw.Des,-0.61393034
12.1229,B,pid.yaw.FB,0.045588206
12.1229,B,pid.yaw.U,-5.9571114
12.1229,B,pid.z_pos.Des,1.1493505
12.1229,B,pid.z_pos.FB,0.77949029
12.1229,B,pid.z_pos.U,0.40892243
12.1229,B,pid.z_rate.Des,0.40892243
12.1229,B,pid.z_rate.FB,-0.068837479
12.1229,B,pid.z_rate.U,203.00223
12.1229,B,status.vbat,0
12.3380,A,mrac.pitch.e,0.28174391
12.3380,A,mrac.pitch.u_ad,-0.044300873
12.3380,A,mrac.roll.e,0.0081508681
12.3380,A,mrac.roll.u_ad,0.15421826
12.3380,A,mrac.yaw.e,0.087002851
12.3380,A,mrac.yaw.u_ad,-0.0070557068
12.3380,A,mrac.z.e,-0.44067723
12.3380,A,mrac.z.u_ad,1.2373891
12.3380,A,status.arm,1
12.3380,A,status.flymode,1
12.3380,A,status.rc_authority,0
12.3380,A,status.sbus_lost,0
12.3380,A,status.twc_arrived,0
12.3380,A,status.twc_execute,0
12.3380,B,mrac.pitch.theta_0,2.5203108e-26
12.3380,B,mrac.pitch.theta_1,0.0048089246
12.3380,B,mrac.pitch.theta_2,0.00036256039
12.3380,B,mrac.pitch.theta_3,0.00089258212
12.3380,B,mrac.pitch.theta_4,0.059022252
12.3380,B,mrac.pitch.theta_5,0.143925
12.3380,B,mrac.pitch.u_nom,-0.12605293
12.3380,B,mrac.pitch.xm,-0.27612102
12.3380,B,mrac.roll.theta_0,0.14839645
12.3380,B,mrac.roll.theta_1,0.0021097674
12.3380,B,mrac.roll.theta_2,0.0041112909
12.3380,B,mrac.roll.theta_3,0.0003054855
12.3380,B,mrac.roll.theta_4,0.038795177
12.3380,B,mrac.roll.theta_5,0.047281314
12.3380,B,mrac.roll.u_nom,0.0089838738
12.3380,B,mrac.roll.xm,0.10964804
12.3380,B,mrac.yaw.theta_0,8.0877539e-22
12.3380,B,mrac.yaw.theta_1,0.0017172786
12.3380,B,mrac.yaw.theta_2,2.3238732e-05
12.3380,B,mrac.yaw.theta_3,0
12.3380,B,mrac.yaw.theta_4,0.017502686
12.3380,B,mrac.yaw.theta_5,0.063214347
12.3380,B,mrac.yaw.u_nom,-0.021078939
12.3380,B,mrac.yaw.xm,-0.10397125
12.3380,B,mrac.z.theta_0,0.98035014
12.3380,B,mrac.z.theta_1,0.0020580688
12.3380,B,mrac.z.theta_2,0.0074255778
12.3380,B,mrac.z.theta_3,0
12.3380,B,mrac.z.theta_4,0.19883102
12.3380,B,mrac.z.theta_5,0.1944679
12.3380,B,mrac.z.u_nom,0.91442448
12.3380,B,mrac.z.xm,0.40892243
12.3380,B,path.active_path_mode,0
12.3380,B,path.circle_theta,0
12.3380,B,path.sinusoid_t_elapsed,0
12.3380,B,path.twc_arrived,0
12.3380,B,path.twc_target_x,0
12.3380,B,path.twc_target_y,0
12.3380,B,path.twc_target_z,0
12.3380,B,pid.gyrox.Des,6.2823672
12.3380,B,pid.gyrox.FB,4.91326
12.3380,B,pid.gyrox.U,10.511132
12.3380,B,pid.gyroy.Des,-15.820563
12.3380,B,pid.gyroy.FB,0.62515384
12.3380,B,pid.gyroy.U,-147.48193
12.3380,B,pid.gyroz.Des,-5.9571114
12.3380,B,pid.gyroz.FB,-1.2736286
12.3380,B,pid.gyroz.U,-39.459774
12.3380,B,pid.locx.Des,0
12.3380,B,pid.locx.FB,-0.38337821
12.3380,B,pid.locx.U,-1.1066813
12.3380,B,pid.locxs.Des,-1.1066813
12.3380,B,pid.locxs.FB,2.0031822
12.3380,B,pid.locxs.U,-9.3393917
12.3380,B,pid.locy.Des,0
12.3380,B,pid.locy.FB,38.031818
12.3380,B,pid.locy.U,-32.569416
12.3380,B,pid.locys.Des,-32.569416
12.3380,B,pid.locys.FB,3.9984074
12.3380,B,pid.locys.U,-109.78271
12.3380,B,pid.pitch.Des,-6.3850026
12.3380,B,pid.pitch.FB,-1.1155429
12.3380,B,pid.pitch.U,-15.820563
12.3380,B,pid.roll.Des,0.54043621
12.3380,B,pid.roll.FB,-1.7455006
12.3380,B,pid.roll.U,6.2823672
12.3380,B,pid.yaw.Des,-0.61393034
12.3380,B,pid.yaw.FB,0.045588206
12.3380,B,pid.yaw.U,-5.9571114
12.3380,B,pid.z_pos.Des,1.1493505
12.3380,B,pid.z_pos.FB,0.77949029
12.3380,B,pid.z_pos.U,0.40892243
12.3380,B,pid.z_rate.Des,0.40892243
12.3380,B,pid.z_rate.FB,-0.068837479
12.3380,B,pid.z_rate.U,203.00223
12.3380,B,status.vbat,0
12.5381,A,mrac.pitch.e,0.28174391
12.5381,A,mrac.pitch.u_ad,-0.044300873
12.5381,A,mrac.roll.e,0.0081508681
12.5381,A,mrac.roll.u_ad,0.15421826
12.5381,A,mrac.yaw.e,0.087002851
12.5381,A,mrac.yaw.u_ad,-0.0070557068
12.5381,A,mrac.z.e,-0.44067723
12.5381,A,mrac.z.u_ad,1.2373891
12.5381,A,status.arm,1
12.5381,A,status.flymode,1
12.5381,A,status.rc_authority,0
12.5381,A,status.sbus_lost,0
12.5381,A,status.twc_arrived,0
12.5381,A,status.twc_execute,0
12.5382,B,mrac.pitch.theta_0,2.5203108e-26
12.5382,B,mrac.pitch.theta_1,0.0048089246
12.5382,B,mrac.pitch.theta_2,0.00036256039
12.5382,B,mrac.pitch.theta_3,0.00089258212
12.5382,B,mrac.pitch.theta_4,0.059022252
12.5382,B,mrac.pitch.theta_5,0.143925
12.5382,B,mrac.pitch.u_nom,-0.12605293
12.5382,B,mrac.pitch.xm,-0.27612102
12.5382,B,mrac.roll.theta_0,0.14839645
12.5382,B,mrac.roll.theta_1,0.0021097674
12.5382,B,mrac.roll.theta_2,0.0041112909
12.5382,B,mrac.roll.theta_3,0.0003054855
12.5382,B,mrac.roll.theta_4,0.038795177
12.5382,B,mrac.roll.theta_5,0.047281314
12.5382,B,mrac.roll.u_nom,0.0089838738
12.5382,B,mrac.roll.xm,0.10964804
12.5382,B,mrac.yaw.theta_0,8.0877539e-22
12.5382,B,mrac.yaw.theta_1,0.0017172786
12.5382,B,mrac.yaw.theta_2,2.3238732e-05
12.5382,B,mrac.yaw.theta_3,0
12.5382,B,mrac.yaw.theta_4,0.017502686
12.5382,B,mrac.yaw.theta_5,0.063214347
12.5382,B,mrac.yaw.u_nom,-0.021078939
12.5382,B,mrac.yaw.xm,-0.10397125
12.5382,B,mrac.z.theta_0,0.98035014
12.5382,B,mrac.z.theta_1,0.0020580688
12.5382,B,mrac.z.theta_2,0.0074255778
12.5382,B,mrac.z.theta_3,0
12.5382,B,mrac.z.theta_4,0.19883102
12.5382,B,mrac.z.theta_5,0.1944679
12.5382,B,mrac.z.u_nom,0.91442448
12.5382,B,mrac.z.xm,0.40892243
12.5382,B,path.active_path_mode,0
12.5382,B,path.circle_theta,0
12.5382,B,path.sinusoid_t_elapsed,0
12.5382,B,path.twc_arrived,0
12.5382,B,path.twc_target_x,0
12.5382,B,path.twc_target_y,0
12.5382,B,path.twc_target_z,0
12.5382,B,pid.gyrox.Des,6.2823672
12.5382,B,pid.gyrox.FB,4.91326
12.5382,B,pid.gyrox.U,10.511132
12.5382,B,pid.gyroy.Des,-15.820563
12.5382,B,pid.gyroy.FB,0.62515384
12.5382,B,pid.gyroy.U,-147.48193
12.5382,B,pid.gyroz.Des,-5.9571114
12.5382,B,pid.gyroz.FB,-1.2736286
12.5382,B,pid.gyroz.U,-39.459774
12.5382,B,pid.locx.Des,0
12.5382,B,pid.locx.FB,-0.38337821
12.5382,B,pid.locx.U,-1.1066813
12.5382,B,pid.locxs.Des,-1.1066813
12.5382,B,pid.locxs.FB,2.0031822
12.5382,B,pid.locxs.U,-9.3393917
12.5382,B,pid.locy.Des,0
12.5382,B,pid.locy.FB,38.031818
12.5382,B,pid.locy.U,-32.569416
12.5382,B,pid.locys.Des,-32.569416
12.5382,B,pid.locys.FB,3.9984074
12.5382,B,pid.locys.U,-109.78271
12.5382,B,pid.pitch.Des,-6.3850026
12.5382,B,pid.pitch.FB,-1.1155429
12.5382,B,pid.pitch.U,-15.820563
12.5382,B,pid.roll.Des,0.54043621
12.5382,B,pid.roll.FB,-1.7455006
12.5382,B,pid.roll.U,6.2823672
12.5382,B,pid.yaw.Des,-0.61393034
12.5382,B,pid.yaw.FB,0.045588206
12.5382,B,pid.yaw.U,-5.9571114
12.5382,B,pid.z_pos.Des,1.1493505
12.5382,B,pid.z_pos.FB,0.77949029
12.5382,B,pid.z_pos.U,0.40892243
12.5382,B,pid.z_rate.Des,0.40892243
12.5382,B,pid.z_rate.FB,-0.068837479
12.5382,B,pid.z_rate.U,203.00223
12.5382,B,status.vbat,0
12.7385,A,mrac.pitch.e,0.32186955
12.7385,A,mrac.pitch.u_ad,-0.043962974
12.7385,A,mrac.roll.e,-0.25002196
12.7385,A,mrac.roll.u_ad,0.15428293
12.7385,A,mrac.yaw.e,0.050564587
12.7385,A,mrac.yaw.u_ad,-0.002967427
12.7385,A,mrac.z.e,-0.42284814
12.7385,A,mrac.z.u_ad,1.2259002
12.7385,A,status.arm,1
12.7385,A,status.flymode,1
12.7385,A,status.rc_authority,0
12.7385,A,status.sbus_lost,0
12.7385,A,status.twc_arrived,0
12.7385,A,status.twc_execute,0
12.7386,B,mrac.pitch.theta_0,5.102566e-28
12.7386,B,mrac.pitch.theta_1,0.0049781157
12.7386,B,mrac.pitch.theta_2,0.00036144399
12.7386,B,mrac.pitch.theta_3,0.00089561427
12.7386,B,mrac.pitch.theta_4,0.059490643
12.7386,B,mrac.pitch.theta_5,0.14412078
12.7386,B,mrac.pitch.u_nom,-0.042422269
12.7386,B,mrac.pitch.xm,-0.27600721
12.7386,B,mrac.roll.theta_0,0.14827575
12.7386,B,mrac.roll.theta_1,0.0020678872
12.7386,B,mrac.roll.theta_2,0.0041221264
12.7386,B,mrac.roll.theta_3,0.00030684451
12.7386,B,mrac.roll.theta_4,0.039047889
12.7386,B,mrac.roll.theta_5,0.047643088
12.7386,B,mrac.roll.u_nom,-0.040169712
12.7386,B,mrac.roll.xm,0.11633548
12.7386,B,mrac.yaw.theta_0,4.765301e-22
12.7386,B,mrac.yaw.theta_1,0.0017141426
12.7386,B,mrac.yaw.theta_2,2.3230616e-05
12.7386,B,mrac.yaw.theta_3,0
12.7386,B,mrac.yaw.theta_4,0.017515875
12.7386,B,mrac.yaw.theta_5,0.063248485
12.7386,B,mrac.yaw.u_nom,-0.016507706
12.7386,B,mrac.yaw.xm,-0.039010976
12.7386,B,mrac.z.theta_0,0.98120755
12.7386,B,mrac.z.theta_1,0.0021340228
12.7386,B,mrac.z.theta_2,0.0074598915
12.7386,B,mrac.z.theta_3,0
12.7386,B,mrac.z.theta_4,0.1989197
12.7386,B,mrac.z.theta_5,0.19500643
12.7386,B,mrac.z.u_nom,0.81586039
12.7386,B,mrac.z.xm,0.42282307
12.7386,B,path.active_path_mode,0
12.7386,B,path.circle_theta,0
12.7386,B,path.sinusoid_t_elapsed,0
12.7386,B,path.twc_arrived,0
12.7386,B,path.twc_target_x,0
12.7386,B,path.twc_target_y,0
12.7386,B,path.twc_target_z,0
12.7386,B,pid.gyrox.Des,6.4595361
12.7386,B,pid.gyrox.FB,2.9721782
12.7386,B,pid.gyrox.U,51.23732
12.7386,B,pid.gyroy.Des,-15.832652
12.7386,B,pid.gyroy.FB,0.2106517
12.7386,B,pid.gyroy.U,-106.10662
12.7386,B,pid.gyroz.Des,-2.2714245
12.7386,B,pid.gyroz.FB,0.44316754
12.7386,B,pid.gyroz.U,-23.69883
12.7386,B,pid.locx.Des,0
12.7386,B,pid.locx.FB,0.77754366
12.7386,B,pid.locx.U,-2.1658509
12.7386,B,pid.locxs.Des,-2.1658509
12.7386,B,pid.locxs.FB,2.9700761
12.7386,B,pid.locxs.U,-15.546912
12.7386,B,pid.locy.Des,0
12.7386,B,pid.locy.FB,40.680992
12.7386,B,pid.locy.U,-34.68951
12.7386,B,pid.locys.Des,-34.68951
12.7386,B,pid.locys.FB,3.0296283
12.7386,B,pid.locys.U,-113.35133
12.7386,B,pid.pitch.Des,-6.5825076
12.7386,B,pid.pitch.FB,-1.3071692
12.7386,B,pid.pitch.U,-15.832652
12.7386,B,pid.roll.Des,0.97367561
12.7386,B,pid.roll.FB,-1.2776895
12.7386,B,pid.roll.U,6.4595361
12.7386,B,pid.yaw.Des,-0.61393034
12.7386,B,pid.yaw.FB,-0.56869292
12.7386,B,pid.yaw.U,-2.2714245
12.7386,B,pid.z_pos.Des,1.1493505
12.7386,B,pid.z_pos.FB,0.75961334
12.7386,B,pid.z_pos.U,0.42282307
12.7386,B,pid.z_rate.Des,0.42282307
12.7386,B,pid.z_rate.FB,1.0134579e-05
12.7386,B,pid.z_rate.U,181.02345
12.7386,B,status.vbat,0
12.9548,A,mrac.pitch.e,0.31158066
12.9548,A,mrac.pitch.u_ad,-0.043593265
12.9548,A,mrac.roll.e,-0.21501631
12.9548,A,mrac.roll.u_ad,0.15480071
12.9548,A,mrac.yaw.e,0.064056195
12.9548,A,mrac.yaw.u_ad,-0.0028218457
12.9548,A,mrac.z.e,-0.42323714
12.9548,A,mrac.z.u_ad,1.2261242
12.9548,A,status.arm,1
12.9548,A,status.flymode,1
12.9548,A,status.rc_authority,0
12.9548,A,status.sbus_lost,0
12.9548,A,status.twc_arrived,0
12.9548,A,status.twc_execute,0
12.9548,B,mrac.pitch.theta_0,3.1274842e-28
12.9548,B,mrac.pitch.theta_1,0.0050065801
12.9548,B,mrac.pitch.theta_2,0.00036129737
12.9548,B,mrac.pitch.theta_3,0.00089566683
12.9548,B,mrac.pitch.theta_4,0.059550703
12.9548,B,mrac.pitch.theta_5,0.14414436
12.9548,B,mrac.pitch.u_nom,-0.023901537
12.9548,B,mrac.pitch.xm,-0.271191
12.9548,B,mrac.roll.theta_0,0.14812705
12.9548,B,mrac.roll.theta_1,0.0020662297
12.9548,B,mrac.roll.theta_2,0.0041232463
12.9548,B,mrac.roll.theta_3,0.00030695039
12.9548,B,mrac.roll.theta_4,0.039072759
12.9548,B,mrac.roll.theta_5,0.047671173
12.9548,B,mrac.roll.u_nom,0.12242839
12.9548,B,mrac.roll.xm,0.11443374
12.9548,B,mrac.yaw.theta_0,0.00016713671
12.9548,B,mrac.yaw.theta_1,0.0017121371
12.9548,B,mrac.yaw.theta_2,2.3333949e-05
12.9548,B,mrac.yaw.theta_3,0
12.9548,B,mrac.yaw.theta_4,0.017518027
12.9548,B,mrac.yaw.theta_5,0.063250624
12.9548,B,mrac.yaw.u_nom,-0.0029072056
12.9548,B,mrac.yaw.xm,-0.042000324
12.9548,B,mrac.z.theta_0,0.98129803
12.9548,B,mrac.z.theta_1,0.0021343224
12.9548,B,mrac.z.theta_2,0.0074592582
12.9548,B,mrac.z.theta_3,0
12.9548,B,mrac.z.theta_4,0.19892706
12.9548,B,mrac.z.theta_5,0.19507168
12.9548,B,mrac.z.u_nom,0.81671917
12.9548,B,mrac.z.xm,0.42281911
12.9548,B,path.active_path_mode,0
12.9548,B,path.circle_theta,0
12.9548,B,path.sinusoid_t_elapsed,0
12.9548,B,path.twc_arrived,0
12.9548,B,path.twc_target_x,0
12.9548,B,path.twc_target_y,0
12.9548,B,path.twc_target_z,0
12.9548,B,pid.gyrox.Des,6.5565672
12.9548,B,pid.gyrox.FB,-7.4831691
12.9548,B,pid.gyrox.U,143.24121
12.9548,B,pid.gyroy.Des,-15.538094
12.9548,B,pid.gyroy.FB,-3.5067616
12.9548,B,pid.gyroy.U,-27.964798
12.9548,B,pid.gyroz.Des,-2.4064403
12.9548,B,pid.gyroz.FB,-1.9864507
12.9548,B,pid.gyroz.U,-5.4422889
12.9548,B,pid.locx.Des,0
12.9548,B,pid.locx.FB,0.93459672
12.9548,B,pid.locx.U,-2.3601573
12.9548,B,pid.locxs.Des,-2.3601573
12.9548,B,pid.locxs.FB,1.9713112
12.9548,B,pid.locxs.U,-13.141091
12.9548,B,pid.locy.Des,0
12.9548,B,pid.locy.FB,41.002453
12.9548,B,pid.locy.U,-34.946606
12.9548,B,pid.locys.Des,-34.946606
12.9548,B,pid.locys.FB,3.018929
12.9548,B,pid.locys.U,-114.09153
12.9548,B,pid.pitch.Des,-6.627037
12.9548,B,pid.pitch.FB,-1.4260329
12.9548,B,pid.pitch.U,-15.538094
12.9548,B,pid.roll.Des,0.83096707
12.9548,B,pid.roll.FB,-1.2096033
12.9548,B,pid.roll.U,6.5565672
12.9548,B,pid.yaw.Des,-0.61393034
12.9548,B,pid.yaw.FB,-0.54619032
12.9548,B,pid.yaw.U,-2.4064403
12.9548,B,pid.z_pos.Des,1.1493505
12.9548,B,pid.z_pos.FB,0.75959527
12.9548,B,pid.z_pos.U,0.42281911
12.9548,B,pid.z_rate.Des,0.42281911
12.9548,B,pid.z_rate.FB,-0.00071436074
12.9548,B,pid.z_rate.U,181.31166
12.9548,B,status.vbat,0
13.1565,A,mrac.pitch.e,0.31158066
13.1565,A,mrac.pitch.u_ad,-0.043593265
13.1565,A,mrac.roll.e,-0.21501631
13.1565,A,mrac.roll.u_ad,0.15480071
13.1565,A,mrac.yaw.e,0.064056195
13.1565,A,mrac.yaw.u_ad,-0.0028218457
13.1565,A,mrac.z.e,-0.42323714
13.1565,A,mrac.z.u_ad,1.2261242
13.1565,A,status.arm,1
13.1565,A,status.flymode,1
13.1565,A,status.rc_authority,0
13.1565,A,status.sbus_lost,0
13.1565,A,status.twc_arrived,0
13.1565,A,status.twc_execute,0
13.1565,B,mrac.pitch.theta_0,3.1274842e-28
13.1565,B,mrac.pitch.theta_1,0.0050065801
13.1565,B,mrac.pitch.theta_2,0.00036129737
13.1565,B,mrac.pitch.theta_3,0.00089566683
13.1565,B,mrac.pitch.theta_4,0.059550703
13.1565,B,mrac.pitch.theta_5,0.14414436
13.1565,B,mrac.pitch.u_nom,-0.023901537
13.1565,B,mrac.pitch.xm,-0.271191
13.1565,B,mrac.roll.theta_0,0.14812705
13.1565,B,mrac.roll.theta_1,0.0020662297
13.1565,B,mrac.roll.theta_2,0.0041232463
13.1565,B,mrac.roll.theta_3,0.00030695039
13.1565,B,mrac.roll.theta_4,0.039072759
13.1565,B,mrac.roll.theta_5,0.047671173
13.1565,B,mrac.roll.u_nom,0.12242839
13.1565,B,mrac.roll.xm,0.11443374
13.1565,B,mrac.yaw.theta_0,0.00016713671
13.1565,B,mrac.yaw.theta_1,0.0017121371
13.1565,B,mrac.yaw.theta_2,2.3333949e-05
13.1565,B,mrac.yaw.theta_3,0
13.1565,B,mrac.yaw.theta_4,0.017518027
13.1565,B,mrac.yaw.theta_5,0.063250624
13.1565,B,mrac.yaw.u_nom,-0.0029072056
13.1565,B,mrac.yaw.xm,-0.042000324
13.1565,B,mrac.z.theta_0,0.98129803
13.1565,B,mrac.z.theta_1,0.0021343224
13.1565,B,mrac.z.theta_2,0.0074592582
13.1565,B,mrac.z.theta_3,0
13.1565,B,mrac.z.theta_4,0.19892706
13.1565,B,mrac.z.theta_5,0.19507168
13.1565,B,mrac.z.u_nom,0.81671917
13.1565,B,mrac.z.xm,0.42281911
13.1565,B,path.active_path_mode,0
13.1565,B,path.circle_theta,0
13.1565,B,path.sinusoid_t_elapsed,0
13.1565,B,path.twc_arrived,0
13.1565,B,path.twc_target_x,0
13.1565,B,path.twc_target_y,0
13.1565,B,path.twc_target_z,0
13.1565,B,pid.gyrox.Des,6.5565672
13.1565,B,pid.gyrox.FB,-7.4831691
13.1565,B,pid.gyrox.U,143.24121
13.1565,B,pid.gyroy.Des,-15.538094
13.1565,B,pid.gyroy.FB,-3.5067616
13.1565,B,pid.gyroy.U,-27.964798
13.1565,B,pid.gyroz.Des,-2.4064403
13.1565,B,pid.gyroz.FB,-1.9864507
13.1565,B,pid.gyroz.U,-5.4422889
13.1565,B,pid.locx.Des,0
13.1565,B,pid.locx.FB,0.93459672
13.1565,B,pid.locx.U,-2.3601573
13.1565,B,pid.locxs.Des,-2.3601573
13.1565,B,pid.locxs.FB,1.9713112
13.1565,B,pid.locxs.U,-13.141091
13.1565,B,pid.locy.Des,0
13.1565,B,pid.locy.FB,41.002453
13.1565,B,pid.locy.U,-34.946606
13.1565,B,pid.locys.Des,-34.946606
13.1565,B,pid.locys.FB,3.018929
13.1565,B,pid.locys.U,-114.09153
13.1565,B,pid.pitch.Des,-6.627037
13.1565,B,pid.pitch.FB,-1.4260329
13.1565,B,pid.pitch.U,-15.538094
13.1565,B,pid.roll.Des,0.83096707
13.1565,B,pid.roll.FB,-1.2096033
13.1565,B,pid.roll.U,6.5565672
13.1565,B,pid.yaw.Des,-0.61393034
13.1565,B,pid.yaw.FB,-0.54619032
13.1565,B,pid.yaw.U,-2.4064403
13.1565,B,pid.z_pos.Des,1.1493505
13.1565,B,pid.z_pos.FB,0.75959527
13.1565,B,pid.z_pos.U,0.42281911
13.1565,B,pid.z_rate.Des,0.42281911
13.1565,B,pid.z_rate.FB,-0.00071436074
13.1565,B,pid.z_rate.U,181.31166
13.1565,B,status.vbat,0
13.3708,A,mrac.pitch.e,0.18865862
13.3708,A,mrac.pitch.u_ad,-0.037489895
13.3708,A,mrac.roll.e,-0.076275222
13.3708,A,mrac.roll.u_ad,0.15233232
13.3708,A,mrac.yaw.e,0.046193391
13.3708,A,mrac.yaw.u_ad,-0.0027002171
13.3708,A,mrac.z.e,-0.45694467
13.3708,A,mrac.z.u_ad,1.2474291
13.3708,A,status.arm,1
13.3708,A,status.flymode,1
13.3708,A,status.rc_authority,0
13.3708,A,status.sbus_lost,0
13.3708,A,status.twc_arrived,0
13.3708,A,status.twc_execute,0
13.3709,B,mrac.pitch.theta_0,1.1649852e-29
13.3709,B,mrac.pitch.theta_1,0.0051766559
13.3709,B,mrac.pitch.theta_2,0.00036041366
13.3709,B,mrac.pitch.theta_3,0.00089708035
13.3709,B,mrac.pitch.theta_4,0.059924524
13.3709,B,mrac.pitch.theta_5,0.14428388
13.3709,B,mrac.pitch.u_nom,0.033444379
13.3709,B,mrac.pitch.xm,-0.25240362
13.3709,B,mrac.roll.theta_0,0.14744236
13.3709,B,mrac.roll.theta_1,0.0020147122
13.3709,B,mrac.roll.theta_2,0.0041291504
13.3709,B,mrac.roll.theta_3,0.00030752711
13.3709,B,mrac.roll.theta_4,0.039275188
13.3709,B,mrac.roll.theta_5,0.047879089
13.3709,B,mrac.roll.u_nom,0.0029026261
13.3709,B,mrac.roll.xm,0.13765015
13.3709,B,mrac.yaw.theta_0,8.9324414e-05
13.3709,B,mrac.yaw.theta_1,0.0017034241
13.3709,B,mrac.yaw.theta_2,2.3324168e-05
13.3709,B,mrac.yaw.theta_3,0
13.3709,B,mrac.yaw.theta_4,0.017532885
13.3709,B,mrac.yaw.theta_5,0.06328126
13.3709,B,mrac.yaw.u_nom,-0.01346643
13.3709,B,mrac.yaw.xm,-0.04326389
13.3709,B,mrac.z.theta_0,0.9815343
13.3709,B,mrac.z.theta_1,0.0024691485
13.3709,B,mrac.z.theta_2,0.0074985512
13.3709,B,mrac.z.theta_3,0
13.3709,B,mrac.z.theta_4,0.19898561
13.3709,B,mrac.z.theta_5,0.19548294
13.3709,B,mrac.z.u_nom,0.9057861
13.3709,B,mrac.z.xm,0.4369531
13.3709,B,path.active_path_mode,0
13.3709,B,path.circle_theta,0
13.3709,B,path.sinusoid_t_elapsed,0
13.3709,B,path.twc_arrived,0
13.3709,B,path.twc_target_x,0
13.3709,B,path.twc_target_y,0
13.3709,B,path.twc_target_z,0
13.3709,B,pid.gyrox.Des,7.8867693
13.3709,B,pid.gyrox.FB,4.1807904
13.3709,B,pid.gyrox.U,3.3960724
13.3709,B,pid.gyroy.Des,-14.461657
13.3709,B,pid.gyroy.FB,-5.6098442
13.3709,B,pid.gyroy.U,39.129921
13.3709,B,pid.gyroz.Des,-2.4788373
13.3709,B,pid.gyroz.FB,0.42379814
13.3709,B,pid.gyroz.U,-25.209156
13.3709,B,pid.locx.Des,0
13.3709,B,pid.locx.FB,1.2080543
13.3709,B,pid.locx.U,-2.9256945
13.3709,B,pid.locxs.Des,-2.9256945
13.3709,B,pid.locxs.FB,-1.0186007
13.3709,B,pid.locxs.U,-5.6725378
13.3709,B,pid.locy.Des,0
13.3709,B,pid.locy.FB,43.059795
13.3709,B,pid.locy.U,-36.527458
13.3709,B,pid.locys.Des,-36.527458
13.3709,B,pid.locys.FB,1.990591
13.3709,B,pid.locys.U,-115.64983
13.3709,B,pid.pitch.Des,-6.7210121
13.3709,B,pid.pitch.FB,-1.9264379
13.3709,B,pid.pitch.U,-14.461657
13.3709,B,pid.roll.Des,0.39416549
13.3709,B,pid.roll.FB,-1.2094343
13.3709,B,pid.roll.U,7.8867693
13.3709,B,pid.yaw.Des,-0.61393034
13.3709,B,pid.yaw.FB,-0.53412414
13.3709,B,pid.yaw.U,-2.4788373
13.3709,B,pid.z_pos.Des,1.1493505
13.3709,B,pid.z_pos.FB,0.73941702
13.3709,B,pid.z_pos.U,0.4369531
13.3709,B,pid.z_rate.Des,0.4369531
13.3709,B,pid.z_rate.FB,-0.03601253
13.3709,B,pid.z_rate.U,201.08452
13.3709,B,status.vbat,0
13.5729,A,mrac.pitch.e,0.15535453
13.5729,A,mrac.pitch.u_ad,-0.0378494
13.5729,A,mrac.roll.e,-0.00056766719
13.5729,A,mrac.roll.u_ad,0.15129057
13.5729,A,mrac.yaw.e,0.087332949
13.5729,A,mrac.yaw.u_ad,-0.0021242006
13.5729,A,mrac.z.e,-0.36094385
13.5729,A,mrac.z.u_ad,1.2049856
13.5729,A,status.arm,1
13.5729,A,status.flymode,1
13.5729,A,status.rc_authority,0
13.5729,A,status.sbus_lost,0
13.5729,A,status.twc_arrived,0
13.5729,A,status.twc_execute,0
13.5729,B,mrac.pitch.theta_0,4.7184576e-30
13.5729,B,mrac.pitch.theta_1,0.005156748
13.5729,B,mrac.pitch.theta_2,0.00036002547
13.5729,B,mrac.pitch.theta_3,0.00089751615
13.5729,B,mrac.pitch.theta_4,0.06003616
13.5729,B,mrac.pitch.theta_5,0.14431171
13.5729,B,mrac.pitch.u_nom,-0.004474014
13.5729,B,mrac.pitch.xm,-0.24977885
13.5729,B,mrac.roll.theta_0,0.14763214
13.5729,B,mrac.roll.theta_1,0.0019945658
13.5729,B,mrac.roll.theta_2,0.0041321539
13.5729,B,mrac.roll.theta_3,0.00030758526
13.5729,B,mrac.roll.theta_4,0.03932143
13.5729,B,mrac.roll.theta_5,0.047912914
13.5729,B,mrac.roll.u_nom,-0.057337143
13.5729,B,mrac.roll.xm,0.068799824
13.5729,B,mrac.yaw.theta_0,0.00023310861
13.5729,B,mrac.yaw.theta_1,0.0017022424
13.5729,B,mrac.yaw.theta_2,2.3386943e-05
13.5729,B,mrac.yaw.theta_3,0
13.5729,B,mrac.yaw.theta_4,0.01753379
13.5729,B,mrac.yaw.theta_5,0.063281067
13.5729,B,mrac.yaw.u_nom,-0.020593269
13.5729,B,mrac.yaw.xm,-0.027491387
13.5729,B,mrac.z.theta_0,0.98164093
13.5729,B,mrac.z.theta_1,0.002456845
13.5729,B,mrac.z.theta_2,0.0074976278
13.5729,B,mrac.z.theta_3,0
13.5729,B,mrac.z.theta_4,0.19899844
13.5729,B,mrac.z.theta_5,0.19559558
13.5729,B,mrac.z.u_nom,0.84160197
13.5729,B,mrac.z.xm,0.43689525
13.5729,B,path.active_path_mode,0
13.5729,B,path.circle_theta,0
13.5729,B,path.sinusoid_t_elapsed,0
13.5729,B,path.twc_arrived,0
13.5729,B,path.twc_target_x,0
13.5729,B,path.twc_target_y,0
13.5729,B,path.twc_target_z,0
13.5729,B,pid.gyrox.Des,3.9419377
13.5729,B,pid.gyrox.FB,-0.25855765
13.5729,B,pid.gyrox.U,-67.084457
13.5729,B,pid.gyroy.Des,-14.311268
13.5729,B,pid.gyroy.FB,-3.4930046
13.5729,B,pid.gyroy.U,-5.2345963
13.5729,B,pid.gyroz.Des,-1.5751398
13.5729,B,pid.gyroz.FB,2.9878426
13.5729,B,pid.gyroz.U,-38.550598
13.5729,B,pid.locx.Des,0
13.5729,B,pid.locx.FB,0.85070461
13.5729,B,pid.locx.U,-2.5721385
13.5729,B,pid.locxs.Des,-2.5721385
13.5729,B,pid.locxs.FB,-2.999788
13.5729,B,pid.locxs.U,1.427511
13.5729,B,pid.locy.Des,0
13.5729,B,pid.locy.FB,43.280899
13.5729,B,pid.locy.U,-36.659405
13.5729,B,pid.locys.Des,-36.659405
13.5729,B,pid.locys.FB,-0.03565637
13.5729,B,pid.locys.U,-109.91267
13.5729,B,pid.pitch.Des,-6.3940711
13.5729,B,pid.pitch.FB,-1.6990346
13.5729,B,pid.pitch.U,-14.311268
13.5729,B,pid.roll.Des,-0.0070691607
13.5729,B,pid.roll.FB,-1.235142
13.5729,B,pid.roll.U,3.9419377
13.5729,B,pid.yaw.Des,-0.61393034
13.5729,B,pid.yaw.FB,-0.68100303
13.5729,B,pid.yaw.U,-1.5751398
13.5729,B,pid.z_pos.Des,1.1493505
13.5729,B,pid.z_pos.FB,0.73950279
13.5729,B,pid.z_pos.U,0.43689525
13.5729,B,pid.z_rate.Des,0.43689525
13.5729,B,pid.z_rate.FB,-0.00044813528
13.5729,B,pid.z_rate.U,186.83563
13.5729,B,status.vbat,0
13.7725,A,mrac.pitch.e,0.25346836
13.7725,A,mrac.pitch.u_ad,-0.030138221
13.7725,A,mrac.roll.e,-0.065920226
13.7725,A,mrac.roll.u_ad,0.15132029
13.7725,A,mrac.yaw.e,0.042348914
13.7725,A,mrac.yaw.u_ad,-0.0026759144
13.7725,A,mrac.z.e,-0.43854257
13.7725,A,mrac.z.u_ad,1.2367502
13.7725,A,status.arm,1
13.7725,A,status.flymode,1
13.7725,A,status.rc_authority,0
13.7725,A,status.sbus_lost,0
13.7725,A,status.twc_arrived,0
13.7725,A,status.twc_execute,0
13.7726,B,mrac.pitch.theta_0,1.5318521e-30
13.7726,B,mrac.pitch.theta_1,0.0052477121
13.7726,B,mrac.pitch.theta_2,0.00035972375
13.7726,B,mrac.pitch.theta_3,0.00089794624
13.7726,B,mrac.pitch.theta_4,0.060150042
13.7726,B,mrac.pitch.theta_5,0.14433771
13.7726,B,mrac.pitch.u_nom,-0.13257812
13.7726,B,mrac.pitch.xm,-0.18660325
13.7726,B,mrac.roll.theta_0,0.14795142
13.7726,B,mrac.roll.theta_1,0.001950332
13.7726,B,mrac.roll.theta_2,0.0041387663
13.7726,B,mrac.roll.theta_3,0.00030777193
13.7726,B,mrac.roll.theta_4,0.03940206
13.7726,B,mrac.roll.theta_5,0.047969926
13.7726,B,mrac.roll.u_nom,0.13131677
13.7726,B,mrac.roll.xm,0.063219704
13.7726,B,mrac.yaw.theta_0,0.00018613294
13.7726,B,mrac.yaw.theta_1,0.0016978735
13.7726,B,mrac.yaw.theta_2,2.3382592e-05
13.7726,B,mrac.yaw.theta_3,0
13.7726,B,mrac.yaw.theta_4,0.017538665
13.7726,B,mrac.yaw.theta_5,0.063286021
13.7726,B,mrac.yaw.u_nom,-0.008455798
13.7726,B,mrac.yaw.xm,-0.040073164
13.7726,B,mrac.z.theta_0,0.98166531
13.7726,B,mrac.z.theta_1,0.0027335382
13.7726,B,mrac.z.theta_2,0.0075099668
13.7726,B,mrac.z.theta_3,0
13.7726,B,mrac.z.theta_4,0.19901174
13.7726,B,mrac.z.theta_5,0.19575045
13.7726,B,mrac.z.u_nom,0.84757024
13.7726,B,mrac.z.xm,0.43699053
13.7726,B,path.active_path_mode,0
13.7726,B,path.circle_theta,0
13.7726,B,path.sinusoid_t_elapsed,0
13.7726,B,path.twc_arrived,0
13.7726,B,path.twc_target_x,0
13.7726,B,path.twc_target_y,0
13.7726,B,path.twc_target_z,0
13.7726,B,pid.gyrox.Des,3.6222208
13.7726,B,pid.gyrox.FB,-6.8555527
13.7726,B,pid.gyrox.U,153.64062
13.7726,B,pid.gyroy.Des,-10.691574
13.7726,B,pid.gyroy.FB,5.2268214
13.7726,B,pid.gyroy.U,-155.11639
13.7726,B,pid.gyroz.Des,-2.2960222
13.7726,B,pid.gyroz.FB,-0.56238085
13.7726,B,pid.gyroz.U,-15.829254
13.7726,B,pid.locx.Des,0
13.7726,B,pid.locx.FB,0.048207242
13.7726,B,pid.locx.U,-1.895654
13.7726,B,pid.locxs.Des,-1.895654
13.7726,B,pid.locxs.FB,-3.9603903
13.7726,B,pid.locxs.U,6.3291821
13.7726,B,pid.locy.Des,0
13.7726,B,pid.locy.FB,43.022732
13.7726,B,pid.locy.U,-36.308746
13.7726,B,pid.locys.Des,-36.308746
13.7726,B,pid.locys.FB,-4.0392213
13.7726,B,pid.locys.U,-90.668358
13.7726,B,pid.pitch.Des,-5.2838564
13.7726,B,pid.pitch.FB,-1.8021821
13.7726,B,pid.pitch.U,-10.691574
13.7726,B,pid.roll.Des,-0.31740794
13.7726,B,pid.roll.FB,-1.5109116
13.7726,B,pid.roll.U,3.6222208
13.7726,B,pid.yaw.Des,-0.61393034
13.7726,B,pid.yaw.FB,-0.56459332
13.7726,B,pid.yaw.U,-2.2960222
13.7726,B,pid.z_pos.Des,1.1493505
13.7726,B,pid.z_pos.FB,0.73937684
13.7726,B,pid.z_pos.U,0.43699053
13.7726,B,pid.z_rate.Des,0.43699053
13.7726,B,pid.z_rate.FB,-0.0036653129
13.7726,B,pid.z_rate.U,188.1606
13.7726,B,status.vbat,0
13.9736,A,mrac.pitch.e,0.2459549
13.9736,A,mrac.pitch.u_ad,-0.031476911
13.9736,A,mrac.roll.e,-0.046563998
13.9736,A,mrac.roll.u_ad,0.15185936
13.9736,A,mrac.yaw.e,0.052106593
13.9736,A,mrac.yaw.u_ad,-0.0032392179
13.9736,A,mrac.z.e,-0.62523669
13.9736,A,mrac.z.u_ad,1.2481232
13.9736,A,status.arm,1
13.9736,A,status.flymode,1
13.9736,A,status.rc_authority,0
13.9736,A,status.sbus_lost,0
13.9736,A,status.twc_arrived,0
13.9736,A,status.twc_execute,0
13.9738,B,mrac.pitch.theta_0,6.4233163e-31
13.9738,B,mrac.pitch.theta_1,0.0051688841
13.9738,B,mrac.pitch.theta_2,0.00035929019
13.9738,B,mrac.pitch.theta_3,0.00089896191
13.9738,B,mrac.pitch.theta_4,0.060256071
13.9738,B,mrac.pitch.theta_5,0.14435178
13.9738,B,mrac.pitch.u_nom,-0.12150989
13.9738,B,mrac.pitch.xm,-0.24759512
13.9738,B,mrac.roll.theta_0,0.14748921
13.9738,B,mrac.roll.theta_1,0.0019231039
13.9738,B,mrac.roll.theta_2,0.0041408613
13.9738,B,mrac.roll.theta_3,0.00030841111
13.9738,B,mrac.roll.theta_4,0.039452069
13.9738,B,mrac.roll.theta_5,0.048004683
13.9738,B,mrac.roll.u_nom,0.14435521
13.9738,B,mrac.roll.xm,0.069214255
13.9738,B,mrac.yaw.theta_0,0.0001500123
13.9738,B,mrac.yaw.theta_1,0.0016929464
13.9738,B,mrac.yaw.theta_2,2.337761e-05
13.9738,B,mrac.yaw.theta_3,0
13.9738,B,mrac.yaw.theta_4,0.017545387
13.9738,B,mrac.yaw.theta_5,0.063296191
13.9738,B,mrac.yaw.u_nom,-0.029337125
13.9738,B,mrac.yaw.xm,-0.045622561
13.9738,B,mrac.z.theta_0,0.98174924
13.9738,B,mrac.z.theta_1,0.0027316932
13.9738,B,mrac.z.theta_2,0.0075087268
13.9738,B,mrac.z.theta_3,0
13.9738,B,mrac.z.theta_4,0.19902134
13.9738,B,mrac.z.theta_5,0.19585256
13.9738,B,mrac.z.u_nom,0.84121627
13.9738,B,mrac.z.xm,0.43693978
13.9738,B,path.active_path_mode,0
13.9738,B,path.circle_theta,0
13.9738,B,path.sinusoid_t_elapsed,0
13.9738,B,path.twc_arrived,0
13.9738,B,path.twc_target_x,0
13.9738,B,path.twc_target_y,0
13.9738,B,path.twc_target_z,0
13.9738,B,pid.gyrox.Des,4.4769845
13.9738,B,pid.gyrox.FB,0.943196
13.9738,B,pid.gyrox.U,-80.924156
13.9738,B,pid.gyroy.Des,-11.275038
13.9738,B,pid.gyroy.FB,-3.6983576
13.9738,B,pid.gyroy.U,51.292885
13.9738,B,pid.gyroz.Des,-2.7532234
13.9738,B,pid.gyroz.FB,3.0538311
13.9738,B,pid.gyroz.U,-48.440453
13.9738,B,pid.locx.Des,0
13.9738,B,pid.locx.FB,-0.62534034
13.9738,B,pid.locx.U,-1.3079911
13.9738,B,pid.locxs.Des,-1.3079911
13.9738,B,pid.locxs.FB,-3.9487109
13.9738,B,pid.locxs.U,8.1465988
13.9738,B,pid.locy.Des,0
13.9738,B,pid.locy.FB,42.256992
13.9738,B,pid.locy.U,-35.624298
13.9738,B,pid.locys.Des,-35.624298
13.9738,B,pid.locys.FB,-6.0338774
13.9738,B,pid.locys.U,-88.528427
13.9738,B,pid.pitch.Des,-5.1596642
13.9738,B,pid.pitch.FB,-1.4000438
13.9738,B,pid.pitch.U,-11.275038
13.9738,B,pid.roll.Des,-0.43172589
13.9738,B,pid.roll.FB,-1.7910759
13.9738,B,pid.roll.U,4.4769845
13.9738,B,pid.yaw.Des,-0.61393034
13.9738,B,pid.yaw.FB,-0.48839313
13.9738,B,pid.yaw.U,-2.7532234
13.9738,B,pid.z_pos.Des,1.1493505
13.9738,B,pid.z_pos.FB,0.73941767
13.9738,B,pid.z_pos.U,0.43693978
13.9738,B,pid.z_rate.Des,0.43693978
13.9738,B,pid.z_rate.FB,-0.0005854785
13.9738,B,pid.z_rate.U,186.90837
13.9738,B,status.vbat,0
14.1885,A,mrac.pitch.e,0.25755513
14.1885,A,mrac.pitch.u_ad,-0.034619037
14.1885,A,mrac.roll.e,-0.067753471
14.1885,A,mrac.roll.u_ad,0.15416642
14.1885,A,mrac.yaw.e,0.046884611
14.1885,A,mrac.yaw.u_ad,-0.0036070587
14.1885,A,mrac.z.e,-0.44952139
14.1885,A,mrac.z.u_ad,1.2454158
14.1885,A,status.arm,1
14.1885,A,status.flymode,1
14.1885,A,status.rc_authority,0
14.1885,A,status.sbus_lost,0
14.1885,A,status.twc_arrived,0
14.1885,A,status.twc_execute,0
14.1886,B,mrac.pitch.theta_0,1.6485304e-31
14.1886,B,mrac.pitch.theta_1,0.0050425115
14.1886,B,mrac.pitch.theta_2,0.00035866364
14.1886,B,mrac.pitch.theta_3,0.00089973555
14.1886,B,mrac.pitch.theta_4,0.060410481
14.1886,B,mrac.pitch.theta_5,0.14437485
14.1886,B,mrac.pitch.u_nom,-0.053364608
14.1886,B,mrac.pitch.xm,-0.22294496
14.1886,B,mrac.roll.theta_0,0.14818849
14.1886,B,mrac.roll.theta_1,0.0018921881
14.1886,B,mrac.roll.theta_2,0.0041487608
14.1886,B,mrac.roll.theta_3,0.00030887057
14.1886,B,mrac.roll.theta_4,0.039553378
14.1886,B,mrac.roll.theta_5,0.048115771
14.1886,B,mrac.roll.u_nom,0.1017732
14.1886,B,mrac.roll.xm,0.10206962
14.1886,B,mrac.yaw.theta_0,0.00011006531
14.1886,B,mrac.yaw.theta_1,0.0016888246
14.1886,B,mrac.yaw.theta_2,2.3373534e-05
14.1886,B,mrac.yaw.theta_3,0
14.1886,B,mrac.yaw.theta_4,0.017552668
14.1886,B,mrac.yaw.theta_5,0.063311838
14.1886,B,mrac.yaw.u_nom,-0.012039211
14.1886,B,mrac.yaw.xm,-0.053913254
14.1886,B,mrac.z.theta_0,0.98180115
14.1886,B,mrac.z.theta_1,0.002658349
14.1886,B,mrac.z.theta_2,0.0075177364
14.1886,B,mrac.z.theta_3,0
14.1886,B,mrac.z.theta_4,0.19904274
14.1886,B,mrac.z.theta_5,0.1959997
14.1886,B,mrac.z.u_nom,0.86003917
14.1886,B,mrac.z.xm,0.44391245
14.1886,B,path.active_path_mode,0
14.1886,B,path.circle_theta,0
14.1886,B,path.sinusoid_t_elapsed,0
14.1886,B,path.twc_arrived,0
14.1886,B,path.twc_target_x,0
14.1886,B,path.twc_target_y,0
14.1886,B,path.twc_target_z,0
14.1886,B,pid.gyrox.Des,6.2621846
14.1886,B,pid.gyrox.FB,-1.014809
14.1886,B,pid.gyrox.U,2.6789589
14.1886,B,pid.gyroy.Des,-12.531536
14.1886,B,pid.gyroy.FB,-0.65681255
14.1886,B,pid.gyroy.U,-24.184814
14.1886,B,pid.gyroz.Des,-3.101676
14.1886,B,pid.gyroz.FB,0.19960691
14.1886,B,pid.gyroz.U,-28.425009
14.1886,B,pid.locx.Des,0
14.1886,B,pid.locx.FB,-1.2445843
14.1886,B,pid.locx.U,-0.66568536
14.1886,B,pid.locxs.Des,-0.66568536
14.1886,B,pid.locxs.FB,-0.9549095
14.1886,B,pid.locxs.U,0.97848326
14.1886,B,pid.locy.Des,0
14.1886,B,pid.locy.FB,40.882
14.1886,B,pid.locy.U,-34.525341
14.1886,B,pid.locys.Des,-34.525341
14.1886,B,pid.locys.FB,-6.0073409
14.1886,B,pid.locys.U,-85.312126
14.1886,B,pid.pitch.Des,-4.9691234
14.1886,B,pid.pitch.FB,-0.83051658
14.1886,B,pid.pitch.U,-12.7738
14.1886,B,pid.roll.Des,-0.019729696
14.1886,B,pid.roll.FB,-2.0117226
14.1886,B,pid.roll.U,6.2621846
14.1886,B,pid.yaw.Des,-0.61393034
14.1886,B,pid.yaw.FB,-0.43031767
14.1886,B,pid.yaw.U,-3.101676
14.1886,B,pid.z_pos.Des,1.1493505
14.1886,B,pid.z_pos.FB,0.72946358
14.1886,B,pid.z_pos.U,0.44391245
14.1886,B,pid.z_rate.Des,0.44391245
14.1886,B,pid.z_rate.FB,-0.003493936
14.1886,B,pid.z_rate.U,190.86082
14.1886,B,status.vbat,0
14.3887,A,mrac.pitch.e,0.18763386
14.3887,A,mrac.pitch.u_ad,-0.034045193
14.3887,A,mrac.roll.e,-0.1929796
14.3887,A,mrac.roll.u_ad,0.15502402
14.3887,A,mrac.yaw.e,0.016001161
14.3887,A,mrac.yaw.u_ad,-0.0034761468
14.3887,A,mrac.z.e,-0.44442165
14.3887,A,mrac.z.u_ad,1.2409445
14.3887,A,status.arm,1
14.3887,A,status.flymode,1
14.3887,A,status.rc_authority,0
14.3887,A,status.sbus_lost,0
14.3887,A,status.twc_arrived,0
14.3887,A,status.twc_execute,0
14.3887,B,mrac.pitch.theta_0,1.6485304e-31
14.3887,B,mrac.pitch.theta_1,0.0050425115
14.3887,B,mrac.pitch.theta_2,0.00035866364
14.3887,B,mrac.pitch.theta_3,0.00089973555
14.3887,B,mrac.pitch.theta_4,0.060410481
14.3887,B,mrac.pitch.theta_5,0.14437485
14.3887,B,mrac.pitch.u_nom,-0.053364608
14.3887,B,mrac.pitch.xm,-0.22294496
14.3887,B,mrac.roll.theta_0,0.14818849
14.3887,B,mrac.roll.theta_1,0.0018921881
14.3887,B,mrac.roll.theta_2,0.0041487608
14.3887,B,mrac.roll.theta_3,0.00030887057
14.3887,B,mrac.roll.theta_4,0.039553378
14.3887,B,mrac.roll.theta_5,0.048115771
14.3887,B,mrac.roll.u_nom,0.1017732
14.3887,B,mrac.roll.xm,0.10206962
14.3887,B,mrac.yaw.theta_0,0.00011006531
14.3887,B,mrac.yaw.theta_1,0.0016888246
14.3887,B,mrac.yaw.theta_2,2.3373534e-05
14.3887,B,mrac.yaw.theta_3,0
14.3887,B,mrac.yaw.theta_4,0.017552668
14.3887,B,mrac.yaw.theta_5,0.063311838
14.3887,B,mrac.yaw.u_nom,-0.012039211
14.3887,B,mrac.yaw.xm,-0.053913254
14.3887,B,mrac.z.theta_0,0.98180115
14.3887,B,mrac.z.theta_1,0.002658349
14.3887,B,mrac.z.theta_2,0.0075177364
14.3887,B,mrac.z.theta_3,0
14.3887,B,mrac.z.theta_4,0.19904274
14.3887,B,mrac.z.theta_5,0.1959997
14.3887,B,mrac.z.u_nom,0.86003917
14.3887,B,mrac.z.xm,0.44391245
14.3887,B,path.active_path_mode,0
14.3887,B,path.circle_theta,0
14.3887,B,path.sinusoid_t_elapsed,0
14.3887,B,path.twc_arrived,0
14.3887,B,path.twc_target_x,0
14.3887,B,path.twc_target_y,0
14.3887,B,path.twc_target_z,0
14.3887,B,pid.gyrox.Des,6.2621846
14.3887,B,pid.gyrox.FB,-1.014809
14.3887,B,pid.gyrox.U,2.6789589
14.3887,B,pid.gyroy.Des,-12.531536
14.3887,B,pid.gyroy.FB,-0.65681255
14.3887,B,pid.gyroy.U,-24.184814
14.3887,B,pid.gyroz.Des,-3.101676
14.3887,B,pid.gyroz.FB,0.19960691
14.3887,B,pid.gyroz.U,-28.425009
14.3887,B,pid.locx.Des,0
14.3887,B,pid.locx.FB,-1.2445843
14.3887,B,pid.locx.U,-0.66568536
14.3887,B,pid.locxs.Des,-0.66568536
14.3887,B,pid.locxs.FB,-0.9549095
14.3887,B,pid.locxs.U,0.97848326
14.3887,B,pid.locy.Des,0
14.3887,B,pid.locy.FB,40.882
14.3887,B,pid.locy.U,-34.525341
14.3887,B,pid.locys.Des,-34.525341
14.3887,B,pid.locys.FB,-6.0073409
14.3887,B,pid.locys.U,-85.312126
14.3887,B,pid.pitch.Des,-4.9691234
14.3887,B,pid.pitch.FB,-0.83051658
14.3887,B,pid.pitch.U,-12.7738
14.3887,B,pid.roll.Des,-0.019729696
14.3887,B,pid.roll.FB,-2.0117226
14.3887,B,pid.roll.U,6.2621846
14.3887,B,pid.yaw.Des,-0.61393034
14.3887,B,pid.yaw.FB,-0.43031767
14.3887,B,pid.yaw.U,-3.101676
14.3887,B,pid.z_pos.Des,1.1493505
14.3887,B,pid.z_pos.FB,0.72946358
14.3887,B,pid.z_pos.U,0.44391245
14.3887,B,pid.z_rate.Des,0.44391245
14.3887,B,pid.z_rate.FB,-0.003493936
14.3887,B,pid.z_rate.U,190.86082
14.3887,B,status.vbat,0
14.5907,A,mrac.pitch.e,0.27672836
14.5907,A,mrac.pitch.u_ad,-0.040754754
14.5907,A,mrac.roll.e,0.018149786
14.5907,A,mrac.roll.u_ad,0.15458909
14.5907,A,mrac.yaw.e,0.020811297
14.5907,A,mrac.yaw.u_ad,-0.0020012888
14.5907,A,mrac.z.e,-0.32465744
14.5907,A,mrac.z.u_ad,1.2549667
14.5907,A,status.arm,1
14.5907,A,status.flymode,1
14.5907,A,status.rc_authority,0
14.5907,A,status.sbus_lost,0
14.5907,A,status.twc_arrived,0
14.5907,A,status.twc_execute,0
14.5908,B,mrac.pitch.theta_0,2.7277934e-32
14.5908,B,mrac.pitch.theta_1,0.0049876333
14.5908,B,mrac.pitch.theta_2,0.00035799225
14.5908,B,mrac.pitch.theta_3,0.00090146181
14.5908,B,mrac.pitch.theta_4,0.060610533
14.5908,B,mrac.pitch.theta_5,0.14441848
14.5908,B,mrac.pitch.u_nom,-0.057844289
14.5908,B,mrac.pitch.xm,-0.23632179
14.5908,B,mrac.roll.theta_0,0.14835027
14.5908,B,mrac.roll.theta_1,0.0018688402
14.5908,B,mrac.roll.theta_2,0.0041523222
14.5908,B,mrac.roll.theta_3,0.00030921961
14.5908,B,mrac.roll.theta_4,0.039677419
14.5908,B,mrac.roll.theta_5,0.048294615
14.5908,B,mrac.roll.u_nom,0.044375949
14.5908,B,mrac.roll.xm,0.13427624
14.5908,B,mrac.yaw.theta_0,8.9051944e-05
14.5908,B,mrac.yaw.theta_1,0.0016852336
14.5908,B,mrac.yaw.theta_2,2.3370112e-05
14.5908,B,mrac.yaw.theta_3,0
14.5908,B,mrac.yaw.theta_4,0.01755747
14.5908,B,mrac.yaw.theta_5,0.063319117
14.5908,B,mrac.yaw.u_nom,-0.011412102
14.5908,B,mrac.yaw.xm,-0.02881607
14.5908,B,mrac.z.theta_0,0.98186916
14.5908,B,mrac.z.theta_1,0.0026281537
14.5908,B,mrac.z.theta_2,0.0075220652
14.5908,B,mrac.z.theta_3,0
14.5908,B,mrac.z.theta_4,0.19906139
14.5908,B,mrac.z.theta_5,0.19618623
14.5908,B,mrac.z.u_nom,1.1012459
14.5908,B,mrac.z.xm,0.45083874
14.5908,B,path.active_path_mode,0
14.5908,B,path.circle_theta,0
14.5908,B,path.sinusoid_t_elapsed,0
14.5908,B,path.twc_arrived,0
14.5908,B,path.twc_target_x,0
14.5908,B,path.twc_target_y,0
14.5908,B,path.twc_target_z,0
14.5908,B,pid.gyrox.Des,7.6934586
14.5908,B,pid.gyrox.FB,0.65076381
14.5908,B,pid.gyrox.U,51.919861
14.5908,B,pid.gyroy.Des,-13.540236
14.5908,B,pid.gyroy.FB,-0.75684041
14.5908,B,pid.gyroy.U,-67.677818
14.5908,B,pid.gyroz.Des,-1.6510385
14.5908,B,pid.gyroz.FB,0.77053308
14.5908,B,pid.gyroz.U,-21.363455
14.5908,B,pid.locx.Des,0
14.5908,B,pid.locx.FB,-1.1852056
14.5908,B,pid.locx.U,-0.37501454
14.5908,B,pid.locxs.Des,-0.37501454
14.5908,B,pid.locxs.FB,2.0466149
14.5908,B,pid.locxs.U,-13.241456
14.5908,B,pid.locy.Des,0
14.5908,B,pid.locy.FB,39.382637
14.5908,B,pid.locy.U,-33.39856
14.5908,B,pid.locys.Des,-33.39856
14.5908,B,pid.locys.FB,-3.976351
14.5908,B,pid.locys.U,-88.434761
14.5908,B,pid.pitch.Des,-5.1409597
14.5908,B,pid.pitch.FB,-0.57896906
14.5908,B,pid.pitch.U,-13.540236
14.5908,B,pid.roll.Des,0.83387351
14.5908,B,pid.roll.FB,-1.8361545
14.5908,B,pid.roll.U,7.6934586
14.5908,B,pid.yaw.Des,-0.61393034
14.5908,B,pid.yaw.FB,-0.66968316
14.5908,B,pid.yaw.U,-1.6510385
14.5908,B,pid.z_pos.Des,1.1493505
14.5908,B,pid.z_pos.FB,0.71959352
14.5908,B,pid.z_pos.U,0.45083874
14.5908,B,pid.z_rate.Des,0.45083874
14.5908,B,pid.z_rate.FB,-0.13060702
14.5908,B,pid.z_rate.U,244.47658
14.5908,B,status.vbat,0
14.7919,A,mrac.pitch.e,0.25819474
14.7919,A,mrac.pitch.u_ad,-0.039364461
14.7919,A,mrac.roll.e,-0.28082067
14.7919,A,mrac.roll.u_ad,0.15464678
14.7919,A,mrac.yaw.e,0.0400672
14.7919,A,mrac.yaw.u_ad,-0.0040298575
14.7919,A,mrac.z.e,-0.44356957
14.7919,A,mrac.z.u_ad,1.2380241
14.7919,A,status.arm,1
14.7919,A,status.flymode,1
14.7919,A,status.rc_authority,0
14.7919,A,status.sbus_lost,0
14.7919,A,status.twc_arrived,0
14.7919,A,status.twc_execute,0
14.7920,B,mrac.pitch.theta_0,6.7488268e-33
14.7920,B,mrac.pitch.theta_1,0.0050362498
14.7920,B,mrac.pitch.theta_2,0.000357499
14.7920,B,mrac.pitch.theta_3,0.00090165465
14.7920,B,mrac.pitch.theta_4,0.060764924
14.7920,B,mrac.pitch.theta_5,0.14445987
14.7920,B,mrac.pitch.u_nom,-0.049018878
14.7920,B,mrac.pitch.xm,-0.23905188
14.7920,B,mrac.roll.theta_0,0.14837737
14.7920,B,mrac.roll.theta_1,0.0018683552
14.7920,B,mrac.roll.theta_2,0.0041561471
14.7920,B,mrac.roll.theta_3,0.00030947951
14.7920,B,mrac.roll.theta_4,0.03976943
14.7920,B,mrac.roll.theta_5,0.048414566
14.7920,B,mrac.roll.u_nom,0.052033436
14.7920,B,mrac.roll.xm,0.10491457
14.7920,B,mrac.yaw.theta_0,6.0691433e-05
14.7920,B,mrac.yaw.theta_1,0.0016772234
14.7920,B,mrac.yaw.theta_2,2.3362272e-05
14.7920,B,mrac.yaw.theta_3,0
14.7920,B,mrac.yaw.theta_4,0.017568653
14.7920,B,mrac.yaw.theta_5,0.063336559
14.7920,B,mrac.yaw.u_nom,-0.0226018
14.7920,B,mrac.yaw.xm,-0.062425509
14.7920,B,mrac.z.theta_0,0.98189062
14.7920,B,mrac.z.theta_1,0.002958237
14.7920,B,mrac.z.theta_2,0.007527288
14.7920,B,mrac.z.theta_3,0
14.7920,B,mrac.z.theta_4,0.19906737
14.7920,B,mrac.z.theta_5,0.19632211
14.7920,B,mrac.z.u_nom,0.85069484
14.7920,B,mrac.z.xm,0.44374934
14.7920,B,path.active_path_mode,0
14.7920,B,path.circle_theta,0
14.7920,B,path.sinusoid_t_elapsed,0
14.7920,B,path.twc_arrived,0
14.7920,B,path.twc_target_x,0
14.7920,B,path.twc_target_y,0
14.7920,B,path.twc_target_z,0
14.7920,B,pid.gyrox.Des,6.4232788
14.7920,B,pid.gyrox.FB,-4.5285578
14.7920,B,pid.gyrox.U,94.717361
14.7920,B,pid.gyroy.Des,-13.961202
14.7920,B,pid.gyroy.FB,-0.6591239
14.7920,B,pid.gyroy.U,-91.632675
14.7920,B,pid.gyroz.Des,-3.6088686
14.7920,B,pid.gyroz.FB,0.64186603
14.7920,B,pid.gyroz.U,-35.990143
14.7920,B,pid.locx.Des,0
14.7920,B,pid.locx.FB,-0.6448732
14.7920,B,pid.locx.U,-0.59466267
14.7920,B,pid.locxs.Des,-0.59466267
14.7920,B,pid.locxs.FB,2.0059986
14.7920,B,pid.locxs.U,-10.876631
14.7920,B,pid.locy.Des,0
14.7920,B,pid.locy.FB,38.847725
14.7920,B,pid.locy.U,-33.042625
14.7920,B,pid.locys.Des,-33.042625
14.7920,B,pid.locys.FB,-0.98791164
14.7920,B,pid.locys.U,-93.134254
14.7920,B,pid.pitch.Des,-5.4195585
14.7920,B,pid.pitch.FB,-0.7770195
14.7920,B,pid.pitch.U,-13.961202
14.7920,B,pid.roll.Des,0.66820818
14.7920,B,pid.roll.FB,-1.4328386
14.7920,B,pid.roll.U,6.4232788
14.7920,B,pid.yaw.Des,-0.61393034
14.7920,B,pid.yaw.FB,-0.34578559
14.7920,B,pid.yaw.U,-3.6088686
14.7920,B,pid.z_pos.Des,1.1493505
14.7920,B,pid.z_pos.FB,0.72970456
14.7920,B,pid.z_pos.U,0.44374934
14.7920,B,pid.z_rate.Des,0.44374934
14.7920,B,pid.z_rate.FB,0.0011388194
14.7920,B,pid.z_rate.U,188.94249
14.7920,B,status.vbat,0
15.0055,A,mrac.pitch.e,0.16147754
15.0055,A,mrac.pitch.u_ad,-0.038131673
15.0055,A,mrac.roll.e,0.011121511
15.0055,A,mrac.roll.u_ad,0.15401481
15.0055,A,mrac.yaw.e,0.094941325
15.0055,A,mrac.yaw.u_ad,-0.005171339
15.0055,A,mrac.z.e,-0.44441181
15.0055,A,mrac.z.u_ad,1.2389548
15.0055,A,status.arm,1
15.0055,A,status.flymode,1
15.0055,A,status.rc_authority,0
15.0055,A,status.sbus_lost,0
15.0055,A,status.twc_arrived,0
15.0055,A,status.twc_execute,0
15.0056,B,mrac.pitch.theta_0,2.8062981e-33
15.0056,B,mrac.pitch.theta_1,0.0050843521
15.0056,B,mrac.pitch.theta_2,0.00035725188
15.0056,B,mrac.pitch.theta_3,0.00090252305
15.0056,B,mrac.pitch.theta_4,0.06085607
15.0056,B,mrac.pitch.theta_5,0.144485
15.0056,B,mrac.pitch.u_nom,-0.028152943
15.0056,B,mrac.pitch.xm,-0.24711865
15.0056,B,mrac.roll.theta_0,0.14822899
15.0056,B,mrac.roll.theta_1,0.0018512006
15.0056,B,mrac.roll.theta_2,0.0041593816
15.0056,B,mrac.roll.theta_3,0.00030975105
15.0056,B,mrac.roll.theta_4,0.039837755
15.0056,B,mrac.roll.theta_5,0.048509914
15.0056,B,mrac.roll.u_nom,0.066735618
15.0056,B,mrac.roll.xm,0.11404774
15.0056,B,mrac.yaw.theta_0,4.2124633e-05
15.0056,B,mrac.yaw.theta_1,0.0016717038
15.0056,B,mrac.yaw.theta_2,2.3356006e-05
15.0056,B,mrac.yaw.theta_3,0
15.0056,B,mrac.yaw.theta_4,0.017582245
15.0056,B,mrac.yaw.theta_5,0.063370764
15.0056,B,mrac.yaw.u_nom,-0.0084459167
15.0056,B,mrac.yaw.xm,-0.076889321
15.0056,B,mrac.z.theta_0,0.98193258
15.0056,B,mrac.z.theta_1,0.0029568665
15.0056,B,mrac.z.theta_2,0.0075260056
15.0056,B,mrac.z.theta_3,0
15.0056,B,mrac.z.theta_4,0.19907385
15.0056,B,mrac.z.theta_5,0.19640617
15.0056,B,mrac.z.u_nom,0.85251939
15.0056,B,mrac.z.xm,0.44379711
15.0056,B,path.active_path_mode,0
15.0056,B,path.circle_theta,0
15.0056,B,path.sinusoid_t_elapsed,0
15.0056,B,path.twc_arrived,0
15.0056,B,path.twc_target_x,0
15.0056,B,path.twc_target_y,0
15.0056,B,path.twc_target_z,0
15.0056,B,pid.gyrox.Des,6.534451
15.0056,B,pid.gyrox.FB,-0.24071556
15.0056,B,pid.gyrox.U,78.080673
15.0056,B,pid.gyroy.Des,-14.15885
15.0056,B,pid.gyroy.FB,-1.7569795
15.0056,B,pid.gyroy.U,-32.938942
15.0056,B,pid.gyroz.Des,-4.4054317
15.0056,B,pid.gyroz.FB,-2.683311
15.0056,B,pid.gyroz.U,-15.810757
15.0056,B,pid.locx.Des,0
15.0056,B,pid.locx.FB,-0.31414777
15.0056,B,pid.locx.U,-0.78643149
15.0056,B,pid.locxs.Des,-0.78643149
15.0056,B,pid.locxs.FB,3.0036972
15.0056,B,pid.locxs.U,-11.451201
15.0056,B,pid.locy.Des,0
15.0056,B,pid.locy.FB,38.68922
15.0056,B,pid.locy.U,-32.931664
15.0056,B,pid.locys.Des,-32.931664
15.0056,B,pid.locys.FB,-0.98883915
15.0056,B,pid.locys.U,-95.936966
15.0056,B,pid.pitch.Des,-5.5828819
15.0056,B,pid.pitch.FB,-0.94588506
15.0056,B,pid.pitch.U,-14.15885
15.0056,B,pid.roll.Des,0.68974972
15.0056,B,pid.roll.FB,-1.5387369
15.0056,B,pid.roll.U,6.534451
15.0056,B,pid.yaw.Des,-0.61393034
15.0056,B,pid.yaw.FB,-0.21302506
15.0056,B,pid.yaw.U,-4.4054317
15.0056,B,pid.z_pos.Des,1.1493505
15.0056,B,pid.z_pos.FB,0.72963732
15.0056,B,pid.z_pos.U,0.44379711
15.0056,B,pid.z_rate.Des,0.44379711
15.0056,B,pid.z_rate.FB,0.00039451753
15.0056,B,pid.z_rate.U,189.25931
15.0056,B,status.vbat,0
15.2222,A,mrac.pitch.e,0.28541291
15.2222,A,mrac.pitch.u_ad,-0.038238183
15.2222,A,mrac.roll.e,-0.23282781
15.2222,A,mrac.roll.u_ad,0.15704332
15.2222,A,mrac.yaw.e,0.082953788
15.2222,A,mrac.yaw.u_ad,-0.0053231711
15.2222,A,mrac.z.e,-0.50007343
15.2222,A,mrac.z.u_ad,1.2455096
15.2222,A,status.arm,1
15.2222,A,status.flymode,1
15.2222,A,status.rc_authority,0
15.2222,A,status.sbus_lost,0
15.2222,A,status.twc_arrived,0
15.2222,A,status.twc_execute,0
15.2222,B,mrac.pitch.theta_0,7.720927e-34
15.2222,B,mrac.pitch.theta_1,0.0051549473
15.2222,B,mrac.pitch.theta_2,0.00035688712
15.2222,B,mrac.pitch.theta_3,0.00090283121
15.2222,B,mrac.pitch.theta_4,0.060996313
15.2222,B,mrac.pitch.theta_5,0.14452168
15.2222,B,mrac.pitch.u_nom,-0.0057317065
15.2222,B,mrac.pitch.xm,-0.23692943
15.2222,B,mrac.roll.theta_0,0.14841399
15.2222,B,mrac.roll.theta_1,0.0018325092
15.2222,B,mrac.roll.theta_2,0.0041623125
15.2222,B,mrac.roll.theta_3,0.00030991228
15.2222,B,mrac.roll.theta_4,0.03993272
15.2222,B,mrac.roll.theta_5,0.04865326
15.2222,B,mrac.roll.u_nom,-0.028372401
15.2222,B,mrac.roll.xm,0.13041244
15.2222,B,mrac.yaw.theta_0,2.5389096e-05
15.2222,B,mrac.yaw.theta_1,0.0016697417
15.2222,B,mrac.yaw.theta_2,2.335016e-05
15.2222,B,mrac.yaw.theta_3,0
15.2222,B,mrac.yaw.theta_4,0.017598065
15.2222,B,mrac.yaw.theta_5,0.063421786
15.2222,B,mrac.yaw.u_nom,-0.02117401
15.2222,B,mrac.yaw.xm,-0.079338059
15.2222,B,mrac.z.theta_0,0.98189008
15.2222,B,mrac.z.theta_1,0.0032499121
15.2222,B,mrac.z.theta_2,0.0075325165
15.2222,B,mrac.z.theta_3,0
15.2222,B,mrac.z.theta_4,0.1990753
15.2222,B,mrac.z.theta_5,0.19651902
15.2222,B,mrac.z.u_nom,0.68731636
15.2222,B,mrac.z.xm,0.43686026
15.2222,B,path.active_path_mode,0
15.2222,B,path.circle_theta,0
15.2222,B,path.sinusoid_t_elapsed,0
15.2222,B,path.twc_arrived,0
15.2222,B,path.twc_target_x,0
15.2222,B,path.twc_target_y,0
15.2222,B,path.twc_target_z,0
15.2222,B,pid.gyrox.Des,7.4720793
15.2222,B,pid.gyrox.FB,1.1681176
15.2222,B,pid.gyrox.U,-33.195709
15.2222,B,pid.gyroy.Des,-13.57505
15.2222,B,pid.gyroy.FB,-3.5407
15.2222,B,pid.gyroy.U,-6.7060966
15.2222,B,pid.gyroz.Des,-4.5457339
15.2222,B,pid.gyroz.FB,0.15590869
15.2222,B,pid.gyroz.U,-39.637745
15.2222,B,pid.locx.Des,0
15.2222,B,pid.locx.FB,0.32084823
15.2222,B,pid.locx.U,-1.330624
15.2222,B,pid.locxs.Des,-1.330624
15.2222,B,pid.locxs.FB,2.9999835
15.2222,B,pid.locxs.U,-13.155072
15.2222,B,pid.locy.Des,0
15.2222,B,pid.locy.FB,38.691486
15.2222,B,pid.locy.U,-32.953587
15.2222,B,pid.locys.Des,-32.953587
15.2222,B,pid.locys.FB,0.0099295732
15.2222,B,pid.locys.U,-98.891006
15.2222,B,pid.pitch.Des,-5.7535267
15.2222,B,pid.pitch.FB,-1.1910306
15.2222,B,pid.pitch.U,-13.57505
15.2222,B,pid.roll.Des,0.78749079
15.2222,B,pid.roll.FB,-1.5944568
15.2222,B,pid.roll.U,7.4720793
15.2222,B,pid.yaw.Des,-0.61393034
15.2222,B,pid.yaw.FB,-0.18964136
15.2222,B,pid.yaw.U,-4.5457339
15.2222,B,pid.z_pos.Des,1.1493505
15.2222,B,pid.z_pos.FB,0.73955369
15.2222,B,pid.z_pos.U,0.43686026
15.2222,B,pid.z_rate.Des,0.43686026
15.2222,B,pid.z_rate.FB,0.085145347
15.2222,B,pid.z_rate.U,152.58423
15.2222,B,status.vbat,0
15.4238,A,mrac.pitch.e,0.27650258
15.4238,A,mrac.pitch.u_ad,-0.038971987
15.4238,A,mrac.roll.e,-0.18321626
15.4238,A,mrac.roll.u_ad,0.15637216
15.4238,A,mrac.yaw.e,-0.0095061921
15.4238,A,mrac.yaw.u_ad,-0.0039315955
15.4238,A,mrac.z.e,-0.47162336
15.4238,A,mrac.z.u_ad,1.2501787
15.4238,A,status.arm,1
15.4238,A,status.flymode,1
15.4238,A,status.rc_authority,0
15.4238,A,status.sbus_lost,0
15.4238,A,status.twc_arrived,0
15.4238,A,status.twc_execute,0
15.4239,B,mrac.pitch.theta_0,3.1819209e-34
15.4239,B,mrac.pitch.theta_1,0.00517534
15.4239,B,mrac.pitch.theta_2,0.00035666916
15.4239,B,mrac.pitch.theta_3,0.00090379658
15.4239,B,mrac.pitch.theta_4,0.061090261
15.4239,B,mrac.pitch.theta_5,0.14454623
15.4239,B,mrac.pitch.u_nom,-0.011819928
15.4239,B,mrac.pitch.xm,-0.23826474
15.4239,B,mrac.roll.theta_0,0.14836317
15.4239,B,mrac.roll.theta_1,0.0018327531
15.4239,B,mrac.roll.theta_2,0.0041634659
15.4239,B,mrac.roll.theta_3,0.00031005402
15.4239,B,mrac.roll.theta_4,0.039991047
15.4239,B,mrac.roll.theta_5,0.048755776
15.4239,B,mrac.roll.u_nom,-0.09800604
15.4239,B,mrac.roll.xm,0.12691097
15.4239,B,mrac.yaw.theta_0,0.0001828884
15.4239,B,mrac.yaw.theta_1,0.0016693536
15.4239,B,mrac.yaw.theta_2,2.3476681e-05
15.4239,B,mrac.yaw.theta_3,0
15.4239,B,mrac.yaw.theta_4,0.017602678
15.4239,B,mrac.yaw.theta_5,0.063436255
15.4239,B,mrac.yaw.u_nom,-0.0083191497
15.4239,B,mrac.yaw.xm,-0.057337109
15.4239,B,mrac.z.theta_0,0.9818207
15.4239,B,mrac.z.theta_1,0.0035041289
15.4239,B,mrac.z.theta_2,0.0075456831
15.4239,B,mrac.z.theta_3,0
15.4239,B,mrac.z.theta_4,0.19907896
15.4239,B,mrac.z.theta_5,0.19658732
15.4239,B,mrac.z.u_nom,1.0743374
15.4239,B,mrac.z.xm,0.44478449
15.4239,B,path.active_path_mode,0
15.4239,B,path.circle_theta,0
15.4239,B,path.sinusoid_t_elapsed,0
15.4239,B,path.twc_arrived,0
15.4239,B,path.twc_target_x,0
15.4239,B,path.twc_target_y,0
15.4239,B,path.twc_target_z,0
15.4239,B,pid.gyrox.Des,7.2714601
15.4239,B,pid.gyrox.FB,10.487014
15.4239,B,pid.gyrox.U,-114.66707
15.4239,B,pid.gyroy.Des,-13.651558
15.4239,B,pid.gyroy.FB,-4.9175053
15.4239,B,pid.gyroy.U,-13.829315
15.4239,B,pid.gyroz.Des,-3.2851729
15.4239,B,pid.gyroz.FB,-1.5899371
15.4239,B,pid.gyroz.U,-15.573448
15.4239,B,pid.locx.Des,0
15.4239,B,pid.locx.FB,0.93562609
15.4239,B,pid.locx.U,-1.9455388
15.4239,B,pid.locxs.Des,-1.9455388
15.4239,B,pid.locxs.FB,3.9999027
15.4239,B,pid.locxs.U,-18.082619
15.4239,B,pid.locy.Des,0
15.4239,B,pid.locy.FB,38.729366
15.4239,B,pid.locy.U,-33.020447
15.4239,B,pid.locys.Des,-33.020447
15.4239,B,pid.locys.FB,0.027906509
15.4239,B,pid.locys.U,-99.215973
15.4239,B,pid.pitch.Des,-5.7680893
15.4239,B,pid.pitch.FB,-1.1586535
15.4239,B,pid.pitch.U,-13.651558
15.4239,B,pid.roll.Des,1.0965433
15.4239,B,pid.roll.FB,-1.3367258
15.4239,B,pid.roll.U,7.2714601
15.4239,B,pid.yaw.Des,-0.61393034
15.4239,B,pid.yaw.FB,-0.39973485
15.4239,B,pid.yaw.U,-3.2851729
15.4239,B,pid.z_pos.Des,1.1493505
15.4239,B,pid.z_pos.FB,0.72965211
15.4239,B,pid.z_pos.U,0.44478449
15.4239,B,pid.z_rate.Des,0.44478449
15.4239,B,pid.z_rate.FB,-0.12172709
15.4239,B,pid.z_rate.U,238.5029
15.4239,B,status.vbat,0
15.6259,A,mrac.pitch.e,0.25272995
15.6259,A,mrac.pitch.u_ad,-0.040503725
15.6259,A,mrac.roll.e,-0.16703092
15.6259,A,mrac.roll.u_ad,0.15681937
15.6259,A,mrac.yaw.e,0.097856164
15.6259,A,mrac.yaw.u_ad,-0.0035514303
15.6259,A,mrac.z.e,-0.35179856
15.6259,A,mrac.z.u_ad,1.2097795
15.6259,A,status.arm,1
15.6259,A,status.flymode,1
15.6259,A,status.rc_authority,0
15.6259,A,status.sbus_lost,0
15.6259,A,status.twc_arrived,0
15.6259,A,status.twc_execute,0
15.6260,B,mrac.pitch.theta_0,7.5292118e-35
15.6260,B,mrac.pitch.theta_1,0.0051679593
15.6260,B,mrac.pitch.theta_2,0.00035623615
15.6260,B,mrac.pitch.theta_3,0.00090413826
15.6260,B,mrac.pitch.theta_4,0.061257198
15.6260,B,mrac.pitch.theta_5,0.14459231
15.6260,B,mrac.pitch.u_nom,-0.019960603
15.6260,B,mrac.pitch.xm,-0.25605512
15.6260,B,mrac.roll.theta_0,0.14862005
15.6260,B,mrac.roll.theta_1,0.0018202864
15.6260,B,mrac.roll.theta_2,0.004168049
15.6260,B,mrac.roll.theta_3,0.00031021144
15.6260,B,mrac.roll.theta_4,0.04009315
15.6260,B,mrac.roll.theta_5,0.048903506
15.6260,B,mrac.roll.u_nom,-0.075146958
15.6260,B,mrac.roll.xm,0.13602412
15.6260,B,mrac.yaw.theta_0,0.00013794586
15.6260,B,mrac.yaw.theta_1,0.0016656045
15.6260,B,mrac.yaw.theta_2,2.3472403e-05
15.6260,B,mrac.yaw.theta_3,0
15.6260,B,mrac.yaw.theta_4,0.017610237
15.6260,B,mrac.yaw.theta_5,0.063453481
15.6260,B,mrac.yaw.u_nom,-0.016030133
15.6260,B,mrac.yaw.xm,-0.05126559
15.6260,B,mrac.z.theta_0,0.98184681
15.6260,B,mrac.z.theta_1,0.0035328458
15.6260,B,mrac.z.theta_2,0.0075503113
15.6260,B,mrac.z.theta_3,0
15.6260,B,mrac.z.theta_4,0.19908881
15.6260,B,mrac.z.theta_5,0.19669163
15.6260,B,mrac.z.u_nom,0.51625955
15.6260,B,mrac.z.xm,0.43573409
15.6260,B,path.active_path_mode,0
15.6260,B,path.circle_theta,0
15.6260,B,path.sinusoid_t_elapsed,0
15.6260,B,path.twc_arrived,0
15.6260,B,path.twc_target_x,0
15.6260,B,path.twc_target_y,0
15.6260,B,path.twc_target_z,0
15.6260,B,pid.gyrox.Des,7.7936044
15.6260,B,pid.gyrox.FB,5.6679206
15.6260,B,pid.gyrox.U,-87.921944
15.6260,B,pid.gyroy.Des,-14.670871
15.6260,B,pid.gyroy.FB,-4.7327971
15.6260,B,pid.gyroy.U,-23.353905
15.6260,B,pid.gyroz.Des,-2.9373007
15.6260,B,pid.gyroz.FB,0.55831701
15.6260,B,pid.gyroz.U,-30.008408
15.6260,B,pid.locx.Des,0
15.6260,B,pid.locx.FB,1.9338348
15.6260,B,pid.locx.U,-3.1027446
15.6260,B,pid.locxs.Des,-3.1027446
15.6260,B,pid.locxs.FB,3.991884
15.6260,B,pid.locxs.U,-21.589085
15.6260,B,pid.locy.Des,0
15.6260,B,pid.locy.FB,38.986427
15.6260,B,pid.locy.U,-33.226257
15.6260,B,pid.locys.Des,-33.226257
15.6260,B,pid.locys.FB,1.0319222
15.6260,B,pid.locys.U,-102.82883
15.6260,B,pid.pitch.Des,-5.9745145
15.6260,B,pid.pitch.FB,-1.0440557
15.6260,B,pid.pitch.U,-14.670871
15.6260,B,pid.roll.Des,1.3088607
15.6260,B,pid.roll.FB,-1.1898916
15.6260,B,pid.roll.U,7.7936044
15.6260,B,pid.yaw.Des,-0.61393034
15.6260,B,pid.yaw.FB,-0.45771354
15.6260,B,pid.yaw.U,-2.9373007
15.6260,B,pid.z_pos.Des,1.1493505
15.6260,B,pid.z_pos.FB,0.73971766
15.6260,B,pid.z_pos.U,0.43573409
15.6260,B,pid.z_rate.Des,0.43573409
15.6260,B,pid.z_rate.FB,0.17895573
15.6260,B,pid.z_rate.U,114.60962
15.6260,B,status.vbat,0
15.8259,A,mrac.pitch.e,0.30809116
15.8259,A,mrac.pitch.u_ad,-0.039685722
15.8259,A,mrac.roll.e,-0.2305157
15.8259,A,mrac.roll.u_ad,0.15719984
15.8259,A,mrac.yaw.e,0.14280495
15.8259,A,mrac.yaw.u_ad,-0.0042377235
15.8259,A,mrac.z.e,-0.40862998
15.8259,A,mrac.z.u_ad,1.2181073
15.8259,A,status.arm,1
15.8259,A,status.flymode,1
15.8259,A,status.rc_authority,0
15.8259,A,status.sbus_lost,0
15.8259,A,status.twc_arrived,0
15.8259,A,status.twc_execute,0
15.8261,B,mrac.pitch.theta_0,2.9078074e-35
15.8261,B,mrac.pitch.theta_1,0.0051972955
15.8261,B,mrac.pitch.theta_2,0.00035603787
15.8261,B,mrac.pitch.theta_3,0.00090498687
15.8261,B,mrac.pitch.theta_4,0.061362036
15.8261,B,mrac.pitch.theta_5,0.14462279
15.8261,B,mrac.pitch.u_nom,-0.086635299
15.8261,B,mrac.pitch.xm,-0.2520977
15.8261,B,mrac.roll.theta_0,0.1486911
15.8261,B,mrac.roll.theta_1,0.0018315529
15.8261,B,mrac.roll.theta_2,0.0041692127
15.8261,B,mrac.roll.theta_3,0.00031044771
15.8261,B,mrac.roll.theta_4,0.040144403
15.8261,B,mrac.roll.theta_5,0.049000829
15.8261,B,mrac.roll.u_nom,0.058788411
15.8261,B,mrac.roll.xm,0.12349303
15.8261,B,mrac.yaw.theta_0,0.00010585939
15.8261,B,mrac.yaw.theta_1,0.0016605869
15.8261,B,mrac.yaw.theta_2,2.3466384e-05
15.8261,B,mrac.yaw.theta_3,0
15.8261,B,mrac.yaw.theta_4,0.017619399
15.8261,B,mrac.yaw.theta_5,0.063472003
15.8261,B,mrac.yaw.u_nom,-0.0010536592
15.8261,B,mrac.yaw.xm,-0.060556818
15.8261,B,mrac.z.theta_0,0.98175997
15.8261,B,mrac.z.theta_1,0.0039119418
15.8261,B,mrac.z.theta_2,0.0075654099
15.8261,B,mrac.z.theta_3,0
15.8261,B,mrac.z.theta_4,0.19908801
15.8261,B,mrac.z.theta_5,0.19675392
15.8261,B,mrac.z.u_nom,0.64358133
15.8261,B,mrac.z.xm,0.43671855
15.8261,B,path.active_path_mode,0
15.8261,B,path.circle_theta,0
15.8261,B,path.sinusoid_t_elapsed,0
15.8261,B,path.twc_arrived,0
15.8261,B,path.twc_target_x,0
15.8261,B,path.twc_target_y,0
15.8261,B,path.twc_target_z,0
15.8261,B,pid.gyrox.Des,7.0756264
15.8261,B,pid.gyrox.FB,-0.18371414
15.8261,B,pid.gyrox.U,68.78244
15.8261,B,pid.gyroy.Des,-14.444128
15.8261,B,pid.gyroy.FB,-0.76080132
15.8261,B,pid.gyroy.U,-101.3633
15.8261,B,pid.gyroz.Des,-3.4696486
15.8261,B,pid.gyroz.FB,-3.4628551
15.8261,B,pid.gyroz.U,-1.9724501
15.8261,B,pid.locx.Des,0
15.8261,B,pid.locx.FB,2.6127224
15.8261,B,pid.locx.U,-4.032362
15.8261,B,pid.locxs.Des,-4.032362
15.8261,B,pid.locxs.FB,3.9934771
15.8261,B,pid.locxs.U,-24.424686
15.8261,B,pid.locy.Des,0
15.8261,B,pid.locy.FB,39.160816
15.8261,B,pid.locy.U,-33.36557
15.8261,B,pid.locys.Des,-33.36557
15.8261,B,pid.locys.FB,1.0257393
15.8261,B,pid.locys.U,-103.22337
15.8261,B,pid.pitch.Des,-5.9986668
15.8261,B,pid.pitch.FB,-1.112227
15.8261,B,pid.pitch.U,-14.444128
15.8261,B,pid.roll.Des,1.4652376
15.8261,B,pid.roll.FB,-0.97976273
15.8261,B,pid.roll.U,7.0756264
15.8261,B,pid.yaw.Des,-0.61393034
15.8261,B,pid.yaw.FB,-0.3689889
15.8261,B,pid.yaw.U,-3.4696486
15.8261,B,pid.z_pos.Des,1.1493505
15.8261,B,pid.z_pos.FB,0.73975241
15.8261,B,pid.z_pos.U,0.43671855
15.8261,B,pid.z_rate.Des,0.43671855
15.8261,B,pid.z_rate.FB,0.1092766
15.8261,B,pid.z_rate.U,142.87506
15.8261,B,status.vbat,0
16.0386,A,mrac.pitch.e,0.30100724
16.0386,A,mrac.pitch.u_ad,-0.039146051
16.0386,A,mrac.roll.e,-0.30564916
16.0386,A,mrac.roll.u_ad,0.15754722
16.0386,A,mrac.yaw.e,0.11410843
16.0386,A,mrac.yaw.u_ad,-0.0047630416
16.0386,A,mrac.z.e,-0.43651274
16.0386,A,mrac.z.u_ad,1.2345487
16.0386,A,status.arm,1
16.0386,A,status.flymode,1
16.0386,A,status.rc_authority,0
16.0386,A,status.sbus_lost,0
16.0386,A,status.twc_arrived,0
16.0386,A,status.twc_execute,0
16.0386,B,mrac.pitch.theta_0,7.6669969e-36
16.0386,B,mrac.pitch.theta_1,0.0052381125
16.0386,B,mrac.pitch.theta_2,0.00035565349
16.0386,B,mrac.pitch.theta_3,0.00090653158
16.0386,B,mrac.pitch.theta_4,0.06150806
16.0386,B,mrac.pitch.theta_5,0.14465934
16.0386,B,mrac.pitch.u_nom,-0.026770091
16.0386,B,mrac.pitch.xm,-0.24117491
16.0386,B,mrac.roll.theta_0,0.14879148
16.0386,B,mrac.roll.theta_1,0.0018308799
16.0386,B,mrac.roll.theta_2,0.0041739512
16.0386,B,mrac.roll.theta_3,0.00031114792
16.0386,B,mrac.roll.theta_4,0.04024829
16.0386,B,mrac.roll.theta_5,0.049170505
16.0386,B,mrac.roll.u_nom,-0.064853519
16.0386,B,mrac.roll.xm,0.13868842
16.0386,B,mrac.yaw.theta_0,6.5459048e-05
16.0386,B,mrac.yaw.theta_1,0.0016547076
16.0386,B,mrac.yaw.theta_2,2.3457282e-05
16.0386,B,mrac.yaw.theta_3,0
16.0386,B,mrac.yaw.theta_4,0.017636098
16.0386,B,mrac.yaw.theta_5,0.063513651
16.0386,B,mrac.yaw.u_nom,-0.015044191
16.0386,B,mrac.yaw.xm,-0.070312396
16.0386,B,mrac.z.theta_0,0.98183393
16.0386,B,mrac.z.theta_1,0.0041699074
16.0386,B,mrac.z.theta_2,0.0075662192
16.0386,B,mrac.z.theta_3,0
16.0386,B,mrac.z.theta_4,0.19908914
16.0386,B,mrac.z.theta_5,0.19684671
16.0386,B,mrac.z.u_nom,0.83998948
16.0386,B,mrac.z.xm,0.43673268
16.0386,B,path.active_path_mode,0
16.0386,B,path.circle_theta,0
16.0386,B,path.sinusoid_t_elapsed,0
16.0386,B,path.twc_arrived,0
16.0386,B,path.twc_target_x,0
16.0386,B,path.twc_target_y,0
16.0386,B,path.twc_target_z,0
16.0386,B,pid.gyrox.Des,7.9462576
16.0386,B,pid.gyrox.FB,4.0808554
16.0386,B,pid.gyrox.U,-75.878616
16.0386,B,pid.gyroy.Des,-13.818298
16.0386,B,pid.gyroy.FB,-3.0691259
16.0386,B,pid.gyroy.U,-31.321007
16.0386,B,pid.gyroz.Des,-4.0286016
16.0386,B,pid.gyroz.FB,-0.75374424
16.0386,B,pid.gyroz.U,-28.162725
16.0386,B,pid.locx.Des,0
16.0386,B,pid.locx.FB,3.552639
16.0386,B,pid.locx.U,-4.9501104
16.0386,B,pid.locxs.Des,-4.9501104
16.0386,B,pid.locxs.FB,3.9999537
16.0386,B,pid.locxs.U,-26.994184
16.0386,B,pid.locy.Des,0
16.0386,B,pid.locy.FB,39.175495
16.0386,B,pid.locy.U,-33.340919
16.0386,B,pid.locys.Des,-33.340919
16.0386,B,pid.locys.FB,0.019256486
16.0386,B,pid.locys.U,-100.08289
16.0386,B,pid.pitch.Des,-5.8187118
16.0386,B,pid.pitch.FB,-1.1766003
16.0386,B,pid.pitch.U,-13.818298
16.0386,B,pid.roll.Des,1.6045218
16.0386,B,pid.roll.FB,-1.0240643
16.0386,B,pid.roll.U,7.9462576
16.0386,B,pid.yaw.Des,-0.61393034
16.0386,B,pid.yaw.FB,-0.27583012
16.0386,B,pid.yaw.U,-4.0286016
16.0386,B,pid.z_pos.Des,1.1493505
16.0386,B,pid.z_pos.FB,0.73972583
16.0386,B,pid.z_pos.U,0.43673268
16.0386,B,pid.z_rate.Des,0.43673268
16.0386,B,pid.z_rate.FB,0.00028418718
16.0386,B,pid.z_rate.U,186.47766
16.0386,B,status.vbat,0
16.2401,A,mrac.pitch.e,0.24333204
16.2401,A,mrac.pitch.u_ad,-0.039412096
16.2401,A,mrac.roll.e,-0.16748774
16.2401,A,mrac.roll.u_ad,0.15478633
16.2401,A,mrac.yaw.e,0.038680803
16.2401,A,mrac.yaw.u_ad,-0.0058813128
16.2401,A,mrac.z.e,-0.5137372
16.2401,A,mrac.z.u_ad,1.2649717
16.2401,A,status.arm,1
16.2401,A,status.flymode,1
16.2401,A,status.rc_authority,0
16.2401,A,status.sbus_lost,0
16.2401,A,status.twc_arrived,0
16.2401,A,status.twc_execute,0
16.2402,B,mrac.pitch.theta_0,2.9911094e-36
16.2402,B,mrac.pitch.theta_1,0.0052249953
16.2402,B,mrac.pitch.theta_2,0.00035537709
16.2402,B,mrac.pitch.theta_3,0.00090708811
16.2402,B,mrac.pitch.theta_4,0.061615467
16.2402,B,mrac.pitch.theta_5,0.14468546
16.2402,B,mrac.pitch.u_nom,-0.055701897
16.2402,B,mrac.pitch.xm,-0.2462893
16.2402,B,mrac.roll.theta_0,0.14855358
16.2402,B,mrac.roll.theta_1,0.0018288261
16.2402,B,mrac.roll.theta_2,0.0041756066
16.2402,B,mrac.roll.theta_3,0.00031147499
16.2402,B,mrac.roll.theta_4,0.040308397
16.2402,B,mrac.roll.theta_5,0.049250852
16.2402,B,mrac.roll.u_nom,0.052961335
16.2402,B,mrac.roll.xm,0.11088662
16.2402,B,mrac.yaw.theta_0,4.2560325e-05
16.2402,B,mrac.yaw.theta_1,0.0016488808
16.2402,B,mrac.yaw.theta_2,2.345034e-05
16.2402,B,mrac.yaw.theta_3,0
16.2402,B,mrac.yaw.theta_4,0.017653434
16.2402,B,mrac.yaw.theta_5,0.063560016
16.2402,B,mrac.yaw.u_nom,-0.025886802
16.2402,B,mrac.yaw.xm,-0.087869331
16.2402,B,mrac.z.theta_0,0.98188925
16.2402,B,mrac.z.theta_1,0.0041700969
16.2402,B,mrac.z.theta_2,0.0075649745
16.2402,B,mrac.z.theta_3,0
16.2402,B,mrac.z.theta_4,0.19909284
16.2402,B,mrac.z.theta_5,0.1969057
16.2402,B,mrac.z.u_nom,0.83950061
16.2402,B,mrac.z.xm,0.43668431
16.2402,B,path.active_path_mode,0
16.2402,B,path.circle_theta,0
16.2402,B,path.sinusoid_t_elapsed,0
16.2402,B,path.twc_arrived,0
16.2402,B,path.twc_target_x,0
16.2402,B,path.twc_target_y,0
16.2402,B,path.twc_target_z,0
16.2402,B,pid.gyrox.Des,6.3533325
16.2402,B,pid.gyrox.FB,0.44645983
16.2402,B,pid.gyrox.U,61.964764
16.2402,B,pid.gyroy.Des,-14.111331
16.2402,B,pid.gyroy.FB,-1.0023649
16.2402,B,pid.gyroy.U,-65.171219
16.2402,B,pid.gyroz.Des,-5.0345397
16.2402,B,pid.gyroz.FB,0.77668667
16.2402,B,pid.gyroz.U,-48.460094
16.2402,B,pid.locx.Des,0
16.2402,B,pid.locx.FB,3.9576366
16.2402,B,pid.locx.U,-5.2261086
16.2402,B,pid.locxs.Des,-5.2261086
16.2402,B,pid.locxs.FB,2.9999948
16.2402,B,pid.locxs.U,-24.630312
16.2402,B,pid.locy.Des,0
16.2402,B,pid.locy.FB,39.176895
16.2402,B,pid.locy.U,-33.341621
16.2402,B,pid.locys.Des,-33.341621
16.2402,B,pid.locys.FB,0.0056639565
16.2402,B,pid.locys.U,-100.03506
16.2402,B,pid.pitch.Des,-5.8212485
16.2402,B,pid.pitch.FB,-1.0894552
16.2402,B,pid.pitch.U,-14.111331
16.2402,B,pid.roll.Des,1.4494983
16.2402,B,pid.roll.FB,-0.75639933
16.2402,B,pid.roll.U,6.3533325
16.2402,B,pid.yaw.Des,-0.61393034
16.2402,B,pid.yaw.FB,-0.10817375
16.2402,B,pid.yaw.U,-5.0345397
16.2402,B,pid.z_pos.Des,1.1493505
16.2402,B,pid.z_pos.FB,0.73980176
16.2402,B,pid.z_pos.U,0.43668431
16.2402,B,pid.z_rate.Des,0.43668431
16.2402,B,pid.z_rate.FB,0.00050711387
16.2402,B,pid.z_rate.U,186.36914
16.2402,B,status.vbat,0
16.4559,A,mrac.pitch.e,0.28128326
16.4559,A,mrac.pitch.u_ad,-0.040183026
16.4559,A,mrac.roll.e,-0.093063809
16.4559,A,mrac.roll.u_ad,0.15345952
16.4559,A,mrac.yaw.e,0.020996563
16.4559,A,mrac.yaw.u_ad,-0.0056972983
16.4559,A,mrac.z.e,-0.53025913
16.4559,A,mrac.z.u_ad,1.237713
16.4559,A,status.arm,1
16.4559,A,status.flymode,1
16.4559,A,status.rc_authority,0
16.4559,A,status.sbus_lost,0
16.4559,A,status.twc_arrived,0
16.4559,A,status.twc_execute,0
16.4560,B,mrac.pitch.theta_0,7.238446e-37
16.4560,B,mrac.pitch.theta_1,0.0051995339
16.4560,B,mrac.pitch.theta_2,0.00035502229
16.4560,B,mrac.pitch.theta_3,0.0009077579
16.4560,B,mrac.pitch.theta_4,0.061778605
16.4560,B,mrac.pitch.theta_5,0.14472331
16.4560,B,mrac.pitch.u_nom,-0.12844959
16.4560,B,mrac.pitch.xm,-0.25513589
16.4560,B,mrac.roll.theta_0,0.14771773
16.4560,B,mrac.roll.theta_1,0.0018070909
16.4560,B,mrac.roll.theta_2,0.0041791396
16.4560,B,mrac.roll.theta_3,0.0003115008
16.4560,B,mrac.roll.theta_4,0.040402751
16.4560,B,mrac.roll.theta_5,0.049354959
16.4560,B,mrac.roll.u_nom,0.13205774
16.4560,B,mrac.roll.xm,0.079496905
16.4560,B,mrac.yaw.theta_0,2.4533674e-05
16.4560,B,mrac.yaw.theta_1,0.0016509944
16.4560,B,mrac.yaw.theta_2,2.3444854e-05
16.4560,B,mrac.yaw.theta_3,0
16.4560,B,mrac.yaw.theta_4,0.017670942
16.4560,B,mrac.yaw.theta_5,0.063624531
16.4560,B,mrac.yaw.u_nom,-0.02066545
16.4560,B,mrac.yaw.xm,-0.083073199
16.4560,B,mrac.z.theta_0,0.98182338
16.4560,B,mrac.z.theta_1,0.0043291762
16.4560,B,mrac.z.theta_2,0.0075818729
16.4560,B,mrac.z.theta_3,0
16.4560,B,mrac.z.theta_4,0.19909959
16.4560,B,mrac.z.theta_5,0.19698767
16.4560,B,mrac.z.u_nom,0.66935998
16.4560,B,mrac.z.xm,0.43667901
16.4560,B,path.active_path_mode,0
16.4560,B,path.circle_theta,0
16.4560,B,path.sinusoid_t_elapsed,0
16.4560,B,path.twc_arrived,0
16.4560,B,path.twc_target_x,0
16.4560,B,path.twc_target_y,0
16.4560,B,path.twc_target_z,0
16.4560,B,pid.gyrox.Des,4.5548353
16.4560,B,pid.gyrox.FB,-7.8416886
16.4560,B,pid.gyrox.U,154.50755
16.4560,B,pid.gyroy.Des,-14.618204
16.4560,B,pid.gyroy.FB,5.8355327
16.4560,B,pid.gyroy.U,-150.28601
16.4560,B,pid.gyroz.Des,-4.7597418
16.4560,B,pid.gyroz.FB,-0.172923
16.4560,B,pid.gyroz.U,-38.685722
16.4560,B,pid.locx.Des,0
16.4560,B,pid.locx.FB,3.9126372
16.4560,B,pid.locx.U,-5.0501099
16.4560,B,pid.locxs.Des,-5.0501099
16.4560,B,pid.locxs.FB,0
16.4560,B,pid.locxs.U,-14.814325
16.4560,B,pid.locy.Des,0
16.4560,B,pid.locy.FB,39.176743
16.4560,B,pid.locy.U,-33.341179
16.4560,B,pid.locys.Des,-33.341179
16.4560,B,pid.locys.FB,0
16.4560,B,pid.locys.U,-100.02253
16.4560,B,pid.pitch.Des,-5.820869
16.4560,B,pid.pitch.FB,-1.0493315
16.4560,B,pid.pitch.U,-14.618204
16.4560,B,pid.roll.Des,0.88101792
16.4560,B,pid.roll.FB,-0.77878743
16.4560,B,pid.roll.U,4.5548353
16.4560,B,pid.yaw.Des,-0.61393034
16.4560,B,pid.yaw.FB,-0.15397334
16.4560,B,pid.yaw.U,-4.7597418
16.4560,B,pid.z_pos.Des,1.1493505
16.4560,B,pid.z_pos.FB,0.73980755
16.4560,B,pid.z_pos.U,0.43667901
16.4560,B,pid.z_rate.Des,0.43667901
16.4560,B,pid.z_rate.FB,0.094929874
16.4560,B,pid.z_rate.U,148.59792
16.4560,B,status.vbat,0
16.6564,A,mrac.pitch.e,0.25979936
16.6564,A,mrac.pitch.u_ad,-0.042147011
16.6564,A,mrac.roll.e,-0.10972027
16.6564,A,mrac.roll.u_ad,0.15406261
16.6564,A,mrac.yaw.e,0.11512188
16.6564,A,mrac.yaw.u_ad,-0.0058499151
16.6564,A,mrac.z.e,-0.44513524
16.6564,A,mrac.z.u_ad,1.2409195
16.6564,A,status.arm,1
16.6564,A,status.flymode,1
16.6564,A,status.rc_authority,0
16.6564,A,status.sbus_lost,0
16.6564,A,status.twc_arrived,0
16.6564,A,status.twc_execute,0
16.6565,B,mrac.pitch.theta_0,2.7071344e-37
16.6565,B,mrac.pitch.theta_1,0.0051709451
16.6565,B,mrac.pitch.theta_2,0.00035474994
16.6565,B,mrac.pitch.theta_3,0.00090848951
16.6565,B,mrac.pitch.theta_4,0.061893426
16.6565,B,mrac.pitch.theta_5,0.14475273
16.6565,B,mrac.pitch.u_nom,-0.025577618
16.6565,B,mrac.pitch.xm,-0.26267639
16.6565,B,mrac.roll.theta_0,0.14817804
16.6565,B,mrac.roll.theta_1,0.001773754
16.6565,B,mrac.roll.theta_2,0.0041876854
16.6565,B,mrac.roll.theta_3,0.00031166553
16.6565,B,mrac.roll.theta_4,0.04047849
16.6565,B,mrac.roll.theta_5,0.049432732
16.6565,B,mrac.roll.u_nom,0.098374024
16.6565,B,mrac.roll.xm,0.08744131
16.6565,B,mrac.yaw.theta_0,1.7004682e-05
16.6565,B,mrac.yaw.theta_1,0.0016491641
16.6565,B,mrac.yaw.theta_2,2.3441007e-05
16.6565,B,mrac.yaw.theta_3,0
16.6565,B,mrac.yaw.theta_4,0.017683672
16.6565,B,mrac.yaw.theta_5,0.063665353
16.6565,B,mrac.yaw.u_nom,-0.026806699
16.6565,B,mrac.yaw.xm,-0.084917419
16.6565,B,mrac.z.theta_0,0.98185062
16.6565,B,mrac.z.theta_1,0.004293907
16.6565,B,mrac.z.theta_2,0.0075861984
16.6565,B,mrac.z.theta_3,0
16.6565,B,mrac.z.theta_4,0.19910736
16.6565,B,mrac.z.theta_5,0.19704166
16.6565,B,mrac.z.u_nom,0.86278248
16.6565,B,mrac.z.xm,0.44374442
16.6565,B,path.active_path_mode,0
16.6565,B,path.circle_theta,0
16.6565,B,path.sinusoid_t_elapsed,0
16.6565,B,path.twc_arrived,0
16.6565,B,path.twc_target_x,0
16.6565,B,path.twc_target_y,0
16.6565,B,path.twc_target_z,0
16.6565,B,pid.gyrox.Des,5.010016
16.6565,B,pid.gyrox.FB,-3.8493557
16.6565,B,pid.gyrox.U,115.09761
16.6565,B,pid.gyroy.Des,-15.050241
16.6565,B,pid.gyroy.FB,0.53051299
16.6565,B,pid.gyroy.U,-29.925812
16.6565,B,pid.gyroz.Des,-4.8654075
16.6565,B,pid.gyroz.FB,1.1531883
16.6565,B,pid.gyroz.U,-50.18214
16.6565,B,pid.locx.Des,0
16.6565,B,pid.locx.FB,3.4476409
16.6565,B,pid.locx.U,-4.6501141
16.6565,B,pid.locxs.Des,-4.6501141
16.6565,B,pid.locxs.FB,-1.9999943
16.6565,B,pid.locxs.U,-7.806356
16.6565,B,pid.locy.Des,0
16.6565,B,pid.locy.FB,39.175461
16.6565,B,pid.locy.U,-33.340122
16.6565,B,pid.locys.Des,-33.340122
16.6565,B,pid.locys.FB,-0.0047599385
16.6565,B,pid.locys.U,-100.00884
16.6565,B,pid.pitch.Des,-5.8204889
16.6565,B,pid.pitch.FB,-0.94211727
16.6565,B,pid.pitch.U,-15.050241
16.6565,B,pid.roll.Des,0.46992096
16.6565,B,pid.roll.FB,-1.2406359
16.6565,B,pid.roll.U,5.010016
16.6565,B,pid.yaw.Des,-0.61393034
16.6565,B,pid.yaw.FB,-0.13636243
16.6565,B,pid.yaw.U,-4.8654075
16.6565,B,pid.z_pos.Des,1.1493505
16.6565,B,pid.z_pos.FB,0.72973019
16.6565,B,pid.z_pos.U,0.44374442
16.6565,B,pid.z_rate.Des,0.44374442
16.6565,B,pid.z_rate.FB,-0.0053541753
16.6565,B,pid.z_rate.U,191.5377
16.6565,B,status.vbat,0
16.8578,A,mrac.pitch.e,0.358358
16.8578,A,mrac.pitch.u_ad,-0.042770155
16.8578,A,mrac.roll.e,-0.14965644
16.8578,A,mrac.roll.u_ad,0.15333629
16.8578,A,mrac.yaw.e,0.12707438
16.8578,A,mrac.yaw.u_ad,-0.0065690302
16.8578,A,mrac.z.e,-0.44384956
16.8578,A,mrac.z.u_ad,1.2393177
16.8578,A,status.arm,1
16.8578,A,status.flymode,1
16.8578,A,status.rc_authority,0
16.8578,A,status.sbus_lost,0
16.8578,A,status.twc_arrived,0
16.8578,A,status.twc_execute,0
16.8579,B,mrac.pitch.theta_0,1.0002132e-37
16.8579,B,mrac.pitch.theta_1,0.0051746541
16.8579,B,mrac.pitch.theta_2,0.00035446559
16.8579,B,mrac.pitch.theta_3,0.00090917037
16.8579,B,mrac.pitch.theta_4,0.06201401
16.8579,B,mrac.pitch.theta_5,0.14478466
16.8579,B,mrac.pitch.u_nom,-0.13422883
16.8579,B,mrac.pitch.xm,-0.2574082
16.8579,B,mrac.roll.theta_0,0.14798184
16.8579,B,mrac.roll.theta_1,0.0017502095
16.8579,B,mrac.roll.theta_2,0.0041911914
16.8579,B,mrac.roll.theta_3,0.00031183835
16.8579,B,mrac.roll.theta_4,0.040547095
16.8579,B,mrac.roll.theta_5,0.049501024
16.8579,B,mrac.roll.u_nom,0.046712648
16.8579,B,mrac.roll.xm,0.077914827
16.8579,B,mrac.yaw.theta_0,1.0667239e-05
16.8579,B,mrac.yaw.theta_1,0.0016457349
16.8579,B,mrac.yaw.theta_2,2.343392e-05
16.8579,B,mrac.yaw.theta_3,0
16.8579,B,mrac.yaw.theta_4,0.017703071
16.8579,B,mrac.yaw.theta_5,0.063724332
16.8579,B,mrac.yaw.u_nom,-0.019762458
16.8579,B,mrac.yaw.xm,-0.09686029
16.8579,B,mrac.z.theta_0,0.9818998
16.8579,B,mrac.z.theta_1,0.004287242
16.8579,B,mrac.z.theta_2,0.0075849183
16.8579,B,mrac.z.theta_3,0
16.8579,B,mrac.z.theta_4,0.19911093
16.8579,B,mrac.z.theta_5,0.19709624
16.8579,B,mrac.z.u_nom,0.85325253
16.8579,B,mrac.z.xm,0.44374982
16.8579,B,path.active_path_mode,0
16.8579,B,path.circle_theta,0
16.8579,B,path.sinusoid_t_elapsed,0
16.8579,B,path.twc_arrived,0
16.8579,B,path.twc_target_x,0
16.8579,B,path.twc_target_y,0
16.8579,B,path.twc_target_z,0
16.8579,B,pid.gyrox.Des,4.4641891
16.8579,B,pid.gyrox.FB,-0.74355984
16.8579,B,pid.gyrox.U,54.653797
16.8579,B,pid.gyroy.Des,-14.748397
16.8579,B,pid.gyroy.FB,2.9741311
16.8579,B,pid.gyroy.U,-157.04773
16.8579,B,pid.gyroz.Des,-5.5496836
16.8579,B,pid.gyroz.FB,-1.1727965
16.8579,B,pid.gyroz.U,-36.995323
16.8579,B,pid.locx.Des,0
16.8579,B,pid.locx.FB,2.9376433
16.8579,B,pid.locx.U,-4.2421141
16.8579,B,pid.locxs.Des,-4.2421141
16.8579,B,pid.locxs.FB,-2.9999998
16.8579,B,pid.locxs.U,-3.5823419
16.8579,B,pid.locy.Des,0
16.8579,B,pid.locy.FB,39.174633
16.8579,B,pid.locy.U,-33.339684
16.8579,B,pid.locys.Des,-33.339684
16.8579,B,pid.locys.FB,-0.0011684819
16.8579,B,pid.locys.U,-100.01811
16.8579,B,pid.pitch.Des,-5.8218093
16.8579,B,pid.pitch.FB,-0.88924855
16.8579,B,pid.pitch.U,-14.748397
16.8579,B,pid.roll.Des,0.21154959
16.8579,B,pid.roll.FB,-1.3396044
16.8579,B,pid.roll.U,4.4641891
16.8579,B,pid.yaw.Des,-0.61393034
16.8579,B,pid.yaw.FB,-0.022316378
16.8579,B,pid.yaw.U,-5.5496836
16.8579,B,pid.z_pos.Des,1.1493505
16.8579,B,pid.z_pos.FB,0.72971255
16.8579,B,pid.z_pos.U,0.44374982
16.8579,B,pid.z_rate.Des,0.44374982
16.8579,B,pid.z_rate.FB,-5.9672602e-05
16.8579,B,pid.z_rate.U,189.42206
16.8579,B,status.vbat,0
17.0579,A,mrac.pitch.e,0.36113864
17.0579,A,mrac.pitch.u_ad,-0.044004824
17.0579,A,mrac.roll.e,-0.12459224
17.0579,A,mrac.roll.u_ad,0.15475366
17.0579,A,mrac.yaw.e,0.061688837
17.0579,A,mrac.yaw.u_ad,-0.0070781927
17.0579,A,mrac.z.e,-0.61361241
17.0579,A,mrac.z.u_ad,1.2575065
17.0579,A,status.arm,1
17.0579,A,status.flymode,1
17.0579,A,status.rc_authority,0
17.0579,A,status.sbus_lost,0
17.0579,A,status.twc_arrived,0
17.0579,A,status.twc_execute,0
17.0580,B,mrac.pitch.theta_0,2.293444e-38
17.0580,B,mrac.pitch.theta_1,0.0052028908
17.0580,B,mrac.pitch.theta_2,0.00035407592
17.0580,B,mrac.pitch.theta_3,0.00090993691
17.0580,B,mrac.pitch.theta_4,0.062188454
17.0580,B,mrac.pitch.theta_5,0.14483488
17.0580,B,mrac.pitch.u_nom,-0.10995859
17.0580,B,mrac.pitch.xm,-0.2664392
17.0580,B,mrac.roll.theta_0,0.14840879
17.0580,B,mrac.roll.theta_1,0.0017254335
17.0580,B,mrac.roll.theta_2,0.0041973721
17.0580,B,mrac.roll.theta_3,0.00031217435
17.0580,B,mrac.roll.theta_4,0.040623914
17.0580,B,mrac.roll.theta_5,0.049610514
17.0580,B,mrac.roll.u_nom,-0.059283733
17.0580,B,mrac.roll.xm,0.098000176
17.0580,B,mrac.yaw.theta_0,4.986523e-06
17.0580,B,mrac.yaw.theta_1,0.0016448516
17.0580,B,mrac.yaw.theta_2,2.3422872e-05
17.0580,B,mrac.yaw.theta_3,0
17.0580,B,mrac.yaw.theta_4,0.017736793
17.0580,B,mrac.yaw.theta_5,0.063838519
17.0580,B,mrac.yaw.u_nom,-0.024034636
17.0580,B,mrac.yaw.xm,-0.10784639
17.0580,B,mrac.z.theta_0,0.98195684
17.0580,B,mrac.z.theta_1,0.0042812317
17.0580,B,mrac.z.theta_2,0.0075830324
17.0580,B,mrac.z.theta_3,0
17.0580,B,mrac.z.theta_4,0.1991154
17.0580,B,mrac.z.theta_5,0.19717243
17.0580,B,mrac.z.u_nom,0.85326415
17.0580,B,mrac.z.xm,0.44381344
17.0580,B,path.active_path_mode,0
17.0580,B,path.circle_theta,0
17.0580,B,path.sinusoid_t_elapsed,0
17.0580,B,path.twc_arrived,0
17.0580,B,path.twc_target_x,0
17.0580,B,path.twc_target_y,0
17.0580,B,path.twc_target_z,0
17.0580,B,pid.gyrox.Des,5.614994
17.0580,B,pid.gyrox.FB,5.7474699
17.0580,B,pid.gyrox.U,-69.361969
17.0580,B,pid.gyroy.Des,-15.265835
17.0580,B,pid.gyroy.FB,0.76135433
17.0580,B,pid.gyroy.U,-128.65155
17.0580,B,pid.gyroz.Des,-6.1791406
17.0580,B,pid.gyroz.FB,-0.80104554
17.0580,B,pid.gyroz.U,-44.99284
17.0580,B,pid.locx.Des,0
17.0580,B,pid.locx.FB,2.0577741
17.0580,B,pid.locx.U,-3.5542712
17.0580,B,pid.locxs.Des,-3.5542712
17.0580,B,pid.locxs.FB,-1.9985565
17.0580,B,pid.locxs.U,-4.6653562
17.0580,B,pid.locy.Des,0
17.0580,B,pid.locy.FB,39.285084
17.0580,B,pid.locy.U,-33.464203
17.0580,B,pid.locys.Des,-33.464203
17.0580,B,pid.locys.FB,1.002882
17.0580,B,pid.locys.U,-103.44553
17.0580,B,pid.pitch.Des,-6.0195074
17.0580,B,pid.pitch.FB,-0.86003619
17.0580,B,pid.pitch.U,-15.265835
17.0580,B,pid.roll.Des,0.26383141
17.0580,B,pid.roll.FB,-1.6444343
17.0580,B,pid.roll.U,5.614994
17.0580,B,pid.yaw.Des,-0.61393034
17.0580,B,pid.yaw.FB,0.082593076
17.0580,B,pid.yaw.U,-6.1791406
17.0580,B,pid.z_pos.Des,1.1493505
17.0580,B,pid.z_pos.FB,0.72961712
17.0580,B,pid.z_pos.U,0.44381344
17.0580,B,pid.z_rate.Des,0.44381344
17.0580,B,pid.z_rate.FB,-2.4722219e-06
17.0580,B,pid.z_rate.U,189.42464
17.0580,B,status.vbat,0
17.2589,A,mrac.pitch.e,0.16300035
17.2589,A,mrac.pitch.u_ad,-0.043513183
17.2589,A,mrac.roll.e,0.005308643
17.2589,A,mrac.roll.u_ad,0.15438999
17.2589,A,mrac.yaw.e,0.1062347
17.2589,A,mrac.yaw.u_ad,-0.0065731145
17.2589,A,mrac.z.e,-0.4538942
17.2589,A,mrac.z.u_ad,1.2481186
17.2589,A,status.arm,1
17.2589,A,status.flymode,1
17.2589,A,status.rc_authority,0
17.2589,A,status.sbus_lost,0
17.2589,A,status.twc_arrived,0
17.2589,A,status.twc_execute,0
17.2590,B,mrac.pitch.theta_0,8.6427493e-39
17.2590,B,mrac.pitch.theta_1,0.0052374476
17.2590,B,mrac.pitch.theta_2,0.00035384216
17.2590,B,mrac.pitch.theta_3,0.00091051217
17.2590,B,mrac.pitch.theta_4,0.06230329
17.2590,B,mrac.pitch.theta_5,0.14486979
17.2590,B,mrac.pitch.u_nom,-0.034349587
17.2590,B,mrac.pitch.xm,-0.28242546
17.2590,B,mrac.roll.theta_0,0.14857611
17.2590,B,mrac.roll.theta_1,0.0017137785
17.2590,B,mrac.roll.theta_2,0.0042019119
17.2590,B,mrac.roll.theta_3,0.00031227269
17.2590,B,mrac.roll.theta_4,0.04069645
17.2590,B,mrac.roll.theta_5,0.049702276
17.2590,B,mrac.roll.u_nom,0.0046414742
17.2590,B,mrac.roll.xm,0.061704535
17.2590,B,mrac.yaw.theta_0,3.176671e-06
17.2590,B,mrac.yaw.theta_1,0.0016482731
17.2590,B,mrac.yaw.theta_2,2.341837e-05
17.2590,B,mrac.yaw.theta_3,0
17.2590,B,mrac.yaw.theta_4,0.017754303
17.2590,B,mrac.yaw.theta_5,0.063905522
17.2590,B,mrac.yaw.u_nom,-0.023113588
17.2590,B,mrac.yaw.xm,-0.10481344
17.2590,B,mrac.z.theta_0,0.98193055
17.2590,B,mrac.z.theta_1,0.0041737291
17.2590,B,mrac.z.theta_2,0.0075925575
17.2590,B,mrac.z.theta_3,0
17.2590,B,mrac.z.theta_4,0.19912504
17.2590,B,mrac.z.theta_5,0.19721948
17.2590,B,mrac.z.u_nom,0.89084768
17.2590,B,mrac.z.xm,0.45080376
17.2590,B,path.active_path_mode,0
17.2590,B,path.circle_theta,0
17.2590,B,path.sinusoid_t_elapsed,0
17.2590,B,path.twc_arrived,0
17.2590,B,path.twc_target_x,0
17.2590,B,path.twc_target_y,0
17.2590,B,path.twc_target_z,0
17.2590,B,pid.gyrox.Des,3.535408
17.2590,B,pid.gyrox.FB,-0.10218743
17.2590,B,pid.gyrox.U,5.4305248
17.2590,B,pid.gyroy.Des,-16.18178
17.2590,B,pid.gyroy.FB,-0.22664098
17.2590,B,pid.gyroy.U,-40.189014
17.2590,B,pid.gyroz.Des,-6.0053654
17.2590,B,pid.gyroz.FB,-0.84309047
17.2590,B,pid.gyroz.U,-43.268635
17.2590,B,pid.locx.Des,0
17.2590,B,pid.locx.FB,1.8029407
17.2590,B,pid.locx.U,-3.4024286
17.2590,B,pid.locxs.Des,-3.4024286
17.2590,B,pid.locxs.FB,0.0018720598
17.2590,B,pid.locxs.U,-10.165117
17.2590,B,pid.locy.Des,0
17.2590,B,pid.locy.FB,39.525227
17.2590,B,pid.locy.U,-33.70023
17.2590,B,pid.locys.Des,-33.70023
17.2590,B,pid.locys.FB,1.9999992
17.2590,B,pid.locys.U,-107.19675
17.2590,B,pid.pitch.Des,-6.2364125
17.2590,B,pid.pitch.FB,-0.92187214
17.2590,B,pid.pitch.U,-16.18178
17.2590,B,pid.roll.Des,0.58794248
17.2590,B,pid.roll.FB,-1.5920299
17.2590,B,pid.roll.U,3.535408
17.2590,B,pid.yaw.Des,-0.61393034
17.2590,B,pid.yaw.FB,0.053630609
17.2590,B,pid.yaw.U,-6.0053654
17.2590,B,pid.z_pos.Des,1.1493505
17.2590,B,pid.z_pos.FB,0.71962887
17.2590,B,pid.z_pos.U,0.45080376
17.2590,B,pid.z_rate.Des,0.45080376
17.2590,B,pid.z_rate.FB,-0.013871034
17.2590,B,pid.z_rate.U,197.76819
17.2590,B,status.vbat,0
17.4732,A,mrac.pitch.e,0.254594
17.4732,A,mrac.pitch.u_ad,-0.045590669
17.4732,A,mrac.roll.e,-0.037123814
17.4732,A,mrac.roll.u_ad,0.15407462
17.4732,A,mrac.yaw.e,0.083049037
17.4732,A,mrac.yaw.u_ad,-0.0068978029
17.4732,A,mrac.z.e,-0.45069981
17.4732,A,mrac.z.u_ad,1.2434285
17.4732,A,status.arm,1
17.4732,A,status.flymode,1
17.4732,A,status.rc_authority,0
17.4732,A,status.sbus_lost,0
17.4732,A,status.twc_arrived,0
17.4732,A,status.twc_execute,0
17.4733,B,mrac.pitch.theta_0,2.013516e-39
17.4733,B,mrac.pitch.theta_1,0.005334984
17.4733,B,mrac.pitch.theta_2,0.00035347391
17.4733,B,mrac.pitch.theta_3,0.00091242458
17.4733,B,mrac.pitch.theta_4,0.062475786
17.4733,B,mrac.pitch.theta_5,0.14492388
17.4733,B,mrac.pitch.u_nom,-0.03314301
17.4733,B,mrac.pitch.xm,-0.28438991
17.4733,B,mrac.roll.theta_0,0.14828357
17.4733,B,mrac.roll.theta_1,0.0016976795
17.4733,B,mrac.roll.theta_2,0.0042050094
17.4733,B,mrac.roll.theta_3,0.00031252389
17.4733,B,mrac.roll.theta_4,0.040784221
17.4733,B,mrac.roll.theta_5,0.049788795
17.4733,B,mrac.roll.u_nom,0.070329212
17.4733,B,mrac.roll.xm,0.10451818
17.4733,B,mrac.yaw.theta_0,1.7233557e-06
17.4733,B,mrac.yaw.theta_1,0.0016480769
17.4733,B,mrac.yaw.theta_2,2.3410807e-05
17.4733,B,mrac.yaw.theta_3,0
17.4733,B,mrac.yaw.theta_4,0.017778721
17.4733,B,mrac.yaw.theta_5,0.063989028
17.4733,B,mrac.yaw.u_nom,-0.030859381
17.4733,B,mrac.yaw.xm,-0.099423058
17.4733,B,mrac.z.theta_0,0.98197138
17.4733,B,mrac.z.theta_1,0.0041627102
17.4733,B,mrac.z.theta_2,0.0075907037
17.4733,B,mrac.z.theta_3,0
17.4733,B,mrac.z.theta_4,0.19912946
17.4733,B,mrac.z.theta_5,0.19729057
17.4733,B,mrac.z.u_nom,0.86728024
17.4733,B,mrac.z.xm,0.45078281
17.4733,B,path.active_path_mode,0
17.4733,B,path.circle_theta,0
17.4733,B,path.sinusoid_t_elapsed,0
17.4733,B,path.twc_arrived,0
17.4733,B,path.twc_target_x,0
17.4733,B,path.twc_target_y,0
17.4733,B,path.twc_target_z,0
17.4733,B,pid.gyrox.Des,5.9884481
17.4733,B,pid.gyrox.FB,-2.5551143
17.4733,B,pid.gyrox.U,82.285179
17.4733,B,pid.gyroy.Des,-16.294334
17.4733,B,pid.gyroy.FB,-2.198962
17.4733,B,pid.gyroy.U,-38.777321
17.4733,B,pid.gyroz.Des,-5.6965194
17.4733,B,pid.gyroz.FB,1.2655288
17.4733,B,pid.gyroz.U,-57.768761
17.4733,B,pid.locx.Des,0
17.4733,B,pid.locx.FB,1.7975425
17.4733,B,pid.locx.U,-3.4380479
17.4733,B,pid.locxs.Des,-3.4380479
17.4733,B,pid.locxs.FB,0.0001128975
17.4733,B,pid.locxs.U,-10.310711
17.4733,B,pid.locy.Des,0
17.4733,B,pid.locy.FB,40.310211
17.4733,B,pid.locy.U,-34.408173
17.4733,B,pid.locys.Des,-34.408173
17.4733,B,pid.locys.FB,3
17.4733,B,pid.locys.U,-112.41653
17.4733,B,pid.pitch.Des,-6.5377455
17.4733,B,pid.pitch.FB,-1.1621778
17.4733,B,pid.pitch.U,-16.294334
17.4733,B,pid.roll.Des,0.60201496
17.4733,B,pid.roll.FB,-1.3212088
17.4733,B,pid.roll.U,5.9884481
17.4733,B,pid.yaw.Des,-0.61393034
17.4733,B,pid.yaw.FB,0.002156185
17.4733,B,pid.yaw.U,-5.6965194
17.4733,B,pid.z_pos.Des,1.1493505
17.4733,B,pid.z_pos.FB,0.71966052
17.4733,B,pid.z_pos.U,0.45078281
17.4733,B,pid.z_rate.Des,0.45078281
17.4733,B,pid.z_rate.FB,-0.0008120506
17.4733,B,pid.z_rate.U,192.53621
17.4733,B,status.vbat,0
17.6774,A,mrac.pitch.e,0.29829356
17.6774,A,mrac.pitch.u_ad,-0.045166254
17.6774,A,mrac.roll.e,-0.18151724
17.6774,A,mrac.roll.u_ad,0.15526962
17.6774,A,mrac.yaw.e,0.10717128
17.6774,A,mrac.yaw.u_ad,-0.0082986541
17.6774,A,mrac.z.e,-0.45131597
17.6774,A,mrac.z.u_ad,1.2436396
17.6774,A,status.arm,1
17.6774,A,status.flymode,1
17.6774,A,status.rc_authority,0
17.6774,A,status.sbus_lost,0
17.6774,A,status.twc_arrived,0
17.6774,A,status.twc_execute,0
17.6777,B,mrac.pitch.theta_0,7.2894145e-40
17.6777,B,mrac.pitch.theta_1,0.0053551551
17.6777,B,mrac.pitch.theta_2,0.00035325062
17.6777,B,mrac.pitch.theta_3,0.00091304973
17.6777,B,mrac.pitch.theta_4,0.062600508
17.6777,B,mrac.pitch.theta_5,0.14496143
17.6777,B,mrac.pitch.u_nom,-0.0050908863
17.6777,B,mrac.pitch.xm,-0.28061843
17.6777,B,mrac.roll.theta_0,0.14847879
17.6777,B,mrac.roll.theta_1,0.0016822444
17.6777,B,mrac.roll.theta_2,0.004208968
17.6777,B,mrac.roll.theta_3,0.00031274144
17.6777,B,mrac.roll.theta_4,0.040848706
17.6777,B,mrac.roll.theta_5,0.049859364
17.6777,B,mrac.roll.u_nom,-0.066089407
17.6777,B,mrac.roll.xm,0.11859006
17.6777,B,mrac.yaw.theta_0,9.7840291e-07
17.6777,B,mrac.yaw.theta_1,0.0016430872
17.6777,B,mrac.yaw.theta_2,2.3401524e-05
17.6777,B,mrac.yaw.theta_3,0
17.6777,B,mrac.yaw.theta_4,0.017807582
17.6777,B,mrac.yaw.theta_5,0.064079612
17.6777,B,mrac.yaw.u_nom,-0.052893016
17.6777,B,mrac.yaw.xm,-0.11572002
17.6777,B,mrac.z.theta_0,0.98199284
17.6777,B,mrac.z.theta_1,0.0041594259
17.6777,B,mrac.z.theta_2,0.0075894576
17.6777,B,mrac.z.theta_3,0
17.6777,B,mrac.z.theta_4,0.19913192
17.6777,B,mrac.z.theta_5,0.19733511
17.6777,B,mrac.z.u_nom,0.86766213
17.6777,B,mrac.z.xm,0.45080462
17.6777,B,path.active_path_mode,0
17.6777,B,path.circle_theta,0
17.6777,B,path.sinusoid_t_elapsed,0
17.6777,B,path.twc_arrived,0
17.6777,B,path.twc_target_x,0
17.6777,B,path.twc_target_y,0
17.6777,B,path.twc_target_z,0
17.6777,B,pid.gyrox.Des,6.7947068
17.6777,B,pid.gyrox.FB,2.5730133
17.6777,B,pid.gyrox.U,-77.324608
17.6777,B,pid.gyroy.Des,-16.078245
17.6777,B,pid.gyroy.FB,-3.0018775
17.6777,B,pid.gyroy.U,-5.956337
17.6777,B,pid.gyroz.Des,-6.6302657
17.6777,B,pid.gyroz.FB,5.4929333
17.6777,B,pid.gyroz.U,-99.015724
17.6777,B,pid.locx.Des,0
17.6777,B,pid.locx.FB,1.8633816
17.6777,B,pid.locx.U,-3.4910092
17.6777,B,pid.locxs.Des,-3.4910092
17.6777,B,pid.locxs.FB,1.0082575
17.6777,B,pid.locxs.U,-13.380538
17.6777,B,pid.locy.Des,0
17.6777,B,pid.locy.FB,40.9701
17.6777,B,pid.locy.U,-34.920086
17.6777,B,pid.locys.Des,-34.920086
17.6777,B,pid.locys.FB,2.9972348
17.6777,B,pid.locys.U,-113.94351
17.6777,B,pid.pitch.Des,-6.6277618
17.6777,B,pid.pitch.FB,-1.2983165
17.6777,B,pid.pitch.U,-16.078245
17.6777,B,pid.roll.Des,0.76318753
17.6777,B,pid.roll.FB,-1.3507035
17.6777,B,pid.roll.U,6.7947068
17.6777,B,pid.yaw.Des,-0.61393034
17.6777,B,pid.yaw.FB,0.15778057
17.6777,B,pid.yaw.U,-6.6302657
17.6777,B,pid.z_pos.Des,1.1493505
17.6777,B,pid.z_pos.FB,0.7196151
17.6777,B,pid.z_pos.U,0.45080462
17.6777,B,pid.z_rate.Des,0.45080462
17.6777,B,pid.z_rate.FB,-0.0010021646
17.6777,B,pid.z_rate.U,192.62099
17.6777,B,status.vbat,0
17.8907,A,mrac.pitch.e,0.3441197
17.8907,A,mrac.pitch.u_ad,-0.045129295
17.8907,A,mrac.roll.e,0.093127728
17.8907,A,mrac.roll.u_ad,0.154055
17.8907,A,mrac.yaw.e,0.14317843
17.8907,A,mrac.yaw.u_ad,-0.0089158406
17.8907,A,mrac.z.e,-0.4504526
17.8907,A,mrac.z.u_ad,1.2435901
17.8907,A,status.arm,1
17.8907,A,status.flymode,1
17.8907,A,status.rc_authority,0
17.8907,A,status.sbus_lost,0
17.8907,A,status.twc_arrived,0
17.8907,A,status.twc_execute,0
17.8907,B,mrac.pitch.theta_0,1.5862558e-40
17.8907,B,mrac.pitch.theta_1,0.0053800163
17.8907,B,mrac.pitch.theta_2,0.00035287594
17.8907,B,mrac.pitch.theta_3,0.00091392826
17.8907,B,mrac.pitch.theta_4,0.062798157
17.8907,B,mrac.pitch.theta_5,0.14501546
17.8907,B,mrac.pitch.u_nom,-0.070670217
17.8907,B,mrac.pitch.xm,-0.27366555
17.8907,B,mrac.roll.theta_0,0.14844787
17.8907,B,mrac.roll.theta_1,0.0016774229
17.8907,B,mrac.roll.theta_2,0.00421103
17.8907,B,mrac.roll.theta_3,0.00031290713
17.8907,B,mrac.roll.theta_4,0.040915817
17.8907,B,mrac.roll.theta_5,0.049972296
17.8907,B,mrac.roll.u_nom,-0.086477757
17.8907,B,mrac.roll.xm,0.11136714
17.8907,B,mrac.yaw.theta_0,3.8258833e-07
17.8907,B,mrac.yaw.theta_1,0.0016416755
17.8907,B,mrac.yaw.theta_2,2.3389433e-05
17.8907,B,mrac.yaw.theta_3,0
17.8907,B,mrac.yaw.theta_4,0.017860023
17.8907,B,mrac.yaw.theta_5,0.064263627
17.8907,B,mrac.yaw.u_nom,-0.035776455
17.8907,B,mrac.yaw.xm,-0.13251743
17.8907,B,mrac.z.theta_0,0.98201865
17.8907,B,mrac.z.theta_1,0.0041539744
17.8907,B,mrac.z.theta_2,0.0075875716
17.8907,B,mrac.z.theta_3,0
17.8907,B,mrac.z.theta_4,0.19913536
17.8907,B,mrac.z.theta_5,0.19739926
17.8907,B,mrac.z.u_nom,0.86787379
17.8907,B,mrac.z.xm,0.45088506
17.8907,B,path.active_path_mode,0
17.8907,B,path.circle_theta,0
17.8907,B,path.sinusoid_t_elapsed,0
17.8907,B,path.twc_arrived,0
17.8907,B,path.twc_target_x,0
17.8907,B,path.twc_target_y,0
17.8907,B,path.twc_target_z,0
17.8907,B,pid.gyrox.Des,6.3808641
17.8907,B,pid.gyrox.FB,6.9353275
17.8907,B,pid.gyrox.U,-101.17898
17.8907,B,pid.gyroy.Des,-15.679874
17.8907,B,pid.gyroy.FB,-0.48619488
17.8907,B,pid.gyroy.U,-82.684151
17.8907,B,pid.gyroz.Des,-7.5926857
17.8907,B,pid.gyroz.FB,0.53003281
17.8907,B,pid.gyroz.U,-66.973526
17.8907,B,pid.locx.Des,0
17.8907,B,pid.locx.FB,1.8871454
17.8907,B,pid.locx.U,-3.5103035
17.8907,B,pid.locxs.Des,-3.5103035
17.8907,B,pid.locxs.FB,0.016659975
17.8907,B,pid.locxs.U,-10.578781
17.8907,B,pid.locy.Des,0
17.8907,B,pid.locy.FB,41.799995
17.8907,B,pid.locy.U,-35.547993
17.8907,B,pid.locys.Des,-35.547993
17.8907,B,pid.locys.FB,2.9999537
17.8907,B,pid.locys.U,-115.78786
17.8907,B,pid.pitch.Des,-6.7347407
17.8907,B,pid.pitch.FB,-1.4850574
17.8907,B,pid.pitch.U,-15.679874
17.8907,B,pid.roll.Des,0.58027792
17.8907,B,pid.roll.FB,-1.5134311
17.8907,B,pid.roll.U,6.3808641
17.8907,B,pid.yaw.Des,-0.61393034
17.8907,B,pid.yaw.FB,0.31818396
17.8907,B,pid.yaw.U,-7.5926857
17.8907,B,pid.z_pos.Des,1.1493505
17.8907,B,pid.z_pos.FB,0.71950704
17.8907,B,pid.z_pos.U,0.45088506
17.8907,B,pid.z_rate.Des,0.45088506
17.8907,B,pid.z_rate.FB,-0.0010392359
17.8907,B,pid.z_rate.U,192.66798
17.8907,B,status.vbat,0
18.0911,A,mrac.pitch.e,0.24605362
18.0911,A,mrac.pitch.u_ad,-0.045586836
18.0911,A,mrac.roll.e,-0.0071032122
18.0911,A,mrac.roll.u_ad,0.15435882
18.0911,A,mrac.yaw.e,0.12057511
18.0911,A,mrac.yaw.u_ad,-0.0087149367
18.0911,A,mrac.z.e,-0.51505768
18.0911,A,mrac.z.u_ad,1.2725778
18.0911,A,status.arm,1
18.0911,A,status.flymode,1
18.0911,A,status.rc_authority,0
18.0911,A,status.sbus_lost,0
18.0911,A,status.twc_arrived,0
18.0911,A,status.twc_execute,0
18.0912,B,mrac.pitch.theta_0,5.2344103e-41
18.0912,B,mrac.pitch.theta_1,0.0053447098
18.0912,B,mrac.pitch.theta_2,0.00035256054
18.0912,B,mrac.pitch.theta_3,0.0009152799
18.0912,B,mrac.pitch.theta_4,0.062943257
18.0912,B,mrac.pitch.theta_5,0.14505586
18.0912,B,mrac.pitch.u_nom,-0.0046761734
18.0912,B,mrac.pitch.xm,-0.29193011
18.0912,B,mrac.roll.theta_0,0.1481986
18.0912,B,mrac.roll.theta_1,0.001657965
18.0912,B,mrac.roll.theta_2,0.0042135571
18.0912,B,mrac.roll.theta_3,0.00031315841
18.0912,B,mrac.roll.theta_4,0.04098535
18.0912,B,mrac.roll.theta_5,0.050042756
18.0912,B,mrac.roll.u_nom,0.13927521
18.0912,B,mrac.roll.xm,0.098184362
18.0912,B,mrac.yaw.theta_0,2.1500236e-07
18.0912,B,mrac.yaw.theta_1,0.0016476866
18.0912,B,mrac.yaw.theta_2,2.3380582e-05
18.0912,B,mrac.yaw.theta_3,0
18.0912,B,mrac.yaw.theta_4,0.017889468
18.0912,B,mrac.yaw.theta_5,0.06437467
18.0912,B,mrac.yaw.u_nom,-0.042789541
18.0912,B,mrac.yaw.xm,-0.12795189
18.0912,B,mrac.z.theta_0,0.9820323
18.0912,B,mrac.z.theta_1,0.0041538207
18.0912,B,mrac.z.theta_2,0.0075862892
18.0912,B,mrac.z.theta_3,0
18.0912,B,mrac.z.theta_4,0.19913739
18.0912,B,mrac.z.theta_5,0.19744062
18.0912,B,mrac.z.u_nom,0.86474448
18.0912,B,mrac.z.xm,0.45081189
18.0912,B,path.active_path_mode,0
18.0912,B,path.circle_theta,0
18.0912,B,path.sinusoid_t_elapsed,0
18.0912,B,path.twc_arrived,0
18.0912,B,path.twc_target_x,0
18.0912,B,path.twc_target_y,0
18.0912,B,path.twc_target_z,0
18.0912,B,pid.gyrox.Des,5.6255474
18.0912,B,pid.gyrox.FB,-6.6384273
18.0912,B,pid.gyrox.U,162.952
18.0912,B,pid.gyroy.Des,-16.726357
18.0912,B,pid.gyroy.FB,-3.5452597
18.0912,B,pid.gyroy.U,-5.4711227
18.0912,B,pid.gyroz.Des,-7.3311005
18.0912,B,pid.gyroz.FB,2.422334
18.0912,B,pid.gyroz.U,-80.10202
18.0912,B,pid.locx.Des,0
18.0912,B,pid.locx.FB,1.8897251
18.0912,B,pid.locx.U,-3.5124736
18.0912,B,pid.locxs.Des,-3.5124736
18.0912,B,pid.locxs.FB,0.014377247
18.0912,B,pid.locxs.U,-10.584934
18.0912,B,pid.locy.Des,0
18.0912,B,pid.locy.FB,42.389992
18.0912,B,pid.locy.U,-36.055996
18.0912,B,pid.locys.Des,-36.055996
18.0912,B,pid.locys.FB,2.9999654
18.0912,B,pid.locys.U,-117.35985
18.0912,B,pid.pitch.Des,-6.8253279
18.0912,B,pid.pitch.FB,-1.2634381
18.0912,B,pid.pitch.U,-16.726357
18.0912,B,pid.roll.Des,0.58539915
18.0912,B,pid.roll.FB,-1.3466074
18.0912,B,pid.roll.U,5.6255474
18.0912,B,pid.yaw.Des,-0.61393034
18.0912,B,pid.yaw.FB,0.27458644
18.0912,B,pid.yaw.U,-7.3311005
18.0912,B,pid.z_pos.Des,1.1493505
18.0912,B,pid.z_pos.FB,0.71962613
18.0912,B,pid.z_pos.U,0.45081189
18.0912,B,pid.z_rate.Des,0.45081189
18.0912,B,pid.z_rate.FB,0.00062436785
18.0912,B,pid.z_rate.U,191.97328
18.0912,B,status.vbat,0
18.3068,A,mrac.pitch.e,0.32740462
18.3068,A,mrac.pitch.u_ad,-0.046527762
18.3068,A,mrac.roll.e,-0.13196614
18.3068,A,mrac.roll.u_ad,0.15485047
18.3068,A,mrac.yaw.e,0.10104315
18.3068,A,mrac.yaw.u_ad,-0.0077845245
18.3068,A,mrac.z.e,-0.45704207
18.3068,A,mrac.z.u_ad,1.2481358
18.3068,A,status.arm,1
18.3068,A,status.flymode,1
18.3068,A,status.rc_authority,0
18.3068,A,status.sbus_lost,0
18.3068,A,status.twc_arrived,0
18.3068,A,status.twc_execute,0
18.3068,B,mrac.pitch.theta_0,1.1978299e-41
18.3068,B,mrac.pitch.theta_1,0.0054442016
18.3068,B,mrac.pitch.theta_2,0.00035208985
18.3068,B,mrac.pitch.theta_3,0.00091647782
18.3068,B,mrac.pitch.theta_4,0.06312605
18.3068,B,mrac.pitch.theta_5,0.14510819
18.3068,B,mrac.pitch.u_nom,-0.15726581
18.3068,B,mrac.pitch.xm,-0.28394386
18.3068,B,mrac.roll.theta_0,0.1479366
18.3068,B,mrac.roll.theta_1,0.0016442076
18.3068,B,mrac.roll.theta_2,0.0042185569
18.3068,B,mrac.roll.theta_3,0.0003136138
18.3068,B,mrac.roll.theta_4,0.041083474
18.3068,B,mrac.roll.theta_5,0.050167568
18.3068,B,mrac.roll.u_nom,-0.080595896
18.3068,B,mrac.roll.xm,0.10891266
18.3068,B,mrac.yaw.theta_0,1.0061388e-07
18.3068,B,mrac.yaw.theta_1,0.0016597882
18.3068,B,mrac.yaw.theta_2,2.3371684e-05
18.3068,B,mrac.yaw.theta_3,0
18.3068,B,mrac.yaw.theta_4,0.01792456
18.3068,B,mrac.yaw.theta_5,0.06451644
18.3068,B,mrac.yaw.u_nom,-0.027212404
18.3068,B,mrac.yaw.xm,-0.11332622
18.3068,B,mrac.z.theta_0,0.98198825
18.3068,B,mrac.z.theta_1,0.004040855
18.3068,B,mrac.z.theta_2,0.0075951563
18.3068,B,mrac.z.theta_3,0
18.3068,B,mrac.z.theta_4,0.19914748
18.3068,B,mrac.z.theta_5,0.19749843
18.3068,B,mrac.z.u_nom,0.88164699
18.3068,B,mrac.z.xm,0.4579154
18.3068,B,path.active_path_mode,0
18.3068,B,path.circle_theta,0
18.3068,B,path.sinusoid_t_elapsed,0
18.3068,B,path.twc_arrived,0
18.3068,B,path.twc_target_x,0
18.3068,B,path.twc_target_y,0
18.3068,B,path.twc_target_z,0
18.3068,B,pid.gyrox.Des,6.2402334
18.3068,B,pid.gyrox.FB,9.2375679
18.3068,B,pid.gyrox.U,-94.297195
18.3068,B,pid.gyroy.Des,-16.268778
18.3068,B,pid.gyroy.FB,5.965765
18.3068,B,pid.gyroy.U,-184.00099
18.3068,B,pid.gyroz.Des,-6.4931116
18.3068,B,pid.gyroz.FB,-0.36816201
18.3068,B,pid.gyroz.U,-50.94162
18.3068,B,pid.locx.Des,0
18.3068,B,pid.locx.FB,2.0786469
18.3068,B,pid.locx.U,-3.6992278
18.3068,B,pid.locxs.Des,-3.6992278
18.3068,B,pid.locxs.FB,1.0070617
18.3068,B,pid.locxs.U,-14.170222
18.3068,B,pid.locy.Des,0
18.3068,B,pid.locy.FB,43.389328
18.3068,B,pid.locy.U,-36.855385
18.3068,B,pid.locys.Des,-36.855385
18.3068,B,pid.locys.FB,2.9976368
18.3068,B,pid.locys.U,-122.75191
18.3068,B,pid.pitch.Des,-7.134603
18.3068,B,pid.pitch.FB,-1.7025181
18.3068,B,pid.pitch.U,-16.268778
18.3068,B,pid.roll.Des,0.81059909
18.3068,B,pid.roll.FB,-1.3737949
18.3068,B,pid.roll.U,6.2402334
18.3068,B,pid.yaw.Des,-0.61393034
18.3068,B,pid.yaw.FB,0.1349216
18.3068,B,pid.yaw.U,-6.4931116
18.3068,B,pid.z_pos.Des,1.1493505
18.3068,B,pid.z_pos.FB,0.70948255
18.3068,B,pid.z_pos.U,0.4579154
18.3068,B,pid.z_rate.Des,0.4579154
18.3068,B,pid.z_rate.FB,-0.0016530133
18.3068,B,pid.z_rate.U,195.72563
18.3068,B,status.vbat,0
18.5068,A,mrac.pitch.e,0.34072208
18.5068,A,mrac.pitch.u_ad,-0.042807646
18.5068,A,mrac.roll.e,-0.19690353
18.5068,A,mrac.roll.u_ad,0.1547856
18.5068,A,mrac.yaw.e,0.099932134
18.5068,A,mrac.yaw.u_ad,-0.0078573246
18.5068,A,mrac.z.e,-0.45802465
18.5068,A,mrac.z.u_ad,1.2475822
18.5068,A,status.arm,1
18.5068,A,status.flymode,1
18.5068,A,status.rc_authority,0
18.5068,A,status.sbus_lost,0
18.5068,A,status.twc_arrived,0
18.5068,A,status.twc_execute,0
18.5068,B,mrac.pitch.theta_0,4.4070837e-42
18.5068,B,mrac.pitch.theta_1,0.0054653846
18.5068,B,mrac.pitch.theta_2,0.00035166449
18.5068,B,mrac.pitch.theta_3,0.00091651786
18.5068,B,mrac.pitch.theta_4,0.063253812
18.5068,B,mrac.pitch.theta_5,0.14514309
18.5068,B,mrac.pitch.u_nom,-0.1554731
18.5068,B,mrac.pitch.xm,-0.27562666
18.5068,B,mrac.roll.theta_0,0.14769451
18.5068,B,mrac.roll.theta_1,0.0016357623
18.5068,B,mrac.roll.theta_2,0.0042193336
18.5068,B,mrac.roll.theta_3,0.00031365745
18.5068,B,mrac.roll.theta_4,0.041144125
18.5068,B,mrac.roll.theta_5,0.05024872
18.5068,B,mrac.roll.u_nom,0.13844351
18.5068,B,mrac.roll.xm,0.20434344
18.5068,B,mrac.yaw.theta_0,6.1144767e-08
18.5068,B,mrac.yaw.theta_1,0.0016632627
18.5068,B,mrac.yaw.theta_2,2.3366929e-05
18.5068,B,mrac.yaw.theta_3,0
18.5068,B,mrac.yaw.theta_4,0.01794542
18.5068,B,mrac.yaw.theta_5,0.064597093
18.5068,B,mrac.yaw.u_nom,-0.03136944
18.5068,B,mrac.yaw.xm,-0.11236289
18.5068,B,mrac.z.theta_0,0.98199993
18.5068,B,mrac.z.theta_1,0.0040402063
18.5068,B,mrac.z.theta_2,0.0075939014
18.5068,B,mrac.z.theta_3,0
18.5068,B,mrac.z.theta_4,0.19914944
18.5068,B,mrac.z.theta_5,0.19753593
18.5068,B,mrac.z.u_nom,0.87958002
18.5068,B,mrac.z.xm,0.45785454
18.5068,B,path.active_path_mode,0
18.5068,B,path.circle_theta,0
18.5068,B,path.sinusoid_t_elapsed,0
18.5068,B,path.twc_arrived,0
18.5068,B,path.twc_target_x,0
18.5068,B,path.twc_target_y,0
18.5068,B,path.twc_target_z,0
18.5068,B,pid.gyrox.Des,11.708012
18.5068,B,pid.gyrox.FB,-0.35111088
18.5068,B,pid.gyrox.U,161.97891
18.5068,B,pid.gyroy.Des,-15.792238
18.5068,B,pid.gyroy.FB,0.47233519
18.5068,B,pid.gyroy.U,-181.90352
18.5068,B,pid.gyroz.Des,-6.4379168
18.5068,B,pid.gyroz.FB,0.65533841
18.5068,B,pid.gyroz.U,-58.723595
18.5068,B,pid.locx.Des,0
18.5068,B,pid.locx.FB,2.3145468
18.5068,B,pid.locx.U,-3.9318938
18.5068,B,pid.locxs.Des,-3.9318938
18.5068,B,pid.locxs.FB,2.006578
18.5068,B,pid.locxs.U,-23.91769
18.5068,B,pid.locy.Des,0
18.5068,B,pid.locy.FB,43.898907
18.5068,B,pid.locy.U,-37.238953
18.5068,B,pid.locys.Des,-37.238953
18.5068,B,pid.locys.FB,2.9956043
18.5068,B,pid.locys.U,-120.83226
18.5068,B,pid.pitch.Des,-7.025744
18.5068,B,pid.pitch.FB,-1.6102618
18.5068,B,pid.pitch.U,-15.792238
18.5068,B,pid.roll.Des,1.3810948
18.5068,B,pid.roll.FB,-1.2055013
18.5068,B,pid.roll.U,11.708012
18.5068,B,pid.yaw.Des,-0.61393034
18.5068,B,pid.yaw.FB,0.12572248
18.5068,B,pid.yaw.U,-6.4379168
18.5068,B,pid.z_pos.Des,1.1493505
18.5068,B,pid.z_pos.FB,0.70956254
18.5068,B,pid.z_pos.U,0.45785454
18.5068,B,pid.z_rate.Des,0.45785454
18.5068,B,pid.z_rate.FB,-0.00056672574
18.5068,B,pid.z_rate.U,195.26677
18.5068,B,status.vbat,0
18.7072,A,mrac.pitch.e,0.26536125
18.7072,A,mrac.pitch.u_ad,-0.043185387
18.7072,A,mrac.roll.e,-0.073222205
18.7072,A,mrac.roll.u_ad,0.15580194
18.7072,A,mrac.yaw.e,0.095449328
18.7072,A,mrac.yaw.u_ad,-0.0070482641
18.7072,A,mrac.z.e,-0.44721961
18.7072,A,mrac.z.u_ad,1.2388064
18.7072,A,status.arm,1
18.7072,A,status.flymode,1
18.7072,A,status.rc_authority,0
18.7072,A,status.sbus_lost,0
18.7072,A,status.twc_arrived,0
18.7072,A,status.twc_execute,0
18.7072,B,mrac.pitch.theta_0,1.018744e-42
18.7072,B,mrac.pitch.theta_1,0.0054985867
18.7072,B,mrac.pitch.theta_2,0.0003511993
18.7072,B,mrac.pitch.theta_3,0.00091701036
18.7072,B,mrac.pitch.theta_4,0.063431323
18.7072,B,mrac.pitch.theta_5,0.14518547
18.7072,B,mrac.pitch.u_nom,-0.060862537
18.7072,B,mrac.pitch.xm,-0.27193341
18.7072,B,mrac.roll.theta_0,0.1481452
18.7072,B,mrac.roll.theta_1,0.0016166532
18.7072,B,mrac.roll.theta_2,0.0042239451
18.7072,B,mrac.roll.theta_3,0.0003139227
18.7072,B,mrac.roll.theta_4,0.041243408
18.7072,B,mrac.roll.theta_5,0.050423857
18.7072,B,mrac.roll.u_nom,0.11530914
18.7072,B,mrac.roll.xm,0.12047803
18.7072,B,mrac.yaw.theta_0,3.0798891e-08
18.7072,B,mrac.yaw.theta_1,0.00167029
18.7072,B,mrac.yaw.theta_2,2.3360104e-05
18.7072,B,mrac.yaw.theta_3,0
18.7072,B,mrac.yaw.theta_4,0.017973289
18.7072,B,mrac.yaw.theta_5,0.064707264
18.7072,B,mrac.yaw.u_nom,-0.024815116
18.7072,B,mrac.yaw.xm,-0.10136713
18.7072,B,mrac.z.theta_0,0.98194176
18.7072,B,mrac.z.theta_1,0.0045294315
18.7072,B,mrac.z.theta_2,0.0076022549
18.7072,B,mrac.z.theta_3,0
18.7072,B,mrac.z.theta_4,0.19914228
18.7072,B,mrac.z.theta_5,0.19758578
18.7072,B,mrac.z.u_nom,0.85291249
18.7072,B,mrac.z.xm,0.45085391
18.7072,B,path.active_path_mode,0
18.7072,B,path.circle_theta,0
18.7072,B,path.sinusoid_t_elapsed,0
18.7072,B,path.twc_arrived,0
18.7072,B,path.twc_target_x,0
18.7072,B,path.twc_target_y,0
18.7072,B,path.twc_target_z,0
18.7072,B,pid.gyrox.Des,6.9028802
18.7072,B,pid.gyrox.FB,0.25358802
18.7072,B,pid.gyrox.U,134.9117
18.7072,B,pid.gyroy.Des,-15.580629
18.7072,B,pid.gyroy.FB,-1.0119258
18.7072,B,pid.gyroy.U,-71.209167
18.7072,B,pid.gyroz.Des,-5.8079062
18.7072,B,pid.gyroz.FB,-0.25178096
18.7072,B,pid.gyroz.U,-46.453896
18.7072,B,pid.locx.Des,0
18.7072,B,pid.locx.FB,2.8154457
18.7072,B,pid.locx.U,-4.3323717
18.7072,B,pid.locxs.Des,-4.3323717
18.7072,B,pid.locxs.FB,2.0003614
18.7072,B,pid.locxs.U,-19.093626
18.7072,B,pid.locy.Des,0
18.7072,B,pid.locy.FB,44.388084
18.7072,B,pid.locy.U,-37.550446
18.7072,B,pid.locys.Des,-37.550446
18.7072,B,pid.locys.FB,0.99927664
18.7072,B,pid.locys.U,-115.69835
18.7072,B,pid.pitch.Des,-6.7273798
18.7072,B,pid.pitch.FB,-1.5565863
18.7072,B,pid.pitch.U,-15.580629
18.7072,B,pid.roll.Des,1.1125587
18.7072,B,pid.roll.FB,-1.2734613
18.7072,B,pid.roll.U,6.9028802
18.7072,B,pid.yaw.Des,-0.61393034
18.7072,B,pid.yaw.FB,0.020720709
18.7072,B,pid.yaw.U,-5.8079062
18.7072,B,pid.z_pos.Des,1.1493505
18.7072,B,pid.z_pos.FB,0.71955651
18.7072,B,pid.z_pos.U,0.45085391
18.7072,B,pid.z_rate.Des,0.45085391
18.7072,B,pid.z_rate.FB,0.007233161
18.7072,B,pid.z_rate.U,189.34657
18.7072,B,status.vbat,0
18.9246,A,mrac.pitch.e,0.34143096
18.9246,A,mrac.pitch.u_ad,-0.043183379
18.9246,A,mrac.roll.e,-0.14033289
18.9246,A,mrac.roll.u_ad,0.1558757
18.9246,A,mrac.yaw.e,0.11126901
18.9246,A,mrac.yaw.u_ad,-0.0055893767
18.9246,A,mrac.z.e,-0.45034513
18.9246,A,mrac.z.u_ad,1.2432022
18.9246,A,status.arm,1
18.9246,A,status.flymode,1
18.9246,A,status.rc_authority,0
18.9246,A,status.sbus_lost,0
18.9246,A,status.twc_arrived,0
18.9246,A,status.twc_execute,0
18.9246,B,mrac.pitch.theta_0,3.9937006e-43
18.9246,B,mrac.pitch.theta_1,0.0055320929
18.9246,B,mrac.pitch.theta_2,0.00035095064
18.9246,B,mrac.pitch.theta_3,0.0009175539
18.9246,B,mrac.pitch.theta_4,0.063538961
18.9246,B,mrac.pitch.theta_5,0.14520919
18.9246,B,mrac.pitch.u_nom,-0.059274428
18.9246,B,mrac.pitch.xm,-0.26641342
18.9246,B,mrac.roll.theta_0,0.14839584
18.9246,B,mrac.roll.theta_1,0.0016181581
18.9246,B,mrac.roll.theta_2,0.0042279325
18.9246,B,mrac.roll.theta_3,0.00031404267
18.9246,B,mrac.roll.theta_4,0.041305173
18.9246,B,mrac.roll.theta_5,0.05051595
18.9246,B,mrac.roll.u_nom,0.13849753
18.9246,B,mrac.roll.xm,0.11969072
18.9246,B,mrac.yaw.theta_0,2.1630717e-08
18.9246,B,mrac.yaw.theta_1,0.0016761844
18.9246,B,mrac.yaw.theta_2,2.3356595e-05
18.9246,B,mrac.yaw.theta_3,0
18.9246,B,mrac.yaw.theta_4,0.017983956
18.9246,B,mrac.yaw.theta_5,0.064753994
18.9246,B,mrac.yaw.u_nom,-0.02509822
18.9246,B,mrac.yaw.xm,-0.085641004
18.9246,B,mrac.z.theta_0,0.98196799
18.9246,B,mrac.z.theta_1,0.0045467159
18.9246,B,mrac.z.theta_2,0.0076010143
18.9246,B,mrac.z.theta_3,0
18.9246,B,mrac.z.theta_4,0.19914342
18.9246,B,mrac.z.theta_5,0.19761842
18.9246,B,mrac.z.u_nom,0.86568707
18.9246,B,mrac.z.xm,0.45081651
18.9246,B,path.active_path_mode,0
18.9246,B,path.circle_theta,0
18.9246,B,path.sinusoid_t_elapsed,0
18.9246,B,path.twc_arrived,0
18.9246,B,path.twc_target_x,0
18.9246,B,path.twc_target_y,0
18.9246,B,path.twc_target_z,0
18.9246,B,pid.gyrox.Des,6.85777
18.9246,B,pid.gyrox.FB,-6.1276503
18.9246,B,pid.gyrox.U,162.04211
18.9246,B,pid.gyroy.Des,-15.264359
18.9246,B,pid.gyroy.FB,1.1977201
18.9246,B,pid.gyroy.U,-69.351082
18.9246,B,pid.gyroz.Des,-4.9068661
18.9246,B,pid.gyroz.FB,0.71036446
18.9246,B,pid.gyroz.U,-46.983868
18.9246,B,pid.locx.Des,0
18.9246,B,pid.locx.FB,3.1454525
18.9246,B,pid.locx.U,-4.5883617
18.9246,B,pid.locxs.Des,-4.5883617
18.9246,B,pid.locxs.FB,1.9999949
18.9246,B,pid.locxs.U,-19.861061
18.9246,B,pid.locy.Des,0
18.9246,B,pid.locy.FB,44.433292
18.9246,B,pid.locy.U,-37.546783
18.9246,B,pid.locys.Des,-37.546783
18.9246,B,pid.locys.FB,0.0045187431
18.9246,B,pid.locys.U,-112.65859
18.9246,B,pid.pitch.Des,-6.5496564
18.9246,B,pid.pitch.FB,-1.5216678
18.9246,B,pid.pitch.U,-15.264359
18.9246,B,pid.roll.Des,1.1746812
18.9246,B,pid.roll.FB,-1.0759473
18.9246,B,pid.roll.U,6.85777
18.9246,B,pid.yaw.Des,-0.61393034
18.9246,B,pid.yaw.FB,-0.12945266
18.9246,B,pid.yaw.U,-4.9068661
18.9246,B,pid.z_pos.Des,1.1493505
18.9246,B,pid.z_pos.FB,0.71961915
18.9246,B,pid.z_pos.U,0.45081651
18.9246,B,pid.z_rate.Des,0.45081651
18.9246,B,pid.z_rate.FB,0.00010589288
18.9246,B,pid.z_rate.U,192.18253
18.9246,B,status.vbat,0
19.1405,A,mrac.pitch.e,0.30410644
19.1405,A,mrac.pitch.u_ad,-0.042985708
19.1405,A,mrac.roll.e,-0.084667265
19.1405,A,mrac.roll.u_ad,0.15534407
19.1405,A,mrac.yaw.e,0.0024421997
19.1405,A,mrac.yaw.u_ad,-0.0045260973
19.1405,A,mrac.z.e,-0.45877063
19.1405,A,mrac.z.u_ad,1.250017
19.1405,A,status.arm,1
19.1405,A,status.flymode,1
19.1405,A,status.rc_authority,0
19.1405,A,status.sbus_lost,0
19.1405,A,status.twc_arrived,0
19.1405,A,status.twc_execute,0
19.1405,B,mrac.pitch.theta_0,8.1275311e-44
19.1405,B,mrac.pitch.theta_1,0.0055025616
19.1405,B,mrac.pitch.theta_2,0.00035038681
19.1405,B,mrac.pitch.theta_3,0.00091886654
19.1405,B,mrac.pitch.theta_4,0.063741341
19.1405,B,mrac.pitch.theta_5,0.14524931
19.1405,B,mrac.pitch.u_nom,-0.13017474
19.1405,B,mrac.pitch.xm,-0.26461342
19.1405,B,mrac.roll.theta_0,0.14800766
19.1405,B,mrac.roll.theta_1,0.0016187044
19.1405,B,mrac.roll.theta_2,0.0042299493
19.1405,B,mrac.roll.theta_3,0.00031423502
19.1405,B,mrac.roll.theta_4,0.041404277
19.1405,B,mrac.roll.theta_5,0.050655592
19.1405,B,mrac.roll.u_nom,0.12305605
19.1405,B,mrac.roll.xm,0.10809016
19.1405,B,mrac.yaw.theta_0,1.4668727e-08
19.1405,B,mrac.yaw.theta_1,0.0016773429
19.1405,B,mrac.yaw.theta_2,2.3352532e-05
19.1405,B,mrac.yaw.theta_3,0
19.1405,B,mrac.yaw.theta_4,0.017993627
19.1405,B,mrac.yaw.theta_5,0.064788677
19.1405,B,mrac.yaw.u_nom,-0.014360329
19.1405,B,mrac.yaw.xm,-0.066284202
19.1405,B,mrac.z.theta_0,0.98194122
19.1405,B,mrac.z.theta_1,0.0044267233
19.1405,B,mrac.z.theta_2,0.0076096696
19.1405,B,mrac.z.theta_3,0
19.1405,B,mrac.z.theta_4,0.19915274
19.1405,B,mrac.z.theta_5,0.19766867
19.1405,B,mrac.z.u_nom,0.88303268
19.1405,B,mrac.z.xm,0.45777628
19.1405,B,path.active_path_mode,0
19.1405,B,path.circle_theta,0
19.1405,B,path.sinusoid_t_elapsed,0
19.1405,B,path.twc_arrived,0
19.1405,B,path.twc_target_x,0
19.1405,B,path.twc_target_y,0
19.1405,B,path.twc_target_z,0
19.1405,B,pid.gyrox.Des,6.1931076
19.1405,B,pid.gyrox.FB,-2.2540576
19.1405,B,pid.gyrox.U,143.97559
19.1405,B,pid.gyroy.Des,-15.161225
19.1405,B,pid.gyroy.FB,6.2711086
19.1405,B,pid.gyroy.U,-152.30444
19.1405,B,pid.gyroz.Des,-3.7978036
19.1405,B,pid.gyroz.FB,-0.68283993
19.1405,B,pid.gyroz.U,-26.882536
19.1405,B,pid.locx.Des,0
19.1405,B,pid.locx.FB,3.8904438
19.1405,B,pid.locx.U,-5.1843534
19.1405,B,pid.locxs.Des,-5.1843534
19.1405,B,pid.locxs.FB,1.99997
19.1405,B,pid.locxs.U,-24.648926
19.1405,B,pid.locy.Des,0
19.1405,B,pid.locy.FB,44.436314
19.1405,B,pid.locy.U,-37.54945
19.1405,B,pid.locys.Des,-37.54945
19.1405,B,pid.locys.FB,0.010970951
19.1405,B,pid.locys.U,-112.69823
19.1405,B,pid.pitch.Des,-6.5472202
19.1405,B,pid.pitch.FB,-1.5310889
19.1405,B,pid.pitch.U,-15.161225
19.1405,B,pid.roll.Des,1.4753689
19.1405,B,pid.roll.FB,-0.76352459
19.1405,B,pid.roll.U,6.1931076
19.1405,B,pid.yaw.Des,-0.61393034
19.1405,B,pid.yaw.FB,-0.31429639
19.1405,B,pid.yaw.U,-3.7978036
19.1405,B,pid.z_pos.Des,1.1493505
19.1405,B,pid.z_pos.FB,0.70968342
19.1405,B,pid.z_pos.U,0.45777628
19.1405,B,pid.z_rate.Des,0.45777628
19.1405,B,pid.z_rate.FB,-0.0025611895
19.1405,B,pid.z_rate.U,196.03325
19.1405,B,status.vbat,0
19.3412,A,mrac.pitch.e,0.35149395
19.3412,A,mrac.pitch.u_ad,-0.04242656
19.3412,A,mrac.roll.e,-0.15994141
19.3412,A,mrac.roll.u_ad,0.15411922
19.3412,A,mrac.yaw.e,0.088882461
19.3412,A,mrac.yaw.u_ad,-0.0031995978
19.3412,A,mrac.z.e,-0.39399567
19.3412,A,mrac.z.u_ad,1.218586
19.3412,A,status.arm,1
19.3412,A,status.flymode,1
19.3412,A,status.rc_authority,0
19.3412,A,status.sbus_lost,0
19.3412,A,status.twc_arrived,0
19.3412,A,status.twc_execute,0
19.3413,B,mrac.pitch.theta_0,2.6624671e-44
19.3413,B,mrac.pitch.theta_1,0.0054800441
19.3413,B,mrac.pitch.theta_2,0.00035009577
19.3413,B,mrac.pitch.theta_3,0.00091967871
19.3413,B,mrac.pitch.theta_4,0.063860267
19.3413,B,mrac.pitch.theta_5,0.14527467
19.3413,B,mrac.pitch.u_nom,-0.11400962
19.3413,B,mrac.pitch.xm,-0.16113953
19.3413,B,mrac.roll.theta_0,0.1478325
19.3413,B,mrac.roll.theta_1,0.0016066649
19.3413,B,mrac.roll.theta_2,0.0042322385
19.3413,B,mrac.roll.theta_3,0.00031435522
19.3413,B,mrac.roll.theta_4,0.041473724
19.3413,B,mrac.roll.theta_5,0.050741624
19.3413,B,mrac.roll.u_nom,0.0048543848
19.3413,B,mrac.roll.xm,0.0067158709
19.3413,B,mrac.yaw.theta_0,1.3702277e-08
19.3413,B,mrac.yaw.theta_1,0.0016765402
19.3413,B,mrac.yaw.theta_2,2.3351628e-05
19.3413,B,mrac.yaw.theta_3,0
19.3413,B,mrac.yaw.theta_4,0.017995063
19.3413,B,mrac.yaw.theta_5,0.064791806
19.3413,B,mrac.yaw.u_nom,-0.00054241455
19.3413,B,mrac.yaw.xm,-0.048025902
19.3413,B,mrac.z.theta_0,0.98196095
19.3413,B,mrac.z.theta_1,0.0044220299
19.3413,B,mrac.z.theta_2,0.0076084114
19.3413,B,mrac.z.theta_3,0
19.3413,B,mrac.z.theta_4,0.19915424
19.3413,B,mrac.z.theta_5,0.19769919
19.3413,B,mrac.z.u_nom,0.87849754
19.3413,B,mrac.z.xm,0.45775297
19.3413,B,path.active_path_mode,0
19.3413,B,path.circle_theta,0
19.3413,B,path.sinusoid_t_elapsed,0
19.3413,B,path.twc_arrived,0
19.3413,B,path.twc_target_x,0
19.3413,B,path.twc_target_y,0
19.3413,B,path.twc_target_z,0
19.3413,B,pid.gyrox.Des,0.3847909
19.3413,B,pid.gyrox.FB,3.0598621
19.3413,B,pid.gyrox.U,5.6796303
19.3413,B,pid.gyroy.Des,-9.2326117
19.3413,B,pid.gyroy.FB,8.1522274
19.3413,B,pid.gyroy.U,-133.39125
19.3413,B,pid.gyroz.Des,-2.7516804
19.3413,B,pid.gyroz.FB,-2.8686585
19.3413,B,pid.gyroz.U,-1.0154001
19.3413,B,pid.locx.Des,0
19.3413,B,pid.locx.FB,4.22052
19.3413,B,pid.locx.U,-5.4567518
19.3413,B,pid.locxs.Des,-5.4567518
19.3413,B,pid.locxs.FB,1.0084921
19.3413,B,pid.locxs.U,-13.545531
19.3413,B,pid.locy.Des,0
19.3413,B,pid.locy.FB,44.428825
19.3413,B,pid.locy.U,-37.503738
19.3413,B,pid.locys.Des,-37.503738
19.3413,B,pid.locys.FB,-0.99143517
19.3413,B,pid.locys.U,-103.20105
19.3413,B,pid.pitch.Des,-5.9999628
19.3413,B,pid.pitch.FB,-1.44347
19.3413,B,pid.pitch.U,-9.2326117
19.3413,B,pid.roll.Des,0.84246987
19.3413,B,pid.roll.FB,-0.81653005
19.3413,B,pid.roll.U,0.3847909
19.3413,B,pid.yaw.Des,-0.61393034
19.3413,B,pid.yaw.FB,-0.48865026
19.3413,B,pid.yaw.U,-2.7516804
19.3413,B,pid.z_pos.Des,1.1493505
19.3413,B,pid.z_pos.FB,0.70970255
19.3413,B,pid.z_pos.U,0.45775297
19.3413,B,pid.z_rate.Des,0.45775297
19.3413,B,pid.z_rate.FB,-6.7516696e-05
19.3413,B,pid.z_rate.U,195.02646
19.3413,B,status.vbat,0
19.5577,A,mrac.pitch.e,0.30335
19.5577,A,mrac.pitch.u_ad,-0.042420182
19.5577,A,mrac.roll.e,-0.10974941
19.5577,A,mrac.roll.u_ad,0.15387318
19.5577,A,mrac.yaw.e,0.033569824
19.5577,A,mrac.yaw.u_ad,-0.0015151876
19.5577,A,mrac.z.e,-0.45055884
19.5577,A,mrac.z.u_ad,1.2424477
19.5577,A,status.arm,1
19.5577,A,status.flymode,1
19.5577,A,status.rc_authority,0
19.5577,A,status.sbus_lost,0
19.5577,A,status.twc_arrived,0
19.5577,A,status.twc_execute,0
19.5577,B,mrac.pitch.theta_0,1.821688e-44
19.5577,B,mrac.pitch.theta_1,0.0054100621
19.5577,B,mrac.pitch.theta_2,0.00034947367
19.5577,B,mrac.pitch.theta_3,0.00092073181
19.5577,B,mrac.pitch.theta_4,0.064057603
19.5577,B,mrac.pitch.theta_5,0.14531144
19.5577,B,mrac.pitch.u_nom,-0.023520077
19.5577,B,mrac.pitch.xm,-0.26116836
19.5577,B,mrac.roll.theta_0,0.14751023
19.5577,B,mrac.roll.theta_1,0.0015881526
19.5577,B,mrac.roll.theta_2,0.0042355829
19.5577,B,mrac.roll.theta_3,0.00031449916
19.5577,B,mrac.roll.theta_4,0.041565239
19.5577,B,mrac.roll.theta_5,0.050827075
19.5577,B,mrac.roll.u_nom,-0.039870124
19.5577,B,mrac.roll.xm,0.10518622
19.5577,B,mrac.yaw.theta_0,0.00016173581
19.5577,B,mrac.yaw.theta_1,0.0016751011
19.5577,B,mrac.yaw.theta_2,2.3419097e-05
19.5577,B,mrac.yaw.theta_3,0
19.5577,B,mrac.yaw.theta_4,0.01799651
19.5577,B,mrac.yaw.theta_5,0.064792998
19.5577,B,mrac.yaw.u_nom,-0.0069844741
19.5577,B,mrac.yaw.xm,-0.021167094
19.5577,B,mrac.z.theta_0,0.98192275
19.5577,B,mrac.z.theta_1,0.0049275625
19.5577,B,mrac.z.theta_2,0.0076168743
19.5577,B,mrac.z.theta_3,0
19.5577,B,mrac.z.theta_4,0.19914624
19.5577,B,mrac.z.theta_5,0.19773881
19.5577,B,mrac.z.u_nom,0.86455762
19.5577,B,mrac.z.xm,0.45074013
19.5577,B,path.active_path_mode,0
19.5577,B,path.circle_theta,0
19.5577,B,path.sinusoid_t_elapsed,0
19.5577,B,path.twc_arrived,0
19.5577,B,path.twc_target_x,0
19.5577,B,path.twc_target_y,0
19.5577,B,path.twc_target_z,0
19.5577,B,pid.gyrox.Des,6.0267243
19.5577,B,pid.gyrox.FB,3.6157215
19.5577,B,pid.gyrox.U,-46.648045
19.5577,B,pid.gyroy.Des,-14.963839
19.5577,B,pid.gyroy.FB,-1.9316297
19.5577,B,pid.gyroy.U,-27.51849
19.5577,B,pid.gyroz.Des,-1.2127846
19.5577,B,pid.gyroz.FB,0.16771932
19.5577,B,pid.gyroz.U,-13.074936
19.5577,B,pid.locx.Des,0
19.5577,B,pid.locx.FB,4.3249025
19.5577,B,pid.locx.U,-5.4604311
19.5577,B,pid.locxs.Des,-5.4604311
19.5577,B,pid.locxs.FB,0.012793568
19.5577,B,pid.locxs.U,-16.421562
19.5577,B,pid.locy.Des,0
19.5577,B,pid.locy.FB,44.019772
19.5577,B,pid.locy.U,-37.175808
19.5577,B,pid.locys.Des,-37.175808
19.5577,B,pid.locys.FB,-0.99991816
19.5577,B,pid.locys.U,-108.47964
19.5577,B,pid.pitch.Des,-6.2988787
19.5577,B,pid.pitch.FB,-1.3076938
19.5577,B,pid.pitch.U,-14.963839
19.5577,B,pid.roll.Des,1.0400591
19.5577,B,pid.roll.FB,-0.91436809
19.5577,B,pid.roll.U,6.0267243
19.5577,B,pid.yaw.Des,-0.61393034
19.5577,B,pid.yaw.FB,-0.73303801
19.5577,B,pid.yaw.U,-1.2127846
19.5577,B,pid.z_pos.Des,1.1493505
19.5577,B,pid.z_pos.FB,0.71972078
19.5577,B,pid.z_pos.U,0.45074013
19.5577,B,pid.z_rate.Des,0.45074013
19.5577,B,pid.z_rate.FB,0.00065629318
19.5577,B,pid.z_rate.U,191.93179
19.5577,B,status.vbat,0
19.7740,A,mrac.pitch.e,0.26309779
19.7740,A,mrac.pitch.u_ad,-0.044036511
19.7740,A,mrac.roll.e,-0.13083707
19.7740,A,mrac.roll.u_ad,0.15331477
19.7740,A,mrac.yaw.e,0.061054468
19.7740,A,mrac.yaw.u_ad,-0.0014363843
19.7740,A,mrac.z.e,-0.45043388
19.7740,A,mrac.z.u_ad,1.2434093
19.7740,A,status.arm,1
19.7740,A,status.flymode,1
19.7740,A,status.rc_authority,0
19.7740,A,status.sbus_lost,0
19.7740,A,status.twc_arrived,0
19.7740,A,status.twc_execute,0
19.7741,B,mrac.pitch.theta_0,1.821688e-44
19.7741,B,mrac.pitch.theta_1,0.0053499644
19.7741,B,mrac.pitch.theta_2,0.00034907064
19.7741,B,mrac.pitch.theta_3,0.00092140463
19.7741,B,mrac.pitch.theta_4,0.064193361
19.7741,B,mrac.pitch.theta_5,0.14533523
19.7741,B,mrac.pitch.u_nom,0.01072878
19.7741,B,mrac.pitch.xm,-0.26767257
19.7741,B,mrac.roll.theta_0,0.14800362
19.7741,B,mrac.roll.theta_1,0.0015703626
19.7741,B,mrac.roll.theta_2,0.0042391056
19.7741,B,mrac.roll.theta_3,0.00031490391
19.7741,B,mrac.roll.theta_4,0.041624799
19.7741,B,mrac.roll.theta_5,0.050902341
19.7741,B,mrac.roll.u_nom,0.035511393
19.7741,B,mrac.roll.xm,0.10725869
19.7741,B,mrac.yaw.theta_0,0.00015206054
19.7741,B,mrac.yaw.theta_1,0.0016732437
19.7741,B,mrac.yaw.theta_2,2.3416944e-05
19.7741,B,mrac.yaw.theta_3,0
19.7741,B,mrac.yaw.theta_4,0.017997991
19.7741,B,mrac.yaw.theta_5,0.064792506
19.7741,B,mrac.yaw.u_nom,-0.0095786657
19.7741,B,mrac.yaw.xm,-0.020623425
19.7741,B,mrac.z.theta_0,0.98195231
19.7741,B,mrac.z.theta_1,0.0049241944
19.7741,B,mrac.z.theta_2,0.0076156142
19.7741,B,mrac.z.theta_3,0
19.7741,B,mrac.z.theta_4,0.19914724
19.7741,B,mrac.z.theta_5,0.19776531
19.7741,B,mrac.z.u_nom,0.86593252
19.7741,B,mrac.z.xm,0.45077464
19.7741,B,path.active_path_mode,0
19.7741,B,path.circle_theta,0
19.7741,B,path.sinusoid_t_elapsed,0
19.7741,B,path.twc_arrived,0
19.7741,B,path.twc_target_x,0
19.7741,B,path.twc_target_y,0
19.7741,B,path.twc_target_z,0
19.7741,B,pid.gyrox.Des,6.1454678
19.7741,B,pid.gyrox.FB,-0.90722436
19.7741,B,pid.gyrox.U,41.548328
19.7741,B,pid.gyroy.Des,-15.336502
19.7741,B,pid.gyroy.FB,-2.1798427
19.7741,B,pid.gyroy.U,12.552673
19.7741,B,pid.gyroz.Des,-1.1816347
19.7741,B,pid.gyroz.FB,0.81469899
19.7741,B,pid.gyroz.U,-17.931263
19.7741,B,pid.locx.Des,0
19.7741,B,pid.locx.FB,4.2070556
19.7741,B,pid.locx.U,-5.3301086
19.7741,B,pid.locxs.Des,-5.3301086
19.7741,B,pid.locxs.FB,-0.98753685
19.7741,B,pid.locxs.U,-12.976158
19.7741,B,pid.locy.Des,0
19.7741,B,pid.locy.FB,43.853195
19.7741,B,pid.locy.U,-37.046093
19.7741,B,pid.locys.Des,-37.046093
19.7741,B,pid.locys.FB,-1.0123098
19.7741,B,pid.locys.U,-108.05676
19.7741,B,pid.pitch.Des,-6.2768755
19.7741,B,pid.pitch.FB,-1.2663188
19.7741,B,pid.pitch.U,-15.336502
19.7741,B,pid.roll.Des,0.83601534
19.7741,B,pid.roll.FB,-1.1582664
19.7741,B,pid.roll.U,6.1454678
19.7741,B,pid.yaw.Des,-0.61393034
19.7741,B,pid.yaw.FB,-0.70970958
19.7741,B,pid.yaw.U,-1.1816347
19.7741,B,pid.z_pos.Des,1.1493505
19.7741,B,pid.z_pos.FB,0.71967709
19.7741,B,pid.z_pos.U,0.45077464
19.7741,B,pid.z_rate.Des,0.45077464
19.7741,B,pid.z_rate.FB,-7.2235256e-05
19.7741,B,pid.z_rate.U,192.23701
19.7741,B,status.vbat,0
19.9741,A,mrac.pitch.e,0.36042926
19.9741,A,mrac.pitch.u_ad,-0.045541953
19.9741,A,mrac.roll.e,-0.15504771
19.9741,A,mrac.roll.u_ad,0.15447478
19.9741,A,mrac.yaw.e,0.11520916
19.9741,A,mrac.yaw.u_ad,-0.0019949691
19.9741,A,mrac.z.e,-0.40084258
19.9741,A,mrac.z.u_ad,1.2364482
19.9741,A,status.arm,1
19.9741,A,status.flymode,1
19.9741,A,status.rc_authority,0
19.9741,A,status.sbus_lost,0
19.9741,A,status.twc_arrived,0
19.9741,A,status.twc_execute,0
19.9741,B,mrac.pitch.theta_0,1.6815582e-44
19.9741,B,mrac.pitch.theta_1,0.0053726207
19.9741,B,mrac.pitch.theta_2,0.00034865647
19.9741,B,mrac.pitch.theta_3,0.00092248945
19.9741,B,mrac.pitch.theta_4,0.064386226
19.9741,B,mrac.pitch.theta_5,0.14537601
19.9741,B,mrac.pitch.u_nom,-0.10431226
19.9741,B,mrac.pitch.xm,-0.28064772
19.9741,B,mrac.roll.theta_0,0.14813305
19.9741,B,mrac.roll.theta_1,0.0015321703
19.9741,B,mrac.roll.theta_2,0.0042475197
19.9741,B,mrac.roll.theta_3,0.00031552129
19.9741,B,mrac.roll.theta_4,0.04173816
19.9741,B,mrac.roll.theta_5,0.051006973
19.9741,B,mrac.roll.u_nom,0.12932254
19.9741,B,mrac.roll.xm,0.092960469
19.9741,B,mrac.yaw.theta_0,0.00026584865
19.9741,B,mrac.yaw.theta_1,0.0016687954
19.9741,B,mrac.yaw.theta_2,2.3467122e-05
19.9741,B,mrac.yaw.theta_3,0
19.9741,B,mrac.yaw.theta_4,0.018001709
19.9741,B,mrac.yaw.theta_5,0.064792305
19.9741,B,mrac.yaw.u_nom,-0.006273488
19.9741,B,mrac.yaw.xm,-0.033616774
19.9741,B,mrac.z.theta_0,0.98191816
19.9741,B,mrac.z.theta_1,0.0049284049
19.9741,B,mrac.z.theta_2,0.0076252427
19.9741,B,mrac.z.theta_3,0
19.9741,B,mrac.z.theta_4,0.1991512
19.9741,B,mrac.z.theta_5,0.19780184
19.9741,B,mrac.z.u_nom,0.67478162
19.9741,B,mrac.z.xm,0.44980204
19.9741,B,path.active_path_mode,0
19.9741,B,path.circle_theta,0
19.9741,B,path.sinusoid_t_elapsed,0
19.9741,B,path.twc_arrived,0
19.9741,B,path.twc_target_x,0
19.9741,B,path.twc_target_y,0
19.9741,B,path.twc_target_z,0
19.9741,B,pid.gyrox.Des,5.3262405
19.9741,B,pid.gyrox.FB,-4.5671377
19.9741,B,pid.gyrox.U,151.30737
19.9741,B,pid.gyroy.Des,-16.079924
19.9741,B,pid.gyroy.FB,1.4820023
19.9741,B,pid.gyroy.U,-122.04535
19.9741,B,pid.gyroz.Des,-1.9260985
19.9741,B,pid.gyroz.FB,-0.70162821
19.9741,B,pid.gyroz.U,-11.74397
19.9741,B,pid.locx.Des,0
19.9741,B,pid.locx.FB,3.6194232
19.9741,B,pid.locx.U,-4.7875447
19.9741,B,pid.locxs.Des,-4.7875447
19.9741,B,pid.locxs.FB,-2.9998486
19.9741,B,pid.locxs.U,-5.2189722
19.9741,B,pid.locy.Des,0
19.9741,B,pid.locy.FB,43.641632
19.9741,B,pid.locy.U,-36.912193
19.9741,B,pid.locys.Des,-36.912193
19.9741,B,pid.locys.FB,-0.030151568
19.9741,B,pid.locys.U,-110.65668
19.9741,B,pid.pitch.Des,-6.4325786
19.9741,B,pid.pitch.FB,-1.0966147
19.9741,B,pid.pitch.U,-16.079924
19.9741,B,pid.roll.Des,0.36981091
19.9741,B,pid.roll.FB,-1.4391941
19.9741,B,pid.roll.U,5.3262405
19.9741,B,pid.yaw.Des,-0.61393034
19.9741,B,pid.yaw.FB,-0.57586271
19.9741,B,pid.yaw.U,-1.9260985
19.9741,B,pid.z_pos.Des,1.1493505
19.9741,B,pid.z_pos.FB,0.71964103
19.9741,B,pid.z_pos.U,0.44980204
19.9741,B,pid.z_rate.Des,0.44980204
19.9741,B,pid.z_rate.FB,0.10504396
19.9741,B,pid.z_rate.U,149.80151
19.9741,B,status.vbat,0
20.1745,A,mrac.pitch.e,0.22448416
20.1745,A,mrac.pitch.u_ad,-0.048457418
20.1745,A,mrac.roll.e,-0.13775231
20.1745,A,mrac.roll.u_ad,0.15643443
20.1745,A,mrac.yaw.e,0.053637799
20.1745,A,mrac.yaw.u_ad,-0.002401785
20.1745,A,mrac.z.e,-0.42646313
20.1745,A,mrac.z.u_ad,1.2284141
20.1745,A,status.arm,1
20.1745,A,status.flymode,1
20.1745,A,status.rc_authority,0
20.1745,A,status.sbus_lost,0
20.1745,A,status.twc_arrived,0
20.1745,A,status.twc_execute,0
20.1745,B,mrac.pitch.theta_0,1.6815582e-44
20.1745,B,mrac.pitch.theta_1,0.0053359289
20.1745,B,mrac.pitch.theta_2,0.00034835679
20.1745,B,mrac.pitch.theta_3,0.00092340843
20.1745,B,mrac.pitch.theta_4,0.064531922
20.1745,B,mrac.pitch.theta_5,0.14541042
20.1745,B,mrac.pitch.u_nom,0.024545778
20.1745,B,mrac.pitch.xm,-0.29121915
20.1745,B,mrac.roll.theta_0,0.14845316
20.1745,B,mrac.roll.theta_1,0.0015187052
20.1745,B,mrac.roll.theta_2,0.0042522438
20.1745,B,mrac.roll.theta_3,0.00031588002
20.1745,B,mrac.roll.theta_4,0.041807793
20.1745,B,mrac.roll.theta_5,0.051118445
20.1745,B,mrac.roll.u_nom,-0.054445531
20.1745,B,mrac.roll.xm,0.1554215
20.1745,B,mrac.yaw.theta_0,0.00022503888
20.1745,B,mrac.yaw.theta_1,0.0016641292
20.1745,B,mrac.yaw.theta_2,2.3461869e-05
20.1745,B,mrac.yaw.theta_3,0
20.1745,B,mrac.yaw.theta_4,0.018006895
20.1745,B,mrac.yaw.theta_5,0.064796843
20.1745,B,mrac.yaw.u_nom,-0.0076893098
20.1745,B,mrac.yaw.xm,-0.039645799
20.1745,B,mrac.z.theta_0,0.98184037
20.1745,B,mrac.z.theta_1,0.0051997607
20.1745,B,mrac.z.theta_2,0.0076389224
20.1745,B,mrac.z.theta_3,0
20.1745,B,mrac.z.theta_4,0.1991501
20.1745,B,mrac.z.theta_5,0.19782417
20.1745,B,mrac.z.u_nom,0.69369107
20.1745,B,mrac.z.xm,0.45084047
20.1745,B,path.active_path_mode,0
20.1745,B,path.circle_theta,0
20.1745,B,path.sinusoid_t_elapsed,0
20.1745,B,path.twc_arrived,0
20.1745,B,path.twc_target_x,0
20.1745,B,path.twc_target_y,0
20.1745,B,path.twc_target_z,0
20.1745,B,pid.gyrox.Des,8.9049921
20.1745,B,pid.gyrox.FB,2.0189118
20.1745,B,pid.gyrox.U,-63.701271
20.1745,B,pid.gyroy.Des,-16.685621
20.1745,B,pid.gyroy.FB,-6.0891299
20.1745,B,pid.gyroy.U,28.718559
20.1745,B,pid.gyroz.Des,-2.2715359
20.1745,B,pid.gyroz.FB,-0.7219376
20.1745,B,pid.gyroz.U,-14.394388
20.1745,B,pid.locx.Des,0
20.1745,B,pid.locx.FB,3.2593007
20.1745,B,pid.locx.U,-4.5711079
20.1745,B,pid.locxs.Des,-4.5711079
20.1745,B,pid.locxs.FB,-1.0092731
20.1745,B,pid.locxs.U,-16.874941
20.1745,B,pid.locy.Des,0
20.1745,B,pid.locy.FB,43.653168
20.1745,B,pid.locy.U,-36.958187
20.1745,B,pid.locys.Des,-36.958187
20.1745,B,pid.locys.FB,0.99064016
20.1745,B,pid.locys.U,-114.19272
20.1745,B,pid.pitch.Des,-6.6294489
20.1745,B,pid.pitch.FB,-1.023069
20.1745,B,pid.pitch.U,-16.685621
20.1745,B,pid.roll.Des,1.047757
20.1745,B,pid.roll.FB,-1.747701
20.1745,B,pid.roll.U,8.9049921
20.1745,B,pid.yaw.Des,-0.61393034
20.1745,B,pid.yaw.FB,-0.53380233
20.1745,B,pid.yaw.U,-2.2715359
20.1745,B,pid.z_pos.Des,1.1493505
20.1745,B,pid.z_pos.FB,0.71955037
20.1745,B,pid.z_pos.U,0.45084047
20.1745,B,pid.z_rate.Des,0.45084047
20.1745,B,pid.z_rate.FB,0.095587581
20.1745,B,pid.z_rate.U,153.99942
20.1745,B,status.vbat,0
20.3915,A,mrac.pitch.e,0.26847941
20.3915,A,mrac.pitch.u_ad,-0.050036553
20.3915,A,mrac.roll.e,-0.08236067
20.3915,A,mrac.roll.u_ad,0.1560594
20.3915,A,mrac.yaw.e,0.085804522
20.3915,A,mrac.yaw.u_ad,-0.0019585497
20.3915,A,mrac.z.e,-0.28967401
20.3915,A,mrac.z.u_ad,1.2325056
20.3915,A,status.arm,1
20.3915,A,status.flymode,1
20.3915,A,status.rc_authority,0
20.3915,A,status.sbus_lost,0
20.3915,A,status.twc_arrived,0
20.3915,A,status.twc_execute,0
20.3915,B,mrac.pitch.theta_0,1.6815582e-44
20.3915,B,mrac.pitch.theta_1,0.0054591033
20.3915,B,mrac.pitch.theta_2,0.00034792474
20.3915,B,mrac.pitch.theta_3,0.00092462491
20.3915,B,mrac.pitch.theta_4,0.064736508
20.3915,B,mrac.pitch.theta_5,0.14546561
20.3915,B,mrac.pitch.u_nom,-0.047474101
20.3915,B,mrac.pitch.xm,-0.31684306
20.3915,B,mrac.roll.theta_0,0.1483423
20.3915,B,mrac.roll.theta_1,0.0015212917
20.3915,B,mrac.roll.theta_2,0.0042554233
20.3915,B,mrac.roll.theta_3,0.00031621903
20.3915,B,mrac.roll.theta_4,0.041913755
20.3915,B,mrac.roll.theta_5,0.051282935
20.3915,B,mrac.roll.u_nom,-0.0053617838
20.3915,B,mrac.roll.xm,0.13317366
20.3915,B,mrac.yaw.theta_0,0.00033755053
20.3915,B,mrac.yaw.theta_1,0.0016620834
20.3915,B,mrac.yaw.theta_2,2.3514323e-05
20.3915,B,mrac.yaw.theta_3,0
20.3915,B,mrac.yaw.theta_4,0.018008698
20.3915,B,mrac.yaw.theta_5,0.064797431
20.3915,B,mrac.yaw.u_nom,-0.011873057
20.3915,B,mrac.yaw.xm,-0.029903812
20.3915,B,mrac.z.theta_0,0.98183942
20.3915,B,mrac.z.theta_1,0.0052435133
20.3915,B,mrac.z.theta_2,0.007647682
20.3915,B,mrac.z.theta_3,0
20.3915,B,mrac.z.theta_4,0.19915524
20.3915,B,mrac.z.theta_5,0.19785826
20.3915,B,mrac.z.u_nom,0.88511908
20.3915,B,mrac.z.xm,0.45790285
20.3915,B,path.active_path_mode,0
20.3915,B,path.circle_theta,0
20.3915,B,path.sinusoid_t_elapsed,0
20.3915,B,path.twc_arrived,0
20.3915,B,path.twc_target_x,0
20.3915,B,path.twc_target_y,0
20.3915,B,path.twc_target_z,0
20.3915,B,pid.gyrox.Des,7.6302853
20.3915,B,pid.gyrox.FB,2.5112066
20.3915,B,pid.gyrox.U,-6.2732868
20.3915,B,pid.gyroy.Des,-18.153763
20.3915,B,pid.gyroy.FB,-2.5168917
20.3915,B,pid.gyroy.U,-55.544697
20.3915,B,pid.gyroz.Des,-1.7133615
20.3915,B,pid.gyroz.FB,0.81626672
20.3915,B,pid.gyroz.U,-22.226362
20.3915,B,pid.locx.Des,0
20.3915,B,pid.locx.FB,3.1675668
20.3915,B,pid.locx.U,-4.5324373
20.3915,B,pid.locxs.Des,-4.5324373
20.3915,B,pid.locxs.FB,-0.055474471
20.3915,B,pid.locxs.U,-13.428507
20.3915,B,pid.locy.Des,0
20.3915,B,pid.locy.FB,44.297329
20.3915,B,pid.locy.U,-37.581867
20.3915,B,pid.locys.Des,-37.581867
20.3915,B,pid.locys.FB,4.999692
20.3915,B,pid.locys.U,-127.93666
20.3915,B,pid.pitch.Des,-7.4208341
20.3915,B,pid.pitch.FB,-1.448333
20.3915,B,pid.pitch.U,-18.153763
20.3915,B,pid.roll.Des,0.8671068
20.3915,B,pid.roll.FB,-1.6213634
20.3915,B,pid.roll.U,7.6302853
20.3915,B,pid.yaw.Des,-0.61393034
20.3915,B,pid.yaw.FB,-0.6357041
20.3915,B,pid.yaw.U,-1.7133615
20.3915,B,pid.z_pos.Des,1.1493505
20.3915,B,pid.z_pos.FB,0.70948899
20.3915,B,pid.z_pos.U,0.45790285
20.3915,B,pid.z_rate.Des,0.45790285
20.3915,B,pid.z_rate.FB,-0.0035925573
20.3915,B,pid.z_rate.U,196.49643
20.3915,B,status.vbat,0
20.5956,A,mrac.pitch.e,0.28475022
20.5956,A,mrac.pitch.u_ad,-0.046305723
20.5956,A,mrac.roll.e,-0.054743335
20.5956,A,mrac.roll.u_ad,0.15566663
20.5956,A,mrac.yaw.e,0.0023685712
20.5956,A,mrac.yaw.u_ad,-0.0018989317
20.5956,A,mrac.z.e,-0.46432769
20.5956,A,mrac.z.u_ad,1.2526993
20.5956,A,status.arm,1
20.5956,A,status.flymode,1
20.5956,A,status.rc_authority,0
20.5956,A,status.sbus_lost,0
20.5956,A,status.twc_arrived,0
20.5956,A,status.twc_execute,0
20.5957,B,mrac.pitch.theta_0,1.6815582e-44
20.5957,B,mrac.pitch.theta_1,0.0056209322
20.5957,B,mrac.pitch.theta_2,0.00034748897
20.5957,B,mrac.pitch.theta_3,0.00092516671
20.5957,B,mrac.pitch.theta_4,0.064846382
20.5957,B,mrac.pitch.theta_5,0.14549538
20.5957,B,mrac.pitch.u_nom,-0.052094046
20.5957,B,mrac.pitch.xm,-0.30264345
20.5957,B,mrac.roll.theta_0,0.14852363
20.5957,B,mrac.roll.theta_1,0.0015268358
20.5957,B,mrac.roll.theta_2,0.0042572557
20.5957,B,mrac.roll.theta_3,0.00031645579
20.5957,B,mrac.roll.theta_4,0.041966394
20.5957,B,mrac.roll.theta_5,0.051376954
20.5957,B,mrac.roll.u_nom,0.10657146
20.5957,B,mrac.roll.xm,0.1233609
20.5957,B,mrac.yaw.theta_0,0.00031004599
20.5957,B,mrac.yaw.theta_1,0.0016603976
20.5957,B,mrac.yaw.theta_2,2.3512543e-05
20.5957,B,mrac.yaw.theta_3,0
20.5957,B,mrac.yaw.theta_4,0.018010423
20.5957,B,mrac.yaw.theta_5,0.064798601
20.5957,B,mrac.yaw.u_nom,-0.011566473
20.5957,B,mrac.yaw.xm,-0.028690573
20.5957,B,mrac.z.theta_0,0.98177588
20.5957,B,mrac.z.theta_1,0.0054898765
20.5957,B,mrac.z.theta_2,0.0076606912
20.5957,B,mrac.z.theta_3,0
20.5957,B,mrac.z.theta_4,0.1991539
20.5957,B,mrac.z.theta_5,0.19787771
20.5957,B,mrac.z.u_nom,0.91822946
20.5957,B,mrac.z.xm,0.45793554
20.5957,B,path.active_path_mode,0
20.5957,B,path.circle_theta,0
20.5957,B,path.sinusoid_t_elapsed,0
20.5957,B,path.twc_arrived,0
20.5957,B,path.twc_target_x,0
20.5957,B,path.twc_target_y,0
20.5957,B,path.twc_target_z,0
20.5957,B,pid.gyrox.Des,7.0680561
20.5957,B,pid.gyrox.FB,-6.0138569
20.5957,B,pid.gyrox.U,124.68861
20.5957,B,pid.gyroy.Des,-17.340185
20.5957,B,pid.gyroy.FB,-1.8389847
20.5957,B,pid.gyroy.U,-60.950035
20.5957,B,pid.gyroz.Des,-1.6438481
20.5957,B,pid.gyroz.FB,0.80550075
20.5957,B,pid.gyroz.U,-21.652437
20.5957,B,pid.locx.Des,0
20.5957,B,pid.locx.FB,3.1605582
20.5957,B,pid.locx.U,-4.5266461
20.5957,B,pid.locxs.Des,-4.5266461
20.5957,B,pid.locxs.FB,-0.056590542
20.5957,B,pid.locxs.U,-13.40336
20.5957,B,pid.locy.Des,0
20.5957,B,pid.locy.FB,44.957344
20.5957,B,pid.locy.U,-38.125881
20.5957,B,pid.locys.Des,-38.125881
20.5957,B,pid.locys.FB,4.9996796
20.5957,B,pid.locys.U,-129.56863
20.5957,B,pid.pitch.Des,-7.5150795
20.5957,B,pid.pitch.FB,-1.7757623
20.5957,B,pid.pitch.U,-17.340185
20.5957,B,pid.roll.Des,0.8682431
20.5957,B,pid.roll.FB,-1.4099551
20.5957,B,pid.roll.U,7.0680561
20.5957,B,pid.yaw.Des,-0.61393034
20.5957,B,pid.yaw.FB,-0.64849412
20.5957,B,pid.yaw.U,-1.6438481
20.5957,B,pid.z_pos.Des,1.1493505
20.5957,B,pid.z_pos.FB,0.70944411
20.5957,B,pid.z_pos.U,0.45793554
20.5957,B,pid.z_rate.Des,0.45793554
20.5957,B,pid.z_rate.FB,-0.021936154
20.5957,B,pid.z_rate.U,203.84694
20.5957,B,status.vbat,0
20.8080,A,mrac.pitch.e,0.27940321
20.8080,A,mrac.pitch.u_ad,-0.042859543
20.8080,A,mrac.roll.e,-0.20336123
20.8080,A,mrac.roll.u_ad,0.15569583
20.8080,A,mrac.yaw.e,0.031227093
20.8080,A,mrac.yaw.u_ad,-0.0020996099
20.8080,A,mrac.z.e,-0.61109394
20.8080,A,mrac.z.u_ad,1.269761
20.8080,A,status.arm,1
20.8080,A,status.flymode,1
20.8080,A,status.rc_authority,0
20.8080,A,status.sbus_lost,0
20.8080,A,status.twc_arrived,0
20.8080,A,status.twc_execute,0
20.8080,B,mrac.pitch.theta_0,1.6815582e-44
20.8080,B,mrac.pitch.theta_1,0.0057086693
20.8080,B,mrac.pitch.theta_2,0.00034713114
20.8080,B,mrac.pitch.theta_3,0.0009258198
20.8080,B,mrac.pitch.theta_4,0.0650196
20.8080,B,mrac.pitch.theta_5,0.14553043
20.8080,B,mrac.pitch.u_nom,-0.14771979
20.8080,B,mrac.pitch.xm,-0.31608886
20.8080,B,mrac.roll.theta_0,0.14838091
20.8080,B,mrac.roll.theta_1,0.0015220781
20.8080,B,mrac.roll.theta_2,0.0042593293
20.8080,B,mrac.roll.theta_3,0.00031669901
20.8080,B,mrac.roll.theta_4,0.042055957
20.8080,B,mrac.roll.theta_5,0.051500317
20.8080,B,mrac.roll.u_nom,0.14062729
20.8080,B,mrac.roll.xm,0.10965645
20.8080,B,mrac.yaw.theta_0,0.0002700703
20.8080,B,mrac.yaw.theta_1,0.0016572763
20.8080,B,mrac.yaw.theta_2,2.3509159e-05
20.8080,B,mrac.yaw.theta_3,0
20.8080,B,mrac.yaw.theta_4,0.01801355
20.8080,B,mrac.yaw.theta_5,0.064800404
20.8080,B,mrac.yaw.u_nom,-0.0056824856
20.8080,B,mrac.yaw.xm,-0.034029156
20.8080,B,mrac.z.theta_0,0.98184329
20.8080,B,mrac.z.theta_1,0.0054676319
20.8080,B,mrac.z.theta_2,0.0076588974
20.8080,B,mrac.z.theta_3,0
20.8080,B,mrac.z.theta_4,0.19915678
20.8080,B,mrac.z.theta_5,0.19791065
20.8080,B,mrac.z.u_nom,0.87900794
20.8080,B,mrac.z.xm,0.45797089
20.8080,B,path.active_path_mode,0
20.8080,B,path.circle_theta,0
20.8080,B,path.sinusoid_t_elapsed,0
20.8080,B,path.twc_arrived,0
20.8080,B,path.twc_target_x,0
20.8080,B,path.twc_target_y,0
20.8080,B,path.twc_target_z,0
20.8080,B,pid.gyrox.Des,6.2828493
20.8080,B,pid.gyrox.FB,-6.2287836
20.8080,B,pid.gyrox.U,164.53394
20.8080,B,pid.gyroy.Des,-18.11055
20.8080,B,pid.gyroy.FB,3.0660512
20.8080,B,pid.gyroy.U,-172.83215
20.8080,B,pid.gyroz.Des,-1.9497261
20.8080,B,pid.gyroz.FB,-0.87028706
20.8080,B,pid.gyroz.U,-10.637613
20.8080,B,pid.locx.Des,0
20.8080,B,pid.locx.FB,3.1521304
20.8080,B,pid.locx.U,-4.520874
20.8080,B,pid.locxs.Des,-4.520874
20.8080,B,pid.locxs.FB,-0.020900905
20.8080,B,pid.locxs.U,-13.499476
20.8080,B,pid.locy.Des,0
20.8080,B,pid.locy.FB,45.747322
20.8080,B,pid.locy.U,-38.677845
20.8080,B,pid.locys.Des,-38.677845
20.8080,B,pid.locys.FB,1.9998908
20.8080,B,pid.locys.U,-122.00915
20.8080,B,pid.pitch.Des,-7.0817313
20.8080,B,pid.pitch.FB,-1.9907622
20.8080,B,pid.pitch.U,-18.11055
20.8080,B,pid.roll.Des,0.86257946
20.8080,B,pid.roll.FB,-1.2877414
20.8080,B,pid.roll.U,6.2828493
20.8080,B,pid.yaw.Des,-0.61393034
20.8080,B,pid.yaw.FB,-0.59877819
20.8080,B,pid.yaw.U,-1.9497261
20.8080,B,pid.z_pos.Des,1.1493505
20.8080,B,pid.z_pos.FB,0.70939225
20.8080,B,pid.z_pos.U,0.45797089
20.8080,B,pid.z_rate.Des,0.45797089
20.8080,B,pid.z_rate.FB,-0.00013284263
20.8080,B,pid.z_rate.U,195.13976
20.8080,B,status.vbat,0
21.0078,A,mrac.pitch.e,0.3793422
21.0078,A,mrac.pitch.u_ad,-0.041304987
21.0078,A,mrac.roll.e,-0.10653774
21.0078,A,mrac.roll.u_ad,0.15495136
21.0078,A,mrac.yaw.e,0.008432474
21.0078,A,mrac.yaw.u_ad,-0.0027999659
21.0078,A,mrac.z.e,-0.49186504
21.0078,A,mrac.z.u_ad,1.273249
21.0078,A,status.arm,1
21.0078,A,status.flymode,1
21.0078,A,status.rc_authority,0
21.0078,A,status.sbus_lost,0
21.0078,A,status.twc_arrived,0
21.0078,A,status.twc_execute,0
21.0079,B,mrac.pitch.theta_0,1.6815582e-44
21.0079,B,mrac.pitch.theta_1,0.0057105632
21.0079,B,mrac.pitch.theta_2,0.0003469087
21.0079,B,mrac.pitch.theta_3,0.00092587358
21.0079,B,mrac.pitch.theta_4,0.065128647
21.0079,B,mrac.pitch.theta_5,0.14554982
21.0079,B,mrac.pitch.u_nom,-0.046143949
21.0079,B,mrac.pitch.xm,-0.2609663
21.0079,B,mrac.roll.theta_0,0.14851281
21.0079,B,mrac.roll.theta_1,0.0015216462
21.0079,B,mrac.roll.theta_2,0.0042603938
21.0079,B,mrac.roll.theta_3,0.00031686289
21.0079,B,mrac.roll.theta_4,0.042103983
21.0079,B,mrac.roll.theta_5,0.051567733
21.0079,B,mrac.roll.u_nom,0.1215957
21.0079,B,mrac.roll.xm,0.10882886
21.0079,B,mrac.yaw.theta_0,0.00022650449
21.0079,B,mrac.yaw.theta_1,0.0016539828
21.0079,B,mrac.yaw.theta_2,2.35058e-05
21.0079,B,mrac.yaw.theta_3,0
21.0079,B,mrac.yaw.theta_4,0.018017771
21.0079,B,mrac.yaw.theta_5,0.064806052
21.0079,B,mrac.yaw.u_nom,-0.0023411985
21.0079,B,mrac.yaw.xm,-0.049079321
21.0079,B,mrac.z.theta_0,0.98174185
21.0079,B,mrac.z.theta_1,0.0052444967
21.0079,B,mrac.z.theta_2,0.0076793507
21.0079,B,mrac.z.theta_3,0
21.0079,B,mrac.z.theta_4,0.19916801
21.0079,B,mrac.z.theta_5,0.19792899
21.0079,B,mrac.z.u_nom,1.060408
21.0079,B,mrac.z.xm,0.47190642
21.0079,B,path.active_path_mode,0
21.0079,B,path.circle_theta,0
21.0079,B,path.sinusoid_t_elapsed,0
21.0079,B,path.twc_arrived,0
21.0079,B,path.twc_target_x,0
21.0079,B,path.twc_target_y,0
21.0079,B,path.twc_target_z,0
21.0079,B,pid.gyrox.Des,6.2354317
21.0079,B,pid.gyrox.FB,-4.6658611
21.0079,B,pid.gyrox.U,142.26697
21.0079,B,pid.gyroy.Des,-14.952261
21.0079,B,pid.gyroy.FB,-2.2149544
21.0079,B,pid.gyroy.U,-53.988422
21.0079,B,pid.gyroz.Des,-2.8120368
21.0079,B,pid.gyroz.FB,-2.5066822
21.0079,B,pid.gyroz.U,-4.3827238
21.0079,B,pid.locx.Des,0
21.0079,B,pid.locx.FB,3.174376
21.0079,B,pid.locx.U,-4.5392036
21.0079,B,pid.locxs.Des,-4.5392036
21.0079,B,pid.locxs.FB,-0.0082693538
21.0079,B,pid.locxs.U,-13.356355
21.0079,B,pid.locy.Des,0
21.0079,B,pid.locy.FB,46.042496
21.0079,B,pid.locy.U,-38.870007
21.0079,B,pid.locys.Des,-38.870007
21.0079,B,pid.locys.FB,0.99996579
21.0079,B,pid.locys.U,-119.41605
21.0079,B,pid.pitch.Des,-6.9347482
21.0079,B,pid.pitch.FB,-1.9067146
21.0079,B,pid.pitch.U,-14.952261
21.0079,B,pid.roll.Des,0.83749568
21.0079,B,pid.roll.FB,-1.1642256
21.0079,B,pid.roll.U,6.2354317
21.0079,B,pid.yaw.Des,-0.61393034
21.0079,B,pid.yaw.FB,-0.4738048
21.0079,B,pid.yaw.U,-2.8120368
21.0079,B,pid.z_pos.Des,1.1493505
21.0079,B,pid.z_pos.FB,0.68947566
21.0079,B,pid.z_pos.U,0.47190642
21.0079,B,pid.z_rate.Des,0.47190642
21.0079,B,pid.z_rate.FB,-0.086874284
21.0079,B,pid.z_rate.U,235.41057
21.0079,B,status.vbat,0
21.2092,A,mrac.pitch.e,0.27610874
21.2092,A,mrac.pitch.u_ad,-0.041876134
21.2092,A,mrac.roll.e,-0.1117875
21.2092,A,mrac.roll.u_ad,0.1548036
21.2092,A,mrac.yaw.e,0.014263526
21.2092,A,mrac.yaw.u_ad,-0.0020752316
21.2092,A,mrac.z.e,-0.47207525
21.2092,A,mrac.z.u_ad,1.2563192
21.2092,A,status.arm,1
21.2092,A,status.flymode,1
21.2092,A,status.rc_authority,0
21.2092,A,status.sbus_lost,0
21.2092,A,status.twc_arrived,0
21.2092,A,status.twc_execute,0
21.2094,B,mrac.pitch.theta_0,1.6815582e-44
21.2094,B,mrac.pitch.theta_1,0.0056052855
21.2094,B,mrac.pitch.theta_2,0.00034635587
21.2094,B,mrac.pitch.theta_3,0.00092635333
21.2094,B,mrac.pitch.theta_4,0.065277874
21.2094,B,mrac.pitch.theta_5,0.14557047
21.2094,B,mrac.pitch.u_nom,-0.088190176
21.2094,B,mrac.pitch.xm,-0.26169744
21.2094,B,mrac.roll.theta_0,0.14861801
21.2094,B,mrac.roll.theta_1,0.0015191684
21.2094,B,mrac.roll.theta_2,0.0042617247
21.2094,B,mrac.roll.theta_3,0.00031706927
21.2094,B,mrac.roll.theta_4,0.042149629
21.2094,B,mrac.roll.theta_5,0.051647004
21.2094,B,mrac.roll.u_nom,-0.056479163
21.2094,B,mrac.roll.xm,0.11109907
21.2094,B,mrac.yaw.theta_0,0.00036130758
21.2094,B,mrac.yaw.theta_1,0.0016524304
21.2094,B,mrac.yaw.theta_2,2.3577426e-05
21.2094,B,mrac.yaw.theta_3,0
21.2094,B,mrac.yaw.theta_4,0.018019302
21.2094,B,mrac.yaw.theta_5,0.064806946
21.2094,B,mrac.yaw.u_nom,-0.00076074514
21.2094,B,mrac.yaw.xm,-0.034771178
21.2094,B,mrac.z.theta_0,0.98176402
21.2094,B,mrac.z.theta_1,0.0051877871
21.2094,B,mrac.z.theta_2,0.0076797614
21.2094,B,mrac.z.theta_3,0
21.2094,B,mrac.z.theta_4,0.19917226
21.2094,B,mrac.z.theta_5,0.19795114
21.2094,B,mrac.z.u_nom,0.90698785
21.2094,B,mrac.z.xm,0.47183728
21.2094,B,path.active_path_mode,0
21.2094,B,path.circle_theta,0
21.2094,B,path.sinusoid_t_elapsed,0
21.2094,B,path.twc_arrived,0
21.2094,B,path.twc_target_x,0
21.2094,B,path.twc_target_y,0
21.2094,B,path.twc_target_z,0
21.2094,B,pid.gyrox.Des,6.3655052
21.2094,B,pid.gyrox.FB,5.4419794
21.2094,B,pid.gyrox.U,-66.08062
21.2094,B,pid.gyroy.Des,-14.994152
21.2094,B,pid.gyroy.FB,1.9666011
21.2094,B,pid.gyroy.U,-103.1825
21.2094,B,pid.gyroz.Des,-1.9922409
21.2094,B,pid.gyroz.FB,-2.0541012
21.2094,B,pid.gyroz.U,-1.4241149
21.2094,B,pid.locx.Des,0
21.2094,B,pid.locx.FB,3.178967
21.2094,B,pid.locx.U,-4.5391741
21.2094,B,pid.locxs.Des,-4.5391741
21.2094,B,pid.locxs.FB,0.01073619
21.2094,B,pid.locxs.U,-13.65093
21.2094,B,pid.locy.Des,0
21.2094,B,pid.locy.FB,46.087559
21.2094,B,pid.locy.U,-38.870007
21.2094,B,pid.locys.Des,-38.870007
21.2094,B,pid.locys.FB,-0.99994236
21.2094,B,pid.locys.U,-113.61019
21.2094,B,pid.pitch.Des,-6.5978885
21.2094,B,pid.pitch.FB,-1.5639149
21.2094,B,pid.pitch.U,-14.994152
21.2094,B,pid.roll.Des,0.8683899
21.2094,B,pid.roll.FB,-1.250368
21.2094,B,pid.roll.U,6.3655052
21.2094,B,pid.yaw.Des,-0.61393034
21.2094,B,pid.yaw.FB,-0.61515063
21.2094,B,pid.yaw.U,-1.9922409
21.2094,B,pid.z_pos.Des,1.1493505
21.2094,B,pid.z_pos.FB,0.68957871
21.2094,B,pid.z_pos.U,0.47183728
21.2094,B,pid.z_rate.Des,0.47183728
21.2094,B,pid.z_rate.FB,-0.001795306
21.2094,B,pid.z_rate.U,201.3513
21.2094,B,status.vbat,0
21.4261,A,mrac.pitch.e,0.21852316
21.4261,A,mrac.pitch.u_ad,-0.044225559
21.4261,A,mrac.roll.e,-0.050070822
21.4261,A,mrac.roll.u_ad,0.15441602
21.4261,A,mrac.yaw.e,0.054651782
21.4261,A,mrac.yaw.u_ad,-0.0012284447
21.4261,A,mrac.z.e,-0.5847193
21.4261,A,mrac.z.u_ad,1.2834238
21.4261,A,status.arm,1
21.4261,A,status.flymode,1
21.4261,A,status.rc_authority,0
21.4261,A,status.sbus_lost,0
21.4261,A,status.twc_arrived,0
21.4261,A,status.twc_execute,0
21.4262,B,mrac.pitch.theta_0,1.6815582e-44
21.4262,B,mrac.pitch.theta_1,0.0055440795
21.4262,B,mrac.pitch.theta_2,0.00034580991
21.4262,B,mrac.pitch.theta_3,0.00092743518
21.4262,B,mrac.pitch.theta_4,0.065467291
21.4262,B,mrac.pitch.theta_5,0.1455995
21.4262,B,mrac.pitch.u_nom,-0.029256739
21.4262,B,mrac.pitch.xm,-0.27305976
21.4262,B,mrac.roll.theta_0,0.14834198
21.4262,B,mrac.roll.theta_1,0.0015012592
21.4262,B,mrac.roll.theta_2,0.0042651552
21.4262,B,mrac.roll.theta_3,0.00031730803
21.4262,B,mrac.roll.theta_4,0.042242423
21.4262,B,mrac.roll.theta_5,0.0517371
21.4262,B,mrac.roll.u_nom,-0.051556669
21.4262,B,mrac.roll.xm,0.098888166
21.4262,B,mrac.yaw.theta_0,0.00033606472
21.4262,B,mrac.yaw.theta_1,0.0016513845
21.4262,B,mrac.yaw.theta_2,2.3576344e-05
21.4262,B,mrac.yaw.theta_3,0
21.4262,B,mrac.yaw.theta_4,0.018020235
21.4262,B,mrac.yaw.theta_5,0.064807236
21.4262,B,mrac.yaw.u_nom,-0.0073948223
21.4262,B,mrac.yaw.xm,-0.019747999
21.4262,B,mrac.z.theta_0,0.98181242
21.4262,B,mrac.z.theta_1,0.0051869838
21.4262,B,mrac.z.theta_2,0.0076778522
21.4262,B,mrac.z.theta_3,0
21.4262,B,mrac.z.theta_4,0.19917434
21.4262,B,mrac.z.theta_5,0.19798271
21.4262,B,mrac.z.u_nom,0.90216815
21.4262,B,mrac.z.xm,0.47172266
21.4262,B,path.active_path_mode,0
21.4262,B,path.circle_theta,0
21.4262,B,path.sinusoid_t_elapsed,0
21.4262,B,path.twc_arrived,0
21.4262,B,path.twc_target_x,0
21.4262,B,path.twc_target_y,0
21.4262,B,path.twc_target_z,0
21.4262,B,pid.gyrox.Des,5.6658721
21.4262,B,pid.gyrox.FB,3.7758234
21.4262,B,pid.gyrox.U,-60.321304
21.4262,B,pid.gyroy.Des,-15.645164
21.4262,B,pid.gyroy.FB,-1.2565504
21.4262,B,pid.gyroy.U,-34.230385
21.4262,B,pid.gyroz.Des,-1.1314765
21.4262,B,pid.gyroz.FB,0.35324043
21.4262,B,pid.gyroz.U,-13.843107
21.4262,B,pid.locx.Des,0
21.4262,B,pid.locx.FB,3.1970944
21.4262,B,pid.locx.U,-4.5586152
21.4262,B,pid.locxs.Des,-4.5586152
21.4262,B,pid.locxs.FB,0.025698135
21.4262,B,pid.locxs.U,-13.752643
21.4262,B,pid.locy.Des,0
21.4262,B,pid.locy.FB,45.837723
21.4262,B,pid.locy.U,-38.59819
21.4262,B,pid.locys.Des,-38.59819
21.4262,B,pid.locys.FB,-1.9998349
21.4262,B,pid.locys.U,-109.69906
21.4262,B,pid.pitch.Des,-6.3709941
21.4262,B,pid.pitch.FB,-1.1783315
21.4262,B,pid.pitch.U,-15.645164
21.4262,B,pid.roll.Des,0.88553292
21.4262,B,pid.roll.FB,-1.0056247
21.4262,B,pid.roll.U,5.6658721
21.4262,B,pid.yaw.Des,-0.61393034
21.4262,B,pid.yaw.FB,-0.73621815
21.4262,B,pid.yaw.U,-1.1314765
21.4262,B,pid.z_pos.Des,1.1493505
21.4262,B,pid.z_pos.FB,0.68974781
21.4262,B,pid.z_pos.U,0.47172266
21.4262,B,pid.z_rate.Des,0.47172266
21.4262,B,pid.z_rate.FB,0.00076503935
21.4262,B,pid.z_rate.U,200.28133
21.4262,B,status.vbat,0
21.6451,A,mrac.pitch.e,0.21699303
21.6451,A,mrac.pitch.u_ad,-0.04421499
21.6451,A,mrac.roll.e,0.025223091
21.6451,A,mrac.roll.u_ad,0.15362012
21.6451,A,mrac.yaw.e,0.024100905
21.6451,A,mrac.yaw.u_ad,-0.0028824729
21.6451,A,mrac.z.e,-0.47971681
21.6451,A,mrac.z.u_ad,1.2608548
21.6451,A,status.arm,1
21.6451,A,status.flymode,1
21.6451,A,status.rc_authority,0
21.6451,A,status.sbus_lost,0
21.6451,A,status.twc_arrived,0
21.6451,A,status.twc_execute,0
21.6453,B,mrac.pitch.theta_0,1.6815582e-44
21.6453,B,mrac.pitch.theta_1,0.005492202
21.6453,B,mrac.pitch.theta_2,0.00034534899
21.6453,B,mrac.pitch.theta_3,0.00092878228
21.6453,B,mrac.pitch.theta_4,0.06566868
21.6453,B,mrac.pitch.theta_5,0.14563458
21.6453,B,mrac.pitch.u_nom,-0.049602602
21.6453,B,mrac.pitch.xm,-0.28137007
21.6453,B,mrac.roll.theta_0,0.14832395
21.6453,B,mrac.roll.theta_1,0.0014894824
21.6453,B,mrac.roll.theta_2,0.004268636
21.6453,B,mrac.roll.theta_3,0.00031791156
21.6453,B,mrac.roll.theta_4,0.042325772
21.6453,B,mrac.roll.theta_5,0.051833317
21.6453,B,mrac.roll.u_nom,0.13395996
21.6453,B,mrac.roll.xm,0.089628592
21.6453,B,mrac.yaw.theta_0,0.00025344093
21.6453,B,mrac.yaw.theta_1,0.0016455288
21.6453,B,mrac.yaw.theta_2,2.3570241e-05
21.6453,B,mrac.yaw.theta_3,0
21.6453,B,mrac.yaw.theta_4,0.01802657
21.6453,B,mrac.yaw.theta_5,0.064812392
21.6453,B,mrac.yaw.u_nom,-0.019079834
21.6453,B,mrac.yaw.xm,-0.046230752
21.6453,B,mrac.z.theta_0,0.98177147
21.6453,B,mrac.z.theta_1,0.0050522145
21.6453,B,mrac.z.theta_2,0.0076863714
21.6453,B,mrac.z.theta_3,0
21.6453,B,mrac.z.theta_4,0.19918241
21.6453,B,mrac.z.theta_5,0.19801164
21.6453,B,mrac.z.u_nom,0.91863328
21.6453,B,mrac.z.xm,0.47865248
21.6453,B,path.active_path_mode,0
21.6453,B,path.circle_theta,0
21.6453,B,path.sinusoid_t_elapsed,0
21.6453,B,path.twc_arrived,0
21.6453,B,path.twc_target_x,0
21.6453,B,path.twc_target_y,0
21.6453,B,path.twc_target_z,0
21.6453,B,pid.gyrox.Des,5.1353378
21.6453,B,pid.gyrox.FB,-5.8027577
21.6453,B,pid.gyrox.U,156.73315
21.6453,B,pid.gyroy.Des,-16.121311
21.6453,B,pid.gyroy.FB,-1.2339544
21.6453,B,pid.gyroy.U,-58.035042
21.6453,B,pid.gyroz.Des,-2.6488259
21.6453,B,pid.gyroz.FB,1.5647054
21.6453,B,pid.gyroz.U,-35.717449
21.6453,B,pid.locx.Des,0
21.6453,B,pid.locx.FB,3.2040267
21.6453,B,pid.locx.U,-4.5641499
21.6453,B,pid.locxs.Des,-4.5641499
21.6453,B,pid.locxs.FB,0.02529953
21.6453,B,pid.locxs.U,-13.771442
21.6453,B,pid.locy.Des,0
21.6453,B,pid.locy.FB,45.177773
21.6453,B,pid.locy.U,-38.034222
21.6453,B,pid.locys.Des,-38.034222
21.6453,B,pid.locys.FB,-2.9998932
21.6453,B,pid.locys.U,-104.95901
21.6453,B,pid.pitch.Des,-6.1013055
21.6453,B,pid.pitch.FB,-0.74490446
21.6453,B,pid.pitch.U,-16.121311
21.6453,B,pid.roll.Des,0.85615283
21.6453,B,pid.roll.FB,-0.92891479
21.6453,B,pid.roll.U,5.1353378
21.6453,B,pid.yaw.Des,-0.61393034
21.6453,B,pid.yaw.FB,-0.48319155
21.6453,B,pid.yaw.U,-2.6488259
21.6453,B,pid.z_pos.Des,1.1493505
21.6453,B,pid.z_pos.FB,0.6798532
21.6453,B,pid.z_pos.U,0.47865248
21.6453,B,pid.z_rate.Des,0.47865248
21.6453,B,pid.z_rate.FB,-0.0014432922
21.6453,B,pid.z_rate.U,203.93658
21.6453,B,status.vbat,0
21.8611,A,mrac.pitch.e,0.19809292
21.8611,A,mrac.pitch.u_ad,-0.044455979
21.8611,A,mrac.roll.e,-0.034022499
21.8611,A,mrac.roll.u_ad,0.1534856
21.8611,A,mrac.yaw.e,0.031993583
21.8611,A,mrac.yaw.u_ad,-0.0044350801
21.8611,A,mrac.z.e,-0.47901127
21.8611,A,mrac.z.u_ad,1.2591116
21.8611,A,status.arm,1
21.8611,A,status.flymode,1
21.8611,A,status.rc_authority,0
21.8611,A,status.sbus_lost,0
21.8611,A,status.twc_arrived,0
21.8611,A,status.twc_execute,0
21.8611,B,mrac.pitch.theta_0,1.6815582e-44
21.8611,B,mrac.pitch.theta_1,0.0054808883
21.8611,B,mrac.pitch.theta_2,0.0003450189
21.8611,B,mrac.pitch.theta_3,0.0009297427
21.8611,B,mrac.pitch.theta_4,0.065796122
21.8611,B,mrac.pitch.theta_5,0.14565593
21.8611,B,mrac.pitch.u_nom,-0.02389551
21.8611,B,mrac.pitch.xm,-0.27071565
21.8611,B,mrac.roll.theta_0,0.14835097
21.8611,B,mrac.roll.theta_1,0.0014717109
21.8611,B,mrac.roll.theta_2,0.0042722118
21.8611,B,mrac.roll.theta_3,0.00031822937
21.8611,B,mrac.roll.theta_4,0.042393103
21.8611,B,mrac.roll.theta_5,0.051919423
21.8611,B,mrac.roll.u_nom,0.0028383532
21.8611,B,mrac.roll.xm,0.11540134
21.8611,B,mrac.yaw.theta_0,0.00020094629
21.8611,B,mrac.yaw.theta_1,0.0016405607
21.8611,B,mrac.yaw.theta_2,2.3564875e-05
21.8611,B,mrac.yaw.theta_3,0
21.8611,B,mrac.yaw.theta_4,0.018034194
21.8611,B,mrac.yaw.theta_5,0.064825594
21.8611,B,mrac.yaw.u_nom,-0.02188102
21.8611,B,mrac.yaw.xm,-0.06079575
21.8611,B,mrac.z.theta_0,0.98179394
21.8611,B,mrac.z.theta_1,0.0050463048
21.8611,B,mrac.z.theta_2,0.0076851086
21.8611,B,mrac.z.theta_3,0
21.8611,B,mrac.z.theta_4,0.19918387
21.8611,B,mrac.z.theta_5,0.19803108
21.8611,B,mrac.z.u_nom,0.91672009
21.8611,B,mrac.z.xm,0.47870401
21.8611,B,path.active_path_mode,0
21.8611,B,path.circle_theta,0
21.8611,B,path.sinusoid_t_elapsed,0
21.8611,B,path.twc_arrived,0
21.8611,B,path.twc_target_x,0
21.8611,B,path.twc_target_y,0
21.8611,B,path.twc_target_z,0
21.8611,B,pid.gyrox.Des,6.6120067
21.8611,B,pid.gyrox.FB,-0.31258905
21.8611,B,pid.gyrox.U,3.3208733
21.8611,B,pid.gyroy.Des,-15.510859
21.8611,B,pid.gyroy.FB,-3.8917191
21.8611,B,pid.gyroy.U,-27.957747
21.8611,B,pid.gyroz.Des,-3.4833384
21.8611,B,pid.gyroz.FB,1.3784133
21.8611,B,pid.gyroz.U,-40.961269
21.8611,B,pid.locx.Des,0
21.8611,B,pid.locx.FB,3.1878519
21.8611,B,pid.locx.U,-4.5510492
21.8611,B,pid.locxs.Des,-4.5510492
21.8611,B,pid.locxs.FB,0.019200603
21.8611,B,pid.locxs.U,-13.716667
21.8611,B,pid.locy.Des,0
21.8611,B,pid.locy.FB,44.682655
21.8611,B,pid.locy.U,-37.626129
21.8611,B,pid.locys.Des,-37.626129
21.8611,B,pid.locys.FB,-2.9999385
21.8611,B,pid.locys.U,-103.7346
21.8611,B,pid.pitch.Des,-6.0316586
21.8611,B,pid.pitch.FB,-0.77670765
21.8611,B,pid.pitch.U,-15.510859
21.8611,B,pid.roll.Des,0.84003884
21.8611,B,pid.roll.FB,-1.2546978
21.8611,B,pid.roll.U,6.6120067
21.8611,B,pid.yaw.Des,-0.61393034
21.8611,B,pid.yaw.FB,-0.3667073
21.8611,B,pid.yaw.U,-3.4833384
21.8611,B,pid.z_pos.Des,1.1493505
21.8611,B,pid.z_pos.FB,0.67977446
21.8611,B,pid.z_pos.U,0.47870401
21.8611,B,pid.z_rate.Des,0.47870401
21.8611,B,pid.z_rate.FB,-0.00032995964
21.8611,B,pid.z_rate.U,203.51186
21.8611,B,status.vbat,0
22.0766,A,mrac.pitch.e,0.2214967
22.0766,A,mrac.pitch.u_ad,-0.04659969
22.0766,A,mrac.roll.e,-0.031964015
22.0766,A,mrac.roll.u_ad,0.15719755
22.0766,A,mrac.yaw.e,0.10210179
22.0766,A,mrac.yaw.u_ad,-0.0061488356
22.0766,A,mrac.z.e,-0.47917268
22.0766,A,mrac.z.u_ad,1.2592933
22.0766,A,status.arm,1
22.0766,A,status.flymode,1
22.0766,A,status.rc_authority,0
22.0766,A,status.sbus_lost,0
22.0766,A,status.twc_arrived,0
22.0766,A,status.twc_execute,0
22.0767,B,mrac.pitch.theta_0,1.6815582e-44
22.0767,B,mrac.pitch.theta_1,0.0054448936
22.0767,B,mrac.pitch.theta_2,0.00034449506
22.0767,B,mrac.pitch.theta_3,0.00093190966
22.0767,B,mrac.pitch.theta_4,0.066014551
22.0767,B,mrac.pitch.theta_5,0.14569606
22.0767,B,mrac.pitch.u_nom,-0.066513568
22.0767,B,mrac.pitch.xm,-0.38364613
22.0767,B,mrac.roll.theta_0,0.14857639
22.0767,B,mrac.roll.theta_1,0.001440885
22.0767,B,mrac.roll.theta_2,0.0042809546
22.0767,B,mrac.roll.theta_3,0.00031884536
22.0767,B,mrac.roll.theta_4,0.042507119
22.0767,B,mrac.roll.theta_5,0.052100036
22.0767,B,mrac.roll.u_nom,-0.082752995
22.0767,B,mrac.roll.xm,0.13895017
22.0767,B,mrac.yaw.theta_0,0.00010535875
22.0767,B,mrac.yaw.theta_1,0.0016322931
22.0767,B,mrac.yaw.theta_2,2.3553052e-05
22.0767,B,mrac.yaw.theta_3,0
22.0767,B,mrac.yaw.theta_4,0.018059485
22.0767,B,mrac.yaw.theta_5,0.064893134
22.0767,B,mrac.yaw.u_nom,-0.030992115
22.0767,B,mrac.yaw.xm,-0.086461395
22.0767,B,mrac.z.theta_0,0.98182094
22.0767,B,mrac.z.theta_1,0.0050386763
22.0767,B,mrac.z.theta_2,0.0076831928
22.0767,B,mrac.z.theta_3,0
22.0767,B,mrac.z.theta_4,0.19918568
22.0767,B,mrac.z.theta_5,0.19805904
22.0767,B,mrac.z.u_nom,0.9172501
22.0767,B,mrac.z.xm,0.47879905
22.0767,B,path.active_path_mode,0
22.0767,B,path.circle_theta,0
22.0767,B,path.sinusoid_t_elapsed,0
22.0767,B,path.twc_arrived,0
22.0767,B,path.twc_target_x,0
22.0767,B,path.twc_target_y,0
22.0767,B,path.twc_target_z,0
22.0767,B,pid.gyrox.Des,7.9612551
22.0767,B,pid.gyrox.FB,7.7417207
22.0767,B,pid.gyrox.U,-96.821007
22.0767,B,pid.gyroy.Des,-21.981295
22.0767,B,pid.gyroy.FB,-5.2133293
22.0767,B,pid.gyroy.U,-77.820877
22.0767,B,pid.gyroz.Des,-4.9538708
22.0767,B,pid.gyroz.FB,2.0443869
22.0767,B,pid.gyroz.U,-58.017239
22.0767,B,pid.locx.Des,0
22.0767,B,pid.locx.FB,3.0899439
22.0767,B,pid.locx.U,-4.4721317
22.0767,B,pid.locxs.Des,-4.4721317
22.0767,B,pid.locxs.FB,0.0021226418
22.0767,B,pid.locxs.U,-13.409637
22.0767,B,pid.locy.Des,0
22.0767,B,pid.locy.FB,44.107277
22.0767,B,pid.locy.U,-37.205837
22.0767,B,pid.locys.Des,-37.205837
22.0767,B,pid.locys.FB,-0.99999774
22.0767,B,pid.locys.U,-114.52155
22.0767,B,pid.pitch.Des,-6.6560974
22.0767,B,pid.pitch.FB,-0.65788698
22.0767,B,pid.pitch.U,-21.981295
22.0767,B,pid.roll.Des,0.79756099
22.0767,B,pid.roll.FB,-1.7437142
22.0767,B,pid.roll.U,7.9612551
22.0767,B,pid.yaw.Des,-0.61393034
22.0767,B,pid.yaw.FB,-0.12161861
22.0767,B,pid.yaw.U,-4.9538708
22.0767,B,pid.z_pos.Des,1.1493505
22.0767,B,pid.z_pos.FB,0.67964029
22.0767,B,pid.z_pos.U,0.47879905
22.0767,B,pid.z_rate.Des,0.47879905
22.0767,B,pid.z_rate.FB,-0.00052908197
22.0767,B,pid.z_rate.U,203.62952
22.0767,B,status.vbat,0
22.2771,A,mrac.pitch.e,0.28754371
22.2771,A,mrac.pitch.u_ad,-0.046194613
22.2771,A,mrac.roll.e,-0.065490834
22.2771,A,mrac.roll.u_ad,0.15762351
22.2771,A,mrac.yaw.e,0.11742216
22.2771,A,mrac.yaw.u_ad,-0.0069409446
22.2771,A,mrac.z.e,-0.49285904
22.2771,A,mrac.z.u_ad,1.2710122
22.2771,A,status.arm,1
22.2771,A,status.flymode,1
22.2771,A,status.rc_authority,0
22.2771,A,status.sbus_lost,0
22.2771,A,status.twc_arrived,0
22.2771,A,status.twc_execute,0
22.2771,B,mrac.pitch.theta_0,1.6815582e-44
22.2771,B,mrac.pitch.theta_1,0.0054666447
22.2771,B,mrac.pitch.theta_2,0.00034423903
22.2771,B,mrac.pitch.theta_3,0.00093212648
22.2771,B,mrac.pitch.theta_4,0.066144936
22.2771,B,mrac.pitch.theta_5,0.14572093
22.2771,B,mrac.pitch.u_nom,-0.096360147
22.2771,B,mrac.pitch.xm,-0.294034
22.2771,B,mrac.roll.theta_0,0.14871417
22.2771,B,mrac.roll.theta_1,0.0014533396
22.2771,B,mrac.roll.theta_2,0.004282963
22.2771,B,mrac.roll.theta_3,0.00031898328
22.2771,B,mrac.roll.theta_4,0.042576846
22.2771,B,mrac.roll.theta_5,0.052241776
22.2771,B,mrac.roll.u_nom,0.071758233
22.2771,B,mrac.roll.xm,0.13798814
22.2771,B,mrac.yaw.theta_0,6.4244334e-05
22.2771,B,mrac.yaw.theta_1,0.0016298969
22.2771,B,mrac.yaw.theta_2,2.3546678e-05
22.2771,B,mrac.yaw.theta_3,0
22.2771,B,mrac.yaw.theta_4,0.018080376
22.2771,B,mrac.yaw.theta_5,0.064960562
22.2771,B,mrac.yaw.u_nom,-0.025715921
22.2771,B,mrac.yaw.xm,-0.099531837
22.2771,B,mrac.z.theta_0,0.98175579
22.2771,B,mrac.z.theta_1,0.0049249632
22.2771,B,mrac.z.theta_2,0.0076921447
22.2771,B,mrac.z.theta_3,0
22.2771,B,mrac.z.theta_4,0.19919172
22.2771,B,mrac.z.theta_5,0.19807501
22.2771,B,mrac.z.u_nom,0.98224694
22.2771,B,mrac.z.xm,0.48578233
22.2771,B,path.active_path_mode,0
22.2771,B,path.circle_theta,0
22.2771,B,path.sinusoid_t_elapsed,0
22.2771,B,path.twc_arrived,0
22.2771,B,path.twc_target_x,0
22.2771,B,path.twc_target_y,0
22.2771,B,path.twc_target_z,0
22.2771,B,pid.gyrox.Des,7.9061346
22.2771,B,pid.gyrox.FB,0.043963484
22.2771,B,pid.gyrox.U,83.95713
22.2771,B,pid.gyroy.Des,-16.846901
22.2771,B,pid.gyroy.FB,-0.28443658
22.2771,B,pid.gyroy.U,-112.74137
22.2771,B,pid.gyroz.Des,-5.7027516
22.2771,B,pid.gyroz.FB,0.068112664
22.2771,B,pid.gyroz.U,-48.140205
22.2771,B,pid.locx.Des,0
22.2771,B,pid.locx.FB,3.205148
22.2771,B,pid.locx.U,-4.6001196
22.2771,B,pid.locxs.Des,-4.6001196
22.2771,B,pid.locxs.FB,1.9999442
22.2771,B,pid.locxs.U,-19.848671
22.2771,B,pid.locy.Des,0
22.2771,B,pid.locy.FB,43.832321
22.2771,B,pid.locy.U,-37.02985
22.2771,B,pid.locys.Des,-37.02985
22.2771,B,pid.locys.FB,-1.0001116
22.2771,B,pid.locys.U,-108.04214
22.2771,B,pid.pitch.Des,-6.2846441
22.2771,B,pid.pitch.FB,-0.71055216
22.2771,B,pid.pitch.U,-16.846901
22.2771,B,pid.roll.Des,1.1590686
22.2771,B,pid.roll.FB,-1.6158187
22.2771,B,pid.roll.U,7.9061346
22.2771,B,pid.yaw.Des,-0.61393034
22.2771,B,pid.yaw.FB,0.0031949412
22.2771,B,pid.yaw.U,-5.7027516
22.2771,B,pid.z_pos.Des,1.1493505
22.2771,B,pid.z_pos.FB,0.66968203
22.2771,B,pid.z_pos.U,0.48578233
22.2771,B,pid.z_rate.Des,0.48578233
22.2771,B,pid.z_rate.FB,-0.029619062
22.2771,B,pid.z_rate.U,218.05882
22.2771,B,status.vbat,0
22.4919,A,mrac.pitch.e,0.25955266
22.4919,A,mrac.pitch.u_ad,-0.045878984
22.4919,A,mrac.roll.e,0.010195553
22.4919,A,mrac.roll.u_ad,0.15857109
22.4919,A,mrac.yaw.e,0.14487758
22.4919,A,mrac.yaw.u_ad,-0.0081642978
22.4919,A,mrac.z.e,-0.48551202
22.4919,A,mrac.z.u_ad,1.263193
22.4919,A,status.arm,1
22.4919,A,status.flymode,1
22.4919,A,status.rc_authority,0
22.4919,A,status.sbus_lost,0
22.4919,A,status.twc_arrived,0
22.4919,A,status.twc_execute,0
22.4919,B,mrac.pitch.theta_0,1.6815582e-44
22.4919,B,mrac.pitch.theta_1,0.0055813016
22.4919,B,mrac.pitch.theta_2,0.00034380847
22.4919,B,mrac.pitch.theta_3,0.00093334448
22.4919,B,mrac.pitch.theta_4,0.066314518
22.4919,B,mrac.pitch.theta_5,0.14575183
22.4919,B,mrac.pitch.u_nom,-0.047553841
22.4919,B,mrac.pitch.xm,-0.28049296
22.4919,B,mrac.roll.theta_0,0.14886226
22.4919,B,mrac.roll.theta_1,0.0014529916
22.4919,B,mrac.roll.theta_2,0.0042880415
22.4919,B,mrac.roll.theta_3,0.00031925269
22.4919,B,mrac.roll.theta_4,0.04270475
22.4919,B,mrac.roll.theta_5,0.052471351
22.4919,B,mrac.roll.u_nom,-0.05252821
22.4919,B,mrac.roll.xm,0.16885579
22.4919,B,mrac.yaw.theta_0,2.7713957e-05
22.4919,B,mrac.yaw.theta_1,0.0016235344
22.4919,B,mrac.yaw.theta_2,2.3535349e-05
22.4919,B,mrac.yaw.theta_3,0
22.4919,B,mrac.yaw.theta_4,0.01812245
22.4919,B,mrac.yaw.theta_5,0.065097712
22.4919,B,mrac.yaw.u_nom,-0.021045664
22.4919,B,mrac.yaw.xm,-0.12271654
22.4919,B,mrac.z.theta_0,0.98177254
22.4919,B,mrac.z.theta_1,0.0049005682
22.4919,B,mrac.z.theta_2,0.0076904362
22.4919,B,mrac.z.theta_3,0
22.4919,B,mrac.z.theta_4,0.19919437
22.4919,B,mrac.z.theta_5,0.19810148
22.4919,B,mrac.z.u_nom,0.9304741
22.4919,B,mrac.z.xm,0.48581019
22.4919,B,path.active_path_mode,0
22.4919,B,path.circle_theta,0
22.4919,B,path.sinusoid_t_elapsed,0
22.4919,B,path.twc_arrived,0
22.4919,B,path.twc_target_x,0
22.4919,B,path.twc_target_y,0
22.4919,B,path.twc_target_z,0
22.4919,B,pid.gyrox.Des,9.6747198
22.4919,B,pid.gyrox.FB,2.4029717
22.4919,B,pid.gyrox.U,-61.458008
22.4919,B,pid.gyroy.Des,-16.071056
22.4919,B,pid.gyroy.FB,-2.689014
22.4919,B,pid.gyroy.U,-55.637993
22.4919,B,pid.gyroz.Des,-7.031137
22.4919,B,pid.gyroz.FB,-2.3433969
22.4919,B,pid.gyroz.U,-39.397484
22.4919,B,pid.locx.Des,0
22.4919,B,pid.locx.FB,3.6551397
22.4919,B,pid.locx.U,-5.0321112
22.4919,B,pid.locxs.Des,-5.0321112
22.4919,B,pid.locxs.FB,2.9999769
22.4919,B,pid.locxs.U,-24.240229
22.4919,B,pid.locy.Des,0
22.4919,B,pid.locy.FB,43.801445
22.4919,B,pid.locy.U,-37.04076
22.4919,B,pid.locys.Des,-37.04076
22.4919,B,pid.locys.FB,-0.011759598
22.4919,B,pid.locys.U,-111.07656
22.4919,B,pid.pitch.Des,-6.4647636
22.4919,B,pid.pitch.FB,-1.0229217
22.4919,B,pid.pitch.U,-16.071056
22.4919,B,pid.roll.Des,1.3903025
22.4919,B,pid.roll.FB,-1.7023352
22.4919,B,pid.roll.U,9.6747198
22.4919,B,pid.yaw.Des,-0.61393034
22.4919,B,pid.yaw.FB,0.22459252
22.4919,B,pid.yaw.U,-7.031137
22.4919,B,pid.z_pos.Des,1.1493505
22.4919,B,pid.z_pos.FB,0.66959751
22.4919,B,pid.z_pos.U,0.48581019
22.4919,B,pid.z_rate.Des,0.48581019
22.4919,B,pid.z_rate.FB,-0.00085723063
22.4919,B,pid.z_rate.U,206.56525
22.4919,B,status.vbat,0
22.6930,A,mrac.pitch.e,0.30078709
22.6930,A,mrac.pitch.u_ad,-0.043217637
22.6930,A,mrac.roll.e,-0.14912623
22.6930,A,mrac.roll.u_ad,0.15967625
22.6930,A,mrac.yaw.e,0.13407688
22.6930,A,mrac.yaw.u_ad,-0.0099512143
22.6930,A,mrac.z.e,-0.48631275
22.6930,A,mrac.z.u_ad,1.2632251
22.6930,A,status.arm,1
22.6930,A,status.flymode,1
22.6930,A,status.rc_authority,0
22.6930,A,status.sbus_lost,0
22.6930,A,status.twc_arrived,0
22.6930,A,status.twc_execute,0
22.6931,B,mrac.pitch.theta_0,1.6815582e-44
22.6931,B,mrac.pitch.theta_1,0.0056953272
22.6931,B,mrac.pitch.theta_2,0.00034355524
22.6931,B,mrac.pitch.theta_3,0.00093405053
22.6931,B,mrac.pitch.theta_4,0.066410601
22.6931,B,mrac.pitch.theta_5,0.14576885
22.6931,B,mrac.pitch.u_nom,-0.044746086
22.6931,B,mrac.pitch.xm,-0.26835278
22.6931,B,mrac.roll.theta_0,0.14889784
22.6931,B,mrac.roll.theta_1,0.0014662803
22.6931,B,mrac.roll.theta_2,0.0042900327
22.6931,B,mrac.roll.theta_3,0.00031923849
22.6931,B,mrac.roll.theta_4,0.042788133
22.6931,B,mrac.roll.theta_5,0.052621972
22.6931,B,mrac.roll.u_nom,0.045785885
22.6931,B,mrac.roll.xm,0.13506742
22.6931,B,mrac.yaw.theta_0,1.4336755e-05
22.6931,B,mrac.yaw.theta_1,0.0016191055
22.6931,B,mrac.yaw.theta_2,2.3526636e-05
22.6931,B,mrac.yaw.theta_3,0
22.6931,B,mrac.yaw.theta_4,0.01816098
22.6931,B,mrac.yaw.theta_5,0.065225877
22.6931,B,mrac.yaw.u_nom,-0.043750748
22.6931,B,mrac.yaw.xm,-0.13836475
22.6931,B,mrac.z.theta_0,0.98178536
22.6931,B,mrac.z.theta_1,0.0048976741
22.6931,B,mrac.z.theta_2,0.0076891221
22.6931,B,mrac.z.theta_3,0
22.6931,B,mrac.z.theta_4,0.19919538
22.6931,B,mrac.z.theta_5,0.19811851
22.6931,B,mrac.z.u_nom,0.92881018
22.6931,B,mrac.z.xm,0.48578769
22.6931,B,path.active_path_mode,0
22.6931,B,path.circle_theta,0
22.6931,B,path.sinusoid_t_elapsed,0
22.6931,B,path.twc_arrived,0
22.6931,B,path.twc_target_x,0
22.6931,B,path.twc_target_y,0
22.6931,B,path.twc_target_z,0
22.6931,B,pid.gyrox.Des,7.7387896
22.6931,B,pid.gyrox.FB,1.0032886
22.6931,B,pid.gyrox.U,53.569485
22.6931,B,pid.gyroy.Des,-15.375476
22.6931,B,pid.gyroy.FB,-3.3314598
22.6931,B,pid.gyroy.U,-52.352921
22.6931,B,pid.gyroz.Des,-7.9277124
22.6931,B,pid.gyroz.FB,2.0602019
22.6931,B,pid.gyroz.U,-81.901398
22.6931,B,pid.locx.Des,0
22.6931,B,pid.locx.FB,4.3251338
22.6931,B,pid.locx.U,-5.6201038
22.6931,B,pid.locxs.Des,-5.6201038
22.6931,B,pid.locxs.FB,3.9999149
22.6931,B,pid.locxs.U,-23.196135
22.6931,B,pid.locy.Des,0
22.6931,B,pid.locy.FB,43.798542
22.6931,B,pid.locy.U,-37.037853
22.6931,B,pid.locys.Des,-37.037853
22.6931,B,pid.locys.FB,-0.026111437
22.6931,B,pid.locys.U,-111.06386
22.6931,B,pid.pitch.Des,-6.4683323
22.6931,B,pid.pitch.FB,-1.2877437
22.6931,B,pid.pitch.U,-15.375476
22.6931,B,pid.roll.Des,1.312296
22.6931,B,pid.roll.FB,-1.3171511
22.6931,B,pid.roll.U,7.7387896
22.6931,B,pid.yaw.Des,-0.61393034
22.6931,B,pid.yaw.FB,0.37402174
22.6931,B,pid.yaw.U,-7.9277124
22.6931,B,pid.z_pos.Des,1.1493505
22.6931,B,pid.z_pos.FB,0.66965377
22.6931,B,pid.z_pos.U,0.48578769
22.6931,B,pid.z_rate.Des,0.48578769
22.6931,B,pid.z_rate.FB,4.3712629e-05
22.6931,B,pid.z_rate.U,206.19586
22.6931,B,status.vbat,0
22.8940,A,mrac.pitch.e,0.14820048
22.8940,A,mrac.pitch.u_ad,-0.034792349
22.8940,A,mrac.roll.e,-0.23035729
22.8940,A,mrac.roll.u_ad,0.15913351
22.8940,A,mrac.yaw.e,0.16317265
22.8940,A,mrac.yaw.u_ad,-0.01054325
22.8940,A,mrac.z.e,-0.50569612
22.8940,A,mrac.z.u_ad,1.2790617
22.8940,A,status.arm,1
22.8940,A,status.flymode,1
22.8940,A,status.rc_authority,0
22.8940,A,status.sbus_lost,0
22.8940,A,status.twc_arrived,0
22.8940,A,status.twc_execute,0
22.8941,B,mrac.pitch.theta_0,1.6815582e-44
22.8941,B,mrac.pitch.theta_1,0.0058110021
22.8941,B,mrac.pitch.theta_2,0.00034324903
22.8941,B,mrac.pitch.theta_3,0.00093447295
22.8941,B,mrac.pitch.theta_4,0.06652765
22.8941,B,mrac.pitch.theta_5,0.14577602
22.8941,B,mrac.pitch.u_nom,-0.080401428
22.8941,B,mrac.pitch.xm,-0.1975536
22.8941,B,mrac.roll.theta_0,0.14870197
22.8941,B,mrac.roll.theta_1,0.0015213625
22.8941,B,mrac.roll.theta_2,0.0042914781
22.8941,B,mrac.roll.theta_3,0.00031942996
22.8941,B,mrac.roll.theta_4,0.042880781
22.8941,B,mrac.roll.theta_5,0.052888721
22.8941,B,mrac.roll.u_nom,-0.07870701
22.8941,B,mrac.roll.xm,0.15934466
22.8941,B,mrac.yaw.theta_0,4.8982379e-06
22.8941,B,mrac.yaw.theta_1,0.0016213912
22.8941,B,mrac.yaw.theta_2,2.3515757e-05
22.8941,B,mrac.yaw.theta_3,0
22.8941,B,mrac.yaw.theta_4,0.018229723
22.8941,B,mrac.yaw.theta_5,0.065481298
22.8941,B,mrac.yaw.u_nom,-0.041430708
22.8941,B,mrac.yaw.xm,-0.15093079
22.8941,B,mrac.z.theta_0,0.98171455
22.8941,B,mrac.z.theta_1,0.0047816769
22.8941,B,mrac.z.theta_2,0.0076974435
22.8941,B,mrac.z.theta_3,0
22.8941,B,mrac.z.theta_4,0.19920181
22.8941,B,mrac.z.theta_5,0.19814071
22.8941,B,mrac.z.u_nom,0.98534709
22.8941,B,mrac.z.xm,0.49283069
22.8941,B,path.active_path_mode,0
22.8941,B,path.circle_theta,0
22.8941,B,path.sinusoid_t_elapsed,0
22.8941,B,path.twc_arrived,0
22.8941,B,path.twc_target_x,0
22.8941,B,path.twc_target_y,0
22.8941,B,path.twc_target_z,0
22.8941,B,pid.gyrox.Des,9.1297722
22.8941,B,pid.gyrox.FB,7.9851737
22.8941,B,pid.gyrox.U,-92.087204
22.8941,B,pid.gyroy.Des,-11.318983
22.8941,B,pid.gyroy.FB,-1.3463309
22.8941,B,pid.gyroy.U,-94.069672
22.8941,B,pid.gyroz.Des,-8.6476936
22.8941,B,pid.gyroz.FB,0.79290777
22.8941,B,pid.gyroz.U,-77.558289
22.8941,B,pid.locx.Des,0
22.8941,B,pid.locx.FB,5.6131725
22.8941,B,pid.locx.U,-6.6699066
22.8941,B,pid.locxs.Des,-6.6699066
22.8941,B,pid.locxs.FB,4.9739475
22.8941,B,pid.locxs.U,-35.118919
22.8941,B,pid.locy.Des,0
22.8941,B,pid.locy.FB,43.567692
22.8941,B,pid.locy.U,-36.780602
22.8941,B,pid.locys.Des,-36.780602
22.8941,B,pid.locys.FB,-3.042999
22.8941,B,pid.locys.U,-95.114548
22.8941,B,pid.pitch.Des,-5.5562057
22.8941,B,pid.pitch.FB,-1.7450709
22.8941,B,pid.pitch.U,-11.318983
22.8941,B,pid.roll.Des,2.0021043
22.8941,B,pid.roll.FB,-1.0354301
22.8941,B,pid.roll.U,9.1297722
22.8941,B,pid.yaw.Des,-0.61393034
22.8941,B,pid.yaw.FB,0.4940187
22.8941,B,pid.yaw.U,-8.6476936
22.8941,B,pid.z_pos.Des,1.1493505
22.8941,B,pid.z_pos.FB,0.65958613
22.8941,B,pid.z_pos.U,0.49283069
22.8941,B,pid.z_rate.Des,0.49283069
22.8941,B,pid.z_rate.FB,-0.024291281
22.8941,B,pid.z_rate.U,218.74706
22.8941,B,status.vbat,0
23.0946,A,mrac.pitch.e,0.33055505
23.0946,A,mrac.pitch.u_ad,-0.034628831
23.0946,A,mrac.roll.e,-0.20887685
23.0946,A,mrac.roll.u_ad,0.15816171
23.0946,A,mrac.yaw.e,0.18984871
23.0946,A,mrac.yaw.u_ad,-0.012321064
23.0946,A,mrac.z.e,-0.49212083
23.0946,A,mrac.z.u_ad,1.2671193
23.0946,A,status.arm,1
23.0946,A,status.flymode,1
23.0946,A,status.rc_authority,0
23.0946,A,status.sbus_lost,0
23.0946,A,status.twc_arrived,0
23.0946,A,status.twc_execute,0
23.0948,B,mrac.pitch.theta_0,1.6815582e-44
23.0948,B,mrac.pitch.theta_1,0.0057849772
23.0948,B,mrac.pitch.theta_2,0.00034299196
23.0948,B,mrac.pitch.theta_3,0.00093495683
23.0948,B,mrac.pitch.theta_4,0.06661807
23.0948,B,mrac.pitch.theta_5,0.14577338
23.0948,B,mrac.pitch.u_nom,0.0067588645
23.0948,B,mrac.pitch.xm,-0.19764587
23.0948,B,mrac.roll.theta_0,0.14876829
23.0948,B,mrac.roll.theta_1,0.0015360198
23.0948,B,mrac.roll.theta_2,0.0042927521
23.0948,B,mrac.roll.theta_3,0.00031985797
23.0948,B,mrac.roll.theta_4,0.042951692
23.0948,B,mrac.roll.theta_5,0.053008925
23.0948,B,mrac.roll.u_nom,-0.0055369483
23.0948,B,mrac.roll.xm,0.18699394
23.0948,B,mrac.yaw.theta_0,2.2199933e-06
23.0948,B,mrac.yaw.theta_1,0.0016143761
23.0948,B,mrac.yaw.theta_2,2.3500766e-05
23.0948,B,mrac.yaw.theta_3,0
23.0948,B,mrac.yaw.theta_4,0.018289275
23.0948,B,mrac.yaw.theta_5,0.065679125
23.0948,B,mrac.yaw.u_nom,-0.062398639
23.0948,B,mrac.yaw.xm,-0.17147446
23.0948,B,mrac.z.theta_0,0.98172104
23.0948,B,mrac.z.theta_1,0.004765016
23.0948,B,mrac.z.theta_2,0.0076963035
23.0948,B,mrac.z.theta_3,0
23.0948,B,mrac.z.theta_4,0.19920345
23.0948,B,mrac.z.theta_5,0.19815637
23.0948,B,mrac.z.u_nom,0.94178092
23.0948,B,mrac.z.xm,0.49276906
23.0948,B,path.active_path_mode,0
23.0948,B,path.circle_theta,0
23.0948,B,path.sinusoid_t_elapsed,0
23.0948,B,path.twc_arrived,0
23.0948,B,path.twc_target_x,0
23.0948,B,path.twc_target_y,0
23.0948,B,path.twc_target_z,0
23.0948,B,pid.gyrox.Des,10.713959
23.0948,B,pid.gyrox.FB,4.1832175
23.0948,B,pid.gyrox.U,-6.4782295
23.0948,B,pid.gyroy.Des,-11.324269
23.0948,B,pid.gyroy.FB,-3.4967275
23.0948,B,pid.gyroy.U,7.9078712
23.0948,B,pid.gyroz.Des,-9.8247585
23.0948,B,pid.gyroz.FB,4.5252767
23.0948,B,pid.gyroz.U,-116.81025
23.0948,B,pid.locx.Des,0
23.0948,B,pid.locx.FB,6.4129677
23.0948,B,pid.locx.U,-7.2884727
23.0948,B,pid.locxs.Des,-7.2884727
23.0948,B,pid.locxs.FB,3.9394803
23.0948,B,pid.locxs.U,-33.853645
23.0948,B,pid.locy.Des,0
23.0948,B,pid.locy.FB,43.010319
23.0948,B,pid.locy.U,-36.246376
23.0948,B,pid.locys.Des,-36.246376
23.0948,B,pid.locys.FB,-5.0478206
23.0948,B,pid.locys.U,-93.385712
23.0948,B,pid.pitch.Des,-5.4624977
23.0948,B,pid.pitch.FB,-1.6373301
23.0948,B,pid.pitch.U,-11.324269
23.0948,B,pid.roll.Des,1.9105589
23.0948,B,pid.roll.FB,-0.71578372
23.0948,B,pid.roll.U,10.713959
23.0948,B,pid.yaw.Des,-0.61393034
23.0948,B,pid.yaw.FB,0.69019622
23.0948,B,pid.yaw.U,-9.8247585
23.0948,B,pid.z_pos.Des,1.1493505
23.0948,B,pid.z_pos.FB,0.659679
23.0948,B,pid.z_pos.U,0.49276906
23.0948,B,pid.z_rate.Des,0.49276906
23.0948,B,pid.z_rate.FB,-0.0001736831
23.0948,B,pid.z_rate.U,209.07536
23.0948,B,status.vbat,0
23.3104,A,mrac.pitch.e,0.21709386
23.3104,A,mrac.pitch.u_ad,-0.033563409
23.3104,A,mrac.roll.e,-0.2185127
23.3104,A,mrac.roll.u_ad,0.1578255
23.3104,A,mrac.yaw.e,0.17218649
23.3104,A,mrac.yaw.u_ad,-0.012635796
23.3104,A,mrac.z.e,-0.49200797
23.3104,A,mrac.z.u_ad,1.2668216
23.3104,A,status.arm,1
23.3104,A,status.flymode,1
23.3104,A,status.rc_authority,0
23.3104,A,status.sbus_lost,0
23.3104,A,status.twc_arrived,0
23.3104,A,status.twc_execute,0
23.3104,B,mrac.pitch.theta_0,1.6815582e-44
23.3104,B,mrac.pitch.theta_1,0.0057147387
23.3104,B,mrac.pitch.theta_2,0.00034266571
23.3104,B,mrac.pitch.theta_3,0.00093514804
23.3104,B,mrac.pitch.theta_4,0.066684872
23.3104,B,mrac.pitch.theta_5,0.1457728
23.3104,B,mrac.pitch.u_nom,-0.084125876
23.3104,B,mrac.pitch.xm,-0.20440602
23.3104,B,mrac.roll.theta_0,0.14880697
23.3104,B,mrac.roll.theta_1,0.0015360253
23.3104,B,mrac.roll.theta_2,0.0042928527
23.3104,B,mrac.roll.theta_3,0.00032028905
23.3104,B,mrac.roll.theta_4,0.042977672
23.3104,B,mrac.roll.theta_5,0.053081639
23.3104,B,mrac.roll.u_nom,0.0098822052
23.3104,B,mrac.roll.xm,0.13724738
23.3104,B,mrac.yaw.theta_0,1.4090487e-06
23.3104,B,mrac.yaw.theta_1,0.0016108849
23.3104,B,mrac.yaw.theta_2,2.3493854e-05
23.3104,B,mrac.yaw.theta_3,0
23.3104,B,mrac.yaw.theta_4,0.018326975
23.3104,B,mrac.yaw.theta_5,0.065811396
23.3104,B,mrac.yaw.u_nom,-0.05180724
23.3104,B,mrac.yaw.xm,-0.18231103
23.3104,B,mrac.z.theta_0,0.98172653
23.3104,B,mrac.z.theta_1,0.0047646598
23.3104,B,mrac.z.theta_2,0.0076956465
23.3104,B,mrac.z.theta_3,0
23.3104,B,mrac.z.theta_4,0.19920395
23.3104,B,mrac.z.theta_5,0.19816422
23.3104,B,mrac.z.u_nom,0.94029254
23.3104,B,mrac.z.xm,0.49272215
23.3104,B,path.active_path_mode,0
23.3104,B,path.circle_theta,0
23.3104,B,path.sinusoid_t_elapsed,0
23.3104,B,path.twc_arrived,0
23.3104,B,path.twc_target_x,0
23.3104,B,path.twc_target_y,0
23.3104,B,path.twc_target_z,0
23.3104,B,pid.gyrox.Des,7.8636923
23.3104,B,pid.gyrox.FB,-0.51055932
23.3104,B,pid.gyrox.U,11.56218
23.3104,B,pid.gyroy.Des,-11.711597
23.3104,B,pid.gyroy.FB,3.7719254
23.3104,B,pid.gyroy.U,-98.427277
23.3104,B,pid.gyroz.Des,-10.445648
23.3104,B,pid.gyroz.FB,1.4299983
23.3104,B,pid.gyroz.U,-96.983154
23.3104,B,pid.locx.Des,0
23.3104,B,pid.locx.FB,6.6831136
23.3104,B,pid.locx.U,-7.4520292
23.3104,B,pid.locxs.Des,-7.4520292
23.3104,B,pid.locxs.FB,2.9166009
23.3104,B,pid.locxs.U,-31.261305
23.3104,B,pid.locy.Des,0
23.3104,B,pid.locy.FB,42.641743
23.3104,B,pid.locy.U,-35.931927
23.3104,B,pid.locys.Des,-35.931927
23.3104,B,pid.locys.FB,-6.0409794
23.3104,B,pid.locys.U,-89.438011
23.3104,B,pid.pitch.Des,-5.2350817
23.3104,B,pid.pitch.FB,-1.3553878
23.3104,B,pid.pitch.U,-11.711597
23.3104,B,pid.roll.Des,1.7528614
23.3104,B,pid.roll.FB,-0.83645803
23.3104,B,pid.roll.U,7.8636923
23.3104,B,pid.yaw.Des,-0.61393034
23.3104,B,pid.yaw.FB,0.79367769
23.3104,B,pid.yaw.U,-10.445648
23.3104,B,pid.z_pos.Des,1.1493505
23.3104,B,pid.z_pos.FB,0.65974498
23.3104,B,pid.z_pos.U,0.49272215
23.3104,B,pid.z_rate.Des,0.49272215
23.3104,B,pid.z_rate.FB,0.0006054751
23.3104,B,pid.z_rate.U,208.74495
23.3104,B,status.vbat,0
23.5275,A,mrac.pitch.e,0.21709386
23.5275,A,mrac.pitch.u_ad,-0.033563409
23.5275,A,mrac.roll.e,-0.2185127
23.5275,A,mrac.roll.u_ad,0.1578255
23.5275,A,mrac.yaw.e,0.17218649
23.5275,A,mrac.yaw.u_ad,-0.012635796
23.5275,A,mrac.z.e,-0.49200797
23.5275,A,mrac.z.u_ad,1.2668216
23.5275,A,status.arm,1
23.5275,A,status.flymode,1
23.5275,A,status.rc_authority,0
23.5275,A,status.sbus_lost,0
23.5275,A,status.twc_arrived,0
23.5275,A,status.twc_execute,0
23.5276,B,mrac.pitch.theta_0,1.6815582e-44
23.5276,B,mrac.pitch.theta_1,0.0057147387
23.5276,B,mrac.pitch.theta_2,0.00034266571
23.5276,B,mrac.pitch.theta_3,0.00093514804
23.5276,B,mrac.pitch.theta_4,0.066684872
23.5276,B,mrac.pitch.theta_5,0.1457728
23.5276,B,mrac.pitch.u_nom,-0.084125876
23.5276,B,mrac.pitch.xm,-0.20440602
23.5276,B,mrac.roll.theta_0,0.14880697
23.5276,B,mrac.roll.theta_1,0.0015360253
23.5276,B,mrac.roll.theta_2,0.0042928527
23.5276,B,mrac.roll.theta_3,0.00032028905
23.5276,B,mrac.roll.theta_4,0.042977672
23.5276,B,mrac.roll.theta_5,0.053081639
23.5276,B,mrac.roll.u_nom,0.0098822052
23.5276,B,mrac.roll.xm,0.13724738
23.5276,B,mrac.yaw.theta_0,1.4090487e-06
23.5276,B,mrac.yaw.theta_1,0.0016108849
23.5276,B,mrac.yaw.theta_2,2.3493854e-05
23.5276,B,mrac.yaw.theta_3,0
23.5276,B,mrac.yaw.theta_4,0.018326975
23.5276,B,mrac.yaw.theta_5,0.065811396
23.5276,B,mrac.yaw.u_nom,-0.05180724
23.5276,B,mrac.yaw.xm,-0.18231103
23.5276,B,mrac.z.theta_0,0.98172653
23.5276,B,mrac.z.theta_1,0.0047646598
23.5276,B,mrac.z.theta_2,0.0076956465
23.5276,B,mrac.z.theta_3,0
23.5276,B,mrac.z.theta_4,0.19920395
23.5276,B,mrac.z.theta_5,0.19816422
23.5276,B,mrac.z.u_nom,0.94029254
23.5276,B,mrac.z.xm,0.49272215
23.5276,B,path.active_path_mode,0
23.5276,B,path.circle_theta,0
23.5276,B,path.sinusoid_t_elapsed,0
23.5276,B,path.twc_arrived,0
23.5276,B,path.twc_target_x,0
23.5276,B,path.twc_target_y,0
23.5276,B,path.twc_target_z,0
23.5276,B,pid.gyrox.Des,7.8636923
23.5276,B,pid.gyrox.FB,-0.51055932
23.5276,B,pid.gyrox.U,11.56218
23.5276,B,pid.gyroy.Des,-11.711597
23.5276,B,pid.gyroy.FB,3.7719254
23.5276,B,pid.gyroy.U,-98.427277
23.5276,B,pid.gyroz.Des,-10.445648
23.5276,B,pid.gyroz.FB,1.4299983
23.5276,B,pid.gyroz.U,-96.983154
23.5276,B,pid.locx.Des,0
23.5276,B,pid.locx.FB,6.6831136
23.5276,B,pid.locx.U,-7.4520292
23.5276,B,pid.locxs.Des,-7.4520292
23.5276,B,pid.locxs.FB,2.9166009
23.5276,B,pid.locxs.U,-31.261305
23.5276,B,pid.locy.Des,0
23.5276,B,pid.locy.FB,42.641743
23.5276,B,pid.locy.U,-35.931927
23.5276,B,pid.locys.Des,-35.931927
23.5276,B,pid.locys.FB,-6.0409794
23.5276,B,pid.locys.U,-89.438011
23.5276,B,pid.pitch.Des,-5.2350817
23.5276,B,pid.pitch.FB,-1.3553878
23.5276,B,pid.pitch.U,-11.711597
23.5276,B,pid.roll.Des,1.7528614
23.5276,B,pid.roll.FB,-0.83645803
23.5276,B,pid.roll.U,7.8636923
23.5276,B,pid.yaw.Des,-0.61393034
23.5276,B,pid.yaw.FB,0.79367769
23.5276,B,pid.yaw.U,-10.445648
23.5276,B,pid.z_pos.Des,1.1493505
23.5276,B,pid.z_pos.FB,0.65974498
23.5276,B,pid.z_pos.U,0.49272215
23.5276,B,pid.z_rate.Des,0.49272215
23.5276,B,pid.z_rate.FB,0.0006054751
23.5276,B,pid.z_rate.U,208.74495
23.5276,B,status.vbat,0
23.7433,A,mrac.pitch.e,0.21709386
23.7433,A,mrac.pitch.u_ad,-0.033563409
23.7433,A,mrac.roll.e,-0.2185127
23.7433,A,mrac.roll.u_ad,0.1578255
23.7433,A,mrac.yaw.e,0.17218649
23.7433,A,mrac.yaw.u_ad,-0.012635796
23.7433,A,mrac.z.e,-0.49200797
23.7433,A,mrac.z.u_ad,1.2668216
23.7433,A,status.arm,1
23.7433,A,status.flymode,1
23.7433,A,status.rc_authority,0
23.7433,A,status.sbus_lost,0
23.7433,A,status.twc_arrived,0
23.7433,A,status.twc_execute,0
23.7434,B,mrac.pitch.theta_0,1.6815582e-44
23.7434,B,mrac.pitch.theta_1,0.0057147387
23.7434,B,mrac.pitch.theta_2,0.00034266571
23.7434,B,mrac.pitch.theta_3,0.00093514804
23.7434,B,mrac.pitch.theta_4,0.066684872
23.7434,B,mrac.pitch.theta_5,0.1457728
23.7434,B,mrac.pitch.u_nom,-0.084125876
23.7434,B,mrac.pitch.xm,-0.20440602
23.7434,B,mrac.roll.theta_0,0.14880697
23.7434,B,mrac.roll.theta_1,0.0015360253
23.7434,B,mrac.roll.theta_2,0.0042928527
23.7434,B,mrac.roll.theta_3,0.00032028905
23.7434,B,mrac.roll.theta_4,0.042977672
23.7434,B,mrac.roll.theta_5,0.053081639
23.7434,B,mrac.roll.u_nom,0.0098822052
23.7434,B,mrac.roll.xm,0.13724738
23.7434,B,mrac.yaw.theta_0,1.4090487e-06
23.7434,B,mrac.yaw.theta_1,0.0016108849
23.7434,B,mrac.yaw.theta_2,2.3493854e-05
23.7434,B,mrac.yaw.theta_3,0
23.7434,B,mrac.yaw.theta_4,0.018326975
23.7434,B,mrac.yaw.theta_5,0.065811396
23.7434,B,mrac.yaw.u_nom,-0.05180724
23.7434,B,mrac.yaw.xm,-0.18231103
23.7434,B,mrac.z.theta_0,0.98172653
23.7434,B,mrac.z.theta_1,0.0047646598
23.7434,B,mrac.z.theta_2,0.0076956465
23.7434,B,mrac.z.theta_3,0
23.7434,B,mrac.z.theta_4,0.19920395
23.7434,B,mrac.z.theta_5,0.19816422
23.7434,B,mrac.z.u_nom,0.94029254
23.7434,B,mrac.z.xm,0.49272215
23.7434,B,path.active_path_mode,0
23.7434,B,path.circle_theta,0
23.7434,B,path.sinusoid_t_elapsed,0
23.7434,B,path.twc_arrived,0
23.7434,B,path.twc_target_x,0
23.7434,B,path.twc_target_y,0
23.7434,B,path.twc_target_z,0
23.7434,B,pid.gyrox.Des,7.8636923
23.7434,B,pid.gyrox.FB,-0.51055932
23.7434,B,pid.gyrox.U,11.56218
23.7434,B,pid.gyroy.Des,-11.711597
23.7434,B,pid.gyroy.FB,3.7719254
23.7434,B,pid.gyroy.U,-98.427277
23.7434,B,pid.gyroz.Des,-10.445648
23.7434,B,pid.gyroz.FB,1.4299983
23.7434,B,pid.gyroz.U,-96.983154
23.7434,B,pid.locx.Des,0
23.7434,B,pid.locx.FB,6.6831136
23.7434,B,pid.locx.U,-7.4520292
23.7434,B,pid.locxs.Des,-7.4520292
23.7434,B,pid.locxs.FB,2.9166009
23.7434,B,pid.locxs.U,-31.261305
23.7434,B,pid.locy.Des,0
23.7434,B,pid.locy.FB,42.641743
23.7434,B,pid.locy.U,-35.931927
23.7434,B,pid.locys.Des,-35.931927
23.7434,B,pid.locys.FB,-6.0409794
23.7434,B,pid.locys.U,-89.438011
23.7434,B,pid.pitch.Des,-5.2350817
23.7434,B,pid.pitch.FB,-1.3553878
23.7434,B,pid.pitch.U,-11.711597
23.7434,B,pid.roll.Des,1.7528614
23.7434,B,pid.roll.FB,-0.83645803
23.7434,B,pid.roll.U,7.8636923
23.7434,B,pid.yaw.Des,-0.61393034
23.7434,B,pid.yaw.FB,0.79367769
23.7434,B,pid.yaw.U,-10.445648
23.7434,B,pid.z_pos.Des,1.1493505
23.7434,B,pid.z_pos.FB,0.65974498
23.7434,B,pid.z_pos.U,0.49272215
23.7434,B,pid.z_rate.Des,0.49272215
23.7434,B,pid.z_rate.FB,0.0006054751
23.7434,B,pid.z_rate.U,208.74495
23.7434,B,status.vbat,0
23.9604,A,mrac.pitch.e,0.21709386
23.9604,A,mrac.pitch.u_ad,-0.033563409
23.9604,A,mrac.roll.e,-0.2185127
23.9604,A,mrac.roll.u_ad,0.1578255
23.9604,A,mrac.yaw.e,0.17218649
23.9604,A,mrac.yaw.u_ad,-0.012635796
23.9604,A,mrac.z.e,-0.49200797
23.9604,A,mrac.z.u_ad,1.2668216
23.9604,A,status.arm,1
23.9604,A,status.flymode,1
23.9604,A,status.rc_authority,0
23.9604,A,status.sbus_lost,0
23.9604,A,status.twc_arrived,0
23.9604,A,status.twc_execute,0
23.9605,B,mrac.pitch.theta_0,1.6815582e-44
23.9605,B,mrac.pitch.theta_1,0.0057147387
23.9605,B,mrac.pitch.theta_2,0.00034266571
23.9605,B,mrac.pitch.theta_3,0.00093514804
23.9605,B,mrac.pitch.theta_4,0.066684872
23.9605,B,mrac.pitch.theta_5,0.1457728
23.9605,B,mrac.pitch.u_nom,-0.084125876
23.9605,B,mrac.pitch.xm,-0.20440602
23.9605,B,mrac.roll.theta_0,0.14880697
23.9605,B,mrac.roll.theta_1,0.0015360253
23.9605,B,mrac.roll.theta_2,0.0042928527
23.9605,B,mrac.roll.theta_3,0.00032028905
23.9605,B,mrac.roll.theta_4,0.042977672
23.9605,B,mrac.roll.theta_5,0.053081639
23.9605,B,mrac.roll.u_nom,0.0098822052
23.9605,B,mrac.roll.xm,0.13724738
23.9605,B,mrac.yaw.theta_0,1.4090487e-06
23.9605,B,mrac.yaw.theta_1,0.0016108849
23.9605,B,mrac.yaw.theta_2,2.3493854e-05
23.9605,B,mrac.yaw.theta_3,0
23.9605,B,mrac.yaw.theta_4,0.018326975
23.9605,B,mrac.yaw.theta_5,0.065811396
23.9605,B,mrac.yaw.u_nom,-0.05180724
23.9605,B,mrac.yaw.xm,-0.18231103
23.9605,B,mrac.z.theta_0,0.98172653
23.9605,B,mrac.z.theta_1,0.0047646598
23.9605,B,mrac.z.theta_2,0.0076956465
23.9605,B,mrac.z.theta_3,0
23.9605,B,mrac.z.theta_4,0.19920395
23.9605,B,mrac.z.theta_5,0.19816422
23.9605,B,mrac.z.u_nom,0.94029254
23.9605,B,mrac.z.xm,0.49272215
23.9605,B,path.active_path_mode,0
23.9605,B,path.circle_theta,0
23.9605,B,path.sinusoid_t_elapsed,0
23.9605,B,path.twc_arrived,0
23.9605,B,path.twc_target_x,0
23.9605,B,path.twc_target_y,0
23.9605,B,path.twc_target_z,0
23.9605,B,pid.gyrox.Des,7.8636923
23.9605,B,pid.gyrox.FB,-0.51055932
23.9605,B,pid.gyrox.U,11.56218
23.9605,B,pid.gyroy.Des,-11.711597
23.9605,B,pid.gyroy.FB,3.7719254
23.9605,B,pid.gyroy.U,-98.427277
23.9605,B,pid.gyroz.Des,-10.445648
23.9605,B,pid.gyroz.FB,1.4299983
23.9605,B,pid.gyroz.U,-96.983154
23.9605,B,pid.locx.Des,0
23.9605,B,pid.locx.FB,6.6831136
23.9605,B,pid.locx.U,-7.4520292
23.9605,B,pid.locxs.Des,-7.4520292
23.9605,B,pid.locxs.FB,2.9166009
23.9605,B,pid.locxs.U,-31.261305
23.9605,B,pid.locy.Des,0
23.9605,B,pid.locy.FB,42.641743
23.9605,B,pid.locy.U,-35.931927
23.9605,B,pid.locys.Des,-35.931927
23.9605,B,pid.locys.FB,-6.0409794
23.9605,B,pid.locys.U,-89.438011
23.9605,B,pid.pitch.Des,-5.2350817
23.9605,B,pid.pitch.FB,-1.3553878
23.9605,B,pid.pitch.U,-11.711597
23.9605,B,pid.roll.Des,1.7528614
23.9605,B,pid.roll.FB,-0.83645803
23.9605,B,pid.roll.U,7.8636923
23.9605,B,pid.yaw.Des,-0.61393034
23.9605,B,pid.yaw.FB,0.79367769
23.9605,B,pid.yaw.U,-10.445648
23.9605,B,pid.z_pos.Des,1.1493505
23.9605,B,pid.z_pos.FB,0.65974498
23.9605,B,pid.z_pos.U,0.49272215
23.9605,B,pid.z_rate.Des,0.49272215
23.9605,B,pid.z_rate.FB,0.0006054751
23.9605,B,pid.z_rate.U,208.74495
23.9605,B,status.vbat,0
24.1762,A,mrac.pitch.e,0.21709386
24.1762,A,mrac.pitch.u_ad,-0.033563409
24.1762,A,mrac.roll.e,-0.2185127
24.1762,A,mrac.roll.u_ad,0.1578255
24.1762,A,mrac.yaw.e,0.17218649
24.1762,A,mrac.yaw.u_ad,-0.012635796
24.1762,A,mrac.z.e,-0.49200797
24.1762,A,mrac.z.u_ad,1.2668216
24.1762,A,status.arm,1
24.1762,A,status.flymode,1
24.1762,A,status.rc_authority,0
24.1762,A,status.sbus_lost,0
24.1762,A,status.twc_arrived,0
24.1762,A,status.twc_execute,0
24.1762,B,mrac.pitch.theta_0,1.6815582e-44
24.1762,B,mrac.pitch.theta_1,0.0057147387
24.1762,B,mrac.pitch.theta_2,0.00034266571
24.1762,B,mrac.pitch.theta_3,0.00093514804
24.1762,B,mrac.pitch.theta_4,0.066684872
24.1762,B,mrac.pitch.theta_5,0.1457728
24.1762,B,mrac.pitch.u_nom,-0.084125876
24.1762,B,mrac.pitch.xm,-0.20440602
24.1762,B,mrac.roll.theta_0,0.14880697
24.1762,B,mrac.roll.theta_1,0.0015360253
24.1762,B,mrac.roll.theta_2,0.0042928527
24.1762,B,mrac.roll.theta_3,0.00032028905
24.1762,B,mrac.roll.theta_4,0.042977672
24.1762,B,mrac.roll.theta_5,0.053081639
24.1762,B,mrac.roll.u_nom,0.0098822052
24.1762,B,mrac.roll.xm,0.13724738
24.1762,B,mrac.yaw.theta_0,1.4090487e-06
24.1762,B,mrac.yaw.theta_1,0.0016108849
24.1762,B,mrac.yaw.theta_2,2.3493854e-05
24.1762,B,mrac.yaw.theta_3,0
24.1762,B,mrac.yaw.theta_4,0.018326975
24.1762,B,mrac.yaw.theta_5,0.065811396
24.1762,B,mrac.yaw.u_nom,-0.05180724
24.1762,B,mrac.yaw.xm,-0.18231103
24.1762,B,mrac.z.theta_0,0.98172653
24.1762,B,mrac.z.theta_1,0.0047646598
24.1762,B,mrac.z.theta_2,0.0076956465
24.1762,B,mrac.z.theta_3,0
24.1762,B,mrac.z.theta_4,0.19920395
24.1762,B,mrac.z.theta_5,0.19816422
24.1762,B,mrac.z.u_nom,0.94029254
24.1762,B,mrac.z.xm,0.49272215
24.1762,B,path.active_path_mode,0
24.1762,B,path.circle_theta,0
24.1762,B,path.sinusoid_t_elapsed,0
24.1762,B,path.twc_arrived,0
24.1762,B,path.twc_target_x,0
24.1762,B,path.twc_target_y,0
24.1762,B,path.twc_target_z,0
24.1762,B,pid.gyrox.Des,7.8636923
24.1762,B,pid.gyrox.FB,-0.51055932
24.1762,B,pid.gyrox.U,11.56218
24.1762,B,pid.gyroy.Des,-11.711597
24.1762,B,pid.gyroy.FB,3.7719254
24.1762,B,pid.gyroy.U,-98.427277
24.1762,B,pid.gyroz.Des,-10.445648
24.1762,B,pid.gyroz.FB,1.4299983
24.1762,B,pid.gyroz.U,-96.983154
24.1762,B,pid.locx.Des,0
24.1762,B,pid.locx.FB,6.6831136
24.1762,B,pid.locx.U,-7.4520292
24.1762,B,pid.locxs.Des,-7.4520292
24.1762,B,pid.locxs.FB,2.9166009
24.1762,B,pid.locxs.U,-31.261305
24.1762,B,pid.locy.Des,0
24.1762,B,pid.locy.FB,42.641743
24.1762,B,pid.locy.U,-35.931927
24.1762,B,pid.locys.Des,-35.931927
24.1762,B,pid.locys.FB,-6.0409794
24.1762,B,pid.locys.U,-89.438011
24.1762,B,pid.pitch.Des,-5.2350817
24.1762,B,pid.pitch.FB,-1.3553878
24.1762,B,pid.pitch.U,-11.711597
24.1762,B,pid.roll.Des,1.7528614
24.1762,B,pid.roll.FB,-0.83645803
24.1762,B,pid.roll.U,7.8636923
24.1762,B,pid.yaw.Des,-0.61393034
24.1762,B,pid.yaw.FB,0.79367769
24.1762,B,pid.yaw.U,-10.445648
24.1762,B,pid.z_pos.Des,1.1493505
24.1762,B,pid.z_pos.FB,0.65974498
24.1762,B,pid.z_pos.U,0.49272215
24.1762,B,pid.z_rate.Des,0.49272215
24.1762,B,pid.z_rate.FB,0.0006054751
24.1762,B,pid.z_rate.U,208.74495
24.1762,B,status.vbat,0
24.3773,A,mrac.pitch.e,0.21709386
24.3773,A,mrac.pitch.u_ad,-0.033563409
24.3773,A,mrac.roll.e,-0.2185127
24.3773,A,mrac.roll.u_ad,0.1578255
24.3773,A,mrac.yaw.e,0.17218649
24.3773,A,mrac.yaw.u_ad,-0.012635796
24.3773,A,mrac.z.e,-0.49200797
24.3773,A,mrac.z.u_ad,1.2668216
24.3773,A,status.arm,1
24.3773,A,status.flymode,1
24.3773,A,status.rc_authority,0
24.3773,A,status.sbus_lost,0
24.3773,A,status.twc_arrived,0
24.3773,A,status.twc_execute,0
24.3774,B,mrac.pitch.theta_0,1.6815582e-44
24.3774,B,mrac.pitch.theta_1,0.0057147387
24.3774,B,mrac.pitch.theta_2,0.00034266571
24.3774,B,mrac.pitch.theta_3,0.00093514804
24.3774,B,mrac.pitch.theta_4,0.066684872
24.3774,B,mrac.pitch.theta_5,0.1457728
24.3774,B,mrac.pitch.u_nom,-0.084125876
24.3774,B,mrac.pitch.xm,-0.20440602
24.3774,B,mrac.roll.theta_0,0.14880697
24.3774,B,mrac.roll.theta_1,0.0015360253
24.3774,B,mrac.roll.theta_2,0.0042928527
24.3774,B,mrac.roll.theta_3,0.00032028905
24.3774,B,mrac.roll.theta_4,0.042977672
24.3774,B,mrac.roll.theta_5,0.053081639
24.3774,B,mrac.roll.u_nom,0.0098822052
24.3774,B,mrac.roll.xm,0.13724738
24.3774,B,mrac.yaw.theta_0,1.4090487e-06
24.3774,B,mrac.yaw.theta_1,0.0016108849
24.3774,B,mrac.yaw.theta_2,2.3493854e-05
24.3774,B,mrac.yaw.theta_3,0
24.3774,B,mrac.yaw.theta_4,0.018326975
24.3774,B,mrac.yaw.theta_5,0.065811396
24.3774,B,mrac.yaw.u_nom,-0.05180724
24.3774,B,mrac.yaw.xm,-0.18231103
24.3774,B,mrac.z.theta_0,0.98172653
24.3774,B,mrac.z.theta_1,0.0047646598
24.3774,B,mrac.z.theta_2,0.0076956465
24.3774,B,mrac.z.theta_3,0
24.3774,B,mrac.z.theta_4,0.19920395
24.3774,B,mrac.z.theta_5,0.19816422
24.3774,B,mrac.z.u_nom,0.94029254
24.3774,B,mrac.z.xm,0.49272215
24.3774,B,path.active_path_mode,0
24.3774,B,path.circle_theta,0
24.3774,B,path.sinusoid_t_elapsed,0
24.3774,B,path.twc_arrived,0
24.3774,B,path.twc_target_x,0
24.3774,B,path.twc_target_y,0
24.3774,B,path.twc_target_z,0
24.3774,B,pid.gyrox.Des,7.8636923
24.3774,B,pid.gyrox.FB,-0.51055932
24.3774,B,pid.gyrox.U,11.56218
24.3774,B,pid.gyroy.Des,-11.711597
24.3774,B,pid.gyroy.FB,3.7719254
24.3774,B,pid.gyroy.U,-98.427277
24.3774,B,pid.gyroz.Des,-10.445648
24.3774,B,pid.gyroz.FB,1.4299983
24.3774,B,pid.gyroz.U,-96.983154
24.3774,B,pid.locx.Des,0
24.3774,B,pid.locx.FB,6.6831136
24.3774,B,pid.locx.U,-7.4520292
24.3774,B,pid.locxs.Des,-7.4520292
24.3774,B,pid.locxs.FB,2.9166009
24.3774,B,pid.locxs.U,-31.261305
24.3774,B,pid.locy.Des,0
24.3774,B,pid.locy.FB,42.641743
24.3774,B,pid.locy.U,-35.931927
24.3774,B,pid.locys.Des,-35.931927
24.3774,B,pid.locys.FB,-6.0409794
24.3774,B,pid.locys.U,-89.438011
24.3774,B,pid.pitch.Des,-5.2350817
24.3774,B,pid.pitch.FB,-1.3553878
24.3774,B,pid.pitch.U,-11.711597
24.3774,B,pid.roll.Des,1.7528614
24.3774,B,pid.roll.FB,-0.83645803
24.3774,B,pid.roll.U,7.8636923
24.3774,B,pid.yaw.Des,-0.61393034
24.3774,B,pid.yaw.FB,0.79367769
24.3774,B,pid.yaw.U,-10.445648
24.3774,B,pid.z_pos.Des,1.1493505
24.3774,B,pid.z_pos.FB,0.65974498
24.3774,B,pid.z_pos.U,0.49272215
24.3774,B,pid.z_rate.Des,0.49272215
24.3774,B,pid.z_rate.FB,0.0006054751
24.3774,B,pid.z_rate.U,208.74495
24.3774,B,status.vbat,0
24.5948,A,mrac.pitch.e,0.21709386
24.5948,A,mrac.pitch.u_ad,-0.033563409
24.5948,A,mrac.roll.e,-0.2185127
24.5948,A,mrac.roll.u_ad,0.1578255
24.5948,A,mrac.yaw.e,0.17218649
24.5948,A,mrac.yaw.u_ad,-0.012635796
24.5948,A,mrac.z.e,-0.49200797
24.5948,A,mrac.z.u_ad,1.2668216
24.5948,A,status.arm,1
24.5948,A,status.flymode,1
24.5948,A,status.rc_authority,0
24.5948,A,status.sbus_lost,0
24.5948,A,status.twc_arrived,0
24.5948,A,status.twc_execute,0
24.5949,B,mrac.pitch.theta_0,1.6815582e-44
24.5949,B,mrac.pitch.theta_1,0.0057147387
24.5949,B,mrac.pitch.theta_2,0.00034266571
24.5949,B,mrac.pitch.theta_3,0.00093514804
24.5949,B,mrac.pitch.theta_4,0.066684872
24.5949,B,mrac.pitch.theta_5,0.1457728
24.5949,B,mrac.pitch.u_nom,-0.084125876
24.5949,B,mrac.pitch.xm,-0.20440602
24.5949,B,mrac.roll.theta_0,0.14880697
24.5949,B,mrac.roll.theta_1,0.0015360253
24.5949,B,mrac.roll.theta_2,0.0042928527
24.5949,B,mrac.roll.theta_3,0.00032028905
24.5949,B,mrac.roll.theta_4,0.042977672
24.5949,B,mrac.roll.theta_5,0.053081639
24.5949,B,mrac.roll.u_nom,0.0098822052
24.5949,B,mrac.roll.xm,0.13724738
24.5949,B,mrac.yaw.theta_0,1.4090487e-06
24.5949,B,mrac.yaw.theta_1,0.0016108849
24.5949,B,mrac.yaw.theta_2,2.3493854e-05
24.5949,B,mrac.yaw.theta_3,0
24.5949,B,mrac.yaw.theta_4,0.018326975
24.5949,B,mrac.yaw.theta_5,0.065811396
24.5949,B,mrac.yaw.u_nom,-0.05180724
24.5949,B,mrac.yaw.xm,-0.18231103
24.5949,B,mrac.z.theta_0,0.98172653
24.5949,B,mrac.z.theta_1,0.0047646598
24.5949,B,mrac.z.theta_2,0.0076956465
24.5949,B,mrac.z.theta_3,0
24.5949,B,mrac.z.theta_4,0.19920395
24.5949,B,mrac.z.theta_5,0.19816422
24.5949,B,mrac.z.u_nom,0.94029254
24.5949,B,mrac.z.xm,0.49272215
24.5949,B,path.active_path_mode,0
24.5949,B,path.circle_theta,0
24.5949,B,path.sinusoid_t_elapsed,0
24.5949,B,path.twc_arrived,0
24.5949,B,path.twc_target_x,0
24.5949,B,path.twc_target_y,0
24.5949,B,path.twc_target_z,0
24.5949,B,pid.gyrox.Des,7.8636923
24.5949,B,pid.gyrox.FB,-0.51055932
24.5949,B,pid.gyrox.U,11.56218
24.5949,B,pid.gyroy.Des,-11.711597
24.5949,B,pid.gyroy.FB,3.7719254
24.5949,B,pid.gyroy.U,-98.427277
24.5949,B,pid.gyroz.Des,-10.445648
24.5949,B,pid.gyroz.FB,1.4299983
24.5949,B,pid.gyroz.U,-96.983154
24.5949,B,pid.locx.Des,0
24.5949,B,pid.locx.FB,6.6831136
24.5949,B,pid.locx.U,-7.4520292
24.5949,B,pid.locxs.Des,-7.4520292
24.5949,B,pid.locxs.FB,2.9166009
24.5949,B,pid.locxs.U,-31.261305
24.5949,B,pid.locy.Des,0
24.5949,B,pid.locy.FB,42.641743
24.5949,B,pid.locy.U,-35.931927
24.5949,B,pid.locys.Des,-35.931927
24.5949,B,pid.locys.FB,-6.0409794
24.5949,B,pid.locys.U,-89.438011
24.5949,B,pid.pitch.Des,-5.2350817
24.5949,B,pid.pitch.FB,-1.3553878
24.5949,B,pid.pitch.U,-11.711597
24.5949,B,pid.roll.Des,1.7528614
24.5949,B,pid.roll.FB,-0.83645803
24.5949,B,pid.roll.U,7.8636923
24.5949,B,pid.yaw.Des,-0.61393034
24.5949,B,pid.yaw.FB,0.79367769
24.5949,B,pid.yaw.U,-10.445648
24.5949,B,pid.z_pos.Des,1.1493505
24.5949,B,pid.z_pos.FB,0.65974498
24.5949,B,pid.z_pos.U,0.49272215
24.5949,B,pid.z_rate.Des,0.49272215
24.5949,B,pid.z_rate.FB,0.0006054751
24.5949,B,pid.z_rate.U,208.74495
24.5949,B,status.vbat,0
24.8111,A,mrac.pitch.e,0.26849222
24.8111,A,mrac.pitch.u_ad,-0.036976486
24.8111,A,mrac.roll.e,-0.15811004
24.8111,A,mrac.roll.u_ad,0.1566755
24.8111,A,mrac.yaw.e,0.17056492
24.8111,A,mrac.yaw.u_ad,-0.015164283
24.8111,A,mrac.z.e,-0.47283259
24.8111,A,mrac.z.u_ad,1.2556781
24.8111,A,status.arm,1
24.8111,A,status.flymode,1
24.8111,A,status.rc_authority,0
24.8111,A,status.sbus_lost,0
24.8111,A,status.twc_arrived,0
24.8111,A,status.twc_execute,0
24.8111,B,mrac.pitch.theta_0,1.6815582e-44
24.8111,B,mrac.pitch.theta_1,0.0055403276
24.8111,B,mrac.pitch.theta_2,0.000339933
24.8111,B,mrac.pitch.theta_3,0.00093939278
24.8111,B,mrac.pitch.theta_4,0.067623071
24.8111,B,mrac.pitch.theta_5,0.14581496
24.8111,B,mrac.pitch.u_nom,-0.093677662
24.8111,B,mrac.pitch.xm,-0.22975324
24.8111,B,mrac.roll.theta_0,0.14885695
24.8111,B,mrac.roll.theta_1,0.0013983696
24.8111,B,mrac.roll.theta_2,0.0043379832
24.8111,B,mrac.roll.theta_3,0.00032169471
24.8111,B,mrac.roll.theta_4,0.043625709
24.8111,B,mrac.roll.theta_5,0.053791098
24.8111,B,mrac.roll.u_nom,0.051306199
24.8111,B,mrac.roll.xm,0.11006726
24.8111,B,mrac.yaw.theta_0,3.8918513e-10
24.8111,B,mrac.yaw.theta_1,0.0016648676
24.8111,B,mrac.yaw.theta_2,2.3407889e-05
24.8111,B,mrac.yaw.theta_3,0
24.8111,B,mrac.yaw.theta_4,0.018978711
24.8111,B,mrac.yaw.theta_5,0.068335816
24.8111,B,mrac.yaw.u_nom,-0.046739776
24.8111,B,mrac.yaw.xm,-0.20810507
24.8111,B,mrac.z.theta_0,0.9817785
24.8111,B,mrac.z.theta_1,0.0067440826
24.8111,B,mrac.z.theta_2,0.007741211
24.8111,B,mrac.z.theta_3,0
24.8111,B,mrac.z.theta_4,0.19918273
24.8111,B,mrac.z.theta_5,0.19826518
24.8111,B,mrac.z.u_nom,0.90606838
24.8111,B,mrac.z.xm,0.47186297
24.8111,B,path.active_path_mode,0
24.8111,B,path.circle_theta,0
24.8111,B,path.sinusoid_t_elapsed,0
24.8111,B,path.twc_arrived,0
24.8111,B,path.twc_target_x,0
24.8111,B,path.twc_target_y,0
24.8111,B,path.twc_target_z,0
24.8111,B,pid.gyrox.Des,6.3063869
24.8111,B,pid.gyrox.FB,-3.8076038
24.8111,B,pid.gyrox.U,60.028252
24.8111,B,pid.gyroy.Des,-13.163885
24.8111,B,pid.gyroy.FB,1.4165375
24.8111,B,pid.gyroy.U,-109.60287
24.8111,B,pid.gyroz.Des,-11.923537
24.8111,B,pid.gyroz.FB,-1.2325994
24.8111,B,pid.gyroz.U,-87.496857
24.8111,B,pid.locx.Des,0
24.8111,B,pid.locx.FB,5.3183503
24.8111,B,pid.locx.U,-6.1107044
24.8111,B,pid.locxs.Des,-6.1107044
24.8111,B,pid.locxs.FB,-3.999341
24.8111,B,pid.locxs.U,-6.1421385
24.8111,B,pid.locy.Des,0
24.8111,B,pid.locy.FB,35.409836
24.8111,B,pid.locy.U,-30.330494
24.8111,B,pid.locys.Des,-30.330494
24.8111,B,pid.locys.FB,0.07260114
24.8111,B,pid.locys.U,-91.213531
24.8111,B,pid.pitch.Des,-5.3168092
24.8111,B,pid.pitch.FB,-0.97342503
24.8111,B,pid.pitch.U,-13.163885
24.8111,B,pid.roll.Des,0.26203221
24.8111,B,pid.roll.FB,-1.8255296
24.8111,B,pid.roll.U,6.3063869
24.8111,B,pid.yaw.Des,-0.61393034
24.8111,B,pid.yaw.FB,1.0399926
24.8111,B,pid.yaw.U,-11.923537
24.8111,B,pid.z_pos.Des,1.1493505
24.8111,B,pid.z_pos.FB,0.68955028
24.8111,B,pid.z_pos.U,0.47186297
24.8111,B,pid.z_rate.Des,0.47186297
24.8111,B,pid.z_rate.FB,-0.0012593354
24.8111,B,pid.z_rate.U,201.14719
24.8111,B,status.vbat,0
25.0110,A,mrac.pitch.e,0.26849222
25.0110,A,mrac.pitch.u_ad,-0.036976486
25.0110,A,mrac.roll.e,-0.15811004
25.0110,A,mrac.roll.u_ad,0.1566755
25.0110,A,mrac.yaw.e,0.17056492
25.0110,A,mrac.yaw.u_ad,-0.015164283
25.0110,A,mrac.z.e,-0.47283259
25.0110,A,mrac.z.u_ad,1.2556781
25.0110,A,status.arm,1
25.0110,A,status.flymode,1
25.0110,A,status.rc_authority,0
25.0110,A,status.sbus_lost,0
25.0110,A,status.twc_arrived,0
25.0110,A,status.twc_execute,0
25.0114,B,mrac.pitch.theta_0,1.6815582e-44
25.0114,B,mrac.pitch.theta_1,0.0055403276
25.0114,B,mrac.pitch.theta_2,0.000339933
25.0114,B,mrac.pitch.theta_3,0.00093939278
25.0114,B,mrac.pitch.theta_4,0.067623071
25.0114,B,mrac.pitch.theta_5,0.14581496
25.0114,B,mrac.pitch.u_nom,-0.093677662
25.0114,B,mrac.pitch.xm,-0.22975324
25.0114,B,mrac.roll.theta_0,0.14885695
25.0114,B,mrac.roll.theta_1,0.0013983696
25.0114,B,mrac.roll.theta_2,0.0043379832
25.0114,B,mrac.roll.theta_3,0.00032169471
25.0114,B,mrac.roll.theta_4,0.043625709
25.0114,B,mrac.roll.theta_5,0.053791098
25.0114,B,mrac.roll.u_nom,0.051306199
25.0114,B,mrac.roll.xm,0.11006726
25.0114,B,mrac.yaw.theta_0,3.8918513e-10
25.0114,B,mrac.yaw.theta_1,0.0016648676
25.0114,B,mrac.yaw.theta_2,2.3407889e-05
25.0114,B,mrac.yaw.theta_3,0
25.0114,B,mrac.yaw.theta_4,0.018978711
25.0114,B,mrac.yaw.theta_5,0.068335816
25.0114,B,mrac.yaw.u_nom,-0.046739776
25.0114,B,mrac.yaw.xm,-0.20810507
25.0114,B,mrac.z.theta_0,0.9817785
25.0114,B,mrac.z.theta_1,0.0067440826
25.0114,B,mrac.z.theta_2,0.007741211
25.0114,B,mrac.z.theta_3,0
25.0114,B,mrac.z.theta_4,0.19918273
25.0114,B,mrac.z.theta_5,0.19826518
25.0114,B,mrac.z.u_nom,0.90606838
25.0114,B,mrac.z.xm,0.47186297
25.0114,B,path.active_path_mode,0
25.0114,B,path.circle_theta,0
25.0114,B,path.sinusoid_t_elapsed,0
25.0114,B,path.twc_arrived,0
25.0114,B,path.twc_target_x,0
25.0114,B,path.twc_target_y,0
25.0114,B,path.twc_target_z,0
25.0114,B,pid.gyrox.Des,6.3063869
25.0114,B,pid.gyrox.FB,-3.8076038
25.0114,B,pid.gyrox.U,60.028252
25.0114,B,pid.gyroy.Des,-13.163885
25.0114,B,pid.gyroy.FB,1.4165375
25.0114,B,pid.gyroy.U,-109.60287
25.0114,B,pid.gyroz.Des,-11.923537
25.0114,B,pid.gyroz.FB,-1.2325994
25.0114,B,pid.gyroz.U,-87.496857
25.0114,B,pid.locx.Des,0
25.0114,B,pid.locx.FB,5.3183503
25.0114,B,pid.locx.U,-6.1107044
25.0114,B,pid.locxs.Des,-6.1107044
25.0114,B,pid.locxs.FB,-3.999341
25.0114,B,pid.locxs.U,-6.1421385
25.0114,B,pid.locy.Des,0
25.0114,B,pid.locy.FB,35.409836
25.0114,B,pid.locy.U,-30.330494
25.0114,B,pid.locys.Des,-30.330494
25.0114,B,pid.locys.FB,0.07260114
25.0114,B,pid.locys.U,-91.213531
25.0114,B,pid.pitch.Des,-5.3168092
25.0114,B,pid.pitch.FB,-0.97342503
25.0114,B,pid.pitch.U,-13.163885
25.0114,B,pid.roll.Des,0.26203221
25.0114,B,pid.roll.FB,-1.8255296
25.0114,B,pid.roll.U,6.3063869
25.0114,B,pid.yaw.Des,-0.61393034
25.0114,B,pid.yaw.FB,1.0399926
25.0114,B,pid.yaw.U,-11.923537
25.0114,B,pid.z_pos.Des,1.1493505
25.0114,B,pid.z_pos.FB,0.68955028
25.0114,B,pid.z_pos.U,0.47186297
25.0114,B,pid.z_rate.Des,0.47186297
25.0114,B,pid.z_rate.FB,-0.0012593354
25.0114,B,pid.z_rate.U,201.14719
25.0114,B,status.vbat,0
25.2115,A,mrac.pitch.e,0.26849222
25.2115,A,mrac.pitch.u_ad,-0.036976486
25.2115,A,mrac.roll.e,-0.15811004
25.2115,A,mrac.roll.u_ad,0.1566755
25.2115,A,mrac.yaw.e,0.17056492
25.2115,A,mrac.yaw.u_ad,-0.015164283
25.2115,A,mrac.z.e,-0.47283259
25.2115,A,mrac.z.u_ad,1.2556781
25.2115,A,status.arm,1
25.2115,A,status.flymode,1
25.2115,A,status.rc_authority,0
25.2115,A,status.sbus_lost,0
25.2115,A,status.twc_arrived,0
25.2115,A,status.twc_execute,0
25.2116,B,mrac.pitch.theta_0,1.6815582e-44
25.2116,B,mrac.pitch.theta_1,0.0055403276
25.2116,B,mrac.pitch.theta_2,0.000339933
25.2116,B,mrac.pitch.theta_3,0.00093939278
25.2116,B,mrac.pitch.theta_4,0.067623071
25.2116,B,mrac.pitch.theta_5,0.14581496
25.2116,B,mrac.pitch.u_nom,-0.093677662
25.2116,B,mrac.pitch.xm,-0.22975324
25.2116,B,mrac.roll.theta_0,0.14885695
25.2116,B,mrac.roll.theta_1,0.0013983696
25.2116,B,mrac.roll.theta_2,0.0043379832
25.2116,B,mrac.roll.theta_3,0.00032169471
25.2116,B,mrac.roll.theta_4,0.043625709
25.2116,B,mrac.roll.theta_5,0.053791098
25.2116,B,mrac.roll.u_nom,0.051306199
25.2116,B,mrac.roll.xm,0.11006726
25.2116,B,mrac.yaw.theta_0,3.8918513e-10
25.2116,B,mrac.yaw.theta_1,0.0016648676
25.2116,B,mrac.yaw.theta_2,2.3407889e-05
25.2116,B,mrac.yaw.theta_3,0
25.2116,B,mrac.yaw.theta_4,0.018978711
25.2116,B,mrac.yaw.theta_5,0.068335816
25.2116,B,mrac.yaw.u_nom,-0.046739776
25.2116,B,mrac.yaw.xm,-0.20810507
25.2116,B,mrac.z.theta_0,0.9817785
25.2116,B,mrac.z.theta_1,0.0067440826
25.2116,B,mrac.z.theta_2,0.007741211
25.2116,B,mrac.z.theta_3,0
25.2116,B,mrac.z.theta_4,0.19918273
25.2116,B,mrac.z.theta_5,0.19826518
25.2116,B,mrac.z.u_nom,0.90606838
25.2116,B,mrac.z.xm,0.47186297
25.2116,B,path.active_path_mode,0
25.2116,B,path.circle_theta,0
25.2116,B,path.sinusoid_t_elapsed,0
25.2116,B,path.twc_arrived,0
25.2116,B,path.twc_target_x,0
25.2116,B,path.twc_target_y,0
25.2116,B,path.twc_target_z,0
25.2116,B,pid.gyrox.Des,6.3063869
25.2116,B,pid.gyrox.FB,-3.8076038
25.2116,B,pid.gyrox.U,60.028252
25.2116,B,pid.gyroy.Des,-13.163885
25.2116,B,pid.gyroy.FB,1.4165375
25.2116,B,pid.gyroy.U,-109.60287
25.2116,B,pid.gyroz.Des,-11.923537
25.2116,B,pid.gyroz.FB,-1.2325994
25.2116,B,pid.gyroz.U,-87.496857
25.2116,B,pid.locx.Des,0
25.2116,B,pid.locx.FB,5.3183503
25.2116,B,pid.locx.U,-6.1107044
25.2116,B,pid.locxs.Des,-6.1107044
25.2116,B,pid.locxs.FB,-3.999341
25.2116,B,pid.locxs.U,-6.1421385
25.2116,B,pid.locy.Des,0
25.2116,B,pid.locy.FB,35.409836
25.2116,B,pid.locy.U,-30.330494
25.2116,B,pid.locys.Des,-30.330494
25.2116,B,pid.locys.FB,0.07260114
25.2116,B,pid.locys.U,-91.213531
25.2116,B,pid.pitch.Des,-5.3168092
25.2116,B,pid.pitch.FB,-0.97342503
25.2116,B,pid.pitch.U,-13.163885
25.2116,B,pid.roll.Des,0.26203221
25.2116,B,pid.roll.FB,-1.8255296
25.2116,B,pid.roll.U,6.3063869
25.2116,B,pid.yaw.Des,-0.61393034
25.2116,B,pid.yaw.FB,1.0399926
25.2116,B,pid.yaw.U,-11.923537
25.2116,B,pid.z_pos.Des,1.1493505
25.2116,B,pid.z_pos.FB,0.68955028
25.2116,B,pid.z_pos.U,0.47186297
25.2116,B,pid.z_rate.Des,0.47186297
25.2116,B,pid.z_rate.FB,-0.0012593354
25.2116,B,pid.z_rate.U,201.14719
25.2116,B,status.vbat,0
25.4278,A,mrac.pitch.e,0.18920133
25.4278,A,mrac.pitch.u_ad,-0.035077203
25.4278,A,mrac.roll.e,0.019846931
25.4278,A,mrac.roll.u_ad,0.15704733
25.4278,A,mrac.yaw.e,0.18044344
25.4278,A,mrac.yaw.u_ad,-0.013260853
25.4278,A,mrac.z.e,-0.49209601
25.4278,A,mrac.z.u_ad,1.27095
25.4278,A,status.arm,1
25.4278,A,status.flymode,1
25.4278,A,status.rc_authority,0
25.4278,A,status.sbus_lost,0
25.4278,A,status.twc_arrived,0
25.4278,A,status.twc_execute,0
25.4279,B,mrac.pitch.theta_0,1.6815582e-44
25.4279,B,mrac.pitch.theta_1,0.0056033675
25.4279,B,mrac.pitch.theta_2,0.00033916091
25.4279,B,mrac.pitch.theta_3,0.00094224827
25.4279,B,mrac.pitch.theta_4,0.067949176
25.4279,B,mrac.pitch.theta_5,0.14582542
25.4279,B,mrac.pitch.u_nom,-0.0022541797
25.4279,B,mrac.pitch.xm,-0.21349333
25.4279,B,mrac.roll.theta_0,0.14831673
25.4279,B,mrac.roll.theta_1,0.0014537351
25.4279,B,mrac.roll.theta_2,0.004349371
25.4279,B,mrac.roll.theta_3,0.00032294056
25.4279,B,mrac.roll.theta_4,0.043939684
25.4279,B,mrac.roll.theta_5,0.054464258
25.4279,B,mrac.roll.u_nom,-0.078086376
25.4279,B,mrac.roll.xm,0.16871838
25.4279,B,mrac.yaw.theta_0,1.4772896e-11
25.4279,B,mrac.yaw.theta_1,0.0017229766
25.4279,B,mrac.yaw.theta_2,2.3371693e-05
25.4279,B,mrac.yaw.theta_3,0
25.4279,B,mrac.yaw.theta_4,0.019225746
25.4279,B,mrac.yaw.theta_5,0.069348924
25.4279,B,mrac.yaw.u_nom,-0.046521463
25.4279,B,mrac.yaw.xm,-0.17688534
25.4279,B,mrac.z.theta_0,0.9816674
25.4279,B,mrac.z.theta_1,0.0070415214
25.4279,B,mrac.z.theta_2,0.0077751549
25.4279,B,mrac.z.theta_3,0
25.4279,B,mrac.z.theta_4,0.19918676
25.4279,B,mrac.z.theta_5,0.19829102
25.4279,B,mrac.z.u_nom,0.97038084
25.4279,B,mrac.z.xm,0.47885218
25.4279,B,path.active_path_mode,0
25.4279,B,path.circle_theta,0
25.4279,B,path.sinusoid_t_elapsed,0
25.4279,B,path.twc_arrived,0
25.4279,B,path.twc_target_x,0
25.4279,B,path.twc_target_y,0
25.4279,B,path.twc_target_z,0
25.4279,B,pid.gyrox.Des,9.6668472
25.4279,B,pid.gyrox.FB,8.4852171
25.4279,B,pid.gyrox.U,-91.361061
25.4279,B,pid.gyroy.Des,-12.232262
25.4279,B,pid.gyroy.FB,-2.3627448
25.4279,B,pid.gyroy.U,-2.6373901
25.4279,B,pid.gyroz.Des,-10.134779
25.4279,B,pid.gyroz.FB,0.50403762
25.4279,B,pid.gyroz.U,-87.088181
25.4279,B,pid.locx.Des,0
25.4279,B,pid.locx.FB,4.9284134
25.4279,B,pid.locx.U,-6.0027266
25.4279,B,pid.locxs.Des,-6.0027266
25.4279,B,pid.locxs.FB,2.9997487
25.4279,B,pid.locxs.U,-26.959385
25.4279,B,pid.locy.Des,0
25.4279,B,pid.locy.FB,35.416576
25.4279,B,pid.locy.U,-30.332483
25.4279,B,pid.locys.Des,-30.332483
25.4279,B,pid.locys.FB,-0.038842913
25.4279,B,pid.locys.U,-90.877686
25.4279,B,pid.pitch.Des,-5.3120131
25.4279,B,pid.pitch.FB,-1.22295
25.4279,B,pid.pitch.U,-12.232262
25.4279,B,pid.roll.Des,1.5055466
25.4279,B,pid.roll.FB,-1.6601051
25.4279,B,pid.roll.U,9.6668472
25.4279,B,pid.yaw.Des,-0.61393034
25.4279,B,pid.yaw.FB,0.74186623
25.4279,B,pid.yaw.U,-10.134779
25.4279,B,pid.z_pos.Des,1.1493505
25.4279,B,pid.z_pos.FB,0.67955971
25.4279,B,pid.z_pos.U,0.47885218
25.4279,B,pid.z_rate.Des,0.47885218
25.4279,B,pid.z_rate.FB,-0.029963532
25.4279,B,pid.z_rate.U,215.42455
25.4279,B,status.vbat,0
25.6282,A,mrac.pitch.e,0.21649036
25.6282,A,mrac.pitch.u_ad,-0.035783079
25.6282,A,mrac.roll.e,-0.07413666
25.6282,A,mrac.roll.u_ad,0.15543246
25.6282,A,mrac.yaw.e,0.21022929
25.6282,A,mrac.yaw.u_ad,-0.014158828
25.6282,A,mrac.z.e,-0.49052888
25.6282,A,mrac.z.u_ad,1.2701267
25.6282,A,status.arm,1
25.6282,A,status.flymode,1
25.6282,A,status.rc_authority,0
25.6282,A,status.sbus_lost,0
25.6282,A,status.twc_arrived,0
25.6282,A,status.twc_execute,0
25.6282,B,mrac.pitch.theta_0,1.6815582e-44
25.6282,B,mrac.pitch.theta_1,0.0056069228
25.6282,B,mrac.pitch.theta_2,0.00033895363
25.6282,B,mrac.pitch.theta_3,0.00094267575
25.6282,B,mrac.pitch.theta_4,0.068031952
25.6282,B,mrac.pitch.theta_5,0.1458246
25.6282,B,mrac.pitch.u_nom,-0.15871063
25.6282,B,mrac.pitch.xm,-0.21055304
25.6282,B,mrac.roll.theta_0,0.14817065
25.6282,B,mrac.roll.theta_1,0.0014522434
25.6282,B,mrac.roll.theta_2,0.0043504452
25.6282,B,mrac.roll.theta_3,0.000323065
25.6282,B,mrac.roll.theta_4,0.044010557
25.6282,B,mrac.roll.theta_5,0.054570258
25.6282,B,mrac.roll.u_nom,-0.062932298
25.6282,B,mrac.roll.xm,0.036431462
25.6282,B,mrac.yaw.theta_0,6.0726385e-12
25.6282,B,mrac.yaw.theta_1,0.0017193686
25.6282,B,mrac.yaw.theta_2,2.3362541e-05
25.6282,B,mrac.yaw.theta_3,0
25.6282,B,mrac.yaw.theta_4,0.019296823
25.6282,B,mrac.yaw.theta_5,0.069610894
25.6282,B,mrac.yaw.u_nom,-0.049496341
25.6282,B,mrac.yaw.xm,-0.18969648
25.6282,B,mrac.z.theta_0,0.98161983
25.6282,B,mrac.z.theta_1,0.0068540457
25.6282,B,mrac.z.theta_2,0.0077849831
25.6282,B,mrac.z.theta_3,0
25.6282,B,mrac.z.theta_4,0.19919376
25.6282,B,mrac.z.theta_5,0.19829743
25.6282,B,mrac.z.u_nom,0.97108835
25.6282,B,mrac.z.xm,0.48580658
25.6282,B,path.active_path_mode,0
25.6282,B,path.circle_theta,0
25.6282,B,path.sinusoid_t_elapsed,0
25.6282,B,path.twc_arrived,0
25.6282,B,path.twc_target_x,0
25.6282,B,path.twc_target_y,0
25.6282,B,path.twc_target_z,0
25.6282,B,pid.gyrox.Des,2.087368
25.6282,B,pid.gyrox.FB,2.2311201
25.6282,B,pid.gyrox.U,-73.630791
25.6282,B,pid.gyroy.Des,-12.063795
25.6282,B,pid.gyroy.FB,4.9583611
25.6282,B,pid.gyroy.U,-185.69144
25.6282,B,pid.gyroz.Des,-10.868803
25.6282,B,pid.gyroz.FB,0.46540254
25.6282,B,pid.gyroz.U,-92.65715
25.6282,B,pid.locx.Des,0
25.6282,B,pid.locx.FB,5.003408
25.6282,B,pid.locx.U,-6.0027266
25.6282,B,pid.locxs.Des,-6.0027266
25.6282,B,pid.locxs.FB,0
25.6282,B,pid.locxs.U,-12.008834
25.6282,B,pid.locy.Des,0
25.6282,B,pid.locy.FB,35.415604
25.6282,B,pid.locy.U,-30.332483
25.6282,B,pid.locys.Des,-30.332483
25.6282,B,pid.locys.FB,0
25.6282,B,pid.locys.U,-91.086075
25.6282,B,pid.pitch.Des,-5.3146753
25.6282,B,pid.pitch.FB,-1.2044729
25.6282,B,pid.pitch.U,-12.063795
25.6282,B,pid.roll.Des,0.62111449
25.6282,B,pid.roll.FB,-1.4700683
25.6282,B,pid.roll.U,2.087368
25.6282,B,pid.yaw.Des,-0.61393034
25.6282,B,pid.yaw.FB,0.86420345
25.6282,B,pid.yaw.U,-10.868803
25.6282,B,pid.z_pos.Des,1.1493505
25.6282,B,pid.z_pos.FB,0.66963142
25.6282,B,pid.z_pos.U,0.48580658
25.6282,B,pid.z_rate.Des,0.48580658
25.6282,B,pid.z_rate.FB,-0.023401825
25.6282,B,pid.z_rate.U,215.58162
25.6282,B,status.vbat,0
25.8285,A,mrac.pitch.e,0.22225182
25.8285,A,mrac.pitch.u_ad,-0.03638408
25.8285,A,mrac.roll.e,0.026910491
25.8285,A,mrac.roll.u_ad,0.15487079
25.8285,A,mrac.yaw.e,0.14963438
25.8285,A,mrac.yaw.u_ad,-0.013584595
25.8285,A,mrac.z.e,-0.48636433
25.8285,A,mrac.z.u_ad,1.2644629
25.8285,A,status.arm,1
25.8285,A,status.flymode,1
25.8285,A,status.rc_authority,0
25.8285,A,status.sbus_lost,0
25.8285,A,status.twc_arrived,0
25.8285,A,status.twc_execute,0
25.8286,B,mrac.pitch.theta_0,1.6815582e-44
25.8286,B,mrac.pitch.theta_1,0.0055570859
25.8286,B,mrac.pitch.theta_2,0.00033865406
25.8286,B,mrac.pitch.theta_3,0.00094358233
25.8286,B,mrac.pitch.theta_4,0.068094797
25.8286,B,mrac.pitch.theta_5,0.14582531
25.8286,B,mrac.pitch.u_nom,-0.17163531
25.8286,B,mrac.pitch.xm,-0.22100966
25.8286,B,mrac.roll.theta_0,0.14742884
25.8286,B,mrac.roll.theta_1,0.0014560892
25.8286,B,mrac.roll.theta_2,0.004349642
25.8286,B,mrac.roll.theta_3,0.00032315761
25.8286,B,mrac.roll.theta_4,0.044032425
25.8286,B,mrac.roll.theta_5,0.054595005
25.8286,B,mrac.roll.u_nom,-0.10155294
25.8286,B,mrac.roll.xm,0.11378475
25.8286,B,mrac.yaw.theta_0,4.046805e-12
25.8286,B,mrac.yaw.theta_1,0.0017253071
25.8286,B,mrac.yaw.theta_2,2.3356492e-05
25.8286,B,mrac.yaw.theta_3,0
25.8286,B,mrac.yaw.theta_4,0.019328982
25.8286,B,mrac.yaw.theta_5,0.069737792
25.8286,B,mrac.yaw.u_nom,-0.035272494
25.8286,B,mrac.yaw.xm,-0.18875749
25.8286,B,mrac.z.theta_0,0.98163551
25.8286,B,mrac.z.theta_1,0.0068363599
25.8286,B,mrac.z.theta_2,0.0077844756
25.8286,B,mrac.z.theta_3,0
25.8286,B,mrac.z.theta_4,0.19919483
25.8286,B,mrac.z.theta_5,0.1983014
25.8286,B,mrac.z.u_nom,0.93439198
25.8286,B,mrac.z.xm,0.48573002
25.8286,B,path.active_path_mode,0
25.8286,B,path.circle_theta,0
25.8286,B,path.sinusoid_t_elapsed,0
25.8286,B,path.twc_arrived,0
25.8286,B,path.twc_target_x,0
25.8286,B,path.twc_target_y,0
25.8286,B,path.twc_target_z,0
25.8286,B,pid.gyrox.Des,6.519383
25.8286,B,pid.gyrox.FB,10.827091
25.8286,B,pid.gyrox.U,-118.81694
25.8286,B,pid.gyroy.Des,-12.662915
25.8286,B,pid.gyroy.FB,8.503479
25.8286,B,pid.gyroy.U,-200.81332
25.8286,B,pid.gyroz.Des,-10.815003
25.8286,B,pid.gyroz.FB,-2.8055589
25.8286,B,pid.gyroz.U,-66.030106
25.8286,B,pid.locx.Des,0
25.8286,B,pid.locx.FB,5.003408
25.8286,B,pid.locx.U,-6.0027266
25.8286,B,pid.locxs.Des,-6.0027266
25.8286,B,pid.locxs.FB,0
25.8286,B,pid.locxs.U,-18.008179
25.8286,B,pid.locy.Des,0
25.8286,B,pid.locy.FB,35.415604
25.8286,B,pid.locy.U,-30.332483
25.8286,B,pid.locys.Des,-30.332483
25.8286,B,pid.locys.FB,0
25.8286,B,pid.locys.U,-90.997452
25.8286,B,pid.pitch.Des,-5.3152137
25.8286,B,pid.pitch.FB,-1.0780474
25.8286,B,pid.pitch.U,-12.662915
25.8286,B,pid.roll.Des,0.97239763
25.8286,B,pid.roll.FB,-1.1997916
25.8286,B,pid.roll.U,6.519383
25.8286,B,pid.yaw.Des,-0.61393034
25.8286,B,pid.yaw.FB,0.85523695
25.8286,B,pid.yaw.U,-10.815003
25.8286,B,pid.z_pos.Des,1.1493505
25.8286,B,pid.z_pos.FB,0.66973454
25.8286,B,pid.z_pos.U,0.48573002
25.8286,B,pid.z_rate.Des,0.48573002
25.8286,B,pid.z_rate.FB,-0.0031118281
25.8286,B,pid.z_rate.U,207.43501
25.8286,B,status.vbat,0
26.0442,A,mrac.pitch.e,0.22225182
26.0442,A,mrac.pitch.u_ad,-0.03638408
26.0442,A,mrac.roll.e,0.026910491
26.0442,A,mrac.roll.u_ad,0.15487079
26.0442,A,mrac.yaw.e,0.14963438
26.0442,A,mrac.yaw.u_ad,-0.013584595
26.0442,A,mrac.z.e,-0.48636433
26.0442,A,mrac.z.u_ad,1.2644629
26.0442,A,status.arm,1
26.0442,A,status.flymode,1
26.0442,A,status.rc_authority,0
26.0442,A,status.sbus_lost,0
26.0442,A,status.twc_arrived,0
26.0442,A,status.twc_execute,0
26.0443,B,mrac.pitch.theta_0,1.6815582e-44
26.0443,B,mrac.pitch.theta_1,0.0055570859
26.0443,B,mrac.pitch.theta_2,0.00033865406
26.0443,B,mrac.pitch.theta_3,0.00094358233
26.0443,B,mrac.pitch.theta_4,0.068094797
26.0443,B,mrac.pitch.theta_5,0.14582531
26.0443,B,mrac.pitch.u_nom,-0.17163531
26.0443,B,mrac.pitch.xm,-0.22100966
26.0443,B,mrac.roll.theta_0,0.14742884
26.0443,B,mrac.roll.theta_1,0.0014560892
26.0443,B,mrac.roll.theta_2,0.004349642
26.0443,B,mrac.roll.theta_3,0.00032315761
26.0443,B,mrac.roll.theta_4,0.044032425
26.0443,B,mrac.roll.theta_5,0.054595005
26.0443,B,mrac.roll.u_nom,-0.10155294
26.0443,B,mrac.roll.xm,0.11378475
26.0443,B,mrac.yaw.theta_0,4.046805e-12
26.0443,B,mrac.yaw.theta_1,0.0017253071
26.0443,B,mrac.yaw.theta_2,2.3356492e-05
26.0443,B,mrac.yaw.theta_3,0
26.0443,B,mrac.yaw.theta_4,0.019328982
26.0443,B,mrac.yaw.theta_5,0.069737792
26.0443,B,mrac.yaw.u_nom,-0.035272494
26.0443,B,mrac.yaw.xm,-0.18875749
26.0443,B,mrac.z.theta_0,0.98163551
26.0443,B,mrac.z.theta_1,0.0068363599
26.0443,B,mrac.z.theta_2,0.0077844756
26.0443,B,mrac.z.theta_3,0
26.0443,B,mrac.z.theta_4,0.19919483
26.0443,B,mrac.z.theta_5,0.1983014
26.0443,B,mrac.z.u_nom,0.93439198
26.0443,B,mrac.z.xm,0.48573002
26.0443,B,path.active_path_mode,0
26.0443,B,path.circle_theta,0
26.0443,B,path.sinusoid_t_elapsed,0
26.0443,B,path.twc_arrived,0
26.0443,B,path.twc_target_x,0
26.0443,B,path.twc_target_y,0
26.0443,B,path.twc_target_z,0
26.0443,B,pid.gyrox.Des,6.519383
26.0443,B,pid.gyrox.FB,10.827091
26.0443,B,pid.gyrox.U,-118.81694
26.0443,B,pid.gyroy.Des,-12.662915
26.0443,B,pid.gyroy.FB,8.503479
26.0443,B,pid.gyroy.U,-200.81332
26.0443,B,pid.gyroz.Des,-10.815003
26.0443,B,pid.gyroz.FB,-2.8055589
26.0443,B,pid.gyroz.U,-66.030106
26.0443,B,pid.locx.Des,0
26.0443,B,pid.locx.FB,5.003408
26.0443,B,pid.locx.U,-6.0027266
26.0443,B,pid.locxs.Des,-6.0027266
26.0443,B,pid.locxs.FB,0
26.0443,B,pid.locxs.U,-18.008179
26.0443,B,pid.locy.Des,0
26.0443,B,pid.locy.FB,35.415604
26.0443,B,pid.locy.U,-30.332483
26.0443,B,pid.locys.Des,-30.332483
26.0443,B,pid.locys.FB,0
26.0443,B,pid.locys.U,-90.997452
26.0443,B,pid.pitch.Des,-5.3152137
26.0443,B,pid.pitch.FB,-1.0780474
26.0443,B,pid.pitch.U,-12.662915
26.0443,B,pid.roll.Des,0.97239763
26.0443,B,pid.roll.FB,-1.1997916
26.0443,B,pid.roll.U,6.519383
26.0443,B,pid.yaw.Des,-0.61393034
26.0443,B,pid.yaw.FB,0.85523695
26.0443,B,pid.yaw.U,-10.815003
26.0443,B,pid.z_pos.Des,1.1493505
26.0443,B,pid.z_pos.FB,0.66973454
26.0443,B,pid.z_pos.U,0.48573002
26.0443,B,pid.z_rate.Des,0.48573002
26.0443,B,pid.z_rate.FB,-0.0031118281
26.0443,B,pid.z_rate.U,207.43501
26.0443,B,status.vbat,0
26.2447,A,mrac.pitch.e,0.22225182
26.2447,A,mrac.pitch.u_ad,-0.03638408
26.2447,A,mrac.roll.e,0.026910491
26.2447,A,mrac.roll.u_ad,0.15487079
26.2447,A,mrac.yaw.e,0.14963438
26.2447,A,mrac.yaw.u_ad,-0.013584595
26.2447,A,mrac.z.e,-0.48636433
26.2447,A,mrac.z.u_ad,1.2644629
26.2447,A,status.arm,1
26.2447,A,status.flymode,1
26.2447,A,status.rc_authority,0
26.2447,A,status.sbus_lost,0
26.2447,A,status.twc_arrived,0
26.2447,A,status.twc_execute,0
26.2447,B,mrac.pitch.theta_0,1.6815582e-44
26.2447,B,mrac.pitch.theta_1,0.0055570859
26.2447,B,mrac.pitch.theta_2,0.00033865406
26.2447,B,mrac.pitch.theta_3,0.00094358233
26.2447,B,mrac.pitch.theta_4,0.068094797
26.2447,B,mrac.pitch.theta_5,0.14582531
26.2447,B,mrac.pitch.u_nom,-0.17163531
26.2447,B,mrac.pitch.xm,-0.22100966
26.2447,B,mrac.roll.theta_0,0.14742884
26.2447,B,mrac.roll.theta_1,0.0014560892
26.2447,B,mrac.roll.theta_2,0.004349642
26.2447,B,mrac.roll.theta_3,0.00032315761
26.2447,B,mrac.roll.theta_4,0.044032425
26.2447,B,mrac.roll.theta_5,0.054595005
26.2447,B,mrac.roll.u_nom,-0.10155294
26.2447,B,mrac.roll.xm,0.11378475
26.2447,B,mrac.yaw.theta_0,4.046805e-12
26.2447,B,mrac.yaw.theta_1,0.0017253071
26.2447,B,mrac.yaw.theta_2,2.3356492e-05
26.2447,B,mrac.yaw.theta_3,0
26.2447,B,mrac.yaw.theta_4,0.019328982
26.2447,B,mrac.yaw.theta_5,0.069737792
26.2447,B,mrac.yaw.u_nom,-0.035272494
26.2447,B,mrac.yaw.xm,-0.18875749
26.2447,B,mrac.z.theta_0,0.98163551
26.2447,B,mrac.z.theta_1,0.0068363599
26.2447,B,mrac.z.theta_2,0.0077844756
26.2447,B,mrac.z.theta_3,0
26.2447,B,mrac.z.theta_4,0.19919483
26.2447,B,mrac.z.theta_5,0.1983014
26.2447,B,mrac.z.u_nom,0.93439198
26.2447,B,mrac.z.xm,0.48573002
26.2447,B,path.active_path_mode,0
26.2447,B,path.circle_theta,0
26.2447,B,path.sinusoid_t_elapsed,0
26.2447,B,path.twc_arrived,0
26.2447,B,path.twc_target_x,0
26.2447,B,path.twc_target_y,0
26.2447,B,path.twc_target_z,0
26.2447,B,pid.gyrox.Des,6.519383
26.2447,B,pid.gyrox.FB,10.827091
26.2447,B,pid.gyrox.U,-118.81694
26.2447,B,pid.gyroy.Des,-12.662915
26.2447,B,pid.gyroy.FB,8.503479
26.2447,B,pid.gyroy.U,-200.81332
26.2447,B,pid.gyroz.Des,-10.815003
26.2447,B,pid.gyroz.FB,-2.8055589
26.2447,B,pid.gyroz.U,-66.030106
26.2447,B,pid.locx.Des,0
26.2447,B,pid.locx.FB,5.003408
26.2447,B,pid.locx.U,-6.0027266
26.2447,B,pid.locxs.Des,-6.0027266
26.2447,B,pid.locxs.FB,0
26.2447,B,pid.locxs.U,-18.008179
26.2447,B,pid.locy.Des,0
26.2447,B,pid.locy.FB,35.415604
26.2447,B,pid.locy.U,-30.332483
26.2447,B,pid.locys.Des,-30.332483
26.2447,B,pid.locys.FB,0
26.2447,B,pid.locys.U,-90.997452
26.2447,B,pid.pitch.Des,-5.3152137
26.2447,B,pid.pitch.FB,-1.0780474
26.2447,B,pid.pitch.U,-12.662915
26.2447,B,pid.roll.Des,0.97239763
26.2447,B,pid.roll.FB,-1.1997916
26.2447,B,pid.roll.U,6.519383
26.2447,B,pid.yaw.Des,-0.61393034
26.2447,B,pid.yaw.FB,0.85523695
26.2447,B,pid.yaw.U,-10.815003
26.2447,B,pid.z_pos.Des,1.1493505
26.2447,B,pid.z_pos.FB,0.66973454
26.2447,B,pid.z_pos.U,0.48573002
26.2447,B,pid.z_rate.Des,0.48573002
26.2447,B,pid.z_rate.FB,-0.0031118281
26.2447,B,pid.z_rate.U,207.43501
26.2447,B,status.vbat,0
26.4480,A,mrac.pitch.e,0.23956756
26.4480,A,mrac.pitch.u_ad,-0.036380082
26.4480,A,mrac.roll.e,0.059835963
26.4480,A,mrac.roll.u_ad,0.15497158
26.4480,A,mrac.yaw.e,0.1724086
26.4480,A,mrac.yaw.u_ad,-0.01371205
26.4480,A,mrac.z.e,-0.48613182
26.4480,A,mrac.z.u_ad,1.2632797
26.4480,A,status.arm,1
26.4480,A,status.flymode,1
26.4480,A,status.rc_authority,0
26.4480,A,status.sbus_lost,0
26.4480,A,status.twc_arrived,0
26.4480,A,status.twc_execute,0
26.4484,B,mrac.pitch.theta_0,1.6815582e-44
26.4484,B,mrac.pitch.theta_1,0.0054277657
26.4484,B,mrac.pitch.theta_2,0.0003369879
26.4484,B,mrac.pitch.theta_3,0.0009465047
26.4484,B,mrac.pitch.theta_4,0.068558618
26.4484,B,mrac.pitch.theta_5,0.14583094
26.4484,B,mrac.pitch.u_nom,-0.064323485
26.4484,B,mrac.pitch.xm,-0.22159813
26.4484,B,mrac.roll.theta_0,0.14820302
26.4484,B,mrac.roll.theta_1,0.0013915227
26.4484,B,mrac.roll.theta_2,0.0043651494
26.4484,B,mrac.roll.theta_3,0.00032379938
26.4484,B,mrac.roll.theta_4,0.044335552
26.4484,B,mrac.roll.theta_5,0.054955434
26.4484,B,mrac.roll.u_nom,-0.060241621
26.4484,B,mrac.roll.xm,0.15850088
26.4484,B,mrac.yaw.theta_0,1.1402598e-13
26.4484,B,mrac.yaw.theta_1,0.001759265
26.4484,B,mrac.yaw.theta_2,2.3312596e-05
26.4484,B,mrac.yaw.theta_3,0
26.4484,B,mrac.yaw.theta_4,0.019590052
26.4484,B,mrac.yaw.theta_5,0.070752554
26.4484,B,mrac.yaw.u_nom,-0.040535964
26.4484,B,mrac.yaw.xm,-0.18395184
26.4484,B,mrac.z.theta_0,0.9817543
26.4484,B,mrac.z.theta_1,0.0068105292
26.4484,B,mrac.z.theta_2,0.0077786236
26.4484,B,mrac.z.theta_3,0
26.4484,B,mrac.z.theta_4,0.19919883
26.4484,B,mrac.z.theta_5,0.19833519
26.4484,B,mrac.z.u_nom,0.93009329
26.4484,B,mrac.z.xm,0.48578951
26.4484,B,path.active_path_mode,0
26.4484,B,path.circle_theta,0
26.4484,B,path.sinusoid_t_elapsed,0
26.4484,B,path.twc_arrived,0
26.4484,B,path.twc_target_x,0
26.4484,B,path.twc_target_y,0
26.4484,B,path.twc_target_z,0
26.4484,B,pid.gyrox.Des,9.0814276
26.4484,B,pid.gyrox.FB,5.7081151
26.4484,B,pid.gyrox.U,-70.482697
26.4484,B,pid.gyroy.Des,-12.696632
26.4484,B,pid.gyroy.FB,-0.64203155
26.4484,B,pid.gyroy.U,-75.258476
26.4484,B,pid.gyroz.Des,-10.53966
26.4484,B,pid.gyroz.FB,-1.3011292
26.4484,B,pid.gyroz.U,-75.883324
26.4484,B,pid.locx.Des,0
26.4484,B,pid.locx.FB,3.8288889
26.4484,B,pid.locx.U,-4.9819899
26.4484,B,pid.locxs.Des,-4.9819899
26.4484,B,pid.locxs.FB,-3.027951
26.4484,B,pid.locxs.U,-5.7651825
26.4484,B,pid.locy.Des,0
26.4484,B,pid.locy.FB,34.675381
26.4484,B,pid.locy.U,-29.661448
26.4484,B,pid.locys.Des,-29.661448
26.4484,B,pid.locys.FB,-1.9574246
26.4484,B,pid.locys.U,-83.0168
26.4484,B,pid.pitch.Des,-4.8407302
26.4484,B,pid.pitch.FB,-0.55051804
26.4484,B,pid.pitch.U,-12.696632
26.4484,B,pid.roll.Des,0.26827377
26.4484,B,pid.roll.FB,-1.7599432
26.4484,B,pid.roll.U,9.0814276
26.4484,B,pid.yaw.Des,-0.61393034
26.4484,B,pid.yaw.FB,0.80934632
26.4484,B,pid.yaw.U,-10.53966
26.4484,B,pid.z_pos.Des,1.1493505
26.4484,B,pid.z_pos.FB,0.66965306
26.4484,B,pid.z_pos.U,0.48578951
26.4484,B,pid.z_rate.Des,0.48578951
26.4484,B,pid.z_rate.FB,-0.00066659285
26.4484,B,pid.z_rate.U,206.48071
26.4484,B,status.vbat,0
26.6619,A,mrac.pitch.e,0.21349078
26.6619,A,mrac.pitch.u_ad,-0.038152989
26.6619,A,mrac.roll.e,-0.0005742237
26.6619,A,mrac.roll.u_ad,0.15270542
26.6619,A,mrac.yaw.e,0.11627357
26.6619,A,mrac.yaw.u_ad,-0.012850444
26.6619,A,mrac.z.e,-0.48635659
26.6619,A,mrac.z.u_ad,1.2632658
26.6619,A,status.arm,1
26.6619,A,status.flymode,1
26.6619,A,status.rc_authority,0
26.6619,A,status.sbus_lost,0
26.6619,A,status.twc_arrived,0
26.6619,A,status.twc_execute,0
26.6620,B,mrac.pitch.theta_0,1.6815582e-44
26.6620,B,mrac.pitch.theta_1,0.0053429785
26.6620,B,mrac.pitch.theta_2,0.0003364484
26.6620,B,mrac.pitch.theta_3,0.00094776298
26.6620,B,mrac.pitch.theta_4,0.068729572
26.6620,B,mrac.pitch.theta_5,0.14583616
26.6620,B,mrac.pitch.u_nom,-0.059082612
26.6620,B,mrac.pitch.xm,-0.23318602
26.6620,B,mrac.roll.theta_0,0.14760169
26.6620,B,mrac.roll.theta_1,0.0013725094
26.6620,B,mrac.roll.theta_2,0.0043674763
26.6620,B,mrac.roll.theta_3,0.00032397555
26.6620,B,mrac.roll.theta_4,0.044429444
26.6620,B,mrac.roll.theta_5,0.055032525
26.6620,B,mrac.roll.u_nom,-0.07008414
26.6620,B,mrac.roll.xm,0.10057729
26.6620,B,mrac.yaw.theta_0,3.6282761e-14
26.6620,B,mrac.yaw.theta_1,0.0017781738
26.6620,B,mrac.yaw.theta_2,2.3298222e-05
26.6620,B,mrac.yaw.theta_3,0
26.6620,B,mrac.yaw.theta_4,0.01967044
26.6620,B,mrac.yaw.theta_5,0.071077973
26.6620,B,mrac.yaw.u_nom,-0.039471023
26.6620,B,mrac.yaw.xm,-0.17136121
26.6620,B,mrac.z.theta_0,0.98177671
26.6620,B,mrac.z.theta_1,0.0068053422
26.6620,B,mrac.z.theta_2,0.0077766837
26.6620,B,mrac.z.theta_3,0
26.6620,B,mrac.z.theta_4,0.19919966
26.6620,B,mrac.z.theta_5,0.19834501
26.6620,B,mrac.z.u_nom,0.93018478
26.6620,B,mrac.z.xm,0.48577166
26.6620,B,path.active_path_mode,0
26.6620,B,path.circle_theta,0
26.6620,B,path.sinusoid_t_elapsed,0
26.6620,B,path.twc_arrived,0
26.6620,B,path.twc_target_x,0
26.6620,B,path.twc_target_y,0
26.6620,B,path.twc_target_z,0
26.6620,B,pid.gyrox.Des,5.7626519
26.6620,B,pid.gyrox.FB,2.726383
26.6620,B,pid.gyrox.U,-81.998444
26.6620,B,pid.gyroy.Des,-13.360569
26.6620,B,pid.gyroy.FB,2.9875345
26.6620,B,pid.gyroy.U,-69.126656
26.6620,B,pid.gyroz.Des,-9.8182697
26.6620,B,pid.gyroz.FB,-0.83410186
26.6620,B,pid.gyroz.U,-73.889755
26.6620,B,pid.locx.Des,0
26.6620,B,pid.locx.FB,3.2372613
26.6620,B,pid.locx.U,-4.468853
26.6620,B,pid.locxs.Des,-4.468853
26.6620,B,pid.locxs.FB,-4.0237646
26.6620,B,pid.locxs.U,-1.1928349
26.6620,B,pid.locy.Des,0
26.6620,B,pid.locy.FB,34.162918
26.6620,B,pid.locy.U,-29.251783
26.6620,B,pid.locys.Des,-29.251783
26.6620,B,pid.locys.FB,-1.9517473
26.6620,B,pid.locys.U,-81.80027
26.6620,B,pid.pitch.Des,-4.76647
26.6620,B,pid.pitch.FB,-0.31933784
26.6620,B,pid.pitch.U,-13.360569
26.6620,B,pid.roll.Des,0.012206933
26.6620,B,pid.roll.FB,-1.7450411
26.6620,B,pid.roll.U,5.7626519
26.6620,B,pid.yaw.Des,-0.61393034
26.6620,B,pid.yaw.FB,0.68911475
26.6620,B,pid.yaw.U,-9.8182697
26.6620,B,pid.z_pos.Des,1.1493505
26.6620,B,pid.z_pos.FB,0.66967881
26.6620,B,pid.z_pos.U,0.48577166
26.6620,B,pid.z_rate.Des,0.48577166
26.6620,B,pid.z_rate.FB,-0.00073521456
26.6620,B,pid.z_rate.U,206.50102
26.6620,B,status.vbat,0
26.8621,A,mrac.pitch.e,0.23475713
26.8621,A,mrac.pitch.u_ad,-0.040574148
26.8621,A,mrac.roll.e,-0.23026459
26.8621,A,mrac.roll.u_ad,0.15213315
26.8621,A,mrac.yaw.e,0.18402669
26.8621,A,mrac.yaw.u_ad,-0.012409095
26.8621,A,mrac.z.e,-0.48745099
26.8621,A,mrac.z.u_ad,1.2634826
26.8621,A,status.arm,1
26.8621,A,status.flymode,1
26.8621,A,status.rc_authority,0
26.8621,A,status.sbus_lost,0
26.8621,A,status.twc_arrived,0
26.8621,A,status.twc_execute,0
26.8622,B,mrac.pitch.theta_0,1.6815582e-44
26.8622,B,mrac.pitch.theta_1,0.0053113112
26.8622,B,mrac.pitch.theta_2,0.00033621513
26.8622,B,mrac.pitch.theta_3,0.00094857393
26.8622,B,mrac.pitch.theta_4,0.068840586
26.8622,B,mrac.pitch.theta_5,0.14584629
26.8622,B,mrac.pitch.u_nom,-0.10238601
26.8622,B,mrac.pitch.xm,-0.34747618
26.8622,B,mrac.roll.theta_0,0.14572115
26.8622,B,mrac.roll.theta_1,0.0013532655
26.8622,B,mrac.roll.theta_2,0.0043680635
26.8622,B,mrac.roll.theta_3,0.00032406964
26.8622,B,mrac.roll.theta_4,0.044489417
26.8622,B,mrac.roll.theta_5,0.055054322
26.8622,B,mrac.roll.u_nom,-0.059305552
26.8622,B,mrac.roll.xm,0.077946752
26.8622,B,mrac.yaw.theta_0,1.8067223e-14
26.8622,B,mrac.yaw.theta_1,0.0017939524
26.8622,B,mrac.yaw.theta_2,2.3291066e-05
26.8622,B,mrac.yaw.theta_3,0
26.8622,B,mrac.yaw.theta_4,0.019712608
26.8622,B,mrac.yaw.theta_5,0.071257018
26.8622,B,mrac.yaw.u_nom,-0.043178011
26.8622,B,mrac.yaw.xm,-0.15794636
26.8622,B,mrac.z.theta_0,0.98178881
26.8622,B,mrac.z.theta_1,0.0068040704
26.8622,B,mrac.z.theta_2,0.0077753696
26.8622,B,mrac.z.theta_3,0
26.8622,B,mrac.z.theta_4,0.19920017
26.8622,B,mrac.z.theta_5,0.19835137
26.8622,B,mrac.z.u_nom,0.92938459
26.8622,B,mrac.z.xm,0.48571464
26.8622,B,path.active_path_mode,0
26.8622,B,path.circle_theta,0
26.8622,B,path.sinusoid_t_elapsed,0
26.8622,B,path.twc_arrived,0
26.8622,B,path.twc_target_x,0
26.8622,B,path.twc_target_y,0
26.8622,B,path.twc_target_z,0
26.8622,B,pid.gyrox.Des,4.4660182
26.8622,B,pid.gyrox.FB,-1.0925546
26.8622,B,pid.gyrox.U,-69.387497
26.8622,B,pid.gyroy.Des,-19.908911
26.8622,B,pid.gyroy.FB,-2.7211206
26.8622,B,pid.gyroy.U,-119.79163
26.8622,B,pid.gyroz.Des,-9.0496559
26.8622,B,pid.gyroz.FB,0.80306822
26.8622,B,pid.gyroz.U,-80.829239
26.8622,B,pid.locx.Des,0
26.8622,B,pid.locx.FB,2.674952
26.8622,B,pid.locx.U,-3.9799695
26.8622,B,pid.locxs.Des,-3.9799695
26.8622,B,pid.locxs.FB,-4.9997606
26.8622,B,pid.locxs.U,3.1905341
26.8622,B,pid.locy.Des,0
26.8622,B,pid.locy.FB,33.948765
26.8622,B,pid.locy.U,-29.160568
26.8622,B,pid.locys.Des,-29.160568
26.8622,B,pid.locys.FB,0.048956741
26.8622,B,pid.locys.U,-93.871483
26.8622,B,pid.pitch.Des,-5.4638791
26.8622,B,pid.pitch.FB,-0.23250183
26.8622,B,pid.pitch.U,-19.908911
26.8622,B,pid.roll.Des,-0.24009663
26.8622,B,pid.roll.FB,-1.5070372
26.8622,B,pid.roll.U,4.4660182
26.8622,B,pid.yaw.Des,-0.61393034
26.8622,B,pid.yaw.FB,0.56101233
26.8622,B,pid.yaw.U,-9.0496559
26.8622,B,pid.z_pos.Des,1.1493505
26.8622,B,pid.z_pos.FB,0.66976273
26.8622,B,pid.z_pos.U,0.48571464
26.8622,B,pid.z_rate.Des,0.48571464
26.8622,B,pid.z_rate.FB,-0.00034813071
26.8622,B,pid.z_rate.U,206.32338
26.8622,B,status.vbat,0
27.0780,A,mrac.pitch.e,0.36614767
27.0780,A,mrac.pitch.u_ad,-0.042659428
27.0780,A,mrac.roll.e,-0.17598879
27.0780,A,mrac.roll.u_ad,0.15212744
27.0780,A,mrac.yaw.e,0.21268988
27.0780,A,mrac.yaw.u_ad,-0.014438548
27.0780,A,mrac.z.e,-0.48514587
27.0780,A,mrac.z.u_ad,1.2633138
27.0780,A,status.arm,1
27.0780,A,status.flymode,1
27.0780,A,status.rc_authority,0
27.0780,A,status.sbus_lost,0
27.0780,A,status.twc_arrived,0
27.0780,A,status.twc_execute,0
27.0781,B,mrac.pitch.theta_0,1.6815582e-44
27.0781,B,mrac.pitch.theta_1,0.0052811871
27.0781,B,mrac.pitch.theta_2,0.00033585861
27.0781,B,mrac.pitch.theta_3,0.0009499322
27.0781,B,mrac.pitch.theta_4,0.068958692
27.0781,B,mrac.pitch.theta_5,0.14585632
27.0781,B,mrac.pitch.u_nom,-0.057323404
27.0781,B,mrac.pitch.xm,-0.26516396
27.0781,B,mrac.roll.theta_0,0.14696585
27.0781,B,mrac.roll.theta_1,0.0013296063
27.0781,B,mrac.roll.theta_2,0.0043754205
27.0781,B,mrac.roll.theta_3,0.00032458996
27.0781,B,mrac.roll.theta_4,0.044548247
27.0781,B,mrac.roll.theta_5,0.055117968
27.0781,B,mrac.roll.u_nom,0.088323466
27.0781,B,mrac.roll.xm,0.10321441
27.0781,B,mrac.yaw.theta_0,7.189824e-15
27.0781,B,mrac.yaw.theta_1,0.001775247
27.0781,B,mrac.yaw.theta_2,2.3275294e-05
27.0781,B,mrac.yaw.theta_3,0
27.0781,B,mrac.yaw.theta_4,0.019791767
27.0781,B,mrac.yaw.theta_5,0.071514986
27.0781,B,mrac.yaw.u_nom,-0.054945342
27.0781,B,mrac.yaw.xm,-0.19175182
27.0781,B,mrac.z.theta_0,0.98179734
27.0781,B,mrac.z.theta_1,0.0067943772
27.0781,B,mrac.z.theta_2,0.0077740941
27.0781,B,mrac.z.theta_3,0
27.0781,B,mrac.z.theta_4,0.19920085
27.0781,B,mrac.z.theta_5,0.19835727
27.0781,B,mrac.z.u_nom,0.92922479
27.0781,B,mrac.z.xm,0.48587024
27.0781,B,path.active_path_mode,0
27.0781,B,path.circle_theta,0
27.0781,B,path.sinusoid_t_elapsed,0
27.0781,B,path.twc_arrived,0
27.0781,B,path.twc_target_x,0
27.0781,B,path.twc_target_y,0
27.0781,B,path.twc_target_z,0
27.0781,B,pid.gyrox.Des,5.9137478
27.0781,B,pid.gyrox.FB,-3.1800771
27.0781,B,pid.gyrox.U,103.33846
27.0781,B,pid.gyroy.Des,-15.192769
27.0781,B,pid.gyroy.FB,2.6707864
27.0781,B,pid.gyroy.U,-67.068382
27.0781,B,pid.gyroz.Des,-10.986566
27.0781,B,pid.gyroz.FB,1.6265467
27.0781,B,pid.gyroz.U,-102.85768
27.0781,B,pid.locx.Des,0
27.0781,B,pid.locx.FB,1.8800123
27.0781,B,pid.locx.U,-3.3240299
27.0781,B,pid.locxs.Des,-3.3240299
27.0781,B,pid.locxs.FB,-4.9994049
27.0781,B,pid.locxs.U,-0.73336029
27.0781,B,pid.locy.Des,0
27.0781,B,pid.locy.FB,33.958485
27.0781,B,pid.locy.U,-29.1695
27.0781,B,pid.locys.Des,-29.1695
27.0781,B,pid.locys.FB,0.077125646
27.0781,B,pid.locys.U,-87.662888
27.0781,B,pid.pitch.Des,-5.1048436
27.0781,B,pid.pitch.FB,-0.1735051
27.0781,B,pid.pitch.U,-15.192769
27.0781,B,pid.roll.Des,-0.036161594
27.0781,B,pid.roll.FB,-2.0890684
27.0781,B,pid.roll.U,5.9137478
27.0781,B,pid.yaw.Des,-0.61393034
27.0781,B,pid.yaw.FB,0.88383055
27.0781,B,pid.yaw.U,-10.986566
27.0781,B,pid.z_pos.Des,1.1493505
27.0781,B,pid.z_pos.FB,0.66955155
27.0781,B,pid.z_pos.U,0.48587024
27.0781,B,pid.z_rate.Des,0.48587024
27.0781,B,pid.z_rate.FB,-0.00010383551
27.0781,B,pid.z_rate.U,206.2879
27.0781,B,status.vbat,0
27.2791,A,mrac.pitch.e,0.20513377
27.2791,A,mrac.pitch.u_ad,-0.045887258
27.2791,A,mrac.roll.e,0.014658749
27.2791,A,mrac.roll.u_ad,0.15187711
27.2791,A,mrac.yaw.e,0.26797423
27.2791,A,mrac.yaw.u_ad,-0.018338231
27.2791,A,mrac.z.e,-0.4610112
27.2791,A,mrac.z.u_ad,1.2448064
27.2791,A,status.arm,1
27.2791,A,status.flymode,1
27.2791,A,status.rc_authority,0
27.2791,A,status.sbus_lost,0
27.2791,A,status.twc_arrived,0
27.2791,A,status.twc_execute,0
27.2792,B,mrac.pitch.theta_0,1.6815582e-44
27.2792,B,mrac.pitch.theta_1,0.0052966746
27.2792,B,mrac.pitch.theta_2,0.00033541588
27.2792,B,mrac.pitch.theta_3,0.00095154787
27.2792,B,mrac.pitch.theta_4,0.069135837
27.2792,B,mrac.pitch.theta_5,0.14587732
27.2792,B,mrac.pitch.u_nom,-0.10473761
27.2792,B,mrac.pitch.xm,-0.27929667
27.2792,B,mrac.roll.theta_0,0.14736892
27.2792,B,mrac.roll.theta_1,0.0013015621
27.2792,B,mrac.roll.theta_2,0.0043807677
27.2792,B,mrac.roll.theta_3,0.00032519642
27.2792,B,mrac.roll.theta_4,0.044631969
27.2792,B,mrac.roll.theta_5,0.055194713
27.2792,B,mrac.roll.u_nom,0.14796737
27.2792,B,mrac.roll.xm,0.084451325
27.2792,B,mrac.yaw.theta_0,1.4910754e-15
27.2792,B,mrac.yaw.theta_1,0.0017566788
27.2792,B,mrac.yaw.theta_2,2.3251336e-05
27.2792,B,mrac.yaw.theta_3,0
27.2792,B,mrac.yaw.theta_4,0.019947473
27.2792,B,mrac.yaw.theta_5,0.07206659
27.2792,B,mrac.yaw.u_nom,-0.063771471
27.2792,B,mrac.yaw.xm,-0.22884318
27.2792,B,mrac.z.theta_0,0.98176235
27.2792,B,mrac.z.theta_1,0.0071333977
27.2792,B,mrac.z.theta_2,0.0077815424
27.2792,B,mrac.z.theta_3,0
27.2792,B,mrac.z.theta_4,0.1991954
27.2792,B,mrac.z.theta_5,0.19836435
27.2792,B,mrac.z.u_nom,0.79167336
27.2792,B,mrac.z.xm,0.47893015
27.2792,B,path.active_path_mode,0
27.2792,B,path.circle_theta,0
27.2792,B,path.sinusoid_t_elapsed,0
27.2792,B,path.twc_arrived,0
27.2792,B,path.twc_target_x,0
27.2792,B,path.twc_target_y,0
27.2792,B,path.twc_target_z,0
27.2792,B,pid.gyrox.Des,4.8387027
27.2792,B,pid.gyrox.FB,-9.2077761
27.2792,B,pid.gyrox.U,173.12183
27.2792,B,pid.gyroy.Des,-16.002514
27.2792,B,pid.gyroy.FB,1.5502765
27.2792,B,pid.gyroy.U,-122.543
27.2792,B,pid.gyroz.Des,-13.111743
27.2792,B,pid.gyroz.FB,1.556318
27.2792,B,pid.gyroz.U,-119.3802
27.2792,B,pid.locx.Des,0
27.2792,B,pid.locx.FB,0.53444391
27.2792,B,pid.locx.U,-2.2491508
27.2792,B,pid.locxs.Des,-2.2491508
27.2792,B,pid.locxs.FB,-5.9553876
27.2792,B,pid.locxs.U,11.23745
27.2792,B,pid.locy.Des,0
27.2792,B,pid.locy.FB,34.184074
27.2792,B,pid.locy.U,-29.423136
27.2792,B,pid.locys.Des,-29.423136
27.2792,B,pid.locys.FB,2.1291687
27.2792,B,pid.locys.U,-94.75322
27.2792,B,pid.pitch.Des,-5.4990511
27.2792,B,pid.pitch.FB,-0.1712106
27.2792,B,pid.pitch.U,-16.002514
27.2792,B,pid.roll.Des,-0.77595961
27.2792,B,pid.roll.FB,-2.3204808
27.2792,B,pid.roll.U,4.8387027
27.2792,B,pid.yaw.Des,-0.61393034
27.2792,B,pid.yaw.FB,1.2380269
27.2792,B,pid.yaw.U,-13.111743
27.2792,B,pid.z_pos.Des,1.1493505
27.2792,B,pid.z_pos.FB,0.67943937
27.2792,B,pid.z_pos.U,0.47893015
27.2792,B,pid.z_rate.Des,0.47893015
27.2792,B,pid.z_rate.FB,0.069297098
27.2792,B,pid.z_rate.U,175.75148
27.2792,B,status.vbat,0
27.4945,A,mrac.pitch.e,0.28290933
27.4945,A,mrac.pitch.u_ad,-0.044630717
27.4945,A,mrac.roll.e,-0.1507296
27.4945,A,mrac.roll.u_ad,0.15017484
27.4945,A,mrac.yaw.e,0.12537482
27.4945,A,mrac.yaw.u_ad,-0.017534323
27.4945,A,mrac.z.e,-0.40913734
27.4945,A,mrac.z.u_ad,1.2484627
27.4945,A,status.arm,1
27.4945,A,status.flymode,1
27.4945,A,status.rc_authority,0
27.4945,A,status.sbus_lost,0
27.4945,A,status.twc_arrived,0
27.4945,A,status.twc_execute,0
27.4945,B,mrac.pitch.theta_0,1.6815582e-44
27.4945,B,mrac.pitch.theta_1,0.0054307957
27.4945,B,mrac.pitch.theta_2,0.00033501923
27.4945,B,mrac.pitch.theta_3,0.00095251272
27.4945,B,mrac.pitch.theta_4,0.069291964
27.4945,B,mrac.pitch.theta_5,0.14590062
27.4945,B,mrac.pitch.u_nom,-0.082870103
27.4945,B,mrac.pitch.xm,-0.27937743
27.4945,B,mrac.roll.theta_0,0.14631222
27.4945,B,mrac.roll.theta_1,0.0012823064
27.4945,B,mrac.roll.theta_2,0.0043823957
27.4945,B,mrac.roll.theta_3,0.00032558068
27.4945,B,mrac.roll.theta_4,0.044700015
27.4945,B,mrac.roll.theta_5,0.055215869
27.4945,B,mrac.roll.u_nom,0.056153361
27.4945,B,mrac.roll.xm,0.044922121
27.4945,B,mrac.yaw.theta_0,3.1655617e-16
27.4945,B,mrac.yaw.theta_1,0.0017792759
27.4945,B,mrac.yaw.theta_2,2.3227896e-05
27.4945,B,mrac.yaw.theta_3,0
27.4945,B,mrac.yaw.theta_4,0.020101529
27.4945,B,mrac.yaw.theta_5,0.072663829
27.4945,B,mrac.yaw.u_nom,-0.052056041
27.4945,B,mrac.yaw.xm,-0.22774909
27.4945,B,mrac.z.theta_0,0.98167616
27.4945,B,mrac.z.theta_1,0.0073325257
27.4945,B,mrac.z.theta_2,0.0077999295
27.4945,B,mrac.z.theta_3,0
27.4945,B,mrac.z.theta_4,0.19919603
27.4945,B,mrac.z.theta_5,0.19836907
27.4945,B,mrac.z.u_nom,0.6654188
27.4945,B,mrac.z.xm,0.48590562
27.4945,B,path.active_path_mode,0
27.4945,B,path.circle_theta,0
27.4945,B,path.sinusoid_t_elapsed,0
27.4945,B,path.twc_arrived,0
27.4945,B,path.twc_target_x,0
27.4945,B,path.twc_target_y,0
27.4945,B,path.twc_target_z,0
27.4945,B,pid.gyrox.Des,2.5738468
27.4945,B,pid.gyrox.FB,-1.2391797
27.4945,B,pid.gyrox.U,65.699432
27.4945,B,pid.gyroy.Des,-16.007141
27.4945,B,pid.gyroy.FB,0.50039732
27.4945,B,pid.gyroy.U,-96.958023
27.4945,B,pid.gyroz.Des,-13.049056
27.4945,B,pid.gyroz.FB,-1.1157687
27.4945,B,pid.gyroz.U,-97.448906
27.4945,B,pid.locx.Des,0
27.4945,B,pid.locx.FB,-1.0983009
27.4945,B,pid.locx.U,-0.78474212
27.4945,B,pid.locxs.Des,-0.78474212
27.4945,B,pid.locxs.FB,-6.9341221
27.4945,B,pid.locxs.U,18.841356
27.4945,B,pid.locy.Des,0
27.4945,B,pid.locy.FB,34.951824
27.4945,B,pid.locy.U,-30.074854
27.4945,B,pid.locys.Des,-30.074854
27.4945,B,pid.locys.FB,3.149277
27.4945,B,pid.locys.U,-99.83107
27.4945,B,pid.pitch.Des,-5.7839127
27.4945,B,pid.pitch.FB,-0.49679193
27.4945,B,pid.pitch.U,-16.007141
27.4945,B,pid.roll.Des,-1.2252866
27.4945,B,pid.roll.FB,-2.1574571
27.4945,B,pid.roll.U,2.5738468
27.4945,B,pid.yaw.Des,-0.61393034
27.4945,B,pid.yaw.FB,1.227579
27.4945,B,pid.yaw.U,-13.049056
27.4945,B,pid.z_pos.Des,1.1493505
27.4945,B,pid.z_pos.FB,0.67949241
27.4945,B,pid.z_pos.U,0.48590562
27.4945,B,pid.z_rate.Des,0.48590562
27.4945,B,pid.z_rate.FB,0.14634384
27.4945,B,pid.z_rate.U,147.72298
27.4945,B,status.vbat,0
27.6963,A,mrac.pitch.e,0.22137201
27.6963,A,mrac.pitch.u_ad,-0.044163521
27.6963,A,mrac.roll.e,-0.22938007
27.6963,A,mrac.roll.u_ad,0.15076302
27.6963,A,mrac.yaw.e,0.22373261
27.6963,A,mrac.yaw.u_ad,-0.017333593
27.6963,A,mrac.z.e,-0.42878529
27.6963,A,mrac.z.u_ad,1.2460932
27.6963,A,status.arm,1
27.6963,A,status.flymode,1
27.6963,A,status.rc_authority,0
27.6963,A,status.sbus_lost,0
27.6963,A,status.twc_arrived,0
27.6963,A,status.twc_execute,0
27.6965,B,mrac.pitch.theta_0,1.6815582e-44
27.6965,B,mrac.pitch.theta_1,0.0054307957
27.6965,B,mrac.pitch.theta_2,0.00033501923
27.6965,B,mrac.pitch.theta_3,0.00095251272
27.6965,B,mrac.pitch.theta_4,0.069291964
27.6965,B,mrac.pitch.theta_5,0.14590062
27.6965,B,mrac.pitch.u_nom,-0.082870103
27.6965,B,mrac.pitch.xm,-0.27937743
27.6965,B,mrac.roll.theta_0,0.14631222
27.6965,B,mrac.roll.theta_1,0.0012823064
27.6965,B,mrac.roll.theta_2,0.0043823957
27.6965,B,mrac.roll.theta_3,0.00032558068
27.6965,B,mrac.roll.theta_4,0.044700015
27.6965,B,mrac.roll.theta_5,0.055215869
27.6965,B,mrac.roll.u_nom,0.056153361
27.6965,B,mrac.roll.xm,0.044922121
27.6965,B,mrac.yaw.theta_0,3.1655617e-16
27.6965,B,mrac.yaw.theta_1,0.0017792759
27.6965,B,mrac.yaw.theta_2,2.3227896e-05
27.6965,B,mrac.yaw.theta_3,0
27.6965,B,mrac.yaw.theta_4,0.020101529
27.6965,B,mrac.yaw.theta_5,0.072663829
27.6965,B,mrac.yaw.u_nom,-0.052056041
27.6965,B,mrac.yaw.xm,-0.22774909
27.6965,B,mrac.z.theta_0,0.98167616
27.6965,B,mrac.z.theta_1,0.0073325257
27.6965,B,mrac.z.theta_2,0.0077999295
27.6965,B,mrac.z.theta_3,0
27.6965,B,mrac.z.theta_4,0.19919603
27.6965,B,mrac.z.theta_5,0.19836907
27.6965,B,mrac.z.u_nom,0.6654188
27.6965,B,mrac.z.xm,0.48590562
27.6965,B,path.active_path_mode,0
27.6965,B,path.circle_theta,0
27.6965,B,path.sinusoid_t_elapsed,0
27.6965,B,path.twc_arrived,0
27.6965,B,path.twc_target_x,0
27.6965,B,path.twc_target_y,0
27.6965,B,path.twc_target_z,0
27.6965,B,pid.gyrox.Des,2.5738468
27.6965,B,pid.gyrox.FB,-1.2391797
27.6965,B,pid.gyrox.U,65.699432
27.6965,B,pid.gyroy.Des,-16.007141
27.6965,B,pid.gyroy.FB,0.50039732
27.6965,B,pid.gyroy.U,-96.958023
27.6965,B,pid.gyroz.Des,-13.049056
27.6965,B,pid.gyroz.FB,-1.1157687
27.6965,B,pid.gyroz.U,-97.448906
27.6965,B,pid.locx.Des,0
27.6965,B,pid.locx.FB,-1.0983009
27.6965,B,pid.locx.U,-0.78474212
27.6965,B,pid.locxs.Des,-0.78474212
27.6965,B,pid.locxs.FB,-6.9341221
27.6965,B,pid.locxs.U,18.841356
27.6965,B,pid.locy.Des,0
27.6965,B,pid.locy.FB,34.951824
27.6965,B,pid.locy.U,-30.074854
27.6965,B,pid.locys.Des,-30.074854
27.6965,B,pid.locys.FB,3.149277
27.6965,B,pid.locys.U,-99.83107
27.6965,B,pid.pitch.Des,-5.7839127
27.6965,B,pid.pitch.FB,-0.49679193
27.6965,B,pid.pitch.U,-16.007141
27.6965,B,pid.roll.Des,-1.2252866
27.6965,B,pid.roll.FB,-2.1574571
27.6965,B,pid.roll.U,2.5738468
27.6965,B,pid.yaw.Des,-0.61393034
27.6965,B,pid.yaw.FB,1.227579
27.6965,B,pid.yaw.U,-13.049056
27.6965,B,pid.z_pos.Des,1.1493505
27.6965,B,pid.z_pos.FB,0.67949241
27.6965,B,pid.z_pos.U,0.48590562
27.6965,B,pid.z_rate.Des,0.48590562
27.6965,B,pid.z_rate.FB,0.14634384
27.6965,B,pid.z_rate.U,147.72298
27.6965,B,status.vbat,0
27.9123,A,mrac.pitch.e,0.22137201
27.9123,A,mrac.pitch.u_ad,-0.044163521
27.9123,A,mrac.roll.e,-0.22938007
27.9123,A,mrac.roll.u_ad,0.15076302
27.9123,A,mrac.yaw.e,0.22373261
27.9123,A,mrac.yaw.u_ad,-0.017333593
27.9123,A,mrac.z.e,-0.42878529
27.9123,A,mrac.z.u_ad,1.2460932
27.9123,A,status.arm,1
27.9123,A,status.flymode,1
27.9123,A,status.rc_authority,0
27.9123,A,status.sbus_lost,0
27.9123,A,status.twc_arrived,0
27.9123,A,status.twc_execute,0
27.9124,B,mrac.pitch.theta_0,1.6815582e-44
27.9124,B,mrac.pitch.theta_1,0.0054307957
27.9124,B,mrac.pitch.theta_2,0.00033501923
27.9124,B,mrac.pitch.theta_3,0.00095251272
27.9124,B,mrac.pitch.theta_4,0.069291964
27.9124,B,mrac.pitch.theta_5,0.14590062
27.9124,B,mrac.pitch.u_nom,-0.082870103
27.9124,B,mrac.pitch.xm,-0.27937743
27.9124,B,mrac.roll.theta_0,0.14631222
27.9124,B,mrac.roll.theta_1,0.0012823064
27.9124,B,mrac.roll.theta_2,0.0043823957
27.9124,B,mrac.roll.theta_3,0.00032558068
27.9124,B,mrac.roll.theta_4,0.044700015
27.9124,B,mrac.roll.theta_5,0.055215869
27.9124,B,mrac.roll.u_nom,0.056153361
27.9124,B,mrac.roll.xm,0.044922121
27.9124,B,mrac.yaw.theta_0,3.1655617e-16
27.9124,B,mrac.yaw.theta_1,0.0017792759
27.9124,B,mrac.yaw.theta_2,2.3227896e-05
27.9124,B,mrac.yaw.theta_3,0
27.9124,B,mrac.yaw.theta_4,0.020101529
27.9124,B,mrac.yaw.theta_5,0.072663829
27.9124,B,mrac.yaw.u_nom,-0.052056041
27.9124,B,mrac.yaw.xm,-0.22774909
27.9124,B,mrac.z.theta_0,0.98167616
27.9124,B,mrac.z.theta_1,0.0073325257
27.9124,B,mrac.z.theta_2,0.0077999295
27.9124,B,mrac.z.theta_3,0
27.9124,B,mrac.z.theta_4,0.19919603
27.9124,B,mrac.z.theta_5,0.19836907
27.9124,B,mrac.z.u_nom,0.6654188
27.9124,B,mrac.z.xm,0.48590562
27.9124,B,path.active_path_mode,0
27.9124,B,path.circle_theta,0
27.9124,B,path.sinusoid_t_elapsed,0
27.9124,B,path.twc_arrived,0
27.9124,B,path.twc_target_x,0
27.9124,B,path.twc_target_y,0
27.9124,B,path.twc_target_z,0
27.9124,B,pid.gyrox.Des,2.5738468
27.9124,B,pid.gyrox.FB,-1.2391797
27.9124,B,pid.gyrox.U,65.699432
27.9124,B,pid.gyroy.Des,-16.007141
27.9124,B,pid.gyroy.FB,0.50039732
27.9124,B,pid.gyroy.U,-96.958023
27.9124,B,pid.gyroz.Des,-13.049056
27.9124,B,pid.gyroz.FB,-1.1157687
27.9124,B,pid.gyroz.U,-97.448906
27.9124,B,pid.locx.Des,0
27.9124,B,pid.locx.FB,-1.0983009
27.9124,B,pid.locx.U,-0.78474212
27.9124,B,pid.locxs.Des,-0.78474212
27.9124,B,pid.locxs.FB,-6.9341221
27.9124,B,pid.locxs.U,18.841356
27.9124,B,pid.locy.Des,0
27.9124,B,pid.locy.FB,34.951824
27.9124,B,pid.locy.U,-30.074854
27.9124,B,pid.locys.Des,-30.074854
27.9124,B,pid.locys.FB,3.149277
27.9124,B,pid.locys.U,-99.83107
27.9124,B,pid.pitch.Des,-5.7839127
27.9124,B,pid.pitch.FB,-0.49679193
27.9124,B,pid.pitch.U,-16.007141
27.9124,B,pid.roll.Des,-1.2252866
27.9124,B,pid.roll.FB,-2.1574571
27.9124,B,pid.roll.U,2.5738468
27.9124,B,pid.yaw.Des,-0.61393034
27.9124,B,pid.yaw.FB,1.227579
27.9124,B,pid.yaw.U,-13.049056
27.9124,B,pid.z_pos.Des,1.1493505
27.9124,B,pid.z_pos.FB,0.67949241
27.9124,B,pid.z_pos.U,0.48590562
27.9124,B,pid.z_rate.Des,0.48590562
27.9124,B,pid.z_rate.FB,0.14634384
27.9124,B,pid.z_rate.U,147.72298
27.9124,B,status.vbat,0
28.1128,A,mrac.pitch.e,0.22137201
28.1128,A,mrac.pitch.u_ad,-0.044163521
28.1128,A,mrac.roll.e,-0.22938007
28.1128,A,mrac.roll.u_ad,0.15076302
28.1128,A,mrac.yaw.e,0.22373261
28.1128,A,mrac.yaw.u_ad,-0.017333593
28.1128,A,mrac.z.e,-0.42878529
28.1128,A,mrac.z.u_ad,1.2460932
28.1128,A,status.arm,1
28.1128,A,status.flymode,1
28.1128,A,status.rc_authority,0
28.1128,A,status.sbus_lost,0
28.1128,A,status.twc_arrived,0
28.1128,A,status.twc_execute,0
28.1129,B,mrac.pitch.theta_0,1.6815582e-44
28.1129,B,mrac.pitch.theta_1,0.0054307957
28.1129,B,mrac.pitch.theta_2,0.00033501923
28.1129,B,mrac.pitch.theta_3,0.00095251272
28.1129,B,mrac.pitch.theta_4,0.069291964
28.1129,B,mrac.pitch.theta_5,0.14590062
28.1129,B,mrac.pitch.u_nom,-0.082870103
28.1129,B,mrac.pitch.xm,-0.27937743
28.1129,B,mrac.roll.theta_0,0.14631222
28.1129,B,mrac.roll.theta_1,0.0012823064
28.1129,B,mrac.roll.theta_2,0.0043823957
28.1129,B,mrac.roll.theta_3,0.00032558068
28.1129,B,mrac.roll.theta_4,0.044700015
28.1129,B,mrac.roll.theta_5,0.055215869
28.1129,B,mrac.roll.u_nom,0.056153361
28.1129,B,mrac.roll.xm,0.044922121
28.1129,B,mrac.yaw.theta_0,3.1655617e-16
28.1129,B,mrac.yaw.theta_1,0.0017792759
28.1129,B,mrac.yaw.theta_2,2.3227896e-05
28.1129,B,mrac.yaw.theta_3,0
28.1129,B,mrac.yaw.theta_4,0.020101529
28.1129,B,mrac.yaw.theta_5,0.072663829
28.1129,B,mrac.yaw.u_nom,-0.052056041
28.1129,B,mrac.yaw.xm,-0.22774909
28.1129,B,mrac.z.theta_0,0.98167616
28.1129,B,mrac.z.theta_1,0.0073325257
28.1129,B,mrac.z.theta_2,0.0077999295
28.1129,B,mrac.z.theta_3,0
28.1129,B,mrac.z.theta_4,0.19919603
28.1129,B,mrac.z.theta_5,0.19836907
28.1129,B,mrac.z.u_nom,0.6654188
28.1129,B,mrac.z.xm,0.48590562
28.1129,B,path.active_path_mode,0
28.1129,B,path.circle_theta,0
28.1129,B,path.sinusoid_t_elapsed,0
28.1129,B,path.twc_arrived,0
28.1129,B,path.twc_target_x,0
28.1129,B,path.twc_target_y,0
28.1129,B,path.twc_target_z,0
28.1129,B,pid.gyrox.Des,2.5738468
28.1129,B,pid.gyrox.FB,-1.2391797
28.1129,B,pid.gyrox.U,65.699432
28.1129,B,pid.gyroy.Des,-16.007141
28.1129,B,pid.gyroy.FB,0.50039732
28.1129,B,pid.gyroy.U,-96.958023
28.1129,B,pid.gyroz.Des,-13.049056
28.1129,B,pid.gyroz.FB,-1.1157687
28.1129,B,pid.gyroz.U,-97.448906
28.1129,B,pid.locx.Des,0
28.1129,B,pid.locx.FB,-1.0983009
28.1129,B,pid.locx.U,-0.78474212
28.1129,B,pid.locxs.Des,-0.78474212
28.1129,B,pid.locxs.FB,-6.9341221
28.1129,B,pid.locxs.U,18.841356
28.1129,B,pid.locy.Des,0
28.1129,B,pid.locy.FB,34.951824
28.1129,B,pid.locy.U,-30.074854
28.1129,B,pid.locys.Des,-30.074854
28.1129,B,pid.locys.FB,3.149277
28.1129,B,pid.locys.U,-99.83107
28.1129,B,pid.pitch.Des,-5.7839127
28.1129,B,pid.pitch.FB,-0.49679193
28.1129,B,pid.pitch.U,-16.007141
28.1129,B,pid.roll.Des,-1.2252866
28.1129,B,pid.roll.FB,-2.1574571
28.1129,B,pid.roll.U,2.5738468
28.1129,B,pid.yaw.Des,-0.61393034
28.1129,B,pid.yaw.FB,1.227579
28.1129,B,pid.yaw.U,-13.049056
28.1129,B,pid.z_pos.Des,1.1493505
28.1129,B,pid.z_pos.FB,0.67949241
28.1129,B,pid.z_pos.U,0.48590562
28.1129,B,pid.z_rate.Des,0.48590562
28.1129,B,pid.z_rate.FB,0.14634384
28.1129,B,pid.z_rate.U,147.72298
28.1129,B,status.vbat,0
28.3125,A,mrac.pitch.e,0.22137201
28.3125,A,mrac.pitch.u_ad,-0.044163521
28.3125,A,mrac.roll.e,-0.22938007
28.3125,A,mrac.roll.u_ad,0.15076302
28.3125,A,mrac.yaw.e,0.22373261
28.3125,A,mrac.yaw.u_ad,-0.017333593
28.3125,A,mrac.z.e,-0.42878529
28.3125,A,mrac.z.u_ad,1.2460932
28.3125,A,status.arm,1
28.3125,A,status.flymode,1
28.3125,A,status.rc_authority,0
28.3125,A,status.sbus_lost,0
28.3125,A,status.twc_arrived,0
28.3125,A,status.twc_execute,0
28.3126,B,mrac.pitch.theta_0,1.6815582e-44
28.3126,B,mrac.pitch.theta_1,0.0054307957
28.3126,B,mrac.pitch.theta_2,0.00033501923
28.3126,B,mrac.pitch.theta_3,0.00095251272
28.3126,B,mrac.pitch.theta_4,0.069291964
28.3126,B,mrac.pitch.theta_5,0.14590062
28.3126,B,mrac.pitch.u_nom,-0.082870103
28.3126,B,mrac.pitch.xm,-0.27937743
28.3126,B,mrac.roll.theta_0,0.14631222
28.3126,B,mrac.roll.theta_1,0.0012823064
28.3126,B,mrac.roll.theta_2,0.0043823957
28.3126,B,mrac.roll.theta_3,0.00032558068
28.3126,B,mrac.roll.theta_4,0.044700015
28.3126,B,mrac.roll.theta_5,0.055215869
28.3126,B,mrac.roll.u_nom,0.056153361
28.3126,B,mrac.roll.xm,0.044922121
28.3126,B,mrac.yaw.theta_0,3.1655617e-16
28.3126,B,mrac.yaw.theta_1,0.0017792759
28.3126,B,mrac.yaw.theta_2,2.3227896e-05
28.3126,B,mrac.yaw.theta_3,0
28.3126,B,mrac.yaw.theta_4,0.020101529
28.3126,B,mrac.yaw.theta_5,0.072663829
28.3126,B,mrac.yaw.u_nom,-0.052056041
28.3126,B,mrac.yaw.xm,-0.22774909
28.3126,B,mrac.z.theta_0,0.98167616
28.3126,B,mrac.z.theta_1,0.0073325257
28.3126,B,mrac.z.theta_2,0.0077999295
28.3126,B,mrac.z.theta_3,0
28.3126,B,mrac.z.theta_4,0.19919603
28.3126,B,mrac.z.theta_5,0.19836907
28.3126,B,mrac.z.u_nom,0.6654188
28.3126,B,mrac.z.xm,0.48590562
28.3126,B,path.active_path_mode,0
28.3126,B,path.circle_theta,0
28.3126,B,path.sinusoid_t_elapsed,0
28.3126,B,path.twc_arrived,0
28.3126,B,path.twc_target_x,0
28.3126,B,path.twc_target_y,0
28.3126,B,path.twc_target_z,0
28.3126,B,pid.gyrox.Des,2.5738468
28.3126,B,pid.gyrox.FB,-1.2391797
28.3126,B,pid.gyrox.U,65.699432
28.3126,B,pid.gyroy.Des,-16.007141
28.3126,B,pid.gyroy.FB,0.50039732
28.3126,B,pid.gyroy.U,-96.958023
28.3126,B,pid.gyroz.Des,-13.049056
28.3126,B,pid.gyroz.FB,-1.1157687
28.3126,B,pid.gyroz.U,-97.448906
28.3126,B,pid.locx.Des,0
28.3126,B,pid.locx.FB,-1.0983009
28.3126,B,pid.locx.U,-0.78474212
28.3126,B,pid.locxs.Des,-0.78474212
28.3126,B,pid.locxs.FB,-6.9341221
28.3126,B,pid.locxs.U,18.841356
28.3126,B,pid.locy.Des,0
28.3126,B,pid.locy.FB,34.951824
28.3126,B,pid.locy.U,-30.074854
28.3126,B,pid.locys.Des,-30.074854
28.3126,B,pid.locys.FB,3.149277
28.3126,B,pid.locys.U,-99.83107
28.3126,B,pid.pitch.Des,-5.7839127
28.3126,B,pid.pitch.FB,-0.49679193
28.3126,B,pid.pitch.U,-16.007141
28.3126,B,pid.roll.Des,-1.2252866
28.3126,B,pid.roll.FB,-2.1574571
28.3126,B,pid.roll.U,2.5738468
28.3126,B,pid.yaw.Des,-0.61393034
28.3126,B,pid.yaw.FB,1.227579
28.3126,B,pid.yaw.U,-13.049056
28.3126,B,pid.z_pos.Des,1.1493505
28.3126,B,pid.z_pos.FB,0.67949241
28.3126,B,pid.z_pos.U,0.48590562
28.3126,B,pid.z_rate.Des,0.48590562
28.3126,B,pid.z_rate.FB,0.14634384
28.3126,B,pid.z_rate.U,147.72298
28.3126,B,status.vbat,0
28.5289,A,mrac.pitch.e,0.22137201
28.5289,A,mrac.pitch.u_ad,-0.044163521
28.5289,A,mrac.roll.e,-0.22938007
28.5289,A,mrac.roll.u_ad,0.15076302
28.5289,A,mrac.yaw.e,0.22373261
28.5289,A,mrac.yaw.u_ad,-0.017333593
28.5289,A,mrac.z.e,-0.42878529
28.5289,A,mrac.z.u_ad,1.2460932
28.5289,A,status.arm,1
28.5289,A,status.flymode,1
28.5289,A,status.rc_authority,0
28.5289,A,status.sbus_lost,0
28.5289,A,status.twc_arrived,0
28.5289,A,status.twc_execute,0
28.5289,B,mrac.pitch.theta_0,1.6815582e-44
28.5289,B,mrac.pitch.theta_1,0.0054307957
28.5289,B,mrac.pitch.theta_2,0.00033501923
28.5289,B,mrac.pitch.theta_3,0.00095251272
28.5289,B,mrac.pitch.theta_4,0.069291964
28.5289,B,mrac.pitch.theta_5,0.14590062
28.5289,B,mrac.pitch.u_nom,-0.082870103
28.5289,B,mrac.pitch.xm,-0.27937743
28.5289,B,mrac.roll.theta_0,0.14631222
28.5289,B,mrac.roll.theta_1,0.0012823064
28.5289,B,mrac.roll.theta_2,0.0043823957
28.5289,B,mrac.roll.theta_3,0.00032558068
28.5289,B,mrac.roll.theta_4,0.044700015
28.5289,B,mrac.roll.theta_5,0.055215869
28.5289,B,mrac.roll.u_nom,0.056153361
28.5289,B,mrac.roll.xm,0.044922121
28.5289,B,mrac.yaw.theta_0,3.1655617e-16
28.5289,B,mrac.yaw.theta_1,0.0017792759
28.5289,B,mrac.yaw.theta_2,2.3227896e-05
28.5289,B,mrac.yaw.theta_3,0
28.5289,B,mrac.yaw.theta_4,0.020101529
28.5289,B,mrac.yaw.theta_5,0.072663829
28.5289,B,mrac.yaw.u_nom,-0.052056041
28.5289,B,mrac.yaw.xm,-0.22774909
28.5289,B,mrac.z.theta_0,0.98167616
28.5289,B,mrac.z.theta_1,0.0073325257
28.5289,B,mrac.z.theta_2,0.0077999295
28.5289,B,mrac.z.theta_3,0
28.5289,B,mrac.z.theta_4,0.19919603
28.5289,B,mrac.z.theta_5,0.19836907
28.5289,B,mrac.z.u_nom,0.6654188
28.5289,B,mrac.z.xm,0.48590562
28.5289,B,path.active_path_mode,0
28.5289,B,path.circle_theta,0
28.5289,B,path.sinusoid_t_elapsed,0
28.5289,B,path.twc_arrived,0
28.5289,B,path.twc_target_x,0
28.5289,B,path.twc_target_y,0
28.5289,B,path.twc_target_z,0
28.5289,B,pid.gyrox.Des,2.5738468
28.5289,B,pid.gyrox.FB,-1.2391797
28.5289,B,pid.gyrox.U,65.699432
28.5289,B,pid.gyroy.Des,-16.007141
28.5289,B,pid.gyroy.FB,0.50039732
28.5289,B,pid.gyroy.U,-96.958023
28.5289,B,pid.gyroz.Des,-13.049056
28.5289,B,pid.gyroz.FB,-1.1157687
28.5289,B,pid.gyroz.U,-97.448906
28.5289,B,pid.locx.Des,0
28.5289,B,pid.locx.FB,-1.0983009
28.5289,B,pid.locx.U,-0.78474212
28.5289,B,pid.locxs.Des,-0.78474212
28.5289,B,pid.locxs.FB,-6.9341221
28.5289,B,pid.locxs.U,18.841356
28.5289,B,pid.locy.Des,0
28.5289,B,pid.locy.FB,34.951824
28.5289,B,pid.locy.U,-30.074854
28.5289,B,pid.locys.Des,-30.074854
28.5289,B,pid.locys.FB,3.149277
28.5289,B,pid.locys.U,-99.83107
28.5289,B,pid.pitch.Des,-5.7839127
28.5289,B,pid.pitch.FB,-0.49679193
28.5289,B,pid.pitch.U,-16.007141
28.5289,B,pid.roll.Des,-1.2252866
28.5289,B,pid.roll.FB,-2.1574571
28.5289,B,pid.roll.U,2.5738468
28.5289,B,pid.yaw.Des,-0.61393034
28.5289,B,pid.yaw.FB,1.227579
28.5289,B,pid.yaw.U,-13.049056
28.5289,B,pid.z_pos.Des,1.1493505
28.5289,B,pid.z_pos.FB,0.67949241
28.5289,B,pid.z_pos.U,0.48590562
28.5289,B,pid.z_rate.Des,0.48590562
28.5289,B,pid.z_rate.FB,0.14634384
28.5289,B,pid.z_rate.U,147.72298
28.5289,B,status.vbat,0
28.7447,A,mrac.pitch.e,0.22137201
28.7447,A,mrac.pitch.u_ad,-0.044163521
28.7447,A,mrac.roll.e,-0.22938007
28.7447,A,mrac.roll.u_ad,0.15076302
28.7447,A,mrac.yaw.e,0.22373261
28.7447,A,mrac.yaw.u_ad,-0.017333593
28.7447,A,mrac.z.e,-0.42878529
28.7447,A,mrac.z.u_ad,1.2460932
28.7447,A,status.arm,1
28.7447,A,status.flymode,1
28.7447,A,status.rc_authority,0
28.7447,A,status.sbus_lost,0
28.7447,A,status.twc_arrived,0
28.7447,A,status.twc_execute,0
28.7447,B,mrac.pitch.theta_0,1.6815582e-44
28.7447,B,mrac.pitch.theta_1,0.0054307957
28.7447,B,mrac.pitch.theta_2,0.00033501923
28.7447,B,mrac.pitch.theta_3,0.00095251272
28.7447,B,mrac.pitch.theta_4,0.069291964
28.7447,B,mrac.pitch.theta_5,0.14590062
28.7447,B,mrac.pitch.u_nom,-0.082870103
28.7447,B,mrac.pitch.xm,-0.27937743
28.7447,B,mrac.roll.theta_0,0.14631222
28.7447,B,mrac.roll.theta_1,0.0012823064
28.7447,B,mrac.roll.theta_2,0.0043823957
28.7447,B,mrac.roll.theta_3,0.00032558068
28.7447,B,mrac.roll.theta_4,0.044700015
28.7447,B,mrac.roll.theta_5,0.055215869
28.7447,B,mrac.roll.u_nom,0.056153361
28.7447,B,mrac.roll.xm,0.044922121
28.7447,B,mrac.yaw.theta_0,3.1655617e-16
28.7447,B,mrac.yaw.theta_1,0.0017792759
28.7447,B,mrac.yaw.theta_2,2.3227896e-05
28.7447,B,mrac.yaw.theta_3,0
28.7447,B,mrac.yaw.theta_4,0.020101529
28.7447,B,mrac.yaw.theta_5,0.072663829
28.7447,B,mrac.yaw.u_nom,-0.052056041
28.7447,B,mrac.yaw.xm,-0.22774909
28.7447,B,mrac.z.theta_0,0.98167616
28.7447,B,mrac.z.theta_1,0.0073325257
28.7447,B,mrac.z.theta_2,0.0077999295
28.7447,B,mrac.z.theta_3,0
28.7447,B,mrac.z.theta_4,0.19919603
28.7447,B,mrac.z.theta_5,0.19836907
28.7447,B,mrac.z.u_nom,0.6654188
28.7447,B,mrac.z.xm,0.48590562
28.7447,B,path.active_path_mode,0
28.7447,B,path.circle_theta,0
28.7447,B,path.sinusoid_t_elapsed,0
28.7447,B,path.twc_arrived,0
28.7447,B,path.twc_target_x,0
28.7447,B,path.twc_target_y,0
28.7447,B,path.twc_target_z,0
28.7447,B,pid.gyrox.Des,2.5738468
28.7447,B,pid.gyrox.FB,-1.2391797
28.7447,B,pid.gyrox.U,65.699432
28.7447,B,pid.gyroy.Des,-16.007141
28.7447,B,pid.gyroy.FB,0.50039732
28.7447,B,pid.gyroy.U,-96.958023
28.7447,B,pid.gyroz.Des,-13.049056
28.7447,B,pid.gyroz.FB,-1.1157687
28.7447,B,pid.gyroz.U,-97.448906
28.7447,B,pid.locx.Des,0
28.7447,B,pid.locx.FB,-1.0983009
28.7447,B,pid.locx.U,-0.78474212
28.7447,B,pid.locxs.Des,-0.78474212
28.7447,B,pid.locxs.FB,-6.9341221
28.7447,B,pid.locxs.U,18.841356
28.7447,B,pid.locy.Des,0
28.7447,B,pid.locy.FB,34.951824
28.7447,B,pid.locy.U,-30.074854
28.7447,B,pid.locys.Des,-30.074854
28.7447,B,pid.locys.FB,3.149277
28.7447,B,pid.locys.U,-99.83107
28.7447,B,pid.pitch.Des,-5.7839127
28.7447,B,pid.pitch.FB,-0.49679193
28.7447,B,pid.pitch.U,-16.007141
28.7447,B,pid.roll.Des,-1.2252866
28.7447,B,pid.roll.FB,-2.1574571
28.7447,B,pid.roll.U,2.5738468
28.7447,B,pid.yaw.Des,-0.61393034
28.7447,B,pid.yaw.FB,1.227579
28.7447,B,pid.yaw.U,-13.049056
28.7447,B,pid.z_pos.Des,1.1493505
28.7447,B,pid.z_pos.FB,0.67949241
28.7447,B,pid.z_pos.U,0.48590562
28.7447,B,pid.z_rate.Des,0.48590562
28.7447,B,pid.z_rate.FB,0.14634384
28.7447,B,pid.z_rate.U,147.72298
28.7447,B,status.vbat,0
28.9448,A,mrac.pitch.e,0.22137201
28.9448,A,mrac.pitch.u_ad,-0.044163521
28.9448,A,mrac.roll.e,-0.22938007
28.9448,A,mrac.roll.u_ad,0.15076302
28.9448,A,mrac.yaw.e,0.22373261
28.9448,A,mrac.yaw.u_ad,-0.017333593
28.9448,A,mrac.z.e,-0.42878529
28.9448,A,mrac.z.u_ad,1.2460932
28.9448,A,status.arm,1
28.9448,A,status.flymode,1
28.9448,A,status.rc_authority,0
28.9448,A,status.sbus_lost,0
28.9448,A,status.twc_arrived,0
28.9448,A,status.twc_execute,0
28.9448,B,mrac.pitch.theta_0,1.6815582e-44
28.9448,B,mrac.pitch.theta_1,0.0054307957
28.9448,B,mrac.pitch.theta_2,0.00033501923
28.9448,B,mrac.pitch.theta_3,0.00095251272
28.9448,B,mrac.pitch.theta_4,0.069291964
28.9448,B,mrac.pitch.theta_5,0.14590062
28.9448,B,mrac.pitch.u_nom,-0.082870103
28.9448,B,mrac.pitch.xm,-0.27937743
28.9448,B,mrac.roll.theta_0,0.14631222
28.9448,B,mrac.roll.theta_1,0.0012823064
28.9448,B,mrac.roll.theta_2,0.0043823957
28.9448,B,mrac.roll.theta_3,0.00032558068
28.9448,B,mrac.roll.theta_4,0.044700015
28.9448,B,mrac.roll.theta_5,0.055215869
28.9448,B,mrac.roll.u_nom,0.056153361
28.9448,B,mrac.roll.xm,0.044922121
28.9448,B,mrac.yaw.theta_0,3.1655617e-16
28.9448,B,mrac.yaw.theta_1,0.0017792759
28.9448,B,mrac.yaw.theta_2,2.3227896e-05
28.9448,B,mrac.yaw.theta_3,0
28.9448,B,mrac.yaw.theta_4,0.020101529
28.9448,B,mrac.yaw.theta_5,0.072663829
28.9448,B,mrac.yaw.u_nom,-0.052056041
28.9448,B,mrac.yaw.xm,-0.22774909
28.9448,B,mrac.z.theta_0,0.98167616
28.9448,B,mrac.z.theta_1,0.0073325257
28.9448,B,mrac.z.theta_2,0.0077999295
28.9448,B,mrac.z.theta_3,0
28.9448,B,mrac.z.theta_4,0.19919603
28.9448,B,mrac.z.theta_5,0.19836907
28.9448,B,mrac.z.u_nom,0.6654188
28.9448,B,mrac.z.xm,0.48590562
28.9448,B,path.active_path_mode,0
28.9448,B,path.circle_theta,0
28.9448,B,path.sinusoid_t_elapsed,0
28.9448,B,path.twc_arrived,0
28.9448,B,path.twc_target_x,0
28.9448,B,path.twc_target_y,0
28.9448,B,path.twc_target_z,0
28.9448,B,pid.gyrox.Des,2.5738468
28.9448,B,pid.gyrox.FB,-1.2391797
28.9448,B,pid.gyrox.U,65.699432
28.9448,B,pid.gyroy.Des,-16.007141
28.9448,B,pid.gyroy.FB,0.50039732
28.9448,B,pid.gyroy.U,-96.958023
28.9448,B,pid.gyroz.Des,-13.049056
28.9448,B,pid.gyroz.FB,-1.1157687
28.9448,B,pid.gyroz.U,-97.448906
28.9448,B,pid.locx.Des,0
28.9448,B,pid.locx.FB,-1.0983009
28.9448,B,pid.locx.U,-0.78474212
28.9448,B,pid.locxs.Des,-0.78474212
28.9448,B,pid.locxs.FB,-6.9341221
28.9448,B,pid.locxs.U,18.841356
28.9448,B,pid.locy.Des,0
28.9448,B,pid.locy.FB,34.951824
28.9448,B,pid.locy.U,-30.074854
28.9448,B,pid.locys.Des,-30.074854
28.9448,B,pid.locys.FB,3.149277
28.9448,B,pid.locys.U,-99.83107
28.9448,B,pid.pitch.Des,-5.7839127
28.9448,B,pid.pitch.FB,-0.49679193
28.9448,B,pid.pitch.U,-16.007141
28.9448,B,pid.roll.Des,-1.2252866
28.9448,B,pid.roll.FB,-2.1574571
28.9448,B,pid.roll.U,2.5738468
28.9448,B,pid.yaw.Des,-0.61393034
28.9448,B,pid.yaw.FB,1.227579
28.9448,B,pid.yaw.U,-13.049056
28.9448,B,pid.z_pos.Des,1.1493505
28.9448,B,pid.z_pos.FB,0.67949241
28.9448,B,pid.z_pos.U,0.48590562
28.9448,B,pid.z_rate.Des,0.48590562
28.9448,B,pid.z_rate.FB,0.14634384
28.9448,B,pid.z_rate.U,147.72298
28.9448,B,status.vbat,0
29.1451,A,mrac.pitch.e,0.22137201
29.1451,A,mrac.pitch.u_ad,-0.044163521
29.1451,A,mrac.roll.e,-0.22938007
29.1451,A,mrac.roll.u_ad,0.15076302
29.1451,A,mrac.yaw.e,0.22373261
29.1451,A,mrac.yaw.u_ad,-0.017333593
29.1451,A,mrac.z.e,-0.42878529
29.1451,A,mrac.z.u_ad,1.2460932
29.1451,A,status.arm,1
29.1451,A,status.flymode,1
29.1451,A,status.rc_authority,0
29.1451,A,status.sbus_lost,0
29.1451,A,status.twc_arrived,0
29.1451,A,status.twc_execute,0
29.1451,B,mrac.pitch.theta_0,1.6815582e-44
29.1451,B,mrac.pitch.theta_1,0.0054307957
29.1451,B,mrac.pitch.theta_2,0.00033501923
29.1451,B,mrac.pitch.theta_3,0.00095251272
29.1451,B,mrac.pitch.theta_4,0.069291964
29.1451,B,mrac.pitch.theta_5,0.14590062
29.1451,B,mrac.pitch.u_nom,-0.082870103
29.1451,B,mrac.pitch.xm,-0.27937743
29.1451,B,mrac.roll.theta_0,0.14631222
29.1451,B,mrac.roll.theta_1,0.0012823064
29.1451,B,mrac.roll.theta_2,0.0043823957
29.1451,B,mrac.roll.theta_3,0.00032558068
29.1451,B,mrac.roll.theta_4,0.044700015
29.1451,B,mrac.roll.theta_5,0.055215869
29.1451,B,mrac.roll.u_nom,0.056153361
29.1451,B,mrac.roll.xm,0.044922121
29.1451,B,mrac.yaw.theta_0,3.1655617e-16
29.1451,B,mrac.yaw.theta_1,0.0017792759
29.1451,B,mrac.yaw.theta_2,2.3227896e-05
29.1451,B,mrac.yaw.theta_3,0
29.1451,B,mrac.yaw.theta_4,0.020101529
29.1451,B,mrac.yaw.theta_5,0.072663829
29.1451,B,mrac.yaw.u_nom,-0.052056041
29.1451,B,mrac.yaw.xm,-0.22774909
29.1451,B,mrac.z.theta_0,0.98167616
29.1451,B,mrac.z.theta_1,0.0073325257
29.1451,B,mrac.z.theta_2,0.0077999295
29.1451,B,mrac.z.theta_3,0
29.1451,B,mrac.z.theta_4,0.19919603
29.1451,B,mrac.z.theta_5,0.19836907
29.1451,B,mrac.z.u_nom,0.6654188
29.1451,B,mrac.z.xm,0.48590562
29.1451,B,path.active_path_mode,0
29.1451,B,path.circle_theta,0
29.1451,B,path.sinusoid_t_elapsed,0
29.1451,B,path.twc_arrived,0
29.1451,B,path.twc_target_x,0
29.1451,B,path.twc_target_y,0
29.1451,B,path.twc_target_z,0
29.1451,B,pid.gyrox.Des,2.5738468
29.1451,B,pid.gyrox.FB,-1.2391797
29.1451,B,pid.gyrox.U,65.699432
29.1451,B,pid.gyroy.Des,-16.007141
29.1451,B,pid.gyroy.FB,0.50039732
29.1451,B,pid.gyroy.U,-96.958023
29.1451,B,pid.gyroz.Des,-13.049056
29.1451,B,pid.gyroz.FB,-1.1157687
29.1451,B,pid.gyroz.U,-97.448906
29.1451,B,pid.locx.Des,0
29.1451,B,pid.locx.FB,-1.0983009
29.1451,B,pid.locx.U,-0.78474212
29.1451,B,pid.locxs.Des,-0.78474212
29.1451,B,pid.locxs.FB,-6.9341221
29.1451,B,pid.locxs.U,18.841356
29.1451,B,pid.locy.Des,0
29.1451,B,pid.locy.FB,34.951824
29.1451,B,pid.locy.U,-30.074854
29.1451,B,pid.locys.Des,-30.074854
29.1451,B,pid.locys.FB,3.149277
29.1451,B,pid.locys.U,-99.83107
29.1451,B,pid.pitch.Des,-5.7839127
29.1451,B,pid.pitch.FB,-0.49679193
29.1451,B,pid.pitch.U,-16.007141
29.1451,B,pid.roll.Des,-1.2252866
29.1451,B,pid.roll.FB,-2.1574571
29.1451,B,pid.roll.U,2.5738468
29.1451,B,pid.yaw.Des,-0.61393034
29.1451,B,pid.yaw.FB,1.227579
29.1451,B,pid.yaw.U,-13.049056
29.1451,B,pid.z_pos.Des,1.1493505
29.1451,B,pid.z_pos.FB,0.67949241
29.1451,B,pid.z_pos.U,0.48590562
29.1451,B,pid.z_rate.Des,0.48590562
29.1451,B,pid.z_rate.FB,0.14634384
29.1451,B,pid.z_rate.U,147.72298
29.1451,B,status.vbat,0
29.3457,A,mrac.pitch.e,0.22137201
29.3457,A,mrac.pitch.u_ad,-0.044163521
29.3457,A,mrac.roll.e,-0.22938007
29.3457,A,mrac.roll.u_ad,0.15076302
29.3457,A,mrac.yaw.e,0.22373261
29.3457,A,mrac.yaw.u_ad,-0.017333593
29.3457,A,mrac.z.e,-0.42878529
29.3457,A,mrac.z.u_ad,1.2460932
29.3457,A,status.arm,1
29.3457,A,status.flymode,1
29.3457,A,status.rc_authority,0
29.3457,A,status.sbus_lost,0
29.3457,A,status.twc_arrived,0
29.3457,A,status.twc_execute,0
29.3457,B,mrac.pitch.theta_0,1.6815582e-44
29.3457,B,mrac.pitch.theta_1,0.0054307957
29.3457,B,mrac.pitch.theta_2,0.00033501923
29.3457,B,mrac.pitch.theta_3,0.00095251272
29.3457,B,mrac.pitch.theta_4,0.069291964
29.3457,B,mrac.pitch.theta_5,0.14590062
29.3457,B,mrac.pitch.u_nom,-0.082870103
29.3457,B,mrac.pitch.xm,-0.27937743
29.3457,B,mrac.roll.theta_0,0.14631222
29.3457,B,mrac.roll.theta_1,0.0012823064
29.3457,B,mrac.roll.theta_2,0.0043823957
29.3457,B,mrac.roll.theta_3,0.00032558068
29.3457,B,mrac.roll.theta_4,0.044700015
29.3457,B,mrac.roll.theta_5,0.055215869
29.3457,B,mrac.roll.u_nom,0.056153361
29.3457,B,mrac.roll.xm,0.044922121
29.3457,B,mrac.yaw.theta_0,3.1655617e-16
29.3457,B,mrac.yaw.theta_1,0.0017792759
29.3457,B,mrac.yaw.theta_2,2.3227896e-05
29.3457,B,mrac.yaw.theta_3,0
29.3457,B,mrac.yaw.theta_4,0.020101529
29.3457,B,mrac.yaw.theta_5,0.072663829
29.3457,B,mrac.yaw.u_nom,-0.052056041
29.3457,B,mrac.yaw.xm,-0.22774909
29.3457,B,mrac.z.theta_0,0.98167616
29.3457,B,mrac.z.theta_1,0.0073325257
29.3457,B,mrac.z.theta_2,0.0077999295
29.3457,B,mrac.z.theta_3,0
29.3457,B,mrac.z.theta_4,0.19919603
29.3457,B,mrac.z.theta_5,0.19836907
29.3457,B,mrac.z.u_nom,0.6654188
29.3457,B,mrac.z.xm,0.48590562
29.3457,B,path.active_path_mode,0
29.3457,B,path.circle_theta,0
29.3457,B,path.sinusoid_t_elapsed,0
29.3457,B,path.twc_arrived,0
29.3457,B,path.twc_target_x,0
29.3457,B,path.twc_target_y,0
29.3457,B,path.twc_target_z,0
29.3457,B,pid.gyrox.Des,2.5738468
29.3457,B,pid.gyrox.FB,-1.2391797
29.3457,B,pid.gyrox.U,65.699432
29.3457,B,pid.gyroy.Des,-16.007141
29.3457,B,pid.gyroy.FB,0.50039732
29.3457,B,pid.gyroy.U,-96.958023
29.3457,B,pid.gyroz.Des,-13.049056
29.3457,B,pid.gyroz.FB,-1.1157687
29.3457,B,pid.gyroz.U,-97.448906
29.3457,B,pid.locx.Des,0
29.3457,B,pid.locx.FB,-1.0983009
29.3457,B,pid.locx.U,-0.78474212
29.3457,B,pid.locxs.Des,-0.78474212
29.3457,B,pid.locxs.FB,-6.9341221
29.3457,B,pid.locxs.U,18.841356
29.3457,B,pid.locy.Des,0
29.3457,B,pid.locy.FB,34.951824
29.3457,B,pid.locy.U,-30.074854
29.3457,B,pid.locys.Des,-30.074854
29.3457,B,pid.locys.FB,3.149277
29.3457,B,pid.locys.U,-99.83107
29.3457,B,pid.pitch.Des,-5.7839127
29.3457,B,pid.pitch.FB,-0.49679193
29.3457,B,pid.pitch.U,-16.007141
29.3457,B,pid.roll.Des,-1.2252866
29.3457,B,pid.roll.FB,-2.1574571
29.3457,B,pid.roll.U,2.5738468
29.3457,B,pid.yaw.Des,-0.61393034
29.3457,B,pid.yaw.FB,1.227579
29.3457,B,pid.yaw.U,-13.049056
29.3457,B,pid.z_pos.Des,1.1493505
29.3457,B,pid.z_pos.FB,0.67949241
29.3457,B,pid.z_pos.U,0.48590562
29.3457,B,pid.z_rate.Des,0.48590562
29.3457,B,pid.z_rate.FB,0.14634384
29.3457,B,pid.z_rate.U,147.72298
29.3457,B,status.vbat,0
29.5458,A,mrac.pitch.e,0.24661705
29.5458,A,mrac.pitch.u_ad,-0.032869324
29.5458,A,mrac.roll.e,0.01420103
29.5458,A,mrac.roll.u_ad,0.15637584
29.5458,A,mrac.yaw.e,0.078903846
29.5458,A,mrac.yaw.u_ad,-0.0082793524
29.5458,A,mrac.z.e,-0.59146303
29.5458,A,mrac.z.u_ad,1.2810076
29.5458,A,status.arm,1
29.5458,A,status.flymode,1
29.5458,A,status.rc_authority,0
29.5458,A,status.sbus_lost,0
29.5458,A,status.twc_arrived,0
29.5458,A,status.twc_execute,0
29.5458,B,mrac.pitch.theta_0,1.6815582e-44
29.5458,B,mrac.pitch.theta_1,0.0056562019
29.5458,B,mrac.pitch.theta_2,0.00033138457
29.5458,B,mrac.pitch.theta_3,0.00096133346
29.5458,B,mrac.pitch.theta_4,0.070639417
29.5458,B,mrac.pitch.theta_5,0.14602266
29.5458,B,mrac.pitch.u_nom,-0.13859899
29.5458,B,mrac.pitch.xm,-0.20993176
29.5458,B,mrac.roll.theta_0,0.148368
29.5458,B,mrac.roll.theta_1,0.0011946888
29.5458,B,mrac.roll.theta_2,0.0044212365
29.5458,B,mrac.roll.theta_3,0.00032867122
29.5458,B,mrac.roll.theta_4,0.045456052
29.5458,B,mrac.roll.theta_5,0.056007303
29.5458,B,mrac.roll.u_nom,-0.092454724
29.5458,B,mrac.roll.xm,0.12738641
29.5458,B,mrac.yaw.theta_0,6.1068082e-20
29.5458,B,mrac.yaw.theta_1,0.0019318459
29.5458,B,mrac.yaw.theta_2,2.312385e-05
29.5458,B,mrac.yaw.theta_3,0
29.5458,B,mrac.yaw.theta_4,0.020670215
29.5458,B,mrac.yaw.theta_5,0.074742444
29.5458,B,mrac.yaw.u_nom,-0.021306548
29.5458,B,mrac.yaw.xm,-0.10395616
29.5458,B,mrac.z.theta_0,0.98137194
29.5458,B,mrac.z.theta_1,0.0073414943
29.5458,B,mrac.z.theta_2,0.0078699598
29.5458,B,mrac.z.theta_3,0
29.5458,B,mrac.z.theta_4,0.19921909
29.5458,B,mrac.z.theta_5,0.19841725
29.5458,B,mrac.z.u_nom,0.81666863
29.5458,B,mrac.z.xm,0.50670767
29.5458,B,path.active_path_mode,0
29.5458,B,path.circle_theta,0
29.5458,B,path.sinusoid_t_elapsed,0
29.5458,B,path.twc_arrived,0
29.5458,B,path.twc_target_x,0
29.5458,B,path.twc_target_y,0
29.5458,B,path.twc_target_z,0
29.5458,B,pid.gyrox.Des,7.2987003
29.5458,B,pid.gyrox.FB,9.5197525
29.5458,B,pid.gyrox.U,-108.17203
29.5458,B,pid.gyroy.Des,-12.028199
29.5458,B,pid.gyroy.FB,2.6500573
29.5458,B,pid.gyroy.U,-162.16083
29.5458,B,pid.gyroz.Des,-5.9562469
29.5458,B,pid.gyroz.FB,-1.2199196
29.5458,B,pid.gyroz.U,-39.885857
29.5458,B,pid.locx.Des,0
29.5458,B,pid.locx.FB,1.3316429
29.5458,B,pid.locx.U,0.52136624
29.5458,B,pid.locxs.Des,0.52136624
29.5458,B,pid.locxs.FB,6.9968257
29.5458,B,pid.locxs.U,-19.851353
29.5458,B,pid.locy.Des,0
29.5458,B,pid.locy.FB,37.36446
29.5458,B,pid.locy.U,-31.771345
29.5458,B,pid.locys.Des,-31.771345
29.5458,B,pid.locys.FB,-4.0055509
29.5458,B,pid.locys.U,-83.169479
29.5458,B,pid.pitch.Des,-4.8472385
29.5458,B,pid.pitch.FB,-0.78812301
29.5458,B,pid.pitch.U,-12.028199
29.5458,B,pid.roll.Des,1.155704
29.5458,B,pid.roll.FB,-1.3253586
29.5458,B,pid.roll.U,7.2987003
29.5458,B,pid.yaw.Des,-0.61393034
29.5458,B,pid.yaw.FB,0.045444116
29.5458,B,pid.yaw.U,-5.9562469
29.5458,B,pid.z_pos.Des,1.1493505
29.5458,B,pid.z_pos.FB,0.6397683
29.5458,B,pid.z_pos.U,0.50670767
29.5458,B,pid.z_rate.Des,0.50670767
29.5458,B,pid.z_rate.FB,0.083202265
29.5458,B,pid.z_rate.U,181.30043
29.5458,B,status.vbat,0
29.7630,A,mrac.pitch.e,0.24661705
29.7630,A,mrac.pitch.u_ad,-0.032869324
29.7630,A,mrac.roll.e,0.01420103
29.7630,A,mrac.roll.u_ad,0.15637584
29.7630,A,mrac.yaw.e,0.078903846
29.7630,A,mrac.yaw.u_ad,-0.0082793524
29.7630,A,mrac.z.e,-0.59146303
29.7630,A,mrac.z.u_ad,1.2810076
29.7630,A,status.arm,1
29.7630,A,status.flymode,1
29.7630,A,status.rc_authority,0
29.7630,A,status.sbus_lost,0
29.7630,A,status.twc_arrived,0
29.7630,A,status.twc_execute,0
29.7630,B,mrac.pitch.theta_0,1.6815582e-44
29.7630,B,mrac.pitch.theta_1,0.0056562019
29.7630,B,mrac.pitch.theta_2,0.00033138457
29.7630,B,mrac.pitch.theta_3,0.00096133346
29.7630,B,mrac.pitch.theta_4,0.070639417
29.7630,B,mrac.pitch.theta_5,0.14602266
29.7630,B,mrac.pitch.u_nom,-0.13859899
29.7630,B,mrac.pitch.xm,-0.20993176
29.7630,B,mrac.roll.theta_0,0.148368
29.7630,B,mrac.roll.theta_1,0.0011946888
29.7630,B,mrac.roll.theta_2,0.0044212365
29.7630,B,mrac.roll.theta_3,0.00032867122
29.7630,B,mrac.roll.theta_4,0.045456052
29.7630,B,mrac.roll.theta_5,0.056007303
29.7630,B,mrac.roll.u_nom,-0.092454724
29.7630,B,mrac.roll.xm,0.12738641
29.7630,B,mrac.yaw.theta_0,6.1068082e-20
29.7630,B,mrac.yaw.theta_1,0.0019318459
29.7630,B,mrac.yaw.theta_2,2.312385e-05
29.7630,B,mrac.yaw.theta_3,0
29.7630,B,mrac.yaw.theta_4,0.020670215
29.7630,B,mrac.yaw.theta_5,0.074742444
29.7630,B,mrac.yaw.u_nom,-0.021306548
29.7630,B,mrac.yaw.xm,-0.10395616
29.7630,B,mrac.z.theta_0,0.98137194
29.7630,B,mrac.z.theta_1,0.0073414943
29.7630,B,mrac.z.theta_2,0.0078699598
29.7630,B,mrac.z.theta_3,0
29.7630,B,mrac.z.theta_4,0.19921909
29.7630,B,mrac.z.theta_5,0.19841725
29.7630,B,mrac.z.u_nom,0.81666863
29.7630,B,mrac.z.xm,0.50670767
29.7630,B,path.active_path_mode,0
29.7630,B,path.circle_theta,0
29.7630,B,path.sinusoid_t_elapsed,0
29.7630,B,path.twc_arrived,0
29.7630,B,path.twc_target_x,0
29.7630,B,path.twc_target_y,0
29.7630,B,path.twc_target_z,0
29.7630,B,pid.gyrox.Des,7.2987003
29.7630,B,pid.gyrox.FB,9.5197525
29.7630,B,pid.gyrox.U,-108.17203
29.7630,B,pid.gyroy.Des,-12.028199
29.7630,B,pid.gyroy.FB,2.6500573
29.7630,B,pid.gyroy.U,-162.16083
29.7630,B,pid.gyroz.Des,-5.9562469
29.7630,B,pid.gyroz.FB,-1.2199196
29.7630,B,pid.gyroz.U,-39.885857
29.7630,B,pid.locx.Des,0
29.7630,B,pid.locx.FB,1.3316429
29.7630,B,pid.locx.U,0.52136624
29.7630,B,pid.locxs.Des,0.52136624
29.7630,B,pid.locxs.FB,6.9968257
29.7630,B,pid.locxs.U,-19.851353
29.7630,B,pid.locy.Des,0
29.7630,B,pid.locy.FB,37.36446
29.7630,B,pid.locy.U,-31.771345
29.7630,B,pid.locys.Des,-31.771345
29.7630,B,pid.locys.FB,-4.0055509
29.7630,B,pid.locys.U,-83.169479
29.7630,B,pid.pitch.Des,-4.8472385
29.7630,B,pid.pitch.FB,-0.78812301
29.7630,B,pid.pitch.U,-12.028199
29.7630,B,pid.roll.Des,1.155704
29.7630,B,pid.roll.FB,-1.3253586
29.7630,B,pid.roll.U,7.2987003
29.7630,B,pid.yaw.Des,-0.61393034
29.7630,B,pid.yaw.FB,0.045444116
29.7630,B,pid.yaw.U,-5.9562469
29.7630,B,pid.z_pos.Des,1.1493505
29.7630,B,pid.z_pos.FB,0.6397683
29.7630,B,pid.z_pos.U,0.50670767
29.7630,B,pid.z_rate.Des,0.50670767
29.7630,B,pid.z_rate.FB,0.083202265
29.7630,B,pid.z_rate.U,181.30043
29.7630,B,status.vbat,0
29.9787,A,mrac.pitch.e,0.24661705
29.9787,A,mrac.pitch.u_ad,-0.032869324
29.9787,A,mrac.roll.e,0.01420103
29.9787,A,mrac.roll.u_ad,0.15637584
29.9787,A,mrac.yaw.e,0.078903846
29.9787,A,mrac.yaw.u_ad,-0.0082793524
29.9787,A,mrac.z.e,-0.59146303
29.9787,A,mrac.z.u_ad,1.2810076
29.9787,A,status.arm,1
29.9787,A,status.flymode,1
29.9787,A,status.rc_authority,0
29.9787,A,status.sbus_lost,0
29.9787,A,status.twc_arrived,0
29.9787,A,status.twc_execute,0
29.9787,B,mrac.pitch.theta_0,1.6815582e-44
29.9787,B,mrac.pitch.theta_1,0.0056562019
29.9787,B,mrac.pitch.theta_2,0.00033138457
29.9787,B,mrac.pitch.theta_3,0.00096133346
29.9787,B,mrac.pitch.theta_4,0.070639417
29.9787,B,mrac.pitch.theta_5,0.14602266
29.9787,B,mrac.pitch.u_nom,-0.13859899
29.9787,B,mrac.pitch.xm,-0.20993176
29.9787,B,mrac.roll.theta_0,0.148368
29.9787,B,mrac.roll.theta_1,0.0011946888
29.9787,B,mrac.roll.theta_2,0.0044212365
29.9787,B,mrac.roll.theta_3,0.00032867122
29.9787,B,mrac.roll.theta_4,0.045456052
29.9787,B,mrac.roll.theta_5,0.056007303
29.9787,B,mrac.roll.u_nom,-0.092454724
29.9787,B,mrac.roll.xm,0.12738641
29.9787,B,mrac.yaw.theta_0,6.1068082e-20
29.9787,B,mrac.yaw.theta_1,0.0019318459
29.9787,B,mrac.yaw.theta_2,2.312385e-05
29.9787,B,mrac.yaw.theta_3,0
29.9787,B,mrac.yaw.theta_4,0.020670215
29.9787,B,mrac.yaw.theta_5,0.074742444
29.9787,B,mrac.yaw.u_nom,-0.021306548
29.9787,B,mrac.yaw.xm,-0.10395616
29.9787,B,mrac.z.theta_0,0.98137194
29.9787,B,mrac.z.theta_1,0.0073414943
29.9787,B,mrac.z.theta_2,0.0078699598
29.9787,B,mrac.z.theta_3,0
29.9787,B,mrac.z.theta_4,0.19921909
29.9787,B,mrac.z.theta_5,0.19841725
29.9787,B,mrac.z.u_nom,0.81666863
29.9787,B,mrac.z.xm,0.50670767
29.9787,B,path.active_path_mode,0
29.9787,B,path.circle_theta,0
29.9787,B,path.sinusoid_t_elapsed,0
29.9787,B,path.twc_arrived,0
29.9787,B,path.twc_target_x,0
29.9787,B,path.twc_target_y,0
29.9787,B,path.twc_target_z,0
29.9787,B,pid.gyrox.Des,7.2987003
29.9787,B,pid.gyrox.FB,9.5197525
29.9787,B,pid.gyrox.U,-108.17203
29.9787,B,pid.gyroy.Des,-12.028199
29.9787,B,pid.gyroy.FB,2.6500573
29.9787,B,pid.gyroy.U,-162.16083
29.9787,B,pid.gyroz.Des,-5.9562469
29.9787,B,pid.gyroz.FB,-1.2199196
29.9787,B,pid.gyroz.U,-39.885857
29.9787,B,pid.locx.Des,0
29.9787,B,pid.locx.FB,1.3316429
29.9787,B,pid.locx.U,0.52136624
29.9787,B,pid.locxs.Des,0.52136624
29.9787,B,pid.locxs.FB,6.9968257
29.9787,B,pid.locxs.U,-19.851353
29.9787,B,pid.locy.Des,0
29.9787,B,pid.locy.FB,37.36446
29.9787,B,pid.locy.U,-31.771345
29.9787,B,pid.locys.Des,-31.771345
29.9787,B,pid.locys.FB,-4.0055509
29.9787,B,pid.locys.U,-83.169479
29.9787,B,pid.pitch.Des,-4.8472385
29.9787,B,pid.pitch.FB,-0.78812301
29.9787,B,pid.pitch.U,-12.028199
29.9787,B,pid.roll.Des,1.155704
29.9787,B,pid.roll.FB,-1.3253586
29.9787,B,pid.roll.U,7.2987003
29.9787,B,pid.yaw.Des,-0.61393034
29.9787,B,pid.yaw.FB,0.045444116
29.9787,B,pid.yaw.U,-5.9562469
29.9787,B,pid.z_pos.Des,1.1493505
29.9787,B,pid.z_pos.FB,0.6397683
29.9787,B,pid.z_pos.U,0.50670767
29.9787,B,pid.z_rate.Des,0.50670767
29.9787,B,pid.z_rate.FB,0.083202265
29.9787,B,pid.z_rate.U,181.30043
29.9787,B,status.vbat,0
