:020000040800F2
:1000000058AC012031030008390300083B03000805
:100010003D0300083F030008410300080000000002
:10002000000000000000000000000000790200084D
:100030004503000800000000CD02000859780008C0
:100040004B0300084B0300084B0300084B03000858
:100050004B0300084B0300084B0300084B03000848
:100060004B0300084B0300084B0300084B03000838
:100070004B0300084B030008FD2100084B03000858
:100080004B030008252200084B0300084B0300081F
:100090004B0300084B0300084B0300084B03000808
:1000A0004B0300084B0300084B0300084B030008F8
:1000B0004B0300084B0300084B0300084B030008E8
:1000C0004B0300084B0300084B0300084B030008D8
:1000D0004B030008258200081183000801850008F1
:1000E0004B0300084B0300084B0300084B030008B8
:1000F0004B0300084B0300084B0300085122000883
:100100004B0300084B0300084B0300084B03000897
:100110000D7F0008218100084B0300084B030008F5
:100120004B0300084B0300084B0300084B03000877
:100130004B0300084B0300084B0300084B03000867
:100140004B0300084B0300084B0300084B03000857
:100150004B0300084B0300084B03000829850008E7
:100160004B0300084B0300084B0300084B03000837
:100170004B0300084B0300084B0300084B03000827
:100180004B0300084B03000800F002F800F064F88D
:100190000AA090E8000C82448344AAF10107DA45E2
:1001A00001D100F059F8AFF2090EBAE80F0013F0D0
:1001B000010F18BFFB1A43F0010318478403010025
:1001C000A40301000A444FF0000C10F8013B13F0A7
:1001D000070408BF10F8014B1D1108BF10F8015BA0
:1001E000641E05D010F8016B641E01F8016BF9D193
:1001F00013F0080F1EBF10F8014BAD1C0C1B09D1EA
:100200006D1E58BF01F801CBFAD505E014F8016B5B
:1002100001F8016B6D1EF9D59142D6D370470000ED
:100220000023002400250026103A28BF78C1FBD8FF
:10023000520728BF30C148BF0B607047642900F0E7
:100240000381732900F04E82002070471FB50FF024
:10025000E0FE1FBD10B510BD00F0B0FA1146FFF76B
:10026000F5FF0CF06FF800F0CEFA03B4FFF7F2FFE1
:1002700003BC0BF0B7FD00002A4B19680868B0E812
:10028000F04F80F30988BFF36F8F4FF0000080F3C9
:10029000118870470000000006480068006880F37D
:1002A000088862B661B6BFF34F8FBFF36F8F00DF70
:1002B00000BF00BF08ED00E0DFF80C00016841F46A
:1002C00070010160704700BF88ED00E0EFF3098026
:1002D000BFF36F8F134B1A681EF0100F08BF20ED8D
:1002E000108A20E9F04F106008B44FF0500080F3FE
:1002F0001188BFF34F8FBFF36F8F0EF0DFF84FF011
:10030000000080F3118808BC19680868B0E8F04F55
:100310001EF0100F08BFB0EC108A80F30988BFF3FD
:100320006F8F7047D8070020EFF3058070470000FB
:100330000948804709480047FEE7FEE7FEE7FEE779
:10034000FEE7FEE7FEE7FEE7FEE7FEE704480549B5
:10035000054A064B704700009179000889010008A2
:1003600058A6012058AC012058A8012058A8012007
:10037000704700000FB4044910B503AA029800F0BA
:10038000B5F910BC5DF814FB200000202DE9F04108
:100390000E460446002020622046E168884730B3BC
:1003A000252805D0D4E901219047206A401CF2E7B6
:1003B000E168204600278847050018D0A5F14100D4
:1003C000192802D820354FF40067324629462046C6
:1003D0002760FFF733FF40B1012804D0F61D26F057
:1003E00007060836D8E7361DD6E72846DAE7206A3A
:1003F000BDE8F08170B50C460546012A05D0287885
:10040000800600D5EA69002302E0012305E05B1CB9
:10041000934202D2E05C0028F9D1A869E618C01A1C
:10042000A861286A184428622846AFF3008004E0D7
:10043000D5E9012114F8010B9047B442F8D32846BE
:10044000AFF3008070BD00002DE9F04106460024A6
:1004500010687529314616A510D0AFF3008000282A
:1004600002DA404213A507E031688A0701D512A5D8
:1004700002E0490704D511A5012401E0AFF3008093
:1004800000210A2206F1240709E0B0FBF2FCB0FBD0
:10049000F2F302FB1C00303078541846491C002847
:1004A000F3D123462A463046BDE8F04100F096B825
:1004B000000000002D0000002B00000020000000C4
:1004C000032A40F2308010F0030C00F0158011F880
:1004D000013BBCF1020F624498BF11F801CB00F858
:1004E000013B38BF11F8013BA2F1040298BF00F8AC
:1004F00001CB38BF00F8013B11F0030300F0258069
:10050000083AC0F0088051F8043B083A51F804CB8F
:10051000A0E80810F5E7121D5CBF51F8043B40F855
:10052000043BAFF30080D20724BF11F8013B11F860
:1005300001CB48BF11F8012B24BF00F8013B00F8A4
:1005400001CB48BF00F8012B704710B5203AC0F02E
:100550000B80B1E81850203AA0E81850B1E81850C4
:10056000A0E81850BFF4F5AF5FEA027C24BFB1E801
:100570001850A0E8185044BF18C918C0BDE8104072
:100580005FEA827C24BF51F8043B40F8043B08BF7B
:100590007047D20728BF31F8023B48BF11F8012B42
:1005A00028BF20F8023B48BF00F8012B704702F03B
:1005B000FF0343EA032242EA024200F0ABB870476D
:1005C00070477047704710B500F0C4F8006810BD60
:1005D00010B5044600F0BEF8046010BD2DE9F047E8
:1005E0000D4699469246044600F1240801688806A3
:1005F00004D5E06921F01001216000E00120A8424B
:1006000001DD471B00E00027A1697A1902EB090010
:10061000081AA0612078C00602D42046AFF30080FB
:10062000002608E0D4E901211AF806009047206A64
:10063000401C761C20624E45F4DB2078C0060AD5AB
:100640002046AFF3008006E0D4E901213020904736
:10065000206A401C2062381EA7F10107F4DC07E085
:10066000D4E9012118F805009047206A401C206257
:10067000281EA5F10105F3DC2046AFF300802078A9
:10068000000602D50220BDE8F0870120FBE700004C
:1006900001694A1C02610878704700B58FB0CDE946
:1006A00001310021059105497944CDE90310114636
:1006B0006846FFF76BFE0FB000BD0000E5FFFFFFCF
:1006C00010B5436913B1AFF3008001E0FFF792FE6C
:1006D000012010BD127800F124010A7000224A7036
:1006E0000122EDE711684FF0FF32E9E7074B70B5E3
:1006F0000D467B44FFF7D1FF0446284600F02EF854
:1007000010B14FF0FF3070BD204670BD27BB000018
:100710004FF000020429C0F0128010F0030C00F02A
:100720002380CCF1040CBCF1020F18BF00F8012BA0
:10073000A8BF20F8022BA1EB0C0100F015B85FEA6E
:10074000C17C24BF00F8012B00F8012B48BF00F842
:10075000012B704700487047F8A50120007B00F08E
:10076000800070474FF0000200B51346944696464D
:10077000203922BFA0E80C50A0E80C50B1F12001B4
:10078000BFF4F7AF090728BFA0E80C5048BF0CC062
:100790005DF804EB890028BF40F8042B08BF7047C0
:1007A00048BF20F8022B11F0804F18BF00F8012B32
:1007B0007047000000487047F8A501207546FFF714
:1007C000F9FFAE4605006946534620F0070085460E
:1007D00018B020B5FFF7BAFDBDE820404FF0000685
:1007E0004FF000074FF000084FF0000B21F0070119
:1007F000AC46ACE8C009ACE8C009ACE8C009ACE85C
:10080000C0098D46704710B50446AFF300802046FE
:10081000BDE81040FFF729BD00B58DB001210846A5
:1008200004F03AFE0121080204F066FE10200B904D
:1008300003208DF8300000208DF833000BA91548F7
:1008400002F0E8F907A800F04FF8002007904FF4F5
:1008500080300890002009900A9007A800F02CF83A
:1008600001A800F0FEF8002001908DF808008DF836
:100870000900049001A9084800F04AF80723012262
:100880000421054800F08CF80121034800F009F824
:100890000DB000BD0000024000200140CA430260CC
:1008A000704721B1826842F00102826003E08268F1
:1008B00022F00102826070470021084A1168084A4C
:1008C0001140D0E900231A4383681A43C3681A43CE
:1008D0001143044AC2F80413704700000423014086
:1008E000E030FCFF00200140002101604160816098
:1008F000C16070470146C86C80B270470246002054
:1009000013680B400BB1012000E00020704700008D
:1009100030B50246002000235068104C20400D796D
:100920000C6844EA05242043506090680C4C204039
:10093000D1E903542C438D682C434D7944EA450496
:1009400020439060D06A20F470000C7D641EE4B2F5
:10095000234340EA0350D06230BD0000FFFEFFFC9D
:10096000FDF7FFC070B50C4800F076F80B4C03E0C3
:10097000601E041E00D170BD02210748FFF7BEFFB4
:100980000028F5D00448FFF7B5FF054602210248CC
:10099000FFF784FF2846EEE700200140A086010013
:1009A000F0B504460D4600200021092D11DDE06858
:1009B000A5F10A0606EB4607072606FA07F1884363
:1009C000A5F10A0606EB460603FA06F10843E060C5
:1009D0000CE0206905EB4507072606FA07F1884376
:1009E00005EB450603FA06F108432061072A0FDAF2
:1009F000606B561E06EB86071F2606FA07F1884332
:100A0000561E06EB860605FA06F10843606322E0EF
:100A10000D2A0FDA206BD61F06EB86071F2606FA73
:100A200007F18843D61F06EB860605FA06F1084350
:100A3000206310E0E06AA2F10D0606EB86071F2690
:100A400006FA07F18843A2F10D0606EB860605FAC1
:100A500006F10843E062F0BD816841F080418160A9
:100A6000704700210160017141718160C1600161C5
:100A7000012101757047000030B500220024C578BF
:100A80008B1F9D4200D030BD002306E0C55C15449D
:100A9000EAB2A518ECB25D1CEBB28D1E9D42F5DCEE
:100AA000431813F8023C934204D1431813F8013C55
:100AB000A34200D0E7E78378512B38D103795BB9A3
:100AC00043794B4D6B7183795BB2AB71C3795BB288
:100AD000EB71037A2B7189E00379012B12D14379F1
:100AE000434D2B72C3886B810389AB81837A2B7151
:100AF0009FED400A404B83ED010A2B461B785B1C9F
:100B00002B7073E00379022B70D14379384DAB73AE
:100B1000C3882B8203896B824389AB828389EB82F2
:100B2000C3892B83038A6B83837C2B715EE083787C
:100B3000342B0DD1D0F807302D4DEB619FED2D0AF0
:100B40002D4B83ED020A2B465B785B1C6B704DE0EE
:100B50008378012B13D18388254DA5F84830C388AD
:100B6000A5F84A300389A5F84C304389A5F84E30E2
:100B70008389A5F85030C389A5F8523036E08378D0
:100B8000042B33D1B0F9043000EE103AB8EEC00AAD
:100B9000DFED1A0A20EE200A154B83ED0E0AB0F99C
:100BA000063000EE103AB8EEC00ADFED140A20EE6F
:100BB000200A0F4B83ED0F0AB0F9083000EE103A0F
:100BC000B8EEC00ADFED0D0A20EE200A084B83EDD7
:100BD000100AB0F90A3000EE103AB8EEC00ADFEDA4
:100BE000070A20EE200A024B83ED110A00BF4AE7F4
:100BF000AC4D0120000000004C4E012017B7D13849
:100C000010B504463E48007838B9AA2C05D1012019
:100C10003B4908703B48047070E03948007801286F
:100C200005D10220364908703648447066E03448E1
:100C30000078022805D103203149087031488470BA
:100C40005CE02F48007803280CD1322C0ADA04200B
:100C50002B4908702B48C4702B48047000202B4986
:100C600008704BE026480078042819D126480078FF
:100C7000002815DD24480078401E234908702348C9
:100C8000007822490978491C204A1170001D1D492D
:100C90000C541D48007868BB0520194908702DE0E8
:100CA0001748007805280DD1062015490870174807
:100CB000007816490978491C144A1170001D114921
:100CC0000C541BE00E480078062814D100200C4973
:100CD00008700E480078001D0A490C549FED0C0A5C
:100CE0000C4880ED000A09480078401DC1B2054853
:100CF000FFF7C2FE02E000200149087010BD0000AD
:100D000038070020184E0120360700203707002042
:100D1000000000004C4E012010B500F0E7F81E481E
:100D2000007E10B100F026F90AE01C48407E10B1A8
:100D300000F04CFA04E01A48407E08B100F098F93F
:100D400018484089B0F5E16F0DD116480089B0F51B
:100D5000E16F08D11448007828B914480068401D94
:100D60001249086002E00020104908600F4800683E
:100D7000B0F5FA6F03D301200D49087002E000209E
:100D80000B4908700A480078012802D105F0D6F90D
:100D900001E005F0F5FA10BD645201204452012033
:100DA00088520120584E012084070020B8000020FE
:100DB000BC00002010B52DED088BB0EE408AF0EE9F
:100DC000608AB0EE419A404890ED000AF0EE409AF9
:100DD000F5EEC09AF1EE10FA11D83C4880ED908AF9
:100DE000C0EDA28A80ED6C9A0020394908709FED11
:100DF000390A394880ED000ABDEC088B10BD344833
:100E00000078C0B9314880ED908AC0EDA28A80EDAB
:100E10006C9A324880ED008A3148C0ED008A314832
:100E200080ED009A9FED2B0A2B4880ED000A0120EF
:100E300027490870E0E7294890ED000A38EE400A9B
:100E4000B0EE40BA264890ED000A38EEC00AB0EE87
:100E500040AA244890ED000A39EE400ADFED220A4C
:100E600020EE200AF0EE40AA6BEE0B0A4AEE0A0AC8
:100E70004AEEAA0AB0EE600A0AF00FFA1648D0ED60
:100E8000000A30EE200A80ED000A144880ED008A46
:100E90001348C0ED008A134880ED009A0E4890ED8B
:100EA000000AB4EEE90AF1EE10FA0BDB074880ED18
:100EB000908AC0EDA28A80ED6C9A9FED060A0648E2
:100EC00080ED000A00BF97E7AC070020F802002081
:100ED000EC00002000000000DC000020E00000200A
:100EE000E4000020E80000200000C84210B504F033
:100EF00025FC48B900201B4948761B4908761B4948
:100F000048761B49886110BD1648407E38B10020E4
:100F10001549087615494876154988611FE0124839
:100F2000007E38B100200F494876104948761049B4
:100F3000886114E00D48407E38B1002009494876A8
:100F4000094908760A49886109E00948806930B191
:100F5000002004494876044908760449487600BFD1
:100F6000D1E7000044520120645201208852012040
:100F70005C08002010B52DED048B9FED370AB0EE14
:100F8000409A3648C079012805D0002034490876B7
:100F9000BDEC048B10BD3248007E00B9F8E7304844
:100FA00090ED080ADFED2C0A30EE200A80ED080AE9
:100FB00090ED070AD0ED040A9FED271A00EE810A92
:100FC00080ED070AD0ED070AB0EE600A0AF060F87B
:100FD0002348D0ED010A90ED031A41EE000AB0EE6D
:100FE000608AD0ED070AB0EE600A08F0F5FC1C48F4
:100FF000D0ED000A90ED031A41EE000AF0EE608A8F
:1010000090ED020AB0EE401AF0EE480AB0EE680A1F
:10101000FFF7D0FE124890ED070ADFED120A20EE2E
:10102000200A114880ED240A0D4890ED050AB5EE1E
:10103000C00AF1EE10FA0DDD90ED080AD0ED050AB8
:10104000B4EEE00AF1EE10FA04DB00200449087661
:101050000649886100BF9BE70AD7A33B18520120CD
:1010600064520120ED2E6542F80200205C08002049
:1010700010B52DED088B9FED4F0AB0EE40BA4E48EB
:10108000C079012805D000204C494876BDEC088B7A
:1010900010BD4A48407E00B9F8E7484890ED080A7C
:1010A000DFED440A30EE200A80ED080A90ED070AD1
:1010B000D0ED040A9FED3F1A00EE810A80ED070A89
:1010C00090ED078A007E012822D1F0EE000A68EE3A
:1010D000200AB0EE600A09F0DBFF3848D0ED000AC4
:1010E00090ED031AF6EE001A21EE211AF0EE608A56
:1010F00041EE008AB0EE480A09F0CAFF2F48D0ED51
:10110000010A90ED031AB0EE609A01EE009A29E010
:10111000B0EE480A09F0BCFFF0EE409AB0EE480A83
:1011200008F05AFCB0EE40AAB7EE000A09EEA90A90
:10113000F0EE40AA214890ED030A60EE0A0A80EE24
:10114000AA0AD0ED000A70EE208A90ED030A20EE84
:10115000290A20EE0A0AC0EE2A0A90ED010A30EEB2
:10116000809A00BF154890ED020AB0EE401AF0EEEA
:10117000490AB0EE680AFFF71DFE9FED110A1148FB
:1011800080ED240A0D4890ED050AB5EEC00AF1EE97
:1011900010FA0DDD90ED080AD0ED050AB4EEE00A74
:1011A000F1EE10FA04DB0020044948760649886114
:1011B00000BF6BE70AD7A33B1852012088520120D9
:1011C00000000000F80200205C08002010B52DEDA2
:1011D000068B9FED410AB0EE40AA4048C079012835
:1011E00005D000203E494876BDEC068B10BD3C483A
:1011F000407E00B9F8E73A4890ED070ADFED360A7D
:1012000030EE200A80ED070AD0ED040A9FED351A72
:1012100060EE810A90ED071A60EE810AB0EE600A76
:1012200009F036FF2E48D0ED030A20EE200AB0EE7A
:10123000408A90ED000AF0EE408A90ED010AB0EE8F
:10124000409A90ED020AF0EE409A007E20B101280B
:101250000AD0022818D10FE0214890ED000A30EEA4
:10126000080AF0EE408A10E01D4890ED010A30EEC9
:10127000080AB0EE409A08E0194890ED020A30EEF4
:10128000080AF0EE409A00E000BF00BFB0EE691A15
:10129000F0EE490AB0EE680AFFF78CFD9FED120AE6
:1012A000124880ED240A0E4890ED050AB5EEC00AFA
:1012B000F1EE10FA0DDD90ED070AD0ED050AB4EE5F
:1012C000E00AF1EE10FA04DB0020054948760849EF
:1012D000886100BF88E700000AD7A33B18520120AD
:1012E00044520120D00FC94000000000F802002045
:1012F0005C0800209FED040A044880ED000A0020ED
:10130000034908707047000000000000DC00002066
:10131000EC00002008B500BF0DF05CFD00900AE075
:10132000FFF7FAFC0448408E401C0349488605211B
:1013300068460CF095FEF3E7D05101201CB5012161
:10134000022004F0A9F84FF40070009001208DF8FD
:10135000040000208DF8060003208DF80500012010
:101360008DF807006946044801F054FC4FF4007101
:10137000014801F0BAFC1CBD0004024070B50446EF
:10138000002510210A4801F0B0FCFF2141EA0421A8
:1013900041F400400CF0CEF800200CF0CBF8050A28
:1013A0001021034801F0A3FC00BF284670BD0000D7
:1013B0000008024070B504462021094801F095FC60
:1013C000002141EA042141F400400CF0B3F8C5B219
:1013D0002021034801F08BFC00BF284670BD0000AF
:1013E0000008024070B504460D461021074801F080
:1013F0007CFC45EA0421C1F30E000CF09BF810219F
:10140000024801F074FC00BF70BD000000080240FB
:1014100070B504460D462021074801F066FC45EAF8
:101420000421C1F30E000CF085F82021024801F0E0
:101430005EFC00BF70BD00000008024010B54FF414
:10144000407003F0A1F902F069FB03F0A7F903F083
:1014500045FAFFF7E1F94FF4FA600AF0A9FE04F04B
:10146000A5FF0AF0E5FD06F081FE06F0F7FE06F0A6
:1014700075FF06F085FC06F073FDFFF75FFF4FF484
:1014800000610C4801F031FC4FF48051094801F033
:101490002EFC4FF48071084801F029FC4FF4FA60EB
:1014A0000AF086FE03F0B8FA9FED040A044880EDC6
:1014B0001E0A10BD00000240000802400000B442B5
:1014C000CC4E012090ED010A80ED000A90ED020A59
:1014D00080ED010A90ED060ADFED160A80EE201A73
:1014E00080ED021A90ED040A80ED030A90ED050AE2
:1014F00080ED040A90ED000AD0ED020A30EE200AD9
:10150000D0ED010AB0EE001A01EE200AD0ED030A78
:101510009FED091A01EE200AD0ED040A9FED071A8B
:1015200001EE200A80ED050A90ED050A80ED070A1C
:101530007047000067BFFF42021944BF7E0BDE3FC9
:1015400090ED010A80ED000A90ED020A80ED010A9B
:1015500090ED030A80ED020A90ED080ADFED1D0A06
:1015600080EE201A80ED031A90ED050A80ED040A42
:1015700090ED060A80ED050A90ED070A80ED060A57
:1015800090ED000AD0ED030A30EE200AD0ED010AFA
:1015900090ED021A70EE810AB0EE081A01EE200AF0
:1015A000D0ED040A9FED0C1A01EE200AD0ED050AD9
:1015B0009FED0A1A01EE200AD0ED060A9FED081AE7
:1015C00001EE200A80ED070A90ED070A80ED090A76
:1015D000704700006D85AC431736083F20F5F6BF15
:1015E0002BF1174010B500F079F83348408AB0F578
:1015F000FA7F05DC31480068401C3049086002E091
:1016000000202E4908602D4800680A2803DD0220CA
:1016100001F09AFA02E0032001F096FA26490989BE
:1016200040F21452914201DD012100E00021084600
:1016300060B12349097849B922490978012905D1BE
:101640000221204A117000211F4A91611C49087033
:1016500019488089B0F5FA7F01D9012000E0002007
:1016600004465CB11948007840B901F0C7FA10B9D6
:10167000002001F069FA0120154908701348047030
:101680000D48C089B0F5FA7F01D9012000E00020A3
:10169000044674B10F48007858B901F0AFFA28B980
:1016A000002001F051FA012004F09CF801200A49C1
:1016B00008700848047010BD584E01202400002016
:1016C00028000020350700205C08002029000020A9
:1016D000A90700202A000020AA07002010B52DED40
:1016E000048B8848C08800EE100AB8EE400ADFED8F
:1016F000860A30EE600ADFED850A80EE201AB0EE31
:10170000418A8048008800EE100AB8EE400ADFEDFA
:101710007E0A30EE600ADFED7D0A80EE201AF0EEE0
:10172000418A7848408800EE100AB8EE400ADFEDA2
:10173000760A30EE600ADFED750A80EE201AB0EE10
:10174000419A7048808800EE100AB8EE400ADFED3A
:101750006E0A30EE600ADFED6D0A80EE201AF0EEC0
:10176000419ABEEE080AB4EEC08AF1EE10FA0CD22D
:10177000B6EE080AF4EEC09AF1EE10FA05DD644800
:101780008068401C6249886002E0002060498860EF
:10179000BEEE080AB4EEC08AF1EE10FA0CD2BEEE2C
:1017A000080AF4EEC09AF1EE10FA05D25848006823
:1017B000401C5749086002E0002055490860B6EE19
:1017C000080AB4EEC08AF1EE10FA0CDDBEEE080A8B
:1017D000F4EEC09AF1EE10FA05D24D484068401C74
:1017E0004B49486002E0002049494860B6EE080ACB
:1017F000B4EEC08AF1EE10FA0CDDB6EE080AF4EE93
:10180000C09AF1EE10FA05DD4148C068401C40491D
:10181000C86002E000203E49C860BEEE080AF4EE4F
:10182000C08AF1EE10FA0CD2BEEE080AB4EEC09AED
:10183000F1EE10FA05D236480069401C34490861BF
:1018400002E0002032490861BEEE080AF4EEC08AC8
:10185000F1EE10FA0CD2B6EE080AB4EEC09AF1EE30
:1018600010FA05DD2A488069401C2949886102E098
:10187000002027498861B6EE080AF4EEC08AF1EE2E
:1018800010FA0CDDBEEE080AB4EEC09AF1EE10FAC2
:1018900005D21F484069401C1D49486102E00020F4
:1018A0001B494861B6EE080AF4EEC08AF1EE10FA60
:1018B0000CDDB6EE080AB4EEC09AF1EE10FA05DDC2
:1018C0001348C069401C1249C86102E00020104959
:1018D000C8610F488068962806D3002001F034F9CB
:1018E00000200B498860086009480068322806D348
:1018F000012001F029F90020054988600860BDEC4D
:10190000048B10BD0852012000803B4500007A4442
:10191000245201209FED160A164880ED0A0A9FED19
:10192000140A80ED1C0A9FED120A80ED2E0A9FED2D
:10193000100A80ED400A9FED0E0A80ED520A9FEDDD
:101940000C0A80ED640A9FED0A0A80ED760A9FED8D
:10195000080A80ED880A90ED910A80ED900A90EDDA
:10196000A30A80EDA20A90ED250A80ED240A7047B3
:1019700000000000F802002090ED000AD0ED010AFE
:1019800030EE600A80ED080A90ED0B0AD0ED0C0AEB
:10199000B4EEE00AF1EE10FA06D890ED080AB5EEC2
:1019A000C00AF1EE10FA11DC90ED0B0AD0ED0C0A32
:1019B000F1EE600AB4EEE00AF1EE10FA23DB90EDEE
:1019C000080AB5EEC00AF1EE10FA1CD290ED080A32
:1019D000B5EEC00AF1EE10FA02DD90ED080A03E060
:1019E00090ED080AB1EE400AD0ED110AB4EEE00A1B
:1019F000F1EE10FA07D290ED0A0AD0ED080A30EEA7
:101A0000200A80ED0A0A90ED0A0AD0ED100AF1EEE4
:101A1000600AB4EEE00AF1EE10FA05D290ED100A79
:101A2000B1EE400A80ED0A0A90ED0A0AD0ED100AE4
:101A3000B4EEE00AF1EE10FA03DD90ED100A80ED4D
:101A40000A0A90ED030AD0ED0A0A20EE200A80ED82
:101A5000060A90ED060AD0ED0E0AF1EE600AB4EE29
:101A6000E00AF1EE10FA05D290ED0E0AB1EE400A4E
:101A700080ED060A90ED060AD0ED0E0AB4EEE00AFB
:101A8000F1EE10FA03DD90ED0E0A80ED060A90EDFE
:101A9000020AD0ED080A20EE200A80ED050A90ED3A
:101AA000050AD0ED0D0AF1EE600AB4EEE00AF1EE9F
:101AB00010FA05D290ED0D0AB1EE400A80ED050A4C
:101AC00090ED050AD0ED0D0AB4EEE00AF1EE10FA41
:101AD00003DD90ED0D0A80ED050A90ED080AD0EDCA
:101AE000090A30EE600AD0ED040A20EE200A80EDEB
:101AF000070A90ED070AD0ED0F0AF1EE600AB4EE86
:101B0000E00AF1EE10FA05D290ED0F0AB1EE400AAC
:101B100080ED070A90ED070AD0ED0F0AB4EEE00A57
:101B2000F1EE10FA03DD90ED0F0A80ED070A90ED5B
:101B3000050AD0ED060A30EE200AD0ED070A30EE95
:101B4000200A80ED0B0A90ED0B0AD0ED0C0AF1EEA5
:101B5000600AB4EEE00AF1EE10FA05D290ED0C0A3C
:101B6000B1EE400A80ED0B0A90ED0B0AD0ED0C0AA5
:101B7000B4EEE00AF1EE10FA03DD90ED0C0A80ED10
:101B80000B0A90ED080A80ED090A704790ED000AF3
:101B9000D0ED010A30EE600A80ED080A90ED080AE7
:101BA000DFED900AB4EEE00AF1EE10FA07DB90EDFB
:101BB000080ADFED8D0A30EE600A80ED080A90ED2C
:101BC000080ADFED8A0AB4EEE00AF1EE10FA07D84F
:101BD00090ED080ADFED840A30EE200A80ED080A55
:101BE00090ED0B0AD0ED0C0AB4EEE00AF1EE10FA1B
:101BF00006D890ED080AB5EEC00AF1EE10FA11DC35
:101C000090ED0B0AD0ED0C0AF1EE600AB4EEE00A9A
:101C1000F1EE10FA23DB90ED080AB5EEC00AF1EE02
:101C200010FA1CD290ED080AB5EEC00AF1EE10FAD7
:101C300002DD90ED080A03E090ED080AB1EE400ADB
:101C4000D0ED110AB4EEE00AF1EE10FA07D290EDF1
:101C50000A0AD0ED080A30EE200A80ED0A0A90ED5B
:101C60000A0AD0ED100AF1EE600AB4EEE00AF1EED5
:101C700010FA05D290ED100AB1EE400A80ED0A0A82
:101C800090ED0A0AD0ED100AB4EEE00AF1EE10FA77
:101C900003DD90ED100A80ED0A0A90ED030AD0ED05
:101CA0000A0A20EE200A80ED060A90ED060AD0ED21
:101CB0000E0AF1EE600AB4EEE00AF1EE10FA05D277
:101CC00090ED0E0AB1EE400A80ED060A90ED060A8C
:101CD000D0ED0E0AB4EEE00AF1EE10FA03DD90ED5D
:101CE0000E0A80ED060A90ED020AD0ED080A20EEF9
:101CF000200A80ED050A90ED050AD0ED0D0AF1EEFF
:101D0000600AB4EEE00AF1EE10FA05D290ED0D0A89
:101D1000B1EE400A80ED050A90ED050AD0ED0D0AFE
:101D2000B4EEE00AF1EE10FA03DD90ED0D0A80ED5D
:101D3000050A90ED080AD0ED090A30EE600AD0EDF0
:101D4000040A20EE200A80ED070A90ED070AD0ED84
:101D50000F0AF1EE600AB4EEE00AF1EE10FA05D2D5
:101D600090ED0F0AB1EE400A80ED070A90ED070AE8
:101D7000D0ED0F0AB4EEE00AF1EE10FA03DD90EDBB
:101D80000F0A80ED070A90ED050AD0ED060A30EE45
:101D9000200AD0ED070A30EE200A80ED0B0A90ED04
:101DA0000B0AD0ED0C0AF1EE600AB4EEE00AF1EE97
:101DB00010FA05D290ED0C0AB1EE400A80ED0B0A44
:101DC00090ED0B0AD0ED0C0AB4EEE00AF1EE10FA39
:101DD00003DD90ED0C0A80ED0B0A90ED080A80ED12
:101DE000090A7047000034430000B443000034C3C4
:101DF00010B52DED048B032006F08CFFDF48007832
:101E0000401CDE49087008460078022805DBDC48E3
:101E1000FFF7B2FD0020D9490870042006F07AFFD0
:101E2000D7484830FFF7A8FDD6480078401CD54970
:101E3000087008460078022819DB012006F06AFFC6
:101E4000CF489030FFF798FDCD48D830FFF794FD8C
:101E50000020CC490870022006F05CFF03F076FFFA
:101E6000C948FFF789FDC8484830FFF785FD0520C0
:101E700006F050FFC548FFF77FFDC4484830FFF724
:101E80007BFD062006F046FFC0489030FFF77EFE3F
:101E9000072006F03FFF03F04FFE05F077FC00201F
:101EA00005F09EFA48B1002005F08EFAB748D0ED53
:101EB000480A30EE200A80ED480A012005F090FA29
:101EC00048B1012005F080FAB048D0ED360A30EE76
:101ED000200A80ED360A022005F082FA48B102207D
:101EE00005F072FAA948D0ED5A0A30EE200A80EDCA
:101EF0005A0AA348D838FFF73FFDA1489038FFF7AA
:101F00003BFD9F484838FFF737FDA04801F060FED1
:101F100040F686309E4908809E48807A002878D016
:101F20009D4890ED660A9D48D0ED1F0A20EE200ADC
:101F3000B0EE408A984890ED320A9948D0ED1F0AD9
:101F400020EE200AF0EE408A934890ED180A95485A
:101F5000D0ED1F0A20EE200AB0EE409A8E4890ED98
:101F60004C0A9148D0ED1F0A20EE200AF0EE409A6C
:101F700018EE100A07F005FB18B99FED8C0AB0EEB9
:101F8000408A18EE900A07F0FCFA18B99FED870A0C
:101F9000F0EE408A19EE100A07F0F3FA18B99FED37
:101FA000830AB0EE409A19EE900A07F0EAFA18B9DF
:101FB0009FED7E0AF0EE409A7448D0ED890A74488D
:101FC000B0F9000000EE100AB8EEC00A30EE800A48
:101FD00030EE080A764880ED000A6C4890ED410A20
:101FE00030EE280A734880ED000A684890ED530AE5
:101FF00030EE090AB1EE400A6F4880ED000A6348EE
:1020000090ED650A30EE290A6C4880ED000A23E065
:10201000FFE75E48D0ED890A5D48B0F9000000EEA8
:10202000100AB8EEC00A30EE800A614880ED000A5E
:10203000564890ED410A5F4880ED000A534890ED04
:10204000530AB1EE400A5C4880ED000A4F4890ED1B
:10205000650A5A4880ED000A5948D0ED000A9FED04
:10206000591A9FED580A00EE810AB0EE402A5648F0
:10207000D0ED000A9FED531A9FED520A00EE810A3F
:10208000F0EE402AF4EEC22AF1EE10FA06D2B0EEDB
:10209000620AF0EE422AB0EE402A00BFB0EE621AA9
:1020A000F0EE420A424890ED000A00F091F84048F4
:1020B00080ED000A90ED000A3F48D0ED000A30EEB6
:1020C000600A3C48D0ED000A30EE600A3B48D0ED93
:1020D000000A30EE200ABDEEC00A10EE100A00B26F
:1020E0003A490880324890ED000A3348D0ED000AA2
:1020F00030EE200A2F48D0ED000A30EE200A2F489B
:10210000D0ED000A30EE200ABDEEC00A10EE100A33
:1021100000B24880264890ED000A2748D0ED000A1A
:1021200030EE600A2348D0ED000A30EE200A234842
:10213000D0ED000A30EE600ABDEEC00A10EE100AC3
:1021400000B288801A4890ED000A1B48D0ED000AC2
:1021500030EE200A1748D0ED000A30EE600A17482A
:10216000D0ED000A30EE600ABDEEC00A10EE100A93
:1021700000B2C880BDEC048B10BD00002C00002014
:10218000A80400202D000020C8050020F80200202F
:1021900040000020AC4901200C4801209C4B01204C
:1021A0005C4A0120BC490120FC4A012000000000DB
:1021B0003000002034000020380000203C000020C7
:1021C000A00700200000FA44A40700203A070020DE
:1021D000F0EE401AF4EEE01AF1EE10FA02D2B0EE90
:1021E000600A7047F4EEC11AF1EE10FA02DDB0EEAB
:1021F000410AF6E7B0EE610AF3E7000010B50749BF
:10220000074800F033F940B14FF0C051044800F0E6
:1022100033F80021024800F063F810BD0080001878
:102220005860024010B50749074800F01FF938B15F
:102230000649054800F020F80021034800F050F856
:1022400010BD000000802020A0600240000020207F
:1022500010B50749074800F009F940B14FF0205187
:10226000044800F009F80021024800F039F810BDD8
:1022700000800028B86002400246094B9A4201D211
:10228000084801E00648103801F000531BB1064B26
:102290000B40C36002E0044B0B40836070470000BA
:1022A00010640240006002407D0F7D0F0246094B22
:1022B0009A4201D2084801E00648103801F0005364
:1022C0001BB1064B0B40C36002E0044B0B40836024
:1022D0007047000010640240006002407D0F7D0FD7
:1022E00021B1026842F00102026003E0026822F0BC
:1022F0000102026070470000016821F001010160E5
:102300000021016041608160C16001612121416162
:102310004A49884204D13D21484A103A91608CE0F4
:1023200046491831884205D14FF47461434A103A46
:10233000916082E041493031884205D14FF47411F7
:102340003E4A103A916078E03C494831884205D1D4
:102350004FF07461394A103A91606EE0374960314C
:10236000884204D13649354A103AD16065E0334994
:102370007831884204D13349304A103AD1605CE068
:102380002E499031884204D12F492C4A103AD1600D
:1023900053E02A49A831884205D14FF03D51274AE0
:1023A000103AD16049E02949884204D13D21274AA9
:1023B000083A116041E025491831884205D14FF4AF
:1023C0007461224A083A116037E02049303188426E
:1023D00005D14FF474111D4A083A11602DE01B49D4
:1023E0004831884205D14FF07461184A083A1160AB
:1023F00023E016496031884204D11149134A121F63
:1024000011601AE011497831884204D10D490F4A10
:10241000121F116011E00D499031884204D10A4920
:102420000A4A121F116008E00849A831884204D105
:102430004FF03D51054A121F116070471060024075
:102440003D000020400F002000003D2010640240AD
:10245000014600200A6802F001020AB1012000E0F2
:10246000002070470146486880B2704770B5024648
:10247000002000240025124EB24201D2114B01E08F
:102480000F4B103B104E0E4036B11E2606EAD124EB
:10249000166806EA040502E0566906F0800501F0B8
:1024A00000560EB15C6800E01C68084E344004EA37
:1024B000010616B10DB1012000E0002070BD000042
:1024C00010640240006002403C0F3C0F7D0F7D0F06
:1024D00010B501F080034BB122B1436943F0800392
:1024E000436103E0436923F08003436180290BD0FB
:1024F0002AB1036801F01E042343036004E003686B
:1025000001F01E04A343036010BD000010B50022BB
:102510000268134B1A40CC680B6823434C69234371
:102520008C692343CC6923430C6A23434C6A2343BD
:102530008C6A23434C6B23438C6B23431A43026006
:10254000426922F00702D1E90B3423431A43426166
:102550000B6943604B6883608B68C36010BD0000EB
:102560003F801CF0F8480078AA287DD1F6484078D2
:10257000AA28FAD1F4488078F4490870F248C07863
:102580004870F14800798870EF484079C870084673
:1025900090ED000ADFEDEE0AB4EEE00AF1EE10FA7B
:1025A00011DD90ED000ADFEDEB0AB4EEE00AF1EE8A
:1025B00010FA08D290ED000ADFEDE70A20EE200ABB
:1025C000E64880ED000AE0488079E0490870DE487E
:1025D000C0794870DC48007A8870DB48407AC8705F
:1025E000084690ED000ADFEDDA0AB4EEE00AF1EEFB
:1025F00010FA11DD90ED000ADFEDD60AB4EEE00A24
:10260000F1EE10FA08D290ED000ADFEDD30A20EEC9
:10261000200AD24880ED000ACB48807ACB49087066
:10262000C948C07A4870C848007B8870C648407B5B
:10263000C870084690ED000ADFEDC50AB4EEE00A66
:10264000F1EE10FA13DD90ED000ADFEDC20AB4EEF0
:10265000E00AF1EE10FA0AD290ED000ADFEDBE0AB0
:1026600020EE200ABD4800E06CE180ED000AB6488B
:10267000807BB6490870B448C07B4870B248007C83
:102680008870B148407CC870084690ED000ADFEDC4
:10269000B00AB4EEE00AF1EE10FA11DD90ED000A96
:1026A000DFEDAC0AB4EEE00AF1EE10FA08D290EDDC
:1026B000000ADFEDA90A20EE200AA84880ED000AF2
:1026C000A148807CA14908709F48C07C48709E4802
:1026D000007D88709C48407DC870084690ED000AD7
:1026E000DFED9B0AB4EEE00AF1EE10FA11DD90ED99
:1026F000000ADFED980AB4EEE00AF1EE10FA08D213
:1027000090ED000ADFED940A20EE200A934880ED58
:10271000000A8D48807D8D4908708B48C07D4870C7
:102720008948007E88708848407EC870084690EDD1
:10273000000ADFED870AB4EEE00AF1EE10FA11DDCF
:1027400090ED000ADFED830AB4EEE00AF1EE10FA34
:1027500008D290ED000ADFED800A20EE200A7F48C3
:1027600080ED000A7848807E784908707648C07EFF
:1027700048707548007F88707348407FC87008466D
:1027800090ED000AF9EE040AB4EEE00AF1EE10FA58
:102790000DDD90ED000AF1EE040AB4EEE00AF1EE70
:1027A00010FA04D290ED000A6C4880ED000A6648E9
:1027B000807F664908706448C07F4870624890F81E
:1027C00020008870604890F82100C870084690ED9D
:1027D000000AF9EE040AB4EEE00AF1EE10FA0DDD9B
:1027E00090ED000AF1EE040AB4EEE00AF1EE10FA00
:1027F00004D290ED000A594880ED000A524890F842
:10280000220052490870504890F8230048704E4802
:1028100090F8240088704C4890F82500C87008464D
:1028200090ED000AF9EE040AB4EEE00AF1EE10FAB7
:102830000DDD90ED000AF1EE040AB4EEE00AF1EECF
:1028400010FA04D290ED000A444880ED000A3E4898
:1028500090F826003D4908703B4890F827004870E2
:10286000394890F828008870374890F82900C870D7
:10287000084690ED000ADFED360AB4EEE00AF1EE0C
:1028800010FA0DDD90ED000ADFED320AB4EEE00A39
:10289000F1EE10FA04D290ED000A304880ED000A03
:1028A000294890F82A0029490870274890F82B00F9
:1028B0004870254890F82C008870234890F82D0027
:1028C000C870084690ED000ADFED210AB4EEE00A78
:1028D000F1EE10FA0DDD90ED000ADFED1E0AB4EE08
:1028E000E00AF1EE10FA04D290ED000A1B4880EDE8
:1028F000000A154890F82E0014490870124890F804
:102900002F004870104890F8300088700E4890F8FA
:102910003100C870084690ED000ADFED0D0AB4EEF4
:10292000E00AF1EE10FA0DDD90ED000ADFED090A84
:10293000B4EEE00AF1EE10FA04D290ED000A074876
:1029400080ED000A70470000CC4F01208400002079
:10295000002474C9002474490000C8428800002083
:1029600038B5044672A0006800907248017800787B
:10297000401C704A10707048445410460078192862
:102980007ED11820114608706B4800780F2878D146
:102990006948007E38B16848017E684A12781DF89F
:1029A00002008142F3D100206249087062484078F9
:1029B0006149897801F0070140EA012060490880F7
:1029C0005D48C0788006400D5B49897840EAE100A7
:1029D0005B49488058484079C007400D56490979FD
:1029E00040EA81005449C97840EAA11054498880DE
:1029F000514880790007400D4F49497940EA61000C
:102A00004F49C8804C48C0794006400D4A498979F1
:102A100040EA21104A4908814748407A8007400D22
:102A20004549097A40EA41004349C97940EAE11041
:102A3000434948814048807AC006400D3E49497A62
:102A400040EAA1003E4988813B48C07AC0003A492B
:102A5000897A40EA61103A49C8813748007B364993
:102A6000497B01F0070140EA0120354908823248DC
:102A7000807B8006400D3049497B40EAE10001E05F
:102A800054E049E02E4948822B48007CC007400DA5
:102A90002949C97B40EA81002749897B40EAA11086
:102AA000274988822448407C0007400D2249097C40
:102AB00040EA61002249C8821F48807C4006400DE0
:102AC0001D49497C40EA21101D4908831A48007DB0
:102AD0008007400D1849C97C40EA41001649897CAD
:102AE00040EAE110164948831348407DC006400D76
:102AF0001149097D40EAA100114988830E48807D73
:102B0000C0000D49497D40EA61100D49C8830CF0B1
:102B100067F90C49086009E0002005E0064A411CFD
:102B2000515C1154411CC8B21828F7DB38BD0000B5
:102B30000414243442070020784E0120430700206B
:102B4000584E01208807002010B504460BF0DAF833
:102B50002848007820B1012814D0022844D12AE066
:102B600034B9012023490870084600780AF0C8FBF0
:102B7000022C06D102201F490870084600780AF08E
:102B8000BFFB32E0012C09D100201A490870084629
:102B900000780AF0B5FB002017490870022C09D113
:102BA000022014490870084600780AF0A9FB0020AA
:102BB0001149087019E0032C09D100200D49087053
:102BC000084600780AF09CFB00200B490870012C95
:102BD00009D1002007490870084600780AF090FBE8
:102BE00000200549087000E000BF00BF0BF0CEF8E0
:102BF00010BD0000340700203507002010B50BF091
:102C000081F8034804780BF0C1F8204610BD00009D
:102C100034070020F0B50A4600210023002400BF3D
:102C20003DE0012505FA01F3156805EA03049C421D
:102C300034D105684F000326BE40B54305601579C1
:102C40004E00B5400668354305601579012D02D068
:102C50001579022D16D185684F000326BE40B54375
:102C6000856055794E00B540866835438560456876
:102C700001268E40B5434560456896798E40B6B2D0
:102C800035434560C5684F000326BE40B543C56067
:102C9000D5794E00B540C6683543C560491C10293A
:102CA000BFD3F0BDF0B5002300244D07ED0E02FAAE
:102CB00005F3CE1000F1200555F826504E07F70E0B
:102CC0000F26BE40B543CF1000F1200646F827502E
:102CD000CE1000F1200555F8265045EA0304CE1029
:102CE00000F1200545F82640F0BD4183704701837F
:102CF00070474FF6FF7101600021017141718171D0
:102D0000C171704710B52DED028B00F00BF97148C1
:102D1000008800285ED0704890ED000A6D48008859
:102D200041F28831081A6D4901EB800080ED000AFC
:102D30006B4890ED000A6848D0ED000A30EE200A9A
:102D4000674880ED000A674890ED000A61480088F6
:102D500041F28831081A644901EB800080ED000AD5
:102D6000624890ED000A5F48D0ED000A30EE200A7C
:102D70005E4880ED000A5E4890ED000A55480088E4
:102D800041F28831081A5B4901EB800080ED000AAE
:102D9000594890ED000A5648D0ED000A30EE200A5E
:102DA000554880ED000A4B48008841F28831081AE6
:102DB00000EE100AB8EEC00A46480088081A4F49CB
:102DC00001EB800080ED000A42480088401E414926
:102DD00008807BE0484890ED000ADFED490A80EE6C
:102DE000201A484880ED001A00244BE040F2712080
:102DF00060433A4A02EB401141F288323F4809F001
:102E00002DFA414800EB840080ED000A3E4800EBBB
:102E1000840090ED000A10EE101A08460DF088F8B4
:102E20009FED3A0B53EC102B0CF08AFE12D3364870
:102E300000EB840090ED000A10EE101A08460DF029
:102E400077F841EC180B9FED330B53EC102B0CF083
:102E50003DFD16D241F288301E4908809FED2F0AB1
:102E60001F4880ED000A9FED2D0A204880ED000AE2
:102E70009FED2A0A204880ED000A0020BDEC028B5D
:102E800010BD641C032CB1DB154890ED000ADFED8A
:102E90001C0A80EE201A80ED001A144890ED000AFA
:102EA000DFED170A80EE201A80ED001A124890ED2F
:102EB000000ADFED130A80EE201A80ED001A41F2BD
:102EC00088300449088001201549086014480068CA
:102ED000D4E70000880100209C010020800F002022
:102EE000CC010020A0010020A05D0020D001002026
:102EF000A4010020C0AB0020D4010020E0F9002094
:102F000000409C45E0010020004801202D431CEBBF
:102F1000E2360A3F2D431CEBE2360ABF00000000F8
:102F2000F00100202DE9F04F2DED068B87B0132026
:102F3000FEF724FA07461220FEF720FA80461520F5
:102F4000FEF71CFA81461420FEF718FA8246172075
:102F5000FEF714FA83461620FEF710FA06900320B7
:102F6000FEF728FA05900220FEF724FA04900520C7
:102F7000FEF720FA03900420FEF71CFA02900720C7
:102F8000FEF718FA01900620FEF714FA009048EABE
:102F9000072000B200EE100AB8EEC00ADFED660AA4
:102FA00080EE201A9FED650A61EE000A644890EDFC
:102FB000000AB8EE400A20EE800A624880ED000A5E
:102FC0004AEA092000B200EE100AB8EEC00ADFEDAE
:102FD0005A0A80EE201A9FED590A61EE000A5848FD
:102FE00090ED000AB8EE400A20EE800A564880EDC7
:102FF000000A069840EA0B2000B200EE100AF8EE34
:10300000C00A9FED4D1A80EE810ADFED4C0A60EE9A
:10301000200A4B4890ED000AB8EE400A20EE800AE4
:103020004A4880ED000ADDE9040140EA012000B2CF
:1030300000EE100AB8EEC00A9FED3F1AC0EE010A7A
:103040009FED3E0A20EE800A414880ED000ADDE94E
:10305000020140EA012000B200EE100AF8EEC00AB8
:103060009FED351A80EE810ADFED340A20EE200A4A
:10307000384880ED000ADDE9000140EA012000B295
:1030800000EE100AF8EEC00A9FED2B1A80EE810ABE
:10309000DFED2A0A20EE200A2F4880ED000A2220C8
:1030A000FEF76CF906462320FEF768F90446204631
:1030B000E11704EBD161491101EBC605B5F5806F4D
:1030C0001BDBA5F500600CF0D6FB41EC1A0B9FED65
:1030D000230B53EC102B0CF035FC41EC190B9FED3E
:1030E000210B53EC102B0CF055F941EC180B0CF0A4
:1030F00065FB00B21D49088019E028460CF0D2FBA0
:1031000041EC1A0B9FED150B53EC102B0CF01AFC35
:1031100041EC190B9FED130B53EC102B0CF03AF90B
:1031200041EC180B0CF04AFB00B21049088007B0C4
:10313000BDEC068BBDE8F08F00FEFF4600007A4430
:10314000E40100209001002094010020980100205B
:103150009C010020A0010020A4010020000000002C
:103160000000C03F00000000000037408C0100203C
:1031700010B5FDF7F7FB114908800846008806F0F6
:10318000C7F90F4880ED000A90ED000ADFED0D0A47
:1031900080EE201A9FED0C0A21EE000A0B4880ED0C
:1031A000000A90ED000AF2EE0E0AB4EEE00AF1EE2B
:1031B00010FA02D2012003F0C1FF10BD7000002000
:1031C0006800002066663640666686416C00002016
:1031D00010B50020084988610849487608490876F2
:1031E0000849487602F0FEFA0020074908700220DC
:1031F000FFF7AAFC10BD00005C080020445201202B
:103200006452012088520120B00700200146F0EEF0
:10321000400A184A12781AB1002901DB032902DB9F
:10322000B0EE600A7047144A02EB411090ED050AB7
:10323000D0ED001AB0EE401A01EEA01A90ED010A8E
:1032400020EE200AD0ED031A01EEC10AD0ED061AD5
:1032500030EE210A80ED050A90ED020A20EE200AE8
:10326000D0ED041A01EEC10A80ED060AB0EE410A63
:10327000D8E70000240700202C4D012010B52DEDCB
:10328000028BB0EE408AB7EE000AB4EEC08AF1EECF
:1032900010FA02DDB0EE480A01E09FED120A124872
:1032A00080ED000A002011490870002415E09FED10
:1032B000100A104800EB441080ED050A9FED0C0A3F
:1032C0000C4800EB441080ED060A0A4901EB44105B
:1032D0009FED090A08F01AFE641C032CE7DBBDEC25
:1032E000028B10BD00004843200700202407002067
:1032F000000000002C4D01200000204210B52DEDF3
:10330000028B0446B0EE408A002C01DB032C02DB6A
:10331000BDEC028B10BD044901EB4410B0EE480A2D
:1033200008F0F4FD00BFF3E72C4D012008B10121A6
:1033300000E00021014A11707047000024070020BE
:103340002DE9F84140490C8B002077E03F49095CAA
:10335000CC2971D13D4A411C515CDD296CD1944688
:10336000831C1CF80350C31C1CF80360031D1CF8CD
:1033700003308DF80030431D1CF803308DF8013008
:10338000831D1CF803308DF80230C31D1CF8033078
:103390008DF8033000F108031CF8037000220221AD
:1033A00007E08BB20344DFF8A4C01CF803305A4096
:1033B000491C0829F5DBBA4239D1DFF894C09CF8E2
:1033C00000C00CF1010C0CF00F03DFF888C09CF872
:1033D00000C0634520D0DFF880C0DFF8748098F823
:1033E00000800CF83850DFF8688098F800800CEB0B
:1033F000C80C8CF801609DED000ADFF85CC0DFF8B6
:10340000508098F800800CEBC80C8CED010ADFF8B6
:1034100040C08CF8003009E0DFF840C0DCF800C0A4
:103420000CF1010CDFF83480C8F800C000BF00F1D7
:10343000090398B202E0FFE7411C88B200F10901DC
:10344000A14283D9BDE8F88144070020CC4F012078
:1034500060070020610700204C5001206407002015
:103460002DE9F84140490C8B002077E03F49095C89
:10347000CC2971D13D4A411C515CDD296CD1944667
:10348000831C1CF80350C31C1CF80360031D1CF8AC
:1034900003308DF80030431D1CF803308DF80130E7
:1034A000831D1CF803308DF80230C31D1CF8033057
:1034B0008DF8033000F108031CF80370002202218C
:1034C00007E08BB20344DFF8A4C01CF803305A4075
:1034D000491C0829F5DBBA4239D1DFF894C09CF8C1
:1034E00000C00CF1010C0CF00F03DFF888C09CF851
:1034F00000C0634520D0DFF880C0DFF8748098F802
:1035000000800CF83850DFF8688098F800800CEBE9
:10351000C80C8CF801609DED000ADFF85CC0DFF894
:10352000508098F800800CEBC80C8CED010ADFF895
:1035300040C08CF8003009E0DFF840C0DCF800C083
:103540000CF1010CDFF83480C8F800C000BF00F1B6
:10355000090398B202E0FFE7411C88B200F10901BB
:10356000A14283D9BDE8F881680700204C510120B1
:1035700060070020610700204C50012064070020F4
:1035800008B500BF0BF026FC00900AE003F012FC27
:103590000448408C401C03494884012168460AF0D5
:1035A0005FFDF3E7D051012008B500BF0BF012FC1E
:1035B00000900DE09FED070A074800F011F807485A
:1035C000808C401C05498884012168460AF048FD2A
:1035D000F0E700006F12833A54020020D05101201E
:1035E00010B52DED108B86B00446F0EE408A002019
:1035F000039004900590B6EE000A28EE800AB0EE23
:1036000040FAFE4890ED000AF0EE409AFC4890ED3A
:10361000000AB0EE40AAFB4890ED000AF0EE40AA86
:10362000F94890ED000AB0EE40BAF84890ED000A73
:10363000B5EEC00AF1EE10FA0FD1F54890ED000A90
:10364000B5EEC00AF1EE10FA07D1F24890ED000A8B
:10365000B5EEC00AF1EE10FA7ED0EC4890ED000A0B
:103660008DED030AEA4890ED000A8DED040AE94861
:1036700090ED000A8DED050ADDED030A60EEA00A6B
:103680009DED041ADDED041A41EE210A9DED051AA7
:10369000DDED051A41EE210AB0EE600A08F0C0FD2A
:1036A000B0EE408ADDED030AB0EE480A20EE800A53
:1036B0008DED030ADDED040AB0EE480A20EE800A23
:1036C0008DED040ADDED050AB0EE480A20EE800A11
:1036D0008DED050A9DED040ACF48D0ED000A20EEDD
:1036E000200ADDED050ACD4890ED001AF0EE40BA53
:1036F00040EEC1BA9DED050AC948D0ED000A20EEA2
:10370000200ADDED030AC44890ED001AB0EE40CA6D
:1037100000EEC1CA9DED030AC048D0ED000A20EEBC
:10372000200ADDED040ABE4890ED001AF0EE40CA12
:1037300040EEC1CABB4890ED000A60EE2B0ABA48C1
:1037400090ED000A00EEA80A80ED000AB54890ED61
:10375000000A60EE0C0A00E03FE0B44890ED000A79
:1037600000EEA80A80ED000AAE4890ED000A60EE77
:103770002C0AAF4890ED000A00EEA80A80ED000A7E
:10378000A94890ED000AAB48D0ED000A00EEAB0A64
:10379000A948D0ED000A30EE200A80ED000AA348C7
:1037A00090ED000AA348D0ED000A00EE8C0AA34871
:1037B000D0ED000A30EE200A80ED000A9C4890ED22
:1037C000000A9C48D0ED000A00EEAC0A9C48D0EDFF
:1037D000000A30EE200A80ED000A974890ED000ABA
:1037E00020EE0F0A8DED000A944890ED000A20EEBD
:1037F0000F0A8DED010A924890ED000A20EE0F0AA3
:103800008DED020A9DED000A20EE000ADDED010AB1
:103810009DED011A00EE810ADDED020A9DED021A0E
:10382000B0EE409A00EE819AB7EE000A30EE490AF7
:1038300020EE290ADDED000A0AEE600ADDED010A3C
:103840000AEEE00ADDED020A0BEE600A6B4880ED3D
:10385000000AB7EE000A30EE490A20EE0A0ADDED52
:10386000000A09EEA00ADDED020A0AEEA00ADDED6B
:10387000010A0BEE600A624880ED000AB7EE000A0A
:1038800030EE490A20EE2A0ADDED010A09EEA00A0F
:10389000DDED020A0AEE600ADDED000A0BEE200AF9
:1038A000584880ED000AB7EE000A30EE490A20EED3
:1038B0000B0ADDED020A09EEA00ADDED010A0AEEAF
:1038C000200ADDED000A0AEEE00A4F4880ED000A0A
:1038D0004A48D0ED000A60EEA00A494890ED001A6F
:1038E000D0ED001A41EE210A464890ED001AD0EDC5
:1038F000001A41EE210A444890ED001AD0ED001A5A
:1039000041EE210AB0EE600A08F08AFCB0EE408A6F
:103910003A4890ED000A20EE080A80ED000A384887
:1039200090ED000A20EE080A80ED000A354890ED7F
:10393000000A20EE080A80ED000A334890ED000AE4
:1039400020EE080A80ED000A2C4890ED000A20EED7
:1039500000DA2B4890ED000A60EE00DA294890ED7D
:10396000000A20EE00EA284890ED000A60EE00EA26
:103970003DEE2D0A30EE4E0A30EE6E0A314880EDF3
:10398000000A1F4890ED000A1E48D0ED000A20EE04
:10399000200A1A48D0ED000A1B4890ED001A00EEEC
:1039A000810AF0EE000A20EE200A274880ED000A86
:1039B000134890ED000A1448D0ED000A20EE200ACA
:1039C0000E48D0ED000A0F4890ED001A00EEC10A33
:1039D000F0EE000A20EE200A114880ED000A0748A8
:1039E00090ED000A0648D0ED000A20EE200A0548B6
:1039F000D0ED000A044890ED001A27E0D402002020
:103A0000D8020020DC020020E0020020A8010020F3
:103A1000AC010020B0010020F4020020F0020020E0
:103A2000EC020020C4020020C8020020CC020020CA
:103A3000D0020020C0020020B4010020B801002004
:103A4000BC010020E4020020E802002000EE810A10
:103A5000F0EE000A20EE200A2A4880ED000A3DEE32
:103A60006D0A30EE4E0A30EE2E0A274880ED000A2D
:103A7000264890ED000AF7EE000AB4EEE00AF1EEF7
:103A800010FA03DDB7EE000A80ED000A1F4890ED42
:103A9000000AFFEE000AB4EEE00AF1EE10FA03D2DB
:103AA000BFEE000A80ED000A184890ED000A05F00C
:103AB00071FDB1EE400ADFED160A20EE200A84ED1A
:103AC000190A1148D0ED000A0E4890ED000A05F0E1
:103AD000F7FDDFED0F0A20EE200A84ED180A0D48ED
:103AE000D0ED000A0C4890ED000A05F0E9FDDFED8D
:103AF000080A20EE200A84ED1A0A06B0BDEC108BED
:103B000010BD0000F0020020F4020020EC020020B2
:103B1000ED2E6542E4020020E80200201CB50121E0
:103B2000084601F0B9FC0121042001F0B5FC4FF476
:103B3000C050009001208DF8040000208DF8060090
:103B400003208DF8050001208DF807006946134811
:103B5000FFF760F84FF48070009001208DF80400AA
:103B600000208DF8060003208DF8050001208DF857
:103B7000070069460A48FFF74DF84FF4006107480F
:103B8000FFF7B5F84FF480510448FFF7B0F84FF451
:103B900080710348FFF7A9F81CBD00000000024037
:103BA00000080240B0EE401AB4EEE01AF1EE10FA4E
:103BB00009D2B1EE600AB4EEC01AF1EE10FA02DDDD
:103BC0009FED020A7047B0EE410AFBE700000000DB
:103BD00010B52DED0A8B044694ED490ADFED580A25
:103BE00020EE200AF0EE408A94ED370ADFED540A09
:103BF00020EE200AB0EE409A94ED5B0ADFED500A09
:103C000020EE200AB0EE408A4E48C0ED028A80EDD8
:103C10001C9A80ED368A94ED7F0A80ED500A29EED9
:103C2000080AF0EE409A28EE880AB0EE40AA94ED19
:103C3000480ADFED430A20EE200AF0EE40AA94ED98
:103C4000360ADFED3F0A20EE200AB0EE40BA94EDCE
:103C50005A0ADFED3B0A20EE200AF0EE40BA94ED5E
:103C60007E0AB0EE40CA94ED530A3748D0ED1F0AE1
:103C700080EE201A334880ED171A94ED410A33483C
:103C8000D0ED1F0A80EE201A2E4880ED311A94EDF7
:103C9000650A2F48D0ED1F0A80EE201A294880EDD2
:103CA0004B1A94ED890A2B48D0ED1F0A80EE201A9A
:103CB000244880ED651A2848C07948B1F0EE6A0AB8
:103CC000B0EE690A204A1F49002000F04DFB04E0D5
:103CD0009FED220A1B4880ED180A1F48007A50B158
:103CE000F0EE4B0AB0EE4A0A184A16496831012034
:103CF00000F03AFB04E09FED190A124880ED320A09
:103D00001548407A50B1F0EE6B0A9FED140A104A44
:103D10000C49D031022000F027FB04E09FED0F0A90
:103D2000084880ED4C0AF0EE4C0A9FED0C0A094A57
:103D30000B49032000F018FBBDEC0A8B10BD0000FE
:103D400039FA8E3C0C480120BC4901205C4A012014
:103D5000FC4A01209C4B0120AC49012000000000DE
:103D60004449012070B52DED028B05460C46F0EE5E
:103D7000408A94ED020AB0EE408AB7EE000A84ED64
:103D8000050A84ED068AB0EE480A07F0A3FA20EE91
:103D9000080A84ED070A032D01D0022D04D19FEDFE
:103DA000090A84ED080A01E0C4ED088A94ED170AB7
:103DB00084ED090A94ED000A84ED0A0ABDEC028B39
:103DC00070BD00000000000010B5AAB01822CA495A
:103DD00024A8FCF7BAFB1822C74918311EA8FCF723
:103DE000B4FB1822C449303118A8FCF7AEFB1822E6
:103DF000C149483112A8FCF7A8FB1822BE4960311E
:103E00000CA8FCF7A2FB1822BB49783106A8FCF7E6
:103E10009CFB1822B84990316846FCF796FB0024B9
:103E200088E024A800EB840090ED000AB34800EB82
:103E3000840080ED000A12A800EB840090ED000AD7
:103E4000AE48283000EB840080ED000A0CA800EB9F
:103E5000840090ED000AA948403000EB840080ED1A
:103E6000000A24A800EB840090ED000AA44800EBAF
:103E7000840080ED000A12A800EB840090ED000A97
:103E80009F48283000EB840080ED000A0CA800EB6E
:103E9000840090ED000A9A48403000EB840080EDE9
:103EA000000A1EA800EB840090ED000A954800EB84
:103EB000840080ED000A12A800EB840090ED000A57
:103EC000DFED910A20EE200A8E48283000EB8400B6
:103ED00080ED000A0CA800EB840090ED000ADFEDF5
:103EE0008A0A20EE200A8748403000EB840080EDEB
:103EF000000A18A800EB840090ED000A834800EB4C
:103F0000840080ED000A06A800EB840090ED000A12
:103F10007E48283000EB840080ED000A684600EB04
:103F2000840090ED000A7948403000EB840080ED79
:103F3000000A641C062CFFF674AF9FED750A6F48EB
:103F400080ED070A9FED730A80ED210A9FED720A4A
:103F500080ED200A9FED710A80ED250A9FED700A21
:103F600080ED260AB3EE0E0A80ED090A9FED6D0A78
:103F700080ED1E0A9FED6C0A80ED1F0A9FED680A16
:103F800080ED060AB3EE000A80ED080A9FED670A8D
:103F900080ED220AB6EE000A80ED230A9FED5D0A4D
:103FA00080ED240A9FED5A0A554880ED070A9FEDDF
:103FB000590A80ED210A9FED580A80ED200A9FEDF5
:103FC000570A80ED250A9FED560A80ED260AB3EECA
:103FD0000E0A80ED090A9FED530A80ED1E0A9FED3F
:103FE000520A80ED1F0A9FED4E0A80ED060AB3EEDD
:103FF000000A80ED080A9FED4D0A80ED220AB6EE18
:10400000000A80ED230A9FED430A80ED240A9FED0C
:10401000400A3C4880ED070A9FED3E0A80ED210AE8
:104020009FED430A80ED200AB3EE0E0A80ED250ACB
:104030009FED3B0A80ED260AB3EE040A80ED090AE3
:104040009FED3C0A80ED1E0A9FED3B0A80ED1F0AA2
:10405000B7EE000A80ED060AB3EE000A80ED080A0A
:10406000B7EE000A80ED220A9FED340A80ED230AA4
:104070009FED280A80ED240A9FED250A234880ED54
:10408000070A9FED240A80ED210A9FED280A80EDA2
:10409000220A9FED2B0A80ED230AB7EE080A80ED75
:1040A000200AB3EE040A80ED250A9FED1D0A80ED7B
:1040B000260AB3EE040A80ED090A9FED220A80ED7C
:1040C0001E0A9FED210A80ED1F0A01201F4908707A
:1040D00048708870C870087148710020887101208C
:1040E000C8710872487200208872C872087300F0A4
:1040F000CFF82AB010BD000058010108BC490120CA
:104100005C4A0120FC4A01209A99193F9C4B0120EE
:104110000AD7233CCDCC4C3D99BB163B000048420E
:10412000CDCC4C3FDBA2D740004092449A99993FB6
:10413000A69BC43A5EBA01400000EA443333333FE1
:10414000CDCCCC3EDBA2574100005E43AC49012000
:10415000F0B50446DDE90556002092E003EB800748
:1041600097ED003AB0EE432A06EB800797ED003A50
:10417000F0EE432A05EB800797ED003AF0EE431A84
:1041800004EB800797ED003AF0EE430A01EB80075D
:1041900097ED003AB0EE430AF5EEC01AF1EE10FAD0
:1041A0001AD8B4EEC20AF1EE10FA04DBF5EEC00A3A
:1041B000F1EE10FA09DCB4EEE20AF1EE10FA0AD8D8
:1041C000F5EEC00AF1EE10FA05D29FED303A04EB9D
:1041D000800787ED003A53E0F5EEC00AF1EE10FAE1
:1041E00022DDB4EEC20AF1EE10FA04DB9FED273AAD
:1041F000F0EE430A3FE032EE613AB4EEC03AF1EE3F
:1042000010FA38D232EE403A83EE211AB5EEC01AD7
:10421000F1EE10FA03D29FED1D3AB0EE431A20EEF4
:10422000813AF0EE430A26E0F5EEC00AF1EE10FA0C
:1042300021D2B4EEE20AF1EE10FA04D89FED133A5F
:10424000F0EE430A17E032EEA13AB4EEC03AF1EED6
:1042500010FA10DD30EE623A83EE211AB5EEC01A84
:10426000F1EE10FA03D29FED093AB0EE431A20EEB8
:10427000813AF0EE430A04EB8007C7ED000A00BF65
:10428000401C9042FFF66AAFF0BD00000000000045
:1042900000203EE09FED310A314901EB800181EDC4
:1042A000000A9FED2E0A2E49683101EB800181ED55
:1042B000000A9FED2A0A2A49D03101EB800181EDE5
:1042C000000A9FED260A274901EB800181ED000AD3
:1042D0009FED220A2249183101EB800181ED000A8D
:1042E0009FED1E0A1E49803101EB800181ED000A1D
:1042F0009FED1A0A1B49503901EB800181ED000A3C
:104300009FED160A1749183101EB800181ED000A73
:10431000401C0628BEDB12492C3991ED020A81EDC2
:10432000000A9FED0E0A81ED010A91ED1C0A81ED54
:104330001A0A9FED0A0A81ED1B0A91ED360A81EDFA
:10434000340A9FED060A81ED350A91ED500A81EDA0
:104350004E0A9FED020A81ED4F0A704700000000EF
:1043600038480120704901202DE9F0412DED0C8BDA
:1043700088B007460C461646F0EE40CAB0EE608A9A
:1043800084ED038AD148007BC0B3012837D00228CE
:1043900054D196ED251AB0EE410A20EE001AD4ED64
:1043A000001A78EE611A21EE211AD6ED261AB0EE27
:1043B000002A61EE821A61EE801A94ED012A01EE64
:1043C000C21AF0EE410A94ED011ADFEDC11A01EEB6
:1043D000A01A84ED011A94ED001AD4ED011A9FED94
:1043E000BC2A02EE211A84ED001AB0EE001A20EE6B
:1043F000011AF7EE001AC1EE818A29E01FE0D6ED1E
:10440000250A94ED001A38EE411A60EE810AB0EEEA
:10441000600AD4ED000A9FEDAE1A41EE000AC4ED29
:10442000000A84ED010AD6ED250AB0EE001A60EE0E
:10443000810AB7EE001AC1EE208A09E000BF84EDC0
:10444000008A9FEDA40A84ED010AF7EE008A00BFFE
:1044500000BF94ED020AD4ED000A30EE600A84ED4C
:10446000040AB0EE6C0A21463846FFF77BFC0621B1
:1044700004F1140000F030F9B0EE409AB7EE000AF3
:1044800079EE00AA9148807850B194ED040AB0EE1C
:10449000C00AD6ED210AB4EEE00AF1EE10FA01DB13
:1044A000012000E0002080468848C078D0B196ED19
:1044B000220AB5EEC00AF1EE10FA13DD94ED040AFB
:1044C000B0EEC00AD6ED220AB4EEE00AF1EE10FA20
:1044D00008DD9FED800A84ED180A08B0BDEC0C8B56
:1044E000BDE8F081D4ED049A78480079B0B196ED3A
:1044F000230AB5EEC00AF1EE10FA0FDD96ED230A9D
:10450000C9EE800AF0EE60DAB0EE6D0A06F0E2FE67
:10451000D6ED230A20EE200AF0EE409A6B48007890
:1045200000287CD0B8F1000F79D0DFED6ABA674877
:10453000407948B194ED040AB0EEC00AD6ED240AE1
:1045400020EE200AF0EE40BA96ED070A30EE2BCAB4
:104550005E48807910B196ED060A01E09FED5D0A94
:10456000B0EE40DA002513E0B1EE690A20EE280A29
:1045700004F1140000EB8500D0ED000A20EE200AC3
:10458000C0EE2A0A02A800EB8500C0ED000A6D1CEF
:10459000062DE9DB4D48407868B106F1580006F178
:1045A000400106F128030622CDE9001004F12C0198
:1045B00002A8FFF7CDFD00255AE004F12C0000EB26
:1045C000850090ED000A04F1440000EB8500D0ED79
:1045D000000A70EE600A02A800EB850090ED000A68
:1045E0000DEE600A04F12C0000EB8500D0ED000A0E
:1045F0000CEE600A06EB8500D0ED000A20EE20BA32
:1046000004F12C0000EB850090ED000ADFED300A8C
:1046100000EE8B0A04F12C0000EB850000E029E09D
:1046200080ED000A2948807908B304F12C0000EBE2
:10463000850090ED000A04F1440000EB8500D0ED08
:10464000000A70EE600A04F1440000EB850090ED72
:10465000000A96ED081ADFED1E1A21EE211A01EE6E
:10466000200A04F1440000EB850080ED000A6D1C77
:10467000062DA2DB9FED17AA002512E004F12C0005
:1046800000EB8500D0ED000A04F1140000EB85007A
:1046900090ED001AB0EE4A0A00EE810AB0EE40AA90
:1046A0006D1C062DEADB94ED180AD6ED090A9FED84
:1046B000081A60EE810A94ED181A3AEE411A00EEDB
:1046C000810A84ED180A00BF07E70000AC49012009
:1046D0000AD7A33B000000000246DFED0C0AB0EE53
:1046E000600A00200FE002EB800393ED001A02EB5A
:1046F0008003D3ED001AF0EE400A41EE210AB0EE3D
:10470000600A431CD8B28842EDDB7047000000000D
:1047100070B5002100230F22C4781CB3174C246805
:1047200004F4E064C4F5E064C4F30721C1F10404B7
:10473000E3B20A4144789C40E1B2847814402143BA
:104740000C07210E0E4C05786155047804F01F0506
:104750000124AC4005786D11AD0005F1E025C5F8E8
:10476000004109E0047804F01F050124AC40054D28
:104770000678761145F8264070BD00000CED00E08B
:1047800000E400E080E100E002490143024A1160D8
:10479000704700000000FA050CED00E000B58BB09A
:1047A00001A8FEF7A6FA08A803F0E0FA03A803F0B0
:1047B0008FFA0121084600F07FFE0121032000F05E
:1047C0006BFE2020019002208DF8080003208DF858
:1047D000090000208DF80A0001208DF80B0001A9C6
:1047E0003C48FEF717FA012205213A48FEF75AFA2B
:1047F00040F60840019002208DF8080003208DF853
:10480000090000208DF80A0001208DF80B0001A995
:104810003148FEF7FFF9012203212F48FEF742FA43
:1048200001220A212C48FEF73DFA01220B212A48D9
:10483000FEF738FA42F20F7009901B20ADF8200005
:104840000020ADF82800ADF822008DF82A0008A954
:104850004FF0804003F048FA6020ADF80C000020D3
:10486000ADF81000ADF818000820ADF81A004001AE
:10487000ADF81C000020ADF81E000120ADF80E00C0
:104880000020059003A94FF0804003F0EDF80020D0
:10489000059003A94FF0804003F02EF90020059009
:1048A00003A94FF0804003F087F90020059003A989
:1048B0004FF0804003F0D0F90121880703F0C4F8DD
:1048C0000121880703F0A8F80121880703F0B0F858
:1048D0000BB000BD000002400004024000B58BB0E8
:1048E00001A8FEF706FA08A803F040FA03A803F0AF
:1048F000EFF90121022000F0DFFD0121032000F08B
:10490000CBFDC020019002208DF8080003208DF817
:10491000090000208DF80A0001208DF80B0001A984
:104920003A48FEF777F9022206213848FEF7BAF92D
:10493000022207213548FEF7B5F903200190022035
:104940008DF8080003208DF8090000208DF80A007A
:1049500001208DF80B0001A92D48FEF75BF902221A
:1049600000212B48FEF79EF9022201212848FEF77C
:1049700099F942F20F7009902920ADF8200000202B
:10498000ADF82800ADF822008DF82A0008A92148CA
:1049900003F0AAF96020ADF80C000020ADF810007B
:1049A000ADF818000820ADF81A004001ADF81C0061
:1049B0000020ADF81E000120ADF80E00002005908B
:1049C00003A9144803F050F80020059003A91148EA
:1049D00003F092F80020059003A90E4803F0ECF8CC
:1049E0000020059003A90B4803F036F9012109487E
:1049F00003F02AF80121074803F00EF801210548C9
:104A000003F016F802F09CFC0BB000BD0000024061
:104A1000000402400004004000B58BB001A8FEF77E
:104A200068F908A803F0A2F903A803F051F90121DD
:104A3000042000F041FD0121022000F02DFDC020E6
:104A4000019002208DF8080003208DF80900002055
:104A50008DF80A0001208DF80B0001A92948FEF706
:104A6000D9F8022206212748FEF71CF90222072165
:104A70002448FEF717F942F20F7009902920ADF88B
:104A800020000020ADF82800ADF822008DF82A00A3
:104A900008A91D4803F028F96020ADF80C0000209B
:104AA000ADF81000ADF818000820ADF81A0040016C
:104AB000ADF81C000020ADF81E000120ADF80E007E
:104AC0000020059003A9104802F0CEFF08210E48EF
:104AD00003F008F803A90C4803F00EF808210A486F
:104AE00003F05CF80121084802F0AEFF01210648FE
:104AF00002F092FF0121044802F09AFF02F020FC2C
:104B00000BB000BD000402400008004030B52DEDA0
:104B1000028B87B0F8E3FD48FD49097810F8315061
:104B2000FB49097800EBC1004478F848F849097856
:104B300000EBC10090ED010AB0EE408AF44909781B
:104B4000481CC11700EB11710911A0EB0111F04ACB
:104B50001170012D39D1032294FBF2F2D0B203225D
:104B600094FBF2F302FB1342D1B2EA4A00924832BC
:104B700001924832029248320392483204924832FB
:104B800005929032069207281EDAB5EEC08AF1EE41
:104B900010FA19DB9FEDE00AB4EEC08AF1EE10FACC
:104BA00012D821B95DF8202082ED028A0CE001299B
:104BB00004D15DF8202082ED038A05E0022903D1AB
:104BC0005DF8202082ED048A18E2022D03D0052D25
:104BD00001D0082D3DD1200904F00F01CF4A0392E6
:104BE000CF4A0492CF4A0592CF4A069204282FDA80
:104BF00006292DDA022D0CD1B5EEC08AF1EE10FA9D
:104C000007DD03AA52F8202002EB810282ED008A20
:104C10001EE0052D0DD1B5EEC08AF1EE10FA08DBCD
:104C200003AA52F82020283202EB810282ED008A8A
:104C30000EE0082D0CD1B5EEC08AF1EE10FA07DBBC
:104C400003AA52F82020403202EB810282ED008A52
:104C5000D4E1062D23D1B548C0790128B4D1042C64
:104C6000B2DAF0EE488AB7EE000AF4EEC08AF1EE4E
:104C700010FA03DDB7EE000AF0EE408ABFEE000A3C
:104C8000F4EEC08AF1EE10FA03D2BFEE000AF0EEA5
:104C9000408AB0EE680A204600F016FEE1E3072DD8
:104CA0000ED1002C90D1B6EE000AB4EEC08AF1EE1F
:104CB00010FA01DB012000E000209D490870D0E3DC
:104CC000032D3CD195480390954804909548059054
:104CD00095480690042C05DA03A850F8240080EDCE
:104CE0001F8A2BE0082C06DA201F03A951F82000A8
:104CF00080ED1E8A22E0082C0FD1B5EEC08AF1EEBD
:104D000010FA1BDBB7EE000AB4EEC08AF1EE10FA1F
:104D100014D8884880ED008A10E0092C0ED1B5EE39
:104D2000C08AF1EE10FA09DBB7EE000AB4EEC08AD1
:104D3000F1EE10FA02D8804880ED008A91E3092D47
:104D40004ED18CB99FED7D0AB4EEC08AF1EE10FA17
:104D5000A4DDB3EE040AB4EEC08AF1EE10FA9DD2DF
:104D6000774880ED008A7CE3012C11D19FED730A16
:104D7000B4EEC08AF1EE10FA90DDB2EE040AB4EEA1
:104D8000C08AF1EE10FA89D26E4880ED008A68E39D
:104D9000022C11D1B0EE080AB4EEC08AF1EE10FA7E
:104DA0008DDB9FED690AB4EEC08AF1EE10FA86D869
:104DB000664880ED008A54E3032CBFD1B0EE080AA8
:104DC000B4EEC08AF1EE10FAB8DB9FED5F0AB4EEE4
:104DD000C08AF1EE10FAB1D85D4880ED008A40E358
:104DE000042D0CD12CB9FEF7F3F9002059490870B5
:104DF00037E3012CA2D10320FDF7A6FE31E30A2DF3
:104E00002CD14A48C079012898D11CB9524880ED6C
:104E1000008A26E3012C03D14F4880ED018A20E36C
:104E2000022C03D14C4880ED028A1AE3032C03D1F3
:104E3000494880ED078A14E3042C94D1B6EE000AA9
:104E400038EE000ABCEEC00A10EE100AC0B208B17B
:104E5000012000E000204049886102E30B2D54D17D
:104E60003248C079012892D11CB93C4880ED008AB3
:104E7000F7E2012C03D1394880ED018AF1E2022CDE
:104E800003D1364880ED028AEBE2032C03D133488C
:104E900080ED038AE5E2042C03D1304880ED048ADA
:104EA000DFE2052C03D12D4880ED058AD9E2062CDE
:104EB00010D1B6EE000A38EE000ABCEEC00A10EEC1
:104EC000100A264908760846007E022887D9022063
:104ED0000876C6E2072C8BD1B6EE000A38EE000A3F
:104EE000BCEEC00A10EE100AC0B2D8B308F00AFF38
:104EF00001201A4948769FED1A0A084680ED070AF4
:104F0000FCF7F8F908F042FFABE230E04C5001202A
:104F100061070020F802002000004843BC4901203E
:104F20005C4A0120FC4A01209C4B012018520120C0
:104F30008C070020A0070020A4070020CDCC4C3D0A
:104F4000900700209407002000007042980700207E
:104F50009C070020B00700205C080020445201207C
:104F600000000000FFE70020FE49487679E20C2DA2
:104F700049D1FD48C079012886D11CB9FB4880ED94
:104F8000008A6EE2012C03D1F84880ED018A68E2C4
:104F9000022C03D1F54880ED028A62E2032C03D192
:104FA000F24880ED038A5CE2042C03D1EF4880EDE7
:104FB000048A56E2052C03D1EC4880ED058A50E2C4
:104FC000062C86D1B6EE000A38EE000ABCEEC00A06
:104FD00010EE100AC0B290B108F094FE0120E3492F
:104FE00008761FED210A084680ED070A1FED240A06
:104FF00080ED080AFCF77EF908F0C8FE31E20020D7
:10500000DA4908762DE2112D5CD1D748C079012804
:10501000ACD11CB9D64880ED008A22E2012C03D124
:10502000D34880ED018A1CE2022C03D1D04880EDE8
:10503000028A16E2032C03D1CD4880ED038A10E2E8
:10504000042C03D1CA4880ED048A0AE2052C03D15E
:10505000C74880ED058A04E2062C10D1B6EE000A9E
:1050600038EE000ABCEEC00A10EE100AC0490876FD
:105070000846007E012884D901200876F1E1072C3A
:1050800085D1B6EE000A38EE000ABCEEC00A10EE7A
:10509000100AC0B290B108F035FE0120B44948763C
:1050A0001FED510A084680ED070A1FED530A80EDF7
:1050B000080AFCF71FF908F069FED2E10020AC49AC
:1050C0004876CEE1122D11D1002C97D1B5EEC08AD1
:1050D000F1EE10FA02D21FED5E0A01E0B0EE480ACE
:1050E000A44880ED000AFCF705F9BAE10D2D04D1C2
:1050F000002C87D1FEF76CF8B3E10F2D3ED1B6EE50
:10510000000A38EE000ABCEEC00A10EE101AC9B24E
:1051100009B1012100E0002108460C2C2BD2DFE868
:1051200004F006090C0F1215181B1E2124279249A2
:10513000087021E0904948701EE08F4988701BE09C
:105140008D49C87018E08C49087115E08A4948718A
:1051500012E0894988710FE08749C8710CE08649DF
:10516000087209E08449487206E08349887203E0C6
:105170008149C87200E000BF00BF72E1132D31D138
:10518000002C9AD1B6EE000A38EE000ABCEEC00A36
:1051900010EE101AC8B2022800D90220764908730E
:1051A000764991ED020A81ED000A1FED930A81ED27
:1051B000010A91ED1C0A81ED1A0A1FED970A81ED93
:1051C0001B0A91ED360A81ED340A1FED9B0A81ED31
:1051D000350A91ED500A81ED4E0A1FED9F0A81EDCF
:1051E0004F0A3EE1142D75D1082C74D2DFE804F08B
:1051F000040F1A1E22262A80B6EE000A38EE000A94
:10520000BCEEC00A10EE100A5D49087083E0B6EEED
:10521000000A38EE000ABCEEC00A10EE100A594926
:10522000087078E0584880ED008A74E0574880EDB7
:10523000008A70E0564880ED008A6CE0554880EDA9
:10524000008A68E0B6EE000A38EE000ABCEEC00A3A
:1052500010EE100AC0B2E0B31FEDBF0A4E4880ED59
:10526000170A1FEDC10A80ED180A1FEDC30A80ED71
:10527000190A1FEDC50A80ED1A0A1FEDC70A80ED55
:10528000150A1FEDC90A80ED160A1FEDCB0A434827
:1052900080ED910A1FEDCE0A80EDA30A1FEDD00A22
:1052A00080ED900A1FEDD20A80EDA20A1FEDD40A0C
:1052B00080EDB40A1FEDD60A80EDC60A3548D0ED60
:1052C000001A334890ED001A3048D0ED000A2E48FD
:1052D00002E00AE020E01DE090ED000A2948017894
:1052E0002748007802F0A2F801E002F055F812E039
:1052F000B6EE000A38EE000ABCEEC00A10EE101A34
:10530000C9B211B1012101E0ACE00021084602F070
:1053100083F800E000BFA4E0152D41D184B9B6EEBA
:10532000000A38EE000ABCEEC00A10EE101AC9B22C
:1053300009B1012100E000210846FDF7F7FF90E0E8
:10534000012C0ED1B0EE480A0020FDF7D7FFB0EED9
:10535000480A0120FDF7D2FFB0EE480A0220FDF70F
:10536000CDFF7EE0445201201852012064520120FA
:1053700088520120AC070020AC4901200C480120D4
:10538000FC000020FD00002000010020040100209E
:10539000080100200C010020AC4D0120F802002083
:1053A000102D33D18CBB9FED350A354880ED170A9F
:1053B0009FED320A80ED180A9FED300A80ED190A40
:1053C0009FED2E0A80ED1A0A9FED2C0A80ED150A3A
:1053D0009FED2A0A80ED160A9FED280A294880EDE4
:1053E000910A9FED260A80EDA30A9FED240A80ED25
:1053F000900A9FED220A80EDA20A9FED200A80ED1F
:10540000B40A9FED1E0A80EDC60A2AE00E2D28D1AF
:105410000CBBB6EE000A38EE000ABCEEC00A10EE75
:10542000100AC0B2C0B10120174908700020FDF772
:105430008BFB012000F0D6F9124890ED6D0ADFEDEC
:10544000130AB4EEE00AF1EE10FA0ADD9FED0B0A42
:10545000002000F039FA04E000200B49087000F049
:10546000C1F900BF0A4800780A49097888427FF4E8
:1054700052AB07B0BDEC028B30BD00000000000055
:10548000AC4D0120F8020020B00700203333B33EBA
:10549000610700206007002029B1064A1268024314
:1054A000044B1A6004E0034A12688243014B1A60FD
:1054B000704700003038024029B1064A12680243A2
:1054C000044B1A6004E0034A12688243014B1A60DD
:1054D000704700004038024029B1064A1268024372
:1054E000044B1A6004E0034A12688243014B1A60BD
:1054F000704700002038024029B1064A1268024372
:10550000044B1A6004E0034A12688243014B1A609C
:10551000704700004438024029B1064A126802432D
:10552000044B1A6004E0034A12688243014B1A607C
:105530007047000024380240F0B50021002200240A
:10554000022500260223324F3F6807F00C0121B1EB
:10555000042905D0082937D105E02E4F076036E031
:105560002D4F076033E02A4F3F1F3F68C7F3805637
:10557000274F3F1F3F6807F03F036EB1264FB7FB31
:10558000F3F7DFF88CC0ACF1040CDCF800C0CCF30E
:10559000881C07FB0CF40CE01E4FB7FBF3F7DFF899
:1055A00070C0ACF1040CDCF800C0CCF3881C07FB25
:1055B0000CF4174F3F1F3F68C7F301477F1C7D0066
:1055C000B4FBF5F7076002E0124F076000BF00BFB1
:1055D0000F4F3F6807F0F0010909104F7A5C076828
:1055E000D74047600A4F3F6807F4E051890A0B4FE4
:1055F0007A5C4768D7408760054F3F6807F4604191
:10560000490B064F7A5C4768D740C760F0BD000081
:10561000083802400024F40000127A00B10700208C
:1056200010B52DED028B04463E480078D8B134B158
:10563000012C08D0022C0AD0032C10D10BE03A48E0
:1056400090ED008A0EE0384890ED018A0AE0364875
:1056500090ED028A06E0344890ED038A02E09FED67
:10566000338A00BF3FE034B1012C11D0022C1CD092
:10567000032C34D126E02E48C08800EE900AF8EEC4
:10568000600AB0EE600A07F02BFEB0EE408A29E017
:105690002748008800EE900AF8EE600AB0EE600A33
:1056A00007F01EFEB0EE408A1CE02148408800EE64
:1056B000900AF8EE600AB0EE600A07F011FEB0EE54
:1056C000408A0FE01A48808800EE900AF8EE600ADF
:1056D000B0EE600A07F004FEB0EE408A02E09FEDF3
:1056E000138A00BF00BFB7EE001AFFEE000AB0EE4B
:1056F000480A07F0DFFDB0EE408A6CB90D4800782B
:1057000050B19FED0D0AB4EEC08AF1EE10FA03DD40
:105710009FED090AB0EE408AB0EE480ABDEC028B5C
:1057200010BD0000280700208C4D01200000000063
:10573000085201208C0700209A9919BF014800786F
:10574000704700002807002010B52DED028B04469D
:105750002048007810B3042C1ED21F4800EB8400B0
:1057600090ED000A14B9DFED1D0A01E0DFED1C0A1F
:10577000B0EE608AB4EEC80AF1EE10FA06DCF1EE83
:10578000480AB4EEE00AF1EE10FA03D20120BDECB3
:10579000028B10BD0020FAE70020F8E72046FFF753
:1057A0003FFF14B9DFED0D0A01E0DFED0D0AB0EEA9
:1057B000608AB4EEC80AF1EE10FA06DCF1EE480A8F
:1057C000B4EEE00AF1EE10FA01D20120DFE700208A
:1057D000DDE70000280700208C4D0120CDCC4C3D9A
:1057E000CDCCCC3D10B50446F4B3BFEE000A2E4834
:1057F00080ED000A2D48C08800EE900AF8EE600A9D
:10580000B0EE600A07F06CFD294880ED000A2748D9
:10581000008800EE900AF8EE600AB0EE600A07F029
:105820005FFD234880ED010A2048408800EE900A81
:10583000F8EE600AB0EE600A07F052FD1C4880EDF9
:10584000020A1A48808800EE900AF8EE600AB0EE6C
:10585000600A07F045FD164880ED030A0A20154945
:1058600008800120144900E001E008701AE00020DF
:10587000114908709FED110A0B4880ED000A9FED59
:105880000F0A80ED010A9FED0D0A80ED020A9FEDDF
:105890000B0A80ED030A00200949087009490870C5
:1058A0000449088010BD00008C4D012008520120E1
:1058B0009C4D012032070020280700200000000036
:1058C000300700203107002010B52DED028B044673
:1058D000B0EE408A042C16D2B7EE001AFFEE000A92
:1058E000B0EE480A07F0E6FC084800EB840080EDC3
:1058F000000A09F06FFA064908600120054908709E
:10590000002005490870BDEC028B10BD8C4D0120B4
:105910002C070020300700203107002070B52DED46
:10592000048B6F48007810B9BDEC048B70BD6D48D6
:10593000007800287DD16C48C08800EE900AF8EE0F
:10594000600AB0EE600A07F0CBFCB0EE408A664811
:10595000008800EE900AF8EE600AB0EE600A07F0E8
:10596000BFFCF0EE408A6048408800EE900AF8EEF6
:10597000600AB0EE600A07F0B3FCB0EE409A5A48F5
:10598000808800EE900AF8EE600AB0EE600A07F038
:10599000A7FCF0EE409A5548008870B15348008843
:1059A000401E52490880524880ED008AC0ED018AAD
:1059B00080ED029AC0ED039A6BE04D4890ED002A0D
:1059C00038EE422AF0EE421AF5EEC01AF1EE10FA65
:1059D00003D2B1EE612AF0EE421A454890ED012A59
:1059E00038EEC20AB5EEC00AF1EE10FA03D2B1EEFB
:1059F000402AB0EE420A3E4890ED022A79EE420A71
:105A0000F5EEC00AF1EE10FA03D2B1EE602AF0EE24
:105A1000420A374890ED032A39EEC21AB5EEC01A91
:105A2000F1EE10FA03D2B1EE412AB0EE421A30483C
:105A300000E02FE080ED008AC0ED018A80ED029A3F
:105A4000C0ED039A9FED2B2AF4EEC21AF1EE10FA84
:105A500014DC9FED282AB4EEC20AF1EE10FA0DDC38
:105A60009FED242AF4EEC20AF1EE10FA06DC9FED57
:105A7000212AB4EEC21AF1EE10FA09DD002018490D
:105A800008701D4908701D4908701D4908704BE7D2
:105A900000BF00BF1848007800B945E709F09AF93F
:105AA000044618480068251AB5F5FA7F16D9002073
:105AB0000B4908709FED140A144880ED000A9FED11
:105AC000120A80ED010A9FED100A80ED020A9FED97
:105AD0000E0A80ED030A01200849087000BF23E781
:105AE00028070020840700200852012032070020E8
:105AF0009C4D0120CDCC4C3D3007002031070020CB
:105B0000B00700202C070020000000008C4D012071
:105B100008B500BF09F05EF900900AE007F07AFAD4
:105B20000448008D401C034908850A21684608F096
:105B300097FAF3E7D051012010B52DED068B774889
:105B40007749096850F82100062861D073487449E4
:105B5000096850F8210008285AD07048704909682F
:105B600050F82100072853D06C486D49096850F857
:105B7000210002284CD069486949096850F8210081
:105B80000C2845D065486649096850F821000D2861
:105B90003ED062486249096850F821000E2837D08B
:105BA0005E485F49096850F821000F2830D05B48F3
:105BB0005B49096850F82100132829D057485849F3
:105BC000096850F82100122822D054485449096825
:105BD00050F8210010281BD050485149096850F84E
:105BE0002100032814D04D484D49096850F8210080
:105BF00006280DD049484A49096850F8210019285B
:105C000006D046484649096850F8210011282DD190
:105C10004448C088A0F57A70002804DD4148C08857
:105C2000A0F57A7003E03F48C088C0F57A70642818
:105C30001DDD3D498988A1F6B83009F01CFE41EC14
:105C40001A0B9FED3A0B53EC102B09F05FFC41EC63
:105C5000190B9FED380B53EC102B09F073FE41EC40
:105C6000180B09F065FB3549C1F8680153E0344869
:105C700090ED000AB5EEC00AF1EE10FA40D13148BD
:105C800090ED000AB5EEC00AF1EE10FA0AD12B48E9
:105C900090ED250A80ED240AB7EE000A294880ED30
:105CA000000A38E0274890ED000AF7EE000AB4EE4B
:105CB000600AF1EE10FA2ED1204890ED2F0AF3EE93
:105CC0000E0AB4EEE00AF1EE10FA04DDB3EE0E0AAD
:105CD00080ED5A0A1FE0194890ED2F0AFBEE0E0ADC
:105CE000B4EEE00AF1EE10FA04D2BBEE0E0A80ED3B
:105CF0005A0A10E0114890ED2F0A80ED5A0A0AE086
:105D00000F4890ED000A0D4880ED5A0A9FED0E0AEB
:105D10000C4880ED000ABDEC068B10BD8008002009
:105D2000B0000020584E0120085201200000000061
:105D300000408F400000000000006940F802002091
:105D4000C8000020AC0000200000000010B52DEDC0
:105D5000088BE148E149096850F8210002285AD02F
:105D6000DD48DE49096850F82100042853D0DA489C
:105D7000DA49096850F821000C284CD0D648D74998
:105D8000096850F821000D2845D0D348D349096847
:105D900050F821000E283ED0CF48D049096850F86D
:105DA00021000F2837D0CC48CC49096850F8210091
:105DB000132830D0C848C949096850F82100122872
:105DC00029D0C548C549096850F82100102822D0BB
:105DD000C148C249096850F8210001281BD0BE48BB
:105DE000BE49096850F82100032814D0BA48BB49BD
:105DF000096850F8210006280DD0B748B74909684E
:105E000050F82100192806D0B348B449096850F861
:105E10002100112873D1B2484088A0F57A7000287B
:105E200004DDAF484088A0F57A7003E0AC484088B4
:105E3000C0F57A70642821DDAA490988A1F6B83036
:105E400009F019FD41EC1B0B9FEDA70B53EC102B38
:105E500009F05CFB41EC1A0B09F05EFA41EC190BFE
:105E60009FEDA30B53EC102B09F06CFD41EC180BCC
:105E700009F05EFAA049C1F818037BE09F4890ED55
:105E8000000AFFEE000AB4EE600AF1EE10FA37D114
:105E90009B4890ED000AB5EEC00AF1EE10FA0AD167
:105EA000954890EDA30A80EDA20AB7EE000A944847
:105EB00080ED000A5EE0904890EDAD0ADFED910ABA
:105EC000B4EEE00AF1EE10FA04DD9FED8E0A80EDEB
:105ED000C60A4FE0884890EDAD0ADFED8B0AB4EEBC
:105EE000E00AF1EE10FA04D29FED870A80EDC60AAF
:105EF00040E0814890EDAD0A80EDC60A3AE0D0E07E
:105F00007E4890ED000AFFEE000AB4EE600AF1EE62
:105F100010FA2FD09FED7D0A794880ED000A77486E
:105F200090ED000A7A4880ED010A90ED010ADFED5C
:105F3000750AB4EEE00AF1EE10FA05DD9FED710A84
:105F40006D4880EDC60A15E0714890ED010ADFED5D
:105F50006E0AB4EEE00AF1EE10FA05D29FED6A0A7D
:105F6000654880EDC60A05E0694890ED010A62487F
:105F700080EDC60A5A480088A0F57A70002804DD32
:105F800057480088A0F57A7003E055480088C0F5AE
:105F90007A70642821DD53494988A1F6B83009F0A8
:105FA0006AFC41EC1B0B9FED500B53EC102B09F0DE
:105FB000ADFA41EC1A0B09F0AFF941EC190B9FED6A
:105FC0004C0B53EC102B09F0BDFC41EC180B09F005
:105FD000AFF94949C1F8D0027AE04E4890ED000A85
:105FE000FFEE000AB4EE600AF1EE10FA36D14A482C
:105FF00090ED000AB5EEC00AF1EE10FA0AD13E4863
:1060000090ED910A80ED900AB7EE000A424880EDCB
:10601000000A5DE0384890ED9B0ADFED3A0AB4EEE5
:10602000E00AF1EE10FA04DD9FED360A80EDB40AC5
:106030004EE0314890ED9B0ADFED330AB4EEE00A02
:10604000F1EE10FA04D29FED300A80EDB40A3FE081
:10605000294890ED9B0A80EDB40A39E02D4890ED77
:10606000000AFFEE000AB4EE600AF1EE10FA2FD03B
:106070009FED260A284880ED000A264890ED000A88
:10608000234880ED000A90ED000ADFED1E0AB4EE11
:10609000E00AF1EE10FA05DD9FED1A0A164880EDD0
:1060A000B40A15E01A4890ED000ADFED170AB4EEC5
:1060B000E00AF1EE10FA05D29FED130A0E4880EDCA
:1060C000B40A05E0124890ED000A0B4880EDB40ACE
:1060D000BDEC088B10BD000080080020B00000203F
:1060E000584E0120085201200000000000408F405F
:1060F0000000000000005940F8020020C400002009
:10610000A800002000004842000048C20000000033
:10611000944E0120C0000020A4000020002005496A
:10612000086008460068801E034908600020014995
:1061300008607047B0000020B400002010B57D4812
:106140007D49096850F82100042862D003DCE0B3DF
:1061500001287CD185E00B2802D00C28F9D17FE002
:10616000764800680B2824D0754890ED910A80EDA0
:10617000900A90EDA30A80EDA20A90ED250A80ED29
:10618000240A90ED6D0A80ED6C0ABFEE000A6D489E
:1061900080ED000ABFEE000A6B4880ED000A9FED1B
:1061A0006B0A6B4880ED000A9FED680A694880ED34
:1061B000000A604960480068401C51F8200014281B
:1061C00004D301206449087003E003E00020624921
:1061D000087067E09FED610A594880ED6C0A90ED08
:1061E0006D0ADFED5F0AB4EEE00AF1EE10FA0FDBA4
:1061F00090ED6D0AF6EE080AB4EEE00AF1EE10FA40
:1062000006D800214B4A4C480068401C42F8201038
:1062100048E04A480068042808D0494890EDA30A9D
:1062200080EDA20A90ED910A80ED900A9FED470A59
:106230004C4880ED040A01204B490860BFEE000A7B
:10624000404880ED000ABFEE000A3F4800E028E029
:1062500080ED000A9FED3D0A3E4880ED000A21E0F6
:1062600020E09FED3A0A364880ED6C0A01203F4954
:106270000870334890ED6D0ADFED3D0AB4EEE00A98
:10628000F1EE10FA0CD800212A4A2B480068401C75
:1062900042F820100020374908700220FCF754FC17
:1062A00000E000BF00BF23482349096850F82100DF
:1062B000224908601F4920480068401C51F820000E
:1062C000B0F57A7F0AD81C480068401C51F82000BD
:1062D0000A2803D301202849087002E0002026493B
:1062E0000870144914480068401C51F82000052823
:1062F0000BD311480068401C51F82000401F0A468B
:106300000D490968491C42F821000A490A480068F9
:10631000401C51F820000A280AD80748006817498D
:106320000968884204D204480068801C0249086059
:1063300010BD000080080020B0000020F000002008
:10634000F8020020C0000020C4000020000000006F
:10635000CC000020C8000020BE0000203333333FB3
:106360006666263FA00B0020D4000020BF0000205E
:10637000CDCC4C3EBC000020BD000020B40000206D
:1063800000B5002002490860FFF7C8FE00BD00000C
:10639000B000002021B1028842F04002028004E0F7
:1063A00002884FF6BF731A400280704700B587B06D
:1063B00001210620FFF770F801218803FFF77CF820
:1063C00005220D213B48FCF76DFC052202213A48CD
:1063D000FCF768FC052203213748FCF763FC4FF407
:1063E0000050009002208DF8040003208DF8050075
:1063F00000208DF8060001208DF8070069462D4821
:10640000FCF708FC0420009069462B48FCF702FCCE
:106410000820009069462848FCF7FCFB274800F05C
:106420004FF80820ADF814000020ADF81000ADF8CA
:106430000E000720ADF818004FF40060ADF80C0016
:106440000020ADF80800ADF816004FF48270ADF8EA
:106450000A004FF40070ADF8120002A9174800F0CE
:1064600087F801211548FFF795FF01210420FFF768
:1064700013F801210420FFF70FF8102000900120ED
:106480008DF8040000208DF8060069460A48FCF7E4
:10649000C1FB2020009069460748FCF7BBFB102198
:1064A0000548FCF724FC20210348FCF720FC07B03A
:1064B00000BD000000040240000802400038004017
:1064C00010B504462448844208D101218014FFF706
:1064D00023F80021A014FFF71FF83CE01F48844276
:1064E00008D101210014FEF7F7FF00212014FEF768
:1064F000F3FF30E01A48844208D10121C013FEF7AF
:10650000EBFF0021E013FEF7E7FF24E0154884428B
:1065100008D101214014FEF7FFFF00216014FEF7AF
:10652000FBFF18E01048844209D101210805FEF75D
:10653000F3FF00214FF48010FEF7EEFF0BE00B4855
:10654000844208D101214805FEF7E6FF00214FF4FF
:106550000010FEF7E1FF10BD0030014000380040A0
:10656000003C004000340140005001400054014014
:1065700010B50022028802F441520B884C88234354
:106580008C882343CC8823430C8923434C892343A1
:106590008C892343CC8923431A430280838B4FF297
:1065A000FF74234083830B8A038210BD2DE9F047DB
:1065B00092B00024A146AA20FE490870BB20487072
:1065C000FD48C07A00287DD000F0F2FE82464FF0F0
:1065D00024080320F74988704FEA2820C87008462D
:1065E00080F80480062048710624F4480278214689
:1065F000641CF0484254F1480088C0F30722214649
:10660000641CEC484254ED480068C0F30742214640
:10661000641CE8484254E9480068010E2246641CA4
:10662000E44881542146641C00F801A0E4480E901F
:1066300068300F9068301090683011900AF00300B5
:106640000EA951F8207097ED030A8DED090A97ED18
:10665000020A8DED0A0A97ED170A8DED0B0A97EDE8
:10666000180A8DED0C0A97ED000A8DED0D0A002633
:1066700023E009A810F826202046611C8CB2CD49E1
:106680000A5409A800EB860042782046611C8CB2AF
:10669000C8490A5409A800EB860082782046611C8C
:1066A0008CB2C4490A5409A800EB8600C27820467F
:1066B000611C8CB2BF490A54761C052ED9DB00F050
:1066C0007DFE00E059E08DED080A9DF8202020466F
:1066D000611C8CB2B7490A549DF821202046611CE8
:1066E0008CB2B4490A549DF822202046611C8CB219
:1066F000B0490A549DF823202046611C8CB2AD4954
:106700000A54B04890ED000A8DED080A9DF820204B
:106710002046611C8CB2A7490A549DF821202046CE
:10672000611C8CB2A3490A549DF822202046611CAA
:106730008CB2A0490A549DF823202046611C8CB2DB
:106740009C490A54A04882792046611C8CB2994920
:106750000A549D48C2792046611C8CB295490A545E
:1067600000F038FE2146621C94B2924A505493487D
:106770000068401C91490860A8E29448007805210F
:1067800090FBF1F201FB120000287DD027200121AF
:10679000884A91700112D170114608710621517119
:1067A0000624874890ED040A8DED0A0A90ED180A38
:1067B0008DED0B0A90ED1E0A8DED0C0A90ED320A5C
:1067C0008DED0D0A90ED380A8DED0E0A90ED4C0A14
:1067D0008DED0F0A90ED520A8DED100A90ED660ACC
:1067E0008DED110A002523E00AA810F82520204687
:1067F000611C8CB26F490A540AA800EB85004278EC
:106800002046611C8CB26B490A540AA800EB850033
:1068100082782046611C8CB266490A540AA800EBB3
:106820008500C2782046611C8CB262490A546D1CF6
:10683000082DD9DB644882792046611C8CB25D4901
:106840000A546148C2792046611C8CB259490A54E5
:106850005F4802782046611C8CB256490A545D4854
:10686000806908B1012200E000222046611C8CB240
:1068700050490A54584802782046611C8CB24D4950
:106880000A54FEF75BFF00E00BE02146621C94B265
:10689000484A505406222046611C8CB245490A548D
:1068A00014E244261A2000EB860702204149887032
:1068B0003812C8700F71062048710624474BD3E97F
:1068C00001211868DB68CDE91013CDE90E02002024
:1068D00098E000252FE00EA951F820102C3111F876
:1068E00025302146621C94B2324A53540EA951F805
:1068F00020102C3101EB85014B782146621C94B2AB
:106900002C4A53540EA951F820102C3101EB85016B
:106910008B782146621C94B2264A53540EA951F832
:1069200020102C3101EB8501CB782146621C94B2FA
:10693000204A53546D1C062DCDDB0EA951F82010B2
:1069400091F85C302146621C94B21A4A53540EA945
:1069500051F8201091F85D302146621C94B2154A1E
:1069600053540EA951F8201091F85E302146621C54
:1069700094B2104A53540EA951F8201091F85F3088
:106980002146621C94B20B4A53540EA951F82010B0
:106990000B782146621C94B2064A53540EA951F852
:1069A00020104B782146621C94B2024A53540EA91F
:1069B00016E00000F40B0020AC490120F800002094
:1069C0000C4801206C00002018520120F400002027
:1069D000840700205C080020A80700201801010897
:1069E00051F820108B782146621C94B2D14A53543E
:1069F0000EA951F82010CB782146621C94B2CD4AE2
:106A00005354401C0428FFF664AF3022CA4902A840
:106A1000F9F79BFD002570E002A850F825000279E7
:106A20002146601C84B2C348425402A850F8250095
:106A300042792046611C8CB2BE490A5402A850F823
:106A4000250082792046611C8CB2BA490A5402A8FA
:106A500050F82500C2792046611C8CB2B5490A5411
:106A600002A850F8250002782046611C8CB2B1497A
:106A70000A5402A850F8250042782046611C8CB2C6
:106A8000AC490A5402A850F8250082782046611CBF
:106A90008CB2A8490A5402A850F82500C2782046B2
:106AA000611C8CB2A3490A5402A850F8250090F842
:106AB0002C202146601C84B29E48425402A850F803
:106AC000250090F82D202046611C8CB299490A546B
:106AD00002A850F8250090F82E202046611C8CB2A8
:106AE00094490A5402A850F8250090F82F20204617
:106AF000611C8CB28F490A546D1C0C2D8CDB00205C
:106B00008E49497E09B102200DE08D49097E09B107
:106B1000032008E08B49497E09B1042003E08A493B
:106B2000896901B101202146621C94B2814A505406
:106B3000854991ED000A8DED010A9DF8043021464A
:106B4000621C94B27B4A53549DF805302146621C66
:106B500094B2784A53549DF806302146621C94B290
:106B6000744A53549DF807302146621C94B2714A0E
:106B70005354754991ED010A8DED010A9DF80430D9
:106B80002146621C94B26B4A53549DF8053021464D
:106B9000621C94B2674A53549DF806302146621C29
:106BA00094B2644A53549DF807302146621C94B253
:106BB000604A5354644991ED020A8DED010A9DF833
:106BC00004302146621C94B25A4A53549DF8053051
:106BD0002146621C94B2574A53549DF80630214610
:106BE000621C94B2534A53549DF807302146621CEC
:106BF00094B2504A5354514991ED070A8DED010A60
:106C00009DF804302146621C94B24A4A53549DF8C0
:106C100005302146621C94B2464A53549DF8063012
:106C20002146621C94B2434A53549DF807302146D2
:106C3000621C94B23F4A5354414991ED070A8DEDCD
:106C4000010A9DF804302146621C94B2394A53541B
:106C50009DF805302146621C94B2364A53549DF883
:106C600006302146621C94B2324A53549DF80730D4
:106C70002146621C94B22F4A535434490B78214662
:106C8000621C94B22B4A5354314991ED000A8DEDA8
:106C9000010A9DF804302146621C94B2254A5354DF
:106CA0009DF805302146621C94B2224A53549DF847
:106CB00006302146621C94B21E4A53549DF8073098
:106CC0002146621C94B21B4A535400BF4FF0000986
:106CD000022504E01748405D80EA09096D1CA542C1
:106CE000F8DB2046611C8CB2124901F8009019486B
:106CF0000078401C1749087000BF1748FBF7B2FB2B
:106D00000028FAD115491448FBF7D0FA002112489F
:106D1000FBF7E6FA074810490C3108600E48B8380E
:106D2000C0F8BC4001210C48FBF7DAFA12B0BDE80C
:106D3000F0870000F40B00202801010844520120D4
:106D400064520120885201205C080020A80700201E
:106D50006C000020F4000020B86002400080002891
:106D600008B508F037F800901EE01048C07A50B11E
:106D7000FFF71CFCFDF7CAFE052007F037F908F005
:106D800029F800900BE006F0D1FAFFF70FFCFDF7B1
:106D9000BDFE06F003FF0A21684607F061F90448CA
:106DA000808D401C02498885DFE70000AC49012046
:106DB000D051012010B52DED048BFCF7B3F8BF487E
:106DC00090ED000ABE48D0ED000A30EE600AF7EE02
:106DD000000A20EE200AB94880ED000AB94890ED7B
:106DE000000AB948D0ED000A30EE600AF7EE000A5A
:106DF00020EE200AB34880ED000AB44890ED000A66
:106E0000B348D0ED000A30EE600AF7EE000A20EE3B
:106E1000200AAE4880ED000AAE4890ED000AAE4868
:106E2000D0ED000A30EE600AF7EE000A20EE200AEC
:106E3000A84880ED000AA94890ED000AA848D0EDC6
:106E4000000A30EE600AF7EE000A20EE200AA3489E
:106E500080ED000AA34890ED000AA348D0ED000A97
:106E600030EE600AF7EE000A20EE200A9D4880ED21
:106E7000000A984890ED000A9C4880ED000A974867
:106E800090ED000A9A4880ED000A964890ED000ABD
:106E9000984880ED000A894890ED000A964880EDF8
:106EA000000A884890ED000A944880ED000A87485F
:106EB00090ED000A924880ED000A864890ED000AA5
:106EC000904880ED080A854890ED000A8D4880EDD5
:106ED000120A844890ED000A8A4880ED1C0AFAF7ED
:106EE0002FFB88482830FAF72BFB86485030FAF7FA
:106EF00027FB844890ED090A764880ED000A814816
:106F000090ED130A754880ED000A7E4890ED1D0A49
:106F1000744880ED000A694890ED000A794880EDD8
:106F2000240A684890ED000A764880ED2C0A6748EC
:106F300090ED000A734880ED340A7830FAF7C2FA0F
:106F400070489830FAF7BEFA6E48B830FAF7BAFAD5
:106F50006C4890ED250A594880ED000A694890ED8B
:106F60002D0A584880ED000A664890ED350A5748CA
:106F700080ED000ADFED640A564890ED000AFCF748
:106F800011FE544880ED000ADFED5F0A534890ED92
:106F9000000AFCF707FE514880ED000ADFED5A0AAF
:106FA000504890ED000AFCF7FDFD4E4880ED000AC8
:106FB000484890ED000ADFED550A20EE200A5448BB
:106FC00080ED000A454890ED000ADFED500A20EE02
:106FD000200A504880ED000A424890ED000ADFED9B
:106FE0004B0A20EE200A4C4880ED000A334890ED11
:106FF000000A4A4880ED000A324890ED000A4848ED
:1070000080ED000A314890ED000A464880ED000A04
:10701000424890ED000A20EE000A4148D0ED000AF7
:1070200090ED001A00EE810A3E48D0ED000A90ED86
:10703000001A00EE810A10EE101A084608F078FFD8
:1070400041EC190BB0EE490AF0EE690A04F0E8F8D9
:10705000B0EE408AF0EE608A51EC180B08F068F947
:1070600031490860084690ED000ADFED300AB4EEC1
:10707000E00AF1EE10FA03DD01202D49087019E055
:10708000234890ED000ADFED2B0AB4EEE00AF1EEA2
:1070900010FA08D290ED000ADFED270AB4EEE00AFC
:1070A000F1EE10FA03DC01202149087002E0002013
:1070B0001F490870BDEC048B10BD0000900100203A
:1070C000C001002094010020C4010020980100208C
:1070D000C80100209C010020CC010020A00100205C
:1070E000D0010020A4010020D40100203C02002097
:1070F0004002002044020020480200204C020020F0
:1071000050020020F40D00206F12033B39FA8E3C30
:10711000B4010020B8010020BC010020A80100201B
:10712000AC010020B0010020F8010020002023461F
:10713000FC0100200000FA440000FAC410B5044627
:1071400024B90021044800F0CDFD04E04FF47A7129
:10715000014800F0C7FD10BD000800400CB500203C
:10716000019000903448006840F480303249086053
:1071700000BF3148006800F4003000900198401CC6
:107180000190009818B90198B0F5A04FF1D12A48A4
:10719000006800F4003010B10120009001E00020F0
:1071A00000900098012846D123484030006840F004
:1071B00080502149403108602048006840F4404038
:1071C0001E4908601C48083000681B4908310860E7
:1071D0000846006840F4004008600846006840F433
:1071E000A05008601648091F0860081F006840F09A
:1071F0008070091F086000BF0F48006800F0007031
:107200000028F9D040F205700E4908600A4808309D
:10721000006820F00300084908310860084600684B
:1072200040F00200086000BF03480830006800F02A
:107230000C000828F8D10CBD003802400070004056
:1072400008544007003C024040F6660005490860CB
:10725000044908310860091D08600249091D0860D9
:1072600070470000340400403348B0F90000B0F526
:10727000FA6F03DA4FF4FA602F4908802E48B0F90C
:107280000000B0F57A6F03DD4FF47A602A49088078
:107290002948B0F90000294908602748B0F90200E0
:1072A000B0F5FA6F03DA4FF4FA60234948802248B8
:1072B000B0F90200B0F57A6F03DD4FF47A601E4931
:1072C00048801D48B0F902001C49083108601A487E
:1072D000B0F90400B0F5FA6F03DA4FF4FA6016491A
:1072E00088801548B0F90400B0F57A6F03DD4FF4DB
:1072F0007A60114988801048B0F904000F490C31B8
:1073000008600D48B0F90600B0F5FA6F03DA4FF4E3
:10731000FA600949C8800848B0F90600B0F57A6FEC
:1073200003DD4FF47A600449C8800348B0F90600D1
:107330000249091D086070473A07002034040040E4
:107340004FF4FA6005490860044908310860091DD6
:1073500008600249091D08607047000034040040BD
:1073600008B500BF07F036FD0090FCF72DFD9FED3E
:10737000080AFBF783FF0AE006F04AF90548C08CCB
:10738000401C0449C8840521684606F069FEF3E7FD
:1073900000004843D051012010B50448007800B9DE
:1073A00010BD06F091FA00BFFAE70000E8060020E1
:1073B0000148007870470000E9060020014890ED80
:1073C000000A704708070020014991ED000A704744
:1073D000080700200148007870470000E8060020F8
:1073E00001460B480078814201D0002070470948CF
:1073F0000078012807D007480078022803D0054804
:107400000078032801D10120F0E70020EEE700001A
:10741000E9060020E806002008B1012100E0002173
:10742000014A1170704700001C0700202DE9F0414F
:107430002DED0A8B05460F46B0EE408AF0EE609ABD
:10744000F0EE418AB0EE619AB148007820B1002098
:10745000BDEC0A8BBDE8F081002D01DB032D01DDC1
:107460000020F5E7032D01D10020F1E7A94880793C
:1074700008B90020ECE7A748C079012801D0002016
:10748000E6E7A54890ED6D0ADFEDA40AB4EEE00A48
:10749000F1EE10FA08D390ED6D0AF7EE080AB4EE9B
:1074A000E00AF1EE10FA01DD0020D1E79C480078F7
:1074B000C0B1994890ED910AB0EEC00ADFED990A8B
:1074C000B4EEE00AF1EE10FA0ADC90EDA30AB0EE99
:1074D000C00ADFED940AB4EEE00AF1EE10FA01DD25
:1074E0000020B5E79FED900AB4EEC08AF1EE10FAE5
:1074F00003D29FED8D0AB0EE408AF4EEC89AF1EE09
:1075000010FA01D2F0EE489A284606F0BFF9B0EE24
:1075100040AAF5EEC08AF1EE10FA03D2B1EE680A85
:10752000F0EE408AF4EECA8AF1EE10FA01DDF0EED8
:107530004A8AB7EE000AB4EEC09AF1EE10FA03D20E
:10754000B7EE000AB0EE409A9FED780AB4EEC09A0A
:10755000F1EE10FA03DD9FED750AB0EE409A744823
:10756000057074480770744880ED008A7348C0ED58
:10757000009A7348C0ED008A724880ED009A9FED32
:10758000720A724880ED000A9FED6F0A704880ED24
:10759000000A9FED6D0A6F4880ED000A5E4890ED8D
:1075A000910A6D4880ED000A5B4890EDA30A6B4894
:1075B00080ED000A584890ED6D0A694880ED000A98
:1075C000002444E000EE104AB8EEC00AF3EE030ACD
:1075D00080EE201AF0EE41AA89EE880AB0EE40BA99
:1075E000F0EE6A0A03F0BCF920EE080A5D4800EBF1
:1075F000840080ED000A00EE104AB8EEC00ADFED0C
:107600005A0A60EE200A00EE104AB8EEC00A20EED8
:10761000800AF3EE040A80EE201A544800EB84003E
:1076200080ED001A4F4800EB840090ED000AC0EE98
:10763000080AB0EE60BAF7EE000AB0EE4B0A03F0AB
:107640008FF94B4800EB840080ED000A641C142C79
:10765000B8DBB2EE000AB4EEC09AF1EE10FA02D234
:10766000B0EE490A01E0B2EE000AB0EE40CA9FED6A
:1076700041BADFED35AA38E09FED330AF0EE40BAAB
:1076800000261FE0394800EB8600D0ED000A35489F
:1076900000EB860090ED001ADFED371A21EE211A7B
:1076A00041EE2A0AB0EE600A03F0F2FC304800EB2B
:1076B000860090ED001AF0EE6B0A41EE000AF0EE43
:1076C00060BA761C142EDDDBB0EEEB0AB4EECB0A0A
:1076D000F1EE10FA03DDB0EEEB0AB0EE40BA9FED2A
:1076E000270A3AEE800AF0EE40AAF4EECCAAF1EEB8
:1076F00010FAC1D99FED220A2BEE000A214880ED35
:10770000000A01202049C8720149087000BF9FE6A5
:10771000E806002018520120F80200209A99993EAC
:107720001C07002000004842CDCCCC3D0000704238
:10773000E9060020EA060020EC060020F006002002
:10774000F4060020F806002000000000FC060020DF
:1077500004070020080700200C0700201007002065
:10776000140700203C4C0120DB0F49C08C4C012049
:10777000DC4C0120BD378635DB0FC9406F12033B5F
:107780006666863F18070020AC49012010B52DED34
:10779000028B2A48007838B99FED290A294880EDE4
:1077A000000ABDEC028B10BD24480078042819D1D2
:1077B0009FED230A234880ED000A234890ED000A3C
:1077C000DFED220A30EE200A80ED000A90ED000A7B
:1077D000F0EE000AB4EEE00AF1EE10FA01DB06F07A
:1077E0001FF9DEE705F0CEFF10B106F06DF8D8E71F
:1077F000174890ED000ADFED150A30EE200A80ED03
:10780000000A06F091F8B0EE408AB5EEC08AF1EEBB
:1078100010FA02D206F004F9C3E706F015F9F0EE0B
:10782000408A0C4890ED000A28EE000A20EE280A53
:10783000044880ED000A00BFB3E70000E80600201E
:107840000000000008070020000700200AD7A33B23
:10785000FC060020F406002010B507F0ABFA012862
:1078600001D006F02DFF10BD10B54448408C4349AF
:107870000882002048840846808C48820020888442
:107880000846C08C88820020C8840846008DC882C3
:10789000002008850846408D08830020488508465A
:1078A000808D4883002088850846C08D888300200D
:1078B000C8850846008EC883002008860846408E8A
:1078C0000884002048862E4890ED6D0AB5EEC00A67
:1078D000F1EE10FA0FD14FF400612A48FBF707FAD6
:1078E0004FF480512748FBF702FA4FF48071264885
:1078F000FBF7FBF941E02148808B0A280FDA4FF4AF
:1079000000612048FBF7F1F94FF480511D48FBF767
:10791000ECF94FF480711C48FBF7E7F92DE01B48A8
:1079200090ED070AB5EEC00AF1EE10FA16D190ED0F
:10793000060AB5EEC00AF1EE10FA0FD14FF400615D
:107940001048FBF7D4F94FF480510E48FBF7CDF9FE
:107950004FF480710C48FBF7CAF90EE04FF4006158
:107960000848FBF7C2F94FF480510648FBF7BFF90E
:107970004FF480710448FBF7BAF910BDD0510120D3
:10798000F80200200000024000080240944E01204E
:1079900010B51548006840F470001349086013489A
:1079A000006840F001001149086000200F490831CB
:1079B00008600E4800680E4908400C4908600D48F0
:1079C000091D0860081F006820F48020091F086056
:1079D000002006490C310860FFF7C0FB4FF0006043
:1079E00001498039086010BD88ED00E00038024090
:1079F000FFFFF6FE1030002408B500BF07F0EAF9DB
:107A0000009008E0FFF730FFFBF7B2FB4FF47A710C
:107A1000684606F025FBF5E721B1028842F08002B6
:107A2000028004E002884FF67F731A40028070479C
:107A300021B1028842F00102028004E002884FF680
:107A4000FE731A400280704731B1B0F8442042F40E
:107A50000042A0F8442005E0B0F84420C2F30E0232
:107A6000A0F844207047000070B5002400220023D5
:107A7000058C4FF6FE7635400584028C8388048B96
:107A80004FF68F752C40B51E2C400D882C43751E6B
:107A90002A408D892A434D882A43104DA84202D09E
:107AA0000F4DA84213D14FF6F7752A40CD892A43CE
:107AB0004FF6FB752A408D882A434FF6FF652B4011
:107AC0004FF6FF552B400D8A2B434D8A2B43838065
:107AD00004838D684563028470BD0000000001408E
:107AE000000401400A460021018B4FF6F77319404C
:107AF000114301837047000070B500240022002369
:107B0000058C4FF6EF7635400584028C8388048B14
:107B100048F6FF752C404FF6FF452C400D884FF678
:107B2000FF7606EA05252C434FF6DF752A408D893E
:107B300006EA05152A434D8806EA05152A43154D20
:107B4000A84202D0144DA8421DD14FF67F752A409D
:107B5000CD894FF6FF7606EA05152A434FF6BF7525
:107B60002A408D8806EA05152A434FF6FF352B403B
:107B70004FF2FF752B400D8A06EA85052B434D8A8F
:107B800006EA85052B43838004838D688563028420
:107B900070BD000000000140000401400A460021C1
:107BA000018B4FF2FF7319404FF6FF7303EA022374
:107BB000194301837047000070B5002400220023A0
:107BC000058C4FF6FF6635400584028C8388848BD4
:107BD0004FF68F752C404FF6FC752C400D882C43CA
:107BE0004FF6FF552A408D894FF6FF7606EA0525A8
:107BF0002A434D8806EA05252A43154DA84202D09E
:107C0000144DA8421DD14FF2FF752A40CD894FF681
:107C1000FF7606EA05252A434FF6FF352A408D8870
:107C200006EA05252A434EF6FF752B404DF6FF75F3
:107C30002B400D8A06EA05152B434D8A06EA0515E9
:107C40002B43838084838D68C563028470BD0000EC
:107C5000000001400004014070B500220023002410
:107C6000058C4EF6FF7635400584038C8488828B24
:107C700048F6FF752A404FF6FF452A400D884FF61B
:107C8000FF7606EA05252A434DF6FF752B408D89C0
:107C900006EA05352B434D8806EA05352B430A4D88
:107CA000A84202D0094DA84208D14BF6FF752C40DE
:107CB0000D8A4FF6FF7606EA85152C438480828371
:107CC0008D680564038470BD00000140000401401C
:107CD000002101804180818081608181C181018298
:107CE00041827047C163704700220288184B984256
:107CF0000ED0184B98420BD0B0F1804F08D0164BE5
:107D0000984205D0154B984202D0154B984204D1A9
:107D10004FF68F731A404B881A43124B984207D084
:107D2000114B984204D04FF6FF431A400B891A4377
:107D300002804B68C3620B880385054B984202D0D2
:107D4000044B984201D18B7A0386012383827047CA
:107D50000000014000040140000400400008004011
:107D6000000C004000100040001400404FF0FF31B4
:107D700041600021018001814180817270470000D3
:107D800000B5A5B001215C48FDF786FB0121C804C0
:107D9000FDF792FB082200215848FAF783FF0822DA
:107DA00001215648FAF77EFF03201F9002208DF82C
:107DB000800000208DF8820003208DF881000120D2
:107DC0008DF883001FA94D48FAF724FF34208DF861
:107DD000780000208DF879008DF87A0001208DF868
:107DE0007B001EA8FCF794FC4FF4E13021900020AA
:107DF000ADF88800ADF88A00ADF88C000C20ADF825
:107E00008E000020ADF8900021A93D4800F07AFCDA
:107E1000012240213A4800F0A3FB0122802138488A
:107E200000F09EFB012240F22441354800F044FC62
:107E30000121334800F088FB3248FAF75DFA4FF031
:107E400000600F902E48001D10902F4811900020C8
:107E5000129080201390002014904FF480601590B1
:107E60000020169017904FF4807018904FF4403017
:107E7000199000201A9003201B9000201C901D9048
:107E80000FA92048FAF742FB01211E48FAF728FA09
:107E90001C483030FAF730FA00BF1A483030FAF791
:107EA000D7FA0128F9D04FF0006000901448001D67
:107EB0000190002002904020039000200490059043
:107EC0004FF48060069000200790089009904FF4CE
:107ED00040300A9000200B900C900D900E90694657
:107EE00008483030FAF712FB002106483030FAF724
:107EF000F7F925B000BD000001002000000002409D
:107F0000004C0040406002404C4F012010B540F250
:107F100024410F4800F0A6FBC8B10D4800880D4968
:107F200008800B48001D008808800B4800F054FCB6
:107F30000446002C0ADDFBF703FA802C01D1FAF786
:107F400011FB0648C08D401C0449C88500BF10BD08
:107F5000004C00408000002044070020D051012048
:107F600000B5A5B001214805FDF796FA01210805E5
:107F7000FDF7A2FA01210420FDF78EFA0121082065
:107F8000FDF78AFA08220C216048FAF78BFE0822D6
:107F900002215F48FAF786FE4FF480501F900220BE
:107FA0008DF880008DF8810000208DF8820001207E
:107FB0008DF883001FA95548FAF72CFE04201F9066
:107FC00002208DF880008DF8810001208DF882005C
:107FD00000208DF883001FA94D48FAF71BFE3520BD
:107FE0008DF8780002208DF8790000208DF87A0055
:107FF00001208DF87B001EA8FCF78AFB4FF4E130CE
:1080000021900020ADF88800ADF88A00ADF88C0012
:108010000C20ADF88E000020ADF8900021A93D485D
:1080200000F070FB012240213A4800F099FA012249
:108030008021384800F094FA012240F2244135486A
:1080400000F03AFB0121334800F07EFA3248FAF79B
:1080500053F94FF000600F902E48001D10902F48EC
:1080600011900020129080201390002014904FF463
:10807000806015900020169017904FF48070189033
:108080004FF44030199000201A9003201B900020DC
:108090001C901D900FA92048FAF738FA01211E48BC
:1080A000FAF71EF91C48A830FAF726F900BF1A485B
:1080B000A830FAF7CDF90128F9D04FF00060009010
:1080C0001448001D019000200290402003900020E1
:1080D000049005904FF4806006900020079008906F
:1080E00009904FF440300A9000200B900C900D90B6
:1080F0000E9069460848A830FAF708FA00210648A9
:10810000A830FAF7EDF825B000BD000000080240E5
:10811000000C02400050004010600240CC50012092
:1081200010B540F224410D4800F09CFAA0B10B4874
:1081300000880B490880094880880880094800F0B9
:108140004BFB0446002C06DDFBF78AF90648008E3F
:10815000401C0549088600BF10BD000000500040CB
:108160008000002068070020D051012000B587B0B2
:1081700001210846FDF790F901211020FDF7BCF917
:1081800025208DF8000000208DF801008DF80200F8
:1081900001208DF803006846FCF7BAFA07220A218D
:1081A0001D48FAF77FFD4FF48060019002208DF8A2
:1081B000080000208DF80A0003208DF80900002037
:1081C0008DF80B0001A91448FAF724FD134800F0BC
:1081D000D1F9134803900020ADF810004FF400507F
:1081E000ADF81200C010ADF814000420ADF8160070
:1081F0000020ADF8180003A9084800F083FA012216
:1082000040F22551054800F057FA0121034800F0DB
:108210009BF907B000BD00000000024000100140C3
:10822000A086010010B540F225510A4800F01AFA64
:1082300078B140F22551074800F077F90548808869
:10824000C4B22046FAF78CFB0348408D401C02491B
:10825000488510BD00100140D051012000B587B005
:1082600001212748FDF718F901214804FDF724F9F9
:10827000072202212348FAF715FD0722032121488E
:10828000FAF710FD0C20019002208DF808008DF8FF
:10829000090000208DF80A0001208DF80B0001A9CB
:1082A0001848FAF7B7FC26208DF8000000208DF85A
:1082B00001008DF8020001208DF803006846FCF7EC
:1082C00027FA114803900020ADF81000ADF8120015
:1082D000ADF814000C20ADF816000020ADF8180021
:1082E00003A90A4800F00EFA012240F2255107487E
:1082F00000F0E2F90121054800F026F907B000BDC1
:10830000010020000000024020A1070000440040BE
:1083100010B51048008800F0080018B10D48001D85
:108320000088C4B240F225510A4800F09BF980B1A0
:1083300040F22551074800F0F8F80648001D008873
:10834000C4B22046F8F75CFC0348808D401C02490B
:10835000888510BD00440040D051012000B597B081
:1083600001216348FDF798F801218804FDF7A4F87E
:1083700007220A215F48FAF795FC07220B215D4886
:10838000FAF790FC4FF44060119002208DF84800FD
:1083900000208DF84A0003208DF8490000208DF858
:1083A0004B0011A95348FAF735FC27208DF84000FF
:1083B00000208DF8410001208DF842008DF8430027
:1083C00010A8FCF7A5F90E208DF8400000208DF8CC
:1083D000410007208DF8420001208DF8430010A8CD
:1083E000FCF796F9444800F0C5F84FF41650139086
:1083F0000020ADF85000ADF85200ADF854000C204C
:10840000ADF856000020ADF8580013A93A4800F026
:1084100079F9012240F22441374800F04DF9012258
:108420004021354800F09CF801228021324800F0BC
:1084300097F80121304800F087F83048F9F75CFFE1
:108440004FF0006001902C48001D02900020039026
:10845000049016200590002006904FF4806007904D
:108460000020089009904FF480700A904FF440303B
:108470000B9000200C9003200D9000200E900F9088
:1084800001A91E48FAF742F81C483030F9F734FFCA
:108490004FF0006001901848001D029000200390EA
:1084A000402004900020059006904FF480600790D3
:1084B0000020089009900A904FF440300B90002063
:1084C0000C9003200D9000200E900F9001A90B48F6
:1084D0003030FAF71BF80122102108483030F9F744
:1084E000F7FF002105483030F9F7FAFE17B000BD5C
:1084F00004002000000802400048004028600240BC
:1085000010B540F22441064800F0ACF838B10448F8
:108510000088044908800248001D0088088010BDBA
:108520000048004080000020704710B50022002362
:1085300040F66A14A14200D100BF0A1201249440FF
:10854000A3B2DC43048010BD21B1828942F4005201
:10855000828104E082894DF6FF731A408281704760
:108560001AB1838A0B43838202E0838A8B4383821E
:108570007047000010B504463248844208D10121FA
:108580001020FCF7C9FF00211020FCF7C5FF57E0C1
:108590002D48844209D101214804FCF79DFF0021A8
:1085A0004FF40030FCF798FF4AE02848844209D194
:1085B00001218804FCF790FF00214FF48020FCF794
:1085C0008BFF3DE02248844209D10121C804FCF719
:1085D00083FF00214FF40020FCF77EFF30E01D48B0
:1085E000844209D101210805FCF776FF00214FF4F0
:1085F0008010FCF771FF23E01748844208D1012165
:108600002020FCF789FF00212020FCF785FF17E0E0
:108610001248844209D101218807FCF75DFF00213F
:108620004FF08040FCF758FF0AE00D48844207D124
:1086300001214005FCF750FF00216005FCF74CFFCD
:1086400010BD000000100140004400400048004000
:10865000004C0040005000400014014000780040F1
:10866000007C004070B50246002400230025002055
:1086700040F66A16B14200D100BFC1F3421501F0C5
:108680001F03012606FA03F3012D02D19689334018
:1086900006E0022D02D1168A334001E0968A33406B
:1086A0000C12012606FA04F41688344013B10CB1FA
:1086B000012000E0002070BDF0B503460024002634
:1086C0000025002040F66A17B94200D100BF1846C5
:1086D000C1F3421401F01F06012707FA06F5012C29
:1086E00001D10C3004E0022C01D1103000E0143034
:1086F0001AB107682F43076002E00768AF430760BD
:10870000F0BD00002DE9FF4705460E460024A146B6
:1087100000BFA046B08900B100BF2C8A24F44054A9
:10872000F08804432C82AC8941F20C608443B08809
:1087300031890843718908430443AC81AC8A24F42D
:108740004074B0890443AC826846FCF7F5FE2048CB
:10875000854202D01F48854202D1DDF80C9001E02D
:10876000DDF80890A88900F4004040B109EBC90089
:1087700000EB091031684900B0FBF1F707E009EBA5
:10878000C90000EB091031688900B0FBF1F76420E3
:10879000B7FBF0F004012009642101FB1078A889DF
:1087A00000F4004040B1322000EBC800B0FBF1F013
:1087B00000F00700044308E0322000EB08106421B9
:1087C000B0FBF1F000F00F0004432C81BDE8FF87FF
:1087D000001001400014014010B504466068F9F72C
:1087E00041FE618A081AA082E08A218B0844E08257
:1087F000E08A618A884206DBE08A618A90FBF1F2B6
:1088000001FB1200E082E08AA18A884215DAA08A80
:10881000E18A401A2083208B218A884235DC00209F
:1088200007E0E28AE1681144095CA2681154411C26
:1088300088B2218B8142F4DC27E0A08A618A084457
:10884000E18A401A2083208B218A88421DDC002087
:1088500007E0E28AE1681144095CA2681154411CF6
:1088600088B2218BA28A891A8142F2DC002009E0B9
:10887000E168095C238BA2681A44A38AD21A1154B6
:10888000411C88B2A18A8142F2DC208B10BD00001D
:1088900010B52DED048BFE4890ED1A0AB1EE400A9A
:1088A000DFEDFC0A20EE200A10EE101A084607F051
:1088B0003FFB41EC190BB0EE490AF0EE690A01F0FA
:1088C00027F8B0EE408AF0EE608A51EC180B06F003
:1088D0002FFDF1490860EE4890ED1A0AB1EE400A0A
:1088E000DFEDEC0A20EE200A10EE101A084607F021
:1088F0001FFB41EC190BB0EE490AF0EE690A02F0D9
:1089000063FBB0EE408AF0EE608A51EC180B06F083
:108910000FFDE2490860DE4890ED180ADFEDDD0A40
:1089200020EE200A10EE101A084607F001FB41EC79
:10893000190BB0EE490AF0EE690A00F0E9FFB0EE5B
:10894000408AF0EE608A51EC180B06F0F1FCD44935
:108950000860CF4890ED180ADFEDCE0A20EE200A1D
:1089600010EE101A084607F0E3FA41EC190BB0EECE
:10897000490AF0EE690A02F027FBB0EE408AF0EEF9
:10898000608A51EC180B06F0D3FCC6490860C04859
:1089900090ED190ADFEDBF0A20EE200A10EE101A42
:1089A000084607F0C5FA41EC190BB0EE490AF0EEA3
:1089B000690A00F0ADFFB0EE408AF0EE608A51EC3B
:1089C000180B06F0B5FCB8490860B14890ED190ADB
:1089D000DFEDB00A20EE200A10EE101A084607F06C
:1089E000A7FA41EC190BB0EE490AF0EE690A02F061
:1089F000EBFAB0EE408AF0EE608A51EC180B06F00C
:108A000097FCAA490860AA4890ED150AB0F914002D
:108A100000EE900AF8EEE00A9FEDA61A00EE810A39
:108A2000A34880ED150A90ED160AB0F9160000EE85
:108A3000900AF8EEE00A9FED9F1A00EE810A9C482A
:108A400080ED160AB0F9140000EE100AB8EEC00A64
:108A5000DFED980A20EE200A8F48D0ED000A20EEC4
:108A6000200A9348B0F9160000EE900AF8EEE00AEA
:108A70009FED901A60EE810A884890ED001A00EE92
:108A8000810A8B48D0ED170A30EE200A80ED170AD4
:108A9000B0F9160000EE100AB8EEC00ADFED850A44
:108AA00020EE200A7C48D0ED000A20EE200A804803
:108AB000B0F9140000EE900AF8EEE00A9FED7D1A7E
:108AC00060EE810A754890ED001A00EEC10A784800
:108AD000D0ED180A30EE200A80ED180A90ED180A41
:108AE00080ED190A90ED170AB1EE400A80ED1A0ADE
:108AF00090ED190A704880ED910A6D4890ED1A0AC0
:108B00006D4880EDA30A6A48B0F9120000EE100A21
:108B1000B8EEC00A6048D0ED000A20EE200A644892
:108B2000B0F91000404200EE900AF8EEE00A5B480F
:108B300090ED001A00EE810A5F4880EDB50A5C48AE
:108B4000B0F91000404200EE100AB8EEC00A5248D8
:108B5000D0ED000A20EE200A5548B0F9120000EED0
:108B6000900AF8EEE00A4D4890ED001A00EEC10AB6
:108B7000514880EDC70A4E4890ED070AB8EE400A0A
:108B8000F6EE000AB4EEE00AF1EE10FA1FDD90ED09
:108B9000070AB8EE400ADFED490AB4EEE00AF1EE4A
:108BA00010FA14D290ED070AB8EE400ADFED440A3D
:108BB00020EE200A3A48D0ED000A20EE200A3A487A
:108BC000D0ED000A20EE200A394880ED080A384826
:108BD00090ED080A80ED090A90ED090AD0ED0A0A25
:108BE00030EE600ADFED330A80EE201A80ED0C1AB9
:108BF00090ED090A80ED0A0A90ED0B0ADFED310ACB
:108C000020EE200AD0ED0C0A9FED2F1A00EE810A0B
:108C100080ED0B0A90ED090A274880ED6D0A244883
:108C200090ED0B0A244880ED7F0A194890ED190A4F
:108C3000B1EE400A204880ED010A154890ED180A6F
:108C40001D4880ED130A124890ED1A0AB1EE400A51
:108C5000194880ED250A1D48D0ED000AF1EE600AA2
:108C60009FED1B1A60EE810AB0EE600A0020FAF751
:108C7000CDFA114880ED490A1648D0ED000A9FED63
:108C8000141A60EE810AB0EE600A012024E00000B0
:108C9000540200202EFA8E3C4400002048000020A0
:108CA000500000204C0000205800002054000020FC
:108CB000AC4D01200AD7A33BF80200200000FA4384
:108CC0000AD7233C6666663FCDCCCC3DB801002078
:108CD000ED2E6542B4010020FAF798FA0B4880EDBA
:108CE000370A0B48D0ED000AF1EE600A1FED081AB2
:108CF00060EE810AB0EE600A0220FAF787FA0348B4
:108D000080ED5B0ABDEC048B10BD0000F802002072
:108D1000BC01002010B52DED048B0446F84890ED01
:108D2000910AF84880ED030AF54890EDA30AF5484A
:108D300080ED040AF24890ED6D0AF24880ED050AD4
:108D4000EF4890ED250AEF4880ED080A8069012878
:108D50003ED1EB4890ED910AEA48D0ED000A30EEA2
:108D6000600ADFEDE90A20EE200AB0EE409AE448FE
:108D700090EDA30AE348D0ED010A30EE600ADFED82
:108D8000E20A20EE200AB0EE408ADD4890ED6D0A3E
:108D9000DC48D0ED020A30EE600AF0EE408A69EE5F
:108DA000090A48EE080A48EEA80AB0EE600A02F086
:108DB00074FAF0EE409A9FEDD50AF4EEC09AF1EE07
:108DC00010FA01D2012000E00020D149087002E031
:108DD0000020CF490870082C70D2DFE804F06FFD46
:108DE000FC04B8FBFAF9CB48007810B10020C9495F
:108DF0000870C9480078A0B10020C7490870FCF786
:108E0000F1FCC04890ED030A80ED000A90ED040AE1
:108E100080ED010AB6EE000A80ED020A0120B94990
:108E20008861BE480078022825D10020B5498861B4
:108E3000B34890ED6C0AD0ED6D0AB4EEE00AF1EEA5
:108E400010FA03DD90ED6D0A80ED6C0AAC4890EDF0
:108E50006C0ADFEDB30A30EE600A80ED6C0A90ED2B
:108E60006C0AB5EEC00AF1EE10FA03D29FEDAD0A1E
:108E700080ED6C0A4FE2A9480078032808D1002051
:108E8000A04988619FEDA70A9D4880ED6C0A42E2E7
:108E9000A248007898B99B48806980B90020FCF707
:108EA000BFFBDFEDA10AB4EEE00AF1EE10FA06D244
:108EB000934890ED6D0A80ED6C0A2CE22AE29B4803
:108EC000007840B10020FCF73FFC20B98C4890EDC1
:108ED0006D0A80ED6C0A0020FCF736FC934908709F
:108EE00088488069012831D18648D0ED020A84483B
:108EF00090ED6C1A70EEC10AB0EE600ADFED8C0ADC
:108F0000B4EEE00AF1EE10FA08DDD0ED6C0A9FED48
:108F1000881A70EE810AC0ED6C0A16E0DFED850A52
:108F2000B4EEE00AF1EE10FA09D27548D0ED6C0A01
:108F30009FED7F1A70EEC10AC0ED6C0A05E0714822
:108F4000D0ED020A6E48C0ED6C0A00BFE3E1734841
:108F50000078022803D071480078032841D168487E
:108F600090ED770A80ED7E0A90ED6C0ADFED660ADF
:108F7000B4EEE00AF1EE10FA5ED890ED7F0AB0EEA2
:108F8000C00ADFED6D0AB4EEE00AF1EE10FA08D285
:108F90006A4890ED000ADFED6A0A30EE200A80EDA3
:108FA000000A664890ED000ADFED660AB4EEE00ABA
:108FB000F1EE10FA03DD9FED630A80ED000A5048E0
:108FC00090ED7E0A5D48D0ED000A30EE600A04E0C4
:108FD00064E147E112E16EE02FE0494880ED7E0A4E
:108FE0002AE04E48007890B94648806978B9002058
:108FF000FCF716FBDFED4C0AB4EEE00AF1EE10FAD6
:1090000005D29FED480A3E4880ED7E0A14E000201C
:10901000FCF79AFB58B10020FCF702FB4A48D0ED60
:10902000000A20EE200A364880ED7E0A04E034482B
:1090300090ED770A80ED7E0A6DE14448007840B1FA
:109040000220FCF781FB20B92D4890ED910A80EDBC
:10905000900A3F48007840B10120FCF775FB20B929
:10906000274890EDA30A80EDA20A0120FCF76CFBD3
:10907000374908700220FCF767FB3449087002206A
:10908000FCF762FB18B90120FCF75EFB10B1002071
:109090001C4988611B48806901280BD1194890ED53
:1090A000000A174880ED900A164890ED010A14480E
:1090B00080EDA20A2FE10120FCF746FB88B10120D8
:1090C000FCF7AEFAB1EE400A2248D0ED000A9FED5F
:1090D000221A60EE810A20EE200A094880EDC60AB5
:1090E00052E0074890EDAD0ADFED1C0AB4EEE00A4D
:1090F000F1EE10FA34DD9FED190A80EDC60A43E067
:10910000F80200205C0800200AD7233C9A99193EF7
:10911000A8070020AA070020A90700203507002083
:10912000A69BC43A00000000CDCC4C3E7A00002043
:109130000AD7A33B0AD7A3BBCDCCCC3D5C00002013
:109140006F12833ACDCCCC3E940700207D000020E6
:109150007C000020900700200000C8420000F04280
:109160006F4890EDAD0ADFED6F0AB4EEE00AF1EE64
:1091700010FA04D29FED6B0A80EDC60A04E068483D
:1091800090EDAD0A80EDC60A0220FCF7DDFA88B149
:109190000220FCF745FAB1EE400A6348D0ED000A20
:1091A0001FED131A60EE810A20EE200A5C4880ED64
:1091B000B40A22E05A4890ED9B0A5FED180AB4EE1B
:1091C000E00AF1EE10FA04DD1FED1C0A80EDB40A8E
:1091D00013E0534890ED9B0ADFED520AB4EEE00A2B
:1091E000F1EE10FA04D29FED4F0A80EDB40A04E0CC
:1091F0004B4890ED9B0A80EDB40A8CE0484890ED16
:10920000D10A4A48D0ED000A20EE200A4448D0EDA9
:10921000BF0A474890ED001A00EE810A454880EDEC
:10922000000A3F4890EDBF0A4048D0ED000A20EE0A
:10923000200A3B48D0EDD10A3D4890ED001A00EEDF
:10924000C10A3D4880ED000A3549483134483A4A60
:1092500092ED000AF1EE400A364A92ED000A02F061
:10926000C3FD58E03548007840B10320FCF76CFAA4
:1092700020B92B4890ED250A80ED240A0320FCF745
:1092800063FA2E4908702E488069012805D12C48C0
:1092900090ED070A224880ED240A3CE0204890ED3A
:1092A0000B0A80ED480A90ED1D0A80ED360A032076
:1092B000FCF74AFA50B10320FCF7B2F9DFED210ABE
:1092C00020EE200A164880ED5A0A22E0144890ED5C
:1092D0002F0ADFED1D0AB4EEE00AF1EE10FA04DD0C
:1092E0009FED190A80ED5A0A13E00D4890ED2F0A00
:1092F000DFED160AB4EEE00AF1EE10FA04D29FEDAB
:10930000130A80ED5A0A04E0054890ED2F0A80ED1B
:109310005A0A00E000BF00BFBDEC048B10BD000086
:10932000F80200200000F0C2900700204400002056
:109330004800002060000020640000207B00002026
:109340005C0800200000484300007042000070C22A
:1093500010B5F9F753FC0446012C7CD15E48007827
:1093600002285DD15D48007838B900205C4908606A
:109370005C490880012059490870FDF775FF5A487B
:10938000D0ED6D0A9FED591AF4EEC10AF1EE10FA14
:1093900002D2DFED570A01E0DFED560AB0EE600AB7
:1093A0005148D0ED7F0AF0EEE00AF4EEC00AF1EE8B
:1093B00010FA05D24A480068401C4949086002E09A
:1093C00000204749086047480088401C45490880FC
:1093D000434800680A2809DB434890ED6D0ADFED39
:1093E000460AB4EEE00AF1EE10FA04D33D480088D4
:1093F000B0F5FA6F6FD30020394908603949088009
:10940000364908709FED3D0A3D4880ED000A032073
:10941000314908700120F9F797FBFDF791FF5AE0F9
:109420002D48007840BB304890ED6D0ADFED2F0AE3
:10943000B4EEE00AF1EE10FA02DD012026490870D0
:109440003048806970B90020FCF7EAF8DFED270AA0
:10945000B4EEE00A00E016E0F1EE10FA02D2FDF7F9
:10946000F3FE38E028480078012802D1FDF7ECFE31
:1094700031E0FDF7F9FE2EE01748007801282AD1E7
:10948000FDF7F2FE27E0022C0ED1002013490870F0
:1094900013490860134908809FED180A184880EDA9
:1094A000000AFDF74DFF16E000200C4908700C493A
:1094B00008600C4908809FED110A114880ED000AF0
:1094C00000201049886111490870FCF727FEF8F761
:1094D00021FAFDF735FF10BD35070020720000208E
:1094E0007400002078000020F8020020CDCC4C3E13
:1094F0000AD7A33D0AD7A33C9A99193E0000000061
:109500005C0000205C080020BE000020A9070020AD
:1095100000EE900AF8EE600A9FED031A60EE810AF1
:10952000B0EE600A704700006740533A03B40198F8
:109530004100009850EAC12018BF04204A0D18BF0E
:1095400040F0010040F2FF72B2EB515F08BF40F003
:109550000200012808BF052002B070474100080240
:1095600018BF04200A0E18BF40F001004FF07F42E0
:1095700032EA010108BF40F00200012808BF0520BF
:1095800070470146C1F3C750FF2801D00120704742
:109590000020FCE710B54FF00E402DED028BB0EE31
:1095A000408A18EE104A00EB4400B0F1506F4AD8E0
:1095B0004FF0FC40B0EB440F22D2B0EEC80AF7EEF9
:1095C000000A30EEC00AF6EE000A60EE208A18EEBD
:1095D000900A03F0FEFF01EE100A14F0004F1DBFC9
:1095E000DFED2D0A9FED2D0AB1EE411ADFED2C0AB9
:1095F00008BF9FED2C0AF8EE001A21EE218A05E043
:10960000DFED290A68EE088AB0EE600A9FED271A9E
:10961000DFED271A30EE080A48EE811A9FED251A71
:1096200008EEA11ADFED241A48EE811A9FED231AE5
:1096300008EEA11A68EE281ABDEC028B01EE810A31
:1096400030EE200A10BD4FF0E440B0EB440F0CD9CF
:1096500018EE100AFFF782FF042808BF02F010FB83
:10966000B0EE480ABDEC028B10BD4FF07F40B0EB6E
:10967000440F07D2B0EE480ABDEC028BBDE81040A3
:1096800002F0E8BA0120F6F7A3FFBDEC028BBDE8BB
:10969000104002F0E5BA00000000C9BF22AAFDB9DF
:1096A0000000C93F22AAFD390000000024FE1C3D35
:1096B000C78AD83C1E67383D1B93993DAFAA2A3E06
:1096C00010EE100A10B510EE901A4FF0684202EB3F
:1096D00040032DED028BB3F1654F3CBF02EB41021D
:1096E000B2F1654F7CD200BFC0F3C753C1F3C7527C
:1096F0009A1A1B2A09DD10F0004F14BF9FED6E0A65
:109700009FED6E0ABDEC028B10BD12F11A0F1BDA31
:1097100011F0004F09D010F0004F0CBF9FED680A08
:109720009FED680ABDEC028B10BD80EE208A18EE1A
:10973000100AFFF713FF042808BF02F0A1FAB0EEE9
:10974000480ABDEC028B10BD4200B2EB410F37D985
:1097500010F0004F19BFDFED5C1A9FED5C1ADFEDD2
:109760005C1A9FED5C1AB0EE602A0A46F1EE400AE0
:1097700080F00041B0EE420A10460A1A5200B2F1DF
:10978000807F34D2484010F0004FDFED532A9FED28
:10979000533A1DBFBEEE002A71EEE21A31EE431AB3
:1097A000B6EE002A04BF71EEA21A31EE031AF0EEF3
:1097B000402A42EE602A40EE020A82EEA02A18E019
:1097C00011F0004F04BF9FED461AF0EE411AD4D0BD
:1097D00010F0004F1CBFDFED431A9FED431A00E06D
:1097E00026E004BFDFED411A9FED411AC5E780EE88
:1097F000202A22EE020ADFED3F0ADFED3F2ABDEC10
:10980000028B40EE202ADFED3D0A40EE220ADFED1A
:109810003C2A40EE202ADFED3B0A40EE220A22EEEF
:10982000000A00EE201A31EE020A30EE210A10BDC5
:109830004FF07F42B2EB400F28BFB2EB410F05D291
:10984000BDEC028BBDE8104002F007BA40EA01030C
:109850005B0008BF41F0FF410BD0B2EB400F08BFE7
:10986000B2EB410F08D120F0804000EE100A21F049
:10987000804100EE901A37E7B2EB400F12BF5FEA6B
:10988000410240F0FF4001F000413FF42DAF4A009B
:1098900092EA40033FF528AF002AACBF9FED1A1AA9
:1098A0009FED1A1A20EE010A60EE810A10EE100AEE
:1098B00010EE901A18E70000DB0FC9BFDB0FC93F9D
:1098C000DB0F4940DB0F49C00000C9BF22AAFDB928
:1098D0000000C93F22AAFD390060ED3EC30ACE3721
:1098E00000000000000049C022AA7DBA00004940E3
:1098F00022AA7D3A2DAD65BD8FB8D53D0FB511BEFD
:1099000061C84C3EA8AAAABE0000804F0000802F6C
:1099100010B52F499FED2C1B2DED020B84B005983F
:1099200020F000408842D8BF9DED040B2DDD294971
:10993000884209D1049840B94FF00100F6F748FE7B
:1099400002F04EF906B010BD05DB9DED040B02F0F0
:1099500033F906B010BD68469DED040B01F02CFDF7
:1099600010F0030004BF9DED021B9DED000B0CD019
:1099700001280ED09DED021B9DED000B022817D093
:10998000012002F069F806B010BD01F031FF06B009
:1099900010BD9DED021B9DED000B012002F05CF857
:1099A00051EC100B05F0B8FC06B041EC100B10BDEB
:1099B00001F01EFF51EC100B05F0AEFC06B041ECBF
:1099C000100B10BD000000000000000000000000AF
:1099D000FB21E93F0000F07F10EE101A08B5444A61
:1099E0006846B2EB410F28D94FF0E640B0EB410F8B
:1099F00094BF00204FF0FF3000900098002861DBFA
:109A000060EE000A10F0010F45D010F0020FDFEDFC
:109A1000391A9FED391A00EEE11ADFED381A40EEDF
:109A2000811A21EEA01AF0EE400A40EE010A08BFAA
:109A3000F1EE600AB0EE600A08BD314B21F0004241
:109A400093423CD911F0004FDFED2E0A20EE201A90
:109A5000DFED2D0A19BF31EE601A71EE200A31EEEA
:109A6000201A71EE600ABDEEE01A11EE100A9FEDA9
:109A7000271A00F0030000EEC10A9FED251A00909E
:109A800000EEC10A9FED231A00EEC10A9FED221AD3
:109A900000EEC10AB1E79FED211A9FED210A10F0F7
:109AA000020F00EE810A9FED1F1A00EE801AB7EE3A
:109AB000000A00EE810A18BFB1EE400A08BD02F0AC
:109AC000E7F89AE710EE100A4000B0F17F4F3CBF74
:109AD000B7EE000A08BD07D14FF00100F6F778FD98
:109AE000BDE8084002F0BCB8BDE8084002F0B2B8DA
:109AF000B61F927E336D4C39DA82083CA0AA2ABE8A
:109B0000490E494683F9223F0000004B0000C93F3F
:109B100000A0FD390020A2331A61342CB93AB2BA40
:109B2000CA9F2A3DDDFFFFBE10B510EE104A4FF070
:109B300019406849002200EB44002DED028B884259
:109B400057D8DFED650A14F0004F60EE200A14BF0D
:109B5000BEEE001AB6EE001A71EE200AFDEEE00A23
:109B600010EE900A00EE900AF8EEE00A9FED5B1A04
:109B700000EEC10A9FED5A1A00EEC10ADFED590A44
:109B80009FED591A00EE201ADFED580A40EE010A47
:109B90009FED571A574B00F0030100EE201A21EEFB
:109BA000000A7B4403EB8103D3ED000A524B7B4454
:109BB00003EB810393ED001A504B41EE000A7B4406
:109BC00003EB8101801091ED000A70EE800AEABB80
:109BD00000EE100AB8EEC01ADFED491A9FED490AEF
:109BE000BDEC028B01EE210ABCEEC00A20EE200A79
:109BF00010BD4FF0FF40A0431BD04FF0CE40B0EB64
:109C0000440F82BFB7EE000ABDEC028B10BD3E4888
:109C1000B0EB440F28BF012293D20220F6F7D8FC04
:109C200014F0004F15D0BDEC028BBDE8104002F0DF
:109C300027B814F5000F02BF9FED340ABDEC028B6C
:109C400010BDBDEC028BBDE8104000E007E002F063
:109C500001B8BDEC028BBDE8104002F009B800EB82
:109C6000D07359104FF07E5202EBC15100EE101A22
:109C7000A0EB630002EBC05060EE200A00EE100A79
:109C800020EE208A18EE100A88B118EE100AB0F102
:109C9000FF4F15D018EE100AFFF760FC042808BF2C
:109CA00001F0EEFFB0EE480ABDEC028B10BD0220C1
:109CB000F6F78EFCBDEC028BBDE8104001F0E0BF72
:109CC0000220F6F785FCBDEC028BBDE8104001F0E8
:109CD000CFBF00000000501E3BAAB8400070313ECC
:109CE000F4FD053712BB2A3D12BB2A3EFFFFFF3EA3
:109CF000FFFF7F3F6A6600006E6600003E66000060
:109D00000000004B00007E4E0000A0850000000017
:109D10002DE9F04D2DED040B2DED0E8B96B0DDE908
:109D20002550279CDDF890A025F0004624F000483F
:109D3000BAF1000F14BF0121002101EB4502FC49DB
:109D400053184A1093422AD3002814BF012300233A
:109D500003EB44030B44F7498B4220D358EA00013C
:109D60009FEDF59B76D0DFF8D8B35D4503D1BAF10E
:109D7000000F05D188E0BAF1000F08BF002100D024
:109D8000012101EB450111F5001F08D8002814BF7F
:109D90000121002101EB440111F5001F0BD99DEDBC
:109DA000261B9DED240B16B0BDEC0E8B04B0BDE858
:109DB000F04D01F00BBF0027002DBCBFE1498845E5
:109DC00021DAE1498845A8BF02271CDAC3451ADC1D
:109DD000DE4901EB2851142908DDC1F1340220FAD3
:109DE00002F101FA02F282420DD108E058B9C1F144
:109DF000140228FA02F101FA02F2424503D101F0FD
:109E00000101C1F1020756EA0A0124D1002C22DA2D
:109E1000002D18BF022F01D0012F0AD00220F6F723
:109E2000D7FB16B0BDEC0E8B04B0BDE8F04D01F0D1
:109E3000ABBE0220F6F7CCFB01F0A6FE51EC100BF6
:109E400005F06AFA41EC100B16B0BDEC0E8B04B0B5
:109E5000BDE8F08D18E09FEDBEAB9FEDBF8B0028F5
:109E600071D1B848804522D105F1804010F58010AD
:109E700008BFBAF1000F07D0B3450ADC002CA8BF19
:109E80009DED260BE0DA0DE0B0EE490AF0EE690A2E
:109E9000DAE7002C06DA9DED260B51EC100B05F0ED
:109EA0003BFA6FE0AE48784490ED000BCCE7D84524
:109EB0004DD1002C48DA2EB186423AD1BAF1000FCA
:109EC00042D126E0BAF1000F13D00220F6F780FB52
:109ED00001F096FE8DED020B9DED240B8DED000B38
:109EE00010EE900A039961F31E0003909DED020BA2
:109EF000AAE78DED02AB9DED240B1AEE901A10EE41
:109F0000900A8DED000B61F31E0003909DED020B96
:109F10009AE78DED028B9DED240B18EE901A10EE52
:109F2000900A8DED000B61F31E0003909DED020B76
:109F30008AE709DA9DED240B51EC190B53EC102B39
:109F400005F0E4FA1EE020E09DED240B7CE786425C
:109F50001BDAB4F1804F0DD0A4F10050B0F1FF50E6
:109F600013D1002D11DB9DED240B51EC100B03F0F0
:109F7000F9FA07E09DED240B53EC102B51EC100B7C
:109F800000F0C2BC41EC100B5EE79DED240B51ECE0
:109F9000100B02F01BF9BAF1000FCDE90E0142D10E
:109FA0009FED710B46B3A6F1E040B0F17F600CD09D
:109FB0005E4538D1002D00DAA7B3022F0CBF012077
:109FC0004FF0FF3005F057FCDCE7002D01DD002CE1
:109FD0000DDA002D01DD002C1FDB002D16DA002C20
:109FE00014DB012F08BF9FED620B3FF42DAFB0EEE5
:109FF0004A0AF0EE6A0A27E7022F18BF002D0CD09C
:10A00000012F0AD1002DFFF61FAF06E0002DB8BFCB
:10A01000002C08DA012F3FF417AFB0EE480AF0EE3B
:10A02000680A11E71BE0012000EBE57050EA070128
:10A0300015D0791EB0EE498AF0EE698A084308BF50
:10A040009FED4D8B4E480025804570DD4D494E48B3
:10A05000884514DDB0420DDB002C19DB2FE0012018
:10A06000F6F7B6FA16B0BDEC0E8B04B0BDE8F04DB5
:10A0700001F0B6BDB34502DC002C09DC1FE08642CE
:10A0800002DA002C1BDA03E05E452BDD002C16DD26
:10A090000220F6F79DFA01F0B3FD8DED020B53ECB3
:10A0A0001A2B51EC180B05F04DFCCDE9000103997A
:10A0B000019861F31E0003909DED020BC4E602209F
:10A0C000F6F786FA01F0ACFD10EE901A18EE900A41
:10A0D0008DED020B8DED008B61F31E0003909DED65
:10A0E000020BB1E69DED0E0B53EC192B51EC100B4E
:10A0F00005F034FE9FED260BCDE9080153EC102B43
:10A100009DED080B51EC100B05F01CFC9FED221B84
:10A1100053EC112B05F04AFD9DED081B53EC112B60
:10A1200005F010FC9FED1E1B53EC112B3CE08CE066
:10A13000FFFF1F00FFFF0F00000000000000F03FC6
:10A140000000F03F0000F07F0000404301FCFFFFF3
:10A15000000000000000F07F000000000000000090
:10A160007E6500000000000000000000000000808C
:10A17000000000000000F0FF000000000000F0BF41
:10A180000000E0410000F043FFFFEF3F000000004F
:10A19000000000000000D03F555555555555D53F9E
:10A1A000000000000000E03F05F000FD9DED080B01
:10A1B00041EC1A0B53EC102B51EC100B05F0C2FBC9
:10A1C00053EC1A2B05F0BEFB41EC1A0B9FEDFE0B76
:10A1D00053EC102B9DED080B51EC100B05F0B2FB6E
:10A1E00041EC1B0B9FEDFA0B51EC1A0B53EC102BAF
:10A1F00005F0A8FB41EC1A0B9FEDF70B53EC102B6D
:10A200009DED080B51EC100B05F09CFB53EC1A2B49
:10A2100005F0A4FD41EC1A0B51EC1B0B53EC1A2B6F
:10A2200005F0B8F80690CDE906519DED060B53EC0C
:10A230001B2B51EC100B05F091FD53EC1A2B05F084
:10A24000B5FC41EC100B00F0A1B90020B6F5801F61
:10A250000EDA9FEDE30B53EC102B9DED0E0B51EC42
:10A26000100B05F06FFBCDE90E016FF034000E46C8
:10A2700000EB2650A0F2FF37C6F31300DA4940F096
:10A280007F6646F040568842D8BF002408DDD74993
:10A290008142C8BF012403DC0024A6F580167F1C80
:10A2A000D348784400EBC4000F9690ED00CB9DEDB1
:10A2B0000E0B53EC1C2B51EC100B05F04FFD9DEDDC
:10A2C0000E0B41EC1B0B53EC1C2B51EC100B05F04F
:10A2D00061F841EC100B51EC190B53EC102B05F00D
:10A2E00015F941EC1D0B51EC1B0B53EC1D2B05F02C
:10A2F00029FB41EC1A0BBF488DED10AB784410954B
:10A3000090ED000B4FF0005040EA660000EB8440F7
:10A310008DED080B00F5002009909DED080B53EC26
:10A320001C2B51EC100B05F019FD9DED0E1B53EC91
:10A33000112B05F03BFC41EC100B53EC102B9DED69
:10A34000100B51EC100B05F0FDFA9DED080B41ECE4
:10A350001C0B53EC102B9DED100B51EC100B05F06A
:10A36000F1FA53EC1B2B05F021FC53EC1C2B05F0F0
:10A37000F5FC53EC1D2B05F0E5FA41EC1C0B53ECFE
:10A380001A2B51EC1A0B05F0DDFA41EC1B0B9A4825
:10A390000621B0EE4B0AF0EE6B0A784401F0E0FAC9
:10A3A000B0EE401AF0EE601AB0EE41DAF0EE61DA8B
:10A3B00053EC1B2B51EC1B0B05F0C4FA53EC1D2B7B
:10A3C00005F0C0FA9DED100B41EC1B0B53EC1A2B62
:10A3D00051EC100B04F0DEFF53EC1C2B05F0B2FA2D
:10A3E00053EC1B2B04F0D6FF9DED100B41EC1B0B27
:10A3F00053EC102B51EC100B05F0A4FA41EC1D0BA3
:10A400009FED7FEB53EC1E2B04F0C4FF53EC1B2B92
:10A4100004F0C0FF0890CDE908519DED080B53EC06
:10A420001E2B51EC100B05F099FC53EC1D2B05F085
:10A4300095FC53EC1B2B05F0B9FB9DED080B41EC93
:10A440001D0B53EC102B9DED100B51EC100B05F078
:10A4500079FA41EC1B0B53EC1A2B51EC1D0B05F058
:10A4600071FA9DED080B41EC1A0B53EC102B51ECDB
:10A470001C0B05F067FA53EC1A2B04F08BFF41EC30
:10A480001A0B51EC1B0B53EC1A2B04F083FF0C90AE
:10A49000CDE90C519DED0C0B53EC1B2B51EC100B2B
:10A4A00005F05CFC53EC1A2B05F080FB41EC1B0B18
:10A4B0009FED550B53EC102B9DED0C0B51EC100B3D
:10A4C00005F040FA41EC1A0B9FED510B51EC1B0BC0
:10A4D00053EC102B05F036FA41EC1B0B9FED4E0BA5
:10A4E00053EC102B9DED0C0B51EC100B05F02AFAE0
:10A4F00053EC1B2B04F04EFF41EC100B4848784402
:10A5000000EBC40090ED001B51EC100B53EC112B31
:10A5100004F040FF41EC1B0B384605F0ACF9CDE9E7
:10A52000080153EC1B2B51EC1A0B04F033FF41ECE8
:10A53000100B3C48784400EBC40090ED00CB51EC8C
:10A54000100B53EC1C2B04F025FF9DED081B53EC66
:10A55000112B04F01FFF0690CDE906519DED080B6D
:10A5600053EC102B9DED060B51EC100B05F0F6FB98
:10A5700053EC1C2B05F0F2FB53EC1A2B05F0EEFB11
:10A5800053EC1B2B05F012FB41EC100B9DED261B31
:10A5900053EC102B8DED001B00959DED260B51EC1F
:10A5A000100B05F0CFF99DED000B41EC1A0B53ECAD
:10A5B000102B9DED260B51EC100B05F0CFFB9DED04
:10A5C000061B53EC112B2FE0000000604715F73FEE
:10A5D000FE822B654715F73F44DF5DF80BAE543E16
:10A5E00000000000000040438E9803007AB60B0084
:10A5F0008A5F000028610000C25E000000000000C9
:10A600000000000000000840000000E009C7EE3F25
:10A61000FD033ADC09C7EE3FF5015B14E02F3EBEB7
:10A620004E5D0000085D000005F08CF953EC1A2B1C
:10A6300004F0B0FE9DED060B41EC1A0B53EC102B11
:10A640009DED000B51EC100B05F07CF9CDE90C01F0
:10A650009DED0C0B51EC1A0B53EC102B04F09AFEF1
:10A66000CDE902010C46AA498C422FDB611A08434E
:10A6700018D19DED0C0B53EC102B9DED020B51EC02
:10A68000100B05F06BFB41EC1B0B9FEDA30B51EC8A
:10A690001A0B53EC102B04F07DFE53EC1B2B05F032
:10A6A0004FFA2DD20220F5F793FF01F0A9FA10EE30
:10A6B000901A18EE900A8DED020B8DED008B61F370
:10A6C0001E0003909DED020BFFF7BEBB944A24F0E1
:10A6D0000041914214D39349214408437FF4EFACE5
:10A6E0009DED0C0B53EC102B9DED020B51EC100B60
:10A6F00005F034FB53EC1A2B05F022FA7FF6DFACA1
:10A7000024F000408849894A002601EB205182420A
:10A710002BDA481C4FF4801121FA00F02044844ABF
:10A72000C0F30A517A44A1F2FF3192ED000B814A45
:10A730008DED080BCA4020EA0202C0F3130040F47A
:10A740008010C1F1140120FA01F60992002CB8BF63
:10A7500076429DED080B53EC102B9DED0C0B51EC4C
:10A76000100B05F0FBFACDE90C019DED0C0B51EC43
:10A770001A0B53EC102B04F00DFE9FED6F0B08909D
:10A78000CDE9085153EC102B9DED080B51EC100B4B
:10A7900005F0D8F841EC1B0B9FED690B53EC102B27
:10A7A0009DED080B51EC100B05F0CCF89DED0C0B5A
:10A7B00041EC1C0B53EC102B9DED080B51EC100BD6
:10A7C00005F0CCFA53EC1A2B05F0F0F99FED5E1B67
:10A7D00053EC112B05F0B6F853EC1C2B04F0DAFD0A
:10A7E00041EC1A0B51EC1B0B53EC1A2B04F0D2FD6D
:10A7F000CDE902019DED020B53EC1B2B51EC100B2C
:10A8000005F0ACFA53EC1A2B05F0D0F99DED020BD4
:10A8100041EC1A0B53EC102B51EC100B05F092F895
:10A82000CDE908014A489DED080B0521784401F067
:10A8300097F89DED081B51EC100B53EC112B05F014
:10A8400081F89DED021B53EC112B05F0AFF9CDE91A
:10A8500006019DED020B53EC1A2B51EC100B05F089
:10A8600071F853EC1A2B04F095FD9FED3B0B41EC76
:10A870001A0B53EC102B9DED060B51EC100B05F051
:10A880006DFA9DED060B41EC1B0B53EC102B9DED6F
:10A89000020B51EC100B05F055F853EC1B2B04F098
:10A8A00035FE53EC1A2B05F059FA9DED021B53ECC3
:10A8B000112B05F053FA53EC192B05F077F9CDE97C
:10A8C000020101EB065001150029C8BF039015DCF9
:10A8D0009DED020B324651EC100B05F0D6FBFEF756
:10A8E00025FE042808BF01F09BF932469DED020BBE
:10A8F00051EC100B05F0C9FBCDE902019DED020BF7
:10A9000051EC180B53EC102B05F01CF8FFF73ABB79
:10A910000000904000000000FE822B654715973C28
:10A9200000CC904000346F3F01FCFFFF0000E03F8F
:10A93000005D0000FFFF0F0000000000432EE63F17
:10A94000396CA80C615C20BEEF39FAFE422EE63F5E
:10A95000605A0000000000000000000000000040FD
:10A9600010B510EE100A2DED068BB7EE001A10EEA2
:10A97000901AB0EE418A0022A0F5000CDFEDFE9A9D
:10A980004FF00073BCF1FE4F4FF07F4403EB410CDE
:10A9900080F0B481BCF1804FC0F02082F7490144BF
:10A9A0009FEDF73AB1F5005F40F2D48200F58021C7
:10A9B000CB0C03F00F0101EE901AC3F307137F3B9A
:10A9C000A0EBC350B8EEE12A00EE100A1A44DFED06
:10A9D000ED2AF0EE411A42EE221AF0EE613A70EEE4
:10A9E000232A30EE632A12EE900A00F500606FF31E
:10A9F0000B0001EE900A73EEE13A33EE804AC1EEAD
:10AA0000223A22EE230A10EE100A00F500606FF3DE
:10AA10000B0000EE100A00EE612A00EE442A62EEFE
:10AA2000232A70EE221A21EEA12ADFEDD73A02EE98
:10AA3000233A23EE023A20EE012A22EE811A03EE97
:10AA4000211A32EE010A10EE100A00F500606FF3D1
:10AA50000B0000EE100A72EE401A31EE812A9FEDD3
:10AA6000CB1A60EE011A9FEDCA1A20EE011A9FED73
:10AA7000C90A02EE001A31EE810A10EE100A00F542
:10AA800000606FF30B0000EE100AC34871EEC01AAD
:10AA900031EE812A784400EBC10090ED003AD0ED10
:10AAA000011A100101EE100AF8EEC12A32EE211A45
:10AAB00031EE001A31EE031A31EE221A11EE100AAD
:10AAC00000F500606FF30B0009EE100A39EE621A10
:10AAD00031EE431A31EE400A30EE610A32EE40AAFE
:10AAE00010EE900A002100F500606FF30B0008EEF5
:10AAF000900A084670EEE8AA4FF0000029EE280AF6
:10AB000000F00C01F0EEC00A10EE900AB0F18B4F8D
:10AB10000DDD10EE900AB4EB400F08D310EE100AD2
:10AB20004FF08B4262F31E0008EE900A13E069EECC
:10AB30002A0A38EEAA1A4AEE010A30EE201A11EE5D
:10AB4000100A00F500606FF30B0008EE900A30EE7B
:10AB5000680A70EE209A0C204FF0000038EEA90A27
:10AB6000B5EEC00AF1EE10FA34BFFEEE000AF6EEC2
:10AB7000000A30EE800ABDEEC00A10EE100A011184
:10AB800000EE101AF8EEC00A00EE100AB8EEC00A85
:10AB900038EEC00A30EE290ADFED801A9FED801AE8
:10ABA00000EE211ADFED7F1A7F4900F00F0040EE22
:10ABB000011A21EE800A794401EB800191ED001A1F
:10ABC0007A49794401EB8001D1ED001A784901EE10
:10ABD000801A794401EB8000764990ED000A31EE4D
:10ABE000001AB0EEE00A10EE100A884215DA10EEF4
:10ABF000100AB4EB400F10D39FED6F0A30EE800ABD
:10AC0000DFED6E0A20EE200A68EE010ABDEC068B2D
:10AC1000BCEEC00A20EE200A10BD10EE100A6849F2
:10AC2000884243DA10EE100AB4EB400F3ED3BDEE7B
:10AC3000E00A68EE010A10EE100A00EBD072511023
:10AC4000C90501F17E5100EE101AA0EB6200C005AB
:10AC500060EE200A00F17E5000EE100A60EE808A5D
:10AC600018EE900AB4EB400F0FD10220F5F7B0FCBC
:10AC700000F0FEFF10EE101A18EE100ABDEC068B65
:10AC800061F31E0000EE100A10BD18EE900A40009D
:10AC900011D018EE900AFEF761FC042808BF00F0FE
:10ACA000EFFFB0EE680ABDEC068B10BDF5EEC00AF2
:10ACB000F1EE10FA0FD20220F5F78AFC00F0E0FF67
:10ACC00010EE101A18EE100ABDEC068B61F31E0090
:10ACD00000EE100A10BD0220F5F77AFC00F0C8FF64
:10ACE00010EE101AB0EE480A10EE100ABDEC068BFA
:10ACF00061F31E0000EE100A10BD00BFBCF1804FD2
:10AD00006CD300BF00F1FF43B3F1FE4F24D200BF6C
:10AD1000B0EEC00A10EE100AC1F3C7537F2B0DDB53
:10AD2000972BBFF63BAEC3F196034FF0010C0CFA24
:10AD300003F3A3F1010C1CEA010F08D00120F5F781
:10AD400047FCBDEC068BBDE8104000F089BF0B420C
:10AD500018BFBFEE008A21E643001CBF4FF080738E
:10AD6000B3EB400F34D96FF01A02DFED161A20EE64
:10AD7000210A10EE100A27E000000000001080C039
:10AD8000ABAAAA3E0000803D7EE24C3E00B03842B5
:10AD9000D49AB8BB3BAA384220580000FC5963370C
:10ADA000C9FF753A1872313DBE570000F2570000D6
:10ADB000625700000000FC420000FE420000004B11
:10ADC000000040430000004D10F0004FA0D1E5E529
:10ADD000A0F50003B3F1FE4F21D2DFE503EB410301
:10ADE000B3F1007F11D3F5EEC00AF1EE10FA05D1F0
:10ADF000430018BFB4EB400F76D883E701F0004161
:10AE000041F0FC5100EE901A7CE7B3F1807F06D24E
:10AE100010EE903AA3F5000300EE903A72E720F0AE
:10AE200000426FF0FF4C604C02EB0C03A34210D3C6
:10AE300021F000439C44A4450BD3B0F17E5F18BFC2
:10AE40005FEA410C50D0B2F1FF4F98BFB3F1FF4F12
:10AE500005D9BDEC068BBDE8104000F0FEBEB0F198
:10AE6000FF4F0FD0C1F3C7527F2A09DB972A11DAAF
:10AE7000C2F19602012303FA02F2531E0B4205D0DF
:10AE8000002208E011F0004F55D128E00A4218BF17
:10AE9000012200D1022210F5000F13D028B3B0F127
:10AEA000004F26D010F1814F4FD04FF0FE42B2EB51
:10AEB000400F94BF01200020012202EBE171884283
:10AEC00039D10CE011F0004F02D0012A38D032E025
:10AED000012A02BF9FED350ABDEC068B10BD9FED28
:10AEE000340ABDEC068B10BD2FE011F0004F0CD1E1
:10AEF00021E0B1F1FF4F1ED011F5000F05D011F088
:10AF0000004F15D00AB1012A08D00220F5F760FBE6
:10AF1000BDEC068BBDE8104000F092BE0220F5F7B4
:10AF200057FB00F08DFEBDEC068BB1EE400A10BD64
:10AF30000AB1012A04D0B0EE690ABDEC068B10BD3F
:10AF4000BDEC068B9FED1B0A10BDBDEC068BB7EE6A
:10AF5000000A10BD30EE410AB5EE001A9FED172A27
:10AF600000EE413AB6EE001A60EE001A00EE431A07
:10AF700061EEC11A9FED101A20EE011A20EE020AAE
:10AF80009FED0F2A01EE820A71EE001A11EE900A6F
:10AF900000F500606FF30B0009EE100A31EE491A5C
:10AFA00031EE00AA9CE50000FFFF3F00000080FF9B
:10AFB0000000807F0000008000B0B841D49A38BB08
:10AFC0003BAAB8410000000010B52F499FED2C1B93
:10AFD0002DED020B84B0059820F000408842DCBFC4
:10AFE00000209DED040B32DD2849884209D10498E8
:10AFF00040B94FF00100F5F7EBFA00F0F1FD06B0B3
:10B0000010BD05DB9DED040B00F0D6FD06B010BDB4
:10B0100068469DED040B00F0CFF910F0030011D04D
:10B02000012818D09DED021B9DED000B02281AD0BF
:10B0300000F0DEFB51EC100B04F06EF906B041ECB1
:10B04000100B10BD9DED021B9DED000B012000F0CB
:10B0500003FD06B010BD9DED021B9DED000B00F041
:10B06000C7FB06B010BD012000F0F6FC51EC100B40
:10B0700004F052F906B041EC100B10BD00000000C6
:10B080000000000000000000FB21E93F0000F07F0D
:10B0900000B510EE101A2DED028B81B0524A6846B1
:10B0A000B2EB410F2ED94FF0E640B0EB410F94BF09
:10B0B00000204FF0FF3000900098B0EE408A00284A
:10B0C0006ADB10F0010F4BD068EE080A9FED471ABB
:10B0D0009FED470A00EE810A9FED461A10F0020F1D
:10B0E00000EE801AB7EE000A00EE810A02BF01B03E
:10B0F000BDEC028B00BD00BF01B0B1EE400ABDEC5B
:10B10000028B00BD3C4B21F00042934241D911F02B
:10B11000004FDFED3A0A20EE201ADFED390A19BFA1
:10B1200031EE601A71EE200A31EE201A71EE600ADB
:10B13000BDEEE01A11EE100A9FED321A00F0030086
:10B1400000EEC10A9FED301A009000EEC10A9FED9B
:10B150002F1A00EEC10A9FED2E1A00EEC10AABE7CE
:10B1600028EE080A9FED2B1ADFED2B0A10F0020FD4
:10B1700040EE410A9FED291A00EE201A61EE000A06
:10B18000B0EE480A08EE200AB6D101B0BDEC028B41
:10B1900000BD00F07DFD8FE718EE100A4000B0F111
:10B1A0007F4F0DD218EE100AFEF7D8F9042808BF19
:10B1B00000F066FDB0EE480A01B0BDEC028B00BDA8
:10B1C00009D10120F5F704FA01B0BDEC028B5DF85E
:10B1D00004EB00F045BD01B0B0EE480ABDEC028BB7
:10B1E0005DF804EB00F036BDB61F927EB93AB2BAF4
:10B1F000CA9F2A3DDDFFFFBE490E494683F9223F23
:10B200000000004B0000C93F00A0FD390020A23320
:10B210001A61342C336D4C39DA82083CA0AA2ABE5C
:10B2200000B52DED048BB0EE409AF0EE609A83B03D
:10B2300051EC190B04F0C6FC41EC180B18EE100A87
:10B2400018EE901A8DED008B002818BF01200843DE
:10B2500020F00040C0F17F6000F1E040C00F14D04A
:10B2600019EE101A19EE900A8DED009B002918BFF7
:10B270000121084320F00040C0F17F6000F1E04070
:10B28000C00F04BF0120F5F7A3F9B0EE480A03B0E0
:10B29000F0EE680ABDEC048B00BD10B52DED028BFD
:10B2A000B1EEC08A18EE100A20F00040C0F1FF4055
:10B2B000C00F0AD010EE100A20F00040C0F1FF408D
:10B2C000C00F04BF0120F5F783F9B0EE480ABDECCA
:10B2D000028B10BD10B510EE104A2DED028B4FF011
:10B2E0007F40B0EEC08AB0EB440F55D318EE101A71
:10B2F0002C4A914220DD18EE101AB0EB410F1BD3FF
:10B3000018EE101A284AF7EE008A914207DD18EE6F
:10B31000101AB0EB410F28BFB0EE680A35D238EEF4
:10B32000080AFEF701FC70EE280AB0EE001A81EE62
:10B33000200A38EEC00A28E018EE101AB1F1665F54
:10B340000FDA18EE101AB0EB410F0AD318EE100AFC
:10B35000FEF704F9042808BF00F092FCB0EE480A9A
:10B3600013E028EE080ADFED110ADFED111A9FED58
:10B37000111A40EE210A60EE800A30EE010A80EEDA
:10B38000801AB0EE480A08EE010A002CB8BFB1EEF0
:10B39000400ABDEC028B10BDBDEC028BBDE8104035
:10B3A00000F058BC549F0C3FB32C1041C6E252BF72
:10B3B000B2117BBB1A2A1E402DE9F14F04462DED38
:10B3C000020B2DED088B8AB09FEDE70B80ED020B91
:10B3D000139EE74826F0004585420ADC9DED120BDE
:10B3E000002084ED000B0AB0BDEC088B03B0BDE873
:10B3F000F08FE0489FEDE0AB9FEDE1BBA84247DD59
:10B40000E14F9FEDE39B9FEDE48B9DED120B53EC21
:10B410001A2B51EC100B002E1CDD04F09FFC41ECAC
:10B42000100BBD4208D053EC1B2B51EC100B04F059
:10B4300095FCC4E900010BE053EC192B51EC100B07
:10B4400004F08CFC53EC182B04F088FCC4E90001D8
:10B450000120C8E703F09EFF41EC100BBD4208D06D
:10B4600053EC1B2B51EC100B03F094FFC4E90001CB
:10B470000BE053EC192B51EC100B03F08BFF53EC4A
:10B48000182B03F087FFC4E900014FF0FF30AAE753
:10B49000C348A84279DB9DED120B51EC100B00F074
:10B4A00095FE41EC180B9FEDC00B53EC102B04F0F4
:10B4B00049FA9FEDBF1B53EC112B03F06BFF04F017
:10B4C0007DF9074604F0D7F941EC190B53EC1A2B20
:10B4D00004F038FA53EC182B04F068FB41EC180B1D
:10B4E00053EC1B2B51EC190B04F02CFADFF8C8A21B
:10B4F00041EC100B4FEA15580125FA4453EC102B80
:10B5000051EC180B04F02AFC032DC4E900013DD0D6
:10B51000C1F30A5005EB4511A8EB00001139814237
:10B5200034DA0AEB051BB0EE48AA9BED000BF0EEF7
:10B5300068AA53EC102B51EC190B04F003FA41EC00
:10B540001B0B51EC1A0B53EC1B2B04F007FC41ECCA
:10B55000180B51EC1A0B53EC182B04F0FFFB53ECB7
:10B560001B2B04F0FBFB9BED020B41EC1A0B53EC85
:10B57000102B51EC190B04F0E5F953EC1A2B04F0E5
:10B58000EDFB41EC100B6D1CB8E70EE0002EA8BFE0
:10B590003846BFF628AF94ED000B51EC100B03F0CA
:10B5A000BBFEC4E9000178421DE7C6F3130040F476
:10B5B000801EC6F30A50A0F2F530471100F01F05B7
:10B5C000C5F12000DDF848B00890002006900790F3
:10B5D0000520EC467949002D07EB0002794408BFAD
:10B5E00051F8221009D051F8223001EB8201AB4012
:10B5F0004A68089922FA01F11943A1FB0E26A1FB22
:10B600000B131A449A4234BF0123002303EB0608AC
:10B610000CEB8003D3E901A60E448E4234BF012116
:10B62000002192448A4411B1924502D903E0924527
:10B6300001D2012100E00021C3E901A641444CF8F8
:10B640002010011EA0F10100C4DC029800F100509E
:10B65000850F0298DDE903678000DDF8148004F0AF
:10B660000AF941EC1A0B304604F01CF99FED541B0B
:10B6700053EC112B04F066F941EC1B0B384604F037
:10B6800011F99FED511B53EC112B04F05BF941ECC8
:10B69000180B404604F006F99FED4D1B53EC112B9F
:10B6A00004F050F941EC190B51EC180B53EC192B29
:10B6B00003F070FE53EC1B2B03F06CFE53EC1A2BC3
:10B6C00003F068FECDE90801002008909DED080B0D
:10B6D00053EC1A2B51EC100B04F040FB53EC1B2BDA
:10B6E00004F03CFB53EC182B04F038FB53EC192B03
:10B6F00004F05CFA9FED381B53EC112B04F022F997
:10B700009FED370B41EC180B53EC102B9DED080B04
:10B7100051EC100B04F016F953EC182B03F03AFE21
:10B720009FED310B41EC180B53EC102B9DED080BEA
:10B7300051EC100B04F006F953EC182B03F02AFE21
:10B7400041EC100B139810F0004F06D06D4251ECF5
:10B75000100B03F0E1FD41EC100B284684ED000BCB
:10B7600041E60000000000000000000000000000B2
:10B77000FB21E93F7CD9024000004054FB21F93F06
:10B780003163621A61B4D03DFB21F93F0000000033
:10B790000000601A61B4D03D7370032E8A19A33B78
:10B7A000FB2139410000000083C8C96D305FE43FD0
:10B7B000000000000000E03F324F0000804E00001B
:10B7C000000000000000103E000000000000103CDF
:10B7D000000000000000103A182D4454FB21F93DF0
:10B7E0003326A611460B113C00000054FB21F93D05
:10B7F00010B52DED040B2DED088B82B0B0EE419A03
:10B80000F0EE619A0B9820F000449FED4BABB4F141
:10B81000795F11DA9DED0A0B51EC100B03F0CEFFAE
:10B82000002801BFB0EE4A0AF0EE6A0A02B0BDEC91
:10B83000088B04BF04B010BD9DED0A0B53EC102B18
:10B8400051EC100B04F07EF841EC180B3C4806213B
:10B85000B0EE480AF0EE680A784400F081F853EC44
:10B86000182B51EC100B04F06DF89DED0A0B41EC18
:10B870001B0B53EC192B51EC100B04F063F841EC4B
:10B88000190B53EC1B2B51EC180B04F05BF853EC29
:10B89000192B04F063FA9FED2C0B41EC190B53ECC0
:10B8A000102B51EC180B04F04DF841EC100B28480C
:10B8B000844210DA53EC192B51EC100B04F04EFAC1
:10B8C00053EC1A2B04F072F941EC100B02B0BDECF2
:10B8D000088B04B010BD1F48A042BCBF9FED1E1BCB
:10B8E0008DED001B06DBA4F50010019000200090F8
:10B8F0009DED001B51EC100B53EC112B04F02EFAB4
:10B900009DED000B41EC180B53EC102B51EC1A0B76
:10B9100004F024FA41EC1A0B53EC192B51EC180BE0
:10B9200004F01CFA53EC1A2B04F040F941EC100B14
:10B93000CCE7000000000000000000000000F03F25
:10B940009C4B000000000000000000000000E03FF1
:10B950003333D33F0000E93F000000000000D23F36
:10B9600070B504462DED028B4D1E00EBC500B0EE08
:10B97000408AF0EE608A90ED000B35F0060017D09B
:10B9800053EC182B51EC100B03F0DCFF41EC100BC7
:10B990006D1E04EBC50090ED001B51EC100B53EC39
:10B9A000112B03F0F7FC41EC100B35F00600E7D14A
:10B9B000022D36D0042D1CD0062D1CBFBDEC028BF1
:10B9C00070BD53EC182B51EC100B03F0BBFF94ED42
:10B9D0000A1B53EC112B03F0DDFC53EC182B03F086
:10B9E000B1FF94ED081B53EC112B03F0D3FC41EC99
:10B9F000100B53EC182B51EC100B03F0A3FF94ED3C
:10BA0000061B53EC112B03F0C5FC53EC182B03F071
:10BA100099FF94ED040B53EC102B03F0BBFC41ECAD
:10BA2000100B53EC182B51EC100B03F08BFF94ED23
:10BA3000021B53EC112B03F0ADFC53EC182B03F05D
:10BA400081FF94ED001B53EC112B03F0A3FCBDEC24
:10BA5000028B41EC100B70BD31B504462DED040B8B
:10BA60002DED0A8BB0EE41BAF0EE61BA0B989DED68
:10BA70000A0B20F00040B0F1795F0DDA51EC100BA9
:10BA8000FDF754FD042808BF00F0CAF89DED0A0B2D
:10BA9000BDEC0A8B05B030BD53EC102B51EC100BF4
:10BAA00003F050FF41EC180B9DED0A0B53EC182BE3
:10BAB00051EC100B03F046FF41EC190B2C48B0EE93
:10BAC000480AF0EE680A05217844FFF749FF9FED28
:10BAD0002ACBB0EE40AAF0EE60AA9CB353EC1C2B2C
:10BAE00051EC190B03F02EFF41EC1C0B53EC1A2BFD
:10BAF00051EC190B03F026FF9FED210B41EC190BC4
:10BB000053EC102B51EC1B0B03F01CFF53EC192BC7
:10BB100004F024F953EC182B03F014FF53EC1B2B07
:10BB200004F01CF953EC1C2B04F018F99DED0A1BD2
:10BB300053EC112B04F03AF8BDEC0A8B05B041EC44
:10BB4000100B30BDFFE753EC1A2B51EC180B03F030
:10BB5000F9FE53EC1C2B03F01DFC53EC192B03F0E6
:10BB6000F1FE9DED0A1B53EC112B03F013FCE3E7F0
:10BB70004C4A000000000000495555555555C5BFB9
:10BB8000000000000000E03F9FED070B10B553ECF4
:10BB9000102B9FED070B51EC100B03F0B7FC41ECA1
:10BBA000100B10BD000000000000000000000000AD
:10BBB000000000000000F03F10B553EC102B51ECDA
:10BBC000100B03F0E7FB41EC100B10BD10B553EC6C
:10BBD000112B51EC100B03F0DDFB41EC100B10BDF1
:10BBE0009FED050B10B553EC102B51EC100B03F02F
:10BBF0008DFC41EC100B10BD0000000000000000A7
:10BC00009FED050B10B553EC102B51EC100B03F00E
:10BC100099FE41EC100B10BD000000000000007008
:10BC20009FED050B10B553EC102B51EC100B03F0EE
:10BC300089FE41EC100B10BD000000000000001058
:10BC4000DFED030AB7EE001A81EE200A704700000C
:10BC50000000000030EE000A704730EE200A704706
:10BC6000DFED020A80EEA00A70470000000000002D
:10BC70009FED020A20EE000A7047000000000070ED
:10BC80009FED020A20EE000A70470000000000103D
:10BC90002DE9F0014FF07F42B2EB410F9FBF4FF013
:10BCA000FF310160BDE8F00170474FF0004242EA09
:10BCB0000123C1F3C752783A551112F01F0C434CBF
:10BCC000CCF120067C44C1F3C752A2F178024FEABE
:10BCD000621204EB820254F8254008BFD2E90156F3
:10BCE00012D0556804FA0CF425FA06F73C4397681D
:10BCF00005FA0CF527FA06F8D26807FA0CFCF240B0
:10BD000045EA08054CEA0206A4FB034CA5FB0352D6
:10BD1000A6FB03631D449D4234BF01260026131970
:10BD2000334416B1934202D903E0934201D2012277
:10BD300000E00022624402F1200C9206DC0C42EA90
:10BD4000443200EE102A5B03DFED210AF8EEC01A40
:10BD500000EE103A4FEA9C1C11F0004FB8EE400A7A
:10BD6000C0F800C020EE201A00EE105ADFED190ACC
:10BD7000B8EE400A20EE200A71EE810A70EE800AC9
:10BD800010EE902A02F500626FF30B0200EE902A8B
:10BD900070EEE11A31EEC11ADFED101A30EE411AE1
:10BDA0009FED0D0A20EE800A01EE210A9FED0C1A8C
:10BDB00000EE810A04BFBDE8F0017047CCF180516C
:10BDC0000160BDE8F001B1EE400A70473048000064
:10BDD000000000360000802C22AAFD29DB0FC92FAD
:10BDE0000000C92F00BF704770B52DED0A8BB0EE73
:10BDF000408AF0EE608A04460D463E4890ED000A07
:10BE0000B0EE409A3C4890ED000AF0EE409A3B4874
:10BE100090ED180ADFED3A0A20EE200A10EE101A13
:10BE2000084604F085F841EC1C0BB0EE4C0AF0EE2D
:10BE30006C0AFDF76DFDB0EE40BAF0EE60BA51EC61
:10BE40001B0B03F075FA0AEE100A2C4890ED190A44
:10BE5000DFED2B0A20EE200A10EE101A084604F03F
:10BE600067F841EC1C0BB0EE4C0AF0EE6C0AFDF7E3
:10BE70004FFDB0EE40BAF0EE60BA51EC1B0B03F090
:10BE800057FA0AEE900A28EE0A0ADFED1E0A80EE43
:10BE9000201AB0EE413AB0EE430A00F0A3F9DFED0C
:10BEA0001A0A20EE200AF0EE402AB0EE491AF1EE0E
:10BEB000490AF6F78DF984ED000A28EEAA0ADFEDAB
:10BEC000110A80EE201AB0EE413AB0EE430A00F0BB
:10BED00089F9DFED0D0A20EE200AF0EE402AB0EEDF
:10BEE000691AF1EE690AF6F773F985ED000ABDECFF
:10BEF0000A8B70BD980700209C0700205402002088
:10BF00002EFA8E3C902A7544ED2E654210B52DED2B
:10BF1000088B0446F0EE408A404890ED000ADFEDC1
:10BF2000400A20EE200AB0EE40BAF5EEC08AF1EEEB
:10BF300010FA1AD8B7EE000A84ED000A9FED390A0C
:10BF400084ED010A9FED370A84ED020A9FED350A60
:10BF500084ED030A9FED330A84ED040A9FED310A54
:10BF600084ED070ABDEC088B10BDF4EECB8AF1EE30
:10BF700010FA01DDF0EE4B8A9FED2B0A28EE800AC5
:10BF80002648D0ED000AC0EE20AAB0EE6A0AFDF7FE
:10BF900023FDB0EE409AB0EE6A0AFFF779F8F0EEB2
:10BFA000409A9FED220A89EE80AAB7EE000A3AEE87
:10BFB000008AB7EE000A30EE490AF6EE000A20EEDB
:10BFC000200AC0EE080AC4ED000AB7EE000A30EEFF
:10BFD000490AC0EE080AC4ED010AB7EE000A30EEC5
:10BFE000490AF6EE000A20EE200AC0EE080AC4ED67
:10BFF000020AB8EE000A29EE000AC0EE080AC4EDF3
:10C00000030AB7EE000A30EE4A0AC0EE080AC4ED91
:10C01000040AC4ED078A00BFA4E70000200700203F
:10C020006666E63E00000000DB0FC940F304B53F42
:10C0300010B52DED068B0020F5F7A0F90020F5F7DF
:10C04000B9F9642000F0B4F800217C20F5F7CAF9B2
:10C0500004217D20F5F7C6F90020F5F78FF90020BF
:10C06000F5F7A8F90020F5F789F94B490870002089
:10C07000F5F7A0F949490870474800781E2803D110
:10C08000084600780F280ED0B6217E20F5F7AAF9D1
:10C09000B6211420F5F7BCF9322000F089F8012010
:10C0A000BDEC068B10BD0220F5F768F900F01D000D
:10C0B00060B1B6217E20F5F795F9B6211420F5F789
:10C0C000A7F9322000F074F80120E9E7AC21402004
:10C0D000F5F788F90A2000F06BF801214120F5F707
:10C0E00081F90A2000F064F800217C20F5F77AF944
:10C0F0000A2000F05DF804217D20F5F773F90A208D
:10C1000000F056F84120F5F739F9441C204603F0B9
:10C11000B2FB41EC1A0BB0EE4A1AF0EE6A1A9FED30
:10C12000200BFDF7F5FDB0EE409AF0EE609A9FED22
:10C130001C0B53EC102B51EC190B03F02BF941ECB9
:10C14000180B03F06BFB184908600A2000F030F868
:10C1500001210F20F5F75CF90A2000F029F80021F1
:10C160001020F5F755F90A2000F022F800211120DF
:10C17000F5F74EF90A2000F01BF8642000F018F8DB
:10C1800003E0F6F7BFFD0949086008480068002889
:10C19000F7D0002084E70000E8010020E90100203A
:10C1A0000000000000000040E4010020EC0100203D
:10C1B00010B5002107E04AF2104200BF131EA2F1A1
:10C1C0000102FBD1491C8142F5D310BD82B0CDE9FB
:10C1D000000121F0004001909DED000B02B051ECF8
:10C1E000100B7047F0EE400A20EEA00AB0EE401AA5
:10C1F000DFED071A9FED070A01EE210A60EE201A13
:10C200009FED050A31EE002A81EE820A7047000098
:10C21000D72DE03ED9E7D73FDCE7D73F7047000096
:10C22000F0EE400AF6EE001A60EEA11AB0EE611AC6
:10C23000B0EE600A10EE100A0749A1EB600000EEB4
:10C24000100A21EE002AF7EE081A42EE401A61EEBB
:10C25000801AB0EE610A7047DF59375F10B50346A8
:10C260009FED363AB0EE430A9FED343AF0EE430AC2
:10C270009FED323AF0EE431A9FED303AB0EE431A9A
:10C280009FED2E3AB0EE432A00202CE003EB800411
:10C29000D4ED003A03EB800494ED004AB0EE413A4D
:10C2A00003EE843AB0EE431A01EB800494ED003AB9
:10C2B00033EE213AF0EE431A03EB800494ED003A9A
:10C2C00033EE203AF0EE430A03EB8004D4ED003A5B
:10C2D00001EB800494ED004AB0EE423A03EE843A5A
:10C2E000B0EE432A401C9042D0DB03EE102AB8EE99
:10C2F000C33A23EE013AF0EE432A40EEE02AF5EE8F
:10C30000C02AF1EE10FA04D19FED0D3AB0EE430AC7
:10C3100013E003EE102AB8EEC33A63EE023A40EEA1
:10C32000E13A03EE102AB8EEC33A23EE013A00EEEA
:10C33000E03A83EE834AB0EE440A10BD00000000EC
:10C3400000401C461CB5F5F779F807480121002389
:10C350008022CDE9001005A1074802F0FBFC02F0A5
:10C360004FF800201CBD00000000002073746172B3
:10C37000745F7461736B000025D600082DE9F041ED
:10C3800005460E461C4807681C480068001D01F061
:10C390006FFC50B91948006890F82C1001208840B3
:10C3A00017490968814316480160681C38B936B1DD
:10C3B00012480168091D134801F098FC1AE07C1925
:10C3C0000E4800684460BC4207D20C480168091D51
:10C3D0000D48006801F070FC0CE008480168091D78
:10C3E0000A48006801F068FC09480068844201D2EC
:10C3F00007480460BDE8F081EC070020D807002062
:10C40000F0070020BC550120E0070020DC070020D9
:10C410000808002010B5044601F074FC24480068A8
:10C42000401C234908602348006840B92148046043
:10C430000846006801280DD100F0EEF90AE01E4818
:10C44000006838B91B480068C06AE16A884201D8B0
:10C450001848046019480068401C184908600846DC
:10C460000068606494F82C10012088401449096821
:10C47000084313490860E16A01EB8101114A02EBAC
:10C480008100211D01F032FC01F080FC0A480068A7
:10C4900068B108480068C06AE16A884207D24FF074
:10C4A000805009490860BFF34F8FBFF36F8F10BDF5
:10C4B000E8070020D8070020F40700200408002027
:10C4C000F0070020EC52012004ED00E010B501F06F
:10C4D00019FC10480068D0B90F4801F0DDFB0F4887
:10C4E00001F0DAFB0C480E4908600C480D49086061
:10C4F00000221021052002F0FDF8064908600846D8
:10C50000006820B108A10348006801F033FD01F084
:10C510003DFC10BD1C080020D0550120E455012031
:10C520001408002018080020546D7251000000000B
:10C5300070B523E001F0BAFF1348006808B9012084
:10C5400000E00020054602F0CBFDBDB901F0DAFBAA
:10C550000D48C068C468201D01F08AFB0B480068C4
:10C56000401E0A4908600A480068401E08490860E1
:10C5700001F00CFC204600F060F800BF04480068A1
:10C580000028D7D170BD0000A8550120E807002081
:10C59000E407002070B504460D46206C70B1216C94
:10C5A000E0680844E0606168E068884201D3206880
:10C5B000E0602846226CE168F3F782FF70BD2DE948
:10C5C000F04104460F4615464FF00008A66B206C5C
:10C5D00040B9206860BB606802F0BCFC8046002067
:10C5E000606025E07DB93946226CA068F3F768FFEA
:10C5F000216CA0680844A060D4E90110884217D3D8
:10C600002068A06014E03946226CE068F3F758FF18
:10C61000216CE068401AE0602168E068884203D23B
:10C62000216C6068401AE060022D01D106B1761ECF
:10C63000701CA0634046BDE8F08110B50446206B35
:10C6400001F0DCFB204601F0D9FB10BD0146084A91
:10C65000126812680AB9012200E000220A600A6822
:10C6600022B9034A1268D268106800E000207047BF
:10C670001408002030B54FF4A043174800F0070419
:10C680002CB1C01D20F00700134C041B1B1B0246DD
:10C69000124C22600024114D6C60D018083820F034
:10C6A00007000F4C206000240D4D2D686C600C4D70
:10C6B0002D682C601146441A4C60094C24680C60AB
:10C6C000084D4C682C60084D4C682C604FF00044BD
:10C6D000064D2C6030BD0000F855012034080020C4
:10C6E0003C080020440800204008002048080020A2
:10C6F00000BFFFF71DFF064800680128F9D94FF079
:10C70000805004490860BFF34F8FBFF36F8FF0E78D
:10C71000EC52012004ED00E02DE9F04106460D4603
:10C7200017469846069C0DB9246000E02760E66332
:10C7300025640121204602F0FBF884F85080002097
:10C74000A064BDE8F08100002DE9F05F82460F464D
:10C7500090469B460A9E0C9C4FEA8801A522206BBE
:10C76000F3F725FFA8F10100216B01EB800929F007
:10C77000070909F0070008B9012000E0002028B9E6
:10C7800040F22B321BA120A0F3F7F4FD002507E0B7
:10C79000795D04F134004155785D00B902E06D1C0B
:10C7A000102DF5D300BF002143200155202E00D3CA
:10C7B0001F26E662E66400202065201D01F079FA5C
:10C7C00004F1180001F075FA2461C6F12000A0619F
:10C7D00064620020606584F858005A465146484615
:10C7E00000F002FC20600B9808B10B980460BDE8D3
:10C7F000F09F00002E2E5C4672656552544F535CCC
:10C800007461736B732E63004572726F723A257395
:10C810002C25640D0A00000010B5002407E004EB8D
:10C8200084010F4A02EB810001F036FA641C202CCF
:10C83000F5D30C4801F030FA0B4801F02DFA0B4803
:10C8400001F02AFA0A4801F027FA0A4801F024FA0E
:10C8500004480949086004480849086010BD000000
:10C86000EC5201206C550120805501209455012087
:10C87000A8550120BC550120DC070020E00700205E
:10C8800010B50146164800E0006803688B42FBD3F0
:10C890000246436813448B4204D143684C682344E6
:10C8A000436001460A464B6813440468A34211D111
:10C8B0000C4C03682468A34208D04B680468646881
:10C8C00023444B6003681B680B6005E0054B1B6845
:10C8D0000B6001E003680B60884200D0016010BD6E
:10C8E000340800203C0800202DE9F04104460D46A4
:10C8F00016461F464FF0000865602461B5420CD80B
:10C90000F01BA169884202D34FF0010811E0211DFC
:10C910000948006801F0D0F90BE0BE4204D2BD42E4
:10C9200002D34FF0010804E0211D0448006801F023
:10C93000C3F94046BDE8F081180800201408002023
:10C9400070B5054601F0DEF9A86B08B9012400E0D6
:10C95000002401F01BFA204670BD70B5054601F0B9
:10C96000D1F9A86BE96B884201D1012400E00024D1
:10C9700001F00CFA204670BD2DE9F3410D460098F8
:10C98000846C00272CB940F6CE121AA11EA0F3F732
:10C99000F1FCA06BE16B884201D2012000E0002095
:10C9A00028B940F6CF1213A117A0F3F7E3FCA06B50
:10C9B000E16B88421BD294F945602A4669462046BD
:10C9C000FFF7FDFD0746701C60B9606A08B90120D9
:10C9D00000E0002050B904F1240002F027FB28B148
:10C9E000012703E0701C40B284F8450000BF3846C0
:10C9F000BDE8FC812E2E5C4672656552544F535C37
:10CA000071756575652E63004572726F723A257394
:10CA10002C25640D0A000000F8B505460F461348A2
:10CA20000068C068C468201D01F022F9E06901288F
:10CA300018D1A06941192B463A462046FFF754FF0A
:10CA400080B1002003462A4601460090204602F0AD
:10CA500011FC06462EB94FF4027205A10AA0F3F7A5
:10CA600089FC00BF2046616A8847F8BD1408002091
:10CA70002E2E5C4672656552544F535C74696D6529
:10CA800072732E63000000004572726F723A257354
:10CA90002C25640D0A000000F0B587B070E0039803
:10CAA00000280CDA04AE2EB940F2E7223AA140A0E9
:10CAB000F3F760FCD6E90020B168904700BF039807
:10CAC00000285DDB059C606908B9012000E00020BA
:10CAD00010B9201D01F0CCF802A800F0C7F80546F7
:10CAE00003980A284AD2DFE800F00905072C2E45F2
:10CAF00006082D2F00BF00BF00BF00BF0498A26929
:10CB0000811803462A462046FFF7EEFEC0B12046B4
:10CB1000616A8847E069012812D1002000900498DA
:10CB2000A169421800231946204602F0A3FB0746DC
:10CB30002FB940F2213218A11DA0F3F71BFC00BF52
:10CB40001DE000BF1BE000BF0498A061A06908B110
:10CB5000012000E0002028B94FF44E720EA114A06D
:10CB6000F3F708FCA06941192B462A462046FFF737
:10CB7000BBFE04E0204601F041F900E000BF00BF29
:10CB800000231A4603A90E48006801F0EDFD0028B5
:10CB900085D107B0F0BD00002E2E5C46726565524F
:10CBA000544F535C74696D6572732E63000000000E
:10CBB0004572726F723A25732C25640D0A000000CD
:10CBC0001C080020F8B505460C4601F06FFC6846CD
:10CBD00000F04CF80646009820BB44B9B54206D890
:10CBE00002F07EFA31462846FFF716FF1CE03CB102
:10CBF0000E480068006808B9012000E000200446E3
:10CC0000A91B22460A48006801F0CAF902F068FA36
:10CC100050B94FF0805007490860BFF34F8FBFF302
:10CC20006F8F01E002F05CFAF8BD000018080020E8
:10CC30001C08002004ED00E00A490968096809B9E8
:10CC4000012100E0002121B14FF0FF31064A1160BF
:10CC500006E004490968C968C868034A4168116068
:10CC600070470000DC0700200808002070B504466B
:10CC700002F0B0F8054607480068854204D200F08B
:10CC80000BF80120206001E00020206001480560D1
:10CC9000284670BD240800202DE9F8432DE02148E6
:10CCA0000068C06805681F480068C068C468201D27
:10CCB00000F0DEFF2046616A8847E06901281CD148
:10CCC000A0694619AE4207D966602461211D154846
:10CCD000006800F0F1FF10E0002003462A460146FC
:10CCE0000090204602F0C6FA07462FB940F2923271
:10CCF0000DA113A0F3F73EFB00BF0A4800680068CF
:10CD000008B9012000E000200028C8D00548D0F86C
:10CD100000800F480068034908600D48C0F8008093
:10CD2000BDE8F883140800202E2E5C46726565521B
:10CD3000544F535C74696D6572732E63000000007C
:10CD40004572726F723A25732C25640D0A0000003B
:10CD5000180800200C480068401C08B9012000E0B9
:10CD6000002028B940F20F1208A113A0F3F702FB2C
:10CD700000BF502080F31188BFF34F8FBFF36F8F38
:10CD800000BF00BFFEE70000280800202E2E5C46F2
:10CD900072656552544F535C706F727461626C655A
:10CDA0005C525644535C41524D5F434D34465C7077
:10CDB0006F72742E630000004572726F723A2573B1
:10CDC0002C25640D0A00000008B500BF6846FFF777
:10CDD0003DFC044620460099FFF7F4FEFFF75CFE99
:10CDE000F4E770B5044600F08DFF94F945501AE061
:10CDF000A06C38B100212046FFF7BEFD88B101F0DC
:10CE000023FA0EE0606A08B9012000E0002038B97A
:10CE100004F1240002F00AF918B101F015FA00E05B
:10CE200003E0681E45B2002DE2DC00BFFF2084F85D
:10CE3000450000F0ABFF00F065FF94F9445010E0AE
:10CE4000206908B9012000E0002048B904F1100071
:10CE500002F0ECF808B101F0F7F9681E45B200E005
:10CE600001E0002DECDC00BFFF2084F8440000F05E
:10CE70008DFF70BD2DE9F04104464FF0000801F030
:10CE800015FB3E48006808B9FFF7F4FB3C48006812
:10CE9000204000285FD1A4B1083404F0070080B11D
:10CEA00004F00700C0F10800044404F0070008B9CA
:10CEB000012000E0002020B9BF2232A13BA0F3F7FF
:10CEC00059FA002C47D03D480068844243D83C4E74
:10CED0003046056801E02E462D686868A04202D2FF
:10CEE00028680028F7D125480068854233D030688B
:10CEF00000F10808286830606868001B102813D902
:10CF00002F1907F0070008B9012000E0002020B920
:10CF1000EC221CA125A0F3F72DFA6868001B7860AD
:10CF20006C603846FFF7ACFC244968680968081A49
:10CF3000224908600846006822490968884203D2ED
:10CF40001E4800681F4908600D4968680968084361
:10CF500068600020286002F0C3F808F0070008B9F4
:10CF6000012000E0002028B94FF4967205A10FA01F
:10CF7000F3F700FA4046BDE8F08100003C080020CD
:10CF8000480800202E2E5C4672656552544F535C53
:10CF9000706F727461626C655C4D656D4D616E673A
:10CFA0005C686561705F342E630000004572726FCB
:10CFB000723A25732C25640D0A00000040080020F9
:10CFC00034080020440800200648006830B10549B4
:10CFD000096801F15000096D491C016001480068B1
:10CFE00070470000D8070020001F4FF080730360D7
:10CFF000001F21F001030360001F054B036014387C
:10D000000260001F6FF002030360203870470000C9
:10D0100055CD000810B52DED088B98490988A1F56C
:10D020007A7002F028FC41EC1B0B9FED950B53EC42
:10D03000102B02F06BFA41EC1A0B9FED930B53ECA3
:10D04000102B02F07FFC41EC190B9FED910B53EC80
:10D05000102B02F09FF941EC180B02F069F98E4990
:10D06000086086494988A1F57A7002F004FC41EC19
:10D070001B0B9FED830B53EC102B02F047FA41EC96
:10D080001A0B9FED810B53EC102B02F05BFC41EC73
:10D09000190B9FED7F0B53EC102B02F07BF941EC49
:10D0A000180B02F045F97C49486074498988A1F55C
:10D0B0007A7002F0E0FB41EC1B0B9FED710B53EC1F
:10D0C000102B02F023FA41EC1A0B9FED6F0B53EC7F
:10D0D000102B02F037FC41EC190B9FED6D0B53EC5C
:10D0E000102B02F057F941EC180B02F021F96A49B4
:10D0F00088606249C988A1F57A7002F0BCFB41ECF6
:10D100001B0B9FED5F0B53EC102B02F0FFF941EC72
:10D110001A0B9FED5D0B53EC102B02F013FC41EC4E
:10D12000190B9FED5B0B53EC102B02F033F941EC24
:10D13000180B02F0FDF85849C860084690ED000A47
:10D14000DFED560AB4EEE00AF1EE10FA08D390EDE6
:10D15000000ADFED530AB4EEE00AF1EE10FA04DD46
:10D160009FED500A4C4880ED000A4B4890ED010AB3
:10D17000DFED4A0AB4EEE00AF1EE10FA08D390EDC2
:10D18000010ADFED470AB4EEE00AF1EE10FA04DD21
:10D190009FED440A404880ED010A3F4890ED020AA5
:10D1A000DFED3E0AB4EEE00AF1EE10FA08D390ED9E
:10D1B000020ADFED3B0AB4EEE00AF1EE10FA04DDFC
:10D1C0009FED380A344880ED020A334890ED030A97
:10D1D000DFED320AB4EEE00AF1EE10FA08D390ED7A
:10D1E000030ADFED2F0AB4EEE00AF1EE10FA04DDD7
:10D1F0009FED2C0A284880ED030A274890ED010A8C
:10D20000BCEEC00A10EE100A27490880224890EDB3
:10D21000000ABCEEC00A10EE100A48801E4890EDCD
:10D22000020ABCEEC00A10EE100AC8801A4890ED3F
:10D23000030ABCEEC00A10EE100A888001F0CAFD95
:10D2400004461A48006830B9B4F5FA7F10D90120B5
:10D25000174908700CE015480068201AB0F5FA7FED
:10D2600003D901201249087002E00020104908701B
:10D27000F8F754FBBDEC088B10BD0000584E0120A0
:10D2800000000000000089400000000000408F40C6
:10D29000000000000070A7404C0800200000E1449E
:10D2A0000040834500803B4508520120880700204C
:10D2B00084070020F0EE401AF4EEE01AF1EE10FAC6
:10D2C00002D2B0EE600A7047F4EEC11AF1EE10FA25
:10D2D00002DDB0EE410AF6E7B0EE610AF3E70000C6
:10D2E000F0EE400A9FED040A30EEC01ADFED031A9B
:10D2F00081EE210A7047000000803B4500007A441F
:10D30000012804D10121084A9171D1710BE0022852
:10D3100004D10021044A9171D17104E00021024A34
:10D3200091710121D17170471852012000B58DB063
:10D330007B4890ED000A8DED010A7A4890ED890A4C
:10D340008DED020AB0EE080A8DED030AB1EE000A77
:10D350008DED040AB1EE040A8DED050AB1EE080A5E
:10D360008DED060AB1EE0C0A8DED070AB2EE000A49
:10D370008DED080AB2EE020A8DED090AB2EE040A3A
:10D380008DED0A0AB2EE060A8DED0B0AB2EE080A1E
:10D390008DED0C0AAA20644908704870002088703E
:10D3A000C8709DF8040008719DF8050048719DF84B
:10D3B000060088719DF80700C8719DF80800087282
:10D3C0009DF8090048729DF80A0088729DF80B00CC
:10D3D000C8729DF80C0008739DF80D0048739DF805
:10D3E0000E0088739DF80F00C8739DF81000087434
:10D3F0009DF8110048749DF8120088749DF8130080
:10D40000C8749DF8140008759DF8150048759DF8BE
:10D41000160088759DF81700C8759DF818000876E5
:10D420009DF8190048769DF81A0088769DF81B0033
:10D43000C8769DF81C0008779DF81D0048779DF878
:10D440001E0088779DF81F00C8779DF8200081F89E
:10D4500020009DF8210081F821009DF8220081F82C
:10D4600022009DF8230081F823009DF8240081F814
:10D4700024009DF8250081F825009DF8260081F8FC
:10D4800026009DF8270081F827009DF8280081F8E4
:10D4900028009DF8290081F829009DF82A0081F8CC
:10D4A0002A009DF82B0081F82B009DF82C0081F8B4
:10D4B0002C009DF82D0081F82D009DF82E0081F89C
:10D4C0002E009DF82F0081F82F009DF8300081F884
:10D4D00030009DF8310081F831009DF8320081F86C
:10D4E00032009DF8330081F8330000BF0F48F4F795
:10D4F000B9FF0028FAD10E490C48F4F7D7FE0021F5
:10D500000A48F4F7EDFE084808497039C867342026
:10D51000486701210548F4F7E3FE0DB000BD0000A7
:10D520006C000020F8020020C00B00207060024058
:10D5300020800020014600BF0948008800F002005A
:10D540000028F9D00648001D018000BF044800886B
:10D5500000F001000028F9D00148001D0088704744
:10D560000838004000B52DED048B83B041EC190B59
:10D5700002F028FB41EC180B18EE100A18EE901A76
:10D580008DED008B002818BF0120084320F00040DB
:10D59000C0F17F6000F1E040C00F14D019EE101A06
:10D5A00019EE900A8DED009B002918BF0121084358
:10D5B00020F00040C0F17F6000F1E040C00F04BFE8
:10D5C0000120F3F705F851EC180B03B0BDEC048B08
:10D5D00000BD10B500EE100A2DED028BB1EEC08A31
:10D5E00018EE100A20F00040C0F1FF40C00F0AD032
:10D5F00010EE100A20F00040C0F1FF40C00F04BF41
:10D600000120F2F7E5FF18EE100ABDEC028B10BD09
:10D6100010B5F3F7E7FFFBF73BF9F4F7E9FBFBF78E
:10D6200097FE10BD1CB5044600F06CFB2948012193
:10D6300000234FF4FA72CDE9001027A12B4801F026
:10D6400089FB2B48042100234FF4FA72CDE9001026
:10D6500028A12D4801F07EFB2C48042100234FF423
:10D66000FA72CDE900102AA12D4801F073FB2D4874
:10D67000042100234FF4FA72CDE900102AA12E48AC
:10D6800001F068FB2D48042100234FF4FA72CDE924
:10D6900000102BA12E4801F05DFB2E480421002331
:10D6A0004FF4FA72CDE900102BA12F4801F052FB84
:10D6B0002E48022100234FF4FA72CDE900102CA16C
:10D6C0002E4801F047FB2E48006800F037FD00F0BF
:10D6D0005DFB1CBD0400002053797374656D4D6FB4
:10D6E0006E69746F725F5461736B0000F9790008A2
:10D6F00008000020494D555F446174614465616CC8
:10D700005F5461736B000000A93500080C00002015
:10D71000494D5553616D706C655F5461736B0000CA
:10D72000813500081000002053746162696C697AC9
:10D7300065725F5461736B00617300081400002010
:10D7400052656D6F7465725F5461736B0000000009
:10D75000115B0008180000204175746F666C795FDA
:10D760005461736B00000000151300081C000020BA
:10D7700053656E645F5461736B000000616D000857
:10D780000000002010B53A48807908B9012010BD8A
:10D790003748C079012801D00120F8E70120F7F7C8
:10D7A000D3FF38B90220F7F7CFFF18B90320F7F7F6
:10D7B000CBFF08B10120EAE72E4890ED6D0ADFEDBE
:10D7C0002E0AB4EEE00AF1EE10FA08D390ED6D0ADD
:10D7D000F7EE080AB4EEE00AF1EE10FA01DD0120DE
:10D7E000D5E72648007828B3224890ED910A2448CE
:10D7F000D0ED000A30EE600AB0EEC00ADFED210A7B
:10D80000B4EEE00AF1EE10FA01DD0120BFE719489D
:10D8100090EDA30A1C48D0ED000A30EE600AB0EE8D
:10D82000C00ADFED180AB4EEE00AF1EE10FA01DDED
:10D830000120ACE70F4890ED010AB0EEC00AF3EE0C
:10D840000E0AB4EEE00AF1EE10FA01DD01209EE7C7
:10D85000084890ED130AB0EEC00AF3EE0E0AB4EEDB
:10D86000E00AF1EE10FA01DD012090E700208EE7DA
:10D8700018520120F80200209A99993E1C070020B6
:10D880000C070020000048421007002030B101289A
:10D8900005D0022806D003280AD106E000BF9FED7C
:10D8A000060A70479FED050AFBE79FED050AF8E7BA
:10D8B0009FED040AF5E700000000B442000070424A
:10D8C000CDCCCC3E0000000004200F4908709FED35
:10D8D0000F0A0F4880ED000A9FED0C0A0D4880EDFD
:10D8E000000A0D4890ED000A0C4880ED900A0C48A3
:10D8F00090ED000A094880EDA20A0A4890ED000A5E
:10D90000064880ED6C0A7047E80600200000000021
:10D9100000070020080700200C070020F802002064
:10D92000100700201407002010B52DED048B384897
:10D9300090ED000AF7EE080A30EE200AB0EE408AB9
:10D94000B7EE080A38EE000AF0EE408A314890ED52
:10D95000000AF7EE080AB4EEE00AF1EE10FA1ED261
:10D9600001202D4908702B4890ED000ADFED2B0AAD
:10D9700020EE200AF7EE080A80EE201AB0EE419A57
:10D98000B0EE490AFCF728F8F7EE000A30EEC00ABC
:10D99000F6EE000A20EE200ABDEC048B10BD1D48F7
:10D9A00090ED000AB4EEC80AF1EE10FA05D202209A
:10D9B00019490870B7EE000AEEE7164890ED000A24
:10D9C000B4EEE80AF1EE10FA1DD290ED000A30EE46
:10D9D000480AF7EE080A80EE201AB0EE419A0320BA
:10D9E0000D490870DFED0D0A69EE200AB0EE600AFD
:10D9F000FBF7F2FFF7EE000A30EE200AF6EE000A1F
:10DA000020EE200AC8E700BFBFEE000AC4E700000E
:10DA1000F8060020FC060020E8060020DB0F494045
:10DA20000020054908709FED050A054880ED000AB1
:10DA300000200449C8727047E8060020000000007A
:10DA400008070020AC49012010B52DED048B454896
:10DA50000078012832D19FED440AB0EE408A0024BC
:10DA600022E0424800EB8400D0ED000A404800EB81
:10DA7000840090ED001ADFED3F1A21EE211A3E4896
:10DA8000D0ED001A41EE210AB0EE600AFDF700FB6E
:10DA90003A4800EB840090ED001AF0EE480A41EE9F
:10DAA000000AB0EE608A641C142CDADB3448D0ED36
:10DAB000000A88EE200ABDEC048B10BD2E4890EDC4
:10DAC000000AF7EE080A30EE600A2E48D0ED000A90
:10DAD0009FED2D1AF4EEC10AF1EE10FA02DDD0ED41
:10DAE000000A01E0DFED280A80EE208AB5EEC08A48
:10DAF000F1EE10FA03D29FED1C0AB0EE408AB7EEA9
:10DB0000000AB4EEC08AF1EE10FA03DDB7EE000AA7
:10DB1000B0EE408A1D4890ED000A1D48D0ED000A85
:10DB200080EE201AB0EE419AF0EE480AB0EE490AB3
:10DB3000FCF716FF1648D0ED000A60EE208A9FED34
:10DB40000D0A68EE800A134890ED000A9FED121A44
:10DB500000EE810A80ED000A90ED000AFDF798FAC8
:10DB6000A9E70000EA060020000000008C4C01201C
:10DB70003C4C0120DB0FC940FC060020DC4C01209E
:10DB800018070020F80600206F12833AF0060020E4
:10DB9000EC060020040700200AD7A33B00B587B09D
:10DBA000304890ED180A8DED000A90ED190A8DEDC0
:10DBB000010A90ED1A0A8DED020A9DF800008DF819
:10DBC0000C009DF801008DF80D009DF802008DF805
:10DBD0000E009DF803008DF80F009DF804008DF8ED
:10DBE00010009DF805008DF811009DF806008DF8D5
:10DBF00012009DF807008DF813009DF808008DF8BD
:10DC000014009DF809008DF815009DF80A008DF8A4
:10DC100016009DF80B008DF8170000208DF81800F5
:10DC20008DF8190080208DF81A007F208DF81B00D8
:10DC300000BF0D48F4F716FC0028FAD10B490A483A
:10DC4000F4F734FB00210848F4F74AFB03A806491F
:10DC5000583948661020C86501210348F4F740FB95
:10DC600007B000BD54020020586002400080001838
:10DC700001460A69D1E901309860D1E90103586091
:10DC80005068884201D1886850600020086110689F
:10DC9000401E10601068704700F1080141604FF0AD
:10DCA000FF31816000F10801C16001610021016064
:10DCB000704700210161704710B502460B685C1C7B
:10DCC0000CB9106907E002F1080000E04068446800
:10DCD00024689C42FAD944684C604C68A160886012
:10DCE00041600A611468641C146010BD42684A6097
:10DCF00093688B60936859609160086103685B1C4E
:10DD00000360704710B500BF502080F31188BFF347
:10DD10004F8FBFF36F8F00BF0B480068401C0A494C
:10DD200008600846006801280DD108480068C0B2A4
:10DD300008B9012000E0002028B940F2B91204A17E
:10DD40000EA0F2F717FB10BD2808002004ED00E03C
:10DD50002E2E5C4672656552544F535C706F727420
:10DD600061626C655C525644535C41524D5F434D59
:10DD700034465C706F72742E630000004572726FDF
:10DD8000723A25732C25640D0A00000010B50B486B
:10DD9000006828B94FF4E07209A114A0F2F7EAFA7A
:10DDA00006480068401E054908600846006820B91A
:10DDB000002080F3118800BF00BF10BD280800209C
:10DDC0002E2E5C4672656552544F535C706F7274B0
:10DDD00061626C655C525644535C41524D5F434DE9
:10DDE00034465C706F72742E630000004572726F6F
:10DDF000723A25732C25640D0A00000070B50646A2
:10DE00003546002E35D0083D2C461A496068096811
:10DE1000084008B1012000E0002028B94FF4A072AA
:10DE200015A11FA0F2F7A6FA206808B9012000E0AA
:10DE3000002028B940F241120FA119A0F2F79AFA76
:10DE40000C4960680968084098B1206888B9094998
:10DE5000606809688843606000F028FB14496068C6
:10DE600009680844124908602046FEF709FD01F0E0
:10DE700037F970BD480800202E2E5C467265655249
:10DE8000544F535C706F727461626C655C4D656D6C
:10DE90004D616E675C686561705F342E63000000E1
:10DEA0004572726F723A25732C25640D0A000000CA
:10DEB00040080020064800684FF47A71B0FBF1F08A
:10DEC000401E4FF0E02148610720086170470000C4
:10DED000C407002070B5F2F727FA0546102D11D3BC
:10DEE00005F1E02090F8F04310480078844201DB0F
:10DEF000012000E0002028B94FF440720CA117A0C7
:10DF0000F2F738FA1948006800F4E0601849096827
:10DF1000884201D8012000E0002028B94FF4447263
:10DF200003A10EA0F2F726FA70BD00002C08002015
:10DF30002E2E5C4672656552544F535C706F72743E
:10DF400061626C655C525644535C41524D5F434D77
:10DF500034465C706F72742E630000004572726FFD
:10DF6000723A25732C25640D0A0000000CED00E0C8
:10DF700030080020024600200BE0084B53F83030F8
:10DF800033B9064B43F8301003EBC0035A6002E08C
:10DF9000401C0828F1D300BF70470000AC5201209C
:10DFA0002DE9F04105460E4617462C46FFF7AAFE1E
:10DFB00094F94400401C10B9002084F8440094F9FE
:10DFC0004500401C10B9002084F84500FFF7DEFE34
:10DFD000A06B28B93A46314604F1240000F064F9F8
:10DFE0002046FEF7FEFEBDE8F081000070B5044655
:10DFF0000025ACB10F48006808B9012000E00020FE
:10E0000028B940F2CF420CA110A0F2F7B3F900F00A
:10E010004DFA00212046FEF7B1F901F061F80546FE
:10E020003DB94FF080500D490860BFF34F8FBFF3EB
:10E030006F8F70BD100800202E2E5C4672656552F1
:10E04000544F535C7461736B732E63004572726F2F
:10E05000723A25732C25640D0A00000004ED00E0DF
:10E060002DE9F04704460F464FF000092CB940F265
:10E07000794226A12AA0F2F77DF90FB1012000E034
:10E08000002028B940F27A4220A125A0F2F772F9C7
:10E090002748006808B9012000E0002028B940F2B4
:10E0A0007B421AA11EA0F2F765F900F0FFF92148A2
:10E0B00006682068C5192068B04207D92068A842C0
:10E0C0000BD9B54209D94FF0010906E02068A842F2
:10E0D00001D8B54201D94FF001092560B9F1000F0F
:10E0E00003D0A81B0021FEF749F900F0F9FF804694
:10E0F000B8F1000F07D14FF080500F490860BFF30F
:10E100004F8FBFF36F8FBDE8F08700002E2E5C4667
:10E1100072656552544F535C7461736B732E630068
:10E120004572726F723A25732C25640D0A00000047
:10E1300010080020EC07002004ED00E070B5054653
:10E14000FFF7E0FD15B92D48006800E028460446B9
:10E15000201DFFF78DFD78B9E06A00EB80002849AB
:10E1600051F8200040B994F82C100120884025492E
:10E170000968814323480160A06A18B104F11800BE
:10E18000FFF776FD20480068401C1F4908601B48C7
:10E190000068844209D1211D1C48FFF7A7FD1C48D7
:10E1A0000068401C1A49086009E01A480068401ECF
:10E1B000184908602046FEF740FAFEF73DFDFFF7DC
:10E1C000E5FD15480068C0B10C480068844214D1D0
:10E1D0001248006808B9012000E0002028B940F288
:10E1E00065420FA113A0F2F7C5F84FF08050154912
:10E1F0000860BFF34F8FBFF36F8F70BDD80700204B
:10E20000EC520120F007002004080020A85501204E
:10E21000E4070020E8070020F40700201008002091
:10E220002E2E5C4672656552544F535C7461736B5D
:10E23000732E63004572726F723A25732C25640D3C
:10E240000A00000004ED00E0012001490860704769
:10E25000FC07002070B504460D462CB940F6063286
:10E2600007A10CA0F2F786F80E4801681831204685
:10E27000FFF722FD01212846FEF780F870BD00005F
:10E280002E2E5C4672656552544F535C7461736BFD
:10E29000732E63004572726F723A25732C25640DDC
:10E2A0000A000000D807002070B505460E46144647
:10E2B0002DB940F6313209A10DA0F2F75BF81048F4
:10E2C000016818312846FFF711FD0CB14FF0FF36F9
:10E2D00021463046FEF752F870BD00002E2E5C46F7
:10E2E00072656552544F535C7461736B732E630097
:10E2F0004572726F723A25732C25640D0A00000076
:10E30000D807002070B505462C46002D4BD0264975
:10E31000E06A0968C96A884245D2A06900F00040F5
:10E3200028B921480068C06AC0F12000A061E16AF4
:10E3300001EB81011D4A02EB81016069884201D134
:10E34000012000E0002050B3201DFFF791FC78B9B8
:10E35000E06A00EB8000154951F8200040B994F8BC
:10E360002C1001208840124909688143104801603F
:10E370000D480068C06AE06294F82C1001208840C3
:10E380000B49096808430A490860E16A01EB810109
:10E39000064A02EB8100211DFFF7A8FC03E00248BA
:10E3A0000068C06AE06270BDD8070020EC5201200E
:10E3B000F007002010B504462CB940F6C13205A183
:10E3C00009A0F1F7D7FF0C48006820600B480068EF
:10E3D000606010BD2E2E5C4672656552544F535CD2
:10E3E0007461736B732E63004572726F723A25739A
:10E3F0002C25640D0A00000000080020EC07002016
:10E400001CB51A4800210B468222CDE9001018A144
:10E41000194800F09FFC0446012C02D100F0F0FEE8
:10E420000446012C15D100BF502080F31188BFF3A2
:10E430004F8FBFF36F8F00BF4FF0FF300F49086061
:10E4400001200F49086000200E49086000F08AF89A
:10E450000BE0601C08B1012000E0002028B940F268
:10E46000847209A10DA0F1F785FF1CBD0C080020E6
:10E4700049444C4500000000F1C60008080800208F
:10E48000F4070020EC0700202E2E5C4672656552D2
:10E49000544F535C7461736B732E63004572726FDB
:10E4A000723A25732C25640D0A00000002480068AA
:10E4B000401C0149086070471008002010B51B4837
:10E4C000006818B101201A4908602DE000201849A1
:10E4D000086018480068B0FA80F0C0F11F0404EB2F
:10E4E0008400154951F8200008B1012000E0002007
:10E4F00028B940F6F62211A115A0F1F73BFF04EB75
:10E5000084010D4A02EB810041684968416000F1D5
:10E51000080142688A4202D1416849684160416805
:10E52000C9680F4A116000BF10BD0000100800202C
:10E53000FC070020F0070020EC5201202E2E5C4644
:10E5400072656552544F535C7461736B732E630034
:10E550004572726F723A25732C25640D0A00000013
:10E56000D80700201CB5404800684049884201D0C7
:10E57000012000E0002028B940F259123CA147A038
:10E58000F1F7F8FE384800683849491E884201D042
:10E59000012000E0002028B94FF4AD7234A13FA063
:10E5A000F1F7E8FE414C204600780190FF2021461B
:10E5B00008700846007800909DF8000000F0F00018
:10E5C0009DF80010884201D1012000E0002028B908
:10E5D00040F2731226A131A0F1F7CCFE9DF80000A5
:10E5E00000F050003249087007203249086009E005
:10E5F00030480068401E2F4908609DF80000400622
:10E60000000E00909DF8000000F080008028EFD000
:10E61000284800680002274908600846008800F47E
:10E62000E06008602149019808700F4820300068B8
:10E6300040F470000C49203108600846006840F042
:10E6400070400860FFF736FC00201B490860F1F7B6
:10E6500033FE1A48006840F0404018490860F1F75E
:10E660001BFE00201CBD000000ED00E071C20F4148
:10E670002E2E5C4672656552544F535C706F7274F7
:10E6800061626C655C525644535C41524D5F434D30
:10E6900034465C706F72742E630000004572726FB6
:10E6A000723A25732C25640D0A00000000E400E096
:10E6B0002C080020300800202808002034EF00E05B
:10E6C00010B500BF502080F31188BFF34F8FBFF308
:10E6D0006F8F00BF00F08EFB18B14FF080500449DF
:10E6E000086000BF002080F3118800BF10BD00004B
:10E6F00004ED00E02DE9F84305460E4690460DB1C5
:10E70000012000E0002028B94FF4C4720DA112A02E
:10E71000F1F730FE0EB9002701E005FB06F707F11F
:10E720005400FEF7A7FB044644B104F154094346E4
:10E730004A46314628460094FDF7EEFF2046BDE8E4
:10E74000F88300002E2E5C4672656552544F535C70
:10E7500071756575652E63004572726F723A257327
:10E760002C25640D0A0000002DE9FF4782B0054604
:10E770000E461F464FF0000A2C462CB940F2DC42F0
:10E7800061A166A0F1F7F6FD0EB9206C08B9012071
:10E7900000E0002028B940F2DD425BA15FA0F1F764
:10E7A000E9FD00F007FB08B9049808B9012000E072
:10E7B000002028B94FF49C6253A158A0F1F7DAFD6C
:10E7C00000BFFFF79FFAD4F83890B9F1000F3DD0A1
:10E7D000D4F80C8031462046FDF7DCFEDFB9A9F104
:10E7E0000100A063206810B9FEF7EEFB60602069AD
:10E7F00008B9012000E0002010BB04F1100000F077
:10E8000015FCE8B14FF0805048490860BFF34F8FC6
:10E81000BFF36F8F14E0C4F80C80606A08B9012060
:10E8200000E0002060B904F1240000F0FFFB38B1E3
:10E830004FF080503D490860BFF34F8FBFF36F8F9B
:10E84000FFF7A4FA012006B0BDE8F087049818B9D4
:10E85000FFF79CFA0020F6E7BAF1000F04D16846F2
:10E86000FFF7A8FD4FF0010AFFF790FAFFF71EFE31
:10E87000FFF748FA94F94400401C10B9002084F8CE
:10E88000440094F94500401C10B9002084F845006C
:10E89000FFF77CFA04A9684600F00CFA40BB20465A
:10E8A000FEF74EF8F0B1206830B9FFF72BFA606838
:10E8B000FFF728FDFFF76AFA04F124000499FFF737
:10E8C000C9FC2046FEF78DFA00F00AFC00287FF410
:10E8D00078AF4FF0805015490860BFF34F8FBFF3FA
:10E8E0006F8F6EE72046FEF77CFA00F0F9FB68E7D1
:10E8F0002046FEF776FA00F0F3FB2046FEF720F8FC
:10E900000028EED000209EE72E2E5C4672656552F0
:10E91000544F535C71756575652E63004572726F57
:10E92000723A25732C25640D0A00000004ED00E006
:10E9300070B505460E462C462CB940F21B121EA19E
:10E9400022A0F1F717FDFFF7DDF9D4E90F122068D7
:10E9500001FB020060600020A0632068A060E06B03
:10E96000401E226C216800FB0210E060FF2084F84A
:10E97000440084F845009EB9206908B9012000E0F0
:10E980000020A8B904F1100000F050FB80B14FF056
:10E99000805012490860BFF34F8FBFF36F8F07E0BD
:10E9A00004F11000FFF778F904F12400FFF774F97F
:10E9B000FFF7ECF9012070BD2E2E5C4672656552A2
:10E9C000544F535C71756575652E63004572726FA7
:10E9D000723A25732C25640D0A00000004ED00E056
:10E9E0002DE9FF4383B0064688461D464FF00009D7
:10E9F00034462CB940F2D92260A165A0F1F7BAFCE7
:10EA0000B8F1000F01D1206C08B9012000E000200E
:10EA100028B940F2DA2259A15DA0F1F7ABFC022D32
:10EA200002D1E06B012801D1012000E0002028B9CB
:10EA300040F2DB2251A156A0F1F79CFC00F0BAF99C
:10EA400008B9059808B9012000E0002028B940F273
:10EA5000DE224AA14EA0F1F78DFC00BFFFF752F96C
:10EA6000A06BE16B884201D3022D38D12A46414682
:10EA70002046FDF7A4FD0746A06C68B12946204654
:10EA8000FDF77AFF28B34FF0805045490860BFF387
:10EA90004F8FBFF36F8F1CE0606A08B9012000E060
:10EAA000002068B904F1240000F0C0FA88B14FF0EA
:10EAB00080503B490860BFF34F8FBFF36F8F08E072
:10EAC0003FB14FF0805036490860BFF34F8FBFF31E
:10EAD0006F8FFFF75BF9012007B0BDE8F083059861
:10EAE00018B9FFF753F90020F6E7B9F1000F04D188
:10EAF00001A8FFF75FFC4FF00109FFF747F9FFF7A7
:10EB0000D5FCFFF7FFF894F94400401C10B9002031
:10EB100084F8440094F94500401C10B9002084F8A2
:10EB20004500FFF733F905A901A800F0C3F8F0B9D3
:10EB30002046FDF712FFA0B104F110000599FFF780
:10EB400089FB2046FEF74DF900F0CAFA002885D16E
:10EB50004FF0805012490860BFF34F8FBFF36F8FA3
:10EB60007CE72046FEF73DF900F0BAFA76E720464A
:10EB7000FEF737F900F0B4FA0020ADE72E2E5C4620
:10EB800072656552544F535C71756575652E6300EF
:10EB90004572726F723A25732C25640D0A000000CD
:10EBA00004ED00E02DE9F05F80468A4615461E46DA
:10EBB00044462CB940F29F3235A13AA0F1F7DAFB76
:10EBC000BAF1000F01D1206C08B9012000E000204B
:10EBD00028B94FF468722EA132A0F1F7CBFB022EB8
:10EBE00002D1E06B012801D1012000E0002028B90A
:10EBF00040F2A13226A12BA0F1F7BCFBFFF76AF986
:10EC000000BF5021EFF3118081F31188BFF34F8FC4
:10EC1000BFF36F8F00BF0746A06BE16B884201D343
:10EC2000022E2BD194F945B0324651462046FDF7CD
:10EC3000C6FC0BF10100C8B9A06C40B131462046BA
:10EC4000FDF79AFEB8B1B5B10120286013E0606A03
:10EC500008B9012000E0002068B904F1240000F0A8
:10EC6000E5F940B13DB10120286004E00BF101005D
:10EC700040B284F845004FF0010901E04FF000096F
:10EC800000BF87F3118800BF4846BDE8F09F000031
:10EC90002E2E5C4672656552544F535C71756575D6
:10ECA000652E63004572726F723A25732C25640DD0
:10ECB0000A0000002DE9F04104460D462CB940F64B
:10ECC000CB3219A11DA0F1F755FB2DB940F6CC327E
:10ECD00015A11AA0F1F74EFBFFF714F81B480768BF
:10ECE0002868401C08B9002619E0194920680968FD
:10ECF000884204D06068B84201D801260FE06068FD
:10ED0000381A2968884209D228686168791A401A35
:10ED100028602046FFF74EFB002600E00126FFF7A3
:10ED200035F83046BDE8F0812E2E5C46726565529E
:10ED3000544F535C7461736B732E63004572726F32
:10ED4000723A25732C25640D0A000000EC070020A0
:10ED5000000800202DE9FF4F85B080468946174600
:10ED6000DDE912ABB800FEF785F8064656B15C2027
:10ED7000FEF780F804460CB1266304E03046FFF746
:10ED80003DF800E000247CB10020CDE900ABCDE9E6
:10ED900002403A4649464046089BFDF7D5FC2046CE
:10EDA000FDF738FB012501E04FF0FF35284609B09B
:10EDB000BDE8F08F0549096809B9012005E004495B
:10EDC000096809B9022000E000207047F40700201C
:10EDD000100800200149086870470000EC07002077
:10EDE00070B5FFF777F8002501480468204670BD2C
:10EDF000EC0700202DE9F0414FF000084148006881
:10EE0000002872D140480068451C3F480560EDB9B4
:10EE10003E480068006808B9012000E0002028B9D9
:10EE200040F6D9123AA13FA0F1F7A4FA3748076893
:10EE300040480068354908603E4807603E48006821
:10EE4000401C3D490860FDF7F7FE00BF3B480068E5
:10EE500085423CD300BF2D480068006808B90120F6
:10EE600000E0002020B14FF0FF30344908602DE071
:10EE700026480068C068C4686668B54202D22F4858
:10EE8000066023E0201DFEF7F3FEA06A18B104F12E
:10EE90001800FEF7EDFE94F82C1001208840284958
:10EEA0000968084326490860E16A01EB8101254AA7
:10EEB00002EB8100211DFEF719FF2349E06A096872
:10EEC000C96A8842C7D34FF00108C4E700BF1E4893
:10EED0000068C06A00EB80001A4951F82000012840
:10EEE00001D94FF0010805E0FFE718480068401C11
:10EEF000164908601648006808B14FF001084046FE
:10EF0000BDE8F08110080020EC070020DC0700209D
:10EF10002E2E5C4672656552544F535C7461736B60
:10EF2000732E63004572726F723A25732C25640D3F
:10EF30000A000000E0070020000800200808002068
:10EF4000F0070020EC520120D8070020F80700202D
:10EF5000FC07002070B505462C460026002D4BD03E
:10EF600026480068844201D1012000E0002028B931
:10EF700040F6C76222A127A0F1F7FCF9206D28B95D
:10EF800040F6C9621EA123A0F1F7F4F9206D401EDE
:10EF90002065E16CE06A88422ED0206D60BB201DA8
:10EFA000FEF766FE78B9E06A00EB80001D4951F873
:10EFB000200040B994F82C10012088401A490968B3
:10EFC000814319480160E06CE062E06AC0F1200012
:10EFD000A06194F82C100120884013490968084367
:10EFE00011490860E16A01EB81010E4A02EB8100E0
:10EFF000211DFEF77BFE0126304670BDD80700209C
:10F000002E2E5C4672656552544F535C7461736B6F
:10F01000732E63004572726F723A25732C25640D4E
:10F020000A000000EC520120F007002070B50646EF
:10F03000F068C4682CB940F661321AA11EA0F1F73D
:10F0400099F904F11800FEF713FE1F480068A8B9EB
:10F05000201DFEF70DFE94F82C10012088401B495E
:10F060000968084319490860E16A01EB8101184AFF
:10F0700002EB8100211DFEF739FE04E004F11801C6
:10F080001448FEF733FE1449E06A0968C96A8842E9
:10F0900004D9012501201149086000E00025284617
:10F0A00070BD00002E2E5C4672656552544F535C55
:10F0B0007461736B732E63004572726F723A2573BD
:10F0C0002C25640D0A00000010080020F007002025
:10F0D000EC52012094550120D8070020FC070020A5
:10F0E00070B5002400263448006828B94FF4FD624A
:10F0F00032A137A0F1F73EF9FEF704FE2E48006872
:10F10000401E2D4908600846006800284FD1344849
:10F11000006800284BD024E03248C068C46804F17D
:10F120001800FEF7A5FD201DFEF7A2FD94F82C1097
:10F13000012088402C49096808432B490860E16A8E
:10F1400001EB8101294A02EB8100211DFEF7CEFD72
:10F150002749E06A0968C96A884202D30120254923
:10F1600008602048006808B9012000E0002000285D
:10F17000D2D00CB1FDF760FD1F48056865B100BF36
:10F18000FFF738FE10B101201A4908606D1E002DEE
:10F19000F6D10020184908601648006838B10126E9
:10F1A000300716490860BFF34F8FBFF36F8FFEF72C
:10F1B000EDFD304670BD0000100800202E2E5C468C
:10F1C00072656552544F535C7461736B732E6300A8
:10F1D0004572726F723A25732C25640D0A00000087
:10F1E000E807002094550120F0070020EC52012090
:10F1F000D8070020FC070020F807002004ED00E0FD
:10F200001CB50024FDF762F90B48006858B10B48A3
:10F210001F2100234FF48272CDE9001008A10A4893
:10F22000FFF798FD04462CB940F2331207A10DA058
:10F23000F1F7A0F820461CBD1C0800202008002083
:10F24000546D722053766300C9CD00082E2E5C46A3
:10F2500072656552544F535C74696D6572732E63A9
:10F26000000000004572726F723A25732C25640D00
:10F270000A0000002DE9FF4704460D4616461F46CA
:10F28000DDF830804FF000092CB94FF4D37217A18C
:10F290001CA0F1F76FF81F48006810B300950196A5
:10F2A0000294062D15DAFFF785FD022808D1002308
:10F2B0004246694617480068FFF792FB814610E016
:10F2C00000231A46694613480068FFF789FB814608
:10F2D00007E000233A4669460E480068FFF762FCE3
:10F2E0008146484604B0BDE8F08700002E2E5C46FB
:10F2F00072656552544F535C74696D6572732E6309
:10F30000000000004572726F723A25732C25640D5F
:10F310000A0000001C08002081F00041704780F0C6
:10F320000040704721F00041704720F000407047D6
:10F3300021F00042A2F16052B2F5801F01F00043BB
:10F3400028BFD2F17F6C0BD95FEA001C43EAC202EE
:10F3500042EB507018BF704728BF20F00100704783
:10F36000B2F5801FBCBF184670474FEA410C1CF530
:10F37000001F02D2084600F051BE70B500F08CFBB1
:10F3800000000089FFF7F6BF4FF00040A0F58000B5
:10F390007047000010B591EA030F48BF83F00043A7
:10F3A00000F1E484841A71EB030C05D2121943EBCB
:10F3B0000C03001B61EB0C01DFF824E14FEA115450
:10F3C000A4EB135C1EEA430F18BF9EEA445F73D0A0
:10F3D00023EA0E03DCF1200E21EA045143F48013EA
:10F3E00032D322FA0CFE10EB0E0023FA0CFE41EB96
:10F3F0000E01CCF1200E03FA0EFE10EB0E0051F1BF
:10F400000001B1F5801FCCF1200E32D201EB045186
:10F4100012FA0EF2BDE8104058BF7047401C38BFCA
:10F420005FEA420218BF7047002814BF20F00100B5
:10F4300041F100014FEA410313F5001F38BF704747
:10F44000A1F1C04100F076BB012A43EB0302ACF10D
:10F45000200CDCF11F0E32BF4FF0000E23FA0CF32C
:10F4600010EB030041EB0451B4EB115FD0D0A1EBE2
:10F47000045101F5801149085FEA300001EB0451A5
:10F480000ED350F1000038BF12FA0EFE08D1BDE8CD
:10F490001040C9E7401C38BF5FEA4202CAD1C3E747
:10F4A000BDE810404FEA410313F5001F38BF704715
:10F4B000A1F1C04100F03EBB9EEA445F08D011EAD2
:10F4C0005E0FBDE8104004BF01F00041002070470E
:10F4D000BDE8104070B500F0DFFA00BF64FBBE3E2F
:10F4E0000000E0FF02494FF0000000F09CBD00BFAB
:10F4F0000000F87F491058BFC1F140415B1058BF70
:10F50000C3F140438B42EFF3008070472DE9C041C7
:10F5100030B4DFF8A0C23CEA111418BF3CEA13145F
:10F5200000F0EC8081EA03051CEA111444EAD5746A
:10F5300018BF1CEA131500F0C780A4EB05044FF0B8
:10F54000004545EAC12145EAC32341EA505143EA57
:10F55000525304F17F74994204F500344FEAC020FD
:10F560004FEAC22208BF904200F09C804FEA136528
:10F570000FF24016765D4FEA134506FB05F7C7F11B
:10F58000807706FB07F74FEAD737A7FB0368764279
:10F59000C8F58038A7FB06CE38BFA8F1010807FBE5
:10F5A00008E64FF0000EA6FB028CE6FB03CEDCF172
:10F5B000000CCEF1004E38BFAEF1010EA6FB0C5888
:10F5C0004FF000074FF00005E6FB0E87A1FB08C6D1
:10F5D000A0FB07CE16EB0E0645F10005E1FB076523
:10F5E00015F1E04E7EBFA4F580345FEA46066D411A
:10F5F00016F1800745F100054FEA17274FEA066626
:10F6000047EA0567A6F1DE46B6F1805F4FEA1525A9
:10F610001FD9384624F0010C05EBC471BCF1FE6F14
:10F6200001EB0C1102D8F0BCBDE8008124425CBFA4
:10F6300001F5801E9EEAC47F02D4F0BCBDE80081C3
:10F64000244238D4F0BCA1F1C041BDE8004100F033
:10F6500071BA4FEAD22242EA43524FEAD323A7FBC0
:10F6600002864FEAD02040EA415007FB03661EEABB
:10F670000E0F4FEAD12105FB026658BFA6EB0056DC
:10F68000B6EB00564FEA520E4EEAC37E18EB0E0E52
:10F6900056EB530EBDD518EB02085E417F1C55F1A9
:10F6A0000005B6E74FF480154FF000074FF0000655
:10F6B0004FF00008ADE7F0BC4FF0000001F1C04191
:10F6C00001F00041BDE8008111EA0C1F0CEA13159E
:10F6D00000D00CE013EA0C1F00F025804FF0000072
:10F6E000F0BC81EA030101F00041BDE80081F0BCFB
:10F6F000BDE8004181EA030100F01CBAF0BCBDE89E
:10F70000004170B500F0C8F9097EFC3E00F007B872
:10F7100081EA03014FF0000001F00041704781EAE7
:10F72000030100F007BAF0BCBDE800414FF0000053
:10F7300021497047FFFDFBF9F7F5F4F2F0EEEDEB30
:10F74000E9E8E6E4E3E1E0DEDDDBDAD8D7D5D4D3DF
:10F75000D1D0CFCDCCCBCAC8C7C6C5C4C2C1C0BF2B
:10F76000BEBDBCBBBAB9B8B7B6B5B4B3B2B1B0AF31
:10F77000AEADACABAAA9A8A8A7A6A5A4A3A3A2A115
:10F78000A09F9F9E9D9C9C9B9A99999897979695D0
:10F7900095949393929191908F8F8E8E8D8C8C8B6C
:10F7A0008B8A8989888887878685858484838382F4
:10F7B000828181800000FF070000F87F4FEA41034B
:10F7C0004FEA5353A3F58063D3F11E03C8BFD3F1AF
:10F7D000210C0CDD4FF0004242EAC12242EA5052B5
:10F7E00032FA03FC8CEAE17CACEBE1707047102B41
:10F7F000C4BF0020704703F5787CBCF1FF3F04D004
:10F800006FF0004282EA2100704770B500F044F9C1
:10F810004992248000207047F2E700004FEA11531C
:10F82000A3F58063D3F11E03A8BFD3F1200C08DB3E
:10F830004FF0004242EAC12252EA505232FA03F03B
:10F84000704709420BD4102BC4BF0020704703F54A
:10F85000787CBCF1FF3F05D04FF0FF3070474FF090
:10F860000000704770B500F017F900BF499224807E
:10F8700000207047F0E710F0004248BF4042B0FA65
:10F8800080F310FA03F10AD0C3F11D0303F580637E
:10F890004FEA415002EB035202EBD12170474FF087
:10F8A00000007047B0FA80F310FA03F10AD0C3F1F8
:10F8B0001D0303F580634FEA41504FEA035202EB08
:10F8C000D12170474FF000007047000051EA030C4F
:10F8D00017D41CF5801F58BFBCF5801F00F10680AF
:10F8E000994218BF704708BF9042704707D711F57B
:10F8F000801F58BF13F5801F19D499427047894261
:10F9000070471CF5801F08D5BCF5801FF7D58B42CA
:10F9100018BF704708BF824270474FF4001C1CEBB1
:10F92000410F38BF1CEB430F01D28B42704770B5BB
:10F9300000F0B2F8922449004FF000514FF080538C
:10F94000FFF7D8BDDFF848C170B51CEA111E1EBF15
:10F950001CEA13159EEA0C0F95EA0C0F00F06F805D
:10F9600081EA030423EA4C134EEAD47E21EA4C11C7
:10F9700041F4801143F48013AE44A1FB024CA0FB80
:10F980000365AEF17F7E361955EB0C05A1FB034CE8
:10F990004CF10003A0FB021C16EB0C06654153F171
:10F9A0000003094218BF46F0010613F4007F0BD193
:10F9B0004FEA03314FEA0530340341EA155140EA7A
:10F9C00016506FF003020AE04FEAC3214FEAC52048
:10F9D000F40241EA555140EA56506FF0020202EB40
:10F9E0002E4201EB025585EACE710AD05FEA440C43
:10F9F00018BF24F0004450F1000041F1000120EA5A
:10FA0000D47040F2FE7C624500D270BDA84214BFA3
:10FA10004FF080444FF04044002E08BF0024BEF158
:10FA2000806FA8BFA1F1C041BDE8704080F2828024
:10FA30004FF0000001F1C04101F0004170479EEA23
:10FA40000C0F0CEA131518BF95EA0C0F06D04FF0F7
:10FA5000000081EA030E0EF0004170BD00F01CF8BA
:10FA60008900013E00F007B800F009B84FEA430CE6
:10FA70005FEA5C5C08D081EA030100F05BB84FEA02
:10FA8000410C5FEA5C5CF6D14FF000000149704721
:10FA90000000FF070000F87F0EF1020E2EF0030EAB
:10FAA0005EF8046B364205D4012A43EB030515F5D5
:10FAB000001F12D8012841EB010C1CF5001F0CD8C7
:10FAC0000ED14FEAD17C15F5001F0CEB4C0C0CF15C
:10FAD000020C08BF4CEBD37C04E04FF0080C01E0B3
:10FAE0004FEAD37C0CEB4C0526FA05F606F0070628
:10FAF000B6F1040C06D20EEB860CBDE870404CF05B
:10FB0000010C6047DFE80CF0090B02024FF00041E6
:10FB10004FF00000A1F5002170BD194610460128E4
:10FB200051EB010418BFD4F5001484BF002001F08C
:10FB3000004170BD0808A0F500114FEA310170477F
:10FB400053EA010C17D41CF5801F58BFBCF5801F69
:10FB500000F106808B4218BF704708BF8242704791
:10FB600007D713F5801F58BF11F5801F19D48B429A
:10FB700070479B4270471CF5801F08D5BCF5801F5D
:10FB8000F7D5994218BF704708BF904270474FF4AD
:10FB9000001C1CEB430F38BF1CEB410F01D29942F4
:10FBA00070470FB40CBC03BCFFF7C1BE91EA030F52
:10FBB00010B581F000413FF5F5AB83F0004300F054
:10FBC000D5B800002DE9F04101F5801CBCF5001FFF
:10FBD000C0F2A9804FEA115C21EA0C510CF1FD0C36
:10FBE00041F480115FEA5C0C0CF5C07C01D340004D
:10FBF000494130A4890241EA905187028E0E0A0CD5
:10FC0000A45D04FB04F602FB06F6C6F14046A4FB25
:10FC10000662F60D46EA422606FB06F4A4FB012323
:10FC20005242C3F1404338BF5B1EA6FB0242002490
:10FC3000E6FB0324D20B42EA4446A6FB0623A1FBC3
:10FC400002E2A3FB07E4E3FB61426442C2F1404EDF
:10FC500038BFAEF1010EA6FB04234FF00002E6FB15
:10FC60000E32A2FB03463400E2FB6264A1FB06E60F
:10FC7000A4FB07E8E4FB61687642C8F1405838BF4E
:10FC8000A8F10108A2FB06E4A3FB08E5E2FB685427
:10FC9000A1FB05E6A7FB04E8E1FB648618F120055B
:10FCA00056F10006A809A8F11B08B10908F03F08A1
:10FCB000B8F10A0F40EA86601CD901EB0C51BDE88F
:10FCC000F08100BFFCF5EEE8E2DDD8D3CFCBC7C3AF
:10FCD000C0BDB9B6B4B1AEACA9A7A5A3A19F9D9B69
:10FCE0009A9896959392908F8D8C8B89888786852C
:10FCF00084838281A0FB006800FB01F208EB4208CC
:10FD0000B8EB872807D5341858EB0104D5D5401C2B
:10FD100051F10001D1E7341A78EB0104CDD4401E33
:10FD200071F10001C9E75FEA4C0C5FEA9C5C0DD100
:10FD300005D34FF0000001F00041BDE8F081BDE8BF
:10FD4000F04170B5FFF7A8FE6DDBFFBEBDE8F041E6
:10FD50004FF00000004970470000F87F10B591EAAD
:10FD6000030F48BF83F000433FF51CAB841A71EBCF
:10FD7000030C07D212198CF0004C43EB0C03001B50
:10FD800061EB0C01DFF8A4E14FEA1154A4EB135C22
:10FD90001EEA430F18BF9EEA445F00F0B08023EADA
:10FDA0006E03524221EA0451C3EB6E0338BF5B1E5F
:10FDB000DCF1200E25D322FA0CFE10EB0E0043FAE4
:10FDC0000CFE41EB0E01CCF1200E03FA0EFE10EBFF
:10FDD0000E0051F10001CCF1200E29D412FA0EF2DE
:10FDE00001EB0451BDE8104058BF7047401C1CBFD8
:10FDF000B2F1004F704700280CBF491C20F00100F1
:10FE0000704712EB020E43EB030218BF4FF0010ED6
:10FE10004EEA4202ACF1200CDCF11E0E54D943FA3A
:10FE20000CFE10EB0E0051F1FF31CCF11E0ED5D5BA
:10FE30000EF1010E12FA0EFE404141EB010101EB01
:10FE4000445C5FEA5C5C10D910EBDE7001EB04519E
:10FE500038BFBEF1004FBDE8104018BF7047002802
:10FE60000CBF491C20F00100704730D24FEAD42C5F
:10FE700011F5001124F400641BD0B1FA81F20B3AA1
:10FE8000A41AA41ED2F12003914030FA03F31943BF
:10FE9000904001EBCC71002C01EB0451BDE8104007
:10FEA000A8BF704701F1C0414FF0000001F00041D0
:10FEB0007047B0FA80F310FA03F100D110BDE41AD4
:10FEC000173C4805C90AE4E701EB045110BD49108D
:10FED00001EB0451BDE810404FEA300002E04FF062
:10FEE000000170474A0008BF0042F8D0B2F5001F79
:10FEF00028BF704701F000414FF0000070479EEAB4
:10FF0000445F07D011EA5E0FBDE8104004BF002136
:10FF100000207047BDE8104070B5FFF7BDFD00BF81
:10FF200040DFF63E83F00041104670470000E0FFDE
:10FF300043004FEAD30C4FEA3C0C43401FBF40073D
:10FF40000CF1605113F0FE4F70471CF0006F03D1AD
:10FF500000200CF0004170470CF0004343EA507061
:10FF600010B540EACC0000F00EF800BF000000928F
:10FF70004FEA0001FFF7DEBD4FF000414FF00000F7
:10FF8000A1F5002170470EF1020E2EF0030E5EF86F
:10FF9000044B244204D44FEA4102B2F17F4F11D8FE
:10FFA0004FEA4003B3F17F4F0CD80ED14FEAD07C1B
:10FFB000B2F17F4F0CEB4C0C0CF1020C08BF4CEB78
:10FFC000D17C04E04FF0080C01E04FEAD17C0CEB4F
:10FFD0004C0324FA03F404F00704B4F1040C06D231
:10FFE0000EEB840CBDE810404CF0010C6047DFE8DC
:10FFF0000CF0070802024FF00040A0F5800010BD91
:020000040801F1
:100000000846420018BFD2F1807288BF00F000405D
:1000100010BD4FF04070E1EE100A7047FF2141EA39
:10002000D050C00570470CF00F03092B08BF082003
:1000300000F059800A2B0BD0082B18BF704708BF5F
:100040001CF0400F0AD04FF000004FF00001704745
:100050001CF0400F18BF4FF0004070471CF0100F0D
:1000600008D020F0704300F07F4242EAD3014FEA0B
:100070004370704700F0604021F07F4242EA000286
:1000800001F07F4040EA727070474FF0FF0C4CF473
:10009000E06C1CEA11531CBF9CEA030C9445C2BFE0
:1000A000DA4201EB02517047002B0DD0BCF1000F7A
:1000B0000FD0002A01F00041A4BF41F0E04141F01F
:1000C0007F614FF00000704701F000414FF00000E9
:1000D000704750EA01334FF09B0C18BF4CF0806C16
:1000E0007FF400AA70471CF4801F11D01CF4E02F8D
:1000F00003D06FEACC31490070474FF04050EFF326
:10010000008222F0704242EA000282F300887047C7
:100110004FF00000704700000C4801207448012097
:10012000DC48012044490120F8020020400300205F
:1001300088030020D0030020180400206004002061
:10014000F00400203805002080050020A8040020CD
:10015000C8050020100600200000C03FCDCC4C3E5A
:10016000CDCC4C3DCDCC4C3DCDCCCC3DCDCCCC3D07
:100170000000803FCDCCCC3DCDCC4C3DCDCC4C3DDA
:10018000CDCCCC3DCDCCCC3D000000400000003FAC
:10019000CDCCCC3DCDCCCC3DCDCC4C3ECDCC4C3ED5
:1001A0009A99193ECDCC4C3D0AD7A33CCDCC4C3DC1
:1001B000CDCC4C3E9A99193E8FC2F53C0AD7233CD0
:1001C0000AD7A33B0AD7233C0AD7233D8FC2F53C6D
:1001D0000000803FCDCCCC3DCDCC4C3DCDCC4C3D7A
:1001E000CDCC4C3ECDCC4C3ECDCC4C3E0AD7A33CE6
:1001F0000AD7233C0AD7233C0AD7233D0AD7233DFD
:100200000000803F0030983F0000B53F0040D73FDE
:1002100000000000320A7E397F661E395B991F3963
:100220000000803FF037983FF304B53FFD44D73FCF
:10023000000000000000F03F000000000000F83F58
:1002400000000000000000000000004003B8E23F92
:10025000000000000000000006D0CF43EBFD4C3E44
:10026000033333333333E33FFFAB6FDBB66DDB3F39
:100270004D268F515555D53F01411DA96074D13F81
:1002800065DBC9934A86CD3FEF4E454A287ECA3F7B
:100290003E5555555555C53F93BDBE166CC166BFFD
:1002A0002CDE25AF6A56113FF16BD2C541BDBBBEF6
:1002B000D0A4BE726937663E000000000000000056
:1002C0000000B33FB2BE7D3A00002E40DFCF513870
:1002D00000007E40BF51FABA00E0A44019DAC3BA68
:1002E00000E0C840C2ED8AB90040EB40CD1F2CBAF7
:1002F000001006412AFFFABA00C01541DFCFD137FE
:1003000000D024419A97703A0050334189478E3685
:1003100000404141E75B9D3800B04E41C00A98B9AA
:1003200000A05B41558F943A00306841DA92C0BA20
:100330000040744162B3C63A0000803F00A0853F90
:1003400000908B3F00C0913F0030983F00F09E3FEF
:1003500000F0A53F0050AD3F0000B53F0000BD3F9D
:100360000060C53F0020CE3F0040D73F00C0E03FC7
:1003700000C0EA3F0020F53F000000007D36AC39A8
:100380007D3C3839EBDCF438320A7E39124C2639A0
:100390009B6AED39A4EE83397F661E39F6398A39B6
:1003A0002B426539A48211395B991F39C3EECD39CF
:1003B000DDE7C637A5A22F390000803FC3AA853FDD
:1003C000C2958B3FD3C3913FF037983F32F59E3FA4
:1003D000D7FEA53F3F58AD3FF304B53FA408BD3F4E
:1003E0002A67C53F8C24CE3FFD44D73FDFCCE03F9A
:1003F000C7C0EA3F7D25F53F4C5555555555A53F9E
:100400007751C1166CC156BF9015CB19A001FA3EA9
:10041000AD529C804F7E92BEC4B1B4BD9EEE213ED3
:10042000D43888BEE9FAA8BD000000000000000032
:1004300000004054FB21F93F3163621A61B4D03DA2
:100440000000601A61B4D03D7370032E8A19A33B7B
:100450000000002E8A19A33BC14920259A837B39CD
:1004600000000000000000006E83F9A22915444E30
:10047000D15727FCC0DD34F5999562DB4190433CB0
:10048000AB6351FE61C5BBDE3A6E24B7E0D24D428C
:10049000EA2E49061C92D1091CEB1DFE3EA729B18C
:1004A000F53582E88444BB2E26709CE9417E5FB41A
:1004B00039D69139F43953838B5F849C3B28F9BD3D
:1004C000FF97F81F0F9805DE8B112FEF1F6D0A5A4B
:1004D000CF7E366DB709CB27663F464F2DEA5F9E2C
:1004E000C7BA27757BF1E5EBF739073DEA92528AE7
:1004F000B15FFB6B085D8D1F000000006E83F9A2E9
:100500002915444ED15727FCC0DD34F5999562DB9F
:100510004190433CAB6351FEA6F810111111813F8D
:10052000D561C119A0012ABF7DFEB157E31DC73EA9
:10053000EB9C2B8AE6E55ABE7CD5CF5A3AD9E53DED
:1005400060050108000000204C080000C4010008FC
:10055000E40601084C0800200CA401002002000859
:100560000140036498084B803F0409131C4ABF04F0
:10057000093A5C2340411AF0041AA004C10F34C8A0
:10058000426F128339140B2AFA4314054C881388DE
:100590001309334EFC80BB44A0092614C921026B09
:1005A0003F1A3F8C0A383A80374040CDCCCC3D02D0
:1005B0001E414B484304411A202C2B7A443C0950DD
:1005C000482EC0400AD72348011F4BF0420411595E
:1005D0003C9A480C412AA0484A3C64011C1A968C5B
:1005E00029041AA0281AC844299009524811180948
:1005F000416F12833A0AD7A34C011C1A7A4429048A
:100600001A704429741AFA482954611D3333333F50
:1006100044061E3BCDCCCC3D280B803F6666663F32
:100620009A99993E04214BF04108819EC84352B8E3
:10063000DE10091ED829902904ABF0417C1CCDCCDA
:100640004C901A23D4AA80EC09194829CC1A48489E
:100650001A480C7AF0D8094648215A40400A1DC071
:10066000484B1644041AC844290429480A51204812
:100670006B803F51011E1A203C2904792C690451DA
:100680006C9A991948011F1AA0445A8C48FAA0483C
:10069000012A54803F0129D0011F124C180B404001
:1006A000600240CC4F01204C041280021280125094
:1006B0001B4010240F154C510120CC50245978496F
:1006C000044B704104691479D0212D010203040404
:1006D0004506070809847A030AA917014C1AAA01DA
:0406E00001200000F5
:040000050800018965
:00000001FF
